day,N_tot,N_male,N_female,N_kitten,N_young_juv,N_older_juv,N_adult,N_adult_female,N_pregnant,N_pseudo_pregnant,N_nursing,N_treated_male,N_treated_female,daily_capture_male,daily_capture_female,daily_active_units,daily_mating,daily_pregnancy,daily_pseudo_pregnancy,daily_litter,daily_early_death,daily_early_survived,daily_preventable_death,P_sv_baby,P_sv_adult_male,P_sv_adult_female,r_birth,r_death,rate_pregnancy,nonempty_units,daily_births,daily_deaths
1,49,24,25,9,10,16,14,11,0,0,0,0,0,0,0,0,0,0,0,0,1,0,1,0.95,1.0,1.0,0.0,0.0,0.0,5,0,1
2,48,23,25,9,9,15,15,11,0,0,0,0,0,0,0,0,0,0,0,0,1,0,1,0.9473684210526316,1.0,1.0,0.0,0.0,0.0,5,0,1
3,47,22,25,9,9,15,14,11,0,0,0,0,0,0,0,0,0,0,0,0,0,0,0,1.0,0.75,1.0,0.0,0.0,0.0,5,0,1
4,47,22,25,9,9,15,14,11,0,0,0,0,0,0,0,0,0,0,0,0,0,0,0,1.0,1.0,1.0,0.0,0.0,0.0,5,0,0
5,47,22,25,9,9,15,14,11,0,0,0,0,0,0,0,0,0,0,0,0,0,0,0,1.0,1.0,1.0,0.0,0.0,0.0,5,0,0
6,47,22,25,9,9,15,14,11,0,0,0,0,0,0,0,0,0,0,0,0,0,0,0,1.0,1.0,1.0,0.0,0.0,0.0,5,0,0
7,47,22,25,9,9,14,15,11,0,0,0,0,0,0,0,0,0,0,0,0,0,0,0,1.0,1.0,1.0,0.0,0.0,0.0,5,0,0
8,47,22,25,9,9,14,15,11,0,0,0,0,0,0,0,0,0,0,0,0,0,0,0,1.0,1.0,1.0,0.0,0.0,0.0,5,0,0
9,47,22,25,9,9,14,15,11,0,0,0,0,0,0,0,0,0,0,0,0,0,0,0,1.0,1.0,1.0,0.0,0.0,0.0,5,0,0
10,47,22,25,9,9,14,15,11,0,0,0,0,0,0,0,0,0,0,0,0,0,0,0,1.0,1.0,1.0,0.0,0.0,0.0,5,0,0
11,47,22,25,9,9,14,15,11,0,0,0,0,0,0,0,0,0,0,0,0,0,0,0,1.0,1.0,1.0,0.0,0.0,0.0,5,0,0
12,47,22,25,8,10,14,15,11,0,0,0,0,0,0,0,0,0,0,0,0,0,0,0,1.0,1.0,1.0,0.0,0.0,0.0,5,0,0
13,46,21,25,6,11,14,15,11,0,0,0,0,0,0,0,0,0,0,0,0,1,0,1,0.9444444444444444,1.0,1.0,0.0,0.0,0.0,5,0,1
14,46,21,25,6,11,14,15,11,0,0,0,0,0,0,0,0,0,0,0,0,0,0,0,1.0,1.0,1.0,0.0,0.0,0.0,5,0,0
15,45,20,25,6,10,14,15,11,0,0,0,0,0,0,0,0,0,0,0,0,1,0,1,0.9411764705882353,1.0,1.0,0.0,0.0,0.0,5,0,1
16,45,20,25,6,10,14,15,11,0,0,0,0,0,0,0,0,0,0,0,0,0,0,0,1.0,1.0,1.0,0.0,0.0,0.0,5,0,0
17,45,20,25,5,11,14,15,11,0,0,0,0,0,0,0,0,0,0,0,0,0,0,0,1.0,1.0,1.0,0.0,0.0,0.0,5,0,0
18,45,20,25,5,11,14,15,11,0,0,0,0,0,0,0,0,0,0,0,0,0,0,0,1.0,1.0,1.0,0.0,0.0,0.0,5,0,0
19,45,20,25,5,11,14,15,11,0,0,0,0,0,0,0,0,0,0,0,0,0,0,0,1.0,1.0,1.0,0.0,0.0,0.0,5,0,0
20,45,20,25,5,11,14,15,11,0,0,0,0,0,0,0,0,0,0,0,0,0,0,0,1.0,1.0,1.0,0.0,0.0,0.0,5,0,0
21,45,20,25,5,11,14,15,11,0,0,0,0,0,0,0,0,0,0,0,0,0,0,0,1.0,1.0,1.0,0.0,0.0,0.0,5,0,0
22,45,20,25,5,11,13,16,11,0,0,0,0,0,0,0,0,0,0,0,0,0,0,0,1.0,1.0,1.0,0.0,0.0,0.0,5,0,0
23,45,20,25,5,11,13,16,11,0,0,0,0,0,0,0,0,0,0,0,0,0,0,0,1.0,1.0,1.0,0.0,0.0,0.0,5,0,0
24,45,20,25,5,11,13,16,11,0,0,0,0,0,0,0,0,0,0,0,0,0,0,0,1.0,1.0,1.0,0.0,0.0,0.0,5,0,0
25,45,20,25,4,12,12,17,11,0,0,0,0,0,0,0,0,0,0,0,0,0,0,0,1.0,1.0,1.0,0.0,0.0,0.0,5,0,0
26,44,20,24,4,12,12,16,10,0,0,0,0,0,0,0,0,0,0,0,0,0,0,0,1.0,1.0,0.9090909090909091,0.0,0.0,0.0,5,0,1
27,44,20,24,4,12,12,16,10,0,0,0,0,0,0,0,0,0,0,0,0,0,0,0,1.0,1.0,1.0,0.0,0.0,0.0,5,0,0
28,44,20,24,4,12,12,16,10,0,0,0,0,0,0,0,0,0,0,0,0,0,0,0,1.0,1.0,1.0,0.0,0.0,0.0,5,0,0
29,44,20,24,4,12,12,16,10,0,0,0,0,0,0,0,0,0,0,0,0,0,0,0,1.0,1.0,1.0,0.0,0.0,0.0,5,0,0
30,44,20,24,4,12,12,16,10,5,2,0,0,0,0,0,0,30,5,2,0,0,0,0,1.0,1.0,1.0,0.0,0.0,0.16666666666666666,5,0,0
31,44,20,24,4,12,12,16,10,7,2,0,0,0,0,0,0,12,2,0,0,0,0,0,1.0,1.0,1.0,0.0,0.0,0.16666666666666666,5,0,0
32,44,20,24,3,13,12,16,10,8,2,0,0,0,0,0,0,7,1,0,0,0,0,0,1.0,1.0,1.0,0.0,0.0,0.14285714285714285,5,0,0
33,44,20,24,3,13,12,16,10,8,2,0,0,0,0,0,0,0,0,0,0,0,0,0,1.0,1.0,1.0,0.0,0.0,0.0,5,0,0
34,44,20,24,3,13,12,16,10,8,2,0,0,0,0,0,0,0,0,0,0,0,1,0,1.0,1.0,1.0,0.0,0.0,0.0,5,0,0
35,44,20,24,2,14,12,16,10,8,2,0,0,0,0,0,0,0,0,0,0,0,0,0,1.0,1.0,1.0,0.0,0.0,0.0,5,0,0
36,44,20,24,2,14,12,16,10,8,2,0,0,0,0,0,0,0,0,0,0,0,0,0,1.0,1.0,1.0,0.0,0.0,0.0,5,0,0
37,44,20,24,2,14,12,16,10,8,2,0,0,0,0,0,0,0,0,0,0,0,0,0,1.0,1.0,1.0,0.0,0.0,0.0,5,0,0
38,44,20,24,2,13,13,16,10,8,2,0,0,0,0,0,0,0,0,0,0,0,0,0,1.0,1.0,1.0,0.0,0.0,0.0,5,0,0
39,44,20,24,2,13,13,16,10,8,2,0,0,0,0,0,0,0,0,0,0,0,0,0,1.0,1.0,1.0,0.0,0.0,0.0,5,0,0
40,44,20,24,2,13,13,16,10,8,2,0,0,0,0,0,0,0,0,0,0,0,0,0,1.0,1.0,1.0,0.0,0.0,0.0,5,0,0
41,44,20,24,1,14,13,16,10,8,2,0,0,0,0,0,0,0,0,0,0,0,0,0,1.0,1.0,1.0,0.0,0.0,0.0,5,0,0
42,44,20,24,1,14,13,16,10,8,2,0,0,0,0,0,0,0,0,0,0,0,0,0,1.0,1.0,1.0,0.0,0.0,0.0,5,0,0
43,44,20,24,0,15,13,16,10,8,2,0,0,0,0,0,0,0,0,0,0,0,0,0,1.0,1.0,1.0,0.0,0.0,0.0,5,0,0
44,44,20,24,0,15,13,16,10,8,2,0,0,0,0,0,0,0,0,0,0,0,0,0,1.0,1.0,1.0,0.0,0.0,0.0,5,0,0
45,43,20,23,0,14,13,16,10,8,2,0,0,0,0,0,0,0,0,0,0,1,0,1,0.9333333333333333,1.0,1.0,0.0,0.0,0.0,5,0,1
46,43,20,23,0,14,13,16,10,8,2,0,0,0,0,0,0,0,0,0,0,0,0,0,1.0,1.0,1.0,0.0,0.0,0.0,5,0,0
47,43,20,23,0,14,13,16,10,8,2,0,0,0,0,0,0,0,0,0,0,0,0,0,1.0,1.0,1.0,0.0,0.0,0.0,5,0,0
48,43,20,23,0,14,13,16,10,8,2,0,0,0,0,0,0,0,0,0,0,0,0,0,1.0,1.0,1.0,0.0,0.0,0.0,5,0,0
49,42,20,22,0,13,12,17,11,8,2,0,0,0,0,0,0,0,0,0,0,1,0,1,0.9285714285714286,1.0,1.0,0.0,0.0,0.0,5,0,1
50,42,20,22,0,13,12,17,11,8,2,0,0,0,0,0,0,0,0,0,0,0,0,0,1.0,1.0,1.0,0.0,0.0,0.0,5,0,0
51,42,20,22,0,13,12,17,11,8,2,0,0,0,0,0,0,0,0,0,0,0,0,0,1.0,1.0,1.0,0.0,0.0,0.0,5,0,0
52,42,20,22,0,13,12,17,11,8,2,0,0,0,0,0,0,0,0,0,0,0,0,0,1.0,1.0,1.0,0.0,0.0,0.0,5,0,0
53,42,20,22,0,13,12,17,11,8,2,0,0,0,0,0,0,0,0,0,0,0,0,0,1.0,1.0,1.0,0.0,0.0,0.0,5,0,0
54,42,20,22,0,13,12,17,11,8,2,0,0,0,0,0,0,0,0,0,0,0,0,0,1.0,1.0,1.0,0.0,0.0,0.0,5,0,0
55,42,20,22,0,13,12,17,11,8,2,0,0,0,0,0,0,0,0,0,0,0,0,0,1.0,1.0,1.0,0.0,0.0,0.0,5,0,0
56,42,20,22,0,13,12,17,11,9,2,0,0,0,0,0,0,1,1,0,0,0,0,0,1.0,1.0,1.0,0.0,0.0,1.0,5,0,0
57,42,20,22,0,13,12,17,11,9,2,0,0,0,0,0,0,0,0,0,0,0,0,0,1.0,1.0,1.0,0.0,0.0,0.0,5,0,0
58,42,20,22,0,13,12,17,11,9,2,0,0,0,0,0,0,0,0,0,0,0,1,0,1.0,1.0,1.0,0.0,0.0,0.0,5,0,0
59,42,20,22,0,13,11,18,11,9,2,0,0,0,0,0,0,0,0,0,0,0,0,0,1.0,1.0,1.0,0.0,0.0,0.0,5,0,0
60,42,20,22,0,13,11,18,11,9,2,0,0,0,0,0,0,0,0,0,0,0,0,0,1.0,1.0,1.0,0.0,0.0,0.0,5,0,0
61,42,20,22,0,13,11,18,11,9,2,0,0,0,0,0,0,0,0,0,0,0,0,0,1.0,1.0,1.0,0.0,0.0,0.0,5,0,0
62,42,20,22,0,12,12,18,11,9,2,0,0,0,0,0,0,0,0,0,0,0,0,0,1.0,1.0,1.0,0.0,0.0,0.0,5,0,0
63,42,20,22,0,12,12,18,11,9,2,0,0,0,0,0,0,0,0,0,0,0,0,0,1.0,1.0,1.0,0.0,0.0,0.0,5,0,0
64,42,20,22,0,12,12,18,11,9,2,0,0,0,0,0,0,0,0,0,0,0,0,0,1.0,1.0,1.0,0.0,0.0,0.0,5,0,0
65,42,20,22,0,12,12,18,11,9,2,0,0,0,0,0,0,0,0,0,0,0,0,0,1.0,1.0,1.0,0.0,0.0,0.0,5,0,0
66,42,20,22,0,12,12,18,11,9,2,0,0,0,0,0,0,0,0,0,0,0,1,0,1.0,1.0,1.0,0.0,0.0,0.0,5,0,0
67,42,20,22,0,12,12,18,11,9,2,0,0,0,0,0,0,0,0,0,0,0,0,0,1.0,1.0,1.0,0.0,0.0,0.0,5,0,0
68,42,20,22,0,12,12,18,11,9,2,0,0,0,0,0,0,0,0,0,0,0,0,0,1.0,1.0,1.0,0.0,0.0,0.0,5,0,0
69,42,20,22,0,12,12,18,11,9,2,0,0,0,0,0,0,0,0,0,0,0,0,0,1.0,1.0,1.0,0.0,0.0,0.0,5,0,0
70,41,19,22,0,11,12,18,11,9,2,0,0,0,0,0,0,0,0,0,0,0,0,0,1.0,1.0,1.0,0.0,0.0,0.0,5,0,1
71,41,19,22,0,11,12,18,11,9,2,0,0,0,0,0,0,0,0,0,0,0,0,0,1.0,1.0,1.0,0.0,0.0,0.0,5,0,0
72,41,19,22,0,11,12,18,11,9,2,0,0,0,0,0,0,0,0,0,0,0,0,0,1.0,1.0,1.0,0.0,0.0,0.0,5,0,0
73,41,19,22,0,11,12,18,11,9,2,0,0,0,0,0,0,0,0,0,0,0,0,0,1.0,1.0,1.0,0.0,0.0,0.0,5,0,0
74,41,19,22,0,11,12,18,11,9,2,0,0,0,0,0,0,0,0,0,0,0,0,0,1.0,1.0,1.0,0.0,0.0,0.0,5,0,0
75,41,19,22,0,11,12,18,11,9,0,0,0,0,0,0,0,0,0,0,0,0,0,0,1.0,1.0,1.0,0.0,0.0,0.0,5,0,0
76,41,19,22,0,11,12,18,11,10,0,0,0,0,0,0,0,4,1,0,0,0,0,0,1.0,1.0,1.0,0.0,0.0,0.25,5,0,0
77,41,19,22,0,11,11,19,11,10,0,0,0,0,0,0,0,4,0,0,0,0,0,0,1.0,1.0,1.0,0.0,0.0,0.0,5,0,0
78,41,19,22,0,11,11,19,11,11,0,0,0,0,0,0,0,4,1,0,0,0,0,0,1.0,1.0,1.0,0.0,0.0,0.25,5,0,0
79,41,19,22,0,11,11,19,11,11,0,0,0,0,0,0,0,0,0,0,0,0,0,0,1.0,1.0,1.0,0.0,0.0,0.0,5,0,0
80,41,19,22,0,11,11,19,11,11,0,0,0,0,0,0,0,0,0,0,0,0,0,0,1.0,1.0,1.0,0.0,0.0,0.0,5,0,0
81,41,19,22,0,11,10,20,12,11,0,0,0,0,0,0,0,0,0,0,0,0,0,0,1.0,1.0,1.0,0.0,0.0,0.0,5,0,0
82,41,19,22,0,11,10,20,12,11,0,0,0,0,0,0,0,6,0,0,0,0,0,0,1.0,1.0,1.0,0.0,0.0,0.0,5,0,0
83,41,19,22,0,11,10,20,12,12,0,0,0,0,0,0,0,3,1,0,0,0,0,0,1.0,1.0,1.0,0.0,0.0,0.3333333333333333,5,0,0
84,41,19,22,0,11,10,20,12,12,0,0,0,0,0,0,0,0,0,0,0,0,0,0,1.0,1.0,1.0,0.0,0.0,0.0,5,0,0
85,41,19,22,0,11,10,20,12,12,0,0,0,0,0,0,0,0,0,0,0,0,0,0,1.0,1.0,1.0,0.0,0.0,0.0,5,0,0
86,41,19,22,0,11,10,20,12,12,0,0,0,0,0,0,0,0,0,0,0,0,0,0,1.0,1.0,1.0,0.0,0.0,0.0,5,0,0
87,41,19,22,0,11,10,20,12,12,0,0,0,0,0,0,0,0,0,0,0,0,0,0,1.0,1.0,1.0,0.0,0.0,0.0,5,0,0
88,40,19,21,0,11,10,19,11,11,0,0,0,0,0,0,0,0,0,0,0,0,0,0,1.0,1.0,0.9166666666666666,0.0,0.0,0.0,5,0,1
89,40,19,21,0,11,10,19,11,11,0,0,0,0,0,0,0,0,0,0,0,0,0,0,1.0,1.0,1.0,0.0,0.0,0.0,5,0,0
90,40,19,21,0,11,10,19,11,11,0,0,0,0,0,0,0,0,0,0,0,0,0,0,1.0,1.0,1.0,0.0,0.0,0.0,5,0,0
91,40,19,21,0,11,10,19,11,11,0,0,0,0,0,0,0,0,0,0,0,0,0,0,1.0,1.0,1.0,0.0,0.0,0.0,5,0,0
92,40,19,21,0,11,10,19,11,11,0,0,0,0,0,0,0,0,0,0,0,0,0,0,1.0,1.0,1.0,0.0,0.0,0.0,5,0,0
93,40,19,21,0,11,10,19,11,11,0,0,0,0,0,0,0,0,0,0,0,0,0,0,1.0,1.0,1.0,0.0,0.0,0.0,5,0,0
94,40,19,21,0,11,10,19,11,11,0,0,0,0,0,0,0,0,0,0,0,0,0,0,1.0,1.0,1.0,0.0,0.0,0.0,5,0,0
95,56,25,31,16,11,10,19,11,7,0,4,0,0,0,0,0,0,0,0,4,0,0,0,1.0,1.0,1.0,0.4,0.4,0.0,5,16,0
96,62,29,33,22,11,10,19,11,5,0,6,0,0,0,0,0,0,0,0,2,0,0,0,1.0,1.0,1.0,0.10714285714285714,0.10714285714285714,0.0,5,6,0
97,66,31,35,26,11,10,19,11,4,0,7,0,0,0,0,0,0,0,0,1,0,0,0,1.0,1.0,1.0,0.06451612903225806,0.06451612903225806,0.0,5,4,0
98,65,31,34,26,10,10,19,11,4,0,7,0,0,0,0,0,0,0,0,0,1,0,1,0.972972972972973,1.0,1.0,0.0,0.0,0.0,5,0,1
99,63,31,32,24,10,10,19,11,4,0,7,0,0,0,0,0,0,0,0,0,2,1,2,0.9444444444444444,1.0,1.0,0.0,0.0,0.0,5,0,2
100,63,31,32,24,10,10,19,11,4,0,7,0,0,0,0,0,0,0,0,0,0,0,0,1.0,1.0,1.0,0.0,0.0,0.0,5,0,0
101,60,30,30,23,8,10,19,11,4,0,7,0,0,0,0,0,0,0,0,0,2,0,2,0.9117647058823529,1.0,1.0,0.0,0.0,0.0,5,0,3
102,60,30,30,23,8,9,20,11,4,0,7,0,0,0,0,0,0,0,0,0,0,0,0,1.0,1.0,1.0,0.0,0.0,0.0,5,0,0
103,60,30,30,23,8,8,21,11,4,0,7,0,0,0,0,0,0,0,0,0,0,0,0,1.0,1.0,1.0,0.0,0.0,0.0,5,0,0
104,60,30,30,23,8,8,21,11,4,0,7,0,0,0,0,0,0,0,0,0,0,1,0,1.0,1.0,1.0,0.0,0.0,0.0,5,0,0
105,58,29,29,21,8,8,21,11,4,0,7,0,0,0,0,0,0,0,0,0,2,0,2,0.935483870967742,1.0,1.0,0.0,0.0,0.0,5,0,2
106,58,29,29,21,8,8,21,11,4,0,7,0,0,0,0,0,0,0,0,0,0,0,0,1.0,1.0,1.0,0.0,0.0,0.0,5,0,0
107,57,29,28,20,8,8,21,11,4,0,7,0,0,0,0,0,0,0,0,0,1,0,1,0.9655172413793104,1.0,1.0,0.0,0.0,0.0,5,0,1
108,56,28,28,20,7,8,21,11,4,0,7,0,0,0,0,0,0,0,0,0,0,0,0,1.0,1.0,1.0,0.0,0.0,0.0,5,0,1
109,55,27,28,19,7,8,21,11,4,0,7,0,0,0,0,0,0,0,0,0,1,0,1,0.962962962962963,1.0,1.0,0.0,0.0,0.0,5,0,1
110,54,26,28,19,7,7,21,11,4,0,7,0,0,0,0,0,0,0,0,0,0,0,0,1.0,1.0,1.0,0.0,0.0,0.0,5,0,1
111,54,26,28,19,7,7,21,11,4,0,7,0,0,0,0,0,0,0,0,0,0,0,0,1.0,1.0,1.0,0.0,0.0,0.0,5,0,0
112,54,26,28,19,7,7,21,11,4,0,7,0,0,0,0,0,0,0,0,0,0,0,0,1.0,1.0,1.0,0.0,0.0,0.0,5,0,0
113,54,26,28,19,7,7,21,11,4,0,7,0,0,0,0,0,0,0,0,0,0,0,0,1.0,1.0,1.0,0.0,0.0,0.0,5,0,0
114,54,26,28,19,7,7,21,11,4,0,7,0,0,0,0,0,0,0,0,0,0,0,0,1.0,1.0,1.0,0.0,0.0,0.0,5,0,0
115,53,25,28,18,7,7,21,11,4,0,7,0,0,0,0,0,0,0,0,0,1,0,1,0.9615384615384616,1.0,1.0,0.0,0.0,0.0,5,0,1
116,51,24,27,17,7,6,21,11,4,0,7,0,0,0,0,0,0,0,0,0,1,0,1,0.96,1.0,1.0,0.0,0.0,0.0,5,0,2
117,51,24,27,17,7,6,21,11,4,0,7,0,0,0,0,0,0,0,0,0,0,0,0,1.0,1.0,1.0,0.0,0.0,0.0,5,0,0
118,51,24,27,17,7,5,22,12,4,0,7,0,0,0,0,0,0,0,0,0,0,0,0,1.0,1.0,1.0,0.0,0.0,0.0,5,0,0
119,51,24,27,17,7,5,22,12,4,0,7,0,0,0,0,0,0,0,0,0,0,0,0,1.0,1.0,1.0,0.0,0.0,0.0,5,0,0
120,51,24,27,17,7,5,22,12,4,0,7,0,0,0,0,0,0,0,0,0,0,0,0,1.0,1.0,1.0,0.0,0.0,0.0,5,0,0
121,54,23,31,21,6,5,22,12,4,0,8,0,0,0,0,0,2,1,0,1,1,0,1,0.9583333333333334,1.0,1.0,0.0784313725490196,0.0784313725490196,0.5,5,4,1
122,54,23,31,21,6,5,22,12,4,0,8,0,0,0,0,0,0,0,0,0,0,0,0,1.0,1.0,1.0,0.0,0.0,0.0,5,0,0
123,54,23,31,21,6,5,22,12,4,0,8,0,0,0,0,0,0,0,0,0,0,0,0,1.0,1.0,1.0,0.0,0.0,0.0,5,0,0
124,54,23,31,21,6,5,22,12,4,0,8,0,0,0,0,0,0,0,0,0,0,0,0,1.0,1.0,1.0,0.0,0.0,0.0,5,0,0
125,53,22,31,21,6,5,21,12,4,0,8,0,0,0,0,0,0,0,0,0,0,0,0,1.0,0.9,1.0,0.0,0.0,0.0,5,0,1
126,53,22,31,21,6,5,21,12,4,0,8,0,0,0,0,0,0,0,0,0,0,0,0,1.0,1.0,1.0,0.0,0.0,0.0,5,0,0
127,53,22,31,21,6,5,21,12,4,0,8,0,0,0,0,0,0,0,0,0,0,0,0,1.0,1.0,1.0,0.0,0.0,0.0,5,0,0
128,52,22,30,20,6,5,21,12,4,0,8,0,0,0,0,0,0,0,0,0,1,0,1,0.962962962962963,1.0,1.0,0.0,0.0,0.0,5,0,1
129,51,22,29,19,6,5,21,12,4,0,8,0,0,0,0,0,0,0,0,0,1,0,1,0.9615384615384616,1.0,1.0,0.0,0.0,0.0,5,0,1
130,51,22,29,19,6,5,21,12,4,0,8,0,0,0,0,0,0,0,0,0,0,0,0,1.0,1.0,1.0,0.0,0.0,0.0,5,0,0
131,51,22,29,19,6,5,21,12,4,0,8,0,0,0,0,0,0,0,0,0,0,0,0,1.0,1.0,1.0,0.0,0.0,0.0,5,0,0
132,50,22,28,19,5,5,21,12,4,0,8,0,0,0,0,0,0,0,0,0,1,0,1,0.96,1.0,1.0,0.0,0.0,0.0,5,0,1
133,50,22,28,19,5,5,21,12,4,0,8,0,0,0,0,0,0,0,0,0,0,0,0,1.0,1.0,1.0,0.0,0.0,0.0,5,0,0
134,50,22,28,19,5,5,21,12,4,0,8,0,0,0,0,0,0,0,0,0,0,0,0,1.0,1.0,1.0,0.0,0.0,0.0,5,0,0
135,49,21,28,18,5,5,21,12,4,0,8,0,0,0,0,0,0,0,0,0,1,0,1,0.9583333333333334,1.0,1.0,0.0,0.0,0.0,5,0,1
136,49,21,28,18,5,5,21,12,4,0,8,0,0,0,0,0,0,0,0,0,0,0,0,1.0,1.0,1.0,0.0,0.0,0.0,5,0,0
137,49,21,28,18,5,5,21,12,4,0,8,0,0,0,0,0,0,0,0,0,0,0,0,1.0,1.0,1.0,0.0,0.0,0.0,5,0,0
138,49,21,28,9,14,5,21,12,4,0,8,0,0,0,0,0,0,0,0,0,0,0,0,1.0,1.0,1.0,0.0,0.0,0.0,5,0,0
139,48,21,27,6,16,5,21,12,4,0,8,0,0,0,0,0,0,0,0,0,1,0,1,0.9565217391304348,1.0,1.0,0.0,0.0,0.0,5,0,1
140,48,21,27,4,18,5,21,12,4,0,4,0,0,0,0,0,0,0,0,0,0,0,0,1.0,1.0,1.0,0.0,0.0,0.0,5,0,0
141,50,22,28,7,17,5,21,12,5,0,3,0,0,0,0,0,17,2,0,1,1,0,1,0.9545454545454546,1.0,1.0,0.0625,0.0625,0.11764705882352941,5,3,1
142,50,22,28,7,17,4,22,13,7,0,2,0,0,0,0,0,6,2,0,0,0,0,0,1.0,1.0,1.0,0.0,0.0,0.3333333333333333,5,0,0
143,54,23,31,11,17,4,22,13,9,0,3,0,0,0,0,0,15,3,0,1,0,0,0,1.0,1.0,1.0,0.08,0.08,0.2,5,4,0
144,53,23,30,11,16,4,22,13,9,0,3,0,0,0,0,0,0,0,0,0,1,0,1,0.9642857142857143,1.0,1.0,0.0,0.0,0.0,5,0,1
145,53,23,30,11,16,4,22,13,9,0,3,0,0,0,0,0,0,0,0,0,0,0,0,1.0,1.0,1.0,0.0,0.0,0.0,5,0,0
146,53,23,30,11,16,4,22,13,9,0,3,0,0,0,0,0,0,0,0,0,0,0,0,1.0,1.0,1.0,0.0,0.0,0.0,5,0,0
147,53,23,30,11,16,4,22,13,10,0,3,0,0,0,0,0,7,1,0,0,0,0,0,1.0,1.0,1.0,0.0,0.0,0.14285714285714285,5,0,0
148,57,27,30,15,16,4,22,13,9,0,4,0,0,0,0,0,0,0,0,1,0,0,0,1.0,1.0,1.0,0.07547169811320754,0.07547169811320754,0.0,5,4,0
149,57,27,30,15,16,4,22,13,9,0,4,0,0,0,0,0,0,0,0,0,0,1,0,1.0,1.0,1.0,0.0,0.0,0.0,5,0,0
150,57,27,30,15,16,4,22,13,9,0,4,0,0,0,0,0,0,0,0,0,0,2,0,1.0,1.0,1.0,0.0,0.0,0.0,5,0,0
151,57,27,30,15,16,4,22,13,9,0,4,0,0,0,0,0,0,0,0,0,0,0,0,1.0,1.0,1.0,0.0,0.0,0.0,5,0,0
152,57,27,30,15,16,4,22,13,9,0,4,0,0,0,0,0,0,0,0,0,0,0,0,1.0,1.0,1.0,0.0,0.0,0.0,5,0,0
153,56,27,29,15,15,5,21,12,8,0,4,0,0,0,0,0,0,0,0,0,0,0,0,1.0,1.0,0.9230769230769231,0.0,0.0,0.0,5,0,1
154,54,26,28,13,13,7,21,12,8,0,4,0,0,0,0,0,0,0,0,0,2,0,2,0.9285714285714286,1.0,1.0,0.0,0.0,0.0,5,0,2
155,54,26,28,13,13,7,21,12,8,0,4,0,0,0,0,0,0,0,0,0,0,0,0,1.0,1.0,1.0,0.0,0.0,0.0,5,0,0
156,53,26,27,13,12,6,22,13,8,0,4,0,0,0,0,0,0,0,0,0,1,0,1,0.9615384615384616,1.0,1.0,0.0,0.0,0.0,5,0,1
157,53,26,27,13,12,6,22,13,8,0,4,0,0,0,0,0,0,0,0,0,0,0,0,1.0,1.0,1.0,0.0,0.0,0.0,5,0,0
158,51,25,26,12,11,6,22,13,8,0,4,0,0,0,0,0,0,0,0,0,2,0,2,0.92,1.0,1.0,0.0,0.0,0.0,5,0,2
159,51,25,26,12,11,6,22,13,8,0,4,0,0,0,0,0,0,0,0,0,0,0,0,1.0,1.0,1.0,0.0,0.0,0.0,5,0,0
160,51,25,26,12,11,6,22,13,9,0,4,0,0,0,0,0,3,1,0,0,0,0,0,1.0,1.0,1.0,0.0,0.0,0.3333333333333333,5,0,0
161,50,25,25,12,10,6,22,13,9,0,4,0,0,0,0,0,0,0,0,0,1,0,1,0.9565217391304348,1.0,1.0,0.0,0.0,0.0,5,0,1
162,49,25,24,12,9,6,22,13,9,0,4,0,0,0,0,0,0,0,0,0,1,1,1,0.9545454545454546,1.0,1.0,0.0,0.0,0.0,5,0,1
163,49,25,24,12,9,6,22,13,9,0,4,0,0,0,0,0,0,0,0,0,0,0,0,1.0,1.0,1.0,0.0,0.0,0.0,5,0,0
164,49,25,24,9,12,6,22,13,9,0,4,0,0,0,0,0,0,0,0,0,0,0,0,1.0,1.0,1.0,0.0,0.0,0.0,5,0,0
165,49,25,24,9,12,6,22,13,9,0,4,0,0,0,0,0,0,0,0,0,0,0,0,1.0,1.0,1.0,0.0,0.0,0.0,5,0,0
166,49,25,24,9,11,7,22,13,9,0,3,0,0,0,0,0,0,0,0,0,0,0,0,1.0,1.0,1.0,0.0,0.0,0.0,5,0,0
167,48,25,23,9,11,7,21,12,9,0,3,0,0,0,0,0,4,1,0,0,0,0,0,1.0,1.0,0.9230769230769231,0.0,0.0,0.25,5,0,1
168,48,25,23,9,11,7,21,12,9,0,3,0,0,0,0,0,0,0,0,0,0,0,0,1.0,1.0,1.0,0.0,0.0,0.0,5,0,0
169,48,25,23,9,11,7,21,12,9,0,3,0,0,0,0,0,0,0,0,0,0,0,0,1.0,1.0,1.0,0.0,0.0,0.0,5,0,0
170,48,25,23,9,11,7,21,12,9,0,3,0,0,0,0,0,0,0,0,0,0,0,0,1.0,1.0,1.0,0.0,0.0,0.0,5,0,0
171,48,25,23,9,11,7,21,12,9,0,3,0,0,0,0,0,0,0,0,0,0,0,0,1.0,1.0,1.0,0.0,0.0,0.0,5,0,0
172,48,25,23,9,11,7,21,12,9,0,3,0,0,0,0,0,0,0,0,0,0,1,0,1.0,1.0,1.0,0.0,0.0,0.0,5,0,0
173,48,25,23,9,11,6,22,12,9,0,3,0,0,0,0,0,0,0,0,0,0,0,0,1.0,1.0,1.0,0.0,0.0,0.0,5,0,0
174,48,25,23,9,11,6,22,12,9,0,3,0,0,0,0,0,0,0,0,0,0,0,0,1.0,1.0,1.0,0.0,0.0,0.0,5,0,0
175,48,25,23,9,11,6,22,12,9,0,3,0,0,0,0,0,0,0,0,0,0,0,0,1.0,1.0,1.0,0.0,0.0,0.0,5,0,0
176,47,25,22,9,10,6,22,12,9,0,3,0,0,0,0,0,0,0,0,0,0,0,0,1.0,1.0,1.0,0.0,0.0,0.0,5,0,1
177,47,25,22,9,10,6,22,12,9,0,3,0,0,0,0,0,0,0,0,0,0,0,0,1.0,1.0,1.0,0.0,0.0,0.0,5,0,0
178,47,25,22,9,10,6,22,12,9,0,3,0,0,0,0,0,0,0,0,0,0,0,0,1.0,1.0,1.0,0.0,0.0,0.0,5,0,0
179,47,25,22,9,10,6,22,12,9,0,3,0,0,0,0,0,0,0,0,0,0,0,0,1.0,1.0,1.0,0.0,0.0,0.0,5,0,0
180,47,25,22,9,10,6,22,12,9,0,3,0,0,0,0,0,0,0,0,0,0,0,0,1.0,1.0,1.0,0.0,0.0,0.0,5,0,0
181,47,25,22,9,10,6,22,12,9,0,3,0,0,0,0,0,0,0,0,0,0,0,0,1.0,1.0,1.0,0.0,0.0,0.0,5,0,0
182,47,25,22,9,10,6,22,12,9,0,3,0,0,0,0,0,0,0,0,0,0,0,0,1.0,1.0,1.0,0.0,0.0,0.0,5,0,0
183,47,25,22,9,10,6,22,12,9,0,3,0,0,0,0,0,0,0,0,0,0,0,0,1.0,1.0,1.0,0.0,0.0,0.0,5,0,0
184,47,25,22,7,12,6,22,12,9,0,3,0,0,0,0,0,0,0,0,0,0,0,0,1.0,1.0,1.0,0.0,0.0,0.0,5,0,0
185,47,25,22,7,12,6,22,12,9,0,3,0,0,0,0,0,0,0,0,0,0,0,0,1.0,1.0,1.0,0.0,0.0,0.0,5,0,0
186,50,28,22,6,16,6,22,12,8,0,3,0,0,0,0,0,0,0,0,1,0,0,0,1.0,1.0,1.0,0.06382978723404255,0.06382978723404255,0.0,5,3,0
187,50,28,22,6,16,6,22,12,9,0,3,0,0,0,0,0,8,1,0,0,0,0,0,1.0,1.0,1.0,0.0,0.0,0.125,5,0,0
188,49,28,21,6,15,6,22,12,9,0,2,0,0,0,0,0,0,0,0,0,1,0,1,0.9545454545454546,1.0,1.0,0.0,0.0,0.0,5,0,1
189,49,28,21,6,15,6,22,12,9,0,2,0,0,0,0,0,7,0,0,0,0,0,0,1.0,1.0,1.0,0.0,0.0,0.0,5,0,0
190,49,28,21,6,15,6,22,12,10,0,2,0,0,0,0,0,3,1,0,0,0,0,0,1.0,1.0,1.0,0.0,0.0,0.3333333333333333,5,0,0
191,49,28,21,3,18,6,22,12,10,0,2,0,0,0,0,0,0,0,0,0,0,0,0,1.0,1.0,1.0,0.0,0.0,0.0,5,0,0
192,48,27,21,2,18,6,22,12,10,0,2,0,0,0,0,0,0,0,0,0,1,0,1,0.9523809523809523,1.0,1.0,0.0,0.0,0.0,5,0,1
193,48,27,21,2,18,6,22,12,10,0,1,0,0,0,0,0,0,0,0,0,0,0,0,1.0,1.0,1.0,0.0,0.0,0.0,5,0,0
194,47,27,20,2,18,5,22,12,10,0,1,0,0,0,0,0,2,0,0,0,0,0,0,1.0,1.0,1.0,0.0,0.0,0.0,5,0,1
195,47,27,20,2,18,5,22,12,10,0,1,0,0,0,0,0,6,0,0,0,0,0,0,1.0,1.0,1.0,0.0,0.0,0.0,5,0,0
196,46,27,19,2,18,4,22,12,11,0,1,0,0,0,0,0,6,1,0,0,0,0,0,1.0,1.0,1.0,0.0,0.0,0.16666666666666666,5,0,1
197,46,27,19,2,18,4,22,12,11,0,1,0,0,0,0,0,0,0,0,0,0,0,0,1.0,1.0,1.0,0.0,0.0,0.0,5,0,0
198,46,27,19,2,18,4,22,12,11,0,1,0,0,0,0,0,0,0,0,0,0,0,0,1.0,1.0,1.0,0.0,0.0,0.0,5,0,0
199,46,27,19,2,18,4,22,12,11,0,1,0,0,0,0,0,0,0,0,0,0,0,0,1.0,1.0,1.0,0.0,0.0,0.0,5,0,0
200,46,27,19,2,18,4,22,12,11,0,1,0,0,0,0,0,0,0,0,0,0,0,0,1.0,1.0,1.0,0.0,0.0,0.0,5,0,0
201,46,27,19,2,18,4,22,12,11,0,1,0,0,0,0,0,0,0,0,0,0,0,0,1.0,1.0,1.0,0.0,0.0,0.0,5,0,0
202,46,27,19,2,18,4,22,12,11,0,1,0,0,0,0,0,0,0,0,0,0,0,0,1.0,1.0,1.0,0.0,0.0,0.0,5,0,0
203,46,27,19,2,18,4,22,12,11,0,1,0,0,0,0,0,0,0,0,0,0,0,0,1.0,1.0,1.0,0.0,0.0,0.0,5,0,0
204,46,27,19,2,18,4,22,12,11,0,1,0,0,0,0,0,0,0,0,0,0,0,0,1.0,1.0,1.0,0.0,0.0,0.0,5,0,0
205,46,27,19,2,18,3,23,12,11,0,1,0,0,0,0,0,0,0,0,0,0,0,0,1.0,1.0,1.0,0.0,0.0,0.0,5,0,0
206,50,30,20,6,18,3,23,12,10,0,2,0,0,0,0,0,0,0,0,1,0,0,0,1.0,1.0,1.0,0.08695652173913043,0.08695652173913043,0.0,5,4,0
207,57,35,22,13,18,3,23,12,8,0,4,0,0,0,0,0,0,0,0,2,0,0,0,1.0,1.0,1.0,0.14,0.14,0.0,5,7,0
208,67,38,29,24,17,3,23,12,5,0,7,0,0,0,0,0,0,0,0,3,1,0,1,0.967741935483871,1.0,1.0,0.19298245614035087,0.19298245614035087,0.0,5,11,1
209,64,36,28,22,16,3,23,12,5,0,7,0,0,0,0,0,0,0,0,0,3,0,3,0.926829268292683,1.0,1.0,0.0,0.0,0.0,5,0,3
210,63,36,27,22,15,3,23,12,5,0,7,0,0,0,0,0,0,0,0,0,1,0,1,0.9736842105263158,1.0,1.0,0.0,0.0,0.0,5,0,1
211,62,35,27,22,14,3,23,12,5,0,7,0,0,0,0,0,0,0,0,0,1,0,1,0.972972972972973,1.0,1.0,0.0,0.0,0.0,5,0,1
212,65,39,26,26,13,3,23,12,4,0,8,0,0,0,0,0,0,0,0,1,1,0,1,0.9722222222222222,1.0,1.0,0.06451612903225806,0.06451612903225806,0.0,5,4,1
213,63,38,25,26,11,3,23,12,4,0,8,0,0,0,0,0,0,0,0,0,2,0,2,0.9487179487179487,1.0,1.0,0.0,0.0,0.0,5,0,2
214,63,38,25,26,11,3,23,12,4,0,8,0,0,0,0,0,0,0,0,0,0,0,0,1.0,1.0,1.0,0.0,0.0,0.0,5,0,0
215,62,38,24,26,11,3,22,11,4,0,7,0,0,0,0,0,0,0,0,0,0,0,0,1.0,1.0,0.9166666666666666,0.0,0.0,0.0,5,0,1
216,61,37,24,25,11,3,22,11,4,0,7,0,0,0,0,0,0,0,0,0,1,0,1,0.972972972972973,1.0,1.0,0.0,0.0,0.0,5,0,1
217,60,36,24,24,11,3,22,11,4,0,7,0,0,0,0,0,0,0,0,0,1,0,1,0.9722222222222222,1.0,1.0,0.0,0.0,0.0,5,0,1
218,57,34,23,22,11,3,21,11,4,0,7,0,0,0,0,0,0,0,0,0,2,0,2,0.9428571428571428,0.9090909090909091,1.0,0.0,0.0,0.0,5,0,3
219,57,34,23,22,11,3,21,11,4,0,7,0,0,0,0,0,0,0,0,0,0,0,0,1.0,1.0,1.0,0.0,0.0,0.0,5,0,0
220,57,34,23,22,11,3,21,11,4,0,7,0,0,0,0,0,0,0,0,0,0,0,0,1.0,1.0,1.0,0.0,0.0,0.0,5,0,0
221,57,34,23,22,11,3,21,11,4,0,7,0,0,0,0,0,0,0,0,0,0,0,0,1.0,1.0,1.0,0.0,0.0,0.0,5,0,0
222,54,33,21,20,11,3,20,10,3,0,7,0,0,0,0,0,0,0,0,0,2,0,2,0.9393939393939394,1.0,0.9090909090909091,0.0,0.0,0.0,5,0,3
223,54,33,21,20,11,3,20,10,3,0,7,0,0,0,0,0,0,0,0,0,0,0,0,1.0,1.0,1.0,0.0,0.0,0.0,5,0,0
224,54,33,21,20,11,3,20,10,3,0,7,0,0,0,0,0,0,0,0,0,0,0,0,1.0,1.0,1.0,0.0,0.0,0.0,5,0,0
225,52,31,21,18,11,3,20,10,3,0,7,0,0,0,0,0,0,0,0,0,2,0,2,0.935483870967742,1.0,1.0,0.0,0.0,0.0,5,0,2
226,51,30,21,18,10,3,20,10,3,0,7,0,0,0,0,0,0,0,0,0,1,0,1,0.9655172413793104,1.0,1.0,0.0,0.0,0.0,5,0,1
227,51,30,21,18,10,3,20,10,3,0,7,0,0,0,0,0,0,0,0,0,0,0,0,1.0,1.0,1.0,0.0,0.0,0.0,5,0,0
228,50,30,20,18,9,3,20,10,3,0,7,0,0,0,0,0,0,0,0,0,1,0,1,0.9642857142857143,1.0,1.0,0.0,0.0,0.0,4,0,1
229,50,30,20,18,9,3,20,10,3,0,7,0,0,0,0,0,0,0,0,0,0,0,0,1.0,1.0,1.0,0.0,0.0,0.0,4,0,0
230,48,29,19,17,8,3,20,10,3,0,7,0,0,0,0,0,0,0,0,0,2,0,2,0.9259259259259259,1.0,1.0,0.0,0.0,0.0,4,0,2
231,48,29,19,17,8,3,20,10,3,0,6,0,0,0,0,0,0,0,0,0,0,0,0,1.0,1.0,1.0,0.0,0.0,0.0,4,0,0
232,48,29,19,17,8,3,20,10,3,0,6,0,0,0,0,0,1,0,0,0,0,0,0,1.0,1.0,1.0,0.0,0.0,0.0,4,0,0
233,48,29,19,17,8,3,20,10,4,0,6,0,0,0,0,0,5,1,0,0,0,0,0,1.0,1.0,1.0,0.0,0.0,0.2,4,0,0
234,48,29,19,17,8,3,20,10,4,0,6,0,0,0,0,0,0,0,0,0,0,0,0,1.0,1.0,1.0,0.0,0.0,0.0,4,0,0
235,48,29,19,17,8,3,20,10,4,0,6,0,0,0,0,0,0,0,0,0,0,0,0,1.0,1.0,1.0,0.0,0.0,0.0,4,0,0
236,48,29,19,17,8,3,20,10,4,0,6,0,0,0,0,0,0,0,0,0,0,0,0,1.0,1.0,1.0,0.0,0.0,0.0,4,0,0
237,47,28,19,16,8,3,20,10,4,0,6,0,0,0,0,0,0,0,0,0,1,0,1,0.96,1.0,1.0,0.0,0.0,0.0,4,0,1
238,47,28,19,16,8,3,20,10,4,0,6,0,0,0,0,0,0,0,0,0,0,0,0,1.0,1.0,1.0,0.0,0.0,0.0,4,0,0
239,47,28,19,16,8,3,20,10,4,0,6,0,0,0,0,0,0,0,0,0,0,0,0,1.0,1.0,1.0,0.0,0.0,0.0,4,0,0
240,47,28,19,16,8,3,20,10,4,0,6,0,0,0,0,0,0,0,0,0,0,0,0,1.0,1.0,1.0,0.0,0.0,0.0,4,0,0
241,47,28,19,16,8,3,20,10,4,0,6,0,0,0,0,0,0,0,0,0,0,0,0,1.0,1.0,1.0,0.0,0.0,0.0,4,0,0
242,47,28,19,16,8,3,20,10,4,0,6,0,0,0,0,0,0,0,0,0,0,0,0,1.0,1.0,1.0,0.0,0.0,0.0,4,0,0
243,47,28,19,16,8,3,20,10,4,0,6,0,0,0,0,0,0,0,0,0,0,0,0,1.0,1.0,1.0,0.0,0.0,0.0,4,0,0
244,47,28,19,16,8,3,20,10,4,0,6,0,0,0,0,0,0,0,0,0,0,0,0,1.0,1.0,1.0,0.0,0.0,0.0,4,0,0
245,47,28,19,16,8,3,20,10,4,0,6,0,0,0,0,0,0,0,0,0,0,0,0,1.0,1.0,1.0,0.0,0.0,0.0,4,0,0
246,47,28,19,16,8,3,20,10,4,0,6,0,0,0,0,0,0,0,0,0,0,0,0,1.0,1.0,1.0,0.0,0.0,0.0,4,0,0
247,47,28,19,16,8,3,20,10,4,0,6,0,0,0,0,0,0,0,0,0,0,0,0,1.0,1.0,1.0,0.0,0.0,0.0,4,0,0
248,46,28,18,16,7,3,20,10,4,0,6,0,0,0,0,0,0,0,0,0,1,0,1,0.9583333333333334,1.0,1.0,0.0,0.0,0.0,4,0,1
249,46,28,18,14,9,3,20,10,4,0,6,0,0,0,0,0,0,0,0,0,0,0,0,1.0,1.0,1.0,0.0,0.0,0.0,4,0,0
250,46,28,18,9,14,3,20,10,4,0,6,0,0,0,0,0,0,0,0,0,0,0,0,1.0,1.0,1.0,0.0,0.0,0.0,4,0,0
251,44,27,17,1,20,3,20,10,4,0,5,0,0,0,0,0,0,0,0,0,2,0,2,0.9130434782608696,1.0,1.0,0.0,0.0,0.0,4,0,2
252,48,28,20,5,20,3,20,10,4,0,4,0,0,0,0,0,4,1,0,1,0,0,0,1.0,1.0,1.0,0.09090909090909091,0.09090909090909091,0.25,4,4,0
253,48,28,20,5,20,3,20,10,5,1,2,0,0,0,0,0,8,1,1,0,0,0,0,1.0,1.0,1.0,0.0,0.0,0.125,4,0,0
254,48,28,20,5,20,3,20,10,5,1,2,0,0,0,0,0,9,0,0,0,0,0,0,1.0,1.0,1.0,0.0,0.0,0.0,4,0,0
255,51,28,23,8,20,3,20,10,5,2,3,0,0,0,0,0,7,1,1,1,1,0,1,0.96,1.0,1.0,0.08333333333333333,0.08333333333333333,0.14285714285714285,4,4,1
256,51,28,23,8,20,3,20,10,5,2,3,0,0,0,0,0,0,0,0,0,0,0,0,1.0,1.0,1.0,0.0,0.0,0.0,4,0,0
257,51,28,23,8,20,3,20,10,5,2,2,0,0,0,0,0,0,0,0,0,0,0,0,1.0,1.0,1.0,0.0,0.0,0.0,4,0,0
258,51,28,23,8,20,3,20,10,5,3,2,0,0,0,0,0,1,0,1,0,0,0,0,1.0,1.0,1.0,0.0,0.0,0.0,4,0,0
259,51,28,23,8,20,3,20,10,5,3,2,0,0,0,0,0,0,0,0,0,0,0,0,1.0,1.0,1.0,0.0,0.0,0.0,4,0,0
260,51,28,23,8,20,3,20,10,5,3,2,0,0,0,0,0,0,0,0,0,0,0,0,1.0,1.0,1.0,0.0,0.0,0.0,4,0,0
261,54,27,27,12,20,3,19,10,4,3,3,0,0,0,0,0,0,0,0,1,0,0,0,1.0,0.9,1.0,0.0784313725490196,0.0784313725490196,0.0,4,4,1
262,54,27,27,12,20,3,19,10,4,3,3,0,0,0,0,0,0,0,0,0,0,0,0,1.0,1.0,1.0,0.0,0.0,0.0,4,0,0
263,54,27,27,12,20,3,19,10,4,3,3,0,0,0,0,0,0,0,0,0,0,0,0,1.0,1.0,1.0,0.0,0.0,0.0,4,0,0
264,54,27,27,12,20,3,19,10,4,3,3,0,0,0,0,0,0,0,0,0,0,0,0,1.0,1.0,1.0,0.0,0.0,0.0,4,0,0
265,54,27,27,12,20,3,19,10,4,3,3,0,0,0,0,0,0,0,0,0,0,0,0,1.0,1.0,1.0,0.0,0.0,0.0,4,0,0
266,54,27,27,12,20,3,19,10,4,3,3,0,0,0,0,0,0,0,0,0,0,0,0,1.0,1.0,1.0,0.0,0.0,0.0,4,0,0
267,54,27,27,12,20,3,19,10,4,3,3,0,0,0,0,0,0,0,0,0,0,0,0,1.0,1.0,1.0,0.0,0.0,0.0,4,0,0
268,54,27,27,12,20,3,19,10,4,3,3,0,0,0,0,0,0,0,0,0,0,0,0,1.0,1.0,1.0,0.0,0.0,0.0,4,0,0
269,51,26,25,10,19,3,19,10,4,3,3,0,0,0,0,0,0,0,0,0,3,0,3,0.90625,1.0,1.0,0.0,0.0,0.0,4,0,3
270,51,26,25,10,19,3,19,10,4,3,3,0,0,0,0,0,0,0,0,0,0,0,0,1.0,1.0,1.0,0.0,0.0,0.0,4,0,0
271,51,26,25,10,19,3,19,10,4,3,3,0,0,0,0,0,0,0,0,0,0,0,0,1.0,1.0,1.0,0.0,0.0,0.0,4,0,0
272,51,26,25,10,19,3,19,10,4,3,3,0,0,0,0,0,0,0,0,0,0,0,0,1.0,1.0,1.0,0.0,0.0,0.0,4,0,0
273,51,26,25,10,19,3,19,10,4,3,3,0,0,0,0,0,0,0,0,0,0,0,0,1.0,1.0,1.0,0.0,0.0,0.0,4,0,0
274,51,26,25,10,19,3,19,10,4,3,3,0,0,0,0,0,0,0,0,0,0,0,0,1.0,1.0,1.0,0.0,0.0,0.0,4,0,0
275,51,26,25,10,19,3,19,10,4,3,3,0,0,0,0,0,0,0,0,0,0,1,0,1.0,1.0,1.0,0.0,0.0,0.0,4,0,0
276,51,26,25,10,19,3,19,10,4,3,3,0,0,0,0,0,0,0,0,0,0,1,0,1.0,1.0,1.0,0.0,0.0,0.0,4,0,0
277,50,26,24,10,18,3,19,10,4,3,3,0,0,0,0,0,0,0,0,0,1,1,1,0.9655172413793104,1.0,1.0,0.0,0.0,0.0,4,0,1
278,50,26,24,10,18,3,19,10,4,3,3,0,0,0,0,0,0,0,0,0,0,0,0,1.0,1.0,1.0,0.0,0.0,0.0,4,0,0
279,50,26,24,10,17,4,19,10,4,3,3,0,0,0,0,0,0,0,0,0,0,0,0,1.0,1.0,1.0,0.0,0.0,0.0,4,0,0
280,50,26,24,10,16,5,19,10,4,3,3,0,0,0,0,0,0,0,0,0,0,0,0,1.0,1.0,1.0,0.0,0.0,0.0,4,0,0
281,50,26,24,10,15,6,19,10,4,3,3,0,0,0,0,0,0,0,0,0,0,0,0,1.0,1.0,1.0,0.0,0.0,0.0,4,0,0
282,48,25,23,9,14,6,19,10,4,3,3,0,0,0,0,0,0,0,0,0,2,0,2,0.92,1.0,1.0,0.0,0.0,0.0,4,0,2
283,48,25,23,9,14,6,19,10,4,3,3,0,0,0,0,0,0,0,0,0,0,0,0,1.0,1.0,1.0,0.0,0.0,0.0,4,0,0
284,48,25,23,9,14,6,19,10,4,3,3,0,0,0,0,0,0,0,0,0,0,0,0,1.0,1.0,1.0,0.0,0.0,0.0,4,0,0
285,48,25,23,9,14,6,19,10,4,3,3,0,0,0,0,0,0,0,0,0,0,0,0,1.0,1.0,1.0,0.0,0.0,0.0,4,0,0
286,48,25,23,9,14,6,19,10,4,3,3,0,0,0,0,0,0,0,0,0,0,0,0,1.0,1.0,1.0,0.0,0.0,0.0,4,0,0
287,48,25,23,9,14,6,19,10,4,3,3,0,0,0,0,0,0,0,0,0,0,0,0,1.0,1.0,1.0,0.0,0.0,0.0,4,0,0
288,48,25,23,9,14,5,20,10,4,3,3,0,0,0,0,0,0,0,0,0,0,0,0,1.0,1.0,1.0,0.0,0.0,0.0,4,0,0
289,48,25,23,9,14,4,21,10,4,3,3,0,0,0,0,0,0,0,0,0,0,0,0,1.0,1.0,1.0,0.0,0.0,0.0,4,0,0
290,48,25,23,9,14,4,21,10,4,3,3,0,0,0,0,0,0,0,0,0,0,0,0,1.0,1.0,1.0,0.0,0.0,0.0,4,0,0
291,47,24,23,9,13,4,21,10,4,3,3,0,0,0,0,0,0,0,0,0,1,0,1,0.9565217391304348,1.0,1.0,0.0,0.0,0.0,4,0,1
292,47,24,23,9,13,4,21,10,4,3,3,0,0,0,0,0,0,0,0,0,0,0,0,1.0,1.0,1.0,0.0,0.0,0.0,4,0,0
293,47,24,23,9,13,4,21,10,4,3,3,0,0,0,0,0,0,0,0,0,0,0,0,1.0,1.0,1.0,0.0,0.0,0.0,4,0,0
294,46,24,22,8,13,4,21,10,4,3,3,0,0,0,0,0,0,0,0,0,1,0,1,0.9545454545454546,1.0,1.0,0.0,0.0,0.0,4,0,1
295,46,24,22,6,15,4,21,10,4,3,3,0,0,0,0,0,0,0,0,0,0,0,0,1.0,1.0,1.0,0.0,0.0,0.0,4,0,0
296,45,23,22,6,14,4,21,10,4,3,3,0,0,0,0,0,0,0,0,0,1,0,1,0.9523809523809523,1.0,1.0,0.0,0.0,0.0,4,0,1
297,45,23,22,6,14,4,21,10,4,3,2,0,0,0,0,0,0,0,0,0,0,0,0,1.0,1.0,1.0,0.0,0.0,0.0,4,0,0
298,49,25,24,6,18,4,21,10,4,2,3,0,0,0,0,0,4,1,0,1,0,0,0,1.0,1.0,1.0,0.08888888888888889,0.08888888888888889,0.25,4,4,0
299,49,25,24,6,18,4,21,10,4,2,3,0,0,0,0,0,2,0,0,0,0,0,0,1.0,1.0,1.0,0.0,0.0,0.0,4,0,0
300,49,25,24,6,18,4,21,10,5,1,2,0,0,0,0,0,5,1,0,0,0,0,0,1.0,1.0,1.0,0.0,0.0,0.2,4,0,0
301,49,25,24,6,18,4,21,10,5,1,2,0,0,0,0,0,5,1,0,0,0,0,0,1.0,1.0,1.0,0.0,0.0,0.2,4,0,0
302,47,23,24,6,16,4,21,10,5,1,2,0,0,0,0,0,5,1,0,0,2,0,2,0.9166666666666666,1.0,1.0,0.0,0.0,0.2,4,0,2
303,47,23,24,6,16,4,21,10,5,0,2,0,0,0,0,0,5,1,0,0,0,0,0,1.0,1.0,1.0,0.0,0.0,0.2,4,0,0
304,47,23,24,4,18,4,21,10,5,0,2,0,0,0,0,0,5,1,0,0,0,0,0,1.0,1.0,1.0,0.0,0.0,0.2,4,0,0
305,46,23,23,4,17,4,21,10,5,0,2,0,0,0,0,0,5,1,0,0,1,0,1,0.9545454545454546,1.0,1.0,0.0,0.0,0.2,4,0,1
306,46,23,23,4,17,4,21,10,5,0,1,0,0,0,0,0,5,1,0,0,0,0,0,1.0,1.0,1.0,0.0,0.0,0.2,4,0,0
307,46,23,23,4,17,4,21,10,5,0,1,0,0,0,0,0,5,1,0,0,0,0,0,1.0,1.0,1.0,0.0,0.0,0.2,4,0,0
308,46,23,23,4,17,4,21,10,5,0,1,0,0,0,0,0,5,1,0,0,0,0,0,1.0,1.0,1.0,0.0,0.0,0.2,4,0,0
309,44,21,23,3,16,4,21,10,5,0,1,0,0,0,0,0,5,1,0,0,2,0,2,0.9047619047619048,1.0,1.0,0.0,0.0,0.2,4,0,2
310,44,21,23,3,16,4,21,10,5,0,1,0,0,0,0,0,5,1,0,0,0,0,0,1.0,1.0,1.0,0.0,0.0,0.2,4,0,0
311,44,21,23,3,16,3,22,10,5,0,1,0,0,0,0,0,5,1,0,0,0,0,0,1.0,1.0,1.0,0.0,0.0,0.2,4,0,0
312,43,20,23,3,16,2,22,11,5,0,1,0,0,0,0,0,5,1,0,0,0,0,0,1.0,0.9166666666666666,1.0,0.0,0.0,0.2,4,0,1
313,43,20,23,3,16,2,22,11,5,0,1,0,0,0,0,0,5,1,0,0,0,0,0,1.0,1.0,1.0,0.0,0.0,0.2,4,0,0
314,43,20,23,3,16,2,22,11,5,0,1,0,0,0,0,0,5,1,0,0,0,0,0,1.0,1.0,1.0,0.0,0.0,0.2,4,0,0
315,43,20,23,3,16,2,22,11,5,0,1,0,0,0,0,0,5,1,0,0,0,0,0,1.0,1.0,1.0,0.0,0.0,0.2,4,0,0
316,43,20,23,3,16,2,22,11,5,0,1,0,0,0,0,0,5,1,0,0,0,0,0,1.0,1.0,1.0,0.0,0.0,0.2,4,0,0
317,47,21,26,7,16,2,22,11,4,0,2,0,0,0,0,0,5,1,0,1,0,0,0,1.0,1.0,1.0,0.09302325581395349,0.09302325581395349,0.2,4,4,0
318,50,23,27,10,16,2,22,11,3,0,3,0,0,0,0,0,5,1,0,1,0,0,0,1.0,1.0,1.0,0.06382978723404255,0.06382978723404255,0.2,4,3,0
319,49,23,26,10,15,2,22,11,3,0,3,0,0,0,0,0,5,1,0,0,1,0,1,0.9615384615384616,1.0,1.0,0.0,0.0,0.2,4,0,1
320,53,27,26,14,15,2,22,11,2,0,4,0,0,0,0,0,5,1,0,1,0,0,0,1.0,1.0,1.0,0.08163265306122448,0.08163265306122448,0.2,4,4,0
321,53,27,26,14,15,2,22,11,2,0,4,0,0,0,0,0,5,1,0,0,0,1,0,1.0,1.0,1.0,0.0,0.0,0.2,4,0,0
322,53,27,26,14,15,2,22,11,2,0,4,0,0,0,0,0,5,1,0,0,0,0,0,1.0,1.0,1.0,0.0,0.0,0.2,4,0,0
323,53,27,26,14,15,2,22,11,2,0,4,0,0,0,0,0,5,1,0,0,0,2,0,1.0,1.0,1.0,0.0,0.0,0.2,4,0,0
324,53,27,26,14,15,2,22,11,2,0,4,0,0,0,0,0,5,1,0,0,0,0,0,1.0,1.0,1.0,0.0,0.0,0.2,4,0,0
325,53,27,26,14,14,3,22,11,2,0,4,0,0,0,0,0,5,1,0,0,0,0,0,1.0,1.0,1.0,0.0,0.0,0.2,4,0,0
326,53,27,26,14,14,3,22,11,2,0,4,0,0,0,0,0,5,1,0,0,0,0,0,1.0,1.0,1.0,0.0,0.0,0.2,4,0,0
327,53,27,26,14,12,5,22,11,2,0,4,0,0,0,0,0,5,1,0,0,0,0,0,1.0,1.0,1.0,0.0,0.0,0.2,4,0,0
328,53,27,26,14,12,5,22,11,2,0,4,0,0,0,0,0,5,1,0,0,0,1,0,1.0,1.0,1.0,0.0,0.0,0.2,4,0,0
329,53,27,26,14,12,5,22,11,2,0,4,0,0,0,0,0,5,1,0,0,0,0,0,1.0,1.0,1.0,0.0,0.0,0.2,4,0,0
330,53,27,26,14,12,5,22,11,2,0,4,0,0,0,0,0,5,1,0,0,0,0,0,1.0,1.0,1.0,0.0,0.0,0.2,4,0,0
331,52,27,25,14,11,5,22,11,2,0,4,0,0,0,0,0,5,1,0,0,1,0,1,0.9615384615384616,1.0,1.0,0.0,0.0,0.2,4,0,1
332,52,27,25,14,10,6,22,11,2,0,4,0,0,0,0,0,5,1,0,0,0,0,0,1.0,1.0,1.0,0.0,0.0,0.2,4,0,0
333,52,27,25,14,10,6,22,11,2,0,4,0,0,0,0,0,5,1,0,0,0,0,0,1.0,1.0,1.0,0.0,0.0,0.2,4,0,0
334,52,27,25,14,10,6,22,11,2,0,4,0,0,0,0,0,5,1,0,0,0,0,0,1.0,1.0,1.0,0.0,0.0,0.2,4,0,0
335,52,27,25,14,10,6,22,11,2,0,4,0,0,0,0,0,5,1,0,0,0,0,0,1.0,1.0,1.0,0.0,0.0,0.2,4,0,0
336,52,27,25,14,10,6,22,11,2,0,4,0,0,0,0,0,5,1,0,0,0,0,0,1.0,1.0,1.0,0.0,0.0,0.2,4,0,0
337,51,27,24,14,9,6,22,11,2,0,4,0,0,0,0,0,5,1,0,0,1,0,1,0.9583333333333334,1.0,1.0,0.0,0.0,0.2,4,0,1
338,51,27,24,14,9,6,22,11,2,0,4,0,0,0,0,0,5,1,0,0,0,0,0,1.0,1.0,1.0,0.0,0.0,0.2,4,0,0
339,51,27,24,14,9,6,22,11,2,0,4,0,0,0,0,0,5,1,0,0,0,0,0,1.0,1.0,1.0,0.0,0.0,0.2,4,0,0
340,51,27,24,14,9,6,22,11,2,0,4,0,0,0,0,0,5,1,0,0,0,0,0,1.0,1.0,1.0,0.0,0.0,0.2,4,0,0
341,51,27,24,11,12,6,22,11,2,0,4,0,0,0,0,0,5,1,0,0,0,0,0,1.0,1.0,1.0,0.0,0.0,0.2,4,0,0
342,50,27,23,11,11,6,22,11,2,0,4,0,0,0,0,0,5,1,0,0,1,0,1,0.9565217391304348,1.0,1.0,0.0,0.0,0.2,4,0,1
343,50,27,23,11,11,6,22,11,2,0,3,0,0,0,0,0,5,1,0,0,0,0,0,1.0,1.0,1.0,0.0,0.0,0.2,4,0,0
344,50,27,23,11,11,6,22,11,2,0,3,0,0,0,0,0,5,1,0,0,0,0,0,1.0,1.0,1.0,0.0,0.0,0.2,4,0,0
345,50,27,23,11,11,6,22,11,2,0,3,0,0,0,0,0,5,1,0,0,0,0,0,1.0,1.0,1.0,0.0,0.0,0.2,4,0,0
346,50,27,23,11,11,6,22,11,2,0,3,0,0,0,0,0,5,1,0,0,0,0,0,1.0,1.0,1.0,0.0,0.0,0.2,4,0,0
347,50,27,23,11,11,6,22,11,2,0,3,0,0,0,0,0,5,1,0,0,0,0,0,1.0,1.0,1.0,0.0,0.0,0.2,4,0,0
348,50,27,23,11,11,6,22,11,2,0,3,0,0,0,0,0,5,1,0,0,0,0,0,1.0,1.0,1.0,0.0,0.0,0.2,4,0,0
349,50,27,23,11,11,6,22,11,2,0,3,0,0,0,0,0,5,1,0,0,0,0,0,1.0,1.0,1.0,0.0,0.0,0.2,4,0,0
350,48,26,22,10,10,6,22,11,2,0,3,0,0,0,0,0,5,1,0,0,2,0,2,0.9090909090909091,1.0,1.0,0.0,0.0,0.2,4,0,2
351,48,26,22,10,10,6,22,11,2,0,3,0,0,0,0,0,5,1,0,0,0,0,0,1.0,1.0,1.0,0.0,0.0,0.2,4,0,0
352,48,26,22,10,10,6,22,11,2,0,3,0,0,0,0,0,5,1,0,0,0,0,0,1.0,1.0,1.0,0.0,0.0,0.2,4,0,0
353,48,26,22,10,10,6,22,11,2,0,3,0,0,0,0,0,5,1,0,0,0,0,0,1.0,1.0,1.0,0.0,0.0,0.2,4,0,0
354,48,26,22,10,10,6,22,11,2,0,3,0,0,0,0,0,5,1,0,0,0,0,0,1.0,1.0,1.0,0.0,0.0,0.2,4,0,0
355,48,26,22,10,10,6,22,11,2,0,3,0,0,0,0,0,5,1,0,0,0,0,0,1.0,1.0,1.0,0.0,0.0,0.2,4,0,0
356,48,26,22,10,10,6,22,11,2,0,3,0,0,0,0,0,5,1,0,0,0,0,0,1.0,1.0,1.0,0.0,0.0,0.2,4,0,0
357,47,25,22,10,10,6,21,11,2,0,3,0,0,0,0,0,5,1,0,0,0,0,0,1.0,0.9090909090909091,1.0,0.0,0.0,0.2,4,0,1
358,47,25,22,10,10,6,21,11,2,0,3,0,0,0,0,0,5,1,0,0,0,0,0,1.0,1.0,1.0,0.0,0.0,0.2,4,0,0
359,47,25,22,10,10,6,21,11,2,0,3,0,0,0,0,0,5,1,0,0,0,0,0,1.0,1.0,1.0,0.0,0.0,0.2,4,0,0
360,47,25,22,6,14,6,21,11,2,0,3,0,0,0,0,0,5,1,0,0,0,0,0,1.0,1.0,1.0,0.0,0.0,0.2,4,0,0
361,47,25,22,3,17,6,21,11,2,0,3,0,0,0,0,0,5,1,0,0,0,0,0,1.0,1.0,1.0,0.0,0.0,0.2,4,0,0
362,46,25,21,3,16,6,21,11,2,0,2,0,0,0,0,0,5,1,0,0,1,0,1,0.95,1.0,1.0,0.0,0.0,0.2,4,0,1
363,50,26,24,4,19,6,21,11,1,0,2,0,0,0,0,0,5,1,0,1,0,0,0,1.0,1.0,1.0,0.08695652173913043,0.08695652173913043,0.2,4,4,0
364,49,26,23,3,19,6,21,11,1,0,2,0,0,0,0,0,5,1,0,0,1,0,1,0.9565217391304348,1.0,1.0,0.0,0.0,0.2,4,0,1
365,53,29,24,7,19,6,21,11,0,0,2,0,0,0,0,0,5,1,0,1,0,0,0,1.0,1.0,1.0,0.08163265306122448,0.08163265306122448,0.2,4,4,0
366,53,29,24,7,19,6,21,11,0,0,2,0,0,0,0,0,5,1,0,0,0,0,0,1.0,1.0,1.0,0.0,0.0,0.2,4,0,0
367,53,29,24,7,19,6,21,11,0,0,2,0,0,0,0,0,5,1,0,0,0,0,0,1.0,1.0,1.0,0.0,0.0,0.2,4,0,0
368,52,28,24,7,19,5,21,11,0,0,2,0,0,0,0,0,5,1,0,0,0,0,0,1.0,1.0,1.0,0.0,0.0,0.2,4,0,1
369,50,27,23,6,18,5,21,11,0,0,2,0,0,0,0,0,5,1,0,0,2,0,2,0.9230769230769231,1.0,1.0,0.0,0.0,0.2,4,0,2
370,48,26,22,6,17,4,21,11,0,0,2,0,0,0,0,0,5,1,0,0,1,0,1,0.9583333333333334,1.0,1.0,0.0,0.0,0.2,4,0,2
371,48,26,22,6,17,4,21,11,0,0,2,0,0,0,0,0,5,1,0,0,0,0,0,1.0,1.0,1.0,0.0,0.0,0.2,4,0,0
372,48,26,22,6,17,4,21,11,0,0,2,0,0,0,0,0,5,1,0,0,0,0,0,1.0,1.0,1.0,0.0,0.0,0.2,4,0,0
373,48,26,22,6,17,4,21,11,0,0,2,0,0,0,0,0,5,1,0,0,0,0,0,1.0,1.0,1.0,0.0,0.0,0.2,4,0,0
374,48,26,22,6,17,4,21,11,0,0,2,0,0,0,0,0,5,1,0,0,0,0,0,1.0,1.0,1.0,0.0,0.0,0.2,4,0,0
375,48,26,22,6,17,4,21,11,0,0,2,0,0,0,0,0,5,1,0,0,0,0,0,1.0,1.0,1.0,0.0,0.0,0.2,4,0,0
376,47,25,22,5,17,4,21,11,0,0,2,0,0,0,0,0,5,1,0,0,1,0,1,0.9565217391304348,1.0,1.0,0.0,0.0,0.2,4,0,1
377,47,25,22,5,17,4,21,11,0,0,2,0,0,0,0,0,5,1,0,0,0,0,0,1.0,1.0,1.0,0.0,0.0,0.2,4,0,0
378,47,25,22,5,17,4,21,11,0,0,2,0,0,0,0,0,5,1,0,0,0,0,0,1.0,1.0,1.0,0.0,0.0,0.2,4,0,0
379,47,25,22,5,17,4,21,11,0,0,2,0,0,0,0,0,5,1,0,0,0,0,0,1.0,1.0,1.0,0.0,0.0,0.2,4,0,0
380,47,25,22,5,17,4,21,11,0,0,2,0,0,0,0,0,5,1,0,0,0,0,0,1.0,1.0,1.0,0.0,0.0,0.2,4,0,0
381,46,25,21,4,17,4,21,11,0,0,2,0,0,0,0,0,5,1,0,0,1,0,1,0.9545454545454546,1.0,1.0,0.0,0.0,0.2,4,0,1
382,46,25,21,4,17,4,21,11,0,0,2,0,0,0,0,0,5,1,0,0,0,0,0,1.0,1.0,1.0,0.0,0.0,0.2,4,0,0
383,46,25,21,4,17,4,21,11,0,0,2,0,0,0,0,0,5,1,0,0,0,0,0,1.0,1.0,1.0,0.0,0.0,0.2,4,0,0
384,46,25,21,4,17,4,21,11,0,0,2,0,0,0,0,0,5,1,0,0,0,0,0,1.0,1.0,1.0,0.0,0.0,0.2,4,0,0
385,46,25,21,4,17,4,21,11,0,0,2,0,0,0,0,0,5,1,0,0,0,0,0,1.0,1.0,1.0,0.0,0.0,0.2,4,0,0
386,46,25,21,4,17,4,21,11,0,0,2,0,0,0,0,0,5,1,0,0,0,0,0,1.0,1.0,1.0,0.0,0.0,0.2,4,0,0
387,46,25,21,4,17,4,21,11,0,0,2,0,0,0,0,0,5,1,0,0,0,2,0,1.0,1.0,1.0,0.0,0.0,0.2,4,0,0
388,46,25,21,4,17,4,21,11,0,0,2,0,0,0,0,0,5,1,0,0,0,1,0,1.0,1.0,1.0,0.0,0.0,0.2,4,0,0
389,46,25,21,4,17,4,21,11,0,0,2,0,0,0,0,0,5,1,0,0,0,0,0,1.0,1.0,1.0,0.0,0.0,0.2,4,0,0
390,46,25,21,4,17,4,21,11,0,0,2,0,0,0,0,0,5,1,0,0,0,0,0,1.0,1.0,1.0,0.0,0.0,0.2,4,0,0
391,46,25,21,4,15,6,21,11,0,0,2,0,0,0,0,0,5,1,0,0,0,0,0,1.0,1.0,1.0,0.0,0.0,0.2,4,0,0
392,46,25,21,4,14,7,21,11,0,0,2,0,0,0,0,0,5,1,0,0,0,0,0,1.0,1.0,1.0,0.0,0.0,0.2,4,0,0
393,46,25,21,4,14,7,21,11,0,0,2,0,0,0,0,0,5,1,0,0,0,0,0,1.0,1.0,1.0,0.0,0.0,0.2,4,0,0
394,46,25,21,4,14,7,21,11,0,0,2,0,0,0,0,0,5,1,0,0,0,0,0,1.0,1.0,1.0,0.0,0.0,0.2,4,0,0
395,46,25,21,4,14,7,21,11,1,2,2,0,0,0,0,0,14,1,2,0,0,0,0,1.0,1.0,1.0,0.0,0.0,0.07142857142857142,4,0,0
396,46,25,21,4,14,7,21,11,4,3,2,0,0,0,0,0,16,3,1,0,0,0,0,1.0,1.0,1.0,0.0,0.0,0.1875,4,0,0
397,45,24,21,4,13,7,21,11,4,4,2,0,0,0,0,0,8,0,1,0,1,0,1,0.9444444444444444,1.0,1.0,0.0,0.0,0.0,4,0,1
398,45,24,21,4,13,7,21,11,5,4,2,0,0,0,0,0,4,1,0,0,0,0,0,1.0,1.0,1.0,0.0,0.0,0.25,4,0,0
399,45,24,21,4,13,7,21,11,5,4,2,0,0,0,0,0,0,0,0,0,0,0,0,1.0,1.0,1.0,0.0,0.0,0.0,4,0,0
400,45,24,21,4,13,7,21,11,5,4,2,0,0,0,0,0,0,0,0,0,0,0,0,1.0,1.0,1.0,0.0,0.0,0.0,4,0,0
401,45,24,21,4,13,7,21,11,5,4,2,0,0,0,0,0,0,0,0,0,0,0,0,1.0,1.0,1.0,0.0,0.0,0.0,4,0,0
402,45,24,21,4,13,7,21,11,5,4,2,0,0,0,0,0,0,0,0,0,0,0,0,1.0,1.0,1.0,0.0,0.0,0.0,4,0,0
403,43,23,20,4,12,7,20,11,5,4,2,0,0,0,0,0,0,0,0,0,1,0,1,0.9411764705882353,0.9,1.0,0.0,0.0,0.0,4,0,2
404,43,23,20,4,12,7,20,11,5,4,2,0,0,0,0,0,0,0,0,0,0,0,0,1.0,1.0,1.0,0.0,0.0,0.0,4,0,0
405,43,23,20,4,12,7,20,11,5,4,2,0,0,0,0,0,0,0,0,0,0,0,0,1.0,1.0,1.0,0.0,0.0,0.0,4,0,0
406,43,23,20,3,13,7,20,11,5,4,2,0,0,0,0,0,0,0,0,0,0,0,0,1.0,1.0,1.0,0.0,0.0,0.0,4,0,0
407,43,23,20,3,13,6,21,12,5,4,2,0,0,0,0,0,0,0,0,0,0,0,0,1.0,1.0,1.0,0.0,0.0,0.0,4,0,0
408,43,23,20,0,16,6,21,12,5,4,1,0,0,0,0,0,1,0,0,0,0,0,0,1.0,1.0,1.0,0.0,0.0,0.0,4,0,0
409,43,23,20,0,16,6,21,12,6,4,1,0,0,0,0,0,12,1,0,0,0,0,0,1.0,1.0,1.0,0.0,0.0,0.08333333333333333,4,0,0
410,43,23,20,0,16,6,21,12,6,5,0,0,0,0,0,0,4,0,1,0,0,0,0,1.0,1.0,1.0,0.0,0.0,0.0,4,0,0
411,43,23,20,0,16,6,21,12,7,5,0,0,0,0,0,0,5,1,0,0,0,0,0,1.0,1.0,1.0,0.0,0.0,0.2,4,0,0
412,42,22,20,0,16,5,21,12,7,5,0,0,0,0,0,0,0,0,0,0,0,0,0,1.0,1.0,1.0,0.0,0.0,0.0,4,0,1
413,42,22,20,0,16,5,21,12,7,5,0,0,0,0,0,0,0,0,0,0,0,0,0,1.0,1.0,1.0,0.0,0.0,0.0,4,0,0
414,42,22,20,0,16,5,21,12,7,5,0,0,0,0,0,0,0,0,0,0,0,0,0,1.0,1.0,1.0,0.0,0.0,0.0,4,0,0
415,42,22,20,0,16,5,21,12,7,5,0,0,0,0,0,0,0,0,0,0,0,0,0,1.0,1.0,1.0,0.0,0.0,0.0,4,0,0
416,42,22,20,0,16,4,22,12,7,5,0,0,0,0,0,0,0,0,0,0,0,0,0,1.0,1.0,1.0,0.0,0.0,0.0,4,0,0
417,41,21,20,0,16,4,21,12,7,5,0,0,0,0,0,0,0,0,0,0,0,0,0,1.0,0.9,1.0,0.0,0.0,0.0,4,0,1
418,41,21,20,0,16,4,21,12,7,5,0,0,0,0,0,0,0,0,0,0,0,0,0,1.0,1.0,1.0,0.0,0.0,0.0,4,0,0
419,41,21,20,0,16,4,21,12,7,5,0,0,0,0,0,0,0,0,0,0,0,0,0,1.0,1.0,1.0,0.0,0.0,0.0,4,0,0
420,41,21,20,0,16,4,21,12,7,5,0,0,0,0,0,0,0,0,0,0,0,0,0,1.0,1.0,1.0,0.0,0.0,0.0,4,0,0
421,41,21,20,0,16,4,21,12,7,5,0,0,0,0,0,0,0,0,0,0,0,0,0,1.0,1.0,1.0,0.0,0.0,0.0,4,0,0
422,41,21,20,0,16,4,21,12,7,5,0,0,0,0,0,0,0,0,0,0,0,0,0,1.0,1.0,1.0,0.0,0.0,0.0,4,0,0
423,41,21,20,0,16,4,21,12,7,5,0,0,0,0,0,0,0,0,0,0,0,0,0,1.0,1.0,1.0,0.0,0.0,0.0,4,0,0
424,41,21,20,0,16,4,21,12,7,5,0,0,0,0,0,0,0,0,0,0,0,0,0,1.0,1.0,1.0,0.0,0.0,0.0,4,0,0
425,41,21,20,0,16,4,21,12,7,5,0,0,0,0,0,0,0,0,0,0,0,0,0,1.0,1.0,1.0,0.0,0.0,0.0,4,0,0
426,41,21,20,0,16,4,21,12,7,5,0,0,0,0,0,0,0,0,0,0,0,0,0,1.0,1.0,1.0,0.0,0.0,0.0,4,0,0
427,41,21,20,0,16,4,21,12,7,5,0,0,0,0,0,0,0,0,0,0,0,0,0,1.0,1.0,1.0,0.0,0.0,0.0,4,0,0
428,41,21,20,0,16,4,21,12,7,5,0,0,0,0,0,0,0,0,0,0,0,0,0,1.0,1.0,1.0,0.0,0.0,0.0,4,0,0
429,41,21,20,0,16,4,21,12,7,5,0,0,0,0,0,0,0,0,0,0,0,0,0,1.0,1.0,1.0,0.0,0.0,0.0,4,0,0
430,41,21,20,0,16,4,21,12,7,5,0,0,0,0,0,0,0,0,0,0,0,0,0,1.0,1.0,1.0,0.0,0.0,0.0,4,0,0
431,41,21,20,0,16,4,21,12,7,5,0,0,0,0,0,0,0,0,0,0,0,0,0,1.0,1.0,1.0,0.0,0.0,0.0,4,0,0
432,41,21,20,0,16,4,21,12,7,5,0,0,0,0,0,0,0,0,0,0,0,0,0,1.0,1.0,1.0,0.0,0.0,0.0,4,0,0
433,41,21,20,0,16,4,21,12,7,5,0,0,0,0,0,0,0,0,0,0,0,0,0,1.0,1.0,1.0,0.0,0.0,0.0,4,0,0
434,40,20,20,0,16,4,20,12,7,5,0,0,0,0,0,0,0,0,0,0,0,0,0,1.0,0.8888888888888888,1.0,0.0,0.0,0.0,4,0,1
435,40,20,20,0,16,4,20,12,7,5,0,0,0,0,0,0,0,0,0,0,0,2,0,1.0,1.0,1.0,0.0,0.0,0.0,4,0,0
436,40,20,20,0,16,4,20,12,7,5,0,0,0,0,0,0,0,0,0,0,0,0,0,1.0,1.0,1.0,0.0,0.0,0.0,4,0,0
437,40,20,20,0,16,4,20,12,7,5,0,0,0,0,0,0,0,0,0,0,0,0,0,1.0,1.0,1.0,0.0,0.0,0.0,4,0,0
438,40,20,20,0,16,4,20,12,7,5,0,0,0,0,0,0,0,0,0,0,0,0,0,1.0,1.0,1.0,0.0,0.0,0.0,4,0,0
439,40,20,20,0,14,6,20,12,7,5,0,0,0,0,0,0,0,0,0,0,0,0,0,1.0,1.0,1.0,0.0,0.0,0.0,4,0,0
440,40,20,20,0,14,6,20,12,7,3,0,0,0,0,0,0,0,0,0,0,0,0,0,1.0,1.0,1.0,0.0,0.0,0.0,4,0,0
441,40,20,20,0,14,6,20,12,9,2,0,0,0,0,0,0,7,2,0,0,0,0,0,1.0,1.0,1.0,0.0,0.0,0.2857142857142857,4,0,0
442,40,20,20,0,14,6,20,12,9,1,0,0,0,0,0,0,1,0,0,0,0,0,0,1.0,1.0,1.0,0.0,0.0,0.0,4,0,0
443,40,20,20,0,14,6,20,12,10,1,0,0,0,0,0,0,8,1,0,0,0,0,0,1.0,1.0,1.0,0.0,0.0,0.125,4,0,0
444,40,20,20,0,14,6,20,12,11,1,0,0,0,0,0,0,5,1,0,0,0,0,0,1.0,1.0,1.0,0.0,0.0,0.2,4,0,0
445,40,20,20,0,14,6,20,12,11,1,0,0,0,0,0,0,0,0,0,0,0,0,0,1.0,1.0,1.0,0.0,0.0,0.0,4,0,0
446,40,20,20,0,14,6,20,12,11,1,0,0,0,0,0,0,0,0,0,0,0,0,0,1.0,1.0,1.0,0.0,0.0,0.0,4,0,0
447,40,20,20,0,14,6,20,12,11,1,0,0,0,0,0,0,0,0,0,0,0,0,0,1.0,1.0,1.0,0.0,0.0,0.0,4,0,0
448,40,20,20,0,14,6,20,12,11,1,0,0,0,0,0,0,0,0,0,0,0,0,0,1.0,1.0,1.0,0.0,0.0,0.0,4,0,0
449,40,20,20,0,14,6,20,12,11,1,0,0,0,0,0,0,0,0,0,0,0,0,0,1.0,1.0,1.0,0.0,0.0,0.0,4,0,0
450,40,20,20,0,14,6,20,12,11,1,0,0,0,0,0,0,0,0,0,0,0,0,0,1.0,1.0,1.0,0.0,0.0,0.0,4,0,0
451,40,20,20,0,14,6,20,12,11,1,0,0,0,0,0,0,0,0,0,0,0,0,0,1.0,1.0,1.0,0.0,0.0,0.0,4,0,0
452,40,20,20,0,14,6,20,12,11,1,0,0,0,0,0,0,0,0,0,0,0,0,0,1.0,1.0,1.0,0.0,0.0,0.0,4,0,0
453,40,20,20,0,14,6,20,12,11,1,0,0,0,0,0,0,0,0,0,0,0,0,0,1.0,1.0,1.0,0.0,0.0,0.0,4,0,0
454,40,20,20,0,14,6,20,12,11,1,0,0,0,0,0,0,0,0,0,0,0,0,0,1.0,1.0,1.0,0.0,0.0,0.0,4,0,0
455,40,20,20,0,14,6,20,12,11,0,0,0,0,0,0,0,0,0,0,0,0,0,0,1.0,1.0,1.0,0.0,0.0,0.0,4,0,0
456,40,20,20,0,14,6,20,12,12,0,0,0,0,0,0,0,6,1,0,0,0,0,0,1.0,1.0,1.0,0.0,0.0,0.16666666666666666,4,0,0
457,40,20,20,0,14,6,20,12,12,0,0,0,0,0,0,0,0,0,0,0,0,0,0,1.0,1.0,1.0,0.0,0.0,0.0,4,0,0
458,40,20,20,0,14,6,20,12,12,0,0,0,0,0,0,0,0,0,0,0,0,0,0,1.0,1.0,1.0,0.0,0.0,0.0,4,0,0
459,40,20,20,0,14,6,20,12,12,0,0,0,0,0,0,0,0,0,0,0,0,0,0,1.0,1.0,1.0,0.0,0.0,0.0,4,0,0
460,44,21,23,4,14,5,21,12,11,0,1,0,0,0,0,0,0,0,0,1,0,0,0,1.0,1.0,1.0,0.1,0.1,0.0,4,4,0
461,55,29,26,15,14,5,21,12,8,0,4,0,0,0,0,0,0,0,0,3,0,0,0,1.0,1.0,1.0,0.25,0.25,0.0,4,11,0
462,55,29,26,15,14,4,22,12,8,0,4,0,0,0,0,0,0,0,0,0,0,0,0,1.0,1.0,1.0,0.0,0.0,0.0,4,0,0
463,58,31,27,19,13,4,22,12,7,0,5,0,0,0,0,0,0,0,0,1,1,0,1,0.9655172413793104,1.0,1.0,0.07272727272727272,0.07272727272727272,0.0,4,4,1
464,58,31,27,19,13,4,22,12,7,0,5,0,0,0,0,0,0,0,0,0,0,0,0,1.0,1.0,1.0,0.0,0.0,0.0,4,0,0
465,58,31,27,19,13,4,22,12,7,0,5,0,0,0,0,0,0,0,0,0,0,0,0,1.0,1.0,1.0,0.0,0.0,0.0,4,0,0
466,58,31,27,19,13,4,22,12,7,0,5,0,0,0,0,0,0,0,0,0,0,0,0,1.0,1.0,1.0,0.0,0.0,0.0,4,0,0
467,57,30,27,18,13,4,22,12,7,0,5,0,0,0,0,0,0,0,0,0,1,0,1,0.96875,1.0,1.0,0.0,0.0,0.0,4,0,1
468,57,30,27,18,13,4,22,12,7,0,5,0,0,0,0,0,0,0,0,0,0,0,0,1.0,1.0,1.0,0.0,0.0,0.0,4,0,0
469,55,30,25,17,12,4,22,12,7,0,5,0,0,0,0,0,0,0,0,0,2,0,2,0.935483870967742,1.0,1.0,0.0,0.0,0.0,4,0,2
470,55,30,25,17,12,4,22,12,7,0,5,0,0,0,0,0,0,0,0,0,0,0,0,1.0,1.0,1.0,0.0,0.0,0.0,4,0,0
471,55,30,25,17,12,4,22,12,7,0,5,0,0,0,0,0,0,0,0,0,0,0,0,1.0,1.0,1.0,0.0,0.0,0.0,4,0,0
472,55,30,25,17,12,4,22,12,7,0,5,0,0,0,0,0,0,0,0,0,0,0,0,1.0,1.0,1.0,0.0,0.0,0.0,4,0,0
473,54,29,25,16,12,4,22,12,7,0,5,0,0,0,0,0,0,0,0,0,1,0,1,0.9655172413793104,1.0,1.0,0.0,0.0,0.0,4,0,1
474,57,30,27,19,12,4,22,12,6,0,6,0,0,0,0,0,0,0,0,1,0,0,0,1.0,1.0,1.0,0.05555555555555555,0.05555555555555555,0.0,4,3,0
475,57,30,27,19,12,4,22,12,6,0,6,0,0,0,0,0,0,0,0,0,0,0,0,1.0,1.0,1.0,0.0,0.0,0.0,4,0,0
476,59,30,29,21,12,4,22,12,5,0,7,0,0,0,0,0,0,0,0,1,2,0,2,0.935483870967742,1.0,1.0,0.07017543859649122,0.07017543859649122,0.0,4,4,2
477,57,29,28,20,11,4,22,12,5,0,7,0,0,0,0,0,0,0,0,0,2,0,2,0.9393939393939394,1.0,1.0,0.0,0.0,0.0,4,0,2
478,56,28,28,20,10,4,22,12,5,0,7,0,0,0,0,0,0,0,0,0,1,1,1,0.967741935483871,1.0,1.0,0.0,0.0,0.0,4,0,1
479,55,28,27,20,9,4,22,12,5,0,7,0,0,0,0,0,0,0,0,0,1,0,1,0.9666666666666667,1.0,1.0,0.0,0.0,0.0,4,0,1
480,55,28,27,20,9,4,22,12,5,0,7,0,0,0,0,0,0,0,0,0,0,0,0,1.0,1.0,1.0,0.0,0.0,0.0,4,0,0
481,54,28,26,19,9,4,22,12,5,0,7,0,0,0,0,0,0,0,0,0,1,0,1,0.9655172413793104,1.0,1.0,0.0,0.0,0.0,4,0,1
482,54,28,26,19,8,4,23,13,5,0,7,0,0,0,0,0,0,0,0,0,0,0,0,1.0,1.0,1.0,0.0,0.0,0.0,4,0,0
483,53,27,26,18,8,4,23,13,5,0,7,0,0,0,0,0,0,0,0,0,1,0,1,0.962962962962963,1.0,1.0,0.0,0.0,0.0,4,0,1
484,53,27,26,18,8,4,23,13,5,0,7,0,0,0,0,0,0,0,0,0,0,0,0,1.0,1.0,1.0,0.0,0.0,0.0,4,0,0
485,50,26,24,16,8,4,22,12,4,0,7,0,0,0,0,0,0,0,0,0,2,0,2,0.9230769230769231,1.0,0.9230769230769231,0.0,0.0,0.0,4,0,3
486,50,26,24,16,8,4,22,12,5,0,7,0,0,0,0,0,6,1,0,0,0,0,0,1.0,1.0,1.0,0.0,0.0,0.16666666666666666,4,0,0
487,50,26,24,16,8,4,22,12,5,0,7,0,0,0,0,0,0,0,0,0,0,0,0,1.0,1.0,1.0,0.0,0.0,0.0,4,0,0
488,49,26,23,16,7,4,22,12,5,0,7,0,0,0,0,0,0,0,0,0,1,0,1,0.9583333333333334,1.0,1.0,0.0,0.0,0.0,4,0,1
489,49,26,23,16,7,4,22,12,5,0,7,0,0,0,0,0,0,0,0,0,0,0,0,1.0,1.0,1.0,0.0,0.0,0.0,4,0,0
490,49,26,23,16,7,4,22,12,5,0,7,0,0,0,0,0,0,0,0,0,0,0,0,1.0,1.0,1.0,0.0,0.0,0.0,4,0,0
491,49,26,23,16,7,4,22,12,5,0,7,0,0,0,0,0,0,0,0,0,0,0,0,1.0,1.0,1.0,0.0,0.0,0.0,4,0,0
492,49,26,23,16,7,4,22,12,5,0,7,0,0,0,0,0,0,0,0,0,0,0,0,1.0,1.0,1.0,0.0,0.0,0.0,4,0,0
493,48,25,23,16,7,3,22,12,5,0,7,0,0,0,0,0,0,0,0,0,0,0,0,1.0,1.0,1.0,0.0,0.0,0.0,4,0,1
494,48,25,23,16,7,3,22,12,5,0,7,0,0,0,0,0,0,0,0,0,0,0,0,1.0,1.0,1.0,0.0,0.0,0.0,4,0,0
495,47,25,22,15,7,3,22,12,5,0,7,0,0,0,0,0,0,0,0,0,1,0,1,0.9565217391304348,1.0,1.0,0.0,0.0,0.0,4,0,1
496,47,25,22,15,7,3,22,12,5,0,7,0,0,0,0,0,0,0,0,0,0,0,0,1.0,1.0,1.0,0.0,0.0,0.0,4,0,0
497,47,25,22,15,7,3,22,12,5,0,7,0,0,0,0,0,0,0,0,0,0,2,0,1.0,1.0,1.0,0.0,0.0,0.0,4,0,0
498,47,25,22,15,7,3,22,12,5,0,7,0,0,0,0,0,0,0,0,0,0,2,0,1.0,1.0,1.0,0.0,0.0,0.0,4,0,0
499,47,25,22,15,7,3,22,12,5,0,7,0,0,0,0,0,0,0,0,0,0,0,0,1.0,1.0,1.0,0.0,0.0,0.0,4,0,0
500,47,25,22,15,7,3,22,12,5,0,7,0,0,0,0,0,0,0,0,0,0,2,0,1.0,1.0,1.0,0.0,0.0,0.0,4,0,0
501,47,25,22,15,5,5,22,12,5,0,7,0,0,0,0,0,0,0,0,0,0,0,0,1.0,1.0,1.0,0.0,0.0,0.0,4,0,0
502,47,25,22,15,3,7,22,12,5,0,7,0,0,0,0,0,0,0,0,0,0,0,0,1.0,1.0,1.0,0.0,0.0,0.0,4,0,0
503,46,25,21,13,5,7,21,11,5,0,6,0,0,0,0,0,0,0,0,0,0,0,0,1.0,1.0,0.9166666666666666,0.0,0.0,0.0,4,0,1
504,46,25,21,9,7,9,21,11,5,0,6,0,0,0,0,0,0,0,0,0,0,0,0,1.0,1.0,1.0,0.0,0.0,0.0,4,0,0
505,46,25,21,9,7,9,21,11,5,0,5,0,0,0,0,0,0,0,0,0,0,0,0,1.0,1.0,1.0,0.0,0.0,0.0,4,0,0
506,49,28,21,10,9,9,21,11,5,0,3,0,0,0,0,0,7,1,0,1,1,0,1,0.9375,1.0,1.0,0.08695652173913043,0.08695652173913043,0.14285714285714285,4,4,1
507,49,28,21,10,9,9,21,11,7,0,3,0,0,0,0,0,10,2,0,0,0,0,0,1.0,1.0,1.0,0.0,0.0,0.2,4,0,0
508,52,29,23,14,8,8,22,12,6,0,3,0,0,0,0,0,5,0,0,1,1,0,1,0.9473684210526316,1.0,1.0,0.08163265306122448,0.08163265306122448,0.0,4,4,1
509,56,30,26,18,8,8,22,12,7,0,4,0,0,0,0,0,9,2,0,1,0,0,0,1.0,1.0,1.0,0.07692307692307693,0.07692307692307693,0.2222222222222222,4,4,0
510,55,29,26,17,8,8,22,12,7,0,4,0,0,0,0,0,0,0,0,0,1,0,1,0.9615384615384616,1.0,1.0,0.0,0.0,0.0,4,0,1
511,55,29,26,17,8,8,22,12,7,0,4,0,0,0,0,0,0,0,0,0,0,0,0,1.0,1.0,1.0,0.0,0.0,0.0,4,0,0
512,55,29,26,17,8,8,22,12,8,0,4,0,0,0,0,0,2,1,0,0,0,0,0,1.0,1.0,1.0,0.0,0.0,0.5,4,0,0
513,54,28,26,17,7,8,22,12,8,0,4,0,0,0,0,0,0,0,0,0,1,0,1,0.96,1.0,1.0,0.0,0.0,0.0,4,0,1
514,54,28,26,17,7,8,22,12,8,0,4,0,0,0,0,0,0,0,0,0,0,0,0,1.0,1.0,1.0,0.0,0.0,0.0,4,0,0
515,54,28,26,17,7,8,22,12,8,0,4,0,0,0,0,0,0,0,0,0,0,0,0,1.0,1.0,1.0,0.0,0.0,0.0,4,0,0
516,52,27,25,17,7,7,21,11,8,0,3,0,0,0,0,0,0,0,0,0,0,0,0,1.0,1.0,0.9166666666666666,0.0,0.0,0.0,4,0,2
517,52,27,25,14,10,7,21,11,8,0,3,0,0,0,0,0,0,0,0,0,0,0,0,1.0,1.0,1.0,0.0,0.0,0.0,4,0,0
518,51,27,24,13,10,7,21,11,8,0,3,0,0,0,0,0,0,0,0,0,1,0,1,0.9583333333333334,1.0,1.0,0.0,0.0,0.0,4,0,1
519,50,27,23,10,13,7,20,10,7,0,2,0,0,0,0,0,0,0,0,0,0,0,0,1.0,1.0,0.9090909090909091,0.0,0.0,0.0,4,0,1
520,50,27,23,10,13,7,20,10,7,1,2,0,0,0,0,0,3,0,1,0,0,0,0,1.0,1.0,1.0,0.0,0.0,0.0,4,0,0
521,53,27,26,13,13,7,20,10,6,1,3,0,0,0,0,0,0,0,0,1,0,0,0,1.0,1.0,1.0,0.06,0.06,0.0,4,3,0
522,53,27,26,13,13,7,20,10,6,1,3,0,0,0,0,0,0,0,0,0,0,0,0,1.0,1.0,1.0,0.0,0.0,0.0,4,0,0
523,53,27,26,13,13,7,20,10,6,1,3,0,0,0,0,0,0,0,0,0,0,0,0,1.0,1.0,1.0,0.0,0.0,0.0,4,0,0
524,53,27,26,13,13,7,20,10,6,1,3,0,0,0,0,0,0,0,0,0,0,0,0,1.0,1.0,1.0,0.0,0.0,0.0,4,0,0
525,53,27,26,13,13,7,20,10,6,1,3,0,0,0,0,0,0,0,0,0,0,0,0,1.0,1.0,1.0,0.0,0.0,0.0,4,0,0
526,51,25,26,13,12,6,20,10,6,1,3,0,0,0,0,0,0,0,0,0,1,0,1,0.9615384615384616,0.9090909090909091,1.0,0.0,0.0,0.0,4,0,2
527,51,25,26,13,12,6,20,10,6,1,3,0,0,0,0,0,0,0,0,0,0,0,0,1.0,1.0,1.0,0.0,0.0,0.0,4,0,0
528,51,25,26,13,12,6,20,10,6,1,3,0,0,0,0,0,0,0,0,0,0,0,0,1.0,1.0,1.0,0.0,0.0,0.0,4,0,0
529,50,25,25,13,11,6,20,10,6,1,3,0,0,0,0,0,0,0,0,0,1,0,1,0.96,1.0,1.0,0.0,0.0,0.0,4,0,1
530,50,25,25,13,11,6,20,10,6,1,3,0,0,0,0,0,0,0,0,0,0,0,0,1.0,1.0,1.0,0.0,0.0,0.0,4,0,0
531,50,25,25,13,11,6,20,10,6,1,3,0,0,0,0,0,0,0,0,0,0,0,0,1.0,1.0,1.0,0.0,0.0,0.0,4,0,0
532,50,25,25,13,11,6,20,10,6,1,3,0,0,0,0,0,0,0,0,0,0,0,0,1.0,1.0,1.0,0.0,0.0,0.0,4,0,0
533,50,25,25,13,11,6,20,10,6,1,3,0,0,0,0,0,0,0,0,0,0,0,0,1.0,1.0,1.0,0.0,0.0,0.0,4,0,0
534,50,25,25,13,11,6,20,10,6,1,3,0,0,0,0,0,0,0,0,0,0,0,0,1.0,1.0,1.0,0.0,0.0,0.0,4,0,0
535,49,24,25,12,11,6,20,10,6,1,3,0,0,0,0,0,0,0,0,0,1,0,1,0.9583333333333334,1.0,1.0,0.0,0.0,0.0,4,0,1
536,49,24,25,12,11,6,20,10,6,1,3,0,0,0,0,0,0,0,0,0,0,0,0,1.0,1.0,1.0,0.0,0.0,0.0,4,0,0
537,49,24,25,12,11,6,20,10,6,1,3,0,0,0,0,0,0,0,0,0,0,0,0,1.0,1.0,1.0,0.0,0.0,0.0,4,0,0
538,49,24,25,12,11,6,20,10,6,1,3,0,0,0,0,0,0,0,0,0,0,0,0,1.0,1.0,1.0,0.0,0.0,0.0,4,0,0
539,49,24,25,12,11,6,20,10,6,1,3,0,0,0,0,0,0,0,0,0,0,0,0,1.0,1.0,1.0,0.0,0.0,0.0,4,0,0
540,49,24,25,12,11,6,20,10,6,1,3,0,0,0,0,0,0,0,0,0,0,0,0,1.0,1.0,1.0,0.0,0.0,0.0,4,0,0
541,48,24,24,12,10,6,20,10,6,1,3,0,0,0,0,0,0,0,0,0,1,0,1,0.9565217391304348,1.0,1.0,0.0,0.0,0.0,4,0,1
542,48,24,24,12,10,6,20,10,6,1,3,0,0,0,0,0,0,0,0,0,0,0,0,1.0,1.0,1.0,0.0,0.0,0.0,4,0,0
543,48,24,24,12,10,6,20,10,6,1,3,0,0,0,0,0,0,0,0,0,0,0,0,1.0,1.0,1.0,0.0,0.0,0.0,4,0,0
544,46,24,22,11,9,6,20,10,6,1,3,0,0,0,0,0,0,0,0,0,2,0,2,0.9090909090909091,1.0,1.0,0.0,0.0,0.0,4,0,2
545,46,24,22,11,9,6,20,10,6,1,3,0,0,0,0,0,0,0,0,0,0,1,0,1.0,1.0,1.0,0.0,0.0,0.0,4,0,0
546,46,24,22,11,9,6,20,10,6,1,3,0,0,0,0,0,0,0,0,0,0,0,0,1.0,1.0,1.0,0.0,0.0,0.0,4,0,0
547,45,23,22,10,9,6,20,10,6,1,3,0,0,0,0,0,0,0,0,0,1,0,1,0.95,1.0,1.0,0.0,0.0,0.0,4,0,1
548,44,22,22,10,8,6,20,10,6,1,3,0,0,0,0,0,0,0,0,0,1,0,1,0.9473684210526316,1.0,1.0,0.0,0.0,0.0,4,0,1
549,44,22,22,7,10,7,20,10,6,1,3,0,0,0,0,0,0,0,0,0,0,0,0,1.0,1.0,1.0,0.0,0.0,0.0,4,0,0
550,44,22,22,7,10,7,20,10,6,1,3,0,0,0,0,0,0,0,0,0,0,0,0,1.0,1.0,1.0,0.0,0.0,0.0,4,0,0
551,47,24,23,9,12,6,20,10,5,1,3,0,0,0,0,0,0,0,0,1,0,0,0,1.0,1.0,1.0,0.09090909090909091,0.09090909090909091,0.0,4,4,1
552,47,24,23,7,14,6,20,10,6,1,3,0,0,0,0,0,7,1,0,0,0,0,0,1.0,1.0,1.0,0.0,0.0,0.14285714285714285,4,0,0
553,47,24,23,7,14,6,20,10,6,1,2,0,0,0,0,0,0,0,0,0,0,0,0,1.0,1.0,1.0,0.0,0.0,0.0,4,0,0
554,47,24,23,7,14,6,20,10,7,1,2,0,0,0,0,0,7,1,0,0,0,0,0,1.0,1.0,1.0,0.0,0.0,0.14285714285714285,4,0,0
555,47,24,23,7,14,6,20,10,7,1,2,0,0,0,0,0,0,0,0,0,0,0,0,1.0,1.0,1.0,0.0,0.0,0.0,4,0,0
556,47,24,23,7,14,6,20,10,7,1,2,0,0,0,0,0,0,0,0,0,0,0,0,1.0,1.0,1.0,0.0,0.0,0.0,4,0,0
557,47,24,23,7,14,6,20,10,7,1,2,0,0,0,0,0,0,0,0,0,0,0,0,1.0,1.0,1.0,0.0,0.0,0.0,4,0,0
558,47,24,23,7,14,6,20,10,7,1,2,0,0,0,0,0,0,0,0,0,0,0,0,1.0,1.0,1.0,0.0,0.0,0.0,4,0,0
559,47,24,23,7,14,6,20,10,7,1,2,0,0,0,0,0,0,0,0,0,0,0,0,1.0,1.0,1.0,0.0,0.0,0.0,4,0,0
560,46,24,22,7,13,6,20,10,7,1,2,0,0,0,0,0,0,0,0,0,1,0,1,0.9523809523809523,1.0,1.0,0.0,0.0,0.0,4,0,1
561,46,24,22,7,13,6,20,10,7,1,2,0,0,0,0,0,0,0,0,0,0,0,0,1.0,1.0,1.0,0.0,0.0,0.0,4,0,0
562,46,24,22,7,13,6,20,10,7,1,2,0,0,0,0,0,0,0,0,0,0,0,0,1.0,1.0,1.0,0.0,0.0,0.0,4,0,0
563,46,24,22,7,13,6,20,10,7,1,2,0,0,0,0,0,0,0,0,0,0,0,0,1.0,1.0,1.0,0.0,0.0,0.0,4,0,0
564,46,24,22,4,16,6,20,10,7,1,2,0,0,0,0,0,0,0,0,0,0,0,0,1.0,1.0,1.0,0.0,0.0,0.0,4,0,0
565,46,24,22,4,16,6,20,10,7,0,2,0,0,0,0,0,0,0,0,0,0,0,0,1.0,1.0,1.0,0.0,0.0,0.0,4,0,0
566,46,24,22,4,16,6,20,10,8,0,1,0,0,0,0,0,3,1,0,0,0,0,0,1.0,1.0,1.0,0.0,0.0,0.3333333333333333,4,0,0
567,46,24,22,4,16,6,20,10,8,0,1,0,0,0,0,0,1,0,0,0,0,0,0,1.0,1.0,1.0,0.0,0.0,0.0,4,0,0
568,46,24,22,4,16,6,20,10,8,0,1,0,0,0,0,0,1,0,0,0,0,0,0,1.0,1.0,1.0,0.0,0.0,0.0,4,0,0
569,46,24,22,4,16,6,20,10,9,0,1,0,0,0,0,0,4,1,0,0,0,0,0,1.0,1.0,1.0,0.0,0.0,0.25,4,0,0
570,45,24,21,4,15,6,20,10,9,0,1,0,0,0,0,0,0,0,0,0,1,0,1,0.95,1.0,1.0,0.0,0.0,0.0,4,0,1
571,45,24,21,4,15,6,20,10,9,0,1,0,0,0,0,0,0,0,0,0,0,0,0,1.0,1.0,1.0,0.0,0.0,0.0,4,0,0
572,52,26,26,11,15,6,20,10,7,0,3,0,0,0,0,0,0,0,0,2,0,0,0,1.0,1.0,1.0,0.15555555555555556,0.15555555555555556,0.0,4,7,0
573,49,24,25,10,13,6,20,10,7,0,3,0,0,0,0,0,0,0,0,0,3,0,3,0.8846153846153846,1.0,1.0,0.0,0.0,0.0,4,0,3
574,54,28,26,17,11,6,20,10,5,0,5,0,0,0,0,0,0,0,0,2,2,0,2,0.9130434782608696,1.0,1.0,0.14285714285714285,0.14285714285714285,0.0,4,7,2
575,54,28,26,17,11,6,20,10,5,0,5,0,0,0,0,0,0,0,0,0,0,0,0,1.0,1.0,1.0,0.0,0.0,0.0,4,0,0
576,53,27,26,16,11,6,20,10,5,0,5,0,0,0,0,0,0,0,0,0,1,0,1,0.9642857142857143,1.0,1.0,0.0,0.0,0.0,4,0,1
577,56,28,28,19,11,6,20,10,4,0,6,0,0,0,0,0,0,0,0,1,0,0,0,1.0,1.0,1.0,0.05660377358490566,0.05660377358490566,0.0,4,3,0
578,56,28,28,19,11,6,20,10,4,0,6,0,0,0,0,0,0,0,0,0,0,0,0,1.0,1.0,1.0,0.0,0.0,0.0,4,0,0
579,55,28,27,18,11,6,20,10,4,0,6,0,0,0,0,0,0,0,0,0,1,0,1,0.9666666666666667,1.0,1.0,0.0,0.0,0.0,4,0,1
580,55,28,27,18,11,6,20,10,4,0,6,0,0,0,0,0,0,0,0,0,0,0,0,1.0,1.0,1.0,0.0,0.0,0.0,4,0,0
581,55,28,27,18,11,6,20,10,4,0,6,0,0,0,0,0,0,0,0,0,0,0,0,1.0,1.0,1.0,0.0,0.0,0.0,4,0,0
582,55,28,27,18,11,6,20,10,4,0,6,0,0,0,0,0,0,0,0,0,0,0,0,1.0,1.0,1.0,0.0,0.0,0.0,4,0,0
583,54,27,27,18,11,5,20,10,4,0,6,0,0,0,0,0,0,0,0,0,0,0,0,1.0,1.0,1.0,0.0,0.0,0.0,4,0,1
584,52,25,27,16,11,5,20,10,4,0,6,0,0,0,0,0,0,0,0,0,2,0,2,0.9310344827586207,1.0,1.0,0.0,0.0,0.0,4,0,2
585,52,25,27,16,11,5,20,10,4,0,6,0,0,0,0,0,0,0,0,0,0,0,0,1.0,1.0,1.0,0.0,0.0,0.0,4,0,0
586,52,25,27,16,11,5,20,10,4,0,6,0,0,0,0,0,0,0,0,0,0,0,0,1.0,1.0,1.0,0.0,0.0,0.0,4,0,0
587,50,25,25,14,11,5,20,10,4,0,6,0,0,0,0,0,0,0,0,0,2,0,2,0.9259259259259259,1.0,1.0,0.0,0.0,0.0,4,0,2
588,49,25,24,14,10,5,20,10,4,0,6,0,0,0,0,0,0,0,0,0,1,0,1,0.96,1.0,1.0,0.0,0.0,0.0,4,0,1
589,49,25,24,14,10,5,20,10,4,0,6,0,0,0,0,0,0,0,0,0,0,0,0,1.0,1.0,1.0,0.0,0.0,0.0,4,0,0
590,48,24,24,13,10,5,20,10,4,0,6,0,0,0,0,0,0,0,0,0,1,0,1,0.9583333333333334,1.0,1.0,0.0,0.0,0.0,4,0,1
591,48,24,24,13,10,5,20,10,4,0,6,0,0,0,0,0,0,0,0,0,0,0,0,1.0,1.0,1.0,0.0,0.0,0.0,4,0,0
592,48,24,24,13,10,5,20,10,4,0,6,0,0,0,0,0,0,0,0,0,0,0,0,1.0,1.0,1.0,0.0,0.0,0.0,4,0,0
593,47,23,24,13,9,5,20,10,4,0,6,0,0,0,0,0,0,0,0,0,1,0,1,0.9565217391304348,1.0,1.0,0.0,0.0,0.0,4,0,1
594,46,23,23,10,11,5,20,10,4,0,6,0,0,0,0,0,0,0,0,0,1,0,1,0.9545454545454546,1.0,1.0,0.0,0.0,0.0,4,0,1
595,46,23,23,10,11,5,20,10,4,0,6,0,0,0,0,0,0,0,0,0,0,0,0,1.0,1.0,1.0,0.0,0.0,0.0,4,0,0
596,46,23,23,10,11,5,20,10,4,0,5,0,0,0,0,0,0,0,0,0,0,0,0,1.0,1.0,1.0,0.0,0.0,0.0,4,0,0
597,46,23,23,10,11,5,20,10,5,0,5,0,0,0,0,0,2,1,0,0,0,0,0,1.0,1.0,1.0,0.0,0.0,0.5,4,0,0
598,46,23,23,10,11,5,20,10,5,0,5,0,0,0,0,0,0,0,0,0,0,0,0,1.0,1.0,1.0,0.0,0.0,0.0,4,0,0
599,46,23,23,10,11,5,20,10,5,0,5,0,0,0,0,0,0,0,0,0,0,0,0,1.0,1.0,1.0,0.0,0.0,0.0,4,0,0
600,46,23,23,10,11,5,20,10,5,0,5,0,0,0,0,0,0,0,0,0,0,0,0,1.0,1.0,1.0,0.0,0.0,0.0,4,0,0
601,46,23,23,10,11,5,20,10,5,0,5,0,0,0,0,0,0,0,0,0,0,0,0,1.0,1.0,1.0,0.0,0.0,0.0,4,0,0
602,46,23,23,10,11,5,20,10,5,0,5,0,0,0,0,0,0,0,0,0,0,0,0,1.0,1.0,1.0,0.0,0.0,0.0,4,0,0
603,46,23,23,10,11,5,20,10,5,0,5,0,0,0,0,0,0,0,0,0,0,0,0,1.0,1.0,1.0,0.0,0.0,0.0,4,0,0
604,46,23,23,10,11,5,20,10,5,0,5,0,0,0,0,0,0,0,0,0,0,0,0,1.0,1.0,1.0,0.0,0.0,0.0,4,0,0
605,46,23,23,10,11,5,20,10,5,0,5,0,0,0,0,0,0,0,0,0,0,0,0,1.0,1.0,1.0,0.0,0.0,0.0,4,0,0
606,46,23,23,10,11,5,20,10,5,0,5,0,0,0,0,0,0,0,0,0,0,0,0,1.0,1.0,1.0,0.0,0.0,0.0,4,0,0
607,46,23,23,10,11,5,20,10,5,0,5,0,0,0,0,0,0,0,0,0,0,0,0,1.0,1.0,1.0,0.0,0.0,0.0,4,0,0
608,46,23,23,10,11,5,20,10,5,0,5,0,0,0,0,0,0,0,0,0,0,0,0,1.0,1.0,1.0,0.0,0.0,0.0,4,0,0
609,45,22,23,10,10,5,20,10,5,0,5,0,0,0,0,0,0,0,0,0,1,0,1,0.9523809523809523,1.0,1.0,0.0,0.0,0.0,4,0,1
610,45,22,23,10,10,5,20,10,5,0,5,0,0,0,0,0,0,0,0,0,0,0,0,1.0,1.0,1.0,0.0,0.0,0.0,4,0,0
611,45,22,23,10,10,5,20,10,5,0,5,0,0,0,0,0,0,0,0,0,0,0,0,1.0,1.0,1.0,0.0,0.0,0.0,4,0,0
612,45,22,23,10,10,5,20,10,5,0,5,0,0,0,0,0,0,0,0,0,0,0,0,1.0,1.0,1.0,0.0,0.0,0.0,4,0,0
613,45,22,23,10,10,5,20,10,5,0,5,0,0,0,0,0,0,0,0,0,0,0,0,1.0,1.0,1.0,0.0,0.0,0.0,4,0,0
614,45,22,23,10,10,5,20,10,5,0,5,0,0,0,0,0,0,0,0,0,0,0,0,1.0,1.0,1.0,0.0,0.0,0.0,4,0,0
615,44,22,22,6,13,5,20,10,5,0,5,0,0,0,0,0,0,0,0,0,1,0,1,0.95,1.0,1.0,0.0,0.0,0.0,4,0,1
616,44,22,22,6,13,5,20,10,5,0,5,0,0,0,0,0,0,0,0,0,0,0,0,1.0,1.0,1.0,0.0,0.0,0.0,4,0,0
617,47,24,23,6,16,5,20,10,4,0,4,0,0,0,0,0,0,0,0,1,0,0,0,1.0,1.0,1.0,0.06818181818181818,0.06818181818181818,0.0,4,3,0
618,46,23,23,6,16,5,19,10,5,0,4,0,0,0,0,0,7,1,0,0,0,0,0,1.0,0.9,1.0,0.0,0.0,0.14285714285714285,4,0,1
619,49,24,25,9,16,5,19,10,5,0,3,0,0,0,0,0,7,1,0,1,0,0,0,1.0,1.0,1.0,0.06521739130434782,0.06521739130434782,0.14285714285714285,4,3,0
620,49,24,25,6,19,5,19,10,6,0,3,0,0,0,0,0,9,1,0,0,0,0,0,1.0,1.0,1.0,0.0,0.0,0.1111111111111111,4,0,0
621,49,24,25,6,19,5,19,10,7,0,3,0,0,0,0,0,5,1,0,0,0,0,0,1.0,1.0,1.0,0.0,0.0,0.2,4,0,0
622,48,23,25,6,18,5,19,10,7,0,2,0,0,0,0,0,0,0,0,0,1,0,1,0.96,1.0,1.0,0.0,0.0,0.0,4,0,1
623,47,22,25,5,18,5,19,10,8,0,2,0,0,0,0,0,5,1,0,0,1,0,1,0.9583333333333334,1.0,1.0,0.0,0.0,0.2,4,0,1
624,47,22,25,5,18,5,19,10,8,0,2,0,0,0,0,0,0,0,0,0,0,0,0,1.0,1.0,1.0,0.0,0.0,0.0,4,0,0
625,47,22,25,5,18,5,19,10,8,0,2,0,0,0,0,0,0,0,0,0,0,0,0,1.0,1.0,1.0,0.0,0.0,0.0,4,0,0
626,47,22,25,5,18,5,19,10,8,0,2,0,0,0,0,0,0,0,0,0,0,0,0,1.0,1.0,1.0,0.0,0.0,0.0,4,0,0
627,47,22,25,5,18,5,19,10,8,0,2,0,0,0,0,0,0,0,0,0,0,0,0,1.0,1.0,1.0,0.0,0.0,0.0,4,0,0
628,47,22,25,5,18,5,19,10,8,0,2,0,0,0,0,0,0,0,0,0,0,0,0,1.0,1.0,1.0,0.0,0.0,0.0,4,0,0
629,47,22,25,5,18,5,19,10,8,0,2,0,0,0,0,0,0,0,0,0,0,0,0,1.0,1.0,1.0,0.0,0.0,0.0,4,0,0
630,47,22,25,5,18,5,19,10,8,0,2,0,0,0,0,0,0,0,0,0,0,0,0,1.0,1.0,1.0,0.0,0.0,0.0,4,0,0
631,50,23,27,8,18,5,19,10,7,0,3,0,0,0,0,0,0,0,0,1,1,0,1,0.9565217391304348,1.0,1.0,0.0851063829787234,0.0851063829787234,0.0,4,4,1
632,50,23,27,8,18,5,19,10,7,0,3,0,0,0,0,0,0,0,0,0,0,0,0,1.0,1.0,1.0,0.0,0.0,0.0,4,0,0
633,49,23,26,8,17,5,19,10,7,0,3,0,0,0,0,0,0,0,0,0,1,0,1,0.9615384615384616,1.0,1.0,0.0,0.0,0.0,4,0,1
634,53,24,29,12,17,5,19,10,6,0,4,0,0,0,0,0,0,0,0,1,0,0,0,1.0,1.0,1.0,0.08163265306122448,0.08163265306122448,0.0,4,4,0
635,53,24,29,12,17,5,19,10,6,0,4,0,0,0,0,0,0,0,0,0,0,0,0,1.0,1.0,1.0,0.0,0.0,0.0,4,0,0
636,52,23,29,11,17,5,19,10,6,0,4,0,0,0,0,0,0,0,0,0,1,0,1,0.9655172413793104,1.0,1.0,0.0,0.0,0.0,4,0,1
637,51,23,28,10,17,3,21,10,6,0,4,0,0,0,0,0,0,0,0,0,1,0,1,0.9642857142857143,1.0,1.0,0.0,0.0,0.0,4,0,1
638,51,23,28,10,17,3,21,10,6,0,4,0,0,0,0,0,0,0,0,0,0,0,0,1.0,1.0,1.0,0.0,0.0,0.0,4,0,0
639,48,22,26,9,15,2,22,10,6,0,4,0,0,0,0,0,0,0,0,0,3,0,3,0.8888888888888888,1.0,1.0,0.0,0.0,0.0,4,0,3
640,48,22,26,9,15,2,22,10,6,0,4,0,0,0,0,0,0,0,0,0,0,0,0,1.0,1.0,1.0,0.0,0.0,0.0,4,0,0
641,48,22,26,9,15,2,22,10,6,0,4,0,0,0,0,0,0,0,0,0,0,1,0,1.0,1.0,1.0,0.0,0.0,0.0,4,0,0
642,48,22,26,9,15,2,22,10,6,0,4,0,0,0,0,0,0,0,0,0,0,0,0,1.0,1.0,1.0,0.0,0.0,0.0,4,0,0
643,46,21,25,8,14,2,22,10,6,0,4,0,0,0,0,0,0,0,0,0,2,0,2,0.9166666666666666,1.0,1.0,0.0,0.0,0.0,4,0,2
644,46,21,25,8,14,2,22,10,6,0,4,0,0,0,0,0,0,0,0,0,0,0,0,1.0,1.0,1.0,0.0,0.0,0.0,4,0,0
645,46,21,25,8,13,3,22,10,6,0,4,0,0,0,0,0,0,0,0,0,0,0,0,1.0,1.0,1.0,0.0,0.0,0.0,4,0,0
646,46,21,25,8,13,3,22,10,6,0,4,0,0,0,0,0,0,0,0,0,0,0,0,1.0,1.0,1.0,0.0,0.0,0.0,4,0,0
647,46,21,25,8,13,3,22,10,6,0,4,0,0,0,0,0,0,0,0,0,0,0,0,1.0,1.0,1.0,0.0,0.0,0.0,4,0,0
648,46,21,25,8,13,3,22,10,6,0,4,0,0,0,0,0,0,0,0,0,0,0,0,1.0,1.0,1.0,0.0,0.0,0.0,4,0,0
649,46,21,25,8,13,3,22,10,6,0,4,0,0,0,0,0,0,0,0,0,0,0,0,1.0,1.0,1.0,0.0,0.0,0.0,4,0,0
650,46,21,25,8,13,3,22,10,6,0,4,0,0,0,0,0,0,0,0,0,0,0,0,1.0,1.0,1.0,0.0,0.0,0.0,4,0,0
651,46,21,25,8,13,3,22,10,6,0,4,0,0,0,0,0,0,0,0,0,0,0,0,1.0,1.0,1.0,0.0,0.0,0.0,4,0,0
652,46,21,25,8,13,3,22,10,6,0,4,0,0,0,0,0,0,0,0,0,0,0,0,1.0,1.0,1.0,0.0,0.0,0.0,4,0,0
653,46,21,25,8,13,3,22,10,6,0,4,0,0,0,0,0,0,0,0,0,0,0,0,1.0,1.0,1.0,0.0,0.0,0.0,4,0,0
654,46,21,25,8,13,3,22,10,6,0,4,0,0,0,0,0,0,0,0,0,0,2,0,1.0,1.0,1.0,0.0,0.0,0.0,4,0,0
655,46,21,25,8,13,3,22,10,6,0,4,0,0,0,0,0,0,0,0,0,0,0,0,1.0,1.0,1.0,0.0,0.0,0.0,4,0,0
656,45,20,25,8,13,3,21,10,6,0,4,0,0,0,0,0,0,0,0,0,0,0,0,1.0,0.9166666666666666,1.0,0.0,0.0,0.0,4,0,1
657,45,20,25,8,13,3,21,10,6,0,4,0,0,0,0,0,0,0,0,0,0,0,0,1.0,1.0,1.0,0.0,0.0,0.0,4,0,0
658,45,20,25,8,11,5,21,10,6,0,4,0,0,0,0,0,0,0,0,0,0,0,0,1.0,1.0,1.0,0.0,0.0,0.0,4,0,0
659,45,20,25,8,11,5,21,10,6,0,4,0,0,0,0,0,0,0,0,0,0,0,0,1.0,1.0,1.0,0.0,0.0,0.0,4,0,0
660,45,20,25,6,13,5,21,10,6,0,4,0,0,0,0,0,0,0,0,0,0,0,0,1.0,1.0,1.0,0.0,0.0,0.0,4,0,0
661,44,19,25,6,12,5,21,10,6,0,4,0,0,0,0,0,0,0,0,0,1,0,1,0.9473684210526316,1.0,1.0,0.0,0.0,0.0,4,0,1
662,48,20,28,9,13,5,21,10,5,0,4,0,0,0,0,0,0,0,0,1,0,0,0,1.0,1.0,1.0,0.09090909090909091,0.09090909090909091,0.0,4,4,0
663,48,20,28,9,13,5,21,10,5,0,4,0,0,0,0,0,3,0,0,0,0,0,0,1.0,1.0,1.0,0.0,0.0,0.0,4,0,0
664,48,20,28,9,13,5,21,10,5,1,3,0,0,0,0,0,2,0,1,0,0,0,0,1.0,1.0,1.0,0.0,0.0,0.0,4,0,0
665,48,20,28,9,13,5,21,10,6,1,3,0,0,0,0,0,3,1,0,0,0,0,0,1.0,1.0,1.0,0.0,0.0,0.3333333333333333,4,0,0
666,48,20,28,9,13,5,21,10,6,1,3,0,0,0,0,0,3,1,0,0,0,0,0,1.0,1.0,1.0,0.0,0.0,0.3333333333333333,4,0,0
667,48,20,28,9,13,5,21,10,6,1,3,0,0,0,0,0,3,1,0,0,0,0,0,1.0,1.0,1.0,0.0,0.0,0.3333333333333333,4,0,0
668,48,20,28,9,13,5,21,10,6,1,3,0,0,0,0,0,3,1,0,0,0,0,0,1.0,1.0,1.0,0.0,0.0,0.3333333333333333,4,0,0
669,48,20,28,9,13,5,21,10,6,1,3,0,0,0,0,0,3,1,0,0,0,0,0,1.0,1.0,1.0,0.0,0.0,0.3333333333333333,4,0,0
670,48,20,28,9,13,5,21,10,6,1,3,0,0,0,0,0,3,1,0,0,0,0,0,1.0,1.0,1.0,0.0,0.0,0.3333333333333333,4,0,0
671,48,20,28,9,13,5,21,10,6,1,3,0,0,0,0,0,3,1,0,0,0,0,0,1.0,1.0,1.0,0.0,0.0,0.3333333333333333,4,0,0
672,48,20,28,9,13,5,21,10,6,1,3,0,0,0,0,0,3,1,0,0,0,0,0,1.0,1.0,1.0,0.0,0.0,0.3333333333333333,4,0,0
673,48,20,28,9,13,5,21,10,6,1,3,0,0,0,0,0,3,1,0,0,0,0,0,1.0,1.0,1.0,0.0,0.0,0.3333333333333333,4,0,0
674,48,20,28,6,16,5,21,10,6,1,3,0,0,0,0,0,3,1,0,0,0,0,0,1.0,1.0,1.0,0.0,0.0,0.3333333333333333,4,0,0
675,48,20,28,6,16,5,21,10,6,1,3,0,0,0,0,0,3,1,0,0,0,0,0,1.0,1.0,1.0,0.0,0.0,0.3333333333333333,4,0,0
676,48,20,28,6,16,5,21,10,6,1,2,0,0,0,0,0,3,1,0,0,0,0,0,1.0,1.0,1.0,0.0,0.0,0.3333333333333333,4,0,0
677,47,20,27,4,17,5,21,10,6,1,2,0,0,0,0,0,3,1,0,0,1,0,1,0.9545454545454546,1.0,1.0,0.0,0.0,0.3333333333333333,4,0,1
678,47,20,27,4,17,5,21,10,6,1,2,0,0,0,0,0,3,1,0,0,0,0,0,1.0,1.0,1.0,0.0,0.0,0.3333333333333333,4,0,0
679,47,20,27,4,17,5,21,10,6,1,1,0,0,0,0,0,3,1,0,0,0,0,0,1.0,1.0,1.0,0.0,0.0,0.3333333333333333,4,0,0
680,47,20,27,4,17,5,21,10,6,1,1,0,0,0,0,0,3,1,0,0,0,0,0,1.0,1.0,1.0,0.0,0.0,0.3333333333333333,4,0,0
681,47,20,27,4,17,5,21,10,6,1,1,0,0,0,0,0,3,1,0,0,0,0,0,1.0,1.0,1.0,0.0,0.0,0.3333333333333333,4,0,0
682,47,20,27,4,17,5,21,10,6,1,1,0,0,0,0,0,3,1,0,0,0,0,0,1.0,1.0,1.0,0.0,0.0,0.3333333333333333,4,0,0
683,51,20,31,8,17,5,21,10,5,1,2,0,0,0,0,0,3,1,0,1,0,0,0,1.0,1.0,1.0,0.0851063829787234,0.0851063829787234,0.3333333333333333,4,4,0
684,55,22,33,12,17,4,22,10,4,1,3,0,0,0,0,0,3,1,0,1,0,0,0,1.0,1.0,1.0,0.0784313725490196,0.0784313725490196,0.3333333333333333,4,4,0
685,56,24,32,14,17,4,21,9,3,1,3,0,0,0,0,0,3,1,0,1,1,0,1,0.9655172413793104,1.0,0.9,0.05454545454545454,0.05454545454545454,0.3333333333333333,4,3,2
686,60,27,33,18,17,4,21,9,2,1,4,0,0,0,0,0,3,1,0,1,0,0,0,1.0,1.0,1.0,0.07142857142857142,0.07142857142857142,0.3333333333333333,4,4,0
687,59,26,33,18,17,4,20,9,2,1,4,0,0,0,0,0,3,1,0,0,0,0,0,1.0,0.9166666666666666,1.0,0.0,0.0,0.3333333333333333,4,0,1
688,62,27,35,21,17,4,20,9,1,1,5,0,0,0,0,0,3,1,0,1,1,1,1,0.9714285714285714,1.0,1.0,0.06779661016949153,0.06779661016949153,0.3333333333333333,4,4,1
689,61,26,35,21,16,4,20,9,1,1,5,0,0,0,0,0,3,1,0,0,1,0,1,0.9736842105263158,1.0,1.0,0.0,0.0,0.3333333333333333,4,0,1
690,59,25,34,21,14,4,20,9,1,1,5,0,0,0,0,0,3,1,0,0,1,0,1,0.9459459459459459,1.0,1.0,0.0,0.0,0.3333333333333333,4,0,2
691,58,25,33,21,14,3,20,9,1,1,5,0,0,0,0,0,3,1,0,0,0,0,0,1.0,1.0,1.0,0.0,0.0,0.3333333333333333,4,0,1
692,57,25,32,20,14,3,20,9,1,1,5,0,0,0,0,0,3,1,0,0,1,0,1,0.9714285714285714,1.0,1.0,0.0,0.0,0.3333333333333333,4,0,1
693,57,25,32,20,14,3,20,9,1,1,5,0,0,0,0,0,3,1,0,0,0,0,0,1.0,1.0,1.0,0.0,0.0,0.3333333333333333,4,0,0
694,57,25,32,20,14,3,20,9,1,1,5,0,0,0,0,0,3,1,0,0,0,0,0,1.0,1.0,1.0,0.0,0.0,0.3333333333333333,4,0,0
695,55,25,30,18,14,3,20,9,1,1,5,0,0,0,0,0,3,1,0,0,2,0,2,0.9411764705882353,1.0,1.0,0.0,0.0,0.3333333333333333,4,0,2
696,55,25,30,18,14,3,20,9,1,1,5,0,0,0,0,0,3,1,0,0,0,0,0,1.0,1.0,1.0,0.0,0.0,0.3333333333333333,4,0,0
697,54,25,29,17,14,3,20,9,1,1,5,0,0,0,0,0,3,1,0,0,1,0,1,0.96875,1.0,1.0,0.0,0.0,0.3333333333333333,4,0,1
698,54,25,29,17,14,3,20,9,1,1,5,0,0,0,0,0,3,1,0,0,0,0,0,1.0,1.0,1.0,0.0,0.0,0.3333333333333333,4,0,0
699,54,25,29,17,14,3,20,9,1,1,5,0,0,0,0,0,3,1,0,0,0,0,0,1.0,1.0,1.0,0.0,0.0,0.3333333333333333,4,0,0
700,53,24,29,17,13,3,20,9,1,1,5,0,0,0,0,0,3,1,0,0,1,0,1,0.967741935483871,1.0,1.0,0.0,0.0,0.3333333333333333,4,0,1
701,52,24,28,17,12,3,20,9,1,1,5,0,0,0,0,0,3,1,0,0,1,1,1,0.9666666666666667,1.0,1.0,0.0,0.0,0.3333333333333333,4,0,1
702,51,24,27,17,11,3,20,9,1,1,5,0,0,0,0,0,3,1,0,0,1,0,1,0.9655172413793104,1.0,1.0,0.0,0.0,0.3333333333333333,4,0,1
703,51,24,27,17,11,3,20,9,1,1,5,0,0,0,0,0,3,1,0,0,0,0,0,1.0,1.0,1.0,0.0,0.0,0.3333333333333333,4,0,0
704,50,24,26,17,10,3,20,9,1,1,5,0,0,0,0,0,3,1,0,0,1,0,1,0.9642857142857143,1.0,1.0,0.0,0.0,0.3333333333333333,4,0,1
705,49,23,26,13,13,3,20,9,1,1,5,0,0,0,0,0,3,1,0,0,1,0,1,0.962962962962963,1.0,1.0,0.0,0.0,0.3333333333333333,4,0,1
706,48,23,25,13,13,2,20,9,1,1,5,0,0,0,0,0,3,1,0,0,0,0,0,1.0,1.0,1.0,0.0,0.0,0.3333333333333333,4,0,1
707,48,23,25,13,13,2,20,9,1,1,5,0,0,0,0,0,3,1,0,0,0,0,0,1.0,1.0,1.0,0.0,0.0,0.3333333333333333,4,0,0
708,48,23,25,13,13,2,20,9,1,1,5,0,0,0,0,0,3,1,0,0,0,0,0,1.0,1.0,1.0,0.0,0.0,0.3333333333333333,4,0,0
709,48,23,25,13,13,2,20,9,1,0,5,0,0,0,0,0,3,1,0,0,0,0,0,1.0,1.0,1.0,0.0,0.0,0.3333333333333333,4,0,0
710,47,23,24,12,13,2,20,9,1,0,5,0,0,0,0,0,3,1,0,0,1,0,1,0.9615384615384616,1.0,1.0,0.0,0.0,0.3333333333333333,4,0,1
711,46,22,24,11,13,2,20,9,1,0,5,0,0,0,0,0,3,1,0,0,1,0,1,0.96,1.0,1.0,0.0,0.0,0.3333333333333333,4,0,1
712,46,22,24,11,13,2,20,9,1,0,5,0,0,0,0,0,3,1,0,0,0,0,0,1.0,1.0,1.0,0.0,0.0,0.3333333333333333,4,0,0
713,46,22,24,11,13,2,20,9,1,0,5,0,0,0,0,0,3,1,0,0,0,0,0,1.0,1.0,1.0,0.0,0.0,0.3333333333333333,4,0,0
714,46,22,24,11,13,2,20,9,1,0,5,0,0,0,0,0,3,1,0,0,0,0,0,1.0,1.0,1.0,0.0,0.0,0.3333333333333333,4,0,0
715,46,22,24,11,13,2,20,9,1,0,5,0,0,0,0,0,3,1,0,0,0,0,0,1.0,1.0,1.0,0.0,0.0,0.3333333333333333,4,0,0
716,46,22,24,11,13,2,20,9,1,0,5,0,0,0,0,0,3,1,0,0,0,0,0,1.0,1.0,1.0,0.0,0.0,0.3333333333333333,4,0,0
717,46,22,24,11,13,2,20,9,1,0,5,0,0,0,0,0,3,1,0,0,0,0,0,1.0,1.0,1.0,0.0,0.0,0.3333333333333333,4,0,0
718,46,22,24,11,13,2,20,9,1,0,5,0,0,0,0,0,3,1,0,0,0,0,0,1.0,1.0,1.0,0.0,0.0,0.3333333333333333,4,0,0
719,45,21,24,11,12,2,20,9,1,0,5,0,0,0,0,0,3,1,0,0,1,0,1,0.9583333333333334,1.0,1.0,0.0,0.0,0.3333333333333333,4,0,1
720,45,21,24,11,12,2,20,9,1,0,5,0,0,0,0,0,3,1,0,0,0,0,0,1.0,1.0,1.0,0.0,0.0,0.3333333333333333,4,0,0
721,45,21,24,11,12,2,20,9,1,0,5,0,0,0,0,0,3,1,0,0,0,0,0,1.0,1.0,1.0,0.0,0.0,0.3333333333333333,4,0,0
722,45,21,24,11,12,2,20,9,1,0,5,0,0,0,0,0,3,1,0,0,0,0,0,1.0,1.0,1.0,0.0,0.0,0.3333333333333333,4,0,0
723,45,21,24,11,12,2,20,9,1,0,5,0,0,0,0,0,3,1,0,0,0,0,0,1.0,1.0,1.0,0.0,0.0,0.3333333333333333,4,0,0
724,45,21,24,11,12,2,20,9,1,0,5,0,0,0,0,0,3,1,0,0,0,0,0,1.0,1.0,1.0,0.0,0.0,0.3333333333333333,4,0,0
725,45,21,24,11,12,2,20,9,1,0,5,0,0,0,0,0,3,1,0,0,0,0,0,1.0,1.0,1.0,0.0,0.0,0.3333333333333333,4,0,0
726,44,20,24,8,15,1,20,9,1,0,5,0,0,0,0,0,3,1,0,0,0,0,0,1.0,1.0,1.0,0.0,0.0,0.3333333333333333,4,0,1
727,44,20,24,6,17,1,20,9,1,0,5,0,0,0,0,0,3,1,0,0,0,0,0,1.0,1.0,1.0,0.0,0.0,0.3333333333333333,4,0,0
728,44,20,24,4,19,1,20,9,1,0,4,0,0,0,0,0,3,1,0,0,0,0,0,1.0,1.0,1.0,0.0,0.0,0.3333333333333333,4,0,0
729,44,20,24,1,22,1,20,9,1,0,3,0,0,0,0,0,3,1,0,0,0,0,0,1.0,1.0,1.0,0.0,0.0,0.3333333333333333,4,0,0
730,48,23,25,5,22,1,20,9,0,0,3,0,0,0,0,0,3,1,0,1,0,0,0,1.0,1.0,1.0,0.09090909090909091,0.09090909090909091,0.3333333333333333,4,4,0
731,48,23,25,4,23,1,20,9,0,0,2,0,0,0,0,0,3,1,0,0,0,2,0,1.0,1.0,1.0,0.0,0.0,0.3333333333333333,4,0,0
732,47,23,24,4,22,1,20,9,0,0,2,0,0,0,0,0,3,1,0,0,1,0,1,0.962962962962963,1.0,1.0,0.0,0.0,0.3333333333333333,4,0,1
733,47,23,24,4,22,1,20,9,0,0,1,0,0,0,0,0,3,1,0,0,0,0,0,1.0,1.0,1.0,0.0,0.0,0.3333333333333333,4,0,0
734,46,22,24,3,22,1,20,9,0,0,1,0,0,0,0,0,3,1,0,0,1,0,1,0.9615384615384616,1.0,1.0,0.0,0.0,0.3333333333333333,4,0,1
735,46,22,24,3,20,3,20,9,0,0,1,0,0,0,0,0,3,1,0,0,0,0,0,1.0,1.0,1.0,0.0,0.0,0.3333333333333333,4,0,0
736,46,22,24,3,20,3,20,9,0,0,1,0,0,0,0,0,3,1,0,0,0,0,0,1.0,1.0,1.0,0.0,0.0,0.3333333333333333,4,0,0
737,46,22,24,3,20,3,20,9,0,0,1,0,0,0,0,0,3,1,0,0,0,0,0,1.0,1.0,1.0,0.0,0.0,0.3333333333333333,4,0,0
738,46,22,24,3,20,3,20,9,0,0,1,0,0,0,0,0,3,1,0,0,0,0,0,1.0,1.0,1.0,0.0,0.0,0.3333333333333333,4,0,0
739,46,22,24,3,20,3,20,9,0,0,1,0,0,0,0,0,3,1,0,0,0,0,0,1.0,1.0,1.0,0.0,0.0,0.3333333333333333,4,0,0
740,46,22,24,3,20,3,20,9,0,0,1,0,0,0,0,0,3,1,0,0,0,0,0,1.0,1.0,1.0,0.0,0.0,0.3333333333333333,4,0,0
741,45,21,24,3,19,3,20,9,0,0,1,0,0,0,0,0,3,1,0,0,1,0,1,0.9565217391304348,1.0,1.0,0.0,0.0,0.3333333333333333,4,0,1
742,45,21,24,3,19,3,20,9,0,0,1,0,0,0,0,0,3,1,0,0,0,0,0,1.0,1.0,1.0,0.0,0.0,0.3333333333333333,4,0,0
743,44,20,24,3,19,2,20,10,0,0,1,0,0,0,0,0,3,1,0,0,0,0,0,1.0,0.9090909090909091,1.0,0.0,0.0,0.3333333333333333,4,0,1
744,44,20,24,3,19,2,20,10,0,0,1,0,0,0,0,0,3,1,0,0,0,0,0,1.0,1.0,1.0,0.0,0.0,0.3333333333333333,4,0,0
745,44,20,24,3,19,2,20,10,0,0,1,0,0,0,0,0,3,1,0,0,0,0,0,1.0,1.0,1.0,0.0,0.0,0.3333333333333333,4,0,0
746,43,20,23,3,19,2,19,9,0,0,1,0,0,0,0,0,3,1,0,0,0,0,0,1.0,1.0,0.9,0.0,0.0,0.3333333333333333,4,0,1
747,43,20,23,3,19,2,19,9,0,0,1,0,0,0,0,0,3,1,0,0,0,0,0,1.0,1.0,1.0,0.0,0.0,0.3333333333333333,4,0,0
748,43,20,23,3,19,2,19,9,0,0,1,0,0,0,0,0,3,1,0,0,0,0,0,1.0,1.0,1.0,0.0,0.0,0.3333333333333333,4,0,0
749,43,20,23,3,19,2,19,9,0,0,1,0,0,0,0,0,3,1,0,0,0,0,0,1.0,1.0,1.0,0.0,0.0,0.3333333333333333,4,0,0
750,43,20,23,3,19,2,19,9,0,0,1,0,0,0,0,0,3,1,0,0,0,0,0,1.0,1.0,1.0,0.0,0.0,0.3333333333333333,4,0,0
751,43,20,23,3,19,2,19,9,0,0,1,0,0,0,0,0,3,1,0,0,0,0,0,1.0,1.0,1.0,0.0,0.0,0.3333333333333333,4,0,0
752,43,20,23,3,19,2,19,9,0,0,1,0,0,0,0,0,3,1,0,0,0,1,0,1.0,1.0,1.0,0.0,0.0,0.3333333333333333,4,0,0
753,43,20,23,3,19,2,19,9,0,0,1,0,0,0,0,0,3,1,0,0,0,0,0,1.0,1.0,1.0,0.0,0.0,0.3333333333333333,4,0,0
754,43,20,23,3,19,2,19,9,0,0,1,0,0,0,0,0,3,1,0,0,0,1,0,1.0,1.0,1.0,0.0,0.0,0.3333333333333333,4,0,0
755,43,20,23,3,19,2,19,9,0,0,1,0,0,0,0,0,3,1,0,0,0,0,0,1.0,1.0,1.0,0.0,0.0,0.3333333333333333,4,0,0
756,43,20,23,3,18,3,19,9,0,0,1,0,0,0,0,0,3,1,0,0,0,0,0,1.0,1.0,1.0,0.0,0.0,0.3333333333333333,4,0,0
757,43,20,23,3,18,3,19,9,0,0,1,0,0,0,0,0,3,1,0,0,0,1,0,1.0,1.0,1.0,0.0,0.0,0.3333333333333333,4,0,0
758,43,20,23,3,17,4,19,9,0,0,1,0,0,0,0,0,3,1,0,0,0,0,0,1.0,1.0,1.0,0.0,0.0,0.3333333333333333,4,0,0
759,42,20,22,3,16,4,19,9,0,0,1,0,0,0,0,0,3,1,0,0,0,0,0,0.95,1.0,1.0,0.0,0.0,0.3333333333333333,4,0,1
760,42,20,22,3,16,4,19,9,3,0,1,0,0,0,0,0,21,3,0,0,0,0,0,1.0,1.0,1.0,0.0,0.0,0.14285714285714285,4,0,0
761,42,20,22,3,16,4,19,9,5,1,1,0,0,0,0,0,13,2,1,0,0,0,0,1.0,1.0,1.0,0.0,0.0,0.15384615384615385,4,0,0
762,42,20,22,3,16,4,19,9,6,1,1,0,0,0,0,0,10,1,0,0,0,0,0,1.0,1.0,1.0,0.0,0.0,0.1,4,0,0
763,42,20,22,3,16,4,19,9,7,1,1,0,0,0,0,0,6,1,0,0,0,0,0,1.0,1.0,1.0,0.0,0.0,0.16666666666666666,4,0,0
764,42,20,22,3,16,4,19,9,7,1,1,0,0,0,0,0,0,0,0,0,0,0,0,1.0,1.0,1.0,0.0,0.0,0.0,4,0,0
765,42,20,22,3,16,4,19,9,7,1,1,0,0,0,0,0,0,0,0,0,0,0,0,1.0,1.0,1.0,0.0,0.0,0.0,4,0,0
766,41,19,22,3,15,4,19,9,7,1,1,0,0,0,0,0,0,0,0,0,1,0,1,0.9473684210526316,1.0,1.0,0.0,0.0,0.0,4,0,1
767,41,19,22,3,15,4,19,9,7,1,1,0,0,0,0,0,0,0,0,0,0,0,0,1.0,1.0,1.0,0.0,0.0,0.0,4,0,0
768,41,19,22,3,15,4,19,9,7,1,1,0,0,0,0,0,0,0,0,0,0,0,0,1.0,1.0,1.0,0.0,0.0,0.0,4,0,0
769,41,19,22,3,15,4,19,9,7,1,1,0,0,0,0,0,0,0,0,0,0,0,0,1.0,1.0,1.0,0.0,0.0,0.0,4,0,0
770,41,19,22,3,15,4,19,9,7,1,1,0,0,0,0,0,0,0,0,0,0,0,0,1.0,1.0,1.0,0.0,0.0,0.0,4,0,0
771,41,19,22,3,15,4,19,9,7,1,1,0,0,0,0,0,0,0,0,0,0,0,0,1.0,1.0,1.0,0.0,0.0,0.0,4,0,0
772,41,19,22,3,15,4,19,9,7,1,1,0,0,0,0,0,0,0,0,0,0,0,0,1.0,1.0,1.0,0.0,0.0,0.0,4,0,0
773,41,19,22,0,18,4,19,9,7,1,1,0,0,0,0,0,0,0,0,0,0,0,0,1.0,1.0,1.0,0.0,0.0,0.0,4,0,0
774,41,19,22,0,18,4,19,9,7,1,1,0,0,0,0,0,0,0,0,0,0,0,0,1.0,1.0,1.0,0.0,0.0,0.0,4,0,0
775,41,19,22,0,18,4,19,9,7,1,0,0,0,0,0,0,0,0,0,0,0,0,0,1.0,1.0,1.0,0.0,0.0,0.0,4,0,0
776,41,19,22,0,18,4,19,9,8,1,0,0,0,0,0,0,7,1,0,0,0,0,0,1.0,1.0,1.0,0.0,0.0,0.14285714285714285,4,0,0
777,41,19,22,0,18,4,19,9,8,1,0,0,0,0,0,0,0,0,0,0,0,0,0,1.0,1.0,1.0,0.0,0.0,0.0,4,0,0
778,41,19,22,0,18,4,19,9,8,1,0,0,0,0,0,0,0,0,0,0,0,0,0,1.0,1.0,1.0,0.0,0.0,0.0,4,0,0
779,41,19,22,0,18,4,19,9,8,1,0,0,0,0,0,0,0,0,0,0,0,0,0,1.0,1.0,1.0,0.0,0.0,0.0,4,0,0
780,41,19,22,0,18,4,19,9,8,1,0,0,0,0,0,0,0,0,0,0,0,0,0,1.0,1.0,1.0,0.0,0.0,0.0,4,0,0
781,41,19,22,0,18,4,19,9,8,1,0,0,0,0,0,0,0,0,0,0,0,0,0,1.0,1.0,1.0,0.0,0.0,0.0,4,0,0
782,41,19,22,0,18,4,19,9,8,1,0,0,0,0,0,0,0,0,0,0,0,0,0,1.0,1.0,1.0,0.0,0.0,0.0,4,0,0
783,41,19,22,0,18,4,19,9,8,1,0,0,0,0,0,0,0,0,0,0,0,0,0,1.0,1.0,1.0,0.0,0.0,0.0,4,0,0
784,41,19,22,0,18,4,19,9,8,1,0,0,0,0,0,0,0,0,0,0,0,0,0,1.0,1.0,1.0,0.0,0.0,0.0,4,0,0
785,40,18,22,0,17,4,19,9,8,1,0,0,0,0,0,0,0,0,0,0,1,0,1,0.9444444444444444,1.0,1.0,0.0,0.0,0.0,4,0,1
786,40,18,22,0,17,4,19,9,8,1,0,0,0,0,0,0,0,0,0,0,0,0,0,1.0,1.0,1.0,0.0,0.0,0.0,4,0,0
787,40,18,22,0,17,4,19,9,8,1,0,0,0,0,0,0,0,0,0,0,0,0,0,1.0,1.0,1.0,0.0,0.0,0.0,4,0,0
788,40,18,22,0,17,4,19,9,8,1,0,0,0,0,0,0,0,0,0,0,0,0,0,1.0,1.0,1.0,0.0,0.0,0.0,4,0,0
789,40,18,22,0,17,4,19,9,8,1,0,0,0,0,0,0,0,0,0,0,0,0,0,1.0,1.0,1.0,0.0,0.0,0.0,4,0,0
790,40,18,22,0,17,4,19,9,8,1,0,0,0,0,0,0,0,0,0,0,0,0,0,1.0,1.0,1.0,0.0,0.0,0.0,4,0,0
791,39,17,22,0,17,3,19,9,8,1,0,0,0,0,0,0,0,0,0,0,0,0,0,1.0,1.0,1.0,0.0,0.0,0.0,4,0,1
792,39,17,22,0,17,3,19,9,8,1,0,0,0,0,0,0,0,0,0,0,0,0,0,1.0,1.0,1.0,0.0,0.0,0.0,4,0,0
793,39,17,22,0,17,3,19,9,8,1,0,0,0,0,0,0,0,0,0,0,0,0,0,1.0,1.0,1.0,0.0,0.0,0.0,4,0,0
794,39,17,22,0,17,3,19,9,8,1,0,0,0,0,0,0,0,0,0,0,0,0,0,1.0,1.0,1.0,0.0,0.0,0.0,4,0,0
795,39,17,22,0,17,3,19,9,8,1,0,0,0,0,0,0,0,0,0,0,0,0,0,1.0,1.0,1.0,0.0,0.0,0.0,4,0,0
796,39,17,22,0,17,3,19,9,8,1,0,0,0,0,0,0,0,0,0,0,0,0,0,1.0,1.0,1.0,0.0,0.0,0.0,4,0,0
797,39,17,22,0,17,3,19,9,8,1,0,0,0,0,0,0,0,0,0,0,0,0,0,1.0,1.0,1.0,0.0,0.0,0.0,4,0,0
798,39,17,22,0,17,3,19,9,8,1,0,0,0,0,0,0,0,0,0,0,0,0,0,1.0,1.0,1.0,0.0,0.0,0.0,4,0,0
799,39,17,22,0,17,3,19,9,8,1,0,0,0,0,0,0,0,0,0,0,0,1,0,1.0,1.0,1.0,0.0,0.0,0.0,4,0,0
800,39,17,22,0,17,3,19,9,8,1,0,0,0,0,0,0,0,0,0,0,0,0,0,1.0,1.0,1.0,0.0,0.0,0.0,4,0,0
801,39,17,22,0,17,3,19,9,8,1,0,0,0,0,0,0,0,0,0,0,0,0,0,1.0,1.0,1.0,0.0,0.0,0.0,4,0,0
802,39,17,22,0,17,3,19,9,8,1,0,0,0,0,0,0,0,0,0,0,0,0,0,1.0,1.0,1.0,0.0,0.0,0.0,4,0,0
803,39,17,22,0,16,4,19,9,8,1,0,0,0,0,0,0,0,0,0,0,0,0,0,1.0,1.0,1.0,0.0,0.0,0.0,4,0,0
804,38,16,22,0,16,4,18,9,8,1,0,0,0,0,0,0,0,0,0,0,0,0,0,1.0,0.9,1.0,0.0,0.0,0.0,4,0,1
805,38,16,22,0,16,4,18,9,8,1,0,0,0,0,0,0,0,0,0,0,0,0,0,1.0,1.0,1.0,0.0,0.0,0.0,4,0,0
806,38,16,22,0,16,4,18,9,8,0,0,0,0,0,0,0,0,0,0,0,0,0,0,1.0,1.0,1.0,0.0,0.0,0.0,4,0,0
807,38,16,22,0,16,4,18,9,9,0,0,0,0,0,0,0,6,1,0,0,0,0,0,1.0,1.0,1.0,0.0,0.0,0.16666666666666666,4,0,0
808,38,16,22,0,16,4,18,9,9,0,0,0,0,0,0,0,0,0,0,0,0,0,0,1.0,1.0,1.0,0.0,0.0,0.0,4,0,0
809,38,16,22,0,16,4,18,9,9,0,0,0,0,0,0,0,0,0,0,0,0,0,0,1.0,1.0,1.0,0.0,0.0,0.0,4,0,0
810,38,16,22,0,16,4,18,9,9,0,0,0,0,0,0,0,0,0,0,0,0,0,0,1.0,1.0,1.0,0.0,0.0,0.0,4,0,0
811,38,16,22,0,16,4,18,9,9,0,0,0,0,0,0,0,0,0,0,0,0,1,0,1.0,1.0,1.0,0.0,0.0,0.0,4,0,0
812,38,16,22,0,16,4,18,9,9,0,0,0,0,0,0,0,0,0,0,0,0,0,0,1.0,1.0,1.0,0.0,0.0,0.0,4,0,0
813,38,16,22,0,16,4,18,9,9,0,0,0,0,0,0,0,0,0,0,0,0,0,0,1.0,1.0,1.0,0.0,0.0,0.0,4,0,0
814,38,16,22,0,16,4,18,9,9,0,0,0,0,0,0,0,0,0,0,0,0,2,0,1.0,1.0,1.0,0.0,0.0,0.0,4,0,0
815,38,16,22,0,15,5,18,9,9,0,0,0,0,0,0,0,0,0,0,0,0,0,0,1.0,1.0,1.0,0.0,0.0,0.0,4,0,0
816,38,16,22,0,15,5,18,9,9,0,0,0,0,0,0,0,0,0,0,0,0,0,0,1.0,1.0,1.0,0.0,0.0,0.0,4,0,0
817,38,16,22,0,15,5,18,9,9,0,0,0,0,0,0,0,0,0,0,0,0,0,0,1.0,1.0,1.0,0.0,0.0,0.0,4,0,0
818,38,16,22,0,13,7,18,9,9,0,0,0,0,0,0,0,0,0,0,0,0,0,0,1.0,1.0,1.0,0.0,0.0,0.0,4,0,0
819,38,16,22,0,13,7,18,9,9,0,0,0,0,0,0,0,0,0,0,0,0,0,0,1.0,1.0,1.0,0.0,0.0,0.0,4,0,0
820,38,16,22,0,13,7,18,9,9,0,0,0,0,0,0,0,0,0,0,0,0,0,0,1.0,1.0,1.0,0.0,0.0,0.0,4,0,0
821,38,16,22,0,13,7,18,9,9,0,0,0,0,0,0,0,0,0,0,0,0,0,0,1.0,1.0,1.0,0.0,0.0,0.0,4,0,0
822,38,16,22,0,13,7,18,9,9,0,0,0,0,0,0,0,0,0,0,0,0,0,0,1.0,1.0,1.0,0.0,0.0,0.0,4,0,0
823,38,16,22,0,13,7,18,9,9,0,0,0,0,0,0,0,0,0,0,0,0,0,0,1.0,1.0,1.0,0.0,0.0,0.0,4,0,0
824,37,15,22,0,12,7,18,9,9,0,0,0,0,0,0,0,0,0,0,0,1,0,1,0.9230769230769231,1.0,1.0,0.0,0.0,0.0,4,0,1
825,48,18,30,11,12,7,18,9,6,0,3,0,0,0,0,0,0,0,0,3,0,0,0,1.0,1.0,1.0,0.2972972972972973,0.2972972972972973,0.0,4,11,0
826,50,20,30,14,12,7,17,8,4,0,4,0,0,0,0,0,0,0,0,1,0,0,0,1.0,1.0,0.8888888888888888,0.0625,0.0625,0.0,4,3,1
827,53,21,32,17,12,7,17,8,3,0,5,0,0,0,0,0,0,0,0,1,0,0,0,1.0,1.0,1.0,0.06,0.06,0.0,4,3,0
828,56,24,32,20,12,7,17,8,2,0,6,0,0,0,0,0,0,0,0,1,0,0,0,1.0,1.0,1.0,0.05660377358490566,0.05660377358490566,0.0,4,3,0
829,56,24,32,20,12,7,17,8,2,0,6,0,0,0,0,0,0,0,0,0,0,0,0,1.0,1.0,1.0,0.0,0.0,0.0,4,0,0
830,55,23,32,19,12,7,17,8,2,0,6,0,0,0,0,0,0,0,0,0,1,0,1,0.96875,1.0,1.0,0.0,0.0,0.0,4,0,1
831,55,23,32,19,12,7,17,8,2,0,6,0,0,0,0,0,0,0,0,0,0,0,0,1.0,1.0,1.0,0.0,0.0,0.0,4,0,0
832,54,22,32,19,12,7,16,8,2,0,6,0,0,0,0,0,0,0,0,0,0,0,0,1.0,0.8888888888888888,1.0,0.0,0.0,0.0,4,0,1
833,54,22,32,19,12,7,16,8,2,0,6,0,0,0,0,0,0,0,0,0,0,0,0,1.0,1.0,1.0,0.0,0.0,0.0,4,0,0
834,53,22,31,18,12,7,16,8,2,0,6,0,0,0,0,0,0,0,0,0,1,0,1,0.967741935483871,1.0,1.0,0.0,0.0,0.0,4,0,1
835,53,22,31,18,12,7,16,8,2,0,6,0,0,0,0,0,0,0,0,0,0,0,0,1.0,1.0,1.0,0.0,0.0,0.0,4,0,0
836,52,22,30,18,11,7,16,8,2,0,6,0,0,0,0,0,0,0,0,0,1,0,1,0.9666666666666667,1.0,1.0,0.0,0.0,0.0,4,0,1
837,52,22,30,18,11,7,16,8,2,0,6,0,0,0,0,0,0,0,0,0,0,0,0,1.0,1.0,1.0,0.0,0.0,0.0,4,0,0
838,52,22,30,18,11,7,16,8,2,0,6,0,0,0,0,0,0,0,0,0,0,0,0,1.0,1.0,1.0,0.0,0.0,0.0,4,0,0
839,52,22,30,18,11,7,16,8,2,0,6,0,0,0,0,0,0,0,0,0,0,0,0,1.0,1.0,1.0,0.0,0.0,0.0,4,0,0
840,52,22,30,18,11,7,16,8,2,0,6,0,0,0,0,0,0,0,0,0,0,0,0,1.0,1.0,1.0,0.0,0.0,0.0,4,0,0
841,56,23,33,22,11,7,16,8,1,0,7,0,0,0,0,0,0,0,0,1,0,0,0,1.0,1.0,1.0,0.07692307692307693,0.07692307692307693,0.0,4,4,0
842,55,23,32,22,10,7,16,8,1,0,7,0,0,0,0,0,0,0,0,0,1,2,1,0.9696969696969697,1.0,1.0,0.0,0.0,0.0,4,0,1
843,55,23,32,22,10,7,16,8,1,0,7,0,0,0,0,0,0,0,0,0,0,0,0,1.0,1.0,1.0,0.0,0.0,0.0,4,0,0
844,54,22,32,21,10,7,16,8,1,0,7,0,0,0,0,0,0,0,0,0,1,0,1,0.96875,1.0,1.0,0.0,0.0,0.0,4,0,1
845,53,21,32,20,10,7,16,8,1,0,7,0,0,0,0,0,0,0,0,0,1,0,1,0.967741935483871,1.0,1.0,0.0,0.0,0.0,4,0,1
846,53,21,32,20,8,9,16,8,1,0,7,0,0,0,0,0,0,0,0,0,0,0,0,1.0,1.0,1.0,0.0,0.0,0.0,4,0,0
847,53,21,32,20,8,9,16,8,1,0,7,0,0,0,0,0,0,0,0,0,0,0,0,1.0,1.0,1.0,0.0,0.0,0.0,4,0,0
848,53,21,32,20,8,9,16,8,1,0,7,0,0,0,0,0,0,0,0,0,0,0,0,1.0,1.0,1.0,0.0,0.0,0.0,4,0,0
849,53,21,32,20,8,9,16,8,1,0,7,0,0,0,0,0,0,0,0,0,0,0,0,1.0,1.0,1.0,0.0,0.0,0.0,4,0,0
850,53,21,32,20,8,9,16,8,1,0,7,0,0,0,0,0,0,0,0,0,0,0,0,1.0,1.0,1.0,0.0,0.0,0.0,4,0,0
851,53,21,32,20,8,9,16,8,1,0,7,0,0,0,0,0,0,0,0,0,0,0,0,1.0,1.0,1.0,0.0,0.0,0.0,4,0,0
852,53,21,32,20,8,9,16,8,1,0,7,0,0,0,0,0,0,0,0,0,0,0,0,1.0,1.0,1.0,0.0,0.0,0.0,4,0,0
853,53,21,32,20,8,9,16,8,1,0,7,0,0,0,0,0,0,0,0,0,0,0,0,1.0,1.0,1.0,0.0,0.0,0.0,4,0,0
854,53,21,32,20,8,9,16,8,1,0,7,0,0,0,0,0,0,0,0,0,0,0,0,1.0,1.0,1.0,0.0,0.0,0.0,4,0,0
855,53,21,32,20,8,9,16,8,1,0,7,0,0,0,0,0,0,0,0,0,0,0,0,1.0,1.0,1.0,0.0,0.0,0.0,4,0,0
856,52,20,32,20,7,9,16,8,1,0,7,0,0,0,0,0,0,0,0,0,1,0,1,0.9642857142857143,1.0,1.0,0.0,0.0,0.0,4,0,1
857,52,20,32,20,7,9,16,8,1,0,7,0,0,0,0,0,0,0,0,0,0,0,0,1.0,1.0,1.0,0.0,0.0,0.0,4,0,0
858,51,19,32,20,7,9,15,8,1,0,7,0,0,0,0,0,0,0,0,0,0,0,0,1.0,0.875,1.0,0.0,0.0,0.0,4,0,1
859,51,19,32,20,7,9,15,8,1,0,7,0,0,0,0,0,0,0,0,0,0,0,0,1.0,1.0,1.0,0.0,0.0,0.0,4,0,0
860,51,19,32,20,7,8,16,9,1,0,7,0,0,0,0,0,0,0,0,0,0,0,0,1.0,1.0,1.0,0.0,0.0,0.0,4,0,0
861,51,19,32,20,7,8,16,9,1,0,7,0,0,0,0,0,0,0,0,0,0,0,0,1.0,1.0,1.0,0.0,0.0,0.0,4,0,0
862,51,19,32,20,7,8,16,9,1,0,7,0,0,0,0,0,0,0,0,0,0,0,0,1.0,1.0,1.0,0.0,0.0,0.0,4,0,0
863,51,19,32,20,7,8,16,9,1,0,7,0,0,0,0,0,0,0,0,0,0,2,0,1.0,1.0,1.0,0.0,0.0,0.0,4,0,0
864,50,18,32,19,7,8,16,9,1,0,7,0,0,0,0,0,6,0,0,0,1,1,1,0.962962962962963,1.0,1.0,0.0,0.0,0.0,4,0,1
865,50,18,32,19,7,7,17,10,3,0,7,0,0,0,0,0,8,2,0,0,0,1,0,1.0,1.0,1.0,0.0,0.0,0.25,4,0,0
866,50,18,32,19,7,7,17,10,3,0,7,0,0,0,0,0,0,0,0,0,0,2,0,1.0,1.0,1.0,0.0,0.0,0.0,4,0,0
867,50,18,32,19,5,9,17,10,3,0,7,0,0,0,0,0,0,0,0,0,0,0,0,1.0,1.0,1.0,0.0,0.0,0.0,4,0,0
868,50,18,32,9,14,10,17,10,3,0,7,0,0,0,0,0,0,0,0,0,0,0,0,1.0,1.0,1.0,0.0,0.0,0.0,4,0,0
869,50,18,32,7,15,11,17,10,3,0,7,0,0,0,0,0,0,0,0,0,0,0,0,1.0,1.0,1.0,0.0,0.0,0.0,4,0,0
870,50,18,32,4,16,13,17,10,3,0,4,0,0,0,0,0,0,0,0,0,0,0,0,1.0,1.0,1.0,0.0,0.0,0.0,4,0,0
871,50,18,32,3,17,13,17,10,5,0,3,0,0,0,0,0,12,2,0,0,0,0,0,1.0,1.0,1.0,0.0,0.0,0.16666666666666666,4,0,0
872,54,21,33,7,17,13,17,10,5,0,3,0,0,0,0,0,6,1,0,1,0,0,0,1.0,1.0,1.0,0.08,0.08,0.16666666666666666,4,4,0
873,53,20,33,7,16,13,17,10,5,2,2,0,0,0,0,0,5,0,2,0,1,0,1,0.9583333333333334,1.0,1.0,0.0,0.0,0.0,4,0,1
874,53,20,33,7,16,13,17,10,6,2,2,0,0,0,0,0,6,1,0,0,0,0,0,1.0,1.0,1.0,0.0,0.0,0.16666666666666666,4,0,0
875,53,20,33,7,16,13,17,10,6,2,2,0,0,0,0,0,0,0,0,0,0,0,0,1.0,1.0,1.0,0.0,0.0,0.0,4,0,0
876,52,19,33,7,16,12,17,10,6,2,2,0,0,0,0,0,0,0,0,0,0,0,0,1.0,1.0,1.0,0.0,0.0,0.0,4,0,1
877,51,19,32,7,15,12,17,10,6,2,2,0,0,0,0,0,0,0,0,0,1,0,1,0.9565217391304348,1.0,1.0,0.0,0.0,0.0,4,0,1
878,51,19,32,7,15,12,17,10,6,2,2,0,0,0,0,0,0,0,0,0,0,0,0,1.0,1.0,1.0,0.0,0.0,0.0,4,0,0
879,50,18,32,6,15,12,17,10,6,2,2,0,0,0,0,0,0,0,0,0,1,0,1,0.9545454545454546,1.0,1.0,0.0,0.0,0.0,4,0,1
880,50,18,32,6,15,12,17,10,6,2,2,0,0,0,0,0,0,0,0,0,0,0,0,1.0,1.0,1.0,0.0,0.0,0.0,4,0,0
881,50,18,32,6,15,12,17,10,6,2,2,0,0,0,0,0,0,0,0,0,0,0,0,1.0,1.0,1.0,0.0,0.0,0.0,4,0,0
882,50,18,32,6,15,12,17,10,6,2,2,0,0,0,0,0,0,0,0,0,0,0,0,1.0,1.0,1.0,0.0,0.0,0.0,4,0,0
883,50,18,32,6,15,12,17,10,6,2,2,0,0,0,0,0,0,0,0,0,0,0,0,1.0,1.0,1.0,0.0,0.0,0.0,4,0,0
884,50,18,32,3,18,11,18,11,6,2,2,0,0,0,0,0,0,0,0,0,0,0,0,1.0,1.0,1.0,0.0,0.0,0.0,4,0,0
885,50,18,32,3,18,11,18,11,6,2,2,0,0,0,0,0,0,0,0,0,0,0,0,1.0,1.0,1.0,0.0,0.0,0.0,4,0,0
886,50,18,32,3,18,11,18,11,6,2,1,0,0,0,0,0,0,0,0,0,0,0,0,1.0,1.0,1.0,0.0,0.0,0.0,4,0,0
887,50,18,32,3,18,11,18,11,6,3,1,0,0,0,0,0,2,0,1,0,0,0,0,1.0,1.0,1.0,0.0,0.0,0.0,4,0,0
888,49,17,32,3,18,11,17,11,6,3,1,0,0,0,0,0,0,0,0,0,0,0,0,1.0,0.8571428571428572,1.0,0.0,0.0,0.0,4,0,1
889,49,17,32,3,18,11,17,11,6,3,1,0,0,0,0,0,0,0,0,0,0,0,0,1.0,1.0,1.0,0.0,0.0,0.0,4,0,0
890,48,17,31,3,17,11,17,11,6,3,1,0,0,0,0,0,2,0,0,0,1,0,1,0.9523809523809523,1.0,1.0,0.0,0.0,0.0,4,0,1
891,48,17,31,3,17,11,17,11,7,3,1,0,0,0,0,0,7,1,0,0,0,0,0,1.0,1.0,1.0,0.0,0.0,0.14285714285714285,4,0,0
892,48,17,31,3,17,11,17,11,7,3,1,0,0,0,0,0,0,0,0,0,0,0,0,1.0,1.0,1.0,0.0,0.0,0.0,4,0,0
893,47,16,31,3,16,10,18,11,7,3,1,0,0,0,0,0,0,0,0,0,1,0,1,0.95,1.0,1.0,0.0,0.0,0.0,4,0,1
894,47,16,31,3,16,10,18,11,7,3,1,0,0,0,0,0,0,0,0,0,0,0,0,1.0,1.0,1.0,0.0,0.0,0.0,4,0,0
895,47,16,31,3,16,10,18,11,7,3,1,0,0,0,0,0,0,0,0,0,0,0,0,1.0,1.0,1.0,0.0,0.0,0.0,4,0,0
896,47,16,31,3,16,10,18,11,7,3,1,0,0,0,0,0,0,0,0,0,0,0,0,1.0,1.0,1.0,0.0,0.0,0.0,4,0,0
897,47,16,31,3,16,10,18,11,7,3,1,0,0,0,0,0,0,0,0,0,0,0,0,1.0,1.0,1.0,0.0,0.0,0.0,4,0,0
898,47,16,31,3,16,10,18,11,7,3,1,0,0,0,0,0,0,0,0,0,0,0,0,1.0,1.0,1.0,0.0,0.0,0.0,4,0,0
899,47,16,31,3,16,10,18,11,7,3,1,0,0,0,0,0,0,0,0,0,0,0,0,1.0,1.0,1.0,0.0,0.0,0.0,4,0,0
900,47,16,31,3,16,10,18,11,7,3,1,0,0,0,0,0,0,0,0,0,0,0,0,1.0,1.0,1.0,0.0,0.0,0.0,4,0,0
901,47,16,31,3,16,10,18,11,7,3,1,0,0,0,0,0,0,0,0,0,0,0,0,1.0,1.0,1.0,0.0,0.0,0.0,4,0,0
902,47,16,31,3,16,10,18,11,7,3,1,0,0,0,0,0,0,0,0,0,0,0,0,1.0,1.0,1.0,0.0,0.0,0.0,4,0,0
903,47,16,31,3,16,10,18,11,7,3,1,0,0,0,0,0,0,0,0,0,0,0,0,1.0,1.0,1.0,0.0,0.0,0.0,4,0,0
904,47,16,31,3,16,10,18,11,7,3,1,0,0,0,0,0,0,0,0,0,0,0,0,1.0,1.0,1.0,0.0,0.0,0.0,4,0,0
905,47,16,31,3,16,10,18,11,7,3,1,0,0,0,0,0,0,0,0,0,0,0,0,1.0,1.0,1.0,0.0,0.0,0.0,4,0,0
906,47,16,31,3,16,10,18,11,7,3,1,0,0,0,0,0,0,0,0,0,0,0,0,1.0,1.0,1.0,0.0,0.0,0.0,4,0,0
907,47,16,31,3,16,10,18,11,7,3,1,0,0,0,0,0,0,0,0,0,0,0,0,1.0,1.0,1.0,0.0,0.0,0.0,4,0,0
908,47,16,31,3,16,10,18,11,7,3,1,0,0,0,0,0,0,0,0,0,0,0,0,1.0,1.0,1.0,0.0,0.0,0.0,4,0,0
909,47,16,31,3,16,10,18,11,7,3,1,0,0,0,0,0,0,0,0,0,0,0,0,1.0,1.0,1.0,0.0,0.0,0.0,4,0,0
910,47,16,31,3,16,10,18,11,7,3,1,0,0,0,0,0,0,0,0,0,0,0,0,1.0,1.0,1.0,0.0,0.0,0.0,4,0,0
911,47,16,31,3,16,10,18,11,7,3,1,0,0,0,0,0,0,0,0,0,0,0,0,1.0,1.0,1.0,0.0,0.0,0.0,4,0,0
912,47,16,31,3,16,10,18,11,7,3,1,0,0,0,0,0,0,0,0,0,0,0,0,1.0,1.0,1.0,0.0,0.0,0.0,4,0,0
913,47,16,31,3,16,10,18,11,7,3,1,0,0,0,0,0,0,0,0,0,0,0,0,1.0,1.0,1.0,0.0,0.0,0.0,4,0,0
914,46,16,30,2,16,10,18,11,7,3,1,0,0,0,0,0,0,0,0,0,1,0,1,0.9473684210526316,1.0,1.0,0.0,0.0,0.0,4,0,1
915,45,15,30,0,17,10,18,11,7,3,1,0,0,0,0,0,0,0,0,0,1,0,1,0.9444444444444444,1.0,1.0,0.0,0.0,0.0,4,0,1
916,45,15,30,0,17,10,18,11,7,3,1,0,0,0,0,0,0,0,0,0,0,0,0,1.0,1.0,1.0,0.0,0.0,0.0,4,0,0
917,45,15,30,0,17,10,18,11,7,3,0,0,0,0,0,0,0,0,0,0,0,0,0,1.0,1.0,1.0,0.0,0.0,0.0,4,0,0
918,45,15,30,0,17,10,18,11,7,2,0,0,0,0,0,0,1,0,1,0,0,0,0,1.0,1.0,1.0,0.0,0.0,0.0,4,0,0
919,45,15,30,0,17,10,18,11,9,2,0,0,0,0,0,0,10,2,0,0,0,0,0,1.0,1.0,1.0,0.0,0.0,0.2,4,0,0
920,45,15,30,0,17,10,18,11,9,2,0,0,0,0,0,0,0,0,0,0,0,0,0,1.0,1.0,1.0,0.0,0.0,0.0,4,0,0
921,45,15,30,0,17,10,18,11,9,2,0,0,0,0,0,0,0,0,0,0,0,0,0,1.0,1.0,1.0,0.0,0.0,0.0,4,0,0
922,44,15,29,0,16,10,18,11,9,2,0,0,0,0,0,0,0,0,0,0,1,0,1,0.9411764705882353,1.0,1.0,0.0,0.0,0.0,4,0,1
923,44,15,29,0,16,10,18,11,9,2,0,0,0,0,0,0,0,0,0,0,0,0,0,1.0,1.0,1.0,0.0,0.0,0.0,4,0,0
924,44,15,29,0,16,10,18,11,9,2,0,0,0,0,0,0,0,0,0,0,0,0,0,1.0,1.0,1.0,0.0,0.0,0.0,4,0,0
925,44,15,29,0,16,10,18,11,9,2,0,0,0,0,0,0,0,0,0,0,0,0,0,1.0,1.0,1.0,0.0,0.0,0.0,4,0,0
926,44,15,29,0,16,10,18,11,9,2,0,0,0,0,0,0,0,0,0,0,0,0,0,1.0,1.0,1.0,0.0,0.0,0.0,4,0,0
927,44,15,29,0,16,9,19,12,9,2,0,0,0,0,0,0,0,0,0,0,0,0,0,1.0,1.0,1.0,0.0,0.0,0.0,4,0,0
928,44,15,29,0,16,9,19,12,9,2,0,0,0,0,0,0,0,0,0,0,0,0,0,1.0,1.0,1.0,0.0,0.0,0.0,4,0,0
929,44,15,29,0,16,9,19,12,10,2,0,0,0,0,0,0,4,1,0,0,0,0,0,1.0,1.0,1.0,0.0,0.0,0.25,4,0,0
930,51,18,33,7,16,9,19,12,8,2,2,0,0,0,0,0,0,0,0,2,0,0,0,1.0,1.0,1.0,0.1590909090909091,0.1590909090909091,0.0,4,7,0
931,51,18,33,7,16,9,19,12,8,2,2,0,0,0,0,0,0,0,0,0,0,0,0,1.0,1.0,1.0,0.0,0.0,0.0,4,0,0
932,51,18,33,7,16,9,19,12,8,1,2,0,0,0,0,0,0,0,0,0,0,0,0,1.0,1.0,1.0,0.0,0.0,0.0,4,0,0
933,50,18,32,7,16,9,18,11,7,1,2,0,0,0,0,0,1,0,0,0,0,0,0,1.0,1.0,0.9166666666666666,0.0,0.0,0.0,4,0,1
934,49,18,31,7,15,9,18,11,7,1,2,0,0,0,0,0,2,0,0,0,1,0,1,0.9565217391304348,1.0,1.0,0.0,0.0,0.0,4,0,1
935,49,18,31,7,15,8,19,12,8,1,2,0,0,0,0,0,8,1,0,0,0,0,0,1.0,1.0,1.0,0.0,0.0,0.125,4,0,0
936,52,20,32,10,15,8,19,12,7,1,3,0,0,0,0,0,0,0,0,1,0,0,0,1.0,1.0,1.0,0.061224489795918366,0.061224489795918366,0.0,4,3,0
937,54,19,35,12,15,7,20,13,6,1,4,0,0,0,0,0,0,0,0,1,1,0,1,0.96,1.0,1.0,0.057692307692307696,0.057692307692307696,0.0,4,3,1
938,54,19,35,12,15,7,20,13,6,1,4,0,0,0,0,0,0,0,0,0,0,0,0,1.0,1.0,1.0,0.0,0.0,0.0,4,0,0
939,58,20,38,16,15,7,20,13,5,1,5,0,0,0,0,0,0,0,0,1,0,0,0,1.0,1.0,1.0,0.07407407407407407,0.07407407407407407,0.0,4,4,0
940,58,20,38,16,15,7,20,13,5,1,5,0,0,0,0,0,0,0,0,0,0,0,0,1.0,1.0,1.0,0.0,0.0,0.0,4,0,0
941,58,20,38,16,15,7,20,13,5,1,5,0,0,0,0,0,0,0,0,0,0,0,0,1.0,1.0,1.0,0.0,0.0,0.0,4,0,0
942,57,20,37,15,15,7,20,13,7,1,5,0,0,0,0,0,11,2,0,0,1,0,1,0.967741935483871,1.0,1.0,0.0,0.0,0.18181818181818182,4,0,1
943,57,20,37,15,15,7,20,13,7,1,5,0,0,0,0,0,0,0,0,0,0,0,0,1.0,1.0,1.0,0.0,0.0,0.0,4,0,0
944,56,19,37,14,15,7,20,13,7,1,5,0,0,0,0,0,0,0,0,0,1,0,1,0.9666666666666667,1.0,1.0,0.0,0.0,0.0,4,0,1
945,55,19,36,14,14,7,20,13,7,1,5,0,0,0,0,0,0,0,0,0,1,0,1,0.9655172413793104,1.0,1.0,0.0,0.0,0.0,4,0,1
946,54,19,35,14,13,7,20,13,7,1,5,0,0,0,0,0,0,0,0,0,1,0,1,0.9642857142857143,1.0,1.0,0.0,0.0,0.0,4,0,1
947,54,19,35,14,13,7,20,13,7,1,5,0,0,0,0,0,0,0,0,0,0,0,0,1.0,1.0,1.0,0.0,0.0,0.0,4,0,0
948,53,19,34,14,12,7,20,13,7,1,5,0,0,0,0,0,0,0,0,0,1,0,1,0.962962962962963,1.0,1.0,0.0,0.0,0.0,4,0,1
949,53,19,34,14,12,7,20,13,7,1,5,0,0,0,0,0,0,0,0,0,0,0,0,1.0,1.0,1.0,0.0,0.0,0.0,4,0,0
950,53,19,34,14,12,7,20,13,7,1,5,0,0,0,0,0,0,0,0,0,0,0,0,1.0,1.0,1.0,0.0,0.0,0.0,4,0,0
951,53,19,34,14,12,7,20,13,7,1,5,0,0,0,0,0,0,0,0,0,0,0,0,1.0,1.0,1.0,0.0,0.0,0.0,4,0,0
952,53,19,34,14,12,7,20,13,7,1,5,0,0,0,0,0,0,0,0,0,0,0,0,1.0,1.0,1.0,0.0,0.0,0.0,4,0,0
953,52,19,33,13,12,6,21,14,7,1,5,0,0,0,0,0,0,0,0,0,1,0,1,0.9615384615384616,1.0,1.0,0.0,0.0,0.0,4,0,1
954,52,19,33,13,12,6,21,14,7,1,5,0,0,0,0,0,0,0,0,0,0,0,0,1.0,1.0,1.0,0.0,0.0,0.0,4,0,0
955,52,19,33,13,12,6,21,14,7,1,5,0,0,0,0,0,1,0,0,0,0,0,0,1.0,1.0,1.0,0.0,0.0,0.0,4,0,0
956,55,20,35,17,11,6,21,14,7,1,6,0,0,0,0,0,6,1,0,1,1,0,1,0.96,1.0,1.0,0.07692307692307693,0.07692307692307693,0.16666666666666666,4,4,1
957,55,20,35,17,11,6,21,14,7,1,6,0,0,0,0,0,0,0,0,0,0,0,0,1.0,1.0,1.0,0.0,0.0,0.0,4,0,0
958,55,20,35,17,11,6,21,14,7,1,6,0,0,0,0,0,0,0,0,0,0,0,0,1.0,1.0,1.0,0.0,0.0,0.0,4,0,0
959,54,20,34,16,11,6,21,14,7,1,6,0,0,0,0,0,0,0,0,0,1,0,1,0.9642857142857143,1.0,1.0,0.0,0.0,0.0,4,0,1
960,53,19,34,15,11,6,21,14,7,1,6,0,0,0,0,0,0,0,0,0,1,0,1,0.962962962962963,1.0,1.0,0.0,0.0,0.0,4,0,1
961,53,19,34,15,11,6,21,14,7,1,6,0,0,0,0,0,0,0,0,0,0,0,0,1.0,1.0,1.0,0.0,0.0,0.0,4,0,0
962,53,19,34,15,11,6,21,14,7,1,6,0,0,0,0,0,0,0,0,0,0,0,0,1.0,1.0,1.0,0.0,0.0,0.0,4,0,0
963,52,18,34,15,10,6,21,14,7,0,6,0,0,0,0,0,0,0,0,0,1,0,1,0.9615384615384616,1.0,1.0,0.0,0.0,0.0,4,0,1
964,52,18,34,15,10,6,21,14,7,1,6,0,0,0,0,0,3,0,1,0,0,0,0,1.0,1.0,1.0,0.0,0.0,0.0,4,0,0
965,49,16,33,14,9,6,20,14,7,1,6,0,0,0,0,0,0,0,0,0,2,0,2,0.92,0.8571428571428572,1.0,0.0,0.0,0.0,4,0,3
966,49,16,33,14,9,6,20,14,7,1,6,0,0,0,0,0,0,0,0,0,0,0,0,1.0,1.0,1.0,0.0,0.0,0.0,4,0,0
967,49,16,33,14,9,6,20,14,7,1,6,0,0,0,0,0,0,0,0,0,0,0,0,1.0,1.0,1.0,0.0,0.0,0.0,4,0,0
968,49,16,33,14,9,6,20,14,7,1,6,0,0,0,0,0,0,0,0,0,0,0,0,1.0,1.0,1.0,0.0,0.0,0.0,4,0,0
969,49,16,33,14,9,6,20,14,7,1,6,0,0,0,0,0,0,0,0,0,0,0,0,1.0,1.0,1.0,0.0,0.0,0.0,4,0,0
970,49,16,33,14,9,6,20,14,7,1,6,0,0,0,0,0,0,0,0,0,0,0,0,1.0,1.0,1.0,0.0,0.0,0.0,4,0,0
971,49,16,33,14,9,6,20,14,7,1,6,0,0,0,0,0,0,0,0,0,0,0,0,1.0,1.0,1.0,0.0,0.0,0.0,4,0,0
972,49,16,33,14,9,6,20,14,7,1,6,0,0,0,0,0,0,0,0,0,0,0,0,1.0,1.0,1.0,0.0,0.0,0.0,4,0,0
973,49,16,33,10,13,6,20,14,7,1,6,0,0,0,0,0,0,0,0,0,0,0,0,1.0,1.0,1.0,0.0,0.0,0.0,4,0,0
974,49,16,33,10,13,6,20,14,7,1,6,0,0,0,0,0,0,0,0,0,0,0,0,1.0,1.0,1.0,0.0,0.0,0.0,4,0,0
975,49,16,33,10,13,6,20,14,7,1,4,0,0,0,0,0,0,0,0,0,0,0,0,1.0,1.0,1.0,0.0,0.0,0.0,4,0,0
976,49,16,33,10,13,6,20,14,9,1,4,0,0,0,0,0,11,2,0,0,0,0,0,1.0,1.0,1.0,0.0,0.0,0.18181818181818182,4,0,0
977,49,16,33,10,13,6,20,14,9,1,4,0,0,0,0,0,0,0,0,0,0,0,0,1.0,1.0,1.0,0.0,0.0,0.0,4,0,0
978,49,16,33,10,13,6,20,14,9,1,4,0,0,0,0,0,0,0,0,0,0,0,0,1.0,1.0,1.0,0.0,0.0,0.0,4,0,0
979,49,16,33,8,15,6,20,14,9,1,4,0,0,0,0,0,0,0,0,0,0,0,0,1.0,1.0,1.0,0.0,0.0,0.0,4,0,0
980,48,15,33,7,15,6,20,14,9,1,4,0,0,0,0,0,0,0,0,0,1,0,1,0.9565217391304348,1.0,1.0,0.0,0.0,0.0,4,0,1
981,48,15,33,7,15,5,21,14,9,1,3,0,0,0,0,0,0,0,0,0,0,0,0,1.0,1.0,1.0,0.0,0.0,0.0,4,0,0
982,48,15,33,3,19,5,21,14,10,1,2,0,0,0,0,0,8,1,0,0,0,0,0,1.0,1.0,1.0,0.0,0.0,0.125,4,0,0
983,48,15,33,3,19,5,21,14,10,1,2,0,0,0,0,0,4,0,0,0,0,0,0,1.0,1.0,1.0,0.0,0.0,0.0,4,0,0
984,56,18,38,11,19,5,21,14,9,1,3,0,0,0,0,0,6,1,0,2,0,0,0,1.0,1.0,1.0,0.16666666666666666,0.16666666666666666,0.16666666666666666,4,8,0
985,56,18,38,11,19,5,21,14,10,1,3,0,0,0,0,0,7,1,0,0,0,0,0,1.0,1.0,1.0,0.0,0.0,0.14285714285714285,4,0,0
986,56,18,38,11,19,5,21,14,10,1,3,0,0,0,0,0,0,0,0,0,0,0,0,1.0,1.0,1.0,0.0,0.0,0.0,4,0,0
987,56,18,38,11,19,4,22,15,10,1,3,0,0,0,0,0,0,0,0,0,0,0,0,1.0,1.0,1.0,0.0,0.0,0.0,4,0,0
988,56,18,38,11,19,4,22,15,10,1,3,0,0,0,0,0,0,0,0,0,0,0,0,1.0,1.0,1.0,0.0,0.0,0.0,4,0,0
989,55,18,37,11,18,4,22,15,10,1,3,0,0,0,0,0,0,0,0,0,1,0,1,0.9666666666666667,1.0,1.0,0.0,0.0,0.0,4,0,1
990,52,16,36,9,18,3,22,15,10,1,3,0,0,0,0,0,0,0,0,0,2,0,2,0.9310344827586207,1.0,1.0,0.0,0.0,0.0,4,0,3
991,52,16,36,9,18,3,22,15,10,1,3,0,0,0,0,0,0,0,0,0,0,0,0,1.0,1.0,1.0,0.0,0.0,0.0,4,0,0
992,52,16,36,9,18,3,22,15,10,1,3,0,0,0,0,0,0,0,0,0,0,0,0,1.0,1.0,1.0,0.0,0.0,0.0,4,0,0
993,52,16,36,9,18,3,22,15,10,1,3,0,0,0,0,0,0,0,0,0,0,0,0,1.0,1.0,1.0,0.0,0.0,0.0,4,0,0
994,56,20,36,13,18,3,22,15,9,1,4,0,0,0,0,0,3,0,0,1,0,0,0,1.0,1.0,1.0,0.07692307692307693,0.07692307692307693,0.0,4,4,0
995,55,20,35,13,17,3,22,15,9,1,4,0,0,0,0,0,1,0,0,0,1,0,1,0.967741935483871,1.0,1.0,0.0,0.0,0.0,4,0,1
996,52,18,34,10,17,3,22,15,10,1,4,0,0,0,0,0,6,1,0,0,3,0,3,0.9,1.0,1.0,0.0,0.0,0.16666666666666666,4,0,3
997,51,18,33,10,16,3,22,15,10,1,4,0,0,0,0,0,0,0,0,0,1,0,1,0.962962962962963,1.0,1.0,0.0,0.0,0.0,4,0,1
998,51,18,33,10,16,3,22,15,10,1,4,0,0,0,0,0,0,0,0,0,0,0,0,1.0,1.0,1.0,0.0,0.0,0.0,4,0,0
999,51,18,33,8,18,3,22,15,10,1,4,0,0,0,0,0,0,0,0,0,0,0,0,1.0,1.0,1.0,0.0,0.0,0.0,4,0,0
1000,55,22,33,12,18,3,22,15,9,1,5,0,0,0,0,0,0,0,0,1,0,0,0,1.0,1.0,1.0,0.0784313725490196,0.0784313725490196,0.0,4,4,0
1001,55,22,33,12,18,3,22,15,9,1,4,0,0,0,0,0,0,0,0,0,0,0,0,1.0,1.0,1.0,0.0,0.0,0.0,4,0,0
1002,55,22,33,12,18,3,22,15,10,1,4,0,0,0,0,0,6,1,0,0,0,0,0,1.0,1.0,1.0,0.0,0.0,0.16666666666666666,4,0,0
1003,54,21,33,12,17,3,22,15,10,1,4,0,0,0,0,0,0,0,0,0,1,0,1,0.9666666666666667,1.0,1.0,0.0,0.0,0.0,4,0,1
1004,54,21,33,12,17,3,22,15,10,1,4,0,0,0,0,0,0,0,0,0,0,0,0,1.0,1.0,1.0,0.0,0.0,0.0,4,0,0
1005,54,21,33,12,17,2,23,15,10,1,4,0,0,0,0,0,0,0,0,0,0,3,0,1.0,1.0,1.0,0.0,0.0,0.0,4,0,0
1006,54,21,33,12,17,2,23,15,10,1,4,0,0,0,0,0,0,0,0,0,0,1,0,1.0,1.0,1.0,0.0,0.0,0.0,4,0,0
1007,61,26,35,19,17,2,23,15,8,1,6,0,0,0,0,0,0,0,0,2,0,1,0,1.0,1.0,1.0,0.12962962962962962,0.12962962962962962,0.0,4,7,0
1008,60,25,35,19,16,2,23,15,8,1,6,0,0,0,0,0,0,0,0,0,1,0,1,0.9722222222222222,1.0,1.0,0.0,0.0,0.0,4,0,1
1009,57,24,33,17,12,5,23,15,8,0,6,0,0,0,0,0,0,0,0,0,3,0,3,0.90625,1.0,1.0,0.0,0.0,0.0,4,0,3
1010,57,24,33,17,11,6,23,15,9,0,6,0,0,0,0,0,7,1,0,0,0,0,0,1.0,1.0,1.0,0.0,0.0,0.14285714285714285,4,0,0
1011,57,24,33,17,10,7,23,15,9,0,6,0,0,0,0,0,0,0,0,0,0,0,0,1.0,1.0,1.0,0.0,0.0,0.0,4,0,0
1012,57,24,33,17,10,7,23,15,9,0,6,0,0,0,0,0,0,0,0,0,0,0,0,1.0,1.0,1.0,0.0,0.0,0.0,4,0,0
1013,57,24,33,17,10,7,23,15,9,0,6,0,0,0,0,0,0,0,0,0,0,0,0,1.0,1.0,1.0,0.0,0.0,0.0,4,0,0
1014,57,24,33,17,10,7,23,15,9,0,6,0,0,0,0,0,0,0,0,0,0,0,0,1.0,1.0,1.0,0.0,0.0,0.0,4,0,0
1015,56,24,32,17,10,7,22,14,9,0,5,0,0,0,0,0,0,0,0,0,0,0,0,1.0,1.0,0.9333333333333333,0.0,0.0,0.0,4,0,1
1016,55,24,31,17,9,7,22,14,9,0,5,0,0,0,0,0,0,0,0,0,1,0,1,0.962962962962963,1.0,1.0,0.0,0.0,0.0,4,0,1
1017,55,24,31,17,9,7,22,14,9,0,5,0,0,0,0,0,0,0,0,0,0,0,0,1.0,1.0,1.0,0.0,0.0,0.0,4,0,0
1018,55,24,31,17,9,7,22,14,9,0,5,0,0,0,0,0,0,0,0,0,0,0,0,1.0,1.0,1.0,0.0,0.0,0.0,4,0,0
1019,54,24,30,17,8,7,22,14,9,0,5,0,0,0,0,0,0,0,0,0,1,0,1,0.9615384615384616,1.0,1.0,0.0,0.0,0.0,4,0,1
1020,54,24,30,17,8,7,22,14,9,0,5,0,0,0,0,0,0,0,0,0,0,0,0,1.0,1.0,1.0,0.0,0.0,0.0,4,0,0
1021,58,27,31,21,8,7,22,14,8,0,6,0,0,0,0,0,0,0,0,1,0,0,0,1.0,1.0,1.0,0.07407407407407407,0.07407407407407407,0.0,4,4,0
1022,56,26,30,19,8,7,22,14,8,0,6,0,0,0,0,0,0,0,0,0,2,0,2,0.9310344827586207,1.0,1.0,0.0,0.0,0.0,4,0,2
1023,56,26,30,19,8,7,22,14,8,0,6,0,0,0,0,0,0,0,0,0,0,0,0,1.0,1.0,1.0,0.0,0.0,0.0,4,0,0
1024,55,25,30,18,8,7,22,14,8,0,6,0,0,0,0,0,0,0,0,0,1,0,1,0.962962962962963,1.0,1.0,0.0,0.0,0.0,4,0,1
1025,55,25,30,18,8,7,22,14,8,0,6,0,0,0,0,0,0,0,0,0,0,0,0,1.0,1.0,1.0,0.0,0.0,0.0,4,0,0
1026,55,25,30,18,8,7,22,14,8,0,6,0,0,0,0,0,0,0,0,0,0,0,0,1.0,1.0,1.0,0.0,0.0,0.0,4,0,0
1027,55,25,30,14,12,7,22,14,8,0,6,0,0,0,0,0,0,0,0,0,0,0,0,1.0,1.0,1.0,0.0,0.0,0.0,4,0,0
1028,54,24,30,13,12,7,22,14,8,0,6,0,0,0,0,0,0,0,0,0,1,0,1,0.9615384615384616,1.0,1.0,0.0,0.0,0.0,4,0,1
1029,54,24,30,13,12,7,22,14,8,0,4,0,0,0,0,0,0,0,0,0,0,0,0,1.0,1.0,1.0,0.0,0.0,0.0,4,0,0
1030,54,24,30,13,12,7,22,14,9,1,4,0,0,0,0,0,5,1,1,0,0,0,0,1.0,1.0,1.0,0.0,0.0,0.2,4,0,0
1031,54,24,30,13,12,7,22,14,9,1,4,0,0,0,0,0,5,1,1,0,0,0,0,1.0,1.0,1.0,0.0,0.0,0.2,4,0,0
1032,54,24,30,13,12,7,22,14,9,1,4,0,0,0,0,0,5,1,1,0,0,0,0,1.0,1.0,1.0,0.0,0.0,0.2,4,0,0
1033,54,24,30,13,12,7,22,14,9,1,4,0,0,0,0,0,5,1,1,0,0,0,0,1.0,1.0,1.0,0.0,0.0,0.2,4,0,0
1034,54,24,30,13,12,7,22,14,9,1,4,0,0,0,0,0,5,1,1,0,0,0,0,1.0,1.0,1.0,0.0,0.0,0.2,4,0,0
1035,53,24,29,13,11,7,22,14,9,1,4,0,0,0,0,0,5,1,1,0,1,0,1,0.96,1.0,1.0,0.0,0.0,0.2,4,0,1
1036,51,22,29,11,11,7,22,14,9,1,4,0,0,0,0,0,5,1,1,0,2,0,2,0.9166666666666666,1.0,1.0,0.0,0.0,0.2,4,0,2
1037,51,22,29,11,11,7,22,14,9,1,4,0,0,0,0,0,5,1,1,0,0,0,0,1.0,1.0,1.0,0.0,0.0,0.2,4,0,0
1038,51,22,29,11,11,7,22,14,9,1,4,0,0,0,0,0,5,1,1,0,0,0,0,1.0,1.0,1.0,0.0,0.0,0.2,4,0,0
1039,51,22,29,11,11,7,22,14,9,1,3,0,0,0,0,0,5,1,1,0,0,0,0,1.0,1.0,1.0,0.0,0.0,0.2,4,0,0
1040,51,22,29,11,11,7,22,14,9,1,3,0,0,0,0,0,5,1,1,0,0,0,0,1.0,1.0,1.0,0.0,0.0,0.2,4,0,0
1041,57,24,33,17,11,7,22,14,7,1,5,0,0,0,0,0,5,1,1,2,1,0,1,0.9545454545454546,1.0,1.0,0.13725490196078433,0.13725490196078433,0.2,4,7,1
1042,57,24,33,17,11,7,22,14,7,1,5,0,0,0,0,0,5,1,1,0,0,0,0,1.0,1.0,1.0,0.0,0.0,0.2,4,0,0
1043,57,24,33,16,12,7,22,14,7,1,5,0,0,0,0,0,5,1,1,0,0,0,0,1.0,1.0,1.0,0.0,0.0,0.2,4,0,0
1044,57,24,33,16,12,7,22,14,7,1,5,0,0,0,0,0,5,1,1,0,0,0,0,1.0,1.0,1.0,0.0,0.0,0.2,4,0,0
1045,56,24,32,15,12,7,22,14,7,1,4,0,0,0,0,0,5,1,1,0,1,0,1,0.9642857142857143,1.0,1.0,0.0,0.0,0.2,4,0,1
1046,56,24,32,15,12,7,22,14,7,1,4,0,0,0,0,0,5,1,1,0,0,0,0,1.0,1.0,1.0,0.0,0.0,0.2,4,0,0
1047,59,26,33,18,12,7,22,14,6,1,5,0,0,0,0,0,5,1,1,1,1,0,1,0.962962962962963,1.0,1.0,0.07142857142857142,0.07142857142857142,0.2,4,4,1
1048,59,26,33,18,12,7,22,14,6,1,5,0,0,0,0,0,5,1,1,0,0,0,0,1.0,1.0,1.0,0.0,0.0,0.2,4,0,0
1049,62,25,37,22,11,7,22,14,5,1,6,0,0,0,0,0,5,1,1,1,1,0,1,0.9666666666666667,1.0,1.0,0.06779661016949153,0.06779661016949153,0.2,4,4,1
1050,66,27,39,19,18,7,22,14,4,1,7,0,0,0,0,0,5,1,1,1,0,0,0,1.0,1.0,1.0,0.06451612903225806,0.06451612903225806,0.2,4,4,0
1051,63,24,39,19,15,7,22,14,4,1,7,0,0,0,0,0,5,1,1,0,3,0,3,0.9189189189189189,1.0,1.0,0.0,0.0,0.2,4,0,3
1052,62,23,39,18,15,7,22,14,4,1,6,0,0,0,0,0,5,1,1,0,1,1,1,0.9705882352941176,1.0,1.0,0.0,0.0,0.2,4,0,1
1053,62,23,39,18,15,7,22,14,4,1,6,0,0,0,0,0,5,1,1,0,0,0,0,1.0,1.0,1.0,0.0,0.0,0.2,4,0,0
1054,60,23,37,17,14,7,22,14,4,1,6,0,0,0,0,0,5,1,1,0,2,0,2,0.9393939393939394,1.0,1.0,0.0,0.0,0.2,4,0,2
1055,60,23,37,17,14,7,22,14,4,1,6,0,0,0,0,0,5,1,1,0,0,0,0,1.0,1.0,1.0,0.0,0.0,0.2,4,0,0
1056,59,23,36,17,12,8,22,14,4,1,6,0,0,0,0,0,5,1,1,0,1,0,1,0.9666666666666667,1.0,1.0,0.0,0.0,0.2,4,0,1
1057,57,21,36,15,12,8,22,14,4,1,6,0,0,0,0,0,5,1,1,0,2,0,2,0.9310344827586207,1.0,1.0,0.0,0.0,0.2,4,0,2
1058,57,21,36,15,12,8,22,14,4,1,6,0,0,0,0,0,5,1,1,0,0,0,0,1.0,1.0,1.0,0.0,0.0,0.2,4,0,0
1059,56,20,36,15,12,7,22,15,4,1,6,0,0,0,0,0,5,1,1,0,0,0,0,1.0,0.875,1.0,0.0,0.0,0.2,4,0,1
1060,55,19,36,14,12,7,22,15,4,1,6,0,0,0,0,0,5,1,1,0,1,0,1,0.962962962962963,1.0,1.0,0.0,0.0,0.2,4,0,1
1061,58,19,39,17,12,7,22,15,3,1,7,0,0,0,0,0,5,1,1,1,0,0,0,1.0,1.0,1.0,0.05454545454545454,0.05454545454545454,0.2,4,3,0
1062,56,18,38,15,12,7,22,15,3,1,7,0,0,0,0,0,5,1,1,0,2,0,2,0.9310344827586207,1.0,1.0,0.0,0.0,0.2,4,0,2
1063,56,18,38,15,12,7,22,15,3,1,7,0,0,0,0,0,5,1,1,0,0,0,0,1.0,1.0,1.0,0.0,0.0,0.2,4,0,0
1064,54,17,37,14,11,7,22,15,3,1,7,0,0,0,0,0,5,1,1,0,2,0,2,0.9259259259259259,1.0,1.0,0.0,0.0,0.2,4,0,2
1065,54,17,37,14,11,7,22,15,3,1,7,0,0,0,0,0,5,1,1,0,0,0,0,1.0,1.0,1.0,0.0,0.0,0.2,4,0,0
1066,54,17,37,14,11,7,22,15,3,1,6,0,0,0,0,0,5,1,1,0,0,0,0,1.0,1.0,1.0,0.0,0.0,0.2,4,0,0
1067,58,20,38,18,11,7,22,15,2,1,7,0,0,0,0,0,5,1,1,1,0,0,0,1.0,1.0,1.0,0.07407407407407407,0.07407407407407407,0.2,4,4,0
1068,58,20,38,18,11,7,22,15,2,1,7,0,0,0,0,0,5,1,1,0,0,0,0,1.0,1.0,1.0,0.0,0.0,0.2,4,0,0
1069,57,19,38,17,11,7,22,15,2,1,7,0,0,0,0,0,5,1,1,0,1,0,1,0.9655172413793104,1.0,1.0,0.0,0.0,0.2,4,0,1
1070,56,18,38,16,11,7,22,15,2,1,7,0,0,0,0,0,5,1,1,0,1,0,1,0.9642857142857143,1.0,1.0,0.0,0.0,0.2,4,0,1
1071,54,17,37,15,11,6,22,15,2,1,7,0,0,0,0,0,5,1,1,0,1,0,1,0.962962962962963,1.0,1.0,0.0,0.0,0.2,4,0,2
1072,53,16,37,15,11,6,21,15,2,1,7,0,0,0,0,0,5,1,1,0,0,0,0,1.0,0.8571428571428572,1.0,0.0,0.0,0.2,4,0,1
1073,53,16,37,15,11,6,21,15,2,1,7,0,0,0,0,0,5,1,1,0,0,0,0,1.0,1.0,1.0,0.0,0.0,0.2,4,0,0
1074,53,16,37,15,11,6,21,15,2,1,7,0,0,0,0,0,5,1,1,0,0,0,0,1.0,1.0,1.0,0.0,0.0,0.2,4,0,0
1075,56,19,37,18,11,6,21,15,1,0,8,0,0,0,0,0,5,1,1,1,0,0,0,1.0,1.0,1.0,0.05660377358490566,0.05660377358490566,0.2,4,3,0
1076,53,18,35,15,11,6,21,15,1,0,8,0,0,0,0,0,5,1,1,0,3,0,3,0.896551724137931,1.0,1.0,0.0,0.0,0.2,4,0,3
1077,52,17,35,15,10,6,21,15,1,0,8,0,0,0,0,0,5,1,1,0,1,0,1,0.9615384615384616,1.0,1.0,0.0,0.0,0.2,4,0,1
1078,52,17,35,15,10,6,21,15,1,0,8,0,0,0,0,0,5,1,1,0,0,0,0,1.0,1.0,1.0,0.0,0.0,0.2,4,0,0
1079,52,17,35,15,10,6,21,15,1,0,8,0,0,0,0,0,5,1,1,0,0,0,0,1.0,1.0,1.0,0.0,0.0,0.2,4,0,0
1080,52,17,35,15,10,6,21,15,1,0,8,0,0,0,0,0,5,1,1,0,0,0,0,1.0,1.0,1.0,0.0,0.0,0.2,4,0,0
1081,52,17,35,15,10,6,21,15,1,0,8,0,0,0,0,0,5,1,1,0,0,0,0,1.0,1.0,1.0,0.0,0.0,0.2,4,0,0
1082,52,17,35,15,10,6,21,15,1,0,8,0,0,0,0,0,5,1,1,0,0,0,0,1.0,1.0,1.0,0.0,0.0,0.2,4,0,0
1083,51,16,35,14,10,6,21,15,1,0,8,0,0,0,0,0,5,1,1,0,1,0,1,0.96,1.0,1.0,0.0,0.0,0.2,4,0,1
1084,50,16,34,10,13,6,21,15,1,0,8,0,0,0,0,0,5,1,1,0,1,0,1,0.9583333333333334,1.0,1.0,0.0,0.0,0.2,4,0,1
1085,50,16,34,10,13,6,21,15,1,0,8,0,0,0,0,0,5,1,1,0,0,0,0,1.0,1.0,1.0,0.0,0.0,0.2,4,0,0
1086,50,16,34,10,13,6,21,15,1,0,6,0,0,0,0,0,5,1,1,0,0,0,0,1.0,1.0,1.0,0.0,0.0,0.2,4,0,0
1087,49,16,33,9,13,6,21,15,1,0,6,0,0,0,0,0,5,1,1,0,1,0,1,0.9565217391304348,1.0,1.0,0.0,0.0,0.2,4,0,1
1088,49,16,33,9,13,6,21,15,1,0,6,0,0,0,0,0,5,1,1,0,0,0,0,1.0,1.0,1.0,0.0,0.0,0.2,4,0,0
1089,48,15,33,9,12,6,21,15,1,0,6,0,0,0,0,0,5,1,1,0,1,0,1,0.9545454545454546,1.0,1.0,0.0,0.0,0.2,4,0,1
1090,48,15,33,9,12,6,21,15,1,0,6,0,0,0,0,0,5,1,1,0,0,0,0,1.0,1.0,1.0,0.0,0.0,0.2,4,0,0
1091,47,15,32,9,12,6,20,14,1,0,5,0,0,0,0,0,5,1,1,0,0,0,0,1.0,1.0,0.9333333333333333,0.0,0.0,0.2,4,0,1
1092,47,15,32,7,14,6,20,14,1,0,4,0,0,0,0,0,5,1,1,0,0,0,0,1.0,1.0,1.0,0.0,0.0,0.2,4,0,0
1093,47,15,32,5,16,6,20,14,1,0,4,0,0,0,0,0,5,1,1,0,0,0,0,1.0,1.0,1.0,0.0,0.0,0.2,4,0,0
1094,46,15,31,5,16,5,20,14,1,0,4,0,0,0,0,0,5,1,1,0,0,0,0,1.0,1.0,1.0,0.0,0.0,0.2,4,0,1
1095,50,17,33,9,16,5,20,14,0,0,4,0,0,0,0,0,5,1,1,1,0,0,0,1.0,1.0,1.0,0.08695652173913043,0.08695652173913043,0.2,4,4,0
1096,50,17,33,9,16,5,20,14,0,0,4,0,0,0,0,0,5,1,1,0,0,0,0,1.0,1.0,1.0,0.0,0.0,0.2,4,0,0
1097,50,17,33,9,16,5,20,14,0,0,4,0,0,0,0,0,5,1,1,0,0,0,0,1.0,1.0,1.0,0.0,0.0,0.2,4,0,0
1098,50,17,33,9,16,5,20,14,0,0,4,0,0,0,0,0,5,1,1,0,0,0,0,1.0,1.0,1.0,0.0,0.0,0.2,4,0,0
1099,49,17,32,8,16,5,20,14,0,0,4,0,0,0,0,0,5,1,1,0,1,0,1,0.96,1.0,1.0,0.0,0.0,0.2,4,0,1
1100,49,17,32,8,16,5,20,14,0,0,4,0,0,0,0,0,5,1,1,0,0,0,0,1.0,1.0,1.0,0.0,0.0,0.2,4,0,0
1101,49,17,32,8,16,5,20,14,0,0,4,0,0,0,0,0,5,1,1,0,0,0,0,1.0,1.0,1.0,0.0,0.0,0.2,4,0,0
1102,48,17,31,8,15,5,20,14,0,0,4,0,0,0,0,0,5,1,1,0,1,0,1,0.9583333333333334,1.0,1.0,0.0,0.0,0.2,4,0,1
1103,48,17,31,8,15,5,20,14,0,0,4,0,0,0,0,0,5,1,1,0,0,0,0,1.0,1.0,1.0,0.0,0.0,0.2,4,0,0
1104,48,17,31,7,16,5,20,14,0,0,4,0,0,0,0,0,5,1,1,0,0,0,0,1.0,1.0,1.0,0.0,0.0,0.2,4,0,0
1105,48,17,31,7,16,5,20,14,0,0,4,0,0,0,0,0,5,1,1,0,0,0,0,1.0,1.0,1.0,0.0,0.0,0.2,4,0,0
1106,48,17,31,7,16,5,20,14,0,0,3,0,0,0,0,0,5,1,1,0,0,0,0,1.0,1.0,1.0,0.0,0.0,0.2,4,0,0
1107,46,17,29,7,14,5,20,14,0,0,3,0,0,0,0,0,5,1,1,0,2,0,2,0.9130434782608696,1.0,1.0,0.0,0.0,0.2,4,0,2
1108,46,17,29,7,14,4,21,15,0,0,3,0,0,0,0,0,5,1,1,0,0,0,0,1.0,1.0,1.0,0.0,0.0,0.2,4,0,0
1109,46,17,29,7,14,4,21,15,0,0,3,0,0,0,0,0,5,1,1,0,0,0,0,1.0,1.0,1.0,0.0,0.0,0.2,4,0,0
1110,46,17,29,4,17,4,21,15,0,0,3,0,0,0,0,0,5,1,1,0,0,2,0,1.0,1.0,1.0,0.0,0.0,0.2,4,0,0
1111,46,17,29,4,17,4,21,15,0,0,3,0,0,0,0,0,5,1,1,0,0,0,0,1.0,1.0,1.0,0.0,0.0,0.2,4,0,0
1112,46,17,29,4,17,4,21,15,0,0,2,0,0,0,0,0,5,1,1,0,0,0,0,1.0,1.0,1.0,0.0,0.0,0.2,4,0,0
1113,46,17,29,4,17,4,21,15,0,0,2,0,0,0,0,0,5,1,1,0,0,0,0,1.0,1.0,1.0,0.0,0.0,0.2,4,0,0
1114,46,17,29,4,15,6,21,15,0,0,2,0,0,0,0,0,5,1,1,0,0,0,0,1.0,1.0,1.0,0.0,0.0,0.2,4,0,0
1115,46,17,29,4,15,6,21,15,0,0,2,0,0,0,0,0,5,1,1,0,0,0,0,1.0,1.0,1.0,0.0,0.0,0.2,4,0,0
1116,46,17,29,4,15,6,21,15,0,0,2,0,0,0,0,0,5,1,1,0,0,0,0,1.0,1.0,1.0,0.0,0.0,0.2,4,0,0
1117,46,17,29,4,15,6,21,15,0,0,2,0,0,0,0,0,5,1,1,0,0,0,0,1.0,1.0,1.0,0.0,0.0,0.2,4,0,0
1118,46,17,29,3,16,6,21,15,0,0,2,0,0,0,0,0,5,1,1,0,0,0,0,1.0,1.0,1.0,0.0,0.0,0.2,4,0,0
1119,46,17,29,3,16,6,21,15,0,0,2,0,0,0,0,0,5,1,1,0,0,2,0,1.0,1.0,1.0,0.0,0.0,0.2,4,0,0
1120,46,17,29,3,16,6,21,15,0,0,1,0,0,0,0,0,5,1,1,0,0,0,0,1.0,1.0,1.0,0.0,0.0,0.2,4,0,0
1121,46,17,29,3,16,6,21,15,0,0,1,0,0,0,0,0,5,1,1,0,0,0,0,1.0,1.0,1.0,0.0,0.0,0.2,4,0,0
1122,46,17,29,3,16,6,21,15,0,0,1,0,0,0,0,0,5,1,1,0,0,0,0,1.0,1.0,1.0,0.0,0.0,0.2,4,0,0
1123,46,17,29,3,14,8,21,15,0,0,1,0,0,0,0,0,5,1,1,0,0,0,0,1.0,1.0,1.0,0.0,0.0,0.2,4,0,0
1124,46,17,29,3,14,8,21,15,0,0,1,0,0,0,0,0,5,1,1,0,0,0,0,1.0,1.0,1.0,0.0,0.0,0.2,4,0,0
1125,46,17,29,3,14,8,21,15,2,2,1,0,0,0,0,0,14,2,2,0,0,0,0,1.0,1.0,1.0,0.0,0.0,0.14285714285714285,4,0,0
1126,46,17,29,3,14,8,21,15,5,2,1,0,0,0,0,0,10,3,0,0,0,0,0,1.0,1.0,1.0,0.0,0.0,0.3,4,0,0
1127,46,17,29,3,14,8,21,15,8,2,1,0,0,0,0,0,15,3,0,0,0,0,0,1.0,1.0,1.0,0.0,0.0,0.2,4,0,0
1128,46,17,29,3,14,8,21,15,8,3,1,0,0,0,0,0,8,0,1,0,0,0,0,1.0,1.0,1.0,0.0,0.0,0.0,4,0,0
1129,46,17,29,3,14,8,21,15,9,4,1,0,0,0,0,0,4,1,1,0,0,0,0,1.0,1.0,1.0,0.0,0.0,0.25,4,0,0
1130,46,17,29,3,14,8,21,15,9,4,1,0,0,0,0,0,0,0,0,0,0,0,0,1.0,1.0,1.0,0.0,0.0,0.0,4,0,0
1131,46,17,29,3,14,8,21,15,9,4,1,0,0,0,0,0,0,0,0,0,0,0,0,1.0,1.0,1.0,0.0,0.0,0.0,4,0,0
1132,46,17,29,3,14,8,21,15,9,4,1,0,0,0,0,0,0,0,0,0,0,0,0,1.0,1.0,1.0,0.0,0.0,0.0,4,0,0
1133,46,17,29,3,14,8,21,15,9,4,1,0,0,0,0,0,0,0,0,0,0,0,0,1.0,1.0,1.0,0.0,0.0,0.0,4,0,0
1134,46,17,29,3,14,8,21,15,9,4,1,0,0,0,0,0,0,0,0,0,0,0,0,1.0,1.0,1.0,0.0,0.0,0.0,4,0,0
1135,46,17,29,3,14,8,21,15,9,4,1,0,0,0,0,0,0,0,0,0,0,0,0,1.0,1.0,1.0,0.0,0.0,0.0,4,0,0
1136,46,17,29,3,14,8,21,15,9,4,1,0,0,0,0,0,0,0,0,0,0,1,0,1.0,1.0,1.0,0.0,0.0,0.0,4,0,0
1137,46,17,29,3,14,8,21,15,9,4,1,0,0,0,0,0,0,0,0,0,0,0,0,1.0,1.0,1.0,0.0,0.0,0.0,4,0,0
1138,46,17,29,0,17,8,21,15,9,5,1,0,0,0,0,0,2,0,1,0,0,0,0,1.0,1.0,1.0,0.0,0.0,0.0,4,0,0
1139,46,17,29,0,17,8,21,15,9,5,1,0,0,0,0,0,0,0,0,0,0,0,0,1.0,1.0,1.0,0.0,0.0,0.0,4,0,0
1140,46,17,29,0,16,9,21,15,9,5,0,0,0,0,0,0,0,0,0,0,0,0,0,1.0,1.0,1.0,0.0,0.0,0.0,4,0,0
1141,46,17,29,0,16,9,21,15,9,5,0,0,0,0,0,0,7,0,0,0,0,0,0,1.0,1.0,1.0,0.0,0.0,0.0,4,0,0
1142,46,17,29,0,16,9,21,15,9,6,0,0,0,0,0,0,2,0,1,0,0,0,0,1.0,1.0,1.0,0.0,0.0,0.0,4,0,0
1143,46,17,29,0,16,9,21,15,9,6,0,0,0,0,0,0,0,0,0,0,0,0,0,1.0,1.0,1.0,0.0,0.0,0.0,4,0,0
1144,46,17,29,0,16,8,22,15,9,6,0,0,0,0,0,0,0,0,0,0,0,0,0,1.0,1.0,1.0,0.0,0.0,0.0,4,0,0
1145,46,17,29,0,16,8,22,15,9,6,0,0,0,0,0,0,0,0,0,0,0,0,0,1.0,1.0,1.0,0.0,0.0,0.0,4,0,0
1146,46,17,29,0,16,8,22,15,9,6,0,0,0,0,0,0,0,0,0,0,0,0,0,1.0,1.0,1.0,0.0,0.0,0.0,4,0,0
1147,46,17,29,0,16,8,22,15,9,6,0,0,0,0,0,0,0,0,0,0,0,0,0,1.0,1.0,1.0,0.0,0.0,0.0,4,0,0
1148,46,17,29,0,16,8,22,15,9,6,0,0,0,0,0,0,0,0,0,0,0,0,0,1.0,1.0,1.0,0.0,0.0,0.0,4,0,0
1149,46,17,29,0,16,8,22,15,9,6,0,0,0,0,0,0,0,0,0,0,0,0,0,1.0,1.0,1.0,0.0,0.0,0.0,4,0,0
1150,46,17,29,0,16,8,22,15,9,6,0,0,0,0,0,0,0,0,0,0,0,0,0,1.0,1.0,1.0,0.0,0.0,0.0,4,0,0
1151,46,17,29,0,16,8,22,15,9,6,0,0,0,0,0,0,0,0,0,0,0,0,0,1.0,1.0,1.0,0.0,0.0,0.0,4,0,0
1152,46,17,29,0,16,8,22,15,9,6,0,0,0,0,0,0,0,0,0,0,0,0,0,1.0,1.0,1.0,0.0,0.0,0.0,4,0,0
1153,46,17,29,0,16,8,22,15,9,6,0,0,0,0,0,0,0,0,0,0,0,0,0,1.0,1.0,1.0,0.0,0.0,0.0,4,0,0
1154,46,17,29,0,16,8,22,15,9,6,0,0,0,0,0,0,0,0,0,0,0,0,0,1.0,1.0,1.0,0.0,0.0,0.0,4,0,0
1155,46,17,29,0,16,8,22,15,9,6,0,0,0,0,0,0,0,0,0,0,0,0,0,1.0,1.0,1.0,0.0,0.0,0.0,4,0,0
1156,46,17,29,0,16,8,22,15,9,6,0,0,0,0,0,0,0,0,0,0,0,0,0,1.0,1.0,1.0,0.0,0.0,0.0,4,0,0
1157,46,17,29,0,16,8,22,15,9,6,0,0,0,0,0,0,0,0,0,0,0,0,0,1.0,1.0,1.0,0.0,0.0,0.0,4,0,0
1158,46,17,29,0,16,8,22,15,9,6,0,0,0,0,0,0,0,0,0,0,0,0,0,1.0,1.0,1.0,0.0,0.0,0.0,4,0,0
1159,46,17,29,0,16,8,22,15,9,6,0,0,0,0,0,0,0,0,0,0,0,0,0,1.0,1.0,1.0,0.0,0.0,0.0,4,0,0
1160,45,16,29,0,15,8,22,15,9,6,0,0,0,0,0,0,0,0,0,0,1,0,1,0.9375,1.0,1.0,0.0,0.0,0.0,4,0,1
1161,45,16,29,0,15,8,22,15,9,6,0,0,0,0,0,0,0,0,0,0,0,0,0,1.0,1.0,1.0,0.0,0.0,0.0,4,0,0
1162,45,16,29,0,15,8,22,15,9,6,0,0,0,0,0,0,0,0,0,0,0,0,0,1.0,1.0,1.0,0.0,0.0,0.0,4,0,0
1163,45,16,29,0,15,8,22,15,9,6,0,0,0,0,0,0,0,0,0,0,0,0,0,1.0,1.0,1.0,0.0,0.0,0.0,4,0,0
1164,45,16,29,0,15,8,22,15,9,6,0,0,0,0,0,0,0,0,0,0,0,1,0,1.0,1.0,1.0,0.0,0.0,0.0,4,0,0
1165,44,15,29,0,14,8,22,15,9,6,0,0,0,0,0,0,0,0,0,0,1,0,1,0.9333333333333333,1.0,1.0,0.0,0.0,0.0,4,0,1
1166,44,15,29,0,14,8,22,15,9,6,0,0,0,0,0,0,0,0,0,0,0,0,0,1.0,1.0,1.0,0.0,0.0,0.0,4,0,0
1167,44,15,29,0,14,8,22,15,9,6,0,0,0,0,0,0,0,0,0,0,0,0,0,1.0,1.0,1.0,0.0,0.0,0.0,4,0,0
1168,44,15,29,0,13,9,22,15,9,6,0,0,0,0,0,0,0,0,0,0,0,0,0,1.0,1.0,1.0,0.0,0.0,0.0,4,0,0
1169,44,15,29,0,13,9,22,15,9,6,0,0,0,0,0,0,0,0,0,0,0,0,0,1.0,1.0,1.0,0.0,0.0,0.0,4,0,0
1170,44,15,29,0,13,9,22,15,9,4,0,0,0,0,0,0,0,0,0,0,0,0,0,1.0,1.0,1.0,0.0,0.0,0.0,4,0,0
1171,44,15,29,0,13,8,23,16,10,4,0,0,0,0,0,0,8,1,0,0,0,0,0,1.0,1.0,1.0,0.0,0.0,0.125,4,0,0
1172,44,15,29,0,13,8,23,16,11,4,0,0,0,0,0,0,2,1,0,0,0,0,0,1.0,1.0,1.0,0.0,0.0,0.5,4,0,0
1173,44,15,29,0,13,8,23,16,11,3,0,0,0,0,0,0,0,0,0,0,0,0,0,1.0,1.0,1.0,0.0,0.0,0.0,4,0,0
1174,44,15,29,0,13,8,23,16,12,2,0,0,0,0,0,0,8,1,0,0,0,0,0,1.0,1.0,1.0,0.0,0.0,0.125,4,0,0
1175,44,15,29,0,13,8,23,16,13,2,0,0,0,0,0,0,3,1,0,0,0,0,0,1.0,1.0,1.0,0.0,0.0,0.3333333333333333,4,0,0
1176,44,15,29,0,13,8,23,16,13,2,0,0,0,0,0,0,0,0,0,0,0,0,0,1.0,1.0,1.0,0.0,0.0,0.0,4,0,0
1177,44,15,29,0,13,8,23,16,13,3,0,0,0,0,0,0,1,0,1,0,0,0,0,1.0,1.0,1.0,0.0,0.0,0.0,4,0,0
1178,44,15,29,0,13,8,23,16,13,3,0,0,0,0,0,0,0,0,0,0,0,0,0,1.0,1.0,1.0,0.0,0.0,0.0,4,0,0
1179,44,15,29,0,13,7,24,17,14,3,0,0,0,0,0,0,4,1,0,0,0,0,0,1.0,1.0,1.0,0.0,0.0,0.25,4,0,0
1180,44,15,29,0,13,7,24,17,14,3,0,0,0,0,0,0,0,0,0,0,0,0,0,1.0,1.0,1.0,0.0,0.0,0.0,4,0,0
1181,44,15,29,0,13,7,24,17,14,3,0,0,0,0,0,0,0,0,0,0,0,0,0,1.0,1.0,1.0,0.0,0.0,0.0,4,0,0
1182,44,15,29,0,13,6,25,18,14,3,0,0,0,0,0,0,0,0,0,0,0,0,0,1.0,1.0,1.0,0.0,0.0,0.0,4,0,0
1183,44,15,29,0,13,6,25,18,14,2,0,0,0,0,0,0,0,0,0,0,0,0,0,1.0,1.0,1.0,0.0,0.0,0.0,4,0,0
1184,44,15,29,0,13,6,25,18,14,3,0,0,0,0,0,0,2,0,1,0,0,0,0,1.0,1.0,1.0,0.0,0.0,0.0,4,0,0
1185,44,15,29,0,13,6,25,18,14,3,0,0,0,0,0,0,0,0,0,0,0,0,0,1.0,1.0,1.0,0.0,0.0,0.0,4,0,0
1186,43,15,28,0,13,6,24,17,13,3,0,0,0,0,0,0,0,0,0,0,0,0,0,1.0,1.0,0.9444444444444444,0.0,0.0,0.0,4,0,1
1187,43,15,28,0,13,6,24,17,13,2,0,0,0,0,0,0,0,0,0,0,0,3,0,1.0,1.0,1.0,0.0,0.0,0.0,4,0,0
1188,42,14,28,0,12,6,24,17,14,2,0,0,0,0,0,0,6,1,0,0,1,0,1,0.9230769230769231,1.0,1.0,0.0,0.0,0.16666666666666666,4,0,1
1189,42,14,28,0,12,6,24,17,14,2,0,0,0,0,0,0,0,0,0,0,0,0,0,1.0,1.0,1.0,0.0,0.0,0.0,4,0,0
1190,50,18,32,8,12,6,24,17,13,2,2,0,0,0,0,0,6,1,0,2,0,0,0,1.0,1.0,1.0,0.19047619047619047,0.19047619047619047,0.16666666666666666,4,8,0
1191,57,21,36,15,9,8,25,17,11,2,4,0,0,0,0,0,0,0,0,2,0,0,0,1.0,1.0,1.0,0.14,0.14,0.0,4,7,0
1192,67,26,41,26,9,7,25,17,8,2,7,0,0,0,0,0,0,0,0,3,1,0,1,0.9583333333333334,1.0,1.0,0.21052631578947367,0.21052631578947367,0.0,4,12,2
1193,66,25,41,25,9,7,25,17,8,2,7,0,0,0,0,0,0,0,0,0,1,0,1,0.9714285714285714,1.0,1.0,0.0,0.0,0.0,4,0,1
1194,68,24,44,28,8,7,25,17,7,2,8,0,0,0,0,0,0,0,0,1,1,0,1,0.9705882352941176,1.0,1.0,0.045454545454545456,0.045454545454545456,0.0,4,3,1
1195,66,23,43,26,8,7,25,17,7,2,8,0,0,0,0,0,0,0,0,0,2,0,2,0.9444444444444444,1.0,1.0,0.0,0.0,0.0,4,0,2
1196,65,22,43,25,8,7,25,17,7,2,8,0,0,0,0,0,0,0,0,0,1,0,1,0.9705882352941176,1.0,1.0,0.0,0.0,0.0,4,0,1
1197,64,21,43,24,8,7,25,17,7,2,8,0,0,0,0,0,0,0,0,0,1,0,1,0.9696969696969697,1.0,1.0,0.0,0.0,0.0,4,0,1
1198,64,21,43,24,8,6,26,18,7,2,8,0,0,0,0,0,0,0,0,0,0,0,0,1.0,1.0,1.0,0.0,0.0,0.0,4,0,0
1199,64,21,43,24,8,6,26,18,7,2,8,0,0,0,0,0,0,0,0,0,0,0,0,1.0,1.0,1.0,0.0,0.0,0.0,4,0,0
1200,62,20,42,22,8,6,26,18,7,2,8,0,0,0,0,0,0,0,0,0,2,0,2,0.9375,1.0,1.0,0.0,0.0,0.0,4,0,2
1201,62,20,42,22,8,6,26,18,7,2,8,0,0,0,0,0,0,0,0,0,0,0,0,1.0,1.0,1.0,0.0,0.0,0.0,4,0,0
1202,62,20,42,22,8,6,26,18,7,2,8,0,0,0,0,0,0,0,0,0,0,0,0,1.0,1.0,1.0,0.0,0.0,0.0,4,0,0
1203,61,20,41,21,8,6,26,18,8,2,8,0,0,0,0,0,6,1,0,0,1,0,1,0.9666666666666667,1.0,1.0,0.0,0.0,0.16666666666666666,4,0,1
1204,61,20,41,21,8,6,26,18,8,2,8,0,0,0,0,0,0,0,0,0,0,0,0,1.0,1.0,1.0,0.0,0.0,0.0,4,0,0
1205,60,20,40,20,8,6,26,18,8,2,8,0,0,0,0,0,0,0,0,0,1,0,1,0.9655172413793104,1.0,1.0,0.0,0.0,0.0,4,0,1
1206,59,19,40,19,8,6,26,18,8,2,8,0,0,0,0,0,0,0,0,0,1,0,1,0.9642857142857143,1.0,1.0,0.0,0.0,0.0,4,0,1
1207,58,18,40,18,8,6,26,18,8,2,8,0,0,0,0,0,0,0,0,0,1,0,1,0.962962962962963,1.0,1.0,0.0,0.0,0.0,4,0,1
1208,58,18,40,18,8,6,26,18,8,2,8,0,0,0,0,0,0,0,0,0,0,0,0,1.0,1.0,1.0,0.0,0.0,0.0,4,0,0
1209,55,18,37,16,8,6,25,17,7,2,8,0,0,0,0,0,0,0,0,0,2,0,2,0.9230769230769231,1.0,0.9444444444444444,0.0,0.0,0.0,4,0,3
1210,53,17,36,14,8,6,25,17,7,2,8,0,0,0,0,0,0,0,0,0,2,0,2,0.9166666666666666,1.0,1.0,0.0,0.0,0.0,4,0,2
1211,53,17,36,14,8,6,25,17,7,2,8,0,0,0,0,0,0,0,0,0,0,0,0,1.0,1.0,1.0,0.0,0.0,0.0,4,0,0
1212,53,17,36,14,8,6,25,17,7,2,8,0,0,0,0,0,0,0,0,0,0,0,0,1.0,1.0,1.0,0.0,0.0,0.0,4,0,0
1213,53,17,36,14,8,6,25,17,7,2,8,0,0,0,0,0,0,0,0,0,0,0,0,1.0,1.0,1.0,0.0,0.0,0.0,4,0,0
1214,53,17,36,14,8,6,25,17,7,2,8,0,0,0,0,0,0,0,0,0,0,0,0,1.0,1.0,1.0,0.0,0.0,0.0,4,0,0
1215,52,17,35,13,8,6,25,17,7,2,8,0,0,0,0,0,0,0,0,0,1,0,1,0.9545454545454546,1.0,1.0,0.0,0.0,0.0,4,0,1
1216,52,17,35,13,8,6,25,17,7,2,8,0,0,0,0,0,0,0,0,0,0,0,0,1.0,1.0,1.0,0.0,0.0,0.0,4,0,0
1217,52,17,35,13,8,6,25,17,7,2,8,0,0,0,0,0,0,0,0,0,0,0,0,1.0,1.0,1.0,0.0,0.0,0.0,4,0,0
1218,52,17,35,13,8,6,25,17,7,2,8,0,0,0,0,0,0,0,0,0,0,0,0,1.0,1.0,1.0,0.0,0.0,0.0,4,0,0
1219,52,17,35,13,8,6,25,17,7,2,8,0,0,0,0,0,0,0,0,0,0,0,0,1.0,1.0,1.0,0.0,0.0,0.0,4,0,0
1220,51,16,35,12,8,6,25,17,7,2,8,0,0,0,0,0,0,0,0,0,1,0,1,0.9523809523809523,1.0,1.0,0.0,0.0,0.0,4,0,1
1221,51,16,35,12,8,6,25,17,7,2,8,0,0,0,0,0,0,0,0,0,0,2,0,1.0,1.0,1.0,0.0,0.0,0.0,4,0,0
1222,51,16,35,12,8,6,25,17,7,1,8,0,0,0,0,0,0,0,0,0,0,0,0,1.0,1.0,1.0,0.0,0.0,0.0,4,0,0
1223,51,16,35,12,8,6,25,17,7,1,8,0,0,0,0,0,6,0,0,0,0,0,0,1.0,1.0,1.0,0.0,0.0,0.0,4,0,0
1224,51,16,35,12,8,6,25,17,8,1,8,0,0,0,0,0,6,1,0,0,0,0,0,1.0,1.0,1.0,0.0,0.0,0.16666666666666666,4,0,0
1225,50,16,34,12,5,8,25,17,8,1,8,0,0,0,0,0,0,0,0,0,1,0,1,0.9444444444444444,1.0,1.0,0.0,0.0,0.0,4,0,1
1226,50,16,34,12,5,8,25,17,8,1,8,0,0,0,0,0,0,0,0,0,0,0,0,1.0,1.0,1.0,0.0,0.0,0.0,4,0,0
1227,50,16,34,12,5,8,25,17,8,1,8,0,0,0,0,0,0,0,0,0,0,0,0,1.0,1.0,1.0,0.0,0.0,0.0,4,0,0
1228,50,16,34,12,5,7,26,18,8,1,8,0,0,0,0,0,0,0,0,0,0,0,0,1.0,1.0,1.0,0.0,0.0,0.0,4,0,0
1229,49,15,34,11,5,7,26,18,9,0,8,0,0,0,0,0,7,1,0,0,1,0,1,0.9411764705882353,1.0,1.0,0.0,0.0,0.14285714285714285,4,0,1
1230,49,15,34,11,5,6,27,19,9,0,8,0,0,0,0,0,2,0,0,0,0,1,0,1.0,1.0,1.0,0.0,0.0,0.0,4,0,0
1231,49,15,34,11,5,6,27,19,10,0,8,0,0,0,0,0,11,1,0,0,0,0,0,1.0,1.0,1.0,0.0,0.0,0.09090909090909091,4,0,0
1232,48,14,34,10,5,6,27,19,11,0,8,0,0,0,0,0,8,1,0,0,1,0,1,0.9375,1.0,1.0,0.0,0.0,0.125,4,0,1
1233,48,14,34,8,7,6,27,19,11,0,8,0,0,0,0,0,0,0,0,0,0,0,0,1.0,1.0,1.0,0.0,0.0,0.0,4,0,0
1234,48,14,34,7,7,7,27,19,11,0,8,0,0,0,0,0,0,0,0,0,0,0,0,1.0,1.0,1.0,0.0,0.0,0.0,4,0,0
1235,48,14,34,2,12,7,27,19,11,0,6,0,0,0,0,0,0,0,0,0,0,0,0,1.0,1.0,1.0,0.0,0.0,0.0,4,0,0
1236,50,17,33,5,11,7,27,19,10,0,5,0,0,0,0,0,3,0,0,1,1,0,1,0.9285714285714286,1.0,1.0,0.0625,0.0625,0.0,4,3,1
1237,54,20,34,7,13,7,27,19,12,1,3,0,0,0,0,0,14,3,1,1,0,0,0,1.0,1.0,1.0,0.08,0.08,0.21428571428571427,4,4,0
1238,54,20,34,7,13,7,27,19,14,1,3,0,0,0,0,0,9,2,0,0,0,0,0,1.0,1.0,1.0,0.0,0.0,0.2222222222222222,4,0,0
1239,53,19,34,7,13,7,26,19,15,1,2,0,0,0,0,0,5,1,0,0,0,0,0,1.0,0.875,1.0,0.0,0.0,0.2,4,0,1
1240,57,22,35,11,13,7,26,19,15,1,3,0,0,0,0,0,8,1,0,1,0,0,0,1.0,1.0,1.0,0.07547169811320754,0.07547169811320754,0.125,4,4,0
1241,57,22,35,11,13,7,26,19,15,1,3,0,0,0,0,0,0,0,0,0,0,0,0,1.0,1.0,1.0,0.0,0.0,0.0,4,0,0
1242,55,21,34,10,13,7,25,18,15,1,2,0,0,0,0,0,0,0,0,0,1,0,1,0.9583333333333334,1.0,0.9473684210526316,0.0,0.0,0.0,4,0,2
1243,55,21,34,10,13,7,25,18,15,1,2,0,0,0,0,0,0,0,0,0,0,0,0,1.0,1.0,1.0,0.0,0.0,0.0,4,0,0
1244,59,23,36,14,13,7,25,18,14,1,3,0,0,0,0,0,0,0,0,1,0,0,0,1.0,1.0,1.0,0.07272727272727272,0.07272727272727272,0.0,4,4,0
1245,58,22,36,14,12,7,25,18,14,1,3,0,0,0,0,0,0,0,0,0,1,0,1,0.962962962962963,1.0,1.0,0.0,0.0,0.0,4,0,1
1246,58,22,36,14,12,7,25,18,14,1,3,0,0,0,0,0,0,0,0,0,0,0,0,1.0,1.0,1.0,0.0,0.0,0.0,4,0,0
1247,58,22,36,14,12,7,25,18,14,1,3,0,0,0,0,0,0,0,0,0,0,1,0,1.0,1.0,1.0,0.0,0.0,0.0,4,0,0
1248,57,22,35,14,11,7,25,18,14,1,3,0,0,0,0,0,0,0,0,0,1,0,1,0.9615384615384616,1.0,1.0,0.0,0.0,0.0,4,0,1
1249,57,22,35,14,11,7,25,18,14,1,3,0,0,0,0,0,0,0,0,0,0,0,0,1.0,1.0,1.0,0.0,0.0,0.0,4,0,0
1250,57,22,35,14,11,7,25,18,14,1,3,0,0,0,0,0,0,0,0,0,0,0,0,1.0,1.0,1.0,0.0,0.0,0.0,4,0,0
1251,57,22,35,14,10,8,25,18,14,1,3,0,0,0,0,0,0,0,0,0,0,0,0,1.0,1.0,1.0,0.0,0.0,0.0,4,0,0
1252,57,22,35,14,10,8,25,18,14,1,3,0,0,0,0,0,0,0,0,0,0,0,0,1.0,1.0,1.0,0.0,0.0,0.0,4,0,0
1253,61,24,37,18,10,8,25,18,13,1,4,0,0,0,0,0,0,0,0,1,0,0,0,1.0,1.0,1.0,0.07017543859649122,0.07017543859649122,0.0,4,4,0
1254,60,23,37,18,9,8,25,18,13,1,4,0,0,0,0,0,0,0,0,0,1,0,1,0.9642857142857143,1.0,1.0,0.0,0.0,0.0,4,0,1
1255,63,26,37,21,9,8,25,18,12,1,5,0,0,0,0,0,0,0,0,1,1,1,1,0.962962962962963,1.0,1.0,0.06666666666666667,0.06666666666666667,0.0,4,4,1
1256,62,25,37,21,9,8,24,18,12,1,5,0,0,0,0,0,0,0,0,0,0,0,0,1.0,0.8571428571428572,1.0,0.0,0.0,0.0,4,0,1
1257,61,24,37,21,8,8,24,18,12,1,5,0,0,0,0,0,0,0,0,0,1,0,1,0.9666666666666667,1.0,1.0,0.0,0.0,0.0,4,0,1
1258,61,24,37,21,8,8,24,18,12,1,5,0,0,0,0,0,0,0,0,0,0,0,0,1.0,1.0,1.0,0.0,0.0,0.0,4,0,0
1259,61,24,37,21,7,9,24,18,12,1,5,0,0,0,0,0,0,0,0,0,0,0,0,1.0,1.0,1.0,0.0,0.0,0.0,4,0,0
1260,59,23,36,20,6,8,25,19,12,1,5,0,0,0,0,0,0,0,0,0,2,0,2,0.9285714285714286,1.0,1.0,0.0,0.0,0.0,4,0,2
1261,56,21,35,17,6,8,25,19,12,1,5,0,0,0,0,0,0,0,0,0,3,0,3,0.8846153846153846,1.0,1.0,0.0,0.0,0.0,4,0,3
1262,55,20,35,16,6,8,25,19,12,1,5,0,0,0,0,0,0,0,0,0,1,0,1,0.9565217391304348,1.0,1.0,0.0,0.0,0.0,4,0,1
1263,55,20,35,16,6,8,25,19,12,1,5,0,0,0,0,0,0,0,0,0,0,0,0,1.0,1.0,1.0,0.0,0.0,0.0,4,0,0
1264,54,20,34,16,5,8,25,19,12,1,5,0,0,0,0,0,0,0,0,0,1,0,1,0.9545454545454546,1.0,1.0,0.0,0.0,0.0,4,0,1
1265,54,20,34,16,5,8,25,19,12,1,5,0,0,0,0,0,0,0,0,0,0,0,0,1.0,1.0,1.0,0.0,0.0,0.0,4,0,0
1266,54,20,34,16,5,8,25,19,12,1,5,0,0,0,0,0,0,0,0,0,0,0,0,1.0,1.0,1.0,0.0,0.0,0.0,4,0,0
1267,54,20,34,16,5,8,25,19,12,1,5,0,0,0,0,0,0,0,0,0,0,0,0,1.0,1.0,1.0,0.0,0.0,0.0,4,0,0
1268,57,21,36,19,5,8,25,19,11,1,6,0,0,0,0,0,1,0,0,1,0,0,0,1.0,1.0,1.0,0.05555555555555555,0.05555555555555555,0.0,4,3,0
1269,56,21,35,19,5,7,25,19,12,1,6,0,0,0,0,0,3,1,0,0,0,0,0,1.0,1.0,1.0,0.0,0.0,0.3333333333333333,4,0,1
1270,56,21,35,19,5,7,25,19,12,1,6,0,0,0,0,0,0,0,0,0,0,0,0,1.0,1.0,1.0,0.0,0.0,0.0,4,0,0
1271,56,21,35,19,5,7,25,19,12,1,6,0,0,0,0,0,0,0,0,0,0,0,0,1.0,1.0,1.0,0.0,0.0,0.0,4,0,0
1272,56,21,35,19,5,7,25,19,12,1,6,0,0,0,0,0,0,0,0,0,0,0,0,1.0,1.0,1.0,0.0,0.0,0.0,4,0,0
1273,56,21,35,19,5,7,25,19,12,1,6,0,0,0,0,0,0,0,0,0,0,0,0,1.0,1.0,1.0,0.0,0.0,0.0,4,0,0
1274,56,21,35,19,5,7,25,19,12,1,6,0,0,0,0,0,0,0,0,0,0,0,0,1.0,1.0,1.0,0.0,0.0,0.0,4,0,0
1275,56,21,35,19,5,6,26,20,12,1,6,0,0,0,0,0,0,0,0,0,0,1,0,1.0,1.0,1.0,0.0,0.0,0.0,4,0,0
1276,56,21,35,19,5,6,26,20,12,1,6,0,0,0,0,0,0,0,0,0,0,0,0,1.0,1.0,1.0,0.0,0.0,0.0,4,0,0
1277,56,21,35,19,5,6,26,20,12,1,6,0,0,0,0,0,0,0,0,0,0,0,0,1.0,1.0,1.0,0.0,0.0,0.0,4,0,0
1278,56,21,35,19,5,6,26,20,12,1,6,0,0,0,0,0,0,0,0,0,0,0,0,1.0,1.0,1.0,0.0,0.0,0.0,4,0,0
1279,56,21,35,16,7,7,26,20,12,1,6,0,0,0,0,0,0,0,0,0,0,0,0,1.0,1.0,1.0,0.0,0.0,0.0,4,0,0
1280,55,20,35,15,7,7,26,20,12,1,6,0,0,0,0,0,0,0,0,0,1,0,1,0.9565217391304348,1.0,1.0,0.0,0.0,0.0,4,0,1
1281,55,20,35,15,7,7,26,20,12,1,6,0,0,0,0,0,1,0,0,0,0,0,0,1.0,1.0,1.0,0.0,0.0,0.0,4,0,0
1282,55,20,35,15,7,7,26,20,13,0,5,0,0,0,0,0,3,1,0,0,0,0,0,1.0,1.0,1.0,0.0,0.0,0.3333333333333333,4,0,0
1283,54,20,34,12,9,7,26,20,15,0,5,0,0,0,0,0,14,2,0,0,1,0,1,0.9545454545454546,1.0,1.0,0.0,0.0,0.14285714285714285,4,0,1
1284,53,19,34,11,9,7,26,20,15,0,5,0,0,0,0,0,0,0,0,0,1,0,1,0.9523809523809523,1.0,1.0,0.0,0.0,0.0,4,0,1
1285,53,19,34,11,9,7,26,20,15,0,4,0,0,0,0,0,0,0,0,0,0,0,0,1.0,1.0,1.0,0.0,0.0,0.0,4,0,0
1286,52,18,34,11,8,7,26,20,16,0,4,0,0,0,0,0,5,1,0,0,1,0,1,0.95,1.0,1.0,0.0,0.0,0.2,4,0,1
1287,52,18,34,7,12,7,26,20,16,0,4,0,0,0,0,0,0,0,0,0,0,0,0,1.0,1.0,1.0,0.0,0.0,0.0,4,0,0
1288,52,18,34,7,12,7,26,20,16,0,4,0,0,0,0,0,0,0,0,0,0,0,0,1.0,1.0,1.0,0.0,0.0,0.0,4,0,0
1289,56,21,35,11,12,7,26,20,15,0,4,0,0,0,0,0,0,0,0,1,0,0,0,1.0,1.0,1.0,0.07692307692307693,0.07692307692307693,0.0,4,4,0
1290,56,21,35,11,12,7,26,20,15,0,4,0,0,0,0,0,2,0,0,0,0,0,0,1.0,1.0,1.0,0.0,0.0,0.0,4,0,0
1291,55,21,34,11,11,7,26,20,16,0,4,0,0,0,0,0,5,1,0,0,1,0,1,0.9565217391304348,1.0,1.0,0.0,0.0,0.2,4,0,1
1292,55,21,34,11,11,7,26,20,16,0,4,0,0,0,0,0,0,0,0,0,0,0,0,1.0,1.0,1.0,0.0,0.0,0.0,4,0,0
1293,55,21,34,11,11,7,26,20,16,0,4,0,0,0,0,0,0,0,0,0,0,0,0,1.0,1.0,1.0,0.0,0.0,0.0,4,0,0
1294,58,24,34,15,10,7,26,20,15,0,5,0,0,0,0,0,0,0,0,1,1,0,1,0.9545454545454546,1.0,1.0,0.07272727272727272,0.07272727272727272,0.0,4,4,1
1295,58,24,34,15,10,7,26,20,15,0,5,0,0,0,0,0,0,0,0,0,0,0,0,1.0,1.0,1.0,0.0,0.0,0.0,4,0,0
1296,62,26,36,17,12,7,26,20,14,0,6,0,0,0,0,0,0,0,0,1,0,0,0,1.0,1.0,1.0,0.06896551724137931,0.06896551724137931,0.0,4,4,0
1297,66,28,38,21,12,7,26,20,13,0,7,0,0,0,0,0,0,0,0,1,0,0,0,1.0,1.0,1.0,0.06451612903225806,0.06451612903225806,0.0,4,4,0
1298,66,28,38,19,14,7,26,20,13,0,6,0,0,0,0,0,0,0,0,0,0,0,0,1.0,1.0,1.0,0.0,0.0,0.0,4,0,0
1299,63,27,36,17,13,7,26,20,14,0,6,0,0,0,0,0,3,1,0,0,3,0,3,0.9090909090909091,1.0,1.0,0.0,0.0,0.3333333333333333,4,0,3
1300,62,26,36,16,13,7,26,20,14,0,5,0,0,0,0,0,0,0,0,0,1,0,1,0.9666666666666667,1.0,1.0,0.0,0.0,0.0,4,0,1
1301,62,26,36,16,13,7,26,20,14,0,5,0,0,0,0,0,7,0,0,0,0,0,0,1.0,1.0,1.0,0.0,0.0,0.0,4,0,0
1302,73,31,42,27,13,7,26,20,11,0,8,0,0,0,0,0,2,0,0,3,0,0,0,1.0,1.0,1.0,0.1774193548387097,0.1774193548387097,0.0,4,11,0
1303,77,35,42,31,13,7,26,20,10,0,10,0,0,0,0,0,7,1,0,2,2,0,2,0.95,1.0,1.0,0.0821917808219178,0.0821917808219178,0.14285714285714285,4,6,2
1304,71,34,37,29,10,7,25,19,9,0,10,0,0,0,0,0,0,0,0,1,8,0,8,0.8181818181818181,1.0,0.95,0.03896103896103896,0.03896103896103896,0.0,4,3,9
1305,74,37,37,33,9,7,25,19,8,0,11,0,0,0,0,0,0,0,0,1,1,0,1,0.9743589743589743,1.0,1.0,0.056338028169014086,0.056338028169014086,0.0,4,4,1
1306,68,32,36,28,9,7,24,19,8,0,11,0,0,0,0,0,0,0,0,0,5,0,5,0.8809523809523809,0.8333333333333334,1.0,0.0,0.0,0.0,4,0,6
1307,67,31,36,27,9,7,24,19,8,0,11,0,0,0,0,0,0,0,0,0,1,0,1,0.972972972972973,1.0,1.0,0.0,0.0,0.0,4,0,1
1308,64,28,36,25,8,7,24,19,8,0,11,0,0,0,0,0,0,0,0,0,3,0,3,0.9166666666666666,1.0,1.0,0.0,0.0,0.0,4,0,3
1309,63,27,36,25,7,7,24,19,8,0,11,0,0,0,0,0,0,0,0,0,1,0,1,0.9696969696969697,1.0,1.0,0.0,0.0,0.0,4,0,1
1310,60,26,34,23,7,7,23,18,8,0,10,0,0,0,0,0,0,0,0,0,2,0,2,0.9375,1.0,0.9473684210526316,0.0,0.0,0.0,4,0,3
1311,60,26,34,23,7,7,23,18,8,0,10,0,0,0,0,0,0,0,0,0,0,0,0,1.0,1.0,1.0,0.0,0.0,0.0,4,0,0
1312,58,25,33,22,7,6,23,18,8,0,10,0,0,0,0,0,0,0,0,0,1,0,1,0.9666666666666667,1.0,1.0,0.0,0.0,0.0,4,0,2
1313,56,24,32,20,7,6,23,18,8,0,9,0,0,0,0,0,0,0,0,0,2,0,2,0.9310344827586207,1.0,1.0,0.0,0.0,0.0,4,0,2
1314,56,24,32,20,7,6,23,18,9,0,9,0,0,0,0,0,4,1,0,0,0,0,0,1.0,1.0,1.0,0.0,0.0,0.25,4,0,0
1315,54,23,31,18,7,6,23,18,9,0,9,0,0,0,0,0,0,0,0,0,2,0,2,0.9259259259259259,1.0,1.0,0.0,0.0,0.0,4,0,2
1316,54,23,31,18,7,6,23,18,9,0,9,0,0,0,0,0,0,0,0,0,0,0,0,1.0,1.0,1.0,0.0,0.0,0.0,4,0,0
1317,53,23,30,17,7,6,23,18,9,0,9,0,0,0,0,0,0,0,0,0,1,0,1,0.96,1.0,1.0,0.0,0.0,0.0,4,0,1
1318,53,23,30,17,7,6,23,18,9,0,9,0,0,0,0,0,0,0,0,0,0,0,0,1.0,1.0,1.0,0.0,0.0,0.0,4,0,0
1319,53,23,30,17,7,6,23,18,9,0,9,0,0,0,0,0,0,0,0,0,0,0,0,1.0,1.0,1.0,0.0,0.0,0.0,4,0,0
1320,52,23,29,16,7,6,23,18,9,0,9,0,0,0,0,0,0,0,0,0,1,0,1,0.9583333333333334,1.0,1.0,0.0,0.0,0.0,4,0,1
1321,51,22,29,15,7,6,23,18,9,0,9,0,0,0,0,0,0,0,0,0,1,0,1,0.9565217391304348,1.0,1.0,0.0,0.0,0.0,4,0,1
1322,51,22,29,15,7,6,23,18,9,0,9,0,0,0,0,0,0,0,0,0,0,0,0,1.0,1.0,1.0,0.0,0.0,0.0,4,0,0
1323,51,22,29,15,7,6,23,18,9,0,9,0,0,0,0,0,0,0,0,0,0,0,0,1.0,1.0,1.0,0.0,0.0,0.0,4,0,0
1324,50,22,28,14,7,6,23,18,9,0,9,0,0,0,0,0,0,0,0,0,1,0,1,0.9545454545454546,1.0,1.0,0.0,0.0,0.0,4,0,1
1325,50,22,28,14,7,6,23,18,9,0,9,0,0,0,0,0,0,0,0,0,0,0,0,1.0,1.0,1.0,0.0,0.0,0.0,4,0,0
1326,50,22,28,14,7,5,24,18,9,0,9,0,0,0,0,0,0,0,0,0,0,0,0,1.0,1.0,1.0,0.0,0.0,0.0,4,0,0
1327,50,22,28,14,7,5,24,18,9,0,9,0,0,0,0,0,0,0,0,0,0,0,0,1.0,1.0,1.0,0.0,0.0,0.0,4,0,0
1328,50,22,28,14,7,5,24,18,9,0,9,0,0,0,0,0,0,0,0,0,0,0,0,1.0,1.0,1.0,0.0,0.0,0.0,4,0,0
1329,50,22,28,14,7,5,24,18,9,0,9,0,0,0,0,0,0,0,0,0,0,0,0,1.0,1.0,1.0,0.0,0.0,0.0,4,0,0
1330,50,22,28,14,7,5,24,18,9,0,9,0,0,0,0,0,0,0,0,0,0,0,0,1.0,1.0,1.0,0.0,0.0,0.0,4,0,0
1331,48,21,27,13,6,5,24,18,9,0,9,0,0,0,0,0,0,0,0,0,2,0,2,0.9047619047619048,1.0,1.0,0.0,0.0,0.0,4,0,2
1332,47,20,27,12,6,5,24,18,9,0,9,0,0,0,0,0,0,0,0,0,1,0,1,0.9473684210526316,1.0,1.0,0.0,0.0,0.0,4,0,1
1333,47,20,27,12,6,5,24,18,9,0,9,0,0,0,0,0,0,0,0,0,0,0,0,1.0,1.0,1.0,0.0,0.0,0.0,4,0,0
1334,50,22,28,15,6,5,24,18,8,0,9,0,0,0,0,0,0,0,0,1,0,0,0,1.0,1.0,1.0,0.06382978723404255,0.06382978723404255,0.0,4,3,0
1335,50,22,28,15,6,5,24,18,8,1,9,0,0,0,0,0,1,0,1,0,0,0,0,1.0,1.0,1.0,0.0,0.0,0.0,4,0,0
1336,50,22,28,15,6,5,24,18,8,1,9,0,0,0,0,0,0,0,0,0,0,0,0,1.0,1.0,1.0,0.0,0.0,0.0,4,0,0
1337,50,22,28,14,7,5,24,18,8,1,9,0,0,0,0,0,0,0,0,0,0,0,0,1.0,1.0,1.0,0.0,0.0,0.0,4,0,0
1338,50,22,28,14,7,5,24,18,8,1,9,0,0,0,0,0,0,0,0,0,0,0,0,1.0,1.0,1.0,0.0,0.0,0.0,4,0,0
1339,49,21,28,11,9,5,24,18,8,1,8,0,0,0,0,0,0,0,0,0,1,0,1,0.9523809523809523,1.0,1.0,0.0,0.0,0.0,4,0,1
1340,49,21,28,11,9,5,24,18,9,1,8,0,0,0,0,0,8,1,0,0,0,0,0,1.0,1.0,1.0,0.0,0.0,0.125,4,0,0
1341,49,21,28,11,9,5,24,18,9,1,7,0,0,0,0,0,0,0,0,0,0,0,0,1.0,1.0,1.0,0.0,0.0,0.0,4,0,0
1342,48,20,28,10,9,5,24,18,10,1,6,0,0,0,0,0,7,1,0,0,1,0,1,0.95,1.0,1.0,0.0,0.0,0.14285714285714285,4,0,1
1343,48,20,28,10,9,5,24,18,11,1,6,0,0,0,0,0,7,1,0,0,0,0,0,1.0,1.0,1.0,0.0,0.0,0.14285714285714285,4,0,0
1344,48,20,28,10,9,5,24,18,11,1,6,0,0,0,0,0,0,0,0,0,0,0,0,1.0,1.0,1.0,0.0,0.0,0.0,4,0,0
1345,48,20,28,6,13,5,24,18,11,1,6,0,0,0,0,0,0,0,0,0,0,0,0,1.0,1.0,1.0,0.0,0.0,0.0,4,0,0
1346,48,20,28,3,16,5,24,18,11,1,6,0,0,0,0,0,0,0,0,0,0,0,0,1.0,1.0,1.0,0.0,0.0,0.0,4,0,0
1347,51,22,29,6,16,5,24,18,10,1,4,0,0,0,0,0,0,0,0,1,0,0,0,1.0,1.0,1.0,0.0625,0.0625,0.0,4,3,0
1348,56,24,32,12,15,5,24,18,11,1,5,0,0,0,0,0,15,3,0,2,1,0,1,0.9545454545454546,1.0,1.0,0.11764705882352941,0.11764705882352941,0.2,4,6,1
1349,56,24,32,12,15,5,24,18,12,1,5,0,0,0,0,0,2,1,0,0,0,0,0,1.0,1.0,1.0,0.0,0.0,0.5,4,0,0
1350,56,24,32,12,15,5,24,18,12,1,4,0,0,0,0,0,0,0,0,0,0,0,0,1.0,1.0,1.0,0.0,0.0,0.0,4,0,0
1351,60,26,34,16,15,5,24,18,11,1,5,0,0,0,0,0,2,0,0,1,0,0,0,1.0,1.0,1.0,0.07142857142857142,0.07142857142857142,0.0,4,4,0
1352,59,25,34,16,14,5,24,18,11,1,5,0,0,0,0,0,1,0,0,0,1,0,1,0.967741935483871,1.0,1.0,0.0,0.0,0.0,4,0,1
1353,59,25,34,16,14,5,24,18,12,1,5,0,0,0,0,0,7,1,0,0,0,0,0,1.0,1.0,1.0,0.0,0.0,0.14285714285714285,4,0,0
1354,59,25,34,16,14,5,24,18,12,1,5,0,0,0,0,0,0,0,0,0,0,0,0,1.0,1.0,1.0,0.0,0.0,0.0,4,0,0
1355,59,25,34,16,14,5,24,18,12,1,5,0,0,0,0,0,0,0,0,0,0,0,0,1.0,1.0,1.0,0.0,0.0,0.0,4,0,0
1356,62,27,35,19,14,5,24,18,11,1,6,0,0,0,0,0,0,0,0,1,1,0,1,0.9666666666666667,1.0,1.0,0.06779661016949153,0.06779661016949153,0.0,4,4,1
1357,61,26,35,19,14,5,23,18,11,1,6,0,0,0,0,0,0,0,0,0,0,0,0,1.0,0.8333333333333334,1.0,0.0,0.0,0.0,4,0,1
1358,57,23,34,18,11,5,23,18,11,1,6,0,0,0,0,0,0,0,0,0,4,0,4,0.8787878787878788,1.0,1.0,0.0,0.0,0.0,4,0,4
1359,54,22,32,16,10,5,23,18,11,1,6,0,0,0,0,0,0,0,0,0,3,0,3,0.896551724137931,1.0,1.0,0.0,0.0,0.0,4,0,3
1360,54,22,32,16,10,5,23,18,11,1,6,0,0,0,0,0,0,0,0,0,0,0,0,1.0,1.0,1.0,0.0,0.0,0.0,4,0,0
1361,54,22,32,16,10,5,23,18,11,1,6,0,0,0,0,0,0,0,0,0,0,0,0,1.0,1.0,1.0,0.0,0.0,0.0,4,0,0
1362,53,21,32,16,9,5,23,18,11,1,6,0,0,0,0,0,0,0,0,0,1,0,1,0.9615384615384616,1.0,1.0,0.0,0.0,0.0,4,0,1
1363,53,21,32,16,9,5,23,18,11,1,6,0,0,0,0,0,0,0,0,0,0,0,0,1.0,1.0,1.0,0.0,0.0,0.0,4,0,0
1364,56,24,32,19,9,5,23,18,10,1,7,0,0,0,0,0,0,0,0,1,0,0,0,1.0,1.0,1.0,0.05660377358490566,0.05660377358490566,0.0,4,3,0
1365,54,23,31,17,9,5,23,18,10,1,7,0,0,0,0,0,0,0,0,0,2,0,2,0.9285714285714286,1.0,1.0,0.0,0.0,0.0,4,0,2
1366,54,23,31,17,9,5,23,18,10,1,7,0,0,0,0,0,0,0,0,0,0,0,0,1.0,1.0,1.0,0.0,0.0,0.0,4,0,0
1367,54,23,31,17,9,5,23,18,10,1,7,0,0,0,0,0,0,0,0,0,0,0,0,1.0,1.0,1.0,0.0,0.0,0.0,4,0,0
1368,58,25,33,21,9,5,23,18,9,1,8,0,0,0,0,0,0,0,0,1,0,0,0,1.0,1.0,1.0,0.07407407407407407,0.07407407407407407,0.0,4,4,0
1369,56,24,32,20,8,5,23,18,9,1,8,0,0,0,0,0,0,0,0,0,2,0,2,0.9333333333333333,1.0,1.0,0.0,0.0,0.0,4,0,2
1370,55,23,32,19,8,5,23,18,9,1,8,0,0,0,0,0,0,0,0,0,1,0,1,0.9642857142857143,1.0,1.0,0.0,0.0,0.0,4,0,1
1371,55,23,32,19,8,5,23,18,9,1,8,0,0,0,0,0,0,0,0,0,0,0,0,1.0,1.0,1.0,0.0,0.0,0.0,4,0,0
1372,55,23,32,19,8,5,23,18,9,1,8,0,0,0,0,0,0,0,0,0,0,1,0,1.0,1.0,1.0,0.0,0.0,0.0,4,0,0
1373,55,23,32,19,8,5,23,18,9,1,8,0,0,0,0,0,0,0,0,0,0,0,0,1.0,1.0,1.0,0.0,0.0,0.0,4,0,0
1374,55,23,32,19,8,5,23,18,9,1,8,0,0,0,0,0,0,0,0,0,0,0,0,1.0,1.0,1.0,0.0,0.0,0.0,4,0,0
1375,55,23,32,19,8,5,23,18,9,1,8,0,0,0,0,0,0,0,0,0,0,0,0,1.0,1.0,1.0,0.0,0.0,0.0,4,0,0
1376,55,23,32,19,7,6,23,18,9,1,8,0,0,0,0,0,0,0,0,0,0,0,0,1.0,1.0,1.0,0.0,0.0,0.0,4,0,0
1377,54,22,32,16,9,6,23,18,9,1,8,0,0,0,0,0,0,0,0,0,1,0,1,0.9615384615384616,1.0,1.0,0.0,0.0,0.0,4,0,1
1378,54,22,32,16,9,6,23,18,9,1,8,0,0,0,0,0,0,0,0,0,0,0,0,1.0,1.0,1.0,0.0,0.0,0.0,4,0,0
1379,58,24,34,20,9,6,23,18,8,1,8,0,0,0,0,0,0,0,0,1,0,0,0,1.0,1.0,1.0,0.07407407407407407,0.07407407407407407,0.0,4,4,0
1380,58,24,34,20,9,6,23,18,9,0,8,0,0,0,0,0,4,1,0,0,0,0,0,1.0,1.0,1.0,0.0,0.0,0.25,4,0,0
1381,58,24,34,20,9,6,23,18,10,0,8,0,0,0,0,0,3,1,0,0,0,0,0,1.0,1.0,1.0,0.0,0.0,0.3333333333333333,4,0,0
1382,57,24,33,19,9,6,23,18,10,0,8,0,0,0,0,0,0,0,0,0,1,0,1,0.9655172413793104,1.0,1.0,0.0,0.0,0.0,4,0,1
1383,57,24,33,19,9,6,23,18,10,0,8,0,0,0,0,0,0,0,0,0,0,0,0,1.0,1.0,1.0,0.0,0.0,0.0,4,0,0
1384,55,22,33,18,9,6,22,18,10,0,8,0,0,0,0,0,0,0,0,0,1,0,1,0.9642857142857143,0.8,1.0,0.0,0.0,0.0,4,0,2
1385,55,22,33,18,9,6,22,18,10,0,8,0,0,0,0,0,0,0,0,0,0,0,0,1.0,1.0,1.0,0.0,0.0,0.0,4,0,0
1386,54,21,33,18,8,6,22,18,10,0,8,0,0,0,0,0,0,0,0,0,1,0,1,0.962962962962963,1.0,1.0,0.0,0.0,0.0,4,0,1
1387,54,21,33,18,8,6,22,18,10,0,8,0,0,0,0,0,0,0,0,0,0,0,0,1.0,1.0,1.0,0.0,0.0,0.0,4,0,0
1388,54,21,33,18,8,6,22,18,10,0,8,0,0,0,0,0,0,0,0,0,0,0,0,1.0,1.0,1.0,0.0,0.0,0.0,4,0,0
1389,54,21,33,18,8,6,22,18,10,0,8,0,0,0,0,0,0,0,0,0,0,0,0,1.0,1.0,1.0,0.0,0.0,0.0,4,0,0
1390,53,20,33,16,9,6,22,18,10,0,8,0,0,0,0,0,0,0,0,0,1,0,1,0.9615384615384616,1.0,1.0,0.0,0.0,0.0,4,0,1
1391,53,20,33,12,13,6,22,18,10,0,8,0,0,0,0,0,0,0,0,0,0,0,0,1.0,1.0,1.0,0.0,0.0,0.0,4,0,0
1392,53,20,33,12,13,6,22,18,10,0,7,0,0,0,0,0,0,0,0,0,0,0,0,1.0,1.0,1.0,0.0,0.0,0.0,4,0,0
1393,53,20,33,12,13,6,22,18,11,0,5,0,0,0,0,0,8,1,0,0,0,0,0,1.0,1.0,1.0,0.0,0.0,0.125,4,0,0
1394,52,20,32,10,14,5,23,18,13,0,5,0,0,0,0,0,10,2,0,0,1,0,1,0.96,1.0,1.0,0.0,0.0,0.2,4,0,1
1395,52,20,32,10,14,4,24,19,13,0,5,0,0,0,0,0,0,0,0,0,0,0,0,1.0,1.0,1.0,0.0,0.0,0.0,4,0,0
1396,52,20,32,10,14,4,24,19,13,0,4,0,0,0,0,0,0,0,0,0,0,0,0,1.0,1.0,1.0,0.0,0.0,0.0,4,0,0
1397,50,18,32,9,13,4,24,19,13,0,4,0,0,0,0,0,0,0,0,0,2,0,2,0.9166666666666666,1.0,1.0,0.0,0.0,0.0,4,0,2
1398,50,18,32,9,13,4,24,19,13,0,4,0,0,0,0,0,0,0,0,0,0,0,0,1.0,1.0,1.0,0.0,0.0,0.0,4,0,0
1399,49,18,31,8,14,3,24,19,13,0,4,0,0,0,0,0,0,0,0,0,0,0,0,1.0,1.0,1.0,0.0,0.0,0.0,4,0,1
1400,49,18,31,8,14,3,24,19,13,0,4,0,0,0,0,0,0,0,0,0,0,0,0,1.0,1.0,1.0,0.0,0.0,0.0,4,0,0
1401,49,18,31,8,14,3,24,19,13,0,3,0,0,0,0,0,0,0,0,0,0,0,0,1.0,1.0,1.0,0.0,0.0,0.0,4,0,0
1402,49,18,31,8,14,3,24,19,13,0,3,0,0,0,0,0,0,0,0,0,0,0,0,1.0,1.0,1.0,0.0,0.0,0.0,4,0,0
1403,47,18,29,8,13,3,23,18,12,0,3,0,0,0,0,0,0,0,0,0,1,0,1,0.9545454545454546,1.0,0.9473684210526316,0.0,0.0,0.0,4,0,2
1404,47,18,29,8,13,3,23,18,12,0,3,0,0,0,0,0,0,0,0,0,0,0,0,1.0,1.0,1.0,0.0,0.0,0.0,4,0,0
1405,51,20,31,12,13,3,23,18,11,0,4,0,0,0,0,0,0,0,0,1,0,0,0,1.0,1.0,1.0,0.0851063829787234,0.0851063829787234,0.0,4,4,0
1406,50,19,31,11,13,3,23,18,11,0,4,0,0,0,0,0,0,0,0,0,1,0,1,0.96,1.0,1.0,0.0,0.0,0.0,4,0,1
1407,50,19,31,9,15,3,23,18,11,0,4,0,0,0,0,0,0,0,0,0,0,0,0,1.0,1.0,1.0,0.0,0.0,0.0,4,0,0
1408,54,20,34,13,15,3,23,18,10,0,5,0,0,0,0,0,0,0,0,1,0,0,0,1.0,1.0,1.0,0.08,0.08,0.0,4,4,0
1409,54,20,34,13,15,3,23,18,10,0,4,0,0,0,0,0,0,0,0,0,0,0,0,1.0,1.0,1.0,0.0,0.0,0.0,4,0,0
1410,54,20,34,13,15,3,23,18,10,0,4,0,0,0,0,0,0,0,0,0,0,0,0,1.0,1.0,1.0,0.0,0.0,0.0,4,0,0
1411,54,20,34,10,18,3,23,18,10,0,4,0,0,0,0,0,0,0,0,0,0,0,0,1.0,1.0,1.0,0.0,0.0,0.0,4,0,0
1412,53,19,34,10,17,3,23,18,10,0,4,0,0,0,0,0,0,0,0,0,1,0,1,0.9642857142857143,1.0,1.0,0.0,0.0,0.0,4,0,1
1413,62,25,37,19,17,3,23,18,7,0,6,0,0,0,0,0,0,0,0,3,0,0,0,1.0,1.0,1.0,0.16981132075471697,0.16981132075471697,0.0,4,9,0
1414,66,28,38,23,17,3,23,18,6,0,7,0,0,0,0,0,0,0,0,1,0,0,0,1.0,1.0,1.0,0.06451612903225806,0.06451612903225806,0.0,4,4,0
1415,64,27,37,23,16,3,22,18,6,0,7,0,0,0,0,0,0,0,0,0,1,0,1,0.975,0.8,1.0,0.0,0.0,0.0,4,0,2
1416,60,24,36,20,15,3,22,18,6,0,7,0,0,0,0,0,0,0,0,0,4,0,4,0.8974358974358975,1.0,1.0,0.0,0.0,0.0,4,0,4
1417,59,24,35,19,15,3,22,18,6,0,7,0,0,0,0,0,0,0,0,0,1,0,1,0.9714285714285714,1.0,1.0,0.0,0.0,0.0,4,0,1
1418,60,25,35,22,13,3,22,18,5,0,8,0,0,0,0,0,0,0,0,1,3,0,3,0.9117647058823529,1.0,1.0,0.06779661016949153,0.06779661016949153,0.0,4,4,3
1419,58,24,34,21,13,3,21,18,5,0,8,0,0,0,0,0,0,0,0,0,1,0,1,0.9714285714285714,0.75,1.0,0.0,0.0,0.0,4,0,2
1420,58,24,34,21,13,3,21,18,5,0,8,0,0,0,0,0,0,0,0,0,0,0,0,1.0,1.0,1.0,0.0,0.0,0.0,4,0,0
1421,57,23,34,21,12,3,21,18,5,0,8,0,0,0,0,0,0,0,0,0,1,0,1,0.9705882352941176,1.0,1.0,0.0,0.0,0.0,4,0,1
1422,57,23,34,19,14,3,21,18,5,0,8,0,0,0,0,0,0,0,0,0,0,0,0,1.0,1.0,1.0,0.0,0.0,0.0,4,0,0
1423,57,23,34,19,14,3,21,18,5,0,8,0,0,0,0,0,0,0,0,0,0,0,0,1.0,1.0,1.0,0.0,0.0,0.0,4,0,0
1424,57,23,34,19,14,3,21,18,5,0,7,0,0,0,0,0,0,0,0,0,0,0,0,1.0,1.0,1.0,0.0,0.0,0.0,4,0,0
1425,57,23,34,19,14,3,21,18,5,0,7,0,0,0,0,0,0,0,0,0,0,0,0,1.0,1.0,1.0,0.0,0.0,0.0,4,0,0
1426,57,23,34,19,14,3,21,18,5,0,7,0,0,0,0,0,0,0,0,0,0,0,0,1.0,1.0,1.0,0.0,0.0,0.0,4,0,0
1427,57,23,34,19,14,3,21,18,5,0,7,0,0,0,0,0,0,0,0,0,0,0,0,1.0,1.0,1.0,0.0,0.0,0.0,4,0,0
1428,57,23,34,19,14,3,21,18,5,0,7,0,0,0,0,0,0,0,0,0,0,0,0,1.0,1.0,1.0,0.0,0.0,0.0,4,0,0
1429,56,22,34,19,13,3,21,18,5,0,7,0,0,0,0,0,0,0,0,0,1,0,1,0.9696969696969697,1.0,1.0,0.0,0.0,0.0,4,0,1
1430,55,21,34,19,12,2,22,19,5,0,7,0,0,0,0,0,0,0,0,0,1,0,1,0.96875,1.0,1.0,0.0,0.0,0.0,4,0,1
1431,55,21,34,19,12,2,22,19,5,0,7,0,0,0,0,0,0,0,0,0,0,0,0,1.0,1.0,1.0,0.0,0.0,0.0,4,0,0
1432,54,20,34,19,11,2,22,19,5,0,7,0,0,0,0,0,0,0,0,0,1,0,1,0.967741935483871,1.0,1.0,0.0,0.0,0.0,4,0,1
1433,54,20,34,19,11,2,22,19,5,0,7,0,0,0,0,0,0,0,0,0,0,0,0,1.0,1.0,1.0,0.0,0.0,0.0,4,0,0
1434,54,20,34,19,11,2,22,19,5,0,7,0,0,0,0,0,0,0,0,0,0,0,0,1.0,1.0,1.0,0.0,0.0,0.0,4,0,0
1435,54,20,34,19,11,2,22,19,5,0,7,0,0,0,0,0,0,0,0,0,0,1,0,1.0,1.0,1.0,0.0,0.0,0.0,4,0,0
1436,54,20,34,19,11,2,22,19,5,0,7,0,0,0,0,0,0,0,0,0,0,0,0,1.0,1.0,1.0,0.0,0.0,0.0,4,0,0
1437,53,19,34,19,10,2,22,19,5,0,7,0,0,0,0,0,0,0,0,0,1,0,1,0.9666666666666667,1.0,1.0,0.0,0.0,0.0,4,0,1
1438,53,19,34,19,10,2,22,19,5,0,7,0,0,0,0,0,0,0,0,0,0,0,0,1.0,1.0,1.0,0.0,0.0,0.0,4,0,0
1439,51,18,33,17,9,2,23,20,5,0,7,0,0,0,0,0,0,0,0,0,2,0,2,0.9285714285714286,1.0,1.0,0.0,0.0,0.0,4,0,2
1440,51,18,33,17,9,2,23,20,5,0,7,0,0,0,0,0,0,0,0,0,0,0,0,1.0,1.0,1.0,0.0,0.0,0.0,4,0,0
1441,51,18,33,17,9,2,23,20,5,0,7,0,0,0,0,0,0,0,0,0,0,0,0,1.0,1.0,1.0,0.0,0.0,0.0,4,0,0
1442,51,18,33,17,9,2,23,20,5,0,7,0,0,0,0,0,0,0,0,0,0,0,0,1.0,1.0,1.0,0.0,0.0,0.0,4,0,0
1443,51,18,33,17,9,2,23,20,5,0,7,0,0,0,0,0,0,0,0,0,0,0,0,1.0,1.0,1.0,0.0,0.0,0.0,4,0,0
1444,51,18,33,17,9,2,23,20,5,0,7,0,0,0,0,0,0,0,0,0,0,0,0,1.0,1.0,1.0,0.0,0.0,0.0,4,0,0
1445,54,19,35,21,8,2,23,20,4,0,8,0,0,0,0,0,0,0,0,1,1,0,1,0.9615384615384616,1.0,1.0,0.0784313725490196,0.0784313725490196,0.0,4,4,1
1446,58,21,37,25,8,2,23,20,3,0,9,0,0,0,0,0,0,0,0,1,0,0,0,1.0,1.0,1.0,0.07407407407407407,0.07407407407407407,0.0,4,4,0
1447,57,21,36,24,8,2,23,20,3,0,9,0,0,0,0,0,0,0,0,0,1,0,1,0.9696969696969697,1.0,1.0,0.0,0.0,0.0,4,0,1
1448,56,20,36,22,10,2,22,20,3,0,9,0,0,0,0,0,0,0,0,0,0,0,0,1.0,0.6666666666666667,1.0,0.0,0.0,0.0,4,0,1
1449,56,20,36,22,10,2,22,20,3,0,9,0,0,0,0,0,0,0,0,0,0,0,0,1.0,1.0,1.0,0.0,0.0,0.0,4,0,0
1450,56,20,36,22,10,2,22,20,3,0,8,0,0,0,0,0,0,0,0,0,0,0,0,1.0,1.0,1.0,0.0,0.0,0.0,4,0,0
1451,55,20,35,19,12,2,22,20,3,0,8,0,0,0,0,0,0,0,0,0,1,0,1,0.96875,1.0,1.0,0.0,0.0,0.0,4,0,1
1452,53,19,34,18,11,2,22,20,3,0,8,0,0,0,0,0,0,0,0,0,2,0,2,0.935483870967742,1.0,1.0,0.0,0.0,0.0,4,0,2
1453,53,19,34,18,11,2,22,20,3,0,7,0,0,0,0,0,0,0,0,0,0,0,0,1.0,1.0,1.0,0.0,0.0,0.0,4,0,0
1454,53,19,34,18,11,2,22,20,3,0,7,0,0,0,0,0,0,0,0,0,0,0,0,1.0,1.0,1.0,0.0,0.0,0.0,4,0,0
1455,53,19,34,18,11,2,22,20,3,0,7,0,0,0,0,0,0,0,0,0,0,0,0,1.0,1.0,1.0,0.0,0.0,0.0,4,0,0
1456,53,19,34,13,16,2,22,20,3,0,7,0,0,0,0,0,0,0,0,0,0,0,0,1.0,1.0,1.0,0.0,0.0,0.0,4,0,0
1457,53,19,34,10,19,2,22,20,3,0,7,0,0,0,0,0,0,0,0,0,0,0,0,1.0,1.0,1.0,0.0,0.0,0.0,4,0,0
1458,55,20,35,13,18,2,22,20,2,0,5,0,0,0,0,0,0,0,0,1,1,0,1,0.9655172413793104,1.0,1.0,0.05660377358490566,0.05660377358490566,0.0,4,3,1
1459,62,26,36,20,18,2,22,20,0,0,6,0,0,0,0,0,0,0,0,2,0,0,0,1.0,1.0,1.0,0.12727272727272726,0.12727272727272726,0.0,4,7,0
1460,62,26,36,20,18,2,22,20,0,0,6,0,0,0,0,0,0,0,0,0,0,0,0,1.0,1.0,1.0,0.0,0.0,0.0,4,0,0
1461,60,24,36,16,20,2,22,20,0,0,6,0,0,0,0,0,0,0,0,0,2,0,2,0.9473684210526316,1.0,1.0,0.0,0.0,0.0,4,0,2
1462,59,23,36,15,20,2,22,20,0,0,6,0,0,0,0,0,0,0,0,0,1,0,1,0.9722222222222222,1.0,1.0,0.0,0.0,0.0,4,0,1
1463,58,23,35,15,19,2,22,20,0,0,5,0,0,0,0,0,0,0,0,0,1,0,1,0.9714285714285714,1.0,1.0,0.0,0.0,0.0,4,0,1
1464,57,23,34,15,19,2,21,19,0,0,5,0,0,0,0,0,0,0,0,0,0,0,0,1.0,1.0,0.95,0.0,0.0,0.0,4,0,1
1465,56,23,33,15,18,2,21,19,0,0,5,0,0,0,0,0,0,0,0,0,1,0,1,0.9705882352941176,1.0,1.0,0.0,0.0,0.0,4,0,1
1466,56,23,33,15,18,2,21,19,0,0,5,0,0,0,0,0,0,0,0,0,0,0,0,1.0,1.0,1.0,0.0,0.0,0.0,4,0,0
1467,56,23,33,15,18,2,21,19,0,0,5,0,0,0,0,0,0,0,0,0,0,0,0,1.0,1.0,1.0,0.0,0.0,0.0,4,0,0
1468,56,23,33,15,18,2,21,19,0,0,5,0,0,0,0,0,0,0,0,0,0,0,0,1.0,1.0,1.0,0.0,0.0,0.0,4,0,0
1469,55,23,32,15,17,2,21,19,0,0,5,0,0,0,0,0,0,0,0,0,1,0,1,0.9696969696969697,1.0,1.0,0.0,0.0,0.0,4,0,1
1470,55,23,32,15,17,2,21,19,0,0,5,0,0,0,0,0,0,0,0,0,0,0,0,1.0,1.0,1.0,0.0,0.0,0.0,4,0,0
1471,55,23,32,15,17,2,21,19,0,0,5,0,0,0,0,0,0,0,0,0,0,0,0,1.0,1.0,1.0,0.0,0.0,0.0,4,0,0
1472,53,21,32,14,16,2,21,19,0,0,5,0,0,0,0,0,0,0,0,0,2,0,2,0.9375,1.0,1.0,0.0,0.0,0.0,4,0,2
1473,52,21,31,13,16,2,21,19,0,0,5,0,0,0,0,0,0,0,0,0,1,0,1,0.9666666666666667,1.0,1.0,0.0,0.0,0.0,4,0,1
1474,52,21,31,13,16,1,22,20,0,0,5,0,0,0,0,0,0,0,0,0,0,0,0,1.0,1.0,1.0,0.0,0.0,0.0,4,0,0
1475,52,21,31,13,16,1,22,20,0,0,5,0,0,0,0,0,0,0,0,0,0,0,0,1.0,1.0,1.0,0.0,0.0,0.0,4,0,0
1476,51,20,31,13,15,1,22,20,0,0,5,0,0,0,0,0,0,0,0,0,1,1,1,0.9655172413793104,1.0,1.0,0.0,0.0,0.0,4,0,1
1477,51,20,31,13,15,1,22,20,0,0,5,0,0,0,0,0,0,0,0,0,0,0,0,1.0,1.0,1.0,0.0,0.0,0.0,4,0,0
1478,51,20,31,13,15,1,22,20,0,0,5,0,0,0,0,0,0,0,0,0,0,0,0,1.0,1.0,1.0,0.0,0.0,0.0,4,0,0
1479,51,20,31,13,15,1,22,20,0,0,5,0,0,0,0,0,0,0,0,0,0,0,0,1.0,1.0,1.0,0.0,0.0,0.0,4,0,0
1480,51,20,31,13,14,2,22,20,0,0,5,0,0,0,0,0,0,0,0,0,0,0,0,1.0,1.0,1.0,0.0,0.0,0.0,4,0,0
1481,51,20,31,13,14,2,22,20,0,0,5,0,0,0,0,0,0,0,0,0,0,0,0,1.0,1.0,1.0,0.0,0.0,0.0,4,0,0
1482,51,20,31,13,14,2,22,20,0,0,5,0,0,0,0,0,0,0,0,0,0,0,0,1.0,1.0,1.0,0.0,0.0,0.0,4,0,0
1483,51,20,31,13,14,2,22,20,0,0,5,0,0,0,0,0,0,0,0,0,0,1,0,1.0,1.0,1.0,0.0,0.0,0.0,4,0,0
1484,51,20,31,13,14,2,22,20,0,0,5,0,0,0,0,0,0,0,0,0,0,0,0,1.0,1.0,1.0,0.0,0.0,0.0,4,0,0
1485,51,20,31,13,14,2,22,20,0,0,5,0,0,0,0,0,0,0,0,0,0,0,0,1.0,1.0,1.0,0.0,0.0,0.0,4,0,0
1486,51,20,31,13,14,2,22,20,0,0,5,0,0,0,0,0,0,0,0,0,0,0,0,1.0,1.0,1.0,0.0,0.0,0.0,4,0,0
1487,51,20,31,13,13,3,22,20,0,0,5,0,0,0,0,0,0,0,0,0,0,0,0,1.0,1.0,1.0,0.0,0.0,0.0,4,0,0
1488,51,20,31,9,17,3,22,20,0,0,5,0,0,0,0,0,0,0,0,0,0,0,0,1.0,1.0,1.0,0.0,0.0,0.0,4,0,0
1489,50,20,30,6,19,3,22,20,0,0,5,0,0,0,0,0,0,0,0,0,1,0,1,0.9615384615384616,1.0,1.0,0.0,0.0,0.0,4,0,1
1490,50,20,30,6,19,3,22,20,1,1,4,0,0,0,0,0,13,1,1,0,0,0,0,1.0,1.0,1.0,0.0,0.0,0.07692307692307693,4,0,0
1491,50,20,30,6,19,3,22,20,2,1,3,0,0,0,0,0,4,1,0,0,0,0,0,1.0,1.0,1.0,0.0,0.0,0.25,4,0,0
1492,50,20,30,6,19,3,22,20,2,1,3,0,0,0,0,0,3,0,0,0,0,0,0,1.0,1.0,1.0,0.0,0.0,0.0,4,0,0
1493,50,20,30,6,19,3,22,20,2,1,3,0,0,0,0,0,7,0,0,0,0,0,0,1.0,1.0,1.0,0.0,0.0,0.0,4,0,0
1494,49,20,29,5,19,3,22,20,3,1,3,0,0,0,0,0,7,1,0,0,1,0,1,0.96,1.0,1.0,0.0,0.0,0.14285714285714285,4,0,1
1495,49,20,29,5,19,3,22,20,4,1,3,0,0,0,0,0,5,1,0,0,0,0,0,1.0,1.0,1.0,0.0,0.0,0.2,4,0,0
1496,49,20,29,5,19,3,22,20,4,1,3,0,0,0,0,0,0,0,0,0,0,0,0,1.0,1.0,1.0,0.0,0.0,0.0,4,0,0
1497,48,19,29,5,18,3,22,20,4,1,3,0,0,0,0,0,0,0,0,0,1,0,1,0.9583333333333334,1.0,1.0,0.0,0.0,0.0,4,0,1
1498,48,19,29,5,18,3,22,20,4,1,3,0,0,0,0,0,0,0,0,0,0,0,0,1.0,1.0,1.0,0.0,0.0,0.0,4,0,0
1499,48,19,29,5,18,3,22,20,4,1,3,0,0,0,0,0,0,0,0,0,0,0,0,1.0,1.0,1.0,0.0,0.0,0.0,4,0,0
1500,48,19,29,5,18,3,22,20,4,1,3,0,0,0,0,0,0,0,0,0,0,0,0,1.0,1.0,1.0,0.0,0.0,0.0,4,0,0
1501,47,19,28,4,18,3,22,20,4,1,3,0,0,0,0,0,0,0,0,0,1,0,1,0.9565217391304348,1.0,1.0,0.0,0.0,0.0,4,0,1
1502,47,19,28,0,22,3,22,20,4,1,3,0,0,0,0,0,0,0,0,0,0,0,0,1.0,1.0,1.0,0.0,0.0,0.0,4,0,0
1503,47,19,28,0,22,3,22,20,5,1,2,0,0,0,0,0,9,1,0,0,0,0,0,1.0,1.0,1.0,0.0,0.0,0.1111111111111111,4,0,0
1504,47,19,28,0,22,3,22,20,6,2,0,0,0,0,0,0,7,1,1,0,0,0,0,1.0,1.0,1.0,0.0,0.0,0.14285714285714285,4,0,0
1505,47,19,28,0,22,3,22,20,6,2,0,0,0,0,0,0,11,0,0,0,0,0,0,1.0,1.0,1.0,0.0,0.0,0.0,4,0,0
1506,46,19,27,0,21,3,22,20,7,2,0,0,0,0,0,0,6,1,0,0,1,0,1,0.9545454545454546,1.0,1.0,0.0,0.0,0.16666666666666666,4,0,1
1507,46,19,27,0,21,3,22,20,9,2,0,0,0,0,0,0,5,2,0,0,0,0,0,1.0,1.0,1.0,0.0,0.0,0.4,4,0,0
1508,46,19,27,0,21,3,22,20,10,2,0,0,0,0,0,0,4,1,0,0,0,0,0,1.0,1.0,1.0,0.0,0.0,0.25,4,0,0
1509,46,19,27,0,21,3,22,20,11,2,0,0,0,0,0,0,5,1,0,0,0,0,0,1.0,1.0,1.0,0.0,0.0,0.2,4,0,0
1510,46,19,27,0,21,3,22,20,11,2,0,0,0,0,0,0,0,0,0,0,0,0,0,1.0,1.0,1.0,0.0,0.0,0.0,4,0,0
1511,46,19,27,0,21,3,22,20,11,2,0,0,0,0,0,0,0,0,0,0,0,0,0,1.0,1.0,1.0,0.0,0.0,0.0,4,0,0
1512,46,19,27,0,21,3,22,20,11,2,0,0,0,0,0,0,0,0,0,0,0,0,0,1.0,1.0,1.0,0.0,0.0,0.0,4,0,0
1513,45,18,27,0,20,3,22,20,11,2,0,0,0,0,0,0,0,0,0,0,1,0,1,0.9523809523809523,1.0,1.0,0.0,0.0,0.0,4,0,1
1514,44,18,26,0,20,3,21,19,11,2,0,0,0,0,0,0,0,0,0,0,0,0,0,1.0,1.0,0.95,0.0,0.0,0.0,4,0,1
1515,44,18,26,0,20,3,21,19,11,2,0,0,0,0,0,0,0,0,0,0,0,0,0,1.0,1.0,1.0,0.0,0.0,0.0,4,0,0
1516,44,18,26,0,20,3,21,19,14,3,0,0,0,0,0,0,10,3,1,0,0,0,0,1.0,1.0,1.0,0.0,0.0,0.3,4,0,0
1517,43,18,25,0,19,3,21,19,14,4,0,0,0,0,0,0,6,0,1,0,1,0,1,0.95,1.0,1.0,0.0,0.0,0.0,4,0,1
1518,43,18,25,0,19,3,21,19,15,4,0,0,0,0,0,0,6,1,0,0,0,0,0,1.0,1.0,1.0,0.0,0.0,0.16666666666666666,4,0,0
1519,43,18,25,0,19,3,21,19,15,4,0,0,0,0,0,0,0,0,0,0,0,0,0,1.0,1.0,1.0,0.0,0.0,0.0,4,0,0
1520,43,18,25,0,19,3,21,19,15,4,0,0,0,0,0,0,0,0,0,0,0,0,0,1.0,1.0,1.0,0.0,0.0,0.0,4,0,0
1521,43,18,25,0,19,3,21,19,15,4,0,0,0,0,0,0,0,0,0,0,0,0,0,1.0,1.0,1.0,0.0,0.0,0.0,4,0,0
1522,43,18,25,0,19,3,21,19,15,4,0,0,0,0,0,0,0,0,0,0,0,0,0,1.0,1.0,1.0,0.0,0.0,0.0,4,0,0
1523,43,18,25,0,19,3,21,19,15,4,0,0,0,0,0,0,0,0,0,0,0,0,0,1.0,1.0,1.0,0.0,0.0,0.0,4,0,0
1524,43,18,25,0,19,3,21,19,15,4,0,0,0,0,0,0,0,0,0,0,0,0,0,1.0,1.0,1.0,0.0,0.0,0.0,4,0,0
1525,43,18,25,0,19,3,21,19,15,4,0,0,0,0,0,0,0,0,0,0,0,0,0,1.0,1.0,1.0,0.0,0.0,0.0,4,0,0
1526,43,18,25,0,19,3,21,19,15,4,0,0,0,0,0,0,0,0,0,0,0,0,0,1.0,1.0,1.0,0.0,0.0,0.0,4,0,0
1527,43,18,25,0,19,3,21,19,15,4,0,0,0,0,0,0,0,0,0,0,0,0,0,1.0,1.0,1.0,0.0,0.0,0.0,4,0,0
1528,43,18,25,0,19,3,21,19,15,4,0,0,0,0,0,0,0,0,0,0,0,2,0,1.0,1.0,1.0,0.0,0.0,0.0,4,0,0
1529,43,18,25,0,19,3,21,19,15,4,0,0,0,0,0,0,0,0,0,0,0,0,0,1.0,1.0,1.0,0.0,0.0,0.0,4,0,0
1530,43,18,25,0,19,3,21,19,15,4,0,0,0,0,0,0,0,0,0,0,0,0,0,1.0,1.0,1.0,0.0,0.0,0.0,4,0,0
1531,43,18,25,0,19,3,21,19,15,4,0,0,0,0,0,0,0,0,0,0,0,0,0,1.0,1.0,1.0,0.0,0.0,0.0,4,0,0
1532,43,18,25,0,17,5,21,19,15,4,0,0,0,0,0,0,0,0,0,0,0,0,0,1.0,1.0,1.0,0.0,0.0,0.0,4,0,0
1533,43,18,25,0,17,5,21,19,15,4,0,0,0,0,0,0,0,0,0,0,0,0,0,1.0,1.0,1.0,0.0,0.0,0.0,4,0,0
1534,43,18,25,0,17,5,21,19,15,4,0,0,0,0,0,0,0,0,0,0,0,0,0,1.0,1.0,1.0,0.0,0.0,0.0,4,0,0
1535,43,18,25,0,17,5,21,19,15,3,0,0,0,0,0,0,0,0,0,0,0,0,0,1.0,1.0,1.0,0.0,0.0,0.0,4,0,0
1536,43,18,25,0,17,5,21,19,16,3,0,0,0,0,0,0,3,1,0,0,0,0,0,1.0,1.0,1.0,0.0,0.0,0.3333333333333333,4,0,0
1537,43,18,25,0,17,5,21,19,16,3,0,0,0,0,0,0,0,0,0,0,0,0,0,1.0,1.0,1.0,0.0,0.0,0.0,4,0,0
1538,43,18,25,0,17,5,21,19,16,3,0,0,0,0,0,0,0,0,0,0,0,0,0,1.0,1.0,1.0,0.0,0.0,0.0,4,0,0
1539,41,17,24,0,16,5,20,18,15,3,0,0,0,0,0,0,0,0,0,0,1,0,1,0.9411764705882353,1.0,0.9473684210526316,0.0,0.0,0.0,4,0,2
1540,41,17,24,0,16,5,20,18,15,3,0,0,0,0,0,0,0,0,0,0,0,0,0,1.0,1.0,1.0,0.0,0.0,0.0,4,0,0
1541,41,17,24,0,16,5,20,18,15,3,0,0,0,0,0,0,0,0,0,0,0,0,0,1.0,1.0,1.0,0.0,0.0,0.0,4,0,0
1542,41,17,24,0,16,5,20,18,15,3,0,0,0,0,0,0,0,0,0,0,0,0,0,1.0,1.0,1.0,0.0,0.0,0.0,4,0,0
1543,41,17,24,0,16,5,20,18,15,3,0,0,0,0,0,0,0,0,0,0,0,0,0,1.0,1.0,1.0,0.0,0.0,0.0,4,0,0
1544,41,17,24,0,16,5,20,18,15,3,0,0,0,0,0,0,0,0,0,0,0,1,0,1.0,1.0,1.0,0.0,0.0,0.0,4,0,0
1545,41,17,24,0,16,5,20,18,15,3,0,0,0,0,0,0,0,0,0,0,0,0,0,1.0,1.0,1.0,0.0,0.0,0.0,4,0,0
1546,41,17,24,0,16,5,20,18,15,3,0,0,0,0,0,0,0,0,0,0,0,0,0,1.0,1.0,1.0,0.0,0.0,0.0,4,0,0
1547,41,17,24,0,16,5,20,18,15,3,0,0,0,0,0,0,0,0,0,0,0,0,0,1.0,1.0,1.0,0.0,0.0,0.0,4,0,0
1548,41,17,24,0,15,6,20,18,15,3,0,0,0,0,0,0,0,0,0,0,0,0,0,1.0,1.0,1.0,0.0,0.0,0.0,4,0,0
1549,41,17,24,0,15,6,20,18,15,2,0,0,0,0,0,0,0,0,0,0,0,0,0,1.0,1.0,1.0,0.0,0.0,0.0,4,0,0
1550,41,17,24,0,15,6,20,18,16,2,0,0,0,0,0,0,4,1,0,0,0,0,0,1.0,1.0,1.0,0.0,0.0,0.25,4,0,0
1551,41,17,24,0,15,6,20,18,16,2,0,0,0,0,0,0,0,0,0,0,0,0,0,1.0,1.0,1.0,0.0,0.0,0.0,4,0,0
1552,41,17,24,0,15,6,20,18,16,2,0,0,0,0,0,0,0,0,0,0,0,0,0,1.0,1.0,1.0,0.0,0.0,0.0,4,0,0
1553,41,17,24,0,15,6,20,18,16,2,0,0,0,0,0,0,0,0,0,0,0,0,0,1.0,1.0,1.0,0.0,0.0,0.0,4,0,0
1554,41,17,24,0,15,6,20,18,16,2,0,0,0,0,0,0,0,0,0,0,0,0,0,1.0,1.0,1.0,0.0,0.0,0.0,4,0,0
1555,44,20,24,3,15,6,20,18,15,2,1,0,0,0,0,0,0,0,0,1,0,0,0,1.0,1.0,1.0,0.07317073170731707,0.07317073170731707,0.0,4,3,0
1556,48,21,27,7,15,6,20,18,14,2,2,0,0,0,0,0,0,0,0,1,0,0,0,1.0,1.0,1.0,0.09090909090909091,0.09090909090909091,0.0,4,4,0
1557,48,21,27,7,15,6,20,18,14,2,2,0,0,0,0,0,0,0,0,0,0,0,0,1.0,1.0,1.0,0.0,0.0,0.0,4,0,0
1558,48,21,27,7,15,6,20,18,14,2,2,0,0,0,0,0,0,0,0,0,0,0,0,1.0,1.0,1.0,0.0,0.0,0.0,4,0,0
1559,51,23,28,10,15,6,20,18,13,2,3,0,0,0,0,0,0,0,0,1,0,1,0,1.0,1.0,1.0,0.0625,0.0625,0.0,4,3,0
1560,54,24,30,13,15,6,20,18,12,2,4,0,0,0,0,0,0,0,0,1,0,0,0,1.0,1.0,1.0,0.058823529411764705,0.058823529411764705,0.0,4,3,0
1561,54,24,30,13,15,6,20,18,12,1,4,0,0,0,0,0,0,0,0,0,0,0,0,1.0,1.0,1.0,0.0,0.0,0.0,4,0,0
1562,54,24,30,13,15,6,20,18,13,0,4,0,0,0,0,0,4,1,0,0,0,0,0,1.0,1.0,1.0,0.0,0.0,0.25,4,0,0
1563,53,23,30,13,13,7,20,18,13,1,4,0,0,0,0,0,3,0,1,0,1,0,1,0.962962962962963,1.0,1.0,0.0,0.0,0.0,4,0,1
1564,53,23,30,13,13,7,20,18,13,1,4,0,0,0,0,0,0,0,0,0,0,0,0,1.0,1.0,1.0,0.0,0.0,0.0,4,0,0
1565,53,23,30,13,13,7,20,18,13,1,4,0,0,0,0,0,0,0,0,0,0,0,0,1.0,1.0,1.0,0.0,0.0,0.0,4,0,0
1566,53,23,30,13,13,7,20,18,13,1,4,0,0,0,0,0,0,0,0,0,0,0,0,1.0,1.0,1.0,0.0,0.0,0.0,4,0,0
1567,53,23,30,13,13,7,20,18,13,1,4,0,0,0,0,0,0,0,0,0,0,0,0,1.0,1.0,1.0,0.0,0.0,0.0,4,0,0
1568,57,24,33,17,13,7,20,18,12,1,5,0,0,0,0,0,0,0,0,1,0,0,0,1.0,1.0,1.0,0.07547169811320754,0.07547169811320754,0.0,4,4,0
1569,57,24,33,17,13,7,20,18,12,1,5,0,0,0,0,0,0,0,0,0,0,0,0,1.0,1.0,1.0,0.0,0.0,0.0,4,0,0
1570,57,24,33,17,13,7,20,18,12,1,5,0,0,0,0,0,0,0,0,0,0,0,0,1.0,1.0,1.0,0.0,0.0,0.0,4,0,0
1571,61,26,35,21,13,7,20,18,11,1,6,0,0,0,0,0,0,0,0,1,0,0,0,1.0,1.0,1.0,0.07017543859649122,0.07017543859649122,0.0,4,4,0
1572,66,28,38,26,13,7,20,18,9,1,8,0,0,0,0,0,0,0,0,2,1,0,1,0.9705882352941176,1.0,1.0,0.09836065573770492,0.09836065573770492,0.0,4,6,1
1573,69,30,39,29,13,7,20,18,8,1,9,0,0,0,0,0,0,0,0,1,1,0,1,0.9743589743589743,1.0,1.0,0.06060606060606061,0.06060606060606061,0.0,4,4,1
1574,69,29,40,29,13,6,21,18,7,1,10,0,0,0,0,0,0,0,0,1,3,0,3,0.9285714285714286,1.0,1.0,0.043478260869565216,0.043478260869565216,0.0,4,3,3
1575,66,27,39,29,10,6,21,18,7,1,10,0,0,0,0,0,0,0,0,0,3,0,3,0.9285714285714286,1.0,1.0,0.0,0.0,0.0,4,0,3
1576,65,26,39,29,9,6,21,18,7,1,10,0,0,0,0,0,0,0,0,0,1,0,1,0.9743589743589743,1.0,1.0,0.0,0.0,0.0,4,0,1
1577,63,26,37,27,9,6,21,18,7,1,10,0,0,0,0,0,0,0,0,0,2,0,2,0.9473684210526316,1.0,1.0,0.0,0.0,0.0,4,0,2
1578,62,25,37,26,9,6,21,18,7,1,10,0,0,0,0,0,0,0,0,0,1,0,1,0.9722222222222222,1.0,1.0,0.0,0.0,0.0,4,0,1
1579,62,25,37,26,9,6,21,18,7,1,10,0,0,0,0,0,0,0,0,0,0,0,0,1.0,1.0,1.0,0.0,0.0,0.0,4,0,0
1580,60,23,37,25,8,6,21,18,7,1,10,0,0,0,0,0,0,0,0,0,2,0,2,0.9428571428571428,1.0,1.0,0.0,0.0,0.0,4,0,2
1581,71,26,45,36,8,6,21,18,4,1,13,0,0,0,0,0,0,0,0,3,1,0,1,0.9696969696969697,1.0,1.0,0.2,0.2,0.0,4,12,1
1582,67,24,43,34,7,6,20,18,4,1,13,0,0,0,0,0,0,0,0,0,3,0,3,0.9318181818181819,0.6666666666666667,1.0,0.0,0.0,0.0,4,0,4
1583,67,25,42,36,5,6,20,18,3,1,14,0,0,0,0,0,0,0,0,1,3,0,3,0.926829268292683,1.0,1.0,0.04477611940298507,0.04477611940298507,0.0,4,3,3
1584,66,25,41,35,5,6,20,18,3,1,14,0,0,0,0,0,0,0,0,0,1,0,1,0.975609756097561,1.0,1.0,0.0,0.0,0.0,4,0,1
1585,66,25,41,35,5,6,20,18,3,1,14,0,0,0,0,0,0,0,0,0,0,1,0,1.0,1.0,1.0,0.0,0.0,0.0,4,0,0
1586,65,24,41,34,5,6,20,18,3,1,14,0,0,0,0,0,0,0,0,0,1,0,1,0.975,1.0,1.0,0.0,0.0,0.0,4,0,1
1587,65,24,41,34,5,6,20,18,3,1,14,0,0,0,0,0,0,0,0,0,0,0,0,1.0,1.0,1.0,0.0,0.0,0.0,4,0,0
1588,64,24,40,33,5,6,20,18,3,1,14,0,0,0,0,0,0,0,0,0,1,0,1,0.9743589743589743,1.0,1.0,0.0,0.0,0.0,4,0,1
1589,62,23,39,31,4,7,20,18,3,1,14,0,0,0,0,0,0,0,0,0,2,0,2,0.9459459459459459,1.0,1.0,0.0,0.0,0.0,4,0,2
1590,62,23,39,31,4,7,20,18,3,1,14,0,0,0,0,0,0,0,0,0,0,0,0,1.0,1.0,1.0,0.0,0.0,0.0,4,0,0
1591,61,23,38,30,4,7,20,18,3,1,14,0,0,0,0,0,0,0,0,0,1,0,1,0.9714285714285714,1.0,1.0,0.0,0.0,0.0,4,0,1
1592,59,21,38,29,4,7,19,18,3,1,14,0,0,0,0,0,0,0,0,0,1,0,1,0.9705882352941176,0.5,1.0,0.0,0.0,0.0,4,0,2
1593,59,21,38,29,4,7,19,18,3,1,14,0,0,0,0,0,0,0,0,0,0,1,0,1.0,1.0,1.0,0.0,0.0,0.0,4,0,0
1594,59,21,38,29,4,7,19,18,3,1,14,0,0,0,0,0,0,0,0,0,0,0,0,1.0,1.0,1.0,0.0,0.0,0.0,4,0,0
1595,59,21,38,29,4,7,19,18,3,1,14,0,0,0,0,0,0,0,0,0,0,0,0,1.0,1.0,1.0,0.0,0.0,0.0,4,0,0
1596,58,20,38,28,4,7,19,18,3,1,14,0,0,0,0,0,0,0,0,0,1,0,1,0.9696969696969697,1.0,1.0,0.0,0.0,0.0,4,0,1
1597,57,20,37,28,3,8,18,17,3,1,13,0,0,0,0,0,0,0,0,0,0,0,0,1.0,1.0,0.9444444444444444,0.0,0.0,0.0,4,0,1
1598,55,19,36,25,4,8,18,17,3,1,13,0,0,0,0,0,0,0,0,0,2,0,2,0.935483870967742,1.0,1.0,0.0,0.0,0.0,4,0,2
1599,54,18,36,22,6,8,18,17,3,1,13,0,0,0,0,0,0,0,0,0,1,0,1,0.9655172413793104,1.0,1.0,0.0,0.0,0.0,4,0,1
1600,54,18,36,22,6,8,18,17,3,1,12,0,0,0,0,0,0,0,0,0,0,0,0,1.0,1.0,1.0,0.0,0.0,0.0,4,0,0
1601,57,20,37,25,6,8,18,17,3,1,12,0,0,0,0,0,7,1,0,1,0,0,0,1.0,1.0,1.0,0.05555555555555555,0.05555555555555555,0.14285714285714285,4,3,0
1602,56,20,36,22,8,8,18,17,4,1,12,0,0,0,0,0,5,1,0,0,1,0,1,0.967741935483871,1.0,1.0,0.0,0.0,0.2,4,0,1
1603,55,19,36,22,7,8,18,17,4,1,12,0,0,0,0,0,0,0,0,0,1,0,1,0.9666666666666667,1.0,1.0,0.0,0.0,0.0,4,0,1
1604,55,19,36,22,7,8,18,17,4,1,12,0,0,0,0,0,0,0,0,0,0,0,0,1.0,1.0,1.0,0.0,0.0,0.0,4,0,0
1605,55,19,36,22,7,8,18,17,4,1,11,0,0,0,0,0,0,0,0,0,0,0,0,1.0,1.0,1.0,0.0,0.0,0.0,4,0,0
1606,52,17,35,21,5,8,18,17,5,1,11,0,0,0,0,0,3,1,0,0,3,0,3,0.896551724137931,1.0,1.0,0.0,0.0,0.3333333333333333,4,0,3
1607,51,16,35,20,5,8,18,17,5,1,11,0,0,0,0,0,0,0,0,0,1,0,1,0.9615384615384616,1.0,1.0,0.0,0.0,0.0,4,0,1
1608,51,16,35,20,5,8,18,17,5,0,11,0,0,0,0,0,0,0,0,0,0,0,0,1.0,1.0,1.0,0.0,0.0,0.0,4,0,0
1609,49,15,34,19,4,8,18,17,5,1,11,0,0,0,0,0,1,0,1,0,2,0,2,0.92,1.0,1.0,0.0,0.0,0.0,4,0,2
1610,49,15,34,19,4,8,18,17,5,1,11,0,0,0,0,0,0,0,0,0,0,0,0,1.0,1.0,1.0,0.0,0.0,0.0,4,0,0
1611,49,15,34,18,5,8,18,17,5,1,11,0,0,0,0,0,0,0,0,0,0,0,0,1.0,1.0,1.0,0.0,0.0,0.0,4,0,0
1612,49,15,34,18,5,8,18,17,5,1,11,0,0,0,0,0,0,0,0,0,0,0,0,1.0,1.0,1.0,0.0,0.0,0.0,4,0,0
1613,49,15,34,18,5,8,18,17,5,1,10,0,0,0,0,0,0,0,0,0,0,0,0,1.0,1.0,1.0,0.0,0.0,0.0,4,0,0
1614,49,15,34,16,7,8,18,17,6,1,10,0,0,0,0,0,2,1,0,0,0,0,0,1.0,1.0,1.0,0.0,0.0,0.5,4,0,0
1615,53,17,36,18,9,8,18,17,5,1,11,0,0,0,0,0,0,0,0,1,0,0,0,1.0,1.0,1.0,0.08163265306122448,0.08163265306122448,0.0,4,4,0
1616,52,17,35,16,10,7,19,18,5,1,10,0,0,0,0,0,0,0,0,0,1,0,1,0.962962962962963,1.0,1.0,0.0,0.0,0.0,4,0,1
1617,52,17,35,15,11,7,19,18,5,1,8,0,0,0,0,0,1,0,0,0,0,0,0,1.0,1.0,1.0,0.0,0.0,0.0,4,0,0
1618,52,17,35,15,11,7,19,18,5,1,7,0,0,0,0,0,8,0,0,0,0,0,0,1.0,1.0,1.0,0.0,0.0,0.0,4,0,0
1619,52,17,35,15,11,6,20,19,5,1,6,0,0,0,0,0,3,0,0,0,0,0,0,1.0,1.0,1.0,0.0,0.0,0.0,4,0,0
1620,52,17,35,15,11,6,20,19,5,2,6,0,0,0,0,0,2,0,1,0,0,0,0,1.0,1.0,1.0,0.0,0.0,0.0,4,0,0
1621,51,17,34,15,10,6,20,19,6,2,6,0,0,0,0,0,2,1,0,0,1,0,1,0.9615384615384616,1.0,1.0,0.0,0.0,0.5,4,0,1
1622,51,17,34,15,10,5,21,19,7,2,6,0,0,0,0,0,5,1,0,0,0,0,0,1.0,1.0,1.0,0.0,0.0,0.2,4,0,0
1623,50,17,33,15,10,5,20,18,6,2,6,0,0,0,0,0,2,0,0,0,0,0,0,1.0,1.0,0.9473684210526316,0.0,0.0,0.0,4,0,1
1624,50,17,33,8,17,5,20,18,7,2,6,0,0,0,0,0,4,1,0,0,0,0,0,1.0,1.0,1.0,0.0,0.0,0.25,4,0,0
1625,50,17,33,8,17,5,20,18,7,2,6,0,0,0,0,0,0,0,0,0,0,0,0,1.0,1.0,1.0,0.0,0.0,0.0,4,0,0
1626,49,16,33,6,18,5,20,18,7,2,3,0,0,0,0,0,0,0,0,0,1,0,1,0.96,1.0,1.0,0.0,0.0,0.0,4,0,1
1627,53,18,35,10,18,4,21,19,9,2,4,0,0,0,0,0,13,3,0,1,0,0,0,1.0,1.0,1.0,0.08163265306122448,0.08163265306122448,0.23076923076923078,4,4,0
1628,51,17,34,8,18,4,21,19,9,2,3,0,0,0,0,0,0,0,0,0,2,0,2,0.9285714285714286,1.0,1.0,0.0,0.0,0.0,4,0,2
1629,51,17,34,8,18,4,21,19,10,2,3,0,0,0,0,0,2,1,0,0,0,0,0,1.0,1.0,1.0,0.0,0.0,0.5,4,0,0
1630,50,17,33,8,18,4,20,18,9,2,3,0,0,0,0,0,5,0,0,0,0,0,0,1.0,1.0,0.9473684210526316,0.0,0.0,0.0,4,0,1
1631,50,17,33,8,18,4,20,18,10,2,3,0,0,0,0,0,3,1,0,0,0,0,0,1.0,1.0,1.0,0.0,0.0,0.3333333333333333,4,0,0
1632,50,17,33,8,18,4,20,18,12,2,3,0,0,0,0,0,10,2,0,0,0,0,0,1.0,1.0,1.0,0.0,0.0,0.2,4,0,0
1633,50,17,33,8,18,4,20,18,13,2,3,0,0,0,0,0,8,1,0,0,0,0,0,1.0,1.0,1.0,0.0,0.0,0.125,4,0,0
1634,49,16,33,8,17,4,20,18,13,2,3,0,0,0,0,0,0,0,0,0,1,0,1,0.9615384615384616,1.0,1.0,0.0,0.0,0.0,4,0,1
1635,48,15,33,7,17,4,20,18,13,2,3,0,0,0,0,0,0,0,0,0,1,0,1,0.96,1.0,1.0,0.0,0.0,0.0,4,0,1
1636,48,15,33,7,17,4,20,18,13,2,3,0,0,0,0,0,0,0,0,0,0,0,0,1.0,1.0,1.0,0.0,0.0,0.0,4,0,0
1637,48,15,33,7,17,4,20,18,13,2,3,0,0,0,0,0,0,0,0,0,0,0,0,1.0,1.0,1.0,0.0,0.0,0.0,4,0,0
1638,48,15,33,7,17,4,20,18,13,2,3,0,0,0,0,0,0,0,0,0,0,1,0,1.0,1.0,1.0,0.0,0.0,0.0,4,0,0
1639,48,15,33,7,17,4,20,18,13,2,3,0,0,0,0,0,0,0,0,0,0,0,0,1.0,1.0,1.0,0.0,0.0,0.0,4,0,0
1640,48,15,33,7,17,4,20,18,13,2,3,0,0,0,0,0,0,0,0,0,0,0,0,1.0,1.0,1.0,0.0,0.0,0.0,4,0,0
1641,48,15,33,7,17,4,20,18,13,2,3,0,0,0,0,0,0,0,0,0,0,0,0,1.0,1.0,1.0,0.0,0.0,0.0,4,0,0
1642,47,15,32,7,16,5,19,17,12,2,3,0,0,0,0,0,0,0,0,0,0,0,0,1.0,1.0,0.9444444444444444,0.0,0.0,0.0,4,0,1
1643,46,15,31,7,15,5,19,17,12,2,3,0,0,0,0,0,0,0,0,0,1,0,1,0.9565217391304348,1.0,1.0,0.0,0.0,0.0,4,0,1
1644,46,15,31,5,17,5,19,17,12,2,3,0,0,0,0,0,0,0,0,0,0,0,0,1.0,1.0,1.0,0.0,0.0,0.0,4,0,0
1645,45,15,30,5,16,5,19,17,12,2,3,0,0,0,0,0,0,0,0,0,1,0,1,0.9545454545454546,1.0,1.0,0.0,0.0,0.0,4,0,1
1646,45,15,30,5,16,5,19,17,12,2,2,0,0,0,0,0,0,0,0,0,0,0,0,1.0,1.0,1.0,0.0,0.0,0.0,4,0,0
1647,45,15,30,5,16,5,19,17,12,2,2,0,0,0,0,0,1,0,0,0,0,0,0,1.0,1.0,1.0,0.0,0.0,0.0,4,0,0
1648,45,15,30,5,16,5,19,17,13,2,2,0,0,0,0,0,6,1,0,0,0,0,0,1.0,1.0,1.0,0.0,0.0,0.16666666666666666,4,0,0
1649,45,15,30,5,16,5,19,17,13,2,2,0,0,0,0,0,0,0,0,0,0,0,0,1.0,1.0,1.0,0.0,0.0,0.0,4,0,0
1650,45,15,30,5,16,5,19,17,13,2,2,0,0,0,0,0,0,0,0,0,0,0,0,1.0,1.0,1.0,0.0,0.0,0.0,4,0,0
1651,45,15,30,5,16,5,19,17,13,2,2,0,0,0,0,0,0,0,0,0,0,0,0,1.0,1.0,1.0,0.0,0.0,0.0,4,0,0
1652,45,15,30,5,16,5,19,17,13,2,2,0,0,0,0,0,0,0,0,0,0,0,0,1.0,1.0,1.0,0.0,0.0,0.0,4,0,0
1653,45,15,30,5,16,5,19,17,13,2,2,0,0,0,0,0,0,0,0,0,0,0,0,1.0,1.0,1.0,0.0,0.0,0.0,4,0,0
1654,45,15,30,5,16,5,19,17,13,1,2,0,0,0,0,0,0,0,0,0,0,0,0,1.0,1.0,1.0,0.0,0.0,0.0,4,0,0
1655,45,15,30,5,16,5,19,17,14,1,2,0,0,0,0,0,5,1,0,0,0,0,0,1.0,1.0,1.0,0.0,0.0,0.2,4,0,0
1656,44,14,30,5,16,4,19,17,14,1,2,0,0,0,0,0,0,0,0,0,0,0,0,1.0,1.0,1.0,0.0,0.0,0.0,4,0,1
1657,44,14,30,5,16,4,19,17,14,1,2,0,0,0,0,0,0,0,0,0,0,0,0,1.0,1.0,1.0,0.0,0.0,0.0,4,0,0
1658,44,14,30,3,18,4,19,17,14,1,2,0,0,0,0,0,0,0,0,0,0,0,0,1.0,1.0,1.0,0.0,0.0,0.0,4,0,0
1659,44,14,30,3,18,4,19,17,14,1,2,0,0,0,0,0,0,0,0,0,0,0,0,1.0,1.0,1.0,0.0,0.0,0.0,4,0,0
1660,44,14,30,3,18,4,19,17,14,1,1,0,0,0,0,0,0,0,0,0,0,0,0,1.0,1.0,1.0,0.0,0.0,0.0,4,0,0
1661,44,14,30,3,18,4,19,17,15,1,1,0,0,0,0,0,6,1,0,0,0,0,0,1.0,1.0,1.0,0.0,0.0,0.16666666666666666,4,0,0
1662,44,14,30,3,18,4,19,17,15,1,1,0,0,0,0,0,0,0,0,0,0,0,0,1.0,1.0,1.0,0.0,0.0,0.0,4,0,0
1663,44,14,30,3,18,4,19,17,15,1,1,0,0,0,0,0,0,0,0,0,0,0,0,1.0,1.0,1.0,0.0,0.0,0.0,4,0,0
1664,44,14,30,3,18,4,19,17,15,1,1,0,0,0,0,0,0,0,0,0,0,0,0,1.0,1.0,1.0,0.0,0.0,0.0,4,0,0
1665,44,14,30,3,18,4,19,17,15,0,1,0,0,0,0,0,0,0,0,0,0,0,0,1.0,1.0,1.0,0.0,0.0,0.0,4,0,0
1666,46,16,30,5,18,4,19,17,15,0,2,0,0,0,0,0,7,1,0,1,1,0,1,0.9523809523809523,1.0,1.0,0.06818181818181818,0.06818181818181818,0.14285714285714285,4,3,1
1667,46,16,30,5,18,3,20,17,15,0,2,0,0,0,0,0,0,0,0,0,0,0,0,1.0,1.0,1.0,0.0,0.0,0.0,4,0,0
1668,46,16,30,5,18,3,20,17,15,0,2,0,0,0,0,0,0,0,0,0,0,0,0,1.0,1.0,1.0,0.0,0.0,0.0,4,0,0
1669,46,16,30,5,18,3,20,17,15,0,2,0,0,0,0,0,0,0,0,0,0,0,0,1.0,1.0,1.0,0.0,0.0,0.0,4,0,0
1670,46,16,30,3,20,3,20,17,15,0,2,0,0,0,0,0,0,0,0,0,0,0,0,1.0,1.0,1.0,0.0,0.0,0.0,4,0,0
1671,50,19,31,7,20,3,20,17,14,0,3,0,0,0,0,0,0,0,0,1,0,0,0,1.0,1.0,1.0,0.08695652173913043,0.08695652173913043,0.0,4,4,0
1672,49,18,31,7,19,3,20,17,14,0,2,0,0,0,0,0,0,0,0,0,1,0,1,0.962962962962963,1.0,1.0,0.0,0.0,0.0,4,0,1
1673,48,17,31,6,19,3,20,17,14,0,2,0,0,0,0,0,2,0,0,0,1,0,1,0.9615384615384616,1.0,1.0,0.0,0.0,0.0,4,0,1
1674,48,17,31,6,19,3,20,17,15,0,2,0,0,0,0,0,7,1,0,0,0,0,0,1.0,1.0,1.0,0.0,0.0,0.14285714285714285,4,0,0
1675,48,17,31,6,19,3,20,17,15,0,2,0,0,0,0,0,0,0,0,0,0,0,0,1.0,1.0,1.0,0.0,0.0,0.0,4,0,0
1676,47,17,30,6,19,3,19,16,15,0,1,0,0,0,0,0,0,0,0,0,0,0,0,1.0,1.0,0.9411764705882353,0.0,0.0,0.0,4,0,1
1677,47,17,30,6,19,3,19,16,15,0,1,0,0,0,0,0,0,0,0,0,0,0,0,1.0,1.0,1.0,0.0,0.0,0.0,4,0,0
1678,47,17,30,6,19,3,19,16,15,0,1,0,0,0,0,0,0,0,0,0,0,0,0,1.0,1.0,1.0,0.0,0.0,0.0,4,0,0
1679,51,19,32,10,19,3,19,16,14,0,2,0,0,0,0,0,0,0,0,1,0,0,0,1.0,1.0,1.0,0.0851063829787234,0.0851063829787234,0.0,4,4,0
1680,49,18,31,10,18,3,18,15,13,0,2,0,0,0,0,0,0,0,0,0,1,0,1,0.9655172413793104,1.0,0.9375,0.0,0.0,0.0,4,0,2
1681,49,18,31,10,18,3,18,15,13,0,2,0,0,0,0,0,0,0,0,0,0,0,0,1.0,1.0,1.0,0.0,0.0,0.0,4,0,0
1682,48,18,30,10,17,3,18,15,13,0,2,0,0,0,0,0,0,0,0,0,1,0,1,0.9642857142857143,1.0,1.0,0.0,0.0,0.0,4,0,1
1683,48,18,30,10,17,2,19,15,13,0,2,0,0,0,0,0,0,0,0,0,0,0,0,1.0,1.0,1.0,0.0,0.0,0.0,4,0,0
1684,47,17,30,9,17,2,19,15,13,0,2,0,0,0,0,0,0,0,0,0,1,0,1,0.962962962962963,1.0,1.0,0.0,0.0,0.0,4,0,1
1685,46,17,29,9,16,2,19,15,13,0,2,0,0,0,0,0,0,0,0,0,1,0,1,0.9615384615384616,1.0,1.0,0.0,0.0,0.0,4,0,1
1686,49,18,31,12,16,2,19,15,12,0,3,0,0,0,0,0,0,0,0,1,0,0,0,1.0,1.0,1.0,0.06521739130434782,0.06521739130434782,0.0,4,3,0
1687,52,19,33,15,16,2,19,15,11,0,4,0,0,0,0,0,0,0,0,1,0,0,0,1.0,1.0,1.0,0.061224489795918366,0.061224489795918366,0.0,4,3,0
1688,52,19,33,15,16,2,19,15,11,0,4,0,0,0,0,0,0,0,0,0,0,0,0,1.0,1.0,1.0,0.0,0.0,0.0,4,0,0
1689,56,20,36,19,16,2,19,15,10,0,5,0,0,0,0,0,0,0,0,1,0,0,0,1.0,1.0,1.0,0.07692307692307693,0.07692307692307693,0.0,4,4,0
1690,56,20,36,19,16,2,19,15,10,0,5,0,0,0,0,0,0,0,0,0,0,0,0,1.0,1.0,1.0,0.0,0.0,0.0,4,0,0
1691,56,20,36,19,16,2,19,15,10,0,5,0,0,0,0,0,0,0,0,0,0,0,0,1.0,1.0,1.0,0.0,0.0,0.0,4,0,0
1692,63,24,39,26,16,2,19,15,8,0,7,0,0,0,0,0,0,0,0,2,0,0,0,1.0,1.0,1.0,0.125,0.125,0.0,4,7,0
1693,62,24,38,25,16,2,19,15,8,0,7,0,0,0,0,0,0,0,0,0,1,0,1,0.9761904761904762,1.0,1.0,0.0,0.0,0.0,4,0,1
1694,59,21,38,23,16,2,18,15,8,0,7,0,0,0,0,0,0,0,0,0,2,0,2,0.9512195121951219,0.75,1.0,0.0,0.0,0.0,4,0,3
1695,59,21,38,23,16,2,18,15,8,0,7,0,0,0,0,0,0,0,0,0,0,0,0,1.0,1.0,1.0,0.0,0.0,0.0,4,0,0
1696,61,23,38,26,15,2,18,15,7,0,8,0,0,0,0,0,0,0,0,1,1,0,1,0.9743589743589743,1.0,1.0,0.05084745762711865,0.05084745762711865,0.0,4,3,1
1697,64,27,37,30,14,2,18,15,6,0,9,0,0,0,0,0,0,0,0,1,1,0,1,0.975609756097561,1.0,1.0,0.06557377049180328,0.06557377049180328,0.0,4,4,1
1698,66,29,37,32,14,2,18,15,5,0,10,0,0,0,0,0,0,0,0,1,1,0,1,0.9772727272727273,1.0,1.0,0.046875,0.046875,0.0,4,3,1
1699,64,28,36,30,14,2,18,15,5,0,10,0,0,0,0,0,0,0,0,0,2,0,2,0.9565217391304348,1.0,1.0,0.0,0.0,0.0,4,0,2
1700,64,28,36,30,14,2,18,15,5,0,10,0,0,0,0,0,0,0,0,0,0,0,0,1.0,1.0,1.0,0.0,0.0,0.0,4,0,0
1701,61,26,35,28,13,2,18,15,5,0,10,0,0,0,0,0,0,0,0,0,3,0,3,0.9318181818181819,1.0,1.0,0.0,0.0,0.0,4,0,3
1702,60,25,35,28,12,2,18,15,5,0,10,0,0,0,0,0,0,0,0,0,1,0,1,0.975609756097561,1.0,1.0,0.0,0.0,0.0,4,0,1
1703,59,25,34,27,12,2,18,15,5,0,10,0,0,0,0,0,0,0,0,0,1,0,1,0.975,1.0,1.0,0.0,0.0,0.0,4,0,1
1704,57,24,33,26,11,2,18,15,5,0,10,0,0,0,0,0,0,0,0,0,2,0,2,0.9487179487179487,1.0,1.0,0.0,0.0,0.0,4,0,2
1705,55,23,32,25,10,2,18,15,5,0,10,0,0,0,0,0,0,0,0,0,2,0,2,0.9459459459459459,1.0,1.0,0.0,0.0,0.0,4,0,2
1706,55,23,32,25,10,2,18,15,5,0,10,0,0,0,0,0,0,0,0,0,0,0,0,1.0,1.0,1.0,0.0,0.0,0.0,4,0,0
1707,55,23,32,25,10,2,18,15,5,0,10,0,0,0,0,0,0,0,0,0,0,0,0,1.0,1.0,1.0,0.0,0.0,0.0,4,0,0
1708,54,22,32,24,10,2,18,15,5,0,10,0,0,0,0,0,0,0,0,0,1,0,1,0.9714285714285714,1.0,1.0,0.0,0.0,0.0,4,0,1
1709,54,22,32,23,11,2,18,15,5,0,10,0,0,0,0,0,0,0,0,0,0,0,0,1.0,1.0,1.0,0.0,0.0,0.0,4,0,0
1710,54,22,32,23,11,2,18,15,5,0,10,0,0,0,0,0,0,0,0,0,0,0,0,1.0,1.0,1.0,0.0,0.0,0.0,4,0,0
1711,54,22,32,23,11,2,18,15,5,0,10,0,0,0,0,0,0,0,0,0,0,0,0,1.0,1.0,1.0,0.0,0.0,0.0,4,0,0
1712,52,22,30,23,9,2,18,15,5,0,10,0,0,0,0,0,0,0,0,0,2,0,2,0.9411764705882353,1.0,1.0,0.0,0.0,0.0,4,0,2
1713,55,25,30,26,9,2,18,15,4,0,11,0,0,0,0,0,0,0,0,1,0,0,0,1.0,1.0,1.0,0.057692307692307696,0.057692307692307696,0.0,4,3,0
1714,55,25,30,24,11,2,18,15,4,0,11,0,0,0,0,0,0,0,0,0,0,0,0,1.0,1.0,1.0,0.0,0.0,0.0,4,0,0
1715,53,25,28,22,11,2,18,15,4,0,11,0,0,0,0,0,0,0,0,0,2,0,2,0.9428571428571428,1.0,1.0,0.0,0.0,0.0,4,0,2
1716,53,25,28,22,11,2,18,15,4,0,10,0,0,0,0,0,0,0,0,0,0,0,0,1.0,1.0,1.0,0.0,0.0,0.0,4,0,0
1717,53,25,28,22,11,2,18,15,5,0,10,0,0,0,0,0,8,1,0,0,0,0,0,1.0,1.0,1.0,0.0,0.0,0.125,4,0,0
1718,53,25,28,22,11,2,18,15,5,0,10,0,0,0,0,0,0,0,0,0,0,0,0,1.0,1.0,1.0,0.0,0.0,0.0,4,0,0
1719,52,24,28,21,11,2,18,15,5,0,10,0,0,0,0,0,0,0,0,0,1,0,1,0.9696969696969697,1.0,1.0,0.0,0.0,0.0,4,0,1
1720,56,27,29,25,11,2,18,15,4,0,11,0,0,0,0,0,0,0,0,1,0,0,0,1.0,1.0,1.0,0.07692307692307693,0.07692307692307693,0.0,4,4,0
1721,55,26,29,25,10,2,18,15,4,0,11,0,0,0,0,0,0,0,0,0,1,0,1,0.9722222222222222,1.0,1.0,0.0,0.0,0.0,4,0,1
1722,55,26,29,23,12,2,18,15,4,0,11,0,0,0,0,0,0,0,0,0,0,0,0,1.0,1.0,1.0,0.0,0.0,0.0,4,0,0
1723,54,25,29,22,12,2,18,15,4,0,11,0,0,0,0,0,0,0,0,0,1,0,1,0.9714285714285714,1.0,1.0,0.0,0.0,0.0,4,0,1
1724,53,25,28,21,12,1,19,15,4,0,10,0,0,0,0,0,0,0,0,0,1,0,1,0.9705882352941176,1.0,1.0,0.0,0.0,0.0,4,0,1
1725,53,25,28,21,12,1,19,15,5,0,10,0,0,0,0,0,8,1,0,0,0,0,0,1.0,1.0,1.0,0.0,0.0,0.125,4,0,0
1726,56,27,29,24,12,1,19,15,4,0,11,0,0,0,0,0,0,0,0,1,0,0,0,1.0,1.0,1.0,0.05660377358490566,0.05660377358490566,0.0,4,3,0
1727,55,27,28,24,11,1,19,15,4,0,11,0,0,0,0,0,0,0,0,0,1,0,1,0.9722222222222222,1.0,1.0,0.0,0.0,0.0,4,0,1
1728,54,26,28,23,11,1,19,15,4,0,11,0,0,0,0,0,0,0,0,0,1,0,1,0.9714285714285714,1.0,1.0,0.0,0.0,0.0,4,0,1
1729,54,26,28,21,13,1,19,15,4,0,11,0,0,0,0,0,0,0,0,0,0,0,0,1.0,1.0,1.0,0.0,0.0,0.0,4,0,0
1730,54,26,28,18,16,1,19,15,4,0,11,0,0,0,0,0,0,0,0,0,0,0,0,1.0,1.0,1.0,0.0,0.0,0.0,4,0,0
1731,58,29,29,22,16,1,19,15,3,0,11,0,0,0,0,0,0,0,0,1,0,0,0,1.0,1.0,1.0,0.07407407407407407,0.07407407407407407,0.0,4,4,0
1732,57,29,28,19,18,0,20,15,3,1,10,0,0,0,0,0,2,0,1,0,1,0,1,0.9736842105263158,1.0,1.0,0.0,0.0,0.0,4,0,1
1733,55,27,28,18,17,0,20,15,4,1,10,0,0,0,0,0,4,1,0,0,2,0,2,0.9459459459459459,1.0,1.0,0.0,0.0,0.25,4,0,2
1734,55,27,28,18,17,0,20,15,4,1,9,0,0,0,0,0,0,0,0,0,0,0,0,1.0,1.0,1.0,0.0,0.0,0.0,4,0,0
1735,55,27,28,16,19,0,20,15,4,1,9,0,0,0,0,0,7,0,0,0,0,0,0,1.0,1.0,1.0,0.0,0.0,0.0,4,0,0
1736,55,27,28,16,19,0,20,15,5,1,9,0,0,0,0,0,6,1,0,0,0,1,0,1.0,1.0,1.0,0.0,0.0,0.16666666666666666,4,0,0
1737,54,26,28,15,19,0,20,15,5,1,7,0,0,0,0,0,0,0,0,0,1,0,1,0.9714285714285714,1.0,1.0,0.0,0.0,0.0,4,0,1
1738,54,26,28,15,19,0,20,15,7,1,7,0,0,0,0,0,6,2,0,0,0,0,0,1.0,1.0,1.0,0.0,0.0,0.3333333333333333,4,0,0
1739,58,27,31,19,19,0,20,15,6,1,8,0,0,0,0,0,0,0,0,1,0,1,0,1.0,1.0,1.0,0.07407407407407407,0.07407407407407407,0.0,4,4,0
1740,58,27,31,17,20,1,20,15,6,1,8,0,0,0,0,0,0,0,0,0,0,0,0,1.0,1.0,1.0,0.0,0.0,0.0,4,0,0
1741,57,27,30,14,22,1,20,15,6,1,7,0,0,0,0,0,0,0,0,0,1,0,1,0.972972972972973,1.0,1.0,0.0,0.0,0.0,4,0,1
1742,56,26,30,14,21,1,20,15,6,1,6,0,0,0,0,0,1,0,0,0,1,0,1,0.9722222222222222,1.0,1.0,0.0,0.0,0.0,4,0,1
1743,55,26,29,14,19,2,20,15,8,1,5,0,0,0,0,0,13,2,0,0,1,0,1,0.9705882352941176,1.0,1.0,0.0,0.0,0.15384615384615385,4,0,1
1744,54,25,29,14,18,2,20,15,9,1,5,0,0,0,0,0,3,1,0,0,1,0,1,0.9696969696969697,1.0,1.0,0.0,0.0,0.3333333333333333,4,0,1
1745,53,24,29,13,18,2,20,15,9,1,5,0,0,0,0,0,0,0,0,0,1,0,1,0.96875,1.0,1.0,0.0,0.0,0.0,4,0,1
1746,52,24,28,13,17,2,20,15,9,1,5,0,0,0,0,0,0,0,0,0,1,0,1,0.967741935483871,1.0,1.0,0.0,0.0,0.0,4,0,1
1747,52,24,28,13,17,2,20,15,9,1,5,0,0,0,0,0,0,0,0,0,0,0,0,1.0,1.0,1.0,0.0,0.0,0.0,4,0,0
1748,52,24,28,13,17,2,20,15,9,1,5,0,0,0,0,0,0,0,0,0,0,0,0,1.0,1.0,1.0,0.0,0.0,0.0,4,0,0
1749,52,24,28,13,17,2,20,15,9,1,5,0,0,0,0,0,0,0,0,0,0,0,0,1.0,1.0,1.0,0.0,0.0,0.0,4,0,0
1750,52,24,28,13,17,2,20,15,9,1,5,0,0,0,0,0,0,0,0,0,0,0,0,1.0,1.0,1.0,0.0,0.0,0.0,4,0,0
1751,52,24,28,13,17,2,20,15,9,1,5,0,0,0,0,0,0,0,0,0,0,0,0,1.0,1.0,1.0,0.0,0.0,0.0,4,0,0
1752,48,23,25,12,15,2,19,14,8,1,5,0,0,0,0,0,0,0,0,0,3,0,3,0.9,1.0,0.9333333333333333,0.0,0.0,0.0,4,0,4
1753,48,23,25,12,15,2,19,14,8,1,5,0,0,0,0,0,0,0,0,0,0,0,0,1.0,1.0,1.0,0.0,0.0,0.0,4,0,0
1754,48,23,25,12,15,2,19,14,8,1,5,0,0,0,0,0,0,0,0,0,0,1,0,1.0,1.0,1.0,0.0,0.0,0.0,4,0,0
1755,48,23,25,12,15,2,19,14,8,1,5,0,0,0,0,0,0,0,0,0,0,0,0,1.0,1.0,1.0,0.0,0.0,0.0,4,0,0
1756,48,23,25,10,17,2,19,14,8,1,5,0,0,0,0,0,0,0,0,0,0,0,0,1.0,1.0,1.0,0.0,0.0,0.0,4,0,0
1757,48,23,25,10,17,2,19,14,8,1,5,0,0,0,0,0,0,0,0,0,0,0,0,1.0,1.0,1.0,0.0,0.0,0.0,4,0,0
1758,48,23,25,10,16,3,19,14,8,1,4,0,0,0,0,0,0,0,0,0,0,0,0,1.0,1.0,1.0,0.0,0.0,0.0,4,0,0
1759,48,23,25,10,16,3,19,14,9,1,4,0,0,0,0,0,5,1,0,0,0,0,0,1.0,1.0,1.0,0.0,0.0,0.2,4,0,0
1760,48,23,25,10,16,3,19,14,9,1,4,0,0,0,0,0,0,0,0,0,0,0,0,1.0,1.0,1.0,0.0,0.0,0.0,4,0,0
1761,48,23,25,10,16,3,19,14,9,1,4,0,0,0,0,0,0,0,0,0,0,0,0,1.0,1.0,1.0,0.0,0.0,0.0,4,0,0
1762,48,23,25,10,16,3,19,14,9,1,4,0,0,0,0,0,0,0,0,0,0,0,0,1.0,1.0,1.0,0.0,0.0,0.0,4,0,0
1763,48,23,25,7,19,3,19,14,9,1,4,0,0,0,0,0,0,0,0,0,0,0,0,1.0,1.0,1.0,0.0,0.0,0.0,4,0,0
1764,46,23,23,7,18,3,18,13,8,1,4,0,0,0,0,0,0,0,0,0,1,0,1,0.9615384615384616,1.0,0.9285714285714286,0.0,0.0,0.0,4,0,2
1765,46,23,23,7,18,3,18,13,8,1,3,0,0,0,0,0,0,0,0,0,0,0,0,1.0,1.0,1.0,0.0,0.0,0.0,4,0,0
1766,46,23,23,7,18,3,18,13,8,1,3,0,0,0,0,0,0,0,0,0,0,0,0,1.0,1.0,1.0,0.0,0.0,0.0,4,0,0
1767,45,23,22,7,17,3,18,13,8,1,3,0,0,0,0,0,0,0,0,0,1,0,1,0.96,1.0,1.0,0.0,0.0,0.0,4,0,1
1768,45,23,22,7,17,3,18,13,8,1,3,0,0,0,0,0,0,0,0,0,0,0,0,1.0,1.0,1.0,0.0,0.0,0.0,4,0,0
1769,45,23,22,5,19,3,18,13,8,1,3,0,0,0,0,0,0,0,0,0,0,0,0,1.0,1.0,1.0,0.0,0.0,0.0,4,0,0
1770,45,23,22,5,19,3,18,13,8,1,3,0,0,0,0,0,0,0,0,0,0,0,0,1.0,1.0,1.0,0.0,0.0,0.0,4,0,0
1771,45,23,22,5,19,3,18,13,8,1,2,0,0,0,0,0,0,0,0,0,0,0,0,1.0,1.0,1.0,0.0,0.0,0.0,4,0,0
1772,45,23,22,5,19,3,18,13,8,1,2,0,0,0,0,0,0,0,0,0,0,0,0,1.0,1.0,1.0,0.0,0.0,0.0,4,0,0
1773,45,23,22,5,19,3,18,13,8,1,2,0,0,0,0,0,0,0,0,0,0,0,0,1.0,1.0,1.0,0.0,0.0,0.0,4,0,0
1774,45,23,22,1,23,3,18,13,8,1,2,0,0,0,0,0,0,0,0,0,0,0,0,1.0,1.0,1.0,0.0,0.0,0.0,4,0,0
1775,45,23,22,1,23,3,18,13,8,1,2,0,0,0,0,0,0,0,0,0,0,0,0,1.0,1.0,1.0,0.0,0.0,0.0,4,0,0
1776,44,22,22,1,22,3,18,13,8,1,1,0,0,0,0,0,0,0,0,0,1,0,1,0.9583333333333334,1.0,1.0,0.0,0.0,0.0,4,0,1
1777,42,21,21,1,22,3,16,12,7,0,1,0,0,0,0,0,0,0,0,0,0,0,0,1.0,0.8,0.9230769230769231,0.0,0.0,0.0,4,0,2
1778,42,21,21,1,22,3,16,12,7,0,1,0,0,0,0,0,0,0,0,0,0,0,0,1.0,1.0,1.0,0.0,0.0,0.0,4,0,0
1779,42,21,21,1,22,3,16,12,7,0,1,0,0,0,0,0,0,0,0,0,0,0,0,1.0,1.0,1.0,0.0,0.0,0.0,4,0,0
1780,42,21,21,1,22,3,16,12,7,0,1,0,0,0,0,0,0,0,0,0,0,0,0,1.0,1.0,1.0,0.0,0.0,0.0,4,0,0
1781,42,21,21,1,22,3,16,12,7,0,1,0,0,0,0,0,0,0,0,0,0,0,0,1.0,1.0,1.0,0.0,0.0,0.0,4,0,0
1782,45,22,23,3,23,3,16,12,6,0,2,0,0,0,0,0,0,0,0,1,0,0,0,1.0,1.0,1.0,0.07142857142857142,0.07142857142857142,0.0,4,3,0
1783,45,22,23,3,23,3,16,12,6,0,2,0,0,0,0,0,0,0,0,0,0,0,0,1.0,1.0,1.0,0.0,0.0,0.0,4,0,0
1784,45,22,23,3,23,3,16,12,6,0,1,0,0,0,0,0,0,0,0,0,0,0,0,1.0,1.0,1.0,0.0,0.0,0.0,4,0,0
1785,45,22,23,3,23,3,16,12,6,0,1,0,0,0,0,0,0,0,0,0,0,0,0,1.0,1.0,1.0,0.0,0.0,0.0,4,0,0
1786,44,21,23,3,22,3,16,12,6,0,1,0,0,0,0,0,0,0,0,0,1,0,1,0.9615384615384616,1.0,1.0,0.0,0.0,0.0,4,0,1
1787,43,20,23,3,22,2,16,12,6,0,1,0,0,0,0,0,0,0,0,0,0,0,0,1.0,1.0,1.0,0.0,0.0,0.0,4,0,1
1788,43,20,23,3,22,1,17,13,6,0,1,0,0,0,0,0,0,0,0,0,0,0,0,1.0,1.0,1.0,0.0,0.0,0.0,4,0,0
1789,43,20,23,3,22,1,17,13,6,0,1,0,0,0,0,0,0,0,0,0,0,0,0,1.0,1.0,1.0,0.0,0.0,0.0,4,0,0
1790,43,20,23,3,22,1,17,13,6,0,1,0,0,0,0,0,0,0,0,0,0,0,0,1.0,1.0,1.0,0.0,0.0,0.0,4,0,0
1791,43,20,23,3,22,1,17,13,6,0,1,0,0,0,0,0,0,0,0,0,0,0,0,1.0,1.0,1.0,0.0,0.0,0.0,4,0,0
1792,43,20,23,3,22,1,17,13,6,0,1,0,0,0,0,0,0,0,0,0,0,0,0,1.0,1.0,1.0,0.0,0.0,0.0,4,0,0
1793,43,20,23,3,22,1,17,13,6,0,1,0,0,0,0,0,0,0,0,0,0,0,0,1.0,1.0,1.0,0.0,0.0,0.0,4,0,0
1794,43,20,23,3,22,1,17,13,6,0,1,0,0,0,0,0,0,0,0,0,0,0,0,1.0,1.0,1.0,0.0,0.0,0.0,4,0,0
1795,42,20,22,2,22,1,17,13,6,0,1,0,0,0,0,0,0,0,0,0,1,0,1,0.96,1.0,1.0,0.0,0.0,0.0,4,0,1
1796,42,20,22,2,22,1,17,13,6,0,1,0,0,0,0,0,0,0,0,0,0,0,0,1.0,1.0,1.0,0.0,0.0,0.0,4,0,0
1797,42,20,22,2,22,1,17,13,6,0,1,0,0,0,0,0,0,0,0,0,0,0,0,1.0,1.0,1.0,0.0,0.0,0.0,4,0,0
1798,46,21,25,6,22,1,17,13,5,0,2,0,0,0,0,0,0,0,0,1,0,0,0,1.0,1.0,1.0,0.09523809523809523,0.09523809523809523,0.0,4,4,0
1799,46,21,25,6,22,1,17,13,5,0,2,0,0,0,0,0,0,0,0,0,0,0,0,1.0,1.0,1.0,0.0,0.0,0.0,4,0,0
1800,46,21,25,6,22,1,17,13,5,0,2,0,0,0,0,0,0,0,0,0,0,0,0,1.0,1.0,1.0,0.0,0.0,0.0,4,0,0
1801,46,21,25,6,22,1,17,13,5,0,2,0,0,0,0,0,0,0,0,0,0,0,0,1.0,1.0,1.0,0.0,0.0,0.0,4,0,0
1802,46,21,25,6,22,1,17,13,5,0,2,0,0,0,0,0,0,0,0,0,0,0,0,1.0,1.0,1.0,0.0,0.0,0.0,4,0,0
1803,50,22,28,10,22,1,17,13,4,0,3,0,0,0,0,0,0,0,0,1,0,0,0,1.0,1.0,1.0,0.08695652173913043,0.08695652173913043,0.0,4,4,0
1804,50,22,28,10,22,1,17,13,4,0,3,0,0,0,0,0,0,0,0,0,0,0,0,1.0,1.0,1.0,0.0,0.0,0.0,4,0,0
1805,50,22,28,10,22,1,17,13,4,0,3,0,0,0,0,0,0,0,0,0,0,0,0,1.0,1.0,1.0,0.0,0.0,0.0,4,0,0
1806,49,21,28,10,21,1,17,13,4,0,3,0,0,0,0,0,0,0,0,0,1,0,1,0.96875,1.0,1.0,0.0,0.0,0.0,4,0,1
1807,49,21,28,10,21,1,17,13,4,0,3,0,0,0,0,0,0,0,0,0,0,0,0,1.0,1.0,1.0,0.0,0.0,0.0,4,0,0
1808,56,24,32,18,20,1,17,13,2,0,5,0,0,0,0,0,0,0,0,2,1,0,1,0.967741935483871,1.0,1.0,0.16326530612244897,0.16326530612244897,0.0,4,8,1
1809,59,25,34,21,20,1,17,13,1,0,6,0,0,0,0,0,0,0,0,1,0,0,0,1.0,1.0,1.0,0.05357142857142857,0.05357142857142857,0.0,4,3,0
1810,59,25,34,21,20,1,17,13,1,0,6,0,0,0,0,0,0,0,0,0,0,0,0,1.0,1.0,1.0,0.0,0.0,0.0,4,0,0
1811,57,23,34,19,20,1,17,13,1,0,6,0,0,0,0,0,0,0,0,0,2,0,2,0.9512195121951219,1.0,1.0,0.0,0.0,0.0,4,0,2
1812,56,23,33,19,19,1,17,13,1,0,6,0,0,0,0,0,0,0,0,0,1,0,1,0.9743589743589743,1.0,1.0,0.0,0.0,0.0,4,0,1
1813,56,23,33,19,19,1,17,13,1,0,6,0,0,0,0,0,0,0,0,0,0,0,0,1.0,1.0,1.0,0.0,0.0,0.0,4,0,0
1814,54,21,33,18,18,1,17,13,1,0,6,0,0,0,0,0,0,0,0,0,2,0,2,0.9473684210526316,1.0,1.0,0.0,0.0,0.0,4,0,2
1815,52,20,32,17,17,1,17,13,1,0,6,0,0,0,0,0,0,0,0,0,2,0,2,0.9444444444444444,1.0,1.0,0.0,0.0,0.0,4,0,2
1816,51,19,32,17,16,1,17,13,1,0,6,0,0,0,0,0,0,0,0,0,1,0,1,0.9705882352941176,1.0,1.0,0.0,0.0,0.0,4,0,1
1817,51,19,32,17,16,1,17,13,1,0,6,0,0,0,0,0,0,0,0,0,0,0,0,1.0,1.0,1.0,0.0,0.0,0.0,4,0,0
1818,51,19,32,17,16,1,17,13,1,0,6,0,0,0,0,0,0,0,0,0,0,0,0,1.0,1.0,1.0,0.0,0.0,0.0,4,0,0
1819,50,19,31,17,15,1,17,13,1,0,6,0,0,0,0,0,0,0,0,0,1,0,1,0.9696969696969697,1.0,1.0,0.0,0.0,0.0,4,0,1
1820,50,19,31,17,15,1,17,13,1,0,6,0,0,0,0,0,0,0,0,0,0,0,0,1.0,1.0,1.0,0.0,0.0,0.0,4,0,0
1821,50,19,31,17,15,1,17,13,1,0,6,0,0,0,0,0,0,0,0,0,0,0,0,1.0,1.0,1.0,0.0,0.0,0.0,4,0,0
1822,50,19,31,17,15,1,17,13,1,0,6,0,0,0,0,0,0,0,0,0,0,0,0,1.0,1.0,1.0,0.0,0.0,0.0,4,0,0
1823,50,19,31,17,15,1,17,13,1,0,6,0,0,0,0,0,0,0,0,0,0,0,0,1.0,1.0,1.0,0.0,0.0,0.0,4,0,0
1824,54,21,33,21,15,1,17,13,0,0,7,0,0,0,0,0,0,0,0,1,0,0,0,1.0,1.0,1.0,0.08,0.08,0.0,4,4,0
1825,53,20,33,21,14,1,17,13,0,0,7,0,0,0,0,0,0,0,0,0,1,0,1,0.9722222222222222,1.0,1.0,0.0,0.0,0.0,4,0,1
1826,53,20,33,21,14,1,17,13,0,0,7,0,0,0,0,0,0,0,0,0,0,0,0,1.0,1.0,1.0,0.0,0.0,0.0,4,0,0
1827,52,19,33,21,13,1,17,13,0,0,6,0,0,0,0,0,0,0,0,0,1,0,1,0.9714285714285714,1.0,1.0,0.0,0.0,0.0,4,0,1
1828,51,19,32,20,13,1,17,13,0,0,6,0,0,0,0,0,0,0,0,0,1,0,1,0.9705882352941176,1.0,1.0,0.0,0.0,0.0,4,0,1
1829,50,18,32,19,13,1,17,13,0,0,6,0,0,0,0,0,0,0,0,0,1,0,1,0.9696969696969697,1.0,1.0,0.0,0.0,0.0,4,0,1
1830,50,18,32,19,13,1,17,13,0,0,6,0,0,0,0,0,0,0,0,0,0,0,0,1.0,1.0,1.0,0.0,0.0,0.0,4,0,0
1831,50,18,32,19,13,1,17,13,0,0,6,0,0,0,0,0,0,0,0,0,0,0,0,1.0,1.0,1.0,0.0,0.0,0.0,4,0,0
1832,50,18,32,19,13,1,17,13,0,0,6,0,0,0,0,0,0,0,0,0,0,0,0,1.0,1.0,1.0,0.0,0.0,0.0,4,0,0
1833,50,18,32,19,13,1,17,13,0,0,6,0,0,0,0,0,0,0,0,0,0,0,0,1.0,1.0,1.0,0.0,0.0,0.0,4,0,0
1834,50,18,32,19,13,1,17,13,0,0,6,0,0,0,0,0,0,0,0,0,0,0,0,1.0,1.0,1.0,0.0,0.0,0.0,4,0,0
1835,50,18,32,19,13,1,17,13,0,0,6,0,0,0,0,0,0,0,0,0,0,0,0,1.0,1.0,1.0,0.0,0.0,0.0,4,0,0
1836,50,18,32,19,13,1,17,13,0,0,6,0,0,0,0,0,0,0,0,0,0,0,0,1.0,1.0,1.0,0.0,0.0,0.0,4,0,0
1837,50,18,32,19,13,1,17,13,0,0,6,0,0,0,0,0,0,0,0,0,0,0,0,1.0,1.0,1.0,0.0,0.0,0.0,4,0,0
1838,49,18,31,18,13,1,17,13,0,0,6,0,0,0,0,0,0,0,0,0,1,0,1,0.96875,1.0,1.0,0.0,0.0,0.0,4,0,1
1839,49,18,31,18,13,1,17,13,0,0,6,0,0,0,0,0,0,0,0,0,0,0,0,1.0,1.0,1.0,0.0,0.0,0.0,4,0,0
1840,49,18,31,18,13,1,17,13,0,0,6,0,0,0,0,0,0,0,0,0,0,0,0,1.0,1.0,1.0,0.0,0.0,0.0,4,0,0
1841,49,18,31,15,16,1,17,13,0,0,6,0,0,0,0,0,0,0,0,0,0,0,0,1.0,1.0,1.0,0.0,0.0,0.0,4,0,0
1842,49,18,31,15,16,1,17,13,0,0,6,0,0,0,0,0,0,0,0,0,0,0,0,1.0,1.0,1.0,0.0,0.0,0.0,4,0,0
1843,49,18,31,15,16,1,17,13,0,0,5,0,0,0,0,0,0,0,0,0,0,0,0,1.0,1.0,1.0,0.0,0.0,0.0,4,0,0
1844,49,18,31,15,16,1,17,13,0,0,5,0,0,0,0,0,0,0,0,0,0,0,0,1.0,1.0,1.0,0.0,0.0,0.0,4,0,0
1845,49,18,31,15,16,1,17,13,0,0,5,0,0,0,0,0,0,0,0,0,0,0,0,1.0,1.0,1.0,0.0,0.0,0.0,4,0,0
1846,49,18,31,12,19,1,17,13,0,0,5,0,0,0,0,0,0,0,0,0,0,0,0,1.0,1.0,1.0,0.0,0.0,0.0,4,0,0
1847,48,18,30,11,19,1,17,13,0,0,5,0,0,0,0,0,0,0,0,0,1,0,1,0.967741935483871,1.0,1.0,0.0,0.0,0.0,4,0,1
1848,47,18,29,11,18,1,17,13,0,0,4,0,0,0,0,0,0,0,0,0,1,0,1,0.9666666666666667,1.0,1.0,0.0,0.0,0.0,4,0,1
1849,46,17,29,11,17,1,17,13,0,0,4,0,0,0,0,0,0,0,0,0,1,0,1,0.9655172413793104,1.0,1.0,0.0,0.0,0.0,4,0,1
1850,46,17,29,11,17,1,17,13,0,0,4,0,0,0,0,0,0,0,0,0,0,0,0,1.0,1.0,1.0,0.0,0.0,0.0,4,0,0
1851,46,17,29,6,22,1,17,13,0,0,4,0,0,0,0,0,0,0,0,0,0,1,0,1.0,1.0,1.0,0.0,0.0,0.0,4,0,0
1852,46,17,29,3,25,1,17,13,0,0,4,0,0,0,0,0,0,0,0,0,0,0,0,1.0,1.0,1.0,0.0,0.0,0.0,4,0,0
1853,46,17,29,3,25,0,18,14,0,0,2,0,0,0,0,0,0,0,0,0,0,0,0,1.0,1.0,1.0,0.0,0.0,0.0,4,0,0
1854,46,17,29,3,25,0,18,14,0,0,1,0,0,0,0,0,0,0,0,0,0,0,0,1.0,1.0,1.0,0.0,0.0,0.0,4,0,0
1855,45,16,29,3,23,1,18,14,4,1,1,0,0,0,0,0,22,4,1,0,1,0,1,0.962962962962963,1.0,1.0,0.0,0.0,0.18181818181818182,4,0,1
1856,45,16,29,3,23,1,18,14,10,1,1,0,0,0,0,0,15,6,0,0,0,0,0,1.0,1.0,1.0,0.0,0.0,0.4,4,0,0
1857,45,16,29,3,23,1,18,14,11,1,1,0,0,0,0,0,6,1,0,0,0,0,0,1.0,1.0,1.0,0.0,0.0,0.16666666666666666,4,0,0
1858,45,16,29,3,23,1,18,14,11,1,1,0,0,0,0,0,3,0,0,0,0,0,0,1.0,1.0,1.0,0.0,0.0,0.0,4,0,0
1859,45,16,29,3,23,1,18,14,12,1,1,0,0,0,0,0,7,1,0,0,0,0,0,1.0,1.0,1.0,0.0,0.0,0.14285714285714285,4,0,0
1860,45,16,29,3,23,1,18,14,12,1,1,0,0,0,0,0,0,0,0,0,0,0,0,1.0,1.0,1.0,0.0,0.0,0.0,4,0,0
1861,44,15,29,3,22,1,18,14,12,1,1,0,0,0,0,0,0,0,0,0,1,0,1,0.9615384615384616,1.0,1.0,0.0,0.0,0.0,4,0,1
1862,44,15,29,3,22,1,18,14,12,1,1,0,0,0,0,0,0,0,0,0,0,0,0,1.0,1.0,1.0,0.0,0.0,0.0,4,0,0
1863,43,15,28,3,22,1,17,13,11,1,1,0,0,0,0,0,0,0,0,0,0,0,0,1.0,1.0,0.9285714285714286,0.0,0.0,0.0,4,0,1
1864,42,15,27,3,21,1,17,13,11,1,1,0,0,0,0,0,0,0,0,0,1,0,1,0.96,1.0,1.0,0.0,0.0,0.0,4,0,1
1865,42,15,27,3,21,1,17,13,11,1,1,0,0,0,0,0,0,0,0,0,0,0,0,1.0,1.0,1.0,0.0,0.0,0.0,4,0,0
1866,42,15,27,3,21,1,17,13,11,1,1,0,0,0,0,0,0,0,0,0,0,1,0,1.0,1.0,1.0,0.0,0.0,0.0,4,0,0
1867,41,15,26,0,23,1,17,13,11,1,1,0,0,0,0,0,0,0,0,0,1,1,1,0.9583333333333334,1.0,1.0,0.0,0.0,0.0,4,0,1
1868,41,15,26,0,23,1,17,13,11,1,1,0,0,0,0,0,0,0,0,0,0,0,0,1.0,1.0,1.0,0.0,0.0,0.0,4,0,0
1869,41,15,26,0,23,1,17,13,11,1,0,0,0,0,0,0,0,0,0,0,0,1,0,1.0,1.0,1.0,0.0,0.0,0.0,4,0,0
1870,41,15,26,0,22,2,17,13,12,1,0,0,0,0,0,0,6,1,0,0,0,0,0,1.0,1.0,1.0,0.0,0.0,0.16666666666666666,4,0,0
1871,41,15,26,0,21,3,17,13,12,1,0,0,0,0,0,0,0,0,0,0,0,0,0,1.0,1.0,1.0,0.0,0.0,0.0,4,0,0
1872,41,15,26,0,21,3,17,13,12,1,0,0,0,0,0,0,0,0,0,0,0,1,0,1.0,1.0,1.0,0.0,0.0,0.0,4,0,0
1873,41,15,26,0,20,4,17,13,12,1,0,0,0,0,0,0,0,0,0,0,0,0,0,1.0,1.0,1.0,0.0,0.0,0.0,4,0,0
1874,41,15,26,0,20,4,17,13,12,1,0,0,0,0,0,0,0,0,0,0,0,0,0,1.0,1.0,1.0,0.0,0.0,0.0,4,0,0
1875,41,15,26,0,20,4,17,13,12,1,0,0,0,0,0,0,0,0,0,0,0,0,0,1.0,1.0,1.0,0.0,0.0,0.0,4,0,0
1876,41,15,26,0,19,5,17,13,12,1,0,0,0,0,0,0,0,0,0,0,0,0,0,1.0,1.0,1.0,0.0,0.0,0.0,4,0,0
1877,41,15,26,0,19,5,17,13,12,1,0,0,0,0,0,0,0,0,0,0,0,1,0,1.0,1.0,1.0,0.0,0.0,0.0,4,0,0
1878,40,15,25,0,18,5,17,13,12,1,0,0,0,0,0,0,0,0,0,0,1,0,1,0.9473684210526316,1.0,1.0,0.0,0.0,0.0,4,0,1
1879,40,15,25,0,18,5,17,13,12,1,0,0,0,0,0,0,0,0,0,0,0,0,0,1.0,1.0,1.0,0.0,0.0,0.0,4,0,0
1880,40,15,25,0,18,5,17,13,12,1,0,0,0,0,0,0,0,0,0,0,0,0,0,1.0,1.0,1.0,0.0,0.0,0.0,4,0,0
1881,40,15,25,0,17,6,17,13,12,1,0,0,0,0,0,0,0,0,0,0,0,0,0,1.0,1.0,1.0,0.0,0.0,0.0,4,0,0
1882,40,15,25,0,17,6,17,13,12,1,0,0,0,0,0,0,0,0,0,0,0,0,0,1.0,1.0,1.0,0.0,0.0,0.0,4,0,0
1883,40,15,25,0,17,6,17,13,12,1,0,0,0,0,0,0,0,0,0,0,0,0,0,1.0,1.0,1.0,0.0,0.0,0.0,4,0,0
1884,40,15,25,0,17,6,17,13,12,1,0,0,0,0,0,0,0,0,0,0,0,0,0,1.0,1.0,1.0,0.0,0.0,0.0,4,0,0
1885,40,15,25,0,17,6,17,13,12,1,0,0,0,0,0,0,0,0,0,0,0,0,0,1.0,1.0,1.0,0.0,0.0,0.0,4,0,0
1886,40,15,25,0,17,6,17,13,12,1,0,0,0,0,0,0,0,0,0,0,0,0,0,1.0,1.0,1.0,0.0,0.0,0.0,4,0,0
1887,40,15,25,0,17,6,17,13,12,1,0,0,0,0,0,0,0,0,0,0,0,0,0,1.0,1.0,1.0,0.0,0.0,0.0,4,0,0
1888,40,15,25,0,17,6,17,13,12,1,0,0,0,0,0,0,0,0,0,0,0,0,0,1.0,1.0,1.0,0.0,0.0,0.0,4,0,0
1889,40,15,25,0,17,6,17,13,12,1,0,0,0,0,0,0,0,0,0,0,0,0,0,1.0,1.0,1.0,0.0,0.0,0.0,4,0,0
1890,40,15,25,0,17,6,17,13,12,1,0,0,0,0,0,0,0,0,0,0,0,0,0,1.0,1.0,1.0,0.0,0.0,0.0,4,0,0
1891,40,15,25,0,17,6,17,13,12,1,0,0,0,0,0,0,0,0,0,0,0,0,0,1.0,1.0,1.0,0.0,0.0,0.0,4,0,0
1892,40,15,25,0,17,6,17,13,12,1,0,0,0,0,0,0,0,0,0,0,0,0,0,1.0,1.0,1.0,0.0,0.0,0.0,4,0,0
1893,40,15,25,0,17,6,17,13,12,1,0,0,0,0,0,0,0,0,0,0,0,1,0,1.0,1.0,1.0,0.0,0.0,0.0,4,0,0
1894,40,15,25,0,17,6,17,13,12,1,0,0,0,0,0,0,0,0,0,0,0,0,0,1.0,1.0,1.0,0.0,0.0,0.0,4,0,0
1895,40,15,25,0,17,6,17,13,12,1,0,0,0,0,0,0,0,0,0,0,0,0,0,1.0,1.0,1.0,0.0,0.0,0.0,4,0,0
1896,40,15,25,0,17,6,17,13,12,1,0,0,0,0,0,0,0,0,0,0,0,0,0,1.0,1.0,1.0,0.0,0.0,0.0,4,0,0
1897,40,15,25,0,16,7,17,13,12,1,0,0,0,0,0,0,0,0,0,0,0,0,0,1.0,1.0,1.0,0.0,0.0,0.0,4,0,0
1898,39,14,25,0,16,6,17,13,12,1,0,0,0,0,0,0,0,0,0,0,0,0,0,1.0,1.0,1.0,0.0,0.0,0.0,4,0,1
1899,39,14,25,0,16,6,17,13,12,1,0,0,0,0,0,0,0,0,0,0,0,0,0,1.0,1.0,1.0,0.0,0.0,0.0,4,0,0
1900,39,14,25,0,16,6,17,13,12,0,0,0,0,0,0,0,0,0,0,0,0,0,0,1.0,1.0,1.0,0.0,0.0,0.0,4,0,0
1901,39,14,25,0,16,6,17,13,12,0,0,0,0,0,0,0,8,0,0,0,0,0,0,1.0,1.0,1.0,0.0,0.0,0.0,4,0,0
1902,39,14,25,0,16,6,17,13,12,0,0,0,0,0,0,0,2,0,0,0,0,0,0,1.0,1.0,1.0,0.0,0.0,0.0,4,0,0
1903,39,14,25,0,16,6,17,13,12,0,0,0,0,0,0,0,2,0,0,0,0,0,0,1.0,1.0,1.0,0.0,0.0,0.0,4,0,0
1904,39,14,25,0,16,6,17,13,13,0,0,0,0,0,0,0,7,1,0,0,0,0,0,1.0,1.0,1.0,0.0,0.0,0.14285714285714285,4,0,0
1905,39,14,25,0,16,6,17,13,13,0,0,0,0,0,0,0,0,0,0,0,0,0,0,1.0,1.0,1.0,0.0,0.0,0.0,4,0,0
1906,39,14,25,0,16,6,17,13,13,0,0,0,0,0,0,0,0,0,0,0,0,0,0,1.0,1.0,1.0,0.0,0.0,0.0,4,0,0
1907,39,14,25,0,16,6,17,13,13,0,0,0,0,0,0,0,0,0,0,0,0,0,0,1.0,1.0,1.0,0.0,0.0,0.0,4,0,0
1908,39,14,25,0,16,6,17,13,13,0,0,0,0,0,0,0,0,0,0,0,0,0,0,1.0,1.0,1.0,0.0,0.0,0.0,4,0,0
1909,39,14,25,0,16,6,17,13,13,0,0,0,0,0,0,0,0,0,0,0,0,0,0,1.0,1.0,1.0,0.0,0.0,0.0,4,0,0
1910,39,14,25,0,16,6,17,13,13,0,0,0,0,0,0,0,0,0,0,0,0,0,0,1.0,1.0,1.0,0.0,0.0,0.0,4,0,0
1911,39,14,25,0,16,6,17,13,13,0,0,0,0,0,0,0,0,0,0,0,0,2,0,1.0,1.0,1.0,0.0,0.0,0.0,4,0,0
1912,39,14,25,0,16,6,17,13,13,0,0,0,0,0,0,0,0,0,0,0,0,0,0,1.0,1.0,1.0,0.0,0.0,0.0,4,0,0
1913,39,14,25,0,16,6,17,13,13,0,0,0,0,0,0,0,0,0,0,0,0,0,0,1.0,1.0,1.0,0.0,0.0,0.0,4,0,0
1914,39,14,25,0,16,6,17,13,13,0,0,0,0,0,0,0,0,0,0,0,0,0,0,1.0,1.0,1.0,0.0,0.0,0.0,4,0,0
1915,39,14,25,0,14,8,17,13,13,0,0,0,0,0,0,0,0,0,0,0,0,0,0,1.0,1.0,1.0,0.0,0.0,0.0,4,0,0
1916,39,14,25,0,14,8,17,13,13,0,0,0,0,0,0,0,0,0,0,0,0,0,0,1.0,1.0,1.0,0.0,0.0,0.0,4,0,0
1917,39,14,25,0,14,8,17,13,13,0,0,0,0,0,0,0,0,0,0,0,0,0,0,1.0,1.0,1.0,0.0,0.0,0.0,4,0,0
1918,39,14,25,0,14,8,17,13,13,0,0,0,0,0,0,0,0,0,0,0,0,0,0,1.0,1.0,1.0,0.0,0.0,0.0,4,0,0
1919,39,14,25,0,14,8,17,13,13,0,0,0,0,0,0,0,0,0,0,0,0,0,0,1.0,1.0,1.0,0.0,0.0,0.0,4,0,0
1920,49,17,32,10,14,8,17,13,10,0,3,0,0,0,0,0,0,0,0,3,0,0,0,1.0,1.0,1.0,0.2564102564102564,0.2564102564102564,0.0,4,10,0
1921,72,31,41,33,14,8,17,13,4,0,9,0,0,0,0,0,0,0,0,6,0,0,0,1.0,1.0,1.0,0.46938775510204084,0.46938775510204084,0.0,4,23,0
1922,75,33,42,36,14,8,17,13,3,0,10,0,0,0,0,0,0,0,0,1,0,0,0,1.0,1.0,1.0,0.041666666666666664,0.041666666666666664,0.0,4,3,0
1923,70,31,39,34,11,8,17,13,3,0,10,0,0,0,0,0,0,0,0,0,5,0,5,0.9,1.0,1.0,0.0,0.0,0.0,4,0,5
1924,67,26,41,32,10,8,17,13,2,0,11,0,0,0,0,0,0,0,0,1,6,0,6,0.8666666666666667,1.0,1.0,0.04285714285714286,0.04285714285714286,0.0,4,3,6
1925,67,26,41,32,10,8,17,13,2,0,11,0,0,0,0,0,0,0,0,0,0,0,0,1.0,1.0,1.0,0.0,0.0,0.0,4,0,0
1926,64,26,38,31,8,8,17,13,2,0,11,0,0,0,0,0,0,0,0,0,3,0,3,0.9285714285714286,1.0,1.0,0.0,0.0,0.0,4,0,3
1927,63,26,37,30,8,8,17,13,2,0,11,0,0,0,0,0,0,0,0,0,1,0,1,0.9743589743589743,1.0,1.0,0.0,0.0,0.0,4,0,1
1928,63,26,37,30,8,8,17,13,2,0,11,0,0,0,0,0,0,0,0,0,0,0,0,1.0,1.0,1.0,0.0,0.0,0.0,4,0,0
1929,60,26,34,28,7,8,17,13,2,0,11,0,0,0,0,0,0,0,0,0,3,0,3,0.9210526315789473,1.0,1.0,0.0,0.0,0.0,4,0,3
1930,60,26,34,28,7,8,17,13,2,0,11,0,0,0,0,0,0,0,0,0,0,0,0,1.0,1.0,1.0,0.0,0.0,0.0,4,0,0
1931,60,26,34,28,7,8,17,13,2,0,11,0,0,0,0,0,0,0,0,0,0,0,0,1.0,1.0,1.0,0.0,0.0,0.0,4,0,0
1932,59,26,33,27,7,8,17,13,2,0,11,0,0,0,0,0,0,0,0,0,1,0,1,0.9714285714285714,1.0,1.0,0.0,0.0,0.0,4,0,1
1933,58,25,33,26,7,8,17,13,2,0,11,0,0,0,0,0,0,0,0,0,1,0,1,0.9705882352941176,1.0,1.0,0.0,0.0,0.0,4,0,1
1934,57,25,32,26,6,8,17,13,2,0,11,0,0,0,0,0,0,0,0,0,1,0,1,0.9696969696969697,1.0,1.0,0.0,0.0,0.0,4,0,1
1935,61,28,33,30,6,8,17,13,1,0,12,0,0,0,0,0,0,0,0,1,0,0,0,1.0,1.0,1.0,0.07017543859649122,0.07017543859649122,0.0,4,4,0
1936,61,28,33,30,6,8,17,13,1,0,12,0,0,0,0,0,0,0,0,0,0,0,0,1.0,1.0,1.0,0.0,0.0,0.0,4,0,0
1937,60,28,32,29,6,8,17,13,1,0,12,0,0,0,0,0,0,0,0,0,1,0,1,0.9722222222222222,1.0,1.0,0.0,0.0,0.0,4,0,1
1938,60,28,32,29,6,8,17,13,1,0,12,0,0,0,0,0,0,0,0,0,0,0,0,1.0,1.0,1.0,0.0,0.0,0.0,4,0,0
1939,56,25,31,26,5,8,17,13,1,0,12,0,0,0,0,0,0,0,0,0,4,0,4,0.8857142857142857,1.0,1.0,0.0,0.0,0.0,4,0,4
1940,55,24,31,25,5,8,17,13,1,0,12,0,0,0,0,0,0,0,0,0,1,0,1,0.967741935483871,1.0,1.0,0.0,0.0,0.0,4,0,1
1941,55,24,31,25,5,8,17,13,1,0,12,0,0,0,0,0,0,0,0,0,0,0,0,1.0,1.0,1.0,0.0,0.0,0.0,4,0,0
1942,54,24,30,24,5,8,17,13,1,0,12,0,0,0,0,0,0,0,0,0,1,0,1,0.9666666666666667,1.0,1.0,0.0,0.0,0.0,4,0,1
1943,54,24,30,24,5,8,17,13,1,0,12,0,0,0,0,0,0,0,0,0,0,0,0,1.0,1.0,1.0,0.0,0.0,0.0,4,0,0
1944,54,24,30,24,5,8,17,13,1,0,12,0,0,0,0,0,0,0,0,0,0,0,0,1.0,1.0,1.0,0.0,0.0,0.0,4,0,0
1945,53,23,30,24,5,8,16,13,1,0,12,0,0,0,0,0,0,0,0,0,0,0,0,1.0,0.75,1.0,0.0,0.0,0.0,4,0,1
1946,53,23,30,24,5,8,16,13,1,0,12,0,0,0,0,0,0,0,0,0,0,0,0,1.0,1.0,1.0,0.0,0.0,0.0,4,0,0
1947,52,22,30,23,5,8,16,13,1,0,12,0,0,0,0,0,0,0,0,0,1,0,1,0.9655172413793104,1.0,1.0,0.0,0.0,0.0,4,0,1
1948,52,22,30,23,5,8,16,13,1,0,12,0,0,0,0,0,0,0,0,0,0,0,0,1.0,1.0,1.0,0.0,0.0,0.0,4,0,0
1949,50,21,29,21,5,8,16,13,1,0,12,0,0,0,0,0,0,0,0,0,2,0,2,0.9285714285714286,1.0,1.0,0.0,0.0,0.0,4,0,2
1950,50,21,29,21,5,8,16,13,1,0,12,0,0,0,0,0,0,0,0,0,0,0,0,1.0,1.0,1.0,0.0,0.0,0.0,4,0,0
1951,50,21,29,21,5,8,16,13,1,0,12,0,0,0,0,0,0,0,0,0,0,0,0,1.0,1.0,1.0,0.0,0.0,0.0,4,0,0
1952,50,21,29,21,5,8,16,13,1,0,12,0,0,0,0,0,0,0,0,0,0,0,0,1.0,1.0,1.0,0.0,0.0,0.0,4,0,0
1953,50,21,29,21,5,8,16,13,1,0,12,0,0,0,0,0,0,0,0,0,0,0,0,1.0,1.0,1.0,0.0,0.0,0.0,4,0,0
1954,50,21,29,21,5,8,16,13,1,0,12,0,0,0,0,0,0,0,0,0,0,0,0,1.0,1.0,1.0,0.0,0.0,0.0,4,0,0
1955,50,21,29,21,5,8,16,13,1,0,12,0,0,0,0,0,0,0,0,0,0,0,0,1.0,1.0,1.0,0.0,0.0,0.0,4,0,0
1956,50,21,29,21,5,8,16,13,1,0,12,0,0,0,0,0,0,0,0,0,0,0,0,1.0,1.0,1.0,0.0,0.0,0.0,4,0,0
1957,50,21,29,21,5,7,17,14,1,0,12,0,0,0,0,0,0,0,0,0,0,0,0,1.0,1.0,1.0,0.0,0.0,0.0,4,0,0
1958,50,21,29,21,5,7,17,14,1,0,12,0,0,0,0,0,0,0,0,0,0,0,0,1.0,1.0,1.0,0.0,0.0,0.0,4,0,0
1959,49,21,28,20,5,7,17,14,2,0,12,0,0,0,0,0,4,1,0,0,1,0,1,0.9615384615384616,1.0,1.0,0.0,0.0,0.25,4,0,1
1960,49,21,28,20,5,7,17,14,2,0,12,0,0,0,0,0,0,0,0,0,0,0,0,1.0,1.0,1.0,0.0,0.0,0.0,4,0,0
1961,49,21,28,20,5,7,17,14,2,0,12,0,0,0,0,0,0,0,0,0,0,0,0,1.0,1.0,1.0,0.0,0.0,0.0,4,0,0
1962,49,21,28,20,5,7,17,14,2,0,12,0,0,0,0,0,0,0,0,0,0,0,0,1.0,1.0,1.0,0.0,0.0,0.0,4,0,0
1963,49,21,28,15,10,7,17,14,2,0,12,0,0,0,0,0,0,0,0,0,0,0,0,1.0,1.0,1.0,0.0,0.0,0.0,4,0,0
1964,49,21,28,5,20,7,17,14,2,0,12,0,0,0,0,0,0,0,0,0,0,0,0,1.0,1.0,1.0,0.0,0.0,0.0,4,0,0
1965,49,21,28,5,20,7,17,14,2,0,9,0,0,0,0,0,0,0,0,0,0,0,0,1.0,1.0,1.0,0.0,0.0,0.0,4,0,0
1966,49,21,28,5,20,7,17,14,4,0,3,0,0,0,0,0,9,2,0,0,0,0,0,1.0,1.0,1.0,0.0,0.0,0.2222222222222222,4,0,0
1967,49,21,28,4,21,7,17,14,4,0,2,0,0,0,0,0,3,0,0,0,0,0,0,1.0,1.0,1.0,0.0,0.0,0.0,4,0,0
1968,49,21,28,4,21,7,17,14,6,0,2,0,0,0,0,0,13,2,0,0,0,0,0,1.0,1.0,1.0,0.0,0.0,0.15384615384615385,4,0,0
1969,52,21,31,7,21,7,17,14,6,0,2,0,0,0,0,0,10,1,0,1,0,0,0,1.0,1.0,1.0,0.061224489795918366,0.061224489795918366,0.1,4,3,0
1970,52,21,31,7,21,7,17,14,9,0,2,0,0,0,0,0,14,3,0,0,0,0,0,1.0,1.0,1.0,0.0,0.0,0.21428571428571427,4,0,0
1971,52,21,31,7,21,7,17,14,11,0,2,0,0,0,0,0,7,2,0,0,0,0,0,1.0,1.0,1.0,0.0,0.0,0.2857142857142857,4,0,0
1972,52,21,31,7,21,7,17,14,11,0,2,0,0,0,0,0,0,0,0,0,0,0,0,1.0,1.0,1.0,0.0,0.0,0.0,4,0,0
1973,52,21,31,7,21,7,17,14,11,0,2,0,0,0,0,0,0,0,0,0,0,0,0,1.0,1.0,1.0,0.0,0.0,0.0,4,0,0
1974,52,21,31,7,21,7,17,14,11,0,2,0,0,0,0,0,0,0,0,0,0,0,0,1.0,1.0,1.0,0.0,0.0,0.0,4,0,0
1975,50,20,30,6,20,7,17,14,11,0,2,0,0,0,0,0,0,0,0,0,2,0,2,0.9285714285714286,1.0,1.0,0.0,0.0,0.0,4,0,2
1976,50,20,30,6,20,7,17,14,11,0,2,0,0,0,0,0,0,0,0,0,0,0,0,1.0,1.0,1.0,0.0,0.0,0.0,4,0,0
1977,50,20,30,6,20,7,17,14,11,0,2,0,0,0,0,0,0,0,0,0,0,0,0,1.0,1.0,1.0,0.0,0.0,0.0,4,0,0
1978,50,20,30,3,23,7,17,14,11,0,2,0,0,0,0,0,0,0,0,0,0,0,0,1.0,1.0,1.0,0.0,0.0,0.0,4,0,0
1979,49,20,29,3,22,7,17,14,11,0,2,0,0,0,0,0,0,0,0,0,1,0,1,0.9615384615384616,1.0,1.0,0.0,0.0,0.0,4,0,1
1980,49,20,29,3,22,7,17,14,12,0,1,0,0,0,0,0,8,1,0,0,0,0,0,1.0,1.0,1.0,0.0,0.0,0.125,4,0,0
1981,48,20,28,2,22,7,17,14,12,0,1,0,0,0,0,0,7,0,0,0,1,0,1,0.96,1.0,1.0,0.0,0.0,0.0,4,0,1
1982,48,20,28,2,22,7,17,14,12,1,1,0,0,0,0,0,3,0,1,0,0,0,0,1.0,1.0,1.0,0.0,0.0,0.0,4,0,0
1983,48,20,28,2,22,7,17,14,12,1,1,0,0,0,0,0,0,0,0,0,0,0,0,1.0,1.0,1.0,0.0,0.0,0.0,4,0,0
1984,48,20,28,2,22,7,17,14,12,1,1,0,0,0,0,0,0,0,0,0,0,0,0,1.0,1.0,1.0,0.0,0.0,0.0,4,0,0
1985,47,20,27,2,21,7,17,14,12,1,1,0,0,0,0,0,0,0,0,0,1,0,1,0.9583333333333334,1.0,1.0,0.0,0.0,0.0,4,0,1
1986,47,20,27,2,21,6,18,15,12,1,1,0,0,0,0,0,1,0,0,0,0,0,0,1.0,1.0,1.0,0.0,0.0,0.0,4,0,0
1987,47,20,27,2,21,6,18,15,13,1,1,0,0,0,0,0,7,1,0,0,0,0,0,1.0,1.0,1.0,0.0,0.0,0.14285714285714285,4,0,0
1988,47,20,27,2,21,6,18,15,13,1,1,0,0,0,0,0,0,0,0,0,0,1,0,1.0,1.0,1.0,0.0,0.0,0.0,4,0,0
1989,46,19,27,2,21,5,18,15,13,1,1,0,0,0,0,0,0,0,0,0,0,1,0,1.0,1.0,1.0,0.0,0.0,0.0,4,0,1
1990,46,19,27,2,21,4,19,15,13,1,1,0,0,0,0,0,0,0,0,0,0,0,0,1.0,1.0,1.0,0.0,0.0,0.0,4,0,0
1991,46,19,27,2,21,4,19,15,13,1,1,0,0,0,0,0,0,0,0,0,0,0,0,1.0,1.0,1.0,0.0,0.0,0.0,4,0,0
1992,46,19,27,2,20,5,19,15,13,1,1,0,0,0,0,0,0,0,0,0,0,0,0,1.0,1.0,1.0,0.0,0.0,0.0,4,0,0
1993,46,19,27,2,19,6,19,15,13,1,1,0,0,0,0,0,0,0,0,0,0,0,0,1.0,1.0,1.0,0.0,0.0,0.0,4,0,0
1994,45,18,27,2,18,6,19,15,13,1,1,0,0,0,0,0,0,0,0,0,1,0,1,0.9523809523809523,1.0,1.0,0.0,0.0,0.0,4,0,1
1995,45,18,27,2,18,6,19,15,13,1,1,0,0,0,0,0,0,0,0,0,0,0,0,1.0,1.0,1.0,0.0,0.0,0.0,4,0,0
1996,45,18,27,2,18,6,19,15,13,1,1,0,0,0,0,0,0,0,0,0,0,0,0,1.0,1.0,1.0,0.0,0.0,0.0,4,0,0
1997,45,18,27,2,18,6,19,15,13,1,1,0,0,0,0,0,0,0,0,0,0,0,0,1.0,1.0,1.0,0.0,0.0,0.0,4,0,0
1998,44,17,27,2,17,6,19,15,13,1,1,0,0,0,0,0,0,0,0,0,1,0,1,0.95,1.0,1.0,0.0,0.0,0.0,4,0,1
1999,44,17,27,2,17,6,19,15,13,1,1,0,0,0,0,0,0,0,0,0,0,0,0,1.0,1.0,1.0,0.0,0.0,0.0,4,0,0
2000,44,17,27,2,17,6,19,15,13,1,1,0,0,0,0,0,0,0,0,0,0,0,0,1.0,1.0,1.0,0.0,0.0,0.0,4,0,0
2001,44,17,27,2,17,6,19,15,13,1,1,0,0,0,0,0,0,0,0,0,0,0,0,1.0,1.0,1.0,0.0,0.0,0.0,4,0,0
2002,44,17,27,2,17,6,19,15,13,1,1,0,0,0,0,0,0,0,0,0,0,0,0,1.0,1.0,1.0,0.0,0.0,0.0,4,0,0
2003,44,17,27,2,17,6,19,15,13,1,1,0,0,0,0,0,0,0,0,0,0,0,0,1.0,1.0,1.0,0.0,0.0,0.0,4,0,0
2004,44,17,27,2,17,6,19,15,13,1,1,0,0,0,0,0,0,0,0,0,0,1,0,1.0,1.0,1.0,0.0,0.0,0.0,4,0,0
2005,44,17,27,2,17,6,19,15,13,1,1,0,0,0,0,0,0,0,0,0,0,0,0,1.0,1.0,1.0,0.0,0.0,0.0,4,0,0
2006,44,17,27,2,17,5,20,15,13,1,1,0,0,0,0,0,0,0,0,0,0,0,0,1.0,1.0,1.0,0.0,0.0,0.0,4,0,0
2007,44,17,27,2,17,5,20,15,13,1,1,0,0,0,0,0,0,0,0,0,0,0,0,1.0,1.0,1.0,0.0,0.0,0.0,4,0,0
2008,42,16,26,2,15,6,19,14,12,1,1,0,0,1,1,0,0,0,0,0,1,0,2,0.9444444444444444,1.0,0.9333333333333333,0.0,0.0,0.0,4,0,2
2009,39,15,24,1,15,6,17,13,11,1,1,0,0,1,2,0,0,0,0,0,1,0,3,0.9411764705882353,0.8,0.9285714285714286,0.0,0.0,0.0,4,0,3
2010,38,15,23,1,14,6,17,13,11,1,1,0,0,0,1,0,0,0,0,0,1,0,1,0.9375,1.0,1.0,0.0,0.0,0.0,4,0,1
2011,37,15,22,1,14,6,16,12,10,1,1,0,0,0,1,0,0,0,0,0,0,0,1,1.0,1.0,0.9230769230769231,0.0,0.0,0.0,4,0,1
2012,36,15,21,0,15,6,15,11,9,1,1,0,0,0,1,0,0,0,0,0,0,0,1,1.0,1.0,0.9166666666666666,0.0,0.0,0.0,4,0,1
2013,35,15,20,0,15,5,15,11,9,1,1,0,0,0,1,0,0,0,0,0,0,0,1,1.0,1.0,1.0,0.0,0.0,0.0,4,0,1
2014,34,15,19,0,15,5,14,10,8,1,0,0,0,0,1,0,0,0,0,0,0,0,1,1.0,1.0,0.9090909090909091,0.0,0.0,0.0,4,0,1
2015,34,15,19,0,15,5,14,10,9,1,0,0,0,0,0,0,8,1,0,0,0,0,0,1.0,1.0,1.0,0.0,0.0,0.125,4,0,0
2016,34,15,19,0,15,4,15,10,9,1,0,0,0,0,0,0,0,0,0,0,0,0,0,1.0,1.0,1.0,0.0,0.0,0.0,4,0,0
2017,34,15,19,0,15,4,15,10,9,1,0,0,0,0,0,0,0,0,0,0,0,0,0,1.0,1.0,1.0,0.0,0.0,0.0,4,0,0
2018,34,15,19,0,15,4,15,10,9,1,0,0,0,0,0,0,0,0,0,0,0,0,0,1.0,1.0,1.0,0.0,0.0,0.0,4,0,0
2019,34,15,19,0,15,4,15,10,9,1,0,0,0,0,0,0,0,0,0,0,0,0,0,1.0,1.0,1.0,0.0,0.0,0.0,4,0,0
2020,34,15,19,0,15,4,15,10,9,1,0,0,0,0,0,0,0,0,0,0,0,0,0,1.0,1.0,1.0,0.0,0.0,0.0,4,0,0
2021,33,14,19,0,14,4,15,10,9,1,0,0,0,0,0,0,0,0,0,0,1,0,1,0.9333333333333333,1.0,1.0,0.0,0.0,0.0,4,0,1
2022,33,14,19,0,14,4,15,10,9,1,0,0,0,0,0,0,0,0,0,0,0,0,0,1.0,1.0,1.0,0.0,0.0,0.0,4,0,0
2023,33,14,19,0,14,3,16,11,9,1,0,0,0,0,0,0,0,0,0,0,0,0,0,1.0,1.0,1.0,0.0,0.0,0.0,4,0,0
2024,36,14,22,3,14,3,16,11,9,1,1,0,0,0,0,0,8,1,0,1,0,0,0,1.0,1.0,1.0,0.09090909090909091,0.09090909090909091,0.125,4,3,0
2025,36,14,22,3,14,3,16,11,9,1,1,0,0,0,0,0,0,0,0,0,0,0,0,1.0,1.0,1.0,0.0,0.0,0.0,4,0,0
2026,36,14,22,3,14,3,16,11,9,1,1,0,0,0,0,0,0,0,0,0,0,0,0,1.0,1.0,1.0,0.0,0.0,0.0,4,0,0
2027,36,14,22,3,14,3,16,11,9,0,1,0,0,0,0,0,0,0,0,0,0,0,0,1.0,1.0,1.0,0.0,0.0,0.0,4,0,0
2028,36,14,22,3,14,3,16,11,10,0,1,0,0,0,0,0,3,1,0,0,0,0,0,1.0,1.0,1.0,0.0,0.0,0.3333333333333333,4,0,0
2029,36,14,22,3,14,3,16,11,10,0,1,0,0,0,0,0,0,0,0,0,0,0,0,1.0,1.0,1.0,0.0,0.0,0.0,4,0,0
2030,36,14,22,3,14,3,16,11,10,0,1,0,0,0,0,0,0,0,0,0,0,0,0,1.0,1.0,1.0,0.0,0.0,0.0,4,0,0
2031,39,15,24,6,14,3,16,11,9,0,2,0,0,0,0,0,0,0,0,1,0,0,0,1.0,1.0,1.0,0.08333333333333333,0.08333333333333333,0.0,4,3,0
2032,39,15,24,6,14,3,16,11,9,0,2,0,0,0,0,0,0,0,0,0,0,0,0,1.0,1.0,1.0,0.0,0.0,0.0,4,0,0
2033,39,15,24,6,14,3,16,11,9,0,2,0,0,0,0,0,0,0,0,0,0,0,0,1.0,1.0,1.0,0.0,0.0,0.0,4,0,0
2034,42,16,26,9,14,3,16,11,8,0,3,0,0,0,0,0,0,0,0,1,0,0,0,1.0,1.0,1.0,0.07692307692307693,0.07692307692307693,0.0,4,3,0
2035,48,18,30,15,14,3,16,11,6,0,5,0,0,0,0,0,0,0,0,2,0,0,0,1.0,1.0,1.0,0.14285714285714285,0.14285714285714285,0.0,4,6,0
2036,51,19,32,18,14,3,16,11,5,0,6,0,0,0,0,0,0,0,0,1,0,0,0,1.0,1.0,1.0,0.0625,0.0625,0.0,4,3,0
2037,51,19,32,18,14,3,16,11,5,0,6,0,0,0,0,0,0,0,0,0,0,0,0,1.0,1.0,1.0,0.0,0.0,0.0,4,0,0
2038,51,19,32,18,14,3,16,11,5,0,6,0,0,0,0,0,0,0,0,0,0,0,0,1.0,1.0,1.0,0.0,0.0,0.0,4,0,0
2039,50,19,31,17,14,3,16,11,5,0,6,0,0,0,0,0,0,0,0,0,1,0,1,0.96875,1.0,1.0,0.0,0.0,0.0,4,0,1
2040,50,19,31,17,14,3,16,11,5,0,6,0,0,0,0,0,0,0,0,0,0,0,0,1.0,1.0,1.0,0.0,0.0,0.0,4,0,0
2041,50,19,31,17,14,3,16,11,5,0,6,0,0,0,0,0,0,0,0,0,0,0,0,1.0,1.0,1.0,0.0,0.0,0.0,4,0,0
2042,50,19,31,17,14,3,16,11,5,0,6,0,0,0,0,0,0,0,0,0,0,0,0,1.0,1.0,1.0,0.0,0.0,0.0,4,0,0
2043,50,19,31,17,14,3,16,11,5,0,6,0,0,0,0,0,0,0,0,0,0,0,0,1.0,1.0,1.0,0.0,0.0,0.0,4,0,0
2044,50,19,31,17,14,3,16,11,5,0,6,0,0,0,0,0,0,0,0,0,0,0,0,1.0,1.0,1.0,0.0,0.0,0.0,4,0,0
2045,53,20,33,20,14,3,16,11,4,0,7,0,0,0,0,0,0,0,0,1,0,0,0,1.0,1.0,1.0,0.06,0.06,0.0,4,3,0
2046,52,20,32,20,13,3,16,11,4,0,7,0,0,0,0,0,0,0,0,0,1,0,1,0.9705882352941176,1.0,1.0,0.0,0.0,0.0,4,0,1
2047,51,20,31,19,13,3,16,11,4,0,7,0,0,0,0,0,0,0,0,0,1,0,1,0.9696969696969697,1.0,1.0,0.0,0.0,0.0,4,0,1
2048,51,20,31,19,13,3,16,11,4,0,7,0,0,0,0,0,0,0,0,0,0,0,0,1.0,1.0,1.0,0.0,0.0,0.0,4,0,0
2049,50,20,30,18,13,3,16,11,4,0,7,0,0,0,0,0,0,0,0,0,1,0,1,0.96875,1.0,1.0,0.0,0.0,0.0,4,0,1
2050,49,20,29,17,13,2,17,11,4,0,7,0,0,0,0,0,0,0,0,0,1,0,1,0.967741935483871,1.0,1.0,0.0,0.0,0.0,4,0,1
2051,49,20,29,17,13,2,17,11,4,0,7,0,0,0,0,0,0,0,0,0,0,0,0,1.0,1.0,1.0,0.0,0.0,0.0,4,0,0
2052,52,23,29,20,13,2,17,11,3,0,8,0,0,0,0,0,0,0,0,1,0,0,0,1.0,1.0,1.0,0.061224489795918366,0.061224489795918366,0.0,4,3,0
2053,50,23,27,18,13,2,17,11,3,0,8,0,0,0,0,0,0,0,0,0,2,0,2,0.9393939393939394,1.0,1.0,0.0,0.0,0.0,4,0,2
2054,50,23,27,18,13,2,17,11,3,0,8,0,0,0,0,0,0,0,0,0,0,0,0,1.0,1.0,1.0,0.0,0.0,0.0,4,0,0
2055,50,23,27,18,13,2,17,11,3,0,8,0,0,0,0,0,0,0,0,0,0,0,0,1.0,1.0,1.0,0.0,0.0,0.0,4,0,0
2056,49,22,27,18,12,2,17,11,3,0,8,0,0,0,0,0,0,0,0,0,1,0,1,0.967741935483871,1.0,1.0,0.0,0.0,0.0,4,0,1
2057,49,22,27,18,12,2,17,11,3,0,8,0,0,0,0,0,0,0,0,0,0,0,0,1.0,1.0,1.0,0.0,0.0,0.0,4,0,0
2058,48,22,26,18,11,2,17,11,3,0,8,0,0,0,0,0,0,0,0,0,1,0,1,0.9666666666666667,1.0,1.0,0.0,0.0,0.0,4,0,1
2059,48,22,26,18,11,2,17,11,3,0,8,0,0,0,0,0,0,0,0,0,0,0,0,1.0,1.0,1.0,0.0,0.0,0.0,4,0,0
2060,48,22,26,18,11,2,17,11,3,0,8,0,0,0,0,0,0,0,0,0,0,0,0,1.0,1.0,1.0,0.0,0.0,0.0,4,0,0
2061,47,21,26,18,10,2,17,11,3,0,8,0,0,0,0,0,0,0,0,0,1,0,1,0.9655172413793104,1.0,1.0,0.0,0.0,0.0,4,0,1
2062,47,21,26,18,10,2,17,11,3,0,8,0,0,0,0,0,0,0,0,0,0,0,0,1.0,1.0,1.0,0.0,0.0,0.0,4,0,0
2063,47,21,26,18,10,2,17,11,3,0,8,0,0,0,0,0,0,0,0,0,0,0,0,1.0,1.0,1.0,0.0,0.0,0.0,4,0,0
2064,47,21,26,18,10,2,17,11,3,0,8,0,0,0,0,0,0,0,0,0,0,0,0,1.0,1.0,1.0,0.0,0.0,0.0,4,0,0
2065,47,21,26,18,10,2,17,11,3,0,8,0,0,0,0,0,0,0,0,0,0,0,0,1.0,1.0,1.0,0.0,0.0,0.0,4,0,0
2066,47,21,26,18,10,2,17,11,3,0,8,0,0,0,0,0,0,0,0,0,0,0,0,1.0,1.0,1.0,0.0,0.0,0.0,4,0,0
2067,47,21,26,16,12,2,17,11,3,0,8,0,0,0,0,0,0,0,0,0,0,0,0,1.0,1.0,1.0,0.0,0.0,0.0,4,0,0
2068,46,21,25,16,11,2,17,11,3,0,8,0,0,0,0,0,0,0,0,0,1,0,1,0.9642857142857143,1.0,1.0,0.0,0.0,0.0,4,0,1
2069,46,21,25,16,11,2,17,11,3,0,7,0,0,0,0,0,0,0,0,0,0,0,0,1.0,1.0,1.0,0.0,0.0,0.0,4,0,0
2070,46,21,25,16,11,2,17,11,4,0,7,0,0,0,0,0,4,1,0,0,0,0,0,1.0,1.0,1.0,0.0,0.0,0.25,4,0,0
2071,46,21,25,16,11,2,17,11,4,0,7,0,0,0,0,0,0,0,0,0,0,0,0,1.0,1.0,1.0,0.0,0.0,0.0,4,0,0
2072,46,21,25,16,11,2,17,11,4,0,7,0,0,0,0,0,0,0,0,0,0,0,0,1.0,1.0,1.0,0.0,0.0,0.0,4,0,0
2073,46,21,25,16,11,2,17,11,4,0,7,0,0,0,0,0,0,0,0,0,0,0,0,1.0,1.0,1.0,0.0,0.0,0.0,4,0,0
2074,45,20,25,13,13,2,17,11,4,0,7,0,0,0,0,0,0,0,0,0,1,0,1,0.962962962962963,1.0,1.0,0.0,0.0,0.0,4,0,1
2075,45,20,25,13,13,2,17,11,4,0,7,0,0,0,0,0,0,0,0,0,0,0,0,1.0,1.0,1.0,0.0,0.0,0.0,4,0,0
2076,45,20,25,13,13,2,17,11,4,0,6,0,0,0,0,0,0,0,0,0,0,0,0,1.0,1.0,1.0,0.0,0.0,0.0,4,0,0
2077,45,20,25,12,14,2,17,11,4,0,6,0,0,0,0,0,1,0,0,0,0,0,0,1.0,1.0,1.0,0.0,0.0,0.0,4,0,0
2078,45,20,25,8,18,2,17,11,4,0,6,0,0,0,0,0,5,0,0,0,0,0,0,1.0,1.0,1.0,0.0,0.0,0.0,4,0,0
2079,45,20,25,5,21,2,17,11,5,0,5,0,0,0,0,0,7,1,0,0,0,0,0,1.0,1.0,1.0,0.0,0.0,0.14285714285714285,4,0,0
2080,49,23,26,9,21,2,17,11,4,0,4,0,0,0,0,0,1,0,0,1,0,0,0,1.0,1.0,1.0,0.08888888888888889,0.08888888888888889,0.0,4,4,0
2081,49,23,26,9,21,2,17,11,4,0,3,0,0,0,0,0,6,0,0,0,0,0,0,1.0,1.0,1.0,0.0,0.0,0.0,4,0,0
2082,49,23,26,9,21,2,17,11,5,0,3,0,0,0,0,0,5,1,0,0,0,0,0,1.0,1.0,1.0,0.0,0.0,0.2,4,0,0
2083,49,23,26,9,21,2,17,11,6,0,3,0,0,0,0,0,10,1,0,0,0,0,0,1.0,1.0,1.0,0.0,0.0,0.1,4,0,0
2084,49,23,26,9,21,2,17,11,6,0,3,0,0,0,0,0,3,0,0,0,0,0,0,1.0,1.0,1.0,0.0,0.0,0.0,4,0,0
2085,49,23,26,9,21,2,17,11,7,0,3,0,0,0,0,0,7,1,0,0,0,0,0,1.0,1.0,1.0,0.0,0.0,0.14285714285714285,4,0,0
2086,49,23,26,9,21,2,17,11,7,0,3,0,0,0,0,0,0,0,0,0,0,0,0,1.0,1.0,1.0,0.0,0.0,0.0,4,0,0
2087,49,23,26,9,21,2,17,11,7,0,3,0,0,0,0,0,0,0,0,0,0,0,0,1.0,1.0,1.0,0.0,0.0,0.0,4,0,0
2088,49,23,26,7,23,2,17,11,7,0,3,0,0,0,0,0,0,0,0,0,0,0,0,1.0,1.0,1.0,0.0,0.0,0.0,4,0,0
2089,51,24,27,10,22,2,17,11,6,0,4,0,0,0,0,0,0,0,0,1,1,0,1,0.9666666666666667,1.0,1.0,0.061224489795918366,0.061224489795918366,0.0,4,3,1
2090,51,24,27,10,22,2,17,11,6,0,3,0,0,0,0,0,0,0,0,0,0,0,0,1.0,1.0,1.0,0.0,0.0,0.0,4,0,0
2091,51,24,27,10,22,2,17,11,7,0,3,0,0,0,0,0,2,1,0,0,0,0,0,1.0,1.0,1.0,0.0,0.0,0.5,4,0,0
2092,50,23,27,10,21,2,17,11,7,0,3,0,0,0,0,0,0,0,0,0,1,0,1,0.96875,1.0,1.0,0.0,0.0,0.0,4,0,1
2093,52,25,27,13,20,2,17,11,7,0,4,0,0,0,0,0,5,1,0,1,1,0,1,0.967741935483871,1.0,1.0,0.06,0.06,0.2,4,3,1
2094,51,24,27,12,20,2,17,11,7,0,4,0,0,0,0,0,0,0,0,0,1,0,1,0.9696969696969697,1.0,1.0,0.0,0.0,0.0,4,0,1
2095,50,23,27,9,22,2,17,11,7,0,4,0,0,0,0,0,0,0,0,0,1,0,1,0.96875,1.0,1.0,0.0,0.0,0.0,4,0,1
2096,50,23,27,9,22,2,17,11,7,0,4,0,0,0,0,0,0,0,0,0,0,0,0,1.0,1.0,1.0,0.0,0.0,0.0,4,0,0
2097,50,23,27,9,22,2,17,11,7,0,3,0,0,0,0,0,0,0,0,0,0,0,0,1.0,1.0,1.0,0.0,0.0,0.0,4,0,0
2098,50,23,27,9,22,2,17,11,7,0,3,0,0,0,0,0,2,0,0,0,0,0,0,1.0,1.0,1.0,0.0,0.0,0.0,4,0,0
2099,49,22,27,9,22,2,16,11,8,0,3,0,0,1,0,0,5,1,0,0,0,0,1,1.0,0.8333333333333334,1.0,0.0,0.0,0.2,4,0,1
2100,47,21,26,9,20,2,16,11,8,0,3,0,0,0,1,0,0,0,0,0,2,2,2,0.935483870967742,1.0,1.0,0.0,0.0,0.0,4,0,2
2101,46,21,25,8,20,2,16,11,8,0,3,0,0,0,0,0,0,0,0,0,1,5,1,0.9655172413793104,1.0,1.0,0.0,0.0,0.0,4,0,1
2102,44,19,25,8,19,2,15,11,8,0,3,0,0,2,0,0,0,0,0,0,1,0,2,0.9642857142857143,0.8,1.0,0.0,0.0,0.0,4,0,2
2103,40,18,22,7,18,2,13,9,6,0,3,0,0,1,3,0,0,0,0,0,2,0,4,0.9259259259259259,1.0,0.8181818181818181,0.0,0.0,0.0,4,0,4
2104,40,18,22,7,16,4,13,9,6,0,3,0,0,0,0,0,0,0,0,0,0,0,0,1.0,1.0,1.0,0.0,0.0,0.0,4,0,0
2105,39,18,21,7,11,8,13,9,6,0,3,0,0,0,1,0,0,0,0,0,1,0,1,0.9473684210526316,1.0,1.0,0.0,0.0,0.0,4,0,1
2106,39,18,21,7,11,8,13,9,6,0,3,0,0,0,0,0,0,0,0,0,0,0,0,1.0,1.0,1.0,0.0,0.0,0.0,4,0,0
2107,39,18,21,7,11,8,13,9,6,0,3,0,0,0,0,0,0,0,0,0,0,0,0,1.0,1.0,1.0,0.0,0.0,0.0,4,0,0
2108,39,18,21,7,11,8,13,9,6,0,3,0,0,0,0,0,0,0,0,0,0,0,0,1.0,1.0,1.0,0.0,0.0,0.0,4,0,0
2109,39,18,21,7,11,8,13,9,6,0,3,0,0,0,0,0,0,0,0,0,0,0,0,1.0,1.0,1.0,0.0,0.0,0.0,4,0,0
2110,39,18,21,7,11,8,13,9,6,0,3,0,0,0,0,0,0,0,0,0,0,0,0,1.0,1.0,1.0,0.0,0.0,0.0,4,0,0
2111,39,18,21,7,11,8,13,9,6,0,3,0,0,0,0,0,0,0,0,0,0,0,0,1.0,1.0,1.0,0.0,0.0,0.0,4,0,0
2112,39,18,21,7,11,8,13,9,6,0,3,0,0,0,0,0,0,0,0,0,0,0,0,1.0,1.0,1.0,0.0,0.0,0.0,4,0,0
2113,38,17,21,7,11,8,12,9,6,0,3,0,0,0,0,0,0,0,0,0,0,0,0,1.0,0.75,1.0,0.0,0.0,0.0,4,0,1
2114,38,17,21,7,11,8,12,9,6,0,3,0,0,0,0,0,0,0,0,0,0,0,0,1.0,1.0,1.0,0.0,0.0,0.0,4,0,0
2115,38,17,21,7,11,8,12,9,6,0,3,0,0,0,0,0,0,0,0,0,0,0,0,1.0,1.0,1.0,0.0,0.0,0.0,4,0,0
2116,38,17,21,7,11,8,12,9,6,0,3,0,0,0,0,0,0,0,0,0,0,0,0,1.0,1.0,1.0,0.0,0.0,0.0,4,0,0
2117,38,17,21,7,11,8,12,9,6,0,3,0,0,0,0,0,0,0,0,0,0,0,0,1.0,1.0,1.0,0.0,0.0,0.0,4,0,0
2118,37,17,20,7,10,8,12,9,6,0,3,0,0,0,0,0,0,0,0,0,1,0,1,0.9444444444444444,1.0,1.0,0.0,0.0,0.0,4,0,1
2119,37,17,20,7,10,8,12,9,6,0,3,0,0,0,0,0,0,0,0,0,0,0,0,1.0,1.0,1.0,0.0,0.0,0.0,4,0,0
2120,37,17,20,7,10,8,12,9,6,0,3,0,0,0,0,0,0,0,0,0,0,0,0,1.0,1.0,1.0,0.0,0.0,0.0,4,0,0
2121,37,17,20,7,10,8,12,9,6,0,3,0,0,0,0,0,0,0,0,0,0,0,0,1.0,1.0,1.0,0.0,0.0,0.0,4,0,0
2122,37,17,20,7,10,8,12,9,6,0,3,0,0,0,0,0,0,0,0,0,0,0,0,1.0,1.0,1.0,0.0,0.0,0.0,4,0,0
2123,37,17,20,4,13,8,12,9,6,0,3,0,0,0,0,0,0,0,0,0,0,0,0,1.0,1.0,1.0,0.0,0.0,0.0,4,0,0
2124,37,17,20,4,13,8,12,9,6,0,3,0,0,0,0,0,0,0,0,0,0,0,0,1.0,1.0,1.0,0.0,0.0,0.0,4,0,0
2125,36,16,20,4,12,8,12,9,6,0,2,0,0,0,0,0,0,0,0,0,1,0,1,0.9411764705882353,1.0,1.0,0.0,0.0,0.0,4,0,1
2126,36,16,20,4,12,8,12,9,6,0,2,0,0,0,0,0,0,0,0,0,0,0,0,1.0,1.0,1.0,0.0,0.0,0.0,4,0,0
2127,36,16,20,4,12,7,13,9,6,0,2,0,0,0,0,0,0,0,0,0,0,0,0,1.0,1.0,1.0,0.0,0.0,0.0,4,0,0
2128,36,16,20,4,12,7,13,9,6,0,2,0,0,0,0,0,0,0,0,0,0,0,0,1.0,1.0,1.0,0.0,0.0,0.0,4,0,0
2129,36,16,20,4,12,7,13,9,6,0,2,0,0,0,0,0,0,0,0,0,0,0,0,1.0,1.0,1.0,0.0,0.0,0.0,4,0,0
2130,36,16,20,4,12,7,13,9,6,0,2,0,0,0,0,0,0,0,0,0,0,0,0,1.0,1.0,1.0,0.0,0.0,0.0,4,0,0
2131,36,16,20,4,12,7,13,9,6,0,2,0,0,0,0,0,0,0,0,0,0,0,0,1.0,1.0,1.0,0.0,0.0,0.0,4,0,0
2132,36,16,20,1,15,7,13,9,6,0,2,0,0,0,0,0,0,0,0,0,0,0,0,1.0,1.0,1.0,0.0,0.0,0.0,4,0,0
2133,36,16,20,1,15,7,13,9,6,0,2,0,0,0,0,0,0,0,0,0,0,0,0,1.0,1.0,1.0,0.0,0.0,0.0,4,0,0
2134,36,16,20,1,15,7,13,9,6,0,1,0,0,0,0,0,0,0,0,0,0,0,0,1.0,1.0,1.0,0.0,0.0,0.0,4,0,0
2135,39,16,23,4,15,7,13,9,5,0,2,0,0,0,0,0,0,0,0,1,0,0,0,1.0,1.0,1.0,0.08333333333333333,0.08333333333333333,0.0,4,3,0
2136,39,16,23,3,16,7,13,9,5,0,2,0,0,0,0,0,0,0,0,0,0,0,0,1.0,1.0,1.0,0.0,0.0,0.0,4,0,0
2137,39,16,23,3,16,7,13,9,5,0,2,0,0,0,0,0,0,0,0,0,0,0,0,1.0,1.0,1.0,0.0,0.0,0.0,4,0,0
2138,39,16,23,3,16,7,13,9,5,0,1,0,0,0,0,0,0,0,0,0,0,0,0,1.0,1.0,1.0,0.0,0.0,0.0,4,0,0
2139,39,16,23,3,16,7,13,9,5,0,1,0,0,0,0,0,0,0,0,0,0,0,0,1.0,1.0,1.0,0.0,0.0,0.0,4,0,0
2140,39,16,23,3,16,7,13,9,5,0,1,0,0,0,0,0,0,0,0,0,0,0,0,1.0,1.0,1.0,0.0,0.0,0.0,4,0,0
2141,39,16,23,3,16,7,13,9,5,0,1,0,0,0,0,0,0,0,0,0,0,0,0,1.0,1.0,1.0,0.0,0.0,0.0,4,0,0
2142,39,16,23,3,16,7,13,9,5,0,1,0,0,0,0,0,0,0,0,0,0,0,0,1.0,1.0,1.0,0.0,0.0,0.0,4,0,0
2143,39,16,23,3,16,7,13,9,5,0,1,0,0,0,0,0,0,0,0,0,0,0,0,1.0,1.0,1.0,0.0,0.0,0.0,4,0,0
2144,43,17,26,7,16,7,13,9,4,0,2,0,0,0,0,0,0,0,0,1,0,0,0,1.0,1.0,1.0,0.10256410256410256,0.10256410256410256,0.0,4,4,0
2145,43,17,26,7,16,7,13,9,4,0,2,0,0,0,0,0,0,0,0,0,0,0,0,1.0,1.0,1.0,0.0,0.0,0.0,4,0,0
2146,43,17,26,7,16,7,13,9,4,0,2,0,0,0,0,0,0,0,0,0,0,0,0,1.0,1.0,1.0,0.0,0.0,0.0,4,0,0
2147,47,19,28,11,16,7,13,9,3,0,3,0,0,0,0,0,0,0,0,1,0,0,0,1.0,1.0,1.0,0.09302325581395349,0.09302325581395349,0.0,4,4,0
2148,50,22,28,15,15,7,13,9,2,0,4,0,0,0,0,0,0,0,0,1,1,0,1,0.962962962962963,1.0,1.0,0.0851063829787234,0.0851063829787234,0.0,4,4,1
2149,50,22,28,15,15,7,13,9,2,0,4,0,0,0,0,0,0,0,0,0,0,0,0,1.0,1.0,1.0,0.0,0.0,0.0,4,0,0
2150,53,23,30,18,15,7,13,9,1,0,5,0,0,0,0,0,0,0,0,1,0,0,0,1.0,1.0,1.0,0.06,0.06,0.0,4,3,0
2151,53,23,30,18,15,7,13,9,1,0,5,0,0,0,0,0,0,0,0,0,0,0,0,1.0,1.0,1.0,0.0,0.0,0.0,4,0,0
2152,53,23,30,18,15,7,13,9,1,0,5,0,0,0,0,0,0,0,0,0,0,0,0,1.0,1.0,1.0,0.0,0.0,0.0,4,0,0
2153,53,23,30,18,15,7,13,9,1,0,5,0,0,0,0,0,0,0,0,0,0,0,0,1.0,1.0,1.0,0.0,0.0,0.0,4,0,0
2154,52,23,29,18,14,7,13,9,1,0,5,0,0,0,0,0,0,0,0,0,1,0,1,0.9696969696969697,1.0,1.0,0.0,0.0,0.0,4,0,1
2155,52,23,29,18,14,7,13,9,1,0,5,0,0,0,0,0,0,0,0,0,0,0,0,1.0,1.0,1.0,0.0,0.0,0.0,4,0,0
2156,52,23,29,18,14,7,13,9,1,0,5,0,0,0,0,0,0,0,0,0,0,0,0,1.0,1.0,1.0,0.0,0.0,0.0,4,0,0
2157,52,23,29,18,14,7,13,9,1,0,5,0,0,0,0,0,0,0,0,0,0,0,0,1.0,1.0,1.0,0.0,0.0,0.0,4,0,0
2158,56,24,32,22,14,7,13,9,0,0,6,0,0,0,0,0,0,0,0,1,0,0,0,1.0,1.0,1.0,0.07692307692307693,0.07692307692307693,0.0,4,4,0
2159,55,23,32,22,13,7,13,9,0,0,6,0,0,0,0,0,0,0,0,0,1,0,1,0.9722222222222222,1.0,1.0,0.0,0.0,0.0,4,0,1
2160,55,23,32,22,13,7,13,9,0,0,6,0,0,0,0,0,0,0,0,0,0,0,0,1.0,1.0,1.0,0.0,0.0,0.0,4,0,0
2161,54,23,31,22,12,7,13,9,0,0,6,0,0,0,0,0,0,0,0,0,1,0,1,0.9714285714285714,1.0,1.0,0.0,0.0,0.0,4,0,1
2162,53,22,31,22,11,7,13,9,0,0,6,0,0,0,0,0,0,0,0,0,1,0,1,0.9705882352941176,1.0,1.0,0.0,0.0,0.0,4,0,1
2163,52,22,30,22,10,7,13,9,0,0,6,0,0,0,0,0,0,0,0,0,1,0,1,0.9696969696969697,1.0,1.0,0.0,0.0,0.0,4,0,1
2164,52,22,30,22,10,7,13,9,0,0,6,0,0,0,0,0,0,0,0,0,0,0,0,1.0,1.0,1.0,0.0,0.0,0.0,4,0,0
2165,51,21,30,22,9,7,13,9,0,0,6,0,0,0,0,0,0,0,0,0,1,0,1,0.96875,1.0,1.0,0.0,0.0,0.0,4,0,1
2166,51,21,30,22,9,7,13,9,0,0,6,0,0,0,0,0,0,0,0,0,0,0,0,1.0,1.0,1.0,0.0,0.0,0.0,4,0,0
2167,50,21,29,21,9,7,13,9,0,0,6,0,0,0,0,0,0,0,0,0,1,0,1,0.967741935483871,1.0,1.0,0.0,0.0,0.0,4,0,1
2168,50,21,29,21,9,7,13,9,0,0,6,0,0,0,0,0,0,0,0,0,0,0,0,1.0,1.0,1.0,0.0,0.0,0.0,4,0,0
2169,50,21,29,21,9,7,13,9,0,0,6,0,0,0,0,0,0,0,0,0,0,0,0,1.0,1.0,1.0,0.0,0.0,0.0,4,0,0
2170,50,21,29,21,9,7,13,9,0,0,6,0,0,0,0,0,0,0,0,0,0,0,0,1.0,1.0,1.0,0.0,0.0,0.0,4,0,0
2171,50,21,29,21,9,7,13,9,0,0,6,0,0,0,0,0,0,0,0,0,0,0,0,1.0,1.0,1.0,0.0,0.0,0.0,4,0,0
2172,50,21,29,21,9,7,13,9,0,0,6,0,0,0,0,0,0,0,0,0,0,0,0,1.0,1.0,1.0,0.0,0.0,0.0,4,0,0
2173,50,21,29,21,9,7,13,9,0,0,6,0,0,0,0,0,0,0,0,0,0,0,0,1.0,1.0,1.0,0.0,0.0,0.0,4,0,0
2174,50,21,29,21,9,7,13,9,0,0,6,0,0,0,0,0,0,0,0,0,0,0,0,1.0,1.0,1.0,0.0,0.0,0.0,4,0,0
2175,49,20,29,20,9,7,13,9,0,0,6,0,0,0,0,0,0,0,0,0,1,0,1,0.9666666666666667,1.0,1.0,0.0,0.0,0.0,4,0,1
2176,49,20,29,20,9,7,13,9,0,0,6,0,0,0,0,0,0,0,0,0,0,0,0,1.0,1.0,1.0,0.0,0.0,0.0,4,0,0
2177,48,20,28,20,8,7,13,9,0,0,6,0,0,0,0,0,0,0,0,0,1,0,1,0.9655172413793104,1.0,1.0,0.0,0.0,0.0,4,0,1
2178,48,20,28,17,11,7,13,9,0,0,6,0,0,0,0,0,0,0,0,0,0,0,0,1.0,1.0,1.0,0.0,0.0,0.0,4,0,0
2179,48,20,28,17,11,7,13,9,0,0,6,0,0,0,0,0,0,0,0,0,0,0,0,1.0,1.0,1.0,0.0,0.0,0.0,4,0,0
2180,47,20,27,16,11,7,13,9,0,0,5,0,0,0,0,0,0,0,0,0,1,0,1,0.9642857142857143,1.0,1.0,0.0,0.0,0.0,4,0,1
2181,47,20,27,16,11,7,13,9,0,0,5,0,0,0,0,0,0,0,0,0,0,0,0,1.0,1.0,1.0,0.0,0.0,0.0,4,0,0
2182,47,20,27,16,11,7,13,9,0,0,5,0,0,0,0,0,0,0,0,0,0,0,0,1.0,1.0,1.0,0.0,0.0,0.0,4,0,0
2183,47,20,27,16,11,7,13,9,0,0,5,0,0,0,0,0,0,0,0,0,0,0,0,1.0,1.0,1.0,0.0,0.0,0.0,4,0,0
2184,47,20,27,16,11,7,13,9,0,0,5,0,0,0,0,0,0,0,0,0,0,0,0,1.0,1.0,1.0,0.0,0.0,0.0,4,0,0
2185,47,20,27,16,11,7,13,9,0,0,5,0,0,0,0,0,0,0,0,0,0,0,0,1.0,1.0,1.0,0.0,0.0,0.0,4,0,0
2186,47,20,27,16,11,7,13,9,0,0,5,0,0,0,0,0,0,0,0,0,0,0,0,1.0,1.0,1.0,0.0,0.0,0.0,4,0,0
2187,47,20,27,12,15,7,13,9,0,0,5,0,0,0,0,0,0,0,0,0,0,0,0,1.0,1.0,1.0,0.0,0.0,0.0,4,0,0
2188,47,20,27,12,15,7,13,9,0,0,5,0,0,0,0,0,0,0,0,0,0,0,0,1.0,1.0,1.0,0.0,0.0,0.0,4,0,0
2189,47,20,27,12,15,6,14,10,0,0,4,0,0,0,0,0,0,0,0,0,0,0,0,1.0,1.0,1.0,0.0,0.0,0.0,4,0,0
2190,47,20,27,8,19,6,14,10,0,0,4,0,0,0,0,0,0,0,0,0,0,0,0,1.0,1.0,1.0,0.0,0.0,0.0,4,0,0
2191,46,20,26,4,23,5,14,10,0,0,4,0,0,0,1,0,0,0,0,0,0,0,1,1.0,1.0,1.0,0.0,0.0,0.0,4,0,1
2192,44,20,24,4,21,5,14,10,0,0,3,0,0,0,1,0,0,0,0,0,2,0,2,0.9259259259259259,1.0,1.0,0.0,0.0,0.0,4,0,2
2193,41,19,22,3,21,5,12,8,0,0,2,0,0,1,2,0,0,0,0,0,1,0,3,0.96,1.0,0.8,0.0,0.0,0.0,4,0,3
2194,40,18,22,3,21,5,11,8,0,0,2,0,0,1,0,0,0,0,0,0,0,0,1,1.0,0.75,1.0,0.0,0.0,0.0,4,0,1
2195,39,17,22,3,20,5,11,8,0,0,1,0,0,0,0,0,0,0,0,0,1,0,1,0.9583333333333334,1.0,1.0,0.0,0.0,0.0,4,0,1
2196,39,17,22,3,20,5,11,8,0,0,1,0,0,0,0,0,0,0,0,0,0,0,0,1.0,1.0,1.0,0.0,0.0,0.0,4,0,0
2197,38,17,21,3,20,5,10,7,0,0,1,0,0,0,1,0,0,0,0,0,0,0,1,1.0,1.0,0.875,0.0,0.0,0.0,3,0,1
2198,38,17,21,3,20,5,10,7,0,0,1,0,0,0,0,0,0,0,0,0,0,0,0,1.0,1.0,1.0,0.0,0.0,0.0,3,0,0
2199,38,17,21,3,20,5,10,7,0,0,1,0,0,0,0,0,0,0,0,0,0,0,0,1.0,1.0,1.0,0.0,0.0,0.0,3,0,0
2200,38,17,21,3,20,5,10,7,0,0,1,0,0,0,0,0,0,0,0,0,0,0,0,1.0,1.0,1.0,0.0,0.0,0.0,3,0,0
2201,38,17,21,0,23,5,10,7,0,0,1,0,0,0,0,0,0,0,0,0,0,0,0,1.0,1.0,1.0,0.0,0.0,0.0,3,0,0
2202,38,17,21,0,23,5,10,7,0,0,1,0,0,0,0,0,0,0,0,0,0,0,0,1.0,1.0,1.0,0.0,0.0,0.0,3,0,0
2203,38,17,21,0,23,5,10,7,0,0,0,0,0,0,0,0,0,0,0,0,0,0,0,1.0,1.0,1.0,0.0,0.0,0.0,3,0,0
2204,38,17,21,0,23,5,10,7,0,0,0,0,0,0,0,0,0,0,0,0,0,0,0,1.0,1.0,1.0,0.0,0.0,0.0,3,0,0
2205,38,17,21,0,23,5,10,7,0,0,0,0,0,0,0,0,0,0,0,0,0,0,0,1.0,1.0,1.0,0.0,0.0,0.0,3,0,0
2206,38,17,21,0,23,5,10,7,0,0,0,0,0,0,0,0,0,0,0,0,0,0,0,1.0,1.0,1.0,0.0,0.0,0.0,3,0,0
2207,38,17,21,0,23,5,10,7,0,0,0,0,0,0,0,0,0,0,0,0,0,0,0,1.0,1.0,1.0,0.0,0.0,0.0,3,0,0
2208,38,17,21,0,23,5,10,7,0,0,0,0,0,0,0,0,0,0,0,0,0,0,0,1.0,1.0,1.0,0.0,0.0,0.0,3,0,0
2209,38,17,21,0,23,5,10,7,0,0,0,0,0,0,0,0,0,0,0,0,0,0,0,1.0,1.0,1.0,0.0,0.0,0.0,3,0,0
2210,38,17,21,0,23,5,10,7,0,0,0,0,0,0,0,0,0,0,0,0,0,0,0,1.0,1.0,1.0,0.0,0.0,0.0,3,0,0
2211,38,17,21,0,23,5,10,7,0,0,0,0,0,0,0,0,0,0,0,0,0,1,0,1.0,1.0,1.0,0.0,0.0,0.0,3,0,0
2212,38,17,21,0,23,5,10,7,0,0,0,0,0,0,0,0,0,0,0,0,0,0,0,1.0,1.0,1.0,0.0,0.0,0.0,3,0,0
2213,38,17,21,0,23,5,10,7,0,0,0,0,0,0,0,0,0,0,0,0,0,0,0,1.0,1.0,1.0,0.0,0.0,0.0,3,0,0
2214,38,17,21,0,23,5,10,7,0,0,0,0,0,0,0,0,0,0,0,0,0,0,0,1.0,1.0,1.0,0.0,0.0,0.0,3,0,0
2215,38,17,21,0,22,6,10,7,0,0,0,0,0,0,0,0,0,0,0,0,0,1,0,1.0,1.0,1.0,0.0,0.0,0.0,3,0,0
2216,38,17,21,0,22,6,10,7,0,0,0,0,0,0,0,0,0,0,0,0,0,1,0,1.0,1.0,1.0,0.0,0.0,0.0,3,0,0
2217,38,17,21,0,22,6,10,7,0,0,0,0,0,0,0,0,0,0,0,0,0,0,0,1.0,1.0,1.0,0.0,0.0,0.0,3,0,0
2218,38,17,21,0,22,6,10,7,0,0,0,0,0,0,0,0,0,0,0,0,0,0,0,1.0,1.0,1.0,0.0,0.0,0.0,3,0,0
2219,38,17,21,0,21,7,10,7,0,0,0,0,0,0,0,0,0,0,0,0,0,0,0,1.0,1.0,1.0,0.0,0.0,0.0,3,0,0
2220,38,17,21,0,20,8,10,7,3,0,0,0,0,0,0,0,20,3,0,0,0,0,0,1.0,1.0,1.0,0.0,0.0,0.15,3,0,0
2221,38,17,21,0,20,8,10,7,5,0,0,0,0,0,0,0,14,2,0,0,0,0,0,1.0,1.0,1.0,0.0,0.0,0.14285714285714285,3,0,0
2222,38,17,21,0,20,8,10,7,5,0,0,0,0,0,0,0,6,0,0,0,0,0,0,1.0,1.0,1.0,0.0,0.0,0.0,3,0,0
2223,38,17,21,0,20,8,10,7,6,1,0,0,0,0,0,0,7,1,1,0,0,0,0,1.0,1.0,1.0,0.0,0.0,0.14285714285714285,3,0,0
2224,38,17,21,0,20,8,10,7,6,1,0,0,0,0,0,0,0,0,0,0,0,0,0,1.0,1.0,1.0,0.0,0.0,0.0,3,0,0
2225,38,17,21,0,20,8,10,7,6,1,0,0,0,0,0,0,0,0,0,0,0,0,0,1.0,1.0,1.0,0.0,0.0,0.0,3,0,0
2226,38,17,21,0,20,8,10,7,6,1,0,0,0,0,0,0,0,0,0,0,0,0,0,1.0,1.0,1.0,0.0,0.0,0.0,3,0,0
2227,38,17,21,0,20,8,10,7,6,1,0,0,0,0,0,0,0,0,0,0,0,0,0,1.0,1.0,1.0,0.0,0.0,0.0,3,0,0
2228,38,17,21,0,20,8,10,7,6,1,0,0,0,0,0,0,0,0,0,0,0,0,0,1.0,1.0,1.0,0.0,0.0,0.0,3,0,0
2229,38,17,21,0,20,8,10,7,6,1,0,0,0,0,0,0,0,0,0,0,0,0,0,1.0,1.0,1.0,0.0,0.0,0.0,3,0,0
2230,38,17,21,0,20,8,10,7,6,1,0,0,0,0,0,0,0,0,0,0,0,0,0,1.0,1.0,1.0,0.0,0.0,0.0,3,0,0
2231,38,17,21,0,20,8,10,7,6,1,0,0,0,0,0,0,0,0,0,0,0,0,0,1.0,1.0,1.0,0.0,0.0,0.0,3,0,0
2232,38,17,21,0,20,8,10,7,6,1,0,0,0,0,0,0,0,0,0,0,0,0,0,1.0,1.0,1.0,0.0,0.0,0.0,3,0,0
2233,38,17,21,0,20,8,10,7,6,1,0,0,0,0,0,0,0,0,0,0,0,0,0,1.0,1.0,1.0,0.0,0.0,0.0,3,0,0
2234,38,17,21,0,20,8,10,7,6,1,0,0,0,0,0,0,0,0,0,0,0,0,0,1.0,1.0,1.0,0.0,0.0,0.0,3,0,0
2235,38,17,21,0,20,8,10,7,6,1,0,0,0,0,0,0,0,0,0,0,0,0,0,1.0,1.0,1.0,0.0,0.0,0.0,3,0,0
2236,38,17,21,0,20,8,10,7,6,1,0,0,0,0,0,0,0,0,0,0,0,0,0,1.0,1.0,1.0,0.0,0.0,0.0,3,0,0
2237,38,17,21,0,20,8,10,7,6,1,0,0,0,0,0,0,0,0,0,0,0,0,0,1.0,1.0,1.0,0.0,0.0,0.0,3,0,0
2238,38,17,21,0,20,8,10,7,6,1,0,0,0,0,0,0,0,0,0,0,0,0,0,1.0,1.0,1.0,0.0,0.0,0.0,3,0,0
2239,38,17,21,0,20,7,11,7,6,1,0,0,0,0,0,0,0,0,0,0,0,0,0,1.0,1.0,1.0,0.0,0.0,0.0,3,0,0
2240,38,17,21,0,20,4,14,8,6,1,0,0,0,0,0,0,0,0,0,0,0,0,0,1.0,1.0,1.0,0.0,0.0,0.0,3,0,0
2241,38,17,21,0,20,4,14,8,6,1,0,0,0,0,0,0,0,0,0,0,0,0,0,1.0,1.0,1.0,0.0,0.0,0.0,3,0,0
2242,37,17,20,0,19,4,14,8,6,1,0,0,0,0,0,0,0,0,0,0,1,0,1,0.95,1.0,1.0,0.0,0.0,0.0,3,0,1
2243,36,17,19,0,18,4,14,8,6,1,0,0,0,0,0,0,0,0,0,0,1,0,1,0.9473684210526316,1.0,1.0,0.0,0.0,0.0,3,0,1
2244,36,17,19,0,18,4,14,8,6,1,0,0,0,0,0,0,0,0,0,0,0,0,0,1.0,1.0,1.0,0.0,0.0,0.0,3,0,0
2245,36,17,19,0,18,4,14,8,6,1,0,0,0,0,0,0,0,0,0,0,0,0,0,1.0,1.0,1.0,0.0,0.0,0.0,3,0,0
2246,36,17,19,0,18,4,14,8,6,1,0,0,0,0,0,0,4,0,0,0,0,0,0,1.0,1.0,1.0,0.0,0.0,0.0,3,0,0
2247,36,17,19,0,18,4,14,8,7,1,0,0,0,0,0,0,4,1,0,0,0,0,0,1.0,1.0,1.0,0.0,0.0,0.25,3,0,0
2248,36,17,19,0,18,4,14,8,7,1,0,0,0,0,0,0,0,0,0,0,0,0,0,1.0,1.0,1.0,0.0,0.0,0.0,3,0,0
2249,36,17,19,0,18,4,14,8,7,1,0,0,0,0,0,0,0,0,0,0,0,0,0,1.0,1.0,1.0,0.0,0.0,0.0,3,0,0
2250,36,17,19,0,18,3,15,9,7,1,0,0,0,0,0,0,3,0,0,0,0,0,0,1.0,1.0,1.0,0.0,0.0,0.0,3,0,0
2251,36,17,19,0,18,3,15,9,7,1,0,0,0,0,0,0,0,0,0,0,0,0,0,1.0,1.0,1.0,0.0,0.0,0.0,3,0,0
2252,36,17,19,0,18,3,15,9,7,1,0,0,0,0,0,0,0,0,0,0,0,0,0,1.0,1.0,1.0,0.0,0.0,0.0,3,0,0
2253,36,17,19,0,18,3,15,9,7,1,0,0,0,0,0,0,0,0,0,0,0,0,0,1.0,1.0,1.0,0.0,0.0,0.0,3,0,0
2254,36,17,19,0,18,3,15,9,7,1,0,0,0,0,0,0,0,0,0,0,0,0,0,1.0,1.0,1.0,0.0,0.0,0.0,3,0,0
2255,36,17,19,0,18,3,15,9,7,1,0,0,0,0,0,0,0,0,0,0,0,0,0,1.0,1.0,1.0,0.0,0.0,0.0,3,0,0
2256,36,17,19,0,18,3,15,9,7,1,0,0,0,0,0,0,0,0,0,0,0,0,0,1.0,1.0,1.0,0.0,0.0,0.0,3,0,0
2257,36,17,19,0,18,3,15,9,7,1,0,0,0,0,0,0,0,0,0,0,0,0,0,1.0,1.0,1.0,0.0,0.0,0.0,3,0,0
2258,36,17,19,0,18,3,15,9,7,1,0,0,0,0,0,0,0,0,0,0,0,0,0,1.0,1.0,1.0,0.0,0.0,0.0,3,0,0
2259,36,17,19,0,18,3,15,9,8,1,0,0,0,0,0,0,8,1,0,0,0,0,0,1.0,1.0,1.0,0.0,0.0,0.125,3,0,0
2260,36,17,19,0,18,3,15,9,8,1,0,0,0,0,0,0,0,0,0,0,0,1,0,1.0,1.0,1.0,0.0,0.0,0.0,3,0,0
2261,36,17,19,0,18,3,15,9,8,1,0,0,0,0,0,0,0,0,0,0,0,0,0,1.0,1.0,1.0,0.0,0.0,0.0,3,0,0
2262,36,17,19,0,18,3,15,9,8,1,0,0,0,0,0,0,0,0,0,0,0,0,0,1.0,1.0,1.0,0.0,0.0,0.0,3,0,0
2263,36,17,19,0,18,3,15,9,8,1,0,0,0,0,0,0,0,0,0,0,0,0,0,1.0,1.0,1.0,0.0,0.0,0.0,3,0,0
2264,36,17,19,0,17,4,15,9,8,1,0,0,0,0,0,0,0,0,0,0,0,0,0,1.0,1.0,1.0,0.0,0.0,0.0,3,0,0
2265,36,17,19,0,17,4,15,9,8,1,0,0,0,0,0,0,0,0,0,0,0,0,0,1.0,1.0,1.0,0.0,0.0,0.0,3,0,0
2266,36,17,19,0,17,4,15,9,8,1,0,0,0,0,0,0,0,0,0,0,0,0,0,1.0,1.0,1.0,0.0,0.0,0.0,3,0,0
2267,36,17,19,0,17,4,15,9,8,1,0,0,0,0,0,0,0,0,0,0,0,0,0,1.0,1.0,1.0,0.0,0.0,0.0,3,0,0
2268,36,17,19,0,17,4,15,9,8,0,0,0,0,0,0,0,0,0,0,0,0,0,0,1.0,1.0,1.0,0.0,0.0,0.0,3,0,0
2269,35,17,18,0,17,4,14,8,7,1,0,0,0,0,0,0,2,0,1,0,0,1,0,1.0,1.0,0.8888888888888888,0.0,0.0,0.0,3,0,1
2270,35,17,18,0,17,4,14,8,7,1,0,0,0,0,0,0,0,0,0,0,0,0,0,1.0,1.0,1.0,0.0,0.0,0.0,3,0,0
2271,35,17,18,0,17,4,14,8,7,1,0,0,0,0,0,0,0,0,0,0,0,0,0,1.0,1.0,1.0,0.0,0.0,0.0,3,0,0
2272,35,17,18,0,17,4,14,8,7,1,0,0,0,0,0,0,0,0,0,0,0,0,0,1.0,1.0,1.0,0.0,0.0,0.0,3,0,0
2273,35,17,18,0,16,5,14,8,7,1,0,0,0,0,0,0,0,0,0,0,0,1,0,1.0,1.0,1.0,0.0,0.0,0.0,3,0,0
2274,35,17,18,0,16,5,14,8,7,1,0,0,0,0,0,0,0,0,0,0,0,0,0,1.0,1.0,1.0,0.0,0.0,0.0,3,0,0
2275,35,17,18,0,16,5,14,8,7,1,0,0,0,0,0,0,0,0,0,0,0,0,0,1.0,1.0,1.0,0.0,0.0,0.0,3,0,0
2276,35,17,18,0,16,5,14,8,7,1,0,0,0,0,0,0,0,0,0,0,0,0,0,1.0,1.0,1.0,0.0,0.0,0.0,3,0,0
2277,35,17,18,0,15,5,15,9,7,1,0,0,0,0,0,0,0,0,0,0,0,0,0,1.0,1.0,1.0,0.0,0.0,0.0,3,0,0
2278,35,17,18,0,15,5,15,9,7,1,0,0,0,0,0,0,0,0,0,0,0,0,0,1.0,1.0,1.0,0.0,0.0,0.0,3,0,0
2279,35,17,18,0,15,5,15,9,7,1,0,0,0,0,0,0,0,0,0,0,0,0,0,1.0,1.0,1.0,0.0,0.0,0.0,3,0,0
2280,35,17,18,0,15,5,15,9,7,1,0,0,0,0,0,0,0,0,0,0,0,0,0,1.0,1.0,1.0,0.0,0.0,0.0,3,0,0
2281,35,17,18,0,15,5,15,9,7,1,0,0,0,0,0,0,0,0,0,0,0,0,0,1.0,1.0,1.0,0.0,0.0,0.0,3,0,0
2282,34,16,18,0,14,5,15,9,7,1,0,0,0,1,0,0,0,0,0,0,1,0,1,0.9333333333333333,1.0,1.0,0.0,0.0,0.0,3,0,1
2283,34,16,18,0,14,5,15,9,7,1,0,0,0,0,0,0,0,0,0,0,0,0,0,1.0,1.0,1.0,0.0,0.0,0.0,3,0,0
2284,32,15,17,0,13,4,15,9,7,1,0,0,0,1,1,0,0,0,0,0,1,0,2,0.9285714285714286,1.0,1.0,0.0,0.0,0.0,3,0,2
2285,37,17,20,7,13,3,14,8,5,1,2,0,0,1,0,0,3,1,0,2,0,0,1,1.0,1.0,0.8888888888888888,0.21875,0.21875,0.3333333333333333,3,7,2
2286,45,22,23,15,13,3,14,8,3,1,4,0,0,0,0,0,0,0,0,2,0,0,0,1.0,1.0,1.0,0.21621621621621623,0.21621621621621623,0.0,3,8,0
2287,39,19,20,14,10,3,12,7,3,1,3,0,0,2,3,0,0,0,0,0,4,0,6,0.8571428571428572,0.8333333333333334,0.875,0.0,0.0,0.0,3,0,6
2288,39,19,20,14,10,3,12,7,3,1,3,0,0,0,0,0,0,0,0,0,0,0,0,1.0,1.0,1.0,0.0,0.0,0.0,3,0,0
2289,39,19,20,14,10,3,12,7,3,1,3,0,0,0,0,0,0,0,0,0,0,0,0,1.0,1.0,1.0,0.0,0.0,0.0,3,0,0
2290,39,19,20,14,10,3,12,7,3,1,3,0,0,0,0,0,0,0,0,0,0,0,0,1.0,1.0,1.0,0.0,0.0,0.0,3,0,0
2291,39,19,20,14,10,3,12,7,3,1,3,0,0,0,0,0,0,0,0,0,0,0,0,1.0,1.0,1.0,0.0,0.0,0.0,3,0,0
2292,39,19,20,14,10,3,12,7,3,1,3,0,0,0,0,0,0,0,0,0,0,0,0,1.0,1.0,1.0,0.0,0.0,0.0,3,0,0
2293,39,19,20,14,10,3,12,7,3,1,3,0,0,0,0,0,0,0,0,0,0,0,0,1.0,1.0,1.0,0.0,0.0,0.0,3,0,0
2294,39,19,20,14,10,3,12,7,3,1,3,0,0,0,0,0,0,0,0,0,0,0,0,1.0,1.0,1.0,0.0,0.0,0.0,3,0,0
2295,39,19,20,14,10,3,12,7,3,1,3,0,0,0,0,0,0,0,0,0,0,0,0,1.0,1.0,1.0,0.0,0.0,0.0,3,0,0
2296,39,19,20,14,10,3,12,7,3,1,3,0,0,0,0,0,0,0,0,0,0,0,0,1.0,1.0,1.0,0.0,0.0,0.0,3,0,0
2297,39,19,20,14,10,3,12,7,3,1,3,0,0,0,0,0,0,0,0,0,0,0,0,1.0,1.0,1.0,0.0,0.0,0.0,3,0,0
2298,39,19,20,14,10,3,12,7,3,1,3,0,0,0,0,0,0,0,0,0,0,0,0,1.0,1.0,1.0,0.0,0.0,0.0,3,0,0
2299,39,19,20,14,10,3,12,7,3,1,3,0,0,0,0,0,0,0,0,0,0,0,0,1.0,1.0,1.0,0.0,0.0,0.0,3,0,0
2300,39,19,20,14,10,3,12,7,3,1,3,0,0,0,0,0,0,0,0,0,0,0,0,1.0,1.0,1.0,0.0,0.0,0.0,3,0,0
2301,39,19,20,14,10,3,12,7,3,1,3,0,0,0,0,0,0,0,0,0,0,0,0,1.0,1.0,1.0,0.0,0.0,0.0,3,0,0
2302,39,19,20,14,10,3,12,7,3,1,3,0,0,0,0,0,0,0,0,0,0,0,0,1.0,1.0,1.0,0.0,0.0,0.0,3,0,0
2303,39,19,20,14,10,3,12,7,3,1,3,0,0,0,0,0,0,0,0,0,0,0,0,1.0,1.0,1.0,0.0,0.0,0.0,3,0,0
2304,39,19,20,14,10,3,12,7,3,1,3,0,0,0,0,0,0,0,0,0,0,0,0,1.0,1.0,1.0,0.0,0.0,0.0,3,0,0
2305,39,19,20,14,10,3,12,7,3,1,3,0,0,0,0,0,0,0,0,0,0,0,0,1.0,1.0,1.0,0.0,0.0,0.0,3,0,0
2306,39,19,20,14,10,3,12,7,3,1,3,0,0,0,0,0,0,0,0,0,0,0,0,1.0,1.0,1.0,0.0,0.0,0.0,3,0,0
2307,39,19,20,14,10,3,12,7,3,1,3,0,0,0,0,0,0,0,0,0,0,0,0,1.0,1.0,1.0,0.0,0.0,0.0,3,0,0
2308,38,19,19,13,10,3,12,7,3,1,3,0,0,0,0,0,0,0,0,0,1,0,1,0.9583333333333334,1.0,1.0,0.0,0.0,0.0,3,0,1
2309,38,19,19,13,10,3,12,7,3,1,3,0,0,0,0,0,0,0,0,0,0,0,0,1.0,1.0,1.0,0.0,0.0,0.0,3,0,0
2310,38,19,19,13,10,2,13,8,3,1,3,0,0,0,0,0,0,0,0,0,0,0,0,1.0,1.0,1.0,0.0,0.0,0.0,3,0,0
2311,38,19,19,13,10,2,13,8,4,1,3,0,0,0,0,0,3,1,0,0,0,0,0,1.0,1.0,1.0,0.0,0.0,0.3333333333333333,3,0,0
2312,41,21,20,16,10,2,13,8,3,1,4,0,0,0,0,0,0,0,0,1,0,0,0,1.0,1.0,1.0,0.07894736842105263,0.07894736842105263,0.0,3,3,0
2313,41,21,20,16,10,2,13,8,3,1,4,0,0,0,0,0,0,0,0,0,0,0,0,1.0,1.0,1.0,0.0,0.0,0.0,3,0,0
2314,41,21,20,16,10,2,13,8,3,0,4,0,0,0,0,0,0,0,0,0,0,0,0,1.0,1.0,1.0,0.0,0.0,0.0,3,0,0
2315,41,21,20,16,10,2,13,8,3,0,4,0,0,0,0,0,2,0,0,0,0,2,0,1.0,1.0,1.0,0.0,0.0,0.0,3,0,0
2316,41,21,20,16,10,2,13,8,4,0,4,0,0,0,0,0,3,1,0,0,0,0,0,1.0,1.0,1.0,0.0,0.0,0.3333333333333333,3,0,0
2317,41,21,20,16,10,2,13,8,4,0,4,0,0,0,0,0,0,0,0,0,0,0,0,1.0,1.0,1.0,0.0,0.0,0.0,3,0,0
2318,41,21,20,16,10,2,13,8,4,0,4,0,0,0,0,0,0,0,0,0,0,0,0,1.0,1.0,1.0,0.0,0.0,0.0,3,0,0
2319,41,21,20,16,8,4,13,8,4,0,4,0,0,0,0,0,0,0,0,0,0,0,0,1.0,1.0,1.0,0.0,0.0,0.0,3,0,0
2320,41,21,20,16,8,4,13,8,4,0,4,0,0,0,0,0,0,0,0,0,0,0,0,1.0,1.0,1.0,0.0,0.0,0.0,3,0,0
2321,41,21,20,16,8,4,13,8,4,0,4,0,0,0,0,0,0,0,0,0,0,0,0,1.0,1.0,1.0,0.0,0.0,0.0,3,0,0
2322,41,21,20,16,8,4,13,8,4,0,4,0,0,0,0,0,0,0,0,0,0,0,0,1.0,1.0,1.0,0.0,0.0,0.0,3,0,0
2323,41,21,20,16,8,4,13,8,4,0,4,0,0,0,0,0,0,0,0,0,0,0,0,1.0,1.0,1.0,0.0,0.0,0.0,3,0,0
2324,45,25,20,20,8,4,13,8,3,0,5,0,0,0,0,0,0,0,0,1,0,1,0,1.0,1.0,1.0,0.0975609756097561,0.0975609756097561,0.0,3,4,0
2325,45,25,20,20,8,4,13,8,3,0,5,0,0,0,0,0,0,0,0,0,0,0,0,1.0,1.0,1.0,0.0,0.0,0.0,3,0,0
2326,45,25,20,20,8,4,13,8,3,0,5,0,0,0,0,0,0,0,0,0,0,0,0,1.0,1.0,1.0,0.0,0.0,0.0,3,0,0
2327,45,25,20,20,8,4,13,8,3,0,5,0,0,0,0,0,0,0,0,0,0,2,0,1.0,1.0,1.0,0.0,0.0,0.0,3,0,0
2328,45,25,20,14,13,5,13,8,3,0,5,0,0,0,0,0,0,0,0,0,0,4,0,1.0,1.0,1.0,0.0,0.0,0.0,3,0,0
2329,45,25,20,7,20,5,13,8,3,0,5,0,0,0,0,0,0,0,0,0,0,0,0,1.0,1.0,1.0,0.0,0.0,0.0,3,0,0
2330,45,25,20,7,20,5,13,8,3,0,3,0,0,0,0,0,0,0,0,0,0,0,0,1.0,1.0,1.0,0.0,0.0,0.0,3,0,0
2331,44,24,20,7,18,6,13,8,5,0,2,0,0,0,0,0,10,2,0,0,0,0,0,1.0,1.0,1.0,0.0,0.0,0.2,3,0,1
2332,44,24,20,7,14,10,13,8,5,0,2,0,0,0,0,0,5,0,0,0,0,0,0,1.0,1.0,1.0,0.0,0.0,0.0,3,0,0
2333,44,24,20,7,14,10,13,8,6,0,2,0,0,0,0,0,8,1,0,0,0,0,0,1.0,1.0,1.0,0.0,0.0,0.125,3,0,0
2334,44,24,20,7,14,10,13,8,6,0,2,0,0,0,0,0,0,0,0,0,0,0,0,1.0,1.0,1.0,0.0,0.0,0.0,3,0,0
2335,44,24,20,7,14,10,13,8,6,0,2,0,0,0,0,0,0,0,0,0,0,0,0,1.0,1.0,1.0,0.0,0.0,0.0,3,0,0
2336,44,24,20,7,14,10,13,8,6,0,2,0,0,0,0,0,0,0,0,0,0,0,0,1.0,1.0,1.0,0.0,0.0,0.0,3,0,0
2337,44,24,20,7,14,10,13,8,6,0,2,0,0,0,0,0,0,0,0,0,0,0,0,1.0,1.0,1.0,0.0,0.0,0.0,3,0,0
2338,44,24,20,7,14,10,13,8,6,0,2,0,0,0,0,0,0,0,0,0,0,1,0,1.0,1.0,1.0,0.0,0.0,0.0,3,0,0
2339,44,24,20,7,14,10,13,8,6,0,2,0,0,0,0,0,0,0,0,0,0,0,0,1.0,1.0,1.0,0.0,0.0,0.0,3,0,0
2340,44,24,20,7,14,10,13,8,6,0,2,0,0,0,0,0,0,0,0,0,0,0,0,1.0,1.0,1.0,0.0,0.0,0.0,3,0,0
2341,44,24,20,7,14,10,13,8,6,0,2,0,0,0,0,0,0,0,0,0,0,0,0,1.0,1.0,1.0,0.0,0.0,0.0,3,0,0
2342,44,24,20,7,13,11,13,8,6,0,2,0,0,0,0,0,0,0,0,0,0,0,0,1.0,1.0,1.0,0.0,0.0,0.0,3,0,0
2343,43,23,20,7,12,11,13,8,6,0,2,0,0,0,0,0,0,0,0,0,1,0,1,0.95,1.0,1.0,0.0,0.0,0.0,3,0,1
2344,43,23,20,7,12,11,13,8,6,0,2,0,0,0,0,0,0,0,0,0,0,0,0,1.0,1.0,1.0,0.0,0.0,0.0,3,0,0
2345,43,23,20,7,12,11,13,8,6,0,2,0,0,0,0,0,0,0,0,0,0,0,0,1.0,1.0,1.0,0.0,0.0,0.0,3,0,0
2346,43,23,20,7,12,11,13,8,6,0,2,0,0,0,0,0,0,0,0,0,0,0,0,1.0,1.0,1.0,0.0,0.0,0.0,3,0,0
2347,43,23,20,7,12,11,13,8,6,0,2,0,0,0,0,0,0,0,0,0,0,0,0,1.0,1.0,1.0,0.0,0.0,0.0,3,0,0
2348,43,23,20,7,12,11,13,8,6,0,2,0,0,0,0,0,0,0,0,0,0,0,0,1.0,1.0,1.0,0.0,0.0,0.0,3,0,0
2349,43,23,20,7,12,11,13,8,6,0,2,0,0,0,0,0,0,0,0,0,0,0,0,1.0,1.0,1.0,0.0,0.0,0.0,3,0,0
2350,46,25,21,10,12,11,13,8,5,0,3,0,0,0,0,0,0,0,0,1,0,0,0,1.0,1.0,1.0,0.06976744186046512,0.06976744186046512,0.0,3,3,0
2351,46,25,21,10,12,11,13,8,5,0,3,0,0,0,0,0,0,0,0,0,0,0,0,1.0,1.0,1.0,0.0,0.0,0.0,3,0,0
2352,46,25,21,10,12,11,13,8,5,0,3,0,0,0,0,0,0,0,0,0,0,0,0,1.0,1.0,1.0,0.0,0.0,0.0,3,0,0
2353,46,25,21,10,12,11,13,8,5,0,3,0,0,0,0,0,0,0,0,0,0,0,0,1.0,1.0,1.0,0.0,0.0,0.0,3,0,0
2354,46,25,21,10,12,11,13,8,5,0,3,0,0,0,0,0,0,0,0,0,0,0,0,1.0,1.0,1.0,0.0,0.0,0.0,3,0,0
2355,46,25,21,7,15,11,13,8,5,0,3,0,0,0,0,0,0,0,0,0,0,0,0,1.0,1.0,1.0,0.0,0.0,0.0,3,0,0
2356,46,25,21,7,15,11,13,8,5,0,3,0,0,0,0,0,0,0,0,0,0,0,0,1.0,1.0,1.0,0.0,0.0,0.0,3,0,0
2357,46,25,21,7,15,11,13,8,5,0,2,0,0,0,0,0,0,0,0,0,0,0,0,1.0,1.0,1.0,0.0,0.0,0.0,3,0,0
2358,46,25,21,7,15,11,13,8,6,0,2,0,0,0,0,0,3,1,0,0,0,0,0,1.0,1.0,1.0,0.0,0.0,0.3333333333333333,3,0,0
2359,46,25,21,7,15,11,13,8,6,0,2,0,0,0,0,0,0,0,0,0,0,0,0,1.0,1.0,1.0,0.0,0.0,0.0,3,0,0
2360,46,25,21,7,15,11,13,8,6,0,2,0,0,0,0,0,0,0,0,0,0,0,0,1.0,1.0,1.0,0.0,0.0,0.0,3,0,0
2361,46,25,21,7,15,11,13,8,6,0,2,0,0,0,0,0,0,0,0,0,0,0,0,1.0,1.0,1.0,0.0,0.0,0.0,3,0,0
2362,46,25,21,7,15,11,13,8,6,0,2,0,0,0,0,0,0,0,0,0,0,0,0,1.0,1.0,1.0,0.0,0.0,0.0,3,0,0
2363,46,25,21,7,15,11,13,8,6,0,2,0,0,0,0,0,0,0,0,0,0,0,0,1.0,1.0,1.0,0.0,0.0,0.0,3,0,0
2364,46,25,21,7,15,11,13,8,6,0,2,0,0,0,0,0,0,0,0,0,0,0,0,1.0,1.0,1.0,0.0,0.0,0.0,3,0,0
2365,46,25,21,7,15,11,13,8,6,0,2,0,0,0,0,0,0,0,0,0,0,0,0,1.0,1.0,1.0,0.0,0.0,0.0,3,0,0
2366,46,25,21,7,15,11,13,8,6,0,2,0,0,0,0,0,0,0,0,0,0,0,0,1.0,1.0,1.0,0.0,0.0,0.0,3,0,0
2367,46,25,21,3,19,11,13,8,6,0,2,0,0,0,0,0,0,0,0,0,0,0,0,1.0,1.0,1.0,0.0,0.0,0.0,3,0,0
2368,46,25,21,3,19,11,13,8,6,0,2,0,0,0,0,0,0,0,0,0,0,0,0,1.0,1.0,1.0,0.0,0.0,0.0,3,0,0
2369,46,25,21,3,19,11,13,8,6,0,1,0,0,0,0,0,0,0,0,0,0,0,0,1.0,1.0,1.0,0.0,0.0,0.0,3,0,0
2370,46,25,21,3,19,11,13,8,6,0,1,0,0,0,0,0,2,0,0,0,0,0,0,1.0,1.0,1.0,0.0,0.0,0.0,3,0,0
2371,44,23,21,3,17,11,13,8,7,0,1,0,0,0,0,0,2,1,0,0,2,0,2,0.9090909090909091,1.0,1.0,0.0,0.0,0.5,3,0,2
2372,44,23,21,3,17,11,13,8,7,0,1,0,0,0,0,0,0,0,0,0,0,0,0,1.0,1.0,1.0,0.0,0.0,0.0,3,0,0
2373,42,22,20,3,16,10,13,8,7,0,1,0,0,1,1,0,0,0,0,0,1,0,2,0.95,1.0,1.0,0.0,0.0,0.0,3,0,2
2374,42,22,20,3,16,10,13,8,7,0,1,0,0,0,0,0,0,0,0,0,0,0,0,1.0,1.0,1.0,0.0,0.0,0.0,3,0,0
2375,40,20,20,3,14,10,13,8,7,0,1,0,0,2,0,0,0,0,0,0,2,0,2,0.8947368421052632,1.0,1.0,0.0,0.0,0.0,3,0,2
2376,44,21,23,7,14,10,13,8,6,0,2,0,0,0,0,0,0,0,0,1,0,0,0,1.0,1.0,1.0,0.1,0.1,0.0,3,4,0
2377,42,21,21,7,13,10,12,7,5,0,2,0,0,0,2,0,0,0,0,0,1,0,2,0.9523809523809523,1.0,0.875,0.0,0.0,0.0,3,0,2
2378,42,21,21,7,13,10,12,7,5,0,2,0,0,0,0,0,0,0,0,0,0,0,0,1.0,1.0,1.0,0.0,0.0,0.0,3,0,0
2379,42,21,21,7,13,10,12,7,5,0,2,0,0,0,0,0,0,0,0,0,0,0,0,1.0,1.0,1.0,0.0,0.0,0.0,3,0,0
2380,42,21,21,7,13,10,12,7,5,0,2,0,0,0,0,0,0,0,0,0,0,0,0,1.0,1.0,1.0,0.0,0.0,0.0,3,0,0
2381,45,21,24,10,13,10,12,7,4,0,3,0,0,0,0,0,0,0,0,1,0,0,0,1.0,1.0,1.0,0.07142857142857142,0.07142857142857142,0.0,3,3,0
2382,45,21,24,10,13,10,12,7,4,0,3,0,0,0,0,0,0,0,0,0,0,0,0,1.0,1.0,1.0,0.0,0.0,0.0,3,0,0
2383,45,21,24,10,13,10,12,7,4,0,3,0,0,0,0,0,0,0,0,0,0,0,0,1.0,1.0,1.0,0.0,0.0,0.0,3,0,0
2384,45,21,24,10,13,10,12,7,4,0,3,0,0,0,0,0,0,0,0,0,0,0,0,1.0,1.0,1.0,0.0,0.0,0.0,3,0,0
2385,45,21,24,10,13,10,12,7,4,0,3,0,0,0,0,0,0,0,0,0,0,0,0,1.0,1.0,1.0,0.0,0.0,0.0,3,0,0
2386,45,21,24,10,13,10,12,7,4,0,3,0,0,0,0,0,0,0,0,0,0,0,0,1.0,1.0,1.0,0.0,0.0,0.0,3,0,0
2387,45,21,24,10,13,10,12,7,4,0,3,0,0,0,0,0,0,0,0,0,0,0,0,1.0,1.0,1.0,0.0,0.0,0.0,3,0,0
2388,45,21,24,10,13,10,12,7,4,0,3,0,0,0,0,0,0,0,0,0,0,0,0,1.0,1.0,1.0,0.0,0.0,0.0,3,0,0
2389,45,21,24,10,13,10,12,7,4,0,3,0,0,0,0,0,0,0,0,0,0,0,0,1.0,1.0,1.0,0.0,0.0,0.0,3,0,0
2390,45,21,24,10,13,10,12,7,4,0,3,0,0,0,0,0,0,0,0,0,0,0,0,1.0,1.0,1.0,0.0,0.0,0.0,3,0,0
2391,44,21,23,9,13,10,12,7,4,0,3,0,0,0,0,0,0,0,0,0,1,0,1,0.9565217391304348,1.0,1.0,0.0,0.0,0.0,3,0,1
2392,44,21,23,9,13,10,12,7,4,0,3,0,0,0,0,0,0,0,0,0,0,0,0,1.0,1.0,1.0,0.0,0.0,0.0,3,0,0
2393,44,21,23,6,16,10,12,7,4,0,3,0,0,0,0,0,0,0,0,0,0,0,0,1.0,1.0,1.0,0.0,0.0,0.0,3,0,0
2394,44,21,23,6,16,10,12,7,4,0,3,0,0,0,0,0,0,0,0,0,0,0,0,1.0,1.0,1.0,0.0,0.0,0.0,3,0,0
2395,44,21,23,6,16,10,12,7,4,0,2,0,0,0,0,0,0,0,0,0,0,0,0,1.0,1.0,1.0,0.0,0.0,0.0,3,0,0
2396,51,25,26,13,16,10,12,7,3,0,4,0,0,0,0,0,4,1,0,2,0,0,0,1.0,1.0,1.0,0.1590909090909091,0.1590909090909091,0.25,3,7,0
2397,50,25,25,13,15,10,12,7,3,0,4,0,0,0,0,0,0,0,0,0,1,0,1,0.9655172413793104,1.0,1.0,0.0,0.0,0.0,3,0,1
2398,54,26,28,17,15,10,12,7,2,0,5,0,0,0,0,0,0,0,0,1,0,0,0,1.0,1.0,1.0,0.08,0.08,0.0,3,4,0
2399,53,25,28,17,14,10,12,7,2,0,5,0,0,0,0,0,0,0,0,0,1,0,1,0.96875,1.0,1.0,0.0,0.0,0.0,3,0,1
2400,53,25,28,17,14,10,12,7,2,0,5,0,0,0,0,0,0,0,0,0,0,0,0,1.0,1.0,1.0,0.0,0.0,0.0,3,0,0
2401,53,25,28,17,14,10,12,7,2,0,5,0,0,0,0,0,0,0,0,0,0,0,0,1.0,1.0,1.0,0.0,0.0,0.0,3,0,0
2402,51,23,28,16,13,10,12,7,2,0,5,0,0,0,0,0,0,0,0,0,2,0,2,0.935483870967742,1.0,1.0,0.0,0.0,0.0,3,0,2
2403,51,23,28,16,13,10,12,7,2,0,5,0,0,0,0,0,0,0,0,0,0,0,0,1.0,1.0,1.0,0.0,0.0,0.0,3,0,0
2404,51,23,28,16,13,10,12,7,2,0,5,0,0,0,0,0,0,0,0,0,0,0,0,1.0,1.0,1.0,0.0,0.0,0.0,3,0,0
2405,49,22,27,16,12,9,12,7,2,0,5,0,0,0,0,0,0,0,0,0,1,0,1,0.9655172413793104,1.0,1.0,0.0,0.0,0.0,3,0,2
2406,48,22,26,16,11,9,12,7,2,0,5,0,0,0,0,0,0,0,0,0,1,0,1,0.9642857142857143,1.0,1.0,0.0,0.0,0.0,3,0,1
2407,47,21,26,16,10,9,12,7,2,0,5,0,0,0,0,0,0,0,0,0,1,0,1,0.962962962962963,1.0,1.0,0.0,0.0,0.0,3,0,1
2408,47,21,26,16,10,9,12,7,2,0,5,0,0,0,0,0,0,0,0,0,0,0,0,1.0,1.0,1.0,0.0,0.0,0.0,3,0,0
2409,45,19,26,15,10,9,11,7,2,0,5,0,0,0,0,0,0,0,0,0,1,0,1,0.9615384615384616,0.8,1.0,0.0,0.0,0.0,3,0,2
2410,45,19,26,15,10,9,11,7,2,0,5,0,0,0,0,0,0,0,0,0,0,0,0,1.0,1.0,1.0,0.0,0.0,0.0,3,0,0
2411,45,19,26,15,10,9,11,7,2,0,5,0,0,0,0,0,0,0,0,0,0,0,0,1.0,1.0,1.0,0.0,0.0,0.0,3,0,0
2412,43,18,25,14,10,7,12,7,2,0,5,0,0,0,0,0,0,0,0,0,1,0,1,0.96,1.0,1.0,0.0,0.0,0.0,3,0,2
2413,43,18,25,14,10,7,12,7,2,0,5,0,0,0,0,0,0,0,0,0,0,0,0,1.0,1.0,1.0,0.0,0.0,0.0,3,0,0
2414,43,18,25,14,10,7,12,7,2,0,5,0,0,0,0,0,0,0,0,0,0,0,0,1.0,1.0,1.0,0.0,0.0,0.0,3,0,0
2415,43,18,25,14,10,7,12,7,2,0,5,0,0,0,0,0,0,0,0,0,0,0,0,1.0,1.0,1.0,0.0,0.0,0.0,3,0,0
2416,42,18,24,13,10,7,12,7,2,0,5,0,0,0,0,0,0,0,0,0,1,0,1,0.9583333333333334,1.0,1.0,0.0,0.0,0.0,3,0,1
2417,42,18,24,13,10,6,13,8,3,0,5,0,0,0,0,0,6,1,0,0,0,0,0,1.0,1.0,1.0,0.0,0.0,0.16666666666666666,3,0,0
2418,42,18,24,13,10,6,13,8,3,0,5,0,0,0,0,0,0,0,0,0,0,0,0,1.0,1.0,1.0,0.0,0.0,0.0,3,0,0
2419,42,18,24,11,12,6,13,8,3,0,5,0,0,0,0,0,0,0,0,0,0,0,0,1.0,1.0,1.0,0.0,0.0,0.0,3,0,0
2420,41,18,23,11,11,6,13,8,3,0,5,0,0,0,0,0,0,0,0,0,1,0,1,0.9565217391304348,1.0,1.0,0.0,0.0,0.0,3,0,1
2421,40,17,23,11,11,6,12,8,3,0,4,0,0,0,0,0,0,0,0,0,0,0,0,1.0,0.8,1.0,0.0,0.0,0.0,3,0,1
2422,40,17,23,11,11,6,12,8,4,0,4,0,0,0,0,0,3,1,0,0,0,0,0,1.0,1.0,1.0,0.0,0.0,0.3333333333333333,3,0,0
2423,40,17,23,11,11,6,12,8,4,0,4,0,0,0,0,0,0,0,0,0,0,0,0,1.0,1.0,1.0,0.0,0.0,0.0,3,0,0
2424,40,17,23,8,14,6,12,8,4,0,4,0,0,0,0,0,0,0,0,0,0,0,0,1.0,1.0,1.0,0.0,0.0,0.0,3,0,0
2425,40,17,23,8,14,6,12,8,4,0,4,0,0,0,0,0,0,0,0,0,0,0,0,1.0,1.0,1.0,0.0,0.0,0.0,3,0,0
2426,40,17,23,8,14,6,12,8,4,0,3,0,0,0,0,0,0,0,0,0,0,0,0,1.0,1.0,1.0,0.0,0.0,0.0,3,0,0
2427,40,17,23,8,14,6,12,8,5,0,3,0,0,0,0,0,6,1,0,0,0,0,0,1.0,1.0,1.0,0.0,0.0,0.16666666666666666,3,0,0
2428,40,17,23,8,14,6,12,8,5,0,3,0,0,0,0,0,0,0,0,0,0,0,0,1.0,1.0,1.0,0.0,0.0,0.0,3,0,0
2429,40,17,23,8,14,6,12,8,5,0,3,0,0,0,0,0,0,0,0,0,0,0,0,1.0,1.0,1.0,0.0,0.0,0.0,3,0,0
2430,40,17,23,8,14,6,12,8,5,0,3,0,0,0,0,0,0,0,0,0,0,0,0,1.0,1.0,1.0,0.0,0.0,0.0,3,0,0
2431,40,17,23,8,14,6,12,8,5,0,3,0,0,0,0,0,0,0,0,0,0,0,0,1.0,1.0,1.0,0.0,0.0,0.0,3,0,0
2432,40,17,23,8,14,6,12,8,5,0,3,0,0,0,0,0,0,0,0,0,0,0,0,1.0,1.0,1.0,0.0,0.0,0.0,3,0,0
2433,40,17,23,8,14,6,12,8,5,0,3,0,0,0,0,0,0,0,0,0,0,0,0,1.0,1.0,1.0,0.0,0.0,0.0,3,0,0
2434,40,17,23,8,14,6,12,8,5,0,3,0,0,0,0,0,0,0,0,0,0,0,0,1.0,1.0,1.0,0.0,0.0,0.0,3,0,0
2435,40,17,23,8,14,6,12,8,5,0,3,0,0,0,0,0,0,0,0,0,0,0,0,1.0,1.0,1.0,0.0,0.0,0.0,3,0,0
2436,43,18,25,11,14,6,12,8,4,0,4,0,0,0,0,0,0,0,0,1,0,0,0,1.0,1.0,1.0,0.075,0.075,0.0,3,3,0
2437,42,18,24,11,13,6,12,8,4,0,4,0,0,0,0,0,0,0,0,0,1,0,1,0.96,1.0,1.0,0.0,0.0,0.0,3,0,1
2438,41,18,23,10,13,6,12,8,4,0,4,0,0,0,0,0,0,0,0,0,1,0,1,0.9583333333333334,1.0,1.0,0.0,0.0,0.0,3,0,1
2439,41,18,23,4,19,6,12,8,4,0,4,0,0,0,0,0,0,0,0,0,0,0,0,1.0,1.0,1.0,0.0,0.0,0.0,3,0,0
2440,41,18,23,4,19,6,12,8,4,0,4,0,0,0,0,0,0,0,0,0,0,0,0,1.0,1.0,1.0,0.0,0.0,0.0,3,0,0
2441,41,18,23,3,20,6,12,8,4,0,2,0,0,0,0,0,0,0,0,0,0,0,0,1.0,1.0,1.0,0.0,0.0,0.0,3,0,0
2442,41,18,23,3,20,6,12,8,4,0,2,0,0,0,0,0,2,0,0,0,0,0,0,1.0,1.0,1.0,0.0,0.0,0.0,3,0,0
2443,41,18,23,3,20,6,12,8,6,0,1,0,0,0,0,0,7,2,0,0,0,0,0,1.0,1.0,1.0,0.0,0.0,0.2857142857142857,3,0,0
2444,41,18,23,3,20,6,12,8,7,0,1,0,0,0,0,0,2,1,0,0,0,0,0,1.0,1.0,1.0,0.0,0.0,0.5,3,0,0
2445,41,18,23,3,20,6,12,8,7,0,1,0,0,0,0,0,0,0,0,0,0,0,0,1.0,1.0,1.0,0.0,0.0,0.0,3,0,0
2446,41,18,23,3,20,6,12,8,7,0,1,0,0,0,0,0,0,0,0,0,0,0,0,1.0,1.0,1.0,0.0,0.0,0.0,3,0,0
2447,41,18,23,3,20,6,12,8,7,0,1,0,0,0,0,0,0,0,0,0,0,0,0,1.0,1.0,1.0,0.0,0.0,0.0,3,0,0
2448,41,18,23,3,20,6,12,8,7,0,1,0,0,0,0,0,0,0,0,0,0,0,0,1.0,1.0,1.0,0.0,0.0,0.0,3,0,0
2449,41,18,23,3,20,6,12,8,7,0,1,0,0,0,0,0,0,0,0,0,0,0,0,1.0,1.0,1.0,0.0,0.0,0.0,3,0,0
2450,41,18,23,3,20,6,12,8,7,0,1,0,0,0,0,0,0,0,0,0,0,0,0,1.0,1.0,1.0,0.0,0.0,0.0,3,0,0
2451,41,18,23,3,20,6,12,8,7,0,1,0,0,0,0,0,0,0,0,0,0,0,0,1.0,1.0,1.0,0.0,0.0,0.0,3,0,0
2452,41,18,23,3,20,6,12,8,7,0,1,0,0,0,0,0,0,0,0,0,0,0,0,1.0,1.0,1.0,0.0,0.0,0.0,3,0,0
2453,40,17,23,3,19,6,12,8,7,0,1,0,0,0,0,0,0,0,0,0,1,0,1,0.9565217391304348,1.0,1.0,0.0,0.0,0.0,3,0,1
2454,40,17,23,3,19,6,12,8,7,0,1,0,0,0,0,0,0,0,0,0,0,0,0,1.0,1.0,1.0,0.0,0.0,0.0,3,0,0
2455,40,17,23,3,19,6,12,8,7,0,1,0,0,0,0,0,0,0,0,0,0,0,0,1.0,1.0,1.0,0.0,0.0,0.0,3,0,0
2456,40,17,23,3,19,6,12,8,7,0,1,0,0,0,0,0,0,0,0,0,0,0,0,1.0,1.0,1.0,0.0,0.0,0.0,3,0,0
2457,40,17,23,3,19,6,12,8,7,0,1,0,0,0,0,0,0,0,0,0,0,0,0,1.0,1.0,1.0,0.0,0.0,0.0,3,0,0
2458,40,17,23,3,19,6,12,8,7,0,1,0,0,0,0,0,0,0,0,0,0,0,0,1.0,1.0,1.0,0.0,0.0,0.0,3,0,0
2459,40,17,23,3,19,6,12,8,7,0,1,0,0,0,0,0,0,0,0,0,0,0,0,1.0,1.0,1.0,0.0,0.0,0.0,3,0,0
2460,40,17,23,3,19,6,12,8,7,0,1,0,0,0,0,0,0,0,0,0,0,0,0,1.0,1.0,1.0,0.0,0.0,0.0,3,0,0
2461,44,20,24,7,19,6,12,8,6,0,2,0,0,0,0,0,0,0,0,1,0,0,0,1.0,1.0,1.0,0.1,0.1,0.0,3,4,0
2462,44,20,24,7,19,6,12,8,6,0,2,0,0,0,0,0,0,0,0,0,0,0,0,1.0,1.0,1.0,0.0,0.0,0.0,3,0,0
2463,44,20,24,7,19,6,12,8,6,0,2,0,0,0,0,0,0,0,0,0,0,0,0,1.0,1.0,1.0,0.0,0.0,0.0,3,0,0
2464,44,20,24,7,19,6,12,8,6,0,2,0,0,0,0,0,0,0,0,0,0,0,0,1.0,1.0,1.0,0.0,0.0,0.0,3,0,0
2465,40,19,21,7,18,5,10,6,5,0,1,0,0,1,3,0,0,0,0,0,1,1,4,0.9615384615384616,1.0,0.75,0.0,0.0,0.0,3,0,4
2466,36,18,18,5,18,3,10,5,5,0,0,0,0,1,3,0,0,0,0,0,2,2,4,0.92,1.0,0.8333333333333334,0.0,0.0,0.0,3,0,4
2467,35,17,18,5,17,2,11,5,5,0,0,0,0,1,0,0,0,0,0,0,1,0,1,0.9565217391304348,1.0,1.0,0.0,0.0,0.0,3,0,1
2468,34,16,18,5,17,2,10,5,5,0,0,0,0,1,0,0,0,0,0,0,0,0,1,1.0,0.8333333333333334,1.0,0.0,0.0,0.0,3,0,1
2469,34,16,18,5,16,3,10,5,5,0,0,0,0,0,0,0,0,0,0,0,0,0,0,1.0,1.0,1.0,0.0,0.0,0.0,3,0,0
2470,32,16,16,5,13,4,10,5,5,0,0,0,0,0,2,0,0,0,0,0,1,0,2,0.9473684210526316,1.0,1.0,0.0,0.0,0.0,3,0,2
2471,32,16,16,5,13,4,10,5,5,0,0,0,0,0,0,0,0,0,0,0,0,0,0,1.0,1.0,1.0,0.0,0.0,0.0,3,0,0
2472,32,16,16,5,13,4,10,5,5,0,0,0,0,0,0,0,0,0,0,0,0,0,0,1.0,1.0,1.0,0.0,0.0,0.0,3,0,0
2473,32,16,16,5,13,4,10,5,5,0,0,0,0,0,0,0,0,0,0,0,0,0,0,1.0,1.0,1.0,0.0,0.0,0.0,3,0,0
2474,32,16,16,5,13,4,10,5,5,0,0,0,0,0,0,0,0,0,0,0,0,0,0,1.0,1.0,1.0,0.0,0.0,0.0,3,0,0
2475,32,16,16,5,13,4,10,5,5,0,0,0,0,0,0,0,0,0,0,0,0,0,0,1.0,1.0,1.0,0.0,0.0,0.0,3,0,0
2476,32,16,16,5,13,4,10,5,5,0,0,0,0,0,0,0,0,0,0,0,0,0,0,1.0,1.0,1.0,0.0,0.0,0.0,3,0,0
2477,32,16,16,5,13,3,11,5,5,0,0,0,0,0,0,0,0,0,0,0,0,0,0,1.0,1.0,1.0,0.0,0.0,0.0,3,0,0
2478,32,16,16,5,13,3,11,5,5,0,0,0,0,0,0,0,0,0,0,0,0,0,0,1.0,1.0,1.0,0.0,0.0,0.0,3,0,0
2479,32,16,16,3,15,3,11,5,5,0,0,0,0,0,0,0,0,0,0,0,0,0,0,1.0,1.0,1.0,0.0,0.0,0.0,3,0,0
2480,32,16,16,3,15,3,11,5,5,0,0,0,0,0,0,0,0,0,0,0,0,0,0,1.0,1.0,1.0,0.0,0.0,0.0,3,0,0
2481,32,16,16,3,15,3,11,5,5,0,0,0,0,0,0,0,0,0,0,0,0,0,0,1.0,1.0,1.0,0.0,0.0,0.0,3,0,0
2482,35,17,18,6,15,3,11,5,4,0,1,0,0,0,0,0,0,0,0,1,0,0,0,1.0,1.0,1.0,0.09375,0.09375,0.0,3,3,0
2483,35,17,18,6,15,3,11,5,4,0,1,0,0,0,0,0,0,0,0,0,0,0,0,1.0,1.0,1.0,0.0,0.0,0.0,3,0,0
2484,35,17,18,6,15,3,11,5,4,0,1,0,0,0,0,0,0,0,0,0,0,0,0,1.0,1.0,1.0,0.0,0.0,0.0,3,0,0
2485,35,17,18,6,15,3,11,5,4,0,1,0,0,0,0,0,0,0,0,0,0,0,0,1.0,1.0,1.0,0.0,0.0,0.0,3,0,0
2486,35,17,18,6,15,3,11,5,4,0,1,0,0,0,0,0,0,0,0,0,0,0,0,1.0,1.0,1.0,0.0,0.0,0.0,3,0,0
2487,38,19,19,9,15,3,11,5,3,0,2,0,0,0,0,0,0,0,0,1,0,0,0,1.0,1.0,1.0,0.08571428571428572,0.08571428571428572,0.0,3,3,0
2488,38,19,19,9,15,3,11,5,3,0,2,0,0,0,0,0,0,0,0,0,0,0,0,1.0,1.0,1.0,0.0,0.0,0.0,3,0,0
2489,38,19,19,9,15,3,11,5,3,0,2,0,0,0,0,0,0,0,0,0,0,0,0,1.0,1.0,1.0,0.0,0.0,0.0,3,0,0
2490,38,19,19,9,15,3,11,5,3,0,2,0,0,0,0,0,0,0,0,0,0,0,0,1.0,1.0,1.0,0.0,0.0,0.0,3,0,0
2491,38,19,19,9,15,3,11,5,3,0,2,0,0,0,0,0,0,0,0,0,0,0,0,1.0,1.0,1.0,0.0,0.0,0.0,3,0,0
2492,42,23,19,13,15,3,11,5,2,0,3,0,0,0,0,0,0,0,0,1,0,2,0,1.0,1.0,1.0,0.10526315789473684,0.10526315789473684,0.0,3,4,0
2493,42,23,19,13,15,3,11,5,2,0,3,0,0,0,0,0,0,0,0,0,0,0,0,1.0,1.0,1.0,0.0,0.0,0.0,3,0,0
2494,42,23,19,13,15,3,11,5,2,0,3,0,0,0,0,0,0,0,0,0,0,0,0,1.0,1.0,1.0,0.0,0.0,0.0,3,0,0
2495,42,23,19,13,15,3,11,5,2,0,3,0,0,0,0,0,0,0,0,0,0,0,0,1.0,1.0,1.0,0.0,0.0,0.0,3,0,0
2496,42,23,19,13,13,5,11,5,2,0,3,0,0,0,0,0,0,0,0,0,0,0,0,1.0,1.0,1.0,0.0,0.0,0.0,3,0,0
2497,42,23,19,13,13,5,11,5,2,0,3,0,0,0,0,0,0,0,0,0,0,0,0,1.0,1.0,1.0,0.0,0.0,0.0,3,0,0
2498,42,23,19,13,13,5,11,5,2,0,3,0,0,0,0,0,0,0,0,0,0,0,0,1.0,1.0,1.0,0.0,0.0,0.0,3,0,0
2499,42,23,19,13,13,5,11,5,2,0,3,0,0,0,0,0,0,0,0,0,0,0,0,1.0,1.0,1.0,0.0,0.0,0.0,3,0,0
2500,42,23,19,13,13,5,11,5,2,0,3,0,0,0,0,0,0,0,0,0,0,0,0,1.0,1.0,1.0,0.0,0.0,0.0,3,0,0
2501,42,23,19,13,13,5,11,5,2,0,3,0,0,0,0,0,0,0,0,0,0,0,0,1.0,1.0,1.0,0.0,0.0,0.0,3,0,0
2502,42,23,19,13,13,5,11,5,2,0,3,0,0,0,0,0,0,0,0,0,0,0,0,1.0,1.0,1.0,0.0,0.0,0.0,3,0,0
2503,42,23,19,13,13,5,11,5,2,0,3,0,0,0,0,0,0,0,0,0,0,0,0,1.0,1.0,1.0,0.0,0.0,0.0,3,0,0
2504,42,23,19,10,16,5,11,5,2,0,3,0,0,0,0,0,0,0,0,0,0,1,0,1.0,1.0,1.0,0.0,0.0,0.0,3,0,0
2505,42,23,19,10,16,5,11,5,2,0,3,0,0,0,0,0,0,0,0,0,0,0,0,1.0,1.0,1.0,0.0,0.0,0.0,3,0,0
2506,42,23,19,10,16,5,11,5,2,0,3,0,0,0,0,0,0,0,0,0,0,0,0,1.0,1.0,1.0,0.0,0.0,0.0,3,0,0
2507,42,23,19,10,16,5,11,5,2,0,3,0,0,0,0,0,0,0,0,0,0,0,0,1.0,1.0,1.0,0.0,0.0,0.0,3,0,0
2508,46,26,20,14,15,6,11,5,1,0,4,0,0,0,0,0,0,0,0,1,0,0,0,1.0,1.0,1.0,0.09523809523809523,0.09523809523809523,0.0,3,4,0
2509,50,29,21,18,15,6,11,5,0,0,5,0,0,0,0,0,0,0,0,1,0,0,0,1.0,1.0,1.0,0.08695652173913043,0.08695652173913043,0.0,3,4,0
2510,49,28,21,18,14,6,11,5,0,0,5,0,0,0,0,0,0,0,0,0,1,0,1,0.9696969696969697,1.0,1.0,0.0,0.0,0.0,3,0,1
2511,49,28,21,18,14,6,11,5,0,0,5,0,0,0,0,0,0,0,0,0,0,0,0,1.0,1.0,1.0,0.0,0.0,0.0,3,0,0
2512,49,28,21,18,14,6,11,5,0,0,5,0,0,0,0,0,0,0,0,0,0,0,0,1.0,1.0,1.0,0.0,0.0,0.0,3,0,0
2513,49,28,21,18,14,6,11,5,0,0,5,0,0,0,0,0,0,0,0,0,0,0,0,1.0,1.0,1.0,0.0,0.0,0.0,3,0,0
2514,49,28,21,18,14,6,11,5,0,0,5,0,0,0,0,0,0,0,0,0,0,0,0,1.0,1.0,1.0,0.0,0.0,0.0,3,0,0
2515,49,28,21,18,14,6,11,5,0,0,5,0,0,0,0,0,0,0,0,0,0,0,0,1.0,1.0,1.0,0.0,0.0,0.0,3,0,0
2516,49,28,21,18,14,6,11,5,0,0,5,0,0,0,0,0,0,0,0,0,0,0,0,1.0,1.0,1.0,0.0,0.0,0.0,3,0,0
2517,49,28,21,18,14,6,11,5,0,0,5,0,0,0,0,0,0,0,0,0,0,0,0,1.0,1.0,1.0,0.0,0.0,0.0,3,0,0
2518,49,28,21,18,14,6,11,5,0,0,5,0,0,0,0,0,0,0,0,0,0,0,0,1.0,1.0,1.0,0.0,0.0,0.0,3,0,0
2519,47,27,20,18,12,6,11,5,0,0,5,0,0,0,0,0,0,0,0,0,2,0,2,0.9375,1.0,1.0,0.0,0.0,0.0,3,0,2
2520,47,27,20,18,12,6,11,5,0,0,5,0,0,0,0,0,0,0,0,0,0,0,0,1.0,1.0,1.0,0.0,0.0,0.0,3,0,0
2521,47,27,20,18,12,6,11,5,0,0,5,0,0,0,0,0,0,0,0,0,0,0,0,1.0,1.0,1.0,0.0,0.0,0.0,3,0,0
2522,46,27,19,18,12,5,11,5,0,0,5,0,0,0,0,0,0,0,0,0,0,0,0,1.0,1.0,1.0,0.0,0.0,0.0,3,0,1
2523,45,26,19,17,12,5,11,5,0,0,5,0,0,0,0,0,0,0,0,0,1,0,1,0.9666666666666667,1.0,1.0,0.0,0.0,0.0,3,0,1
2524,45,26,19,17,12,5,11,5,0,0,5,0,0,0,0,0,0,0,0,0,0,0,0,1.0,1.0,1.0,0.0,0.0,0.0,3,0,0
2525,45,26,19,15,14,5,11,5,0,0,5,0,0,0,0,0,0,0,0,0,0,0,0,1.0,1.0,1.0,0.0,0.0,0.0,3,0,0
2526,45,26,19,15,14,5,11,5,0,0,5,0,0,0,0,0,0,0,0,0,0,0,0,1.0,1.0,1.0,0.0,0.0,0.0,3,0,0
2527,44,25,19,14,14,5,11,5,0,0,4,0,0,0,0,0,0,0,0,0,1,0,1,0.9655172413793104,1.0,1.0,0.0,0.0,0.0,3,0,1
2528,44,25,19,14,14,5,11,5,0,0,4,0,0,0,0,0,0,0,0,0,0,0,0,1.0,1.0,1.0,0.0,0.0,0.0,3,0,0
2529,44,25,19,14,14,5,11,5,0,0,4,0,0,0,0,0,0,0,0,0,0,0,0,1.0,1.0,1.0,0.0,0.0,0.0,3,0,0
2530,44,25,19,11,17,5,11,5,0,0,4,0,0,0,0,0,0,0,0,0,0,2,0,1.0,1.0,1.0,0.0,0.0,0.0,3,0,0
2531,44,25,19,11,17,5,11,5,0,0,4,0,0,0,0,0,0,0,0,0,0,0,0,1.0,1.0,1.0,0.0,0.0,0.0,3,0,0
2532,44,25,19,11,17,5,11,5,0,0,3,0,0,0,0,0,0,0,0,0,0,0,0,1.0,1.0,1.0,0.0,0.0,0.0,3,0,0
2533,44,25,19,11,17,5,11,5,0,0,3,0,0,0,0,0,0,0,0,0,0,0,0,1.0,1.0,1.0,0.0,0.0,0.0,3,0,0
2534,43,24,19,10,15,7,11,5,0,0,3,0,0,0,0,0,0,0,0,0,1,0,1,0.9615384615384616,1.0,1.0,0.0,0.0,0.0,3,0,1
2535,43,24,19,8,17,7,11,5,0,0,3,0,0,0,0,0,0,0,0,0,0,0,0,1.0,1.0,1.0,0.0,0.0,0.0,3,0,0
2536,43,24,19,8,17,7,11,5,0,0,3,0,0,0,0,0,0,0,0,0,0,0,0,1.0,1.0,1.0,0.0,0.0,0.0,3,0,0
2537,42,23,19,8,16,7,11,5,0,0,2,0,0,0,0,0,0,0,0,0,1,0,1,0.96,1.0,1.0,0.0,0.0,0.0,3,0,1
2538,42,23,19,8,16,7,11,5,0,0,2,0,0,0,0,0,0,0,0,0,0,0,0,1.0,1.0,1.0,0.0,0.0,0.0,3,0,0
2539,42,23,19,8,16,7,11,5,0,0,2,0,0,0,0,0,0,0,0,0,0,0,0,1.0,1.0,1.0,0.0,0.0,0.0,3,0,0
2540,42,23,19,8,16,7,11,5,0,0,2,0,0,0,0,0,0,0,0,0,0,0,0,1.0,1.0,1.0,0.0,0.0,0.0,3,0,0
2541,42,23,19,8,16,7,11,5,0,0,2,0,0,0,0,0,0,0,0,0,0,0,0,1.0,1.0,1.0,0.0,0.0,0.0,3,0,0
2542,42,23,19,8,16,7,11,5,0,0,2,0,0,0,0,0,0,0,0,0,0,0,0,1.0,1.0,1.0,0.0,0.0,0.0,3,0,0
2543,42,23,19,8,16,7,11,5,0,0,2,0,0,0,0,0,0,0,0,0,0,0,0,1.0,1.0,1.0,0.0,0.0,0.0,3,0,0
2544,42,23,19,8,16,7,11,5,0,0,2,0,0,0,0,0,0,0,0,0,0,0,0,1.0,1.0,1.0,0.0,0.0,0.0,3,0,0
2545,42,23,19,8,16,7,11,5,0,0,2,0,0,0,0,0,0,0,0,0,0,0,0,1.0,1.0,1.0,0.0,0.0,0.0,3,0,0
2546,41,23,18,8,15,7,11,5,0,0,2,0,0,0,0,0,0,0,0,0,1,0,1,0.9583333333333334,1.0,1.0,0.0,0.0,0.0,3,0,1
2547,41,23,18,8,15,7,11,5,0,0,2,0,0,0,0,0,0,0,0,0,0,0,0,1.0,1.0,1.0,0.0,0.0,0.0,3,0,0
2548,41,23,18,8,15,7,11,5,0,0,2,0,0,0,0,0,0,0,0,0,0,0,0,1.0,1.0,1.0,0.0,0.0,0.0,3,0,0
2549,41,23,18,8,15,7,11,5,0,0,2,0,0,0,0,0,0,0,0,0,0,0,0,1.0,1.0,1.0,0.0,0.0,0.0,3,0,0
2550,41,23,18,8,15,7,11,5,0,0,2,0,0,0,0,0,0,0,0,0,0,0,0,1.0,1.0,1.0,0.0,0.0,0.0,3,0,0
2551,41,23,18,4,19,7,11,5,0,0,2,0,0,0,0,0,0,0,0,0,0,0,0,1.0,1.0,1.0,0.0,0.0,0.0,3,0,0
2552,41,23,18,0,23,7,11,5,0,0,2,0,0,0,0,0,0,0,0,0,0,0,0,1.0,1.0,1.0,0.0,0.0,0.0,3,0,0
2553,41,23,18,0,23,7,11,5,0,0,1,0,0,0,0,0,0,0,0,0,0,0,0,1.0,1.0,1.0,0.0,0.0,0.0,3,0,0
2554,41,23,18,0,23,7,11,5,0,0,0,0,0,0,0,0,0,0,0,0,0,0,0,1.0,1.0,1.0,0.0,0.0,0.0,3,0,0
2555,36,19,17,0,20,6,10,6,0,0,0,0,0,4,1,0,0,0,0,0,3,0,5,0.8695652173913043,0.6666666666666667,1.0,0.0,0.0,0.0,3,0,5
2556,35,19,16,0,20,6,9,5,0,0,0,0,0,0,1,0,0,0,0,0,0,1,1,1.0,1.0,0.8333333333333334,0.0,0.0,0.0,3,0,1
2557,35,19,16,0,20,6,9,5,0,0,0,0,0,0,0,0,0,0,0,0,0,0,0,1.0,1.0,1.0,0.0,0.0,0.0,3,0,0
2558,32,17,15,0,17,6,9,5,0,0,0,0,0,2,1,0,0,0,0,0,3,0,3,0.85,1.0,1.0,0.0,0.0,0.0,3,0,3
2559,31,16,15,0,17,6,8,5,0,0,0,0,0,1,0,0,0,0,0,0,0,0,1,1.0,0.75,1.0,0.0,0.0,0.0,3,0,1
2560,30,15,15,0,15,7,8,5,0,0,0,0,0,1,0,0,0,0,0,0,1,0,1,0.9375,1.0,1.0,0.0,0.0,0.0,3,0,1
2561,29,14,15,0,15,7,7,5,0,0,0,0,0,1,0,0,0,0,0,0,0,1,1,1.0,0.6666666666666667,1.0,0.0,0.0,0.0,3,0,1
2562,29,14,15,0,15,7,7,5,0,0,0,0,0,0,0,0,0,0,0,0,0,0,0,1.0,1.0,1.0,0.0,0.0,0.0,3,0,0
2563,29,14,15,0,15,7,7,5,0,0,0,0,0,0,0,0,0,0,0,0,0,0,0,1.0,1.0,1.0,0.0,0.0,0.0,3,0,0
2564,29,14,15,0,15,7,7,5,0,0,0,0,0,0,0,0,0,0,0,0,0,0,0,1.0,1.0,1.0,0.0,0.0,0.0,3,0,0
2565,29,14,15,0,14,8,7,5,0,0,0,0,0,0,0,0,0,0,0,0,0,0,0,1.0,1.0,1.0,0.0,0.0,0.0,3,0,0
2566,29,14,15,0,14,8,7,5,0,0,0,0,0,0,0,0,0,0,0,0,0,0,0,1.0,1.0,1.0,0.0,0.0,0.0,3,0,0
2567,29,14,15,0,14,8,7,5,0,0,0,0,0,0,0,0,0,0,0,0,0,0,0,1.0,1.0,1.0,0.0,0.0,0.0,3,0,0
2568,29,14,15,0,14,8,7,5,0,0,0,0,0,0,0,0,0,0,0,0,0,0,0,1.0,1.0,1.0,0.0,0.0,0.0,3,0,0
2569,29,14,15,0,14,8,7,5,0,0,0,0,0,0,0,0,0,0,0,0,0,0,0,1.0,1.0,1.0,0.0,0.0,0.0,3,0,0
2570,29,14,15,0,14,8,7,5,0,0,0,0,0,0,0,0,0,0,0,0,0,0,0,1.0,1.0,1.0,0.0,0.0,0.0,3,0,0
2571,29,14,15,0,14,8,7,5,0,0,0,0,0,0,0,0,0,0,0,0,0,0,0,1.0,1.0,1.0,0.0,0.0,0.0,3,0,0
2572,29,14,15,0,14,8,7,5,0,0,0,0,0,0,0,0,0,0,0,0,0,0,0,1.0,1.0,1.0,0.0,0.0,0.0,3,0,0
2573,29,14,15,0,14,8,7,5,0,0,0,0,0,0,0,0,0,0,0,0,0,0,0,1.0,1.0,1.0,0.0,0.0,0.0,3,0,0
2574,29,14,15,0,14,8,7,5,0,0,0,0,0,0,0,0,0,0,0,0,0,0,0,1.0,1.0,1.0,0.0,0.0,0.0,3,0,0
2575,29,14,15,0,14,8,7,5,0,0,0,0,0,0,0,0,0,0,0,0,0,0,0,1.0,1.0,1.0,0.0,0.0,0.0,3,0,0
2576,29,14,15,0,14,8,7,5,0,0,0,0,0,0,0,0,0,0,0,0,0,2,0,1.0,1.0,1.0,0.0,0.0,0.0,3,0,0
2577,29,14,15,0,14,8,7,5,0,0,0,0,0,0,0,0,0,0,0,0,0,0,0,1.0,1.0,1.0,0.0,0.0,0.0,3,0,0
2578,29,14,15,0,14,8,7,5,0,0,0,0,0,0,0,0,0,0,0,0,0,1,0,1.0,1.0,1.0,0.0,0.0,0.0,3,0,0
2579,29,14,15,0,14,8,7,5,0,0,0,0,0,0,0,0,0,0,0,0,0,0,0,1.0,1.0,1.0,0.0,0.0,0.0,3,0,0
2580,28,14,14,0,12,10,6,4,0,0,0,0,0,0,0,0,0,0,0,0,0,0,0,1.0,1.0,0.8,0.0,0.0,0.0,3,0,1
2581,28,14,14,0,12,10,6,4,0,0,0,0,0,0,0,0,0,0,0,0,0,0,0,1.0,1.0,1.0,0.0,0.0,0.0,3,0,0
2582,28,14,14,0,11,11,6,4,0,0,0,0,0,0,0,0,0,0,0,0,0,0,0,1.0,1.0,1.0,0.0,0.0,0.0,3,0,0
2583,28,14,14,0,11,11,6,4,0,0,0,0,0,0,0,0,0,0,0,0,0,0,0,1.0,1.0,1.0,0.0,0.0,0.0,3,0,0
2584,28,14,14,0,11,11,6,4,0,0,0,0,0,0,0,0,0,0,0,0,0,0,0,1.0,1.0,1.0,0.0,0.0,0.0,3,0,0
2585,28,14,14,0,11,11,6,4,3,0,0,0,0,0,0,0,6,3,0,0,0,0,0,1.0,1.0,1.0,0.0,0.0,0.5,3,0,0
2586,28,14,14,0,11,11,6,4,4,0,0,0,0,0,0,0,3,1,0,0,0,0,0,1.0,1.0,1.0,0.0,0.0,0.3333333333333333,3,0,0
2587,28,14,14,0,11,11,6,4,4,0,0,0,0,0,0,0,0,0,0,0,0,0,0,1.0,1.0,1.0,0.0,0.0,0.0,3,0,0
2588,28,14,14,0,11,11,6,4,4,0,0,0,0,0,0,0,0,0,0,0,0,0,0,1.0,1.0,1.0,0.0,0.0,0.0,3,0,0
2589,28,14,14,0,11,11,6,4,4,0,0,0,0,0,0,0,0,0,0,0,0,0,0,1.0,1.0,1.0,0.0,0.0,0.0,3,0,0
2590,28,14,14,0,11,11,6,4,4,0,0,0,0,0,0,0,0,0,0,0,0,0,0,1.0,1.0,1.0,0.0,0.0,0.0,3,0,0
2591,28,14,14,0,11,11,6,4,4,0,0,0,0,0,0,0,0,0,0,0,0,0,0,1.0,1.0,1.0,0.0,0.0,0.0,3,0,0
2592,28,14,14,0,11,11,6,4,4,0,0,0,0,0,0,0,0,0,0,0,0,0,0,1.0,1.0,1.0,0.0,0.0,0.0,3,0,0
2593,28,14,14,0,11,11,6,4,4,0,0,0,0,0,0,0,0,0,0,0,0,0,0,1.0,1.0,1.0,0.0,0.0,0.0,3,0,0
2594,28,14,14,0,11,11,6,4,4,0,0,0,0,0,0,0,0,0,0,0,0,0,0,1.0,1.0,1.0,0.0,0.0,0.0,3,0,0
2595,28,14,14,0,11,11,6,4,4,0,0,0,0,0,0,0,0,0,0,0,0,0,0,1.0,1.0,1.0,0.0,0.0,0.0,3,0,0
2596,28,14,14,0,11,11,6,4,4,0,0,0,0,0,0,0,0,0,0,0,0,0,0,1.0,1.0,1.0,0.0,0.0,0.0,3,0,0
2597,28,14,14,0,11,11,6,4,4,0,0,0,0,0,0,0,0,0,0,0,0,0,0,1.0,1.0,1.0,0.0,0.0,0.0,3,0,0
2598,28,14,14,0,11,11,6,4,4,0,0,0,0,0,0,0,0,0,0,0,0,0,0,1.0,1.0,1.0,0.0,0.0,0.0,3,0,0
2599,28,14,14,0,11,11,6,4,4,0,0,0,0,0,0,0,0,0,0,0,0,0,0,1.0,1.0,1.0,0.0,0.0,0.0,3,0,0
2600,28,14,14,0,11,11,6,4,4,0,0,0,0,0,0,0,0,0,0,0,0,0,0,1.0,1.0,1.0,0.0,0.0,0.0,3,0,0
2601,28,14,14,0,11,11,6,4,4,0,0,0,0,0,0,0,0,0,0,0,0,0,0,1.0,1.0,1.0,0.0,0.0,0.0,3,0,0
2602,28,14,14,0,11,11,6,4,4,0,0,0,0,0,0,0,0,0,0,0,0,0,0,1.0,1.0,1.0,0.0,0.0,0.0,3,0,0
2603,28,14,14,0,11,11,6,4,4,0,0,0,0,0,0,0,0,0,0,0,0,0,0,1.0,1.0,1.0,0.0,0.0,0.0,3,0,0
2604,28,14,14,0,11,11,6,4,4,0,0,0,0,0,0,0,0,0,0,0,0,0,0,1.0,1.0,1.0,0.0,0.0,0.0,3,0,0
2605,28,14,14,0,11,10,7,4,4,0,0,0,0,0,0,0,0,0,0,0,0,0,0,1.0,1.0,1.0,0.0,0.0,0.0,3,0,0
2606,28,14,14,0,11,10,7,4,4,0,0,0,0,0,0,0,0,0,0,0,0,0,0,1.0,1.0,1.0,0.0,0.0,0.0,3,0,0
2607,28,14,14,0,11,10,7,4,4,0,0,0,0,0,0,0,0,0,0,0,0,0,0,1.0,1.0,1.0,0.0,0.0,0.0,3,0,0
2608,28,14,14,0,11,10,7,4,4,0,0,0,0,0,0,0,0,0,0,0,0,0,0,1.0,1.0,1.0,0.0,0.0,0.0,3,0,0
2609,28,14,14,0,11,10,7,4,4,0,0,0,0,0,0,0,0,0,0,0,0,0,0,1.0,1.0,1.0,0.0,0.0,0.0,3,0,0
2610,28,14,14,0,11,10,7,4,4,0,0,0,0,0,0,0,0,0,0,0,0,0,0,1.0,1.0,1.0,0.0,0.0,0.0,3,0,0
2611,28,14,14,0,11,10,7,4,4,0,0,0,0,0,0,0,0,0,0,0,0,0,0,1.0,1.0,1.0,0.0,0.0,0.0,3,0,0
2612,28,14,14,0,11,10,7,4,4,0,0,0,0,0,0,0,0,0,0,0,0,0,0,1.0,1.0,1.0,0.0,0.0,0.0,3,0,0
2613,28,14,14,0,11,10,7,4,4,0,0,0,0,0,0,0,0,0,0,0,0,0,0,1.0,1.0,1.0,0.0,0.0,0.0,3,0,0
2614,27,14,13,0,11,9,7,4,4,0,0,0,0,0,0,0,0,0,0,0,0,0,0,1.0,1.0,1.0,0.0,0.0,0.0,3,0,1
2615,27,14,13,0,11,9,7,4,4,0,0,0,0,0,0,0,0,0,0,0,0,0,0,1.0,1.0,1.0,0.0,0.0,0.0,3,0,0
2616,27,14,13,0,11,9,7,4,4,0,0,0,0,0,0,0,0,0,0,0,0,1,0,1.0,1.0,1.0,0.0,0.0,0.0,3,0,0
2617,27,14,13,0,11,9,7,4,4,0,0,0,0,0,0,0,0,0,0,0,0,0,0,1.0,1.0,1.0,0.0,0.0,0.0,3,0,0
2618,27,14,13,0,11,9,7,4,4,0,0,0,0,0,0,0,0,0,0,0,0,0,0,1.0,1.0,1.0,0.0,0.0,0.0,3,0,0
2619,27,14,13,0,11,9,7,4,4,0,0,0,0,0,0,0,0,0,0,0,0,0,0,1.0,1.0,1.0,0.0,0.0,0.0,3,0,0
2620,27,14,13,0,10,10,7,4,4,0,0,0,0,0,0,0,0,0,0,0,0,0,0,1.0,1.0,1.0,0.0,0.0,0.0,3,0,0
2621,27,14,13,0,10,10,7,4,4,0,0,0,0,0,0,0,0,0,0,0,0,0,0,1.0,1.0,1.0,0.0,0.0,0.0,3,0,0
2622,27,14,13,0,10,10,7,4,4,0,0,0,0,0,0,0,0,0,0,0,0,0,0,1.0,1.0,1.0,0.0,0.0,0.0,3,0,0
2623,27,14,13,0,10,10,7,4,4,0,0,0,0,0,0,0,0,0,0,0,0,0,0,1.0,1.0,1.0,0.0,0.0,0.0,3,0,0
2624,27,14,13,0,10,10,7,4,4,0,0,0,0,0,0,0,0,0,0,0,0,0,0,1.0,1.0,1.0,0.0,0.0,0.0,3,0,0
2625,27,14,13,0,10,10,7,4,4,0,0,0,0,0,0,0,0,0,0,0,0,0,0,1.0,1.0,1.0,0.0,0.0,0.0,3,0,0
2626,27,14,13,0,10,10,7,4,4,0,0,0,0,0,0,0,0,0,0,0,0,0,0,1.0,1.0,1.0,0.0,0.0,0.0,3,0,0
2627,27,14,13,0,10,9,8,5,5,0,0,0,0,0,0,0,5,1,0,0,0,0,0,1.0,1.0,1.0,0.0,0.0,0.2,3,0,0
2628,27,14,13,0,10,9,8,5,5,0,0,0,0,0,0,0,0,0,0,0,0,0,0,1.0,1.0,1.0,0.0,0.0,0.0,3,0,0
2629,27,14,13,0,10,9,8,5,5,0,0,0,0,0,0,0,0,0,0,0,0,0,0,1.0,1.0,1.0,0.0,0.0,0.0,3,0,0
2630,27,14,13,0,10,9,8,5,5,0,0,0,0,0,0,0,0,0,0,0,0,0,0,1.0,1.0,1.0,0.0,0.0,0.0,3,0,0
2631,27,14,13,0,10,8,9,5,5,0,0,0,0,0,0,0,0,0,0,0,0,0,0,1.0,1.0,1.0,0.0,0.0,0.0,3,0,0
2632,27,14,13,0,10,8,9,5,5,0,0,0,0,0,0,0,0,0,0,0,0,0,0,1.0,1.0,1.0,0.0,0.0,0.0,3,0,0
2633,27,14,13,0,10,8,9,5,5,0,0,0,0,0,0,0,0,0,0,0,0,0,0,1.0,1.0,1.0,0.0,0.0,0.0,3,0,0
2634,27,14,13,0,10,8,9,5,5,0,0,0,0,0,0,0,0,0,0,0,0,0,0,1.0,1.0,1.0,0.0,0.0,0.0,3,0,0
2635,26,14,12,0,10,8,8,4,4,0,0,0,0,0,0,0,0,0,0,0,0,0,0,1.0,1.0,0.8,0.0,0.0,0.0,3,0,1
2636,26,14,12,0,10,8,8,4,4,0,0,0,0,0,0,0,0,0,0,0,0,0,0,1.0,1.0,1.0,0.0,0.0,0.0,3,0,0
2637,25,13,12,0,9,8,8,4,4,0,0,0,0,0,0,0,0,0,0,0,1,0,1,0.9,1.0,1.0,0.0,0.0,0.0,3,0,1
2638,25,13,12,0,9,8,8,4,4,0,0,0,0,0,0,0,0,0,0,0,0,0,0,1.0,1.0,1.0,0.0,0.0,0.0,3,0,0
2639,25,13,12,0,9,8,8,4,4,0,0,0,0,0,0,0,0,0,0,0,0,0,0,1.0,1.0,1.0,0.0,0.0,0.0,3,0,0
2640,25,13,12,0,9,8,8,4,4,0,0,0,0,0,0,0,0,0,0,0,0,0,0,1.0,1.0,1.0,0.0,0.0,0.0,3,0,0
2641,25,13,12,0,9,8,8,4,4,0,0,0,0,0,0,0,0,0,0,0,0,1,0,1.0,1.0,1.0,0.0,0.0,0.0,3,0,0
2642,25,13,12,0,9,8,8,4,4,0,0,0,0,0,0,0,0,0,0,0,0,0,0,1.0,1.0,1.0,0.0,0.0,0.0,3,0,0
2643,25,13,12,0,9,7,9,4,4,0,0,0,0,0,0,0,0,0,0,0,0,0,0,1.0,1.0,1.0,0.0,0.0,0.0,3,0,0
2644,25,13,12,0,9,7,9,4,4,0,0,0,0,0,0,0,0,0,0,0,0,0,0,1.0,1.0,1.0,0.0,0.0,0.0,3,0,0
2645,25,13,12,0,8,8,9,4,4,0,0,0,0,0,0,0,0,0,0,0,0,0,0,1.0,1.0,1.0,0.0,0.0,0.0,3,0,0
2646,25,13,12,0,8,8,9,4,4,0,0,0,0,0,0,0,0,0,0,0,0,0,0,1.0,1.0,1.0,0.0,0.0,0.0,3,0,0
2647,25,13,12,0,8,8,9,4,4,0,0,0,0,0,0,0,0,0,0,0,0,0,0,1.0,1.0,1.0,0.0,0.0,0.0,3,0,0
2648,25,13,12,0,8,8,9,4,4,0,0,0,0,0,0,0,0,0,0,0,0,0,0,1.0,1.0,1.0,0.0,0.0,0.0,3,0,0
2649,25,13,12,0,8,8,9,4,4,0,0,0,0,0,0,0,0,0,0,0,0,0,0,1.0,1.0,1.0,0.0,0.0,0.0,3,0,0
2650,32,17,15,7,8,8,9,4,2,0,2,0,0,0,0,0,0,0,0,2,0,0,0,1.0,1.0,1.0,0.28,0.28,0.0,3,7,0
2651,33,17,16,9,8,7,9,4,1,0,3,0,0,1,1,0,0,0,0,1,1,0,2,0.9333333333333333,1.0,1.0,0.09375,0.09375,0.0,3,3,2
2652,33,17,16,9,8,7,9,4,1,0,3,0,0,0,0,0,0,0,0,0,0,0,0,1.0,1.0,1.0,0.0,0.0,0.0,3,0,0
2653,33,17,16,9,8,7,9,4,1,0,3,0,0,0,0,0,0,0,0,0,0,0,0,1.0,1.0,1.0,0.0,0.0,0.0,3,0,0
2654,33,17,16,9,8,7,9,4,1,0,3,0,0,0,0,0,0,0,0,0,0,0,0,1.0,1.0,1.0,0.0,0.0,0.0,3,0,0
2655,33,17,16,9,8,7,9,4,1,0,3,0,0,0,0,0,0,0,0,0,0,0,0,1.0,1.0,1.0,0.0,0.0,0.0,3,0,0
2656,33,17,16,9,8,7,9,4,1,0,3,0,0,0,0,0,0,0,0,0,0,0,0,1.0,1.0,1.0,0.0,0.0,0.0,3,0,0
2657,33,17,16,9,8,7,9,4,1,0,3,0,0,0,0,0,0,0,0,0,0,0,0,1.0,1.0,1.0,0.0,0.0,0.0,3,0,0
2658,33,17,16,9,8,7,9,4,1,0,3,0,0,0,0,0,0,0,0,0,0,0,0,1.0,1.0,1.0,0.0,0.0,0.0,3,0,0
2659,33,17,16,9,8,7,9,4,1,0,3,0,0,0,0,0,0,0,0,0,0,0,0,1.0,1.0,1.0,0.0,0.0,0.0,3,0,0
2660,33,17,16,9,8,7,9,4,1,0,3,0,0,0,0,0,0,0,0,0,0,0,0,1.0,1.0,1.0,0.0,0.0,0.0,3,0,0
2661,33,17,16,9,8,7,9,4,1,0,3,0,0,0,0,0,0,0,0,0,0,0,0,1.0,1.0,1.0,0.0,0.0,0.0,3,0,0
2662,32,17,15,8,8,7,9,4,1,0,3,0,0,0,0,0,0,0,0,0,1,1,1,0.9411764705882353,1.0,1.0,0.0,0.0,0.0,3,0,1
2663,32,17,15,8,8,7,9,4,1,0,3,0,0,0,0,0,0,0,0,0,0,0,0,1.0,1.0,1.0,0.0,0.0,0.0,3,0,0
2664,32,17,15,8,8,7,9,4,1,0,3,0,0,0,0,0,0,0,0,0,0,0,0,1.0,1.0,1.0,0.0,0.0,0.0,3,0,0
2665,32,17,15,8,8,7,9,4,1,0,3,0,0,0,0,0,0,0,0,0,0,0,0,1.0,1.0,1.0,0.0,0.0,0.0,3,0,0
2666,32,17,15,8,7,8,9,4,1,0,3,0,0,0,0,0,0,0,0,0,0,0,0,1.0,1.0,1.0,0.0,0.0,0.0,3,0,0
2667,32,17,15,8,7,8,9,4,1,0,3,0,0,0,0,0,0,0,0,0,0,1,0,1.0,1.0,1.0,0.0,0.0,0.0,3,0,0
2668,32,17,15,8,7,8,9,4,1,0,3,0,0,0,0,0,0,0,0,0,0,0,0,1.0,1.0,1.0,0.0,0.0,0.0,3,0,0
2669,32,17,15,8,7,7,10,4,1,0,3,0,0,0,0,0,0,0,0,0,0,0,0,1.0,1.0,1.0,0.0,0.0,0.0,3,0,0
2670,32,17,15,8,7,7,10,4,1,0,3,0,0,0,0,0,0,0,0,0,0,0,0,1.0,1.0,1.0,0.0,0.0,0.0,3,0,0
2671,32,17,15,8,6,8,10,4,1,0,3,0,0,0,0,0,0,0,0,0,0,0,0,1.0,1.0,1.0,0.0,0.0,0.0,3,0,0
2672,32,17,15,8,6,8,10,4,1,0,3,0,0,0,0,0,0,0,0,0,0,1,0,1.0,1.0,1.0,0.0,0.0,0.0,3,0,0
2673,32,17,15,8,6,8,10,4,1,0,3,0,0,0,0,0,0,0,0,0,0,0,0,1.0,1.0,1.0,0.0,0.0,0.0,3,0,0
2674,32,17,15,8,6,8,10,4,1,0,3,0,0,0,0,0,0,0,0,0,0,0,0,1.0,1.0,1.0,0.0,0.0,0.0,3,0,0
2675,32,17,15,8,6,8,10,4,1,0,3,0,0,0,0,0,0,0,0,0,0,0,0,1.0,1.0,1.0,0.0,0.0,0.0,3,0,0
2676,32,17,15,8,5,9,10,4,1,0,3,0,0,0,0,0,0,0,0,0,0,0,0,1.0,1.0,1.0,0.0,0.0,0.0,3,0,0
2677,32,17,15,8,5,9,10,4,1,0,3,0,0,0,0,0,0,0,0,0,0,0,0,1.0,1.0,1.0,0.0,0.0,0.0,3,0,0
2678,32,17,15,8,5,9,10,4,1,0,3,0,0,0,0,0,0,0,0,0,0,0,0,1.0,1.0,1.0,0.0,0.0,0.0,3,0,0
2679,32,17,15,8,5,9,10,4,1,0,3,0,0,0,0,0,0,0,0,0,0,0,0,1.0,1.0,1.0,0.0,0.0,0.0,3,0,0
2680,32,17,15,8,5,9,10,4,1,0,3,0,0,0,0,0,0,0,0,0,0,0,0,1.0,1.0,1.0,0.0,0.0,0.0,3,0,0
2681,32,17,15,8,5,9,10,4,1,0,3,0,0,0,0,0,0,0,0,0,0,0,0,1.0,1.0,1.0,0.0,0.0,0.0,3,0,0
2682,32,17,15,8,5,9,10,4,1,0,3,0,0,0,0,0,0,0,0,0,0,0,0,1.0,1.0,1.0,0.0,0.0,0.0,3,0,0
2683,32,17,15,8,5,9,10,4,1,0,3,0,0,0,0,0,0,0,0,0,0,0,0,1.0,1.0,1.0,0.0,0.0,0.0,3,0,0
2684,32,17,15,8,5,9,10,4,1,0,3,0,0,0,0,0,0,0,0,0,0,0,0,1.0,1.0,1.0,0.0,0.0,0.0,3,0,0
2685,32,17,15,8,5,9,10,4,1,0,3,0,0,0,0,0,0,0,0,0,0,0,0,1.0,1.0,1.0,0.0,0.0,0.0,3,0,0
2686,32,17,15,8,5,9,10,4,1,0,3,0,0,0,0,0,0,0,0,0,0,0,0,1.0,1.0,1.0,0.0,0.0,0.0,3,0,0
2687,32,17,15,8,5,9,10,4,1,0,3,0,0,0,0,0,0,0,0,0,0,0,0,1.0,1.0,1.0,0.0,0.0,0.0,3,0,0
2688,32,17,15,8,5,9,10,4,1,0,3,0,0,0,0,0,0,0,0,0,0,2,0,1.0,1.0,1.0,0.0,0.0,0.0,3,0,0
2689,32,17,15,8,5,9,10,4,1,0,3,0,0,0,0,0,0,0,0,0,0,3,0,1.0,1.0,1.0,0.0,0.0,0.0,3,0,0
2690,32,17,15,8,5,9,10,4,1,0,3,0,0,0,0,0,0,0,0,0,0,0,0,1.0,1.0,1.0,0.0,0.0,0.0,3,0,0
2691,32,17,15,8,5,9,10,4,1,0,3,0,0,0,0,0,0,0,0,0,0,0,0,1.0,1.0,1.0,0.0,0.0,0.0,3,0,0
2692,36,20,16,12,3,11,10,4,0,0,4,0,0,0,0,0,0,0,0,1,0,0,0,1.0,1.0,1.0,0.125,0.125,0.0,3,4,0
2693,36,20,16,7,5,14,10,4,0,0,4,0,0,0,0,0,0,0,0,0,0,0,0,1.0,1.0,1.0,0.0,0.0,0.0,3,0,0
2694,36,20,16,4,8,14,10,4,0,0,4,0,0,0,0,0,0,0,0,0,0,0,0,1.0,1.0,1.0,0.0,0.0,0.0,3,0,0
2695,36,20,16,4,8,14,10,4,0,0,2,0,0,0,0,0,0,0,0,0,0,0,0,1.0,1.0,1.0,0.0,0.0,0.0,3,0,0
2696,36,20,16,4,8,14,10,4,1,0,1,0,0,0,0,0,8,1,0,0,0,0,0,1.0,1.0,1.0,0.0,0.0,0.125,3,0,0
2697,36,20,16,4,8,14,10,4,1,0,1,0,0,0,0,0,5,0,0,0,0,0,0,1.0,1.0,1.0,0.0,0.0,0.0,3,0,0
2698,36,20,16,4,8,14,10,4,2,0,1,0,0,0,0,0,2,1,0,0,0,0,0,1.0,1.0,1.0,0.0,0.0,0.5,3,0,0
2699,36,20,16,4,8,14,10,4,2,0,1,0,0,0,0,0,1,0,0,0,0,0,0,1.0,1.0,1.0,0.0,0.0,0.0,3,0,0
2700,36,20,16,4,8,14,10,4,2,1,1,0,0,0,0,0,2,0,1,0,0,0,0,1.0,1.0,1.0,0.0,0.0,0.0,3,0,0
2701,36,20,16,4,8,14,10,4,2,1,1,0,0,0,0,0,0,0,0,0,0,0,0,1.0,1.0,1.0,0.0,0.0,0.0,3,0,0
2702,36,20,16,4,8,14,10,4,2,1,1,0,0,0,0,0,0,0,0,0,0,0,0,1.0,1.0,1.0,0.0,0.0,0.0,3,0,0
2703,36,20,16,4,8,14,10,4,2,1,1,0,0,0,0,0,0,0,0,0,0,0,0,1.0,1.0,1.0,0.0,0.0,0.0,3,0,0
2704,36,20,16,4,8,14,10,4,2,1,1,0,0,0,0,0,0,0,0,0,0,0,0,1.0,1.0,1.0,0.0,0.0,0.0,3,0,0
2705,36,20,16,4,8,14,10,4,2,1,1,0,0,0,0,0,0,0,0,0,0,0,0,1.0,1.0,1.0,0.0,0.0,0.0,3,0,0
2706,36,20,16,4,8,14,10,4,2,1,1,0,0,0,0,0,0,0,0,0,0,0,0,1.0,1.0,1.0,0.0,0.0,0.0,3,0,0
2707,36,20,16,4,8,14,10,4,2,1,1,0,0,0,0,0,0,0,0,0,0,0,0,1.0,1.0,1.0,0.0,0.0,0.0,3,0,0
2708,36,20,16,4,8,14,10,4,2,1,1,0,0,0,0,0,0,0,0,0,0,0,0,1.0,1.0,1.0,0.0,0.0,0.0,3,0,0
2709,36,20,16,4,8,14,10,4,2,1,1,0,0,0,0,0,0,0,0,0,0,0,0,1.0,1.0,1.0,0.0,0.0,0.0,3,0,0
2710,36,20,16,4,8,14,10,4,2,1,1,0,0,0,0,0,0,0,0,0,0,0,0,1.0,1.0,1.0,0.0,0.0,0.0,3,0,0
2711,36,20,16,4,8,14,10,4,2,1,1,0,0,0,0,0,0,0,0,0,0,0,0,1.0,1.0,1.0,0.0,0.0,0.0,3,0,0
2712,35,19,16,4,7,14,10,4,2,1,1,0,0,0,0,0,0,0,0,0,1,0,1,0.9166666666666666,1.0,1.0,0.0,0.0,0.0,3,0,1
2713,35,19,16,4,7,14,10,4,2,1,1,0,0,0,0,0,0,0,0,0,0,0,0,1.0,1.0,1.0,0.0,0.0,0.0,3,0,0
2714,35,19,16,4,7,14,10,4,2,1,1,0,0,0,0,0,0,0,0,0,0,0,0,1.0,1.0,1.0,0.0,0.0,0.0,3,0,0
2715,35,19,16,4,7,12,12,4,2,1,1,0,0,0,0,0,0,0,0,0,0,0,0,1.0,1.0,1.0,0.0,0.0,0.0,3,0,0
2716,35,19,16,4,7,12,12,4,2,1,1,0,0,0,0,0,0,0,0,0,0,0,0,1.0,1.0,1.0,0.0,0.0,0.0,3,0,0
2717,35,19,16,4,7,12,12,4,2,1,1,0,0,0,0,0,0,0,0,0,0,0,0,1.0,1.0,1.0,0.0,0.0,0.0,3,0,0
2718,35,19,16,4,7,12,12,4,2,1,1,0,0,0,0,0,0,0,0,0,0,0,0,1.0,1.0,1.0,0.0,0.0,0.0,3,0,0
2719,35,19,16,4,7,12,12,4,2,1,1,0,0,0,0,0,0,0,0,0,0,0,0,1.0,1.0,1.0,0.0,0.0,0.0,3,0,0
2720,34,19,15,4,7,11,12,4,2,1,1,0,0,0,0,0,0,0,0,0,0,0,0,1.0,1.0,1.0,0.0,0.0,0.0,3,0,1
2721,34,19,15,4,7,11,12,4,2,1,1,0,0,0,0,0,0,0,0,0,0,0,0,1.0,1.0,1.0,0.0,0.0,0.0,3,0,0
2722,33,19,14,4,6,11,12,4,2,1,1,0,0,0,0,0,0,0,0,0,1,0,1,0.9090909090909091,1.0,1.0,0.0,0.0,0.0,3,0,1
2723,33,19,14,4,6,11,12,4,2,1,1,0,0,0,0,0,0,0,0,0,0,0,0,1.0,1.0,1.0,0.0,0.0,0.0,3,0,0
2724,33,19,14,4,6,11,12,4,2,1,1,0,0,0,0,0,0,0,0,0,0,0,0,1.0,1.0,1.0,0.0,0.0,0.0,3,0,0
2725,33,19,14,4,6,11,12,4,2,1,1,0,0,0,0,0,0,0,0,0,0,0,0,1.0,1.0,1.0,0.0,0.0,0.0,3,0,0
2726,33,19,14,4,6,11,12,4,2,1,1,0,0,0,0,0,0,0,0,0,0,0,0,1.0,1.0,1.0,0.0,0.0,0.0,3,0,0
2727,33,19,14,4,6,10,13,5,2,1,1,0,0,0,0,0,0,0,0,0,0,0,0,1.0,1.0,1.0,0.0,0.0,0.0,3,0,0
2728,33,19,14,4,6,10,13,5,3,1,1,0,0,0,0,0,4,1,0,0,0,0,0,1.0,1.0,1.0,0.0,0.0,0.25,3,0,0
2729,33,19,14,4,6,10,13,5,3,1,1,0,0,0,0,0,0,0,0,0,0,0,0,1.0,1.0,1.0,0.0,0.0,0.0,3,0,0
2730,33,19,14,4,6,10,13,5,3,1,1,0,0,0,0,0,0,0,0,0,0,0,0,1.0,1.0,1.0,0.0,0.0,0.0,3,0,0
2731,33,19,14,4,6,10,13,5,3,1,1,0,0,0,0,0,0,0,0,0,0,0,0,1.0,1.0,1.0,0.0,0.0,0.0,3,0,0
2732,33,19,14,4,6,10,13,5,3,1,1,0,0,0,0,0,0,0,0,0,0,0,0,1.0,1.0,1.0,0.0,0.0,0.0,3,0,0
2733,33,19,14,4,6,10,13,5,3,1,1,0,0,0,0,0,0,0,0,0,0,0,0,1.0,1.0,1.0,0.0,0.0,0.0,3,0,0
2734,33,19,14,4,6,10,13,5,3,1,1,0,0,0,0,0,0,0,0,0,0,0,0,1.0,1.0,1.0,0.0,0.0,0.0,3,0,0
2735,33,19,14,0,10,10,13,5,3,1,1,0,0,0,0,0,0,0,0,0,0,0,0,1.0,1.0,1.0,0.0,0.0,0.0,3,0,0
2736,33,19,14,0,10,10,13,5,3,1,1,0,0,0,0,0,0,0,0,0,0,0,0,1.0,1.0,1.0,0.0,0.0,0.0,3,0,0
2737,33,19,14,0,10,10,13,5,3,1,0,0,0,0,0,0,0,0,0,0,0,0,0,1.0,1.0,1.0,0.0,0.0,0.0,3,0,0
2738,33,19,14,0,10,10,13,5,4,1,0,0,0,0,0,0,7,1,0,0,0,0,0,1.0,1.0,1.0,0.0,0.0,0.14285714285714285,3,0,0
2739,32,18,14,0,10,10,12,5,4,1,0,0,0,1,0,0,0,0,0,0,0,0,1,1.0,0.875,1.0,0.0,0.0,0.0,3,0,1
2740,31,18,13,0,10,9,12,5,4,1,0,0,0,0,1,0,0,0,0,0,0,0,1,1.0,1.0,1.0,0.0,0.0,0.0,3,0,1
2741,29,17,12,0,10,8,11,4,4,0,0,0,0,1,1,0,0,0,0,0,0,0,2,1.0,1.0,0.8,0.0,0.0,0.0,3,0,2
2742,29,17,12,0,10,8,11,4,4,0,0,0,0,0,0,0,0,0,0,0,0,0,0,1.0,1.0,1.0,0.0,0.0,0.0,3,0,0
2743,28,17,11,0,10,7,11,4,4,0,0,0,0,0,1,0,0,0,0,0,0,0,1,1.0,1.0,1.0,0.0,0.0,0.0,2,0,1
2744,28,17,11,0,10,7,11,4,4,0,0,0,0,0,0,0,0,0,0,0,0,0,0,1.0,1.0,1.0,0.0,0.0,0.0,2,0,0
2745,28,17,11,0,10,7,11,4,4,0,0,0,0,0,0,0,0,0,0,0,0,0,0,1.0,1.0,1.0,0.0,0.0,0.0,2,0,0
2746,28,17,11,0,10,7,11,4,4,0,0,0,0,0,0,0,0,0,0,0,0,0,0,1.0,1.0,1.0,0.0,0.0,0.0,2,0,0
2747,28,17,11,0,10,7,11,4,4,0,0,0,0,0,0,0,0,0,0,0,0,0,0,1.0,1.0,1.0,0.0,0.0,0.0,2,0,0
2748,28,17,11,0,10,7,11,4,4,0,0,0,0,0,0,0,0,0,0,0,0,0,0,1.0,1.0,1.0,0.0,0.0,0.0,2,0,0
2749,28,17,11,0,10,7,11,4,4,0,0,0,0,0,0,0,0,0,0,0,0,0,0,1.0,1.0,1.0,0.0,0.0,0.0,2,0,0
2750,28,17,11,0,10,7,11,4,4,0,0,0,0,0,0,0,0,0,0,0,0,0,0,1.0,1.0,1.0,0.0,0.0,0.0,2,0,0
2751,28,17,11,0,10,7,11,4,4,0,0,0,0,0,0,0,0,0,0,0,0,0,0,1.0,1.0,1.0,0.0,0.0,0.0,2,0,0
2752,28,17,11,0,10,7,11,4,4,0,0,0,0,0,0,0,0,0,0,0,0,0,0,1.0,1.0,1.0,0.0,0.0,0.0,2,0,0
2753,28,17,11,0,10,7,11,4,4,0,0,0,0,0,0,0,0,0,0,0,0,0,0,1.0,1.0,1.0,0.0,0.0,0.0,2,0,0
2754,28,17,11,0,10,7,11,4,4,0,0,0,0,0,0,0,0,0,0,0,0,0,0,1.0,1.0,1.0,0.0,0.0,0.0,2,0,0
2755,28,17,11,0,10,7,11,4,4,0,0,0,0,0,0,0,0,0,0,0,0,0,0,1.0,1.0,1.0,0.0,0.0,0.0,2,0,0
2756,28,17,11,0,10,7,11,4,4,0,0,0,0,0,0,0,0,0,0,0,0,0,0,1.0,1.0,1.0,0.0,0.0,0.0,2,0,0
2757,28,17,11,0,10,7,11,4,4,0,0,0,0,0,0,0,0,0,0,0,0,0,0,1.0,1.0,1.0,0.0,0.0,0.0,2,0,0
2758,28,17,11,0,10,7,11,4,4,0,0,0,0,0,0,0,0,0,0,0,0,0,0,1.0,1.0,1.0,0.0,0.0,0.0,2,0,0
2759,28,17,11,0,10,7,11,4,4,0,0,0,0,0,0,0,0,0,0,0,0,0,0,1.0,1.0,1.0,0.0,0.0,0.0,2,0,0
2760,28,17,11,0,10,7,11,4,4,0,0,0,0,0,0,0,0,0,0,0,0,0,0,1.0,1.0,1.0,0.0,0.0,0.0,2,0,0
2761,32,19,13,4,10,7,11,4,3,0,1,0,0,0,0,0,0,0,0,1,0,0,0,1.0,1.0,1.0,0.14285714285714285,0.14285714285714285,0.0,2,4,0
2762,32,19,13,4,10,7,11,4,3,0,1,0,0,0,0,0,0,0,0,0,0,0,0,1.0,1.0,1.0,0.0,0.0,0.0,2,0,0
2763,35,21,14,7,10,7,11,4,2,0,2,0,0,0,0,0,0,0,0,1,0,0,0,1.0,1.0,1.0,0.09375,0.09375,0.0,2,3,0
2764,35,21,14,7,10,7,11,4,2,0,2,0,0,0,0,0,0,0,0,0,0,0,0,1.0,1.0,1.0,0.0,0.0,0.0,2,0,0
2765,35,21,14,7,10,7,11,4,2,0,2,0,0,0,0,0,0,0,0,0,0,0,0,1.0,1.0,1.0,0.0,0.0,0.0,2,0,0
2766,35,21,14,7,10,7,11,4,2,0,2,0,0,0,0,0,0,0,0,0,0,0,0,1.0,1.0,1.0,0.0,0.0,0.0,2,0,0
2767,35,21,14,7,10,7,11,4,2,0,2,0,0,0,0,0,0,0,0,0,0,0,0,1.0,1.0,1.0,0.0,0.0,0.0,2,0,0
2768,35,21,14,7,10,7,11,4,2,0,2,0,0,0,0,0,0,0,0,0,0,0,0,1.0,1.0,1.0,0.0,0.0,0.0,2,0,0
2769,35,21,14,7,10,7,11,4,2,0,2,0,0,0,0,0,0,0,0,0,0,0,0,1.0,1.0,1.0,0.0,0.0,0.0,2,0,0
2770,35,21,14,7,10,7,11,4,2,0,2,0,0,0,0,0,0,0,0,0,0,0,0,1.0,1.0,1.0,0.0,0.0,0.0,2,0,0
2771,35,21,14,7,10,7,11,4,2,0,2,0,0,0,0,0,0,0,0,0,0,0,0,1.0,1.0,1.0,0.0,0.0,0.0,2,0,0
2772,34,20,14,7,10,6,11,4,2,0,2,0,0,0,0,0,0,0,0,0,0,0,0,1.0,1.0,1.0,0.0,0.0,0.0,2,0,1
2773,34,20,14,7,10,6,11,4,2,0,2,0,0,0,0,0,0,0,0,0,0,0,0,1.0,1.0,1.0,0.0,0.0,0.0,2,0,0
2774,34,20,14,7,10,6,11,4,2,0,2,0,0,0,0,0,0,0,0,0,0,0,0,1.0,1.0,1.0,0.0,0.0,0.0,2,0,0
2775,34,20,14,7,10,5,12,5,2,0,2,0,0,0,0,0,0,0,0,0,0,0,0,1.0,1.0,1.0,0.0,0.0,0.0,2,0,0
2776,34,20,14,7,10,5,12,5,2,0,2,0,0,0,0,0,0,0,0,0,0,0,0,1.0,1.0,1.0,0.0,0.0,0.0,2,0,0
2777,34,20,14,7,10,5,12,5,2,0,2,0,0,0,0,0,0,0,0,0,0,0,0,1.0,1.0,1.0,0.0,0.0,0.0,2,0,0
2778,34,20,14,7,10,5,12,5,2,0,2,0,0,0,0,0,0,0,0,0,0,0,0,1.0,1.0,1.0,0.0,0.0,0.0,2,0,0
2779,34,20,14,7,10,5,12,5,2,0,2,0,0,0,0,0,0,0,0,0,0,0,0,1.0,1.0,1.0,0.0,0.0,0.0,2,0,0
2780,34,20,14,7,10,4,13,5,2,0,2,0,0,0,0,0,5,0,0,0,0,0,0,1.0,1.0,1.0,0.0,0.0,0.0,2,0,0
2781,34,20,14,7,10,4,13,5,3,0,2,0,0,0,0,0,8,1,0,0,0,0,0,1.0,1.0,1.0,0.0,0.0,0.125,2,0,0
2782,34,20,14,7,10,4,13,5,3,0,2,0,0,0,0,0,0,0,0,0,0,0,0,1.0,1.0,1.0,0.0,0.0,0.0,2,0,0
2783,34,20,14,7,10,3,14,6,4,0,2,0,0,0,0,0,6,1,0,0,0,0,0,1.0,1.0,1.0,0.0,0.0,0.16666666666666666,2,0,0
2784,34,20,14,7,10,3,14,6,4,0,2,0,0,0,0,0,0,0,0,0,0,0,0,1.0,1.0,1.0,0.0,0.0,0.0,2,0,0
2785,34,20,14,7,10,3,14,6,4,0,2,0,0,0,0,0,0,0,0,0,0,0,0,1.0,1.0,1.0,0.0,0.0,0.0,2,0,0
2786,34,20,14,7,10,3,14,6,4,0,2,0,0,0,0,0,0,0,0,0,0,0,0,1.0,1.0,1.0,0.0,0.0,0.0,2,0,0
2787,34,20,14,7,10,3,14,6,4,0,2,0,0,0,0,0,0,0,0,0,0,0,0,1.0,1.0,1.0,0.0,0.0,0.0,2,0,0
2788,34,20,14,7,10,3,14,6,4,0,2,0,0,0,0,0,0,0,0,0,0,0,0,1.0,1.0,1.0,0.0,0.0,0.0,2,0,0
2789,34,20,14,7,10,3,14,6,4,0,2,0,0,0,0,0,0,0,0,0,0,0,0,1.0,1.0,1.0,0.0,0.0,0.0,2,0,0
2790,34,20,14,7,10,3,14,6,4,0,2,0,0,0,0,0,0,0,0,0,0,0,0,1.0,1.0,1.0,0.0,0.0,0.0,2,0,0
2791,33,20,13,6,10,3,14,6,4,0,2,0,0,0,0,0,0,0,0,0,1,0,1,0.9411764705882353,1.0,1.0,0.0,0.0,0.0,2,0,1
2792,33,20,13,6,10,3,14,6,4,0,2,0,0,0,0,0,0,0,0,0,0,0,0,1.0,1.0,1.0,0.0,0.0,0.0,2,0,0
2793,36,22,14,9,10,3,14,6,3,0,3,0,0,0,0,0,0,0,0,1,0,0,0,1.0,1.0,1.0,0.09090909090909091,0.09090909090909091,0.0,2,3,0
2794,36,22,14,9,10,3,14,6,3,0,3,0,0,0,0,0,0,0,0,0,0,0,0,1.0,1.0,1.0,0.0,0.0,0.0,2,0,0
2795,36,22,14,9,10,3,14,6,3,0,3,0,0,0,0,0,0,0,0,0,0,0,0,1.0,1.0,1.0,0.0,0.0,0.0,2,0,0
2796,36,22,14,9,10,3,14,6,3,0,3,0,0,0,0,0,0,0,0,0,0,0,0,1.0,1.0,1.0,0.0,0.0,0.0,2,0,0
2797,36,22,14,9,10,3,14,6,3,0,3,0,0,0,0,0,0,0,0,0,0,0,0,1.0,1.0,1.0,0.0,0.0,0.0,2,0,0
2798,36,22,14,9,10,3,14,6,3,0,3,0,0,0,0,0,0,0,0,0,0,0,0,1.0,1.0,1.0,0.0,0.0,0.0,2,0,0
2799,36,22,14,9,10,3,14,6,3,0,3,0,0,0,0,0,0,0,0,0,0,0,0,1.0,1.0,1.0,0.0,0.0,0.0,2,0,0
2800,36,22,14,9,10,3,14,6,3,0,3,0,0,0,0,0,0,0,0,0,0,0,0,1.0,1.0,1.0,0.0,0.0,0.0,2,0,0
2801,36,22,14,9,10,3,14,6,3,0,3,0,0,0,0,0,0,0,0,0,0,0,0,1.0,1.0,1.0,0.0,0.0,0.0,2,0,0
2802,36,22,14,9,10,3,14,6,3,0,3,0,0,0,0,0,0,0,0,0,0,0,0,1.0,1.0,1.0,0.0,0.0,0.0,2,0,0
2803,39,23,16,12,10,3,14,6,2,0,4,0,0,0,0,0,0,0,0,1,0,0,0,1.0,1.0,1.0,0.08333333333333333,0.08333333333333333,0.0,2,3,0
2804,39,23,16,8,14,3,14,6,2,0,4,0,0,0,0,0,0,0,0,0,0,0,0,1.0,1.0,1.0,0.0,0.0,0.0,2,0,0
2805,39,23,16,8,14,3,14,6,2,0,4,0,0,0,0,0,0,0,0,0,0,0,0,1.0,1.0,1.0,0.0,0.0,0.0,2,0,0
2806,39,23,16,6,16,3,14,6,2,0,3,0,0,0,0,0,0,0,0,0,0,0,0,1.0,1.0,1.0,0.0,0.0,0.0,2,0,0
2807,39,23,16,6,16,3,14,6,3,0,3,0,0,0,0,0,5,1,0,0,0,0,0,1.0,1.0,1.0,0.0,0.0,0.2,2,0,0
2808,39,23,16,6,16,3,14,6,3,0,2,0,0,0,0,0,0,0,0,0,0,0,0,1.0,1.0,1.0,0.0,0.0,0.0,2,0,0
2809,39,23,16,6,16,3,14,6,4,0,2,0,0,0,0,0,8,1,0,0,0,0,0,1.0,1.0,1.0,0.0,0.0,0.125,2,0,0
2810,39,23,16,6,16,3,14,6,4,0,2,0,0,0,0,0,0,0,0,0,0,0,0,1.0,1.0,1.0,0.0,0.0,0.0,2,0,0
2811,39,23,16,6,16,2,15,6,4,0,2,0,0,0,0,0,0,0,0,0,0,0,0,1.0,1.0,1.0,0.0,0.0,0.0,2,0,0
2812,39,23,16,6,16,2,15,6,4,0,2,0,0,0,0,0,0,0,0,0,0,0,0,1.0,1.0,1.0,0.0,0.0,0.0,2,0,0
2813,38,22,16,6,15,2,15,6,4,0,2,0,0,0,0,0,0,0,0,0,1,0,1,0.9545454545454546,1.0,1.0,0.0,0.0,0.0,2,0,1
2814,38,22,16,6,15,2,15,6,4,0,2,0,0,0,0,0,0,0,0,0,0,0,0,1.0,1.0,1.0,0.0,0.0,0.0,2,0,0
2815,38,22,16,6,15,2,15,6,4,0,2,0,0,0,0,0,0,0,0,0,0,0,0,1.0,1.0,1.0,0.0,0.0,0.0,2,0,0
2816,38,22,16,6,15,2,15,6,4,0,2,0,0,0,0,0,0,0,0,0,0,0,0,1.0,1.0,1.0,0.0,0.0,0.0,2,0,0
2817,38,22,16,6,15,2,15,6,4,0,2,0,0,0,0,0,0,0,0,0,0,0,0,1.0,1.0,1.0,0.0,0.0,0.0,2,0,0
2818,38,22,16,6,15,2,15,6,4,0,2,0,0,0,0,0,0,0,0,0,0,0,0,1.0,1.0,1.0,0.0,0.0,0.0,2,0,0
2819,38,22,16,6,15,2,15,6,4,0,2,0,0,0,0,0,0,0,0,0,0,0,0,1.0,1.0,1.0,0.0,0.0,0.0,2,0,0
2820,38,22,16,6,15,2,15,6,4,0,2,0,0,0,0,0,0,0,0,0,0,0,0,1.0,1.0,1.0,0.0,0.0,0.0,2,0,0
2821,38,22,16,6,15,2,15,6,4,0,2,0,0,0,0,0,0,0,0,0,0,0,0,1.0,1.0,1.0,0.0,0.0,0.0,2,0,0
2822,38,22,16,6,15,2,15,6,4,0,2,0,0,0,0,0,0,0,0,0,0,0,0,1.0,1.0,1.0,0.0,0.0,0.0,2,0,0
2823,38,22,16,6,15,2,15,6,4,0,2,0,0,0,0,0,0,0,0,0,0,0,0,1.0,1.0,1.0,0.0,0.0,0.0,2,0,0
2824,38,22,16,6,15,2,15,6,4,0,2,0,0,0,0,0,0,0,0,0,0,0,0,1.0,1.0,1.0,0.0,0.0,0.0,2,0,0
2825,38,22,16,6,15,2,15,6,4,0,2,0,0,0,0,0,0,0,0,0,0,0,0,1.0,1.0,1.0,0.0,0.0,0.0,2,0,0
2826,38,22,16,6,15,2,15,6,4,0,2,0,0,0,0,0,0,0,0,0,0,0,0,1.0,1.0,1.0,0.0,0.0,0.0,2,0,0
2827,38,22,16,6,15,2,15,6,4,0,2,0,0,0,0,0,0,0,0,0,0,0,0,1.0,1.0,1.0,0.0,0.0,0.0,2,0,0
2828,38,22,16,6,15,1,16,6,4,0,2,0,0,0,0,0,0,0,0,0,0,0,0,1.0,1.0,1.0,0.0,0.0,0.0,2,0,0
2829,35,20,15,5,15,0,15,6,4,0,2,0,0,2,1,0,0,0,0,0,1,0,3,0.9523809523809523,0.9,1.0,0.0,0.0,0.0,2,0,3
2830,35,20,15,5,15,0,15,6,4,0,2,0,0,0,0,0,0,0,0,0,0,4,0,1.0,1.0,1.0,0.0,0.0,0.0,2,0,0
2831,34,19,15,5,15,0,14,6,4,0,2,0,0,1,0,0,0,0,0,0,0,2,1,1.0,0.8888888888888888,1.0,0.0,0.0,0.0,2,0,1
2832,32,18,14,5,13,0,14,6,4,0,2,0,0,1,1,0,0,0,0,0,2,0,2,0.9,1.0,1.0,0.0,0.0,0.0,2,0,2
2833,30,17,13,4,12,0,14,6,4,0,2,0,0,1,1,0,0,0,0,0,1,0,2,0.8888888888888888,1.0,1.0,0.0,0.0,0.0,2,0,2
2834,28,15,13,4,8,4,12,6,4,0,2,0,0,2,0,0,0,0,0,0,0,0,2,1.0,0.75,1.0,0.0,0.0,0.0,2,0,2
2835,28,15,13,4,7,5,12,6,4,0,2,0,0,0,0,0,0,0,0,0,0,0,0,1.0,1.0,1.0,0.0,0.0,0.0,2,0,0
2836,28,15,13,3,8,5,12,6,4,0,2,0,0,0,0,0,0,0,0,0,0,0,0,1.0,1.0,1.0,0.0,0.0,0.0,2,0,0
2837,28,15,13,3,8,5,12,6,4,0,2,0,0,0,0,0,0,0,0,0,0,0,0,1.0,1.0,1.0,0.0,0.0,0.0,2,0,0
2838,28,15,13,3,8,5,12,6,4,0,1,0,0,0,0,0,0,0,0,0,0,0,0,1.0,1.0,1.0,0.0,0.0,0.0,2,0,0
2839,28,15,13,3,8,5,12,6,5,0,1,0,0,0,0,0,5,1,0,0,0,0,0,1.0,1.0,1.0,0.0,0.0,0.2,2,0,0
2840,28,15,13,3,8,5,12,6,5,0,1,0,0,0,0,0,0,0,0,0,0,0,0,1.0,1.0,1.0,0.0,0.0,0.0,2,0,0
2841,28,15,13,3,8,5,12,6,5,0,1,0,0,0,0,0,0,0,0,0,0,0,0,1.0,1.0,1.0,0.0,0.0,0.0,2,0,0
2842,28,15,13,3,8,5,12,6,5,0,1,0,0,0,0,0,0,0,0,0,0,0,0,1.0,1.0,1.0,0.0,0.0,0.0,2,0,0
2843,27,15,12,3,8,5,11,5,4,0,1,0,0,0,0,0,0,0,0,0,0,0,0,1.0,1.0,0.8333333333333334,0.0,0.0,0.0,2,0,1
2844,27,15,12,3,8,5,11,5,4,0,1,0,0,0,0,0,0,0,0,0,0,0,0,1.0,1.0,1.0,0.0,0.0,0.0,2,0,0
2845,27,15,12,3,8,5,11,5,4,0,1,0,0,0,0,0,0,0,0,0,0,0,0,1.0,1.0,1.0,0.0,0.0,0.0,2,0,0
2846,31,16,15,4,11,5,11,5,3,0,2,0,0,0,0,0,0,0,0,1,0,0,0,1.0,1.0,1.0,0.14814814814814814,0.14814814814814814,0.0,2,4,0
2847,31,16,15,4,11,5,11,5,3,0,2,0,0,0,0,0,0,0,0,0,0,0,0,1.0,1.0,1.0,0.0,0.0,0.0,2,0,0
2848,34,17,17,7,11,5,11,5,2,0,2,0,0,0,0,0,0,0,0,1,0,0,0,1.0,1.0,1.0,0.0967741935483871,0.0967741935483871,0.0,2,3,0
2849,34,17,17,7,11,5,11,5,3,0,2,0,0,0,0,0,5,1,0,0,0,0,0,1.0,1.0,1.0,0.0,0.0,0.2,2,0,0
2850,34,17,17,7,11,5,11,5,3,0,2,0,0,0,0,0,0,0,0,0,0,0,0,1.0,1.0,1.0,0.0,0.0,0.0,2,0,0
2851,34,17,17,7,11,5,11,5,3,0,2,0,0,0,0,0,0,0,0,0,0,0,0,1.0,1.0,1.0,0.0,0.0,0.0,2,0,0
2852,34,17,17,7,11,5,11,5,3,0,2,0,0,0,0,0,0,0,0,0,0,0,0,1.0,1.0,1.0,0.0,0.0,0.0,2,0,0
2853,34,17,17,7,11,5,11,5,3,0,2,0,0,0,0,0,0,0,0,0,0,0,0,1.0,1.0,1.0,0.0,0.0,0.0,2,0,0
2854,34,17,17,7,11,5,11,5,3,0,2,0,0,0,0,0,0,0,0,0,0,0,0,1.0,1.0,1.0,0.0,0.0,0.0,2,0,0
2855,34,17,17,7,11,5,11,5,3,0,2,0,0,0,0,0,0,0,0,0,0,0,0,1.0,1.0,1.0,0.0,0.0,0.0,2,0,0
2856,34,17,17,7,11,5,11,5,3,0,2,0,0,0,0,0,0,0,0,0,0,0,0,1.0,1.0,1.0,0.0,0.0,0.0,2,0,0
2857,34,17,17,7,11,5,11,5,3,0,2,0,0,0,0,0,0,0,0,0,0,0,0,1.0,1.0,1.0,0.0,0.0,0.0,2,0,0
2858,34,17,17,7,11,5,11,5,3,0,2,0,0,0,0,0,0,0,0,0,0,0,0,1.0,1.0,1.0,0.0,0.0,0.0,2,0,0
2859,34,17,17,7,11,5,11,5,3,0,2,0,0,0,0,0,0,0,0,0,0,0,0,1.0,1.0,1.0,0.0,0.0,0.0,2,0,0
2860,34,17,17,7,11,5,11,5,3,0,2,0,0,0,0,0,0,0,0,0,0,0,0,1.0,1.0,1.0,0.0,0.0,0.0,2,0,0
2861,33,16,17,6,11,5,11,5,3,0,2,0,0,0,0,0,0,0,0,0,1,0,1,0.9444444444444444,1.0,1.0,0.0,0.0,0.0,2,0,1
2862,33,16,17,6,11,5,11,5,3,0,2,0,0,0,0,0,0,0,0,0,0,0,0,1.0,1.0,1.0,0.0,0.0,0.0,2,0,0
2863,33,16,17,6,11,5,11,5,3,0,2,0,0,0,0,0,0,0,0,0,0,0,0,1.0,1.0,1.0,0.0,0.0,0.0,2,0,0
2864,33,16,17,6,11,5,11,5,3,0,2,0,0,0,0,0,0,0,0,0,0,0,0,1.0,1.0,1.0,0.0,0.0,0.0,2,0,0
2865,33,16,17,6,11,5,11,5,3,0,2,0,0,0,0,0,0,0,0,0,0,0,0,1.0,1.0,1.0,0.0,0.0,0.0,2,0,0
2866,33,16,17,6,11,5,11,5,3,0,2,0,0,0,0,0,0,0,0,0,0,0,0,1.0,1.0,1.0,0.0,0.0,0.0,2,0,0
2867,33,16,17,6,11,5,11,5,3,0,2,0,0,0,0,0,0,0,0,0,0,0,0,1.0,1.0,1.0,0.0,0.0,0.0,2,0,0
2868,33,16,17,6,11,5,11,5,3,0,2,0,0,0,0,0,0,0,0,0,0,0,0,1.0,1.0,1.0,0.0,0.0,0.0,2,0,0
2869,33,16,17,6,11,5,11,5,3,0,2,0,0,0,0,0,0,0,0,0,0,0,0,1.0,1.0,1.0,0.0,0.0,0.0,2,0,0
2870,33,16,17,6,11,5,11,5,3,0,2,0,0,0,0,0,0,0,0,0,0,0,0,1.0,1.0,1.0,0.0,0.0,0.0,2,0,0
2871,33,16,17,6,11,5,11,5,3,0,2,0,0,0,0,0,0,0,0,0,0,0,0,1.0,1.0,1.0,0.0,0.0,0.0,2,0,0
2872,37,18,19,10,11,5,11,5,2,0,3,0,0,0,0,0,0,0,0,1,0,2,0,1.0,1.0,1.0,0.12121212121212122,0.12121212121212122,0.0,2,4,0
2873,37,18,19,10,11,5,11,5,2,0,3,0,0,0,0,0,0,0,0,0,0,0,0,1.0,1.0,1.0,0.0,0.0,0.0,2,0,0
2874,41,20,21,14,11,5,11,5,1,0,4,0,0,0,0,0,0,0,0,1,0,0,0,1.0,1.0,1.0,0.10810810810810811,0.10810810810810811,0.0,2,4,0
2875,41,20,21,14,11,5,11,5,1,0,4,0,0,0,0,0,0,0,0,0,0,0,0,1.0,1.0,1.0,0.0,0.0,0.0,2,0,0
2876,40,19,21,14,9,6,11,5,1,0,4,0,0,0,0,0,0,0,0,0,0,0,0,0.9583333333333334,1.0,1.0,0.0,0.0,0.0,2,0,1
2877,40,19,21,14,9,6,11,5,1,0,4,0,0,0,0,0,0,0,0,0,0,0,0,1.0,1.0,1.0,0.0,0.0,0.0,2,0,0
2878,40,19,21,14,9,6,11,5,1,0,4,0,0,0,0,0,0,0,0,0,0,0,0,1.0,1.0,1.0,0.0,0.0,0.0,2,0,0
2879,40,19,21,14,9,6,11,5,1,0,4,0,0,0,0,0,0,0,0,0,0,0,0,1.0,1.0,1.0,0.0,0.0,0.0,2,0,0
2880,40,19,21,14,9,6,11,5,1,0,4,0,0,0,0,0,0,0,0,0,0,0,0,1.0,1.0,1.0,0.0,0.0,0.0,2,0,0
2881,40,19,21,14,9,6,11,5,1,0,4,0,0,0,0,0,0,0,0,0,0,0,0,1.0,1.0,1.0,0.0,0.0,0.0,2,0,0
2882,40,19,21,14,9,6,11,5,1,0,4,0,0,0,0,0,0,0,0,0,0,0,0,1.0,1.0,1.0,0.0,0.0,0.0,2,0,0
2883,40,19,21,14,9,6,11,5,1,0,4,0,0,0,0,0,0,0,0,0,0,0,0,1.0,1.0,1.0,0.0,0.0,0.0,2,0,0
2884,40,19,21,14,9,6,11,5,1,0,4,0,0,0,0,0,0,0,0,0,0,0,0,1.0,1.0,1.0,0.0,0.0,0.0,2,0,0
2885,40,19,21,14,9,6,11,5,1,0,4,0,0,0,0,0,0,0,0,0,0,0,0,1.0,1.0,1.0,0.0,0.0,0.0,2,0,0
2886,40,19,21,14,9,6,11,5,1,0,4,0,0,0,0,0,0,0,0,0,0,0,0,1.0,1.0,1.0,0.0,0.0,0.0,2,0,0
2887,40,19,21,14,9,6,11,5,1,0,4,0,0,0,0,0,0,0,0,0,0,0,0,1.0,1.0,1.0,0.0,0.0,0.0,2,0,0
2888,40,19,21,14,9,6,11,5,1,0,4,0,0,0,0,0,0,0,0,0,0,0,0,1.0,1.0,1.0,0.0,0.0,0.0,2,0,0
2889,40,19,21,11,12,6,11,5,1,0,4,0,0,0,0,0,0,0,0,0,0,0,0,1.0,1.0,1.0,0.0,0.0,0.0,2,0,0
2890,40,19,21,11,12,6,11,5,1,0,4,0,0,0,0,0,0,0,0,0,0,0,0,1.0,1.0,1.0,0.0,0.0,0.0,2,0,0
2891,40,19,21,8,15,6,11,5,1,0,3,0,0,0,0,0,0,0,0,0,0,0,0,1.0,1.0,1.0,0.0,0.0,0.0,2,0,0
2892,40,19,21,8,15,6,11,5,1,0,3,0,0,0,0,0,0,0,0,0,0,0,0,1.0,1.0,1.0,0.0,0.0,0.0,2,0,0
2893,40,19,21,8,15,6,11,5,1,0,2,0,0,0,0,0,0,0,0,0,0,0,0,1.0,1.0,1.0,0.0,0.0,0.0,2,0,0
2894,40,19,21,8,15,6,11,5,1,0,2,0,0,0,0,0,0,0,0,0,0,0,0,1.0,1.0,1.0,0.0,0.0,0.0,2,0,0
2895,40,19,21,8,15,6,11,5,1,0,2,0,0,0,0,0,0,0,0,0,0,0,0,1.0,1.0,1.0,0.0,0.0,0.0,2,0,0
2896,40,19,21,8,15,6,11,5,1,0,2,0,0,0,0,0,0,0,0,0,0,0,0,1.0,1.0,1.0,0.0,0.0,0.0,2,0,0
2897,40,19,21,8,15,6,11,5,1,0,2,0,0,0,0,0,0,0,0,0,0,0,0,1.0,1.0,1.0,0.0,0.0,0.0,2,0,0
2898,40,19,21,8,15,6,11,5,1,0,2,0,0,0,0,0,0,0,0,0,0,0,0,1.0,1.0,1.0,0.0,0.0,0.0,2,0,0
2899,40,19,21,8,15,6,11,5,1,0,2,0,0,0,0,0,0,0,0,0,0,0,0,1.0,1.0,1.0,0.0,0.0,0.0,2,0,0
2900,40,19,21,8,15,6,11,5,1,0,2,0,0,0,0,0,0,0,0,0,0,0,0,1.0,1.0,1.0,0.0,0.0,0.0,2,0,0
2901,40,19,21,8,15,6,11,5,1,0,2,0,0,0,0,0,0,0,0,0,0,0,0,1.0,1.0,1.0,0.0,0.0,0.0,2,0,0
2902,40,19,21,8,15,6,11,5,1,0,2,0,0,0,0,0,0,0,0,0,0,0,0,1.0,1.0,1.0,0.0,0.0,0.0,2,0,0
2903,40,19,21,8,15,6,11,5,1,0,2,0,0,0,0,0,0,0,0,0,0,0,0,1.0,1.0,1.0,0.0,0.0,0.0,2,0,0
2904,40,19,21,8,15,6,11,5,1,0,2,0,0,0,0,0,0,0,0,0,0,0,0,1.0,1.0,1.0,0.0,0.0,0.0,2,0,0
2905,40,19,21,8,15,6,11,5,1,0,2,0,0,0,0,0,0,0,0,0,0,0,0,1.0,1.0,1.0,0.0,0.0,0.0,2,0,0
2906,40,19,21,8,15,6,11,5,1,0,2,0,0,0,0,0,0,0,0,0,0,0,0,1.0,1.0,1.0,0.0,0.0,0.0,2,0,0
2907,40,19,21,8,15,6,11,5,1,0,2,0,0,0,0,0,0,0,0,0,0,0,0,1.0,1.0,1.0,0.0,0.0,0.0,2,0,0
2908,40,19,21,8,15,6,11,5,1,0,2,0,0,0,0,0,0,0,0,0,0,0,0,1.0,1.0,1.0,0.0,0.0,0.0,2,0,0
2909,40,19,21,8,15,6,11,5,1,0,2,0,0,0,0,0,0,0,0,0,0,0,0,1.0,1.0,1.0,0.0,0.0,0.0,2,0,0
2910,40,19,21,8,15,6,11,5,1,0,2,0,0,0,0,0,0,0,0,0,0,0,0,1.0,1.0,1.0,0.0,0.0,0.0,2,0,0
2911,40,19,21,8,15,6,11,5,1,0,2,0,0,0,0,0,0,0,0,0,0,0,0,1.0,1.0,1.0,0.0,0.0,0.0,2,0,0
2912,40,19,21,8,15,6,11,5,1,0,2,0,0,0,0,0,0,0,0,0,0,0,0,1.0,1.0,1.0,0.0,0.0,0.0,2,0,0
2913,40,19,21,8,15,6,11,5,1,0,2,0,0,0,0,0,0,0,0,0,0,0,0,1.0,1.0,1.0,0.0,0.0,0.0,2,0,0
2914,44,23,21,12,15,6,11,5,0,0,3,0,0,0,0,0,0,0,0,1,0,0,0,1.0,1.0,1.0,0.1,0.1,0.0,2,4,0
2915,44,23,21,8,19,6,11,5,0,0,3,0,0,0,0,0,0,0,0,0,0,0,0,1.0,1.0,1.0,0.0,0.0,0.0,2,0,0
2916,44,23,21,8,19,6,11,5,0,0,3,0,0,0,0,0,0,0,0,0,0,0,0,1.0,1.0,1.0,0.0,0.0,0.0,2,0,0
2917,44,23,21,4,23,6,11,5,0,0,2,0,0,0,0,0,0,0,0,0,0,0,0,1.0,1.0,1.0,0.0,0.0,0.0,2,0,0
2918,44,23,21,4,23,6,11,5,0,0,2,0,0,0,0,0,0,0,0,0,0,0,0,1.0,1.0,1.0,0.0,0.0,0.0,2,0,0
2919,44,23,21,4,23,6,11,5,0,0,1,0,0,0,0,0,0,0,0,0,0,0,0,1.0,1.0,1.0,0.0,0.0,0.0,2,0,0
2920,44,23,21,4,23,6,11,5,0,0,1,0,0,0,0,0,0,0,0,0,0,0,0,1.0,1.0,1.0,0.0,0.0,0.0,2,0,0
2921,44,23,21,4,23,6,11,5,0,0,1,0,0,0,0,0,0,0,0,0,0,0,0,1.0,1.0,1.0,0.0,0.0,0.0,2,0,0
2922,41,22,19,4,22,5,10,4,0,0,1,0,0,0,2,0,0,0,0,0,1,0,2,0.962962962962963,1.0,0.8,0.0,0.0,0.0,2,0,3
2923,40,21,19,4,21,5,10,4,0,0,1,0,0,1,0,0,0,0,0,0,1,0,1,0.9615384615384616,1.0,1.0,0.0,0.0,0.0,2,0,1
2924,40,21,19,4,21,5,10,4,0,0,1,0,0,0,0,0,0,0,0,0,0,0,0,1.0,1.0,1.0,0.0,0.0,0.0,2,0,0
2925,40,21,19,4,21,5,10,4,0,0,1,0,0,0,0,0,0,0,0,0,0,0,0,1.0,1.0,1.0,0.0,0.0,0.0,2,0,0
2926,39,20,19,3,21,5,10,4,0,0,1,0,0,0,0,0,0,0,0,0,1,0,1,0.96,1.0,1.0,0.0,0.0,0.0,2,0,1
2927,37,18,19,3,19,5,10,4,0,0,1,0,0,2,0,0,0,0,0,0,2,0,2,0.9166666666666666,1.0,1.0,0.0,0.0,0.0,2,0,2
2928,37,18,19,3,19,5,10,4,0,0,1,0,0,0,0,0,0,0,0,0,0,0,0,1.0,1.0,1.0,0.0,0.0,0.0,2,0,0
2929,37,18,19,3,19,5,10,4,0,0,1,0,0,0,0,0,0,0,0,0,0,0,0,1.0,1.0,1.0,0.0,0.0,0.0,2,0,0
2930,37,18,19,3,19,5,10,4,0,0,1,0,0,0,0,0,0,0,0,0,0,0,0,1.0,1.0,1.0,0.0,0.0,0.0,2,0,0
2931,37,18,19,3,19,5,10,4,0,0,1,0,0,0,0,0,0,0,0,0,0,0,0,1.0,1.0,1.0,0.0,0.0,0.0,2,0,0
2932,37,18,19,3,19,5,10,4,0,0,1,0,0,0,0,0,0,0,0,0,0,0,0,1.0,1.0,1.0,0.0,0.0,0.0,2,0,0
2933,37,18,19,3,19,5,10,4,0,0,1,0,0,0,0,0,0,0,0,0,0,0,0,1.0,1.0,1.0,0.0,0.0,0.0,2,0,0
2934,37,18,19,3,19,5,10,4,0,0,1,0,0,0,0,0,0,0,0,0,0,0,0,1.0,1.0,1.0,0.0,0.0,0.0,2,0,0
2935,37,18,19,3,19,5,10,4,0,0,1,0,0,0,0,0,0,0,0,0,0,0,0,1.0,1.0,1.0,0.0,0.0,0.0,2,0,0
2936,37,18,19,3,19,5,10,4,0,0,1,0,0,0,0,0,0,0,0,0,0,0,0,1.0,1.0,1.0,0.0,0.0,0.0,2,0,0
2937,37,18,19,3,19,5,10,4,0,0,1,0,0,0,0,0,0,0,0,0,0,0,0,1.0,1.0,1.0,0.0,0.0,0.0,2,0,0
2938,37,18,19,3,19,5,10,4,0,0,1,0,0,0,0,0,0,0,0,0,0,0,0,1.0,1.0,1.0,0.0,0.0,0.0,2,0,0
2939,37,18,19,3,19,5,10,4,0,0,1,0,0,0,0,0,0,0,0,0,0,0,0,1.0,1.0,1.0,0.0,0.0,0.0,2,0,0
2940,37,18,19,3,19,5,10,4,0,0,1,0,0,0,0,0,0,0,0,0,0,0,0,1.0,1.0,1.0,0.0,0.0,0.0,2,0,0
2941,37,18,19,3,19,5,10,4,0,0,1,0,0,0,0,0,0,0,0,0,0,3,0,1.0,1.0,1.0,0.0,0.0,0.0,2,0,0
2942,37,18,19,3,19,5,10,4,0,0,1,0,0,0,0,0,0,0,0,0,0,0,0,1.0,1.0,1.0,0.0,0.0,0.0,2,0,0
2943,37,18,19,3,19,5,10,4,0,0,1,0,0,0,0,0,0,0,0,0,0,1,0,1.0,1.0,1.0,0.0,0.0,0.0,2,0,0
2944,37,18,19,3,19,5,10,4,0,0,1,0,0,0,0,0,0,0,0,0,0,0,0,1.0,1.0,1.0,0.0,0.0,0.0,2,0,0
2945,37,18,19,3,16,8,10,4,0,0,1,0,0,0,0,0,0,0,0,0,0,0,0,1.0,1.0,1.0,0.0,0.0,0.0,2,0,0
2946,37,18,19,3,16,8,10,4,0,0,1,0,0,0,0,0,0,0,0,0,0,0,0,1.0,1.0,1.0,0.0,0.0,0.0,2,0,0
2947,37,18,19,3,15,9,10,4,0,0,1,0,0,0,0,0,0,0,0,0,0,0,0,1.0,1.0,1.0,0.0,0.0,0.0,2,0,0
2948,37,18,19,3,15,9,10,4,0,0,1,0,0,0,0,0,0,0,0,0,0,0,0,1.0,1.0,1.0,0.0,0.0,0.0,2,0,0
2949,37,18,19,3,15,9,10,4,0,0,1,0,0,0,0,0,0,0,0,0,0,0,0,1.0,1.0,1.0,0.0,0.0,0.0,2,0,0
2950,37,18,19,3,15,9,10,4,0,2,1,0,0,0,0,0,4,0,2,0,0,0,0,1.0,1.0,1.0,0.0,0.0,0.0,2,0,0
2951,37,18,19,3,15,9,10,4,1,2,1,0,0,0,0,0,4,1,0,0,0,0,0,1.0,1.0,1.0,0.0,0.0,0.25,2,0,0
2952,37,18,19,3,15,9,10,4,1,2,1,0,0,0,0,0,0,0,0,0,0,0,0,1.0,1.0,1.0,0.0,0.0,0.0,2,0,0
2953,37,18,19,3,15,9,10,4,1,2,1,0,0,0,0,0,0,0,0,0,0,0,0,1.0,1.0,1.0,0.0,0.0,0.0,2,0,0
2954,37,18,19,3,15,9,10,4,1,2,1,0,0,0,0,0,0,0,0,0,0,0,0,1.0,1.0,1.0,0.0,0.0,0.0,2,0,0
2955,37,18,19,3,15,9,10,4,1,2,1,0,0,0,0,0,0,0,0,0,0,0,0,1.0,1.0,1.0,0.0,0.0,0.0,2,0,0
2956,37,18,19,3,15,9,10,4,1,2,1,0,0,0,0,0,0,0,0,0,0,0,0,1.0,1.0,1.0,0.0,0.0,0.0,2,0,0
2957,37,18,19,0,18,9,10,4,1,2,1,0,0,0,0,0,0,0,0,0,0,0,0,1.0,1.0,1.0,0.0,0.0,0.0,2,0,0
2958,37,18,19,0,18,9,10,4,1,2,1,0,0,0,0,0,0,0,0,0,0,0,0,1.0,1.0,1.0,0.0,0.0,0.0,2,0,0
2959,37,18,19,0,18,9,10,4,1,2,0,0,0,0,0,0,0,0,0,0,0,0,0,1.0,1.0,1.0,0.0,0.0,0.0,2,0,0
2960,37,18,19,0,18,9,10,4,2,2,0,0,0,0,0,0,4,1,0,0,0,0,0,1.0,1.0,1.0,0.0,0.0,0.25,2,0,0
2961,37,18,19,0,18,9,10,4,2,2,0,0,0,0,0,0,0,0,0,0,0,0,0,1.0,1.0,1.0,0.0,0.0,0.0,2,0,0
2962,37,18,19,0,18,9,10,4,2,2,0,0,0,0,0,0,0,0,0,0,0,0,0,1.0,1.0,1.0,0.0,0.0,0.0,2,0,0
2963,37,18,19,0,18,9,10,4,2,2,0,0,0,0,0,0,0,0,0,0,0,0,0,1.0,1.0,1.0,0.0,0.0,0.0,2,0,0
2964,37,18,19,0,18,9,10,4,2,2,0,0,0,0,0,0,0,0,0,0,0,0,0,1.0,1.0,1.0,0.0,0.0,0.0,2,0,0
2965,37,18,19,0,18,9,10,4,2,2,0,0,0,0,0,0,0,0,0,0,0,0,0,1.0,1.0,1.0,0.0,0.0,0.0,2,0,0
2966,37,18,19,0,18,9,10,4,2,2,0,0,0,0,0,0,0,0,0,0,0,0,0,1.0,1.0,1.0,0.0,0.0,0.0,2,0,0
2967,37,18,19,0,18,9,10,4,2,2,0,0,0,0,0,0,0,0,0,0,0,0,0,1.0,1.0,1.0,0.0,0.0,0.0,2,0,0
2968,37,18,19,0,18,9,10,4,2,2,0,0,0,0,0,0,0,0,0,0,0,0,0,1.0,1.0,1.0,0.0,0.0,0.0,2,0,0
2969,37,18,19,0,18,8,11,4,2,2,0,0,0,0,0,0,0,0,0,0,0,0,0,1.0,1.0,1.0,0.0,0.0,0.0,2,0,0
2970,37,18,19,0,18,7,12,4,2,2,0,0,0,0,0,0,0,0,0,0,0,0,0,1.0,1.0,1.0,0.0,0.0,0.0,2,0,0
2971,37,18,19,0,18,7,12,4,2,2,0,0,0,0,0,0,0,0,0,0,0,0,0,1.0,1.0,1.0,0.0,0.0,0.0,2,0,0
2972,37,18,19,0,18,7,12,4,2,2,0,0,0,0,0,0,0,0,0,0,0,0,0,1.0,1.0,1.0,0.0,0.0,0.0,2,0,0
2973,37,18,19,0,18,7,12,4,2,2,0,0,0,0,0,0,0,0,0,0,0,0,0,1.0,1.0,1.0,0.0,0.0,0.0,2,0,0
2974,37,18,19,0,18,7,12,4,2,2,0,0,0,0,0,0,0,0,0,0,0,0,0,1.0,1.0,1.0,0.0,0.0,0.0,2,0,0
2975,37,18,19,0,18,7,12,4,2,2,0,0,0,0,0,0,0,0,0,0,0,0,0,1.0,1.0,1.0,0.0,0.0,0.0,2,0,0
2976,36,18,18,0,17,7,12,4,2,2,0,0,0,0,0,0,0,0,0,0,1,0,1,0.9444444444444444,1.0,1.0,0.0,0.0,0.0,2,0,1
2977,36,18,18,0,17,7,12,4,2,2,0,0,0,0,0,0,0,0,0,0,0,0,0,1.0,1.0,1.0,0.0,0.0,0.0,2,0,0
2978,36,18,18,0,17,7,12,4,2,2,0,0,0,0,0,0,0,0,0,0,0,0,0,1.0,1.0,1.0,0.0,0.0,0.0,2,0,0
2979,36,18,18,0,17,7,12,4,2,2,0,0,0,0,0,0,0,0,0,0,0,0,0,1.0,1.0,1.0,0.0,0.0,0.0,2,0,0
2980,36,18,18,0,17,7,12,4,2,2,0,0,0,0,0,0,0,0,0,0,0,0,0,1.0,1.0,1.0,0.0,0.0,0.0,2,0,0
2981,36,18,18,0,17,7,12,4,2,2,0,0,0,0,0,0,0,0,0,0,0,0,0,1.0,1.0,1.0,0.0,0.0,0.0,2,0,0
2982,36,18,18,0,17,7,12,4,2,2,0,0,0,0,0,0,0,0,0,0,0,0,0,1.0,1.0,1.0,0.0,0.0,0.0,2,0,0
2983,36,18,18,0,17,7,12,4,2,2,0,0,0,0,0,0,0,0,0,0,0,2,0,1.0,1.0,1.0,0.0,0.0,0.0,2,0,0
2984,36,18,18,0,17,7,12,4,2,2,0,0,0,0,0,0,0,0,0,0,0,0,0,1.0,1.0,1.0,0.0,0.0,0.0,2,0,0
2985,36,18,18,0,17,7,12,4,2,2,0,0,0,0,0,0,0,0,0,0,0,0,0,1.0,1.0,1.0,0.0,0.0,0.0,2,0,0
2986,36,18,18,0,17,7,12,4,2,2,0,0,0,0,0,0,0,0,0,0,0,0,0,1.0,1.0,1.0,0.0,0.0,0.0,2,0,0
2987,36,18,18,0,15,9,12,4,2,2,0,0,0,0,0,0,0,0,0,0,0,0,0,1.0,1.0,1.0,0.0,0.0,0.0,2,0,0
2988,36,18,18,0,15,9,12,4,2,2,0,0,0,0,0,0,0,0,0,0,0,0,0,1.0,1.0,1.0,0.0,0.0,0.0,2,0,0
2989,36,18,18,0,15,9,12,4,2,2,0,0,0,0,0,0,0,0,0,0,0,0,0,1.0,1.0,1.0,0.0,0.0,0.0,2,0,0
2990,36,18,18,0,15,9,12,4,2,2,0,0,0,0,0,0,0,0,0,0,0,0,0,1.0,1.0,1.0,0.0,0.0,0.0,2,0,0
2991,36,18,18,0,15,9,12,4,2,2,0,0,0,0,0,0,0,0,0,0,0,0,0,1.0,1.0,1.0,0.0,0.0,0.0,2,0,0
2992,36,18,18,0,15,9,12,4,2,2,0,0,0,0,0,0,0,0,0,0,0,0,0,1.0,1.0,1.0,0.0,0.0,0.0,2,0,0
2993,36,18,18,0,15,9,12,4,2,2,0,0,0,0,0,0,0,0,0,0,0,0,0,1.0,1.0,1.0,0.0,0.0,0.0,2,0,0
2994,36,18,18,0,15,9,12,4,2,2,0,0,0,0,0,0,0,0,0,0,0,0,0,1.0,1.0,1.0,0.0,0.0,0.0,2,0,0
2995,36,18,18,0,15,9,12,4,2,0,0,0,0,0,0,0,0,0,0,0,0,0,0,1.0,1.0,1.0,0.0,0.0,0.0,2,0,0
2996,36,18,18,0,15,9,12,4,3,1,0,0,0,0,0,0,7,1,1,0,0,0,0,1.0,1.0,1.0,0.0,0.0,0.14285714285714285,2,0,0
2997,36,18,18,0,15,9,12,4,3,1,0,0,0,0,0,0,0,0,0,0,0,0,0,1.0,1.0,1.0,0.0,0.0,0.0,2,0,0
2998,36,18,18,0,15,9,12,4,3,1,0,0,0,0,0,0,0,0,0,0,0,0,0,1.0,1.0,1.0,0.0,0.0,0.0,2,0,0
2999,36,18,18,0,15,9,12,4,3,1,0,0,0,0,0,0,0,0,0,0,0,0,0,1.0,1.0,1.0,0.0,0.0,0.0,2,0,0
3000,36,18,18,0,15,9,12,4,3,1,0,0,0,0,0,0,0,0,0,0,0,0,0,1.0,1.0,1.0,0.0,0.0,0.0,2,0,0
3001,36,18,18,0,15,9,12,4,3,1,0,0,0,0,0,0,0,0,0,0,0,0,0,1.0,1.0,1.0,0.0,0.0,0.0,2,0,0
3002,36,18,18,0,15,9,12,4,3,1,0,0,0,0,0,0,0,0,0,0,0,0,0,1.0,1.0,1.0,0.0,0.0,0.0,2,0,0
3003,36,18,18,0,15,9,12,4,3,1,0,0,0,0,0,0,0,0,0,0,0,0,0,1.0,1.0,1.0,0.0,0.0,0.0,2,0,0
3004,36,18,18,0,15,9,12,4,3,1,0,0,0,0,0,0,0,0,0,0,0,0,0,1.0,1.0,1.0,0.0,0.0,0.0,2,0,0
3005,36,18,18,0,15,9,12,4,3,1,0,0,0,0,0,0,0,0,0,0,0,0,0,1.0,1.0,1.0,0.0,0.0,0.0,2,0,0
3006,36,18,18,0,15,9,12,4,3,1,0,0,0,0,0,0,0,0,0,0,0,0,0,1.0,1.0,1.0,0.0,0.0,0.0,2,0,0
3007,36,18,18,0,15,9,12,4,3,1,0,0,0,0,0,0,0,0,0,0,0,0,0,1.0,1.0,1.0,0.0,0.0,0.0,2,0,0
3008,36,18,18,0,15,9,12,4,3,1,0,0,0,0,0,0,0,0,0,0,0,0,0,1.0,1.0,1.0,0.0,0.0,0.0,2,0,0
3009,36,18,18,0,15,9,12,4,3,1,0,0,0,0,0,0,0,0,0,0,0,0,0,1.0,1.0,1.0,0.0,0.0,0.0,2,0,0
3010,36,18,18,0,15,9,12,4,3,1,0,0,0,0,0,0,0,0,0,0,0,0,0,1.0,1.0,1.0,0.0,0.0,0.0,2,0,0
3011,36,18,18,0,15,8,13,4,3,1,0,0,0,0,0,0,0,0,0,0,0,0,0,1.0,1.0,1.0,0.0,0.0,0.0,2,0,0
3012,35,18,17,0,14,8,13,4,3,1,0,0,0,0,1,0,0,0,0,0,1,0,1,0.9333333333333333,1.0,1.0,0.0,0.0,0.0,2,0,1
3013,32,16,16,0,14,6,12,4,3,1,0,0,0,2,1,0,0,0,0,0,0,0,3,1.0,0.8888888888888888,1.0,0.0,0.0,0.0,2,0,3
3014,32,16,16,0,14,6,12,4,3,1,0,0,0,0,0,0,0,0,0,0,0,0,0,1.0,1.0,1.0,0.0,0.0,0.0,2,0,0
3015,30,15,15,0,12,6,12,4,3,1,0,0,0,1,1,0,0,0,0,0,2,0,2,0.8571428571428572,1.0,1.0,0.0,0.0,0.0,2,0,2
3016,33,16,17,3,12,6,12,4,2,1,1,0,0,0,0,0,0,0,0,1,0,0,0,1.0,1.0,1.0,0.1,0.1,0.0,2,3,0
3017,32,15,17,3,11,6,12,4,2,1,1,0,0,1,0,0,0,0,0,0,1,0,1,0.9333333333333333,1.0,1.0,0.0,0.0,0.0,2,0,1
3018,32,15,17,3,11,6,12,4,2,1,1,0,0,0,0,0,0,0,0,0,0,0,0,1.0,1.0,1.0,0.0,0.0,0.0,2,0,0
3019,32,15,17,3,11,6,12,4,2,1,1,0,0,0,0,0,0,0,0,0,0,0,0,1.0,1.0,1.0,0.0,0.0,0.0,2,0,0
3020,32,15,17,3,11,6,12,4,2,1,1,0,0,0,0,0,0,0,0,0,0,0,0,1.0,1.0,1.0,0.0,0.0,0.0,2,0,0
3021,32,15,17,3,11,6,12,4,2,1,1,0,0,0,0,0,0,0,0,0,0,0,0,1.0,1.0,1.0,0.0,0.0,0.0,2,0,0
3022,32,15,17,3,11,5,13,5,2,1,1,0,0,0,0,0,0,0,0,0,0,0,0,1.0,1.0,1.0,0.0,0.0,0.0,2,0,0
3023,32,15,17,3,11,5,13,5,2,1,1,0,0,0,0,0,0,0,0,0,0,0,0,1.0,1.0,1.0,0.0,0.0,0.0,2,0,0
3024,32,15,17,3,11,5,13,5,2,1,1,0,0,0,0,0,0,0,0,0,0,0,0,1.0,1.0,1.0,0.0,0.0,0.0,2,0,0
3025,36,18,18,7,11,5,13,5,1,1,2,0,0,0,0,0,0,0,0,1,0,0,0,1.0,1.0,1.0,0.125,0.125,0.0,2,4,0
3026,36,18,18,7,11,5,13,5,1,1,2,0,0,0,0,0,0,0,0,0,0,3,0,1.0,1.0,1.0,0.0,0.0,0.0,2,0,0
3027,36,18,18,7,11,5,13,5,1,1,2,0,0,0,0,0,0,0,0,0,0,0,0,1.0,1.0,1.0,0.0,0.0,0.0,2,0,0
3028,36,18,18,7,11,5,13,5,2,1,2,0,0,0,0,0,2,1,0,0,0,1,0,1.0,1.0,1.0,0.0,0.0,0.5,2,0,0
3029,36,18,18,7,11,5,13,5,2,1,2,0,0,0,0,0,0,0,0,0,0,0,0,1.0,1.0,1.0,0.0,0.0,0.0,2,0,0
3030,36,18,18,7,8,8,13,5,2,1,2,0,0,0,0,0,0,0,0,0,0,0,0,1.0,1.0,1.0,0.0,0.0,0.0,2,0,0
3031,35,17,18,7,8,8,12,5,2,1,2,0,0,0,0,0,0,0,0,0,0,0,0,1.0,0.875,1.0,0.0,0.0,0.0,2,0,1
3032,35,17,18,7,7,9,12,5,2,1,2,0,0,0,0,0,0,0,0,0,0,0,0,1.0,1.0,1.0,0.0,0.0,0.0,2,0,0
3033,35,17,18,7,7,9,12,5,2,1,2,0,0,0,0,0,0,0,0,0,0,0,0,1.0,1.0,1.0,0.0,0.0,0.0,2,0,0
3034,35,17,18,7,7,9,12,5,2,1,2,0,0,0,0,0,0,0,0,0,0,0,0,1.0,1.0,1.0,0.0,0.0,0.0,2,0,0
3035,35,17,18,7,7,9,12,5,2,1,2,0,0,0,0,0,0,0,0,0,0,0,0,1.0,1.0,1.0,0.0,0.0,0.0,2,0,0
3036,35,17,18,7,7,9,12,5,2,1,2,0,0,0,0,0,0,0,0,0,0,0,0,1.0,1.0,1.0,0.0,0.0,0.0,2,0,0
3037,35,17,18,7,7,9,12,5,2,1,2,0,0,0,0,0,0,0,0,0,0,0,0,1.0,1.0,1.0,0.0,0.0,0.0,2,0,0
3038,35,17,18,7,7,9,12,5,2,1,2,0,0,0,0,0,0,0,0,0,0,0,0,1.0,1.0,1.0,0.0,0.0,0.0,2,0,0
3039,35,17,18,7,7,9,12,5,2,1,2,0,0,0,0,0,0,0,0,0,0,0,0,1.0,1.0,1.0,0.0,0.0,0.0,2,0,0
3040,35,17,18,7,7,9,12,5,2,1,2,0,0,0,0,0,0,0,0,0,0,0,0,1.0,1.0,1.0,0.0,0.0,0.0,2,0,0
3041,35,17,18,7,7,8,13,6,2,0,2,0,0,0,0,0,1,0,0,0,0,0,0,1.0,1.0,1.0,0.0,0.0,0.0,2,0,0
3042,35,17,18,7,7,8,13,6,4,0,2,0,0,0,0,0,6,2,0,0,0,0,0,1.0,1.0,1.0,0.0,0.0,0.3333333333333333,2,0,0
3043,35,17,18,7,7,8,13,6,4,0,2,0,0,0,0,0,0,0,0,0,0,0,0,1.0,1.0,1.0,0.0,0.0,0.0,2,0,0
3044,35,17,18,7,7,7,14,7,5,0,2,0,0,0,0,0,8,1,0,0,0,0,0,1.0,1.0,1.0,0.0,0.0,0.125,2,0,0
3045,35,17,18,7,7,7,14,7,5,0,2,0,0,0,0,0,0,0,0,0,0,0,0,1.0,1.0,1.0,0.0,0.0,0.0,2,0,0
3046,35,17,18,7,7,7,14,7,5,0,2,0,0,0,0,0,0,0,0,0,0,0,0,1.0,1.0,1.0,0.0,0.0,0.0,2,0,0
3047,35,17,18,7,7,7,14,7,5,0,2,0,0,0,0,0,0,0,0,0,0,0,0,1.0,1.0,1.0,0.0,0.0,0.0,2,0,0
3048,35,17,18,7,7,7,14,7,5,0,2,0,0,0,0,0,0,0,0,0,0,0,0,1.0,1.0,1.0,0.0,0.0,0.0,2,0,0
3049,35,17,18,7,7,7,14,7,5,0,2,0,0,0,0,0,0,0,0,0,0,0,0,1.0,1.0,1.0,0.0,0.0,0.0,2,0,0
3050,35,17,18,7,7,7,14,7,5,0,2,0,0,0,0,0,0,0,0,0,0,0,0,1.0,1.0,1.0,0.0,0.0,0.0,2,0,0
3051,35,17,18,7,7,7,14,7,5,0,2,0,0,0,0,0,0,0,0,0,0,0,0,1.0,1.0,1.0,0.0,0.0,0.0,2,0,0
3052,35,17,18,7,7,7,14,7,5,0,2,0,0,0,0,0,0,0,0,0,0,2,0,1.0,1.0,1.0,0.0,0.0,0.0,2,0,0
3053,34,17,17,7,7,7,13,6,4,0,2,0,0,0,0,0,0,0,0,0,0,0,0,1.0,1.0,0.8571428571428572,0.0,0.0,0.0,2,0,1
3054,34,17,17,7,7,7,13,6,4,0,2,0,0,0,0,0,0,0,0,0,0,2,0,1.0,1.0,1.0,0.0,0.0,0.0,2,0,0
3055,34,17,17,7,7,7,13,6,4,0,2,0,0,0,0,0,0,0,0,0,0,0,0,1.0,1.0,1.0,0.0,0.0,0.0,2,0,0
3056,34,17,17,7,5,9,13,6,4,0,2,0,0,0,0,0,0,0,0,0,0,0,0,1.0,1.0,1.0,0.0,0.0,0.0,2,0,0
3057,34,17,17,7,5,9,13,6,4,0,2,0,0,0,0,0,0,0,0,0,0,0,0,1.0,1.0,1.0,0.0,0.0,0.0,2,0,0
3058,34,17,17,7,3,11,13,6,4,0,2,0,0,0,0,0,0,0,0,0,0,0,0,1.0,1.0,1.0,0.0,0.0,0.0,2,0,0
3059,34,17,17,4,6,11,13,6,4,0,2,0,0,0,0,0,0,0,0,0,0,0,0,1.0,1.0,1.0,0.0,0.0,0.0,2,0,0
3060,34,17,17,4,6,11,13,6,4,0,2,0,0,0,0,0,0,0,0,0,0,0,0,1.0,1.0,1.0,0.0,0.0,0.0,2,0,0
3061,37,19,18,7,6,11,13,6,3,0,2,0,0,0,0,0,0,0,0,1,0,0,0,1.0,1.0,1.0,0.08823529411764706,0.08823529411764706,0.0,2,3,0
3062,37,19,18,7,6,11,13,6,3,1,2,0,0,0,0,0,1,0,1,0,0,0,0,1.0,1.0,1.0,0.0,0.0,0.0,2,0,0
3063,37,19,18,7,6,11,13,6,3,1,2,0,0,0,0,0,0,0,0,0,0,0,0,1.0,1.0,1.0,0.0,0.0,0.0,2,0,0
3064,37,19,18,7,6,11,13,6,3,1,2,0,0,0,0,0,0,0,0,0,0,0,0,1.0,1.0,1.0,0.0,0.0,0.0,2,0,0
3065,37,19,18,7,6,11,13,6,3,1,2,0,0,0,0,0,0,0,0,0,0,0,0,1.0,1.0,1.0,0.0,0.0,0.0,2,0,0
3066,37,19,18,7,6,11,13,6,3,1,2,0,0,0,0,0,0,0,0,0,0,0,0,1.0,1.0,1.0,0.0,0.0,0.0,2,0,0
3067,37,19,18,7,6,11,13,6,3,1,2,0,0,0,0,0,0,0,0,0,0,0,0,1.0,1.0,1.0,0.0,0.0,0.0,2,0,0
3068,37,19,18,3,10,11,13,6,3,1,2,0,0,0,0,0,0,0,0,0,0,0,0,1.0,1.0,1.0,0.0,0.0,0.0,2,0,0
3069,37,19,18,3,10,11,13,6,3,1,2,0,0,0,0,0,0,0,0,0,0,0,0,1.0,1.0,1.0,0.0,0.0,0.0,2,0,0
3070,37,19,18,3,10,10,14,7,4,1,1,0,0,0,0,0,7,1,0,0,0,0,0,1.0,1.0,1.0,0.0,0.0,0.14285714285714285,2,0,0
3071,36,19,17,3,9,10,14,7,5,1,1,0,0,0,0,0,8,1,0,0,1,0,1,0.9230769230769231,1.0,1.0,0.0,0.0,0.125,2,0,1
3072,36,19,17,3,9,10,14,7,5,1,1,0,0,0,0,0,0,0,0,0,0,0,0,1.0,1.0,1.0,0.0,0.0,0.0,2,0,0
3073,36,19,17,3,9,10,14,7,5,1,1,0,0,0,0,0,0,0,0,0,0,0,0,1.0,1.0,1.0,0.0,0.0,0.0,2,0,0
3074,36,19,17,3,9,10,14,7,5,1,1,0,0,0,0,0,0,0,0,0,0,0,0,1.0,1.0,1.0,0.0,0.0,0.0,2,0,0
3075,36,19,17,3,9,10,14,7,5,1,1,0,0,0,0,0,0,0,0,0,0,0,0,1.0,1.0,1.0,0.0,0.0,0.0,2,0,0
3076,36,19,17,3,9,9,15,8,5,1,1,0,0,0,0,0,0,0,0,0,0,0,0,1.0,1.0,1.0,0.0,0.0,0.0,2,0,0
3077,36,19,17,3,9,9,15,8,5,1,1,0,0,0,0,0,0,0,0,0,0,0,0,1.0,1.0,1.0,0.0,0.0,0.0,2,0,0
3078,36,19,17,3,9,9,15,8,5,1,1,0,0,0,0,0,0,0,0,0,0,0,0,1.0,1.0,1.0,0.0,0.0,0.0,2,0,0
3079,36,19,17,3,9,9,15,8,5,1,1,0,0,0,0,0,0,0,0,0,0,0,0,1.0,1.0,1.0,0.0,0.0,0.0,2,0,0
3080,36,19,17,3,9,9,15,8,6,1,1,0,0,0,0,0,4,1,0,0,0,0,0,1.0,1.0,1.0,0.0,0.0,0.25,2,0,0
3081,36,19,17,3,9,9,15,8,6,1,1,0,0,0,0,0,0,0,0,0,0,0,0,1.0,1.0,1.0,0.0,0.0,0.0,2,0,0
3082,36,19,17,3,9,8,16,8,6,1,1,0,0,0,0,0,0,0,0,0,0,0,0,1.0,1.0,1.0,0.0,0.0,0.0,2,0,0
3083,36,19,17,3,9,8,16,8,6,1,1,0,0,0,0,0,0,0,0,0,0,0,0,1.0,1.0,1.0,0.0,0.0,0.0,2,0,0
3084,36,19,17,3,9,8,16,8,6,1,1,0,0,0,0,0,0,0,0,0,0,0,0,1.0,1.0,1.0,0.0,0.0,0.0,2,0,0
3085,35,18,17,3,8,8,16,8,6,1,1,0,0,0,0,0,0,0,0,0,1,0,1,0.9166666666666666,1.0,1.0,0.0,0.0,0.0,2,0,1
3086,35,18,17,3,8,8,16,8,6,1,1,0,0,0,0,0,0,0,0,0,0,0,0,1.0,1.0,1.0,0.0,0.0,0.0,2,0,0
3087,35,18,17,3,8,8,16,8,6,1,1,0,0,0,0,0,0,0,0,0,0,0,0,1.0,1.0,1.0,0.0,0.0,0.0,2,0,0
3088,35,18,17,3,8,8,16,8,6,1,1,0,0,0,0,0,0,0,0,0,0,0,0,1.0,1.0,1.0,0.0,0.0,0.0,2,0,0
3089,35,18,17,3,8,8,16,8,6,1,1,0,0,0,0,0,0,0,0,0,0,0,0,1.0,1.0,1.0,0.0,0.0,0.0,2,0,0
3090,35,18,17,3,8,8,16,8,6,1,1,0,0,0,0,0,0,0,0,0,0,0,0,1.0,1.0,1.0,0.0,0.0,0.0,2,0,0
3091,35,18,17,3,8,8,16,8,6,1,1,0,0,0,0,0,0,0,0,0,0,0,0,1.0,1.0,1.0,0.0,0.0,0.0,2,0,0
3092,35,18,17,3,8,8,16,8,6,1,1,0,0,0,0,0,0,0,0,0,0,0,0,1.0,1.0,1.0,0.0,0.0,0.0,2,0,0
3093,39,20,19,7,8,8,16,8,5,1,2,0,0,0,0,0,0,0,0,1,0,0,0,1.0,1.0,1.0,0.11428571428571428,0.11428571428571428,0.0,2,4,0
3094,39,20,19,7,8,8,16,8,5,1,2,0,0,0,0,0,0,0,0,0,0,3,0,1.0,1.0,1.0,0.0,0.0,0.0,2,0,0
3095,39,20,19,7,8,8,16,8,5,1,2,0,0,0,0,0,0,0,0,0,0,0,0,1.0,1.0,1.0,0.0,0.0,0.0,2,0,0
3096,39,20,19,7,8,8,16,8,5,1,2,0,0,0,0,0,0,0,0,0,0,0,0,1.0,1.0,1.0,0.0,0.0,0.0,2,0,0
3097,39,20,19,7,8,8,16,8,5,1,2,0,0,0,0,0,0,0,0,0,0,0,0,1.0,1.0,1.0,0.0,0.0,0.0,2,0,0
3098,39,20,19,7,5,11,16,8,5,1,2,0,0,0,0,0,0,0,0,0,0,0,0,1.0,1.0,1.0,0.0,0.0,0.0,2,0,0
3099,39,20,19,7,5,10,17,9,5,1,2,0,0,0,0,0,0,0,0,0,0,0,0,1.0,1.0,1.0,0.0,0.0,0.0,2,0,0
3100,39,20,19,7,5,10,17,9,5,1,2,0,0,0,0,0,0,0,0,0,0,0,0,1.0,1.0,1.0,0.0,0.0,0.0,2,0,0
3101,39,20,19,7,5,10,17,9,5,1,2,0,0,0,0,0,0,0,0,0,0,0,0,1.0,1.0,1.0,0.0,0.0,0.0,2,0,0
3102,39,20,19,7,5,10,17,9,5,1,2,0,0,0,0,0,0,0,0,0,0,0,0,1.0,1.0,1.0,0.0,0.0,0.0,2,0,0
3103,39,20,19,7,5,10,17,9,5,1,2,0,0,0,0,0,0,0,0,0,0,0,0,1.0,1.0,1.0,0.0,0.0,0.0,2,0,0
3104,38,19,19,4,7,10,17,9,5,1,2,0,0,0,0,0,0,0,0,0,1,0,1,0.9166666666666666,1.0,1.0,0.0,0.0,0.0,2,0,1
3105,36,17,19,4,6,8,18,10,5,1,2,0,0,2,0,0,0,0,0,0,1,0,2,0.9090909090909091,1.0,1.0,0.0,0.0,0.0,2,0,2
3106,36,17,19,4,6,8,18,10,6,1,1,0,0,0,0,0,6,1,0,0,0,0,0,1.0,1.0,1.0,0.0,0.0,0.16666666666666666,2,0,0
3107,39,20,19,7,6,8,18,10,6,0,2,0,0,0,1,0,4,1,0,1,1,0,1,0.9,1.0,1.0,0.1111111111111111,0.1111111111111111,0.25,2,4,1
3108,39,20,19,7,6,8,18,10,6,0,2,0,0,0,0,0,3,0,0,0,0,0,0,1.0,1.0,1.0,0.0,0.0,0.0,2,0,0
3109,41,22,19,11,6,8,16,9,5,0,2,0,0,1,1,0,3,0,0,1,0,0,2,1.0,0.875,0.9,0.10256410256410256,0.10256410256410256,0.0,2,4,2
3110,41,22,19,11,6,8,16,9,7,0,2,0,0,0,0,0,6,2,0,0,0,0,0,1.0,1.0,1.0,0.0,0.0,0.3333333333333333,2,0,0
3111,41,22,19,11,6,8,16,9,7,0,2,0,0,0,0,0,0,0,0,0,0,0,0,1.0,1.0,1.0,0.0,0.0,0.0,2,0,0
3112,41,22,19,11,6,8,16,9,7,0,2,0,0,0,0,0,0,0,0,0,0,0,0,1.0,1.0,1.0,0.0,0.0,0.0,2,0,0
3113,41,22,19,11,6,7,17,10,7,0,2,0,0,0,0,0,0,0,0,0,0,0,0,1.0,1.0,1.0,0.0,0.0,0.0,2,0,0
3114,41,22,19,11,6,7,17,10,7,0,2,0,0,0,0,0,0,0,0,0,0,0,0,1.0,1.0,1.0,0.0,0.0,0.0,2,0,0
3115,41,22,19,11,6,7,17,10,7,0,2,0,0,0,0,0,0,0,0,0,0,0,0,1.0,1.0,1.0,0.0,0.0,0.0,2,0,0
3116,41,22,19,11,6,7,17,10,7,0,2,0,0,0,0,0,0,0,0,0,0,0,0,1.0,1.0,1.0,0.0,0.0,0.0,2,0,0
3117,41,22,19,11,6,7,17,10,7,0,2,0,0,0,0,0,0,0,0,0,0,0,0,1.0,1.0,1.0,0.0,0.0,0.0,2,0,0
3118,41,22,19,11,6,7,17,10,7,0,2,0,0,0,0,0,0,0,0,0,0,0,0,1.0,1.0,1.0,0.0,0.0,0.0,2,0,0
3119,41,22,19,11,6,7,17,10,8,0,2,0,0,0,0,0,3,1,0,0,0,0,0,1.0,1.0,1.0,0.0,0.0,0.3333333333333333,2,0,0
3120,41,22,19,11,6,7,17,10,8,0,2,0,0,0,0,0,0,0,0,0,0,0,0,1.0,1.0,1.0,0.0,0.0,0.0,2,0,0
3121,41,22,19,11,6,7,17,10,8,0,2,0,0,0,0,0,0,0,0,0,0,0,0,1.0,1.0,1.0,0.0,0.0,0.0,2,0,0
3122,41,22,19,11,6,7,17,10,8,0,2,0,0,0,0,0,0,0,0,0,0,0,0,1.0,1.0,1.0,0.0,0.0,0.0,2,0,0
3123,41,22,19,11,6,7,17,10,8,0,2,0,0,0,0,0,0,0,0,0,0,0,0,1.0,1.0,1.0,0.0,0.0,0.0,2,0,0
3124,41,22,19,11,6,7,17,10,8,0,2,0,0,0,0,0,0,0,0,0,0,0,0,1.0,1.0,1.0,0.0,0.0,0.0,2,0,0
3125,41,22,19,11,6,7,17,10,8,0,2,0,0,0,0,0,0,0,0,0,0,0,0,1.0,1.0,1.0,0.0,0.0,0.0,2,0,0
3126,41,22,19,11,6,7,17,10,8,0,2,0,0,0,0,0,0,0,0,0,0,0,0,1.0,1.0,1.0,0.0,0.0,0.0,2,0,0
3127,41,22,19,11,6,7,17,10,8,0,2,0,0,0,0,0,0,0,0,0,0,0,0,1.0,1.0,1.0,0.0,0.0,0.0,2,0,0
3128,41,22,19,11,6,7,17,10,8,0,2,0,0,0,0,0,0,0,0,0,0,0,0,1.0,1.0,1.0,0.0,0.0,0.0,2,0,0
3129,41,22,19,11,6,7,17,10,8,0,2,0,0,0,0,0,0,0,0,0,0,0,0,1.0,1.0,1.0,0.0,0.0,0.0,2,0,0
3130,40,22,18,11,5,7,17,10,8,0,2,0,0,0,0,0,0,0,0,0,1,0,1,0.9411764705882353,1.0,1.0,0.0,0.0,0.0,2,0,1
3131,40,22,18,11,5,7,17,10,8,0,2,0,0,0,0,0,0,0,0,0,0,0,0,1.0,1.0,1.0,0.0,0.0,0.0,2,0,0
3132,40,22,18,11,5,7,17,10,8,0,2,0,0,0,0,0,0,0,0,0,0,0,0,1.0,1.0,1.0,0.0,0.0,0.0,2,0,0
3133,39,21,18,10,5,7,17,10,8,0,2,0,0,0,0,0,0,0,0,0,1,0,1,0.9375,1.0,1.0,0.0,0.0,0.0,2,0,1
3134,39,21,18,10,5,7,17,10,8,0,2,0,0,0,0,0,0,0,0,0,0,0,0,1.0,1.0,1.0,0.0,0.0,0.0,2,0,0
3135,43,22,21,14,5,7,17,10,7,0,3,0,0,0,0,0,0,0,0,1,0,0,0,1.0,1.0,1.0,0.10256410256410256,0.10256410256410256,0.0,2,4,0
3136,46,24,22,16,7,7,16,9,5,0,4,0,0,0,0,0,0,0,0,1,0,0,0,1.0,1.0,0.9,0.09302325581395349,0.09302325581395349,0.0,2,4,1
3137,46,24,22,16,7,7,16,9,5,0,4,0,0,0,0,0,0,0,0,0,0,0,0,1.0,1.0,1.0,0.0,0.0,0.0,2,0,0
3138,46,24,22,16,7,7,16,9,5,0,4,0,0,0,0,0,0,0,0,0,0,0,0,1.0,1.0,1.0,0.0,0.0,0.0,2,0,0
3139,46,24,22,16,7,7,16,9,5,0,4,0,0,0,0,0,0,0,0,0,0,0,0,1.0,1.0,1.0,0.0,0.0,0.0,2,0,0
3140,45,23,22,15,7,7,16,9,5,0,4,0,0,0,0,0,0,0,0,0,1,0,1,0.9565217391304348,1.0,1.0,0.0,0.0,0.0,2,0,1
3141,45,23,22,15,7,7,16,9,5,0,4,0,0,0,0,0,0,0,0,0,0,0,0,1.0,1.0,1.0,0.0,0.0,0.0,2,0,0
3142,45,23,22,15,7,7,16,9,5,0,4,0,0,0,0,0,0,0,0,0,0,0,0,1.0,1.0,1.0,0.0,0.0,0.0,2,0,0
3143,45,23,22,15,7,7,16,9,5,0,4,0,0,0,0,0,0,0,0,0,0,0,0,1.0,1.0,1.0,0.0,0.0,0.0,2,0,0
3144,43,21,22,14,6,7,16,9,5,0,4,0,0,0,0,0,0,0,0,0,2,0,2,0.9090909090909091,1.0,1.0,0.0,0.0,0.0,2,0,2
3145,47,23,24,18,6,7,16,9,4,0,5,0,0,0,0,0,0,0,0,1,0,0,0,1.0,1.0,1.0,0.09302325581395349,0.09302325581395349,0.0,2,4,0
3146,46,22,24,17,6,7,16,9,4,0,5,0,0,0,0,0,0,0,0,0,1,0,1,0.9583333333333334,1.0,1.0,0.0,0.0,0.0,2,0,1
3147,46,22,24,17,6,7,16,9,4,0,5,0,0,0,0,0,0,0,0,0,0,0,0,1.0,1.0,1.0,0.0,0.0,0.0,2,0,0
3148,46,22,24,17,6,7,16,9,4,0,5,0,0,0,0,0,0,0,0,0,0,0,0,1.0,1.0,1.0,0.0,0.0,0.0,2,0,0
3149,45,21,24,16,6,7,16,9,4,0,5,0,0,0,0,0,0,0,0,0,1,0,1,0.9565217391304348,1.0,1.0,0.0,0.0,0.0,2,0,1
3150,45,21,24,12,10,7,16,9,4,0,5,0,0,0,0,0,0,0,0,0,0,0,0,1.0,1.0,1.0,0.0,0.0,0.0,2,0,0
3151,45,21,24,12,10,7,16,9,4,0,5,0,0,0,0,0,0,0,0,0,0,0,0,1.0,1.0,1.0,0.0,0.0,0.0,2,0,0
3152,45,21,24,10,12,7,16,9,4,0,4,0,0,0,0,0,0,0,0,0,0,0,0,1.0,1.0,1.0,0.0,0.0,0.0,2,0,0
3153,45,21,24,10,12,6,17,10,4,1,4,0,0,0,0,0,2,0,1,0,0,0,0,1.0,1.0,1.0,0.0,0.0,0.0,2,0,0
3154,45,21,24,10,12,6,17,10,4,1,3,0,0,0,0,0,0,0,0,0,0,0,0,1.0,1.0,1.0,0.0,0.0,0.0,2,0,0
3155,45,21,24,10,12,6,17,10,5,1,3,0,0,0,0,0,5,1,0,0,0,0,0,1.0,1.0,1.0,0.0,0.0,0.2,2,0,0
3156,45,21,24,10,12,6,17,10,5,1,3,0,0,0,0,0,0,0,0,0,0,0,0,1.0,1.0,1.0,0.0,0.0,0.0,2,0,0
3157,45,21,24,10,12,6,17,10,5,1,3,0,0,0,0,0,0,0,0,0,0,0,0,1.0,1.0,1.0,0.0,0.0,0.0,2,0,0
3158,45,21,24,10,12,6,17,10,6,1,3,0,0,0,0,0,3,1,0,0,0,0,0,1.0,1.0,1.0,0.0,0.0,0.3333333333333333,2,0,0
3159,45,21,24,10,12,6,17,10,6,1,3,0,0,0,0,0,0,0,0,0,0,0,0,1.0,1.0,1.0,0.0,0.0,0.0,2,0,0
3160,43,20,23,10,11,5,17,10,6,1,3,0,0,0,0,0,0,0,0,0,1,0,1,0.9545454545454546,1.0,1.0,0.0,0.0,0.0,2,0,2
3161,42,19,23,9,11,5,17,10,6,1,3,0,0,0,0,0,0,0,0,0,1,0,1,0.9523809523809523,1.0,1.0,0.0,0.0,0.0,2,0,1
3162,42,19,23,9,11,5,17,10,6,1,3,0,0,0,0,0,0,0,0,0,0,0,0,1.0,1.0,1.0,0.0,0.0,0.0,2,0,0
3163,42,19,23,9,11,5,17,10,6,1,3,0,0,0,0,0,0,0,0,0,0,0,0,1.0,1.0,1.0,0.0,0.0,0.0,2,0,0
3164,42,19,23,9,11,5,17,10,6,1,3,0,0,0,0,0,0,0,0,0,0,0,0,1.0,1.0,1.0,0.0,0.0,0.0,2,0,0
3165,42,19,23,9,11,5,17,10,6,1,3,0,0,0,0,0,0,0,0,0,0,0,0,1.0,1.0,1.0,0.0,0.0,0.0,2,0,0
3166,42,19,23,9,11,5,17,10,6,1,3,0,0,0,0,0,0,0,0,0,0,0,0,1.0,1.0,1.0,0.0,0.0,0.0,2,0,0
3167,42,19,23,9,11,4,18,10,6,1,3,0,0,0,0,0,0,0,0,0,0,0,0,1.0,1.0,1.0,0.0,0.0,0.0,2,0,0
3168,41,18,23,9,10,4,18,10,6,1,3,0,0,0,0,0,0,0,0,0,1,0,1,0.95,1.0,1.0,0.0,0.0,0.0,2,0,1
3169,40,18,22,9,9,4,18,10,6,1,3,0,0,0,0,0,0,0,0,0,1,0,1,0.9473684210526316,1.0,1.0,0.0,0.0,0.0,2,0,1
3170,40,18,22,9,9,4,18,10,6,1,3,0,0,0,0,0,0,0,0,0,0,0,0,1.0,1.0,1.0,0.0,0.0,0.0,2,0,0
3171,40,18,22,9,9,4,18,10,6,1,3,0,0,0,0,0,0,0,0,0,0,0,0,1.0,1.0,1.0,0.0,0.0,0.0,2,0,0
3172,43,21,22,12,9,4,18,10,5,1,4,0,0,0,0,0,0,0,0,1,0,0,0,1.0,1.0,1.0,0.075,0.075,0.0,2,3,0
3173,43,21,22,12,9,4,18,10,5,1,4,0,0,0,0,0,0,0,0,0,0,0,0,1.0,1.0,1.0,0.0,0.0,0.0,2,0,0
3174,43,21,22,12,9,4,18,10,5,1,4,0,0,0,0,0,0,0,0,0,0,0,0,1.0,1.0,1.0,0.0,0.0,0.0,2,0,0
3175,50,26,24,19,9,4,18,10,3,1,6,0,0,0,0,0,0,0,0,2,0,0,0,1.0,1.0,1.0,0.16279069767441862,0.16279069767441862,0.0,2,7,0
3176,50,26,24,19,9,4,18,10,3,1,6,0,0,0,0,0,0,0,0,0,0,0,0,1.0,1.0,1.0,0.0,0.0,0.0,2,0,0
3177,49,25,24,19,9,4,17,10,3,1,6,0,0,0,0,0,0,0,0,0,0,0,0,1.0,0.875,1.0,0.0,0.0,0.0,2,0,1
3178,48,25,23,16,11,4,17,10,3,1,6,0,0,0,0,0,0,0,0,0,1,0,1,0.9642857142857143,1.0,1.0,0.0,0.0,0.0,2,0,1
3179,48,25,23,13,14,4,17,10,3,1,6,0,0,0,0,0,0,0,0,0,0,0,0,1.0,1.0,1.0,0.0,0.0,0.0,2,0,0
3180,48,25,23,13,14,4,17,10,3,1,5,0,0,0,0,0,0,0,0,0,0,0,0,1.0,1.0,1.0,0.0,0.0,0.0,2,0,0
3181,48,25,23,13,14,4,17,10,4,1,4,0,0,0,0,0,1,1,0,0,0,0,0,1.0,1.0,1.0,0.0,0.0,1.0,2,0,0
3182,48,25,23,13,14,4,17,10,5,1,4,0,0,0,0,0,8,1,0,0,0,0,0,1.0,1.0,1.0,0.0,0.0,0.125,2,0,0
3183,47,25,22,13,13,4,17,10,5,1,4,0,0,0,0,0,0,0,0,0,1,0,1,0.962962962962963,1.0,1.0,0.0,0.0,0.0,2,0,1
3184,51,28,23,17,13,4,17,10,4,1,5,0,0,0,0,0,0,0,0,1,0,0,0,1.0,1.0,1.0,0.0851063829787234,0.0851063829787234,0.0,2,4,0
3185,51,28,23,17,13,4,17,10,4,1,5,0,0,0,0,0,0,0,0,0,0,0,0,1.0,1.0,1.0,0.0,0.0,0.0,2,0,0
3186,49,26,23,16,12,4,17,10,4,1,5,0,0,0,0,0,0,0,0,0,2,0,2,0.9333333333333333,1.0,1.0,0.0,0.0,0.0,2,0,2
3187,47,25,22,15,11,4,17,10,4,1,5,0,0,0,0,0,0,0,0,0,2,0,2,0.9285714285714286,1.0,1.0,0.0,0.0,0.0,2,0,2
3188,46,24,22,11,14,4,17,10,4,1,5,0,0,0,0,0,0,0,0,0,1,0,1,0.9615384615384616,1.0,1.0,0.0,0.0,0.0,2,0,1
3189,46,24,22,11,14,4,17,10,4,1,5,0,0,0,0,0,0,0,0,0,0,0,0,1.0,1.0,1.0,0.0,0.0,0.0,2,0,0
3190,46,24,22,11,14,4,17,10,4,1,4,0,0,0,0,0,0,0,0,0,0,0,0,1.0,1.0,1.0,0.0,0.0,0.0,2,0,0
3191,46,24,22,11,14,4,17,10,4,2,4,0,0,0,0,0,1,0,1,0,0,0,0,1.0,1.0,1.0,0.0,0.0,0.0,2,0,0
3192,45,24,21,11,13,4,17,10,4,2,4,0,0,0,0,0,0,0,0,0,1,0,1,0.96,1.0,1.0,0.0,0.0,0.0,2,0,1
3193,45,24,21,11,13,4,17,10,4,2,4,0,0,0,0,0,0,0,0,0,0,0,0,1.0,1.0,1.0,0.0,0.0,0.0,2,0,0
3194,44,24,20,11,13,4,16,9,3,2,4,0,0,0,1,0,0,0,0,0,0,0,1,1.0,1.0,0.9,0.0,0.0,0.0,2,0,1
3195,44,24,20,11,13,4,16,9,3,2,4,0,0,0,0,0,0,0,0,0,0,0,0,1.0,1.0,1.0,0.0,0.0,0.0,2,0,0
3196,43,24,19,11,12,4,16,9,3,2,4,0,0,0,1,0,0,0,0,0,1,0,1,0.9583333333333334,1.0,1.0,0.0,0.0,0.0,2,0,1
3197,41,23,18,10,12,4,15,8,3,2,3,0,0,1,1,0,0,0,0,0,1,0,2,0.9565217391304348,1.0,0.8888888888888888,0.0,0.0,0.0,2,0,2
3198,38,22,16,9,12,4,13,6,3,1,2,0,0,1,2,0,0,0,0,0,1,0,3,0.9545454545454546,1.0,0.75,0.0,0.0,0.0,2,0,3
3199,38,22,16,9,12,4,13,6,3,1,2,0,0,0,0,0,0,0,0,0,0,0,0,1.0,1.0,1.0,0.0,0.0,0.0,2,0,0
3200,37,22,15,9,11,4,13,6,3,1,2,0,0,0,1,0,0,0,0,0,1,0,1,0.9523809523809523,1.0,1.0,0.0,0.0,0.0,2,0,1
3201,37,22,15,9,11,4,13,6,3,1,2,0,0,0,0,0,0,0,0,0,0,0,0,1.0,1.0,1.0,0.0,0.0,0.0,2,0,0
3202,37,22,15,9,11,4,13,6,3,1,2,0,0,0,0,0,0,0,0,0,0,0,0,1.0,1.0,1.0,0.0,0.0,0.0,2,0,0
3203,37,22,15,9,11,4,13,6,3,1,2,0,0,0,0,0,0,0,0,0,0,0,0,1.0,1.0,1.0,0.0,0.0,0.0,2,0,0
3204,37,22,15,9,11,4,13,6,3,1,2,0,0,0,0,0,0,0,0,0,0,0,0,1.0,1.0,1.0,0.0,0.0,0.0,2,0,0
3205,37,22,15,9,11,4,13,6,3,1,2,0,0,0,0,0,0,0,0,0,0,2,0,1.0,1.0,1.0,0.0,0.0,0.0,2,0,0
3206,37,22,15,9,11,4,13,6,3,1,2,0,0,0,0,0,0,0,0,0,0,0,0,1.0,1.0,1.0,0.0,0.0,0.0,2,0,0
3207,37,22,15,9,11,4,13,6,3,1,2,0,0,0,0,0,0,0,0,0,0,0,0,1.0,1.0,1.0,0.0,0.0,0.0,2,0,0
3208,37,22,15,9,11,4,13,6,3,1,2,0,0,0,0,0,0,0,0,0,0,0,0,1.0,1.0,1.0,0.0,0.0,0.0,2,0,0
3209,37,22,15,9,9,6,13,6,3,1,2,0,0,0,0,0,0,0,0,0,0,0,0,1.0,1.0,1.0,0.0,0.0,0.0,2,0,0
3210,37,22,15,9,9,6,13,6,3,1,2,0,0,0,0,0,0,0,0,0,0,0,0,1.0,1.0,1.0,0.0,0.0,0.0,2,0,0
3211,37,22,15,9,9,6,13,6,3,1,2,0,0,0,0,0,0,0,0,0,0,0,0,1.0,1.0,1.0,0.0,0.0,0.0,2,0,0
3212,37,22,15,9,9,6,13,6,3,1,2,0,0,0,0,0,0,0,0,0,0,0,0,1.0,1.0,1.0,0.0,0.0,0.0,2,0,0
3213,37,22,15,9,9,6,13,6,3,1,2,0,0,0,0,0,0,0,0,0,0,0,0,1.0,1.0,1.0,0.0,0.0,0.0,2,0,0
3214,37,22,15,9,9,6,13,6,3,1,2,0,0,0,0,0,0,0,0,0,0,0,0,1.0,1.0,1.0,0.0,0.0,0.0,2,0,0
3215,37,22,15,6,12,5,14,7,3,1,2,0,0,0,0,0,0,0,0,0,0,0,0,1.0,1.0,1.0,0.0,0.0,0.0,2,0,0
3216,37,22,15,6,12,5,14,7,3,1,2,0,0,0,0,0,0,0,0,0,0,0,0,1.0,1.0,1.0,0.0,0.0,0.0,2,0,0
3217,37,22,15,6,12,5,14,7,3,1,1,0,0,0,0,0,0,0,0,0,0,0,0,1.0,1.0,1.0,0.0,0.0,0.0,2,0,0
3218,37,22,15,3,15,5,14,7,3,1,1,0,0,0,0,0,1,0,0,0,0,0,0,1.0,1.0,1.0,0.0,0.0,0.0,2,0,0
3219,37,22,15,3,15,5,14,7,4,1,1,0,0,0,0,0,4,1,0,0,0,0,0,1.0,1.0,1.0,0.0,0.0,0.25,2,0,0
3220,37,22,15,3,15,5,14,7,4,1,0,0,0,0,0,0,0,0,0,0,0,0,0,1.0,1.0,1.0,0.0,0.0,0.0,2,0,0
3221,37,22,15,3,15,5,14,7,4,1,0,0,0,0,0,0,0,0,0,0,0,0,0,1.0,1.0,1.0,0.0,0.0,0.0,2,0,0
3222,37,22,15,3,15,5,14,7,4,1,0,0,0,0,0,0,0,0,0,0,0,0,0,1.0,1.0,1.0,0.0,0.0,0.0,2,0,0
3223,41,24,17,7,15,5,14,7,3,1,1,0,0,0,0,0,0,0,0,1,0,0,0,1.0,1.0,1.0,0.10810810810810811,0.10810810810810811,0.0,2,4,0
3224,41,24,17,7,15,5,14,7,3,1,1,0,0,0,0,0,0,0,0,0,0,0,0,1.0,1.0,1.0,0.0,0.0,0.0,2,0,0
3225,41,24,17,7,15,5,14,7,3,1,1,0,0,0,0,0,0,0,0,0,0,0,0,1.0,1.0,1.0,0.0,0.0,0.0,2,0,0
3226,41,24,17,7,15,5,14,7,3,1,1,0,0,0,0,0,0,0,0,0,0,0,0,1.0,1.0,1.0,0.0,0.0,0.0,2,0,0
3227,41,24,17,4,18,5,14,7,3,1,1,0,0,0,0,0,0,0,0,0,0,0,0,1.0,1.0,1.0,0.0,0.0,0.0,2,0,0
3228,41,24,17,4,18,5,14,7,3,1,1,0,0,0,0,0,0,0,0,0,0,0,0,1.0,1.0,1.0,0.0,0.0,0.0,2,0,0
3229,41,24,17,4,18,5,14,7,3,1,1,0,0,0,0,0,0,0,0,0,0,0,0,1.0,1.0,1.0,0.0,0.0,0.0,2,0,0
3230,41,24,17,4,18,5,14,7,3,1,1,0,0,0,0,0,0,0,0,0,0,0,0,1.0,1.0,1.0,0.0,0.0,0.0,2,0,0
3231,41,24,17,4,18,5,14,7,3,1,1,0,0,0,0,0,0,0,0,0,0,0,0,1.0,1.0,1.0,0.0,0.0,0.0,2,0,0
3232,41,24,17,4,18,5,14,7,3,1,1,0,0,0,0,0,0,0,0,0,0,0,0,1.0,1.0,1.0,0.0,0.0,0.0,2,0,0
3233,41,24,17,4,18,2,17,7,3,1,1,0,0,0,0,0,0,0,0,0,0,0,0,1.0,1.0,1.0,0.0,0.0,0.0,2,0,0
3234,41,24,17,4,18,2,17,7,3,1,1,0,0,0,0,0,0,0,0,0,0,0,0,1.0,1.0,1.0,0.0,0.0,0.0,2,0,0
3235,41,24,17,4,18,2,17,7,3,1,1,0,0,0,0,0,0,0,0,0,0,0,0,1.0,1.0,1.0,0.0,0.0,0.0,2,0,0
3236,41,24,17,4,18,2,17,7,3,0,1,0,0,0,0,0,0,0,0,0,0,0,0,1.0,1.0,1.0,0.0,0.0,0.0,2,0,0
3237,41,24,17,4,18,2,17,7,3,0,1,0,0,0,0,0,0,0,0,0,0,0,0,1.0,1.0,1.0,0.0,0.0,0.0,2,0,0
3238,41,24,17,4,18,2,17,7,3,0,1,0,0,0,0,0,0,0,0,0,0,0,0,1.0,1.0,1.0,0.0,0.0,0.0,2,0,0
3239,41,24,17,4,18,2,17,7,3,0,1,0,0,0,0,0,0,0,0,0,0,0,0,1.0,1.0,1.0,0.0,0.0,0.0,2,0,0
3240,41,24,17,4,18,1,18,8,3,0,1,0,0,0,0,0,0,0,0,0,0,0,0,1.0,1.0,1.0,0.0,0.0,0.0,2,0,0
3241,41,24,17,4,18,1,18,8,3,0,1,0,0,0,0,0,0,0,0,0,0,0,0,1.0,1.0,1.0,0.0,0.0,0.0,2,0,0
3242,41,24,17,4,18,1,18,8,3,0,1,0,0,0,0,0,0,0,0,0,0,0,0,1.0,1.0,1.0,0.0,0.0,0.0,2,0,0
3243,41,24,17,4,18,1,18,8,3,0,1,0,0,0,0,0,0,0,0,0,0,0,0,1.0,1.0,1.0,0.0,0.0,0.0,2,0,0
3244,41,24,17,4,18,1,18,8,3,0,1,0,0,0,0,0,0,0,0,0,0,0,0,1.0,1.0,1.0,0.0,0.0,0.0,2,0,0
3245,41,24,17,4,18,1,18,8,3,0,1,0,0,0,0,0,0,0,0,0,0,0,0,1.0,1.0,1.0,0.0,0.0,0.0,2,0,0
3246,44,26,18,7,18,1,18,8,2,0,2,0,0,0,0,0,0,0,0,1,0,0,0,1.0,1.0,1.0,0.07317073170731707,0.07317073170731707,0.0,2,3,0
3247,47,27,20,10,18,1,18,8,1,0,3,0,0,0,0,0,0,0,0,1,0,0,0,1.0,1.0,1.0,0.06818181818181818,0.06818181818181818,0.0,2,3,0
3248,47,27,20,10,18,1,18,8,1,0,3,0,0,0,0,0,0,0,0,0,0,0,0,1.0,1.0,1.0,0.0,0.0,0.0,2,0,0
3249,47,27,20,10,18,1,18,8,1,0,3,0,0,0,0,0,0,0,0,0,0,0,0,1.0,1.0,1.0,0.0,0.0,0.0,2,0,0
3250,47,27,20,10,18,1,18,8,1,0,3,0,0,0,0,0,0,0,0,0,0,0,0,1.0,1.0,1.0,0.0,0.0,0.0,2,0,0
3251,47,27,20,10,18,1,18,8,1,0,3,0,0,0,0,0,0,0,0,0,0,0,0,1.0,1.0,1.0,0.0,0.0,0.0,2,0,0
3252,46,26,20,9,18,1,18,8,1,0,3,0,0,0,0,0,0,0,0,0,1,0,1,0.9642857142857143,1.0,1.0,0.0,0.0,0.0,2,0,1
3253,46,26,20,9,18,1,18,8,1,0,3,0,0,0,0,0,0,0,0,0,0,0,0,1.0,1.0,1.0,0.0,0.0,0.0,2,0,0
3254,46,26,20,9,18,1,18,8,1,0,3,0,0,0,0,0,0,0,0,0,0,0,0,1.0,1.0,1.0,0.0,0.0,0.0,2,0,0
3255,46,26,20,9,18,1,18,8,1,0,3,0,0,0,0,0,0,0,0,0,0,0,0,1.0,1.0,1.0,0.0,0.0,0.0,2,0,0
3256,46,26,20,9,18,1,18,8,1,0,3,0,0,0,0,0,0,0,0,0,0,0,0,1.0,1.0,1.0,0.0,0.0,0.0,2,0,0
3257,46,26,20,9,18,1,18,8,1,0,3,0,0,0,0,0,0,0,0,0,0,0,0,1.0,1.0,1.0,0.0,0.0,0.0,2,0,0
3258,46,26,20,9,18,1,18,8,1,0,3,0,0,0,0,0,0,0,0,0,0,0,0,1.0,1.0,1.0,0.0,0.0,0.0,2,0,0
3259,46,26,20,9,18,1,18,8,1,0,3,0,0,0,0,0,0,0,0,0,0,0,0,1.0,1.0,1.0,0.0,0.0,0.0,2,0,0
3260,46,26,20,9,18,1,18,8,1,0,3,0,0,0,0,0,0,0,0,0,0,0,0,1.0,1.0,1.0,0.0,0.0,0.0,2,0,0
3261,46,26,20,9,18,1,18,8,1,0,3,0,0,0,0,0,0,0,0,0,0,0,0,1.0,1.0,1.0,0.0,0.0,0.0,2,0,0
3262,46,26,20,9,18,1,18,8,1,0,3,0,0,0,0,0,0,0,0,0,0,0,0,1.0,1.0,1.0,0.0,0.0,0.0,2,0,0
3263,46,26,20,9,18,1,18,8,1,0,3,0,0,0,0,0,0,0,0,0,0,0,0,1.0,1.0,1.0,0.0,0.0,0.0,2,0,0
3264,46,26,20,9,18,1,18,8,1,0,3,0,0,0,0,0,0,0,0,0,0,0,0,1.0,1.0,1.0,0.0,0.0,0.0,2,0,0
3265,46,26,20,9,18,1,18,8,1,0,3,0,0,0,0,0,0,0,0,0,0,0,0,1.0,1.0,1.0,0.0,0.0,0.0,2,0,0
3266,46,26,20,5,22,1,18,8,1,0,3,0,0,0,0,0,0,0,0,0,0,0,0,1.0,1.0,1.0,0.0,0.0,0.0,2,0,0
3267,46,26,20,5,22,1,18,8,1,0,3,0,0,0,0,0,0,0,0,0,0,0,0,1.0,1.0,1.0,0.0,0.0,0.0,2,0,0
3268,45,26,19,5,21,1,18,8,1,0,2,0,0,0,0,0,0,0,0,0,1,0,1,0.962962962962963,1.0,1.0,0.0,0.0,0.0,2,0,1
3269,45,26,19,5,21,1,18,8,1,0,2,0,0,0,0,0,0,0,0,0,0,0,0,1.0,1.0,1.0,0.0,0.0,0.0,2,0,0
3270,45,26,19,5,21,1,18,8,1,0,2,0,0,0,0,0,0,0,0,0,0,0,0,1.0,1.0,1.0,0.0,0.0,0.0,2,0,0
3271,45,26,19,5,21,1,18,8,1,0,2,0,0,0,0,0,0,0,0,0,0,0,0,1.0,1.0,1.0,0.0,0.0,0.0,2,0,0
3272,45,26,19,5,21,1,18,8,1,0,2,0,0,0,0,0,0,0,0,0,0,0,0,1.0,1.0,1.0,0.0,0.0,0.0,2,0,0
3273,45,26,19,5,21,1,18,8,1,0,2,0,0,0,0,0,0,0,0,0,0,1,0,1.0,1.0,1.0,0.0,0.0,0.0,2,0,0
3274,45,26,19,5,21,1,18,8,1,0,2,0,0,0,0,0,0,0,0,0,0,0,0,1.0,1.0,1.0,0.0,0.0,0.0,2,0,0
3275,45,26,19,5,21,1,18,8,1,0,2,0,0,0,0,0,0,0,0,0,0,0,0,1.0,1.0,1.0,0.0,0.0,0.0,2,0,0
3276,45,26,19,5,21,1,18,8,1,0,2,0,0,0,0,0,0,0,0,0,0,0,0,1.0,1.0,1.0,0.0,0.0,0.0,2,0,0
3277,45,26,19,5,20,2,18,8,1,0,2,0,0,0,0,0,0,0,0,0,0,0,0,1.0,1.0,1.0,0.0,0.0,0.0,2,0,0
3278,45,26,19,5,20,2,18,8,1,0,2,0,0,0,0,0,0,0,0,0,0,0,0,1.0,1.0,1.0,0.0,0.0,0.0,2,0,0
3279,45,26,19,5,20,2,18,8,1,0,2,0,0,0,0,0,0,0,0,0,0,0,0,1.0,1.0,1.0,0.0,0.0,0.0,2,0,0
3280,45,26,19,5,20,2,18,8,1,0,2,0,0,0,0,0,0,0,0,0,0,0,0,1.0,1.0,1.0,0.0,0.0,0.0,2,0,0
3281,45,26,19,5,20,2,18,8,1,0,2,0,0,0,0,0,0,0,0,0,0,0,0,1.0,1.0,1.0,0.0,0.0,0.0,2,0,0
3282,45,26,19,5,20,2,18,8,1,0,2,0,0,0,0,0,0,0,0,0,0,0,0,1.0,1.0,1.0,0.0,0.0,0.0,2,0,0
3283,45,26,19,5,20,2,18,8,1,0,2,0,0,0,0,0,0,0,0,0,0,0,0,1.0,1.0,1.0,0.0,0.0,0.0,2,0,0
3284,48,29,19,8,20,2,18,8,0,0,3,0,0,0,0,0,0,0,0,1,0,0,0,1.0,1.0,1.0,0.06666666666666667,0.06666666666666667,0.0,2,3,0
3285,46,29,17,7,20,2,17,7,0,0,3,0,0,0,2,0,0,0,0,0,1,0,2,0.9642857142857143,1.0,0.875,0.0,0.0,0.0,2,0,2
3286,45,28,17,7,19,2,17,7,0,0,3,0,0,1,0,0,0,0,0,0,1,0,1,0.962962962962963,1.0,1.0,0.0,0.0,0.0,2,0,1
3287,43,26,17,7,19,2,15,7,0,0,3,0,0,2,0,0,0,0,0,0,0,2,2,1.0,0.8,1.0,0.0,0.0,0.0,2,0,2
3288,41,25,16,5,19,2,15,7,0,0,3,0,0,1,1,0,0,0,0,0,2,0,2,0.9230769230769231,1.0,1.0,0.0,0.0,0.0,2,0,2
3289,40,24,16,4,19,2,15,7,0,0,3,0,0,1,0,0,0,0,0,0,1,0,1,0.9583333333333334,1.0,1.0,0.0,0.0,0.0,2,0,1
3290,38,22,16,2,20,2,14,7,0,0,3,0,0,2,0,0,0,0,0,0,1,0,2,0.9565217391304348,0.875,1.0,0.0,0.0,0.0,2,0,2
3291,38,22,16,2,18,4,14,7,0,0,2,0,0,0,0,0,0,0,0,0,0,0,0,1.0,1.0,1.0,0.0,0.0,0.0,2,0,0
3292,38,22,16,2,18,4,14,7,0,0,1,0,0,0,0,0,0,0,0,0,0,0,0,1.0,1.0,1.0,0.0,0.0,0.0,2,0,0
3293,38,22,16,2,18,4,14,7,0,0,1,0,0,0,0,0,0,0,0,0,0,0,0,1.0,1.0,1.0,0.0,0.0,0.0,2,0,0
3294,38,22,16,2,18,4,14,7,0,0,1,0,0,0,0,0,0,0,0,0,0,0,0,1.0,1.0,1.0,0.0,0.0,0.0,2,0,0
3295,38,22,16,2,18,4,14,7,0,0,1,0,0,0,0,0,0,0,0,0,0,0,0,1.0,1.0,1.0,0.0,0.0,0.0,2,0,0
3296,38,22,16,2,18,4,14,7,0,0,1,0,0,0,0,0,0,0,0,0,0,0,0,1.0,1.0,1.0,0.0,0.0,0.0,2,0,0
3297,38,22,16,2,18,4,14,7,0,0,1,0,0,0,0,0,0,0,0,0,0,0,0,1.0,1.0,1.0,0.0,0.0,0.0,2,0,0
3298,38,22,16,2,18,4,14,7,0,0,1,0,0,0,0,0,0,0,0,0,0,0,0,1.0,1.0,1.0,0.0,0.0,0.0,2,0,0
3299,38,22,16,2,18,4,14,7,0,0,1,0,0,0,0,0,0,0,0,0,0,0,0,1.0,1.0,1.0,0.0,0.0,0.0,2,0,0
3300,38,22,16,2,18,4,14,7,0,0,1,0,0,0,0,0,0,0,0,0,0,0,0,1.0,1.0,1.0,0.0,0.0,0.0,2,0,0
3301,38,22,16,2,18,4,14,7,0,0,1,0,0,0,0,0,0,0,0,0,0,0,0,1.0,1.0,1.0,0.0,0.0,0.0,2,0,0
3302,38,22,16,2,18,4,14,7,0,0,1,0,0,0,0,0,0,0,0,0,0,0,0,1.0,1.0,1.0,0.0,0.0,0.0,2,0,0
3303,38,22,16,2,18,4,14,7,0,0,1,0,0,0,0,0,0,0,0,0,0,0,0,1.0,1.0,1.0,0.0,0.0,0.0,2,0,0
3304,37,22,15,2,17,4,14,7,0,0,1,0,0,0,0,0,0,0,0,0,1,0,1,0.95,1.0,1.0,0.0,0.0,0.0,2,0,1
3305,37,22,15,2,17,4,14,7,0,0,1,0,0,0,0,0,0,0,0,0,0,0,0,1.0,1.0,1.0,0.0,0.0,0.0,2,0,0
3306,37,22,15,2,17,4,14,7,0,0,1,0,0,0,0,0,0,0,0,0,0,0,0,1.0,1.0,1.0,0.0,0.0,0.0,2,0,0
3307,37,22,15,2,17,4,14,7,0,0,1,0,0,0,0,0,0,0,0,0,0,0,0,1.0,1.0,1.0,0.0,0.0,0.0,2,0,0
3308,37,22,15,2,17,4,14,7,0,0,1,0,0,0,0,0,0,0,0,0,0,0,0,1.0,1.0,1.0,0.0,0.0,0.0,2,0,0
3309,37,22,15,2,17,4,14,7,0,0,1,0,0,0,0,0,0,0,0,0,0,0,0,1.0,1.0,1.0,0.0,0.0,0.0,2,0,0
3310,37,22,15,2,17,4,14,7,0,0,1,0,0,0,0,0,0,0,0,0,0,0,0,1.0,1.0,1.0,0.0,0.0,0.0,2,0,0
3311,37,22,15,2,17,4,14,7,0,0,1,0,0,0,0,0,0,0,0,0,0,0,0,1.0,1.0,1.0,0.0,0.0,0.0,2,0,0
3312,37,22,15,2,17,4,14,7,0,0,1,0,0,0,0,0,0,0,0,0,0,0,0,1.0,1.0,1.0,0.0,0.0,0.0,2,0,0
3313,37,22,15,2,17,4,14,7,0,0,1,0,0,0,0,0,0,0,0,0,0,0,0,1.0,1.0,1.0,0.0,0.0,0.0,2,0,0
3314,37,22,15,2,17,4,14,7,0,0,1,0,0,0,0,0,0,0,0,0,0,0,0,1.0,1.0,1.0,0.0,0.0,0.0,2,0,0
3315,37,22,15,2,17,4,14,7,3,1,1,0,0,0,0,0,15,3,1,0,0,2,0,1.0,1.0,1.0,0.0,0.0,0.2,2,0,0
3316,37,22,15,2,17,4,14,7,3,1,1,0,0,0,0,0,4,0,0,0,0,2,0,1.0,1.0,1.0,0.0,0.0,0.0,2,0,0
3317,37,22,15,2,17,4,14,7,4,1,1,0,0,0,0,0,3,1,0,0,0,0,0,1.0,1.0,1.0,0.0,0.0,0.3333333333333333,2,0,0
3318,37,22,15,2,17,4,14,7,5,1,1,0,0,0,0,0,7,1,0,0,0,0,0,1.0,1.0,1.0,0.0,0.0,0.14285714285714285,2,0,0
3319,37,22,15,2,15,6,14,7,5,1,1,0,0,0,0,0,0,0,0,0,0,0,0,1.0,1.0,1.0,0.0,0.0,0.0,2,0,0
3320,37,22,15,2,13,8,14,7,5,1,1,0,0,0,0,0,0,0,0,0,0,0,0,1.0,1.0,1.0,0.0,0.0,0.0,2,0,0
3321,37,22,15,2,13,8,14,7,5,1,1,0,0,0,0,0,0,0,0,0,0,0,0,1.0,1.0,1.0,0.0,0.0,0.0,2,0,0
3322,37,22,15,2,13,8,14,7,5,1,1,0,0,0,0,0,0,0,0,0,0,0,0,1.0,1.0,1.0,0.0,0.0,0.0,2,0,0
3323,37,22,15,2,13,8,14,7,5,1,1,0,0,0,0,0,0,0,0,0,0,0,0,1.0,1.0,1.0,0.0,0.0,0.0,2,0,0
3324,37,22,15,2,13,8,14,7,5,1,1,0,0,0,0,0,0,0,0,0,0,0,0,1.0,1.0,1.0,0.0,0.0,0.0,2,0,0
3325,37,22,15,2,13,8,14,7,5,1,1,0,0,0,0,0,0,0,0,0,0,1,0,1.0,1.0,1.0,0.0,0.0,0.0,2,0,0
3326,37,22,15,2,13,8,14,7,5,1,1,0,0,0,0,0,0,0,0,0,0,0,0,1.0,1.0,1.0,0.0,0.0,0.0,2,0,0
3327,37,22,15,0,15,8,14,7,5,1,1,0,0,0,0,0,0,0,0,0,0,0,0,1.0,1.0,1.0,0.0,0.0,0.0,2,0,0
3328,37,22,15,0,15,8,14,7,5,1,1,0,0,0,0,0,0,0,0,0,0,0,0,1.0,1.0,1.0,0.0,0.0,0.0,2,0,0
3329,36,21,15,0,14,8,14,7,5,1,0,0,0,0,0,0,0,0,0,0,0,0,0,0.9333333333333333,1.0,1.0,0.0,0.0,0.0,2,0,1
3330,36,21,15,0,14,8,14,7,6,1,0,0,0,0,0,0,6,1,0,0,0,0,0,1.0,1.0,1.0,0.0,0.0,0.16666666666666666,2,0,0
3331,36,21,15,0,14,8,14,7,6,1,0,0,0,0,0,0,0,0,0,0,0,0,0,1.0,1.0,1.0,0.0,0.0,0.0,2,0,0
3332,36,21,15,0,14,8,14,7,6,1,0,0,0,0,0,0,0,0,0,0,0,0,0,1.0,1.0,1.0,0.0,0.0,0.0,2,0,0
3333,36,21,15,0,14,8,14,7,6,1,0,0,0,0,0,0,0,0,0,0,0,0,0,1.0,1.0,1.0,0.0,0.0,0.0,2,0,0
3334,36,21,15,0,14,8,14,7,6,1,0,0,0,0,0,0,0,0,0,0,0,0,0,1.0,1.0,1.0,0.0,0.0,0.0,2,0,0
3335,36,21,15,0,14,8,14,7,6,1,0,0,0,0,0,0,0,0,0,0,0,0,0,1.0,1.0,1.0,0.0,0.0,0.0,2,0,0
3336,36,21,15,0,14,8,14,7,6,1,0,0,0,0,0,0,0,0,0,0,0,0,0,1.0,1.0,1.0,0.0,0.0,0.0,2,0,0
3337,36,21,15,0,14,8,14,7,6,1,0,0,0,0,0,0,0,0,0,0,0,0,0,1.0,1.0,1.0,0.0,0.0,0.0,2,0,0
3338,36,21,15,0,14,8,14,7,6,1,0,0,0,0,0,0,0,0,0,0,0,0,0,1.0,1.0,1.0,0.0,0.0,0.0,2,0,0
3339,36,21,15,0,14,8,14,7,6,1,0,0,0,0,0,0,0,0,0,0,0,0,0,1.0,1.0,1.0,0.0,0.0,0.0,2,0,0
3340,36,21,15,0,14,8,14,7,6,1,0,0,0,0,0,0,0,0,0,0,0,0,0,1.0,1.0,1.0,0.0,0.0,0.0,2,0,0
3341,36,21,15,0,14,8,14,7,6,1,0,0,0,0,0,0,0,0,0,0,0,0,0,1.0,1.0,1.0,0.0,0.0,0.0,2,0,0
3342,36,21,15,0,14,8,14,7,6,1,0,0,0,0,0,0,0,0,0,0,0,0,0,1.0,1.0,1.0,0.0,0.0,0.0,2,0,0
3343,36,21,15,0,14,8,14,7,6,1,0,0,0,0,0,0,0,0,0,0,0,0,0,1.0,1.0,1.0,0.0,0.0,0.0,2,0,0
3344,36,21,15,0,14,7,15,7,6,1,0,0,0,0,0,0,0,0,0,0,0,0,0,1.0,1.0,1.0,0.0,0.0,0.0,2,0,0
3345,36,21,15,0,14,7,15,7,6,1,0,0,0,0,0,0,0,0,0,0,0,0,0,1.0,1.0,1.0,0.0,0.0,0.0,2,0,0
3346,36,21,15,0,14,7,15,7,6,1,0,0,0,0,0,0,0,0,0,0,0,0,0,1.0,1.0,1.0,0.0,0.0,0.0,2,0,0
3347,36,21,15,0,14,7,15,7,6,1,0,0,0,0,0,0,0,0,0,0,0,0,0,1.0,1.0,1.0,0.0,0.0,0.0,2,0,0
3348,36,21,15,0,14,7,15,7,6,1,0,0,0,0,0,0,0,0,0,0,0,0,0,1.0,1.0,1.0,0.0,0.0,0.0,2,0,0
3349,35,20,15,0,13,7,15,7,6,1,0,0,0,0,0,0,0,0,0,0,1,0,1,0.9285714285714286,1.0,1.0,0.0,0.0,0.0,2,0,1
3350,35,20,15,0,13,7,15,7,6,1,0,0,0,0,0,0,0,0,0,0,0,0,0,1.0,1.0,1.0,0.0,0.0,0.0,2,0,0
3351,35,20,15,0,13,7,15,7,6,1,0,0,0,0,0,0,0,0,0,0,0,0,0,1.0,1.0,1.0,0.0,0.0,0.0,2,0,0
3352,35,20,15,0,13,7,15,7,6,1,0,0,0,0,0,0,0,0,0,0,0,2,0,1.0,1.0,1.0,0.0,0.0,0.0,2,0,0
3353,35,20,15,0,13,7,15,7,6,1,0,0,0,0,0,0,0,0,0,0,0,0,0,1.0,1.0,1.0,0.0,0.0,0.0,2,0,0
3354,35,20,15,0,13,7,15,7,6,1,0,0,0,0,0,0,0,0,0,0,0,0,0,1.0,1.0,1.0,0.0,0.0,0.0,2,0,0
3355,35,20,15,0,13,7,15,7,6,1,0,0,0,0,0,0,0,0,0,0,0,2,0,1.0,1.0,1.0,0.0,0.0,0.0,2,0,0
3356,35,20,15,0,11,9,15,7,6,1,0,0,0,0,0,0,0,0,0,0,0,0,0,1.0,1.0,1.0,0.0,0.0,0.0,2,0,0
3357,35,20,15,0,11,9,15,7,6,1,0,0,0,0,0,0,0,0,0,0,0,0,0,1.0,1.0,1.0,0.0,0.0,0.0,2,0,0
3358,35,20,15,0,11,9,15,7,6,1,0,0,0,0,0,0,0,0,0,0,0,0,0,1.0,1.0,1.0,0.0,0.0,0.0,2,0,0
3359,35,20,15,0,9,11,15,7,6,1,0,0,0,0,0,0,0,0,0,0,0,0,0,1.0,1.0,1.0,0.0,0.0,0.0,2,0,0
3360,35,20,15,0,9,11,15,7,6,0,0,0,0,0,0,0,0,0,0,0,0,0,0,1.0,1.0,1.0,0.0,0.0,0.0,2,0,0
3361,35,20,15,0,9,11,15,7,7,0,0,0,0,0,0,0,2,1,0,0,0,0,0,1.0,1.0,1.0,0.0,0.0,0.5,2,0,0
3362,35,20,15,0,9,11,15,7,7,0,0,0,0,0,0,0,0,0,0,0,0,0,0,1.0,1.0,1.0,0.0,0.0,0.0,2,0,0
3363,35,20,15,0,9,11,15,7,7,0,0,0,0,0,0,0,0,0,0,0,0,0,0,1.0,1.0,1.0,0.0,0.0,0.0,2,0,0
3364,35,20,15,0,9,11,15,7,7,0,0,0,0,0,0,0,0,0,0,0,0,2,0,1.0,1.0,1.0,0.0,0.0,0.0,2,0,0
3365,35,20,15,0,9,11,15,7,7,0,0,0,0,0,0,0,0,0,0,0,0,0,0,1.0,1.0,1.0,0.0,0.0,0.0,2,0,0
3366,35,20,15,0,9,11,15,7,7,0,0,0,0,0,0,0,0,0,0,0,0,0,0,1.0,1.0,1.0,0.0,0.0,0.0,2,0,0
3367,35,20,15,0,9,11,15,7,7,0,0,0,0,0,0,0,0,0,0,0,0,0,0,1.0,1.0,1.0,0.0,0.0,0.0,2,0,0
3368,35,20,15,0,7,13,15,7,7,0,0,0,0,0,0,0,0,0,0,0,0,0,0,1.0,1.0,1.0,0.0,0.0,0.0,2,0,0
3369,35,20,15,0,7,13,15,7,7,0,0,0,0,0,0,0,0,0,0,0,0,0,0,1.0,1.0,1.0,0.0,0.0,0.0,2,0,0
3370,35,20,15,0,7,13,15,7,7,0,0,0,0,0,0,0,0,0,0,0,0,0,0,1.0,1.0,1.0,0.0,0.0,0.0,2,0,0
3371,35,20,15,0,7,13,15,7,7,0,0,0,0,0,0,0,0,0,0,0,0,0,0,1.0,1.0,1.0,0.0,0.0,0.0,2,0,0
3372,35,20,15,0,7,13,15,7,7,0,0,0,0,0,0,0,0,0,0,0,0,0,0,1.0,1.0,1.0,0.0,0.0,0.0,2,0,0
3373,35,20,15,0,7,13,15,7,7,0,0,0,0,0,0,0,0,0,0,0,0,0,0,1.0,1.0,1.0,0.0,0.0,0.0,2,0,0
3374,35,20,15,0,7,13,15,7,7,0,0,0,0,0,0,0,0,0,0,0,0,0,0,1.0,1.0,1.0,0.0,0.0,0.0,2,0,0
3375,35,20,15,0,7,13,15,7,7,0,0,0,0,0,0,0,0,0,0,0,0,0,0,1.0,1.0,1.0,0.0,0.0,0.0,2,0,0
3376,35,20,15,0,7,13,15,7,7,0,0,0,0,0,0,0,0,0,0,0,0,0,0,1.0,1.0,1.0,0.0,0.0,0.0,2,0,0
3377,35,20,15,0,7,13,15,7,7,0,0,0,0,0,0,0,0,0,0,0,0,0,0,1.0,1.0,1.0,0.0,0.0,0.0,2,0,0
3378,34,19,15,0,6,13,15,7,7,0,0,0,0,0,0,0,0,0,0,0,1,0,1,0.8571428571428572,1.0,1.0,0.0,0.0,0.0,2,0,1
3379,34,19,15,0,6,12,16,8,7,0,0,0,0,0,0,0,0,0,0,0,0,0,0,1.0,1.0,1.0,0.0,0.0,0.0,2,0,0
3380,44,23,21,12,6,12,14,7,3,0,3,0,0,1,1,0,5,0,0,3,0,0,2,1.0,0.875,0.875,0.35294117647058826,0.35294117647058826,0.0,2,12,2
3381,43,22,21,12,6,12,13,7,4,0,3,0,0,1,0,0,3,1,0,0,0,0,1,1.0,0.8571428571428572,1.0,0.0,0.0,0.3333333333333333,2,0,1
3382,46,23,23,15,6,12,13,7,3,0,4,0,0,0,0,0,0,0,0,1,0,0,0,1.0,1.0,1.0,0.06976744186046512,0.06976744186046512,0.0,2,3,0
3383,46,23,23,15,6,12,13,7,3,0,4,0,0,0,0,0,0,0,0,0,0,0,0,1.0,1.0,1.0,0.0,0.0,0.0,2,0,0
3384,46,23,23,15,6,12,13,7,3,0,4,0,0,0,0,0,0,0,0,0,0,0,0,1.0,1.0,1.0,0.0,0.0,0.0,2,0,0
3385,46,23,23,15,6,12,13,7,3,0,4,0,0,0,0,0,0,0,0,0,0,0,0,1.0,1.0,1.0,0.0,0.0,0.0,2,0,0
3386,46,23,23,15,6,12,13,7,3,0,4,0,0,0,0,0,0,0,0,0,0,0,0,1.0,1.0,1.0,0.0,0.0,0.0,2,0,0
3387,46,23,23,15,6,12,13,7,3,0,4,0,0,0,0,0,0,0,0,0,0,0,0,1.0,1.0,1.0,0.0,0.0,0.0,2,0,0
3388,46,23,23,15,6,12,13,7,3,0,4,0,0,0,0,0,0,0,0,0,0,0,0,1.0,1.0,1.0,0.0,0.0,0.0,2,0,0
3389,46,23,23,15,6,12,13,7,3,0,4,0,0,0,0,0,0,0,0,0,0,0,0,1.0,1.0,1.0,0.0,0.0,0.0,2,0,0
3390,46,23,23,15,6,12,13,7,3,0,4,0,0,0,0,0,0,0,0,0,0,0,0,1.0,1.0,1.0,0.0,0.0,0.0,2,0,0
3391,46,23,23,15,6,12,13,7,3,0,4,0,0,0,0,0,0,0,0,0,0,0,0,1.0,1.0,1.0,0.0,0.0,0.0,2,0,0
3392,45,22,23,14,6,12,13,7,3,0,4,0,0,0,0,0,0,0,0,0,1,0,1,0.9523809523809523,1.0,1.0,0.0,0.0,0.0,2,0,1
3393,45,22,23,14,6,12,13,7,3,0,4,0,0,0,0,0,0,0,0,0,0,0,0,1.0,1.0,1.0,0.0,0.0,0.0,2,0,0
3394,45,22,23,14,6,12,13,7,3,0,4,0,0,0,0,0,0,0,0,0,0,0,0,1.0,1.0,1.0,0.0,0.0,0.0,2,0,0
3395,48,23,25,18,6,11,13,8,3,0,5,0,0,0,0,0,5,1,0,1,0,0,0,1.0,0.8333333333333334,1.0,0.08888888888888889,0.08888888888888889,0.2,2,4,1
3396,48,23,25,18,6,11,13,8,3,0,5,0,0,0,0,0,0,0,0,0,0,0,0,1.0,1.0,1.0,0.0,0.0,0.0,2,0,0
3397,48,23,25,18,6,11,13,8,3,0,5,0,0,0,0,0,0,0,0,0,0,0,0,1.0,1.0,1.0,0.0,0.0,0.0,2,0,0
3398,48,23,25,18,6,11,13,8,3,0,5,0,0,0,0,0,0,0,0,0,0,0,0,1.0,1.0,1.0,0.0,0.0,0.0,2,0,0
3399,48,23,25,18,6,11,13,8,3,0,5,0,0,0,0,0,0,0,0,0,0,0,0,1.0,1.0,1.0,0.0,0.0,0.0,2,0,0
3400,48,23,25,18,6,11,13,8,3,0,5,0,0,0,0,0,0,0,0,0,0,0,0,1.0,1.0,1.0,0.0,0.0,0.0,2,0,0
3401,48,23,25,18,6,11,13,8,3,0,5,0,0,0,0,0,0,0,0,0,0,0,0,1.0,1.0,1.0,0.0,0.0,0.0,2,0,0
3402,48,23,25,18,6,11,13,8,3,0,5,0,0,0,0,0,0,0,0,0,0,0,0,1.0,1.0,1.0,0.0,0.0,0.0,2,0,0
3403,48,23,25,18,6,11,13,8,3,0,5,0,0,0,0,0,0,0,0,0,0,3,0,1.0,1.0,1.0,0.0,0.0,0.0,2,0,0
3404,48,23,25,18,6,11,13,8,3,0,5,0,0,0,0,0,0,0,0,0,0,0,0,1.0,1.0,1.0,0.0,0.0,0.0,2,0,0
3405,48,23,25,18,6,11,13,8,3,0,5,0,0,0,0,0,0,0,0,0,0,0,0,1.0,1.0,1.0,0.0,0.0,0.0,2,0,0
3406,47,22,25,17,6,11,13,8,3,0,5,0,0,0,0,0,0,0,0,0,1,0,1,0.9583333333333334,1.0,1.0,0.0,0.0,0.0,2,0,1
3407,47,22,25,17,3,14,13,8,3,0,5,0,0,0,0,0,0,0,0,0,0,0,0,1.0,1.0,1.0,0.0,0.0,0.0,2,0,0
3408,47,22,25,17,3,14,13,8,3,0,5,0,0,0,0,0,0,0,0,0,0,0,0,1.0,1.0,1.0,0.0,0.0,0.0,2,0,0
3409,47,22,25,17,3,14,13,8,3,0,5,0,0,0,0,0,0,0,0,0,0,0,0,1.0,1.0,1.0,0.0,0.0,0.0,2,0,0
3410,47,22,25,17,3,14,13,8,3,0,5,0,0,0,0,0,0,0,0,0,0,0,0,1.0,1.0,1.0,0.0,0.0,0.0,2,0,0
3411,47,22,25,17,3,14,13,8,3,0,5,0,0,0,0,0,0,0,0,0,0,0,0,1.0,1.0,1.0,0.0,0.0,0.0,2,0,0
3412,47,22,25,17,3,13,14,8,3,0,5,0,0,0,0,0,0,0,0,0,0,0,0,1.0,1.0,1.0,0.0,0.0,0.0,2,0,0
3413,47,22,25,17,3,13,14,8,3,0,5,0,0,0,0,0,0,0,0,0,0,0,0,1.0,1.0,1.0,0.0,0.0,0.0,2,0,0
3414,47,22,25,17,3,13,14,8,3,0,5,0,0,0,0,0,0,0,0,0,0,0,0,1.0,1.0,1.0,0.0,0.0,0.0,2,0,0
3415,47,22,25,17,3,13,14,8,3,0,5,0,0,0,0,0,0,0,0,0,0,0,0,1.0,1.0,1.0,0.0,0.0,0.0,2,0,0
3416,47,22,25,17,3,13,14,8,3,0,5,0,0,0,0,0,0,0,0,0,0,0,0,1.0,1.0,1.0,0.0,0.0,0.0,2,0,0
3417,47,22,25,17,3,13,14,8,3,0,5,0,0,0,0,0,0,0,0,0,0,0,0,1.0,1.0,1.0,0.0,0.0,0.0,2,0,0
3418,47,22,25,17,3,13,14,8,3,0,5,0,0,0,0,0,0,0,0,0,0,0,0,1.0,1.0,1.0,0.0,0.0,0.0,2,0,0
3419,47,22,25,17,3,13,14,8,3,0,5,0,0,0,0,0,0,0,0,0,0,0,0,1.0,1.0,1.0,0.0,0.0,0.0,2,0,0
3420,47,22,25,17,3,13,14,8,3,0,5,0,0,0,0,0,0,0,0,0,0,0,0,1.0,1.0,1.0,0.0,0.0,0.0,2,0,0
3421,47,22,25,17,3,13,14,8,3,0,5,0,0,0,0,0,0,0,0,0,0,0,0,1.0,1.0,1.0,0.0,0.0,0.0,2,0,0
3422,47,22,25,17,3,12,15,9,4,0,5,0,0,0,0,0,8,1,0,0,0,0,0,1.0,1.0,1.0,0.0,0.0,0.125,2,0,0
3423,46,22,24,6,13,12,15,9,4,0,5,0,0,0,0,0,0,0,0,0,1,0,1,0.95,1.0,1.0,0.0,0.0,0.0,2,0,1
3424,46,22,24,6,13,12,15,9,4,0,5,0,0,0,0,0,0,0,0,0,0,0,0,1.0,1.0,1.0,0.0,0.0,0.0,2,0,0
3425,46,22,24,3,16,12,15,9,4,0,2,0,0,0,0,0,0,0,0,0,0,0,0,1.0,1.0,1.0,0.0,0.0,0.0,2,0,0
3426,50,23,27,7,16,11,16,9,4,1,3,0,0,0,0,0,8,1,1,1,0,1,0,1.0,1.0,1.0,0.08695652173913043,0.08695652173913043,0.125,2,4,0
3427,49,22,27,7,16,10,16,9,5,1,2,0,0,0,0,0,5,1,0,0,0,1,0,1.0,1.0,1.0,0.0,0.0,0.2,2,0,1
3428,49,22,27,7,16,10,16,9,5,1,2,0,0,0,0,0,1,0,0,0,0,0,0,1.0,1.0,1.0,0.0,0.0,0.0,2,0,0
3429,49,22,27,7,16,10,16,9,6,1,2,0,0,0,0,0,8,1,0,0,0,0,0,1.0,1.0,1.0,0.0,0.0,0.125,2,0,0
3430,49,22,27,7,15,10,17,10,6,1,2,0,0,0,0,0,0,0,0,0,0,0,0,1.0,1.0,1.0,0.0,0.0,0.0,2,0,0
3431,49,22,27,7,14,11,17,10,6,1,2,0,0,0,0,0,0,0,0,0,0,0,0,1.0,1.0,1.0,0.0,0.0,0.0,2,0,0
3432,48,22,26,7,13,11,17,10,7,1,2,0,0,0,0,0,6,1,0,0,1,0,1,0.9523809523809523,1.0,1.0,0.0,0.0,0.16666666666666666,2,0,1
3433,48,22,26,7,13,11,17,10,7,1,2,0,0,0,0,0,0,0,0,0,0,0,0,1.0,1.0,1.0,0.0,0.0,0.0,2,0,0
3434,48,22,26,7,13,11,17,10,7,1,2,0,0,0,0,0,0,0,0,0,0,0,0,1.0,1.0,1.0,0.0,0.0,0.0,2,0,0
3435,48,22,26,7,13,11,17,10,7,1,2,0,0,0,0,0,0,0,0,0,0,0,0,1.0,1.0,1.0,0.0,0.0,0.0,2,0,0
3436,48,22,26,7,13,11,17,10,7,1,2,0,0,0,0,0,0,0,0,0,0,0,0,1.0,1.0,1.0,0.0,0.0,0.0,2,0,0
3437,48,22,26,7,13,10,18,11,7,1,2,0,0,0,0,0,0,0,0,0,0,0,0,1.0,1.0,1.0,0.0,0.0,0.0,2,0,0
3438,48,22,26,4,16,10,18,11,7,1,2,0,0,0,0,0,0,0,0,0,0,0,0,1.0,1.0,1.0,0.0,0.0,0.0,2,0,0
3439,47,21,26,4,16,9,18,11,7,1,2,0,0,0,0,0,0,0,0,0,0,0,0,1.0,1.0,1.0,0.0,0.0,0.0,2,0,1
3440,47,21,26,4,16,9,18,11,7,1,1,0,0,0,0,0,0,0,0,0,0,0,0,1.0,1.0,1.0,0.0,0.0,0.0,2,0,0
3441,47,21,26,4,16,9,18,11,7,1,1,0,0,0,0,0,4,0,0,0,0,0,0,1.0,1.0,1.0,0.0,0.0,0.0,2,0,0
3442,46,20,26,4,16,8,18,11,7,2,1,0,0,0,0,0,2,0,1,0,0,0,0,1.0,1.0,1.0,0.0,0.0,0.0,2,0,1
3443,46,20,26,4,16,8,18,11,7,2,1,0,0,0,0,0,0,0,0,0,0,0,0,1.0,1.0,1.0,0.0,0.0,0.0,2,0,0
3444,45,19,26,4,15,8,18,11,7,2,1,0,0,0,0,0,0,0,0,0,1,0,1,0.95,1.0,1.0,0.0,0.0,0.0,2,0,1
3445,45,19,26,4,15,8,18,11,8,2,1,0,0,0,0,0,5,1,0,0,0,0,0,1.0,1.0,1.0,0.0,0.0,0.2,2,0,0
3446,48,20,28,7,15,8,18,11,7,2,2,0,0,0,0,0,0,0,0,1,0,0,0,1.0,1.0,1.0,0.06666666666666667,0.06666666666666667,0.0,2,3,0
3447,48,20,28,7,15,8,18,11,7,2,2,0,0,0,0,0,0,0,0,0,0,0,0,1.0,1.0,1.0,0.0,0.0,0.0,2,0,0
3448,48,20,28,7,15,8,18,11,7,2,2,0,0,0,0,0,0,0,0,0,0,0,0,1.0,1.0,1.0,0.0,0.0,0.0,2,0,0
3449,48,20,28,7,15,8,18,11,7,2,2,0,0,0,0,0,0,0,0,0,0,0,0,1.0,1.0,1.0,0.0,0.0,0.0,2,0,0
3450,48,20,28,7,15,8,18,11,7,2,2,0,0,0,0,0,0,0,0,0,0,0,0,1.0,1.0,1.0,0.0,0.0,0.0,2,0,0
3451,47,19,28,7,15,7,18,11,7,2,2,0,0,0,0,0,0,0,0,0,0,0,0,1.0,1.0,1.0,0.0,0.0,0.0,2,0,1
3452,47,19,28,7,15,7,18,11,7,2,2,0,0,0,0,0,0,0,0,0,0,0,0,1.0,1.0,1.0,0.0,0.0,0.0,2,0,0
3453,47,19,28,7,15,7,18,11,7,2,2,0,0,0,0,0,0,0,0,0,0,0,0,1.0,1.0,1.0,0.0,0.0,0.0,2,0,0
3454,47,19,28,7,15,6,19,12,7,2,2,0,0,0,0,0,0,0,0,0,0,0,0,1.0,1.0,1.0,0.0,0.0,0.0,2,0,0
3455,46,19,27,7,14,5,20,12,7,2,2,0,0,0,0,0,0,0,0,0,1,0,1,0.9545454545454546,1.0,1.0,0.0,0.0,0.0,2,0,1
3456,46,19,27,7,14,5,20,12,7,2,2,0,0,0,0,0,0,0,0,0,0,0,0,1.0,1.0,1.0,0.0,0.0,0.0,2,0,0
3457,46,19,27,7,14,5,20,12,7,2,2,0,0,0,0,0,0,0,0,0,0,0,0,1.0,1.0,1.0,0.0,0.0,0.0,2,0,0
3458,46,19,27,7,14,5,20,12,8,2,2,0,0,0,0,0,4,1,0,0,0,0,0,1.0,1.0,1.0,0.0,0.0,0.25,2,0,0
3459,45,19,26,6,14,5,20,12,8,2,2,0,0,0,0,0,0,0,0,0,1,0,1,0.9523809523809523,1.0,1.0,0.0,0.0,0.0,2,0,1
3460,49,23,26,10,14,5,20,12,7,2,3,0,0,0,0,0,0,0,0,1,0,0,0,1.0,1.0,1.0,0.08888888888888889,0.08888888888888889,0.0,2,4,0
3461,49,23,26,10,14,5,20,12,7,2,3,0,0,0,0,0,0,0,0,0,0,0,0,1.0,1.0,1.0,0.0,0.0,0.0,2,0,0
3462,49,23,26,10,14,5,20,12,7,2,3,0,0,0,0,0,0,0,0,0,0,0,0,1.0,1.0,1.0,0.0,0.0,0.0,2,0,0
3463,49,23,26,10,14,5,20,12,7,2,3,0,0,0,0,0,0,0,0,0,0,0,0,1.0,1.0,1.0,0.0,0.0,0.0,2,0,0
3464,48,23,25,10,13,5,20,12,7,2,3,0,0,0,0,0,0,0,0,0,1,1,1,0.9583333333333334,1.0,1.0,0.0,0.0,0.0,2,0,1
3465,48,23,25,10,13,5,20,12,7,2,3,0,0,0,0,0,0,0,0,0,0,0,0,1.0,1.0,1.0,0.0,0.0,0.0,2,0,0
3466,48,23,25,10,13,5,20,12,7,2,3,0,0,0,0,0,0,0,0,0,0,0,0,1.0,1.0,1.0,0.0,0.0,0.0,2,0,0
3467,48,23,25,10,13,5,20,12,7,2,3,0,0,0,0,0,0,0,0,0,0,0,0,1.0,1.0,1.0,0.0,0.0,0.0,2,0,0
3468,47,23,24,10,11,6,20,12,7,2,3,0,0,0,0,0,0,0,0,0,1,0,1,0.9545454545454546,1.0,1.0,0.0,0.0,0.0,2,0,1
3469,47,23,24,7,14,6,20,12,7,2,3,0,0,0,0,0,0,0,0,0,0,0,0,1.0,1.0,1.0,0.0,0.0,0.0,2,0,0
3470,46,22,24,7,14,5,20,12,7,2,3,0,0,1,0,0,0,0,0,0,0,0,1,1.0,1.0,1.0,0.0,0.0,0.0,2,0,1
3471,43,21,22,7,12,5,19,11,7,0,2,0,0,1,2,0,0,0,0,0,2,0,3,0.9047619047619048,1.0,0.9166666666666666,0.0,0.0,0.0,2,0,3
3472,42,20,22,7,11,5,19,11,8,0,2,0,0,1,0,0,4,1,0,0,1,0,1,0.9473684210526316,1.0,1.0,0.0,0.0,0.25,2,0,1
3473,41,20,21,7,10,5,19,11,8,0,2,0,0,0,1,0,2,0,0,0,1,0,1,0.9444444444444444,1.0,1.0,0.0,0.0,0.0,2,0,1
3474,40,20,20,7,10,5,18,10,7,0,2,0,0,0,0,0,8,0,0,0,0,0,0,1.0,1.0,0.9090909090909091,0.0,0.0,0.0,2,0,1
3475,40,20,20,7,10,5,18,10,8,0,2,0,0,0,0,0,5,1,0,0,0,0,0,1.0,1.0,1.0,0.0,0.0,0.2,2,0,0
3476,40,20,20,7,10,5,18,10,8,0,2,0,0,0,0,0,0,0,0,0,0,0,0,1.0,1.0,1.0,0.0,0.0,0.0,2,0,0
3477,40,20,20,7,10,5,18,10,8,0,2,0,0,0,0,0,0,0,0,0,0,0,0,1.0,1.0,1.0,0.0,0.0,0.0,2,0,0
3478,40,20,20,7,10,5,18,10,8,0,2,0,0,0,0,0,0,0,0,0,0,0,0,1.0,1.0,1.0,0.0,0.0,0.0,2,0,0
3479,40,20,20,7,10,5,18,10,8,0,2,0,0,0,0,0,0,0,0,0,0,0,0,1.0,1.0,1.0,0.0,0.0,0.0,2,0,0
3480,40,20,20,7,10,5,18,10,8,0,2,0,0,0,0,0,0,0,0,0,0,0,0,1.0,1.0,1.0,0.0,0.0,0.0,2,0,0
3481,40,20,20,7,10,5,18,10,8,0,2,0,0,0,0,0,0,0,0,0,0,0,0,1.0,1.0,1.0,0.0,0.0,0.0,2,0,0
3482,40,20,20,7,10,5,18,10,8,0,2,0,0,0,0,0,0,0,0,0,0,0,0,1.0,1.0,1.0,0.0,0.0,0.0,2,0,0
3483,40,20,20,7,10,5,18,10,8,0,2,0,0,0,0,0,0,0,0,0,0,0,0,1.0,1.0,1.0,0.0,0.0,0.0,2,0,0
3484,40,20,20,7,10,5,18,10,8,0,2,0,0,0,0,0,0,0,0,0,0,0,0,1.0,1.0,1.0,0.0,0.0,0.0,2,0,0
3485,40,20,20,7,10,5,18,10,8,0,2,0,0,0,0,0,0,0,0,0,0,0,0,1.0,1.0,1.0,0.0,0.0,0.0,2,0,0
3486,40,20,20,7,10,5,18,10,8,0,2,0,0,0,0,0,0,0,0,0,0,0,0,1.0,1.0,1.0,0.0,0.0,0.0,2,0,0
3487,43,21,22,10,10,5,18,10,7,0,3,0,0,0,0,0,0,0,0,1,0,0,0,1.0,1.0,1.0,0.075,0.075,0.0,2,3,0
3488,42,20,22,10,10,4,18,10,7,0,3,0,0,0,0,0,0,0,0,0,0,0,0,1.0,1.0,1.0,0.0,0.0,0.0,2,0,1
3489,42,20,22,7,13,4,18,10,7,0,3,0,0,0,0,0,0,0,0,0,0,0,0,1.0,1.0,1.0,0.0,0.0,0.0,2,0,0
3490,42,20,22,7,13,4,18,10,7,0,3,0,0,0,0,0,0,0,0,0,0,0,0,1.0,1.0,1.0,0.0,0.0,0.0,2,0,0
3491,46,23,23,11,13,4,18,10,6,0,3,0,0,0,0,0,0,0,0,1,0,0,0,1.0,1.0,1.0,0.09523809523809523,0.09523809523809523,0.0,2,4,0
3492,50,25,25,15,13,4,18,10,6,0,4,0,0,0,0,0,7,1,0,1,0,0,0,1.0,1.0,1.0,0.08695652173913043,0.08695652173913043,0.14285714285714285,2,4,0
3493,49,25,24,15,12,4,18,10,6,0,4,0,0,0,0,0,0,0,0,0,1,0,1,0.9642857142857143,1.0,1.0,0.0,0.0,0.0,2,0,1
3494,53,28,25,19,12,2,20,11,5,0,5,0,0,0,0,0,0,0,0,1,0,0,0,1.0,1.0,1.0,0.08163265306122448,0.08163265306122448,0.0,2,4,0
3495,52,27,25,19,12,2,19,11,5,0,5,0,0,0,0,0,0,0,0,0,0,0,0,1.0,0.8888888888888888,1.0,0.0,0.0,0.0,2,0,1
3496,51,27,24,19,11,2,19,11,5,0,5,0,0,0,0,0,0,0,0,0,1,0,1,0.967741935483871,1.0,1.0,0.0,0.0,0.0,2,0,1
3497,55,29,26,23,11,2,19,11,5,0,6,0,0,0,0,0,2,1,0,1,0,0,0,1.0,1.0,1.0,0.0784313725490196,0.0784313725490196,0.5,2,4,0
3498,55,29,26,23,11,2,19,11,5,0,6,0,0,0,0,0,0,0,0,0,0,0,0,1.0,1.0,1.0,0.0,0.0,0.0,2,0,0
3499,53,28,25,21,11,2,19,11,5,0,6,0,0,0,0,0,0,0,0,0,2,0,2,0.9411764705882353,1.0,1.0,0.0,0.0,0.0,2,0,2
3500,52,27,25,20,11,2,19,11,5,0,6,0,0,0,0,0,0,0,0,0,1,0,1,0.96875,1.0,1.0,0.0,0.0,0.0,2,0,1
3501,50,26,24,18,11,2,19,11,5,0,6,0,0,0,0,0,0,0,0,0,2,0,2,0.935483870967742,1.0,1.0,0.0,0.0,0.0,2,0,2
3502,50,26,24,18,11,2,19,11,5,0,6,0,0,0,0,0,0,0,0,0,0,0,0,1.0,1.0,1.0,0.0,0.0,0.0,2,0,0
3503,50,26,24,14,15,2,19,11,5,0,6,0,0,0,0,0,0,0,0,0,0,0,0,1.0,1.0,1.0,0.0,0.0,0.0,2,0,0
3504,50,26,24,14,15,2,19,11,5,0,6,0,0,0,0,0,0,0,0,0,0,0,0,1.0,1.0,1.0,0.0,0.0,0.0,2,0,0
3505,50,26,24,14,15,2,19,11,5,0,5,0,0,0,0,0,0,0,0,0,0,0,0,1.0,1.0,1.0,0.0,0.0,0.0,2,0,0
3506,49,26,23,14,14,2,19,11,6,0,5,0,0,0,0,0,6,1,0,0,1,0,1,0.9655172413793104,1.0,1.0,0.0,0.0,0.16666666666666666,2,0,1
3507,48,25,23,14,14,1,19,11,6,0,5,0,0,0,0,0,0,0,0,0,0,0,0,1.0,1.0,1.0,0.0,0.0,0.0,2,0,1
3508,48,25,23,14,14,1,19,11,6,0,5,0,0,0,0,0,0,0,0,0,0,0,0,1.0,1.0,1.0,0.0,0.0,0.0,2,0,0
3509,48,25,23,14,14,1,19,11,6,0,5,0,0,0,0,0,0,0,0,0,0,0,0,1.0,1.0,1.0,0.0,0.0,0.0,2,0,0
3510,52,26,26,18,14,1,19,11,5,0,6,0,0,0,0,0,0,0,0,1,0,0,0,1.0,1.0,1.0,0.08333333333333333,0.08333333333333333,0.0,2,4,0
3511,52,26,26,18,14,1,19,11,5,0,6,0,0,0,0,0,0,0,0,0,0,0,0,1.0,1.0,1.0,0.0,0.0,0.0,2,0,0
3512,52,26,26,18,14,1,19,11,5,0,6,0,0,0,0,0,0,0,0,0,0,0,0,1.0,1.0,1.0,0.0,0.0,0.0,2,0,0
3513,52,26,26,18,14,1,19,11,5,0,6,0,0,0,0,0,0,0,0,0,0,0,0,1.0,1.0,1.0,0.0,0.0,0.0,2,0,0
3514,52,26,26,18,14,1,19,11,5,0,6,0,0,0,0,0,0,0,0,0,0,0,0,1.0,1.0,1.0,0.0,0.0,0.0,2,0,0
3515,51,26,25,17,14,1,19,11,5,0,6,0,0,0,0,0,0,0,0,0,1,0,1,0.96875,1.0,1.0,0.0,0.0,0.0,2,0,1
3516,50,26,24,16,14,1,19,11,5,0,6,0,0,0,0,0,0,0,0,0,1,0,1,0.967741935483871,1.0,1.0,0.0,0.0,0.0,2,0,1
3517,50,26,24,16,14,1,19,11,5,0,6,0,0,0,0,0,0,0,0,0,0,0,0,1.0,1.0,1.0,0.0,0.0,0.0,2,0,0
3518,50,26,24,16,14,1,19,11,5,0,6,0,0,0,0,0,0,0,0,0,0,0,0,1.0,1.0,1.0,0.0,0.0,0.0,2,0,0
3519,49,26,23,16,13,1,19,11,5,0,6,0,0,0,0,0,0,0,0,0,1,0,1,0.9666666666666667,1.0,1.0,0.0,0.0,0.0,2,0,1
3520,49,26,23,16,13,1,19,11,5,0,6,0,0,0,0,0,0,0,0,0,0,0,0,1.0,1.0,1.0,0.0,0.0,0.0,2,0,0
3521,49,26,23,16,13,1,19,11,5,0,6,0,0,0,0,0,0,0,0,0,0,0,0,1.0,1.0,1.0,0.0,0.0,0.0,2,0,0
3522,49,26,23,16,13,1,19,11,5,0,6,0,0,0,0,0,0,0,0,0,0,0,0,1.0,1.0,1.0,0.0,0.0,0.0,2,0,0
3523,48,26,22,16,13,1,18,10,4,0,6,0,0,0,0,0,0,0,0,0,0,0,0,1.0,1.0,0.9090909090909091,0.0,0.0,0.0,2,0,1
3524,48,26,22,16,13,1,18,10,4,0,6,0,0,0,0,0,0,0,0,0,0,0,0,1.0,1.0,1.0,0.0,0.0,0.0,2,0,0
3525,48,26,22,16,13,1,18,10,4,0,6,0,0,0,0,0,0,0,0,0,0,0,0,1.0,1.0,1.0,0.0,0.0,0.0,2,0,0
3526,48,26,22,16,13,1,18,10,4,0,6,0,0,0,0,0,0,0,0,0,0,0,0,1.0,1.0,1.0,0.0,0.0,0.0,2,0,0
3527,48,26,22,16,13,1,18,10,4,0,6,0,0,0,0,0,0,0,0,0,0,0,0,1.0,1.0,1.0,0.0,0.0,0.0,2,0,0
3528,48,26,22,16,13,1,18,10,4,0,6,0,0,0,0,0,0,0,0,0,0,0,0,1.0,1.0,1.0,0.0,0.0,0.0,2,0,0
3529,48,26,22,16,13,1,18,10,4,0,6,0,0,0,0,0,0,0,0,0,0,0,0,1.0,1.0,1.0,0.0,0.0,0.0,2,0,0
3530,48,26,22,14,15,1,18,10,4,0,6,0,0,0,0,0,0,0,0,0,0,0,0,1.0,1.0,1.0,0.0,0.0,0.0,2,0,0
3531,48,26,22,14,15,1,18,10,4,0,6,0,0,0,0,0,0,0,0,0,0,0,0,1.0,1.0,1.0,0.0,0.0,0.0,2,0,0
3532,48,26,22,14,15,1,18,10,4,0,5,0,0,0,0,0,0,0,0,0,0,0,0,1.0,1.0,1.0,0.0,0.0,0.0,2,0,0
3533,48,26,22,14,15,1,18,10,5,0,5,0,0,0,0,0,2,1,0,0,0,0,0,1.0,1.0,1.0,0.0,0.0,0.5,2,0,0
3534,48,26,22,11,18,1,18,10,5,0,5,0,0,0,0,0,0,0,0,0,0,0,0,1.0,1.0,1.0,0.0,0.0,0.0,2,0,0
3535,47,25,22,8,20,1,18,10,5,0,5,0,0,0,0,0,0,0,0,0,1,0,1,0.9655172413793104,1.0,1.0,0.0,0.0,0.0,2,0,1
3536,46,24,22,8,19,1,18,10,5,0,4,0,0,0,0,0,0,0,0,0,1,0,1,0.9642857142857143,1.0,1.0,0.0,0.0,0.0,2,0,1
3537,50,25,25,11,20,1,18,10,5,0,4,0,0,0,0,0,8,1,0,1,0,0,0,1.0,1.0,1.0,0.08695652173913043,0.08695652173913043,0.125,2,4,0
3538,50,25,25,11,20,1,18,10,5,0,4,0,0,0,0,0,1,0,0,0,0,0,0,1.0,1.0,1.0,0.0,0.0,0.0,2,0,0
3539,50,25,25,11,20,1,18,10,5,0,3,0,0,0,0,0,5,0,0,0,0,0,0,1.0,1.0,1.0,0.0,0.0,0.0,2,0,0
3540,52,27,25,10,23,1,18,10,5,0,4,0,0,0,0,0,7,1,0,1,1,0,1,0.967741935483871,1.0,1.0,0.06,0.06,0.14285714285714285,2,3,1
3541,51,26,25,9,23,1,18,10,6,0,4,0,0,0,0,0,5,1,0,0,1,0,1,0.9696969696969697,1.0,1.0,0.0,0.0,0.2,2,0,1
3542,51,26,25,9,23,1,18,10,6,0,3,0,0,0,0,0,0,0,0,0,0,0,0,1.0,1.0,1.0,0.0,0.0,0.0,2,0,0
3543,50,25,25,9,22,1,18,10,6,0,3,0,0,0,0,0,2,0,0,0,1,0,1,0.96875,1.0,1.0,0.0,0.0,0.0,2,0,1
3544,50,25,25,9,22,1,18,10,7,0,3,0,0,0,0,0,8,1,0,0,0,0,0,1.0,1.0,1.0,0.0,0.0,0.125,2,0,0
3545,50,25,25,9,22,1,18,10,7,0,3,0,0,0,0,0,0,0,0,0,0,0,0,1.0,1.0,1.0,0.0,0.0,0.0,2,0,0
3546,50,25,25,9,22,1,18,10,7,0,3,0,0,0,0,0,0,0,0,0,0,0,0,1.0,1.0,1.0,0.0,0.0,0.0,2,0,0
3547,49,25,24,8,22,1,18,10,7,0,3,0,0,0,0,0,0,0,0,0,1,0,1,0.967741935483871,1.0,1.0,0.0,0.0,0.0,2,0,1
3548,49,25,24,8,22,1,18,10,7,0,3,0,0,0,0,0,0,0,0,0,0,0,0,1.0,1.0,1.0,0.0,0.0,0.0,2,0,0
3549,49,25,24,8,22,1,18,10,7,0,3,0,0,0,0,0,0,0,0,0,0,0,0,1.0,1.0,1.0,0.0,0.0,0.0,2,0,0
3550,49,25,24,8,22,1,18,10,7,0,3,0,0,0,0,0,0,0,0,0,0,0,0,1.0,1.0,1.0,0.0,0.0,0.0,2,0,0
3551,49,25,24,8,22,1,18,10,7,0,3,0,0,0,0,0,0,0,0,0,0,0,0,1.0,1.0,1.0,0.0,0.0,0.0,2,0,0
3552,49,25,24,8,22,1,18,10,7,0,3,0,0,0,0,0,0,0,0,0,0,0,0,1.0,1.0,1.0,0.0,0.0,0.0,2,0,0
3553,49,25,24,6,24,1,18,10,7,0,3,0,0,0,0,0,0,0,0,0,0,0,0,1.0,1.0,1.0,0.0,0.0,0.0,2,0,0
3554,49,25,24,6,24,1,18,10,7,0,3,0,0,0,0,0,0,0,0,0,0,0,0,1.0,1.0,1.0,0.0,0.0,0.0,2,0,0
3555,48,24,24,6,23,1,18,10,7,0,2,0,0,0,0,0,0,0,0,0,1,0,1,0.9666666666666667,1.0,1.0,0.0,0.0,0.0,2,0,1
3556,47,23,24,6,22,1,18,10,7,0,2,0,0,0,0,0,3,0,0,0,1,0,1,0.9655172413793104,1.0,1.0,0.0,0.0,0.0,2,0,1
3557,47,23,24,6,22,1,18,10,8,0,2,0,0,0,0,0,4,1,0,0,0,0,0,1.0,1.0,1.0,0.0,0.0,0.25,2,0,0
3558,47,23,24,6,22,1,18,10,8,0,2,0,0,0,0,0,0,0,0,0,0,0,0,1.0,1.0,1.0,0.0,0.0,0.0,2,0,0
3559,47,23,24,6,22,1,18,10,8,0,2,0,0,0,0,0,0,0,0,0,0,0,0,1.0,1.0,1.0,0.0,0.0,0.0,2,0,0
3560,46,22,24,5,22,1,18,10,8,0,2,0,0,0,0,0,0,0,0,0,1,0,1,0.9642857142857143,1.0,1.0,0.0,0.0,0.0,2,0,1
3561,44,20,24,5,20,1,18,10,8,0,2,0,0,2,0,0,0,0,0,0,2,0,2,0.9259259259259259,1.0,1.0,0.0,0.0,0.0,2,0,2
3562,47,23,24,9,19,1,18,10,7,0,3,0,0,1,0,0,0,0,0,1,1,1,1,0.96,1.0,1.0,0.09090909090909091,0.09090909090909091,0.0,2,4,1
3563,46,23,23,9,19,1,17,9,7,0,2,0,0,0,1,0,0,0,0,0,0,0,1,1.0,1.0,0.9,0.0,0.0,0.0,2,0,1
3564,45,23,22,9,18,1,17,9,7,0,2,0,0,0,1,0,0,0,0,0,1,0,1,0.9642857142857143,1.0,1.0,0.0,0.0,0.0,2,0,1
3565,43,22,21,9,16,1,17,9,7,0,2,0,0,1,1,0,0,0,0,0,2,0,2,0.9259259259259259,1.0,1.0,0.0,0.0,0.0,2,0,2
3566,43,22,21,9,15,2,17,9,7,0,2,0,0,0,0,0,0,0,0,0,0,0,0,1.0,1.0,1.0,0.0,0.0,0.0,2,0,0
3567,43,22,21,9,15,2,17,9,7,0,2,0,0,0,0,0,0,0,0,0,0,0,0,1.0,1.0,1.0,0.0,0.0,0.0,2,0,0
3568,43,22,21,9,15,2,17,9,7,0,2,0,0,0,0,0,0,0,0,0,0,0,0,1.0,1.0,1.0,0.0,0.0,0.0,2,0,0
3569,43,22,21,9,15,2,17,9,7,0,2,0,0,0,0,0,0,0,0,0,0,0,0,1.0,1.0,1.0,0.0,0.0,0.0,2,0,0
3570,43,22,21,9,15,2,17,9,7,0,2,0,0,0,0,0,0,0,0,0,0,0,0,1.0,1.0,1.0,0.0,0.0,0.0,2,0,0
3571,47,24,23,13,15,2,17,9,6,0,3,0,0,0,0,0,0,0,0,1,0,0,0,1.0,1.0,1.0,0.09302325581395349,0.09302325581395349,0.0,2,4,0
3572,46,24,22,13,15,2,16,8,6,0,2,0,0,0,0,0,0,0,0,0,0,0,0,1.0,1.0,0.8888888888888888,0.0,0.0,0.0,2,0,1
3573,46,24,22,13,15,2,16,8,6,0,2,0,0,0,0,0,0,0,0,0,0,0,0,1.0,1.0,1.0,0.0,0.0,0.0,2,0,0
3574,46,24,22,13,15,2,16,8,6,0,2,0,0,0,0,0,0,0,0,0,0,0,0,1.0,1.0,1.0,0.0,0.0,0.0,2,0,0
3575,46,24,22,13,15,2,16,8,6,0,2,0,0,0,0,0,0,0,0,0,0,1,0,1.0,1.0,1.0,0.0,0.0,0.0,2,0,0
3576,46,24,22,13,15,2,16,8,6,0,2,0,0,0,0,0,0,0,0,0,0,0,0,1.0,1.0,1.0,0.0,0.0,0.0,2,0,0
3577,46,24,22,13,15,2,16,8,6,0,2,0,0,0,0,0,0,0,0,0,0,0,0,1.0,1.0,1.0,0.0,0.0,0.0,2,0,0
3578,46,24,22,13,15,2,16,8,6,0,2,0,0,0,0,0,0,0,0,0,0,0,0,1.0,1.0,1.0,0.0,0.0,0.0,2,0,0
3579,46,24,22,13,14,3,16,8,6,0,2,0,0,0,0,0,0,0,0,0,0,0,0,1.0,1.0,1.0,0.0,0.0,0.0,2,0,0
3580,46,24,22,10,17,3,16,8,6,0,2,0,0,0,0,0,0,0,0,0,0,0,0,1.0,1.0,1.0,0.0,0.0,0.0,2,0,0
3581,46,24,22,10,17,3,16,8,6,0,2,0,0,0,0,0,0,0,0,0,0,0,0,1.0,1.0,1.0,0.0,0.0,0.0,2,0,0
3582,46,24,22,10,17,3,16,8,6,0,2,0,0,0,0,0,0,0,0,0,0,0,0,1.0,1.0,1.0,0.0,0.0,0.0,2,0,0
3583,46,24,22,8,19,3,16,8,6,0,2,0,0,0,0,0,0,0,0,0,0,0,0,1.0,1.0,1.0,0.0,0.0,0.0,2,0,0
3584,46,24,22,8,19,3,16,8,6,0,2,0,0,0,0,0,0,0,0,0,0,0,0,1.0,1.0,1.0,0.0,0.0,0.0,2,0,0
3585,46,24,22,8,19,3,16,8,6,0,2,0,0,0,0,0,0,0,0,0,0,0,0,1.0,1.0,1.0,0.0,0.0,0.0,2,0,0
3586,46,24,22,8,19,3,16,8,6,0,2,0,0,0,0,0,0,0,0,0,0,0,0,1.0,1.0,1.0,0.0,0.0,0.0,2,0,0
3587,46,24,22,8,19,3,16,8,6,0,2,0,0,0,0,0,0,0,0,0,0,0,0,1.0,1.0,1.0,0.0,0.0,0.0,2,0,0
3588,45,23,22,8,18,3,16,8,6,0,2,0,0,0,0,0,0,0,0,0,1,0,1,0.962962962962963,1.0,1.0,0.0,0.0,0.0,2,0,1
3589,45,23,22,8,18,3,16,8,6,0,2,0,0,0,0,0,0,0,0,0,0,0,0,1.0,1.0,1.0,0.0,0.0,0.0,2,0,0
3590,45,23,22,8,18,3,16,8,6,0,2,0,0,0,0,0,0,0,0,0,0,0,0,1.0,1.0,1.0,0.0,0.0,0.0,2,0,0
3591,45,23,22,8,18,3,16,8,6,0,2,0,0,0,0,0,0,0,0,0,0,0,0,1.0,1.0,1.0,0.0,0.0,0.0,2,0,0
3592,45,23,22,8,18,3,16,8,6,0,2,0,0,0,0,0,0,0,0,0,0,0,0,1.0,1.0,1.0,0.0,0.0,0.0,2,0,0
3593,45,23,22,8,18,3,16,8,6,0,2,0,0,0,0,0,0,0,0,0,0,0,0,1.0,1.0,1.0,0.0,0.0,0.0,2,0,0
3594,45,23,22,8,18,3,16,8,6,0,2,0,0,0,0,0,0,0,0,0,0,0,0,1.0,1.0,1.0,0.0,0.0,0.0,2,0,0
3595,45,23,22,8,18,3,16,8,6,0,2,0,0,0,0,0,0,0,0,0,0,0,0,1.0,1.0,1.0,0.0,0.0,0.0,2,0,0
3596,45,23,22,8,18,3,16,8,6,0,2,0,0,0,0,0,0,0,0,0,0,0,0,1.0,1.0,1.0,0.0,0.0,0.0,2,0,0
3597,45,23,22,8,18,3,16,8,6,0,2,0,0,0,0,0,0,0,0,0,0,0,0,1.0,1.0,1.0,0.0,0.0,0.0,2,0,0
3598,49,25,24,12,18,3,16,8,5,0,3,0,0,0,0,0,0,0,0,1,0,0,0,1.0,1.0,1.0,0.08888888888888889,0.08888888888888889,0.0,2,4,0
3599,49,25,24,12,18,3,16,8,5,0,3,0,0,0,0,0,0,0,0,0,0,0,0,1.0,1.0,1.0,0.0,0.0,0.0,2,0,0
3600,49,25,24,12,18,3,16,8,5,0,3,0,0,0,0,0,0,0,0,0,0,0,0,1.0,1.0,1.0,0.0,0.0,0.0,2,0,0
3601,49,25,24,12,18,3,16,8,5,0,3,0,0,0,0,0,0,0,0,0,0,0,0,1.0,1.0,1.0,0.0,0.0,0.0,2,0,0
3602,52,26,26,15,18,3,16,8,4,0,4,0,0,0,0,0,0,0,0,1,1,0,1,0.9666666666666667,1.0,1.0,0.08163265306122448,0.08163265306122448,0.0,2,4,1
3603,52,26,26,15,18,3,16,8,4,0,4,0,0,0,0,0,0,0,0,0,0,0,0,1.0,1.0,1.0,0.0,0.0,0.0,2,0,0
3604,51,26,25,15,18,3,15,7,3,0,4,0,0,0,0,0,0,0,0,0,0,0,0,1.0,1.0,0.875,0.0,0.0,0.0,2,0,1
3605,51,26,25,11,22,3,15,7,3,0,4,0,0,0,0,0,0,0,0,0,0,0,0,1.0,1.0,1.0,0.0,0.0,0.0,2,0,0
3606,55,28,27,15,22,3,15,7,2,0,5,0,0,0,0,0,0,0,0,1,0,1,0,1.0,1.0,1.0,0.0784313725490196,0.0784313725490196,0.0,2,4,0
3607,54,28,26,15,21,3,15,7,2,0,4,0,0,0,0,0,0,0,0,0,1,0,1,0.972972972972973,1.0,1.0,0.0,0.0,0.0,2,0,1
3608,54,28,26,15,21,2,16,8,2,0,4,0,0,0,0,0,0,0,0,0,0,0,0,1.0,1.0,1.0,0.0,0.0,0.0,2,0,0
3609,58,30,28,19,21,2,16,8,1,0,5,0,0,0,0,0,0,0,0,1,0,0,0,1.0,1.0,1.0,0.07407407407407407,0.07407407407407407,0.0,2,4,0
3610,58,30,28,19,20,3,16,8,1,0,5,0,0,0,0,0,0,0,0,0,0,0,0,1.0,1.0,1.0,0.0,0.0,0.0,2,0,0
3611,57,30,27,18,20,3,16,8,1,0,5,0,0,0,0,0,0,0,0,0,1,0,1,0.9743589743589743,1.0,1.0,0.0,0.0,0.0,2,0,1
3612,57,30,27,18,20,3,16,8,1,0,5,0,0,0,0,0,0,0,0,0,0,0,0,1.0,1.0,1.0,0.0,0.0,0.0,2,0,0
3613,56,30,26,17,20,3,16,8,1,0,5,0,0,0,0,0,0,0,0,0,1,0,1,0.9736842105263158,1.0,1.0,0.0,0.0,0.0,2,0,1
3614,56,30,26,14,23,3,16,8,1,0,5,0,0,0,0,0,0,0,0,0,0,0,0,1.0,1.0,1.0,0.0,0.0,0.0,2,0,0
3615,56,30,26,14,23,3,16,8,1,0,5,0,0,0,0,0,0,0,0,0,0,0,0,1.0,1.0,1.0,0.0,0.0,0.0,2,0,0
3616,56,30,26,14,23,3,16,8,1,0,4,0,0,0,0,0,0,0,0,0,0,0,0,1.0,1.0,1.0,0.0,0.0,0.0,2,0,0
3617,56,30,26,14,23,3,16,8,1,0,4,0,0,0,0,0,0,0,0,0,0,0,0,1.0,1.0,1.0,0.0,0.0,0.0,2,0,0
3618,55,30,25,14,22,3,16,8,1,0,4,0,0,0,0,0,0,0,0,0,1,0,1,0.972972972972973,1.0,1.0,0.0,0.0,0.0,2,0,1
3619,55,30,25,14,22,3,16,8,1,0,4,0,0,0,0,0,0,0,0,0,0,0,0,1.0,1.0,1.0,0.0,0.0,0.0,2,0,0
3620,55,30,25,14,22,3,16,8,1,0,4,0,0,0,0,0,0,0,0,0,0,0,0,1.0,1.0,1.0,0.0,0.0,0.0,2,0,0
3621,53,28,25,14,20,3,16,8,1,0,4,0,0,0,0,0,0,0,0,0,2,0,2,0.9444444444444444,1.0,1.0,0.0,0.0,0.0,2,0,2
3622,57,30,27,18,20,3,16,8,0,0,5,0,0,0,0,0,0,0,0,1,0,0,0,1.0,1.0,1.0,0.07547169811320754,0.07547169811320754,0.0,2,4,0
3623,57,30,27,18,20,3,16,8,0,0,5,0,0,0,0,0,0,0,0,0,0,0,0,1.0,1.0,1.0,0.0,0.0,0.0,2,0,0
3624,54,28,26,18,17,3,16,8,0,0,5,0,0,0,0,0,0,0,0,0,3,0,3,0.9210526315789473,1.0,1.0,0.0,0.0,0.0,2,0,3
3625,53,28,25,17,17,3,16,8,0,0,5,0,0,0,0,0,0,0,0,0,1,0,1,0.9714285714285714,1.0,1.0,0.0,0.0,0.0,2,0,1
3626,52,27,25,17,16,3,16,8,0,0,5,0,0,0,0,0,0,0,0,0,1,1,1,0.9705882352941176,1.0,1.0,0.0,0.0,0.0,2,0,1
3627,52,27,25,17,16,3,16,8,0,0,5,0,0,0,0,0,0,0,0,0,0,0,0,1.0,1.0,1.0,0.0,0.0,0.0,2,0,0
3628,50,26,24,16,15,3,16,8,0,0,5,0,0,0,0,0,0,0,0,0,1,0,1,0.9393939393939394,1.0,1.0,0.0,0.0,0.0,2,0,2
3629,50,26,24,16,15,3,16,8,0,0,5,0,0,0,0,0,0,0,0,0,0,0,0,1.0,1.0,1.0,0.0,0.0,0.0,2,0,0
3630,50,26,24,16,15,3,16,8,0,0,5,0,0,0,0,0,0,0,0,0,0,0,0,1.0,1.0,1.0,0.0,0.0,0.0,2,0,0
3631,49,26,23,15,15,3,16,8,0,0,5,0,0,0,0,0,0,0,0,0,1,0,1,0.967741935483871,1.0,1.0,0.0,0.0,0.0,2,0,1
3632,49,26,23,15,15,3,16,8,0,0,5,0,0,0,0,0,0,0,0,0,0,0,0,1.0,1.0,1.0,0.0,0.0,0.0,2,0,0
3633,49,26,23,15,15,3,16,8,0,0,5,0,0,0,0,0,0,0,0,0,0,0,0,1.0,1.0,1.0,0.0,0.0,0.0,2,0,0
3634,48,25,23,15,14,3,16,8,0,0,5,0,0,0,0,0,0,0,0,0,1,0,1,0.9666666666666667,1.0,1.0,0.0,0.0,0.0,2,0,1
3635,48,25,23,15,14,3,16,8,0,0,5,0,0,0,0,0,0,0,0,0,0,0,0,1.0,1.0,1.0,0.0,0.0,0.0,2,0,0
3636,47,25,22,14,14,3,16,8,0,0,5,0,0,0,0,0,0,0,0,0,1,0,1,0.9655172413793104,1.0,1.0,0.0,0.0,0.0,2,0,1
3637,47,25,22,14,14,3,16,8,0,0,5,0,0,0,0,0,0,0,0,0,0,0,0,1.0,1.0,1.0,0.0,0.0,0.0,2,0,0
3638,47,25,22,14,14,3,16,8,0,0,5,0,0,0,0,0,0,0,0,0,0,0,0,1.0,1.0,1.0,0.0,0.0,0.0,2,0,0
3639,47,25,22,14,14,3,16,8,0,0,5,0,0,0,0,0,0,0,0,0,0,0,0,1.0,1.0,1.0,0.0,0.0,0.0,2,0,0
3640,47,25,22,14,14,3,16,8,0,0,5,0,0,0,0,0,0,0,0,0,0,1,0,1.0,1.0,1.0,0.0,0.0,0.0,2,0,0
3641,47,25,22,11,17,3,16,8,0,0,5,0,0,0,0,0,0,0,0,0,0,0,0,1.0,1.0,1.0,0.0,0.0,0.0,2,0,0
3642,45,23,22,11,15,3,16,8,0,0,5,0,0,0,0,0,0,0,0,0,2,0,2,0.9285714285714286,1.0,1.0,0.0,0.0,0.0,2,0,2
3643,45,23,22,11,15,3,16,8,0,0,4,0,0,0,0,0,0,0,0,0,0,0,0,1.0,1.0,1.0,0.0,0.0,0.0,2,0,0
3644,45,23,22,11,14,4,16,8,0,0,4,0,0,0,0,0,0,0,0,0,0,0,0,1.0,1.0,1.0,0.0,0.0,0.0,2,0,0
3645,45,23,22,8,17,4,16,8,0,0,4,0,0,0,0,0,0,0,0,0,0,0,0,1.0,1.0,1.0,0.0,0.0,0.0,2,0,0
3646,44,22,22,8,16,4,16,8,0,0,4,0,0,0,0,0,0,0,0,0,1,0,1,0.96,1.0,1.0,0.0,0.0,0.0,2,0,1
3647,44,22,22,8,16,4,16,8,0,0,3,0,0,0,0,0,0,0,0,0,0,0,0,1.0,1.0,1.0,0.0,0.0,0.0,2,0,0
3648,44,22,22,8,16,4,16,8,0,0,3,0,0,0,0,0,0,0,0,0,0,0,0,1.0,1.0,1.0,0.0,0.0,0.0,2,0,0
3649,44,22,22,6,18,4,16,8,0,0,3,0,0,0,0,0,0,0,0,0,0,0,0,1.0,1.0,1.0,0.0,0.0,0.0,2,0,0
3650,43,21,22,6,17,4,16,8,0,0,3,0,0,1,0,0,0,0,0,0,1,0,1,0.9583333333333334,1.0,1.0,0.0,0.0,0.0,2,0,1
3651,40,18,22,4,17,4,15,8,0,0,2,0,0,1,0,0,0,0,0,0,2,0,2,0.9130434782608696,0.875,1.0,0.0,0.0,0.0,2,0,3
3652,37,17,20,2,17,3,15,8,0,0,2,0,0,1,2,0,0,0,0,0,2,0,3,0.9047619047619048,1.0,1.0,0.0,0.0,0.0,2,0,3
3653,36,17,19,2,16,3,15,8,0,0,2,0,0,0,1,0,0,0,0,0,1,0,1,0.9473684210526316,1.0,1.0,0.0,0.0,0.0,2,0,1
3654,36,17,19,2,16,3,15,8,0,0,1,0,0,0,0,0,0,0,0,0,0,0,0,1.0,1.0,1.0,0.0,0.0,0.0,2,0,0
3655,36,17,19,2,16,3,15,8,0,0,1,0,0,0,0,0,0,0,0,0,0,0,0,1.0,1.0,1.0,0.0,0.0,0.0,2,0,0
3656,32,14,18,2,15,3,12,7,0,0,1,0,0,3,1,0,0,0,0,0,1,0,4,0.9444444444444444,0.7142857142857143,0.875,0.0,0.0,0.0,2,0,4
3657,31,13,18,2,15,3,11,7,0,0,1,0,0,1,0,0,0,0,0,0,0,0,1,1.0,0.8,1.0,0.0,0.0,0.0,2,0,1
3658,31,13,18,2,15,3,11,7,0,0,1,0,0,0,0,0,0,0,0,0,0,0,0,1.0,1.0,1.0,0.0,0.0,0.0,2,0,0
3659,31,13,18,2,15,3,11,7,0,0,1,0,0,0,0,0,0,0,0,0,0,0,0,1.0,1.0,1.0,0.0,0.0,0.0,2,0,0
3660,31,13,18,2,15,3,11,7,0,0,1,0,0,0,0,0,0,0,0,0,0,0,0,1.0,1.0,1.0,0.0,0.0,0.0,2,0,0
3661,31,13,18,2,15,3,11,7,0,0,1,0,0,0,0,0,0,0,0,0,0,0,0,1.0,1.0,1.0,0.0,0.0,0.0,2,0,0
3662,31,13,18,2,15,3,11,7,0,0,1,0,0,0,0,0,0,0,0,0,0,0,0,1.0,1.0,1.0,0.0,0.0,0.0,2,0,0
3663,31,13,18,2,15,2,12,8,0,0,1,0,0,0,0,0,0,0,0,0,0,0,0,1.0,1.0,1.0,0.0,0.0,0.0,2,0,0
3664,31,13,18,2,15,2,12,8,0,0,1,0,0,0,0,0,0,0,0,0,0,0,0,1.0,1.0,1.0,0.0,0.0,0.0,2,0,0
3665,31,13,18,0,17,2,12,8,0,0,1,0,0,0,0,0,0,0,0,0,0,0,0,1.0,1.0,1.0,0.0,0.0,0.0,2,0,0
3666,31,13,18,0,17,2,12,8,0,0,1,0,0,0,0,0,0,0,0,0,0,0,0,1.0,1.0,1.0,0.0,0.0,0.0,2,0,0
3667,31,13,18,0,17,2,12,8,0,0,0,0,0,0,0,0,0,0,0,0,0,1,0,1.0,1.0,1.0,0.0,0.0,0.0,2,0,0
3668,31,13,18,0,17,2,12,8,0,0,0,0,0,0,0,0,0,0,0,0,0,0,0,1.0,1.0,1.0,0.0,0.0,0.0,2,0,0
3669,31,13,18,0,17,2,12,8,0,0,0,0,0,0,0,0,0,0,0,0,0,0,0,1.0,1.0,1.0,0.0,0.0,0.0,2,0,0
3670,31,13,18,0,17,2,12,8,0,0,0,0,0,0,0,0,0,0,0,0,0,0,0,1.0,1.0,1.0,0.0,0.0,0.0,2,0,0
3671,31,13,18,0,16,3,12,8,0,0,0,0,0,0,0,0,0,0,0,0,0,0,0,1.0,1.0,1.0,0.0,0.0,0.0,2,0,0
3672,31,13,18,0,16,3,12,8,0,0,0,0,0,0,0,0,0,0,0,0,0,0,0,1.0,1.0,1.0,0.0,0.0,0.0,2,0,0
3673,31,13,18,0,16,3,12,8,0,0,0,0,0,0,0,0,0,0,0,0,0,0,0,1.0,1.0,1.0,0.0,0.0,0.0,2,0,0
3674,31,13,18,0,16,3,12,8,0,0,0,0,0,0,0,0,0,0,0,0,0,0,0,1.0,1.0,1.0,0.0,0.0,0.0,2,0,0
3675,31,13,18,0,16,3,12,8,0,0,0,0,0,0,0,0,0,0,0,0,0,0,0,1.0,1.0,1.0,0.0,0.0,0.0,2,0,0
3676,31,13,18,0,16,3,12,8,0,0,0,0,0,0,0,0,0,0,0,0,0,0,0,1.0,1.0,1.0,0.0,0.0,0.0,2,0,0
3677,31,13,18,0,16,3,12,8,0,0,0,0,0,0,0,0,0,0,0,0,0,0,0,1.0,1.0,1.0,0.0,0.0,0.0,2,0,0
3678,31,13,18,0,16,3,12,8,0,0,0,0,0,0,0,0,0,0,0,0,0,0,0,1.0,1.0,1.0,0.0,0.0,0.0,2,0,0
3679,31,13,18,0,16,3,12,8,0,0,0,0,0,0,0,0,0,0,0,0,0,0,0,1.0,1.0,1.0,0.0,0.0,0.0,2,0,0
3680,31,13,18,0,16,3,12,8,3,0,0,0,0,0,0,0,13,3,0,0,0,0,0,1.0,1.0,1.0,0.0,0.0,0.23076923076923078,2,0,0
3681,31,13,18,0,16,3,12,8,3,1,0,0,0,0,0,0,3,0,1,0,0,0,0,1.0,1.0,1.0,0.0,0.0,0.0,2,0,0
3682,31,13,18,0,16,3,12,8,4,1,0,0,0,0,0,0,2,1,0,0,0,0,0,1.0,1.0,1.0,0.0,0.0,0.5,2,0,0
3683,31,13,18,0,16,3,12,8,4,1,0,0,0,0,0,0,2,0,0,0,0,0,0,1.0,1.0,1.0,0.0,0.0,0.0,2,0,0
3684,31,13,18,0,16,3,12,8,4,1,0,0,0,0,0,0,1,0,0,0,0,0,0,1.0,1.0,1.0,0.0,0.0,0.0,2,0,0
3685,31,13,18,0,16,3,12,8,4,1,0,0,0,0,0,0,0,0,0,0,0,0,0,1.0,1.0,1.0,0.0,0.0,0.0,2,0,0
3686,31,13,18,0,16,3,12,8,4,1,0,0,0,0,0,0,0,0,0,0,0,0,0,1.0,1.0,1.0,0.0,0.0,0.0,2,0,0
3687,31,13,18,0,16,3,12,8,4,1,0,0,0,0,0,0,0,0,0,0,0,0,0,1.0,1.0,1.0,0.0,0.0,0.0,2,0,0
3688,30,12,18,0,16,3,11,8,4,1,0,0,0,0,0,0,0,0,0,0,0,0,0,1.0,0.75,1.0,0.0,0.0,0.0,2,0,1
3689,30,12,18,0,16,3,11,8,4,1,0,0,0,0,0,0,0,0,0,0,0,0,0,1.0,1.0,1.0,0.0,0.0,0.0,2,0,0
3690,29,12,17,0,16,3,10,7,4,0,0,0,0,0,0,0,0,0,0,0,0,0,0,1.0,1.0,0.875,0.0,0.0,0.0,2,0,1
3691,29,12,17,0,16,3,10,7,4,0,0,0,0,0,0,0,0,0,0,0,0,0,0,1.0,1.0,1.0,0.0,0.0,0.0,2,0,0
3692,29,12,17,0,16,3,10,7,4,0,0,0,0,0,0,0,0,0,0,0,0,0,0,1.0,1.0,1.0,0.0,0.0,0.0,2,0,0
3693,29,12,17,0,16,3,10,7,4,0,0,0,0,0,0,0,1,0,0,0,0,0,0,1.0,1.0,1.0,0.0,0.0,0.0,2,0,0
3694,29,12,17,0,16,3,10,7,5,1,0,0,0,0,0,0,5,1,1,0,0,0,0,1.0,1.0,1.0,0.0,0.0,0.2,2,0,0
3695,29,12,17,0,16,3,10,7,5,1,0,0,0,0,0,0,1,0,0,0,0,0,0,1.0,1.0,1.0,0.0,0.0,0.0,2,0,0
3696,29,12,17,0,16,3,10,7,5,1,0,0,0,0,0,0,8,0,0,0,0,0,0,1.0,1.0,1.0,0.0,0.0,0.0,2,0,0
3697,29,12,17,0,16,3,10,7,6,1,0,0,0,0,0,0,8,1,0,0,0,0,0,1.0,1.0,1.0,0.0,0.0,0.125,2,0,0
3698,29,12,17,0,16,3,10,7,6,1,0,0,0,0,0,0,0,0,0,0,0,0,0,1.0,1.0,1.0,0.0,0.0,0.0,2,0,0
3699,29,12,17,0,16,3,10,7,6,1,0,0,0,0,0,0,0,0,0,0,0,0,0,1.0,1.0,1.0,0.0,0.0,0.0,2,0,0
3700,29,12,17,0,16,3,10,7,6,1,0,0,0,0,0,0,0,0,0,0,0,0,0,1.0,1.0,1.0,0.0,0.0,0.0,2,0,0
3701,29,12,17,0,16,3,10,7,6,1,0,0,0,0,0,0,0,0,0,0,0,0,0,1.0,1.0,1.0,0.0,0.0,0.0,2,0,0
3702,29,12,17,0,16,3,10,7,6,1,0,0,0,0,0,0,0,0,0,0,0,0,0,1.0,1.0,1.0,0.0,0.0,0.0,2,0,0
3703,29,12,17,0,16,3,10,7,6,1,0,0,0,0,0,0,0,0,0,0,0,0,0,1.0,1.0,1.0,0.0,0.0,0.0,2,0,0
3704,29,12,17,0,16,3,10,7,6,1,0,0,0,0,0,0,0,0,0,0,0,0,0,1.0,1.0,1.0,0.0,0.0,0.0,2,0,0
3705,29,12,17,0,16,3,10,7,6,1,0,0,0,0,0,0,0,0,0,0,0,0,0,1.0,1.0,1.0,0.0,0.0,0.0,2,0,0
3706,29,12,17,0,16,3,10,7,6,1,0,0,0,0,0,0,0,0,0,0,0,0,0,1.0,1.0,1.0,0.0,0.0,0.0,2,0,0
3707,29,12,17,0,16,3,10,7,6,1,0,0,0,0,0,0,0,0,0,0,0,0,0,1.0,1.0,1.0,0.0,0.0,0.0,2,0,0
3708,29,12,17,0,16,3,10,7,6,1,0,0,0,0,0,0,0,0,0,0,0,0,0,1.0,1.0,1.0,0.0,0.0,0.0,2,0,0
3709,29,12,17,0,16,3,10,7,6,1,0,0,0,0,0,0,0,0,0,0,0,0,0,1.0,1.0,1.0,0.0,0.0,0.0,2,0,0
3710,29,12,17,0,16,3,10,7,6,1,0,0,0,0,0,0,0,0,0,0,0,0,0,1.0,1.0,1.0,0.0,0.0,0.0,2,0,0
3711,29,12,17,0,16,3,10,7,6,1,0,0,0,0,0,0,0,0,0,0,0,0,0,1.0,1.0,1.0,0.0,0.0,0.0,2,0,0
3712,29,12,17,0,16,3,10,7,6,1,0,0,0,0,0,0,0,0,0,0,0,0,0,1.0,1.0,1.0,0.0,0.0,0.0,2,0,0
3713,29,12,17,0,16,3,10,7,6,1,0,0,0,0,0,0,0,0,0,0,0,0,0,1.0,1.0,1.0,0.0,0.0,0.0,2,0,0
3714,29,12,17,0,16,3,10,7,6,1,0,0,0,0,0,0,0,0,0,0,0,0,0,1.0,1.0,1.0,0.0,0.0,0.0,2,0,0
3715,29,12,17,0,16,3,10,7,6,1,0,0,0,0,0,0,0,0,0,0,0,0,0,1.0,1.0,1.0,0.0,0.0,0.0,2,0,0
3716,29,12,17,0,16,3,10,7,6,1,0,0,0,0,0,0,0,0,0,0,0,0,0,1.0,1.0,1.0,0.0,0.0,0.0,2,0,0
3717,29,12,17,0,16,3,10,7,6,1,0,0,0,0,0,0,0,0,0,0,0,2,0,1.0,1.0,1.0,0.0,0.0,0.0,2,0,0
3718,29,12,17,0,16,3,10,7,6,1,0,0,0,0,0,0,0,0,0,0,0,0,0,1.0,1.0,1.0,0.0,0.0,0.0,2,0,0
3719,29,12,17,0,16,3,10,7,6,1,0,0,0,0,0,0,0,0,0,0,0,0,0,1.0,1.0,1.0,0.0,0.0,0.0,2,0,0
3720,29,12,17,0,16,3,10,7,6,1,0,0,0,0,0,0,0,0,0,0,0,2,0,1.0,1.0,1.0,0.0,0.0,0.0,2,0,0
3721,29,12,17,0,14,5,10,7,6,1,0,0,0,0,0,0,0,0,0,0,0,0,0,1.0,1.0,1.0,0.0,0.0,0.0,2,0,0
3722,29,12,17,0,14,5,10,7,6,1,0,0,0,0,0,0,0,0,0,0,0,0,0,1.0,1.0,1.0,0.0,0.0,0.0,2,0,0
3723,29,12,17,0,14,5,10,7,6,1,0,0,0,0,0,0,0,0,0,0,0,0,0,1.0,1.0,1.0,0.0,0.0,0.0,2,0,0
3724,29,12,17,0,12,7,10,7,6,1,0,0,0,0,0,0,0,0,0,0,0,0,0,1.0,1.0,1.0,0.0,0.0,0.0,2,0,0
3725,29,12,17,0,12,7,10,7,6,1,0,0,0,0,0,0,0,0,0,0,0,0,0,1.0,1.0,1.0,0.0,0.0,0.0,2,0,0
3726,29,12,17,0,12,7,10,7,6,1,0,0,0,0,0,0,0,0,0,0,0,0,0,1.0,1.0,1.0,0.0,0.0,0.0,2,0,0
3727,29,12,17,0,12,7,10,7,6,1,0,0,0,0,0,0,0,0,0,0,0,0,0,1.0,1.0,1.0,0.0,0.0,0.0,2,0,0
3728,29,12,17,0,12,7,10,7,6,1,0,0,0,0,0,0,0,0,0,0,0,0,0,1.0,1.0,1.0,0.0,0.0,0.0,2,0,0
3729,29,12,17,0,12,7,10,7,6,1,0,0,0,0,0,0,0,0,0,0,0,0,0,1.0,1.0,1.0,0.0,0.0,0.0,2,0,0
3730,29,12,17,0,12,6,11,8,6,1,0,0,0,0,0,0,0,0,0,0,0,0,0,1.0,1.0,1.0,0.0,0.0,0.0,2,0,0
3731,29,12,17,0,12,6,11,8,6,1,0,0,0,0,0,0,0,0,0,0,0,0,0,1.0,1.0,1.0,0.0,0.0,0.0,2,0,0
3732,29,12,17,0,12,6,11,8,7,1,0,0,0,0,0,0,6,1,0,0,0,0,0,1.0,1.0,1.0,0.0,0.0,0.16666666666666666,2,0,0
3733,29,12,17,0,12,6,11,8,7,1,0,0,0,0,0,0,0,0,0,0,0,0,0,1.0,1.0,1.0,0.0,0.0,0.0,2,0,0
3734,29,12,17,0,12,6,11,8,7,1,0,0,0,0,0,0,0,0,0,0,0,0,0,1.0,1.0,1.0,0.0,0.0,0.0,2,0,0
3735,29,12,17,0,12,6,11,8,7,1,0,0,0,0,0,0,0,0,0,0,0,0,0,1.0,1.0,1.0,0.0,0.0,0.0,2,0,0
3736,29,12,17,0,12,6,11,8,7,1,0,0,0,0,0,0,0,0,0,0,0,0,0,1.0,1.0,1.0,0.0,0.0,0.0,2,0,0
3737,29,12,17,0,12,6,11,8,7,1,0,0,0,0,0,0,0,0,0,0,0,0,0,1.0,1.0,1.0,0.0,0.0,0.0,2,0,0
3738,29,12,17,0,12,6,11,8,7,1,0,0,0,0,0,0,0,0,0,0,0,0,0,1.0,1.0,1.0,0.0,0.0,0.0,2,0,0
3739,29,12,17,0,12,6,11,8,7,0,0,0,0,0,0,0,0,0,0,0,0,0,0,1.0,1.0,1.0,0.0,0.0,0.0,2,0,0
3740,28,12,16,0,12,6,10,7,6,0,0,0,0,0,0,0,4,0,0,0,0,0,0,1.0,1.0,0.875,0.0,0.0,0.0,2,0,1
3741,28,12,16,0,12,6,10,7,7,0,0,0,0,0,0,0,6,1,0,0,0,0,0,1.0,1.0,1.0,0.0,0.0,0.16666666666666666,2,0,0
3742,26,12,14,0,12,5,9,6,6,0,0,0,0,0,2,0,0,0,0,0,0,1,2,1.0,1.0,0.8571428571428572,0.0,0.0,0.0,2,0,2
3743,24,10,14,0,12,4,8,6,6,0,0,0,0,2,0,0,0,0,0,0,0,0,2,1.0,0.6666666666666667,1.0,0.0,0.0,0.0,2,0,2
3744,24,10,14,0,12,4,8,6,6,0,0,0,0,0,0,0,0,0,0,0,0,0,0,1.0,1.0,1.0,0.0,0.0,0.0,2,0,0
3745,33,15,18,10,11,3,9,6,3,0,3,0,0,0,1,0,0,0,0,3,1,0,1,0.9166666666666666,1.0,1.0,0.4166666666666667,0.4166666666666667,0.0,2,10,1
3746,33,15,18,10,10,4,9,6,3,0,3,0,0,0,0,0,0,0,0,0,0,0,0,1.0,1.0,1.0,0.0,0.0,0.0,2,0,0
3747,37,17,20,14,10,4,9,6,2,0,4,0,0,0,0,0,0,0,0,1,0,0,0,1.0,1.0,1.0,0.12121212121212122,0.12121212121212122,0.0,2,4,0
3748,36,17,19,14,10,4,8,5,1,0,4,0,0,0,1,0,0,0,0,0,0,0,1,1.0,1.0,0.8333333333333334,0.0,0.0,0.0,2,0,1
3749,36,17,19,14,10,4,8,5,1,0,4,0,0,0,0,0,0,0,0,0,0,0,0,1.0,1.0,1.0,0.0,0.0,0.0,2,0,0
3750,36,17,19,14,10,4,8,5,1,0,4,0,0,0,0,0,0,0,0,0,0,0,0,1.0,1.0,1.0,0.0,0.0,0.0,2,0,0
3751,36,17,19,14,10,4,8,5,1,0,4,0,0,0,0,0,0,0,0,0,0,1,0,1.0,1.0,1.0,0.0,0.0,0.0,2,0,0
3752,36,17,19,14,10,4,8,5,1,0,4,0,0,0,0,0,0,0,0,0,0,0,0,1.0,1.0,1.0,0.0,0.0,0.0,2,0,0
3753,36,17,19,14,10,4,8,5,1,0,4,0,0,0,0,0,0,0,0,0,0,0,0,1.0,1.0,1.0,0.0,0.0,0.0,2,0,0
3754,36,17,19,14,10,4,8,5,1,0,4,0,0,0,0,0,0,0,0,0,0,0,0,1.0,1.0,1.0,0.0,0.0,0.0,2,0,0
3755,36,17,19,14,9,5,8,5,1,0,4,0,0,0,0,0,0,0,0,0,0,0,0,1.0,1.0,1.0,0.0,0.0,0.0,2,0,0
3756,36,17,19,14,9,5,8,5,1,0,4,0,0,0,0,0,0,0,0,0,0,0,0,1.0,1.0,1.0,0.0,0.0,0.0,2,0,0
3757,36,17,19,14,9,5,8,5,1,0,4,0,0,0,0,0,0,0,0,0,0,0,0,1.0,1.0,1.0,0.0,0.0,0.0,2,0,0
3758,36,17,19,14,9,5,8,5,1,0,4,0,0,0,0,0,0,0,0,0,0,0,0,1.0,1.0,1.0,0.0,0.0,0.0,2,0,0
3759,35,16,19,14,9,4,8,5,1,0,4,0,0,0,0,0,0,0,0,0,0,0,0,1.0,1.0,1.0,0.0,0.0,0.0,2,0,1
3760,35,16,19,14,9,4,8,5,1,0,4,0,0,0,0,0,0,0,0,0,0,0,0,1.0,1.0,1.0,0.0,0.0,0.0,2,0,0
3761,35,16,19,14,9,4,8,5,1,0,4,0,0,0,0,0,0,0,0,0,0,0,0,1.0,1.0,1.0,0.0,0.0,0.0,2,0,0
3762,39,17,22,18,9,4,8,5,0,0,5,0,0,0,0,0,0,0,0,1,0,0,0,1.0,1.0,1.0,0.11428571428571428,0.11428571428571428,0.0,2,4,0
3763,39,17,22,18,9,4,8,5,0,0,5,0,0,0,0,0,0,0,0,0,0,0,0,1.0,1.0,1.0,0.0,0.0,0.0,2,0,0
3764,39,17,22,18,9,4,8,5,0,0,5,0,0,0,0,0,0,0,0,0,0,0,0,1.0,1.0,1.0,0.0,0.0,0.0,2,0,0
3765,39,17,22,18,9,4,8,5,0,0,5,0,0,0,0,0,0,0,0,0,0,0,0,1.0,1.0,1.0,0.0,0.0,0.0,2,0,0
3766,39,17,22,18,9,4,8,5,0,0,5,0,0,0,0,0,0,0,0,0,0,0,0,1.0,1.0,1.0,0.0,0.0,0.0,2,0,0
3767,39,17,22,18,9,4,8,5,0,0,5,0,0,0,0,0,0,0,0,0,0,0,0,1.0,1.0,1.0,0.0,0.0,0.0,2,0,0
3768,39,17,22,18,9,4,8,5,0,0,5,0,0,0,0,0,0,0,0,0,0,0,0,1.0,1.0,1.0,0.0,0.0,0.0,2,0,0
3769,39,17,22,18,9,4,8,5,0,0,5,0,0,0,0,0,0,0,0,0,0,0,0,1.0,1.0,1.0,0.0,0.0,0.0,2,0,0
3770,38,17,21,17,9,4,8,5,0,0,5,0,0,0,0,0,0,0,0,0,1,0,1,0.962962962962963,1.0,1.0,0.0,0.0,0.0,2,0,1
3771,38,17,21,17,9,4,8,5,0,0,5,0,0,0,0,0,0,0,0,0,0,0,0,1.0,1.0,1.0,0.0,0.0,0.0,2,0,0
3772,38,17,21,17,9,4,8,5,0,0,5,0,0,0,0,0,0,0,0,0,0,0,0,1.0,1.0,1.0,0.0,0.0,0.0,2,0,0
3773,38,17,21,17,9,4,8,5,0,0,5,0,0,0,0,0,0,0,0,0,0,0,0,1.0,1.0,1.0,0.0,0.0,0.0,2,0,0
3774,37,16,21,16,9,4,8,5,0,0,5,0,0,0,0,0,0,0,0,0,1,0,1,0.9615384615384616,1.0,1.0,0.0,0.0,0.0,2,0,1
3775,37,16,21,16,9,4,8,5,0,0,5,0,0,0,0,0,0,0,0,0,0,0,0,1.0,1.0,1.0,0.0,0.0,0.0,2,0,0
3776,37,16,21,16,9,4,8,5,0,0,5,0,0,0,0,0,0,0,0,0,0,0,0,1.0,1.0,1.0,0.0,0.0,0.0,2,0,0
3777,36,16,20,15,9,4,8,5,0,0,5,0,0,0,0,0,0,0,0,0,1,0,1,0.96,1.0,1.0,0.0,0.0,0.0,2,0,1
3778,36,16,20,15,9,4,8,5,0,0,5,0,0,0,0,0,0,0,0,0,0,1,0,1.0,1.0,1.0,0.0,0.0,0.0,2,0,0
3779,36,16,20,15,9,4,8,5,0,0,5,0,0,0,0,0,0,0,0,0,0,0,0,1.0,1.0,1.0,0.0,0.0,0.0,2,0,0
3780,36,16,20,15,9,4,8,5,0,0,5,0,0,0,0,0,0,0,0,0,0,0,0,1.0,1.0,1.0,0.0,0.0,0.0,2,0,0
3781,36,16,20,15,9,4,8,5,0,0,5,0,0,0,0,0,0,0,0,0,0,0,0,1.0,1.0,1.0,0.0,0.0,0.0,2,0,0
3782,36,16,20,15,8,5,8,5,0,0,5,0,0,0,0,0,0,0,0,0,0,2,0,1.0,1.0,1.0,0.0,0.0,0.0,2,0,0
3783,36,16,20,15,8,5,8,5,0,0,5,0,0,0,0,0,0,0,0,0,0,0,0,1.0,1.0,1.0,0.0,0.0,0.0,2,0,0
3784,36,16,20,15,8,5,8,5,0,0,5,0,0,0,0,0,0,0,0,0,0,0,0,1.0,1.0,1.0,0.0,0.0,0.0,2,0,0
3785,36,16,20,15,8,5,8,5,0,0,5,0,0,0,0,0,0,0,0,0,0,0,0,1.0,1.0,1.0,0.0,0.0,0.0,2,0,0
3786,36,16,20,15,6,7,8,5,0,0,5,0,0,0,0,0,0,0,0,0,0,2,0,1.0,1.0,1.0,0.0,0.0,0.0,2,0,0
3787,36,16,20,15,6,7,8,5,0,0,5,0,0,0,0,0,0,0,0,0,0,0,0,1.0,1.0,1.0,0.0,0.0,0.0,2,0,0
3788,36,16,20,6,15,7,8,5,0,0,5,0,0,0,0,0,0,0,0,0,0,0,0,1.0,1.0,1.0,0.0,0.0,0.0,2,0,0
3789,36,16,20,6,15,7,8,5,0,0,5,0,0,0,0,0,0,0,0,0,0,2,0,1.0,1.0,1.0,0.0,0.0,0.0,2,0,0
3790,36,16,20,2,17,9,8,5,0,0,2,0,0,0,0,0,0,0,0,0,0,0,0,1.0,1.0,1.0,0.0,0.0,0.0,2,0,0
3791,36,16,20,2,17,9,8,5,2,1,2,0,0,0,0,0,8,2,1,0,0,0,0,1.0,1.0,1.0,0.0,0.0,0.25,2,0,0
3792,36,16,20,2,17,9,8,5,2,1,1,0,0,0,0,0,0,0,0,0,0,0,0,1.0,1.0,1.0,0.0,0.0,0.0,2,0,0
3793,36,16,20,2,15,11,8,5,3,1,1,0,0,0,0,0,4,1,0,0,0,0,0,1.0,1.0,1.0,0.0,0.0,0.25,2,0,0
3794,36,16,20,2,15,11,8,5,3,1,1,0,0,0,0,0,0,0,0,0,0,0,0,1.0,1.0,1.0,0.0,0.0,0.0,2,0,0
3795,36,16,20,2,15,11,8,5,3,1,1,0,0,0,0,0,0,0,0,0,0,0,0,1.0,1.0,1.0,0.0,0.0,0.0,2,0,0
3796,36,16,20,2,15,10,9,6,3,1,1,0,0,0,0,0,0,0,0,0,0,0,0,1.0,1.0,1.0,0.0,0.0,0.0,2,0,0
3797,36,16,20,2,15,10,9,6,3,1,1,0,0,0,0,0,4,0,0,0,0,0,0,1.0,1.0,1.0,0.0,0.0,0.0,2,0,0
3798,36,16,20,2,15,10,9,6,4,1,1,0,0,0,0,0,3,1,0,0,0,0,0,1.0,1.0,1.0,0.0,0.0,0.3333333333333333,2,0,0
3799,36,16,20,2,15,10,9,6,4,1,1,0,0,0,0,0,0,0,0,0,0,0,0,1.0,1.0,1.0,0.0,0.0,0.0,2,0,0
3800,36,16,20,2,15,10,9,6,4,1,1,0,0,0,0,0,0,0,0,0,0,0,0,1.0,1.0,1.0,0.0,0.0,0.0,2,0,0
3801,36,16,20,2,15,10,9,6,4,1,1,0,0,0,0,0,0,0,0,0,0,0,0,1.0,1.0,1.0,0.0,0.0,0.0,2,0,0
3802,35,15,20,2,15,9,9,6,4,1,1,0,0,0,0,0,0,0,0,0,0,2,0,1.0,1.0,1.0,0.0,0.0,0.0,2,0,1
3803,35,15,20,2,15,9,9,6,4,1,1,0,0,0,0,0,0,0,0,0,0,0,0,1.0,1.0,1.0,0.0,0.0,0.0,2,0,0
3804,35,15,20,2,15,9,9,6,4,1,1,0,0,0,0,0,0,0,0,0,0,0,0,1.0,1.0,1.0,0.0,0.0,0.0,2,0,0
3805,35,15,20,0,17,9,9,6,4,1,1,0,0,0,0,0,0,0,0,0,0,0,0,1.0,1.0,1.0,0.0,0.0,0.0,2,0,0
3806,35,15,20,0,15,11,9,6,4,1,1,0,0,0,0,0,0,0,0,0,0,0,0,1.0,1.0,1.0,0.0,0.0,0.0,2,0,0
3807,35,15,20,0,15,11,9,6,4,1,0,0,0,0,0,0,0,0,0,0,0,0,0,1.0,1.0,1.0,0.0,0.0,0.0,2,0,0
3808,35,15,20,0,15,11,9,6,5,1,0,0,0,0,0,0,4,1,0,0,0,0,0,1.0,1.0,1.0,0.0,0.0,0.25,2,0,0
3809,35,15,20,0,15,11,9,6,5,1,0,0,0,0,0,0,0,0,0,0,0,0,0,1.0,1.0,1.0,0.0,0.0,0.0,2,0,0
3810,35,15,20,0,15,11,9,6,5,1,0,0,0,0,0,0,0,0,0,0,0,0,0,1.0,1.0,1.0,0.0,0.0,0.0,2,0,0
3811,35,15,20,0,15,11,9,6,5,1,0,0,0,0,0,0,0,0,0,0,0,0,0,1.0,1.0,1.0,0.0,0.0,0.0,2,0,0
3812,35,15,20,0,15,11,9,6,5,1,0,0,0,0,0,0,0,0,0,0,0,0,0,1.0,1.0,1.0,0.0,0.0,0.0,2,0,0
3813,35,15,20,0,15,11,9,6,5,1,0,0,0,0,0,0,0,0,0,0,0,0,0,1.0,1.0,1.0,0.0,0.0,0.0,2,0,0
3814,34,14,20,0,15,11,8,6,5,1,0,0,0,0,0,0,0,0,0,0,0,0,0,1.0,0.6666666666666667,1.0,0.0,0.0,0.0,2,0,1
3815,34,14,20,0,15,11,8,6,5,1,0,0,0,0,0,0,0,0,0,0,0,0,0,1.0,1.0,1.0,0.0,0.0,0.0,2,0,0
3816,34,14,20,0,15,11,8,6,5,1,0,0,0,0,0,0,0,0,0,0,0,0,0,1.0,1.0,1.0,0.0,0.0,0.0,2,0,0
3817,34,14,20,0,15,11,8,6,5,1,0,0,0,0,0,0,0,0,0,0,0,0,0,1.0,1.0,1.0,0.0,0.0,0.0,2,0,0
3818,34,14,20,0,15,11,8,6,5,1,0,0,0,0,0,0,0,0,0,0,0,0,0,1.0,1.0,1.0,0.0,0.0,0.0,2,0,0
3819,34,14,20,0,15,11,8,6,5,1,0,0,0,0,0,0,0,0,0,0,0,0,0,1.0,1.0,1.0,0.0,0.0,0.0,2,0,0
3820,34,14,20,0,15,11,8,6,5,1,0,0,0,0,0,0,0,0,0,0,0,0,0,1.0,1.0,1.0,0.0,0.0,0.0,2,0,0
3821,34,14,20,0,15,11,8,6,5,1,0,0,0,0,0,0,0,0,0,0,0,0,0,1.0,1.0,1.0,0.0,0.0,0.0,2,0,0
3822,34,14,20,0,15,11,8,6,5,1,0,0,0,0,0,0,0,0,0,0,0,0,0,1.0,1.0,1.0,0.0,0.0,0.0,2,0,0
3823,34,14,20,0,15,11,8,6,5,1,0,0,0,0,0,0,0,0,0,0,0,0,0,1.0,1.0,1.0,0.0,0.0,0.0,2,0,0
3824,33,13,20,0,14,11,8,6,5,1,0,0,0,0,0,0,0,0,0,0,1,0,1,0.9333333333333333,1.0,1.0,0.0,0.0,0.0,2,0,1
3825,33,13,20,0,14,11,8,6,5,1,0,0,0,0,0,0,0,0,0,0,0,0,0,1.0,1.0,1.0,0.0,0.0,0.0,2,0,0
3826,33,13,20,0,14,11,8,6,5,1,0,0,0,0,0,0,0,0,0,0,0,0,0,1.0,1.0,1.0,0.0,0.0,0.0,2,0,0
3827,33,13,20,0,14,11,8,6,5,1,0,0,0,0,0,0,0,0,0,0,0,0,0,1.0,1.0,1.0,0.0,0.0,0.0,2,0,0
3828,33,13,20,0,14,11,8,6,5,1,0,0,0,0,0,0,0,0,0,0,0,0,0,1.0,1.0,1.0,0.0,0.0,0.0,2,0,0
3829,33,13,20,0,14,11,8,6,5,1,0,0,0,0,0,0,0,0,0,0,0,0,0,1.0,1.0,1.0,0.0,0.0,0.0,2,0,0
3830,33,13,20,0,14,11,8,6,5,1,0,0,0,0,0,0,0,0,0,0,0,0,0,1.0,1.0,1.0,0.0,0.0,0.0,2,0,0
3831,33,13,20,0,14,11,8,6,5,1,0,0,0,0,0,0,0,0,0,0,0,0,0,1.0,1.0,1.0,0.0,0.0,0.0,2,0,0
3832,33,13,20,0,14,11,8,6,5,1,0,0,0,0,0,0,0,0,0,0,0,0,0,1.0,1.0,1.0,0.0,0.0,0.0,2,0,0
3833,32,12,20,0,13,11,8,6,5,1,0,0,0,1,0,0,0,0,0,0,1,0,1,0.9285714285714286,1.0,1.0,0.0,0.0,0.0,2,0,1
3834,29,10,19,0,13,9,7,6,5,1,0,0,0,2,1,0,0,0,0,0,0,0,3,1.0,0.5,1.0,0.0,0.0,0.0,2,0,3
3835,27,9,18,0,11,9,7,6,5,1,0,0,0,1,1,0,0,0,0,0,2,0,2,0.8461538461538461,1.0,1.0,0.0,0.0,0.0,2,0,2
3836,26,9,17,0,11,9,6,5,4,0,0,0,0,0,1,0,0,0,0,0,0,0,1,1.0,1.0,0.8333333333333334,0.0,0.0,0.0,2,0,1
3837,24,8,16,0,11,7,6,5,5,0,0,0,0,1,1,0,2,1,0,0,0,0,2,1.0,1.0,1.0,0.0,0.0,0.5,2,0,2
3838,23,8,15,0,10,7,6,5,5,0,0,0,0,0,1,0,0,0,0,0,1,0,1,0.9090909090909091,1.0,1.0,0.0,0.0,0.0,2,0,1
3839,23,8,15,0,10,7,6,5,5,0,0,0,0,0,0,0,0,0,0,0,0,0,0,1.0,1.0,1.0,0.0,0.0,0.0,2,0,0
3840,23,8,15,0,10,7,6,5,5,0,0,0,0,0,0,0,0,0,0,0,0,0,0,1.0,1.0,1.0,0.0,0.0,0.0,2,0,0
3841,23,8,15,0,10,7,6,5,5,0,0,0,0,0,0,0,0,0,0,0,0,0,0,1.0,1.0,1.0,0.0,0.0,0.0,2,0,0
3842,23,8,15,0,10,7,6,5,5,0,0,0,0,0,0,0,0,0,0,0,0,0,0,1.0,1.0,1.0,0.0,0.0,0.0,2,0,0
3843,23,8,15,0,10,7,6,5,5,0,0,0,0,0,0,0,0,0,0,0,0,0,0,1.0,1.0,1.0,0.0,0.0,0.0,2,0,0
3844,23,8,15,0,10,7,6,5,5,0,0,0,0,0,0,0,0,0,0,0,0,0,0,1.0,1.0,1.0,0.0,0.0,0.0,2,0,0
3845,23,8,15,0,10,7,6,5,5,0,0,0,0,0,0,0,0,0,0,0,0,0,0,1.0,1.0,1.0,0.0,0.0,0.0,2,0,0
3846,23,8,15,0,10,7,6,5,5,0,0,0,0,0,0,0,0,0,0,0,0,0,0,1.0,1.0,1.0,0.0,0.0,0.0,2,0,0
3847,23,8,15,0,10,7,6,5,5,0,0,0,0,0,0,0,0,0,0,0,0,0,0,1.0,1.0,1.0,0.0,0.0,0.0,2,0,0
3848,23,8,15,0,10,7,6,5,5,0,0,0,0,0,0,0,0,0,0,0,0,0,0,1.0,1.0,1.0,0.0,0.0,0.0,2,0,0
3849,23,8,15,0,10,7,6,5,5,0,0,0,0,0,0,0,0,0,0,0,0,0,0,1.0,1.0,1.0,0.0,0.0,0.0,2,0,0
3850,23,8,15,0,10,7,6,5,5,0,0,0,0,0,0,0,0,0,0,0,0,0,0,1.0,1.0,1.0,0.0,0.0,0.0,2,0,0
3851,23,8,15,0,10,7,6,5,5,0,0,0,0,0,0,0,0,0,0,0,0,0,0,1.0,1.0,1.0,0.0,0.0,0.0,2,0,0
3852,23,8,15,0,10,7,6,5,5,0,0,0,0,0,0,0,0,0,0,0,0,0,0,1.0,1.0,1.0,0.0,0.0,0.0,2,0,0
3853,23,8,15,0,10,7,6,5,5,0,0,0,0,0,0,0,0,0,0,0,0,0,0,1.0,1.0,1.0,0.0,0.0,0.0,2,0,0
3854,23,8,15,0,10,7,6,5,5,0,0,0,0,0,0,0,0,0,0,0,0,0,0,1.0,1.0,1.0,0.0,0.0,0.0,2,0,0
3855,23,8,15,0,10,7,6,5,5,0,0,0,0,0,0,0,0,0,0,0,0,0,0,1.0,1.0,1.0,0.0,0.0,0.0,2,0,0
3856,26,9,17,3,10,7,6,5,4,0,1,0,0,0,0,0,0,0,0,1,0,0,0,1.0,1.0,1.0,0.13043478260869565,0.13043478260869565,0.0,2,3,0
3857,26,9,17,3,10,7,6,5,4,0,1,0,0,0,0,0,0,0,0,0,0,0,0,1.0,1.0,1.0,0.0,0.0,0.0,2,0,0
3858,30,10,20,7,10,7,6,5,3,0,2,0,0,0,0,0,0,0,0,1,0,0,0,1.0,1.0,1.0,0.15384615384615385,0.15384615384615385,0.0,2,4,0
3859,30,10,20,7,10,6,7,5,3,0,2,0,0,0,0,0,0,0,0,0,0,0,0,1.0,1.0,1.0,0.0,0.0,0.0,2,0,0
3860,30,10,20,7,10,6,7,5,3,0,2,0,0,0,0,0,0,0,0,0,0,0,0,1.0,1.0,1.0,0.0,0.0,0.0,2,0,0
3861,30,10,20,7,10,6,7,5,3,0,2,0,0,0,0,0,0,0,0,0,0,0,0,1.0,1.0,1.0,0.0,0.0,0.0,2,0,0
3862,30,10,20,7,10,6,7,5,3,0,2,0,0,0,0,0,0,0,0,0,0,0,0,1.0,1.0,1.0,0.0,0.0,0.0,2,0,0
3863,33,12,21,10,10,6,7,5,2,0,3,0,0,0,0,0,0,0,0,1,0,0,0,1.0,1.0,1.0,0.1,0.1,0.0,2,3,0
3864,33,12,21,10,10,5,8,6,2,0,3,0,0,0,0,0,2,0,0,0,0,0,0,1.0,1.0,1.0,0.0,0.0,0.0,2,0,0
3865,33,12,21,10,10,5,8,6,3,0,3,0,0,0,0,0,6,1,0,0,0,0,0,1.0,1.0,1.0,0.0,0.0,0.16666666666666666,2,0,0
3866,33,12,21,10,10,5,8,6,3,0,3,0,0,0,0,0,0,0,0,0,0,0,0,1.0,1.0,1.0,0.0,0.0,0.0,2,0,0
3867,33,12,21,10,10,5,8,6,3,0,3,0,0,0,0,0,0,0,0,0,0,0,0,1.0,1.0,1.0,0.0,0.0,0.0,2,0,0
3868,33,12,21,10,10,5,8,6,3,0,3,0,0,0,0,0,0,0,0,0,0,0,0,1.0,1.0,1.0,0.0,0.0,0.0,2,0,0
3869,33,12,21,10,10,5,8,6,3,0,3,0,0,0,0,0,0,0,0,0,0,0,0,1.0,1.0,1.0,0.0,0.0,0.0,2,0,0
3870,33,12,21,10,10,5,8,6,3,0,3,0,0,0,0,0,0,0,0,0,0,0,0,1.0,1.0,1.0,0.0,0.0,0.0,2,0,0
3871,33,12,21,10,10,5,8,6,3,0,3,0,0,0,0,0,0,0,0,0,0,0,0,1.0,1.0,1.0,0.0,0.0,0.0,2,0,0
3872,33,12,21,10,10,5,8,6,3,0,3,0,0,0,0,0,0,0,0,0,0,0,0,1.0,1.0,1.0,0.0,0.0,0.0,2,0,0
3873,37,13,24,14,10,5,8,6,2,0,4,0,0,0,0,0,0,0,0,1,0,0,0,1.0,1.0,1.0,0.12121212121212122,0.12121212121212122,0.0,2,4,0
3874,37,13,24,14,10,5,8,6,2,0,4,0,0,0,0,0,0,0,0,0,0,0,0,1.0,1.0,1.0,0.0,0.0,0.0,2,0,0
3875,37,13,24,14,10,5,8,6,2,0,4,0,0,0,0,0,0,0,0,0,0,0,0,1.0,1.0,1.0,0.0,0.0,0.0,2,0,0
3876,37,13,24,14,10,5,8,6,2,0,4,0,0,0,0,0,0,0,0,0,0,0,0,1.0,1.0,1.0,0.0,0.0,0.0,2,0,0
3877,37,13,24,14,10,5,8,6,2,0,4,0,0,0,0,0,0,0,0,0,0,0,0,1.0,1.0,1.0,0.0,0.0,0.0,2,0,0
3878,35,13,22,13,9,5,8,6,2,0,4,0,0,0,0,0,0,0,0,0,2,0,2,0.9166666666666666,1.0,1.0,0.0,0.0,0.0,2,0,2
3879,35,13,22,13,9,5,8,6,2,0,4,0,0,0,0,0,0,0,0,0,0,0,0,1.0,1.0,1.0,0.0,0.0,0.0,2,0,0
3880,35,13,22,13,9,5,8,6,2,0,4,0,0,0,0,0,0,0,0,0,0,0,0,1.0,1.0,1.0,0.0,0.0,0.0,2,0,0
3881,35,13,22,13,9,5,8,6,2,0,4,0,0,0,0,0,0,0,0,0,0,0,0,1.0,1.0,1.0,0.0,0.0,0.0,2,0,0
3882,35,13,22,13,9,5,8,6,2,0,4,0,0,0,0,0,0,0,0,0,0,0,0,1.0,1.0,1.0,0.0,0.0,0.0,2,0,0
3883,34,12,22,13,8,5,8,6,2,0,4,0,0,0,0,0,0,0,0,0,1,0,1,0.9545454545454546,1.0,1.0,0.0,0.0,0.0,2,0,1
3884,34,12,22,13,8,5,8,6,2,0,4,0,0,0,0,0,0,0,0,0,0,0,0,1.0,1.0,1.0,0.0,0.0,0.0,2,0,0
3885,34,12,22,13,8,5,8,6,2,0,4,0,0,0,0,0,0,0,0,0,0,0,0,1.0,1.0,1.0,0.0,0.0,0.0,2,0,0
3886,34,12,22,13,8,5,8,6,2,0,4,0,0,0,0,0,0,0,0,0,0,0,0,1.0,1.0,1.0,0.0,0.0,0.0,2,0,0
3887,34,12,22,13,8,5,8,6,2,0,4,0,0,0,0,0,0,0,0,0,0,0,0,1.0,1.0,1.0,0.0,0.0,0.0,2,0,0
3888,34,12,22,13,8,5,8,6,2,0,4,0,0,0,0,0,0,0,0,0,0,0,0,1.0,1.0,1.0,0.0,0.0,0.0,2,0,0
3889,34,12,22,13,8,5,8,6,2,0,4,0,0,0,0,0,0,0,0,0,0,0,0,1.0,1.0,1.0,0.0,0.0,0.0,2,0,0
3890,34,12,22,13,8,5,8,6,2,0,4,0,0,0,0,0,0,0,0,0,0,0,0,1.0,1.0,1.0,0.0,0.0,0.0,2,0,0
3891,34,12,22,13,8,5,8,6,2,0,4,0,0,0,0,0,0,0,0,0,0,0,0,1.0,1.0,1.0,0.0,0.0,0.0,2,0,0
3892,34,12,22,13,8,5,8,6,2,0,4,0,0,0,0,0,0,0,0,0,0,0,0,1.0,1.0,1.0,0.0,0.0,0.0,2,0,0
3893,34,12,22,13,8,5,8,6,2,0,4,0,0,0,0,0,0,0,0,0,0,0,0,1.0,1.0,1.0,0.0,0.0,0.0,2,0,0
3894,34,12,22,13,8,5,8,6,2,0,4,0,0,0,0,0,0,0,0,0,0,0,0,1.0,1.0,1.0,0.0,0.0,0.0,2,0,0
3895,34,12,22,13,8,5,8,6,2,0,4,0,0,0,0,0,0,0,0,0,0,0,0,1.0,1.0,1.0,0.0,0.0,0.0,2,0,0
3896,34,12,22,13,8,5,8,6,2,0,4,0,0,0,0,0,0,0,0,0,0,0,0,1.0,1.0,1.0,0.0,0.0,0.0,2,0,0
3897,34,12,22,13,8,5,8,6,2,0,4,0,0,0,0,0,0,0,0,0,0,0,0,1.0,1.0,1.0,0.0,0.0,0.0,2,0,0
3898,34,12,22,13,8,5,8,6,2,0,4,0,0,0,0,0,0,0,0,0,0,0,0,1.0,1.0,1.0,0.0,0.0,0.0,2,0,0
3899,34,12,22,10,11,5,8,6,2,0,4,0,0,0,0,0,0,0,0,0,0,0,0,1.0,1.0,1.0,0.0,0.0,0.0,2,0,0
3900,34,12,22,10,11,5,8,6,2,0,4,0,0,0,0,0,0,0,0,0,0,0,0,1.0,1.0,1.0,0.0,0.0,0.0,2,0,0
3901,34,12,22,6,15,5,8,6,2,0,3,0,0,0,0,0,0,0,0,0,0,0,0,1.0,1.0,1.0,0.0,0.0,0.0,2,0,0
3902,37,13,24,9,15,5,8,6,2,0,4,0,0,0,0,0,5,1,0,1,0,0,0,1.0,1.0,1.0,0.08823529411764706,0.08823529411764706,0.2,2,3,0
3903,37,13,24,9,15,5,8,6,2,0,3,0,0,0,0,0,0,0,0,0,0,0,0,1.0,1.0,1.0,0.0,0.0,0.0,2,0,0
3904,37,13,24,9,15,5,8,6,3,0,3,0,0,0,0,0,7,1,0,0,0,0,0,1.0,1.0,1.0,0.0,0.0,0.14285714285714285,2,0,0
3905,36,13,23,8,15,5,8,6,3,0,3,0,0,0,0,0,0,0,0,0,1,0,1,0.9583333333333334,1.0,1.0,0.0,0.0,0.0,2,0,1
3906,36,13,23,6,17,5,8,6,3,0,3,0,0,0,0,0,0,0,0,0,0,0,0,1.0,1.0,1.0,0.0,0.0,0.0,2,0,0
3907,36,13,23,6,17,5,8,6,3,0,3,0,0,0,0,0,0,0,0,0,0,0,0,1.0,1.0,1.0,0.0,0.0,0.0,2,0,0
3908,36,13,23,6,17,5,8,6,3,0,2,0,0,0,0,0,0,0,0,0,0,0,0,1.0,1.0,1.0,0.0,0.0,0.0,2,0,0
3909,36,13,23,6,17,5,8,6,4,0,2,0,0,0,0,0,2,1,0,0,0,0,0,1.0,1.0,1.0,0.0,0.0,0.5,2,0,0
3910,36,13,23,6,17,4,9,7,4,0,2,0,0,0,0,0,0,0,0,0,0,0,0,1.0,1.0,1.0,0.0,0.0,0.0,2,0,0
3911,35,12,23,6,16,4,9,7,4,0,2,0,0,0,0,0,0,0,0,0,1,0,1,0.9565217391304348,1.0,1.0,0.0,0.0,0.0,2,0,1
3912,35,12,23,6,16,4,9,7,4,0,2,0,0,0,0,0,0,0,0,0,0,0,0,1.0,1.0,1.0,0.0,0.0,0.0,2,0,0
3913,35,12,23,6,16,4,9,7,4,0,2,0,0,0,0,0,0,0,0,0,0,0,0,1.0,1.0,1.0,0.0,0.0,0.0,2,0,0
3914,35,12,23,6,16,4,9,7,5,0,2,0,0,0,0,0,3,1,0,0,0,0,0,1.0,1.0,1.0,0.0,0.0,0.3333333333333333,2,0,0
3915,35,12,23,6,16,4,9,7,5,0,2,0,0,0,0,0,0,0,0,0,0,0,0,1.0,1.0,1.0,0.0,0.0,0.0,2,0,0
3916,35,12,23,3,19,4,9,7,5,0,2,0,0,0,0,0,0,0,0,0,0,0,0,1.0,1.0,1.0,0.0,0.0,0.0,2,0,0
3917,35,12,23,3,19,3,10,7,5,0,2,0,0,0,0,0,0,0,0,0,0,0,0,1.0,1.0,1.0,0.0,0.0,0.0,2,0,0
3918,35,12,23,3,19,3,10,7,5,0,1,0,0,0,0,0,0,0,0,0,0,0,0,1.0,1.0,1.0,0.0,0.0,0.0,2,0,0
3919,35,12,23,3,19,3,10,7,6,0,1,0,0,0,0,0,7,1,0,0,0,0,0,1.0,1.0,1.0,0.0,0.0,0.14285714285714285,2,0,0
3920,35,12,23,3,19,3,10,7,6,0,1,0,0,0,0,0,0,0,0,0,0,0,0,1.0,1.0,1.0,0.0,0.0,0.0,2,0,0
3921,35,12,23,3,19,2,11,7,6,0,1,0,0,0,0,0,0,0,0,0,0,0,0,1.0,1.0,1.0,0.0,0.0,0.0,2,0,0
3922,35,12,23,3,19,2,11,7,6,0,1,0,0,0,0,0,0,0,0,0,0,0,0,1.0,1.0,1.0,0.0,0.0,0.0,2,0,0
3923,35,12,23,3,19,2,11,7,6,0,1,0,0,0,0,0,0,0,0,0,0,0,0,1.0,1.0,1.0,0.0,0.0,0.0,2,0,0
3924,33,12,21,3,17,2,11,7,6,0,1,0,0,0,2,0,0,0,0,0,2,0,2,0.9090909090909091,1.0,1.0,0.0,0.0,0.0,2,0,2
3925,32,12,20,3,17,1,11,7,6,0,1,0,0,0,1,0,0,0,0,0,0,4,1,1.0,1.0,1.0,0.0,0.0,0.0,2,0,1
3926,29,12,17,3,17,1,8,4,3,0,1,0,0,0,3,0,0,0,0,0,0,0,3,1.0,1.0,0.5714285714285714,0.0,0.0,0.0,2,0,3
3927,28,11,17,3,16,1,8,4,3,0,1,0,0,1,0,0,0,0,0,0,1,2,1,0.95,1.0,1.0,0.0,0.0,0.0,2,0,1
3928,28,11,17,3,16,1,8,4,3,0,1,0,0,0,0,0,0,0,0,0,0,0,0,1.0,1.0,1.0,0.0,0.0,0.0,2,0,0
3929,27,11,16,3,11,5,8,4,3,0,1,0,0,0,1,0,0,0,0,0,1,0,1,0.9333333333333333,1.0,1.0,0.0,0.0,0.0,2,0,1
3930,26,10,16,3,11,4,8,4,3,0,1,0,0,1,0,0,0,0,0,0,0,0,1,1.0,1.0,1.0,0.0,0.0,0.0,2,0,1
3931,26,10,16,3,9,6,8,4,3,0,1,0,0,0,0,0,0,0,0,0,0,0,0,1.0,1.0,1.0,0.0,0.0,0.0,2,0,0
3932,26,10,16,3,9,6,8,4,3,0,1,0,0,0,0,0,0,0,0,0,0,0,0,1.0,1.0,1.0,0.0,0.0,0.0,2,0,0
3933,26,10,16,3,9,6,8,4,3,0,1,0,0,0,0,0,0,0,0,0,0,0,0,1.0,1.0,1.0,0.0,0.0,0.0,2,0,0
3934,26,10,16,3,9,6,8,4,3,0,1,0,0,0,0,0,0,0,0,0,0,0,0,1.0,1.0,1.0,0.0,0.0,0.0,2,0,0
3935,26,10,16,3,9,6,8,4,3,0,1,0,0,0,0,0,0,0,0,0,0,0,0,1.0,1.0,1.0,0.0,0.0,0.0,2,0,0
3936,26,10,16,3,9,6,8,4,3,0,1,0,0,0,0,0,0,0,0,0,0,0,0,1.0,1.0,1.0,0.0,0.0,0.0,2,0,0
3937,26,10,16,3,9,6,8,4,3,0,1,0,0,0,0,0,0,0,0,0,0,0,0,1.0,1.0,1.0,0.0,0.0,0.0,2,0,0
3938,26,10,16,3,9,6,8,4,3,0,1,0,0,0,0,0,0,0,0,0,0,0,0,1.0,1.0,1.0,0.0,0.0,0.0,2,0,0
3939,26,10,16,3,9,6,8,4,3,0,1,0,0,0,0,0,0,0,0,0,0,0,0,1.0,1.0,1.0,0.0,0.0,0.0,2,0,0
3940,26,10,16,3,9,6,8,4,3,0,1,0,0,0,0,0,0,0,0,0,0,0,0,1.0,1.0,1.0,0.0,0.0,0.0,2,0,0
3941,26,10,16,3,9,6,8,4,3,0,1,0,0,0,0,0,0,0,0,0,0,0,0,1.0,1.0,1.0,0.0,0.0,0.0,2,0,0
3942,26,10,16,3,9,6,8,4,3,0,1,0,0,0,0,0,0,0,0,0,0,0,0,1.0,1.0,1.0,0.0,0.0,0.0,2,0,0
3943,26,10,16,3,9,6,8,4,3,0,1,0,0,0,0,0,0,0,0,0,0,0,0,1.0,1.0,1.0,0.0,0.0,0.0,2,0,0
3944,26,10,16,3,9,6,8,4,3,0,1,0,0,0,0,0,0,0,0,0,0,0,0,1.0,1.0,1.0,0.0,0.0,0.0,2,0,0
3945,26,10,16,0,12,6,8,4,3,0,1,0,0,0,0,0,0,0,0,0,0,0,0,1.0,1.0,1.0,0.0,0.0,0.0,2,0,0
3946,26,10,16,0,12,6,8,4,3,0,1,0,0,0,0,0,0,0,0,0,0,0,0,1.0,1.0,1.0,0.0,0.0,0.0,2,0,0
3947,26,10,16,0,12,6,8,4,3,0,0,0,0,0,0,0,0,0,0,0,0,0,0,1.0,1.0,1.0,0.0,0.0,0.0,2,0,0
3948,26,10,16,0,12,6,8,4,4,0,0,0,0,0,0,0,8,1,0,0,0,0,0,1.0,1.0,1.0,0.0,0.0,0.125,2,0,0
3949,26,10,16,0,12,6,8,4,4,0,0,0,0,0,0,0,0,0,0,0,0,0,0,1.0,1.0,1.0,0.0,0.0,0.0,2,0,0
3950,26,10,16,0,12,6,8,4,4,0,0,0,0,0,0,0,0,0,0,0,0,0,0,1.0,1.0,1.0,0.0,0.0,0.0,2,0,0
3951,26,10,16,0,12,6,8,4,4,0,0,0,0,0,0,0,0,0,0,0,0,0,0,1.0,1.0,1.0,0.0,0.0,0.0,2,0,0
3952,26,10,16,0,12,6,8,4,4,0,0,0,0,0,0,0,0,0,0,0,0,0,0,1.0,1.0,1.0,0.0,0.0,0.0,2,0,0
3953,26,10,16,0,12,6,8,4,4,0,0,0,0,0,0,0,0,0,0,0,0,0,0,1.0,1.0,1.0,0.0,0.0,0.0,2,0,0
3954,26,10,16,0,12,6,8,4,4,0,0,0,0,0,0,0,0,0,0,0,0,0,0,1.0,1.0,1.0,0.0,0.0,0.0,2,0,0
3955,26,10,16,0,12,6,8,4,4,0,0,0,0,0,0,0,0,0,0,0,0,0,0,1.0,1.0,1.0,0.0,0.0,0.0,2,0,0
3956,26,10,16,0,12,6,8,4,4,0,0,0,0,0,0,0,0,0,0,0,0,0,0,1.0,1.0,1.0,0.0,0.0,0.0,2,0,0
3957,26,10,16,0,12,6,8,4,4,0,0,0,0,0,0,0,0,0,0,0,0,0,0,1.0,1.0,1.0,0.0,0.0,0.0,2,0,0
3958,26,10,16,0,12,6,8,4,4,0,0,0,0,0,0,0,0,0,0,0,0,0,0,1.0,1.0,1.0,0.0,0.0,0.0,2,0,0
3959,26,10,16,0,12,6,8,4,4,0,0,0,0,0,0,0,0,0,0,0,0,0,0,1.0,1.0,1.0,0.0,0.0,0.0,2,0,0
3960,26,10,16,0,12,6,8,4,4,0,0,0,0,0,0,0,0,0,0,0,0,0,0,1.0,1.0,1.0,0.0,0.0,0.0,2,0,0
3961,26,10,16,0,12,6,8,4,4,0,0,0,0,0,0,0,0,0,0,0,0,0,0,1.0,1.0,1.0,0.0,0.0,0.0,2,0,0
3962,26,10,16,0,12,6,8,4,4,0,0,0,0,0,0,0,0,0,0,0,0,0,0,1.0,1.0,1.0,0.0,0.0,0.0,2,0,0
3963,26,10,16,0,12,6,8,4,4,0,0,0,0,0,0,0,0,0,0,0,0,0,0,1.0,1.0,1.0,0.0,0.0,0.0,2,0,0
3964,26,10,16,0,12,6,8,4,4,0,0,0,0,0,0,0,0,0,0,0,0,0,0,1.0,1.0,1.0,0.0,0.0,0.0,2,0,0
3965,26,10,16,0,12,6,8,4,4,0,0,0,0,0,0,0,0,0,0,0,0,0,0,1.0,1.0,1.0,0.0,0.0,0.0,2,0,0
3966,26,10,16,0,12,6,8,4,4,0,0,0,0,0,0,0,0,0,0,0,0,0,0,1.0,1.0,1.0,0.0,0.0,0.0,2,0,0
3967,30,14,16,4,12,6,8,4,3,0,1,0,0,0,0,0,0,0,0,1,0,0,0,1.0,1.0,1.0,0.15384615384615385,0.15384615384615385,0.0,2,4,0
3968,30,14,16,4,12,6,8,4,3,0,1,0,0,0,0,0,0,0,0,0,0,0,0,1.0,1.0,1.0,0.0,0.0,0.0,2,0,0
3969,33,15,18,7,12,6,8,4,2,0,2,0,0,0,0,0,0,0,0,1,0,0,0,1.0,1.0,1.0,0.1,0.1,0.0,2,3,0
3970,33,15,18,7,12,5,9,5,2,0,2,0,0,0,0,0,0,0,0,0,0,0,0,1.0,1.0,1.0,0.0,0.0,0.0,2,0,0
3971,33,15,18,7,12,5,9,5,2,0,2,0,0,0,0,0,0,0,0,0,0,0,0,1.0,1.0,1.0,0.0,0.0,0.0,2,0,0
3972,33,15,18,7,12,5,9,5,2,0,2,0,0,0,0,0,0,0,0,0,0,0,0,1.0,1.0,1.0,0.0,0.0,0.0,2,0,0
3973,33,15,18,7,12,5,9,5,2,0,2,0,0,0,0,0,0,0,0,0,0,0,0,1.0,1.0,1.0,0.0,0.0,0.0,2,0,0
3974,33,15,18,7,12,5,9,5,2,0,2,0,0,0,0,0,0,0,0,0,0,0,0,1.0,1.0,1.0,0.0,0.0,0.0,2,0,0
3975,33,15,18,7,12,5,9,5,2,0,2,0,0,0,0,0,0,0,0,0,0,0,0,1.0,1.0,1.0,0.0,0.0,0.0,2,0,0
3976,33,15,18,7,12,5,9,5,2,0,2,0,0,0,0,0,0,0,0,0,0,0,0,1.0,1.0,1.0,0.0,0.0,0.0,2,0,0
3977,33,15,18,7,12,5,9,5,2,0,2,0,0,0,0,0,0,0,0,0,0,0,0,1.0,1.0,1.0,0.0,0.0,0.0,2,0,0
3978,33,15,18,7,12,5,9,5,2,0,2,0,0,0,0,0,0,0,0,0,0,0,0,1.0,1.0,1.0,0.0,0.0,0.0,2,0,0
3979,33,15,18,7,12,5,9,5,2,0,2,0,0,0,0,0,0,0,0,0,0,0,0,1.0,1.0,1.0,0.0,0.0,0.0,2,0,0
3980,33,15,18,7,12,5,9,5,2,0,2,0,0,0,0,0,0,0,0,0,0,0,0,1.0,1.0,1.0,0.0,0.0,0.0,2,0,0
3981,33,15,18,7,12,5,9,5,2,0,2,0,0,0,0,0,0,0,0,0,0,0,0,1.0,1.0,1.0,0.0,0.0,0.0,2,0,0
3982,33,15,18,7,12,5,9,5,2,0,2,0,0,0,0,0,0,0,0,0,0,0,0,1.0,1.0,1.0,0.0,0.0,0.0,2,0,0
3983,33,15,18,7,12,5,9,5,2,0,2,0,0,0,0,0,0,0,0,0,0,0,0,1.0,1.0,1.0,0.0,0.0,0.0,2,0,0
3984,36,16,20,10,12,5,9,5,1,0,3,0,0,0,0,0,0,0,0,1,0,0,0,1.0,1.0,1.0,0.09090909090909091,0.09090909090909091,0.0,2,3,0
3985,36,16,20,10,12,5,9,5,1,0,3,0,0,0,0,0,0,0,0,0,0,0,0,1.0,1.0,1.0,0.0,0.0,0.0,2,0,0
3986,36,16,20,10,12,5,9,5,1,0,3,0,0,0,0,0,0,0,0,0,0,0,0,1.0,1.0,1.0,0.0,0.0,0.0,2,0,0
3987,36,16,20,10,12,5,9,5,1,0,3,0,0,0,0,0,0,0,0,0,0,0,0,1.0,1.0,1.0,0.0,0.0,0.0,2,0,0
3988,36,16,20,10,12,4,10,6,1,0,3,0,0,0,0,0,0,0,0,0,0,0,0,1.0,1.0,1.0,0.0,0.0,0.0,2,0,0
3989,36,16,20,10,12,4,10,6,1,0,3,0,0,0,0,0,0,0,0,0,0,0,0,1.0,1.0,1.0,0.0,0.0,0.0,2,0,0
3990,36,16,20,10,12,4,10,6,1,0,3,0,0,0,0,0,0,0,0,0,0,0,0,1.0,1.0,1.0,0.0,0.0,0.0,2,0,0
3991,35,16,19,10,11,4,10,6,1,0,3,0,0,0,0,0,0,0,0,0,1,0,1,0.9545454545454546,1.0,1.0,0.0,0.0,0.0,2,0,1
3992,35,16,19,10,11,4,10,6,1,0,3,0,0,0,0,0,0,0,0,0,0,0,0,1.0,1.0,1.0,0.0,0.0,0.0,2,0,0
3993,35,16,19,10,11,4,10,6,1,0,3,0,0,0,0,0,0,0,0,0,0,0,0,1.0,1.0,1.0,0.0,0.0,0.0,2,0,0
3994,35,16,19,10,11,4,10,6,1,0,3,0,0,0,0,0,0,0,0,0,0,0,0,1.0,1.0,1.0,0.0,0.0,0.0,2,0,0
3995,34,16,18,10,11,3,10,6,1,0,3,0,0,0,0,0,0,0,0,0,0,0,0,1.0,1.0,1.0,0.0,0.0,0.0,2,0,1
3996,34,16,18,10,11,3,10,6,1,0,3,0,0,0,0,0,0,0,0,0,0,0,0,1.0,1.0,1.0,0.0,0.0,0.0,2,0,0
3997,34,16,18,10,11,3,10,6,1,0,3,0,0,0,0,0,0,0,0,0,0,0,0,1.0,1.0,1.0,0.0,0.0,0.0,2,0,0
3998,34,16,18,10,11,3,10,6,1,0,3,0,0,0,0,0,0,0,0,0,0,0,0,1.0,1.0,1.0,0.0,0.0,0.0,2,0,0
3999,34,16,18,10,11,3,10,6,1,0,3,0,0,0,0,0,0,0,0,0,0,0,0,1.0,1.0,1.0,0.0,0.0,0.0,2,0,0
4000,34,16,18,10,11,3,10,6,1,0,3,0,0,0,0,0,0,0,0,0,0,0,0,1.0,1.0,1.0,0.0,0.0,0.0,2,0,0
4001,34,16,18,10,11,3,10,6,1,0,3,0,0,0,0,0,0,0,0,0,0,0,0,1.0,1.0,1.0,0.0,0.0,0.0,2,0,0
4002,34,16,18,10,11,3,10,6,1,0,3,0,0,0,0,0,0,0,0,0,0,0,0,1.0,1.0,1.0,0.0,0.0,0.0,2,0,0
4003,34,16,18,10,11,3,10,6,1,0,3,0,0,0,0,0,0,0,0,0,0,0,0,1.0,1.0,1.0,0.0,0.0,0.0,2,0,0
4004,34,16,18,10,11,3,10,6,1,0,3,0,0,0,0,0,0,0,0,0,0,0,0,1.0,1.0,1.0,0.0,0.0,0.0,2,0,0
4005,34,16,18,10,11,3,10,6,1,0,3,0,0,0,0,0,0,0,0,0,0,0,0,1.0,1.0,1.0,0.0,0.0,0.0,2,0,0
4006,34,16,18,10,11,3,10,6,1,0,3,0,0,0,0,0,0,0,0,0,0,0,0,1.0,1.0,1.0,0.0,0.0,0.0,2,0,0
4007,34,16,18,10,11,3,10,6,1,0,3,0,0,0,0,0,0,0,0,0,0,0,0,1.0,1.0,1.0,0.0,0.0,0.0,2,0,0
4008,34,16,18,10,11,3,10,6,1,0,3,0,0,0,0,0,0,0,0,0,0,0,0,1.0,1.0,1.0,0.0,0.0,0.0,2,0,0
4009,34,16,18,10,11,3,10,6,1,0,3,0,0,0,0,0,0,0,0,0,0,0,0,1.0,1.0,1.0,0.0,0.0,0.0,2,0,0
4010,34,16,18,6,15,3,10,6,1,0,3,0,0,0,0,0,0,0,0,0,0,0,0,1.0,1.0,1.0,0.0,0.0,0.0,2,0,0
4011,34,16,18,6,15,3,10,6,1,0,3,0,0,0,0,0,0,0,0,0,0,0,0,1.0,1.0,1.0,0.0,0.0,0.0,2,0,0
4012,33,16,17,3,18,3,9,5,1,0,2,0,0,0,0,0,0,0,0,0,0,0,0,1.0,1.0,0.8333333333333334,0.0,0.0,0.0,2,0,1
4013,37,17,20,7,18,3,9,5,0,0,3,0,0,0,0,0,0,0,0,1,0,0,0,1.0,1.0,1.0,0.12121212121212122,0.12121212121212122,0.0,2,4,0
4014,36,17,19,7,17,3,9,5,0,0,2,0,0,0,0,0,0,0,0,0,1,0,1,0.96,1.0,1.0,0.0,0.0,0.0,2,0,1
4015,36,17,19,7,17,3,9,5,0,0,2,0,0,0,0,0,0,0,0,0,0,0,0,1.0,1.0,1.0,0.0,0.0,0.0,2,0,0
4016,35,17,18,7,16,3,9,5,0,0,2,0,0,0,1,0,0,0,0,0,1,0,1,0.9583333333333334,1.0,1.0,0.0,0.0,0.0,2,0,1
4017,33,17,16,7,14,3,9,5,0,0,2,0,0,0,2,0,0,0,0,0,2,0,2,0.9130434782608696,1.0,1.0,0.0,0.0,0.0,2,0,2
4018,32,16,16,7,13,3,9,5,0,0,2,0,0,1,0,0,0,0,0,0,1,0,1,0.9523809523809523,1.0,1.0,0.0,0.0,0.0,2,0,1
4019,30,16,14,6,12,3,9,5,0,0,2,0,0,0,2,0,0,0,0,0,2,0,2,0.9,1.0,1.0,0.0,0.0,0.0,2,0,2
4020,29,15,14,5,12,3,9,5,0,0,2,0,0,1,0,0,0,0,0,0,1,0,1,0.9444444444444444,1.0,1.0,0.0,0.0,0.0,2,0,1
4021,27,14,13,4,11,3,9,5,0,0,2,0,0,1,1,0,0,0,0,0,2,0,2,0.8823529411764706,1.0,1.0,0.0,0.0,0.0,2,0,2
4022,23,11,12,3,9,2,9,5,0,0,2,0,0,3,1,0,0,0,0,0,3,0,4,0.8,1.0,1.0,0.0,0.0,0.0,2,0,4
4023,23,11,12,3,9,2,9,5,0,0,2,0,0,0,0,0,0,0,0,0,0,0,0,1.0,1.0,1.0,0.0,0.0,0.0,2,0,0
4024,23,11,12,3,9,2,9,5,0,0,2,0,0,0,0,0,0,0,0,0,0,0,0,1.0,1.0,1.0,0.0,0.0,0.0,2,0,0
4025,23,11,12,3,9,2,9,5,0,0,2,0,0,0,0,0,0,0,0,0,0,0,0,1.0,1.0,1.0,0.0,0.0,0.0,2,0,0
4026,23,11,12,3,9,2,9,5,0,0,2,0,0,0,0,0,0,0,0,0,0,0,0,1.0,1.0,1.0,0.0,0.0,0.0,2,0,0
4027,23,11,12,1,11,2,9,5,0,0,2,0,0,0,0,0,0,0,0,0,0,0,0,1.0,1.0,1.0,0.0,0.0,0.0,2,0,0
4028,23,11,12,1,11,2,9,5,0,0,2,0,0,0,0,0,0,0,0,0,0,0,0,1.0,1.0,1.0,0.0,0.0,0.0,2,0,0
4029,23,11,12,1,11,2,9,5,0,0,1,0,0,0,0,0,0,0,0,0,0,0,0,1.0,1.0,1.0,0.0,0.0,0.0,2,0,0
4030,23,11,12,1,11,2,9,5,0,0,1,0,0,0,0,0,0,0,0,0,0,0,0,1.0,1.0,1.0,0.0,0.0,0.0,2,0,0
4031,23,11,12,1,11,2,9,5,0,0,1,0,0,0,0,0,0,0,0,0,0,0,0,1.0,1.0,1.0,0.0,0.0,0.0,2,0,0
4032,23,11,12,1,11,2,9,5,0,0,1,0,0,0,0,0,0,0,0,0,0,0,0,1.0,1.0,1.0,0.0,0.0,0.0,2,0,0
4033,23,11,12,1,11,2,9,5,0,0,1,0,0,0,0,0,0,0,0,0,0,0,0,1.0,1.0,1.0,0.0,0.0,0.0,2,0,0
4034,23,11,12,1,11,2,9,5,0,0,1,0,0,0,0,0,0,0,0,0,0,0,0,1.0,1.0,1.0,0.0,0.0,0.0,2,0,0
4035,23,11,12,1,11,2,9,5,0,0,1,0,0,0,0,0,0,0,0,0,0,0,0,1.0,1.0,1.0,0.0,0.0,0.0,2,0,0
4036,23,11,12,1,11,2,9,5,0,0,1,0,0,0,0,0,0,0,0,0,0,1,0,1.0,1.0,1.0,0.0,0.0,0.0,2,0,0
4037,23,11,12,1,11,2,9,5,0,0,1,0,0,0,0,0,0,0,0,0,0,0,0,1.0,1.0,1.0,0.0,0.0,0.0,2,0,0
4038,23,11,12,1,11,2,9,5,0,0,1,0,0,0,0,0,0,0,0,0,0,1,0,1.0,1.0,1.0,0.0,0.0,0.0,2,0,0
4039,23,11,12,1,11,2,9,5,0,0,1,0,0,0,0,0,0,0,0,0,0,0,0,1.0,1.0,1.0,0.0,0.0,0.0,2,0,0
4040,23,11,12,1,10,3,9,5,0,0,1,0,0,0,0,0,0,0,0,0,0,0,0,1.0,1.0,1.0,0.0,0.0,0.0,2,0,0
4041,23,11,12,1,10,3,9,5,0,0,1,0,0,0,0,0,0,0,0,0,0,0,0,1.0,1.0,1.0,0.0,0.0,0.0,2,0,0
4042,23,11,12,1,9,4,9,5,0,0,1,0,0,0,0,0,0,0,0,0,0,0,0,1.0,1.0,1.0,0.0,0.0,0.0,2,0,0
4043,23,11,12,1,9,4,9,5,0,0,1,0,0,0,0,0,0,0,0,0,0,0,0,1.0,1.0,1.0,0.0,0.0,0.0,2,0,0
4044,23,11,12,1,9,4,9,5,0,0,1,0,0,0,0,0,0,0,0,0,0,0,0,1.0,1.0,1.0,0.0,0.0,0.0,2,0,0
4045,23,11,12,1,9,4,9,5,1,1,1,0,0,0,0,0,7,1,1,0,0,0,0,1.0,1.0,1.0,0.0,0.0,0.14285714285714285,2,0,0
4046,23,11,12,1,9,4,9,5,3,1,1,0,0,0,0,0,15,2,0,0,0,0,0,1.0,1.0,1.0,0.0,0.0,0.13333333333333333,2,0,0
4047,23,11,12,1,9,4,9,5,3,1,1,0,0,0,0,0,0,0,0,0,0,0,0,1.0,1.0,1.0,0.0,0.0,0.0,2,0,0
4048,23,11,12,1,9,4,9,5,3,1,1,0,0,0,0,0,0,0,0,0,0,0,0,1.0,1.0,1.0,0.0,0.0,0.0,2,0,0
4049,23,11,12,1,9,4,9,5,3,1,1,0,0,0,0,0,0,0,0,0,0,0,0,1.0,1.0,1.0,0.0,0.0,0.0,2,0,0
4050,23,11,12,1,9,4,9,5,3,1,1,0,0,0,0,0,0,0,0,0,0,0,0,1.0,1.0,1.0,0.0,0.0,0.0,2,0,0
4051,23,11,12,1,9,4,9,5,3,1,1,0,0,0,0,0,0,0,0,0,0,0,0,1.0,1.0,1.0,0.0,0.0,0.0,2,0,0
4052,23,11,12,1,9,3,10,6,3,1,1,0,0,0,0,0,0,0,0,0,0,0,0,1.0,1.0,1.0,0.0,0.0,0.0,2,0,0
4053,23,11,12,1,9,3,10,6,3,1,1,0,0,0,0,0,0,0,0,0,0,1,0,1.0,1.0,1.0,0.0,0.0,0.0,2,0,0
4054,23,11,12,1,9,3,10,6,3,1,1,0,0,0,0,0,0,0,0,0,0,0,0,1.0,1.0,1.0,0.0,0.0,0.0,2,0,0
4055,23,11,12,1,9,3,10,6,3,1,1,0,0,0,0,0,0,0,0,0,0,0,0,1.0,1.0,1.0,0.0,0.0,0.0,2,0,0
4056,23,11,12,0,10,3,10,6,3,1,1,0,0,0,0,0,0,0,0,0,0,0,0,1.0,1.0,1.0,0.0,0.0,0.0,2,0,0
4057,23,11,12,0,9,4,10,6,3,1,1,0,0,0,0,0,0,0,0,0,0,0,0,1.0,1.0,1.0,0.0,0.0,0.0,2,0,0
4058,23,11,12,0,9,4,10,6,4,1,0,0,0,0,0,0,4,1,0,0,0,0,0,1.0,1.0,1.0,0.0,0.0,0.25,2,0,0
4059,23,11,12,0,9,4,10,6,4,1,0,0,0,0,0,0,7,0,0,0,0,0,0,1.0,1.0,1.0,0.0,0.0,0.0,2,0,0
4060,23,11,12,0,9,4,10,6,5,1,0,0,0,0,0,0,7,1,0,0,0,0,0,1.0,1.0,1.0,0.0,0.0,0.14285714285714285,2,0,0
4061,23,11,12,0,9,4,10,6,5,1,0,0,0,0,0,0,0,0,0,0,0,0,0,1.0,1.0,1.0,0.0,0.0,0.0,2,0,0
4062,23,11,12,0,9,4,10,6,5,1,0,0,0,0,0,0,0,0,0,0,0,0,0,1.0,1.0,1.0,0.0,0.0,0.0,2,0,0
4063,23,11,12,0,9,4,10,6,5,1,0,0,0,0,0,0,0,0,0,0,0,0,0,1.0,1.0,1.0,0.0,0.0,0.0,2,0,0
4064,23,11,12,0,9,3,11,6,5,1,0,0,0,0,0,0,0,0,0,0,0,0,0,1.0,1.0,1.0,0.0,0.0,0.0,2,0,0
4065,23,11,12,0,9,3,11,6,5,1,0,0,0,0,0,0,0,0,0,0,0,0,0,1.0,1.0,1.0,0.0,0.0,0.0,2,0,0
4066,23,11,12,0,9,3,11,6,5,1,0,0,0,0,0,0,0,0,0,0,0,0,0,1.0,1.0,1.0,0.0,0.0,0.0,2,0,0
4067,23,11,12,0,9,3,11,6,5,1,0,0,0,0,0,0,0,0,0,0,0,0,0,1.0,1.0,1.0,0.0,0.0,0.0,2,0,0
4068,23,11,12,0,9,3,11,6,5,1,0,0,0,0,0,0,0,0,0,0,0,0,0,1.0,1.0,1.0,0.0,0.0,0.0,2,0,0
4069,23,11,12,0,9,3,11,6,5,1,0,0,0,0,0,0,0,0,0,0,0,0,0,1.0,1.0,1.0,0.0,0.0,0.0,2,0,0
4070,23,11,12,0,9,3,11,6,5,1,0,0,0,0,0,0,0,0,0,0,0,0,0,1.0,1.0,1.0,0.0,0.0,0.0,2,0,0
4071,23,11,12,0,9,3,11,6,5,1,0,0,0,0,0,0,0,0,0,0,0,0,0,1.0,1.0,1.0,0.0,0.0,0.0,2,0,0
4072,23,11,12,0,9,3,11,6,5,1,0,0,0,0,0,0,0,0,0,0,0,0,0,1.0,1.0,1.0,0.0,0.0,0.0,2,0,0
4073,23,11,12,0,9,3,11,6,5,1,0,0,0,0,0,0,0,0,0,0,0,0,0,1.0,1.0,1.0,0.0,0.0,0.0,2,0,0
4074,22,11,11,0,9,3,10,5,4,1,0,0,0,0,0,0,0,0,0,0,0,0,0,1.0,1.0,0.8333333333333334,0.0,0.0,0.0,2,0,1
4075,22,11,11,0,9,3,10,5,4,1,0,0,0,0,0,0,0,0,0,0,0,0,0,1.0,1.0,1.0,0.0,0.0,0.0,2,0,0
4076,22,11,11,0,9,3,10,5,4,1,0,0,0,0,0,0,0,0,0,0,0,0,0,1.0,1.0,1.0,0.0,0.0,0.0,2,0,0
4077,22,11,11,0,9,3,10,5,4,1,0,0,0,0,0,0,0,0,0,0,0,0,0,1.0,1.0,1.0,0.0,0.0,0.0,2,0,0
4078,22,11,11,0,9,3,10,5,4,1,0,0,0,0,0,0,0,0,0,0,0,0,0,1.0,1.0,1.0,0.0,0.0,0.0,2,0,0
4079,22,11,11,0,9,3,10,5,4,1,0,0,0,0,0,0,0,0,0,0,0,0,0,1.0,1.0,1.0,0.0,0.0,0.0,2,0,0
4080,22,11,11,0,9,3,10,5,4,1,0,0,0,0,0,0,0,0,0,0,0,0,0,1.0,1.0,1.0,0.0,0.0,0.0,2,0,0
4081,22,11,11,0,9,3,10,5,4,1,0,0,0,0,0,0,0,0,0,0,0,0,0,1.0,1.0,1.0,0.0,0.0,0.0,2,0,0
4082,22,11,11,0,9,3,10,5,4,1,0,0,0,0,0,0,0,0,0,0,0,2,0,1.0,1.0,1.0,0.0,0.0,0.0,2,0,0
4083,22,11,11,0,9,3,10,5,4,1,0,0,0,0,0,0,0,0,0,0,0,0,0,1.0,1.0,1.0,0.0,0.0,0.0,2,0,0
4084,22,11,11,0,9,3,10,5,4,1,0,0,0,0,0,0,0,0,0,0,0,0,0,1.0,1.0,1.0,0.0,0.0,0.0,2,0,0
4085,22,11,11,0,9,3,10,5,4,1,0,0,0,0,0,0,0,0,0,0,0,0,0,1.0,1.0,1.0,0.0,0.0,0.0,2,0,0
4086,22,11,11,0,7,5,10,5,4,1,0,0,0,0,0,0,0,0,0,0,0,0,0,1.0,1.0,1.0,0.0,0.0,0.0,2,0,0
4087,22,11,11,0,7,5,10,5,4,1,0,0,0,0,0,0,0,0,0,0,0,0,0,1.0,1.0,1.0,0.0,0.0,0.0,2,0,0
4088,22,11,11,0,7,5,10,5,4,1,0,0,0,0,0,0,0,0,0,0,0,0,0,1.0,1.0,1.0,0.0,0.0,0.0,2,0,0
4089,22,11,11,0,7,5,10,5,4,1,0,0,0,0,0,0,0,0,0,0,0,0,0,1.0,1.0,1.0,0.0,0.0,0.0,2,0,0
4090,22,11,11,0,7,5,10,5,4,0,0,0,0,0,0,0,0,0,0,0,0,0,0,1.0,1.0,1.0,0.0,0.0,0.0,2,0,0
4091,22,11,11,0,7,5,10,5,5,0,0,0,0,0,0,0,2,1,0,0,0,0,0,1.0,1.0,1.0,0.0,0.0,0.5,2,0,0
4092,22,11,11,0,7,5,10,5,5,0,0,0,0,0,0,0,0,0,0,0,0,0,0,1.0,1.0,1.0,0.0,0.0,0.0,2,0,0
4093,22,11,11,0,7,5,10,5,5,0,0,0,0,0,0,0,0,0,0,0,0,0,0,1.0,1.0,1.0,0.0,0.0,0.0,2,0,0
4094,22,11,11,0,7,5,10,5,5,0,0,0,0,0,0,0,0,0,0,0,0,0,0,1.0,1.0,1.0,0.0,0.0,0.0,2,0,0
4095,22,11,11,0,7,5,10,5,5,0,0,0,0,0,0,0,0,0,0,0,0,0,0,1.0,1.0,1.0,0.0,0.0,0.0,2,0,0
4096,22,11,11,0,7,5,10,5,5,0,0,0,0,0,0,0,0,0,0,0,0,0,0,1.0,1.0,1.0,0.0,0.0,0.0,2,0,0
4097,22,11,11,0,7,5,10,5,5,0,0,0,0,0,0,0,0,0,0,0,0,0,0,1.0,1.0,1.0,0.0,0.0,0.0,2,0,0
4098,22,11,11,0,7,5,10,5,5,0,0,0,0,0,0,0,0,0,0,0,0,0,0,1.0,1.0,1.0,0.0,0.0,0.0,2,0,0
4099,22,11,11,0,7,5,10,5,5,0,0,0,0,0,0,0,0,0,0,0,0,0,0,1.0,1.0,1.0,0.0,0.0,0.0,2,0,0
4100,22,11,11,0,7,5,10,5,5,0,0,0,0,0,0,0,0,0,0,0,0,0,0,1.0,1.0,1.0,0.0,0.0,0.0,2,0,0
4101,22,11,11,0,7,5,10,5,5,0,0,0,0,0,0,0,0,0,0,0,0,0,0,1.0,1.0,1.0,0.0,0.0,0.0,2,0,0
4102,22,11,11,0,7,5,10,5,5,0,0,0,0,0,0,0,0,0,0,0,0,0,0,1.0,1.0,1.0,0.0,0.0,0.0,2,0,0
4103,22,11,11,0,7,5,10,5,5,0,0,0,0,0,0,0,0,0,0,0,0,0,0,1.0,1.0,1.0,0.0,0.0,0.0,2,0,0
4104,22,11,11,0,7,5,10,5,5,0,0,0,0,0,0,0,0,0,0,0,0,0,0,1.0,1.0,1.0,0.0,0.0,0.0,2,0,0
4105,22,11,11,0,7,5,10,5,5,0,0,0,0,0,0,0,0,0,0,0,0,0,0,1.0,1.0,1.0,0.0,0.0,0.0,2,0,0
4106,22,11,11,0,7,5,10,5,5,0,0,0,0,0,0,0,0,0,0,0,0,0,0,1.0,1.0,1.0,0.0,0.0,0.0,2,0,0
4107,22,11,11,0,7,5,10,5,5,0,0,0,0,0,0,0,0,0,0,0,0,0,0,1.0,1.0,1.0,0.0,0.0,0.0,2,0,0
4108,20,10,10,0,6,5,9,4,4,0,0,0,0,1,1,0,0,0,0,0,1,0,2,0.8571428571428572,1.0,0.8,0.0,0.0,0.0,2,0,2
4109,19,10,9,0,6,4,9,4,4,0,0,0,0,0,1,0,0,0,0,0,0,0,1,1.0,1.0,1.0,0.0,0.0,0.0,2,0,1
4110,22,10,12,4,5,4,9,4,3,0,1,0,0,1,0,0,0,0,0,1,1,0,1,0.8333333333333334,1.0,1.0,0.21052631578947367,0.21052631578947367,0.0,2,4,1
4111,24,13,11,6,5,4,9,4,2,0,2,0,0,0,1,0,0,0,0,1,1,0,1,0.8888888888888888,1.0,1.0,0.13636363636363635,0.13636363636363635,0.0,2,3,1
4112,24,13,11,6,5,4,9,4,2,0,2,0,0,0,0,0,0,0,0,0,0,0,0,1.0,1.0,1.0,0.0,0.0,0.0,2,0,0
4113,24,13,11,6,5,4,9,4,2,0,2,0,0,0,0,0,0,0,0,0,0,0,0,1.0,1.0,1.0,0.0,0.0,0.0,2,0,0
4114,24,13,11,6,5,4,9,4,2,0,2,0,0,0,0,0,0,0,0,0,0,0,0,1.0,1.0,1.0,0.0,0.0,0.0,2,0,0
4115,24,13,11,6,5,4,9,4,2,0,2,0,0,0,0,0,0,0,0,0,0,0,0,1.0,1.0,1.0,0.0,0.0,0.0,2,0,0
4116,24,13,11,6,5,4,9,4,2,0,2,0,0,0,0,0,0,0,0,0,0,0,0,1.0,1.0,1.0,0.0,0.0,0.0,2,0,0
4117,24,13,11,6,5,4,9,4,2,0,2,0,0,0,0,0,0,0,0,0,0,0,0,1.0,1.0,1.0,0.0,0.0,0.0,2,0,0
4118,24,13,11,6,5,4,9,4,2,0,2,0,0,0,0,0,0,0,0,0,0,0,0,1.0,1.0,1.0,0.0,0.0,0.0,2,0,0
4119,24,13,11,6,5,4,9,4,2,0,2,0,0,0,0,0,0,0,0,0,0,0,0,1.0,1.0,1.0,0.0,0.0,0.0,2,0,0
4120,24,13,11,6,5,4,9,4,2,0,2,0,0,0,0,0,0,0,0,0,0,0,0,1.0,1.0,1.0,0.0,0.0,0.0,2,0,0
4121,24,13,11,6,5,4,9,4,2,0,2,0,0,0,0,0,0,0,0,0,0,0,0,1.0,1.0,1.0,0.0,0.0,0.0,2,0,0
4122,24,13,11,6,5,4,9,4,2,0,2,0,0,0,0,0,0,0,0,0,0,0,0,1.0,1.0,1.0,0.0,0.0,0.0,2,0,0
4123,24,13,11,6,5,4,9,4,2,0,2,0,0,0,0,0,0,0,0,0,0,0,0,1.0,1.0,1.0,0.0,0.0,0.0,2,0,0
4124,23,13,10,6,5,4,8,3,1,0,2,0,0,0,0,0,0,0,0,0,0,0,0,1.0,1.0,0.75,0.0,0.0,0.0,2,0,1
4125,23,13,10,6,5,4,8,3,1,0,2,0,0,0,0,0,0,0,0,0,0,0,0,1.0,1.0,1.0,0.0,0.0,0.0,2,0,0
4126,23,13,10,6,5,4,8,3,1,0,2,0,0,0,0,0,0,0,0,0,0,0,0,1.0,1.0,1.0,0.0,0.0,0.0,2,0,0
4127,23,13,10,6,5,4,8,3,1,0,2,0,0,0,0,0,0,0,0,0,0,0,0,1.0,1.0,1.0,0.0,0.0,0.0,2,0,0
4128,23,13,10,6,5,4,8,3,1,0,2,0,0,0,0,0,0,0,0,0,0,0,0,1.0,1.0,1.0,0.0,0.0,0.0,2,0,0
4129,23,13,10,6,5,4,8,3,1,0,2,0,0,0,0,0,0,0,0,0,0,0,0,1.0,1.0,1.0,0.0,0.0,0.0,2,0,0
4130,23,13,10,6,5,4,8,3,1,0,2,0,0,0,0,0,0,0,0,0,0,0,0,1.0,1.0,1.0,0.0,0.0,0.0,2,0,0
4131,23,13,10,6,5,4,8,3,1,0,2,0,0,0,0,0,0,0,0,0,0,0,0,1.0,1.0,1.0,0.0,0.0,0.0,2,0,0
4132,23,13,10,6,5,4,8,3,1,0,2,0,0,0,0,0,0,0,0,0,0,0,0,1.0,1.0,1.0,0.0,0.0,0.0,2,0,0
4133,23,13,10,6,5,4,8,3,1,0,2,0,0,0,0,0,0,0,0,0,0,0,0,1.0,1.0,1.0,0.0,0.0,0.0,2,0,0
4134,23,13,10,6,5,4,8,3,1,0,2,0,0,0,0,0,0,0,0,0,0,0,0,1.0,1.0,1.0,0.0,0.0,0.0,2,0,0
4135,23,13,10,6,5,4,8,3,1,0,2,0,0,0,0,0,0,0,0,0,0,0,0,1.0,1.0,1.0,0.0,0.0,0.0,2,0,0
4136,23,13,10,6,5,4,8,3,1,0,2,0,0,0,0,0,0,0,0,0,0,0,0,1.0,1.0,1.0,0.0,0.0,0.0,2,0,0
4137,23,13,10,6,5,4,8,3,1,0,2,0,0,0,0,0,0,0,0,0,0,0,0,1.0,1.0,1.0,0.0,0.0,0.0,2,0,0
4138,23,13,10,6,5,4,8,3,1,0,2,0,0,0,0,0,0,0,0,0,0,0,0,1.0,1.0,1.0,0.0,0.0,0.0,2,0,0
4139,23,13,10,6,5,4,8,3,1,0,2,0,0,0,0,0,0,0,0,0,0,0,0,1.0,1.0,1.0,0.0,0.0,0.0,2,0,0
4140,23,13,10,6,5,4,8,3,1,0,2,0,0,0,0,0,0,0,0,0,0,0,0,1.0,1.0,1.0,0.0,0.0,0.0,2,0,0
4141,23,13,10,6,5,4,8,3,1,0,2,0,0,0,0,0,0,0,0,0,0,0,0,1.0,1.0,1.0,0.0,0.0,0.0,2,0,0
4142,23,13,10,6,5,4,8,3,1,0,2,0,0,0,0,0,0,0,0,0,0,0,0,1.0,1.0,1.0,0.0,0.0,0.0,2,0,0
4143,23,13,10,6,5,4,8,3,1,0,2,0,0,0,0,0,0,0,0,0,0,0,0,1.0,1.0,1.0,0.0,0.0,0.0,2,0,0
4144,23,13,10,6,5,4,8,3,1,0,2,0,0,0,0,0,0,0,0,0,0,0,0,1.0,1.0,1.0,0.0,0.0,0.0,2,0,0
4145,23,13,10,6,5,4,8,3,1,0,2,0,0,0,0,0,0,0,0,0,0,0,0,1.0,1.0,1.0,0.0,0.0,0.0,2,0,0
4146,23,13,10,6,5,4,8,3,1,0,2,0,0,0,0,0,0,0,0,0,0,0,0,1.0,1.0,1.0,0.0,0.0,0.0,2,0,0
4147,23,13,10,6,5,4,8,3,1,0,2,0,0,0,0,0,0,0,0,0,0,2,0,1.0,1.0,1.0,0.0,0.0,0.0,2,0,0
4148,23,13,10,6,5,4,8,3,1,0,2,0,0,0,0,0,0,0,0,0,0,0,0,1.0,1.0,1.0,0.0,0.0,0.0,2,0,0
4149,23,13,10,6,5,4,8,3,1,0,2,0,0,0,0,0,0,0,0,0,0,1,0,1.0,1.0,1.0,0.0,0.0,0.0,2,0,0
4150,23,13,10,6,5,4,8,3,1,0,2,0,0,0,0,0,0,0,0,0,0,0,0,1.0,1.0,1.0,0.0,0.0,0.0,2,0,0
4151,23,13,10,6,3,6,8,3,1,0,2,0,0,0,0,0,0,0,0,0,0,0,0,1.0,1.0,1.0,0.0,0.0,0.0,2,0,0
4152,23,13,10,6,3,6,8,3,1,0,2,0,0,0,0,0,0,0,0,0,0,0,0,1.0,1.0,1.0,0.0,0.0,0.0,2,0,0
4153,23,13,10,3,5,7,8,3,1,0,2,0,0,0,0,0,0,0,0,0,0,0,0,1.0,1.0,1.0,0.0,0.0,0.0,2,0,0
4154,23,13,10,0,8,7,8,3,1,0,2,0,0,0,0,0,0,0,0,0,0,0,0,1.0,1.0,1.0,0.0,0.0,0.0,2,0,0
4155,23,13,10,0,8,7,8,3,1,0,1,0,0,0,0,0,0,0,0,0,0,0,0,1.0,1.0,1.0,0.0,0.0,0.0,2,0,0
4156,27,16,11,4,8,7,8,3,0,0,1,0,0,0,0,0,1,0,0,1,0,0,0,1.0,1.0,1.0,0.17391304347826086,0.17391304347826086,0.0,2,4,0
4157,27,16,11,4,8,6,9,4,0,1,1,0,0,0,0,0,1,0,1,0,0,0,0,1.0,1.0,1.0,0.0,0.0,0.0,2,0,0
4158,27,16,11,4,8,6,9,4,1,1,1,0,0,0,0,0,5,1,0,0,0,0,0,1.0,1.0,1.0,0.0,0.0,0.2,2,0,0
4159,27,16,11,4,8,6,9,4,1,1,1,0,0,0,0,0,0,0,0,0,0,0,0,1.0,1.0,1.0,0.0,0.0,0.0,2,0,0
4160,26,16,10,4,8,6,8,3,1,1,0,0,0,0,0,0,0,0,0,0,0,0,0,1.0,1.0,0.75,0.0,0.0,0.0,2,0,1
4161,26,16,10,4,8,6,8,3,1,1,0,0,0,0,0,0,0,0,0,0,0,0,0,1.0,1.0,1.0,0.0,0.0,0.0,2,0,0
4162,26,16,10,4,8,6,8,3,2,1,0,0,0,0,0,0,7,1,0,0,0,0,0,1.0,1.0,1.0,0.0,0.0,0.14285714285714285,2,0,0
4163,26,16,10,4,8,6,8,3,2,1,0,0,0,0,0,0,0,0,0,0,0,0,0,1.0,1.0,1.0,0.0,0.0,0.0,2,0,0
4164,26,16,10,4,8,6,8,3,2,1,0,0,0,0,0,0,0,0,0,0,0,1,0,1.0,1.0,1.0,0.0,0.0,0.0,2,0,0
4165,26,16,10,4,8,6,8,3,2,1,0,0,0,0,0,0,0,0,0,0,0,0,0,1.0,1.0,1.0,0.0,0.0,0.0,2,0,0
4166,26,16,10,4,8,6,8,3,2,1,0,0,0,0,0,0,0,0,0,0,0,0,0,1.0,1.0,1.0,0.0,0.0,0.0,2,0,0
4167,26,16,10,4,8,6,8,3,2,1,0,0,0,0,0,0,0,0,0,0,0,0,0,1.0,1.0,1.0,0.0,0.0,0.0,2,0,0
4168,26,16,10,4,7,7,8,3,2,1,0,0,0,0,0,0,0,0,0,0,0,0,0,1.0,1.0,1.0,0.0,0.0,0.0,2,0,0
4169,26,16,10,4,7,7,8,3,2,1,0,0,0,0,0,0,0,0,0,0,0,0,0,1.0,1.0,1.0,0.0,0.0,0.0,2,0,0
4170,26,16,10,4,7,7,8,3,2,1,0,0,0,0,0,0,0,0,0,0,0,0,0,1.0,1.0,1.0,0.0,0.0,0.0,2,0,0
4171,26,16,10,4,7,7,8,3,2,1,0,0,0,0,0,0,0,0,0,0,0,0,0,1.0,1.0,1.0,0.0,0.0,0.0,2,0,0
4172,26,16,10,4,7,7,8,3,2,1,0,0,0,0,0,0,0,0,0,0,0,0,0,1.0,1.0,1.0,0.0,0.0,0.0,2,0,0
4173,26,16,10,4,7,7,8,3,2,1,0,0,0,0,0,0,0,0,0,0,0,0,0,1.0,1.0,1.0,0.0,0.0,0.0,2,0,0
4174,26,16,10,4,7,7,8,3,2,1,0,0,0,0,0,0,0,0,0,0,0,0,0,1.0,1.0,1.0,0.0,0.0,0.0,2,0,0
4175,26,16,10,4,7,7,8,3,2,1,0,0,0,0,0,0,0,0,0,0,0,0,0,1.0,1.0,1.0,0.0,0.0,0.0,2,0,0
4176,25,15,10,4,6,7,8,3,2,1,0,0,0,0,0,0,0,0,0,0,1,0,1,0.9090909090909091,1.0,1.0,0.0,0.0,0.0,2,0,1
4177,25,15,10,4,6,7,8,3,2,1,0,0,0,0,0,0,0,0,0,0,0,0,0,1.0,1.0,1.0,0.0,0.0,0.0,2,0,0
4178,25,15,10,4,6,7,8,3,2,1,0,0,0,0,0,0,0,0,0,0,0,0,0,1.0,1.0,1.0,0.0,0.0,0.0,2,0,0
4179,25,15,10,4,6,7,8,3,2,1,0,0,0,0,0,0,0,0,0,0,0,0,0,1.0,1.0,1.0,0.0,0.0,0.0,2,0,0
4180,25,15,10,4,6,7,8,3,2,1,0,0,0,0,0,0,0,0,0,0,0,0,0,1.0,1.0,1.0,0.0,0.0,0.0,2,0,0
4181,25,15,10,4,6,7,8,3,2,1,0,0,0,0,0,0,0,0,0,0,0,0,0,1.0,1.0,1.0,0.0,0.0,0.0,2,0,0
4182,25,15,10,4,6,7,8,3,2,1,0,0,0,0,0,0,0,0,0,0,0,0,0,1.0,1.0,1.0,0.0,0.0,0.0,2,0,0
4183,25,15,10,4,6,7,8,3,2,1,0,0,0,0,0,0,0,0,0,0,0,0,0,1.0,1.0,1.0,0.0,0.0,0.0,2,0,0
4184,25,15,10,4,6,7,8,3,2,1,0,0,0,0,0,0,0,0,0,0,0,0,0,1.0,1.0,1.0,0.0,0.0,0.0,2,0,0
4185,25,15,10,4,6,7,8,3,2,1,0,0,0,0,0,0,0,0,0,0,0,0,0,1.0,1.0,1.0,0.0,0.0,0.0,2,0,0
4186,25,15,10,4,6,7,8,3,2,1,0,0,0,0,0,0,0,0,0,0,0,0,0,1.0,1.0,1.0,0.0,0.0,0.0,2,0,0
4187,25,15,10,4,6,7,8,3,2,1,0,0,0,0,0,0,0,0,0,0,0,0,0,1.0,1.0,1.0,0.0,0.0,0.0,2,0,0
4188,25,15,10,4,6,7,8,3,2,1,0,0,0,0,0,0,0,0,0,0,0,0,0,1.0,1.0,1.0,0.0,0.0,0.0,2,0,0
4189,25,15,10,4,6,7,8,3,2,1,0,0,0,0,0,0,0,0,0,0,0,0,0,1.0,1.0,1.0,0.0,0.0,0.0,2,0,0
4190,25,15,10,4,6,7,8,3,2,1,0,0,0,0,0,0,0,0,0,0,0,0,0,1.0,1.0,1.0,0.0,0.0,0.0,2,0,0
4191,25,15,10,4,6,7,8,3,2,1,0,0,0,0,0,0,0,0,0,0,0,0,0,1.0,1.0,1.0,0.0,0.0,0.0,2,0,0
4192,25,15,10,4,6,7,8,3,2,1,0,0,0,0,0,0,0,0,0,0,0,0,0,1.0,1.0,1.0,0.0,0.0,0.0,2,0,0
4193,25,15,10,4,6,7,8,3,2,1,0,0,0,0,0,0,0,0,0,0,0,1,0,1.0,1.0,1.0,0.0,0.0,0.0,2,0,0
4194,25,15,10,4,6,7,8,3,2,1,0,0,0,0,0,0,0,0,0,0,0,0,0,1.0,1.0,1.0,0.0,0.0,0.0,2,0,0
4195,25,15,10,4,6,7,8,3,2,1,0,0,0,0,0,0,0,0,0,0,0,0,0,1.0,1.0,1.0,0.0,0.0,0.0,2,0,0
4196,25,15,10,4,6,7,8,3,2,1,0,0,0,0,0,0,0,0,0,0,0,0,0,1.0,1.0,1.0,0.0,0.0,0.0,2,0,0
4197,25,15,10,4,5,8,8,3,2,1,0,0,0,0,0,0,0,0,0,0,0,0,0,1.0,1.0,1.0,0.0,0.0,0.0,2,0,0
4198,25,15,10,4,5,8,8,3,2,1,0,0,0,0,0,0,0,0,0,0,0,0,0,1.0,1.0,1.0,0.0,0.0,0.0,2,0,0
4199,25,15,10,0,9,8,8,3,2,1,0,0,0,0,0,0,0,0,0,0,0,0,0,1.0,1.0,1.0,0.0,0.0,0.0,2,0,0
4200,23,14,9,0,8,8,7,2,1,1,0,0,0,1,1,0,0,0,0,0,1,0,2,0.8888888888888888,1.0,0.6666666666666667,0.0,0.0,0.0,2,0,2
4201,22,13,9,0,7,8,7,2,1,1,0,0,0,1,0,0,0,0,0,0,1,0,1,0.875,1.0,1.0,0.0,0.0,0.0,2,0,1
4202,21,12,9,0,7,7,7,2,1,0,0,0,0,1,0,0,0,0,0,0,0,0,1,1.0,1.0,1.0,0.0,0.0,0.0,2,0,1
4203,20,11,9,0,7,6,7,2,2,0,0,0,0,1,0,0,5,1,0,0,0,0,1,1.0,1.0,1.0,0.0,0.0,0.2,2,0,1
4204,20,11,9,0,7,6,7,2,2,0,0,0,0,0,0,0,0,0,0,0,0,0,0,1.0,1.0,1.0,0.0,0.0,0.0,2,0,0
4205,20,11,9,0,7,6,7,2,2,0,0,0,0,0,0,0,0,0,0,0,0,0,0,1.0,1.0,1.0,0.0,0.0,0.0,2,0,0
4206,20,11,9,0,7,6,7,2,2,0,0,0,0,0,0,0,0,0,0,0,0,0,0,1.0,1.0,1.0,0.0,0.0,0.0,2,0,0
4207,20,11,9,0,7,6,7,2,2,0,0,0,0,0,0,0,0,0,0,0,0,0,0,1.0,1.0,1.0,0.0,0.0,0.0,2,0,0
4208,20,11,9,0,7,6,7,2,2,0,0,0,0,0,0,0,0,0,0,0,0,0,0,1.0,1.0,1.0,0.0,0.0,0.0,2,0,0
4209,20,11,9,0,7,6,7,2,2,0,0,0,0,0,0,0,0,0,0,0,0,0,0,1.0,1.0,1.0,0.0,0.0,0.0,2,0,0
4210,20,11,9,0,7,6,7,2,2,0,0,0,0,0,0,0,0,0,0,0,0,0,0,1.0,1.0,1.0,0.0,0.0,0.0,2,0,0
4211,20,11,9,0,7,6,7,2,2,0,0,0,0,0,0,0,0,0,0,0,0,0,0,1.0,1.0,1.0,0.0,0.0,0.0,2,0,0
4212,20,11,9,0,7,6,7,2,2,0,0,0,0,0,0,0,0,0,0,0,0,0,0,1.0,1.0,1.0,0.0,0.0,0.0,2,0,0
4213,20,11,9,0,7,6,7,2,2,0,0,0,0,0,0,0,0,0,0,0,0,0,0,1.0,1.0,1.0,0.0,0.0,0.0,2,0,0
4214,20,11,9,0,7,6,7,2,2,0,0,0,0,0,0,0,0,0,0,0,0,0,0,1.0,1.0,1.0,0.0,0.0,0.0,2,0,0
4215,20,11,9,0,7,6,7,2,2,0,0,0,0,0,0,0,0,0,0,0,0,0,0,1.0,1.0,1.0,0.0,0.0,0.0,2,0,0
4216,20,11,9,0,7,6,7,2,2,0,0,0,0,0,0,0,0,0,0,0,0,0,0,1.0,1.0,1.0,0.0,0.0,0.0,2,0,0
4217,20,11,9,0,7,6,7,2,2,0,0,0,0,0,0,0,0,0,0,0,0,0,0,1.0,1.0,1.0,0.0,0.0,0.0,2,0,0
4218,20,11,9,0,7,6,7,2,2,0,0,0,0,0,0,0,0,0,0,0,0,0,0,1.0,1.0,1.0,0.0,0.0,0.0,2,0,0
4219,20,11,9,0,7,6,7,2,2,0,0,0,0,0,0,0,0,0,0,0,0,0,0,1.0,1.0,1.0,0.0,0.0,0.0,2,0,0
4220,20,11,9,0,7,6,7,2,2,0,0,0,0,0,0,0,0,0,0,0,0,0,0,1.0,1.0,1.0,0.0,0.0,0.0,2,0,0
4221,20,11,9,0,7,6,7,2,2,0,0,0,0,0,0,0,0,0,0,0,0,0,0,1.0,1.0,1.0,0.0,0.0,0.0,2,0,0
4222,20,11,9,0,7,6,7,2,2,0,0,0,0,0,0,0,0,0,0,0,0,0,0,1.0,1.0,1.0,0.0,0.0,0.0,2,0,0
4223,20,11,9,0,7,6,7,2,2,0,0,0,0,0,0,0,0,0,0,0,0,0,0,1.0,1.0,1.0,0.0,0.0,0.0,2,0,0
4224,20,11,9,0,7,6,7,2,2,0,0,0,0,0,0,0,0,0,0,0,0,0,0,1.0,1.0,1.0,0.0,0.0,0.0,2,0,0
4225,20,11,9,0,7,6,7,2,2,0,0,0,0,0,0,0,0,0,0,0,0,0,0,1.0,1.0,1.0,0.0,0.0,0.0,2,0,0
4226,20,11,9,0,7,6,7,2,2,0,0,0,0,0,0,0,0,0,0,0,0,0,0,1.0,1.0,1.0,0.0,0.0,0.0,2,0,0
4227,24,14,10,4,7,6,7,2,1,0,1,0,0,0,0,0,0,0,0,1,0,0,0,1.0,1.0,1.0,0.2,0.2,0.0,2,4,0
4228,24,14,10,4,7,6,7,2,1,0,1,0,0,0,0,0,0,0,0,0,0,0,0,1.0,1.0,1.0,0.0,0.0,0.0,2,0,0
4229,24,14,10,4,7,6,7,2,1,0,1,0,0,0,0,0,0,0,0,0,0,0,0,1.0,1.0,1.0,0.0,0.0,0.0,2,0,0
4230,24,14,10,4,7,6,7,2,1,0,1,0,0,0,0,0,0,0,0,0,0,0,0,1.0,1.0,1.0,0.0,0.0,0.0,2,0,0
4231,24,14,10,4,7,6,7,2,1,0,1,0,0,0,0,0,0,0,0,0,0,0,0,1.0,1.0,1.0,0.0,0.0,0.0,2,0,0
4232,24,14,10,4,7,6,7,2,1,0,1,0,0,0,0,0,0,0,0,0,0,0,0,1.0,1.0,1.0,0.0,0.0,0.0,2,0,0
4233,24,14,10,4,7,6,7,2,1,0,1,0,0,0,0,0,0,0,0,0,0,0,0,1.0,1.0,1.0,0.0,0.0,0.0,2,0,0
4234,24,14,10,4,7,6,7,2,1,0,1,0,0,0,0,0,0,0,0,0,0,0,0,1.0,1.0,1.0,0.0,0.0,0.0,2,0,0
4235,24,14,10,4,7,6,7,2,1,0,1,0,0,0,0,0,0,0,0,0,0,0,0,1.0,1.0,1.0,0.0,0.0,0.0,2,0,0
4236,24,14,10,4,7,6,7,2,1,0,1,0,0,0,0,0,0,0,0,0,0,0,0,1.0,1.0,1.0,0.0,0.0,0.0,2,0,0
4237,24,14,10,4,7,6,7,2,1,0,1,0,0,0,0,0,0,0,0,0,0,0,0,1.0,1.0,1.0,0.0,0.0,0.0,2,0,0
4238,24,14,10,4,7,6,7,2,1,0,1,0,0,0,0,0,0,0,0,0,0,0,0,1.0,1.0,1.0,0.0,0.0,0.0,2,0,0
4239,24,14,10,4,7,6,7,2,1,0,1,0,0,0,0,0,0,0,0,0,0,0,0,1.0,1.0,1.0,0.0,0.0,0.0,2,0,0
4240,24,14,10,4,7,6,7,2,1,0,1,0,0,0,0,0,0,0,0,0,0,0,0,1.0,1.0,1.0,0.0,0.0,0.0,2,0,0
4241,24,14,10,4,7,6,7,2,1,0,1,0,0,0,0,0,0,0,0,0,0,0,0,1.0,1.0,1.0,0.0,0.0,0.0,2,0,0
4242,24,14,10,4,7,6,7,2,1,0,1,0,0,0,0,0,0,0,0,0,0,0,0,1.0,1.0,1.0,0.0,0.0,0.0,2,0,0
4243,24,14,10,4,7,6,7,2,1,0,1,0,0,0,0,0,0,0,0,0,0,0,0,1.0,1.0,1.0,0.0,0.0,0.0,2,0,0
4244,24,14,10,4,7,6,7,2,1,0,1,0,0,0,0,0,0,0,0,0,0,0,0,1.0,1.0,1.0,0.0,0.0,0.0,2,0,0
4245,24,14,10,4,7,5,8,3,1,0,1,0,0,0,0,0,0,0,0,0,0,0,0,1.0,1.0,1.0,0.0,0.0,0.0,2,0,0
4246,24,14,10,4,7,5,8,3,1,0,1,0,0,0,0,0,0,0,0,0,0,0,0,1.0,1.0,1.0,0.0,0.0,0.0,2,0,0
4247,24,14,10,4,7,5,8,3,1,0,1,0,0,0,0,0,0,0,0,0,0,0,0,1.0,1.0,1.0,0.0,0.0,0.0,2,0,0
4248,24,14,10,4,7,5,8,3,1,0,1,0,0,0,0,0,0,0,0,0,0,0,0,1.0,1.0,1.0,0.0,0.0,0.0,2,0,0
4249,24,14,10,4,7,5,8,3,1,0,1,0,0,0,0,0,0,0,0,0,0,0,0,1.0,1.0,1.0,0.0,0.0,0.0,2,0,0
4250,24,14,10,4,7,5,8,3,1,0,1,0,0,0,0,0,0,0,0,0,0,0,0,1.0,1.0,1.0,0.0,0.0,0.0,2,0,0
4251,24,14,10,4,7,5,8,3,1,0,1,0,0,0,0,0,0,0,0,0,0,0,0,1.0,1.0,1.0,0.0,0.0,0.0,2,0,0
4252,24,14,10,4,7,5,8,3,1,0,1,0,0,0,0,0,0,0,0,0,0,0,0,1.0,1.0,1.0,0.0,0.0,0.0,2,0,0
4253,24,14,10,4,7,5,8,3,2,0,1,0,0,0,0,0,2,1,0,0,0,0,0,1.0,1.0,1.0,0.0,0.0,0.5,2,0,0
4254,24,14,10,4,7,5,8,3,2,0,1,0,0,0,0,0,0,0,0,0,0,0,0,1.0,1.0,1.0,0.0,0.0,0.0,2,0,0
4255,24,14,10,4,7,5,8,3,2,0,1,0,0,0,0,0,0,0,0,0,0,0,0,1.0,1.0,1.0,0.0,0.0,0.0,2,0,0
4256,24,14,10,4,7,5,8,3,2,0,1,0,0,0,0,0,0,0,0,0,0,0,0,1.0,1.0,1.0,0.0,0.0,0.0,2,0,0
4257,24,14,10,4,7,5,8,3,2,0,1,0,0,0,0,0,0,0,0,0,0,0,0,1.0,1.0,1.0,0.0,0.0,0.0,2,0,0
4258,24,14,10,4,7,5,8,3,2,0,1,0,0,0,0,0,0,0,0,0,0,0,0,1.0,1.0,1.0,0.0,0.0,0.0,2,0,0
4259,24,14,10,4,7,5,8,3,2,0,1,0,0,0,0,0,0,0,0,0,0,0,0,1.0,1.0,1.0,0.0,0.0,0.0,2,0,0
4260,24,14,10,4,7,5,8,3,2,0,1,0,0,0,0,0,0,0,0,0,0,0,0,1.0,1.0,1.0,0.0,0.0,0.0,2,0,0
4261,24,14,10,4,7,5,8,3,2,0,1,0,0,0,0,0,0,0,0,0,0,0,0,1.0,1.0,1.0,0.0,0.0,0.0,2,0,0
4262,24,14,10,4,7,5,8,3,2,0,1,0,0,0,0,0,0,0,0,0,0,0,0,1.0,1.0,1.0,0.0,0.0,0.0,2,0,0
4263,24,14,10,4,7,5,8,3,2,0,1,0,0,0,0,0,0,0,0,0,0,0,0,1.0,1.0,1.0,0.0,0.0,0.0,2,0,0
4264,24,14,10,4,7,5,8,3,2,0,1,0,0,0,0,0,0,0,0,0,0,0,0,1.0,1.0,1.0,0.0,0.0,0.0,2,0,0
4265,24,14,10,4,7,5,8,3,2,0,1,0,0,0,0,0,0,0,0,0,0,0,0,1.0,1.0,1.0,0.0,0.0,0.0,2,0,0
4266,24,14,10,4,7,5,8,3,2,0,1,0,0,0,0,0,0,0,0,0,0,0,0,1.0,1.0,1.0,0.0,0.0,0.0,2,0,0
4267,24,14,10,4,7,5,8,3,2,0,1,0,0,0,0,0,0,0,0,0,0,0,0,1.0,1.0,1.0,0.0,0.0,0.0,2,0,0
4268,27,15,12,7,7,5,8,3,1,0,2,0,0,0,0,0,0,0,0,1,0,0,0,1.0,1.0,1.0,0.125,0.125,0.0,2,3,0
4269,27,15,12,7,7,5,8,3,1,0,2,0,0,0,0,0,0,0,0,0,0,0,0,1.0,1.0,1.0,0.0,0.0,0.0,2,0,0
4270,27,15,12,3,11,5,8,3,1,0,2,0,0,0,0,0,0,0,0,0,0,0,0,1.0,1.0,1.0,0.0,0.0,0.0,2,0,0
4271,27,15,12,3,11,5,8,3,1,0,2,0,0,0,0,0,0,0,0,0,0,0,0,1.0,1.0,1.0,0.0,0.0,0.0,2,0,0
4272,27,15,12,3,11,5,8,3,1,0,1,0,0,0,0,0,0,0,0,0,0,0,0,1.0,1.0,1.0,0.0,0.0,0.0,2,0,0
4273,27,15,12,3,11,5,8,3,1,0,1,0,0,0,0,0,1,0,0,0,0,0,0,1.0,1.0,1.0,0.0,0.0,0.0,2,0,0
4274,27,15,12,3,11,5,8,3,2,0,1,0,0,0,0,0,3,1,0,0,0,0,0,1.0,1.0,1.0,0.0,0.0,0.3333333333333333,2,0,0
4275,27,15,12,3,11,5,8,3,2,0,1,0,0,0,0,0,0,0,0,0,0,0,0,1.0,1.0,1.0,0.0,0.0,0.0,2,0,0
4276,27,15,12,3,11,5,8,3,2,0,1,0,0,0,0,0,0,0,0,0,0,0,0,1.0,1.0,1.0,0.0,0.0,0.0,2,0,0
4277,27,15,12,3,11,5,8,3,2,0,1,0,0,0,0,0,0,0,0,0,0,0,0,1.0,1.0,1.0,0.0,0.0,0.0,2,0,0
4278,27,15,12,3,11,5,8,3,2,0,1,0,0,0,0,0,0,0,0,0,0,0,0,1.0,1.0,1.0,0.0,0.0,0.0,2,0,0
4279,27,15,12,3,11,5,8,3,2,0,1,0,0,0,0,0,0,0,0,0,0,0,0,1.0,1.0,1.0,0.0,0.0,0.0,2,0,0
4280,27,15,12,3,11,5,8,3,2,0,1,0,0,0,0,0,0,0,0,0,0,0,0,1.0,1.0,1.0,0.0,0.0,0.0,2,0,0
4281,27,15,12,3,11,5,8,3,2,0,1,0,0,0,0,0,0,0,0,0,0,0,0,1.0,1.0,1.0,0.0,0.0,0.0,2,0,0
4282,27,15,12,3,11,5,8,3,2,0,1,0,0,0,0,0,0,0,0,0,0,0,0,1.0,1.0,1.0,0.0,0.0,0.0,2,0,0
4283,26,14,12,3,10,5,8,3,2,0,1,0,0,0,0,0,0,0,0,0,1,0,1,0.9285714285714286,1.0,1.0,0.0,0.0,0.0,2,0,1
4284,26,14,12,3,10,5,8,3,2,0,1,0,0,0,0,0,0,0,0,0,0,0,0,1.0,1.0,1.0,0.0,0.0,0.0,2,0,0
4285,26,14,12,3,10,5,8,3,2,0,1,0,0,0,0,0,0,0,0,0,0,0,0,1.0,1.0,1.0,0.0,0.0,0.0,2,0,0
4286,26,14,12,3,10,4,9,3,2,0,1,0,0,0,0,0,0,0,0,0,0,0,0,1.0,1.0,1.0,0.0,0.0,0.0,2,0,0
4287,26,14,12,3,10,4,9,3,2,0,1,0,0,0,0,0,0,0,0,0,0,0,0,1.0,1.0,1.0,0.0,0.0,0.0,2,0,0
4288,26,14,12,3,10,3,10,3,2,0,1,0,0,0,0,0,0,0,0,0,0,0,0,1.0,1.0,1.0,0.0,0.0,0.0,2,0,0
4289,26,14,12,3,10,3,10,3,2,0,1,0,0,0,0,0,0,0,0,0,0,0,0,1.0,1.0,1.0,0.0,0.0,0.0,2,0,0
4290,26,14,12,3,10,3,10,3,2,0,1,0,0,0,0,0,0,0,0,0,0,3,0,1.0,1.0,1.0,0.0,0.0,0.0,2,0,0
4291,25,14,11,3,9,2,11,4,2,0,1,0,0,0,1,0,0,0,0,0,1,1,1,0.9230769230769231,1.0,1.0,0.0,0.0,0.0,2,0,1
4292,25,14,11,3,9,2,11,4,3,0,1,0,0,0,0,0,2,1,0,0,0,0,0,1.0,1.0,1.0,0.0,0.0,0.5,2,0,0
4293,23,12,11,3,7,2,11,4,3,0,1,0,0,2,0,0,0,0,0,0,1,0,2,0.8333333333333334,1.0,1.0,0.0,0.0,0.0,2,0,2
4294,22,11,11,3,5,4,10,4,3,0,1,0,0,1,0,0,0,0,0,0,0,0,1,1.0,0.8571428571428572,1.0,0.0,0.0,0.0,2,0,1
4295,22,11,11,3,5,4,10,4,3,0,1,0,0,0,0,0,0,0,0,0,0,0,0,1.0,1.0,1.0,0.0,0.0,0.0,2,0,0
4296,22,11,11,3,5,4,10,4,3,0,1,0,0,0,0,0,0,0,0,0,0,0,0,1.0,1.0,1.0,0.0,0.0,0.0,2,0,0
4297,22,11,11,3,5,4,10,4,3,0,1,0,0,0,0,0,0,0,0,0,0,0,0,1.0,1.0,1.0,0.0,0.0,0.0,2,0,0
4298,22,11,11,3,5,4,10,4,3,0,1,0,0,0,0,0,0,0,0,0,0,0,0,1.0,1.0,1.0,0.0,0.0,0.0,2,0,0
4299,22,11,11,3,5,4,10,4,3,0,1,0,0,0,0,0,0,0,0,0,0,0,0,1.0,1.0,1.0,0.0,0.0,0.0,2,0,0
4300,22,11,11,3,5,4,10,4,3,0,1,0,0,0,0,0,0,0,0,0,0,0,0,1.0,1.0,1.0,0.0,0.0,0.0,2,0,0
4301,22,11,11,3,5,4,10,4,3,0,1,0,0,0,0,0,0,0,0,0,0,0,0,1.0,1.0,1.0,0.0,0.0,0.0,2,0,0
4302,22,11,11,3,5,4,10,4,3,0,1,0,0,0,0,0,0,0,0,0,0,0,0,1.0,1.0,1.0,0.0,0.0,0.0,2,0,0
4303,22,11,11,3,5,4,10,4,3,0,1,0,0,0,0,0,0,0,0,0,0,0,0,1.0,1.0,1.0,0.0,0.0,0.0,2,0,0
4304,22,11,11,3,5,4,10,4,3,0,1,0,0,0,0,0,0,0,0,0,0,0,0,1.0,1.0,1.0,0.0,0.0,0.0,2,0,0
4305,22,11,11,3,5,4,10,4,3,0,1,0,0,0,0,0,0,0,0,0,0,0,0,1.0,1.0,1.0,0.0,0.0,0.0,2,0,0
4306,22,11,11,3,5,4,10,4,3,0,1,0,0,0,0,0,0,0,0,0,0,0,0,1.0,1.0,1.0,0.0,0.0,0.0,2,0,0
4307,22,11,11,3,5,4,10,4,3,0,1,0,0,0,0,0,0,0,0,0,0,0,0,1.0,1.0,1.0,0.0,0.0,0.0,2,0,0
4308,22,11,11,3,5,4,10,4,3,0,1,0,0,0,0,0,0,0,0,0,0,0,0,1.0,1.0,1.0,0.0,0.0,0.0,2,0,0
4309,22,11,11,3,5,4,10,4,3,0,1,0,0,0,0,0,0,0,0,0,0,0,0,1.0,1.0,1.0,0.0,0.0,0.0,2,0,0
4310,22,11,11,3,5,4,10,4,3,0,1,0,0,0,0,0,0,0,0,0,0,0,0,1.0,1.0,1.0,0.0,0.0,0.0,2,0,0
4311,22,11,11,0,8,4,10,4,3,0,1,0,0,0,0,0,0,0,0,0,0,0,0,1.0,1.0,1.0,0.0,0.0,0.0,2,0,0
4312,22,11,11,0,8,4,10,4,3,0,1,0,0,0,0,0,0,0,0,0,0,0,0,1.0,1.0,1.0,0.0,0.0,0.0,2,0,0
4313,22,11,11,0,8,4,10,4,3,0,0,0,0,0,0,0,0,0,0,0,0,0,0,1.0,1.0,1.0,0.0,0.0,0.0,2,0,0
4314,22,11,11,0,8,4,10,4,4,0,0,0,0,0,0,0,7,1,0,0,0,0,0,1.0,1.0,1.0,0.0,0.0,0.14285714285714285,2,0,0
4315,22,11,11,0,8,4,10,4,4,0,0,0,0,0,0,0,0,0,0,0,0,0,0,1.0,1.0,1.0,0.0,0.0,0.0,2,0,0
4316,22,11,11,0,8,4,10,4,4,0,0,0,0,0,0,0,0,0,0,0,0,0,0,1.0,1.0,1.0,0.0,0.0,0.0,2,0,0
4317,22,11,11,0,8,4,10,4,4,0,0,0,0,0,0,0,0,0,0,0,0,0,0,1.0,1.0,1.0,0.0,0.0,0.0,2,0,0
4318,26,13,13,4,8,4,10,4,3,0,1,0,0,0,0,0,0,0,0,1,0,0,0,1.0,1.0,1.0,0.18181818181818182,0.18181818181818182,0.0,2,4,0
4319,26,13,13,4,8,4,10,4,3,0,1,0,0,0,0,0,0,0,0,0,0,0,0,1.0,1.0,1.0,0.0,0.0,0.0,2,0,0
4320,26,13,13,4,8,4,10,4,3,0,1,0,0,0,0,0,0,0,0,0,0,0,0,1.0,1.0,1.0,0.0,0.0,0.0,2,0,0
4321,26,13,13,4,8,4,10,4,3,0,1,0,0,0,0,0,0,0,0,0,0,0,0,1.0,1.0,1.0,0.0,0.0,0.0,2,0,0
4322,26,13,13,4,8,4,10,4,3,0,1,0,0,0,0,0,0,0,0,0,0,0,0,1.0,1.0,1.0,0.0,0.0,0.0,2,0,0
4323,26,13,13,4,8,4,10,4,3,0,1,0,0,0,0,0,0,0,0,0,0,0,0,1.0,1.0,1.0,0.0,0.0,0.0,2,0,0
4324,26,13,13,4,8,4,10,4,3,0,1,0,0,0,0,0,0,0,0,0,0,0,0,1.0,1.0,1.0,0.0,0.0,0.0,2,0,0
4325,26,13,13,4,8,4,10,4,3,0,1,0,0,0,0,0,0,0,0,0,0,0,0,1.0,1.0,1.0,0.0,0.0,0.0,2,0,0
4326,26,13,13,4,8,4,10,4,3,0,1,0,0,0,0,0,0,0,0,0,0,0,0,1.0,1.0,1.0,0.0,0.0,0.0,2,0,0
4327,26,13,13,4,8,4,10,4,3,0,1,0,0,0,0,0,0,0,0,0,0,0,0,1.0,1.0,1.0,0.0,0.0,0.0,2,0,0
4328,26,13,13,4,8,4,10,4,3,0,1,0,0,0,0,0,0,0,0,0,0,0,0,1.0,1.0,1.0,0.0,0.0,0.0,2,0,0
4329,26,13,13,4,8,4,10,4,3,0,1,0,0,0,0,0,0,0,0,0,0,0,0,1.0,1.0,1.0,0.0,0.0,0.0,2,0,0
4330,26,13,13,4,8,4,10,4,3,0,1,0,0,0,0,0,0,0,0,0,0,0,0,1.0,1.0,1.0,0.0,0.0,0.0,2,0,0
4331,26,13,13,4,8,4,10,4,3,0,1,0,0,0,0,0,0,0,0,0,0,0,0,1.0,1.0,1.0,0.0,0.0,0.0,2,0,0
4332,26,13,13,4,8,4,10,4,3,0,1,0,0,0,0,0,0,0,0,0,0,0,0,1.0,1.0,1.0,0.0,0.0,0.0,2,0,0
4333,26,13,13,4,8,4,10,4,3,0,1,0,0,0,0,0,0,0,0,0,0,0,0,1.0,1.0,1.0,0.0,0.0,0.0,2,0,0
4334,26,13,13,4,8,4,10,4,3,0,1,0,0,0,0,0,0,0,0,0,0,0,0,1.0,1.0,1.0,0.0,0.0,0.0,2,0,0
4335,26,13,13,4,8,4,10,4,3,0,1,0,0,0,0,0,0,0,0,0,0,0,0,1.0,1.0,1.0,0.0,0.0,0.0,2,0,0
4336,26,13,13,4,8,4,10,4,3,0,1,0,0,0,0,0,0,0,0,0,0,2,0,1.0,1.0,1.0,0.0,0.0,0.0,2,0,0
4337,26,13,13,4,8,4,10,4,3,0,1,0,0,0,0,0,0,0,0,0,0,0,0,1.0,1.0,1.0,0.0,0.0,0.0,2,0,0
4338,26,13,13,4,8,4,10,4,3,0,1,0,0,0,0,0,0,0,0,0,0,0,0,1.0,1.0,1.0,0.0,0.0,0.0,2,0,0
4339,30,13,17,8,8,4,10,4,2,0,2,0,0,0,0,0,0,0,0,1,0,0,0,1.0,1.0,1.0,0.15384615384615385,0.15384615384615385,0.0,2,4,0
4340,30,13,17,8,6,6,10,4,2,0,2,0,0,0,0,0,0,0,0,0,0,0,0,1.0,1.0,1.0,0.0,0.0,0.0,2,0,0
4341,30,13,17,8,6,6,10,4,2,0,2,0,0,0,0,0,0,0,0,0,0,0,0,1.0,1.0,1.0,0.0,0.0,0.0,2,0,0
4342,30,13,17,8,6,6,10,4,2,0,2,0,0,0,0,0,0,0,0,0,0,0,0,1.0,1.0,1.0,0.0,0.0,0.0,2,0,0
4343,30,13,17,8,6,6,10,4,2,0,2,0,0,0,0,0,0,0,0,0,0,0,0,1.0,1.0,1.0,0.0,0.0,0.0,2,0,0
4344,30,13,17,8,6,6,10,4,2,0,2,0,0,0,0,0,0,0,0,0,0,0,0,1.0,1.0,1.0,0.0,0.0,0.0,2,0,0
4345,30,13,17,8,6,6,10,4,2,0,2,0,0,0,0,0,0,0,0,0,0,0,0,1.0,1.0,1.0,0.0,0.0,0.0,2,0,0
4346,30,13,17,8,6,6,10,4,2,0,2,0,0,0,0,0,0,0,0,0,0,0,0,1.0,1.0,1.0,0.0,0.0,0.0,2,0,0
4347,30,13,17,8,6,6,10,4,2,0,2,0,0,0,0,0,0,0,0,0,0,0,0,1.0,1.0,1.0,0.0,0.0,0.0,2,0,0
4348,29,12,17,7,6,6,10,4,2,0,2,0,0,0,0,0,0,0,0,0,1,0,1,0.9285714285714286,1.0,1.0,0.0,0.0,0.0,2,0,1
4349,29,12,17,7,6,6,10,4,2,0,2,0,0,0,0,0,0,0,0,0,0,0,0,1.0,1.0,1.0,0.0,0.0,0.0,2,0,0
4350,29,12,17,7,6,6,10,4,2,0,2,0,0,0,0,0,0,0,0,0,0,0,0,1.0,1.0,1.0,0.0,0.0,0.0,2,0,0
4351,29,12,17,7,6,6,10,4,2,0,2,0,0,0,0,0,0,0,0,0,0,0,0,1.0,1.0,1.0,0.0,0.0,0.0,2,0,0
4352,29,12,17,7,6,6,10,4,2,0,2,0,0,0,0,0,0,0,0,0,0,0,0,1.0,1.0,1.0,0.0,0.0,0.0,2,0,0
4353,29,12,17,7,6,6,10,4,2,0,2,0,0,0,0,0,0,0,0,0,0,0,0,1.0,1.0,1.0,0.0,0.0,0.0,2,0,0
4354,29,12,17,7,6,6,10,4,2,0,2,0,0,0,0,0,0,0,0,0,0,0,0,1.0,1.0,1.0,0.0,0.0,0.0,2,0,0
4355,29,12,17,7,6,6,10,4,2,0,2,0,0,0,0,0,0,0,0,0,0,0,0,1.0,1.0,1.0,0.0,0.0,0.0,2,0,0
4356,29,12,17,7,6,6,10,4,2,0,2,0,0,0,0,0,0,0,0,0,0,0,0,1.0,1.0,1.0,0.0,0.0,0.0,2,0,0
4357,33,14,19,11,6,6,10,4,1,0,3,0,0,0,0,0,0,0,0,1,0,0,0,1.0,1.0,1.0,0.13793103448275862,0.13793103448275862,0.0,2,4,0
4358,33,14,19,11,6,6,10,4,1,0,3,0,0,0,0,0,0,0,0,0,0,0,0,1.0,1.0,1.0,0.0,0.0,0.0,2,0,0
4359,33,14,19,11,6,6,10,4,1,0,3,0,0,0,0,0,0,0,0,0,0,0,0,1.0,1.0,1.0,0.0,0.0,0.0,2,0,0
4360,33,14,19,11,6,6,10,4,1,0,3,0,0,0,0,0,0,0,0,0,0,0,0,1.0,1.0,1.0,0.0,0.0,0.0,2,0,0
4361,33,14,19,8,9,6,10,4,1,0,3,0,0,0,0,0,0,0,0,0,0,0,0,1.0,1.0,1.0,0.0,0.0,0.0,2,0,0
4362,33,14,19,8,9,6,10,4,1,0,3,0,0,0,0,0,0,0,0,0,0,0,0,1.0,1.0,1.0,0.0,0.0,0.0,2,0,0
4363,32,14,18,7,9,6,10,4,1,0,2,0,0,0,0,0,0,0,0,0,1,0,1,0.9411764705882353,1.0,1.0,0.0,0.0,0.0,2,0,1
4364,32,14,18,7,9,6,10,4,1,0,2,0,0,0,0,0,0,0,0,0,0,0,0,1.0,1.0,1.0,0.0,0.0,0.0,2,0,0
4365,32,14,18,7,9,6,10,4,1,0,2,0,0,0,0,0,0,0,0,0,0,0,0,1.0,1.0,1.0,0.0,0.0,0.0,2,0,0
4366,32,14,18,7,9,6,10,4,1,0,2,0,0,0,0,0,0,0,0,0,0,0,0,1.0,1.0,1.0,0.0,0.0,0.0,2,0,0
4367,32,14,18,7,9,6,10,4,1,0,2,0,0,0,0,0,0,0,0,0,0,0,0,1.0,1.0,1.0,0.0,0.0,0.0,2,0,0
4368,32,14,18,7,9,6,10,4,1,0,2,0,0,0,0,0,0,0,0,0,0,0,0,1.0,1.0,1.0,0.0,0.0,0.0,2,0,0
4369,32,14,18,7,9,6,10,4,1,0,2,0,0,0,0,0,0,0,0,0,0,0,0,1.0,1.0,1.0,0.0,0.0,0.0,2,0,0
4370,32,14,18,7,9,6,10,4,1,0,2,0,0,0,0,0,0,0,0,0,0,0,0,1.0,1.0,1.0,0.0,0.0,0.0,2,0,0
4371,32,14,18,7,9,6,10,4,1,0,2,0,0,0,0,0,0,0,0,0,0,0,0,1.0,1.0,1.0,0.0,0.0,0.0,2,0,0
4372,32,14,18,7,9,6,10,4,1,0,2,0,0,0,0,0,0,0,0,0,0,0,0,1.0,1.0,1.0,0.0,0.0,0.0,2,0,0
4373,32,14,18,7,9,6,10,4,1,0,2,0,0,0,0,0,0,0,0,0,0,0,0,1.0,1.0,1.0,0.0,0.0,0.0,2,0,0
4374,32,14,18,7,9,6,10,4,1,0,2,0,0,0,0,0,0,0,0,0,0,0,0,1.0,1.0,1.0,0.0,0.0,0.0,2,0,0
4375,32,14,18,7,9,6,10,4,1,0,2,0,0,0,0,0,0,0,0,0,0,0,0,1.0,1.0,1.0,0.0,0.0,0.0,2,0,0
4376,32,14,18,7,9,6,10,4,1,0,2,0,0,0,0,0,0,0,0,0,0,0,0,1.0,1.0,1.0,0.0,0.0,0.0,2,0,0
4377,32,14,18,7,9,6,10,4,1,0,2,0,0,0,0,0,0,0,0,0,0,0,0,1.0,1.0,1.0,0.0,0.0,0.0,2,0,0
4378,32,14,18,7,9,6,10,4,1,0,2,0,0,0,0,0,0,0,0,0,0,0,0,1.0,1.0,1.0,0.0,0.0,0.0,2,0,0
4379,36,17,19,11,9,6,10,4,0,0,3,0,0,0,0,0,0,0,0,1,0,0,0,1.0,1.0,1.0,0.125,0.125,0.0,2,4,0
4380,35,16,19,11,8,6,10,4,0,0,3,0,0,1,0,0,0,0,0,0,1,0,1,0.95,1.0,1.0,0.0,0.0,0.0,2,0,1
4381,33,15,18,10,8,6,9,4,0,0,3,0,0,1,1,0,0,0,0,0,1,0,2,0.9473684210526316,0.8333333333333334,1.0,0.0,0.0,0.0,2,0,2
4382,32,15,17,7,11,5,9,4,0,0,3,0,0,0,1,0,0,0,0,0,0,0,1,1.0,1.0,1.0,0.0,0.0,0.0,2,0,1
4383,30,14,16,7,11,4,8,3,0,0,3,0,0,1,1,0,0,0,0,0,0,0,2,1.0,1.0,0.75,0.0,0.0,0.0,2,0,2
4384,29,14,15,7,10,4,8,3,0,0,2,0,0,0,1,0,0,0,0,0,1,0,1,0.9444444444444444,1.0,1.0,0.0,0.0,0.0,2,0,1
4385,26,11,15,6,9,4,7,3,0,0,2,0,0,3,0,0,0,0,0,0,2,0,3,0.8823529411764706,0.8,1.0,0.0,0.0,0.0,2,0,3
4386,25,11,14,6,8,4,7,3,0,0,2,0,0,0,1,0,0,0,0,0,1,0,1,0.9333333333333333,1.0,1.0,0.0,0.0,0.0,2,0,1
4387,25,11,14,6,8,4,7,3,0,0,2,0,0,0,0,0,0,0,0,0,0,0,0,1.0,1.0,1.0,0.0,0.0,0.0,2,0,0
4388,25,11,14,6,8,4,7,3,0,0,2,0,0,0,0,0,0,0,0,0,0,0,0,1.0,1.0,1.0,0.0,0.0,0.0,2,0,0
4389,25,11,14,6,8,4,7,3,0,0,2,0,0,0,0,0,0,0,0,0,0,0,0,1.0,1.0,1.0,0.0,0.0,0.0,2,0,0
4390,25,11,14,6,8,4,7,3,0,0,2,0,0,0,0,0,0,0,0,0,0,0,0,1.0,1.0,1.0,0.0,0.0,0.0,2,0,0
4391,25,11,14,6,8,4,7,3,0,0,2,0,0,0,0,0,0,0,0,0,0,0,0,1.0,1.0,1.0,0.0,0.0,0.0,2,0,0
4392,25,11,14,6,8,4,7,3,0,0,2,0,0,0,0,0,0,0,0,0,0,0,0,1.0,1.0,1.0,0.0,0.0,0.0,2,0,0
4393,25,11,14,6,8,4,7,3,0,0,2,0,0,0,0,0,0,0,0,0,0,0,0,1.0,1.0,1.0,0.0,0.0,0.0,2,0,0
4394,24,10,14,6,7,4,7,3,0,0,2,0,0,0,0,0,0,0,0,0,1,0,1,0.9285714285714286,1.0,1.0,0.0,0.0,0.0,2,0,1
4395,24,10,14,6,7,4,7,3,0,0,2,0,0,0,0,0,0,0,0,0,0,0,0,1.0,1.0,1.0,0.0,0.0,0.0,2,0,0
4396,24,10,14,6,7,4,7,3,0,0,2,0,0,0,0,0,0,0,0,0,0,0,0,1.0,1.0,1.0,0.0,0.0,0.0,2,0,0
4397,24,10,14,6,7,4,7,3,0,0,2,0,0,0,0,0,0,0,0,0,0,0,0,1.0,1.0,1.0,0.0,0.0,0.0,2,0,0
4398,24,10,14,6,7,4,7,3,0,0,2,0,0,0,0,0,0,0,0,0,0,0,0,1.0,1.0,1.0,0.0,0.0,0.0,2,0,0
4399,24,10,14,6,7,4,7,3,0,0,2,0,0,0,0,0,0,0,0,0,0,0,0,1.0,1.0,1.0,0.0,0.0,0.0,2,0,0
4400,24,10,14,3,10,4,7,3,0,0,2,0,0,0,0,0,0,0,0,0,0,0,0,1.0,1.0,1.0,0.0,0.0,0.0,2,0,0
4401,24,10,14,3,10,4,7,3,0,0,2,0,0,0,0,0,0,0,0,0,0,0,0,1.0,1.0,1.0,0.0,0.0,0.0,2,0,0
4402,24,10,14,3,10,3,8,4,0,0,1,0,0,0,0,0,0,0,0,0,0,0,0,1.0,1.0,1.0,0.0,0.0,0.0,2,0,0
4403,24,10,14,3,10,3,8,4,0,0,1,0,0,0,0,0,0,0,0,0,0,0,0,1.0,1.0,1.0,0.0,0.0,0.0,2,0,0
4404,24,10,14,3,10,3,8,4,0,0,1,0,0,0,0,0,0,0,0,0,0,0,0,1.0,1.0,1.0,0.0,0.0,0.0,2,0,0
4405,24,10,14,3,10,3,8,4,0,0,1,0,0,0,0,0,0,0,0,0,0,0,0,1.0,1.0,1.0,0.0,0.0,0.0,2,0,0
4406,24,10,14,3,10,3,8,4,0,0,1,0,0,0,0,0,0,0,0,0,0,0,0,1.0,1.0,1.0,0.0,0.0,0.0,2,0,0
4407,24,10,14,3,10,3,8,4,0,0,1,0,0,0,0,0,0,0,0,0,0,2,0,1.0,1.0,1.0,0.0,0.0,0.0,2,0,0
4408,24,10,14,3,10,3,8,4,0,0,1,0,0,0,0,0,0,0,0,0,0,0,0,1.0,1.0,1.0,0.0,0.0,0.0,2,0,0
4409,24,10,14,3,10,3,8,4,0,0,1,0,0,0,0,0,0,0,0,0,0,0,0,1.0,1.0,1.0,0.0,0.0,0.0,2,0,0
4410,24,10,14,3,10,3,8,4,0,0,1,0,0,0,0,0,2,0,0,0,0,0,0,1.0,1.0,1.0,0.0,0.0,0.0,2,0,0
4411,24,10,14,3,8,5,8,4,1,1,1,0,0,0,0,0,8,1,1,0,0,0,0,1.0,1.0,1.0,0.0,0.0,0.125,2,0,0
4412,24,10,14,3,8,5,8,4,1,1,1,0,0,0,0,0,3,0,0,0,0,0,0,1.0,1.0,1.0,0.0,0.0,0.0,2,0,0
4413,24,10,14,3,8,5,8,4,1,1,1,0,0,0,0,0,1,0,0,0,0,0,0,1.0,1.0,1.0,0.0,0.0,0.0,2,0,0
4414,24,10,14,3,8,5,8,4,1,1,1,0,0,0,0,0,6,0,0,0,0,0,0,1.0,1.0,1.0,0.0,0.0,0.0,2,0,0
4415,24,10,14,3,8,5,8,4,1,1,1,0,0,0,0,0,0,0,0,0,0,0,0,1.0,1.0,1.0,0.0,0.0,0.0,2,0,0
4416,24,10,14,3,8,5,8,4,1,1,1,0,0,0,0,0,0,0,0,0,0,0,0,1.0,1.0,1.0,0.0,0.0,0.0,2,0,0
4417,24,10,14,3,8,5,8,4,1,1,1,0,0,0,0,0,0,0,0,0,0,0,0,1.0,1.0,1.0,0.0,0.0,0.0,2,0,0
4418,24,10,14,3,8,5,8,4,1,1,1,0,0,0,0,0,0,0,0,0,0,0,0,1.0,1.0,1.0,0.0,0.0,0.0,2,0,0
4419,24,10,14,3,8,5,8,4,1,1,1,0,0,0,0,0,0,0,0,0,0,0,0,1.0,1.0,1.0,0.0,0.0,0.0,2,0,0
4420,24,10,14,3,8,5,8,4,1,1,1,0,0,0,0,0,0,0,0,0,0,0,0,1.0,1.0,1.0,0.0,0.0,0.0,2,0,0
4421,24,10,14,3,8,5,8,4,1,1,1,0,0,0,0,0,0,0,0,0,0,0,0,1.0,1.0,1.0,0.0,0.0,0.0,2,0,0
4422,24,10,14,0,11,5,8,4,1,1,1,0,0,0,0,0,0,0,0,0,0,0,0,1.0,1.0,1.0,0.0,0.0,0.0,2,0,0
4423,24,10,14,0,11,5,8,4,2,1,1,0,0,0,0,0,6,1,0,0,0,0,0,1.0,1.0,1.0,0.0,0.0,0.16666666666666666,2,0,0
4424,24,10,14,0,11,5,8,4,2,1,0,0,0,0,0,0,0,0,0,0,0,0,0,1.0,1.0,1.0,0.0,0.0,0.0,2,0,0
4425,23,10,13,0,10,5,8,4,3,1,0,0,0,0,0,0,3,1,0,0,1,0,1,0.9090909090909091,1.0,1.0,0.0,0.0,0.3333333333333333,2,0,1
4426,23,10,13,0,10,5,8,4,3,1,0,0,0,0,0,0,0,0,0,0,0,0,0,1.0,1.0,1.0,0.0,0.0,0.0,2,0,0
4427,23,10,13,0,10,5,8,4,3,1,0,0,0,0,0,0,0,0,0,0,0,0,0,1.0,1.0,1.0,0.0,0.0,0.0,2,0,0
4428,23,10,13,0,10,5,8,4,3,1,0,0,0,0,0,0,0,0,0,0,0,0,0,1.0,1.0,1.0,0.0,0.0,0.0,2,0,0
4429,23,10,13,0,10,5,8,4,3,1,0,0,0,0,0,0,0,0,0,0,0,0,0,1.0,1.0,1.0,0.0,0.0,0.0,2,0,0
4430,23,10,13,0,10,5,8,4,3,1,0,0,0,0,0,0,0,0,0,0,0,0,0,1.0,1.0,1.0,0.0,0.0,0.0,2,0,0
4431,23,10,13,0,10,5,8,4,3,1,0,0,0,0,0,0,0,0,0,0,0,0,0,1.0,1.0,1.0,0.0,0.0,0.0,2,0,0
4432,23,10,13,0,10,5,8,4,3,1,0,0,0,0,0,0,0,0,0,0,0,0,0,1.0,1.0,1.0,0.0,0.0,0.0,2,0,0
4433,23,10,13,0,10,5,8,4,3,1,0,0,0,0,0,0,0,0,0,0,0,0,0,1.0,1.0,1.0,0.0,0.0,0.0,2,0,0
4434,23,10,13,0,10,5,8,4,3,1,0,0,0,0,0,0,0,0,0,0,0,0,0,1.0,1.0,1.0,0.0,0.0,0.0,2,0,0
4435,23,10,13,0,10,5,8,4,3,1,0,0,0,0,0,0,0,0,0,0,0,0,0,1.0,1.0,1.0,0.0,0.0,0.0,2,0,0
4436,23,10,13,0,10,5,8,4,3,1,0,0,0,0,0,0,0,0,0,0,0,0,0,1.0,1.0,1.0,0.0,0.0,0.0,2,0,0
4437,23,10,13,0,10,5,8,4,3,1,0,0,0,0,0,0,0,0,0,0,0,0,0,1.0,1.0,1.0,0.0,0.0,0.0,2,0,0
4438,23,10,13,0,10,5,8,4,3,1,0,0,0,0,0,0,0,0,0,0,0,0,0,1.0,1.0,1.0,0.0,0.0,0.0,2,0,0
4439,23,10,13,0,10,5,8,4,3,1,0,0,0,0,0,0,0,0,0,0,0,0,0,1.0,1.0,1.0,0.0,0.0,0.0,2,0,0
4440,23,10,13,0,10,5,8,4,3,1,0,0,0,0,0,0,0,0,0,0,0,0,0,1.0,1.0,1.0,0.0,0.0,0.0,2,0,0
4441,23,10,13,0,10,5,8,4,3,1,0,0,0,0,0,0,0,0,0,0,0,0,0,1.0,1.0,1.0,0.0,0.0,0.0,2,0,0
4442,23,10,13,0,10,5,8,4,3,1,0,0,0,0,0,0,0,0,0,0,0,0,0,1.0,1.0,1.0,0.0,0.0,0.0,2,0,0
4443,23,10,13,0,10,5,8,4,3,1,0,0,0,0,0,0,0,0,0,0,0,0,0,1.0,1.0,1.0,0.0,0.0,0.0,2,0,0
4444,23,10,13,0,10,5,8,4,3,1,0,0,0,0,0,0,0,0,0,0,0,0,0,1.0,1.0,1.0,0.0,0.0,0.0,2,0,0
4445,23,10,13,0,10,5,8,4,3,1,0,0,0,0,0,0,0,0,0,0,0,0,0,1.0,1.0,1.0,0.0,0.0,0.0,2,0,0
4446,23,10,13,0,10,5,8,4,3,1,0,0,0,0,0,0,0,0,0,0,0,0,0,1.0,1.0,1.0,0.0,0.0,0.0,2,0,0
4447,23,10,13,0,10,5,8,4,3,1,0,0,0,0,0,0,0,0,0,0,0,0,0,1.0,1.0,1.0,0.0,0.0,0.0,2,0,0
4448,23,10,13,0,10,5,8,4,3,1,0,0,0,0,0,0,0,0,0,0,0,1,0,1.0,1.0,1.0,0.0,0.0,0.0,2,0,0
4449,23,10,13,0,10,5,8,4,3,1,0,0,0,0,0,0,0,0,0,0,0,0,0,1.0,1.0,1.0,0.0,0.0,0.0,2,0,0
4450,23,10,13,0,10,5,8,4,3,1,0,0,0,0,0,0,0,0,0,0,0,0,0,1.0,1.0,1.0,0.0,0.0,0.0,2,0,0
4451,23,10,13,0,10,5,8,4,3,1,0,0,0,0,0,0,0,0,0,0,0,0,0,1.0,1.0,1.0,0.0,0.0,0.0,2,0,0
4452,23,10,13,0,9,6,8,4,3,1,0,0,0,0,0,0,0,0,0,0,0,0,0,1.0,1.0,1.0,0.0,0.0,0.0,2,0,0
4453,23,10,13,0,9,6,8,4,3,1,0,0,0,0,0,0,0,0,0,0,0,0,0,1.0,1.0,1.0,0.0,0.0,0.0,2,0,0
4454,23,10,13,0,9,6,8,4,3,1,0,0,0,0,0,0,0,0,0,0,0,0,0,1.0,1.0,1.0,0.0,0.0,0.0,2,0,0
4455,23,10,13,0,9,6,8,4,3,1,0,0,0,0,0,0,0,0,0,0,0,0,0,1.0,1.0,1.0,0.0,0.0,0.0,2,0,0
4456,23,10,13,0,9,6,8,4,3,0,0,0,0,0,0,0,0,0,0,0,0,0,0,1.0,1.0,1.0,0.0,0.0,0.0,2,0,0
4457,23,10,13,0,9,6,8,4,4,0,0,0,0,0,0,0,8,1,0,0,0,0,0,1.0,1.0,1.0,0.0,0.0,0.125,2,0,0
4458,23,10,13,0,9,6,8,4,4,0,0,0,0,0,0,0,0,0,0,0,0,0,0,1.0,1.0,1.0,0.0,0.0,0.0,2,0,0
4459,23,10,13,0,9,6,8,4,4,0,0,0,0,0,0,0,0,0,0,0,0,0,0,1.0,1.0,1.0,0.0,0.0,0.0,2,0,0
4460,23,10,13,0,9,6,8,4,4,0,0,0,0,0,0,0,0,0,0,0,0,0,0,1.0,1.0,1.0,0.0,0.0,0.0,2,0,0
4461,23,10,13,0,9,6,8,4,4,0,0,0,0,0,0,0,0,0,0,0,0,0,0,1.0,1.0,1.0,0.0,0.0,0.0,2,0,0
4462,23,10,13,0,9,6,8,4,4,0,0,0,0,0,0,0,0,0,0,0,0,0,0,1.0,1.0,1.0,0.0,0.0,0.0,2,0,0
4463,23,10,13,0,9,6,8,4,4,0,0,0,0,0,0,0,0,0,0,0,0,0,0,1.0,1.0,1.0,0.0,0.0,0.0,2,0,0
4464,23,10,13,0,9,6,8,4,4,0,0,0,0,0,0,0,0,0,0,0,0,0,0,1.0,1.0,1.0,0.0,0.0,0.0,2,0,0
4465,23,10,13,0,9,6,8,4,4,0,0,0,0,0,0,0,0,0,0,0,0,0,0,1.0,1.0,1.0,0.0,0.0,0.0,2,0,0
4466,23,10,13,0,9,6,8,4,4,0,0,0,0,0,0,0,0,0,0,0,0,0,0,1.0,1.0,1.0,0.0,0.0,0.0,2,0,0
4467,23,10,13,0,9,6,8,4,4,0,0,0,0,0,0,0,0,0,0,0,0,0,0,1.0,1.0,1.0,0.0,0.0,0.0,2,0,0
4468,23,10,13,0,9,6,8,4,4,0,0,0,0,0,0,0,0,0,0,0,0,0,0,1.0,1.0,1.0,0.0,0.0,0.0,2,0,0
4469,23,10,13,0,9,5,9,5,4,0,0,0,0,0,0,0,0,0,0,0,0,0,0,1.0,1.0,1.0,0.0,0.0,0.0,2,0,0
4470,23,10,13,0,9,5,9,5,4,0,0,0,0,0,0,0,0,0,0,0,0,0,0,1.0,1.0,1.0,0.0,0.0,0.0,2,0,0
4471,23,10,13,0,9,5,9,5,4,0,0,0,0,0,0,0,0,0,0,0,0,0,0,1.0,1.0,1.0,0.0,0.0,0.0,2,0,0
4472,23,10,13,0,9,5,9,5,4,0,0,0,0,0,0,0,0,0,0,0,0,0,0,1.0,1.0,1.0,0.0,0.0,0.0,2,0,0
4473,22,10,12,0,9,5,8,4,3,0,0,0,0,0,1,0,0,0,0,0,0,0,1,1.0,1.0,0.8,0.0,0.0,0.0,2,0,1
4474,22,10,12,0,9,5,8,4,3,0,0,0,0,0,0,0,0,0,0,0,0,0,0,1.0,1.0,1.0,0.0,0.0,0.0,2,0,0
4475,21,10,11,0,8,4,9,4,3,0,0,0,0,0,1,0,1,0,0,0,1,0,1,0.8888888888888888,1.0,1.0,0.0,0.0,0.0,2,0,1
4476,21,10,11,0,8,4,9,4,4,0,0,0,0,0,0,0,8,1,0,0,0,0,0,1.0,1.0,1.0,0.0,0.0,0.125,2,0,0
4477,21,10,11,0,8,4,9,4,4,0,0,0,0,0,0,0,0,0,0,0,0,0,0,1.0,1.0,1.0,0.0,0.0,0.0,2,0,0
4478,21,10,11,0,8,4,9,4,4,0,0,0,0,0,0,0,0,0,0,0,0,0,0,1.0,1.0,1.0,0.0,0.0,0.0,2,0,0
4479,21,10,11,0,8,4,9,4,4,0,0,0,0,0,0,0,0,0,0,0,0,0,0,1.0,1.0,1.0,0.0,0.0,0.0,2,0,0
4480,21,10,11,0,8,4,9,4,4,0,0,0,0,0,0,0,0,0,0,0,0,0,0,1.0,1.0,1.0,0.0,0.0,0.0,2,0,0
4481,21,10,11,0,8,4,9,4,4,0,0,0,0,0,0,0,0,0,0,0,0,0,0,1.0,1.0,1.0,0.0,0.0,0.0,2,0,0
4482,21,10,11,0,8,4,9,4,4,0,0,0,0,0,0,0,0,0,0,0,0,0,0,1.0,1.0,1.0,0.0,0.0,0.0,2,0,0
4483,21,10,11,0,8,4,9,4,4,0,0,0,0,0,0,0,0,0,0,0,0,0,0,1.0,1.0,1.0,0.0,0.0,0.0,2,0,0
4484,21,10,11,0,8,4,9,4,4,0,0,0,0,0,0,0,0,0,0,0,0,0,0,1.0,1.0,1.0,0.0,0.0,0.0,2,0,0
4485,21,10,11,0,8,4,9,4,4,0,0,0,0,0,0,0,0,0,0,0,0,0,0,1.0,1.0,1.0,0.0,0.0,0.0,2,0,0
4486,21,10,11,0,8,4,9,4,4,0,0,0,0,0,0,0,0,0,0,0,0,0,0,1.0,1.0,1.0,0.0,0.0,0.0,2,0,0
4487,21,10,11,0,8,4,9,4,4,0,0,0,0,0,0,0,0,0,0,0,0,0,0,1.0,1.0,1.0,0.0,0.0,0.0,2,0,0
4488,24,12,12,3,8,4,9,4,3,0,1,0,0,0,0,0,0,0,0,1,0,0,0,1.0,1.0,1.0,0.14285714285714285,0.14285714285714285,0.0,2,3,0
4489,24,12,12,3,8,4,9,4,3,0,1,0,0,0,0,0,0,0,0,0,0,0,0,1.0,1.0,1.0,0.0,0.0,0.0,2,0,0
4490,28,14,14,7,8,4,9,4,2,0,2,0,0,0,0,0,0,0,0,1,0,0,0,1.0,1.0,1.0,0.16666666666666666,0.16666666666666666,0.0,2,4,0
4491,28,14,14,7,8,4,9,4,2,0,2,0,0,0,0,0,0,0,0,0,0,0,0,1.0,1.0,1.0,0.0,0.0,0.0,2,0,0
4492,28,14,14,7,8,4,9,4,2,0,2,0,0,0,0,0,0,0,0,0,0,0,0,1.0,1.0,1.0,0.0,0.0,0.0,2,0,0
4493,28,14,14,7,8,4,9,4,2,0,2,0,0,0,0,0,0,0,0,0,0,0,0,1.0,1.0,1.0,0.0,0.0,0.0,2,0,0
4494,28,14,14,7,8,4,9,4,2,0,2,0,0,0,0,0,0,0,0,0,0,0,0,1.0,1.0,1.0,0.0,0.0,0.0,2,0,0
4495,28,14,14,7,8,4,9,4,2,0,2,0,0,0,0,0,0,0,0,0,0,0,0,1.0,1.0,1.0,0.0,0.0,0.0,2,0,0
4496,28,14,14,7,8,4,9,4,2,0,2,0,0,0,0,0,0,0,0,0,0,0,0,1.0,1.0,1.0,0.0,0.0,0.0,2,0,0
4497,28,14,14,7,8,3,10,5,2,0,2,0,0,0,0,0,0,0,0,0,0,0,0,1.0,1.0,1.0,0.0,0.0,0.0,2,0,0
4498,28,14,14,7,8,3,10,5,2,0,2,0,0,0,0,0,0,0,0,0,0,1,0,1.0,1.0,1.0,0.0,0.0,0.0,2,0,0
4499,28,14,14,7,8,2,11,6,2,0,2,0,0,0,0,0,0,0,0,0,0,0,0,1.0,1.0,1.0,0.0,0.0,0.0,2,0,0
4500,28,14,14,7,8,2,11,6,2,0,2,0,0,0,0,0,0,0,0,0,0,0,0,1.0,1.0,1.0,0.0,0.0,0.0,2,0,0
4501,28,14,14,7,8,2,11,6,3,1,2,0,0,0,0,0,12,1,1,0,0,0,0,1.0,1.0,1.0,0.0,0.0,0.08333333333333333,2,0,0
4502,28,14,14,7,7,3,11,6,3,1,2,0,0,0,0,0,0,0,0,0,0,0,0,1.0,1.0,1.0,0.0,0.0,0.0,2,0,0
4503,28,14,14,7,7,3,11,6,3,1,2,0,0,0,0,0,0,0,0,0,0,0,0,1.0,1.0,1.0,0.0,0.0,0.0,2,0,0
4504,28,14,14,7,7,2,12,7,3,1,2,0,0,0,0,0,1,0,0,0,0,0,0,1.0,1.0,1.0,0.0,0.0,0.0,2,0,0
4505,28,14,14,7,7,2,12,7,4,1,2,0,0,0,0,0,6,1,0,0,0,0,0,1.0,1.0,1.0,0.0,0.0,0.16666666666666666,2,0,0
4506,28,14,14,7,7,2,12,7,4,1,2,0,0,0,0,0,0,0,0,0,0,0,0,1.0,1.0,1.0,0.0,0.0,0.0,2,0,0
4507,28,14,14,7,7,2,12,7,4,1,2,0,0,0,0,0,0,0,0,0,0,0,0,1.0,1.0,1.0,0.0,0.0,0.0,2,0,0
4508,28,14,14,7,7,2,12,7,4,1,2,0,0,0,0,0,0,0,0,0,0,0,0,1.0,1.0,1.0,0.0,0.0,0.0,2,0,0
4509,28,14,14,7,7,2,12,7,4,1,2,0,0,0,0,0,0,0,0,0,0,0,0,1.0,1.0,1.0,0.0,0.0,0.0,2,0,0
4510,28,14,14,7,7,2,12,7,4,1,2,0,0,0,0,0,0,0,0,0,0,0,0,1.0,1.0,1.0,0.0,0.0,0.0,2,0,0
4511,28,14,14,7,7,2,12,7,4,1,2,0,0,0,0,0,0,0,0,0,0,0,0,1.0,1.0,1.0,0.0,0.0,0.0,2,0,0
4512,28,14,14,7,7,2,12,7,4,1,2,0,0,0,0,0,0,0,0,0,0,0,0,1.0,1.0,1.0,0.0,0.0,0.0,2,0,0
4513,28,14,14,7,7,2,12,7,4,1,2,0,0,0,0,0,0,0,0,0,0,0,0,1.0,1.0,1.0,0.0,0.0,0.0,2,0,0
4514,28,14,14,7,7,2,12,7,4,1,2,0,0,0,0,0,0,0,0,0,0,0,0,1.0,1.0,1.0,0.0,0.0,0.0,2,0,0
4515,28,14,14,7,7,2,12,7,4,1,2,0,0,0,0,0,0,0,0,0,0,0,0,1.0,1.0,1.0,0.0,0.0,0.0,2,0,0
4516,28,14,14,7,7,2,12,7,4,1,2,0,0,0,0,0,0,0,0,0,0,0,0,1.0,1.0,1.0,0.0,0.0,0.0,2,0,0
4517,28,14,14,7,7,2,12,7,4,1,2,0,0,0,0,0,0,0,0,0,0,0,0,1.0,1.0,1.0,0.0,0.0,0.0,2,0,0
4518,28,14,14,7,7,2,12,7,4,1,2,0,0,0,0,0,0,0,0,0,0,0,0,1.0,1.0,1.0,0.0,0.0,0.0,2,0,0
4519,28,14,14,7,7,2,12,7,4,1,2,0,0,0,0,0,0,0,0,0,0,1,0,1.0,1.0,1.0,0.0,0.0,0.0,2,0,0
4520,28,14,14,7,7,2,12,7,4,1,2,0,0,0,0,0,0,0,0,0,0,0,0,1.0,1.0,1.0,0.0,0.0,0.0,2,0,0
4521,28,14,14,7,7,2,12,7,4,1,2,0,0,0,0,0,0,0,0,0,0,0,0,1.0,1.0,1.0,0.0,0.0,0.0,2,0,0
4522,32,17,15,11,7,2,12,7,3,1,3,0,0,0,0,0,0,0,0,1,0,0,0,1.0,1.0,1.0,0.14285714285714285,0.14285714285714285,0.0,2,4,0
4523,32,17,15,11,6,3,12,7,3,1,3,0,0,0,0,0,0,0,0,0,0,0,0,1.0,1.0,1.0,0.0,0.0,0.0,2,0,0
4524,32,17,15,11,6,3,12,7,3,1,3,0,0,0,0,0,0,0,0,0,0,0,0,1.0,1.0,1.0,0.0,0.0,0.0,2,0,0
4525,32,17,15,11,6,3,12,7,3,1,3,0,0,0,0,0,0,0,0,0,0,0,0,1.0,1.0,1.0,0.0,0.0,0.0,2,0,0
4526,32,17,15,11,6,3,12,7,3,1,3,0,0,0,0,0,0,0,0,0,0,0,0,1.0,1.0,1.0,0.0,0.0,0.0,2,0,0
4527,32,17,15,11,6,3,12,7,3,1,3,0,0,0,0,0,0,0,0,0,0,0,0,1.0,1.0,1.0,0.0,0.0,0.0,2,0,0
4528,32,17,15,11,6,3,12,7,3,1,3,0,0,0,0,0,0,0,0,0,0,0,0,1.0,1.0,1.0,0.0,0.0,0.0,2,0,0
4529,32,17,15,11,6,3,12,7,3,1,3,0,0,0,0,0,0,0,0,0,0,0,0,1.0,1.0,1.0,0.0,0.0,0.0,2,0,0
4530,32,17,15,11,6,3,12,7,3,1,3,0,0,0,0,0,0,0,0,0,0,0,0,1.0,1.0,1.0,0.0,0.0,0.0,2,0,0
4531,32,17,15,8,9,3,12,7,3,1,3,0,0,0,0,0,0,0,0,0,0,0,0,1.0,1.0,1.0,0.0,0.0,0.0,2,0,0
4532,32,17,15,8,9,3,12,7,3,1,3,0,0,0,0,0,0,0,0,0,0,0,0,1.0,1.0,1.0,0.0,0.0,0.0,2,0,0
4533,32,17,15,4,13,3,12,7,3,1,2,0,0,0,0,0,0,0,0,0,0,0,0,1.0,1.0,1.0,0.0,0.0,0.0,2,0,0
4534,32,17,15,4,13,3,12,7,3,1,2,0,0,0,0,0,1,0,0,0,0,0,0,1.0,1.0,1.0,0.0,0.0,0.0,2,0,0
4535,32,17,15,4,13,3,12,7,4,1,1,0,0,0,0,0,6,1,0,0,0,0,0,1.0,1.0,1.0,0.0,0.0,0.16666666666666666,2,0,0
4536,32,17,15,4,13,3,12,7,5,1,1,0,0,0,0,0,4,1,0,0,0,0,0,1.0,1.0,1.0,0.0,0.0,0.25,2,0,0
4537,32,17,15,4,13,3,12,7,5,1,1,0,0,0,0,0,0,0,0,0,0,3,0,1.0,1.0,1.0,0.0,0.0,0.0,2,0,0
4538,32,17,15,4,13,3,12,7,5,1,1,0,0,0,0,0,0,0,0,0,0,0,0,1.0,1.0,1.0,0.0,0.0,0.0,2,0,0
4539,32,17,15,4,13,3,12,7,5,1,1,0,0,0,0,0,0,0,0,0,0,0,0,1.0,1.0,1.0,0.0,0.0,0.0,2,0,0
4540,32,17,15,4,13,3,12,7,5,1,1,0,0,0,0,0,0,0,0,0,0,0,0,1.0,1.0,1.0,0.0,0.0,0.0,2,0,0
4541,36,19,17,8,10,6,12,7,4,1,2,0,0,0,0,0,0,0,0,1,0,0,0,1.0,1.0,1.0,0.125,0.125,0.0,2,4,0
4542,36,19,17,8,10,6,12,7,4,1,2,0,0,0,0,0,0,0,0,0,0,0,0,1.0,1.0,1.0,0.0,0.0,0.0,2,0,0
4543,35,19,16,8,9,6,12,7,4,1,2,0,0,0,0,0,0,0,0,0,1,0,1,0.9444444444444444,1.0,1.0,0.0,0.0,0.0,2,0,1
4544,35,19,16,8,9,6,12,7,4,1,2,0,0,0,0,0,0,0,0,0,0,0,0,1.0,1.0,1.0,0.0,0.0,0.0,2,0,0
4545,35,19,16,8,9,6,12,7,4,1,2,0,0,0,0,0,0,0,0,0,0,0,0,1.0,1.0,1.0,0.0,0.0,0.0,2,0,0
4546,35,19,16,8,9,5,13,7,4,0,2,0,0,0,0,0,0,0,0,0,0,0,0,1.0,1.0,1.0,0.0,0.0,0.0,2,0,0
4547,35,19,16,8,9,5,13,7,5,0,2,0,0,0,0,0,6,1,0,0,0,0,0,1.0,1.0,1.0,0.0,0.0,0.16666666666666666,2,0,0
4548,35,19,16,8,9,5,13,7,5,0,2,0,0,0,0,0,0,0,0,0,0,0,0,1.0,1.0,1.0,0.0,0.0,0.0,2,0,0
4549,35,19,16,8,9,5,13,7,5,0,2,0,0,0,0,0,0,0,0,0,0,0,0,1.0,1.0,1.0,0.0,0.0,0.0,2,0,0
4550,35,19,16,8,9,5,13,7,5,0,2,0,0,0,0,0,0,0,0,0,0,0,0,1.0,1.0,1.0,0.0,0.0,0.0,2,0,0
4551,35,19,16,8,9,5,13,7,5,0,2,0,0,0,0,0,0,0,0,0,0,0,0,1.0,1.0,1.0,0.0,0.0,0.0,2,0,0
4552,35,19,16,8,9,5,13,7,5,0,2,0,0,0,0,0,0,0,0,0,0,0,0,1.0,1.0,1.0,0.0,0.0,0.0,2,0,0
4553,35,19,16,8,9,5,13,7,5,0,2,0,0,0,0,0,0,0,0,0,0,0,0,1.0,1.0,1.0,0.0,0.0,0.0,2,0,0
4554,35,19,16,8,9,5,13,7,5,0,2,0,0,0,0,0,0,0,0,0,0,0,0,1.0,1.0,1.0,0.0,0.0,0.0,2,0,0
4555,35,19,16,8,9,5,13,7,5,0,2,0,0,0,0,0,0,0,0,0,0,0,0,1.0,1.0,1.0,0.0,0.0,0.0,2,0,0
4556,35,19,16,8,9,5,13,7,5,0,2,0,0,0,0,0,0,0,0,0,0,0,0,1.0,1.0,1.0,0.0,0.0,0.0,2,0,0
4557,35,19,16,8,9,5,13,7,5,0,2,0,0,0,0,0,0,0,0,0,0,0,0,1.0,1.0,1.0,0.0,0.0,0.0,2,0,0
4558,35,19,16,8,9,5,13,7,5,0,2,0,0,0,0,0,0,0,0,0,0,0,0,1.0,1.0,1.0,0.0,0.0,0.0,2,0,0
4559,35,19,16,8,9,5,13,7,5,0,2,0,0,0,0,0,0,0,0,0,0,3,0,1.0,1.0,1.0,0.0,0.0,0.0,2,0,0
4560,35,19,16,8,9,5,13,7,5,0,2,0,0,0,0,0,0,0,0,0,0,0,0,1.0,1.0,1.0,0.0,0.0,0.0,2,0,0
4561,35,19,16,8,9,5,13,7,5,0,2,0,0,0,0,0,0,0,0,0,0,0,0,1.0,1.0,1.0,0.0,0.0,0.0,2,0,0
4562,35,19,16,8,9,5,13,7,5,0,2,0,0,0,0,0,0,0,0,0,0,0,0,1.0,1.0,1.0,0.0,0.0,0.0,2,0,0
4563,35,19,16,8,6,8,13,7,5,0,2,0,0,0,0,0,0,0,0,0,0,0,0,1.0,1.0,1.0,0.0,0.0,0.0,2,0,0
4564,33,19,14,7,6,7,13,7,5,0,2,0,0,0,2,0,0,0,0,0,1,0,2,0.9285714285714286,1.0,1.0,0.0,0.0,0.0,2,0,2
4565,31,18,13,3,10,6,12,6,5,0,1,0,0,1,1,0,0,0,0,0,0,0,2,1.0,1.0,0.8571428571428572,0.0,0.0,0.0,2,0,2
4566,34,20,14,7,10,5,12,6,4,0,2,0,0,1,0,0,0,0,0,1,0,0,1,1.0,1.0,1.0,0.12903225806451613,0.12903225806451613,0.0,2,4,1
4567,34,20,14,7,10,5,12,6,4,0,1,0,0,0,0,0,0,0,0,0,0,0,0,1.0,1.0,1.0,0.0,0.0,0.0,2,0,0
4568,33,19,14,6,10,5,12,6,5,0,1,0,0,1,0,0,6,1,0,0,1,0,1,0.9411764705882353,1.0,1.0,0.0,0.0,0.16666666666666666,2,0,1
4569,33,19,14,6,10,5,12,6,5,0,1,0,0,0,0,0,0,0,0,0,0,0,0,1.0,1.0,1.0,0.0,0.0,0.0,2,0,0
4570,37,22,15,10,10,5,12,6,4,0,2,0,0,0,0,0,0,0,0,1,0,0,0,1.0,1.0,1.0,0.12121212121212122,0.12121212121212122,0.0,2,4,0
4571,36,21,15,9,10,5,12,6,4,0,2,0,0,0,0,0,0,0,0,0,1,0,1,0.95,1.0,1.0,0.0,0.0,0.0,2,0,1
4572,35,21,14,8,10,5,12,6,4,0,2,0,0,0,0,0,0,0,0,0,1,0,1,0.9473684210526316,1.0,1.0,0.0,0.0,0.0,2,0,1
4573,35,21,14,8,10,5,12,6,4,0,2,0,0,0,0,0,0,0,0,0,0,0,0,1.0,1.0,1.0,0.0,0.0,0.0,2,0,0
4574,35,21,14,8,10,5,12,6,4,0,2,0,0,0,0,0,0,0,0,0,0,0,0,1.0,1.0,1.0,0.0,0.0,0.0,2,0,0
4575,35,21,14,8,10,5,12,6,4,0,2,0,0,0,0,0,0,0,0,0,0,0,0,1.0,1.0,1.0,0.0,0.0,0.0,2,0,0
4576,35,21,14,8,10,5,12,6,4,0,2,0,0,0,0,0,0,0,0,0,0,0,0,1.0,1.0,1.0,0.0,0.0,0.0,2,0,0
4577,35,21,14,8,10,5,12,6,4,0,2,0,0,0,0,0,0,0,0,0,0,0,0,1.0,1.0,1.0,0.0,0.0,0.0,2,0,0
4578,35,21,14,8,10,5,12,6,4,0,2,0,0,0,0,0,0,0,0,0,0,0,0,1.0,1.0,1.0,0.0,0.0,0.0,2,0,0
4579,34,21,13,8,10,4,12,6,4,0,2,0,0,0,0,0,0,0,0,0,0,0,0,1.0,1.0,1.0,0.0,0.0,0.0,2,0,1
4580,34,21,13,8,10,4,12,6,4,0,2,0,0,0,0,0,0,0,0,0,0,0,0,1.0,1.0,1.0,0.0,0.0,0.0,2,0,0
4581,34,21,13,8,10,4,12,6,4,0,2,0,0,0,0,0,0,0,0,0,0,0,0,1.0,1.0,1.0,0.0,0.0,0.0,2,0,0
4582,34,21,13,8,10,4,12,6,4,0,2,0,0,0,0,0,0,0,0,0,0,0,0,1.0,1.0,1.0,0.0,0.0,0.0,2,0,0
4583,34,21,13,8,10,4,12,6,4,0,2,0,0,0,0,0,0,0,0,0,0,0,0,1.0,1.0,1.0,0.0,0.0,0.0,2,0,0
4584,34,21,13,7,11,4,12,6,4,0,2,0,0,0,0,0,0,0,0,0,0,0,0,1.0,1.0,1.0,0.0,0.0,0.0,2,0,0
4585,34,21,13,7,11,4,12,6,4,0,2,0,0,0,0,0,0,0,0,0,0,0,0,1.0,1.0,1.0,0.0,0.0,0.0,2,0,0
4586,34,21,13,7,11,4,12,6,4,0,2,0,0,0,0,0,0,0,0,0,0,0,0,1.0,1.0,1.0,0.0,0.0,0.0,2,0,0
4587,34,21,13,7,11,4,12,6,4,0,2,0,0,0,0,0,0,0,0,0,0,0,0,1.0,1.0,1.0,0.0,0.0,0.0,2,0,0
4588,34,21,13,7,11,4,12,6,4,0,2,0,0,0,0,0,0,0,0,0,0,0,0,1.0,1.0,1.0,0.0,0.0,0.0,2,0,0
4589,34,21,13,7,11,4,12,6,4,0,2,0,0,0,0,0,0,0,0,0,0,0,0,1.0,1.0,1.0,0.0,0.0,0.0,2,0,0
4590,34,21,13,7,11,4,12,6,4,0,2,0,0,0,0,0,0,0,0,0,0,0,0,1.0,1.0,1.0,0.0,0.0,0.0,2,0,0
4591,34,21,13,7,11,4,12,6,4,0,2,0,0,0,0,0,0,0,0,0,0,0,0,1.0,1.0,1.0,0.0,0.0,0.0,2,0,0
4592,34,21,13,7,11,4,12,6,4,0,2,0,0,0,0,0,0,0,0,0,0,0,0,1.0,1.0,1.0,0.0,0.0,0.0,2,0,0
4593,34,21,13,7,11,4,12,6,4,0,2,0,0,0,0,0,0,0,0,0,0,0,0,1.0,1.0,1.0,0.0,0.0,0.0,2,0,0
4594,34,21,13,7,11,4,12,6,4,0,2,0,0,0,0,0,0,0,0,0,0,0,0,1.0,1.0,1.0,0.0,0.0,0.0,2,0,0
4595,34,21,13,7,11,4,12,6,4,0,2,0,0,0,0,0,0,0,0,0,0,0,0,1.0,1.0,1.0,0.0,0.0,0.0,2,0,0
4596,34,21,13,7,11,4,12,6,4,0,2,0,0,0,0,0,0,0,0,0,0,0,0,1.0,1.0,1.0,0.0,0.0,0.0,2,0,0
4597,34,21,13,7,11,4,12,6,4,0,2,0,0,0,0,0,0,0,0,0,0,0,0,1.0,1.0,1.0,0.0,0.0,0.0,2,0,0
4598,34,21,13,7,11,4,12,6,4,0,2,0,0,0,0,0,0,0,0,0,0,0,0,1.0,1.0,1.0,0.0,0.0,0.0,2,0,0
4599,34,21,13,7,11,4,12,6,4,0,2,0,0,0,0,0,0,0,0,0,0,0,0,1.0,1.0,1.0,0.0,0.0,0.0,2,0,0
4600,37,23,14,10,11,4,12,6,3,0,3,0,0,0,0,0,0,0,0,1,0,0,0,1.0,1.0,1.0,0.08823529411764706,0.08823529411764706,0.0,2,3,0
4601,40,25,15,13,11,4,12,6,2,0,4,0,0,0,0,0,0,0,0,1,0,0,0,1.0,1.0,1.0,0.08108108108108109,0.08108108108108109,0.0,2,3,0
4602,40,25,15,13,11,4,12,6,2,0,4,0,0,0,0,0,0,0,0,0,0,0,0,1.0,1.0,1.0,0.0,0.0,0.0,2,0,0
4603,40,25,15,13,11,4,12,6,2,0,4,0,0,0,0,0,0,0,0,0,0,0,0,1.0,1.0,1.0,0.0,0.0,0.0,2,0,0
4604,40,25,15,13,11,4,12,6,2,0,4,0,0,0,0,0,0,0,0,0,0,0,0,1.0,1.0,1.0,0.0,0.0,0.0,2,0,0
4605,40,25,15,13,11,4,12,6,2,0,4,0,0,0,0,0,0,0,0,0,0,0,0,1.0,1.0,1.0,0.0,0.0,0.0,2,0,0
4606,40,25,15,13,11,4,12,6,2,0,4,0,0,0,0,0,0,0,0,0,0,0,0,1.0,1.0,1.0,0.0,0.0,0.0,2,0,0
4607,40,25,15,13,11,4,12,6,2,0,4,0,0,0,0,0,0,0,0,0,0,0,0,1.0,1.0,1.0,0.0,0.0,0.0,2,0,0
4608,40,25,15,13,11,4,12,6,2,0,4,0,0,0,0,0,0,0,0,0,0,0,0,1.0,1.0,1.0,0.0,0.0,0.0,2,0,0
4609,40,25,15,9,15,4,12,6,2,0,4,0,0,0,0,0,0,0,0,0,0,0,0,1.0,1.0,1.0,0.0,0.0,0.0,2,0,0
4610,40,25,15,9,15,4,12,6,2,0,4,0,0,0,0,0,0,0,0,0,0,0,0,1.0,1.0,1.0,0.0,0.0,0.0,2,0,0
4611,39,24,15,8,15,4,12,6,2,0,3,0,0,0,0,0,0,0,0,0,1,0,1,0.9583333333333334,1.0,1.0,0.0,0.0,0.0,2,0,1
4612,43,25,18,12,15,4,12,6,1,0,4,0,0,0,0,0,5,0,0,1,0,0,0,1.0,1.0,1.0,0.10256410256410256,0.10256410256410256,0.0,2,4,0
4613,43,25,18,9,18,4,12,6,2,0,4,0,0,0,0,0,7,1,0,0,0,0,0,1.0,1.0,1.0,0.0,0.0,0.14285714285714285,2,0,0
4614,43,25,18,9,18,4,12,6,2,0,4,0,0,0,0,0,0,0,0,0,0,0,0,1.0,1.0,1.0,0.0,0.0,0.0,2,0,0
4615,43,25,18,9,18,4,12,6,2,0,3,0,0,0,0,0,0,0,0,0,0,0,0,1.0,1.0,1.0,0.0,0.0,0.0,2,0,0
4616,43,25,18,9,18,4,12,6,3,0,3,0,0,0,0,0,7,1,0,0,0,0,0,1.0,1.0,1.0,0.0,0.0,0.14285714285714285,2,0,0
4617,43,25,18,9,18,4,12,6,3,0,3,0,0,0,0,0,0,0,0,0,0,0,0,1.0,1.0,1.0,0.0,0.0,0.0,2,0,0
4618,43,25,18,9,18,4,12,6,3,0,3,0,0,0,0,0,0,0,0,0,0,0,0,1.0,1.0,1.0,0.0,0.0,0.0,2,0,0
4619,43,25,18,9,18,4,12,6,3,0,3,0,0,0,0,0,0,0,0,0,0,0,0,1.0,1.0,1.0,0.0,0.0,0.0,2,0,0
4620,43,25,18,9,18,4,12,6,3,0,3,0,0,0,0,0,0,0,0,0,0,0,0,1.0,1.0,1.0,0.0,0.0,0.0,2,0,0
4621,43,25,18,9,18,4,12,6,3,0,3,0,0,0,0,0,0,0,0,0,0,0,0,1.0,1.0,1.0,0.0,0.0,0.0,2,0,0
4622,43,25,18,9,18,4,12,6,3,0,3,0,0,0,0,0,0,0,0,0,0,0,0,1.0,1.0,1.0,0.0,0.0,0.0,2,0,0
4623,42,24,18,8,18,4,12,6,3,0,3,0,0,0,0,0,0,0,0,0,1,0,1,0.962962962962963,1.0,1.0,0.0,0.0,0.0,2,0,1
4624,42,24,18,8,18,4,12,6,3,0,3,0,0,0,0,0,0,0,0,0,0,0,0,1.0,1.0,1.0,0.0,0.0,0.0,2,0,0
4625,42,24,18,8,18,4,12,6,3,0,3,0,0,0,0,0,0,0,0,0,0,0,0,1.0,1.0,1.0,0.0,0.0,0.0,2,0,0
4626,42,24,18,8,18,4,12,6,3,0,3,0,0,0,0,0,0,0,0,0,0,0,0,1.0,1.0,1.0,0.0,0.0,0.0,2,0,0
4627,42,24,18,8,18,4,12,6,3,0,3,0,0,0,0,0,0,0,0,0,0,0,0,1.0,1.0,1.0,0.0,0.0,0.0,2,0,0
4628,42,24,18,8,18,4,12,6,3,0,3,0,0,0,0,0,0,0,0,0,0,0,0,1.0,1.0,1.0,0.0,0.0,0.0,2,0,0
4629,42,24,18,8,18,4,12,6,3,0,3,0,0,0,0,0,0,0,0,0,0,0,0,1.0,1.0,1.0,0.0,0.0,0.0,2,0,0
4630,40,22,18,8,16,4,12,6,3,0,3,0,0,0,0,0,0,0,0,0,2,0,2,0.9230769230769231,1.0,1.0,0.0,0.0,0.0,2,0,2
4631,40,22,18,8,16,4,12,6,3,0,3,0,0,0,0,0,0,0,0,0,0,0,0,1.0,1.0,1.0,0.0,0.0,0.0,2,0,0
4632,40,22,18,8,16,4,12,6,3,0,3,0,0,0,0,0,0,0,0,0,0,0,0,1.0,1.0,1.0,0.0,0.0,0.0,2,0,0
4633,44,24,20,12,16,4,12,6,2,0,4,0,0,0,0,0,0,0,0,1,0,0,0,1.0,1.0,1.0,0.1,0.1,0.0,2,4,0
4634,44,24,20,12,16,4,12,6,2,0,4,0,0,0,0,0,0,0,0,0,0,0,0,1.0,1.0,1.0,0.0,0.0,0.0,2,0,0
4635,44,24,20,12,16,4,12,6,2,0,4,0,0,0,0,0,0,0,0,0,0,0,0,1.0,1.0,1.0,0.0,0.0,0.0,2,0,0
4636,44,24,20,12,16,4,12,6,2,0,4,0,0,0,0,0,0,0,0,0,0,0,0,1.0,1.0,1.0,0.0,0.0,0.0,2,0,0
4637,44,24,20,12,16,4,12,6,2,0,4,0,0,0,0,0,0,0,0,0,0,0,0,1.0,1.0,1.0,0.0,0.0,0.0,2,0,0
4638,44,24,20,12,16,4,12,6,2,0,4,0,0,0,0,0,0,0,0,0,0,0,0,1.0,1.0,1.0,0.0,0.0,0.0,2,0,0
4639,44,24,20,12,16,4,12,6,2,0,4,0,0,0,0,0,0,0,0,0,0,0,0,1.0,1.0,1.0,0.0,0.0,0.0,2,0,0
4640,44,24,20,12,16,4,12,6,2,0,4,0,0,0,0,0,0,0,0,0,0,0,0,1.0,1.0,1.0,0.0,0.0,0.0,2,0,0
4641,44,24,20,12,16,4,12,6,2,0,4,0,0,0,0,0,0,0,0,0,0,0,0,1.0,1.0,1.0,0.0,0.0,0.0,2,0,0
4642,44,24,20,12,16,4,12,6,2,0,4,0,0,0,0,0,0,0,0,0,0,0,0,1.0,1.0,1.0,0.0,0.0,0.0,2,0,0
4643,44,24,20,11,17,4,12,6,2,0,4,0,0,0,0,0,0,0,0,0,0,0,0,1.0,1.0,1.0,0.0,0.0,0.0,2,0,0
4644,44,24,20,8,20,4,12,6,2,0,4,0,0,0,0,0,0,0,0,0,0,0,0,1.0,1.0,1.0,0.0,0.0,0.0,2,0,0
4645,43,23,20,7,20,4,12,6,2,0,3,0,0,0,0,0,0,0,0,0,1,0,1,0.9642857142857143,1.0,1.0,0.0,0.0,0.0,2,0,1
4646,43,23,20,7,20,4,12,6,3,0,2,0,0,0,0,0,7,1,0,0,0,0,0,1.0,1.0,1.0,0.0,0.0,0.14285714285714285,2,0,0
4647,43,23,20,7,20,4,12,6,3,1,2,0,0,0,0,0,4,0,1,0,0,0,0,1.0,1.0,1.0,0.0,0.0,0.0,2,0,0
4648,43,23,20,7,20,4,12,6,3,1,2,0,0,0,0,0,0,0,0,0,0,0,0,1.0,1.0,1.0,0.0,0.0,0.0,2,0,0
4649,43,23,20,7,20,4,12,6,3,1,2,0,0,0,0,0,0,0,0,0,0,0,0,1.0,1.0,1.0,0.0,0.0,0.0,2,0,0
4650,43,23,20,7,20,4,12,6,3,1,2,0,0,0,0,0,0,0,0,0,0,0,0,1.0,1.0,1.0,0.0,0.0,0.0,2,0,0
4651,43,23,20,7,20,4,12,6,3,1,2,0,0,0,0,0,0,0,0,0,0,0,0,1.0,1.0,1.0,0.0,0.0,0.0,2,0,0
4652,43,23,20,7,20,4,12,6,3,1,2,0,0,0,0,0,0,0,0,0,0,0,0,1.0,1.0,1.0,0.0,0.0,0.0,2,0,0
4653,43,23,20,7,20,4,12,6,3,1,2,0,0,0,0,0,0,0,0,0,0,0,0,1.0,1.0,1.0,0.0,0.0,0.0,2,0,0
4654,42,22,20,7,20,4,11,6,3,1,2,0,0,1,0,0,0,0,0,0,0,0,1,1.0,0.8333333333333334,1.0,0.0,0.0,0.0,2,0,1
4655,40,20,20,3,23,4,10,6,3,1,2,0,0,2,0,0,0,0,0,0,1,0,2,0.962962962962963,0.8,1.0,0.0,0.0,0.0,2,0,2
4656,38,19,19,3,22,4,9,5,2,1,2,0,0,0,1,0,0,0,0,0,1,0,2,0.9615384615384616,1.0,0.8333333333333334,0.0,0.0,0.0,2,0,2
4657,38,19,19,3,22,4,9,5,2,1,1,0,0,0,0,0,0,0,0,0,0,0,0,1.0,1.0,1.0,0.0,0.0,0.0,2,0,0
4658,37,19,18,3,22,4,8,4,3,1,0,0,0,0,1,0,2,1,0,0,0,0,1,1.0,1.0,0.8,0.0,0.0,0.5,2,0,1
4659,37,19,18,3,22,4,8,4,3,1,0,0,0,0,0,0,0,0,0,0,0,0,0,1.0,1.0,1.0,0.0,0.0,0.0,2,0,0
4660,34,17,17,3,20,4,7,3,2,1,0,0,0,0,1,0,0,0,0,0,2,0,3,0.92,1.0,0.75,0.0,0.0,0.0,2,0,3
4661,34,17,17,3,20,4,7,3,2,1,0,0,0,0,0,0,0,0,0,0,0,0,0,1.0,1.0,1.0,0.0,0.0,0.0,2,0,0
4662,34,17,17,3,20,4,7,3,2,1,0,0,0,0,0,0,0,0,0,0,0,0,0,1.0,1.0,1.0,0.0,0.0,0.0,2,0,0
4663,34,17,17,3,20,4,7,3,2,1,0,0,0,0,0,0,0,0,0,0,0,0,0,1.0,1.0,1.0,0.0,0.0,0.0,2,0,0
4664,34,17,17,3,20,4,7,3,2,1,0,0,0,0,0,0,0,0,0,0,0,0,0,1.0,1.0,1.0,0.0,0.0,0.0,2,0,0
4665,34,17,17,3,20,4,7,3,2,1,0,0,0,0,0,0,0,0,0,0,0,0,0,1.0,1.0,1.0,0.0,0.0,0.0,2,0,0
4666,34,17,17,3,20,4,7,3,2,1,0,0,0,0,0,0,0,0,0,0,0,0,0,1.0,1.0,1.0,0.0,0.0,0.0,2,0,0
4667,34,17,17,3,20,4,7,3,2,1,0,0,0,0,0,0,0,0,0,0,0,0,0,1.0,1.0,1.0,0.0,0.0,0.0,2,0,0
4668,34,17,17,3,20,4,7,3,2,1,0,0,0,0,0,0,0,0,0,0,0,2,0,1.0,1.0,1.0,0.0,0.0,0.0,2,0,0
4669,34,17,17,3,20,4,7,3,2,1,0,0,0,0,0,0,0,0,0,0,0,0,0,1.0,1.0,1.0,0.0,0.0,0.0,2,0,0
4670,34,17,17,3,20,4,7,3,2,1,0,0,0,0,0,0,0,0,0,0,0,4,0,1.0,1.0,1.0,0.0,0.0,0.0,2,0,0
4671,34,17,17,3,20,4,7,3,2,1,0,0,0,0,0,0,0,0,0,0,0,0,0,1.0,1.0,1.0,0.0,0.0,0.0,2,0,0
4672,34,17,17,3,18,6,7,3,2,1,0,0,0,0,0,0,0,0,0,0,0,0,0,1.0,1.0,1.0,0.0,0.0,0.0,2,0,0
4673,34,17,17,3,18,6,7,3,2,1,0,0,0,0,0,0,0,0,0,0,0,0,0,1.0,1.0,1.0,0.0,0.0,0.0,2,0,0
4674,34,17,17,3,14,10,7,3,2,1,0,0,0,0,0,0,0,0,0,0,0,0,0,1.0,1.0,1.0,0.0,0.0,0.0,2,0,0
4675,34,17,17,3,14,10,7,3,2,1,0,0,0,0,0,0,0,0,0,0,0,0,0,1.0,1.0,1.0,0.0,0.0,0.0,2,0,0
4676,34,17,17,0,17,9,8,3,2,1,0,0,0,0,0,0,0,0,0,0,0,0,0,1.0,1.0,1.0,0.0,0.0,0.0,2,0,0
4677,34,17,17,0,17,9,8,3,2,1,0,0,0,0,0,0,0,0,0,0,0,0,0,1.0,1.0,1.0,0.0,0.0,0.0,2,0,0
4678,37,18,19,3,17,9,8,3,1,1,1,0,0,0,0,0,0,0,0,1,0,0,0,1.0,1.0,1.0,0.08823529411764706,0.08823529411764706,0.0,2,3,0
4679,37,18,19,3,17,9,8,3,1,1,1,0,0,0,0,0,0,0,0,0,0,0,0,1.0,1.0,1.0,0.0,0.0,0.0,2,0,0
4680,37,18,19,3,17,9,8,3,1,1,1,0,0,0,0,0,0,0,0,0,0,0,0,1.0,1.0,1.0,0.0,0.0,0.0,2,0,0
4681,37,18,19,3,17,9,8,3,1,1,1,0,0,0,0,0,0,0,0,0,0,0,0,1.0,1.0,1.0,0.0,0.0,0.0,2,0,0
4682,37,18,19,3,17,9,8,3,1,1,1,0,0,0,0,0,0,0,0,0,0,0,0,1.0,1.0,1.0,0.0,0.0,0.0,2,0,0
4683,37,18,19,3,17,9,8,3,1,1,1,0,0,0,0,0,0,0,0,0,0,0,0,1.0,1.0,1.0,0.0,0.0,0.0,2,0,0
4684,37,18,19,3,17,9,8,3,1,1,1,0,0,0,0,0,0,0,0,0,0,0,0,1.0,1.0,1.0,0.0,0.0,0.0,2,0,0
4685,37,18,19,3,17,9,8,3,1,1,1,0,0,0,0,0,0,0,0,0,0,0,0,1.0,1.0,1.0,0.0,0.0,0.0,2,0,0
4686,37,18,19,3,17,9,8,3,1,1,1,0,0,0,0,0,0,0,0,0,0,0,0,1.0,1.0,1.0,0.0,0.0,0.0,2,0,0
4687,36,17,19,3,16,9,8,3,1,1,1,0,0,0,0,0,0,0,0,0,1,0,1,0.95,1.0,1.0,0.0,0.0,0.0,2,0,1
4688,36,17,19,3,16,9,8,3,1,1,1,0,0,0,0,0,0,0,0,0,0,0,0,1.0,1.0,1.0,0.0,0.0,0.0,2,0,0
4689,36,17,19,3,16,9,8,3,1,1,1,0,0,0,0,0,0,0,0,0,0,0,0,1.0,1.0,1.0,0.0,0.0,0.0,2,0,0
4690,36,17,19,3,16,9,8,3,1,1,1,0,0,0,0,0,0,0,0,0,0,0,0,1.0,1.0,1.0,0.0,0.0,0.0,2,0,0
4691,36,17,19,3,16,9,8,3,1,1,1,0,0,0,0,0,0,0,0,0,0,0,0,1.0,1.0,1.0,0.0,0.0,0.0,2,0,0
4692,36,17,19,3,16,9,8,3,1,0,1,0,0,0,0,0,0,0,0,0,0,0,0,1.0,1.0,1.0,0.0,0.0,0.0,2,0,0
4693,36,17,19,3,16,9,8,3,1,0,1,0,0,0,0,0,0,0,0,0,0,0,0,1.0,1.0,1.0,0.0,0.0,0.0,2,0,0
4694,36,17,19,3,16,9,8,3,1,0,1,0,0,0,0,0,0,0,0,0,0,0,0,1.0,1.0,1.0,0.0,0.0,0.0,2,0,0
4695,36,17,19,3,16,9,8,3,1,0,1,0,0,0,0,0,0,0,0,0,0,0,0,1.0,1.0,1.0,0.0,0.0,0.0,2,0,0
4696,36,17,19,3,16,9,8,3,1,0,1,0,0,0,0,0,0,0,0,0,0,0,0,1.0,1.0,1.0,0.0,0.0,0.0,2,0,0
4697,36,17,19,3,16,9,8,3,1,0,1,0,0,0,0,0,0,0,0,0,0,0,0,1.0,1.0,1.0,0.0,0.0,0.0,2,0,0
4698,36,17,19,3,16,8,9,3,1,0,1,0,0,0,0,0,0,0,0,0,0,0,0,1.0,1.0,1.0,0.0,0.0,0.0,2,0,0
4699,35,17,18,2,16,8,9,3,1,0,1,0,0,0,0,0,0,0,0,0,1,0,1,0.9473684210526316,1.0,1.0,0.0,0.0,0.0,2,0,1
4700,35,17,18,2,16,8,9,3,1,0,1,0,0,0,0,0,0,0,0,0,0,0,0,1.0,1.0,1.0,0.0,0.0,0.0,2,0,0
4701,35,17,18,2,16,8,9,3,1,0,1,0,0,0,0,0,0,0,0,0,0,0,0,1.0,1.0,1.0,0.0,0.0,0.0,2,0,0
4702,35,17,18,2,16,8,9,3,1,0,1,0,0,0,0,0,0,0,0,0,0,4,0,1.0,1.0,1.0,0.0,0.0,0.0,2,0,0
4703,35,17,18,2,16,8,9,3,1,0,1,0,0,0,0,0,0,0,0,0,0,0,0,1.0,1.0,1.0,0.0,0.0,0.0,2,0,0
4704,35,17,18,2,16,8,9,3,1,0,1,0,0,0,0,0,0,0,0,0,0,0,0,1.0,1.0,1.0,0.0,0.0,0.0,2,0,0
4705,35,17,18,2,16,8,9,3,1,0,1,0,0,0,0,0,0,0,0,0,0,0,0,1.0,1.0,1.0,0.0,0.0,0.0,2,0,0
4706,35,17,18,2,12,12,9,3,1,0,1,0,0,0,0,0,0,0,0,0,0,0,0,1.0,1.0,1.0,0.0,0.0,0.0,2,0,0
4707,35,17,18,2,12,12,9,3,1,0,1,0,0,0,0,0,0,0,0,0,0,0,0,1.0,1.0,1.0,0.0,0.0,0.0,2,0,0
4708,35,17,18,2,12,12,9,3,1,0,1,0,0,0,0,0,0,0,0,0,0,0,0,1.0,1.0,1.0,0.0,0.0,0.0,2,0,0
4709,35,17,18,2,12,12,9,3,1,0,1,0,0,0,0,0,0,0,0,0,0,0,0,1.0,1.0,1.0,0.0,0.0,0.0,2,0,0
4710,35,17,18,2,12,12,9,3,1,0,1,0,0,0,0,0,0,0,0,0,0,0,0,1.0,1.0,1.0,0.0,0.0,0.0,2,0,0
4711,35,17,18,2,12,12,9,3,1,0,1,0,0,0,0,0,0,0,0,0,0,0,0,1.0,1.0,1.0,0.0,0.0,0.0,2,0,0
4712,35,17,18,2,12,11,10,4,1,0,1,0,0,0,0,0,0,0,0,0,0,0,0,1.0,1.0,1.0,0.0,0.0,0.0,2,0,0
4713,35,17,18,2,12,11,10,4,1,0,1,0,0,0,0,0,0,0,0,0,0,0,0,1.0,1.0,1.0,0.0,0.0,0.0,2,0,0
4714,35,17,18,2,12,11,10,4,1,0,1,0,0,0,0,0,0,0,0,0,0,0,0,1.0,1.0,1.0,0.0,0.0,0.0,2,0,0
4715,35,17,18,2,12,11,10,4,1,0,1,0,0,0,0,0,0,0,0,0,0,0,0,1.0,1.0,1.0,0.0,0.0,0.0,2,0,0
4716,35,17,18,2,12,11,10,4,1,0,1,0,0,0,0,0,0,0,0,0,0,0,0,1.0,1.0,1.0,0.0,0.0,0.0,2,0,0
4717,35,17,18,2,12,11,10,4,1,0,1,0,0,0,0,0,0,0,0,0,0,0,0,1.0,1.0,1.0,0.0,0.0,0.0,2,0,0
4718,35,17,18,2,12,11,10,4,1,0,1,0,0,0,0,0,0,0,0,0,0,0,0,1.0,1.0,1.0,0.0,0.0,0.0,2,0,0
4719,35,17,18,2,12,11,10,4,1,0,1,0,0,0,0,0,0,0,0,0,0,0,0,1.0,1.0,1.0,0.0,0.0,0.0,2,0,0
4720,35,17,18,2,12,11,10,4,1,0,1,0,0,0,0,0,0,0,0,0,0,0,0,1.0,1.0,1.0,0.0,0.0,0.0,2,0,0
4721,35,17,18,0,14,11,10,4,1,0,1,0,0,0,0,0,0,0,0,0,0,0,0,1.0,1.0,1.0,0.0,0.0,0.0,2,0,0
4722,35,17,18,0,14,11,10,4,1,0,1,0,0,0,0,0,0,0,0,0,0,0,0,1.0,1.0,1.0,0.0,0.0,0.0,2,0,0
4723,39,18,21,4,14,11,10,4,0,0,1,0,0,0,0,0,0,0,0,1,0,0,0,1.0,1.0,1.0,0.11428571428571428,0.11428571428571428,0.0,2,4,0
4724,39,18,21,4,14,11,10,4,0,0,1,0,0,0,0,0,0,0,0,0,0,0,0,1.0,1.0,1.0,0.0,0.0,0.0,2,0,0
4725,39,18,21,4,14,11,10,4,0,0,1,0,0,0,0,0,0,0,0,0,0,0,0,1.0,1.0,1.0,0.0,0.0,0.0,2,0,0
4726,39,18,21,4,14,11,10,4,0,0,1,0,0,0,0,0,0,0,0,0,0,0,0,1.0,1.0,1.0,0.0,0.0,0.0,2,0,0
4727,39,18,21,4,14,11,10,4,0,0,1,0,0,0,0,0,0,0,0,0,0,0,0,1.0,1.0,1.0,0.0,0.0,0.0,2,0,0
4728,39,18,21,4,14,11,10,4,0,0,1,0,0,0,0,0,0,0,0,0,0,0,0,1.0,1.0,1.0,0.0,0.0,0.0,2,0,0
4729,39,18,21,4,14,11,10,4,0,0,1,0,0,0,0,0,0,0,0,0,0,0,0,1.0,1.0,1.0,0.0,0.0,0.0,2,0,0
4730,39,18,21,4,14,11,10,4,0,0,1,0,0,0,0,0,0,0,0,0,0,0,0,1.0,1.0,1.0,0.0,0.0,0.0,2,0,0
4731,39,18,21,4,14,11,10,4,0,0,1,0,0,0,0,0,0,0,0,0,0,0,0,1.0,1.0,1.0,0.0,0.0,0.0,2,0,0
4732,39,18,21,4,14,11,10,4,0,0,1,0,0,0,0,0,0,0,0,0,0,0,0,1.0,1.0,1.0,0.0,0.0,0.0,2,0,0
4733,39,18,21,4,14,11,10,4,0,0,1,0,0,0,0,0,0,0,0,0,0,0,0,1.0,1.0,1.0,0.0,0.0,0.0,2,0,0
4734,39,18,21,4,14,11,10,4,0,0,1,0,0,0,0,0,0,0,0,0,0,0,0,1.0,1.0,1.0,0.0,0.0,0.0,2,0,0
4735,39,18,21,4,14,11,10,4,0,0,1,0,0,0,0,0,0,0,0,0,0,0,0,1.0,1.0,1.0,0.0,0.0,0.0,2,0,0
4736,39,18,21,4,14,11,10,4,0,0,1,0,0,0,0,0,0,0,0,0,0,0,0,1.0,1.0,1.0,0.0,0.0,0.0,2,0,0
4737,39,18,21,4,14,11,10,4,0,0,1,0,0,0,0,0,0,0,0,0,0,0,0,1.0,1.0,1.0,0.0,0.0,0.0,2,0,0
4738,39,18,21,4,14,11,10,4,0,0,1,0,0,0,0,0,0,0,0,0,0,0,0,1.0,1.0,1.0,0.0,0.0,0.0,2,0,0
4739,39,18,21,4,14,10,11,5,0,0,1,0,0,0,0,0,0,0,0,0,0,0,0,1.0,1.0,1.0,0.0,0.0,0.0,2,0,0
4740,39,18,21,4,14,10,11,5,0,0,1,0,0,0,0,0,0,0,0,0,0,0,0,1.0,1.0,1.0,0.0,0.0,0.0,2,0,0
4741,39,18,21,4,14,10,11,5,0,0,1,0,0,0,0,0,0,0,0,0,0,0,0,1.0,1.0,1.0,0.0,0.0,0.0,2,0,0
4742,39,18,21,4,14,10,11,5,0,0,1,0,0,0,0,0,0,0,0,0,0,0,0,1.0,1.0,1.0,0.0,0.0,0.0,2,0,0
4743,39,18,21,4,14,9,12,6,0,0,1,0,0,0,0,0,0,0,0,0,0,0,0,1.0,1.0,1.0,0.0,0.0,0.0,2,0,0
4744,39,18,21,4,14,9,12,6,0,0,1,0,0,0,0,0,0,0,0,0,0,0,0,1.0,1.0,1.0,0.0,0.0,0.0,2,0,0
4745,36,18,18,3,12,9,12,6,0,0,1,0,0,0,3,0,0,0,0,0,3,0,3,0.8333333333333334,1.0,1.0,0.0,0.0,0.0,2,0,3
4746,36,18,18,3,12,9,12,6,0,0,1,0,0,0,0,0,0,0,0,0,0,1,0,1.0,1.0,1.0,0.0,0.0,0.0,2,0,0
4747,36,18,18,3,12,9,12,6,0,0,1,0,0,0,0,0,0,0,0,0,0,0,0,1.0,1.0,1.0,0.0,0.0,0.0,2,0,0
4748,36,18,18,3,12,9,12,6,0,0,1,0,0,0,0,0,0,0,0,0,0,0,0,1.0,1.0,1.0,0.0,0.0,0.0,2,0,0
4749,34,18,16,2,11,9,12,6,0,0,1,0,0,0,1,0,0,0,0,0,2,0,2,0.8666666666666667,1.0,1.0,0.0,0.0,0.0,2,0,2
4750,32,17,15,2,10,8,12,6,0,0,1,0,0,1,1,0,0,0,0,0,0,2,2,1.0,1.0,1.0,0.0,0.0,0.0,2,0,2
4751,31,16,15,2,10,8,11,6,0,0,1,0,0,1,0,0,0,0,0,0,0,0,1,1.0,0.8333333333333334,1.0,0.0,0.0,0.0,2,0,1
4752,28,14,14,2,9,6,11,6,0,0,1,0,0,2,1,0,0,0,0,0,1,0,3,0.9166666666666666,1.0,1.0,0.0,0.0,0.0,2,0,3
4753,28,14,14,2,9,6,11,6,0,0,1,0,0,0,0,0,0,0,0,0,0,0,0,1.0,1.0,1.0,0.0,0.0,0.0,2,0,0
4754,28,14,14,2,7,8,11,6,0,0,1,0,0,0,0,0,0,0,0,0,0,0,0,1.0,1.0,1.0,0.0,0.0,0.0,2,0,0
4755,28,14,14,2,7,8,11,6,0,0,1,0,0,0,0,0,0,0,0,0,0,0,0,1.0,1.0,1.0,0.0,0.0,0.0,2,0,0
4756,28,14,14,2,7,8,11,6,0,0,1,0,0,0,0,0,0,0,0,0,0,0,0,1.0,1.0,1.0,0.0,0.0,0.0,2,0,0
4757,28,14,14,2,7,8,11,6,0,0,1,0,0,0,0,0,0,0,0,0,0,0,0,1.0,1.0,1.0,0.0,0.0,0.0,2,0,0
4758,28,14,14,2,7,8,11,6,0,0,1,0,0,0,0,0,0,0,0,0,0,0,0,1.0,1.0,1.0,0.0,0.0,0.0,2,0,0
4759,28,14,14,2,7,8,11,6,0,0,1,0,0,0,0,0,0,0,0,0,0,0,0,1.0,1.0,1.0,0.0,0.0,0.0,2,0,0
4760,28,14,14,2,7,8,11,6,0,0,1,0,0,0,0,0,0,0,0,0,0,0,0,1.0,1.0,1.0,0.0,0.0,0.0,2,0,0
4761,28,14,14,2,7,8,11,6,0,0,1,0,0,0,0,0,0,0,0,0,0,0,0,1.0,1.0,1.0,0.0,0.0,0.0,2,0,0
4762,27,13,14,2,7,8,10,6,0,0,1,0,0,0,0,0,0,0,0,0,0,0,0,1.0,0.8,1.0,0.0,0.0,0.0,2,0,1
4763,27,13,14,2,7,8,10,6,0,0,1,0,0,0,0,0,0,0,0,0,0,0,0,1.0,1.0,1.0,0.0,0.0,0.0,2,0,0
4764,27,13,14,2,7,8,10,6,0,0,1,0,0,0,0,0,0,0,0,0,0,0,0,1.0,1.0,1.0,0.0,0.0,0.0,2,0,0
4765,27,13,14,2,7,8,10,6,0,0,1,0,0,0,0,0,0,0,0,0,0,0,0,1.0,1.0,1.0,0.0,0.0,0.0,2,0,0
4766,27,13,14,0,9,8,10,6,0,0,1,0,0,0,0,0,0,0,0,0,0,0,0,1.0,1.0,1.0,0.0,0.0,0.0,2,0,0
4767,27,13,14,0,9,8,10,6,0,0,1,0,0,0,0,0,0,0,0,0,0,0,0,1.0,1.0,1.0,0.0,0.0,0.0,2,0,0
4768,27,13,14,0,9,8,10,6,0,0,0,0,0,0,0,0,0,0,0,0,0,0,0,1.0,1.0,1.0,0.0,0.0,0.0,2,0,0
4769,26,12,14,0,9,7,10,6,0,0,0,0,0,0,0,0,0,0,0,0,0,0,0,1.0,1.0,1.0,0.0,0.0,0.0,2,0,1
4770,26,12,14,0,9,7,10,6,0,0,0,0,0,0,0,0,0,0,0,0,0,0,0,1.0,1.0,1.0,0.0,0.0,0.0,2,0,0
4771,26,12,14,0,9,7,10,6,0,0,0,0,0,0,0,0,0,0,0,0,0,0,0,1.0,1.0,1.0,0.0,0.0,0.0,2,0,0
4772,26,12,14,0,9,7,10,6,0,0,0,0,0,0,0,0,0,0,0,0,0,0,0,1.0,1.0,1.0,0.0,0.0,0.0,2,0,0
4773,26,12,14,0,9,7,10,6,0,0,0,0,0,0,0,0,0,0,0,0,0,0,0,1.0,1.0,1.0,0.0,0.0,0.0,2,0,0
4774,26,12,14,0,9,7,10,6,0,0,0,0,0,0,0,0,0,0,0,0,0,0,0,1.0,1.0,1.0,0.0,0.0,0.0,2,0,0
4775,26,12,14,0,9,7,10,6,1,0,0,0,0,0,0,0,5,1,0,0,0,0,0,1.0,1.0,1.0,0.0,0.0,0.2,2,0,0
4776,26,12,14,0,9,7,10,6,2,1,0,0,0,0,0,0,4,1,1,0,0,0,0,1.0,1.0,1.0,0.0,0.0,0.25,2,0,0
4777,26,12,14,0,9,7,10,6,3,1,0,0,0,0,0,0,5,1,0,0,0,0,0,1.0,1.0,1.0,0.0,0.0,0.2,2,0,0
4778,26,12,14,0,9,7,10,6,4,2,0,0,0,0,0,0,5,1,1,0,0,0,0,1.0,1.0,1.0,0.0,0.0,0.2,2,0,0
4779,26,12,14,0,9,7,10,6,4,2,0,0,0,0,0,0,0,0,0,0,0,0,0,1.0,1.0,1.0,0.0,0.0,0.0,2,0,0
4780,26,12,14,0,9,7,10,6,4,2,0,0,0,0,0,0,0,0,0,0,0,0,0,1.0,1.0,1.0,0.0,0.0,0.0,2,0,0
4781,26,12,14,0,9,7,10,6,4,2,0,0,0,0,0,0,0,0,0,0,0,1,0,1.0,1.0,1.0,0.0,0.0,0.0,2,0,0
4782,26,12,14,0,9,7,10,6,4,2,0,0,0,0,0,0,0,0,0,0,0,0,0,1.0,1.0,1.0,0.0,0.0,0.0,2,0,0
4783,26,12,14,0,9,7,10,6,4,2,0,0,0,0,0,0,0,0,0,0,0,0,0,1.0,1.0,1.0,0.0,0.0,0.0,2,0,0
4784,26,12,14,0,9,7,10,6,4,2,0,0,0,0,0,0,0,0,0,0,0,0,0,1.0,1.0,1.0,0.0,0.0,0.0,2,0,0
4785,26,12,14,0,8,8,10,6,4,2,0,0,0,0,0,0,0,0,0,0,0,0,0,1.0,1.0,1.0,0.0,0.0,0.0,2,0,0
4786,26,12,14,0,8,8,10,6,4,2,0,0,0,0,0,0,0,0,0,0,0,0,0,1.0,1.0,1.0,0.0,0.0,0.0,2,0,0
4787,26,12,14,0,8,8,10,6,4,2,0,0,0,0,0,0,0,0,0,0,0,0,0,1.0,1.0,1.0,0.0,0.0,0.0,2,0,0
4788,26,12,14,0,8,8,10,6,4,2,0,0,0,0,0,0,0,0,0,0,0,0,0,1.0,1.0,1.0,0.0,0.0,0.0,2,0,0
4789,26,12,14,0,8,8,10,6,4,2,0,0,0,0,0,0,0,0,0,0,0,0,0,1.0,1.0,1.0,0.0,0.0,0.0,2,0,0
4790,26,12,14,0,8,8,10,6,4,2,0,0,0,0,0,0,0,0,0,0,0,0,0,1.0,1.0,1.0,0.0,0.0,0.0,2,0,0
4791,26,12,14,0,8,8,10,6,4,2,0,0,0,0,0,0,0,0,0,0,0,0,0,1.0,1.0,1.0,0.0,0.0,0.0,2,0,0
4792,26,12,14,0,8,8,10,6,4,2,0,0,0,0,0,0,0,0,0,0,0,2,0,1.0,1.0,1.0,0.0,0.0,0.0,2,0,0
4793,26,12,14,0,8,8,10,6,4,2,0,0,0,0,0,0,0,0,0,0,0,0,0,1.0,1.0,1.0,0.0,0.0,0.0,2,0,0
4794,26,12,14,0,8,8,10,6,4,2,0,0,0,0,0,0,0,0,0,0,0,0,0,1.0,1.0,1.0,0.0,0.0,0.0,2,0,0
4795,26,12,14,0,8,8,10,6,4,2,0,0,0,0,0,0,0,0,0,0,0,0,0,1.0,1.0,1.0,0.0,0.0,0.0,2,0,0
4796,26,12,14,0,6,10,10,6,4,2,0,0,0,0,0,0,0,0,0,0,0,0,0,1.0,1.0,1.0,0.0,0.0,0.0,2,0,0
4797,26,12,14,0,6,10,10,6,4,2,0,0,0,0,0,0,0,0,0,0,0,0,0,1.0,1.0,1.0,0.0,0.0,0.0,2,0,0
4798,26,12,14,0,6,10,10,6,4,2,0,0,0,0,0,0,0,0,0,0,0,0,0,1.0,1.0,1.0,0.0,0.0,0.0,2,0,0
4799,26,12,14,0,6,10,10,6,4,2,0,0,0,0,0,0,0,0,0,0,0,0,0,1.0,1.0,1.0,0.0,0.0,0.0,2,0,0
4800,26,12,14,0,6,10,10,6,4,2,0,0,0,0,0,0,0,0,0,0,0,0,0,1.0,1.0,1.0,0.0,0.0,0.0,2,0,0
4801,26,12,14,0,6,10,10,6,4,2,0,0,0,0,0,0,0,0,0,0,0,0,0,1.0,1.0,1.0,0.0,0.0,0.0,2,0,0
4802,26,12,14,0,6,10,10,6,4,2,0,0,0,0,0,0,0,0,0,0,0,0,0,1.0,1.0,1.0,0.0,0.0,0.0,2,0,0
4803,26,12,14,0,6,10,10,6,4,2,0,0,0,0,0,0,0,0,0,0,0,0,0,1.0,1.0,1.0,0.0,0.0,0.0,2,0,0
4804,26,12,14,0,6,10,10,6,4,2,0,0,0,0,0,0,0,0,0,0,0,0,0,1.0,1.0,1.0,0.0,0.0,0.0,2,0,0
4805,26,12,14,0,6,10,10,6,4,2,0,0,0,0,0,0,0,0,0,0,0,0,0,1.0,1.0,1.0,0.0,0.0,0.0,2,0,0
4806,26,12,14,0,6,10,10,6,4,2,0,0,0,0,0,0,0,0,0,0,0,0,0,1.0,1.0,1.0,0.0,0.0,0.0,2,0,0
4807,26,12,14,0,6,9,11,6,4,2,0,0,0,0,0,0,0,0,0,0,0,0,0,1.0,1.0,1.0,0.0,0.0,0.0,2,0,0
4808,26,12,14,0,6,9,11,6,4,2,0,0,0,0,0,0,0,0,0,0,0,0,0,1.0,1.0,1.0,0.0,0.0,0.0,2,0,0
4809,26,12,14,0,6,8,12,6,4,2,0,0,0,0,0,0,0,0,0,0,0,0,0,1.0,1.0,1.0,0.0,0.0,0.0,2,0,0
4810,26,12,14,0,6,8,12,6,4,2,0,0,0,0,0,0,0,0,0,0,0,0,0,1.0,1.0,1.0,0.0,0.0,0.0,2,0,0
4811,26,12,14,0,6,8,12,6,4,2,0,0,0,0,0,0,0,0,0,0,0,0,0,1.0,1.0,1.0,0.0,0.0,0.0,2,0,0
4812,26,12,14,0,6,8,12,6,4,2,0,0,0,0,0,0,0,0,0,0,0,0,0,1.0,1.0,1.0,0.0,0.0,0.0,2,0,0
4813,26,12,14,0,6,8,12,6,4,2,0,0,0,0,0,0,0,0,0,0,0,3,0,1.0,1.0,1.0,0.0,0.0,0.0,2,0,0
4814,26,12,14,0,6,8,12,6,4,2,0,0,0,0,0,0,0,0,0,0,0,0,0,1.0,1.0,1.0,0.0,0.0,0.0,2,0,0
4815,26,12,14,0,6,8,12,6,4,2,0,0,0,0,0,0,0,0,0,0,0,0,0,1.0,1.0,1.0,0.0,0.0,0.0,2,0,0
4816,26,12,14,0,6,8,12,6,4,2,0,0,0,0,0,0,0,0,0,0,0,0,0,1.0,1.0,1.0,0.0,0.0,0.0,2,0,0
4817,26,12,14,0,3,11,12,6,4,2,0,0,0,0,0,0,0,0,0,0,0,0,0,1.0,1.0,1.0,0.0,0.0,0.0,2,0,0
4818,26,12,14,0,3,11,12,6,4,2,0,0,0,0,0,0,0,0,0,0,0,0,0,1.0,1.0,1.0,0.0,0.0,0.0,2,0,0
4819,26,12,14,0,3,11,12,6,4,2,0,0,0,0,0,0,0,0,0,0,0,0,0,1.0,1.0,1.0,0.0,0.0,0.0,2,0,0
4820,26,12,14,0,3,11,12,6,4,2,0,0,0,0,0,0,0,0,0,0,0,0,0,1.0,1.0,1.0,0.0,0.0,0.0,2,0,0
4821,26,12,14,0,3,11,12,6,4,1,0,0,0,0,0,0,0,0,0,0,0,0,0,1.0,1.0,1.0,0.0,0.0,0.0,2,0,0
4822,26,12,14,0,3,11,12,6,5,1,0,0,0,0,0,0,6,1,0,0,0,0,0,1.0,1.0,1.0,0.0,0.0,0.16666666666666666,2,0,0
4823,26,12,14,0,3,10,13,7,5,0,0,0,0,0,0,0,0,0,0,0,0,0,0,1.0,1.0,1.0,0.0,0.0,0.0,2,0,0
4824,26,12,14,0,3,10,13,7,6,0,0,0,0,0,0,0,6,1,0,0,0,0,0,1.0,1.0,1.0,0.0,0.0,0.16666666666666666,2,0,0
4825,26,12,14,0,3,10,13,7,6,0,0,0,0,0,0,0,0,0,0,0,0,0,0,1.0,1.0,1.0,0.0,0.0,0.0,2,0,0
4826,26,12,14,0,3,10,13,7,6,0,0,0,0,0,0,0,0,0,0,0,0,0,0,1.0,1.0,1.0,0.0,0.0,0.0,2,0,0
4827,26,12,14,0,3,10,13,7,7,0,0,0,0,0,0,0,8,1,0,0,0,0,0,1.0,1.0,1.0,0.0,0.0,0.125,2,0,0
4828,26,12,14,0,3,10,13,7,7,0,0,0,0,0,0,0,0,0,0,0,0,0,0,1.0,1.0,1.0,0.0,0.0,0.0,2,0,0
4829,26,12,14,0,3,10,13,7,7,0,0,0,0,0,0,0,0,0,0,0,0,0,0,1.0,1.0,1.0,0.0,0.0,0.0,2,0,0
4830,26,12,14,0,3,10,13,7,7,0,0,0,0,0,0,0,0,0,0,0,0,0,0,1.0,1.0,1.0,0.0,0.0,0.0,2,0,0
4831,26,12,14,0,3,10,13,7,7,0,0,0,0,0,0,0,0,0,0,0,0,0,0,1.0,1.0,1.0,0.0,0.0,0.0,2,0,0
4832,25,12,13,0,3,9,13,7,7,0,0,0,0,0,0,0,0,0,0,0,0,0,0,1.0,1.0,1.0,0.0,0.0,0.0,2,0,1
4833,25,12,13,0,3,9,13,7,7,0,0,0,0,0,0,0,0,0,0,0,0,0,0,1.0,1.0,1.0,0.0,0.0,0.0,2,0,0
4834,25,12,13,0,3,9,13,7,7,0,0,0,0,0,0,0,0,0,0,0,0,0,0,1.0,1.0,1.0,0.0,0.0,0.0,2,0,0
4835,25,12,13,0,3,9,13,7,7,0,0,0,0,0,0,0,0,0,0,0,0,0,0,1.0,1.0,1.0,0.0,0.0,0.0,2,0,0
4836,25,12,13,0,3,9,13,7,7,0,0,0,0,0,0,0,0,0,0,0,0,0,0,1.0,1.0,1.0,0.0,0.0,0.0,2,0,0
4837,25,12,13,0,3,9,13,7,7,0,0,0,0,0,0,0,0,0,0,0,0,0,0,1.0,1.0,1.0,0.0,0.0,0.0,2,0,0
4838,24,12,12,0,3,9,12,6,6,0,0,0,0,0,1,0,0,0,0,0,0,0,1,1.0,1.0,0.8571428571428572,0.0,0.0,0.0,1,0,1
4839,23,11,12,0,3,8,12,6,6,0,0,0,0,1,0,0,0,0,0,0,0,0,1,1.0,1.0,1.0,0.0,0.0,0.0,1,0,1
4840,22,11,11,0,3,7,12,6,6,0,0,0,0,0,1,0,0,0,0,0,0,0,1,1.0,1.0,1.0,0.0,0.0,0.0,1,0,1
4841,26,11,15,4,3,6,13,6,5,0,1,0,0,0,0,0,0,0,0,1,0,0,0,1.0,1.0,1.0,0.18181818181818182,0.18181818181818182,0.0,1,4,0
4842,29,13,16,7,3,6,13,6,4,0,2,0,0,0,0,0,0,0,0,1,0,0,0,1.0,1.0,1.0,0.11538461538461539,0.11538461538461539,0.0,1,3,0
4843,33,15,18,11,3,6,13,6,3,0,3,0,0,0,0,0,0,0,0,1,0,0,0,1.0,1.0,1.0,0.13793103448275862,0.13793103448275862,0.0,1,4,0
4844,33,15,18,11,3,6,13,6,3,0,3,0,0,0,0,0,0,0,0,0,0,0,0,1.0,1.0,1.0,0.0,0.0,0.0,1,0,0
4845,33,15,18,11,3,6,13,6,3,0,3,0,0,0,0,0,0,0,0,0,0,0,0,1.0,1.0,1.0,0.0,0.0,0.0,1,0,0
4846,33,15,18,11,3,6,13,6,3,0,3,0,0,0,0,0,0,0,0,0,0,0,0,1.0,1.0,1.0,0.0,0.0,0.0,1,0,0
4847,33,15,18,11,3,6,13,6,3,0,3,0,0,0,0,0,0,0,0,0,0,0,0,1.0,1.0,1.0,0.0,0.0,0.0,1,0,0
4848,33,15,18,11,3,6,13,6,3,0,3,0,0,0,0,0,0,0,0,0,0,0,0,1.0,1.0,1.0,0.0,0.0,0.0,1,0,0
4849,33,15,18,11,3,6,13,6,3,0,3,0,0,0,0,0,0,0,0,0,0,0,0,1.0,1.0,1.0,0.0,0.0,0.0,1,0,0
4850,33,15,18,11,3,6,13,6,3,0,3,0,0,0,0,0,0,0,0,0,0,0,0,1.0,1.0,1.0,0.0,0.0,0.0,1,0,0
4851,33,15,18,11,3,6,13,6,3,0,3,0,0,0,0,0,0,0,0,0,0,0,0,1.0,1.0,1.0,0.0,0.0,0.0,1,0,0
4852,32,15,17,11,3,5,13,6,3,0,3,0,0,0,0,0,0,0,0,0,0,0,0,1.0,1.0,1.0,0.0,0.0,0.0,1,0,1
4853,32,15,17,11,3,5,13,6,3,0,3,0,0,0,0,0,0,0,0,0,0,0,0,1.0,1.0,1.0,0.0,0.0,0.0,1,0,0
4854,32,15,17,11,3,5,13,6,3,0,3,0,0,0,0,0,0,0,0,0,0,0,0,1.0,1.0,1.0,0.0,0.0,0.0,1,0,0
4855,32,15,17,11,3,5,13,6,3,0,3,0,0,0,0,0,0,0,0,0,0,0,0,1.0,1.0,1.0,0.0,0.0,0.0,1,0,0
4856,32,15,17,11,3,5,13,6,3,0,3,0,0,0,0,0,0,0,0,0,0,0,0,1.0,1.0,1.0,0.0,0.0,0.0,1,0,0
4857,32,15,17,11,3,5,13,6,3,0,3,0,0,0,0,0,0,0,0,0,0,0,0,1.0,1.0,1.0,0.0,0.0,0.0,1,0,0
4858,32,15,17,11,3,5,13,6,3,0,3,0,0,0,0,0,0,0,0,0,0,1,0,1.0,1.0,1.0,0.0,0.0,0.0,1,0,0
4859,32,15,17,11,3,5,13,6,3,0,3,0,0,0,0,0,0,0,0,0,0,0,0,1.0,1.0,1.0,0.0,0.0,0.0,1,0,0
4860,32,15,17,11,3,5,13,6,3,0,3,0,0,0,0,0,0,0,0,0,0,0,0,1.0,1.0,1.0,0.0,0.0,0.0,1,0,0
4861,32,15,17,11,3,5,13,6,3,0,3,0,0,0,0,0,0,0,0,0,0,0,0,1.0,1.0,1.0,0.0,0.0,0.0,1,0,0
4862,32,15,17,11,2,6,13,6,3,0,3,0,0,0,0,0,0,0,0,0,0,0,0,1.0,1.0,1.0,0.0,0.0,0.0,1,0,0
4863,32,15,17,11,2,6,13,6,3,0,3,0,0,0,0,0,0,0,0,0,0,0,0,1.0,1.0,1.0,0.0,0.0,0.0,1,0,0
4864,32,15,17,11,2,6,13,6,3,0,3,0,0,0,0,0,0,0,0,0,0,0,0,1.0,1.0,1.0,0.0,0.0,0.0,1,0,0
4865,32,15,17,11,2,6,13,6,3,0,3,0,0,0,0,0,0,0,0,0,0,0,0,1.0,1.0,1.0,0.0,0.0,0.0,1,0,0
4866,32,15,17,11,2,6,13,6,3,0,3,0,0,0,0,0,0,0,0,0,0,0,0,1.0,1.0,1.0,0.0,0.0,0.0,1,0,0
4867,32,15,17,11,2,6,13,6,3,0,3,0,0,0,0,0,0,0,0,0,0,0,0,1.0,1.0,1.0,0.0,0.0,0.0,1,0,0
4868,32,15,17,11,2,6,13,6,3,0,3,0,0,0,0,0,0,0,0,0,0,0,0,1.0,1.0,1.0,0.0,0.0,0.0,1,0,0
4869,32,15,17,11,2,6,13,6,3,0,3,0,0,0,0,0,0,0,0,0,0,0,0,1.0,1.0,1.0,0.0,0.0,0.0,1,0,0
4870,31,14,17,11,2,6,12,6,3,0,3,0,0,0,0,0,0,0,0,0,0,0,0,1.0,0.8571428571428572,1.0,0.0,0.0,0.0,1,0,1
4871,31,14,17,11,2,6,12,6,3,0,3,0,0,0,0,0,0,0,0,0,0,0,0,1.0,1.0,1.0,0.0,0.0,0.0,1,0,0
4872,31,14,17,11,2,6,12,6,3,0,3,0,0,0,0,0,0,0,0,0,0,0,0,1.0,1.0,1.0,0.0,0.0,0.0,1,0,0
4873,31,14,17,11,2,6,12,6,3,0,3,0,0,0,0,0,0,0,0,0,0,0,0,1.0,1.0,1.0,0.0,0.0,0.0,1,0,0
4874,31,14,17,11,2,6,12,6,3,0,3,0,0,0,0,0,0,0,0,0,0,0,0,1.0,1.0,1.0,0.0,0.0,0.0,1,0,0
4875,31,14,17,11,2,6,12,6,3,0,3,0,0,0,0,0,0,0,0,0,0,0,0,1.0,1.0,1.0,0.0,0.0,0.0,1,0,0
4876,30,14,16,10,2,6,12,6,3,0,3,0,0,0,0,0,0,0,0,0,1,0,1,0.9230769230769231,1.0,1.0,0.0,0.0,0.0,1,0,1
4877,30,14,16,10,2,6,12,6,3,0,3,0,0,0,0,0,0,0,0,0,0,0,0,1.0,1.0,1.0,0.0,0.0,0.0,1,0,0
4878,30,14,16,10,2,6,12,6,3,0,3,0,0,0,0,0,0,0,0,0,0,0,0,1.0,1.0,1.0,0.0,0.0,0.0,1,0,0
4879,30,14,16,10,2,6,12,6,3,0,3,0,0,0,0,0,0,0,0,0,0,0,0,1.0,1.0,1.0,0.0,0.0,0.0,1,0,0
4880,30,14,16,10,2,6,12,6,3,0,3,0,0,0,0,0,0,0,0,0,0,0,0,1.0,1.0,1.0,0.0,0.0,0.0,1,0,0
4881,30,14,16,10,2,6,12,6,3,0,3,0,0,0,0,0,0,0,0,0,0,0,0,1.0,1.0,1.0,0.0,0.0,0.0,1,0,0
4882,30,14,16,10,2,6,12,6,3,0,3,0,0,0,0,0,0,0,0,0,0,0,0,1.0,1.0,1.0,0.0,0.0,0.0,1,0,0
4883,30,14,16,10,2,6,12,6,3,0,3,0,0,0,0,0,0,0,0,0,0,0,0,1.0,1.0,1.0,0.0,0.0,0.0,1,0,0
4884,30,14,16,6,6,6,12,6,3,0,3,0,0,0,0,0,0,0,0,0,0,0,0,1.0,1.0,1.0,0.0,0.0,0.0,1,0,0
4885,30,14,16,4,8,5,13,6,3,0,3,0,0,0,0,0,0,0,0,0,0,0,0,1.0,1.0,1.0,0.0,0.0,0.0,1,0,0
4886,30,14,16,0,12,5,13,6,3,0,2,0,0,0,0,0,0,0,0,0,0,0,0,1.0,1.0,1.0,0.0,0.0,0.0,1,0,0
4887,34,18,16,4,12,5,13,6,2,1,2,0,0,0,0,0,5,0,1,1,0,0,0,1.0,1.0,1.0,0.13333333333333333,0.13333333333333333,0.0,1,4,0
4888,34,18,16,4,12,5,13,6,2,1,1,0,0,0,0,0,2,0,0,0,0,0,0,1.0,1.0,1.0,0.0,0.0,0.0,1,0,0
4889,38,21,17,8,12,5,13,6,2,1,2,0,0,0,0,0,8,1,0,1,0,0,0,1.0,1.0,1.0,0.11764705882352941,0.11764705882352941,0.125,1,4,0
4890,38,21,17,8,12,5,13,6,3,1,2,0,0,0,0,0,3,1,0,0,0,0,0,1.0,1.0,1.0,0.0,0.0,0.3333333333333333,1,0,0
4891,38,21,17,8,12,5,13,6,3,1,2,0,0,0,0,0,0,0,0,0,0,0,0,1.0,1.0,1.0,0.0,0.0,0.0,1,0,0
4892,42,23,19,12,12,5,13,6,2,1,3,0,0,0,0,0,0,0,0,1,0,0,0,1.0,1.0,1.0,0.10526315789473684,0.10526315789473684,0.0,1,4,0
4893,42,23,19,12,12,5,13,6,2,1,3,0,0,0,0,0,0,0,0,0,0,0,0,1.0,1.0,1.0,0.0,0.0,0.0,1,0,0
4894,42,23,19,12,12,5,13,6,2,1,3,0,0,0,0,0,0,0,0,0,0,0,0,1.0,1.0,1.0,0.0,0.0,0.0,1,0,0
4895,42,23,19,12,12,5,13,6,2,1,3,0,0,0,0,0,0,0,0,0,0,0,0,1.0,1.0,1.0,0.0,0.0,0.0,1,0,0
4896,42,23,19,12,12,5,13,6,2,1,3,0,0,0,0,0,0,0,0,0,0,0,0,1.0,1.0,1.0,0.0,0.0,0.0,1,0,0
4897,42,23,19,12,12,5,13,6,2,1,3,0,0,0,0,0,0,0,0,0,0,0,0,1.0,1.0,1.0,0.0,0.0,0.0,1,0,0
4898,42,23,19,12,12,5,13,6,2,1,3,0,0,0,0,0,0,0,0,0,0,0,0,1.0,1.0,1.0,0.0,0.0,0.0,1,0,0
4899,42,23,19,12,12,5,13,6,2,1,3,0,0,0,0,0,0,0,0,0,0,0,0,1.0,1.0,1.0,0.0,0.0,0.0,1,0,0
4900,42,23,19,12,12,5,13,6,2,1,3,0,0,0,0,0,0,0,0,0,0,0,0,1.0,1.0,1.0,0.0,0.0,0.0,1,0,0
4901,42,23,19,12,12,5,13,6,2,1,3,0,0,0,0,0,0,0,0,0,0,0,0,1.0,1.0,1.0,0.0,0.0,0.0,1,0,0
4902,41,22,19,11,12,5,13,6,2,1,3,0,0,0,0,0,0,0,0,0,1,0,1,0.9583333333333334,1.0,1.0,0.0,0.0,0.0,1,0,1
4903,41,22,19,11,12,5,13,6,2,1,3,0,0,0,0,0,0,0,0,0,0,2,0,1.0,1.0,1.0,0.0,0.0,0.0,1,0,0
4904,41,22,19,11,12,5,13,6,2,1,3,0,0,0,0,0,0,0,0,0,0,0,0,1.0,1.0,1.0,0.0,0.0,0.0,1,0,0
4905,41,22,19,11,12,5,13,6,2,1,3,0,0,0,0,0,0,0,0,0,0,0,0,1.0,1.0,1.0,0.0,0.0,0.0,1,0,0
4906,40,21,19,11,12,4,13,6,2,1,3,0,0,0,0,0,0,0,0,0,0,0,0,1.0,1.0,1.0,0.0,0.0,0.0,1,0,1
4907,40,21,19,11,10,6,13,6,2,1,3,0,0,0,0,0,0,0,0,0,0,0,0,1.0,1.0,1.0,0.0,0.0,0.0,1,0,0
4908,40,21,19,11,10,6,13,6,2,1,3,0,0,0,0,0,0,0,0,0,0,0,0,1.0,1.0,1.0,0.0,0.0,0.0,1,0,0
4909,40,21,19,11,10,6,13,6,2,1,3,0,0,0,0,0,0,0,0,0,0,0,0,1.0,1.0,1.0,0.0,0.0,0.0,1,0,0
4910,40,21,19,11,10,6,13,6,2,1,3,0,0,0,0,0,0,0,0,0,0,0,0,1.0,1.0,1.0,0.0,0.0,0.0,1,0,0
4911,40,21,19,11,10,6,13,6,2,1,3,0,0,0,0,0,0,0,0,0,0,0,0,1.0,1.0,1.0,0.0,0.0,0.0,1,0,0
4912,40,21,19,11,10,6,13,6,2,1,3,0,0,0,0,0,0,0,0,0,0,0,0,1.0,1.0,1.0,0.0,0.0,0.0,1,0,0
4913,40,21,19,11,10,5,14,7,2,1,3,0,0,0,0,0,0,0,0,0,0,0,0,1.0,1.0,1.0,0.0,0.0,0.0,1,0,0
4914,40,21,19,11,10,5,14,7,2,1,3,0,0,0,0,0,0,0,0,0,0,0,0,1.0,1.0,1.0,0.0,0.0,0.0,1,0,0
4915,40,21,19,11,10,5,14,7,2,1,3,0,0,0,0,0,0,0,0,0,0,0,0,1.0,1.0,1.0,0.0,0.0,0.0,1,0,0
4916,39,20,19,11,10,5,13,7,2,1,3,0,0,0,0,0,0,0,0,0,0,0,0,1.0,0.8571428571428572,1.0,0.0,0.0,0.0,1,0,1
4917,39,20,19,11,10,5,13,7,2,1,3,0,0,0,0,0,0,0,0,0,0,0,0,1.0,1.0,1.0,0.0,0.0,0.0,1,0,0
4918,39,20,19,11,10,5,13,7,3,1,3,0,0,0,0,0,3,1,0,0,0,0,0,1.0,1.0,1.0,0.0,0.0,0.3333333333333333,1,0,0
4919,39,20,19,11,10,5,13,7,3,1,3,0,0,0,0,0,0,0,0,0,0,0,0,1.0,1.0,1.0,0.0,0.0,0.0,1,0,0
4920,39,20,19,11,10,5,13,7,3,1,3,0,0,0,0,0,0,0,0,0,0,0,0,1.0,1.0,1.0,0.0,0.0,0.0,1,0,0
4921,39,20,19,11,10,5,13,7,3,1,3,0,0,0,0,0,0,0,0,0,0,0,0,1.0,1.0,1.0,0.0,0.0,0.0,1,0,0
4922,39,20,19,11,10,5,13,7,3,1,3,0,0,0,0,0,0,0,0,0,0,0,0,1.0,1.0,1.0,0.0,0.0,0.0,1,0,0
4923,38,20,18,11,9,5,13,7,3,1,3,0,0,0,0,0,0,0,0,0,1,0,1,0.9523809523809523,1.0,1.0,0.0,0.0,0.0,1,0,1
4924,38,20,18,11,9,5,13,7,3,1,3,0,0,0,0,0,0,0,0,0,0,0,0,1.0,1.0,1.0,0.0,0.0,0.0,1,0,0
4925,38,20,18,11,9,5,13,7,3,1,3,0,0,0,0,0,0,0,0,0,0,0,0,1.0,1.0,1.0,0.0,0.0,0.0,1,0,0
4926,38,20,18,11,9,5,13,7,3,1,3,0,0,0,0,0,0,0,0,0,0,0,0,1.0,1.0,1.0,0.0,0.0,0.0,1,0,0
4927,38,20,18,11,9,5,13,7,3,1,3,0,0,0,0,0,0,0,0,0,0,0,0,1.0,1.0,1.0,0.0,0.0,0.0,1,0,0
4928,38,20,18,11,9,5,13,7,3,1,3,0,0,0,0,0,0,0,0,0,0,0,0,1.0,1.0,1.0,0.0,0.0,0.0,1,0,0
4929,35,17,18,11,7,5,12,7,3,1,3,0,0,3,0,0,0,0,0,0,2,0,3,0.9,0.8333333333333334,1.0,0.0,0.0,0.0,1,0,3
4930,32,17,15,8,9,4,11,6,2,1,3,0,0,0,3,0,0,0,0,0,1,0,3,0.9444444444444444,1.0,0.8571428571428572,0.0,0.0,0.0,1,0,3
4931,31,17,14,8,9,4,10,5,1,1,3,0,0,0,1,0,0,0,0,0,0,0,1,1.0,1.0,0.8333333333333334,0.0,0.0,0.0,1,0,1
4932,31,17,14,4,13,4,10,5,1,0,2,0,0,0,0,0,0,0,0,0,0,0,0,1.0,1.0,1.0,0.0,0.0,0.0,1,0,0
4933,31,17,14,4,13,4,10,5,1,0,2,0,0,0,0,0,3,0,0,0,0,0,0,1.0,1.0,1.0,0.0,0.0,0.0,1,0,0
4934,29,17,12,3,13,4,9,4,1,0,1,0,0,0,2,0,2,1,0,0,1,0,2,0.9411764705882353,1.0,0.8,0.0,0.0,0.5,1,0,2
4935,29,17,12,0,16,4,9,4,2,0,1,0,0,0,0,0,2,1,0,0,0,0,0,1.0,1.0,1.0,0.0,0.0,0.5,1,0,0
4936,28,17,11,0,16,4,8,3,3,0,0,0,0,0,0,0,6,1,0,0,0,0,0,1.0,1.0,0.75,0.0,0.0,0.16666666666666666,1,0,1
4937,28,17,11,0,16,4,8,3,3,0,0,0,0,0,0,0,0,0,0,0,0,0,0,1.0,1.0,1.0,0.0,0.0,0.0,1,0,0
4938,28,17,11,0,16,4,8,3,3,0,0,0,0,0,0,0,0,0,0,0,0,0,0,1.0,1.0,1.0,0.0,0.0,0.0,1,0,0
4939,28,17,11,0,16,4,8,3,3,0,0,0,0,0,0,0,0,0,0,0,0,0,0,1.0,1.0,1.0,0.0,0.0,0.0,1,0,0
4940,28,17,11,0,16,4,8,3,3,0,0,0,0,0,0,0,0,0,0,0,0,0,0,1.0,1.0,1.0,0.0,0.0,0.0,1,0,0
4941,28,17,11,0,16,4,8,3,3,0,0,0,0,0,0,0,0,0,0,0,0,0,0,1.0,1.0,1.0,0.0,0.0,0.0,1,0,0
4942,28,17,11,0,16,4,8,3,3,0,0,0,0,0,0,0,0,0,0,0,0,0,0,1.0,1.0,1.0,0.0,0.0,0.0,1,0,0
4943,28,17,11,0,16,4,8,3,3,0,0,0,0,0,0,0,0,0,0,0,0,0,0,1.0,1.0,1.0,0.0,0.0,0.0,1,0,0
4944,28,17,11,0,16,4,8,3,3,0,0,0,0,0,0,0,0,0,0,0,0,0,0,1.0,1.0,1.0,0.0,0.0,0.0,1,0,0
4945,28,17,11,0,16,4,8,3,3,0,0,0,0,0,0,0,0,0,0,0,0,0,0,1.0,1.0,1.0,0.0,0.0,0.0,1,0,0
4946,28,17,11,0,16,4,8,3,3,0,0,0,0,0,0,0,0,0,0,0,0,0,0,1.0,1.0,1.0,0.0,0.0,0.0,1,0,0
4947,28,17,11,0,16,4,8,3,3,0,0,0,0,0,0,0,0,0,0,0,0,0,0,1.0,1.0,1.0,0.0,0.0,0.0,1,0,0
4948,28,17,11,0,16,4,8,3,3,0,0,0,0,0,0,0,0,0,0,0,0,0,0,1.0,1.0,1.0,0.0,0.0,0.0,1,0,0
4949,28,17,11,0,16,4,8,3,3,0,0,0,0,0,0,0,0,0,0,0,0,0,0,1.0,1.0,1.0,0.0,0.0,0.0,1,0,0
4950,28,17,11,0,16,4,8,3,3,0,0,0,0,0,0,0,0,0,0,0,0,0,0,1.0,1.0,1.0,0.0,0.0,0.0,1,0,0
4951,28,17,11,0,16,4,8,3,3,0,0,0,0,0,0,0,0,0,0,0,0,0,0,1.0,1.0,1.0,0.0,0.0,0.0,1,0,0
4952,28,17,11,0,16,4,8,3,3,0,0,0,0,0,0,0,0,0,0,0,0,0,0,1.0,1.0,1.0,0.0,0.0,0.0,1,0,0
4953,28,17,11,0,16,4,8,3,3,0,0,0,0,0,0,0,0,0,0,0,0,0,0,1.0,1.0,1.0,0.0,0.0,0.0,1,0,0
4954,28,17,11,0,16,4,8,3,3,0,0,0,0,0,0,0,0,0,0,0,0,0,0,1.0,1.0,1.0,0.0,0.0,0.0,1,0,0
4955,28,17,11,0,16,4,8,3,3,0,0,0,0,0,0,0,0,0,0,0,0,0,0,1.0,1.0,1.0,0.0,0.0,0.0,1,0,0
4956,28,17,11,0,16,4,8,3,3,0,0,0,0,0,0,0,0,0,0,0,0,0,0,1.0,1.0,1.0,0.0,0.0,0.0,1,0,0
4957,28,17,11,0,16,4,8,3,3,0,0,0,0,0,0,0,0,0,0,0,0,0,0,1.0,1.0,1.0,0.0,0.0,0.0,1,0,0
4958,28,17,11,0,16,4,8,3,3,0,0,0,0,0,0,0,0,0,0,0,0,0,0,1.0,1.0,1.0,0.0,0.0,0.0,1,0,0
4959,28,17,11,0,16,4,8,3,3,0,0,0,0,0,0,0,0,0,0,0,0,0,0,1.0,1.0,1.0,0.0,0.0,0.0,1,0,0
4960,28,17,11,0,16,4,8,3,3,0,0,0,0,0,0,0,0,0,0,0,0,0,0,1.0,1.0,1.0,0.0,0.0,0.0,1,0,0
4961,28,17,11,0,16,4,8,3,3,0,0,0,0,0,0,0,0,0,0,0,0,0,0,1.0,1.0,1.0,0.0,0.0,0.0,1,0,0
4962,28,17,11,0,16,4,8,3,3,0,0,0,0,0,0,0,0,0,0,0,0,0,0,1.0,1.0,1.0,0.0,0.0,0.0,1,0,0
4963,28,17,11,0,16,4,8,3,3,0,0,0,0,0,0,0,0,0,0,0,0,0,0,1.0,1.0,1.0,0.0,0.0,0.0,1,0,0
4964,28,17,11,0,16,4,8,3,3,0,0,0,0,0,0,0,0,0,0,0,0,0,0,1.0,1.0,1.0,0.0,0.0,0.0,1,0,0
4965,28,17,11,0,16,4,8,3,3,0,0,0,0,0,0,0,0,0,0,0,0,0,0,1.0,1.0,1.0,0.0,0.0,0.0,1,0,0
4966,28,17,11,0,16,4,8,3,3,0,0,0,0,0,0,0,0,0,0,0,0,0,0,1.0,1.0,1.0,0.0,0.0,0.0,1,0,0
4967,27,16,11,0,15,4,8,3,3,0,0,0,0,0,0,0,0,0,0,0,1,0,1,0.9375,1.0,1.0,0.0,0.0,0.0,1,0,1
4968,27,16,11,0,15,4,8,3,3,0,0,0,0,0,0,0,0,0,0,0,0,0,0,1.0,1.0,1.0,0.0,0.0,0.0,1,0,0
4969,27,16,11,0,15,4,8,3,3,0,0,0,0,0,0,0,0,0,0,0,0,0,0,1.0,1.0,1.0,0.0,0.0,0.0,1,0,0
4970,27,16,11,0,15,4,8,3,3,0,0,0,0,0,0,0,0,0,0,0,0,0,0,1.0,1.0,1.0,0.0,0.0,0.0,1,0,0
4971,27,16,11,0,15,4,8,3,3,0,0,0,0,0,0,0,0,0,0,0,0,0,0,1.0,1.0,1.0,0.0,0.0,0.0,1,0,0
4972,27,16,11,0,15,4,8,3,3,0,0,0,0,0,0,0,0,0,0,0,0,0,0,1.0,1.0,1.0,0.0,0.0,0.0,1,0,0
4973,27,16,11,0,15,4,8,3,3,0,0,0,0,0,0,0,0,0,0,0,0,0,0,1.0,1.0,1.0,0.0,0.0,0.0,1,0,0
4974,27,16,11,0,15,4,8,3,3,0,0,0,0,0,0,0,0,0,0,0,0,0,0,1.0,1.0,1.0,0.0,0.0,0.0,1,0,0
4975,27,16,11,0,15,4,8,3,3,0,0,0,0,0,0,0,0,0,0,0,0,0,0,1.0,1.0,1.0,0.0,0.0,0.0,1,0,0
4976,27,16,11,0,15,4,8,3,3,0,0,0,0,0,0,0,0,0,0,0,0,0,0,1.0,1.0,1.0,0.0,0.0,0.0,1,0,0
4977,27,16,11,0,15,4,8,3,3,0,0,0,0,0,0,0,0,0,0,0,0,0,0,1.0,1.0,1.0,0.0,0.0,0.0,1,0,0
4978,27,16,11,0,15,4,8,3,3,0,0,0,0,0,0,0,0,0,0,0,0,0,0,1.0,1.0,1.0,0.0,0.0,0.0,1,0,0
4979,27,16,11,0,15,4,8,3,3,0,0,0,0,0,0,0,0,0,0,0,0,0,0,1.0,1.0,1.0,0.0,0.0,0.0,1,0,0
4980,27,16,11,0,15,4,8,3,3,0,0,0,0,0,0,0,0,0,0,0,0,0,0,1.0,1.0,1.0,0.0,0.0,0.0,1,0,0
4981,27,16,11,0,15,4,8,3,3,0,0,0,0,0,0,0,0,0,0,0,0,0,0,1.0,1.0,1.0,0.0,0.0,0.0,1,0,0
4982,27,16,11,0,15,4,8,3,3,0,0,0,0,0,0,0,0,0,0,0,0,0,0,1.0,1.0,1.0,0.0,0.0,0.0,1,0,0
4983,27,16,11,0,15,4,8,3,3,0,0,0,0,0,0,0,0,0,0,0,0,0,0,1.0,1.0,1.0,0.0,0.0,0.0,1,0,0
4984,27,16,11,0,15,4,8,3,3,0,0,0,0,0,0,0,0,0,0,0,0,0,0,1.0,1.0,1.0,0.0,0.0,0.0,1,0,0
4985,27,16,11,0,15,4,8,3,3,0,0,0,0,0,0,0,0,0,0,0,0,0,0,1.0,1.0,1.0,0.0,0.0,0.0,1,0,0
4986,27,16,11,0,15,4,8,3,3,0,0,0,0,0,0,0,0,0,0,0,0,0,0,1.0,1.0,1.0,0.0,0.0,0.0,1,0,0
4987,27,16,11,0,15,4,8,3,3,0,0,0,0,0,0,0,0,0,0,0,0,0,0,1.0,1.0,1.0,0.0,0.0,0.0,1,0,0
4988,27,16,11,0,15,4,8,3,3,0,0,0,0,0,0,0,0,0,0,0,0,0,0,1.0,1.0,1.0,0.0,0.0,0.0,1,0,0
4989,27,16,11,0,15,4,8,3,3,0,0,0,0,0,0,0,0,0,0,0,0,0,0,1.0,1.0,1.0,0.0,0.0,0.0,1,0,0
4990,27,16,11,0,15,4,8,3,3,0,0,0,0,0,0,0,0,0,0,0,0,0,0,1.0,1.0,1.0,0.0,0.0,0.0,1,0,0
4991,27,16,11,0,15,4,8,3,3,0,0,0,0,0,0,0,0,0,0,0,0,0,0,1.0,1.0,1.0,0.0,0.0,0.0,1,0,0
4992,27,16,11,0,15,4,8,3,3,0,0,0,0,0,0,0,0,0,0,0,0,0,0,1.0,1.0,1.0,0.0,0.0,0.0,1,0,0
4993,27,16,11,0,15,4,8,3,3,0,0,0,0,0,0,0,0,0,0,0,0,0,0,1.0,1.0,1.0,0.0,0.0,0.0,1,0,0
4994,27,16,11,0,15,4,8,3,3,0,0,0,0,0,0,0,0,0,0,0,0,0,0,1.0,1.0,1.0,0.0,0.0,0.0,1,0,0
4995,27,16,11,0,15,4,8,3,3,0,0,0,0,0,0,0,0,0,0,0,0,0,0,1.0,1.0,1.0,0.0,0.0,0.0,1,0,0
4996,27,16,11,0,15,4,8,3,3,0,0,0,0,0,0,0,0,0,0,0,0,0,0,1.0,1.0,1.0,0.0,0.0,0.0,1,0,0
4997,27,16,11,0,15,3,9,3,3,0,0,0,0,0,0,0,0,0,0,0,0,0,0,1.0,1.0,1.0,0.0,0.0,0.0,1,0,0
4998,27,16,11,0,15,3,9,3,3,0,0,0,0,0,0,0,0,0,0,0,0,0,0,1.0,1.0,1.0,0.0,0.0,0.0,1,0,0
4999,31,18,13,4,15,3,9,3,2,0,1,0,0,0,0,0,0,0,0,1,0,0,0,1.0,1.0,1.0,0.14814814814814814,0.14814814814814814,0.0,1,4,0
5000,34,19,15,7,15,3,9,3,1,0,2,0,0,0,0,0,0,0,0,1,0,0,0,1.0,1.0,1.0,0.0967741935483871,0.0967741935483871,0.0,1,3,0
5001,37,19,18,10,15,3,9,3,0,0,3,0,0,0,0,0,0,0,0,1,0,0,0,1.0,1.0,1.0,0.08823529411764706,0.08823529411764706,0.0,1,3,0
5002,37,19,18,10,15,3,9,3,0,0,3,0,0,0,0,0,0,0,0,0,0,0,0,1.0,1.0,1.0,0.0,0.0,0.0,1,0,0
5003,37,19,18,10,15,3,9,3,0,0,3,0,0,0,0,0,0,0,0,0,0,0,0,1.0,1.0,1.0,0.0,0.0,0.0,1,0,0
5004,37,19,18,10,15,3,9,3,0,0,3,0,0,0,0,0,0,0,0,0,0,0,0,1.0,1.0,1.0,0.0,0.0,0.0,1,0,0
5005,37,19,18,10,15,3,9,3,0,0,3,0,0,0,0,0,0,0,0,0,0,0,0,1.0,1.0,1.0,0.0,0.0,0.0,1,0,0
5006,37,19,18,10,15,3,9,3,0,0,3,0,0,0,0,0,0,0,0,0,0,0,0,1.0,1.0,1.0,0.0,0.0,0.0,1,0,0
5007,37,19,18,10,15,3,9,3,0,0,3,0,0,0,0,0,0,0,0,0,0,0,0,1.0,1.0,1.0,0.0,0.0,0.0,1,0,0
5008,37,19,18,10,15,2,10,4,0,0,3,0,0,0,0,0,0,0,0,0,0,0,0,1.0,1.0,1.0,0.0,0.0,0.0,1,0,0
5009,37,19,18,10,15,2,10,4,1,0,3,0,0,0,0,0,2,1,0,0,0,0,0,1.0,1.0,1.0,0.0,0.0,0.5,1,0,0
5010,37,19,18,10,15,2,10,4,1,0,3,0,0,0,0,0,0,0,0,0,0,0,0,1.0,1.0,1.0,0.0,0.0,0.0,1,0,0
5011,37,19,18,10,15,2,10,4,1,0,3,0,0,0,0,0,0,0,0,0,0,0,0,1.0,1.0,1.0,0.0,0.0,0.0,1,0,0
5012,37,19,18,10,15,2,10,4,1,0,3,0,0,0,0,0,0,0,0,0,0,0,0,1.0,1.0,1.0,0.0,0.0,0.0,1,0,0
5013,37,19,18,10,15,2,10,4,1,0,3,0,0,0,0,0,0,0,0,0,0,0,0,1.0,1.0,1.0,0.0,0.0,0.0,1,0,0
5014,37,19,18,10,15,2,10,4,1,0,3,0,0,0,0,0,0,0,0,0,0,0,0,1.0,1.0,1.0,0.0,0.0,0.0,1,0,0
5015,37,19,18,10,15,2,10,4,1,0,3,0,0,0,0,0,0,0,0,0,0,0,0,1.0,1.0,1.0,0.0,0.0,0.0,1,0,0
5016,37,19,18,10,15,2,10,4,1,0,3,0,0,0,0,0,0,0,0,0,0,0,0,1.0,1.0,1.0,0.0,0.0,0.0,1,0,0
5017,37,19,18,10,15,2,10,4,1,0,3,0,0,0,0,0,0,0,0,0,0,0,0,1.0,1.0,1.0,0.0,0.0,0.0,1,0,0
5018,36,18,18,10,14,2,10,4,1,0,3,0,0,0,0,0,0,0,0,0,1,0,1,0.96,1.0,1.0,0.0,0.0,0.0,1,0,1
5019,35,18,17,10,13,2,10,4,1,0,3,0,0,0,1,0,0,0,0,0,1,0,1,0.9583333333333334,1.0,1.0,0.0,0.0,0.0,1,0,1
5020,32,17,15,9,11,2,10,4,1,0,3,0,0,1,2,0,0,0,0,0,3,0,3,0.8695652173913043,1.0,1.0,0.0,0.0,0.0,1,0,3
5021,31,17,14,8,11,2,10,4,1,0,3,0,0,0,1,0,0,0,0,0,1,1,1,0.95,1.0,1.0,0.0,0.0,0.0,1,0,1
5022,30,17,13,8,11,2,9,3,1,0,2,0,0,0,1,0,0,0,0,0,0,2,1,1.0,1.0,0.75,0.0,0.0,0.0,1,0,1
5023,29,16,13,8,11,2,8,3,1,0,2,0,0,1,0,0,0,0,0,0,0,1,1,1.0,0.8333333333333334,1.0,0.0,0.0,0.0,1,0,1
5024,27,14,13,8,10,2,7,3,1,0,2,0,0,2,0,0,0,0,0,0,0,0,2,0.9473684210526316,0.8,1.0,0.0,0.0,0.0,1,0,2
5025,26,13,13,8,9,3,6,3,1,0,2,0,0,1,0,0,0,0,0,0,0,0,1,1.0,0.75,1.0,0.0,0.0,0.0,1,0,1
5026,26,13,13,8,8,4,6,3,1,0,2,0,0,0,0,0,0,0,0,0,0,0,0,1.0,1.0,1.0,0.0,0.0,0.0,1,0,0
5027,26,13,13,8,7,5,6,3,1,0,2,0,0,0,0,0,0,0,0,0,0,0,0,1.0,1.0,1.0,0.0,0.0,0.0,1,0,0
5028,26,13,13,8,7,5,6,3,1,0,2,0,0,0,0,0,0,0,0,0,0,0,0,1.0,1.0,1.0,0.0,0.0,0.0,1,0,0
5029,26,13,13,8,7,5,6,3,1,0,2,0,0,0,0,0,0,0,0,0,0,0,0,1.0,1.0,1.0,0.0,0.0,0.0,1,0,0
5030,26,13,13,8,7,5,6,3,1,0,2,0,0,0,0,0,0,0,0,0,0,0,0,1.0,1.0,1.0,0.0,0.0,0.0,1,0,0
5031,26,13,13,8,7,5,6,3,1,0,2,0,0,0,0,0,0,0,0,0,0,0,0,1.0,1.0,1.0,0.0,0.0,0.0,1,0,0
5032,25,12,13,8,6,5,6,3,1,0,2,0,0,0,0,0,0,0,0,0,1,0,1,0.9333333333333333,1.0,1.0,0.0,0.0,0.0,1,0,1
5033,25,12,13,8,6,5,6,3,1,0,2,0,0,0,0,0,0,0,0,0,0,0,0,1.0,1.0,1.0,0.0,0.0,0.0,1,0,0
5034,25,12,13,8,6,5,6,3,1,0,2,0,0,0,0,0,0,0,0,0,0,0,0,1.0,1.0,1.0,0.0,0.0,0.0,1,0,0
5035,25,12,13,8,6,5,6,3,1,0,2,0,0,0,0,0,0,0,0,0,0,0,0,1.0,1.0,1.0,0.0,0.0,0.0,1,0,0
5036,25,12,13,8,6,5,6,3,1,0,2,0,0,0,0,0,0,0,0,0,0,0,0,1.0,1.0,1.0,0.0,0.0,0.0,1,0,0
5037,25,12,13,8,6,5,6,3,1,0,2,0,0,0,0,0,0,0,0,0,0,0,0,1.0,1.0,1.0,0.0,0.0,0.0,1,0,0
5038,25,12,13,8,6,5,6,3,1,0,2,0,0,0,0,0,0,0,0,0,0,0,0,1.0,1.0,1.0,0.0,0.0,0.0,1,0,0
5039,25,12,13,8,6,5,6,3,1,0,2,0,0,0,0,0,0,0,0,0,0,0,0,1.0,1.0,1.0,0.0,0.0,0.0,1,0,0
5040,25,12,13,8,6,5,6,3,1,0,2,0,0,0,0,0,0,0,0,0,0,0,0,1.0,1.0,1.0,0.0,0.0,0.0,1,0,0
5041,25,12,13,8,6,5,6,3,1,0,2,0,0,0,0,0,0,0,0,0,0,0,0,1.0,1.0,1.0,0.0,0.0,0.0,1,0,0
5042,25,12,13,5,9,4,7,3,1,0,2,0,0,0,0,0,0,0,0,0,0,0,0,1.0,1.0,1.0,0.0,0.0,0.0,1,0,0
5043,25,12,13,3,11,4,7,3,1,0,2,0,0,0,0,0,0,0,0,0,0,0,0,1.0,1.0,1.0,0.0,0.0,0.0,1,0,0
5044,25,12,13,0,14,4,7,3,1,0,1,0,0,0,0,0,0,0,0,0,0,0,0,1.0,1.0,1.0,0.0,0.0,0.0,1,0,0
5045,25,12,13,0,14,4,7,3,2,0,1,0,0,0,0,0,7,1,0,0,0,0,0,1.0,1.0,1.0,0.0,0.0,0.14285714285714285,1,0,0
5046,25,12,13,0,14,4,7,3,2,0,0,0,0,0,0,0,7,1,0,0,0,0,0,1.0,1.0,1.0,0.0,0.0,0.14285714285714285,1,0,0
5047,25,12,13,0,14,4,7,3,2,0,0,0,0,0,0,0,7,1,0,0,0,0,0,1.0,1.0,1.0,0.0,0.0,0.14285714285714285,1,0,0
5048,25,12,13,0,14,4,7,3,2,0,0,0,0,0,0,0,7,1,0,0,0,0,0,1.0,1.0,1.0,0.0,0.0,0.14285714285714285,1,0,0
5049,25,12,13,0,14,4,7,3,2,0,0,0,0,0,0,0,7,1,0,0,0,0,0,1.0,1.0,1.0,0.0,0.0,0.14285714285714285,1,0,0
5050,25,12,13,0,14,4,7,3,2,0,0,0,0,0,0,0,7,1,0,0,0,0,0,1.0,1.0,1.0,0.0,0.0,0.14285714285714285,1,0,0
5051,25,12,13,0,14,4,7,3,2,0,0,0,0,0,0,0,7,1,0,0,0,0,0,1.0,1.0,1.0,0.0,0.0,0.14285714285714285,1,0,0
5052,24,11,13,0,14,3,7,3,2,0,0,0,0,0,0,0,7,1,0,0,0,0,0,1.0,1.0,1.0,0.0,0.0,0.14285714285714285,1,0,1
5053,24,11,13,0,14,3,7,3,2,0,0,0,0,0,0,0,7,1,0,0,0,0,0,1.0,1.0,1.0,0.0,0.0,0.14285714285714285,1,0,0
5054,24,11,13,0,14,3,7,3,2,0,0,0,0,0,0,0,7,1,0,0,0,0,0,1.0,1.0,1.0,0.0,0.0,0.14285714285714285,1,0,0
5055,24,11,13,0,14,3,7,3,2,0,0,0,0,0,0,0,7,1,0,0,0,0,0,1.0,1.0,1.0,0.0,0.0,0.14285714285714285,1,0,0
5056,24,11,13,0,14,3,7,3,2,0,0,0,0,0,0,0,7,1,0,0,0,0,0,1.0,1.0,1.0,0.0,0.0,0.14285714285714285,1,0,0
5057,24,11,13,0,14,3,7,3,2,0,0,0,0,0,0,0,7,1,0,0,0,0,0,1.0,1.0,1.0,0.0,0.0,0.14285714285714285,1,0,0
5058,24,11,13,0,14,3,7,3,2,0,0,0,0,0,0,0,7,1,0,0,0,0,0,1.0,1.0,1.0,0.0,0.0,0.14285714285714285,1,0,0
5059,23,11,12,0,14,3,6,2,1,0,0,0,0,0,0,0,7,1,0,0,0,0,0,1.0,1.0,0.6666666666666667,0.0,0.0,0.14285714285714285,1,0,1
5060,23,11,12,0,14,3,6,2,1,0,0,0,0,0,0,0,7,1,0,0,0,0,0,1.0,1.0,1.0,0.0,0.0,0.14285714285714285,1,0,0
5061,23,11,12,0,14,3,6,2,1,0,0,0,0,0,0,0,7,1,0,0,0,0,0,1.0,1.0,1.0,0.0,0.0,0.14285714285714285,1,0,0
5062,23,11,12,0,14,3,6,2,1,0,0,0,0,0,0,0,7,1,0,0,0,0,0,1.0,1.0,1.0,0.0,0.0,0.14285714285714285,1,0,0
5063,23,11,12,0,14,3,6,2,1,0,0,0,0,0,0,0,7,1,0,0,0,0,0,1.0,1.0,1.0,0.0,0.0,0.14285714285714285,1,0,0
5064,23,11,12,0,14,3,6,2,1,0,0,0,0,0,0,0,7,1,0,0,0,0,0,1.0,1.0,1.0,0.0,0.0,0.14285714285714285,1,0,0
5065,23,11,12,0,14,3,6,2,1,0,0,0,0,0,0,0,7,1,0,0,0,0,0,1.0,1.0,1.0,0.0,0.0,0.14285714285714285,1,0,0
5066,23,11,12,0,14,3,6,2,1,0,0,0,0,0,0,0,7,1,0,0,0,0,0,1.0,1.0,1.0,0.0,0.0,0.14285714285714285,1,0,0
5067,23,11,12,0,14,3,6,2,1,0,0,0,0,0,0,0,7,1,0,0,0,2,0,1.0,1.0,1.0,0.0,0.0,0.14285714285714285,1,0,0
5068,23,11,12,0,14,3,6,2,1,0,0,0,0,0,0,0,7,1,0,0,0,0,0,1.0,1.0,1.0,0.0,0.0,0.14285714285714285,1,0,0
5069,23,11,12,0,14,3,6,2,1,0,0,0,0,0,0,0,7,1,0,0,0,1,0,1.0,1.0,1.0,0.0,0.0,0.14285714285714285,1,0,0
5070,23,11,12,0,14,3,6,2,1,0,0,0,0,0,0,0,7,1,0,0,0,0,0,1.0,1.0,1.0,0.0,0.0,0.14285714285714285,1,0,0
5071,23,11,12,0,12,5,6,2,1,0,0,0,0,0,0,0,7,1,0,0,0,0,0,1.0,1.0,1.0,0.0,0.0,0.14285714285714285,1,0,0
5072,23,11,12,0,12,5,6,2,1,0,0,0,0,0,0,0,7,1,0,0,0,3,0,1.0,1.0,1.0,0.0,0.0,0.14285714285714285,1,0,0
5073,23,11,12,0,11,6,6,2,1,0,0,0,0,0,0,0,7,1,0,0,0,0,0,1.0,1.0,1.0,0.0,0.0,0.14285714285714285,1,0,0
5074,27,13,14,4,11,6,6,2,0,0,1,0,0,0,0,0,7,1,0,1,0,0,0,1.0,1.0,1.0,0.17391304347826086,0.17391304347826086,0.14285714285714285,1,4,0
5075,27,13,14,4,11,6,6,2,0,0,1,0,0,0,0,0,7,1,0,0,0,0,0,1.0,1.0,1.0,0.0,0.0,0.14285714285714285,1,0,0
5076,27,13,14,4,8,9,6,2,0,0,1,0,0,0,0,0,7,1,0,0,0,0,0,1.0,1.0,1.0,0.0,0.0,0.14285714285714285,1,0,0
5077,27,13,14,4,8,8,7,3,0,0,1,0,0,0,0,0,7,1,0,0,0,0,0,1.0,1.0,1.0,0.0,0.0,0.14285714285714285,1,0,0
5078,27,13,14,4,8,8,7,3,0,0,1,0,0,0,0,0,7,1,0,0,0,0,0,1.0,1.0,1.0,0.0,0.0,0.14285714285714285,1,0,0
5079,27,13,14,4,8,8,7,3,0,0,1,0,0,0,0,0,7,1,0,0,0,0,0,1.0,1.0,1.0,0.0,0.0,0.14285714285714285,1,0,0
5080,27,13,14,4,8,8,7,3,0,0,1,0,0,0,0,0,7,1,0,0,0,0,0,1.0,1.0,1.0,0.0,0.0,0.14285714285714285,1,0,0
5081,27,13,14,4,8,8,7,3,0,0,1,0,0,0,0,0,7,1,0,0,0,0,0,1.0,1.0,1.0,0.0,0.0,0.14285714285714285,1,0,0
5082,27,13,14,4,8,8,7,3,0,0,1,0,0,0,0,0,7,1,0,0,0,0,0,1.0,1.0,1.0,0.0,0.0,0.14285714285714285,1,0,0
5083,27,13,14,4,8,8,7,3,0,0,1,0,0,0,0,0,7,1,0,0,0,0,0,1.0,1.0,1.0,0.0,0.0,0.14285714285714285,1,0,0
5084,27,13,14,4,8,8,7,3,0,0,1,0,0,0,0,0,7,1,0,0,0,0,0,1.0,1.0,1.0,0.0,0.0,0.14285714285714285,1,0,0
5085,27,13,14,4,8,8,7,3,0,0,1,0,0,0,0,0,7,1,0,0,0,0,0,1.0,1.0,1.0,0.0,0.0,0.14285714285714285,1,0,0
5086,27,13,14,4,8,8,7,3,0,0,1,0,0,0,0,0,7,1,0,0,0,0,0,1.0,1.0,1.0,0.0,0.0,0.14285714285714285,1,0,0
5087,27,13,14,4,8,8,7,3,0,0,1,0,0,0,0,0,7,1,0,0,0,0,0,1.0,1.0,1.0,0.0,0.0,0.14285714285714285,1,0,0
5088,27,13,14,4,8,8,7,3,0,0,1,0,0,0,0,0,7,1,0,0,0,0,0,1.0,1.0,1.0,0.0,0.0,0.14285714285714285,1,0,0
5089,27,13,14,4,8,8,7,3,0,0,1,0,0,0,0,0,7,1,0,0,0,0,0,1.0,1.0,1.0,0.0,0.0,0.14285714285714285,1,0,0
5090,27,13,14,4,8,8,7,3,0,0,1,0,0,0,0,0,7,1,0,0,0,0,0,1.0,1.0,1.0,0.0,0.0,0.14285714285714285,1,0,0
5091,27,13,14,4,8,8,7,3,0,0,1,0,0,0,0,0,7,1,0,0,0,0,0,1.0,1.0,1.0,0.0,0.0,0.14285714285714285,1,0,0
5092,27,13,14,4,8,8,7,3,0,0,1,0,0,0,0,0,7,1,0,0,0,0,0,1.0,1.0,1.0,0.0,0.0,0.14285714285714285,1,0,0
5093,27,13,14,4,8,8,7,3,0,0,1,0,0,0,0,0,7,1,0,0,0,0,0,1.0,1.0,1.0,0.0,0.0,0.14285714285714285,1,0,0
5094,27,13,14,4,8,8,7,3,0,0,1,0,0,0,0,0,7,1,0,0,0,0,0,1.0,1.0,1.0,0.0,0.0,0.14285714285714285,1,0,0
5095,27,13,14,4,8,8,7,3,0,0,1,0,0,0,0,0,7,1,0,0,0,0,0,1.0,1.0,1.0,0.0,0.0,0.14285714285714285,1,0,0
5096,27,13,14,4,8,8,7,3,0,0,1,0,0,0,0,0,7,1,0,0,0,0,0,1.0,1.0,1.0,0.0,0.0,0.14285714285714285,1,0,0
5097,27,13,14,4,8,8,7,3,0,0,1,0,0,0,0,0,7,1,0,0,0,0,0,1.0,1.0,1.0,0.0,0.0,0.14285714285714285,1,0,0
5098,27,13,14,4,8,8,7,3,0,0,1,0,0,0,0,0,7,1,0,0,0,0,0,1.0,1.0,1.0,0.0,0.0,0.14285714285714285,1,0,0
5099,27,13,14,4,8,8,7,3,0,0,1,0,0,0,0,0,7,1,0,0,0,0,0,1.0,1.0,1.0,0.0,0.0,0.14285714285714285,1,0,0
5100,27,13,14,4,8,8,7,3,0,0,1,0,0,0,0,0,7,1,0,0,0,0,0,1.0,1.0,1.0,0.0,0.0,0.14285714285714285,1,0,0
5101,27,13,14,4,8,8,7,3,0,0,1,0,0,0,0,0,7,1,0,0,0,0,0,1.0,1.0,1.0,0.0,0.0,0.14285714285714285,1,0,0
5102,27,13,14,4,8,8,7,3,0,0,1,0,0,0,0,0,7,1,0,0,0,0,0,1.0,1.0,1.0,0.0,0.0,0.14285714285714285,1,0,0
5103,27,13,14,4,8,8,7,3,0,0,1,0,0,0,0,0,7,1,0,0,0,0,0,1.0,1.0,1.0,0.0,0.0,0.14285714285714285,1,0,0
5104,27,13,14,4,8,8,7,3,0,0,1,0,0,0,0,0,7,1,0,0,0,0,0,1.0,1.0,1.0,0.0,0.0,0.14285714285714285,1,0,0
5105,27,13,14,4,8,8,7,3,0,0,1,0,0,0,0,0,7,1,0,0,0,0,0,1.0,1.0,1.0,0.0,0.0,0.14285714285714285,1,0,0
5106,27,13,14,4,8,8,7,3,0,0,1,0,0,0,0,0,7,1,0,0,0,0,0,1.0,1.0,1.0,0.0,0.0,0.14285714285714285,1,0,0
5107,27,13,14,4,8,8,7,3,0,0,1,0,0,0,0,0,7,1,0,0,0,0,0,1.0,1.0,1.0,0.0,0.0,0.14285714285714285,1,0,0
5108,27,13,14,4,8,8,7,3,0,0,1,0,0,0,0,0,7,1,0,0,0,0,0,1.0,1.0,1.0,0.0,0.0,0.14285714285714285,1,0,0
5109,27,13,14,4,8,8,7,3,0,0,1,0,0,0,0,0,7,1,0,0,0,0,0,1.0,1.0,1.0,0.0,0.0,0.14285714285714285,1,0,0
5110,25,13,12,4,7,7,7,3,0,0,1,0,0,0,2,0,7,1,0,0,1,0,2,0.9166666666666666,1.0,1.0,0.0,0.0,0.14285714285714285,1,0,2
5111,25,13,12,4,7,7,7,3,0,0,1,0,0,0,0,0,7,1,0,0,0,0,0,1.0,1.0,1.0,0.0,0.0,0.14285714285714285,1,0,0
5112,23,12,11,4,6,6,7,3,0,0,1,0,0,1,1,0,7,1,0,0,1,0,2,0.9090909090909091,1.0,1.0,0.0,0.0,0.14285714285714285,1,0,2
5113,23,12,11,4,6,6,7,3,0,0,1,0,0,0,0,0,7,1,0,0,0,0,0,1.0,1.0,1.0,0.0,0.0,0.14285714285714285,1,0,0
5114,22,11,11,4,6,6,6,3,0,0,1,0,0,1,0,0,7,1,0,0,0,0,1,1.0,0.75,1.0,0.0,0.0,0.14285714285714285,1,0,1
5115,22,11,11,4,6,6,6,3,0,0,1,0,0,0,0,0,7,1,0,0,0,0,0,1.0,1.0,1.0,0.0,0.0,0.14285714285714285,1,0,0
5116,22,11,11,4,6,6,6,3,0,0,1,0,0,0,0,0,7,1,0,0,0,0,0,1.0,1.0,1.0,0.0,0.0,0.14285714285714285,1,0,0
5117,21,10,11,0,10,6,5,3,0,0,1,0,0,1,0,0,7,1,0,0,0,0,1,1.0,0.6666666666666667,1.0,0.0,0.0,0.14285714285714285,1,0,1
5118,21,10,11,0,10,6,5,3,0,0,1,0,0,0,0,0,7,1,0,0,0,0,0,1.0,1.0,1.0,0.0,0.0,0.14285714285714285,1,0,0
5119,21,10,11,0,10,6,5,3,0,0,0,0,0,0,0,0,7,1,0,0,0,0,0,1.0,1.0,1.0,0.0,0.0,0.14285714285714285,1,0,0
5120,21,10,11,0,10,6,5,3,0,0,0,0,0,0,0,0,7,1,0,0,0,0,0,1.0,1.0,1.0,0.0,0.0,0.14285714285714285,1,0,0
5121,21,10,11,0,10,6,5,3,0,0,0,0,0,0,0,0,7,1,0,0,0,0,0,1.0,1.0,1.0,0.0,0.0,0.14285714285714285,1,0,0
5122,21,10,11,0,10,6,5,3,0,0,0,0,0,0,0,0,7,1,0,0,0,0,0,1.0,1.0,1.0,0.0,0.0,0.14285714285714285,1,0,0
5123,21,10,11,0,10,6,5,3,0,0,0,0,0,0,0,0,7,1,0,0,0,0,0,1.0,1.0,1.0,0.0,0.0,0.14285714285714285,1,0,0
5124,21,10,11,0,10,6,5,3,0,0,0,0,0,0,0,0,7,1,0,0,0,0,0,1.0,1.0,1.0,0.0,0.0,0.14285714285714285,1,0,0
5125,21,10,11,0,10,6,5,3,0,0,0,0,0,0,0,0,7,1,0,0,0,0,0,1.0,1.0,1.0,0.0,0.0,0.14285714285714285,1,0,0
5126,20,9,11,0,10,5,5,3,0,0,0,0,0,0,0,0,7,1,0,0,0,0,0,1.0,1.0,1.0,0.0,0.0,0.14285714285714285,1,0,1
5127,20,9,11,0,10,5,5,3,0,0,0,0,0,0,0,0,7,1,0,0,0,0,0,1.0,1.0,1.0,0.0,0.0,0.14285714285714285,1,0,0
5128,20,9,11,0,10,5,5,3,0,0,0,0,0,0,0,0,7,1,0,0,0,0,0,1.0,1.0,1.0,0.0,0.0,0.14285714285714285,1,0,0
5129,20,9,11,0,10,5,5,3,0,0,0,0,0,0,0,0,7,1,0,0,0,0,0,1.0,1.0,1.0,0.0,0.0,0.14285714285714285,1,0,0
5130,20,9,11,0,10,5,5,3,0,0,0,0,0,0,0,0,7,1,0,0,0,0,0,1.0,1.0,1.0,0.0,0.0,0.14285714285714285,1,0,0
5131,20,9,11,0,10,5,5,3,0,0,0,0,0,0,0,0,7,1,0,0,0,0,0,1.0,1.0,1.0,0.0,0.0,0.14285714285714285,1,0,0
5132,20,9,11,0,10,5,5,3,0,0,0,0,0,0,0,0,7,1,0,0,0,0,0,1.0,1.0,1.0,0.0,0.0,0.14285714285714285,1,0,0
5133,20,9,11,0,10,5,5,3,0,0,0,0,0,0,0,0,7,1,0,0,0,0,0,1.0,1.0,1.0,0.0,0.0,0.14285714285714285,1,0,0
5134,20,9,11,0,10,5,5,3,0,0,0,0,0,0,0,0,7,1,0,0,0,0,0,1.0,1.0,1.0,0.0,0.0,0.14285714285714285,1,0,0
5135,20,9,11,0,10,5,5,3,0,0,0,0,0,0,0,0,7,1,0,0,0,0,0,1.0,1.0,1.0,0.0,0.0,0.14285714285714285,1,0,0
5136,20,9,11,0,10,5,5,3,0,0,0,0,0,0,0,0,7,1,0,0,0,0,0,1.0,1.0,1.0,0.0,0.0,0.14285714285714285,1,0,0
5137,20,9,11,0,10,5,5,3,0,0,0,0,0,0,0,0,7,1,0,0,0,0,0,1.0,1.0,1.0,0.0,0.0,0.14285714285714285,1,0,0
5138,20,9,11,0,10,5,5,3,0,0,0,0,0,0,0,0,7,1,0,0,0,0,0,1.0,1.0,1.0,0.0,0.0,0.14285714285714285,1,0,0
5139,20,9,11,0,10,5,5,3,0,0,0,0,0,0,0,0,7,1,0,0,0,0,0,1.0,1.0,1.0,0.0,0.0,0.14285714285714285,1,0,0
5140,20,9,11,0,10,5,5,3,0,0,0,0,0,0,0,0,5,0,0,0,0,0,0,1.0,1.0,1.0,0.0,0.0,0.0,1,0,0
5141,20,9,11,0,10,5,5,3,1,0,0,0,0,0,0,0,2,1,0,0,0,0,0,1.0,1.0,1.0,0.0,0.0,0.5,1,0,0
5142,20,9,11,0,10,5,5,3,2,0,0,0,0,0,0,0,5,1,0,0,0,0,0,1.0,1.0,1.0,0.0,0.0,0.2,1,0,0
5143,20,9,11,0,10,5,5,3,3,0,0,0,0,0,0,0,6,1,0,0,0,0,0,1.0,1.0,1.0,0.0,0.0,0.16666666666666666,1,0,0
5144,20,9,11,0,10,5,5,3,3,0,0,0,0,0,0,0,0,0,0,0,0,0,0,1.0,1.0,1.0,0.0,0.0,0.0,1,0,0
5145,20,9,11,0,10,5,5,3,3,0,0,0,0,0,0,0,0,0,0,0,0,0,0,1.0,1.0,1.0,0.0,0.0,0.0,1,0,0
5146,20,9,11,0,10,5,5,3,3,0,0,0,0,0,0,0,0,0,0,0,0,0,0,1.0,1.0,1.0,0.0,0.0,0.0,1,0,0
5147,20,9,11,0,10,5,5,3,3,0,0,0,0,0,0,0,0,0,0,0,0,0,0,1.0,1.0,1.0,0.0,0.0,0.0,1,0,0
5148,20,9,11,0,10,5,5,3,3,0,0,0,0,0,0,0,0,0,0,0,0,0,0,1.0,1.0,1.0,0.0,0.0,0.0,1,0,0
5149,20,9,11,0,10,5,5,3,3,0,0,0,0,0,0,0,0,0,0,0,0,0,0,1.0,1.0,1.0,0.0,0.0,0.0,1,0,0
5150,20,9,11,0,10,5,5,3,3,0,0,0,0,0,0,0,0,0,0,0,0,0,0,1.0,1.0,1.0,0.0,0.0,0.0,1,0,0
5151,20,9,11,0,10,5,5,3,3,0,0,0,0,0,0,0,0,0,0,0,0,0,0,1.0,1.0,1.0,0.0,0.0,0.0,1,0,0
5152,20,9,11,0,10,5,5,3,3,0,0,0,0,0,0,0,0,0,0,0,0,0,0,1.0,1.0,1.0,0.0,0.0,0.0,1,0,0
5153,20,9,11,0,10,5,5,3,3,0,0,0,0,0,0,0,0,0,0,0,0,0,0,1.0,1.0,1.0,0.0,0.0,0.0,1,0,0
5154,20,9,11,0,10,5,5,3,3,0,0,0,0,0,0,0,0,0,0,0,0,0,0,1.0,1.0,1.0,0.0,0.0,0.0,1,0,0
5155,20,9,11,0,10,5,5,3,3,0,0,0,0,0,0,0,0,0,0,0,0,0,0,1.0,1.0,1.0,0.0,0.0,0.0,1,0,0
5156,20,9,11,0,10,5,5,3,3,0,0,0,0,0,0,0,0,0,0,0,0,0,0,1.0,1.0,1.0,0.0,0.0,0.0,1,0,0
5157,20,9,11,0,10,5,5,3,3,0,0,0,0,0,0,0,0,0,0,0,0,0,0,1.0,1.0,1.0,0.0,0.0,0.0,1,0,0
5158,20,9,11,0,10,5,5,3,3,0,0,0,0,0,0,0,0,0,0,0,0,0,0,1.0,1.0,1.0,0.0,0.0,0.0,1,0,0
5159,20,9,11,0,10,5,5,3,3,0,0,0,0,0,0,0,0,0,0,0,0,0,0,1.0,1.0,1.0,0.0,0.0,0.0,1,0,0
5160,20,9,11,0,10,5,5,3,3,0,0,0,0,0,0,0,0,0,0,0,0,0,0,1.0,1.0,1.0,0.0,0.0,0.0,1,0,0
5161,20,9,11,0,10,5,5,3,3,0,0,0,0,0,0,0,0,0,0,0,0,0,0,1.0,1.0,1.0,0.0,0.0,0.0,1,0,0
5162,20,9,11,0,10,5,5,3,3,0,0,0,0,0,0,0,0,0,0,0,0,0,0,1.0,1.0,1.0,0.0,0.0,0.0,1,0,0
5163,20,9,11,0,10,5,5,3,3,0,0,0,0,0,0,0,0,0,0,0,0,0,0,1.0,1.0,1.0,0.0,0.0,0.0,1,0,0
5164,20,9,11,0,10,5,5,3,3,0,0,0,0,0,0,0,0,0,0,0,0,0,0,1.0,1.0,1.0,0.0,0.0,0.0,1,0,0
5165,20,9,11,0,10,5,5,3,3,0,0,0,0,0,0,0,0,0,0,0,0,0,0,1.0,1.0,1.0,0.0,0.0,0.0,1,0,0
5166,20,9,11,0,10,5,5,3,3,0,0,0,0,0,0,0,0,0,0,0,0,0,0,1.0,1.0,1.0,0.0,0.0,0.0,1,0,0
5167,20,9,11,0,10,5,5,3,3,0,0,0,0,0,0,0,0,0,0,0,0,0,0,1.0,1.0,1.0,0.0,0.0,0.0,1,0,0
5168,20,9,11,0,10,5,5,3,3,0,0,0,0,0,0,0,0,0,0,0,0,0,0,1.0,1.0,1.0,0.0,0.0,0.0,1,0,0
5169,20,9,11,0,10,5,5,3,3,0,0,0,0,0,0,0,0,0,0,0,0,0,0,1.0,1.0,1.0,0.0,0.0,0.0,1,0,0
5170,20,9,11,0,10,5,5,3,3,0,0,0,0,0,0,0,0,0,0,0,0,0,0,1.0,1.0,1.0,0.0,0.0,0.0,1,0,0
5171,20,9,11,0,10,5,5,3,3,0,0,0,0,0,0,0,0,0,0,0,0,0,0,1.0,1.0,1.0,0.0,0.0,0.0,1,0,0
5172,20,9,11,0,10,5,5,3,3,0,0,0,0,0,0,0,0,0,0,0,0,0,0,1.0,1.0,1.0,0.0,0.0,0.0,1,0,0
5173,20,9,11,0,10,5,5,3,3,0,0,0,0,0,0,0,0,0,0,0,0,0,0,1.0,1.0,1.0,0.0,0.0,0.0,1,0,0
5174,20,9,11,0,10,5,5,3,3,0,0,0,0,0,0,0,0,0,0,0,0,0,0,1.0,1.0,1.0,0.0,0.0,0.0,1,0,0
5175,20,9,11,0,10,5,5,3,3,0,0,0,0,0,0,0,0,0,0,0,0,0,0,1.0,1.0,1.0,0.0,0.0,0.0,1,0,0
5176,20,9,11,0,10,5,5,3,3,0,0,0,0,0,0,0,0,0,0,0,0,0,0,1.0,1.0,1.0,0.0,0.0,0.0,1,0,0
5177,20,9,11,0,10,5,5,3,3,0,0,0,0,0,0,0,0,0,0,0,0,0,0,1.0,1.0,1.0,0.0,0.0,0.0,1,0,0
5178,20,9,11,0,10,5,5,3,3,0,0,0,0,0,0,0,0,0,0,0,0,0,0,1.0,1.0,1.0,0.0,0.0,0.0,1,0,0
5179,20,9,11,0,10,5,5,3,3,0,0,0,0,0,0,0,0,0,0,0,0,3,0,1.0,1.0,1.0,0.0,0.0,0.0,1,0,0
5180,20,9,11,0,10,5,5,3,3,0,0,0,0,0,0,0,0,0,0,0,0,2,0,1.0,1.0,1.0,0.0,0.0,0.0,1,0,0
5181,20,9,11,0,10,5,5,3,3,0,0,0,0,0,0,0,0,0,0,0,0,1,0,1.0,1.0,1.0,0.0,0.0,0.0,1,0,0
5182,20,9,11,0,10,5,5,3,3,0,0,0,0,0,0,0,0,0,0,0,0,0,0,1.0,1.0,1.0,0.0,0.0,0.0,1,0,0
5183,20,9,11,0,7,8,5,3,3,0,0,0,0,0,0,0,0,0,0,0,0,0,0,1.0,1.0,1.0,0.0,0.0,0.0,1,0,0
5184,20,9,11,0,5,10,5,3,3,0,0,0,0,0,0,0,0,0,0,0,0,0,0,1.0,1.0,1.0,0.0,0.0,0.0,1,0,0
5185,20,9,11,0,4,11,5,3,3,0,0,0,0,0,0,0,0,0,0,0,0,0,0,1.0,1.0,1.0,0.0,0.0,0.0,1,0,0
5186,20,9,11,0,4,11,5,3,3,0,0,0,0,0,0,0,0,0,0,0,0,0,0,1.0,1.0,1.0,0.0,0.0,0.0,1,0,0
5187,20,9,11,0,4,11,5,3,3,0,0,0,0,0,0,0,0,0,0,0,0,0,0,1.0,1.0,1.0,0.0,0.0,0.0,1,0,0
5188,20,9,11,0,4,11,5,3,3,0,0,0,0,0,0,0,0,0,0,0,0,0,0,1.0,1.0,1.0,0.0,0.0,0.0,1,0,0
5189,20,9,11,0,4,11,5,3,3,0,0,0,0,0,0,0,0,0,0,0,0,0,0,1.0,1.0,1.0,0.0,0.0,0.0,1,0,0
5190,20,9,11,0,4,11,5,3,3,0,0,0,0,0,0,0,0,0,0,0,0,0,0,1.0,1.0,1.0,0.0,0.0,0.0,1,0,0
5191,20,9,11,0,4,11,5,3,3,0,0,0,0,0,0,0,0,0,0,0,0,0,0,1.0,1.0,1.0,0.0,0.0,0.0,1,0,0
5192,20,9,11,0,4,11,5,3,3,0,0,0,0,0,0,0,0,0,0,0,0,0,0,1.0,1.0,1.0,0.0,0.0,0.0,1,0,0
5193,20,9,11,0,4,11,5,3,3,0,0,0,0,0,0,0,0,0,0,0,0,0,0,1.0,1.0,1.0,0.0,0.0,0.0,1,0,0
5194,20,9,11,0,4,11,5,3,3,0,0,0,0,0,0,0,0,0,0,0,0,0,0,1.0,1.0,1.0,0.0,0.0,0.0,1,0,0
5195,20,9,11,0,4,11,5,3,3,0,0,0,0,0,0,0,0,0,0,0,0,0,0,1.0,1.0,1.0,0.0,0.0,0.0,1,0,0
5196,20,9,11,0,4,11,5,3,3,0,0,0,0,0,0,0,0,0,0,0,0,0,0,1.0,1.0,1.0,0.0,0.0,0.0,1,0,0
5197,20,9,11,0,4,11,5,3,3,0,0,0,0,0,0,0,0,0,0,0,0,0,0,1.0,1.0,1.0,0.0,0.0,0.0,1,0,0
5198,20,9,11,0,4,11,5,3,3,0,0,0,0,0,0,0,0,0,0,0,0,0,0,1.0,1.0,1.0,0.0,0.0,0.0,1,0,0
5199,20,9,11,0,4,11,5,3,3,0,0,0,0,0,0,0,0,0,0,0,0,0,0,1.0,1.0,1.0,0.0,0.0,0.0,1,0,0
5200,20,9,11,0,4,11,5,3,3,0,0,0,0,0,0,0,0,0,0,0,0,0,0,1.0,1.0,1.0,0.0,0.0,0.0,1,0,0
5201,20,9,11,0,4,11,5,3,3,0,0,0,0,0,0,0,0,0,0,0,0,0,0,1.0,1.0,1.0,0.0,0.0,0.0,1,0,0
5202,18,8,10,0,3,10,5,3,3,0,0,0,0,1,1,0,0,0,0,0,1,0,2,0.75,1.0,1.0,0.0,0.0,0.0,1,0,2
5203,18,8,10,0,3,10,5,3,3,0,0,0,0,0,0,0,0,0,0,0,0,0,0,1.0,1.0,1.0,0.0,0.0,0.0,1,0,0
5204,17,8,9,0,2,10,5,3,3,0,0,0,0,0,1,0,0,0,0,0,1,0,1,0.6666666666666667,1.0,1.0,0.0,0.0,0.0,1,0,1
5205,16,8,8,0,2,9,5,3,3,0,0,0,0,0,1,0,0,0,0,0,0,0,1,1.0,1.0,1.0,0.0,0.0,0.0,1,0,1
5206,18,9,9,3,2,7,6,3,2,0,1,0,0,0,1,0,0,0,0,1,0,0,1,1.0,1.0,1.0,0.1875,0.1875,0.0,1,3,1
5207,21,10,11,6,2,7,6,3,1,0,2,0,0,0,0,0,0,0,0,1,0,0,0,1.0,1.0,1.0,0.16666666666666666,0.16666666666666666,0.0,1,3,0
5208,25,13,12,10,2,6,7,3,0,0,3,0,0,0,0,0,0,0,0,1,0,0,0,1.0,1.0,1.0,0.19047619047619047,0.19047619047619047,0.0,1,4,0
5209,25,13,12,10,2,6,7,3,0,0,3,0,0,0,0,0,0,0,0,0,0,0,0,1.0,1.0,1.0,0.0,0.0,0.0,1,0,0
5210,25,13,12,10,2,6,7,3,0,0,3,0,0,0,0,0,0,0,0,0,0,0,0,1.0,1.0,1.0,0.0,0.0,0.0,1,0,0
5211,25,13,12,10,2,4,9,4,0,0,3,0,0,0,0,0,0,0,0,0,0,0,0,1.0,1.0,1.0,0.0,0.0,0.0,1,0,0
5212,25,13,12,10,2,3,10,5,0,0,3,0,0,0,0,0,0,0,0,0,0,0,0,1.0,1.0,1.0,0.0,0.0,0.0,1,0,0
5213,25,13,12,10,2,3,10,5,0,0,3,0,0,0,0,0,0,0,0,0,0,0,0,1.0,1.0,1.0,0.0,0.0,0.0,1,0,0
5214,25,13,12,10,2,3,10,5,0,0,3,0,0,0,0,0,0,0,0,0,0,0,0,1.0,1.0,1.0,0.0,0.0,0.0,1,0,0
5215,25,13,12,10,2,3,10,5,0,0,3,0,0,0,0,0,0,0,0,0,0,0,0,1.0,1.0,1.0,0.0,0.0,0.0,1,0,0
5216,25,13,12,10,2,3,10,5,0,0,3,0,0,0,0,0,0,0,0,0,0,0,0,1.0,1.0,1.0,0.0,0.0,0.0,1,0,0
5217,25,13,12,10,2,3,10,5,0,0,3,0,0,0,0,0,0,0,0,0,0,0,0,1.0,1.0,1.0,0.0,0.0,0.0,1,0,0
5218,25,13,12,10,2,3,10,5,0,0,3,0,0,0,0,0,3,0,0,0,0,0,0,1.0,1.0,1.0,0.0,0.0,0.0,1,0,0
5219,25,13,12,10,2,3,10,5,1,0,3,0,0,0,0,0,7,1,0,0,0,0,0,1.0,1.0,1.0,0.0,0.0,0.14285714285714285,1,0,0
5220,25,13,12,10,2,3,10,5,2,0,3,0,0,0,0,0,7,1,0,0,0,0,0,1.0,1.0,1.0,0.0,0.0,0.14285714285714285,1,0,0
5221,25,13,12,10,2,3,10,5,2,0,3,0,0,0,0,0,0,0,0,0,0,0,0,1.0,1.0,1.0,0.0,0.0,0.0,1,0,0
5222,25,13,12,10,2,3,10,5,2,0,3,0,0,0,0,0,0,0,0,0,0,0,0,1.0,1.0,1.0,0.0,0.0,0.0,1,0,0
5223,25,13,12,10,2,3,10,5,2,0,3,0,0,0,0,0,0,0,0,0,0,0,0,1.0,1.0,1.0,0.0,0.0,0.0,1,0,0
5224,25,13,12,10,2,3,10,5,2,0,3,0,0,0,0,0,0,0,0,0,0,0,0,1.0,1.0,1.0,0.0,0.0,0.0,1,0,0
5225,25,13,12,10,2,3,10,5,2,0,3,0,0,0,0,0,0,0,0,0,0,0,0,1.0,1.0,1.0,0.0,0.0,0.0,1,0,0
5226,25,13,12,10,2,3,10,5,2,0,3,0,0,0,0,0,0,0,0,0,0,0,0,1.0,1.0,1.0,0.0,0.0,0.0,1,0,0
5227,25,13,12,10,2,3,10,5,2,0,3,0,0,0,0,0,0,0,0,0,0,0,0,1.0,1.0,1.0,0.0,0.0,0.0,1,0,0
5228,25,13,12,10,2,3,10,5,2,0,3,0,0,0,0,0,0,0,0,0,0,0,0,1.0,1.0,1.0,0.0,0.0,0.0,1,0,0
5229,25,13,12,10,2,3,10,5,2,0,3,0,0,0,0,0,0,0,0,0,0,0,0,1.0,1.0,1.0,0.0,0.0,0.0,1,0,0
5230,25,13,12,10,2,3,10,5,2,0,3,0,0,0,0,0,0,0,0,0,0,0,0,1.0,1.0,1.0,0.0,0.0,0.0,1,0,0
5231,25,13,12,10,2,3,10,5,2,0,3,0,0,0,0,0,0,0,0,0,0,0,0,1.0,1.0,1.0,0.0,0.0,0.0,1,0,0
5232,25,13,12,10,2,3,10,5,2,0,3,0,0,0,0,0,0,0,0,0,0,0,0,1.0,1.0,1.0,0.0,0.0,0.0,1,0,0
5233,25,13,12,10,2,3,10,5,2,0,3,0,0,0,0,0,0,0,0,0,0,0,0,1.0,1.0,1.0,0.0,0.0,0.0,1,0,0
5234,25,13,12,10,2,3,10,5,2,0,3,0,0,0,0,0,0,0,0,0,0,0,0,1.0,1.0,1.0,0.0,0.0,0.0,1,0,0
5235,25,13,12,10,2,3,10,5,2,0,3,0,0,0,0,0,0,0,0,0,0,0,0,1.0,1.0,1.0,0.0,0.0,0.0,1,0,0
5236,25,13,12,10,2,3,10,5,2,0,3,0,0,0,0,0,0,0,0,0,0,0,0,1.0,1.0,1.0,0.0,0.0,0.0,1,0,0
5237,25,13,12,10,2,3,10,5,2,0,3,0,0,0,0,0,0,0,0,0,0,0,0,1.0,1.0,1.0,0.0,0.0,0.0,1,0,0
5238,25,13,12,10,2,3,10,5,2,0,3,0,0,0,0,0,0,0,0,0,0,0,0,1.0,1.0,1.0,0.0,0.0,0.0,1,0,0
5239,25,13,12,10,2,3,10,5,2,0,3,0,0,0,0,0,0,0,0,0,0,0,0,1.0,1.0,1.0,0.0,0.0,0.0,1,0,0
5240,25,13,12,10,2,3,10,5,2,0,3,0,0,0,0,0,0,0,0,0,0,0,0,1.0,1.0,1.0,0.0,0.0,0.0,1,0,0
5241,25,13,12,10,2,3,10,5,2,0,3,0,0,0,0,0,0,0,0,0,0,0,0,1.0,1.0,1.0,0.0,0.0,0.0,1,0,0
5242,25,13,12,10,2,3,10,5,2,0,3,0,0,0,0,0,0,0,0,0,0,0,0,1.0,1.0,1.0,0.0,0.0,0.0,1,0,0
5243,25,13,12,10,2,3,10,5,2,0,3,0,0,0,0,0,0,0,0,0,0,0,0,1.0,1.0,1.0,0.0,0.0,0.0,1,0,0
5244,25,13,12,10,2,3,10,5,2,0,3,0,0,0,0,0,0,0,0,0,0,0,0,1.0,1.0,1.0,0.0,0.0,0.0,1,0,0
5245,25,13,12,10,2,3,10,5,2,0,3,0,0,0,0,0,0,0,0,0,0,0,0,1.0,1.0,1.0,0.0,0.0,0.0,1,0,0
5246,25,13,12,10,2,3,10,5,2,0,3,0,0,0,0,0,0,0,0,0,0,0,0,1.0,1.0,1.0,0.0,0.0,0.0,1,0,0
5247,25,13,12,10,2,3,10,5,2,0,3,0,0,0,0,0,0,0,0,0,0,0,0,1.0,1.0,1.0,0.0,0.0,0.0,1,0,0
5248,25,13,12,10,2,3,10,5,2,0,3,0,0,0,0,0,0,0,0,0,0,0,0,1.0,1.0,1.0,0.0,0.0,0.0,1,0,0
5249,25,13,12,7,5,3,10,5,2,0,3,0,0,0,0,0,0,0,0,0,0,0,0,1.0,1.0,1.0,0.0,0.0,0.0,1,0,0
5250,25,13,12,4,8,3,10,5,2,0,3,0,0,0,0,0,0,0,0,0,0,0,0,1.0,1.0,1.0,0.0,0.0,0.0,1,0,0
5251,25,13,12,0,12,3,10,5,2,0,2,0,0,0,0,0,0,0,0,0,0,0,0,1.0,1.0,1.0,0.0,0.0,0.0,1,0,0
5252,25,13,12,0,12,3,10,5,3,0,1,0,0,0,0,0,6,1,0,0,0,0,0,1.0,1.0,1.0,0.0,0.0,0.16666666666666666,1,0,0
5253,25,13,12,0,12,3,10,5,3,0,0,0,0,0,0,0,1,0,0,0,0,0,0,1.0,1.0,1.0,0.0,0.0,0.0,1,0,0
5254,25,13,12,0,12,3,10,5,4,0,0,0,0,0,0,0,4,1,0,0,0,2,0,1.0,1.0,1.0,0.0,0.0,0.25,1,0,0
5255,25,13,12,0,12,3,10,5,5,0,0,0,0,0,0,0,7,1,0,0,0,0,0,1.0,1.0,1.0,0.0,0.0,0.14285714285714285,1,0,0
5256,25,13,12,0,12,3,10,5,5,0,0,0,0,0,0,0,0,0,0,0,0,0,0,1.0,1.0,1.0,0.0,0.0,0.0,1,0,0
5257,25,13,12,0,12,3,10,5,5,0,0,0,0,0,0,0,0,0,0,0,0,0,0,1.0,1.0,1.0,0.0,0.0,0.0,1,0,0
5258,25,13,12,0,10,5,10,5,5,0,0,0,0,0,0,0,0,0,0,0,0,0,0,1.0,1.0,1.0,0.0,0.0,0.0,1,0,0
5259,25,13,12,0,10,5,10,5,5,0,0,0,0,0,0,0,0,0,0,0,0,0,0,1.0,1.0,1.0,0.0,0.0,0.0,1,0,0
5260,25,13,12,0,10,5,10,5,5,0,0,0,0,0,0,0,0,0,0,0,0,0,0,1.0,1.0,1.0,0.0,0.0,0.0,1,0,0
5261,25,13,12,0,10,5,10,5,5,0,0,0,0,0,0,0,0,0,0,0,0,0,0,1.0,1.0,1.0,0.0,0.0,0.0,1,0,0
5262,25,13,12,0,10,5,10,5,5,0,0,0,0,0,0,0,0,0,0,0,0,0,0,1.0,1.0,1.0,0.0,0.0,0.0,1,0,0
5263,25,13,12,0,10,5,10,5,5,0,0,0,0,0,0,0,0,0,0,0,0,0,0,1.0,1.0,1.0,0.0,0.0,0.0,1,0,0
5264,25,13,12,0,10,5,10,5,5,0,0,0,0,0,0,0,0,0,0,0,0,0,0,1.0,1.0,1.0,0.0,0.0,0.0,1,0,0
5265,25,13,12,0,10,5,10,5,5,0,0,0,0,0,0,0,0,0,0,0,0,0,0,1.0,1.0,1.0,0.0,0.0,0.0,1,0,0
5266,25,13,12,0,10,5,10,5,5,0,0,0,0,0,0,0,0,0,0,0,0,0,0,1.0,1.0,1.0,0.0,0.0,0.0,1,0,0
5267,25,13,12,0,10,5,10,5,5,0,0,0,0,0,0,0,0,0,0,0,0,0,0,1.0,1.0,1.0,0.0,0.0,0.0,1,0,0
5268,25,13,12,0,10,5,10,5,5,0,0,0,0,0,0,0,0,0,0,0,0,0,0,1.0,1.0,1.0,0.0,0.0,0.0,1,0,0
5269,25,13,12,0,10,5,10,5,5,0,0,0,0,0,0,0,0,0,0,0,0,0,0,1.0,1.0,1.0,0.0,0.0,0.0,1,0,0
5270,25,13,12,0,10,5,10,5,5,0,0,0,0,0,0,0,0,0,0,0,0,0,0,1.0,1.0,1.0,0.0,0.0,0.0,1,0,0
5271,25,13,12,0,10,5,10,5,5,0,0,0,0,0,0,0,0,0,0,0,0,0,0,1.0,1.0,1.0,0.0,0.0,0.0,1,0,0
5272,25,13,12,0,10,5,10,5,5,0,0,0,0,0,0,0,0,0,0,0,0,0,0,1.0,1.0,1.0,0.0,0.0,0.0,1,0,0
5273,25,13,12,0,10,5,10,5,5,0,0,0,0,0,0,0,0,0,0,0,0,0,0,1.0,1.0,1.0,0.0,0.0,0.0,1,0,0
5274,25,13,12,0,10,5,10,5,5,0,0,0,0,0,0,0,0,0,0,0,0,0,0,1.0,1.0,1.0,0.0,0.0,0.0,1,0,0
5275,24,12,12,0,10,4,10,5,5,0,0,0,0,0,0,0,0,0,0,0,0,0,0,1.0,1.0,1.0,0.0,0.0,0.0,1,0,1
5276,24,12,12,0,10,4,10,5,5,0,0,0,0,0,0,0,0,0,0,0,0,0,0,1.0,1.0,1.0,0.0,0.0,0.0,1,0,0
5277,24,12,12,0,10,4,10,5,5,0,0,0,0,0,0,0,0,0,0,0,0,0,0,1.0,1.0,1.0,0.0,0.0,0.0,1,0,0
5278,24,12,12,0,10,4,10,5,5,0,0,0,0,0,0,0,0,0,0,0,0,0,0,1.0,1.0,1.0,0.0,0.0,0.0,1,0,0
5279,24,12,12,0,10,4,10,5,5,0,0,0,0,0,0,0,0,0,0,0,0,0,0,1.0,1.0,1.0,0.0,0.0,0.0,1,0,0
5280,24,12,12,0,10,4,10,5,5,0,0,0,0,0,0,0,0,0,0,0,0,0,0,1.0,1.0,1.0,0.0,0.0,0.0,1,0,0
5281,24,12,12,0,10,4,10,5,5,0,0,0,0,0,0,0,0,0,0,0,0,0,0,1.0,1.0,1.0,0.0,0.0,0.0,1,0,0
5282,24,12,12,0,10,4,10,5,5,0,0,0,0,0,0,0,0,0,0,0,0,0,0,1.0,1.0,1.0,0.0,0.0,0.0,1,0,0
5283,24,12,12,0,10,4,10,5,5,0,0,0,0,0,0,0,0,0,0,0,0,0,0,1.0,1.0,1.0,0.0,0.0,0.0,1,0,0
5284,27,13,14,3,10,4,10,5,4,0,1,0,0,0,0,0,0,0,0,1,0,0,0,1.0,1.0,1.0,0.125,0.125,0.0,1,3,0
5285,31,14,17,7,10,4,10,5,3,0,2,0,0,0,0,0,0,0,0,1,0,0,0,1.0,1.0,1.0,0.14814814814814814,0.14814814814814814,0.0,1,4,0
5286,31,14,17,7,10,4,10,5,3,0,2,0,0,0,0,0,0,0,0,0,0,0,0,1.0,1.0,1.0,0.0,0.0,0.0,1,0,0
5287,31,14,17,7,10,4,10,5,3,0,2,0,0,0,0,0,0,0,0,0,0,0,0,1.0,1.0,1.0,0.0,0.0,0.0,1,0,0
5288,31,14,17,7,10,4,10,5,3,0,2,0,0,0,0,0,0,0,0,0,0,0,0,1.0,1.0,1.0,0.0,0.0,0.0,1,0,0
5289,31,14,17,7,10,4,10,5,3,0,2,0,0,0,0,0,0,0,0,0,0,0,0,1.0,1.0,1.0,0.0,0.0,0.0,1,0,0
5290,31,14,17,7,10,4,10,5,3,0,2,0,0,0,0,0,0,0,0,0,0,0,0,1.0,1.0,1.0,0.0,0.0,0.0,1,0,0
5291,31,14,17,7,10,4,10,5,3,0,2,0,0,0,0,0,0,0,0,0,0,0,0,1.0,1.0,1.0,0.0,0.0,0.0,1,0,0
5292,31,14,17,7,10,4,10,5,3,0,2,0,0,0,0,0,0,0,0,0,0,0,0,1.0,1.0,1.0,0.0,0.0,0.0,1,0,0
5293,30,13,17,7,10,4,9,5,3,0,2,0,0,1,0,0,0,0,0,0,0,0,1,1.0,0.8,1.0,0.0,0.0,0.0,1,0,1
5294,30,13,17,7,10,4,9,5,3,0,2,0,0,0,0,0,0,0,0,0,0,0,0,1.0,1.0,1.0,0.0,0.0,0.0,1,0,0
5295,30,13,17,7,10,4,9,5,3,0,2,0,0,0,0,0,0,0,0,0,0,0,0,1.0,1.0,1.0,0.0,0.0,0.0,1,0,0
5296,29,12,17,7,9,4,9,5,3,0,2,0,0,1,0,0,0,0,0,0,1,0,1,0.9411764705882353,1.0,1.0,0.0,0.0,0.0,1,0,1
5297,29,12,17,7,9,4,9,5,3,0,2,0,0,0,0,0,0,0,0,0,0,0,0,1.0,1.0,1.0,0.0,0.0,0.0,1,0,0
5298,29,12,17,7,9,4,9,5,3,0,2,0,0,0,0,0,0,0,0,0,0,0,0,1.0,1.0,1.0,0.0,0.0,0.0,1,0,0
5299,29,12,17,7,9,4,9,5,3,0,2,0,0,0,0,0,0,0,0,0,0,0,0,1.0,1.0,1.0,0.0,0.0,0.0,1,0,0
5300,29,12,17,7,9,4,9,5,3,0,2,0,0,0,0,0,0,0,0,0,0,0,0,1.0,1.0,1.0,0.0,0.0,0.0,1,0,0
5301,29,12,17,7,9,4,9,5,3,0,2,0,0,0,0,0,0,0,0,0,0,0,0,1.0,1.0,1.0,0.0,0.0,0.0,1,0,0
5302,29,12,17,7,9,4,9,5,3,0,2,0,0,0,0,0,0,0,0,0,0,0,0,1.0,1.0,1.0,0.0,0.0,0.0,1,0,0
5303,29,12,17,7,9,4,9,5,3,0,2,0,0,0,0,0,0,0,0,0,0,0,0,1.0,1.0,1.0,0.0,0.0,0.0,1,0,0
5304,29,12,17,7,9,4,9,5,3,0,2,0,0,0,0,0,0,0,0,0,0,0,0,1.0,1.0,1.0,0.0,0.0,0.0,1,0,0
5305,29,12,17,7,9,4,9,5,3,0,2,0,0,0,0,0,0,0,0,0,0,0,0,1.0,1.0,1.0,0.0,0.0,0.0,1,0,0
5306,28,11,17,7,9,4,8,5,3,0,2,0,0,0,0,0,0,0,0,0,0,0,0,1.0,0.75,1.0,0.0,0.0,0.0,1,0,1
5307,28,11,17,7,9,3,9,6,3,0,2,0,0,0,0,0,0,0,0,0,0,0,0,1.0,1.0,1.0,0.0,0.0,0.0,1,0,0
5308,28,11,17,7,9,3,9,6,3,0,2,0,0,0,0,0,0,0,0,0,0,0,0,1.0,1.0,1.0,0.0,0.0,0.0,1,0,0
5309,28,11,17,7,9,3,9,6,3,1,2,0,0,0,0,0,2,0,1,0,0,0,0,1.0,1.0,1.0,0.0,0.0,0.0,1,0,0
5310,28,11,17,7,9,3,9,6,3,1,2,0,0,0,0,0,0,0,0,0,0,0,0,1.0,1.0,1.0,0.0,0.0,0.0,1,0,0
5311,28,11,17,7,9,3,9,6,3,1,2,0,0,0,0,0,0,0,0,0,0,0,0,1.0,1.0,1.0,0.0,0.0,0.0,1,0,0
5312,28,11,17,7,9,3,9,6,3,1,2,0,0,0,0,0,0,0,0,0,0,0,0,1.0,1.0,1.0,0.0,0.0,0.0,1,0,0
5313,28,11,17,7,9,3,9,6,3,1,2,0,0,0,0,0,0,0,0,0,0,0,0,1.0,1.0,1.0,0.0,0.0,0.0,1,0,0
5314,28,11,17,7,9,3,9,6,3,1,2,0,0,0,0,0,0,0,0,0,0,0,0,1.0,1.0,1.0,0.0,0.0,0.0,1,0,0
5315,28,11,17,7,9,3,9,6,3,1,2,0,0,0,0,0,0,0,0,0,0,0,0,1.0,1.0,1.0,0.0,0.0,0.0,1,0,0
5316,28,11,17,7,9,3,9,6,3,1,2,0,0,0,0,0,0,0,0,0,0,0,0,1.0,1.0,1.0,0.0,0.0,0.0,1,0,0
5317,32,15,17,11,9,3,9,6,2,1,3,0,0,0,0,0,0,0,0,1,0,0,0,1.0,1.0,1.0,0.14285714285714285,0.14285714285714285,0.0,1,4,0
5318,32,15,17,11,9,2,10,6,2,1,3,0,0,0,0,0,0,0,0,0,0,0,0,1.0,1.0,1.0,0.0,0.0,0.0,1,0,0
5319,36,16,20,15,9,1,11,6,1,1,4,0,0,0,0,0,0,0,0,1,0,0,0,1.0,1.0,1.0,0.125,0.125,0.0,1,4,0
5320,40,20,20,19,9,1,11,6,0,1,5,0,0,0,0,0,0,0,0,1,0,0,0,1.0,1.0,1.0,0.1111111111111111,0.1111111111111111,0.0,1,4,0
5321,40,20,20,19,9,1,11,6,0,1,5,0,0,0,0,0,0,0,0,0,0,0,0,1.0,1.0,1.0,0.0,0.0,0.0,1,0,0
5322,40,20,20,19,9,1,11,6,0,1,5,0,0,0,0,0,0,0,0,0,0,0,0,1.0,1.0,1.0,0.0,0.0,0.0,1,0,0
5323,40,20,20,19,9,1,11,6,0,1,5,0,0,0,0,0,0,0,0,0,0,0,0,1.0,1.0,1.0,0.0,0.0,0.0,1,0,0
5324,40,20,20,19,9,1,11,6,0,1,5,0,0,0,0,0,0,0,0,0,0,0,0,1.0,1.0,1.0,0.0,0.0,0.0,1,0,0
5325,40,20,20,19,9,1,11,6,0,1,5,0,0,0,0,0,0,0,0,0,0,0,0,1.0,1.0,1.0,0.0,0.0,0.0,1,0,0
5326,40,20,20,19,9,1,11,6,0,1,5,0,0,0,0,0,0,0,0,0,0,0,0,1.0,1.0,1.0,0.0,0.0,0.0,1,0,0
5327,39,19,20,15,12,1,11,6,0,1,5,0,0,0,0,0,0,0,0,0,1,0,1,0.9642857142857143,1.0,1.0,0.0,0.0,0.0,1,0,1
5328,39,19,20,11,16,1,11,6,0,1,5,0,0,0,0,0,0,0,0,0,0,0,0,1.0,1.0,1.0,0.0,0.0,0.0,1,0,0
5329,39,19,20,11,16,1,11,6,0,1,4,0,0,0,0,0,0,0,0,0,0,0,0,1.0,1.0,1.0,0.0,0.0,0.0,1,0,0
5330,39,19,20,11,16,1,11,6,1,1,3,0,0,0,0,0,6,1,0,0,0,0,0,1.0,1.0,1.0,0.0,0.0,0.16666666666666666,1,0,0
5331,39,19,20,11,16,1,11,6,1,1,3,0,0,0,0,0,2,0,0,0,0,0,0,1.0,1.0,1.0,0.0,0.0,0.0,1,0,0
5332,39,19,20,11,16,1,11,6,2,1,3,0,0,0,0,0,3,1,0,0,0,0,0,1.0,1.0,1.0,0.0,0.0,0.3333333333333333,1,0,0
5333,39,19,20,11,16,1,11,6,2,1,3,0,0,0,0,0,0,0,0,0,0,0,0,1.0,1.0,1.0,0.0,0.0,0.0,1,0,0
5334,39,19,20,11,16,1,11,6,2,1,3,0,0,0,0,0,0,0,0,0,0,0,0,1.0,1.0,1.0,0.0,0.0,0.0,1,0,0
5335,39,19,20,11,16,1,11,6,2,1,3,0,0,0,0,0,0,0,0,0,0,0,0,1.0,1.0,1.0,0.0,0.0,0.0,1,0,0
5336,39,19,20,11,16,1,11,6,2,1,3,0,0,0,0,0,0,0,0,0,0,0,0,1.0,1.0,1.0,0.0,0.0,0.0,1,0,0
5337,39,19,20,11,16,1,11,6,2,1,3,0,0,0,0,0,0,0,0,0,0,0,0,1.0,1.0,1.0,0.0,0.0,0.0,1,0,0
5338,39,19,20,11,16,1,11,6,2,1,3,0,0,0,0,0,0,0,0,0,0,0,0,1.0,1.0,1.0,0.0,0.0,0.0,1,0,0
5339,39,19,20,11,16,1,11,6,2,1,3,0,0,0,0,0,0,0,0,0,0,0,0,1.0,1.0,1.0,0.0,0.0,0.0,1,0,0
5340,39,19,20,11,16,1,11,6,2,1,3,0,0,0,0,0,0,0,0,0,0,0,0,1.0,1.0,1.0,0.0,0.0,0.0,1,0,0
5341,38,18,20,10,16,1,11,6,2,1,3,0,0,0,0,0,0,0,0,0,1,0,1,0.962962962962963,1.0,1.0,0.0,0.0,0.0,1,0,1
5342,38,18,20,10,16,1,11,6,2,1,3,0,0,0,0,0,0,0,0,0,0,0,0,1.0,1.0,1.0,0.0,0.0,0.0,1,0,0
5343,38,18,20,10,16,1,11,6,2,1,3,0,0,0,0,0,0,0,0,0,0,0,0,1.0,1.0,1.0,0.0,0.0,0.0,1,0,0
5344,38,18,20,10,16,1,11,6,2,1,3,0,0,0,0,0,0,0,0,0,0,0,0,1.0,1.0,1.0,0.0,0.0,0.0,1,0,0
5345,38,18,20,10,16,1,11,6,2,1,3,0,0,0,0,0,0,0,0,0,0,0,0,1.0,1.0,1.0,0.0,0.0,0.0,1,0,0
5346,38,18,20,10,16,1,11,6,2,1,3,0,0,0,0,0,0,0,0,0,0,0,0,1.0,1.0,1.0,0.0,0.0,0.0,1,0,0
5347,38,18,20,10,16,1,11,6,2,1,3,0,0,0,0,0,0,0,0,0,0,0,0,1.0,1.0,1.0,0.0,0.0,0.0,1,0,0
5348,38,18,20,10,16,1,11,6,2,1,3,0,0,0,0,0,0,0,0,0,0,0,0,1.0,1.0,1.0,0.0,0.0,0.0,1,0,0
5349,38,18,20,10,16,1,11,6,2,1,3,0,0,0,0,0,0,0,0,0,0,0,0,1.0,1.0,1.0,0.0,0.0,0.0,1,0,0
5350,38,18,20,10,16,1,11,6,2,1,3,0,0,0,0,0,0,0,0,0,0,0,0,1.0,1.0,1.0,0.0,0.0,0.0,1,0,0
5351,38,18,20,10,16,1,11,6,2,1,3,0,0,0,0,0,0,0,0,0,0,0,0,1.0,1.0,1.0,0.0,0.0,0.0,1,0,0
5352,38,18,20,10,16,1,11,6,2,1,3,0,0,0,0,0,0,0,0,0,0,0,0,1.0,1.0,1.0,0.0,0.0,0.0,1,0,0
5353,38,18,20,10,16,1,11,6,2,1,3,0,0,0,0,0,0,0,0,0,0,0,0,1.0,1.0,1.0,0.0,0.0,0.0,1,0,0
5354,38,18,20,10,16,1,11,6,2,0,3,0,0,0,0,0,0,0,0,0,0,0,0,1.0,1.0,1.0,0.0,0.0,0.0,1,0,0
5355,38,18,20,10,16,1,11,6,3,0,3,0,0,0,0,0,8,1,0,0,0,0,0,1.0,1.0,1.0,0.0,0.0,0.125,1,0,0
5356,38,18,20,10,16,1,11,6,3,0,3,0,0,0,0,0,0,0,0,0,0,0,0,1.0,1.0,1.0,0.0,0.0,0.0,1,0,0
5357,38,18,20,10,16,1,11,6,3,0,3,0,0,0,0,0,0,0,0,0,0,0,0,1.0,1.0,1.0,0.0,0.0,0.0,1,0,0
5358,38,18,20,10,16,1,11,6,3,0,3,0,0,0,0,0,0,0,0,0,0,0,0,1.0,1.0,1.0,0.0,0.0,0.0,1,0,0
5359,36,17,19,9,15,1,11,6,3,0,3,0,0,0,0,0,0,0,0,0,2,0,2,0.9230769230769231,1.0,1.0,0.0,0.0,0.0,1,0,2
5360,36,17,19,7,17,1,11,6,3,0,3,0,0,0,0,0,0,0,0,0,0,0,0,1.0,1.0,1.0,0.0,0.0,0.0,1,0,0
5361,36,17,19,7,17,1,11,6,3,0,3,0,0,0,0,0,0,0,0,0,0,0,0,1.0,1.0,1.0,0.0,0.0,0.0,1,0,0
5362,36,17,19,3,21,1,11,6,3,0,2,0,0,0,0,0,0,0,0,0,0,0,0,1.0,1.0,1.0,0.0,0.0,0.0,1,0,0
5363,35,17,18,0,23,1,11,6,4,0,2,0,0,0,0,0,5,1,0,0,1,0,1,0.9583333333333334,1.0,1.0,0.0,0.0,0.2,1,0,1
5364,35,17,18,0,23,1,11,6,4,0,1,0,0,0,0,0,0,0,0,0,0,0,0,1.0,1.0,1.0,0.0,0.0,0.0,1,0,0
5365,35,17,18,0,23,1,11,6,5,0,0,0,0,0,0,0,7,1,0,0,0,0,0,1.0,1.0,1.0,0.0,0.0,0.14285714285714285,1,0,0
5366,34,16,18,0,23,1,10,6,6,0,0,0,0,0,0,0,4,1,0,0,0,0,0,1.0,0.8,1.0,0.0,0.0,0.25,1,0,1
5367,34,16,18,0,23,1,10,6,6,0,0,0,0,0,0,0,0,0,0,0,0,0,0,1.0,1.0,1.0,0.0,0.0,0.0,1,0,0
5368,34,16,18,0,23,1,10,6,6,0,0,0,0,0,0,0,0,0,0,0,0,0,0,1.0,1.0,1.0,0.0,0.0,0.0,1,0,0
5369,34,16,18,0,23,1,10,6,6,0,0,0,0,0,0,0,0,0,0,0,0,0,0,1.0,1.0,1.0,0.0,0.0,0.0,1,0,0
5370,34,16,18,0,23,1,10,6,6,0,0,0,0,0,0,0,0,0,0,0,0,0,0,1.0,1.0,1.0,0.0,0.0,0.0,1,0,0
5371,34,16,18,0,23,1,10,6,6,0,0,0,0,0,0,0,0,0,0,0,0,0,0,1.0,1.0,1.0,0.0,0.0,0.0,1,0,0
5372,33,15,18,0,22,1,10,6,6,0,0,0,0,0,0,0,0,0,0,0,1,0,1,0.9565217391304348,1.0,1.0,0.0,0.0,0.0,1,0,1
5373,33,15,18,0,22,1,10,6,6,0,0,0,0,0,0,0,0,0,0,0,0,0,0,1.0,1.0,1.0,0.0,0.0,0.0,1,0,0
5374,33,15,18,0,22,1,10,6,6,0,0,0,0,0,0,0,0,0,0,0,0,0,0,1.0,1.0,1.0,0.0,0.0,0.0,1,0,0
5375,33,15,18,0,22,1,10,6,6,0,0,0,0,0,0,0,0,0,0,0,0,0,0,1.0,1.0,1.0,0.0,0.0,0.0,1,0,0
5376,33,15,18,0,22,1,10,6,6,0,0,0,0,0,0,0,0,0,0,0,0,0,0,1.0,1.0,1.0,0.0,0.0,0.0,1,0,0
5377,33,15,18,0,22,1,10,6,6,0,0,0,0,0,0,0,0,0,0,0,0,0,0,1.0,1.0,1.0,0.0,0.0,0.0,1,0,0
5378,33,15,18,0,22,1,10,6,6,0,0,0,0,0,0,0,0,0,0,0,0,0,0,1.0,1.0,1.0,0.0,0.0,0.0,1,0,0
5379,33,15,18,0,22,1,10,6,6,0,0,0,0,0,0,0,0,0,0,0,0,0,0,1.0,1.0,1.0,0.0,0.0,0.0,1,0,0
5380,33,15,18,0,22,1,10,6,6,0,0,0,0,0,0,0,0,0,0,0,0,0,0,1.0,1.0,1.0,0.0,0.0,0.0,1,0,0
5381,33,15,18,0,22,1,10,6,6,0,0,0,0,0,0,0,0,0,0,0,0,0,0,1.0,1.0,1.0,0.0,0.0,0.0,1,0,0
5382,33,15,18,0,22,1,10,6,6,0,0,0,0,0,0,0,0,0,0,0,0,0,0,1.0,1.0,1.0,0.0,0.0,0.0,1,0,0
5383,33,15,18,0,22,1,10,6,6,0,0,0,0,0,0,0,0,0,0,0,0,0,0,1.0,1.0,1.0,0.0,0.0,0.0,1,0,0
5384,32,14,18,0,21,1,10,6,6,0,0,0,0,1,0,0,0,0,0,0,1,0,1,0.9545454545454546,1.0,1.0,0.0,0.0,0.0,1,0,1
5385,31,14,17,0,20,1,10,6,6,0,0,0,0,0,1,0,0,0,0,0,1,0,1,0.9523809523809523,1.0,1.0,0.0,0.0,0.0,1,0,1
5386,31,14,17,0,20,1,10,6,6,0,0,0,0,0,0,0,0,0,0,0,0,2,0,1.0,1.0,1.0,0.0,0.0,0.0,1,0,0
5387,28,13,15,0,17,1,10,6,6,0,0,0,0,1,2,0,0,0,0,0,3,3,3,0.85,1.0,1.0,0.0,0.0,0.0,1,0,3
5388,27,13,14,0,17,1,9,5,5,0,0,0,0,0,1,0,0,0,0,0,0,2,1,1.0,1.0,0.8333333333333334,0.0,0.0,0.0,1,0,1
5389,27,13,14,0,17,1,9,5,5,0,0,0,0,0,0,0,0,0,0,0,0,0,0,1.0,1.0,1.0,0.0,0.0,0.0,1,0,0
5390,27,13,14,0,15,3,9,5,5,0,0,0,0,0,0,0,0,0,0,0,0,0,0,1.0,1.0,1.0,0.0,0.0,0.0,1,0,0
5391,27,13,14,0,12,6,9,5,5,0,0,0,0,0,0,0,0,0,0,0,0,0,0,1.0,1.0,1.0,0.0,0.0,0.0,1,0,0
5392,27,13,14,0,10,8,9,5,5,0,0,0,0,0,0,0,0,0,0,0,0,0,0,1.0,1.0,1.0,0.0,0.0,0.0,1,0,0
5393,27,13,14,0,10,8,9,5,5,0,0,0,0,0,0,0,0,0,0,0,0,0,0,1.0,1.0,1.0,0.0,0.0,0.0,1,0,0
5394,27,13,14,0,10,7,10,6,5,0,0,0,0,0,0,0,0,0,0,0,0,0,0,1.0,1.0,1.0,0.0,0.0,0.0,1,0,0
5395,30,16,14,3,10,7,10,6,4,0,1,0,0,0,0,0,0,0,0,1,0,0,0,1.0,1.0,1.0,0.1111111111111111,0.1111111111111111,0.0,1,3,0
5396,30,16,14,3,10,7,10,6,4,0,1,0,0,0,0,0,0,0,0,0,0,0,0,1.0,1.0,1.0,0.0,0.0,0.0,1,0,0
5397,34,17,17,7,10,7,10,6,3,0,2,0,0,0,0,0,0,0,0,1,0,0,0,1.0,1.0,1.0,0.13333333333333333,0.13333333333333333,0.0,1,4,0
5398,34,17,17,7,10,7,10,6,3,0,2,0,0,0,0,0,0,0,0,0,0,0,0,1.0,1.0,1.0,0.0,0.0,0.0,1,0,0
5399,34,17,17,7,10,7,10,6,3,0,2,0,0,0,0,0,0,0,0,0,0,0,0,1.0,1.0,1.0,0.0,0.0,0.0,1,0,0
5400,34,17,17,7,10,7,10,6,3,0,2,0,0,0,0,0,2,0,0,0,0,0,0,1.0,1.0,1.0,0.0,0.0,0.0,1,0,0
5401,34,17,17,7,10,7,10,6,4,0,2,0,0,0,0,0,8,1,0,0,0,0,0,1.0,1.0,1.0,0.0,0.0,0.125,1,0,0
5402,34,17,17,7,10,7,10,6,4,0,2,0,0,0,0,0,0,0,0,0,0,0,0,1.0,1.0,1.0,0.0,0.0,0.0,1,0,0
5403,34,17,17,7,10,7,10,6,4,0,2,0,0,0,0,0,0,0,0,0,0,0,0,1.0,1.0,1.0,0.0,0.0,0.0,1,0,0
5404,34,17,17,7,10,7,10,6,4,0,2,0,0,0,0,0,0,0,0,0,0,0,0,1.0,1.0,1.0,0.0,0.0,0.0,1,0,0
5405,34,17,17,7,10,7,10,6,4,0,2,0,0,0,0,0,0,0,0,0,0,0,0,1.0,1.0,1.0,0.0,0.0,0.0,1,0,0
5406,34,17,17,7,10,7,10,6,4,0,2,0,0,0,0,0,0,0,0,0,0,0,0,1.0,1.0,1.0,0.0,0.0,0.0,1,0,0
5407,34,17,17,7,10,7,10,6,4,0,2,0,0,0,0,0,0,0,0,0,0,0,0,1.0,1.0,1.0,0.0,0.0,0.0,1,0,0
5408,34,17,17,7,10,7,10,6,4,0,2,0,0,0,0,0,0,0,0,0,0,0,0,1.0,1.0,1.0,0.0,0.0,0.0,1,0,0
5409,34,17,17,7,10,7,10,6,4,0,2,0,0,0,0,0,0,0,0,0,0,0,0,1.0,1.0,1.0,0.0,0.0,0.0,1,0,0
5410,34,17,17,7,10,7,10,6,4,0,2,0,0,0,0,0,0,0,0,0,0,0,0,1.0,1.0,1.0,0.0,0.0,0.0,1,0,0
5411,34,17,17,7,10,7,10,6,4,0,2,0,0,0,0,0,0,0,0,0,0,0,0,1.0,1.0,1.0,0.0,0.0,0.0,1,0,0
5412,34,17,17,7,10,7,10,6,4,0,2,0,0,0,0,0,0,0,0,0,0,0,0,1.0,1.0,1.0,0.0,0.0,0.0,1,0,0
5413,34,17,17,7,10,7,10,6,4,0,2,0,0,0,0,0,0,0,0,0,0,0,0,1.0,1.0,1.0,0.0,0.0,0.0,1,0,0
5414,34,17,17,7,10,7,10,6,4,0,2,0,0,0,0,0,0,0,0,0,0,0,0,1.0,1.0,1.0,0.0,0.0,0.0,1,0,0
5415,34,17,17,7,10,7,10,6,4,0,2,0,0,0,0,0,0,0,0,0,0,0,0,1.0,1.0,1.0,0.0,0.0,0.0,1,0,0
5416,34,17,17,7,10,7,10,6,4,0,2,0,0,0,0,0,0,0,0,0,0,0,0,1.0,1.0,1.0,0.0,0.0,0.0,1,0,0
5417,33,17,16,6,10,7,10,6,4,0,2,0,0,0,0,0,0,0,0,0,1,0,1,0.9411764705882353,1.0,1.0,0.0,0.0,0.0,1,0,1
5418,33,17,16,6,10,7,10,6,4,0,2,0,0,0,0,0,0,0,0,0,0,0,0,1.0,1.0,1.0,0.0,0.0,0.0,1,0,0
5419,33,17,16,6,10,7,10,6,4,0,2,0,0,0,0,0,0,0,0,0,0,0,0,1.0,1.0,1.0,0.0,0.0,0.0,1,0,0
5420,37,19,18,10,10,7,10,6,3,0,3,0,0,0,0,0,0,0,0,1,0,0,0,1.0,1.0,1.0,0.12121212121212122,0.12121212121212122,0.0,1,4,0
5421,37,19,18,10,10,7,10,6,3,0,3,0,0,0,0,0,0,0,0,0,0,0,0,1.0,1.0,1.0,0.0,0.0,0.0,1,0,0
5422,37,19,18,10,10,7,10,6,3,0,3,0,0,0,0,0,0,0,0,0,0,0,0,1.0,1.0,1.0,0.0,0.0,0.0,1,0,0
5423,36,18,18,9,10,7,10,6,3,0,3,0,0,0,0,0,0,0,0,0,1,0,1,0.95,1.0,1.0,0.0,0.0,0.0,1,0,1
5424,36,18,18,9,10,7,10,6,3,0,3,0,0,0,0,0,0,0,0,0,0,0,0,1.0,1.0,1.0,0.0,0.0,0.0,1,0,0
5425,36,18,18,9,10,7,10,6,3,0,3,0,0,0,0,0,0,0,0,0,0,0,0,1.0,1.0,1.0,0.0,0.0,0.0,1,0,0
5426,36,18,18,9,10,7,10,6,3,0,3,0,0,0,0,0,0,0,0,0,0,0,0,1.0,1.0,1.0,0.0,0.0,0.0,1,0,0
5427,36,18,18,9,10,7,10,6,3,0,3,0,0,0,0,0,0,0,0,0,0,0,0,1.0,1.0,1.0,0.0,0.0,0.0,1,0,0
5428,35,17,18,9,10,6,10,6,3,0,3,0,0,0,0,0,0,0,0,0,0,0,0,1.0,1.0,1.0,0.0,0.0,0.0,1,0,1
5429,35,17,18,9,10,6,10,6,3,0,3,0,0,0,0,0,0,0,0,0,0,0,0,1.0,1.0,1.0,0.0,0.0,0.0,1,0,0
5430,39,17,22,13,10,6,10,6,2,0,4,0,0,0,0,0,0,0,0,1,0,0,0,1.0,1.0,1.0,0.11428571428571428,0.11428571428571428,0.0,1,4,0
5431,43,18,25,17,10,6,10,6,1,0,5,0,0,0,0,0,0,0,0,1,0,0,0,1.0,1.0,1.0,0.10256410256410256,0.10256410256410256,0.0,1,4,0
5432,43,18,25,17,10,6,10,6,1,0,5,0,0,0,0,0,0,0,0,0,0,0,0,1.0,1.0,1.0,0.0,0.0,0.0,1,0,0
5433,43,18,25,17,10,6,10,6,1,0,5,0,0,0,0,0,0,0,0,0,0,0,0,1.0,1.0,1.0,0.0,0.0,0.0,1,0,0
5434,43,18,25,17,10,6,10,6,1,0,5,0,0,0,0,0,0,0,0,0,0,0,0,1.0,1.0,1.0,0.0,0.0,0.0,1,0,0
5435,42,18,24,16,10,6,10,6,1,0,5,0,0,0,0,0,0,0,0,0,1,0,1,0.962962962962963,1.0,1.0,0.0,0.0,0.0,1,0,1
5436,42,18,24,16,10,6,10,6,1,0,5,0,0,0,0,0,0,0,0,0,0,0,0,1.0,1.0,1.0,0.0,0.0,0.0,1,0,0
5437,42,18,24,16,10,6,10,6,1,0,5,0,0,0,0,0,0,0,0,0,0,0,0,1.0,1.0,1.0,0.0,0.0,0.0,1,0,0
5438,40,17,23,12,13,6,9,6,1,0,5,0,0,0,0,0,0,0,0,0,1,0,1,0.9615384615384616,0.75,1.0,0.0,0.0,0.0,1,0,2
5439,40,17,23,12,13,6,9,6,1,0,5,0,0,0,0,0,0,0,0,0,0,0,0,1.0,1.0,1.0,0.0,0.0,0.0,1,0,0
5440,40,17,23,9,16,6,9,6,1,0,4,0,0,0,0,0,0,0,0,0,0,0,0,1.0,1.0,1.0,0.0,0.0,0.0,1,0,0
5441,40,17,23,9,16,6,9,6,1,0,4,0,0,0,0,0,0,0,0,0,0,0,0,1.0,1.0,1.0,0.0,0.0,0.0,1,0,0
5442,39,16,23,9,15,6,9,6,1,0,3,0,0,0,0,0,0,0,0,0,1,0,1,0.96,1.0,1.0,0.0,0.0,0.0,1,0,1
5443,39,16,23,9,15,6,9,6,1,0,3,0,0,0,0,0,0,0,0,0,0,0,0,1.0,1.0,1.0,0.0,0.0,0.0,1,0,0
5444,39,16,23,9,15,6,9,6,1,0,3,0,0,0,0,0,0,0,0,0,0,0,0,1.0,1.0,1.0,0.0,0.0,0.0,1,0,0
5445,39,16,23,9,15,6,9,6,1,0,3,0,0,0,0,0,0,0,0,0,0,0,0,1.0,1.0,1.0,0.0,0.0,0.0,1,0,0
5446,39,16,23,9,15,6,9,6,1,0,3,0,0,0,0,0,0,0,0,0,0,0,0,1.0,1.0,1.0,0.0,0.0,0.0,1,0,0
5447,39,16,23,9,15,5,10,7,1,0,3,0,0,0,0,0,0,0,0,0,0,0,0,1.0,1.0,1.0,0.0,0.0,0.0,1,0,0
5448,39,16,23,9,15,5,10,7,1,0,3,0,0,0,0,0,0,0,0,0,0,0,0,1.0,1.0,1.0,0.0,0.0,0.0,1,0,0
5449,39,16,23,9,15,5,10,7,1,0,3,0,0,0,0,0,0,0,0,0,0,0,0,1.0,1.0,1.0,0.0,0.0,0.0,1,0,0
5450,39,16,23,9,15,5,10,7,1,0,3,0,0,0,0,0,0,0,0,0,0,0,0,1.0,1.0,1.0,0.0,0.0,0.0,1,0,0
5451,39,16,23,9,15,5,10,7,1,0,3,0,0,0,0,0,0,0,0,0,0,0,0,1.0,1.0,1.0,0.0,0.0,0.0,1,0,0
5452,39,16,23,9,15,5,10,7,1,0,3,0,0,0,0,0,0,0,0,0,0,0,0,1.0,1.0,1.0,0.0,0.0,0.0,1,0,0
5453,38,16,22,8,15,5,10,7,1,0,3,0,0,0,0,0,0,0,0,0,1,0,1,0.9583333333333334,1.0,1.0,0.0,0.0,0.0,1,0,1
5454,38,16,22,8,15,5,10,7,1,0,3,0,0,0,0,0,0,0,0,0,0,0,0,1.0,1.0,1.0,0.0,0.0,0.0,1,0,0
5455,38,16,22,8,15,5,10,7,1,0,3,0,0,0,0,0,0,0,0,0,0,0,0,1.0,1.0,1.0,0.0,0.0,0.0,1,0,0
5456,38,16,22,8,15,5,10,7,1,0,3,0,0,0,0,0,0,0,0,0,0,0,0,1.0,1.0,1.0,0.0,0.0,0.0,1,0,0
5457,38,16,22,8,15,5,10,7,1,0,3,0,0,0,0,0,0,0,0,0,0,0,0,1.0,1.0,1.0,0.0,0.0,0.0,1,0,0
5458,37,16,21,7,15,5,10,7,1,0,3,0,0,0,0,0,0,0,0,0,1,0,1,0.9565217391304348,1.0,1.0,0.0,0.0,0.0,1,0,1
5459,37,16,21,7,15,5,10,7,1,0,3,0,0,0,0,0,0,0,0,0,0,0,0,1.0,1.0,1.0,0.0,0.0,0.0,1,0,0
5460,37,16,21,7,15,5,10,7,1,0,3,0,0,0,0,0,0,0,0,0,0,0,0,1.0,1.0,1.0,0.0,0.0,0.0,1,0,0
5461,37,16,21,7,15,5,10,7,1,0,3,0,0,0,0,0,0,0,0,0,0,0,0,1.0,1.0,1.0,0.0,0.0,0.0,1,0,0
5462,37,16,21,7,15,5,10,7,1,0,3,0,0,0,0,0,0,0,0,0,0,0,0,1.0,1.0,1.0,0.0,0.0,0.0,1,0,0
5463,37,16,21,5,17,5,10,7,1,0,3,0,0,0,0,0,0,0,0,0,0,0,0,1.0,1.0,1.0,0.0,0.0,0.0,1,0,0
5464,37,16,21,5,17,5,10,7,1,0,3,0,0,0,0,0,0,0,0,0,0,3,0,1.0,1.0,1.0,0.0,0.0,0.0,1,0,0
5465,37,16,21,5,17,5,10,7,1,0,2,0,0,0,0,0,0,0,0,0,0,2,0,1.0,1.0,1.0,0.0,0.0,0.0,1,0,0
5466,40,18,22,8,17,5,10,7,0,0,3,0,0,0,0,0,0,0,0,1,0,0,0,1.0,1.0,1.0,0.08108108108108109,0.08108108108108109,0.0,1,3,0
5467,40,18,22,8,17,5,10,7,0,0,3,0,0,0,0,0,0,0,0,0,0,0,0,1.0,1.0,1.0,0.0,0.0,0.0,1,0,0
5468,40,18,22,8,14,8,10,7,0,0,3,0,0,0,0,0,0,0,0,0,0,0,0,1.0,1.0,1.0,0.0,0.0,0.0,1,0,0
5469,40,18,22,8,12,10,10,7,0,0,3,0,0,0,0,0,0,0,0,0,0,0,0,1.0,1.0,1.0,0.0,0.0,0.0,1,0,0
5470,40,18,22,8,12,10,10,7,0,0,3,0,0,0,0,0,0,0,0,0,0,0,0,1.0,1.0,1.0,0.0,0.0,0.0,1,0,0
5471,40,18,22,8,12,10,10,7,0,0,3,0,0,0,0,0,0,0,0,0,0,0,0,1.0,1.0,1.0,0.0,0.0,0.0,1,0,0
5472,40,18,22,8,12,10,10,7,0,0,3,0,0,0,0,0,0,0,0,0,0,0,0,1.0,1.0,1.0,0.0,0.0,0.0,1,0,0
5473,40,18,22,6,14,10,10,7,0,0,3,0,0,0,0,0,0,0,0,0,0,0,0,1.0,1.0,1.0,0.0,0.0,0.0,1,0,0
5474,40,18,22,3,17,10,10,7,0,0,3,0,0,0,0,0,0,0,0,0,0,0,0,1.0,1.0,1.0,0.0,0.0,0.0,1,0,0
5475,40,18,22,3,17,10,10,7,0,0,2,0,0,0,0,0,0,0,0,0,0,0,0,1.0,1.0,1.0,0.0,0.0,0.0,1,0,0
5476,39,18,21,3,17,10,9,6,0,0,1,0,0,0,0,0,0,0,0,0,0,0,0,1.0,1.0,0.8571428571428572,0.0,0.0,0.0,1,0,1
5477,39,18,21,3,17,10,9,6,0,0,1,0,0,0,0,0,0,0,0,0,0,0,0,1.0,1.0,1.0,0.0,0.0,0.0,1,0,0
5478,39,18,21,3,17,10,9,6,0,0,1,0,0,0,0,0,0,0,0,0,0,0,0,1.0,1.0,1.0,0.0,0.0,0.0,1,0,0
5479,39,18,21,3,17,10,9,6,0,0,1,0,0,0,0,0,0,0,0,0,0,0,0,1.0,1.0,1.0,0.0,0.0,0.0,1,0,0
5480,38,18,20,3,17,9,9,6,0,0,1,0,0,0,1,0,0,0,0,0,0,0,1,1.0,1.0,1.0,0.0,0.0,0.0,1,0,1
5481,38,18,20,3,17,9,9,6,0,0,1,0,0,0,0,0,0,0,0,0,0,0,0,1.0,1.0,1.0,0.0,0.0,0.0,1,0,0
5482,34,15,19,3,15,8,8,6,0,0,1,0,0,2,1,0,0,0,0,0,2,0,3,0.9,0.6666666666666667,1.0,0.0,0.0,0.0,1,0,4
5483,34,15,19,3,15,8,8,6,0,0,1,0,0,0,0,0,0,0,0,0,0,0,0,1.0,1.0,1.0,0.0,0.0,0.0,1,0,0
5484,34,15,19,3,15,8,8,6,0,0,1,0,0,0,0,0,0,0,0,0,0,0,0,1.0,1.0,1.0,0.0,0.0,0.0,1,0,0
5485,34,15,19,3,15,8,8,6,0,0,1,0,0,0,0,0,0,0,0,0,0,0,0,1.0,1.0,1.0,0.0,0.0,0.0,1,0,0
5486,34,15,19,3,15,8,8,6,0,0,1,0,0,0,0,0,0,0,0,0,0,0,0,1.0,1.0,1.0,0.0,0.0,0.0,1,0,0
5487,34,15,19,3,15,8,8,6,0,0,1,0,0,0,0,0,0,0,0,0,0,0,0,1.0,1.0,1.0,0.0,0.0,0.0,1,0,0
5488,34,15,19,3,15,8,8,6,0,0,1,0,0,0,0,0,0,0,0,0,0,0,0,1.0,1.0,1.0,0.0,0.0,0.0,1,0,0
5489,34,15,19,3,15,8,8,6,0,0,1,0,0,0,0,0,0,0,0,0,0,0,0,1.0,1.0,1.0,0.0,0.0,0.0,1,0,0
5490,34,15,19,3,15,8,8,6,0,0,1,0,0,0,0,0,0,0,0,0,0,0,0,1.0,1.0,1.0,0.0,0.0,0.0,1,0,0
5491,33,15,18,3,15,8,7,5,0,0,1,0,0,0,0,0,0,0,0,0,0,0,0,1.0,1.0,0.8333333333333334,0.0,0.0,0.0,1,0,1
5492,33,15,18,3,15,8,7,5,0,0,1,0,0,0,0,0,0,0,0,0,0,0,0,1.0,1.0,1.0,0.0,0.0,0.0,1,0,0
5493,33,15,18,3,15,8,7,5,0,0,1,0,0,0,0,0,0,0,0,0,0,0,0,1.0,1.0,1.0,0.0,0.0,0.0,1,0,0
5494,33,15,18,3,15,8,7,5,0,0,1,0,0,0,0,0,0,0,0,0,0,0,0,1.0,1.0,1.0,0.0,0.0,0.0,1,0,0
5495,33,15,18,3,15,8,7,5,0,0,1,0,0,0,0,0,0,0,0,0,0,0,0,1.0,1.0,1.0,0.0,0.0,0.0,1,0,0
5496,33,15,18,3,15,8,7,5,0,0,1,0,0,0,0,0,0,0,0,0,0,0,0,1.0,1.0,1.0,0.0,0.0,0.0,1,0,0
5497,33,15,18,3,15,8,7,5,0,0,1,0,0,0,0,0,0,0,0,0,0,1,0,1.0,1.0,1.0,0.0,0.0,0.0,1,0,0
5498,33,15,18,3,15,8,7,5,0,0,1,0,0,0,0,0,0,0,0,0,0,0,0,1.0,1.0,1.0,0.0,0.0,0.0,1,0,0
5499,33,15,18,3,15,8,7,5,0,0,1,0,0,0,0,0,0,0,0,0,0,1,0,1.0,1.0,1.0,0.0,0.0,0.0,1,0,0
5500,33,15,18,3,15,8,7,5,0,0,1,0,0,0,0,0,0,0,0,0,0,2,0,1.0,1.0,1.0,0.0,0.0,0.0,1,0,0
5501,32,14,18,3,13,9,7,5,0,0,1,0,0,0,0,0,0,0,0,0,1,0,1,0.9411764705882353,1.0,1.0,0.0,0.0,0.0,1,0,1
5502,32,14,18,3,13,9,7,5,0,0,1,0,0,0,0,0,0,0,0,0,0,0,0,1.0,1.0,1.0,0.0,0.0,0.0,1,0,0
5503,32,14,18,3,12,10,7,5,0,0,1,0,0,0,0,0,0,0,0,0,0,0,0,1.0,1.0,1.0,0.0,0.0,0.0,1,0,0
5504,32,14,18,3,11,11,7,5,0,0,1,0,0,0,0,0,0,0,0,0,0,0,0,1.0,1.0,1.0,0.0,0.0,0.0,1,0,0
5505,32,14,18,3,11,11,7,5,1,0,1,0,0,0,0,0,4,1,0,0,0,0,0,1.0,1.0,1.0,0.0,0.0,0.25,1,0,0
5506,32,14,18,3,11,11,7,5,2,0,1,0,0,0,0,0,2,1,0,0,0,0,0,1.0,1.0,1.0,0.0,0.0,0.5,1,0,0
5507,32,14,18,3,11,11,7,5,4,0,1,0,0,0,0,0,8,2,0,0,0,0,0,1.0,1.0,1.0,0.0,0.0,0.25,1,0,0
5508,32,14,18,3,11,11,7,5,4,0,1,0,0,0,0,0,0,0,0,0,0,0,0,1.0,1.0,1.0,0.0,0.0,0.0,1,0,0
5509,32,14,18,0,14,11,7,5,4,0,1,0,0,0,0,0,0,0,0,0,0,0,0,1.0,1.0,1.0,0.0,0.0,0.0,1,0,0
5510,32,14,18,0,14,11,7,5,4,0,1,0,0,0,0,0,0,0,0,0,0,0,0,1.0,1.0,1.0,0.0,0.0,0.0,1,0,0
5511,32,14,18,0,14,11,7,5,4,0,0,0,0,0,0,0,0,0,0,0,0,0,0,1.0,1.0,1.0,0.0,0.0,0.0,1,0,0
5512,31,13,18,0,13,11,7,5,4,0,0,0,0,0,0,0,1,0,0,0,1,0,1,0.9285714285714286,1.0,1.0,0.0,0.0,0.0,1,0,1
5513,31,13,18,0,13,11,7,5,4,0,0,0,0,0,0,0,8,0,0,0,0,0,0,1.0,1.0,1.0,0.0,0.0,0.0,1,0,0
5514,31,13,18,0,13,11,7,5,5,0,0,0,0,0,0,0,8,1,0,0,0,0,0,1.0,1.0,1.0,0.0,0.0,0.125,1,0,0
5515,31,13,18,0,13,11,7,5,5,0,0,0,0,0,0,0,0,0,0,0,0,0,0,1.0,1.0,1.0,0.0,0.0,0.0,1,0,0
5516,31,13,18,0,13,11,7,5,5,0,0,0,0,0,0,0,0,0,0,0,0,0,0,1.0,1.0,1.0,0.0,0.0,0.0,1,0,0
5517,31,13,18,0,13,11,7,5,5,0,0,0,0,0,0,0,0,0,0,0,0,0,0,1.0,1.0,1.0,0.0,0.0,0.0,1,0,0
5518,31,13,18,0,13,11,7,5,5,0,0,0,0,0,0,0,0,0,0,0,0,0,0,1.0,1.0,1.0,0.0,0.0,0.0,1,0,0
5519,31,13,18,0,13,11,7,5,5,0,0,0,0,0,0,0,0,0,0,0,0,0,0,1.0,1.0,1.0,0.0,0.0,0.0,1,0,0
5520,31,13,18,0,13,11,7,5,5,0,0,0,0,0,0,0,0,0,0,0,0,0,0,1.0,1.0,1.0,0.0,0.0,0.0,1,0,0
5521,31,13,18,0,13,10,8,6,5,0,0,0,0,0,0,0,6,0,0,0,0,0,0,1.0,1.0,1.0,0.0,0.0,0.0,1,0,0
5522,31,13,18,0,13,10,8,6,6,0,0,0,0,0,0,0,8,1,0,0,0,0,0,1.0,1.0,1.0,0.0,0.0,0.125,1,0,0
5523,31,13,18,0,13,10,8,6,6,0,0,0,0,0,0,0,0,0,0,0,0,0,0,1.0,1.0,1.0,0.0,0.0,0.0,1,0,0
5524,31,13,18,0,13,10,8,6,6,0,0,0,0,0,0,0,0,0,0,0,0,0,0,1.0,1.0,1.0,0.0,0.0,0.0,1,0,0
5525,31,13,18,0,13,10,8,6,6,0,0,0,0,0,0,0,0,0,0,0,0,0,0,1.0,1.0,1.0,0.0,0.0,0.0,1,0,0
5526,31,13,18,0,13,9,9,6,6,0,0,0,0,0,0,0,0,0,0,0,0,0,0,1.0,1.0,1.0,0.0,0.0,0.0,1,0,0
5527,31,13,18,0,13,8,10,6,6,0,0,0,0,0,0,0,0,0,0,0,0,0,0,1.0,1.0,1.0,0.0,0.0,0.0,1,0,0
5528,31,13,18,0,13,8,10,6,6,0,0,0,0,0,0,0,0,0,0,0,0,0,0,1.0,1.0,1.0,0.0,0.0,0.0,1,0,0
5529,31,13,18,0,13,8,10,6,6,0,0,0,0,0,0,0,0,0,0,0,0,0,0,1.0,1.0,1.0,0.0,0.0,0.0,1,0,0
5530,31,13,18,0,13,8,10,6,6,0,0,0,0,0,0,0,0,0,0,0,0,0,0,1.0,1.0,1.0,0.0,0.0,0.0,1,0,0
5531,31,13,18,0,13,8,10,6,6,0,0,0,0,0,0,0,0,0,0,0,0,0,0,1.0,1.0,1.0,0.0,0.0,0.0,1,0,0
5532,31,13,18,0,13,8,10,6,6,0,0,0,0,0,0,0,0,0,0,0,0,0,0,1.0,1.0,1.0,0.0,0.0,0.0,1,0,0
5533,31,13,18,0,13,8,10,6,6,0,0,0,0,0,0,0,0,0,0,0,0,0,0,1.0,1.0,1.0,0.0,0.0,0.0,1,0,0
5534,31,13,18,0,13,8,10,6,6,0,0,0,0,0,0,0,0,0,0,0,0,0,0,1.0,1.0,1.0,0.0,0.0,0.0,1,0,0
5535,31,13,18,0,13,8,10,6,6,0,0,0,0,0,0,0,0,0,0,0,0,0,0,1.0,1.0,1.0,0.0,0.0,0.0,1,0,0
5536,31,13,18,0,13,8,10,6,6,0,0,0,0,0,0,0,0,0,0,0,0,0,0,1.0,1.0,1.0,0.0,0.0,0.0,1,0,0
5537,31,13,18,0,13,8,10,6,6,0,0,0,0,0,0,0,0,0,0,0,0,0,0,1.0,1.0,1.0,0.0,0.0,0.0,1,0,0
5538,31,13,18,0,13,8,10,6,6,0,0,0,0,0,0,0,0,0,0,0,0,0,0,1.0,1.0,1.0,0.0,0.0,0.0,1,0,0
5539,31,13,18,0,13,8,10,6,6,0,0,0,0,0,0,0,0,0,0,0,0,0,0,1.0,1.0,1.0,0.0,0.0,0.0,1,0,0
5540,31,13,18,0,13,8,10,6,6,0,0,0,0,0,0,0,0,0,0,0,0,0,0,1.0,1.0,1.0,0.0,0.0,0.0,1,0,0
5541,31,13,18,0,13,8,10,6,6,0,0,0,0,0,0,0,0,0,0,0,0,0,0,1.0,1.0,1.0,0.0,0.0,0.0,1,0,0
5542,31,13,18,0,13,8,10,6,6,0,0,0,0,0,0,0,0,0,0,0,0,0,0,1.0,1.0,1.0,0.0,0.0,0.0,1,0,0
5543,31,13,18,0,13,8,10,6,6,0,0,0,0,0,0,0,0,0,0,0,0,0,0,1.0,1.0,1.0,0.0,0.0,0.0,1,0,0
5544,31,13,18,0,13,8,10,6,6,0,0,0,0,0,0,0,0,0,0,0,0,0,0,1.0,1.0,1.0,0.0,0.0,0.0,1,0,0
5545,31,13,18,0,13,8,10,6,6,0,0,0,0,0,0,0,0,0,0,0,0,0,0,1.0,1.0,1.0,0.0,0.0,0.0,1,0,0
5546,31,13,18,0,13,8,10,6,6,0,0,0,0,0,0,0,0,0,0,0,0,0,0,1.0,1.0,1.0,0.0,0.0,0.0,1,0,0
5547,31,13,18,0,13,8,10,6,6,0,0,0,0,0,0,0,0,0,0,0,0,0,0,1.0,1.0,1.0,0.0,0.0,0.0,1,0,0
5548,31,13,18,0,13,8,10,6,6,0,0,0,0,0,0,0,0,0,0,0,0,0,0,1.0,1.0,1.0,0.0,0.0,0.0,1,0,0
5549,31,13,18,0,13,8,10,6,6,0,0,0,0,0,0,0,0,0,0,0,0,0,0,1.0,1.0,1.0,0.0,0.0,0.0,1,0,0
5550,31,13,18,0,13,8,10,6,6,0,0,0,0,0,0,0,0,0,0,0,0,0,0,1.0,1.0,1.0,0.0,0.0,0.0,1,0,0
5551,31,13,18,0,13,7,11,7,6,0,0,0,0,0,0,0,0,0,0,0,0,0,0,1.0,1.0,1.0,0.0,0.0,0.0,1,0,0
5552,31,13,18,0,13,7,11,7,6,0,0,0,0,0,0,0,0,0,0,0,0,0,0,1.0,1.0,1.0,0.0,0.0,0.0,1,0,0
5553,31,13,18,0,13,7,11,7,6,0,0,0,0,0,0,0,0,0,0,0,0,0,0,1.0,1.0,1.0,0.0,0.0,0.0,1,0,0
5554,30,12,18,0,12,7,11,7,6,0,0,0,0,0,0,0,0,0,0,0,1,0,1,0.9230769230769231,1.0,1.0,0.0,0.0,0.0,1,0,1
5555,30,12,18,0,12,7,11,7,6,0,0,0,0,0,0,0,0,0,0,0,0,0,0,1.0,1.0,1.0,0.0,0.0,0.0,1,0,0
5556,30,12,18,0,12,7,11,7,6,0,0,0,0,0,0,0,0,0,0,0,0,0,0,1.0,1.0,1.0,0.0,0.0,0.0,1,0,0
5557,30,12,18,0,12,7,11,7,6,0,0,0,0,0,0,0,1,0,0,0,0,0,0,1.0,1.0,1.0,0.0,0.0,0.0,1,0,0
5558,30,12,18,0,12,7,11,7,6,0,0,0,0,0,0,0,4,0,0,0,0,0,0,1.0,1.0,1.0,0.0,0.0,0.0,1,0,0
5559,30,12,18,0,12,7,11,7,6,1,0,0,0,0,0,0,3,0,1,0,0,0,0,1.0,1.0,1.0,0.0,0.0,0.0,1,0,0
5560,30,12,18,0,12,7,11,7,6,1,0,0,0,0,0,0,0,0,0,0,0,0,0,1.0,1.0,1.0,0.0,0.0,0.0,1,0,0
5561,30,12,18,0,12,7,11,7,6,1,0,0,0,0,0,0,0,0,0,0,0,0,0,1.0,1.0,1.0,0.0,0.0,0.0,1,0,0
5562,30,12,18,0,12,7,11,7,6,1,0,0,0,0,0,0,0,0,0,0,0,0,0,1.0,1.0,1.0,0.0,0.0,0.0,1,0,0
5563,30,12,18,0,12,7,11,7,6,1,0,0,0,0,0,0,0,0,0,0,0,0,0,1.0,1.0,1.0,0.0,0.0,0.0,1,0,0
5564,30,12,18,0,12,7,11,7,6,1,0,0,0,0,0,0,0,0,0,0,0,0,0,1.0,1.0,1.0,0.0,0.0,0.0,1,0,0
5565,30,12,18,0,12,6,12,8,6,1,0,0,0,0,0,0,0,0,0,0,0,0,0,1.0,1.0,1.0,0.0,0.0,0.0,1,0,0
5566,30,12,18,0,12,6,12,8,6,1,0,0,0,0,0,0,0,0,0,0,0,0,0,1.0,1.0,1.0,0.0,0.0,0.0,1,0,0
5567,29,12,17,0,11,6,12,8,6,1,0,0,0,0,1,0,0,0,0,0,1,0,1,0.9166666666666666,1.0,1.0,0.0,0.0,0.0,1,0,1
5568,29,12,17,0,11,6,12,8,6,1,0,0,0,0,0,0,0,0,0,0,0,0,0,1.0,1.0,1.0,0.0,0.0,0.0,1,0,0
5569,28,12,16,0,10,6,12,8,6,1,0,0,0,0,1,0,0,0,0,0,1,0,1,0.9090909090909091,1.0,1.0,0.0,0.0,0.0,1,0,1
5570,31,13,18,3,10,6,12,8,6,1,1,0,0,0,0,0,7,1,0,1,0,0,0,1.0,1.0,1.0,0.10714285714285714,0.10714285714285714,0.14285714285714285,1,3,0
5571,33,14,19,6,10,6,11,7,4,1,2,0,0,1,1,0,0,0,0,1,1,0,2,0.9230769230769231,1.0,0.875,0.12903225806451613,0.12903225806451613,0.0,1,4,2
5572,39,18,21,13,9,6,11,7,2,1,4,0,0,0,1,0,0,0,0,2,1,0,1,0.9375,1.0,1.0,0.21212121212121213,0.21212121212121213,0.0,1,7,1
5573,36,18,18,12,9,5,10,6,2,1,3,0,0,0,3,0,0,0,0,0,1,0,3,0.9545454545454546,1.0,0.8571428571428572,0.0,0.0,0.0,1,0,3
5574,36,18,18,12,9,5,10,6,2,1,3,0,0,0,0,0,0,0,0,0,0,0,0,1.0,1.0,1.0,0.0,0.0,0.0,1,0,0
5575,36,18,18,12,9,5,10,6,2,1,3,0,0,0,0,0,0,0,0,0,0,1,0,1.0,1.0,1.0,0.0,0.0,0.0,1,0,0
5576,36,18,18,12,9,5,10,6,2,1,3,0,0,0,0,0,0,0,0,0,0,0,0,1.0,1.0,1.0,0.0,0.0,0.0,1,0,0
5577,36,18,18,12,9,5,10,6,2,1,3,0,0,0,0,0,0,0,0,0,0,3,0,1.0,1.0,1.0,0.0,0.0,0.0,1,0,0
5578,36,18,18,12,9,5,10,6,2,1,3,0,0,0,0,0,0,0,0,0,0,0,0,1.0,1.0,1.0,0.0,0.0,0.0,1,0,0
5579,36,18,18,12,8,6,10,6,2,1,3,0,0,0,0,0,0,0,0,0,0,0,0,1.0,1.0,1.0,0.0,0.0,0.0,1,0,0
5580,36,18,18,12,8,6,10,6,2,1,3,0,0,0,0,0,0,0,0,0,0,0,0,1.0,1.0,1.0,0.0,0.0,0.0,1,0,0
5581,35,17,18,11,5,9,10,6,2,1,3,0,0,0,0,0,0,0,0,0,1,0,1,0.9411764705882353,1.0,1.0,0.0,0.0,0.0,1,0,1
5582,35,17,18,11,5,9,10,6,2,1,3,0,0,0,0,0,0,0,0,0,0,0,0,1.0,1.0,1.0,0.0,0.0,0.0,1,0,0
5583,35,17,18,11,5,9,10,6,2,1,3,0,0,0,0,0,0,0,0,0,0,0,0,1.0,1.0,1.0,0.0,0.0,0.0,1,0,0
5584,35,17,18,11,5,9,10,6,2,1,3,0,0,0,0,0,0,0,0,0,0,0,0,1.0,1.0,1.0,0.0,0.0,0.0,1,0,0
5585,35,17,18,11,5,9,10,6,2,1,3,0,0,0,0,0,0,0,0,0,0,0,0,1.0,1.0,1.0,0.0,0.0,0.0,1,0,0
5586,35,17,18,11,5,9,10,6,2,1,3,0,0,0,0,0,0,0,0,0,0,0,0,1.0,1.0,1.0,0.0,0.0,0.0,1,0,0
5587,39,18,21,15,5,9,10,6,1,1,4,0,0,0,0,0,0,0,0,1,0,0,0,1.0,1.0,1.0,0.11428571428571428,0.11428571428571428,0.0,1,4,0
5588,39,18,21,15,5,9,10,6,1,1,4,0,0,0,0,0,0,0,0,0,0,0,0,1.0,1.0,1.0,0.0,0.0,0.0,1,0,0
5589,38,18,20,14,5,9,10,6,1,1,4,0,0,0,0,0,0,0,0,0,1,0,1,0.95,1.0,1.0,0.0,0.0,0.0,1,0,1
5590,38,18,20,14,5,9,10,6,1,1,4,0,0,0,0,0,0,0,0,0,0,0,0,1.0,1.0,1.0,0.0,0.0,0.0,1,0,0
5591,38,18,20,14,5,9,10,6,1,1,4,0,0,0,0,0,0,0,0,0,0,0,0,1.0,1.0,1.0,0.0,0.0,0.0,1,0,0
5592,38,18,20,14,5,9,10,6,1,1,4,0,0,0,0,0,0,0,0,0,0,0,0,1.0,1.0,1.0,0.0,0.0,0.0,1,0,0
5593,38,18,20,14,5,9,10,6,1,1,4,0,0,0,0,0,0,0,0,0,0,0,0,1.0,1.0,1.0,0.0,0.0,0.0,1,0,0
5594,38,18,20,14,5,9,10,6,1,1,4,0,0,0,0,0,0,0,0,0,0,0,0,1.0,1.0,1.0,0.0,0.0,0.0,1,0,0
5595,38,18,20,14,5,9,10,6,1,1,4,0,0,0,0,0,0,0,0,0,0,0,0,1.0,1.0,1.0,0.0,0.0,0.0,1,0,0
5596,38,18,20,14,5,9,10,6,1,1,4,0,0,0,0,0,0,0,0,0,0,0,0,1.0,1.0,1.0,0.0,0.0,0.0,1,0,0
5597,38,18,20,14,5,9,10,6,1,1,4,0,0,0,0,0,0,0,0,0,0,0,0,1.0,1.0,1.0,0.0,0.0,0.0,1,0,0
5598,38,18,20,14,5,9,10,6,1,1,4,0,0,0,0,0,0,0,0,0,0,0,0,1.0,1.0,1.0,0.0,0.0,0.0,1,0,0
5599,38,18,20,14,5,9,10,6,1,1,4,0,0,0,0,0,0,0,0,0,0,0,0,1.0,1.0,1.0,0.0,0.0,0.0,1,0,0
5600,38,18,20,14,5,9,10,6,1,1,4,0,0,0,0,0,0,0,0,0,0,0,0,1.0,1.0,1.0,0.0,0.0,0.0,1,0,0
5601,38,18,20,14,5,9,10,6,1,1,4,0,0,0,0,0,0,0,0,0,0,0,0,1.0,1.0,1.0,0.0,0.0,0.0,1,0,0
5602,38,18,20,14,5,9,10,6,1,1,4,0,0,0,0,0,0,0,0,0,0,0,0,1.0,1.0,1.0,0.0,0.0,0.0,1,0,0
5603,38,18,20,14,5,9,10,6,1,1,4,0,0,0,0,0,0,0,0,0,0,0,0,1.0,1.0,1.0,0.0,0.0,0.0,1,0,0
5604,38,18,20,14,5,8,11,6,1,0,4,0,0,0,0,0,0,0,0,0,0,0,0,1.0,1.0,1.0,0.0,0.0,0.0,1,0,0
5605,38,18,20,14,5,8,11,6,2,0,4,0,0,0,0,0,7,1,0,0,0,0,0,1.0,1.0,1.0,0.0,0.0,0.14285714285714285,1,0,0
5606,38,18,20,14,5,8,11,6,2,0,4,0,0,0,0,0,0,0,0,0,0,0,0,1.0,1.0,1.0,0.0,0.0,0.0,1,0,0
5607,38,18,20,14,5,8,11,6,2,0,4,0,0,0,0,0,0,0,0,0,0,0,0,1.0,1.0,1.0,0.0,0.0,0.0,1,0,0
5608,38,18,20,14,5,8,11,6,2,0,4,0,0,0,0,0,0,0,0,0,0,0,0,1.0,1.0,1.0,0.0,0.0,0.0,1,0,0
5609,38,18,20,14,5,8,11,6,2,0,4,0,0,0,0,0,0,0,0,0,0,0,0,1.0,1.0,1.0,0.0,0.0,0.0,1,0,0
5610,38,18,20,14,5,8,11,6,2,0,4,0,0,0,0,0,0,0,0,0,0,1,0,1.0,1.0,1.0,0.0,0.0,0.0,1,0,0
5611,38,18,20,14,5,8,11,6,2,0,4,0,0,0,0,0,0,0,0,0,0,1,0,1.0,1.0,1.0,0.0,0.0,0.0,1,0,0
5612,38,18,20,14,5,8,11,6,2,0,4,0,0,0,0,0,0,0,0,0,0,0,0,1.0,1.0,1.0,0.0,0.0,0.0,1,0,0
5613,38,18,20,12,7,8,11,6,2,0,4,0,0,0,0,0,0,0,0,0,0,0,0,1.0,1.0,1.0,0.0,0.0,0.0,1,0,0
5614,38,18,20,9,9,9,11,6,2,0,4,0,0,0,0,0,0,0,0,0,0,0,0,1.0,1.0,1.0,0.0,0.0,0.0,1,0,0
5615,38,18,20,4,13,10,11,6,2,0,3,0,0,0,0,0,0,0,0,0,0,0,0,1.0,1.0,1.0,0.0,0.0,0.0,1,0,0
5616,38,18,20,4,13,10,11,6,3,0,2,0,0,0,0,0,5,1,0,0,0,0,0,1.0,1.0,1.0,0.0,0.0,0.2,1,0,0
5617,38,18,20,4,13,10,11,6,3,0,1,0,0,0,0,0,1,0,0,0,0,0,0,1.0,1.0,1.0,0.0,0.0,0.0,1,0,0
5618,38,18,20,4,13,10,11,6,4,0,1,0,0,0,0,0,6,1,0,0,0,0,0,1.0,1.0,1.0,0.0,0.0,0.16666666666666666,1,0,0
5619,38,18,20,4,13,10,11,6,4,0,1,0,0,0,0,0,1,0,0,0,0,0,0,1.0,1.0,1.0,0.0,0.0,0.0,1,0,0
5620,38,18,20,4,13,10,11,6,5,0,1,0,0,0,0,0,7,1,0,0,0,0,0,1.0,1.0,1.0,0.0,0.0,0.14285714285714285,1,0,0
5621,38,18,20,4,13,10,11,6,5,0,1,0,0,0,0,0,0,0,0,0,0,0,0,1.0,1.0,1.0,0.0,0.0,0.0,1,0,0
5622,38,18,20,4,13,10,11,6,5,0,1,0,0,0,0,0,0,0,0,0,0,0,0,1.0,1.0,1.0,0.0,0.0,0.0,1,0,0
5623,38,18,20,4,13,10,11,6,5,0,1,0,0,0,0,0,0,0,0,0,0,0,0,1.0,1.0,1.0,0.0,0.0,0.0,1,0,0
5624,38,18,20,4,13,10,11,6,5,0,1,0,0,0,0,0,0,0,0,0,0,0,0,1.0,1.0,1.0,0.0,0.0,0.0,1,0,0
5625,38,18,20,4,13,10,11,6,5,0,1,0,0,0,0,0,0,0,0,0,0,0,0,1.0,1.0,1.0,0.0,0.0,0.0,1,0,0
5626,38,18,20,4,13,10,11,6,5,0,1,0,0,0,0,0,0,0,0,0,0,0,0,1.0,1.0,1.0,0.0,0.0,0.0,1,0,0
5627,38,18,20,4,13,10,11,6,5,0,1,0,0,0,0,0,0,0,0,0,0,0,0,1.0,1.0,1.0,0.0,0.0,0.0,1,0,0
5628,37,17,20,4,12,10,11,6,5,0,1,0,0,0,0,0,0,0,0,0,1,0,1,0.9411764705882353,1.0,1.0,0.0,0.0,0.0,1,0,1
5629,37,17,20,4,12,10,11,6,5,0,1,0,0,0,0,0,0,0,0,0,0,0,0,1.0,1.0,1.0,0.0,0.0,0.0,1,0,0
5630,37,17,20,0,16,10,11,6,5,0,1,0,0,0,0,0,0,0,0,0,0,0,0,1.0,1.0,1.0,0.0,0.0,0.0,1,0,0
5631,37,17,20,0,16,10,11,6,5,0,1,0,0,0,0,0,0,0,0,0,0,0,0,1.0,1.0,1.0,0.0,0.0,0.0,1,0,0
5632,37,17,20,0,16,10,11,6,5,0,0,0,0,0,0,0,0,0,0,0,0,0,0,1.0,1.0,1.0,0.0,0.0,0.0,1,0,0
5633,37,17,20,0,16,10,11,6,6,0,0,0,0,0,0,0,8,1,0,0,0,0,0,1.0,1.0,1.0,0.0,0.0,0.125,1,0,0
5634,37,17,20,0,16,10,11,6,6,0,0,0,0,0,0,0,0,0,0,0,0,0,0,1.0,1.0,1.0,0.0,0.0,0.0,1,0,0
5635,41,18,23,4,16,10,11,6,5,0,1,0,0,0,0,0,0,0,0,1,0,0,0,1.0,1.0,1.0,0.10810810810810811,0.10810810810810811,0.0,1,4,0
5636,41,18,23,4,16,9,12,6,5,0,1,0,0,0,0,0,0,0,0,0,0,0,0,1.0,1.0,1.0,0.0,0.0,0.0,1,0,0
5637,41,18,23,4,16,9,12,6,5,0,1,0,0,0,0,0,0,0,0,0,0,0,0,1.0,1.0,1.0,0.0,0.0,0.0,1,0,0
5638,41,18,23,4,16,9,12,6,5,0,1,0,0,0,0,0,0,0,0,0,0,0,0,1.0,1.0,1.0,0.0,0.0,0.0,1,0,0
5639,41,18,23,4,16,8,13,6,5,0,1,0,0,0,0,0,0,0,0,0,0,0,0,1.0,1.0,1.0,0.0,0.0,0.0,1,0,0
5640,41,18,23,4,16,8,13,6,5,0,1,0,0,0,0,0,0,0,0,0,0,0,0,1.0,1.0,1.0,0.0,0.0,0.0,1,0,0
5641,41,18,23,4,16,8,13,6,5,0,1,0,0,0,0,0,0,0,0,0,0,0,0,1.0,1.0,1.0,0.0,0.0,0.0,1,0,0
5642,41,18,23,4,16,8,13,6,5,0,1,0,0,0,0,0,0,0,0,0,0,0,0,1.0,1.0,1.0,0.0,0.0,0.0,1,0,0
5643,41,18,23,4,16,8,13,6,5,0,1,0,0,0,0,0,0,0,0,0,0,0,0,1.0,1.0,1.0,0.0,0.0,0.0,1,0,0
5644,41,18,23,4,16,8,13,6,5,0,1,0,0,0,0,0,0,0,0,0,0,0,0,1.0,1.0,1.0,0.0,0.0,0.0,1,0,0
5645,41,18,23,4,16,8,13,6,5,0,1,0,0,0,0,0,0,0,0,0,0,0,0,1.0,1.0,1.0,0.0,0.0,0.0,1,0,0
5646,41,18,23,4,16,8,13,6,5,0,1,0,0,0,0,0,0,0,0,0,0,2,0,1.0,1.0,1.0,0.0,0.0,0.0,1,0,0
5647,41,18,23,4,16,8,13,6,5,0,1,0,0,0,0,0,0,0,0,0,0,0,0,1.0,1.0,1.0,0.0,0.0,0.0,1,0,0
5648,41,18,23,4,16,8,13,6,5,0,1,0,0,0,0,0,0,0,0,0,0,0,0,1.0,1.0,1.0,0.0,0.0,0.0,1,0,0
5649,41,18,23,4,16,8,13,6,5,0,1,0,0,0,0,0,0,0,0,0,0,0,0,1.0,1.0,1.0,0.0,0.0,0.0,1,0,0
5650,40,18,22,3,14,10,13,6,5,0,1,0,0,0,0,0,0,0,0,0,1,0,1,0.9444444444444444,1.0,1.0,0.0,0.0,0.0,1,0,1
5651,40,18,22,3,14,10,13,6,5,0,1,0,0,0,0,0,0,0,0,0,0,0,0,1.0,1.0,1.0,0.0,0.0,0.0,1,0,0
5652,40,18,22,3,14,10,13,6,5,0,1,0,0,0,0,0,0,0,0,0,0,0,0,1.0,1.0,1.0,0.0,0.0,0.0,1,0,0
5653,40,18,22,3,14,10,13,6,5,0,1,0,0,0,0,0,0,0,0,0,0,0,0,1.0,1.0,1.0,0.0,0.0,0.0,1,0,0
5654,40,18,22,3,14,10,13,6,5,0,1,0,0,0,0,0,0,0,0,0,0,0,0,1.0,1.0,1.0,0.0,0.0,0.0,1,0,0
5655,40,18,22,3,14,10,13,6,5,0,1,0,0,0,0,0,0,0,0,0,0,0,0,1.0,1.0,1.0,0.0,0.0,0.0,1,0,0
5656,40,18,22,3,14,10,13,6,5,0,1,0,0,0,0,0,0,0,0,0,0,0,0,1.0,1.0,1.0,0.0,0.0,0.0,1,0,0
5657,40,18,22,3,14,10,13,6,5,0,1,0,0,0,0,0,0,0,0,0,0,0,0,1.0,1.0,1.0,0.0,0.0,0.0,1,0,0
5658,38,17,21,3,13,10,12,5,5,0,0,0,0,1,1,0,0,0,0,0,1,0,2,0.9411764705882353,1.0,0.8333333333333334,0.0,0.0,0.0,1,0,2
5659,36,15,21,3,13,9,11,5,5,0,0,0,0,2,0,0,0,0,0,0,0,0,2,1.0,0.8571428571428572,1.0,0.0,0.0,0.0,1,0,2
5660,35,15,20,3,12,9,11,5,5,0,0,0,0,0,0,0,0,0,0,0,1,0,1,0.9375,1.0,1.0,0.0,0.0,0.0,1,0,1
5661,33,14,19,3,11,9,10,4,4,0,0,0,0,1,1,0,0,0,0,0,1,0,2,0.9333333333333333,1.0,0.8,0.0,0.0,0.0,1,0,2
5662,33,14,19,3,11,9,10,4,4,0,0,0,0,0,0,0,0,0,0,0,0,0,0,1.0,1.0,1.0,0.0,0.0,0.0,1,0,0
5663,33,14,19,3,11,9,10,4,4,0,0,0,0,0,0,0,0,0,0,0,0,0,0,1.0,1.0,1.0,0.0,0.0,0.0,1,0,0
5664,31,13,18,3,10,9,9,4,4,0,0,0,0,1,1,0,0,0,0,0,1,0,2,0.9285714285714286,0.8333333333333334,1.0,0.0,0.0,0.0,1,0,2
5665,31,13,18,3,10,9,9,4,4,0,0,0,0,0,0,0,0,0,0,0,0,0,0,1.0,1.0,1.0,0.0,0.0,0.0,1,0,0
5666,31,13,18,3,10,8,10,5,4,0,0,0,0,0,0,0,0,0,0,0,0,0,0,1.0,1.0,1.0,0.0,0.0,0.0,1,0,0
5667,31,13,18,3,10,8,10,5,4,0,0,0,0,0,0,0,0,0,0,0,0,0,0,1.0,1.0,1.0,0.0,0.0,0.0,1,0,0
5668,31,13,18,3,10,8,10,5,4,0,0,0,0,0,0,0,0,0,0,0,0,0,0,1.0,1.0,1.0,0.0,0.0,0.0,1,0,0
5669,31,13,18,3,10,8,10,5,4,0,0,0,0,0,0,0,0,0,0,0,0,0,0,1.0,1.0,1.0,0.0,0.0,0.0,1,0,0
5670,34,13,21,6,10,8,10,5,3,0,1,0,0,0,0,0,0,0,0,1,0,0,0,1.0,1.0,1.0,0.0967741935483871,0.0967741935483871,0.0,1,3,0
5671,34,13,21,6,10,8,10,5,3,0,1,0,0,0,0,0,0,0,0,0,0,0,0,1.0,1.0,1.0,0.0,0.0,0.0,1,0,0
5672,34,13,21,6,10,8,10,5,3,0,1,0,0,0,0,0,0,0,0,0,0,0,0,1.0,1.0,1.0,0.0,0.0,0.0,1,0,0
5673,34,13,21,6,10,8,10,5,3,0,1,0,0,0,0,0,0,0,0,0,0,0,0,1.0,1.0,1.0,0.0,0.0,0.0,1,0,0
5674,33,13,20,6,9,8,10,5,4,0,1,0,0,0,0,0,6,1,0,0,1,0,1,0.9375,1.0,1.0,0.0,0.0,0.16666666666666666,1,0,1
5675,33,13,20,6,9,8,10,5,4,0,1,0,0,0,0,0,0,0,0,0,0,0,0,1.0,1.0,1.0,0.0,0.0,0.0,1,0,0
5676,33,13,20,6,9,8,10,5,4,0,1,0,0,0,0,0,0,0,0,0,0,0,0,1.0,1.0,1.0,0.0,0.0,0.0,1,0,0
5677,33,13,20,6,9,8,10,5,4,0,1,0,0,0,0,0,0,0,0,0,0,0,0,1.0,1.0,1.0,0.0,0.0,0.0,1,0,0
5678,33,13,20,3,12,8,10,5,4,0,1,0,0,0,0,0,0,0,0,0,0,0,0,1.0,1.0,1.0,0.0,0.0,0.0,1,0,0
5679,33,13,20,3,12,8,10,5,4,0,1,0,0,0,0,0,0,0,0,0,0,0,0,1.0,1.0,1.0,0.0,0.0,0.0,1,0,0
5680,33,13,20,3,12,7,11,6,4,0,1,0,0,0,0,0,0,0,0,0,0,0,0,1.0,1.0,1.0,0.0,0.0,0.0,1,0,0
5681,36,15,21,6,12,7,11,6,3,0,2,0,0,0,0,0,0,0,0,1,0,0,0,1.0,1.0,1.0,0.09090909090909091,0.09090909090909091,0.0,1,3,0
5682,36,15,21,6,12,7,11,6,3,0,2,0,0,0,0,0,0,0,0,0,0,0,0,1.0,1.0,1.0,0.0,0.0,0.0,1,0,0
5683,36,15,21,6,12,7,11,6,3,0,2,0,0,0,0,0,0,0,0,0,0,0,0,1.0,1.0,1.0,0.0,0.0,0.0,1,0,0
5684,36,15,21,6,12,7,11,6,3,0,2,0,0,0,0,0,0,0,0,0,0,0,0,1.0,1.0,1.0,0.0,0.0,0.0,1,0,0
5685,39,16,23,9,12,7,11,6,2,0,3,0,0,0,0,0,0,0,0,1,0,0,0,1.0,1.0,1.0,0.08333333333333333,0.08333333333333333,0.0,1,3,0
5686,39,16,23,9,12,7,11,6,2,0,3,0,0,0,0,0,0,0,0,0,0,0,0,1.0,1.0,1.0,0.0,0.0,0.0,1,0,0
5687,39,16,23,9,12,7,11,6,3,0,3,0,0,0,0,0,1,1,0,0,0,0,0,1.0,1.0,1.0,0.0,0.0,1.0,1,0,0
5688,39,16,23,9,12,7,11,6,3,0,3,0,0,0,0,0,0,0,0,0,0,0,0,1.0,1.0,1.0,0.0,0.0,0.0,1,0,0
5689,39,16,23,9,12,7,11,6,3,0,3,0,0,0,0,0,0,0,0,0,0,0,0,1.0,1.0,1.0,0.0,0.0,0.0,1,0,0
5690,39,16,23,9,12,7,11,6,3,0,3,0,0,0,0,0,0,0,0,0,0,0,0,1.0,1.0,1.0,0.0,0.0,0.0,1,0,0
5691,39,16,23,9,12,7,11,6,3,0,3,0,0,0,0,0,0,0,0,0,0,0,0,1.0,1.0,1.0,0.0,0.0,0.0,1,0,0
5692,39,16,23,9,12,7,11,6,3,0,3,0,0,0,0,0,0,0,0,0,0,0,0,1.0,1.0,1.0,0.0,0.0,0.0,1,0,0
5693,39,16,23,9,12,7,11,6,3,0,3,0,0,0,0,0,0,0,0,0,0,0,0,1.0,1.0,1.0,0.0,0.0,0.0,1,0,0
5694,39,16,23,9,12,7,11,6,3,0,3,0,0,0,0,0,0,0,0,0,0,0,0,1.0,1.0,1.0,0.0,0.0,0.0,1,0,0
5695,39,16,23,9,12,7,11,6,3,0,3,0,0,0,0,0,0,0,0,0,0,0,0,1.0,1.0,1.0,0.0,0.0,0.0,1,0,0
5696,39,16,23,9,12,7,11,6,3,0,3,0,0,0,0,0,0,0,0,0,0,0,0,1.0,1.0,1.0,0.0,0.0,0.0,1,0,0
5697,39,16,23,9,12,6,12,7,3,0,3,0,0,0,0,0,0,0,0,0,0,0,0,1.0,1.0,1.0,0.0,0.0,0.0,1,0,0
5698,41,18,23,11,12,6,12,7,2,0,4,0,0,0,0,0,0,0,0,1,1,0,1,0.9523809523809523,1.0,1.0,0.07692307692307693,0.07692307692307693,0.0,1,3,1
5699,41,18,23,11,12,6,12,7,2,0,4,0,0,0,0,0,0,0,0,0,0,0,0,1.0,1.0,1.0,0.0,0.0,0.0,1,0,0
5700,41,18,23,11,12,6,12,7,3,0,4,0,0,0,0,0,4,1,0,0,0,0,0,1.0,1.0,1.0,0.0,0.0,0.25,1,0,0
5701,41,18,23,11,12,6,12,7,3,0,4,0,0,0,0,0,0,0,0,0,0,0,0,1.0,1.0,1.0,0.0,0.0,0.0,1,0,0
5702,41,18,23,11,12,6,12,7,3,0,4,0,0,0,0,0,0,0,0,0,0,0,0,1.0,1.0,1.0,0.0,0.0,0.0,1,0,0
5703,40,17,23,10,12,6,12,7,3,0,4,0,0,0,0,0,0,0,0,0,1,0,1,0.9565217391304348,1.0,1.0,0.0,0.0,0.0,1,0,1
5704,40,17,23,10,12,6,12,7,3,0,4,0,0,0,0,0,0,0,0,0,0,0,0,1.0,1.0,1.0,0.0,0.0,0.0,1,0,0
5705,40,17,23,10,12,6,12,7,3,0,4,0,0,0,0,0,0,0,0,0,0,0,0,1.0,1.0,1.0,0.0,0.0,0.0,1,0,0
5706,39,16,23,10,11,6,12,7,3,0,4,0,0,0,0,0,0,0,0,0,1,0,1,0.9545454545454546,1.0,1.0,0.0,0.0,0.0,1,0,1
5707,39,16,23,10,11,6,12,7,3,0,4,0,0,0,0,0,0,0,0,0,0,0,0,1.0,1.0,1.0,0.0,0.0,0.0,1,0,0
5708,39,16,23,10,11,6,12,7,3,0,4,0,0,0,0,0,0,0,0,0,0,0,0,1.0,1.0,1.0,0.0,0.0,0.0,1,0,0
5709,39,16,23,10,11,6,12,7,3,0,4,0,0,0,0,0,0,0,0,0,0,0,0,1.0,1.0,1.0,0.0,0.0,0.0,1,0,0
5710,39,16,23,10,11,6,12,7,3,0,4,0,0,0,0,0,0,0,0,0,0,0,0,1.0,1.0,1.0,0.0,0.0,0.0,1,0,0
5711,39,16,23,10,11,6,12,7,3,0,4,0,0,0,0,0,0,0,0,0,0,0,0,1.0,1.0,1.0,0.0,0.0,0.0,1,0,0
5712,39,16,23,10,11,6,12,7,3,0,4,0,0,0,0,0,0,0,0,0,0,0,0,1.0,1.0,1.0,0.0,0.0,0.0,1,0,0
5713,39,16,23,8,13,6,12,7,3,0,4,0,0,0,0,0,0,0,0,0,0,0,0,1.0,1.0,1.0,0.0,0.0,0.0,1,0,0
5714,39,16,23,8,13,5,13,7,3,0,4,0,0,0,0,0,0,0,0,0,0,0,0,1.0,1.0,1.0,0.0,0.0,0.0,1,0,0
5715,39,16,23,8,13,5,13,7,3,0,3,0,0,0,0,0,0,0,0,0,0,0,0,1.0,1.0,1.0,0.0,0.0,0.0,1,0,0
5716,39,16,23,8,13,4,14,7,4,0,3,0,0,0,0,0,3,1,0,0,0,0,0,1.0,1.0,1.0,0.0,0.0,0.3333333333333333,1,0,0
5717,39,16,23,8,13,4,14,7,4,0,3,0,0,0,0,0,0,0,0,0,0,0,0,1.0,1.0,1.0,0.0,0.0,0.0,1,0,0
5718,39,16,23,8,13,4,14,7,4,0,3,0,0,0,0,0,0,0,0,0,0,0,0,1.0,1.0,1.0,0.0,0.0,0.0,1,0,0
5719,39,16,23,8,13,4,14,7,4,0,3,0,0,0,0,0,0,0,0,0,0,0,0,1.0,1.0,1.0,0.0,0.0,0.0,1,0,0
5720,39,16,23,8,13,4,14,7,4,0,3,0,0,0,0,0,0,0,0,0,0,0,0,1.0,1.0,1.0,0.0,0.0,0.0,1,0,0
5721,39,16,23,8,13,4,14,7,4,0,3,0,0,0,0,0,0,0,0,0,0,0,0,1.0,1.0,1.0,0.0,0.0,0.0,1,0,0
5722,39,16,23,8,13,4,14,7,4,0,3,0,0,0,0,0,0,0,0,0,0,0,0,1.0,1.0,1.0,0.0,0.0,0.0,1,0,0
5723,39,16,23,8,13,4,14,7,4,0,3,0,0,0,0,0,0,0,0,0,0,0,0,1.0,1.0,1.0,0.0,0.0,0.0,1,0,0
5724,39,16,23,6,15,4,14,7,4,0,3,0,0,0,0,0,0,0,0,0,0,0,0,1.0,1.0,1.0,0.0,0.0,0.0,1,0,0
5725,38,16,22,5,15,4,14,7,4,0,3,0,0,0,0,0,0,0,0,0,1,0,1,0.9523809523809523,1.0,1.0,0.0,0.0,0.0,1,0,1
5726,38,16,22,5,15,4,14,7,4,0,2,0,0,0,0,0,0,0,0,0,0,0,0,1.0,1.0,1.0,0.0,0.0,0.0,1,0,0
5727,38,16,22,5,15,4,14,7,5,0,2,0,0,0,0,0,8,1,0,0,0,0,0,1.0,1.0,1.0,0.0,0.0,0.125,1,0,0
5728,38,16,22,3,17,4,14,7,5,0,2,0,0,0,0,0,0,0,0,0,0,0,0,1.0,1.0,1.0,0.0,0.0,0.0,1,0,0
5729,38,16,22,3,17,4,14,7,5,0,2,0,0,0,0,0,0,0,0,0,0,0,0,1.0,1.0,1.0,0.0,0.0,0.0,1,0,0
5730,38,16,22,3,17,4,14,7,5,0,1,0,0,0,0,0,0,0,0,0,0,0,0,1.0,1.0,1.0,0.0,0.0,0.0,1,0,0
5731,38,16,22,3,17,4,14,7,6,0,1,0,0,0,0,0,2,1,0,0,0,0,0,1.0,1.0,1.0,0.0,0.0,0.5,1,0,0
5732,38,16,22,3,17,4,14,7,6,0,1,0,0,0,0,0,0,0,0,0,0,0,0,1.0,1.0,1.0,0.0,0.0,0.0,1,0,0
5733,38,16,22,3,17,4,14,7,6,0,1,0,0,0,0,0,0,0,0,0,0,0,0,1.0,1.0,1.0,0.0,0.0,0.0,1,0,0
5734,38,16,22,3,17,4,14,7,6,0,1,0,0,0,0,0,0,0,0,0,0,0,0,1.0,1.0,1.0,0.0,0.0,0.0,1,0,0
5735,38,16,22,3,17,4,14,7,6,0,1,0,0,0,0,0,0,0,0,0,0,0,0,1.0,1.0,1.0,0.0,0.0,0.0,1,0,0
5736,38,16,22,3,17,4,14,7,6,0,1,0,0,0,0,0,0,0,0,0,0,0,0,1.0,1.0,1.0,0.0,0.0,0.0,1,0,0
5737,38,16,22,3,17,4,14,7,6,0,1,0,0,0,0,0,0,0,0,0,0,0,0,1.0,1.0,1.0,0.0,0.0,0.0,1,0,0
5738,38,16,22,3,17,3,15,8,6,0,1,0,0,0,0,0,0,0,0,0,0,0,0,1.0,1.0,1.0,0.0,0.0,0.0,1,0,0
5739,42,18,24,7,17,3,15,8,6,0,2,0,0,0,0,0,7,1,0,1,0,0,0,1.0,1.0,1.0,0.10526315789473684,0.10526315789473684,0.14285714285714285,1,4,0
5740,41,17,24,7,17,3,14,8,6,0,2,0,0,0,0,0,0,0,0,0,0,0,0,1.0,0.8571428571428572,1.0,0.0,0.0,0.0,1,0,1
5741,41,17,24,4,20,3,14,8,6,0,2,0,0,0,0,0,0,0,0,0,0,0,0,1.0,1.0,1.0,0.0,0.0,0.0,1,0,0
5742,41,17,24,4,20,3,14,8,6,0,2,0,0,0,0,0,0,0,0,0,0,0,0,1.0,1.0,1.0,0.0,0.0,0.0,1,0,0
5743,41,17,24,4,20,3,14,8,6,0,1,0,0,0,0,0,0,0,0,0,0,0,0,1.0,1.0,1.0,0.0,0.0,0.0,1,0,0
5744,41,17,24,4,20,3,14,8,6,0,1,0,0,0,0,0,2,0,0,0,0,0,0,1.0,1.0,1.0,0.0,0.0,0.0,1,0,0
5745,41,17,24,4,20,3,14,8,7,0,1,0,0,0,0,0,3,1,0,0,0,0,0,1.0,1.0,1.0,0.0,0.0,0.3333333333333333,1,0,0
5746,41,17,24,4,20,3,14,8,7,0,1,0,0,0,0,0,0,0,0,0,0,0,0,1.0,1.0,1.0,0.0,0.0,0.0,1,0,0
5747,41,17,24,4,20,3,14,8,7,0,1,0,0,0,0,0,0,0,0,0,0,0,0,1.0,1.0,1.0,0.0,0.0,0.0,1,0,0
5748,41,17,24,4,20,3,14,8,7,0,1,0,0,0,0,0,0,0,0,0,0,0,0,1.0,1.0,1.0,0.0,0.0,0.0,1,0,0
5749,40,16,24,4,20,3,13,8,7,0,1,0,0,1,0,0,0,0,0,0,0,0,1,1.0,0.8333333333333334,1.0,0.0,0.0,0.0,1,0,1
5750,39,16,23,4,19,2,14,8,7,0,1,0,0,0,1,0,0,0,0,0,1,1,1,0.9583333333333334,1.0,1.0,0.0,0.0,0.0,1,0,1
5751,38,15,23,4,19,2,13,8,7,0,1,0,0,1,0,0,0,0,0,0,0,2,1,1.0,0.8333333333333334,1.0,0.0,0.0,0.0,1,0,1
5752,42,16,26,8,19,2,13,8,6,0,2,0,0,0,0,0,0,0,0,1,0,2,0,1.0,1.0,1.0,0.10526315789473684,0.10526315789473684,0.0,1,4,0
5753,41,15,26,8,19,2,12,8,6,0,2,0,0,1,0,0,0,0,0,0,0,0,1,1.0,0.8,1.0,0.0,0.0,0.0,1,0,1
5754,40,15,25,8,17,3,12,8,6,0,2,0,0,0,1,0,0,0,0,0,1,0,1,0.9615384615384616,1.0,1.0,0.0,0.0,0.0,1,0,1
5755,36,13,23,7,14,4,11,7,5,0,2,0,0,2,2,0,0,0,0,0,2,0,4,0.9130434782608696,1.0,0.875,0.0,0.0,0.0,1,0,4
5756,35,13,22,7,11,6,11,7,5,0,2,0,0,0,0,0,0,0,0,0,1,0,1,0.9473684210526316,1.0,1.0,0.0,0.0,0.0,1,0,1
5757,35,13,22,7,11,6,11,7,5,0,2,0,0,0,0,0,0,0,0,0,0,0,0,1.0,1.0,1.0,0.0,0.0,0.0,1,0,0
5758,35,13,22,7,11,6,11,7,5,0,2,0,0,0,0,0,0,0,0,0,0,0,0,1.0,1.0,1.0,0.0,0.0,0.0,1,0,0
5759,35,13,22,7,11,6,11,7,5,0,2,0,0,0,0,0,0,0,0,0,0,0,0,1.0,1.0,1.0,0.0,0.0,0.0,1,0,0
5760,35,13,22,7,11,6,11,7,5,0,2,0,0,0,0,0,0,0,0,0,0,0,0,1.0,1.0,1.0,0.0,0.0,0.0,1,0,0
5761,35,13,22,7,11,6,11,7,5,0,2,0,0,0,0,0,0,0,0,0,0,0,0,1.0,1.0,1.0,0.0,0.0,0.0,1,0,0
5762,35,13,22,7,11,6,11,7,5,0,2,0,0,0,0,0,0,0,0,0,0,0,0,1.0,1.0,1.0,0.0,0.0,0.0,1,0,0
5763,35,13,22,7,11,6,11,7,5,0,2,0,0,0,0,0,0,0,0,0,0,0,0,1.0,1.0,1.0,0.0,0.0,0.0,1,0,0
5764,35,13,22,7,11,6,11,7,5,0,2,0,0,0,0,0,0,0,0,0,0,0,0,1.0,1.0,1.0,0.0,0.0,0.0,1,0,0
5765,39,15,24,11,11,6,11,7,4,0,3,0,0,0,0,0,0,0,0,1,0,0,0,1.0,1.0,1.0,0.11428571428571428,0.11428571428571428,0.0,1,4,0
5766,39,15,24,11,11,6,11,7,4,0,3,0,0,0,0,0,0,0,0,0,0,0,0,1.0,1.0,1.0,0.0,0.0,0.0,1,0,0
5767,39,15,24,11,11,6,11,7,4,0,3,0,0,0,0,0,0,0,0,0,0,2,0,1.0,1.0,1.0,0.0,0.0,0.0,1,0,0
5768,39,15,24,11,11,6,11,7,4,0,3,0,0,0,0,0,0,0,0,0,0,0,0,1.0,1.0,1.0,0.0,0.0,0.0,1,0,0
5769,39,15,24,11,11,6,11,7,4,0,3,0,0,0,0,0,0,0,0,0,0,0,0,1.0,1.0,1.0,0.0,0.0,0.0,1,0,0
5770,39,15,24,11,11,6,11,7,4,0,3,0,0,0,0,0,0,0,0,0,0,0,0,1.0,1.0,1.0,0.0,0.0,0.0,1,0,0
5771,38,15,23,10,9,7,12,8,4,0,3,0,0,0,0,0,0,0,0,0,1,0,1,0.95,1.0,1.0,0.0,0.0,0.0,1,0,1
5772,38,15,23,10,9,7,12,8,4,0,3,0,0,0,0,0,0,0,0,0,0,0,0,1.0,1.0,1.0,0.0,0.0,0.0,1,0,0
5773,38,15,23,10,9,7,12,8,4,0,3,0,0,0,0,0,0,0,0,0,0,0,0,1.0,1.0,1.0,0.0,0.0,0.0,1,0,0
5774,38,15,23,10,9,7,12,8,4,0,3,0,0,0,0,0,0,0,0,0,0,0,0,1.0,1.0,1.0,0.0,0.0,0.0,1,0,0
5775,38,15,23,10,9,7,12,8,4,0,3,0,0,0,0,0,0,0,0,0,0,0,0,1.0,1.0,1.0,0.0,0.0,0.0,1,0,0
5776,38,15,23,10,9,7,12,8,4,0,3,0,0,0,0,0,0,0,0,0,0,0,0,1.0,1.0,1.0,0.0,0.0,0.0,1,0,0
5777,38,15,23,10,9,7,12,8,4,0,3,0,0,0,0,0,0,0,0,0,0,0,0,1.0,1.0,1.0,0.0,0.0,0.0,1,0,0
5778,38,15,23,10,9,7,12,8,4,0,3,0,0,0,0,0,0,0,0,0,0,0,0,1.0,1.0,1.0,0.0,0.0,0.0,1,0,0
5779,38,15,23,10,9,7,12,8,4,0,3,0,0,0,0,0,0,0,0,0,0,0,0,1.0,1.0,1.0,0.0,0.0,0.0,1,0,0
5780,38,15,23,10,9,7,12,8,4,0,3,0,0,0,0,0,0,0,0,0,0,0,0,1.0,1.0,1.0,0.0,0.0,0.0,1,0,0
5781,42,17,25,14,9,7,12,8,3,0,4,0,0,0,0,0,0,0,0,1,0,0,0,1.0,1.0,1.0,0.10526315789473684,0.10526315789473684,0.0,1,4,0
5782,42,17,25,11,12,7,12,8,3,0,4,0,0,0,0,0,0,0,0,0,0,0,0,1.0,1.0,1.0,0.0,0.0,0.0,1,0,0
5783,42,17,25,11,12,7,12,8,3,0,4,0,0,0,0,0,0,0,0,0,0,0,0,1.0,1.0,1.0,0.0,0.0,0.0,1,0,0
5784,42,17,25,11,12,7,12,8,3,0,3,0,0,0,0,0,0,0,0,0,0,0,0,1.0,1.0,1.0,0.0,0.0,0.0,1,0,0
5785,42,17,25,11,12,7,12,8,3,0,3,0,0,0,0,0,0,0,0,0,0,0,0,1.0,1.0,1.0,0.0,0.0,0.0,1,0,0
5786,42,17,25,11,12,7,12,8,3,0,3,0,0,0,0,0,0,0,0,0,0,0,0,1.0,1.0,1.0,0.0,0.0,0.0,1,0,0
5787,42,17,25,11,12,7,12,8,3,0,3,0,0,0,0,0,0,0,0,0,0,0,0,1.0,1.0,1.0,0.0,0.0,0.0,1,0,0
5788,42,17,25,11,12,7,12,8,3,0,3,0,0,0,0,0,0,0,0,0,0,0,0,1.0,1.0,1.0,0.0,0.0,0.0,1,0,0
5789,42,17,25,11,12,7,12,8,3,0,3,0,0,0,0,0,0,0,0,0,0,0,0,1.0,1.0,1.0,0.0,0.0,0.0,1,0,0
5790,41,16,25,11,12,6,12,8,3,0,3,0,0,0,0,0,0,0,0,0,0,0,0,1.0,1.0,1.0,0.0,0.0,0.0,1,0,1
5791,40,16,24,11,11,6,12,8,3,0,3,0,0,0,0,0,0,0,0,0,1,0,1,0.9565217391304348,1.0,1.0,0.0,0.0,0.0,1,0,1
5792,39,16,23,11,10,6,12,8,3,0,3,0,0,0,0,0,0,0,0,0,1,0,1,0.9545454545454546,1.0,1.0,0.0,0.0,0.0,1,0,1
5793,39,16,23,11,10,6,12,8,3,0,3,0,0,0,0,0,0,0,0,0,0,0,0,1.0,1.0,1.0,0.0,0.0,0.0,1,0,0
5794,39,16,23,11,10,6,12,8,3,0,3,0,0,0,0,0,0,0,0,0,0,0,0,1.0,1.0,1.0,0.0,0.0,0.0,1,0,0
5795,39,16,23,8,13,6,12,8,3,0,3,0,0,0,0,0,0,0,0,0,0,0,0,1.0,1.0,1.0,0.0,0.0,0.0,1,0,0
5796,43,18,25,12,13,6,12,8,2,0,4,0,0,0,0,0,0,0,0,1,0,0,0,1.0,1.0,1.0,0.10256410256410256,0.10256410256410256,0.0,1,4,0
5797,43,18,25,12,13,6,12,8,2,0,3,0,0,0,0,0,0,0,0,0,0,0,0,1.0,1.0,1.0,0.0,0.0,0.0,1,0,0
5798,43,18,25,12,13,6,12,8,2,0,3,0,0,0,0,0,0,0,0,0,0,0,0,1.0,1.0,1.0,0.0,0.0,0.0,1,0,0
5799,43,18,25,12,13,6,12,8,2,0,3,0,0,0,0,0,0,0,0,0,0,0,0,1.0,1.0,1.0,0.0,0.0,0.0,1,0,0
5800,43,18,25,12,13,6,12,8,2,0,3,0,0,0,0,0,0,0,0,0,0,0,0,1.0,1.0,1.0,0.0,0.0,0.0,1,0,0
5801,43,18,25,12,13,6,12,8,2,0,3,0,0,0,0,0,0,0,0,0,0,0,0,1.0,1.0,1.0,0.0,0.0,0.0,1,0,0
5802,42,18,24,11,13,6,12,8,2,0,3,0,0,0,0,0,0,0,0,0,1,0,1,0.96,1.0,1.0,0.0,0.0,0.0,1,0,1
5803,42,18,24,11,13,5,13,9,2,0,3,0,0,0,0,0,0,0,0,0,0,0,0,1.0,1.0,1.0,0.0,0.0,0.0,1,0,0
5804,45,20,25,14,13,5,13,9,1,0,4,0,0,0,0,0,0,0,0,1,0,0,0,1.0,1.0,1.0,0.07142857142857142,0.07142857142857142,0.0,1,3,0
5805,45,20,25,14,13,5,13,9,1,0,4,0,0,0,0,0,0,0,0,0,0,0,0,1.0,1.0,1.0,0.0,0.0,0.0,1,0,0
5806,45,20,25,14,13,5,13,9,1,0,4,0,0,0,0,0,0,0,0,0,0,0,0,1.0,1.0,1.0,0.0,0.0,0.0,1,0,0
5807,45,20,25,14,13,5,13,9,1,0,4,0,0,0,0,0,0,0,0,0,0,0,0,1.0,1.0,1.0,0.0,0.0,0.0,1,0,0
5808,45,20,25,10,17,5,13,9,1,0,4,0,0,0,0,0,0,0,0,0,0,0,0,1.0,1.0,1.0,0.0,0.0,0.0,1,0,0
5809,45,20,25,10,17,5,13,9,1,0,4,0,0,0,0,0,0,0,0,0,0,0,0,1.0,1.0,1.0,0.0,0.0,0.0,1,0,0
5810,47,22,25,12,17,5,13,9,0,0,4,0,0,0,0,0,0,0,0,1,1,0,1,0.962962962962963,1.0,1.0,0.06666666666666667,0.06666666666666667,0.0,1,3,1
5811,47,22,25,12,17,5,13,9,0,0,4,0,0,0,0,0,0,0,0,0,0,0,0,1.0,1.0,1.0,0.0,0.0,0.0,1,0,0
5812,47,22,25,12,17,5,13,9,0,0,4,0,0,0,0,0,0,0,0,0,0,0,0,1.0,1.0,1.0,0.0,0.0,0.0,1,0,0
5813,47,22,25,12,17,5,13,9,0,0,4,0,0,0,0,0,0,0,0,0,0,0,0,1.0,1.0,1.0,0.0,0.0,0.0,1,0,0
5814,47,22,25,12,17,5,13,9,0,0,4,0,0,0,0,0,0,0,0,0,0,0,0,1.0,1.0,1.0,0.0,0.0,0.0,1,0,0
5815,46,21,25,12,16,5,13,9,0,0,4,0,0,0,0,0,0,0,0,0,1,2,1,0.9655172413793104,1.0,1.0,0.0,0.0,0.0,1,0,1
5816,46,21,25,12,16,5,13,9,0,0,4,0,0,0,0,0,0,0,0,0,0,0,0,1.0,1.0,1.0,0.0,0.0,0.0,1,0,0
5817,46,21,25,12,16,5,13,9,0,0,4,0,0,0,0,0,0,0,0,0,0,0,0,1.0,1.0,1.0,0.0,0.0,0.0,1,0,0
5818,46,21,25,12,16,5,13,9,0,0,4,0,0,0,0,0,0,0,0,0,0,0,0,1.0,1.0,1.0,0.0,0.0,0.0,1,0,0
5819,46,21,25,12,14,7,13,9,0,0,4,0,0,0,0,0,0,0,0,0,0,0,0,1.0,1.0,1.0,0.0,0.0,0.0,1,0,0
5820,46,21,25,12,14,7,13,9,0,0,4,0,0,0,0,0,0,0,0,0,0,0,0,1.0,1.0,1.0,0.0,0.0,0.0,1,0,0
5821,45,21,24,12,13,7,13,9,0,0,4,0,0,0,0,0,0,0,0,0,1,0,1,0.9615384615384616,1.0,1.0,0.0,0.0,0.0,1,0,1
5822,45,21,24,12,13,7,13,9,0,0,4,0,0,0,0,0,0,0,0,0,0,0,0,1.0,1.0,1.0,0.0,0.0,0.0,1,0,0
5823,45,21,24,12,13,7,13,9,0,0,4,0,0,0,0,0,0,0,0,0,0,0,0,1.0,1.0,1.0,0.0,0.0,0.0,1,0,0
5824,45,21,24,8,17,7,13,9,0,0,4,0,0,0,0,0,0,0,0,0,0,0,0,1.0,1.0,1.0,0.0,0.0,0.0,1,0,0
5825,45,21,24,8,17,7,13,9,0,0,4,0,0,0,0,0,0,0,0,0,0,0,0,1.0,1.0,1.0,0.0,0.0,0.0,1,0,0
5826,45,21,24,8,17,6,14,10,0,0,3,0,0,0,0,0,0,0,0,0,0,0,0,1.0,1.0,1.0,0.0,0.0,0.0,1,0,0
5827,45,21,24,8,17,6,14,10,0,0,3,0,0,0,0,0,0,0,0,0,0,0,0,1.0,1.0,1.0,0.0,0.0,0.0,1,0,0
5828,45,21,24,8,17,6,14,10,0,0,3,0,0,0,0,0,0,0,0,0,0,0,0,1.0,1.0,1.0,0.0,0.0,0.0,1,0,0
5829,45,21,24,8,17,6,14,10,0,0,3,0,0,0,0,0,0,0,0,0,0,0,0,1.0,1.0,1.0,0.0,0.0,0.0,1,0,0
5830,45,21,24,8,17,6,14,10,0,0,3,0,0,0,0,0,0,0,0,0,0,0,0,1.0,1.0,1.0,0.0,0.0,0.0,1,0,0
5831,45,21,24,8,17,6,14,10,0,0,3,0,0,0,0,0,0,0,0,0,0,0,0,1.0,1.0,1.0,0.0,0.0,0.0,1,0,0
5832,45,21,24,8,17,6,14,10,0,0,3,0,0,0,0,0,0,0,0,0,0,0,0,1.0,1.0,1.0,0.0,0.0,0.0,1,0,0
5833,45,21,24,8,17,6,14,10,0,0,3,0,0,0,0,0,0,0,0,0,0,0,0,1.0,1.0,1.0,0.0,0.0,0.0,1,0,0
5834,45,21,24,8,17,6,14,10,0,0,3,0,0,0,0,0,0,0,0,0,0,0,0,1.0,1.0,1.0,0.0,0.0,0.0,1,0,0
5835,44,20,24,7,17,6,14,10,0,0,3,0,0,0,0,0,0,0,0,0,1,0,1,0.96,1.0,1.0,0.0,0.0,0.0,1,0,1
5836,44,20,24,7,17,6,14,10,0,0,3,0,0,0,0,0,0,0,0,0,0,0,0,1.0,1.0,1.0,0.0,0.0,0.0,1,0,0
5837,44,20,24,7,17,6,14,10,0,0,3,0,0,0,0,0,0,0,0,0,0,0,0,1.0,1.0,1.0,0.0,0.0,0.0,1,0,0
5838,44,20,24,7,17,6,14,10,0,0,3,0,0,0,0,0,0,0,0,0,0,0,0,1.0,1.0,1.0,0.0,0.0,0.0,1,0,0
5839,44,20,24,4,20,6,14,10,0,0,3,0,0,0,0,0,0,0,0,0,0,0,0,1.0,1.0,1.0,0.0,0.0,0.0,1,0,0
5840,43,19,24,4,19,6,14,10,0,0,3,0,0,1,0,0,0,0,0,0,1,0,1,0.9583333333333334,1.0,1.0,0.0,0.0,0.0,1,0,1
5841,43,19,24,4,19,6,14,10,0,0,2,0,0,0,0,0,0,0,0,0,0,0,0,1.0,1.0,1.0,0.0,0.0,0.0,1,0,0
5842,42,18,24,4,18,6,14,10,0,0,2,0,0,1,0,0,0,0,0,0,1,0,1,0.9565217391304348,1.0,1.0,0.0,0.0,0.0,1,0,1
5843,41,17,24,4,17,6,14,10,0,0,2,0,0,1,0,0,0,0,0,0,1,0,1,0.9545454545454546,1.0,1.0,0.0,0.0,0.0,1,0,1
5844,39,15,24,3,17,5,14,10,0,0,2,0,0,1,0,0,0,0,0,0,1,0,1,0.9523809523809523,1.0,1.0,0.0,0.0,0.0,1,0,2
5845,38,14,24,3,17,4,14,10,0,0,2,0,0,1,0,0,0,0,0,0,0,0,1,1.0,1.0,1.0,0.0,0.0,0.0,1,0,1
5846,36,14,22,3,15,4,14,10,0,0,2,0,0,0,2,0,0,0,0,0,2,0,2,0.9,1.0,1.0,0.0,0.0,0.0,1,0,2
5847,36,14,22,1,17,3,15,11,0,0,2,0,0,0,0,0,0,0,0,0,0,0,0,1.0,1.0,1.0,0.0,0.0,0.0,1,0,0
5848,36,14,22,1,17,3,15,11,0,0,2,0,0,0,0,0,0,0,0,0,0,0,0,1.0,1.0,1.0,0.0,0.0,0.0,1,0,0
5849,36,14,22,1,17,3,15,11,0,0,1,0,0,0,0,0,0,0,0,0,0,0,0,1.0,1.0,1.0,0.0,0.0,0.0,1,0,0
5850,36,14,22,1,17,3,15,11,0,0,1,0,0,0,0,0,0,0,0,0,0,0,0,1.0,1.0,1.0,0.0,0.0,0.0,1,0,0
5851,36,14,22,1,17,3,15,11,0,0,1,0,0,0,0,0,0,0,0,0,0,0,0,1.0,1.0,1.0,0.0,0.0,0.0,1,0,0
5852,36,14,22,1,17,3,15,11,0,0,1,0,0,0,0,0,0,0,0,0,0,0,0,1.0,1.0,1.0,0.0,0.0,0.0,1,0,0
5853,36,14,22,0,18,3,15,11,0,0,1,0,0,0,0,0,0,0,0,0,0,0,0,1.0,1.0,1.0,0.0,0.0,0.0,1,0,0
5854,36,14,22,0,18,3,15,11,0,0,1,0,0,0,0,0,0,0,0,0,0,0,0,1.0,1.0,1.0,0.0,0.0,0.0,1,0,0
5855,36,14,22,0,18,3,15,11,0,0,0,0,0,0,0,0,0,0,0,0,0,0,0,1.0,1.0,1.0,0.0,0.0,0.0,1,0,0
5856,36,14,22,0,18,3,15,11,0,0,0,0,0,0,0,0,0,0,0,0,0,0,0,1.0,1.0,1.0,0.0,0.0,0.0,1,0,0
5857,36,14,22,0,18,3,15,11,0,0,0,0,0,0,0,0,0,0,0,0,0,0,0,1.0,1.0,1.0,0.0,0.0,0.0,1,0,0
5858,36,14,22,0,18,3,15,11,0,0,0,0,0,0,0,0,0,0,0,0,0,0,0,1.0,1.0,1.0,0.0,0.0,0.0,1,0,0
5859,36,14,22,0,18,3,15,11,0,0,0,0,0,0,0,0,0,0,0,0,0,0,0,1.0,1.0,1.0,0.0,0.0,0.0,1,0,0
5860,36,14,22,0,18,3,15,11,0,0,0,0,0,0,0,0,0,0,0,0,0,0,0,1.0,1.0,1.0,0.0,0.0,0.0,1,0,0
5861,36,14,22,0,18,3,15,11,0,0,0,0,0,0,0,0,0,0,0,0,0,2,0,1.0,1.0,1.0,0.0,0.0,0.0,1,0,0
5862,36,14,22,0,18,3,15,11,0,0,0,0,0,0,0,0,0,0,0,0,0,0,0,1.0,1.0,1.0,0.0,0.0,0.0,1,0,0
5863,36,14,22,0,18,3,15,11,0,0,0,0,0,0,0,0,0,0,0,0,0,0,0,1.0,1.0,1.0,0.0,0.0,0.0,1,0,0
5864,36,14,22,0,18,3,15,11,0,0,0,0,0,0,0,0,0,0,0,0,0,0,0,1.0,1.0,1.0,0.0,0.0,0.0,1,0,0
5865,36,14,22,0,16,5,15,11,0,0,0,0,0,0,0,0,0,0,0,0,0,1,0,1.0,1.0,1.0,0.0,0.0,0.0,1,0,0
5866,36,14,22,0,16,5,15,11,0,0,0,0,0,0,0,0,0,0,0,0,0,0,0,1.0,1.0,1.0,0.0,0.0,0.0,1,0,0
5867,36,14,22,0,16,5,15,11,0,0,0,0,0,0,0,0,0,0,0,0,0,0,0,1.0,1.0,1.0,0.0,0.0,0.0,1,0,0
5868,36,14,22,0,16,5,15,11,0,0,0,0,0,0,0,0,0,0,0,0,0,0,0,1.0,1.0,1.0,0.0,0.0,0.0,1,0,0
5869,36,14,22,0,15,6,15,11,0,0,0,0,0,0,0,0,0,0,0,0,0,0,0,1.0,1.0,1.0,0.0,0.0,0.0,1,0,0
5870,36,14,22,0,15,6,15,11,1,3,0,0,0,0,0,0,7,1,3,0,0,0,0,1.0,1.0,1.0,0.0,0.0,0.14285714285714285,1,0,0
5871,36,14,22,0,15,6,15,11,2,4,0,0,0,0,0,0,7,1,1,0,0,0,0,1.0,1.0,1.0,0.0,0.0,0.14285714285714285,1,0,0
5872,36,14,22,0,15,6,15,11,3,4,0,0,0,0,0,0,2,1,0,0,0,0,0,1.0,1.0,1.0,0.0,0.0,0.5,1,0,0
5873,36,14,22,0,15,6,15,11,3,5,0,0,0,0,0,0,2,0,1,0,0,0,0,1.0,1.0,1.0,0.0,0.0,0.0,1,0,0
5874,36,14,22,0,15,6,15,11,5,5,0,0,0,0,0,0,4,2,0,0,0,0,0,1.0,1.0,1.0,0.0,0.0,0.5,1,0,0
5875,36,14,22,0,15,6,15,11,5,5,0,0,0,0,0,0,0,0,0,0,0,0,0,1.0,1.0,1.0,0.0,0.0,0.0,1,0,0
5876,36,14,22,0,15,6,15,11,5,5,0,0,0,0,0,0,0,0,0,0,0,0,0,1.0,1.0,1.0,0.0,0.0,0.0,1,0,0
5877,36,14,22,0,15,6,15,11,5,5,0,0,0,0,0,0,0,0,0,0,0,0,0,1.0,1.0,1.0,0.0,0.0,0.0,1,0,0
5878,36,14,22,0,15,6,15,11,5,5,0,0,0,0,0,0,0,0,0,0,0,1,0,1.0,1.0,1.0,0.0,0.0,0.0,1,0,0
5879,36,14,22,0,15,6,15,11,5,5,0,0,0,0,0,0,0,0,0,0,0,0,0,1.0,1.0,1.0,0.0,0.0,0.0,1,0,0
5880,36,14,22,0,15,6,15,11,5,5,0,0,0,0,0,0,0,0,0,0,0,0,0,1.0,1.0,1.0,0.0,0.0,0.0,1,0,0
5881,36,14,22,0,15,6,15,11,5,5,0,0,0,0,0,0,0,0,0,0,0,0,0,1.0,1.0,1.0,0.0,0.0,0.0,1,0,0
5882,36,14,22,0,14,7,15,11,5,5,0,0,0,0,0,0,0,0,0,0,0,0,0,1.0,1.0,1.0,0.0,0.0,0.0,1,0,0
5883,36,14,22,0,14,7,15,11,6,5,0,0,0,0,0,0,4,1,0,0,0,0,0,1.0,1.0,1.0,0.0,0.0,0.25,1,0,0
5884,36,14,22,0,14,7,15,11,6,5,0,0,0,0,0,0,0,0,0,0,0,0,0,1.0,1.0,1.0,0.0,0.0,0.0,1,0,0
5885,36,14,22,0,14,7,15,11,6,5,0,0,0,0,0,0,0,0,0,0,0,0,0,1.0,1.0,1.0,0.0,0.0,0.0,1,0,0
5886,36,14,22,0,14,6,16,12,7,5,0,0,0,0,0,0,5,1,0,0,0,0,0,1.0,1.0,1.0,0.0,0.0,0.2,1,0,0
5887,36,14,22,0,14,6,16,12,7,5,0,0,0,0,0,0,0,0,0,0,0,0,0,1.0,1.0,1.0,0.0,0.0,0.0,1,0,0
5888,36,14,22,0,14,6,16,12,7,5,0,0,0,0,0,0,0,0,0,0,0,0,0,1.0,1.0,1.0,0.0,0.0,0.0,1,0,0
5889,36,14,22,0,14,6,16,12,7,5,0,0,0,0,0,0,0,0,0,0,0,0,0,1.0,1.0,1.0,0.0,0.0,0.0,1,0,0
5890,36,14,22,0,14,6,16,12,7,5,0,0,0,0,0,0,0,0,0,0,0,0,0,1.0,1.0,1.0,0.0,0.0,0.0,1,0,0
5891,36,14,22,0,14,6,16,12,7,5,0,0,0,0,0,0,0,0,0,0,0,0,0,1.0,1.0,1.0,0.0,0.0,0.0,1,0,0
5892,36,14,22,0,14,6,16,12,7,5,0,0,0,0,0,0,0,0,0,0,0,0,0,1.0,1.0,1.0,0.0,0.0,0.0,1,0,0
5893,36,14,22,0,14,6,16,12,7,5,0,0,0,0,0,0,0,0,0,0,0,0,0,1.0,1.0,1.0,0.0,0.0,0.0,1,0,0
5894,36,14,22,0,14,6,16,12,7,5,0,0,0,0,0,0,0,0,0,0,0,0,0,1.0,1.0,1.0,0.0,0.0,0.0,1,0,0
5895,36,14,22,0,14,6,16,12,7,5,0,0,0,0,0,0,0,0,0,0,0,0,0,1.0,1.0,1.0,0.0,0.0,0.0,1,0,0
5896,36,14,22,0,14,6,16,12,7,5,0,0,0,0,0,0,0,0,0,0,0,0,0,1.0,1.0,1.0,0.0,0.0,0.0,1,0,0
5897,36,14,22,0,14,6,16,12,7,5,0,0,0,0,0,0,0,0,0,0,0,0,0,1.0,1.0,1.0,0.0,0.0,0.0,1,0,0
5898,36,14,22,0,14,6,16,12,7,5,0,0,0,0,0,0,0,0,0,0,0,0,0,1.0,1.0,1.0,0.0,0.0,0.0,1,0,0
5899,36,14,22,0,14,6,16,12,7,5,0,0,0,0,0,0,0,0,0,0,0,0,0,1.0,1.0,1.0,0.0,0.0,0.0,1,0,0
5900,36,14,22,0,14,6,16,12,7,5,0,0,0,0,0,0,0,0,0,0,0,0,0,1.0,1.0,1.0,0.0,0.0,0.0,1,0,0
5901,36,14,22,0,14,6,16,12,7,5,0,0,0,0,0,0,0,0,0,0,0,0,0,1.0,1.0,1.0,0.0,0.0,0.0,1,0,0
5902,36,14,22,0,14,6,16,12,7,5,0,0,0,0,0,0,0,0,0,0,0,0,0,1.0,1.0,1.0,0.0,0.0,0.0,1,0,0
5903,36,14,22,0,14,6,16,12,7,5,0,0,0,0,0,0,0,0,0,0,0,0,0,1.0,1.0,1.0,0.0,0.0,0.0,1,0,0
5904,36,14,22,0,14,6,16,12,7,5,0,0,0,0,0,0,0,0,0,0,0,0,0,1.0,1.0,1.0,0.0,0.0,0.0,1,0,0
5905,36,14,22,0,14,6,16,12,7,5,0,0,0,0,0,0,0,0,0,0,0,0,0,1.0,1.0,1.0,0.0,0.0,0.0,1,0,0
5906,36,14,22,0,14,6,16,12,7,5,0,0,0,0,0,0,0,0,0,0,0,0,0,1.0,1.0,1.0,0.0,0.0,0.0,1,0,0
5907,36,14,22,0,14,6,16,12,7,5,0,0,0,0,0,0,0,0,0,0,0,0,0,1.0,1.0,1.0,0.0,0.0,0.0,1,0,0
5908,36,14,22,0,14,6,16,12,7,5,0,0,0,0,0,0,0,0,0,0,0,0,0,1.0,1.0,1.0,0.0,0.0,0.0,1,0,0
5909,36,14,22,0,14,6,16,12,7,5,0,0,0,0,0,0,0,0,0,0,0,0,0,1.0,1.0,1.0,0.0,0.0,0.0,1,0,0
5910,35,13,22,0,13,6,16,12,7,5,0,0,0,0,0,0,0,0,0,0,1,0,1,0.9285714285714286,1.0,1.0,0.0,0.0,0.0,1,0,1
5911,35,13,22,0,13,6,16,12,7,5,0,0,0,0,0,0,0,0,0,0,0,0,0,1.0,1.0,1.0,0.0,0.0,0.0,1,0,0
5912,35,13,22,0,13,6,16,12,7,5,0,0,0,0,0,0,0,0,0,0,0,0,0,1.0,1.0,1.0,0.0,0.0,0.0,1,0,0
5913,34,13,21,0,13,5,16,12,7,5,0,0,0,0,0,0,0,0,0,0,0,0,0,1.0,1.0,1.0,0.0,0.0,0.0,1,0,1
5914,34,13,21,0,13,5,16,12,7,5,0,0,0,0,0,0,0,0,0,0,0,0,0,1.0,1.0,1.0,0.0,0.0,0.0,1,0,0
5915,34,13,21,0,13,5,16,12,7,2,0,0,0,0,0,0,0,0,0,0,0,0,0,1.0,1.0,1.0,0.0,0.0,0.0,1,0,0
5916,34,13,21,0,13,5,16,12,7,2,0,0,0,0,0,0,7,0,1,0,0,0,0,1.0,1.0,1.0,0.0,0.0,0.0,1,0,0
5917,34,13,21,0,13,5,16,12,8,2,0,0,0,0,0,0,7,1,0,0,0,0,0,1.0,1.0,1.0,0.0,0.0,0.14285714285714285,1,0,0
5918,34,13,21,0,13,5,16,12,9,1,0,0,0,0,0,0,1,1,0,0,0,0,0,1.0,1.0,1.0,0.0,0.0,1.0,1,0,0
5919,34,13,21,0,13,5,16,12,10,1,0,0,0,0,0,0,8,1,0,0,0,1,0,1.0,1.0,1.0,0.0,0.0,0.125,1,0,0
5920,34,13,21,0,13,5,16,12,11,1,0,0,0,0,0,0,6,1,0,0,0,0,0,1.0,1.0,1.0,0.0,0.0,0.16666666666666666,1,0,0
5921,34,13,21,0,13,5,16,12,11,1,0,0,0,0,0,0,0,0,0,0,0,0,0,1.0,1.0,1.0,0.0,0.0,0.0,1,0,0
5922,34,13,21,0,13,5,16,12,11,1,0,0,0,0,0,0,0,0,0,0,0,0,0,1.0,1.0,1.0,0.0,0.0,0.0,1,0,0
5923,34,13,21,0,12,6,16,12,11,1,0,0,0,0,0,0,0,0,0,0,0,0,0,1.0,1.0,1.0,0.0,0.0,0.0,1,0,0
5924,34,13,21,0,12,6,16,12,11,1,0,0,0,0,0,0,0,0,0,0,0,0,0,1.0,1.0,1.0,0.0,0.0,0.0,1,0,0
5925,34,13,21,0,12,6,16,12,11,1,0,0,0,0,0,0,0,0,0,0,0,0,0,1.0,1.0,1.0,0.0,0.0,0.0,1,0,0
5926,34,13,21,0,12,6,16,12,11,1,0,0,0,0,0,0,0,0,0,0,0,0,0,1.0,1.0,1.0,0.0,0.0,0.0,1,0,0
5927,34,13,21,0,12,6,16,12,11,1,0,0,0,0,0,0,0,0,0,0,0,0,0,1.0,1.0,1.0,0.0,0.0,0.0,1,0,0
5928,34,13,21,0,12,6,16,12,11,1,0,0,0,0,0,0,0,0,0,0,0,0,0,1.0,1.0,1.0,0.0,0.0,0.0,1,0,0
5929,34,13,21,0,12,6,16,12,11,1,0,0,0,0,0,0,0,0,0,0,0,0,0,1.0,1.0,1.0,0.0,0.0,0.0,1,0,0
5930,34,13,21,0,12,6,16,12,11,1,0,0,0,0,0,0,0,0,0,0,0,0,0,1.0,1.0,1.0,0.0,0.0,0.0,1,0,0
5931,34,13,21,0,12,6,16,12,11,1,0,0,0,0,0,0,0,0,0,0,0,0,0,1.0,1.0,1.0,0.0,0.0,0.0,1,0,0
5932,34,13,21,0,12,6,16,12,11,1,0,0,0,0,0,0,0,0,0,0,0,1,0,1.0,1.0,1.0,0.0,0.0,0.0,1,0,0
5933,34,13,21,0,12,6,16,12,11,1,0,0,0,0,0,0,0,0,0,0,0,0,0,1.0,1.0,1.0,0.0,0.0,0.0,1,0,0
5934,32,11,21,0,12,5,15,12,11,1,0,0,0,2,0,0,0,0,0,0,0,0,2,1.0,0.75,1.0,0.0,0.0,0.0,1,0,2
5935,35,14,21,4,11,5,15,12,10,1,1,0,0,1,0,0,0,0,0,1,1,0,1,0.9166666666666666,1.0,1.0,0.125,0.125,0.0,1,4,1
5936,38,14,24,8,9,6,15,12,9,1,2,0,0,1,0,0,0,0,0,1,1,0,1,0.9285714285714286,1.0,1.0,0.11428571428571428,0.11428571428571428,0.0,1,4,1
5937,41,15,26,11,9,6,15,12,8,1,3,0,0,0,1,0,0,0,0,1,1,0,1,0.9411764705882353,1.0,1.0,0.10526315789473684,0.10526315789473684,0.0,1,4,1
5938,39,15,24,11,9,6,13,10,7,1,2,0,0,0,2,0,0,0,0,0,0,0,2,1.0,1.0,0.8333333333333334,0.0,0.0,0.0,1,0,2
5939,43,18,25,15,9,6,13,10,6,1,3,0,0,0,0,0,0,0,0,1,0,0,0,1.0,1.0,1.0,0.10256410256410256,0.10256410256410256,0.0,1,4,0
5940,43,18,25,15,9,6,13,10,6,1,3,0,0,0,0,0,0,0,0,0,0,0,0,1.0,1.0,1.0,0.0,0.0,0.0,1,0,0
5941,43,18,25,15,9,6,13,10,6,1,3,0,0,0,0,0,0,0,0,0,0,0,0,1.0,1.0,1.0,0.0,0.0,0.0,1,0,0
5942,43,18,25,15,9,6,13,10,6,1,3,0,0,0,0,0,0,0,0,0,0,0,0,1.0,1.0,1.0,0.0,0.0,0.0,1,0,0
5943,43,18,25,15,9,6,13,10,6,1,3,0,0,0,0,0,0,0,0,0,0,0,0,1.0,1.0,1.0,0.0,0.0,0.0,1,0,0
5944,43,18,25,15,9,6,13,10,6,1,3,0,0,0,0,0,0,0,0,0,0,0,0,1.0,1.0,1.0,0.0,0.0,0.0,1,0,0
5945,43,18,25,15,9,6,13,10,6,1,3,0,0,0,0,0,0,0,0,0,0,2,0,1.0,1.0,1.0,0.0,0.0,0.0,1,0,0
5946,43,18,25,15,9,6,13,10,6,1,3,0,0,0,0,0,0,0,0,0,0,0,0,1.0,1.0,1.0,0.0,0.0,0.0,1,0,0
5947,43,18,25,15,9,6,13,10,6,1,3,0,0,0,0,0,0,0,0,0,0,0,0,1.0,1.0,1.0,0.0,0.0,0.0,1,0,0
5948,47,20,27,19,9,6,13,10,5,1,4,0,0,0,0,0,0,0,0,1,0,0,0,1.0,1.0,1.0,0.09302325581395349,0.09302325581395349,0.0,1,4,0
5949,47,20,27,19,7,8,13,10,5,1,4,0,0,0,0,0,0,0,0,0,0,0,0,1.0,1.0,1.0,0.0,0.0,0.0,1,0,0
5950,47,20,27,19,7,8,13,10,5,1,4,0,0,0,0,0,0,0,0,0,0,0,0,1.0,1.0,1.0,0.0,0.0,0.0,1,0,0
5951,51,22,29,23,7,8,13,10,4,1,5,0,0,0,0,0,0,0,0,1,0,0,0,1.0,1.0,1.0,0.0851063829787234,0.0851063829787234,0.0,1,4,0
5952,51,22,29,23,7,8,13,10,4,1,5,0,0,0,0,0,0,0,0,0,0,0,0,1.0,1.0,1.0,0.0,0.0,0.0,1,0,0
5953,51,22,29,23,7,8,13,10,4,1,5,0,0,0,0,0,0,0,0,0,0,0,0,1.0,1.0,1.0,0.0,0.0,0.0,1,0,0
5954,50,21,29,22,7,7,14,10,4,1,5,0,0,0,0,0,0,0,0,0,1,0,1,0.9666666666666667,1.0,1.0,0.0,0.0,0.0,1,0,1
5955,50,21,29,22,7,7,14,10,4,1,5,0,0,0,0,0,0,0,0,0,0,0,0,1.0,1.0,1.0,0.0,0.0,0.0,1,0,0
5956,49,21,28,22,6,7,14,10,4,1,5,0,0,0,0,0,0,0,0,0,1,0,1,0.9655172413793104,1.0,1.0,0.0,0.0,0.0,1,0,1
5957,49,21,28,22,6,7,14,10,4,1,5,0,0,0,0,0,0,0,0,0,0,0,0,1.0,1.0,1.0,0.0,0.0,0.0,1,0,0
5958,49,21,28,22,6,7,14,10,4,1,5,0,0,0,0,0,0,0,0,0,0,0,0,1.0,1.0,1.0,0.0,0.0,0.0,1,0,0
5959,49,21,28,22,6,7,14,10,4,1,5,0,0,0,0,0,0,0,0,0,0,0,0,1.0,1.0,1.0,0.0,0.0,0.0,1,0,0
5960,49,21,28,22,6,7,14,10,4,1,5,0,0,0,0,0,0,0,0,0,0,0,0,1.0,1.0,1.0,0.0,0.0,0.0,1,0,0
5961,49,21,28,22,6,7,14,10,4,0,5,0,0,0,0,0,0,0,0,0,0,2,0,1.0,1.0,1.0,0.0,0.0,0.0,1,0,0
5962,48,20,28,21,6,7,14,10,5,0,5,0,0,0,0,0,5,1,0,0,1,0,1,0.9642857142857143,1.0,1.0,0.0,0.0,0.2,1,0,1
5963,48,20,28,21,6,7,14,10,5,0,5,0,0,0,0,0,0,0,0,0,0,0,0,1.0,1.0,1.0,0.0,0.0,0.0,1,0,0
5964,48,20,28,21,6,7,14,10,5,0,5,0,0,0,0,0,0,0,0,0,0,0,0,1.0,1.0,1.0,0.0,0.0,0.0,1,0,0
5965,48,20,28,21,4,9,14,10,5,0,5,0,0,0,0,0,0,0,0,0,0,0,0,1.0,1.0,1.0,0.0,0.0,0.0,1,0,0
5966,48,20,28,21,4,9,14,10,5,0,5,0,0,0,0,0,0,0,0,0,0,0,0,1.0,1.0,1.0,0.0,0.0,0.0,1,0,0
5967,48,20,28,21,4,9,14,10,5,0,5,0,0,0,0,0,0,0,0,0,0,0,0,1.0,1.0,1.0,0.0,0.0,0.0,1,0,0
5968,48,20,28,21,4,9,14,10,5,0,5,0,0,0,0,0,0,0,0,0,0,0,0,1.0,1.0,1.0,0.0,0.0,0.0,1,0,0
5969,48,20,28,21,4,9,14,10,5,0,5,0,0,0,0,0,0,0,0,0,0,0,0,1.0,1.0,1.0,0.0,0.0,0.0,1,0,0
5970,46,20,26,20,4,8,14,10,5,0,5,0,0,0,0,0,0,0,0,0,1,0,1,0.96,1.0,1.0,0.0,0.0,0.0,1,0,2
5971,46,20,26,20,4,8,14,10,5,0,5,0,0,0,0,0,0,0,0,0,0,0,0,1.0,1.0,1.0,0.0,0.0,0.0,1,0,0
5972,46,20,26,20,4,8,14,10,5,0,5,0,0,0,0,0,0,0,0,0,0,0,0,1.0,1.0,1.0,0.0,0.0,0.0,1,0,0
5973,46,20,26,20,4,8,14,10,5,0,5,0,0,0,0,0,0,0,0,0,0,0,0,1.0,1.0,1.0,0.0,0.0,0.0,1,0,0
5974,46,20,26,20,4,8,14,10,5,0,5,0,0,0,0,0,0,0,0,0,0,0,0,1.0,1.0,1.0,0.0,0.0,0.0,1,0,0
5975,46,20,26,20,4,8,14,10,5,0,5,0,0,0,0,0,0,0,0,0,0,0,0,1.0,1.0,1.0,0.0,0.0,0.0,1,0,0
5976,46,20,26,20,4,8,14,10,5,0,5,0,0,0,0,0,0,0,0,0,0,2,0,1.0,1.0,1.0,0.0,0.0,0.0,1,0,0
5977,46,20,26,20,4,8,14,10,5,0,5,0,0,0,0,0,0,0,0,0,0,0,0,1.0,1.0,1.0,0.0,0.0,0.0,1,0,0
5978,46,20,26,17,7,8,14,10,5,0,5,0,0,0,0,0,0,0,0,0,0,0,0,1.0,1.0,1.0,0.0,0.0,0.0,1,0,0
5979,46,20,26,16,8,8,14,10,5,0,5,0,0,0,0,0,0,0,0,0,0,0,0,1.0,1.0,1.0,0.0,0.0,0.0,1,0,0
5980,46,20,26,12,10,10,14,10,5,0,4,0,0,0,0,0,0,0,0,0,0,0,0,1.0,1.0,1.0,0.0,0.0,0.0,1,0,0
5981,46,20,26,12,10,10,14,10,6,0,4,0,0,0,0,0,6,1,0,0,0,0,0,1.0,1.0,1.0,0.0,0.0,0.16666666666666666,1,0,0
5982,49,23,26,11,14,10,14,10,5,0,4,0,0,0,0,0,0,0,0,1,1,0,1,0.9545454545454546,1.0,1.0,0.08695652173913043,0.08695652173913043,0.0,1,4,1
5983,51,25,26,14,13,10,14,10,5,0,5,0,0,0,0,0,4,1,0,1,1,0,1,0.96,1.0,1.0,0.061224489795918366,0.061224489795918366,0.25,1,3,1
5984,54,28,26,17,13,10,14,10,4,0,5,0,0,0,0,0,0,0,0,1,0,1,0,1.0,1.0,1.0,0.058823529411764705,0.058823529411764705,0.0,1,3,0
5985,57,30,27,20,13,10,14,10,4,0,6,0,0,0,0,0,7,1,0,1,0,0,0,1.0,1.0,1.0,0.05555555555555555,0.05555555555555555,0.14285714285714285,1,3,0
5986,56,29,27,19,13,10,14,10,4,0,6,0,0,0,0,0,0,0,0,0,1,0,1,0.9696969696969697,1.0,1.0,0.0,0.0,0.0,1,0,1
5987,55,29,26,18,13,10,14,10,4,0,6,0,0,0,0,0,0,0,0,0,1,0,1,0.96875,1.0,1.0,0.0,0.0,0.0,1,0,1
5988,55,29,26,18,12,11,14,10,4,0,6,0,0,0,0,0,0,0,0,0,0,0,0,1.0,1.0,1.0,0.0,0.0,0.0,1,0,0
5989,55,29,26,18,12,11,14,10,4,0,6,0,0,0,0,0,0,0,0,0,0,0,0,1.0,1.0,1.0,0.0,0.0,0.0,1,0,0
5990,55,29,26,18,12,11,14,10,4,0,6,0,0,0,0,0,0,0,0,0,0,1,0,1.0,1.0,1.0,0.0,0.0,0.0,1,0,0
5991,55,29,26,14,16,11,14,10,4,0,6,0,0,0,0,0,0,0,0,0,0,0,0,1.0,1.0,1.0,0.0,0.0,0.0,1,0,0
5992,55,29,26,14,16,11,14,10,4,0,6,0,0,0,0,0,0,0,0,0,0,0,0,1.0,1.0,1.0,0.0,0.0,0.0,1,0,0
5993,55,29,26,14,16,11,14,10,4,0,5,0,0,0,0,0,0,0,0,0,0,0,0,1.0,1.0,1.0,0.0,0.0,0.0,1,0,0
5994,52,28,24,12,14,12,14,10,5,0,5,0,0,0,0,0,8,1,0,0,3,0,3,0.896551724137931,1.0,1.0,0.0,0.0,0.125,1,0,3
5995,52,28,24,12,14,12,14,10,5,0,5,0,0,0,0,0,0,0,0,0,0,0,0,1.0,1.0,1.0,0.0,0.0,0.0,1,0,0
5996,51,27,24,12,13,12,14,10,5,0,4,0,0,0,0,0,0,0,0,0,1,0,1,0.9615384615384616,1.0,1.0,0.0,0.0,0.0,1,0,1
5997,50,26,24,12,12,12,14,10,6,0,4,0,0,0,0,0,7,1,0,0,1,0,1,0.96,1.0,1.0,0.0,0.0,0.14285714285714285,1,0,1
5998,50,26,24,12,12,12,14,10,6,0,4,0,0,0,0,0,0,0,0,0,0,0,0,1.0,1.0,1.0,0.0,0.0,0.0,1,0,0
5999,50,26,24,12,12,12,14,10,6,0,4,0,0,0,0,0,0,0,0,0,0,0,0,1.0,1.0,1.0,0.0,0.0,0.0,1,0,0
6000,50,26,24,12,12,12,14,10,6,0,4,0,0,0,0,0,0,0,0,0,0,0,0,1.0,1.0,1.0,0.0,0.0,0.0,1,0,0
