day,N_tot,N_male,N_female,N_kitten,N_young_juv,N_older_juv,N_adult,N_adult_female,N_pregnant,N_pseudo_pregnant,N_nursing,N_treated_male,N_treated_female,daily_capture_male,daily_capture_female,daily_active_units,daily_mating,daily_pregnancy,daily_pseudo_pregnancy,daily_litter,daily_early_death,daily_early_survived,daily_preventable_death,P_sv_baby,P_sv_adult_male,P_sv_adult_female,r_birth,r_death,rate_pregnancy,nonempty_units,daily_births,daily_deaths
1,50,25,25,18,11,8,13,8,0,0,0,0,0,0,0,0,0,0,0,0,0,0,0,1.0,1.0,1.0,0.0,0.0,0.0,5,0,0
2,50,25,25,18,11,8,13,8,0,0,0,0,0,0,0,0,0,0,0,0,0,0,0,1.0,1.0,1.0,0.0,0.0,0.0,5,0,0
3,50,25,25,18,11,8,13,8,0,0,0,0,0,0,0,0,0,0,0,0,0,0,0,1.0,1.0,1.0,0.0,0.0,0.0,5,0,0
4,49,24,25,18,10,8,13,8,0,0,0,0,0,0,0,0,0,0,0,0,1,0,1,0.9655172413793104,1.0,1.0,0.0,0.0,0.0,5,0,1
5,49,24,25,18,10,8,13,8,0,0,0,0,0,0,0,0,0,0,0,0,0,0,0,1.0,1.0,1.0,0.0,0.0,0.0,5,0,0
6,49,24,25,18,10,8,13,8,0,0,0,0,0,0,0,0,0,0,0,0,0,0,0,1.0,1.0,1.0,0.0,0.0,0.0,5,0,0
7,49,24,25,17,11,7,14,8,0,0,0,0,0,0,0,0,0,0,0,0,0,0,0,1.0,1.0,1.0,0.0,0.0,0.0,5,0,0
8,49,24,25,17,11,7,14,8,0,0,0,0,0,0,0,0,0,0,0,0,0,0,0,1.0,1.0,1.0,0.0,0.0,0.0,5,0,0
9,49,24,25,17,11,7,14,8,0,0,0,0,0,0,0,0,0,0,0,0,0,0,0,1.0,1.0,1.0,0.0,0.0,0.0,5,0,0
10,49,24,25,16,12,7,14,8,0,0,0,0,0,0,0,0,0,0,0,0,0,0,0,1.0,1.0,1.0,0.0,0.0,0.0,5,0,0
11,49,24,25,16,12,7,14,8,0,0,0,0,0,0,0,0,0,0,0,0,0,1,0,1.0,1.0,1.0,0.0,0.0,0.0,5,0,0
12,49,24,25,15,13,7,14,8,0,0,0,0,0,0,0,0,0,0,0,0,0,1,0,1.0,1.0,1.0,0.0,0.0,0.0,5,0,0
13,49,24,25,15,13,7,14,8,0,0,0,0,0,0,0,0,0,0,0,0,0,0,0,1.0,1.0,1.0,0.0,0.0,0.0,5,0,0
14,48,23,25,14,13,7,14,8,0,0,0,0,0,0,0,0,0,0,0,0,1,0,1,0.9642857142857143,1.0,1.0,0.0,0.0,0.0,5,0,1
15,48,23,25,13,13,8,14,8,0,0,0,0,0,0,0,0,0,0,0,0,0,1,0,1.0,1.0,1.0,0.0,0.0,0.0,5,0,0
16,48,23,25,12,13,9,14,8,0,0,0,0,0,0,0,0,0,0,0,0,0,0,0,1.0,1.0,1.0,0.0,0.0,0.0,5,0,0
17,47,23,24,12,12,9,14,8,0,0,0,0,0,0,0,0,0,0,0,0,1,0,1,0.96,1.0,1.0,0.0,0.0,0.0,5,0,1
18,47,23,24,12,12,9,14,8,0,0,0,0,0,0,0,0,0,0,0,0,0,0,0,1.0,1.0,1.0,0.0,0.0,0.0,5,0,0
19,47,23,24,12,11,10,14,8,0,0,0,0,0,0,0,0,0,0,0,0,0,0,0,1.0,1.0,1.0,0.0,0.0,0.0,5,0,0
20,47,23,24,11,12,10,14,8,0,0,0,0,0,0,0,0,0,0,0,0,0,0,0,1.0,1.0,1.0,0.0,0.0,0.0,5,0,0
21,47,23,24,11,12,10,14,8,0,0,0,0,0,0,0,0,0,0,0,0,0,0,0,1.0,1.0,1.0,0.0,0.0,0.0,5,0,0
22,47,23,24,11,12,10,14,8,0,0,0,0,0,0,0,0,0,0,0,0,0,0,0,1.0,1.0,1.0,0.0,0.0,0.0,5,0,0
23,47,23,24,10,13,10,14,8,0,0,0,0,0,0,0,0,0,0,0,0,0,0,0,1.0,1.0,1.0,0.0,0.0,0.0,5,0,0
24,47,23,24,10,13,10,14,8,0,0,0,0,0,0,0,0,0,0,0,0,0,0,0,1.0,1.0,1.0,0.0,0.0,0.0,5,0,0
25,47,23,24,9,14,10,14,8,0,0,0,0,0,0,0,0,0,0,0,0,0,0,0,1.0,1.0,1.0,0.0,0.0,0.0,5,0,0
26,47,23,24,9,14,10,14,8,0,0,0,0,0,0,0,0,0,0,0,0,0,1,0,1.0,1.0,1.0,0.0,0.0,0.0,5,0,0
27,47,23,24,9,14,10,14,8,0,0,0,0,0,0,0,0,0,0,0,0,0,0,0,1.0,1.0,1.0,0.0,0.0,0.0,5,0,0
28,47,23,24,7,16,10,14,8,0,0,0,0,0,0,0,0,0,0,0,0,0,0,0,1.0,1.0,1.0,0.0,0.0,0.0,5,0,0
29,46,22,24,6,17,9,14,8,0,0,0,0,0,0,0,0,0,0,0,0,0,0,0,1.0,1.0,1.0,0.0,0.0,0.0,5,0,1
30,46,22,24,5,17,10,14,8,6,0,0,0,0,0,0,0,22,6,0,0,0,0,0,1.0,1.0,1.0,0.0,0.0,0.2727272727272727,5,0,0
31,46,22,24,5,17,10,14,8,7,0,0,0,0,0,0,0,7,1,0,0,0,0,0,1.0,1.0,1.0,0.0,0.0,0.14285714285714285,5,0,0
32,46,22,24,4,18,10,14,8,8,0,0,0,0,0,0,0,8,1,0,0,0,0,0,1.0,1.0,1.0,0.0,0.0,0.125,5,0,0
33,46,22,24,3,19,10,14,8,8,0,0,0,0,0,0,0,0,0,0,0,0,0,0,1.0,1.0,1.0,0.0,0.0,0.0,5,0,0
34,46,22,24,2,20,10,14,8,8,0,0,0,0,0,0,0,0,0,0,0,0,0,0,1.0,1.0,1.0,0.0,0.0,0.0,5,0,0
35,46,22,24,2,20,9,15,8,8,0,0,0,0,0,0,0,0,0,0,0,0,0,0,1.0,1.0,1.0,0.0,0.0,0.0,5,0,0
36,46,22,24,2,20,9,15,8,8,0,0,0,0,0,0,0,0,0,0,0,0,0,0,1.0,1.0,1.0,0.0,0.0,0.0,5,0,0
37,46,22,24,2,20,9,15,8,8,0,0,0,0,0,0,0,0,0,0,0,0,0,0,1.0,1.0,1.0,0.0,0.0,0.0,5,0,0
38,46,22,24,2,20,9,15,8,8,0,0,0,0,0,0,0,0,0,0,0,0,0,0,1.0,1.0,1.0,0.0,0.0,0.0,5,0,0
39,46,22,24,2,20,9,15,8,8,0,0,0,0,0,0,0,0,0,0,0,0,0,0,1.0,1.0,1.0,0.0,0.0,0.0,5,0,0
40,46,22,24,2,20,9,15,8,8,0,0,0,0,0,0,0,0,0,0,0,0,0,0,1.0,1.0,1.0,0.0,0.0,0.0,5,0,0
41,45,22,23,2,19,9,15,8,8,0,0,0,0,0,0,0,0,0,0,0,1,0,1,0.9545454545454546,1.0,1.0,0.0,0.0,0.0,5,0,1
42,45,22,23,2,19,9,15,8,8,0,0,0,0,0,0,0,0,0,0,0,0,0,0,1.0,1.0,1.0,0.0,0.0,0.0,5,0,0
43,45,22,23,0,21,9,15,8,8,0,0,0,0,0,0,0,0,0,0,0,0,1,0,1.0,1.0,1.0,0.0,0.0,0.0,5,0,0
44,45,22,23,0,21,9,15,8,8,0,0,0,0,0,0,0,0,0,0,0,0,0,0,1.0,1.0,1.0,0.0,0.0,0.0,5,0,0
45,44,22,22,0,20,9,15,8,8,0,0,0,0,0,0,0,0,0,0,0,1,0,1,0.9523809523809523,1.0,1.0,0.0,0.0,0.0,5,0,1
46,44,22,22,0,20,9,15,8,8,0,0,0,0,0,0,0,0,0,0,0,0,0,0,1.0,1.0,1.0,0.0,0.0,0.0,5,0,0
47,44,22,22,0,19,10,15,8,8,0,0,0,0,0,0,0,0,0,0,0,0,0,0,1.0,1.0,1.0,0.0,0.0,0.0,5,0,0
48,44,22,22,0,19,10,15,8,8,0,0,0,0,0,0,0,0,0,0,0,0,0,0,1.0,1.0,1.0,0.0,0.0,0.0,5,0,0
49,44,22,22,0,19,10,15,8,8,0,0,0,0,0,0,0,0,0,0,0,0,0,0,1.0,1.0,1.0,0.0,0.0,0.0,5,0,0
50,44,22,22,0,19,10,15,8,8,0,0,0,0,0,0,0,0,0,0,0,0,0,0,1.0,1.0,1.0,0.0,0.0,0.0,5,0,0
51,44,22,22,0,19,10,15,8,8,0,0,0,0,0,0,0,0,0,0,0,0,0,0,1.0,1.0,1.0,0.0,0.0,0.0,5,0,0
52,44,22,22,0,19,10,15,8,8,0,0,0,0,0,0,0,0,0,0,0,0,1,0,1.0,1.0,1.0,0.0,0.0,0.0,5,0,0
53,44,22,22,0,19,10,15,8,8,0,0,0,0,0,0,0,0,0,0,0,0,0,0,1.0,1.0,1.0,0.0,0.0,0.0,5,0,0
54,43,21,22,0,19,9,15,8,8,0,0,0,0,0,0,0,0,0,0,0,0,0,0,1.0,1.0,1.0,0.0,0.0,0.0,5,0,1
55,43,21,22,0,19,9,15,8,8,0,0,0,0,0,0,0,0,0,0,0,0,0,0,1.0,1.0,1.0,0.0,0.0,0.0,5,0,0
56,43,21,22,0,18,10,15,8,8,0,0,0,0,0,0,0,0,0,0,0,0,0,0,1.0,1.0,1.0,0.0,0.0,0.0,5,0,0
57,43,21,22,0,18,10,15,8,8,0,0,0,0,0,0,0,0,0,0,0,0,0,0,1.0,1.0,1.0,0.0,0.0,0.0,5,0,0
58,43,21,22,0,18,10,15,8,8,0,0,0,0,0,0,0,0,0,0,0,0,0,0,1.0,1.0,1.0,0.0,0.0,0.0,5,0,0
59,43,21,22,0,18,10,15,8,8,0,0,0,0,0,0,0,0,0,0,0,0,0,0,1.0,1.0,1.0,0.0,0.0,0.0,5,0,0
60,42,21,21,0,18,10,14,7,7,0,0,0,0,0,0,0,0,0,0,0,0,0,0,1.0,1.0,0.875,0.0,0.0,0.0,5,0,1
61,42,21,21,0,18,10,14,7,7,0,0,0,0,0,0,0,0,0,0,0,0,0,0,1.0,1.0,1.0,0.0,0.0,0.0,5,0,0
62,42,21,21,0,18,10,14,7,7,0,0,0,0,0,0,0,0,0,0,0,0,0,0,1.0,1.0,1.0,0.0,0.0,0.0,5,0,0
63,42,21,21,0,18,10,14,7,7,0,0,0,0,0,0,0,0,0,0,0,0,0,0,1.0,1.0,1.0,0.0,0.0,0.0,5,0,0
64,42,21,21,0,18,9,15,8,7,0,0,0,0,0,0,0,0,0,0,0,0,0,0,1.0,1.0,1.0,0.0,0.0,0.0,5,0,0
65,42,21,21,0,18,9,15,8,7,0,0,0,0,0,0,0,0,0,0,0,0,0,0,1.0,1.0,1.0,0.0,0.0,0.0,5,0,0
66,42,21,21,0,18,9,15,8,7,0,0,0,0,0,0,0,0,0,0,0,0,0,0,1.0,1.0,1.0,0.0,0.0,0.0,5,0,0
67,42,21,21,0,18,9,15,8,7,0,0,0,0,0,0,0,0,0,0,0,0,0,0,1.0,1.0,1.0,0.0,0.0,0.0,5,0,0
68,42,21,21,0,18,9,15,8,7,0,0,0,0,0,0,0,0,0,0,0,0,0,0,1.0,1.0,1.0,0.0,0.0,0.0,5,0,0
69,42,21,21,0,18,9,15,8,8,0,0,0,0,0,0,0,6,1,0,0,0,0,0,1.0,1.0,1.0,0.0,0.0,0.16666666666666666,5,0,0
70,42,21,21,0,18,9,15,8,8,0,0,0,0,0,0,0,0,0,0,0,0,0,0,1.0,1.0,1.0,0.0,0.0,0.0,5,0,0
71,42,21,21,0,18,9,15,8,8,0,0,0,0,0,0,0,0,0,0,0,0,0,0,1.0,1.0,1.0,0.0,0.0,0.0,5,0,0
72,40,21,19,0,16,9,15,8,8,0,0,0,0,0,0,0,0,0,0,0,2,0,2,0.8888888888888888,1.0,1.0,0.0,0.0,0.0,5,0,2
73,40,21,19,0,16,8,16,9,9,0,0,0,0,0,0,0,7,1,0,0,0,0,0,1.0,1.0,1.0,0.0,0.0,0.14285714285714285,5,0,0
74,40,21,19,0,16,8,16,9,9,0,0,0,0,0,0,0,0,0,0,0,0,0,0,1.0,1.0,1.0,0.0,0.0,0.0,5,0,0
75,40,21,19,0,16,8,16,9,9,0,0,0,0,0,0,0,0,0,0,0,0,0,0,1.0,1.0,1.0,0.0,0.0,0.0,5,0,0
76,40,21,19,0,16,8,16,9,9,0,0,0,0,0,0,0,0,0,0,0,0,0,0,1.0,1.0,1.0,0.0,0.0,0.0,5,0,0
77,40,21,19,0,16,8,16,9,9,0,0,0,0,0,0,0,0,0,0,0,0,0,0,1.0,1.0,1.0,0.0,0.0,0.0,5,0,0
78,40,21,19,0,16,8,16,9,9,0,0,0,0,0,0,0,0,0,0,0,0,0,0,1.0,1.0,1.0,0.0,0.0,0.0,5,0,0
79,40,21,19,0,16,8,16,9,9,0,0,0,0,0,0,0,0,0,0,0,0,0,0,1.0,1.0,1.0,0.0,0.0,0.0,5,0,0
80,40,21,19,0,16,8,16,9,9,0,0,0,0,0,0,0,0,0,0,0,0,0,0,1.0,1.0,1.0,0.0,0.0,0.0,5,0,0
81,40,21,19,0,16,8,16,9,9,0,0,0,0,0,0,0,0,0,0,0,0,0,0,1.0,1.0,1.0,0.0,0.0,0.0,5,0,0
82,40,21,19,0,16,8,16,9,9,0,0,0,0,0,0,0,0,0,0,0,0,0,0,1.0,1.0,1.0,0.0,0.0,0.0,5,0,0
83,40,21,19,0,16,8,16,9,9,0,0,0,0,0,0,0,0,0,0,0,0,0,0,1.0,1.0,1.0,0.0,0.0,0.0,5,0,0
84,40,21,19,0,16,8,16,9,9,0,0,0,0,0,0,0,0,0,0,0,0,0,0,1.0,1.0,1.0,0.0,0.0,0.0,5,0,0
85,40,21,19,0,16,8,16,9,9,0,0,0,0,0,0,0,0,0,0,0,0,0,0,1.0,1.0,1.0,0.0,0.0,0.0,5,0,0
86,40,21,19,0,16,8,16,9,9,0,0,0,0,0,0,0,0,0,0,0,0,0,0,1.0,1.0,1.0,0.0,0.0,0.0,5,0,0
87,40,21,19,0,16,8,16,9,9,0,0,0,0,0,0,0,0,0,0,0,0,0,0,1.0,1.0,1.0,0.0,0.0,0.0,5,0,0
88,39,21,18,0,15,8,16,9,9,0,0,0,0,0,0,0,0,0,0,0,1,0,1,0.9375,1.0,1.0,0.0,0.0,0.0,5,0,1
89,39,21,18,0,15,8,16,9,9,0,0,0,0,0,0,0,0,0,0,0,0,0,0,1.0,1.0,1.0,0.0,0.0,0.0,5,0,0
90,39,21,18,0,15,8,16,9,9,0,0,0,0,0,0,0,0,0,0,0,0,0,0,1.0,1.0,1.0,0.0,0.0,0.0,5,0,0
91,39,21,18,0,15,8,16,9,9,0,0,0,0,0,0,0,0,0,0,0,0,0,0,1.0,1.0,1.0,0.0,0.0,0.0,5,0,0
92,39,21,18,0,15,8,16,9,9,0,0,0,0,0,0,0,0,0,0,0,0,0,0,1.0,1.0,1.0,0.0,0.0,0.0,5,0,0
93,39,21,18,0,15,8,16,9,9,0,0,0,0,0,0,0,0,0,0,0,0,0,0,1.0,1.0,1.0,0.0,0.0,0.0,5,0,0
94,39,21,18,0,15,8,16,9,9,0,0,0,0,0,0,0,0,0,0,0,0,0,0,1.0,1.0,1.0,0.0,0.0,0.0,5,0,0
95,61,36,25,22,15,8,16,9,3,0,6,0,0,0,0,0,0,0,0,6,0,0,0,1.0,1.0,1.0,0.5641025641025641,0.5641025641025641,0.0,5,22,0
96,58,33,25,21,13,8,16,9,3,0,6,0,0,0,0,0,0,0,0,0,3,0,3,0.9189189189189189,1.0,1.0,0.0,0.0,0.0,5,0,3
97,60,33,27,24,13,8,15,9,2,0,7,0,0,0,0,0,0,0,0,1,0,0,0,1.0,0.8571428571428572,1.0,0.05172413793103448,0.05172413793103448,0.0,5,3,1
98,59,32,27,24,12,8,15,9,2,0,7,0,0,0,0,0,0,0,0,0,1,0,1,0.972972972972973,1.0,1.0,0.0,0.0,0.0,5,0,1
99,58,31,27,24,11,8,15,9,2,0,7,0,0,0,0,0,0,0,0,0,1,0,1,0.9722222222222222,1.0,1.0,0.0,0.0,0.0,5,0,1
100,55,29,26,21,11,8,15,9,2,0,7,0,0,0,0,0,0,0,0,0,3,0,3,0.9142857142857143,1.0,1.0,0.0,0.0,0.0,5,0,3
101,55,29,26,21,11,8,15,9,2,0,7,0,0,0,0,0,0,0,0,0,0,0,0,1.0,1.0,1.0,0.0,0.0,0.0,5,0,0
102,55,29,26,21,11,8,15,9,2,0,7,0,0,0,0,0,0,0,0,0,0,0,0,1.0,1.0,1.0,0.0,0.0,0.0,5,0,0
103,54,29,25,20,11,8,15,9,2,0,7,0,0,0,0,0,0,0,0,0,1,0,1,0.96875,1.0,1.0,0.0,0.0,0.0,5,0,1
104,54,29,25,20,11,8,15,9,2,0,7,0,0,0,0,0,0,0,0,0,0,0,0,1.0,1.0,1.0,0.0,0.0,0.0,5,0,0
105,54,29,25,20,11,8,15,9,2,0,7,0,0,0,0,0,0,0,0,0,0,0,0,1.0,1.0,1.0,0.0,0.0,0.0,5,0,0
106,51,26,25,18,10,8,15,9,2,0,7,0,0,0,0,0,0,0,0,0,3,0,3,0.9032258064516129,1.0,1.0,0.0,0.0,0.0,5,0,3
107,50,25,25,17,10,8,15,9,2,0,7,0,0,0,0,0,0,0,0,0,1,0,1,0.9642857142857143,1.0,1.0,0.0,0.0,0.0,5,0,1
108,50,25,25,17,10,8,15,9,2,0,7,0,0,0,0,0,0,0,0,0,0,0,0,1.0,1.0,1.0,0.0,0.0,0.0,5,0,0
109,49,24,25,17,10,8,14,9,2,0,7,0,0,0,0,0,0,0,0,0,0,0,0,1.0,0.8333333333333334,1.0,0.0,0.0,0.0,5,0,1
110,49,24,25,17,10,8,14,9,2,0,7,0,0,0,0,0,0,0,0,0,0,0,0,1.0,1.0,1.0,0.0,0.0,0.0,5,0,0
111,49,24,25,17,10,8,14,9,2,0,7,0,0,0,0,0,0,0,0,0,0,0,0,1.0,1.0,1.0,0.0,0.0,0.0,5,0,0
112,48,23,25,16,10,8,14,9,2,0,7,0,0,0,0,0,0,0,0,0,1,0,1,0.962962962962963,1.0,1.0,0.0,0.0,0.0,5,0,1
113,48,23,25,16,10,8,14,9,2,0,7,0,0,0,0,0,0,0,0,0,0,0,0,1.0,1.0,1.0,0.0,0.0,0.0,5,0,0
114,47,23,24,16,10,8,13,8,2,0,6,0,0,0,0,0,0,0,0,0,0,0,0,1.0,1.0,0.8888888888888888,0.0,0.0,0.0,5,0,1
115,46,23,23,15,10,8,13,8,2,0,6,0,0,0,0,0,0,0,0,0,1,1,1,0.9615384615384616,1.0,1.0,0.0,0.0,0.0,5,0,1
116,45,23,22,15,10,8,12,7,1,0,6,0,0,0,0,0,0,0,0,0,0,0,0,1.0,1.0,0.875,0.0,0.0,0.0,5,0,1
117,45,23,22,15,10,8,12,7,1,0,6,0,0,0,0,0,0,0,0,0,0,0,0,1.0,1.0,1.0,0.0,0.0,0.0,5,0,0
118,45,23,22,15,10,8,12,7,1,0,6,0,0,0,0,0,0,0,0,0,0,0,0,1.0,1.0,1.0,0.0,0.0,0.0,5,0,0
119,45,23,22,15,9,9,12,7,1,0,6,0,0,0,0,0,0,0,0,0,0,0,0,1.0,1.0,1.0,0.0,0.0,0.0,5,0,0
120,45,23,22,15,9,9,12,7,1,0,6,0,0,0,0,0,0,0,0,0,0,0,0,1.0,1.0,1.0,0.0,0.0,0.0,5,0,0
121,45,23,22,15,9,9,12,7,1,0,6,0,0,0,0,0,0,0,0,0,0,0,0,1.0,1.0,1.0,0.0,0.0,0.0,5,0,0
122,45,23,22,15,9,9,12,7,1,0,6,0,0,0,0,0,0,0,0,0,0,0,0,1.0,1.0,1.0,0.0,0.0,0.0,5,0,0
123,44,23,21,15,8,9,12,7,1,0,6,0,0,0,0,0,0,0,0,0,1,0,1,0.9583333333333334,1.0,1.0,0.0,0.0,0.0,5,0,1
124,43,22,21,14,8,9,12,7,1,0,6,0,0,0,0,0,0,0,0,0,1,0,1,0.9565217391304348,1.0,1.0,0.0,0.0,0.0,5,0,1
125,43,22,21,14,8,9,12,7,1,0,6,0,0,0,0,0,0,0,0,0,0,0,0,1.0,1.0,1.0,0.0,0.0,0.0,5,0,0
126,43,22,21,14,8,9,12,7,1,0,6,0,0,0,0,0,0,0,0,0,0,0,0,1.0,1.0,1.0,0.0,0.0,0.0,5,0,0
127,43,22,21,14,8,9,12,7,1,0,6,0,0,0,0,0,0,0,0,0,0,0,0,1.0,1.0,1.0,0.0,0.0,0.0,5,0,0
128,43,22,21,14,8,9,12,7,1,0,6,0,0,0,0,0,0,0,0,0,0,0,0,1.0,1.0,1.0,0.0,0.0,0.0,5,0,0
129,43,22,21,14,8,9,12,7,1,0,6,0,0,0,0,0,0,0,0,0,0,0,0,1.0,1.0,1.0,0.0,0.0,0.0,5,0,0
130,43,22,21,14,8,8,13,7,1,0,6,0,0,0,0,0,0,0,0,0,0,0,0,1.0,1.0,1.0,0.0,0.0,0.0,5,0,0
131,43,22,21,14,8,8,13,7,1,0,6,0,0,0,0,0,0,0,0,0,0,0,0,1.0,1.0,1.0,0.0,0.0,0.0,5,0,0
132,43,22,21,14,8,7,14,8,1,0,6,0,0,0,0,0,0,0,0,0,0,0,0,1.0,1.0,1.0,0.0,0.0,0.0,5,0,0
133,43,22,21,14,8,7,14,8,1,0,6,0,0,0,0,0,0,0,0,0,0,0,0,1.0,1.0,1.0,0.0,0.0,0.0,5,0,0
134,47,25,22,18,8,7,14,8,1,0,7,0,0,0,0,0,5,1,0,1,0,0,0,1.0,1.0,1.0,0.09302325581395349,0.09302325581395349,0.2,5,4,0
135,46,24,22,17,8,7,14,8,1,0,7,0,0,0,0,0,0,0,0,0,1,0,1,0.9615384615384616,1.0,1.0,0.0,0.0,0.0,5,0,1
136,46,24,22,17,8,7,14,8,1,0,7,0,0,0,0,0,0,0,0,0,0,0,0,1.0,1.0,1.0,0.0,0.0,0.0,5,0,0
137,45,24,21,16,8,7,14,8,1,0,7,0,0,0,0,0,0,0,0,0,1,0,1,0.96,1.0,1.0,0.0,0.0,0.0,5,0,1
138,45,24,21,4,20,7,14,8,1,0,7,0,0,0,0,0,0,0,0,0,0,0,0,1.0,1.0,1.0,0.0,0.0,0.0,5,0,0
139,45,24,21,4,20,7,14,8,1,0,7,0,0,0,0,0,0,0,0,0,0,0,0,1.0,1.0,1.0,0.0,0.0,0.0,5,0,0
140,44,23,21,2,21,7,14,8,1,0,2,0,0,0,0,0,0,0,0,0,1,0,1,0.9583333333333334,1.0,1.0,0.0,0.0,0.0,5,0,1
141,43,22,21,2,20,7,14,8,3,0,2,0,0,0,0,0,11,2,0,0,1,0,1,0.9565217391304348,1.0,1.0,0.0,0.0,0.18181818181818182,5,0,1
142,43,22,21,2,20,7,14,8,4,1,1,0,0,0,0,0,9,1,1,0,0,0,0,1.0,1.0,1.0,0.0,0.0,0.1111111111111111,5,0,0
143,43,22,21,2,20,7,14,8,5,1,1,0,0,0,0,0,7,1,0,0,0,0,0,1.0,1.0,1.0,0.0,0.0,0.14285714285714285,5,0,0
144,43,22,21,2,20,7,14,8,6,1,1,0,0,0,0,0,2,1,0,0,0,0,0,1.0,1.0,1.0,0.0,0.0,0.5,5,0,0
145,43,22,21,2,20,7,14,8,6,1,1,0,0,0,0,0,0,0,0,0,0,0,0,1.0,1.0,1.0,0.0,0.0,0.0,5,0,0
146,43,22,21,2,20,6,15,9,6,1,1,0,0,0,0,0,0,0,0,0,0,0,0,1.0,1.0,1.0,0.0,0.0,0.0,5,0,0
147,43,22,21,2,20,6,15,9,7,1,1,0,0,0,0,0,4,1,0,0,0,1,0,1.0,1.0,1.0,0.0,0.0,0.25,5,0,0
148,43,22,21,2,20,6,15,9,7,1,1,0,0,0,0,0,0,0,0,0,0,0,0,1.0,1.0,1.0,0.0,0.0,0.0,5,0,0
149,42,21,21,2,19,6,15,9,7,1,1,0,0,0,0,0,0,0,0,0,1,0,1,0.9545454545454546,1.0,1.0,0.0,0.0,0.0,5,0,1
150,42,21,21,2,19,6,15,9,7,1,1,0,0,0,0,0,0,0,0,0,0,0,0,1.0,1.0,1.0,0.0,0.0,0.0,5,0,0
151,42,21,21,2,18,7,15,9,7,1,1,0,0,0,0,0,0,0,0,0,0,0,0,1.0,1.0,1.0,0.0,0.0,0.0,5,0,0
152,42,21,21,2,18,7,15,9,7,1,1,0,0,0,0,0,0,0,0,0,0,0,0,1.0,1.0,1.0,0.0,0.0,0.0,5,0,0
153,42,21,21,2,18,7,15,9,7,1,1,0,0,0,0,0,0,0,0,0,0,1,0,1.0,1.0,1.0,0.0,0.0,0.0,5,0,0
154,41,20,21,2,17,7,15,9,7,1,1,0,0,0,0,0,0,0,0,0,1,0,1,0.95,1.0,1.0,0.0,0.0,0.0,5,0,1
155,40,20,20,2,16,7,15,9,7,1,1,0,0,0,0,0,0,0,0,0,1,0,1,0.9473684210526316,1.0,1.0,0.0,0.0,0.0,5,0,1
156,40,20,20,2,16,7,15,9,7,1,1,0,0,0,0,0,0,0,0,0,0,0,0,1.0,1.0,1.0,0.0,0.0,0.0,5,0,0
157,40,20,20,2,15,7,16,10,7,1,1,0,0,0,0,0,0,0,0,0,0,1,0,1.0,1.0,1.0,0.0,0.0,0.0,5,0,0
158,40,20,20,2,15,7,16,10,7,1,1,0,0,0,0,0,0,0,0,0,0,0,0,1.0,1.0,1.0,0.0,0.0,0.0,5,0,0
159,39,20,19,2,14,7,16,10,7,1,1,0,0,0,0,0,0,0,0,0,1,0,1,0.9411764705882353,1.0,1.0,0.0,0.0,0.0,5,0,1
160,39,20,19,2,14,7,16,10,7,1,1,0,0,0,0,0,2,0,0,0,0,0,0,1.0,1.0,1.0,0.0,0.0,0.0,5,0,0
161,39,20,19,2,13,8,16,10,7,1,1,0,0,0,0,0,8,0,0,0,0,0,0,1.0,1.0,1.0,0.0,0.0,0.0,5,0,0
162,39,20,19,2,13,8,16,10,7,1,1,0,0,0,0,0,3,0,0,0,0,0,0,1.0,1.0,1.0,0.0,0.0,0.0,5,0,0
163,38,20,18,2,13,7,16,10,8,1,1,0,0,0,0,0,3,1,0,0,0,0,0,1.0,1.0,1.0,0.0,0.0,0.3333333333333333,5,0,1
164,38,20,18,2,13,7,16,10,8,1,1,0,0,0,0,0,0,0,0,0,0,0,0,1.0,1.0,1.0,0.0,0.0,0.0,5,0,0
165,38,20,18,2,13,6,17,10,8,1,1,0,0,0,0,0,0,0,0,0,0,1,0,1.0,1.0,1.0,0.0,0.0,0.0,5,0,0
166,38,20,18,2,13,6,17,10,8,1,1,0,0,0,0,0,0,0,0,0,0,0,0,1.0,1.0,1.0,0.0,0.0,0.0,5,0,0
167,38,20,18,2,13,6,17,10,8,1,1,0,0,0,0,0,0,0,0,0,0,1,0,1.0,1.0,1.0,0.0,0.0,0.0,5,0,0
168,38,20,18,2,13,6,17,10,8,1,1,0,0,0,0,0,0,0,0,0,0,0,0,1.0,1.0,1.0,0.0,0.0,0.0,5,0,0
169,38,20,18,2,12,7,17,10,8,1,1,0,0,0,0,0,0,0,0,0,0,0,0,1.0,1.0,1.0,0.0,0.0,0.0,5,0,0
170,38,20,18,2,12,7,17,10,8,1,1,0,0,0,0,0,0,0,0,0,0,1,0,1.0,1.0,1.0,0.0,0.0,0.0,5,0,0
171,38,20,18,2,11,8,17,10,8,1,1,0,0,0,0,0,0,0,0,0,0,0,0,1.0,1.0,1.0,0.0,0.0,0.0,5,0,0
172,38,20,18,2,11,8,17,10,8,1,1,0,0,0,0,0,0,0,0,0,0,0,0,1.0,1.0,1.0,0.0,0.0,0.0,5,0,0
173,38,20,18,2,11,8,17,10,8,1,1,0,0,0,0,0,0,0,0,0,0,0,0,1.0,1.0,1.0,0.0,0.0,0.0,5,0,0
174,38,20,18,2,10,9,17,10,8,1,1,0,0,0,0,0,0,0,0,0,0,0,0,1.0,1.0,1.0,0.0,0.0,0.0,5,0,0
175,38,20,18,2,10,9,17,10,8,1,1,0,0,0,0,0,0,0,0,0,0,0,0,1.0,1.0,1.0,0.0,0.0,0.0,5,0,0
176,38,20,18,2,10,9,17,10,8,1,1,0,0,0,0,0,0,0,0,0,0,0,0,1.0,1.0,1.0,0.0,0.0,0.0,5,0,0
177,38,20,18,0,12,9,17,10,8,1,1,0,0,0,0,0,0,0,0,0,0,0,0,1.0,1.0,1.0,0.0,0.0,0.0,5,0,0
178,38,20,18,0,12,9,17,10,8,1,1,0,0,0,0,0,0,0,0,0,0,0,0,1.0,1.0,1.0,0.0,0.0,0.0,5,0,0
179,38,20,18,0,12,9,17,10,8,1,0,0,0,0,0,0,0,0,0,0,0,0,0,1.0,1.0,1.0,0.0,0.0,0.0,5,0,0
180,38,20,18,0,12,9,17,10,9,1,0,0,0,0,0,0,6,1,0,0,0,0,0,1.0,1.0,1.0,0.0,0.0,0.16666666666666666,5,0,0
181,38,20,18,0,12,9,17,10,9,1,0,0,0,0,0,0,0,0,0,0,0,0,0,1.0,1.0,1.0,0.0,0.0,0.0,5,0,0
182,38,20,18,0,12,8,18,10,9,1,0,0,0,0,0,0,0,0,0,0,0,0,0,1.0,1.0,1.0,0.0,0.0,0.0,5,0,0
183,38,20,18,0,12,8,18,10,9,1,0,0,0,0,0,0,0,0,0,0,0,0,0,1.0,1.0,1.0,0.0,0.0,0.0,5,0,0
184,38,20,18,0,12,8,18,10,9,1,0,0,0,0,0,0,0,0,0,0,0,0,0,1.0,1.0,1.0,0.0,0.0,0.0,5,0,0
185,38,20,18,0,12,8,18,10,9,1,0,0,0,0,0,0,0,0,0,0,0,0,0,1.0,1.0,1.0,0.0,0.0,0.0,5,0,0
186,38,20,18,0,12,8,18,10,9,1,0,0,0,0,0,0,0,0,0,0,0,0,0,1.0,1.0,1.0,0.0,0.0,0.0,5,0,0
187,38,20,18,0,12,8,18,10,9,0,0,0,0,0,0,0,0,0,0,0,0,0,0,1.0,1.0,1.0,0.0,0.0,0.0,5,0,0
188,38,20,18,0,12,8,18,10,10,0,0,0,0,0,0,0,7,1,0,0,0,0,0,1.0,1.0,1.0,0.0,0.0,0.14285714285714285,5,0,0
189,38,20,18,0,12,8,18,10,10,0,0,0,0,0,0,0,0,0,0,0,0,0,0,1.0,1.0,1.0,0.0,0.0,0.0,5,0,0
190,38,20,18,0,12,8,18,10,10,0,0,0,0,0,0,0,0,0,0,0,0,0,0,1.0,1.0,1.0,0.0,0.0,0.0,5,0,0
191,38,20,18,0,12,7,19,10,10,0,0,0,0,0,0,0,0,0,0,0,0,0,0,1.0,1.0,1.0,0.0,0.0,0.0,5,0,0
192,38,20,18,0,12,7,19,10,10,0,0,0,0,0,0,0,0,0,0,0,0,0,0,1.0,1.0,1.0,0.0,0.0,0.0,5,0,0
193,38,20,18,0,12,7,19,10,10,0,0,0,0,0,0,0,0,0,0,0,0,0,0,1.0,1.0,1.0,0.0,0.0,0.0,5,0,0
194,38,20,18,0,12,7,19,10,10,0,0,0,0,0,0,0,0,0,0,0,0,0,0,1.0,1.0,1.0,0.0,0.0,0.0,5,0,0
195,38,20,18,0,12,7,19,10,10,0,0,0,0,0,0,0,0,0,0,0,0,0,0,1.0,1.0,1.0,0.0,0.0,0.0,5,0,0
196,38,20,18,0,12,7,19,10,10,0,0,0,0,0,0,0,0,0,0,0,0,0,0,1.0,1.0,1.0,0.0,0.0,0.0,5,0,0
197,38,20,18,0,12,7,19,10,10,0,0,0,0,0,0,0,0,0,0,0,0,0,0,1.0,1.0,1.0,0.0,0.0,0.0,5,0,0
198,38,20,18,0,12,7,19,10,10,0,0,0,0,0,0,0,0,0,0,0,0,0,0,1.0,1.0,1.0,0.0,0.0,0.0,5,0,0
199,42,21,21,4,12,7,19,10,9,0,1,0,0,0,0,0,0,0,0,1,0,0,0,1.0,1.0,1.0,0.10526315789473684,0.10526315789473684,0.0,5,4,0
200,42,21,21,4,12,7,19,10,9,0,1,0,0,0,0,0,0,0,0,0,0,0,0,1.0,1.0,1.0,0.0,0.0,0.0,5,0,0
201,42,21,21,4,12,7,19,10,9,0,1,0,0,0,0,0,0,0,0,0,0,0,0,1.0,1.0,1.0,0.0,0.0,0.0,5,0,0
202,42,21,21,4,12,7,19,10,9,0,1,0,0,0,0,0,0,0,0,0,0,0,0,1.0,1.0,1.0,0.0,0.0,0.0,5,0,0
203,42,21,21,4,12,7,19,10,9,0,1,0,0,0,0,0,0,0,0,0,0,0,0,1.0,1.0,1.0,0.0,0.0,0.0,5,0,0
204,42,21,21,4,12,7,19,10,9,0,1,0,0,0,0,0,0,0,0,0,0,0,0,1.0,1.0,1.0,0.0,0.0,0.0,5,0,0
205,42,21,21,4,12,7,19,10,9,0,1,0,0,0,0,0,0,0,0,0,0,0,0,1.0,1.0,1.0,0.0,0.0,0.0,5,0,0
206,48,24,24,10,12,7,19,10,7,0,3,0,0,0,0,0,0,0,0,2,0,0,0,1.0,1.0,1.0,0.14285714285714285,0.14285714285714285,0.0,5,6,0
207,52,25,27,14,12,7,19,10,6,0,4,0,0,0,0,0,0,0,0,1,0,0,0,1.0,1.0,1.0,0.08333333333333333,0.08333333333333333,0.0,5,4,0
208,56,27,29,18,12,7,19,10,5,0,5,0,0,0,0,0,0,0,0,1,0,0,0,1.0,1.0,1.0,0.07692307692307693,0.07692307692307693,0.0,5,4,0
209,59,28,31,22,11,7,19,10,4,0,6,0,0,0,0,0,0,0,0,1,1,0,1,0.9666666666666667,1.0,1.0,0.07142857142857142,0.07142857142857142,0.0,5,4,1
210,59,28,31,22,11,7,19,10,4,0,6,0,0,0,0,0,0,0,0,0,0,0,0,1.0,1.0,1.0,0.0,0.0,0.0,5,0,0
211,59,28,31,22,11,7,19,10,4,0,6,0,0,0,0,0,0,0,0,0,0,0,0,1.0,1.0,1.0,0.0,0.0,0.0,5,0,0
212,58,26,32,21,11,7,19,10,3,0,7,0,0,0,0,0,0,0,0,1,4,0,4,0.8787878787878788,1.0,1.0,0.05084745762711865,0.05084745762711865,0.0,5,3,4
213,58,26,32,21,11,7,19,10,3,0,7,0,0,0,0,0,0,0,0,0,0,0,0,1.0,1.0,1.0,0.0,0.0,0.0,5,0,0
214,58,26,32,21,11,7,19,10,3,0,7,0,0,0,0,0,0,0,0,0,0,0,0,1.0,1.0,1.0,0.0,0.0,0.0,5,0,0
215,58,26,32,21,11,7,19,10,3,0,7,0,0,0,0,0,0,0,0,0,0,0,0,1.0,1.0,1.0,0.0,0.0,0.0,5,0,0
216,57,25,32,21,10,7,19,10,3,0,7,0,0,0,0,0,0,0,0,0,1,0,1,0.96875,1.0,1.0,0.0,0.0,0.0,5,0,1
217,53,21,32,19,9,7,18,10,3,0,7,0,0,0,0,0,0,0,0,0,3,0,3,0.9032258064516129,0.8888888888888888,1.0,0.0,0.0,0.0,5,0,4
218,52,21,31,18,9,7,18,10,3,0,7,0,0,0,0,0,0,0,0,0,1,0,1,0.9642857142857143,1.0,1.0,0.0,0.0,0.0,5,0,1
219,52,21,31,18,9,7,18,10,3,0,7,0,0,0,0,0,0,0,0,0,0,0,0,1.0,1.0,1.0,0.0,0.0,0.0,5,0,0
220,52,21,31,18,9,7,18,10,3,0,7,0,0,0,0,0,0,0,0,0,0,0,0,1.0,1.0,1.0,0.0,0.0,0.0,5,0,0
221,52,21,31,18,9,7,18,10,3,0,7,0,0,0,0,0,0,0,0,0,0,0,0,1.0,1.0,1.0,0.0,0.0,0.0,5,0,0
222,52,21,31,18,9,7,18,10,3,0,7,0,0,0,0,0,0,0,0,0,0,0,0,1.0,1.0,1.0,0.0,0.0,0.0,5,0,0
223,52,21,31,18,9,7,18,10,3,0,7,0,0,0,0,0,0,0,0,0,0,0,0,1.0,1.0,1.0,0.0,0.0,0.0,5,0,0
224,52,21,31,18,9,7,18,10,3,0,7,0,0,0,0,0,0,0,0,0,0,0,0,1.0,1.0,1.0,0.0,0.0,0.0,5,0,0
225,51,21,30,18,9,7,17,9,2,0,7,0,0,0,0,0,0,0,0,0,0,0,0,1.0,1.0,0.9,0.0,0.0,0.0,4,0,1
226,50,20,30,18,8,7,17,9,2,0,7,0,0,0,0,0,0,0,0,0,1,0,1,0.962962962962963,1.0,1.0,0.0,0.0,0.0,4,0,1
227,50,20,30,18,8,7,17,9,2,0,7,0,0,0,0,0,0,0,0,0,0,0,0,1.0,1.0,1.0,0.0,0.0,0.0,4,0,0
228,50,20,30,18,8,7,17,9,2,0,7,0,0,0,0,0,0,0,0,0,0,0,0,1.0,1.0,1.0,0.0,0.0,0.0,4,0,0
229,50,20,30,18,8,7,17,9,2,0,7,0,0,0,0,0,0,0,0,0,0,0,0,1.0,1.0,1.0,0.0,0.0,0.0,4,0,0
230,50,20,30,18,8,7,17,9,2,0,7,0,0,0,0,0,0,0,0,0,0,0,0,1.0,1.0,1.0,0.0,0.0,0.0,4,0,0
231,49,20,29,17,8,7,17,9,2,0,7,0,0,0,0,0,0,0,0,0,1,0,1,0.9615384615384616,1.0,1.0,0.0,0.0,0.0,4,0,1
232,48,20,28,16,8,7,17,9,2,0,7,0,0,0,0,0,0,0,0,0,1,0,1,0.96,1.0,1.0,0.0,0.0,0.0,4,0,1
233,48,20,28,16,8,7,17,9,2,0,7,0,0,0,0,0,0,0,0,0,0,0,0,1.0,1.0,1.0,0.0,0.0,0.0,4,0,0
234,48,20,28,16,8,7,17,9,2,0,7,0,0,0,0,0,0,0,0,0,0,0,0,1.0,1.0,1.0,0.0,0.0,0.0,4,0,0
235,48,20,28,16,8,7,17,9,2,0,7,0,0,0,0,0,0,0,0,0,0,0,0,1.0,1.0,1.0,0.0,0.0,0.0,4,0,0
236,47,20,27,16,8,7,16,8,2,0,6,0,0,0,0,0,0,0,0,0,0,0,0,1.0,1.0,0.8888888888888888,0.0,0.0,0.0,4,0,1
237,47,20,27,16,8,7,16,8,2,0,6,0,0,0,0,0,0,0,0,0,0,0,0,1.0,1.0,1.0,0.0,0.0,0.0,4,0,0
238,47,20,27,16,8,7,16,8,2,0,6,0,0,0,0,0,0,0,0,0,0,0,0,1.0,1.0,1.0,0.0,0.0,0.0,4,0,0
239,47,20,27,16,8,7,16,8,2,0,6,0,0,0,0,0,0,0,0,0,0,0,0,1.0,1.0,1.0,0.0,0.0,0.0,4,0,0
240,47,20,27,16,8,7,16,8,2,0,6,0,0,0,0,0,0,0,0,0,0,0,0,1.0,1.0,1.0,0.0,0.0,0.0,4,0,0
241,47,20,27,16,8,7,16,8,2,0,6,0,0,0,0,0,0,0,0,0,0,0,0,1.0,1.0,1.0,0.0,0.0,0.0,4,0,0
242,47,20,27,14,10,7,16,8,2,0,6,0,0,0,0,0,0,0,0,0,0,0,0,1.0,1.0,1.0,0.0,0.0,0.0,4,0,0
243,47,20,27,14,10,7,16,8,2,0,6,0,0,0,0,0,0,0,0,0,0,0,0,1.0,1.0,1.0,0.0,0.0,0.0,4,0,0
244,46,19,27,13,10,7,16,8,2,0,6,0,0,0,0,0,0,0,0,0,1,0,1,0.9583333333333334,1.0,1.0,0.0,0.0,0.0,4,0,1
245,49,19,30,16,10,7,16,8,1,0,7,0,0,0,0,0,0,0,0,1,1,0,1,0.9565217391304348,1.0,1.0,0.08695652173913043,0.08695652173913043,0.0,4,4,1
246,49,19,30,16,10,7,16,8,1,0,7,0,0,0,0,0,0,0,0,0,0,0,0,1.0,1.0,1.0,0.0,0.0,0.0,4,0,0
247,49,19,30,16,10,7,16,8,1,0,7,0,0,0,0,0,0,0,0,0,0,0,0,1.0,1.0,1.0,0.0,0.0,0.0,4,0,0
248,48,19,29,16,9,7,16,8,1,0,7,0,0,0,0,0,0,0,0,0,1,0,1,0.9615384615384616,1.0,1.0,0.0,0.0,0.0,4,0,1
249,47,19,28,12,12,7,16,8,1,0,7,0,0,0,0,0,0,0,0,0,1,0,1,0.96,1.0,1.0,0.0,0.0,0.0,4,0,1
250,47,19,28,10,14,7,16,8,1,0,7,0,0,0,0,0,0,0,0,0,0,0,0,1.0,1.0,1.0,0.0,0.0,0.0,4,0,0
251,47,19,28,8,16,7,16,8,1,0,5,0,0,0,0,0,0,0,0,0,0,0,0,1.0,1.0,1.0,0.0,0.0,0.0,4,0,0
252,47,19,28,5,19,7,16,8,1,0,4,0,0,0,0,0,1,0,0,0,0,0,0,1.0,1.0,1.0,0.0,0.0,0.0,4,0,0
253,51,20,31,9,19,7,16,8,2,0,4,0,0,0,0,0,12,2,0,1,0,0,0,1.0,1.0,1.0,0.0851063829787234,0.0851063829787234,0.16666666666666666,4,4,0
254,50,20,30,9,19,7,15,7,3,0,3,0,0,0,0,0,5,1,0,0,0,0,0,1.0,1.0,0.875,0.0,0.0,0.2,4,0,1
255,50,20,30,7,21,7,15,7,4,0,3,0,0,0,0,0,7,1,0,0,0,0,0,1.0,1.0,1.0,0.0,0.0,0.14285714285714285,4,0,0
256,50,20,30,7,21,6,16,8,4,0,3,0,0,0,0,0,0,0,0,0,0,0,0,1.0,1.0,1.0,0.0,0.0,0.0,4,0,0
257,50,20,30,7,21,6,16,8,4,0,2,0,0,0,0,0,0,0,0,0,0,0,0,1.0,1.0,1.0,0.0,0.0,0.0,4,0,0
258,50,20,30,7,21,6,16,8,5,0,2,0,0,0,0,0,4,1,0,0,0,0,0,1.0,1.0,1.0,0.0,0.0,0.25,4,0,0
259,50,20,30,7,21,6,16,8,5,0,2,0,0,0,0,0,0,0,0,0,0,0,0,1.0,1.0,1.0,0.0,0.0,0.0,4,0,0
260,50,20,30,7,21,6,16,8,5,0,2,0,0,0,0,0,0,0,0,0,0,0,0,1.0,1.0,1.0,0.0,0.0,0.0,4,0,0
261,50,20,30,7,21,6,16,8,5,0,2,0,0,0,0,0,0,0,0,0,0,0,0,1.0,1.0,1.0,0.0,0.0,0.0,4,0,0
262,50,20,30,7,21,6,16,8,5,0,2,0,0,0,0,0,0,0,0,0,0,0,0,1.0,1.0,1.0,0.0,0.0,0.0,4,0,0
263,49,20,29,7,20,6,16,8,5,0,2,0,0,0,0,0,0,0,0,0,1,0,1,0.9642857142857143,1.0,1.0,0.0,0.0,0.0,4,0,1
264,49,20,29,7,20,6,16,8,6,0,2,0,0,0,0,0,2,1,0,0,0,0,0,1.0,1.0,1.0,0.0,0.0,0.5,4,0,0
265,48,20,28,7,19,6,16,8,6,0,2,0,0,0,0,0,0,0,0,0,1,0,1,0.962962962962963,1.0,1.0,0.0,0.0,0.0,4,0,1
266,48,20,28,7,19,6,16,8,6,0,2,0,0,0,0,0,0,0,0,0,0,0,0,1.0,1.0,1.0,0.0,0.0,0.0,4,0,0
267,48,20,28,7,19,6,16,8,6,0,2,0,0,0,0,0,0,0,0,0,0,0,0,1.0,1.0,1.0,0.0,0.0,0.0,4,0,0
268,48,20,28,7,19,6,16,8,6,0,2,0,0,0,0,0,0,0,0,0,0,0,0,1.0,1.0,1.0,0.0,0.0,0.0,4,0,0
269,48,20,28,7,19,6,16,8,6,0,2,0,0,0,0,0,0,0,0,0,0,0,0,1.0,1.0,1.0,0.0,0.0,0.0,4,0,0
270,47,20,27,7,18,6,16,8,6,0,2,0,0,0,0,0,0,0,0,0,1,0,1,0.9615384615384616,1.0,1.0,0.0,0.0,0.0,4,0,1
271,47,20,27,7,18,6,16,8,6,0,2,0,0,0,0,0,0,0,0,0,0,0,0,1.0,1.0,1.0,0.0,0.0,0.0,4,0,0
272,47,20,27,7,18,6,16,8,6,0,2,0,0,0,0,0,0,0,0,0,0,0,0,1.0,1.0,1.0,0.0,0.0,0.0,4,0,0
273,47,20,27,7,18,6,16,8,6,0,2,0,0,0,0,0,0,0,0,0,0,0,0,1.0,1.0,1.0,0.0,0.0,0.0,4,0,0
274,47,20,27,7,18,6,16,8,6,0,2,0,0,0,0,0,0,0,0,0,0,0,0,1.0,1.0,1.0,0.0,0.0,0.0,4,0,0
275,47,20,27,7,18,6,16,8,6,0,2,0,0,0,0,0,0,0,0,0,0,5,0,1.0,1.0,1.0,0.0,0.0,0.0,4,0,0
276,47,20,27,7,18,6,16,8,6,0,2,0,0,0,0,0,0,0,0,0,0,0,0,1.0,1.0,1.0,0.0,0.0,0.0,4,0,0
277,47,20,27,7,18,6,16,8,6,0,2,0,0,0,0,0,0,0,0,0,0,1,0,1.0,1.0,1.0,0.0,0.0,0.0,4,0,0
278,47,20,27,7,18,6,16,8,6,0,2,0,0,0,0,0,0,0,0,0,0,0,0,1.0,1.0,1.0,0.0,0.0,0.0,4,0,0
279,47,20,27,7,13,11,16,8,6,0,2,0,0,0,0,0,0,0,0,0,0,0,0,1.0,1.0,1.0,0.0,0.0,0.0,4,0,0
280,47,20,27,7,13,11,16,8,6,0,2,0,0,0,0,0,0,0,0,0,0,0,0,1.0,1.0,1.0,0.0,0.0,0.0,4,0,0
281,47,20,27,7,12,12,16,8,6,0,2,0,0,0,0,0,0,0,0,0,0,0,0,1.0,1.0,1.0,0.0,0.0,0.0,4,0,0
282,47,20,27,7,12,12,16,8,6,0,2,0,0,0,0,0,0,0,0,0,0,0,0,1.0,1.0,1.0,0.0,0.0,0.0,4,0,0
283,47,20,27,7,12,12,16,8,6,0,2,0,0,0,0,0,0,0,0,0,0,0,0,1.0,1.0,1.0,0.0,0.0,0.0,4,0,0
284,47,20,27,7,12,12,16,8,6,0,2,0,0,0,0,0,0,0,0,0,0,0,0,1.0,1.0,1.0,0.0,0.0,0.0,4,0,0
285,47,20,27,7,12,12,16,8,6,0,2,0,0,0,0,0,0,0,0,0,0,0,0,1.0,1.0,1.0,0.0,0.0,0.0,4,0,0
286,47,20,27,7,12,12,16,8,6,0,2,0,0,0,0,0,0,0,0,0,0,0,0,1.0,1.0,1.0,0.0,0.0,0.0,4,0,0
287,47,20,27,7,12,12,16,8,6,0,2,0,0,0,0,0,0,0,0,0,0,0,0,1.0,1.0,1.0,0.0,0.0,0.0,4,0,0
288,47,20,27,4,15,12,16,8,6,0,2,0,0,0,0,0,0,0,0,0,0,0,0,1.0,1.0,1.0,0.0,0.0,0.0,4,0,0
289,47,20,27,4,15,12,16,8,6,0,2,0,0,0,0,0,0,0,0,0,0,0,0,1.0,1.0,1.0,0.0,0.0,0.0,4,0,0
290,47,20,27,4,15,12,16,8,6,0,1,0,0,0,0,0,0,0,0,0,0,0,0,1.0,1.0,1.0,0.0,0.0,0.0,4,0,0
291,46,20,26,3,15,12,16,8,7,0,1,0,0,0,0,0,3,1,0,0,1,0,1,0.9473684210526316,1.0,1.0,0.0,0.0,0.3333333333333333,4,0,1
292,46,20,26,3,15,11,17,8,7,0,1,0,0,0,0,0,0,0,0,0,0,0,0,1.0,1.0,1.0,0.0,0.0,0.0,4,0,0
293,46,20,26,3,15,11,17,8,7,0,1,0,0,0,0,0,0,0,0,0,0,0,0,1.0,1.0,1.0,0.0,0.0,0.0,4,0,0
294,46,20,26,3,15,11,17,8,7,0,1,0,0,0,0,0,0,0,0,0,0,0,0,1.0,1.0,1.0,0.0,0.0,0.0,4,0,0
295,46,20,26,3,15,11,17,8,7,0,1,0,0,0,0,0,0,0,0,0,0,0,0,1.0,1.0,1.0,0.0,0.0,0.0,4,0,0
296,44,19,25,0,17,10,17,7,6,0,1,0,0,0,0,0,0,0,0,0,1,0,1,0.9444444444444444,1.0,0.875,0.0,0.0,0.0,4,0,2
297,43,18,25,0,17,10,16,7,6,0,1,0,0,0,0,0,0,0,0,0,0,0,0,1.0,0.9,1.0,0.0,0.0,0.0,4,0,1
298,43,18,25,0,17,10,16,7,6,0,0,0,0,0,0,0,0,0,0,0,0,0,0,1.0,1.0,1.0,0.0,0.0,0.0,4,0,0
299,43,18,25,0,17,10,16,7,7,0,0,0,0,0,0,0,8,1,0,0,0,0,0,1.0,1.0,1.0,0.0,0.0,0.125,4,0,0
300,43,18,25,0,17,10,16,7,7,0,0,0,0,0,0,0,0,0,0,0,0,0,0,1.0,1.0,1.0,0.0,0.0,0.0,4,0,0
301,42,17,25,0,16,10,16,7,7,0,0,0,0,0,0,0,0,0,0,0,1,0,1,0.9411764705882353,1.0,1.0,0.0,0.0,0.0,4,0,1
302,41,17,24,0,15,10,16,7,7,0,0,0,0,0,0,0,0,0,0,0,1,0,1,0.9375,1.0,1.0,0.0,0.0,0.0,4,0,1
303,41,17,24,0,15,10,16,7,7,0,0,0,0,0,0,0,0,0,0,0,0,0,0,1.0,1.0,1.0,0.0,0.0,0.0,4,0,0
304,41,17,24,0,15,10,16,7,7,0,0,0,0,0,0,0,0,0,0,0,0,0,0,1.0,1.0,1.0,0.0,0.0,0.0,4,0,0
305,41,17,24,0,15,9,17,8,7,0,0,0,0,0,0,0,0,0,0,0,0,0,0,1.0,1.0,1.0,0.0,0.0,0.0,4,0,0
306,41,17,24,0,15,8,18,8,7,0,0,0,0,0,0,0,0,0,0,0,0,0,0,1.0,1.0,1.0,0.0,0.0,0.0,4,0,0
307,41,17,24,0,15,7,19,9,7,0,0,0,0,0,0,0,0,0,0,0,0,0,0,1.0,1.0,1.0,0.0,0.0,0.0,4,0,0
308,41,17,24,0,15,7,19,9,7,0,0,0,0,0,0,0,0,0,0,0,0,0,0,1.0,1.0,1.0,0.0,0.0,0.0,4,0,0
309,40,17,23,0,14,6,20,9,7,0,0,0,0,0,0,0,0,0,0,0,1,0,1,0.9333333333333333,1.0,1.0,0.0,0.0,0.0,4,0,1
310,40,17,23,0,14,6,20,9,7,0,0,0,0,0,0,0,0,0,0,0,0,0,0,1.0,1.0,1.0,0.0,0.0,0.0,4,0,0
311,40,17,23,0,14,6,20,9,7,0,0,0,0,0,0,0,0,0,0,0,0,0,0,1.0,1.0,1.0,0.0,0.0,0.0,4,0,0
312,40,17,23,0,14,6,20,9,7,0,0,0,0,0,0,0,0,0,0,0,0,0,0,1.0,1.0,1.0,0.0,0.0,0.0,4,0,0
313,40,17,23,0,14,6,20,9,7,0,0,0,0,0,0,0,0,0,0,0,0,0,0,1.0,1.0,1.0,0.0,0.0,0.0,4,0,0
314,40,17,23,0,14,6,20,9,7,0,0,0,0,0,0,0,0,0,0,0,0,1,0,1.0,1.0,1.0,0.0,0.0,0.0,4,0,0
315,40,17,23,0,14,6,20,9,7,0,0,0,0,0,0,0,0,0,0,0,0,0,0,1.0,1.0,1.0,0.0,0.0,0.0,4,0,0
316,40,17,23,0,14,6,20,9,7,0,0,0,0,0,0,0,0,0,0,0,0,0,0,1.0,1.0,1.0,0.0,0.0,0.0,4,0,0
317,40,17,23,0,14,6,20,9,7,0,0,0,0,0,0,0,0,0,0,0,0,0,0,1.0,1.0,1.0,0.0,0.0,0.0,4,0,0
318,47,21,26,7,13,7,20,9,5,0,2,0,0,0,0,0,0,0,0,2,0,0,0,1.0,1.0,1.0,0.175,0.175,0.0,4,7,0
319,47,21,26,7,13,7,20,9,5,0,2,0,0,0,0,0,0,0,0,0,0,0,0,1.0,1.0,1.0,0.0,0.0,0.0,4,0,0
320,50,23,27,10,13,7,20,9,4,0,3,0,0,0,0,0,0,0,0,1,0,0,0,1.0,1.0,1.0,0.06382978723404255,0.06382978723404255,0.0,4,3,0
321,50,23,27,10,13,7,20,9,4,0,3,0,0,0,0,0,0,0,0,0,0,0,0,1.0,1.0,1.0,0.0,0.0,0.0,4,0,0
322,50,23,27,10,13,7,20,9,4,0,3,0,0,0,0,0,0,0,0,0,0,0,0,1.0,1.0,1.0,0.0,0.0,0.0,4,0,0
323,53,24,29,13,13,7,20,9,3,0,4,0,0,0,0,0,0,0,0,1,0,0,0,1.0,1.0,1.0,0.06,0.06,0.0,4,3,0
324,53,24,29,13,13,7,20,9,3,0,4,0,0,0,0,0,0,0,0,0,0,0,0,1.0,1.0,1.0,0.0,0.0,0.0,4,0,0
325,53,24,29,13,13,7,20,9,3,0,4,0,0,0,0,0,0,0,0,0,0,0,0,1.0,1.0,1.0,0.0,0.0,0.0,4,0,0
326,53,24,29,13,13,7,20,9,3,0,4,0,0,0,0,0,0,0,0,0,0,0,0,1.0,1.0,1.0,0.0,0.0,0.0,4,0,0
327,53,24,29,13,13,7,20,9,3,0,4,0,0,0,0,0,0,0,0,0,0,0,0,1.0,1.0,1.0,0.0,0.0,0.0,4,0,0
328,52,24,28,12,13,7,20,9,3,0,4,0,0,0,0,0,0,0,0,0,1,0,1,0.9615384615384616,1.0,1.0,0.0,0.0,0.0,4,0,1
329,56,24,32,16,13,7,20,9,2,0,5,0,0,0,0,0,0,0,0,1,0,0,0,1.0,1.0,1.0,0.07692307692307693,0.07692307692307693,0.0,4,4,0
330,56,24,32,16,13,7,20,9,2,0,5,0,0,0,0,0,0,0,0,0,0,0,0,1.0,1.0,1.0,0.0,0.0,0.0,4,0,0
331,56,24,32,16,13,7,20,9,2,0,5,0,0,0,0,0,0,0,0,0,0,0,0,1.0,1.0,1.0,0.0,0.0,0.0,4,0,0
332,56,24,32,16,13,7,20,9,2,0,5,0,0,0,0,0,0,0,0,0,0,0,0,1.0,1.0,1.0,0.0,0.0,0.0,4,0,0
333,54,23,31,14,13,7,20,9,2,0,5,0,0,0,0,0,0,0,0,0,2,0,2,0.9310344827586207,1.0,1.0,0.0,0.0,0.0,4,0,2
334,54,23,31,14,13,7,20,9,2,0,5,0,0,0,0,0,0,0,0,0,0,0,0,1.0,1.0,1.0,0.0,0.0,0.0,4,0,0
335,54,23,31,14,13,7,20,9,2,0,5,0,0,0,0,0,0,0,0,0,0,0,0,1.0,1.0,1.0,0.0,0.0,0.0,4,0,0
336,54,23,31,14,13,7,20,9,2,0,5,0,0,0,0,0,0,0,0,0,0,0,0,1.0,1.0,1.0,0.0,0.0,0.0,4,0,0
337,54,23,31,14,13,7,20,9,2,0,5,0,0,0,0,0,0,0,0,0,0,0,0,1.0,1.0,1.0,0.0,0.0,0.0,4,0,0
338,54,23,31,14,13,7,20,9,2,0,5,0,0,0,0,0,0,0,0,0,0,0,0,1.0,1.0,1.0,0.0,0.0,0.0,4,0,0
339,54,23,31,14,13,6,21,10,2,0,5,0,0,0,0,0,0,0,0,0,0,0,0,1.0,1.0,1.0,0.0,0.0,0.0,4,0,0
340,54,23,31,14,13,6,21,10,2,0,5,0,0,0,0,0,0,0,0,0,0,0,0,1.0,1.0,1.0,0.0,0.0,0.0,4,0,0
341,53,23,30,13,13,6,21,10,2,0,5,0,0,0,0,0,0,0,0,0,1,0,1,0.962962962962963,1.0,1.0,0.0,0.0,0.0,4,0,1
342,53,23,30,13,13,6,21,10,2,0,5,0,0,0,0,0,0,0,0,0,0,0,0,1.0,1.0,1.0,0.0,0.0,0.0,4,0,0
343,52,22,30,12,13,6,21,10,2,0,5,0,0,0,0,0,0,0,0,0,1,0,1,0.9615384615384616,1.0,1.0,0.0,0.0,0.0,4,0,1
344,52,22,30,12,13,6,21,10,2,0,5,0,0,0,0,0,0,0,0,0,0,0,0,1.0,1.0,1.0,0.0,0.0,0.0,4,0,0
345,52,22,30,12,13,6,21,10,2,0,5,0,0,0,0,0,0,0,0,0,0,0,0,1.0,1.0,1.0,0.0,0.0,0.0,4,0,0
346,51,22,29,11,13,6,21,10,2,0,5,0,0,0,0,0,0,0,0,0,1,0,1,0.96,1.0,1.0,0.0,0.0,0.0,4,0,1
347,51,22,29,11,13,6,21,10,2,0,5,0,0,0,0,0,0,0,0,0,0,0,0,1.0,1.0,1.0,0.0,0.0,0.0,4,0,0
348,50,21,29,11,13,6,20,10,2,0,5,0,0,0,0,0,0,0,0,0,0,0,0,1.0,0.9090909090909091,1.0,0.0,0.0,0.0,4,0,1
349,50,21,29,11,13,6,20,10,2,0,5,0,0,0,0,0,0,0,0,0,0,0,0,1.0,1.0,1.0,0.0,0.0,0.0,4,0,0
350,50,21,29,11,13,6,20,10,2,0,5,0,0,0,0,0,0,0,0,0,0,0,0,1.0,1.0,1.0,0.0,0.0,0.0,4,0,0
351,48,20,28,10,12,6,20,10,2,0,5,0,0,0,0,0,0,0,0,0,2,0,2,0.9166666666666666,1.0,1.0,0.0,0.0,0.0,4,0,2
352,48,20,28,10,12,6,20,10,2,0,5,0,0,0,0,0,0,0,0,0,0,0,0,1.0,1.0,1.0,0.0,0.0,0.0,4,0,0
353,48,20,28,10,12,6,20,10,2,0,5,0,0,0,0,0,0,0,0,0,0,0,0,1.0,1.0,1.0,0.0,0.0,0.0,4,0,0
354,48,20,28,10,12,5,21,11,2,0,5,0,0,0,0,0,0,0,0,0,0,0,0,1.0,1.0,1.0,0.0,0.0,0.0,4,0,0
355,48,20,28,10,12,5,21,11,2,0,5,0,0,0,0,0,0,0,0,0,0,0,0,1.0,1.0,1.0,0.0,0.0,0.0,4,0,0
356,52,20,32,14,12,5,21,11,1,0,6,0,0,0,0,0,0,0,0,1,0,0,0,1.0,1.0,1.0,0.08333333333333333,0.08333333333333333,0.0,4,4,0
357,52,20,32,14,12,5,21,11,1,0,6,0,0,0,0,0,0,0,0,0,0,0,0,1.0,1.0,1.0,0.0,0.0,0.0,4,0,0
358,50,19,31,13,11,5,21,11,1,0,6,0,0,0,0,0,0,0,0,0,2,0,2,0.9230769230769231,1.0,1.0,0.0,0.0,0.0,4,0,2
359,50,19,31,13,11,5,21,11,1,0,6,0,0,0,0,0,0,0,0,0,0,0,0,1.0,1.0,1.0,0.0,0.0,0.0,4,0,0
360,50,19,31,13,11,5,21,11,1,0,6,0,0,0,0,0,0,0,0,0,0,0,0,1.0,1.0,1.0,0.0,0.0,0.0,4,0,0
361,50,19,31,8,16,5,21,11,1,0,6,0,0,0,0,0,0,0,0,0,0,0,0,1.0,1.0,1.0,0.0,0.0,0.0,4,0,0
362,50,19,31,8,16,5,21,11,1,0,6,0,0,0,0,0,0,0,0,0,0,0,0,1.0,1.0,1.0,0.0,0.0,0.0,4,0,0
363,49,19,30,6,17,5,21,11,1,0,4,0,0,0,0,0,0,0,0,0,1,0,1,0.9583333333333334,1.0,1.0,0.0,0.0,0.0,4,0,1
364,52,21,31,9,17,5,21,11,0,0,5,0,0,0,0,0,0,0,0,1,0,0,0,1.0,1.0,1.0,0.061224489795918366,0.061224489795918366,0.0,4,3,0
365,51,21,30,9,16,5,21,11,0,0,4,0,0,0,0,0,0,0,0,0,1,0,1,0.9615384615384616,1.0,1.0,0.0,0.0,0.0,4,0,1
366,51,21,30,8,17,5,21,11,0,0,4,0,0,0,0,0,0,0,0,0,0,0,0,1.0,1.0,1.0,0.0,0.0,0.0,4,0,0
367,51,21,30,8,17,5,21,11,0,0,4,0,0,0,0,0,0,0,0,0,0,0,0,1.0,1.0,1.0,0.0,0.0,0.0,4,0,0
368,50,20,30,8,17,4,21,11,0,0,3,0,0,0,0,0,0,0,0,0,0,0,0,1.0,1.0,1.0,0.0,0.0,0.0,4,0,1
369,49,20,29,8,16,4,21,11,0,0,3,0,0,0,0,0,0,0,0,0,1,0,1,0.96,1.0,1.0,0.0,0.0,0.0,4,0,1
370,49,20,29,8,16,4,21,11,0,0,3,0,0,0,0,0,0,0,0,0,0,0,0,1.0,1.0,1.0,0.0,0.0,0.0,4,0,0
371,49,20,29,8,16,4,21,11,0,0,3,0,0,0,0,0,0,0,0,0,0,0,0,1.0,1.0,1.0,0.0,0.0,0.0,4,0,0
372,49,20,29,6,18,4,21,11,0,0,3,0,0,0,0,0,0,0,0,0,0,0,0,1.0,1.0,1.0,0.0,0.0,0.0,4,0,0
373,49,20,29,6,18,4,21,11,0,0,3,0,0,0,0,0,0,0,0,0,0,0,0,1.0,1.0,1.0,0.0,0.0,0.0,4,0,0
374,49,20,29,6,18,4,21,11,0,0,2,0,0,0,0,0,0,0,0,0,0,0,0,1.0,1.0,1.0,0.0,0.0,0.0,4,0,0
375,49,20,29,6,18,4,21,11,0,0,2,0,0,0,0,0,0,0,0,0,0,0,0,1.0,1.0,1.0,0.0,0.0,0.0,4,0,0
376,49,20,29,6,18,4,21,11,0,0,2,0,0,0,0,0,0,0,0,0,0,0,0,1.0,1.0,1.0,0.0,0.0,0.0,4,0,0
377,49,20,29,6,18,4,21,11,0,0,2,0,0,0,0,0,0,0,0,0,0,0,0,1.0,1.0,1.0,0.0,0.0,0.0,4,0,0
378,49,20,29,6,18,4,21,11,0,0,2,0,0,0,0,0,0,0,0,0,0,0,0,1.0,1.0,1.0,0.0,0.0,0.0,4,0,0
379,49,20,29,6,18,4,21,11,0,0,2,0,0,0,0,0,0,0,0,0,0,0,0,1.0,1.0,1.0,0.0,0.0,0.0,4,0,0
380,49,20,29,6,18,4,21,11,0,0,2,0,0,0,0,0,0,0,0,0,0,0,0,1.0,1.0,1.0,0.0,0.0,0.0,4,0,0
381,49,20,29,6,18,4,21,11,0,0,2,0,0,0,0,0,0,0,0,0,0,0,0,1.0,1.0,1.0,0.0,0.0,0.0,4,0,0
382,48,19,29,6,18,3,21,11,0,0,2,0,0,0,0,0,0,0,0,0,0,0,0,1.0,1.0,1.0,0.0,0.0,0.0,4,0,1
383,48,19,29,6,18,3,21,11,0,0,2,0,0,0,0,0,0,0,0,0,0,0,0,1.0,1.0,1.0,0.0,0.0,0.0,4,0,0
384,48,19,29,6,18,3,21,11,0,0,2,0,0,0,0,0,0,0,0,0,0,0,0,1.0,1.0,1.0,0.0,0.0,0.0,4,0,0
385,47,19,28,5,18,3,21,11,0,0,2,0,0,0,0,0,0,0,0,0,1,0,1,0.9583333333333334,1.0,1.0,0.0,0.0,0.0,4,0,1
386,47,19,28,5,18,3,21,11,0,0,2,0,0,0,0,0,0,0,0,0,0,1,0,1.0,1.0,1.0,0.0,0.0,0.0,4,0,0
387,47,19,28,5,18,3,21,11,0,0,2,0,0,0,0,0,0,0,0,0,0,2,0,1.0,1.0,1.0,0.0,0.0,0.0,4,0,0
388,47,19,28,5,18,3,21,11,0,0,2,0,0,0,0,0,0,0,0,0,0,0,0,1.0,1.0,1.0,0.0,0.0,0.0,4,0,0
389,47,19,28,5,18,3,21,11,0,0,2,0,0,0,0,0,0,0,0,0,0,2,0,1.0,1.0,1.0,0.0,0.0,0.0,4,0,0
390,47,19,28,5,17,4,21,11,0,0,2,0,0,0,0,0,0,0,0,0,0,0,0,1.0,1.0,1.0,0.0,0.0,0.0,4,0,0
391,46,19,27,4,15,6,21,11,0,0,2,0,0,0,0,0,0,0,0,0,1,0,1,0.95,1.0,1.0,0.0,0.0,0.0,4,0,1
392,46,19,27,4,15,6,21,11,0,0,2,0,0,0,0,0,0,0,0,0,0,1,0,1.0,1.0,1.0,0.0,0.0,0.0,4,0,0
393,46,19,27,4,13,8,21,11,0,0,2,0,0,0,0,0,0,0,0,0,0,0,0,1.0,1.0,1.0,0.0,0.0,0.0,4,0,0
394,46,19,27,4,13,8,21,11,0,0,2,0,0,0,0,0,0,0,0,0,0,0,0,1.0,1.0,1.0,0.0,0.0,0.0,4,0,0
395,45,18,27,3,13,8,21,11,4,0,2,0,0,0,0,0,18,4,0,0,1,0,1,0.9411764705882353,1.0,1.0,0.0,0.0,0.2222222222222222,4,0,1
396,45,18,27,3,12,9,21,11,8,1,2,0,0,0,0,0,15,4,1,0,0,0,0,1.0,1.0,1.0,0.0,0.0,0.26666666666666666,4,0,0
397,45,18,27,3,12,9,21,11,8,1,2,0,0,0,0,0,0,0,0,0,0,0,0,1.0,1.0,1.0,0.0,0.0,0.0,4,0,0
398,45,18,27,3,12,9,21,11,8,1,2,0,0,0,0,0,0,0,0,0,0,0,0,1.0,1.0,1.0,0.0,0.0,0.0,4,0,0
399,45,18,27,1,14,9,21,11,8,1,2,0,0,0,0,0,0,0,0,0,0,0,0,1.0,1.0,1.0,0.0,0.0,0.0,4,0,0
400,45,18,27,1,14,9,21,11,8,1,2,0,0,0,0,0,0,0,0,0,0,0,0,1.0,1.0,1.0,0.0,0.0,0.0,4,0,0
401,45,18,27,1,14,9,21,11,8,1,1,0,0,0,0,0,0,0,0,0,0,0,0,1.0,1.0,1.0,0.0,0.0,0.0,4,0,0
402,45,18,27,1,14,9,21,11,8,1,1,0,0,0,0,0,7,0,0,0,0,0,0,1.0,1.0,1.0,0.0,0.0,0.0,4,0,0
403,45,18,27,1,14,9,21,11,9,1,1,0,0,0,0,0,7,1,0,0,0,0,0,1.0,1.0,1.0,0.0,0.0,0.14285714285714285,4,0,0
404,45,18,27,1,14,9,21,11,9,1,1,0,0,0,0,0,0,0,0,0,0,0,0,1.0,1.0,1.0,0.0,0.0,0.0,4,0,0
405,44,17,27,1,13,9,21,11,9,1,1,0,0,0,0,0,0,0,0,0,1,0,1,0.9333333333333333,1.0,1.0,0.0,0.0,0.0,4,0,1
406,43,16,27,1,12,9,21,11,9,1,1,0,0,0,0,0,0,0,0,0,1,0,1,0.9285714285714286,1.0,1.0,0.0,0.0,0.0,4,0,1
407,42,16,26,0,12,9,21,11,9,1,1,0,0,0,0,0,0,0,0,0,1,0,1,0.9230769230769231,1.0,1.0,0.0,0.0,0.0,4,0,1
408,42,16,26,0,12,9,21,11,9,1,1,0,0,0,0,0,0,0,0,0,0,0,0,1.0,1.0,1.0,0.0,0.0,0.0,4,0,0
409,42,16,26,0,12,9,21,11,9,1,0,0,0,0,0,0,0,0,0,0,0,0,0,1.0,1.0,1.0,0.0,0.0,0.0,4,0,0
410,42,16,26,0,12,9,21,11,10,1,0,0,0,0,0,0,5,1,0,0,0,0,0,1.0,1.0,1.0,0.0,0.0,0.2,4,0,0
411,42,16,26,0,12,9,21,11,10,1,0,0,0,0,0,0,0,0,0,0,0,0,0,1.0,1.0,1.0,0.0,0.0,0.0,4,0,0
412,42,16,26,0,12,9,21,11,10,1,0,0,0,0,0,0,0,0,0,0,0,0,0,1.0,1.0,1.0,0.0,0.0,0.0,4,0,0
413,42,16,26,0,12,9,21,11,10,1,0,0,0,0,0,0,0,0,0,0,0,0,0,1.0,1.0,1.0,0.0,0.0,0.0,4,0,0
414,42,16,26,0,12,8,22,11,10,1,0,0,0,0,0,0,0,0,0,0,0,0,0,1.0,1.0,1.0,0.0,0.0,0.0,4,0,0
415,42,16,26,0,12,8,22,11,10,1,0,0,0,0,0,0,0,0,0,0,0,0,0,1.0,1.0,1.0,0.0,0.0,0.0,4,0,0
416,42,16,26,0,12,7,23,11,10,1,0,0,0,0,0,0,0,0,0,0,0,0,0,1.0,1.0,1.0,0.0,0.0,0.0,4,0,0
417,42,16,26,0,12,7,23,11,10,1,0,0,0,0,0,0,0,0,0,0,0,0,0,1.0,1.0,1.0,0.0,0.0,0.0,4,0,0
418,42,16,26,0,12,7,23,11,10,1,0,0,0,0,0,0,0,0,0,0,0,0,0,1.0,1.0,1.0,0.0,0.0,0.0,4,0,0
419,42,16,26,0,12,7,23,11,10,1,0,0,0,0,0,0,0,0,0,0,0,0,0,1.0,1.0,1.0,0.0,0.0,0.0,4,0,0
420,42,16,26,0,12,7,23,11,10,1,0,0,0,0,0,0,0,0,0,0,0,0,0,1.0,1.0,1.0,0.0,0.0,0.0,4,0,0
421,42,16,26,0,12,7,23,11,10,1,0,0,0,0,0,0,0,0,0,0,0,0,0,1.0,1.0,1.0,0.0,0.0,0.0,4,0,0
422,42,16,26,0,12,7,23,11,10,1,0,0,0,0,0,0,0,0,0,0,0,0,0,1.0,1.0,1.0,0.0,0.0,0.0,4,0,0
423,42,16,26,0,12,7,23,11,10,1,0,0,0,0,0,0,0,0,0,0,0,0,0,1.0,1.0,1.0,0.0,0.0,0.0,4,0,0
424,42,16,26,0,12,7,23,11,10,1,0,0,0,0,0,0,0,0,0,0,0,0,0,1.0,1.0,1.0,0.0,0.0,0.0,4,0,0
425,42,16,26,0,12,7,23,11,10,1,0,0,0,0,0,0,0,0,0,0,0,1,0,1.0,1.0,1.0,0.0,0.0,0.0,4,0,0
426,41,15,26,0,12,7,22,11,10,1,0,0,0,0,0,0,0,0,0,0,0,0,0,1.0,0.9166666666666666,1.0,0.0,0.0,0.0,4,0,1
427,41,15,26,0,12,7,22,11,10,1,0,0,0,0,0,0,0,0,0,0,0,0,0,1.0,1.0,1.0,0.0,0.0,0.0,4,0,0
428,41,15,26,0,12,7,22,11,10,1,0,0,0,0,0,0,0,0,0,0,0,0,0,1.0,1.0,1.0,0.0,0.0,0.0,4,0,0
429,41,15,26,0,11,8,22,11,10,1,0,0,0,0,0,0,0,0,0,0,0,0,0,1.0,1.0,1.0,0.0,0.0,0.0,4,0,0
430,41,15,26,0,11,8,22,11,10,1,0,0,0,0,0,0,0,0,0,0,0,0,0,1.0,1.0,1.0,0.0,0.0,0.0,4,0,0
431,41,15,26,0,11,8,22,11,10,1,0,0,0,0,0,0,0,0,0,0,0,0,0,1.0,1.0,1.0,0.0,0.0,0.0,4,0,0
432,41,15,26,0,11,8,22,11,10,1,0,0,0,0,0,0,0,0,0,0,0,0,0,1.0,1.0,1.0,0.0,0.0,0.0,4,0,0
433,41,15,26,0,11,8,22,11,10,1,0,0,0,0,0,0,0,0,0,0,0,1,0,1.0,1.0,1.0,0.0,0.0,0.0,4,0,0
434,41,15,26,0,11,8,22,11,10,1,0,0,0,0,0,0,0,0,0,0,0,0,0,1.0,1.0,1.0,0.0,0.0,0.0,4,0,0
435,41,15,26,0,11,8,22,11,10,1,0,0,0,0,0,0,0,0,0,0,0,0,0,1.0,1.0,1.0,0.0,0.0,0.0,4,0,0
436,41,15,26,0,11,8,22,11,10,1,0,0,0,0,0,0,0,0,0,0,0,0,0,1.0,1.0,1.0,0.0,0.0,0.0,4,0,0
437,41,15,26,0,10,9,22,11,10,1,0,0,0,0,0,0,0,0,0,0,0,0,0,1.0,1.0,1.0,0.0,0.0,0.0,4,0,0
438,41,15,26,0,10,9,22,11,10,1,0,0,0,0,0,0,0,0,0,0,0,0,0,1.0,1.0,1.0,0.0,0.0,0.0,4,0,0
439,41,15,26,0,10,9,22,11,10,1,0,0,0,0,0,0,0,0,0,0,0,0,0,1.0,1.0,1.0,0.0,0.0,0.0,4,0,0
440,41,15,26,0,10,9,22,11,10,1,0,0,0,0,0,0,0,0,0,0,0,0,0,1.0,1.0,1.0,0.0,0.0,0.0,4,0,0
441,41,15,26,0,10,9,22,11,10,0,0,0,0,0,0,0,0,0,0,0,0,0,0,1.0,1.0,1.0,0.0,0.0,0.0,4,0,0
442,41,15,26,0,10,9,22,11,11,0,0,0,0,0,0,0,8,1,0,0,0,0,0,1.0,1.0,1.0,0.0,0.0,0.125,4,0,0
443,41,15,26,0,10,9,22,11,11,0,0,0,0,0,0,0,0,0,0,0,0,0,0,1.0,1.0,1.0,0.0,0.0,0.0,4,0,0
444,41,15,26,0,10,9,22,11,11,0,0,0,0,0,0,0,0,0,0,0,0,0,0,1.0,1.0,1.0,0.0,0.0,0.0,4,0,0
445,41,15,26,0,10,9,22,11,11,0,0,0,0,0,0,0,0,0,0,0,0,0,0,1.0,1.0,1.0,0.0,0.0,0.0,4,0,0
446,41,15,26,0,10,9,22,11,11,0,0,0,0,0,0,0,0,0,0,0,0,0,0,1.0,1.0,1.0,0.0,0.0,0.0,4,0,0
447,41,15,26,0,10,9,22,11,11,0,0,0,0,0,0,0,0,0,0,0,0,0,0,1.0,1.0,1.0,0.0,0.0,0.0,4,0,0
448,41,15,26,0,10,9,22,11,11,0,0,0,0,0,0,0,0,0,0,0,0,0,0,1.0,1.0,1.0,0.0,0.0,0.0,4,0,0
449,41,15,26,0,10,8,23,12,12,0,0,0,0,0,0,0,8,1,0,0,0,0,0,1.0,1.0,1.0,0.0,0.0,0.125,4,0,0
450,41,15,26,0,10,8,23,12,12,0,0,0,0,0,0,0,0,0,0,0,0,0,0,1.0,1.0,1.0,0.0,0.0,0.0,4,0,0
451,41,15,26,0,10,8,23,12,12,0,0,0,0,0,0,0,0,0,0,0,0,0,0,1.0,1.0,1.0,0.0,0.0,0.0,4,0,0
452,41,15,26,0,10,8,23,12,12,0,0,0,0,0,0,0,0,0,0,0,0,0,0,1.0,1.0,1.0,0.0,0.0,0.0,4,0,0
453,41,15,26,0,10,8,23,12,12,0,0,0,0,0,0,0,0,0,0,0,0,0,0,1.0,1.0,1.0,0.0,0.0,0.0,4,0,0
454,41,15,26,0,10,8,23,12,12,0,0,0,0,0,0,0,0,0,0,0,0,0,0,1.0,1.0,1.0,0.0,0.0,0.0,4,0,0
455,41,15,26,0,10,8,23,12,12,0,0,0,0,0,0,0,0,0,0,0,0,0,0,1.0,1.0,1.0,0.0,0.0,0.0,4,0,0
456,41,15,26,0,10,8,23,12,12,0,0,0,0,0,0,0,0,0,0,0,0,0,0,1.0,1.0,1.0,0.0,0.0,0.0,4,0,0
457,41,15,26,0,10,8,23,12,12,0,0,0,0,0,0,0,0,0,0,0,0,0,0,1.0,1.0,1.0,0.0,0.0,0.0,4,0,0
458,41,15,26,0,10,8,23,12,12,0,0,0,0,0,0,0,0,0,0,0,0,0,0,1.0,1.0,1.0,0.0,0.0,0.0,4,0,0
459,41,15,26,0,10,8,23,12,12,0,0,0,0,0,0,0,0,0,0,0,0,0,0,1.0,1.0,1.0,0.0,0.0,0.0,4,0,0
460,54,22,32,13,10,8,23,12,8,0,4,0,0,0,0,0,0,0,0,4,0,0,0,1.0,1.0,1.0,0.3170731707317073,0.3170731707317073,0.0,4,13,0
461,68,29,39,28,9,7,24,13,5,0,8,0,0,0,0,0,7,1,0,4,1,0,1,0.9565217391304348,1.0,1.0,0.2777777777777778,0.2777777777777778,0.14285714285714285,4,15,1
462,67,29,38,27,9,7,24,13,5,0,8,0,0,0,0,0,0,0,0,0,1,0,1,0.972972972972973,1.0,1.0,0.0,0.0,0.0,4,0,1
463,61,24,37,22,9,7,23,13,5,0,8,0,0,0,0,0,0,0,0,0,5,0,5,0.8611111111111112,0.9090909090909091,1.0,0.0,0.0,0.0,4,0,6
464,60,23,37,22,8,7,23,13,5,0,8,0,0,0,0,0,0,0,0,0,1,0,1,0.967741935483871,1.0,1.0,0.0,0.0,0.0,4,0,1
465,60,23,37,22,8,7,23,13,5,0,8,0,0,0,0,0,0,0,0,0,0,0,0,1.0,1.0,1.0,0.0,0.0,0.0,4,0,0
466,60,23,37,22,8,7,23,13,5,0,8,0,0,0,0,0,0,0,0,0,0,0,0,1.0,1.0,1.0,0.0,0.0,0.0,4,0,0
467,59,23,36,22,7,7,23,13,5,0,8,0,0,0,0,0,0,0,0,0,1,0,1,0.9666666666666667,1.0,1.0,0.0,0.0,0.0,4,0,1
468,63,25,38,26,7,7,23,13,4,0,9,0,0,0,0,0,0,0,0,1,0,0,0,1.0,1.0,1.0,0.06779661016949153,0.06779661016949153,0.0,4,4,0
469,61,24,37,25,7,7,22,13,4,0,9,0,0,0,0,0,0,0,0,0,1,0,1,0.9696969696969697,0.9,1.0,0.0,0.0,0.0,4,0,2
470,60,24,36,25,6,7,22,13,4,0,9,0,0,0,0,0,0,0,0,0,1,0,1,0.96875,1.0,1.0,0.0,0.0,0.0,4,0,1
471,57,22,35,22,6,7,22,13,4,0,9,0,0,0,0,0,0,0,0,0,3,0,3,0.9032258064516129,1.0,1.0,0.0,0.0,0.0,4,0,3
472,56,21,35,22,6,7,21,13,4,0,9,0,0,0,0,0,0,0,0,0,0,0,0,1.0,0.8888888888888888,1.0,0.0,0.0,0.0,4,0,1
473,56,21,35,22,6,7,21,13,4,0,9,0,0,0,0,0,0,0,0,0,0,0,0,1.0,1.0,1.0,0.0,0.0,0.0,4,0,0
474,56,21,35,22,6,7,21,13,4,0,9,0,0,0,0,0,0,0,0,0,0,0,0,1.0,1.0,1.0,0.0,0.0,0.0,4,0,0
475,60,23,37,26,6,7,21,13,3,0,10,0,0,0,0,0,0,0,0,1,0,0,0,1.0,1.0,1.0,0.07142857142857142,0.07142857142857142,0.0,4,4,0
476,60,23,37,26,6,7,21,13,3,0,10,0,0,0,0,0,0,0,0,0,0,0,0,1.0,1.0,1.0,0.0,0.0,0.0,4,0,0
477,60,23,37,26,6,7,21,13,3,0,10,0,0,0,0,0,0,0,0,0,0,0,0,1.0,1.0,1.0,0.0,0.0,0.0,4,0,0
478,60,23,37,26,6,7,21,13,3,0,10,0,0,0,0,0,0,0,0,0,0,0,0,1.0,1.0,1.0,0.0,0.0,0.0,4,0,0
479,60,23,37,26,6,7,21,13,3,0,10,0,0,0,0,0,0,0,0,0,0,0,0,1.0,1.0,1.0,0.0,0.0,0.0,4,0,0
480,58,22,36,25,6,6,21,13,3,0,10,0,0,0,0,0,0,0,0,0,1,0,1,0.96875,1.0,1.0,0.0,0.0,0.0,4,0,2
481,57,22,35,24,6,6,21,13,3,0,10,0,0,0,0,0,0,0,0,0,1,0,1,0.967741935483871,1.0,1.0,0.0,0.0,0.0,4,0,1
482,57,22,35,24,6,6,21,13,3,0,10,0,0,0,0,0,0,0,0,0,0,0,0,1.0,1.0,1.0,0.0,0.0,0.0,4,0,0
483,56,21,35,24,5,6,21,13,3,0,10,0,0,0,0,0,0,0,0,0,1,0,1,0.9666666666666667,1.0,1.0,0.0,0.0,0.0,4,0,1
484,56,21,35,24,5,6,21,13,3,0,10,0,0,0,0,0,0,0,0,0,0,0,0,1.0,1.0,1.0,0.0,0.0,0.0,4,0,0
485,56,21,35,24,5,6,21,13,3,0,10,0,0,0,0,0,0,0,0,0,0,0,0,1.0,1.0,1.0,0.0,0.0,0.0,4,0,0
486,55,20,35,23,5,6,21,13,3,0,10,0,0,0,0,0,0,0,0,0,1,0,1,0.9655172413793104,1.0,1.0,0.0,0.0,0.0,4,0,1
487,55,20,35,23,5,6,21,13,3,0,10,0,0,0,0,0,0,0,0,0,0,0,0,1.0,1.0,1.0,0.0,0.0,0.0,4,0,0
488,54,19,35,22,5,6,21,13,3,0,10,0,0,0,0,0,0,0,0,0,1,0,1,0.9642857142857143,1.0,1.0,0.0,0.0,0.0,4,0,1
489,54,19,35,22,5,6,21,13,3,0,10,0,0,0,0,0,0,0,0,0,0,0,0,1.0,1.0,1.0,0.0,0.0,0.0,4,0,0
490,53,19,34,21,5,6,21,13,3,0,10,0,0,0,0,0,0,0,0,0,1,0,1,0.962962962962963,1.0,1.0,0.0,0.0,0.0,4,0,1
491,53,19,34,21,5,6,21,13,3,0,10,0,0,0,0,0,0,0,0,0,0,0,0,1.0,1.0,1.0,0.0,0.0,0.0,4,0,0
492,52,19,33,20,5,6,21,13,3,0,10,0,0,0,0,0,0,0,0,0,1,0,1,0.9615384615384616,1.0,1.0,0.0,0.0,0.0,4,0,1
493,52,19,33,20,5,6,21,13,3,0,10,0,0,0,0,0,0,0,0,0,0,0,0,1.0,1.0,1.0,0.0,0.0,0.0,4,0,0
494,52,19,33,20,5,6,21,13,3,0,10,0,0,0,0,0,0,0,0,0,0,0,0,1.0,1.0,1.0,0.0,0.0,0.0,4,0,0
495,52,19,33,20,5,6,21,13,3,0,10,0,0,0,0,0,0,0,0,0,0,0,0,1.0,1.0,1.0,0.0,0.0,0.0,4,0,0
496,52,19,33,20,5,6,21,13,3,0,10,0,0,0,0,0,0,0,0,0,0,0,0,1.0,1.0,1.0,0.0,0.0,0.0,4,0,0
497,52,19,33,20,5,6,21,13,3,0,10,0,0,0,0,0,0,0,0,0,0,0,0,1.0,1.0,1.0,0.0,0.0,0.0,4,0,0
498,52,19,33,20,5,6,21,13,3,0,10,0,0,0,0,0,0,0,0,0,0,0,0,1.0,1.0,1.0,0.0,0.0,0.0,4,0,0
499,52,19,33,20,5,6,21,13,3,0,10,0,0,0,0,0,0,0,0,0,0,0,0,1.0,1.0,1.0,0.0,0.0,0.0,4,0,0
500,52,19,33,20,5,6,21,13,3,0,10,0,0,0,0,0,0,0,0,0,0,1,0,1.0,1.0,1.0,0.0,0.0,0.0,4,0,0
501,51,18,33,20,5,6,20,13,3,0,10,0,0,0,0,0,0,0,0,0,0,0,0,1.0,0.875,1.0,0.0,0.0,0.0,4,0,1
502,50,18,32,20,5,5,20,13,3,0,10,0,0,0,0,0,0,0,0,0,0,0,0,1.0,1.0,1.0,0.0,0.0,0.0,4,0,1
503,50,18,32,14,11,5,20,13,3,0,10,0,0,0,0,0,0,0,0,0,0,1,0,1.0,1.0,1.0,0.0,0.0,0.0,4,0,0
504,50,18,32,5,19,6,20,13,3,0,10,0,0,0,0,0,0,0,0,0,0,0,0,1.0,1.0,1.0,0.0,0.0,0.0,4,0,0
505,50,18,32,5,19,6,20,13,3,0,6,0,0,0,0,0,0,0,0,0,0,0,0,1.0,1.0,1.0,0.0,0.0,0.0,4,0,0
506,50,18,32,5,19,6,20,13,4,0,2,0,0,0,0,0,9,1,0,0,0,0,0,1.0,1.0,1.0,0.0,0.0,0.1111111111111111,4,0,0
507,53,18,35,8,18,7,20,13,6,1,3,0,0,0,0,0,17,3,1,1,0,0,0,1.0,1.0,1.0,0.06,0.06,0.17647058823529413,4,3,0
508,53,18,35,8,18,7,20,13,7,1,3,0,0,0,0,0,11,1,0,0,0,0,0,1.0,1.0,1.0,0.0,0.0,0.09090909090909091,4,0,0
509,53,18,35,8,18,7,20,13,7,1,3,0,0,0,0,0,2,0,0,0,0,1,0,1.0,1.0,1.0,0.0,0.0,0.0,4,0,0
510,53,18,35,8,18,7,20,13,7,1,3,0,0,0,0,0,2,0,0,0,0,0,0,1.0,1.0,1.0,0.0,0.0,0.0,4,0,0
511,53,18,35,5,21,7,20,13,7,1,3,0,0,0,0,0,8,0,0,0,0,0,0,1.0,1.0,1.0,0.0,0.0,0.0,4,0,0
512,53,18,35,5,21,7,20,13,7,1,3,0,0,0,0,0,0,0,0,0,0,0,0,1.0,1.0,1.0,0.0,0.0,0.0,4,0,0
513,53,18,35,5,20,8,20,13,7,1,2,0,0,0,0,0,0,0,0,0,0,0,0,1.0,1.0,1.0,0.0,0.0,0.0,4,0,0
514,57,22,35,9,20,8,20,13,6,1,3,0,0,0,0,0,3,0,0,1,0,0,0,1.0,1.0,1.0,0.07547169811320754,0.07547169811320754,0.0,4,4,0
515,57,22,35,9,20,7,21,14,8,1,3,0,0,0,0,0,13,2,0,0,0,0,0,1.0,1.0,1.0,0.0,0.0,0.15384615384615385,4,0,0
516,57,22,35,9,20,7,21,14,8,1,3,0,0,0,0,0,0,0,0,0,0,0,0,1.0,1.0,1.0,0.0,0.0,0.0,4,0,0
517,57,22,35,9,20,7,21,14,8,1,3,0,0,0,0,0,0,0,0,0,0,0,0,1.0,1.0,1.0,0.0,0.0,0.0,4,0,0
518,56,22,34,7,21,7,21,14,8,1,3,0,0,0,0,0,0,0,0,0,1,0,1,0.9655172413793104,1.0,1.0,0.0,0.0,0.0,4,0,1
519,55,21,34,7,20,7,21,14,8,1,3,0,0,0,0,0,1,0,0,0,1,0,1,0.9642857142857143,1.0,1.0,0.0,0.0,0.0,4,0,1
520,55,21,34,7,20,7,21,14,9,1,2,0,0,0,0,0,7,1,0,0,0,0,0,1.0,1.0,1.0,0.0,0.0,0.14285714285714285,4,0,0
521,55,21,34,7,20,7,21,14,11,1,2,0,0,0,0,0,15,2,0,0,0,0,0,1.0,1.0,1.0,0.0,0.0,0.13333333333333333,4,0,0
522,55,21,34,7,20,7,21,14,11,1,2,0,0,0,0,0,0,0,0,0,0,0,0,1.0,1.0,1.0,0.0,0.0,0.0,4,0,0
523,55,21,34,7,20,6,22,15,11,1,2,0,0,0,0,0,0,0,0,0,0,0,0,1.0,1.0,1.0,0.0,0.0,0.0,4,0,0
524,55,21,34,7,20,6,22,15,11,1,2,0,0,0,0,0,0,0,0,0,0,0,0,1.0,1.0,1.0,0.0,0.0,0.0,4,0,0
525,54,21,33,7,19,5,23,15,12,1,2,0,0,0,0,0,6,1,0,0,1,0,1,0.962962962962963,1.0,1.0,0.0,0.0,0.16666666666666666,4,0,1
526,56,22,34,10,19,5,22,14,10,1,3,0,0,0,0,0,0,0,0,1,0,0,0,1.0,1.0,0.9333333333333333,0.05555555555555555,0.05555555555555555,0.0,4,3,1
527,56,22,34,10,19,5,22,14,10,1,3,0,0,0,0,0,0,0,0,0,0,0,0,1.0,1.0,1.0,0.0,0.0,0.0,4,0,0
528,56,22,34,10,19,5,22,14,10,1,3,0,0,0,0,0,0,0,0,0,0,0,0,1.0,1.0,1.0,0.0,0.0,0.0,4,0,0
529,55,21,34,9,19,5,22,14,10,1,3,0,0,0,0,0,0,0,0,0,1,0,1,0.9655172413793104,1.0,1.0,0.0,0.0,0.0,4,0,1
530,55,21,34,9,19,5,22,14,10,1,3,0,0,0,0,0,0,0,0,0,0,0,0,1.0,1.0,1.0,0.0,0.0,0.0,4,0,0
531,54,20,34,9,18,5,22,14,10,1,3,0,0,0,0,0,0,0,0,0,1,0,1,0.9642857142857143,1.0,1.0,0.0,0.0,0.0,4,0,1
532,53,20,33,9,17,5,22,14,10,1,3,0,0,0,0,0,0,0,0,0,1,0,1,0.962962962962963,1.0,1.0,0.0,0.0,0.0,4,0,1
533,53,20,33,9,17,5,22,14,10,1,3,0,0,0,0,0,0,0,0,0,0,0,0,1.0,1.0,1.0,0.0,0.0,0.0,4,0,0
534,53,20,33,9,17,5,22,14,10,1,3,0,0,0,0,0,0,0,0,0,0,0,0,1.0,1.0,1.0,0.0,0.0,0.0,4,0,0
535,53,20,33,9,17,5,22,14,10,1,3,0,0,0,0,0,0,0,0,0,0,0,0,1.0,1.0,1.0,0.0,0.0,0.0,4,0,0
536,53,20,33,9,17,5,22,14,10,1,3,0,0,0,0,0,0,0,0,0,0,1,0,1.0,1.0,1.0,0.0,0.0,0.0,4,0,0
537,53,20,33,9,17,5,22,14,10,1,3,0,0,0,0,0,0,0,0,0,0,0,0,1.0,1.0,1.0,0.0,0.0,0.0,4,0,0
538,53,20,33,9,17,5,22,14,10,1,3,0,0,0,0,0,0,0,0,0,0,0,0,1.0,1.0,1.0,0.0,0.0,0.0,4,0,0
539,52,19,33,9,16,5,22,14,10,1,3,0,0,0,0,0,0,0,0,0,1,0,1,0.9615384615384616,1.0,1.0,0.0,0.0,0.0,4,0,1
540,52,19,33,9,15,6,22,14,10,1,3,0,0,0,0,0,0,0,0,0,0,0,0,1.0,1.0,1.0,0.0,0.0,0.0,4,0,0
541,52,19,33,9,15,6,22,14,10,1,3,0,0,0,0,0,0,0,0,0,0,0,0,1.0,1.0,1.0,0.0,0.0,0.0,4,0,0
542,50,18,32,8,14,6,22,14,10,1,3,0,0,0,0,0,0,0,0,0,2,0,2,0.9166666666666666,1.0,1.0,0.0,0.0,0.0,4,0,2
543,50,18,32,8,14,6,22,14,10,1,3,0,0,0,0,0,0,0,0,0,0,0,0,1.0,1.0,1.0,0.0,0.0,0.0,4,0,0
544,50,18,32,8,14,6,22,14,10,1,3,0,0,0,0,0,0,0,0,0,0,0,0,1.0,1.0,1.0,0.0,0.0,0.0,4,0,0
545,50,18,32,8,14,6,22,14,10,1,3,0,0,0,0,0,0,0,0,0,0,0,0,1.0,1.0,1.0,0.0,0.0,0.0,4,0,0
546,50,18,32,8,14,6,22,14,10,1,3,0,0,0,0,0,0,0,0,0,0,0,0,1.0,1.0,1.0,0.0,0.0,0.0,4,0,0
547,49,17,32,8,14,5,22,14,10,1,3,0,0,0,0,0,0,0,0,0,0,0,0,1.0,1.0,1.0,0.0,0.0,0.0,4,0,1
548,48,17,31,8,13,5,22,14,10,1,3,0,0,0,0,0,0,0,0,0,1,0,1,0.9545454545454546,1.0,1.0,0.0,0.0,0.0,4,0,1
549,47,16,31,7,13,5,22,14,10,1,3,0,0,0,0,0,0,0,0,0,1,0,1,0.9523809523809523,1.0,1.0,0.0,0.0,0.0,4,0,1
550,47,16,31,4,16,5,22,14,10,1,3,0,0,0,0,0,0,0,0,0,0,0,0,1.0,1.0,1.0,0.0,0.0,0.0,4,0,0
551,47,16,31,4,16,5,22,14,10,1,3,0,0,0,0,0,0,0,0,0,0,0,0,1.0,1.0,1.0,0.0,0.0,0.0,4,0,0
552,46,16,30,4,15,5,22,14,10,0,2,0,0,0,0,0,0,0,0,0,1,0,1,0.95,1.0,1.0,0.0,0.0,0.0,4,0,1
553,46,16,30,4,15,5,22,14,12,0,2,0,0,0,0,0,9,2,0,0,0,0,0,1.0,1.0,1.0,0.0,0.0,0.2222222222222222,4,0,0
554,46,16,30,4,15,5,22,14,12,0,2,0,0,0,0,0,0,0,0,0,0,0,0,1.0,1.0,1.0,0.0,0.0,0.0,4,0,0
555,45,15,30,3,15,5,22,14,12,0,2,0,0,0,0,0,0,0,0,0,1,0,1,0.9473684210526316,1.0,1.0,0.0,0.0,0.0,4,0,1
556,45,15,30,3,15,5,22,14,12,0,2,0,0,0,0,0,0,0,0,0,0,0,0,1.0,1.0,1.0,0.0,0.0,0.0,4,0,0
557,45,15,30,2,16,5,22,14,12,0,2,0,0,0,0,0,0,0,0,0,0,0,0,1.0,1.0,1.0,0.0,0.0,0.0,4,0,0
558,45,15,30,2,16,5,22,14,12,0,2,0,0,0,0,0,0,0,0,0,0,0,0,1.0,1.0,1.0,0.0,0.0,0.0,4,0,0
559,45,15,30,2,16,5,22,14,12,0,1,0,0,0,0,0,0,0,0,0,0,0,0,1.0,1.0,1.0,0.0,0.0,0.0,4,0,0
560,45,15,30,2,16,5,22,14,13,0,1,0,0,0,0,0,3,1,0,0,0,0,0,1.0,1.0,1.0,0.0,0.0,0.3333333333333333,4,0,0
561,45,15,30,2,16,5,22,14,13,0,1,0,0,0,0,0,0,0,0,0,0,0,0,1.0,1.0,1.0,0.0,0.0,0.0,4,0,0
562,45,15,30,2,16,4,23,15,13,0,1,0,0,0,0,0,0,0,0,0,0,0,0,1.0,1.0,1.0,0.0,0.0,0.0,4,0,0
563,45,15,30,2,16,4,23,15,13,0,1,0,0,0,0,0,0,0,0,0,0,0,0,1.0,1.0,1.0,0.0,0.0,0.0,4,0,0
564,45,15,30,2,16,3,24,16,15,0,1,0,0,0,0,0,6,2,0,0,0,0,0,1.0,1.0,1.0,0.0,0.0,0.3333333333333333,4,0,0
565,45,15,30,2,16,3,24,16,15,0,1,0,0,0,0,0,0,0,0,0,0,0,0,1.0,1.0,1.0,0.0,0.0,0.0,4,0,0
566,45,15,30,2,16,3,24,16,15,0,1,0,0,0,0,0,0,0,0,0,0,0,0,1.0,1.0,1.0,0.0,0.0,0.0,4,0,0
567,44,15,29,2,15,3,24,16,15,0,1,0,0,0,0,0,0,0,0,0,1,0,1,0.9444444444444444,1.0,1.0,0.0,0.0,0.0,4,0,1
568,44,15,29,2,15,3,24,16,15,0,1,0,0,0,0,0,0,0,0,0,0,0,0,1.0,1.0,1.0,0.0,0.0,0.0,4,0,0
569,44,15,29,0,17,3,24,16,15,0,1,0,0,0,0,0,0,0,0,0,0,0,0,1.0,1.0,1.0,0.0,0.0,0.0,4,0,0
570,44,15,29,0,17,3,24,16,15,0,1,0,0,0,0,0,0,0,0,0,0,0,0,1.0,1.0,1.0,0.0,0.0,0.0,4,0,0
571,47,17,30,3,17,3,24,16,14,0,1,0,0,0,0,0,0,0,0,1,0,0,0,1.0,1.0,1.0,0.06818181818181818,0.06818181818181818,0.0,4,3,0
572,53,18,35,9,17,3,24,16,13,0,3,0,0,0,0,0,7,1,0,2,0,0,0,1.0,1.0,1.0,0.1276595744680851,0.1276595744680851,0.14285714285714285,4,6,0
573,57,21,36,13,17,3,24,16,12,0,4,0,0,0,0,0,0,0,0,1,0,0,0,1.0,1.0,1.0,0.07547169811320754,0.07547169811320754,0.0,4,4,0
574,56,20,36,13,16,3,24,16,12,0,4,0,0,0,0,0,0,0,0,0,1,0,1,0.9666666666666667,1.0,1.0,0.0,0.0,0.0,4,0,1
575,56,20,36,13,16,3,24,16,12,0,4,0,0,0,0,0,0,0,0,0,0,0,0,1.0,1.0,1.0,0.0,0.0,0.0,4,0,0
576,53,18,35,12,14,3,24,16,12,0,4,0,0,0,0,0,0,0,0,0,3,0,3,0.896551724137931,1.0,1.0,0.0,0.0,0.0,4,0,3
577,53,18,35,12,14,3,24,16,12,0,4,0,0,0,0,0,0,0,0,0,0,0,0,1.0,1.0,1.0,0.0,0.0,0.0,4,0,0
578,53,18,35,12,14,3,24,16,12,0,4,0,0,0,0,0,0,0,0,0,0,0,0,1.0,1.0,1.0,0.0,0.0,0.0,4,0,0
579,53,18,35,12,14,3,24,16,12,0,4,0,0,0,0,0,0,0,0,0,0,0,0,1.0,1.0,1.0,0.0,0.0,0.0,4,0,0
580,61,20,41,20,14,3,24,16,10,0,6,0,0,0,0,0,0,0,0,2,0,0,0,1.0,1.0,1.0,0.1509433962264151,0.1509433962264151,0.0,4,8,0
581,60,20,40,19,14,3,24,16,10,0,6,0,0,0,0,0,0,0,0,0,1,0,1,0.9705882352941176,1.0,1.0,0.0,0.0,0.0,4,0,1
582,57,19,38,17,13,3,24,16,10,0,6,0,0,0,0,0,0,0,0,0,3,0,3,0.9090909090909091,1.0,1.0,0.0,0.0,0.0,4,0,3
583,57,19,38,17,13,3,24,16,10,0,6,0,0,0,0,0,0,0,0,0,0,0,0,1.0,1.0,1.0,0.0,0.0,0.0,4,0,0
584,55,19,36,16,12,3,24,16,10,0,6,0,0,0,0,0,0,0,0,0,2,0,2,0.9333333333333333,1.0,1.0,0.0,0.0,0.0,4,0,2
585,58,22,36,19,12,3,24,16,9,0,7,0,0,0,0,0,0,0,0,1,0,0,0,1.0,1.0,1.0,0.05454545454545454,0.05454545454545454,0.0,4,3,0
586,65,26,39,26,12,3,24,16,7,0,9,0,0,0,0,0,0,0,0,2,0,0,0,1.0,1.0,1.0,0.1206896551724138,0.1206896551724138,0.0,4,7,0
587,65,26,39,26,12,3,24,16,7,0,9,0,0,0,0,0,0,0,0,0,0,0,0,1.0,1.0,1.0,0.0,0.0,0.0,4,0,0
588,61,24,37,22,12,3,24,16,7,0,9,0,0,0,0,0,0,0,0,0,4,0,4,0.8947368421052632,1.0,1.0,0.0,0.0,0.0,4,0,4
589,61,24,37,22,12,3,24,16,7,0,9,0,0,0,0,0,0,0,0,0,0,0,0,1.0,1.0,1.0,0.0,0.0,0.0,4,0,0
590,64,25,39,25,12,3,24,16,6,0,10,0,0,0,0,0,0,0,0,1,0,0,0,1.0,1.0,1.0,0.04918032786885246,0.04918032786885246,0.0,4,3,0
591,64,25,39,25,12,3,24,16,6,0,10,0,0,0,0,0,0,0,0,0,0,0,0,1.0,1.0,1.0,0.0,0.0,0.0,4,0,0
592,62,23,39,24,11,3,24,16,6,0,10,0,0,0,0,0,0,0,0,0,2,0,2,0.9459459459459459,1.0,1.0,0.0,0.0,0.0,4,0,2
593,60,23,37,23,10,2,25,17,7,0,10,0,0,0,0,0,3,1,0,0,2,0,2,0.9428571428571428,1.0,1.0,0.0,0.0,0.3333333333333333,4,0,2
594,59,23,36,22,10,1,26,18,7,0,10,0,0,0,0,0,2,0,0,0,1,0,1,0.9696969696969697,1.0,1.0,0.0,0.0,0.0,4,0,1
595,59,23,36,22,10,1,26,18,7,0,10,0,0,0,0,0,0,0,0,0,0,0,0,1.0,1.0,1.0,0.0,0.0,0.0,4,0,0
596,59,23,36,22,10,1,26,18,7,0,10,0,0,0,0,0,0,0,0,0,0,0,0,1.0,1.0,1.0,0.0,0.0,0.0,4,0,0
597,58,23,35,21,10,1,26,18,7,0,10,0,0,0,0,0,0,0,0,0,1,0,1,0.96875,1.0,1.0,0.0,0.0,0.0,4,0,1
598,58,23,35,21,10,1,26,18,7,0,10,0,0,0,0,0,0,0,0,0,0,0,0,1.0,1.0,1.0,0.0,0.0,0.0,4,0,0
599,57,23,34,20,10,1,26,18,7,0,10,0,0,0,0,0,0,0,0,0,1,0,1,0.967741935483871,1.0,1.0,0.0,0.0,0.0,4,0,1
600,57,23,34,20,10,1,26,18,7,0,10,0,0,0,0,0,0,0,0,0,0,0,0,1.0,1.0,1.0,0.0,0.0,0.0,4,0,0
601,56,23,33,20,9,1,26,18,7,0,10,0,0,0,0,0,0,0,0,0,1,0,1,0.9666666666666667,1.0,1.0,0.0,0.0,0.0,4,0,1
602,55,23,32,20,9,1,25,17,7,0,10,0,0,0,0,0,0,0,0,0,0,0,0,1.0,1.0,0.9444444444444444,0.0,0.0,0.0,4,0,1
603,55,23,32,20,9,1,25,17,7,0,10,0,0,0,0,0,0,0,0,0,0,0,0,1.0,1.0,1.0,0.0,0.0,0.0,4,0,0
604,54,22,32,19,9,1,25,17,7,0,10,0,0,0,0,0,0,0,0,0,1,0,1,0.9655172413793104,1.0,1.0,0.0,0.0,0.0,4,0,1
605,54,22,32,19,9,1,25,17,7,0,10,0,0,0,0,0,0,0,0,0,0,0,0,1.0,1.0,1.0,0.0,0.0,0.0,4,0,0
606,54,22,32,19,9,1,25,17,7,0,10,0,0,0,0,0,0,0,0,0,0,0,0,1.0,1.0,1.0,0.0,0.0,0.0,4,0,0
607,52,21,31,18,8,1,25,17,7,0,10,0,0,0,0,0,0,0,0,0,2,0,2,0.9285714285714286,1.0,1.0,0.0,0.0,0.0,4,0,2
608,52,21,31,18,8,1,25,17,7,0,10,0,0,0,0,0,0,0,0,0,0,0,0,1.0,1.0,1.0,0.0,0.0,0.0,4,0,0
609,51,21,30,17,8,1,25,17,7,0,10,0,0,0,0,0,0,0,0,0,1,0,1,0.9615384615384616,1.0,1.0,0.0,0.0,0.0,4,0,1
610,51,21,30,17,8,1,25,17,7,0,10,0,0,0,0,0,0,0,0,0,0,0,0,1.0,1.0,1.0,0.0,0.0,0.0,4,0,0
611,51,21,30,17,8,1,25,17,7,0,10,0,0,0,0,0,0,0,0,0,0,0,0,1.0,1.0,1.0,0.0,0.0,0.0,4,0,0
612,49,21,28,17,6,1,25,17,7,0,10,0,0,0,0,0,0,0,0,0,2,0,2,0.92,1.0,1.0,0.0,0.0,0.0,4,0,2
613,49,21,28,17,6,0,26,18,7,0,10,0,0,0,0,0,0,0,0,0,0,0,0,1.0,1.0,1.0,0.0,0.0,0.0,4,0,0
614,49,21,28,17,6,0,26,18,7,0,10,0,0,0,0,0,0,0,0,0,0,0,0,1.0,1.0,1.0,0.0,0.0,0.0,4,0,0
615,49,21,28,13,10,0,26,18,7,0,10,0,0,0,0,0,0,0,0,0,0,0,0,1.0,1.0,1.0,0.0,0.0,0.0,4,0,0
616,49,21,28,11,12,0,26,18,8,0,9,0,0,0,0,0,5,1,0,0,0,0,0,1.0,1.0,1.0,0.0,0.0,0.2,4,0,0
617,48,20,28,11,12,0,25,18,8,1,7,0,0,0,0,0,3,0,1,0,0,0,0,1.0,0.875,1.0,0.0,0.0,0.0,4,0,1
618,54,23,31,17,12,0,25,18,8,1,8,0,0,0,0,0,12,2,0,2,1,0,1,0.9565217391304348,1.0,1.0,0.14583333333333334,0.14583333333333334,0.16666666666666666,4,7,1
619,54,23,31,17,12,0,25,18,8,1,8,0,0,0,0,0,2,0,0,0,0,0,0,1.0,1.0,1.0,0.0,0.0,0.0,4,0,0
620,54,23,31,17,12,0,25,18,9,1,8,0,0,0,0,0,7,1,0,0,0,0,0,1.0,1.0,1.0,0.0,0.0,0.14285714285714285,4,0,0
621,54,23,31,17,12,0,25,18,9,1,8,0,0,0,0,0,0,0,0,0,0,0,0,1.0,1.0,1.0,0.0,0.0,0.0,4,0,0
622,54,23,31,17,12,0,25,18,9,1,8,0,0,0,0,0,0,0,0,0,0,0,0,1.0,1.0,1.0,0.0,0.0,0.0,4,0,0
623,53,22,31,13,15,0,25,18,9,1,8,0,0,0,0,0,0,0,0,0,1,0,1,0.9655172413793104,1.0,1.0,0.0,0.0,0.0,4,0,1
624,53,22,31,13,15,0,25,18,9,1,8,0,0,0,0,0,0,0,0,0,0,0,0,1.0,1.0,1.0,0.0,0.0,0.0,4,0,0
625,56,22,34,17,14,0,25,18,8,1,7,0,0,0,0,0,0,0,0,1,1,0,1,0.9642857142857143,1.0,1.0,0.07547169811320754,0.07547169811320754,0.0,4,4,1
626,56,22,34,17,14,0,25,18,9,1,7,0,0,0,0,0,12,1,0,0,0,0,0,1.0,1.0,1.0,0.0,0.0,0.08333333333333333,4,0,0
627,56,22,34,17,14,0,25,18,10,1,7,0,0,0,0,0,5,1,0,0,0,0,0,1.0,1.0,1.0,0.0,0.0,0.2,4,0,0
628,54,21,33,16,13,0,25,18,10,1,7,0,0,0,0,0,0,0,0,0,2,0,2,0.935483870967742,1.0,1.0,0.0,0.0,0.0,4,0,2
629,62,25,37,20,17,0,25,18,8,1,9,0,0,0,0,0,0,0,0,2,0,0,0,1.0,1.0,1.0,0.14814814814814814,0.14814814814814814,0.0,4,8,0
630,61,24,37,20,16,0,25,18,8,1,8,0,0,0,0,0,0,0,0,0,1,0,1,0.972972972972973,1.0,1.0,0.0,0.0,0.0,4,0,1
631,61,24,37,20,16,0,25,18,9,1,6,0,0,0,0,0,3,1,0,0,0,0,0,1.0,1.0,1.0,0.0,0.0,0.3333333333333333,4,0,0
632,60,24,36,19,16,0,25,18,10,1,6,0,0,0,0,0,10,1,0,0,1,0,1,0.9722222222222222,1.0,1.0,0.0,0.0,0.1,4,0,1
633,59,23,36,17,17,0,25,18,11,1,6,0,0,0,0,0,7,1,0,0,1,0,1,0.9714285714285714,1.0,1.0,0.0,0.0,0.14285714285714285,4,0,1
634,58,23,35,16,17,0,25,18,11,1,6,0,0,0,0,0,0,0,0,0,1,0,1,0.9705882352941176,1.0,1.0,0.0,0.0,0.0,4,0,1
635,57,23,34,15,17,0,25,18,11,1,5,0,0,0,0,0,0,0,0,0,1,0,1,0.9696969696969697,1.0,1.0,0.0,0.0,0.0,4,0,1
636,57,23,34,15,17,0,25,18,12,1,5,0,0,0,0,0,7,1,0,0,0,0,0,1.0,1.0,1.0,0.0,0.0,0.14285714285714285,4,0,0
637,61,24,37,19,17,0,25,18,11,1,6,0,0,0,0,0,0,0,0,1,0,0,0,1.0,1.0,1.0,0.07017543859649122,0.07017543859649122,0.0,4,4,0
638,59,23,36,19,15,0,25,18,11,1,6,0,0,0,0,0,0,0,0,0,2,0,2,0.9444444444444444,1.0,1.0,0.0,0.0,0.0,4,0,2
639,57,22,35,19,13,0,25,18,11,1,6,0,0,0,0,0,0,0,0,0,2,0,2,0.9411764705882353,1.0,1.0,0.0,0.0,0.0,4,0,2
640,56,22,34,18,13,0,25,18,11,1,6,0,0,0,0,0,0,0,0,0,1,1,1,0.96875,1.0,1.0,0.0,0.0,0.0,4,0,1
641,55,21,34,17,13,0,25,18,11,1,6,0,0,0,0,0,0,0,0,0,1,0,1,0.967741935483871,1.0,1.0,0.0,0.0,0.0,4,0,1
642,55,21,34,17,13,0,25,18,11,1,6,0,0,0,0,0,0,0,0,0,0,0,0,1.0,1.0,1.0,0.0,0.0,0.0,4,0,0
643,55,21,34,17,13,0,25,18,11,1,6,0,0,0,0,0,0,0,0,0,0,0,0,1.0,1.0,1.0,0.0,0.0,0.0,4,0,0
644,55,21,34,17,12,1,25,18,11,1,6,0,0,0,0,0,0,0,0,0,0,0,0,1.0,1.0,1.0,0.0,0.0,0.0,4,0,0
645,54,21,33,16,12,1,25,18,11,1,6,0,0,0,0,0,0,0,0,0,1,0,1,0.9655172413793104,1.0,1.0,0.0,0.0,0.0,4,0,1
646,54,21,33,16,12,1,25,18,11,1,6,0,0,0,0,0,0,0,0,0,0,0,0,1.0,1.0,1.0,0.0,0.0,0.0,4,0,0
647,54,21,33,16,12,1,25,18,11,1,6,0,0,0,0,0,0,0,0,0,0,0,0,1.0,1.0,1.0,0.0,0.0,0.0,4,0,0
648,52,20,32,15,11,1,25,18,11,1,6,0,0,0,0,0,0,0,0,0,2,0,2,0.9285714285714286,1.0,1.0,0.0,0.0,0.0,4,0,2
649,52,20,32,15,11,1,25,18,11,1,6,0,0,0,0,0,0,0,0,0,0,0,0,1.0,1.0,1.0,0.0,0.0,0.0,4,0,0
650,52,20,32,15,11,1,25,18,11,1,6,0,0,0,0,0,0,0,0,0,0,0,0,1.0,1.0,1.0,0.0,0.0,0.0,4,0,0
651,52,20,32,15,11,1,25,18,11,1,6,0,0,0,0,0,0,0,0,0,0,0,0,1.0,1.0,1.0,0.0,0.0,0.0,4,0,0
652,52,20,32,15,11,1,25,18,11,1,6,0,0,0,0,0,0,0,0,0,0,0,0,1.0,1.0,1.0,0.0,0.0,0.0,4,0,0
653,51,19,32,14,11,1,25,18,11,1,6,0,0,0,0,0,0,0,0,0,1,0,1,0.9615384615384616,1.0,1.0,0.0,0.0,0.0,4,0,1
654,51,19,32,14,11,1,25,18,11,1,6,0,0,0,0,0,0,0,0,0,0,0,0,1.0,1.0,1.0,0.0,0.0,0.0,4,0,0
655,51,19,32,14,11,1,25,18,11,1,6,0,0,0,0,0,0,0,0,0,0,0,0,1.0,1.0,1.0,0.0,0.0,0.0,4,0,0
656,51,19,32,14,11,1,25,18,11,1,6,0,0,0,0,0,0,0,0,0,0,0,0,1.0,1.0,1.0,0.0,0.0,0.0,4,0,0
657,51,19,32,14,11,1,25,18,11,1,6,0,0,0,0,0,0,0,0,0,0,0,0,1.0,1.0,1.0,0.0,0.0,0.0,4,0,0
658,54,20,34,17,11,1,25,18,10,1,7,0,0,0,0,0,0,0,0,1,0,0,0,1.0,1.0,1.0,0.058823529411764705,0.058823529411764705,0.0,4,3,0
659,54,20,34,17,11,1,25,18,10,1,7,0,0,0,0,0,0,0,0,0,0,0,0,1.0,1.0,1.0,0.0,0.0,0.0,4,0,0
660,54,20,34,17,11,1,25,18,10,1,7,0,0,0,0,0,0,0,0,0,0,0,0,1.0,1.0,1.0,0.0,0.0,0.0,4,0,0
661,54,20,34,13,15,1,25,18,10,1,7,0,0,0,0,0,0,0,0,0,0,0,0,1.0,1.0,1.0,0.0,0.0,0.0,4,0,0
662,54,20,34,13,15,1,25,18,10,0,7,0,0,0,0,0,0,0,0,0,0,0,0,1.0,1.0,1.0,0.0,0.0,0.0,4,0,0
663,54,20,34,13,15,1,25,18,11,0,5,0,0,0,0,0,3,1,0,0,0,0,0,1.0,1.0,1.0,0.0,0.0,0.3333333333333333,4,0,0
664,53,19,34,12,15,1,25,18,12,1,5,0,0,0,0,0,8,1,1,0,1,0,1,0.9642857142857143,1.0,1.0,0.0,0.0,0.125,4,0,1
665,52,19,33,11,15,1,25,18,12,1,5,0,0,0,0,0,0,0,0,0,1,0,1,0.962962962962963,1.0,1.0,0.0,0.0,0.0,4,0,1
666,52,19,33,11,15,1,25,18,12,1,5,0,0,0,0,0,0,0,0,0,0,0,0,1.0,1.0,1.0,0.0,0.0,0.0,4,0,0
667,52,19,33,11,15,1,25,18,12,1,5,0,0,0,0,0,0,0,0,0,0,0,0,1.0,1.0,1.0,0.0,0.0,0.0,4,0,0
668,51,18,33,9,16,1,25,18,12,1,5,0,0,0,0,0,0,0,0,0,1,0,1,0.9615384615384616,1.0,1.0,0.0,0.0,0.0,4,0,1
669,51,18,33,9,16,1,25,18,12,1,5,0,0,0,0,0,0,0,0,0,0,0,0,1.0,1.0,1.0,0.0,0.0,0.0,4,0,0
670,50,17,33,9,15,1,25,18,12,1,4,0,0,0,0,0,0,0,0,0,1,0,1,0.96,1.0,1.0,0.0,0.0,0.0,4,0,1
671,50,17,33,9,15,1,25,18,12,1,4,0,0,0,0,0,0,0,0,0,0,0,0,1.0,1.0,1.0,0.0,0.0,0.0,4,0,0
672,50,17,33,6,18,1,25,18,12,1,4,0,0,0,0,0,0,0,0,0,0,0,0,1.0,1.0,1.0,0.0,0.0,0.0,4,0,0
673,50,17,33,6,18,1,25,18,12,1,4,0,0,0,0,0,0,0,0,0,0,0,0,1.0,1.0,1.0,0.0,0.0,0.0,4,0,0
674,50,17,33,6,18,1,25,18,12,1,2,0,0,0,0,0,0,0,0,0,0,0,0,1.0,1.0,1.0,0.0,0.0,0.0,4,0,0
675,50,17,33,6,18,1,25,18,12,1,2,0,0,0,0,0,0,0,0,0,0,0,0,1.0,1.0,1.0,0.0,0.0,0.0,4,0,0
676,50,17,33,6,18,1,25,18,12,1,2,0,0,0,0,0,0,0,0,0,0,0,0,1.0,1.0,1.0,0.0,0.0,0.0,4,0,0
677,50,17,33,6,18,1,25,18,12,1,2,0,0,0,0,0,0,0,0,0,0,0,0,1.0,1.0,1.0,0.0,0.0,0.0,4,0,0
678,50,17,33,6,18,1,25,18,12,1,2,0,0,0,0,0,0,0,0,0,0,0,0,1.0,1.0,1.0,0.0,0.0,0.0,4,0,0
679,48,16,32,6,17,1,24,17,11,1,2,0,0,0,0,0,0,0,0,0,1,0,1,0.9583333333333334,1.0,0.9444444444444444,0.0,0.0,0.0,4,0,2
680,47,16,31,3,19,1,24,17,11,1,2,0,0,0,0,0,0,0,0,0,1,0,1,0.9565217391304348,1.0,1.0,0.0,0.0,0.0,4,0,1
681,51,18,33,7,19,1,24,17,10,1,3,0,0,0,0,0,0,0,0,1,0,0,0,1.0,1.0,1.0,0.0851063829787234,0.0851063829787234,0.0,4,4,0
682,51,18,33,7,19,1,24,17,10,1,2,0,0,0,0,0,0,0,0,0,0,0,0,1.0,1.0,1.0,0.0,0.0,0.0,4,0,0
683,57,20,37,13,19,1,24,17,8,1,4,0,0,0,0,0,0,0,0,2,1,0,1,0.9615384615384616,1.0,1.0,0.13725490196078433,0.13725490196078433,0.0,4,7,1
684,57,20,37,13,19,1,24,17,8,1,4,0,0,0,0,0,0,0,0,0,0,0,0,1.0,1.0,1.0,0.0,0.0,0.0,4,0,0
685,56,19,37,12,19,1,24,17,8,1,4,0,0,0,0,0,0,0,0,0,1,0,1,0.96875,1.0,1.0,0.0,0.0,0.0,4,0,1
686,56,19,37,12,19,1,24,17,8,1,4,0,0,0,0,0,0,0,0,0,0,0,0,1.0,1.0,1.0,0.0,0.0,0.0,4,0,0
687,56,19,37,12,19,1,24,17,8,1,4,0,0,0,0,0,0,0,0,0,0,0,0,1.0,1.0,1.0,0.0,0.0,0.0,4,0,0
688,56,19,37,12,19,1,24,17,8,1,4,0,0,0,0,0,0,0,0,0,0,0,0,1.0,1.0,1.0,0.0,0.0,0.0,4,0,0
689,55,19,36,12,18,1,24,17,8,1,4,0,0,0,0,0,0,0,0,0,1,0,1,0.967741935483871,1.0,1.0,0.0,0.0,0.0,4,0,1
690,55,19,36,12,18,1,24,17,8,1,4,0,0,0,0,0,0,0,0,0,0,0,0,1.0,1.0,1.0,0.0,0.0,0.0,4,0,0
691,58,18,40,15,18,1,24,17,7,1,5,0,0,0,0,0,0,0,0,1,1,0,1,0.9666666666666667,1.0,1.0,0.07272727272727272,0.07272727272727272,0.0,4,4,1
692,62,21,41,19,18,1,24,17,6,1,6,0,0,0,0,0,0,0,0,1,0,0,0,1.0,1.0,1.0,0.06896551724137931,0.06896551724137931,0.0,4,4,0
693,61,21,40,18,18,1,24,17,6,1,6,0,0,0,0,0,0,0,0,0,1,0,1,0.972972972972973,1.0,1.0,0.0,0.0,0.0,4,0,1
694,59,19,40,16,18,1,24,17,6,1,6,0,0,0,0,0,0,0,0,0,2,1,2,0.9444444444444444,1.0,1.0,0.0,0.0,0.0,4,0,2
695,59,19,40,16,18,1,24,17,6,1,6,0,0,0,0,0,0,0,0,0,0,0,0,1.0,1.0,1.0,0.0,0.0,0.0,4,0,0
696,61,21,40,18,18,1,24,17,5,1,7,0,0,0,0,0,0,0,0,1,1,0,1,0.9705882352941176,1.0,1.0,0.05084745762711865,0.05084745762711865,0.0,4,3,1
697,61,23,38,19,17,1,24,17,4,1,8,0,0,0,0,0,0,0,0,1,3,0,3,0.9166666666666666,1.0,1.0,0.04918032786885246,0.04918032786885246,0.0,4,3,3
698,64,26,38,22,16,2,24,17,3,1,9,0,0,0,0,0,0,0,0,1,1,0,1,0.9714285714285714,1.0,1.0,0.06557377049180328,0.06557377049180328,0.0,4,4,1
699,60,24,36,20,14,2,24,17,3,1,9,0,0,0,0,0,0,0,0,0,4,0,4,0.8947368421052632,1.0,1.0,0.0,0.0,0.0,4,0,4
700,60,24,36,20,14,2,24,17,3,1,9,0,0,0,0,0,0,0,0,0,0,0,0,1.0,1.0,1.0,0.0,0.0,0.0,4,0,0
701,62,28,34,21,15,2,24,17,2,1,10,0,0,0,0,0,0,0,0,1,2,0,2,0.9411764705882353,1.0,1.0,0.06666666666666667,0.06666666666666667,0.0,4,4,2
702,60,27,33,20,14,2,24,17,2,1,10,0,0,0,0,0,0,0,0,0,2,0,2,0.9444444444444444,1.0,1.0,0.0,0.0,0.0,4,0,2
703,60,27,33,20,14,2,24,17,2,1,9,0,0,0,0,0,0,0,0,0,0,0,0,1.0,1.0,1.0,0.0,0.0,0.0,4,0,0
704,59,27,32,20,13,2,24,17,2,1,9,0,0,0,0,0,0,0,0,0,1,0,1,0.9705882352941176,1.0,1.0,0.0,0.0,0.0,4,0,1
705,59,27,32,20,13,2,24,17,2,1,9,0,0,0,0,0,0,0,0,0,0,0,0,1.0,1.0,1.0,0.0,0.0,0.0,4,0,0
706,59,27,32,20,13,2,24,17,2,1,9,0,0,0,0,0,0,0,0,0,0,0,0,1.0,1.0,1.0,0.0,0.0,0.0,4,0,0
707,59,27,32,20,13,2,24,17,2,1,9,0,0,0,0,0,0,0,0,0,0,0,0,1.0,1.0,1.0,0.0,0.0,0.0,4,0,0
708,59,27,32,20,13,2,24,17,2,1,9,0,0,0,0,0,0,0,0,0,0,0,0,1.0,1.0,1.0,0.0,0.0,0.0,4,0,0
709,59,27,32,20,13,2,24,17,2,0,9,0,0,0,0,0,0,0,0,0,0,0,0,1.0,1.0,1.0,0.0,0.0,0.0,4,0,0
710,59,27,32,20,13,2,24,17,2,0,9,0,0,0,0,0,0,0,0,0,0,0,0,1.0,1.0,1.0,0.0,0.0,0.0,4,0,0
711,57,25,32,19,12,2,24,17,2,0,9,0,0,0,0,0,0,0,0,0,2,0,2,0.9393939393939394,1.0,1.0,0.0,0.0,0.0,4,0,2
712,57,25,32,19,12,2,24,17,2,0,9,0,0,0,0,0,0,0,0,0,0,0,0,1.0,1.0,1.0,0.0,0.0,0.0,4,0,0
713,56,24,32,18,12,2,24,17,2,0,9,0,0,0,0,0,0,0,0,0,1,0,1,0.967741935483871,1.0,1.0,0.0,0.0,0.0,4,0,1
714,56,24,32,18,12,2,24,17,2,0,9,0,0,0,0,0,0,0,0,0,0,0,0,1.0,1.0,1.0,0.0,0.0,0.0,4,0,0
715,56,24,32,18,12,2,24,17,2,0,9,0,0,0,0,0,0,0,0,0,0,0,0,1.0,1.0,1.0,0.0,0.0,0.0,4,0,0
716,54,24,30,17,11,2,24,17,2,0,9,0,0,0,0,0,0,0,0,0,2,0,2,0.9333333333333333,1.0,1.0,0.0,0.0,0.0,4,0,2
717,53,23,30,17,10,2,24,17,2,0,9,0,0,0,0,0,0,0,0,0,1,0,1,0.9642857142857143,1.0,1.0,0.0,0.0,0.0,4,0,1
718,53,23,30,17,10,2,24,17,2,0,9,0,0,0,0,0,0,0,0,0,0,0,0,1.0,1.0,1.0,0.0,0.0,0.0,4,0,0
719,53,23,30,17,10,2,24,17,2,0,9,0,0,0,0,0,0,0,0,0,0,0,0,1.0,1.0,1.0,0.0,0.0,0.0,4,0,0
720,52,22,30,16,10,2,24,17,2,0,9,0,0,0,0,0,0,0,0,0,1,0,1,0.962962962962963,1.0,1.0,0.0,0.0,0.0,4,0,1
721,52,22,30,16,10,2,24,17,2,0,9,0,0,0,0,0,0,0,0,0,0,0,0,1.0,1.0,1.0,0.0,0.0,0.0,4,0,0
722,51,22,29,16,10,2,23,16,2,0,9,0,0,0,0,0,0,0,0,0,0,0,0,1.0,1.0,0.9411764705882353,0.0,0.0,0.0,4,0,1
723,49,20,29,14,10,2,23,16,2,0,9,0,0,0,0,0,0,0,0,0,2,0,2,0.9230769230769231,1.0,1.0,0.0,0.0,0.0,4,0,2
724,49,20,29,13,11,2,23,16,2,0,9,0,0,0,0,0,0,0,0,0,0,0,0,1.0,1.0,1.0,0.0,0.0,0.0,4,0,0
725,49,20,29,13,11,2,23,16,2,0,9,0,0,0,0,0,0,0,0,0,0,0,0,1.0,1.0,1.0,0.0,0.0,0.0,4,0,0
726,49,20,29,11,13,2,23,16,2,0,8,0,0,0,0,0,0,0,0,0,0,0,0,1.0,1.0,1.0,0.0,0.0,0.0,4,0,0
727,49,20,29,11,13,2,23,16,2,0,8,0,0,0,0,0,0,0,0,0,0,0,0,1.0,1.0,1.0,0.0,0.0,0.0,4,0,0
728,53,21,32,15,13,2,23,16,1,0,7,0,0,0,0,0,0,0,0,1,0,0,0,1.0,1.0,1.0,0.08163265306122448,0.08163265306122448,0.0,4,4,0
729,55,24,31,18,12,2,23,16,0,0,8,0,0,0,0,0,0,0,0,1,2,0,2,0.9285714285714286,1.0,1.0,0.07547169811320754,0.07547169811320754,0.0,4,4,2
730,55,24,31,18,12,2,23,16,0,0,8,0,0,0,0,0,0,0,0,0,0,0,0,1.0,1.0,1.0,0.0,0.0,0.0,4,0,0
731,53,24,29,17,12,2,22,15,0,0,8,0,0,0,0,0,0,0,0,0,1,0,1,0.9666666666666667,1.0,0.9375,0.0,0.0,0.0,4,0,2
732,52,24,28,16,12,2,22,15,0,0,8,0,0,0,0,0,0,0,0,0,1,0,1,0.9655172413793104,1.0,1.0,0.0,0.0,0.0,4,0,1
733,52,24,28,16,12,2,22,15,0,0,8,0,0,0,0,0,0,0,0,0,0,0,0,1.0,1.0,1.0,0.0,0.0,0.0,4,0,0
734,52,24,28,16,12,2,22,15,0,0,8,0,0,0,0,0,0,0,0,0,0,0,0,1.0,1.0,1.0,0.0,0.0,0.0,4,0,0
735,51,24,27,13,14,2,22,15,0,0,8,0,0,0,0,0,0,0,0,0,1,0,1,0.9642857142857143,1.0,1.0,0.0,0.0,0.0,4,0,1
736,51,24,27,13,14,2,22,15,0,0,7,0,0,0,0,0,0,0,0,0,0,0,0,1.0,1.0,1.0,0.0,0.0,0.0,4,0,0
737,51,24,27,13,14,2,22,15,0,0,6,0,0,0,0,0,0,0,0,0,0,0,0,1.0,1.0,1.0,0.0,0.0,0.0,4,0,0
738,50,23,27,13,13,2,22,15,0,0,6,0,0,0,0,0,0,0,0,0,1,0,1,0.962962962962963,1.0,1.0,0.0,0.0,0.0,4,0,1
739,49,22,27,10,15,2,22,15,0,0,6,0,0,0,0,0,0,0,0,0,1,0,1,0.9615384615384616,1.0,1.0,0.0,0.0,0.0,4,0,1
740,49,22,27,9,16,2,22,15,0,0,6,0,0,0,0,0,0,0,0,0,0,0,0,1.0,1.0,1.0,0.0,0.0,0.0,4,0,0
741,49,22,27,6,19,2,22,15,0,0,5,0,0,0,0,0,0,0,0,0,0,0,0,1.0,1.0,1.0,0.0,0.0,0.0,4,0,0
742,49,22,27,6,19,2,22,15,0,0,4,0,0,0,0,0,0,0,0,0,0,0,0,1.0,1.0,1.0,0.0,0.0,0.0,4,0,0
743,49,22,27,6,19,2,22,15,0,0,3,0,0,0,0,0,0,0,0,0,0,0,0,1.0,1.0,1.0,0.0,0.0,0.0,4,0,0
744,49,22,27,5,20,2,22,15,0,0,3,0,0,0,0,0,0,0,0,0,0,0,0,1.0,1.0,1.0,0.0,0.0,0.0,4,0,0
745,49,22,27,5,20,2,22,15,0,0,3,0,0,0,0,0,0,0,0,0,0,0,0,1.0,1.0,1.0,0.0,0.0,0.0,4,0,0
746,49,22,27,5,20,2,22,15,0,0,2,0,0,0,0,0,0,0,0,0,0,0,0,1.0,1.0,1.0,0.0,0.0,0.0,4,0,0
747,49,22,27,5,20,2,22,15,0,0,2,0,0,0,0,0,0,0,0,0,0,0,0,1.0,1.0,1.0,0.0,0.0,0.0,4,0,0
748,49,22,27,5,20,2,22,15,0,0,2,0,0,0,0,0,0,0,0,0,0,0,0,1.0,1.0,1.0,0.0,0.0,0.0,4,0,0
749,48,21,27,5,19,2,22,15,0,0,2,0,0,0,0,0,0,0,0,0,1,0,1,0.96,1.0,1.0,0.0,0.0,0.0,4,0,1
750,48,21,27,5,19,2,22,15,0,0,2,0,0,0,0,0,0,0,0,0,0,0,0,1.0,1.0,1.0,0.0,0.0,0.0,4,0,0
751,48,21,27,5,19,2,22,15,0,0,2,0,0,0,0,0,0,0,0,0,0,0,0,1.0,1.0,1.0,0.0,0.0,0.0,4,0,0
752,47,21,26,5,18,2,22,15,0,0,2,0,0,0,0,0,0,0,0,0,1,1,1,0.9583333333333334,1.0,1.0,0.0,0.0,0.0,4,0,1
753,47,21,26,5,18,2,22,15,0,0,2,0,0,0,0,0,0,0,0,0,0,0,0,1.0,1.0,1.0,0.0,0.0,0.0,4,0,0
754,47,21,26,5,18,2,22,15,0,0,2,0,0,0,0,0,0,0,0,0,0,0,0,1.0,1.0,1.0,0.0,0.0,0.0,4,0,0
755,47,21,26,5,18,2,22,15,0,0,2,0,0,0,0,0,0,0,0,0,0,0,0,1.0,1.0,1.0,0.0,0.0,0.0,4,0,0
756,47,21,26,5,17,3,22,15,0,0,2,0,0,0,0,0,0,0,0,0,0,0,0,1.0,1.0,1.0,0.0,0.0,0.0,4,0,0
757,47,21,26,5,17,3,22,15,0,0,2,0,0,0,0,0,0,0,0,0,0,0,0,1.0,1.0,1.0,0.0,0.0,0.0,4,0,0
758,47,21,26,5,17,3,22,15,0,0,2,0,0,0,0,0,0,0,0,0,0,0,0,1.0,1.0,1.0,0.0,0.0,0.0,4,0,0
759,47,21,26,5,17,3,22,15,0,0,2,0,0,0,0,0,0,0,0,0,0,0,0,1.0,1.0,1.0,0.0,0.0,0.0,4,0,0
760,47,21,26,5,17,3,22,15,3,0,2,0,0,0,0,0,19,3,0,0,0,1,0,1.0,1.0,1.0,0.0,0.0,0.15789473684210525,4,0,0
761,47,21,26,5,17,3,22,15,4,1,2,0,0,0,0,0,13,1,1,0,0,0,0,1.0,1.0,1.0,0.0,0.0,0.07692307692307693,4,0,0
762,47,21,26,5,17,3,22,15,7,2,2,0,0,0,0,0,11,3,1,0,0,0,0,1.0,1.0,1.0,0.0,0.0,0.2727272727272727,4,0,0
763,46,20,26,5,16,3,22,15,9,2,2,0,0,0,0,0,14,2,0,0,1,0,1,0.9545454545454546,1.0,1.0,0.0,0.0,0.14285714285714285,4,0,1
764,46,20,26,5,15,4,22,15,9,3,2,0,0,0,0,0,2,0,1,0,0,0,0,1.0,1.0,1.0,0.0,0.0,0.0,4,0,0
765,46,20,26,5,15,4,22,15,9,3,2,0,0,0,0,0,0,0,0,0,0,0,0,1.0,1.0,1.0,0.0,0.0,0.0,4,0,0
766,46,20,26,5,15,4,22,15,9,3,2,0,0,0,0,0,0,0,0,0,0,0,0,1.0,1.0,1.0,0.0,0.0,0.0,4,0,0
767,46,20,26,5,15,4,22,15,9,3,2,0,0,0,0,0,0,0,0,0,0,0,0,1.0,1.0,1.0,0.0,0.0,0.0,4,0,0
768,46,20,26,5,15,4,22,15,9,3,2,0,0,0,0,0,0,0,0,0,0,0,0,1.0,1.0,1.0,0.0,0.0,0.0,4,0,0
769,46,20,26,5,15,4,22,15,9,3,2,0,0,0,0,0,0,0,0,0,0,0,0,1.0,1.0,1.0,0.0,0.0,0.0,4,0,0
770,46,20,26,5,15,4,22,15,9,3,2,0,0,0,0,0,0,0,0,0,0,1,0,1.0,1.0,1.0,0.0,0.0,0.0,4,0,0
771,45,20,25,3,16,4,22,15,9,3,2,0,0,0,0,0,0,0,0,0,1,0,1,0.95,1.0,1.0,0.0,0.0,0.0,4,0,1
772,45,20,25,0,19,4,22,15,9,3,2,0,0,0,0,0,0,0,0,0,0,0,0,1.0,1.0,1.0,0.0,0.0,0.0,4,0,0
773,45,20,25,0,19,4,22,15,9,4,1,0,0,0,0,0,1,0,1,0,0,0,0,1.0,1.0,1.0,0.0,0.0,0.0,4,0,0
774,45,20,25,0,18,5,22,15,10,4,0,0,0,0,0,0,5,1,0,0,0,0,0,1.0,1.0,1.0,0.0,0.0,0.2,4,0,0
775,45,20,25,0,18,5,22,15,11,4,0,0,0,0,0,0,2,1,0,0,0,0,0,1.0,1.0,1.0,0.0,0.0,0.5,4,0,0
776,45,20,25,0,18,5,22,15,11,4,0,0,0,0,0,0,0,0,0,0,0,0,0,1.0,1.0,1.0,0.0,0.0,0.0,4,0,0
777,45,20,25,0,18,5,22,15,11,4,0,0,0,0,0,0,0,0,0,0,0,0,0,1.0,1.0,1.0,0.0,0.0,0.0,4,0,0
778,45,20,25,0,18,5,22,15,11,4,0,0,0,0,0,0,0,0,0,0,0,0,0,1.0,1.0,1.0,0.0,0.0,0.0,4,0,0
779,45,20,25,0,18,5,22,15,11,4,0,0,0,0,0,0,0,0,0,0,0,0,0,1.0,1.0,1.0,0.0,0.0,0.0,4,0,0
780,45,20,25,0,18,5,22,15,11,4,0,0,0,0,0,0,0,0,0,0,0,0,0,1.0,1.0,1.0,0.0,0.0,0.0,4,0,0
781,44,20,24,0,17,5,22,15,11,4,0,0,0,0,0,0,0,0,0,0,1,0,1,0.9444444444444444,1.0,1.0,0.0,0.0,0.0,4,0,1
782,44,20,24,0,17,5,22,15,11,4,0,0,0,0,0,0,0,0,0,0,0,0,0,1.0,1.0,1.0,0.0,0.0,0.0,4,0,0
783,44,20,24,0,17,5,22,15,11,4,0,0,0,0,0,0,0,0,0,0,0,0,0,1.0,1.0,1.0,0.0,0.0,0.0,4,0,0
784,44,20,24,0,17,5,22,15,11,4,0,0,0,0,0,0,0,0,0,0,0,0,0,1.0,1.0,1.0,0.0,0.0,0.0,4,0,0
785,44,20,24,0,17,5,22,15,11,4,0,0,0,0,0,0,0,0,0,0,0,0,0,1.0,1.0,1.0,0.0,0.0,0.0,4,0,0
786,44,20,24,0,17,5,22,15,11,4,0,0,0,0,0,0,0,0,0,0,0,0,0,1.0,1.0,1.0,0.0,0.0,0.0,4,0,0
787,44,20,24,0,17,5,22,15,11,4,0,0,0,0,0,0,0,0,0,0,0,0,0,1.0,1.0,1.0,0.0,0.0,0.0,4,0,0
788,44,20,24,0,17,5,22,15,11,4,0,0,0,0,0,0,0,0,0,0,0,0,0,1.0,1.0,1.0,0.0,0.0,0.0,4,0,0
789,44,20,24,0,17,5,22,15,11,4,0,0,0,0,0,0,0,0,0,0,0,0,0,1.0,1.0,1.0,0.0,0.0,0.0,4,0,0
790,44,20,24,0,17,5,22,15,11,4,0,0,0,0,0,0,0,0,0,0,0,0,0,1.0,1.0,1.0,0.0,0.0,0.0,4,0,0
791,44,20,24,0,17,5,22,15,11,4,0,0,0,0,0,0,0,0,0,0,0,0,0,1.0,1.0,1.0,0.0,0.0,0.0,4,0,0
792,44,20,24,0,17,5,22,15,11,4,0,0,0,0,0,0,0,0,0,0,0,0,0,1.0,1.0,1.0,0.0,0.0,0.0,4,0,0
793,44,20,24,0,17,5,22,15,11,4,0,0,0,0,0,0,0,0,0,0,0,0,0,1.0,1.0,1.0,0.0,0.0,0.0,4,0,0
794,44,20,24,0,17,5,22,15,11,4,0,0,0,0,0,0,0,0,0,0,0,0,0,1.0,1.0,1.0,0.0,0.0,0.0,4,0,0
795,44,20,24,0,17,5,22,15,11,4,0,0,0,0,0,0,0,0,0,0,0,0,0,1.0,1.0,1.0,0.0,0.0,0.0,4,0,0
796,44,20,24,0,17,5,22,15,11,4,0,0,0,0,0,0,0,0,0,0,0,0,0,1.0,1.0,1.0,0.0,0.0,0.0,4,0,0
797,44,20,24,0,17,5,22,15,11,4,0,0,0,0,0,0,0,0,0,0,0,0,0,1.0,1.0,1.0,0.0,0.0,0.0,4,0,0
798,44,20,24,0,17,5,22,15,11,4,0,0,0,0,0,0,0,0,0,0,0,2,0,1.0,1.0,1.0,0.0,0.0,0.0,4,0,0
799,44,20,24,0,17,5,22,15,11,4,0,0,0,0,0,0,0,0,0,0,0,0,0,1.0,1.0,1.0,0.0,0.0,0.0,4,0,0
800,44,20,24,0,17,5,22,15,11,4,0,0,0,0,0,0,0,0,0,0,0,0,0,1.0,1.0,1.0,0.0,0.0,0.0,4,0,0
801,44,20,24,0,17,5,22,15,11,4,0,0,0,0,0,0,0,0,0,0,0,0,0,1.0,1.0,1.0,0.0,0.0,0.0,4,0,0
802,44,20,24,0,15,7,22,15,11,4,0,0,0,0,0,0,0,0,0,0,0,0,0,1.0,1.0,1.0,0.0,0.0,0.0,4,0,0
803,44,20,24,0,15,7,22,15,11,4,0,0,0,0,0,0,0,0,0,0,0,0,0,1.0,1.0,1.0,0.0,0.0,0.0,4,0,0
804,44,20,24,0,15,7,22,15,11,4,0,0,0,0,0,0,0,0,0,0,0,0,0,1.0,1.0,1.0,0.0,0.0,0.0,4,0,0
805,43,19,24,0,14,7,22,15,11,4,0,0,0,0,0,0,0,0,0,0,1,0,1,0.9333333333333333,1.0,1.0,0.0,0.0,0.0,4,0,1
806,43,19,24,0,14,7,22,15,11,3,0,0,0,0,0,0,0,0,0,0,0,0,0,1.0,1.0,1.0,0.0,0.0,0.0,4,0,0
807,43,19,24,0,14,7,22,15,11,2,0,0,0,0,0,0,6,0,0,0,0,0,0,1.0,1.0,1.0,0.0,0.0,0.0,4,0,0
808,43,19,24,0,14,7,22,15,11,2,0,0,0,0,0,0,2,0,0,0,0,0,0,1.0,1.0,1.0,0.0,0.0,0.0,4,0,0
809,43,19,24,0,14,7,22,15,12,2,0,0,0,0,0,0,4,1,1,0,0,0,0,1.0,1.0,1.0,0.0,0.0,0.25,4,0,0
810,43,19,24,0,14,7,22,15,13,2,0,0,0,0,0,0,5,1,0,0,0,0,0,1.0,1.0,1.0,0.0,0.0,0.2,4,0,0
811,43,19,24,0,14,7,22,15,13,2,0,0,0,0,0,0,0,0,0,0,0,0,0,1.0,1.0,1.0,0.0,0.0,0.0,4,0,0
812,43,19,24,0,14,7,22,15,13,2,0,0,0,0,0,0,0,0,0,0,0,0,0,1.0,1.0,1.0,0.0,0.0,0.0,4,0,0
813,43,19,24,0,14,7,22,15,13,2,0,0,0,0,0,0,0,0,0,0,0,0,0,1.0,1.0,1.0,0.0,0.0,0.0,4,0,0
814,43,19,24,0,14,7,22,15,13,2,0,0,0,0,0,0,0,0,0,0,0,0,0,1.0,1.0,1.0,0.0,0.0,0.0,4,0,0
815,43,19,24,0,14,7,22,15,13,2,0,0,0,0,0,0,0,0,0,0,0,0,0,1.0,1.0,1.0,0.0,0.0,0.0,4,0,0
816,43,19,24,0,14,7,22,15,13,2,0,0,0,0,0,0,0,0,0,0,0,0,0,1.0,1.0,1.0,0.0,0.0,0.0,4,0,0
817,43,19,24,0,14,7,22,15,13,2,0,0,0,0,0,0,0,0,0,0,0,2,0,1.0,1.0,1.0,0.0,0.0,0.0,4,0,0
818,43,19,24,0,14,7,22,15,13,1,0,0,0,0,0,0,0,0,0,0,0,0,0,1.0,1.0,1.0,0.0,0.0,0.0,4,0,0
819,43,19,24,0,14,7,22,15,14,1,0,0,0,0,0,0,3,1,0,0,0,0,0,1.0,1.0,1.0,0.0,0.0,0.3333333333333333,4,0,0
820,43,19,24,0,14,7,22,15,14,1,0,0,0,0,0,0,0,0,0,0,0,0,0,1.0,1.0,1.0,0.0,0.0,0.0,4,0,0
821,43,19,24,0,12,9,22,15,14,1,0,0,0,0,0,0,0,0,0,0,0,0,0,1.0,1.0,1.0,0.0,0.0,0.0,4,0,0
822,43,19,24,0,12,9,22,15,14,1,0,0,0,0,0,0,0,0,0,0,0,0,0,1.0,1.0,1.0,0.0,0.0,0.0,4,0,0
823,43,19,24,0,12,9,22,15,14,1,0,0,0,0,0,0,0,0,0,0,0,0,0,1.0,1.0,1.0,0.0,0.0,0.0,4,0,0
824,43,19,24,0,12,9,22,15,14,1,0,0,0,0,0,0,0,0,0,0,0,0,0,1.0,1.0,1.0,0.0,0.0,0.0,4,0,0
825,53,21,32,10,12,9,22,15,11,1,3,0,0,0,0,0,0,0,0,3,0,0,0,1.0,1.0,1.0,0.23255813953488372,0.23255813953488372,0.0,4,10,0
826,56,24,32,13,12,9,22,15,10,1,4,0,0,0,0,0,0,0,0,1,0,0,0,1.0,1.0,1.0,0.05660377358490566,0.05660377358490566,0.0,4,3,0
827,67,28,39,24,12,9,22,15,7,1,7,0,0,0,0,0,0,0,0,3,0,0,0,1.0,1.0,1.0,0.19642857142857142,0.19642857142857142,0.0,4,11,0
828,75,30,45,32,12,9,22,15,5,1,9,0,0,0,0,0,0,0,0,2,0,0,0,1.0,1.0,1.0,0.11940298507462686,0.11940298507462686,0.0,4,8,0
829,73,29,44,30,12,9,22,15,5,1,9,0,0,0,0,0,0,0,0,0,2,0,2,0.9545454545454546,1.0,1.0,0.0,0.0,0.0,4,0,2
830,70,27,43,29,10,9,22,15,5,1,9,0,0,0,0,0,0,0,0,0,3,0,3,0.9285714285714286,1.0,1.0,0.0,0.0,0.0,4,0,3
831,70,27,43,29,10,9,22,15,5,1,9,0,0,0,0,0,0,0,0,0,0,0,0,1.0,1.0,1.0,0.0,0.0,0.0,4,0,0
832,65,25,40,25,10,9,21,15,5,1,9,0,0,0,0,0,0,0,0,0,4,0,4,0.8974358974358975,0.8571428571428572,1.0,0.0,0.0,0.0,4,0,5
833,63,23,40,25,9,8,21,15,5,1,9,0,0,0,0,0,0,0,0,0,1,0,1,0.9714285714285714,0.8571428571428572,1.0,0.0,0.0,0.0,4,0,2
834,61,23,38,23,9,8,21,15,5,1,9,0,0,0,0,0,0,0,0,0,2,0,2,0.9411764705882353,1.0,1.0,0.0,0.0,0.0,4,0,2
835,60,23,37,22,9,8,21,15,5,1,9,0,0,0,0,0,0,0,0,0,1,0,1,0.96875,1.0,1.0,0.0,0.0,0.0,4,0,1
836,60,23,37,22,9,8,21,15,5,1,9,0,0,0,0,0,0,0,0,0,0,0,0,1.0,1.0,1.0,0.0,0.0,0.0,4,0,0
837,58,22,36,20,9,8,21,15,5,1,9,0,0,0,0,0,0,0,0,0,2,0,2,0.935483870967742,1.0,1.0,0.0,0.0,0.0,4,0,2
838,57,21,36,19,9,8,21,15,5,1,9,0,0,0,0,0,0,0,0,0,1,0,1,0.9655172413793104,1.0,1.0,0.0,0.0,0.0,4,0,1
839,60,23,37,22,9,8,21,15,4,1,10,0,0,0,0,0,0,0,0,1,1,0,1,0.9642857142857143,1.0,1.0,0.07017543859649122,0.07017543859649122,0.0,4,4,1
840,64,25,39,26,9,8,21,15,3,1,11,0,0,0,0,0,0,0,0,1,0,0,0,1.0,1.0,1.0,0.06666666666666667,0.06666666666666667,0.0,4,4,0
841,63,25,38,25,9,8,21,15,3,1,11,0,0,0,0,0,0,0,0,0,1,0,1,0.9714285714285714,1.0,1.0,0.0,0.0,0.0,4,0,1
842,62,24,38,25,8,8,21,15,3,1,11,0,0,0,0,0,0,0,0,0,1,0,1,0.9705882352941176,1.0,1.0,0.0,0.0,0.0,4,0,1
843,62,24,38,25,8,8,21,15,3,1,11,0,0,0,0,0,0,0,0,0,0,0,0,1.0,1.0,1.0,0.0,0.0,0.0,4,0,0
844,62,24,38,25,8,8,21,15,3,1,11,0,0,0,0,0,0,0,0,0,0,0,0,1.0,1.0,1.0,0.0,0.0,0.0,4,0,0
845,61,23,38,24,8,8,21,15,3,1,11,0,0,0,0,0,0,0,0,0,1,0,1,0.9696969696969697,1.0,1.0,0.0,0.0,0.0,4,0,1
846,60,23,37,23,8,8,21,15,3,1,11,0,0,0,0,0,0,0,0,0,1,0,1,0.96875,1.0,1.0,0.0,0.0,0.0,4,0,1
847,58,21,37,23,8,6,21,15,3,1,11,0,0,0,0,0,0,0,0,0,0,0,0,1.0,1.0,1.0,0.0,0.0,0.0,4,0,2
848,58,21,37,23,8,6,21,15,3,1,11,0,0,0,0,0,0,0,0,0,0,0,0,1.0,1.0,1.0,0.0,0.0,0.0,4,0,0
849,58,21,37,23,8,6,21,15,3,1,11,0,0,0,0,0,0,0,0,0,0,0,0,1.0,1.0,1.0,0.0,0.0,0.0,4,0,0
850,58,21,37,23,8,6,21,15,3,1,11,0,0,0,0,0,0,0,0,0,0,0,0,1.0,1.0,1.0,0.0,0.0,0.0,4,0,0
851,56,20,36,22,8,6,20,15,3,1,11,0,0,0,0,0,0,0,0,0,1,0,1,0.967741935483871,0.8333333333333334,1.0,0.0,0.0,0.0,4,0,2
852,56,20,36,22,8,6,20,15,3,1,11,0,0,0,0,0,0,0,0,0,0,0,0,1.0,1.0,1.0,0.0,0.0,0.0,4,0,0
853,56,20,36,22,8,6,20,15,3,1,11,0,0,0,0,0,0,0,0,0,0,0,0,1.0,1.0,1.0,0.0,0.0,0.0,4,0,0
854,56,20,36,22,8,6,20,15,3,0,11,0,0,0,0,0,0,0,0,0,0,0,0,1.0,1.0,1.0,0.0,0.0,0.0,4,0,0
855,56,20,36,22,8,6,20,15,3,0,11,0,0,0,0,0,6,0,0,0,0,0,0,1.0,1.0,1.0,0.0,0.0,0.0,4,0,0
856,55,19,36,21,8,6,20,15,3,0,11,0,0,0,0,0,1,0,0,0,1,0,1,0.9666666666666667,1.0,1.0,0.0,0.0,0.0,4,0,1
857,55,19,36,21,8,6,20,15,3,0,11,0,0,0,0,0,1,0,0,0,0,0,0,1.0,1.0,1.0,0.0,0.0,0.0,4,0,0
858,53,18,35,19,8,6,20,15,4,0,11,0,0,0,0,0,5,1,0,0,2,0,2,0.9310344827586207,1.0,1.0,0.0,0.0,0.2,4,0,2
859,53,18,35,19,8,6,20,15,4,0,11,0,0,0,0,0,0,0,0,0,0,0,0,1.0,1.0,1.0,0.0,0.0,0.0,4,0,0
860,53,18,35,19,8,6,20,15,4,0,11,0,0,0,0,0,0,0,0,0,0,0,0,1.0,1.0,1.0,0.0,0.0,0.0,4,0,0
861,53,18,35,19,8,6,20,15,4,0,11,0,0,0,0,0,0,0,0,0,0,0,0,1.0,1.0,1.0,0.0,0.0,0.0,4,0,0
862,53,18,35,19,8,6,20,15,4,0,11,0,0,0,0,0,0,0,0,0,0,0,0,1.0,1.0,1.0,0.0,0.0,0.0,4,0,0
863,53,18,35,19,8,5,21,16,4,0,11,0,0,0,0,0,0,0,0,0,0,1,0,1.0,1.0,1.0,0.0,0.0,0.0,4,0,0
864,52,17,35,18,8,5,21,16,5,0,11,0,0,0,0,0,2,1,0,0,1,0,1,0.962962962962963,1.0,1.0,0.0,0.0,0.5,4,0,1
865,52,17,35,18,8,5,21,16,5,0,11,0,0,0,0,0,0,0,0,0,0,0,0,1.0,1.0,1.0,0.0,0.0,0.0,4,0,0
866,52,17,35,18,8,5,21,16,5,0,11,0,0,0,0,0,0,0,0,0,0,0,0,1.0,1.0,1.0,0.0,0.0,0.0,4,0,0
867,51,16,35,18,7,6,20,16,5,0,11,0,0,0,0,0,0,0,0,0,0,0,0,1.0,0.8,1.0,0.0,0.0,0.0,4,0,1
868,51,16,35,15,10,6,20,16,5,0,11,0,0,0,0,0,0,0,0,0,0,0,0,1.0,1.0,1.0,0.0,0.0,0.0,4,0,0
869,51,16,35,13,12,6,20,16,5,0,11,0,0,0,0,0,0,0,0,0,0,0,0,1.0,1.0,1.0,0.0,0.0,0.0,4,0,0
870,51,16,35,10,15,6,20,16,5,0,8,0,0,0,0,0,0,0,0,0,0,0,0,1.0,1.0,1.0,0.0,0.0,0.0,4,0,0
871,51,16,35,5,20,6,20,16,8,0,7,0,0,0,0,0,12,3,0,0,0,0,0,1.0,1.0,1.0,0.0,0.0,0.25,4,0,0
872,51,16,35,5,20,6,20,16,9,0,4,0,0,0,0,0,7,1,0,0,0,2,0,1.0,1.0,1.0,0.0,0.0,0.14285714285714285,4,0,0
873,51,16,35,5,20,6,20,16,9,2,2,0,0,0,0,0,4,0,2,0,0,0,0,1.0,1.0,1.0,0.0,0.0,0.0,4,0,0
874,54,19,35,8,20,6,20,16,11,2,3,0,0,0,0,0,14,3,0,1,0,0,0,1.0,1.0,1.0,0.058823529411764705,0.058823529411764705,0.21428571428571427,4,3,0
875,58,20,38,12,20,6,20,16,10,2,4,0,0,0,0,0,0,0,0,1,0,0,0,1.0,1.0,1.0,0.07407407407407407,0.07407407407407407,0.0,4,4,0
876,56,19,37,11,18,8,19,15,10,2,3,0,0,0,0,0,0,0,0,0,1,0,1,0.9666666666666667,1.0,0.9375,0.0,0.0,0.0,4,0,2
877,56,19,37,11,18,8,19,15,10,2,3,0,0,0,0,0,0,0,0,0,0,0,0,1.0,1.0,1.0,0.0,0.0,0.0,4,0,0
878,54,17,37,10,17,8,19,15,10,2,3,0,0,0,0,0,0,0,0,0,2,2,2,0.9310344827586207,1.0,1.0,0.0,0.0,0.0,4,0,2
879,54,17,37,10,17,8,19,15,10,2,3,0,0,0,0,0,0,0,0,0,0,0,0,1.0,1.0,1.0,0.0,0.0,0.0,4,0,0
880,53,17,36,10,16,8,19,15,10,2,3,0,0,0,0,0,0,0,0,0,1,0,1,0.962962962962963,1.0,1.0,0.0,0.0,0.0,4,0,1
881,53,17,36,10,16,8,19,15,10,2,3,0,0,0,0,0,0,0,0,0,0,1,0,1.0,1.0,1.0,0.0,0.0,0.0,4,0,0
882,52,16,36,8,16,9,19,15,10,2,3,0,0,0,0,0,0,0,0,0,0,0,0,1.0,1.0,1.0,0.0,0.0,0.0,4,0,1
883,52,16,36,6,18,9,19,15,10,2,3,0,0,0,0,0,0,0,0,0,0,0,0,1.0,1.0,1.0,0.0,0.0,0.0,4,0,0
884,55,17,38,9,18,9,19,15,9,2,3,0,0,0,0,0,0,0,0,1,0,0,0,1.0,1.0,1.0,0.057692307692307696,0.057692307692307696,0.0,4,3,0
885,55,17,38,9,17,10,19,15,9,2,2,0,0,0,0,0,2,0,0,0,0,0,0,1.0,1.0,1.0,0.0,0.0,0.0,4,0,0
886,55,17,38,9,17,10,19,15,9,2,2,0,0,0,0,0,6,0,0,0,0,0,0,1.0,1.0,1.0,0.0,0.0,0.0,4,0,0
887,55,17,38,9,17,9,20,16,11,2,2,0,0,0,0,0,12,2,0,0,0,0,0,1.0,1.0,1.0,0.0,0.0,0.16666666666666666,4,0,0
888,54,17,37,9,16,9,20,16,11,2,2,0,0,0,0,0,0,0,0,0,1,0,1,0.9615384615384616,1.0,1.0,0.0,0.0,0.0,4,0,1
889,54,17,37,9,16,9,20,16,11,2,2,0,0,0,0,0,0,0,0,0,0,0,0,1.0,1.0,1.0,0.0,0.0,0.0,4,0,0
890,54,17,37,9,16,9,20,16,12,2,2,0,0,0,0,0,2,1,0,0,0,0,0,1.0,1.0,1.0,0.0,0.0,0.5,4,0,0
891,53,17,36,8,16,9,20,16,12,2,2,0,0,0,0,0,0,0,0,0,1,0,1,0.96,1.0,1.0,0.0,0.0,0.0,4,0,1
892,52,16,36,8,16,8,20,16,12,2,2,0,0,0,0,0,0,0,0,0,0,0,0,1.0,1.0,1.0,0.0,0.0,0.0,4,0,1
893,51,15,36,8,16,8,19,16,12,2,2,0,0,0,0,0,0,0,0,0,0,0,0,1.0,0.75,1.0,0.0,0.0,0.0,4,0,1
894,50,15,35,8,16,8,18,15,11,2,2,0,0,0,0,0,0,0,0,0,0,0,0,1.0,1.0,0.9375,0.0,0.0,0.0,4,0,1
895,50,15,35,8,16,8,18,15,11,2,2,0,0,0,0,0,0,0,0,0,0,0,0,1.0,1.0,1.0,0.0,0.0,0.0,4,0,0
896,50,15,35,8,16,8,18,15,11,2,2,0,0,0,0,0,0,0,0,0,0,0,0,1.0,1.0,1.0,0.0,0.0,0.0,4,0,0
897,49,15,34,8,16,8,17,14,10,2,2,0,0,0,0,0,0,0,0,0,0,0,0,1.0,1.0,0.9333333333333333,0.0,0.0,0.0,4,0,1
898,49,15,34,8,16,8,17,14,10,2,2,0,0,0,0,0,0,0,0,0,0,0,0,1.0,1.0,1.0,0.0,0.0,0.0,4,0,0
899,49,15,34,8,16,8,17,14,10,2,2,0,0,0,0,0,0,0,0,0,0,0,0,1.0,1.0,1.0,0.0,0.0,0.0,4,0,0
900,49,15,34,8,16,8,17,14,10,2,2,0,0,0,0,0,0,0,0,0,0,0,0,1.0,1.0,1.0,0.0,0.0,0.0,4,0,0
901,48,14,34,8,15,8,17,14,10,2,2,0,0,0,0,0,0,0,0,0,1,0,1,0.9583333333333334,1.0,1.0,0.0,0.0,0.0,4,0,1
902,48,14,34,8,15,8,17,14,10,2,2,0,0,0,0,0,0,0,0,0,0,0,0,1.0,1.0,1.0,0.0,0.0,0.0,4,0,0
903,48,14,34,8,15,8,17,14,10,2,2,0,0,0,0,0,0,0,0,0,0,0,0,1.0,1.0,1.0,0.0,0.0,0.0,4,0,0
904,48,14,34,8,15,8,17,14,10,2,2,0,0,0,0,0,0,0,0,0,0,0,0,1.0,1.0,1.0,0.0,0.0,0.0,4,0,0
905,47,13,34,8,14,7,18,15,11,2,2,0,0,0,0,0,6,1,0,0,1,0,1,0.9565217391304348,1.0,1.0,0.0,0.0,0.16666666666666666,4,0,1
906,44,12,32,7,13,7,17,15,11,2,2,0,0,0,0,0,0,0,0,0,2,0,2,0.9090909090909091,0.6666666666666667,1.0,0.0,0.0,0.0,4,0,3
907,44,12,32,7,13,7,17,15,11,2,2,0,0,0,0,0,0,0,0,0,0,0,0,1.0,1.0,1.0,0.0,0.0,0.0,4,0,0
908,44,12,32,7,13,7,17,15,11,2,2,0,0,0,0,0,0,0,0,0,0,0,0,1.0,1.0,1.0,0.0,0.0,0.0,4,0,0
909,44,12,32,7,13,7,17,15,11,2,2,0,0,0,0,0,0,0,0,0,0,2,0,1.0,1.0,1.0,0.0,0.0,0.0,4,0,0
910,44,12,32,7,13,7,17,15,11,2,2,0,0,0,0,0,0,0,0,0,0,0,0,1.0,1.0,1.0,0.0,0.0,0.0,4,0,0
911,44,12,32,7,13,7,17,15,11,2,2,0,0,0,0,0,0,0,0,0,0,0,0,1.0,1.0,1.0,0.0,0.0,0.0,4,0,0
912,44,12,32,7,13,7,17,15,11,2,2,0,0,0,0,0,0,0,0,0,0,0,0,1.0,1.0,1.0,0.0,0.0,0.0,4,0,0
913,44,12,32,7,11,9,17,15,11,2,2,0,0,0,0,0,0,0,0,0,0,0,0,1.0,1.0,1.0,0.0,0.0,0.0,4,0,0
914,44,12,32,7,11,9,17,15,11,2,2,0,0,0,0,0,0,0,0,0,0,0,0,1.0,1.0,1.0,0.0,0.0,0.0,4,0,0
915,44,12,32,7,11,9,17,15,11,2,2,0,0,0,0,0,0,0,0,0,0,0,0,1.0,1.0,1.0,0.0,0.0,0.0,4,0,0
916,44,12,32,7,11,9,17,15,11,2,2,0,0,0,0,0,0,0,0,0,0,0,0,1.0,1.0,1.0,0.0,0.0,0.0,4,0,0
917,44,12,32,5,13,8,18,16,12,2,2,0,0,0,0,0,5,1,0,0,0,0,0,1.0,1.0,1.0,0.0,0.0,0.2,4,0,0
918,44,12,32,2,16,8,18,16,12,0,2,0,0,0,0,0,0,0,0,0,0,0,0,1.0,1.0,1.0,0.0,0.0,0.0,4,0,0
919,44,12,32,2,16,8,18,16,13,1,1,0,0,0,0,0,8,1,1,0,0,0,0,1.0,1.0,1.0,0.0,0.0,0.125,4,0,0
920,44,12,32,2,16,8,18,16,14,1,1,0,0,0,0,0,7,1,0,0,0,0,0,1.0,1.0,1.0,0.0,0.0,0.14285714285714285,4,0,0
921,44,12,32,2,16,8,18,16,14,1,1,0,0,0,0,0,0,0,0,0,0,0,0,1.0,1.0,1.0,0.0,0.0,0.0,4,0,0
922,44,12,32,2,16,8,18,16,14,1,1,0,0,0,0,0,0,0,0,0,0,0,0,1.0,1.0,1.0,0.0,0.0,0.0,4,0,0
923,47,14,33,6,15,8,18,16,13,1,2,0,0,0,0,0,0,0,0,1,1,0,1,0.9444444444444444,1.0,1.0,0.09090909090909091,0.09090909090909091,0.0,4,4,1
924,47,14,33,6,15,8,18,16,13,1,2,0,0,0,0,0,0,0,0,0,0,0,0,1.0,1.0,1.0,0.0,0.0,0.0,4,0,0
925,47,14,33,6,15,8,18,16,13,1,2,0,0,0,0,0,0,0,0,0,0,0,0,1.0,1.0,1.0,0.0,0.0,0.0,4,0,0
926,47,14,33,6,15,8,18,16,13,1,2,0,0,0,0,0,0,0,0,0,0,0,0,1.0,1.0,1.0,0.0,0.0,0.0,4,0,0
927,46,14,32,4,16,8,18,16,13,1,2,0,0,0,0,0,0,0,0,0,1,0,1,0.9523809523809523,1.0,1.0,0.0,0.0,0.0,4,0,1
928,46,14,32,4,16,8,18,16,13,1,2,0,0,0,0,0,0,0,0,0,0,0,0,1.0,1.0,1.0,0.0,0.0,0.0,4,0,0
929,49,15,34,8,15,8,18,16,12,1,2,0,0,0,0,0,0,0,0,1,1,0,1,0.95,1.0,1.0,0.08695652173913043,0.08695652173913043,0.0,4,4,1
930,49,15,34,8,15,8,18,16,12,1,2,0,0,0,0,0,7,0,0,0,0,0,0,1.0,1.0,1.0,0.0,0.0,0.0,4,0,0
931,49,15,34,8,15,8,18,16,13,1,2,0,0,0,0,0,7,1,0,0,0,0,0,1.0,1.0,1.0,0.0,0.0,0.14285714285714285,4,0,0
932,49,15,34,8,15,8,18,16,13,1,2,0,0,0,0,0,0,0,0,0,0,0,0,1.0,1.0,1.0,0.0,0.0,0.0,4,0,0
933,48,15,33,7,15,8,18,16,13,1,2,0,0,0,0,0,0,0,0,0,1,0,1,0.9565217391304348,1.0,1.0,0.0,0.0,0.0,4,0,1
934,48,15,33,7,15,8,18,16,13,1,2,0,0,0,0,0,0,0,0,0,0,0,0,1.0,1.0,1.0,0.0,0.0,0.0,4,0,0
935,48,15,33,7,15,8,18,16,13,1,2,0,0,0,0,0,0,0,0,0,0,0,0,1.0,1.0,1.0,0.0,0.0,0.0,4,0,0
936,59,20,39,18,15,8,18,16,10,1,5,0,0,0,0,0,0,0,0,3,1,0,1,0.9545454545454546,1.0,1.0,0.25,0.25,0.0,4,12,1
937,62,23,39,21,15,8,18,16,9,1,6,0,0,0,0,0,0,0,0,1,1,0,1,0.9696969696969697,1.0,1.0,0.06779661016949153,0.06779661016949153,0.0,4,4,1
938,62,23,39,21,15,8,18,16,9,1,6,0,0,0,0,0,0,0,0,0,0,0,0,1.0,1.0,1.0,0.0,0.0,0.0,4,0,0
939,70,27,43,29,15,8,18,16,7,1,8,0,0,0,0,0,0,0,0,2,0,0,0,1.0,1.0,1.0,0.12903225806451613,0.12903225806451613,0.0,4,8,0
940,66,25,41,27,13,8,18,16,7,1,8,0,0,0,0,0,0,0,0,0,4,0,4,0.9090909090909091,1.0,1.0,0.0,0.0,0.0,4,0,4
941,65,24,41,26,13,8,18,16,7,1,8,0,0,0,0,0,0,0,0,0,1,0,1,0.975,1.0,1.0,0.0,0.0,0.0,4,0,1
942,64,24,40,25,13,7,19,17,7,1,8,0,0,0,0,0,7,0,0,0,1,0,1,0.9743589743589743,1.0,1.0,0.0,0.0,0.0,4,0,1
943,62,24,38,24,12,7,19,17,7,2,8,0,0,0,0,0,2,0,1,0,2,0,2,0.9473684210526316,1.0,1.0,0.0,0.0,0.0,4,0,2
944,62,24,38,24,12,7,19,17,7,2,8,0,0,0,0,0,0,0,0,0,0,0,0,1.0,1.0,1.0,0.0,0.0,0.0,4,0,0
945,62,24,38,24,12,7,19,17,7,2,8,0,0,0,0,0,0,0,0,0,0,0,0,1.0,1.0,1.0,0.0,0.0,0.0,4,0,0
946,61,24,37,24,12,6,19,17,7,2,8,0,0,0,0,0,0,0,0,0,0,0,0,1.0,1.0,1.0,0.0,0.0,0.0,4,0,1
947,59,24,35,23,11,6,19,17,7,2,8,0,0,0,0,0,0,0,0,0,2,0,2,0.9444444444444444,1.0,1.0,0.0,0.0,0.0,4,0,2
948,57,24,33,22,10,6,19,17,7,2,8,0,0,0,0,0,0,0,0,0,2,0,2,0.9411764705882353,1.0,1.0,0.0,0.0,0.0,4,0,2
949,56,23,33,21,10,6,19,17,7,2,8,0,0,0,0,0,0,0,0,0,1,0,1,0.96875,1.0,1.0,0.0,0.0,0.0,4,0,1
950,56,23,33,21,10,6,19,17,7,2,8,0,0,0,0,0,0,0,0,0,0,0,0,1.0,1.0,1.0,0.0,0.0,0.0,4,0,0
951,55,23,32,21,10,6,18,16,7,2,7,0,0,0,0,0,0,0,0,0,0,0,0,1.0,1.0,0.9411764705882353,0.0,0.0,0.0,4,0,1
952,59,25,34,25,10,6,18,16,6,2,8,0,0,0,0,0,0,0,0,1,0,0,0,1.0,1.0,1.0,0.07272727272727272,0.07272727272727272,0.0,4,4,0
953,59,25,34,25,10,6,18,16,6,2,8,0,0,0,0,0,0,0,0,0,0,0,0,1.0,1.0,1.0,0.0,0.0,0.0,4,0,0
954,59,25,34,25,10,6,18,16,6,2,8,0,0,0,0,0,0,0,0,0,0,0,0,1.0,1.0,1.0,0.0,0.0,0.0,4,0,0
955,63,26,37,29,10,6,18,16,5,2,9,0,0,0,0,0,0,0,0,1,0,0,0,1.0,1.0,1.0,0.06779661016949153,0.06779661016949153,0.0,4,4,0
956,63,26,37,29,10,6,18,16,5,2,9,0,0,0,0,0,0,0,0,0,0,0,0,1.0,1.0,1.0,0.0,0.0,0.0,4,0,0
957,61,25,36,28,9,6,18,16,5,2,9,0,0,0,0,0,0,0,0,0,2,0,2,0.9487179487179487,1.0,1.0,0.0,0.0,0.0,4,0,2
958,60,25,35,28,8,6,18,16,5,2,9,0,0,0,0,0,0,0,0,0,1,0,1,0.972972972972973,1.0,1.0,0.0,0.0,0.0,4,0,1
959,59,25,34,27,8,6,18,16,5,2,9,0,0,0,0,0,0,0,0,0,1,0,1,0.9722222222222222,1.0,1.0,0.0,0.0,0.0,4,0,1
960,58,25,33,26,8,6,18,16,5,2,9,0,0,0,0,0,0,0,0,0,1,0,1,0.9714285714285714,1.0,1.0,0.0,0.0,0.0,4,0,1
961,58,25,33,26,8,6,18,16,5,2,9,0,0,0,0,0,0,0,0,0,0,0,0,1.0,1.0,1.0,0.0,0.0,0.0,4,0,0
962,56,24,32,24,8,6,18,16,5,2,9,0,0,0,0,0,0,0,0,0,2,0,2,0.9411764705882353,1.0,1.0,0.0,0.0,0.0,4,0,2
963,56,24,32,24,8,6,18,16,5,2,9,0,0,0,0,0,0,0,0,0,0,0,0,1.0,1.0,1.0,0.0,0.0,0.0,4,0,0
964,56,24,32,24,8,6,18,16,5,1,9,0,0,0,0,0,0,0,0,0,0,0,0,1.0,1.0,1.0,0.0,0.0,0.0,4,0,0
965,56,24,32,24,8,6,18,16,5,1,9,0,0,0,0,0,2,0,0,0,0,0,0,1.0,1.0,1.0,0.0,0.0,0.0,4,0,0
966,55,23,32,22,9,6,18,16,5,1,9,0,0,0,0,0,2,0,0,0,1,0,1,0.96875,1.0,1.0,0.0,0.0,0.0,4,0,1
967,54,22,32,22,8,6,18,16,5,1,9,0,0,0,0,0,7,0,0,0,1,0,1,0.967741935483871,1.0,1.0,0.0,0.0,0.0,4,0,1
968,54,22,32,22,8,6,18,16,5,1,8,0,0,0,0,0,6,0,0,0,0,0,0,1.0,1.0,1.0,0.0,0.0,0.0,4,0,0
969,54,22,32,22,8,6,18,16,6,1,8,0,0,0,0,0,5,1,0,0,0,0,0,1.0,1.0,1.0,0.0,0.0,0.2,4,0,0
970,56,24,32,24,8,6,18,16,5,1,9,0,0,0,0,0,0,0,0,1,1,0,1,0.9666666666666667,1.0,1.0,0.05555555555555555,0.05555555555555555,0.0,4,3,1
971,55,23,32,24,8,6,17,16,5,1,9,0,0,0,0,0,0,0,0,0,0,0,0,1.0,0.5,1.0,0.0,0.0,0.0,4,0,1
972,54,22,32,23,8,6,17,16,5,1,9,0,0,0,0,0,0,0,0,0,1,0,1,0.96875,1.0,1.0,0.0,0.0,0.0,4,0,1
973,54,22,32,23,8,6,17,16,5,1,9,0,0,0,0,0,0,0,0,0,0,0,0,1.0,1.0,1.0,0.0,0.0,0.0,4,0,0
974,54,22,32,23,8,6,17,16,5,1,8,0,0,0,0,0,0,0,0,0,0,0,0,1.0,1.0,1.0,0.0,0.0,0.0,4,0,0
975,52,20,32,22,7,6,17,16,5,1,8,0,0,0,0,0,1,0,0,0,2,0,2,0.935483870967742,1.0,1.0,0.0,0.0,0.0,4,0,2
976,52,20,32,22,7,6,17,16,5,1,8,0,0,0,0,0,3,0,0,0,0,0,0,1.0,1.0,1.0,0.0,0.0,0.0,4,0,0
977,51,19,32,21,7,6,17,16,6,1,8,0,0,0,0,0,4,1,0,0,1,0,1,0.9655172413793104,1.0,1.0,0.0,0.0,0.25,4,0,1
978,50,18,32,21,6,6,17,16,7,1,8,0,0,0,0,0,2,1,0,0,1,0,1,0.9642857142857143,1.0,1.0,0.0,0.0,0.5,4,0,1
979,50,18,32,16,11,6,17,16,7,1,8,0,0,0,0,0,0,0,0,0,0,0,0,1.0,1.0,1.0,0.0,0.0,0.0,4,0,0
980,49,18,31,12,14,6,17,16,7,1,8,0,0,0,0,0,0,0,0,0,1,0,1,0.962962962962963,1.0,1.0,0.0,0.0,0.0,4,0,1
981,49,18,31,12,14,6,17,16,7,1,5,0,0,0,0,0,0,0,0,0,0,0,0,1.0,1.0,1.0,0.0,0.0,0.0,4,0,0
982,53,20,33,12,18,6,17,16,7,1,5,0,0,0,0,0,4,1,0,1,0,0,0,1.0,1.0,1.0,0.08163265306122448,0.08163265306122448,0.25,4,4,0
983,51,18,33,11,17,6,17,16,8,1,5,0,0,0,0,0,5,1,0,0,2,0,2,0.9333333333333333,1.0,1.0,0.0,0.0,0.2,4,0,2
984,52,19,33,13,16,6,17,16,8,1,5,0,0,0,0,0,5,1,0,1,2,0,2,0.9285714285714286,1.0,1.0,0.058823529411764705,0.058823529411764705,0.2,4,3,2
985,54,21,33,16,15,6,17,16,7,1,6,0,0,0,0,0,4,0,0,1,1,0,1,0.9655172413793104,1.0,1.0,0.057692307692307696,0.057692307692307696,0.0,4,3,1
986,54,21,33,16,15,6,17,16,8,1,6,0,0,0,0,0,8,1,0,0,0,0,0,1.0,1.0,1.0,0.0,0.0,0.125,4,0,0
987,53,21,32,15,15,6,17,16,8,1,6,0,0,0,0,0,0,0,0,0,1,0,1,0.967741935483871,1.0,1.0,0.0,0.0,0.0,4,0,1
988,53,21,32,15,15,6,17,16,8,0,6,0,0,0,0,0,0,0,0,0,0,0,0,1.0,1.0,1.0,0.0,0.0,0.0,4,0,0
989,53,21,32,15,15,6,17,16,8,0,6,0,0,0,0,0,1,0,0,0,0,0,0,1.0,1.0,1.0,0.0,0.0,0.0,4,0,0
990,52,21,31,14,15,6,17,16,8,0,6,0,0,0,0,0,1,0,0,0,1,0,1,0.9666666666666667,1.0,1.0,0.0,0.0,0.0,4,0,1
991,51,21,30,13,15,6,17,16,9,0,6,0,0,0,0,0,2,1,0,0,1,0,1,0.9655172413793104,1.0,1.0,0.0,0.0,0.5,4,0,1
992,51,21,30,13,15,6,17,16,9,0,6,0,0,0,0,0,0,0,0,0,0,0,0,1.0,1.0,1.0,0.0,0.0,0.0,4,0,0
993,51,21,30,13,15,6,17,16,9,0,6,0,0,0,0,0,0,0,0,0,0,0,0,1.0,1.0,1.0,0.0,0.0,0.0,4,0,0
994,50,20,30,13,14,6,17,16,9,0,6,0,0,0,0,0,0,0,0,0,1,0,1,0.9642857142857143,1.0,1.0,0.0,0.0,0.0,4,0,1
995,50,20,30,10,17,6,17,16,10,0,6,0,0,0,0,0,8,1,0,0,0,0,0,1.0,1.0,1.0,0.0,0.0,0.125,4,0,0
996,54,22,32,14,17,6,17,16,9,0,7,0,0,0,0,0,0,0,0,1,0,0,0,1.0,1.0,1.0,0.08,0.08,0.0,4,4,0
997,54,22,32,14,17,6,17,16,9,0,6,0,0,0,0,0,0,0,0,0,0,0,0,1.0,1.0,1.0,0.0,0.0,0.0,4,0,0
998,54,22,32,13,18,6,17,16,10,0,6,0,0,0,0,0,8,1,0,0,0,0,0,1.0,1.0,1.0,0.0,0.0,0.125,4,0,0
999,53,21,32,13,17,6,17,16,10,0,6,0,0,0,0,0,0,0,0,0,1,0,1,0.967741935483871,1.0,1.0,0.0,0.0,0.0,4,0,1
1000,53,21,32,13,17,6,17,16,10,0,5,0,0,0,0,0,0,0,0,0,0,0,0,1.0,1.0,1.0,0.0,0.0,0.0,4,0,0
1001,52,20,32,13,16,6,17,16,11,0,5,0,0,0,0,0,3,1,0,0,1,0,1,0.9666666666666667,1.0,1.0,0.0,0.0,0.3333333333333333,4,0,1
1002,52,20,32,13,16,5,18,17,11,0,5,0,0,0,0,0,0,0,0,0,0,0,0,1.0,1.0,1.0,0.0,0.0,0.0,4,0,0
1003,52,20,32,13,16,5,18,17,11,0,5,0,0,0,0,0,0,0,0,0,0,0,0,1.0,1.0,1.0,0.0,0.0,0.0,4,0,0
1004,52,20,32,13,16,5,18,17,11,0,5,0,0,0,0,0,0,0,0,0,0,0,0,1.0,1.0,1.0,0.0,0.0,0.0,4,0,0
1005,52,20,32,13,16,5,18,17,11,0,5,0,0,0,0,0,0,0,0,0,0,0,0,1.0,1.0,1.0,0.0,0.0,0.0,4,0,0
1006,51,20,31,13,15,5,18,17,11,0,5,0,0,0,0,0,0,0,0,0,1,0,1,0.9655172413793104,1.0,1.0,0.0,0.0,0.0,4,0,1
1007,51,20,31,13,15,5,18,17,12,0,5,0,0,0,0,0,4,1,0,0,0,1,0,1.0,1.0,1.0,0.0,0.0,0.25,4,0,0
1008,51,20,31,13,15,5,18,17,12,0,5,0,0,0,0,0,0,0,0,0,0,0,0,1.0,1.0,1.0,0.0,0.0,0.0,4,0,0
1009,51,20,31,13,15,5,18,17,12,0,5,0,0,0,0,0,0,0,0,0,0,0,0,1.0,1.0,1.0,0.0,0.0,0.0,4,0,0
1010,51,20,31,13,15,5,18,17,12,0,5,0,0,0,0,0,0,0,0,0,0,0,0,1.0,1.0,1.0,0.0,0.0,0.0,4,0,0
1011,50,20,30,13,13,5,19,17,12,0,5,0,0,0,0,0,0,0,0,0,1,0,1,0.962962962962963,1.0,1.0,0.0,0.0,0.0,4,0,1
1012,50,20,30,13,13,5,19,17,12,0,5,0,0,0,0,0,0,0,0,0,0,0,0,1.0,1.0,1.0,0.0,0.0,0.0,4,0,0
1013,50,20,30,13,13,5,19,17,12,0,5,0,0,0,0,0,0,0,0,0,0,0,0,1.0,1.0,1.0,0.0,0.0,0.0,4,0,0
1014,50,20,30,13,13,5,19,17,12,0,5,0,0,0,0,0,0,0,0,0,0,0,0,1.0,1.0,1.0,0.0,0.0,0.0,4,0,0
1015,48,19,29,13,12,4,19,17,12,0,4,0,0,0,0,0,0,0,0,0,1,0,1,0.9615384615384616,1.0,1.0,0.0,0.0,0.0,4,0,2
1016,48,19,29,13,12,4,19,17,13,0,4,0,0,0,0,0,6,1,0,0,0,0,0,1.0,1.0,1.0,0.0,0.0,0.16666666666666666,4,0,0
1017,48,19,29,13,12,4,19,17,13,0,4,0,0,0,0,0,0,0,0,0,0,0,0,1.0,1.0,1.0,0.0,0.0,0.0,4,0,0
1018,48,19,29,13,12,4,19,17,13,0,4,0,0,0,0,0,0,0,0,0,0,0,0,1.0,1.0,1.0,0.0,0.0,0.0,4,0,0
1019,48,19,29,13,12,4,19,17,13,0,4,0,0,0,0,0,0,0,0,0,0,1,0,1.0,1.0,1.0,0.0,0.0,0.0,4,0,0
1020,48,19,29,13,12,4,19,17,13,0,4,0,0,0,0,0,0,0,0,0,0,1,0,1.0,1.0,1.0,0.0,0.0,0.0,4,0,0
1021,48,19,29,13,12,4,19,17,13,0,4,0,0,0,0,0,0,0,0,0,0,0,0,1.0,1.0,1.0,0.0,0.0,0.0,4,0,0
1022,48,19,29,13,12,4,19,17,13,0,4,0,0,0,0,0,0,0,0,0,0,0,0,1.0,1.0,1.0,0.0,0.0,0.0,4,0,0
1023,48,19,29,13,11,5,19,17,13,0,4,0,0,0,0,0,0,0,0,0,0,0,0,1.0,1.0,1.0,0.0,0.0,0.0,4,0,0
1024,48,19,29,13,10,6,19,17,13,0,4,0,0,0,0,0,0,0,0,0,0,0,0,1.0,1.0,1.0,0.0,0.0,0.0,4,0,0
1025,48,19,29,10,13,6,19,17,13,0,4,0,0,0,0,0,0,0,0,0,0,0,0,1.0,1.0,1.0,0.0,0.0,0.0,4,0,0
1026,48,19,29,10,13,6,19,17,13,0,4,0,0,0,0,0,0,0,0,0,0,0,0,1.0,1.0,1.0,0.0,0.0,0.0,4,0,0
1027,47,18,29,7,15,6,19,17,13,0,3,0,0,0,0,0,0,0,0,0,1,0,1,0.9565217391304348,1.0,1.0,0.0,0.0,0.0,4,0,1
1028,47,18,29,4,18,6,19,17,13,0,3,0,0,0,0,0,1,0,0,0,0,0,0,1.0,1.0,1.0,0.0,0.0,0.0,4,0,0
1029,47,18,29,4,18,6,19,17,13,0,2,0,0,0,0,0,5,0,0,0,0,0,0,1.0,1.0,1.0,0.0,0.0,0.0,4,0,0
1030,45,18,27,4,17,5,19,17,14,0,1,0,0,0,0,0,7,1,0,0,1,0,1,0.9545454545454546,1.0,1.0,0.0,0.0,0.14285714285714285,4,0,2
1031,45,18,27,4,17,5,19,17,14,0,1,0,0,0,0,0,7,1,0,0,0,0,0,1.0,1.0,1.0,0.0,0.0,0.14285714285714285,4,0,0
1032,45,18,27,4,17,5,19,17,14,0,1,0,0,0,0,0,7,1,0,0,0,0,0,1.0,1.0,1.0,0.0,0.0,0.14285714285714285,4,0,0
1033,45,18,27,4,17,5,19,17,14,0,1,0,0,0,0,0,7,1,0,0,0,0,0,1.0,1.0,1.0,0.0,0.0,0.14285714285714285,4,0,0
1034,49,20,29,8,17,5,19,17,13,0,2,0,0,0,0,0,7,1,0,1,0,0,0,1.0,1.0,1.0,0.08888888888888889,0.08888888888888889,0.14285714285714285,4,4,0
1035,49,20,29,8,17,5,19,17,13,0,2,0,0,0,0,0,7,1,0,0,0,0,0,1.0,1.0,1.0,0.0,0.0,0.14285714285714285,4,0,0
1036,49,20,29,8,17,5,19,17,13,0,2,0,0,0,0,0,7,1,0,0,0,0,0,1.0,1.0,1.0,0.0,0.0,0.14285714285714285,4,0,0
1037,49,20,29,8,17,5,19,17,13,0,2,0,0,0,0,0,7,1,0,0,0,0,0,1.0,1.0,1.0,0.0,0.0,0.14285714285714285,4,0,0
1038,49,20,29,8,17,5,19,17,13,0,2,0,0,0,0,0,7,1,0,0,0,0,0,1.0,1.0,1.0,0.0,0.0,0.14285714285714285,4,0,0
1039,49,20,29,4,21,5,19,17,13,0,2,0,0,0,0,0,7,1,0,0,0,0,0,1.0,1.0,1.0,0.0,0.0,0.14285714285714285,4,0,0
1040,49,20,29,4,21,5,19,17,13,0,2,0,0,0,0,0,7,1,0,0,0,0,0,1.0,1.0,1.0,0.0,0.0,0.14285714285714285,4,0,0
1041,48,19,29,4,20,5,19,17,13,0,1,0,0,0,0,0,7,1,0,0,1,0,1,0.96,1.0,1.0,0.0,0.0,0.14285714285714285,4,0,1
1042,51,22,29,7,20,5,19,17,12,0,2,0,0,0,0,0,7,1,0,1,0,0,0,1.0,1.0,1.0,0.0625,0.0625,0.14285714285714285,4,3,0
1043,55,24,31,11,20,5,19,17,11,0,3,0,0,0,0,0,7,1,0,1,0,0,0,1.0,1.0,1.0,0.0784313725490196,0.0784313725490196,0.14285714285714285,4,4,0
1044,53,22,31,11,18,5,19,17,11,0,3,0,0,0,0,0,7,1,0,0,2,0,2,0.935483870967742,1.0,1.0,0.0,0.0,0.14285714285714285,4,0,2
1045,53,22,31,11,18,5,19,17,11,0,3,0,0,0,0,0,7,1,0,0,0,0,0,1.0,1.0,1.0,0.0,0.0,0.14285714285714285,4,0,0
1046,53,22,31,11,18,5,19,17,11,0,3,0,0,0,0,0,7,1,0,0,0,0,0,1.0,1.0,1.0,0.0,0.0,0.14285714285714285,4,0,0
1047,57,24,33,15,18,5,19,17,10,0,4,0,0,0,0,0,7,1,0,1,0,0,0,1.0,1.0,1.0,0.07547169811320754,0.07547169811320754,0.14285714285714285,4,4,0
1048,61,26,35,19,18,4,20,17,9,0,5,0,0,0,0,0,7,1,0,1,0,0,0,1.0,1.0,1.0,0.07017543859649122,0.07017543859649122,0.14285714285714285,4,4,0
1049,63,27,36,23,16,4,20,17,8,0,6,0,0,0,0,0,7,1,0,1,2,0,2,0.9459459459459459,1.0,1.0,0.06557377049180328,0.06557377049180328,0.14285714285714285,4,4,2
1050,63,27,36,23,16,4,20,17,8,0,6,0,0,0,0,0,7,1,0,0,0,0,0,1.0,1.0,1.0,0.0,0.0,0.14285714285714285,4,0,0
1051,66,28,38,26,16,4,20,17,7,0,7,0,0,0,0,0,7,1,0,1,0,0,0,1.0,1.0,1.0,0.047619047619047616,0.047619047619047616,0.14285714285714285,4,3,0
1052,64,27,37,25,15,4,20,17,7,0,7,0,0,0,0,0,7,1,0,0,2,0,2,0.9523809523809523,1.0,1.0,0.0,0.0,0.14285714285714285,4,0,2
1053,63,26,37,25,14,3,21,18,7,0,7,0,0,0,0,0,7,1,0,0,1,0,1,0.975,1.0,1.0,0.0,0.0,0.14285714285714285,4,0,1
1054,60,24,36,24,12,3,21,18,7,0,7,0,0,0,0,0,7,1,0,0,3,0,3,0.9230769230769231,1.0,1.0,0.0,0.0,0.14285714285714285,4,0,3
1055,59,23,36,24,12,3,20,18,7,0,7,0,0,0,0,0,7,1,0,0,0,0,0,1.0,0.6666666666666667,1.0,0.0,0.0,0.14285714285714285,4,0,1
1056,61,22,39,26,12,3,20,18,6,0,8,0,0,0,0,0,7,1,0,1,1,0,1,0.9722222222222222,1.0,1.0,0.05084745762711865,0.05084745762711865,0.14285714285714285,4,3,1
1057,61,22,39,26,12,3,20,18,6,0,8,0,0,0,0,0,7,1,0,0,0,0,0,1.0,1.0,1.0,0.0,0.0,0.14285714285714285,4,0,0
1058,60,21,39,26,12,3,19,18,6,0,8,0,0,0,0,0,7,1,0,0,0,0,0,1.0,0.5,1.0,0.0,0.0,0.14285714285714285,4,0,1
1059,58,19,39,24,12,3,19,18,6,0,8,0,0,0,0,0,7,1,0,0,2,0,2,0.9473684210526316,1.0,1.0,0.0,0.0,0.14285714285714285,4,0,2
1060,60,21,39,27,11,3,19,18,5,0,9,0,0,0,0,0,7,1,0,1,1,0,1,0.9722222222222222,1.0,1.0,0.05172413793103448,0.05172413793103448,0.14285714285714285,4,3,1
1061,56,18,38,25,9,3,19,18,5,0,9,0,0,0,0,0,7,1,0,0,4,0,4,0.8947368421052632,1.0,1.0,0.0,0.0,0.14285714285714285,4,0,4
1062,56,18,38,25,9,3,19,18,5,0,9,0,0,0,0,0,7,1,0,0,0,0,0,1.0,1.0,1.0,0.0,0.0,0.14285714285714285,4,0,0
1063,59,18,41,28,9,3,19,18,4,0,10,0,0,0,0,0,7,1,0,1,0,0,0,1.0,1.0,1.0,0.05357142857142857,0.05357142857142857,0.14285714285714285,4,3,0
1064,58,18,40,27,9,3,19,18,4,0,10,0,0,0,0,0,7,1,0,0,1,0,1,0.972972972972973,1.0,1.0,0.0,0.0,0.14285714285714285,4,0,1
1065,58,18,40,27,9,3,19,18,4,0,10,0,0,0,0,0,7,1,0,0,0,0,0,1.0,1.0,1.0,0.0,0.0,0.14285714285714285,4,0,0
1066,61,19,42,30,9,3,19,18,3,0,11,0,0,0,0,0,7,1,0,1,1,0,1,0.9722222222222222,1.0,1.0,0.06896551724137931,0.06896551724137931,0.14285714285714285,4,4,1
1067,61,19,42,30,9,3,19,18,3,0,11,0,0,0,0,0,7,1,0,0,0,0,0,1.0,1.0,1.0,0.0,0.0,0.14285714285714285,4,0,0
1068,61,19,42,30,9,3,19,18,3,0,11,0,0,0,0,0,7,1,0,0,0,0,0,1.0,1.0,1.0,0.0,0.0,0.14285714285714285,4,0,0
1069,60,19,41,29,9,3,19,18,3,0,11,0,0,0,0,0,7,1,0,0,1,0,1,0.9743589743589743,1.0,1.0,0.0,0.0,0.14285714285714285,4,0,1
1070,60,19,41,29,9,3,19,18,3,0,11,0,0,0,0,0,7,1,0,0,0,0,0,1.0,1.0,1.0,0.0,0.0,0.14285714285714285,4,0,0
1071,60,19,41,29,9,3,19,18,3,0,11,0,0,0,0,0,7,1,0,0,0,0,0,1.0,1.0,1.0,0.0,0.0,0.14285714285714285,4,0,0
1072,62,19,43,31,9,3,19,18,2,0,12,0,0,0,0,0,7,1,0,1,1,0,1,0.9736842105263158,1.0,1.0,0.05,0.05,0.14285714285714285,4,3,1
1073,62,19,43,31,9,3,19,18,2,0,12,0,0,0,0,0,7,1,0,0,0,0,0,1.0,1.0,1.0,0.0,0.0,0.14285714285714285,4,0,0
1074,61,18,43,30,9,3,19,18,2,0,12,0,0,0,0,0,7,1,0,0,1,0,1,0.975,1.0,1.0,0.0,0.0,0.14285714285714285,4,0,1
1075,59,17,42,29,8,3,19,18,2,0,12,0,0,0,0,0,7,1,0,0,2,0,2,0.9487179487179487,1.0,1.0,0.0,0.0,0.14285714285714285,4,0,2
1076,58,17,41,28,8,3,19,18,2,0,12,0,0,0,0,0,7,1,0,0,1,0,1,0.972972972972973,1.0,1.0,0.0,0.0,0.14285714285714285,4,0,1
1077,58,17,41,26,10,3,19,18,2,0,12,0,0,0,0,0,7,1,0,0,0,0,0,1.0,1.0,1.0,0.0,0.0,0.14285714285714285,4,0,0
1078,58,17,41,26,10,3,19,18,2,0,12,0,0,0,0,0,7,1,0,0,0,0,0,1.0,1.0,1.0,0.0,0.0,0.14285714285714285,4,0,0
1079,58,17,41,26,10,3,19,18,2,0,11,0,0,0,0,0,7,1,0,0,0,0,0,1.0,1.0,1.0,0.0,0.0,0.14285714285714285,4,0,0
1080,58,17,41,26,10,3,19,18,2,0,11,0,0,0,0,0,7,1,0,0,0,0,0,1.0,1.0,1.0,0.0,0.0,0.14285714285714285,4,0,0
1081,61,19,42,29,10,3,19,18,1,0,12,0,0,0,0,0,7,1,0,1,0,0,0,1.0,1.0,1.0,0.05172413793103448,0.05172413793103448,0.14285714285714285,4,3,0
1082,60,19,41,28,10,3,19,18,1,0,12,0,0,0,0,0,7,1,0,0,1,0,1,0.9743589743589743,1.0,1.0,0.0,0.0,0.14285714285714285,4,0,1
1083,60,19,41,28,10,3,19,18,1,0,12,0,0,0,0,0,7,1,0,0,0,0,0,1.0,1.0,1.0,0.0,0.0,0.14285714285714285,4,0,0
1084,57,16,41,25,10,3,19,18,1,0,12,0,0,0,0,0,7,1,0,0,3,0,3,0.9210526315789473,1.0,1.0,0.0,0.0,0.14285714285714285,4,0,3
1085,57,16,41,23,12,3,19,18,1,0,12,0,0,0,0,0,7,1,0,0,0,0,0,1.0,1.0,1.0,0.0,0.0,0.14285714285714285,4,0,0
1086,56,16,40,19,15,3,19,18,1,0,12,0,0,0,0,0,7,1,0,0,1,0,1,0.9714285714285714,1.0,1.0,0.0,0.0,0.14285714285714285,4,0,1
1087,55,16,39,19,14,3,19,18,1,0,11,0,0,0,0,0,7,1,0,0,1,0,1,0.9705882352941176,1.0,1.0,0.0,0.0,0.14285714285714285,4,0,1
1088,54,15,39,19,13,3,19,18,1,0,10,0,0,0,0,0,7,1,0,0,1,0,1,0.9696969696969697,1.0,1.0,0.0,0.0,0.14285714285714285,4,0,1
1089,52,14,38,18,12,3,19,18,1,0,10,0,0,0,0,0,7,1,0,0,2,0,2,0.9375,1.0,1.0,0.0,0.0,0.14285714285714285,4,0,2
1090,51,14,37,17,12,3,19,18,1,0,10,0,0,0,0,0,7,1,0,0,1,0,1,0.9666666666666667,1.0,1.0,0.0,0.0,0.14285714285714285,4,0,1
1091,51,14,37,16,13,3,19,18,1,0,10,0,0,0,0,0,7,1,0,0,0,0,0,1.0,1.0,1.0,0.0,0.0,0.14285714285714285,4,0,0
1092,51,14,37,15,14,3,19,18,1,0,9,0,0,0,0,0,7,1,0,0,0,0,0,1.0,1.0,1.0,0.0,0.0,0.14285714285714285,4,0,0
1093,51,14,37,15,14,3,19,18,1,0,8,0,0,0,0,0,7,1,0,0,0,0,0,1.0,1.0,1.0,0.0,0.0,0.14285714285714285,4,0,0
1094,50,14,36,12,16,3,19,18,1,0,7,0,0,0,0,0,7,1,0,0,1,0,1,0.9655172413793104,1.0,1.0,0.0,0.0,0.14285714285714285,4,0,1
1095,54,16,38,16,16,3,19,18,0,0,8,0,0,0,0,0,7,1,0,1,0,0,0,1.0,1.0,1.0,0.08,0.08,0.14285714285714285,4,4,0
1096,54,16,38,16,16,3,19,18,0,0,7,0,0,0,0,0,7,1,0,0,0,0,0,1.0,1.0,1.0,0.0,0.0,0.14285714285714285,4,0,0
1097,54,16,38,16,16,3,19,18,0,0,7,0,0,0,0,0,7,1,0,0,0,0,0,1.0,1.0,1.0,0.0,0.0,0.14285714285714285,4,0,0
1098,54,16,38,16,16,3,19,18,0,0,7,0,0,0,0,0,7,1,0,0,0,0,0,1.0,1.0,1.0,0.0,0.0,0.14285714285714285,4,0,0
1099,54,16,38,14,18,3,19,18,0,0,7,0,0,0,0,0,7,1,0,0,0,0,0,1.0,1.0,1.0,0.0,0.0,0.14285714285714285,4,0,0
1100,53,16,37,13,18,3,19,18,0,0,7,0,0,0,0,0,7,1,0,0,1,0,1,0.96875,1.0,1.0,0.0,0.0,0.14285714285714285,4,0,1
1101,53,16,37,13,18,3,19,18,0,0,6,0,0,0,0,0,7,1,0,0,0,0,0,1.0,1.0,1.0,0.0,0.0,0.14285714285714285,4,0,0
1102,53,16,37,13,18,3,19,18,0,0,6,0,0,0,0,0,7,1,0,0,0,0,0,1.0,1.0,1.0,0.0,0.0,0.14285714285714285,4,0,0
1103,53,16,37,13,18,3,19,18,0,0,6,0,0,0,0,0,7,1,0,0,0,0,0,1.0,1.0,1.0,0.0,0.0,0.14285714285714285,4,0,0
1104,53,16,37,13,18,3,19,18,0,0,6,0,0,0,0,0,7,1,0,0,0,0,0,1.0,1.0,1.0,0.0,0.0,0.14285714285714285,4,0,0
1105,53,16,37,13,18,3,19,18,0,0,5,0,0,0,0,0,7,1,0,0,0,0,0,1.0,1.0,1.0,0.0,0.0,0.14285714285714285,4,0,0
1106,52,16,36,9,21,3,19,18,0,0,5,0,0,0,0,0,7,1,0,0,1,0,1,0.967741935483871,1.0,1.0,0.0,0.0,0.14285714285714285,4,0,1
1107,52,16,36,9,21,3,19,18,0,0,5,0,0,0,0,0,7,1,0,0,0,0,0,1.0,1.0,1.0,0.0,0.0,0.14285714285714285,4,0,0
1108,52,16,36,9,21,3,19,18,0,0,4,0,0,0,0,0,7,1,0,0,0,0,0,1.0,1.0,1.0,0.0,0.0,0.14285714285714285,4,0,0
1109,52,16,36,6,24,3,19,18,0,0,4,0,0,0,0,0,7,1,0,0,0,0,0,1.0,1.0,1.0,0.0,0.0,0.14285714285714285,4,0,0
1110,52,16,36,6,24,3,19,18,0,0,4,0,0,0,0,0,7,1,0,0,0,0,0,1.0,1.0,1.0,0.0,0.0,0.14285714285714285,4,0,0
1111,50,16,34,6,23,3,18,17,0,0,2,0,0,0,0,0,7,1,0,0,1,0,1,0.9666666666666667,1.0,0.9444444444444444,0.0,0.0,0.14285714285714285,4,0,2
1112,50,16,34,6,23,3,18,17,0,0,2,0,0,0,0,0,7,1,0,0,0,0,0,1.0,1.0,1.0,0.0,0.0,0.14285714285714285,4,0,0
1113,50,16,34,6,23,3,18,17,0,0,2,0,0,0,0,0,7,1,0,0,0,0,0,1.0,1.0,1.0,0.0,0.0,0.14285714285714285,4,0,0
1114,49,15,34,6,22,3,18,17,0,0,2,0,0,0,0,0,7,1,0,0,1,0,1,0.9655172413793104,1.0,1.0,0.0,0.0,0.14285714285714285,4,0,1
1115,48,15,33,5,22,3,18,17,0,0,2,0,0,0,0,0,7,1,0,0,1,0,1,0.9642857142857143,1.0,1.0,0.0,0.0,0.14285714285714285,4,0,1
1116,48,15,33,5,22,3,18,17,0,0,2,0,0,0,0,0,7,1,0,0,0,1,0,1.0,1.0,1.0,0.0,0.0,0.14285714285714285,4,0,0
1117,47,15,32,5,21,3,18,17,0,0,2,0,0,0,0,0,7,1,0,0,1,0,1,0.962962962962963,1.0,1.0,0.0,0.0,0.14285714285714285,4,0,1
1118,47,15,32,5,21,3,18,17,0,0,2,0,0,0,0,0,7,1,0,0,0,0,0,1.0,1.0,1.0,0.0,0.0,0.14285714285714285,4,0,0
1119,46,15,31,5,20,3,18,17,0,0,2,0,0,0,0,0,7,1,0,0,0,2,0,0.9615384615384616,1.0,1.0,0.0,0.0,0.14285714285714285,4,0,1
1120,46,15,31,5,20,3,18,17,0,0,2,0,0,0,0,0,7,1,0,0,0,0,0,1.0,1.0,1.0,0.0,0.0,0.14285714285714285,4,0,0
1121,45,14,31,5,19,3,18,17,0,0,2,0,0,0,0,0,7,1,0,0,0,0,0,0.96,1.0,1.0,0.0,0.0,0.14285714285714285,4,0,1
1122,45,14,31,5,19,3,18,17,0,0,2,0,0,0,0,0,7,1,0,0,0,0,0,1.0,1.0,1.0,0.0,0.0,0.14285714285714285,4,0,0
1123,45,14,31,5,18,4,18,17,0,0,2,0,0,0,0,0,7,1,0,0,0,0,0,1.0,1.0,1.0,0.0,0.0,0.14285714285714285,4,0,0
1124,45,14,31,2,21,4,18,17,0,0,2,0,0,0,0,0,7,1,0,0,0,0,0,1.0,1.0,1.0,0.0,0.0,0.14285714285714285,4,0,0
1125,45,14,31,2,21,4,18,17,1,0,2,0,0,0,0,0,2,1,0,0,0,0,0,1.0,1.0,1.0,0.0,0.0,0.5,4,0,0
1126,45,14,31,2,21,4,18,17,1,0,1,0,0,0,0,0,4,0,0,0,0,0,0,1.0,1.0,1.0,0.0,0.0,0.0,4,0,0
1127,44,14,30,2,20,4,18,17,2,0,1,0,0,0,0,0,6,1,0,0,1,0,1,0.9565217391304348,1.0,1.0,0.0,0.0,0.16666666666666666,4,0,1
1128,44,14,30,2,20,4,18,17,2,0,1,0,0,0,0,0,2,0,0,0,0,0,0,1.0,1.0,1.0,0.0,0.0,0.0,4,0,0
1129,44,14,30,2,20,4,18,17,2,1,1,0,0,0,0,0,8,0,1,0,0,0,0,1.0,1.0,1.0,0.0,0.0,0.0,4,0,0
1130,44,14,30,2,20,4,18,17,3,1,1,0,0,0,0,0,8,1,0,0,0,0,0,1.0,1.0,1.0,0.0,0.0,0.125,4,0,0
1131,44,14,30,2,20,4,18,17,3,1,1,0,0,0,0,0,0,0,0,0,0,0,0,1.0,1.0,1.0,0.0,0.0,0.0,4,0,0
1132,44,14,30,2,20,4,18,17,3,1,1,0,0,0,0,0,0,0,0,0,0,0,0,1.0,1.0,1.0,0.0,0.0,0.0,4,0,0
1133,44,14,30,2,20,4,18,17,3,1,1,0,0,0,0,0,0,0,0,0,0,0,0,1.0,1.0,1.0,0.0,0.0,0.0,4,0,0
1134,44,14,30,2,20,4,18,17,3,1,1,0,0,0,0,0,0,0,0,0,0,0,0,1.0,1.0,1.0,0.0,0.0,0.0,4,0,0
1135,44,14,30,2,20,4,18,17,3,1,1,0,0,0,0,0,0,0,0,0,0,0,0,1.0,1.0,1.0,0.0,0.0,0.0,4,0,0
1136,44,14,30,2,20,4,18,17,3,1,1,0,0,0,0,0,0,0,0,0,0,0,0,1.0,1.0,1.0,0.0,0.0,0.0,4,0,0
1137,44,14,30,2,20,4,18,17,3,1,1,0,0,0,0,0,0,0,0,0,0,0,0,1.0,1.0,1.0,0.0,0.0,0.0,4,0,0
1138,44,14,30,0,22,4,18,17,4,1,1,0,0,0,0,0,3,1,0,0,0,0,0,1.0,1.0,1.0,0.0,0.0,0.3333333333333333,4,0,0
1139,44,14,30,0,22,4,18,17,4,2,1,0,0,0,0,0,1,0,1,0,0,0,0,1.0,1.0,1.0,0.0,0.0,0.0,4,0,0
1140,44,14,30,0,22,4,18,17,4,3,0,0,0,0,0,0,2,0,1,0,0,0,0,1.0,1.0,1.0,0.0,0.0,0.0,4,0,0
1141,44,14,30,0,22,4,18,17,5,3,0,0,0,0,0,0,3,1,0,0,0,0,0,1.0,1.0,1.0,0.0,0.0,0.3333333333333333,4,0,0
1142,44,14,30,0,22,4,18,17,5,4,0,0,0,0,0,0,5,0,1,0,0,0,0,1.0,1.0,1.0,0.0,0.0,0.0,4,0,0
1143,44,14,30,0,22,4,18,17,5,4,0,0,0,0,0,0,8,0,0,0,0,0,0,1.0,1.0,1.0,0.0,0.0,0.0,4,0,0
1144,44,14,30,0,22,4,18,17,6,4,0,0,0,0,0,0,7,1,0,0,0,0,0,1.0,1.0,1.0,0.0,0.0,0.14285714285714285,4,0,0
1145,44,14,30,0,22,4,18,17,6,4,0,0,0,0,0,0,0,0,0,0,0,0,0,1.0,1.0,1.0,0.0,0.0,0.0,4,0,0
1146,44,14,30,0,22,3,19,17,6,4,0,0,0,0,0,0,0,0,0,0,0,0,0,1.0,1.0,1.0,0.0,0.0,0.0,4,0,0
1147,44,14,30,0,22,3,19,17,6,4,0,0,0,0,0,0,0,0,0,0,0,0,0,1.0,1.0,1.0,0.0,0.0,0.0,4,0,0
1148,44,14,30,0,22,3,19,17,6,4,0,0,0,0,0,0,0,0,0,0,0,0,0,1.0,1.0,1.0,0.0,0.0,0.0,4,0,0
1149,44,14,30,0,22,3,19,17,6,4,0,0,0,0,0,0,0,0,0,0,0,0,0,1.0,1.0,1.0,0.0,0.0,0.0,4,0,0
1150,44,14,30,0,22,3,19,17,6,4,0,0,0,0,0,0,0,0,0,0,0,0,0,1.0,1.0,1.0,0.0,0.0,0.0,4,0,0
1151,44,14,30,0,22,3,19,17,7,4,0,0,0,0,0,0,8,1,0,0,0,0,0,1.0,1.0,1.0,0.0,0.0,0.125,4,0,0
1152,44,14,30,0,22,3,19,17,9,4,0,0,0,0,0,0,13,2,0,0,0,0,0,1.0,1.0,1.0,0.0,0.0,0.15384615384615385,4,0,0
1153,44,14,30,0,22,3,19,17,9,5,0,0,0,0,0,0,3,0,1,0,0,0,0,1.0,1.0,1.0,0.0,0.0,0.0,4,0,0
1154,44,14,30,0,22,3,19,17,10,6,0,0,0,0,0,0,8,1,1,0,0,0,0,1.0,1.0,1.0,0.0,0.0,0.125,4,0,0
1155,44,14,30,0,22,3,19,17,10,6,0,0,0,0,0,0,2,0,0,0,0,0,0,1.0,1.0,1.0,0.0,0.0,0.0,4,0,0
1156,44,14,30,0,22,3,19,17,10,6,0,0,0,0,0,0,0,0,0,0,0,0,0,1.0,1.0,1.0,0.0,0.0,0.0,4,0,0
1157,44,14,30,0,22,3,19,17,10,6,0,0,0,0,0,0,0,0,0,0,0,0,0,1.0,1.0,1.0,0.0,0.0,0.0,4,0,0
1158,44,14,30,0,22,3,19,17,10,6,0,0,0,0,0,0,0,0,0,0,0,0,0,1.0,1.0,1.0,0.0,0.0,0.0,4,0,0
1159,44,14,30,0,22,2,20,17,10,6,0,0,0,0,0,0,0,0,0,0,0,0,0,1.0,1.0,1.0,0.0,0.0,0.0,4,0,0
1160,44,14,30,0,22,2,20,17,10,6,0,0,0,0,0,0,0,0,0,0,0,0,0,1.0,1.0,1.0,0.0,0.0,0.0,4,0,0
1161,44,14,30,0,22,2,20,17,10,6,0,0,0,0,0,0,0,0,0,0,0,0,0,1.0,1.0,1.0,0.0,0.0,0.0,4,0,0
1162,44,14,30,0,22,2,20,17,10,6,0,0,0,0,0,0,0,0,0,0,0,0,0,1.0,1.0,1.0,0.0,0.0,0.0,4,0,0
1163,44,14,30,0,22,2,20,17,10,6,0,0,0,0,0,0,0,0,0,0,0,0,0,1.0,1.0,1.0,0.0,0.0,0.0,4,0,0
1164,44,14,30,0,22,2,20,17,11,6,0,0,0,0,0,0,7,1,0,0,0,1,0,1.0,1.0,1.0,0.0,0.0,0.14285714285714285,4,0,0
1165,44,14,30,0,22,2,20,17,11,6,0,0,0,0,0,0,0,0,0,0,0,0,0,1.0,1.0,1.0,0.0,0.0,0.0,4,0,0
1166,44,14,30,0,22,2,20,17,11,6,0,0,0,0,0,0,0,0,0,0,0,0,0,1.0,1.0,1.0,0.0,0.0,0.0,4,0,0
1167,44,14,30,0,22,2,20,17,11,6,0,0,0,0,0,0,0,0,0,0,0,0,0,1.0,1.0,1.0,0.0,0.0,0.0,4,0,0
1168,44,14,30,0,21,3,20,17,11,6,0,0,0,0,0,0,0,0,0,0,0,0,0,1.0,1.0,1.0,0.0,0.0,0.0,4,0,0
1169,44,14,30,0,21,3,20,17,11,6,0,0,0,0,0,0,0,0,0,0,0,0,0,1.0,1.0,1.0,0.0,0.0,0.0,4,0,0
1170,44,14,30,0,21,3,20,17,11,6,0,0,0,0,0,0,0,0,0,0,0,0,0,1.0,1.0,1.0,0.0,0.0,0.0,4,0,0
1171,44,14,30,0,21,3,20,17,11,6,0,0,0,0,0,0,0,0,0,0,0,0,0,1.0,1.0,1.0,0.0,0.0,0.0,4,0,0
1172,44,14,30,0,21,3,20,17,11,6,0,0,0,0,0,0,0,0,0,0,0,0,0,1.0,1.0,1.0,0.0,0.0,0.0,4,0,0
1173,44,14,30,0,21,3,20,17,11,6,0,0,0,0,0,0,0,0,0,0,0,0,0,1.0,1.0,1.0,0.0,0.0,0.0,4,0,0
1174,44,14,30,0,21,3,20,17,11,5,0,0,0,0,0,0,0,0,0,0,0,0,0,1.0,1.0,1.0,0.0,0.0,0.0,4,0,0
1175,43,14,29,0,20,3,20,17,11,5,0,0,0,0,0,0,3,0,0,0,1,0,1,0.9523809523809523,1.0,1.0,0.0,0.0,0.0,4,0,1
1176,43,14,29,0,20,2,21,18,11,5,0,0,0,0,0,0,2,0,0,0,0,1,0,1.0,1.0,1.0,0.0,0.0,0.0,4,0,0
1177,43,14,29,0,20,2,21,18,12,5,0,0,0,0,0,0,6,1,0,0,0,0,0,1.0,1.0,1.0,0.0,0.0,0.16666666666666666,4,0,0
1178,43,14,29,0,20,2,21,18,13,5,0,0,0,0,0,0,3,1,0,0,0,0,0,1.0,1.0,1.0,0.0,0.0,0.3333333333333333,4,0,0
1179,43,14,29,0,20,2,21,18,13,5,0,0,0,0,0,0,0,0,0,0,0,0,0,1.0,1.0,1.0,0.0,0.0,0.0,4,0,0
1180,43,14,29,0,19,3,21,18,13,5,0,0,0,0,0,0,0,0,0,0,0,0,0,1.0,1.0,1.0,0.0,0.0,0.0,4,0,0
1181,43,14,29,0,19,3,21,18,13,5,0,0,0,0,0,0,0,0,0,0,0,0,0,1.0,1.0,1.0,0.0,0.0,0.0,4,0,0
1182,43,14,29,0,19,3,21,18,13,5,0,0,0,0,0,0,0,0,0,0,0,0,0,1.0,1.0,1.0,0.0,0.0,0.0,4,0,0
1183,43,14,29,0,19,3,21,18,13,5,0,0,0,0,0,0,0,0,0,0,0,0,0,1.0,1.0,1.0,0.0,0.0,0.0,4,0,0
1184,43,14,29,0,19,3,21,18,13,4,0,0,0,0,0,0,0,0,0,0,0,0,0,1.0,1.0,1.0,0.0,0.0,0.0,4,0,0
1185,43,14,29,0,19,3,21,18,14,3,0,0,0,0,0,0,5,1,0,0,0,0,0,1.0,1.0,1.0,0.0,0.0,0.2,4,0,0
1186,43,14,29,0,19,3,21,18,15,3,0,0,0,0,0,0,6,1,0,0,0,0,0,1.0,1.0,1.0,0.0,0.0,0.16666666666666666,4,0,0
1187,43,14,29,0,19,3,21,18,15,2,0,0,0,0,0,0,0,0,0,0,0,0,0,1.0,1.0,1.0,0.0,0.0,0.0,4,0,0
1188,43,14,29,0,19,3,21,18,15,2,0,0,0,0,0,0,1,0,0,0,0,0,0,1.0,1.0,1.0,0.0,0.0,0.0,4,0,0
1189,43,14,29,0,19,3,21,18,16,2,0,0,0,0,0,0,7,1,0,0,0,0,0,1.0,1.0,1.0,0.0,0.0,0.14285714285714285,4,0,0
1190,47,16,31,4,19,3,21,18,15,2,1,0,0,0,0,0,0,0,0,1,0,0,0,1.0,1.0,1.0,0.09302325581395349,0.09302325581395349,0.0,4,4,0
1191,47,16,31,4,19,3,21,18,15,2,1,0,0,0,0,0,0,0,0,0,0,0,0,1.0,1.0,1.0,0.0,0.0,0.0,4,0,0
1192,50,16,34,7,19,3,21,18,14,2,2,0,0,0,0,0,0,0,0,1,0,0,0,1.0,1.0,1.0,0.06382978723404255,0.06382978723404255,0.0,4,3,0
1193,50,16,34,7,19,3,21,18,14,2,2,0,0,0,0,0,0,0,0,0,0,0,0,1.0,1.0,1.0,0.0,0.0,0.0,4,0,0
1194,50,16,34,7,19,3,21,18,14,2,2,0,0,0,0,0,0,0,0,0,0,0,0,1.0,1.0,1.0,0.0,0.0,0.0,4,0,0
1195,53,18,35,11,19,3,20,18,13,2,3,0,0,0,0,0,0,0,0,1,0,0,0,1.0,0.6666666666666667,1.0,0.08,0.08,0.0,4,4,1
1196,52,17,35,11,18,3,20,18,13,2,3,0,0,0,0,0,0,0,0,0,1,0,1,0.9666666666666667,1.0,1.0,0.0,0.0,0.0,4,0,1
1197,52,17,35,11,18,3,20,18,13,2,3,0,0,0,0,0,0,0,0,0,0,0,0,1.0,1.0,1.0,0.0,0.0,0.0,4,0,0
1198,52,17,35,11,18,3,20,18,13,1,3,0,0,0,0,0,0,0,0,0,0,0,0,1.0,1.0,1.0,0.0,0.0,0.0,4,0,0
1199,52,17,35,11,18,3,20,18,13,1,3,0,0,0,0,0,3,0,1,0,0,0,0,1.0,1.0,1.0,0.0,0.0,0.0,4,0,0
1200,52,17,35,11,18,3,20,18,14,1,3,0,0,0,0,0,7,1,0,0,0,0,0,1.0,1.0,1.0,0.0,0.0,0.14285714285714285,4,0,0
1201,51,17,34,11,17,3,20,18,14,1,3,0,0,0,0,0,0,0,0,0,1,0,1,0.9655172413793104,1.0,1.0,0.0,0.0,0.0,4,0,1
1202,50,17,33,11,16,3,20,18,14,1,3,0,0,0,0,0,0,0,0,0,1,0,1,0.9642857142857143,1.0,1.0,0.0,0.0,0.0,4,0,1
1203,53,17,36,14,16,3,20,18,13,1,4,0,0,0,0,0,0,0,0,1,0,0,0,1.0,1.0,1.0,0.06,0.06,0.0,4,3,0
1204,51,16,35,13,15,3,20,18,13,1,4,0,0,0,0,0,0,0,0,0,2,0,2,0.9333333333333333,1.0,1.0,0.0,0.0,0.0,4,0,2
1205,51,16,35,13,15,3,20,18,13,1,4,0,0,0,0,0,0,0,0,0,0,0,0,1.0,1.0,1.0,0.0,0.0,0.0,4,0,0
1206,53,17,36,16,15,3,19,17,11,1,5,0,0,0,0,0,0,0,0,1,0,0,0,1.0,1.0,0.9444444444444444,0.058823529411764705,0.058823529411764705,0.0,4,3,1
1207,53,17,36,16,15,3,19,17,11,1,5,0,0,0,0,0,0,0,0,0,0,0,0,1.0,1.0,1.0,0.0,0.0,0.0,4,0,0
1208,53,17,36,16,15,3,19,17,11,1,5,0,0,0,0,0,0,0,0,0,0,0,0,1.0,1.0,1.0,0.0,0.0,0.0,4,0,0
1209,57,19,38,20,15,3,19,17,10,1,6,0,0,0,0,0,0,0,0,1,0,0,0,1.0,1.0,1.0,0.07547169811320754,0.07547169811320754,0.0,4,4,0
1210,57,19,38,20,15,3,19,17,10,1,6,0,0,0,0,0,0,0,0,0,0,0,0,1.0,1.0,1.0,0.0,0.0,0.0,4,0,0
1211,57,19,38,20,15,3,19,17,10,1,6,0,0,0,0,0,0,0,0,0,0,0,0,1.0,1.0,1.0,0.0,0.0,0.0,4,0,0
1212,57,19,38,20,15,3,19,17,10,1,6,0,0,0,0,0,0,0,0,0,0,0,0,1.0,1.0,1.0,0.0,0.0,0.0,4,0,0
1213,56,19,37,19,15,3,19,17,10,1,6,0,0,0,0,0,0,0,0,0,1,0,1,0.9714285714285714,1.0,1.0,0.0,0.0,0.0,4,0,1
1214,55,18,37,18,15,3,19,17,10,1,6,0,0,0,0,0,0,0,0,0,1,0,1,0.9705882352941176,1.0,1.0,0.0,0.0,0.0,4,0,1
1215,54,18,36,17,15,3,19,17,10,1,6,0,0,0,0,0,0,0,0,0,1,0,1,0.9696969696969697,1.0,1.0,0.0,0.0,0.0,4,0,1
1216,58,22,36,21,15,3,19,17,9,1,7,0,0,0,0,0,0,0,0,1,0,0,0,1.0,1.0,1.0,0.07407407407407407,0.07407407407407407,0.0,4,4,0
1217,63,24,39,27,14,3,19,17,7,1,9,0,0,0,0,0,0,0,0,2,2,0,2,0.9444444444444444,1.0,1.0,0.1206896551724138,0.1206896551724138,0.0,4,7,2
1218,61,23,38,25,14,3,19,17,7,1,9,0,0,0,0,0,0,0,0,0,2,0,2,0.9512195121951219,1.0,1.0,0.0,0.0,0.0,4,0,2
1219,65,24,41,29,14,3,19,17,6,1,10,0,0,0,0,0,0,0,0,1,0,0,0,1.0,1.0,1.0,0.06557377049180328,0.06557377049180328,0.0,4,4,0
1220,60,23,37,25,13,3,19,17,6,1,10,0,0,0,0,0,0,0,0,0,5,0,5,0.8837209302325582,1.0,1.0,0.0,0.0,0.0,4,0,5
1221,59,23,36,24,13,3,19,17,6,1,10,0,0,0,0,0,0,0,0,0,1,0,1,0.9736842105263158,1.0,1.0,0.0,0.0,0.0,4,0,1
1222,59,23,36,24,13,3,19,17,6,1,10,0,0,0,0,0,0,0,0,0,0,1,0,1.0,1.0,1.0,0.0,0.0,0.0,4,0,0
1223,58,22,36,23,13,3,19,17,6,1,10,0,0,0,0,0,0,0,0,0,1,2,1,0.972972972972973,1.0,1.0,0.0,0.0,0.0,4,0,1
1224,58,22,36,23,13,3,19,17,6,1,10,0,0,0,0,0,0,0,0,0,0,0,0,1.0,1.0,1.0,0.0,0.0,0.0,4,0,0
1225,55,20,35,22,12,3,18,16,5,1,10,0,0,0,0,0,0,0,0,0,2,0,2,0.9444444444444444,1.0,0.9411764705882353,0.0,0.0,0.0,4,0,3
1226,54,20,34,22,10,4,18,16,5,1,10,0,0,0,0,0,0,0,0,0,1,0,1,0.9696969696969697,1.0,1.0,0.0,0.0,0.0,4,0,1
1227,54,20,34,22,8,6,18,16,5,1,10,0,0,0,0,0,0,0,0,0,0,0,0,1.0,1.0,1.0,0.0,0.0,0.0,4,0,0
1228,54,20,34,22,8,6,18,16,5,1,10,0,0,0,0,0,0,0,0,0,0,1,0,1.0,1.0,1.0,0.0,0.0,0.0,4,0,0
1229,53,19,34,21,8,6,18,16,5,1,10,0,0,0,0,0,0,0,0,0,1,0,1,0.9666666666666667,1.0,1.0,0.0,0.0,0.0,4,0,1
1230,52,19,33,21,7,6,18,16,5,1,10,0,0,0,0,0,0,0,0,0,1,0,1,0.9655172413793104,1.0,1.0,0.0,0.0,0.0,4,0,1
1231,52,19,33,21,7,6,18,16,5,1,10,0,0,0,0,0,0,0,0,0,0,1,0,1.0,1.0,1.0,0.0,0.0,0.0,4,0,0
1232,52,19,33,21,6,7,18,16,5,1,10,0,0,0,0,0,0,0,0,0,0,0,0,1.0,1.0,1.0,0.0,0.0,0.0,4,0,0
1233,52,19,33,19,8,7,18,16,5,1,10,0,0,0,0,0,0,0,0,0,0,0,0,1.0,1.0,1.0,0.0,0.0,0.0,4,0,0
1234,51,18,33,18,8,7,18,16,5,1,10,0,0,0,0,0,0,0,0,0,1,0,1,0.962962962962963,1.0,1.0,0.0,0.0,0.0,4,0,1
1235,51,18,33,17,8,8,18,16,5,1,9,0,0,0,0,0,0,0,0,0,0,0,0,1.0,1.0,1.0,0.0,0.0,0.0,4,0,0
1236,51,18,33,17,8,8,18,16,5,1,9,0,0,0,0,0,1,0,0,0,0,0,0,1.0,1.0,1.0,0.0,0.0,0.0,4,0,0
1237,51,18,33,17,8,8,18,16,5,1,8,0,0,0,0,0,7,0,0,0,0,0,0,1.0,1.0,1.0,0.0,0.0,0.0,4,0,0
1238,51,18,33,16,9,8,18,16,7,1,8,0,0,0,0,0,8,2,0,0,0,0,0,1.0,1.0,1.0,0.0,0.0,0.25,4,0,0
1239,51,18,33,16,9,8,18,16,7,1,8,0,0,0,0,0,0,0,0,0,0,0,0,1.0,1.0,1.0,0.0,0.0,0.0,4,0,0
1240,51,18,33,16,9,8,18,16,7,1,7,0,0,0,0,0,0,0,0,0,0,0,0,1.0,1.0,1.0,0.0,0.0,0.0,4,0,0
1241,51,18,33,16,9,8,18,16,7,1,7,0,0,0,0,0,1,0,0,0,0,0,0,1.0,1.0,1.0,0.0,0.0,0.0,4,0,0
1242,54,19,35,20,8,8,18,16,7,1,8,0,0,0,0,0,2,1,0,1,1,0,1,0.96,1.0,1.0,0.0784313725490196,0.0784313725490196,0.5,4,4,1
1243,54,19,35,20,8,8,18,16,7,1,8,0,0,0,0,0,0,0,0,0,0,0,0,1.0,1.0,1.0,0.0,0.0,0.0,4,0,0
1244,53,19,34,20,7,8,18,16,7,0,8,0,0,0,0,0,0,0,0,0,1,0,1,0.9642857142857143,1.0,1.0,0.0,0.0,0.0,4,0,1
1245,52,19,33,19,7,8,18,16,8,0,8,0,0,0,0,0,5,1,0,0,1,0,1,0.962962962962963,1.0,1.0,0.0,0.0,0.2,4,0,1
1246,52,19,33,19,7,8,18,16,8,0,8,0,0,0,0,0,0,0,0,0,0,2,0,1.0,1.0,1.0,0.0,0.0,0.0,4,0,0
1247,51,19,32,19,6,8,18,16,8,0,8,0,0,0,0,0,0,0,0,0,1,0,1,0.9615384615384616,1.0,1.0,0.0,0.0,0.0,4,0,1
1248,51,19,32,19,6,8,18,16,8,0,7,0,0,0,0,0,0,0,0,0,0,0,0,1.0,1.0,1.0,0.0,0.0,0.0,4,0,0
1249,51,19,32,18,7,8,18,16,9,0,7,0,0,0,0,0,6,1,0,0,0,0,0,1.0,1.0,1.0,0.0,0.0,0.16666666666666666,4,0,0
1250,53,20,33,21,5,9,18,16,8,0,8,0,0,0,0,0,0,0,0,1,1,0,1,0.9583333333333334,1.0,1.0,0.058823529411764705,0.058823529411764705,0.0,4,3,1
1251,56,21,35,24,5,9,18,16,7,0,8,0,0,0,0,0,0,0,0,1,1,0,1,0.9615384615384616,1.0,1.0,0.07547169811320754,0.07547169811320754,0.0,4,4,1
1252,56,21,35,23,6,9,18,16,7,0,8,0,0,0,0,0,1,0,0,0,0,0,0,1.0,1.0,1.0,0.0,0.0,0.0,4,0,0
1253,56,21,35,23,6,9,18,16,7,0,8,0,0,0,0,0,6,0,0,0,0,0,0,1.0,1.0,1.0,0.0,0.0,0.0,4,0,0
1254,58,23,35,26,5,9,18,16,7,0,8,0,0,0,0,0,8,1,0,1,2,0,2,0.9310344827586207,1.0,1.0,0.07142857142857142,0.07142857142857142,0.125,4,4,2
1255,56,23,33,24,5,9,18,16,8,0,8,0,0,0,0,0,4,1,0,0,2,0,2,0.935483870967742,1.0,1.0,0.0,0.0,0.25,4,0,2
1256,54,22,32,22,5,9,18,16,8,0,8,0,0,0,0,0,0,0,0,0,2,0,2,0.9310344827586207,1.0,1.0,0.0,0.0,0.0,4,0,2
1257,54,22,32,22,5,9,18,16,8,0,8,0,0,0,0,0,0,0,0,0,0,0,0,1.0,1.0,1.0,0.0,0.0,0.0,4,0,0
1258,54,22,32,22,5,8,19,16,8,0,8,0,0,0,0,0,0,0,0,0,0,0,0,1.0,1.0,1.0,0.0,0.0,0.0,4,0,0
1259,54,22,32,18,9,8,19,16,8,0,8,0,0,0,0,0,0,0,0,0,0,0,0,1.0,1.0,1.0,0.0,0.0,0.0,4,0,0
1260,54,22,32,13,14,8,19,16,8,0,8,0,0,0,0,0,0,0,0,0,0,0,0,1.0,1.0,1.0,0.0,0.0,0.0,4,0,0
1261,53,21,32,13,13,8,19,16,8,0,7,0,0,0,0,0,0,0,0,0,1,0,1,0.962962962962963,1.0,1.0,0.0,0.0,0.0,4,0,1
1262,52,21,31,11,14,8,19,16,9,0,5,0,0,0,0,0,6,1,0,0,1,0,1,0.9615384615384616,1.0,1.0,0.0,0.0,0.16666666666666666,4,0,1
1263,52,21,31,11,14,8,19,16,9,1,5,0,0,0,0,0,9,0,1,0,0,0,0,1.0,1.0,1.0,0.0,0.0,0.0,4,0,0
1264,51,21,30,10,14,8,19,16,10,1,4,0,0,0,0,0,7,1,0,0,1,0,1,0.96,1.0,1.0,0.0,0.0,0.14285714285714285,4,0,1
1265,53,22,31,12,14,8,19,16,9,1,5,0,0,0,0,0,1,0,0,1,1,0,1,0.9583333333333334,1.0,1.0,0.058823529411764705,0.058823529411764705,0.0,4,3,1
1266,52,22,30,12,13,8,19,16,9,1,5,0,0,0,0,0,2,0,0,0,1,0,1,0.9615384615384616,1.0,1.0,0.0,0.0,0.0,4,0,1
1267,52,22,30,12,13,8,19,16,9,2,5,0,0,0,0,0,3,0,1,0,0,0,0,1.0,1.0,1.0,0.0,0.0,0.0,4,0,0
1268,52,22,30,12,13,8,19,16,9,2,5,0,0,0,0,0,0,0,0,0,0,0,0,1.0,1.0,1.0,0.0,0.0,0.0,4,0,0
1269,51,22,29,12,12,8,19,16,9,2,5,0,0,0,0,0,0,0,0,0,1,0,1,0.96,1.0,1.0,0.0,0.0,0.0,4,0,1
1270,51,22,29,12,12,8,19,16,9,2,5,0,0,0,0,0,0,0,0,0,0,0,0,1.0,1.0,1.0,0.0,0.0,0.0,4,0,0
1271,51,22,29,12,12,8,19,16,9,2,5,0,0,0,0,0,0,0,0,0,0,0,0,1.0,1.0,1.0,0.0,0.0,0.0,4,0,0
1272,51,22,29,12,12,8,19,16,9,2,5,0,0,0,0,0,0,0,0,0,0,0,0,1.0,1.0,1.0,0.0,0.0,0.0,4,0,0
1273,51,22,29,12,12,8,19,16,9,2,5,0,0,0,0,0,0,0,0,0,0,0,0,1.0,1.0,1.0,0.0,0.0,0.0,4,0,0
1274,50,21,29,12,11,8,19,16,9,2,5,0,0,0,0,0,0,0,0,0,1,0,1,0.9583333333333334,1.0,1.0,0.0,0.0,0.0,4,0,1
1275,49,20,29,11,11,8,19,16,9,2,5,0,0,0,0,0,0,0,0,0,1,1,1,0.9565217391304348,1.0,1.0,0.0,0.0,0.0,4,0,1
1276,49,20,29,11,11,8,19,16,9,2,5,0,0,0,0,0,0,0,0,0,0,0,0,1.0,1.0,1.0,0.0,0.0,0.0,4,0,0
1277,49,20,29,11,11,8,19,16,9,2,5,0,0,0,0,0,0,0,0,0,0,0,0,1.0,1.0,1.0,0.0,0.0,0.0,4,0,0
1278,49,20,29,11,11,8,19,16,9,2,5,0,0,0,0,0,0,0,0,0,0,0,0,1.0,1.0,1.0,0.0,0.0,0.0,4,0,0
1279,49,20,29,11,10,9,19,16,9,2,5,0,0,0,0,0,0,0,0,0,0,0,0,1.0,1.0,1.0,0.0,0.0,0.0,4,0,0
1280,48,19,29,10,10,9,19,16,9,2,5,0,0,0,0,0,0,0,0,0,1,0,1,0.9523809523809523,1.0,1.0,0.0,0.0,0.0,4,0,1
1281,47,19,28,10,10,8,19,16,9,2,5,0,0,0,0,0,0,0,0,0,0,0,0,1.0,1.0,1.0,0.0,0.0,0.0,4,0,1
1282,47,19,28,10,10,8,19,16,9,2,5,0,0,0,0,0,0,0,0,0,0,0,0,1.0,1.0,1.0,0.0,0.0,0.0,4,0,0
1283,46,18,28,9,10,8,19,16,9,2,5,0,0,0,0,0,0,0,0,0,1,0,1,0.95,1.0,1.0,0.0,0.0,0.0,4,0,1
1284,46,18,28,9,10,8,19,16,9,2,5,0,0,0,0,0,0,0,0,0,0,0,0,1.0,1.0,1.0,0.0,0.0,0.0,4,0,0
1285,45,18,27,7,11,8,19,16,9,2,5,0,0,0,0,0,0,0,0,0,1,0,1,0.9473684210526316,1.0,1.0,0.0,0.0,0.0,4,0,1
1286,45,18,27,7,11,8,19,16,9,2,5,0,0,0,0,0,0,0,0,0,0,0,0,1.0,1.0,1.0,0.0,0.0,0.0,4,0,0
1287,44,18,26,6,11,8,19,16,9,2,4,0,0,0,0,0,0,0,0,0,1,0,1,0.9444444444444444,1.0,1.0,0.0,0.0,0.0,4,0,1
1288,44,18,26,6,11,8,19,16,10,2,4,0,0,0,0,0,4,1,0,0,0,0,0,1.0,1.0,1.0,0.0,0.0,0.25,4,0,0
1289,44,18,26,6,11,8,19,16,10,2,4,0,0,0,0,0,0,0,0,0,0,0,0,1.0,1.0,1.0,0.0,0.0,0.0,4,0,0
1290,44,18,26,6,11,8,19,16,10,2,4,0,0,0,0,0,0,0,0,0,0,0,0,1.0,1.0,1.0,0.0,0.0,0.0,4,0,0
1291,44,18,26,6,11,8,19,16,10,2,4,0,0,0,0,0,0,0,0,0,0,0,0,1.0,1.0,1.0,0.0,0.0,0.0,4,0,0
1292,44,18,26,6,11,8,19,16,10,2,4,0,0,0,0,0,0,0,0,0,0,0,0,1.0,1.0,1.0,0.0,0.0,0.0,4,0,0
1293,44,18,26,3,14,8,19,16,10,2,4,0,0,0,0,0,0,0,0,0,0,0,0,1.0,1.0,1.0,0.0,0.0,0.0,4,0,0
1294,44,18,26,2,15,8,19,16,10,2,4,0,0,0,0,0,0,0,0,0,0,0,0,1.0,1.0,1.0,0.0,0.0,0.0,4,0,0
1295,44,18,26,2,15,8,19,16,10,2,3,0,0,0,0,0,0,0,0,0,0,0,0,1.0,1.0,1.0,0.0,0.0,0.0,4,0,0
1296,44,18,26,2,15,8,19,16,11,2,2,0,0,0,0,0,3,1,0,0,0,0,0,1.0,1.0,1.0,0.0,0.0,0.3333333333333333,4,0,0
1297,44,18,26,0,17,8,19,16,11,2,2,0,0,0,0,0,2,0,0,0,0,0,0,1.0,1.0,1.0,0.0,0.0,0.0,4,0,0
1298,44,18,26,0,17,8,19,16,12,2,2,0,0,0,0,0,7,1,0,0,0,0,0,1.0,1.0,1.0,0.0,0.0,0.14285714285714285,4,0,0
1299,43,17,26,0,16,8,19,16,12,2,1,0,0,0,0,0,0,0,0,0,1,0,1,0.9411764705882353,1.0,1.0,0.0,0.0,0.0,4,0,1
1300,43,17,26,0,16,8,19,16,13,2,1,0,0,0,0,0,6,1,0,0,0,0,0,1.0,1.0,1.0,0.0,0.0,0.16666666666666666,4,0,0
1301,43,17,26,0,16,8,19,16,13,2,1,0,0,0,0,0,0,0,0,0,0,0,0,1.0,1.0,1.0,0.0,0.0,0.0,4,0,0
1302,43,17,26,0,16,8,19,16,13,2,1,0,0,0,0,0,0,0,0,0,0,0,0,1.0,1.0,1.0,0.0,0.0,0.0,4,0,0
1303,49,18,31,6,16,8,19,16,11,2,3,0,0,0,0,0,0,0,0,2,0,0,0,1.0,1.0,1.0,0.13953488372093023,0.13953488372093023,0.0,4,6,0
1304,48,17,31,6,15,8,19,16,11,2,3,0,0,0,0,0,0,0,0,0,1,0,1,0.9545454545454546,1.0,1.0,0.0,0.0,0.0,4,0,1
1305,48,17,31,6,15,8,19,16,11,2,3,0,0,0,0,0,0,0,0,0,0,0,0,1.0,1.0,1.0,0.0,0.0,0.0,4,0,0
1306,48,17,31,6,15,8,19,16,11,2,3,0,0,0,0,0,0,0,0,0,0,0,0,1.0,1.0,1.0,0.0,0.0,0.0,4,0,0
1307,50,20,30,9,14,8,19,16,10,2,4,0,0,0,0,0,0,0,0,1,1,0,1,0.9523809523809523,1.0,1.0,0.0625,0.0625,0.0,4,3,1
1308,50,20,30,9,14,8,19,16,10,1,4,0,0,0,0,0,0,0,0,0,0,0,0,1.0,1.0,1.0,0.0,0.0,0.0,4,0,0
1309,50,20,30,9,14,8,19,16,11,1,4,0,0,0,0,0,6,1,0,0,0,0,0,1.0,1.0,1.0,0.0,0.0,0.16666666666666666,4,0,0
1310,54,22,32,13,14,8,19,16,10,1,4,0,0,0,0,0,0,0,0,1,0,0,0,1.0,1.0,1.0,0.08,0.08,0.0,4,4,0
1311,54,22,32,13,14,8,19,16,11,1,4,0,0,0,0,0,4,1,0,0,0,0,0,1.0,1.0,1.0,0.0,0.0,0.25,4,0,0
1312,53,22,31,13,14,8,18,15,11,0,4,0,0,0,0,0,0,0,0,0,0,0,0,1.0,1.0,0.9375,0.0,0.0,0.0,4,0,1
1313,53,22,31,13,14,8,18,15,11,0,4,0,0,0,0,0,0,0,0,0,0,0,0,1.0,1.0,1.0,0.0,0.0,0.0,4,0,0
1314,55,24,31,16,13,8,18,15,10,0,5,0,0,0,0,0,0,0,0,1,1,0,1,0.962962962962963,1.0,1.0,0.05660377358490566,0.05660377358490566,0.0,4,3,1
1315,55,24,31,16,13,7,19,15,10,0,5,0,0,0,0,0,0,0,0,0,0,0,0,1.0,1.0,1.0,0.0,0.0,0.0,4,0,0
1316,53,23,30,14,13,7,19,15,10,0,5,0,0,0,0,0,0,0,0,0,2,0,2,0.9310344827586207,1.0,1.0,0.0,0.0,0.0,4,0,2
1317,52,23,29,13,13,7,19,15,10,0,5,0,0,0,0,0,0,0,0,0,1,0,1,0.962962962962963,1.0,1.0,0.0,0.0,0.0,4,0,1
1318,52,23,29,13,13,7,19,15,10,0,5,0,0,0,0,0,0,0,0,0,0,0,0,1.0,1.0,1.0,0.0,0.0,0.0,4,0,0
1319,55,25,30,16,13,7,19,15,9,0,6,0,0,0,0,0,0,0,0,1,0,0,0,1.0,1.0,1.0,0.057692307692307696,0.057692307692307696,0.0,4,3,0
1320,58,27,31,19,13,7,19,15,8,0,7,0,0,0,0,0,0,0,0,1,0,0,0,1.0,1.0,1.0,0.05454545454545454,0.05454545454545454,0.0,4,3,0
1321,56,27,29,17,13,7,19,15,8,0,7,0,0,0,0,0,0,0,0,0,2,0,2,0.9375,1.0,1.0,0.0,0.0,0.0,4,0,2
1322,56,27,29,17,13,7,19,15,8,0,7,0,0,0,0,0,0,0,0,0,0,0,0,1.0,1.0,1.0,0.0,0.0,0.0,4,0,0
1323,56,27,29,17,13,7,19,15,8,0,7,0,0,0,0,0,0,0,0,0,0,0,0,1.0,1.0,1.0,0.0,0.0,0.0,4,0,0
1324,55,26,29,16,13,7,19,15,8,0,7,0,0,0,0,0,0,0,0,0,1,0,1,0.9666666666666667,1.0,1.0,0.0,0.0,0.0,4,0,1
1325,54,25,29,16,12,7,19,15,8,0,7,0,0,0,0,0,0,0,0,0,1,0,1,0.9655172413793104,1.0,1.0,0.0,0.0,0.0,4,0,1
1326,53,24,29,16,11,6,20,16,8,0,7,0,0,0,0,0,0,0,0,0,1,0,1,0.9642857142857143,1.0,1.0,0.0,0.0,0.0,4,0,1
1327,57,26,31,20,11,6,20,16,7,0,8,0,0,0,0,0,0,0,0,1,0,0,0,1.0,1.0,1.0,0.07547169811320754,0.07547169811320754,0.0,4,4,0
1328,56,25,31,20,11,5,20,16,7,0,8,0,0,0,0,0,0,0,0,0,0,0,0,1.0,1.0,1.0,0.0,0.0,0.0,4,0,1
1329,59,26,33,23,11,5,20,16,6,0,9,0,0,0,0,0,0,0,0,1,0,0,0,1.0,1.0,1.0,0.05357142857142857,0.05357142857142857,0.0,4,3,0
1330,58,26,32,23,10,5,20,16,6,0,9,0,0,0,0,0,0,0,0,0,1,0,1,0.9705882352941176,1.0,1.0,0.0,0.0,0.0,4,0,1
1331,57,25,32,23,9,5,20,16,6,0,9,0,0,0,0,0,0,0,0,0,1,0,1,0.9696969696969697,1.0,1.0,0.0,0.0,0.0,4,0,1
1332,57,25,32,23,9,5,20,16,6,0,9,0,0,0,0,0,0,0,0,0,0,0,0,1.0,1.0,1.0,0.0,0.0,0.0,4,0,0
1333,54,24,30,21,9,4,20,16,6,0,9,0,0,0,0,0,5,0,0,0,2,0,2,0.9375,1.0,1.0,0.0,0.0,0.0,4,0,3
1334,54,24,30,21,9,4,20,16,6,0,9,0,0,0,0,0,5,0,0,0,0,0,0,1.0,1.0,1.0,0.0,0.0,0.0,4,0,0
1335,54,24,30,21,9,4,20,16,7,0,9,0,0,0,0,0,2,1,0,0,0,0,0,1.0,1.0,1.0,0.0,0.0,0.5,4,0,0
1336,54,24,30,21,9,4,20,16,7,0,9,0,0,0,0,0,0,0,0,0,0,0,0,1.0,1.0,1.0,0.0,0.0,0.0,4,0,0
1337,54,24,30,21,9,4,20,16,7,0,9,0,0,0,0,0,0,0,0,0,0,0,0,1.0,1.0,1.0,0.0,0.0,0.0,4,0,0
1338,54,24,30,21,9,4,20,16,7,0,9,0,0,0,0,0,0,0,0,0,0,0,0,1.0,1.0,1.0,0.0,0.0,0.0,4,0,0
1339,53,23,30,20,9,4,20,16,7,0,9,0,0,0,0,0,0,0,0,0,1,0,1,0.9666666666666667,1.0,1.0,0.0,0.0,0.0,4,0,1
1340,53,23,30,20,9,3,21,17,7,0,9,0,0,0,0,0,0,0,0,0,0,0,0,1.0,1.0,1.0,0.0,0.0,0.0,4,0,0
1341,53,23,30,20,9,3,21,17,7,0,9,0,0,0,0,0,0,0,0,0,0,0,0,1.0,1.0,1.0,0.0,0.0,0.0,4,0,0
1342,53,23,30,20,9,3,21,17,7,0,9,0,0,0,0,0,0,0,0,0,0,0,0,1.0,1.0,1.0,0.0,0.0,0.0,4,0,0
1343,52,22,30,19,9,3,21,17,7,0,9,0,0,0,0,0,0,0,0,0,1,0,1,0.9655172413793104,1.0,1.0,0.0,0.0,0.0,4,0,1
1344,51,21,30,18,9,3,21,17,7,0,9,0,0,0,0,0,0,0,0,0,1,0,1,0.9642857142857143,1.0,1.0,0.0,0.0,0.0,4,0,1
1345,50,20,30,17,9,3,21,17,7,0,9,0,0,0,0,0,0,0,0,0,1,0,1,0.962962962962963,1.0,1.0,0.0,0.0,0.0,4,0,1
1346,50,20,30,15,11,3,21,17,8,0,9,0,0,0,0,0,8,1,0,0,0,0,0,1.0,1.0,1.0,0.0,0.0,0.125,4,0,0
1347,50,20,30,15,11,3,21,17,8,0,9,0,0,0,0,0,0,0,0,0,0,0,0,1.0,1.0,1.0,0.0,0.0,0.0,4,0,0
1348,50,20,30,15,11,3,21,17,8,0,7,0,0,0,0,0,0,0,0,0,0,0,0,1.0,1.0,1.0,0.0,0.0,0.0,4,0,0
1349,49,20,29,14,11,3,21,17,10,0,7,0,0,0,0,0,12,2,0,0,1,0,1,0.9615384615384616,1.0,1.0,0.0,0.0,0.16666666666666666,4,0,1
1350,49,20,29,11,14,3,21,17,10,0,7,0,0,0,0,0,0,0,0,0,0,0,0,1.0,1.0,1.0,0.0,0.0,0.0,4,0,0
1351,49,20,29,11,14,3,21,17,10,0,7,0,0,0,0,0,0,0,0,0,0,0,0,1.0,1.0,1.0,0.0,0.0,0.0,4,0,0
1352,49,20,29,11,14,3,21,17,10,0,6,0,0,0,0,0,0,0,0,0,0,0,0,1.0,1.0,1.0,0.0,0.0,0.0,4,0,0
1353,52,22,30,14,14,3,21,17,10,0,7,0,0,0,0,0,6,1,0,1,0,0,0,1.0,1.0,1.0,0.061224489795918366,0.061224489795918366,0.16666666666666666,4,3,0
1354,52,22,30,14,14,3,21,17,10,0,7,0,0,0,0,0,0,0,0,0,0,0,0,1.0,1.0,1.0,0.0,0.0,0.0,4,0,0
1355,52,22,30,14,14,3,21,17,10,0,6,0,0,0,0,0,0,0,0,0,0,0,0,1.0,1.0,1.0,0.0,0.0,0.0,4,0,0
1356,52,22,30,14,14,3,21,17,10,1,6,0,0,0,0,0,4,0,1,0,0,0,0,1.0,1.0,1.0,0.0,0.0,0.0,4,0,0
1357,52,22,30,12,16,3,21,17,10,1,6,0,0,0,0,0,0,0,0,0,0,0,0,1.0,1.0,1.0,0.0,0.0,0.0,4,0,0
1358,52,22,30,12,16,3,21,17,10,1,6,0,0,0,0,0,0,0,0,0,0,0,0,1.0,1.0,1.0,0.0,0.0,0.0,4,0,0
1359,52,22,30,12,16,3,21,17,10,1,5,0,0,0,0,0,0,0,0,0,0,0,0,1.0,1.0,1.0,0.0,0.0,0.0,4,0,0
1360,52,22,30,12,16,3,21,17,10,1,5,0,0,0,0,0,2,0,0,0,0,0,0,1.0,1.0,1.0,0.0,0.0,0.0,4,0,0
1361,55,23,32,15,16,2,22,17,10,1,6,0,0,0,0,0,5,1,0,1,0,0,0,1.0,1.0,1.0,0.057692307692307696,0.057692307692307696,0.2,4,3,0
1362,55,23,32,14,17,2,22,17,10,1,6,0,0,0,0,0,0,0,0,0,0,0,0,1.0,1.0,1.0,0.0,0.0,0.0,4,0,0
1363,57,22,35,14,19,2,22,17,9,1,7,0,0,0,0,0,0,0,0,1,1,0,1,0.967741935483871,1.0,1.0,0.05454545454545454,0.05454545454545454,0.0,4,3,1
1364,56,21,35,14,19,1,22,17,9,1,6,0,0,0,0,0,0,0,0,0,0,0,0,1.0,1.0,1.0,0.0,0.0,0.0,4,0,1
1365,59,22,37,18,18,1,22,17,8,1,6,0,0,0,0,0,1,0,0,1,1,0,1,0.9696969696969697,1.0,1.0,0.07142857142857142,0.07142857142857142,0.0,4,4,1
1366,59,22,37,18,18,1,22,17,9,2,6,0,0,0,0,0,6,1,1,0,0,0,0,1.0,1.0,1.0,0.0,0.0,0.16666666666666666,4,0,0
1367,58,22,36,18,17,1,22,17,9,2,6,0,0,0,0,0,0,0,0,0,1,0,1,0.9722222222222222,1.0,1.0,0.0,0.0,0.0,4,0,1
1368,58,22,36,18,17,1,22,17,9,2,6,0,0,0,0,0,0,0,0,0,0,0,0,1.0,1.0,1.0,0.0,0.0,0.0,4,0,0
1369,57,21,36,17,17,1,22,17,9,2,6,0,0,0,0,0,0,0,0,0,1,0,1,0.9714285714285714,1.0,1.0,0.0,0.0,0.0,4,0,1
1370,56,21,35,15,18,1,22,17,9,2,6,0,0,0,0,0,0,0,0,0,1,0,1,0.9705882352941176,1.0,1.0,0.0,0.0,0.0,4,0,1
1371,56,21,35,15,18,1,22,17,9,2,6,0,0,0,0,0,0,0,0,0,0,0,0,1.0,1.0,1.0,0.0,0.0,0.0,4,0,0
1372,56,21,35,13,20,1,22,17,9,2,5,0,0,0,0,0,0,0,0,0,0,0,0,1.0,1.0,1.0,0.0,0.0,0.0,4,0,0
1373,55,20,35,13,19,1,22,17,10,2,5,0,0,0,0,0,8,1,0,0,1,0,1,0.9696969696969697,1.0,1.0,0.0,0.0,0.125,4,0,1
1374,59,22,37,17,19,1,22,17,9,2,5,0,0,0,0,0,0,0,0,1,0,0,0,1.0,1.0,1.0,0.07272727272727272,0.07272727272727272,0.0,4,4,0
1375,59,22,37,17,19,1,22,17,9,2,5,0,0,0,0,0,1,0,0,0,0,1,0,1.0,1.0,1.0,0.0,0.0,0.0,4,0,0
1376,61,22,39,20,18,1,22,17,9,2,6,0,0,0,0,0,2,1,0,1,2,0,2,0.9444444444444444,1.0,1.0,0.06779661016949153,0.06779661016949153,0.5,4,4,2
1377,59,20,39,19,17,1,22,17,9,2,6,0,0,0,0,0,0,0,0,0,2,0,2,0.9473684210526316,1.0,1.0,0.0,0.0,0.0,4,0,2
1378,58,19,39,18,17,1,22,17,9,2,6,0,0,0,0,0,0,0,0,0,1,0,1,0.9722222222222222,1.0,1.0,0.0,0.0,0.0,4,0,1
1379,55,18,37,17,15,1,22,17,9,2,6,0,0,0,0,0,0,0,0,0,3,0,3,0.9142857142857143,1.0,1.0,0.0,0.0,0.0,4,0,3
1380,55,18,37,17,15,1,22,17,9,2,6,0,0,0,0,0,0,0,0,0,0,0,0,1.0,1.0,1.0,0.0,0.0,0.0,4,0,0
1381,55,18,37,17,15,1,22,17,9,2,6,0,0,0,0,0,0,0,0,0,0,0,0,1.0,1.0,1.0,0.0,0.0,0.0,4,0,0
1382,54,17,37,16,15,1,22,17,9,2,6,0,0,0,0,0,0,0,0,0,1,0,1,0.96875,1.0,1.0,0.0,0.0,0.0,4,0,1
1383,54,17,37,16,15,1,22,17,9,2,6,0,0,0,0,0,0,0,0,0,0,0,0,1.0,1.0,1.0,0.0,0.0,0.0,4,0,0
1384,54,17,37,16,15,1,22,17,9,2,6,0,0,0,0,0,0,0,0,0,0,0,0,1.0,1.0,1.0,0.0,0.0,0.0,4,0,0
1385,54,17,37,16,15,0,23,17,9,2,6,0,0,0,0,0,0,0,0,0,0,0,0,1.0,1.0,1.0,0.0,0.0,0.0,4,0,0
1386,54,17,37,16,15,0,23,17,9,2,6,0,0,0,0,0,0,0,0,0,0,0,0,1.0,1.0,1.0,0.0,0.0,0.0,4,0,0
1387,54,17,37,16,15,0,23,17,9,2,6,0,0,0,0,0,0,0,0,0,0,0,0,1.0,1.0,1.0,0.0,0.0,0.0,4,0,0
1388,54,17,37,16,15,0,23,17,9,2,6,0,0,0,0,0,0,0,0,0,0,0,0,1.0,1.0,1.0,0.0,0.0,0.0,4,0,0
1389,53,16,37,15,15,0,23,17,9,2,6,0,0,0,0,0,0,0,0,0,1,0,1,0.967741935483871,1.0,1.0,0.0,0.0,0.0,4,0,1
1390,53,16,37,15,15,0,23,17,9,2,6,0,0,0,0,0,0,0,0,0,0,0,0,1.0,1.0,1.0,0.0,0.0,0.0,4,0,0
1391,52,16,36,14,15,0,23,17,9,2,6,0,0,0,0,0,0,0,0,0,1,0,1,0.9666666666666667,1.0,1.0,0.0,0.0,0.0,4,0,1
1392,52,16,36,14,15,0,23,17,9,2,6,0,0,0,0,0,0,0,0,0,0,0,0,1.0,1.0,1.0,0.0,0.0,0.0,4,0,0
1393,52,16,36,14,15,0,23,17,9,2,6,0,0,0,0,0,0,0,0,0,0,0,0,1.0,1.0,1.0,0.0,0.0,0.0,4,0,0
1394,51,16,35,13,15,0,23,17,9,2,6,0,0,0,0,0,0,0,0,0,1,0,1,0.9655172413793104,1.0,1.0,0.0,0.0,0.0,4,0,1
1395,51,16,35,13,15,0,23,17,9,2,6,0,0,0,0,0,0,0,0,0,0,0,0,1.0,1.0,1.0,0.0,0.0,0.0,4,0,0
1396,50,15,35,11,16,0,23,17,9,2,6,0,0,0,0,0,0,0,0,0,1,1,1,0.9642857142857143,1.0,1.0,0.0,0.0,0.0,4,0,1
1397,50,15,35,11,16,0,23,17,9,2,6,0,0,0,0,0,0,0,0,0,0,0,0,1.0,1.0,1.0,0.0,0.0,0.0,4,0,0
1398,50,15,35,11,16,0,23,17,9,2,5,0,0,0,0,0,0,0,0,0,0,0,0,1.0,1.0,1.0,0.0,0.0,0.0,4,0,0
1399,50,15,35,11,16,0,23,17,9,2,5,0,0,0,0,0,0,0,0,0,0,2,0,1.0,1.0,1.0,0.0,0.0,0.0,4,0,0
1400,54,17,37,15,15,1,23,17,8,2,6,0,0,0,0,0,0,0,0,1,0,0,0,1.0,1.0,1.0,0.08,0.08,0.0,4,4,0
1401,54,17,37,15,15,1,23,17,8,1,6,0,0,0,0,0,0,0,0,0,0,0,0,1.0,1.0,1.0,0.0,0.0,0.0,4,0,0
1402,54,17,37,15,15,1,23,17,8,1,6,0,0,0,0,0,0,0,0,0,0,0,0,1.0,1.0,1.0,0.0,0.0,0.0,4,0,0
1403,54,17,37,15,13,3,23,17,8,1,6,0,0,0,0,0,0,0,0,0,0,0,0,1.0,1.0,1.0,0.0,0.0,0.0,4,0,0
1404,54,17,37,14,14,3,23,17,8,1,6,0,0,0,0,0,0,0,0,0,0,0,0,1.0,1.0,1.0,0.0,0.0,0.0,4,0,0
1405,53,16,37,14,13,3,23,17,8,1,6,0,0,0,0,0,0,0,0,0,1,0,1,0.9642857142857143,1.0,1.0,0.0,0.0,0.0,4,0,1
1406,53,16,37,11,16,3,23,17,8,1,5,0,0,0,0,0,0,0,0,0,0,0,0,1.0,1.0,1.0,0.0,0.0,0.0,4,0,0
1407,52,16,36,10,16,3,23,17,8,1,5,0,0,0,0,0,0,0,0,0,1,0,1,0.962962962962963,1.0,1.0,0.0,0.0,0.0,4,0,1
1408,51,15,36,8,17,3,23,17,8,1,4,0,0,0,0,0,0,0,0,0,1,0,1,0.9615384615384616,1.0,1.0,0.0,0.0,0.0,4,0,1
1409,50,14,36,8,16,3,23,17,8,1,4,0,0,0,0,0,0,0,0,0,1,0,1,0.96,1.0,1.0,0.0,0.0,0.0,4,0,1
1410,50,14,36,8,16,3,23,17,8,1,3,0,0,0,0,0,0,0,0,0,0,0,0,1.0,1.0,1.0,0.0,0.0,0.0,4,0,0
1411,54,16,38,12,16,3,23,17,7,0,4,0,0,0,0,0,0,0,0,1,0,0,0,1.0,1.0,1.0,0.08,0.08,0.0,4,4,0
1412,53,16,37,12,15,3,23,17,7,0,4,0,0,0,0,0,0,0,0,0,1,0,1,0.9642857142857143,1.0,1.0,0.0,0.0,0.0,4,0,1
1413,53,16,37,12,15,3,23,17,7,0,4,0,0,0,0,0,0,0,0,0,0,0,0,1.0,1.0,1.0,0.0,0.0,0.0,4,0,0
1414,61,19,42,20,15,3,23,17,5,0,6,0,0,0,0,0,0,0,0,2,0,0,0,1.0,1.0,1.0,0.1509433962264151,0.1509433962264151,0.0,4,8,0
1415,59,19,40,18,15,3,23,17,5,0,6,0,0,0,0,0,0,0,0,0,2,0,2,0.9428571428571428,1.0,1.0,0.0,0.0,0.0,4,0,2
1416,57,18,39,17,14,3,23,17,5,0,6,0,0,0,0,0,0,0,0,0,2,0,2,0.9393939393939394,1.0,1.0,0.0,0.0,0.0,4,0,2
1417,57,18,39,14,17,3,23,17,5,0,6,0,0,0,0,0,0,0,0,0,0,0,0,1.0,1.0,1.0,0.0,0.0,0.0,4,0,0
1418,61,21,40,18,17,3,23,17,4,0,7,0,0,0,0,0,0,0,0,1,0,0,0,1.0,1.0,1.0,0.07017543859649122,0.07017543859649122,0.0,4,4,0
1419,60,21,39,16,18,3,23,17,4,0,6,0,0,0,0,0,0,0,0,0,1,0,1,0.9714285714285714,1.0,1.0,0.0,0.0,0.0,4,0,1
1420,58,21,37,16,16,3,23,17,4,0,6,0,0,0,0,0,0,0,0,0,2,0,2,0.9411764705882353,1.0,1.0,0.0,0.0,0.0,4,0,2
1421,58,21,37,16,16,3,23,17,4,0,5,0,0,0,0,0,0,0,0,0,0,0,0,1.0,1.0,1.0,0.0,0.0,0.0,4,0,0
1422,57,21,36,16,15,3,23,17,4,0,5,0,0,0,0,0,0,0,0,0,1,0,1,0.96875,1.0,1.0,0.0,0.0,0.0,4,0,1
1423,57,21,36,16,15,3,23,17,4,0,5,0,0,0,0,0,0,0,0,0,0,0,0,1.0,1.0,1.0,0.0,0.0,0.0,4,0,0
1424,57,21,36,16,15,3,23,17,4,0,5,0,0,0,0,0,0,0,0,0,0,0,0,1.0,1.0,1.0,0.0,0.0,0.0,4,0,0
1425,57,21,36,16,15,3,23,17,4,0,5,0,0,0,0,0,0,0,0,0,0,0,0,1.0,1.0,1.0,0.0,0.0,0.0,4,0,0
1426,60,23,37,19,15,3,23,17,3,0,6,0,0,0,0,0,0,0,0,1,0,0,0,1.0,1.0,1.0,0.05263157894736842,0.05263157894736842,0.0,4,3,0
1427,58,22,36,19,13,3,23,17,3,0,6,0,0,0,0,0,0,0,0,0,2,0,2,0.9411764705882353,1.0,1.0,0.0,0.0,0.0,4,0,2
1428,57,22,35,18,13,3,23,17,3,0,6,0,0,0,0,0,0,0,0,0,1,0,1,0.96875,1.0,1.0,0.0,0.0,0.0,4,0,1
1429,57,22,35,18,13,3,23,17,3,0,6,0,0,0,0,0,0,0,0,0,0,0,0,1.0,1.0,1.0,0.0,0.0,0.0,4,0,0
1430,56,21,35,18,12,3,23,17,3,0,6,0,0,0,0,0,0,0,0,0,1,1,1,0.967741935483871,1.0,1.0,0.0,0.0,0.0,4,0,1
1431,58,22,36,22,10,3,23,17,2,0,7,0,0,0,0,0,0,0,0,1,2,0,2,0.9333333333333333,1.0,1.0,0.07142857142857142,0.07142857142857142,0.0,4,4,2
1432,56,21,35,20,10,3,23,17,2,0,7,0,0,0,0,0,0,0,0,0,2,0,2,0.9375,1.0,1.0,0.0,0.0,0.0,4,0,2
1433,56,21,35,20,10,3,23,17,2,0,7,0,0,0,0,0,0,0,0,0,0,0,0,1.0,1.0,1.0,0.0,0.0,0.0,4,0,0
1434,55,20,35,20,8,4,23,17,2,0,7,0,0,0,0,0,0,0,0,0,1,0,1,0.9655172413793104,1.0,1.0,0.0,0.0,0.0,4,0,1
1435,55,20,35,20,8,4,23,17,2,0,7,0,0,0,0,0,0,0,0,0,0,0,0,1.0,1.0,1.0,0.0,0.0,0.0,4,0,0
1436,55,20,35,20,8,4,23,17,2,0,7,0,0,0,0,0,0,0,0,0,0,0,0,1.0,1.0,1.0,0.0,0.0,0.0,4,0,0
1437,54,20,34,20,7,4,23,17,2,0,7,0,0,0,0,0,0,0,0,0,1,0,1,0.9642857142857143,1.0,1.0,0.0,0.0,0.0,4,0,1
1438,58,21,37,24,7,4,23,17,1,0,8,0,0,0,0,0,0,0,0,1,0,0,0,1.0,1.0,1.0,0.07407407407407407,0.07407407407407407,0.0,4,4,0
1439,57,20,37,23,7,4,23,17,1,0,8,0,0,0,0,0,0,0,0,0,1,0,1,0.967741935483871,1.0,1.0,0.0,0.0,0.0,4,0,1
1440,57,20,37,23,7,4,23,17,1,0,8,0,0,0,0,0,0,0,0,0,0,0,0,1.0,1.0,1.0,0.0,0.0,0.0,4,0,0
1441,59,22,37,26,6,4,23,17,0,0,9,0,0,0,0,0,0,0,0,1,1,0,1,0.9666666666666667,1.0,1.0,0.05263157894736842,0.05263157894736842,0.0,4,3,1
1442,57,22,35,25,5,4,23,17,0,0,9,0,0,0,0,0,0,0,0,0,2,0,2,0.9375,1.0,1.0,0.0,0.0,0.0,4,0,2
1443,56,22,34,22,8,4,22,16,0,0,8,0,0,0,0,0,0,0,0,0,0,0,0,1.0,1.0,0.9411764705882353,0.0,0.0,0.0,4,0,1
1444,56,22,34,22,8,4,22,16,0,0,8,0,0,0,0,0,0,0,0,0,0,0,0,1.0,1.0,1.0,0.0,0.0,0.0,4,0,0
1445,56,22,34,22,8,4,22,16,0,0,7,0,0,0,0,0,0,0,0,0,0,0,0,1.0,1.0,1.0,0.0,0.0,0.0,4,0,0
1446,56,22,34,22,8,3,23,17,0,0,7,0,0,0,0,0,0,0,0,0,0,0,0,1.0,1.0,1.0,0.0,0.0,0.0,4,0,0
1447,56,22,34,22,8,3,23,17,0,0,7,0,0,0,0,0,0,0,0,0,0,0,0,1.0,1.0,1.0,0.0,0.0,0.0,4,0,0
1448,55,22,33,22,7,3,23,17,0,0,7,0,0,0,0,0,0,0,0,0,1,0,1,0.9666666666666667,1.0,1.0,0.0,0.0,0.0,4,0,1
1449,54,22,32,21,7,3,23,17,0,0,7,0,0,0,0,0,0,0,0,0,1,0,1,0.9655172413793104,1.0,1.0,0.0,0.0,0.0,4,0,1
1450,52,21,31,19,7,3,23,17,0,0,7,0,0,0,0,0,0,0,0,0,2,0,2,0.9285714285714286,1.0,1.0,0.0,0.0,0.0,4,0,2
1451,51,21,30,18,7,3,23,17,0,0,7,0,0,0,0,0,0,0,0,0,1,0,1,0.9615384615384616,1.0,1.0,0.0,0.0,0.0,4,0,1
1452,51,21,30,18,7,3,23,17,0,0,7,0,0,0,0,0,0,0,0,0,0,0,0,1.0,1.0,1.0,0.0,0.0,0.0,4,0,0
1453,51,21,30,18,7,3,23,17,0,0,7,0,0,0,0,0,0,0,0,0,0,0,0,1.0,1.0,1.0,0.0,0.0,0.0,4,0,0
1454,51,21,30,15,10,3,23,17,0,0,7,0,0,0,0,0,0,0,0,0,0,0,0,1.0,1.0,1.0,0.0,0.0,0.0,4,0,0
1455,51,21,30,15,10,3,23,17,0,0,7,0,0,0,0,0,0,0,0,0,0,0,0,1.0,1.0,1.0,0.0,0.0,0.0,4,0,0
1456,51,21,30,15,10,3,23,17,0,0,6,0,0,0,0,0,0,0,0,0,0,0,0,1.0,1.0,1.0,0.0,0.0,0.0,4,0,0
1457,51,21,30,14,11,3,23,17,0,0,6,0,0,0,0,0,0,0,0,0,0,0,0,1.0,1.0,1.0,0.0,0.0,0.0,4,0,0
1458,51,21,30,14,11,3,23,17,0,0,6,0,0,0,0,0,0,0,0,0,0,0,0,1.0,1.0,1.0,0.0,0.0,0.0,4,0,0
1459,51,21,30,14,11,3,23,17,0,0,4,0,0,0,0,0,0,0,0,0,0,0,0,1.0,1.0,1.0,0.0,0.0,0.0,4,0,0
1460,51,21,30,14,11,3,23,17,0,0,4,0,0,0,0,0,0,0,0,0,0,0,0,1.0,1.0,1.0,0.0,0.0,0.0,4,0,0
1461,51,21,30,12,13,3,23,17,0,0,4,0,0,0,0,0,0,0,0,0,0,0,0,1.0,1.0,1.0,0.0,0.0,0.0,4,0,0
1462,51,21,30,12,13,3,23,17,0,0,4,0,0,0,0,0,0,0,0,0,0,0,0,1.0,1.0,1.0,0.0,0.0,0.0,4,0,0
1463,51,21,30,12,13,3,23,17,0,0,3,0,0,0,0,0,0,0,0,0,0,0,0,1.0,1.0,1.0,0.0,0.0,0.0,4,0,0
1464,51,21,30,12,13,3,23,17,0,0,3,0,0,0,0,0,0,0,0,0,0,0,0,1.0,1.0,1.0,0.0,0.0,0.0,4,0,0
1465,51,21,30,12,13,3,23,17,0,0,3,0,0,0,0,0,0,0,0,0,0,0,0,1.0,1.0,1.0,0.0,0.0,0.0,4,0,0
1466,51,21,30,12,13,3,23,17,0,0,3,0,0,0,0,0,0,0,0,0,0,0,0,1.0,1.0,1.0,0.0,0.0,0.0,4,0,0
1467,51,21,30,12,13,3,23,17,0,0,3,0,0,0,0,0,0,0,0,0,0,0,0,1.0,1.0,1.0,0.0,0.0,0.0,4,0,0
1468,51,21,30,12,13,3,23,17,0,0,3,0,0,0,0,0,0,0,0,0,0,0,0,1.0,1.0,1.0,0.0,0.0,0.0,4,0,0
1469,51,21,30,10,15,3,23,17,0,0,3,0,0,0,0,0,0,0,0,0,0,0,0,1.0,1.0,1.0,0.0,0.0,0.0,4,0,0
1470,51,21,30,10,15,3,23,17,0,0,3,0,0,0,0,0,0,0,0,0,0,0,0,1.0,1.0,1.0,0.0,0.0,0.0,4,0,0
1471,51,21,30,10,15,3,23,17,0,0,2,0,0,0,0,0,0,0,0,0,0,0,0,1.0,1.0,1.0,0.0,0.0,0.0,4,0,0
1472,51,21,30,10,15,3,23,17,0,0,2,0,0,0,0,0,0,0,0,0,0,0,0,1.0,1.0,1.0,0.0,0.0,0.0,4,0,0
1473,50,20,30,9,15,3,23,17,0,0,2,0,0,0,0,0,0,0,0,0,1,0,1,0.96,1.0,1.0,0.0,0.0,0.0,4,0,1
1474,50,20,30,6,18,3,23,17,0,0,2,0,0,0,0,0,0,0,0,0,0,0,0,1.0,1.0,1.0,0.0,0.0,0.0,4,0,0
1475,50,20,30,6,18,3,23,17,0,0,2,0,0,0,0,0,0,0,0,0,0,0,0,1.0,1.0,1.0,0.0,0.0,0.0,4,0,0
1476,50,20,30,6,18,3,23,17,0,0,2,0,0,0,0,0,0,0,0,0,0,0,0,1.0,1.0,1.0,0.0,0.0,0.0,4,0,0
1477,50,20,30,6,18,3,23,17,0,0,2,0,0,0,0,0,0,0,0,0,0,0,0,1.0,1.0,1.0,0.0,0.0,0.0,4,0,0
1478,50,20,30,6,18,3,23,17,0,0,2,0,0,0,0,0,0,0,0,0,0,0,0,1.0,1.0,1.0,0.0,0.0,0.0,4,0,0
1479,50,20,30,6,18,3,23,17,0,0,2,0,0,0,0,0,0,0,0,0,0,0,0,1.0,1.0,1.0,0.0,0.0,0.0,4,0,0
1480,50,20,30,6,18,3,23,17,0,0,2,0,0,0,0,0,0,0,0,0,0,0,0,1.0,1.0,1.0,0.0,0.0,0.0,4,0,0
1481,50,20,30,3,21,3,23,17,0,0,2,0,0,0,0,0,0,0,0,0,0,0,0,1.0,1.0,1.0,0.0,0.0,0.0,4,0,0
1482,50,20,30,3,21,3,23,17,0,0,2,0,0,0,0,0,0,0,0,0,0,0,0,1.0,1.0,1.0,0.0,0.0,0.0,4,0,0
1483,49,20,29,3,20,3,23,17,0,0,1,0,0,0,0,0,0,0,0,0,1,0,1,0.9583333333333334,1.0,1.0,0.0,0.0,0.0,4,0,1
1484,49,20,29,0,23,3,23,17,0,0,1,0,0,0,0,0,0,0,0,0,0,0,0,1.0,1.0,1.0,0.0,0.0,0.0,4,0,0
1485,48,20,28,0,22,3,23,17,0,0,1,0,0,0,0,0,0,0,0,0,1,0,1,0.9565217391304348,1.0,1.0,0.0,0.0,0.0,4,0,1
1486,48,20,28,0,22,3,23,17,0,0,0,0,0,0,0,0,0,0,0,0,0,0,0,1.0,1.0,1.0,0.0,0.0,0.0,4,0,0
1487,46,19,27,0,20,3,23,17,0,0,0,0,0,0,0,0,0,0,0,0,2,0,2,0.9090909090909091,1.0,1.0,0.0,0.0,0.0,4,0,2
1488,46,19,27,0,20,3,23,17,0,0,0,0,0,0,0,0,0,0,0,0,0,0,0,1.0,1.0,1.0,0.0,0.0,0.0,4,0,0
1489,46,19,27,0,20,3,23,17,0,0,0,0,0,0,0,0,0,0,0,0,0,0,0,1.0,1.0,1.0,0.0,0.0,0.0,4,0,0
1490,46,19,27,0,20,3,23,17,3,2,0,0,0,0,0,0,19,3,2,0,0,0,0,1.0,1.0,1.0,0.0,0.0,0.15789473684210525,4,0,0
1491,46,19,27,0,20,3,23,17,3,3,0,0,0,0,0,0,5,0,1,0,0,0,0,1.0,1.0,1.0,0.0,0.0,0.0,4,0,0
1492,46,19,27,0,20,3,23,17,6,3,0,0,0,0,0,0,14,3,0,0,0,0,0,1.0,1.0,1.0,0.0,0.0,0.21428571428571427,4,0,0
1493,46,19,27,0,20,2,24,18,7,4,0,0,0,0,0,0,10,1,1,0,0,0,0,1.0,1.0,1.0,0.0,0.0,0.1,4,0,0
1494,46,19,27,0,20,2,24,18,8,4,0,0,0,0,0,0,7,1,0,0,0,0,0,1.0,1.0,1.0,0.0,0.0,0.14285714285714285,4,0,0
1495,46,19,27,0,20,2,24,18,8,4,0,0,0,0,0,0,0,0,0,0,0,0,0,1.0,1.0,1.0,0.0,0.0,0.0,4,0,0
1496,46,19,27,0,20,2,24,18,8,4,0,0,0,0,0,0,0,0,0,0,0,0,0,1.0,1.0,1.0,0.0,0.0,0.0,4,0,0
1497,46,19,27,0,20,2,24,18,8,4,0,0,0,0,0,0,0,0,0,0,0,0,0,1.0,1.0,1.0,0.0,0.0,0.0,4,0,0
1498,46,19,27,0,20,2,24,18,8,4,0,0,0,0,0,0,0,0,0,0,0,0,0,1.0,1.0,1.0,0.0,0.0,0.0,4,0,0
1499,45,18,27,0,20,2,23,18,8,4,0,0,0,0,0,0,0,0,0,0,0,0,0,1.0,0.8333333333333334,1.0,0.0,0.0,0.0,4,0,1
1500,44,17,27,0,20,2,22,18,8,4,0,0,0,0,0,0,0,0,0,0,0,0,0,1.0,0.8,1.0,0.0,0.0,0.0,4,0,1
1501,44,17,27,0,20,2,22,18,8,4,0,0,0,0,0,0,0,0,0,0,0,0,0,1.0,1.0,1.0,0.0,0.0,0.0,4,0,0
1502,44,17,27,0,20,2,22,18,8,4,0,0,0,0,0,0,0,0,0,0,0,0,0,1.0,1.0,1.0,0.0,0.0,0.0,4,0,0
1503,44,17,27,0,20,2,22,18,9,6,0,0,0,0,0,0,12,1,2,0,0,0,0,1.0,1.0,1.0,0.0,0.0,0.08333333333333333,4,0,0
1504,44,17,27,0,20,2,22,18,9,6,0,0,0,0,0,0,3,0,0,0,0,0,0,1.0,1.0,1.0,0.0,0.0,0.0,4,0,0
1505,43,16,27,0,19,2,22,18,12,6,0,0,0,0,0,0,11,3,0,0,1,0,1,0.95,1.0,1.0,0.0,0.0,0.2727272727272727,4,0,1
1506,43,16,27,0,19,2,22,18,12,6,0,0,0,0,0,0,0,0,0,0,0,0,0,1.0,1.0,1.0,0.0,0.0,0.0,4,0,0
1507,43,16,27,0,19,2,22,18,12,6,0,0,0,0,0,0,0,0,0,0,0,1,0,1.0,1.0,1.0,0.0,0.0,0.0,4,0,0
1508,43,16,27,0,19,2,22,18,12,6,0,0,0,0,0,0,0,0,0,0,0,0,0,1.0,1.0,1.0,0.0,0.0,0.0,4,0,0
1509,43,16,27,0,19,2,22,18,12,6,0,0,0,0,0,0,0,0,0,0,0,0,0,1.0,1.0,1.0,0.0,0.0,0.0,4,0,0
1510,42,16,26,0,18,2,22,18,12,6,0,0,0,0,0,0,0,0,0,0,0,0,0,0.9473684210526316,1.0,1.0,0.0,0.0,0.0,4,0,1
1511,42,16,26,0,18,2,22,18,12,6,0,0,0,0,0,0,0,0,0,0,0,0,0,1.0,1.0,1.0,0.0,0.0,0.0,4,0,0
1512,42,16,26,0,18,2,22,18,12,6,0,0,0,0,0,0,0,0,0,0,0,0,0,1.0,1.0,1.0,0.0,0.0,0.0,4,0,0
1513,42,16,26,0,18,2,22,18,12,6,0,0,0,0,0,0,0,0,0,0,0,0,0,1.0,1.0,1.0,0.0,0.0,0.0,4,0,0
1514,42,16,26,0,18,2,22,18,12,6,0,0,0,0,0,0,0,0,0,0,0,0,0,1.0,1.0,1.0,0.0,0.0,0.0,4,0,0
1515,42,16,26,0,18,2,22,18,12,6,0,0,0,0,0,0,0,0,0,0,0,0,0,1.0,1.0,1.0,0.0,0.0,0.0,4,0,0
1516,42,16,26,0,18,2,22,18,12,6,0,0,0,0,0,0,0,0,0,0,0,0,0,1.0,1.0,1.0,0.0,0.0,0.0,4,0,0
1517,42,16,26,0,18,2,22,18,12,6,0,0,0,0,0,0,0,0,0,0,0,0,0,1.0,1.0,1.0,0.0,0.0,0.0,4,0,0
1518,42,16,26,0,18,2,22,18,12,6,0,0,0,0,0,0,0,0,0,0,0,0,0,1.0,1.0,1.0,0.0,0.0,0.0,4,0,0
1519,42,16,26,0,18,2,22,18,12,6,0,0,0,0,0,0,0,0,0,0,0,0,0,1.0,1.0,1.0,0.0,0.0,0.0,4,0,0
1520,42,16,26,0,18,2,22,18,12,6,0,0,0,0,0,0,0,0,0,0,0,0,0,1.0,1.0,1.0,0.0,0.0,0.0,4,0,0
1521,41,15,26,0,17,2,22,18,12,6,0,0,0,0,0,0,0,0,0,0,1,0,1,0.9444444444444444,1.0,1.0,0.0,0.0,0.0,4,0,1
1522,41,15,26,0,17,2,22,18,12,6,0,0,0,0,0,0,0,0,0,0,0,0,0,1.0,1.0,1.0,0.0,0.0,0.0,4,0,0
1523,41,15,26,0,17,2,22,18,12,6,0,0,0,0,0,0,0,0,0,0,0,0,0,1.0,1.0,1.0,0.0,0.0,0.0,4,0,0
1524,41,15,26,0,17,2,22,18,12,6,0,0,0,0,0,0,0,0,0,0,0,0,0,1.0,1.0,1.0,0.0,0.0,0.0,4,0,0
1525,41,15,26,0,17,2,22,18,12,6,0,0,0,0,0,0,0,0,0,0,0,0,0,1.0,1.0,1.0,0.0,0.0,0.0,4,0,0
1526,41,15,26,0,17,2,22,18,12,6,0,0,0,0,0,0,0,0,0,0,0,0,0,1.0,1.0,1.0,0.0,0.0,0.0,4,0,0
1527,41,15,26,0,17,2,22,18,12,6,0,0,0,0,0,0,0,0,0,0,0,0,0,1.0,1.0,1.0,0.0,0.0,0.0,4,0,0
1528,41,15,26,0,17,1,23,19,12,6,0,0,0,0,0,0,0,0,0,0,0,0,0,1.0,1.0,1.0,0.0,0.0,0.0,4,0,0
1529,41,15,26,0,17,1,23,19,13,6,0,0,0,0,0,0,5,1,0,0,0,0,0,1.0,1.0,1.0,0.0,0.0,0.2,4,0,0
1530,40,14,26,0,16,1,23,19,13,6,0,0,0,0,0,0,0,0,0,0,1,0,1,0.9411764705882353,1.0,1.0,0.0,0.0,0.0,4,0,1
1531,40,14,26,0,16,1,23,19,13,6,0,0,0,0,0,0,0,0,0,0,0,0,0,1.0,1.0,1.0,0.0,0.0,0.0,4,0,0
1532,39,14,25,0,16,1,22,18,13,5,0,0,0,0,0,0,0,0,0,0,0,0,0,1.0,1.0,0.9473684210526316,0.0,0.0,0.0,4,0,1
1533,39,14,25,0,16,1,22,18,13,5,0,0,0,0,0,0,0,0,0,0,0,0,0,1.0,1.0,1.0,0.0,0.0,0.0,4,0,0
1534,39,14,25,0,16,1,22,18,13,5,0,0,0,0,0,0,0,0,0,0,0,0,0,1.0,1.0,1.0,0.0,0.0,0.0,4,0,0
1535,39,14,25,0,16,0,23,18,13,3,0,0,0,0,0,0,0,0,0,0,0,0,0,1.0,1.0,1.0,0.0,0.0,0.0,4,0,0
1536,39,14,25,0,16,0,23,18,14,2,0,0,0,0,0,0,8,1,0,0,0,0,0,1.0,1.0,1.0,0.0,0.0,0.125,4,0,0
1537,39,14,25,0,16,0,23,18,15,2,0,0,0,0,0,0,6,1,0,0,0,0,0,1.0,1.0,1.0,0.0,0.0,0.16666666666666666,4,0,0
1538,39,14,25,0,16,0,23,18,16,1,0,0,0,0,0,0,4,1,0,0,0,0,0,1.0,1.0,1.0,0.0,0.0,0.25,4,0,0
1539,39,14,25,0,16,0,23,18,17,1,0,0,0,0,0,0,4,1,0,0,0,0,0,1.0,1.0,1.0,0.0,0.0,0.25,4,0,0
1540,39,14,25,0,16,0,23,18,17,1,0,0,0,0,0,0,0,0,0,0,0,0,0,1.0,1.0,1.0,0.0,0.0,0.0,4,0,0
1541,38,14,24,0,15,0,23,18,17,1,0,0,0,0,0,0,0,0,0,0,1,0,1,0.9375,1.0,1.0,0.0,0.0,0.0,4,0,1
1542,38,14,24,0,15,0,23,18,17,1,0,0,0,0,0,0,0,0,0,0,0,0,0,1.0,1.0,1.0,0.0,0.0,0.0,4,0,0
1543,37,14,23,0,15,0,22,17,16,1,0,0,0,0,0,0,0,0,0,0,0,0,0,1.0,1.0,0.9444444444444444,0.0,0.0,0.0,4,0,1
1544,37,14,23,0,15,0,22,17,16,1,0,0,0,0,0,0,0,0,0,0,0,0,0,1.0,1.0,1.0,0.0,0.0,0.0,4,0,0
1545,37,14,23,0,15,0,22,17,16,1,0,0,0,0,0,0,0,0,0,0,0,0,0,1.0,1.0,1.0,0.0,0.0,0.0,4,0,0
1546,37,14,23,0,15,0,22,17,16,1,0,0,0,0,0,0,0,0,0,0,0,0,0,1.0,1.0,1.0,0.0,0.0,0.0,4,0,0
1547,37,14,23,0,15,0,22,17,16,1,0,0,0,0,0,0,0,0,0,0,0,0,0,1.0,1.0,1.0,0.0,0.0,0.0,4,0,0
1548,37,14,23,0,15,0,22,17,16,0,0,0,0,0,0,0,0,0,0,0,0,0,0,1.0,1.0,1.0,0.0,0.0,0.0,4,0,0
1549,37,14,23,0,15,0,22,17,17,0,0,0,0,0,0,0,2,1,0,0,0,0,0,1.0,1.0,1.0,0.0,0.0,0.5,4,0,0
1550,37,14,23,0,15,0,22,17,17,0,0,0,0,0,0,0,0,0,0,0,0,0,0,1.0,1.0,1.0,0.0,0.0,0.0,4,0,0
1551,37,14,23,0,15,0,22,17,17,0,0,0,0,0,0,0,0,0,0,0,0,0,0,1.0,1.0,1.0,0.0,0.0,0.0,4,0,0
1552,37,14,23,0,15,0,22,17,17,0,0,0,0,0,0,0,0,0,0,0,0,0,0,1.0,1.0,1.0,0.0,0.0,0.0,4,0,0
1553,37,14,23,0,15,0,22,17,17,0,0,0,0,0,0,0,0,0,0,0,0,0,0,1.0,1.0,1.0,0.0,0.0,0.0,4,0,0
1554,37,14,23,0,15,0,22,17,17,0,0,0,0,0,0,0,0,0,0,0,0,1,0,1.0,1.0,1.0,0.0,0.0,0.0,4,0,0
1555,49,20,29,12,15,0,22,17,14,0,3,0,0,0,0,0,0,0,0,3,0,0,0,1.0,1.0,1.0,0.32432432432432434,0.32432432432432434,0.0,4,12,0
1556,49,20,29,12,15,0,22,17,14,0,3,0,0,0,0,0,0,0,0,0,0,0,0,1.0,1.0,1.0,0.0,0.0,0.0,4,0,0
1557,59,25,34,23,15,0,21,16,11,0,5,0,0,0,0,0,0,0,0,3,0,0,0,1.0,1.0,0.9411764705882353,0.22448979591836735,0.22448979591836735,0.0,4,11,1
1558,61,27,34,26,13,1,21,16,10,0,6,0,0,0,0,0,0,0,0,1,2,0,2,0.9459459459459459,1.0,1.0,0.06779661016949153,0.06779661016949153,0.0,4,4,2
1559,64,28,36,29,13,1,21,16,9,0,7,0,0,0,0,0,0,0,0,1,0,0,0,1.0,1.0,1.0,0.04918032786885246,0.04918032786885246,0.0,4,3,0
1560,60,27,33,27,11,1,21,16,9,0,7,0,0,0,0,0,0,0,0,0,4,0,4,0.9047619047619048,1.0,1.0,0.0,0.0,0.0,4,0,4
1561,57,24,33,24,11,1,21,16,9,0,7,0,0,0,0,0,0,0,0,0,3,0,3,0.9210526315789473,1.0,1.0,0.0,0.0,0.0,4,0,3
1562,55,23,32,23,10,1,21,16,9,0,7,0,0,0,0,0,0,0,0,0,2,0,2,0.9428571428571428,1.0,1.0,0.0,0.0,0.0,4,0,2
1563,55,23,32,23,10,1,21,16,9,0,7,0,0,0,0,0,0,0,0,0,0,0,0,1.0,1.0,1.0,0.0,0.0,0.0,4,0,0
1564,55,23,32,23,10,1,21,16,9,0,7,0,0,0,0,0,0,0,0,0,0,0,0,1.0,1.0,1.0,0.0,0.0,0.0,4,0,0
1565,53,23,30,21,10,1,21,16,9,0,7,0,0,0,0,0,0,0,0,0,2,0,2,0.9393939393939394,1.0,1.0,0.0,0.0,0.0,4,0,2
1566,53,23,30,21,10,1,21,16,9,0,7,0,0,0,0,0,0,0,0,0,0,0,0,1.0,1.0,1.0,0.0,0.0,0.0,4,0,0
1567,52,22,30,20,10,1,21,16,9,0,7,0,0,0,0,0,0,0,0,0,1,0,1,0.967741935483871,1.0,1.0,0.0,0.0,0.0,4,0,1
1568,55,23,32,23,10,1,21,16,8,0,8,0,0,0,0,0,0,0,0,1,0,0,0,1.0,1.0,1.0,0.057692307692307696,0.057692307692307696,0.0,4,3,0
1569,55,23,32,23,10,1,21,16,8,0,8,0,0,0,0,0,0,0,0,0,0,0,0,1.0,1.0,1.0,0.0,0.0,0.0,4,0,0
1570,61,29,32,29,10,1,21,16,6,0,10,0,0,0,0,0,0,0,0,2,1,0,1,0.9696969696969697,1.0,1.0,0.12727272727272726,0.12727272727272726,0.0,4,7,1
1571,61,29,32,29,10,1,21,16,6,0,10,0,0,0,0,0,0,0,0,0,0,0,0,1.0,1.0,1.0,0.0,0.0,0.0,4,0,0
1572,61,29,32,29,10,1,21,16,6,0,10,0,0,0,0,0,0,0,0,0,0,0,0,1.0,1.0,1.0,0.0,0.0,0.0,4,0,0
1573,61,29,32,29,10,1,21,16,6,0,10,0,0,0,0,0,0,0,0,0,0,0,0,1.0,1.0,1.0,0.0,0.0,0.0,4,0,0
1574,59,28,31,29,8,1,21,16,6,0,10,0,0,0,0,0,0,0,0,0,2,0,2,0.9487179487179487,1.0,1.0,0.0,0.0,0.0,4,0,2
1575,59,28,31,29,8,1,21,16,6,0,10,0,0,0,0,0,0,0,0,0,0,0,0,1.0,1.0,1.0,0.0,0.0,0.0,4,0,0
1576,59,28,31,29,8,1,21,16,6,0,10,0,0,0,0,0,0,0,0,0,0,0,0,1.0,1.0,1.0,0.0,0.0,0.0,4,0,0
1577,59,28,31,29,8,1,21,16,6,0,10,0,0,0,0,0,0,0,0,0,0,0,0,1.0,1.0,1.0,0.0,0.0,0.0,4,0,0
1578,59,28,31,29,8,1,21,16,6,0,10,0,0,0,0,0,0,0,0,0,0,0,0,1.0,1.0,1.0,0.0,0.0,0.0,4,0,0
1579,57,27,30,27,8,1,21,16,6,0,10,0,0,0,0,0,0,0,0,0,2,0,2,0.9459459459459459,1.0,1.0,0.0,0.0,0.0,4,0,2
1580,54,25,29,25,7,1,21,16,6,0,10,0,0,0,0,0,0,0,0,0,3,0,3,0.9142857142857143,1.0,1.0,0.0,0.0,0.0,4,0,3
1581,54,25,29,25,7,1,21,16,6,0,10,0,0,0,0,0,0,0,0,0,0,0,0,1.0,1.0,1.0,0.0,0.0,0.0,4,0,0
1582,52,24,28,24,6,1,21,16,6,0,10,0,0,0,0,0,0,0,0,0,2,0,2,0.9375,1.0,1.0,0.0,0.0,0.0,4,0,2
1583,52,24,28,24,6,1,21,16,6,0,10,0,0,0,0,0,0,0,0,0,0,0,0,1.0,1.0,1.0,0.0,0.0,0.0,4,0,0
1584,52,24,28,24,6,1,21,16,6,0,10,0,0,0,0,0,0,0,0,0,0,0,0,1.0,1.0,1.0,0.0,0.0,0.0,4,0,0
1585,52,24,28,24,6,1,21,16,6,0,10,0,0,0,0,0,0,0,0,0,0,0,0,1.0,1.0,1.0,0.0,0.0,0.0,4,0,0
1586,52,24,28,24,6,1,21,16,6,0,10,0,0,0,0,0,0,0,0,0,0,0,0,1.0,1.0,1.0,0.0,0.0,0.0,4,0,0
1587,51,24,27,23,6,1,21,16,6,0,10,0,0,0,0,0,0,0,0,0,1,0,1,0.9666666666666667,1.0,1.0,0.0,0.0,0.0,4,0,1
1588,51,24,27,23,6,1,21,16,6,0,10,0,0,0,0,0,0,0,0,0,0,0,0,1.0,1.0,1.0,0.0,0.0,0.0,4,0,0
1589,51,24,27,23,6,1,21,16,6,0,10,0,0,0,0,0,0,0,0,0,0,0,0,1.0,1.0,1.0,0.0,0.0,0.0,4,0,0
1590,51,24,27,23,6,1,21,16,6,0,10,0,0,0,0,0,0,0,0,0,0,0,0,1.0,1.0,1.0,0.0,0.0,0.0,4,0,0
1591,51,24,27,23,6,1,21,16,6,0,10,0,0,0,0,0,0,0,0,0,0,3,0,1.0,1.0,1.0,0.0,0.0,0.0,4,0,0
1592,51,24,27,23,6,1,21,16,6,0,10,0,0,0,0,0,0,0,0,0,0,0,0,1.0,1.0,1.0,0.0,0.0,0.0,4,0,0
1593,51,24,27,23,6,1,21,16,6,0,10,0,0,0,0,0,0,0,0,0,0,0,0,1.0,1.0,1.0,0.0,0.0,0.0,4,0,0
1594,55,27,28,27,6,1,21,16,5,0,11,0,0,0,0,0,0,0,0,1,0,0,0,1.0,1.0,1.0,0.0784313725490196,0.0784313725490196,0.0,4,4,0
1595,54,26,28,26,3,4,21,16,5,0,11,0,0,0,0,0,0,0,0,0,1,0,1,0.9666666666666667,1.0,1.0,0.0,0.0,0.0,4,0,1
1596,54,26,28,26,3,4,21,16,5,0,11,0,0,0,0,0,0,0,0,0,0,0,0,1.0,1.0,1.0,0.0,0.0,0.0,4,0,0
1597,54,26,28,26,3,4,21,16,5,0,11,0,0,0,0,0,0,0,0,0,0,0,0,1.0,1.0,1.0,0.0,0.0,0.0,4,0,0
1598,54,26,28,20,9,4,21,16,5,0,11,0,0,0,0,0,0,0,0,0,0,1,0,1.0,1.0,1.0,0.0,0.0,0.0,4,0,0
1599,53,25,28,20,9,4,20,16,5,0,11,0,0,0,0,0,0,0,0,0,0,0,0,1.0,0.8,1.0,0.0,0.0,0.0,4,0,1
1600,53,25,28,15,14,4,20,16,5,0,9,0,0,0,0,0,0,0,0,0,0,0,0,1.0,1.0,1.0,0.0,0.0,0.0,4,0,0
1601,56,26,30,16,16,4,20,16,6,0,10,0,0,0,0,0,12,2,0,1,0,0,0,1.0,1.0,1.0,0.05660377358490566,0.05660377358490566,0.16666666666666666,4,3,0
1602,58,28,30,19,15,5,19,15,5,0,7,0,0,0,0,0,0,0,0,1,1,0,1,0.967741935483871,1.0,0.9375,0.07142857142857142,0.07142857142857142,0.0,4,4,2
1603,61,31,30,22,15,5,19,15,7,0,8,0,0,0,0,0,13,3,0,1,1,0,1,0.9705882352941176,1.0,1.0,0.06896551724137931,0.06896551724137931,0.23076923076923078,4,4,1
1604,62,31,31,24,14,5,19,15,6,0,8,0,0,0,0,0,0,0,0,1,2,0,2,0.9459459459459459,1.0,1.0,0.04918032786885246,0.04918032786885246,0.0,4,3,2
1605,60,30,30,23,13,5,19,15,7,0,8,0,0,0,0,0,5,1,0,0,2,0,2,0.9473684210526316,1.0,1.0,0.0,0.0,0.2,4,0,2
1606,59,29,30,22,13,5,19,15,7,0,8,0,0,0,0,0,0,0,0,0,1,0,1,0.9722222222222222,1.0,1.0,0.0,0.0,0.0,4,0,1
1607,59,29,30,22,13,5,19,15,7,0,8,0,0,0,0,0,0,0,0,0,0,0,0,1.0,1.0,1.0,0.0,0.0,0.0,4,0,0
1608,58,28,30,22,13,4,19,15,7,0,8,0,0,0,0,0,0,0,0,0,0,0,0,1.0,1.0,1.0,0.0,0.0,0.0,4,0,1
1609,56,26,30,20,13,4,19,15,7,0,8,0,0,0,0,0,0,0,0,0,2,0,2,0.9428571428571428,1.0,1.0,0.0,0.0,0.0,4,0,2
1610,55,26,29,20,12,4,19,15,7,0,8,0,0,0,0,0,0,0,0,0,1,0,1,0.9696969696969697,1.0,1.0,0.0,0.0,0.0,4,0,1
1611,54,26,28,18,13,4,19,15,7,0,8,0,0,0,0,0,0,0,0,0,1,2,1,0.96875,1.0,1.0,0.0,0.0,0.0,4,0,1
1612,54,26,28,18,13,4,19,15,7,0,8,0,0,0,0,0,0,0,0,0,0,0,0,1.0,1.0,1.0,0.0,0.0,0.0,4,0,0
1613,54,26,28,13,18,4,19,15,7,0,7,0,0,0,0,0,0,0,0,0,0,0,0,1.0,1.0,1.0,0.0,0.0,0.0,4,0,0
1614,56,26,30,15,18,4,19,15,6,0,8,0,0,0,0,0,1,0,0,1,2,0,2,0.935483870967742,1.0,1.0,0.07407407407407407,0.07407407407407407,0.0,4,4,2
1615,56,26,30,15,16,6,19,15,7,0,6,0,0,0,0,0,6,1,0,0,0,0,0,1.0,1.0,1.0,0.0,0.0,0.16666666666666666,4,0,0
1616,56,26,30,15,16,6,19,15,7,0,6,0,0,0,0,0,2,0,0,0,0,0,0,1.0,1.0,1.0,0.0,0.0,0.0,4,0,0
1617,56,26,30,15,16,6,19,15,9,0,6,0,0,0,0,0,10,2,0,0,0,0,0,1.0,1.0,1.0,0.0,0.0,0.2,4,0,0
1618,55,25,30,14,16,6,19,15,9,0,6,0,0,0,0,0,0,0,0,0,1,0,1,0.967741935483871,1.0,1.0,0.0,0.0,0.0,4,0,1
1619,55,25,30,14,16,6,19,15,9,0,6,0,0,0,0,0,0,0,0,0,0,0,0,1.0,1.0,1.0,0.0,0.0,0.0,4,0,0
1620,55,25,30,14,16,6,19,15,9,0,6,0,0,0,0,0,0,0,0,0,0,0,0,1.0,1.0,1.0,0.0,0.0,0.0,4,0,0
1621,53,23,30,13,15,6,19,15,9,0,6,0,0,0,0,0,0,0,0,0,2,0,2,0.9333333333333333,1.0,1.0,0.0,0.0,0.0,4,0,2
1622,52,22,30,13,15,6,18,15,9,0,6,0,0,0,0,0,0,0,0,0,0,0,0,1.0,0.75,1.0,0.0,0.0,0.0,4,0,1
1623,52,22,30,13,15,6,18,15,9,0,6,0,0,0,0,0,0,0,0,0,0,0,0,1.0,1.0,1.0,0.0,0.0,0.0,4,0,0
1624,52,22,30,13,15,6,18,15,9,0,6,0,0,0,0,0,0,0,0,0,0,0,0,1.0,1.0,1.0,0.0,0.0,0.0,4,0,0
1625,51,22,29,13,14,6,18,15,9,0,6,0,0,0,0,0,0,0,0,0,1,0,1,0.9642857142857143,1.0,1.0,0.0,0.0,0.0,4,0,1
1626,50,22,28,13,13,6,18,15,9,0,6,0,0,0,0,0,0,0,0,0,1,0,1,0.962962962962963,1.0,1.0,0.0,0.0,0.0,4,0,1
1627,49,21,28,12,13,6,18,15,9,0,6,0,0,0,0,0,0,0,0,0,1,0,1,0.9615384615384616,1.0,1.0,0.0,0.0,0.0,4,0,1
1628,49,21,28,12,13,6,18,15,9,0,6,0,0,0,0,0,0,0,0,0,0,0,0,1.0,1.0,1.0,0.0,0.0,0.0,4,0,0
1629,49,21,28,12,13,6,18,15,9,0,6,0,0,0,0,0,0,0,0,0,0,0,0,1.0,1.0,1.0,0.0,0.0,0.0,4,0,0
1630,49,21,28,12,13,6,18,15,9,0,6,0,0,0,0,0,0,0,0,0,0,0,0,1.0,1.0,1.0,0.0,0.0,0.0,4,0,0
1631,48,21,27,12,13,6,17,14,8,0,6,0,0,0,0,0,0,0,0,0,0,0,0,1.0,1.0,0.9333333333333333,0.0,0.0,0.0,4,0,1
1632,48,21,27,12,13,6,17,14,8,0,6,0,0,0,0,0,0,0,0,0,0,0,0,1.0,1.0,1.0,0.0,0.0,0.0,4,0,0
1633,48,21,27,12,13,6,17,14,8,0,6,0,0,0,0,0,0,0,0,0,0,0,0,1.0,1.0,1.0,0.0,0.0,0.0,4,0,0
1634,48,21,27,12,13,6,17,14,8,0,6,0,0,0,0,0,0,0,0,0,0,0,0,1.0,1.0,1.0,0.0,0.0,0.0,4,0,0
1635,48,21,27,12,13,6,17,14,8,0,6,0,0,0,0,0,0,0,0,0,0,0,0,1.0,1.0,1.0,0.0,0.0,0.0,4,0,0
1636,48,21,27,12,13,6,17,14,8,0,6,0,0,0,0,0,0,0,0,0,0,0,0,1.0,1.0,1.0,0.0,0.0,0.0,4,0,0
1637,48,21,27,10,15,6,17,14,8,0,6,0,0,0,0,0,0,0,0,0,0,0,0,1.0,1.0,1.0,0.0,0.0,0.0,4,0,0
1638,48,21,27,10,15,6,17,14,8,0,6,0,0,0,0,0,0,0,0,0,0,0,0,1.0,1.0,1.0,0.0,0.0,0.0,4,0,0
1639,48,21,27,10,15,6,17,14,8,0,5,0,0,0,0,0,0,0,0,0,0,0,0,1.0,1.0,1.0,0.0,0.0,0.0,4,0,0
1640,47,21,26,9,15,6,17,14,9,0,5,0,0,0,0,0,2,1,0,0,1,0,1,0.96,1.0,1.0,0.0,0.0,0.5,4,0,1
1641,47,21,26,9,15,6,17,14,9,0,5,0,0,0,0,0,0,0,0,0,0,0,0,1.0,1.0,1.0,0.0,0.0,0.0,4,0,0
1642,47,21,26,9,15,6,17,14,9,0,5,0,0,0,0,0,0,0,0,0,0,0,0,1.0,1.0,1.0,0.0,0.0,0.0,4,0,0
1643,46,20,26,9,14,6,17,14,9,0,5,0,0,0,0,0,0,0,0,0,1,0,1,0.9583333333333334,1.0,1.0,0.0,0.0,0.0,4,0,1
1644,46,20,26,8,15,6,17,14,9,0,5,0,0,0,0,0,0,0,0,0,0,0,0,1.0,1.0,1.0,0.0,0.0,0.0,4,0,0
1645,46,20,26,6,17,6,17,14,9,0,5,0,0,0,0,0,0,0,0,0,0,0,0,1.0,1.0,1.0,0.0,0.0,0.0,4,0,0
1646,45,19,26,4,19,5,17,14,9,0,4,0,0,0,0,0,0,0,0,0,0,0,0,1.0,1.0,1.0,0.0,0.0,0.0,4,0,1
1647,45,19,26,4,19,5,17,14,9,0,3,0,0,0,0,0,2,0,0,0,0,0,0,1.0,1.0,1.0,0.0,0.0,0.0,4,0,0
1648,45,19,26,4,19,5,17,14,10,0,2,0,0,0,0,0,4,1,0,0,0,0,0,1.0,1.0,1.0,0.0,0.0,0.25,4,0,0
1649,45,19,26,4,19,5,17,14,12,0,1,0,0,0,0,0,8,2,0,0,0,0,0,1.0,1.0,1.0,0.0,0.0,0.25,4,0,0
1650,45,19,26,4,19,5,17,14,13,0,1,0,0,0,0,0,7,1,0,0,0,0,0,1.0,1.0,1.0,0.0,0.0,0.14285714285714285,4,0,0
1651,45,19,26,4,19,5,17,14,13,0,1,0,0,0,0,0,0,0,0,0,0,0,0,1.0,1.0,1.0,0.0,0.0,0.0,4,0,0
1652,45,19,26,4,19,5,17,14,13,0,1,0,0,0,0,0,0,0,0,0,0,0,0,1.0,1.0,1.0,0.0,0.0,0.0,4,0,0
1653,45,19,26,4,19,5,17,14,13,0,1,0,0,0,0,0,0,0,0,0,0,0,0,1.0,1.0,1.0,0.0,0.0,0.0,4,0,0
1654,45,19,26,4,19,4,18,15,13,0,1,0,0,0,0,0,0,0,0,0,0,0,0,1.0,1.0,1.0,0.0,0.0,0.0,4,0,0
1655,45,19,26,4,19,4,18,15,13,0,1,0,0,0,0,0,0,0,0,0,0,0,0,1.0,1.0,1.0,0.0,0.0,0.0,4,0,0
1656,45,19,26,4,19,4,18,15,13,0,1,0,0,0,0,0,0,0,0,0,0,0,0,1.0,1.0,1.0,0.0,0.0,0.0,4,0,0
1657,44,19,25,0,22,4,18,15,13,0,1,0,0,0,0,0,0,0,0,0,1,0,1,0.9565217391304348,1.0,1.0,0.0,0.0,0.0,4,0,1
1658,44,19,25,0,22,4,18,15,13,0,1,0,0,0,0,0,0,0,0,0,0,0,0,1.0,1.0,1.0,0.0,0.0,0.0,4,0,0
1659,44,19,25,0,22,4,18,15,14,0,0,0,0,0,0,0,3,1,0,0,0,0,0,1.0,1.0,1.0,0.0,0.0,0.3333333333333333,4,0,0
1660,44,19,25,0,22,4,18,15,15,0,0,0,0,0,0,0,3,1,0,0,0,0,0,1.0,1.0,1.0,0.0,0.0,0.3333333333333333,4,0,0
1661,44,19,25,0,22,4,18,15,15,0,0,0,0,0,0,0,0,0,0,0,0,0,0,1.0,1.0,1.0,0.0,0.0,0.0,4,0,0
1662,43,19,24,0,21,4,18,15,15,0,0,0,0,0,0,0,0,0,0,0,1,0,1,0.9545454545454546,1.0,1.0,0.0,0.0,0.0,4,0,1
1663,43,19,24,0,21,4,18,15,15,0,0,0,0,0,0,0,0,0,0,0,0,0,0,1.0,1.0,1.0,0.0,0.0,0.0,4,0,0
1664,43,19,24,0,21,4,18,15,15,0,0,0,0,0,0,0,0,0,0,0,0,0,0,1.0,1.0,1.0,0.0,0.0,0.0,4,0,0
1665,43,19,24,0,21,4,18,15,15,0,0,0,0,0,0,0,0,0,0,0,0,0,0,1.0,1.0,1.0,0.0,0.0,0.0,4,0,0
1666,49,22,27,6,21,4,18,15,13,0,2,0,0,0,0,0,0,0,0,2,0,0,0,1.0,1.0,1.0,0.13953488372093023,0.13953488372093023,0.0,4,6,0
1667,48,22,26,6,21,4,17,14,12,0,2,0,0,0,0,0,0,0,0,0,0,0,0,1.0,1.0,0.9333333333333333,0.0,0.0,0.0,4,0,1
1668,54,23,31,13,20,4,17,14,10,0,4,0,0,0,0,0,0,0,0,2,1,0,1,0.962962962962963,1.0,1.0,0.14583333333333334,0.14583333333333334,0.0,4,7,1
1669,53,23,30,13,19,4,17,14,10,0,4,0,0,0,0,0,0,0,0,0,1,0,1,0.9696969696969697,1.0,1.0,0.0,0.0,0.0,4,0,1
1670,56,23,33,16,19,4,17,14,9,0,5,0,0,0,0,0,0,0,0,1,1,0,1,0.96875,1.0,1.0,0.07547169811320754,0.07547169811320754,0.0,4,4,1
1671,56,23,33,16,19,4,17,14,9,0,5,0,0,0,0,0,0,0,0,0,0,0,0,1.0,1.0,1.0,0.0,0.0,0.0,4,0,0
1672,56,23,33,16,19,4,17,14,9,0,5,0,0,0,0,0,0,0,0,0,0,0,0,1.0,1.0,1.0,0.0,0.0,0.0,4,0,0
1673,56,23,33,16,19,4,17,14,9,0,5,0,0,0,0,0,0,0,0,0,0,0,0,1.0,1.0,1.0,0.0,0.0,0.0,4,0,0
1674,55,23,32,15,19,4,17,14,9,0,5,0,0,0,0,0,0,0,0,0,1,0,1,0.9714285714285714,1.0,1.0,0.0,0.0,0.0,4,0,1
1675,55,23,32,15,19,4,17,14,9,0,5,0,0,0,0,0,0,0,0,0,0,0,0,1.0,1.0,1.0,0.0,0.0,0.0,4,0,0
1676,55,23,32,15,19,4,17,14,9,0,5,0,0,0,0,0,0,0,0,0,0,0,0,1.0,1.0,1.0,0.0,0.0,0.0,4,0,0
1677,54,22,32,15,18,4,17,14,9,0,5,0,0,0,0,0,0,0,0,0,1,0,1,0.9705882352941176,1.0,1.0,0.0,0.0,0.0,4,0,1
1678,54,22,32,15,18,4,17,14,9,0,5,0,0,0,0,0,0,0,0,0,0,0,0,1.0,1.0,1.0,0.0,0.0,0.0,4,0,0
1679,53,22,31,14,18,4,17,14,9,0,5,0,0,0,0,0,0,0,0,0,1,0,1,0.9696969696969697,1.0,1.0,0.0,0.0,0.0,4,0,1
1680,57,24,33,18,18,4,17,14,8,0,6,0,0,0,0,0,0,0,0,1,0,0,0,1.0,1.0,1.0,0.07547169811320754,0.07547169811320754,0.0,4,4,0
1681,57,24,33,18,18,4,17,14,8,0,6,0,0,0,0,0,0,0,0,0,0,0,0,1.0,1.0,1.0,0.0,0.0,0.0,4,0,0
1682,63,24,39,25,17,4,17,14,6,0,8,0,0,0,0,0,0,0,0,2,1,0,1,0.9722222222222222,1.0,1.0,0.12280701754385964,0.12280701754385964,0.0,4,7,1
1683,60,22,38,22,17,4,17,14,6,0,8,0,0,0,0,0,0,0,0,0,3,0,3,0.9285714285714286,1.0,1.0,0.0,0.0,0.0,4,0,3
1684,58,21,37,21,17,4,16,13,5,0,8,0,0,0,0,0,0,0,0,0,1,0,1,0.9743589743589743,1.0,0.9285714285714286,0.0,0.0,0.0,3,0,2
1685,57,21,36,20,17,4,16,13,5,0,8,0,0,0,0,0,0,0,0,0,1,0,1,0.9736842105263158,1.0,1.0,0.0,0.0,0.0,3,0,1
1686,56,20,36,20,16,4,16,13,5,0,8,0,0,0,0,0,0,0,0,0,1,0,1,0.972972972972973,1.0,1.0,0.0,0.0,0.0,3,0,1
1687,54,18,36,19,15,4,16,13,5,0,8,0,0,0,0,0,0,0,0,0,2,0,2,0.9444444444444444,1.0,1.0,0.0,0.0,0.0,3,0,2
1688,54,18,36,19,15,4,16,13,5,0,8,0,0,0,0,0,0,0,0,0,0,0,0,1.0,1.0,1.0,0.0,0.0,0.0,3,0,0
1689,54,18,36,19,15,4,16,13,5,0,8,0,0,0,0,0,0,0,0,0,0,0,0,1.0,1.0,1.0,0.0,0.0,0.0,3,0,0
1690,54,18,36,19,15,4,16,13,5,0,8,0,0,0,0,0,0,0,0,0,0,0,0,1.0,1.0,1.0,0.0,0.0,0.0,3,0,0
1691,54,18,36,19,15,4,16,13,5,0,8,0,0,0,0,0,0,0,0,0,0,0,0,1.0,1.0,1.0,0.0,0.0,0.0,3,0,0
1692,54,18,36,19,15,4,16,13,5,0,8,0,0,0,0,0,0,0,0,0,0,0,0,1.0,1.0,1.0,0.0,0.0,0.0,3,0,0
1693,51,17,34,18,13,4,16,13,5,0,8,0,0,0,0,0,0,0,0,0,3,0,3,0.9117647058823529,1.0,1.0,0.0,0.0,0.0,3,0,3
1694,50,16,34,18,12,4,16,13,5,0,8,0,0,0,0,0,0,0,0,0,1,0,1,0.967741935483871,1.0,1.0,0.0,0.0,0.0,3,0,1
1695,49,16,33,17,12,4,16,13,5,0,8,0,0,0,0,0,0,0,0,0,1,0,1,0.9666666666666667,1.0,1.0,0.0,0.0,0.0,3,0,1
1696,49,16,33,17,12,4,16,13,5,0,8,0,0,0,0,0,0,0,0,0,0,0,0,1.0,1.0,1.0,0.0,0.0,0.0,3,0,0
1697,49,16,33,17,12,4,16,13,5,0,8,0,0,0,0,0,0,0,0,0,0,0,0,1.0,1.0,1.0,0.0,0.0,0.0,3,0,0
1698,49,16,33,17,12,4,16,13,5,0,8,0,0,0,0,0,0,0,0,0,0,0,0,1.0,1.0,1.0,0.0,0.0,0.0,3,0,0
1699,49,16,33,17,12,4,16,13,5,0,8,0,0,0,0,0,0,0,0,0,0,0,0,1.0,1.0,1.0,0.0,0.0,0.0,3,0,0
1700,48,16,32,16,12,4,16,13,5,0,8,0,0,0,0,0,0,0,0,0,1,0,1,0.9655172413793104,1.0,1.0,0.0,0.0,0.0,3,0,1
1701,47,16,31,16,11,4,16,13,5,0,8,0,0,0,0,0,0,0,0,0,1,0,1,0.9642857142857143,1.0,1.0,0.0,0.0,0.0,3,0,1
1702,47,16,31,16,11,4,16,13,5,0,8,0,0,0,0,0,0,0,0,0,0,0,0,1.0,1.0,1.0,0.0,0.0,0.0,3,0,0
1703,47,16,31,16,11,4,16,13,5,0,8,0,0,0,0,0,0,0,0,0,0,0,0,1.0,1.0,1.0,0.0,0.0,0.0,3,0,0
1704,47,16,31,16,11,4,16,13,5,0,8,0,0,0,0,0,0,0,0,0,0,0,0,1.0,1.0,1.0,0.0,0.0,0.0,3,0,0
1705,51,19,32,20,11,4,16,13,4,0,9,0,0,0,0,0,0,0,0,1,0,0,0,1.0,1.0,1.0,0.0851063829787234,0.0851063829787234,0.0,3,4,0
1706,50,18,32,20,10,4,16,13,4,0,9,0,0,0,0,0,0,0,0,0,1,0,1,0.967741935483871,1.0,1.0,0.0,0.0,0.0,3,0,1
1707,50,18,32,20,10,4,16,13,4,0,9,0,0,0,0,0,0,0,0,0,0,0,0,1.0,1.0,1.0,0.0,0.0,0.0,3,0,0
1708,50,18,32,20,10,4,16,13,4,0,9,0,0,0,0,0,0,0,0,0,0,0,0,1.0,1.0,1.0,0.0,0.0,0.0,3,0,0
1709,50,18,32,20,10,4,16,13,4,0,9,0,0,0,0,0,0,0,0,0,0,0,0,1.0,1.0,1.0,0.0,0.0,0.0,3,0,0
1710,50,18,32,20,10,4,16,13,4,0,9,0,0,0,0,0,0,0,0,0,0,0,0,1.0,1.0,1.0,0.0,0.0,0.0,3,0,0
1711,50,18,32,15,15,4,16,13,4,0,7,0,0,0,0,0,0,0,0,0,0,0,0,1.0,1.0,1.0,0.0,0.0,0.0,3,0,0
1712,50,18,32,15,15,4,16,13,5,0,7,0,0,0,0,0,6,1,0,0,0,0,0,1.0,1.0,1.0,0.0,0.0,0.16666666666666666,3,0,0
1713,49,17,32,11,18,4,16,13,6,0,5,0,0,0,0,0,6,1,0,0,1,0,1,0.9666666666666667,1.0,1.0,0.0,0.0,0.16666666666666666,3,0,1
1714,55,21,34,17,18,4,16,13,6,0,7,0,0,0,0,0,9,2,0,2,0,0,0,1.0,1.0,1.0,0.12244897959183673,0.12244897959183673,0.2222222222222222,3,6,0
1715,58,22,36,20,18,4,16,13,5,0,7,0,0,0,0,0,0,0,0,1,0,0,0,1.0,1.0,1.0,0.05454545454545454,0.05454545454545454,0.0,3,3,0
1716,58,22,36,20,18,4,16,13,6,0,7,0,0,0,0,0,3,1,0,0,0,0,0,1.0,1.0,1.0,0.0,0.0,0.3333333333333333,3,0,0
1717,58,22,36,20,18,4,16,13,6,0,7,0,0,0,0,0,0,0,0,0,0,0,0,1.0,1.0,1.0,0.0,0.0,0.0,3,0,0
1718,57,22,35,20,17,4,16,13,6,0,7,0,0,0,0,0,0,0,0,0,1,0,1,0.9736842105263158,1.0,1.0,0.0,0.0,0.0,3,0,1
1719,56,21,35,20,17,4,15,13,6,0,7,0,0,0,0,0,0,0,0,0,0,0,0,1.0,0.6666666666666667,1.0,0.0,0.0,0.0,3,0,1
1720,56,21,35,20,17,4,15,13,6,0,7,0,0,0,0,0,0,0,0,0,0,0,0,1.0,1.0,1.0,0.0,0.0,0.0,3,0,0
1721,56,21,35,20,17,4,15,13,6,0,7,0,0,0,0,0,0,0,0,0,0,0,0,1.0,1.0,1.0,0.0,0.0,0.0,3,0,0
1722,56,21,35,20,17,4,15,13,6,0,7,0,0,0,0,0,0,0,0,0,0,0,0,1.0,1.0,1.0,0.0,0.0,0.0,3,0,0
1723,56,21,35,17,20,4,15,13,6,0,7,0,0,0,0,0,0,0,0,0,0,0,0,1.0,1.0,1.0,0.0,0.0,0.0,3,0,0
1724,54,20,34,16,19,4,15,13,6,0,7,0,0,0,0,0,0,0,0,0,2,0,2,0.9459459459459459,1.0,1.0,0.0,0.0,0.0,3,0,2
1725,58,24,34,15,24,4,15,13,5,0,7,0,0,0,0,0,0,0,0,1,0,0,0,1.0,1.0,1.0,0.07407407407407407,0.07407407407407407,0.0,3,4,0
1726,58,24,34,15,24,4,15,13,6,0,7,0,0,0,0,0,6,1,0,0,0,0,0,1.0,1.0,1.0,0.0,0.0,0.16666666666666666,3,0,0
1727,58,24,34,15,24,4,15,13,6,0,5,0,0,0,0,0,0,0,0,0,0,0,0,1.0,1.0,1.0,0.0,0.0,0.0,3,0,0
1728,56,23,33,15,22,4,15,13,7,1,5,0,0,0,0,0,8,1,1,0,2,0,2,0.9487179487179487,1.0,1.0,0.0,0.0,0.125,3,0,2
1729,55,22,33,14,22,4,15,13,7,1,5,0,0,0,0,0,0,0,0,0,1,0,1,0.972972972972973,1.0,1.0,0.0,0.0,0.0,3,0,1
1730,55,22,33,14,22,2,17,13,7,1,5,0,0,0,0,0,0,0,0,0,0,0,0,1.0,1.0,1.0,0.0,0.0,0.0,3,0,0
1731,55,22,33,14,22,2,17,13,7,1,5,0,0,0,0,0,0,0,0,0,0,0,0,1.0,1.0,1.0,0.0,0.0,0.0,3,0,0
1732,55,22,33,14,22,2,17,13,7,1,5,0,0,0,0,0,0,0,0,0,0,0,0,1.0,1.0,1.0,0.0,0.0,0.0,3,0,0
1733,54,21,33,13,22,2,17,13,7,1,5,0,0,0,0,0,0,0,0,0,1,0,1,0.9722222222222222,1.0,1.0,0.0,0.0,0.0,3,0,1
1734,53,20,33,13,21,2,17,13,7,1,5,0,0,0,0,0,0,0,0,0,1,0,1,0.9714285714285714,1.0,1.0,0.0,0.0,0.0,3,0,1
1735,53,20,33,13,21,2,17,13,7,1,5,0,0,0,0,0,0,0,0,0,0,1,0,1.0,1.0,1.0,0.0,0.0,0.0,3,0,0
1736,53,20,33,13,21,2,17,13,7,1,5,0,0,0,0,0,0,0,0,0,0,0,0,1.0,1.0,1.0,0.0,0.0,0.0,3,0,0
1737,53,20,33,13,21,2,17,13,7,1,5,0,0,0,0,0,0,0,0,0,0,0,0,1.0,1.0,1.0,0.0,0.0,0.0,3,0,0
1738,52,19,33,13,20,2,17,13,7,1,5,0,0,0,0,0,0,0,0,0,1,0,1,0.9705882352941176,1.0,1.0,0.0,0.0,0.0,3,0,1
1739,52,19,33,13,19,2,18,14,8,1,5,0,0,0,0,0,6,1,0,0,0,0,0,1.0,1.0,1.0,0.0,0.0,0.16666666666666666,3,0,0
1740,52,19,33,13,19,2,18,14,8,1,5,0,0,0,0,0,0,0,0,0,0,0,0,1.0,1.0,1.0,0.0,0.0,0.0,3,0,0
1741,52,19,33,13,19,2,18,14,8,1,5,0,0,0,0,0,0,0,0,0,0,0,0,1.0,1.0,1.0,0.0,0.0,0.0,3,0,0
1742,52,19,33,13,19,2,18,14,8,1,5,0,0,0,0,0,0,0,0,0,0,0,0,1.0,1.0,1.0,0.0,0.0,0.0,3,0,0
1743,52,19,33,13,19,2,18,14,8,1,5,0,0,0,0,0,0,0,0,0,0,0,0,1.0,1.0,1.0,0.0,0.0,0.0,3,0,0
1744,52,19,33,13,19,2,18,14,8,1,5,0,0,0,0,0,0,0,0,0,0,0,0,1.0,1.0,1.0,0.0,0.0,0.0,3,0,0
1745,52,19,33,13,19,2,18,14,8,1,5,0,0,0,0,0,0,0,0,0,0,0,0,1.0,1.0,1.0,0.0,0.0,0.0,3,0,0
1746,51,19,32,13,18,2,18,14,8,1,5,0,0,0,0,0,0,0,0,0,1,0,1,0.96875,1.0,1.0,0.0,0.0,0.0,3,0,1
1747,50,19,31,12,18,2,18,14,8,1,5,0,0,0,0,0,0,0,0,0,1,0,1,0.967741935483871,1.0,1.0,0.0,0.0,0.0,3,0,1
1748,48,18,30,8,20,2,18,14,8,1,5,0,0,0,0,0,0,0,0,0,2,0,2,0.9333333333333333,1.0,1.0,0.0,0.0,0.0,3,0,2
1749,48,18,30,8,20,2,18,14,8,1,5,0,0,0,0,0,0,0,0,0,0,0,0,1.0,1.0,1.0,0.0,0.0,0.0,3,0,0
1750,48,18,30,8,20,2,18,14,8,1,4,0,0,0,0,0,0,0,0,0,0,0,0,1.0,1.0,1.0,0.0,0.0,0.0,3,0,0
1751,48,18,30,8,20,2,18,14,9,1,4,0,0,0,0,0,6,1,0,0,0,0,0,1.0,1.0,1.0,0.0,0.0,0.16666666666666666,3,0,0
1752,48,18,30,8,20,2,18,14,9,1,4,0,0,0,0,0,0,0,0,0,0,0,0,1.0,1.0,1.0,0.0,0.0,0.0,3,0,0
1753,48,18,30,8,20,2,18,14,9,1,4,0,0,0,0,0,0,0,0,0,0,0,0,1.0,1.0,1.0,0.0,0.0,0.0,3,0,0
1754,48,18,30,8,20,2,18,14,9,1,4,0,0,0,0,0,0,0,0,0,0,0,0,1.0,1.0,1.0,0.0,0.0,0.0,3,0,0
1755,48,18,30,8,20,2,18,14,9,1,4,0,0,0,0,0,0,0,0,0,0,0,0,1.0,1.0,1.0,0.0,0.0,0.0,3,0,0
1756,48,18,30,8,20,2,18,14,9,1,4,0,0,0,0,0,0,0,0,0,0,0,0,1.0,1.0,1.0,0.0,0.0,0.0,3,0,0
1757,48,18,30,3,25,2,18,14,9,1,4,0,0,0,0,0,0,0,0,0,0,0,0,1.0,1.0,1.0,0.0,0.0,0.0,3,0,0
1758,48,18,30,2,26,2,18,14,9,1,4,0,0,0,0,0,0,0,0,0,0,0,0,1.0,1.0,1.0,0.0,0.0,0.0,3,0,0
1759,47,18,29,2,25,2,18,14,9,1,2,0,0,0,0,0,0,0,0,0,1,0,1,0.9642857142857143,1.0,1.0,0.0,0.0,0.0,3,0,1
1760,47,18,29,2,25,1,19,15,11,1,1,0,0,0,0,0,6,2,0,0,0,0,0,1.0,1.0,1.0,0.0,0.0,0.3333333333333333,3,0,0
1761,47,18,29,2,25,1,19,15,11,1,1,0,0,0,0,0,6,2,0,0,0,0,0,1.0,1.0,1.0,0.0,0.0,0.3333333333333333,3,0,0
1762,47,18,29,2,25,1,19,15,11,1,1,0,0,0,0,0,6,2,0,0,0,0,0,1.0,1.0,1.0,0.0,0.0,0.3333333333333333,3,0,0
1763,47,18,29,2,25,1,19,15,11,1,1,0,0,0,0,0,6,2,0,0,0,0,0,1.0,1.0,1.0,0.0,0.0,0.3333333333333333,3,0,0
1764,46,18,28,2,25,1,18,14,10,1,1,0,0,0,0,0,6,2,0,0,0,0,0,1.0,1.0,0.9333333333333333,0.0,0.0,0.3333333333333333,3,0,1
1765,45,18,27,2,24,1,18,14,10,1,1,0,0,0,0,0,6,2,0,0,1,0,1,0.962962962962963,1.0,1.0,0.0,0.0,0.3333333333333333,3,0,1
1766,45,18,27,2,24,1,18,14,10,1,1,0,0,0,0,0,6,2,0,0,0,0,0,1.0,1.0,1.0,0.0,0.0,0.3333333333333333,3,0,0
1767,45,18,27,2,24,1,18,14,10,1,1,0,0,0,0,0,6,2,0,0,0,0,0,1.0,1.0,1.0,0.0,0.0,0.3333333333333333,3,0,0
1768,45,18,27,0,26,1,18,14,10,1,1,0,0,0,0,0,6,2,0,0,0,0,0,1.0,1.0,1.0,0.0,0.0,0.3333333333333333,3,0,0
1769,45,18,27,0,26,1,18,14,10,1,1,0,0,0,0,0,6,2,0,0,0,0,0,1.0,1.0,1.0,0.0,0.0,0.3333333333333333,3,0,0
1770,45,18,27,0,26,1,18,14,10,1,0,0,0,0,0,0,6,2,0,0,0,0,0,1.0,1.0,1.0,0.0,0.0,0.3333333333333333,3,0,0
1771,45,18,27,0,26,1,18,14,10,1,0,0,0,0,0,0,6,2,0,0,0,0,0,1.0,1.0,1.0,0.0,0.0,0.3333333333333333,3,0,0
1772,45,18,27,0,26,1,18,14,10,1,0,0,0,0,0,0,6,2,0,0,0,0,0,1.0,1.0,1.0,0.0,0.0,0.3333333333333333,3,0,0
1773,45,18,27,0,26,1,18,14,10,0,0,0,0,0,0,0,6,2,0,0,0,0,0,1.0,1.0,1.0,0.0,0.0,0.3333333333333333,3,0,0
1774,45,18,27,0,26,1,18,14,10,0,0,0,0,0,0,0,6,2,0,0,0,2,0,1.0,1.0,1.0,0.0,0.0,0.3333333333333333,3,0,0
1775,45,18,27,0,26,1,18,14,10,0,0,0,0,0,0,0,6,2,0,0,0,0,0,1.0,1.0,1.0,0.0,0.0,0.3333333333333333,3,0,0
1776,45,18,27,0,26,1,18,14,10,0,0,0,0,0,0,0,6,2,0,0,0,0,0,1.0,1.0,1.0,0.0,0.0,0.3333333333333333,3,0,0
1777,48,19,29,3,26,1,18,14,9,0,1,0,0,0,0,0,6,2,0,1,0,0,0,1.0,1.0,1.0,0.06666666666666667,0.06666666666666667,0.3333333333333333,3,3,0
1778,46,18,28,3,23,2,18,14,9,0,1,0,0,0,0,0,6,2,0,0,1,0,1,0.9285714285714286,1.0,1.0,0.0,0.0,0.3333333333333333,3,0,2
1779,54,22,32,11,23,2,18,14,7,0,3,0,0,0,0,0,6,2,0,2,0,0,0,1.0,1.0,1.0,0.17391304347826086,0.17391304347826086,0.3333333333333333,3,8,0
1780,54,22,32,11,23,2,18,14,7,0,3,0,0,0,0,0,6,2,0,0,0,0,0,1.0,1.0,1.0,0.0,0.0,0.3333333333333333,3,0,0
1781,58,24,34,15,23,2,18,14,6,0,4,0,0,0,0,0,6,2,0,1,0,0,0,1.0,1.0,1.0,0.07407407407407407,0.07407407407407407,0.3333333333333333,3,4,0
1782,58,24,34,15,23,2,18,14,6,0,4,0,0,0,0,0,6,2,0,0,0,2,0,1.0,1.0,1.0,0.0,0.0,0.3333333333333333,3,0,0
1783,56,23,33,15,21,2,18,14,6,0,4,0,0,0,0,0,6,2,0,0,2,0,2,0.9473684210526316,1.0,1.0,0.0,0.0,0.3333333333333333,3,0,2
1784,56,23,33,15,21,2,18,14,6,0,4,0,0,0,0,0,6,2,0,0,0,0,0,1.0,1.0,1.0,0.0,0.0,0.3333333333333333,3,0,0
1785,56,23,33,15,21,2,18,14,6,0,4,0,0,0,0,0,6,2,0,0,0,0,0,1.0,1.0,1.0,0.0,0.0,0.3333333333333333,3,0,0
1786,56,23,33,15,19,4,18,14,6,0,4,0,0,0,0,0,6,2,0,0,0,0,0,1.0,1.0,1.0,0.0,0.0,0.3333333333333333,3,0,0
1787,55,22,33,15,18,4,18,14,6,0,4,0,0,0,0,0,6,2,0,0,1,0,1,0.9705882352941176,1.0,1.0,0.0,0.0,0.3333333333333333,3,0,1
1788,55,22,33,15,18,4,18,14,6,0,4,0,0,0,0,0,6,2,0,0,0,0,0,1.0,1.0,1.0,0.0,0.0,0.3333333333333333,3,0,0
1789,55,22,33,15,18,4,18,14,6,0,4,0,0,0,0,0,6,2,0,0,0,0,0,1.0,1.0,1.0,0.0,0.0,0.3333333333333333,3,0,0
1790,53,22,31,13,18,4,18,14,6,0,4,0,0,0,0,0,6,2,0,0,2,0,2,0.9393939393939394,1.0,1.0,0.0,0.0,0.3333333333333333,3,0,2
1791,56,24,32,17,17,4,18,14,5,0,5,0,0,0,0,0,6,2,0,1,1,0,1,0.967741935483871,1.0,1.0,0.07547169811320754,0.07547169811320754,0.3333333333333333,3,4,1
1792,55,24,31,17,17,4,17,13,5,0,5,0,0,0,0,0,6,2,0,0,0,0,0,1.0,1.0,0.9285714285714286,0.0,0.0,0.3333333333333333,3,0,1
1793,58,25,33,20,17,4,17,13,4,0,6,0,0,0,0,0,6,2,0,1,0,0,0,1.0,1.0,1.0,0.05454545454545454,0.05454545454545454,0.3333333333333333,3,3,0
1794,56,24,32,19,16,4,17,13,4,0,6,0,0,0,0,0,6,2,0,0,2,2,2,0.9459459459459459,1.0,1.0,0.0,0.0,0.3333333333333333,3,0,2
1795,55,23,32,18,16,4,17,13,4,0,6,0,0,0,0,0,6,2,0,0,1,0,1,0.9714285714285714,1.0,1.0,0.0,0.0,0.3333333333333333,3,0,1
1796,53,22,31,17,15,4,17,13,4,0,6,0,0,0,0,0,6,2,0,0,2,0,2,0.9411764705882353,1.0,1.0,0.0,0.0,0.3333333333333333,3,0,2
1797,53,22,31,17,15,4,17,13,4,0,6,0,0,0,0,0,6,2,0,0,0,0,0,1.0,1.0,1.0,0.0,0.0,0.3333333333333333,3,0,0
1798,51,21,30,16,13,6,16,13,4,0,6,0,0,0,0,0,6,2,0,0,1,0,1,0.9666666666666667,0.75,1.0,0.0,0.0,0.3333333333333333,3,0,2
1799,51,21,30,16,13,6,16,13,4,0,6,0,0,0,0,0,6,2,0,0,0,0,0,1.0,1.0,1.0,0.0,0.0,0.3333333333333333,3,0,0
1800,51,21,30,16,13,6,16,13,4,0,6,0,0,0,0,0,6,2,0,0,0,0,0,1.0,1.0,1.0,0.0,0.0,0.3333333333333333,3,0,0
1801,50,21,29,15,13,6,16,13,4,0,6,0,0,0,0,0,6,2,0,0,1,0,1,0.9655172413793104,1.0,1.0,0.0,0.0,0.3333333333333333,3,0,1
1802,50,21,29,15,13,6,16,13,4,0,6,0,0,0,0,0,6,2,0,0,0,0,0,1.0,1.0,1.0,0.0,0.0,0.3333333333333333,3,0,0
1803,49,21,28,15,12,6,16,13,4,0,6,0,0,0,0,0,6,2,0,0,1,0,1,0.9642857142857143,1.0,1.0,0.0,0.0,0.3333333333333333,3,0,1
1804,53,22,31,19,12,6,16,13,3,0,7,0,0,0,0,0,6,2,0,1,0,0,0,1.0,1.0,1.0,0.08163265306122448,0.08163265306122448,0.3333333333333333,3,4,0
1805,52,21,31,19,12,5,16,13,3,0,7,0,0,0,0,0,6,2,0,0,0,0,0,1.0,1.0,1.0,0.0,0.0,0.3333333333333333,3,0,1
1806,52,21,31,19,12,5,16,13,3,0,7,0,0,0,0,0,6,2,0,0,0,0,0,1.0,1.0,1.0,0.0,0.0,0.3333333333333333,3,0,0
1807,52,21,31,19,12,5,16,13,3,0,7,0,0,0,0,0,6,2,0,0,0,0,0,1.0,1.0,1.0,0.0,0.0,0.3333333333333333,3,0,0
1808,52,21,31,19,12,5,16,13,3,0,7,0,0,0,0,0,6,2,0,0,0,0,0,1.0,1.0,1.0,0.0,0.0,0.3333333333333333,3,0,0
1809,52,21,31,19,12,5,16,13,3,0,7,0,0,0,0,0,6,2,0,0,0,0,0,1.0,1.0,1.0,0.0,0.0,0.3333333333333333,3,0,0
1810,52,21,31,19,12,5,16,13,3,0,7,0,0,0,0,0,6,2,0,0,0,0,0,1.0,1.0,1.0,0.0,0.0,0.3333333333333333,3,0,0
1811,52,21,31,19,12,5,16,13,3,0,7,0,0,0,0,0,6,2,0,0,0,0,0,1.0,1.0,1.0,0.0,0.0,0.3333333333333333,3,0,0
1812,52,21,31,19,12,5,16,13,3,0,7,0,0,0,0,0,6,2,0,0,0,0,0,1.0,1.0,1.0,0.0,0.0,0.3333333333333333,3,0,0
1813,52,21,31,19,12,5,16,13,3,0,7,0,0,0,0,0,6,2,0,0,0,0,0,1.0,1.0,1.0,0.0,0.0,0.3333333333333333,3,0,0
1814,51,21,30,19,12,5,15,12,3,0,7,0,0,0,0,0,6,2,0,0,0,0,0,1.0,1.0,0.9230769230769231,0.0,0.0,0.3333333333333333,2,0,1
1815,51,21,30,19,12,5,15,12,3,0,7,0,0,0,0,0,6,2,0,0,0,0,0,1.0,1.0,1.0,0.0,0.0,0.3333333333333333,2,0,0
1816,54,22,32,23,11,5,15,12,2,0,8,0,0,0,0,0,6,2,0,1,1,0,1,0.967741935483871,1.0,1.0,0.0784313725490196,0.0784313725490196,0.3333333333333333,2,4,1
1817,53,22,31,22,11,5,15,12,2,0,8,0,0,0,0,0,6,2,0,0,1,0,1,0.9705882352941176,1.0,1.0,0.0,0.0,0.3333333333333333,2,0,1
1818,52,22,30,22,10,5,15,12,2,0,8,0,0,0,0,0,6,2,0,0,1,0,1,0.9696969696969697,1.0,1.0,0.0,0.0,0.3333333333333333,2,0,1
1819,50,21,29,21,9,5,15,12,2,0,8,0,0,0,0,0,6,2,0,0,2,0,2,0.9375,1.0,1.0,0.0,0.0,0.3333333333333333,2,0,2
1820,50,21,29,19,11,5,15,12,2,0,8,0,0,0,0,0,6,2,0,0,0,0,0,1.0,1.0,1.0,0.0,0.0,0.3333333333333333,2,0,0
1821,50,21,29,19,11,5,15,12,2,0,8,0,0,0,0,0,6,2,0,0,0,0,0,1.0,1.0,1.0,0.0,0.0,0.3333333333333333,2,0,0
1822,49,20,29,13,16,5,15,12,2,0,7,0,0,0,0,0,6,2,0,0,1,0,1,0.9666666666666667,1.0,1.0,0.0,0.0,0.3333333333333333,2,0,1
1823,49,20,29,13,16,5,15,12,2,0,7,0,0,0,0,0,6,2,0,0,0,0,0,1.0,1.0,1.0,0.0,0.0,0.3333333333333333,2,0,0
1824,49,20,29,11,18,5,15,12,2,0,5,0,0,0,0,0,6,2,0,0,0,0,0,1.0,1.0,1.0,0.0,0.0,0.3333333333333333,2,0,0
1825,54,24,30,17,17,5,15,12,0,0,7,0,0,0,0,0,6,2,0,2,1,0,1,0.9655172413793104,1.0,1.0,0.12244897959183673,0.12244897959183673,0.3333333333333333,2,6,1
1826,54,24,30,17,17,5,15,12,0,0,6,0,0,0,0,0,6,2,0,0,0,0,0,1.0,1.0,1.0,0.0,0.0,0.3333333333333333,2,0,0
1827,53,24,29,16,17,5,15,12,0,0,6,0,0,0,0,0,6,2,0,0,1,0,1,0.9705882352941176,1.0,1.0,0.0,0.0,0.3333333333333333,2,0,1
1828,53,24,29,16,17,5,15,12,0,0,6,0,0,0,0,0,6,2,0,0,0,0,0,1.0,1.0,1.0,0.0,0.0,0.3333333333333333,2,0,0
1829,53,24,29,16,17,5,15,12,0,0,6,0,0,0,0,0,6,2,0,0,0,0,0,1.0,1.0,1.0,0.0,0.0,0.3333333333333333,2,0,0
1830,53,24,29,16,17,5,15,12,0,0,6,0,0,0,0,0,6,2,0,0,0,0,0,1.0,1.0,1.0,0.0,0.0,0.3333333333333333,2,0,0
1831,53,24,29,16,17,5,15,12,0,0,6,0,0,0,0,0,6,2,0,0,0,0,0,1.0,1.0,1.0,0.0,0.0,0.3333333333333333,2,0,0
1832,53,24,29,16,17,5,15,12,0,0,6,0,0,0,0,0,6,2,0,0,0,0,0,1.0,1.0,1.0,0.0,0.0,0.3333333333333333,2,0,0
1833,53,24,29,16,17,5,15,12,0,0,6,0,0,0,0,0,6,2,0,0,0,0,0,1.0,1.0,1.0,0.0,0.0,0.3333333333333333,2,0,0
1834,53,24,29,14,19,5,15,12,0,0,6,0,0,0,0,0,6,2,0,0,0,0,0,1.0,1.0,1.0,0.0,0.0,0.3333333333333333,2,0,0
1835,52,23,29,14,18,5,15,12,0,0,6,0,0,0,0,0,6,2,0,0,1,0,1,0.9696969696969697,1.0,1.0,0.0,0.0,0.3333333333333333,2,0,1
1836,52,23,29,13,19,5,15,12,0,0,5,0,0,0,0,0,6,2,0,0,0,0,0,1.0,1.0,1.0,0.0,0.0,0.3333333333333333,2,0,0
1837,52,23,29,13,19,5,15,12,0,0,5,0,0,0,0,0,6,2,0,0,0,0,0,1.0,1.0,1.0,0.0,0.0,0.3333333333333333,2,0,0
1838,51,23,28,12,19,5,15,12,0,0,4,0,0,0,0,0,6,2,0,0,1,0,1,0.96875,1.0,1.0,0.0,0.0,0.3333333333333333,2,0,1
1839,48,21,27,11,17,5,15,12,0,0,4,0,0,0,0,0,6,2,0,0,3,0,3,0.9032258064516129,1.0,1.0,0.0,0.0,0.3333333333333333,2,0,3
1840,48,21,27,11,17,5,15,12,0,0,4,0,0,0,0,0,6,2,0,0,0,0,0,1.0,1.0,1.0,0.0,0.0,0.3333333333333333,2,0,0
1841,47,20,27,11,16,5,15,12,0,0,4,0,0,0,0,0,6,2,0,0,1,0,1,0.9642857142857143,1.0,1.0,0.0,0.0,0.3333333333333333,2,0,1
1842,47,20,27,11,16,5,15,12,0,0,4,0,0,0,0,0,6,2,0,0,0,0,0,1.0,1.0,1.0,0.0,0.0,0.3333333333333333,2,0,0
1843,47,20,27,11,16,5,15,12,0,0,4,0,0,0,0,0,6,2,0,0,0,0,0,1.0,1.0,1.0,0.0,0.0,0.3333333333333333,2,0,0
1844,47,20,27,11,16,5,15,12,0,0,4,0,0,0,0,0,6,2,0,0,0,0,0,1.0,1.0,1.0,0.0,0.0,0.3333333333333333,2,0,0
1845,47,20,27,11,16,5,15,12,0,0,4,0,0,0,0,0,6,2,0,0,0,0,0,1.0,1.0,1.0,0.0,0.0,0.3333333333333333,2,0,0
1846,47,20,27,11,16,5,15,12,0,0,4,0,0,0,0,0,6,2,0,0,0,0,0,1.0,1.0,1.0,0.0,0.0,0.3333333333333333,2,0,0
1847,47,20,27,8,19,5,15,12,0,0,4,0,0,0,0,0,6,2,0,0,0,0,0,1.0,1.0,1.0,0.0,0.0,0.3333333333333333,2,0,0
1848,47,20,27,8,19,5,15,12,0,0,4,0,0,0,0,0,6,2,0,0,0,1,0,1.0,1.0,1.0,0.0,0.0,0.3333333333333333,2,0,0
1849,47,20,27,8,19,5,15,12,0,0,3,0,0,0,0,0,6,2,0,0,0,0,0,1.0,1.0,1.0,0.0,0.0,0.3333333333333333,2,0,0
1850,47,20,27,8,19,5,15,12,0,0,3,0,0,0,0,0,6,2,0,0,0,0,0,1.0,1.0,1.0,0.0,0.0,0.3333333333333333,2,0,0
1851,47,20,27,8,19,5,15,12,0,0,3,0,0,0,0,0,6,2,0,0,0,0,0,1.0,1.0,1.0,0.0,0.0,0.3333333333333333,2,0,0
1852,47,20,27,8,18,6,15,12,0,0,3,0,0,0,0,0,6,2,0,0,0,0,0,1.0,1.0,1.0,0.0,0.0,0.3333333333333333,2,0,0
1853,47,20,27,8,18,6,15,12,0,0,3,0,0,0,0,0,6,2,0,0,0,0,0,1.0,1.0,1.0,0.0,0.0,0.3333333333333333,2,0,0
1854,47,20,27,8,18,6,15,12,0,0,3,0,0,0,0,0,6,2,0,0,0,0,0,1.0,1.0,1.0,0.0,0.0,0.3333333333333333,2,0,0
1855,47,20,27,8,18,6,15,12,1,0,3,0,0,0,0,0,6,1,0,0,0,0,0,1.0,1.0,1.0,0.0,0.0,0.16666666666666666,2,0,0
1856,47,20,27,8,18,6,15,12,4,0,3,0,0,0,0,0,13,3,0,0,0,0,0,1.0,1.0,1.0,0.0,0.0,0.23076923076923078,2,0,0
1857,47,20,27,8,18,6,15,12,4,0,3,0,0,0,0,0,4,0,0,0,0,0,0,1.0,1.0,1.0,0.0,0.0,0.0,2,0,0
1858,47,20,27,8,18,6,15,12,6,0,3,0,0,0,0,0,5,2,0,0,0,0,0,1.0,1.0,1.0,0.0,0.0,0.4,2,0,0
1859,47,20,27,6,20,6,15,12,7,0,3,0,0,0,0,0,9,1,0,0,0,0,0,1.0,1.0,1.0,0.0,0.0,0.1111111111111111,2,0,0
1860,47,20,27,6,20,6,15,12,7,0,3,0,0,0,0,0,0,0,0,0,0,0,0,1.0,1.0,1.0,0.0,0.0,0.0,2,0,0
1861,47,20,27,6,20,6,15,12,7,0,2,0,0,0,0,0,0,0,0,0,0,0,0,1.0,1.0,1.0,0.0,0.0,0.0,2,0,0
1862,47,20,27,6,20,6,15,12,7,0,2,0,0,0,0,0,1,0,0,0,0,1,0,1.0,1.0,1.0,0.0,0.0,0.0,2,0,0
1863,47,20,27,6,20,6,15,12,7,0,2,0,0,0,0,0,6,0,0,0,0,0,0,1.0,1.0,1.0,0.0,0.0,0.0,2,0,0
1864,47,20,27,6,20,6,15,12,8,0,2,0,0,0,0,0,7,1,0,0,0,0,0,1.0,1.0,1.0,0.0,0.0,0.14285714285714285,2,0,0
1865,47,20,27,6,20,6,15,12,8,0,2,0,0,0,0,0,0,0,0,0,0,0,0,1.0,1.0,1.0,0.0,0.0,0.0,2,0,0
1866,47,20,27,6,19,7,15,12,8,0,2,0,0,0,0,0,0,0,0,0,0,0,0,1.0,1.0,1.0,0.0,0.0,0.0,2,0,0
1867,47,20,27,6,19,7,15,12,8,0,2,0,0,0,0,0,0,0,0,0,0,0,0,1.0,1.0,1.0,0.0,0.0,0.0,2,0,0
1868,47,20,27,0,25,7,15,12,9,0,2,0,0,0,0,0,6,1,0,0,0,0,0,1.0,1.0,1.0,0.0,0.0,0.16666666666666666,2,0,0
1869,46,20,26,0,24,7,15,12,9,0,2,0,0,0,0,0,1,0,0,0,1,0,1,0.96,1.0,1.0,0.0,0.0,0.0,2,0,1
1870,46,20,26,0,24,7,15,12,10,0,0,0,0,0,0,0,6,1,0,0,0,0,0,1.0,1.0,1.0,0.0,0.0,0.16666666666666666,2,0,0
1871,46,20,26,0,24,7,15,12,12,0,0,0,0,0,0,0,15,2,0,0,0,0,0,1.0,1.0,1.0,0.0,0.0,0.13333333333333333,2,0,0
1872,46,20,26,0,24,7,15,12,12,0,0,0,0,0,0,0,0,0,0,0,0,0,0,1.0,1.0,1.0,0.0,0.0,0.0,2,0,0
1873,46,20,26,0,24,7,15,12,12,0,0,0,0,0,0,0,0,0,0,0,0,0,0,1.0,1.0,1.0,0.0,0.0,0.0,2,0,0
1874,46,20,26,0,24,6,16,12,12,0,0,0,0,0,0,0,0,0,0,0,0,0,0,1.0,1.0,1.0,0.0,0.0,0.0,2,0,0
1875,46,20,26,0,24,6,16,12,12,0,0,0,0,0,0,0,0,0,0,0,0,0,0,1.0,1.0,1.0,0.0,0.0,0.0,2,0,0
1876,46,20,26,0,24,6,16,12,12,0,0,0,0,0,0,0,0,0,0,0,0,0,0,1.0,1.0,1.0,0.0,0.0,0.0,2,0,0
1877,46,20,26,0,24,6,16,12,12,0,0,0,0,0,0,0,0,0,0,0,0,0,0,1.0,1.0,1.0,0.0,0.0,0.0,2,0,0
1878,46,20,26,0,24,6,16,12,12,0,0,0,0,0,0,0,0,0,0,0,0,0,0,1.0,1.0,1.0,0.0,0.0,0.0,2,0,0
1879,46,20,26,0,24,6,16,12,12,0,0,0,0,0,0,0,0,0,0,0,0,0,0,1.0,1.0,1.0,0.0,0.0,0.0,2,0,0
1880,46,20,26,0,24,6,16,12,12,0,0,0,0,0,0,0,0,0,0,0,0,0,0,1.0,1.0,1.0,0.0,0.0,0.0,2,0,0
1881,46,20,26,0,24,6,16,12,12,0,0,0,0,0,0,0,0,0,0,0,0,0,0,1.0,1.0,1.0,0.0,0.0,0.0,2,0,0
1882,46,20,26,0,24,6,16,12,12,0,0,0,0,0,0,0,0,0,0,0,0,0,0,1.0,1.0,1.0,0.0,0.0,0.0,2,0,0
1883,46,20,26,0,24,6,16,12,12,0,0,0,0,0,0,0,0,0,0,0,0,0,0,1.0,1.0,1.0,0.0,0.0,0.0,2,0,0
1884,46,20,26,0,24,6,16,12,12,0,0,0,0,0,0,0,0,0,0,0,0,0,0,1.0,1.0,1.0,0.0,0.0,0.0,2,0,0
1885,45,19,26,0,23,6,16,12,12,0,0,0,0,0,0,0,0,0,0,0,1,0,1,0.9583333333333334,1.0,1.0,0.0,0.0,0.0,2,0,1
1886,45,19,26,0,23,6,16,12,12,0,0,0,0,0,0,0,0,0,0,0,0,0,0,1.0,1.0,1.0,0.0,0.0,0.0,2,0,0
1887,45,19,26,0,23,6,16,12,12,0,0,0,0,0,0,0,0,0,0,0,0,0,0,1.0,1.0,1.0,0.0,0.0,0.0,2,0,0
1888,45,19,26,0,23,6,16,12,12,0,0,0,0,0,0,0,0,0,0,0,0,0,0,1.0,1.0,1.0,0.0,0.0,0.0,2,0,0
1889,44,18,26,0,22,6,16,12,12,0,0,0,0,0,0,0,0,0,0,0,1,0,1,0.9565217391304348,1.0,1.0,0.0,0.0,0.0,2,0,1
1890,44,18,26,0,22,6,16,12,12,0,0,0,0,0,0,0,0,0,0,0,0,0,0,1.0,1.0,1.0,0.0,0.0,0.0,2,0,0
1891,44,18,26,0,22,6,16,12,12,0,0,0,0,0,0,0,0,0,0,0,0,0,0,1.0,1.0,1.0,0.0,0.0,0.0,2,0,0
1892,44,18,26,0,22,6,16,12,12,0,0,0,0,0,0,0,0,0,0,0,0,0,0,1.0,1.0,1.0,0.0,0.0,0.0,2,0,0
1893,44,18,26,0,22,6,16,12,12,0,0,0,0,0,0,0,0,0,0,0,0,0,0,1.0,1.0,1.0,0.0,0.0,0.0,2,0,0
1894,44,18,26,0,22,6,16,12,12,0,0,0,0,0,0,0,0,0,0,0,0,2,0,1.0,1.0,1.0,0.0,0.0,0.0,2,0,0
1895,43,18,25,0,21,6,16,12,12,0,0,0,0,0,0,0,0,0,0,0,1,1,1,0.9545454545454546,1.0,1.0,0.0,0.0,0.0,2,0,1
1896,43,18,25,0,21,6,16,12,12,0,0,0,0,0,0,0,0,0,0,0,0,0,0,1.0,1.0,1.0,0.0,0.0,0.0,2,0,0
1897,43,18,25,0,21,6,16,12,12,0,0,0,0,0,0,0,0,0,0,0,0,0,0,1.0,1.0,1.0,0.0,0.0,0.0,2,0,0
1898,43,18,25,0,19,8,16,12,12,0,0,0,0,0,0,0,0,0,0,0,0,0,0,1.0,1.0,1.0,0.0,0.0,0.0,2,0,0
1899,43,18,25,0,18,9,16,12,12,0,0,0,0,0,0,0,0,0,0,0,0,0,0,1.0,1.0,1.0,0.0,0.0,0.0,2,0,0
1900,43,18,25,0,18,9,16,12,12,0,0,0,0,0,0,0,0,0,0,0,0,0,0,1.0,1.0,1.0,0.0,0.0,0.0,2,0,0
1901,43,18,25,0,18,9,16,12,12,0,0,0,0,0,0,0,0,0,0,0,0,0,0,1.0,1.0,1.0,0.0,0.0,0.0,2,0,0
1902,43,18,25,0,18,9,16,12,12,0,0,0,0,0,0,0,0,0,0,0,0,0,0,1.0,1.0,1.0,0.0,0.0,0.0,2,0,0
1903,43,18,25,0,18,9,16,12,12,0,0,0,0,0,0,0,0,0,0,0,0,0,0,1.0,1.0,1.0,0.0,0.0,0.0,2,0,0
1904,43,18,25,0,18,9,16,12,12,0,0,0,0,0,0,0,0,0,0,0,0,0,0,1.0,1.0,1.0,0.0,0.0,0.0,2,0,0
1905,43,18,25,0,18,9,16,12,12,0,0,0,0,0,0,0,0,0,0,0,0,1,0,1.0,1.0,1.0,0.0,0.0,0.0,2,0,0
1906,43,18,25,0,18,9,16,12,12,0,0,0,0,0,0,0,0,0,0,0,0,0,0,1.0,1.0,1.0,0.0,0.0,0.0,2,0,0
1907,43,18,25,0,18,9,16,12,12,0,0,0,0,0,0,0,0,0,0,0,0,0,0,1.0,1.0,1.0,0.0,0.0,0.0,2,0,0
1908,43,18,25,0,18,9,16,12,12,0,0,0,0,0,0,0,0,0,0,0,0,0,0,1.0,1.0,1.0,0.0,0.0,0.0,2,0,0
1909,43,18,25,0,17,10,16,12,12,0,0,0,0,0,0,0,0,0,0,0,0,0,0,1.0,1.0,1.0,0.0,0.0,0.0,2,0,0
1910,43,18,25,0,17,10,16,12,12,0,0,0,0,0,0,0,0,0,0,0,0,0,0,1.0,1.0,1.0,0.0,0.0,0.0,2,0,0
1911,41,16,25,0,15,10,16,12,12,0,0,0,0,0,0,0,0,0,0,0,2,0,2,0.8823529411764706,1.0,1.0,0.0,0.0,0.0,2,0,2
1912,40,16,24,0,14,10,16,12,12,0,0,0,0,0,0,0,0,0,0,0,1,0,1,0.9333333333333333,1.0,1.0,0.0,0.0,0.0,2,0,1
1913,40,16,24,0,14,10,16,12,12,0,0,0,0,0,0,0,0,0,0,0,0,0,0,1.0,1.0,1.0,0.0,0.0,0.0,2,0,0
1914,40,16,24,0,14,10,16,12,12,0,0,0,0,0,0,0,0,0,0,0,0,0,0,1.0,1.0,1.0,0.0,0.0,0.0,2,0,0
1915,40,16,24,0,14,10,16,12,12,0,0,0,0,0,0,0,0,0,0,0,0,0,0,1.0,1.0,1.0,0.0,0.0,0.0,2,0,0
1916,40,16,24,0,14,10,16,12,12,0,0,0,0,0,0,0,0,0,0,0,0,0,0,1.0,1.0,1.0,0.0,0.0,0.0,2,0,0
1917,40,16,24,0,14,10,16,12,12,0,0,0,0,0,0,0,0,0,0,0,0,0,0,1.0,1.0,1.0,0.0,0.0,0.0,2,0,0
1918,40,16,24,0,14,10,16,12,12,0,0,0,0,0,0,0,0,0,0,0,0,0,0,1.0,1.0,1.0,0.0,0.0,0.0,2,0,0
1919,40,16,24,0,14,10,16,12,12,0,0,0,0,0,0,0,0,0,0,0,0,0,0,1.0,1.0,1.0,0.0,0.0,0.0,2,0,0
1920,44,18,26,4,14,10,16,12,11,0,1,0,0,0,0,0,0,0,0,1,0,0,0,1.0,1.0,1.0,0.1,0.1,0.0,2,4,0
1921,54,23,31,14,14,10,16,12,8,0,4,0,0,0,0,0,0,0,0,3,0,0,0,1.0,1.0,1.0,0.22727272727272727,0.22727272727272727,0.0,2,10,0
1922,54,23,31,14,14,10,16,12,8,0,4,0,0,0,0,0,0,0,0,0,0,0,0,1.0,1.0,1.0,0.0,0.0,0.0,2,0,0
1923,61,26,35,21,14,10,16,12,6,0,6,0,0,0,0,0,0,0,0,2,0,0,0,1.0,1.0,1.0,0.12962962962962962,0.12962962962962962,0.0,2,7,0
1924,63,26,37,23,14,10,16,12,5,0,7,0,0,0,0,0,0,0,0,1,1,0,1,0.9714285714285714,1.0,1.0,0.04918032786885246,0.04918032786885246,0.0,2,3,1
1925,63,26,37,23,14,10,16,12,5,0,7,0,0,0,0,0,0,0,0,0,0,0,0,1.0,1.0,1.0,0.0,0.0,0.0,2,0,0
1926,62,25,37,22,14,10,16,12,5,0,7,0,0,0,0,0,0,0,0,0,1,0,1,0.972972972972973,1.0,1.0,0.0,0.0,0.0,2,0,1
1927,58,22,36,19,13,10,16,12,5,0,7,0,0,0,0,0,0,0,0,0,4,0,4,0.8888888888888888,1.0,1.0,0.0,0.0,0.0,2,0,4
1928,57,22,35,19,12,10,16,12,5,0,7,0,0,0,0,0,0,0,0,0,1,0,1,0.96875,1.0,1.0,0.0,0.0,0.0,2,0,1
1929,61,24,37,23,12,10,16,12,4,0,8,0,0,0,0,0,0,0,0,1,0,0,0,1.0,1.0,1.0,0.07017543859649122,0.07017543859649122,0.0,2,4,0
1930,61,24,37,23,12,10,16,12,4,0,8,0,0,0,0,0,0,0,0,0,0,0,0,1.0,1.0,1.0,0.0,0.0,0.0,2,0,0
1931,60,23,37,22,12,10,16,12,4,0,8,0,0,0,0,0,0,0,0,0,1,0,1,0.9714285714285714,1.0,1.0,0.0,0.0,0.0,2,0,1
1932,60,23,37,22,12,10,16,12,4,0,8,0,0,0,0,0,0,0,0,0,0,0,0,1.0,1.0,1.0,0.0,0.0,0.0,2,0,0
1933,64,26,38,26,12,9,17,12,3,0,9,0,0,0,0,0,0,0,0,1,0,0,0,1.0,1.0,1.0,0.06666666666666667,0.06666666666666667,0.0,2,4,0
1934,63,25,38,26,11,9,17,12,3,0,9,0,0,0,0,0,0,0,0,0,1,0,1,0.9736842105263158,1.0,1.0,0.0,0.0,0.0,2,0,1
1935,63,24,39,29,10,9,15,11,2,0,9,0,0,0,0,0,0,0,0,1,2,0,2,0.9459459459459459,0.8,0.9166666666666666,0.06349206349206349,0.06349206349206349,0.0,2,4,4
1936,67,25,42,35,8,9,15,11,0,0,11,0,0,0,0,0,0,0,0,2,3,0,3,0.9230769230769231,1.0,1.0,0.1111111111111111,0.1111111111111111,0.0,2,7,3
1937,64,23,41,32,8,9,15,11,0,0,11,0,0,0,0,0,0,0,0,0,3,0,3,0.9302325581395349,1.0,1.0,0.0,0.0,0.0,2,0,3
1938,63,22,41,31,8,9,15,11,0,0,11,0,0,0,0,0,0,0,0,0,1,0,1,0.975,1.0,1.0,0.0,0.0,0.0,2,0,1
1939,59,21,38,28,7,9,15,11,0,0,11,0,0,0,0,0,0,0,0,0,4,0,4,0.8974358974358975,1.0,1.0,0.0,0.0,0.0,2,0,4
1940,58,20,38,28,7,8,15,11,0,0,11,0,0,0,0,0,0,0,0,0,0,0,0,1.0,1.0,1.0,0.0,0.0,0.0,2,0,1
1941,56,19,37,26,7,8,15,11,0,0,11,0,0,0,0,0,0,0,0,0,2,0,2,0.9428571428571428,1.0,1.0,0.0,0.0,0.0,2,0,2
1942,56,19,37,26,7,8,15,11,0,0,11,0,0,0,0,0,0,0,0,0,0,0,0,1.0,1.0,1.0,0.0,0.0,0.0,2,0,0
1943,56,19,37,26,7,8,15,11,0,0,11,0,0,0,0,0,0,0,0,0,0,0,0,1.0,1.0,1.0,0.0,0.0,0.0,2,0,0
1944,56,19,37,26,7,8,15,11,0,0,11,0,0,0,0,0,0,0,0,0,0,0,0,1.0,1.0,1.0,0.0,0.0,0.0,2,0,0
1945,56,19,37,26,7,8,15,11,0,0,11,0,0,0,0,0,0,0,0,0,0,0,0,1.0,1.0,1.0,0.0,0.0,0.0,2,0,0
1946,56,19,37,26,7,8,15,11,0,0,11,0,0,0,0,0,0,0,0,0,0,0,0,1.0,1.0,1.0,0.0,0.0,0.0,2,0,0
1947,56,19,37,26,7,8,15,11,0,0,11,0,0,0,0,0,0,0,0,0,0,0,0,1.0,1.0,1.0,0.0,0.0,0.0,2,0,0
1948,54,19,35,24,7,8,15,11,0,0,11,0,0,0,0,0,0,0,0,0,2,0,2,0.9393939393939394,1.0,1.0,0.0,0.0,0.0,2,0,2
1949,54,19,35,24,7,8,15,11,0,0,11,0,0,0,0,0,0,0,0,0,0,0,0,1.0,1.0,1.0,0.0,0.0,0.0,2,0,0
1950,54,19,35,24,7,7,16,12,1,0,11,0,0,0,0,0,5,1,0,0,0,0,0,1.0,1.0,1.0,0.0,0.0,0.2,2,0,0
1951,54,19,35,24,7,7,16,12,1,0,11,0,0,0,0,0,0,0,0,0,0,0,0,1.0,1.0,1.0,0.0,0.0,0.0,2,0,0
1952,53,18,35,24,6,7,16,12,1,0,11,0,0,0,0,0,0,0,0,0,1,0,1,0.967741935483871,1.0,1.0,0.0,0.0,0.0,2,0,1
1953,53,18,35,24,6,7,16,12,1,0,11,0,0,0,0,0,0,0,0,0,0,0,0,1.0,1.0,1.0,0.0,0.0,0.0,2,0,0
1954,51,16,35,23,5,7,16,12,1,0,11,0,0,0,0,0,0,0,0,0,2,0,2,0.9333333333333333,1.0,1.0,0.0,0.0,0.0,2,0,2
1955,51,16,35,23,5,7,16,12,1,0,11,0,0,0,0,0,0,0,0,0,0,0,0,1.0,1.0,1.0,0.0,0.0,0.0,2,0,0
1956,51,16,35,23,5,7,16,12,1,0,11,0,0,0,0,0,0,0,0,0,0,0,0,1.0,1.0,1.0,0.0,0.0,0.0,2,0,0
1957,51,16,35,23,5,7,16,12,1,0,11,0,0,0,0,0,0,0,0,0,0,1,0,1.0,1.0,1.0,0.0,0.0,0.0,2,0,0
1958,50,16,34,22,5,7,16,12,1,0,11,0,0,0,0,0,0,0,0,0,1,0,1,0.9642857142857143,1.0,1.0,0.0,0.0,0.0,2,0,1
1959,50,16,34,22,5,7,16,12,1,0,11,0,0,0,0,0,0,0,0,0,0,0,0,1.0,1.0,1.0,0.0,0.0,0.0,2,0,0
1960,50,16,34,22,5,7,16,12,1,0,11,0,0,0,0,0,0,0,0,0,0,0,0,1.0,1.0,1.0,0.0,0.0,0.0,2,0,0
1961,50,16,34,22,4,8,16,12,1,0,11,0,0,0,0,0,0,0,0,0,0,0,0,1.0,1.0,1.0,0.0,0.0,0.0,2,0,0
1962,50,16,34,22,4,8,16,12,1,0,11,0,0,0,0,0,0,0,0,0,0,0,0,1.0,1.0,1.0,0.0,0.0,0.0,2,0,0
1963,50,16,34,21,5,8,16,12,1,0,11,0,0,0,0,0,0,0,0,0,0,0,0,1.0,1.0,1.0,0.0,0.0,0.0,2,0,0
1964,49,16,33,15,10,8,16,12,1,0,11,0,0,0,0,0,0,0,0,0,1,0,1,0.9615384615384616,1.0,1.0,0.0,0.0,0.0,2,0,1
1965,49,16,33,15,10,8,16,12,1,0,10,0,0,0,0,0,0,0,0,0,0,0,0,1.0,1.0,1.0,0.0,0.0,0.0,2,0,0
1966,49,16,33,13,12,8,16,12,2,0,8,0,0,0,0,0,4,1,0,0,0,0,0,1.0,1.0,1.0,0.0,0.0,0.25,2,0,0
1967,49,16,33,12,13,8,16,12,2,1,8,0,0,0,0,0,7,0,1,0,0,0,0,1.0,1.0,1.0,0.0,0.0,0.0,2,0,0
1968,49,16,33,12,13,8,16,12,3,1,6,0,0,0,0,0,5,1,0,0,0,0,0,1.0,1.0,1.0,0.0,0.0,0.2,2,0,0
1969,48,15,33,11,13,8,16,12,4,1,5,0,0,0,0,0,6,1,0,0,1,0,1,0.96,1.0,1.0,0.0,0.0,0.16666666666666666,2,0,1
1970,48,15,33,11,13,8,16,12,6,1,5,0,0,0,0,0,15,2,0,0,0,0,0,1.0,1.0,1.0,0.0,0.0,0.13333333333333333,2,0,0
1971,48,15,33,11,13,8,16,12,6,1,5,0,0,0,0,0,0,0,0,0,0,0,0,1.0,1.0,1.0,0.0,0.0,0.0,2,0,0
1972,48,15,33,10,14,8,16,12,6,1,5,0,0,0,0,0,0,0,0,0,0,0,0,1.0,1.0,1.0,0.0,0.0,0.0,2,0,0
1973,48,15,33,10,14,8,16,12,6,1,5,0,0,0,0,0,0,0,0,0,0,1,0,1.0,1.0,1.0,0.0,0.0,0.0,2,0,0
1974,48,15,33,10,14,8,16,12,6,1,4,0,0,0,0,0,0,0,0,0,0,0,0,1.0,1.0,1.0,0.0,0.0,0.0,2,0,0
1975,47,15,32,10,14,7,16,12,6,1,4,0,0,0,0,0,1,0,0,0,0,0,0,1.0,1.0,1.0,0.0,0.0,0.0,2,0,1
1976,46,14,32,7,16,6,17,13,7,2,4,0,0,0,0,0,9,1,1,0,1,0,1,0.9583333333333334,1.0,1.0,0.0,0.0,0.1111111111111111,2,0,1
1977,46,14,32,7,15,7,17,13,7,2,4,0,0,0,0,0,0,0,0,0,0,0,0,1.0,1.0,1.0,0.0,0.0,0.0,2,0,0
1978,46,14,32,3,19,7,17,13,7,2,3,0,0,0,0,0,0,0,0,0,0,0,0,1.0,1.0,1.0,0.0,0.0,0.0,2,0,0
1979,46,14,32,0,22,7,17,13,7,2,3,0,0,0,0,0,1,0,0,0,0,0,0,1.0,1.0,1.0,0.0,0.0,0.0,2,0,0
1980,46,14,32,0,22,7,17,13,8,2,2,0,0,0,0,0,3,1,0,0,0,0,0,1.0,1.0,1.0,0.0,0.0,0.3333333333333333,2,0,0
1981,46,14,32,0,22,7,17,13,9,2,0,0,0,0,0,0,3,1,0,0,0,0,0,1.0,1.0,1.0,0.0,0.0,0.3333333333333333,2,0,0
1982,46,14,32,0,22,7,17,13,10,2,0,0,0,0,0,0,9,1,0,0,0,0,0,1.0,1.0,1.0,0.0,0.0,0.1111111111111111,2,0,0
1983,46,14,32,0,22,6,18,14,11,2,0,0,0,0,0,0,8,1,0,0,0,0,0,1.0,1.0,1.0,0.0,0.0,0.125,2,0,0
1984,46,14,32,0,22,6,18,14,11,2,0,0,0,0,0,0,0,0,0,0,0,0,0,1.0,1.0,1.0,0.0,0.0,0.0,2,0,0
1985,46,14,32,0,22,6,18,14,11,2,0,0,0,0,0,0,1,0,0,0,0,0,0,1.0,1.0,1.0,0.0,0.0,0.0,2,0,0
1986,46,14,32,0,22,6,18,14,12,2,0,0,0,0,0,0,6,1,0,0,0,0,0,1.0,1.0,1.0,0.0,0.0,0.16666666666666666,2,0,0
1987,45,13,32,0,22,5,18,14,12,2,0,0,0,0,0,0,0,0,0,0,0,0,0,1.0,1.0,1.0,0.0,0.0,0.0,2,0,1
1988,45,13,32,0,22,5,18,14,12,2,0,0,0,0,0,0,0,0,0,0,0,0,0,1.0,1.0,1.0,0.0,0.0,0.0,2,0,0
1989,45,13,32,0,22,5,18,14,12,2,0,0,0,0,0,0,0,0,0,0,0,0,0,1.0,1.0,1.0,0.0,0.0,0.0,2,0,0
1990,45,13,32,0,22,5,18,14,12,2,0,0,0,0,0,0,0,0,0,0,0,0,0,1.0,1.0,1.0,0.0,0.0,0.0,2,0,0
1991,45,13,32,0,22,5,18,14,12,2,0,0,0,0,0,0,0,0,0,0,0,0,0,1.0,1.0,1.0,0.0,0.0,0.0,2,0,0
1992,45,13,32,0,22,5,18,14,12,2,0,0,0,0,0,0,0,0,0,0,0,0,0,1.0,1.0,1.0,0.0,0.0,0.0,2,0,0
1993,45,13,32,0,22,5,18,14,12,2,0,0,0,0,0,0,0,0,0,0,0,0,0,1.0,1.0,1.0,0.0,0.0,0.0,2,0,0
1994,45,13,32,0,22,5,18,14,12,2,0,0,0,0,0,0,0,0,0,0,0,0,0,1.0,1.0,1.0,0.0,0.0,0.0,2,0,0
1995,45,13,32,0,22,5,18,14,12,2,0,0,0,0,0,0,0,0,0,0,0,0,0,1.0,1.0,1.0,0.0,0.0,0.0,2,0,0
1996,45,13,32,0,22,5,18,14,12,2,0,0,0,0,0,0,0,0,0,0,0,2,0,1.0,1.0,1.0,0.0,0.0,0.0,2,0,0
1997,45,13,32,0,22,5,18,14,12,2,0,0,0,0,0,0,0,0,0,0,0,0,0,1.0,1.0,1.0,0.0,0.0,0.0,2,0,0
1998,45,13,32,0,22,5,18,14,12,2,0,0,0,0,0,0,0,0,0,0,0,0,0,1.0,1.0,1.0,0.0,0.0,0.0,2,0,0
1999,45,13,32,0,22,5,18,14,12,2,0,0,0,0,0,0,0,0,0,0,0,0,0,1.0,1.0,1.0,0.0,0.0,0.0,2,0,0
2000,45,13,32,0,20,7,18,14,12,2,0,0,0,0,0,0,0,0,0,0,0,0,0,1.0,1.0,1.0,0.0,0.0,0.0,2,0,0
2001,45,13,32,0,20,7,18,14,12,2,0,0,0,0,0,0,0,0,0,0,0,0,0,1.0,1.0,1.0,0.0,0.0,0.0,2,0,0
2002,45,13,32,0,20,7,18,14,12,2,0,0,0,0,0,0,0,0,0,0,0,0,0,1.0,1.0,1.0,0.0,0.0,0.0,2,0,0
2003,45,13,32,0,20,7,18,14,12,2,0,0,0,0,0,0,0,0,0,0,0,0,0,1.0,1.0,1.0,0.0,0.0,0.0,2,0,0
2004,45,13,32,0,20,7,18,14,12,2,0,0,0,0,0,0,0,0,0,0,0,0,0,1.0,1.0,1.0,0.0,0.0,0.0,2,0,0
2005,45,13,32,0,20,7,18,14,12,2,0,0,0,0,0,0,0,0,0,0,0,0,0,1.0,1.0,1.0,0.0,0.0,0.0,2,0,0
2006,45,13,32,0,20,7,18,14,12,2,0,0,0,0,0,0,0,0,0,0,0,0,0,1.0,1.0,1.0,0.0,0.0,0.0,2,0,0
2007,45,13,32,0,20,7,18,14,12,2,0,0,0,0,0,0,0,0,0,0,0,0,0,1.0,1.0,1.0,0.0,0.0,0.0,2,0,0
2008,44,12,32,0,20,7,17,14,12,2,0,0,0,1,0,0,0,0,0,0,0,0,1,1.0,0.75,1.0,0.0,0.0,0.0,2,0,1
2009,41,11,30,0,20,7,14,12,10,2,0,0,0,1,2,0,0,0,0,0,0,0,3,1.0,0.6666666666666667,0.8571428571428572,0.0,0.0,0.0,2,0,3
2010,38,11,27,0,20,7,11,9,9,0,0,0,0,0,3,0,0,0,0,0,0,0,3,1.0,1.0,0.75,0.0,0.0,0.0,2,0,3
2011,37,11,26,0,20,6,11,9,9,0,0,0,0,0,1,0,0,0,0,0,0,0,1,1.0,1.0,1.0,0.0,0.0,0.0,2,0,1
2012,36,11,25,0,19,6,11,9,9,0,0,0,0,0,1,0,0,0,0,0,1,0,1,0.95,1.0,1.0,0.0,0.0,0.0,2,0,1
2013,34,10,24,0,17,6,11,9,9,0,0,0,0,1,1,0,0,0,0,0,2,0,2,0.8947368421052632,1.0,1.0,0.0,0.0,0.0,2,0,2
2014,32,10,22,0,17,5,10,8,8,0,0,0,0,0,2,0,0,0,0,0,0,0,2,1.0,1.0,0.8888888888888888,0.0,0.0,0.0,2,0,2
2015,32,10,22,0,17,5,10,8,8,0,0,0,0,0,0,0,0,0,0,0,0,0,0,1.0,1.0,1.0,0.0,0.0,0.0,2,0,0
2016,32,10,22,0,17,5,10,8,8,0,0,0,0,0,0,0,0,0,0,0,0,0,0,1.0,1.0,1.0,0.0,0.0,0.0,2,0,0
2017,32,10,22,0,17,5,10,8,8,0,0,0,0,0,0,0,0,0,0,0,0,0,0,1.0,1.0,1.0,0.0,0.0,0.0,2,0,0
2018,31,9,22,0,17,5,9,8,8,0,0,0,0,0,0,0,0,0,0,0,0,0,0,1.0,0.5,1.0,0.0,0.0,0.0,2,0,1
2019,31,9,22,0,17,5,9,8,8,0,0,0,0,0,0,0,0,0,0,0,0,0,0,1.0,1.0,1.0,0.0,0.0,0.0,2,0,0
2020,31,9,22,0,17,5,9,8,8,0,0,0,0,0,0,0,0,0,0,0,0,0,0,1.0,1.0,1.0,0.0,0.0,0.0,2,0,0
2021,31,9,22,0,17,5,9,8,8,0,0,0,0,0,0,0,0,0,0,0,0,0,0,1.0,1.0,1.0,0.0,0.0,0.0,2,0,0
2022,31,9,22,0,17,5,9,8,8,0,0,0,0,0,0,0,0,0,0,0,0,0,0,1.0,1.0,1.0,0.0,0.0,0.0,2,0,0
2023,31,9,22,0,17,5,9,8,8,0,0,0,0,0,0,0,0,0,0,0,0,0,0,1.0,1.0,1.0,0.0,0.0,0.0,2,0,0
2024,31,9,22,0,17,5,9,8,8,0,0,0,0,0,0,0,0,0,0,0,0,0,0,1.0,1.0,1.0,0.0,0.0,0.0,2,0,0
2025,31,9,22,0,17,5,9,8,8,0,0,0,0,0,0,0,0,0,0,0,0,0,0,1.0,1.0,1.0,0.0,0.0,0.0,2,0,0
2026,31,9,22,0,17,5,9,8,8,0,0,0,0,0,0,0,0,0,0,0,0,0,0,1.0,1.0,1.0,0.0,0.0,0.0,2,0,0
2027,31,9,22,0,17,5,9,8,8,0,0,0,0,0,0,0,0,0,0,0,0,0,0,1.0,1.0,1.0,0.0,0.0,0.0,2,0,0
2028,31,9,22,0,17,5,9,8,8,0,0,0,0,0,0,0,0,0,0,0,0,0,0,1.0,1.0,1.0,0.0,0.0,0.0,2,0,0
2029,31,9,22,0,17,5,9,8,8,0,0,0,0,0,0,0,0,0,0,0,0,0,0,1.0,1.0,1.0,0.0,0.0,0.0,2,0,0
2030,31,9,22,0,17,5,9,8,8,0,0,0,0,0,0,0,0,0,0,0,0,0,0,1.0,1.0,1.0,0.0,0.0,0.0,2,0,0
2031,35,9,26,4,17,5,9,8,7,0,1,0,0,0,0,0,0,0,0,1,0,0,0,1.0,1.0,1.0,0.12903225806451613,0.12903225806451613,0.0,2,4,0
2032,35,9,26,4,17,5,9,8,7,0,1,0,0,0,0,0,0,0,0,0,0,0,0,1.0,1.0,1.0,0.0,0.0,0.0,2,0,0
2033,39,13,26,8,17,5,9,8,6,0,2,0,0,0,0,0,0,0,0,1,0,0,0,1.0,1.0,1.0,0.11428571428571428,0.11428571428571428,0.0,2,4,0
2034,39,13,26,8,17,4,10,8,6,0,2,0,0,0,0,0,0,0,0,0,0,0,0,1.0,1.0,1.0,0.0,0.0,0.0,2,0,0
2035,46,16,30,15,17,4,10,8,4,0,4,0,0,0,0,0,0,0,0,2,0,0,0,1.0,1.0,1.0,0.1794871794871795,0.1794871794871795,0.0,2,7,0
2036,46,16,30,15,17,4,10,8,4,0,4,0,0,0,0,0,0,0,0,0,0,0,0,1.0,1.0,1.0,0.0,0.0,0.0,2,0,0
2037,46,16,30,15,17,4,10,8,4,0,4,0,0,0,0,0,0,0,0,0,0,0,0,1.0,1.0,1.0,0.0,0.0,0.0,2,0,0
2038,46,16,30,15,17,4,10,8,4,0,4,0,0,0,0,0,0,0,0,0,0,0,0,1.0,1.0,1.0,0.0,0.0,0.0,2,0,0
2039,46,16,30,15,17,4,10,8,4,0,4,0,0,0,0,0,0,0,0,0,0,0,0,1.0,1.0,1.0,0.0,0.0,0.0,2,0,0
2040,46,16,30,15,17,4,10,8,4,0,4,0,0,0,0,0,0,0,0,0,0,0,0,1.0,1.0,1.0,0.0,0.0,0.0,2,0,0
2041,47,17,30,17,16,4,10,8,3,0,5,0,0,0,0,0,0,0,0,1,2,0,2,0.9375,1.0,1.0,0.06521739130434782,0.06521739130434782,0.0,2,3,2
2042,47,17,30,17,16,4,10,8,3,0,5,0,0,0,0,0,0,0,0,0,0,0,0,1.0,1.0,1.0,0.0,0.0,0.0,2,0,0
2043,47,17,30,17,16,4,10,8,3,0,5,0,0,0,0,0,0,0,0,0,0,0,0,1.0,1.0,1.0,0.0,0.0,0.0,2,0,0
2044,47,17,30,17,16,4,10,8,3,0,5,0,0,0,0,0,0,0,0,0,0,0,0,1.0,1.0,1.0,0.0,0.0,0.0,2,0,0
2045,47,17,30,17,16,4,10,8,3,0,5,0,0,0,0,0,0,0,0,0,0,0,0,1.0,1.0,1.0,0.0,0.0,0.0,2,0,0
2046,51,20,31,21,16,4,10,8,2,0,6,0,0,0,0,0,0,0,0,1,0,0,0,1.0,1.0,1.0,0.0851063829787234,0.0851063829787234,0.0,2,4,0
2047,50,19,31,20,16,4,10,8,2,0,6,0,0,0,0,0,0,0,0,0,1,0,1,0.972972972972973,1.0,1.0,0.0,0.0,0.0,2,0,1
2048,54,23,31,24,16,4,10,8,1,0,7,0,0,0,0,0,0,0,0,1,0,0,0,1.0,1.0,1.0,0.08,0.08,0.0,2,4,0
2049,54,23,31,24,16,4,10,8,1,0,7,0,0,0,0,0,0,0,0,0,0,0,0,1.0,1.0,1.0,0.0,0.0,0.0,2,0,0
2050,53,22,31,23,16,4,10,8,1,0,7,0,0,0,0,0,0,0,0,0,1,0,1,0.975,1.0,1.0,0.0,0.0,0.0,2,0,1
2051,55,23,32,26,15,4,10,8,0,0,8,0,0,0,0,0,0,0,0,1,2,0,2,0.9487179487179487,1.0,1.0,0.07547169811320754,0.07547169811320754,0.0,2,4,2
2052,55,23,32,26,15,4,10,8,0,0,8,0,0,0,0,0,0,0,0,0,0,0,0,1.0,1.0,1.0,0.0,0.0,0.0,2,0,0
2053,54,22,32,25,15,4,10,8,0,0,8,0,0,0,0,0,0,0,0,0,1,0,1,0.975609756097561,1.0,1.0,0.0,0.0,0.0,2,0,1
2054,52,20,32,23,15,4,10,8,0,0,8,0,0,0,0,0,0,0,0,0,2,0,2,0.95,1.0,1.0,0.0,0.0,0.0,2,0,2
2055,52,20,32,23,15,4,10,8,0,0,8,0,0,0,0,0,0,0,0,0,0,0,0,1.0,1.0,1.0,0.0,0.0,0.0,2,0,0
2056,52,20,32,23,15,4,10,8,0,0,8,0,0,0,0,0,0,0,0,0,0,0,0,1.0,1.0,1.0,0.0,0.0,0.0,2,0,0
2057,52,20,32,23,15,4,10,8,0,0,8,0,0,0,0,0,0,0,0,0,0,0,0,1.0,1.0,1.0,0.0,0.0,0.0,2,0,0
2058,50,19,31,22,14,4,10,8,0,0,8,0,0,0,0,0,0,0,0,0,2,0,2,0.9473684210526316,1.0,1.0,0.0,0.0,0.0,2,0,2
2059,49,18,31,21,14,4,10,8,0,0,8,0,0,0,0,0,0,0,0,0,1,0,1,0.9722222222222222,1.0,1.0,0.0,0.0,0.0,2,0,1
2060,47,16,31,19,14,4,10,8,0,0,8,0,0,0,0,0,0,0,0,0,2,0,2,0.9428571428571428,1.0,1.0,0.0,0.0,0.0,2,0,2
2061,47,16,31,19,14,4,10,8,0,0,8,0,0,0,0,0,0,0,0,0,0,0,0,1.0,1.0,1.0,0.0,0.0,0.0,2,0,0
2062,47,16,31,19,14,4,10,8,0,0,8,0,0,0,0,0,0,0,0,0,0,0,0,1.0,1.0,1.0,0.0,0.0,0.0,2,0,0
2063,47,16,31,19,14,3,11,9,1,0,8,0,0,0,0,0,6,1,0,0,0,0,0,1.0,1.0,1.0,0.0,0.0,0.16666666666666666,2,0,0
2064,47,16,31,19,14,3,11,9,1,0,8,0,0,0,0,0,0,0,0,0,0,0,0,1.0,1.0,1.0,0.0,0.0,0.0,2,0,0
2065,47,16,31,19,14,3,11,9,1,0,8,0,0,0,0,0,0,0,0,0,0,0,0,1.0,1.0,1.0,0.0,0.0,0.0,2,0,0
2066,47,16,31,19,14,3,11,9,1,0,8,0,0,0,0,0,0,0,0,0,0,0,0,1.0,1.0,1.0,0.0,0.0,0.0,2,0,0
2067,47,16,31,19,14,3,11,9,1,0,8,0,0,0,0,0,0,0,0,0,0,0,0,1.0,1.0,1.0,0.0,0.0,0.0,2,0,0
2068,47,16,31,19,14,3,11,9,1,0,8,0,0,0,0,0,0,0,0,0,0,0,0,1.0,1.0,1.0,0.0,0.0,0.0,2,0,0
2069,47,16,31,19,14,3,11,9,1,0,8,0,0,0,0,0,0,0,0,0,0,0,0,1.0,1.0,1.0,0.0,0.0,0.0,2,0,0
2070,47,16,31,19,14,3,11,9,1,0,8,0,0,0,0,0,0,0,0,0,0,0,0,1.0,1.0,1.0,0.0,0.0,0.0,2,0,0
2071,47,16,31,19,14,3,11,9,1,0,8,0,0,0,0,0,0,0,0,0,0,0,0,1.0,1.0,1.0,0.0,0.0,0.0,2,0,0
2072,46,15,31,18,14,3,11,9,1,0,8,0,0,0,0,0,0,0,0,0,1,0,1,0.9696969696969697,1.0,1.0,0.0,0.0,0.0,2,0,1
2073,46,15,31,18,14,3,11,9,1,0,8,0,0,0,0,0,0,0,0,0,0,0,0,1.0,1.0,1.0,0.0,0.0,0.0,2,0,0
2074,46,15,31,15,17,3,11,9,1,0,8,0,0,0,0,0,0,0,0,0,0,0,0,1.0,1.0,1.0,0.0,0.0,0.0,2,0,0
2075,45,14,31,15,16,3,11,9,1,0,8,0,0,0,0,0,0,0,0,0,1,0,1,0.96875,1.0,1.0,0.0,0.0,0.0,2,0,1
2076,44,13,31,12,18,3,11,9,1,0,7,0,0,0,0,0,0,0,0,0,1,0,1,0.967741935483871,1.0,1.0,0.0,0.0,0.0,2,0,1
2077,44,13,31,12,18,3,11,9,2,0,7,0,0,0,0,0,8,1,0,0,0,0,0,1.0,1.0,1.0,0.0,0.0,0.125,2,0,0
2078,44,13,31,9,21,3,11,9,2,0,6,0,0,0,0,0,0,0,0,0,0,0,0,1.0,1.0,1.0,0.0,0.0,0.0,2,0,0
2079,44,13,31,9,21,3,11,9,3,0,6,0,0,0,0,0,7,1,0,0,0,0,0,1.0,1.0,1.0,0.0,0.0,0.14285714285714285,2,0,0
2080,43,12,31,9,21,2,11,9,3,0,4,0,0,0,0,0,0,0,0,0,0,0,0,1.0,1.0,1.0,0.0,0.0,0.0,2,0,1
2081,43,12,31,9,21,2,11,9,4,1,4,0,0,0,0,0,9,1,1,0,0,0,0,1.0,1.0,1.0,0.0,0.0,0.1111111111111111,2,0,0
2082,43,12,31,9,21,2,11,9,4,1,4,0,0,0,0,0,0,0,0,0,0,0,0,1.0,1.0,1.0,0.0,0.0,0.0,2,0,0
2083,43,12,31,9,21,2,11,9,4,1,4,0,0,0,0,0,0,0,0,0,0,0,0,1.0,1.0,1.0,0.0,0.0,0.0,2,0,0
2084,43,12,31,8,22,2,11,9,4,1,4,0,0,0,0,0,0,0,0,0,0,0,0,1.0,1.0,1.0,0.0,0.0,0.0,2,0,0
2085,43,12,31,8,22,2,11,9,4,1,4,0,0,0,0,0,0,0,0,0,0,0,0,1.0,1.0,1.0,0.0,0.0,0.0,2,0,0
2086,43,12,31,8,22,2,11,9,4,1,3,0,0,0,0,0,0,0,0,0,0,0,0,1.0,1.0,1.0,0.0,0.0,0.0,2,0,0
2087,43,12,31,8,22,2,11,9,5,1,3,0,0,0,0,0,5,1,0,0,0,0,0,1.0,1.0,1.0,0.0,0.0,0.2,2,0,0
2088,43,12,31,8,22,2,11,9,5,1,3,0,0,0,0,0,0,0,0,0,0,0,0,1.0,1.0,1.0,0.0,0.0,0.0,2,0,0
2089,43,12,31,5,25,2,11,9,5,1,3,0,0,0,0,0,0,0,0,0,0,0,0,1.0,1.0,1.0,0.0,0.0,0.0,2,0,0
2090,41,11,30,4,24,2,11,9,5,1,3,0,0,0,0,0,0,0,0,0,2,0,2,0.9333333333333333,1.0,1.0,0.0,0.0,0.0,2,0,2
2091,41,11,30,3,25,2,11,9,5,1,2,0,0,0,0,0,0,0,0,0,0,0,0,1.0,1.0,1.0,0.0,0.0,0.0,2,0,0
2092,41,11,30,3,25,2,11,9,5,1,2,0,0,0,0,0,2,0,0,0,0,0,0,1.0,1.0,1.0,0.0,0.0,0.0,2,0,0
2093,41,11,30,3,25,2,11,9,6,1,1,0,0,0,0,0,6,1,0,0,0,0,0,1.0,1.0,1.0,0.0,0.0,0.16666666666666666,2,0,0
2094,41,11,30,0,28,2,11,9,7,1,1,0,0,0,0,0,8,1,0,0,0,0,0,1.0,1.0,1.0,0.0,0.0,0.125,2,0,0
2095,41,11,30,0,28,2,11,9,7,1,1,0,0,0,0,0,0,0,0,0,0,0,0,1.0,1.0,1.0,0.0,0.0,0.0,2,0,0
2096,41,11,30,0,28,1,12,9,7,1,0,0,0,0,0,0,0,0,0,0,0,0,0,1.0,1.0,1.0,0.0,0.0,0.0,2,0,0
2097,41,11,30,0,28,1,12,9,8,1,0,0,0,0,0,0,5,1,0,0,0,0,0,1.0,1.0,1.0,0.0,0.0,0.2,2,0,0
2098,40,11,29,0,27,1,12,9,8,1,0,0,0,0,0,0,0,0,0,0,1,0,1,0.9642857142857143,1.0,1.0,0.0,0.0,0.0,2,0,1
2099,38,11,27,0,26,1,11,8,8,0,0,0,0,0,2,0,0,0,0,0,1,0,2,0.962962962962963,1.0,0.8888888888888888,0.0,0.0,0.0,2,0,2
2100,38,11,27,0,26,1,11,8,8,0,0,0,0,0,0,0,0,0,0,0,0,1,0,1.0,1.0,1.0,0.0,0.0,0.0,2,0,0
2101,37,11,26,0,26,1,10,7,7,0,0,0,0,0,1,0,0,0,0,0,0,2,1,1.0,1.0,0.875,0.0,0.0,0.0,2,0,1
2102,35,11,24,0,25,1,9,6,6,0,0,0,0,0,2,0,0,0,0,0,1,0,2,0.9615384615384616,1.0,0.8571428571428572,0.0,0.0,0.0,2,0,2
2103,34,11,23,0,25,1,8,5,5,0,0,0,0,0,1,0,0,0,0,0,0,0,1,1.0,1.0,0.8333333333333334,0.0,0.0,0.0,2,0,1
2104,34,11,23,0,24,2,8,5,5,0,0,0,0,0,0,0,0,0,0,0,0,1,0,1.0,1.0,1.0,0.0,0.0,0.0,2,0,0
2105,33,10,23,0,22,4,7,5,5,0,0,0,0,1,0,0,0,0,0,0,0,0,1,1.0,0.6666666666666667,1.0,0.0,0.0,0.0,2,0,1
2106,33,10,23,0,22,4,7,5,5,0,0,0,0,0,0,0,0,0,0,0,0,0,0,1.0,1.0,1.0,0.0,0.0,0.0,2,0,0
2107,33,10,23,0,22,4,7,5,5,0,0,0,0,0,0,0,0,0,0,0,0,0,0,1.0,1.0,1.0,0.0,0.0,0.0,2,0,0
2108,33,10,23,0,21,5,7,5,5,0,0,0,0,0,0,0,0,0,0,0,0,0,0,1.0,1.0,1.0,0.0,0.0,0.0,2,0,0
2109,33,10,23,0,21,5,7,5,5,0,0,0,0,0,0,0,0,0,0,0,0,1,0,1.0,1.0,1.0,0.0,0.0,0.0,2,0,0
2110,33,10,23,0,21,5,7,5,5,0,0,0,0,0,0,0,0,0,0,0,0,0,0,1.0,1.0,1.0,0.0,0.0,0.0,2,0,0
2111,33,10,23,0,21,5,7,5,5,0,0,0,0,0,0,0,0,0,0,0,0,0,0,1.0,1.0,1.0,0.0,0.0,0.0,2,0,0
2112,33,10,23,0,21,5,7,5,5,0,0,0,0,0,0,0,0,0,0,0,0,0,0,1.0,1.0,1.0,0.0,0.0,0.0,2,0,0
2113,33,10,23,0,20,6,7,5,5,0,0,0,0,0,0,0,0,0,0,0,0,2,0,1.0,1.0,1.0,0.0,0.0,0.0,2,0,0
2114,33,10,23,0,20,6,7,5,5,0,0,0,0,0,0,0,0,0,0,0,0,0,0,1.0,1.0,1.0,0.0,0.0,0.0,2,0,0
2115,33,10,23,0,20,6,7,5,5,0,0,0,0,0,0,0,0,0,0,0,0,3,0,1.0,1.0,1.0,0.0,0.0,0.0,2,0,0
2116,33,10,23,0,20,6,7,5,5,0,0,0,0,0,0,0,0,0,0,0,0,2,0,1.0,1.0,1.0,0.0,0.0,0.0,2,0,0
2117,33,10,23,0,18,8,7,5,5,0,0,0,0,0,0,0,0,0,0,0,0,0,0,1.0,1.0,1.0,0.0,0.0,0.0,2,0,0
2118,33,10,23,0,18,8,7,5,5,0,0,0,0,0,0,0,0,0,0,0,0,0,0,1.0,1.0,1.0,0.0,0.0,0.0,2,0,0
2119,33,10,23,0,15,11,7,5,5,0,0,0,0,0,0,0,0,0,0,0,0,0,0,1.0,1.0,1.0,0.0,0.0,0.0,2,0,0
2120,33,10,23,0,13,13,7,5,5,0,0,0,0,0,0,0,0,0,0,0,0,0,0,1.0,1.0,1.0,0.0,0.0,0.0,2,0,0
2121,33,10,23,0,13,13,7,5,5,0,0,0,0,0,0,0,0,0,0,0,0,0,0,1.0,1.0,1.0,0.0,0.0,0.0,2,0,0
2122,33,10,23,0,13,13,7,5,5,0,0,0,0,0,0,0,0,0,0,0,0,0,0,1.0,1.0,1.0,0.0,0.0,0.0,2,0,0
2123,33,10,23,0,13,13,7,5,5,0,0,0,0,0,0,0,0,0,0,0,0,0,0,1.0,1.0,1.0,0.0,0.0,0.0,2,0,0
2124,33,10,23,0,13,13,7,5,5,0,0,0,0,0,0,0,0,0,0,0,0,0,0,1.0,1.0,1.0,0.0,0.0,0.0,2,0,0
2125,33,10,23,0,13,13,7,5,5,0,0,0,0,0,0,0,0,0,0,0,0,0,0,1.0,1.0,1.0,0.0,0.0,0.0,2,0,0
2126,33,10,23,0,13,13,7,5,5,0,0,0,0,0,0,0,0,0,0,0,0,0,0,1.0,1.0,1.0,0.0,0.0,0.0,2,0,0
2127,33,10,23,0,13,13,7,5,5,0,0,0,0,0,0,0,0,0,0,0,0,0,0,1.0,1.0,1.0,0.0,0.0,0.0,2,0,0
2128,37,13,24,4,13,13,7,5,4,0,1,0,0,0,0,0,0,0,0,1,0,0,0,1.0,1.0,1.0,0.12121212121212122,0.12121212121212122,0.0,2,4,0
2129,37,13,24,4,13,13,7,5,4,0,1,0,0,0,0,0,0,0,0,0,0,0,0,1.0,1.0,1.0,0.0,0.0,0.0,2,0,0
2130,37,13,24,4,13,13,7,5,4,0,1,0,0,0,0,0,0,0,0,0,0,0,0,1.0,1.0,1.0,0.0,0.0,0.0,2,0,0
2131,37,13,24,4,13,13,7,5,4,0,1,0,0,0,0,0,0,0,0,0,0,0,0,1.0,1.0,1.0,0.0,0.0,0.0,2,0,0
2132,37,13,24,4,13,13,7,5,4,0,1,0,0,0,0,0,0,0,0,0,0,0,0,1.0,1.0,1.0,0.0,0.0,0.0,2,0,0
2133,37,13,24,4,13,13,7,5,4,0,1,0,0,0,0,0,0,0,0,0,0,0,0,1.0,1.0,1.0,0.0,0.0,0.0,2,0,0
2134,37,13,24,4,13,13,7,5,4,0,1,0,0,0,0,0,0,0,0,0,0,0,0,1.0,1.0,1.0,0.0,0.0,0.0,2,0,0
2135,37,13,24,4,13,13,7,5,4,0,1,0,0,0,0,0,0,0,0,0,0,0,0,1.0,1.0,1.0,0.0,0.0,0.0,2,0,0
2136,37,13,24,4,13,13,7,5,4,0,1,0,0,0,0,0,0,0,0,0,0,0,0,1.0,1.0,1.0,0.0,0.0,0.0,2,0,0
2137,37,13,24,4,13,13,7,5,4,0,1,0,0,0,0,0,0,0,0,0,0,0,0,1.0,1.0,1.0,0.0,0.0,0.0,2,0,0
2138,37,13,24,4,13,13,7,5,4,0,1,0,0,0,0,0,0,0,0,0,0,0,0,1.0,1.0,1.0,0.0,0.0,0.0,2,0,0
2139,37,13,24,4,13,13,7,5,4,0,1,0,0,0,0,0,0,0,0,0,0,0,0,1.0,1.0,1.0,0.0,0.0,0.0,2,0,0
2140,37,13,24,4,13,13,7,5,4,0,1,0,0,0,0,0,0,0,0,0,0,0,0,1.0,1.0,1.0,0.0,0.0,0.0,2,0,0
2141,37,13,24,4,13,13,7,5,4,0,1,0,0,0,0,0,0,0,0,0,0,0,0,1.0,1.0,1.0,0.0,0.0,0.0,2,0,0
2142,41,15,26,8,13,13,7,5,3,0,2,0,0,0,0,0,0,0,0,1,0,0,0,1.0,1.0,1.0,0.10810810810810811,0.10810810810810811,0.0,2,4,0
2143,41,15,26,8,13,13,7,5,3,0,2,0,0,0,0,0,0,0,0,0,0,0,0,1.0,1.0,1.0,0.0,0.0,0.0,2,0,0
2144,41,15,26,8,13,13,7,5,3,0,2,0,0,0,0,0,0,0,0,0,0,0,0,1.0,1.0,1.0,0.0,0.0,0.0,2,0,0
2145,41,15,26,8,13,13,7,5,3,0,2,0,0,0,0,0,0,0,0,0,0,0,0,1.0,1.0,1.0,0.0,0.0,0.0,2,0,0
2146,44,17,27,11,13,13,7,5,2,0,3,0,0,0,0,0,0,0,0,1,0,0,0,1.0,1.0,1.0,0.07317073170731707,0.07317073170731707,0.0,2,3,0
2147,44,17,27,11,13,13,7,5,2,0,3,0,0,0,0,0,0,0,0,0,0,0,0,1.0,1.0,1.0,0.0,0.0,0.0,2,0,0
2148,44,17,27,11,13,13,7,5,2,0,3,0,0,0,0,0,0,0,0,0,0,0,0,1.0,1.0,1.0,0.0,0.0,0.0,2,0,0
2149,44,17,27,11,13,13,7,5,2,0,3,0,0,0,0,0,0,0,0,0,0,0,0,1.0,1.0,1.0,0.0,0.0,0.0,2,0,0
2150,44,17,27,11,13,13,7,5,2,0,3,0,0,0,0,0,0,0,0,0,0,0,0,1.0,1.0,1.0,0.0,0.0,0.0,2,0,0
2151,44,17,27,11,13,13,7,5,2,0,3,0,0,0,0,0,0,0,0,0,0,0,0,1.0,1.0,1.0,0.0,0.0,0.0,2,0,0
2152,44,17,27,11,13,13,7,5,2,0,3,0,0,0,0,0,0,0,0,0,0,0,0,1.0,1.0,1.0,0.0,0.0,0.0,2,0,0
2153,44,17,27,11,13,13,7,5,2,0,3,0,0,0,0,0,0,0,0,0,0,0,0,1.0,1.0,1.0,0.0,0.0,0.0,2,0,0
2154,44,17,27,11,13,13,7,5,2,0,3,0,0,0,0,0,0,0,0,0,0,0,0,1.0,1.0,1.0,0.0,0.0,0.0,2,0,0
2155,44,17,27,11,13,13,7,5,2,0,3,0,0,0,0,0,0,0,0,0,0,0,0,1.0,1.0,1.0,0.0,0.0,0.0,2,0,0
2156,44,17,27,11,13,13,7,5,2,0,3,0,0,0,0,0,0,0,0,0,0,0,0,1.0,1.0,1.0,0.0,0.0,0.0,2,0,0
2157,44,17,27,11,13,12,8,6,2,0,3,0,0,0,0,0,0,0,0,0,0,0,0,1.0,1.0,1.0,0.0,0.0,0.0,2,0,0
2158,48,20,28,15,13,12,8,6,1,0,4,0,0,0,0,0,0,0,0,1,0,0,0,1.0,1.0,1.0,0.09090909090909091,0.09090909090909091,0.0,2,4,0
2159,51,19,32,19,13,11,8,6,0,0,5,0,0,0,0,0,0,0,0,1,0,0,0,1.0,1.0,1.0,0.08333333333333333,0.08333333333333333,0.0,2,4,1
2160,51,19,32,19,13,11,8,6,0,0,5,0,0,0,0,0,0,0,0,0,0,0,0,1.0,1.0,1.0,0.0,0.0,0.0,2,0,0
2161,51,19,32,19,13,11,8,6,0,0,5,0,0,0,0,0,0,0,0,0,0,0,0,1.0,1.0,1.0,0.0,0.0,0.0,2,0,0
2162,51,19,32,19,13,11,8,6,0,0,5,0,0,0,0,0,0,0,0,0,0,0,0,1.0,1.0,1.0,0.0,0.0,0.0,2,0,0
2163,49,18,31,17,13,11,8,6,0,0,5,0,0,0,0,0,0,0,0,0,2,0,2,0.9375,1.0,1.0,0.0,0.0,0.0,2,0,2
2164,49,18,31,17,13,11,8,6,0,0,5,0,0,0,0,0,0,0,0,0,0,0,0,1.0,1.0,1.0,0.0,0.0,0.0,2,0,0
2165,49,18,31,17,13,11,8,6,0,0,5,0,0,0,0,0,0,0,0,0,0,0,0,1.0,1.0,1.0,0.0,0.0,0.0,2,0,0
2166,49,18,31,17,13,11,8,6,0,0,5,0,0,0,0,0,0,0,0,0,0,0,0,1.0,1.0,1.0,0.0,0.0,0.0,2,0,0
2167,49,18,31,17,13,11,8,6,0,0,5,0,0,0,0,0,0,0,0,0,0,0,0,1.0,1.0,1.0,0.0,0.0,0.0,2,0,0
2168,49,18,31,17,13,11,8,6,0,0,5,0,0,0,0,0,0,0,0,0,0,0,0,1.0,1.0,1.0,0.0,0.0,0.0,2,0,0
2169,49,18,31,17,13,11,8,6,0,0,5,0,0,0,0,0,0,0,0,0,0,0,0,1.0,1.0,1.0,0.0,0.0,0.0,2,0,0
2170,49,18,31,17,13,11,8,6,0,0,5,0,0,0,0,0,0,0,0,0,0,0,0,1.0,1.0,1.0,0.0,0.0,0.0,2,0,0
2171,48,18,30,12,17,11,8,6,0,0,5,0,0,0,0,0,0,0,0,0,1,0,1,0.9666666666666667,1.0,1.0,0.0,0.0,0.0,2,0,1
2172,48,18,30,12,17,11,8,6,0,0,5,0,0,0,0,0,0,0,0,0,0,0,0,1.0,1.0,1.0,0.0,0.0,0.0,2,0,0
2173,47,17,30,12,16,11,8,6,0,0,4,0,0,0,0,0,0,0,0,0,1,0,1,0.9655172413793104,1.0,1.0,0.0,0.0,0.0,2,0,1
2174,47,17,30,12,16,11,8,6,0,0,4,0,0,0,0,0,0,0,0,0,0,0,0,1.0,1.0,1.0,0.0,0.0,0.0,2,0,0
2175,47,17,30,12,16,11,8,6,0,0,4,0,0,0,0,0,0,0,0,0,0,0,0,1.0,1.0,1.0,0.0,0.0,0.0,2,0,0
2176,47,17,30,12,16,11,8,6,0,0,4,0,0,0,0,0,0,0,0,0,0,0,0,1.0,1.0,1.0,0.0,0.0,0.0,2,0,0
2177,47,17,30,12,16,11,8,6,0,0,4,0,0,0,0,0,0,0,0,0,0,0,0,1.0,1.0,1.0,0.0,0.0,0.0,2,0,0
2178,47,17,30,12,16,11,8,6,0,0,4,0,0,0,0,0,0,0,0,0,0,0,0,1.0,1.0,1.0,0.0,0.0,0.0,2,0,0
2179,47,17,30,12,16,11,8,6,0,0,4,0,0,0,0,0,0,0,0,0,0,0,0,1.0,1.0,1.0,0.0,0.0,0.0,2,0,0
2180,47,17,30,12,16,11,8,6,0,0,4,0,0,0,0,0,0,0,0,0,0,0,0,1.0,1.0,1.0,0.0,0.0,0.0,2,0,0
2181,47,17,30,12,16,11,8,6,0,0,4,0,0,0,0,0,0,0,0,0,0,0,0,1.0,1.0,1.0,0.0,0.0,0.0,2,0,0
2182,47,17,30,12,16,11,8,6,0,0,4,0,0,0,0,0,0,0,0,0,0,0,0,1.0,1.0,1.0,0.0,0.0,0.0,2,0,0
2183,46,17,29,12,15,11,8,6,0,0,4,0,0,0,0,0,0,0,0,0,1,0,1,0.9642857142857143,1.0,1.0,0.0,0.0,0.0,2,0,1
2184,46,17,29,12,15,11,8,6,0,0,4,0,0,0,0,0,0,0,0,0,0,0,0,1.0,1.0,1.0,0.0,0.0,0.0,2,0,0
2185,46,17,29,8,19,11,8,6,0,0,4,0,0,0,0,0,0,0,0,0,0,0,0,1.0,1.0,1.0,0.0,0.0,0.0,2,0,0
2186,46,17,29,8,19,11,8,6,0,0,4,0,0,0,0,0,0,0,0,0,0,0,0,1.0,1.0,1.0,0.0,0.0,0.0,2,0,0
2187,45,17,28,7,19,11,8,6,0,0,3,0,0,0,0,0,0,0,0,0,1,0,1,0.962962962962963,1.0,1.0,0.0,0.0,0.0,2,0,1
2188,45,17,28,7,19,11,8,6,0,0,3,0,0,0,0,0,0,0,0,0,0,0,0,1.0,1.0,1.0,0.0,0.0,0.0,2,0,0
2189,45,17,28,4,22,11,8,6,0,0,3,0,0,0,0,0,0,0,0,0,0,0,0,1.0,1.0,1.0,0.0,0.0,0.0,2,0,0
2190,43,16,27,3,22,11,7,5,0,0,3,0,0,1,1,0,0,0,0,0,1,0,2,0.9615384615384616,1.0,0.8333333333333334,0.0,0.0,0.0,2,0,2
2191,41,16,25,3,20,11,7,5,0,0,2,0,0,0,2,0,0,0,0,0,2,0,2,0.92,1.0,1.0,0.0,0.0,0.0,2,0,2
2192,40,16,24,3,19,11,7,5,0,0,2,0,0,0,1,0,0,0,0,0,1,0,1,0.9565217391304348,1.0,1.0,0.0,0.0,0.0,2,0,1
2193,39,15,24,3,18,11,7,5,0,0,2,0,0,0,0,0,0,0,0,0,1,0,1,0.9545454545454546,1.0,1.0,0.0,0.0,0.0,2,0,1
2194,35,13,22,3,16,10,6,5,0,0,2,0,0,2,2,0,0,0,0,0,2,0,4,0.9047619047619048,0.5,1.0,0.0,0.0,0.0,2,0,4
2195,33,13,20,3,16,8,6,5,0,0,2,0,0,0,2,0,0,0,0,0,0,0,2,1.0,1.0,1.0,0.0,0.0,0.0,2,0,2
2196,33,13,20,3,16,8,6,5,0,0,2,0,0,0,0,0,0,0,0,0,0,0,0,1.0,1.0,1.0,0.0,0.0,0.0,2,0,0
2197,33,13,20,3,16,8,6,5,0,0,2,0,0,0,0,0,0,0,0,0,0,0,0,1.0,1.0,1.0,0.0,0.0,0.0,2,0,0
2198,33,13,20,3,16,8,6,5,0,0,2,0,0,0,0,0,0,0,0,0,0,0,0,1.0,1.0,1.0,0.0,0.0,0.0,2,0,0
2199,33,13,20,3,16,8,6,5,0,0,2,0,0,0,0,0,0,0,0,0,0,0,0,1.0,1.0,1.0,0.0,0.0,0.0,2,0,0
2200,33,13,20,3,16,8,6,5,0,0,2,0,0,0,0,0,0,0,0,0,0,0,0,1.0,1.0,1.0,0.0,0.0,0.0,2,0,0
2201,33,13,20,2,17,8,6,5,0,0,2,0,0,0,0,0,0,0,0,0,0,0,0,1.0,1.0,1.0,0.0,0.0,0.0,2,0,0
2202,33,13,20,0,19,8,6,5,0,0,2,0,0,0,0,0,0,0,0,0,0,0,0,1.0,1.0,1.0,0.0,0.0,0.0,2,0,0
2203,33,13,20,0,19,8,6,5,0,0,1,0,0,0,0,0,0,0,0,0,0,0,0,1.0,1.0,1.0,0.0,0.0,0.0,2,0,0
2204,33,13,20,0,19,8,6,5,0,0,0,0,0,0,0,0,0,0,0,0,0,0,0,1.0,1.0,1.0,0.0,0.0,0.0,2,0,0
2205,33,13,20,0,19,8,6,5,0,0,0,0,0,0,0,0,0,0,0,0,0,0,0,1.0,1.0,1.0,0.0,0.0,0.0,2,0,0
2206,33,13,20,0,19,8,6,5,0,0,0,0,0,0,0,0,0,0,0,0,0,0,0,1.0,1.0,1.0,0.0,0.0,0.0,2,0,0
2207,33,13,20,0,19,8,6,5,0,0,0,0,0,0,0,0,0,0,0,0,0,0,0,1.0,1.0,1.0,0.0,0.0,0.0,2,0,0
2208,33,13,20,0,19,8,6,5,0,0,0,0,0,0,0,0,0,0,0,0,0,0,0,1.0,1.0,1.0,0.0,0.0,0.0,2,0,0
2209,33,13,20,0,19,8,6,5,0,0,0,0,0,0,0,0,0,0,0,0,0,0,0,1.0,1.0,1.0,0.0,0.0,0.0,2,0,0
2210,33,13,20,0,19,8,6,5,0,0,0,0,0,0,0,0,0,0,0,0,0,0,0,1.0,1.0,1.0,0.0,0.0,0.0,2,0,0
2211,33,13,20,0,19,8,6,5,0,0,0,0,0,0,0,0,0,0,0,0,0,0,0,1.0,1.0,1.0,0.0,0.0,0.0,2,0,0
2212,33,13,20,0,19,8,6,5,0,0,0,0,0,0,0,0,0,0,0,0,0,0,0,1.0,1.0,1.0,0.0,0.0,0.0,2,0,0
2213,33,13,20,0,19,7,7,6,0,0,0,0,0,0,0,0,0,0,0,0,0,2,0,1.0,1.0,1.0,0.0,0.0,0.0,2,0,0
2214,33,13,20,0,19,7,7,6,0,0,0,0,0,0,0,0,0,0,0,0,0,0,0,1.0,1.0,1.0,0.0,0.0,0.0,2,0,0
2215,33,13,20,0,19,7,7,6,0,0,0,0,0,0,0,0,0,0,0,0,0,1,0,1.0,1.0,1.0,0.0,0.0,0.0,2,0,0
2216,33,13,20,0,19,7,7,6,0,0,0,0,0,0,0,0,0,0,0,0,0,0,0,1.0,1.0,1.0,0.0,0.0,0.0,2,0,0
2217,32,12,20,0,16,9,7,6,0,0,0,0,0,0,0,0,0,0,0,0,1,0,1,0.9411764705882353,1.0,1.0,0.0,0.0,0.0,2,0,1
2218,32,12,20,0,16,9,7,6,0,0,0,0,0,0,0,0,0,0,0,0,0,0,0,1.0,1.0,1.0,0.0,0.0,0.0,2,0,0
2219,32,12,20,0,15,10,7,6,0,0,0,0,0,0,0,0,0,0,0,0,0,0,0,1.0,1.0,1.0,0.0,0.0,0.0,2,0,0
2220,32,12,20,0,15,10,7,6,0,0,0,0,0,0,0,0,1,0,0,0,0,0,0,1.0,1.0,1.0,0.0,0.0,0.0,2,0,0
2221,32,12,20,0,15,10,7,6,0,0,0,0,0,0,0,0,3,0,0,0,0,0,0,1.0,1.0,1.0,0.0,0.0,0.0,2,0,0
2222,32,12,20,0,15,10,7,6,2,1,0,0,0,0,0,0,8,2,1,0,0,0,0,1.0,1.0,1.0,0.0,0.0,0.25,2,0,0
2223,32,12,20,0,15,10,7,6,3,1,0,0,0,0,0,0,3,1,0,0,0,0,0,1.0,1.0,1.0,0.0,0.0,0.3333333333333333,2,0,0
2224,32,12,20,0,15,10,7,6,3,1,0,0,0,0,0,0,2,0,0,0,0,0,0,1.0,1.0,1.0,0.0,0.0,0.0,2,0,0
2225,32,12,20,0,15,10,7,6,3,1,0,0,0,0,0,0,0,0,0,0,0,0,0,1.0,1.0,1.0,0.0,0.0,0.0,2,0,0
2226,32,12,20,0,15,10,7,6,3,1,0,0,0,0,0,0,0,0,0,0,0,1,0,1.0,1.0,1.0,0.0,0.0,0.0,2,0,0
2227,32,12,20,0,15,10,7,6,3,1,0,0,0,0,0,0,0,0,0,0,0,0,0,1.0,1.0,1.0,0.0,0.0,0.0,2,0,0
2228,32,12,20,0,15,10,7,6,3,1,0,0,0,0,0,0,0,0,0,0,0,1,0,1.0,1.0,1.0,0.0,0.0,0.0,2,0,0
2229,32,12,20,0,15,10,7,6,3,1,0,0,0,0,0,0,0,0,0,0,0,0,0,1.0,1.0,1.0,0.0,0.0,0.0,2,0,0
2230,32,12,20,0,14,10,8,7,3,1,0,0,0,0,0,0,0,0,0,0,0,0,0,1.0,1.0,1.0,0.0,0.0,0.0,2,0,0
2231,32,12,20,0,14,10,8,7,3,1,0,0,0,0,0,0,0,0,0,0,0,2,0,1.0,1.0,1.0,0.0,0.0,0.0,2,0,0
2232,32,12,20,0,13,11,8,7,3,1,0,0,0,0,0,0,0,0,0,0,0,0,0,1.0,1.0,1.0,0.0,0.0,0.0,2,0,0
2233,32,12,20,0,13,11,8,7,4,1,0,0,0,0,0,0,6,1,0,0,0,0,0,1.0,1.0,1.0,0.0,0.0,0.16666666666666666,2,0,0
2234,32,12,20,0,13,11,8,7,5,1,0,0,0,0,0,0,5,1,0,0,0,0,0,1.0,1.0,1.0,0.0,0.0,0.2,2,0,0
2235,32,12,20,0,11,13,8,7,6,1,0,0,0,0,0,0,6,1,0,0,0,0,0,1.0,1.0,1.0,0.0,0.0,0.16666666666666666,2,0,0
2236,32,12,20,0,11,13,8,7,6,1,0,0,0,0,0,0,0,0,0,0,0,0,0,1.0,1.0,1.0,0.0,0.0,0.0,2,0,0
2237,32,12,20,0,11,13,8,7,6,1,0,0,0,0,0,0,0,0,0,0,0,0,0,1.0,1.0,1.0,0.0,0.0,0.0,2,0,0
2238,31,12,19,0,11,12,8,7,6,1,0,0,0,0,0,0,0,0,0,0,0,0,0,1.0,1.0,1.0,0.0,0.0,0.0,2,0,1
2239,31,12,19,0,11,12,8,7,6,1,0,0,0,0,0,0,0,0,0,0,0,0,0,1.0,1.0,1.0,0.0,0.0,0.0,2,0,0
2240,31,12,19,0,11,11,9,7,6,1,0,0,0,0,0,0,0,0,0,0,0,0,0,1.0,1.0,1.0,0.0,0.0,0.0,2,0,0
2241,31,12,19,0,11,11,9,7,6,1,0,0,0,0,0,0,0,0,0,0,0,0,0,1.0,1.0,1.0,0.0,0.0,0.0,2,0,0
2242,31,12,19,0,11,11,9,7,6,1,0,0,0,0,0,0,0,0,0,0,0,0,0,1.0,1.0,1.0,0.0,0.0,0.0,2,0,0
2243,31,12,19,0,11,11,9,7,6,1,0,0,0,0,0,0,0,0,0,0,0,0,0,1.0,1.0,1.0,0.0,0.0,0.0,2,0,0
2244,31,12,19,0,11,11,9,7,6,1,0,0,0,0,0,0,0,0,0,0,0,0,0,1.0,1.0,1.0,0.0,0.0,0.0,2,0,0
2245,31,12,19,0,11,11,9,7,6,1,0,0,0,0,0,0,0,0,0,0,0,0,0,1.0,1.0,1.0,0.0,0.0,0.0,2,0,0
2246,31,12,19,0,11,11,9,7,6,1,0,0,0,0,0,0,0,0,0,0,0,0,0,1.0,1.0,1.0,0.0,0.0,0.0,2,0,0
2247,31,12,19,0,11,11,9,7,6,1,0,0,0,0,0,0,0,0,0,0,0,0,0,1.0,1.0,1.0,0.0,0.0,0.0,2,0,0
2248,31,12,19,0,11,11,9,7,6,1,0,0,0,0,0,0,0,0,0,0,0,0,0,1.0,1.0,1.0,0.0,0.0,0.0,2,0,0
2249,31,12,19,0,11,11,9,7,6,1,0,0,0,0,0,0,0,0,0,0,0,0,0,1.0,1.0,1.0,0.0,0.0,0.0,2,0,0
2250,31,12,19,0,11,11,9,7,6,1,0,0,0,0,0,0,0,0,0,0,0,0,0,1.0,1.0,1.0,0.0,0.0,0.0,2,0,0
2251,31,12,19,0,11,11,9,7,6,1,0,0,0,0,0,0,0,0,0,0,0,0,0,1.0,1.0,1.0,0.0,0.0,0.0,2,0,0
2252,31,12,19,0,11,10,10,7,6,1,0,0,0,0,0,0,0,0,0,0,0,0,0,1.0,1.0,1.0,0.0,0.0,0.0,2,0,0
2253,31,12,19,0,11,10,10,7,6,1,0,0,0,0,0,0,0,0,0,0,0,0,0,1.0,1.0,1.0,0.0,0.0,0.0,2,0,0
2254,31,12,19,0,11,10,10,7,6,1,0,0,0,0,0,0,0,0,0,0,0,0,0,1.0,1.0,1.0,0.0,0.0,0.0,2,0,0
2255,31,12,19,0,11,8,12,9,6,1,0,0,0,0,0,0,0,0,0,0,0,0,0,1.0,1.0,1.0,0.0,0.0,0.0,2,0,0
2256,31,12,19,0,11,8,12,9,6,1,0,0,0,0,0,0,0,0,0,0,0,0,0,1.0,1.0,1.0,0.0,0.0,0.0,2,0,0
2257,31,12,19,0,11,8,12,9,6,1,0,0,0,0,0,0,0,0,0,0,0,0,0,1.0,1.0,1.0,0.0,0.0,0.0,2,0,0
2258,31,12,19,0,11,8,12,9,6,1,0,0,0,0,0,0,0,0,0,0,0,0,0,1.0,1.0,1.0,0.0,0.0,0.0,2,0,0
2259,31,12,19,0,11,8,12,9,7,1,0,0,0,0,0,0,12,1,0,0,0,0,0,1.0,1.0,1.0,0.0,0.0,0.08333333333333333,2,0,0
2260,31,12,19,0,11,8,12,9,8,1,0,0,0,0,0,0,5,1,0,0,0,0,0,1.0,1.0,1.0,0.0,0.0,0.2,2,0,0
2261,31,12,19,0,11,8,12,9,8,1,0,0,0,0,0,0,0,0,0,0,0,0,0,1.0,1.0,1.0,0.0,0.0,0.0,2,0,0
2262,31,12,19,0,11,8,12,9,8,1,0,0,0,0,0,0,0,0,0,0,0,0,0,1.0,1.0,1.0,0.0,0.0,0.0,2,0,0
2263,31,12,19,0,11,8,12,9,8,1,0,0,0,0,0,0,0,0,0,0,0,0,0,1.0,1.0,1.0,0.0,0.0,0.0,2,0,0
2264,31,12,19,0,11,8,12,9,8,1,0,0,0,0,0,0,0,0,0,0,0,0,0,1.0,1.0,1.0,0.0,0.0,0.0,2,0,0
2265,31,12,19,0,11,8,12,9,8,1,0,0,0,0,0,0,0,0,0,0,0,0,0,1.0,1.0,1.0,0.0,0.0,0.0,2,0,0
2266,31,12,19,0,11,8,12,9,8,1,0,0,0,0,0,0,0,0,0,0,0,0,0,1.0,1.0,1.0,0.0,0.0,0.0,2,0,0
2267,31,12,19,0,11,8,12,9,8,0,0,0,0,0,0,0,0,0,0,0,0,0,0,1.0,1.0,1.0,0.0,0.0,0.0,2,0,0
2268,31,12,19,0,11,8,12,9,9,0,0,0,0,0,0,0,8,1,0,0,0,0,0,1.0,1.0,1.0,0.0,0.0,0.125,2,0,0
2269,31,12,19,0,11,8,12,9,9,0,0,0,0,0,0,0,0,0,0,0,0,0,0,1.0,1.0,1.0,0.0,0.0,0.0,2,0,0
2270,31,12,19,0,11,8,12,9,9,0,0,0,0,0,0,0,0,0,0,0,0,0,0,1.0,1.0,1.0,0.0,0.0,0.0,2,0,0
2271,31,12,19,0,11,8,12,9,9,0,0,0,0,0,0,0,0,0,0,0,0,0,0,1.0,1.0,1.0,0.0,0.0,0.0,2,0,0
2272,31,12,19,0,11,8,12,9,9,0,0,0,0,0,0,0,0,0,0,0,0,0,0,1.0,1.0,1.0,0.0,0.0,0.0,2,0,0
2273,31,12,19,0,11,8,12,9,9,0,0,0,0,0,0,0,0,0,0,0,0,0,0,1.0,1.0,1.0,0.0,0.0,0.0,2,0,0
2274,31,12,19,0,11,8,12,9,9,0,0,0,0,0,0,0,0,0,0,0,0,0,0,1.0,1.0,1.0,0.0,0.0,0.0,2,0,0
2275,31,12,19,0,11,8,12,9,9,0,0,0,0,0,0,0,0,0,0,0,0,0,0,1.0,1.0,1.0,0.0,0.0,0.0,2,0,0
2276,31,12,19,0,11,8,12,9,9,0,0,0,0,0,0,0,0,0,0,0,0,0,0,1.0,1.0,1.0,0.0,0.0,0.0,2,0,0
2277,31,12,19,0,11,8,12,9,9,0,0,0,0,0,0,0,0,0,0,0,0,0,0,1.0,1.0,1.0,0.0,0.0,0.0,2,0,0
2278,31,12,19,0,11,8,12,9,9,0,0,0,0,0,0,0,0,0,0,0,0,0,0,1.0,1.0,1.0,0.0,0.0,0.0,2,0,0
2279,31,12,19,0,11,8,12,9,9,0,0,0,0,0,0,0,0,0,0,0,0,0,0,1.0,1.0,1.0,0.0,0.0,0.0,2,0,0
2280,31,12,19,0,11,8,12,9,9,0,0,0,0,0,0,0,0,0,0,0,0,0,0,1.0,1.0,1.0,0.0,0.0,0.0,2,0,0
2281,31,12,19,0,11,8,12,9,9,0,0,0,0,0,0,0,0,0,0,0,0,0,0,1.0,1.0,1.0,0.0,0.0,0.0,2,0,0
2282,31,12,19,0,11,8,12,9,9,0,0,0,0,0,0,0,0,0,0,0,0,0,0,1.0,1.0,1.0,0.0,0.0,0.0,2,0,0
2283,31,12,19,0,11,8,12,9,9,0,0,0,0,0,0,0,0,0,0,0,0,0,0,1.0,1.0,1.0,0.0,0.0,0.0,2,0,0
2284,30,11,19,0,10,8,12,9,9,0,0,0,0,1,0,0,0,0,0,0,1,0,1,0.9090909090909091,1.0,1.0,0.0,0.0,0.0,2,0,1
2285,29,11,18,0,10,7,12,9,9,0,0,0,0,0,1,0,0,0,0,0,0,0,1,1.0,1.0,1.0,0.0,0.0,0.0,2,0,1
2286,27,10,17,0,10,6,11,8,8,0,0,0,0,1,1,0,0,0,0,0,0,0,2,1.0,1.0,0.8888888888888888,0.0,0.0,0.0,2,0,2
2287,34,12,22,7,10,6,11,8,6,0,2,0,0,0,0,0,0,0,0,2,0,0,0,1.0,1.0,1.0,0.25925925925925924,0.25925925925925924,0.0,2,7,0
2288,37,14,23,11,10,5,11,8,5,0,3,0,0,1,0,0,0,0,0,1,0,0,1,1.0,1.0,1.0,0.11764705882352941,0.11764705882352941,0.0,2,4,1
2289,37,14,23,11,10,5,11,8,5,0,3,0,0,0,0,0,0,0,0,0,0,0,0,1.0,1.0,1.0,0.0,0.0,0.0,2,0,0
2290,37,14,23,11,10,5,11,8,5,0,3,0,0,0,0,0,0,0,0,0,0,0,0,1.0,1.0,1.0,0.0,0.0,0.0,2,0,0
2291,37,14,23,11,10,5,11,8,5,0,3,0,0,0,0,0,0,0,0,0,0,0,0,1.0,1.0,1.0,0.0,0.0,0.0,2,0,0
2292,37,14,23,11,10,5,11,8,5,0,3,0,0,0,0,0,0,0,0,0,0,0,0,1.0,1.0,1.0,0.0,0.0,0.0,2,0,0
2293,37,14,23,11,10,5,11,8,5,0,3,0,0,0,0,0,0,0,0,0,0,0,0,1.0,1.0,1.0,0.0,0.0,0.0,2,0,0
2294,37,14,23,11,10,5,11,8,5,0,3,0,0,0,0,0,0,0,0,0,0,0,0,1.0,1.0,1.0,0.0,0.0,0.0,2,0,0
2295,37,14,23,11,10,5,11,8,5,0,3,0,0,0,0,0,0,0,0,0,0,0,0,1.0,1.0,1.0,0.0,0.0,0.0,2,0,0
2296,37,14,23,11,10,5,11,8,5,0,3,0,0,0,0,0,0,0,0,0,0,0,0,1.0,1.0,1.0,0.0,0.0,0.0,2,0,0
2297,37,14,23,11,10,5,11,8,5,0,3,0,0,0,0,0,0,0,0,0,0,0,0,1.0,1.0,1.0,0.0,0.0,0.0,2,0,0
2298,37,14,23,11,10,5,11,8,5,0,3,0,0,0,0,0,0,0,0,0,0,0,0,1.0,1.0,1.0,0.0,0.0,0.0,2,0,0
2299,40,16,24,15,9,5,11,8,4,0,4,0,0,0,0,0,0,0,0,1,1,0,1,0.9523809523809523,1.0,1.0,0.10810810810810811,0.10810810810810811,0.0,2,4,1
2300,43,17,26,18,9,5,11,8,3,0,5,0,0,0,0,0,0,0,0,1,0,0,0,1.0,1.0,1.0,0.075,0.075,0.0,2,3,0
2301,43,17,26,18,9,5,11,8,3,0,5,0,0,0,0,0,0,0,0,0,0,0,0,1.0,1.0,1.0,0.0,0.0,0.0,2,0,0
2302,43,17,26,18,9,5,11,8,3,0,5,0,0,0,0,0,0,0,0,0,0,0,0,1.0,1.0,1.0,0.0,0.0,0.0,2,0,0
2303,43,17,26,18,9,5,11,8,3,0,5,0,0,0,0,0,0,0,0,0,0,0,0,1.0,1.0,1.0,0.0,0.0,0.0,2,0,0
2304,43,17,26,18,9,5,11,8,3,0,5,0,0,0,0,0,0,0,0,0,0,0,0,1.0,1.0,1.0,0.0,0.0,0.0,2,0,0
2305,43,17,26,18,9,5,11,8,3,0,5,0,0,0,0,0,0,0,0,0,0,0,0,1.0,1.0,1.0,0.0,0.0,0.0,2,0,0
2306,43,17,26,18,9,5,11,8,3,0,5,0,0,0,0,0,0,0,0,0,0,0,0,1.0,1.0,1.0,0.0,0.0,0.0,2,0,0
2307,43,17,26,18,9,5,11,8,3,0,5,0,0,0,0,0,0,0,0,0,0,0,0,1.0,1.0,1.0,0.0,0.0,0.0,2,0,0
2308,43,17,26,18,9,5,11,8,3,0,5,0,0,0,0,0,0,0,0,0,0,1,0,1.0,1.0,1.0,0.0,0.0,0.0,2,0,0
2309,43,17,26,18,9,5,11,8,3,0,5,0,0,0,0,0,0,0,0,0,0,0,0,1.0,1.0,1.0,0.0,0.0,0.0,2,0,0
2310,43,17,26,18,9,5,11,8,3,0,5,0,0,0,0,0,0,0,0,0,0,0,0,1.0,1.0,1.0,0.0,0.0,0.0,2,0,0
2311,43,17,26,18,9,5,11,8,3,0,5,0,0,0,0,0,0,0,0,0,0,0,0,1.0,1.0,1.0,0.0,0.0,0.0,2,0,0
2312,43,17,26,18,8,6,11,8,3,0,5,0,0,0,0,0,0,0,0,0,0,0,0,1.0,1.0,1.0,0.0,0.0,0.0,2,0,0
2313,43,17,26,18,8,6,11,8,3,0,5,0,0,0,0,0,0,0,0,0,0,0,0,1.0,1.0,1.0,0.0,0.0,0.0,2,0,0
2314,43,17,26,18,8,5,12,9,4,0,5,0,0,0,0,0,4,1,0,0,0,0,0,1.0,1.0,1.0,0.0,0.0,0.25,2,0,0
2315,43,17,26,18,8,5,12,9,4,0,5,0,0,0,0,0,0,0,0,0,0,0,0,1.0,1.0,1.0,0.0,0.0,0.0,2,0,0
2316,43,17,26,18,8,5,12,9,4,0,5,0,0,0,0,0,0,0,0,0,0,0,0,1.0,1.0,1.0,0.0,0.0,0.0,2,0,0
2317,43,17,26,18,8,5,12,9,4,0,5,0,0,0,0,0,0,0,0,0,0,0,0,1.0,1.0,1.0,0.0,0.0,0.0,2,0,0
2318,43,17,26,18,8,5,12,9,4,0,5,0,0,0,0,0,0,0,0,0,0,0,0,1.0,1.0,1.0,0.0,0.0,0.0,2,0,0
2319,43,17,26,18,8,5,12,9,4,0,5,0,0,0,0,0,0,0,0,0,0,0,0,1.0,1.0,1.0,0.0,0.0,0.0,2,0,0
2320,43,17,26,18,8,5,12,9,4,0,5,0,0,0,0,0,0,0,0,0,0,0,0,1.0,1.0,1.0,0.0,0.0,0.0,2,0,0
2321,43,17,26,18,8,5,12,9,4,0,5,0,0,0,0,0,0,0,0,0,0,0,0,1.0,1.0,1.0,0.0,0.0,0.0,2,0,0
2322,43,17,26,18,8,5,12,9,4,0,5,0,0,0,0,0,0,0,0,0,0,3,0,1.0,1.0,1.0,0.0,0.0,0.0,2,0,0
2323,43,17,26,18,8,5,12,9,4,0,5,0,0,0,0,0,0,0,0,0,0,0,0,1.0,1.0,1.0,0.0,0.0,0.0,2,0,0
2324,45,19,26,20,8,5,12,9,3,0,6,0,0,0,0,0,0,0,0,1,1,0,1,0.9615384615384616,1.0,1.0,0.06976744186046512,0.06976744186046512,0.0,2,3,1
2325,47,20,27,23,7,5,12,9,2,0,7,0,0,0,0,0,0,0,0,1,2,0,2,0.9285714285714286,1.0,1.0,0.08888888888888889,0.08888888888888889,0.0,2,4,2
2326,47,20,27,23,4,8,12,9,2,0,7,0,0,0,0,0,0,0,0,0,0,3,0,1.0,1.0,1.0,0.0,0.0,0.0,2,0,0
2327,47,20,27,23,4,8,12,9,2,0,7,0,0,0,0,0,0,0,0,0,0,0,0,1.0,1.0,1.0,0.0,0.0,0.0,2,0,0
2328,47,20,27,23,4,8,12,9,2,0,7,0,0,0,0,0,0,0,0,0,0,0,0,1.0,1.0,1.0,0.0,0.0,0.0,2,0,0
2329,47,20,27,23,4,8,12,9,2,0,7,0,0,0,0,0,0,0,0,0,0,0,0,1.0,1.0,1.0,0.0,0.0,0.0,2,0,0
2330,47,20,27,16,8,11,12,9,2,0,7,0,0,0,0,0,0,0,0,0,0,0,0,1.0,1.0,1.0,0.0,0.0,0.0,2,0,0
2331,47,20,27,13,11,11,12,9,2,0,7,0,0,0,0,0,0,0,0,0,0,0,0,1.0,1.0,1.0,0.0,0.0,0.0,2,0,0
2332,47,20,27,13,11,11,12,9,2,0,5,0,0,0,0,0,0,0,0,0,0,0,0,1.0,1.0,1.0,0.0,0.0,0.0,2,0,0
2333,51,21,30,17,11,11,12,9,2,0,5,0,0,0,0,0,3,1,0,1,0,0,0,1.0,1.0,1.0,0.0851063829787234,0.0851063829787234,0.3333333333333333,2,4,0
2334,51,21,30,17,11,11,12,9,4,0,5,0,0,0,0,0,7,2,0,0,0,0,0,1.0,1.0,1.0,0.0,0.0,0.2857142857142857,2,0,0
2335,51,21,30,17,11,11,12,9,4,0,5,0,0,0,0,0,0,0,0,0,0,0,0,1.0,1.0,1.0,0.0,0.0,0.0,2,0,0
2336,51,21,30,17,11,11,12,9,4,0,5,0,0,0,0,0,0,0,0,0,0,0,0,1.0,1.0,1.0,0.0,0.0,0.0,2,0,0
2337,51,21,30,17,11,11,12,9,4,0,5,0,0,0,0,0,0,0,0,0,0,0,0,1.0,1.0,1.0,0.0,0.0,0.0,2,0,0
2338,51,21,30,17,11,11,12,9,4,0,5,0,0,0,0,0,0,0,0,0,0,0,0,1.0,1.0,1.0,0.0,0.0,0.0,2,0,0
2339,50,21,29,16,11,11,12,9,4,0,5,0,0,0,0,0,0,0,0,0,1,1,1,0.9642857142857143,1.0,1.0,0.0,0.0,0.0,2,0,1
2340,50,21,29,16,11,11,12,9,4,0,5,0,0,0,0,0,0,0,0,0,0,0,0,1.0,1.0,1.0,0.0,0.0,0.0,2,0,0
2341,49,20,29,15,11,11,12,9,4,0,5,0,0,0,0,0,0,0,0,0,1,0,1,0.962962962962963,1.0,1.0,0.0,0.0,0.0,2,0,1
2342,49,20,29,11,15,11,12,9,4,0,5,0,0,0,0,0,0,0,0,0,0,0,0,1.0,1.0,1.0,0.0,0.0,0.0,2,0,0
2343,49,20,29,10,15,12,12,9,4,0,5,0,0,0,0,0,0,0,0,0,0,0,0,1.0,1.0,1.0,0.0,0.0,0.0,2,0,0
2344,49,20,29,10,15,12,12,9,4,0,4,0,0,0,0,0,0,0,0,0,0,0,0,1.0,1.0,1.0,0.0,0.0,0.0,2,0,0
2345,49,20,29,10,15,12,12,9,4,0,3,0,0,0,0,0,5,0,0,0,0,0,0,1.0,1.0,1.0,0.0,0.0,0.0,2,0,0
2346,48,19,29,10,14,12,12,9,5,0,3,0,0,0,0,0,12,1,0,0,1,0,1,0.96,1.0,1.0,0.0,0.0,0.08333333333333333,2,0,1
2347,48,19,29,10,14,12,12,9,6,0,3,0,0,0,0,0,7,1,0,0,0,0,0,1.0,1.0,1.0,0.0,0.0,0.14285714285714285,2,0,0
2348,48,19,29,10,14,12,12,9,6,0,3,0,0,0,0,0,0,0,0,0,0,0,0,1.0,1.0,1.0,0.0,0.0,0.0,2,0,0
2349,47,19,28,10,13,12,12,9,6,0,3,0,0,0,0,0,0,0,0,0,1,0,1,0.9583333333333334,1.0,1.0,0.0,0.0,0.0,2,0,1
2350,47,19,28,10,13,12,12,9,6,0,3,0,0,0,0,0,0,0,0,0,0,0,0,1.0,1.0,1.0,0.0,0.0,0.0,2,0,0
2351,47,19,28,10,13,12,12,9,6,0,3,0,0,0,0,0,0,0,0,0,0,0,0,1.0,1.0,1.0,0.0,0.0,0.0,2,0,0
2352,47,19,28,10,13,12,12,9,6,0,3,0,0,0,0,0,0,0,0,0,0,0,0,1.0,1.0,1.0,0.0,0.0,0.0,2,0,0
2353,47,19,28,10,13,12,12,9,6,0,3,0,0,0,0,0,0,0,0,0,0,0,0,1.0,1.0,1.0,0.0,0.0,0.0,2,0,0
2354,46,19,27,9,13,11,13,10,6,0,3,0,0,0,0,0,5,0,0,0,1,0,1,0.9565217391304348,1.0,1.0,0.0,0.0,0.0,2,0,1
2355,46,19,27,9,13,11,13,10,6,0,3,0,0,0,0,0,0,0,0,0,0,0,0,1.0,1.0,1.0,0.0,0.0,0.0,2,0,0
2356,44,17,27,8,12,11,13,10,6,0,3,0,0,0,0,0,0,0,0,0,2,0,2,0.9090909090909091,1.0,1.0,0.0,0.0,0.0,2,0,2
2357,43,16,27,7,12,11,13,10,6,0,3,0,0,0,0,0,0,0,0,0,1,0,1,0.95,1.0,1.0,0.0,0.0,0.0,2,0,1
2358,43,16,27,7,12,11,13,10,6,0,3,0,0,0,0,0,0,0,0,0,0,0,0,1.0,1.0,1.0,0.0,0.0,0.0,2,0,0
2359,43,16,27,7,12,11,13,10,6,0,3,0,0,0,0,0,0,0,0,0,0,0,0,1.0,1.0,1.0,0.0,0.0,0.0,2,0,0
2360,43,16,27,7,12,11,13,10,6,0,3,0,0,0,0,0,0,0,0,0,0,0,0,1.0,1.0,1.0,0.0,0.0,0.0,2,0,0
2361,43,16,27,7,12,11,13,10,6,0,3,0,0,0,0,0,0,0,0,0,0,0,0,1.0,1.0,1.0,0.0,0.0,0.0,2,0,0
2362,43,16,27,7,12,10,14,11,6,0,3,0,0,0,0,0,0,0,0,0,0,0,0,1.0,1.0,1.0,0.0,0.0,0.0,2,0,0
2363,43,16,27,7,12,10,14,11,6,0,3,0,0,0,0,0,3,0,0,0,0,0,0,1.0,1.0,1.0,0.0,0.0,0.0,2,0,0
2364,43,16,27,7,12,10,14,11,7,0,3,0,0,0,0,0,5,1,0,0,0,0,0,1.0,1.0,1.0,0.0,0.0,0.2,2,0,0
2365,43,16,27,7,12,9,15,11,8,0,3,0,0,0,0,0,8,1,0,0,0,0,0,1.0,1.0,1.0,0.0,0.0,0.125,2,0,0
2366,43,16,27,7,12,9,15,11,8,0,3,0,0,0,0,0,0,0,0,0,0,0,0,1.0,1.0,1.0,0.0,0.0,0.0,2,0,0
2367,42,15,27,5,14,8,15,11,8,0,3,0,0,0,0,0,0,0,0,0,0,0,0,1.0,0.8,1.0,0.0,0.0,0.0,2,0,1
2368,42,15,27,3,16,8,15,11,8,0,3,0,0,0,0,0,0,0,0,0,0,0,0,1.0,1.0,1.0,0.0,0.0,0.0,2,0,0
2369,42,15,27,3,16,8,15,11,8,0,2,0,0,0,0,0,0,0,0,0,0,0,0,1.0,1.0,1.0,0.0,0.0,0.0,2,0,0
2370,42,15,27,3,16,8,15,11,8,0,1,0,0,0,0,0,2,0,0,0,0,0,0,1.0,1.0,1.0,0.0,0.0,0.0,2,0,0
2371,42,15,27,3,16,8,15,11,10,0,1,0,0,0,0,0,11,2,0,0,0,0,0,1.0,1.0,1.0,0.0,0.0,0.18181818181818182,2,0,0
2372,42,15,27,3,16,8,15,11,10,0,1,0,0,0,0,0,0,0,0,0,0,0,0,1.0,1.0,1.0,0.0,0.0,0.0,2,0,0
2373,40,15,25,3,16,6,15,11,10,0,1,0,0,0,2,0,0,0,0,0,0,0,2,1.0,1.0,1.0,0.0,0.0,0.0,2,0,2
2374,39,15,24,3,15,6,15,11,10,0,1,0,0,0,1,0,0,0,0,0,1,0,1,0.9473684210526316,1.0,1.0,0.0,0.0,0.0,2,0,1
2375,37,13,24,3,14,6,14,11,10,0,1,0,0,2,0,0,0,0,0,0,1,0,2,0.9444444444444444,0.75,1.0,0.0,0.0,0.0,2,0,2
2376,36,13,23,0,16,6,14,11,10,0,1,0,0,0,1,0,0,0,0,0,1,0,1,0.9411764705882353,1.0,1.0,0.0,0.0,0.0,2,0,1
2377,34,13,21,0,16,5,13,10,9,0,1,0,0,0,2,0,0,0,0,0,0,0,2,1.0,1.0,0.9090909090909091,0.0,0.0,0.0,2,0,2
2378,32,13,19,0,15,4,13,10,9,0,0,0,0,0,2,0,0,0,0,0,1,0,2,0.9375,1.0,1.0,0.0,0.0,0.0,2,0,2
2379,36,16,20,4,15,4,13,10,8,1,1,0,0,0,0,0,3,0,1,1,0,0,0,1.0,1.0,1.0,0.125,0.125,0.0,2,4,0
2380,36,16,20,4,15,4,13,10,8,1,1,0,0,0,0,0,0,0,0,0,0,0,0,1.0,1.0,1.0,0.0,0.0,0.0,2,0,0
2381,36,16,20,4,15,4,13,10,8,1,1,0,0,0,0,0,0,0,0,0,0,0,0,1.0,1.0,1.0,0.0,0.0,0.0,2,0,0
2382,36,16,20,4,15,4,13,10,8,1,1,0,0,0,0,0,0,0,0,0,0,0,0,1.0,1.0,1.0,0.0,0.0,0.0,2,0,0
2383,36,16,20,4,15,4,13,10,8,1,1,0,0,0,0,0,0,0,0,0,0,0,0,1.0,1.0,1.0,0.0,0.0,0.0,2,0,0
2384,36,16,20,4,15,4,13,10,8,1,1,0,0,0,0,0,0,0,0,0,0,0,0,1.0,1.0,1.0,0.0,0.0,0.0,2,0,0
2385,36,16,20,4,15,4,13,10,8,1,1,0,0,0,0,0,0,0,0,0,0,0,0,1.0,1.0,1.0,0.0,0.0,0.0,2,0,0
2386,36,16,20,4,15,4,13,10,8,1,1,0,0,0,0,0,0,0,0,0,0,0,0,1.0,1.0,1.0,0.0,0.0,0.0,2,0,0
2387,36,16,20,4,15,4,13,10,8,1,1,0,0,0,0,0,0,0,0,0,0,0,0,1.0,1.0,1.0,0.0,0.0,0.0,2,0,0
2388,36,16,20,4,15,4,13,10,8,1,1,0,0,0,0,0,0,0,0,0,0,0,0,1.0,1.0,1.0,0.0,0.0,0.0,2,0,0
2389,36,16,20,4,15,4,13,10,8,1,1,0,0,0,0,0,0,0,0,0,0,0,0,1.0,1.0,1.0,0.0,0.0,0.0,2,0,0
2390,36,16,20,4,15,4,13,10,8,1,1,0,0,0,0,0,0,0,0,0,0,0,0,1.0,1.0,1.0,0.0,0.0,0.0,2,0,0
2391,36,16,20,4,15,4,13,10,8,1,1,0,0,0,0,0,0,0,0,0,0,0,0,1.0,1.0,1.0,0.0,0.0,0.0,2,0,0
2392,36,16,20,4,15,4,13,10,8,1,1,0,0,0,0,0,0,0,0,0,0,0,0,1.0,1.0,1.0,0.0,0.0,0.0,2,0,0
2393,35,15,20,4,15,4,12,10,8,1,1,0,0,0,0,0,0,0,0,0,0,0,0,1.0,0.6666666666666667,1.0,0.0,0.0,0.0,2,0,1
2394,34,15,19,4,15,3,12,10,8,1,1,0,0,0,0,0,0,0,0,0,0,0,0,1.0,1.0,1.0,0.0,0.0,0.0,2,0,1
2395,34,15,19,4,15,3,12,10,8,1,1,0,0,0,0,0,0,0,0,0,0,0,0,1.0,1.0,1.0,0.0,0.0,0.0,2,0,0
2396,34,15,19,4,15,3,12,10,8,1,1,0,0,0,0,0,0,0,0,0,0,0,0,1.0,1.0,1.0,0.0,0.0,0.0,2,0,0
2397,34,15,19,4,15,3,12,10,8,1,1,0,0,0,0,0,0,0,0,0,0,0,0,1.0,1.0,1.0,0.0,0.0,0.0,2,0,0
2398,37,15,22,7,15,3,12,10,7,1,2,0,0,0,0,0,0,0,0,1,0,0,0,1.0,1.0,1.0,0.08823529411764706,0.08823529411764706,0.0,2,3,0
2399,41,18,23,11,15,3,12,10,6,1,3,0,0,0,0,0,0,0,0,1,0,0,0,1.0,1.0,1.0,0.10810810810810811,0.10810810810810811,0.0,2,4,0
2400,41,18,23,11,15,3,12,10,6,1,3,0,0,0,0,0,0,0,0,0,0,0,0,1.0,1.0,1.0,0.0,0.0,0.0,2,0,0
2401,41,18,23,11,15,3,12,10,6,1,3,0,0,0,0,0,0,0,0,0,0,0,0,1.0,1.0,1.0,0.0,0.0,0.0,2,0,0
2402,41,18,23,11,15,3,12,10,6,1,3,0,0,0,0,0,0,0,0,0,0,0,0,1.0,1.0,1.0,0.0,0.0,0.0,2,0,0
2403,41,18,23,11,15,3,12,10,6,1,3,0,0,0,0,0,0,0,0,0,0,0,0,1.0,1.0,1.0,0.0,0.0,0.0,2,0,0
2404,41,18,23,11,15,3,12,10,6,1,3,0,0,0,0,0,0,0,0,0,0,0,0,1.0,1.0,1.0,0.0,0.0,0.0,2,0,0
2405,41,18,23,11,15,3,12,10,6,1,3,0,0,0,0,0,0,0,0,0,0,0,0,1.0,1.0,1.0,0.0,0.0,0.0,2,0,0
2406,41,18,23,11,15,3,12,10,6,1,3,0,0,0,0,0,0,0,0,0,0,0,0,1.0,1.0,1.0,0.0,0.0,0.0,2,0,0
2407,41,18,23,11,15,3,12,10,6,1,3,0,0,0,0,0,0,0,0,0,0,0,0,1.0,1.0,1.0,0.0,0.0,0.0,2,0,0
2408,41,18,23,11,15,3,12,10,6,1,3,0,0,0,0,0,0,0,0,0,0,0,0,1.0,1.0,1.0,0.0,0.0,0.0,2,0,0
2409,41,18,23,11,15,3,12,10,6,1,3,0,0,0,0,0,0,0,0,0,0,0,0,1.0,1.0,1.0,0.0,0.0,0.0,2,0,0
2410,41,18,23,11,15,3,12,10,6,1,3,0,0,0,0,0,0,0,0,0,0,0,0,1.0,1.0,1.0,0.0,0.0,0.0,2,0,0
2411,45,20,25,15,15,3,12,10,5,1,4,0,0,0,0,0,0,0,0,1,0,0,0,1.0,1.0,1.0,0.0975609756097561,0.0975609756097561,0.0,2,4,0
2412,48,22,26,18,15,3,12,10,4,1,5,0,0,0,0,0,0,0,0,1,0,0,0,1.0,1.0,1.0,0.06666666666666667,0.06666666666666667,0.0,2,3,0
2413,48,22,26,18,15,3,12,10,4,1,5,0,0,0,0,0,0,0,0,0,0,0,0,1.0,1.0,1.0,0.0,0.0,0.0,2,0,0
2414,48,22,26,18,15,3,12,10,4,1,5,0,0,0,0,0,0,0,0,0,0,0,0,1.0,1.0,1.0,0.0,0.0,0.0,2,0,0
2415,48,22,26,18,15,3,12,10,4,1,5,0,0,0,0,0,0,0,0,0,0,0,0,1.0,1.0,1.0,0.0,0.0,0.0,2,0,0
2416,48,22,26,18,15,3,12,10,4,1,5,0,0,0,0,0,0,0,0,0,0,0,0,1.0,1.0,1.0,0.0,0.0,0.0,2,0,0
2417,48,22,26,18,15,3,12,10,4,1,5,0,0,0,0,0,0,0,0,0,0,0,0,1.0,1.0,1.0,0.0,0.0,0.0,2,0,0
2418,48,22,26,18,15,3,12,10,4,1,5,0,0,0,0,0,0,0,0,0,0,0,0,1.0,1.0,1.0,0.0,0.0,0.0,2,0,0
2419,48,22,26,18,15,3,12,10,4,1,5,0,0,0,0,0,0,0,0,0,0,0,0,1.0,1.0,1.0,0.0,0.0,0.0,2,0,0
2420,47,21,26,17,15,3,12,10,4,1,5,0,0,0,0,0,0,0,0,0,1,0,1,0.9696969696969697,1.0,1.0,0.0,0.0,0.0,2,0,1
2421,47,21,26,17,15,3,12,10,4,1,5,0,0,0,0,0,0,0,0,0,0,0,0,1.0,1.0,1.0,0.0,0.0,0.0,2,0,0
2422,47,21,26,13,19,3,12,10,4,1,5,0,0,0,0,0,0,0,0,0,0,0,0,1.0,1.0,1.0,0.0,0.0,0.0,2,0,0
2423,46,21,25,13,18,3,12,10,4,1,5,0,0,0,0,0,0,0,0,0,1,0,1,0.96875,1.0,1.0,0.0,0.0,0.0,2,0,1
2424,46,21,25,13,18,3,12,10,4,0,4,0,0,0,0,0,0,0,0,0,0,0,0,1.0,1.0,1.0,0.0,0.0,0.0,2,0,0
2425,46,21,25,13,18,3,12,10,6,0,4,0,0,0,0,0,6,2,0,0,0,0,0,1.0,1.0,1.0,0.0,0.0,0.3333333333333333,2,0,0
2426,46,21,25,13,18,3,12,10,6,0,4,0,0,0,0,0,0,0,0,0,0,0,0,1.0,1.0,1.0,0.0,0.0,0.0,2,0,0
2427,46,21,25,13,18,3,12,10,6,0,4,0,0,0,0,0,0,0,0,0,0,0,0,1.0,1.0,1.0,0.0,0.0,0.0,2,0,0
2428,46,21,25,13,18,3,12,10,6,0,4,0,0,0,0,0,0,0,0,0,0,0,0,1.0,1.0,1.0,0.0,0.0,0.0,2,0,0
2429,50,23,27,17,18,3,12,10,5,0,5,0,0,0,0,0,0,0,0,1,0,0,0,1.0,1.0,1.0,0.08695652173913043,0.08695652173913043,0.0,2,4,0
2430,54,25,29,21,18,3,12,10,4,0,6,0,0,0,0,0,0,0,0,1,0,0,0,1.0,1.0,1.0,0.08,0.08,0.0,2,4,0
2431,53,25,28,20,18,3,12,10,4,0,6,0,0,0,0,0,0,0,0,0,1,0,1,0.9743589743589743,1.0,1.0,0.0,0.0,0.0,2,0,1
2432,53,25,28,20,18,3,12,10,4,0,6,0,0,0,0,0,0,0,0,0,0,0,0,1.0,1.0,1.0,0.0,0.0,0.0,2,0,0
2433,50,23,27,18,17,3,12,10,4,0,6,0,0,0,0,0,0,0,0,0,3,0,3,0.9210526315789473,1.0,1.0,0.0,0.0,0.0,2,0,3
2434,50,23,27,18,17,3,12,10,4,0,6,0,0,0,0,0,0,0,0,0,0,0,0,1.0,1.0,1.0,0.0,0.0,0.0,2,0,0
2435,50,23,27,18,17,3,12,10,4,0,6,0,0,0,0,0,0,0,0,0,0,0,0,1.0,1.0,1.0,0.0,0.0,0.0,2,0,0
2436,56,24,32,24,17,3,12,10,2,0,8,0,0,0,0,0,0,0,0,2,0,0,0,1.0,1.0,1.0,0.12,0.12,0.0,2,6,0
2437,55,24,31,24,17,3,11,9,2,0,7,0,0,0,0,0,0,0,0,0,0,0,0,1.0,1.0,0.9,0.0,0.0,0.0,2,0,1
2438,55,24,31,24,17,3,11,9,2,0,7,0,0,0,0,0,0,0,0,0,0,0,0,1.0,1.0,1.0,0.0,0.0,0.0,2,0,0
2439,55,24,31,24,17,3,11,9,2,0,7,0,0,0,0,0,0,0,0,0,0,0,0,1.0,1.0,1.0,0.0,0.0,0.0,2,0,0
2440,54,23,31,23,17,3,11,9,2,0,7,0,0,0,0,0,0,0,0,0,1,0,1,0.975609756097561,1.0,1.0,0.0,0.0,0.0,2,0,1
2441,53,23,30,19,20,3,11,9,2,0,7,0,0,0,0,0,0,0,0,0,1,0,1,0.975,1.0,1.0,0.0,0.0,0.0,2,0,1
2442,53,23,30,16,23,3,11,9,2,0,7,0,0,0,0,0,0,0,0,0,0,0,0,1.0,1.0,1.0,0.0,0.0,0.0,2,0,0
2443,53,23,30,16,23,3,11,9,2,0,6,0,0,0,0,0,0,0,0,0,0,0,0,1.0,1.0,1.0,0.0,0.0,0.0,2,0,0
2444,53,23,30,16,23,3,11,9,2,0,5,0,0,0,0,0,4,0,0,0,0,0,0,1.0,1.0,1.0,0.0,0.0,0.0,2,0,0
2445,53,23,30,16,23,3,11,9,2,0,5,0,0,0,0,0,2,0,0,0,0,0,0,1.0,1.0,1.0,0.0,0.0,0.0,2,0,0
2446,53,23,30,16,23,3,11,9,3,0,5,0,0,0,0,0,6,1,0,0,0,0,0,1.0,1.0,1.0,0.0,0.0,0.16666666666666666,2,0,0
2447,52,23,29,15,23,3,11,9,4,0,5,0,0,0,0,0,5,1,0,0,1,0,1,0.9743589743589743,1.0,1.0,0.0,0.0,0.2,2,0,1
2448,52,23,29,15,23,3,11,9,4,0,5,0,0,0,0,0,0,0,0,0,0,0,0,1.0,1.0,1.0,0.0,0.0,0.0,2,0,0
2449,52,23,29,15,23,3,11,9,4,0,5,0,0,0,0,0,0,0,0,0,0,0,0,1.0,1.0,1.0,0.0,0.0,0.0,2,0,0
2450,52,23,29,15,23,3,11,9,4,0,5,0,0,0,0,0,0,0,0,0,0,0,0,1.0,1.0,1.0,0.0,0.0,0.0,2,0,0
2451,51,23,28,15,22,3,11,9,4,0,5,0,0,0,0,0,0,0,0,0,1,0,1,0.9736842105263158,1.0,1.0,0.0,0.0,0.0,2,0,1
2452,50,22,28,15,21,3,11,9,4,0,5,0,0,0,0,0,0,0,0,0,1,0,1,0.972972972972973,1.0,1.0,0.0,0.0,0.0,2,0,1
2453,50,22,28,15,21,3,11,9,4,0,5,0,0,0,0,0,0,0,0,0,0,0,0,1.0,1.0,1.0,0.0,0.0,0.0,2,0,0
2454,50,22,28,11,25,3,11,9,4,0,5,0,0,0,0,0,0,0,0,0,0,0,0,1.0,1.0,1.0,0.0,0.0,0.0,2,0,0
2455,50,22,28,9,27,3,11,9,4,0,5,0,0,0,0,0,0,0,0,0,0,0,0,1.0,1.0,1.0,0.0,0.0,0.0,2,0,0
2456,50,22,28,9,27,3,11,9,4,0,4,0,0,0,0,0,0,0,0,0,0,0,0,1.0,1.0,1.0,0.0,0.0,0.0,2,0,0
2457,50,22,28,9,27,3,11,9,5,0,3,0,0,0,0,0,4,1,0,0,0,0,0,1.0,1.0,1.0,0.0,0.0,0.25,2,0,0
2458,49,21,28,9,26,3,11,9,5,0,3,0,0,0,0,0,1,0,0,0,1,0,1,0.9722222222222222,1.0,1.0,0.0,0.0,0.0,2,0,1
2459,48,21,27,9,25,3,11,9,6,0,3,0,0,0,0,0,5,1,0,0,1,0,1,0.9714285714285714,1.0,1.0,0.0,0.0,0.2,2,0,1
2460,48,21,27,9,25,3,11,9,6,0,3,0,0,0,0,0,0,0,0,0,0,0,0,1.0,1.0,1.0,0.0,0.0,0.0,2,0,0
2461,46,20,26,8,24,2,12,9,6,0,3,0,0,0,0,0,0,0,0,0,2,0,2,0.9411764705882353,1.0,1.0,0.0,0.0,0.0,2,0,2
2462,45,20,25,7,24,2,12,9,6,0,3,0,0,0,0,0,0,0,0,0,1,0,1,0.96875,1.0,1.0,0.0,0.0,0.0,2,0,1
2463,45,20,25,7,24,2,12,9,6,0,3,0,0,0,0,0,0,0,0,0,0,0,0,1.0,1.0,1.0,0.0,0.0,0.0,2,0,0
2464,42,19,23,6,22,2,12,9,6,0,3,0,0,1,0,0,0,0,0,0,3,0,3,0.9032258064516129,1.0,1.0,0.0,0.0,0.0,2,0,3
2465,40,18,22,6,20,0,14,9,6,0,3,0,0,1,1,0,0,0,0,0,2,0,2,0.9285714285714286,1.0,1.0,0.0,0.0,0.0,2,0,2
2466,40,18,22,6,20,0,14,9,6,0,3,0,0,0,0,0,0,0,0,0,0,0,0,1.0,1.0,1.0,0.0,0.0,0.0,2,0,0
2467,38,16,22,5,19,0,14,9,6,0,3,0,0,2,0,0,0,0,0,0,2,2,2,0.9230769230769231,1.0,1.0,0.0,0.0,0.0,2,0,2
2468,37,16,21,5,18,0,14,9,6,0,3,0,0,0,1,0,0,0,0,0,1,0,1,0.9583333333333334,1.0,1.0,0.0,0.0,0.0,2,0,1
2469,37,16,21,5,18,0,14,9,6,0,3,0,0,0,0,0,0,0,0,0,0,0,0,1.0,1.0,1.0,0.0,0.0,0.0,2,0,0
2470,36,15,21,5,18,0,13,9,6,0,3,0,0,1,0,0,0,0,0,0,0,0,1,1.0,0.8,1.0,0.0,0.0,0.0,2,0,1
2471,36,15,21,5,16,2,13,9,6,0,3,0,0,0,0,0,0,0,0,0,0,0,0,1.0,1.0,1.0,0.0,0.0,0.0,2,0,0
2472,36,15,21,5,16,2,13,9,6,0,3,0,0,0,0,0,0,0,0,0,0,0,0,1.0,1.0,1.0,0.0,0.0,0.0,2,0,0
2473,36,15,21,2,19,2,13,9,6,0,3,0,0,0,0,0,0,0,0,0,0,0,0,1.0,1.0,1.0,0.0,0.0,0.0,2,0,0
2474,36,15,21,2,19,2,13,9,6,0,2,0,0,0,0,0,0,0,0,0,0,0,0,1.0,1.0,1.0,0.0,0.0,0.0,2,0,0
2475,36,15,21,2,19,2,13,9,7,0,1,0,0,0,0,0,2,1,0,0,0,0,0,1.0,1.0,1.0,0.0,0.0,0.5,2,0,0
2476,36,15,21,2,19,2,13,9,8,0,1,0,0,0,0,0,5,1,0,0,0,0,0,1.0,1.0,1.0,0.0,0.0,0.2,2,0,0
2477,36,15,21,2,19,2,13,9,8,0,1,0,0,0,0,0,0,0,0,0,0,0,0,1.0,1.0,1.0,0.0,0.0,0.0,2,0,0
2478,36,15,21,2,19,2,13,9,8,0,1,0,0,0,0,0,0,0,0,0,0,0,0,1.0,1.0,1.0,0.0,0.0,0.0,2,0,0
2479,36,15,21,0,21,2,13,9,8,0,1,0,0,0,0,0,0,0,0,0,0,2,0,1.0,1.0,1.0,0.0,0.0,0.0,2,0,0
2480,36,15,21,0,21,2,13,9,8,0,1,0,0,0,0,0,0,0,0,0,0,0,0,1.0,1.0,1.0,0.0,0.0,0.0,2,0,0
2481,36,15,21,0,21,2,13,9,8,0,0,0,0,0,0,0,0,0,0,0,0,0,0,1.0,1.0,1.0,0.0,0.0,0.0,2,0,0
2482,36,15,21,0,21,2,13,9,9,0,0,0,0,0,0,0,8,1,0,0,0,0,0,1.0,1.0,1.0,0.0,0.0,0.125,2,0,0
2483,36,15,21,0,19,4,13,9,9,0,0,0,0,0,0,0,0,0,0,0,0,0,0,1.0,1.0,1.0,0.0,0.0,0.0,2,0,0
2484,36,15,21,0,19,4,13,9,9,0,0,0,0,0,0,0,0,0,0,0,0,0,0,1.0,1.0,1.0,0.0,0.0,0.0,2,0,0
2485,36,15,21,0,19,4,13,9,9,0,0,0,0,0,0,0,0,0,0,0,0,0,0,1.0,1.0,1.0,0.0,0.0,0.0,2,0,0
2486,36,15,21,0,19,4,13,9,9,0,0,0,0,0,0,0,0,0,0,0,0,0,0,1.0,1.0,1.0,0.0,0.0,0.0,2,0,0
2487,36,15,21,0,19,4,13,9,9,0,0,0,0,0,0,0,0,0,0,0,0,0,0,1.0,1.0,1.0,0.0,0.0,0.0,2,0,0
2488,36,15,21,0,19,4,13,9,9,0,0,0,0,0,0,0,0,0,0,0,0,0,0,1.0,1.0,1.0,0.0,0.0,0.0,2,0,0
2489,36,15,21,0,19,4,13,9,9,0,0,0,0,0,0,0,0,0,0,0,0,0,0,1.0,1.0,1.0,0.0,0.0,0.0,2,0,0
2490,37,16,21,3,18,4,12,8,7,0,1,0,0,0,0,0,0,0,0,1,1,0,1,0.9473684210526316,1.0,0.8888888888888888,0.08333333333333333,0.08333333333333333,0.0,2,3,2
2491,37,16,21,3,18,4,12,8,7,0,1,0,0,0,0,0,0,0,0,0,0,0,0,1.0,1.0,1.0,0.0,0.0,0.0,2,0,0
2492,37,16,21,3,18,4,12,8,7,0,1,0,0,0,0,0,0,0,0,0,0,0,0,1.0,1.0,1.0,0.0,0.0,0.0,2,0,0
2493,37,16,21,3,18,4,12,8,7,0,1,0,0,0,0,0,0,0,0,0,0,0,0,1.0,1.0,1.0,0.0,0.0,0.0,2,0,0
2494,37,16,21,3,18,4,12,8,7,0,1,0,0,0,0,0,0,0,0,0,0,0,0,1.0,1.0,1.0,0.0,0.0,0.0,2,0,0
2495,37,16,21,3,18,4,12,8,7,0,1,0,0,0,0,0,0,0,0,0,0,0,0,1.0,1.0,1.0,0.0,0.0,0.0,2,0,0
2496,37,16,21,3,18,4,12,8,7,0,1,0,0,0,0,0,0,0,0,0,0,0,0,1.0,1.0,1.0,0.0,0.0,0.0,2,0,0
2497,37,16,21,3,18,4,12,8,7,0,1,0,0,0,0,0,0,0,0,0,0,0,0,1.0,1.0,1.0,0.0,0.0,0.0,2,0,0
2498,37,16,21,3,18,4,12,8,7,0,1,0,0,0,0,0,0,0,0,0,0,0,0,1.0,1.0,1.0,0.0,0.0,0.0,2,0,0
2499,37,16,21,3,18,4,12,8,7,0,1,0,0,0,0,0,0,0,0,0,0,0,0,1.0,1.0,1.0,0.0,0.0,0.0,2,0,0
2500,37,16,21,3,18,4,12,8,7,0,1,0,0,0,0,0,0,0,0,0,0,0,0,1.0,1.0,1.0,0.0,0.0,0.0,2,0,0
2501,37,16,21,3,18,4,12,8,7,0,1,0,0,0,0,0,0,0,0,0,0,0,0,1.0,1.0,1.0,0.0,0.0,0.0,2,0,0
2502,37,16,21,3,18,4,12,8,7,0,1,0,0,0,0,0,0,0,0,0,0,0,0,1.0,1.0,1.0,0.0,0.0,0.0,2,0,0
2503,37,16,21,3,18,4,12,8,7,0,1,0,0,0,0,0,0,0,0,0,0,0,0,1.0,1.0,1.0,0.0,0.0,0.0,2,0,0
2504,37,16,21,3,18,4,12,8,7,0,1,0,0,0,0,0,0,0,0,0,0,2,0,1.0,1.0,1.0,0.0,0.0,0.0,2,0,0
2505,37,16,21,3,18,4,12,8,7,0,1,0,0,0,0,0,0,0,0,0,0,0,0,1.0,1.0,1.0,0.0,0.0,0.0,2,0,0
2506,37,16,21,3,18,4,12,8,7,0,1,0,0,0,0,0,0,0,0,0,0,0,0,1.0,1.0,1.0,0.0,0.0,0.0,2,0,0
2507,37,16,21,3,18,4,12,8,7,0,1,0,0,0,0,0,0,0,0,0,0,0,0,1.0,1.0,1.0,0.0,0.0,0.0,2,0,0
2508,37,16,21,3,16,6,12,8,7,0,1,0,0,0,0,0,0,0,0,0,0,0,0,1.0,1.0,1.0,0.0,0.0,0.0,2,0,0
2509,37,16,21,3,16,6,12,8,7,0,1,0,0,0,0,0,0,0,0,0,0,0,0,1.0,1.0,1.0,0.0,0.0,0.0,2,0,0
2510,37,16,21,3,16,6,12,8,7,0,1,0,0,0,0,0,0,0,0,0,0,0,0,1.0,1.0,1.0,0.0,0.0,0.0,2,0,0
2511,41,20,21,7,16,6,12,8,6,0,2,0,0,0,0,0,0,0,0,1,0,0,0,1.0,1.0,1.0,0.10810810810810811,0.10810810810810811,0.0,2,4,0
2512,45,21,24,11,16,6,12,8,5,0,3,0,0,0,0,0,0,0,0,1,0,0,0,1.0,1.0,1.0,0.0975609756097561,0.0975609756097561,0.0,2,4,0
2513,44,20,24,11,15,6,12,8,5,0,3,0,0,0,0,0,0,0,0,0,1,1,1,0.962962962962963,1.0,1.0,0.0,0.0,0.0,2,0,1
2514,44,20,24,11,15,6,12,8,5,0,3,0,0,0,0,0,0,0,0,0,0,0,0,1.0,1.0,1.0,0.0,0.0,0.0,2,0,0
2515,44,20,24,11,15,6,12,8,5,0,3,0,0,0,0,0,0,0,0,0,0,0,0,1.0,1.0,1.0,0.0,0.0,0.0,2,0,0
2516,43,20,23,11,14,6,12,8,5,0,3,0,0,0,0,0,0,0,0,0,0,0,0,0.9615384615384616,1.0,1.0,0.0,0.0,0.0,2,0,1
2517,42,19,23,11,13,6,12,8,5,0,3,0,0,0,0,0,0,0,0,0,1,0,1,0.96,1.0,1.0,0.0,0.0,0.0,2,0,1
2518,42,19,23,11,13,6,12,8,5,0,3,0,0,0,0,0,0,0,0,0,0,0,0,1.0,1.0,1.0,0.0,0.0,0.0,2,0,0
2519,42,19,23,11,13,6,12,8,5,0,3,0,0,0,0,0,0,0,0,0,0,0,0,1.0,1.0,1.0,0.0,0.0,0.0,2,0,0
2520,42,19,23,11,13,6,12,8,5,0,3,0,0,0,0,0,0,0,0,0,0,0,0,1.0,1.0,1.0,0.0,0.0,0.0,2,0,0
2521,42,19,23,11,13,6,12,8,5,0,3,0,0,0,0,0,0,0,0,0,0,0,0,1.0,1.0,1.0,0.0,0.0,0.0,2,0,0
2522,45,21,24,14,13,6,12,8,4,0,4,0,0,0,0,0,0,0,0,1,0,0,0,1.0,1.0,1.0,0.07142857142857142,0.07142857142857142,0.0,2,3,0
2523,45,21,24,14,13,6,12,8,4,0,4,0,0,0,0,0,0,0,0,0,0,0,0,1.0,1.0,1.0,0.0,0.0,0.0,2,0,0
2524,48,22,26,17,13,6,12,8,3,0,5,0,0,0,0,0,0,0,0,1,0,0,0,1.0,1.0,1.0,0.06666666666666667,0.06666666666666667,0.0,2,3,0
2525,48,22,26,17,13,6,12,8,3,0,5,0,0,0,0,0,0,0,0,0,0,0,0,1.0,1.0,1.0,0.0,0.0,0.0,2,0,0
2526,48,22,26,17,13,6,12,8,3,0,5,0,0,0,0,0,0,0,0,0,0,0,0,1.0,1.0,1.0,0.0,0.0,0.0,2,0,0
2527,48,22,26,17,13,6,12,8,3,0,5,0,0,0,0,0,0,0,0,0,0,0,0,1.0,1.0,1.0,0.0,0.0,0.0,2,0,0
2528,48,22,26,17,13,6,12,8,3,0,5,0,0,0,0,0,0,0,0,0,0,0,0,1.0,1.0,1.0,0.0,0.0,0.0,2,0,0
2529,48,22,26,17,13,6,12,8,3,0,5,0,0,0,0,0,0,0,0,0,0,0,0,1.0,1.0,1.0,0.0,0.0,0.0,2,0,0
2530,48,22,26,17,13,6,12,8,3,0,5,0,0,0,0,0,0,0,0,0,0,0,0,1.0,1.0,1.0,0.0,0.0,0.0,2,0,0
2531,47,21,26,17,12,6,12,8,3,0,5,0,0,0,0,0,0,0,0,0,1,0,1,0.9666666666666667,1.0,1.0,0.0,0.0,0.0,2,0,1
2532,47,21,26,17,12,6,12,8,3,0,5,0,0,0,0,0,0,0,0,0,0,0,0,1.0,1.0,1.0,0.0,0.0,0.0,2,0,0
2533,46,21,25,13,15,6,12,8,3,0,5,0,0,0,0,0,0,0,0,0,1,0,1,0.9655172413793104,1.0,1.0,0.0,0.0,0.0,2,0,1
2534,45,21,24,12,15,6,12,8,3,0,5,0,0,0,0,0,0,0,0,0,1,0,1,0.9642857142857143,1.0,1.0,0.0,0.0,0.0,2,0,1
2535,45,21,24,12,15,6,12,8,3,0,4,0,0,0,0,0,0,0,0,0,0,0,0,1.0,1.0,1.0,0.0,0.0,0.0,2,0,0
2536,45,21,24,12,15,6,12,8,3,0,4,0,0,0,0,0,0,0,0,0,0,0,0,1.0,1.0,1.0,0.0,0.0,0.0,2,0,0
2537,45,21,24,12,15,6,12,8,3,0,4,0,0,0,0,0,0,0,0,0,0,0,0,1.0,1.0,1.0,0.0,0.0,0.0,2,0,0
2538,45,21,24,12,15,6,12,8,3,0,4,0,0,0,0,0,0,0,0,0,0,0,0,1.0,1.0,1.0,0.0,0.0,0.0,2,0,0
2539,44,21,23,12,14,6,12,8,3,0,4,0,0,0,0,0,0,0,0,0,1,0,1,0.962962962962963,1.0,1.0,0.0,0.0,0.0,2,0,1
2540,48,23,25,16,14,6,12,8,2,0,5,0,0,0,0,0,0,0,0,1,0,0,0,1.0,1.0,1.0,0.09090909090909091,0.09090909090909091,0.0,2,4,0
2541,52,25,27,20,14,6,12,8,1,0,6,0,0,0,0,0,0,0,0,1,0,0,0,1.0,1.0,1.0,0.08333333333333333,0.08333333333333333,0.0,2,4,0
2542,51,24,27,19,14,6,12,8,1,0,6,0,0,0,0,0,0,0,0,0,1,0,1,0.9705882352941176,1.0,1.0,0.0,0.0,0.0,2,0,1
2543,50,24,26,18,14,6,12,8,1,0,6,0,0,0,0,0,0,0,0,0,1,0,1,0.9696969696969697,1.0,1.0,0.0,0.0,0.0,2,0,1
2544,50,24,26,18,14,6,12,8,1,0,6,0,0,0,0,0,0,0,0,0,0,0,0,1.0,1.0,1.0,0.0,0.0,0.0,2,0,0
2545,50,24,26,18,14,6,12,8,1,0,6,0,0,0,0,0,0,0,0,0,0,0,0,1.0,1.0,1.0,0.0,0.0,0.0,2,0,0
2546,50,24,26,18,14,6,12,8,1,0,6,0,0,0,0,0,0,0,0,0,0,0,0,1.0,1.0,1.0,0.0,0.0,0.0,2,0,0
2547,53,27,26,22,14,6,11,7,0,0,6,0,0,0,0,0,0,0,0,1,0,0,0,1.0,1.0,0.875,0.08,0.08,0.0,2,4,1
2548,53,27,26,22,14,6,11,7,0,0,6,0,0,0,0,0,0,0,0,0,0,0,0,1.0,1.0,1.0,0.0,0.0,0.0,2,0,0
2549,53,27,26,22,14,6,11,7,0,0,6,0,0,0,0,0,0,0,0,0,0,0,0,1.0,1.0,1.0,0.0,0.0,0.0,2,0,0
2550,53,27,26,22,14,6,11,7,0,0,6,0,0,0,0,0,0,0,0,0,0,0,0,1.0,1.0,1.0,0.0,0.0,0.0,2,0,0
2551,53,27,26,22,14,6,11,7,0,0,6,0,0,0,0,0,0,0,0,0,0,0,0,1.0,1.0,1.0,0.0,0.0,0.0,2,0,0
2552,53,27,26,22,14,6,11,7,0,0,6,0,0,0,0,0,0,0,0,0,0,0,0,1.0,1.0,1.0,0.0,0.0,0.0,2,0,0
2553,52,27,25,22,13,6,11,7,0,0,6,0,0,0,0,0,0,0,0,0,1,0,1,0.9722222222222222,1.0,1.0,0.0,0.0,0.0,2,0,1
2554,51,27,24,17,17,6,11,7,0,0,6,0,0,0,0,0,0,0,0,0,1,0,1,0.9714285714285714,1.0,1.0,0.0,0.0,0.0,2,0,1
2555,51,27,24,15,19,6,11,7,0,0,6,0,0,0,0,0,0,0,0,0,0,0,0,1.0,1.0,1.0,0.0,0.0,0.0,2,0,0
2556,48,26,22,15,17,5,11,7,0,0,5,0,0,1,2,0,0,0,0,0,2,0,3,0.9411764705882353,1.0,1.0,0.0,0.0,0.0,2,0,3
2557,46,25,21,13,17,5,11,7,0,0,4,0,0,1,1,0,0,0,0,0,2,0,2,0.9375,1.0,1.0,0.0,0.0,0.0,2,0,2
2558,45,24,21,12,17,5,11,7,0,0,4,0,0,1,0,0,0,0,0,0,1,0,1,0.9666666666666667,1.0,1.0,0.0,0.0,0.0,2,0,1
2559,42,22,20,11,16,5,10,7,0,0,4,0,0,2,1,0,0,0,0,0,2,2,3,0.9310344827586207,0.75,1.0,0.0,0.0,0.0,2,0,3
2560,40,21,19,11,14,5,10,7,0,0,4,0,0,1,1,0,0,0,0,0,2,0,2,0.9259259259259259,1.0,1.0,0.0,0.0,0.0,2,0,2
2561,39,20,19,10,14,5,10,7,0,0,4,0,0,1,0,0,0,0,0,0,1,0,1,0.96,1.0,1.0,0.0,0.0,0.0,2,0,1
2562,38,19,19,10,13,5,10,7,0,0,4,0,0,1,0,0,0,0,0,0,1,0,1,0.9583333333333334,1.0,1.0,0.0,0.0,0.0,2,0,1
2563,38,19,19,10,11,7,10,7,0,0,4,0,0,0,0,0,0,0,0,0,0,0,0,1.0,1.0,1.0,0.0,0.0,0.0,2,0,0
2564,38,19,19,10,11,7,10,7,0,0,4,0,0,0,0,0,0,0,0,0,0,0,0,1.0,1.0,1.0,0.0,0.0,0.0,2,0,0
2565,38,19,19,8,13,7,10,7,0,0,4,0,0,0,0,0,0,0,0,0,0,0,0,1.0,1.0,1.0,0.0,0.0,0.0,2,0,0
2566,38,19,19,8,13,7,10,7,0,0,4,0,0,0,0,0,0,0,0,0,0,0,0,1.0,1.0,1.0,0.0,0.0,0.0,2,0,0
2567,38,19,19,6,15,7,10,7,0,0,3,0,0,0,0,0,0,0,0,0,0,0,0,1.0,1.0,1.0,0.0,0.0,0.0,2,0,0
2568,38,19,19,6,15,7,10,7,0,0,3,0,0,0,0,0,0,0,0,0,0,0,0,1.0,1.0,1.0,0.0,0.0,0.0,2,0,0
2569,38,19,19,6,15,7,10,7,0,0,2,0,0,0,0,0,0,0,0,0,0,0,0,1.0,1.0,1.0,0.0,0.0,0.0,2,0,0
2570,38,19,19,6,15,7,10,7,0,0,2,0,0,0,0,0,0,0,0,0,0,0,0,1.0,1.0,1.0,0.0,0.0,0.0,2,0,0
2571,38,19,19,6,15,7,10,7,0,0,2,0,0,0,0,0,0,0,0,0,0,0,0,1.0,1.0,1.0,0.0,0.0,0.0,2,0,0
2572,38,19,19,6,15,7,10,7,0,0,2,0,0,0,0,0,0,0,0,0,0,0,0,1.0,1.0,1.0,0.0,0.0,0.0,2,0,0
2573,38,19,19,6,15,7,10,7,0,0,2,0,0,0,0,0,0,0,0,0,0,0,0,1.0,1.0,1.0,0.0,0.0,0.0,2,0,0
2574,38,19,19,6,15,7,10,7,0,0,2,0,0,0,0,0,0,0,0,0,0,0,0,1.0,1.0,1.0,0.0,0.0,0.0,2,0,0
2575,37,19,18,6,14,7,10,7,0,0,2,0,0,0,0,0,0,0,0,0,1,0,1,0.9523809523809523,1.0,1.0,0.0,0.0,0.0,2,0,1
2576,37,19,18,6,14,7,10,7,0,0,2,0,0,0,0,0,0,0,0,0,0,0,0,1.0,1.0,1.0,0.0,0.0,0.0,2,0,0
2577,37,19,18,6,14,7,10,7,0,0,2,0,0,0,0,0,0,0,0,0,0,0,0,1.0,1.0,1.0,0.0,0.0,0.0,2,0,0
2578,37,19,18,6,14,7,10,7,0,0,2,0,0,0,0,0,0,0,0,0,0,0,0,1.0,1.0,1.0,0.0,0.0,0.0,2,0,0
2579,37,19,18,6,14,7,10,7,0,0,2,0,0,0,0,0,0,0,0,0,0,1,0,1.0,1.0,1.0,0.0,0.0,0.0,2,0,0
2580,37,19,18,6,14,7,10,7,0,0,2,0,0,0,0,0,0,0,0,0,0,0,0,1.0,1.0,1.0,0.0,0.0,0.0,2,0,0
2581,37,19,18,6,14,7,10,7,0,0,2,0,0,0,0,0,0,0,0,0,0,0,0,1.0,1.0,1.0,0.0,0.0,0.0,2,0,0
2582,37,19,18,6,14,7,10,7,0,0,2,0,0,0,0,0,0,0,0,0,0,0,0,1.0,1.0,1.0,0.0,0.0,0.0,2,0,0
2583,37,19,18,4,15,8,10,7,0,0,2,0,0,0,0,0,0,0,0,0,0,0,0,1.0,1.0,1.0,0.0,0.0,0.0,2,0,0
2584,37,19,18,2,17,8,10,7,0,0,2,0,0,0,0,0,0,0,0,0,0,0,0,1.0,1.0,1.0,0.0,0.0,0.0,2,0,0
2585,37,19,18,2,17,8,10,7,1,0,1,0,0,0,0,0,10,1,0,0,0,0,0,1.0,1.0,1.0,0.0,0.0,0.1,2,0,0
2586,37,19,18,2,17,8,10,7,3,0,1,0,0,0,0,0,6,2,0,0,0,0,0,1.0,1.0,1.0,0.0,0.0,0.3333333333333333,2,0,0
2587,37,19,18,2,17,8,10,7,4,0,1,0,0,0,0,0,6,1,0,0,0,0,0,1.0,1.0,1.0,0.0,0.0,0.16666666666666666,2,0,0
2588,37,19,18,2,17,8,10,7,5,0,1,0,0,0,0,0,8,1,0,0,0,0,0,1.0,1.0,1.0,0.0,0.0,0.125,2,0,0
2589,37,19,18,2,17,8,10,7,6,0,1,0,0,0,0,0,8,1,0,0,0,0,0,1.0,1.0,1.0,0.0,0.0,0.125,2,0,0
2590,37,19,18,0,19,8,10,7,6,0,1,0,0,0,0,0,0,0,0,0,0,0,0,1.0,1.0,1.0,0.0,0.0,0.0,2,0,0
2591,37,19,18,0,19,8,10,7,6,0,1,0,0,0,0,0,0,0,0,0,0,2,0,1.0,1.0,1.0,0.0,0.0,0.0,2,0,0
2592,36,18,18,0,18,8,10,7,6,0,0,0,0,0,0,0,0,0,0,0,1,0,1,0.9473684210526316,1.0,1.0,0.0,0.0,0.0,2,0,1
2593,36,18,18,0,18,8,10,7,7,0,0,0,0,0,0,0,7,1,0,0,0,0,0,1.0,1.0,1.0,0.0,0.0,0.14285714285714285,2,0,0
2594,36,18,18,0,18,8,10,7,7,0,0,0,0,0,0,0,0,0,0,0,0,0,0,1.0,1.0,1.0,0.0,0.0,0.0,2,0,0
2595,36,18,18,0,16,10,10,7,7,0,0,0,0,0,0,0,0,0,0,0,0,0,0,1.0,1.0,1.0,0.0,0.0,0.0,2,0,0
2596,36,18,18,0,16,10,10,7,7,0,0,0,0,0,0,0,0,0,0,0,0,0,0,1.0,1.0,1.0,0.0,0.0,0.0,2,0,0
2597,36,18,18,0,16,10,10,7,7,0,0,0,0,0,0,0,0,0,0,0,0,0,0,1.0,1.0,1.0,0.0,0.0,0.0,2,0,0
2598,36,18,18,0,16,10,10,7,7,0,0,0,0,0,0,0,0,0,0,0,0,0,0,1.0,1.0,1.0,0.0,0.0,0.0,2,0,0
2599,36,18,18,0,16,10,10,7,7,0,0,0,0,0,0,0,0,0,0,0,0,0,0,1.0,1.0,1.0,0.0,0.0,0.0,2,0,0
2600,36,18,18,0,16,10,10,7,7,0,0,0,0,0,0,0,0,0,0,0,0,0,0,1.0,1.0,1.0,0.0,0.0,0.0,2,0,0
2601,36,18,18,0,16,10,10,7,7,0,0,0,0,0,0,0,0,0,0,0,0,0,0,1.0,1.0,1.0,0.0,0.0,0.0,2,0,0
2602,36,18,18,0,16,10,10,7,7,0,0,0,0,0,0,0,0,0,0,0,0,0,0,1.0,1.0,1.0,0.0,0.0,0.0,2,0,0
2603,36,18,18,0,16,10,10,7,7,0,0,0,0,0,0,0,0,0,0,0,0,0,0,1.0,1.0,1.0,0.0,0.0,0.0,2,0,0
2604,36,18,18,0,16,10,10,7,7,0,0,0,0,0,0,0,0,0,0,0,0,0,0,1.0,1.0,1.0,0.0,0.0,0.0,2,0,0
2605,36,18,18,0,16,10,10,7,7,0,0,0,0,0,0,0,0,0,0,0,0,0,0,1.0,1.0,1.0,0.0,0.0,0.0,2,0,0
2606,36,18,18,0,16,9,11,7,7,0,0,0,0,0,0,0,0,0,0,0,0,0,0,1.0,1.0,1.0,0.0,0.0,0.0,2,0,0
2607,36,18,18,0,16,9,11,7,7,0,0,0,0,0,0,0,0,0,0,0,0,0,0,1.0,1.0,1.0,0.0,0.0,0.0,2,0,0
2608,36,18,18,0,16,9,11,7,7,0,0,0,0,0,0,0,0,0,0,0,0,0,0,1.0,1.0,1.0,0.0,0.0,0.0,2,0,0
2609,36,18,18,0,16,9,11,7,7,0,0,0,0,0,0,0,0,0,0,0,0,0,0,1.0,1.0,1.0,0.0,0.0,0.0,2,0,0
2610,36,18,18,0,16,9,11,7,7,0,0,0,0,0,0,0,0,0,0,0,0,0,0,1.0,1.0,1.0,0.0,0.0,0.0,2,0,0
2611,36,18,18,0,16,9,11,7,7,0,0,0,0,0,0,0,0,0,0,0,0,0,0,1.0,1.0,1.0,0.0,0.0,0.0,2,0,0
2612,36,18,18,0,16,9,11,7,7,0,0,0,0,0,0,0,0,0,0,0,0,0,0,1.0,1.0,1.0,0.0,0.0,0.0,2,0,0
2613,36,18,18,0,16,9,11,7,7,0,0,0,0,0,0,0,0,0,0,0,0,0,0,1.0,1.0,1.0,0.0,0.0,0.0,2,0,0
2614,36,18,18,0,16,9,11,7,7,0,0,0,0,0,0,0,0,0,0,0,0,0,0,1.0,1.0,1.0,0.0,0.0,0.0,2,0,0
2615,36,18,18,0,16,9,11,7,7,0,0,0,0,0,0,0,0,0,0,0,0,0,0,1.0,1.0,1.0,0.0,0.0,0.0,2,0,0
2616,36,18,18,0,16,9,11,7,7,0,0,0,0,0,0,0,0,0,0,0,0,1,0,1.0,1.0,1.0,0.0,0.0,0.0,2,0,0
2617,36,18,18,0,16,9,11,7,7,0,0,0,0,0,0,0,0,0,0,0,0,0,0,1.0,1.0,1.0,0.0,0.0,0.0,2,0,0
2618,36,18,18,0,16,8,12,8,7,0,0,0,0,0,0,0,0,0,0,0,0,0,0,1.0,1.0,1.0,0.0,0.0,0.0,2,0,0
2619,36,18,18,0,16,8,12,8,7,0,0,0,0,0,0,0,0,0,0,0,0,0,0,1.0,1.0,1.0,0.0,0.0,0.0,2,0,0
2620,36,18,18,0,15,9,12,8,7,0,0,0,0,0,0,0,0,0,0,0,0,0,0,1.0,1.0,1.0,0.0,0.0,0.0,2,0,0
2621,35,18,17,0,15,9,11,7,7,0,0,0,0,0,0,0,0,0,0,0,0,0,0,1.0,1.0,0.875,0.0,0.0,0.0,2,0,1
2622,35,18,17,0,15,9,11,7,7,0,0,0,0,0,0,0,0,0,0,0,0,0,0,1.0,1.0,1.0,0.0,0.0,0.0,2,0,0
2623,35,18,17,0,15,9,11,7,7,0,0,0,0,0,0,0,0,0,0,0,0,0,0,1.0,1.0,1.0,0.0,0.0,0.0,2,0,0
2624,35,18,17,0,15,8,12,8,8,0,0,0,0,0,0,0,2,1,0,0,0,0,0,1.0,1.0,1.0,0.0,0.0,0.5,2,0,0
2625,34,18,16,0,14,8,12,8,8,0,0,0,0,0,0,0,0,0,0,0,1,0,1,0.9333333333333333,1.0,1.0,0.0,0.0,0.0,2,0,1
2626,34,18,16,0,14,8,12,8,8,0,0,0,0,0,0,0,0,0,0,0,0,0,0,1.0,1.0,1.0,0.0,0.0,0.0,2,0,0
2627,34,18,16,0,14,8,12,8,8,0,0,0,0,0,0,0,0,0,0,0,0,0,0,1.0,1.0,1.0,0.0,0.0,0.0,2,0,0
2628,34,18,16,0,14,8,12,8,8,0,0,0,0,0,0,0,0,0,0,0,0,0,0,1.0,1.0,1.0,0.0,0.0,0.0,2,0,0
2629,34,18,16,0,14,8,12,8,8,0,0,0,0,0,0,0,0,0,0,0,0,0,0,1.0,1.0,1.0,0.0,0.0,0.0,2,0,0
2630,34,18,16,0,14,8,12,8,8,0,0,0,0,0,0,0,0,0,0,0,0,0,0,1.0,1.0,1.0,0.0,0.0,0.0,2,0,0
2631,34,18,16,0,14,8,12,8,8,0,0,0,0,0,0,0,0,0,0,0,0,0,0,1.0,1.0,1.0,0.0,0.0,0.0,2,0,0
2632,34,18,16,0,14,8,12,8,8,0,0,0,0,0,0,0,0,0,0,0,0,0,0,1.0,1.0,1.0,0.0,0.0,0.0,2,0,0
2633,34,18,16,0,14,8,12,8,8,0,0,0,0,0,0,0,0,0,0,0,0,0,0,1.0,1.0,1.0,0.0,0.0,0.0,2,0,0
2634,34,18,16,0,14,8,12,8,8,0,0,0,0,0,0,0,0,0,0,0,0,0,0,1.0,1.0,1.0,0.0,0.0,0.0,2,0,0
2635,34,18,16,0,14,8,12,8,8,0,0,0,0,0,0,0,0,0,0,0,0,0,0,1.0,1.0,1.0,0.0,0.0,0.0,2,0,0
2636,34,18,16,0,14,8,12,8,8,0,0,0,0,0,0,0,0,0,0,0,0,0,0,1.0,1.0,1.0,0.0,0.0,0.0,2,0,0
2637,34,18,16,0,14,8,12,8,8,0,0,0,0,0,0,0,0,0,0,0,0,0,0,1.0,1.0,1.0,0.0,0.0,0.0,2,0,0
2638,34,18,16,0,14,8,12,8,8,0,0,0,0,0,0,0,0,0,0,0,0,0,0,1.0,1.0,1.0,0.0,0.0,0.0,2,0,0
2639,34,18,16,0,14,8,12,8,8,0,0,0,0,0,0,0,0,0,0,0,0,0,0,1.0,1.0,1.0,0.0,0.0,0.0,2,0,0
2640,34,18,16,0,14,8,12,8,8,0,0,0,0,0,0,0,0,0,0,0,0,0,0,1.0,1.0,1.0,0.0,0.0,0.0,2,0,0
2641,34,18,16,0,14,8,12,8,8,0,0,0,0,0,0,0,0,0,0,0,0,0,0,1.0,1.0,1.0,0.0,0.0,0.0,2,0,0
2642,34,18,16,0,14,8,12,8,8,0,0,0,0,0,0,0,0,0,0,0,0,0,0,1.0,1.0,1.0,0.0,0.0,0.0,2,0,0
2643,34,18,16,0,14,7,13,8,8,0,0,0,0,0,0,0,0,0,0,0,0,0,0,1.0,1.0,1.0,0.0,0.0,0.0,2,0,0
2644,34,18,16,0,14,7,13,8,8,0,0,0,0,0,0,0,0,0,0,0,0,0,0,1.0,1.0,1.0,0.0,0.0,0.0,2,0,0
2645,34,18,16,0,14,7,13,8,8,0,0,0,0,0,0,0,0,0,0,0,0,0,0,1.0,1.0,1.0,0.0,0.0,0.0,2,0,0
2646,34,18,16,0,14,7,13,8,8,0,0,0,0,0,0,0,0,0,0,0,0,0,0,1.0,1.0,1.0,0.0,0.0,0.0,2,0,0
2647,34,18,16,0,14,7,13,8,8,0,0,0,0,0,0,0,0,0,0,0,0,0,0,1.0,1.0,1.0,0.0,0.0,0.0,2,0,0
2648,32,18,14,0,14,7,11,6,6,0,0,0,0,0,2,0,0,0,0,0,0,0,2,1.0,1.0,0.75,0.0,0.0,0.0,2,0,2
2649,31,18,13,0,14,6,11,6,6,0,0,0,0,0,1,0,0,0,0,0,0,0,1,1.0,1.0,1.0,0.0,0.0,0.0,2,0,1
2650,32,18,14,4,13,5,10,6,5,0,1,0,0,1,1,0,0,0,0,1,1,0,2,0.9285714285714286,0.8,1.0,0.12903225806451613,0.12903225806451613,0.0,2,4,3
2651,33,19,14,7,12,5,9,6,4,0,2,0,0,1,1,0,0,0,0,1,1,0,2,0.9411764705882353,0.75,1.0,0.09375,0.09375,0.0,2,3,2
2652,36,20,16,11,12,4,9,6,3,0,3,0,0,0,1,0,0,0,0,1,0,0,1,1.0,1.0,1.0,0.12121212121212122,0.12121212121212122,0.0,2,4,1
2653,40,22,18,15,12,4,9,6,2,0,4,0,0,0,0,0,0,0,0,1,0,0,0,1.0,1.0,1.0,0.1111111111111111,0.1111111111111111,0.0,2,4,0
2654,44,24,20,19,12,4,9,6,1,0,5,0,0,0,0,0,0,0,0,1,0,0,0,1.0,1.0,1.0,0.1,0.1,0.0,2,4,0
2655,44,24,20,19,12,4,9,6,1,0,5,0,0,0,0,0,0,0,0,0,0,0,0,1.0,1.0,1.0,0.0,0.0,0.0,2,0,0
2656,44,24,20,19,12,4,9,6,1,0,5,0,0,0,0,0,0,0,0,0,0,0,0,1.0,1.0,1.0,0.0,0.0,0.0,2,0,0
2657,44,24,20,19,12,4,9,6,1,0,5,0,0,0,0,0,0,0,0,0,0,0,0,1.0,1.0,1.0,0.0,0.0,0.0,2,0,0
2658,48,26,22,23,12,4,9,6,0,0,6,0,0,0,0,0,0,0,0,1,0,0,0,1.0,1.0,1.0,0.09090909090909091,0.09090909090909091,0.0,2,4,0
2659,48,26,22,23,12,4,9,6,0,0,6,0,0,0,0,0,0,0,0,0,0,0,0,1.0,1.0,1.0,0.0,0.0,0.0,2,0,0
2660,48,26,22,23,12,4,9,6,0,0,6,0,0,0,0,0,0,0,0,0,0,0,0,1.0,1.0,1.0,0.0,0.0,0.0,2,0,0
2661,48,26,22,23,12,4,9,6,0,0,6,0,0,0,0,0,0,0,0,0,0,0,0,1.0,1.0,1.0,0.0,0.0,0.0,2,0,0
2662,48,26,22,23,12,4,9,6,0,0,6,0,0,0,0,0,0,0,0,0,0,0,0,1.0,1.0,1.0,0.0,0.0,0.0,2,0,0
2663,48,26,22,23,12,4,9,6,0,0,6,0,0,0,0,0,0,0,0,0,0,0,0,1.0,1.0,1.0,0.0,0.0,0.0,2,0,0
2664,48,26,22,23,12,4,9,6,0,0,6,0,0,0,0,0,0,0,0,0,0,0,0,1.0,1.0,1.0,0.0,0.0,0.0,2,0,0
2665,47,25,22,22,12,4,9,6,0,0,6,0,0,0,0,0,0,0,0,0,1,0,1,0.9714285714285714,1.0,1.0,0.0,0.0,0.0,2,0,1
2666,47,25,22,22,12,4,9,6,0,0,6,0,0,0,0,0,0,0,0,0,0,0,0,1.0,1.0,1.0,0.0,0.0,0.0,2,0,0
2667,47,25,22,22,12,4,9,6,0,0,6,0,0,0,0,0,0,0,0,0,0,0,0,1.0,1.0,1.0,0.0,0.0,0.0,2,0,0
2668,47,25,22,22,12,4,9,6,0,0,6,0,0,0,0,0,0,0,0,0,0,0,0,1.0,1.0,1.0,0.0,0.0,0.0,2,0,0
2669,47,25,22,22,12,4,9,6,0,0,6,0,0,0,0,0,0,0,0,0,0,0,0,1.0,1.0,1.0,0.0,0.0,0.0,2,0,0
2670,46,25,21,21,12,4,9,6,0,0,6,0,0,0,0,0,0,0,0,0,1,2,1,0.9705882352941176,1.0,1.0,0.0,0.0,0.0,2,0,1
2671,45,25,20,20,12,4,9,6,0,0,6,0,0,0,0,0,0,0,0,0,1,0,1,0.9696969696969697,1.0,1.0,0.0,0.0,0.0,2,0,1
2672,45,25,20,20,12,4,9,6,0,0,6,0,0,0,0,0,0,0,0,0,0,0,0,1.0,1.0,1.0,0.0,0.0,0.0,2,0,0
2673,45,25,20,20,12,4,9,6,0,0,6,0,0,0,0,0,0,0,0,0,0,0,0,1.0,1.0,1.0,0.0,0.0,0.0,2,0,0
2674,45,25,20,20,10,6,9,6,0,0,6,0,0,0,0,0,0,0,0,0,0,0,0,1.0,1.0,1.0,0.0,0.0,0.0,2,0,0
2675,45,25,20,20,10,6,9,6,0,0,6,0,0,0,0,0,0,0,0,0,0,0,0,1.0,1.0,1.0,0.0,0.0,0.0,2,0,0
2676,45,25,20,20,10,6,9,6,0,0,6,0,0,0,0,0,0,0,0,0,0,0,0,1.0,1.0,1.0,0.0,0.0,0.0,2,0,0
2677,45,25,20,20,10,6,9,6,0,0,6,0,0,0,0,0,0,0,0,0,0,0,0,1.0,1.0,1.0,0.0,0.0,0.0,2,0,0
2678,45,25,20,20,10,6,9,6,0,0,6,0,0,0,0,0,0,0,0,0,0,0,0,1.0,1.0,1.0,0.0,0.0,0.0,2,0,0
2679,44,24,20,19,10,6,9,6,0,0,6,0,0,0,0,0,0,0,0,0,1,0,1,0.9666666666666667,1.0,1.0,0.0,0.0,0.0,2,0,1
2680,44,24,20,19,10,6,9,6,0,0,6,0,0,0,0,0,0,0,0,0,0,0,0,1.0,1.0,1.0,0.0,0.0,0.0,2,0,0
2681,44,24,20,19,10,6,9,6,0,0,6,0,0,0,0,0,0,0,0,0,0,0,0,1.0,1.0,1.0,0.0,0.0,0.0,2,0,0
2682,44,24,20,19,10,6,9,6,0,0,6,0,0,0,0,0,0,0,0,0,0,0,0,1.0,1.0,1.0,0.0,0.0,0.0,2,0,0
2683,44,24,20,19,10,6,9,6,0,0,6,0,0,0,0,0,0,0,0,0,0,0,0,1.0,1.0,1.0,0.0,0.0,0.0,2,0,0
2684,43,23,20,19,9,6,9,6,0,0,6,0,0,0,0,0,0,0,0,0,1,0,1,0.9655172413793104,1.0,1.0,0.0,0.0,0.0,2,0,1
2685,43,23,20,19,9,6,9,6,0,0,6,0,0,0,0,0,0,0,0,0,0,0,0,1.0,1.0,1.0,0.0,0.0,0.0,2,0,0
2686,43,23,20,19,9,6,9,6,0,0,6,0,0,0,0,0,0,0,0,0,0,0,0,1.0,1.0,1.0,0.0,0.0,0.0,2,0,0
2687,43,23,20,19,9,6,9,6,0,0,6,0,0,0,0,0,0,0,0,0,0,0,0,1.0,1.0,1.0,0.0,0.0,0.0,2,0,0
2688,43,23,20,19,9,6,9,6,0,0,6,0,0,0,0,0,0,0,0,0,0,0,0,1.0,1.0,1.0,0.0,0.0,0.0,2,0,0
2689,43,23,20,19,9,6,9,6,0,0,6,0,0,0,0,0,0,0,0,0,0,0,0,1.0,1.0,1.0,0.0,0.0,0.0,2,0,0
2690,43,23,20,19,9,6,9,6,0,0,6,0,0,0,0,0,0,0,0,0,0,0,0,1.0,1.0,1.0,0.0,0.0,0.0,2,0,0
2691,43,23,20,19,9,6,9,6,0,0,6,0,0,0,0,0,0,0,0,0,0,2,0,1.0,1.0,1.0,0.0,0.0,0.0,2,0,0
2692,43,23,20,19,9,6,9,6,0,0,6,0,0,0,0,0,0,0,0,0,0,1,0,1.0,1.0,1.0,0.0,0.0,0.0,2,0,0
2693,43,23,20,16,12,6,9,6,0,0,6,0,0,0,0,0,0,0,0,0,0,0,0,1.0,1.0,1.0,0.0,0.0,0.0,2,0,0
2694,43,23,20,13,15,6,9,6,0,0,6,0,0,0,0,0,0,0,0,0,0,0,0,1.0,1.0,1.0,0.0,0.0,0.0,2,0,0
2695,43,23,20,9,17,8,9,6,0,0,5,0,0,0,0,0,0,0,0,0,0,0,0,1.0,1.0,1.0,0.0,0.0,0.0,2,0,0
2696,43,23,20,6,19,9,9,6,0,0,4,0,0,0,0,0,2,0,0,0,0,0,0,1.0,1.0,1.0,0.0,0.0,0.0,2,0,0
2697,43,23,20,3,22,9,9,6,1,0,3,0,0,0,0,0,6,1,0,0,0,0,0,1.0,1.0,1.0,0.0,0.0,0.16666666666666666,2,0,0
2698,43,23,20,3,22,7,11,6,3,0,2,0,0,0,0,0,7,2,0,0,0,0,0,1.0,1.0,1.0,0.0,0.0,0.2857142857142857,2,0,0
2699,43,23,20,3,22,7,11,6,4,0,1,0,0,0,0,0,2,1,0,0,0,0,0,1.0,1.0,1.0,0.0,0.0,0.5,2,0,0
2700,43,23,20,3,22,7,11,6,4,1,1,0,0,0,0,0,2,0,1,0,0,0,0,1.0,1.0,1.0,0.0,0.0,0.0,2,0,0
2701,43,23,20,0,25,7,11,6,4,1,1,0,0,0,0,0,0,0,0,0,0,0,0,1.0,1.0,1.0,0.0,0.0,0.0,2,0,0
2702,43,23,20,0,25,7,11,6,4,1,1,0,0,0,0,0,0,0,0,0,0,1,0,1.0,1.0,1.0,0.0,0.0,0.0,2,0,0
2703,43,23,20,0,25,7,11,6,4,1,0,0,0,0,0,0,0,0,0,0,0,0,0,1.0,1.0,1.0,0.0,0.0,0.0,2,0,0
2704,42,23,19,0,24,7,11,6,5,1,0,0,0,0,0,0,6,1,0,0,1,2,1,0.96,1.0,1.0,0.0,0.0,0.16666666666666666,2,0,1
2705,42,23,19,0,24,7,11,6,5,1,0,0,0,0,0,0,0,0,0,0,0,0,0,1.0,1.0,1.0,0.0,0.0,0.0,2,0,0
2706,42,23,19,0,23,8,11,6,5,1,0,0,0,0,0,0,0,0,0,0,0,0,0,1.0,1.0,1.0,0.0,0.0,0.0,2,0,0
2707,42,23,19,0,23,8,11,6,5,1,0,0,0,0,0,0,0,0,0,0,0,0,0,1.0,1.0,1.0,0.0,0.0,0.0,2,0,0
2708,40,22,18,0,20,9,11,6,5,1,0,0,0,0,0,0,0,0,0,0,1,0,1,0.9523809523809523,1.0,1.0,0.0,0.0,0.0,2,0,2
2709,40,22,18,0,20,9,11,6,5,1,0,0,0,0,0,0,0,0,0,0,0,0,0,1.0,1.0,1.0,0.0,0.0,0.0,2,0,0
2710,40,22,18,0,20,9,11,6,5,1,0,0,0,0,0,0,0,0,0,0,0,0,0,1.0,1.0,1.0,0.0,0.0,0.0,2,0,0
2711,39,21,18,0,19,9,11,6,5,1,0,0,0,0,0,0,0,0,0,0,1,0,1,0.95,1.0,1.0,0.0,0.0,0.0,2,0,1
2712,39,21,18,0,19,9,11,6,5,1,0,0,0,0,0,0,0,0,0,0,0,0,0,1.0,1.0,1.0,0.0,0.0,0.0,2,0,0
2713,39,21,18,0,19,9,11,6,5,1,0,0,0,0,0,0,0,0,0,0,0,0,0,1.0,1.0,1.0,0.0,0.0,0.0,2,0,0
2714,39,21,18,0,19,9,11,6,5,1,0,0,0,0,0,0,0,0,0,0,0,0,0,1.0,1.0,1.0,0.0,0.0,0.0,2,0,0
2715,39,21,18,0,19,9,11,6,5,1,0,0,0,0,0,0,0,0,0,0,0,0,0,1.0,1.0,1.0,0.0,0.0,0.0,2,0,0
2716,39,21,18,0,19,9,11,6,5,1,0,0,0,0,0,0,0,0,0,0,0,0,0,1.0,1.0,1.0,0.0,0.0,0.0,2,0,0
2717,39,21,18,0,19,9,11,6,5,1,0,0,0,0,0,0,0,0,0,0,0,0,0,1.0,1.0,1.0,0.0,0.0,0.0,2,0,0
2718,39,21,18,0,19,8,12,6,5,1,0,0,0,0,0,0,0,0,0,0,0,0,0,1.0,1.0,1.0,0.0,0.0,0.0,2,0,0
2719,39,21,18,0,19,8,12,6,5,1,0,0,0,0,0,0,0,0,0,0,0,0,0,1.0,1.0,1.0,0.0,0.0,0.0,2,0,0
2720,39,21,18,0,19,8,12,6,5,1,0,0,0,0,0,0,0,0,0,0,0,0,0,1.0,1.0,1.0,0.0,0.0,0.0,2,0,0
2721,39,21,18,0,19,8,12,6,5,1,0,0,0,0,0,0,0,0,0,0,0,1,0,1.0,1.0,1.0,0.0,0.0,0.0,2,0,0
2722,39,21,18,0,19,8,12,6,5,1,0,0,0,0,0,0,0,0,0,0,0,0,0,1.0,1.0,1.0,0.0,0.0,0.0,2,0,0
2723,39,21,18,0,19,8,12,6,5,1,0,0,0,0,0,0,0,0,0,0,0,0,0,1.0,1.0,1.0,0.0,0.0,0.0,2,0,0
2724,39,21,18,0,19,8,12,6,5,1,0,0,0,0,0,0,0,0,0,0,0,0,0,1.0,1.0,1.0,0.0,0.0,0.0,2,0,0
2725,39,21,18,0,18,9,12,6,5,1,0,0,0,0,0,0,0,0,0,0,0,0,0,1.0,1.0,1.0,0.0,0.0,0.0,2,0,0
2726,39,21,18,0,18,9,12,6,5,1,0,0,0,0,0,0,0,0,0,0,0,0,0,1.0,1.0,1.0,0.0,0.0,0.0,2,0,0
2727,38,21,17,0,17,9,12,6,5,1,0,0,0,0,0,0,0,0,0,0,1,1,1,0.9444444444444444,1.0,1.0,0.0,0.0,0.0,2,0,1
2728,38,21,17,0,17,9,12,6,5,1,0,0,0,0,0,0,0,0,0,0,0,0,0,1.0,1.0,1.0,0.0,0.0,0.0,2,0,0
2729,38,21,17,0,17,9,12,6,5,1,0,0,0,0,0,0,0,0,0,0,0,0,0,1.0,1.0,1.0,0.0,0.0,0.0,2,0,0
2730,38,21,17,0,17,8,13,6,5,1,0,0,0,0,0,0,0,0,0,0,0,0,0,1.0,1.0,1.0,0.0,0.0,0.0,2,0,0
2731,38,21,17,0,16,9,13,6,5,1,0,0,0,0,0,0,0,0,0,0,0,0,0,1.0,1.0,1.0,0.0,0.0,0.0,2,0,0
2732,38,21,17,0,16,9,13,6,5,1,0,0,0,0,0,0,0,0,0,0,0,0,0,1.0,1.0,1.0,0.0,0.0,0.0,2,0,0
2733,38,21,17,0,16,9,13,6,5,1,0,0,0,0,0,0,0,0,0,0,0,0,0,1.0,1.0,1.0,0.0,0.0,0.0,2,0,0
2734,37,20,17,0,16,8,13,6,5,1,0,0,0,0,0,0,0,0,0,0,0,0,0,1.0,1.0,1.0,0.0,0.0,0.0,2,0,1
2735,37,20,17,0,16,8,13,6,5,1,0,0,0,0,0,0,0,0,0,0,0,0,0,1.0,1.0,1.0,0.0,0.0,0.0,2,0,0
2736,37,20,17,0,16,8,13,6,5,1,0,0,0,0,0,0,0,0,0,0,0,0,0,1.0,1.0,1.0,0.0,0.0,0.0,2,0,0
2737,37,20,17,0,16,8,13,6,5,1,0,0,0,0,0,0,0,0,0,0,0,0,0,1.0,1.0,1.0,0.0,0.0,0.0,2,0,0
2738,37,20,17,0,16,8,13,6,5,1,0,0,0,0,0,0,0,0,0,0,0,0,0,1.0,1.0,1.0,0.0,0.0,0.0,2,0,0
2739,36,19,17,0,15,8,13,6,5,1,0,0,0,1,0,0,0,0,0,0,1,0,1,0.9375,1.0,1.0,0.0,0.0,0.0,2,0,1
2740,35,18,17,0,15,8,12,6,5,1,0,0,0,1,0,0,0,0,0,0,0,0,1,1.0,0.8571428571428572,1.0,0.0,0.0,0.0,2,0,1
2741,34,17,17,0,15,7,12,6,5,1,0,0,0,0,0,0,0,0,0,0,0,0,0,1.0,1.0,1.0,0.0,0.0,0.0,2,0,1
2742,32,15,17,0,15,6,11,6,5,1,0,0,0,1,0,0,0,0,0,0,0,0,1,1.0,0.8333333333333334,1.0,0.0,0.0,0.0,2,0,2
2743,30,14,16,0,15,6,9,5,5,0,0,0,0,1,1,0,0,0,0,0,0,0,2,1.0,0.8,0.8333333333333334,0.0,0.0,0.0,2,0,2
2744,29,14,15,0,15,6,8,4,4,0,0,0,0,0,1,0,0,0,0,0,0,0,1,1.0,1.0,0.8,0.0,0.0,0.0,2,0,1
2745,29,14,15,0,15,6,8,4,4,0,0,0,0,0,0,0,0,0,0,0,0,0,0,1.0,1.0,1.0,0.0,0.0,0.0,2,0,0
2746,29,14,15,0,15,6,8,4,4,0,0,0,0,0,0,0,0,0,0,0,0,0,0,1.0,1.0,1.0,0.0,0.0,0.0,2,0,0
2747,29,14,15,0,15,6,8,4,4,0,0,0,0,0,0,0,0,0,0,0,0,0,0,1.0,1.0,1.0,0.0,0.0,0.0,2,0,0
2748,29,14,15,0,15,6,8,4,4,0,0,0,0,0,0,0,0,0,0,0,0,0,0,1.0,1.0,1.0,0.0,0.0,0.0,2,0,0
2749,29,14,15,0,15,6,8,4,4,0,0,0,0,0,0,0,0,0,0,0,0,0,0,1.0,1.0,1.0,0.0,0.0,0.0,2,0,0
2750,29,14,15,0,15,6,8,4,4,0,0,0,0,0,0,0,0,0,0,0,0,0,0,1.0,1.0,1.0,0.0,0.0,0.0,2,0,0
2751,29,14,15,0,15,6,8,4,4,0,0,0,0,0,0,0,0,0,0,0,0,0,0,1.0,1.0,1.0,0.0,0.0,0.0,2,0,0
2752,29,14,15,0,15,6,8,4,4,0,0,0,0,0,0,0,0,0,0,0,0,0,0,1.0,1.0,1.0,0.0,0.0,0.0,2,0,0
2753,29,14,15,0,15,6,8,4,4,0,0,0,0,0,0,0,0,0,0,0,0,0,0,1.0,1.0,1.0,0.0,0.0,0.0,2,0,0
2754,29,14,15,0,15,6,8,4,4,0,0,0,0,0,0,0,0,0,0,0,0,0,0,1.0,1.0,1.0,0.0,0.0,0.0,2,0,0
2755,29,14,15,0,15,6,8,4,4,0,0,0,0,0,0,0,0,0,0,0,0,0,0,1.0,1.0,1.0,0.0,0.0,0.0,2,0,0
2756,29,14,15,0,15,6,8,4,4,0,0,0,0,0,0,0,0,0,0,0,0,0,0,1.0,1.0,1.0,0.0,0.0,0.0,2,0,0
2757,29,14,15,0,15,6,8,4,4,0,0,0,0,0,0,0,0,0,0,0,0,0,0,1.0,1.0,1.0,0.0,0.0,0.0,2,0,0
2758,29,14,15,0,15,6,8,4,4,0,0,0,0,0,0,0,0,0,0,0,0,0,0,1.0,1.0,1.0,0.0,0.0,0.0,2,0,0
2759,29,14,15,0,15,6,8,4,4,0,0,0,0,0,0,0,0,0,0,0,0,0,0,1.0,1.0,1.0,0.0,0.0,0.0,2,0,0
2760,29,14,15,0,15,6,8,4,4,0,0,0,0,0,0,0,0,0,0,0,0,0,0,1.0,1.0,1.0,0.0,0.0,0.0,2,0,0
2761,29,14,15,0,15,6,8,4,4,0,0,0,0,0,0,0,0,0,0,0,0,0,0,1.0,1.0,1.0,0.0,0.0,0.0,2,0,0
2762,32,17,15,3,15,6,8,4,3,0,1,0,0,0,0,0,0,0,0,1,0,0,0,1.0,1.0,1.0,0.10344827586206896,0.10344827586206896,0.0,2,3,0
2763,36,20,16,7,15,6,8,4,2,0,2,0,0,0,0,0,0,0,0,1,0,0,0,1.0,1.0,1.0,0.125,0.125,0.0,2,4,0
2764,39,21,18,10,15,6,8,4,1,0,3,0,0,0,0,0,0,0,0,1,0,0,0,1.0,1.0,1.0,0.08333333333333333,0.08333333333333333,0.0,2,3,0
2765,38,21,17,10,14,6,8,4,1,0,3,0,0,0,0,0,0,0,0,0,1,0,1,0.96,1.0,1.0,0.0,0.0,0.0,2,0,1
2766,38,21,17,10,14,6,8,4,1,0,3,0,0,0,0,0,0,0,0,0,0,0,0,1.0,1.0,1.0,0.0,0.0,0.0,2,0,0
2767,38,21,17,10,14,6,8,4,1,0,3,0,0,0,0,0,0,0,0,0,0,0,0,1.0,1.0,1.0,0.0,0.0,0.0,2,0,0
2768,38,21,17,10,14,6,8,4,1,0,3,0,0,0,0,0,0,0,0,0,0,0,0,1.0,1.0,1.0,0.0,0.0,0.0,2,0,0
2769,42,24,18,14,14,6,8,4,0,0,4,0,0,0,0,0,0,0,0,1,0,0,0,1.0,1.0,1.0,0.10526315789473684,0.10526315789473684,0.0,2,4,0
2770,41,24,17,14,13,6,8,4,0,0,4,0,0,0,0,0,0,0,0,0,1,0,1,0.9642857142857143,1.0,1.0,0.0,0.0,0.0,2,0,1
2771,41,24,17,14,13,6,8,4,0,0,4,0,0,0,0,0,0,0,0,0,0,0,0,1.0,1.0,1.0,0.0,0.0,0.0,2,0,0
2772,41,24,17,14,13,6,8,4,0,0,4,0,0,0,0,0,0,0,0,0,0,0,0,1.0,1.0,1.0,0.0,0.0,0.0,2,0,0
2773,41,24,17,14,13,6,8,4,0,0,4,0,0,0,0,0,0,0,0,0,0,0,0,1.0,1.0,1.0,0.0,0.0,0.0,2,0,0
2774,41,24,17,14,13,6,8,4,0,0,4,0,0,0,0,0,0,0,0,0,0,0,0,1.0,1.0,1.0,0.0,0.0,0.0,2,0,0
2775,40,23,17,13,13,6,8,4,0,0,4,0,0,0,0,0,0,0,0,0,1,0,1,0.962962962962963,1.0,1.0,0.0,0.0,0.0,2,0,1
2776,40,23,17,13,13,6,8,4,0,0,4,0,0,0,0,0,0,0,0,0,0,0,0,1.0,1.0,1.0,0.0,0.0,0.0,2,0,0
2777,40,23,17,13,13,6,8,4,0,0,4,0,0,0,0,0,0,0,0,0,0,0,0,1.0,1.0,1.0,0.0,0.0,0.0,2,0,0
2778,40,23,17,13,13,6,8,4,0,0,4,0,0,0,0,0,0,0,0,0,0,0,0,1.0,1.0,1.0,0.0,0.0,0.0,2,0,0
2779,40,23,17,13,13,6,8,4,0,0,4,0,0,0,0,0,0,0,0,0,0,0,0,1.0,1.0,1.0,0.0,0.0,0.0,2,0,0
2780,40,23,17,13,13,6,8,4,0,0,4,0,0,0,0,0,0,0,0,0,0,0,0,1.0,1.0,1.0,0.0,0.0,0.0,2,0,0
2781,40,23,17,13,13,6,8,4,0,0,4,0,0,0,0,0,0,0,0,0,0,0,0,1.0,1.0,1.0,0.0,0.0,0.0,2,0,0
2782,40,23,17,13,13,6,8,4,0,0,4,0,0,0,0,0,0,0,0,0,0,0,0,1.0,1.0,1.0,0.0,0.0,0.0,2,0,0
2783,40,23,17,13,13,6,8,4,0,0,4,0,0,0,0,0,0,0,0,0,0,0,0,1.0,1.0,1.0,0.0,0.0,0.0,2,0,0
2784,40,23,17,13,13,6,8,4,0,0,4,0,0,0,0,0,0,0,0,0,0,0,0,1.0,1.0,1.0,0.0,0.0,0.0,2,0,0
2785,40,23,17,13,13,6,8,4,0,0,4,0,0,0,0,0,0,0,0,0,0,0,0,1.0,1.0,1.0,0.0,0.0,0.0,2,0,0
2786,38,22,16,12,12,6,8,4,0,0,4,0,0,0,0,0,0,0,0,0,2,0,2,0.9230769230769231,1.0,1.0,0.0,0.0,0.0,2,0,2
2787,38,22,16,12,12,6,8,4,0,0,4,0,0,0,0,0,0,0,0,0,0,0,0,1.0,1.0,1.0,0.0,0.0,0.0,2,0,0
2788,38,22,16,12,12,6,8,4,0,0,4,0,0,0,0,0,0,0,0,0,0,0,0,1.0,1.0,1.0,0.0,0.0,0.0,2,0,0
2789,38,22,16,12,12,6,8,4,0,0,4,0,0,0,0,0,0,0,0,0,0,0,0,1.0,1.0,1.0,0.0,0.0,0.0,2,0,0
2790,38,22,16,12,12,6,8,4,0,0,4,0,0,0,0,0,0,0,0,0,0,0,0,1.0,1.0,1.0,0.0,0.0,0.0,2,0,0
2791,38,22,16,12,12,6,8,4,0,0,4,0,0,0,0,0,0,0,0,0,0,0,0,1.0,1.0,1.0,0.0,0.0,0.0,2,0,0
2792,38,22,16,12,12,6,8,4,0,0,4,0,0,0,0,0,0,0,0,0,0,0,0,1.0,1.0,1.0,0.0,0.0,0.0,2,0,0
2793,38,22,16,12,12,6,8,4,0,0,4,0,0,0,0,0,0,0,0,0,0,0,0,1.0,1.0,1.0,0.0,0.0,0.0,2,0,0
2794,38,22,16,12,12,6,8,4,0,0,4,0,0,0,0,0,0,0,0,0,0,0,0,1.0,1.0,1.0,0.0,0.0,0.0,2,0,0
2795,38,22,16,12,12,6,8,4,0,0,4,0,0,0,0,0,0,0,0,0,0,0,0,1.0,1.0,1.0,0.0,0.0,0.0,2,0,0
2796,38,22,16,12,12,6,8,4,0,0,4,0,0,0,0,0,0,0,0,0,0,0,0,1.0,1.0,1.0,0.0,0.0,0.0,2,0,0
2797,38,22,16,12,12,6,8,4,0,0,4,0,0,0,0,0,0,0,0,0,0,0,0,1.0,1.0,1.0,0.0,0.0,0.0,2,0,0
2798,38,22,16,12,12,6,8,4,0,0,4,0,0,0,0,0,0,0,0,0,0,0,0,1.0,1.0,1.0,0.0,0.0,0.0,2,0,0
2799,38,22,16,12,12,6,8,4,0,0,4,0,0,0,0,0,0,0,0,0,0,0,0,1.0,1.0,1.0,0.0,0.0,0.0,2,0,0
2800,38,22,16,12,12,6,8,4,0,0,4,0,0,0,0,0,0,0,0,0,0,0,0,1.0,1.0,1.0,0.0,0.0,0.0,2,0,0
2801,38,22,16,12,12,6,8,4,0,0,4,0,0,0,0,0,0,0,0,0,0,0,0,1.0,1.0,1.0,0.0,0.0,0.0,2,0,0
2802,38,22,16,12,12,6,8,4,0,0,4,0,0,0,0,0,0,0,0,0,0,0,0,1.0,1.0,1.0,0.0,0.0,0.0,2,0,0
2803,37,22,15,12,11,6,8,4,0,0,4,0,0,0,0,0,0,0,0,0,1,0,1,0.9583333333333334,1.0,1.0,0.0,0.0,0.0,2,0,1
2804,37,22,15,12,11,6,8,4,0,0,4,0,0,0,0,0,0,0,0,0,0,0,0,1.0,1.0,1.0,0.0,0.0,0.0,2,0,0
2805,37,22,15,10,13,6,8,4,0,0,4,0,0,0,0,0,0,0,0,0,0,0,0,1.0,1.0,1.0,0.0,0.0,0.0,2,0,0
2806,37,22,15,6,17,6,8,4,0,0,4,0,0,0,0,0,0,0,0,0,0,0,0,1.0,1.0,1.0,0.0,0.0,0.0,2,0,0
2807,37,22,15,4,19,6,8,4,0,0,3,0,0,0,0,0,0,0,0,0,0,0,0,1.0,1.0,1.0,0.0,0.0,0.0,2,0,0
2808,37,22,15,4,19,6,8,4,0,0,2,0,0,0,0,0,1,0,0,0,0,0,0,1.0,1.0,1.0,0.0,0.0,0.0,2,0,0
2809,36,21,15,4,18,6,8,4,0,0,1,0,0,0,0,0,4,0,0,0,1,0,1,0.9565217391304348,1.0,1.0,0.0,0.0,0.0,2,0,1
2810,36,21,15,4,18,6,8,4,0,0,1,0,0,0,0,0,1,0,0,0,0,0,0,1.0,1.0,1.0,0.0,0.0,0.0,2,0,0
2811,36,21,15,4,18,6,8,4,3,0,1,0,0,0,0,0,7,3,0,0,0,0,0,1.0,1.0,1.0,0.0,0.0,0.42857142857142855,2,0,0
2812,36,21,15,0,22,6,8,4,3,0,1,0,0,0,0,0,0,0,0,0,0,0,0,1.0,1.0,1.0,0.0,0.0,0.0,2,0,0
2813,36,21,15,0,22,6,8,4,3,0,1,0,0,0,0,0,0,0,0,0,0,0,0,1.0,1.0,1.0,0.0,0.0,0.0,2,0,0
2814,36,21,15,0,22,6,8,4,3,0,0,0,0,0,0,0,0,0,0,0,0,0,0,1.0,1.0,1.0,0.0,0.0,0.0,2,0,0
2815,36,21,15,0,22,6,8,4,4,0,0,0,0,0,0,0,6,1,0,0,0,0,0,1.0,1.0,1.0,0.0,0.0,0.16666666666666666,2,0,0
2816,36,21,15,0,22,6,8,4,4,0,0,0,0,0,0,0,0,0,0,0,0,0,0,1.0,1.0,1.0,0.0,0.0,0.0,2,0,0
2817,36,21,15,0,22,6,8,4,4,0,0,0,0,0,0,0,0,0,0,0,0,0,0,1.0,1.0,1.0,0.0,0.0,0.0,2,0,0
2818,36,21,15,0,22,6,8,4,4,0,0,0,0,0,0,0,0,0,0,0,0,0,0,1.0,1.0,1.0,0.0,0.0,0.0,2,0,0
2819,36,21,15,0,22,6,8,4,4,0,0,0,0,0,0,0,0,0,0,0,0,0,0,1.0,1.0,1.0,0.0,0.0,0.0,2,0,0
2820,36,21,15,0,22,6,8,4,4,0,0,0,0,0,0,0,0,0,0,0,0,0,0,1.0,1.0,1.0,0.0,0.0,0.0,2,0,0
2821,36,21,15,0,22,6,8,4,4,0,0,0,0,0,0,0,0,0,0,0,0,0,0,1.0,1.0,1.0,0.0,0.0,0.0,2,0,0
2822,36,21,15,0,22,6,8,4,4,0,0,0,0,0,0,0,0,0,0,0,0,0,0,1.0,1.0,1.0,0.0,0.0,0.0,2,0,0
2823,36,21,15,0,22,6,8,4,4,0,0,0,0,0,0,0,0,0,0,0,0,0,0,1.0,1.0,1.0,0.0,0.0,0.0,2,0,0
2824,36,21,15,0,22,6,8,4,4,0,0,0,0,0,0,0,0,0,0,0,0,0,0,1.0,1.0,1.0,0.0,0.0,0.0,2,0,0
2825,36,21,15,0,22,6,8,4,4,0,0,0,0,0,0,0,0,0,0,0,0,0,0,1.0,1.0,1.0,0.0,0.0,0.0,2,0,0
2826,36,21,15,0,22,6,8,4,4,0,0,0,0,0,0,0,0,0,0,0,0,0,0,1.0,1.0,1.0,0.0,0.0,0.0,2,0,0
2827,36,21,15,0,22,6,8,4,4,0,0,0,0,0,0,0,0,0,0,0,0,0,0,1.0,1.0,1.0,0.0,0.0,0.0,2,0,0
2828,36,21,15,0,22,6,8,4,4,0,0,0,0,0,0,0,0,0,0,0,0,0,0,1.0,1.0,1.0,0.0,0.0,0.0,2,0,0
2829,33,19,14,0,20,6,7,3,3,0,0,0,0,2,1,0,0,0,0,0,2,0,3,0.9090909090909091,1.0,0.75,0.0,0.0,0.0,2,0,3
2830,31,18,13,0,19,3,9,3,3,0,0,0,0,0,1,0,0,0,0,0,1,2,2,0.95,1.0,1.0,0.0,0.0,0.0,2,0,2
2831,31,18,13,0,19,3,9,3,3,0,0,0,0,0,0,0,0,0,0,0,0,1,0,1.0,1.0,1.0,0.0,0.0,0.0,2,0,0
2832,30,18,12,0,19,2,9,3,3,0,0,0,0,0,1,0,0,0,0,0,0,2,1,1.0,1.0,1.0,0.0,0.0,0.0,2,0,1
2833,28,16,12,0,18,2,8,3,3,0,0,0,0,2,0,0,0,0,0,0,1,2,2,0.9473684210526316,0.8333333333333334,1.0,0.0,0.0,0.0,2,0,2
2834,25,15,10,0,15,3,7,2,2,0,0,0,0,1,2,0,0,0,0,0,0,1,3,0.9375,1.0,0.6666666666666667,0.0,0.0,0.0,2,0,3
2835,25,15,10,0,14,4,7,2,2,0,0,0,0,0,0,0,0,0,0,0,0,0,0,1.0,1.0,1.0,0.0,0.0,0.0,2,0,0
2836,25,15,10,0,14,4,7,2,2,0,0,0,0,0,0,0,0,0,0,0,0,0,0,1.0,1.0,1.0,0.0,0.0,0.0,2,0,0
2837,25,15,10,0,12,6,7,2,2,0,0,0,0,0,0,0,0,0,0,0,0,0,0,1.0,1.0,1.0,0.0,0.0,0.0,2,0,0
2838,25,15,10,0,11,7,7,2,2,0,0,0,0,0,0,0,0,0,0,0,0,0,0,1.0,1.0,1.0,0.0,0.0,0.0,2,0,0
2839,25,15,10,0,11,7,7,2,2,0,0,0,0,0,0,0,0,0,0,0,0,0,0,1.0,1.0,1.0,0.0,0.0,0.0,2,0,0
2840,25,15,10,0,11,7,7,2,2,0,0,0,0,0,0,0,0,0,0,0,0,0,0,1.0,1.0,1.0,0.0,0.0,0.0,2,0,0
2841,25,15,10,0,11,7,7,2,2,0,0,0,0,0,0,0,0,0,0,0,0,0,0,1.0,1.0,1.0,0.0,0.0,0.0,2,0,0
2842,25,15,10,0,11,7,7,2,2,0,0,0,0,0,0,0,0,0,0,0,0,0,0,1.0,1.0,1.0,0.0,0.0,0.0,2,0,0
2843,25,15,10,0,11,7,7,2,2,0,0,0,0,0,0,0,0,0,0,0,0,0,0,1.0,1.0,1.0,0.0,0.0,0.0,2,0,0
2844,25,15,10,0,11,7,7,2,2,0,0,0,0,0,0,0,0,0,0,0,0,0,0,1.0,1.0,1.0,0.0,0.0,0.0,2,0,0
2845,25,15,10,0,11,7,7,2,2,0,0,0,0,0,0,0,0,0,0,0,0,0,0,1.0,1.0,1.0,0.0,0.0,0.0,2,0,0
2846,25,15,10,0,11,7,7,2,2,0,0,0,0,0,0,0,0,0,0,0,0,0,0,1.0,1.0,1.0,0.0,0.0,0.0,2,0,0
2847,25,15,10,0,11,7,7,2,2,0,0,0,0,0,0,0,0,0,0,0,0,0,0,1.0,1.0,1.0,0.0,0.0,0.0,2,0,0
2848,25,15,10,0,11,7,7,2,2,0,0,0,0,0,0,0,0,0,0,0,0,0,0,1.0,1.0,1.0,0.0,0.0,0.0,2,0,0
2849,25,15,10,0,11,7,7,2,2,0,0,0,0,0,0,0,0,0,0,0,0,0,0,1.0,1.0,1.0,0.0,0.0,0.0,2,0,0
2850,25,15,10,0,11,7,7,2,2,0,0,0,0,0,0,0,0,0,0,0,0,0,0,1.0,1.0,1.0,0.0,0.0,0.0,2,0,0
2851,25,15,10,0,11,7,7,2,2,0,0,0,0,0,0,0,0,0,0,0,0,0,0,1.0,1.0,1.0,0.0,0.0,0.0,2,0,0
2852,25,15,10,0,11,7,7,2,2,0,0,0,0,0,0,0,0,0,0,0,0,0,0,1.0,1.0,1.0,0.0,0.0,0.0,2,0,0
2853,25,15,10,0,11,7,7,2,2,0,0,0,0,0,0,0,0,0,0,0,0,0,0,1.0,1.0,1.0,0.0,0.0,0.0,2,0,0
2854,25,15,10,0,11,7,7,2,2,0,0,0,0,0,0,0,0,0,0,0,0,0,0,1.0,1.0,1.0,0.0,0.0,0.0,2,0,0
2855,25,15,10,0,11,7,7,2,2,0,0,0,0,0,0,0,0,0,0,0,0,0,0,1.0,1.0,1.0,0.0,0.0,0.0,2,0,0
2856,25,15,10,0,11,7,7,2,2,0,0,0,0,0,0,0,0,0,0,0,0,0,0,1.0,1.0,1.0,0.0,0.0,0.0,2,0,0
2857,25,15,10,0,11,7,7,2,2,0,0,0,0,0,0,0,0,0,0,0,0,0,0,1.0,1.0,1.0,0.0,0.0,0.0,2,0,0
2858,25,15,10,0,11,7,7,2,2,0,0,0,0,0,0,0,0,0,0,0,0,0,0,1.0,1.0,1.0,0.0,0.0,0.0,2,0,0
2859,25,15,10,0,11,7,7,2,2,0,0,0,0,0,0,0,0,0,0,0,0,0,0,1.0,1.0,1.0,0.0,0.0,0.0,2,0,0
2860,25,15,10,0,11,7,7,2,2,0,0,0,0,0,0,0,0,0,0,0,0,0,0,1.0,1.0,1.0,0.0,0.0,0.0,2,0,0
2861,25,15,10,0,11,7,7,2,2,0,0,0,0,0,0,0,0,0,0,0,0,0,0,1.0,1.0,1.0,0.0,0.0,0.0,2,0,0
2862,25,15,10,0,11,7,7,2,2,0,0,0,0,0,0,0,0,0,0,0,0,0,0,1.0,1.0,1.0,0.0,0.0,0.0,2,0,0
2863,25,15,10,0,11,7,7,2,2,0,0,0,0,0,0,0,0,0,0,0,0,0,0,1.0,1.0,1.0,0.0,0.0,0.0,2,0,0
2864,25,15,10,0,11,7,7,2,2,0,0,0,0,0,0,0,0,0,0,0,0,0,0,1.0,1.0,1.0,0.0,0.0,0.0,2,0,0
2865,25,15,10,0,11,7,7,2,2,0,0,0,0,0,0,0,0,0,0,0,0,0,0,1.0,1.0,1.0,0.0,0.0,0.0,2,0,0
2866,25,15,10,0,11,6,8,2,2,0,0,0,0,0,0,0,0,0,0,0,0,0,0,1.0,1.0,1.0,0.0,0.0,0.0,2,0,0
2867,25,15,10,0,11,6,8,2,2,0,0,0,0,0,0,0,0,0,0,0,0,0,0,1.0,1.0,1.0,0.0,0.0,0.0,2,0,0
2868,25,15,10,0,11,6,8,2,2,0,0,0,0,0,0,0,0,0,0,0,0,0,0,1.0,1.0,1.0,0.0,0.0,0.0,2,0,0
2869,25,15,10,0,11,6,8,2,2,0,0,0,0,0,0,0,0,0,0,0,0,0,0,1.0,1.0,1.0,0.0,0.0,0.0,2,0,0
2870,25,15,10,0,11,6,8,2,2,0,0,0,0,0,0,0,0,0,0,0,0,0,0,1.0,1.0,1.0,0.0,0.0,0.0,2,0,0
2871,25,15,10,0,11,6,8,2,2,0,0,0,0,0,0,0,0,0,0,0,0,0,0,1.0,1.0,1.0,0.0,0.0,0.0,2,0,0
2872,25,15,10,0,11,6,8,2,2,0,0,0,0,0,0,0,0,0,0,0,0,0,0,1.0,1.0,1.0,0.0,0.0,0.0,2,0,0
2873,25,15,10,0,11,6,8,2,2,0,0,0,0,0,0,0,0,0,0,0,0,0,0,1.0,1.0,1.0,0.0,0.0,0.0,2,0,0
2874,25,15,10,0,11,6,8,2,2,0,0,0,0,0,0,0,0,0,0,0,0,0,0,1.0,1.0,1.0,0.0,0.0,0.0,2,0,0
2875,25,15,10,0,11,6,8,2,2,0,0,0,0,0,0,0,0,0,0,0,0,0,0,1.0,1.0,1.0,0.0,0.0,0.0,2,0,0
2876,32,17,15,7,11,6,8,2,0,0,2,0,0,0,0,0,0,0,0,2,0,0,0,1.0,1.0,1.0,0.28,0.28,0.0,2,7,0
2877,32,17,15,7,11,6,8,2,0,0,2,0,0,0,0,0,0,0,0,0,0,0,0,1.0,1.0,1.0,0.0,0.0,0.0,2,0,0
2878,32,17,15,7,11,6,8,2,0,0,2,0,0,0,0,0,0,0,0,0,0,0,0,1.0,1.0,1.0,0.0,0.0,0.0,2,0,0
2879,32,17,15,7,11,6,8,2,0,0,2,0,0,0,0,0,0,0,0,0,0,0,0,1.0,1.0,1.0,0.0,0.0,0.0,2,0,0
2880,32,17,15,7,11,6,8,2,0,0,2,0,0,0,0,0,0,0,0,0,0,0,0,1.0,1.0,1.0,0.0,0.0,0.0,2,0,0
2881,32,17,15,7,11,6,8,2,0,0,2,0,0,0,0,0,0,0,0,0,0,0,0,1.0,1.0,1.0,0.0,0.0,0.0,2,0,0
2882,32,17,15,7,11,6,8,2,0,0,2,0,0,0,0,0,0,0,0,0,0,0,0,1.0,1.0,1.0,0.0,0.0,0.0,2,0,0
2883,32,17,15,7,11,6,8,2,0,0,2,0,0,0,0,0,0,0,0,0,0,0,0,1.0,1.0,1.0,0.0,0.0,0.0,2,0,0
2884,32,17,15,7,11,6,8,2,0,0,2,0,0,0,0,0,0,0,0,0,0,0,0,1.0,1.0,1.0,0.0,0.0,0.0,2,0,0
2885,31,17,14,7,10,6,8,2,0,0,2,0,0,0,0,0,0,0,0,0,1,0,1,0.9444444444444444,1.0,1.0,0.0,0.0,0.0,2,0,1
2886,31,17,14,7,10,6,8,2,0,0,2,0,0,0,0,0,0,0,0,0,0,0,0,1.0,1.0,1.0,0.0,0.0,0.0,2,0,0
2887,31,17,14,7,10,6,8,2,0,0,2,0,0,0,0,0,0,0,0,0,0,0,0,1.0,1.0,1.0,0.0,0.0,0.0,2,0,0
2888,31,17,14,7,10,6,8,2,0,0,2,0,0,0,0,0,0,0,0,0,0,0,0,1.0,1.0,1.0,0.0,0.0,0.0,2,0,0
2889,31,17,14,7,10,6,8,2,0,0,2,0,0,0,0,0,0,0,0,0,0,0,0,1.0,1.0,1.0,0.0,0.0,0.0,2,0,0
2890,31,17,14,7,10,6,8,2,0,0,2,0,0,0,0,0,0,0,0,0,0,0,0,1.0,1.0,1.0,0.0,0.0,0.0,2,0,0
2891,31,17,14,7,10,6,8,2,0,0,2,0,0,0,0,0,0,0,0,0,0,0,0,1.0,1.0,1.0,0.0,0.0,0.0,2,0,0
2892,31,17,14,7,10,6,8,2,0,0,2,0,0,0,0,0,0,0,0,0,0,0,0,1.0,1.0,1.0,0.0,0.0,0.0,2,0,0
2893,31,17,14,7,10,6,8,2,0,0,2,0,0,0,0,0,0,0,0,0,0,0,0,1.0,1.0,1.0,0.0,0.0,0.0,2,0,0
2894,31,17,14,7,10,6,8,2,0,0,2,0,0,0,0,0,0,0,0,0,0,0,0,1.0,1.0,1.0,0.0,0.0,0.0,2,0,0
2895,31,17,14,7,10,6,8,2,0,0,2,0,0,0,0,0,0,0,0,0,0,0,0,1.0,1.0,1.0,0.0,0.0,0.0,2,0,0
2896,31,17,14,7,10,6,8,2,0,0,2,0,0,0,0,0,0,0,0,0,0,0,0,1.0,1.0,1.0,0.0,0.0,0.0,2,0,0
2897,31,17,14,7,10,6,8,2,0,0,2,0,0,0,0,0,0,0,0,0,0,0,0,1.0,1.0,1.0,0.0,0.0,0.0,2,0,0
2898,31,17,14,7,10,6,8,2,0,0,2,0,0,0,0,0,0,0,0,0,0,0,0,1.0,1.0,1.0,0.0,0.0,0.0,2,0,0
2899,31,17,14,7,10,6,8,2,0,0,2,0,0,0,0,0,0,0,0,0,0,0,0,1.0,1.0,1.0,0.0,0.0,0.0,2,0,0
2900,31,17,14,7,10,6,8,2,0,0,2,0,0,0,0,0,0,0,0,0,0,0,0,1.0,1.0,1.0,0.0,0.0,0.0,2,0,0
2901,31,17,14,7,10,6,8,2,0,0,2,0,0,0,0,0,0,0,0,0,0,0,0,1.0,1.0,1.0,0.0,0.0,0.0,2,0,0
2902,31,17,14,7,10,6,8,2,0,0,2,0,0,0,0,0,0,0,0,0,0,0,0,1.0,1.0,1.0,0.0,0.0,0.0,2,0,0
2903,31,17,14,7,10,6,8,2,0,0,2,0,0,0,0,0,0,0,0,0,0,0,0,1.0,1.0,1.0,0.0,0.0,0.0,2,0,0
2904,31,17,14,7,10,6,8,2,0,0,2,0,0,0,0,0,0,0,0,0,0,0,0,1.0,1.0,1.0,0.0,0.0,0.0,2,0,0
2905,31,17,14,7,10,6,8,2,0,0,2,0,0,0,0,0,0,0,0,0,0,0,0,1.0,1.0,1.0,0.0,0.0,0.0,2,0,0
2906,31,17,14,7,10,6,8,2,0,0,2,0,0,0,0,0,0,0,0,0,0,0,0,1.0,1.0,1.0,0.0,0.0,0.0,2,0,0
2907,31,17,14,7,10,6,8,2,0,0,2,0,0,0,0,0,0,0,0,0,0,0,0,1.0,1.0,1.0,0.0,0.0,0.0,2,0,0
2908,31,17,14,7,10,6,8,2,0,0,2,0,0,0,0,0,0,0,0,0,0,0,0,1.0,1.0,1.0,0.0,0.0,0.0,2,0,0
2909,31,17,14,7,10,6,8,2,0,0,2,0,0,0,0,0,0,0,0,0,0,0,0,1.0,1.0,1.0,0.0,0.0,0.0,2,0,0
2910,31,17,14,7,10,6,8,2,0,0,2,0,0,0,0,0,0,0,0,0,0,0,0,1.0,1.0,1.0,0.0,0.0,0.0,2,0,0
2911,31,17,14,7,10,6,8,2,0,0,2,0,0,0,0,0,0,0,0,0,0,0,0,1.0,1.0,1.0,0.0,0.0,0.0,2,0,0
2912,31,17,14,7,10,6,8,2,0,0,2,0,0,0,0,0,0,0,0,0,0,0,0,1.0,1.0,1.0,0.0,0.0,0.0,2,0,0
2913,31,17,14,7,10,6,8,2,0,0,2,0,0,0,0,0,0,0,0,0,0,0,0,1.0,1.0,1.0,0.0,0.0,0.0,2,0,0
2914,31,17,14,7,10,6,8,2,0,0,2,0,0,0,0,0,0,0,0,0,0,0,0,1.0,1.0,1.0,0.0,0.0,0.0,2,0,0
2915,31,17,14,7,10,6,8,2,0,0,2,0,0,0,0,0,0,0,0,0,0,0,0,1.0,1.0,1.0,0.0,0.0,0.0,2,0,0
2916,31,17,14,7,10,6,8,2,0,0,2,0,0,0,0,0,0,0,0,0,0,0,0,1.0,1.0,1.0,0.0,0.0,0.0,2,0,0
2917,31,17,14,7,10,6,8,2,0,0,2,0,0,0,0,0,0,0,0,0,0,0,0,1.0,1.0,1.0,0.0,0.0,0.0,2,0,0
2918,31,17,14,7,10,6,8,2,0,0,2,0,0,0,0,0,0,0,0,0,0,0,0,1.0,1.0,1.0,0.0,0.0,0.0,2,0,0
2919,31,17,14,0,17,6,8,2,0,0,2,0,0,0,0,0,0,0,0,0,0,0,0,1.0,1.0,1.0,0.0,0.0,0.0,2,0,0
2920,31,17,14,0,17,6,8,2,0,0,2,0,0,0,0,0,0,0,0,0,0,0,0,1.0,1.0,1.0,0.0,0.0,0.0,2,0,0
2921,31,17,14,0,17,6,8,2,0,0,0,0,0,0,0,0,0,0,0,0,0,0,0,1.0,1.0,1.0,0.0,0.0,0.0,2,0,0
2922,30,17,13,0,16,6,8,2,0,0,0,0,0,0,1,0,0,0,0,0,1,0,1,0.9411764705882353,1.0,1.0,0.0,0.0,0.0,2,0,1
2923,30,17,13,0,16,6,8,2,0,0,0,0,0,0,0,0,0,0,0,0,0,0,0,1.0,1.0,1.0,0.0,0.0,0.0,2,0,0
2924,29,16,13,0,15,6,8,2,0,0,0,0,0,1,0,0,0,0,0,0,1,0,1,0.9375,1.0,1.0,0.0,0.0,0.0,2,0,1
2925,29,16,13,0,15,6,8,2,0,0,0,0,0,0,0,0,0,0,0,0,0,0,0,1.0,1.0,1.0,0.0,0.0,0.0,2,0,0
2926,29,16,13,0,15,6,8,2,0,0,0,0,0,0,0,0,0,0,0,0,0,0,0,1.0,1.0,1.0,0.0,0.0,0.0,2,0,0
2927,29,16,13,0,15,6,8,2,0,0,0,0,0,0,0,0,0,0,0,0,0,0,0,1.0,1.0,1.0,0.0,0.0,0.0,2,0,0
2928,29,16,13,0,15,6,8,2,0,0,0,0,0,0,0,0,0,0,0,0,0,0,0,1.0,1.0,1.0,0.0,0.0,0.0,2,0,0
2929,29,16,13,0,15,6,8,2,0,0,0,0,0,0,0,0,0,0,0,0,0,0,0,1.0,1.0,1.0,0.0,0.0,0.0,2,0,0
2930,29,16,13,0,15,5,9,3,0,0,0,0,0,0,0,0,0,0,0,0,0,0,0,1.0,1.0,1.0,0.0,0.0,0.0,2,0,0
2931,29,16,13,0,15,5,9,3,0,0,0,0,0,0,0,0,0,0,0,0,0,0,0,1.0,1.0,1.0,0.0,0.0,0.0,2,0,0
2932,29,16,13,0,15,5,9,3,0,0,0,0,0,0,0,0,0,0,0,0,0,0,0,1.0,1.0,1.0,0.0,0.0,0.0,2,0,0
2933,29,16,13,0,15,5,9,3,0,0,0,0,0,0,0,0,0,0,0,0,0,0,0,1.0,1.0,1.0,0.0,0.0,0.0,2,0,0
2934,29,16,13,0,15,5,9,3,0,0,0,0,0,0,0,0,0,0,0,0,0,0,0,1.0,1.0,1.0,0.0,0.0,0.0,2,0,0
2935,29,16,13,0,15,5,9,3,0,0,0,0,0,0,0,0,0,0,0,0,0,0,0,1.0,1.0,1.0,0.0,0.0,0.0,2,0,0
2936,29,16,13,0,15,5,9,3,0,0,0,0,0,0,0,0,0,0,0,0,0,0,0,1.0,1.0,1.0,0.0,0.0,0.0,2,0,0
2937,29,16,13,0,15,5,9,3,0,0,0,0,0,0,0,0,0,0,0,0,0,0,0,1.0,1.0,1.0,0.0,0.0,0.0,2,0,0
2938,29,16,13,0,15,5,9,3,0,0,0,0,0,0,0,0,0,0,0,0,0,0,0,1.0,1.0,1.0,0.0,0.0,0.0,2,0,0
2939,29,16,13,0,15,5,9,3,0,0,0,0,0,0,0,0,0,0,0,0,0,0,0,1.0,1.0,1.0,0.0,0.0,0.0,2,0,0
2940,29,16,13,0,15,5,9,3,0,0,0,0,0,0,0,0,0,0,0,0,0,0,0,1.0,1.0,1.0,0.0,0.0,0.0,2,0,0
2941,29,16,13,0,15,5,9,3,0,0,0,0,0,0,0,0,0,0,0,0,0,0,0,1.0,1.0,1.0,0.0,0.0,0.0,2,0,0
2942,29,16,13,0,15,5,9,3,0,0,0,0,0,0,0,0,0,0,0,0,0,1,0,1.0,1.0,1.0,0.0,0.0,0.0,2,0,0
2943,29,16,13,0,15,5,9,3,0,0,0,0,0,0,0,0,0,0,0,0,0,3,0,1.0,1.0,1.0,0.0,0.0,0.0,2,0,0
2944,29,16,13,0,15,5,9,3,0,0,0,0,0,0,0,0,0,0,0,0,0,2,0,1.0,1.0,1.0,0.0,0.0,0.0,2,0,0
2945,29,16,13,0,15,5,9,3,0,0,0,0,0,0,0,0,0,0,0,0,0,0,0,1.0,1.0,1.0,0.0,0.0,0.0,2,0,0
2946,29,16,13,0,14,6,9,3,0,0,0,0,0,0,0,0,0,0,0,0,0,0,0,1.0,1.0,1.0,0.0,0.0,0.0,2,0,0
2947,29,16,13,0,11,9,9,3,0,0,0,0,0,0,0,0,0,0,0,0,0,0,0,1.0,1.0,1.0,0.0,0.0,0.0,2,0,0
2948,28,15,13,0,9,11,8,3,0,0,0,0,0,0,0,0,0,0,0,0,0,0,0,1.0,0.8333333333333334,1.0,0.0,0.0,0.0,2,0,1
2949,28,15,13,0,9,11,8,3,0,0,0,0,0,0,0,0,0,0,0,0,0,4,0,1.0,1.0,1.0,0.0,0.0,0.0,2,0,0
2950,28,15,13,0,9,11,8,3,2,0,0,0,0,0,0,0,7,2,0,0,0,0,0,1.0,1.0,1.0,0.0,0.0,0.2857142857142857,2,0,0
2951,28,15,13,0,9,10,9,4,2,0,0,0,0,0,0,0,2,0,0,0,0,0,0,1.0,1.0,1.0,0.0,0.0,0.0,2,0,0
2952,28,15,13,0,9,10,9,4,3,0,0,0,0,0,0,0,5,1,0,0,0,0,0,1.0,1.0,1.0,0.0,0.0,0.2,2,0,0
2953,28,15,13,0,5,14,9,4,4,0,0,0,0,0,0,0,8,1,0,0,0,0,0,1.0,1.0,1.0,0.0,0.0,0.125,2,0,0
2954,28,15,13,0,5,14,9,4,4,0,0,0,0,0,0,0,0,0,0,0,0,0,0,1.0,1.0,1.0,0.0,0.0,0.0,2,0,0
2955,28,15,13,0,5,14,9,4,4,0,0,0,0,0,0,0,0,0,0,0,0,0,0,1.0,1.0,1.0,0.0,0.0,0.0,2,0,0
2956,28,15,13,0,5,14,9,4,4,0,0,0,0,0,0,0,0,0,0,0,0,0,0,1.0,1.0,1.0,0.0,0.0,0.0,2,0,0
2957,28,15,13,0,5,14,9,4,4,0,0,0,0,0,0,0,0,0,0,0,0,0,0,1.0,1.0,1.0,0.0,0.0,0.0,2,0,0
2958,28,15,13,0,5,14,9,4,4,0,0,0,0,0,0,0,0,0,0,0,0,0,0,1.0,1.0,1.0,0.0,0.0,0.0,2,0,0
2959,28,15,13,0,5,14,9,4,4,0,0,0,0,0,0,0,0,0,0,0,0,0,0,1.0,1.0,1.0,0.0,0.0,0.0,2,0,0
2960,28,15,13,0,5,13,10,5,4,0,0,0,0,0,0,0,0,0,0,0,0,0,0,1.0,1.0,1.0,0.0,0.0,0.0,2,0,0
2961,28,15,13,0,5,13,10,5,4,0,0,0,0,0,0,0,0,0,0,0,0,0,0,1.0,1.0,1.0,0.0,0.0,0.0,2,0,0
2962,28,15,13,0,5,13,10,5,4,0,0,0,0,0,0,0,0,0,0,0,0,0,0,1.0,1.0,1.0,0.0,0.0,0.0,2,0,0
2963,28,15,13,0,5,13,10,5,5,0,0,0,0,0,0,0,3,1,0,0,0,0,0,1.0,1.0,1.0,0.0,0.0,0.3333333333333333,2,0,0
2964,28,15,13,0,5,13,10,5,5,0,0,0,0,0,0,0,0,0,0,0,0,0,0,1.0,1.0,1.0,0.0,0.0,0.0,2,0,0
2965,28,15,13,0,5,13,10,5,5,0,0,0,0,0,0,0,0,0,0,0,0,0,0,1.0,1.0,1.0,0.0,0.0,0.0,2,0,0
2966,28,15,13,0,5,13,10,5,5,0,0,0,0,0,0,0,0,0,0,0,0,0,0,1.0,1.0,1.0,0.0,0.0,0.0,2,0,0
2967,28,15,13,0,5,13,10,5,5,0,0,0,0,0,0,0,0,0,0,0,0,0,0,1.0,1.0,1.0,0.0,0.0,0.0,2,0,0
2968,27,15,12,0,5,12,10,5,5,0,0,0,0,0,0,0,0,0,0,0,0,0,0,1.0,1.0,1.0,0.0,0.0,0.0,2,0,1
2969,27,15,12,0,5,11,11,5,5,0,0,0,0,0,0,0,0,0,0,0,0,0,0,1.0,1.0,1.0,0.0,0.0,0.0,2,0,0
2970,27,15,12,0,5,11,11,5,5,0,0,0,0,0,0,0,0,0,0,0,0,0,0,1.0,1.0,1.0,0.0,0.0,0.0,2,0,0
2971,27,15,12,0,5,11,11,5,5,0,0,0,0,0,0,0,0,0,0,0,0,0,0,1.0,1.0,1.0,0.0,0.0,0.0,2,0,0
2972,27,15,12,0,5,10,12,5,5,0,0,0,0,0,0,0,0,0,0,0,0,0,0,1.0,1.0,1.0,0.0,0.0,0.0,2,0,0
2973,27,15,12,0,5,10,12,5,5,0,0,0,0,0,0,0,0,0,0,0,0,0,0,1.0,1.0,1.0,0.0,0.0,0.0,2,0,0
2974,27,15,12,0,5,10,12,5,5,0,0,0,0,0,0,0,0,0,0,0,0,0,0,1.0,1.0,1.0,0.0,0.0,0.0,2,0,0
2975,27,15,12,0,5,10,12,5,5,0,0,0,0,0,0,0,0,0,0,0,0,0,0,1.0,1.0,1.0,0.0,0.0,0.0,2,0,0
2976,27,15,12,0,5,10,12,5,5,0,0,0,0,0,0,0,0,0,0,0,0,0,0,1.0,1.0,1.0,0.0,0.0,0.0,2,0,0
2977,27,15,12,0,5,10,12,5,5,0,0,0,0,0,0,0,0,0,0,0,0,0,0,1.0,1.0,1.0,0.0,0.0,0.0,2,0,0
2978,27,15,12,0,5,10,12,5,5,0,0,0,0,0,0,0,0,0,0,0,0,0,0,1.0,1.0,1.0,0.0,0.0,0.0,2,0,0
2979,27,15,12,0,5,10,12,5,5,0,0,0,0,0,0,0,0,0,0,0,0,0,0,1.0,1.0,1.0,0.0,0.0,0.0,2,0,0
2980,27,15,12,0,5,10,12,5,5,0,0,0,0,0,0,0,0,0,0,0,0,0,0,1.0,1.0,1.0,0.0,0.0,0.0,2,0,0
2981,27,15,12,0,5,10,12,5,5,0,0,0,0,0,0,0,0,0,0,0,0,0,0,1.0,1.0,1.0,0.0,0.0,0.0,2,0,0
2982,27,15,12,0,5,10,12,5,5,0,0,0,0,0,0,0,0,0,0,0,0,0,0,1.0,1.0,1.0,0.0,0.0,0.0,2,0,0
2983,27,15,12,0,5,10,12,5,5,0,0,0,0,0,0,0,0,0,0,0,0,0,0,1.0,1.0,1.0,0.0,0.0,0.0,2,0,0
2984,27,15,12,0,5,10,12,5,5,0,0,0,0,0,0,0,0,0,0,0,0,0,0,1.0,1.0,1.0,0.0,0.0,0.0,2,0,0
2985,27,15,12,0,5,10,12,5,5,0,0,0,0,0,0,0,0,0,0,0,0,0,0,1.0,1.0,1.0,0.0,0.0,0.0,2,0,0
2986,27,15,12,0,5,10,12,5,5,0,0,0,0,0,0,0,0,0,0,0,0,0,0,1.0,1.0,1.0,0.0,0.0,0.0,2,0,0
2987,27,15,12,0,5,10,12,5,5,0,0,0,0,0,0,0,0,0,0,0,0,0,0,1.0,1.0,1.0,0.0,0.0,0.0,2,0,0
2988,27,15,12,0,5,10,12,5,5,0,0,0,0,0,0,0,0,0,0,0,0,0,0,1.0,1.0,1.0,0.0,0.0,0.0,2,0,0
2989,27,15,12,0,5,10,12,5,5,0,0,0,0,0,0,0,0,0,0,0,0,0,0,1.0,1.0,1.0,0.0,0.0,0.0,2,0,0
2990,27,15,12,0,5,10,12,5,5,0,0,0,0,0,0,0,0,0,0,0,0,0,0,1.0,1.0,1.0,0.0,0.0,0.0,2,0,0
2991,27,15,12,0,5,10,12,5,5,0,0,0,0,0,0,0,0,0,0,0,0,0,0,1.0,1.0,1.0,0.0,0.0,0.0,2,0,0
2992,27,15,12,0,5,9,13,6,6,0,0,0,0,0,0,0,7,1,0,0,0,0,0,1.0,1.0,1.0,0.0,0.0,0.14285714285714285,2,0,0
2993,27,15,12,0,5,9,13,6,6,0,0,0,0,0,0,0,0,0,0,0,0,0,0,1.0,1.0,1.0,0.0,0.0,0.0,2,0,0
2994,27,15,12,0,5,9,13,6,6,0,0,0,0,0,0,0,0,0,0,0,0,0,0,1.0,1.0,1.0,0.0,0.0,0.0,2,0,0
2995,27,15,12,0,5,9,13,6,6,0,0,0,0,0,0,0,0,0,0,0,0,0,0,1.0,1.0,1.0,0.0,0.0,0.0,2,0,0
2996,27,15,12,0,5,9,13,6,6,0,0,0,0,0,0,0,0,0,0,0,0,0,0,1.0,1.0,1.0,0.0,0.0,0.0,2,0,0
2997,27,15,12,0,5,9,13,6,6,0,0,0,0,0,0,0,0,0,0,0,0,0,0,1.0,1.0,1.0,0.0,0.0,0.0,2,0,0
2998,27,15,12,0,5,9,13,6,6,0,0,0,0,0,0,0,0,0,0,0,0,0,0,1.0,1.0,1.0,0.0,0.0,0.0,2,0,0
2999,27,15,12,0,5,9,13,6,6,0,0,0,0,0,0,0,0,0,0,0,0,0,0,1.0,1.0,1.0,0.0,0.0,0.0,2,0,0
3000,27,15,12,0,5,9,13,6,6,0,0,0,0,0,0,0,0,0,0,0,0,0,0,1.0,1.0,1.0,0.0,0.0,0.0,2,0,0
3001,27,15,12,0,5,9,13,6,6,0,0,0,0,0,0,0,0,0,0,0,0,0,0,1.0,1.0,1.0,0.0,0.0,0.0,2,0,0
3002,27,15,12,0,5,9,13,6,6,0,0,0,0,0,0,0,0,0,0,0,0,0,0,1.0,1.0,1.0,0.0,0.0,0.0,2,0,0
3003,27,15,12,0,5,9,13,6,6,0,0,0,0,0,0,0,0,0,0,0,0,0,0,1.0,1.0,1.0,0.0,0.0,0.0,2,0,0
3004,27,15,12,0,5,9,13,6,6,0,0,0,0,0,0,0,0,0,0,0,0,0,0,1.0,1.0,1.0,0.0,0.0,0.0,2,0,0
3005,27,15,12,0,5,9,13,6,6,0,0,0,0,0,0,0,0,0,0,0,0,0,0,1.0,1.0,1.0,0.0,0.0,0.0,2,0,0
3006,27,15,12,0,5,9,13,6,6,0,0,0,0,0,0,0,0,0,0,0,0,0,0,1.0,1.0,1.0,0.0,0.0,0.0,2,0,0
3007,27,15,12,0,5,9,13,6,6,0,0,0,0,0,0,0,0,0,0,0,0,0,0,1.0,1.0,1.0,0.0,0.0,0.0,2,0,0
3008,27,15,12,0,5,9,13,6,6,0,0,0,0,0,0,0,0,0,0,0,0,0,0,1.0,1.0,1.0,0.0,0.0,0.0,2,0,0
3009,27,15,12,0,5,9,13,6,6,0,0,0,0,0,0,0,0,0,0,0,0,0,0,1.0,1.0,1.0,0.0,0.0,0.0,2,0,0
3010,27,15,12,0,5,9,13,6,6,0,0,0,0,0,0,0,0,0,0,0,0,0,0,1.0,1.0,1.0,0.0,0.0,0.0,2,0,0
3011,27,15,12,0,5,9,13,6,6,0,0,0,0,0,0,0,0,0,0,0,0,0,0,1.0,1.0,1.0,0.0,0.0,0.0,2,0,0
3012,25,14,11,0,5,8,12,6,6,0,0,0,0,1,1,0,0,0,0,0,0,0,2,1.0,0.8571428571428572,1.0,0.0,0.0,0.0,2,0,2
3013,24,13,11,0,4,8,12,6,6,0,0,0,0,1,0,0,0,0,0,0,1,0,1,0.8,1.0,1.0,0.0,0.0,0.0,2,0,1
3014,23,13,10,0,3,8,12,6,6,0,0,0,0,0,1,0,0,0,0,0,1,0,1,0.75,1.0,1.0,0.0,0.0,0.0,2,0,1
3015,29,15,14,7,3,7,12,6,4,0,2,0,0,1,0,0,0,0,0,2,0,0,1,1.0,1.0,1.0,0.30434782608695654,0.30434782608695654,0.0,2,7,1
3016,29,15,14,7,3,7,12,6,4,0,2,0,0,0,0,0,0,0,0,0,0,0,0,1.0,1.0,1.0,0.0,0.0,0.0,2,0,0
3017,31,16,15,10,3,6,12,6,3,0,3,0,0,1,0,0,0,0,0,1,0,0,1,1.0,1.0,1.0,0.10344827586206896,0.10344827586206896,0.0,2,3,1
3018,35,18,17,14,3,6,12,6,2,0,4,0,0,0,0,0,0,0,0,1,0,0,0,1.0,1.0,1.0,0.12903225806451613,0.12903225806451613,0.0,2,4,0
3019,35,18,17,14,3,6,12,6,2,0,4,0,0,0,0,0,0,0,0,0,0,0,0,1.0,1.0,1.0,0.0,0.0,0.0,2,0,0
3020,34,18,16,14,2,6,12,6,2,0,4,0,0,0,0,0,0,0,0,0,1,0,1,0.9411764705882353,1.0,1.0,0.0,0.0,0.0,2,0,1
3021,34,18,16,14,2,6,12,6,2,0,4,0,0,0,0,0,0,0,0,0,0,0,0,1.0,1.0,1.0,0.0,0.0,0.0,2,0,0
3022,34,18,16,14,2,6,12,6,2,0,4,0,0,0,0,0,0,0,0,0,0,0,0,1.0,1.0,1.0,0.0,0.0,0.0,2,0,0
3023,34,18,16,14,2,6,12,6,2,0,4,0,0,0,0,0,0,0,0,0,0,0,0,1.0,1.0,1.0,0.0,0.0,0.0,2,0,0
3024,34,18,16,14,2,6,12,6,2,0,4,0,0,0,0,0,0,0,0,0,0,0,0,1.0,1.0,1.0,0.0,0.0,0.0,2,0,0
3025,34,18,16,14,2,6,12,6,2,0,4,0,0,0,0,0,0,0,0,0,0,0,0,1.0,1.0,1.0,0.0,0.0,0.0,2,0,0
3026,34,18,16,14,2,6,12,6,2,0,4,0,0,0,0,0,0,0,0,0,0,0,0,1.0,1.0,1.0,0.0,0.0,0.0,2,0,0
3027,34,18,16,14,2,6,12,6,2,0,4,0,0,0,0,0,0,0,0,0,0,0,0,1.0,1.0,1.0,0.0,0.0,0.0,2,0,0
3028,38,20,18,18,2,6,12,6,1,0,5,0,0,0,0,0,0,0,0,1,0,0,0,1.0,1.0,1.0,0.11764705882352941,0.11764705882352941,0.0,2,4,0
3029,38,20,18,18,2,6,12,6,1,0,5,0,0,0,0,0,0,0,0,0,0,0,0,1.0,1.0,1.0,0.0,0.0,0.0,2,0,0
3030,38,20,18,18,2,6,12,6,1,0,5,0,0,0,0,0,0,0,0,0,0,0,0,1.0,1.0,1.0,0.0,0.0,0.0,2,0,0
3031,38,20,18,18,2,6,12,6,1,0,5,0,0,0,0,0,0,0,0,0,0,0,0,1.0,1.0,1.0,0.0,0.0,0.0,2,0,0
3032,38,20,18,18,2,6,12,6,1,0,5,0,0,0,0,0,0,0,0,0,0,0,0,1.0,1.0,1.0,0.0,0.0,0.0,2,0,0
3033,38,20,18,18,2,6,12,6,1,0,5,0,0,0,0,0,0,0,0,0,0,0,0,1.0,1.0,1.0,0.0,0.0,0.0,2,0,0
3034,38,20,18,18,2,6,12,6,1,0,5,0,0,0,0,0,0,0,0,0,0,0,0,1.0,1.0,1.0,0.0,0.0,0.0,2,0,0
3035,38,20,18,18,2,6,12,6,1,0,5,0,0,0,0,0,0,0,0,0,0,0,0,1.0,1.0,1.0,0.0,0.0,0.0,2,0,0
3036,38,20,18,18,2,6,12,6,1,0,5,0,0,0,0,0,0,0,0,0,0,0,0,1.0,1.0,1.0,0.0,0.0,0.0,2,0,0
3037,38,20,18,18,2,6,12,6,1,0,5,0,0,0,0,0,0,0,0,0,0,0,0,1.0,1.0,1.0,0.0,0.0,0.0,2,0,0
3038,38,20,18,18,2,6,12,6,1,0,5,0,0,0,0,0,0,0,0,0,0,0,0,1.0,1.0,1.0,0.0,0.0,0.0,2,0,0
3039,38,20,18,18,2,6,12,6,1,0,5,0,0,0,0,0,0,0,0,0,0,0,0,1.0,1.0,1.0,0.0,0.0,0.0,2,0,0
3040,38,20,18,18,2,6,12,6,1,0,5,0,0,0,0,0,0,0,0,0,0,0,0,1.0,1.0,1.0,0.0,0.0,0.0,2,0,0
3041,38,20,18,18,2,6,12,6,1,0,5,0,0,0,0,0,0,0,0,0,0,0,0,1.0,1.0,1.0,0.0,0.0,0.0,2,0,0
3042,38,20,18,18,2,6,12,6,1,0,5,0,0,0,0,0,0,0,0,0,0,0,0,1.0,1.0,1.0,0.0,0.0,0.0,2,0,0
3043,38,20,18,18,2,6,12,6,1,0,5,0,0,0,0,0,0,0,0,0,0,0,0,1.0,1.0,1.0,0.0,0.0,0.0,2,0,0
3044,37,19,18,18,2,6,11,6,1,0,5,0,0,0,0,0,0,0,0,0,0,0,0,1.0,0.8333333333333334,1.0,0.0,0.0,0.0,2,0,1
3045,37,19,18,18,2,6,11,6,1,0,5,0,0,0,0,0,0,0,0,0,0,0,0,1.0,1.0,1.0,0.0,0.0,0.0,2,0,0
3046,37,19,18,18,2,6,11,6,1,0,5,0,0,0,0,0,0,0,0,0,0,0,0,1.0,1.0,1.0,0.0,0.0,0.0,2,0,0
3047,37,19,18,18,2,6,11,6,1,0,5,0,0,0,0,0,0,0,0,0,0,0,0,1.0,1.0,1.0,0.0,0.0,0.0,2,0,0
3048,36,18,18,18,2,5,11,6,1,0,5,0,0,0,0,0,0,0,0,0,0,0,0,1.0,1.0,1.0,0.0,0.0,0.0,2,0,1
3049,36,18,18,18,2,5,11,6,1,0,5,0,0,0,0,0,0,0,0,0,0,0,0,1.0,1.0,1.0,0.0,0.0,0.0,2,0,0
3050,36,18,18,18,2,5,11,6,1,0,5,0,0,0,0,0,0,0,0,0,0,0,0,1.0,1.0,1.0,0.0,0.0,0.0,2,0,0
3051,36,18,18,18,2,5,11,6,1,0,5,0,0,0,0,0,0,0,0,0,0,0,0,1.0,1.0,1.0,0.0,0.0,0.0,2,0,0
3052,35,18,17,17,2,5,11,6,1,0,5,0,0,0,0,0,0,0,0,0,1,0,1,0.95,1.0,1.0,0.0,0.0,0.0,2,0,1
3053,35,18,17,17,2,5,11,6,1,0,5,0,0,0,0,0,0,0,0,0,0,0,0,1.0,1.0,1.0,0.0,0.0,0.0,2,0,0
3054,35,18,17,17,2,5,11,6,1,0,5,0,0,0,0,0,0,0,0,0,0,0,0,1.0,1.0,1.0,0.0,0.0,0.0,2,0,0
3055,35,18,17,17,2,5,11,6,1,0,5,0,0,0,0,0,0,0,0,0,0,0,0,1.0,1.0,1.0,0.0,0.0,0.0,2,0,0
3056,35,18,17,17,2,5,11,6,1,0,5,0,0,0,0,0,0,0,0,0,0,2,0,1.0,1.0,1.0,0.0,0.0,0.0,2,0,0
3057,38,18,20,20,2,5,11,6,0,0,6,0,0,0,0,0,0,0,0,1,0,0,0,1.0,1.0,1.0,0.08571428571428572,0.08571428571428572,0.0,2,3,0
3058,38,18,20,13,9,5,11,6,0,0,6,0,0,0,0,0,0,0,0,0,0,0,0,1.0,1.0,1.0,0.0,0.0,0.0,2,0,0
3059,38,18,20,13,9,5,11,6,0,0,6,0,0,0,0,0,0,0,0,0,0,0,0,1.0,1.0,1.0,0.0,0.0,0.0,2,0,0
3060,38,18,20,10,10,7,11,6,0,0,4,0,0,0,0,0,0,0,0,0,0,0,0,1.0,1.0,1.0,0.0,0.0,0.0,2,0,0
3061,38,18,20,7,13,7,11,6,0,0,4,0,0,0,0,0,6,0,0,0,0,0,0,1.0,1.0,1.0,0.0,0.0,0.0,2,0,0
3062,38,18,20,7,13,7,11,6,1,1,3,0,0,0,0,0,5,1,1,0,0,0,0,1.0,1.0,1.0,0.0,0.0,0.2,2,0,0
3063,38,18,20,7,13,7,11,6,1,1,2,0,0,0,0,0,2,0,0,0,0,0,0,1.0,1.0,1.0,0.0,0.0,0.0,2,0,0
3064,38,18,20,7,13,7,11,6,2,1,2,0,0,0,0,0,7,1,0,0,0,0,0,1.0,1.0,1.0,0.0,0.0,0.14285714285714285,2,0,0
3065,38,18,20,7,13,7,11,6,3,1,2,0,0,0,0,0,6,1,0,0,0,0,0,1.0,1.0,1.0,0.0,0.0,0.16666666666666666,2,0,0
3066,37,17,20,7,12,7,11,6,3,1,2,0,0,0,0,0,0,0,0,0,1,0,1,0.95,1.0,1.0,0.0,0.0,0.0,2,0,1
3067,37,17,20,7,12,7,11,6,3,1,2,0,0,0,0,0,0,0,0,0,0,0,0,1.0,1.0,1.0,0.0,0.0,0.0,2,0,0
3068,37,17,20,7,12,7,11,6,3,1,2,0,0,0,0,0,0,0,0,0,0,0,0,1.0,1.0,1.0,0.0,0.0,0.0,2,0,0
3069,37,17,20,7,12,7,11,6,3,1,2,0,0,0,0,0,0,0,0,0,0,0,0,1.0,1.0,1.0,0.0,0.0,0.0,2,0,0
3070,37,17,20,7,12,7,11,6,3,1,2,0,0,0,0,0,0,0,0,0,0,0,0,1.0,1.0,1.0,0.0,0.0,0.0,2,0,0
3071,37,17,20,3,16,7,11,6,3,1,2,0,0,0,0,0,0,0,0,0,0,0,0,1.0,1.0,1.0,0.0,0.0,0.0,2,0,0
3072,37,17,20,3,16,7,11,6,3,1,2,0,0,0,0,0,0,0,0,0,0,0,0,1.0,1.0,1.0,0.0,0.0,0.0,2,0,0
3073,37,17,20,3,16,7,11,6,3,1,1,0,0,0,0,0,0,0,0,0,0,0,0,1.0,1.0,1.0,0.0,0.0,0.0,2,0,0
3074,37,17,20,3,16,7,11,6,4,1,1,0,0,0,0,0,4,1,0,0,0,0,0,1.0,1.0,1.0,0.0,0.0,0.25,2,0,0
3075,37,17,20,3,16,7,11,6,4,1,1,0,0,0,0,0,0,0,0,0,0,0,0,1.0,1.0,1.0,0.0,0.0,0.0,2,0,0
3076,37,17,20,3,16,6,12,7,4,1,1,0,0,0,0,0,0,0,0,0,0,0,0,1.0,1.0,1.0,0.0,0.0,0.0,2,0,0
3077,37,17,20,3,16,6,12,7,4,1,1,0,0,0,0,0,0,0,0,0,0,0,0,1.0,1.0,1.0,0.0,0.0,0.0,2,0,0
3078,37,17,20,3,16,6,12,7,4,1,1,0,0,0,0,0,0,0,0,0,0,0,0,1.0,1.0,1.0,0.0,0.0,0.0,2,0,0
3079,37,17,20,3,16,6,12,7,4,1,1,0,0,0,0,0,0,0,0,0,0,0,0,1.0,1.0,1.0,0.0,0.0,0.0,2,0,0
3080,37,17,20,3,16,6,12,7,5,1,1,0,0,0,0,0,6,1,0,0,0,0,0,1.0,1.0,1.0,0.0,0.0,0.16666666666666666,2,0,0
3081,37,17,20,3,16,6,12,7,5,1,1,0,0,0,0,0,0,0,0,0,0,0,0,1.0,1.0,1.0,0.0,0.0,0.0,2,0,0
3082,37,17,20,3,16,4,14,7,5,1,1,0,0,0,0,0,0,0,0,0,0,0,0,1.0,1.0,1.0,0.0,0.0,0.0,2,0,0
3083,37,17,20,3,16,4,14,7,5,1,1,0,0,0,0,0,0,0,0,0,0,0,0,1.0,1.0,1.0,0.0,0.0,0.0,2,0,0
3084,37,17,20,3,16,4,14,7,5,1,1,0,0,0,0,0,0,0,0,0,0,0,0,1.0,1.0,1.0,0.0,0.0,0.0,2,0,0
3085,37,17,20,3,16,4,14,7,5,1,1,0,0,0,0,0,0,0,0,0,0,0,0,1.0,1.0,1.0,0.0,0.0,0.0,2,0,0
3086,37,17,20,3,16,4,14,7,5,1,1,0,0,0,0,0,0,0,0,0,0,0,0,1.0,1.0,1.0,0.0,0.0,0.0,2,0,0
3087,37,17,20,3,16,4,14,7,5,1,1,0,0,0,0,0,0,0,0,0,0,0,0,1.0,1.0,1.0,0.0,0.0,0.0,2,0,0
3088,37,17,20,3,16,2,16,7,5,1,1,0,0,0,0,0,0,0,0,0,0,0,0,1.0,1.0,1.0,0.0,0.0,0.0,2,0,0
3089,37,17,20,3,16,2,16,7,5,1,1,0,0,0,0,0,0,0,0,0,0,0,0,1.0,1.0,1.0,0.0,0.0,0.0,2,0,0
3090,37,17,20,3,16,2,16,7,5,1,1,0,0,0,0,0,0,0,0,0,0,0,0,1.0,1.0,1.0,0.0,0.0,0.0,2,0,0
3091,37,17,20,3,16,2,16,7,5,1,1,0,0,0,0,0,0,0,0,0,0,0,0,1.0,1.0,1.0,0.0,0.0,0.0,2,0,0
3092,37,17,20,3,16,2,16,7,5,1,1,0,0,0,0,0,0,0,0,0,0,0,0,1.0,1.0,1.0,0.0,0.0,0.0,2,0,0
3093,37,17,20,3,16,2,16,7,5,1,1,0,0,0,0,0,0,0,0,0,0,0,0,1.0,1.0,1.0,0.0,0.0,0.0,2,0,0
3094,37,17,20,3,16,2,16,7,5,1,1,0,0,0,0,0,0,0,0,0,0,0,0,1.0,1.0,1.0,0.0,0.0,0.0,2,0,0
3095,37,17,20,3,16,2,16,7,5,1,1,0,0,0,0,0,0,0,0,0,0,0,0,1.0,1.0,1.0,0.0,0.0,0.0,2,0,0
3096,37,17,20,3,16,2,16,7,5,1,1,0,0,0,0,0,0,0,0,0,0,0,0,1.0,1.0,1.0,0.0,0.0,0.0,2,0,0
3097,36,17,19,2,16,2,16,7,5,1,1,0,0,0,0,0,0,0,0,0,1,0,1,0.9473684210526316,1.0,1.0,0.0,0.0,0.0,2,0,1
3098,36,17,19,2,16,2,16,7,5,1,1,0,0,0,0,0,0,0,0,0,0,0,0,1.0,1.0,1.0,0.0,0.0,0.0,2,0,0
3099,36,17,19,2,16,2,16,7,5,1,1,0,0,0,0,0,0,0,0,0,0,0,0,1.0,1.0,1.0,0.0,0.0,0.0,2,0,0
3100,36,17,19,0,18,2,16,7,5,1,1,0,0,0,0,0,0,0,0,0,0,0,0,1.0,1.0,1.0,0.0,0.0,0.0,2,0,0
3101,36,17,19,0,18,2,16,7,5,1,1,0,0,0,0,0,0,0,0,0,0,0,0,1.0,1.0,1.0,0.0,0.0,0.0,2,0,0
3102,36,17,19,0,18,2,16,7,5,1,0,0,0,0,0,0,0,0,0,0,0,0,0,1.0,1.0,1.0,0.0,0.0,0.0,2,0,0
3103,32,14,18,0,17,2,13,7,6,1,0,0,0,3,1,0,7,1,0,0,1,0,4,0.9444444444444444,0.6666666666666667,1.0,0.0,0.0,0.14285714285714285,2,0,4
3104,30,13,17,0,17,2,11,6,5,1,0,0,0,1,1,0,0,0,0,0,0,0,2,1.0,0.8333333333333334,0.8571428571428572,0.0,0.0,0.0,2,0,2
3105,29,13,16,0,16,2,11,6,5,1,0,0,0,0,1,0,0,0,0,0,1,0,1,0.9411764705882353,1.0,1.0,0.0,0.0,0.0,2,0,1
3106,28,13,15,0,15,2,11,6,5,1,0,0,0,0,1,0,0,0,0,0,1,0,1,0.9375,1.0,1.0,0.0,0.0,0.0,2,0,1
3107,27,12,15,0,14,2,11,6,5,0,0,0,0,1,0,0,0,0,0,0,1,0,1,0.9333333333333333,1.0,1.0,0.0,0.0,0.0,2,0,1
3108,25,10,15,0,12,2,11,6,6,0,0,0,0,2,0,0,6,1,0,0,2,0,2,0.8571428571428572,1.0,1.0,0.0,0.0,0.16666666666666666,2,0,2
3109,25,10,15,0,12,2,11,6,6,0,0,0,0,0,0,0,0,0,0,0,0,0,0,1.0,1.0,1.0,0.0,0.0,0.0,2,0,0
3110,25,10,15,0,12,2,11,6,6,0,0,0,0,0,0,0,0,0,0,0,0,0,0,1.0,1.0,1.0,0.0,0.0,0.0,2,0,0
3111,25,10,15,0,12,1,12,7,6,0,0,0,0,0,0,0,0,0,0,0,0,0,0,1.0,1.0,1.0,0.0,0.0,0.0,2,0,0
3112,25,10,15,0,12,1,12,7,6,0,0,0,0,0,0,0,0,0,0,0,0,0,0,1.0,1.0,1.0,0.0,0.0,0.0,2,0,0
3113,25,10,15,0,12,1,12,7,6,0,0,0,0,0,0,0,0,0,0,0,0,0,0,1.0,1.0,1.0,0.0,0.0,0.0,2,0,0
3114,25,10,15,0,12,1,12,7,6,0,0,0,0,0,0,0,0,0,0,0,0,0,0,1.0,1.0,1.0,0.0,0.0,0.0,2,0,0
3115,25,10,15,0,12,1,12,7,6,0,0,0,0,0,0,0,0,0,0,0,0,0,0,1.0,1.0,1.0,0.0,0.0,0.0,2,0,0
3116,25,10,15,0,12,1,12,7,6,0,0,0,0,0,0,0,0,0,0,0,0,0,0,1.0,1.0,1.0,0.0,0.0,0.0,2,0,0
3117,25,10,15,0,12,1,12,7,6,0,0,0,0,0,0,0,0,0,0,0,0,0,0,1.0,1.0,1.0,0.0,0.0,0.0,2,0,0
3118,25,10,15,0,12,1,12,7,6,0,0,0,0,0,0,0,0,0,0,0,0,0,0,1.0,1.0,1.0,0.0,0.0,0.0,2,0,0
3119,25,10,15,0,12,1,12,7,7,0,0,0,0,0,0,0,7,1,0,0,0,0,0,1.0,1.0,1.0,0.0,0.0,0.14285714285714285,2,0,0
3120,25,10,15,0,12,1,12,7,7,0,0,0,0,0,0,0,0,0,0,0,0,0,0,1.0,1.0,1.0,0.0,0.0,0.0,2,0,0
3121,25,10,15,0,12,1,12,7,7,0,0,0,0,0,0,0,0,0,0,0,0,0,0,1.0,1.0,1.0,0.0,0.0,0.0,2,0,0
3122,25,10,15,0,12,1,12,7,7,0,0,0,0,0,0,0,0,0,0,0,0,0,0,1.0,1.0,1.0,0.0,0.0,0.0,2,0,0
3123,25,10,15,0,12,1,12,7,7,0,0,0,0,0,0,0,0,0,0,0,0,0,0,1.0,1.0,1.0,0.0,0.0,0.0,2,0,0
3124,25,10,15,0,12,1,12,7,7,0,0,0,0,0,0,0,0,0,0,0,0,0,0,1.0,1.0,1.0,0.0,0.0,0.0,2,0,0
3125,25,10,15,0,12,1,12,7,7,0,0,0,0,0,0,0,0,0,0,0,0,0,0,1.0,1.0,1.0,0.0,0.0,0.0,2,0,0
3126,25,10,15,0,12,1,12,7,7,0,0,0,0,0,0,0,0,0,0,0,0,0,0,1.0,1.0,1.0,0.0,0.0,0.0,2,0,0
3127,29,13,16,4,12,1,12,7,6,0,1,0,0,0,0,0,0,0,0,1,0,0,0,1.0,1.0,1.0,0.16,0.16,0.0,2,4,0
3128,29,13,16,4,12,1,12,7,6,0,1,0,0,0,0,0,0,0,0,0,0,0,0,1.0,1.0,1.0,0.0,0.0,0.0,2,0,0
3129,33,13,20,8,12,1,12,7,5,0,2,0,0,0,0,0,0,0,0,1,0,0,0,1.0,1.0,1.0,0.13793103448275862,0.13793103448275862,0.0,2,4,0
3130,37,14,23,12,12,1,12,7,4,0,3,0,0,0,0,0,0,0,0,1,0,0,0,1.0,1.0,1.0,0.12121212121212122,0.12121212121212122,0.0,2,4,0
3131,37,14,23,12,12,1,12,7,4,0,3,0,0,0,0,0,0,0,0,0,0,0,0,1.0,1.0,1.0,0.0,0.0,0.0,2,0,0
3132,37,14,23,12,12,1,12,7,4,0,3,0,0,0,0,0,0,0,0,0,0,0,0,1.0,1.0,1.0,0.0,0.0,0.0,2,0,0
3133,37,14,23,12,12,1,12,7,4,0,3,0,0,0,0,0,0,0,0,0,0,0,0,1.0,1.0,1.0,0.0,0.0,0.0,2,0,0
3134,37,14,23,12,12,1,12,7,4,0,3,0,0,0,0,0,0,0,0,0,0,0,0,1.0,1.0,1.0,0.0,0.0,0.0,2,0,0
3135,37,14,23,12,12,1,12,7,4,0,3,0,0,0,0,0,0,0,0,0,0,0,0,1.0,1.0,1.0,0.0,0.0,0.0,2,0,0
3136,37,14,23,12,12,1,12,7,4,0,3,0,0,0,0,0,0,0,0,0,0,0,0,1.0,1.0,1.0,0.0,0.0,0.0,2,0,0
3137,37,14,23,12,12,1,12,7,4,0,3,0,0,0,0,0,0,0,0,0,0,0,0,1.0,1.0,1.0,0.0,0.0,0.0,2,0,0
3138,37,14,23,12,12,1,12,7,4,0,3,0,0,0,0,0,0,0,0,0,0,0,0,1.0,1.0,1.0,0.0,0.0,0.0,2,0,0
3139,37,14,23,12,12,1,12,7,4,0,3,0,0,0,0,0,0,0,0,0,0,0,0,1.0,1.0,1.0,0.0,0.0,0.0,2,0,0
3140,37,14,23,12,12,1,12,7,4,0,3,0,0,0,0,0,0,0,0,0,0,0,0,1.0,1.0,1.0,0.0,0.0,0.0,2,0,0
3141,37,14,23,12,12,1,12,7,4,0,3,0,0,0,0,0,0,0,0,0,0,0,0,1.0,1.0,1.0,0.0,0.0,0.0,2,0,0
3142,37,14,23,12,12,1,12,7,4,0,3,0,0,0,0,0,0,0,0,0,0,0,0,1.0,1.0,1.0,0.0,0.0,0.0,2,0,0
3143,37,14,23,12,12,1,12,7,4,0,3,0,0,0,0,0,0,0,0,0,0,0,0,1.0,1.0,1.0,0.0,0.0,0.0,2,0,0
3144,37,14,23,12,12,1,12,7,4,0,3,0,0,0,0,0,0,0,0,0,0,0,0,1.0,1.0,1.0,0.0,0.0,0.0,2,0,0
3145,41,18,23,16,12,1,12,7,3,0,4,0,0,0,0,0,0,0,0,1,0,0,0,1.0,1.0,1.0,0.10810810810810811,0.10810810810810811,0.0,2,4,0
3146,41,18,23,16,12,1,12,7,3,0,4,0,0,0,0,0,0,0,0,0,0,0,0,1.0,1.0,1.0,0.0,0.0,0.0,2,0,0
3147,41,18,23,16,12,1,12,7,3,0,4,0,0,0,0,0,0,0,0,0,0,0,0,1.0,1.0,1.0,0.0,0.0,0.0,2,0,0
3148,41,18,23,16,12,1,12,7,3,0,4,0,0,0,0,0,0,0,0,0,0,0,0,1.0,1.0,1.0,0.0,0.0,0.0,2,0,0
3149,41,18,23,16,12,1,12,7,3,0,4,0,0,0,0,0,0,0,0,0,0,0,0,1.0,1.0,1.0,0.0,0.0,0.0,2,0,0
3150,41,18,23,16,12,1,12,7,3,0,4,0,0,0,0,0,0,0,0,0,0,0,0,1.0,1.0,1.0,0.0,0.0,0.0,2,0,0
3151,41,18,23,16,12,1,12,7,3,0,4,0,0,0,0,0,0,0,0,0,0,0,0,1.0,1.0,1.0,0.0,0.0,0.0,2,0,0
3152,41,18,23,16,12,1,12,7,3,0,4,0,0,0,0,0,0,0,0,0,0,0,0,1.0,1.0,1.0,0.0,0.0,0.0,2,0,0
3153,41,18,23,16,12,1,12,7,3,0,4,0,0,0,0,0,0,0,0,0,0,0,0,1.0,1.0,1.0,0.0,0.0,0.0,2,0,0
3154,41,18,23,16,12,1,12,7,3,0,4,0,0,0,0,0,0,0,0,0,0,0,0,1.0,1.0,1.0,0.0,0.0,0.0,2,0,0
3155,41,18,23,16,12,1,12,7,3,0,4,0,0,0,0,0,0,0,0,0,0,0,0,1.0,1.0,1.0,0.0,0.0,0.0,2,0,0
3156,41,18,23,16,12,1,12,7,3,0,4,0,0,0,0,0,0,0,0,0,0,0,0,1.0,1.0,1.0,0.0,0.0,0.0,2,0,0
3157,41,18,23,16,12,1,12,7,3,0,4,0,0,0,0,0,0,0,0,0,0,0,0,1.0,1.0,1.0,0.0,0.0,0.0,2,0,0
3158,41,18,23,16,12,1,12,7,3,0,4,0,0,0,0,0,0,0,0,0,0,0,0,1.0,1.0,1.0,0.0,0.0,0.0,2,0,0
3159,41,18,23,16,12,1,12,7,3,0,4,0,0,0,0,0,0,0,0,0,0,0,0,1.0,1.0,1.0,0.0,0.0,0.0,2,0,0
3160,41,18,23,16,12,1,12,7,3,0,4,0,0,0,0,0,0,0,0,0,0,0,0,1.0,1.0,1.0,0.0,0.0,0.0,2,0,0
3161,41,18,23,16,12,1,12,7,3,0,4,0,0,0,0,0,0,0,0,0,0,0,0,1.0,1.0,1.0,0.0,0.0,0.0,2,0,0
3162,41,18,23,16,12,1,12,7,3,0,4,0,0,0,0,0,0,0,0,0,0,0,0,1.0,1.0,1.0,0.0,0.0,0.0,2,0,0
3163,41,18,23,16,12,1,12,7,3,0,4,0,0,0,0,0,0,0,0,0,0,0,0,1.0,1.0,1.0,0.0,0.0,0.0,2,0,0
3164,41,18,23,16,12,1,12,7,3,0,4,0,0,0,0,0,0,0,0,0,0,0,0,1.0,1.0,1.0,0.0,0.0,0.0,2,0,0
3165,41,18,23,16,12,1,12,7,3,0,4,0,0,0,0,0,0,0,0,0,0,0,0,1.0,1.0,1.0,0.0,0.0,0.0,2,0,0
3166,41,18,23,16,12,1,12,7,3,0,4,0,0,0,0,0,0,0,0,0,0,0,0,1.0,1.0,1.0,0.0,0.0,0.0,2,0,0
3167,41,18,23,16,12,1,12,7,3,0,4,0,0,0,0,0,0,0,0,0,0,0,0,1.0,1.0,1.0,0.0,0.0,0.0,2,0,0
3168,44,20,24,19,12,1,12,7,2,0,5,0,0,0,0,0,0,0,0,1,0,0,0,1.0,1.0,1.0,0.07317073170731707,0.07317073170731707,0.0,2,3,0
3169,44,20,24,19,12,1,12,7,2,0,5,0,0,0,0,0,0,0,0,0,0,0,0,1.0,1.0,1.0,0.0,0.0,0.0,2,0,0
3170,44,20,24,15,16,1,12,7,2,0,5,0,0,0,0,0,0,0,0,0,0,0,0,1.0,1.0,1.0,0.0,0.0,0.0,2,0,0
3171,44,20,24,15,16,1,12,7,2,0,5,0,0,0,0,0,0,0,0,0,0,0,0,1.0,1.0,1.0,0.0,0.0,0.0,2,0,0
3172,44,20,24,11,20,1,12,7,2,0,4,0,0,0,0,0,0,0,0,0,0,0,0,1.0,1.0,1.0,0.0,0.0,0.0,2,0,0
3173,48,23,25,11,24,1,12,7,2,0,5,0,0,0,0,0,8,1,0,1,0,0,0,1.0,1.0,1.0,0.09090909090909091,0.09090909090909091,0.125,2,4,0
3174,48,23,25,11,24,1,12,7,2,0,4,0,0,0,0,0,0,0,0,0,0,0,0,1.0,1.0,1.0,0.0,0.0,0.0,2,0,0
3175,48,23,25,11,24,1,12,7,3,0,3,0,0,0,0,0,5,1,0,0,0,0,0,1.0,1.0,1.0,0.0,0.0,0.2,2,0,0
3176,48,23,25,11,24,1,12,7,4,0,3,0,0,0,0,0,8,1,0,0,0,0,0,1.0,1.0,1.0,0.0,0.0,0.125,2,0,0
3177,48,23,25,11,24,1,12,7,4,0,3,0,0,0,0,0,0,0,0,0,0,0,0,1.0,1.0,1.0,0.0,0.0,0.0,2,0,0
3178,48,23,25,11,24,1,12,7,4,0,3,0,0,0,0,0,0,0,0,0,0,0,0,1.0,1.0,1.0,0.0,0.0,0.0,2,0,0
3179,48,23,25,11,24,1,12,7,4,0,3,0,0,0,0,0,0,0,0,0,0,0,0,1.0,1.0,1.0,0.0,0.0,0.0,2,0,0
3180,48,23,25,11,24,1,12,7,4,0,3,0,0,0,0,0,0,0,0,0,0,0,0,1.0,1.0,1.0,0.0,0.0,0.0,2,0,0
3181,48,23,25,11,24,1,12,7,4,0,3,0,0,0,0,0,0,0,0,0,0,0,0,1.0,1.0,1.0,0.0,0.0,0.0,2,0,0
3182,47,23,24,10,24,1,12,7,4,0,3,0,0,0,0,0,0,0,0,0,1,0,1,0.9714285714285714,1.0,1.0,0.0,0.0,0.0,2,0,1
3183,46,22,24,9,24,1,12,7,4,0,3,0,0,0,0,0,0,0,0,0,1,0,1,0.9705882352941176,1.0,1.0,0.0,0.0,0.0,2,0,1
3184,49,23,26,12,24,1,12,7,3,0,4,0,0,0,0,0,0,0,0,1,0,0,0,1.0,1.0,1.0,0.06521739130434782,0.06521739130434782,0.0,2,3,0
3185,49,23,26,12,24,1,12,7,3,0,4,0,0,0,0,0,0,0,0,0,0,0,0,1.0,1.0,1.0,0.0,0.0,0.0,2,0,0
3186,49,23,26,12,24,1,12,7,3,0,4,0,0,0,0,0,0,0,0,0,0,0,0,1.0,1.0,1.0,0.0,0.0,0.0,2,0,0
3187,49,23,26,12,24,1,12,7,3,0,4,0,0,0,0,0,0,0,0,0,0,0,0,1.0,1.0,1.0,0.0,0.0,0.0,2,0,0
3188,49,23,26,9,27,1,12,7,3,0,4,0,0,0,0,0,0,0,0,0,0,0,0,1.0,1.0,1.0,0.0,0.0,0.0,2,0,0
3189,48,22,26,9,26,1,12,7,3,0,4,0,0,0,0,0,0,0,0,0,1,0,1,0.9722222222222222,1.0,1.0,0.0,0.0,0.0,2,0,1
3190,47,21,26,9,25,1,12,7,3,0,3,0,0,0,0,0,0,0,0,0,1,0,1,0.9714285714285714,1.0,1.0,0.0,0.0,0.0,2,0,1
3191,47,21,26,9,25,1,12,7,4,0,3,0,0,0,0,0,8,1,0,0,0,0,0,1.0,1.0,1.0,0.0,0.0,0.125,2,0,0
3192,47,21,26,9,25,1,12,7,4,0,3,0,0,0,0,0,0,0,0,0,0,0,0,1.0,1.0,1.0,0.0,0.0,0.0,2,0,0
3193,46,21,25,9,24,1,12,7,4,0,3,0,0,0,0,0,0,0,0,0,1,0,1,0.9705882352941176,1.0,1.0,0.0,0.0,0.0,2,0,1
3194,42,20,22,9,21,1,11,6,3,0,3,0,0,1,2,0,0,0,0,0,3,0,4,0.9090909090909091,1.0,0.8571428571428572,0.0,0.0,0.0,1,0,4
3195,38,18,20,8,20,1,9,5,3,0,2,0,0,2,2,0,0,0,0,0,2,4,4,0.9333333333333333,0.8,0.8333333333333334,0.0,0.0,0.0,1,0,4
3196,36,18,18,8,18,1,9,5,3,0,2,0,0,0,2,0,0,0,0,0,2,0,2,0.9285714285714286,1.0,1.0,0.0,0.0,0.0,1,0,2
3197,36,18,18,8,18,1,9,5,3,0,2,0,0,0,0,0,0,0,0,0,0,1,0,1.0,1.0,1.0,0.0,0.0,0.0,1,0,0
3198,35,18,17,8,17,1,9,5,3,0,2,0,0,0,1,0,0,0,0,0,1,2,1,0.9615384615384616,1.0,1.0,0.0,0.0,0.0,1,0,1
3199,35,18,17,8,14,4,9,5,3,0,2,0,0,0,0,0,0,0,0,0,0,0,0,1.0,1.0,1.0,0.0,0.0,0.0,1,0,0
3200,34,17,17,7,14,4,9,5,3,0,2,0,0,1,0,0,0,0,0,0,1,0,1,0.9545454545454546,1.0,1.0,0.0,0.0,0.0,1,0,1
3201,34,17,17,7,13,5,9,5,3,0,2,0,0,0,0,0,0,0,0,0,0,0,0,1.0,1.0,1.0,0.0,0.0,0.0,1,0,0
3202,33,16,17,7,11,6,9,5,3,0,2,0,0,0,0,0,0,0,0,0,0,0,0,0.9473684210526316,1.0,1.0,0.0,0.0,0.0,1,0,1
3203,33,16,17,7,11,6,9,5,3,0,2,0,0,0,0,0,0,0,0,0,0,0,0,1.0,1.0,1.0,0.0,0.0,0.0,1,0,0
3204,33,16,17,7,11,6,9,5,3,0,2,0,0,0,0,0,0,0,0,0,0,0,0,1.0,1.0,1.0,0.0,0.0,0.0,1,0,0
3205,33,16,17,7,11,6,9,5,3,0,2,0,0,0,0,0,0,0,0,0,0,0,0,1.0,1.0,1.0,0.0,0.0,0.0,1,0,0
3206,33,16,17,7,11,6,9,5,3,0,2,0,0,0,0,0,0,0,0,0,0,0,0,1.0,1.0,1.0,0.0,0.0,0.0,1,0,0
3207,33,16,17,7,11,6,9,5,3,0,2,0,0,0,0,0,0,0,0,0,0,0,0,1.0,1.0,1.0,0.0,0.0,0.0,1,0,0
3208,33,16,17,7,11,5,10,6,3,0,2,0,0,0,0,0,0,0,0,0,0,1,0,1.0,1.0,1.0,0.0,0.0,0.0,1,0,0
3209,33,16,17,7,11,5,10,6,3,0,2,0,0,0,0,0,0,0,0,0,0,0,0,1.0,1.0,1.0,0.0,0.0,0.0,1,0,0
3210,33,16,17,7,11,5,10,6,4,0,2,0,0,0,0,0,5,1,0,0,0,0,0,1.0,1.0,1.0,0.0,0.0,0.2,1,0,0
3211,33,16,17,6,12,5,10,6,4,0,2,0,0,0,0,0,0,0,0,0,0,0,0,1.0,1.0,1.0,0.0,0.0,0.0,1,0,0
3212,33,16,17,6,11,6,10,6,4,0,2,0,0,0,0,0,0,0,0,0,0,0,0,1.0,1.0,1.0,0.0,0.0,0.0,1,0,0
3213,33,16,17,6,11,6,10,6,4,0,1,0,0,0,0,0,0,0,0,0,0,0,0,1.0,1.0,1.0,0.0,0.0,0.0,1,0,0
3214,33,16,17,6,11,6,10,6,4,0,1,0,0,0,0,0,4,0,0,0,0,0,0,1.0,1.0,1.0,0.0,0.0,0.0,1,0,0
3215,33,16,17,6,11,6,10,6,5,0,1,0,0,0,0,0,3,1,0,0,0,0,0,1.0,1.0,1.0,0.0,0.0,0.3333333333333333,1,0,0
3216,33,16,17,3,14,6,10,6,5,0,1,0,0,0,0,0,0,0,0,0,0,0,0,1.0,1.0,1.0,0.0,0.0,0.0,1,0,0
3217,33,16,17,3,14,6,10,6,5,0,1,0,0,0,0,0,0,0,0,0,0,0,0,1.0,1.0,1.0,0.0,0.0,0.0,1,0,0
3218,33,16,17,3,14,6,10,6,5,0,0,0,0,0,0,0,0,0,0,0,0,0,0,1.0,1.0,1.0,0.0,0.0,0.0,1,0,0
3219,33,16,17,3,14,6,10,6,5,0,0,0,0,0,0,0,1,0,0,0,0,0,0,1.0,1.0,1.0,0.0,0.0,0.0,1,0,0
3220,33,16,17,3,14,6,10,6,5,0,0,0,0,0,0,0,5,0,0,0,0,0,0,1.0,1.0,1.0,0.0,0.0,0.0,1,0,0
3221,33,16,17,3,14,6,10,6,5,0,0,0,0,0,0,0,5,0,0,0,0,0,0,1.0,1.0,1.0,0.0,0.0,0.0,1,0,0
3222,33,16,17,3,14,6,10,6,5,0,0,0,0,0,0,0,5,0,0,0,0,0,0,1.0,1.0,1.0,0.0,0.0,0.0,1,0,0
3223,33,16,17,3,14,6,10,6,5,0,0,0,0,0,0,0,5,0,0,0,0,0,0,1.0,1.0,1.0,0.0,0.0,0.0,1,0,0
3224,33,16,17,3,14,6,10,6,5,0,0,0,0,0,0,0,5,0,0,0,0,0,0,1.0,1.0,1.0,0.0,0.0,0.0,1,0,0
3225,33,16,17,3,14,6,10,6,5,0,0,0,0,0,0,0,5,0,0,0,0,0,0,1.0,1.0,1.0,0.0,0.0,0.0,1,0,0
3226,33,16,17,3,14,6,10,6,5,0,0,0,0,0,0,0,5,0,0,0,0,0,0,1.0,1.0,1.0,0.0,0.0,0.0,1,0,0
3227,33,16,17,0,17,6,10,6,5,0,0,0,0,0,0,0,5,0,0,0,0,0,0,1.0,1.0,1.0,0.0,0.0,0.0,1,0,0
3228,33,16,17,0,17,6,10,6,5,0,0,0,0,0,0,0,5,0,0,0,0,0,0,1.0,1.0,1.0,0.0,0.0,0.0,1,0,0
3229,33,16,17,0,17,6,10,6,5,0,0,0,0,0,0,0,5,0,0,0,0,0,0,1.0,1.0,1.0,0.0,0.0,0.0,1,0,0
3230,33,16,17,0,17,6,10,6,5,0,0,0,0,0,0,0,5,0,0,0,0,0,0,1.0,1.0,1.0,0.0,0.0,0.0,1,0,0
3231,33,16,17,0,17,6,10,6,5,0,0,0,0,0,0,0,5,0,0,0,0,0,0,1.0,1.0,1.0,0.0,0.0,0.0,1,0,0
3232,33,16,17,0,17,6,10,6,5,0,0,0,0,0,0,0,5,0,0,0,0,0,0,1.0,1.0,1.0,0.0,0.0,0.0,1,0,0
3233,33,16,17,0,17,6,10,6,5,0,0,0,0,0,0,0,5,0,0,0,0,0,0,1.0,1.0,1.0,0.0,0.0,0.0,1,0,0
3234,33,16,17,0,17,6,10,6,5,0,0,0,0,0,0,0,5,0,0,0,0,0,0,1.0,1.0,1.0,0.0,0.0,0.0,1,0,0
3235,33,16,17,0,17,6,10,6,5,0,0,0,0,0,0,0,5,0,0,0,0,0,0,1.0,1.0,1.0,0.0,0.0,0.0,1,0,0
3236,33,16,17,0,17,6,10,6,5,0,0,0,0,0,0,0,5,0,0,0,0,0,0,1.0,1.0,1.0,0.0,0.0,0.0,1,0,0
3237,33,16,17,0,17,6,10,6,5,0,0,0,0,0,0,0,5,0,0,0,0,0,0,1.0,1.0,1.0,0.0,0.0,0.0,1,0,0
3238,37,18,19,4,17,6,10,6,4,0,1,0,0,0,0,0,5,0,0,1,0,0,0,1.0,1.0,1.0,0.12121212121212122,0.12121212121212122,0.0,1,4,0
3239,37,18,19,4,17,6,10,6,4,0,1,0,0,0,0,0,5,0,0,0,0,0,0,1.0,1.0,1.0,0.0,0.0,0.0,1,0,0
3240,41,21,20,8,17,6,10,6,3,0,2,0,0,0,0,0,5,0,0,1,0,0,0,1.0,1.0,1.0,0.10810810810810811,0.10810810810810811,0.0,1,4,0
3241,41,21,20,8,17,6,10,6,3,0,2,0,0,0,0,0,5,0,0,0,0,0,0,1.0,1.0,1.0,0.0,0.0,0.0,1,0,0
3242,41,21,20,8,17,6,10,6,3,0,2,0,0,0,0,0,5,0,0,0,0,0,0,1.0,1.0,1.0,0.0,0.0,0.0,1,0,0
3243,41,21,20,8,17,6,10,6,3,0,2,0,0,0,0,0,5,0,0,0,0,0,0,1.0,1.0,1.0,0.0,0.0,0.0,1,0,0
3244,41,21,20,8,17,6,10,6,3,0,2,0,0,0,0,0,5,0,0,0,0,0,0,1.0,1.0,1.0,0.0,0.0,0.0,1,0,0
3245,41,21,20,8,17,6,10,6,3,0,2,0,0,0,0,0,5,0,0,0,0,0,0,1.0,1.0,1.0,0.0,0.0,0.0,1,0,0
3246,41,21,20,8,17,6,10,6,3,0,2,0,0,0,0,0,5,0,0,0,0,0,0,1.0,1.0,1.0,0.0,0.0,0.0,1,0,0
3247,41,21,20,8,17,6,10,6,3,0,2,0,0,0,0,0,5,0,0,0,0,0,0,1.0,1.0,1.0,0.0,0.0,0.0,1,0,0
3248,41,21,20,8,17,6,10,6,3,0,2,0,0,0,0,0,5,0,0,0,0,0,0,1.0,1.0,1.0,0.0,0.0,0.0,1,0,0
3249,41,21,20,8,17,6,10,6,3,0,2,0,0,0,0,0,5,0,0,0,0,0,0,1.0,1.0,1.0,0.0,0.0,0.0,1,0,0
3250,40,20,20,8,16,6,10,6,3,0,2,0,0,0,0,0,5,0,0,0,1,0,1,0.96,1.0,1.0,0.0,0.0,0.0,1,0,1
3251,40,20,20,8,16,6,10,6,3,0,2,0,0,0,0,0,5,0,0,0,0,0,0,1.0,1.0,1.0,0.0,0.0,0.0,1,0,0
3252,39,19,20,7,16,6,10,6,3,0,2,0,0,0,0,0,5,0,0,0,1,0,1,0.9583333333333334,1.0,1.0,0.0,0.0,0.0,1,0,1
3253,39,19,20,7,16,6,10,6,3,0,2,0,0,0,0,0,5,0,0,0,0,0,0,1.0,1.0,1.0,0.0,0.0,0.0,1,0,0
3254,39,19,20,7,16,6,10,6,3,0,2,0,0,0,0,0,5,0,0,0,0,0,0,1.0,1.0,1.0,0.0,0.0,0.0,1,0,0
3255,39,19,20,7,16,6,10,6,3,0,2,0,0,0,0,0,5,0,0,0,0,0,0,1.0,1.0,1.0,0.0,0.0,0.0,1,0,0
3256,43,22,21,11,16,6,10,6,2,0,3,0,0,0,0,0,5,0,0,1,0,0,0,1.0,1.0,1.0,0.10256410256410256,0.10256410256410256,0.0,1,4,0
3257,43,22,21,11,16,6,10,6,2,0,3,0,0,0,0,0,5,0,0,0,0,0,0,1.0,1.0,1.0,0.0,0.0,0.0,1,0,0
3258,42,21,21,11,16,5,10,6,2,0,3,0,0,0,0,0,5,0,0,0,0,0,0,1.0,1.0,1.0,0.0,0.0,0.0,1,0,1
3259,42,21,21,11,16,5,10,6,2,0,3,0,0,0,0,0,5,0,0,0,0,0,0,1.0,1.0,1.0,0.0,0.0,0.0,1,0,0
3260,42,21,21,11,16,5,10,6,2,0,3,0,0,0,0,0,5,0,0,0,0,0,0,1.0,1.0,1.0,0.0,0.0,0.0,1,0,0
3261,42,21,21,11,16,5,10,6,2,0,3,0,0,0,0,0,5,0,0,0,0,0,0,1.0,1.0,1.0,0.0,0.0,0.0,1,0,0
3262,42,21,21,11,16,5,10,6,2,0,3,0,0,0,0,0,5,0,0,0,0,0,0,1.0,1.0,1.0,0.0,0.0,0.0,1,0,0
3263,42,21,21,11,16,5,10,6,2,0,3,0,0,0,0,0,5,0,0,0,0,0,0,1.0,1.0,1.0,0.0,0.0,0.0,1,0,0
3264,42,21,21,11,16,5,10,6,2,0,3,0,0,0,0,0,5,0,0,0,0,0,0,1.0,1.0,1.0,0.0,0.0,0.0,1,0,0
3265,42,21,21,11,16,5,10,6,2,0,3,0,0,0,0,0,5,0,0,0,0,0,0,1.0,1.0,1.0,0.0,0.0,0.0,1,0,0
3266,41,20,21,11,16,4,10,6,2,0,3,0,0,0,0,0,5,0,0,0,0,0,0,1.0,1.0,1.0,0.0,0.0,0.0,1,0,1
3267,41,20,21,11,16,4,10,6,2,0,3,0,0,0,0,0,5,0,0,0,0,0,0,1.0,1.0,1.0,0.0,0.0,0.0,1,0,0
3268,41,20,21,11,16,4,10,6,2,0,3,0,0,0,0,0,5,0,0,0,0,0,0,1.0,1.0,1.0,0.0,0.0,0.0,1,0,0
3269,41,20,21,11,16,4,10,6,2,0,3,0,0,0,0,0,5,0,0,0,0,0,0,1.0,1.0,1.0,0.0,0.0,0.0,1,0,0
3270,41,20,21,11,16,4,10,6,2,0,3,0,0,0,0,0,5,0,0,0,0,0,0,1.0,1.0,1.0,0.0,0.0,0.0,1,0,0
3271,41,20,21,11,16,4,10,6,2,0,3,0,0,0,0,0,5,0,0,0,0,0,0,1.0,1.0,1.0,0.0,0.0,0.0,1,0,0
3272,41,20,21,11,16,4,10,6,2,0,3,0,0,0,0,0,5,0,0,0,0,0,0,1.0,1.0,1.0,0.0,0.0,0.0,1,0,0
3273,41,20,21,11,16,4,10,6,2,0,3,0,0,0,0,0,5,0,0,0,0,0,0,1.0,1.0,1.0,0.0,0.0,0.0,1,0,0
3274,41,20,21,11,16,4,10,6,2,0,3,0,0,0,0,0,5,0,0,0,0,0,0,1.0,1.0,1.0,0.0,0.0,0.0,1,0,0
3275,44,20,24,15,16,3,10,6,1,0,4,0,0,0,0,0,5,0,0,1,0,0,0,1.0,1.0,1.0,0.0975609756097561,0.0975609756097561,0.0,1,4,1
3276,44,20,24,15,16,3,10,6,1,0,4,0,0,0,0,0,5,0,0,0,0,0,0,1.0,1.0,1.0,0.0,0.0,0.0,1,0,0
3277,44,20,24,15,16,3,10,6,1,0,4,0,0,0,0,0,5,0,0,0,0,0,0,1.0,1.0,1.0,0.0,0.0,0.0,1,0,0
3278,44,20,24,15,16,3,10,6,1,0,4,0,0,0,0,0,5,0,0,0,0,0,0,1.0,1.0,1.0,0.0,0.0,0.0,1,0,0
3279,44,20,24,15,16,3,10,6,1,0,4,0,0,0,0,0,5,0,0,0,0,0,0,1.0,1.0,1.0,0.0,0.0,0.0,1,0,0
3280,47,20,27,18,16,3,10,6,0,0,5,0,0,0,0,0,5,0,0,1,0,0,0,1.0,1.0,1.0,0.06818181818181818,0.06818181818181818,0.0,1,3,0
3281,47,20,27,14,20,3,10,6,0,0,5,0,0,0,0,0,5,0,0,0,0,0,0,1.0,1.0,1.0,0.0,0.0,0.0,1,0,0
3282,47,20,27,14,20,3,10,6,0,0,5,0,0,0,0,0,5,0,0,0,0,0,0,1.0,1.0,1.0,0.0,0.0,0.0,1,0,0
3283,47,20,27,11,23,3,10,6,0,0,4,0,0,0,0,0,5,0,0,0,0,0,0,1.0,1.0,1.0,0.0,0.0,0.0,1,0,0
3284,47,20,27,11,23,3,10,6,0,0,4,0,0,0,0,0,5,0,0,0,0,0,0,1.0,1.0,1.0,0.0,0.0,0.0,1,0,0
3285,47,20,27,11,23,3,10,6,0,0,3,0,0,0,0,0,5,0,0,0,0,0,0,1.0,1.0,1.0,0.0,0.0,0.0,1,0,0
3286,43,16,27,11,20,3,9,6,0,0,3,0,0,4,0,0,5,0,0,0,3,0,4,0.9117647058823529,0.75,1.0,0.0,0.0,0.0,1,0,4
3287,42,15,27,11,19,3,9,6,0,0,3,0,0,1,0,0,5,0,0,0,1,0,1,0.967741935483871,1.0,1.0,0.0,0.0,0.0,1,0,1
3288,41,15,26,11,19,2,9,6,0,0,3,0,0,0,1,0,5,0,0,0,0,0,1,1.0,1.0,1.0,0.0,0.0,0.0,1,0,1
3289,36,13,23,9,16,2,9,6,0,0,3,0,0,1,3,0,5,0,0,0,5,0,5,0.8333333333333334,1.0,1.0,0.0,0.0,0.0,1,0,5
3290,35,13,22,8,16,2,9,6,0,0,3,0,0,0,1,0,5,0,0,0,1,0,1,0.96,1.0,1.0,0.0,0.0,0.0,1,0,1
3291,35,13,22,8,16,2,9,6,0,0,3,0,0,0,0,0,5,0,0,0,0,0,0,1.0,1.0,1.0,0.0,0.0,0.0,1,0,0
3292,35,13,22,8,16,2,9,6,0,0,3,0,0,0,0,0,5,0,0,0,0,0,0,1.0,1.0,1.0,0.0,0.0,0.0,1,0,0
3293,35,13,22,8,16,2,9,6,0,0,3,0,0,0,0,0,5,0,0,0,0,0,0,1.0,1.0,1.0,0.0,0.0,0.0,1,0,0
3294,35,13,22,8,16,2,9,6,0,0,3,0,0,0,0,0,5,0,0,0,0,0,0,1.0,1.0,1.0,0.0,0.0,0.0,1,0,0
3295,35,13,22,8,16,2,9,6,0,0,3,0,0,0,0,0,5,0,0,0,0,0,0,1.0,1.0,1.0,0.0,0.0,0.0,1,0,0
3296,35,13,22,8,16,2,9,6,0,0,3,0,0,0,0,0,5,0,0,0,0,0,0,1.0,1.0,1.0,0.0,0.0,0.0,1,0,0
3297,35,13,22,8,16,2,9,6,0,0,3,0,0,0,0,0,5,0,0,0,0,0,0,1.0,1.0,1.0,0.0,0.0,0.0,1,0,0
3298,35,13,22,8,16,2,9,6,0,0,3,0,0,0,0,0,5,0,0,0,0,0,0,1.0,1.0,1.0,0.0,0.0,0.0,1,0,0
3299,35,13,22,6,18,2,9,6,0,0,3,0,0,0,0,0,5,0,0,0,0,0,0,1.0,1.0,1.0,0.0,0.0,0.0,1,0,0
3300,35,13,22,6,18,2,9,6,0,0,3,0,0,0,0,0,5,0,0,0,0,0,0,1.0,1.0,1.0,0.0,0.0,0.0,1,0,0
3301,35,13,22,6,18,2,9,6,0,0,2,0,0,0,0,0,5,0,0,0,0,0,0,1.0,1.0,1.0,0.0,0.0,0.0,1,0,0
3302,34,13,21,6,18,2,8,5,0,0,1,0,0,0,0,0,5,0,0,0,0,0,0,1.0,1.0,0.8333333333333334,0.0,0.0,0.0,1,0,1
3303,34,13,21,6,18,2,8,5,0,0,1,0,0,0,0,0,5,0,0,0,0,0,0,1.0,1.0,1.0,0.0,0.0,0.0,1,0,0
3304,34,13,21,6,18,2,8,5,0,0,1,0,0,0,0,0,5,0,0,0,0,0,0,1.0,1.0,1.0,0.0,0.0,0.0,1,0,0
3305,34,13,21,6,18,2,8,5,0,0,1,0,0,0,0,0,5,0,0,0,0,0,0,1.0,1.0,1.0,0.0,0.0,0.0,1,0,0
3306,34,13,21,6,18,2,8,5,0,0,1,0,0,0,0,0,5,0,0,0,0,0,0,1.0,1.0,1.0,0.0,0.0,0.0,1,0,0
3307,34,13,21,6,18,2,8,5,0,0,1,0,0,0,0,0,5,0,0,0,0,2,0,1.0,1.0,1.0,0.0,0.0,0.0,1,0,0
3308,34,13,21,6,18,2,8,5,0,0,1,0,0,0,0,0,5,0,0,0,0,0,0,1.0,1.0,1.0,0.0,0.0,0.0,1,0,0
3309,34,13,21,6,18,2,8,5,0,0,1,0,0,0,0,0,5,0,0,0,0,1,0,1.0,1.0,1.0,0.0,0.0,0.0,1,0,0
3310,34,13,21,6,18,2,8,5,0,0,1,0,0,0,0,0,5,0,0,0,0,3,0,1.0,1.0,1.0,0.0,0.0,0.0,1,0,0
3311,34,13,21,6,16,4,8,5,0,0,1,0,0,0,0,0,5,0,0,0,0,0,0,1.0,1.0,1.0,0.0,0.0,0.0,1,0,0
3312,34,13,21,6,16,4,8,5,0,0,1,0,0,0,0,0,5,0,0,0,0,0,0,1.0,1.0,1.0,0.0,0.0,0.0,1,0,0
3313,34,13,21,6,15,4,9,6,0,0,1,0,0,0,0,0,5,0,0,0,0,0,0,1.0,1.0,1.0,0.0,0.0,0.0,1,0,0
3314,34,13,21,6,12,7,9,6,0,0,1,0,0,0,0,0,5,0,0,0,0,0,0,1.0,1.0,1.0,0.0,0.0,0.0,1,0,0
3315,34,13,21,6,12,7,9,6,1,1,1,0,0,0,0,0,8,1,1,0,0,0,0,1.0,1.0,1.0,0.0,0.0,0.125,1,0,0
3316,34,13,21,6,12,7,9,6,4,1,1,0,0,0,0,0,8,3,0,0,0,0,0,1.0,1.0,1.0,0.0,0.0,0.375,1,0,0
3317,34,13,21,6,12,7,9,6,4,1,1,0,0,0,0,0,0,0,0,0,0,0,0,1.0,1.0,1.0,0.0,0.0,0.0,1,0,0
3318,34,13,21,3,15,7,9,6,4,1,1,0,0,0,0,0,0,0,0,0,0,0,0,1.0,1.0,1.0,0.0,0.0,0.0,1,0,0
3319,34,13,21,3,15,7,9,6,4,1,1,0,0,0,0,0,0,0,0,0,0,0,0,1.0,1.0,1.0,0.0,0.0,0.0,1,0,0
3320,34,13,21,3,15,7,9,6,4,1,1,0,0,0,0,0,0,0,0,0,0,0,0,1.0,1.0,1.0,0.0,0.0,0.0,1,0,0
3321,34,13,21,3,15,7,9,6,4,1,1,0,0,0,0,0,0,0,0,0,0,0,0,1.0,1.0,1.0,0.0,0.0,0.0,1,0,0
3322,34,13,21,3,15,7,9,6,4,1,1,0,0,0,0,0,0,0,0,0,0,0,0,1.0,1.0,1.0,0.0,0.0,0.0,1,0,0
3323,34,13,21,0,18,7,9,6,4,1,1,0,0,0,0,0,0,0,0,0,0,0,0,1.0,1.0,1.0,0.0,0.0,0.0,1,0,0
3324,34,13,21,0,18,7,9,6,4,1,1,0,0,0,0,0,0,0,0,0,0,0,0,1.0,1.0,1.0,0.0,0.0,0.0,1,0,0
3325,34,13,21,0,18,7,9,6,4,1,0,0,0,0,0,0,0,0,0,0,0,2,0,1.0,1.0,1.0,0.0,0.0,0.0,1,0,0
3326,34,13,21,0,18,7,9,6,4,1,0,0,0,0,0,0,1,0,0,0,0,0,0,1.0,1.0,1.0,0.0,0.0,0.0,1,0,0
3327,34,13,21,0,18,7,9,6,4,1,0,0,0,0,0,0,7,0,0,0,0,0,0,1.0,1.0,1.0,0.0,0.0,0.0,1,0,0
3328,34,13,21,0,18,7,9,6,4,1,0,0,0,0,0,0,2,0,0,0,0,0,0,1.0,1.0,1.0,0.0,0.0,0.0,1,0,0
3329,34,13,21,0,16,9,9,6,5,1,0,0,0,0,0,0,7,1,0,0,0,0,0,1.0,1.0,1.0,0.0,0.0,0.14285714285714285,1,0,0
3330,34,13,21,0,16,9,9,6,5,1,0,0,0,0,0,0,0,0,0,0,0,0,0,1.0,1.0,1.0,0.0,0.0,0.0,1,0,0
3331,34,13,21,0,16,9,9,6,5,1,0,0,0,0,0,0,0,0,0,0,0,0,0,1.0,1.0,1.0,0.0,0.0,0.0,1,0,0
3332,34,13,21,0,16,9,9,6,5,1,0,0,0,0,0,0,0,0,0,0,0,0,0,1.0,1.0,1.0,0.0,0.0,0.0,1,0,0
3333,34,13,21,0,16,9,9,6,5,1,0,0,0,0,0,0,0,0,0,0,0,0,0,1.0,1.0,1.0,0.0,0.0,0.0,1,0,0
3334,34,13,21,0,16,8,10,6,5,1,0,0,0,0,0,0,0,0,0,0,0,0,0,1.0,1.0,1.0,0.0,0.0,0.0,1,0,0
3335,34,13,21,0,16,8,10,6,5,1,0,0,0,0,0,0,0,0,0,0,0,0,0,1.0,1.0,1.0,0.0,0.0,0.0,1,0,0
3336,34,13,21,0,16,8,10,6,5,1,0,0,0,0,0,0,0,0,0,0,0,0,0,1.0,1.0,1.0,0.0,0.0,0.0,1,0,0
3337,34,13,21,0,16,8,10,6,5,1,0,0,0,0,0,0,0,0,0,0,0,0,0,1.0,1.0,1.0,0.0,0.0,0.0,1,0,0
3338,34,13,21,0,16,8,10,6,5,1,0,0,0,0,0,0,0,0,0,0,0,0,0,1.0,1.0,1.0,0.0,0.0,0.0,1,0,0
3339,34,13,21,0,16,8,10,6,5,1,0,0,0,0,0,0,0,0,0,0,0,0,0,1.0,1.0,1.0,0.0,0.0,0.0,1,0,0
3340,34,13,21,0,16,8,10,6,5,1,0,0,0,0,0,0,0,0,0,0,0,0,0,1.0,1.0,1.0,0.0,0.0,0.0,1,0,0
3341,34,13,21,0,16,8,10,6,5,1,0,0,0,0,0,0,0,0,0,0,0,0,0,1.0,1.0,1.0,0.0,0.0,0.0,1,0,0
3342,34,13,21,0,16,8,10,6,5,1,0,0,0,0,0,0,0,0,0,0,0,0,0,1.0,1.0,1.0,0.0,0.0,0.0,1,0,0
3343,34,13,21,0,16,8,10,6,5,1,0,0,0,0,0,0,0,0,0,0,0,0,0,1.0,1.0,1.0,0.0,0.0,0.0,1,0,0
3344,34,13,21,0,16,8,10,6,5,1,0,0,0,0,0,0,0,0,0,0,0,0,0,1.0,1.0,1.0,0.0,0.0,0.0,1,0,0
3345,34,13,21,0,16,8,10,6,5,1,0,0,0,0,0,0,0,0,0,0,0,0,0,1.0,1.0,1.0,0.0,0.0,0.0,1,0,0
3346,34,13,21,0,16,8,10,6,5,1,0,0,0,0,0,0,0,0,0,0,0,0,0,1.0,1.0,1.0,0.0,0.0,0.0,1,0,0
3347,33,12,21,0,15,8,10,6,5,1,0,0,0,0,0,0,0,0,0,0,1,0,1,0.9375,1.0,1.0,0.0,0.0,0.0,1,0,1
3348,33,12,21,0,15,8,10,6,5,1,0,0,0,0,0,0,0,0,0,0,0,1,0,1.0,1.0,1.0,0.0,0.0,0.0,1,0,0
3349,33,12,21,0,15,8,10,6,5,1,0,0,0,0,0,0,0,0,0,0,0,0,0,1.0,1.0,1.0,0.0,0.0,0.0,1,0,0
3350,33,12,21,0,15,8,10,6,5,1,0,0,0,0,0,0,0,0,0,0,0,0,0,1.0,1.0,1.0,0.0,0.0,0.0,1,0,0
3351,33,12,21,0,15,8,10,6,5,1,0,0,0,0,0,0,0,0,0,0,0,0,0,1.0,1.0,1.0,0.0,0.0,0.0,1,0,0
3352,33,12,21,0,14,9,10,6,5,1,0,0,0,0,0,0,0,0,0,0,0,0,0,1.0,1.0,1.0,0.0,0.0,0.0,1,0,0
3353,33,12,21,0,14,9,10,6,5,1,0,0,0,0,0,0,0,0,0,0,0,1,0,1.0,1.0,1.0,0.0,0.0,0.0,1,0,0
3354,33,12,21,0,14,9,10,6,5,1,0,0,0,0,0,0,0,0,0,0,0,0,0,1.0,1.0,1.0,0.0,0.0,0.0,1,0,0
3355,33,12,21,0,14,9,10,6,5,1,0,0,0,0,0,0,0,0,0,0,0,0,0,1.0,1.0,1.0,0.0,0.0,0.0,1,0,0
3356,33,12,21,0,14,9,10,6,5,1,0,0,0,0,0,0,0,0,0,0,0,0,0,1.0,1.0,1.0,0.0,0.0,0.0,1,0,0
3357,33,12,21,0,13,10,10,6,5,1,0,0,0,0,0,0,0,0,0,0,0,0,0,1.0,1.0,1.0,0.0,0.0,0.0,1,0,0
3358,33,12,21,0,13,10,10,6,5,1,0,0,0,0,0,0,0,0,0,0,0,0,0,1.0,1.0,1.0,0.0,0.0,0.0,1,0,0
3359,33,12,21,0,13,10,10,6,5,1,0,0,0,0,0,0,0,0,0,0,0,0,0,1.0,1.0,1.0,0.0,0.0,0.0,1,0,0
3360,33,12,21,0,13,10,10,6,5,0,0,0,0,0,0,0,0,0,0,0,0,0,0,1.0,1.0,1.0,0.0,0.0,0.0,1,0,0
3361,33,12,21,0,13,10,10,6,6,0,0,0,0,0,0,0,6,1,0,0,0,0,0,1.0,1.0,1.0,0.0,0.0,0.16666666666666666,1,0,0
3362,33,12,21,0,13,10,10,6,6,0,0,0,0,0,0,0,0,0,0,0,0,0,0,1.0,1.0,1.0,0.0,0.0,0.0,1,0,0
3363,33,12,21,0,13,10,10,6,6,0,0,0,0,0,0,0,0,0,0,0,0,0,0,1.0,1.0,1.0,0.0,0.0,0.0,1,0,0
3364,33,12,21,0,13,10,10,6,6,0,0,0,0,0,0,0,0,0,0,0,0,1,0,1.0,1.0,1.0,0.0,0.0,0.0,1,0,0
3365,32,12,20,0,13,10,9,5,5,0,0,0,0,0,0,0,0,0,0,0,0,0,0,1.0,1.0,0.8333333333333334,0.0,0.0,0.0,1,0,1
3366,32,12,20,0,13,10,9,5,5,0,0,0,0,0,0,0,0,0,0,0,0,0,0,1.0,1.0,1.0,0.0,0.0,0.0,1,0,0
3367,32,12,20,0,13,10,9,5,5,0,0,0,0,0,0,0,0,0,0,0,0,0,0,1.0,1.0,1.0,0.0,0.0,0.0,1,0,0
3368,32,12,20,0,12,11,9,5,5,0,0,0,0,0,0,0,0,0,0,0,0,0,0,1.0,1.0,1.0,0.0,0.0,0.0,1,0,0
3369,32,12,20,0,12,11,9,5,5,0,0,0,0,0,0,0,0,0,0,0,0,0,0,1.0,1.0,1.0,0.0,0.0,0.0,1,0,0
3370,32,12,20,0,12,11,9,5,5,0,0,0,0,0,0,0,0,0,0,0,0,0,0,1.0,1.0,1.0,0.0,0.0,0.0,1,0,0
3371,32,12,20,0,12,11,9,5,5,0,0,0,0,0,0,0,0,0,0,0,0,0,0,1.0,1.0,1.0,0.0,0.0,0.0,1,0,0
3372,32,12,20,0,12,11,9,5,5,0,0,0,0,0,0,0,0,0,0,0,0,0,0,1.0,1.0,1.0,0.0,0.0,0.0,1,0,0
3373,32,12,20,0,12,11,9,5,5,0,0,0,0,0,0,0,0,0,0,0,0,0,0,1.0,1.0,1.0,0.0,0.0,0.0,1,0,0
3374,32,12,20,0,12,11,9,5,5,0,0,0,0,0,0,0,0,0,0,0,0,0,0,1.0,1.0,1.0,0.0,0.0,0.0,1,0,0
3375,32,12,20,0,12,11,9,5,5,0,0,0,0,0,0,0,0,0,0,0,0,0,0,1.0,1.0,1.0,0.0,0.0,0.0,1,0,0
3376,32,12,20,0,12,11,9,5,5,0,0,0,0,0,0,0,0,0,0,0,0,0,0,1.0,1.0,1.0,0.0,0.0,0.0,1,0,0
3377,32,12,20,0,12,11,9,5,5,0,0,0,0,0,0,0,0,0,0,0,0,0,0,1.0,1.0,1.0,0.0,0.0,0.0,1,0,0
3378,32,12,20,0,12,11,9,5,5,0,0,0,0,0,0,0,0,0,0,0,0,0,0,1.0,1.0,1.0,0.0,0.0,0.0,1,0,0
3379,32,12,20,0,12,11,9,5,5,0,0,0,0,0,0,0,0,0,0,0,0,0,0,1.0,1.0,1.0,0.0,0.0,0.0,1,0,0
3380,31,11,20,0,12,11,8,5,5,0,0,0,0,1,0,0,0,0,0,0,0,0,1,1.0,0.75,1.0,0.0,0.0,0.0,1,0,1
3381,41,14,27,12,12,9,8,5,2,0,3,0,0,2,0,0,0,0,0,3,0,0,2,1.0,1.0,1.0,0.3870967741935484,0.3870967741935484,0.0,1,12,2
3382,40,14,26,11,12,9,8,5,2,0,3,0,0,0,1,0,0,0,0,0,1,0,1,0.9583333333333334,1.0,1.0,0.0,0.0,0.0,1,0,1
3383,39,14,25,11,11,9,8,5,2,0,3,0,0,0,1,0,0,0,0,0,1,0,1,0.9565217391304348,1.0,1.0,0.0,0.0,0.0,1,0,1
3384,39,14,25,11,11,9,8,5,2,0,3,0,0,0,0,0,0,0,0,0,0,0,0,1.0,1.0,1.0,0.0,0.0,0.0,1,0,0
3385,39,14,25,11,11,9,8,5,2,0,3,0,0,0,0,0,0,0,0,0,0,0,0,1.0,1.0,1.0,0.0,0.0,0.0,1,0,0
3386,39,14,25,11,11,9,8,5,2,0,3,0,0,0,0,0,0,0,0,0,0,0,0,1.0,1.0,1.0,0.0,0.0,0.0,1,0,0
3387,39,14,25,11,11,9,8,5,2,0,3,0,0,0,0,0,0,0,0,0,0,0,0,1.0,1.0,1.0,0.0,0.0,0.0,1,0,0
3388,38,14,24,10,11,9,8,5,2,0,3,0,0,0,0,0,0,0,0,0,1,0,1,0.9545454545454546,1.0,1.0,0.0,0.0,0.0,1,0,1
3389,38,14,24,10,11,9,8,5,2,0,3,0,0,0,0,0,0,0,0,0,0,0,0,1.0,1.0,1.0,0.0,0.0,0.0,1,0,0
3390,38,14,24,10,11,9,8,5,2,0,3,0,0,0,0,0,0,0,0,0,0,0,0,1.0,1.0,1.0,0.0,0.0,0.0,1,0,0
3391,38,14,24,10,11,9,8,5,2,0,3,0,0,0,0,0,0,0,0,0,0,0,0,1.0,1.0,1.0,0.0,0.0,0.0,1,0,0
3392,38,14,24,10,11,9,8,5,2,0,3,0,0,0,0,0,0,0,0,0,0,0,0,1.0,1.0,1.0,0.0,0.0,0.0,1,0,0
3393,38,14,24,10,11,9,8,5,2,0,3,0,0,0,0,0,0,0,0,0,0,0,0,1.0,1.0,1.0,0.0,0.0,0.0,1,0,0
3394,42,15,27,14,11,9,8,5,1,0,4,0,0,0,0,0,0,0,0,1,0,0,0,1.0,1.0,1.0,0.10526315789473684,0.10526315789473684,0.0,1,4,0
3395,42,15,27,14,11,9,8,5,1,0,4,0,0,0,0,0,0,0,0,0,0,0,0,1.0,1.0,1.0,0.0,0.0,0.0,1,0,0
3396,42,15,27,14,11,9,8,5,1,0,4,0,0,0,0,0,0,0,0,0,0,0,0,1.0,1.0,1.0,0.0,0.0,0.0,1,0,0
3397,42,15,27,14,11,9,8,5,1,0,4,0,0,0,0,0,0,0,0,0,0,0,0,1.0,1.0,1.0,0.0,0.0,0.0,1,0,0
3398,42,15,27,14,11,9,8,5,1,0,4,0,0,0,0,0,0,0,0,0,0,0,0,1.0,1.0,1.0,0.0,0.0,0.0,1,0,0
3399,42,15,27,14,11,9,8,5,1,0,4,0,0,0,0,0,0,0,0,0,0,0,0,1.0,1.0,1.0,0.0,0.0,0.0,1,0,0
3400,42,15,27,14,11,9,8,5,1,0,4,0,0,0,0,0,0,0,0,0,0,0,0,1.0,1.0,1.0,0.0,0.0,0.0,1,0,0
3401,42,15,27,14,11,9,8,5,1,0,4,0,0,0,0,0,0,0,0,0,0,0,0,1.0,1.0,1.0,0.0,0.0,0.0,1,0,0
3402,42,15,27,14,11,9,8,5,1,0,4,0,0,0,0,0,0,0,0,0,0,0,0,1.0,1.0,1.0,0.0,0.0,0.0,1,0,0
3403,42,15,27,14,11,9,8,5,1,0,4,0,0,0,0,0,0,0,0,0,0,0,0,1.0,1.0,1.0,0.0,0.0,0.0,1,0,0
3404,42,15,27,14,11,9,8,5,1,0,4,0,0,0,0,0,0,0,0,0,0,0,0,1.0,1.0,1.0,0.0,0.0,0.0,1,0,0
3405,42,15,27,14,11,9,8,5,1,0,4,0,0,0,0,0,0,0,0,0,0,0,0,1.0,1.0,1.0,0.0,0.0,0.0,1,0,0
3406,42,15,27,14,11,9,8,5,1,0,4,0,0,0,0,0,0,0,0,0,0,0,0,1.0,1.0,1.0,0.0,0.0,0.0,1,0,0
3407,42,15,27,14,11,9,8,5,1,0,4,0,0,0,0,0,0,0,0,0,0,0,0,1.0,1.0,1.0,0.0,0.0,0.0,1,0,0
3408,41,15,26,13,11,9,8,5,1,0,4,0,0,0,0,0,0,0,0,0,1,0,1,0.96,1.0,1.0,0.0,0.0,0.0,1,0,1
3409,41,15,26,13,11,9,8,5,1,0,4,0,0,0,0,0,0,0,0,0,0,0,0,1.0,1.0,1.0,0.0,0.0,0.0,1,0,0
3410,41,15,26,13,11,9,8,5,1,0,4,0,0,0,0,0,0,0,0,0,0,0,0,1.0,1.0,1.0,0.0,0.0,0.0,1,0,0
3411,41,15,26,13,11,9,8,5,1,0,4,0,0,0,0,0,0,0,0,0,0,0,0,1.0,1.0,1.0,0.0,0.0,0.0,1,0,0
3412,41,15,26,13,11,9,8,5,1,0,4,0,0,0,0,0,0,0,0,0,0,0,0,1.0,1.0,1.0,0.0,0.0,0.0,1,0,0
3413,41,15,26,13,11,9,8,5,1,0,4,0,0,0,0,0,0,0,0,0,0,0,0,1.0,1.0,1.0,0.0,0.0,0.0,1,0,0
3414,41,15,26,13,11,9,8,5,1,0,4,0,0,0,0,0,0,0,0,0,0,0,0,1.0,1.0,1.0,0.0,0.0,0.0,1,0,0
3415,41,15,26,13,11,9,8,5,1,0,4,0,0,0,0,0,0,0,0,0,0,0,0,1.0,1.0,1.0,0.0,0.0,0.0,1,0,0
3416,41,15,26,13,11,9,8,5,1,0,4,0,0,0,0,0,0,0,0,0,0,0,0,1.0,1.0,1.0,0.0,0.0,0.0,1,0,0
3417,41,15,26,13,11,9,8,5,1,0,4,0,0,0,0,0,0,0,0,0,0,0,0,1.0,1.0,1.0,0.0,0.0,0.0,1,0,0
3418,41,15,26,13,11,9,8,5,1,0,4,0,0,0,0,0,0,0,0,0,0,2,0,1.0,1.0,1.0,0.0,0.0,0.0,1,0,0
3419,41,15,26,13,11,9,8,5,1,0,4,0,0,0,0,0,0,0,0,0,0,0,0,1.0,1.0,1.0,0.0,0.0,0.0,1,0,0
3420,41,15,26,13,11,8,9,6,2,0,4,0,0,0,0,0,7,1,0,0,0,2,0,1.0,1.0,1.0,0.0,0.0,0.14285714285714285,1,0,0
3421,41,15,26,13,11,8,9,6,2,0,4,0,0,0,0,0,0,0,0,0,0,0,0,1.0,1.0,1.0,0.0,0.0,0.0,1,0,0
3422,41,15,26,13,9,10,9,6,2,0,4,0,0,0,0,0,0,0,0,0,0,0,0,1.0,1.0,1.0,0.0,0.0,0.0,1,0,0
3423,41,15,26,13,9,10,9,6,2,0,4,0,0,0,0,0,0,0,0,0,0,0,0,1.0,1.0,1.0,0.0,0.0,0.0,1,0,0
3424,41,15,26,4,16,12,9,6,2,0,4,0,0,0,0,0,0,0,0,0,0,0,0,1.0,1.0,1.0,0.0,0.0,0.0,1,0,0
3425,40,15,25,4,15,12,9,6,2,0,4,0,0,0,0,0,0,0,0,0,1,0,1,0.95,1.0,1.0,0.0,0.0,0.0,1,0,1
3426,42,16,26,7,15,11,9,6,1,0,2,0,0,0,0,0,0,0,0,1,0,0,0,1.0,1.0,1.0,0.075,0.075,0.0,1,3,1
3427,42,16,26,7,15,11,9,6,2,0,2,0,0,0,0,0,3,1,0,0,0,0,0,1.0,1.0,1.0,0.0,0.0,0.3333333333333333,1,0,0
3428,42,16,26,7,15,11,9,6,3,1,2,0,0,0,0,0,6,1,1,0,0,0,0,1.0,1.0,1.0,0.0,0.0,0.16666666666666666,1,0,0
3429,41,16,25,7,14,11,9,6,3,1,2,0,0,0,0,0,0,0,0,0,1,0,1,0.9545454545454546,1.0,1.0,0.0,0.0,0.0,1,0,1
3430,41,16,25,7,14,11,9,6,3,1,2,0,0,0,0,0,0,0,0,0,0,0,0,1.0,1.0,1.0,0.0,0.0,0.0,1,0,0
3431,41,16,25,7,14,11,9,6,3,1,2,0,0,0,0,0,0,0,0,0,0,0,0,1.0,1.0,1.0,0.0,0.0,0.0,1,0,0
3432,40,15,25,7,14,11,8,6,3,1,2,0,0,0,0,0,0,0,0,0,0,0,0,1.0,0.6666666666666667,1.0,0.0,0.0,0.0,1,0,1
3433,40,15,25,7,14,11,8,6,3,1,2,0,0,0,0,0,0,0,0,0,0,0,0,1.0,1.0,1.0,0.0,0.0,0.0,1,0,0
3434,40,15,25,7,14,11,8,6,3,1,2,0,0,0,0,0,0,0,0,0,0,0,0,1.0,1.0,1.0,0.0,0.0,0.0,1,0,0
3435,39,14,25,7,13,11,8,6,3,1,2,0,0,0,0,0,0,0,0,0,1,0,1,0.9523809523809523,1.0,1.0,0.0,0.0,0.0,1,0,1
3436,39,14,25,7,13,11,8,6,3,1,2,0,0,0,0,0,0,0,0,0,0,0,0,1.0,1.0,1.0,0.0,0.0,0.0,1,0,0
3437,39,14,25,3,17,11,8,6,3,1,2,0,0,0,0,0,0,0,0,0,0,0,0,1.0,1.0,1.0,0.0,0.0,0.0,1,0,0
3438,39,14,25,3,17,11,8,6,3,1,2,0,0,0,0,0,0,0,0,0,0,0,0,1.0,1.0,1.0,0.0,0.0,0.0,1,0,0
3439,39,14,25,3,17,11,8,6,3,1,1,0,0,0,0,0,0,0,0,0,0,0,0,1.0,1.0,1.0,0.0,0.0,0.0,1,0,0
3440,39,14,25,3,17,11,8,6,4,1,1,0,0,0,0,0,6,1,0,0,0,0,0,1.0,1.0,1.0,0.0,0.0,0.16666666666666666,1,0,0
3441,39,14,25,3,17,11,8,6,4,1,1,0,0,0,0,0,0,0,0,0,0,0,0,1.0,1.0,1.0,0.0,0.0,0.0,1,0,0
3442,38,14,24,3,16,11,8,6,4,1,1,0,0,0,0,0,0,0,0,0,1,0,1,0.95,1.0,1.0,0.0,0.0,0.0,1,0,1
3443,38,14,24,3,16,11,8,6,4,1,1,0,0,0,0,0,0,0,0,0,0,0,0,1.0,1.0,1.0,0.0,0.0,0.0,1,0,0
3444,38,14,24,3,16,11,8,6,4,1,1,0,0,0,0,0,0,0,0,0,0,0,0,1.0,1.0,1.0,0.0,0.0,0.0,1,0,0
3445,38,14,24,3,16,11,8,6,4,1,1,0,0,0,0,0,0,0,0,0,0,0,0,1.0,1.0,1.0,0.0,0.0,0.0,1,0,0
3446,38,14,24,3,16,10,9,6,4,1,1,0,0,0,0,0,0,0,0,0,0,0,0,1.0,1.0,1.0,0.0,0.0,0.0,1,0,0
3447,38,14,24,3,16,10,9,6,4,1,1,0,0,0,0,0,0,0,0,0,0,0,0,1.0,1.0,1.0,0.0,0.0,0.0,1,0,0
3448,38,14,24,3,16,10,9,6,4,1,1,0,0,0,0,0,0,0,0,0,0,0,0,1.0,1.0,1.0,0.0,0.0,0.0,1,0,0
3449,38,14,24,3,16,10,9,6,4,1,1,0,0,0,0,0,0,0,0,0,0,0,0,1.0,1.0,1.0,0.0,0.0,0.0,1,0,0
3450,38,14,24,3,16,10,9,6,4,1,1,0,0,0,0,0,0,0,0,0,0,0,0,1.0,1.0,1.0,0.0,0.0,0.0,1,0,0
3451,38,14,24,3,16,10,9,6,4,1,1,0,0,0,0,0,0,0,0,0,0,0,0,1.0,1.0,1.0,0.0,0.0,0.0,1,0,0
3452,38,14,24,3,16,9,10,7,4,1,1,0,0,0,0,0,0,0,0,0,0,0,0,1.0,1.0,1.0,0.0,0.0,0.0,1,0,0
3453,38,14,24,3,16,9,10,7,4,1,1,0,0,0,0,0,0,0,0,0,0,0,0,1.0,1.0,1.0,0.0,0.0,0.0,1,0,0
3454,38,14,24,3,16,9,10,7,4,1,1,0,0,0,0,0,0,0,0,0,0,0,0,1.0,1.0,1.0,0.0,0.0,0.0,1,0,0
3455,38,14,24,3,16,9,10,7,4,1,1,0,0,0,0,0,0,0,0,0,0,3,0,1.0,1.0,1.0,0.0,0.0,0.0,1,0,0
3456,38,14,24,3,16,9,10,7,4,1,1,0,0,0,0,0,0,0,0,0,0,0,0,1.0,1.0,1.0,0.0,0.0,0.0,1,0,0
3457,38,14,24,3,16,9,10,7,4,1,1,0,0,0,0,0,0,0,0,0,0,0,0,1.0,1.0,1.0,0.0,0.0,0.0,1,0,0
3458,38,14,24,3,16,9,10,7,5,1,1,0,0,0,0,0,8,1,0,0,0,0,0,1.0,1.0,1.0,0.0,0.0,0.125,1,0,0
3459,38,14,24,3,13,12,10,7,5,1,1,0,0,0,0,0,0,0,0,0,0,0,0,1.0,1.0,1.0,0.0,0.0,0.0,1,0,0
3460,38,14,24,3,13,12,10,7,5,1,1,0,0,0,0,0,0,0,0,0,0,2,0,1.0,1.0,1.0,0.0,0.0,0.0,1,0,0
3461,38,14,24,3,13,12,10,7,5,1,1,0,0,0,0,0,0,0,0,0,0,0,0,1.0,1.0,1.0,0.0,0.0,0.0,1,0,0
3462,38,14,24,3,13,12,10,7,5,1,1,0,0,0,0,0,0,0,0,0,0,0,0,1.0,1.0,1.0,0.0,0.0,0.0,1,0,0
3463,38,14,24,3,13,12,10,7,5,1,1,0,0,0,0,0,0,0,0,0,0,0,0,1.0,1.0,1.0,0.0,0.0,0.0,1,0,0
3464,38,14,24,3,11,13,11,7,5,1,1,0,0,0,0,0,0,0,0,0,0,0,0,1.0,1.0,1.0,0.0,0.0,0.0,1,0,0
3465,38,14,24,3,11,13,11,7,5,1,1,0,0,0,0,0,0,0,0,0,0,0,0,1.0,1.0,1.0,0.0,0.0,0.0,1,0,0
3466,38,14,24,3,11,13,11,7,5,1,1,0,0,0,0,0,0,0,0,0,0,0,0,1.0,1.0,1.0,0.0,0.0,0.0,1,0,0
3467,38,14,24,3,11,13,11,7,5,1,1,0,0,0,0,0,0,0,0,0,0,0,0,1.0,1.0,1.0,0.0,0.0,0.0,1,0,0
3468,37,14,23,3,10,13,11,7,5,1,1,0,0,0,1,0,0,0,0,0,1,0,1,0.9285714285714286,1.0,1.0,0.0,0.0,0.0,1,0,1
3469,37,14,23,0,13,13,11,7,5,1,1,0,0,0,0,0,0,0,0,0,0,0,0,1.0,1.0,1.0,0.0,0.0,0.0,1,0,0
3470,36,13,23,0,13,13,10,7,5,1,1,0,0,1,0,0,0,0,0,0,0,0,1,1.0,0.75,1.0,0.0,0.0,0.0,1,0,1
3471,34,12,22,0,13,12,9,6,4,1,0,0,0,1,1,0,0,0,0,0,0,0,2,1.0,1.0,0.8571428571428572,0.0,0.0,0.0,1,0,2
3472,29,9,20,0,9,11,9,6,4,1,0,0,0,3,2,0,5,0,0,0,4,0,5,0.6923076923076923,1.0,1.0,0.0,0.0,0.0,1,0,5
3473,28,9,19,0,9,11,8,5,4,0,0,0,0,0,1,0,0,0,0,0,0,0,1,1.0,1.0,0.8333333333333334,0.0,0.0,0.0,1,0,1
3474,28,9,19,0,9,11,8,5,4,0,0,0,0,0,0,0,1,0,0,0,0,0,0,1.0,1.0,1.0,0.0,0.0,0.0,1,0,0
3475,28,9,19,0,9,11,8,5,4,0,0,0,0,0,0,0,6,0,0,0,0,0,0,1.0,1.0,1.0,0.0,0.0,0.0,1,0,0
3476,28,9,19,0,9,10,9,6,5,0,0,0,0,0,0,0,4,1,0,0,0,0,0,1.0,1.0,1.0,0.0,0.0,0.25,1,0,0
3477,28,9,19,0,9,10,9,6,5,0,0,0,0,0,0,0,0,0,0,0,0,0,0,1.0,1.0,1.0,0.0,0.0,0.0,1,0,0
3478,28,9,19,0,9,10,9,6,5,0,0,0,0,0,0,0,0,0,0,0,0,0,0,1.0,1.0,1.0,0.0,0.0,0.0,1,0,0
3479,28,9,19,0,9,10,9,6,5,0,0,0,0,0,0,0,0,0,0,0,0,0,0,1.0,1.0,1.0,0.0,0.0,0.0,1,0,0
3480,28,9,19,0,9,10,9,6,5,0,0,0,0,0,0,0,0,0,0,0,0,0,0,1.0,1.0,1.0,0.0,0.0,0.0,1,0,0
3481,28,9,19,0,9,10,9,6,5,0,0,0,0,0,0,0,0,0,0,0,0,0,0,1.0,1.0,1.0,0.0,0.0,0.0,1,0,0
3482,28,9,19,0,9,10,9,6,5,0,0,0,0,0,0,0,0,0,0,0,0,0,0,1.0,1.0,1.0,0.0,0.0,0.0,1,0,0
3483,28,9,19,0,9,10,9,6,5,0,0,0,0,0,0,0,0,0,0,0,0,0,0,1.0,1.0,1.0,0.0,0.0,0.0,1,0,0
3484,28,9,19,0,9,10,9,6,6,0,0,0,0,0,0,0,4,1,0,0,0,0,0,1.0,1.0,1.0,0.0,0.0,0.25,1,0,0
3485,28,9,19,0,9,10,9,6,6,0,0,0,0,0,0,0,0,0,0,0,0,0,0,1.0,1.0,1.0,0.0,0.0,0.0,1,0,0
3486,28,9,19,0,9,10,9,6,6,0,0,0,0,0,0,0,0,0,0,0,0,0,0,1.0,1.0,1.0,0.0,0.0,0.0,1,0,0
3487,28,9,19,0,9,10,9,6,6,0,0,0,0,0,0,0,0,0,0,0,0,0,0,1.0,1.0,1.0,0.0,0.0,0.0,1,0,0
3488,28,9,19,0,9,10,9,6,6,0,0,0,0,0,0,0,0,0,0,0,0,0,0,1.0,1.0,1.0,0.0,0.0,0.0,1,0,0
3489,28,9,19,0,9,10,9,6,6,0,0,0,0,0,0,0,0,0,0,0,0,0,0,1.0,1.0,1.0,0.0,0.0,0.0,1,0,0
3490,28,9,19,0,9,10,9,6,6,0,0,0,0,0,0,0,0,0,0,0,0,0,0,1.0,1.0,1.0,0.0,0.0,0.0,1,0,0
3491,28,9,19,0,9,10,9,6,6,0,0,0,0,0,0,0,0,0,0,0,0,0,0,1.0,1.0,1.0,0.0,0.0,0.0,1,0,0
3492,32,12,20,4,9,10,9,6,5,0,1,0,0,0,0,0,0,0,0,1,0,0,0,1.0,1.0,1.0,0.14285714285714285,0.14285714285714285,0.0,1,4,0
3493,36,14,22,8,9,10,9,6,4,0,2,0,0,0,0,0,0,0,0,1,0,0,0,1.0,1.0,1.0,0.125,0.125,0.0,1,4,0
3494,36,14,22,8,9,10,9,6,4,0,2,0,0,0,0,0,0,0,0,0,0,0,0,1.0,1.0,1.0,0.0,0.0,0.0,1,0,0
3495,36,14,22,8,9,10,9,6,4,0,2,0,0,0,0,0,0,0,0,0,0,0,0,1.0,1.0,1.0,0.0,0.0,0.0,1,0,0
3496,36,14,22,8,9,10,9,6,4,0,2,0,0,0,0,0,0,0,0,0,0,0,0,1.0,1.0,1.0,0.0,0.0,0.0,1,0,0
3497,36,14,22,8,9,10,9,6,4,0,2,0,0,0,0,0,0,0,0,0,0,0,0,1.0,1.0,1.0,0.0,0.0,0.0,1,0,0
3498,36,14,22,8,9,10,9,6,4,0,2,0,0,0,0,0,0,0,0,0,0,0,0,1.0,1.0,1.0,0.0,0.0,0.0,1,0,0
3499,36,14,22,8,9,10,9,6,4,0,2,0,0,0,0,0,0,0,0,0,0,0,0,1.0,1.0,1.0,0.0,0.0,0.0,1,0,0
3500,36,14,22,8,9,10,9,6,4,0,2,0,0,0,0,0,0,0,0,0,0,0,0,1.0,1.0,1.0,0.0,0.0,0.0,1,0,0
3501,36,14,22,8,9,10,9,6,4,0,2,0,0,0,0,0,0,0,0,0,0,0,0,1.0,1.0,1.0,0.0,0.0,0.0,1,0,0
3502,36,14,22,8,9,10,9,6,4,0,2,0,0,0,0,0,0,0,0,0,0,0,0,1.0,1.0,1.0,0.0,0.0,0.0,1,0,0
3503,36,14,22,8,9,9,10,7,4,0,2,0,0,0,0,0,0,0,0,0,0,0,0,1.0,1.0,1.0,0.0,0.0,0.0,1,0,0
3504,36,14,22,8,9,9,10,7,4,0,2,0,0,0,0,0,0,0,0,0,0,0,0,1.0,1.0,1.0,0.0,0.0,0.0,1,0,0
3505,39,17,22,11,9,9,10,7,3,0,3,0,0,0,0,0,0,0,0,1,0,0,0,1.0,1.0,1.0,0.08333333333333333,0.08333333333333333,0.0,1,3,0
3506,39,17,22,11,9,9,10,7,3,0,3,0,0,0,0,0,0,0,0,0,0,0,0,1.0,1.0,1.0,0.0,0.0,0.0,1,0,0
3507,39,17,22,11,9,9,10,7,3,0,3,0,0,0,0,0,0,0,0,0,0,0,0,1.0,1.0,1.0,0.0,0.0,0.0,1,0,0
3508,39,17,22,11,9,9,10,7,3,0,3,0,0,0,0,0,0,0,0,0,0,0,0,1.0,1.0,1.0,0.0,0.0,0.0,1,0,0
3509,39,17,22,11,9,9,10,7,3,0,3,0,0,0,0,0,0,0,0,0,0,0,0,1.0,1.0,1.0,0.0,0.0,0.0,1,0,0
3510,39,17,22,11,9,9,10,7,3,0,3,0,0,0,0,0,2,0,0,0,0,0,0,1.0,1.0,1.0,0.0,0.0,0.0,1,0,0
3511,38,17,21,11,9,8,10,7,3,0,3,0,0,0,0,0,2,0,0,0,0,0,0,1.0,1.0,1.0,0.0,0.0,0.0,1,0,1
3512,38,17,21,11,9,8,10,7,3,1,3,0,0,0,0,0,3,0,1,0,0,0,0,1.0,1.0,1.0,0.0,0.0,0.0,1,0,0
3513,37,16,21,10,9,8,10,7,3,1,3,0,0,0,0,0,0,0,0,0,1,0,1,0.95,1.0,1.0,0.0,0.0,0.0,1,0,1
3514,36,16,20,10,9,8,9,6,3,0,3,0,0,0,0,0,0,0,0,0,0,0,0,1.0,1.0,0.8571428571428572,0.0,0.0,0.0,1,0,1
3515,35,16,19,10,9,7,9,6,3,0,3,0,0,0,0,0,0,0,0,0,0,0,0,1.0,1.0,1.0,0.0,0.0,0.0,1,0,1
3516,35,16,19,10,9,7,9,6,3,0,3,0,0,0,0,0,0,0,0,0,0,0,0,1.0,1.0,1.0,0.0,0.0,0.0,1,0,0
3517,35,16,19,10,9,7,9,6,3,0,3,0,0,0,0,0,0,0,0,0,0,0,0,1.0,1.0,1.0,0.0,0.0,0.0,1,0,0
3518,35,16,19,10,9,7,9,6,3,0,3,0,0,0,0,0,0,0,0,0,0,0,0,1.0,1.0,1.0,0.0,0.0,0.0,1,0,0
3519,35,16,19,10,9,7,9,6,3,0,3,0,0,0,0,0,0,0,0,0,0,0,0,1.0,1.0,1.0,0.0,0.0,0.0,1,0,0
3520,34,16,18,10,8,7,9,6,3,0,3,0,0,0,0,0,0,0,0,0,1,0,1,0.9473684210526316,1.0,1.0,0.0,0.0,0.0,1,0,1
3521,34,16,18,10,8,7,9,6,3,0,3,0,0,0,0,0,0,0,0,0,0,0,0,1.0,1.0,1.0,0.0,0.0,0.0,1,0,0
3522,34,16,18,10,8,7,9,6,3,0,3,0,0,0,0,0,0,0,0,0,0,0,0,1.0,1.0,1.0,0.0,0.0,0.0,1,0,0
3523,38,20,18,14,8,7,9,6,2,0,4,0,0,0,0,0,0,0,0,1,0,0,0,1.0,1.0,1.0,0.11764705882352941,0.11764705882352941,0.0,1,4,0
3524,38,20,18,14,8,7,9,6,2,0,4,0,0,0,0,0,0,0,0,0,0,0,0,1.0,1.0,1.0,0.0,0.0,0.0,1,0,0
3525,38,20,18,14,8,7,9,6,2,0,4,0,0,0,0,0,0,0,0,0,0,0,0,1.0,1.0,1.0,0.0,0.0,0.0,1,0,0
3526,37,19,18,14,7,7,9,6,2,0,4,0,0,0,0,0,0,0,0,0,1,0,1,0.9545454545454546,1.0,1.0,0.0,0.0,0.0,1,0,1
3527,37,19,18,14,7,7,9,6,2,0,4,0,0,0,0,0,0,0,0,0,0,0,0,1.0,1.0,1.0,0.0,0.0,0.0,1,0,0
3528,37,19,18,14,7,7,9,6,2,0,4,0,0,0,0,0,0,0,0,0,0,0,0,1.0,1.0,1.0,0.0,0.0,0.0,1,0,0
3529,37,19,18,14,7,7,9,6,2,0,4,0,0,0,0,0,0,0,0,0,0,0,0,1.0,1.0,1.0,0.0,0.0,0.0,1,0,0
3530,37,19,18,14,7,7,9,6,2,0,4,0,0,0,0,0,0,0,0,0,0,0,0,1.0,1.0,1.0,0.0,0.0,0.0,1,0,0
3531,37,19,18,14,7,7,9,6,2,0,4,0,0,0,0,0,0,0,0,0,0,0,0,1.0,1.0,1.0,0.0,0.0,0.0,1,0,0
3532,37,19,18,14,7,7,9,6,2,0,4,0,0,0,0,0,0,0,0,0,0,0,0,1.0,1.0,1.0,0.0,0.0,0.0,1,0,0
3533,37,19,18,14,7,7,9,6,2,0,4,0,0,0,0,0,0,0,0,0,0,0,0,1.0,1.0,1.0,0.0,0.0,0.0,1,0,0
3534,37,19,18,14,7,6,10,7,2,0,4,0,0,0,0,0,0,0,0,0,0,0,0,1.0,1.0,1.0,0.0,0.0,0.0,1,0,0
3535,37,19,18,10,11,6,10,7,2,0,4,0,0,0,0,0,0,0,0,0,0,0,0,1.0,1.0,1.0,0.0,0.0,0.0,1,0,0
3536,37,19,18,6,15,6,10,7,3,0,4,0,0,0,0,0,3,1,0,0,0,0,0,1.0,1.0,1.0,0.0,0.0,0.3333333333333333,1,0,0
3537,37,19,18,6,15,6,10,7,3,0,3,0,0,0,0,0,0,0,0,0,0,0,0,1.0,1.0,1.0,0.0,0.0,0.0,1,0,0
3538,37,19,18,6,15,6,10,7,4,0,2,0,0,0,0,0,4,1,0,0,0,0,0,1.0,1.0,1.0,0.0,0.0,0.25,1,0,0
3539,37,19,18,6,15,6,10,7,5,0,2,0,0,0,0,0,3,1,0,0,0,0,0,1.0,1.0,1.0,0.0,0.0,0.3333333333333333,1,0,0
3540,37,19,18,6,15,6,10,7,5,0,2,0,0,0,0,0,0,0,0,0,0,0,0,1.0,1.0,1.0,0.0,0.0,0.0,1,0,0
3541,41,21,20,10,15,6,10,7,4,0,3,0,0,0,0,0,0,0,0,1,0,0,0,1.0,1.0,1.0,0.10810810810810811,0.10810810810810811,0.0,1,4,0
3542,40,20,20,9,15,6,10,7,4,0,3,0,0,0,0,0,0,0,0,0,1,0,1,0.96,1.0,1.0,0.0,0.0,0.0,1,0,1
3543,40,20,20,9,15,6,10,7,4,0,3,0,0,0,0,0,0,0,0,0,0,0,0,1.0,1.0,1.0,0.0,0.0,0.0,1,0,0
3544,40,20,20,9,15,6,10,7,4,0,3,0,0,0,0,0,0,0,0,0,0,0,0,1.0,1.0,1.0,0.0,0.0,0.0,1,0,0
3545,40,20,20,9,15,6,10,7,4,0,3,0,0,0,0,0,0,0,0,0,0,0,0,1.0,1.0,1.0,0.0,0.0,0.0,1,0,0
3546,40,20,20,9,15,6,10,7,4,0,3,0,0,0,0,0,0,0,0,0,0,0,0,1.0,1.0,1.0,0.0,0.0,0.0,1,0,0
3547,40,20,20,9,15,6,10,7,4,0,3,0,0,0,0,0,0,0,0,0,0,0,0,1.0,1.0,1.0,0.0,0.0,0.0,1,0,0
3548,40,20,20,7,17,6,10,7,4,0,3,0,0,0,0,0,0,0,0,0,0,0,0,1.0,1.0,1.0,0.0,0.0,0.0,1,0,0
3549,43,21,22,10,17,6,10,7,3,0,4,0,0,0,0,0,0,0,0,1,0,0,0,1.0,1.0,1.0,0.075,0.075,0.0,1,3,0
3550,43,21,22,10,17,6,10,7,3,0,3,0,0,0,0,0,0,0,0,0,0,0,0,1.0,1.0,1.0,0.0,0.0,0.0,1,0,0
3551,43,21,22,10,17,6,10,7,3,0,3,0,0,0,0,0,7,0,0,0,0,0,0,1.0,1.0,1.0,0.0,0.0,0.0,1,0,0
3552,43,21,22,10,17,6,10,7,4,0,3,0,0,0,0,0,4,1,0,0,0,0,0,1.0,1.0,1.0,0.0,0.0,0.25,1,0,0
3553,43,21,22,10,17,6,10,7,4,0,3,0,0,0,0,0,0,0,0,0,0,0,0,1.0,1.0,1.0,0.0,0.0,0.0,1,0,0
3554,42,21,21,10,16,6,10,7,4,0,3,0,0,0,0,0,0,0,0,0,1,0,1,0.962962962962963,1.0,1.0,0.0,0.0,0.0,1,0,1
3555,42,21,21,10,16,6,10,7,4,0,3,0,0,0,0,0,0,0,0,0,0,0,0,1.0,1.0,1.0,0.0,0.0,0.0,1,0,0
3556,42,21,21,10,16,6,10,7,4,0,3,0,0,0,0,0,0,0,0,0,0,0,0,1.0,1.0,1.0,0.0,0.0,0.0,1,0,0
3557,42,21,21,10,16,5,11,7,4,0,3,0,0,0,0,0,0,0,0,0,0,0,0,1.0,1.0,1.0,0.0,0.0,0.0,1,0,0
3558,42,21,21,10,16,5,11,7,4,0,3,0,0,0,0,0,0,0,0,0,0,0,0,1.0,1.0,1.0,0.0,0.0,0.0,1,0,0
3559,40,19,21,10,14,4,12,7,4,0,3,0,0,2,0,0,0,0,0,0,2,0,2,0.9230769230769231,1.0,1.0,0.0,0.0,0.0,1,0,2
3560,38,17,21,8,14,4,12,7,4,0,3,0,0,2,0,0,0,0,0,0,2,0,2,0.9166666666666666,1.0,1.0,0.0,0.0,0.0,1,0,2
3561,38,17,21,8,14,4,12,7,4,0,3,0,0,0,0,0,0,0,0,0,0,3,0,1.0,1.0,1.0,0.0,0.0,0.0,1,0,0
3562,38,17,21,8,14,4,12,7,4,0,3,0,0,0,0,0,0,0,0,0,0,0,0,1.0,1.0,1.0,0.0,0.0,0.0,1,0,0
3563,36,15,21,7,14,4,11,7,4,0,3,0,0,2,0,0,0,0,0,0,1,0,2,0.9545454545454546,0.8,1.0,0.0,0.0,0.0,1,0,2
3564,36,15,21,7,14,4,11,7,4,0,3,0,0,0,0,0,0,0,0,0,0,0,0,1.0,1.0,1.0,0.0,0.0,0.0,1,0,0
3565,34,14,20,6,11,7,10,6,3,0,3,0,0,1,1,0,0,0,0,0,1,0,2,0.9444444444444444,1.0,0.8571428571428572,0.0,0.0,0.0,1,0,2
3566,34,14,20,5,12,6,11,7,3,0,3,0,0,0,0,0,1,0,0,0,0,0,0,1.0,1.0,1.0,0.0,0.0,0.0,1,0,0
3567,34,14,20,5,12,6,11,7,3,0,3,0,0,0,0,0,0,0,0,0,0,0,0,1.0,1.0,1.0,0.0,0.0,0.0,1,0,0
3568,34,14,20,5,12,6,11,7,3,0,2,0,0,0,0,0,0,0,0,0,0,0,0,1.0,1.0,1.0,0.0,0.0,0.0,1,0,0
3569,34,14,20,5,12,6,11,7,4,0,2,0,0,0,0,0,5,1,0,0,0,0,0,1.0,1.0,1.0,0.0,0.0,0.2,1,0,0
3570,34,14,20,5,12,6,11,7,4,0,2,0,0,0,0,0,0,0,0,0,0,0,0,1.0,1.0,1.0,0.0,0.0,0.0,1,0,0
3571,34,14,20,5,12,6,11,7,4,0,2,0,0,0,0,0,0,0,0,0,0,0,0,1.0,1.0,1.0,0.0,0.0,0.0,1,0,0
3572,34,14,20,5,12,6,11,7,4,0,2,0,0,0,0,0,0,0,0,0,0,0,0,1.0,1.0,1.0,0.0,0.0,0.0,1,0,0
3573,34,14,20,5,12,6,11,7,4,0,2,0,0,0,0,0,0,0,0,0,0,0,0,1.0,1.0,1.0,0.0,0.0,0.0,1,0,0
3574,34,14,20,5,12,6,11,7,4,0,2,0,0,0,0,0,0,0,0,0,0,1,0,1.0,1.0,1.0,0.0,0.0,0.0,1,0,0
3575,34,14,20,5,12,6,11,7,4,0,2,0,0,0,0,0,7,0,0,0,0,0,0,1.0,1.0,1.0,0.0,0.0,0.0,1,0,0
3576,34,14,20,5,12,6,11,7,5,0,2,0,0,0,0,0,4,1,0,0,0,0,0,1.0,1.0,1.0,0.0,0.0,0.25,1,0,0
3577,34,14,20,5,12,6,11,7,5,0,2,0,0,0,0,0,0,0,0,0,0,0,0,1.0,1.0,1.0,0.0,0.0,0.0,1,0,0
3578,34,14,20,5,11,7,11,7,5,0,2,0,0,0,0,0,0,0,0,0,0,0,0,1.0,1.0,1.0,0.0,0.0,0.0,1,0,0
3579,34,14,20,5,11,7,11,7,5,0,2,0,0,0,0,0,0,0,0,0,0,0,0,1.0,1.0,1.0,0.0,0.0,0.0,1,0,0
3580,34,14,20,5,11,7,11,7,5,0,2,0,0,0,0,0,0,0,0,0,0,0,0,1.0,1.0,1.0,0.0,0.0,0.0,1,0,0
3581,34,14,20,5,11,7,11,7,5,0,2,0,0,0,0,0,0,0,0,0,0,0,0,1.0,1.0,1.0,0.0,0.0,0.0,1,0,0
3582,34,14,20,5,11,7,11,7,5,0,2,0,0,0,0,0,0,0,0,0,0,0,0,1.0,1.0,1.0,0.0,0.0,0.0,1,0,0
3583,34,14,20,5,11,7,11,7,5,0,2,0,0,0,0,0,0,0,0,0,0,0,0,1.0,1.0,1.0,0.0,0.0,0.0,1,0,0
3584,33,14,19,2,13,7,11,7,5,0,2,0,0,0,0,0,0,0,0,0,1,0,1,0.9375,1.0,1.0,0.0,0.0,0.0,1,0,1
3585,32,13,19,2,12,7,11,7,5,0,2,0,0,0,0,0,0,0,0,0,1,0,1,0.9333333333333333,1.0,1.0,0.0,0.0,0.0,1,0,1
3586,32,13,19,2,12,7,11,7,5,0,1,0,0,0,0,0,0,0,0,0,0,0,0,1.0,1.0,1.0,0.0,0.0,0.0,1,0,0
3587,32,13,19,2,12,7,11,7,5,0,1,0,0,0,0,0,0,0,0,0,0,0,0,1.0,1.0,1.0,0.0,0.0,0.0,1,0,0
3588,32,13,19,2,12,6,12,8,5,0,1,0,0,0,0,0,0,0,0,0,0,0,0,1.0,1.0,1.0,0.0,0.0,0.0,1,0,0
3589,32,13,19,2,12,6,12,8,5,0,1,0,0,0,0,0,0,0,0,0,0,0,0,1.0,1.0,1.0,0.0,0.0,0.0,1,0,0
3590,32,13,19,2,12,6,12,8,5,0,1,0,0,0,0,0,0,0,0,0,0,0,0,1.0,1.0,1.0,0.0,0.0,0.0,1,0,0
3591,32,13,19,2,12,6,12,8,5,0,1,0,0,0,0,0,0,0,0,0,0,0,0,1.0,1.0,1.0,0.0,0.0,0.0,1,0,0
3592,32,13,19,0,14,6,12,8,5,0,1,0,0,0,0,0,0,0,0,0,0,0,0,1.0,1.0,1.0,0.0,0.0,0.0,1,0,0
3593,32,13,19,0,14,6,12,8,5,0,1,0,0,0,0,0,0,0,0,0,0,0,0,1.0,1.0,1.0,0.0,0.0,0.0,1,0,0
3594,32,13,19,0,14,6,12,8,5,0,0,0,0,0,0,0,0,0,0,0,0,0,0,1.0,1.0,1.0,0.0,0.0,0.0,1,0,0
3595,32,13,19,0,14,6,12,8,5,0,0,0,0,0,0,0,0,0,0,0,0,0,0,1.0,1.0,1.0,0.0,0.0,0.0,1,0,0
3596,32,13,19,0,14,6,12,8,5,0,0,0,0,0,0,0,0,0,0,0,0,0,0,1.0,1.0,1.0,0.0,0.0,0.0,1,0,0
3597,32,13,19,0,14,6,12,8,5,0,0,0,0,0,0,0,0,0,0,0,0,0,0,1.0,1.0,1.0,0.0,0.0,0.0,1,0,0
3598,32,13,19,0,14,6,12,8,5,0,0,0,0,0,0,0,0,0,0,0,0,0,0,1.0,1.0,1.0,0.0,0.0,0.0,1,0,0
3599,32,13,19,0,14,6,12,8,5,0,0,0,0,0,0,0,0,0,0,0,0,0,0,1.0,1.0,1.0,0.0,0.0,0.0,1,0,0
3600,32,13,19,0,14,6,12,8,5,0,0,0,0,0,0,0,0,0,0,0,0,0,0,1.0,1.0,1.0,0.0,0.0,0.0,1,0,0
3601,32,13,19,0,14,6,12,8,5,0,0,0,0,0,0,0,0,0,0,0,0,0,0,1.0,1.0,1.0,0.0,0.0,0.0,1,0,0
3602,32,13,19,0,14,6,12,8,5,0,0,0,0,0,0,0,0,0,0,0,0,0,0,1.0,1.0,1.0,0.0,0.0,0.0,1,0,0
3603,35,15,20,3,14,6,12,8,4,0,1,0,0,0,0,0,0,0,0,1,0,0,0,1.0,1.0,1.0,0.09375,0.09375,0.0,1,3,0
3604,34,15,19,3,14,6,11,7,3,0,1,0,0,0,0,0,0,0,0,0,0,0,0,1.0,1.0,0.875,0.0,0.0,0.0,1,0,1
3605,34,15,19,3,14,6,11,7,3,0,1,0,0,0,0,0,0,0,0,0,0,0,0,1.0,1.0,1.0,0.0,0.0,0.0,1,0,0
3606,34,15,19,3,14,6,11,7,3,0,1,0,0,0,0,0,0,0,0,0,0,2,0,1.0,1.0,1.0,0.0,0.0,0.0,1,0,0
3607,34,15,19,3,14,6,11,7,3,0,1,0,0,0,0,0,0,0,0,0,0,0,0,1.0,1.0,1.0,0.0,0.0,0.0,1,0,0
3608,34,15,19,3,14,6,11,7,3,0,1,0,0,0,0,0,0,0,0,0,0,0,0,1.0,1.0,1.0,0.0,0.0,0.0,1,0,0
3609,34,15,19,3,14,6,11,7,3,0,1,0,0,0,0,0,0,0,0,0,0,0,0,1.0,1.0,1.0,0.0,0.0,0.0,1,0,0
3610,34,15,19,3,12,8,11,7,3,0,1,0,0,0,0,0,0,0,0,0,0,0,0,1.0,1.0,1.0,0.0,0.0,0.0,1,0,0
3611,34,15,19,3,12,8,11,7,3,0,1,0,0,0,0,0,0,0,0,0,0,0,0,1.0,1.0,1.0,0.0,0.0,0.0,1,0,0
3612,34,15,19,3,12,8,11,7,3,0,1,0,0,0,0,0,0,0,0,0,0,0,0,1.0,1.0,1.0,0.0,0.0,0.0,1,0,0
3613,34,15,19,3,12,8,11,7,3,0,1,0,0,0,0,0,0,0,0,0,0,0,0,1.0,1.0,1.0,0.0,0.0,0.0,1,0,0
3614,34,15,19,3,12,8,11,7,3,0,1,0,0,0,0,0,0,0,0,0,0,0,0,1.0,1.0,1.0,0.0,0.0,0.0,1,0,0
3615,34,15,19,3,12,8,11,7,3,0,1,0,0,0,0,0,0,0,0,0,0,0,0,1.0,1.0,1.0,0.0,0.0,0.0,1,0,0
3616,34,15,19,3,12,8,11,7,3,0,1,0,0,0,0,0,0,0,0,0,0,0,0,1.0,1.0,1.0,0.0,0.0,0.0,1,0,0
3617,38,15,23,7,12,8,11,7,2,0,2,0,0,0,0,0,0,0,0,1,0,0,0,1.0,1.0,1.0,0.11764705882352941,0.11764705882352941,0.0,1,4,0
3618,38,15,23,7,12,8,11,7,2,0,2,0,0,0,0,0,0,0,0,0,0,0,0,1.0,1.0,1.0,0.0,0.0,0.0,1,0,0
3619,38,15,23,7,12,8,11,7,2,0,2,0,0,0,0,0,0,0,0,0,0,0,0,1.0,1.0,1.0,0.0,0.0,0.0,1,0,0
3620,38,15,23,7,12,8,11,7,2,0,2,0,0,0,0,0,0,0,0,0,0,0,0,1.0,1.0,1.0,0.0,0.0,0.0,1,0,0
3621,38,15,23,7,12,8,11,7,2,0,2,0,0,0,0,0,0,0,0,0,0,0,0,1.0,1.0,1.0,0.0,0.0,0.0,1,0,0
3622,38,15,23,7,12,8,11,7,2,0,2,0,0,0,0,0,0,0,0,0,0,0,0,1.0,1.0,1.0,0.0,0.0,0.0,1,0,0
3623,38,15,23,7,12,8,11,7,2,0,2,0,0,0,0,0,0,0,0,0,0,0,0,1.0,1.0,1.0,0.0,0.0,0.0,1,0,0
3624,38,15,23,7,12,8,11,7,2,0,2,0,0,0,0,0,0,0,0,0,0,0,0,1.0,1.0,1.0,0.0,0.0,0.0,1,0,0
3625,38,15,23,7,12,8,11,7,2,0,2,0,0,0,0,0,0,0,0,0,0,0,0,1.0,1.0,1.0,0.0,0.0,0.0,1,0,0
3626,38,15,23,7,12,8,11,7,2,0,2,0,0,0,0,0,0,0,0,0,0,0,0,1.0,1.0,1.0,0.0,0.0,0.0,1,0,0
3627,38,15,23,7,12,8,11,7,2,0,2,0,0,0,0,0,0,0,0,0,0,0,0,1.0,1.0,1.0,0.0,0.0,0.0,1,0,0
3628,38,15,23,7,12,8,11,7,2,0,2,0,0,0,0,0,0,0,0,0,0,0,0,1.0,1.0,1.0,0.0,0.0,0.0,1,0,0
3629,38,15,23,7,12,8,11,7,2,0,2,0,0,0,0,0,0,0,0,0,0,0,0,1.0,1.0,1.0,0.0,0.0,0.0,1,0,0
3630,38,15,23,7,12,8,11,7,2,0,2,0,0,0,0,0,0,0,0,0,0,0,0,1.0,1.0,1.0,0.0,0.0,0.0,1,0,0
3631,38,15,23,7,12,8,11,7,2,0,2,0,0,0,0,0,0,0,0,0,0,0,0,1.0,1.0,1.0,0.0,0.0,0.0,1,0,0
3632,38,15,23,7,12,8,11,7,2,0,2,0,0,0,0,0,0,0,0,0,0,0,0,1.0,1.0,1.0,0.0,0.0,0.0,1,0,0
3633,38,15,23,7,12,8,11,7,2,0,2,0,0,0,0,0,0,0,0,0,0,0,0,1.0,1.0,1.0,0.0,0.0,0.0,1,0,0
3634,42,16,26,11,12,7,12,8,1,0,3,0,0,0,0,0,0,0,0,1,0,0,0,1.0,1.0,1.0,0.10526315789473684,0.10526315789473684,0.0,1,4,0
3635,42,16,26,11,12,7,12,8,1,0,3,0,0,0,0,0,0,0,0,0,0,0,0,1.0,1.0,1.0,0.0,0.0,0.0,1,0,0
3636,42,16,26,11,12,7,12,8,1,0,3,0,0,0,0,0,0,0,0,0,0,0,0,1.0,1.0,1.0,0.0,0.0,0.0,1,0,0
3637,42,16,26,11,12,7,12,8,1,0,3,0,0,0,0,0,0,0,0,0,0,0,0,1.0,1.0,1.0,0.0,0.0,0.0,1,0,0
3638,42,16,26,11,12,7,12,8,1,0,3,0,0,0,0,0,0,0,0,0,0,0,0,1.0,1.0,1.0,0.0,0.0,0.0,1,0,0
3639,42,16,26,11,12,7,12,8,1,0,3,0,0,0,0,0,0,0,0,0,0,0,0,1.0,1.0,1.0,0.0,0.0,0.0,1,0,0
3640,41,16,25,10,12,7,12,8,1,0,3,0,0,0,0,0,0,0,0,0,1,0,1,0.9565217391304348,1.0,1.0,0.0,0.0,0.0,1,0,1
3641,45,18,27,14,12,7,12,8,0,0,4,0,0,0,0,0,0,0,0,1,0,0,0,1.0,1.0,1.0,0.0975609756097561,0.0975609756097561,0.0,1,4,0
3642,45,18,27,14,12,7,12,8,0,0,4,0,0,0,0,0,0,0,0,0,0,0,0,1.0,1.0,1.0,0.0,0.0,0.0,1,0,0
3643,45,18,27,14,12,7,12,8,0,0,4,0,0,0,0,0,0,0,0,0,0,0,0,1.0,1.0,1.0,0.0,0.0,0.0,1,0,0
3644,44,18,26,14,11,7,12,8,0,0,4,0,0,0,0,0,0,0,0,0,1,0,1,0.9615384615384616,1.0,1.0,0.0,0.0,0.0,1,0,1
3645,44,18,26,14,11,7,12,8,0,0,4,0,0,0,0,0,0,0,0,0,0,0,0,1.0,1.0,1.0,0.0,0.0,0.0,1,0,0
3646,44,18,26,11,14,7,12,8,0,0,4,0,0,0,0,0,0,0,0,0,0,0,0,1.0,1.0,1.0,0.0,0.0,0.0,1,0,0
3647,44,18,26,11,14,7,12,8,0,0,4,0,0,0,0,0,0,0,0,0,0,0,0,1.0,1.0,1.0,0.0,0.0,0.0,1,0,0
3648,44,18,26,11,14,7,12,8,0,0,3,0,0,0,0,0,0,0,0,0,0,0,0,1.0,1.0,1.0,0.0,0.0,0.0,1,0,0
3649,44,18,26,11,14,7,12,8,0,0,3,0,0,0,0,0,0,0,0,0,0,0,0,1.0,1.0,1.0,0.0,0.0,0.0,1,0,0
3650,43,17,26,10,14,7,12,8,0,0,3,0,0,1,0,0,0,0,0,0,1,0,1,0.96,1.0,1.0,0.0,0.0,0.0,1,0,1
3651,42,17,25,10,14,7,11,7,0,0,2,0,0,0,1,0,0,0,0,0,0,0,1,1.0,1.0,0.875,0.0,0.0,0.0,1,0,1
3652,42,17,25,10,14,7,11,7,0,0,2,0,0,0,0,0,0,0,0,0,0,0,0,1.0,1.0,1.0,0.0,0.0,0.0,1,0,0
3653,39,14,25,10,11,7,11,7,0,0,2,0,0,3,0,0,0,0,0,0,3,0,3,0.875,1.0,1.0,0.0,0.0,0.0,1,0,3
3654,38,14,24,10,11,6,11,7,0,0,2,0,0,0,1,0,0,0,0,0,0,0,1,1.0,1.0,1.0,0.0,0.0,0.0,1,0,1
3655,38,14,24,10,11,6,11,7,0,0,2,0,0,0,0,0,0,0,0,0,0,0,0,1.0,1.0,1.0,0.0,0.0,0.0,1,0,0
3656,36,13,23,10,10,6,10,7,0,0,2,0,0,1,1,0,0,0,0,0,1,0,2,0.9523809523809523,0.75,1.0,0.0,0.0,0.0,1,0,2
3657,32,11,21,9,10,6,7,5,0,0,1,0,0,2,2,0,0,0,0,0,1,0,4,0.95,0.6666666666666667,0.7142857142857143,0.0,0.0,0.0,1,0,4
3658,32,11,21,9,10,6,7,5,0,0,1,0,0,0,0,0,0,0,0,0,0,0,0,1.0,1.0,1.0,0.0,0.0,0.0,1,0,0
3659,31,11,20,9,9,6,7,5,0,0,1,0,0,0,0,0,0,0,0,0,1,0,1,0.9473684210526316,1.0,1.0,0.0,0.0,0.0,1,0,1
3660,31,11,20,6,12,6,7,5,0,0,1,0,0,0,0,0,0,0,0,0,0,0,0,1.0,1.0,1.0,0.0,0.0,0.0,1,0,0
3661,31,11,20,6,12,6,7,5,0,0,1,0,0,0,0,0,0,0,0,0,0,0,0,1.0,1.0,1.0,0.0,0.0,0.0,1,0,0
3662,31,11,20,6,12,6,7,5,0,0,0,0,0,0,0,0,0,0,0,0,0,0,0,1.0,1.0,1.0,0.0,0.0,0.0,1,0,0
3663,31,11,20,6,12,6,7,5,0,0,0,0,0,0,0,0,0,0,0,0,0,0,0,1.0,1.0,1.0,0.0,0.0,0.0,1,0,0
3664,31,11,20,6,12,6,7,5,0,0,0,0,0,0,0,0,0,0,0,0,0,0,0,1.0,1.0,1.0,0.0,0.0,0.0,1,0,0
3665,31,11,20,6,12,6,7,5,0,0,0,0,0,0,0,0,0,0,0,0,0,0,0,1.0,1.0,1.0,0.0,0.0,0.0,1,0,0
3666,31,11,20,6,12,6,7,5,0,0,0,0,0,0,0,0,0,0,0,0,0,0,0,1.0,1.0,1.0,0.0,0.0,0.0,1,0,0
3667,31,11,20,6,12,6,7,5,0,0,0,0,0,0,0,0,0,0,0,0,0,0,0,1.0,1.0,1.0,0.0,0.0,0.0,1,0,0
3668,31,11,20,6,12,6,7,5,0,0,0,0,0,0,0,0,0,0,0,0,0,0,0,1.0,1.0,1.0,0.0,0.0,0.0,1,0,0
3669,31,11,20,6,12,6,7,5,0,0,0,0,0,0,0,0,0,0,0,0,0,0,0,1.0,1.0,1.0,0.0,0.0,0.0,1,0,0
3670,31,11,20,6,12,6,7,5,0,0,0,0,0,0,0,0,0,0,0,0,0,0,0,1.0,1.0,1.0,0.0,0.0,0.0,1,0,0
3671,31,11,20,6,12,6,7,5,0,0,0,0,0,0,0,0,0,0,0,0,0,0,0,1.0,1.0,1.0,0.0,0.0,0.0,1,0,0
3672,31,11,20,6,12,6,7,5,0,0,0,0,0,0,0,0,0,0,0,0,0,1,0,1.0,1.0,1.0,0.0,0.0,0.0,1,0,0
3673,31,11,20,6,12,6,7,5,0,0,0,0,0,0,0,0,0,0,0,0,0,1,0,1.0,1.0,1.0,0.0,0.0,0.0,1,0,0
3674,31,11,20,6,12,6,7,5,0,0,0,0,0,0,0,0,0,0,0,0,0,0,0,1.0,1.0,1.0,0.0,0.0,0.0,1,0,0
3675,31,11,20,6,12,6,7,5,0,0,0,0,0,0,0,0,0,0,0,0,0,0,0,1.0,1.0,1.0,0.0,0.0,0.0,1,0,0
3676,31,11,20,6,11,6,8,6,0,0,0,0,0,0,0,0,0,0,0,0,0,0,0,1.0,1.0,1.0,0.0,0.0,0.0,1,0,0
3677,30,10,20,3,13,7,7,6,0,0,0,0,0,0,0,0,0,0,0,0,0,0,0,1.0,0.5,1.0,0.0,0.0,0.0,1,0,1
3678,30,10,20,3,13,7,7,6,0,0,0,0,0,0,0,0,0,0,0,0,0,0,0,1.0,1.0,1.0,0.0,0.0,0.0,1,0,0
3679,30,10,20,3,13,7,7,6,0,0,0,0,0,0,0,0,0,0,0,0,0,0,0,1.0,1.0,1.0,0.0,0.0,0.0,1,0,0
3680,30,10,20,3,13,7,7,6,0,0,0,0,0,0,0,0,2,0,0,0,0,0,0,1.0,1.0,1.0,0.0,0.0,0.0,1,0,0
3681,30,10,20,3,13,7,7,6,1,1,0,0,0,0,0,0,5,1,1,0,0,0,0,1.0,1.0,1.0,0.0,0.0,0.2,1,0,0
3682,30,10,20,3,13,6,8,7,1,2,0,0,0,0,0,0,2,0,1,0,0,0,0,1.0,1.0,1.0,0.0,0.0,0.0,1,0,0
3683,30,10,20,3,13,6,8,7,4,2,0,0,0,0,0,0,5,3,0,0,0,0,0,1.0,1.0,1.0,0.0,0.0,0.6,1,0,0
3684,30,10,20,0,16,6,8,7,4,2,0,0,0,0,0,0,3,0,0,0,0,0,0,1.0,1.0,1.0,0.0,0.0,0.0,1,0,0
3685,30,10,20,0,16,5,9,8,4,2,0,0,0,0,0,0,0,0,0,0,0,2,0,1.0,1.0,1.0,0.0,0.0,0.0,1,0,0
3686,30,10,20,0,16,5,9,8,4,2,0,0,0,0,0,0,0,0,0,0,0,0,0,1.0,1.0,1.0,0.0,0.0,0.0,1,0,0
3687,30,10,20,0,16,5,9,8,4,2,0,0,0,0,0,0,0,0,0,0,0,0,0,1.0,1.0,1.0,0.0,0.0,0.0,1,0,0
3688,30,10,20,0,16,5,9,8,4,2,0,0,0,0,0,0,0,0,0,0,0,0,0,1.0,1.0,1.0,0.0,0.0,0.0,1,0,0
3689,30,10,20,0,14,6,10,9,4,2,0,0,0,0,0,0,0,0,0,0,0,0,0,1.0,1.0,1.0,0.0,0.0,0.0,1,0,0
3690,30,10,20,0,14,6,10,9,4,2,0,0,0,0,0,0,0,0,0,0,0,0,0,1.0,1.0,1.0,0.0,0.0,0.0,1,0,0
3691,30,10,20,0,14,6,10,9,4,2,0,0,0,0,0,0,0,0,0,0,0,0,0,1.0,1.0,1.0,0.0,0.0,0.0,1,0,0
3692,30,10,20,0,14,6,10,9,4,2,0,0,0,0,0,0,0,0,0,0,0,0,0,1.0,1.0,1.0,0.0,0.0,0.0,1,0,0
3693,30,10,20,0,14,6,10,9,4,2,0,0,0,0,0,0,2,0,0,0,0,0,0,1.0,1.0,1.0,0.0,0.0,0.0,1,0,0
3694,30,10,20,0,14,6,10,9,4,3,0,0,0,0,0,0,4,0,1,0,0,0,0,1.0,1.0,1.0,0.0,0.0,0.0,1,0,0
3695,30,10,20,0,14,6,10,9,5,3,0,0,0,0,0,0,5,1,0,0,0,0,0,1.0,1.0,1.0,0.0,0.0,0.2,1,0,0
3696,30,10,20,0,14,6,10,9,5,4,0,0,0,0,0,0,1,0,1,0,0,0,0,1.0,1.0,1.0,0.0,0.0,0.0,1,0,0
3697,30,10,20,0,14,6,10,9,5,4,0,0,0,0,0,0,0,0,0,0,0,0,0,1.0,1.0,1.0,0.0,0.0,0.0,1,0,0
3698,30,10,20,0,14,6,10,9,5,4,0,0,0,0,0,0,0,0,0,0,0,0,0,1.0,1.0,1.0,0.0,0.0,0.0,1,0,0
3699,30,10,20,0,14,6,10,9,5,4,0,0,0,0,0,0,0,0,0,0,0,0,0,1.0,1.0,1.0,0.0,0.0,0.0,1,0,0
3700,30,10,20,0,14,4,12,9,5,4,0,0,0,0,0,0,0,0,0,0,0,0,0,1.0,1.0,1.0,0.0,0.0,0.0,1,0,0
3701,30,10,20,0,14,4,12,9,5,4,0,0,0,0,0,0,0,0,0,0,0,0,0,1.0,1.0,1.0,0.0,0.0,0.0,1,0,0
3702,30,10,20,0,14,4,12,9,5,4,0,0,0,0,0,0,0,0,0,0,0,0,0,1.0,1.0,1.0,0.0,0.0,0.0,1,0,0
3703,30,10,20,0,14,4,12,9,5,4,0,0,0,0,0,0,0,0,0,0,0,1,0,1.0,1.0,1.0,0.0,0.0,0.0,1,0,0
3704,30,10,20,0,14,4,12,9,5,4,0,0,0,0,0,0,0,0,0,0,0,0,0,1.0,1.0,1.0,0.0,0.0,0.0,1,0,0
3705,30,10,20,0,14,4,12,9,5,4,0,0,0,0,0,0,0,0,0,0,0,0,0,1.0,1.0,1.0,0.0,0.0,0.0,1,0,0
3706,30,10,20,0,14,4,12,9,5,4,0,0,0,0,0,0,0,0,0,0,0,0,0,1.0,1.0,1.0,0.0,0.0,0.0,1,0,0
3707,30,10,20,0,13,5,12,9,5,4,0,0,0,0,0,0,0,0,0,0,0,0,0,1.0,1.0,1.0,0.0,0.0,0.0,1,0,0
3708,30,10,20,0,13,5,12,9,5,4,0,0,0,0,0,0,0,0,0,0,0,0,0,1.0,1.0,1.0,0.0,0.0,0.0,1,0,0
3709,30,10,20,0,13,5,12,9,5,4,0,0,0,0,0,0,0,0,0,0,0,0,0,1.0,1.0,1.0,0.0,0.0,0.0,1,0,0
3710,30,10,20,0,13,5,12,9,5,4,0,0,0,0,0,0,0,0,0,0,0,0,0,1.0,1.0,1.0,0.0,0.0,0.0,1,0,0
3711,30,10,20,0,13,5,12,9,5,4,0,0,0,0,0,0,0,0,0,0,0,0,0,1.0,1.0,1.0,0.0,0.0,0.0,1,0,0
3712,30,10,20,0,13,5,12,9,5,4,0,0,0,0,0,0,0,0,0,0,0,0,0,1.0,1.0,1.0,0.0,0.0,0.0,1,0,0
3713,30,10,20,0,13,5,12,9,5,4,0,0,0,0,0,0,0,0,0,0,0,0,0,1.0,1.0,1.0,0.0,0.0,0.0,1,0,0
3714,30,10,20,0,13,5,12,9,5,4,0,0,0,0,0,0,0,0,0,0,0,0,0,1.0,1.0,1.0,0.0,0.0,0.0,1,0,0
3715,30,10,20,0,13,5,12,9,5,4,0,0,0,0,0,0,0,0,0,0,0,0,0,1.0,1.0,1.0,0.0,0.0,0.0,1,0,0
3716,30,10,20,0,13,5,12,9,5,4,0,0,0,0,0,0,0,0,0,0,0,0,0,1.0,1.0,1.0,0.0,0.0,0.0,1,0,0
3717,30,10,20,0,13,5,12,9,5,4,0,0,0,0,0,0,0,0,0,0,0,0,0,1.0,1.0,1.0,0.0,0.0,0.0,1,0,0
3718,30,10,20,0,13,5,12,9,5,4,0,0,0,0,0,0,0,0,0,0,0,0,0,1.0,1.0,1.0,0.0,0.0,0.0,1,0,0
3719,30,10,20,0,13,5,12,9,5,4,0,0,0,0,0,0,0,0,0,0,0,0,0,1.0,1.0,1.0,0.0,0.0,0.0,1,0,0
3720,30,10,20,0,13,5,12,9,5,4,0,0,0,0,0,0,0,0,0,0,0,0,0,1.0,1.0,1.0,0.0,0.0,0.0,1,0,0
3721,30,10,20,0,13,5,12,9,5,4,0,0,0,0,0,0,0,0,0,0,0,2,0,1.0,1.0,1.0,0.0,0.0,0.0,1,0,0
3722,30,10,20,0,13,5,12,9,5,4,0,0,0,0,0,0,0,0,0,0,0,0,0,1.0,1.0,1.0,0.0,0.0,0.0,1,0,0
3723,30,10,20,0,13,5,12,9,5,4,0,0,0,0,0,0,0,0,0,0,0,0,0,1.0,1.0,1.0,0.0,0.0,0.0,1,0,0
3724,30,10,20,0,13,5,12,9,5,4,0,0,0,0,0,0,0,0,0,0,0,0,0,1.0,1.0,1.0,0.0,0.0,0.0,1,0,0
3725,30,10,20,0,11,7,12,9,5,4,0,0,0,0,0,0,0,0,0,0,0,0,0,1.0,1.0,1.0,0.0,0.0,0.0,1,0,0
3726,30,10,20,0,11,7,12,9,5,3,0,0,0,0,0,0,0,0,0,0,0,0,0,1.0,1.0,1.0,0.0,0.0,0.0,1,0,0
3727,30,10,20,0,11,7,12,9,6,2,0,0,0,0,0,0,5,1,0,0,0,0,0,1.0,1.0,1.0,0.0,0.0,0.2,1,0,0
3728,29,9,20,0,11,6,12,9,7,2,0,0,0,0,0,0,8,1,0,0,0,0,0,1.0,1.0,1.0,0.0,0.0,0.125,1,0,1
3729,29,9,20,0,11,6,12,9,7,2,0,0,0,0,0,0,0,0,0,0,0,0,0,1.0,1.0,1.0,0.0,0.0,0.0,1,0,0
3730,29,9,20,0,11,6,12,9,7,2,0,0,0,0,0,0,0,0,0,0,0,0,0,1.0,1.0,1.0,0.0,0.0,0.0,1,0,0
3731,29,9,20,0,11,6,12,9,7,2,0,0,0,0,0,0,0,0,0,0,0,0,0,1.0,1.0,1.0,0.0,0.0,0.0,1,0,0
3732,29,9,20,0,11,6,12,9,7,2,0,0,0,0,0,0,0,0,0,0,0,0,0,1.0,1.0,1.0,0.0,0.0,0.0,1,0,0
3733,29,9,20,0,11,6,12,9,7,2,0,0,0,0,0,0,0,0,0,0,0,0,0,1.0,1.0,1.0,0.0,0.0,0.0,1,0,0
3734,29,9,20,0,11,6,12,9,7,2,0,0,0,0,0,0,0,0,0,0,0,0,0,1.0,1.0,1.0,0.0,0.0,0.0,1,0,0
3735,29,9,20,0,11,6,12,9,7,2,0,0,0,0,0,0,0,0,0,0,0,0,0,1.0,1.0,1.0,0.0,0.0,0.0,1,0,0
3736,29,9,20,0,11,6,12,9,7,2,0,0,0,0,0,0,0,0,0,0,0,0,0,1.0,1.0,1.0,0.0,0.0,0.0,1,0,0
3737,29,9,20,0,11,6,12,9,7,2,0,0,0,0,0,0,0,0,0,0,0,0,0,1.0,1.0,1.0,0.0,0.0,0.0,1,0,0
3738,29,9,20,0,11,6,12,9,7,2,0,0,0,0,0,0,0,0,0,0,0,0,0,1.0,1.0,1.0,0.0,0.0,0.0,1,0,0
3739,29,9,20,0,11,6,12,9,7,1,0,0,0,0,0,0,0,0,0,0,0,0,0,1.0,1.0,1.0,0.0,0.0,0.0,1,0,0
3740,29,9,20,0,11,6,12,9,8,1,0,0,0,0,0,0,4,1,0,0,0,0,0,1.0,1.0,1.0,0.0,0.0,0.25,1,0,0
3741,29,9,20,0,11,6,12,9,8,0,0,0,0,0,0,0,0,0,0,0,0,0,0,1.0,1.0,1.0,0.0,0.0,0.0,1,0,0
3742,29,9,20,0,11,6,12,9,8,0,0,0,0,0,0,0,1,0,0,0,0,0,0,1.0,1.0,1.0,0.0,0.0,0.0,1,0,0
3743,29,9,20,0,11,6,12,9,8,0,0,0,0,0,0,0,2,0,0,0,0,0,0,1.0,1.0,1.0,0.0,0.0,0.0,1,0,0
3744,29,9,20,0,11,6,12,9,8,0,0,0,0,0,0,0,7,0,0,0,0,0,0,1.0,1.0,1.0,0.0,0.0,0.0,1,0,0
3745,29,9,20,0,11,6,12,9,9,0,0,0,0,0,0,0,7,1,0,0,0,0,0,1.0,1.0,1.0,0.0,0.0,0.14285714285714285,1,0,0
3746,32,10,22,3,11,6,12,9,8,0,1,0,0,0,0,0,0,0,0,1,0,0,0,1.0,1.0,1.0,0.10344827586206896,0.10344827586206896,0.0,1,3,0
3747,31,10,21,3,10,6,12,9,8,0,1,0,0,0,1,0,0,0,0,0,1,0,1,0.9285714285714286,1.0,1.0,0.0,0.0,0.0,1,0,1
3748,41,15,26,14,10,6,11,8,4,0,4,0,0,0,1,0,0,0,0,3,0,0,1,1.0,1.0,0.8888888888888888,0.3548387096774194,0.3548387096774194,0.0,1,11,1
3749,41,15,26,14,10,6,11,8,4,0,4,0,0,0,0,0,0,0,0,0,0,0,0,1.0,1.0,1.0,0.0,0.0,0.0,1,0,0
3750,41,15,26,14,10,6,11,8,4,0,4,0,0,0,0,0,0,0,0,0,0,0,0,1.0,1.0,1.0,0.0,0.0,0.0,1,0,0
3751,41,15,26,14,10,6,11,8,4,0,4,0,0,0,0,0,0,0,0,0,0,0,0,1.0,1.0,1.0,0.0,0.0,0.0,1,0,0
3752,40,14,26,14,9,6,11,8,4,0,4,0,0,0,0,0,0,0,0,0,1,0,1,0.9583333333333334,1.0,1.0,0.0,0.0,0.0,1,0,1
3753,40,14,26,14,9,6,11,8,4,0,4,0,0,0,0,0,0,0,0,0,0,0,0,1.0,1.0,1.0,0.0,0.0,0.0,1,0,0
3754,40,14,26,14,9,6,11,8,4,0,4,0,0,0,0,0,0,0,0,0,0,0,0,1.0,1.0,1.0,0.0,0.0,0.0,1,0,0
3755,40,14,26,14,9,6,11,8,4,0,4,0,0,0,0,0,0,0,0,0,0,0,0,1.0,1.0,1.0,0.0,0.0,0.0,1,0,0
3756,40,14,26,14,9,6,11,8,4,0,4,0,0,0,0,0,0,0,0,0,0,0,0,1.0,1.0,1.0,0.0,0.0,0.0,1,0,0
3757,40,14,26,14,9,6,11,8,4,0,4,0,0,0,0,0,0,0,0,0,0,0,0,1.0,1.0,1.0,0.0,0.0,0.0,1,0,0
3758,39,14,25,14,8,6,11,8,4,0,4,0,0,0,0,0,0,0,0,0,1,0,1,0.9565217391304348,1.0,1.0,0.0,0.0,0.0,1,0,1
3759,39,14,25,14,8,6,11,8,4,0,4,0,0,0,0,0,0,0,0,0,0,0,0,1.0,1.0,1.0,0.0,0.0,0.0,1,0,0
3760,43,17,26,18,8,6,11,8,3,0,5,0,0,0,0,0,0,0,0,1,0,0,0,1.0,1.0,1.0,0.10256410256410256,0.10256410256410256,0.0,1,4,0
3761,43,17,26,18,8,6,11,8,3,0,5,0,0,0,0,0,0,0,0,0,0,0,0,1.0,1.0,1.0,0.0,0.0,0.0,1,0,0
3762,43,17,26,18,8,6,11,8,3,0,5,0,0,0,0,0,0,0,0,0,0,0,0,1.0,1.0,1.0,0.0,0.0,0.0,1,0,0
3763,43,17,26,18,8,6,11,8,3,0,5,0,0,0,0,0,0,0,0,0,0,0,0,1.0,1.0,1.0,0.0,0.0,0.0,1,0,0
3764,43,17,26,18,8,6,11,8,3,0,5,0,0,0,0,0,0,0,0,0,0,0,0,1.0,1.0,1.0,0.0,0.0,0.0,1,0,0
3765,42,16,26,17,8,6,11,8,3,0,5,0,0,0,0,0,0,0,0,0,1,0,1,0.9615384615384616,1.0,1.0,0.0,0.0,0.0,1,0,1
3766,42,16,26,17,8,6,11,8,3,0,5,0,0,0,0,0,0,0,0,0,0,0,0,1.0,1.0,1.0,0.0,0.0,0.0,1,0,0
3767,42,16,26,17,8,6,11,8,3,0,5,0,0,0,0,0,0,0,0,0,0,0,0,1.0,1.0,1.0,0.0,0.0,0.0,1,0,0
3768,42,16,26,17,8,6,11,8,3,0,5,0,0,0,0,0,0,0,0,0,0,0,0,1.0,1.0,1.0,0.0,0.0,0.0,1,0,0
3769,42,16,26,17,8,6,11,8,3,0,5,0,0,0,0,0,0,0,0,0,0,0,0,1.0,1.0,1.0,0.0,0.0,0.0,1,0,0
3770,42,16,26,17,8,6,11,8,3,0,5,0,0,0,0,0,0,0,0,0,0,0,0,1.0,1.0,1.0,0.0,0.0,0.0,1,0,0
3771,42,16,26,17,8,6,11,8,3,0,5,0,0,0,0,0,0,0,0,0,0,0,0,1.0,1.0,1.0,0.0,0.0,0.0,1,0,0
3772,42,16,26,17,8,6,11,8,3,0,5,0,0,0,0,0,0,0,0,0,0,0,0,1.0,1.0,1.0,0.0,0.0,0.0,1,0,0
3773,42,16,26,17,8,6,11,8,3,0,5,0,0,0,0,0,0,0,0,0,0,0,0,1.0,1.0,1.0,0.0,0.0,0.0,1,0,0
3774,42,16,26,17,8,6,11,8,3,0,5,0,0,0,0,0,0,0,0,0,0,0,0,1.0,1.0,1.0,0.0,0.0,0.0,1,0,0
3775,42,16,26,17,8,6,11,8,3,0,5,0,0,0,0,0,0,0,0,0,0,0,0,1.0,1.0,1.0,0.0,0.0,0.0,1,0,0
3776,42,16,26,17,8,6,11,8,3,0,5,0,0,0,0,0,0,0,0,0,0,0,0,1.0,1.0,1.0,0.0,0.0,0.0,1,0,0
3777,42,16,26,17,8,6,11,8,3,0,5,0,0,0,0,0,0,0,0,0,0,0,0,1.0,1.0,1.0,0.0,0.0,0.0,1,0,0
3778,42,16,26,17,8,6,11,8,3,0,5,0,0,0,0,0,0,0,0,0,0,0,0,1.0,1.0,1.0,0.0,0.0,0.0,1,0,0
3779,42,16,26,17,8,6,11,8,3,0,5,0,0,0,0,0,0,0,0,0,0,0,0,1.0,1.0,1.0,0.0,0.0,0.0,1,0,0
3780,42,16,26,17,8,6,11,8,3,0,5,0,0,0,0,0,0,0,0,0,0,0,0,1.0,1.0,1.0,0.0,0.0,0.0,1,0,0
3781,40,16,24,16,8,6,10,7,3,0,4,0,0,0,0,0,0,0,0,0,1,0,1,0.96,1.0,0.875,0.0,0.0,0.0,1,0,2
3782,40,16,24,16,8,6,10,7,3,0,4,0,0,0,0,0,0,0,0,0,0,0,0,1.0,1.0,1.0,0.0,0.0,0.0,1,0,0
3783,40,16,24,16,8,6,10,7,3,0,4,0,0,0,0,0,0,0,0,0,0,2,0,1.0,1.0,1.0,0.0,0.0,0.0,1,0,0
3784,40,16,24,16,8,6,10,7,3,0,4,0,0,0,0,0,0,0,0,0,0,0,0,1.0,1.0,1.0,0.0,0.0,0.0,1,0,0
3785,40,16,24,16,8,6,10,7,3,0,4,0,0,0,0,0,0,0,0,0,0,0,0,1.0,1.0,1.0,0.0,0.0,0.0,1,0,0
3786,39,16,23,15,8,6,10,7,3,0,4,0,0,0,0,0,0,0,0,0,1,0,1,0.9583333333333334,1.0,1.0,0.0,0.0,0.0,1,0,1
3787,39,16,23,15,6,8,10,7,3,0,4,0,0,0,0,0,0,0,0,0,0,0,0,1.0,1.0,1.0,0.0,0.0,0.0,1,0,0
3788,39,16,23,15,6,8,10,7,3,0,4,0,0,0,0,0,0,0,0,0,0,0,0,1.0,1.0,1.0,0.0,0.0,0.0,1,0,0
3789,39,16,23,13,8,8,10,7,3,0,4,0,0,0,0,0,0,0,0,0,0,0,0,1.0,1.0,1.0,0.0,0.0,0.0,1,0,0
3790,39,16,23,13,8,8,10,7,3,0,4,0,0,0,0,0,0,0,0,0,0,0,0,1.0,1.0,1.0,0.0,0.0,0.0,1,0,0
3791,39,16,23,4,17,8,10,7,3,0,4,0,0,0,0,0,0,0,0,0,0,0,0,1.0,1.0,1.0,0.0,0.0,0.0,1,0,0
3792,42,17,25,7,17,8,10,7,2,0,5,0,0,0,0,0,0,0,0,1,0,0,0,1.0,1.0,1.0,0.07692307692307693,0.07692307692307693,0.0,1,3,0
3793,46,19,27,11,17,8,10,7,1,0,3,0,0,0,0,0,0,0,0,1,0,0,0,1.0,1.0,1.0,0.09523809523809523,0.09523809523809523,0.0,1,4,0
3794,46,19,27,11,17,8,10,7,1,1,3,0,0,0,0,0,4,0,1,0,0,0,0,1.0,1.0,1.0,0.0,0.0,0.0,1,0,0
3795,46,19,27,11,17,8,10,7,2,1,3,0,0,0,0,0,8,1,0,0,0,0,0,1.0,1.0,1.0,0.0,0.0,0.125,1,0,0
3796,46,19,27,11,17,8,10,7,2,1,3,0,0,0,0,0,1,0,0,0,0,0,0,1.0,1.0,1.0,0.0,0.0,0.0,1,0,0
3797,46,19,27,11,17,8,10,7,2,1,3,0,0,0,0,0,6,0,0,0,0,3,0,1.0,1.0,1.0,0.0,0.0,0.0,1,0,0
3798,46,19,27,11,17,8,10,7,3,1,3,0,0,0,0,0,5,1,0,0,0,0,0,1.0,1.0,1.0,0.0,0.0,0.2,1,0,0
3799,46,19,27,11,17,8,10,7,3,1,3,0,0,0,0,0,0,0,0,0,0,0,0,1.0,1.0,1.0,0.0,0.0,0.0,1,0,0
3800,46,19,27,11,17,8,10,7,3,1,3,0,0,0,0,0,0,0,0,0,0,0,0,1.0,1.0,1.0,0.0,0.0,0.0,1,0,0
3801,45,18,27,11,13,11,10,7,3,1,3,0,0,0,0,0,0,0,0,0,1,0,1,0.96,1.0,1.0,0.0,0.0,0.0,1,0,1
3802,45,18,27,11,13,11,10,7,3,1,3,0,0,0,0,0,0,0,0,0,0,0,0,1.0,1.0,1.0,0.0,0.0,0.0,1,0,0
3803,45,18,27,7,17,11,10,7,3,1,3,0,0,0,0,0,0,0,0,0,0,0,0,1.0,1.0,1.0,0.0,0.0,0.0,1,0,0
3804,45,18,27,7,17,11,10,7,3,1,3,0,0,0,0,0,0,0,0,0,0,0,0,1.0,1.0,1.0,0.0,0.0,0.0,1,0,0
3805,45,18,27,7,17,11,10,7,3,1,2,0,0,0,0,0,0,0,0,0,0,0,0,1.0,1.0,1.0,0.0,0.0,0.0,1,0,0
3806,45,18,27,7,17,11,10,7,3,1,2,0,0,0,0,0,2,0,0,0,0,0,0,1.0,1.0,1.0,0.0,0.0,0.0,1,0,0
3807,45,18,27,7,17,11,10,7,4,1,2,0,0,0,0,0,3,1,0,0,0,0,0,1.0,1.0,1.0,0.0,0.0,0.3333333333333333,1,0,0
3808,45,18,27,7,17,11,10,7,4,1,2,0,0,0,0,0,0,0,0,0,0,0,0,1.0,1.0,1.0,0.0,0.0,0.0,1,0,0
3809,45,18,27,7,17,11,10,7,4,1,2,0,0,0,0,0,0,0,0,0,0,0,0,1.0,1.0,1.0,0.0,0.0,0.0,1,0,0
3810,49,19,30,11,17,10,11,8,4,1,3,0,0,0,0,0,5,1,0,1,0,0,0,1.0,1.0,1.0,0.08888888888888889,0.08888888888888889,0.2,1,4,0
3811,48,18,30,11,17,9,11,8,4,1,3,0,0,0,0,0,0,0,0,0,0,0,0,1.0,0.75,1.0,0.0,0.0,0.0,1,0,1
3812,48,18,30,11,17,8,12,8,4,1,3,0,0,0,0,0,0,0,0,0,0,0,0,1.0,1.0,1.0,0.0,0.0,0.0,1,0,0
3813,48,18,30,11,17,7,13,9,5,1,3,0,0,0,0,0,2,1,0,0,0,0,0,1.0,1.0,1.0,0.0,0.0,0.5,1,0,0
3814,48,18,30,11,17,7,13,9,5,1,3,0,0,0,0,0,0,0,0,0,0,2,0,1.0,1.0,1.0,0.0,0.0,0.0,1,0,0
3815,48,18,30,11,17,7,13,9,5,1,3,0,0,0,0,0,0,0,0,0,0,0,0,1.0,1.0,1.0,0.0,0.0,0.0,1,0,0
3816,46,18,28,10,16,7,13,9,5,1,3,0,0,0,0,0,0,0,0,0,2,0,2,0.9285714285714286,1.0,1.0,0.0,0.0,0.0,1,0,2
3817,45,17,28,9,16,7,13,9,5,1,3,0,0,0,0,0,0,0,0,0,1,0,1,0.9615384615384616,1.0,1.0,0.0,0.0,0.0,1,0,1
3818,45,17,28,9,14,9,13,9,5,1,3,0,0,0,0,0,0,0,0,0,0,0,0,1.0,1.0,1.0,0.0,0.0,0.0,1,0,0
3819,45,17,28,9,14,9,13,9,5,1,3,0,0,0,0,0,0,0,0,0,0,0,0,1.0,1.0,1.0,0.0,0.0,0.0,1,0,0
3820,45,17,28,9,14,9,13,9,5,1,3,0,0,0,0,0,0,0,0,0,0,0,0,1.0,1.0,1.0,0.0,0.0,0.0,1,0,0
3821,45,17,28,9,14,9,13,9,5,1,3,0,0,0,0,0,0,0,0,0,0,1,0,1.0,1.0,1.0,0.0,0.0,0.0,1,0,0
3822,45,17,28,9,14,9,13,9,5,1,3,0,0,0,0,0,0,0,0,0,0,0,0,1.0,1.0,1.0,0.0,0.0,0.0,1,0,0
3823,44,17,27,9,13,9,13,9,5,1,3,0,0,0,0,0,0,0,0,0,0,0,0,0.9565217391304348,1.0,1.0,0.0,0.0,0.0,1,0,1
3824,44,17,27,9,13,8,14,9,5,1,3,0,0,0,0,0,0,0,0,0,0,0,0,1.0,1.0,1.0,0.0,0.0,0.0,1,0,0
3825,44,17,27,9,13,8,14,9,5,1,3,0,0,0,0,0,0,0,0,0,0,0,0,1.0,1.0,1.0,0.0,0.0,0.0,1,0,0
3826,43,17,26,9,13,7,14,9,5,1,3,0,0,0,0,0,0,0,0,0,0,0,0,1.0,1.0,1.0,0.0,0.0,0.0,1,0,1
3827,43,17,26,9,13,7,14,9,5,1,3,0,0,0,0,0,0,0,0,0,0,0,0,1.0,1.0,1.0,0.0,0.0,0.0,1,0,0
3828,43,17,26,9,13,7,14,9,5,1,3,0,0,0,0,0,0,0,0,0,0,0,0,1.0,1.0,1.0,0.0,0.0,0.0,1,0,0
3829,43,17,26,9,13,7,14,9,5,1,3,0,0,0,0,0,0,0,0,0,0,0,0,1.0,1.0,1.0,0.0,0.0,0.0,1,0,0
3830,43,17,26,9,13,7,14,9,5,1,3,0,0,0,0,0,0,0,0,0,0,0,0,1.0,1.0,1.0,0.0,0.0,0.0,1,0,0
3831,43,17,26,9,13,7,14,9,5,1,3,0,0,0,0,0,0,0,0,0,0,0,0,1.0,1.0,1.0,0.0,0.0,0.0,1,0,0
3832,43,17,26,9,13,7,14,9,5,1,3,0,0,0,0,0,0,0,0,0,0,0,0,1.0,1.0,1.0,0.0,0.0,0.0,1,0,0
3833,41,16,25,8,12,7,14,9,5,1,3,0,0,1,1,0,0,0,0,0,2,0,2,0.9090909090909091,1.0,1.0,0.0,0.0,0.0,1,0,2
3834,39,16,23,7,11,7,14,9,5,1,3,0,0,0,2,0,0,0,0,0,2,0,2,0.9,1.0,1.0,0.0,0.0,0.0,1,0,2
3835,38,16,22,5,12,7,14,9,5,1,3,0,0,0,1,0,0,0,0,0,1,0,1,0.9444444444444444,1.0,1.0,0.0,0.0,0.0,1,0,1
3836,38,16,22,1,16,7,14,9,5,1,3,0,0,0,0,0,0,0,0,0,0,0,0,1.0,1.0,1.0,0.0,0.0,0.0,1,0,0
3837,35,14,21,1,14,7,13,9,5,1,2,0,0,2,1,0,0,0,0,0,2,0,3,0.8823529411764706,0.8,1.0,0.0,0.0,0.0,1,0,3
3838,35,14,21,1,14,7,13,9,6,1,1,0,0,0,0,0,2,1,0,0,0,0,0,1.0,1.0,1.0,0.0,0.0,0.5,1,0,0
3839,33,13,20,0,14,7,12,9,6,0,1,0,0,1,1,0,8,0,0,0,1,0,2,0.9333333333333333,0.75,1.0,0.0,0.0,0.0,1,0,2
3840,33,13,20,0,14,7,12,9,7,0,1,0,0,0,0,0,3,1,0,0,0,0,0,1.0,1.0,1.0,0.0,0.0,0.3333333333333333,1,0,0
3841,33,13,20,0,14,7,12,9,7,0,1,0,0,0,0,0,1,0,0,0,0,0,0,1.0,1.0,1.0,0.0,0.0,0.0,1,0,0
3842,33,13,20,0,14,6,13,9,8,0,1,0,0,0,0,0,6,1,0,0,0,0,0,1.0,1.0,1.0,0.0,0.0,0.16666666666666666,1,0,0
3843,33,13,20,0,14,6,13,9,8,0,1,0,0,0,0,0,0,0,0,0,0,0,0,1.0,1.0,1.0,0.0,0.0,0.0,1,0,0
3844,33,13,20,0,14,6,13,9,8,0,1,0,0,0,0,0,0,0,0,0,0,0,0,1.0,1.0,1.0,0.0,0.0,0.0,1,0,0
3845,33,13,20,0,14,6,13,9,8,0,1,0,0,0,0,0,0,0,0,0,0,0,0,1.0,1.0,1.0,0.0,0.0,0.0,1,0,0
3846,33,13,20,0,14,6,13,9,8,0,1,0,0,0,0,0,0,0,0,0,0,0,0,1.0,1.0,1.0,0.0,0.0,0.0,1,0,0
3847,33,13,20,0,14,6,13,9,8,0,1,0,0,0,0,0,0,0,0,0,0,0,0,1.0,1.0,1.0,0.0,0.0,0.0,1,0,0
3848,33,13,20,0,14,6,13,9,8,0,1,0,0,0,0,0,0,0,0,0,0,0,0,1.0,1.0,1.0,0.0,0.0,0.0,1,0,0
3849,33,13,20,0,14,6,13,9,8,0,1,0,0,0,0,0,0,0,0,0,0,0,0,1.0,1.0,1.0,0.0,0.0,0.0,1,0,0
3850,33,13,20,0,14,6,13,9,8,0,1,0,0,0,0,0,0,0,0,0,0,0,0,1.0,1.0,1.0,0.0,0.0,0.0,1,0,0
3851,33,13,20,0,14,6,13,9,8,0,1,0,0,0,0,0,0,0,0,0,0,0,0,1.0,1.0,1.0,0.0,0.0,0.0,1,0,0
3852,33,13,20,0,14,6,13,9,8,0,1,0,0,0,0,0,0,0,0,0,0,0,0,1.0,1.0,1.0,0.0,0.0,0.0,1,0,0
3853,33,13,20,0,14,6,13,9,8,0,1,0,0,0,0,0,0,0,0,0,0,0,0,1.0,1.0,1.0,0.0,0.0,0.0,1,0,0
3854,33,13,20,0,14,6,13,9,8,0,1,0,0,0,0,0,0,0,0,0,0,0,0,1.0,1.0,1.0,0.0,0.0,0.0,1,0,0
3855,33,13,20,0,14,6,13,9,8,0,0,0,0,0,0,0,0,0,0,0,0,0,0,1.0,1.0,1.0,0.0,0.0,0.0,1,0,0
3856,33,13,20,0,14,6,13,9,9,0,0,0,0,0,0,0,3,1,0,0,0,0,0,1.0,1.0,1.0,0.0,0.0,0.3333333333333333,1,0,0
3857,33,13,20,0,14,6,13,9,9,0,0,0,0,0,0,0,0,0,0,0,0,0,0,1.0,1.0,1.0,0.0,0.0,0.0,1,0,0
3858,33,13,20,0,14,6,13,9,9,0,0,0,0,0,0,0,0,0,0,0,0,0,0,1.0,1.0,1.0,0.0,0.0,0.0,1,0,0
3859,33,13,20,0,14,6,13,9,9,0,0,0,0,0,0,0,0,0,0,0,0,0,0,1.0,1.0,1.0,0.0,0.0,0.0,1,0,0
3860,37,16,21,4,14,6,13,9,8,0,1,0,0,0,0,0,0,0,0,1,0,0,0,1.0,1.0,1.0,0.12121212121212122,0.12121212121212122,0.0,1,4,0
3861,37,16,21,4,14,5,14,10,8,0,1,0,0,0,0,0,0,0,0,0,0,0,0,1.0,1.0,1.0,0.0,0.0,0.0,1,0,0
3862,37,16,21,4,14,5,14,10,9,0,1,0,0,0,0,0,5,1,0,0,0,0,0,1.0,1.0,1.0,0.0,0.0,0.2,1,0,0
3863,40,17,23,7,14,5,14,10,8,0,2,0,0,0,0,0,0,0,0,1,0,0,0,1.0,1.0,1.0,0.08108108108108109,0.08108108108108109,0.0,1,3,0
3864,40,17,23,7,14,5,14,10,8,0,2,0,0,0,0,0,0,0,0,0,0,0,0,1.0,1.0,1.0,0.0,0.0,0.0,1,0,0
3865,40,17,23,7,14,5,14,10,8,0,2,0,0,0,0,0,0,0,0,0,0,0,0,1.0,1.0,1.0,0.0,0.0,0.0,1,0,0
3866,40,17,23,7,14,5,14,10,8,0,2,0,0,0,0,0,0,0,0,0,0,0,0,1.0,1.0,1.0,0.0,0.0,0.0,1,0,0
3867,40,17,23,7,14,5,14,10,8,0,2,0,0,0,0,0,0,0,0,0,0,0,0,1.0,1.0,1.0,0.0,0.0,0.0,1,0,0
3868,40,17,23,7,14,5,14,10,8,0,2,0,0,0,0,0,0,0,0,0,0,0,0,1.0,1.0,1.0,0.0,0.0,0.0,1,0,0
3869,40,17,23,7,14,5,14,10,8,0,2,0,0,0,0,0,0,0,0,0,0,0,0,1.0,1.0,1.0,0.0,0.0,0.0,1,0,0
3870,39,17,22,6,14,5,14,10,8,0,2,0,0,0,0,0,0,0,0,0,1,0,1,0.9523809523809523,1.0,1.0,0.0,0.0,0.0,1,0,1
3871,39,17,22,6,14,5,14,10,8,0,2,0,0,0,0,0,0,0,0,0,0,0,0,1.0,1.0,1.0,0.0,0.0,0.0,1,0,0
3872,42,19,23,9,14,5,14,10,7,0,3,0,0,0,0,0,0,0,0,1,0,0,0,1.0,1.0,1.0,0.07692307692307693,0.07692307692307693,0.0,1,3,0
3873,42,19,23,9,14,5,14,10,7,0,3,0,0,0,0,0,0,0,0,0,0,0,0,1.0,1.0,1.0,0.0,0.0,0.0,1,0,0
3874,41,18,23,8,14,5,14,10,7,0,3,0,0,0,0,0,0,0,0,0,1,0,1,0.9565217391304348,1.0,1.0,0.0,0.0,0.0,1,0,1
3875,43,18,25,11,13,5,14,10,6,0,4,0,0,0,0,0,0,0,0,1,1,0,1,0.9545454545454546,1.0,1.0,0.07317073170731707,0.07317073170731707,0.0,1,3,1
3876,43,18,25,11,13,5,14,10,6,0,4,0,0,0,0,0,0,0,0,0,0,0,0,1.0,1.0,1.0,0.0,0.0,0.0,1,0,0
3877,43,18,25,11,13,5,14,10,6,0,4,0,0,0,0,0,0,0,0,0,0,0,0,1.0,1.0,1.0,0.0,0.0,0.0,1,0,0
3878,46,21,25,15,12,5,14,10,5,0,5,0,0,0,0,0,0,0,0,1,1,0,1,0.9583333333333334,1.0,1.0,0.09302325581395349,0.09302325581395349,0.0,1,4,1
3879,46,21,25,15,12,5,14,10,5,0,5,0,0,0,0,0,0,0,0,0,0,0,0,1.0,1.0,1.0,0.0,0.0,0.0,1,0,0
3880,46,21,25,15,12,5,14,10,5,0,5,0,0,0,0,0,0,0,0,0,0,0,0,1.0,1.0,1.0,0.0,0.0,0.0,1,0,0
3881,46,21,25,15,12,5,14,10,5,0,5,0,0,0,0,0,0,0,0,0,0,0,0,1.0,1.0,1.0,0.0,0.0,0.0,1,0,0
3882,46,21,25,15,12,5,14,10,5,0,5,0,0,0,0,0,0,0,0,0,0,0,0,1.0,1.0,1.0,0.0,0.0,0.0,1,0,0
3883,46,21,25,15,12,5,14,10,5,0,5,0,0,0,0,0,0,0,0,0,0,0,0,1.0,1.0,1.0,0.0,0.0,0.0,1,0,0
3884,46,21,25,15,12,5,14,10,5,0,5,0,0,0,0,0,0,0,0,0,0,0,0,1.0,1.0,1.0,0.0,0.0,0.0,1,0,0
3885,46,21,25,15,12,5,14,10,5,0,5,0,0,0,0,0,0,0,0,0,0,0,0,1.0,1.0,1.0,0.0,0.0,0.0,1,0,0
3886,46,21,25,15,12,5,14,10,5,0,5,0,0,0,0,0,0,0,0,0,0,0,0,1.0,1.0,1.0,0.0,0.0,0.0,1,0,0
3887,46,21,25,15,12,5,14,10,5,0,5,0,0,0,0,0,0,0,0,0,0,0,0,1.0,1.0,1.0,0.0,0.0,0.0,1,0,0
3888,46,21,25,15,12,5,14,10,5,0,5,0,0,0,0,0,0,0,0,0,0,0,0,1.0,1.0,1.0,0.0,0.0,0.0,1,0,0
3889,46,21,25,15,12,5,14,10,5,0,5,0,0,0,0,0,0,0,0,0,0,0,0,1.0,1.0,1.0,0.0,0.0,0.0,1,0,0
3890,45,21,24,15,11,5,14,10,5,0,5,0,0,0,0,0,0,0,0,0,1,0,1,0.962962962962963,1.0,1.0,0.0,0.0,0.0,1,0,1
3891,45,21,24,15,11,5,14,10,5,0,5,0,0,0,0,0,0,0,0,0,0,0,0,1.0,1.0,1.0,0.0,0.0,0.0,1,0,0
3892,45,21,24,15,11,5,14,10,5,0,5,0,0,0,0,0,0,0,0,0,0,0,0,1.0,1.0,1.0,0.0,0.0,0.0,1,0,0
3893,45,21,24,15,11,5,14,10,5,0,5,0,0,0,0,0,0,0,0,0,0,0,0,1.0,1.0,1.0,0.0,0.0,0.0,1,0,0
3894,45,21,24,15,11,5,14,10,5,0,5,0,0,0,0,0,0,0,0,0,0,0,0,1.0,1.0,1.0,0.0,0.0,0.0,1,0,0
3895,45,21,24,15,11,5,14,10,5,0,5,0,0,0,0,0,0,0,0,0,0,0,0,1.0,1.0,1.0,0.0,0.0,0.0,1,0,0
3896,45,21,24,15,11,5,14,10,5,0,5,0,0,0,0,0,0,0,0,0,0,0,0,1.0,1.0,1.0,0.0,0.0,0.0,1,0,0
3897,44,20,24,15,11,5,13,10,5,0,5,0,0,0,0,0,0,0,0,0,0,0,0,1.0,0.75,1.0,0.0,0.0,0.0,1,0,1
3898,44,20,24,15,11,5,13,10,5,0,5,0,0,0,0,0,0,0,0,0,0,0,0,1.0,1.0,1.0,0.0,0.0,0.0,1,0,0
3899,44,20,24,15,11,5,13,10,5,0,5,0,0,0,0,0,0,0,0,0,0,0,0,1.0,1.0,1.0,0.0,0.0,0.0,1,0,0
3900,44,20,24,15,11,5,13,10,5,0,5,0,0,0,0,0,0,0,0,0,0,0,0,1.0,1.0,1.0,0.0,0.0,0.0,1,0,0
3901,44,20,24,15,11,5,13,10,5,0,5,0,0,0,0,0,0,0,0,0,0,0,0,1.0,1.0,1.0,0.0,0.0,0.0,1,0,0
3902,44,20,24,15,11,5,13,10,5,0,5,0,0,0,0,0,0,0,0,0,0,0,0,1.0,1.0,1.0,0.0,0.0,0.0,1,0,0
3903,47,22,25,16,13,5,13,10,4,0,6,0,0,0,0,0,0,0,0,1,0,0,0,1.0,1.0,1.0,0.06818181818181818,0.06818181818181818,0.0,1,3,0
3904,46,22,24,15,13,5,13,10,4,0,6,0,0,0,0,0,0,0,0,0,1,0,1,0.9655172413793104,1.0,1.0,0.0,0.0,0.0,1,0,1
3905,50,23,27,19,13,5,13,10,3,0,6,0,0,0,0,0,0,0,0,1,0,0,0,1.0,1.0,1.0,0.08695652173913043,0.08695652173913043,0.0,1,4,0
3906,50,23,27,16,16,5,13,10,3,1,6,0,0,0,0,0,4,0,1,0,0,0,0,1.0,1.0,1.0,0.0,0.0,0.0,1,0,0
3907,54,24,30,20,16,5,13,10,2,1,7,0,0,0,0,0,0,0,0,1,0,0,0,1.0,1.0,1.0,0.08,0.08,0.0,1,4,0
3908,54,24,30,20,16,5,13,10,2,1,6,0,0,0,0,0,0,0,0,0,0,0,0,1.0,1.0,1.0,0.0,0.0,0.0,1,0,0
3909,52,22,30,18,16,5,13,10,2,1,6,0,0,0,0,0,4,0,0,0,2,0,2,0.9444444444444444,1.0,1.0,0.0,0.0,0.0,1,0,2
3910,52,22,30,18,16,5,13,10,2,1,6,0,0,0,0,0,4,0,0,0,0,0,0,1.0,1.0,1.0,0.0,0.0,0.0,1,0,0
3911,51,22,29,18,15,5,13,10,3,1,6,0,0,0,0,0,6,1,0,0,1,0,1,0.9705882352941176,1.0,1.0,0.0,0.0,0.16666666666666666,1,0,1
3912,50,21,29,18,14,5,13,10,3,1,6,0,0,0,0,0,0,0,0,0,1,0,1,0.9696969696969697,1.0,1.0,0.0,0.0,0.0,1,0,1
3913,50,21,29,18,14,5,13,10,3,1,6,0,0,0,0,0,0,0,0,0,0,0,0,1.0,1.0,1.0,0.0,0.0,0.0,1,0,0
3914,50,21,29,18,14,5,13,10,3,1,6,0,0,0,0,0,0,0,0,0,0,0,0,1.0,1.0,1.0,0.0,0.0,0.0,1,0,0
3915,50,21,29,17,15,5,13,10,3,1,6,0,0,0,0,0,0,0,0,0,0,0,0,1.0,1.0,1.0,0.0,0.0,0.0,1,0,0
3916,50,21,29,17,15,5,13,10,3,1,6,0,0,0,0,0,0,0,0,0,0,0,0,1.0,1.0,1.0,0.0,0.0,0.0,1,0,0
3917,49,21,28,16,15,5,13,10,3,1,5,0,0,0,0,0,0,0,0,0,1,0,1,0.96875,1.0,1.0,0.0,0.0,0.0,1,0,1
3918,48,20,28,13,17,5,13,10,3,1,5,0,0,0,0,0,1,0,0,0,1,0,1,0.967741935483871,1.0,1.0,0.0,0.0,0.0,1,0,1
3919,48,20,28,13,17,5,13,10,4,1,5,0,0,0,0,0,7,1,0,0,0,0,0,1.0,1.0,1.0,0.0,0.0,0.14285714285714285,1,0,0
3920,48,20,28,13,17,5,13,10,4,1,4,0,0,0,0,0,0,0,0,0,0,0,0,1.0,1.0,1.0,0.0,0.0,0.0,1,0,0
3921,52,23,29,14,20,5,13,10,3,2,5,0,0,0,0,0,5,0,1,1,0,0,0,1.0,1.0,1.0,0.08333333333333333,0.08333333333333333,0.0,1,4,0
3922,52,23,29,14,20,4,14,10,3,2,5,0,0,0,0,0,0,0,0,0,0,0,0,1.0,1.0,1.0,0.0,0.0,0.0,1,0,0
3923,52,23,29,14,20,4,14,10,3,2,4,0,0,0,0,0,0,0,0,0,0,0,0,1.0,1.0,1.0,0.0,0.0,0.0,1,0,0
3924,51,22,29,14,19,4,14,10,4,2,4,0,0,0,0,0,3,1,0,0,1,0,1,0.9705882352941176,1.0,1.0,0.0,0.0,0.3333333333333333,1,0,1
3925,51,22,29,14,19,4,14,10,4,2,4,0,0,0,0,0,0,0,0,0,0,0,0,1.0,1.0,1.0,0.0,0.0,0.0,1,0,0
3926,50,21,29,13,19,4,14,10,4,2,4,0,0,1,0,0,0,0,0,0,1,0,1,0.9696969696969697,1.0,1.0,0.0,0.0,0.0,1,0,1
3927,52,23,29,16,18,4,14,10,3,2,5,0,0,1,0,0,0,0,0,1,1,0,1,0.96875,1.0,1.0,0.06,0.06,0.0,1,3,1
3928,52,23,29,16,18,4,14,10,3,2,5,0,0,0,0,0,0,0,0,0,0,3,0,1.0,1.0,1.0,0.0,0.0,0.0,1,0,0
3929,50,21,29,15,17,4,14,10,3,2,5,0,0,1,0,0,0,0,0,0,2,0,2,0.9411764705882353,1.0,1.0,0.0,0.0,0.0,1,0,2
3930,49,21,28,14,17,4,14,10,3,2,5,0,0,0,1,0,0,0,0,0,1,0,1,0.96875,1.0,1.0,0.0,0.0,0.0,1,0,1
3931,49,21,28,14,17,4,14,10,3,2,5,0,0,0,0,0,0,0,0,0,0,0,0,1.0,1.0,1.0,0.0,0.0,0.0,1,0,0
3932,49,21,28,14,14,7,14,10,3,2,5,0,0,0,0,0,0,0,0,0,0,0,0,1.0,1.0,1.0,0.0,0.0,0.0,1,0,0
3933,49,21,28,14,14,7,14,10,3,2,5,0,0,0,0,0,0,0,0,0,0,0,0,1.0,1.0,1.0,0.0,0.0,0.0,1,0,0
3934,48,20,28,14,13,7,14,10,3,2,5,0,0,0,0,0,0,0,0,0,1,0,1,0.9642857142857143,1.0,1.0,0.0,0.0,0.0,1,0,1
3935,48,20,28,14,13,7,14,10,3,2,5,0,0,0,0,0,0,0,0,0,0,0,0,1.0,1.0,1.0,0.0,0.0,0.0,1,0,0
3936,48,20,28,14,13,7,14,10,3,2,5,0,0,0,0,0,0,0,0,0,0,0,0,1.0,1.0,1.0,0.0,0.0,0.0,1,0,0
3937,47,19,28,14,12,7,14,10,3,2,5,0,0,0,0,0,0,0,0,0,1,0,1,0.962962962962963,1.0,1.0,0.0,0.0,0.0,1,0,1
3938,47,19,28,14,12,7,14,10,3,2,5,0,0,0,0,0,0,0,0,0,0,0,0,1.0,1.0,1.0,0.0,0.0,0.0,1,0,0
3939,47,19,28,14,12,7,14,10,3,2,5,0,0,0,0,0,0,0,0,0,0,0,0,1.0,1.0,1.0,0.0,0.0,0.0,1,0,0
3940,47,19,28,14,12,7,14,10,3,2,5,0,0,0,0,0,0,0,0,0,0,1,0,1.0,1.0,1.0,0.0,0.0,0.0,1,0,0
3941,47,19,28,14,12,7,14,10,3,2,5,0,0,0,0,0,0,0,0,0,0,0,0,1.0,1.0,1.0,0.0,0.0,0.0,1,0,0
3942,47,19,28,14,12,7,14,10,3,2,5,0,0,0,0,0,0,0,0,0,0,0,0,1.0,1.0,1.0,0.0,0.0,0.0,1,0,0
3943,46,18,28,14,11,7,14,10,3,2,5,0,0,0,0,0,0,0,0,0,1,0,1,0.9615384615384616,1.0,1.0,0.0,0.0,0.0,1,0,1
3944,46,18,28,14,10,8,14,10,3,2,5,0,0,0,0,0,0,0,0,0,0,0,0,1.0,1.0,1.0,0.0,0.0,0.0,1,0,0
3945,46,18,28,14,10,8,14,10,3,2,5,0,0,0,0,0,0,0,0,0,0,0,0,1.0,1.0,1.0,0.0,0.0,0.0,1,0,0
3946,46,18,28,11,13,8,14,10,3,2,5,0,0,0,0,0,0,0,0,0,0,0,0,1.0,1.0,1.0,0.0,0.0,0.0,1,0,0
3947,46,18,28,11,13,8,14,10,3,2,5,0,0,0,0,0,0,0,0,0,0,0,0,1.0,1.0,1.0,0.0,0.0,0.0,1,0,0
3948,46,18,28,7,17,8,14,10,3,2,4,0,0,0,0,0,0,0,0,0,0,0,0,1.0,1.0,1.0,0.0,0.0,0.0,1,0,0
3949,46,18,28,7,17,8,14,10,4,2,4,0,0,0,0,0,6,1,0,0,0,0,0,1.0,1.0,1.0,0.0,0.0,0.16666666666666666,1,0,0
3950,46,18,28,6,18,8,14,10,4,2,3,0,0,0,0,0,0,0,0,0,0,0,0,1.0,1.0,1.0,0.0,0.0,0.0,1,0,0
3951,46,18,28,6,18,8,14,10,4,1,3,0,0,0,0,0,0,0,0,0,0,0,0,1.0,1.0,1.0,0.0,0.0,0.0,1,0,0
3952,44,16,28,6,17,8,13,10,4,1,2,0,0,0,0,0,0,0,0,0,1,0,1,0.9583333333333334,0.75,1.0,0.0,0.0,0.0,1,0,2
3953,44,16,28,6,17,8,13,10,4,1,2,0,0,0,0,0,0,0,0,0,0,0,0,1.0,1.0,1.0,0.0,0.0,0.0,1,0,0
3954,44,16,28,6,17,8,13,10,4,1,2,0,0,0,0,0,0,0,0,0,0,0,0,1.0,1.0,1.0,0.0,0.0,0.0,1,0,0
3955,43,16,27,6,16,8,13,10,4,1,2,0,0,0,0,0,0,0,0,0,1,0,1,0.9565217391304348,1.0,1.0,0.0,0.0,0.0,1,0,1
3956,43,16,27,6,16,8,13,10,4,1,2,0,0,0,0,0,0,0,0,0,0,0,0,1.0,1.0,1.0,0.0,0.0,0.0,1,0,0
3957,43,16,27,6,16,8,13,10,4,1,2,0,0,0,0,0,0,0,0,0,0,0,0,1.0,1.0,1.0,0.0,0.0,0.0,1,0,0
3958,43,16,27,6,16,8,13,10,4,1,2,0,0,0,0,0,0,0,0,0,0,0,0,1.0,1.0,1.0,0.0,0.0,0.0,1,0,0
3959,43,16,27,6,16,8,13,10,4,1,2,0,0,0,0,0,0,0,0,0,0,0,0,1.0,1.0,1.0,0.0,0.0,0.0,1,0,0
3960,43,16,27,6,16,8,13,10,4,1,2,0,0,0,0,0,0,0,0,0,0,0,0,1.0,1.0,1.0,0.0,0.0,0.0,1,0,0
3961,42,15,27,6,15,7,14,11,4,1,2,0,0,0,0,0,0,0,0,0,1,0,1,0.9545454545454546,1.0,1.0,0.0,0.0,0.0,1,0,1
3962,42,15,27,6,15,7,14,11,4,1,2,0,0,0,0,0,0,0,0,0,0,0,0,1.0,1.0,1.0,0.0,0.0,0.0,1,0,0
3963,42,15,27,6,15,7,14,11,4,1,2,0,0,0,0,0,0,0,0,0,0,0,0,1.0,1.0,1.0,0.0,0.0,0.0,1,0,0
3964,42,15,27,3,18,7,14,11,4,1,2,0,0,0,0,0,0,0,0,0,0,0,0,1.0,1.0,1.0,0.0,0.0,0.0,1,0,0
3965,42,15,27,3,18,7,14,11,4,1,2,0,0,0,0,0,0,0,0,0,0,0,0,1.0,1.0,1.0,0.0,0.0,0.0,1,0,0
3966,42,15,27,3,18,7,14,11,4,0,1,0,0,0,0,0,0,0,0,0,0,0,0,1.0,1.0,1.0,0.0,0.0,0.0,1,0,0
3967,42,15,27,3,18,7,14,11,4,0,1,0,0,0,0,0,0,0,0,0,0,0,0,1.0,1.0,1.0,0.0,0.0,0.0,1,0,0
3968,42,15,27,3,18,7,14,11,4,0,1,0,0,0,0,0,0,0,0,0,0,0,0,1.0,1.0,1.0,0.0,0.0,0.0,1,0,0
3969,42,15,27,3,18,7,14,11,4,0,1,0,0,0,0,0,0,0,0,0,0,0,0,1.0,1.0,1.0,0.0,0.0,0.0,1,0,0
3970,42,15,27,0,21,7,14,11,4,0,1,0,0,0,0,0,0,0,0,0,0,0,0,1.0,1.0,1.0,0.0,0.0,0.0,1,0,0
3971,42,15,27,0,21,7,14,11,4,0,1,0,0,0,0,0,0,0,0,0,0,0,0,1.0,1.0,1.0,0.0,0.0,0.0,1,0,0
3972,42,15,27,0,21,7,14,11,4,0,0,0,0,0,0,0,0,0,0,0,0,1,0,1.0,1.0,1.0,0.0,0.0,0.0,1,0,0
3973,41,15,26,0,20,7,14,11,4,0,0,0,0,0,0,0,0,0,0,0,1,1,1,0.9523809523809523,1.0,1.0,0.0,0.0,0.0,1,0,1
3974,41,15,26,0,20,7,14,11,4,0,0,0,0,0,0,0,0,0,0,0,0,0,0,1.0,1.0,1.0,0.0,0.0,0.0,1,0,0
3975,41,15,26,0,20,7,14,11,4,0,0,0,0,0,0,0,0,0,0,0,0,0,0,1.0,1.0,1.0,0.0,0.0,0.0,1,0,0
3976,44,18,26,3,19,8,14,11,3,0,1,0,0,0,0,0,0,0,0,1,0,0,0,1.0,1.0,1.0,0.07317073170731707,0.07317073170731707,0.0,1,3,0
3977,44,18,26,3,18,9,14,11,3,0,1,0,0,0,0,0,0,0,0,0,0,0,0,1.0,1.0,1.0,0.0,0.0,0.0,1,0,0
3978,44,18,26,3,18,9,14,11,3,0,1,0,0,0,0,0,0,0,0,0,0,0,0,1.0,1.0,1.0,0.0,0.0,0.0,1,0,0
3979,44,18,26,3,18,9,14,11,3,0,1,0,0,0,0,0,0,0,0,0,0,0,0,1.0,1.0,1.0,0.0,0.0,0.0,1,0,0
3980,44,18,26,3,18,9,14,11,3,0,1,0,0,0,0,0,0,0,0,0,0,0,0,1.0,1.0,1.0,0.0,0.0,0.0,1,0,0
3981,44,18,26,3,18,9,14,11,3,0,1,0,0,0,0,0,0,0,0,0,0,0,0,1.0,1.0,1.0,0.0,0.0,0.0,1,0,0
3982,44,18,26,3,18,9,14,11,3,0,1,0,0,0,0,0,0,0,0,0,0,0,0,1.0,1.0,1.0,0.0,0.0,0.0,1,0,0
3983,44,18,26,3,18,9,14,11,3,0,1,0,0,0,0,0,0,0,0,0,0,0,0,1.0,1.0,1.0,0.0,0.0,0.0,1,0,0
3984,48,19,29,7,18,8,15,12,2,0,2,0,0,0,0,0,0,0,0,1,0,0,0,1.0,1.0,1.0,0.09090909090909091,0.09090909090909091,0.0,1,4,0
3985,48,19,29,7,18,8,15,12,2,0,2,0,0,0,0,0,0,0,0,0,0,0,0,1.0,1.0,1.0,0.0,0.0,0.0,1,0,0
3986,47,18,29,7,17,8,15,12,2,0,2,0,0,0,0,0,0,0,0,0,1,0,1,0.96,1.0,1.0,0.0,0.0,0.0,1,0,1
3987,47,18,29,7,17,8,15,12,2,0,2,0,0,0,0,0,0,0,0,0,0,0,0,1.0,1.0,1.0,0.0,0.0,0.0,1,0,0
3988,47,18,29,7,17,8,15,12,2,0,2,0,0,0,0,0,0,0,0,0,0,0,0,1.0,1.0,1.0,0.0,0.0,0.0,1,0,0
3989,51,20,31,11,17,8,15,12,1,0,3,0,0,0,0,0,0,0,0,1,0,0,0,1.0,1.0,1.0,0.0851063829787234,0.0851063829787234,0.0,1,4,0
3990,51,20,31,11,17,8,15,12,1,0,3,0,0,0,0,0,0,0,0,0,0,0,0,1.0,1.0,1.0,0.0,0.0,0.0,1,0,0
3991,51,20,31,11,17,8,15,12,1,0,3,0,0,0,0,0,0,0,0,0,0,0,0,1.0,1.0,1.0,0.0,0.0,0.0,1,0,0
3992,51,20,31,11,17,8,15,12,1,0,3,0,0,0,0,0,0,0,0,0,0,0,0,1.0,1.0,1.0,0.0,0.0,0.0,1,0,0
3993,51,20,31,11,17,8,15,12,1,0,3,0,0,0,0,0,0,0,0,0,0,0,0,1.0,1.0,1.0,0.0,0.0,0.0,1,0,0
3994,51,20,31,11,17,8,15,12,1,0,3,0,0,0,0,0,0,0,0,0,0,0,0,1.0,1.0,1.0,0.0,0.0,0.0,1,0,0
3995,51,20,31,11,17,8,15,12,1,0,3,0,0,0,0,0,0,0,0,0,0,0,0,1.0,1.0,1.0,0.0,0.0,0.0,1,0,0
3996,51,20,31,11,17,8,15,12,1,0,3,0,0,0,0,0,0,0,0,0,0,0,0,1.0,1.0,1.0,0.0,0.0,0.0,1,0,0
3997,51,20,31,11,17,8,15,12,1,0,3,0,0,0,0,0,0,0,0,0,0,0,0,1.0,1.0,1.0,0.0,0.0,0.0,1,0,0
3998,51,20,31,11,17,8,15,12,1,0,3,0,0,0,0,0,0,0,0,0,0,0,0,1.0,1.0,1.0,0.0,0.0,0.0,1,0,0
3999,51,20,31,11,17,8,15,12,1,0,3,0,0,0,0,0,0,0,0,0,0,0,0,1.0,1.0,1.0,0.0,0.0,0.0,1,0,0
4000,51,20,31,11,17,7,16,13,1,0,3,0,0,0,0,0,0,0,0,0,0,0,0,1.0,1.0,1.0,0.0,0.0,0.0,1,0,0
4001,51,20,31,11,17,7,16,13,1,0,3,0,0,0,0,0,0,0,0,0,0,0,0,1.0,1.0,1.0,0.0,0.0,0.0,1,0,0
4002,51,20,31,11,17,7,16,13,1,0,3,0,0,0,0,0,0,0,0,0,0,0,0,1.0,1.0,1.0,0.0,0.0,0.0,1,0,0
4003,51,20,31,11,17,7,16,13,1,0,3,0,0,0,0,0,0,0,0,0,0,0,0,1.0,1.0,1.0,0.0,0.0,0.0,1,0,0
4004,51,20,31,11,17,7,16,13,1,0,3,0,0,0,0,0,0,0,0,0,0,0,0,1.0,1.0,1.0,0.0,0.0,0.0,1,0,0
4005,51,20,31,11,17,7,16,13,1,0,3,0,0,0,0,0,0,0,0,0,0,0,0,1.0,1.0,1.0,0.0,0.0,0.0,1,0,0
4006,50,19,31,11,16,7,16,13,1,0,3,0,0,0,0,0,0,0,0,0,1,0,1,0.9642857142857143,1.0,1.0,0.0,0.0,0.0,1,0,1
4007,49,18,31,11,15,7,16,13,1,0,3,0,0,0,0,0,0,0,0,0,1,0,1,0.962962962962963,1.0,1.0,0.0,0.0,0.0,1,0,1
4008,49,18,31,11,15,7,16,13,1,0,3,0,0,0,0,0,0,0,0,0,0,0,0,1.0,1.0,1.0,0.0,0.0,0.0,1,0,0
4009,49,18,31,11,15,7,16,13,1,0,3,0,0,0,0,0,0,0,0,0,0,0,0,1.0,1.0,1.0,0.0,0.0,0.0,1,0,0
4010,49,18,31,11,15,7,16,13,1,0,3,0,0,0,0,0,0,0,0,0,0,0,0,1.0,1.0,1.0,0.0,0.0,0.0,1,0,0
4011,49,18,31,11,15,7,16,13,1,0,3,0,0,0,0,0,0,0,0,0,0,0,0,1.0,1.0,1.0,0.0,0.0,0.0,1,0,0
4012,49,18,31,11,15,7,16,13,1,0,3,0,0,0,0,0,0,0,0,0,0,0,0,1.0,1.0,1.0,0.0,0.0,0.0,1,0,0
4013,49,18,31,11,15,7,16,13,1,0,3,0,0,0,0,0,0,0,0,0,0,0,0,1.0,1.0,1.0,0.0,0.0,0.0,1,0,0
4014,53,20,33,15,15,7,16,13,0,0,4,0,0,0,0,0,0,0,0,1,0,0,0,1.0,1.0,1.0,0.08163265306122448,0.08163265306122448,0.0,1,4,0
4015,51,19,32,15,13,7,16,13,0,0,4,0,0,1,0,0,0,0,0,0,2,0,2,0.9333333333333333,1.0,1.0,0.0,0.0,0.0,1,0,2
4016,48,17,31,15,12,6,15,12,0,0,4,0,0,2,1,0,0,0,0,0,1,0,3,0.9642857142857143,1.0,0.9230769230769231,0.0,0.0,0.0,1,0,3
4017,46,17,29,14,11,6,15,12,0,0,4,0,0,0,2,0,0,0,0,0,2,0,2,0.9259259259259259,1.0,1.0,0.0,0.0,0.0,1,0,2
4018,46,17,29,14,11,6,15,12,0,0,4,0,0,0,0,0,0,0,0,0,0,0,0,1.0,1.0,1.0,0.0,0.0,0.0,1,0,0
4019,42,17,25,10,12,5,15,12,0,0,4,0,0,0,4,0,0,0,0,0,3,0,4,0.88,1.0,1.0,0.0,0.0,0.0,1,0,4
4020,42,17,25,10,12,5,15,12,0,0,4,0,0,0,0,0,0,0,0,0,0,0,0,1.0,1.0,1.0,0.0,0.0,0.0,1,0,0
4021,41,17,24,10,11,5,15,12,0,0,3,0,0,0,1,0,0,0,0,0,1,0,1,0.9545454545454546,1.0,1.0,0.0,0.0,0.0,1,0,1
4022,40,16,24,9,11,5,15,12,0,0,3,0,0,1,0,0,0,0,0,0,1,0,1,0.9523809523809523,1.0,1.0,0.0,0.0,0.0,1,0,1
4023,40,16,24,9,11,5,15,12,0,0,3,0,0,0,0,0,0,0,0,0,0,0,0,1.0,1.0,1.0,0.0,0.0,0.0,1,0,0
4024,40,16,24,9,11,5,15,12,0,0,3,0,0,0,0,0,0,0,0,0,0,0,0,1.0,1.0,1.0,0.0,0.0,0.0,1,0,0
4025,40,16,24,9,11,5,15,12,0,0,3,0,0,0,0,0,0,0,0,0,0,0,0,1.0,1.0,1.0,0.0,0.0,0.0,1,0,0
4026,40,16,24,9,11,5,15,12,0,0,3,0,0,0,0,0,0,0,0,0,0,0,0,1.0,1.0,1.0,0.0,0.0,0.0,1,0,0
4027,40,16,24,6,14,5,15,12,0,0,3,0,0,0,0,0,0,0,0,0,0,0,0,1.0,1.0,1.0,0.0,0.0,0.0,1,0,0
4028,40,16,24,6,14,5,15,12,0,0,3,0,0,0,0,0,0,0,0,0,0,0,0,1.0,1.0,1.0,0.0,0.0,0.0,1,0,0
4029,40,16,24,6,14,5,15,12,0,0,2,0,0,0,0,0,0,0,0,0,0,0,0,1.0,1.0,1.0,0.0,0.0,0.0,1,0,0
4030,40,16,24,6,14,5,15,12,0,0,2,0,0,0,0,0,0,0,0,0,0,0,0,1.0,1.0,1.0,0.0,0.0,0.0,1,0,0
4031,40,16,24,6,14,5,15,12,0,0,2,0,0,0,0,0,0,0,0,0,0,0,0,1.0,1.0,1.0,0.0,0.0,0.0,1,0,0
4032,40,16,24,4,16,5,15,12,0,0,2,0,0,0,0,0,0,0,0,0,0,0,0,1.0,1.0,1.0,0.0,0.0,0.0,1,0,0
4033,40,16,24,4,16,5,15,12,0,0,2,0,0,0,0,0,0,0,0,0,0,0,0,1.0,1.0,1.0,0.0,0.0,0.0,1,0,0
4034,40,16,24,4,16,5,15,12,0,0,1,0,0,0,0,0,0,0,0,0,0,0,0,1.0,1.0,1.0,0.0,0.0,0.0,1,0,0
4035,40,16,24,4,16,5,15,12,0,0,1,0,0,0,0,0,0,0,0,0,0,0,0,1.0,1.0,1.0,0.0,0.0,0.0,1,0,0
4036,40,16,24,4,16,5,15,12,0,0,1,0,0,0,0,0,0,0,0,0,0,0,0,1.0,1.0,1.0,0.0,0.0,0.0,1,0,0
4037,40,16,24,4,16,5,15,12,0,0,1,0,0,0,0,0,0,0,0,0,0,0,0,1.0,1.0,1.0,0.0,0.0,0.0,1,0,0
4038,40,16,24,4,16,5,15,12,0,0,1,0,0,0,0,0,0,0,0,0,0,0,0,1.0,1.0,1.0,0.0,0.0,0.0,1,0,0
4039,40,16,24,4,16,5,15,12,0,0,1,0,0,0,0,0,0,0,0,0,0,0,0,1.0,1.0,1.0,0.0,0.0,0.0,1,0,0
4040,40,16,24,4,16,5,15,12,0,0,1,0,0,0,0,0,0,0,0,0,0,0,0,1.0,1.0,1.0,0.0,0.0,0.0,1,0,0
4041,40,16,24,4,16,5,15,12,0,0,1,0,0,0,0,0,0,0,0,0,0,0,0,1.0,1.0,1.0,0.0,0.0,0.0,1,0,0
4042,40,16,24,4,16,5,15,12,0,0,1,0,0,0,0,0,0,0,0,0,0,0,0,1.0,1.0,1.0,0.0,0.0,0.0,1,0,0
4043,40,16,24,4,16,5,15,12,0,0,1,0,0,0,0,0,0,0,0,0,0,2,0,1.0,1.0,1.0,0.0,0.0,0.0,1,0,0
4044,40,16,24,4,16,5,15,12,0,0,1,0,0,0,0,0,0,0,0,0,0,0,0,1.0,1.0,1.0,0.0,0.0,0.0,1,0,0
4045,40,16,24,4,16,5,15,12,0,1,1,0,0,0,0,0,2,0,1,0,0,0,0,1.0,1.0,1.0,0.0,0.0,0.0,1,0,0
4046,40,16,24,4,16,5,15,12,0,3,1,0,0,0,0,0,4,0,2,0,0,0,0,1.0,1.0,1.0,0.0,0.0,0.0,1,0,0
4047,40,16,24,4,14,7,15,12,2,4,1,0,0,0,0,0,8,2,1,0,0,0,0,1.0,1.0,1.0,0.0,0.0,0.25,1,0,0
4048,40,16,24,4,14,7,15,12,2,4,1,0,0,0,0,0,1,0,0,0,0,0,0,1.0,1.0,1.0,0.0,0.0,0.0,1,0,0
4049,40,16,24,4,14,7,15,12,3,4,1,0,0,0,0,0,5,1,0,0,0,0,0,1.0,1.0,1.0,0.0,0.0,0.2,1,0,0
4050,40,16,24,4,14,7,15,12,3,4,1,0,0,0,0,0,0,0,0,0,0,0,0,1.0,1.0,1.0,0.0,0.0,0.0,1,0,0
4051,40,16,24,4,14,7,15,12,3,4,1,0,0,0,0,0,0,0,0,0,0,0,0,1.0,1.0,1.0,0.0,0.0,0.0,1,0,0
4052,40,16,24,4,14,7,15,12,3,4,1,0,0,0,0,0,0,0,0,0,0,0,0,1.0,1.0,1.0,0.0,0.0,0.0,1,0,0
4053,40,16,24,4,14,7,15,12,3,4,1,0,0,0,0,0,0,0,0,0,0,0,0,1.0,1.0,1.0,0.0,0.0,0.0,1,0,0
4054,40,16,24,4,14,7,15,12,3,4,1,0,0,0,0,0,0,0,0,0,0,0,0,1.0,1.0,1.0,0.0,0.0,0.0,1,0,0
4055,40,16,24,4,14,7,15,12,3,4,1,0,0,0,0,0,0,0,0,0,0,1,0,1.0,1.0,1.0,0.0,0.0,0.0,1,0,0
4056,40,16,24,4,14,7,15,12,3,4,1,0,0,0,0,0,0,0,0,0,0,0,0,1.0,1.0,1.0,0.0,0.0,0.0,1,0,0
4057,40,16,24,0,18,7,15,12,3,4,1,0,0,0,0,0,0,0,0,0,0,0,0,1.0,1.0,1.0,0.0,0.0,0.0,1,0,0
4058,40,16,24,0,18,7,15,12,5,4,1,0,0,0,0,0,8,2,0,0,0,0,0,1.0,1.0,1.0,0.0,0.0,0.25,1,0,0
4059,40,16,24,0,17,7,16,13,5,5,0,0,0,0,0,0,5,0,1,0,0,0,0,1.0,1.0,1.0,0.0,0.0,0.0,1,0,0
4060,40,16,24,0,17,7,16,13,5,5,0,0,0,0,0,0,3,0,0,0,0,0,0,1.0,1.0,1.0,0.0,0.0,0.0,1,0,0
4061,40,16,24,0,17,7,16,13,6,5,0,0,0,0,0,0,2,1,0,0,0,0,0,1.0,1.0,1.0,0.0,0.0,0.5,1,0,0
4062,40,16,24,0,17,7,16,13,6,5,0,0,0,0,0,0,2,0,0,0,0,0,0,1.0,1.0,1.0,0.0,0.0,0.0,1,0,0
4063,40,16,24,0,17,7,16,13,6,5,0,0,0,0,0,0,0,0,0,0,0,0,0,1.0,1.0,1.0,0.0,0.0,0.0,1,0,0
4064,40,16,24,0,17,7,16,13,6,5,0,0,0,0,0,0,0,0,0,0,0,0,0,1.0,1.0,1.0,0.0,0.0,0.0,1,0,0
4065,40,16,24,0,17,7,16,13,6,5,0,0,0,0,0,0,0,0,0,0,0,0,0,1.0,1.0,1.0,0.0,0.0,0.0,1,0,0
4066,40,16,24,0,17,7,16,13,6,5,0,0,0,0,0,0,0,0,0,0,0,0,0,1.0,1.0,1.0,0.0,0.0,0.0,1,0,0
4067,40,16,24,0,17,5,18,13,6,5,0,0,0,0,0,0,0,0,0,0,0,0,0,1.0,1.0,1.0,0.0,0.0,0.0,1,0,0
4068,40,16,24,0,17,5,18,13,6,5,0,0,0,0,0,0,0,0,0,0,0,0,0,1.0,1.0,1.0,0.0,0.0,0.0,1,0,0
4069,40,16,24,0,17,5,18,13,6,5,0,0,0,0,0,0,0,0,0,0,0,0,0,1.0,1.0,1.0,0.0,0.0,0.0,1,0,0
4070,40,16,24,0,17,5,18,13,6,5,0,0,0,0,0,0,0,0,0,0,0,0,0,1.0,1.0,1.0,0.0,0.0,0.0,1,0,0
4071,40,16,24,0,17,5,18,13,6,5,0,0,0,0,0,0,4,0,0,0,0,0,0,1.0,1.0,1.0,0.0,0.0,0.0,1,0,0
4072,40,16,24,0,17,5,18,13,8,5,0,0,0,0,0,0,7,2,0,0,0,0,0,1.0,1.0,1.0,0.0,0.0,0.2857142857142857,1,0,0
4073,40,16,24,0,17,5,18,13,8,5,0,0,0,0,0,0,0,0,0,0,0,0,0,1.0,1.0,1.0,0.0,0.0,0.0,1,0,0
4074,39,15,24,0,17,5,17,13,8,5,0,0,0,0,0,0,0,0,0,0,0,0,0,1.0,0.8,1.0,0.0,0.0,0.0,1,0,1
4075,38,14,24,0,16,5,17,13,8,5,0,0,0,0,0,0,0,0,0,0,1,0,1,0.9411764705882353,1.0,1.0,0.0,0.0,0.0,1,0,1
4076,37,14,23,0,16,5,16,12,7,5,0,0,0,0,0,0,0,0,0,0,0,0,0,1.0,1.0,0.9230769230769231,0.0,0.0,0.0,1,0,1
4077,37,14,23,0,16,5,16,12,7,5,0,0,0,0,0,0,0,0,0,0,0,0,0,1.0,1.0,1.0,0.0,0.0,0.0,1,0,0
4078,37,14,23,0,16,4,17,13,7,5,0,0,0,0,0,0,0,0,0,0,0,0,0,1.0,1.0,1.0,0.0,0.0,0.0,1,0,0
4079,37,14,23,0,16,4,17,13,7,5,0,0,0,0,0,0,0,0,0,0,0,0,0,1.0,1.0,1.0,0.0,0.0,0.0,1,0,0
4080,37,14,23,0,16,4,17,13,7,5,0,0,0,0,0,0,0,0,0,0,0,0,0,1.0,1.0,1.0,0.0,0.0,0.0,1,0,0
4081,37,14,23,0,16,4,17,13,7,5,0,0,0,0,0,0,0,0,0,0,0,0,0,1.0,1.0,1.0,0.0,0.0,0.0,1,0,0
4082,37,14,23,0,16,4,17,13,7,5,0,0,0,0,0,0,0,0,0,0,0,0,0,1.0,1.0,1.0,0.0,0.0,0.0,1,0,0
4083,37,14,23,0,16,4,17,13,7,5,0,0,0,0,0,0,0,0,0,0,0,0,0,1.0,1.0,1.0,0.0,0.0,0.0,1,0,0
4084,37,14,23,0,16,4,17,13,8,5,0,0,0,0,0,0,5,1,0,0,0,0,0,1.0,1.0,1.0,0.0,0.0,0.2,1,0,0
4085,36,13,23,0,15,4,17,13,8,5,0,0,0,0,0,0,0,0,0,0,1,2,1,0.9375,1.0,1.0,0.0,0.0,0.0,1,0,1
4086,36,13,23,0,15,4,17,13,8,5,0,0,0,0,0,0,0,0,0,0,0,0,0,1.0,1.0,1.0,0.0,0.0,0.0,1,0,0
4087,36,13,23,0,15,4,17,13,8,5,0,0,0,0,0,0,0,0,0,0,0,1,0,1.0,1.0,1.0,0.0,0.0,0.0,1,0,0
4088,36,13,23,0,15,4,17,13,8,5,0,0,0,0,0,0,0,0,0,0,0,0,0,1.0,1.0,1.0,0.0,0.0,0.0,1,0,0
4089,36,13,23,0,13,6,17,13,8,5,0,0,0,0,0,0,0,0,0,0,0,0,0,1.0,1.0,1.0,0.0,0.0,0.0,1,0,0
4090,36,13,23,0,13,6,17,13,8,4,0,0,0,0,0,0,0,0,0,0,0,0,0,1.0,1.0,1.0,0.0,0.0,0.0,1,0,0
4091,36,13,23,0,12,7,17,13,8,3,0,0,0,0,0,0,3,0,1,0,0,0,0,1.0,1.0,1.0,0.0,0.0,0.0,1,0,0
4092,36,13,23,0,12,7,17,13,10,2,0,0,0,0,0,0,8,2,0,0,0,0,0,1.0,1.0,1.0,0.0,0.0,0.25,1,0,0
4093,36,13,23,0,12,7,17,13,11,2,0,0,0,0,0,0,7,1,0,0,0,0,0,1.0,1.0,1.0,0.0,0.0,0.14285714285714285,1,0,0
4094,36,13,23,0,12,7,17,13,11,2,0,0,0,0,0,0,0,0,0,0,0,0,0,1.0,1.0,1.0,0.0,0.0,0.0,1,0,0
4095,35,13,22,0,11,7,17,13,11,2,0,0,0,0,0,0,0,0,0,0,1,0,1,0.9166666666666666,1.0,1.0,0.0,0.0,0.0,1,0,1
4096,35,13,22,0,11,7,17,13,11,2,0,0,0,0,0,0,0,0,0,0,0,0,0,1.0,1.0,1.0,0.0,0.0,0.0,1,0,0
4097,35,13,22,0,11,7,17,13,11,2,0,0,0,0,0,0,0,0,0,0,0,0,0,1.0,1.0,1.0,0.0,0.0,0.0,1,0,0
4098,35,13,22,0,11,7,17,13,11,2,0,0,0,0,0,0,0,0,0,0,0,0,0,1.0,1.0,1.0,0.0,0.0,0.0,1,0,0
4099,35,13,22,0,11,7,17,13,11,2,0,0,0,0,0,0,0,0,0,0,0,0,0,1.0,1.0,1.0,0.0,0.0,0.0,1,0,0
4100,35,13,22,0,11,7,17,13,11,2,0,0,0,0,0,0,0,0,0,0,0,0,0,1.0,1.0,1.0,0.0,0.0,0.0,1,0,0
4101,35,13,22,0,11,7,17,13,11,2,0,0,0,0,0,0,0,0,0,0,0,1,0,1.0,1.0,1.0,0.0,0.0,0.0,1,0,0
4102,35,13,22,0,11,7,17,13,11,2,0,0,0,0,0,0,0,0,0,0,0,0,0,1.0,1.0,1.0,0.0,0.0,0.0,1,0,0
4103,35,13,22,0,11,7,17,13,11,2,0,0,0,0,0,0,0,0,0,0,0,0,0,1.0,1.0,1.0,0.0,0.0,0.0,1,0,0
4104,35,13,22,0,11,7,17,13,11,1,0,0,0,0,0,0,0,0,0,0,0,0,0,1.0,1.0,1.0,0.0,0.0,0.0,1,0,0
4105,35,13,22,0,10,8,17,13,11,1,0,0,0,0,0,0,3,0,0,0,0,0,0,1.0,1.0,1.0,0.0,0.0,0.0,1,0,0
4106,35,13,22,0,10,8,17,13,12,1,0,0,0,0,0,0,4,1,0,0,0,0,0,1.0,1.0,1.0,0.0,0.0,0.25,1,0,0
4107,35,13,22,0,10,8,17,13,12,1,0,0,0,0,0,0,0,0,0,0,0,1,0,1.0,1.0,1.0,0.0,0.0,0.0,1,0,0
4108,35,13,22,0,10,8,17,13,12,1,0,0,0,0,0,0,0,0,0,0,0,0,0,1.0,1.0,1.0,0.0,0.0,0.0,1,0,0
4109,35,13,22,0,10,8,17,13,12,1,0,0,0,0,0,0,0,0,0,0,0,0,0,1.0,1.0,1.0,0.0,0.0,0.0,1,0,0
4110,34,13,21,0,9,8,17,13,12,1,0,0,0,0,1,0,0,0,0,0,1,0,1,0.9,1.0,1.0,0.0,0.0,0.0,1,0,1
4111,33,12,21,0,8,9,16,13,12,1,0,0,0,1,0,0,0,0,0,0,0,0,1,1.0,0.75,1.0,0.0,0.0,0.0,1,0,1
4112,38,13,25,6,8,9,15,12,9,1,2,0,0,0,1,0,0,0,0,2,0,0,1,1.0,1.0,0.9230769230769231,0.18181818181818182,0.18181818181818182,0.0,1,6,1
4113,38,13,25,6,8,9,15,12,9,1,2,0,0,0,0,0,0,0,0,0,0,0,0,1.0,1.0,1.0,0.0,0.0,0.0,1,0,0
4114,41,15,26,9,8,9,15,12,8,1,3,0,0,0,0,0,0,0,0,1,0,0,0,1.0,1.0,1.0,0.07894736842105263,0.07894736842105263,0.0,1,3,0
4115,41,15,26,9,8,9,15,12,8,1,3,0,0,0,0,0,0,0,0,0,0,0,0,1.0,1.0,1.0,0.0,0.0,0.0,1,0,0
4116,41,15,26,9,8,9,15,12,8,1,3,0,0,0,0,0,0,0,0,0,0,0,0,1.0,1.0,1.0,0.0,0.0,0.0,1,0,0
4117,41,15,26,9,8,9,15,12,8,1,3,0,0,0,0,0,0,0,0,0,0,0,0,1.0,1.0,1.0,0.0,0.0,0.0,1,0,0
4118,41,15,26,9,8,9,15,12,8,1,3,0,0,0,0,0,0,0,0,0,0,0,0,1.0,1.0,1.0,0.0,0.0,0.0,1,0,0
4119,41,15,26,9,8,9,15,12,8,1,3,0,0,0,0,0,0,0,0,0,0,0,0,1.0,1.0,1.0,0.0,0.0,0.0,1,0,0
4120,41,15,26,9,8,9,15,12,8,1,3,0,0,0,0,0,0,0,0,0,0,0,0,1.0,1.0,1.0,0.0,0.0,0.0,1,0,0
4121,41,15,26,9,8,9,15,12,8,1,3,0,0,0,0,0,0,0,0,0,0,0,0,1.0,1.0,1.0,0.0,0.0,0.0,1,0,0
4122,41,15,26,9,8,9,15,12,8,1,3,0,0,0,0,0,0,0,0,0,0,0,0,1.0,1.0,1.0,0.0,0.0,0.0,1,0,0
4123,45,16,29,13,8,9,15,12,7,1,4,0,0,0,0,0,0,0,0,1,0,0,0,1.0,1.0,1.0,0.0975609756097561,0.0975609756097561,0.0,1,4,0
4124,45,16,29,13,8,9,15,12,7,1,4,0,0,0,0,0,0,0,0,0,0,0,0,1.0,1.0,1.0,0.0,0.0,0.0,1,0,0
4125,45,16,29,13,8,9,15,12,7,1,4,0,0,0,0,0,0,0,0,0,0,0,0,1.0,1.0,1.0,0.0,0.0,0.0,1,0,0
4126,44,15,29,12,8,9,15,12,7,1,4,0,0,0,0,0,0,0,0,0,1,0,1,0.9523809523809523,1.0,1.0,0.0,0.0,0.0,1,0,1
4127,44,15,29,12,8,9,15,12,7,1,4,0,0,0,0,0,0,0,0,0,0,0,0,1.0,1.0,1.0,0.0,0.0,0.0,1,0,0
4128,44,15,29,12,8,9,15,12,7,1,4,0,0,0,0,0,0,0,0,0,0,0,0,1.0,1.0,1.0,0.0,0.0,0.0,1,0,0
4129,44,15,29,12,8,9,15,12,7,1,4,0,0,0,0,0,0,0,0,0,0,0,0,1.0,1.0,1.0,0.0,0.0,0.0,1,0,0
4130,44,15,29,12,8,9,15,12,7,1,4,0,0,0,0,0,0,0,0,0,0,0,0,1.0,1.0,1.0,0.0,0.0,0.0,1,0,0
4131,43,15,28,11,8,9,15,12,7,1,4,0,0,0,0,0,0,0,0,0,1,0,1,0.95,1.0,1.0,0.0,0.0,0.0,1,0,1
4132,43,15,28,11,8,9,15,12,7,1,4,0,0,0,0,0,0,0,0,0,0,0,0,1.0,1.0,1.0,0.0,0.0,0.0,1,0,0
4133,43,15,28,11,8,9,15,12,7,1,4,0,0,0,0,0,0,0,0,0,0,0,0,1.0,1.0,1.0,0.0,0.0,0.0,1,0,0
4134,43,15,28,11,8,9,15,12,7,1,4,0,0,0,0,0,0,0,0,0,0,0,0,1.0,1.0,1.0,0.0,0.0,0.0,1,0,0
4135,43,15,28,11,8,9,15,12,7,1,4,0,0,0,0,0,0,0,0,0,0,0,0,1.0,1.0,1.0,0.0,0.0,0.0,1,0,0
4136,43,15,28,11,8,9,15,12,7,0,4,0,0,0,0,0,0,0,0,0,0,0,0,1.0,1.0,1.0,0.0,0.0,0.0,1,0,0
4137,50,18,32,18,8,9,15,12,6,0,6,0,0,0,0,0,3,1,0,2,0,0,0,1.0,1.0,1.0,0.16279069767441862,0.16279069767441862,0.3333333333333333,1,7,0
4138,50,18,32,18,8,9,15,12,6,0,6,0,0,0,0,0,0,0,0,0,0,0,0,1.0,1.0,1.0,0.0,0.0,0.0,1,0,0
4139,50,18,32,18,8,9,15,12,6,0,6,0,0,0,0,0,0,0,0,0,0,0,0,1.0,1.0,1.0,0.0,0.0,0.0,1,0,0
4140,50,18,32,18,8,8,16,13,7,0,6,0,0,0,0,0,2,1,0,0,0,0,0,1.0,1.0,1.0,0.0,0.0,0.5,1,0,0
4141,50,18,32,18,8,8,16,13,7,0,6,0,0,0,0,0,0,0,0,0,0,0,0,1.0,1.0,1.0,0.0,0.0,0.0,1,0,0
4142,49,18,31,17,8,7,17,14,7,0,6,0,0,0,0,0,0,0,0,0,1,0,1,0.9615384615384616,1.0,1.0,0.0,0.0,0.0,1,0,1
4143,48,17,31,17,8,7,16,14,7,0,6,0,0,0,0,0,0,0,0,0,0,0,0,1.0,0.6666666666666667,1.0,0.0,0.0,0.0,1,0,1
4144,47,16,31,16,8,7,16,14,7,0,6,0,0,0,0,0,0,0,0,0,1,0,1,0.96,1.0,1.0,0.0,0.0,0.0,1,0,1
4145,47,16,31,16,8,7,16,14,7,0,6,0,0,0,0,0,0,0,0,0,0,0,0,1.0,1.0,1.0,0.0,0.0,0.0,1,0,0
4146,46,15,31,16,8,7,15,14,7,0,6,0,0,0,0,0,0,0,0,0,0,0,0,1.0,0.5,1.0,0.0,0.0,0.0,1,0,1
4147,46,15,31,16,8,7,15,14,7,0,6,0,0,0,0,0,0,0,0,0,0,0,0,1.0,1.0,1.0,0.0,0.0,0.0,1,0,0
4148,46,15,31,16,8,7,15,14,7,0,6,0,0,0,0,0,0,0,0,0,0,0,0,1.0,1.0,1.0,0.0,0.0,0.0,1,0,0
4149,48,17,31,19,7,7,15,14,7,0,7,0,0,0,0,0,3,1,0,1,1,0,1,0.9583333333333334,1.0,1.0,0.06521739130434782,0.06521739130434782,0.3333333333333333,1,3,1
4150,48,17,31,19,7,7,15,14,7,0,7,0,0,0,0,0,0,0,0,0,0,0,0,1.0,1.0,1.0,0.0,0.0,0.0,1,0,0
4151,48,17,31,19,7,7,15,14,7,0,7,0,0,0,0,0,0,0,0,0,0,0,0,1.0,1.0,1.0,0.0,0.0,0.0,1,0,0
4152,48,17,31,19,7,7,15,14,7,0,7,0,0,0,0,0,0,0,0,0,0,0,0,1.0,1.0,1.0,0.0,0.0,0.0,1,0,0
4153,48,17,31,19,7,7,15,14,7,0,7,0,0,0,0,0,0,0,0,0,0,0,0,1.0,1.0,1.0,0.0,0.0,0.0,1,0,0
4154,48,17,31,19,7,7,15,14,7,0,7,0,0,0,0,0,0,0,0,0,0,0,0,1.0,1.0,1.0,0.0,0.0,0.0,1,0,0
4155,48,17,31,14,12,7,15,14,7,0,7,0,0,0,0,0,0,0,0,0,0,0,0,1.0,1.0,1.0,0.0,0.0,0.0,1,0,0
4156,48,17,31,14,12,7,15,14,7,0,7,0,0,0,0,0,0,0,0,0,0,2,0,1.0,1.0,1.0,0.0,0.0,0.0,1,0,0
4157,55,20,35,19,14,7,15,14,5,0,7,0,0,0,0,0,0,0,0,2,0,0,0,1.0,1.0,1.0,0.14583333333333334,0.14583333333333334,0.0,1,7,0
4158,58,22,36,22,14,7,15,14,6,0,8,0,0,0,0,0,8,2,0,1,1,0,1,0.9696969696969697,1.0,1.0,0.07272727272727272,0.07272727272727272,0.25,1,4,1
4159,58,22,36,22,14,7,15,14,6,0,7,0,0,0,0,0,0,0,0,0,0,0,0,1.0,1.0,1.0,0.0,0.0,0.0,1,0,0
4160,57,22,35,22,11,9,15,14,6,0,7,0,0,0,0,0,1,0,0,0,1,0,1,0.9705882352941176,1.0,1.0,0.0,0.0,0.0,1,0,1
4161,55,21,34,21,10,9,15,14,6,0,7,0,0,0,0,0,7,0,0,0,2,0,2,0.9393939393939394,1.0,1.0,0.0,0.0,0.0,1,0,2
4162,55,21,34,21,10,9,15,14,7,0,7,0,0,0,0,0,5,1,0,0,0,0,0,1.0,1.0,1.0,0.0,0.0,0.2,1,0,0
4163,54,21,33,21,9,9,15,14,7,0,7,0,0,0,0,0,0,0,0,0,1,0,1,0.967741935483871,1.0,1.0,0.0,0.0,0.0,1,0,1
4164,53,20,33,20,9,9,15,14,7,0,7,0,0,0,0,0,0,0,0,0,1,1,1,0.9666666666666667,1.0,1.0,0.0,0.0,0.0,1,0,1
4165,53,20,33,20,9,9,15,14,7,0,7,0,0,0,0,0,0,0,0,0,0,0,0,1.0,1.0,1.0,0.0,0.0,0.0,1,0,0
4166,53,20,33,17,12,9,15,14,7,0,7,0,0,0,0,0,0,0,0,0,0,0,0,1.0,1.0,1.0,0.0,0.0,0.0,1,0,0
4167,53,20,33,17,12,9,15,14,7,0,7,0,0,0,0,0,0,0,0,0,0,0,0,1.0,1.0,1.0,0.0,0.0,0.0,1,0,0
4168,53,20,33,17,11,10,15,14,7,0,6,0,0,0,0,0,0,0,0,0,0,0,0,1.0,1.0,1.0,0.0,0.0,0.0,1,0,0
4169,53,20,33,17,11,10,15,14,8,0,6,0,0,0,0,0,4,1,0,0,0,2,0,1.0,1.0,1.0,0.0,0.0,0.25,1,0,0
4170,53,20,33,17,11,10,15,14,8,0,6,0,0,0,0,0,0,0,0,0,0,0,0,1.0,1.0,1.0,0.0,0.0,0.0,1,0,0
4171,57,22,35,21,11,10,15,14,7,0,7,0,0,0,0,0,0,0,0,1,0,0,0,1.0,1.0,1.0,0.07547169811320754,0.07547169811320754,0.0,1,4,0
4172,57,22,35,21,11,10,15,14,7,0,7,0,0,0,0,0,0,0,0,0,0,0,0,1.0,1.0,1.0,0.0,0.0,0.0,1,0,0
4173,55,21,34,19,9,12,15,14,7,0,7,0,0,0,0,0,0,0,0,0,2,0,2,0.9333333333333333,1.0,1.0,0.0,0.0,0.0,1,0,2
4174,55,21,34,19,9,12,15,14,7,0,7,0,0,0,0,0,0,0,0,0,0,0,0,1.0,1.0,1.0,0.0,0.0,0.0,1,0,0
4175,55,21,34,19,9,12,15,14,7,0,7,0,0,0,0,0,0,0,0,0,0,0,0,1.0,1.0,1.0,0.0,0.0,0.0,1,0,0
4176,55,21,34,19,9,12,15,14,7,0,7,0,0,0,0,0,0,0,0,0,0,0,0,1.0,1.0,1.0,0.0,0.0,0.0,1,0,0
4177,54,21,33,19,8,12,15,14,7,0,7,0,0,0,0,0,0,0,0,0,1,0,1,0.9642857142857143,1.0,1.0,0.0,0.0,0.0,1,0,1
4178,54,21,33,19,8,12,15,14,7,0,7,0,0,0,0,0,0,0,0,0,0,0,0,1.0,1.0,1.0,0.0,0.0,0.0,1,0,0
4179,54,21,33,19,8,12,15,14,7,0,7,0,0,0,0,0,0,0,0,0,0,0,0,1.0,1.0,1.0,0.0,0.0,0.0,1,0,0
4180,54,21,33,13,14,12,15,14,7,0,7,0,0,0,0,0,0,0,0,0,0,0,0,1.0,1.0,1.0,0.0,0.0,0.0,1,0,0
4181,54,21,33,13,14,12,15,14,7,0,7,0,0,0,0,0,0,0,0,0,0,0,0,1.0,1.0,1.0,0.0,0.0,0.0,1,0,0
4182,54,21,33,13,14,11,16,14,7,0,5,0,0,0,0,0,0,0,0,0,0,0,0,1.0,1.0,1.0,0.0,0.0,0.0,1,0,0
4183,54,21,33,13,14,11,16,14,9,0,5,0,0,0,0,0,7,2,0,0,0,0,0,1.0,1.0,1.0,0.0,0.0,0.2857142857142857,1,0,0
4184,54,21,33,13,14,11,16,14,9,0,5,0,0,0,0,0,0,0,0,0,0,0,0,1.0,1.0,1.0,0.0,0.0,0.0,1,0,0
4185,54,21,33,13,14,11,16,14,9,0,5,0,0,0,0,0,0,0,0,0,0,0,0,1.0,1.0,1.0,0.0,0.0,0.0,1,0,0
4186,54,21,33,13,14,11,16,14,9,0,5,0,0,0,0,0,0,0,0,0,0,0,0,1.0,1.0,1.0,0.0,0.0,0.0,1,0,0
4187,53,20,33,12,14,11,16,14,9,0,5,0,0,0,0,0,0,0,0,0,1,0,1,0.962962962962963,1.0,1.0,0.0,0.0,0.0,1,0,1
4188,53,20,33,12,14,11,16,14,9,0,5,0,0,0,0,0,0,0,0,0,0,0,0,1.0,1.0,1.0,0.0,0.0,0.0,1,0,0
4189,52,19,33,11,14,11,16,14,9,0,5,0,0,0,0,0,0,0,0,0,1,0,1,0.9615384615384616,1.0,1.0,0.0,0.0,0.0,1,0,1
4190,52,19,33,11,14,11,16,14,9,0,5,0,0,0,0,0,0,0,0,0,0,0,0,1.0,1.0,1.0,0.0,0.0,0.0,1,0,0
4191,52,19,33,11,14,11,16,14,9,0,5,0,0,0,0,0,0,0,0,0,0,0,0,1.0,1.0,1.0,0.0,0.0,0.0,1,0,0
4192,52,19,33,9,16,11,16,14,9,0,5,0,0,0,0,0,0,0,0,0,0,0,0,1.0,1.0,1.0,0.0,0.0,0.0,1,0,0
4193,52,19,33,9,16,11,16,14,9,0,5,0,0,0,0,0,0,0,0,0,0,0,0,1.0,1.0,1.0,0.0,0.0,0.0,1,0,0
4194,52,19,33,9,16,11,16,14,9,0,4,0,0,0,0,0,0,0,0,0,0,1,0,1.0,1.0,1.0,0.0,0.0,0.0,1,0,0
4195,52,19,33,9,16,11,16,14,10,0,4,0,0,0,0,0,7,1,0,0,0,0,0,1.0,1.0,1.0,0.0,0.0,0.14285714285714285,1,0,0
4196,52,19,33,9,16,11,16,14,10,0,4,0,0,0,0,0,0,0,0,0,0,0,0,1.0,1.0,1.0,0.0,0.0,0.0,1,0,0
4197,51,19,32,8,16,11,16,14,10,0,4,0,0,0,0,0,0,0,0,0,1,0,1,0.96,1.0,1.0,0.0,0.0,0.0,1,0,1
4198,51,19,32,8,15,12,16,14,10,0,4,0,0,0,0,0,0,0,0,0,0,0,0,1.0,1.0,1.0,0.0,0.0,0.0,1,0,0
4199,50,19,31,8,14,12,16,14,10,0,4,0,0,0,1,0,0,0,0,0,1,0,1,0.9565217391304348,1.0,1.0,0.0,0.0,0.0,1,0,1
4200,49,19,30,4,18,12,15,13,10,0,3,0,0,0,1,0,0,0,0,0,0,0,1,1.0,1.0,0.9285714285714286,0.0,0.0,0.0,1,0,1
4201,45,18,27,2,19,10,14,12,9,0,3,0,0,1,3,0,0,0,0,0,1,0,4,0.9545454545454546,1.0,0.9230769230769231,0.0,0.0,0.0,1,0,4
4202,47,19,28,6,18,10,13,11,7,0,3,0,0,0,1,0,0,0,0,1,1,0,2,0.9523809523809523,1.0,0.9166666666666666,0.08888888888888889,0.08888888888888889,0.0,1,4,2
4203,44,17,27,5,18,9,12,11,8,0,2,0,0,2,1,0,6,1,0,0,1,0,3,0.9583333333333334,0.5,1.0,0.0,0.0,0.16666666666666666,1,0,3
4204,43,17,26,5,18,9,11,10,8,0,2,0,0,0,1,0,4,1,0,0,0,0,1,1.0,1.0,0.9090909090909091,0.0,0.0,0.25,1,0,1
4205,46,19,27,8,18,9,11,10,7,0,3,0,0,0,0,0,0,0,0,1,0,0,0,1.0,1.0,1.0,0.06976744186046512,0.06976744186046512,0.0,1,3,0
4206,46,19,27,8,18,9,11,10,7,0,3,0,0,0,0,0,0,0,0,0,0,0,0,1.0,1.0,1.0,0.0,0.0,0.0,1,0,0
4207,46,19,27,8,18,9,11,10,7,0,3,0,0,0,0,0,0,0,0,0,0,0,0,1.0,1.0,1.0,0.0,0.0,0.0,1,0,0
4208,46,19,27,8,18,9,11,10,7,0,3,0,0,0,0,0,0,0,0,0,0,0,0,1.0,1.0,1.0,0.0,0.0,0.0,1,0,0
4209,46,19,27,8,18,9,11,10,7,0,3,0,0,0,0,0,0,0,0,0,0,0,0,1.0,1.0,1.0,0.0,0.0,0.0,1,0,0
4210,46,19,27,8,18,9,11,10,7,0,3,0,0,0,0,0,0,0,0,0,0,0,0,1.0,1.0,1.0,0.0,0.0,0.0,1,0,0
4211,44,17,27,7,17,9,11,10,7,0,3,0,0,0,0,0,0,0,0,0,2,0,2,0.9230769230769231,1.0,1.0,0.0,0.0,0.0,1,0,2
4212,44,17,27,7,17,8,12,11,7,0,3,0,0,0,0,0,0,0,0,0,0,0,0,1.0,1.0,1.0,0.0,0.0,0.0,1,0,0
4213,44,17,27,7,17,8,12,11,7,0,3,0,0,0,0,0,0,0,0,0,0,0,0,1.0,1.0,1.0,0.0,0.0,0.0,1,0,0
4214,47,20,27,9,18,8,12,11,7,0,4,0,0,0,0,0,3,1,0,1,1,0,1,0.9583333333333334,1.0,1.0,0.09090909090909091,0.09090909090909091,0.3333333333333333,1,4,1
4215,46,20,26,9,17,8,12,11,7,0,4,0,0,0,0,0,0,0,0,0,1,0,1,0.962962962962963,1.0,1.0,0.0,0.0,0.0,1,0,1
4216,45,19,26,9,16,8,12,11,7,0,3,0,0,0,0,0,0,0,0,0,1,0,1,0.9615384615384616,1.0,1.0,0.0,0.0,0.0,1,0,1
4217,45,19,26,9,16,8,12,11,8,0,3,0,0,0,0,0,6,1,0,0,0,0,0,1.0,1.0,1.0,0.0,0.0,0.16666666666666666,1,0,0
4218,45,19,26,9,16,8,12,11,8,0,3,0,0,0,0,0,0,0,0,0,0,0,0,1.0,1.0,1.0,0.0,0.0,0.0,1,0,0
4219,45,19,26,9,16,8,12,11,8,0,3,0,0,0,0,0,0,0,0,0,0,0,0,1.0,1.0,1.0,0.0,0.0,0.0,1,0,0
4220,45,19,26,9,16,8,12,11,8,0,3,0,0,0,0,0,0,0,0,0,0,0,0,1.0,1.0,1.0,0.0,0.0,0.0,1,0,0
4221,45,19,26,9,16,8,12,11,8,0,3,0,0,0,0,0,0,0,0,0,0,0,0,1.0,1.0,1.0,0.0,0.0,0.0,1,0,0
4222,45,19,26,9,16,8,12,11,8,0,3,0,0,0,0,0,0,0,0,0,0,0,0,1.0,1.0,1.0,0.0,0.0,0.0,1,0,0
4223,53,22,31,17,16,8,12,11,6,0,5,0,0,0,0,0,0,0,0,2,0,0,0,1.0,1.0,1.0,0.17777777777777778,0.17777777777777778,0.0,1,8,0
4224,53,22,31,17,16,7,13,11,6,0,5,0,0,0,0,0,0,0,0,0,0,0,0,1.0,1.0,1.0,0.0,0.0,0.0,1,0,0
4225,53,22,31,17,16,7,13,11,6,0,5,0,0,0,0,0,0,0,0,0,0,0,0,1.0,1.0,1.0,0.0,0.0,0.0,1,0,0
4226,53,22,31,17,16,7,13,11,6,0,5,0,0,0,0,0,0,0,0,0,0,0,0,1.0,1.0,1.0,0.0,0.0,0.0,1,0,0
4227,57,24,33,21,16,7,13,11,5,0,6,0,0,0,0,0,0,0,0,1,0,0,0,1.0,1.0,1.0,0.07547169811320754,0.07547169811320754,0.0,1,4,0
4228,56,23,33,21,15,7,13,11,5,0,6,0,0,0,0,0,0,0,0,0,1,0,1,0.972972972972973,1.0,1.0,0.0,0.0,0.0,1,0,1
4229,55,22,33,21,14,7,13,11,5,0,6,0,0,0,0,0,0,0,0,0,1,0,1,0.9722222222222222,1.0,1.0,0.0,0.0,0.0,1,0,1
4230,55,22,33,21,14,7,13,11,5,0,6,0,0,0,0,0,0,0,0,0,0,0,0,1.0,1.0,1.0,0.0,0.0,0.0,1,0,0
4231,54,22,32,20,14,7,13,11,5,0,6,0,0,0,0,0,0,0,0,0,1,0,1,0.9714285714285714,1.0,1.0,0.0,0.0,0.0,1,0,1
4232,53,21,32,19,14,7,13,11,5,0,6,0,0,0,0,0,0,0,0,0,1,0,1,0.9705882352941176,1.0,1.0,0.0,0.0,0.0,1,0,1
4233,52,20,32,18,14,7,13,11,5,0,6,0,0,0,0,0,0,0,0,0,1,0,1,0.9696969696969697,1.0,1.0,0.0,0.0,0.0,1,0,1
4234,52,20,32,18,14,7,13,11,5,0,6,0,0,0,0,0,0,0,0,0,0,0,0,1.0,1.0,1.0,0.0,0.0,0.0,1,0,0
4235,52,20,32,18,14,7,13,11,5,0,6,0,0,0,0,0,0,0,0,0,0,0,0,1.0,1.0,1.0,0.0,0.0,0.0,1,0,0
4236,52,20,32,18,14,7,13,11,5,0,6,0,0,0,0,0,0,0,0,0,0,0,0,1.0,1.0,1.0,0.0,0.0,0.0,1,0,0
4237,51,19,32,17,14,7,13,11,5,0,6,0,0,0,0,0,0,0,0,0,1,0,1,0.96875,1.0,1.0,0.0,0.0,0.0,1,0,1
4238,51,19,32,17,14,7,13,11,5,0,6,0,0,0,0,0,0,0,0,0,0,0,0,1.0,1.0,1.0,0.0,0.0,0.0,1,0,0
4239,50,19,31,17,13,7,13,11,5,0,6,0,0,0,0,0,0,0,0,0,1,0,1,0.967741935483871,1.0,1.0,0.0,0.0,0.0,1,0,1
4240,50,19,31,17,13,6,14,11,5,0,6,0,0,0,0,0,0,0,0,0,0,0,0,1.0,1.0,1.0,0.0,0.0,0.0,1,0,0
4241,50,19,31,17,13,6,14,11,5,0,6,0,0,0,0,0,0,0,0,0,0,0,0,1.0,1.0,1.0,0.0,0.0,0.0,1,0,0
4242,49,18,31,17,12,6,14,11,5,0,6,0,0,0,0,0,0,0,0,0,1,0,1,0.9666666666666667,1.0,1.0,0.0,0.0,0.0,1,0,1
4243,49,18,31,17,12,6,14,11,5,0,6,0,0,0,0,0,0,0,0,0,0,0,0,1.0,1.0,1.0,0.0,0.0,0.0,1,0,0
4244,49,18,31,17,12,6,14,11,5,0,6,0,0,0,0,0,0,0,0,0,0,0,0,1.0,1.0,1.0,0.0,0.0,0.0,1,0,0
4245,49,18,31,14,15,6,14,11,5,0,6,0,0,0,0,0,0,0,0,0,0,0,0,1.0,1.0,1.0,0.0,0.0,0.0,1,0,0
4246,49,18,31,14,15,5,15,11,5,0,6,0,0,0,0,0,0,0,0,0,0,0,0,1.0,1.0,1.0,0.0,0.0,0.0,1,0,0
4247,48,17,31,13,15,5,15,11,5,0,5,0,0,0,0,0,0,0,0,0,1,0,1,0.9655172413793104,1.0,1.0,0.0,0.0,0.0,1,0,1
4248,52,18,34,15,17,5,15,11,4,0,6,0,0,0,0,0,6,0,0,1,0,0,0,1.0,1.0,1.0,0.08333333333333333,0.08333333333333333,0.0,1,4,0
4249,52,18,34,15,17,5,15,11,5,0,6,0,0,0,0,0,5,1,0,0,0,0,0,1.0,1.0,1.0,0.0,0.0,0.2,1,0,0
4250,52,18,34,15,17,5,15,11,5,0,5,0,0,0,0,0,0,0,0,0,0,0,0,1.0,1.0,1.0,0.0,0.0,0.0,1,0,0
4251,52,18,34,15,17,5,15,11,6,0,5,0,0,0,0,0,5,1,0,0,0,0,0,1.0,1.0,1.0,0.0,0.0,0.2,1,0,0
4252,52,18,34,15,17,5,15,11,6,0,5,0,0,0,0,0,0,0,0,0,0,0,0,1.0,1.0,1.0,0.0,0.0,0.0,1,0,0
4253,52,18,34,15,17,5,15,11,6,0,5,0,0,0,0,0,0,0,0,0,0,0,0,1.0,1.0,1.0,0.0,0.0,0.0,1,0,0
4254,52,18,34,15,17,5,15,11,6,0,5,0,0,0,0,0,0,0,0,0,0,0,0,1.0,1.0,1.0,0.0,0.0,0.0,1,0,0
4255,52,18,34,15,17,5,15,11,6,0,5,0,0,0,0,0,0,0,0,0,0,0,0,1.0,1.0,1.0,0.0,0.0,0.0,1,0,0
4256,52,18,34,15,17,5,15,11,6,0,5,0,0,0,0,0,0,0,0,0,0,0,0,1.0,1.0,1.0,0.0,0.0,0.0,1,0,0
4257,51,17,34,11,20,5,15,11,6,0,5,0,0,0,0,0,0,0,0,0,1,0,1,0.96875,1.0,1.0,0.0,0.0,0.0,1,0,1
4258,51,17,34,11,20,5,15,11,6,0,5,0,0,0,0,0,0,0,0,0,0,0,0,1.0,1.0,1.0,0.0,0.0,0.0,1,0,0
4259,50,17,33,10,20,5,15,11,6,0,4,0,0,0,0,0,0,0,0,0,1,0,1,0.967741935483871,1.0,1.0,0.0,0.0,0.0,1,0,1
4260,49,17,32,10,19,5,15,11,7,0,4,0,0,0,0,0,2,1,0,0,1,0,1,0.9666666666666667,1.0,1.0,0.0,0.0,0.5,1,0,1
4261,48,16,32,10,18,5,15,11,7,0,4,0,0,0,0,0,0,0,0,0,1,0,1,0.9655172413793104,1.0,1.0,0.0,0.0,0.0,1,0,1
4262,48,16,32,10,18,5,15,11,7,0,4,0,0,0,0,0,0,0,0,0,0,0,0,1.0,1.0,1.0,0.0,0.0,0.0,1,0,0
4263,48,16,32,10,18,5,15,11,7,0,4,0,0,0,0,0,0,0,0,0,0,0,0,1.0,1.0,1.0,0.0,0.0,0.0,1,0,0
4264,48,16,32,10,18,5,15,11,7,0,4,0,0,0,0,0,0,0,0,0,0,0,0,1.0,1.0,1.0,0.0,0.0,0.0,1,0,0
4265,48,16,32,10,18,5,15,11,7,0,4,0,0,0,0,0,0,0,0,0,0,0,0,1.0,1.0,1.0,0.0,0.0,0.0,1,0,0
4266,48,16,32,6,22,5,15,11,7,0,4,0,0,0,0,0,0,0,0,0,0,0,0,1.0,1.0,1.0,0.0,0.0,0.0,1,0,0
4267,47,16,31,6,21,5,15,11,7,0,4,0,0,0,0,0,0,0,0,0,1,0,1,0.9642857142857143,1.0,1.0,0.0,0.0,0.0,1,0,1
4268,51,19,32,10,21,5,15,11,6,0,3,0,0,0,0,0,0,0,0,1,0,0,0,1.0,1.0,1.0,0.0851063829787234,0.0851063829787234,0.0,1,4,0
4269,55,21,34,14,21,5,15,11,5,0,4,0,0,0,0,0,8,0,0,1,0,0,0,1.0,1.0,1.0,0.0784313725490196,0.0784313725490196,0.0,1,4,0
4270,54,20,34,12,23,4,15,11,6,1,4,0,0,0,0,0,4,1,1,0,0,0,0,1.0,1.0,1.0,0.0,0.0,0.25,1,0,1
4271,54,20,34,12,23,4,15,11,6,1,4,0,0,0,0,0,0,0,0,0,0,0,0,1.0,1.0,1.0,0.0,0.0,0.0,1,0,0
4272,54,20,34,12,23,4,15,11,6,1,3,0,0,0,0,0,0,0,0,0,0,0,0,1.0,1.0,1.0,0.0,0.0,0.0,1,0,0
4273,53,19,34,12,22,4,15,11,7,1,3,0,0,0,0,0,5,1,0,0,1,0,1,0.9714285714285714,1.0,1.0,0.0,0.0,0.2,1,0,1
4274,53,19,34,12,22,4,15,11,7,1,3,0,0,0,0,0,0,0,0,0,0,0,0,1.0,1.0,1.0,0.0,0.0,0.0,1,0,0
4275,53,19,34,12,22,4,15,11,7,1,3,0,0,0,0,0,0,0,0,0,0,0,0,1.0,1.0,1.0,0.0,0.0,0.0,1,0,0
4276,53,19,34,12,22,4,15,11,7,1,3,0,0,0,0,0,0,0,0,0,0,0,0,1.0,1.0,1.0,0.0,0.0,0.0,1,0,0
4277,52,18,34,11,22,4,15,11,7,1,3,0,0,0,0,0,0,0,0,0,1,0,1,0.9705882352941176,1.0,1.0,0.0,0.0,0.0,1,0,1
4278,52,18,34,11,22,4,15,11,7,1,3,0,0,0,0,0,0,0,0,0,0,0,0,1.0,1.0,1.0,0.0,0.0,0.0,1,0,0
4279,54,19,35,14,21,4,15,11,6,1,4,0,0,0,0,0,0,0,0,1,1,0,1,0.9696969696969697,1.0,1.0,0.057692307692307696,0.057692307692307696,0.0,1,3,1
4280,53,18,35,13,21,4,15,11,6,1,4,0,0,0,0,0,0,0,0,0,1,0,1,0.9714285714285714,1.0,1.0,0.0,0.0,0.0,1,0,1
4281,52,17,35,13,20,3,16,12,7,1,4,0,0,0,0,0,5,1,0,0,1,0,1,0.9705882352941176,1.0,1.0,0.0,0.0,0.2,1,0,1
4282,54,19,35,16,19,3,16,12,6,1,5,0,0,0,0,0,0,0,0,1,1,0,1,0.9696969696969697,1.0,1.0,0.057692307692307696,0.057692307692307696,0.0,1,3,1
4283,54,19,35,16,19,3,16,12,6,1,5,0,0,0,0,0,0,0,0,0,0,0,0,1.0,1.0,1.0,0.0,0.0,0.0,1,0,0
4284,54,19,35,16,19,3,16,12,6,1,5,0,0,0,0,0,0,0,0,0,0,0,0,1.0,1.0,1.0,0.0,0.0,0.0,1,0,0
4285,54,19,35,16,19,3,16,12,6,1,5,0,0,0,0,0,0,0,0,0,0,0,0,1.0,1.0,1.0,0.0,0.0,0.0,1,0,0
4286,53,19,34,16,18,3,16,12,6,1,5,0,0,0,0,0,0,0,0,0,1,0,1,0.9714285714285714,1.0,1.0,0.0,0.0,0.0,1,0,1
4287,53,19,34,16,18,3,16,12,6,1,5,0,0,0,0,0,0,0,0,0,0,0,0,1.0,1.0,1.0,0.0,0.0,0.0,1,0,0
4288,53,19,34,16,18,3,16,12,6,1,5,0,0,0,0,0,0,0,0,0,0,0,0,1.0,1.0,1.0,0.0,0.0,0.0,1,0,0
4289,53,19,34,16,18,3,16,12,6,1,5,0,0,0,0,0,0,0,0,0,0,0,0,1.0,1.0,1.0,0.0,0.0,0.0,1,0,0
4290,51,19,32,16,17,3,15,11,5,1,5,0,0,0,2,0,0,0,0,0,1,0,2,0.9705882352941176,1.0,0.9166666666666666,0.0,0.0,0.0,1,0,2
4291,51,19,32,13,20,3,15,11,5,1,5,0,0,0,0,0,0,0,0,0,0,0,0,1.0,1.0,1.0,0.0,0.0,0.0,1,0,0
4292,49,17,32,13,20,3,13,11,5,1,5,0,0,1,0,0,0,0,0,0,0,0,1,1.0,0.5,1.0,0.0,0.0,0.0,1,0,2
4293,47,17,30,13,20,3,11,9,4,1,4,0,0,0,2,0,0,0,0,0,0,0,2,1.0,1.0,0.8181818181818181,0.0,0.0,0.0,1,0,2
4294,44,17,27,13,18,3,10,8,3,1,4,0,0,0,3,0,0,0,0,0,2,1,3,0.9393939393939394,1.0,0.8888888888888888,0.0,0.0,0.0,1,0,3
4295,42,15,27,12,17,3,10,8,3,1,4,0,0,2,0,0,0,0,0,0,2,0,2,0.935483870967742,1.0,1.0,0.0,0.0,0.0,1,0,2
4296,42,15,27,12,17,3,10,8,3,1,4,0,0,0,0,0,0,0,0,0,0,0,0,1.0,1.0,1.0,0.0,0.0,0.0,1,0,0
4297,42,15,27,12,17,3,10,8,3,1,4,0,0,0,0,0,0,0,0,0,0,0,0,1.0,1.0,1.0,0.0,0.0,0.0,1,0,0
4298,41,15,26,11,16,4,10,8,3,1,4,0,0,0,0,0,0,0,0,0,1,0,1,0.9642857142857143,1.0,1.0,0.0,0.0,0.0,1,0,1
4299,41,15,26,11,16,4,10,8,3,1,4,0,0,0,0,0,0,0,0,0,0,0,0,1.0,1.0,1.0,0.0,0.0,0.0,1,0,0
4300,41,15,26,11,16,4,10,8,3,1,4,0,0,0,0,0,0,0,0,0,0,0,0,1.0,1.0,1.0,0.0,0.0,0.0,1,0,0
4301,41,15,26,11,16,4,10,8,3,1,4,0,0,0,0,0,0,0,0,0,0,0,0,1.0,1.0,1.0,0.0,0.0,0.0,1,0,0
4302,41,15,26,11,16,4,10,8,3,1,4,0,0,0,0,0,0,0,0,0,0,0,0,1.0,1.0,1.0,0.0,0.0,0.0,1,0,0
4303,41,15,26,11,16,3,11,8,3,1,4,0,0,0,0,0,0,0,0,0,0,0,0,1.0,1.0,1.0,0.0,0.0,0.0,1,0,0
4304,41,15,26,11,16,3,11,8,3,1,4,0,0,0,0,0,0,0,0,0,0,0,0,1.0,1.0,1.0,0.0,0.0,0.0,1,0,0
4305,41,15,26,11,16,3,11,8,3,1,4,0,0,0,0,0,0,0,0,0,0,0,0,1.0,1.0,1.0,0.0,0.0,0.0,1,0,0
4306,41,15,26,11,16,3,11,8,3,1,4,0,0,0,0,0,0,0,0,0,0,0,0,1.0,1.0,1.0,0.0,0.0,0.0,1,0,0
4307,41,15,26,11,16,3,11,8,3,1,4,0,0,0,0,0,0,0,0,0,0,0,0,1.0,1.0,1.0,0.0,0.0,0.0,1,0,0
4308,41,15,26,11,16,2,12,8,3,1,4,0,0,0,0,0,0,0,0,0,0,0,0,1.0,1.0,1.0,0.0,0.0,0.0,1,0,0
4309,41,15,26,11,16,2,12,8,3,1,4,0,0,0,0,0,0,0,0,0,0,0,0,1.0,1.0,1.0,0.0,0.0,0.0,1,0,0
4310,41,15,26,11,16,2,12,8,3,1,4,0,0,0,0,0,0,0,0,0,0,0,0,1.0,1.0,1.0,0.0,0.0,0.0,1,0,0
4311,40,14,26,9,17,2,12,8,3,1,4,0,0,0,0,0,0,0,0,0,1,0,1,0.962962962962963,1.0,1.0,0.0,0.0,0.0,1,0,1
4312,40,14,26,5,21,2,12,8,3,1,4,0,0,0,0,0,0,0,0,0,0,0,0,1.0,1.0,1.0,0.0,0.0,0.0,1,0,0
4313,40,14,26,5,21,2,12,8,3,1,3,0,0,0,0,0,0,0,0,0,0,0,0,1.0,1.0,1.0,0.0,0.0,0.0,1,0,0
4314,40,14,26,5,21,2,12,8,4,1,2,0,0,0,0,0,7,1,0,0,0,0,0,1.0,1.0,1.0,0.0,0.0,0.14285714285714285,1,0,0
4315,40,14,26,5,21,2,12,8,5,0,2,0,0,0,0,0,6,1,0,0,0,0,0,1.0,1.0,1.0,0.0,0.0,0.16666666666666666,1,0,0
4316,43,15,28,9,21,2,11,8,4,0,3,0,0,0,0,0,6,1,0,1,0,0,0,1.0,0.75,1.0,0.1,0.1,0.16666666666666666,1,4,1
4317,43,15,28,9,21,2,11,8,4,0,3,0,0,0,0,0,6,1,0,0,0,2,0,1.0,1.0,1.0,0.0,0.0,0.16666666666666666,1,0,0
4318,43,15,28,9,21,2,11,8,4,0,3,0,0,0,0,0,6,1,0,0,0,0,0,1.0,1.0,1.0,0.0,0.0,0.16666666666666666,1,0,0
4319,42,14,28,9,20,2,11,8,4,0,3,0,0,0,0,0,6,1,0,0,1,0,1,0.9666666666666667,1.0,1.0,0.0,0.0,0.16666666666666666,1,0,1
4320,42,14,28,9,20,2,11,8,4,0,3,0,0,0,0,0,6,1,0,0,0,0,0,1.0,1.0,1.0,0.0,0.0,0.16666666666666666,1,0,0
4321,42,14,28,9,18,4,11,8,4,0,3,0,0,0,0,0,6,1,0,0,0,0,0,1.0,1.0,1.0,0.0,0.0,0.16666666666666666,1,0,0
4322,42,14,28,6,21,4,11,8,4,0,3,0,0,0,0,0,6,1,0,0,0,0,0,1.0,1.0,1.0,0.0,0.0,0.16666666666666666,1,0,0
4323,42,14,28,6,21,4,11,8,4,0,3,0,0,0,0,0,6,1,0,0,0,0,0,1.0,1.0,1.0,0.0,0.0,0.16666666666666666,1,0,0
4324,42,14,28,6,21,4,11,8,4,0,2,0,0,0,0,0,6,1,0,0,0,0,0,1.0,1.0,1.0,0.0,0.0,0.16666666666666666,1,0,0
4325,46,18,28,8,23,4,11,8,3,0,3,0,0,0,0,0,6,1,0,1,0,0,0,1.0,1.0,1.0,0.09523809523809523,0.09523809523809523,0.16666666666666666,1,4,0
4326,46,18,28,8,23,4,11,8,3,0,3,0,0,0,0,0,6,1,0,0,0,0,0,1.0,1.0,1.0,0.0,0.0,0.16666666666666666,1,0,0
4327,46,18,28,8,23,4,11,8,3,0,2,0,0,0,0,0,6,1,0,0,0,0,0,1.0,1.0,1.0,0.0,0.0,0.16666666666666666,1,0,0
4328,46,18,28,8,23,4,11,8,3,0,2,0,0,0,0,0,6,1,0,0,0,0,0,1.0,1.0,1.0,0.0,0.0,0.16666666666666666,1,0,0
4329,46,18,28,8,23,4,11,8,3,0,2,0,0,0,0,0,6,1,0,0,0,0,0,1.0,1.0,1.0,0.0,0.0,0.16666666666666666,1,0,0
4330,46,18,28,8,23,4,11,8,3,0,2,0,0,0,0,0,6,1,0,0,0,0,0,1.0,1.0,1.0,0.0,0.0,0.16666666666666666,1,0,0
4331,46,18,28,8,23,4,11,8,3,0,2,0,0,0,0,0,6,1,0,0,0,0,0,1.0,1.0,1.0,0.0,0.0,0.16666666666666666,1,0,0
4332,45,17,28,8,22,4,11,8,3,0,2,0,0,0,0,0,6,1,0,0,1,0,1,0.967741935483871,1.0,1.0,0.0,0.0,0.16666666666666666,1,0,1
4333,45,17,28,8,22,4,11,8,3,0,2,0,0,0,0,0,6,1,0,0,0,0,0,1.0,1.0,1.0,0.0,0.0,0.16666666666666666,1,0,0
4334,45,17,28,8,22,4,11,8,3,0,2,0,0,0,0,0,6,1,0,0,0,0,0,1.0,1.0,1.0,0.0,0.0,0.16666666666666666,1,0,0
4335,45,17,28,8,22,4,11,8,3,0,2,0,0,0,0,0,6,1,0,0,0,0,0,1.0,1.0,1.0,0.0,0.0,0.16666666666666666,1,0,0
4336,45,17,28,8,22,4,11,8,3,0,2,0,0,0,0,0,6,1,0,0,0,0,0,1.0,1.0,1.0,0.0,0.0,0.16666666666666666,1,0,0
4337,45,17,28,8,22,4,11,8,3,0,2,0,0,0,0,0,6,1,0,0,0,0,0,1.0,1.0,1.0,0.0,0.0,0.16666666666666666,1,0,0
4338,45,17,28,8,22,4,11,8,3,0,2,0,0,0,0,0,6,1,0,0,0,0,0,1.0,1.0,1.0,0.0,0.0,0.16666666666666666,1,0,0
4339,44,16,28,7,22,4,11,8,3,0,2,0,0,0,0,0,6,1,0,0,1,0,1,0.9666666666666667,1.0,1.0,0.0,0.0,0.16666666666666666,1,0,1
4340,44,16,28,7,22,4,11,8,3,0,2,0,0,0,0,0,6,1,0,0,0,0,0,1.0,1.0,1.0,0.0,0.0,0.16666666666666666,1,0,0
4341,44,16,28,7,22,4,11,8,3,0,2,0,0,0,0,0,6,1,0,0,0,0,0,1.0,1.0,1.0,0.0,0.0,0.16666666666666666,1,0,0
4342,44,16,28,7,22,4,11,8,3,0,2,0,0,0,0,0,6,1,0,0,0,0,0,1.0,1.0,1.0,0.0,0.0,0.16666666666666666,1,0,0
4343,44,16,28,7,22,4,11,8,3,0,2,0,0,0,0,0,6,1,0,0,0,0,0,1.0,1.0,1.0,0.0,0.0,0.16666666666666666,1,0,0
4344,44,16,28,7,22,4,11,8,3,0,2,0,0,0,0,0,6,1,0,0,0,0,0,1.0,1.0,1.0,0.0,0.0,0.16666666666666666,1,0,0
4345,44,16,28,7,22,4,11,8,3,0,2,0,0,0,0,0,6,1,0,0,0,0,0,1.0,1.0,1.0,0.0,0.0,0.16666666666666666,1,0,0
4346,47,18,29,10,22,4,11,8,2,0,3,0,0,0,0,0,6,1,0,1,0,0,0,1.0,1.0,1.0,0.06818181818181818,0.06818181818181818,0.16666666666666666,1,3,0
4347,47,18,29,10,22,4,11,8,2,0,3,0,0,0,0,0,6,1,0,0,0,0,0,1.0,1.0,1.0,0.0,0.0,0.16666666666666666,1,0,0
4348,46,18,28,10,21,4,11,8,2,0,3,0,0,0,0,0,6,1,0,0,1,0,1,0.96875,1.0,1.0,0.0,0.0,0.16666666666666666,1,0,1
4349,46,18,28,10,21,4,11,8,2,0,3,0,0,0,0,0,6,1,0,0,0,0,0,1.0,1.0,1.0,0.0,0.0,0.16666666666666666,1,0,0
4350,46,18,28,10,21,4,11,8,2,0,3,0,0,0,0,0,6,1,0,0,0,0,0,1.0,1.0,1.0,0.0,0.0,0.16666666666666666,1,0,0
4351,45,18,27,10,20,4,11,8,2,0,3,0,0,0,0,0,6,1,0,0,1,1,1,0.967741935483871,1.0,1.0,0.0,0.0,0.16666666666666666,1,0,1
4352,45,18,27,10,20,4,11,8,2,0,3,0,0,0,0,0,6,1,0,0,0,0,0,1.0,1.0,1.0,0.0,0.0,0.16666666666666666,1,0,0
4353,45,18,27,10,20,4,11,8,2,0,3,0,0,0,0,0,6,1,0,0,0,0,0,1.0,1.0,1.0,0.0,0.0,0.16666666666666666,1,0,0
4354,45,18,27,10,20,4,11,8,2,0,3,0,0,0,0,0,6,1,0,0,0,0,0,1.0,1.0,1.0,0.0,0.0,0.16666666666666666,1,0,0
4355,45,18,27,10,19,5,11,8,2,0,3,0,0,0,0,0,6,1,0,0,0,0,0,1.0,1.0,1.0,0.0,0.0,0.16666666666666666,1,0,0
4356,44,18,26,10,18,5,11,8,2,0,3,0,0,0,0,0,6,1,0,0,1,0,1,0.9655172413793104,1.0,1.0,0.0,0.0,0.16666666666666666,1,0,1
4357,44,18,26,10,18,5,11,8,2,0,3,0,0,0,0,0,6,1,0,0,0,0,0,1.0,1.0,1.0,0.0,0.0,0.16666666666666666,1,0,0
4358,44,18,26,10,18,5,11,8,2,0,3,0,0,0,0,0,6,1,0,0,0,0,0,1.0,1.0,1.0,0.0,0.0,0.16666666666666666,1,0,0
4359,44,18,26,6,22,5,11,8,2,0,3,0,0,0,0,0,6,1,0,0,0,0,0,1.0,1.0,1.0,0.0,0.0,0.16666666666666666,1,0,0
4360,44,18,26,6,22,5,11,8,2,0,3,0,0,0,0,0,6,1,0,0,0,0,0,1.0,1.0,1.0,0.0,0.0,0.16666666666666666,1,0,0
4361,44,18,26,6,22,5,11,8,2,0,2,0,0,0,0,0,6,1,0,0,0,0,0,1.0,1.0,1.0,0.0,0.0,0.16666666666666666,1,0,0
4362,44,18,26,6,22,5,11,8,2,0,2,0,0,0,0,0,6,1,0,0,0,0,0,1.0,1.0,1.0,0.0,0.0,0.16666666666666666,1,0,0
4363,44,18,26,6,22,5,11,8,2,0,2,0,0,0,0,0,6,1,0,0,0,0,0,1.0,1.0,1.0,0.0,0.0,0.16666666666666666,1,0,0
4364,43,18,25,6,22,4,11,8,2,0,2,0,0,0,0,0,6,1,0,0,0,0,0,1.0,1.0,1.0,0.0,0.0,0.16666666666666666,1,0,1
4365,43,18,25,6,22,4,11,8,2,0,2,0,0,0,0,0,6,1,0,0,0,0,0,1.0,1.0,1.0,0.0,0.0,0.16666666666666666,1,0,0
4366,43,18,25,6,22,4,11,8,2,0,2,0,0,0,0,0,6,1,0,0,0,0,0,1.0,1.0,1.0,0.0,0.0,0.16666666666666666,1,0,0
4367,43,18,25,6,22,4,11,8,2,0,2,0,0,0,0,0,6,1,0,0,0,0,0,1.0,1.0,1.0,0.0,0.0,0.16666666666666666,1,0,0
4368,42,18,24,3,24,4,11,8,2,0,2,0,0,0,0,0,6,1,0,0,1,0,1,0.9642857142857143,1.0,1.0,0.0,0.0,0.16666666666666666,1,0,1
4369,42,18,24,3,24,4,11,8,2,0,2,0,0,0,0,0,6,1,0,0,0,0,0,1.0,1.0,1.0,0.0,0.0,0.16666666666666666,1,0,0
4370,42,18,24,3,24,4,11,8,2,0,1,0,0,0,0,0,6,1,0,0,0,0,0,1.0,1.0,1.0,0.0,0.0,0.16666666666666666,1,0,0
4371,42,18,24,3,24,4,11,8,2,0,1,0,0,0,0,0,6,1,0,0,0,0,0,1.0,1.0,1.0,0.0,0.0,0.16666666666666666,1,0,0
4372,42,18,24,3,24,4,11,8,2,0,1,0,0,0,0,0,6,1,0,0,0,0,0,1.0,1.0,1.0,0.0,0.0,0.16666666666666666,1,0,0
4373,42,18,24,3,24,4,11,8,2,0,1,0,0,0,0,0,6,1,0,0,0,0,0,1.0,1.0,1.0,0.0,0.0,0.16666666666666666,1,0,0
4374,42,18,24,3,24,4,11,8,2,0,1,0,0,0,0,0,6,1,0,0,0,0,0,1.0,1.0,1.0,0.0,0.0,0.16666666666666666,1,0,0
4375,42,18,24,3,24,4,11,8,2,0,1,0,0,0,0,0,6,1,0,0,0,0,0,1.0,1.0,1.0,0.0,0.0,0.16666666666666666,1,0,0
4376,42,18,24,3,24,4,11,8,2,0,1,0,0,0,0,0,6,1,0,0,0,0,0,1.0,1.0,1.0,0.0,0.0,0.16666666666666666,1,0,0
4377,42,18,24,3,24,4,11,8,2,0,1,0,0,0,0,0,6,1,0,0,0,0,0,1.0,1.0,1.0,0.0,0.0,0.16666666666666666,1,0,0
4378,42,18,24,3,24,4,11,8,2,0,1,0,0,0,0,0,6,1,0,0,0,0,0,1.0,1.0,1.0,0.0,0.0,0.16666666666666666,1,0,0
4379,46,20,26,7,24,4,11,8,1,0,2,0,0,0,0,0,6,1,0,1,0,0,0,1.0,1.0,1.0,0.09523809523809523,0.09523809523809523,0.16666666666666666,1,4,0
4380,49,23,26,11,23,4,11,8,0,0,3,0,0,0,1,0,6,1,0,1,1,0,1,0.967741935483871,1.0,1.0,0.08695652173913043,0.08695652173913043,0.16666666666666666,1,4,1
4381,47,22,25,11,22,3,11,8,0,0,3,0,0,0,1,0,6,1,0,0,1,0,2,0.9705882352941176,1.0,1.0,0.0,0.0,0.16666666666666666,1,0,2
4382,44,21,23,9,21,3,11,8,0,0,3,0,0,0,2,0,6,1,0,0,3,1,3,0.9090909090909091,1.0,1.0,0.0,0.0,0.16666666666666666,1,0,3
4383,42,20,22,8,21,3,10,8,0,0,3,0,0,1,1,0,6,1,0,0,1,0,2,0.9666666666666667,0.6666666666666667,1.0,0.0,0.0,0.16666666666666666,1,0,2
4384,40,18,22,7,20,3,10,8,0,0,3,0,0,2,0,0,6,1,0,0,2,0,2,0.9310344827586207,1.0,1.0,0.0,0.0,0.16666666666666666,1,0,2
4385,39,17,22,7,20,3,9,8,0,0,3,0,0,1,0,0,6,1,0,0,0,1,1,1.0,0.5,1.0,0.0,0.0,0.16666666666666666,1,0,1
4386,34,14,20,5,17,3,9,8,0,0,3,0,0,3,2,0,6,1,0,0,4,0,5,0.8148148148148149,1.0,1.0,0.0,0.0,0.16666666666666666,1,0,5
4387,33,13,20,5,16,3,9,8,0,0,3,0,0,1,0,0,6,1,0,0,0,0,1,0.9545454545454546,1.0,1.0,0.0,0.0,0.16666666666666666,1,0,1
4388,33,13,20,5,16,3,9,8,0,0,3,0,0,0,0,0,6,1,0,0,0,0,0,1.0,1.0,1.0,0.0,0.0,0.16666666666666666,1,0,0
4389,33,13,20,3,18,3,9,8,0,0,3,0,0,0,0,0,6,1,0,0,0,0,0,1.0,1.0,1.0,0.0,0.0,0.16666666666666666,1,0,0
4390,33,13,20,3,18,3,9,8,0,0,3,0,0,0,0,0,6,1,0,0,0,0,0,1.0,1.0,1.0,0.0,0.0,0.16666666666666666,1,0,0
4391,33,13,20,3,18,3,9,8,0,0,2,0,0,0,0,0,6,1,0,0,0,0,0,1.0,1.0,1.0,0.0,0.0,0.16666666666666666,1,0,0
4392,33,13,20,3,18,3,9,8,0,0,2,0,0,0,0,0,6,1,0,0,0,0,0,1.0,1.0,1.0,0.0,0.0,0.16666666666666666,1,0,0
4393,33,13,20,3,18,3,9,8,0,0,2,0,0,0,0,0,6,1,0,0,0,0,0,1.0,1.0,1.0,0.0,0.0,0.16666666666666666,1,0,0
4394,33,13,20,3,18,3,9,8,0,0,2,0,0,0,0,0,6,1,0,0,0,1,0,1.0,1.0,1.0,0.0,0.0,0.16666666666666666,1,0,0
4395,33,13,20,3,18,3,9,8,0,0,2,0,0,0,0,0,6,1,0,0,0,0,0,1.0,1.0,1.0,0.0,0.0,0.16666666666666666,1,0,0
4396,33,13,20,3,18,3,9,8,0,0,2,0,0,0,0,0,6,1,0,0,0,0,0,1.0,1.0,1.0,0.0,0.0,0.16666666666666666,1,0,0
4397,33,13,20,3,18,3,9,8,0,0,2,0,0,0,0,0,6,1,0,0,0,0,0,1.0,1.0,1.0,0.0,0.0,0.16666666666666666,1,0,0
4398,33,13,20,3,17,4,9,8,0,0,2,0,0,0,0,0,6,1,0,0,0,0,0,1.0,1.0,1.0,0.0,0.0,0.16666666666666666,1,0,0
4399,33,13,20,3,17,4,9,8,0,0,2,0,0,0,0,0,6,1,0,0,0,0,0,1.0,1.0,1.0,0.0,0.0,0.16666666666666666,1,0,0
4400,33,13,20,3,17,4,9,8,0,0,2,0,0,0,0,0,6,1,0,0,0,0,0,1.0,1.0,1.0,0.0,0.0,0.16666666666666666,1,0,0
4401,33,13,20,3,17,4,9,8,0,0,2,0,0,0,0,0,6,1,0,0,0,0,0,1.0,1.0,1.0,0.0,0.0,0.16666666666666666,1,0,0
4402,33,13,20,3,17,4,9,8,0,0,2,0,0,0,0,0,6,1,0,0,0,0,0,1.0,1.0,1.0,0.0,0.0,0.16666666666666666,1,0,0
4403,33,13,20,3,17,4,9,8,0,0,2,0,0,0,0,0,6,1,0,0,0,1,0,1.0,1.0,1.0,0.0,0.0,0.16666666666666666,1,0,0
4404,33,13,20,3,17,4,9,8,0,0,2,0,0,0,0,0,6,1,0,0,0,0,0,1.0,1.0,1.0,0.0,0.0,0.16666666666666666,1,0,0
4405,33,13,20,3,17,4,9,8,0,0,2,0,0,0,0,0,6,1,0,0,0,0,0,1.0,1.0,1.0,0.0,0.0,0.16666666666666666,1,0,0
4406,33,13,20,3,17,4,9,8,0,0,2,0,0,0,0,0,6,1,0,0,0,0,0,1.0,1.0,1.0,0.0,0.0,0.16666666666666666,1,0,0
4407,33,13,20,3,16,5,9,8,0,0,2,0,0,0,0,0,6,1,0,0,0,2,0,1.0,1.0,1.0,0.0,0.0,0.16666666666666666,1,0,0
4408,33,13,20,3,16,5,9,8,0,0,2,0,0,0,0,0,6,1,0,0,0,0,0,1.0,1.0,1.0,0.0,0.0,0.16666666666666666,1,0,0
4409,33,13,20,3,16,5,9,8,0,0,2,0,0,0,0,0,6,1,0,0,0,0,0,1.0,1.0,1.0,0.0,0.0,0.16666666666666666,1,0,0
4410,33,13,20,3,16,5,9,8,0,0,2,0,0,0,0,0,1,0,0,0,0,0,0,1.0,1.0,1.0,0.0,0.0,0.0,1,0,0
4411,33,13,20,3,14,7,9,8,1,0,2,0,0,0,0,0,5,1,0,0,0,0,0,1.0,1.0,1.0,0.0,0.0,0.2,1,0,0
4412,33,13,20,3,14,7,9,8,4,0,2,0,0,0,0,0,7,3,0,0,0,0,0,1.0,1.0,1.0,0.0,0.0,0.42857142857142855,1,0,0
4413,33,13,20,3,14,7,9,8,4,1,2,0,0,0,0,0,3,0,1,0,0,0,0,1.0,1.0,1.0,0.0,0.0,0.0,1,0,0
4414,33,13,20,3,14,7,9,8,5,1,2,0,0,0,0,0,3,1,0,0,0,0,0,1.0,1.0,1.0,0.0,0.0,0.3333333333333333,1,0,0
4415,33,13,20,3,14,7,9,8,5,1,2,0,0,0,0,0,0,0,0,0,0,0,0,1.0,1.0,1.0,0.0,0.0,0.0,1,0,0
4416,33,13,20,3,14,7,9,8,5,1,2,0,0,0,0,0,0,0,0,0,0,0,0,1.0,1.0,1.0,0.0,0.0,0.0,1,0,0
4417,33,13,20,3,14,7,9,8,5,1,2,0,0,0,0,0,0,0,0,0,0,0,0,1.0,1.0,1.0,0.0,0.0,0.0,1,0,0
4418,32,12,20,3,14,6,9,8,5,1,2,0,0,0,0,0,0,0,0,0,0,0,0,1.0,1.0,1.0,0.0,0.0,0.0,1,0,1
4419,32,12,20,3,14,6,9,8,5,1,2,0,0,0,0,0,0,0,0,0,0,0,0,1.0,1.0,1.0,0.0,0.0,0.0,1,0,0
4420,32,12,20,3,14,6,9,8,5,1,2,0,0,0,0,0,0,0,0,0,0,0,0,1.0,1.0,1.0,0.0,0.0,0.0,1,0,0
4421,32,12,20,3,14,6,9,8,5,1,2,0,0,0,0,0,0,0,0,0,0,0,0,1.0,1.0,1.0,0.0,0.0,0.0,1,0,0
4422,32,12,20,2,15,6,9,8,5,1,2,0,0,0,0,0,0,0,0,0,0,0,0,1.0,1.0,1.0,0.0,0.0,0.0,1,0,0
4423,32,12,20,0,17,6,9,8,5,1,2,0,0,0,0,0,0,0,0,0,0,0,0,1.0,1.0,1.0,0.0,0.0,0.0,1,0,0
4424,32,12,20,0,17,6,9,8,5,1,1,0,0,0,0,0,0,0,0,0,0,0,0,1.0,1.0,1.0,0.0,0.0,0.0,1,0,0
4425,32,12,20,0,17,6,9,8,5,1,0,0,0,0,0,0,1,0,0,0,0,0,0,1.0,1.0,1.0,0.0,0.0,0.0,1,0,0
4426,32,12,20,0,17,6,9,8,7,1,0,0,0,0,0,0,5,2,0,0,0,0,0,1.0,1.0,1.0,0.0,0.0,0.4,1,0,0
4427,32,12,20,0,17,6,9,8,7,1,0,0,0,0,0,0,0,0,0,0,0,0,0,1.0,1.0,1.0,0.0,0.0,0.0,1,0,0
4428,32,12,20,0,17,6,9,8,7,1,0,0,0,0,0,0,0,0,0,0,0,1,0,1.0,1.0,1.0,0.0,0.0,0.0,1,0,0
4429,32,12,20,0,17,6,9,8,7,1,0,0,0,0,0,0,0,0,0,0,0,0,0,1.0,1.0,1.0,0.0,0.0,0.0,1,0,0
4430,32,12,20,0,17,6,9,8,7,1,0,0,0,0,0,0,0,0,0,0,0,0,0,1.0,1.0,1.0,0.0,0.0,0.0,1,0,0
4431,32,12,20,0,17,6,9,8,7,1,0,0,0,0,0,0,0,0,0,0,0,0,0,1.0,1.0,1.0,0.0,0.0,0.0,1,0,0
4432,32,12,20,0,16,7,9,8,7,1,0,0,0,0,0,0,0,0,0,0,0,0,0,1.0,1.0,1.0,0.0,0.0,0.0,1,0,0
4433,32,12,20,0,16,6,10,8,7,1,0,0,0,0,0,0,0,0,0,0,0,0,0,1.0,1.0,1.0,0.0,0.0,0.0,1,0,0
4434,32,12,20,0,16,6,10,8,7,1,0,0,0,0,0,0,0,0,0,0,0,0,0,1.0,1.0,1.0,0.0,0.0,0.0,1,0,0
4435,32,12,20,0,16,6,10,8,7,1,0,0,0,0,0,0,0,0,0,0,0,0,0,1.0,1.0,1.0,0.0,0.0,0.0,1,0,0
4436,31,12,19,0,15,6,10,8,7,1,0,0,0,0,0,0,0,0,0,0,1,0,1,0.9375,1.0,1.0,0.0,0.0,0.0,1,0,1
4437,31,12,19,0,15,6,10,8,7,1,0,0,0,0,0,0,0,0,0,0,0,0,0,1.0,1.0,1.0,0.0,0.0,0.0,1,0,0
4438,31,12,19,0,15,6,10,8,7,1,0,0,0,0,0,0,0,0,0,0,0,0,0,1.0,1.0,1.0,0.0,0.0,0.0,1,0,0
4439,31,12,19,0,15,6,10,8,7,1,0,0,0,0,0,0,0,0,0,0,0,0,0,1.0,1.0,1.0,0.0,0.0,0.0,1,0,0
4440,31,12,19,0,15,5,11,9,8,1,0,0,0,0,0,0,7,1,0,0,0,0,0,1.0,1.0,1.0,0.0,0.0,0.14285714285714285,1,0,0
4441,31,12,19,0,15,5,11,9,8,1,0,0,0,0,0,0,0,0,0,0,0,0,0,1.0,1.0,1.0,0.0,0.0,0.0,1,0,0
4442,31,12,19,0,15,5,11,9,8,1,0,0,0,0,0,0,0,0,0,0,0,0,0,1.0,1.0,1.0,0.0,0.0,0.0,1,0,0
4443,31,12,19,0,15,5,11,9,8,1,0,0,0,0,0,0,0,0,0,0,0,0,0,1.0,1.0,1.0,0.0,0.0,0.0,1,0,0
4444,31,12,19,0,15,5,11,9,8,1,0,0,0,0,0,0,0,0,0,0,0,0,0,1.0,1.0,1.0,0.0,0.0,0.0,1,0,0
4445,31,12,19,0,15,5,11,9,8,1,0,0,0,0,0,0,0,0,0,0,0,0,0,1.0,1.0,1.0,0.0,0.0,0.0,1,0,0
4446,31,12,19,0,15,5,11,9,8,1,0,0,0,0,0,0,0,0,0,0,0,0,0,1.0,1.0,1.0,0.0,0.0,0.0,1,0,0
4447,31,12,19,0,15,5,11,9,8,1,0,0,0,0,0,0,0,0,0,0,0,0,0,1.0,1.0,1.0,0.0,0.0,0.0,1,0,0
4448,31,12,19,0,15,5,11,9,8,1,0,0,0,0,0,0,0,0,0,0,0,1,0,1.0,1.0,1.0,0.0,0.0,0.0,1,0,0
4449,31,12,19,0,15,5,11,9,8,1,0,0,0,0,0,0,0,0,0,0,0,2,0,1.0,1.0,1.0,0.0,0.0,0.0,1,0,0
4450,31,12,19,0,15,5,11,9,8,1,0,0,0,0,0,0,0,0,0,0,0,0,0,1.0,1.0,1.0,0.0,0.0,0.0,1,0,0
4451,31,12,19,0,15,5,11,9,8,1,0,0,0,0,0,0,0,0,0,0,0,0,0,1.0,1.0,1.0,0.0,0.0,0.0,1,0,0
4452,31,12,19,0,14,6,11,9,8,1,0,0,0,0,0,0,0,0,0,0,0,0,0,1.0,1.0,1.0,0.0,0.0,0.0,1,0,0
4453,31,12,19,0,12,8,11,9,8,1,0,0,0,0,0,0,0,0,0,0,0,0,0,1.0,1.0,1.0,0.0,0.0,0.0,1,0,0
4454,31,12,19,0,12,8,11,9,8,1,0,0,0,0,0,0,0,0,0,0,0,0,0,1.0,1.0,1.0,0.0,0.0,0.0,1,0,0
4455,31,12,19,0,12,8,11,9,8,1,0,0,0,0,0,0,0,0,0,0,0,0,0,1.0,1.0,1.0,0.0,0.0,0.0,1,0,0
4456,31,12,19,0,12,8,11,9,8,1,0,0,0,0,0,0,0,0,0,0,0,0,0,1.0,1.0,1.0,0.0,0.0,0.0,1,0,0
4457,30,11,19,0,11,7,12,10,8,1,0,0,0,0,0,0,0,0,0,0,1,0,1,0.9166666666666666,1.0,1.0,0.0,0.0,0.0,1,0,1
4458,30,11,19,0,11,7,12,10,8,0,0,0,0,0,0,0,0,0,0,0,0,0,0,1.0,1.0,1.0,0.0,0.0,0.0,1,0,0
4459,30,11,19,0,11,7,12,10,8,1,0,0,0,0,0,0,3,0,1,0,0,1,0,1.0,1.0,1.0,0.0,0.0,0.0,1,0,0
4460,29,10,19,0,10,7,12,10,8,1,0,0,0,0,0,0,0,0,0,0,1,0,1,0.9090909090909091,1.0,1.0,0.0,0.0,0.0,1,0,1
4461,29,10,19,0,10,7,12,10,8,1,0,0,0,0,0,0,0,0,0,0,0,0,0,1.0,1.0,1.0,0.0,0.0,0.0,1,0,0
4462,29,10,19,0,10,7,12,10,8,1,0,0,0,0,0,0,4,0,0,0,0,1,0,1.0,1.0,1.0,0.0,0.0,0.0,1,0,0
4463,29,10,19,0,9,8,12,10,8,1,0,0,0,0,0,0,1,0,0,0,0,0,0,1.0,1.0,1.0,0.0,0.0,0.0,1,0,0
4464,29,10,19,0,9,8,12,10,9,1,0,0,0,0,0,0,6,1,0,0,0,0,0,1.0,1.0,1.0,0.0,0.0,0.16666666666666666,1,0,0
4465,29,10,19,0,9,8,12,10,9,1,0,0,0,0,0,0,0,0,0,0,0,0,0,1.0,1.0,1.0,0.0,0.0,0.0,1,0,0
4466,29,10,19,0,8,9,12,10,9,1,0,0,0,0,0,0,0,0,0,0,0,0,0,1.0,1.0,1.0,0.0,0.0,0.0,1,0,0
4467,29,10,19,0,8,9,12,10,9,1,0,0,0,0,0,0,0,0,0,0,0,0,0,1.0,1.0,1.0,0.0,0.0,0.0,1,0,0
4468,29,10,19,0,8,9,12,10,9,1,0,0,0,0,0,0,0,0,0,0,0,0,0,1.0,1.0,1.0,0.0,0.0,0.0,1,0,0
4469,28,9,19,0,8,8,12,10,9,1,0,0,0,0,0,0,0,0,0,0,0,0,0,1.0,1.0,1.0,0.0,0.0,0.0,1,0,1
4470,28,9,19,0,8,8,12,10,9,1,0,0,0,0,0,0,0,0,0,0,0,0,0,1.0,1.0,1.0,0.0,0.0,0.0,1,0,0
4471,28,9,19,0,8,8,12,10,9,1,0,0,0,0,0,0,0,0,0,0,0,0,0,1.0,1.0,1.0,0.0,0.0,0.0,1,0,0
4472,28,9,19,0,8,8,12,10,9,1,0,0,0,0,0,0,0,0,0,0,0,0,0,1.0,1.0,1.0,0.0,0.0,0.0,1,0,0
4473,27,9,18,0,8,7,12,10,9,1,0,0,0,0,1,0,0,0,0,0,0,0,1,1.0,1.0,1.0,0.0,0.0,0.0,1,0,1
4474,26,9,17,0,8,6,12,10,9,1,0,0,0,0,1,0,0,0,0,0,0,0,1,1.0,1.0,1.0,0.0,0.0,0.0,1,0,1
4475,25,9,16,0,8,6,11,9,8,1,0,0,0,0,1,0,0,0,0,0,0,0,1,1.0,1.0,0.9,0.0,0.0,0.0,1,0,1
4476,26,11,15,4,7,6,9,7,6,0,1,0,0,0,3,0,0,0,0,1,1,0,3,0.875,1.0,0.7777777777777778,0.16,0.16,0.0,1,4,3
4477,35,16,19,14,7,5,9,7,3,0,4,0,0,0,1,0,0,0,0,3,0,0,1,1.0,1.0,1.0,0.38461538461538464,0.38461538461538464,0.0,1,10,1
4478,35,16,19,14,7,5,9,7,3,0,4,0,0,0,0,0,0,0,0,0,0,0,0,1.0,1.0,1.0,0.0,0.0,0.0,1,0,0
4479,35,16,19,14,7,5,9,7,3,0,4,0,0,0,0,0,0,0,0,0,0,0,0,1.0,1.0,1.0,0.0,0.0,0.0,1,0,0
4480,35,16,19,14,7,5,9,7,3,0,4,0,0,0,0,0,0,0,0,0,0,0,0,1.0,1.0,1.0,0.0,0.0,0.0,1,0,0
4481,35,16,19,14,7,5,9,7,3,0,4,0,0,0,0,0,0,0,0,0,0,0,0,1.0,1.0,1.0,0.0,0.0,0.0,1,0,0
4482,35,16,19,14,7,5,9,7,3,0,4,0,0,0,0,0,0,0,0,0,0,0,0,1.0,1.0,1.0,0.0,0.0,0.0,1,0,0
4483,35,16,19,14,7,5,9,7,3,0,4,0,0,0,0,0,0,0,0,0,0,0,0,1.0,1.0,1.0,0.0,0.0,0.0,1,0,0
4484,35,16,19,14,7,5,9,7,3,0,4,0,0,0,0,0,0,0,0,0,0,0,0,1.0,1.0,1.0,0.0,0.0,0.0,1,0,0
4485,35,16,19,14,7,5,9,7,3,0,4,0,0,0,0,0,0,0,0,0,0,0,0,1.0,1.0,1.0,0.0,0.0,0.0,1,0,0
4486,35,16,19,14,7,5,9,7,3,0,4,0,0,0,0,0,0,0,0,0,0,0,0,1.0,1.0,1.0,0.0,0.0,0.0,1,0,0
4487,35,16,19,14,7,5,9,7,3,0,4,0,0,0,0,0,0,0,0,0,0,0,0,1.0,1.0,1.0,0.0,0.0,0.0,1,0,0
4488,35,16,19,14,7,5,9,7,3,0,4,0,0,0,0,0,0,0,0,0,0,0,0,1.0,1.0,1.0,0.0,0.0,0.0,1,0,0
4489,35,16,19,14,7,5,9,7,3,0,4,0,0,0,0,0,0,0,0,0,0,0,0,1.0,1.0,1.0,0.0,0.0,0.0,1,0,0
4490,35,16,19,14,7,5,9,7,3,0,4,0,0,0,0,0,0,0,0,0,0,0,0,1.0,1.0,1.0,0.0,0.0,0.0,1,0,0
4491,38,16,22,17,7,5,9,7,2,0,5,0,0,0,0,0,0,0,0,1,1,0,1,0.9523809523809523,1.0,1.0,0.11428571428571428,0.11428571428571428,0.0,1,4,1
4492,38,16,22,17,7,5,9,7,2,0,5,0,0,0,0,0,0,0,0,0,0,0,0,1.0,1.0,1.0,0.0,0.0,0.0,1,0,0
4493,38,16,22,17,7,5,9,7,2,0,5,0,0,0,0,0,0,0,0,0,0,0,0,1.0,1.0,1.0,0.0,0.0,0.0,1,0,0
4494,38,16,22,17,7,5,9,7,2,0,5,0,0,0,0,0,0,0,0,0,0,0,0,1.0,1.0,1.0,0.0,0.0,0.0,1,0,0
4495,37,16,21,17,6,5,9,7,2,0,5,0,0,0,0,0,0,0,0,0,1,0,1,0.9583333333333334,1.0,1.0,0.0,0.0,0.0,1,0,1
4496,37,16,21,17,6,5,9,7,2,0,5,0,0,0,0,0,0,0,0,0,0,1,0,1.0,1.0,1.0,0.0,0.0,0.0,1,0,0
4497,37,16,21,17,6,5,9,7,2,0,5,0,0,0,0,0,0,0,0,0,0,0,0,1.0,1.0,1.0,0.0,0.0,0.0,1,0,0
4498,37,16,21,17,6,5,9,7,2,0,5,0,0,0,0,0,0,0,0,0,0,0,0,1.0,1.0,1.0,0.0,0.0,0.0,1,0,0
4499,37,16,21,17,6,5,9,7,2,0,5,0,0,0,0,0,0,0,0,0,0,0,0,1.0,1.0,1.0,0.0,0.0,0.0,1,0,0
4500,37,16,21,17,5,6,9,7,2,0,5,0,0,0,0,0,0,0,0,0,0,0,0,1.0,1.0,1.0,0.0,0.0,0.0,1,0,0
4501,37,16,21,17,5,6,9,7,2,0,5,0,0,0,0,0,0,0,0,0,0,0,0,1.0,1.0,1.0,0.0,0.0,0.0,1,0,0
4502,37,16,21,17,5,6,9,7,2,0,5,0,0,0,0,0,0,0,0,0,0,0,0,1.0,1.0,1.0,0.0,0.0,0.0,1,0,0
4503,37,16,21,17,5,6,9,7,2,0,5,0,0,0,0,0,0,0,0,0,0,0,0,1.0,1.0,1.0,0.0,0.0,0.0,1,0,0
4504,37,16,21,17,5,6,9,7,2,0,5,0,0,0,0,0,0,0,0,0,0,0,0,1.0,1.0,1.0,0.0,0.0,0.0,1,0,0
4505,40,18,22,20,5,6,9,7,1,0,6,0,0,0,0,0,0,0,0,1,0,2,0,1.0,1.0,1.0,0.08108108108108109,0.08108108108108109,0.0,1,3,0
4506,40,18,22,20,5,6,9,7,1,0,6,0,0,0,0,0,0,0,0,0,0,0,0,1.0,1.0,1.0,0.0,0.0,0.0,1,0,0
4507,39,17,22,19,5,6,9,7,1,0,6,0,0,0,0,0,0,0,0,0,1,0,1,0.96,1.0,1.0,0.0,0.0,0.0,1,0,1
4508,39,17,22,19,5,6,9,7,1,0,6,0,0,0,0,0,0,0,0,0,0,0,0,1.0,1.0,1.0,0.0,0.0,0.0,1,0,0
4509,39,17,22,19,3,8,9,7,1,0,6,0,0,0,0,0,0,0,0,0,0,0,0,1.0,1.0,1.0,0.0,0.0,0.0,1,0,0
4510,39,17,22,19,3,8,9,7,1,0,6,0,0,0,0,0,0,0,0,0,0,0,0,1.0,1.0,1.0,0.0,0.0,0.0,1,0,0
4511,39,17,22,19,3,8,9,7,1,0,6,0,0,0,0,0,0,0,0,0,0,0,0,1.0,1.0,1.0,0.0,0.0,0.0,1,0,0
4512,39,17,22,19,3,8,9,7,1,0,6,0,0,0,0,0,0,0,0,0,0,0,0,1.0,1.0,1.0,0.0,0.0,0.0,1,0,0
4513,39,17,22,19,3,8,9,7,1,0,6,0,0,0,0,0,0,0,0,0,0,0,0,1.0,1.0,1.0,0.0,0.0,0.0,1,0,0
4514,39,17,22,19,3,8,9,7,1,0,6,0,0,0,0,0,0,0,0,0,0,0,0,1.0,1.0,1.0,0.0,0.0,0.0,1,0,0
4515,38,16,22,19,3,8,8,7,1,0,6,0,0,0,0,0,0,0,0,0,0,0,0,1.0,0.5,1.0,0.0,0.0,0.0,1,0,1
4516,38,16,22,19,3,8,8,7,1,0,6,0,0,0,0,0,0,0,0,0,0,0,0,1.0,1.0,1.0,0.0,0.0,0.0,1,0,0
4517,38,16,22,19,3,7,9,8,2,0,6,0,0,0,0,0,5,1,0,0,0,0,0,1.0,1.0,1.0,0.0,0.0,0.2,1,0,0
4518,38,16,22,19,3,7,9,8,2,0,6,0,0,0,0,0,0,0,0,0,0,0,0,1.0,1.0,1.0,0.0,0.0,0.0,1,0,0
4519,38,16,22,16,6,7,9,8,2,0,6,0,0,0,0,0,0,0,0,0,0,0,0,1.0,1.0,1.0,0.0,0.0,0.0,1,0,0
4520,38,16,22,7,15,7,9,8,2,0,6,0,0,0,0,0,0,0,0,0,0,0,0,1.0,1.0,1.0,0.0,0.0,0.0,1,0,0
4521,38,16,22,7,15,7,9,8,2,0,5,0,0,0,0,0,0,0,0,0,0,0,0,1.0,1.0,1.0,0.0,0.0,0.0,1,0,0
4522,38,16,22,7,15,7,9,8,3,0,2,0,0,0,0,0,2,1,0,0,0,0,0,1.0,1.0,1.0,0.0,0.0,0.5,1,0,0
4523,38,16,22,7,15,7,9,8,4,0,2,0,0,0,0,0,2,1,0,0,0,0,0,1.0,1.0,1.0,0.0,0.0,0.5,1,0,0
4524,38,16,22,7,15,7,9,8,4,0,2,0,0,0,0,0,1,0,0,0,0,0,0,1.0,1.0,1.0,0.0,0.0,0.0,1,0,0
4525,38,16,22,7,15,7,9,8,6,0,2,0,0,0,0,0,7,2,0,0,0,0,0,1.0,1.0,1.0,0.0,0.0,0.2857142857142857,1,0,0
4526,38,16,22,7,15,7,9,8,6,0,2,0,0,0,0,0,0,0,0,0,0,1,0,1.0,1.0,1.0,0.0,0.0,0.0,1,0,0
4527,38,16,22,7,15,7,9,8,6,0,2,0,0,0,0,0,0,0,0,0,0,0,0,1.0,1.0,1.0,0.0,0.0,0.0,1,0,0
4528,38,16,22,7,15,7,9,8,6,0,2,0,0,0,0,0,0,0,0,0,0,0,0,1.0,1.0,1.0,0.0,0.0,0.0,1,0,0
4529,42,16,26,11,15,7,9,8,5,0,3,0,0,0,0,0,0,0,0,1,0,0,0,1.0,1.0,1.0,0.10526315789473684,0.10526315789473684,0.0,1,4,0
4530,42,16,26,11,14,8,9,8,5,0,3,0,0,0,0,0,0,0,0,0,0,0,0,1.0,1.0,1.0,0.0,0.0,0.0,1,0,0
4531,42,16,26,11,14,8,9,8,5,0,3,0,0,0,0,0,0,0,0,0,0,0,0,1.0,1.0,1.0,0.0,0.0,0.0,1,0,0
4532,42,16,26,11,14,8,9,8,5,0,3,0,0,0,0,0,0,0,0,0,0,0,0,1.0,1.0,1.0,0.0,0.0,0.0,1,0,0
4533,42,16,26,11,14,8,9,8,5,0,3,0,0,0,0,0,0,0,0,0,0,0,0,1.0,1.0,1.0,0.0,0.0,0.0,1,0,0
4534,42,16,26,7,18,8,9,8,5,0,3,0,0,0,0,0,0,0,0,0,0,0,0,1.0,1.0,1.0,0.0,0.0,0.0,1,0,0
4535,42,16,26,7,18,8,9,8,5,0,3,0,0,0,0,0,0,0,0,0,0,0,0,1.0,1.0,1.0,0.0,0.0,0.0,1,0,0
4536,42,16,26,7,18,8,9,8,5,0,2,0,0,0,0,0,0,0,0,0,0,0,0,1.0,1.0,1.0,0.0,0.0,0.0,1,0,0
4537,42,16,26,7,18,8,9,8,5,1,2,0,0,0,0,0,1,0,1,0,0,0,0,1.0,1.0,1.0,0.0,0.0,0.0,1,0,0
4538,42,16,26,7,18,8,9,8,5,1,2,0,0,0,0,0,0,0,0,0,0,0,0,1.0,1.0,1.0,0.0,0.0,0.0,1,0,0
4539,42,16,26,7,18,8,9,8,5,1,2,0,0,0,0,0,0,0,0,0,0,0,0,1.0,1.0,1.0,0.0,0.0,0.0,1,0,0
4540,42,16,26,7,18,8,9,8,5,1,2,0,0,0,0,0,0,0,0,0,0,0,0,1.0,1.0,1.0,0.0,0.0,0.0,1,0,0
4541,42,16,26,7,18,8,9,8,5,1,2,0,0,0,0,0,0,0,0,0,0,0,0,1.0,1.0,1.0,0.0,0.0,0.0,1,0,0
4542,42,16,26,7,18,8,9,8,5,1,2,0,0,0,0,0,0,0,0,0,0,0,0,1.0,1.0,1.0,0.0,0.0,0.0,1,0,0
4543,41,15,26,7,17,8,9,8,5,1,2,0,0,0,0,0,0,0,0,0,1,0,1,0.96,1.0,1.0,0.0,0.0,0.0,1,0,1
4544,41,15,26,7,17,8,9,8,5,1,2,0,0,0,0,0,0,0,0,0,0,0,0,1.0,1.0,1.0,0.0,0.0,0.0,1,0,0
4545,41,15,26,7,17,8,9,8,5,1,2,0,0,0,0,0,0,0,0,0,0,0,0,1.0,1.0,1.0,0.0,0.0,0.0,1,0,0
4546,41,15,26,7,17,8,9,8,5,1,2,0,0,0,0,0,0,0,0,0,0,0,0,1.0,1.0,1.0,0.0,0.0,0.0,1,0,0
4547,41,15,26,7,17,8,9,8,5,1,2,0,0,0,0,0,0,0,0,0,0,0,0,1.0,1.0,1.0,0.0,0.0,0.0,1,0,0
4548,41,15,26,4,20,8,9,8,5,1,2,0,0,0,0,0,0,0,0,0,0,0,0,1.0,1.0,1.0,0.0,0.0,0.0,1,0,0
4549,41,15,26,4,20,8,9,8,5,1,2,0,0,0,0,0,0,0,0,0,0,0,0,1.0,1.0,1.0,0.0,0.0,0.0,1,0,0
4550,41,15,26,4,20,8,9,8,5,1,1,0,0,0,0,0,0,0,0,0,0,0,0,1.0,1.0,1.0,0.0,0.0,0.0,1,0,0
4551,41,15,26,4,20,8,9,8,6,1,1,0,0,0,0,0,4,1,0,0,0,0,0,1.0,1.0,1.0,0.0,0.0,0.25,1,0,0
4552,40,15,25,4,20,8,8,7,5,1,1,0,0,0,0,0,0,0,0,0,0,0,0,1.0,1.0,0.875,0.0,0.0,0.0,1,0,1
4553,40,15,25,4,20,8,8,7,5,1,1,0,0,0,0,0,0,0,0,0,0,0,0,1.0,1.0,1.0,0.0,0.0,0.0,1,0,0
4554,40,15,25,4,20,8,8,7,5,1,1,0,0,0,0,0,0,0,0,0,0,0,0,1.0,1.0,1.0,0.0,0.0,0.0,1,0,0
4555,40,15,25,4,20,8,8,7,5,1,1,0,0,0,0,0,0,0,0,0,0,0,0,1.0,1.0,1.0,0.0,0.0,0.0,1,0,0
4556,40,15,25,4,20,8,8,7,5,1,1,0,0,0,0,0,0,0,0,0,0,0,0,1.0,1.0,1.0,0.0,0.0,0.0,1,0,0
4557,40,15,25,4,20,8,8,7,5,1,1,0,0,0,0,0,0,0,0,0,0,0,0,1.0,1.0,1.0,0.0,0.0,0.0,1,0,0
4558,40,15,25,4,20,8,8,7,5,1,1,0,0,0,0,0,0,0,0,0,0,0,0,1.0,1.0,1.0,0.0,0.0,0.0,1,0,0
4559,40,15,25,4,20,8,8,7,5,1,1,0,0,0,0,0,0,0,0,0,0,1,0,1.0,1.0,1.0,0.0,0.0,0.0,1,0,0
4560,40,15,25,4,20,8,8,7,5,1,1,0,0,0,0,0,0,0,0,0,0,1,0,1.0,1.0,1.0,0.0,0.0,0.0,1,0,0
4561,40,15,25,4,20,8,8,7,5,1,1,0,0,0,0,0,0,0,0,0,0,0,0,1.0,1.0,1.0,0.0,0.0,0.0,1,0,0
4562,40,15,25,4,20,8,8,7,5,1,1,0,0,0,0,0,0,0,0,0,0,0,0,1.0,1.0,1.0,0.0,0.0,0.0,1,0,0
4563,36,14,22,3,16,9,8,7,5,1,1,0,0,1,3,0,0,0,0,0,4,0,4,0.8260869565217391,1.0,1.0,0.0,0.0,0.0,1,0,4
4564,34,12,22,3,15,9,7,7,5,1,1,0,0,2,0,0,0,0,0,0,0,0,2,1.0,0.0,1.0,0.0,0.0,0.0,1,0,2
4565,34,12,22,3,15,9,7,7,5,1,1,0,0,0,0,0,0,0,0,0,0,0,0,1.0,1.0,1.0,0.0,0.0,0.0,1,0,0
4566,33,12,21,3,14,9,7,7,5,1,1,0,0,0,1,0,0,0,0,0,1,0,1,0.9444444444444444,1.0,1.0,0.0,0.0,0.0,1,0,1
4567,33,12,21,3,14,9,7,7,5,1,1,0,0,0,0,0,0,0,0,0,0,0,0,1.0,1.0,1.0,0.0,0.0,0.0,1,0,0
4568,31,12,19,3,12,9,7,7,5,1,1,0,0,0,2,0,0,0,0,0,2,0,2,0.8823529411764706,1.0,1.0,0.0,0.0,0.0,1,0,2
4569,30,11,19,3,12,8,7,7,5,1,1,0,0,1,0,0,0,0,0,0,0,0,1,1.0,1.0,1.0,0.0,0.0,0.0,1,0,1
4570,30,11,19,3,12,8,7,7,5,1,1,0,0,0,0,0,0,0,0,0,0,0,0,1.0,1.0,1.0,0.0,0.0,0.0,1,0,0
4571,30,11,19,3,12,8,7,7,5,1,1,0,0,0,0,0,0,0,0,0,0,0,0,1.0,1.0,1.0,0.0,0.0,0.0,1,0,0
4572,30,11,19,0,15,8,7,7,5,1,1,0,0,0,0,0,0,0,0,0,0,0,0,1.0,1.0,1.0,0.0,0.0,0.0,1,0,0
4573,30,11,19,0,15,8,7,7,5,1,1,0,0,0,0,0,0,0,0,0,0,0,0,1.0,1.0,1.0,0.0,0.0,0.0,1,0,0
4574,30,11,19,0,15,8,7,7,5,1,0,0,0,0,0,0,0,0,0,0,0,0,0,1.0,1.0,1.0,0.0,0.0,0.0,1,0,0
4575,30,11,19,0,15,8,7,7,5,1,0,0,0,0,0,0,0,0,0,0,0,0,0,1.0,1.0,1.0,0.0,0.0,0.0,1,0,0
4576,30,11,19,0,15,8,7,7,5,1,0,0,0,0,0,0,0,0,0,0,0,0,0,1.0,1.0,1.0,0.0,0.0,0.0,1,0,0
4577,30,11,19,0,15,8,7,7,5,1,0,0,0,0,0,0,0,0,0,0,0,0,0,1.0,1.0,1.0,0.0,0.0,0.0,1,0,0
4578,30,11,19,0,15,8,7,7,5,1,0,0,0,0,0,0,0,0,0,0,0,0,0,1.0,1.0,1.0,0.0,0.0,0.0,1,0,0
4579,30,11,19,0,15,8,7,7,5,1,0,0,0,0,0,0,0,0,0,0,0,0,0,1.0,1.0,1.0,0.0,0.0,0.0,1,0,0
4580,30,11,19,0,15,8,7,7,5,1,0,0,0,0,0,0,0,0,0,0,0,0,0,1.0,1.0,1.0,0.0,0.0,0.0,1,0,0
4581,30,11,19,0,15,8,7,7,5,1,0,0,0,0,0,0,0,0,0,0,0,0,0,1.0,1.0,1.0,0.0,0.0,0.0,1,0,0
4582,33,13,20,3,15,8,7,7,4,0,1,0,0,0,0,0,0,0,0,1,0,0,0,1.0,1.0,1.0,0.1,0.1,0.0,1,3,0
4583,33,13,20,3,15,8,7,7,4,0,1,0,0,0,0,0,0,0,0,0,0,0,0,1.0,1.0,1.0,0.0,0.0,0.0,1,0,0
4584,33,13,20,3,15,8,7,7,4,0,1,0,0,0,0,0,0,0,0,0,0,0,0,1.0,1.0,1.0,0.0,0.0,0.0,1,0,0
4585,33,13,20,3,15,8,7,7,4,0,1,0,0,0,0,0,0,0,0,0,0,0,0,1.0,1.0,1.0,0.0,0.0,0.0,1,0,0
4586,33,13,20,3,15,8,7,7,4,0,1,0,0,0,0,0,0,0,0,0,0,0,0,1.0,1.0,1.0,0.0,0.0,0.0,1,0,0
4587,37,16,21,7,15,7,8,7,4,0,2,0,0,0,0,0,8,1,0,1,0,0,0,1.0,1.0,1.0,0.12121212121212122,0.12121212121212122,0.125,1,4,0
4588,41,19,22,11,15,7,8,7,3,0,3,0,0,0,0,0,6,0,0,1,0,0,0,1.0,1.0,1.0,0.10810810810810811,0.10810810810810811,0.0,1,4,0
4589,41,19,22,11,15,7,8,7,3,0,3,0,0,0,0,0,4,0,0,0,0,0,0,1.0,1.0,1.0,0.0,0.0,0.0,1,0,0
4590,47,19,28,17,15,7,8,7,2,0,5,0,0,0,0,0,2,1,0,2,1,0,1,0.9615384615384616,1.0,1.0,0.17073170731707318,0.17073170731707318,0.5,1,7,1
4591,47,19,28,17,15,7,8,7,2,0,5,0,0,0,0,0,0,0,0,0,0,0,0,1.0,1.0,1.0,0.0,0.0,0.0,1,0,0
4592,47,19,28,17,15,7,8,7,2,0,5,0,0,0,0,0,0,0,0,0,0,0,0,1.0,1.0,1.0,0.0,0.0,0.0,1,0,0
4593,47,19,28,17,15,7,8,7,2,0,5,0,0,0,0,0,0,0,0,0,0,0,0,1.0,1.0,1.0,0.0,0.0,0.0,1,0,0
4594,47,19,28,17,15,7,8,7,2,0,5,0,0,0,0,0,0,0,0,0,0,0,0,1.0,1.0,1.0,0.0,0.0,0.0,1,0,0
4595,47,19,28,17,15,7,8,7,2,0,5,0,0,0,0,0,0,0,0,0,0,0,0,1.0,1.0,1.0,0.0,0.0,0.0,1,0,0
4596,46,19,27,17,14,7,8,7,2,0,5,0,0,0,0,0,0,0,0,0,1,0,1,0.96875,1.0,1.0,0.0,0.0,0.0,1,0,1
4597,46,19,27,17,14,7,8,7,2,0,5,0,0,0,0,0,0,0,0,0,0,0,0,1.0,1.0,1.0,0.0,0.0,0.0,1,0,0
4598,46,19,27,17,14,7,8,7,2,0,5,0,0,0,0,0,0,0,0,0,0,0,0,1.0,1.0,1.0,0.0,0.0,0.0,1,0,0
4599,46,19,27,17,14,7,8,7,2,0,5,0,0,0,0,0,0,0,0,0,0,0,0,1.0,1.0,1.0,0.0,0.0,0.0,1,0,0
4600,46,19,27,17,14,7,8,7,2,0,5,0,0,0,0,0,0,0,0,0,0,0,0,1.0,1.0,1.0,0.0,0.0,0.0,1,0,0
4601,46,19,27,17,14,6,9,7,2,0,5,0,0,0,0,0,0,0,0,0,0,0,0,1.0,1.0,1.0,0.0,0.0,0.0,1,0,0
4602,46,19,27,17,14,6,9,7,2,0,5,0,0,0,0,0,0,0,0,0,0,0,0,1.0,1.0,1.0,0.0,0.0,0.0,1,0,0
4603,46,19,27,17,14,6,9,7,2,0,5,0,0,0,0,0,0,0,0,0,0,0,0,1.0,1.0,1.0,0.0,0.0,0.0,1,0,0
4604,46,19,27,17,14,6,9,7,2,0,5,0,0,0,0,0,0,0,0,0,0,0,0,1.0,1.0,1.0,0.0,0.0,0.0,1,0,0
4605,46,19,27,17,14,6,9,7,2,0,5,0,0,0,0,0,0,0,0,0,0,0,0,1.0,1.0,1.0,0.0,0.0,0.0,1,0,0
4606,46,19,27,17,14,6,9,7,2,0,5,0,0,0,0,0,0,0,0,0,0,0,0,1.0,1.0,1.0,0.0,0.0,0.0,1,0,0
4607,46,19,27,17,14,6,9,7,2,0,5,0,0,0,0,0,0,0,0,0,0,0,0,1.0,1.0,1.0,0.0,0.0,0.0,1,0,0
4608,46,19,27,17,14,6,9,7,2,0,5,0,0,0,0,0,0,0,0,0,0,0,0,1.0,1.0,1.0,0.0,0.0,0.0,1,0,0
4609,46,19,27,17,14,6,9,7,2,0,5,0,0,0,0,0,0,0,0,0,0,0,0,1.0,1.0,1.0,0.0,0.0,0.0,1,0,0
4610,45,18,27,16,14,6,9,7,2,0,5,0,0,0,0,0,0,0,0,0,1,0,1,0.967741935483871,1.0,1.0,0.0,0.0,0.0,1,0,1
4611,45,18,27,16,14,6,9,7,2,0,5,0,0,0,0,0,0,0,0,0,0,0,0,1.0,1.0,1.0,0.0,0.0,0.0,1,0,0
4612,44,18,26,16,13,6,9,7,2,0,5,0,0,0,0,0,0,0,0,0,1,0,1,0.9666666666666667,1.0,1.0,0.0,0.0,0.0,1,0,1
4613,44,18,26,16,13,6,9,7,2,0,5,0,0,0,0,0,0,0,0,0,0,0,0,1.0,1.0,1.0,0.0,0.0,0.0,1,0,0
4614,44,18,26,16,13,5,10,8,2,0,5,0,0,0,0,0,0,0,0,0,0,0,0,1.0,1.0,1.0,0.0,0.0,0.0,1,0,0
4615,44,18,26,16,13,5,10,8,2,0,5,0,0,0,0,0,0,0,0,0,0,0,0,1.0,1.0,1.0,0.0,0.0,0.0,1,0,0
4616,44,18,26,16,13,5,10,8,2,0,5,0,0,0,0,0,0,0,0,0,0,0,0,1.0,1.0,1.0,0.0,0.0,0.0,1,0,0
4617,44,18,26,16,13,5,10,8,2,0,5,0,0,0,0,0,0,0,0,0,0,0,0,1.0,1.0,1.0,0.0,0.0,0.0,1,0,0
4618,44,18,26,16,13,4,11,9,3,0,5,0,0,0,0,0,6,1,0,0,0,0,0,1.0,1.0,1.0,0.0,0.0,0.16666666666666666,1,0,0
4619,44,18,26,16,13,4,11,9,4,0,5,0,0,0,0,0,8,1,0,0,0,0,0,1.0,1.0,1.0,0.0,0.0,0.125,1,0,0
4620,44,18,26,16,13,4,11,9,4,0,5,0,0,0,0,0,0,0,0,0,0,0,0,1.0,1.0,1.0,0.0,0.0,0.0,1,0,0
4621,44,18,26,16,13,4,11,9,4,0,5,0,0,0,0,0,0,0,0,0,0,0,0,1.0,1.0,1.0,0.0,0.0,0.0,1,0,0
4622,44,18,26,16,13,4,11,9,4,0,5,0,0,0,0,0,0,0,0,0,0,0,0,1.0,1.0,1.0,0.0,0.0,0.0,1,0,0
4623,44,18,26,16,13,4,11,9,4,0,5,0,0,0,0,0,0,0,0,0,0,0,0,1.0,1.0,1.0,0.0,0.0,0.0,1,0,0
4624,44,18,26,16,13,4,11,9,4,0,5,0,0,0,0,0,0,0,0,0,0,0,0,1.0,1.0,1.0,0.0,0.0,0.0,1,0,0
4625,44,18,26,13,16,4,11,9,4,0,5,0,0,0,0,0,0,0,0,0,0,0,0,1.0,1.0,1.0,0.0,0.0,0.0,1,0,0
4626,44,18,26,13,16,4,11,9,4,0,5,0,0,0,0,0,0,0,0,0,0,0,0,1.0,1.0,1.0,0.0,0.0,0.0,1,0,0
4627,44,18,26,13,16,4,11,9,4,0,4,0,0,0,0,0,0,0,0,0,0,0,0,1.0,1.0,1.0,0.0,0.0,0.0,1,0,0
4628,44,18,26,13,16,4,11,9,4,0,4,0,0,0,0,0,1,0,0,0,0,0,0,1.0,1.0,1.0,0.0,0.0,0.0,1,0,0
4629,44,18,26,13,16,4,11,9,4,1,4,0,0,0,0,0,2,0,1,0,0,0,0,1.0,1.0,1.0,0.0,0.0,0.0,1,0,0
4630,44,18,26,10,19,4,11,9,4,1,4,0,0,0,0,0,0,0,0,0,0,0,0,1.0,1.0,1.0,0.0,0.0,0.0,1,0,0
4631,43,18,25,7,21,4,11,9,4,1,4,0,0,0,0,0,0,0,0,0,1,0,1,0.9655172413793104,1.0,1.0,0.0,0.0,0.0,1,0,1
4632,42,18,24,7,21,4,10,8,4,1,2,0,0,0,0,0,0,0,0,0,0,0,0,1.0,1.0,0.8888888888888888,0.0,0.0,0.0,1,0,1
4633,42,18,24,0,28,4,10,8,5,1,2,0,0,0,0,0,5,1,0,0,0,0,0,1.0,1.0,1.0,0.0,0.0,0.2,1,0,0
4634,42,18,24,0,28,4,10,8,5,1,2,0,0,0,0,0,0,0,0,0,0,0,0,1.0,1.0,1.0,0.0,0.0,0.0,1,0,0
4635,42,18,24,0,28,4,10,8,5,1,0,0,0,0,0,0,0,0,0,0,0,0,0,1.0,1.0,1.0,0.0,0.0,0.0,1,0,0
4636,42,18,24,0,28,4,10,8,5,1,0,0,0,0,0,0,2,0,0,0,0,0,0,1.0,1.0,1.0,0.0,0.0,0.0,1,0,0
4637,42,18,24,0,28,4,10,8,6,2,0,0,0,0,0,0,5,1,1,0,0,0,0,1.0,1.0,1.0,0.0,0.0,0.2,1,0,0
4638,42,18,24,0,28,4,10,8,6,2,0,0,0,0,0,0,0,0,0,0,0,0,0,1.0,1.0,1.0,0.0,0.0,0.0,1,0,0
4639,42,18,24,0,28,4,10,8,6,2,0,0,0,0,0,0,0,0,0,0,0,0,0,1.0,1.0,1.0,0.0,0.0,0.0,1,0,0
4640,42,18,24,0,28,4,10,8,6,2,0,0,0,0,0,0,0,0,0,0,0,0,0,1.0,1.0,1.0,0.0,0.0,0.0,1,0,0
4641,42,18,24,0,28,4,10,8,6,2,0,0,0,0,0,0,0,0,0,0,0,0,0,1.0,1.0,1.0,0.0,0.0,0.0,1,0,0
4642,42,18,24,0,28,4,10,8,6,2,0,0,0,0,0,0,0,0,0,0,0,0,0,1.0,1.0,1.0,0.0,0.0,0.0,1,0,0
4643,42,18,24,0,28,4,10,8,6,2,0,0,0,0,0,0,0,0,0,0,0,0,0,1.0,1.0,1.0,0.0,0.0,0.0,1,0,0
4644,42,18,24,0,28,2,12,8,6,2,0,0,0,0,0,0,0,0,0,0,0,0,0,1.0,1.0,1.0,0.0,0.0,0.0,1,0,0
4645,41,17,24,0,27,2,12,8,6,2,0,0,0,0,0,0,0,0,0,0,1,0,1,0.9642857142857143,1.0,1.0,0.0,0.0,0.0,1,0,1
4646,41,17,24,0,27,2,12,8,6,2,0,0,0,0,0,0,0,0,0,0,0,0,0,1.0,1.0,1.0,0.0,0.0,0.0,1,0,0
4647,41,17,24,0,27,2,12,8,6,2,0,0,0,0,0,0,0,0,0,0,0,0,0,1.0,1.0,1.0,0.0,0.0,0.0,1,0,0
4648,41,17,24,0,27,2,12,8,6,2,0,0,0,0,0,0,0,0,0,0,0,0,0,1.0,1.0,1.0,0.0,0.0,0.0,1,0,0
4649,41,17,24,0,27,2,12,8,6,2,0,0,0,0,0,0,0,0,0,0,0,0,0,1.0,1.0,1.0,0.0,0.0,0.0,1,0,0
4650,41,17,24,0,27,2,12,8,6,2,0,0,0,0,0,0,0,0,0,0,0,0,0,1.0,1.0,1.0,0.0,0.0,0.0,1,0,0
4651,41,17,24,0,27,2,12,8,6,2,0,0,0,0,0,0,0,0,0,0,0,0,0,1.0,1.0,1.0,0.0,0.0,0.0,1,0,0
4652,45,19,26,4,27,2,12,8,5,2,1,0,0,0,0,0,0,0,0,1,0,0,0,1.0,1.0,1.0,0.0975609756097561,0.0975609756097561,0.0,1,4,0
4653,44,19,25,4,26,2,12,8,5,2,1,0,0,0,0,0,0,0,0,0,1,0,1,0.967741935483871,1.0,1.0,0.0,0.0,0.0,1,0,1
4654,42,19,23,4,24,2,12,8,5,2,1,0,0,0,2,0,0,0,0,0,2,0,2,0.9333333333333333,1.0,1.0,0.0,0.0,0.0,1,0,2
4655,43,20,23,7,22,2,12,8,4,2,2,0,0,1,1,0,0,0,0,1,2,0,2,0.9285714285714286,1.0,1.0,0.07142857142857142,0.07142857142857142,0.0,1,3,2
4656,42,20,22,7,21,2,12,8,4,2,2,0,0,0,0,0,0,0,0,0,1,0,1,0.9655172413793104,1.0,1.0,0.0,0.0,0.0,1,0,1
4657,42,20,22,7,21,2,12,8,4,2,2,0,0,0,0,0,0,0,0,0,0,4,0,1.0,1.0,1.0,0.0,0.0,0.0,1,0,0
4658,42,20,22,7,21,2,12,8,4,2,2,0,0,0,0,0,0,0,0,0,0,0,0,1.0,1.0,1.0,0.0,0.0,0.0,1,0,0
4659,39,18,21,7,19,2,11,8,4,2,2,0,0,2,1,0,0,0,0,0,2,0,3,0.9285714285714286,0.75,1.0,0.0,0.0,0.0,1,0,3
4660,38,17,21,6,19,2,11,8,4,2,2,0,0,1,0,0,0,0,0,0,1,0,1,0.9615384615384616,1.0,1.0,0.0,0.0,0.0,1,0,1
4661,38,17,21,6,15,6,11,8,4,2,2,0,0,0,0,0,0,0,0,0,0,0,0,1.0,1.0,1.0,0.0,0.0,0.0,1,0,0
4662,38,17,21,6,15,6,11,8,4,2,2,0,0,0,0,0,0,0,0,0,0,0,0,1.0,1.0,1.0,0.0,0.0,0.0,1,0,0
4663,38,17,21,6,15,6,11,8,4,2,2,0,0,0,0,0,0,0,0,0,0,0,0,1.0,1.0,1.0,0.0,0.0,0.0,1,0,0
4664,38,17,21,6,15,6,11,8,4,2,2,0,0,0,0,0,0,0,0,0,0,0,0,1.0,1.0,1.0,0.0,0.0,0.0,1,0,0
4665,38,17,21,6,15,5,12,8,4,2,2,0,0,0,0,0,0,0,0,0,0,0,0,1.0,1.0,1.0,0.0,0.0,0.0,1,0,0
4666,38,17,21,6,15,5,12,8,4,2,2,0,0,0,0,0,0,0,0,0,0,0,0,1.0,1.0,1.0,0.0,0.0,0.0,1,0,0
4667,38,17,21,6,15,5,12,8,4,2,2,0,0,0,0,0,0,0,0,0,0,0,0,1.0,1.0,1.0,0.0,0.0,0.0,1,0,0
4668,38,17,21,6,15,5,12,8,4,2,2,0,0,0,0,0,0,0,0,0,0,0,0,1.0,1.0,1.0,0.0,0.0,0.0,1,0,0
4669,38,17,21,6,15,5,12,8,4,2,2,0,0,0,0,0,0,0,0,0,0,0,0,1.0,1.0,1.0,0.0,0.0,0.0,1,0,0
4670,38,17,21,6,15,5,12,8,4,2,2,0,0,0,0,0,0,0,0,0,0,0,0,1.0,1.0,1.0,0.0,0.0,0.0,1,0,0
4671,38,17,21,6,15,5,12,8,4,2,2,0,0,0,0,0,0,0,0,0,0,1,0,1.0,1.0,1.0,0.0,0.0,0.0,1,0,0
4672,38,17,21,6,15,5,12,8,4,2,2,0,0,0,0,0,0,0,0,0,0,0,0,1.0,1.0,1.0,0.0,0.0,0.0,1,0,0
4673,38,17,21,6,15,5,12,8,4,2,2,0,0,0,0,0,0,0,0,0,0,0,0,1.0,1.0,1.0,0.0,0.0,0.0,1,0,0
4674,38,17,21,6,15,5,12,8,4,1,2,0,0,0,0,0,0,0,0,0,0,0,0,1.0,1.0,1.0,0.0,0.0,0.0,1,0,0
4675,38,17,21,6,14,6,12,8,5,1,2,0,0,0,0,0,7,1,0,0,0,0,0,1.0,1.0,1.0,0.0,0.0,0.14285714285714285,1,0,0
4676,38,17,21,6,14,6,12,8,5,1,2,0,0,0,0,0,0,0,0,0,0,0,0,1.0,1.0,1.0,0.0,0.0,0.0,1,0,0
4677,37,17,20,6,13,6,12,8,5,1,2,0,0,0,0,0,0,0,0,0,1,0,1,0.95,1.0,1.0,0.0,0.0,0.0,1,0,1
4678,37,17,20,6,13,5,13,9,5,1,2,0,0,0,0,0,0,0,0,0,0,0,0,1.0,1.0,1.0,0.0,0.0,0.0,1,0,0
4679,37,17,20,6,13,5,13,9,5,1,2,0,0,0,0,0,0,0,0,0,0,0,0,1.0,1.0,1.0,0.0,0.0,0.0,1,0,0
4680,37,17,20,6,13,5,13,9,5,1,2,0,0,0,0,0,0,0,0,0,0,0,0,1.0,1.0,1.0,0.0,0.0,0.0,1,0,0
4681,37,17,20,6,13,5,13,9,5,1,2,0,0,0,0,0,0,0,0,0,0,0,0,1.0,1.0,1.0,0.0,0.0,0.0,1,0,0
4682,37,17,20,6,13,5,13,9,5,0,2,0,0,0,0,0,0,0,0,0,0,0,0,1.0,1.0,1.0,0.0,0.0,0.0,1,0,0
4683,41,18,23,10,13,5,13,9,4,0,3,0,0,0,0,0,0,0,0,1,0,0,0,1.0,1.0,1.0,0.10810810810810811,0.10810810810810811,0.0,1,4,0
4684,44,19,25,13,13,5,13,9,3,0,4,0,0,0,0,0,0,0,0,1,0,0,0,1.0,1.0,1.0,0.07317073170731707,0.07317073170731707,0.0,1,3,0
4685,44,19,25,13,13,5,13,9,3,0,4,0,0,0,0,0,0,0,0,0,0,1,0,1.0,1.0,1.0,0.0,0.0,0.0,1,0,0
4686,44,19,25,13,13,5,13,9,3,0,4,0,0,0,0,0,0,0,0,0,0,0,0,1.0,1.0,1.0,0.0,0.0,0.0,1,0,0
4687,44,19,25,13,13,5,13,9,3,0,4,0,0,0,0,0,0,0,0,0,0,0,0,1.0,1.0,1.0,0.0,0.0,0.0,1,0,0
4688,44,19,25,13,13,5,13,9,3,0,4,0,0,0,0,0,0,0,0,0,0,0,0,1.0,1.0,1.0,0.0,0.0,0.0,1,0,0
4689,44,19,25,13,12,6,13,9,3,0,4,0,0,0,0,0,0,0,0,0,0,0,0,1.0,1.0,1.0,0.0,0.0,0.0,1,0,0
4690,43,19,24,12,12,6,13,9,3,0,4,0,0,0,0,0,0,0,0,0,1,0,1,0.96,1.0,1.0,0.0,0.0,0.0,1,0,1
4691,43,19,24,12,12,6,13,9,3,0,4,0,0,0,0,0,0,0,0,0,0,0,0,1.0,1.0,1.0,0.0,0.0,0.0,1,0,0
4692,43,19,24,12,12,6,13,9,3,0,4,0,0,0,0,0,0,0,0,0,0,0,0,1.0,1.0,1.0,0.0,0.0,0.0,1,0,0
4693,43,19,24,12,12,6,13,9,3,0,4,0,0,0,0,0,0,0,0,0,0,0,0,1.0,1.0,1.0,0.0,0.0,0.0,1,0,0
4694,43,19,24,12,12,6,13,9,3,0,4,0,0,0,0,0,0,0,0,0,0,0,0,1.0,1.0,1.0,0.0,0.0,0.0,1,0,0
4695,43,19,24,9,15,6,13,9,3,0,4,0,0,0,0,0,0,0,0,0,0,0,0,1.0,1.0,1.0,0.0,0.0,0.0,1,0,0
4696,43,19,24,9,15,6,13,9,3,0,4,0,0,0,0,0,0,0,0,0,0,0,0,1.0,1.0,1.0,0.0,0.0,0.0,1,0,0
4697,42,18,24,9,15,5,13,9,3,0,3,0,0,0,0,0,0,0,0,0,0,0,0,1.0,1.0,1.0,0.0,0.0,0.0,1,0,1
4698,45,20,25,9,18,5,13,9,2,0,4,0,0,0,0,0,0,0,0,1,0,0,0,1.0,1.0,1.0,0.07142857142857142,0.07142857142857142,0.0,1,3,0
4699,45,20,25,9,18,5,13,9,2,0,4,0,0,0,0,0,0,0,0,0,0,0,0,1.0,1.0,1.0,0.0,0.0,0.0,1,0,0
4700,44,19,25,9,17,5,13,9,2,0,3,0,0,0,0,0,0,0,0,0,1,0,1,0.962962962962963,1.0,1.0,0.0,0.0,0.0,1,0,1
4701,44,19,25,9,17,5,13,9,2,0,3,0,0,0,0,0,0,0,0,0,0,0,0,1.0,1.0,1.0,0.0,0.0,0.0,1,0,0
4702,47,21,26,13,16,5,13,9,1,0,4,0,0,0,0,0,0,0,0,1,1,0,1,0.9615384615384616,1.0,1.0,0.09090909090909091,0.09090909090909091,0.0,1,4,1
4703,47,21,26,13,16,5,13,9,1,0,4,0,0,0,0,0,0,0,0,0,0,0,0,1.0,1.0,1.0,0.0,0.0,0.0,1,0,0
4704,47,21,26,13,16,5,13,9,1,0,4,0,0,0,0,0,0,0,0,0,0,0,0,1.0,1.0,1.0,0.0,0.0,0.0,1,0,0
4705,47,21,26,13,16,5,13,9,1,0,4,0,0,0,0,0,0,0,0,0,0,0,0,1.0,1.0,1.0,0.0,0.0,0.0,1,0,0
4706,47,21,26,13,16,5,13,9,1,0,4,0,0,0,0,0,0,0,0,0,0,0,0,1.0,1.0,1.0,0.0,0.0,0.0,1,0,0
4707,47,21,26,13,16,5,13,9,1,0,4,0,0,0,0,0,0,0,0,0,0,0,0,1.0,1.0,1.0,0.0,0.0,0.0,1,0,0
4708,47,21,26,13,16,5,13,9,1,0,4,0,0,0,0,0,0,0,0,0,0,0,0,1.0,1.0,1.0,0.0,0.0,0.0,1,0,0
4709,47,21,26,13,16,5,13,9,1,0,4,0,0,0,0,0,0,0,0,0,0,0,0,1.0,1.0,1.0,0.0,0.0,0.0,1,0,0
4710,46,20,26,13,15,5,13,9,1,0,4,0,0,0,0,0,0,0,0,0,1,0,1,0.9655172413793104,1.0,1.0,0.0,0.0,0.0,1,0,1
4711,46,20,26,13,15,5,13,9,1,0,4,0,0,0,0,0,0,0,0,0,0,0,0,1.0,1.0,1.0,0.0,0.0,0.0,1,0,0
4712,46,20,26,13,15,5,13,9,1,0,4,0,0,0,0,0,0,0,0,0,0,0,0,1.0,1.0,1.0,0.0,0.0,0.0,1,0,0
4713,46,20,26,13,15,5,13,9,1,0,4,0,0,0,0,0,0,0,0,0,0,0,0,1.0,1.0,1.0,0.0,0.0,0.0,1,0,0
4714,46,20,26,13,15,5,13,9,1,0,4,0,0,0,0,0,0,0,0,0,0,0,0,1.0,1.0,1.0,0.0,0.0,0.0,1,0,0
4715,46,20,26,13,15,5,13,9,1,0,4,0,0,0,0,0,0,0,0,0,0,0,0,1.0,1.0,1.0,0.0,0.0,0.0,1,0,0
4716,46,20,26,13,15,5,13,9,1,0,4,0,0,0,0,0,0,0,0,0,0,0,0,1.0,1.0,1.0,0.0,0.0,0.0,1,0,0
4717,46,20,26,13,15,5,13,9,1,0,4,0,0,0,0,0,0,0,0,0,0,0,0,1.0,1.0,1.0,0.0,0.0,0.0,1,0,0
4718,46,20,26,13,15,5,13,9,1,0,4,0,0,0,0,0,0,0,0,0,0,0,0,1.0,1.0,1.0,0.0,0.0,0.0,1,0,0
4719,46,20,26,13,15,5,13,9,1,0,4,0,0,0,0,0,0,0,0,0,0,0,0,1.0,1.0,1.0,0.0,0.0,0.0,1,0,0
4720,46,20,26,13,15,5,13,9,1,0,4,0,0,0,0,0,0,0,0,0,0,0,0,1.0,1.0,1.0,0.0,0.0,0.0,1,0,0
4721,45,19,26,12,15,5,13,9,1,0,4,0,0,0,0,0,0,0,0,0,1,0,1,0.9642857142857143,1.0,1.0,0.0,0.0,0.0,1,0,1
4722,45,19,26,12,15,5,13,9,1,0,4,0,0,0,0,0,0,0,0,0,0,0,0,1.0,1.0,1.0,0.0,0.0,0.0,1,0,0
4723,44,18,26,12,14,5,13,9,1,0,4,0,0,0,0,0,0,0,0,0,1,0,1,0.962962962962963,1.0,1.0,0.0,0.0,0.0,1,0,1
4724,44,18,26,12,14,5,13,9,1,0,4,0,0,0,0,0,0,0,0,0,0,0,0,1.0,1.0,1.0,0.0,0.0,0.0,1,0,0
4725,44,18,26,12,14,5,13,9,1,0,4,0,0,0,0,0,0,0,0,0,0,0,0,1.0,1.0,1.0,0.0,0.0,0.0,1,0,0
4726,44,18,26,8,18,5,13,9,1,0,4,0,0,0,0,0,0,0,0,0,0,0,0,1.0,1.0,1.0,0.0,0.0,0.0,1,0,0
4727,43,18,25,7,18,5,13,9,1,0,4,0,0,0,0,0,0,0,0,0,1,0,1,0.9615384615384616,1.0,1.0,0.0,0.0,0.0,1,0,1
4728,42,18,24,7,18,5,12,8,1,0,3,0,0,0,0,0,0,0,0,0,0,0,0,1.0,1.0,0.8888888888888888,0.0,0.0,0.0,1,0,1
4729,42,18,24,7,18,5,12,8,1,0,2,0,0,0,0,0,0,0,0,0,0,0,0,1.0,1.0,1.0,0.0,0.0,0.0,1,0,0
4730,42,18,24,7,18,5,12,8,1,0,2,0,0,0,0,0,0,0,0,0,0,0,0,1.0,1.0,1.0,0.0,0.0,0.0,1,0,0
4731,42,18,24,7,18,5,12,8,1,0,2,0,0,0,0,0,0,0,0,0,0,0,0,1.0,1.0,1.0,0.0,0.0,0.0,1,0,0
4732,42,18,24,7,18,5,12,8,1,0,2,0,0,0,0,0,0,0,0,0,0,0,0,1.0,1.0,1.0,0.0,0.0,0.0,1,0,0
4733,42,18,24,7,18,5,12,8,1,0,2,0,0,0,0,0,0,0,0,0,0,0,0,1.0,1.0,1.0,0.0,0.0,0.0,1,0,0
4734,40,16,24,6,18,4,12,8,1,0,2,0,0,0,0,0,0,0,0,0,1,0,1,0.96,1.0,1.0,0.0,0.0,0.0,1,0,2
4735,39,15,24,5,18,4,12,8,1,0,2,0,0,0,0,0,0,0,0,0,1,0,1,0.9583333333333334,1.0,1.0,0.0,0.0,0.0,1,0,1
4736,39,15,24,5,18,4,12,8,1,0,2,0,0,0,0,0,0,0,0,0,0,0,0,1.0,1.0,1.0,0.0,0.0,0.0,1,0,0
4737,39,15,24,5,18,4,12,8,1,0,2,0,0,0,0,0,0,0,0,0,0,0,0,1.0,1.0,1.0,0.0,0.0,0.0,1,0,0
4738,39,15,24,5,18,4,12,8,1,0,2,0,0,0,0,0,0,0,0,0,0,0,0,1.0,1.0,1.0,0.0,0.0,0.0,1,0,0
4739,39,15,24,5,18,4,12,8,1,0,2,0,0,0,0,0,0,0,0,0,0,0,0,1.0,1.0,1.0,0.0,0.0,0.0,1,0,0
4740,41,17,24,8,17,4,12,8,0,0,3,0,0,0,0,0,0,0,0,1,1,0,1,0.9565217391304348,1.0,1.0,0.07692307692307693,0.07692307692307693,0.0,1,3,1
4741,41,17,24,6,19,4,12,8,0,0,3,0,0,0,0,0,0,0,0,0,0,0,0,1.0,1.0,1.0,0.0,0.0,0.0,1,0,0
4742,41,17,24,6,19,4,12,8,0,0,3,0,0,0,0,0,0,0,0,0,0,0,0,1.0,1.0,1.0,0.0,0.0,0.0,1,0,0
4743,41,17,24,6,19,4,12,8,0,0,2,0,0,0,0,0,0,0,0,0,0,0,0,1.0,1.0,1.0,0.0,0.0,0.0,1,0,0
4744,41,17,24,6,19,4,12,8,0,0,2,0,0,0,0,0,0,0,0,0,0,0,0,1.0,1.0,1.0,0.0,0.0,0.0,1,0,0
4745,40,16,24,3,22,3,12,8,0,0,2,0,0,1,0,0,0,0,0,0,0,0,1,1.0,1.0,1.0,0.0,0.0,0.0,1,0,1
4746,39,16,23,3,21,3,12,8,0,0,2,0,0,0,1,0,0,0,0,0,1,0,1,0.96,1.0,1.0,0.0,0.0,0.0,1,0,1
4747,39,16,23,3,21,3,12,8,0,0,1,0,0,0,0,0,0,0,0,0,0,0,0,1.0,1.0,1.0,0.0,0.0,0.0,1,0,0
4748,36,16,20,3,19,3,11,7,0,0,1,0,0,0,3,0,0,0,0,0,2,0,3,0.9166666666666666,1.0,0.875,0.0,0.0,0.0,1,0,3
4749,36,16,20,3,19,3,11,7,0,0,1,0,0,0,0,0,0,0,0,0,0,0,0,1.0,1.0,1.0,0.0,0.0,0.0,1,0,0
4750,34,14,20,3,18,3,10,7,0,0,1,0,0,2,0,0,0,0,0,0,1,0,2,0.9545454545454546,0.75,1.0,0.0,0.0,0.0,1,0,2
4751,33,13,20,2,18,3,10,7,0,0,1,0,0,1,0,0,0,0,0,0,1,0,1,0.9523809523809523,1.0,1.0,0.0,0.0,0.0,1,0,1
4752,31,13,18,2,17,3,9,6,0,0,1,0,0,0,2,0,0,0,0,0,1,0,2,0.95,1.0,0.8571428571428572,0.0,0.0,0.0,1,0,2
4753,31,13,18,2,17,3,9,6,0,0,1,0,0,0,0,0,0,0,0,0,0,0,0,1.0,1.0,1.0,0.0,0.0,0.0,1,0,0
4754,31,13,18,2,17,3,9,6,0,0,1,0,0,0,0,0,0,0,0,0,0,0,0,1.0,1.0,1.0,0.0,0.0,0.0,1,0,0
4755,31,13,18,2,17,3,9,6,0,0,1,0,0,0,0,0,0,0,0,0,0,0,0,1.0,1.0,1.0,0.0,0.0,0.0,1,0,0
4756,31,13,18,2,17,3,9,6,0,0,1,0,0,0,0,0,0,0,0,0,0,0,0,1.0,1.0,1.0,0.0,0.0,0.0,1,0,0
4757,31,13,18,2,17,3,9,6,0,0,1,0,0,0,0,0,0,0,0,0,0,0,0,1.0,1.0,1.0,0.0,0.0,0.0,1,0,0
4758,31,13,18,2,17,3,9,6,0,0,1,0,0,0,0,0,0,0,0,0,0,0,0,1.0,1.0,1.0,0.0,0.0,0.0,1,0,0
4759,31,13,18,2,17,3,9,6,0,0,1,0,0,0,0,0,0,0,0,0,0,0,0,1.0,1.0,1.0,0.0,0.0,0.0,1,0,0
4760,31,13,18,2,17,3,9,6,0,0,1,0,0,0,0,0,0,0,0,0,0,0,0,1.0,1.0,1.0,0.0,0.0,0.0,1,0,0
4761,31,13,18,2,17,3,9,6,0,0,1,0,0,0,0,0,0,0,0,0,0,0,0,1.0,1.0,1.0,0.0,0.0,0.0,1,0,0
4762,31,13,18,2,17,3,9,6,0,0,1,0,0,0,0,0,0,0,0,0,0,1,0,1.0,1.0,1.0,0.0,0.0,0.0,1,0,0
4763,31,13,18,2,17,3,9,6,0,0,1,0,0,0,0,0,0,0,0,0,0,0,0,1.0,1.0,1.0,0.0,0.0,0.0,1,0,0
4764,31,13,18,2,17,3,9,6,0,0,1,0,0,0,0,0,0,0,0,0,0,0,0,1.0,1.0,1.0,0.0,0.0,0.0,1,0,0
4765,31,13,18,2,17,3,9,6,0,0,1,0,0,0,0,0,0,0,0,0,0,0,0,1.0,1.0,1.0,0.0,0.0,0.0,1,0,0
4766,31,13,18,2,16,4,9,6,0,0,1,0,0,0,0,0,0,0,0,0,0,0,0,1.0,1.0,1.0,0.0,0.0,0.0,1,0,0
4767,31,13,18,2,16,4,9,6,0,0,1,0,0,0,0,0,0,0,0,0,0,1,0,1.0,1.0,1.0,0.0,0.0,0.0,1,0,0
4768,31,13,18,2,16,4,9,6,0,0,1,0,0,0,0,0,0,0,0,0,0,1,0,1.0,1.0,1.0,0.0,0.0,0.0,1,0,0
4769,31,13,18,2,16,4,9,6,0,0,1,0,0,0,0,0,0,0,0,0,0,0,0,1.0,1.0,1.0,0.0,0.0,0.0,1,0,0
4770,31,13,18,2,16,4,9,6,0,0,1,0,0,0,0,0,0,0,0,0,0,2,0,1.0,1.0,1.0,0.0,0.0,0.0,1,0,0
4771,31,13,18,2,15,5,9,6,0,0,1,0,0,0,0,0,0,0,0,0,0,0,0,1.0,1.0,1.0,0.0,0.0,0.0,1,0,0
4772,31,13,18,2,14,6,9,6,0,0,1,0,0,0,0,0,0,0,0,0,0,0,0,1.0,1.0,1.0,0.0,0.0,0.0,1,0,0
4773,31,13,18,2,14,6,9,6,0,0,1,0,0,0,0,0,0,0,0,0,0,0,0,1.0,1.0,1.0,0.0,0.0,0.0,1,0,0
4774,31,13,18,2,12,8,9,6,0,0,1,0,0,0,0,0,0,0,0,0,0,0,0,1.0,1.0,1.0,0.0,0.0,0.0,1,0,0
4775,31,13,18,2,12,8,9,6,0,0,1,0,0,0,0,0,4,0,0,0,0,0,0,1.0,1.0,1.0,0.0,0.0,0.0,1,0,0
4776,31,13,18,2,12,8,9,6,0,1,1,0,0,0,0,0,1,0,1,0,0,0,0,1.0,1.0,1.0,0.0,0.0,0.0,1,0,0
4777,31,13,18,2,12,8,9,6,1,1,1,0,0,0,0,0,4,1,0,0,0,0,0,1.0,1.0,1.0,0.0,0.0,0.25,1,0,0
4778,31,13,18,2,12,8,9,6,1,1,1,0,0,0,0,0,1,0,0,0,0,0,0,1.0,1.0,1.0,0.0,0.0,0.0,1,0,0
4779,31,13,18,2,12,8,9,6,2,2,1,0,0,0,0,0,4,1,1,0,0,0,0,1.0,1.0,1.0,0.0,0.0,0.25,1,0,0
4780,31,13,18,2,12,8,9,6,2,2,1,0,0,0,0,0,0,0,0,0,0,0,0,1.0,1.0,1.0,0.0,0.0,0.0,1,0,0
4781,31,13,18,2,12,8,9,6,2,2,1,0,0,0,0,0,0,0,0,0,0,0,0,1.0,1.0,1.0,0.0,0.0,0.0,1,0,0
4782,31,13,18,2,12,8,9,6,2,2,1,0,0,0,0,0,0,0,0,0,0,0,0,1.0,1.0,1.0,0.0,0.0,0.0,1,0,0
4783,31,13,18,0,14,8,9,6,2,2,1,0,0,0,0,0,0,0,0,0,0,0,0,1.0,1.0,1.0,0.0,0.0,0.0,1,0,0
4784,30,12,18,0,14,7,9,7,2,2,1,0,0,0,0,0,0,0,0,0,0,0,0,1.0,0.6666666666666667,1.0,0.0,0.0,0.0,1,0,1
4785,30,12,18,0,14,7,9,7,2,2,0,0,0,0,0,0,0,0,0,0,0,0,0,1.0,1.0,1.0,0.0,0.0,0.0,1,0,0
4786,30,12,18,0,14,7,9,7,2,2,0,0,0,0,0,0,7,0,0,0,0,0,0,1.0,1.0,1.0,0.0,0.0,0.0,1,0,0
4787,30,12,18,0,14,7,9,7,3,2,0,0,0,0,0,0,8,1,0,0,0,0,0,1.0,1.0,1.0,0.0,0.0,0.125,1,0,0
4788,30,12,18,0,14,7,9,7,4,3,0,0,0,0,0,0,5,1,1,0,0,0,0,1.0,1.0,1.0,0.0,0.0,0.2,1,0,0
4789,30,12,18,0,14,7,9,7,4,3,0,0,0,0,0,0,0,0,0,0,0,0,0,1.0,1.0,1.0,0.0,0.0,0.0,1,0,0
4790,30,12,18,0,14,7,9,7,4,3,0,0,0,0,0,0,0,0,0,0,0,0,0,1.0,1.0,1.0,0.0,0.0,0.0,1,0,0
4791,30,12,18,0,14,7,9,7,4,3,0,0,0,0,0,0,0,0,0,0,0,0,0,1.0,1.0,1.0,0.0,0.0,0.0,1,0,0
4792,30,12,18,0,14,7,9,7,4,3,0,0,0,0,0,0,0,0,0,0,0,0,0,1.0,1.0,1.0,0.0,0.0,0.0,1,0,0
4793,29,11,18,0,14,7,8,7,4,3,0,0,0,0,0,0,0,0,0,0,0,0,0,1.0,0.5,1.0,0.0,0.0,0.0,1,0,1
4794,28,10,18,0,14,6,8,7,4,3,0,0,0,0,0,0,0,0,0,0,0,0,0,1.0,1.0,1.0,0.0,0.0,0.0,1,0,1
4795,28,10,18,0,14,6,8,7,4,3,0,0,0,0,0,0,0,0,0,0,0,0,0,1.0,1.0,1.0,0.0,0.0,0.0,1,0,0
4796,28,10,18,0,14,5,9,7,4,3,0,0,0,0,0,0,0,0,0,0,0,0,0,1.0,1.0,1.0,0.0,0.0,0.0,1,0,0
4797,28,10,18,0,14,5,9,7,4,3,0,0,0,0,0,0,0,0,0,0,0,0,0,1.0,1.0,1.0,0.0,0.0,0.0,1,0,0
4798,28,10,18,0,14,5,9,7,4,3,0,0,0,0,0,0,0,0,0,0,0,0,0,1.0,1.0,1.0,0.0,0.0,0.0,1,0,0
4799,28,10,18,0,14,5,9,7,4,3,0,0,0,0,0,0,0,0,0,0,0,0,0,1.0,1.0,1.0,0.0,0.0,0.0,1,0,0
4800,28,10,18,0,14,5,9,7,4,3,0,0,0,0,0,0,0,0,0,0,0,0,0,1.0,1.0,1.0,0.0,0.0,0.0,1,0,0
4801,28,10,18,0,14,5,9,7,4,3,0,0,0,0,0,0,0,0,0,0,0,0,0,1.0,1.0,1.0,0.0,0.0,0.0,1,0,0
4802,28,10,18,0,14,5,9,7,4,3,0,0,0,0,0,0,0,0,0,0,0,0,0,1.0,1.0,1.0,0.0,0.0,0.0,1,0,0
4803,28,10,18,0,14,5,9,7,4,3,0,0,0,0,0,0,0,0,0,0,0,0,0,1.0,1.0,1.0,0.0,0.0,0.0,1,0,0
4804,28,10,18,0,14,5,9,7,4,3,0,0,0,0,0,0,0,0,0,0,0,0,0,1.0,1.0,1.0,0.0,0.0,0.0,1,0,0
4805,28,10,18,0,14,5,9,7,4,3,0,0,0,0,0,0,0,0,0,0,0,0,0,1.0,1.0,1.0,0.0,0.0,0.0,1,0,0
4806,28,10,18,0,14,5,9,7,4,3,0,0,0,0,0,0,0,0,0,0,0,0,0,1.0,1.0,1.0,0.0,0.0,0.0,1,0,0
4807,28,10,18,0,14,5,9,7,4,3,0,0,0,0,0,0,0,0,0,0,0,0,0,1.0,1.0,1.0,0.0,0.0,0.0,1,0,0
4808,28,10,18,0,14,5,9,7,4,3,0,0,0,0,0,0,0,0,0,0,0,0,0,1.0,1.0,1.0,0.0,0.0,0.0,1,0,0
4809,28,10,18,0,14,5,9,7,4,3,0,0,0,0,0,0,0,0,0,0,0,0,0,1.0,1.0,1.0,0.0,0.0,0.0,1,0,0
4810,28,10,18,0,14,5,9,7,4,3,0,0,0,0,0,0,0,0,0,0,0,0,0,1.0,1.0,1.0,0.0,0.0,0.0,1,0,0
4811,28,10,18,0,14,5,9,7,4,3,0,0,0,0,0,0,0,0,0,0,0,0,0,1.0,1.0,1.0,0.0,0.0,0.0,1,0,0
4812,28,10,18,0,14,5,9,7,4,3,0,0,0,0,0,0,0,0,0,0,0,0,0,1.0,1.0,1.0,0.0,0.0,0.0,1,0,0
4813,28,10,18,0,14,4,10,8,4,3,0,0,0,0,0,0,0,0,0,0,0,0,0,1.0,1.0,1.0,0.0,0.0,0.0,1,0,0
4814,28,10,18,0,14,4,10,8,4,4,0,0,0,0,0,0,3,0,1,0,0,0,0,1.0,1.0,1.0,0.0,0.0,0.0,1,0,0
4815,28,10,18,0,14,4,10,8,4,4,0,0,0,0,0,0,0,0,0,0,0,0,0,1.0,1.0,1.0,0.0,0.0,0.0,1,0,0
4816,28,10,18,0,14,4,10,8,4,4,0,0,0,0,0,0,0,0,0,0,0,0,0,1.0,1.0,1.0,0.0,0.0,0.0,1,0,0
4817,28,10,18,0,14,4,10,8,4,4,0,0,0,0,0,0,0,0,0,0,0,0,0,1.0,1.0,1.0,0.0,0.0,0.0,1,0,0
4818,28,10,18,0,14,4,10,8,4,4,0,0,0,0,0,0,0,0,0,0,0,0,0,1.0,1.0,1.0,0.0,0.0,0.0,1,0,0
4819,28,10,18,0,14,4,10,8,4,4,0,0,0,0,0,0,0,0,0,0,0,0,0,1.0,1.0,1.0,0.0,0.0,0.0,1,0,0
4820,28,10,18,0,14,4,10,8,4,4,0,0,0,0,0,0,0,0,0,0,0,0,0,1.0,1.0,1.0,0.0,0.0,0.0,1,0,0
4821,28,10,18,0,14,4,10,8,4,3,0,0,0,0,0,0,0,0,0,0,0,0,0,1.0,1.0,1.0,0.0,0.0,0.0,1,0,0
4822,28,10,18,0,14,3,11,9,5,3,0,0,0,0,0,0,3,1,0,0,0,0,0,1.0,1.0,1.0,0.0,0.0,0.3333333333333333,1,0,0
4823,28,10,18,0,14,3,11,9,5,3,0,0,0,0,0,0,0,0,0,0,0,0,0,1.0,1.0,1.0,0.0,0.0,0.0,1,0,0
4824,28,10,18,0,14,3,11,9,5,2,0,0,0,0,0,0,0,0,0,0,0,0,0,1.0,1.0,1.0,0.0,0.0,0.0,1,0,0
4825,28,10,18,0,14,3,11,9,5,2,0,0,0,0,0,0,3,0,0,0,0,0,0,1.0,1.0,1.0,0.0,0.0,0.0,1,0,0
4826,28,10,18,0,14,3,11,9,6,2,0,0,0,0,0,0,4,1,0,0,0,0,0,1.0,1.0,1.0,0.0,0.0,0.25,1,0,0
4827,28,10,18,0,14,3,11,9,7,2,0,0,0,0,0,0,3,1,0,0,0,0,0,1.0,1.0,1.0,0.0,0.0,0.3333333333333333,1,0,0
4828,28,10,18,0,14,3,11,9,7,2,0,0,0,0,0,0,0,0,0,0,0,0,0,1.0,1.0,1.0,0.0,0.0,0.0,1,0,0
4829,28,10,18,0,14,3,11,9,7,2,0,0,0,0,0,0,0,0,0,0,0,0,0,1.0,1.0,1.0,0.0,0.0,0.0,1,0,0
4830,28,10,18,0,14,3,11,9,7,2,0,0,0,0,0,0,0,0,0,0,0,0,0,1.0,1.0,1.0,0.0,0.0,0.0,1,0,0
4831,28,10,18,0,14,3,11,9,7,2,0,0,0,0,0,0,0,0,0,0,0,0,0,1.0,1.0,1.0,0.0,0.0,0.0,1,0,0
4832,28,10,18,0,14,3,11,9,7,2,0,0,0,0,0,0,0,0,0,0,0,1,0,1.0,1.0,1.0,0.0,0.0,0.0,1,0,0
4833,28,10,18,0,14,3,11,9,7,1,0,0,0,0,0,0,0,0,0,0,0,0,0,1.0,1.0,1.0,0.0,0.0,0.0,1,0,0
4834,28,10,18,0,14,3,11,9,7,1,0,0,0,0,0,0,5,0,0,0,0,0,0,1.0,1.0,1.0,0.0,0.0,0.0,1,0,0
4835,28,10,18,0,14,3,11,9,7,2,0,0,0,0,0,0,3,0,1,0,0,2,0,1.0,1.0,1.0,0.0,0.0,0.0,1,0,0
4836,28,10,18,0,13,4,11,9,7,2,0,0,0,0,0,0,0,0,0,0,0,0,0,1.0,1.0,1.0,0.0,0.0,0.0,1,0,0
4837,27,9,18,0,12,4,11,9,7,2,0,0,0,1,0,0,0,0,0,0,1,0,1,0.9230769230769231,1.0,1.0,0.0,0.0,0.0,1,0,1
4838,25,9,16,0,11,4,10,8,6,2,0,0,0,0,2,0,0,0,0,0,1,0,2,0.9166666666666666,1.0,0.8888888888888888,0.0,0.0,0.0,1,0,2
4839,22,8,14,0,7,5,10,8,6,2,0,0,0,1,2,0,0,0,0,0,2,0,3,0.7777777777777778,1.0,1.0,0.0,0.0,0.0,1,0,3
4840,21,7,14,0,6,5,10,8,6,2,0,0,0,1,0,0,0,0,0,0,1,0,1,0.8571428571428572,1.0,1.0,0.0,0.0,0.0,1,0,1
4841,21,7,14,0,6,5,10,8,6,2,0,0,0,0,0,0,0,0,0,0,0,0,0,1.0,1.0,1.0,0.0,0.0,0.0,1,0,0
4842,25,9,16,4,6,5,10,8,5,2,1,0,0,0,0,0,0,0,0,1,0,0,0,1.0,1.0,1.0,0.19047619047619047,0.19047619047619047,0.0,1,4,0
4843,23,9,14,4,6,4,9,7,4,2,1,0,0,0,2,0,0,0,0,0,0,0,2,1.0,1.0,0.875,0.0,0.0,0.0,1,0,2
4844,23,9,14,4,6,4,9,7,4,2,1,0,0,0,0,0,0,0,0,0,0,0,0,1.0,1.0,1.0,0.0,0.0,0.0,1,0,0
4845,23,9,14,4,6,4,9,7,4,2,1,0,0,0,0,0,0,0,0,0,0,0,0,1.0,1.0,1.0,0.0,0.0,0.0,1,0,0
4846,23,9,14,4,6,4,9,7,4,2,1,0,0,0,0,0,0,0,0,0,0,0,0,1.0,1.0,1.0,0.0,0.0,0.0,1,0,0
4847,23,9,14,4,6,4,9,7,4,2,1,0,0,0,0,0,0,0,0,0,0,0,0,1.0,1.0,1.0,0.0,0.0,0.0,1,0,0
4848,23,9,14,4,6,4,9,7,4,2,1,0,0,0,0,0,0,0,0,0,0,0,0,1.0,1.0,1.0,0.0,0.0,0.0,1,0,0
4849,23,9,14,4,6,4,9,7,4,2,1,0,0,0,0,0,0,0,0,0,0,0,0,1.0,1.0,1.0,0.0,0.0,0.0,1,0,0
4850,23,9,14,4,6,4,9,7,4,2,1,0,0,0,0,0,0,0,0,0,0,0,0,1.0,1.0,1.0,0.0,0.0,0.0,1,0,0
4851,23,9,14,4,6,4,9,7,4,2,1,0,0,0,0,0,0,0,0,0,0,0,0,1.0,1.0,1.0,0.0,0.0,0.0,1,0,0
4852,23,9,14,4,6,4,9,7,4,2,1,0,0,0,0,0,0,0,0,0,0,0,0,1.0,1.0,1.0,0.0,0.0,0.0,1,0,0
4853,26,10,16,7,6,4,9,7,3,2,2,0,0,0,0,0,0,0,0,1,0,0,0,1.0,1.0,1.0,0.13043478260869565,0.13043478260869565,0.0,1,3,0
4854,26,10,16,7,6,4,9,7,3,2,2,0,0,0,0,0,0,0,0,0,0,0,0,1.0,1.0,1.0,0.0,0.0,0.0,1,0,0
4855,26,10,16,7,6,4,9,7,3,2,2,0,0,0,0,0,0,0,0,0,0,0,0,1.0,1.0,1.0,0.0,0.0,0.0,1,0,0
4856,26,10,16,7,6,4,9,7,3,2,2,0,0,0,0,0,0,0,0,0,0,0,0,1.0,1.0,1.0,0.0,0.0,0.0,1,0,0
4857,26,10,16,7,6,4,9,7,3,2,2,0,0,0,0,0,0,0,0,0,0,0,0,1.0,1.0,1.0,0.0,0.0,0.0,1,0,0
4858,26,10,16,7,6,4,9,7,3,2,2,0,0,0,0,0,0,0,0,0,0,0,0,1.0,1.0,1.0,0.0,0.0,0.0,1,0,0
4859,26,10,16,7,6,4,9,7,3,1,2,0,0,0,0,0,0,0,0,0,0,0,0,1.0,1.0,1.0,0.0,0.0,0.0,1,0,0
4860,26,10,16,7,6,4,9,7,3,1,2,0,0,0,0,0,3,0,0,0,0,0,0,1.0,1.0,1.0,0.0,0.0,0.0,1,0,0
4861,26,10,16,7,6,4,9,7,3,1,2,0,0,0,0,0,5,0,0,0,0,0,0,1.0,1.0,1.0,0.0,0.0,0.0,1,0,0
4862,26,10,16,7,6,4,9,7,4,1,2,0,0,0,0,0,6,1,0,0,0,0,0,1.0,1.0,1.0,0.0,0.0,0.16666666666666666,1,0,0
4863,26,10,16,7,6,4,9,7,4,1,2,0,0,0,0,0,0,0,0,0,0,2,0,1.0,1.0,1.0,0.0,0.0,0.0,1,0,0
4864,26,10,16,7,6,4,9,7,4,1,2,0,0,0,0,0,0,0,0,0,0,0,0,1.0,1.0,1.0,0.0,0.0,0.0,1,0,0
4865,26,10,16,7,6,4,9,7,4,1,2,0,0,0,0,0,0,0,0,0,0,0,0,1.0,1.0,1.0,0.0,0.0,0.0,1,0,0
4866,26,10,16,7,6,4,9,7,4,1,2,0,0,0,0,0,0,0,0,0,0,0,0,1.0,1.0,1.0,0.0,0.0,0.0,1,0,0
4867,26,10,16,7,4,6,9,7,4,1,2,0,0,0,0,0,0,0,0,0,0,0,0,1.0,1.0,1.0,0.0,0.0,0.0,1,0,0
4868,26,10,16,7,4,6,9,7,4,1,2,0,0,0,0,0,0,0,0,0,0,0,0,1.0,1.0,1.0,0.0,0.0,0.0,1,0,0
4869,26,10,16,7,4,6,9,7,4,1,2,0,0,0,0,0,0,0,0,0,0,0,0,1.0,1.0,1.0,0.0,0.0,0.0,1,0,0
4870,26,10,16,7,4,6,9,7,4,1,2,0,0,0,0,0,0,0,0,0,0,0,0,1.0,1.0,1.0,0.0,0.0,0.0,1,0,0
4871,25,10,15,6,4,6,9,7,4,1,2,0,0,0,0,0,0,0,0,0,1,0,1,0.9090909090909091,1.0,1.0,0.0,0.0,0.0,1,0,1
4872,25,10,15,6,4,6,9,7,4,1,2,0,0,0,0,0,0,0,0,0,0,0,0,1.0,1.0,1.0,0.0,0.0,0.0,1,0,0
4873,25,10,15,6,4,6,9,7,4,1,2,0,0,0,0,0,0,0,0,0,0,0,0,1.0,1.0,1.0,0.0,0.0,0.0,1,0,0
4874,25,10,15,6,4,6,9,7,4,1,2,0,0,0,0,0,0,0,0,0,0,0,0,1.0,1.0,1.0,0.0,0.0,0.0,1,0,0
4875,25,10,15,6,4,6,9,7,4,1,2,0,0,0,0,0,0,0,0,0,0,0,0,1.0,1.0,1.0,0.0,0.0,0.0,1,0,0
4876,25,10,15,6,4,6,9,7,4,1,2,0,0,0,0,0,0,0,0,0,0,0,0,1.0,1.0,1.0,0.0,0.0,0.0,1,0,0
4877,25,10,15,6,4,6,9,7,4,1,2,0,0,0,0,0,0,0,0,0,0,0,0,1.0,1.0,1.0,0.0,0.0,0.0,1,0,0
4878,25,10,15,6,4,6,9,7,4,1,2,0,0,0,0,0,0,0,0,0,0,0,0,1.0,1.0,1.0,0.0,0.0,0.0,1,0,0
4879,25,10,15,6,4,6,9,7,4,1,2,0,0,0,0,0,0,0,0,0,0,0,0,1.0,1.0,1.0,0.0,0.0,0.0,1,0,0
4880,25,10,15,6,4,6,9,7,4,0,2,0,0,0,0,0,0,0,0,0,0,0,0,1.0,1.0,1.0,0.0,0.0,0.0,1,0,0
4881,25,10,15,6,4,6,9,7,5,0,2,0,0,0,0,0,6,1,0,0,0,0,0,1.0,1.0,1.0,0.0,0.0,0.16666666666666666,1,0,0
4882,25,10,15,6,4,6,9,7,5,0,2,0,0,0,0,0,0,0,0,0,0,2,0,1.0,1.0,1.0,0.0,0.0,0.0,1,0,0
4883,25,10,15,6,4,6,9,7,5,0,2,0,0,0,0,0,0,0,0,0,0,0,0,1.0,1.0,1.0,0.0,0.0,0.0,1,0,0
4884,25,10,15,6,4,6,9,7,5,0,2,0,0,0,0,0,0,0,0,0,0,0,0,1.0,1.0,1.0,0.0,0.0,0.0,1,0,0
4885,25,10,15,3,7,6,9,7,5,0,2,0,0,0,0,0,0,0,0,0,0,0,0,1.0,1.0,1.0,0.0,0.0,0.0,1,0,0
4886,25,10,15,3,5,8,9,7,5,0,2,0,0,0,0,0,0,0,0,0,0,0,0,1.0,1.0,1.0,0.0,0.0,0.0,1,0,0
4887,29,10,19,7,5,8,9,7,4,0,2,0,0,0,0,0,0,0,0,1,0,0,0,1.0,1.0,1.0,0.16,0.16,0.0,1,4,0
4888,29,10,19,7,5,8,9,7,5,0,2,0,0,0,0,0,8,1,0,0,0,0,0,1.0,1.0,1.0,0.0,0.0,0.125,1,0,0
4889,29,10,19,7,5,8,9,7,5,0,2,0,0,0,0,0,0,0,0,0,0,0,0,1.0,1.0,1.0,0.0,0.0,0.0,1,0,0
4890,29,10,19,7,5,8,9,7,5,0,2,0,0,0,0,0,0,0,0,0,0,0,0,1.0,1.0,1.0,0.0,0.0,0.0,1,0,0
4891,32,12,20,10,5,8,9,7,4,0,3,0,0,0,0,0,0,0,0,1,0,0,0,1.0,1.0,1.0,0.10344827586206896,0.10344827586206896,0.0,1,3,0
4892,36,13,23,14,5,8,9,7,3,0,4,0,0,0,0,0,0,0,0,1,0,0,0,1.0,1.0,1.0,0.125,0.125,0.0,1,4,0
4893,36,13,23,14,5,8,9,7,3,0,4,0,0,0,0,0,0,0,0,0,0,0,0,1.0,1.0,1.0,0.0,0.0,0.0,1,0,0
4894,36,13,23,14,5,7,10,8,3,0,4,0,0,0,0,0,6,0,0,0,0,0,0,1.0,1.0,1.0,0.0,0.0,0.0,1,0,0
4895,36,13,23,14,5,7,10,8,3,1,4,0,0,0,0,0,3,0,1,0,0,0,0,1.0,1.0,1.0,0.0,0.0,0.0,1,0,0
4896,36,13,23,11,8,7,10,8,3,1,4,0,0,0,0,0,0,0,0,0,0,0,0,1.0,1.0,1.0,0.0,0.0,0.0,1,0,0
4897,36,13,23,11,8,7,10,8,3,1,4,0,0,0,0,0,0,0,0,0,0,0,0,1.0,1.0,1.0,0.0,0.0,0.0,1,0,0
4898,36,13,23,11,8,7,10,8,3,1,3,0,0,0,0,0,0,0,0,0,0,0,0,1.0,1.0,1.0,0.0,0.0,0.0,1,0,0
4899,36,13,23,11,8,7,10,8,3,1,3,0,0,0,0,0,4,0,0,0,0,0,0,1.0,1.0,1.0,0.0,0.0,0.0,1,0,0
4900,36,13,23,11,8,7,10,8,3,1,3,0,0,0,0,0,8,0,0,0,0,0,0,1.0,1.0,1.0,0.0,0.0,0.0,1,0,0
4901,36,13,23,11,8,6,11,8,3,1,3,0,0,0,0,0,1,0,0,0,0,0,0,1.0,1.0,1.0,0.0,0.0,0.0,1,0,0
4902,35,13,22,10,8,6,11,8,4,1,3,0,0,0,0,0,6,1,0,0,1,0,1,0.9473684210526316,1.0,1.0,0.0,0.0,0.16666666666666666,1,0,1
4903,35,13,22,10,8,6,11,8,4,1,3,0,0,0,0,0,0,0,0,0,0,0,0,1.0,1.0,1.0,0.0,0.0,0.0,1,0,0
4904,35,13,22,10,8,6,11,8,4,1,3,0,0,0,0,0,0,0,0,0,0,0,0,1.0,1.0,1.0,0.0,0.0,0.0,1,0,0
4905,35,13,22,10,8,6,11,8,4,1,3,0,0,0,0,0,0,0,0,0,0,0,0,1.0,1.0,1.0,0.0,0.0,0.0,1,0,0
4906,35,13,22,10,8,6,11,8,4,1,3,0,0,0,0,0,0,0,0,0,0,0,0,1.0,1.0,1.0,0.0,0.0,0.0,1,0,0
4907,35,13,22,10,8,6,11,8,4,1,3,0,0,0,0,0,0,0,0,0,0,0,0,1.0,1.0,1.0,0.0,0.0,0.0,1,0,0
4908,35,13,22,10,8,6,11,8,4,1,3,0,0,0,0,0,0,0,0,0,0,0,0,1.0,1.0,1.0,0.0,0.0,0.0,1,0,0
4909,35,13,22,10,8,6,11,8,4,1,3,0,0,0,0,0,0,0,0,0,0,0,0,1.0,1.0,1.0,0.0,0.0,0.0,1,0,0
4910,35,13,22,10,8,6,11,8,4,1,3,0,0,0,0,0,0,0,0,0,0,0,0,1.0,1.0,1.0,0.0,0.0,0.0,1,0,0
4911,35,13,22,10,8,6,11,8,4,1,3,0,0,0,0,0,0,0,0,0,0,0,0,1.0,1.0,1.0,0.0,0.0,0.0,1,0,0
4912,35,13,22,10,8,6,11,8,4,1,3,0,0,0,0,0,0,0,0,0,0,0,0,1.0,1.0,1.0,0.0,0.0,0.0,1,0,0
4913,35,13,22,10,8,6,11,8,4,1,3,0,0,0,0,0,0,0,0,0,0,0,0,1.0,1.0,1.0,0.0,0.0,0.0,1,0,0
4914,35,13,22,10,8,6,11,8,4,1,3,0,0,0,0,0,0,0,0,0,0,0,0,1.0,1.0,1.0,0.0,0.0,0.0,1,0,0
4915,35,13,22,10,8,6,11,8,4,1,3,0,0,0,0,0,0,0,0,0,0,0,0,1.0,1.0,1.0,0.0,0.0,0.0,1,0,0
4916,35,13,22,10,8,6,11,8,4,1,3,0,0,0,0,0,0,0,0,0,0,0,0,1.0,1.0,1.0,0.0,0.0,0.0,1,0,0
4917,34,12,22,10,7,6,11,8,4,1,3,0,0,0,0,0,0,0,0,0,1,0,1,0.9444444444444444,1.0,1.0,0.0,0.0,0.0,1,0,1
4918,34,12,22,10,7,6,11,8,4,1,3,0,0,0,0,0,0,0,0,0,0,0,0,1.0,1.0,1.0,0.0,0.0,0.0,1,0,0
4919,34,12,22,10,7,6,11,8,4,1,3,0,0,0,0,0,0,0,0,0,0,0,0,1.0,1.0,1.0,0.0,0.0,0.0,1,0,0
4920,34,12,22,10,7,6,11,8,4,1,3,0,0,0,0,0,0,0,0,0,0,2,0,1.0,1.0,1.0,0.0,0.0,0.0,1,0,0
4921,34,12,22,10,7,6,11,8,4,1,3,0,0,0,0,0,0,0,0,0,0,0,0,1.0,1.0,1.0,0.0,0.0,0.0,1,0,0
4922,34,12,22,10,7,6,11,8,4,1,3,0,0,0,0,0,0,0,0,0,0,0,0,1.0,1.0,1.0,0.0,0.0,0.0,1,0,0
4923,34,12,22,10,7,6,11,8,4,1,3,0,0,0,0,0,0,0,0,0,0,0,0,1.0,1.0,1.0,0.0,0.0,0.0,1,0,0
4924,34,12,22,10,5,8,11,8,4,1,3,0,0,0,0,0,0,0,0,0,0,0,0,1.0,1.0,1.0,0.0,0.0,0.0,1,0,0
4925,34,12,22,10,5,8,11,8,4,1,3,0,0,0,0,0,0,0,0,0,0,0,0,1.0,1.0,1.0,0.0,0.0,0.0,1,0,0
4926,34,12,22,10,5,8,11,8,4,1,3,0,0,0,0,0,0,0,0,0,0,0,0,1.0,1.0,1.0,0.0,0.0,0.0,1,0,0
4927,38,14,24,14,5,8,11,8,3,1,4,0,0,0,0,0,0,0,0,1,0,0,0,1.0,1.0,1.0,0.11764705882352941,0.11764705882352941,0.0,1,4,0
4928,38,14,24,14,5,8,11,8,3,1,4,0,0,0,0,0,0,0,0,0,0,0,0,1.0,1.0,1.0,0.0,0.0,0.0,1,0,0
4929,37,14,23,13,5,8,11,8,3,1,4,0,0,0,0,0,0,0,0,0,1,0,1,0.9473684210526316,1.0,1.0,0.0,0.0,0.0,1,0,1
4930,35,12,23,9,9,6,11,8,3,1,4,0,0,2,0,0,0,0,0,0,0,0,2,1.0,1.0,1.0,0.0,0.0,0.0,1,0,2
4931,35,12,23,9,9,6,11,8,3,1,4,0,0,0,0,0,0,0,0,0,0,0,0,1.0,1.0,1.0,0.0,0.0,0.0,1,0,0
4932,33,12,21,9,8,6,10,7,2,1,3,0,0,0,2,0,0,0,0,0,1,0,2,0.9444444444444444,1.0,0.875,0.0,0.0,0.0,1,0,2
4933,33,12,21,9,8,6,10,7,3,1,3,0,0,0,0,0,3,1,0,0,0,0,0,1.0,1.0,1.0,0.0,0.0,0.3333333333333333,1,0,0
4934,33,12,21,7,10,6,10,7,3,1,3,0,0,0,0,0,0,0,0,0,0,0,0,1.0,1.0,1.0,0.0,0.0,0.0,1,0,0
4935,33,12,21,4,13,6,10,7,3,1,3,0,0,0,0,0,0,0,0,0,0,0,0,1.0,1.0,1.0,0.0,0.0,0.0,1,0,0
4936,33,12,21,4,13,6,10,7,3,1,2,0,0,0,0,0,0,0,0,0,0,0,0,1.0,1.0,1.0,0.0,0.0,0.0,1,0,0
4937,33,12,21,4,13,6,10,7,4,1,1,0,0,0,0,0,5,1,0,0,0,0,0,1.0,1.0,1.0,0.0,0.0,0.2,1,0,0
4938,33,12,21,4,13,6,10,7,5,1,1,0,0,0,0,0,6,1,0,0,0,0,0,1.0,1.0,1.0,0.0,0.0,0.16666666666666666,1,0,0
4939,33,12,21,4,13,6,10,7,5,1,1,0,0,0,0,0,0,0,0,0,0,0,0,1.0,1.0,1.0,0.0,0.0,0.0,1,0,0
4940,33,12,21,4,13,6,10,7,5,0,1,0,0,0,0,0,0,0,0,0,0,0,0,1.0,1.0,1.0,0.0,0.0,0.0,1,0,0
4941,33,12,21,4,13,6,10,7,6,0,1,0,0,0,0,0,4,1,0,0,0,0,0,1.0,1.0,1.0,0.0,0.0,0.25,1,0,0
4942,33,12,21,4,13,6,10,7,6,0,1,0,0,0,0,0,0,0,0,0,0,0,0,1.0,1.0,1.0,0.0,0.0,0.0,1,0,0
4943,33,12,21,4,13,6,10,7,6,0,1,0,0,0,0,0,0,0,0,0,0,0,0,1.0,1.0,1.0,0.0,0.0,0.0,1,0,0
4944,33,12,21,4,13,6,10,7,6,0,1,0,0,0,0,0,0,0,0,0,0,0,0,1.0,1.0,1.0,0.0,0.0,0.0,1,0,0
4945,33,12,21,4,13,6,10,7,6,0,1,0,0,0,0,0,0,0,0,0,0,0,0,1.0,1.0,1.0,0.0,0.0,0.0,1,0,0
4946,36,14,22,7,13,6,10,7,5,0,2,0,0,0,0,0,0,0,0,1,0,0,0,1.0,1.0,1.0,0.09090909090909091,0.09090909090909091,0.0,1,3,0
4947,36,14,22,7,13,6,10,7,5,0,2,0,0,0,0,0,0,0,0,0,0,0,0,1.0,1.0,1.0,0.0,0.0,0.0,1,0,0
4948,36,14,22,7,13,6,10,7,5,0,2,0,0,0,0,0,0,0,0,0,0,0,0,1.0,1.0,1.0,0.0,0.0,0.0,1,0,0
4949,36,14,22,7,13,6,10,7,5,0,2,0,0,0,0,0,0,0,0,0,0,0,0,1.0,1.0,1.0,0.0,0.0,0.0,1,0,0
4950,36,14,22,7,13,6,10,7,5,0,2,0,0,0,0,0,0,0,0,0,0,0,0,1.0,1.0,1.0,0.0,0.0,0.0,1,0,0
4951,36,14,22,7,13,6,10,7,5,0,2,0,0,0,0,0,0,0,0,0,0,0,0,1.0,1.0,1.0,0.0,0.0,0.0,1,0,0
4952,36,14,22,7,13,6,10,7,5,0,2,0,0,0,0,0,0,0,0,0,0,0,0,1.0,1.0,1.0,0.0,0.0,0.0,1,0,0
4953,36,14,22,7,13,6,10,7,5,0,2,0,0,0,0,0,0,0,0,0,0,0,0,1.0,1.0,1.0,0.0,0.0,0.0,1,0,0
4954,36,14,22,7,13,6,10,7,5,0,2,0,0,0,0,0,0,0,0,0,0,0,0,1.0,1.0,1.0,0.0,0.0,0.0,1,0,0
4955,35,14,21,7,12,6,10,7,5,0,2,0,0,0,0,0,0,0,0,0,1,0,1,0.95,1.0,1.0,0.0,0.0,0.0,1,0,1
4956,35,14,21,7,12,6,10,7,5,0,2,0,0,0,0,0,0,0,0,0,0,0,0,1.0,1.0,1.0,0.0,0.0,0.0,1,0,0
4957,34,13,21,6,12,6,10,7,5,0,2,0,0,0,0,0,0,0,0,0,1,0,1,0.9473684210526316,1.0,1.0,0.0,0.0,0.0,1,0,1
4958,34,13,21,6,12,6,10,7,5,0,2,0,0,0,0,0,0,0,0,0,0,0,0,1.0,1.0,1.0,0.0,0.0,0.0,1,0,0
4959,34,13,21,6,12,6,10,7,5,0,2,0,0,0,0,0,0,0,0,0,0,0,0,1.0,1.0,1.0,0.0,0.0,0.0,1,0,0
4960,34,13,21,6,12,6,10,7,5,0,2,0,0,0,0,0,0,0,0,0,0,0,0,1.0,1.0,1.0,0.0,0.0,0.0,1,0,0
4961,34,13,21,6,12,6,10,7,5,0,2,0,0,0,0,0,0,0,0,0,0,0,0,1.0,1.0,1.0,0.0,0.0,0.0,1,0,0
4962,34,13,21,6,12,6,10,7,5,0,2,0,0,0,0,0,0,0,0,0,0,0,0,1.0,1.0,1.0,0.0,0.0,0.0,1,0,0
4963,34,13,21,6,12,6,10,7,5,0,2,0,0,0,0,0,0,0,0,0,0,0,0,1.0,1.0,1.0,0.0,0.0,0.0,1,0,0
4964,34,13,21,6,12,6,10,7,5,0,2,0,0,0,0,0,0,0,0,0,0,0,0,1.0,1.0,1.0,0.0,0.0,0.0,1,0,0
4965,34,13,21,6,12,6,10,7,5,0,2,0,0,0,0,0,0,0,0,0,0,0,0,1.0,1.0,1.0,0.0,0.0,0.0,1,0,0
4966,34,13,21,6,12,6,10,7,5,0,2,0,0,0,0,0,0,0,0,0,0,0,0,1.0,1.0,1.0,0.0,0.0,0.0,1,0,0
4967,38,14,24,10,12,6,10,7,4,0,3,0,0,0,0,0,0,0,0,1,0,0,0,1.0,1.0,1.0,0.11764705882352941,0.11764705882352941,0.0,1,4,0
4968,38,14,24,10,12,6,10,7,4,0,3,0,0,0,0,0,0,0,0,0,0,0,0,1.0,1.0,1.0,0.0,0.0,0.0,1,0,0
4969,38,14,24,10,12,6,10,7,4,0,3,0,0,0,0,0,0,0,0,0,0,0,0,1.0,1.0,1.0,0.0,0.0,0.0,1,0,0
4970,38,14,24,6,16,6,10,7,4,0,3,0,0,0,0,0,0,0,0,0,0,0,0,1.0,1.0,1.0,0.0,0.0,0.0,1,0,0
4971,38,14,24,6,16,6,10,7,4,0,3,0,0,0,0,0,0,0,0,0,0,0,0,1.0,1.0,1.0,0.0,0.0,0.0,1,0,0
4972,38,14,24,6,16,6,10,7,4,0,2,0,0,0,0,0,0,0,0,0,0,0,0,1.0,1.0,1.0,0.0,0.0,0.0,1,0,0
4973,38,14,24,6,16,6,10,7,5,0,2,0,0,0,0,0,8,1,0,0,0,0,0,1.0,1.0,1.0,0.0,0.0,0.125,1,0,0
4974,38,14,24,6,16,5,11,7,5,0,2,0,0,0,0,0,0,0,0,0,0,0,0,1.0,1.0,1.0,0.0,0.0,0.0,1,0,0
4975,38,14,24,6,16,5,11,7,5,0,2,0,0,0,0,0,0,0,0,0,0,0,0,1.0,1.0,1.0,0.0,0.0,0.0,1,0,0
4976,38,14,24,6,16,4,12,8,5,0,2,0,0,0,0,0,0,0,0,0,0,0,0,1.0,1.0,1.0,0.0,0.0,0.0,1,0,0
4977,38,14,24,6,16,4,12,8,5,0,2,0,0,0,0,0,0,0,0,0,0,0,0,1.0,1.0,1.0,0.0,0.0,0.0,1,0,0
4978,38,14,24,6,16,4,12,8,5,0,2,0,0,0,0,0,0,0,0,0,0,0,0,1.0,1.0,1.0,0.0,0.0,0.0,1,0,0
4979,38,14,24,6,16,4,12,8,5,0,2,0,0,0,0,0,0,0,0,0,0,0,0,1.0,1.0,1.0,0.0,0.0,0.0,1,0,0
4980,38,14,24,6,16,4,12,8,5,0,2,0,0,0,0,0,0,0,0,0,0,0,0,1.0,1.0,1.0,0.0,0.0,0.0,1,0,0
4981,38,14,24,6,16,4,12,8,5,0,2,0,0,0,0,0,0,0,0,0,0,0,0,1.0,1.0,1.0,0.0,0.0,0.0,1,0,0
4982,38,14,24,6,16,4,12,8,5,0,2,0,0,0,0,0,0,0,0,0,0,0,0,1.0,1.0,1.0,0.0,0.0,0.0,1,0,0
4983,38,14,24,6,16,4,12,8,5,1,2,0,0,0,0,0,2,0,1,0,0,0,0,1.0,1.0,1.0,0.0,0.0,0.0,1,0,0
4984,37,13,24,6,15,4,12,8,5,1,2,0,0,0,0,0,0,0,0,0,1,0,1,0.9545454545454546,1.0,1.0,0.0,0.0,0.0,1,0,1
4985,37,13,24,6,15,4,12,8,5,1,2,0,0,0,0,0,0,0,0,0,0,0,0,1.0,1.0,1.0,0.0,0.0,0.0,1,0,0
4986,37,13,24,6,15,4,12,8,5,1,2,0,0,0,0,0,0,0,0,0,0,0,0,1.0,1.0,1.0,0.0,0.0,0.0,1,0,0
4987,37,13,24,6,15,4,12,8,5,1,2,0,0,0,0,0,0,0,0,0,0,0,0,1.0,1.0,1.0,0.0,0.0,0.0,1,0,0
4988,36,12,24,6,14,4,12,8,5,1,2,0,0,0,0,0,0,0,0,0,1,0,1,0.9523809523809523,1.0,1.0,0.0,0.0,0.0,1,0,1
4989,36,12,24,4,16,4,12,8,5,1,2,0,0,0,0,0,0,0,0,0,0,0,0,1.0,1.0,1.0,0.0,0.0,0.0,1,0,0
4990,36,12,24,4,16,4,12,8,5,1,2,0,0,0,0,0,0,0,0,0,0,0,0,1.0,1.0,1.0,0.0,0.0,0.0,1,0,0
4991,36,12,24,4,16,4,12,8,5,1,1,0,0,0,0,0,0,0,0,0,0,0,0,1.0,1.0,1.0,0.0,0.0,0.0,1,0,0
4992,36,12,24,4,16,4,12,8,6,1,1,0,0,0,0,0,3,1,0,0,0,0,0,1.0,1.0,1.0,0.0,0.0,0.3333333333333333,1,0,0
4993,36,12,24,4,16,4,12,8,6,1,1,0,0,0,0,0,0,0,0,0,0,0,0,1.0,1.0,1.0,0.0,0.0,0.0,1,0,0
4994,35,12,23,3,16,4,12,8,6,1,1,0,0,0,0,0,0,0,0,0,1,0,1,0.95,1.0,1.0,0.0,0.0,0.0,1,0,1
4995,35,12,23,3,16,4,12,8,6,1,1,0,0,0,0,0,0,0,0,0,0,0,0,1.0,1.0,1.0,0.0,0.0,0.0,1,0,0
4996,35,12,23,3,16,4,12,8,6,1,1,0,0,0,0,0,0,0,0,0,0,0,0,1.0,1.0,1.0,0.0,0.0,0.0,1,0,0
4997,35,12,23,3,16,4,12,8,6,1,1,0,0,0,0,0,0,0,0,0,0,0,0,1.0,1.0,1.0,0.0,0.0,0.0,1,0,0
4998,38,13,25,6,16,4,12,8,5,1,2,0,0,0,0,0,0,0,0,1,0,0,0,1.0,1.0,1.0,0.08571428571428572,0.08571428571428572,0.0,1,3,0
4999,38,13,25,6,16,4,12,8,5,1,2,0,0,0,0,0,0,0,0,0,0,0,0,1.0,1.0,1.0,0.0,0.0,0.0,1,0,0
5000,38,13,25,6,16,4,12,8,5,1,2,0,0,0,0,0,0,0,0,0,0,0,0,1.0,1.0,1.0,0.0,0.0,0.0,1,0,0
5001,38,13,25,6,16,4,12,8,5,1,2,0,0,0,0,0,0,0,0,0,0,0,0,1.0,1.0,1.0,0.0,0.0,0.0,1,0,0
5002,42,14,28,10,16,4,12,8,4,1,3,0,0,0,0,0,0,0,0,1,0,0,0,1.0,1.0,1.0,0.10526315789473684,0.10526315789473684,0.0,1,4,0
5003,46,17,29,14,16,3,13,9,3,1,4,0,0,0,0,0,0,0,0,1,0,0,0,1.0,1.0,1.0,0.09523809523809523,0.09523809523809523,0.0,1,4,0
5004,45,16,29,14,15,3,13,9,3,1,4,0,0,0,0,0,0,0,0,0,1,0,1,0.9666666666666667,1.0,1.0,0.0,0.0,0.0,1,0,1
5005,45,16,29,14,15,3,13,9,3,1,4,0,0,0,0,0,0,0,0,0,0,0,0,1.0,1.0,1.0,0.0,0.0,0.0,1,0,0
5006,48,18,30,17,15,3,13,9,2,1,5,0,0,0,0,0,0,0,0,1,0,0,0,1.0,1.0,1.0,0.06666666666666667,0.06666666666666667,0.0,1,3,0
5007,48,18,30,17,15,3,13,9,2,1,5,0,0,0,0,0,0,0,0,0,0,0,0,1.0,1.0,1.0,0.0,0.0,0.0,1,0,0
5008,48,18,30,17,15,3,13,9,2,1,5,0,0,0,0,0,0,0,0,0,0,0,0,1.0,1.0,1.0,0.0,0.0,0.0,1,0,0
5009,48,18,30,17,15,3,13,9,3,1,5,0,0,0,0,0,6,1,0,0,0,0,0,1.0,1.0,1.0,0.0,0.0,0.16666666666666666,1,0,0
5010,48,18,30,14,18,3,13,9,3,1,5,0,0,0,0,0,0,0,0,0,0,0,0,1.0,1.0,1.0,0.0,0.0,0.0,1,0,0
5011,47,17,30,14,17,3,13,9,3,1,5,0,0,0,0,0,0,0,0,0,1,0,1,0.96875,1.0,1.0,0.0,0.0,0.0,1,0,1
5012,47,17,30,14,17,3,13,9,3,1,4,0,0,0,0,0,0,0,0,0,0,0,0,1.0,1.0,1.0,0.0,0.0,0.0,1,0,0
5013,47,17,30,14,17,3,13,9,4,1,4,0,0,0,0,0,6,1,0,0,0,0,0,1.0,1.0,1.0,0.0,0.0,0.16666666666666666,1,0,0
5014,47,17,30,14,17,3,13,9,4,1,4,0,0,0,0,0,0,0,0,0,0,0,0,1.0,1.0,1.0,0.0,0.0,0.0,1,0,0
5015,47,17,30,14,17,3,13,9,4,1,4,0,0,0,0,0,0,0,0,0,0,0,0,1.0,1.0,1.0,0.0,0.0,0.0,1,0,0
5016,47,17,30,14,17,3,13,9,4,1,4,0,0,0,0,0,0,0,0,0,0,0,0,1.0,1.0,1.0,0.0,0.0,0.0,1,0,0
5017,46,16,30,14,16,2,14,10,4,1,4,0,0,0,0,0,0,0,0,0,1,0,1,0.967741935483871,1.0,1.0,0.0,0.0,0.0,1,0,1
5018,46,16,30,14,16,2,14,10,4,1,4,0,0,0,0,0,0,0,0,0,0,0,0,1.0,1.0,1.0,0.0,0.0,0.0,1,0,0
5019,46,16,30,14,16,2,14,10,4,1,4,0,0,0,0,0,0,0,0,0,0,0,0,1.0,1.0,1.0,0.0,0.0,0.0,1,0,0
5020,45,15,30,13,16,2,14,10,4,1,4,0,0,1,0,0,0,0,0,0,1,0,1,0.9666666666666667,1.0,1.0,0.0,0.0,0.0,1,0,1
5021,45,15,30,13,16,2,14,10,4,1,4,0,0,0,0,0,0,0,0,0,0,0,0,1.0,1.0,1.0,0.0,0.0,0.0,1,0,0
5022,44,15,29,13,16,2,13,9,4,1,4,0,0,0,1,0,7,1,0,0,0,2,1,1.0,1.0,0.9,0.0,0.0,0.14285714285714285,1,0,1
5023,43,14,29,13,16,1,13,9,4,1,4,0,0,1,0,0,0,0,0,0,0,0,1,1.0,1.0,1.0,0.0,0.0,0.0,1,0,1
5024,43,14,29,13,16,1,13,9,4,1,4,0,0,0,0,0,0,0,0,0,0,0,0,1.0,1.0,1.0,0.0,0.0,0.0,1,0,0
5025,43,14,29,13,16,1,13,9,4,1,4,0,0,0,0,0,0,0,0,0,0,0,0,1.0,1.0,1.0,0.0,0.0,0.0,1,0,0
5026,43,14,29,13,14,3,13,9,4,1,4,0,0,0,0,0,0,0,0,0,0,0,0,1.0,1.0,1.0,0.0,0.0,0.0,1,0,0
5027,43,14,29,13,14,3,13,9,4,1,4,0,0,0,0,0,0,0,0,0,0,0,0,1.0,1.0,1.0,0.0,0.0,0.0,1,0,0
5028,43,14,29,13,14,3,13,9,4,0,4,0,0,0,0,0,0,0,0,0,0,0,0,1.0,1.0,1.0,0.0,0.0,0.0,1,0,0
5029,43,14,29,13,14,3,13,9,4,0,4,0,0,0,0,0,2,0,0,0,0,0,0,1.0,1.0,1.0,0.0,0.0,0.0,1,0,0
5030,43,14,29,13,14,3,13,9,4,0,4,0,0,0,0,0,8,0,0,0,0,0,0,1.0,1.0,1.0,0.0,0.0,0.0,1,0,0
5031,43,14,29,13,14,3,13,9,5,0,4,0,0,0,0,0,5,1,0,0,0,0,0,1.0,1.0,1.0,0.0,0.0,0.2,1,0,0
5032,43,14,29,13,14,3,13,9,5,0,4,0,0,0,0,0,0,0,0,0,0,0,0,1.0,1.0,1.0,0.0,0.0,0.0,1,0,0
5033,43,14,29,13,14,3,13,9,5,0,4,0,0,0,0,0,0,0,0,0,0,1,0,1.0,1.0,1.0,0.0,0.0,0.0,1,0,0
5034,43,14,29,13,14,3,13,9,5,0,4,0,0,0,0,0,0,0,0,0,0,0,0,1.0,1.0,1.0,0.0,0.0,0.0,1,0,0
5035,43,14,29,13,14,3,13,9,5,0,4,0,0,0,0,0,0,0,0,0,0,0,0,1.0,1.0,1.0,0.0,0.0,0.0,1,0,0
5036,43,14,29,13,14,3,13,9,5,0,4,0,0,0,0,0,0,0,0,0,0,0,0,1.0,1.0,1.0,0.0,0.0,0.0,1,0,0
5037,43,14,29,13,13,4,13,9,5,0,4,0,0,0,0,0,0,0,0,0,0,0,0,1.0,1.0,1.0,0.0,0.0,0.0,1,0,0
5038,43,14,29,13,13,4,13,9,5,0,4,0,0,0,0,0,0,0,0,0,0,0,0,1.0,1.0,1.0,0.0,0.0,0.0,1,0,0
5039,43,14,29,13,13,4,13,9,5,0,4,0,0,0,0,0,0,0,0,0,0,0,0,1.0,1.0,1.0,0.0,0.0,0.0,1,0,0
5040,43,14,29,13,13,4,13,9,5,0,4,0,0,0,0,0,0,0,0,0,0,0,0,1.0,1.0,1.0,0.0,0.0,0.0,1,0,0
5041,42,13,29,10,16,4,12,9,5,0,4,0,0,0,0,0,0,0,0,0,0,0,0,1.0,0.75,1.0,0.0,0.0,0.0,1,0,1
5042,42,13,29,10,16,4,12,9,5,0,4,0,0,0,0,0,0,0,0,0,0,0,0,1.0,1.0,1.0,0.0,0.0,0.0,1,0,0
5043,42,13,29,10,16,4,12,9,5,0,3,0,0,0,0,0,0,0,0,0,0,0,0,1.0,1.0,1.0,0.0,0.0,0.0,1,0,0
5044,41,13,28,10,15,4,12,9,6,0,3,0,0,0,0,0,4,1,0,0,1,0,1,0.9615384615384616,1.0,1.0,0.0,0.0,0.25,1,0,1
5045,41,13,28,6,19,4,12,9,6,0,3,0,0,0,0,0,0,0,0,0,0,0,0,1.0,1.0,1.0,0.0,0.0,0.0,1,0,0
5046,41,13,28,2,23,4,12,9,6,0,3,0,0,0,0,0,0,0,0,0,0,0,0,1.0,1.0,1.0,0.0,0.0,0.0,1,0,0
5047,41,13,28,2,23,4,12,9,6,0,2,0,0,0,0,0,0,0,0,0,0,0,0,1.0,1.0,1.0,0.0,0.0,0.0,1,0,0
5048,41,13,28,2,23,4,12,9,6,0,1,0,0,0,0,0,0,0,0,0,0,0,0,1.0,1.0,1.0,0.0,0.0,0.0,1,0,0
5049,41,13,28,0,25,4,12,9,6,0,1,0,0,0,0,0,0,0,0,0,0,0,0,1.0,1.0,1.0,0.0,0.0,0.0,1,0,0
5050,41,13,28,0,25,4,12,9,6,0,1,0,0,0,0,0,0,0,0,0,0,0,0,1.0,1.0,1.0,0.0,0.0,0.0,1,0,0
5051,41,13,28,0,25,4,12,9,6,0,0,0,0,0,0,0,0,0,0,0,0,0,0,1.0,1.0,1.0,0.0,0.0,0.0,1,0,0
5052,41,13,28,0,25,4,12,9,6,0,0,0,0,0,0,0,0,0,0,0,0,0,0,1.0,1.0,1.0,0.0,0.0,0.0,1,0,0
5053,41,13,28,0,25,4,12,9,6,0,0,0,0,0,0,0,0,0,0,0,0,0,0,1.0,1.0,1.0,0.0,0.0,0.0,1,0,0
5054,41,13,28,0,25,4,12,9,6,0,0,0,0,0,0,0,0,0,0,0,0,0,0,1.0,1.0,1.0,0.0,0.0,0.0,1,0,0
5055,41,13,28,0,25,4,12,9,6,0,0,0,0,0,0,0,0,0,0,0,0,0,0,1.0,1.0,1.0,0.0,0.0,0.0,1,0,0
5056,41,13,28,0,25,4,12,9,6,0,0,0,0,0,0,0,0,0,0,0,0,0,0,1.0,1.0,1.0,0.0,0.0,0.0,1,0,0
5057,45,16,29,4,25,4,12,9,5,0,1,0,0,0,0,0,0,0,0,1,0,0,0,1.0,1.0,1.0,0.0975609756097561,0.0975609756097561,0.0,1,4,0
5058,45,16,29,4,25,4,12,9,5,0,1,0,0,0,0,0,0,0,0,0,0,0,0,1.0,1.0,1.0,0.0,0.0,0.0,1,0,0
5059,45,16,29,4,25,4,12,9,5,0,1,0,0,0,0,0,0,0,0,0,0,0,0,1.0,1.0,1.0,0.0,0.0,0.0,1,0,0
5060,45,16,29,4,25,4,12,9,5,0,1,0,0,0,0,0,0,0,0,0,0,0,0,1.0,1.0,1.0,0.0,0.0,0.0,1,0,0
5061,45,16,29,4,25,4,12,9,5,0,1,0,0,0,0,0,0,0,0,0,0,0,0,1.0,1.0,1.0,0.0,0.0,0.0,1,0,0
5062,45,16,29,4,25,4,12,9,5,0,1,0,0,0,0,0,0,0,0,0,0,0,0,1.0,1.0,1.0,0.0,0.0,0.0,1,0,0
5063,45,16,29,4,25,4,12,9,5,0,1,0,0,0,0,0,0,0,0,0,0,0,0,1.0,1.0,1.0,0.0,0.0,0.0,1,0,0
5064,45,16,29,4,25,4,12,9,5,0,1,0,0,0,0,0,0,0,0,0,0,0,0,1.0,1.0,1.0,0.0,0.0,0.0,1,0,0
5065,45,16,29,4,25,4,12,9,5,0,1,0,0,0,0,0,0,0,0,0,0,0,0,1.0,1.0,1.0,0.0,0.0,0.0,1,0,0
5066,45,16,29,4,25,4,12,9,5,0,1,0,0,0,0,0,0,0,0,0,0,0,0,1.0,1.0,1.0,0.0,0.0,0.0,1,0,0
5067,45,16,29,4,25,4,12,9,5,0,1,0,0,0,0,0,0,0,0,0,0,3,0,1.0,1.0,1.0,0.0,0.0,0.0,1,0,0
5068,45,16,29,4,25,4,12,9,5,0,1,0,0,0,0,0,0,0,0,0,0,0,0,1.0,1.0,1.0,0.0,0.0,0.0,1,0,0
5069,45,16,29,4,25,4,12,9,5,0,1,0,0,0,0,0,0,0,0,0,0,0,0,1.0,1.0,1.0,0.0,0.0,0.0,1,0,0
5070,45,16,29,4,25,4,12,9,5,0,1,0,0,0,0,0,0,0,0,0,0,0,0,1.0,1.0,1.0,0.0,0.0,0.0,1,0,0
5071,45,16,29,4,22,7,12,9,5,0,1,0,0,0,0,0,0,0,0,0,0,0,0,1.0,1.0,1.0,0.0,0.0,0.0,1,0,0
5072,45,16,29,4,22,7,12,9,5,0,1,0,0,0,0,0,0,0,0,0,0,3,0,1.0,1.0,1.0,0.0,0.0,0.0,1,0,0
5073,45,16,29,4,22,7,12,9,5,0,1,0,0,0,0,0,0,0,0,0,0,0,0,1.0,1.0,1.0,0.0,0.0,0.0,1,0,0
5074,48,17,31,8,21,7,12,9,4,0,2,0,0,0,0,0,0,0,0,1,1,0,1,0.9615384615384616,1.0,1.0,0.08888888888888889,0.08888888888888889,0.0,1,4,1
5075,47,16,31,8,20,6,13,10,4,0,2,0,0,0,0,0,0,0,0,0,1,0,1,0.9655172413793104,1.0,1.0,0.0,0.0,0.0,1,0,1
5076,46,16,30,8,16,9,13,10,4,0,2,0,0,0,0,0,0,0,0,0,1,0,1,0.96,1.0,1.0,0.0,0.0,0.0,1,0,1
5077,46,16,30,8,16,9,13,10,4,0,2,0,0,0,0,0,0,0,0,0,0,0,0,1.0,1.0,1.0,0.0,0.0,0.0,1,0,0
5078,48,17,31,12,15,9,12,9,2,0,3,0,0,0,0,0,0,0,0,1,1,0,1,0.9583333333333334,1.0,0.9,0.08695652173913043,0.08695652173913043,0.0,1,4,2
5079,48,17,31,12,15,9,12,9,2,0,3,0,0,0,0,0,0,0,0,0,0,0,0,1.0,1.0,1.0,0.0,0.0,0.0,1,0,0
5080,48,17,31,12,15,9,12,9,2,0,3,0,0,0,0,0,0,0,0,0,0,0,0,1.0,1.0,1.0,0.0,0.0,0.0,1,0,0
5081,48,17,31,12,15,9,12,9,2,0,3,0,0,0,0,0,0,0,0,0,0,0,0,1.0,1.0,1.0,0.0,0.0,0.0,1,0,0
5082,48,17,31,12,15,9,12,9,2,0,3,0,0,0,0,0,0,0,0,0,0,0,0,1.0,1.0,1.0,0.0,0.0,0.0,1,0,0
5083,48,17,31,12,15,9,12,9,2,0,3,0,0,0,0,0,0,0,0,0,0,0,0,1.0,1.0,1.0,0.0,0.0,0.0,1,0,0
5084,48,17,31,12,15,9,12,9,2,0,3,0,0,0,0,0,0,0,0,0,0,0,0,1.0,1.0,1.0,0.0,0.0,0.0,1,0,0
5085,48,17,31,12,15,9,12,9,2,0,3,0,0,0,0,0,0,0,0,0,0,0,0,1.0,1.0,1.0,0.0,0.0,0.0,1,0,0
5086,48,17,31,12,15,9,12,9,2,0,3,0,0,0,0,0,0,0,0,0,0,0,0,1.0,1.0,1.0,0.0,0.0,0.0,1,0,0
5087,51,18,33,15,15,9,12,9,1,0,4,0,0,0,0,0,0,0,0,1,1,0,1,0.962962962962963,1.0,1.0,0.08333333333333333,0.08333333333333333,0.0,1,4,1
5088,48,17,31,15,13,9,11,8,1,0,3,0,0,0,0,0,0,0,0,0,2,0,2,0.9333333333333333,1.0,0.8888888888888888,0.0,0.0,0.0,1,0,3
5089,48,17,31,15,13,9,11,8,1,0,3,0,0,0,0,0,0,0,0,0,0,0,0,1.0,1.0,1.0,0.0,0.0,0.0,1,0,0
5090,48,17,31,15,13,9,11,8,1,0,3,0,0,0,0,0,0,0,0,0,0,0,0,1.0,1.0,1.0,0.0,0.0,0.0,1,0,0
5091,47,17,30,15,12,9,11,8,1,0,3,0,0,0,0,0,0,0,0,0,1,0,1,0.9642857142857143,1.0,1.0,0.0,0.0,0.0,1,0,1
5092,47,17,30,15,12,9,11,8,1,0,3,0,0,0,0,0,0,0,0,0,0,0,0,1.0,1.0,1.0,0.0,0.0,0.0,1,0,0
5093,46,17,29,15,12,8,11,8,1,0,3,0,0,0,0,0,0,0,0,0,0,0,0,1.0,1.0,1.0,0.0,0.0,0.0,1,0,1
5094,46,17,29,15,12,8,11,8,1,0,3,0,0,0,0,0,0,0,0,0,0,0,0,1.0,1.0,1.0,0.0,0.0,0.0,1,0,0
5095,46,17,29,15,12,8,11,8,1,0,3,0,0,0,0,0,0,0,0,0,0,0,0,1.0,1.0,1.0,0.0,0.0,0.0,1,0,0
5096,50,19,31,19,12,8,11,8,0,0,4,0,0,0,0,0,0,0,0,1,0,0,0,1.0,1.0,1.0,0.08695652173913043,0.08695652173913043,0.0,1,4,0
5097,49,19,30,19,12,8,10,7,0,0,4,0,0,0,0,0,0,0,0,0,0,0,0,1.0,1.0,0.875,0.0,0.0,0.0,1,0,1
5098,48,18,30,19,11,8,10,7,0,0,4,0,0,0,0,0,0,0,0,0,1,0,1,0.967741935483871,1.0,1.0,0.0,0.0,0.0,1,0,1
5099,48,18,30,19,11,8,10,7,0,0,4,0,0,0,0,0,0,0,0,0,0,0,0,1.0,1.0,1.0,0.0,0.0,0.0,1,0,0
5100,48,18,30,15,15,8,10,7,0,0,4,0,0,0,0,0,0,0,0,0,0,0,0,1.0,1.0,1.0,0.0,0.0,0.0,1,0,0
5101,48,18,30,15,15,8,10,7,0,0,4,0,0,0,0,0,0,0,0,0,0,0,0,1.0,1.0,1.0,0.0,0.0,0.0,1,0,0
5102,48,18,30,15,15,8,10,7,0,0,3,0,0,0,0,0,0,0,0,0,0,0,0,1.0,1.0,1.0,0.0,0.0,0.0,1,0,0
5103,48,18,30,15,15,8,10,7,0,0,3,0,0,0,0,0,0,0,0,0,0,0,0,1.0,1.0,1.0,0.0,0.0,0.0,1,0,0
5104,48,18,30,15,15,8,10,7,0,0,3,0,0,0,0,0,0,0,0,0,0,0,0,1.0,1.0,1.0,0.0,0.0,0.0,1,0,0
5105,48,18,30,15,15,8,10,7,0,0,3,0,0,0,0,0,0,0,0,0,0,0,0,1.0,1.0,1.0,0.0,0.0,0.0,1,0,0
5106,48,18,30,15,15,8,10,7,0,0,3,0,0,0,0,0,0,0,0,0,0,0,0,1.0,1.0,1.0,0.0,0.0,0.0,1,0,0
5107,46,17,29,14,14,8,10,7,0,0,3,0,0,0,0,0,0,0,0,0,2,2,2,0.9333333333333333,1.0,1.0,0.0,0.0,0.0,1,0,2
5108,46,17,29,14,14,8,10,7,0,0,3,0,0,0,0,0,0,0,0,0,0,0,0,1.0,1.0,1.0,0.0,0.0,0.0,1,0,0
5109,46,17,29,14,14,8,10,7,0,0,3,0,0,0,0,0,0,0,0,0,0,0,0,1.0,1.0,1.0,0.0,0.0,0.0,1,0,0
5110,45,17,28,14,14,8,9,6,0,0,3,0,0,0,1,0,0,0,0,0,0,0,1,1.0,1.0,0.8571428571428572,0.0,0.0,0.0,1,0,1
5111,44,17,27,14,12,10,8,5,0,0,2,0,0,0,1,0,0,0,0,0,0,0,1,1.0,1.0,0.8333333333333334,0.0,0.0,0.0,1,0,1
5112,43,17,26,14,12,10,7,4,0,0,1,0,0,0,1,0,0,0,0,0,0,0,1,1.0,1.0,0.8,0.0,0.0,0.0,1,0,1
5113,43,17,26,14,12,10,7,4,0,0,1,0,0,0,0,0,0,0,0,0,0,0,0,1.0,1.0,1.0,0.0,0.0,0.0,1,0,0
5114,43,17,26,14,12,10,7,4,0,0,1,0,0,0,0,0,0,0,0,0,0,0,0,1.0,1.0,1.0,0.0,0.0,0.0,1,0,0
5115,42,16,26,14,12,9,7,4,0,0,1,0,0,1,0,0,0,0,0,0,0,0,1,1.0,1.0,1.0,0.0,0.0,0.0,1,0,1
5116,41,16,25,14,12,8,7,4,0,0,1,0,0,0,1,0,0,0,0,0,0,0,1,1.0,1.0,1.0,0.0,0.0,0.0,1,0,1
5117,40,15,25,11,14,8,7,4,0,0,1,0,0,1,0,0,0,0,0,0,1,0,1,0.9615384615384616,1.0,1.0,0.0,0.0,0.0,1,0,1
5118,40,15,25,11,14,8,7,4,0,0,1,0,0,0,0,0,0,0,0,0,0,0,0,1.0,1.0,1.0,0.0,0.0,0.0,1,0,0
5119,40,15,25,11,14,8,7,4,0,0,1,0,0,0,0,0,0,0,0,0,0,0,0,1.0,1.0,1.0,0.0,0.0,0.0,1,0,0
5120,40,15,25,11,14,8,7,4,0,0,1,0,0,0,0,0,0,0,0,0,0,0,0,1.0,1.0,1.0,0.0,0.0,0.0,1,0,0
5121,39,14,25,8,17,7,7,4,0,0,1,0,0,0,0,0,0,0,0,0,0,0,0,1.0,1.0,1.0,0.0,0.0,0.0,1,0,1
5122,39,14,25,8,17,7,7,4,0,0,1,0,0,0,0,0,0,0,0,0,0,0,0,1.0,1.0,1.0,0.0,0.0,0.0,1,0,0
5123,39,14,25,8,17,7,7,4,0,0,0,0,0,0,0,0,0,0,0,0,0,0,0,1.0,1.0,1.0,0.0,0.0,0.0,1,0,0
5124,39,14,25,8,17,7,7,4,0,0,0,0,0,0,0,0,0,0,0,0,0,0,0,1.0,1.0,1.0,0.0,0.0,0.0,1,0,0
5125,39,14,25,8,17,7,7,4,0,0,0,0,0,0,0,0,0,0,0,0,0,0,0,1.0,1.0,1.0,0.0,0.0,0.0,1,0,0
5126,39,14,25,8,17,7,7,4,0,0,0,0,0,0,0,0,0,0,0,0,0,0,0,1.0,1.0,1.0,0.0,0.0,0.0,1,0,0
5127,39,14,25,8,17,7,7,4,0,0,0,0,0,0,0,0,0,0,0,0,0,0,0,1.0,1.0,1.0,0.0,0.0,0.0,1,0,0
5128,39,14,25,8,17,7,7,4,0,0,0,0,0,0,0,0,0,0,0,0,0,0,0,1.0,1.0,1.0,0.0,0.0,0.0,1,0,0
5129,39,14,25,8,17,7,7,4,0,0,0,0,0,0,0,0,0,0,0,0,0,0,0,1.0,1.0,1.0,0.0,0.0,0.0,1,0,0
5130,39,14,25,4,21,7,7,4,0,0,0,0,0,0,0,0,0,0,0,0,0,0,0,1.0,1.0,1.0,0.0,0.0,0.0,1,0,0
5131,39,14,25,4,21,7,7,4,0,0,0,0,0,0,0,0,0,0,0,0,0,0,0,1.0,1.0,1.0,0.0,0.0,0.0,1,0,0
5132,39,14,25,4,21,7,7,4,0,0,0,0,0,0,0,0,0,0,0,0,0,0,0,1.0,1.0,1.0,0.0,0.0,0.0,1,0,0
5133,39,14,25,4,21,7,7,4,0,0,0,0,0,0,0,0,0,0,0,0,0,0,0,1.0,1.0,1.0,0.0,0.0,0.0,1,0,0
5134,39,14,25,4,21,7,7,4,0,0,0,0,0,0,0,0,0,0,0,0,0,0,0,1.0,1.0,1.0,0.0,0.0,0.0,1,0,0
5135,39,14,25,4,21,7,7,4,0,0,0,0,0,0,0,0,0,0,0,0,0,0,0,1.0,1.0,1.0,0.0,0.0,0.0,1,0,0
5136,38,14,24,4,20,7,7,4,0,0,0,0,0,0,0,0,0,0,0,0,1,0,1,0.96,1.0,1.0,0.0,0.0,0.0,1,0,1
5137,38,14,24,4,20,7,7,4,0,0,0,0,0,0,0,0,0,0,0,0,0,0,0,1.0,1.0,1.0,0.0,0.0,0.0,1,0,0
5138,38,14,24,4,20,7,7,4,0,0,0,0,0,0,0,0,0,0,0,0,0,0,0,1.0,1.0,1.0,0.0,0.0,0.0,1,0,0
5139,38,14,24,0,24,7,7,4,0,0,0,0,0,0,0,0,0,0,0,0,0,0,0,1.0,1.0,1.0,0.0,0.0,0.0,1,0,0
5140,38,14,24,0,24,7,7,4,1,0,0,0,0,0,0,0,6,1,0,0,0,0,0,1.0,1.0,1.0,0.0,0.0,0.16666666666666666,1,0,0
5141,38,14,24,0,24,7,7,4,1,0,0,0,0,0,0,0,1,0,0,0,0,0,0,1.0,1.0,1.0,0.0,0.0,0.0,1,0,0
5142,38,14,24,0,24,7,7,4,1,2,0,0,0,0,0,0,3,0,2,0,0,0,0,1.0,1.0,1.0,0.0,0.0,0.0,1,0,0
5143,38,14,24,0,24,7,7,4,2,2,0,0,0,0,0,0,2,1,0,0,0,0,0,1.0,1.0,1.0,0.0,0.0,0.5,1,0,0
5144,38,14,24,0,24,7,7,4,2,2,0,0,0,0,0,0,0,0,0,0,0,0,0,1.0,1.0,1.0,0.0,0.0,0.0,1,0,0
5145,38,14,24,0,24,7,7,4,2,2,0,0,0,0,0,0,0,0,0,0,0,0,0,1.0,1.0,1.0,0.0,0.0,0.0,1,0,0
5146,38,14,24,0,24,7,7,4,2,2,0,0,0,0,0,0,0,0,0,0,0,0,0,1.0,1.0,1.0,0.0,0.0,0.0,1,0,0
5147,37,14,23,0,23,7,7,4,2,2,0,0,0,0,0,0,0,0,0,0,1,0,1,0.9583333333333334,1.0,1.0,0.0,0.0,0.0,1,0,1
5148,37,14,23,0,23,7,7,4,2,2,0,0,0,0,0,0,0,0,0,0,0,0,0,1.0,1.0,1.0,0.0,0.0,0.0,1,0,0
5149,37,14,23,0,23,7,7,4,2,2,0,0,0,0,0,0,0,0,0,0,0,0,0,1.0,1.0,1.0,0.0,0.0,0.0,1,0,0
5150,37,14,23,0,23,7,7,4,2,2,0,0,0,0,0,0,0,0,0,0,0,0,0,1.0,1.0,1.0,0.0,0.0,0.0,1,0,0
5151,37,14,23,0,23,7,7,4,2,2,0,0,0,0,0,0,0,0,0,0,0,0,0,1.0,1.0,1.0,0.0,0.0,0.0,1,0,0
5152,37,14,23,0,23,7,7,4,2,2,0,0,0,0,0,0,0,0,0,0,0,0,0,1.0,1.0,1.0,0.0,0.0,0.0,1,0,0
5153,37,14,23,0,23,7,7,4,2,2,0,0,0,0,0,0,0,0,0,0,0,0,0,1.0,1.0,1.0,0.0,0.0,0.0,1,0,0
5154,36,13,23,0,22,7,7,4,2,2,0,0,0,0,0,0,0,0,0,0,1,0,1,0.9565217391304348,1.0,1.0,0.0,0.0,0.0,1,0,1
5155,36,13,23,0,22,7,7,4,2,2,0,0,0,0,0,0,0,0,0,0,0,0,0,1.0,1.0,1.0,0.0,0.0,0.0,1,0,0
5156,36,13,23,0,22,7,7,4,2,2,0,0,0,0,0,0,0,0,0,0,0,0,0,1.0,1.0,1.0,0.0,0.0,0.0,1,0,0
5157,36,13,23,0,22,7,7,4,2,2,0,0,0,0,0,0,0,0,0,0,0,0,0,1.0,1.0,1.0,0.0,0.0,0.0,1,0,0
5158,36,13,23,0,22,7,7,4,2,2,0,0,0,0,0,0,0,0,0,0,0,0,0,1.0,1.0,1.0,0.0,0.0,0.0,1,0,0
5159,36,13,23,0,22,7,7,4,2,2,0,0,0,0,0,0,0,0,0,0,0,0,0,1.0,1.0,1.0,0.0,0.0,0.0,1,0,0
5160,36,13,23,0,22,7,7,4,2,2,0,0,0,0,0,0,0,0,0,0,0,0,0,1.0,1.0,1.0,0.0,0.0,0.0,1,0,0
5161,36,13,23,0,22,6,8,4,2,2,0,0,0,0,0,0,0,0,0,0,0,0,0,1.0,1.0,1.0,0.0,0.0,0.0,1,0,0
5162,36,13,23,0,22,6,8,4,2,2,0,0,0,0,0,0,0,0,0,0,0,0,0,1.0,1.0,1.0,0.0,0.0,0.0,1,0,0
5163,36,13,23,0,22,6,8,4,2,2,0,0,0,0,0,0,0,0,0,0,0,0,0,1.0,1.0,1.0,0.0,0.0,0.0,1,0,0
5164,36,13,23,0,22,6,8,4,2,2,0,0,0,0,0,0,0,0,0,0,0,0,0,1.0,1.0,1.0,0.0,0.0,0.0,1,0,0
5165,36,13,23,0,22,6,8,4,2,2,0,0,0,0,0,0,0,0,0,0,0,0,0,1.0,1.0,1.0,0.0,0.0,0.0,1,0,0
5166,36,13,23,0,22,6,8,4,2,2,0,0,0,0,0,0,0,0,0,0,0,0,0,1.0,1.0,1.0,0.0,0.0,0.0,1,0,0
5167,36,13,23,0,22,6,8,4,2,2,0,0,0,0,0,0,0,0,0,0,0,0,0,1.0,1.0,1.0,0.0,0.0,0.0,1,0,0
5168,36,13,23,0,22,6,8,4,2,2,0,0,0,0,0,0,0,0,0,0,0,0,0,1.0,1.0,1.0,0.0,0.0,0.0,1,0,0
5169,35,13,22,0,22,5,8,4,2,2,0,0,0,0,0,0,0,0,0,0,0,0,0,1.0,1.0,1.0,0.0,0.0,0.0,1,0,1
5170,34,13,21,0,21,5,8,4,2,2,0,0,0,0,0,0,0,0,0,0,1,0,1,0.9545454545454546,1.0,1.0,0.0,0.0,0.0,1,0,1
5171,34,13,21,0,21,4,9,5,2,2,0,0,0,0,0,0,0,0,0,0,0,0,0,1.0,1.0,1.0,0.0,0.0,0.0,1,0,0
5172,34,13,21,0,21,4,9,5,2,2,0,0,0,0,0,0,0,0,0,0,0,0,0,1.0,1.0,1.0,0.0,0.0,0.0,1,0,0
5173,34,13,21,0,21,4,9,5,2,2,0,0,0,0,0,0,0,0,0,0,0,0,0,1.0,1.0,1.0,0.0,0.0,0.0,1,0,0
5174,34,13,21,0,21,4,9,5,2,2,0,0,0,0,0,0,0,0,0,0,0,0,0,1.0,1.0,1.0,0.0,0.0,0.0,1,0,0
5175,34,13,21,0,21,4,9,5,2,2,0,0,0,0,0,0,0,0,0,0,0,0,0,1.0,1.0,1.0,0.0,0.0,0.0,1,0,0
5176,34,13,21,0,21,4,9,5,2,2,0,0,0,0,0,0,0,0,0,0,0,0,0,1.0,1.0,1.0,0.0,0.0,0.0,1,0,0
5177,34,13,21,0,21,3,10,6,2,2,0,0,0,0,0,0,0,0,0,0,0,0,0,1.0,1.0,1.0,0.0,0.0,0.0,1,0,0
5178,34,13,21,0,21,3,10,6,2,2,0,0,0,0,0,0,0,0,0,0,0,2,0,1.0,1.0,1.0,0.0,0.0,0.0,1,0,0
5179,34,13,21,0,21,3,10,6,3,2,0,0,0,0,0,0,4,1,0,0,0,0,0,1.0,1.0,1.0,0.0,0.0,0.25,1,0,0
5180,34,13,21,0,21,3,10,6,3,2,0,0,0,0,0,0,1,0,0,0,0,0,0,1.0,1.0,1.0,0.0,0.0,0.0,1,0,0
5181,34,13,21,0,21,3,10,6,3,2,0,0,0,0,0,0,5,0,0,0,0,0,0,1.0,1.0,1.0,0.0,0.0,0.0,1,0,0
5182,34,13,21,0,19,5,10,6,4,2,0,0,0,0,0,0,7,1,0,0,0,2,0,1.0,1.0,1.0,0.0,0.0,0.14285714285714285,1,0,0
5183,34,13,21,0,19,5,10,6,4,2,0,0,0,0,0,0,0,0,0,0,0,2,0,1.0,1.0,1.0,0.0,0.0,0.0,1,0,0
5184,34,13,21,0,19,5,10,6,4,2,0,0,0,0,0,0,0,0,0,0,0,0,0,1.0,1.0,1.0,0.0,0.0,0.0,1,0,0
5185,34,13,21,0,19,5,10,6,4,2,0,0,0,0,0,0,0,0,0,0,0,0,0,1.0,1.0,1.0,0.0,0.0,0.0,1,0,0
5186,34,13,21,0,17,7,10,6,4,2,0,0,0,0,0,0,0,0,0,0,0,1,0,1.0,1.0,1.0,0.0,0.0,0.0,1,0,0
5187,34,13,21,0,15,9,10,6,4,0,0,0,0,0,0,0,0,0,0,0,0,0,0,1.0,1.0,1.0,0.0,0.0,0.0,1,0,0
5188,34,13,21,0,15,9,10,6,4,0,0,0,0,0,0,0,2,0,0,0,0,0,0,1.0,1.0,1.0,0.0,0.0,0.0,1,0,0
5189,34,13,21,0,15,9,10,6,4,0,0,0,0,0,0,0,3,0,0,0,0,0,0,1.0,1.0,1.0,0.0,0.0,0.0,1,0,0
5190,34,13,21,0,14,10,10,6,5,0,0,0,0,0,0,0,2,1,0,0,0,0,0,1.0,1.0,1.0,0.0,0.0,0.5,1,0,0
5191,34,13,21,0,14,10,10,6,5,0,0,0,0,0,0,0,5,0,0,0,0,0,0,1.0,1.0,1.0,0.0,0.0,0.0,1,0,0
5192,34,13,21,0,14,10,10,6,5,0,0,0,0,0,0,0,1,0,0,0,0,0,0,1.0,1.0,1.0,0.0,0.0,0.0,1,0,0
5193,34,13,21,0,14,10,10,6,5,0,0,0,0,0,0,0,0,0,0,0,0,0,0,1.0,1.0,1.0,0.0,0.0,0.0,1,0,0
5194,34,13,21,0,14,10,10,6,5,0,0,0,0,0,0,0,0,0,0,0,0,0,0,1.0,1.0,1.0,0.0,0.0,0.0,1,0,0
5195,34,13,21,0,14,10,10,6,5,0,0,0,0,0,0,0,0,0,0,0,0,0,0,1.0,1.0,1.0,0.0,0.0,0.0,1,0,0
5196,34,13,21,0,14,10,10,6,5,0,0,0,0,0,0,0,0,0,0,0,0,0,0,1.0,1.0,1.0,0.0,0.0,0.0,1,0,0
5197,34,13,21,0,14,10,10,6,5,0,0,0,0,0,0,0,0,0,0,0,0,0,0,1.0,1.0,1.0,0.0,0.0,0.0,1,0,0
5198,34,13,21,0,14,10,10,6,5,0,0,0,0,0,0,0,0,0,0,0,0,0,0,1.0,1.0,1.0,0.0,0.0,0.0,1,0,0
5199,34,13,21,0,14,10,10,6,5,0,0,0,0,0,0,0,0,0,0,0,0,0,0,1.0,1.0,1.0,0.0,0.0,0.0,1,0,0
5200,34,13,21,0,14,10,10,6,5,0,0,0,0,0,0,0,0,0,0,0,0,0,0,1.0,1.0,1.0,0.0,0.0,0.0,1,0,0
5201,34,13,21,0,14,10,10,6,6,0,0,0,0,0,0,0,3,1,0,0,0,0,0,1.0,1.0,1.0,0.0,0.0,0.3333333333333333,1,0,0
5202,34,13,21,0,14,10,10,6,6,0,0,0,0,0,0,0,0,0,0,0,0,0,0,1.0,1.0,1.0,0.0,0.0,0.0,1,0,0
5203,33,13,20,0,14,9,10,6,6,0,0,0,0,0,1,0,0,0,0,0,0,0,1,1.0,1.0,1.0,0.0,0.0,0.0,1,0,1
5204,32,13,19,0,14,9,9,5,5,0,0,0,0,0,1,0,0,0,0,0,0,0,1,1.0,1.0,0.8333333333333334,0.0,0.0,0.0,1,0,1
5205,35,15,20,4,14,8,9,5,4,0,1,0,0,0,1,0,0,0,0,1,0,0,1,1.0,1.0,1.0,0.125,0.125,0.0,1,4,1
5206,35,15,20,4,14,8,9,5,4,0,1,0,0,0,0,0,0,0,0,0,0,0,0,1.0,1.0,1.0,0.0,0.0,0.0,1,0,0
5207,33,14,19,4,12,8,9,5,4,0,1,0,0,1,1,0,0,0,0,0,2,0,2,0.8888888888888888,1.0,1.0,0.0,0.0,0.0,1,0,2
5208,35,14,21,7,11,8,9,5,3,0,2,0,0,1,0,0,0,0,0,1,1,0,1,0.9375,1.0,1.0,0.09090909090909091,0.09090909090909091,0.0,1,3,1
5209,35,14,21,7,11,8,9,5,3,0,2,0,0,0,0,0,0,0,0,0,0,0,0,1.0,1.0,1.0,0.0,0.0,0.0,1,0,0
5210,35,14,21,7,11,8,9,5,3,0,2,0,0,0,0,0,0,0,0,0,0,0,0,1.0,1.0,1.0,0.0,0.0,0.0,1,0,0
5211,35,14,21,7,11,8,9,5,3,0,2,0,0,0,0,0,0,0,0,0,0,0,0,1.0,1.0,1.0,0.0,0.0,0.0,1,0,0
5212,35,14,21,7,11,8,9,5,3,0,2,0,0,0,0,0,0,0,0,0,0,0,0,1.0,1.0,1.0,0.0,0.0,0.0,1,0,0
5213,35,14,21,7,11,8,9,5,3,0,2,0,0,0,0,0,0,0,0,0,0,0,0,1.0,1.0,1.0,0.0,0.0,0.0,1,0,0
5214,35,14,21,7,11,8,9,5,3,0,2,0,0,0,0,0,0,0,0,0,0,0,0,1.0,1.0,1.0,0.0,0.0,0.0,1,0,0
5215,35,14,21,7,11,8,9,5,3,0,2,0,0,0,0,0,0,0,0,0,0,0,0,1.0,1.0,1.0,0.0,0.0,0.0,1,0,0
5216,35,14,21,7,11,8,9,5,3,0,2,0,0,0,0,0,0,0,0,0,0,0,0,1.0,1.0,1.0,0.0,0.0,0.0,1,0,0
5217,35,14,21,7,11,8,9,5,3,0,2,0,0,0,0,0,0,0,0,0,0,0,0,1.0,1.0,1.0,0.0,0.0,0.0,1,0,0
5218,35,14,21,7,11,8,9,5,3,0,2,0,0,0,0,0,0,0,0,0,0,0,0,1.0,1.0,1.0,0.0,0.0,0.0,1,0,0
5219,35,14,21,7,11,8,9,5,3,0,2,0,0,0,0,0,0,0,0,0,0,0,0,1.0,1.0,1.0,0.0,0.0,0.0,1,0,0
5220,35,14,21,7,11,8,9,5,3,0,2,0,0,0,0,0,0,0,0,0,0,0,0,1.0,1.0,1.0,0.0,0.0,0.0,1,0,0
5221,35,14,21,7,11,8,9,5,3,0,2,0,0,0,0,0,0,0,0,0,0,0,0,1.0,1.0,1.0,0.0,0.0,0.0,1,0,0
5222,34,13,21,7,10,8,9,5,3,0,2,0,0,0,0,0,0,0,0,0,1,0,1,0.9444444444444444,1.0,1.0,0.0,0.0,0.0,1,0,1
5223,34,13,21,7,10,8,9,5,3,0,2,0,0,0,0,0,0,0,0,0,0,0,0,1.0,1.0,1.0,0.0,0.0,0.0,1,0,0
5224,34,13,21,7,10,8,9,5,3,0,2,0,0,0,0,0,0,0,0,0,0,0,0,1.0,1.0,1.0,0.0,0.0,0.0,1,0,0
5225,34,13,21,7,10,8,9,5,3,0,2,0,0,0,0,0,0,0,0,0,0,0,0,1.0,1.0,1.0,0.0,0.0,0.0,1,0,0
5226,34,13,21,7,10,8,9,5,3,0,2,0,0,0,0,0,0,0,0,0,0,0,0,1.0,1.0,1.0,0.0,0.0,0.0,1,0,0
5227,34,13,21,7,10,8,9,5,3,0,2,0,0,0,0,0,0,0,0,0,0,0,0,1.0,1.0,1.0,0.0,0.0,0.0,1,0,0
5228,34,13,21,7,10,8,9,5,3,0,2,0,0,0,0,0,0,0,0,0,0,0,0,1.0,1.0,1.0,0.0,0.0,0.0,1,0,0
5229,34,13,21,7,10,8,9,5,3,0,2,0,0,0,0,0,0,0,0,0,0,0,0,1.0,1.0,1.0,0.0,0.0,0.0,1,0,0
5230,34,13,21,7,10,8,9,5,3,0,2,0,0,0,0,0,0,0,0,0,0,0,0,1.0,1.0,1.0,0.0,0.0,0.0,1,0,0
5231,34,13,21,7,10,8,9,5,3,0,2,0,0,0,0,0,0,0,0,0,0,0,0,1.0,1.0,1.0,0.0,0.0,0.0,1,0,0
5232,34,13,21,7,10,8,9,5,3,0,2,0,0,0,0,0,0,0,0,0,0,0,0,1.0,1.0,1.0,0.0,0.0,0.0,1,0,0
5233,34,13,21,7,10,8,9,5,3,0,2,0,0,0,0,0,0,0,0,0,0,0,0,1.0,1.0,1.0,0.0,0.0,0.0,1,0,0
5234,34,13,21,7,10,8,9,5,3,0,2,0,0,0,0,0,0,0,0,0,0,0,0,1.0,1.0,1.0,0.0,0.0,0.0,1,0,0
5235,34,13,21,7,10,8,9,5,3,0,2,0,0,0,0,0,0,0,0,0,0,0,0,1.0,1.0,1.0,0.0,0.0,0.0,1,0,0
5236,34,13,21,7,10,8,9,5,3,0,2,0,0,0,0,0,0,0,0,0,0,0,0,1.0,1.0,1.0,0.0,0.0,0.0,1,0,0
5237,34,13,21,7,10,8,9,5,3,0,2,0,0,0,0,0,0,0,0,0,0,1,0,1.0,1.0,1.0,0.0,0.0,0.0,1,0,0
5238,34,13,21,7,10,8,9,5,3,0,2,0,0,0,0,0,0,0,0,0,0,0,0,1.0,1.0,1.0,0.0,0.0,0.0,1,0,0
5239,34,13,21,7,10,8,9,5,3,0,2,0,0,0,0,0,0,0,0,0,0,0,0,1.0,1.0,1.0,0.0,0.0,0.0,1,0,0
5240,34,13,21,7,10,8,9,5,3,0,2,0,0,0,0,0,0,0,0,0,0,0,0,1.0,1.0,1.0,0.0,0.0,0.0,1,0,0
5241,34,13,21,7,9,9,9,5,3,0,2,0,0,0,0,0,0,0,0,0,0,0,0,1.0,1.0,1.0,0.0,0.0,0.0,1,0,0
5242,34,13,21,7,9,9,9,5,3,0,2,0,0,0,0,0,0,0,0,0,0,0,0,1.0,1.0,1.0,0.0,0.0,0.0,1,0,0
5243,34,13,21,7,9,9,9,5,3,0,2,0,0,0,0,0,0,0,0,0,0,0,0,1.0,1.0,1.0,0.0,0.0,0.0,1,0,0
5244,38,16,22,11,9,9,9,5,2,0,3,0,0,0,0,0,0,0,0,1,0,0,0,1.0,1.0,1.0,0.11764705882352941,0.11764705882352941,0.0,1,4,0
5245,38,16,22,11,9,9,9,5,2,0,3,0,0,0,0,0,0,0,0,0,0,0,0,1.0,1.0,1.0,0.0,0.0,0.0,1,0,0
5246,38,16,22,11,9,9,9,5,2,0,3,0,0,0,0,0,0,0,0,0,0,0,0,1.0,1.0,1.0,0.0,0.0,0.0,1,0,0
5247,41,17,24,14,9,9,9,5,1,0,4,0,0,0,0,0,0,0,0,1,0,0,0,1.0,1.0,1.0,0.07894736842105263,0.07894736842105263,0.0,1,3,0
5248,41,17,24,10,13,9,9,5,1,0,4,0,0,0,0,0,0,0,0,0,0,0,0,1.0,1.0,1.0,0.0,0.0,0.0,1,0,0
5249,41,17,24,10,13,9,9,5,1,0,4,0,0,0,0,0,0,0,0,0,0,0,0,1.0,1.0,1.0,0.0,0.0,0.0,1,0,0
5250,41,17,24,10,13,9,9,5,1,0,3,0,0,0,0,0,0,0,0,0,0,0,0,1.0,1.0,1.0,0.0,0.0,0.0,1,0,0
5251,41,17,24,7,16,9,9,5,1,0,3,0,0,0,0,0,3,0,0,0,0,0,0,1.0,1.0,1.0,0.0,0.0,0.0,1,0,0
5252,41,17,24,7,16,9,9,5,2,0,3,0,0,0,0,0,7,1,0,0,0,0,0,1.0,1.0,1.0,0.0,0.0,0.14285714285714285,1,0,0
5253,41,17,24,7,16,9,9,5,2,0,2,0,0,0,0,0,0,0,0,0,0,0,0,1.0,1.0,1.0,0.0,0.0,0.0,1,0,0
5254,41,17,24,7,16,9,9,5,3,0,2,0,0,0,0,0,5,1,0,0,0,2,0,1.0,1.0,1.0,0.0,0.0,0.2,1,0,0
5255,45,20,25,11,16,9,9,5,2,0,3,0,0,0,0,0,0,0,0,1,0,0,0,1.0,1.0,1.0,0.0975609756097561,0.0975609756097561,0.0,1,4,0
5256,45,20,25,11,16,9,9,5,2,0,3,0,0,0,0,0,0,0,0,0,0,0,0,1.0,1.0,1.0,0.0,0.0,0.0,1,0,0
5257,44,20,24,11,15,9,9,5,2,0,3,0,0,0,0,0,0,0,0,0,1,0,1,0.962962962962963,1.0,1.0,0.0,0.0,0.0,1,0,1
5258,44,20,24,11,13,11,9,5,2,0,3,0,0,0,0,0,0,0,0,0,0,2,0,1.0,1.0,1.0,0.0,0.0,0.0,1,0,0
5259,44,20,24,11,13,11,9,5,2,0,3,0,0,0,0,0,0,0,0,0,0,0,0,1.0,1.0,1.0,0.0,0.0,0.0,1,0,0
5260,44,20,24,11,13,11,9,5,2,0,3,0,0,0,0,0,0,0,0,0,0,0,0,1.0,1.0,1.0,0.0,0.0,0.0,1,0,0
5261,44,20,24,11,13,11,9,5,2,0,3,0,0,0,0,0,0,0,0,0,0,0,0,1.0,1.0,1.0,0.0,0.0,0.0,1,0,0
5262,44,20,24,11,11,13,9,5,2,0,3,0,0,0,0,0,0,0,0,0,0,0,0,1.0,1.0,1.0,0.0,0.0,0.0,1,0,0
5263,44,20,24,11,11,13,9,5,2,0,3,0,0,0,0,0,0,0,0,0,0,0,0,1.0,1.0,1.0,0.0,0.0,0.0,1,0,0
5264,44,20,24,11,11,13,9,5,2,0,3,0,0,0,0,0,0,0,0,0,0,0,0,1.0,1.0,1.0,0.0,0.0,0.0,1,0,0
5265,44,20,24,11,11,13,9,5,2,0,3,0,0,0,0,0,0,0,0,0,0,0,0,1.0,1.0,1.0,0.0,0.0,0.0,1,0,0
5266,44,20,24,11,11,13,9,5,2,0,3,0,0,0,0,0,0,0,0,0,0,0,0,1.0,1.0,1.0,0.0,0.0,0.0,1,0,0
5267,44,20,24,11,11,13,9,5,2,0,3,0,0,0,0,0,0,0,0,0,0,1,0,1.0,1.0,1.0,0.0,0.0,0.0,1,0,0
5268,44,20,24,11,11,13,9,5,2,0,3,0,0,0,0,0,0,0,0,0,0,0,0,1.0,1.0,1.0,0.0,0.0,0.0,1,0,0
5269,44,20,24,11,11,13,9,5,2,0,3,0,0,0,0,0,0,0,0,0,0,0,0,1.0,1.0,1.0,0.0,0.0,0.0,1,0,0
5270,44,20,24,11,11,13,9,5,2,0,3,0,0,0,0,0,0,0,0,0,0,0,0,1.0,1.0,1.0,0.0,0.0,0.0,1,0,0
5271,43,19,24,10,10,14,9,5,2,0,3,0,0,0,0,0,0,0,0,0,1,0,1,0.9523809523809523,1.0,1.0,0.0,0.0,0.0,1,0,1
5272,43,19,24,10,10,14,9,5,2,0,3,0,0,0,0,0,0,0,0,0,0,0,0,1.0,1.0,1.0,0.0,0.0,0.0,1,0,0
5273,43,19,24,10,10,14,9,5,2,0,3,0,0,0,0,0,0,0,0,0,0,0,0,1.0,1.0,1.0,0.0,0.0,0.0,1,0,0
5274,43,19,24,10,10,14,9,5,2,0,3,0,0,0,0,0,0,0,0,0,0,0,0,1.0,1.0,1.0,0.0,0.0,0.0,1,0,0
5275,42,19,23,10,9,14,9,5,2,0,3,0,0,0,0,0,0,0,0,0,1,0,1,0.95,1.0,1.0,0.0,0.0,0.0,1,0,1
5276,42,19,23,10,9,13,10,6,2,0,3,0,0,0,0,0,0,0,0,0,0,2,0,1.0,1.0,1.0,0.0,0.0,0.0,1,0,0
5277,42,19,23,10,9,13,10,6,2,0,3,0,0,0,0,0,0,0,0,0,0,0,0,1.0,1.0,1.0,0.0,0.0,0.0,1,0,0
5278,42,19,23,10,9,13,10,6,2,0,3,0,0,0,0,0,0,0,0,0,0,0,0,1.0,1.0,1.0,0.0,0.0,0.0,1,0,0
5279,42,19,23,10,9,13,10,6,2,0,3,0,0,0,0,0,0,0,0,0,0,0,0,1.0,1.0,1.0,0.0,0.0,0.0,1,0,0
5280,42,19,23,10,7,15,10,6,2,0,3,0,0,0,0,0,0,0,0,0,0,0,0,1.0,1.0,1.0,0.0,0.0,0.0,1,0,0
5281,42,19,23,10,7,15,10,6,2,0,3,0,0,0,0,0,0,0,0,0,0,0,0,1.0,1.0,1.0,0.0,0.0,0.0,1,0,0
5282,42,19,23,10,7,14,11,7,2,0,3,0,0,0,0,0,0,0,0,0,0,0,0,1.0,1.0,1.0,0.0,0.0,0.0,1,0,0
5283,42,19,23,10,7,14,11,7,3,0,3,0,0,0,0,0,7,1,0,0,0,0,0,1.0,1.0,1.0,0.0,0.0,0.14285714285714285,1,0,0
5284,42,19,23,10,7,14,11,7,4,0,3,0,0,0,0,0,4,1,0,0,0,0,0,1.0,1.0,1.0,0.0,0.0,0.25,1,0,0
5285,42,19,23,10,7,14,11,7,4,0,3,0,0,0,0,0,0,0,0,0,0,0,0,1.0,1.0,1.0,0.0,0.0,0.0,1,0,0
5286,42,19,23,10,7,14,11,7,4,0,3,0,0,0,0,0,0,0,0,0,0,0,0,1.0,1.0,1.0,0.0,0.0,0.0,1,0,0
5287,42,19,23,7,10,14,11,7,4,0,3,0,0,0,0,0,0,0,0,0,0,0,0,1.0,1.0,1.0,0.0,0.0,0.0,1,0,0
5288,42,19,23,7,10,14,11,7,4,0,3,0,0,0,0,0,0,0,0,0,0,0,0,1.0,1.0,1.0,0.0,0.0,0.0,1,0,0
5289,42,19,23,7,10,14,11,7,4,0,2,0,0,0,0,0,0,0,0,0,0,0,0,1.0,1.0,1.0,0.0,0.0,0.0,1,0,0
5290,42,19,23,4,13,14,11,7,5,0,2,0,0,0,0,0,6,1,0,0,0,0,0,1.0,1.0,1.0,0.0,0.0,0.16666666666666666,1,0,0
5291,42,19,23,4,13,14,11,7,5,0,2,0,0,0,0,0,0,0,0,0,0,0,0,1.0,1.0,1.0,0.0,0.0,0.0,1,0,0
5292,42,19,23,4,13,14,11,7,5,0,1,0,0,0,0,0,0,0,0,0,0,0,0,1.0,1.0,1.0,0.0,0.0,0.0,1,0,0
5293,41,18,23,4,13,12,12,8,6,0,1,0,0,1,0,0,8,1,0,0,0,0,1,1.0,1.0,1.0,0.0,0.0,0.125,1,0,1
5294,41,18,23,4,13,12,12,8,6,0,1,0,0,0,0,0,0,0,0,0,0,0,0,1.0,1.0,1.0,0.0,0.0,0.0,1,0,0
5295,39,17,22,4,13,11,11,7,6,0,0,0,0,1,1,0,0,0,0,0,0,0,2,1.0,1.0,0.875,0.0,0.0,0.0,1,0,2
5296,38,17,21,4,12,11,11,7,7,0,0,0,0,0,1,0,4,1,0,0,1,0,1,0.9411764705882353,1.0,1.0,0.0,0.0,0.25,1,0,1
5297,37,16,21,4,11,10,12,8,7,0,0,0,0,1,0,0,4,0,0,0,1,0,1,0.9375,1.0,1.0,0.0,0.0,0.0,1,0,1
5298,36,16,20,0,14,10,12,8,7,0,0,0,0,0,1,0,2,0,0,0,1,0,1,0.9333333333333333,1.0,1.0,0.0,0.0,0.0,1,0,1
5299,33,16,17,0,13,9,11,7,7,0,0,0,0,0,3,0,3,1,0,0,1,0,3,0.9285714285714286,1.0,0.875,0.0,0.0,0.3333333333333333,1,0,3
5300,33,16,17,0,13,9,11,7,7,0,0,0,0,0,0,0,0,0,0,0,0,0,0,1.0,1.0,1.0,0.0,0.0,0.0,1,0,0
5301,33,16,17,0,13,9,11,7,7,0,0,0,0,0,0,0,0,0,0,0,0,0,0,1.0,1.0,1.0,0.0,0.0,0.0,1,0,0
5302,33,16,17,0,13,9,11,7,7,0,0,0,0,0,0,0,0,0,0,0,0,0,0,1.0,1.0,1.0,0.0,0.0,0.0,1,0,0
5303,33,16,17,0,13,9,11,7,7,0,0,0,0,0,0,0,0,0,0,0,0,0,0,1.0,1.0,1.0,0.0,0.0,0.0,1,0,0
5304,33,16,17,0,13,9,11,7,7,0,0,0,0,0,0,0,0,0,0,0,0,0,0,1.0,1.0,1.0,0.0,0.0,0.0,1,0,0
5305,33,16,17,0,13,9,11,7,7,0,0,0,0,0,0,0,0,0,0,0,0,0,0,1.0,1.0,1.0,0.0,0.0,0.0,1,0,0
5306,33,16,17,0,13,9,11,7,7,0,0,0,0,0,0,0,0,0,0,0,0,0,0,1.0,1.0,1.0,0.0,0.0,0.0,1,0,0
5307,33,16,17,0,13,8,12,8,7,0,0,0,0,0,0,0,0,0,0,0,0,0,0,1.0,1.0,1.0,0.0,0.0,0.0,1,0,0
5308,33,16,17,0,13,8,12,8,7,0,0,0,0,0,0,0,0,0,0,0,0,0,0,1.0,1.0,1.0,0.0,0.0,0.0,1,0,0
5309,33,16,17,0,13,8,12,8,8,0,0,0,0,0,0,0,6,1,0,0,0,0,0,1.0,1.0,1.0,0.0,0.0,0.16666666666666666,1,0,0
5310,33,16,17,0,13,8,12,8,8,0,0,0,0,0,0,0,0,0,0,0,0,0,0,1.0,1.0,1.0,0.0,0.0,0.0,1,0,0
5311,33,16,17,0,13,8,12,8,8,0,0,0,0,0,0,0,0,0,0,0,0,0,0,1.0,1.0,1.0,0.0,0.0,0.0,1,0,0
5312,33,16,17,0,13,8,12,8,8,0,0,0,0,0,0,0,0,0,0,0,0,0,0,1.0,1.0,1.0,0.0,0.0,0.0,1,0,0
5313,33,16,17,0,13,8,12,8,8,0,0,0,0,0,0,0,0,0,0,0,0,0,0,1.0,1.0,1.0,0.0,0.0,0.0,1,0,0
5314,33,16,17,0,13,8,12,8,8,0,0,0,0,0,0,0,0,0,0,0,0,0,0,1.0,1.0,1.0,0.0,0.0,0.0,1,0,0
5315,33,16,17,0,13,8,12,8,8,0,0,0,0,0,0,0,0,0,0,0,0,0,0,1.0,1.0,1.0,0.0,0.0,0.0,1,0,0
5316,33,16,17,0,13,8,12,8,8,0,0,0,0,0,0,0,0,0,0,0,0,0,0,1.0,1.0,1.0,0.0,0.0,0.0,1,0,0
5317,36,19,17,3,13,8,12,8,7,0,1,0,0,0,0,0,0,0,0,1,0,0,0,1.0,1.0,1.0,0.09090909090909091,0.09090909090909091,0.0,1,3,0
5318,36,19,17,3,13,8,12,8,7,0,1,0,0,0,0,0,0,0,0,0,0,0,0,1.0,1.0,1.0,0.0,0.0,0.0,1,0,0
5319,39,21,18,6,13,8,12,8,6,0,2,0,0,0,0,0,0,0,0,1,0,0,0,1.0,1.0,1.0,0.08333333333333333,0.08333333333333333,0.0,1,3,0
5320,39,21,18,6,13,8,12,8,6,0,2,0,0,0,0,0,0,0,0,0,0,0,0,1.0,1.0,1.0,0.0,0.0,0.0,1,0,0
5321,39,21,18,6,13,8,12,8,6,0,2,0,0,0,0,0,0,0,0,0,0,0,0,1.0,1.0,1.0,0.0,0.0,0.0,1,0,0
5322,39,21,18,6,13,7,13,8,6,0,2,0,0,0,0,0,0,0,0,0,0,0,0,1.0,1.0,1.0,0.0,0.0,0.0,1,0,0
5323,39,21,18,6,13,6,14,9,7,0,2,0,0,0,0,0,8,1,0,0,0,0,0,1.0,1.0,1.0,0.0,0.0,0.125,1,0,0
5324,39,21,18,6,13,6,14,9,7,0,2,0,0,0,0,0,0,0,0,0,0,0,0,1.0,1.0,1.0,0.0,0.0,0.0,1,0,0
5325,39,21,18,6,13,6,14,9,7,0,2,0,0,0,0,0,0,0,0,0,0,0,0,1.0,1.0,1.0,0.0,0.0,0.0,1,0,0
5326,39,21,18,6,13,6,14,9,7,0,2,0,0,0,0,0,0,0,0,0,0,0,0,1.0,1.0,1.0,0.0,0.0,0.0,1,0,0
5327,39,21,18,6,13,6,14,9,7,0,2,0,0,0,0,0,0,0,0,0,0,0,0,1.0,1.0,1.0,0.0,0.0,0.0,1,0,0
5328,39,21,18,6,13,6,14,9,7,0,2,0,0,0,0,0,0,0,0,0,0,0,0,1.0,1.0,1.0,0.0,0.0,0.0,1,0,0
5329,39,21,18,6,13,6,14,9,7,0,2,0,0,0,0,0,0,0,0,0,0,0,0,1.0,1.0,1.0,0.0,0.0,0.0,1,0,0
5330,39,21,18,6,13,6,14,9,7,0,2,0,0,0,0,0,0,0,0,0,0,0,0,1.0,1.0,1.0,0.0,0.0,0.0,1,0,0
5331,39,21,18,6,13,6,14,9,7,0,2,0,0,0,0,0,0,0,0,0,0,0,0,1.0,1.0,1.0,0.0,0.0,0.0,1,0,0
5332,38,21,17,6,12,6,14,9,7,0,2,0,0,0,0,0,0,0,0,0,1,0,1,0.9473684210526316,1.0,1.0,0.0,0.0,0.0,1,0,1
5333,38,21,17,6,12,6,14,9,7,0,2,0,0,0,0,0,0,0,0,0,0,0,0,1.0,1.0,1.0,0.0,0.0,0.0,1,0,0
5334,38,21,17,6,12,6,14,9,7,0,2,0,0,0,0,0,0,0,0,0,0,0,0,1.0,1.0,1.0,0.0,0.0,0.0,1,0,0
5335,38,21,17,6,12,6,14,9,7,0,2,0,0,0,0,0,0,0,0,0,0,0,0,1.0,1.0,1.0,0.0,0.0,0.0,1,0,0
5336,38,21,17,6,12,6,14,9,7,0,2,0,0,0,0,0,0,0,0,0,0,0,0,1.0,1.0,1.0,0.0,0.0,0.0,1,0,0
5337,38,21,17,6,12,6,14,9,7,0,2,0,0,0,0,0,0,0,0,0,0,0,0,1.0,1.0,1.0,0.0,0.0,0.0,1,0,0
5338,38,21,17,6,12,6,14,9,7,0,2,0,0,0,0,0,0,0,0,0,0,0,0,1.0,1.0,1.0,0.0,0.0,0.0,1,0,0
5339,37,20,17,6,11,6,14,9,7,0,2,0,0,0,0,0,0,0,0,0,1,0,1,0.9444444444444444,1.0,1.0,0.0,0.0,0.0,1,0,1
5340,37,20,17,6,11,6,14,9,7,0,2,0,0,0,0,0,0,0,0,0,0,0,0,1.0,1.0,1.0,0.0,0.0,0.0,1,0,0
5341,37,20,17,6,11,6,14,9,7,0,2,0,0,0,0,0,0,0,0,0,0,0,0,1.0,1.0,1.0,0.0,0.0,0.0,1,0,0
5342,37,20,17,6,11,6,14,9,7,0,2,0,0,0,0,0,0,0,0,0,0,0,0,1.0,1.0,1.0,0.0,0.0,0.0,1,0,0
5343,37,20,17,6,11,6,14,9,7,0,2,0,0,0,0,0,0,0,0,0,0,0,0,1.0,1.0,1.0,0.0,0.0,0.0,1,0,0
5344,37,20,17,6,11,6,14,9,7,0,2,0,0,0,0,0,0,0,0,0,0,0,0,1.0,1.0,1.0,0.0,0.0,0.0,1,0,0
5345,37,20,17,6,11,6,14,9,7,0,2,0,0,0,0,0,0,0,0,0,0,0,0,1.0,1.0,1.0,0.0,0.0,0.0,1,0,0
5346,37,20,17,6,11,6,14,9,7,0,2,0,0,0,0,0,0,0,0,0,0,0,0,1.0,1.0,1.0,0.0,0.0,0.0,1,0,0
5347,37,20,17,6,11,6,14,9,7,0,2,0,0,0,0,0,0,0,0,0,0,0,0,1.0,1.0,1.0,0.0,0.0,0.0,1,0,0
5348,40,22,18,9,11,6,14,9,6,0,3,0,0,0,0,0,0,0,0,1,0,0,0,1.0,1.0,1.0,0.08108108108108109,0.08108108108108109,0.0,1,3,0
5349,41,23,18,12,10,6,13,9,5,0,4,0,0,0,0,0,0,0,0,1,1,0,1,0.95,0.8,1.0,0.075,0.075,0.0,1,3,2
5350,41,23,18,12,10,6,13,9,5,0,4,0,0,0,0,0,0,0,0,0,0,0,0,1.0,1.0,1.0,0.0,0.0,0.0,1,0,0
5351,41,23,18,12,10,6,13,9,5,0,4,0,0,0,0,0,0,0,0,0,0,0,0,1.0,1.0,1.0,0.0,0.0,0.0,1,0,0
5352,41,23,18,12,10,6,13,9,5,0,4,0,0,0,0,0,0,0,0,0,0,0,0,1.0,1.0,1.0,0.0,0.0,0.0,1,0,0
5353,41,23,18,12,10,6,13,9,5,0,4,0,0,0,0,0,0,0,0,0,0,0,0,1.0,1.0,1.0,0.0,0.0,0.0,1,0,0
5354,40,22,18,11,10,6,13,9,5,0,4,0,0,0,0,0,0,0,0,0,1,0,1,0.9545454545454546,1.0,1.0,0.0,0.0,0.0,1,0,1
5355,44,24,20,15,10,6,13,9,4,0,5,0,0,0,0,0,0,0,0,1,0,0,0,1.0,1.0,1.0,0.1,0.1,0.0,1,4,0
5356,44,24,20,15,10,6,13,9,4,0,5,0,0,0,0,0,0,0,0,0,0,0,0,1.0,1.0,1.0,0.0,0.0,0.0,1,0,0
5357,44,24,20,15,10,6,13,9,4,0,5,0,0,0,0,0,0,0,0,0,0,0,0,1.0,1.0,1.0,0.0,0.0,0.0,1,0,0
5358,44,24,20,15,10,6,13,9,4,0,5,0,0,0,0,0,0,0,0,0,0,0,0,1.0,1.0,1.0,0.0,0.0,0.0,1,0,0
5359,43,23,20,14,10,6,13,9,4,0,5,0,0,0,0,0,0,0,0,0,1,0,1,0.96,1.0,1.0,0.0,0.0,0.0,1,0,1
5360,42,23,19,10,13,6,13,9,4,0,5,0,0,0,0,0,0,0,0,0,1,0,1,0.9583333333333334,1.0,1.0,0.0,0.0,0.0,1,0,1
5361,46,26,20,14,13,6,13,9,3,0,6,0,0,0,0,0,0,0,0,1,0,0,0,1.0,1.0,1.0,0.09523809523809523,0.09523809523809523,0.0,1,4,0
5362,46,26,20,12,15,6,13,9,3,0,5,0,0,0,0,0,0,0,0,0,0,0,0,1.0,1.0,1.0,0.0,0.0,0.0,1,0,0
5363,46,26,20,12,15,6,13,9,4,0,5,0,0,0,0,0,8,1,0,0,0,0,0,1.0,1.0,1.0,0.0,0.0,0.125,1,0,0
5364,49,28,21,16,14,6,13,9,3,0,5,0,0,0,0,0,0,0,0,1,1,0,1,0.962962962962963,1.0,1.0,0.08695652173913043,0.08695652173913043,0.0,1,4,1
5365,49,28,21,16,14,6,13,9,4,0,5,0,0,0,0,0,8,1,0,0,0,0,0,1.0,1.0,1.0,0.0,0.0,0.125,1,0,0
5366,49,28,21,16,14,6,13,9,4,0,5,0,0,0,0,0,0,0,0,0,0,0,0,1.0,1.0,1.0,0.0,0.0,0.0,1,0,0
5367,49,28,21,16,14,6,13,9,4,0,5,0,0,0,0,0,0,0,0,0,0,0,0,1.0,1.0,1.0,0.0,0.0,0.0,1,0,0
5368,49,28,21,16,14,6,13,9,4,0,5,0,0,0,0,0,0,0,0,0,0,0,0,1.0,1.0,1.0,0.0,0.0,0.0,1,0,0
5369,49,28,21,16,14,6,13,9,4,0,5,0,0,0,0,0,0,0,0,0,0,0,0,1.0,1.0,1.0,0.0,0.0,0.0,1,0,0
5370,49,28,21,16,14,6,13,9,4,0,5,0,0,0,0,0,0,0,0,0,0,0,0,1.0,1.0,1.0,0.0,0.0,0.0,1,0,0
5371,47,27,20,14,14,6,13,9,4,0,5,0,0,0,0,0,0,0,0,0,2,0,2,0.9333333333333333,1.0,1.0,0.0,0.0,0.0,1,0,2
5372,46,26,20,14,13,6,13,9,4,0,5,0,0,0,0,0,0,0,0,0,1,0,1,0.9642857142857143,1.0,1.0,0.0,0.0,0.0,1,0,1
5373,46,26,20,14,13,6,13,9,4,0,5,0,0,0,0,0,0,0,0,0,0,0,0,1.0,1.0,1.0,0.0,0.0,0.0,1,0,0
5374,49,26,23,17,13,6,13,9,3,0,6,0,0,0,0,0,0,0,0,1,0,0,0,1.0,1.0,1.0,0.06521739130434782,0.06521739130434782,0.0,1,3,0
5375,49,26,23,17,13,6,13,9,3,0,6,0,0,0,0,0,0,0,0,0,0,0,0,1.0,1.0,1.0,0.0,0.0,0.0,1,0,0
5376,49,26,23,17,13,5,14,9,3,0,6,0,0,0,0,0,0,0,0,0,0,0,0,1.0,1.0,1.0,0.0,0.0,0.0,1,0,0
5377,49,26,23,17,13,5,14,9,3,0,6,0,0,0,0,0,0,0,0,0,0,0,0,1.0,1.0,1.0,0.0,0.0,0.0,1,0,0
5378,48,25,23,17,13,5,13,9,3,0,6,0,0,0,0,0,0,0,0,0,0,0,0,1.0,0.8,1.0,0.0,0.0,0.0,1,0,1
5379,48,25,23,17,13,5,13,9,3,0,6,0,0,0,0,0,0,0,0,0,0,0,0,1.0,1.0,1.0,0.0,0.0,0.0,1,0,0
5380,48,25,23,17,13,5,13,9,3,0,6,0,0,0,0,0,0,0,0,0,0,0,0,1.0,1.0,1.0,0.0,0.0,0.0,1,0,0
5381,48,25,23,17,13,5,13,9,3,0,6,0,0,0,0,0,0,0,0,0,0,0,0,1.0,1.0,1.0,0.0,0.0,0.0,1,0,0
5382,46,24,22,16,12,5,13,9,3,0,6,0,0,0,0,0,0,0,0,0,2,0,2,0.9333333333333333,1.0,1.0,0.0,0.0,0.0,1,0,2
5383,46,24,22,16,12,5,13,9,3,0,6,0,0,0,0,0,0,0,0,0,0,0,0,1.0,1.0,1.0,0.0,0.0,0.0,1,0,0
5384,44,23,21,15,12,4,13,9,3,0,6,0,0,1,1,0,0,0,0,0,1,0,2,0.9642857142857143,1.0,1.0,0.0,0.0,0.0,1,0,2
5385,43,23,20,14,12,4,13,9,3,0,6,0,0,0,1,0,0,0,0,0,1,2,1,0.962962962962963,1.0,1.0,0.0,0.0,0.0,1,0,1
5386,42,23,19,14,11,4,13,9,3,0,6,0,0,0,1,0,0,0,0,0,1,0,1,0.9615384615384616,1.0,1.0,0.0,0.0,0.0,1,0,1
5387,41,23,18,13,11,4,13,9,3,0,6,0,0,0,1,0,0,0,0,0,1,0,1,0.96,1.0,1.0,0.0,0.0,0.0,1,0,1
5388,44,23,21,16,11,4,13,9,2,0,7,0,0,1,0,0,0,0,0,1,1,0,1,0.9583333333333334,1.0,1.0,0.0975609756097561,0.0975609756097561,0.0,1,4,1
5389,44,23,21,16,9,6,13,9,2,0,7,0,0,0,0,0,0,0,0,0,0,0,0,1.0,1.0,1.0,0.0,0.0,0.0,1,0,0
5390,44,23,21,16,9,6,13,9,2,0,7,0,0,0,0,0,0,0,0,0,0,0,0,1.0,1.0,1.0,0.0,0.0,0.0,1,0,0
5391,44,23,21,14,11,6,13,9,2,0,7,0,0,0,0,0,0,0,0,0,0,0,0,1.0,1.0,1.0,0.0,0.0,0.0,1,0,0
5392,44,23,21,13,12,6,13,9,2,0,7,0,0,0,0,0,0,0,0,0,0,0,0,1.0,1.0,1.0,0.0,0.0,0.0,1,0,0
5393,44,23,21,13,12,5,14,9,2,0,6,0,0,0,0,0,0,0,0,0,0,0,0,1.0,1.0,1.0,0.0,0.0,0.0,1,0,0
5394,43,22,21,13,12,5,13,9,3,0,5,0,0,0,0,0,8,1,0,0,0,0,0,1.0,0.8,1.0,0.0,0.0,0.125,1,0,1
5395,43,22,21,13,12,5,13,9,3,1,5,0,0,0,0,0,2,0,1,0,0,0,0,1.0,1.0,1.0,0.0,0.0,0.0,1,0,0
5396,43,22,21,13,12,5,13,9,3,1,5,0,0,0,0,0,0,0,0,0,0,0,0,1.0,1.0,1.0,0.0,0.0,0.0,1,0,0
5397,43,22,21,13,12,4,14,9,3,1,5,0,0,0,0,0,0,0,0,0,0,0,0,1.0,1.0,1.0,0.0,0.0,0.0,1,0,0
5398,42,22,20,10,14,4,14,9,3,1,5,0,0,0,0,0,0,0,0,0,1,0,1,0.96,1.0,1.0,0.0,0.0,0.0,1,0,1
5399,42,22,20,10,14,4,14,9,3,1,5,0,0,0,0,0,0,0,0,0,0,0,0,1.0,1.0,1.0,0.0,0.0,0.0,1,0,0
5400,42,22,20,10,14,4,14,9,3,1,4,0,0,0,0,0,0,0,0,0,0,0,0,1.0,1.0,1.0,0.0,0.0,0.0,1,0,0
5401,42,22,20,10,14,4,14,9,4,1,4,0,0,0,0,0,4,1,0,0,0,0,0,1.0,1.0,1.0,0.0,0.0,0.25,1,0,0
5402,42,22,20,10,14,4,14,9,4,1,4,0,0,0,0,0,0,0,0,0,0,0,0,1.0,1.0,1.0,0.0,0.0,0.0,1,0,0
5403,42,22,20,10,14,4,14,9,4,1,4,0,0,0,0,0,0,0,0,0,0,0,0,1.0,1.0,1.0,0.0,0.0,0.0,1,0,0
5404,42,22,20,8,16,4,14,9,4,1,4,0,0,0,0,0,0,0,0,0,0,0,0,1.0,1.0,1.0,0.0,0.0,0.0,1,0,0
5405,42,22,20,8,16,4,14,9,4,1,4,0,0,0,0,0,0,0,0,0,0,0,0,1.0,1.0,1.0,0.0,0.0,0.0,1,0,0
5406,42,22,20,8,16,4,14,9,4,1,3,0,0,0,0,0,0,0,0,0,0,0,0,1.0,1.0,1.0,0.0,0.0,0.0,1,0,0
5407,42,22,20,5,19,4,14,9,4,1,3,0,0,0,0,0,7,0,0,0,0,0,0,1.0,1.0,1.0,0.0,0.0,0.0,1,0,0
5408,42,22,20,5,19,4,14,9,4,1,3,0,0,0,0,0,2,0,0,0,0,0,0,1.0,1.0,1.0,0.0,0.0,0.0,1,0,0
5409,42,22,20,5,19,4,14,9,4,2,2,0,0,0,0,0,2,0,1,0,0,0,0,1.0,1.0,1.0,0.0,0.0,0.0,1,0,0
5410,42,22,20,5,19,4,14,9,5,2,2,0,0,0,0,0,6,1,0,0,0,0,0,1.0,1.0,1.0,0.0,0.0,0.16666666666666666,1,0,0
5411,42,22,20,5,19,4,14,9,5,2,2,0,0,0,0,0,6,1,0,0,0,0,0,1.0,1.0,1.0,0.0,0.0,0.16666666666666666,1,0,0
5412,42,22,20,5,19,4,14,9,5,2,2,0,0,0,0,0,6,1,0,0,0,0,0,1.0,1.0,1.0,0.0,0.0,0.16666666666666666,1,0,0
5413,41,22,19,5,18,4,14,9,5,2,2,0,0,0,0,0,6,1,0,0,1,0,1,0.9583333333333334,1.0,1.0,0.0,0.0,0.16666666666666666,1,0,1
5414,41,22,19,5,18,4,14,9,5,2,2,0,0,0,0,0,6,1,0,0,0,0,0,1.0,1.0,1.0,0.0,0.0,0.16666666666666666,1,0,0
5415,41,22,19,5,18,4,14,9,5,2,2,0,0,0,0,0,6,1,0,0,0,0,0,1.0,1.0,1.0,0.0,0.0,0.16666666666666666,1,0,0
5416,41,22,19,5,18,4,14,9,5,2,2,0,0,0,0,0,6,1,0,0,0,0,0,1.0,1.0,1.0,0.0,0.0,0.16666666666666666,1,0,0
5417,41,22,19,4,19,4,14,9,5,2,2,0,0,0,0,0,6,1,0,0,0,0,0,1.0,1.0,1.0,0.0,0.0,0.16666666666666666,1,0,0
5418,41,22,19,4,19,4,14,9,5,2,2,0,0,0,0,0,6,1,0,0,0,0,0,1.0,1.0,1.0,0.0,0.0,0.16666666666666666,1,0,0
5419,41,22,19,4,19,4,14,9,5,2,1,0,0,0,0,0,6,1,0,0,0,0,0,1.0,1.0,1.0,0.0,0.0,0.16666666666666666,1,0,0
5420,40,21,19,4,19,4,13,9,5,2,1,0,0,0,0,0,6,1,0,0,0,0,0,1.0,0.8,1.0,0.0,0.0,0.16666666666666666,1,0,1
5421,40,21,19,4,19,4,13,9,5,2,1,0,0,0,0,0,6,1,0,0,0,0,0,1.0,1.0,1.0,0.0,0.0,0.16666666666666666,1,0,0
5422,40,21,19,4,19,4,13,9,5,2,1,0,0,0,0,0,6,1,0,0,0,0,0,1.0,1.0,1.0,0.0,0.0,0.16666666666666666,1,0,0
5423,40,21,19,4,19,4,13,9,5,2,1,0,0,0,0,0,6,1,0,0,0,0,0,1.0,1.0,1.0,0.0,0.0,0.16666666666666666,1,0,0
5424,40,21,19,4,19,4,13,9,5,2,1,0,0,0,0,0,6,1,0,0,0,1,0,1.0,1.0,1.0,0.0,0.0,0.16666666666666666,1,0,0
5425,39,21,18,4,19,3,13,9,5,2,1,0,0,0,0,0,6,1,0,0,0,0,0,1.0,1.0,1.0,0.0,0.0,0.16666666666666666,1,0,1
5426,39,21,18,4,19,3,13,9,5,2,1,0,0,0,0,0,6,1,0,0,0,0,0,1.0,1.0,1.0,0.0,0.0,0.16666666666666666,1,0,0
5427,39,21,18,4,19,3,13,9,5,2,1,0,0,0,0,0,6,1,0,0,0,1,0,1.0,1.0,1.0,0.0,0.0,0.16666666666666666,1,0,0
5428,42,23,19,7,18,4,13,9,4,2,2,0,0,0,0,0,6,1,0,1,0,0,0,1.0,1.0,1.0,0.07692307692307693,0.07692307692307693,0.16666666666666666,1,3,0
5429,42,23,19,7,18,4,13,9,4,2,2,0,0,0,0,0,6,1,0,0,0,0,0,1.0,1.0,1.0,0.0,0.0,0.16666666666666666,1,0,0
5430,46,25,21,11,18,4,13,9,3,2,3,0,0,0,0,0,6,1,0,1,0,0,0,1.0,1.0,1.0,0.09523809523809523,0.09523809523809523,0.16666666666666666,1,4,0
5431,46,25,21,7,21,5,13,9,3,2,3,0,0,0,0,0,6,1,0,0,0,0,0,1.0,1.0,1.0,0.0,0.0,0.16666666666666666,1,0,0
5432,46,25,21,7,21,5,13,9,3,2,3,0,0,0,0,0,6,1,0,0,0,0,0,1.0,1.0,1.0,0.0,0.0,0.16666666666666666,1,0,0
5433,46,25,21,7,21,5,13,9,3,2,2,0,0,0,0,0,6,1,0,0,0,0,0,1.0,1.0,1.0,0.0,0.0,0.16666666666666666,1,0,0
5434,46,25,21,7,21,5,13,9,3,2,2,0,0,0,0,0,6,1,0,0,0,0,0,1.0,1.0,1.0,0.0,0.0,0.16666666666666666,1,0,0
5435,46,25,21,7,21,5,13,9,3,2,2,0,0,0,0,0,6,1,0,0,0,2,0,1.0,1.0,1.0,0.0,0.0,0.16666666666666666,1,0,0
5436,46,25,21,7,21,5,13,9,3,2,2,0,0,0,0,0,6,1,0,0,0,0,0,1.0,1.0,1.0,0.0,0.0,0.16666666666666666,1,0,0
5437,46,25,21,7,21,5,13,9,3,2,2,0,0,0,0,0,6,1,0,0,0,0,0,1.0,1.0,1.0,0.0,0.0,0.16666666666666666,1,0,0
5438,46,25,21,7,21,5,13,9,3,2,2,0,0,0,0,0,6,1,0,0,0,0,0,1.0,1.0,1.0,0.0,0.0,0.16666666666666666,1,0,0
5439,46,25,21,7,19,7,13,9,3,2,2,0,0,0,0,0,6,1,0,0,0,0,0,1.0,1.0,1.0,0.0,0.0,0.16666666666666666,1,0,0
5440,45,24,21,6,19,7,13,9,3,1,2,0,0,0,0,0,6,1,0,0,1,0,1,0.9615384615384616,1.0,1.0,0.0,0.0,0.16666666666666666,1,0,1
5441,45,24,21,6,19,7,13,9,3,1,2,0,0,0,0,0,6,1,0,0,0,0,0,1.0,1.0,1.0,0.0,0.0,0.16666666666666666,1,0,0
5442,45,24,21,6,19,7,13,9,3,1,2,0,0,0,0,0,6,1,0,0,0,0,0,1.0,1.0,1.0,0.0,0.0,0.16666666666666666,1,0,0
5443,45,24,21,6,19,7,13,9,3,1,2,0,0,0,0,0,6,1,0,0,0,0,0,1.0,1.0,1.0,0.0,0.0,0.16666666666666666,1,0,0
5444,45,24,21,6,19,7,13,9,3,1,2,0,0,0,0,0,6,1,0,0,0,0,0,1.0,1.0,1.0,0.0,0.0,0.16666666666666666,1,0,0
5445,45,24,21,6,19,7,13,9,3,1,2,0,0,0,0,0,6,1,0,0,0,0,0,1.0,1.0,1.0,0.0,0.0,0.16666666666666666,1,0,0
5446,45,24,21,6,19,7,13,9,3,1,2,0,0,0,0,0,6,1,0,0,0,0,0,1.0,1.0,1.0,0.0,0.0,0.16666666666666666,1,0,0
5447,45,24,21,6,19,7,13,9,3,1,2,0,0,0,0,0,6,1,0,0,0,0,0,1.0,1.0,1.0,0.0,0.0,0.16666666666666666,1,0,0
5448,45,24,21,6,19,7,13,9,3,1,2,0,0,0,0,0,6,1,0,0,0,0,0,1.0,1.0,1.0,0.0,0.0,0.16666666666666666,1,0,0
5449,45,24,21,6,19,7,13,9,3,1,2,0,0,0,0,0,6,1,0,0,0,0,0,1.0,1.0,1.0,0.0,0.0,0.16666666666666666,1,0,0
5450,45,24,21,6,19,7,13,9,3,1,2,0,0,0,0,0,6,1,0,0,0,0,0,1.0,1.0,1.0,0.0,0.0,0.16666666666666666,1,0,0
5451,45,24,21,6,19,7,13,9,3,1,2,0,0,0,0,0,6,1,0,0,0,0,0,1.0,1.0,1.0,0.0,0.0,0.16666666666666666,1,0,0
5452,45,24,21,6,19,7,13,9,3,1,2,0,0,0,0,0,6,1,0,0,0,0,0,1.0,1.0,1.0,0.0,0.0,0.16666666666666666,1,0,0
5453,45,24,21,6,19,7,13,9,3,1,2,0,0,0,0,0,6,1,0,0,0,0,0,1.0,1.0,1.0,0.0,0.0,0.16666666666666666,1,0,0
5454,45,24,21,6,19,7,13,9,3,0,2,0,0,0,0,0,6,1,0,0,0,0,0,1.0,1.0,1.0,0.0,0.0,0.16666666666666666,1,0,0
5455,45,24,21,6,19,7,13,9,3,0,2,0,0,0,0,0,6,1,0,0,0,0,0,1.0,1.0,1.0,0.0,0.0,0.16666666666666666,1,0,0
5456,45,24,21,6,19,7,13,9,3,0,2,0,0,0,0,0,6,1,0,0,0,0,0,1.0,1.0,1.0,0.0,0.0,0.16666666666666666,1,0,0
5457,45,24,21,6,19,7,13,9,3,0,2,0,0,0,0,0,6,1,0,0,0,0,0,1.0,1.0,1.0,0.0,0.0,0.16666666666666666,1,0,0
5458,45,24,21,6,19,6,14,10,3,0,2,0,0,0,0,0,6,1,0,0,0,0,0,1.0,1.0,1.0,0.0,0.0,0.16666666666666666,1,0,0
5459,48,26,22,10,19,5,14,10,2,0,3,0,0,0,0,0,6,1,0,1,0,0,0,1.0,1.0,1.0,0.08888888888888889,0.08888888888888889,0.16666666666666666,1,4,1
5460,48,26,22,10,19,5,14,10,2,0,3,0,0,0,0,0,6,1,0,0,0,0,0,1.0,1.0,1.0,0.0,0.0,0.16666666666666666,1,0,0
5461,48,26,22,10,19,5,14,10,2,0,3,0,0,0,0,0,6,1,0,0,0,0,0,1.0,1.0,1.0,0.0,0.0,0.16666666666666666,1,0,0
5462,48,26,22,10,19,5,14,10,2,0,3,0,0,0,0,0,6,1,0,0,0,0,0,1.0,1.0,1.0,0.0,0.0,0.16666666666666666,1,0,0
5463,48,26,22,10,19,5,14,10,2,0,3,0,0,0,0,0,6,1,0,0,0,0,0,1.0,1.0,1.0,0.0,0.0,0.16666666666666666,1,0,0
5464,48,26,22,10,19,5,14,10,2,0,3,0,0,0,0,0,6,1,0,0,0,0,0,1.0,1.0,1.0,0.0,0.0,0.16666666666666666,1,0,0
5465,48,26,22,10,19,5,14,10,2,0,3,0,0,0,0,0,6,1,0,0,0,0,0,1.0,1.0,1.0,0.0,0.0,0.16666666666666666,1,0,0
5466,52,29,23,14,19,5,14,10,1,0,4,0,0,0,0,0,6,1,0,1,0,0,0,1.0,1.0,1.0,0.08333333333333333,0.08333333333333333,0.16666666666666666,1,4,0
5467,52,29,23,14,19,5,14,10,1,0,4,0,0,0,0,0,6,1,0,0,0,0,0,1.0,1.0,1.0,0.0,0.0,0.16666666666666666,1,0,0
5468,51,28,23,13,19,5,14,10,1,0,4,0,0,0,0,0,6,1,0,0,1,0,1,0.9696969696969697,1.0,1.0,0.0,0.0,0.16666666666666666,1,0,1
5469,49,27,22,13,17,5,14,10,1,0,4,0,0,0,0,0,6,1,0,0,2,0,2,0.9375,1.0,1.0,0.0,0.0,0.16666666666666666,1,0,2
5470,49,27,22,13,17,5,14,10,1,0,4,0,0,0,0,0,6,1,0,0,0,0,0,1.0,1.0,1.0,0.0,0.0,0.16666666666666666,1,0,0
5471,49,27,22,10,20,5,14,10,1,0,4,0,0,0,0,0,6,1,0,0,0,0,0,1.0,1.0,1.0,0.0,0.0,0.16666666666666666,1,0,0
5472,49,27,22,10,20,5,14,10,1,0,4,0,0,0,0,0,6,1,0,0,0,0,0,1.0,1.0,1.0,0.0,0.0,0.16666666666666666,1,0,0
5473,49,27,22,7,23,5,14,10,1,0,3,0,0,0,0,0,6,1,0,0,0,0,0,1.0,1.0,1.0,0.0,0.0,0.16666666666666666,1,0,0
5474,49,27,22,7,23,4,15,11,1,0,3,0,0,0,0,0,6,1,0,0,0,0,0,1.0,1.0,1.0,0.0,0.0,0.16666666666666666,1,0,0
5475,52,28,24,10,23,4,15,11,0,0,3,0,0,0,0,0,6,1,0,1,0,0,0,1.0,1.0,1.0,0.061224489795918366,0.061224489795918366,0.16666666666666666,1,3,0
5476,50,26,24,10,21,4,15,11,0,0,3,0,0,2,0,0,6,1,0,0,2,0,2,0.9393939393939394,1.0,1.0,0.0,0.0,0.16666666666666666,1,0,2
5477,49,25,24,9,21,4,15,11,0,0,3,0,0,1,0,0,6,1,0,0,1,0,1,0.967741935483871,1.0,1.0,0.0,0.0,0.16666666666666666,1,0,1
5478,49,25,24,9,21,4,15,11,0,0,3,0,0,0,0,0,6,1,0,0,0,0,0,1.0,1.0,1.0,0.0,0.0,0.16666666666666666,1,0,0
5479,46,23,23,9,18,4,15,11,0,0,3,0,0,1,1,0,6,1,0,0,3,0,3,0.9,1.0,1.0,0.0,0.0,0.16666666666666666,1,0,3
5480,45,23,22,9,17,4,15,11,0,0,3,0,0,0,1,0,6,1,0,0,1,0,1,0.962962962962963,1.0,1.0,0.0,0.0,0.16666666666666666,1,0,1
5481,44,22,22,9,16,4,15,11,0,0,3,0,0,1,0,0,6,1,0,0,1,0,1,0.9615384615384616,1.0,1.0,0.0,0.0,0.16666666666666666,1,0,1
5482,41,21,20,8,15,4,14,10,0,0,2,0,0,1,2,0,6,1,0,0,2,0,3,0.92,1.0,0.9090909090909091,0.0,0.0,0.16666666666666666,1,0,3
5483,41,21,20,8,15,4,14,10,0,0,2,0,0,0,0,0,6,1,0,0,0,0,0,1.0,1.0,1.0,0.0,0.0,0.16666666666666666,1,0,0
5484,41,21,20,8,15,4,14,10,0,0,2,0,0,0,0,0,6,1,0,0,0,0,0,1.0,1.0,1.0,0.0,0.0,0.16666666666666666,1,0,0
5485,41,21,20,8,15,4,14,10,0,0,2,0,0,0,0,0,6,1,0,0,0,0,0,1.0,1.0,1.0,0.0,0.0,0.16666666666666666,1,0,0
5486,41,21,20,8,15,4,14,10,0,0,2,0,0,0,0,0,6,1,0,0,0,0,0,1.0,1.0,1.0,0.0,0.0,0.16666666666666666,1,0,0
5487,41,21,20,8,15,4,14,10,0,0,2,0,0,0,0,0,6,1,0,0,0,0,0,1.0,1.0,1.0,0.0,0.0,0.16666666666666666,1,0,0
5488,41,21,20,8,15,4,14,10,0,0,2,0,0,0,0,0,6,1,0,0,0,0,0,1.0,1.0,1.0,0.0,0.0,0.16666666666666666,1,0,0
5489,41,21,20,8,15,4,14,10,0,0,2,0,0,0,0,0,6,1,0,0,0,0,0,1.0,1.0,1.0,0.0,0.0,0.16666666666666666,1,0,0
5490,41,21,20,8,15,4,14,10,0,0,2,0,0,0,0,0,6,1,0,0,0,0,0,1.0,1.0,1.0,0.0,0.0,0.16666666666666666,1,0,0
5491,41,21,20,8,15,4,14,10,0,0,2,0,0,0,0,0,6,1,0,0,0,0,0,1.0,1.0,1.0,0.0,0.0,0.16666666666666666,1,0,0
5492,41,21,20,8,15,4,14,10,0,0,2,0,0,0,0,0,6,1,0,0,0,0,0,1.0,1.0,1.0,0.0,0.0,0.16666666666666666,1,0,0
5493,41,21,20,8,15,4,14,10,0,0,2,0,0,0,0,0,6,1,0,0,0,0,0,1.0,1.0,1.0,0.0,0.0,0.16666666666666666,1,0,0
5494,41,21,20,8,15,4,14,10,0,0,2,0,0,0,0,0,6,1,0,0,0,0,0,1.0,1.0,1.0,0.0,0.0,0.16666666666666666,1,0,0
5495,41,21,20,8,15,4,14,10,0,0,2,0,0,0,0,0,6,1,0,0,0,0,0,1.0,1.0,1.0,0.0,0.0,0.16666666666666666,1,0,0
5496,41,21,20,8,15,4,14,10,0,0,2,0,0,0,0,0,6,1,0,0,0,0,0,1.0,1.0,1.0,0.0,0.0,0.16666666666666666,1,0,0
5497,41,21,20,8,15,4,14,10,0,0,2,0,0,0,0,0,6,1,0,0,0,1,0,1.0,1.0,1.0,0.0,0.0,0.16666666666666666,1,0,0
5498,41,21,20,8,15,4,14,10,0,0,2,0,0,0,0,0,6,1,0,0,0,0,0,1.0,1.0,1.0,0.0,0.0,0.16666666666666666,1,0,0
5499,41,21,20,8,15,4,14,10,0,0,2,0,0,0,0,0,6,1,0,0,0,0,0,1.0,1.0,1.0,0.0,0.0,0.16666666666666666,1,0,0
5500,41,21,20,8,15,4,14,10,0,0,2,0,0,0,0,0,6,1,0,0,0,0,0,1.0,1.0,1.0,0.0,0.0,0.16666666666666666,1,0,0
5501,40,20,20,8,14,4,14,10,0,0,2,0,0,0,0,0,6,1,0,0,0,0,0,1.0,1.0,1.0,0.0,0.0,0.16666666666666666,1,0,1
5502,40,20,20,5,17,4,14,10,0,0,2,0,0,0,0,0,6,1,0,0,0,0,0,1.0,1.0,1.0,0.0,0.0,0.16666666666666666,1,0,0
5503,40,20,20,5,17,4,14,10,0,0,2,0,0,0,0,0,6,1,0,0,0,0,0,1.0,1.0,1.0,0.0,0.0,0.16666666666666666,1,0,0
5504,40,20,20,5,17,4,14,10,0,0,1,0,0,0,0,0,6,1,0,0,0,0,0,1.0,1.0,1.0,0.0,0.0,0.16666666666666666,1,0,0
5505,40,20,20,5,17,4,14,10,0,1,1,0,0,0,0,0,5,0,1,0,0,0,0,1.0,1.0,1.0,0.0,0.0,0.0,1,0,0
5506,40,20,20,5,17,4,14,10,2,1,1,0,0,0,0,0,4,2,0,0,0,0,0,1.0,1.0,1.0,0.0,0.0,0.5,1,0,0
5507,40,20,20,5,17,4,14,10,2,3,1,0,0,0,0,0,3,0,2,0,0,0,0,1.0,1.0,1.0,0.0,0.0,0.0,1,0,0
5508,40,20,20,5,17,4,14,10,2,4,1,0,0,0,0,0,2,0,1,0,0,0,0,1.0,1.0,1.0,0.0,0.0,0.0,1,0,0
5509,40,20,20,2,20,4,14,10,2,4,1,0,0,0,0,0,1,0,0,0,0,0,0,1.0,1.0,1.0,0.0,0.0,0.0,1,0,0
5510,40,20,20,2,20,4,14,10,2,4,1,0,0,0,0,0,0,0,0,0,0,0,0,1.0,1.0,1.0,0.0,0.0,0.0,1,0,0
5511,40,20,20,2,20,4,14,10,2,4,1,0,0,0,0,0,0,0,0,0,0,0,0,1.0,1.0,1.0,0.0,0.0,0.0,1,0,0
5512,40,20,20,2,20,4,14,10,2,4,1,0,0,0,0,0,0,0,0,0,0,0,0,1.0,1.0,1.0,0.0,0.0,0.0,1,0,0
5513,40,20,20,2,20,4,14,10,2,4,1,0,0,0,0,0,0,0,0,0,0,0,0,1.0,1.0,1.0,0.0,0.0,0.0,1,0,0
5514,40,20,20,2,20,4,14,10,2,4,1,0,0,0,0,0,0,0,0,0,0,0,0,1.0,1.0,1.0,0.0,0.0,0.0,1,0,0
5515,40,20,20,2,20,4,14,10,2,4,1,0,0,0,0,0,0,0,0,0,0,0,0,1.0,1.0,1.0,0.0,0.0,0.0,1,0,0
5516,40,20,20,2,20,4,14,10,2,4,1,0,0,0,0,0,0,0,0,0,0,0,0,1.0,1.0,1.0,0.0,0.0,0.0,1,0,0
5517,40,20,20,2,20,4,14,10,2,4,1,0,0,0,0,0,0,0,0,0,0,0,0,1.0,1.0,1.0,0.0,0.0,0.0,1,0,0
5518,40,20,20,0,22,4,14,10,2,4,1,0,0,0,0,0,1,0,0,0,0,0,0,1.0,1.0,1.0,0.0,0.0,0.0,1,0,0
5519,40,20,20,0,22,4,14,10,3,4,1,0,0,0,0,0,6,1,0,0,0,0,0,1.0,1.0,1.0,0.0,0.0,0.16666666666666666,1,0,0
5520,40,20,20,0,22,4,14,10,4,5,0,0,0,0,0,0,4,1,1,0,0,0,0,1.0,1.0,1.0,0.0,0.0,0.25,1,0,0
5521,40,20,20,0,22,4,14,10,4,5,0,0,0,0,0,0,1,0,0,0,0,0,0,1.0,1.0,1.0,0.0,0.0,0.0,1,0,0
5522,40,20,20,0,22,4,14,10,5,5,0,0,0,0,0,0,3,1,0,0,0,0,0,1.0,1.0,1.0,0.0,0.0,0.3333333333333333,1,0,0
5523,40,20,20,0,22,4,14,10,5,5,0,0,0,0,0,0,0,0,0,0,0,0,0,1.0,1.0,1.0,0.0,0.0,0.0,1,0,0
5524,39,19,20,0,21,3,15,10,5,5,0,0,0,0,0,0,0,0,0,0,1,0,1,0.9545454545454546,1.0,1.0,0.0,0.0,0.0,1,0,1
5525,39,19,20,0,21,3,15,10,5,5,0,0,0,0,0,0,0,0,0,0,0,0,0,1.0,1.0,1.0,0.0,0.0,0.0,1,0,0
5526,39,19,20,0,21,3,15,10,5,5,0,0,0,0,0,0,0,0,0,0,0,0,0,1.0,1.0,1.0,0.0,0.0,0.0,1,0,0
5527,39,19,20,0,21,3,15,10,5,5,0,0,0,0,0,0,0,0,0,0,0,0,0,1.0,1.0,1.0,0.0,0.0,0.0,1,0,0
5528,39,19,20,0,21,3,15,10,5,5,0,0,0,0,0,0,0,0,0,0,0,0,0,1.0,1.0,1.0,0.0,0.0,0.0,1,0,0
5529,39,19,20,0,21,3,15,10,5,5,0,0,0,0,0,0,0,0,0,0,0,1,0,1.0,1.0,1.0,0.0,0.0,0.0,1,0,0
5530,39,19,20,0,21,3,15,10,5,5,0,0,0,0,0,0,0,0,0,0,0,0,0,1.0,1.0,1.0,0.0,0.0,0.0,1,0,0
5531,39,19,20,0,21,3,15,10,5,5,0,0,0,0,0,0,0,0,0,0,0,0,0,1.0,1.0,1.0,0.0,0.0,0.0,1,0,0
5532,39,19,20,0,21,3,15,10,5,5,0,0,0,0,0,0,0,0,0,0,0,0,0,1.0,1.0,1.0,0.0,0.0,0.0,1,0,0
5533,39,19,20,0,20,4,15,10,5,5,0,0,0,0,0,0,0,0,0,0,0,0,0,1.0,1.0,1.0,0.0,0.0,0.0,1,0,0
5534,39,19,20,0,20,4,15,10,5,5,0,0,0,0,0,0,0,0,0,0,0,0,0,1.0,1.0,1.0,0.0,0.0,0.0,1,0,0
5535,39,19,20,0,20,4,15,10,5,5,0,0,0,0,0,0,0,0,0,0,0,3,0,1.0,1.0,1.0,0.0,0.0,0.0,1,0,0
5536,39,19,20,0,20,4,15,10,5,5,0,0,0,0,0,0,0,0,0,0,0,0,0,1.0,1.0,1.0,0.0,0.0,0.0,1,0,0
5537,39,19,20,0,20,4,15,10,5,5,0,0,0,0,0,0,0,0,0,0,0,0,0,1.0,1.0,1.0,0.0,0.0,0.0,1,0,0
5538,39,19,20,0,20,4,15,10,5,5,0,0,0,0,0,0,0,0,0,0,0,0,0,1.0,1.0,1.0,0.0,0.0,0.0,1,0,0
5539,39,19,20,0,17,7,15,10,5,5,0,0,0,0,0,0,0,0,0,0,0,0,0,1.0,1.0,1.0,0.0,0.0,0.0,1,0,0
5540,39,19,20,0,17,7,15,10,5,5,0,0,0,0,0,0,0,0,0,0,0,0,0,1.0,1.0,1.0,0.0,0.0,0.0,1,0,0
5541,39,19,20,0,17,7,15,10,5,5,0,0,0,0,0,0,0,0,0,0,0,1,0,1.0,1.0,1.0,0.0,0.0,0.0,1,0,0
5542,39,19,20,0,17,7,15,10,5,5,0,0,0,0,0,0,0,0,0,0,0,0,0,1.0,1.0,1.0,0.0,0.0,0.0,1,0,0
5543,39,19,20,0,17,7,15,10,5,5,0,0,0,0,0,0,0,0,0,0,0,0,0,1.0,1.0,1.0,0.0,0.0,0.0,1,0,0
5544,39,19,20,0,17,7,15,10,5,5,0,0,0,0,0,0,0,0,0,0,0,0,0,1.0,1.0,1.0,0.0,0.0,0.0,1,0,0
5545,39,19,20,0,16,8,15,10,5,5,0,0,0,0,0,0,0,0,0,0,0,0,0,1.0,1.0,1.0,0.0,0.0,0.0,1,0,0
5546,39,19,20,0,16,8,15,10,5,5,0,0,0,0,0,0,0,0,0,0,0,0,0,1.0,1.0,1.0,0.0,0.0,0.0,1,0,0
5547,39,19,20,0,16,8,15,10,5,5,0,0,0,0,0,0,0,0,0,0,0,0,0,1.0,1.0,1.0,0.0,0.0,0.0,1,0,0
5548,39,19,20,0,16,8,15,10,5,5,0,0,0,0,0,0,0,0,0,0,0,0,0,1.0,1.0,1.0,0.0,0.0,0.0,1,0,0
5549,39,19,20,0,16,8,15,10,5,5,0,0,0,0,0,0,0,0,0,0,0,0,0,1.0,1.0,1.0,0.0,0.0,0.0,1,0,0
5550,38,19,19,0,15,8,15,10,5,4,0,0,0,0,0,0,0,0,0,0,1,0,1,0.9375,1.0,1.0,0.0,0.0,0.0,1,0,1
5551,38,19,19,0,15,8,15,10,6,4,0,0,0,0,0,0,8,1,0,0,0,0,0,1.0,1.0,1.0,0.0,0.0,0.125,1,0,0
5552,38,19,19,0,15,8,15,10,6,2,0,0,0,0,0,0,0,0,0,0,0,0,0,1.0,1.0,1.0,0.0,0.0,0.0,1,0,0
5553,38,19,19,0,15,8,15,10,6,1,0,0,0,0,0,0,1,0,0,0,0,0,0,1.0,1.0,1.0,0.0,0.0,0.0,1,0,0
5554,38,19,19,0,15,8,15,10,6,2,0,0,0,0,0,0,8,0,1,0,0,0,0,1.0,1.0,1.0,0.0,0.0,0.0,1,0,0
5555,38,19,19,0,15,8,15,10,6,2,0,0,0,0,0,0,2,0,0,0,0,0,0,1.0,1.0,1.0,0.0,0.0,0.0,1,0,0
5556,38,19,19,0,15,8,15,10,8,2,0,0,0,0,0,0,7,2,0,0,0,0,0,1.0,1.0,1.0,0.0,0.0,0.2857142857142857,1,0,0
5557,38,19,19,0,15,8,15,10,8,2,0,0,0,0,0,0,0,0,0,0,0,0,0,1.0,1.0,1.0,0.0,0.0,0.0,1,0,0
5558,38,19,19,0,15,8,15,10,8,2,0,0,0,0,0,0,0,0,0,0,0,0,0,1.0,1.0,1.0,0.0,0.0,0.0,1,0,0
5559,38,19,19,0,15,8,15,10,8,2,0,0,0,0,0,0,0,0,0,0,0,0,0,1.0,1.0,1.0,0.0,0.0,0.0,1,0,0
5560,38,19,19,0,15,8,15,10,8,2,0,0,0,0,0,0,0,0,0,0,0,0,0,1.0,1.0,1.0,0.0,0.0,0.0,1,0,0
5561,38,19,19,0,15,8,15,10,8,2,0,0,0,0,0,0,0,0,0,0,0,0,0,1.0,1.0,1.0,0.0,0.0,0.0,1,0,0
5562,38,19,19,0,15,8,15,10,8,2,0,0,0,0,0,0,0,0,0,0,0,0,0,1.0,1.0,1.0,0.0,0.0,0.0,1,0,0
5563,38,19,19,0,15,8,15,10,8,2,0,0,0,0,0,0,0,0,0,0,0,0,0,1.0,1.0,1.0,0.0,0.0,0.0,1,0,0
5564,38,19,19,0,15,8,15,10,8,2,0,0,0,0,0,0,0,0,0,0,0,0,0,1.0,1.0,1.0,0.0,0.0,0.0,1,0,0
5565,38,19,19,0,15,8,15,10,8,1,0,0,0,0,0,0,0,0,0,0,0,0,0,1.0,1.0,1.0,0.0,0.0,0.0,1,0,0
5566,37,19,18,0,14,7,16,10,9,1,0,0,0,0,0,0,4,1,0,0,1,0,1,0.9333333333333333,1.0,1.0,0.0,0.0,0.25,1,0,1
5567,34,18,16,0,13,7,14,9,8,1,0,0,0,1,2,0,0,0,0,0,1,0,3,0.9285714285714286,0.8333333333333334,0.9,0.0,0.0,0.0,1,0,3
5568,33,17,16,0,13,6,14,9,8,1,0,0,0,1,0,0,0,0,0,0,0,1,1,1.0,1.0,1.0,0.0,0.0,0.0,1,0,1
5569,33,17,16,0,13,6,14,9,8,1,0,0,0,0,0,0,0,0,0,0,0,0,0,1.0,1.0,1.0,0.0,0.0,0.0,1,0,0
5570,31,17,14,0,12,6,13,8,8,0,0,0,0,0,0,0,0,0,0,0,1,0,1,0.9230769230769231,1.0,0.8888888888888888,0.0,0.0,0.0,1,0,2
5571,33,18,15,3,12,5,13,8,7,0,1,0,0,0,1,0,0,0,0,1,0,0,1,1.0,1.0,1.0,0.0967741935483871,0.0967741935483871,0.0,1,3,1
5572,33,18,15,3,11,6,13,8,7,0,1,0,0,0,0,0,0,0,0,0,0,0,0,1.0,1.0,1.0,0.0,0.0,0.0,1,0,0
5573,32,18,14,3,11,6,12,7,6,0,1,0,0,0,1,0,0,0,0,0,0,0,1,1.0,1.0,0.875,0.0,0.0,0.0,1,0,1
5574,32,18,14,3,11,6,12,7,6,0,1,0,0,0,0,0,0,0,0,0,0,0,0,1.0,1.0,1.0,0.0,0.0,0.0,1,0,0
5575,32,18,14,3,11,6,12,7,6,0,1,0,0,0,0,0,0,0,0,0,0,0,0,1.0,1.0,1.0,0.0,0.0,0.0,1,0,0
5576,32,18,14,3,11,6,12,7,6,0,1,0,0,0,0,0,0,0,0,0,0,0,0,1.0,1.0,1.0,0.0,0.0,0.0,1,0,0
5577,32,18,14,3,11,6,12,7,6,0,1,0,0,0,0,0,0,0,0,0,0,0,0,1.0,1.0,1.0,0.0,0.0,0.0,1,0,0
5578,32,18,14,3,11,6,12,7,6,0,1,0,0,0,0,0,0,0,0,0,0,0,0,1.0,1.0,1.0,0.0,0.0,0.0,1,0,0
5579,32,18,14,3,11,6,12,7,6,0,1,0,0,0,0,0,0,0,0,0,0,0,0,1.0,1.0,1.0,0.0,0.0,0.0,1,0,0
5580,32,18,14,3,11,6,12,7,6,0,1,0,0,0,0,0,0,0,0,0,0,0,0,1.0,1.0,1.0,0.0,0.0,0.0,1,0,0
5581,32,18,14,3,11,6,12,7,6,0,1,0,0,0,0,0,0,0,0,0,0,0,0,1.0,1.0,1.0,0.0,0.0,0.0,1,0,0
5582,32,18,14,3,11,6,12,7,6,0,1,0,0,0,0,0,0,0,0,0,0,0,0,1.0,1.0,1.0,0.0,0.0,0.0,1,0,0
5583,32,18,14,3,11,6,12,7,6,0,1,0,0,0,0,0,0,0,0,0,0,0,0,1.0,1.0,1.0,0.0,0.0,0.0,1,0,0
5584,36,21,15,7,11,6,12,7,5,0,2,0,0,0,0,0,0,0,0,1,0,0,0,1.0,1.0,1.0,0.125,0.125,0.0,1,4,0
5585,40,23,17,11,11,6,12,7,4,0,3,0,0,0,0,0,0,0,0,1,0,0,0,1.0,1.0,1.0,0.1111111111111111,0.1111111111111111,0.0,1,4,0
5586,40,23,17,11,11,6,12,7,4,0,3,0,0,0,0,0,0,0,0,0,0,0,0,1.0,1.0,1.0,0.0,0.0,0.0,1,0,0
5587,44,24,20,15,11,6,12,7,3,0,4,0,0,0,0,0,0,0,0,1,0,0,0,1.0,1.0,1.0,0.1,0.1,0.0,1,4,0
5588,44,24,20,15,11,6,12,7,3,0,4,0,0,0,0,0,0,0,0,0,0,0,0,1.0,1.0,1.0,0.0,0.0,0.0,1,0,0
5589,44,24,20,15,11,6,12,7,3,0,4,0,0,0,0,0,0,0,0,0,0,0,0,1.0,1.0,1.0,0.0,0.0,0.0,1,0,0
5590,44,24,20,15,11,6,12,7,3,0,4,0,0,0,0,0,0,0,0,0,0,0,0,1.0,1.0,1.0,0.0,0.0,0.0,1,0,0
5591,44,24,20,15,11,6,12,7,3,0,4,0,0,0,0,0,0,0,0,0,0,0,0,1.0,1.0,1.0,0.0,0.0,0.0,1,0,0
5592,44,24,20,15,11,6,12,7,3,0,4,0,0,0,0,0,0,0,0,0,0,0,0,1.0,1.0,1.0,0.0,0.0,0.0,1,0,0
5593,44,24,20,15,11,6,12,7,3,0,4,0,0,0,0,0,0,0,0,0,0,0,0,1.0,1.0,1.0,0.0,0.0,0.0,1,0,0
5594,43,23,20,15,11,6,11,7,3,0,4,0,0,0,0,0,0,0,0,0,0,0,0,1.0,0.8,1.0,0.0,0.0,0.0,1,0,1
5595,43,23,20,15,11,6,11,7,3,0,4,0,0,0,0,0,0,0,0,0,0,0,0,1.0,1.0,1.0,0.0,0.0,0.0,1,0,0
5596,43,23,20,15,11,6,11,7,3,0,4,0,0,0,0,0,0,0,0,0,0,0,0,1.0,1.0,1.0,0.0,0.0,0.0,1,0,0
5597,43,23,20,15,11,6,11,7,3,0,4,0,0,0,0,0,0,0,0,0,0,0,0,1.0,1.0,1.0,0.0,0.0,0.0,1,0,0
5598,43,23,20,15,11,6,11,7,3,0,4,0,0,0,0,0,0,0,0,0,0,0,0,1.0,1.0,1.0,0.0,0.0,0.0,1,0,0
5599,43,23,20,15,11,6,11,7,3,0,4,0,0,0,0,0,0,0,0,0,0,0,0,1.0,1.0,1.0,0.0,0.0,0.0,1,0,0
5600,43,23,20,15,11,6,11,7,3,0,4,0,0,0,0,0,0,0,0,0,0,0,0,1.0,1.0,1.0,0.0,0.0,0.0,1,0,0
5601,42,22,20,15,10,6,11,7,3,0,4,0,0,0,0,0,0,0,0,0,1,0,1,0.9615384615384616,1.0,1.0,0.0,0.0,0.0,1,0,1
5602,42,22,20,15,10,6,11,7,3,0,4,0,0,0,0,0,0,0,0,0,0,0,0,1.0,1.0,1.0,0.0,0.0,0.0,1,0,0
5603,42,22,20,15,10,6,11,7,3,0,4,0,0,0,0,0,0,0,0,0,0,0,0,1.0,1.0,1.0,0.0,0.0,0.0,1,0,0
5604,42,22,20,15,10,6,11,7,3,0,4,0,0,0,0,0,0,0,0,0,0,0,0,1.0,1.0,1.0,0.0,0.0,0.0,1,0,0
5605,42,22,20,15,10,6,11,7,3,0,4,0,0,0,0,0,0,0,0,0,0,0,0,1.0,1.0,1.0,0.0,0.0,0.0,1,0,0
5606,42,22,20,15,10,6,11,7,3,0,4,0,0,0,0,0,0,0,0,0,0,0,0,1.0,1.0,1.0,0.0,0.0,0.0,1,0,0
5607,42,22,20,15,10,6,11,7,3,0,4,0,0,0,0,0,0,0,0,0,0,0,0,1.0,1.0,1.0,0.0,0.0,0.0,1,0,0
5608,42,22,20,15,10,6,11,7,3,0,4,0,0,0,0,0,0,0,0,0,0,2,0,1.0,1.0,1.0,0.0,0.0,0.0,1,0,0
5609,42,22,20,15,10,6,11,7,3,0,4,0,0,0,0,0,0,0,0,0,0,0,0,1.0,1.0,1.0,0.0,0.0,0.0,1,0,0
5610,42,22,20,15,10,6,11,7,3,0,4,0,0,0,0,0,0,0,0,0,0,2,0,1.0,1.0,1.0,0.0,0.0,0.0,1,0,0
5611,42,22,20,15,10,6,11,7,3,0,4,0,0,0,0,0,0,0,0,0,0,0,0,1.0,1.0,1.0,0.0,0.0,0.0,1,0,0
5612,42,22,20,15,8,8,11,7,3,0,4,0,0,0,0,0,0,0,0,0,0,0,0,1.0,1.0,1.0,0.0,0.0,0.0,1,0,0
5613,42,22,20,15,8,8,11,7,3,0,4,0,0,0,0,0,0,0,0,0,0,0,0,1.0,1.0,1.0,0.0,0.0,0.0,1,0,0
5614,42,22,20,12,9,10,11,7,3,0,4,0,0,0,0,0,0,0,0,0,0,0,0,1.0,1.0,1.0,0.0,0.0,0.0,1,0,0
5615,42,22,20,12,9,10,11,7,3,0,4,0,0,0,0,0,0,0,0,0,0,0,0,1.0,1.0,1.0,0.0,0.0,0.0,1,0,0
5616,44,23,21,14,9,10,11,7,2,0,4,0,0,0,0,0,0,0,0,1,1,0,1,0.9523809523809523,1.0,1.0,0.07142857142857142,0.07142857142857142,0.0,1,3,1
5617,44,23,21,14,9,10,11,7,3,0,4,0,0,0,0,0,4,1,0,0,0,0,0,1.0,1.0,1.0,0.0,0.0,0.25,1,0,0
5618,43,23,20,14,8,10,11,7,3,0,4,0,0,0,0,0,0,0,0,0,1,0,1,0.9565217391304348,1.0,1.0,0.0,0.0,0.0,1,0,1
5619,43,23,20,14,8,10,11,7,3,0,4,0,0,0,0,0,0,0,0,0,0,0,0,1.0,1.0,1.0,0.0,0.0,0.0,1,0,0
5620,43,23,20,14,8,10,11,7,3,0,4,0,0,0,0,0,0,0,0,0,0,0,0,1.0,1.0,1.0,0.0,0.0,0.0,1,0,0
5621,51,28,23,22,8,10,11,7,1,0,6,0,0,0,0,0,0,0,0,2,0,0,0,1.0,1.0,1.0,0.18604651162790697,0.18604651162790697,0.0,1,8,0
5622,50,28,22,21,8,10,11,7,1,0,6,0,0,0,0,0,0,0,0,0,1,0,1,0.9666666666666667,1.0,1.0,0.0,0.0,0.0,1,0,1
5623,49,28,21,21,7,10,11,7,1,0,6,0,0,0,0,0,0,0,0,0,1,0,1,0.9655172413793104,1.0,1.0,0.0,0.0,0.0,1,0,1
5624,49,28,21,21,7,10,11,7,1,0,6,0,0,0,0,0,0,0,0,0,0,0,0,1.0,1.0,1.0,0.0,0.0,0.0,1,0,0
5625,49,28,21,21,7,10,11,7,1,0,6,0,0,0,0,0,0,0,0,0,0,0,0,1.0,1.0,1.0,0.0,0.0,0.0,1,0,0
5626,49,28,21,21,7,10,11,7,1,0,6,0,0,0,0,0,0,0,0,0,0,0,0,1.0,1.0,1.0,0.0,0.0,0.0,1,0,0
5627,49,28,21,17,11,10,11,7,1,0,6,0,0,0,0,0,0,0,0,0,0,0,0,1.0,1.0,1.0,0.0,0.0,0.0,1,0,0
5628,49,28,21,14,14,10,11,7,1,0,6,0,0,0,0,0,0,0,0,0,0,0,0,1.0,1.0,1.0,0.0,0.0,0.0,1,0,0
5629,49,28,21,14,14,10,11,7,1,0,5,0,0,0,0,0,0,0,0,0,0,0,0,1.0,1.0,1.0,0.0,0.0,0.0,1,0,0
5630,49,28,21,10,18,10,11,7,1,0,4,0,0,0,0,0,5,0,0,0,0,0,0,1.0,1.0,1.0,0.0,0.0,0.0,1,0,0
5631,48,28,20,10,17,10,11,7,2,1,4,0,0,0,0,0,8,1,1,0,1,0,1,0.9642857142857143,1.0,1.0,0.0,0.0,0.125,1,0,1
5632,48,28,20,10,17,10,11,7,2,1,3,0,0,0,0,0,0,0,0,0,0,0,0,1.0,1.0,1.0,0.0,0.0,0.0,1,0,0
5633,48,28,20,10,17,10,11,7,2,1,3,0,0,0,0,0,3,0,0,0,0,0,0,1.0,1.0,1.0,0.0,0.0,0.0,1,0,0
5634,48,28,20,10,17,10,11,7,2,1,3,0,0,0,0,0,1,0,0,0,0,0,0,1.0,1.0,1.0,0.0,0.0,0.0,1,0,0
5635,48,28,20,10,17,10,11,7,2,2,3,0,0,0,0,0,2,0,1,0,0,0,0,1.0,1.0,1.0,0.0,0.0,0.0,1,0,0
5636,47,27,20,10,17,8,12,7,2,2,3,0,0,0,0,0,0,0,0,0,0,0,0,1.0,1.0,1.0,0.0,0.0,0.0,1,0,1
5637,47,27,20,10,17,8,12,7,2,2,3,0,0,0,0,0,0,0,0,0,0,0,0,1.0,1.0,1.0,0.0,0.0,0.0,1,0,0
5638,47,27,20,10,17,8,12,7,2,2,3,0,0,0,0,0,0,0,0,0,0,0,0,1.0,1.0,1.0,0.0,0.0,0.0,1,0,0
5639,47,27,20,10,17,8,12,7,2,2,3,0,0,0,0,0,0,0,0,0,0,2,0,1.0,1.0,1.0,0.0,0.0,0.0,1,0,0
5640,47,27,20,10,17,8,12,7,2,2,3,0,0,0,0,0,0,0,0,0,0,0,0,1.0,1.0,1.0,0.0,0.0,0.0,1,0,0
5641,47,27,20,10,17,8,12,7,2,2,3,0,0,0,0,0,0,0,0,0,0,0,0,1.0,1.0,1.0,0.0,0.0,0.0,1,0,0
5642,47,27,20,10,17,8,12,7,2,2,3,0,0,0,0,0,0,0,0,0,0,0,0,1.0,1.0,1.0,0.0,0.0,0.0,1,0,0
5643,46,26,20,10,15,10,11,7,2,2,3,0,0,0,0,0,0,0,0,0,0,0,0,1.0,0.8,1.0,0.0,0.0,0.0,1,0,1
5644,46,26,20,10,15,10,11,7,2,2,3,0,0,0,0,0,0,0,0,0,0,0,0,1.0,1.0,1.0,0.0,0.0,0.0,1,0,0
5645,46,26,20,10,15,10,11,7,2,2,3,0,0,0,0,0,0,0,0,0,0,0,0,1.0,1.0,1.0,0.0,0.0,0.0,1,0,0
5646,46,26,20,10,15,10,11,7,2,2,3,0,0,0,0,0,0,0,0,0,0,1,0,1.0,1.0,1.0,0.0,0.0,0.0,1,0,0
5647,45,25,20,10,14,10,11,7,2,2,3,0,0,0,0,0,0,0,0,0,1,0,1,0.96,1.0,1.0,0.0,0.0,0.0,1,0,1
5648,45,25,20,10,14,10,11,7,2,2,3,0,0,0,0,0,0,0,0,0,0,0,0,1.0,1.0,1.0,0.0,0.0,0.0,1,0,0
5649,45,25,20,10,14,10,11,7,2,2,3,0,0,0,0,0,0,0,0,0,0,0,0,1.0,1.0,1.0,0.0,0.0,0.0,1,0,0
5650,45,25,20,10,14,10,11,7,2,2,3,0,0,0,0,0,0,0,0,0,0,0,0,1.0,1.0,1.0,0.0,0.0,0.0,1,0,0
5651,45,25,20,10,14,10,11,7,2,2,3,0,0,0,0,0,0,0,0,0,0,0,0,1.0,1.0,1.0,0.0,0.0,0.0,1,0,0
5652,45,25,20,10,14,10,11,7,2,2,3,0,0,0,0,0,0,0,0,0,0,0,0,1.0,1.0,1.0,0.0,0.0,0.0,1,0,0
5653,45,25,20,10,14,10,11,7,2,2,3,0,0,0,0,0,0,0,0,0,0,0,0,1.0,1.0,1.0,0.0,0.0,0.0,1,0,0
5654,45,25,20,10,14,10,11,7,2,2,3,0,0,0,0,0,0,0,0,0,0,0,0,1.0,1.0,1.0,0.0,0.0,0.0,1,0,0
5655,45,25,20,10,14,10,11,7,2,2,3,0,0,0,0,0,0,0,0,0,0,0,0,1.0,1.0,1.0,0.0,0.0,0.0,1,0,0
5656,45,25,20,10,14,10,11,7,2,2,3,0,0,0,0,0,0,0,0,0,0,0,0,1.0,1.0,1.0,0.0,0.0,0.0,1,0,0
5657,45,25,20,10,14,10,11,7,2,2,3,0,0,0,0,0,0,0,0,0,0,0,0,1.0,1.0,1.0,0.0,0.0,0.0,1,0,0
5658,43,24,19,10,13,10,10,6,2,2,2,0,0,1,1,0,0,0,0,0,1,0,2,0.9583333333333334,1.0,0.8571428571428572,0.0,0.0,0.0,1,0,2
5659,43,24,19,7,16,10,10,6,2,2,2,0,0,0,0,0,0,0,0,0,0,0,0,1.0,1.0,1.0,0.0,0.0,0.0,1,0,0
5660,42,23,19,7,16,10,9,6,2,2,2,0,0,1,0,0,0,0,0,0,0,0,1,1.0,0.75,1.0,0.0,0.0,0.0,1,0,1
5661,41,22,19,6,16,10,9,6,2,2,2,0,0,1,0,0,0,0,0,0,1,0,1,0.9565217391304348,1.0,1.0,0.0,0.0,0.0,1,0,1
5662,40,21,19,6,15,10,9,6,2,2,2,0,0,0,0,0,0,0,0,0,1,0,1,0.9545454545454546,1.0,1.0,0.0,0.0,0.0,1,0,1
5663,36,20,16,6,12,10,8,5,2,1,2,0,0,1,2,0,0,0,0,0,3,0,4,0.8571428571428572,1.0,0.8333333333333334,0.0,0.0,0.0,1,0,4
5664,35,20,15,0,17,10,8,5,2,1,2,0,0,0,1,0,0,0,0,0,1,0,1,0.9444444444444444,1.0,1.0,0.0,0.0,0.0,1,0,1
5665,35,20,15,0,17,10,8,5,2,1,2,0,0,0,0,0,0,0,0,0,0,0,0,1.0,1.0,1.0,0.0,0.0,0.0,1,0,0
5666,35,20,15,0,17,10,8,5,2,1,0,0,0,0,0,0,0,0,0,0,0,0,0,1.0,1.0,1.0,0.0,0.0,0.0,1,0,0
5667,35,20,15,0,17,10,8,5,3,1,0,0,0,0,0,0,3,1,0,0,0,0,0,1.0,1.0,1.0,0.0,0.0,0.3333333333333333,1,0,0
5668,35,20,15,0,17,9,9,5,4,1,0,0,0,0,0,0,8,1,0,0,0,0,0,1.0,1.0,1.0,0.0,0.0,0.125,1,0,0
5669,34,19,15,0,16,9,9,5,4,1,0,0,0,0,0,0,0,0,0,0,1,0,1,0.9411764705882353,1.0,1.0,0.0,0.0,0.0,1,0,1
5670,34,19,15,0,16,9,9,5,4,1,0,0,0,0,0,0,0,0,0,0,0,0,0,1.0,1.0,1.0,0.0,0.0,0.0,1,0,0
5671,34,19,15,0,16,8,10,6,4,1,0,0,0,0,0,0,0,0,0,0,0,0,0,1.0,1.0,1.0,0.0,0.0,0.0,1,0,0
5672,34,19,15,0,16,8,10,6,4,1,0,0,0,0,0,0,0,0,0,0,0,0,0,1.0,1.0,1.0,0.0,0.0,0.0,1,0,0
5673,34,19,15,0,16,8,10,6,4,1,0,0,0,0,0,0,0,0,0,0,0,0,0,1.0,1.0,1.0,0.0,0.0,0.0,1,0,0
5674,34,19,15,0,16,6,12,6,5,1,0,0,0,0,0,0,8,1,0,0,0,0,0,1.0,1.0,1.0,0.0,0.0,0.125,1,0,0
5675,34,19,15,0,16,6,12,6,5,1,0,0,0,0,0,0,0,0,0,0,0,0,0,1.0,1.0,1.0,0.0,0.0,0.0,1,0,0
5676,34,19,15,0,16,6,12,6,5,0,0,0,0,0,0,0,0,0,0,0,0,0,0,1.0,1.0,1.0,0.0,0.0,0.0,1,0,0
5677,34,19,15,0,16,6,12,6,5,0,0,0,0,0,0,0,3,0,0,0,0,0,0,1.0,1.0,1.0,0.0,0.0,0.0,1,0,0
5678,34,19,15,0,16,6,12,6,6,0,0,0,0,0,0,0,6,1,0,0,0,0,0,1.0,1.0,1.0,0.0,0.0,0.16666666666666666,1,0,0
5679,34,19,15,0,16,6,12,6,6,0,0,0,0,0,0,0,0,0,0,0,0,0,0,1.0,1.0,1.0,0.0,0.0,0.0,1,0,0
5680,34,19,15,0,16,5,13,6,6,0,0,0,0,0,0,0,0,0,0,0,0,0,0,1.0,1.0,1.0,0.0,0.0,0.0,1,0,0
5681,34,19,15,0,16,5,13,6,6,0,0,0,0,0,0,0,0,0,0,0,0,0,0,1.0,1.0,1.0,0.0,0.0,0.0,1,0,0
5682,38,19,19,4,16,5,13,6,5,0,1,0,0,0,0,0,0,0,0,1,0,0,0,1.0,1.0,1.0,0.11764705882352941,0.11764705882352941,0.0,1,4,0
5683,38,19,19,4,16,5,13,6,5,0,1,0,0,0,0,0,0,0,0,0,0,0,0,1.0,1.0,1.0,0.0,0.0,0.0,1,0,0
5684,38,19,19,4,16,5,13,6,5,0,1,0,0,0,0,0,0,0,0,0,0,0,0,1.0,1.0,1.0,0.0,0.0,0.0,1,0,0
5685,38,19,19,4,16,5,13,6,5,0,1,0,0,0,0,0,0,0,0,0,0,0,0,1.0,1.0,1.0,0.0,0.0,0.0,1,0,0
5686,38,19,19,4,16,5,13,6,5,0,1,0,0,0,0,0,0,0,0,0,0,0,0,1.0,1.0,1.0,0.0,0.0,0.0,1,0,0
5687,38,19,19,4,16,5,13,6,5,0,1,0,0,0,0,0,0,0,0,0,0,0,0,1.0,1.0,1.0,0.0,0.0,0.0,1,0,0
5688,38,19,19,4,16,5,13,6,5,0,1,0,0,0,0,0,0,0,0,0,0,0,0,1.0,1.0,1.0,0.0,0.0,0.0,1,0,0
5689,38,19,19,4,16,5,13,6,5,0,1,0,0,0,0,0,0,0,0,0,0,0,0,1.0,1.0,1.0,0.0,0.0,0.0,1,0,0
5690,37,19,18,3,16,5,13,6,5,0,1,0,0,0,0,0,0,0,0,0,1,0,1,0.95,1.0,1.0,0.0,0.0,0.0,1,0,1
5691,37,19,18,3,16,5,13,6,5,0,1,0,0,0,0,0,0,0,0,0,0,0,0,1.0,1.0,1.0,0.0,0.0,0.0,1,0,0
5692,37,19,18,3,16,5,13,6,5,0,1,0,0,0,0,0,0,0,0,0,0,0,0,1.0,1.0,1.0,0.0,0.0,0.0,1,0,0
5693,36,18,18,3,16,4,13,6,5,0,1,0,0,0,0,0,0,0,0,0,0,0,0,1.0,1.0,1.0,0.0,0.0,0.0,1,0,1
5694,36,18,18,3,16,4,13,6,5,0,1,0,0,0,0,0,0,0,0,0,0,0,0,1.0,1.0,1.0,0.0,0.0,0.0,1,0,0
5695,36,18,18,3,16,4,13,6,5,0,1,0,0,0,0,0,0,0,0,0,0,0,0,1.0,1.0,1.0,0.0,0.0,0.0,1,0,0
5696,39,18,21,6,16,4,13,6,4,0,2,0,0,0,0,0,0,0,0,1,0,0,0,1.0,1.0,1.0,0.08333333333333333,0.08333333333333333,0.0,1,3,0
5697,39,18,21,6,16,4,13,6,4,0,2,0,0,0,0,0,0,0,0,0,0,0,0,1.0,1.0,1.0,0.0,0.0,0.0,1,0,0
5698,39,18,21,6,16,4,13,6,4,0,2,0,0,0,0,0,0,0,0,0,0,0,0,1.0,1.0,1.0,0.0,0.0,0.0,1,0,0
5699,39,18,21,6,16,4,13,6,4,0,2,0,0,0,0,0,0,0,0,0,0,0,0,1.0,1.0,1.0,0.0,0.0,0.0,1,0,0
5700,39,18,21,6,16,4,13,6,4,0,2,0,0,0,0,0,0,0,0,0,0,0,0,1.0,1.0,1.0,0.0,0.0,0.0,1,0,0
5701,39,18,21,6,16,4,13,6,4,0,2,0,0,0,0,0,0,0,0,0,0,0,0,1.0,1.0,1.0,0.0,0.0,0.0,1,0,0
5702,39,18,21,6,16,4,13,6,4,0,2,0,0,0,0,0,0,0,0,0,0,0,0,1.0,1.0,1.0,0.0,0.0,0.0,1,0,0
5703,39,18,21,6,16,4,13,6,4,0,2,0,0,0,0,0,0,0,0,0,0,0,0,1.0,1.0,1.0,0.0,0.0,0.0,1,0,0
5704,38,17,21,6,15,4,13,6,4,0,2,0,0,0,0,0,0,0,0,0,1,0,1,0.9545454545454546,1.0,1.0,0.0,0.0,0.0,1,0,1
5705,38,17,21,6,15,4,13,6,4,0,2,0,0,0,0,0,0,0,0,0,0,0,0,1.0,1.0,1.0,0.0,0.0,0.0,1,0,0
5706,38,17,21,6,15,4,13,6,4,0,2,0,0,0,0,0,0,0,0,0,0,0,0,1.0,1.0,1.0,0.0,0.0,0.0,1,0,0
5707,38,17,21,6,15,4,13,6,4,0,2,0,0,0,0,0,0,0,0,0,0,0,0,1.0,1.0,1.0,0.0,0.0,0.0,1,0,0
5708,38,17,21,6,15,4,13,6,4,0,2,0,0,0,0,0,0,0,0,0,0,0,0,1.0,1.0,1.0,0.0,0.0,0.0,1,0,0
5709,38,17,21,6,15,4,13,6,4,0,2,0,0,0,0,0,0,0,0,0,0,0,0,1.0,1.0,1.0,0.0,0.0,0.0,1,0,0
5710,38,17,21,6,15,4,13,6,4,0,2,0,0,0,0,0,0,0,0,0,0,0,0,1.0,1.0,1.0,0.0,0.0,0.0,1,0,0
5711,38,17,21,6,15,4,13,6,4,0,2,0,0,0,0,0,0,0,0,0,0,0,0,1.0,1.0,1.0,0.0,0.0,0.0,1,0,0
5712,38,17,21,6,15,4,13,6,4,0,2,0,0,0,0,0,0,0,0,0,0,0,0,1.0,1.0,1.0,0.0,0.0,0.0,1,0,0
5713,38,17,21,6,15,4,13,6,4,0,2,0,0,0,0,0,0,0,0,0,0,0,0,1.0,1.0,1.0,0.0,0.0,0.0,1,0,0
5714,38,17,21,6,15,4,13,6,4,0,2,0,0,0,0,0,0,0,0,0,0,0,0,1.0,1.0,1.0,0.0,0.0,0.0,1,0,0
5715,38,17,21,6,15,4,13,6,4,0,2,0,0,0,0,0,0,0,0,0,0,0,0,1.0,1.0,1.0,0.0,0.0,0.0,1,0,0
5716,38,17,21,6,15,4,13,6,4,0,2,0,0,0,0,0,0,0,0,0,0,0,0,1.0,1.0,1.0,0.0,0.0,0.0,1,0,0
5717,38,17,21,6,15,4,13,6,4,0,2,0,0,0,0,0,0,0,0,0,0,0,0,1.0,1.0,1.0,0.0,0.0,0.0,1,0,0
5718,38,17,21,6,15,4,13,6,4,0,2,0,0,0,0,0,0,0,0,0,0,0,0,1.0,1.0,1.0,0.0,0.0,0.0,1,0,0
5719,38,17,21,6,15,4,13,6,4,0,2,0,0,0,0,0,0,0,0,0,0,0,0,1.0,1.0,1.0,0.0,0.0,0.0,1,0,0
5720,38,17,21,6,15,4,13,6,4,0,2,0,0,0,0,0,0,0,0,0,0,0,0,1.0,1.0,1.0,0.0,0.0,0.0,1,0,0
5721,38,17,21,6,15,4,13,6,4,0,2,0,0,0,0,0,0,0,0,0,0,0,0,1.0,1.0,1.0,0.0,0.0,0.0,1,0,0
5722,38,17,21,6,15,4,13,6,4,0,2,0,0,0,0,0,0,0,0,0,0,0,0,1.0,1.0,1.0,0.0,0.0,0.0,1,0,0
5723,38,17,21,6,15,4,13,6,4,0,2,0,0,0,0,0,0,0,0,0,0,0,0,1.0,1.0,1.0,0.0,0.0,0.0,1,0,0
5724,38,17,21,6,15,4,13,6,4,0,2,0,0,0,0,0,0,0,0,0,0,0,0,1.0,1.0,1.0,0.0,0.0,0.0,1,0,0
5725,37,17,20,3,17,4,13,6,4,0,2,0,0,0,0,0,0,0,0,0,1,0,1,0.9523809523809523,1.0,1.0,0.0,0.0,0.0,1,0,1
5726,37,17,20,3,17,4,13,6,4,0,2,0,0,0,0,0,0,0,0,0,0,0,0,1.0,1.0,1.0,0.0,0.0,0.0,1,0,0
5727,37,17,20,3,17,4,13,6,4,0,1,0,0,0,0,0,0,0,0,0,0,0,0,1.0,1.0,1.0,0.0,0.0,0.0,1,0,0
5728,37,17,20,3,17,4,13,6,5,0,1,0,0,0,0,0,8,1,0,0,0,0,0,1.0,1.0,1.0,0.0,0.0,0.125,1,0,0
5729,37,17,20,3,17,4,13,6,5,0,1,0,0,0,0,0,0,0,0,0,0,0,0,1.0,1.0,1.0,0.0,0.0,0.0,1,0,0
5730,37,17,20,3,17,4,13,6,5,0,1,0,0,0,0,0,0,0,0,0,0,0,0,1.0,1.0,1.0,0.0,0.0,0.0,1,0,0
5731,36,17,19,3,16,4,13,6,5,0,1,0,0,0,0,0,0,0,0,0,1,0,1,0.95,1.0,1.0,0.0,0.0,0.0,1,0,1
5732,40,20,20,7,16,4,13,6,4,0,2,0,0,0,0,0,0,0,0,1,0,0,0,1.0,1.0,1.0,0.1111111111111111,0.1111111111111111,0.0,1,4,0
5733,44,23,21,11,16,4,13,6,3,0,3,0,0,0,0,0,0,0,0,1,0,0,0,1.0,1.0,1.0,0.1,0.1,0.0,1,4,0
5734,44,23,21,11,16,4,13,6,3,0,3,0,0,0,0,0,0,0,0,0,0,0,0,1.0,1.0,1.0,0.0,0.0,0.0,1,0,0
5735,44,23,21,11,16,4,13,6,3,0,3,0,0,0,0,0,0,0,0,0,0,0,0,1.0,1.0,1.0,0.0,0.0,0.0,1,0,0
5736,43,23,20,11,15,4,13,6,3,0,3,0,0,0,0,0,0,0,0,0,1,0,1,0.962962962962963,1.0,1.0,0.0,0.0,0.0,1,0,1
5737,43,23,20,11,15,4,13,6,3,0,3,0,0,0,0,0,0,0,0,0,0,0,0,1.0,1.0,1.0,0.0,0.0,0.0,1,0,0
5738,43,23,20,11,15,4,13,6,3,0,3,0,0,0,0,0,0,0,0,0,0,0,0,1.0,1.0,1.0,0.0,0.0,0.0,1,0,0
5739,47,25,22,12,18,4,13,6,2,0,4,0,0,0,0,0,0,0,0,1,0,0,0,1.0,1.0,1.0,0.09302325581395349,0.09302325581395349,0.0,1,4,0
5740,47,25,22,12,18,4,13,6,2,0,4,0,0,0,0,0,0,0,0,0,0,0,0,1.0,1.0,1.0,0.0,0.0,0.0,1,0,0
5741,46,25,21,12,17,4,13,6,2,0,3,0,0,0,0,0,0,0,0,0,1,0,1,0.9666666666666667,1.0,1.0,0.0,0.0,0.0,1,0,1
5742,46,25,21,12,17,4,13,6,3,0,3,0,0,0,0,0,6,1,0,0,0,0,0,1.0,1.0,1.0,0.0,0.0,0.16666666666666666,1,0,0
5743,50,27,23,16,17,4,13,6,2,0,4,0,0,0,0,0,0,0,0,1,0,0,0,1.0,1.0,1.0,0.08695652173913043,0.08695652173913043,0.0,1,4,0
5744,50,27,23,16,17,4,13,6,2,0,4,0,0,0,0,0,0,0,0,0,0,0,0,1.0,1.0,1.0,0.0,0.0,0.0,1,0,0
5745,50,27,23,16,17,4,13,6,2,0,4,0,0,0,0,0,0,0,0,0,0,0,0,1.0,1.0,1.0,0.0,0.0,0.0,1,0,0
5746,50,27,23,16,17,4,13,6,2,0,4,0,0,0,0,0,0,0,0,0,0,0,0,1.0,1.0,1.0,0.0,0.0,0.0,1,0,0
5747,50,27,23,16,17,3,14,6,2,0,4,0,0,0,0,0,0,0,0,0,0,0,0,1.0,1.0,1.0,0.0,0.0,0.0,1,0,0
5748,50,27,23,16,17,3,14,6,2,0,4,0,0,0,0,0,0,0,0,0,0,0,0,1.0,1.0,1.0,0.0,0.0,0.0,1,0,0
5749,48,26,22,15,16,3,14,6,2,0,4,0,0,1,1,0,0,0,0,0,2,0,2,0.9393939393939394,1.0,1.0,0.0,0.0,0.0,1,0,2
5750,46,26,20,14,16,3,13,5,2,0,3,0,0,0,2,0,0,0,0,0,1,0,2,0.967741935483871,1.0,0.8333333333333334,0.0,0.0,0.0,1,0,2
5751,44,25,19,13,16,3,12,4,2,0,2,0,0,1,0,0,0,0,0,0,1,2,1,0.9666666666666667,1.0,0.8,0.0,0.0,0.0,1,0,2
5752,42,24,18,12,15,3,12,4,2,0,2,0,0,1,1,0,0,0,0,0,2,0,2,0.9310344827586207,1.0,1.0,0.0,0.0,0.0,1,0,2
5753,40,24,16,12,14,2,12,4,2,0,2,0,0,0,2,0,0,0,0,0,1,0,2,0.962962962962963,1.0,1.0,0.0,0.0,0.0,1,0,2
5754,37,21,16,10,14,2,11,4,2,0,2,0,0,3,0,0,0,0,0,0,2,0,3,0.9230769230769231,0.875,1.0,0.0,0.0,0.0,1,0,3
5755,36,21,15,10,11,4,11,4,2,0,2,0,0,0,1,0,0,0,0,0,1,0,1,0.9545454545454546,1.0,1.0,0.0,0.0,0.0,1,0,1
5756,35,21,14,9,11,4,11,4,2,0,2,0,0,0,0,0,0,0,0,0,1,0,1,0.9523809523809523,1.0,1.0,0.0,0.0,0.0,1,0,1
5757,35,21,14,9,11,4,11,4,2,0,2,0,0,0,0,0,0,0,0,0,0,0,0,1.0,1.0,1.0,0.0,0.0,0.0,1,0,0
5758,35,21,14,9,11,4,11,4,2,0,2,0,0,0,0,0,0,0,0,0,0,0,0,1.0,1.0,1.0,0.0,0.0,0.0,1,0,0
5759,35,21,14,9,11,4,11,4,2,0,2,0,0,0,0,0,0,0,0,0,0,0,0,1.0,1.0,1.0,0.0,0.0,0.0,1,0,0
5760,35,21,14,9,11,4,11,4,2,0,2,0,0,0,0,0,0,0,0,0,0,0,0,1.0,1.0,1.0,0.0,0.0,0.0,1,0,0
5761,35,21,14,9,11,4,11,4,2,0,2,0,0,0,0,0,0,0,0,0,0,0,0,1.0,1.0,1.0,0.0,0.0,0.0,1,0,0
5762,35,21,14,9,11,4,11,4,2,0,2,0,0,0,0,0,0,0,0,0,0,0,0,1.0,1.0,1.0,0.0,0.0,0.0,1,0,0
5763,35,21,14,9,11,4,11,4,2,0,2,0,0,0,0,0,0,0,0,0,0,0,0,1.0,1.0,1.0,0.0,0.0,0.0,1,0,0
5764,35,21,14,9,11,4,11,4,2,0,2,0,0,0,0,0,0,0,0,0,0,1,0,1.0,1.0,1.0,0.0,0.0,0.0,1,0,0
5765,35,21,14,9,11,4,11,4,2,0,2,0,0,0,0,0,0,0,0,0,0,2,0,1.0,1.0,1.0,0.0,0.0,0.0,1,0,0
5766,35,21,14,9,11,4,11,4,2,0,2,0,0,0,0,0,0,0,0,0,0,0,0,1.0,1.0,1.0,0.0,0.0,0.0,1,0,0
5767,35,21,14,9,11,4,11,4,2,0,2,0,0,0,0,0,0,0,0,0,0,1,0,1.0,1.0,1.0,0.0,0.0,0.0,1,0,0
5768,35,21,14,9,10,5,11,4,2,0,2,0,0,0,0,0,0,0,0,0,0,0,0,1.0,1.0,1.0,0.0,0.0,0.0,1,0,0
5769,35,21,14,9,8,7,11,4,2,0,2,0,0,0,0,0,0,0,0,0,0,0,0,1.0,1.0,1.0,0.0,0.0,0.0,1,0,0
5770,35,21,14,9,8,7,11,4,2,0,2,0,0,0,0,0,0,0,0,0,0,0,0,1.0,1.0,1.0,0.0,0.0,0.0,1,0,0
5771,35,21,14,9,7,8,11,4,2,0,2,0,0,0,0,0,0,0,0,0,0,0,0,1.0,1.0,1.0,0.0,0.0,0.0,1,0,0
5772,35,21,14,9,7,8,11,4,2,0,2,0,0,0,0,0,0,0,0,0,0,0,0,1.0,1.0,1.0,0.0,0.0,0.0,1,0,0
5773,35,21,14,9,7,8,11,4,2,0,2,0,0,0,0,0,0,0,0,0,0,0,0,1.0,1.0,1.0,0.0,0.0,0.0,1,0,0
5774,35,21,14,9,7,8,11,4,2,0,2,0,0,0,0,0,0,0,0,0,0,0,0,1.0,1.0,1.0,0.0,0.0,0.0,1,0,0
5775,35,21,14,8,8,8,11,4,2,0,2,0,0,0,0,0,0,0,0,0,0,0,0,1.0,1.0,1.0,0.0,0.0,0.0,1,0,0
5776,35,21,14,4,12,8,11,4,2,0,2,0,0,0,0,0,0,0,0,0,0,0,0,1.0,1.0,1.0,0.0,0.0,0.0,1,0,0
5777,35,21,14,4,12,8,11,4,2,0,2,0,0,0,0,0,0,0,0,0,0,0,0,1.0,1.0,1.0,0.0,0.0,0.0,1,0,0
5778,35,21,14,4,12,6,13,4,2,0,1,0,0,0,0,0,0,0,0,0,0,0,0,1.0,1.0,1.0,0.0,0.0,0.0,1,0,0
5779,35,21,14,4,12,6,13,4,2,0,1,0,0,0,0,0,0,0,0,0,0,0,0,1.0,1.0,1.0,0.0,0.0,0.0,1,0,0
5780,35,21,14,4,12,6,13,4,2,0,1,0,0,0,0,0,0,0,0,0,0,0,0,1.0,1.0,1.0,0.0,0.0,0.0,1,0,0
5781,35,21,14,4,12,6,13,4,2,0,1,0,0,0,0,0,0,0,0,0,0,0,0,1.0,1.0,1.0,0.0,0.0,0.0,1,0,0
5782,35,21,14,3,13,6,13,4,2,0,1,0,0,0,0,0,0,0,0,0,0,0,0,1.0,1.0,1.0,0.0,0.0,0.0,1,0,0
5783,35,21,14,3,13,6,13,4,2,0,1,0,0,0,0,0,0,0,0,0,0,0,0,1.0,1.0,1.0,0.0,0.0,0.0,1,0,0
5784,35,21,14,3,13,6,13,4,2,0,0,0,0,0,0,0,0,0,0,0,0,0,0,1.0,1.0,1.0,0.0,0.0,0.0,1,0,0
5785,35,21,14,3,13,6,13,4,2,0,0,0,0,0,0,0,0,0,0,0,0,0,0,1.0,1.0,1.0,0.0,0.0,0.0,1,0,0
5786,35,21,14,0,16,6,13,4,2,0,0,0,0,0,0,0,0,0,0,0,0,0,0,1.0,1.0,1.0,0.0,0.0,0.0,1,0,0
5787,35,21,14,0,16,6,13,4,2,0,0,0,0,0,0,0,0,0,0,0,0,0,0,1.0,1.0,1.0,0.0,0.0,0.0,1,0,0
5788,35,21,14,0,16,6,13,4,2,0,0,0,0,0,0,0,0,0,0,0,0,0,0,1.0,1.0,1.0,0.0,0.0,0.0,1,0,0
5789,35,21,14,0,16,6,13,4,2,0,0,0,0,0,0,0,0,0,0,0,0,0,0,1.0,1.0,1.0,0.0,0.0,0.0,1,0,0
5790,35,21,14,0,16,6,13,4,2,0,0,0,0,0,0,0,0,0,0,0,0,0,0,1.0,1.0,1.0,0.0,0.0,0.0,1,0,0
5791,35,21,14,0,16,6,13,4,2,0,0,0,0,0,0,0,0,0,0,0,0,0,0,1.0,1.0,1.0,0.0,0.0,0.0,1,0,0
5792,35,21,14,0,16,6,13,4,2,0,0,0,0,0,0,0,0,0,0,0,0,0,0,1.0,1.0,1.0,0.0,0.0,0.0,1,0,0
5793,38,21,17,3,16,6,13,4,1,0,1,0,0,0,0,0,0,0,0,1,0,0,0,1.0,1.0,1.0,0.08571428571428572,0.08571428571428572,0.0,1,3,0
5794,38,21,17,3,16,6,13,4,1,0,1,0,0,0,0,0,0,0,0,0,0,0,0,1.0,1.0,1.0,0.0,0.0,0.0,1,0,0
5795,38,21,17,3,16,6,13,4,1,0,1,0,0,0,0,0,0,0,0,0,0,0,0,1.0,1.0,1.0,0.0,0.0,0.0,1,0,0
5796,38,21,17,3,16,6,13,4,1,0,1,0,0,0,0,0,0,0,0,0,0,2,0,1.0,1.0,1.0,0.0,0.0,0.0,1,0,0
5797,38,21,17,3,16,6,13,4,1,0,1,0,0,0,0,0,0,0,0,0,0,0,0,1.0,1.0,1.0,0.0,0.0,0.0,1,0,0
5798,38,21,17,3,16,6,13,4,1,0,1,0,0,0,0,0,0,0,0,0,0,0,0,1.0,1.0,1.0,0.0,0.0,0.0,1,0,0
5799,38,21,17,3,16,6,13,4,1,0,1,0,0,0,0,0,0,0,0,0,0,0,0,1.0,1.0,1.0,0.0,0.0,0.0,1,0,0
5800,38,21,17,3,14,8,13,4,1,0,1,0,0,0,0,0,0,0,0,0,0,0,0,1.0,1.0,1.0,0.0,0.0,0.0,1,0,0
5801,38,21,17,3,14,8,13,4,1,0,1,0,0,0,0,0,0,0,0,0,0,3,0,1.0,1.0,1.0,0.0,0.0,0.0,1,0,0
5802,38,21,17,3,14,8,13,4,1,0,1,0,0,0,0,0,0,0,0,0,0,0,0,1.0,1.0,1.0,0.0,0.0,0.0,1,0,0
5803,38,21,17,3,14,8,13,4,1,0,1,0,0,0,0,0,0,0,0,0,0,0,0,1.0,1.0,1.0,0.0,0.0,0.0,1,0,0
5804,38,21,17,3,14,7,14,5,1,0,1,0,0,0,0,0,0,0,0,0,0,0,0,1.0,1.0,1.0,0.0,0.0,0.0,1,0,0
5805,38,21,17,3,11,10,14,5,1,0,1,0,0,0,0,0,0,0,0,0,0,0,0,1.0,1.0,1.0,0.0,0.0,0.0,1,0,0
5806,38,21,17,3,11,10,14,5,1,0,1,0,0,0,0,0,0,0,0,0,0,0,0,1.0,1.0,1.0,0.0,0.0,0.0,1,0,0
5807,42,23,19,7,11,10,14,5,0,0,2,0,0,0,0,0,0,0,0,1,0,0,0,1.0,1.0,1.0,0.10526315789473684,0.10526315789473684,0.0,1,4,0
5808,41,23,18,6,11,10,14,5,0,0,2,0,0,0,0,0,0,0,0,0,1,0,1,0.9444444444444444,1.0,1.0,0.0,0.0,0.0,1,0,1
5809,41,23,18,6,11,10,14,5,0,0,2,0,0,0,0,0,0,0,0,0,0,0,0,1.0,1.0,1.0,0.0,0.0,0.0,1,0,0
5810,41,23,18,6,11,10,14,5,0,0,2,0,0,0,0,0,0,0,0,0,0,0,0,1.0,1.0,1.0,0.0,0.0,0.0,1,0,0
5811,41,23,18,6,11,10,14,5,0,0,2,0,0,0,0,0,0,0,0,0,0,0,0,1.0,1.0,1.0,0.0,0.0,0.0,1,0,0
5812,41,23,18,6,11,10,14,5,0,0,2,0,0,0,0,0,0,0,0,0,0,0,0,1.0,1.0,1.0,0.0,0.0,0.0,1,0,0
5813,40,23,17,6,10,10,14,5,0,0,2,0,0,0,0,0,0,0,0,0,1,0,1,0.9411764705882353,1.0,1.0,0.0,0.0,0.0,1,0,1
5814,40,23,17,6,10,10,14,5,0,0,2,0,0,0,0,0,0,0,0,0,0,0,0,1.0,1.0,1.0,0.0,0.0,0.0,1,0,0
5815,40,23,17,6,10,10,14,5,0,0,2,0,0,0,0,0,0,0,0,0,0,0,0,1.0,1.0,1.0,0.0,0.0,0.0,1,0,0
5816,40,23,17,6,10,10,14,5,0,0,2,0,0,0,0,0,0,0,0,0,0,0,0,1.0,1.0,1.0,0.0,0.0,0.0,1,0,0
5817,40,23,17,6,10,9,15,6,0,0,2,0,0,0,0,0,0,0,0,0,0,0,0,1.0,1.0,1.0,0.0,0.0,0.0,1,0,0
5818,40,23,17,6,10,9,15,6,0,0,2,0,0,0,0,0,0,0,0,0,0,0,0,1.0,1.0,1.0,0.0,0.0,0.0,1,0,0
5819,40,23,17,6,10,9,15,6,0,0,2,0,0,0,0,0,0,0,0,0,0,0,0,1.0,1.0,1.0,0.0,0.0,0.0,1,0,0
5820,40,23,17,6,10,9,15,6,0,0,2,0,0,0,0,0,0,0,0,0,0,0,0,1.0,1.0,1.0,0.0,0.0,0.0,1,0,0
5821,40,23,17,6,10,9,15,6,0,0,2,0,0,0,0,0,0,0,0,0,0,0,0,1.0,1.0,1.0,0.0,0.0,0.0,1,0,0
5822,40,23,17,6,10,9,15,6,0,0,2,0,0,0,0,0,0,0,0,0,0,0,0,1.0,1.0,1.0,0.0,0.0,0.0,1,0,0
5823,40,23,17,6,10,9,15,6,0,0,2,0,0,0,0,0,0,0,0,0,0,0,0,1.0,1.0,1.0,0.0,0.0,0.0,1,0,0
5824,40,23,17,6,10,9,15,6,0,0,2,0,0,0,0,0,0,0,0,0,0,0,0,1.0,1.0,1.0,0.0,0.0,0.0,1,0,0
5825,40,23,17,6,10,9,15,6,0,0,2,0,0,0,0,0,0,0,0,0,0,0,0,1.0,1.0,1.0,0.0,0.0,0.0,1,0,0
5826,40,23,17,6,10,9,15,6,0,0,2,0,0,0,0,0,0,0,0,0,0,0,0,1.0,1.0,1.0,0.0,0.0,0.0,1,0,0
5827,39,23,16,6,10,9,14,5,0,0,1,0,0,0,0,0,0,0,0,0,0,0,0,1.0,1.0,0.8333333333333334,0.0,0.0,0.0,1,0,1
5828,39,23,16,6,10,9,14,5,0,0,1,0,0,0,0,0,0,0,0,0,0,0,0,1.0,1.0,1.0,0.0,0.0,0.0,1,0,0
5829,39,23,16,6,10,9,14,5,0,0,1,0,0,0,0,0,0,0,0,0,0,0,0,1.0,1.0,1.0,0.0,0.0,0.0,1,0,0
5830,39,23,16,6,10,9,14,5,0,0,1,0,0,0,0,0,0,0,0,0,0,0,0,1.0,1.0,1.0,0.0,0.0,0.0,1,0,0
5831,39,23,16,6,10,9,14,5,0,0,1,0,0,0,0,0,0,0,0,0,0,0,0,1.0,1.0,1.0,0.0,0.0,0.0,1,0,0
5832,39,23,16,6,10,9,14,5,0,0,1,0,0,0,0,0,0,0,0,0,0,0,0,1.0,1.0,1.0,0.0,0.0,0.0,1,0,0
5833,39,23,16,6,10,9,14,5,0,0,1,0,0,0,0,0,0,0,0,0,0,0,0,1.0,1.0,1.0,0.0,0.0,0.0,1,0,0
5834,38,22,16,5,10,9,14,5,0,0,1,0,0,0,0,0,0,0,0,0,1,0,1,0.9375,1.0,1.0,0.0,0.0,0.0,1,0,1
5835,38,22,16,5,10,9,14,5,0,0,1,0,0,0,0,0,0,0,0,0,0,0,0,1.0,1.0,1.0,0.0,0.0,0.0,1,0,0
5836,38,22,16,3,12,9,14,5,0,0,1,0,0,0,0,0,0,0,0,0,0,0,0,1.0,1.0,1.0,0.0,0.0,0.0,1,0,0
5837,38,22,16,3,12,9,14,5,0,0,1,0,0,0,0,0,0,0,0,0,0,0,0,1.0,1.0,1.0,0.0,0.0,0.0,1,0,0
5838,38,22,16,3,12,9,14,5,0,0,0,0,0,0,0,0,0,0,0,0,0,0,0,1.0,1.0,1.0,0.0,0.0,0.0,1,0,0
5839,38,22,16,3,12,9,14,5,0,0,0,0,0,0,0,0,0,0,0,0,0,0,0,1.0,1.0,1.0,0.0,0.0,0.0,1,0,0
5840,36,21,15,2,11,9,14,5,0,0,0,0,0,1,1,0,0,0,0,0,2,0,2,0.8666666666666667,1.0,1.0,0.0,0.0,0.0,1,0,2
5841,35,21,14,2,10,9,14,5,0,0,0,0,0,0,1,0,0,0,0,0,1,0,1,0.9230769230769231,1.0,1.0,0.0,0.0,0.0,1,0,1
5842,33,19,14,2,9,8,14,5,0,0,0,0,0,2,0,0,0,0,0,0,1,0,2,0.9166666666666666,1.0,1.0,0.0,0.0,0.0,1,0,2
5843,32,18,14,2,9,8,13,5,0,0,0,0,0,1,0,0,0,0,0,0,0,0,1,1.0,0.8888888888888888,1.0,0.0,0.0,0.0,1,0,1
5844,31,17,14,2,9,7,13,5,0,0,0,0,0,1,0,0,0,0,0,0,0,0,1,1.0,1.0,1.0,0.0,0.0,0.0,1,0,1
5845,30,16,14,2,8,7,13,5,0,0,0,0,0,1,0,0,0,0,0,0,1,0,1,0.9090909090909091,1.0,1.0,0.0,0.0,0.0,1,0,1
5846,29,15,14,2,8,6,13,5,0,0,0,0,0,1,0,0,0,0,0,0,0,0,1,1.0,1.0,1.0,0.0,0.0,0.0,1,0,1
5847,27,14,13,2,8,4,13,5,0,0,0,0,0,1,1,0,0,0,0,0,0,0,2,1.0,1.0,1.0,0.0,0.0,0.0,1,0,2
5848,27,14,13,2,8,4,13,5,0,0,0,0,0,0,0,0,0,0,0,0,0,0,0,1.0,1.0,1.0,0.0,0.0,0.0,1,0,0
5849,27,14,13,2,8,4,13,5,0,0,0,0,0,0,0,0,0,0,0,0,0,0,0,1.0,1.0,1.0,0.0,0.0,0.0,1,0,0
5850,27,14,13,0,10,4,13,5,0,0,0,0,0,0,0,0,0,0,0,0,0,0,0,1.0,1.0,1.0,0.0,0.0,0.0,1,0,0
5851,27,14,13,0,10,4,13,5,0,0,0,0,0,0,0,0,0,0,0,0,0,0,0,1.0,1.0,1.0,0.0,0.0,0.0,1,0,0
5852,27,14,13,0,10,4,13,5,0,0,0,0,0,0,0,0,0,0,0,0,0,0,0,1.0,1.0,1.0,0.0,0.0,0.0,1,0,0
5853,27,14,13,0,10,4,13,5,0,0,0,0,0,0,0,0,0,0,0,0,0,0,0,1.0,1.0,1.0,0.0,0.0,0.0,1,0,0
5854,27,14,13,0,10,4,13,5,0,0,0,0,0,0,0,0,0,0,0,0,0,0,0,1.0,1.0,1.0,0.0,0.0,0.0,1,0,0
5855,27,14,13,0,10,4,13,5,0,0,0,0,0,0,0,0,0,0,0,0,0,0,0,1.0,1.0,1.0,0.0,0.0,0.0,1,0,0
5856,27,14,13,0,10,4,13,5,0,0,0,0,0,0,0,0,0,0,0,0,0,0,0,1.0,1.0,1.0,0.0,0.0,0.0,1,0,0
5857,27,14,13,0,10,4,13,5,0,0,0,0,0,0,0,0,0,0,0,0,0,0,0,1.0,1.0,1.0,0.0,0.0,0.0,1,0,0
5858,27,14,13,0,10,4,13,5,0,0,0,0,0,0,0,0,0,0,0,0,0,0,0,1.0,1.0,1.0,0.0,0.0,0.0,1,0,0
5859,27,14,13,0,10,4,13,5,0,0,0,0,0,0,0,0,0,0,0,0,0,0,0,1.0,1.0,1.0,0.0,0.0,0.0,1,0,0
5860,27,14,13,0,10,4,13,5,0,0,0,0,0,0,0,0,0,0,0,0,0,0,0,1.0,1.0,1.0,0.0,0.0,0.0,1,0,0
5861,27,14,13,0,10,4,13,5,0,0,0,0,0,0,0,0,0,0,0,0,0,0,0,1.0,1.0,1.0,0.0,0.0,0.0,1,0,0
5862,27,14,13,0,10,4,13,5,0,0,0,0,0,0,0,0,0,0,0,0,0,0,0,1.0,1.0,1.0,0.0,0.0,0.0,1,0,0
5863,27,14,13,0,10,4,13,5,0,0,0,0,0,0,0,0,0,0,0,0,0,0,0,1.0,1.0,1.0,0.0,0.0,0.0,1,0,0
5864,27,14,13,0,10,4,13,5,0,0,0,0,0,0,0,0,0,0,0,0,0,0,0,1.0,1.0,1.0,0.0,0.0,0.0,1,0,0
5865,27,14,13,0,10,4,13,5,0,0,0,0,0,0,0,0,0,0,0,0,0,0,0,1.0,1.0,1.0,0.0,0.0,0.0,1,0,0
5866,27,14,13,0,10,4,13,5,0,0,0,0,0,0,0,0,0,0,0,0,0,0,0,1.0,1.0,1.0,0.0,0.0,0.0,1,0,0
5867,27,14,13,0,10,4,13,5,0,0,0,0,0,0,0,0,0,0,0,0,0,0,0,1.0,1.0,1.0,0.0,0.0,0.0,1,0,0
5868,27,14,13,0,10,4,13,5,0,0,0,0,0,0,0,0,0,0,0,0,0,0,0,1.0,1.0,1.0,0.0,0.0,0.0,1,0,0
5869,27,14,13,0,10,4,13,5,0,0,0,0,0,0,0,0,0,0,0,0,0,0,0,1.0,1.0,1.0,0.0,0.0,0.0,1,0,0
5870,27,14,13,0,10,4,13,5,2,1,0,0,0,0,0,0,6,2,1,0,0,0,0,1.0,1.0,1.0,0.0,0.0,0.3333333333333333,1,0,0
5871,27,14,13,0,10,4,13,5,2,2,0,0,0,0,0,0,1,0,1,0,0,0,0,1.0,1.0,1.0,0.0,0.0,0.0,1,0,0
5872,27,14,13,0,10,4,13,5,2,2,0,0,0,0,0,0,4,0,0,0,0,0,0,1.0,1.0,1.0,0.0,0.0,0.0,1,0,0
5873,27,14,13,0,10,4,13,5,2,2,0,0,0,0,0,0,4,0,0,0,0,0,0,1.0,1.0,1.0,0.0,0.0,0.0,1,0,0
5874,27,14,13,0,10,4,13,5,2,2,0,0,0,0,0,0,8,0,0,0,0,0,0,1.0,1.0,1.0,0.0,0.0,0.0,1,0,0
5875,27,14,13,0,10,4,13,5,2,2,0,0,0,0,0,0,0,0,0,0,0,0,0,1.0,1.0,1.0,0.0,0.0,0.0,1,0,0
5876,27,14,13,0,10,4,13,5,2,2,0,0,0,0,0,0,0,0,0,0,0,1,0,1.0,1.0,1.0,0.0,0.0,0.0,1,0,0
5877,27,14,13,0,10,4,13,5,2,2,0,0,0,0,0,0,0,0,0,0,0,0,0,1.0,1.0,1.0,0.0,0.0,0.0,1,0,0
5878,27,14,13,0,10,4,13,5,2,2,0,0,0,0,0,0,0,0,0,0,0,0,0,1.0,1.0,1.0,0.0,0.0,0.0,1,0,0
5879,27,14,13,0,10,4,13,5,2,2,0,0,0,0,0,0,0,0,0,0,0,0,0,1.0,1.0,1.0,0.0,0.0,0.0,1,0,0
5880,27,14,13,0,9,5,13,5,2,2,0,0,0,0,0,0,0,0,0,0,0,0,0,1.0,1.0,1.0,0.0,0.0,0.0,1,0,0
5881,27,14,13,0,9,5,13,5,2,2,0,0,0,0,0,0,0,0,0,0,0,0,0,1.0,1.0,1.0,0.0,0.0,0.0,1,0,0
5882,27,14,13,0,9,5,13,5,2,2,0,0,0,0,0,0,0,0,0,0,0,0,0,1.0,1.0,1.0,0.0,0.0,0.0,1,0,0
5883,27,14,13,0,9,5,13,5,3,2,0,0,0,0,0,0,5,1,0,0,0,0,0,1.0,1.0,1.0,0.0,0.0,0.2,1,0,0
5884,27,14,13,0,9,5,13,5,3,2,0,0,0,0,0,0,0,0,0,0,0,0,0,1.0,1.0,1.0,0.0,0.0,0.0,1,0,0
5885,27,14,13,0,9,5,13,5,3,2,0,0,0,0,0,0,0,0,0,0,0,0,0,1.0,1.0,1.0,0.0,0.0,0.0,1,0,0
5886,27,14,13,0,9,5,13,5,3,2,0,0,0,0,0,0,0,0,0,0,0,0,0,1.0,1.0,1.0,0.0,0.0,0.0,1,0,0
5887,27,14,13,0,9,5,13,5,3,2,0,0,0,0,0,0,0,0,0,0,0,0,0,1.0,1.0,1.0,0.0,0.0,0.0,1,0,0
5888,27,14,13,0,9,5,13,5,3,2,0,0,0,0,0,0,0,0,0,0,0,0,0,1.0,1.0,1.0,0.0,0.0,0.0,1,0,0
5889,27,14,13,0,9,5,13,5,3,2,0,0,0,0,0,0,0,0,0,0,0,0,0,1.0,1.0,1.0,0.0,0.0,0.0,1,0,0
5890,27,14,13,0,9,4,14,5,3,2,0,0,0,0,0,0,0,0,0,0,0,0,0,1.0,1.0,1.0,0.0,0.0,0.0,1,0,0
5891,27,14,13,0,9,4,14,5,3,2,0,0,0,0,0,0,0,0,0,0,0,0,0,1.0,1.0,1.0,0.0,0.0,0.0,1,0,0
5892,27,14,13,0,9,4,14,5,3,2,0,0,0,0,0,0,0,0,0,0,0,0,0,1.0,1.0,1.0,0.0,0.0,0.0,1,0,0
5893,27,14,13,0,9,4,14,5,3,2,0,0,0,0,0,0,0,0,0,0,0,0,0,1.0,1.0,1.0,0.0,0.0,0.0,1,0,0
5894,27,14,13,0,9,4,14,5,3,2,0,0,0,0,0,0,0,0,0,0,0,0,0,1.0,1.0,1.0,0.0,0.0,0.0,1,0,0
5895,27,14,13,0,9,4,14,5,3,2,0,0,0,0,0,0,0,0,0,0,0,0,0,1.0,1.0,1.0,0.0,0.0,0.0,1,0,0
5896,27,14,13,0,9,4,14,5,3,2,0,0,0,0,0,0,0,0,0,0,0,0,0,1.0,1.0,1.0,0.0,0.0,0.0,1,0,0
5897,27,14,13,0,9,4,14,5,3,2,0,0,0,0,0,0,0,0,0,0,0,0,0,1.0,1.0,1.0,0.0,0.0,0.0,1,0,0
5898,27,14,13,0,9,4,14,5,3,2,0,0,0,0,0,0,0,0,0,0,0,0,0,1.0,1.0,1.0,0.0,0.0,0.0,1,0,0
5899,27,14,13,0,9,4,14,5,3,2,0,0,0,0,0,0,0,0,0,0,0,0,0,1.0,1.0,1.0,0.0,0.0,0.0,1,0,0
5900,27,14,13,0,9,4,14,5,3,2,0,0,0,0,0,0,0,0,0,0,0,0,0,1.0,1.0,1.0,0.0,0.0,0.0,1,0,0
5901,27,14,13,0,9,4,14,5,3,2,0,0,0,0,0,0,0,0,0,0,0,0,0,1.0,1.0,1.0,0.0,0.0,0.0,1,0,0
5902,27,14,13,0,9,4,14,5,3,2,0,0,0,0,0,0,0,0,0,0,0,0,0,1.0,1.0,1.0,0.0,0.0,0.0,1,0,0
5903,27,14,13,0,9,4,14,5,3,2,0,0,0,0,0,0,0,0,0,0,0,0,0,1.0,1.0,1.0,0.0,0.0,0.0,1,0,0
5904,27,14,13,0,9,4,14,5,3,2,0,0,0,0,0,0,0,0,0,0,0,0,0,1.0,1.0,1.0,0.0,0.0,0.0,1,0,0
5905,27,14,13,0,9,4,14,5,3,2,0,0,0,0,0,0,0,0,0,0,0,0,0,1.0,1.0,1.0,0.0,0.0,0.0,1,0,0
5906,27,14,13,0,9,4,14,5,3,2,0,0,0,0,0,0,0,0,0,0,0,0,0,1.0,1.0,1.0,0.0,0.0,0.0,1,0,0
5907,27,14,13,0,9,4,14,5,3,2,0,0,0,0,0,0,0,0,0,0,0,0,0,1.0,1.0,1.0,0.0,0.0,0.0,1,0,0
5908,27,14,13,0,9,4,14,5,3,2,0,0,0,0,0,0,0,0,0,0,0,0,0,1.0,1.0,1.0,0.0,0.0,0.0,1,0,0
5909,27,14,13,0,9,4,14,5,3,2,0,0,0,0,0,0,0,0,0,0,0,0,0,1.0,1.0,1.0,0.0,0.0,0.0,1,0,0
5910,27,14,13,0,9,4,14,5,3,2,0,0,0,0,0,0,0,0,0,0,0,0,0,1.0,1.0,1.0,0.0,0.0,0.0,1,0,0
5911,27,14,13,0,9,4,14,5,3,2,0,0,0,0,0,0,0,0,0,0,0,0,0,1.0,1.0,1.0,0.0,0.0,0.0,1,0,0
5912,27,14,13,0,9,4,14,5,3,2,0,0,0,0,0,0,0,0,0,0,0,1,0,1.0,1.0,1.0,0.0,0.0,0.0,1,0,0
5913,27,14,13,0,9,4,14,5,3,2,0,0,0,0,0,0,0,0,0,0,0,2,0,1.0,1.0,1.0,0.0,0.0,0.0,1,0,0
5914,27,14,13,0,9,4,14,5,3,2,0,0,0,0,0,0,0,0,0,0,0,0,0,1.0,1.0,1.0,0.0,0.0,0.0,1,0,0
5915,27,14,13,0,9,4,14,5,3,1,0,0,0,0,0,0,0,0,0,0,0,0,0,1.0,1.0,1.0,0.0,0.0,0.0,1,0,0
5916,27,14,13,0,8,5,14,5,4,0,0,0,0,0,0,0,4,1,0,0,0,0,0,1.0,1.0,1.0,0.0,0.0,0.25,1,0,0
5917,27,14,13,0,6,7,14,5,4,0,0,0,0,0,0,0,2,0,0,0,0,0,0,1.0,1.0,1.0,0.0,0.0,0.0,1,0,0
5918,27,14,13,0,6,7,14,5,4,1,0,0,0,0,0,0,1,0,1,0,0,0,0,1.0,1.0,1.0,0.0,0.0,0.0,1,0,0
5919,27,14,13,0,6,7,14,5,4,1,0,0,0,0,0,0,0,0,0,0,0,1,0,1.0,1.0,1.0,0.0,0.0,0.0,1,0,0
5920,27,14,13,0,6,7,14,5,4,1,0,0,0,0,0,0,0,0,0,0,0,0,0,1.0,1.0,1.0,0.0,0.0,0.0,1,0,0
5921,27,14,13,0,6,7,14,5,4,1,0,0,0,0,0,0,0,0,0,0,0,0,0,1.0,1.0,1.0,0.0,0.0,0.0,1,0,0
5922,27,14,13,0,6,7,14,5,4,1,0,0,0,0,0,0,0,0,0,0,0,0,0,1.0,1.0,1.0,0.0,0.0,0.0,1,0,0
5923,27,14,13,0,5,8,14,5,4,1,0,0,0,0,0,0,0,0,0,0,0,2,0,1.0,1.0,1.0,0.0,0.0,0.0,1,0,0
5924,27,14,13,0,5,8,14,5,4,1,0,0,0,0,0,0,0,0,0,0,0,0,0,1.0,1.0,1.0,0.0,0.0,0.0,1,0,0
5925,27,14,13,0,5,8,14,5,4,1,0,0,0,0,0,0,0,0,0,0,0,0,0,1.0,1.0,1.0,0.0,0.0,0.0,1,0,0
5926,27,14,13,0,5,8,14,5,4,1,0,0,0,0,0,0,0,0,0,0,0,0,0,1.0,1.0,1.0,0.0,0.0,0.0,1,0,0
5927,27,14,13,0,3,10,14,5,4,1,0,0,0,0,0,0,0,0,0,0,0,0,0,1.0,1.0,1.0,0.0,0.0,0.0,1,0,0
5928,27,14,13,0,3,10,14,5,4,1,0,0,0,0,0,0,0,0,0,0,0,0,0,1.0,1.0,1.0,0.0,0.0,0.0,1,0,0
5929,27,14,13,0,3,10,14,5,4,1,0,0,0,0,0,0,0,0,0,0,0,0,0,1.0,1.0,1.0,0.0,0.0,0.0,1,0,0
5930,27,14,13,0,3,10,14,5,4,1,0,0,0,0,0,0,0,0,0,0,0,0,0,1.0,1.0,1.0,0.0,0.0,0.0,1,0,0
5931,26,14,12,0,3,10,13,4,3,1,0,0,0,0,0,0,0,0,0,0,0,0,0,1.0,1.0,0.8,0.0,0.0,0.0,1,0,1
5932,25,14,11,0,2,10,13,4,3,1,0,0,0,0,1,0,0,0,0,0,1,0,1,0.6666666666666667,1.0,1.0,0.0,0.0,0.0,1,0,1
5933,25,14,11,0,2,10,13,4,3,1,0,0,0,0,0,0,0,0,0,0,0,0,0,1.0,1.0,1.0,0.0,0.0,0.0,1,0,0
5934,24,13,11,0,2,10,12,4,3,1,0,0,0,1,0,0,0,0,0,0,0,0,1,1.0,0.8888888888888888,1.0,0.0,0.0,0.0,1,0,1
5935,27,15,12,4,2,9,12,4,2,1,1,0,0,1,0,0,0,0,0,1,0,0,1,1.0,0.8888888888888888,1.0,0.16666666666666666,0.16666666666666666,0.0,1,4,1
5936,26,14,12,4,2,9,11,4,2,1,1,0,0,1,0,0,0,0,0,0,0,0,1,1.0,0.875,1.0,0.0,0.0,0.0,1,0,1
5937,26,14,12,4,2,9,11,4,2,1,1,0,0,0,0,0,0,0,0,0,0,0,0,1.0,1.0,1.0,0.0,0.0,0.0,1,0,0
5938,24,12,12,4,2,8,10,4,2,1,1,0,0,2,0,0,0,0,0,0,0,0,2,1.0,0.8571428571428572,1.0,0.0,0.0,0.0,1,0,2
5939,24,12,12,4,2,8,10,4,2,1,1,0,0,0,0,0,0,0,0,0,0,0,0,1.0,1.0,1.0,0.0,0.0,0.0,1,0,0
5940,24,12,12,4,2,7,11,4,2,1,1,0,0,0,0,0,0,0,0,0,0,0,0,1.0,1.0,1.0,0.0,0.0,0.0,1,0,0
5941,24,12,12,4,2,7,11,4,2,1,1,0,0,0,0,0,0,0,0,0,0,0,0,1.0,1.0,1.0,0.0,0.0,0.0,1,0,0
5942,24,12,12,4,2,7,11,4,2,1,1,0,0,0,0,0,0,0,0,0,0,0,0,1.0,1.0,1.0,0.0,0.0,0.0,1,0,0
5943,24,12,12,4,2,7,11,4,2,1,1,0,0,0,0,0,0,0,0,0,0,0,0,1.0,1.0,1.0,0.0,0.0,0.0,1,0,0
5944,24,12,12,4,2,7,11,4,2,1,1,0,0,0,0,0,0,0,0,0,0,0,0,1.0,1.0,1.0,0.0,0.0,0.0,1,0,0
5945,24,12,12,4,2,7,11,4,2,1,1,0,0,0,0,0,0,0,0,0,0,0,0,1.0,1.0,1.0,0.0,0.0,0.0,1,0,0
5946,24,12,12,4,2,7,11,4,2,1,1,0,0,0,0,0,0,0,0,0,0,0,0,1.0,1.0,1.0,0.0,0.0,0.0,1,0,0
5947,24,12,12,4,2,7,11,4,2,1,1,0,0,0,0,0,0,0,0,0,0,0,0,1.0,1.0,1.0,0.0,0.0,0.0,1,0,0
5948,27,12,15,7,2,7,11,4,1,1,2,0,0,0,0,0,0,0,0,1,0,0,0,1.0,1.0,1.0,0.125,0.125,0.0,1,3,0
5949,26,12,14,7,2,7,10,3,1,1,1,0,0,0,0,0,0,0,0,0,0,0,0,1.0,1.0,0.75,0.0,0.0,0.0,1,0,1
5950,26,12,14,7,2,7,10,3,1,1,1,0,0,0,0,0,0,0,0,0,0,0,0,1.0,1.0,1.0,0.0,0.0,0.0,1,0,0
5951,26,12,14,7,2,7,10,3,1,1,1,0,0,0,0,0,0,0,0,0,0,0,0,1.0,1.0,1.0,0.0,0.0,0.0,1,0,0
5952,26,12,14,7,2,7,10,3,1,1,1,0,0,0,0,0,0,0,0,0,0,0,0,1.0,1.0,1.0,0.0,0.0,0.0,1,0,0
5953,26,12,14,7,2,7,10,3,1,1,1,0,0,0,0,0,0,0,0,0,0,0,0,1.0,1.0,1.0,0.0,0.0,0.0,1,0,0
5954,26,12,14,7,2,7,10,3,1,1,1,0,0,0,0,0,0,0,0,0,0,0,0,1.0,1.0,1.0,0.0,0.0,0.0,1,0,0
5955,26,12,14,7,2,7,10,3,1,1,1,0,0,0,0,0,0,0,0,0,0,0,0,1.0,1.0,1.0,0.0,0.0,0.0,1,0,0
5956,26,12,14,7,2,7,10,3,1,1,1,0,0,0,0,0,0,0,0,0,0,0,0,1.0,1.0,1.0,0.0,0.0,0.0,1,0,0
5957,26,12,14,7,2,7,10,3,1,1,1,0,0,0,0,0,0,0,0,0,0,0,0,1.0,1.0,1.0,0.0,0.0,0.0,1,0,0
5958,26,12,14,7,2,7,10,3,1,1,1,0,0,0,0,0,0,0,0,0,0,0,0,1.0,1.0,1.0,0.0,0.0,0.0,1,0,0
5959,26,12,14,7,2,7,10,3,1,1,1,0,0,0,0,0,0,0,0,0,0,0,0,1.0,1.0,1.0,0.0,0.0,0.0,1,0,0
5960,26,12,14,7,2,7,10,3,1,1,1,0,0,0,0,0,0,0,0,0,0,0,0,1.0,1.0,1.0,0.0,0.0,0.0,1,0,0
5961,26,12,14,7,2,7,10,3,1,1,1,0,0,0,0,0,0,0,0,0,0,0,0,1.0,1.0,1.0,0.0,0.0,0.0,1,0,0
5962,26,12,14,7,2,7,10,3,1,1,1,0,0,0,0,0,0,0,0,0,0,0,0,1.0,1.0,1.0,0.0,0.0,0.0,1,0,0
5963,26,12,14,7,2,7,10,3,1,0,1,0,0,0,0,0,0,0,0,0,0,0,0,1.0,1.0,1.0,0.0,0.0,0.0,1,0,0
5964,26,12,14,7,2,7,10,3,1,0,1,0,0,0,0,0,1,0,0,0,0,0,0,1.0,1.0,1.0,0.0,0.0,0.0,1,0,0
5965,26,12,14,7,2,7,10,3,1,0,1,0,0,0,0,0,5,0,0,0,0,0,0,1.0,1.0,1.0,0.0,0.0,0.0,1,0,0
5966,26,12,14,7,2,7,10,3,2,0,1,0,0,0,0,0,1,1,0,0,0,0,0,1.0,1.0,1.0,0.0,0.0,1.0,1,0,0
5967,26,12,14,7,2,7,10,3,2,0,1,0,0,0,0,0,0,0,0,0,0,0,0,1.0,1.0,1.0,0.0,0.0,0.0,1,0,0
5968,26,12,14,7,2,7,10,3,2,0,1,0,0,0,0,0,0,0,0,0,0,0,0,1.0,1.0,1.0,0.0,0.0,0.0,1,0,0
5969,26,12,14,7,2,7,10,3,2,0,1,0,0,0,0,0,0,0,0,0,0,0,0,1.0,1.0,1.0,0.0,0.0,0.0,1,0,0
5970,26,12,14,7,2,7,10,3,2,0,1,0,0,0,0,0,0,0,0,0,0,0,0,1.0,1.0,1.0,0.0,0.0,0.0,1,0,0
5971,26,12,14,7,2,7,10,3,2,0,1,0,0,0,0,0,0,0,0,0,0,0,0,1.0,1.0,1.0,0.0,0.0,0.0,1,0,0
5972,26,12,14,7,2,7,10,3,2,0,1,0,0,0,0,0,0,0,0,0,0,0,0,1.0,1.0,1.0,0.0,0.0,0.0,1,0,0
5973,26,12,14,7,2,7,10,3,2,0,1,0,0,0,0,0,0,0,0,0,0,1,0,1.0,1.0,1.0,0.0,0.0,0.0,1,0,0
5974,26,12,14,7,2,7,10,3,2,0,1,0,0,0,0,0,0,0,0,0,0,0,0,1.0,1.0,1.0,0.0,0.0,0.0,1,0,0
5975,26,12,14,7,2,7,10,3,2,0,1,0,0,0,0,0,0,0,0,0,0,0,0,1.0,1.0,1.0,0.0,0.0,0.0,1,0,0
5976,26,12,14,7,2,7,10,3,2,0,1,0,0,0,0,0,0,0,0,0,0,0,0,1.0,1.0,1.0,0.0,0.0,0.0,1,0,0
5977,26,12,14,7,1,8,10,3,2,0,1,0,0,0,0,0,0,0,0,0,0,0,0,1.0,1.0,1.0,0.0,0.0,0.0,1,0,0
5978,26,12,14,3,5,8,10,3,2,0,1,0,0,0,0,0,0,0,0,0,0,0,0,1.0,1.0,1.0,0.0,0.0,0.0,1,0,0
5979,26,12,14,3,5,8,10,3,2,0,1,0,0,0,0,0,0,0,0,0,0,0,0,1.0,1.0,1.0,0.0,0.0,0.0,1,0,0
5980,26,12,14,3,5,8,10,3,2,0,1,0,0,0,0,0,0,0,0,0,0,0,0,1.0,1.0,1.0,0.0,0.0,0.0,1,0,0
5981,29,15,14,6,5,8,10,3,1,0,2,0,0,0,0,0,0,0,0,1,0,0,0,1.0,1.0,1.0,0.11538461538461539,0.11538461538461539,0.0,1,3,0
5982,29,15,14,6,5,8,10,3,1,0,2,0,0,0,0,0,0,0,0,0,0,0,0,1.0,1.0,1.0,0.0,0.0,0.0,1,0,0
5983,29,15,14,6,5,8,10,3,1,0,2,0,0,0,0,0,0,0,0,0,0,0,0,1.0,1.0,1.0,0.0,0.0,0.0,1,0,0
5984,29,15,14,6,5,8,10,3,1,0,2,0,0,0,0,0,0,0,0,0,0,0,0,1.0,1.0,1.0,0.0,0.0,0.0,1,0,0
5985,29,15,14,6,5,8,10,3,1,0,2,0,0,0,0,0,0,0,0,0,0,0,0,1.0,1.0,1.0,0.0,0.0,0.0,1,0,0
5986,29,15,14,6,5,8,10,3,1,0,2,0,0,0,0,0,0,0,0,0,0,0,0,1.0,1.0,1.0,0.0,0.0,0.0,1,0,0
5987,29,15,14,6,5,8,10,3,1,0,2,0,0,0,0,0,0,0,0,0,0,1,0,1.0,1.0,1.0,0.0,0.0,0.0,1,0,0
5988,29,15,14,6,5,8,10,3,1,0,2,0,0,0,0,0,0,0,0,0,0,0,0,1.0,1.0,1.0,0.0,0.0,0.0,1,0,0
5989,29,15,14,6,5,8,10,3,1,0,2,0,0,0,0,0,0,0,0,0,0,0,0,1.0,1.0,1.0,0.0,0.0,0.0,1,0,0
5990,29,15,14,6,5,8,10,3,1,0,2,0,0,0,0,0,0,0,0,0,0,0,0,1.0,1.0,1.0,0.0,0.0,0.0,1,0,0
5991,28,15,13,3,7,8,10,3,1,0,2,0,0,0,0,0,0,0,0,0,0,0,0,1.0,1.0,1.0,0.0,0.0,0.0,1,0,1
5992,28,15,13,3,7,8,10,3,1,0,2,0,0,0,0,0,0,0,0,0,0,0,0,1.0,1.0,1.0,0.0,0.0,0.0,1,0,0
5993,28,15,13,3,7,8,10,3,1,0,1,0,0,0,0,0,0,0,0,0,0,0,0,1.0,1.0,1.0,0.0,0.0,0.0,1,0,0
5994,28,15,13,3,7,8,10,3,2,0,1,0,0,0,0,0,3,1,0,0,0,0,0,1.0,1.0,1.0,0.0,0.0,0.3333333333333333,1,0,0
5995,28,15,13,3,7,8,10,3,2,0,1,0,0,0,0,0,0,0,0,0,0,0,0,1.0,1.0,1.0,0.0,0.0,0.0,1,0,0
5996,28,15,13,3,7,8,10,3,2,0,1,0,0,0,0,0,0,0,0,0,0,0,0,1.0,1.0,1.0,0.0,0.0,0.0,1,0,0
5997,28,15,13,3,7,8,10,3,2,0,1,0,0,0,0,0,0,0,0,0,0,0,0,1.0,1.0,1.0,0.0,0.0,0.0,1,0,0
5998,28,15,13,3,7,8,10,3,2,0,1,0,0,0,0,0,0,0,0,0,0,0,0,1.0,1.0,1.0,0.0,0.0,0.0,1,0,0
5999,28,15,13,3,7,8,10,3,2,0,1,0,0,0,0,0,0,0,0,0,0,0,0,1.0,1.0,1.0,0.0,0.0,0.0,1,0,0
6000,27,15,12,3,7,7,10,3,2,0,1,0,0,0,0,0,0,0,0,0,0,0,0,1.0,1.0,1.0,0.0,0.0,0.0,1,0,1
