day,N_tot,N_male,N_female,N_kitten,N_young_juv,N_older_juv,N_adult,N_adult_female,N_pregnant,N_pseudo_pregnant,N_nursing,N_treated_male,N_treated_female,daily_capture_male,daily_capture_female,daily_active_units,daily_mating,daily_pregnancy,daily_pseudo_pregnancy,daily_litter,daily_early_death,daily_early_survived,daily_preventable_death,P_sv_baby,P_sv_adult_male,P_sv_adult_female,r_birth,r_death,rate_pregnancy,nonempty_units,daily_births,daily_deaths
1,49,24,25,15,13,8,13,6,0,0,0,0,0,0,0,0,0,0,0,0,1,1,1,0.9655172413793104,1.0,1.0,0.0,0.0,0.0,5,0,1
2,49,24,25,14,14,8,13,6,0,0,0,0,0,0,0,0,0,0,0,0,0,0,0,1.0,1.0,1.0,0.0,0.0,0.0,5,0,0
3,47,22,25,14,12,8,13,6,0,0,0,0,0,0,0,0,0,0,0,0,2,0,2,0.9285714285714286,1.0,1.0,0.0,0.0,0.0,5,0,2
4,46,22,24,13,12,8,13,6,0,0,0,0,0,0,0,0,0,0,0,0,1,0,1,0.9615384615384616,1.0,1.0,0.0,0.0,0.0,5,0,1
5,46,22,24,13,11,9,13,6,0,0,0,0,0,0,0,0,0,0,0,0,0,0,0,1.0,1.0,1.0,0.0,0.0,0.0,5,0,0
6,46,22,24,12,12,9,13,6,0,0,0,0,0,0,0,0,0,0,0,0,0,0,0,1.0,1.0,1.0,0.0,0.0,0.0,5,0,0
7,46,22,24,12,12,9,13,6,0,0,0,0,0,0,0,0,0,0,0,0,0,1,0,1.0,1.0,1.0,0.0,0.0,0.0,5,0,0
8,46,22,24,12,12,9,13,6,0,0,0,0,0,0,0,0,0,0,0,0,0,1,0,1.0,1.0,1.0,0.0,0.0,0.0,5,0,0
9,46,22,24,12,12,9,13,6,0,0,0,0,0,0,0,0,0,0,0,0,0,0,0,1.0,1.0,1.0,0.0,0.0,0.0,5,0,0
10,46,22,24,11,13,9,13,6,0,0,0,0,0,0,0,0,0,0,0,0,0,0,0,1.0,1.0,1.0,0.0,0.0,0.0,5,0,0
11,46,22,24,9,14,10,13,6,0,0,0,0,0,0,0,0,0,0,0,0,0,0,0,1.0,1.0,1.0,0.0,0.0,0.0,5,0,0
12,46,22,24,8,14,11,13,6,0,0,0,0,0,0,0,0,0,0,0,0,0,0,0,1.0,1.0,1.0,0.0,0.0,0.0,5,0,0
13,45,22,23,7,14,11,13,6,0,0,0,0,0,0,0,0,0,0,0,0,1,1,1,0.9545454545454546,1.0,1.0,0.0,0.0,0.0,5,0,1
14,45,22,23,7,14,9,15,7,0,0,0,0,0,0,0,0,0,0,0,0,0,0,0,1.0,1.0,1.0,0.0,0.0,0.0,5,0,0
15,45,22,23,7,14,9,15,7,0,0,0,0,0,0,0,0,0,0,0,0,0,0,0,1.0,1.0,1.0,0.0,0.0,0.0,5,0,0
16,45,22,23,7,14,9,15,7,0,0,0,0,0,0,0,0,0,0,0,0,0,0,0,1.0,1.0,1.0,0.0,0.0,0.0,5,0,0
17,45,22,23,7,13,10,15,7,0,0,0,0,0,0,0,0,0,0,0,0,0,0,0,1.0,1.0,1.0,0.0,0.0,0.0,5,0,0
18,45,22,23,7,13,10,15,7,0,0,0,0,0,0,0,0,0,0,0,0,0,0,0,1.0,1.0,1.0,0.0,0.0,0.0,5,0,0
19,45,22,23,7,13,10,15,7,0,0,0,0,0,0,0,0,0,0,0,0,0,0,0,1.0,1.0,1.0,0.0,0.0,0.0,5,0,0
20,45,22,23,7,13,10,15,7,0,0,0,0,0,0,0,0,0,0,0,0,0,0,0,1.0,1.0,1.0,0.0,0.0,0.0,5,0,0
21,45,22,23,7,13,10,15,7,0,0,0,0,0,0,0,0,0,0,0,0,0,0,0,1.0,1.0,1.0,0.0,0.0,0.0,5,0,0
22,45,22,23,6,14,10,15,7,0,0,0,0,0,0,0,0,0,0,0,0,0,0,0,1.0,1.0,1.0,0.0,0.0,0.0,5,0,0
23,45,22,23,6,14,10,15,7,0,0,0,0,0,0,0,0,0,0,0,0,0,0,0,1.0,1.0,1.0,0.0,0.0,0.0,5,0,0
24,45,22,23,5,15,10,15,7,0,0,0,0,0,0,0,0,0,0,0,0,0,0,0,1.0,1.0,1.0,0.0,0.0,0.0,5,0,0
25,45,22,23,5,15,10,15,7,0,0,0,0,0,0,0,0,0,0,0,0,0,0,0,1.0,1.0,1.0,0.0,0.0,0.0,5,0,0
26,45,22,23,4,16,10,15,7,0,0,0,0,0,0,0,0,0,0,0,0,0,0,0,1.0,1.0,1.0,0.0,0.0,0.0,5,0,0
27,45,22,23,3,17,10,15,7,0,0,0,0,0,0,0,0,0,0,0,0,0,0,0,1.0,1.0,1.0,0.0,0.0,0.0,5,0,0
28,45,22,23,3,17,10,15,7,0,0,0,0,0,0,0,0,0,0,0,0,0,0,0,1.0,1.0,1.0,0.0,0.0,0.0,5,0,0
29,45,22,23,3,17,10,15,7,0,0,0,0,0,0,0,0,0,0,0,0,0,0,0,1.0,1.0,1.0,0.0,0.0,0.0,5,0,0
30,44,22,22,3,16,10,15,7,4,1,0,0,0,0,0,0,24,4,1,0,1,0,1,0.95,1.0,1.0,0.0,0.0,0.16666666666666666,5,0,1
31,44,22,22,3,16,10,15,7,6,1,0,0,0,0,0,0,9,2,0,0,0,0,0,1.0,1.0,1.0,0.0,0.0,0.2222222222222222,5,0,0
32,44,22,22,2,17,10,15,7,6,1,0,0,0,0,0,0,0,0,0,0,0,0,0,1.0,1.0,1.0,0.0,0.0,0.0,5,0,0
33,44,22,22,2,17,10,15,7,6,1,0,0,0,0,0,0,0,0,0,0,0,0,0,1.0,1.0,1.0,0.0,0.0,0.0,5,0,0
34,44,22,22,2,17,10,15,7,6,1,0,0,0,0,0,0,0,0,0,0,0,1,0,1.0,1.0,1.0,0.0,0.0,0.0,5,0,0
35,43,21,22,2,17,10,14,7,6,1,0,0,0,0,0,0,0,0,0,0,0,0,0,1.0,0.875,1.0,0.0,0.0,0.0,5,0,1
36,43,21,22,2,17,10,14,7,6,1,0,0,0,0,0,0,0,0,0,0,0,0,0,1.0,1.0,1.0,0.0,0.0,0.0,5,0,0
37,43,21,22,2,17,10,14,7,6,1,0,0,0,0,0,0,0,0,0,0,0,0,0,1.0,1.0,1.0,0.0,0.0,0.0,5,0,0
38,43,21,22,1,17,11,14,7,6,1,0,0,0,0,0,0,0,0,0,0,0,0,0,1.0,1.0,1.0,0.0,0.0,0.0,5,0,0
39,43,21,22,1,17,11,14,7,6,1,0,0,0,0,0,0,0,0,0,0,0,0,0,1.0,1.0,1.0,0.0,0.0,0.0,5,0,0
40,43,21,22,1,17,11,14,7,6,1,0,0,0,0,0,0,0,0,0,0,0,0,0,1.0,1.0,1.0,0.0,0.0,0.0,5,0,0
41,43,21,22,0,18,11,14,7,6,1,0,0,0,0,0,0,0,0,0,0,0,0,0,1.0,1.0,1.0,0.0,0.0,0.0,5,0,0
42,43,21,22,0,18,11,14,7,6,1,0,0,0,0,0,0,0,0,0,0,0,0,0,1.0,1.0,1.0,0.0,0.0,0.0,5,0,0
43,43,21,22,0,18,11,14,7,6,1,0,0,0,0,0,0,0,0,0,0,0,0,0,1.0,1.0,1.0,0.0,0.0,0.0,5,0,0
44,43,21,22,0,18,11,14,7,6,1,0,0,0,0,0,0,0,0,0,0,0,0,0,1.0,1.0,1.0,0.0,0.0,0.0,5,0,0
45,43,21,22,0,18,11,14,7,6,1,0,0,0,0,0,0,0,0,0,0,0,0,0,1.0,1.0,1.0,0.0,0.0,0.0,5,0,0
46,43,21,22,0,18,11,14,7,6,1,0,0,0,0,0,0,0,0,0,0,0,0,0,1.0,1.0,1.0,0.0,0.0,0.0,5,0,0
47,43,21,22,0,18,11,14,7,6,1,0,0,0,0,0,0,0,0,0,0,0,0,0,1.0,1.0,1.0,0.0,0.0,0.0,5,0,0
48,43,21,22,0,18,11,14,7,6,1,0,0,0,0,0,0,0,0,0,0,0,0,0,1.0,1.0,1.0,0.0,0.0,0.0,5,0,0
49,43,21,22,0,18,11,14,7,6,1,0,0,0,0,0,0,0,0,0,0,0,0,0,1.0,1.0,1.0,0.0,0.0,0.0,5,0,0
50,43,21,22,0,18,11,14,7,6,1,0,0,0,0,0,0,0,0,0,0,0,0,0,1.0,1.0,1.0,0.0,0.0,0.0,5,0,0
51,43,21,22,0,18,11,14,7,6,1,0,0,0,0,0,0,0,0,0,0,0,0,0,1.0,1.0,1.0,0.0,0.0,0.0,5,0,0
52,43,21,22,0,18,11,14,7,6,1,0,0,0,0,0,0,0,0,0,0,0,0,0,1.0,1.0,1.0,0.0,0.0,0.0,5,0,0
53,43,21,22,0,18,11,14,7,6,1,0,0,0,0,0,0,0,0,0,0,0,0,0,1.0,1.0,1.0,0.0,0.0,0.0,5,0,0
54,42,21,21,0,17,11,14,7,6,1,0,0,0,0,0,0,0,0,0,0,1,0,1,0.9444444444444444,1.0,1.0,0.0,0.0,0.0,5,0,1
55,41,21,20,0,16,11,14,7,6,1,0,0,0,0,0,0,0,0,0,0,1,0,1,0.9411764705882353,1.0,1.0,0.0,0.0,0.0,5,0,1
56,41,21,20,0,16,11,14,7,6,1,0,0,0,0,0,0,0,0,0,0,0,0,0,1.0,1.0,1.0,0.0,0.0,0.0,5,0,0
57,41,21,20,0,16,11,14,7,6,1,0,0,0,0,0,0,0,0,0,0,0,0,0,1.0,1.0,1.0,0.0,0.0,0.0,5,0,0
58,41,21,20,0,16,11,14,7,6,1,0,0,0,0,0,0,0,0,0,0,0,0,0,1.0,1.0,1.0,0.0,0.0,0.0,5,0,0
59,41,21,20,0,16,11,14,7,6,1,0,0,0,0,0,0,0,0,0,0,0,0,0,1.0,1.0,1.0,0.0,0.0,0.0,5,0,0
60,41,21,20,0,16,11,14,7,6,1,0,0,0,0,0,0,0,0,0,0,0,0,0,1.0,1.0,1.0,0.0,0.0,0.0,5,0,0
61,41,21,20,0,16,11,14,7,6,1,0,0,0,0,0,0,0,0,0,0,0,0,0,1.0,1.0,1.0,0.0,0.0,0.0,5,0,0
62,41,21,20,0,16,11,14,7,6,1,0,0,0,0,0,0,0,0,0,0,0,1,0,1.0,1.0,1.0,0.0,0.0,0.0,5,0,0
63,41,21,20,0,16,11,14,7,6,1,0,0,0,0,0,0,0,0,0,0,0,0,0,1.0,1.0,1.0,0.0,0.0,0.0,5,0,0
64,41,21,20,0,16,11,14,7,6,1,0,0,0,0,0,0,0,0,0,0,0,0,0,1.0,1.0,1.0,0.0,0.0,0.0,5,0,0
65,41,21,20,0,16,11,14,7,6,1,0,0,0,0,0,0,0,0,0,0,0,0,0,1.0,1.0,1.0,0.0,0.0,0.0,5,0,0
66,41,21,20,0,15,12,14,7,6,1,0,0,0,0,0,0,0,0,0,0,0,0,0,1.0,1.0,1.0,0.0,0.0,0.0,5,0,0
67,41,21,20,0,15,12,14,7,6,1,0,0,0,0,0,0,0,0,0,0,0,0,0,1.0,1.0,1.0,0.0,0.0,0.0,5,0,0
68,41,21,20,0,15,11,15,7,6,1,0,0,0,0,0,0,0,0,0,0,0,0,0,1.0,1.0,1.0,0.0,0.0,0.0,5,0,0
69,41,21,20,0,15,11,15,7,6,1,0,0,0,0,0,0,0,0,0,0,0,1,0,1.0,1.0,1.0,0.0,0.0,0.0,5,0,0
70,41,21,20,0,15,11,15,7,6,1,0,0,0,0,0,0,0,0,0,0,0,0,0,1.0,1.0,1.0,0.0,0.0,0.0,5,0,0
71,41,21,20,0,15,11,15,7,6,1,0,0,0,0,0,0,0,0,0,0,0,0,0,1.0,1.0,1.0,0.0,0.0,0.0,5,0,0
72,41,21,20,0,15,11,15,7,6,1,0,0,0,0,0,0,0,0,0,0,0,0,0,1.0,1.0,1.0,0.0,0.0,0.0,5,0,0
73,41,21,20,0,14,12,15,7,6,1,0,0,0,0,0,0,0,0,0,0,0,0,0,1.0,1.0,1.0,0.0,0.0,0.0,5,0,0
74,41,21,20,0,14,12,15,7,6,1,0,0,0,0,0,0,0,0,0,0,0,0,0,1.0,1.0,1.0,0.0,0.0,0.0,5,0,0
75,41,21,20,0,14,12,15,7,6,0,0,0,0,0,0,0,0,0,0,0,0,0,0,1.0,1.0,1.0,0.0,0.0,0.0,5,0,0
76,41,21,20,0,14,12,15,7,7,0,0,0,0,0,0,0,4,1,0,0,0,0,0,1.0,1.0,1.0,0.0,0.0,0.25,5,0,0
77,41,21,20,0,14,12,15,7,7,0,0,0,0,0,0,0,0,0,0,0,0,0,0,1.0,1.0,1.0,0.0,0.0,0.0,5,0,0
78,40,21,19,0,13,12,15,7,7,0,0,0,0,0,0,0,0,0,0,0,1,0,1,0.9285714285714286,1.0,1.0,0.0,0.0,0.0,5,0,1
79,40,21,19,0,13,12,15,7,7,0,0,0,0,0,0,0,0,0,0,0,0,0,0,1.0,1.0,1.0,0.0,0.0,0.0,5,0,0
80,40,21,19,0,13,12,15,7,7,0,0,0,0,0,0,0,0,0,0,0,0,0,0,1.0,1.0,1.0,0.0,0.0,0.0,5,0,0
81,40,21,19,0,13,12,15,7,7,0,0,0,0,0,0,0,0,0,0,0,0,0,0,1.0,1.0,1.0,0.0,0.0,0.0,5,0,0
82,40,21,19,0,13,12,15,7,7,0,0,0,0,0,0,0,0,0,0,0,0,0,0,1.0,1.0,1.0,0.0,0.0,0.0,5,0,0
83,40,21,19,0,13,12,15,7,7,0,0,0,0,0,0,0,0,0,0,0,0,0,0,1.0,1.0,1.0,0.0,0.0,0.0,5,0,0
84,40,21,19,0,13,12,15,7,7,0,0,0,0,0,0,0,0,0,0,0,0,0,0,1.0,1.0,1.0,0.0,0.0,0.0,5,0,0
85,40,21,19,0,13,12,15,7,7,0,0,0,0,0,0,0,0,0,0,0,0,0,0,1.0,1.0,1.0,0.0,0.0,0.0,5,0,0
86,40,21,19,0,13,12,15,7,7,0,0,0,0,0,0,0,0,0,0,0,0,0,0,1.0,1.0,1.0,0.0,0.0,0.0,5,0,0
87,40,21,19,0,13,12,15,7,7,0,0,0,0,0,0,0,0,0,0,0,0,0,0,1.0,1.0,1.0,0.0,0.0,0.0,5,0,0
88,39,20,19,0,12,12,15,7,7,0,0,0,0,0,0,0,0,0,0,0,1,0,1,0.9230769230769231,1.0,1.0,0.0,0.0,0.0,5,0,1
89,39,20,19,0,12,12,15,7,7,0,0,0,0,0,0,0,0,0,0,0,0,0,0,1.0,1.0,1.0,0.0,0.0,0.0,5,0,0
90,39,20,19,0,12,12,15,7,7,0,0,0,0,0,0,0,0,0,0,0,0,0,0,1.0,1.0,1.0,0.0,0.0,0.0,5,0,0
91,39,20,19,0,12,12,15,7,7,0,0,0,0,0,0,0,0,0,0,0,0,0,0,1.0,1.0,1.0,0.0,0.0,0.0,5,0,0
92,39,20,19,0,12,12,15,7,7,0,0,0,0,0,0,0,0,0,0,0,0,0,0,1.0,1.0,1.0,0.0,0.0,0.0,5,0,0
93,39,20,19,0,12,11,16,7,7,0,0,0,0,0,0,0,0,0,0,0,0,0,0,1.0,1.0,1.0,0.0,0.0,0.0,5,0,0
94,39,20,19,0,12,11,16,7,7,0,0,0,0,0,0,0,0,0,0,0,0,0,0,1.0,1.0,1.0,0.0,0.0,0.0,5,0,0
95,53,25,28,14,12,11,16,7,3,0,4,0,0,0,0,0,0,0,0,4,0,0,0,1.0,1.0,1.0,0.358974358974359,0.358974358974359,0.0,5,14,0
96,59,27,32,21,11,11,16,7,1,0,6,0,0,0,0,0,0,0,0,2,1,0,1,0.9615384615384616,1.0,1.0,0.1320754716981132,0.1320754716981132,0.0,5,7,1
97,59,27,32,21,11,11,16,7,1,0,6,0,0,0,0,0,0,0,0,0,0,0,0,1.0,1.0,1.0,0.0,0.0,0.0,5,0,0
98,58,27,31,20,11,11,16,7,1,0,6,0,0,0,0,0,0,0,0,0,1,0,1,0.96875,1.0,1.0,0.0,0.0,0.0,5,0,1
99,58,27,31,20,11,11,16,7,1,0,6,0,0,0,0,0,0,0,0,0,0,0,0,1.0,1.0,1.0,0.0,0.0,0.0,5,0,0
100,58,27,31,20,11,11,16,7,1,0,6,0,0,0,0,0,0,0,0,0,0,0,0,1.0,1.0,1.0,0.0,0.0,0.0,5,0,0
101,57,27,30,19,11,11,16,7,1,0,6,0,0,0,0,0,0,0,0,0,1,0,1,0.967741935483871,1.0,1.0,0.0,0.0,0.0,5,0,1
102,56,27,29,19,10,11,16,7,1,0,6,0,0,0,0,0,0,0,0,0,1,0,1,0.9666666666666667,1.0,1.0,0.0,0.0,0.0,5,0,1
103,56,27,29,19,10,11,16,7,1,0,6,0,0,0,0,0,0,0,0,0,0,0,0,1.0,1.0,1.0,0.0,0.0,0.0,5,0,0
104,56,27,29,19,10,11,16,7,1,0,6,0,0,0,0,0,0,0,0,0,0,0,0,1.0,1.0,1.0,0.0,0.0,0.0,5,0,0
105,56,27,29,19,10,11,16,7,1,0,6,0,0,0,0,0,0,0,0,0,0,0,0,1.0,1.0,1.0,0.0,0.0,0.0,5,0,0
106,56,27,29,19,10,11,16,7,1,0,6,0,0,0,0,0,0,0,0,0,0,0,0,1.0,1.0,1.0,0.0,0.0,0.0,5,0,0
107,56,27,29,19,10,11,16,7,1,0,6,0,0,0,0,0,0,0,0,0,0,0,0,1.0,1.0,1.0,0.0,0.0,0.0,5,0,0
108,54,25,29,19,9,11,15,7,1,0,6,0,0,0,0,0,0,0,0,0,1,0,1,0.9655172413793104,0.8888888888888888,1.0,0.0,0.0,0.0,5,0,2
109,53,25,28,18,9,11,15,7,1,0,6,0,0,0,0,0,0,0,0,0,1,0,1,0.9642857142857143,1.0,1.0,0.0,0.0,0.0,5,0,1
110,53,25,28,18,9,11,15,7,1,0,6,0,0,0,0,0,0,0,0,0,0,0,0,1.0,1.0,1.0,0.0,0.0,0.0,5,0,0
111,52,24,28,17,9,11,15,7,1,0,6,0,0,0,0,0,0,0,0,0,1,0,1,0.962962962962963,1.0,1.0,0.0,0.0,0.0,5,0,1
112,52,24,28,17,9,11,15,7,1,0,6,0,0,0,0,0,0,0,0,0,0,0,0,1.0,1.0,1.0,0.0,0.0,0.0,5,0,0
113,52,24,28,17,9,11,15,7,1,0,6,0,0,0,0,0,0,0,0,0,0,0,0,1.0,1.0,1.0,0.0,0.0,0.0,5,0,0
114,52,24,28,17,9,11,15,7,1,0,6,0,0,0,0,0,0,0,0,0,0,0,0,1.0,1.0,1.0,0.0,0.0,0.0,5,0,0
115,52,24,28,17,9,11,15,7,1,0,6,0,0,0,0,0,0,0,0,0,0,1,0,1.0,1.0,1.0,0.0,0.0,0.0,5,0,0
116,52,24,28,17,9,11,15,7,1,0,6,0,0,0,0,0,0,0,0,0,0,1,0,1.0,1.0,1.0,0.0,0.0,0.0,5,0,0
117,52,24,28,17,9,11,15,7,1,0,6,0,0,0,0,0,0,0,0,0,0,0,0,1.0,1.0,1.0,0.0,0.0,0.0,5,0,0
118,52,24,28,17,9,10,16,7,1,0,6,0,0,0,0,0,0,0,0,0,0,0,0,1.0,1.0,1.0,0.0,0.0,0.0,5,0,0
119,51,24,27,17,7,11,16,7,1,0,6,0,0,0,0,0,0,0,0,0,1,0,1,0.96,1.0,1.0,0.0,0.0,0.0,5,0,1
120,51,24,27,17,6,12,16,7,1,0,6,0,0,0,0,0,0,0,0,0,0,0,0,1.0,1.0,1.0,0.0,0.0,0.0,5,0,0
121,51,24,27,17,6,12,16,7,1,0,6,0,0,0,0,0,0,0,0,0,0,0,0,1.0,1.0,1.0,0.0,0.0,0.0,5,0,0
122,51,24,27,17,6,11,17,8,2,0,6,0,0,0,0,0,8,1,0,0,0,0,0,1.0,1.0,1.0,0.0,0.0,0.125,5,0,0
123,51,24,27,17,6,11,17,8,2,0,6,0,0,0,0,0,0,0,0,0,0,0,0,1.0,1.0,1.0,0.0,0.0,0.0,5,0,0
124,51,24,27,17,6,11,17,8,2,0,6,0,0,0,0,0,0,0,0,0,0,0,0,1.0,1.0,1.0,0.0,0.0,0.0,5,0,0
125,51,24,27,17,6,11,17,8,2,0,6,0,0,0,0,0,0,0,0,0,0,0,0,1.0,1.0,1.0,0.0,0.0,0.0,5,0,0
126,51,24,27,17,6,11,17,8,2,0,6,0,0,0,0,0,0,0,0,0,0,0,0,1.0,1.0,1.0,0.0,0.0,0.0,5,0,0
127,50,24,26,17,5,11,17,8,2,0,6,0,0,0,0,0,0,0,0,0,1,0,1,0.9565217391304348,1.0,1.0,0.0,0.0,0.0,5,0,1
128,50,24,26,17,5,11,17,8,2,0,6,0,0,0,0,0,0,0,0,0,0,0,0,1.0,1.0,1.0,0.0,0.0,0.0,5,0,0
129,50,24,26,17,5,11,17,8,2,0,6,0,0,0,0,0,0,0,0,0,0,0,0,1.0,1.0,1.0,0.0,0.0,0.0,5,0,0
130,49,23,26,17,4,11,17,8,2,0,6,0,0,0,0,0,0,0,0,0,1,0,1,0.9545454545454546,1.0,1.0,0.0,0.0,0.0,5,0,1
131,48,23,25,17,4,11,16,7,1,0,6,0,0,0,0,0,0,0,0,0,0,0,0,1.0,1.0,0.875,0.0,0.0,0.0,5,0,1
132,48,23,25,17,4,11,16,7,1,0,6,0,0,0,0,0,0,0,0,0,0,0,0,1.0,1.0,1.0,0.0,0.0,0.0,5,0,0
133,48,23,25,17,4,11,16,7,1,0,6,0,0,0,0,0,0,0,0,0,0,0,0,1.0,1.0,1.0,0.0,0.0,0.0,5,0,0
134,48,23,25,17,4,11,16,7,1,0,6,0,0,0,0,0,0,0,0,0,0,1,0,1.0,1.0,1.0,0.0,0.0,0.0,5,0,0
135,46,21,25,15,4,11,16,7,1,0,6,0,0,0,0,0,0,0,0,0,2,0,2,0.9047619047619048,1.0,1.0,0.0,0.0,0.0,5,0,2
136,46,21,25,15,4,11,16,7,1,0,6,0,0,0,0,0,0,0,0,0,0,0,0,1.0,1.0,1.0,0.0,0.0,0.0,5,0,0
137,46,21,25,15,4,11,16,7,1,0,6,0,0,0,0,0,0,0,0,0,0,0,0,1.0,1.0,1.0,0.0,0.0,0.0,5,0,0
138,46,21,25,5,13,12,16,7,1,0,6,0,0,0,0,0,0,0,0,0,0,0,0,1.0,1.0,1.0,0.0,0.0,0.0,5,0,0
139,46,21,25,0,18,12,16,7,1,0,6,0,0,0,0,0,0,0,0,0,0,0,0,1.0,1.0,1.0,0.0,0.0,0.0,5,0,0
140,46,21,25,0,18,11,17,7,1,0,2,0,0,0,0,0,0,0,0,0,0,0,0,1.0,1.0,1.0,0.0,0.0,0.0,5,0,0
141,46,21,25,0,18,11,17,7,4,1,0,0,0,0,0,0,16,3,1,0,0,0,0,1.0,1.0,1.0,0.0,0.0,0.1875,5,0,0
142,46,21,25,0,18,11,17,7,5,1,0,0,0,0,0,0,6,1,0,0,0,0,0,1.0,1.0,1.0,0.0,0.0,0.16666666666666666,5,0,0
143,46,21,25,0,18,11,17,7,6,1,0,0,0,0,0,0,5,1,0,0,0,0,0,1.0,1.0,1.0,0.0,0.0,0.2,5,0,0
144,46,21,25,0,18,11,17,7,6,1,0,0,0,0,0,0,0,0,0,0,0,0,0,1.0,1.0,1.0,0.0,0.0,0.0,5,0,0
145,46,21,25,0,18,11,17,7,6,1,0,0,0,0,0,0,0,0,0,0,0,0,0,1.0,1.0,1.0,0.0,0.0,0.0,5,0,0
146,46,21,25,0,18,11,17,7,6,1,0,0,0,0,0,0,0,0,0,0,0,0,0,1.0,1.0,1.0,0.0,0.0,0.0,5,0,0
147,46,21,25,0,18,10,18,7,6,1,0,0,0,0,0,0,0,0,0,0,0,1,0,1.0,1.0,1.0,0.0,0.0,0.0,5,0,0
148,45,20,25,0,17,10,18,7,6,1,0,0,0,0,0,0,0,0,0,0,1,0,1,0.9444444444444444,1.0,1.0,0.0,0.0,0.0,5,0,1
149,44,20,24,0,16,10,18,7,6,1,0,0,0,0,0,0,0,0,0,0,1,0,1,0.9411764705882353,1.0,1.0,0.0,0.0,0.0,5,0,1
150,44,20,24,0,16,10,18,7,6,1,0,0,0,0,0,0,0,0,0,0,0,0,0,1.0,1.0,1.0,0.0,0.0,0.0,5,0,0
151,44,20,24,0,15,11,18,7,6,1,0,0,0,0,0,0,0,0,0,0,0,0,0,1.0,1.0,1.0,0.0,0.0,0.0,5,0,0
152,44,20,24,0,15,11,18,7,6,1,0,0,0,0,0,0,0,0,0,0,0,0,0,1.0,1.0,1.0,0.0,0.0,0.0,5,0,0
153,44,20,24,0,15,11,18,7,6,1,0,0,0,0,0,0,0,0,0,0,0,0,0,1.0,1.0,1.0,0.0,0.0,0.0,5,0,0
154,44,20,24,0,15,11,18,7,6,1,0,0,0,0,0,0,0,0,0,0,0,0,0,1.0,1.0,1.0,0.0,0.0,0.0,5,0,0
155,44,20,24,0,15,10,19,8,6,1,0,0,0,0,0,0,0,0,0,0,0,0,0,1.0,1.0,1.0,0.0,0.0,0.0,5,0,0
156,44,20,24,0,15,10,19,8,6,1,0,0,0,0,0,0,0,0,0,0,0,0,0,1.0,1.0,1.0,0.0,0.0,0.0,5,0,0
157,44,20,24,0,15,10,19,8,6,1,0,0,0,0,0,0,0,0,0,0,0,0,0,1.0,1.0,1.0,0.0,0.0,0.0,5,0,0
158,44,20,24,0,15,10,19,8,6,1,0,0,0,0,0,0,0,0,0,0,0,0,0,1.0,1.0,1.0,0.0,0.0,0.0,5,0,0
159,44,20,24,0,15,10,19,8,6,1,0,0,0,0,0,0,0,0,0,0,0,1,0,1.0,1.0,1.0,0.0,0.0,0.0,5,0,0
160,44,20,24,0,15,10,19,8,7,1,0,0,0,0,0,0,5,1,0,0,0,0,0,1.0,1.0,1.0,0.0,0.0,0.2,5,0,0
161,44,20,24,0,15,10,19,8,7,1,0,0,0,0,0,0,0,0,0,0,0,0,0,1.0,1.0,1.0,0.0,0.0,0.0,5,0,0
162,44,20,24,0,15,10,19,8,7,1,0,0,0,0,0,0,0,0,0,0,0,0,0,1.0,1.0,1.0,0.0,0.0,0.0,5,0,0
163,43,19,24,0,14,10,19,8,7,1,0,0,0,0,0,0,0,0,0,0,0,1,0,1.0,1.0,1.0,0.0,0.0,0.0,5,0,1
164,43,19,24,0,14,10,19,8,7,1,0,0,0,0,0,0,0,0,0,0,0,0,0,1.0,1.0,1.0,0.0,0.0,0.0,5,0,0
165,43,19,24,0,14,10,19,8,7,1,0,0,0,0,0,0,0,0,0,0,0,0,0,1.0,1.0,1.0,0.0,0.0,0.0,5,0,0
166,43,19,24,0,14,10,19,8,7,1,0,0,0,0,0,0,0,0,0,0,0,0,0,1.0,1.0,1.0,0.0,0.0,0.0,5,0,0
167,43,19,24,0,13,11,19,8,7,1,0,0,0,0,0,0,0,0,0,0,0,0,0,1.0,1.0,1.0,0.0,0.0,0.0,5,0,0
168,43,19,24,0,13,11,19,8,7,1,0,0,0,0,0,0,0,0,0,0,0,0,0,1.0,1.0,1.0,0.0,0.0,0.0,5,0,0
169,42,18,24,0,12,11,19,8,7,1,0,0,0,0,0,0,0,0,0,0,1,0,1,0.9230769230769231,1.0,1.0,0.0,0.0,0.0,5,0,1
170,42,18,24,0,12,11,19,8,7,1,0,0,0,0,0,0,0,0,0,0,0,0,0,1.0,1.0,1.0,0.0,0.0,0.0,5,0,0
171,42,18,24,0,12,11,19,8,7,1,0,0,0,0,0,0,0,0,0,0,0,0,0,1.0,1.0,1.0,0.0,0.0,0.0,5,0,0
172,42,18,24,0,12,11,19,8,7,1,0,0,0,0,0,0,0,0,0,0,0,0,0,1.0,1.0,1.0,0.0,0.0,0.0,5,0,0
173,42,18,24,0,12,10,20,8,7,1,0,0,0,0,0,0,0,0,0,0,0,0,0,1.0,1.0,1.0,0.0,0.0,0.0,5,0,0
174,42,18,24,0,12,10,20,8,7,1,0,0,0,0,0,0,0,0,0,0,0,0,0,1.0,1.0,1.0,0.0,0.0,0.0,5,0,0
175,42,18,24,0,12,10,20,8,7,1,0,0,0,0,0,0,0,0,0,0,0,0,0,1.0,1.0,1.0,0.0,0.0,0.0,5,0,0
176,42,18,24,0,12,10,20,8,7,1,0,0,0,0,0,0,0,0,0,0,0,0,0,1.0,1.0,1.0,0.0,0.0,0.0,5,0,0
177,42,18,24,0,12,10,20,8,7,1,0,0,0,0,0,0,0,0,0,0,0,0,0,1.0,1.0,1.0,0.0,0.0,0.0,5,0,0
178,42,18,24,0,12,10,20,8,7,1,0,0,0,0,0,0,0,0,0,0,0,0,0,1.0,1.0,1.0,0.0,0.0,0.0,5,0,0
179,42,18,24,0,12,10,20,8,7,1,0,0,0,0,0,0,0,0,0,0,0,0,0,1.0,1.0,1.0,0.0,0.0,0.0,5,0,0
180,42,18,24,0,12,10,20,8,7,1,0,0,0,0,0,0,0,0,0,0,0,0,0,1.0,1.0,1.0,0.0,0.0,0.0,5,0,0
181,42,18,24,0,12,10,20,8,7,1,0,0,0,0,0,0,0,0,0,0,0,0,0,1.0,1.0,1.0,0.0,0.0,0.0,5,0,0
182,40,17,23,0,10,10,20,8,7,1,0,0,0,0,0,0,0,0,0,0,2,0,2,0.8333333333333334,1.0,1.0,0.0,0.0,0.0,5,0,2
183,40,17,23,0,10,10,20,8,7,1,0,0,0,0,0,0,0,0,0,0,0,0,0,1.0,1.0,1.0,0.0,0.0,0.0,5,0,0
184,40,17,23,0,10,10,20,8,7,1,0,0,0,0,0,0,0,0,0,0,0,0,0,1.0,1.0,1.0,0.0,0.0,0.0,5,0,0
185,40,17,23,0,10,10,20,8,7,1,0,0,0,0,0,0,0,0,0,0,0,0,0,1.0,1.0,1.0,0.0,0.0,0.0,5,0,0
186,40,17,23,0,10,10,20,8,7,0,0,0,0,0,0,0,0,0,0,0,0,0,0,1.0,1.0,1.0,0.0,0.0,0.0,5,0,0
187,44,19,25,4,10,10,20,8,7,0,1,0,0,0,0,0,4,1,0,1,0,0,0,1.0,1.0,1.0,0.1,0.1,0.25,5,4,0
188,44,19,25,4,10,10,20,8,7,0,1,0,0,0,0,0,0,0,0,0,0,0,0,1.0,1.0,1.0,0.0,0.0,0.0,5,0,0
189,44,19,25,4,10,10,20,8,7,0,1,0,0,0,0,0,0,0,0,0,0,0,0,1.0,1.0,1.0,0.0,0.0,0.0,5,0,0
190,44,19,25,4,10,10,20,8,7,0,1,0,0,0,0,0,0,0,0,0,0,0,0,1.0,1.0,1.0,0.0,0.0,0.0,5,0,0
191,44,19,25,4,10,10,20,8,7,0,1,0,0,0,0,0,0,0,0,0,0,0,0,1.0,1.0,1.0,0.0,0.0,0.0,5,0,0
192,43,18,25,4,9,10,20,8,7,0,1,0,0,0,0,0,0,0,0,0,1,0,1,0.9285714285714286,1.0,1.0,0.0,0.0,0.0,5,0,1
193,43,18,25,4,9,10,20,8,7,0,1,0,0,0,0,0,0,0,0,0,0,0,0,1.0,1.0,1.0,0.0,0.0,0.0,5,0,0
194,43,18,25,4,9,10,20,8,7,0,1,0,0,0,0,0,0,0,0,0,0,0,0,1.0,1.0,1.0,0.0,0.0,0.0,5,0,0
195,43,18,25,4,9,10,20,8,7,0,1,0,0,0,0,0,0,0,0,0,0,0,0,1.0,1.0,1.0,0.0,0.0,0.0,5,0,0
196,43,18,25,4,9,10,20,8,7,0,1,0,0,0,0,0,0,0,0,0,0,0,0,1.0,1.0,1.0,0.0,0.0,0.0,5,0,0
197,43,18,25,4,9,10,20,8,7,0,1,0,0,0,0,0,0,0,0,0,0,0,0,1.0,1.0,1.0,0.0,0.0,0.0,5,0,0
198,43,18,25,4,9,9,21,9,7,0,1,0,0,0,0,0,0,0,0,0,0,0,0,1.0,1.0,1.0,0.0,0.0,0.0,5,0,0
199,43,18,25,4,9,9,21,9,7,0,1,0,0,0,0,0,1,0,0,0,0,0,0,1.0,1.0,1.0,0.0,0.0,0.0,5,0,0
200,43,18,25,4,9,9,21,9,8,0,1,0,0,0,0,0,8,1,0,0,0,0,0,1.0,1.0,1.0,0.0,0.0,0.125,5,0,0
201,43,18,25,4,9,8,22,9,8,0,1,0,0,0,0,0,0,0,0,0,0,0,0,1.0,1.0,1.0,0.0,0.0,0.0,5,0,0
202,43,18,25,4,9,8,22,9,8,0,1,0,0,0,0,0,0,0,0,0,0,0,0,1.0,1.0,1.0,0.0,0.0,0.0,5,0,0
203,43,18,25,4,9,8,22,9,8,0,1,0,0,0,0,0,0,0,0,0,0,0,0,1.0,1.0,1.0,0.0,0.0,0.0,5,0,0
204,43,18,25,4,9,8,22,9,8,0,1,0,0,0,0,0,0,0,0,0,0,0,0,1.0,1.0,1.0,0.0,0.0,0.0,5,0,0
205,42,18,24,4,9,8,21,8,7,0,1,0,0,0,0,0,0,0,0,0,0,0,0,1.0,1.0,0.8888888888888888,0.0,0.0,0.0,5,0,1
206,53,24,29,15,9,8,21,8,4,0,4,0,0,0,0,0,0,0,0,3,0,0,0,1.0,1.0,1.0,0.2619047619047619,0.2619047619047619,0.0,5,11,0
207,54,25,29,16,9,8,21,8,3,0,5,0,0,0,0,0,0,0,0,1,2,0,2,0.9166666666666666,1.0,1.0,0.05660377358490566,0.05660377358490566,0.0,5,3,2
208,57,27,30,19,9,8,21,8,2,0,6,0,0,0,0,0,0,0,0,1,0,0,0,1.0,1.0,1.0,0.05555555555555555,0.05555555555555555,0.0,5,3,0
209,56,27,29,18,9,8,21,8,2,0,6,0,0,0,0,0,0,0,0,0,1,0,1,0.9642857142857143,1.0,1.0,0.0,0.0,0.0,5,0,1
210,56,27,29,18,9,8,21,8,2,0,6,0,0,0,0,0,0,0,0,0,0,0,0,1.0,1.0,1.0,0.0,0.0,0.0,5,0,0
211,56,27,29,18,9,8,21,8,2,0,6,0,0,0,0,0,0,0,0,0,0,0,0,1.0,1.0,1.0,0.0,0.0,0.0,5,0,0
212,55,27,28,18,8,8,21,8,2,0,6,0,0,0,0,0,0,0,0,0,1,0,1,0.962962962962963,1.0,1.0,0.0,0.0,0.0,5,0,1
213,52,25,27,16,8,8,20,8,2,0,6,0,0,0,0,0,0,0,0,0,2,0,2,0.9230769230769231,0.9230769230769231,1.0,0.0,0.0,0.0,5,0,3
214,52,25,27,16,8,7,21,9,3,0,6,0,0,0,0,0,4,1,0,0,0,0,0,1.0,1.0,1.0,0.0,0.0,0.25,5,0,0
215,52,25,27,16,8,7,21,9,3,0,6,0,0,0,0,0,0,0,0,0,0,0,0,1.0,1.0,1.0,0.0,0.0,0.0,5,0,0
216,51,25,26,15,8,7,21,9,3,0,6,0,0,0,0,0,0,0,0,0,1,0,1,0.9583333333333334,1.0,1.0,0.0,0.0,0.0,5,0,1
217,51,25,26,15,8,7,21,9,3,0,6,0,0,0,0,0,0,0,0,0,0,0,0,1.0,1.0,1.0,0.0,0.0,0.0,5,0,0
218,51,25,26,15,8,7,21,9,3,0,6,0,0,0,0,0,0,0,0,0,0,0,0,1.0,1.0,1.0,0.0,0.0,0.0,5,0,0
219,51,25,26,15,8,7,21,9,3,0,6,0,0,0,0,0,0,0,0,0,0,0,0,1.0,1.0,1.0,0.0,0.0,0.0,5,0,0
220,50,25,25,15,7,7,21,9,3,0,6,0,0,0,0,0,0,0,0,0,1,0,1,0.9565217391304348,1.0,1.0,0.0,0.0,0.0,5,0,1
221,50,25,25,15,7,6,22,10,3,0,6,0,0,0,0,0,0,0,0,0,0,0,0,1.0,1.0,1.0,0.0,0.0,0.0,5,0,0
222,50,25,25,15,7,5,23,11,3,0,6,0,0,0,0,0,0,0,0,0,0,0,0,1.0,1.0,1.0,0.0,0.0,0.0,5,0,0
223,50,25,25,15,7,5,23,11,3,0,6,0,0,0,0,0,0,0,0,0,0,0,0,1.0,1.0,1.0,0.0,0.0,0.0,5,0,0
224,49,24,25,15,7,5,22,11,3,0,6,0,0,0,0,0,0,0,0,0,0,0,0,1.0,0.9166666666666666,1.0,0.0,0.0,0.0,5,0,1
225,49,24,25,15,7,5,22,11,3,1,6,0,0,0,0,0,5,0,1,0,0,0,0,1.0,1.0,1.0,0.0,0.0,0.0,5,0,0
226,49,24,25,15,7,5,22,11,3,1,6,0,0,0,0,0,1,0,0,0,0,0,0,1.0,1.0,1.0,0.0,0.0,0.0,5,0,0
227,49,24,25,15,7,5,22,11,4,1,6,0,0,0,0,0,3,1,0,0,0,0,0,1.0,1.0,1.0,0.0,0.0,0.3333333333333333,5,0,0
228,48,24,24,15,6,5,22,11,4,1,6,0,0,0,0,0,0,0,0,0,1,0,1,0.9545454545454546,1.0,1.0,0.0,0.0,0.0,5,0,1
229,48,24,24,15,6,4,23,12,4,1,6,0,0,0,0,0,8,0,0,0,0,0,0,1.0,1.0,1.0,0.0,0.0,0.0,5,0,0
230,48,24,24,12,9,4,23,12,4,1,6,0,0,0,0,0,0,0,0,0,0,0,0,1.0,1.0,1.0,0.0,0.0,0.0,5,0,0
231,46,22,24,10,9,4,23,12,4,1,6,0,0,0,0,0,0,0,0,0,2,0,2,0.9047619047619048,1.0,1.0,0.0,0.0,0.0,5,0,2
232,46,22,24,10,9,4,23,12,4,1,5,0,0,0,0,0,0,0,0,0,0,0,0,1.0,1.0,1.0,0.0,0.0,0.0,5,0,0
233,46,22,24,10,9,4,23,12,5,1,5,0,0,0,0,0,8,1,0,0,0,0,0,1.0,1.0,1.0,0.0,0.0,0.125,5,0,0
234,46,22,24,10,9,4,23,12,5,1,5,0,0,0,0,0,0,0,0,0,0,0,0,1.0,1.0,1.0,0.0,0.0,0.0,5,0,0
235,45,21,24,10,9,4,22,12,5,1,5,0,0,0,0,0,0,0,0,0,0,0,0,1.0,0.9090909090909091,1.0,0.0,0.0,0.0,5,0,1
236,45,21,24,10,9,4,22,12,5,1,5,0,0,0,0,0,0,0,0,0,0,0,0,1.0,1.0,1.0,0.0,0.0,0.0,5,0,0
237,45,21,24,10,9,4,22,12,5,1,5,0,0,0,0,0,0,0,0,0,0,0,0,1.0,1.0,1.0,0.0,0.0,0.0,5,0,0
238,45,21,24,10,9,4,22,12,5,1,5,0,0,0,0,0,8,0,0,0,0,0,0,1.0,1.0,1.0,0.0,0.0,0.0,5,0,0
239,45,21,24,10,9,4,22,12,6,1,5,0,0,0,0,0,8,1,0,0,0,0,0,1.0,1.0,1.0,0.0,0.0,0.125,5,0,0
240,45,21,24,10,9,4,22,12,6,1,5,0,0,0,0,0,0,0,0,0,0,0,0,1.0,1.0,1.0,0.0,0.0,0.0,5,0,0
241,45,21,24,10,9,4,22,12,6,1,5,0,0,0,0,0,0,0,0,0,0,0,0,1.0,1.0,1.0,0.0,0.0,0.0,5,0,0
242,44,21,23,9,9,4,22,12,6,1,5,0,0,0,0,0,0,0,0,0,1,0,1,0.9473684210526316,1.0,1.0,0.0,0.0,0.0,5,0,1
243,44,21,23,9,9,3,23,13,6,1,5,0,0,0,0,0,0,0,0,0,0,0,0,1.0,1.0,1.0,0.0,0.0,0.0,5,0,0
244,43,21,22,8,9,2,24,14,6,1,5,0,0,0,0,0,0,0,0,0,1,0,1,0.9444444444444444,1.0,1.0,0.0,0.0,0.0,5,0,1
245,43,21,22,8,9,2,24,14,6,1,5,0,0,0,0,0,0,0,0,0,0,0,0,1.0,1.0,1.0,0.0,0.0,0.0,5,0,0
246,43,21,22,8,9,2,24,14,6,1,5,0,0,0,0,0,0,0,0,0,0,0,0,1.0,1.0,1.0,0.0,0.0,0.0,5,0,0
247,43,21,22,8,9,2,24,14,6,1,5,0,0,0,0,0,0,0,0,0,0,0,0,1.0,1.0,1.0,0.0,0.0,0.0,5,0,0
248,43,21,22,8,9,2,24,14,6,1,5,0,0,0,0,0,0,0,0,0,0,0,0,1.0,1.0,1.0,0.0,0.0,0.0,5,0,0
249,43,21,22,3,14,2,24,14,6,1,5,0,0,0,0,0,0,0,0,0,0,0,0,1.0,1.0,1.0,0.0,0.0,0.0,5,0,0
250,43,21,22,1,16,2,24,14,6,1,5,0,0,0,0,0,0,0,0,0,0,0,0,1.0,1.0,1.0,0.0,0.0,0.0,5,0,0
251,42,21,21,0,16,2,24,14,7,1,2,0,0,0,0,0,12,1,0,0,1,0,1,0.9411764705882353,1.0,1.0,0.0,0.0,0.08333333333333333,5,0,1
252,45,22,23,3,16,2,24,14,8,1,2,0,0,0,0,0,11,2,0,1,0,0,0,1.0,1.0,1.0,0.07142857142857142,0.07142857142857142,0.18181818181818182,5,3,0
253,45,22,23,3,16,2,24,14,9,1,1,0,0,0,0,0,4,1,0,0,0,0,0,1.0,1.0,1.0,0.0,0.0,0.25,5,0,0
254,45,22,23,3,16,1,25,14,11,1,1,0,0,0,0,0,15,2,0,0,0,0,0,1.0,1.0,1.0,0.0,0.0,0.13333333333333333,5,0,0
255,45,22,23,3,16,1,25,14,11,1,1,0,0,0,0,0,2,0,0,0,0,0,0,1.0,1.0,1.0,0.0,0.0,0.0,5,0,0
256,45,22,23,3,16,1,25,14,12,1,1,0,0,0,0,0,5,1,0,0,0,0,0,1.0,1.0,1.0,0.0,0.0,0.2,5,0,0
257,45,22,23,3,16,1,25,14,12,1,1,0,0,0,0,0,0,0,0,0,0,0,0,1.0,1.0,1.0,0.0,0.0,0.0,5,0,0
258,45,22,23,3,16,1,25,14,12,1,1,0,0,0,0,0,0,0,0,0,0,0,0,1.0,1.0,1.0,0.0,0.0,0.0,5,0,0
259,45,22,23,3,16,1,25,14,12,1,1,0,0,0,0,0,0,0,0,0,0,0,0,1.0,1.0,1.0,0.0,0.0,0.0,5,0,0
260,45,22,23,3,16,1,25,14,12,1,1,0,0,0,0,0,0,0,0,0,0,0,0,1.0,1.0,1.0,0.0,0.0,0.0,5,0,0
261,45,22,23,3,16,1,25,14,12,1,1,0,0,0,0,0,0,0,0,0,0,0,0,1.0,1.0,1.0,0.0,0.0,0.0,5,0,0
262,45,22,23,3,16,1,25,14,12,1,1,0,0,0,0,0,0,0,0,0,0,0,0,1.0,1.0,1.0,0.0,0.0,0.0,5,0,0
263,45,22,23,3,16,1,25,14,12,1,1,0,0,0,0,0,0,0,0,0,0,0,0,1.0,1.0,1.0,0.0,0.0,0.0,5,0,0
264,45,22,23,3,16,1,25,14,12,1,1,0,0,0,0,0,0,0,0,0,0,0,0,1.0,1.0,1.0,0.0,0.0,0.0,5,0,0
265,48,23,25,6,16,1,25,14,11,1,2,0,0,0,0,0,0,0,0,1,0,0,0,1.0,1.0,1.0,0.06666666666666667,0.06666666666666667,0.0,5,3,0
266,48,23,25,6,16,1,25,14,11,1,2,0,0,0,0,0,0,0,0,0,0,0,0,1.0,1.0,1.0,0.0,0.0,0.0,5,0,0
267,48,23,25,6,16,1,25,14,11,1,2,0,0,0,0,0,0,0,0,0,0,0,0,1.0,1.0,1.0,0.0,0.0,0.0,5,0,0
268,48,23,25,6,16,1,25,14,11,1,2,0,0,0,0,0,0,0,0,0,0,0,0,1.0,1.0,1.0,0.0,0.0,0.0,5,0,0
269,48,23,25,6,16,1,25,14,11,1,2,0,0,0,0,0,0,0,0,0,0,0,0,1.0,1.0,1.0,0.0,0.0,0.0,5,0,0
270,48,23,25,6,16,1,25,14,11,0,2,0,0,0,0,0,0,0,0,0,0,0,0,1.0,1.0,1.0,0.0,0.0,0.0,5,0,0
271,48,23,25,6,16,1,25,14,11,1,2,0,0,0,0,0,3,0,1,0,0,0,0,1.0,1.0,1.0,0.0,0.0,0.0,5,0,0
272,47,22,25,6,15,1,25,14,11,1,2,0,0,0,0,0,0,0,0,0,1,0,1,0.9545454545454546,1.0,1.0,0.0,0.0,0.0,5,0,1
273,47,22,25,6,15,1,25,14,11,1,2,0,0,0,0,0,0,0,0,0,0,0,0,1.0,1.0,1.0,0.0,0.0,0.0,5,0,0
274,47,22,25,6,15,1,25,14,11,1,2,0,0,0,0,0,0,0,0,0,0,0,0,1.0,1.0,1.0,0.0,0.0,0.0,5,0,0
275,47,22,25,6,15,1,25,14,11,1,2,0,0,0,0,0,0,0,0,0,0,3,0,1.0,1.0,1.0,0.0,0.0,0.0,5,0,0
276,47,22,25,6,15,1,25,14,11,1,2,0,0,0,0,0,0,0,0,0,0,2,0,1.0,1.0,1.0,0.0,0.0,0.0,5,0,0
277,47,22,25,6,15,1,25,14,11,1,2,0,0,0,0,0,0,0,0,0,0,0,0,1.0,1.0,1.0,0.0,0.0,0.0,5,0,0
278,47,22,25,6,15,1,25,14,11,1,2,0,0,0,0,0,0,0,0,0,0,0,0,1.0,1.0,1.0,0.0,0.0,0.0,5,0,0
279,51,24,27,10,12,4,25,14,10,1,3,0,0,0,0,0,0,0,0,1,0,0,0,1.0,1.0,1.0,0.0851063829787234,0.0851063829787234,0.0,5,4,0
280,50,24,26,9,10,6,25,14,10,1,3,0,0,0,0,0,0,0,0,0,1,0,1,0.95,1.0,1.0,0.0,0.0,0.0,5,0,1
281,49,23,26,9,10,6,24,14,10,1,3,0,0,0,0,0,0,0,0,0,0,0,0,1.0,0.9090909090909091,1.0,0.0,0.0,0.0,5,0,1
282,48,23,25,8,10,6,24,14,10,1,3,0,0,0,0,0,0,0,0,0,1,0,1,0.9473684210526316,1.0,1.0,0.0,0.0,0.0,5,0,1
283,48,23,25,8,10,6,24,14,10,1,3,0,0,0,0,0,0,0,0,0,0,0,0,1.0,1.0,1.0,0.0,0.0,0.0,5,0,0
284,48,23,25,8,10,6,24,14,10,1,3,0,0,0,0,0,0,0,0,0,0,0,0,1.0,1.0,1.0,0.0,0.0,0.0,5,0,0
285,48,23,25,8,10,6,24,14,10,1,3,0,0,0,0,0,0,0,0,0,0,0,0,1.0,1.0,1.0,0.0,0.0,0.0,5,0,0
286,48,23,25,8,10,6,24,14,10,1,3,0,0,0,0,0,0,0,0,0,0,0,0,1.0,1.0,1.0,0.0,0.0,0.0,5,0,0
287,48,23,25,8,10,6,24,14,10,1,3,0,0,0,0,0,0,0,0,0,0,0,0,1.0,1.0,1.0,0.0,0.0,0.0,5,0,0
288,48,23,25,8,10,6,24,14,10,1,3,0,0,0,0,0,0,0,0,0,0,0,0,1.0,1.0,1.0,0.0,0.0,0.0,5,0,0
289,47,23,24,8,9,6,24,14,10,1,3,0,0,0,0,0,0,0,0,0,1,0,1,0.9444444444444444,1.0,1.0,0.0,0.0,0.0,5,0,1
290,47,23,24,8,9,6,24,14,10,1,3,0,0,0,0,0,0,0,0,0,0,0,0,1.0,1.0,1.0,0.0,0.0,0.0,5,0,0
291,46,23,23,8,8,6,24,14,10,1,3,0,0,0,0,0,0,0,0,0,1,0,1,0.9411764705882353,1.0,1.0,0.0,0.0,0.0,5,0,1
292,50,24,26,12,8,6,24,14,9,1,4,0,0,0,0,0,0,0,0,1,0,0,0,1.0,1.0,1.0,0.08695652173913043,0.08695652173913043,0.0,5,4,0
293,50,24,26,12,8,6,24,14,9,1,4,0,0,0,0,0,0,0,0,0,0,0,0,1.0,1.0,1.0,0.0,0.0,0.0,5,0,0
294,50,24,26,12,8,6,24,14,9,1,4,0,0,0,0,0,0,0,0,0,0,0,0,1.0,1.0,1.0,0.0,0.0,0.0,5,0,0
295,50,24,26,9,11,6,24,14,9,1,4,0,0,0,0,0,0,0,0,0,0,0,0,1.0,1.0,1.0,0.0,0.0,0.0,5,0,0
296,50,24,26,9,11,6,24,14,9,1,4,0,0,0,0,0,0,0,0,0,0,0,0,1.0,1.0,1.0,0.0,0.0,0.0,5,0,0
297,50,24,26,9,11,6,24,14,9,1,3,0,0,0,0,0,0,0,0,0,0,0,0,1.0,1.0,1.0,0.0,0.0,0.0,5,0,0
298,54,25,29,13,11,5,25,14,9,1,4,0,0,0,0,0,5,1,0,1,0,0,0,1.0,1.0,1.0,0.08,0.08,0.2,5,4,0
299,54,25,29,13,11,5,25,14,9,1,4,0,0,0,0,0,0,0,0,0,0,0,0,1.0,1.0,1.0,0.0,0.0,0.0,5,0,0
300,54,25,29,13,11,5,25,14,9,1,4,0,0,0,0,0,0,0,0,0,0,0,0,1.0,1.0,1.0,0.0,0.0,0.0,5,0,0
301,54,25,29,13,11,5,25,14,9,1,4,0,0,0,0,0,0,0,0,0,0,0,0,1.0,1.0,1.0,0.0,0.0,0.0,5,0,0
302,54,25,29,13,11,5,25,14,9,1,4,0,0,0,0,0,0,0,0,0,0,0,0,1.0,1.0,1.0,0.0,0.0,0.0,5,0,0
303,54,25,29,13,11,5,25,14,9,1,4,0,0,0,0,0,0,0,0,0,0,0,0,1.0,1.0,1.0,0.0,0.0,0.0,5,0,0
304,57,25,32,16,11,5,25,14,8,1,5,0,0,0,0,0,0,0,0,1,1,0,1,0.9583333333333334,1.0,1.0,0.07407407407407407,0.07407407407407407,0.0,5,4,1
305,57,25,32,16,11,5,25,14,8,1,5,0,0,0,0,0,0,0,0,0,0,0,0,1.0,1.0,1.0,0.0,0.0,0.0,5,0,0
306,55,24,31,16,9,5,25,14,8,1,5,0,0,0,0,0,0,0,0,0,2,0,2,0.9259259259259259,1.0,1.0,0.0,0.0,0.0,5,0,2
307,53,23,30,14,9,5,25,14,8,1,5,0,0,0,0,0,0,0,0,0,2,0,2,0.92,1.0,1.0,0.0,0.0,0.0,5,0,2
308,52,23,29,11,11,5,25,14,8,1,5,0,0,0,0,0,0,0,0,0,1,0,1,0.9565217391304348,1.0,1.0,0.0,0.0,0.0,5,0,1
309,52,23,29,11,11,5,25,14,8,1,5,0,0,0,0,0,0,0,0,0,0,0,0,1.0,1.0,1.0,0.0,0.0,0.0,5,0,0
310,52,23,29,11,11,5,25,14,8,1,4,0,0,0,0,0,0,0,0,0,0,0,0,1.0,1.0,1.0,0.0,0.0,0.0,5,0,0
311,52,23,29,11,11,5,25,14,8,1,4,0,0,0,0,0,0,0,0,0,0,0,0,1.0,1.0,1.0,0.0,0.0,0.0,5,0,0
312,52,23,29,11,11,5,25,14,8,1,4,0,0,0,0,0,0,0,0,0,0,0,0,1.0,1.0,1.0,0.0,0.0,0.0,5,0,0
313,52,23,29,11,11,5,25,14,8,1,4,0,0,0,0,0,0,0,0,0,0,0,0,1.0,1.0,1.0,0.0,0.0,0.0,5,0,0
314,52,23,29,11,11,5,25,14,8,1,4,0,0,0,0,0,0,0,0,0,0,0,0,1.0,1.0,1.0,0.0,0.0,0.0,5,0,0
315,52,23,29,11,11,5,25,14,8,1,4,0,0,0,0,0,0,0,0,0,0,0,0,1.0,1.0,1.0,0.0,0.0,0.0,5,0,0
316,56,26,30,15,11,4,26,15,7,0,5,0,0,0,0,0,0,0,0,1,0,0,0,1.0,1.0,1.0,0.07692307692307693,0.07692307692307693,0.0,5,4,0
317,63,30,33,22,11,4,26,15,5,0,7,0,0,0,0,0,0,0,0,2,0,0,0,1.0,1.0,1.0,0.125,0.125,0.0,5,7,0
318,64,30,34,23,11,4,26,15,4,0,8,0,0,0,0,0,0,0,0,1,2,0,2,0.9393939393939394,1.0,1.0,0.047619047619047616,0.047619047619047616,0.0,5,3,2
319,67,30,37,26,11,4,26,15,2,0,10,0,0,0,0,0,0,0,0,2,3,0,3,0.9117647058823529,1.0,1.0,0.09375,0.09375,0.0,5,6,3
320,66,30,36,25,11,4,26,15,2,0,10,0,0,0,0,0,0,0,0,0,1,0,1,0.972972972972973,1.0,1.0,0.0,0.0,0.0,5,0,1
321,69,31,38,29,11,4,25,15,1,0,11,0,0,0,0,0,0,0,0,1,0,0,0,1.0,0.9090909090909091,1.0,0.06060606060606061,0.06060606060606061,0.0,5,4,1
322,67,30,37,27,11,4,25,15,1,0,11,0,0,0,0,0,0,0,0,0,2,0,2,0.95,1.0,1.0,0.0,0.0,0.0,5,0,2
323,62,28,34,22,11,4,25,15,1,0,11,0,0,0,0,0,0,0,0,0,5,0,5,0.868421052631579,1.0,1.0,0.0,0.0,0.0,5,0,5
324,60,27,33,20,11,4,25,15,1,0,10,0,0,0,0,0,0,0,0,0,2,0,2,0.9393939393939394,1.0,1.0,0.0,0.0,0.0,5,0,2
325,59,27,32,19,11,4,25,15,1,0,10,0,0,0,0,0,0,0,0,0,1,0,1,0.967741935483871,1.0,1.0,0.0,0.0,0.0,5,0,1
326,58,26,32,19,10,4,25,15,1,0,10,0,0,0,0,0,0,0,0,0,1,0,1,0.9666666666666667,1.0,1.0,0.0,0.0,0.0,5,0,1
327,56,25,31,18,9,4,25,15,1,0,10,0,0,0,0,0,0,0,0,0,2,0,2,0.9310344827586207,1.0,1.0,0.0,0.0,0.0,5,0,2
328,56,25,31,18,9,4,25,15,1,0,10,0,0,0,0,0,0,0,0,0,0,0,0,1.0,1.0,1.0,0.0,0.0,0.0,5,0,0
329,56,25,31,18,9,4,25,15,1,0,10,0,0,0,0,0,0,0,0,0,0,0,0,1.0,1.0,1.0,0.0,0.0,0.0,5,0,0
330,55,24,31,17,9,4,25,15,1,0,10,0,0,0,0,0,0,0,0,0,1,0,1,0.962962962962963,1.0,1.0,0.0,0.0,0.0,5,0,1
331,55,24,31,17,9,4,25,15,1,0,10,0,0,0,0,0,0,0,0,0,0,0,0,1.0,1.0,1.0,0.0,0.0,0.0,5,0,0
332,55,24,31,17,9,4,25,15,1,0,10,0,0,0,0,0,0,0,0,0,0,0,0,1.0,1.0,1.0,0.0,0.0,0.0,5,0,0
333,53,23,30,16,8,4,25,15,1,0,10,0,0,0,0,0,0,0,0,0,2,0,2,0.9230769230769231,1.0,1.0,0.0,0.0,0.0,5,0,2
334,53,23,30,16,8,4,25,15,1,0,10,0,0,0,0,0,0,0,0,0,0,0,0,1.0,1.0,1.0,0.0,0.0,0.0,5,0,0
335,53,23,30,13,11,4,25,15,1,0,10,0,0,0,0,0,0,0,0,0,0,0,0,1.0,1.0,1.0,0.0,0.0,0.0,5,0,0
336,53,23,30,13,11,4,25,15,1,0,10,0,0,0,0,0,0,0,0,0,0,0,0,1.0,1.0,1.0,0.0,0.0,0.0,5,0,0
337,52,22,30,13,10,4,25,15,1,0,9,0,0,0,0,0,0,0,0,0,1,0,1,0.9583333333333334,1.0,1.0,0.0,0.0,0.0,5,0,1
338,52,22,30,13,10,4,25,15,1,0,9,0,0,0,0,0,0,0,0,0,0,0,0,1.0,1.0,1.0,0.0,0.0,0.0,5,0,0
339,51,22,29,12,10,4,25,15,1,0,9,0,0,0,0,0,0,0,0,0,1,0,1,0.9565217391304348,1.0,1.0,0.0,0.0,0.0,5,0,1
340,51,22,29,12,10,4,25,15,1,0,9,0,0,0,0,0,0,0,0,0,0,0,0,1.0,1.0,1.0,0.0,0.0,0.0,5,0,0
341,51,22,29,10,12,4,25,15,1,0,9,0,0,0,0,0,0,0,0,0,0,0,0,1.0,1.0,1.0,0.0,0.0,0.0,5,0,0
342,51,22,29,10,12,4,25,15,1,0,9,0,0,0,0,0,0,0,0,0,0,0,0,1.0,1.0,1.0,0.0,0.0,0.0,5,0,0
343,51,22,29,10,12,4,25,15,1,0,8,0,0,0,0,0,0,0,0,0,0,0,0,1.0,1.0,1.0,0.0,0.0,0.0,5,0,0
344,50,21,29,10,12,4,24,15,1,0,8,0,0,0,0,0,0,0,0,0,0,0,0,1.0,0.9,1.0,0.0,0.0,0.0,5,0,1
345,50,21,29,10,12,4,24,15,1,0,8,0,0,0,0,0,0,0,0,0,0,0,0,1.0,1.0,1.0,0.0,0.0,0.0,5,0,0
346,50,21,29,10,12,4,24,15,1,0,8,0,0,0,0,0,0,0,0,0,0,0,0,1.0,1.0,1.0,0.0,0.0,0.0,5,0,0
347,50,21,29,9,13,4,24,15,1,0,8,0,0,0,0,0,0,0,0,0,0,0,0,1.0,1.0,1.0,0.0,0.0,0.0,5,0,0
348,50,21,29,9,13,4,24,15,1,0,8,0,0,0,0,0,0,0,0,0,0,0,0,1.0,1.0,1.0,0.0,0.0,0.0,5,0,0
349,50,21,29,9,13,4,24,15,1,0,7,0,0,0,0,0,0,0,0,0,0,0,0,1.0,1.0,1.0,0.0,0.0,0.0,5,0,0
350,50,21,29,9,13,4,24,15,1,0,7,0,0,0,0,0,0,0,0,0,0,0,0,1.0,1.0,1.0,0.0,0.0,0.0,5,0,0
351,50,21,29,9,13,4,24,15,1,0,7,0,0,0,0,0,0,0,0,0,0,0,0,1.0,1.0,1.0,0.0,0.0,0.0,5,0,0
352,50,21,29,9,13,4,24,15,1,0,7,0,0,0,0,0,0,0,0,0,0,0,0,1.0,1.0,1.0,0.0,0.0,0.0,5,0,0
353,49,20,29,9,12,4,24,15,1,0,7,0,0,0,0,0,0,0,0,0,1,0,1,0.9545454545454546,1.0,1.0,0.0,0.0,0.0,5,0,1
354,49,20,29,9,12,4,24,15,1,0,7,0,0,0,0,0,0,0,0,0,0,0,0,1.0,1.0,1.0,0.0,0.0,0.0,5,0,0
355,49,20,29,9,12,4,24,15,1,0,7,0,0,0,0,0,0,0,0,0,0,0,0,1.0,1.0,1.0,0.0,0.0,0.0,5,0,0
356,49,20,29,9,12,4,24,15,1,0,7,0,0,0,0,0,0,0,0,0,0,0,0,1.0,1.0,1.0,0.0,0.0,0.0,5,0,0
357,49,20,29,9,12,3,25,16,1,0,7,0,0,0,0,0,0,0,0,0,0,0,0,1.0,1.0,1.0,0.0,0.0,0.0,5,0,0
358,49,20,29,9,12,3,25,16,1,0,7,0,0,0,0,0,0,0,0,0,0,0,0,1.0,1.0,1.0,0.0,0.0,0.0,5,0,0
359,49,20,29,8,13,3,25,16,1,0,7,0,0,0,0,0,0,0,0,0,0,0,0,1.0,1.0,1.0,0.0,0.0,0.0,5,0,0
360,48,20,28,4,16,3,25,16,1,0,7,0,0,0,0,0,0,0,0,0,1,0,1,0.9523809523809523,1.0,1.0,0.0,0.0,0.0,5,0,1
361,47,19,28,4,16,3,24,16,1,0,6,0,0,0,0,0,0,0,0,0,0,0,0,1.0,0.8888888888888888,1.0,0.0,0.0,0.0,5,0,1
362,47,19,28,2,18,3,24,16,1,0,4,0,0,0,0,0,0,0,0,0,0,0,0,1.0,1.0,1.0,0.0,0.0,0.0,5,0,0
363,51,20,31,6,18,3,24,16,0,0,4,0,0,0,0,0,0,0,0,1,0,0,0,1.0,1.0,1.0,0.0851063829787234,0.0851063829787234,0.0,5,4,0
364,50,20,30,3,20,3,24,16,0,0,2,0,0,0,0,0,0,0,0,0,1,0,1,0.9583333333333334,1.0,1.0,0.0,0.0,0.0,5,0,1
365,50,20,30,3,20,3,24,16,0,0,2,0,0,0,0,0,0,0,0,0,0,0,0,1.0,1.0,1.0,0.0,0.0,0.0,5,0,0
366,50,20,30,3,20,3,24,16,0,0,1,0,0,0,0,0,0,0,0,0,0,0,0,1.0,1.0,1.0,0.0,0.0,0.0,5,0,0
367,50,20,30,3,20,3,24,16,0,0,1,0,0,0,0,0,0,0,0,0,0,0,0,1.0,1.0,1.0,0.0,0.0,0.0,5,0,0
368,50,20,30,3,20,3,24,16,0,0,1,0,0,0,0,0,0,0,0,0,0,0,0,1.0,1.0,1.0,0.0,0.0,0.0,5,0,0
369,50,20,30,3,20,3,24,16,0,0,1,0,0,0,0,0,0,0,0,0,0,0,0,1.0,1.0,1.0,0.0,0.0,0.0,5,0,0
370,50,20,30,3,20,3,24,16,0,0,1,0,0,0,0,0,0,0,0,0,0,0,0,1.0,1.0,1.0,0.0,0.0,0.0,5,0,0
371,50,20,30,3,20,3,24,16,0,0,1,0,0,0,0,0,0,0,0,0,0,0,0,1.0,1.0,1.0,0.0,0.0,0.0,5,0,0
372,50,20,30,3,20,2,25,17,0,0,1,0,0,0,0,0,0,0,0,0,0,0,0,1.0,1.0,1.0,0.0,0.0,0.0,5,0,0
373,48,19,29,3,19,2,24,16,0,0,1,0,0,0,0,0,0,0,0,0,1,0,1,0.9565217391304348,1.0,0.9411764705882353,0.0,0.0,0.0,5,0,2
374,48,19,29,3,19,2,24,16,0,0,1,0,0,0,0,0,0,0,0,0,0,0,0,1.0,1.0,1.0,0.0,0.0,0.0,5,0,0
375,47,18,29,3,19,2,23,16,0,0,1,0,0,0,0,0,0,0,0,0,0,0,0,1.0,0.875,1.0,0.0,0.0,0.0,5,0,1
376,47,18,29,3,19,2,23,16,0,0,1,0,0,0,0,0,0,0,0,0,0,0,0,1.0,1.0,1.0,0.0,0.0,0.0,5,0,0
377,47,18,29,3,19,2,23,16,0,0,1,0,0,0,0,0,0,0,0,0,0,0,0,1.0,1.0,1.0,0.0,0.0,0.0,5,0,0
378,46,17,29,2,19,2,23,16,0,0,1,0,0,0,0,0,0,0,0,0,1,0,1,0.9545454545454546,1.0,1.0,0.0,0.0,0.0,5,0,1
379,46,17,29,2,19,2,23,16,0,0,1,0,0,0,0,0,0,0,0,0,0,0,0,1.0,1.0,1.0,0.0,0.0,0.0,5,0,0
380,45,17,28,2,18,2,23,16,0,0,1,0,0,0,0,0,0,0,0,0,1,0,1,0.9523809523809523,1.0,1.0,0.0,0.0,0.0,5,0,1
381,45,17,28,2,18,2,23,16,0,0,1,0,0,0,0,0,0,0,0,0,0,0,0,1.0,1.0,1.0,0.0,0.0,0.0,5,0,0
382,45,17,28,2,18,2,23,16,0,0,1,0,0,0,0,0,0,0,0,0,0,0,0,1.0,1.0,1.0,0.0,0.0,0.0,5,0,0
383,44,17,27,2,17,2,23,16,0,0,1,0,0,0,0,0,0,0,0,0,1,0,1,0.95,1.0,1.0,0.0,0.0,0.0,5,0,1
384,44,17,27,2,17,2,23,16,0,0,1,0,0,0,0,0,0,0,0,0,0,0,0,1.0,1.0,1.0,0.0,0.0,0.0,5,0,0
385,44,17,27,2,17,2,23,16,0,0,1,0,0,0,0,0,0,0,0,0,0,0,0,1.0,1.0,1.0,0.0,0.0,0.0,5,0,0
386,44,17,27,2,17,2,23,16,0,0,1,0,0,0,0,0,0,0,0,0,0,1,0,1.0,1.0,1.0,0.0,0.0,0.0,5,0,0
387,44,17,27,2,17,2,23,16,0,0,1,0,0,0,0,0,0,0,0,0,0,2,0,1.0,1.0,1.0,0.0,0.0,0.0,5,0,0
388,44,17,27,2,17,2,23,16,0,0,1,0,0,0,0,0,0,0,0,0,0,0,0,1.0,1.0,1.0,0.0,0.0,0.0,5,0,0
389,44,17,27,2,17,2,23,16,0,0,1,0,0,0,0,0,0,0,0,0,0,0,0,1.0,1.0,1.0,0.0,0.0,0.0,5,0,0
390,44,17,27,2,16,3,23,16,0,0,1,0,0,0,0,0,0,0,0,0,0,0,0,1.0,1.0,1.0,0.0,0.0,0.0,5,0,0
391,44,17,27,2,14,5,23,16,0,0,1,0,0,0,0,0,0,0,0,0,0,0,0,1.0,1.0,1.0,0.0,0.0,0.0,5,0,0
392,44,17,27,2,14,5,23,16,0,0,1,0,0,0,0,0,0,0,0,0,0,0,0,1.0,1.0,1.0,0.0,0.0,0.0,5,0,0
393,44,17,27,2,14,5,23,16,0,0,1,0,0,0,0,0,0,0,0,0,0,0,0,1.0,1.0,1.0,0.0,0.0,0.0,5,0,0
394,44,17,27,2,14,5,23,16,0,0,1,0,0,0,0,0,0,0,0,0,0,0,0,1.0,1.0,1.0,0.0,0.0,0.0,5,0,0
395,44,17,27,2,14,5,23,16,6,0,1,0,0,0,0,0,20,6,0,0,0,0,0,1.0,1.0,1.0,0.0,0.0,0.3,5,0,0
396,44,17,27,2,14,5,23,16,9,0,1,0,0,0,0,0,22,3,0,0,0,0,0,1.0,1.0,1.0,0.0,0.0,0.13636363636363635,5,0,0
397,44,17,27,2,14,5,23,16,10,1,1,0,0,0,0,0,6,1,1,0,0,0,0,1.0,1.0,1.0,0.0,0.0,0.16666666666666666,5,0,0
398,44,17,27,2,14,5,23,16,13,1,1,0,0,0,0,0,9,3,0,0,0,0,0,1.0,1.0,1.0,0.0,0.0,0.3333333333333333,5,0,0
399,44,17,27,2,14,5,23,16,14,1,1,0,0,0,0,0,7,1,0,0,0,0,0,1.0,1.0,1.0,0.0,0.0,0.14285714285714285,5,0,0
400,43,16,27,2,14,5,22,16,14,1,1,0,0,0,0,0,0,0,0,0,0,0,0,1.0,0.8571428571428572,1.0,0.0,0.0,0.0,5,0,1
401,42,16,26,1,14,5,22,16,14,1,1,0,0,0,0,0,0,0,0,0,1,0,1,0.9375,1.0,1.0,0.0,0.0,0.0,5,0,1
402,42,16,26,1,14,5,22,16,14,1,1,0,0,0,0,0,0,0,0,0,0,0,0,1.0,1.0,1.0,0.0,0.0,0.0,5,0,0
403,42,16,26,1,14,5,22,16,14,1,1,0,0,0,0,0,0,0,0,0,0,0,0,1.0,1.0,1.0,0.0,0.0,0.0,5,0,0
404,41,16,25,1,14,5,21,15,13,1,1,0,0,0,0,0,0,0,0,0,0,0,0,1.0,1.0,0.9375,0.0,0.0,0.0,5,0,1
405,41,16,25,1,14,5,21,15,13,1,1,0,0,0,0,0,0,0,0,0,0,0,0,1.0,1.0,1.0,0.0,0.0,0.0,5,0,0
406,41,16,25,0,15,5,21,15,13,1,1,0,0,0,0,0,0,0,0,0,0,0,0,1.0,1.0,1.0,0.0,0.0,0.0,5,0,0
407,41,16,25,0,15,5,21,15,13,1,1,0,0,0,0,0,0,0,0,0,0,0,0,1.0,1.0,1.0,0.0,0.0,0.0,5,0,0
408,41,16,25,0,15,5,21,15,13,1,0,0,0,0,0,0,0,0,0,0,0,0,0,1.0,1.0,1.0,0.0,0.0,0.0,5,0,0
409,41,16,25,0,15,5,21,15,13,1,0,0,0,0,0,0,7,0,0,0,0,0,0,1.0,1.0,1.0,0.0,0.0,0.0,5,0,0
410,41,16,25,0,15,5,21,15,13,1,0,0,0,0,0,0,6,0,0,0,0,0,0,1.0,1.0,1.0,0.0,0.0,0.0,5,0,0
411,41,16,25,0,15,5,21,15,13,2,0,0,0,0,0,0,1,0,1,0,0,0,0,1.0,1.0,1.0,0.0,0.0,0.0,5,0,0
412,41,16,25,0,15,5,21,15,13,2,0,0,0,0,0,0,0,0,0,0,0,0,0,1.0,1.0,1.0,0.0,0.0,0.0,5,0,0
413,41,16,25,0,15,5,21,15,13,2,0,0,0,0,0,0,0,0,0,0,0,0,0,1.0,1.0,1.0,0.0,0.0,0.0,5,0,0
414,41,16,25,0,15,4,22,15,13,2,0,0,0,0,0,0,0,0,0,0,0,0,0,1.0,1.0,1.0,0.0,0.0,0.0,5,0,0
415,41,16,25,0,15,4,22,15,13,2,0,0,0,0,0,0,0,0,0,0,0,0,0,1.0,1.0,1.0,0.0,0.0,0.0,5,0,0
416,41,16,25,0,15,4,22,15,13,2,0,0,0,0,0,0,0,0,0,0,0,0,0,1.0,1.0,1.0,0.0,0.0,0.0,5,0,0
417,41,16,25,0,15,4,22,15,13,2,0,0,0,0,0,0,0,0,0,0,0,0,0,1.0,1.0,1.0,0.0,0.0,0.0,5,0,0
418,41,16,25,0,15,4,22,15,13,2,0,0,0,0,0,0,0,0,0,0,0,0,0,1.0,1.0,1.0,0.0,0.0,0.0,5,0,0
419,41,16,25,0,15,4,22,15,13,2,0,0,0,0,0,0,0,0,0,0,0,0,0,1.0,1.0,1.0,0.0,0.0,0.0,5,0,0
420,41,16,25,0,15,4,22,15,13,2,0,0,0,0,0,0,0,0,0,0,0,0,0,1.0,1.0,1.0,0.0,0.0,0.0,5,0,0
421,41,16,25,0,15,4,22,15,13,2,0,0,0,0,0,0,0,0,0,0,0,0,0,1.0,1.0,1.0,0.0,0.0,0.0,5,0,0
422,41,16,25,0,15,4,22,15,13,2,0,0,0,0,0,0,0,0,0,0,0,0,0,1.0,1.0,1.0,0.0,0.0,0.0,5,0,0
423,41,16,25,0,15,4,22,15,13,2,0,0,0,0,0,0,0,0,0,0,0,0,0,1.0,1.0,1.0,0.0,0.0,0.0,5,0,0
424,41,16,25,0,15,4,22,15,13,2,0,0,0,0,0,0,0,0,0,0,0,0,0,1.0,1.0,1.0,0.0,0.0,0.0,5,0,0
425,41,16,25,0,15,4,22,15,13,2,0,0,0,0,0,0,0,0,0,0,0,0,0,1.0,1.0,1.0,0.0,0.0,0.0,5,0,0
426,41,16,25,0,15,4,22,15,13,2,0,0,0,0,0,0,0,0,0,0,0,0,0,1.0,1.0,1.0,0.0,0.0,0.0,5,0,0
427,41,16,25,0,15,4,22,15,13,2,0,0,0,0,0,0,0,0,0,0,0,0,0,1.0,1.0,1.0,0.0,0.0,0.0,5,0,0
428,41,16,25,0,15,4,22,15,13,2,0,0,0,0,0,0,0,0,0,0,0,0,0,1.0,1.0,1.0,0.0,0.0,0.0,5,0,0
429,41,16,25,0,15,4,22,15,13,2,0,0,0,0,0,0,0,0,0,0,0,0,0,1.0,1.0,1.0,0.0,0.0,0.0,5,0,0
430,41,16,25,0,15,4,22,15,13,2,0,0,0,0,0,0,0,0,0,0,0,0,0,1.0,1.0,1.0,0.0,0.0,0.0,5,0,0
431,41,16,25,0,15,4,22,15,13,2,0,0,0,0,0,0,0,0,0,0,0,0,0,1.0,1.0,1.0,0.0,0.0,0.0,5,0,0
432,41,16,25,0,15,4,22,15,13,2,0,0,0,0,0,0,0,0,0,0,0,1,0,1.0,1.0,1.0,0.0,0.0,0.0,5,0,0
433,41,16,25,0,15,4,22,15,13,2,0,0,0,0,0,0,0,0,0,0,0,0,0,1.0,1.0,1.0,0.0,0.0,0.0,5,0,0
434,41,16,25,0,15,4,22,15,13,2,0,0,0,0,0,0,0,0,0,0,0,0,0,1.0,1.0,1.0,0.0,0.0,0.0,5,0,0
435,41,16,25,0,15,4,22,15,13,2,0,0,0,0,0,0,0,0,0,0,0,0,0,1.0,1.0,1.0,0.0,0.0,0.0,5,0,0
436,41,16,25,0,14,5,22,15,13,2,0,0,0,0,0,0,0,0,0,0,0,0,0,1.0,1.0,1.0,0.0,0.0,0.0,5,0,0
437,41,16,25,0,14,5,22,15,13,2,0,0,0,0,0,0,0,0,0,0,0,0,0,1.0,1.0,1.0,0.0,0.0,0.0,5,0,0
438,41,16,25,0,14,5,22,15,13,2,0,0,0,0,0,0,0,0,0,0,0,0,0,1.0,1.0,1.0,0.0,0.0,0.0,5,0,0
439,41,16,25,0,14,5,22,15,13,2,0,0,0,0,0,0,0,0,0,0,0,0,0,1.0,1.0,1.0,0.0,0.0,0.0,5,0,0
440,41,16,25,0,14,5,22,15,13,2,0,0,0,0,0,0,0,0,0,0,0,0,0,1.0,1.0,1.0,0.0,0.0,0.0,5,0,0
441,41,16,25,0,14,5,22,15,13,2,0,0,0,0,0,0,0,0,0,0,0,0,0,1.0,1.0,1.0,0.0,0.0,0.0,5,0,0
442,41,16,25,0,14,5,22,15,13,1,0,0,0,0,0,0,0,0,0,0,0,0,0,1.0,1.0,1.0,0.0,0.0,0.0,5,0,0
443,41,16,25,0,14,5,22,15,14,1,0,0,0,0,0,0,8,1,0,0,0,0,0,1.0,1.0,1.0,0.0,0.0,0.125,5,0,0
444,41,16,25,0,14,5,22,15,14,1,0,0,0,0,0,0,0,0,0,0,0,0,0,1.0,1.0,1.0,0.0,0.0,0.0,5,0,0
445,41,16,25,0,14,5,22,15,14,1,0,0,0,0,0,0,0,0,0,0,0,0,0,1.0,1.0,1.0,0.0,0.0,0.0,5,0,0
446,40,16,24,0,14,5,21,14,13,1,0,0,0,0,0,0,0,0,0,0,0,0,0,1.0,1.0,0.9333333333333333,0.0,0.0,0.0,5,0,1
447,40,16,24,0,14,5,21,14,13,1,0,0,0,0,0,0,0,0,0,0,0,0,0,1.0,1.0,1.0,0.0,0.0,0.0,5,0,0
448,40,16,24,0,14,5,21,14,13,1,0,0,0,0,0,0,0,0,0,0,0,0,0,1.0,1.0,1.0,0.0,0.0,0.0,5,0,0
449,39,16,23,0,13,5,21,14,13,1,0,0,0,0,0,0,0,0,0,0,1,0,1,0.9285714285714286,1.0,1.0,0.0,0.0,0.0,5,0,1
450,39,16,23,0,13,5,21,14,13,1,0,0,0,0,0,0,0,0,0,0,0,0,0,1.0,1.0,1.0,0.0,0.0,0.0,5,0,0
451,39,16,23,0,13,5,21,14,13,1,0,0,0,0,0,0,0,0,0,0,0,0,0,1.0,1.0,1.0,0.0,0.0,0.0,5,0,0
452,39,16,23,0,13,5,21,14,13,1,0,0,0,0,0,0,0,0,0,0,0,0,0,1.0,1.0,1.0,0.0,0.0,0.0,5,0,0
453,39,16,23,0,13,5,21,14,13,1,0,0,0,0,0,0,0,0,0,0,0,0,0,1.0,1.0,1.0,0.0,0.0,0.0,5,0,0
454,39,16,23,0,13,5,21,14,13,1,0,0,0,0,0,0,0,0,0,0,0,0,0,1.0,1.0,1.0,0.0,0.0,0.0,5,0,0
455,39,16,23,0,13,5,21,14,13,1,0,0,0,0,0,0,0,0,0,0,0,0,0,1.0,1.0,1.0,0.0,0.0,0.0,5,0,0
456,39,16,23,0,13,5,21,14,13,0,0,0,0,0,0,0,0,0,0,0,0,0,0,1.0,1.0,1.0,0.0,0.0,0.0,5,0,0
457,39,16,23,0,13,5,21,14,13,0,0,0,0,0,0,0,7,0,0,0,0,0,0,1.0,1.0,1.0,0.0,0.0,0.0,5,0,0
458,39,16,23,0,13,5,21,14,13,0,0,0,0,0,0,0,6,0,0,0,0,0,0,1.0,1.0,1.0,0.0,0.0,0.0,5,0,0
459,39,16,23,0,13,5,21,14,14,0,0,0,0,0,0,0,7,1,0,0,0,1,0,1.0,1.0,1.0,0.0,0.0,0.14285714285714285,5,0,0
460,60,29,31,21,13,5,21,14,8,0,6,0,0,0,0,0,0,0,0,6,0,0,0,1.0,1.0,1.0,0.5384615384615384,0.5384615384615384,0.0,5,21,0
461,70,35,35,31,13,5,21,14,5,0,9,0,0,0,0,0,0,0,0,3,1,0,1,0.9705882352941176,1.0,1.0,0.18333333333333332,0.18333333333333332,0.0,5,11,1
462,69,34,35,31,12,5,21,14,4,0,10,0,0,0,0,0,0,0,0,1,4,0,4,0.9090909090909091,1.0,1.0,0.04285714285714286,0.04285714285714286,0.0,5,3,4
463,73,37,36,36,10,6,21,14,2,0,12,0,0,0,0,0,0,0,0,2,3,0,3,0.9285714285714286,1.0,1.0,0.10144927536231885,0.10144927536231885,0.0,5,7,3
464,69,34,35,32,10,6,21,14,2,0,12,0,0,0,0,0,0,0,0,0,4,0,4,0.9130434782608696,1.0,1.0,0.0,0.0,0.0,5,0,4
465,66,33,33,30,10,6,20,14,2,0,12,0,0,0,0,0,0,0,0,0,2,0,2,0.9523809523809523,0.8571428571428572,1.0,0.0,0.0,0.0,5,0,3
466,63,31,32,28,10,6,19,13,1,0,12,0,0,0,0,0,0,0,0,0,2,0,2,0.95,1.0,0.9285714285714286,0.0,0.0,0.0,5,0,3
467,62,30,32,27,10,6,19,13,1,0,12,0,0,0,0,0,0,0,0,0,1,0,1,0.9736842105263158,1.0,1.0,0.0,0.0,0.0,5,0,1
468,60,29,31,26,9,6,19,13,1,0,12,0,0,0,0,0,0,0,0,0,2,0,2,0.9459459459459459,1.0,1.0,0.0,0.0,0.0,5,0,2
469,60,29,31,26,9,6,19,13,1,0,12,0,0,0,0,0,0,0,0,0,0,0,0,1.0,1.0,1.0,0.0,0.0,0.0,5,0,0
470,60,29,31,26,9,6,19,13,1,0,12,0,0,0,0,0,0,0,0,0,0,0,0,1.0,1.0,1.0,0.0,0.0,0.0,5,0,0
471,58,29,29,25,9,6,18,12,1,0,11,0,0,0,0,0,0,0,0,0,1,0,1,0.9714285714285714,1.0,0.9230769230769231,0.0,0.0,0.0,5,0,2
472,58,29,29,25,9,6,18,12,1,0,11,0,0,0,0,0,0,0,0,0,0,2,0,1.0,1.0,1.0,0.0,0.0,0.0,5,0,0
473,57,28,29,24,9,6,18,12,1,0,11,0,0,0,0,0,0,0,0,0,1,0,1,0.9705882352941176,1.0,1.0,0.0,0.0,0.0,5,0,1
474,57,28,29,24,9,6,18,12,1,0,11,0,0,0,0,0,0,0,0,0,0,0,0,1.0,1.0,1.0,0.0,0.0,0.0,5,0,0
475,54,28,26,23,7,6,18,12,1,0,11,0,0,0,0,0,0,0,0,0,1,0,1,0.9090909090909091,1.0,1.0,0.0,0.0,0.0,5,0,3
476,54,28,26,23,7,6,18,12,1,0,11,0,0,0,0,0,0,0,0,0,0,0,0,1.0,1.0,1.0,0.0,0.0,0.0,5,0,0
477,54,28,26,23,7,6,18,12,1,0,11,0,0,0,0,0,0,0,0,0,0,0,0,1.0,1.0,1.0,0.0,0.0,0.0,5,0,0
478,53,27,26,23,6,6,18,12,1,0,11,0,0,0,0,0,0,0,0,0,1,0,1,0.9666666666666667,1.0,1.0,0.0,0.0,0.0,5,0,1
479,53,27,26,23,6,6,18,12,1,0,11,0,0,0,0,0,0,0,0,0,0,0,0,1.0,1.0,1.0,0.0,0.0,0.0,5,0,0
480,52,26,26,23,6,6,17,12,1,0,11,0,0,0,0,0,0,0,0,0,0,0,0,1.0,0.8333333333333334,1.0,0.0,0.0,0.0,5,0,1
481,52,26,26,23,6,6,17,12,1,0,11,0,0,0,0,0,0,0,0,0,0,0,0,1.0,1.0,1.0,0.0,0.0,0.0,5,0,0
482,52,26,26,23,6,6,17,12,1,0,11,0,0,0,0,0,0,0,0,0,0,0,0,1.0,1.0,1.0,0.0,0.0,0.0,5,0,0
483,52,26,26,23,6,6,17,12,1,0,11,0,0,0,0,0,0,0,0,0,0,0,0,1.0,1.0,1.0,0.0,0.0,0.0,5,0,0
484,51,25,26,23,6,6,16,12,1,0,11,0,0,0,0,0,0,0,0,0,0,0,0,1.0,0.8,1.0,0.0,0.0,0.0,5,0,1
485,51,25,26,23,6,6,16,12,1,0,11,0,0,0,0,0,0,0,0,0,0,0,0,1.0,1.0,1.0,0.0,0.0,0.0,5,0,0
486,50,25,25,23,5,6,16,12,1,0,11,0,0,0,0,0,0,0,0,0,1,0,1,0.9655172413793104,1.0,1.0,0.0,0.0,0.0,5,0,1
487,50,25,25,23,5,6,16,12,1,0,11,0,0,0,0,0,0,0,0,0,0,0,0,1.0,1.0,1.0,0.0,0.0,0.0,5,0,0
488,50,25,25,23,5,6,16,12,1,0,11,0,0,0,0,0,0,0,0,0,0,0,0,1.0,1.0,1.0,0.0,0.0,0.0,5,0,0
489,50,25,25,23,5,6,16,12,1,0,11,0,0,0,0,0,0,0,0,0,0,0,0,1.0,1.0,1.0,0.0,0.0,0.0,5,0,0
490,50,25,25,23,5,6,16,12,1,0,11,0,0,0,0,0,0,0,0,0,0,0,0,1.0,1.0,1.0,0.0,0.0,0.0,5,0,0
491,50,25,25,23,5,6,16,12,1,0,11,0,0,0,0,0,0,0,0,0,0,0,0,1.0,1.0,1.0,0.0,0.0,0.0,5,0,0
492,50,25,25,23,5,6,16,12,1,0,11,0,0,0,0,0,0,0,0,0,0,0,0,1.0,1.0,1.0,0.0,0.0,0.0,5,0,0
493,50,25,25,23,5,6,16,12,1,0,11,0,0,0,0,0,0,0,0,0,0,0,0,1.0,1.0,1.0,0.0,0.0,0.0,5,0,0
494,50,25,25,23,5,5,17,13,1,0,11,0,0,0,0,0,0,0,0,0,0,0,0,1.0,1.0,1.0,0.0,0.0,0.0,5,0,0
495,50,25,25,23,5,5,17,13,1,0,11,0,0,0,0,0,0,0,0,0,0,0,0,1.0,1.0,1.0,0.0,0.0,0.0,5,0,0
496,50,25,25,23,5,5,17,13,1,0,11,0,0,0,0,0,0,0,0,0,0,0,0,1.0,1.0,1.0,0.0,0.0,0.0,5,0,0
497,50,25,25,23,5,5,17,13,1,0,11,0,0,0,0,0,0,0,0,0,0,2,0,1.0,1.0,1.0,0.0,0.0,0.0,5,0,0
498,50,25,25,23,5,5,17,13,1,0,11,0,0,0,0,0,0,0,0,0,0,0,0,1.0,1.0,1.0,0.0,0.0,0.0,5,0,0
499,50,25,25,23,5,5,17,13,1,0,11,0,0,0,0,0,8,0,0,0,0,2,0,1.0,1.0,1.0,0.0,0.0,0.0,5,0,0
500,49,24,25,22,5,5,17,13,2,0,11,0,0,0,0,0,6,1,0,0,1,0,1,0.9642857142857143,1.0,1.0,0.0,0.0,0.16666666666666666,5,0,1
501,49,24,25,22,3,7,17,13,2,0,11,0,0,0,0,0,0,0,0,0,0,0,0,1.0,1.0,1.0,0.0,0.0,0.0,5,0,0
502,48,24,24,21,3,7,17,13,2,0,11,0,0,0,0,0,0,0,0,0,1,0,1,0.96,1.0,1.0,0.0,0.0,0.0,5,0,1
503,48,24,24,11,11,9,17,13,2,0,11,0,0,0,0,0,0,0,0,0,0,0,0,1.0,1.0,1.0,0.0,0.0,0.0,5,0,0
504,47,23,24,6,15,9,17,13,2,0,11,0,0,0,0,0,0,0,0,0,1,0,1,0.9545454545454546,1.0,1.0,0.0,0.0,0.0,5,0,1
505,46,22,24,3,17,9,17,13,2,0,5,0,0,0,0,0,0,0,0,0,1,0,1,0.9523809523809523,1.0,1.0,0.0,0.0,0.0,5,0,1
506,46,22,24,0,20,9,17,13,5,0,3,0,0,0,0,0,21,3,0,0,0,0,0,1.0,1.0,1.0,0.0,0.0,0.14285714285714285,5,0,0
507,45,21,24,0,19,9,17,13,6,0,2,0,0,0,0,0,11,1,0,0,1,0,1,0.95,1.0,1.0,0.0,0.0,0.09090909090909091,5,0,1
508,49,23,26,4,19,9,17,13,5,0,1,0,0,0,0,0,19,0,0,1,0,0,0,1.0,1.0,1.0,0.08888888888888889,0.08888888888888889,0.0,5,4,0
509,49,23,26,4,19,9,17,13,8,1,1,0,0,0,0,0,22,3,1,0,0,0,0,1.0,1.0,1.0,0.0,0.0,0.13636363636363635,5,0,0
510,49,23,26,4,19,9,17,13,8,1,1,0,0,0,0,0,4,0,0,0,0,0,0,1.0,1.0,1.0,0.0,0.0,0.0,5,0,0
511,49,23,26,4,19,9,17,13,10,1,1,0,0,0,0,0,7,2,0,0,0,0,0,1.0,1.0,1.0,0.0,0.0,0.2857142857142857,5,0,0
512,49,23,26,4,19,9,17,13,10,1,1,0,0,0,0,0,0,0,0,0,0,0,0,1.0,1.0,1.0,0.0,0.0,0.0,5,0,0
513,49,23,26,4,19,9,17,13,10,1,1,0,0,0,0,0,0,0,0,0,0,0,0,1.0,1.0,1.0,0.0,0.0,0.0,5,0,0
514,48,22,26,4,19,8,17,13,10,1,1,0,0,0,0,0,0,0,0,0,0,0,0,1.0,1.0,1.0,0.0,0.0,0.0,5,0,1
515,48,22,26,4,19,8,17,13,10,1,1,0,0,0,0,0,0,0,0,0,0,0,0,1.0,1.0,1.0,0.0,0.0,0.0,5,0,0
516,48,22,26,4,19,8,17,13,10,1,1,0,0,0,0,0,0,0,0,0,0,0,0,1.0,1.0,1.0,0.0,0.0,0.0,5,0,0
517,48,22,26,4,19,8,17,13,10,1,1,0,0,0,0,0,0,0,0,0,0,0,0,1.0,1.0,1.0,0.0,0.0,0.0,5,0,0
518,48,22,26,4,19,8,17,13,10,1,1,0,0,0,0,0,0,0,0,0,0,0,0,1.0,1.0,1.0,0.0,0.0,0.0,5,0,0
519,48,22,26,4,19,8,17,13,11,1,1,0,0,0,0,0,7,1,0,0,0,0,0,1.0,1.0,1.0,0.0,0.0,0.14285714285714285,5,0,0
520,48,22,26,4,19,8,17,13,11,1,1,0,0,0,0,0,0,0,0,0,0,0,0,1.0,1.0,1.0,0.0,0.0,0.0,5,0,0
521,47,22,25,4,19,7,17,13,11,1,1,0,0,0,0,0,0,0,0,0,0,0,0,1.0,1.0,1.0,0.0,0.0,0.0,5,0,1
522,47,22,25,4,19,7,17,13,11,1,1,0,0,0,0,0,0,0,0,0,0,0,0,1.0,1.0,1.0,0.0,0.0,0.0,5,0,0
523,47,22,25,4,19,7,17,13,11,1,1,0,0,0,0,0,0,0,0,0,0,0,0,1.0,1.0,1.0,0.0,0.0,0.0,5,0,0
524,47,22,25,4,19,7,17,13,11,1,1,0,0,0,0,0,0,0,0,0,0,0,0,1.0,1.0,1.0,0.0,0.0,0.0,5,0,0
525,47,22,25,4,19,6,18,13,11,1,1,0,0,0,0,0,0,0,0,0,0,0,0,1.0,1.0,1.0,0.0,0.0,0.0,5,0,0
526,47,22,25,4,19,4,20,13,11,1,1,0,0,0,0,0,0,0,0,0,0,0,0,1.0,1.0,1.0,0.0,0.0,0.0,5,0,0
527,47,22,25,4,19,4,20,13,11,1,1,0,0,0,0,0,0,0,0,0,0,0,0,1.0,1.0,1.0,0.0,0.0,0.0,5,0,0
528,47,22,25,4,19,4,20,13,11,1,1,0,0,0,0,0,0,0,0,0,0,0,0,1.0,1.0,1.0,0.0,0.0,0.0,5,0,0
529,47,22,25,4,19,4,20,13,11,1,1,0,0,0,0,0,0,0,0,0,0,0,0,1.0,1.0,1.0,0.0,0.0,0.0,5,0,0
530,47,22,25,4,19,4,20,13,11,1,1,0,0,0,0,0,0,0,0,0,0,0,0,1.0,1.0,1.0,0.0,0.0,0.0,5,0,0
531,47,22,25,4,19,4,20,13,11,1,1,0,0,0,0,0,0,0,0,0,0,0,0,1.0,1.0,1.0,0.0,0.0,0.0,5,0,0
532,46,21,25,4,18,4,20,13,11,1,1,0,0,0,0,0,0,0,0,0,1,0,1,0.9565217391304348,1.0,1.0,0.0,0.0,0.0,5,0,1
533,46,21,25,4,18,4,20,13,11,1,1,0,0,0,0,0,0,0,0,0,0,0,0,1.0,1.0,1.0,0.0,0.0,0.0,5,0,0
534,46,21,25,4,18,4,20,13,11,1,1,0,0,0,0,0,0,0,0,0,0,0,0,1.0,1.0,1.0,0.0,0.0,0.0,5,0,0
535,46,21,25,4,18,4,20,13,11,1,1,0,0,0,0,0,0,0,0,0,0,0,0,1.0,1.0,1.0,0.0,0.0,0.0,5,0,0
536,45,21,24,4,17,4,20,13,11,1,1,0,0,0,0,0,0,0,0,0,1,0,1,0.9545454545454546,1.0,1.0,0.0,0.0,0.0,5,0,1
537,45,21,24,4,17,4,20,13,11,1,1,0,0,0,0,0,0,0,0,0,0,0,0,1.0,1.0,1.0,0.0,0.0,0.0,5,0,0
538,45,21,24,4,17,4,20,13,11,1,1,0,0,0,0,0,0,0,0,0,0,0,0,1.0,1.0,1.0,0.0,0.0,0.0,5,0,0
539,44,21,23,4,16,4,20,13,11,1,1,0,0,0,0,0,0,0,0,0,1,0,1,0.9523809523809523,1.0,1.0,0.0,0.0,0.0,4,0,1
540,44,21,23,4,16,4,20,13,11,1,1,0,0,0,0,0,0,0,0,0,0,0,0,1.0,1.0,1.0,0.0,0.0,0.0,4,0,0
541,44,21,23,4,16,4,20,13,11,1,1,0,0,0,0,0,0,0,0,0,0,0,0,1.0,1.0,1.0,0.0,0.0,0.0,4,0,0
542,44,21,23,4,16,4,20,13,11,1,1,0,0,0,0,0,0,0,0,0,0,0,0,1.0,1.0,1.0,0.0,0.0,0.0,4,0,0
543,44,21,23,4,16,4,20,13,11,1,1,0,0,0,0,0,0,0,0,0,0,0,0,1.0,1.0,1.0,0.0,0.0,0.0,4,0,0
544,44,21,23,4,16,4,20,13,11,1,1,0,0,0,0,0,0,0,0,0,0,0,0,1.0,1.0,1.0,0.0,0.0,0.0,4,0,0
545,44,21,23,4,16,4,20,13,11,1,1,0,0,0,0,0,0,0,0,0,0,0,0,1.0,1.0,1.0,0.0,0.0,0.0,4,0,0
546,44,21,23,4,16,4,20,13,11,1,1,0,0,0,0,0,0,0,0,0,0,0,0,1.0,1.0,1.0,0.0,0.0,0.0,4,0,0
547,44,21,23,4,16,4,20,13,11,1,1,0,0,0,0,0,0,0,0,0,0,0,0,1.0,1.0,1.0,0.0,0.0,0.0,4,0,0
548,44,21,23,4,16,4,20,13,11,1,1,0,0,0,0,0,0,0,0,0,0,0,0,1.0,1.0,1.0,0.0,0.0,0.0,4,0,0
549,43,20,23,3,16,4,20,13,11,1,1,0,0,0,0,0,0,0,0,0,1,0,1,0.95,1.0,1.0,0.0,0.0,0.0,4,0,1
550,42,19,23,3,15,4,20,13,11,1,1,0,0,0,0,0,0,0,0,0,1,0,1,0.9473684210526316,1.0,1.0,0.0,0.0,0.0,4,0,1
551,42,19,23,0,18,4,20,13,11,1,1,0,0,0,0,0,0,0,0,0,0,0,0,1.0,1.0,1.0,0.0,0.0,0.0,4,0,0
552,42,19,23,0,18,4,20,13,11,1,1,0,0,0,0,0,0,0,0,0,0,0,0,1.0,1.0,1.0,0.0,0.0,0.0,4,0,0
553,41,19,22,0,17,4,20,13,11,1,0,0,0,0,0,0,0,0,0,0,1,0,1,0.9444444444444444,1.0,1.0,0.0,0.0,0.0,4,0,1
554,41,19,22,0,17,4,20,13,12,0,0,0,0,0,0,0,5,1,0,0,0,0,0,1.0,1.0,1.0,0.0,0.0,0.2,4,0,0
555,41,19,22,0,17,4,20,13,12,0,0,0,0,0,0,0,1,0,0,0,0,0,0,1.0,1.0,1.0,0.0,0.0,0.0,4,0,0
556,41,19,22,0,17,4,20,13,13,0,0,0,0,0,0,0,5,1,0,0,0,0,0,1.0,1.0,1.0,0.0,0.0,0.2,4,0,0
557,41,19,22,0,17,4,20,13,13,0,0,0,0,0,0,0,0,0,0,0,0,0,0,1.0,1.0,1.0,0.0,0.0,0.0,4,0,0
558,41,19,22,0,17,4,20,13,13,0,0,0,0,0,0,0,0,0,0,0,0,0,0,1.0,1.0,1.0,0.0,0.0,0.0,4,0,0
559,41,19,22,0,17,4,20,13,13,0,0,0,0,0,0,0,0,0,0,0,0,0,0,1.0,1.0,1.0,0.0,0.0,0.0,4,0,0
560,41,19,22,0,17,4,20,13,13,0,0,0,0,0,0,0,0,0,0,0,0,0,0,1.0,1.0,1.0,0.0,0.0,0.0,4,0,0
561,40,19,21,0,17,4,19,12,12,0,0,0,0,0,0,0,0,0,0,0,0,0,0,1.0,1.0,0.9230769230769231,0.0,0.0,0.0,4,0,1
562,40,19,21,0,17,4,19,12,12,0,0,0,0,0,0,0,0,0,0,0,0,0,0,1.0,1.0,1.0,0.0,0.0,0.0,4,0,0
563,40,19,21,0,17,4,19,12,12,0,0,0,0,0,0,0,0,0,0,0,0,0,0,1.0,1.0,1.0,0.0,0.0,0.0,4,0,0
564,40,19,21,0,17,4,19,12,12,0,0,0,0,0,0,0,0,0,0,0,0,0,0,1.0,1.0,1.0,0.0,0.0,0.0,4,0,0
565,44,21,23,4,17,4,19,12,11,0,1,0,0,0,0,0,0,0,0,1,0,0,0,1.0,1.0,1.0,0.1,0.1,0.0,4,4,0
566,44,21,23,4,17,4,19,12,11,0,1,0,0,0,0,0,0,0,0,0,0,0,0,1.0,1.0,1.0,0.0,0.0,0.0,4,0,0
567,44,21,23,4,17,4,19,12,11,0,1,0,0,0,0,0,0,0,0,0,0,0,0,1.0,1.0,1.0,0.0,0.0,0.0,4,0,0
568,44,21,23,4,17,4,19,12,11,0,1,0,0,0,0,0,0,0,0,0,0,0,0,1.0,1.0,1.0,0.0,0.0,0.0,4,0,0
569,44,21,23,4,17,4,19,12,11,0,1,0,0,0,0,0,0,0,0,0,0,0,0,1.0,1.0,1.0,0.0,0.0,0.0,4,0,0
570,44,21,23,4,17,4,19,12,11,0,1,0,0,0,0,0,0,0,0,0,0,0,0,1.0,1.0,1.0,0.0,0.0,0.0,4,0,0
571,52,24,28,13,16,3,20,12,8,0,4,0,0,0,0,0,0,0,0,3,1,0,1,0.9523809523809523,1.0,1.0,0.20454545454545456,0.20454545454545456,0.0,4,9,1
572,52,24,28,13,16,3,20,12,8,0,4,0,0,0,0,0,0,0,0,0,0,0,0,1.0,1.0,1.0,0.0,0.0,0.0,4,0,0
573,52,24,28,13,16,3,20,12,8,0,4,0,0,0,0,0,0,0,0,0,0,0,0,1.0,1.0,1.0,0.0,0.0,0.0,4,0,0
574,62,27,35,24,15,3,20,12,5,0,7,0,0,0,0,0,0,0,0,3,1,0,1,0.9655172413793104,1.0,1.0,0.21153846153846154,0.21153846153846154,0.0,4,11,1
575,61,27,34,23,15,3,20,12,5,0,7,0,0,0,0,0,0,0,0,0,1,0,1,0.9743589743589743,1.0,1.0,0.0,0.0,0.0,4,0,1
576,67,31,36,29,15,3,20,12,3,0,9,0,0,0,0,0,0,0,0,2,1,0,1,0.9736842105263158,1.0,1.0,0.11475409836065574,0.11475409836065574,0.0,4,7,1
577,67,31,36,29,15,3,20,12,3,0,9,0,0,0,0,0,0,0,0,0,0,0,0,1.0,1.0,1.0,0.0,0.0,0.0,4,0,0
578,64,30,34,26,15,3,20,12,3,0,9,0,0,0,0,0,0,0,0,0,3,0,3,0.9318181818181819,1.0,1.0,0.0,0.0,0.0,4,0,3
579,64,30,34,26,15,3,20,12,3,0,9,0,0,0,0,0,0,0,0,0,0,0,0,1.0,1.0,1.0,0.0,0.0,0.0,4,0,0
580,62,29,33,26,14,3,19,12,3,0,9,0,0,0,0,0,0,0,0,0,1,0,1,0.975609756097561,0.875,1.0,0.0,0.0,0.0,4,0,2
581,61,29,32,25,14,3,19,12,3,0,9,0,0,0,0,0,0,0,0,0,1,0,1,0.975,1.0,1.0,0.0,0.0,0.0,4,0,1
582,60,29,31,25,13,3,19,12,3,0,9,0,0,0,0,0,0,0,0,0,1,0,1,0.9743589743589743,1.0,1.0,0.0,0.0,0.0,4,0,1
583,60,29,31,25,13,3,19,12,3,0,9,0,0,0,0,0,0,0,0,0,0,0,0,1.0,1.0,1.0,0.0,0.0,0.0,4,0,0
584,64,32,32,29,13,3,19,12,2,0,10,0,0,0,0,0,0,0,0,1,0,0,0,1.0,1.0,1.0,0.06666666666666667,0.06666666666666667,0.0,4,4,0
585,61,32,29,28,11,3,19,12,2,0,10,0,0,0,0,0,0,0,0,0,3,0,3,0.9285714285714286,1.0,1.0,0.0,0.0,0.0,4,0,3
586,58,29,29,26,10,3,19,12,2,0,10,0,0,0,0,0,0,0,0,0,3,0,3,0.9230769230769231,1.0,1.0,0.0,0.0,0.0,4,0,3
587,58,29,29,26,10,3,19,12,2,0,10,0,0,0,0,0,0,0,0,0,0,0,0,1.0,1.0,1.0,0.0,0.0,0.0,4,0,0
588,58,29,29,26,10,3,19,12,2,0,10,0,0,0,0,0,0,0,0,0,0,0,0,1.0,1.0,1.0,0.0,0.0,0.0,4,0,0
589,56,28,28,24,10,3,19,12,2,0,10,0,0,0,0,0,0,0,0,0,2,0,2,0.9444444444444444,1.0,1.0,0.0,0.0,0.0,4,0,2
590,55,28,27,23,10,3,19,12,2,0,10,0,0,0,0,0,0,0,0,0,1,0,1,0.9705882352941176,1.0,1.0,0.0,0.0,0.0,4,0,1
591,55,28,27,23,10,3,19,12,2,0,10,0,0,0,0,0,0,0,0,0,0,0,0,1.0,1.0,1.0,0.0,0.0,0.0,4,0,0
592,55,28,27,23,10,3,19,12,2,0,10,0,0,0,0,0,0,0,0,0,0,0,0,1.0,1.0,1.0,0.0,0.0,0.0,4,0,0
593,53,27,26,22,9,3,19,12,2,0,10,0,0,0,0,0,0,0,0,0,2,0,2,0.9393939393939394,1.0,1.0,0.0,0.0,0.0,4,0,2
594,52,26,26,22,9,3,18,12,2,0,10,0,0,0,0,0,0,0,0,0,0,0,0,1.0,0.8571428571428572,1.0,0.0,0.0,0.0,4,0,1
595,52,26,26,22,9,3,18,12,2,0,10,0,0,0,0,0,0,0,0,0,0,0,0,1.0,1.0,1.0,0.0,0.0,0.0,4,0,0
596,52,26,26,22,9,3,18,12,2,0,10,0,0,0,0,0,0,0,0,0,0,0,0,1.0,1.0,1.0,0.0,0.0,0.0,4,0,0
597,52,26,26,22,9,3,18,12,2,0,10,0,0,0,0,0,0,0,0,0,0,0,0,1.0,1.0,1.0,0.0,0.0,0.0,4,0,0
598,52,26,26,22,9,2,19,12,2,0,10,0,0,0,0,0,0,0,0,0,0,0,0,1.0,1.0,1.0,0.0,0.0,0.0,4,0,0
599,51,25,26,22,8,2,19,12,2,0,10,0,0,0,0,0,0,0,0,0,1,0,1,0.967741935483871,1.0,1.0,0.0,0.0,0.0,4,0,1
600,48,24,24,21,8,2,17,11,1,0,10,0,0,0,0,0,0,0,0,0,1,0,1,0.9666666666666667,0.8571428571428572,0.9166666666666666,0.0,0.0,0.0,4,0,3
601,48,24,24,21,8,2,17,11,1,0,10,0,0,0,0,0,0,0,0,0,0,0,0,1.0,1.0,1.0,0.0,0.0,0.0,4,0,0
602,48,24,24,21,8,2,17,11,1,0,10,0,0,0,0,0,0,0,0,0,0,0,0,1.0,1.0,1.0,0.0,0.0,0.0,4,0,0
603,48,24,24,21,8,2,17,11,1,0,10,0,0,0,0,0,0,0,0,0,0,0,0,1.0,1.0,1.0,0.0,0.0,0.0,4,0,0
604,48,24,24,21,8,2,17,11,1,0,10,0,0,0,0,0,0,0,0,0,0,0,0,1.0,1.0,1.0,0.0,0.0,0.0,4,0,0
605,48,24,24,21,8,2,17,11,1,0,10,0,0,0,0,0,0,0,0,0,0,0,0,1.0,1.0,1.0,0.0,0.0,0.0,4,0,0
606,47,23,24,21,7,2,17,11,1,0,10,0,0,0,0,0,0,0,0,0,1,0,1,0.9655172413793104,1.0,1.0,0.0,0.0,0.0,4,0,1
607,47,23,24,21,7,2,17,11,1,0,10,0,0,0,0,0,0,0,0,0,0,0,0,1.0,1.0,1.0,0.0,0.0,0.0,4,0,0
608,47,23,24,19,9,2,17,11,1,0,10,0,0,0,0,0,0,0,0,0,0,0,0,1.0,1.0,1.0,0.0,0.0,0.0,4,0,0
609,47,23,24,19,9,2,17,11,1,0,10,0,0,0,0,0,0,0,0,0,0,0,0,1.0,1.0,1.0,0.0,0.0,0.0,4,0,0
610,47,23,24,19,9,2,17,11,1,0,9,0,0,0,0,0,0,0,0,0,0,0,0,1.0,1.0,1.0,0.0,0.0,0.0,4,0,0
611,47,23,24,19,9,2,17,11,1,0,9,0,0,0,0,0,5,0,0,0,0,0,0,1.0,1.0,1.0,0.0,0.0,0.0,4,0,0
612,47,23,24,19,9,2,17,11,1,0,9,0,0,0,0,0,7,0,0,0,0,0,0,1.0,1.0,1.0,0.0,0.0,0.0,4,0,0
613,47,23,24,19,9,2,17,11,2,0,9,0,0,0,0,0,5,1,0,0,0,0,0,1.0,1.0,1.0,0.0,0.0,0.2,4,0,0
614,47,23,24,14,14,2,17,11,2,0,9,0,0,0,0,0,0,0,0,0,0,0,0,1.0,1.0,1.0,0.0,0.0,0.0,4,0,0
615,47,23,24,14,14,2,17,11,2,0,9,0,0,0,0,0,0,0,0,0,0,0,0,1.0,1.0,1.0,0.0,0.0,0.0,4,0,0
616,47,23,24,14,14,2,17,11,2,0,6,0,0,0,0,0,0,0,0,0,0,0,0,1.0,1.0,1.0,0.0,0.0,0.0,4,0,0
617,47,23,24,8,20,2,17,11,5,0,6,0,0,0,0,0,18,3,0,0,0,0,0,1.0,1.0,1.0,0.0,0.0,0.16666666666666666,4,0,0
618,47,23,24,8,20,2,17,11,5,0,6,0,0,0,0,0,0,0,0,0,0,0,0,1.0,1.0,1.0,0.0,0.0,0.0,4,0,0
619,47,23,24,2,26,2,17,11,5,0,3,0,0,0,0,0,0,0,0,0,0,0,0,1.0,1.0,1.0,0.0,0.0,0.0,4,0,0
620,47,23,24,2,26,2,17,11,6,1,3,0,0,0,0,0,14,1,1,0,0,0,0,1.0,1.0,1.0,0.0,0.0,0.07142857142857142,4,0,0
621,50,25,25,5,26,2,17,11,5,1,2,0,0,0,0,0,5,0,0,1,0,0,0,1.0,1.0,1.0,0.06382978723404255,0.06382978723404255,0.0,4,3,0
622,50,25,25,5,26,2,17,11,7,1,2,0,0,0,0,0,8,2,0,0,0,0,0,1.0,1.0,1.0,0.0,0.0,0.25,4,0,0
623,50,25,25,5,26,2,17,11,8,1,2,0,0,0,0,0,7,1,0,0,0,0,0,1.0,1.0,1.0,0.0,0.0,0.14285714285714285,4,0,0
624,50,25,25,5,26,2,17,11,8,1,2,0,0,0,0,0,0,0,0,0,0,0,0,1.0,1.0,1.0,0.0,0.0,0.0,4,0,0
625,50,25,25,5,26,2,17,11,8,1,2,0,0,0,0,0,0,0,0,0,0,0,0,1.0,1.0,1.0,0.0,0.0,0.0,4,0,0
626,50,25,25,5,26,2,17,11,8,1,2,0,0,0,0,0,0,0,0,0,0,0,0,1.0,1.0,1.0,0.0,0.0,0.0,4,0,0
627,50,25,25,3,28,2,17,11,8,1,2,0,0,0,0,0,0,0,0,0,0,0,0,1.0,1.0,1.0,0.0,0.0,0.0,4,0,0
628,49,25,24,2,28,2,17,11,8,1,2,0,0,0,0,0,0,0,0,0,1,0,1,0.967741935483871,1.0,1.0,0.0,0.0,0.0,4,0,1
629,49,25,24,2,28,2,17,11,8,1,1,0,0,0,0,0,0,0,0,0,0,0,0,1.0,1.0,1.0,0.0,0.0,0.0,4,0,0
630,48,24,24,1,28,2,17,11,8,1,1,0,0,0,0,0,7,0,0,0,1,0,1,0.9666666666666667,1.0,1.0,0.0,0.0,0.0,4,0,1
631,48,24,24,1,28,2,17,11,8,1,1,0,0,0,0,0,6,0,0,0,0,0,0,1.0,1.0,1.0,0.0,0.0,0.0,4,0,0
632,48,24,24,1,28,2,17,11,8,1,1,0,0,0,0,0,6,0,0,0,0,0,0,1.0,1.0,1.0,0.0,0.0,0.0,4,0,0
633,48,24,24,1,28,2,17,11,8,1,1,0,0,0,0,0,8,0,0,0,0,0,0,1.0,1.0,1.0,0.0,0.0,0.0,4,0,0
634,48,24,24,1,28,2,17,11,9,1,1,0,0,0,0,0,5,1,0,0,0,0,0,1.0,1.0,1.0,0.0,0.0,0.2,4,0,0
635,48,24,24,1,28,2,17,11,9,1,1,0,0,0,0,0,0,0,0,0,0,0,0,1.0,1.0,1.0,0.0,0.0,0.0,4,0,0
636,48,24,24,1,28,2,17,11,9,1,1,0,0,0,0,0,0,0,0,0,0,0,0,1.0,1.0,1.0,0.0,0.0,0.0,4,0,0
637,47,23,24,1,27,2,17,11,9,1,1,0,0,0,0,0,0,0,0,0,1,0,1,0.9655172413793104,1.0,1.0,0.0,0.0,0.0,4,0,1
638,47,23,24,1,27,1,18,11,9,1,1,0,0,0,0,0,0,0,0,0,0,0,0,1.0,1.0,1.0,0.0,0.0,0.0,4,0,0
639,47,23,24,1,27,1,18,11,9,1,1,0,0,0,0,0,0,0,0,0,0,0,0,1.0,1.0,1.0,0.0,0.0,0.0,4,0,0
640,46,22,24,1,26,1,18,11,9,1,1,0,0,0,0,0,0,0,0,0,1,2,1,0.9642857142857143,1.0,1.0,0.0,0.0,0.0,4,0,1
641,46,22,24,1,26,1,18,11,9,1,1,0,0,0,0,0,0,0,0,0,0,2,0,1.0,1.0,1.0,0.0,0.0,0.0,4,0,0
642,46,22,24,1,26,1,18,11,9,1,1,0,0,0,0,0,0,0,0,0,0,0,0,1.0,1.0,1.0,0.0,0.0,0.0,4,0,0
643,45,22,23,1,26,1,17,10,8,1,1,0,0,0,0,0,0,0,0,0,0,1,0,1.0,1.0,0.9090909090909091,0.0,0.0,0.0,4,0,1
644,45,22,23,1,24,3,17,10,8,1,1,0,0,0,0,0,0,0,0,0,0,0,0,1.0,1.0,1.0,0.0,0.0,0.0,4,0,0
645,45,22,23,1,22,5,17,10,8,1,1,0,0,0,0,0,0,0,0,0,0,0,0,1.0,1.0,1.0,0.0,0.0,0.0,4,0,0
646,44,22,22,1,21,5,17,10,8,1,1,0,0,0,0,0,0,0,0,0,1,0,1,0.9565217391304348,1.0,1.0,0.0,0.0,0.0,4,0,1
647,44,22,22,1,20,6,17,10,8,1,1,0,0,0,0,0,0,0,0,0,0,0,0,1.0,1.0,1.0,0.0,0.0,0.0,4,0,0
648,44,22,22,1,20,6,17,10,8,1,1,0,0,0,0,0,0,0,0,0,0,0,0,1.0,1.0,1.0,0.0,0.0,0.0,4,0,0
649,43,22,21,1,20,6,16,9,7,1,1,0,0,0,0,0,0,0,0,0,0,0,0,1.0,1.0,0.9,0.0,0.0,0.0,4,0,1
650,43,22,21,1,20,6,16,9,7,1,1,0,0,0,0,0,0,0,0,0,0,0,0,1.0,1.0,1.0,0.0,0.0,0.0,4,0,0
651,43,22,21,1,20,6,16,9,7,1,1,0,0,0,0,0,0,0,0,0,0,0,0,1.0,1.0,1.0,0.0,0.0,0.0,4,0,0
652,43,22,21,1,20,6,16,9,7,1,1,0,0,0,0,0,0,0,0,0,0,0,0,1.0,1.0,1.0,0.0,0.0,0.0,4,0,0
653,43,22,21,1,20,6,16,9,7,1,1,0,0,0,0,0,0,0,0,0,0,0,0,1.0,1.0,1.0,0.0,0.0,0.0,4,0,0
654,43,22,21,1,20,6,16,9,7,1,1,0,0,0,0,0,0,0,0,0,0,0,0,1.0,1.0,1.0,0.0,0.0,0.0,4,0,0
655,43,22,21,1,20,6,16,9,7,1,1,0,0,0,0,0,0,0,0,0,0,0,0,1.0,1.0,1.0,0.0,0.0,0.0,4,0,0
656,43,22,21,1,20,6,16,9,7,1,1,0,0,0,0,0,0,0,0,0,0,0,0,1.0,1.0,1.0,0.0,0.0,0.0,4,0,0
657,43,22,21,1,20,6,16,9,7,1,1,0,0,0,0,0,0,0,0,0,0,0,0,1.0,1.0,1.0,0.0,0.0,0.0,4,0,0
658,43,22,21,1,20,6,16,9,7,1,1,0,0,0,0,0,0,0,0,0,0,0,0,1.0,1.0,1.0,0.0,0.0,0.0,4,0,0
659,43,22,21,1,20,6,16,9,7,1,1,0,0,0,0,0,0,0,0,0,0,0,0,1.0,1.0,1.0,0.0,0.0,0.0,4,0,0
660,43,22,21,1,20,6,16,9,7,1,1,0,0,0,0,0,0,0,0,0,0,0,0,1.0,1.0,1.0,0.0,0.0,0.0,4,0,0
661,43,22,21,1,20,6,16,9,7,1,1,0,0,0,0,0,0,0,0,0,0,0,0,1.0,1.0,1.0,0.0,0.0,0.0,4,0,0
662,43,22,21,1,20,6,16,9,7,1,1,0,0,0,0,0,0,0,0,0,0,0,0,1.0,1.0,1.0,0.0,0.0,0.0,4,0,0
663,43,22,21,1,20,6,16,9,7,1,1,0,0,0,0,0,0,0,0,0,0,0,0,1.0,1.0,1.0,0.0,0.0,0.0,4,0,0
664,43,22,21,0,21,6,16,9,7,1,1,0,0,0,0,0,0,0,0,0,0,0,0,1.0,1.0,1.0,0.0,0.0,0.0,4,0,0
665,43,22,21,0,21,6,16,9,7,0,1,0,0,0,0,0,0,0,0,0,0,0,0,1.0,1.0,1.0,0.0,0.0,0.0,4,0,0
666,43,22,21,0,21,6,16,9,7,0,0,0,0,0,0,0,0,0,0,0,0,0,0,1.0,1.0,1.0,0.0,0.0,0.0,4,0,0
667,43,22,21,0,21,6,16,9,7,0,0,0,0,0,0,0,0,0,0,0,0,0,0,1.0,1.0,1.0,0.0,0.0,0.0,4,0,0
668,42,22,20,0,20,6,16,9,7,0,0,0,0,0,0,0,0,0,0,0,1,0,1,0.9523809523809523,1.0,1.0,0.0,0.0,0.0,4,0,1
669,42,22,20,0,20,6,16,9,7,0,0,0,0,0,0,0,0,0,0,0,0,0,0,1.0,1.0,1.0,0.0,0.0,0.0,4,0,0
670,42,22,20,0,20,6,16,9,7,0,0,0,0,0,0,0,0,0,0,0,0,0,0,1.0,1.0,1.0,0.0,0.0,0.0,4,0,0
671,42,22,20,0,20,6,16,9,7,0,0,0,0,0,0,0,0,0,0,0,0,0,0,1.0,1.0,1.0,0.0,0.0,0.0,4,0,0
672,42,22,20,0,20,6,16,9,7,0,0,0,0,0,0,0,0,0,0,0,0,0,0,1.0,1.0,1.0,0.0,0.0,0.0,4,0,0
673,41,22,19,0,19,6,16,9,7,0,0,0,0,0,0,0,0,0,0,0,1,0,1,0.95,1.0,1.0,0.0,0.0,0.0,4,0,1
674,41,22,19,0,19,6,16,9,7,0,0,0,0,0,0,0,0,0,0,0,0,0,0,1.0,1.0,1.0,0.0,0.0,0.0,4,0,0
675,41,22,19,0,19,6,16,9,7,0,0,0,0,0,0,0,0,0,0,0,0,0,0,1.0,1.0,1.0,0.0,0.0,0.0,4,0,0
676,41,22,19,0,19,6,16,9,7,0,0,0,0,0,0,0,0,0,0,0,0,0,0,1.0,1.0,1.0,0.0,0.0,0.0,4,0,0
677,41,22,19,0,19,6,16,9,7,0,0,0,0,0,0,0,0,0,0,0,0,0,0,1.0,1.0,1.0,0.0,0.0,0.0,4,0,0
678,45,23,22,4,19,6,16,9,6,0,1,0,0,0,0,0,0,0,0,1,0,0,0,1.0,1.0,1.0,0.0975609756097561,0.0975609756097561,0.0,4,4,0
679,45,23,22,4,19,6,16,9,6,0,1,0,0,0,0,0,0,0,0,0,0,0,0,1.0,1.0,1.0,0.0,0.0,0.0,4,0,0
680,44,22,22,4,18,6,16,9,6,0,1,0,0,0,0,0,0,0,0,0,1,0,1,0.9565217391304348,1.0,1.0,0.0,0.0,0.0,4,0,1
681,44,22,22,4,18,6,16,9,6,0,1,0,0,0,0,0,0,0,0,0,0,0,0,1.0,1.0,1.0,0.0,0.0,0.0,4,0,0
682,52,25,27,12,18,6,16,9,4,0,3,0,0,0,0,0,0,0,0,2,0,0,0,1.0,1.0,1.0,0.18181818181818182,0.18181818181818182,0.0,4,8,0
683,52,25,27,12,18,6,16,9,4,0,3,0,0,0,0,0,0,0,0,0,0,0,0,1.0,1.0,1.0,0.0,0.0,0.0,4,0,0
684,50,24,26,12,17,6,15,9,4,0,3,0,0,0,0,0,0,0,0,0,1,0,1,0.9666666666666667,0.8571428571428572,1.0,0.0,0.0,0.0,4,0,2
685,52,25,27,14,17,6,15,9,3,0,4,0,0,0,0,0,0,0,0,1,1,0,1,0.9655172413793104,1.0,1.0,0.06,0.06,0.0,4,3,1
686,52,25,27,14,17,6,15,9,3,0,4,0,0,0,0,0,0,0,0,0,0,0,0,1.0,1.0,1.0,0.0,0.0,0.0,4,0,0
687,58,30,28,20,17,6,15,9,1,0,6,0,0,0,0,0,0,0,0,2,0,0,0,1.0,1.0,1.0,0.11538461538461539,0.11538461538461539,0.0,4,6,0
688,56,29,27,19,16,6,15,9,1,0,6,0,0,0,0,0,0,0,0,0,2,1,2,0.9459459459459459,1.0,1.0,0.0,0.0,0.0,4,0,2
689,55,28,27,19,15,6,15,9,1,0,6,0,0,0,0,0,0,0,0,0,1,0,1,0.9714285714285714,1.0,1.0,0.0,0.0,0.0,4,0,1
690,55,28,27,19,15,6,15,9,1,0,6,0,0,0,0,0,0,0,0,0,0,0,0,1.0,1.0,1.0,0.0,0.0,0.0,4,0,0
691,55,28,27,19,15,6,15,9,1,0,6,0,0,0,0,0,0,0,0,0,0,0,0,1.0,1.0,1.0,0.0,0.0,0.0,4,0,0
692,55,28,27,19,14,7,15,9,1,0,6,0,0,0,0,0,0,0,0,0,0,0,0,1.0,1.0,1.0,0.0,0.0,0.0,4,0,0
693,55,28,27,19,14,7,15,9,1,0,6,0,0,0,0,0,0,0,0,0,0,0,0,1.0,1.0,1.0,0.0,0.0,0.0,4,0,0
694,55,28,27,19,14,7,15,9,1,0,6,0,0,0,0,0,0,0,0,0,0,0,0,1.0,1.0,1.0,0.0,0.0,0.0,4,0,0
695,54,27,27,19,13,7,15,9,1,0,6,0,0,0,0,0,0,0,0,0,1,0,1,0.9696969696969697,1.0,1.0,0.0,0.0,0.0,4,0,1
696,52,26,26,17,13,7,15,9,1,0,6,0,0,0,0,0,0,0,0,0,2,0,2,0.9375,1.0,1.0,0.0,0.0,0.0,4,0,2
697,51,26,25,16,13,7,15,9,1,0,6,0,0,0,0,0,0,0,0,0,1,0,1,0.9666666666666667,1.0,1.0,0.0,0.0,0.0,4,0,1
698,51,26,25,16,13,7,15,9,1,0,6,0,0,0,0,0,0,0,0,0,0,0,0,1.0,1.0,1.0,0.0,0.0,0.0,4,0,0
699,53,27,26,18,13,7,15,9,0,0,7,0,0,0,0,0,0,0,0,1,1,0,1,0.9655172413793104,1.0,1.0,0.058823529411764705,0.058823529411764705,0.0,4,3,1
700,53,27,26,18,13,7,15,9,0,0,7,0,0,0,0,0,0,0,0,0,0,0,0,1.0,1.0,1.0,0.0,0.0,0.0,4,0,0
701,52,26,26,18,12,7,15,9,0,0,7,0,0,0,0,0,0,0,0,0,1,0,1,0.967741935483871,1.0,1.0,0.0,0.0,0.0,4,0,1
702,52,26,26,18,12,7,15,9,0,0,7,0,0,0,0,0,0,0,0,0,0,0,0,1.0,1.0,1.0,0.0,0.0,0.0,4,0,0
703,52,26,26,18,12,7,15,9,0,0,7,0,0,0,0,0,0,0,0,0,0,0,0,1.0,1.0,1.0,0.0,0.0,0.0,4,0,0
704,52,26,26,18,12,7,15,9,0,0,7,0,0,0,0,0,0,0,0,0,0,0,0,1.0,1.0,1.0,0.0,0.0,0.0,4,0,0
705,52,26,26,18,12,7,15,9,0,0,7,0,0,0,0,0,0,0,0,0,0,0,0,1.0,1.0,1.0,0.0,0.0,0.0,4,0,0
706,51,25,26,18,12,6,15,9,0,0,7,0,0,0,0,0,0,0,0,0,0,0,0,1.0,1.0,1.0,0.0,0.0,0.0,4,0,1
707,50,25,25,17,12,6,15,9,0,0,7,0,0,0,0,0,0,0,0,0,1,0,1,0.9666666666666667,1.0,1.0,0.0,0.0,0.0,4,0,1
708,50,25,25,17,12,6,15,9,0,0,7,0,0,0,0,0,0,0,0,0,0,0,0,1.0,1.0,1.0,0.0,0.0,0.0,4,0,0
709,50,25,25,17,12,6,15,9,0,0,7,0,0,0,0,0,0,0,0,0,0,0,0,1.0,1.0,1.0,0.0,0.0,0.0,4,0,0
710,49,24,25,16,12,6,15,9,0,0,7,0,0,0,0,0,0,0,0,0,1,0,1,0.9655172413793104,1.0,1.0,0.0,0.0,0.0,4,0,1
711,49,24,25,16,12,6,15,9,0,0,7,0,0,0,0,0,0,0,0,0,0,0,0,1.0,1.0,1.0,0.0,0.0,0.0,4,0,0
712,49,24,25,16,12,6,15,9,0,0,7,0,0,0,0,0,0,0,0,0,0,0,0,1.0,1.0,1.0,0.0,0.0,0.0,4,0,0
713,49,24,25,16,12,6,15,9,0,0,7,0,0,0,0,0,0,0,0,0,0,0,0,1.0,1.0,1.0,0.0,0.0,0.0,4,0,0
714,48,23,25,15,12,6,15,9,0,0,7,0,0,0,0,0,0,0,0,0,1,0,1,0.9642857142857143,1.0,1.0,0.0,0.0,0.0,4,0,1
715,48,23,25,15,12,6,15,9,0,0,7,0,0,0,0,0,0,0,0,0,0,0,0,1.0,1.0,1.0,0.0,0.0,0.0,4,0,0
716,48,23,25,15,12,6,15,9,0,0,7,0,0,0,0,0,0,0,0,0,0,0,0,1.0,1.0,1.0,0.0,0.0,0.0,4,0,0
717,47,23,24,14,12,6,15,9,0,0,7,0,0,0,0,0,0,0,0,0,1,0,1,0.962962962962963,1.0,1.0,0.0,0.0,0.0,4,0,1
718,47,23,24,14,12,6,15,9,0,0,7,0,0,0,0,0,0,0,0,0,0,0,0,1.0,1.0,1.0,0.0,0.0,0.0,4,0,0
719,46,22,24,14,12,5,15,9,0,0,7,0,0,0,0,0,0,0,0,0,0,0,0,1.0,1.0,1.0,0.0,0.0,0.0,4,0,1
720,46,22,24,14,12,5,15,9,0,0,7,0,0,0,0,0,0,0,0,0,0,0,0,1.0,1.0,1.0,0.0,0.0,0.0,4,0,0
721,45,22,23,13,12,5,15,9,0,0,7,0,0,0,0,0,0,0,0,0,1,0,1,0.9615384615384616,1.0,1.0,0.0,0.0,0.0,4,0,1
722,45,22,23,13,12,5,15,9,0,0,7,0,0,0,0,0,0,0,0,0,0,0,0,1.0,1.0,1.0,0.0,0.0,0.0,4,0,0
723,45,22,23,13,12,5,15,9,0,0,6,0,0,0,0,0,0,0,0,0,0,0,0,1.0,1.0,1.0,0.0,0.0,0.0,4,0,0
724,45,22,23,13,12,5,15,9,0,0,6,0,0,0,0,0,0,0,0,0,0,0,0,1.0,1.0,1.0,0.0,0.0,0.0,4,0,0
725,45,22,23,7,18,5,15,9,0,0,6,0,0,0,0,0,0,0,0,0,0,0,0,1.0,1.0,1.0,0.0,0.0,0.0,4,0,0
726,45,22,23,7,18,5,15,9,0,0,6,0,0,0,0,0,0,0,0,0,0,0,0,1.0,1.0,1.0,0.0,0.0,0.0,4,0,0
727,44,21,23,7,17,5,15,9,0,0,4,0,0,0,0,0,0,0,0,0,1,0,1,0.96,1.0,1.0,0.0,0.0,0.0,4,0,1
728,44,21,23,6,18,5,15,9,0,0,4,0,0,0,0,0,0,0,0,0,0,0,0,1.0,1.0,1.0,0.0,0.0,0.0,4,0,0
729,44,21,23,6,18,5,15,9,0,0,4,0,0,0,0,0,0,0,0,0,0,0,0,1.0,1.0,1.0,0.0,0.0,0.0,4,0,0
730,44,21,23,1,23,5,15,9,0,0,3,0,0,0,0,0,0,0,0,0,0,0,0,1.0,1.0,1.0,0.0,0.0,0.0,4,0,0
731,44,21,23,1,23,5,15,9,0,0,3,0,0,0,0,0,0,0,0,0,0,0,0,1.0,1.0,1.0,0.0,0.0,0.0,4,0,0
732,44,21,23,1,23,5,15,9,0,0,1,0,0,0,0,0,0,0,0,0,0,0,0,1.0,1.0,1.0,0.0,0.0,0.0,4,0,0
733,44,21,23,1,23,5,15,9,0,0,1,0,0,0,0,0,0,0,0,0,0,0,0,1.0,1.0,1.0,0.0,0.0,0.0,4,0,0
734,44,21,23,1,23,4,16,10,0,0,1,0,0,0,0,0,0,0,0,0,0,0,0,1.0,1.0,1.0,0.0,0.0,0.0,4,0,0
735,44,21,23,1,23,4,16,10,0,0,1,0,0,0,0,0,0,0,0,0,0,0,0,1.0,1.0,1.0,0.0,0.0,0.0,4,0,0
736,44,21,23,1,23,4,16,10,0,0,1,0,0,0,0,0,0,0,0,0,0,0,0,1.0,1.0,1.0,0.0,0.0,0.0,4,0,0
737,44,21,23,1,23,4,16,10,0,0,1,0,0,0,0,0,0,0,0,0,0,0,0,1.0,1.0,1.0,0.0,0.0,0.0,4,0,0
738,44,21,23,1,23,4,16,10,0,0,1,0,0,0,0,0,0,0,0,0,0,0,0,1.0,1.0,1.0,0.0,0.0,0.0,4,0,0
739,43,21,22,1,22,4,16,10,0,0,1,0,0,0,0,0,0,0,0,0,1,0,1,0.9583333333333334,1.0,1.0,0.0,0.0,0.0,4,0,1
740,43,21,22,1,22,4,16,10,0,0,1,0,0,0,0,0,0,0,0,0,0,0,0,1.0,1.0,1.0,0.0,0.0,0.0,4,0,0
741,43,21,22,1,22,4,16,10,0,0,1,0,0,0,0,0,0,0,0,0,0,0,0,1.0,1.0,1.0,0.0,0.0,0.0,4,0,0
742,43,21,22,0,23,4,16,10,0,0,1,0,0,0,0,0,0,0,0,0,0,0,0,1.0,1.0,1.0,0.0,0.0,0.0,4,0,0
743,43,21,22,0,23,4,16,10,0,0,1,0,0,0,0,0,0,0,0,0,0,0,0,1.0,1.0,1.0,0.0,0.0,0.0,4,0,0
744,43,21,22,0,23,4,16,10,0,0,0,0,0,0,0,0,0,0,0,0,0,0,0,1.0,1.0,1.0,0.0,0.0,0.0,4,0,0
745,43,21,22,0,23,4,16,10,0,0,0,0,0,0,0,0,0,0,0,0,0,0,0,1.0,1.0,1.0,0.0,0.0,0.0,4,0,0
746,43,21,22,0,23,4,16,10,0,0,0,0,0,0,0,0,0,0,0,0,0,0,0,1.0,1.0,1.0,0.0,0.0,0.0,4,0,0
747,43,21,22,0,23,4,16,10,0,0,0,0,0,0,0,0,0,0,0,0,0,0,0,1.0,1.0,1.0,0.0,0.0,0.0,4,0,0
748,43,21,22,0,23,4,16,10,0,0,0,0,0,0,0,0,0,0,0,0,0,0,0,1.0,1.0,1.0,0.0,0.0,0.0,4,0,0
749,43,21,22,0,23,4,16,10,0,0,0,0,0,0,0,0,0,0,0,0,0,0,0,1.0,1.0,1.0,0.0,0.0,0.0,4,0,0
750,43,21,22,0,23,4,16,10,0,0,0,0,0,0,0,0,0,0,0,0,0,0,0,1.0,1.0,1.0,0.0,0.0,0.0,4,0,0
751,42,21,21,0,23,3,16,10,0,0,0,0,0,0,0,0,0,0,0,0,0,3,0,1.0,1.0,1.0,0.0,0.0,0.0,4,0,1
752,42,21,21,0,23,3,16,10,0,0,0,0,0,0,0,0,0,0,0,0,0,0,0,1.0,1.0,1.0,0.0,0.0,0.0,4,0,0
753,42,21,21,0,23,3,16,10,0,0,0,0,0,0,0,0,0,0,0,0,0,0,0,1.0,1.0,1.0,0.0,0.0,0.0,4,0,0
754,42,21,21,0,23,3,16,10,0,0,0,0,0,0,0,0,0,0,0,0,0,2,0,1.0,1.0,1.0,0.0,0.0,0.0,4,0,0
755,42,21,21,0,20,6,16,10,0,0,0,0,0,0,0,0,0,0,0,0,0,0,0,1.0,1.0,1.0,0.0,0.0,0.0,4,0,0
756,42,21,21,0,20,6,16,10,0,0,0,0,0,0,0,0,0,0,0,0,0,2,0,1.0,1.0,1.0,0.0,0.0,0.0,4,0,0
757,42,21,21,0,20,6,16,10,0,0,0,0,0,0,0,0,0,0,0,0,0,0,0,1.0,1.0,1.0,0.0,0.0,0.0,4,0,0
758,42,21,21,0,18,8,16,10,0,0,0,0,0,0,0,0,0,0,0,0,0,0,0,1.0,1.0,1.0,0.0,0.0,0.0,4,0,0
759,42,21,21,0,18,8,16,10,0,0,0,0,0,0,0,0,0,0,0,0,0,0,0,1.0,1.0,1.0,0.0,0.0,0.0,4,0,0
760,42,21,21,0,16,10,16,10,3,1,0,0,0,0,0,0,16,3,1,0,0,0,0,1.0,1.0,1.0,0.0,0.0,0.1875,4,0,0
761,42,21,21,0,16,10,16,10,6,2,0,0,0,0,0,0,26,3,1,0,0,0,0,1.0,1.0,1.0,0.0,0.0,0.11538461538461539,4,0,0
762,42,21,21,0,16,10,16,10,7,2,0,0,0,0,0,0,1,1,0,0,0,0,0,1.0,1.0,1.0,0.0,0.0,1.0,4,0,0
763,42,21,21,0,16,10,16,10,7,2,0,0,0,0,0,0,5,0,0,0,0,0,0,1.0,1.0,1.0,0.0,0.0,0.0,4,0,0
764,42,21,21,0,16,10,16,10,8,2,0,0,0,0,0,0,6,1,0,0,0,2,0,1.0,1.0,1.0,0.0,0.0,0.16666666666666666,4,0,0
765,42,21,21,0,16,10,16,10,8,2,0,0,0,0,0,0,0,0,0,0,0,0,0,1.0,1.0,1.0,0.0,0.0,0.0,4,0,0
766,42,21,21,0,16,10,16,10,8,2,0,0,0,0,0,0,0,0,0,0,0,0,0,1.0,1.0,1.0,0.0,0.0,0.0,4,0,0
767,42,21,21,0,16,10,16,10,8,2,0,0,0,0,0,0,0,0,0,0,0,0,0,1.0,1.0,1.0,0.0,0.0,0.0,4,0,0
768,42,21,21,0,14,12,16,10,8,2,0,0,0,0,0,0,0,0,0,0,0,0,0,1.0,1.0,1.0,0.0,0.0,0.0,4,0,0
769,42,21,21,0,14,12,16,10,8,2,0,0,0,0,0,0,0,0,0,0,0,0,0,1.0,1.0,1.0,0.0,0.0,0.0,4,0,0
770,42,21,21,0,14,12,16,10,8,2,0,0,0,0,0,0,0,0,0,0,0,0,0,1.0,1.0,1.0,0.0,0.0,0.0,4,0,0
771,42,21,21,0,14,12,16,10,8,2,0,0,0,0,0,0,0,0,0,0,0,0,0,1.0,1.0,1.0,0.0,0.0,0.0,4,0,0
772,42,21,21,0,14,12,16,10,8,2,0,0,0,0,0,0,0,0,0,0,0,0,0,1.0,1.0,1.0,0.0,0.0,0.0,4,0,0
773,42,21,21,0,14,12,16,10,8,2,0,0,0,0,0,0,0,0,0,0,0,0,0,1.0,1.0,1.0,0.0,0.0,0.0,4,0,0
774,42,21,21,0,14,12,16,10,8,2,0,0,0,0,0,0,0,0,0,0,0,0,0,1.0,1.0,1.0,0.0,0.0,0.0,4,0,0
775,42,21,21,0,14,12,16,10,8,2,0,0,0,0,0,0,0,0,0,0,0,0,0,1.0,1.0,1.0,0.0,0.0,0.0,4,0,0
776,42,21,21,0,14,12,16,10,8,2,0,0,0,0,0,0,0,0,0,0,0,0,0,1.0,1.0,1.0,0.0,0.0,0.0,4,0,0
777,42,21,21,0,14,12,16,10,8,2,0,0,0,0,0,0,0,0,0,0,0,0,0,1.0,1.0,1.0,0.0,0.0,0.0,4,0,0
778,41,21,20,0,14,12,15,9,7,2,0,0,0,0,0,0,0,0,0,0,0,0,0,1.0,1.0,0.9,0.0,0.0,0.0,4,0,1
779,41,21,20,0,14,12,15,9,7,2,0,0,0,0,0,0,0,0,0,0,0,0,0,1.0,1.0,1.0,0.0,0.0,0.0,4,0,0
780,41,21,20,0,14,11,16,9,7,2,0,0,0,0,0,0,0,0,0,0,0,0,0,1.0,1.0,1.0,0.0,0.0,0.0,4,0,0
781,41,21,20,0,14,11,16,9,7,2,0,0,0,0,0,0,0,0,0,0,0,0,0,1.0,1.0,1.0,0.0,0.0,0.0,4,0,0
782,41,21,20,0,14,10,17,10,7,2,0,0,0,0,0,0,0,0,0,0,0,0,0,1.0,1.0,1.0,0.0,0.0,0.0,4,0,0
783,41,21,20,0,14,10,17,10,7,2,0,0,0,0,0,0,0,0,0,0,0,0,0,1.0,1.0,1.0,0.0,0.0,0.0,4,0,0
784,41,21,20,0,14,10,17,10,7,2,0,0,0,0,0,0,0,0,0,0,0,0,0,1.0,1.0,1.0,0.0,0.0,0.0,4,0,0
785,41,21,20,0,14,10,17,10,7,2,0,0,0,0,0,0,0,0,0,0,0,0,0,1.0,1.0,1.0,0.0,0.0,0.0,4,0,0
786,41,21,20,0,14,10,17,10,8,2,0,0,0,0,0,0,6,1,0,0,0,0,0,1.0,1.0,1.0,0.0,0.0,0.16666666666666666,4,0,0
787,41,21,20,0,14,10,17,10,8,2,0,0,0,0,0,0,0,0,0,0,0,0,0,1.0,1.0,1.0,0.0,0.0,0.0,4,0,0
788,40,20,20,0,14,10,16,10,8,2,0,0,0,0,0,0,0,0,0,0,0,0,0,1.0,0.8571428571428572,1.0,0.0,0.0,0.0,4,0,1
789,40,20,20,0,14,10,16,10,8,2,0,0,0,0,0,0,0,0,0,0,0,0,0,1.0,1.0,1.0,0.0,0.0,0.0,4,0,0
790,40,20,20,0,14,10,16,10,8,2,0,0,0,0,0,0,0,0,0,0,0,0,0,1.0,1.0,1.0,0.0,0.0,0.0,4,0,0
791,40,20,20,0,14,10,16,10,8,2,0,0,0,0,0,0,0,0,0,0,0,0,0,1.0,1.0,1.0,0.0,0.0,0.0,4,0,0
792,40,20,20,0,14,10,16,10,8,2,0,0,0,0,0,0,0,0,0,0,0,0,0,1.0,1.0,1.0,0.0,0.0,0.0,4,0,0
793,40,20,20,0,14,10,16,10,8,2,0,0,0,0,0,0,0,0,0,0,0,0,0,1.0,1.0,1.0,0.0,0.0,0.0,4,0,0
794,40,20,20,0,14,10,16,10,8,2,0,0,0,0,0,0,0,0,0,0,0,0,0,1.0,1.0,1.0,0.0,0.0,0.0,4,0,0
795,40,20,20,0,14,10,16,10,8,2,0,0,0,0,0,0,0,0,0,0,0,0,0,1.0,1.0,1.0,0.0,0.0,0.0,4,0,0
796,39,20,19,0,13,10,16,10,8,2,0,0,0,0,0,0,0,0,0,0,1,0,1,0.9285714285714286,1.0,1.0,0.0,0.0,0.0,4,0,1
797,39,20,19,0,13,10,16,10,8,2,0,0,0,0,0,0,0,0,0,0,0,0,0,1.0,1.0,1.0,0.0,0.0,0.0,4,0,0
798,39,20,19,0,13,10,16,10,8,2,0,0,0,0,0,0,0,0,0,0,0,0,0,1.0,1.0,1.0,0.0,0.0,0.0,4,0,0
799,39,20,19,0,13,10,16,10,8,2,0,0,0,0,0,0,0,0,0,0,0,0,0,1.0,1.0,1.0,0.0,0.0,0.0,4,0,0
800,39,20,19,0,13,10,16,10,8,2,0,0,0,0,0,0,0,0,0,0,0,0,0,1.0,1.0,1.0,0.0,0.0,0.0,4,0,0
801,39,20,19,0,13,10,16,10,8,2,0,0,0,0,0,0,0,0,0,0,0,1,0,1.0,1.0,1.0,0.0,0.0,0.0,4,0,0
802,39,20,19,0,13,10,16,10,8,2,0,0,0,0,0,0,0,0,0,0,0,0,0,1.0,1.0,1.0,0.0,0.0,0.0,4,0,0
803,39,20,19,0,13,10,16,10,8,2,0,0,0,0,0,0,0,0,0,0,0,0,0,1.0,1.0,1.0,0.0,0.0,0.0,4,0,0
804,39,20,19,0,13,10,16,10,8,2,0,0,0,0,0,0,0,0,0,0,0,0,0,1.0,1.0,1.0,0.0,0.0,0.0,4,0,0
805,39,20,19,0,12,11,16,10,8,1,0,0,0,0,0,0,0,0,0,0,0,0,0,1.0,1.0,1.0,0.0,0.0,0.0,4,0,0
806,39,20,19,0,12,11,16,10,8,0,0,0,0,0,0,0,8,0,0,0,0,0,0,1.0,1.0,1.0,0.0,0.0,0.0,4,0,0
807,39,20,19,0,12,11,16,10,9,0,0,0,0,0,0,0,6,1,0,0,0,0,0,1.0,1.0,1.0,0.0,0.0,0.16666666666666666,4,0,0
808,39,20,19,0,12,11,16,10,10,0,0,0,0,0,0,0,6,1,0,0,0,0,0,1.0,1.0,1.0,0.0,0.0,0.16666666666666666,4,0,0
809,39,20,19,0,12,11,16,10,10,0,0,0,0,0,0,0,0,0,0,0,0,0,0,1.0,1.0,1.0,0.0,0.0,0.0,4,0,0
810,39,20,19,0,12,11,16,10,10,0,0,0,0,0,0,0,0,0,0,0,0,0,0,1.0,1.0,1.0,0.0,0.0,0.0,4,0,0
811,39,20,19,0,12,11,16,10,10,0,0,0,0,0,0,0,0,0,0,0,0,0,0,1.0,1.0,1.0,0.0,0.0,0.0,4,0,0
812,39,20,19,0,12,11,16,10,10,0,0,0,0,0,0,0,0,0,0,0,0,0,0,1.0,1.0,1.0,0.0,0.0,0.0,4,0,0
813,39,20,19,0,12,11,16,10,10,0,0,0,0,0,0,0,0,0,0,0,0,0,0,1.0,1.0,1.0,0.0,0.0,0.0,4,0,0
814,39,20,19,0,12,11,16,10,10,0,0,0,0,0,0,0,0,0,0,0,0,0,0,1.0,1.0,1.0,0.0,0.0,0.0,4,0,0
815,39,20,19,0,12,11,16,10,10,0,0,0,0,0,0,0,0,0,0,0,0,0,0,1.0,1.0,1.0,0.0,0.0,0.0,4,0,0
816,39,20,19,0,12,11,16,10,10,0,0,0,0,0,0,0,0,0,0,0,0,0,0,1.0,1.0,1.0,0.0,0.0,0.0,4,0,0
817,39,20,19,0,12,11,16,10,10,0,0,0,0,0,0,0,0,0,0,0,0,0,0,1.0,1.0,1.0,0.0,0.0,0.0,4,0,0
818,39,20,19,0,12,11,16,10,10,0,0,0,0,0,0,0,0,0,0,0,0,0,0,1.0,1.0,1.0,0.0,0.0,0.0,4,0,0
819,39,20,19,0,12,11,16,10,10,0,0,0,0,0,0,0,0,0,0,0,0,0,0,1.0,1.0,1.0,0.0,0.0,0.0,4,0,0
820,39,20,19,0,12,11,16,10,10,0,0,0,0,0,0,0,0,0,0,0,0,0,0,1.0,1.0,1.0,0.0,0.0,0.0,4,0,0
821,39,20,19,0,12,11,16,10,10,0,0,0,0,0,0,0,0,0,0,0,0,0,0,1.0,1.0,1.0,0.0,0.0,0.0,4,0,0
822,39,20,19,0,12,11,16,10,10,0,0,0,0,0,0,0,0,0,0,0,0,0,0,1.0,1.0,1.0,0.0,0.0,0.0,4,0,0
823,39,20,19,0,12,11,16,10,10,0,0,0,0,0,0,0,0,0,0,0,0,0,0,1.0,1.0,1.0,0.0,0.0,0.0,4,0,0
824,39,20,19,0,12,11,16,10,10,0,0,0,0,0,0,0,0,0,0,0,0,0,0,1.0,1.0,1.0,0.0,0.0,0.0,4,0,0
825,50,24,26,11,12,11,16,10,7,0,3,0,0,0,0,0,0,0,0,3,0,0,0,1.0,1.0,1.0,0.28205128205128205,0.28205128205128205,0.0,4,11,0
826,58,29,29,19,12,11,16,10,5,0,5,0,0,0,0,0,0,0,0,2,0,0,0,1.0,1.0,1.0,0.16,0.16,0.0,4,8,0
827,61,29,32,23,11,11,16,10,4,0,6,0,0,0,0,0,0,0,0,1,1,0,1,0.967741935483871,1.0,1.0,0.06896551724137931,0.06896551724137931,0.0,4,4,1
828,59,27,32,22,10,11,16,10,4,0,6,0,0,0,0,0,0,0,0,0,2,0,2,0.9411764705882353,1.0,1.0,0.0,0.0,0.0,4,0,2
829,63,27,36,26,10,11,16,10,3,0,7,0,0,0,0,0,0,0,0,1,0,0,0,1.0,1.0,1.0,0.06779661016949153,0.06779661016949153,0.0,4,4,0
830,62,27,35,26,9,11,16,10,3,0,7,0,0,0,0,0,0,0,0,0,1,0,1,0.9722222222222222,1.0,1.0,0.0,0.0,0.0,4,0,1
831,62,27,35,26,9,11,16,10,3,0,7,0,0,0,0,0,0,0,0,0,0,0,0,1.0,1.0,1.0,0.0,0.0,0.0,4,0,0
832,61,27,34,25,9,11,16,10,3,0,7,0,0,0,0,0,0,0,0,0,1,0,1,0.9714285714285714,1.0,1.0,0.0,0.0,0.0,4,0,1
833,60,26,34,25,9,11,15,10,3,0,7,0,0,0,0,0,0,0,0,0,0,0,0,1.0,0.8333333333333334,1.0,0.0,0.0,0.0,4,0,1
834,58,25,33,24,9,10,15,10,3,0,7,0,0,0,0,0,0,0,0,0,1,0,1,0.9705882352941176,1.0,1.0,0.0,0.0,0.0,4,0,2
835,57,24,33,23,9,10,15,10,3,0,7,0,0,0,0,0,0,0,0,0,1,0,1,0.9696969696969697,1.0,1.0,0.0,0.0,0.0,4,0,1
836,57,24,33,23,9,10,15,10,3,0,7,0,0,0,0,0,0,0,0,0,0,0,0,1.0,1.0,1.0,0.0,0.0,0.0,4,0,0
837,57,24,33,23,9,10,15,10,3,0,7,0,0,0,0,0,0,0,0,0,0,0,0,1.0,1.0,1.0,0.0,0.0,0.0,4,0,0
838,57,24,33,23,9,10,15,10,3,0,7,0,0,0,0,0,0,0,0,0,0,0,0,1.0,1.0,1.0,0.0,0.0,0.0,4,0,0
839,56,23,33,23,8,10,15,10,3,0,7,0,0,0,0,0,0,0,0,0,1,0,1,0.96875,1.0,1.0,0.0,0.0,0.0,4,0,1
840,55,23,32,22,8,10,15,10,3,0,7,0,0,0,0,0,0,0,0,0,1,0,1,0.967741935483871,1.0,1.0,0.0,0.0,0.0,4,0,1
841,54,23,31,21,8,10,15,10,3,0,7,0,0,0,0,0,0,0,0,0,1,0,1,0.9666666666666667,1.0,1.0,0.0,0.0,0.0,4,0,1
842,54,23,31,21,8,10,15,10,3,0,7,0,0,0,0,0,0,0,0,0,0,0,0,1.0,1.0,1.0,0.0,0.0,0.0,4,0,0
843,54,23,31,21,8,10,15,10,3,0,7,0,0,0,0,0,0,0,0,0,0,0,0,1.0,1.0,1.0,0.0,0.0,0.0,4,0,0
844,54,23,31,21,8,10,15,10,3,0,7,0,0,0,0,0,0,0,0,0,0,0,0,1.0,1.0,1.0,0.0,0.0,0.0,4,0,0
845,54,23,31,21,8,10,15,10,3,0,7,0,0,0,0,0,0,0,0,0,0,0,0,1.0,1.0,1.0,0.0,0.0,0.0,4,0,0
846,53,23,30,20,8,10,15,10,3,0,7,0,0,0,0,0,0,0,0,0,1,0,1,0.9655172413793104,1.0,1.0,0.0,0.0,0.0,4,0,1
847,53,23,30,20,8,10,15,10,3,0,7,0,0,0,0,0,0,0,0,0,0,0,0,1.0,1.0,1.0,0.0,0.0,0.0,4,0,0
848,53,23,30,20,8,10,15,10,3,0,7,0,0,0,0,0,0,0,0,0,0,0,0,1.0,1.0,1.0,0.0,0.0,0.0,4,0,0
849,53,23,30,20,8,10,15,10,3,0,7,0,0,0,0,0,0,0,0,0,0,0,0,1.0,1.0,1.0,0.0,0.0,0.0,4,0,0
850,52,22,30,19,8,10,15,10,3,0,7,0,0,0,0,0,0,0,0,0,1,0,1,0.9642857142857143,1.0,1.0,0.0,0.0,0.0,4,0,1
851,55,24,31,22,8,10,15,10,2,0,8,0,0,0,0,0,0,0,0,1,0,0,0,1.0,1.0,1.0,0.057692307692307696,0.057692307692307696,0.0,4,3,0
852,53,24,29,20,8,10,15,10,2,0,8,0,0,0,0,0,0,0,0,0,2,0,2,0.9333333333333333,1.0,1.0,0.0,0.0,0.0,4,0,2
853,53,24,29,20,8,10,15,10,2,0,8,0,0,0,0,0,0,0,0,0,0,0,0,1.0,1.0,1.0,0.0,0.0,0.0,4,0,0
854,52,23,29,19,8,10,15,10,2,0,8,0,0,0,0,0,0,0,0,0,1,0,1,0.9642857142857143,1.0,1.0,0.0,0.0,0.0,4,0,1
855,52,23,29,19,8,10,15,10,2,0,8,0,0,0,0,0,0,0,0,0,0,0,0,1.0,1.0,1.0,0.0,0.0,0.0,4,0,0
856,52,23,29,19,8,10,15,10,2,0,8,0,0,0,0,0,0,0,0,0,0,0,0,1.0,1.0,1.0,0.0,0.0,0.0,4,0,0
857,51,22,29,19,7,10,15,10,2,0,8,0,0,0,0,0,0,0,0,0,1,0,1,0.962962962962963,1.0,1.0,0.0,0.0,0.0,4,0,1
858,51,22,29,19,7,10,15,10,2,0,8,0,0,0,0,0,0,0,0,0,0,1,0,1.0,1.0,1.0,0.0,0.0,0.0,4,0,0
859,51,22,29,19,7,10,15,10,2,0,8,0,0,0,0,0,0,0,0,0,0,0,0,1.0,1.0,1.0,0.0,0.0,0.0,4,0,0
860,51,22,29,19,7,10,15,10,2,0,8,0,0,0,0,0,0,0,0,0,0,0,0,1.0,1.0,1.0,0.0,0.0,0.0,4,0,0
861,51,22,29,19,7,10,15,10,2,0,8,0,0,0,0,0,0,0,0,0,0,0,0,1.0,1.0,1.0,0.0,0.0,0.0,4,0,0
862,51,22,29,19,6,11,15,10,2,0,8,0,0,0,0,0,0,0,0,0,0,4,0,1.0,1.0,1.0,0.0,0.0,0.0,4,0,0
863,51,22,29,19,6,11,15,10,2,0,8,0,0,0,0,0,0,0,0,0,0,0,0,1.0,1.0,1.0,0.0,0.0,0.0,4,0,0
864,51,22,29,19,6,11,15,10,2,0,8,0,0,0,0,0,0,0,0,0,0,0,0,1.0,1.0,1.0,0.0,0.0,0.0,4,0,0
865,51,22,29,19,6,11,15,10,2,0,8,0,0,0,0,0,0,0,0,0,0,0,0,1.0,1.0,1.0,0.0,0.0,0.0,4,0,0
866,51,22,29,19,2,15,15,10,2,0,8,0,0,0,0,0,0,0,0,0,0,0,0,1.0,1.0,1.0,0.0,0.0,0.0,4,0,0
867,51,22,29,19,2,15,15,10,2,0,8,0,0,0,0,0,0,0,0,0,0,2,0,1.0,1.0,1.0,0.0,0.0,0.0,4,0,0
868,51,22,29,11,10,15,15,10,2,0,8,0,0,0,0,0,0,0,0,0,0,0,0,1.0,1.0,1.0,0.0,0.0,0.0,4,0,0
869,51,22,29,8,13,15,15,10,2,0,8,0,0,0,0,0,0,0,0,0,0,0,0,1.0,1.0,1.0,0.0,0.0,0.0,4,0,0
870,51,22,29,6,15,15,15,10,2,0,5,0,0,0,0,0,0,0,0,0,0,0,0,1.0,1.0,1.0,0.0,0.0,0.0,4,0,0
871,51,22,29,6,13,16,16,11,2,1,3,0,0,0,0,0,16,0,1,0,0,0,0,1.0,1.0,1.0,0.0,0.0,0.0,4,0,0
872,54,23,31,6,16,16,16,11,4,1,3,0,0,0,0,0,17,3,0,1,1,0,1,0.9473684210526316,1.0,1.0,0.0784313725490196,0.0784313725490196,0.17647058823529413,4,4,1
873,57,23,34,9,16,16,16,11,4,1,4,0,0,0,0,0,4,1,0,1,0,0,0,1.0,1.0,1.0,0.05555555555555555,0.05555555555555555,0.25,4,3,0
874,56,22,34,9,16,15,16,11,5,1,3,0,0,0,0,0,7,1,0,0,0,0,0,1.0,1.0,1.0,0.0,0.0,0.14285714285714285,4,0,1
875,55,22,33,9,15,15,16,11,5,2,3,0,0,0,0,0,2,0,1,0,1,0,1,0.96,1.0,1.0,0.0,0.0,0.0,4,0,1
876,54,21,33,9,14,15,16,11,5,2,3,0,0,0,0,0,0,0,0,0,1,0,1,0.9583333333333334,1.0,1.0,0.0,0.0,0.0,4,0,1
877,54,21,33,9,14,15,16,11,5,2,3,0,0,0,0,0,3,0,0,0,0,0,0,1.0,1.0,1.0,0.0,0.0,0.0,4,0,0
878,54,21,33,9,14,15,16,11,5,3,3,0,0,0,0,0,1,0,1,0,0,0,0,1.0,1.0,1.0,0.0,0.0,0.0,4,0,0
879,54,21,33,9,14,15,16,11,5,3,3,0,0,0,0,0,0,0,0,0,0,0,0,1.0,1.0,1.0,0.0,0.0,0.0,4,0,0
880,54,21,33,9,14,15,16,11,5,3,3,0,0,0,0,0,0,0,0,0,0,0,0,1.0,1.0,1.0,0.0,0.0,0.0,4,0,0
881,53,20,33,8,14,15,16,11,5,3,3,0,0,0,0,0,0,0,0,0,1,0,1,0.9565217391304348,1.0,1.0,0.0,0.0,0.0,4,0,1
882,53,20,33,8,14,15,16,11,5,3,3,0,0,0,0,0,0,0,0,0,0,0,0,1.0,1.0,1.0,0.0,0.0,0.0,4,0,0
883,53,20,33,8,14,14,17,12,5,3,3,0,0,0,0,0,0,0,0,0,0,0,0,1.0,1.0,1.0,0.0,0.0,0.0,4,0,0
884,53,20,33,8,14,14,17,12,5,3,3,0,0,0,0,0,0,0,0,0,0,0,0,1.0,1.0,1.0,0.0,0.0,0.0,4,0,0
885,53,20,33,8,14,14,17,12,5,3,3,0,0,0,0,0,0,0,0,0,0,0,0,1.0,1.0,1.0,0.0,0.0,0.0,4,0,0
886,53,20,33,8,14,14,17,12,5,3,3,0,0,0,0,0,0,0,0,0,0,0,0,1.0,1.0,1.0,0.0,0.0,0.0,4,0,0
887,53,20,33,8,14,14,17,12,5,3,3,0,0,0,0,0,0,0,0,0,0,0,0,1.0,1.0,1.0,0.0,0.0,0.0,4,0,0
888,53,20,33,8,14,14,17,12,5,3,3,0,0,0,0,0,0,0,0,0,0,0,0,1.0,1.0,1.0,0.0,0.0,0.0,4,0,0
889,52,19,33,8,13,14,17,12,5,3,3,0,0,0,0,0,0,0,0,0,1,0,1,0.9545454545454546,1.0,1.0,0.0,0.0,0.0,4,0,1
890,52,19,33,8,13,13,18,12,5,4,3,0,0,0,0,0,6,0,1,0,0,0,0,1.0,1.0,1.0,0.0,0.0,0.0,4,0,0
891,52,19,33,8,13,13,18,12,5,4,3,0,0,0,0,0,0,0,0,0,0,0,0,1.0,1.0,1.0,0.0,0.0,0.0,4,0,0
892,52,19,33,8,13,13,18,12,5,4,3,0,0,0,0,0,0,0,0,0,0,0,0,1.0,1.0,1.0,0.0,0.0,0.0,4,0,0
893,51,19,32,7,13,12,19,12,5,4,3,0,0,0,0,0,0,0,0,0,1,0,1,0.9523809523809523,1.0,1.0,0.0,0.0,0.0,4,0,1
894,51,19,32,6,14,12,19,12,5,4,3,0,0,0,0,0,0,0,0,0,0,0,0,1.0,1.0,1.0,0.0,0.0,0.0,4,0,0
895,51,19,32,6,14,11,20,12,5,4,3,0,0,0,0,0,0,0,0,0,0,0,0,1.0,1.0,1.0,0.0,0.0,0.0,4,0,0
896,51,19,32,6,14,11,20,12,5,4,2,0,0,0,0,0,0,0,0,0,0,0,0,1.0,1.0,1.0,0.0,0.0,0.0,4,0,0
897,51,19,32,6,14,11,20,12,5,4,2,0,0,0,0,0,7,0,0,0,0,0,0,1.0,1.0,1.0,0.0,0.0,0.0,4,0,0
898,51,19,32,6,14,11,20,12,5,5,2,0,0,0,0,0,5,0,1,0,0,0,0,1.0,1.0,1.0,0.0,0.0,0.0,4,0,0
899,51,19,32,6,14,11,20,12,5,5,2,0,0,0,0,0,0,0,0,0,0,0,0,1.0,1.0,1.0,0.0,0.0,0.0,4,0,0
900,51,19,32,6,14,10,21,13,5,5,2,0,0,0,0,0,0,0,0,0,0,0,0,1.0,1.0,1.0,0.0,0.0,0.0,4,0,0
901,51,19,32,6,14,10,21,13,5,5,2,0,0,0,0,0,0,0,0,0,0,0,0,1.0,1.0,1.0,0.0,0.0,0.0,4,0,0
902,51,19,32,6,14,10,21,13,5,5,2,0,0,0,0,0,0,0,0,0,0,0,0,1.0,1.0,1.0,0.0,0.0,0.0,4,0,0
903,51,19,32,6,14,9,22,13,6,5,2,0,0,0,0,0,3,1,0,0,0,0,0,1.0,1.0,1.0,0.0,0.0,0.3333333333333333,4,0,0
904,51,19,32,6,14,9,22,13,6,5,2,0,0,0,0,0,0,0,0,0,0,0,0,1.0,1.0,1.0,0.0,0.0,0.0,4,0,0
905,51,19,32,6,14,9,22,13,6,5,2,0,0,0,0,0,0,0,0,0,0,0,0,1.0,1.0,1.0,0.0,0.0,0.0,4,0,0
906,51,19,32,6,14,9,22,13,6,5,2,0,0,0,0,0,0,0,0,0,0,0,0,1.0,1.0,1.0,0.0,0.0,0.0,4,0,0
907,51,19,32,6,14,9,22,13,6,5,2,0,0,0,0,0,0,0,0,0,0,0,0,1.0,1.0,1.0,0.0,0.0,0.0,4,0,0
908,50,19,31,6,14,9,21,12,6,4,2,0,0,0,0,0,0,0,0,0,0,0,0,1.0,1.0,0.9230769230769231,0.0,0.0,0.0,4,0,1
909,49,18,31,6,13,8,22,13,6,4,2,0,0,0,0,0,0,0,0,0,1,0,1,0.95,1.0,1.0,0.0,0.0,0.0,4,0,1
910,49,18,31,6,13,8,22,13,6,4,2,0,0,0,0,0,0,0,0,0,0,0,0,1.0,1.0,1.0,0.0,0.0,0.0,4,0,0
911,49,18,31,6,13,8,22,13,6,4,2,0,0,0,0,0,0,0,0,0,0,0,0,1.0,1.0,1.0,0.0,0.0,0.0,4,0,0
912,49,18,31,6,13,8,22,13,6,4,2,0,0,0,0,0,0,0,0,0,0,0,0,1.0,1.0,1.0,0.0,0.0,0.0,4,0,0
913,49,18,31,6,13,8,22,13,6,4,2,0,0,0,0,0,0,0,0,0,0,0,0,1.0,1.0,1.0,0.0,0.0,0.0,4,0,0
914,49,18,31,6,13,8,22,13,6,4,2,0,0,0,0,0,0,0,0,0,0,0,0,1.0,1.0,1.0,0.0,0.0,0.0,4,0,0
915,49,18,31,2,17,8,22,13,6,4,2,0,0,0,0,0,0,0,0,0,0,0,0,1.0,1.0,1.0,0.0,0.0,0.0,4,0,0
916,49,18,31,0,19,8,22,13,7,3,2,0,0,0,0,0,6,1,0,0,0,0,0,1.0,1.0,1.0,0.0,0.0,0.16666666666666666,4,0,0
917,49,18,31,0,19,8,22,13,8,3,1,0,0,0,0,0,5,1,0,0,0,0,0,1.0,1.0,1.0,0.0,0.0,0.2,4,0,0
918,49,18,31,0,19,8,22,13,9,3,0,0,0,0,0,0,7,1,0,0,0,0,0,1.0,1.0,1.0,0.0,0.0,0.14285714285714285,4,0,0
919,49,18,31,0,19,8,22,13,10,3,0,0,0,0,0,0,6,1,0,0,0,0,0,1.0,1.0,1.0,0.0,0.0,0.16666666666666666,4,0,0
920,49,18,31,0,19,8,22,13,10,2,0,0,0,0,0,0,0,0,0,0,0,0,0,1.0,1.0,1.0,0.0,0.0,0.0,4,0,0
921,49,18,31,0,19,8,22,13,11,2,0,0,0,0,0,0,4,1,0,0,0,0,0,1.0,1.0,1.0,0.0,0.0,0.25,4,0,0
922,49,18,31,0,19,8,22,13,11,2,0,0,0,0,0,0,0,0,0,0,0,0,0,1.0,1.0,1.0,0.0,0.0,0.0,4,0,0
923,49,18,31,0,19,8,22,13,11,1,0,0,0,0,0,0,0,0,0,0,0,0,0,1.0,1.0,1.0,0.0,0.0,0.0,4,0,0
924,49,18,31,0,19,8,22,13,12,1,0,0,0,0,0,0,4,1,0,0,0,0,0,1.0,1.0,1.0,0.0,0.0,0.25,4,0,0
925,49,18,31,0,19,8,22,13,12,1,0,0,0,0,0,0,0,0,0,0,0,0,0,1.0,1.0,1.0,0.0,0.0,0.0,4,0,0
926,48,17,31,0,19,7,22,14,12,1,0,0,0,0,0,0,0,0,0,0,0,0,0,1.0,0.8888888888888888,1.0,0.0,0.0,0.0,4,0,1
927,48,17,31,0,19,7,22,14,12,1,0,0,0,0,0,0,0,0,0,0,0,0,0,1.0,1.0,1.0,0.0,0.0,0.0,4,0,0
928,48,17,31,0,19,7,22,14,12,1,0,0,0,0,0,0,0,0,0,0,0,0,0,1.0,1.0,1.0,0.0,0.0,0.0,4,0,0
929,48,17,31,0,19,7,22,14,13,1,0,0,0,0,0,0,2,1,0,0,0,0,0,1.0,1.0,1.0,0.0,0.0,0.5,4,0,0
930,48,17,31,0,19,7,22,14,13,1,0,0,0,0,0,0,0,0,0,0,0,0,0,1.0,1.0,1.0,0.0,0.0,0.0,4,0,0
931,48,17,31,0,19,7,22,14,13,1,0,0,0,0,0,0,0,0,0,0,0,0,0,1.0,1.0,1.0,0.0,0.0,0.0,4,0,0
932,48,17,31,0,19,7,22,14,13,1,0,0,0,0,0,0,0,0,0,0,0,0,0,1.0,1.0,1.0,0.0,0.0,0.0,4,0,0
933,48,17,31,0,19,7,22,14,13,1,0,0,0,0,0,0,0,0,0,0,0,0,0,1.0,1.0,1.0,0.0,0.0,0.0,4,0,0
934,48,17,31,0,19,6,23,15,13,1,0,0,0,0,0,0,0,0,0,0,0,0,0,1.0,1.0,1.0,0.0,0.0,0.0,4,0,0
935,48,17,31,0,19,6,23,15,13,0,0,0,0,0,0,0,0,0,0,0,0,0,0,1.0,1.0,1.0,0.0,0.0,0.0,4,0,0
936,48,17,31,0,19,6,23,15,13,0,0,0,0,0,0,0,7,0,0,0,0,0,0,1.0,1.0,1.0,0.0,0.0,0.0,4,0,0
937,59,22,37,11,19,6,23,15,10,0,3,0,0,0,0,0,6,0,0,3,0,0,0,1.0,1.0,1.0,0.22916666666666666,0.22916666666666666,0.0,4,11,0
938,60,22,38,13,18,6,23,15,10,0,4,0,0,0,0,0,2,1,0,1,3,0,3,0.9,1.0,1.0,0.06779661016949153,0.06779661016949153,0.5,4,4,3
939,63,24,39,17,17,6,23,15,9,0,5,0,0,0,0,0,0,0,0,1,1,0,1,0.967741935483871,1.0,1.0,0.06666666666666667,0.06666666666666667,0.0,4,4,1
940,62,23,39,17,16,6,23,15,9,0,5,0,0,0,0,0,0,0,0,0,1,0,1,0.9705882352941176,1.0,1.0,0.0,0.0,0.0,4,0,1
941,61,22,39,16,16,6,23,15,9,0,5,0,0,0,0,0,0,0,0,0,1,0,1,0.9696969696969697,1.0,1.0,0.0,0.0,0.0,4,0,1
942,60,22,38,15,16,6,23,15,10,0,5,0,0,0,0,0,4,1,0,0,1,0,1,0.96875,1.0,1.0,0.0,0.0,0.25,4,0,1
943,60,22,38,15,16,6,23,15,10,0,5,0,0,0,0,0,0,0,0,0,0,0,0,1.0,1.0,1.0,0.0,0.0,0.0,4,0,0
944,60,22,38,15,16,6,23,15,10,0,5,0,0,0,0,0,0,0,0,0,0,0,0,1.0,1.0,1.0,0.0,0.0,0.0,4,0,0
945,58,22,36,15,14,6,23,15,10,0,5,0,0,0,0,0,0,0,0,0,2,0,2,0.935483870967742,1.0,1.0,0.0,0.0,0.0,4,0,2
946,57,21,36,15,13,6,23,15,10,0,5,0,0,0,0,0,0,0,0,0,1,0,1,0.9655172413793104,1.0,1.0,0.0,0.0,0.0,4,0,1
947,57,21,36,15,13,6,23,15,10,0,5,0,0,0,0,0,0,0,0,0,0,0,0,1.0,1.0,1.0,0.0,0.0,0.0,4,0,0
948,57,21,36,15,13,6,23,15,10,0,5,0,0,0,0,0,0,0,0,0,0,0,0,1.0,1.0,1.0,0.0,0.0,0.0,4,0,0
949,57,21,36,15,13,6,23,15,10,0,5,0,0,0,0,0,0,0,0,0,0,0,0,1.0,1.0,1.0,0.0,0.0,0.0,4,0,0
950,55,21,34,14,12,6,23,15,10,0,5,0,0,0,0,0,0,0,0,0,2,0,2,0.9285714285714286,1.0,1.0,0.0,0.0,0.0,4,0,2
951,55,21,34,14,12,6,23,15,10,0,5,0,0,0,0,0,0,0,0,0,0,0,0,1.0,1.0,1.0,0.0,0.0,0.0,4,0,0
952,55,21,34,14,12,6,23,15,10,0,5,0,0,0,0,0,0,0,0,0,0,0,0,1.0,1.0,1.0,0.0,0.0,0.0,4,0,0
953,53,21,32,13,11,6,23,15,10,0,5,0,0,0,0,0,0,0,0,0,2,0,2,0.9230769230769231,1.0,1.0,0.0,0.0,0.0,4,0,2
954,53,21,32,13,11,6,23,15,10,0,5,0,0,0,0,0,0,0,0,0,0,0,0,1.0,1.0,1.0,0.0,0.0,0.0,4,0,0
955,53,21,32,13,11,6,23,15,10,0,5,0,0,0,0,0,0,0,0,0,0,0,0,1.0,1.0,1.0,0.0,0.0,0.0,4,0,0
956,53,21,32,13,11,5,24,16,11,0,5,0,0,0,0,0,2,1,0,0,0,0,0,1.0,1.0,1.0,0.0,0.0,0.5,4,0,0
957,52,21,31,12,11,5,24,16,11,0,5,0,0,0,0,0,0,0,0,0,1,0,1,0.9583333333333334,1.0,1.0,0.0,0.0,0.0,4,0,1
958,52,21,31,12,11,5,24,16,11,0,5,0,0,0,0,0,0,0,0,0,0,0,0,1.0,1.0,1.0,0.0,0.0,0.0,4,0,0
959,51,21,30,12,11,5,23,15,10,0,5,0,0,0,0,0,0,0,0,0,0,0,0,1.0,1.0,0.9375,0.0,0.0,0.0,4,0,1
960,51,21,30,12,11,5,23,15,10,0,5,0,0,0,0,0,0,0,0,0,0,0,0,1.0,1.0,1.0,0.0,0.0,0.0,4,0,0
961,51,21,30,12,11,5,23,15,10,0,5,0,0,0,0,0,0,0,0,0,0,0,0,1.0,1.0,1.0,0.0,0.0,0.0,4,0,0
962,51,21,30,12,11,5,23,15,10,0,5,0,0,0,0,0,0,0,0,0,0,0,0,1.0,1.0,1.0,0.0,0.0,0.0,4,0,0
963,49,21,28,11,10,5,23,15,10,0,5,0,0,0,0,0,0,0,0,0,2,0,2,0.9130434782608696,1.0,1.0,0.0,0.0,0.0,4,0,2
964,49,21,28,11,10,5,23,15,10,0,5,0,0,0,0,0,0,0,0,0,0,0,0,1.0,1.0,1.0,0.0,0.0,0.0,4,0,0
965,49,21,28,11,10,5,23,15,10,0,5,0,0,0,0,0,0,0,0,0,0,0,0,1.0,1.0,1.0,0.0,0.0,0.0,4,0,0
966,49,21,28,11,10,5,23,15,10,0,5,0,0,0,0,0,0,0,0,0,0,0,0,1.0,1.0,1.0,0.0,0.0,0.0,4,0,0
967,47,21,26,10,9,5,23,15,10,0,5,0,0,0,0,0,0,0,0,0,2,0,2,0.9047619047619048,1.0,1.0,0.0,0.0,0.0,4,0,2
968,51,24,27,14,9,5,23,15,9,0,6,0,0,0,0,0,0,0,0,1,0,0,0,1.0,1.0,1.0,0.0851063829787234,0.0851063829787234,0.0,4,4,0
969,51,24,27,14,9,5,23,15,9,0,6,0,0,0,0,0,0,0,0,0,0,0,0,1.0,1.0,1.0,0.0,0.0,0.0,4,0,0
970,51,24,27,14,9,5,23,15,9,0,6,0,0,0,0,0,0,0,0,0,0,0,0,1.0,1.0,1.0,0.0,0.0,0.0,4,0,0
971,51,24,27,14,9,5,23,15,9,0,6,0,0,0,0,0,0,0,0,0,0,0,0,1.0,1.0,1.0,0.0,0.0,0.0,4,0,0
972,51,24,27,14,9,5,23,15,9,0,6,0,0,0,0,0,0,0,0,0,0,0,0,1.0,1.0,1.0,0.0,0.0,0.0,4,0,0
973,51,24,27,14,9,5,23,15,9,0,6,0,0,0,0,0,0,0,0,0,0,0,0,1.0,1.0,1.0,0.0,0.0,0.0,4,0,0
974,49,23,26,14,7,5,23,15,9,0,6,0,0,0,0,0,0,0,0,0,2,0,2,0.9130434782608696,1.0,1.0,0.0,0.0,0.0,4,0,2
975,49,23,26,14,7,5,23,15,9,0,6,0,0,0,0,0,0,0,0,0,0,0,0,1.0,1.0,1.0,0.0,0.0,0.0,4,0,0
976,49,23,26,14,7,5,23,15,9,0,6,0,0,0,0,0,0,0,0,0,0,0,0,1.0,1.0,1.0,0.0,0.0,0.0,4,0,0
977,49,23,26,14,7,5,23,15,9,0,6,0,0,0,0,0,0,0,0,0,0,0,0,1.0,1.0,1.0,0.0,0.0,0.0,4,0,0
978,49,23,26,14,7,5,23,15,9,0,6,0,0,0,0,0,0,0,0,0,0,0,0,1.0,1.0,1.0,0.0,0.0,0.0,4,0,0
979,48,23,25,13,7,5,23,15,9,0,6,0,0,0,0,0,0,0,0,0,1,0,1,0.9523809523809523,1.0,1.0,0.0,0.0,0.0,4,0,1
980,47,23,24,7,12,5,23,15,9,0,6,0,0,0,0,0,0,0,0,0,1,0,1,0.95,1.0,1.0,0.0,0.0,0.0,4,0,1
981,51,24,27,8,15,5,23,15,8,0,7,0,0,0,0,0,0,0,0,1,0,0,0,1.0,1.0,1.0,0.0851063829787234,0.0851063829787234,0.0,4,4,0
982,54,27,27,11,15,5,23,15,7,0,5,0,0,0,0,0,0,0,0,1,1,0,1,0.9565217391304348,1.0,1.0,0.0784313725490196,0.0784313725490196,0.0,4,4,1
983,58,30,28,15,15,5,23,15,7,1,5,0,0,0,0,0,10,1,1,1,0,0,0,1.0,1.0,1.0,0.07407407407407407,0.07407407407407407,0.1,4,4,0
984,62,31,31,19,15,5,23,15,8,1,5,0,0,0,0,0,10,2,0,1,0,0,0,1.0,1.0,1.0,0.06896551724137931,0.06896551724137931,0.2,4,4,0
985,62,31,31,19,15,5,23,15,9,1,5,0,0,0,0,0,8,1,0,0,0,0,0,1.0,1.0,1.0,0.0,0.0,0.125,4,0,0
986,66,33,33,23,15,5,23,15,8,1,6,0,0,0,0,0,0,0,0,1,0,0,0,1.0,1.0,1.0,0.06451612903225806,0.06451612903225806,0.0,4,4,0
987,65,32,33,23,14,5,23,15,8,1,6,0,0,0,0,0,0,0,0,0,1,0,1,0.9736842105263158,1.0,1.0,0.0,0.0,0.0,4,0,1
988,62,30,32,21,13,5,23,15,8,1,6,0,0,0,0,0,0,0,0,0,3,0,3,0.9189189189189189,1.0,1.0,0.0,0.0,0.0,4,0,3
989,64,29,35,23,13,5,23,15,7,1,7,0,0,0,0,0,0,0,0,1,1,0,1,0.9705882352941176,1.0,1.0,0.04838709677419355,0.04838709677419355,0.0,4,3,1
990,63,29,34,22,13,5,23,15,7,1,7,0,0,0,0,0,0,0,0,0,1,0,1,0.9722222222222222,1.0,1.0,0.0,0.0,0.0,4,0,1
991,62,29,33,22,12,5,23,15,7,1,7,0,0,0,0,0,0,0,0,0,1,0,1,0.9714285714285714,1.0,1.0,0.0,0.0,0.0,4,0,1
992,60,27,33,21,12,5,22,15,7,1,7,0,0,0,0,0,0,0,0,0,1,0,1,0.9705882352941176,0.875,1.0,0.0,0.0,0.0,4,0,2
993,58,26,32,21,10,5,22,15,7,1,7,0,0,0,0,0,0,0,0,0,2,0,2,0.9393939393939394,1.0,1.0,0.0,0.0,0.0,4,0,2
994,57,26,31,20,10,5,22,15,7,1,7,0,0,0,0,0,0,0,0,0,1,0,1,0.967741935483871,1.0,1.0,0.0,0.0,0.0,4,0,1
995,57,26,31,20,10,5,22,15,7,1,7,0,0,0,0,0,0,0,0,0,0,0,0,1.0,1.0,1.0,0.0,0.0,0.0,4,0,0
996,57,26,31,20,10,5,22,15,7,1,7,0,0,0,0,0,0,0,0,0,0,0,0,1.0,1.0,1.0,0.0,0.0,0.0,4,0,0
997,55,26,29,19,9,5,22,15,7,1,7,0,0,0,0,0,0,0,0,0,2,0,2,0.9333333333333333,1.0,1.0,0.0,0.0,0.0,4,0,2
998,55,26,29,19,9,5,22,15,7,1,7,0,0,0,0,0,0,0,0,0,0,0,0,1.0,1.0,1.0,0.0,0.0,0.0,4,0,0
999,55,26,29,19,9,5,22,15,7,1,7,0,0,0,0,0,0,0,0,0,0,0,0,1.0,1.0,1.0,0.0,0.0,0.0,4,0,0
1000,54,25,29,18,9,5,22,15,7,1,7,0,0,0,0,0,0,0,0,0,1,0,1,0.9642857142857143,1.0,1.0,0.0,0.0,0.0,4,0,1
1001,54,25,29,18,9,3,24,15,7,1,7,0,0,0,0,0,0,0,0,0,0,0,0,1.0,1.0,1.0,0.0,0.0,0.0,4,0,0
1002,54,25,29,18,9,3,24,15,7,1,7,0,0,0,0,0,0,0,0,0,0,0,0,1.0,1.0,1.0,0.0,0.0,0.0,4,0,0
1003,58,26,32,22,9,3,24,15,6,1,8,0,0,0,0,0,0,0,0,1,0,0,0,1.0,1.0,1.0,0.07407407407407407,0.07407407407407407,0.0,4,4,0
1004,57,25,32,22,8,3,24,15,6,1,8,0,0,0,0,0,0,0,0,0,1,0,1,0.967741935483871,1.0,1.0,0.0,0.0,0.0,4,0,1
1005,57,25,32,22,8,3,24,15,6,1,8,0,0,0,0,0,0,0,0,0,0,1,0,1.0,1.0,1.0,0.0,0.0,0.0,4,0,0
1006,57,25,32,22,8,1,26,15,6,1,8,0,0,0,0,0,0,0,0,0,0,0,0,1.0,1.0,1.0,0.0,0.0,0.0,4,0,0
1007,59,27,32,24,8,1,26,15,5,1,9,0,0,0,0,0,0,0,0,1,1,1,1,0.9666666666666667,1.0,1.0,0.05263157894736842,0.05263157894736842,0.0,4,3,1
1008,58,27,31,23,8,1,26,15,5,1,9,0,0,0,0,0,0,0,0,0,1,0,1,0.96875,1.0,1.0,0.0,0.0,0.0,4,0,1
1009,56,27,29,21,7,2,26,15,5,1,9,0,0,0,0,0,0,0,0,0,2,1,2,0.9333333333333333,1.0,1.0,0.0,0.0,0.0,4,0,2
1010,56,27,29,21,7,2,26,15,5,1,9,0,0,0,0,0,0,0,0,0,0,0,0,1.0,1.0,1.0,0.0,0.0,0.0,4,0,0
1011,53,25,28,19,6,3,25,15,5,1,9,0,0,0,0,0,0,0,0,0,2,0,2,0.9259259259259259,0.9090909090909091,1.0,0.0,0.0,0.0,4,0,3
1012,51,24,27,17,6,3,25,15,5,1,9,0,0,0,0,0,0,0,0,0,2,0,2,0.92,1.0,1.0,0.0,0.0,0.0,4,0,2
1013,51,24,27,17,5,4,25,15,5,1,8,0,0,0,0,0,0,0,0,0,0,0,0,1.0,1.0,1.0,0.0,0.0,0.0,4,0,0
1014,51,24,27,17,5,4,25,15,6,1,8,0,0,0,0,0,6,1,0,0,0,0,0,1.0,1.0,1.0,0.0,0.0,0.16666666666666666,4,0,0
1015,51,24,27,17,5,4,25,15,6,1,8,0,0,0,0,0,0,0,0,0,0,0,0,1.0,1.0,1.0,0.0,0.0,0.0,4,0,0
1016,51,24,27,17,5,4,25,15,6,1,8,0,0,0,0,0,0,0,0,0,0,0,0,1.0,1.0,1.0,0.0,0.0,0.0,4,0,0
1017,50,23,27,17,4,4,25,15,6,1,8,0,0,0,0,0,0,0,0,0,1,0,1,0.9545454545454546,1.0,1.0,0.0,0.0,0.0,4,0,1
1018,49,22,27,16,4,4,25,15,6,1,8,0,0,0,0,0,0,0,0,0,1,0,1,0.9523809523809523,1.0,1.0,0.0,0.0,0.0,4,0,1
1019,49,22,27,16,4,4,25,15,6,1,8,0,0,0,0,0,0,0,0,0,0,0,0,1.0,1.0,1.0,0.0,0.0,0.0,4,0,0
1020,49,22,27,16,4,4,25,15,6,1,8,0,0,0,0,0,0,0,0,0,0,0,0,1.0,1.0,1.0,0.0,0.0,0.0,4,0,0
1021,52,22,30,19,4,4,25,15,5,1,9,0,0,0,0,0,0,0,0,1,0,0,0,1.0,1.0,1.0,0.061224489795918366,0.061224489795918366,0.0,4,3,0
1022,52,22,30,19,4,4,25,15,5,1,9,0,0,0,0,0,0,0,0,0,0,0,0,1.0,1.0,1.0,0.0,0.0,0.0,4,0,0
1023,52,22,30,19,4,4,25,15,5,1,9,0,0,0,0,0,0,0,0,0,0,0,0,1.0,1.0,1.0,0.0,0.0,0.0,4,0,0
1024,52,22,30,18,5,4,25,15,5,1,9,0,0,0,0,0,0,0,0,0,0,0,0,1.0,1.0,1.0,0.0,0.0,0.0,4,0,0
1025,52,22,30,15,8,4,25,15,5,1,9,0,0,0,0,0,0,0,0,0,0,0,0,1.0,1.0,1.0,0.0,0.0,0.0,4,0,0
1026,52,22,30,13,10,4,25,15,5,1,8,0,0,0,0,0,0,0,0,0,0,0,0,1.0,1.0,1.0,0.0,0.0,0.0,4,0,0
1027,51,22,29,13,9,4,25,15,6,1,7,0,0,0,0,0,4,1,0,0,1,0,1,0.9565217391304348,1.0,1.0,0.0,0.0,0.25,4,0,1
1028,51,22,29,13,9,4,25,15,7,0,6,0,0,0,0,0,8,1,0,0,0,0,0,1.0,1.0,1.0,0.0,0.0,0.125,4,0,0
1029,51,22,29,11,11,4,25,15,8,1,5,0,0,0,0,0,6,1,1,0,0,0,0,1.0,1.0,1.0,0.0,0.0,0.16666666666666666,4,0,0
1030,51,22,29,11,11,4,25,15,8,1,5,0,0,0,0,0,1,0,0,0,0,0,0,1.0,1.0,1.0,0.0,0.0,0.0,4,0,0
1031,51,22,29,11,11,4,25,15,8,1,4,0,0,0,0,0,1,0,0,0,0,0,0,1.0,1.0,1.0,0.0,0.0,0.0,4,0,0
1032,51,22,29,8,14,4,25,15,8,1,4,0,0,0,0,0,1,0,0,0,0,0,0,1.0,1.0,1.0,0.0,0.0,0.0,4,0,0
1033,49,22,27,7,13,4,25,15,8,1,4,0,0,0,0,0,1,0,0,0,2,0,2,0.9090909090909091,1.0,1.0,0.0,0.0,0.0,4,0,2
1034,49,22,27,7,13,4,25,15,8,1,3,0,0,0,0,0,1,0,0,0,0,0,0,1.0,1.0,1.0,0.0,0.0,0.0,4,0,0
1035,48,21,27,7,13,4,24,15,8,1,3,0,0,0,0,0,1,0,0,0,0,0,0,1.0,0.9,1.0,0.0,0.0,0.0,4,0,1
1036,48,21,27,7,13,4,24,15,8,1,3,0,0,0,0,0,1,0,0,0,0,0,0,1.0,1.0,1.0,0.0,0.0,0.0,4,0,0
1037,48,21,27,7,13,4,24,15,8,1,3,0,0,0,0,0,1,0,0,0,0,0,0,1.0,1.0,1.0,0.0,0.0,0.0,4,0,0
1038,48,21,27,7,13,4,24,15,8,1,3,0,0,0,0,0,1,0,0,0,0,0,0,1.0,1.0,1.0,0.0,0.0,0.0,4,0,0
1039,48,21,27,7,13,4,24,15,8,1,3,0,0,0,0,0,1,0,0,0,0,0,0,1.0,1.0,1.0,0.0,0.0,0.0,4,0,0
1040,48,21,27,7,13,4,24,15,8,1,3,0,0,0,0,0,1,0,0,0,0,0,0,1.0,1.0,1.0,0.0,0.0,0.0,4,0,0
1041,48,21,27,7,13,4,24,15,8,1,3,0,0,0,0,0,1,0,0,0,0,0,0,1.0,1.0,1.0,0.0,0.0,0.0,4,0,0
1042,48,21,27,7,13,4,24,15,8,1,3,0,0,0,0,0,1,0,0,0,0,0,0,1.0,1.0,1.0,0.0,0.0,0.0,4,0,0
1043,47,20,27,7,13,4,23,15,8,1,3,0,0,0,0,0,1,0,0,0,0,0,0,1.0,0.8888888888888888,1.0,0.0,0.0,0.0,4,0,1
1044,47,20,27,7,13,4,23,15,8,1,3,0,0,0,0,0,1,0,0,0,0,0,0,1.0,1.0,1.0,0.0,0.0,0.0,4,0,0
1045,47,20,27,7,13,4,23,15,8,1,3,0,0,0,0,0,1,0,0,0,0,0,0,1.0,1.0,1.0,0.0,0.0,0.0,4,0,0
1046,47,20,27,5,15,4,23,15,8,1,3,0,0,0,0,0,1,0,0,0,0,0,0,1.0,1.0,1.0,0.0,0.0,0.0,4,0,0
1047,47,20,27,5,15,4,23,15,8,1,3,0,0,0,0,0,1,0,0,0,0,0,0,1.0,1.0,1.0,0.0,0.0,0.0,4,0,0
1048,50,21,29,9,14,4,23,15,7,1,3,0,0,0,0,0,1,0,0,1,1,0,1,0.95,1.0,1.0,0.0851063829787234,0.0851063829787234,0.0,4,4,1
1049,57,22,35,16,14,4,23,15,5,1,5,0,0,0,0,0,1,0,0,2,0,0,0,1.0,1.0,1.0,0.14,0.14,0.0,4,7,0
1050,60,23,37,16,17,4,23,15,4,1,6,0,0,0,0,0,1,0,0,1,1,0,1,0.9666666666666667,1.0,1.0,0.07017543859649122,0.07017543859649122,0.0,4,4,1
1051,60,23,37,16,17,4,23,15,4,1,6,0,0,0,0,0,1,0,0,0,0,0,0,1.0,1.0,1.0,0.0,0.0,0.0,4,0,0
1052,59,22,37,16,17,4,22,15,4,1,5,0,0,0,0,0,1,0,0,0,0,1,0,1.0,0.875,1.0,0.0,0.0,0.0,4,0,1
1053,58,22,36,15,17,4,22,15,4,1,5,0,0,0,0,0,1,0,0,0,1,0,1,0.9696969696969697,1.0,1.0,0.0,0.0,0.0,4,0,1
1054,56,21,35,14,16,4,22,15,4,1,5,0,0,0,0,0,1,0,0,0,2,0,2,0.9375,1.0,1.0,0.0,0.0,0.0,4,0,2
1055,55,20,35,14,15,4,22,15,4,1,5,0,0,0,0,0,1,0,0,0,1,0,1,0.9666666666666667,1.0,1.0,0.0,0.0,0.0,4,0,1
1056,55,20,35,14,14,5,22,15,4,1,5,0,0,0,0,0,1,0,0,0,0,0,0,1.0,1.0,1.0,0.0,0.0,0.0,4,0,0
1057,55,20,35,14,14,5,22,15,4,1,5,0,0,0,0,0,1,0,0,0,0,0,0,1.0,1.0,1.0,0.0,0.0,0.0,4,0,0
1058,55,20,35,14,14,5,22,15,4,1,5,0,0,0,0,0,1,0,0,0,0,0,0,1.0,1.0,1.0,0.0,0.0,0.0,4,0,0
1059,55,20,35,14,14,5,22,15,4,1,5,0,0,0,0,0,1,0,0,0,0,0,0,1.0,1.0,1.0,0.0,0.0,0.0,4,0,0
1060,55,20,35,14,14,5,22,15,4,1,5,0,0,0,0,0,1,0,0,0,0,0,0,1.0,1.0,1.0,0.0,0.0,0.0,4,0,0
1061,55,20,35,14,14,5,22,15,4,1,5,0,0,0,0,0,1,0,0,0,0,0,0,1.0,1.0,1.0,0.0,0.0,0.0,4,0,0
1062,54,20,34,13,14,5,22,15,4,1,5,0,0,0,0,0,1,0,0,0,1,0,1,0.9642857142857143,1.0,1.0,0.0,0.0,0.0,4,0,1
1063,54,20,34,13,14,5,22,15,4,1,5,0,0,0,0,0,1,0,0,0,0,0,0,1.0,1.0,1.0,0.0,0.0,0.0,4,0,0
1064,54,20,34,13,14,5,22,15,4,1,5,0,0,0,0,0,1,0,0,0,0,0,0,1.0,1.0,1.0,0.0,0.0,0.0,4,0,0
1065,54,20,34,13,14,5,22,15,4,1,5,0,0,0,0,0,1,0,0,0,0,0,0,1.0,1.0,1.0,0.0,0.0,0.0,4,0,0
1066,54,20,34,13,14,5,22,15,4,1,4,0,0,0,0,0,1,0,0,0,0,0,0,1.0,1.0,1.0,0.0,0.0,0.0,4,0,0
1067,51,19,32,11,14,4,22,15,4,1,4,0,0,0,0,0,1,0,0,0,2,0,2,0.9259259259259259,1.0,1.0,0.0,0.0,0.0,4,0,3
1068,51,19,32,11,14,4,22,15,4,1,4,0,0,0,0,0,1,0,0,0,0,0,0,1.0,1.0,1.0,0.0,0.0,0.0,4,0,0
1069,51,19,32,11,14,4,22,15,4,1,4,0,0,0,0,0,1,0,0,0,0,0,0,1.0,1.0,1.0,0.0,0.0,0.0,4,0,0
1070,51,19,32,11,14,4,22,15,4,1,4,0,0,0,0,0,1,0,0,0,0,0,0,1.0,1.0,1.0,0.0,0.0,0.0,4,0,0
1071,51,19,32,11,14,4,22,15,4,1,4,0,0,0,0,0,1,0,0,0,0,0,0,1.0,1.0,1.0,0.0,0.0,0.0,4,0,0
1072,50,18,32,11,13,4,22,15,4,1,4,0,0,0,0,0,1,0,0,0,1,0,1,0.96,1.0,1.0,0.0,0.0,0.0,4,0,1
1073,49,17,32,11,12,4,22,15,4,1,4,0,0,0,0,0,1,0,0,0,1,0,1,0.9583333333333334,1.0,1.0,0.0,0.0,0.0,4,0,1
1074,49,17,32,11,12,4,22,15,4,0,4,0,0,0,0,0,1,0,0,0,0,0,0,1.0,1.0,1.0,0.0,0.0,0.0,4,0,0
1075,49,17,32,11,12,4,22,15,4,0,4,0,0,0,0,0,1,0,0,0,0,0,0,1.0,1.0,1.0,0.0,0.0,0.0,4,0,0
1076,49,17,32,11,12,4,22,15,4,0,4,0,0,0,0,0,1,0,0,0,0,0,0,1.0,1.0,1.0,0.0,0.0,0.0,4,0,0
1077,49,17,32,11,12,4,22,15,4,0,4,0,0,0,0,0,1,0,0,0,0,0,0,1.0,1.0,1.0,0.0,0.0,0.0,4,0,0
1078,49,17,32,11,12,4,22,15,4,0,4,0,0,0,0,0,1,0,0,0,0,0,0,1.0,1.0,1.0,0.0,0.0,0.0,4,0,0
1079,53,18,35,15,12,4,22,15,3,0,5,0,0,0,0,0,1,0,0,1,0,0,0,1.0,1.0,1.0,0.08163265306122448,0.08163265306122448,0.0,4,4,0
1080,53,18,35,15,12,4,22,15,3,0,5,0,0,0,0,0,1,0,0,0,0,0,0,1.0,1.0,1.0,0.0,0.0,0.0,4,0,0
1081,53,18,35,15,12,4,22,15,3,0,5,0,0,0,0,0,1,0,0,0,0,0,0,1.0,1.0,1.0,0.0,0.0,0.0,4,0,0
1082,53,18,35,15,12,3,23,16,3,0,5,0,0,0,0,0,1,0,0,0,0,0,0,1.0,1.0,1.0,0.0,0.0,0.0,4,0,0
1083,53,18,35,15,12,3,23,16,3,0,5,0,0,0,0,0,1,0,0,0,0,0,0,1.0,1.0,1.0,0.0,0.0,0.0,4,0,0
1084,52,18,34,14,12,3,23,16,3,0,5,0,0,0,0,0,1,0,0,0,1,0,1,0.962962962962963,1.0,1.0,0.0,0.0,0.0,4,0,1
1085,52,18,34,14,12,3,23,16,3,0,5,0,0,0,0,0,1,0,0,0,0,0,0,1.0,1.0,1.0,0.0,0.0,0.0,4,0,0
1086,52,18,34,14,12,3,23,16,3,0,5,0,0,0,0,0,1,0,0,0,0,0,0,1.0,1.0,1.0,0.0,0.0,0.0,4,0,0
1087,51,17,34,14,12,3,22,16,3,0,5,0,0,0,0,0,1,0,0,0,0,0,0,1.0,0.8571428571428572,1.0,0.0,0.0,0.0,4,0,1
1088,50,16,34,14,11,3,22,16,3,0,5,0,0,0,0,0,1,0,0,0,1,0,1,0.9615384615384616,1.0,1.0,0.0,0.0,0.0,4,0,1
1089,50,16,34,14,11,2,23,17,3,0,5,0,0,0,0,0,1,0,0,0,0,0,0,1.0,1.0,1.0,0.0,0.0,0.0,4,0,0
1090,49,16,33,13,11,2,23,17,3,0,5,0,0,0,0,0,1,0,0,0,1,0,1,0.96,1.0,1.0,0.0,0.0,0.0,4,0,1
1091,49,16,33,12,12,2,23,17,3,0,5,0,0,0,0,0,1,0,0,0,0,0,0,1.0,1.0,1.0,0.0,0.0,0.0,4,0,0
1092,52,17,35,10,17,2,23,17,2,0,6,0,0,0,0,0,1,0,0,1,0,0,0,1.0,1.0,1.0,0.061224489795918366,0.061224489795918366,0.0,4,3,0
1093,55,18,37,9,21,2,23,17,1,0,6,0,0,0,0,0,1,0,0,1,0,0,0,1.0,1.0,1.0,0.057692307692307696,0.057692307692307696,0.0,4,3,0
1094,58,19,39,12,21,2,23,17,0,0,5,0,0,0,0,0,1,0,0,1,0,0,0,1.0,1.0,1.0,0.05454545454545454,0.05454545454545454,0.0,4,3,0
1095,55,18,37,11,19,2,23,17,0,0,4,0,0,0,0,0,1,0,0,0,3,0,3,0.9090909090909091,1.0,1.0,0.0,0.0,0.0,4,0,3
1096,53,16,37,10,18,2,23,17,0,0,4,0,0,0,0,0,1,0,0,0,2,0,2,0.9333333333333333,1.0,1.0,0.0,0.0,0.0,4,0,2
1097,53,16,37,10,18,2,23,17,0,0,4,0,0,0,0,0,1,0,0,0,0,0,0,1.0,1.0,1.0,0.0,0.0,0.0,4,0,0
1098,52,15,37,10,17,2,23,17,0,0,4,0,0,0,0,0,1,0,0,0,1,0,1,0.9642857142857143,1.0,1.0,0.0,0.0,0.0,4,0,1
1099,52,15,37,10,17,2,23,17,0,0,4,0,0,0,0,0,1,0,0,0,0,0,0,1.0,1.0,1.0,0.0,0.0,0.0,4,0,0
1100,52,15,37,10,17,2,23,17,0,0,4,0,0,0,0,0,1,0,0,0,0,0,0,1.0,1.0,1.0,0.0,0.0,0.0,4,0,0
1101,52,15,37,10,17,2,23,17,0,0,4,0,0,0,0,0,1,0,0,0,0,0,0,1.0,1.0,1.0,0.0,0.0,0.0,4,0,0
1102,52,15,37,10,17,2,23,17,0,0,4,0,0,0,0,0,1,0,0,0,0,0,0,1.0,1.0,1.0,0.0,0.0,0.0,4,0,0
1103,52,15,37,10,17,2,23,17,0,0,4,0,0,0,0,0,1,0,0,0,0,0,0,1.0,1.0,1.0,0.0,0.0,0.0,4,0,0
1104,52,15,37,10,17,2,23,17,0,0,4,0,0,0,0,0,1,0,0,0,0,0,0,1.0,1.0,1.0,0.0,0.0,0.0,4,0,0
1105,51,15,36,10,16,2,23,17,0,0,4,0,0,0,0,0,1,0,0,0,1,0,1,0.962962962962963,1.0,1.0,0.0,0.0,0.0,4,0,1
1106,51,15,36,10,16,2,23,17,0,0,4,0,0,0,0,0,1,0,0,0,0,0,0,1.0,1.0,1.0,0.0,0.0,0.0,4,0,0
1107,51,15,36,10,16,2,23,17,0,0,4,0,0,0,0,0,1,0,0,0,0,0,0,1.0,1.0,1.0,0.0,0.0,0.0,4,0,0
1108,51,15,36,10,16,2,23,17,0,0,4,0,0,0,0,0,1,0,0,0,0,0,0,1.0,1.0,1.0,0.0,0.0,0.0,4,0,0
1109,51,15,36,10,16,2,23,17,0,0,4,0,0,0,0,0,1,0,0,0,0,0,0,1.0,1.0,1.0,0.0,0.0,0.0,4,0,0
1110,51,15,36,10,16,2,23,17,0,0,4,0,0,0,0,0,1,0,0,0,0,0,0,1.0,1.0,1.0,0.0,0.0,0.0,4,0,0
1111,50,14,36,10,15,2,23,17,0,0,4,0,0,0,0,0,1,0,0,0,1,0,1,0.9615384615384616,1.0,1.0,0.0,0.0,0.0,4,0,1
1112,49,14,35,10,14,2,23,17,0,0,4,0,0,0,0,0,1,0,0,0,1,0,1,0.96,1.0,1.0,0.0,0.0,0.0,4,0,1
1113,49,14,35,10,14,2,23,17,0,0,4,0,0,0,0,0,1,0,0,0,0,0,0,1.0,1.0,1.0,0.0,0.0,0.0,4,0,0
1114,49,14,35,10,14,2,23,17,0,0,4,0,0,0,0,0,1,0,0,0,0,0,0,1.0,1.0,1.0,0.0,0.0,0.0,4,0,0
1115,48,13,35,9,14,2,23,17,0,0,4,0,0,0,0,0,1,0,0,0,1,0,1,0.9583333333333334,1.0,1.0,0.0,0.0,0.0,4,0,1
1116,47,13,34,8,14,2,23,17,0,0,4,0,0,0,0,0,1,0,0,0,1,0,1,0.9565217391304348,1.0,1.0,0.0,0.0,0.0,4,0,1
1117,47,13,34,8,14,2,23,17,0,0,4,0,0,0,0,0,1,0,0,0,0,0,0,1.0,1.0,1.0,0.0,0.0,0.0,4,0,0
1118,47,13,34,8,14,2,23,17,0,0,4,0,0,0,0,0,1,0,0,0,0,0,0,1.0,1.0,1.0,0.0,0.0,0.0,4,0,0
1119,47,13,34,8,14,2,23,17,0,0,4,0,0,0,0,0,1,0,0,0,0,0,0,1.0,1.0,1.0,0.0,0.0,0.0,4,0,0
1120,47,13,34,8,14,2,23,17,0,0,4,0,0,0,0,0,1,0,0,0,0,0,0,1.0,1.0,1.0,0.0,0.0,0.0,4,0,0
1121,47,13,34,8,14,2,23,17,0,0,4,0,0,0,0,0,1,0,0,0,0,0,0,1.0,1.0,1.0,0.0,0.0,0.0,4,0,0
1122,46,13,33,5,16,2,23,17,0,0,4,0,0,0,0,0,1,0,0,0,1,0,1,0.9545454545454546,1.0,1.0,0.0,0.0,0.0,4,0,1
1123,45,13,32,5,16,2,22,16,0,0,3,0,0,0,0,0,1,0,0,0,0,0,0,1.0,1.0,0.9411764705882353,0.0,0.0,0.0,4,0,1
1124,45,13,32,5,16,2,22,16,0,0,2,0,0,0,0,0,1,0,0,0,0,0,0,1.0,1.0,1.0,0.0,0.0,0.0,4,0,0
1125,45,13,32,5,16,2,22,16,2,1,2,0,0,0,0,0,11,2,1,0,0,0,0,1.0,1.0,1.0,0.0,0.0,0.18181818181818182,4,0,0
1126,45,13,32,5,16,1,23,17,5,1,2,0,0,0,0,0,17,3,0,0,0,0,0,1.0,1.0,1.0,0.0,0.0,0.17647058823529413,4,0,0
1127,45,13,32,5,16,1,23,17,9,1,2,0,0,0,0,0,15,4,0,0,0,0,0,1.0,1.0,1.0,0.0,0.0,0.26666666666666666,4,0,0
1128,45,13,32,5,16,1,23,17,9,1,2,0,0,0,0,0,6,0,0,0,0,0,0,1.0,1.0,1.0,0.0,0.0,0.0,4,0,0
1129,45,13,32,5,16,1,23,17,10,1,2,0,0,0,0,0,2,1,0,0,0,0,0,1.0,1.0,1.0,0.0,0.0,0.5,4,0,0
1130,45,13,32,5,16,1,23,17,10,1,2,0,0,0,0,0,0,0,0,0,0,0,0,1.0,1.0,1.0,0.0,0.0,0.0,4,0,0
1131,45,13,32,5,16,1,23,17,10,1,2,0,0,0,0,0,0,0,0,0,0,0,0,1.0,1.0,1.0,0.0,0.0,0.0,4,0,0
1132,45,13,32,5,16,1,23,17,10,1,2,0,0,0,0,0,0,0,0,0,0,0,0,1.0,1.0,1.0,0.0,0.0,0.0,4,0,0
1133,45,13,32,5,16,1,23,17,10,1,2,0,0,0,0,0,0,0,0,0,0,0,0,1.0,1.0,1.0,0.0,0.0,0.0,4,0,0
1134,45,13,32,5,16,1,23,17,10,1,2,0,0,0,0,0,0,0,0,0,0,0,0,1.0,1.0,1.0,0.0,0.0,0.0,4,0,0
1135,45,13,32,4,17,1,23,17,10,1,2,0,0,0,0,0,0,0,0,0,0,0,0,1.0,1.0,1.0,0.0,0.0,0.0,4,0,0
1136,44,13,31,2,19,1,22,16,9,1,2,0,0,0,0,0,0,0,0,0,0,0,0,1.0,1.0,0.9411764705882353,0.0,0.0,0.0,4,0,1
1137,44,13,31,0,21,1,22,16,9,1,1,0,0,0,0,0,0,0,0,0,0,0,0,1.0,1.0,1.0,0.0,0.0,0.0,4,0,0
1138,44,13,31,0,21,1,22,16,11,2,1,0,0,0,0,0,11,2,1,0,0,0,0,1.0,1.0,1.0,0.0,0.0,0.18181818181818182,4,0,0
1139,44,13,31,0,21,1,22,16,13,2,0,0,0,0,0,0,9,2,0,0,0,0,0,1.0,1.0,1.0,0.0,0.0,0.2222222222222222,4,0,0
1140,44,13,31,0,21,1,22,16,14,2,0,0,0,0,0,0,3,1,0,0,0,0,0,1.0,1.0,1.0,0.0,0.0,0.3333333333333333,4,0,0
1141,44,13,31,0,21,1,22,16,14,2,0,0,0,0,0,0,0,0,0,0,0,0,0,1.0,1.0,1.0,0.0,0.0,0.0,4,0,0
1142,44,13,31,0,21,1,22,16,14,2,0,0,0,0,0,0,0,0,0,0,0,0,0,1.0,1.0,1.0,0.0,0.0,0.0,4,0,0
1143,44,13,31,0,21,1,22,16,14,2,0,0,0,0,0,0,0,0,0,0,0,0,0,1.0,1.0,1.0,0.0,0.0,0.0,4,0,0
1144,43,13,30,0,20,1,22,16,14,2,0,0,0,0,0,0,0,0,0,0,1,0,1,0.9523809523809523,1.0,1.0,0.0,0.0,0.0,4,0,1
1145,43,13,30,0,20,1,22,16,14,2,0,0,0,0,0,0,0,0,0,0,0,0,0,1.0,1.0,1.0,0.0,0.0,0.0,4,0,0
1146,43,13,30,0,20,1,22,16,14,2,0,0,0,0,0,0,0,0,0,0,0,0,0,1.0,1.0,1.0,0.0,0.0,0.0,4,0,0
1147,43,13,30,0,20,1,22,16,14,2,0,0,0,0,0,0,0,0,0,0,0,0,0,1.0,1.0,1.0,0.0,0.0,0.0,4,0,0
1148,43,13,30,0,20,1,22,16,14,2,0,0,0,0,0,0,0,0,0,0,0,0,0,1.0,1.0,1.0,0.0,0.0,0.0,4,0,0
1149,43,13,30,0,20,1,22,16,14,2,0,0,0,0,0,0,0,0,0,0,0,0,0,1.0,1.0,1.0,0.0,0.0,0.0,4,0,0
1150,42,13,29,0,20,1,21,15,13,2,0,0,0,0,0,0,0,0,0,0,0,0,0,1.0,1.0,0.9375,0.0,0.0,0.0,4,0,1
1151,42,13,29,0,20,1,21,15,13,2,0,0,0,0,0,0,0,0,0,0,0,0,0,1.0,1.0,1.0,0.0,0.0,0.0,4,0,0
1152,42,13,29,0,20,1,21,15,13,2,0,0,0,0,0,0,0,0,0,0,0,0,0,1.0,1.0,1.0,0.0,0.0,0.0,4,0,0
1153,42,13,29,0,20,1,21,15,13,2,0,0,0,0,0,0,0,0,0,0,0,0,0,1.0,1.0,1.0,0.0,0.0,0.0,4,0,0
1154,42,13,29,0,20,1,21,15,13,2,0,0,0,0,0,0,0,0,0,0,0,0,0,1.0,1.0,1.0,0.0,0.0,0.0,4,0,0
1155,42,13,29,0,20,1,21,15,13,2,0,0,0,0,0,0,0,0,0,0,0,0,0,1.0,1.0,1.0,0.0,0.0,0.0,4,0,0
1156,42,13,29,0,20,1,21,15,13,2,0,0,0,0,0,0,0,0,0,0,0,0,0,1.0,1.0,1.0,0.0,0.0,0.0,4,0,0
1157,42,13,29,0,20,1,21,15,13,2,0,0,0,0,0,0,0,0,0,0,0,0,0,1.0,1.0,1.0,0.0,0.0,0.0,4,0,0
1158,42,13,29,0,20,1,21,15,13,2,0,0,0,0,0,0,0,0,0,0,0,0,0,1.0,1.0,1.0,0.0,0.0,0.0,4,0,0
1159,42,13,29,0,20,1,21,15,13,2,0,0,0,0,0,0,0,0,0,0,0,0,0,1.0,1.0,1.0,0.0,0.0,0.0,4,0,0
1160,42,13,29,0,20,1,21,15,13,2,0,0,0,0,0,0,0,0,0,0,0,0,0,1.0,1.0,1.0,0.0,0.0,0.0,4,0,0
1161,42,13,29,0,20,1,21,15,13,2,0,0,0,0,0,0,0,0,0,0,0,0,0,1.0,1.0,1.0,0.0,0.0,0.0,4,0,0
1162,42,13,29,0,20,1,21,15,13,2,0,0,0,0,0,0,0,0,0,0,0,1,0,1.0,1.0,1.0,0.0,0.0,0.0,4,0,0
1163,42,13,29,0,20,1,21,15,13,2,0,0,0,0,0,0,0,0,0,0,0,0,0,1.0,1.0,1.0,0.0,0.0,0.0,4,0,0
1164,42,13,29,0,20,1,21,15,13,2,0,0,0,0,0,0,0,0,0,0,0,0,0,1.0,1.0,1.0,0.0,0.0,0.0,4,0,0
1165,42,13,29,0,20,1,21,15,13,2,0,0,0,0,0,0,0,0,0,0,0,0,0,1.0,1.0,1.0,0.0,0.0,0.0,4,0,0
1166,42,13,29,0,19,2,21,15,13,2,0,0,0,0,0,0,0,0,0,0,0,1,0,1.0,1.0,1.0,0.0,0.0,0.0,4,0,0
1167,42,13,29,0,19,2,21,15,13,2,0,0,0,0,0,0,0,0,0,0,0,0,0,1.0,1.0,1.0,0.0,0.0,0.0,4,0,0
1168,42,13,29,0,19,2,21,15,13,2,0,0,0,0,0,0,0,0,0,0,0,0,0,1.0,1.0,1.0,0.0,0.0,0.0,4,0,0
1169,42,13,29,0,19,2,21,15,13,2,0,0,0,0,0,0,0,0,0,0,0,2,0,1.0,1.0,1.0,0.0,0.0,0.0,4,0,0
1170,42,13,29,0,18,3,21,15,13,1,0,0,0,0,0,0,0,0,0,0,0,0,0,1.0,1.0,1.0,0.0,0.0,0.0,4,0,0
1171,42,13,29,0,18,3,21,15,13,1,0,0,0,0,0,0,8,0,0,0,0,0,0,1.0,1.0,1.0,0.0,0.0,0.0,4,0,0
1172,42,13,29,0,18,3,21,15,14,1,0,0,0,0,0,0,4,1,0,0,0,0,0,1.0,1.0,1.0,0.0,0.0,0.25,4,0,0
1173,42,13,29,0,16,5,21,15,14,1,0,0,0,0,0,0,0,0,0,0,0,0,0,1.0,1.0,1.0,0.0,0.0,0.0,4,0,0
1174,42,13,29,0,16,5,21,15,14,1,0,0,0,0,0,0,0,0,0,0,0,0,0,1.0,1.0,1.0,0.0,0.0,0.0,4,0,0
1175,42,13,29,0,16,5,21,15,14,1,0,0,0,0,0,0,0,0,0,0,0,0,0,1.0,1.0,1.0,0.0,0.0,0.0,4,0,0
1176,42,13,29,0,16,5,21,15,14,1,0,0,0,0,0,0,0,0,0,0,0,0,0,1.0,1.0,1.0,0.0,0.0,0.0,4,0,0
1177,42,13,29,0,16,5,21,15,14,1,0,0,0,0,0,0,0,0,0,0,0,0,0,1.0,1.0,1.0,0.0,0.0,0.0,4,0,0
1178,42,13,29,0,16,5,21,15,14,1,0,0,0,0,0,0,0,0,0,0,0,0,0,1.0,1.0,1.0,0.0,0.0,0.0,4,0,0
1179,42,13,29,0,16,5,21,15,14,1,0,0,0,0,0,0,0,0,0,0,0,0,0,1.0,1.0,1.0,0.0,0.0,0.0,4,0,0
1180,42,13,29,0,16,5,21,15,14,1,0,0,0,0,0,0,0,0,0,0,0,0,0,1.0,1.0,1.0,0.0,0.0,0.0,4,0,0
1181,42,13,29,0,16,5,21,15,14,1,0,0,0,0,0,0,0,0,0,0,0,0,0,1.0,1.0,1.0,0.0,0.0,0.0,4,0,0
1182,42,13,29,0,16,5,21,15,14,1,0,0,0,0,0,0,0,0,0,0,0,0,0,1.0,1.0,1.0,0.0,0.0,0.0,4,0,0
1183,42,13,29,0,16,5,21,15,14,0,0,0,0,0,0,0,0,0,0,0,0,2,0,1.0,1.0,1.0,0.0,0.0,0.0,4,0,0
1184,42,13,29,0,16,5,21,15,14,0,0,0,0,0,0,0,1,0,0,0,0,0,0,1.0,1.0,1.0,0.0,0.0,0.0,4,0,0
1185,42,13,29,0,16,5,21,15,15,0,0,0,0,0,0,0,3,1,0,0,0,0,0,1.0,1.0,1.0,0.0,0.0,0.3333333333333333,4,0,0
1186,42,13,29,0,16,5,21,15,15,0,0,0,0,0,0,0,0,0,0,0,0,0,0,1.0,1.0,1.0,0.0,0.0,0.0,4,0,0
1187,42,13,29,0,14,7,21,15,15,0,0,0,0,0,0,0,0,0,0,0,0,1,0,1.0,1.0,1.0,0.0,0.0,0.0,4,0,0
1188,42,13,29,0,14,7,21,15,15,0,0,0,0,0,0,0,0,0,0,0,0,0,0,1.0,1.0,1.0,0.0,0.0,0.0,4,0,0
1189,42,13,29,0,14,7,21,15,15,0,0,0,0,0,0,0,0,0,0,0,0,0,0,1.0,1.0,1.0,0.0,0.0,0.0,4,0,0
1190,45,14,31,3,14,7,21,15,14,0,1,0,0,0,0,0,0,0,0,1,0,0,0,1.0,1.0,1.0,0.07142857142857142,0.07142857142857142,0.0,4,3,0
1191,56,23,33,14,13,7,22,15,11,0,4,0,0,0,0,0,0,0,0,3,0,0,0,1.0,1.0,1.0,0.24444444444444444,0.24444444444444444,0.0,4,11,0
1192,66,30,36,24,13,7,22,15,8,0,7,0,0,0,0,0,0,0,0,3,0,0,0,1.0,1.0,1.0,0.17857142857142858,0.17857142857142858,0.0,4,10,0
1193,66,30,36,24,13,7,22,15,8,0,7,0,0,0,0,0,0,0,0,0,0,0,0,1.0,1.0,1.0,0.0,0.0,0.0,4,0,0
1194,67,30,37,25,13,7,22,15,7,0,8,0,0,0,0,0,0,0,0,1,3,0,3,0.9189189189189189,1.0,1.0,0.06060606060606061,0.06060606060606061,0.0,4,4,3
1195,64,29,35,22,13,7,22,15,7,0,8,0,0,0,0,0,0,0,0,0,3,0,3,0.9210526315789473,1.0,1.0,0.0,0.0,0.0,4,0,3
1196,62,27,35,21,13,6,22,15,7,0,8,0,0,0,0,0,0,0,0,0,1,0,1,0.9714285714285714,1.0,1.0,0.0,0.0,0.0,4,0,2
1197,62,27,35,21,13,6,22,15,7,0,8,0,0,0,0,0,0,0,0,0,0,0,0,1.0,1.0,1.0,0.0,0.0,0.0,4,0,0
1198,61,26,35,21,12,6,22,15,7,0,8,0,0,0,0,0,0,0,0,0,1,0,1,0.9705882352941176,1.0,1.0,0.0,0.0,0.0,4,0,1
1199,60,25,35,21,11,6,22,15,7,0,8,0,0,0,0,0,0,0,0,0,1,0,1,0.9696969696969697,1.0,1.0,0.0,0.0,0.0,4,0,1
1200,60,25,35,21,11,6,22,15,7,0,8,0,0,0,0,0,0,0,0,0,0,0,0,1.0,1.0,1.0,0.0,0.0,0.0,4,0,0
1201,60,25,35,21,11,6,22,15,7,0,8,0,0,0,0,0,0,0,0,0,0,0,0,1.0,1.0,1.0,0.0,0.0,0.0,4,0,0
1202,59,25,34,20,11,6,22,15,7,0,8,0,0,0,0,0,0,0,0,0,1,0,1,0.96875,1.0,1.0,0.0,0.0,0.0,4,0,1
1203,66,27,39,27,11,6,22,15,5,0,10,0,0,0,0,0,0,0,0,2,0,0,0,1.0,1.0,1.0,0.11864406779661017,0.11864406779661017,0.0,4,7,0
1204,71,33,38,33,10,6,22,15,3,0,12,0,0,0,0,0,0,0,0,2,2,0,2,0.9473684210526316,1.0,1.0,0.10606060606060606,0.10606060606060606,0.0,4,7,2
1205,73,33,40,36,9,6,22,15,2,0,13,0,0,0,0,0,0,0,0,1,1,0,1,0.9767441860465116,1.0,1.0,0.04225352112676056,0.04225352112676056,0.0,4,3,1
1206,67,30,37,31,8,6,22,15,2,0,13,0,0,0,0,0,0,0,0,0,6,0,6,0.8666666666666667,1.0,1.0,0.0,0.0,0.0,4,0,6
1207,66,29,37,30,8,6,22,15,2,0,13,0,0,0,0,0,0,0,0,0,1,0,1,0.9743589743589743,1.0,1.0,0.0,0.0,0.0,4,0,1
1208,62,26,36,26,8,6,22,15,2,0,13,0,0,0,0,0,0,0,0,0,4,0,4,0.8947368421052632,1.0,1.0,0.0,0.0,0.0,4,0,4
1209,61,25,36,25,8,6,22,15,2,0,13,0,0,0,0,0,0,0,0,0,1,0,1,0.9705882352941176,1.0,1.0,0.0,0.0,0.0,4,0,1
1210,59,25,34,24,7,6,22,15,2,0,13,0,0,0,0,0,0,0,0,0,2,0,2,0.9393939393939394,1.0,1.0,0.0,0.0,0.0,4,0,2
1211,59,25,34,24,7,6,22,15,2,0,13,0,0,0,0,0,0,0,0,0,0,0,0,1.0,1.0,1.0,0.0,0.0,0.0,4,0,0
1212,57,24,33,24,5,6,22,15,2,0,13,0,0,0,0,0,0,0,0,0,2,0,2,0.935483870967742,1.0,1.0,0.0,0.0,0.0,4,0,2
1213,56,24,32,23,5,6,22,15,2,0,13,0,0,0,0,0,0,0,0,0,1,0,1,0.9655172413793104,1.0,1.0,0.0,0.0,0.0,4,0,1
1214,55,23,32,23,5,5,22,15,2,0,13,0,0,0,0,0,0,0,0,0,0,0,0,1.0,1.0,1.0,0.0,0.0,0.0,4,0,1
1215,55,23,32,23,5,5,22,15,2,0,13,0,0,0,0,0,0,0,0,0,0,0,0,1.0,1.0,1.0,0.0,0.0,0.0,4,0,0
1216,54,22,32,23,5,5,21,15,2,0,13,0,0,0,0,0,0,0,0,0,0,0,0,1.0,0.8571428571428572,1.0,0.0,0.0,0.0,4,0,1
1217,54,22,32,23,5,5,21,15,2,0,13,0,0,0,0,0,0,0,0,0,0,0,0,1.0,1.0,1.0,0.0,0.0,0.0,4,0,0
1218,53,22,31,23,4,5,21,15,2,0,13,0,0,0,0,0,0,0,0,0,1,0,1,0.9642857142857143,1.0,1.0,0.0,0.0,0.0,4,0,1
1219,53,22,31,23,4,5,21,15,2,0,13,0,0,0,0,0,0,0,0,0,0,0,0,1.0,1.0,1.0,0.0,0.0,0.0,4,0,0
1220,53,22,31,23,4,5,21,15,2,0,13,0,0,0,0,0,0,0,0,0,0,0,0,1.0,1.0,1.0,0.0,0.0,0.0,4,0,0
1221,53,22,31,23,4,5,21,15,2,0,13,0,0,0,0,0,0,0,0,0,0,0,0,1.0,1.0,1.0,0.0,0.0,0.0,4,0,0
1222,53,22,31,23,4,5,21,15,2,0,13,0,0,0,0,0,0,0,0,0,0,0,0,1.0,1.0,1.0,0.0,0.0,0.0,4,0,0
1223,52,21,31,22,4,5,21,15,2,0,13,0,0,0,0,0,0,0,0,0,1,0,1,0.962962962962963,1.0,1.0,0.0,0.0,0.0,4,0,1
1224,52,21,31,22,4,5,21,15,2,0,13,0,0,0,0,0,0,0,0,0,0,0,0,1.0,1.0,1.0,0.0,0.0,0.0,4,0,0
1225,52,21,31,22,4,5,21,15,2,0,13,0,0,0,0,0,0,0,0,0,0,0,0,1.0,1.0,1.0,0.0,0.0,0.0,4,0,0
1226,51,20,31,21,4,5,21,15,2,0,13,0,0,0,0,0,0,0,0,0,1,0,1,0.9615384615384616,1.0,1.0,0.0,0.0,0.0,4,0,1
1227,51,20,31,21,4,5,21,15,2,0,13,0,0,0,0,0,0,0,0,0,0,0,0,1.0,1.0,1.0,0.0,0.0,0.0,4,0,0
1228,50,20,30,20,4,5,21,15,2,0,13,0,0,0,0,0,0,0,0,0,1,1,1,0.96,1.0,1.0,0.0,0.0,0.0,4,0,1
1229,50,20,30,20,4,5,21,15,2,0,13,0,0,0,0,0,0,0,0,0,0,1,0,1.0,1.0,1.0,0.0,0.0,0.0,4,0,0
1230,50,20,30,20,4,5,21,15,2,0,13,0,0,0,0,0,0,0,0,0,0,0,0,1.0,1.0,1.0,0.0,0.0,0.0,4,0,0
1231,50,20,30,20,4,5,21,15,2,0,13,0,0,0,0,0,0,0,0,0,0,0,0,1.0,1.0,1.0,0.0,0.0,0.0,4,0,0
1232,50,20,30,20,3,6,21,15,2,0,13,0,0,0,0,0,0,0,0,0,0,0,0,1.0,1.0,1.0,0.0,0.0,0.0,4,0,0
1233,50,20,30,19,3,7,21,15,2,0,13,0,0,0,0,0,0,0,0,0,0,0,0,1.0,1.0,1.0,0.0,0.0,0.0,4,0,0
1234,48,20,28,11,9,7,21,15,2,0,13,0,0,0,0,0,0,0,0,0,2,0,2,0.9090909090909091,1.0,1.0,0.0,0.0,0.0,4,0,2
1235,48,20,28,8,12,7,21,15,2,0,12,0,0,0,0,0,0,0,0,0,0,0,0,1.0,1.0,1.0,0.0,0.0,0.0,4,0,0
1236,47,20,27,7,12,7,21,15,3,0,9,0,0,0,0,0,7,1,0,0,1,0,1,0.95,1.0,1.0,0.0,0.0,0.14285714285714285,4,0,1
1237,51,23,28,9,14,7,21,15,2,1,7,0,0,0,0,0,8,0,1,1,0,0,0,1.0,1.0,1.0,0.0851063829787234,0.0851063829787234,0.0,4,4,0
1238,51,23,28,9,14,7,21,15,3,1,7,0,0,0,0,0,18,1,0,0,0,0,0,1.0,1.0,1.0,0.0,0.0,0.05555555555555555,4,0,0
1239,51,23,28,9,14,7,21,15,6,1,6,0,0,0,0,0,10,3,0,0,0,0,0,1.0,1.0,1.0,0.0,0.0,0.3,4,0,0
1240,50,22,28,9,13,7,21,15,8,1,6,0,0,0,0,0,7,2,0,0,1,0,1,0.9565217391304348,1.0,1.0,0.0,0.0,0.2857142857142857,4,0,1
1241,50,22,28,9,13,7,21,15,8,1,6,0,0,0,0,0,0,0,0,0,0,0,0,1.0,1.0,1.0,0.0,0.0,0.0,4,0,0
1242,50,22,28,9,13,7,21,15,8,1,6,0,0,0,0,0,0,0,0,0,0,0,0,1.0,1.0,1.0,0.0,0.0,0.0,4,0,0
1243,50,22,28,9,13,7,21,15,8,1,6,0,0,0,0,0,0,0,0,0,0,0,0,1.0,1.0,1.0,0.0,0.0,0.0,4,0,0
1244,50,22,28,9,13,7,21,15,8,1,6,0,0,0,0,0,0,0,0,0,0,0,0,1.0,1.0,1.0,0.0,0.0,0.0,4,0,0
1245,48,21,27,9,12,6,21,15,8,1,6,0,0,0,0,0,0,0,0,0,1,0,1,0.9545454545454546,1.0,1.0,0.0,0.0,0.0,4,0,2
1246,48,21,27,5,16,6,21,15,8,1,6,0,0,0,0,0,0,0,0,0,0,0,0,1.0,1.0,1.0,0.0,0.0,0.0,4,0,0
1247,48,21,27,4,17,6,21,15,8,1,6,0,0,0,0,0,0,0,0,0,0,0,0,1.0,1.0,1.0,0.0,0.0,0.0,4,0,0
1248,48,21,27,4,17,6,21,15,8,1,4,0,0,0,0,0,0,0,0,0,0,0,0,1.0,1.0,1.0,0.0,0.0,0.0,4,0,0
1249,48,21,27,4,17,6,21,15,9,2,2,0,0,0,0,0,6,1,1,0,0,0,0,1.0,1.0,1.0,0.0,0.0,0.16666666666666666,4,0,0
1250,51,20,31,8,16,6,21,15,10,2,2,0,0,0,0,0,10,2,0,1,1,0,1,0.9523809523809523,1.0,1.0,0.08333333333333333,0.08333333333333333,0.2,4,4,1
1251,49,18,31,7,16,6,20,15,11,2,2,0,0,0,0,0,8,1,0,0,1,0,1,0.9583333333333334,0.8333333333333334,1.0,0.0,0.0,0.125,4,0,2
1252,49,18,31,7,16,6,20,15,11,2,2,0,0,0,0,0,0,0,0,0,0,0,0,1.0,1.0,1.0,0.0,0.0,0.0,4,0,0
1253,48,17,31,6,16,5,21,16,11,2,2,0,0,0,0,0,0,0,0,0,1,0,1,0.9565217391304348,1.0,1.0,0.0,0.0,0.0,4,0,1
1254,48,17,31,6,16,5,21,16,11,2,2,0,0,0,0,0,0,0,0,0,0,0,0,1.0,1.0,1.0,0.0,0.0,0.0,4,0,0
1255,48,17,31,6,16,5,21,16,11,2,2,0,0,0,0,0,2,0,0,0,0,0,0,1.0,1.0,1.0,0.0,0.0,0.0,4,0,0
1256,48,17,31,6,16,5,21,16,11,3,2,0,0,0,0,0,3,0,1,0,0,0,0,1.0,1.0,1.0,0.0,0.0,0.0,4,0,0
1257,48,17,31,6,16,5,21,16,11,3,2,0,0,0,0,0,0,0,0,0,0,0,0,1.0,1.0,1.0,0.0,0.0,0.0,4,0,0
1258,48,17,31,6,16,5,21,16,11,3,2,0,0,0,0,0,0,0,0,0,0,0,0,1.0,1.0,1.0,0.0,0.0,0.0,4,0,0
1259,48,17,31,6,16,5,21,16,11,3,2,0,0,0,0,0,0,0,0,0,0,0,0,1.0,1.0,1.0,0.0,0.0,0.0,4,0,0
1260,48,17,31,6,16,5,21,16,11,3,2,0,0,0,0,0,0,0,0,0,0,0,0,1.0,1.0,1.0,0.0,0.0,0.0,4,0,0
1261,48,17,31,6,16,5,21,16,11,3,2,0,0,0,0,0,0,0,0,0,0,0,0,1.0,1.0,1.0,0.0,0.0,0.0,4,0,0
1262,48,17,31,6,16,5,21,16,11,3,2,0,0,0,0,0,0,0,0,0,0,0,0,1.0,1.0,1.0,0.0,0.0,0.0,4,0,0
1263,48,17,31,6,16,5,21,16,11,3,2,0,0,0,0,0,0,0,0,0,0,0,0,1.0,1.0,1.0,0.0,0.0,0.0,4,0,0
1264,48,17,31,6,16,5,21,16,11,3,2,0,0,0,0,0,0,0,0,0,0,0,0,1.0,1.0,1.0,0.0,0.0,0.0,4,0,0
1265,48,17,31,6,16,5,21,16,11,3,2,0,0,0,0,0,0,0,0,0,0,0,0,1.0,1.0,1.0,0.0,0.0,0.0,4,0,0
1266,47,16,31,6,15,5,21,16,11,3,2,0,0,0,0,0,0,0,0,0,1,0,1,0.9545454545454546,1.0,1.0,0.0,0.0,0.0,4,0,1
1267,47,16,31,6,15,5,21,16,11,3,2,0,0,0,0,0,0,0,0,0,0,0,0,1.0,1.0,1.0,0.0,0.0,0.0,4,0,0
1268,47,16,31,6,15,5,21,16,11,3,2,0,0,0,0,0,0,0,0,0,0,0,0,1.0,1.0,1.0,0.0,0.0,0.0,4,0,0
1269,47,16,31,6,15,5,21,16,11,3,2,0,0,0,0,0,0,0,0,0,0,0,0,1.0,1.0,1.0,0.0,0.0,0.0,4,0,0
1270,47,16,31,6,15,5,21,16,11,3,2,0,0,0,0,0,0,0,0,0,0,0,0,1.0,1.0,1.0,0.0,0.0,0.0,4,0,0
1271,47,16,31,6,15,5,21,16,11,3,2,0,0,0,0,0,0,0,0,0,0,0,0,1.0,1.0,1.0,0.0,0.0,0.0,4,0,0
1272,46,15,31,6,14,5,21,16,11,3,2,0,0,0,0,0,0,0,0,0,1,0,1,0.9523809523809523,1.0,1.0,0.0,0.0,0.0,4,0,1
1273,45,15,30,6,14,5,20,15,10,3,2,0,0,0,0,0,0,0,0,0,0,1,0,1.0,1.0,0.9375,0.0,0.0,0.0,4,0,1
1274,45,15,30,6,14,5,20,15,10,3,2,0,0,0,0,0,0,0,0,0,0,0,0,1.0,1.0,1.0,0.0,0.0,0.0,4,0,0
1275,45,15,30,6,14,5,20,15,10,3,2,0,0,0,0,0,0,0,0,0,0,0,0,1.0,1.0,1.0,0.0,0.0,0.0,4,0,0
1276,45,15,30,6,14,5,20,15,10,3,2,0,0,0,0,0,0,0,0,0,0,0,0,1.0,1.0,1.0,0.0,0.0,0.0,4,0,0
1277,45,15,30,6,13,6,20,15,10,3,2,0,0,0,0,0,0,0,0,0,0,0,0,1.0,1.0,1.0,0.0,0.0,0.0,4,0,0
1278,44,14,30,6,12,5,21,16,10,3,2,0,0,0,0,0,0,0,0,0,1,0,1,0.9473684210526316,1.0,1.0,0.0,0.0,0.0,4,0,1
1279,44,14,30,6,12,5,21,16,10,3,2,0,0,0,0,0,0,0,0,0,0,0,0,1.0,1.0,1.0,0.0,0.0,0.0,4,0,0
1280,44,14,30,4,14,5,21,16,10,3,2,0,0,0,0,0,0,0,0,0,0,0,0,1.0,1.0,1.0,0.0,0.0,0.0,4,0,0
1281,44,14,30,4,14,5,21,16,11,3,2,0,0,0,0,0,5,1,0,0,0,0,0,1.0,1.0,1.0,0.0,0.0,0.2,4,0,0
1282,44,14,30,4,14,5,21,16,11,2,1,0,0,0,0,0,0,0,0,0,0,0,0,1.0,1.0,1.0,0.0,0.0,0.0,4,0,0
1283,44,14,30,4,14,5,21,16,12,3,1,0,0,0,0,0,8,1,1,0,0,0,0,1.0,1.0,1.0,0.0,0.0,0.125,4,0,0
1284,43,14,29,3,14,5,21,16,12,3,1,0,0,0,0,0,0,0,0,0,1,0,1,0.9444444444444444,1.0,1.0,0.0,0.0,0.0,4,0,1
1285,43,14,29,3,14,5,21,16,12,3,1,0,0,0,0,0,0,0,0,0,0,0,0,1.0,1.0,1.0,0.0,0.0,0.0,4,0,0
1286,43,14,29,3,14,5,21,16,12,3,1,0,0,0,0,0,0,0,0,0,0,0,0,1.0,1.0,1.0,0.0,0.0,0.0,4,0,0
1287,43,14,29,3,14,5,21,16,12,3,1,0,0,0,0,0,0,0,0,0,0,0,0,1.0,1.0,1.0,0.0,0.0,0.0,4,0,0
1288,43,14,29,3,14,5,21,16,12,3,1,0,0,0,0,0,0,0,0,0,0,0,0,1.0,1.0,1.0,0.0,0.0,0.0,4,0,0
1289,43,14,29,3,14,5,21,16,12,3,1,0,0,0,0,0,0,0,0,0,0,0,0,1.0,1.0,1.0,0.0,0.0,0.0,4,0,0
1290,43,14,29,3,14,5,21,16,12,3,1,0,0,0,0,0,0,0,0,0,0,0,0,1.0,1.0,1.0,0.0,0.0,0.0,4,0,0
1291,43,14,29,3,14,5,21,16,12,3,1,0,0,0,0,0,0,0,0,0,0,0,0,1.0,1.0,1.0,0.0,0.0,0.0,4,0,0
1292,43,14,29,3,14,5,21,16,12,3,1,0,0,0,0,0,0,0,0,0,0,0,0,1.0,1.0,1.0,0.0,0.0,0.0,4,0,0
1293,43,14,29,0,17,5,21,16,12,3,1,0,0,0,0,0,0,0,0,0,0,0,0,1.0,1.0,1.0,0.0,0.0,0.0,4,0,0
1294,43,14,29,0,17,5,21,16,12,2,1,0,0,0,0,0,0,0,0,0,0,0,0,1.0,1.0,1.0,0.0,0.0,0.0,4,0,0
1295,43,14,29,0,17,5,21,16,13,2,0,0,0,0,0,0,3,1,0,0,0,0,0,1.0,1.0,1.0,0.0,0.0,0.3333333333333333,4,0,0
1296,42,14,28,0,17,5,20,15,13,1,0,0,0,0,0,0,6,0,0,0,0,0,0,1.0,1.0,0.9375,0.0,0.0,0.0,4,0,1
1297,42,14,28,0,17,5,20,15,14,1,0,0,0,0,0,0,8,1,0,0,0,0,0,1.0,1.0,1.0,0.0,0.0,0.125,4,0,0
1298,42,14,28,0,17,5,20,15,14,1,0,0,0,0,0,0,0,0,0,0,0,0,0,1.0,1.0,1.0,0.0,0.0,0.0,4,0,0
1299,42,14,28,0,17,5,20,15,14,1,0,0,0,0,0,0,0,0,0,0,0,0,0,1.0,1.0,1.0,0.0,0.0,0.0,4,0,0
1300,42,14,28,0,17,5,20,15,14,1,0,0,0,0,0,0,0,0,0,0,0,0,0,1.0,1.0,1.0,0.0,0.0,0.0,4,0,0
1301,45,14,31,3,17,4,21,15,13,1,1,0,0,0,0,0,0,0,0,1,0,0,0,1.0,1.0,1.0,0.07142857142857142,0.07142857142857142,0.0,4,3,0
1302,45,14,31,3,17,4,21,15,13,1,1,0,0,0,0,0,0,0,0,0,0,0,0,1.0,1.0,1.0,0.0,0.0,0.0,4,0,0
1303,48,17,31,6,17,4,21,15,12,1,2,0,0,0,0,0,0,0,0,1,0,0,0,1.0,1.0,1.0,0.06666666666666667,0.06666666666666667,0.0,4,3,0
1304,60,23,37,18,17,4,21,15,9,1,5,0,0,0,0,0,0,0,0,3,0,0,0,1.0,1.0,1.0,0.25,0.25,0.0,4,12,0
1305,61,24,37,21,16,4,20,15,8,1,6,0,0,0,0,0,0,0,0,1,2,0,2,0.9428571428571428,0.8333333333333334,1.0,0.06666666666666667,0.06666666666666667,0.0,4,4,3
1306,61,24,37,21,16,4,20,15,8,1,6,0,0,0,0,0,0,0,0,0,0,0,0,1.0,1.0,1.0,0.0,0.0,0.0,4,0,0
1307,58,23,35,18,16,4,20,15,8,1,6,0,0,0,0,0,0,0,0,0,3,0,3,0.9189189189189189,1.0,1.0,0.0,0.0,0.0,4,0,3
1308,57,23,34,18,15,3,21,16,9,1,6,0,0,0,0,0,4,1,0,0,1,0,1,0.9705882352941176,1.0,1.0,0.0,0.0,0.25,4,0,1
1309,56,23,33,17,15,3,21,16,9,1,6,0,0,0,0,0,0,0,0,0,1,0,1,0.9696969696969697,1.0,1.0,0.0,0.0,0.0,4,0,1
1310,54,23,31,15,15,3,21,16,9,1,6,0,0,0,0,0,0,0,0,0,2,0,2,0.9375,1.0,1.0,0.0,0.0,0.0,4,0,2
1311,53,22,31,15,14,3,21,16,9,1,6,0,0,0,0,0,0,0,0,0,1,0,1,0.9666666666666667,1.0,1.0,0.0,0.0,0.0,4,0,1
1312,53,22,31,15,14,3,21,16,9,1,6,0,0,0,0,0,0,0,0,0,0,0,0,1.0,1.0,1.0,0.0,0.0,0.0,4,0,0
1313,52,21,31,14,14,3,21,16,9,1,6,0,0,0,0,0,0,0,0,0,1,0,1,0.9655172413793104,1.0,1.0,0.0,0.0,0.0,4,0,1
1314,56,23,33,18,14,3,21,16,8,1,7,0,0,0,0,0,0,0,0,1,0,0,0,1.0,1.0,1.0,0.07692307692307693,0.07692307692307693,0.0,4,4,0
1315,62,26,36,24,14,3,21,16,6,1,9,0,0,0,0,0,0,0,0,2,0,0,0,1.0,1.0,1.0,0.10714285714285714,0.10714285714285714,0.0,4,6,0
1316,64,28,36,26,14,3,21,16,5,1,10,0,0,0,0,0,0,0,0,1,1,0,1,0.9736842105263158,1.0,1.0,0.04838709677419355,0.04838709677419355,0.0,4,3,1
1317,62,27,35,25,13,3,21,16,5,1,10,0,0,0,0,0,0,0,0,0,2,0,2,0.95,1.0,1.0,0.0,0.0,0.0,4,0,2
1318,61,27,34,25,12,3,21,16,5,1,10,0,0,0,0,0,0,0,0,0,1,0,1,0.9736842105263158,1.0,1.0,0.0,0.0,0.0,4,0,1
1319,61,27,34,25,12,3,21,16,5,1,10,0,0,0,0,0,0,0,0,0,0,0,0,1.0,1.0,1.0,0.0,0.0,0.0,4,0,0
1320,59,26,33,23,12,3,21,16,5,1,10,0,0,0,0,0,0,0,0,0,2,0,2,0.9459459459459459,1.0,1.0,0.0,0.0,0.0,4,0,2
1321,58,26,32,22,12,3,21,16,5,1,10,0,0,0,0,0,0,0,0,0,1,0,1,0.9714285714285714,1.0,1.0,0.0,0.0,0.0,4,0,1
1322,58,26,32,22,12,3,21,16,5,1,10,0,0,0,0,0,0,0,0,0,0,0,0,1.0,1.0,1.0,0.0,0.0,0.0,4,0,0
1323,58,26,32,22,12,3,21,16,5,1,10,0,0,0,0,0,0,0,0,0,0,0,0,1.0,1.0,1.0,0.0,0.0,0.0,4,0,0
1324,57,26,31,22,11,3,21,16,5,1,10,0,0,0,0,0,0,0,0,0,1,0,1,0.9705882352941176,1.0,1.0,0.0,0.0,0.0,4,0,1
1325,55,24,31,20,11,3,21,16,5,1,10,0,0,0,0,0,0,0,0,0,2,0,2,0.9393939393939394,1.0,1.0,0.0,0.0,0.0,4,0,2
1326,55,24,31,20,11,3,21,16,5,1,10,0,0,0,0,0,0,0,0,0,0,0,0,1.0,1.0,1.0,0.0,0.0,0.0,4,0,0
1327,55,24,31,20,11,3,21,16,5,1,10,0,0,0,0,0,0,0,0,0,0,0,0,1.0,1.0,1.0,0.0,0.0,0.0,4,0,0
1328,55,24,31,20,11,3,21,16,5,0,10,0,0,0,0,0,0,0,0,0,0,0,0,1.0,1.0,1.0,0.0,0.0,0.0,4,0,0
1329,55,24,31,20,11,3,21,16,6,0,10,0,0,0,0,0,6,1,0,0,0,0,0,1.0,1.0,1.0,0.0,0.0,0.16666666666666666,4,0,0
1330,55,24,31,20,11,3,21,16,6,0,10,0,0,0,0,0,0,0,0,0,0,0,0,1.0,1.0,1.0,0.0,0.0,0.0,4,0,0
1331,55,24,31,20,11,3,21,16,6,0,10,0,0,0,0,0,0,0,0,0,0,0,0,1.0,1.0,1.0,0.0,0.0,0.0,4,0,0
1332,55,24,31,20,11,2,22,17,6,0,10,0,0,0,0,0,0,0,0,0,0,0,0,1.0,1.0,1.0,0.0,0.0,0.0,4,0,0
1333,54,24,30,19,11,2,22,17,6,0,10,0,0,0,0,0,4,0,0,0,1,0,1,0.967741935483871,1.0,1.0,0.0,0.0,0.0,4,0,1
1334,54,24,30,19,11,2,22,17,7,0,10,0,0,0,0,0,4,1,0,0,0,0,0,1.0,1.0,1.0,0.0,0.0,0.25,4,0,0
1335,54,24,30,19,11,2,22,17,7,0,10,0,0,0,0,0,0,0,0,0,0,0,0,1.0,1.0,1.0,0.0,0.0,0.0,4,0,0
1336,54,24,30,19,11,2,22,17,7,0,10,0,0,0,0,0,0,0,0,0,0,0,0,1.0,1.0,1.0,0.0,0.0,0.0,4,0,0
1337,54,24,30,19,11,2,22,17,7,0,10,0,0,0,0,0,0,0,0,0,0,0,0,1.0,1.0,1.0,0.0,0.0,0.0,4,0,0
1338,54,24,30,19,11,2,22,17,7,0,10,0,0,0,0,0,0,0,0,0,0,0,0,1.0,1.0,1.0,0.0,0.0,0.0,4,0,0
1339,54,24,30,19,11,2,22,17,7,0,10,0,0,0,0,0,0,0,0,0,0,0,0,1.0,1.0,1.0,0.0,0.0,0.0,4,0,0
1340,53,24,29,18,11,2,22,17,7,0,10,0,0,0,0,0,0,0,0,0,1,0,1,0.9666666666666667,1.0,1.0,0.0,0.0,0.0,4,0,1
1341,52,24,28,17,11,2,22,17,7,0,10,0,0,0,0,0,0,0,0,0,1,0,1,0.9655172413793104,1.0,1.0,0.0,0.0,0.0,4,0,1
1342,52,24,28,17,11,2,22,17,7,0,10,0,0,0,0,0,0,0,0,0,0,0,0,1.0,1.0,1.0,0.0,0.0,0.0,4,0,0
1343,51,23,28,16,11,2,22,17,7,0,10,0,0,0,0,0,0,0,0,0,1,0,1,0.9642857142857143,1.0,1.0,0.0,0.0,0.0,4,0,1
1344,49,23,26,16,10,2,21,16,7,0,9,0,0,0,0,0,0,0,0,0,1,0,1,0.962962962962963,1.0,0.9411764705882353,0.0,0.0,0.0,4,0,2
1345,49,23,26,16,10,2,21,16,7,0,9,0,0,0,0,0,0,0,0,0,0,0,0,1.0,1.0,1.0,0.0,0.0,0.0,4,0,0
1346,53,26,27,18,12,2,21,16,6,0,9,0,0,0,0,0,0,0,0,1,0,0,0,1.0,1.0,1.0,0.08163265306122448,0.08163265306122448,0.0,4,4,0
1347,52,25,27,13,16,1,22,17,6,1,9,0,0,0,0,0,8,0,1,0,1,0,1,0.9666666666666667,1.0,1.0,0.0,0.0,0.0,4,0,1
1348,56,29,27,16,17,1,22,17,5,2,9,0,0,0,0,0,2,0,1,1,0,0,0,1.0,1.0,1.0,0.07692307692307693,0.07692307692307693,0.0,4,4,0
1349,54,28,26,15,16,1,22,17,6,2,6,0,0,0,0,0,5,1,0,0,2,0,2,0.9393939393939394,1.0,1.0,0.0,0.0,0.2,4,0,2
1350,54,28,26,15,16,1,22,17,9,2,5,0,0,0,0,0,11,3,0,0,0,0,0,1.0,1.0,1.0,0.0,0.0,0.2727272727272727,4,0,0
1351,54,28,26,15,16,1,22,17,10,2,5,0,0,0,0,0,6,1,0,0,0,0,0,1.0,1.0,1.0,0.0,0.0,0.16666666666666666,4,0,0
1352,54,28,26,15,16,1,22,17,10,2,5,0,0,0,0,0,0,0,0,0,0,0,0,1.0,1.0,1.0,0.0,0.0,0.0,4,0,0
1353,53,27,26,15,15,1,22,17,10,2,5,0,0,0,0,0,0,0,0,0,1,0,1,0.967741935483871,1.0,1.0,0.0,0.0,0.0,4,0,1
1354,53,27,26,15,15,1,22,17,10,2,5,0,0,0,0,0,0,0,0,0,0,0,0,1.0,1.0,1.0,0.0,0.0,0.0,4,0,0
1355,53,27,26,15,15,1,22,17,10,2,5,0,0,0,0,0,0,0,0,0,0,0,0,1.0,1.0,1.0,0.0,0.0,0.0,4,0,0
1356,53,27,26,15,15,1,22,17,10,2,5,0,0,0,0,0,0,0,0,0,0,0,0,1.0,1.0,1.0,0.0,0.0,0.0,4,0,0
1357,53,27,26,14,16,1,22,17,10,2,5,0,0,0,0,0,0,0,0,0,0,0,0,1.0,1.0,1.0,0.0,0.0,0.0,4,0,0
1358,53,27,26,11,19,1,22,17,10,2,5,0,0,0,0,0,0,0,0,0,0,0,0,1.0,1.0,1.0,0.0,0.0,0.0,4,0,0
1359,53,27,26,8,22,1,22,17,10,2,4,0,0,0,0,0,0,0,0,0,0,0,0,1.0,1.0,1.0,0.0,0.0,0.0,4,0,0
1360,55,29,26,11,21,1,22,17,10,2,3,0,0,0,0,0,6,1,0,1,1,0,1,0.9666666666666667,1.0,1.0,0.05660377358490566,0.05660377358490566,0.16666666666666666,4,3,1
1361,55,29,26,11,21,1,22,17,11,2,3,0,0,0,0,0,5,1,0,0,0,0,0,1.0,1.0,1.0,0.0,0.0,0.2,4,0,0
1362,57,30,27,14,21,1,21,16,10,2,3,0,0,0,0,0,2,0,0,1,1,0,1,0.96875,1.0,0.9411764705882353,0.07272727272727272,0.07272727272727272,0.0,4,4,2
1363,56,30,26,14,21,1,20,15,10,2,3,0,0,0,0,0,3,1,0,0,0,0,0,1.0,1.0,0.9375,0.0,0.0,0.3333333333333333,4,0,1
1364,56,30,26,14,21,1,20,15,10,2,3,0,0,0,0,0,0,0,0,0,0,0,0,1.0,1.0,1.0,0.0,0.0,0.0,4,0,0
1365,56,30,26,14,21,1,20,15,10,2,3,0,0,0,0,0,0,0,0,0,0,0,0,1.0,1.0,1.0,0.0,0.0,0.0,4,0,0
1366,55,30,25,14,20,1,20,15,10,2,3,0,0,0,0,0,0,0,0,0,1,0,1,0.9714285714285714,1.0,1.0,0.0,0.0,0.0,4,0,1
1367,52,28,24,14,17,1,20,15,10,2,3,0,0,0,0,0,0,0,0,0,3,0,3,0.9117647058823529,1.0,1.0,0.0,0.0,0.0,4,0,3
1368,52,28,24,14,17,1,20,15,10,2,3,0,0,0,0,0,0,0,0,0,0,0,0,1.0,1.0,1.0,0.0,0.0,0.0,4,0,0
1369,51,27,24,14,16,1,20,15,10,2,3,0,0,0,0,0,0,0,0,0,1,0,1,0.967741935483871,1.0,1.0,0.0,0.0,0.0,4,0,1
1370,51,27,24,14,16,1,20,15,10,2,3,0,0,0,0,0,0,0,0,0,0,1,0,1.0,1.0,1.0,0.0,0.0,0.0,4,0,0
1371,51,27,24,14,16,1,20,15,10,2,3,0,0,0,0,0,0,0,0,0,0,0,0,1.0,1.0,1.0,0.0,0.0,0.0,4,0,0
1372,51,27,24,14,16,1,20,15,10,2,3,0,0,0,0,0,0,0,0,0,0,1,0,1.0,1.0,1.0,0.0,0.0,0.0,4,0,0
1373,53,28,25,16,16,1,20,15,9,2,4,0,0,0,0,0,0,0,0,1,1,0,1,0.9666666666666667,1.0,1.0,0.058823529411764705,0.058823529411764705,0.0,4,3,1
1374,53,28,25,16,15,2,20,15,9,2,4,0,0,0,0,0,0,0,0,0,0,0,0,1.0,1.0,1.0,0.0,0.0,0.0,4,0,0
1375,53,28,25,16,15,2,20,15,9,2,4,0,0,0,0,0,0,0,0,0,0,0,0,1.0,1.0,1.0,0.0,0.0,0.0,4,0,0
1376,51,27,24,15,13,3,20,15,9,2,4,0,0,0,0,0,0,0,0,0,2,0,2,0.9333333333333333,1.0,1.0,0.0,0.0,0.0,4,0,2
1377,50,26,24,15,12,3,20,15,9,2,4,0,0,0,0,0,0,0,0,0,1,0,1,0.9642857142857143,1.0,1.0,0.0,0.0,0.0,4,0,1
1378,49,25,24,14,12,3,20,15,9,2,4,0,0,0,0,0,0,0,0,0,1,0,1,0.962962962962963,1.0,1.0,0.0,0.0,0.0,4,0,1
1379,49,25,24,14,12,3,20,15,9,2,4,0,0,0,0,0,0,0,0,0,0,0,0,1.0,1.0,1.0,0.0,0.0,0.0,4,0,0
1380,49,25,24,14,12,3,20,15,9,2,4,0,0,0,0,0,0,0,0,0,0,0,0,1.0,1.0,1.0,0.0,0.0,0.0,4,0,0
1381,49,25,24,14,12,3,20,15,9,2,4,0,0,0,0,0,0,0,0,0,0,0,0,1.0,1.0,1.0,0.0,0.0,0.0,4,0,0
1382,49,25,24,14,12,3,20,15,9,2,4,0,0,0,0,0,0,0,0,0,0,0,0,1.0,1.0,1.0,0.0,0.0,0.0,4,0,0
1383,49,25,24,14,12,3,20,15,9,2,4,0,0,0,0,0,0,0,0,0,0,2,0,1.0,1.0,1.0,0.0,0.0,0.0,4,0,0
1384,49,25,24,14,12,3,20,15,9,2,4,0,0,0,0,0,0,0,0,0,0,0,0,1.0,1.0,1.0,0.0,0.0,0.0,4,0,0
1385,49,25,24,14,12,3,20,15,9,2,4,0,0,0,0,0,0,0,0,0,0,0,0,1.0,1.0,1.0,0.0,0.0,0.0,4,0,0
1386,49,25,24,14,12,3,20,15,9,2,4,0,0,0,0,0,0,0,0,0,0,0,0,1.0,1.0,1.0,0.0,0.0,0.0,4,0,0
1387,48,25,23,14,10,4,20,15,9,2,4,0,0,0,0,0,0,0,0,0,0,0,0,0.96,1.0,1.0,0.0,0.0,0.0,4,0,1
1388,48,25,23,14,10,4,20,15,9,2,4,0,0,0,0,0,0,0,0,0,0,0,0,1.0,1.0,1.0,0.0,0.0,0.0,4,0,0
1389,48,25,23,11,13,4,20,15,9,2,4,0,0,0,0,0,0,0,0,0,0,0,0,1.0,1.0,1.0,0.0,0.0,0.0,4,0,0
1390,48,25,23,11,13,4,20,15,9,2,4,0,0,0,0,0,0,0,0,0,0,0,0,1.0,1.0,1.0,0.0,0.0,0.0,4,0,0
1391,48,25,23,8,16,4,20,15,9,2,3,0,0,0,0,0,0,0,0,0,0,0,0,1.0,1.0,1.0,0.0,0.0,0.0,4,0,0
1392,47,24,23,8,15,4,20,15,9,1,3,0,0,0,0,0,7,0,0,0,1,0,1,0.9583333333333334,1.0,1.0,0.0,0.0,0.0,4,0,1
1393,47,24,23,8,15,4,20,15,9,0,3,0,0,0,0,0,8,0,0,0,0,0,0,1.0,1.0,1.0,0.0,0.0,0.0,4,0,0
1394,51,26,25,12,15,4,20,15,8,1,4,0,0,0,0,0,4,0,1,1,0,0,0,1.0,1.0,1.0,0.0851063829787234,0.0851063829787234,0.0,4,4,0
1395,51,26,25,12,15,4,20,15,8,1,4,0,0,0,0,0,12,0,0,0,0,0,0,1.0,1.0,1.0,0.0,0.0,0.0,4,0,0
1396,51,26,25,12,15,4,20,15,8,1,4,0,0,0,0,0,12,0,0,0,0,0,0,1.0,1.0,1.0,0.0,0.0,0.0,4,0,0
1397,50,25,25,12,14,4,20,15,8,1,4,0,0,0,0,0,12,0,0,0,1,0,1,0.962962962962963,1.0,1.0,0.0,0.0,0.0,4,0,1
1398,48,23,25,12,12,4,20,15,8,1,4,0,0,0,0,0,12,0,0,0,2,0,2,0.9230769230769231,1.0,1.0,0.0,0.0,0.0,4,0,2
1399,52,23,29,16,12,4,20,15,7,1,5,0,0,0,0,0,12,0,0,1,0,0,0,1.0,1.0,1.0,0.08333333333333333,0.08333333333333333,0.0,4,4,0
1400,52,23,29,16,12,4,20,15,7,1,5,0,0,0,0,0,12,0,0,0,0,0,0,1.0,1.0,1.0,0.0,0.0,0.0,4,0,0
1401,52,23,29,16,12,4,20,15,7,1,5,0,0,0,0,0,12,0,0,0,0,0,0,1.0,1.0,1.0,0.0,0.0,0.0,4,0,0
1402,52,23,29,16,12,4,20,15,7,1,5,0,0,0,0,0,12,0,0,0,0,0,0,1.0,1.0,1.0,0.0,0.0,0.0,4,0,0
1403,52,23,29,14,14,4,20,15,7,1,5,0,0,0,0,0,12,0,0,0,0,0,0,1.0,1.0,1.0,0.0,0.0,0.0,4,0,0
1404,52,23,29,14,14,4,20,15,7,1,5,0,0,0,0,0,12,0,0,0,0,0,0,1.0,1.0,1.0,0.0,0.0,0.0,4,0,0
1405,52,23,29,10,18,4,20,15,7,1,4,0,0,0,0,0,12,0,0,0,0,0,0,1.0,1.0,1.0,0.0,0.0,0.0,4,0,0
1406,50,21,29,10,16,4,20,15,7,1,4,0,0,0,0,0,12,0,0,0,2,0,2,0.9285714285714286,1.0,1.0,0.0,0.0,0.0,4,0,2
1407,50,21,29,10,16,4,20,15,7,1,3,0,0,0,0,0,12,0,0,0,0,0,0,1.0,1.0,1.0,0.0,0.0,0.0,4,0,0
1408,50,21,29,10,16,4,20,15,7,1,3,0,0,0,0,0,12,0,0,0,0,0,0,1.0,1.0,1.0,0.0,0.0,0.0,4,0,0
1409,49,21,28,10,16,4,19,14,6,1,3,0,0,0,0,0,12,0,0,0,0,0,0,1.0,1.0,0.9333333333333333,0.0,0.0,0.0,4,0,1
1410,49,21,28,10,16,4,19,14,6,1,3,0,0,0,0,0,12,0,0,0,0,0,0,1.0,1.0,1.0,0.0,0.0,0.0,4,0,0
1411,49,21,28,10,16,4,19,14,6,1,3,0,0,0,0,0,12,0,0,0,0,0,0,1.0,1.0,1.0,0.0,0.0,0.0,4,0,0
1412,49,21,28,10,16,4,19,14,6,1,3,0,0,0,0,0,12,0,0,0,0,0,0,1.0,1.0,1.0,0.0,0.0,0.0,4,0,0
1413,49,21,28,10,16,4,19,14,6,1,3,0,0,0,0,0,12,0,0,0,0,0,0,1.0,1.0,1.0,0.0,0.0,0.0,4,0,0
1414,52,23,29,13,16,4,19,14,5,1,4,0,0,0,0,0,12,0,0,1,0,0,0,1.0,1.0,1.0,0.061224489795918366,0.061224489795918366,0.0,4,3,0
1415,62,26,36,24,15,4,19,14,2,1,7,0,0,0,0,0,12,0,0,3,1,0,1,0.9655172413793104,1.0,1.0,0.21153846153846154,0.21153846153846154,0.0,4,11,1
1416,65,27,38,25,17,4,19,14,1,1,8,0,0,0,0,0,12,0,0,1,1,0,1,0.9743589743589743,1.0,1.0,0.06451612903225806,0.06451612903225806,0.0,4,4,1
1417,62,26,36,23,16,4,19,14,1,1,8,0,0,0,0,0,12,0,0,0,3,0,3,0.9285714285714286,1.0,1.0,0.0,0.0,0.0,4,0,3
1418,60,24,36,22,15,4,19,14,1,1,7,0,0,0,0,0,12,0,0,0,2,0,2,0.9487179487179487,1.0,1.0,0.0,0.0,0.0,4,0,2
1419,59,23,36,22,14,4,19,14,1,1,7,0,0,0,0,0,12,0,0,0,1,0,1,0.972972972972973,1.0,1.0,0.0,0.0,0.0,4,0,1
1420,58,22,36,21,14,4,19,14,1,1,7,0,0,0,0,0,12,0,0,0,1,0,1,0.9722222222222222,1.0,1.0,0.0,0.0,0.0,4,0,1
1421,58,22,36,21,14,4,19,14,1,1,7,0,0,0,0,0,12,0,0,0,0,0,0,1.0,1.0,1.0,0.0,0.0,0.0,4,0,0
1422,58,22,36,21,14,4,19,14,1,1,7,0,0,0,0,0,12,0,0,0,0,0,0,1.0,1.0,1.0,0.0,0.0,0.0,4,0,0
1423,57,22,35,20,14,4,19,14,1,1,7,0,0,0,0,0,12,0,0,0,1,0,1,0.9714285714285714,1.0,1.0,0.0,0.0,0.0,4,0,1
1424,57,22,35,20,14,4,19,14,1,1,7,0,0,0,0,0,12,0,0,0,0,0,0,1.0,1.0,1.0,0.0,0.0,0.0,4,0,0
1425,55,22,33,19,13,4,19,14,1,1,7,0,0,0,0,0,12,0,0,0,2,0,2,0.9411764705882353,1.0,1.0,0.0,0.0,0.0,4,0,2
1426,53,21,32,18,12,4,19,14,1,1,7,0,0,0,0,0,12,0,0,0,2,0,2,0.9375,1.0,1.0,0.0,0.0,0.0,4,0,2
1427,53,21,32,18,12,4,19,14,1,1,7,0,0,0,0,0,12,0,0,0,0,0,0,1.0,1.0,1.0,0.0,0.0,0.0,4,0,0
1428,55,21,34,21,11,4,19,14,0,1,8,0,0,0,0,0,12,0,0,1,1,0,1,0.9666666666666667,1.0,1.0,0.05660377358490566,0.05660377358490566,0.0,4,3,1
1429,55,21,34,21,11,4,19,14,0,1,8,0,0,0,0,0,12,0,0,0,0,0,0,1.0,1.0,1.0,0.0,0.0,0.0,4,0,0
1430,53,20,33,20,10,4,19,14,0,1,8,0,0,0,0,0,12,0,0,0,2,0,2,0.9375,1.0,1.0,0.0,0.0,0.0,4,0,2
1431,53,20,33,20,10,4,19,14,0,1,8,0,0,0,0,0,12,0,0,0,0,0,0,1.0,1.0,1.0,0.0,0.0,0.0,4,0,0
1432,52,20,32,19,10,4,19,14,0,1,8,0,0,0,0,0,12,0,0,0,1,0,1,0.9666666666666667,1.0,1.0,0.0,0.0,0.0,4,0,1
1433,52,20,32,19,10,4,19,14,0,1,8,0,0,0,0,0,12,0,0,0,0,0,0,1.0,1.0,1.0,0.0,0.0,0.0,4,0,0
1434,51,19,32,18,10,4,19,14,0,1,8,0,0,0,0,0,12,0,0,0,1,0,1,0.9655172413793104,1.0,1.0,0.0,0.0,0.0,4,0,1
1435,49,19,30,17,9,4,19,14,0,1,8,0,0,0,0,0,12,0,0,0,2,0,2,0.9285714285714286,1.0,1.0,0.0,0.0,0.0,4,0,2
1436,49,19,30,17,9,4,19,14,0,1,8,0,0,0,0,0,12,0,0,0,0,0,0,1.0,1.0,1.0,0.0,0.0,0.0,4,0,0
1437,49,19,30,16,10,4,19,14,0,1,8,0,0,0,0,0,12,0,0,0,0,0,0,1.0,1.0,1.0,0.0,0.0,0.0,4,0,0
1438,48,18,30,16,9,4,19,14,0,1,8,0,0,0,0,0,12,0,0,0,1,0,1,0.9615384615384616,1.0,1.0,0.0,0.0,0.0,4,0,1
1439,47,18,29,16,8,4,19,14,0,0,7,0,0,0,0,0,12,0,0,0,1,0,1,0.96,1.0,1.0,0.0,0.0,0.0,4,0,1
1440,47,18,29,16,8,3,20,15,0,0,7,0,0,0,0,0,12,0,0,0,0,0,0,1.0,1.0,1.0,0.0,0.0,0.0,4,0,0
1441,46,17,29,15,8,3,20,15,0,0,7,0,0,0,0,0,12,0,0,0,1,0,1,0.9583333333333334,1.0,1.0,0.0,0.0,0.0,4,0,1
1442,46,17,29,12,11,3,20,15,0,0,7,0,0,0,0,0,12,0,0,0,0,0,0,1.0,1.0,1.0,0.0,0.0,0.0,4,0,0
1443,46,17,29,12,11,3,20,15,0,0,7,0,0,0,0,0,12,0,0,0,0,0,0,1.0,1.0,1.0,0.0,0.0,0.0,4,0,0
1444,46,17,29,12,11,3,20,15,0,0,6,0,0,0,0,0,12,0,0,0,0,0,0,1.0,1.0,1.0,0.0,0.0,0.0,4,0,0
1445,46,17,29,12,11,3,20,15,0,0,6,0,0,0,0,0,12,0,0,0,0,0,0,1.0,1.0,1.0,0.0,0.0,0.0,4,0,0
1446,46,17,29,12,11,3,20,15,0,0,6,0,0,0,0,0,12,0,0,0,0,0,0,1.0,1.0,1.0,0.0,0.0,0.0,4,0,0
1447,46,17,29,12,11,3,20,15,0,0,6,0,0,0,0,0,12,0,0,0,0,0,0,1.0,1.0,1.0,0.0,0.0,0.0,4,0,0
1448,46,17,29,12,11,3,20,15,0,0,6,0,0,0,0,0,12,0,0,0,0,0,0,1.0,1.0,1.0,0.0,0.0,0.0,4,0,0
1449,46,17,29,12,11,3,20,15,0,0,6,0,0,0,0,0,12,0,0,0,0,0,0,1.0,1.0,1.0,0.0,0.0,0.0,4,0,0
1450,46,17,29,12,11,3,20,15,0,0,6,0,0,0,0,0,12,0,0,0,0,0,0,1.0,1.0,1.0,0.0,0.0,0.0,4,0,0
1451,46,17,29,12,11,3,20,15,0,0,6,0,0,0,0,0,12,0,0,0,0,0,0,1.0,1.0,1.0,0.0,0.0,0.0,4,0,0
1452,46,17,29,12,11,3,20,15,0,0,6,0,0,0,0,0,12,0,0,0,0,0,0,1.0,1.0,1.0,0.0,0.0,0.0,4,0,0
1453,44,16,28,10,11,3,20,15,0,0,6,0,0,0,0,0,12,0,0,0,2,0,2,0.9130434782608696,1.0,1.0,0.0,0.0,0.0,4,0,2
1454,44,16,28,10,11,3,20,15,0,0,6,0,0,0,0,0,12,0,0,0,0,0,0,1.0,1.0,1.0,0.0,0.0,0.0,4,0,0
1455,44,16,28,10,11,3,20,15,0,0,6,0,0,0,0,0,12,0,0,0,0,0,0,1.0,1.0,1.0,0.0,0.0,0.0,4,0,0
1456,44,16,28,10,11,3,20,15,0,0,6,0,0,0,0,0,12,0,0,0,0,0,0,1.0,1.0,1.0,0.0,0.0,0.0,4,0,0
1457,44,16,28,10,11,3,20,15,0,0,6,0,0,0,0,0,12,0,0,0,0,0,0,1.0,1.0,1.0,0.0,0.0,0.0,4,0,0
1458,44,16,28,4,17,3,20,15,0,0,6,0,0,0,0,0,12,0,0,0,0,0,0,1.0,1.0,1.0,0.0,0.0,0.0,4,0,0
1459,44,16,28,2,19,3,20,15,0,0,5,0,0,0,0,0,12,0,0,0,0,0,0,1.0,1.0,1.0,0.0,0.0,0.0,4,0,0
1460,43,15,28,2,19,2,20,15,0,0,2,0,0,0,0,0,12,0,0,0,0,0,0,1.0,1.0,1.0,0.0,0.0,0.0,4,0,1
1461,43,15,28,2,19,2,20,15,0,0,1,0,0,0,0,0,12,0,0,0,0,0,0,1.0,1.0,1.0,0.0,0.0,0.0,4,0,0
1462,43,15,28,2,19,2,20,15,0,0,1,0,0,0,0,0,12,0,0,0,0,0,0,1.0,1.0,1.0,0.0,0.0,0.0,4,0,0
1463,43,15,28,2,19,2,20,15,0,0,1,0,0,0,0,0,12,0,0,0,0,0,0,1.0,1.0,1.0,0.0,0.0,0.0,4,0,0
1464,43,15,28,2,19,2,20,15,0,0,1,0,0,0,0,0,12,0,0,0,0,0,0,1.0,1.0,1.0,0.0,0.0,0.0,4,0,0
1465,42,14,28,2,18,2,20,15,0,0,1,0,0,0,0,0,12,0,0,0,1,0,1,0.9523809523809523,1.0,1.0,0.0,0.0,0.0,4,0,1
1466,42,14,28,2,18,2,20,15,0,0,1,0,0,0,0,0,12,0,0,0,0,0,0,1.0,1.0,1.0,0.0,0.0,0.0,4,0,0
1467,42,14,28,2,18,2,20,15,0,0,1,0,0,0,0,0,12,0,0,0,0,0,0,1.0,1.0,1.0,0.0,0.0,0.0,4,0,0
1468,42,14,28,2,18,2,20,15,0,0,1,0,0,0,0,0,12,0,0,0,0,0,0,1.0,1.0,1.0,0.0,0.0,0.0,4,0,0
1469,42,14,28,2,18,2,20,15,0,0,1,0,0,0,0,0,12,0,0,0,0,0,0,1.0,1.0,1.0,0.0,0.0,0.0,4,0,0
1470,42,14,28,2,18,2,20,15,0,0,1,0,0,0,0,0,12,0,0,0,0,0,0,1.0,1.0,1.0,0.0,0.0,0.0,4,0,0
1471,42,14,28,0,20,2,20,15,0,0,1,0,0,0,0,0,12,0,0,0,0,0,0,1.0,1.0,1.0,0.0,0.0,0.0,4,0,0
1472,42,14,28,0,20,2,20,15,0,0,1,0,0,0,0,0,12,0,0,0,0,0,0,1.0,1.0,1.0,0.0,0.0,0.0,4,0,0
1473,42,14,28,0,20,2,20,15,0,0,0,0,0,0,0,0,12,0,0,0,0,0,0,1.0,1.0,1.0,0.0,0.0,0.0,4,0,0
1474,42,14,28,0,20,2,20,15,0,0,0,0,0,0,0,0,12,0,0,0,0,0,0,1.0,1.0,1.0,0.0,0.0,0.0,4,0,0
1475,41,14,27,0,19,2,20,15,0,0,0,0,0,0,0,0,12,0,0,0,1,0,1,0.95,1.0,1.0,0.0,0.0,0.0,4,0,1
1476,41,14,27,0,19,2,20,15,0,0,0,0,0,0,0,0,12,0,0,0,0,0,0,1.0,1.0,1.0,0.0,0.0,0.0,4,0,0
1477,41,14,27,0,19,2,20,15,0,0,0,0,0,0,0,0,12,0,0,0,0,0,0,1.0,1.0,1.0,0.0,0.0,0.0,4,0,0
1478,41,14,27,0,19,2,20,15,0,0,0,0,0,0,0,0,12,0,0,0,0,0,0,1.0,1.0,1.0,0.0,0.0,0.0,4,0,0
1479,41,14,27,0,19,2,20,15,0,0,0,0,0,0,0,0,12,0,0,0,0,0,0,1.0,1.0,1.0,0.0,0.0,0.0,4,0,0
1480,41,14,27,0,19,2,20,15,0,0,0,0,0,0,0,0,12,0,0,0,0,0,0,1.0,1.0,1.0,0.0,0.0,0.0,4,0,0
1481,41,14,27,0,19,2,20,15,0,0,0,0,0,0,0,0,12,0,0,0,0,0,0,1.0,1.0,1.0,0.0,0.0,0.0,4,0,0
1482,41,14,27,0,19,2,20,15,0,0,0,0,0,0,0,0,12,0,0,0,0,0,0,1.0,1.0,1.0,0.0,0.0,0.0,4,0,0
1483,41,14,27,0,19,2,20,15,0,0,0,0,0,0,0,0,12,0,0,0,0,1,0,1.0,1.0,1.0,0.0,0.0,0.0,4,0,0
1484,41,14,27,0,19,2,20,15,0,0,0,0,0,0,0,0,12,0,0,0,0,1,0,1.0,1.0,1.0,0.0,0.0,0.0,4,0,0
1485,41,14,27,0,19,2,20,15,0,0,0,0,0,0,0,0,12,0,0,0,0,0,0,1.0,1.0,1.0,0.0,0.0,0.0,4,0,0
1486,41,14,27,0,19,2,20,15,0,0,0,0,0,0,0,0,12,0,0,0,0,0,0,1.0,1.0,1.0,0.0,0.0,0.0,4,0,0
1487,41,14,27,0,18,3,20,15,0,0,0,0,0,0,0,0,12,0,0,0,0,0,0,1.0,1.0,1.0,0.0,0.0,0.0,4,0,0
1488,41,14,27,0,17,4,20,15,0,0,0,0,0,0,0,0,12,0,0,0,0,0,0,1.0,1.0,1.0,0.0,0.0,0.0,4,0,0
1489,41,14,27,0,17,4,20,15,0,0,0,0,0,0,0,0,12,0,0,0,0,0,0,1.0,1.0,1.0,0.0,0.0,0.0,4,0,0
1490,41,14,27,0,17,4,20,15,3,1,0,0,0,0,0,0,22,3,1,0,0,0,0,1.0,1.0,1.0,0.0,0.0,0.13636363636363635,4,0,0
1491,41,14,27,0,17,4,20,15,5,3,0,0,0,0,0,0,16,2,2,0,0,0,0,1.0,1.0,1.0,0.0,0.0,0.125,4,0,0
1492,41,14,27,0,17,4,20,15,6,3,0,0,0,0,0,0,11,1,0,0,0,0,0,1.0,1.0,1.0,0.0,0.0,0.09090909090909091,4,0,0
1493,41,14,27,0,17,4,20,15,6,3,0,0,0,0,0,0,1,0,0,0,0,0,0,1.0,1.0,1.0,0.0,0.0,0.0,4,0,0
1494,41,14,27,0,17,4,20,15,7,3,0,0,0,0,0,0,2,1,0,0,0,0,0,1.0,1.0,1.0,0.0,0.0,0.5,4,0,0
1495,41,14,27,0,17,4,20,15,7,3,0,0,0,0,0,0,0,0,0,0,0,1,0,1.0,1.0,1.0,0.0,0.0,0.0,4,0,0
1496,40,13,27,0,17,3,20,15,7,3,0,0,0,0,0,0,0,0,0,0,0,0,0,1.0,1.0,1.0,0.0,0.0,0.0,4,0,1
1497,40,13,27,0,17,3,20,15,7,3,0,0,0,0,0,0,0,0,0,0,0,0,0,1.0,1.0,1.0,0.0,0.0,0.0,4,0,0
1498,40,13,27,0,17,3,20,15,7,3,0,0,0,0,0,0,0,0,0,0,0,0,0,1.0,1.0,1.0,0.0,0.0,0.0,4,0,0
1499,40,13,27,0,16,4,20,15,7,3,0,0,0,0,0,0,0,0,0,0,0,0,0,1.0,1.0,1.0,0.0,0.0,0.0,4,0,0
1500,40,13,27,0,16,4,20,15,7,3,0,0,0,0,0,0,0,0,0,0,0,0,0,1.0,1.0,1.0,0.0,0.0,0.0,4,0,0
1501,40,13,27,0,16,4,20,15,7,3,0,0,0,0,0,0,0,0,0,0,0,0,0,1.0,1.0,1.0,0.0,0.0,0.0,4,0,0
1502,40,13,27,0,16,4,20,15,7,3,0,0,0,0,0,0,0,0,0,0,0,0,0,1.0,1.0,1.0,0.0,0.0,0.0,4,0,0
1503,40,13,27,0,16,4,20,15,7,3,0,0,0,0,0,0,3,0,0,0,0,0,0,1.0,1.0,1.0,0.0,0.0,0.0,4,0,0
1504,40,13,27,0,16,4,20,15,7,3,0,0,0,0,0,0,3,0,0,0,0,0,0,1.0,1.0,1.0,0.0,0.0,0.0,4,0,0
1505,40,13,27,0,16,4,20,15,7,3,0,0,0,0,0,0,2,0,0,0,0,0,0,1.0,1.0,1.0,0.0,0.0,0.0,4,0,0
1506,39,13,26,0,15,4,20,15,8,3,0,0,0,0,0,0,5,1,0,0,1,0,1,0.9375,1.0,1.0,0.0,0.0,0.2,4,0,1
1507,39,13,26,0,15,4,20,15,8,3,0,0,0,0,0,0,1,0,0,0,0,0,0,1.0,1.0,1.0,0.0,0.0,0.0,4,0,0
1508,39,13,26,0,15,4,20,15,8,3,0,0,0,0,0,0,0,0,0,0,0,0,0,1.0,1.0,1.0,0.0,0.0,0.0,4,0,0
1509,39,13,26,0,15,3,21,15,8,3,0,0,0,0,0,0,0,0,0,0,0,0,0,1.0,1.0,1.0,0.0,0.0,0.0,4,0,0
1510,39,13,26,0,15,3,21,15,8,3,0,0,0,0,0,0,0,0,0,0,0,0,0,1.0,1.0,1.0,0.0,0.0,0.0,4,0,0
1511,38,12,26,0,15,3,20,15,8,3,0,0,0,0,0,0,0,0,0,0,0,0,0,1.0,0.8333333333333334,1.0,0.0,0.0,0.0,4,0,1
1512,38,12,26,0,15,3,20,15,8,3,0,0,0,0,0,0,0,0,0,0,0,0,0,1.0,1.0,1.0,0.0,0.0,0.0,4,0,0
1513,38,12,26,0,15,3,20,15,8,3,0,0,0,0,0,0,0,0,0,0,0,0,0,1.0,1.0,1.0,0.0,0.0,0.0,4,0,0
1514,38,12,26,0,15,3,20,15,8,3,0,0,0,0,0,0,0,0,0,0,0,0,0,1.0,1.0,1.0,0.0,0.0,0.0,4,0,0
1515,38,12,26,0,15,3,20,15,8,3,0,0,0,0,0,0,0,0,0,0,0,0,0,1.0,1.0,1.0,0.0,0.0,0.0,4,0,0
1516,38,12,26,0,15,3,20,15,9,3,0,0,0,0,0,0,8,1,0,0,0,0,0,1.0,1.0,1.0,0.0,0.0,0.125,4,0,0
1517,37,12,25,0,14,3,20,15,10,3,0,0,0,0,0,0,5,1,0,0,1,0,1,0.9333333333333333,1.0,1.0,0.0,0.0,0.2,4,0,1
1518,37,12,25,0,14,3,20,15,11,4,0,0,0,0,0,0,5,1,1,0,0,0,0,1.0,1.0,1.0,0.0,0.0,0.2,4,0,0
1519,37,12,25,0,14,3,20,15,11,4,0,0,0,0,0,0,0,0,0,0,0,0,0,1.0,1.0,1.0,0.0,0.0,0.0,4,0,0
1520,37,12,25,0,14,3,20,15,11,4,0,0,0,0,0,0,0,0,0,0,0,0,0,1.0,1.0,1.0,0.0,0.0,0.0,4,0,0
1521,36,11,25,0,13,3,20,15,11,4,0,0,0,0,0,0,0,0,0,0,1,0,1,0.9285714285714286,1.0,1.0,0.0,0.0,0.0,4,0,1
1522,36,11,25,0,13,2,21,15,11,4,0,0,0,0,0,0,0,0,0,0,0,0,0,1.0,1.0,1.0,0.0,0.0,0.0,4,0,0
1523,36,11,25,0,13,2,21,15,11,4,0,0,0,0,0,0,0,0,0,0,0,0,0,1.0,1.0,1.0,0.0,0.0,0.0,4,0,0
1524,36,11,25,0,13,2,21,15,11,4,0,0,0,0,0,0,0,0,0,0,0,0,0,1.0,1.0,1.0,0.0,0.0,0.0,4,0,0
1525,36,11,25,0,13,2,21,15,11,4,0,0,0,0,0,0,0,0,0,0,0,0,0,1.0,1.0,1.0,0.0,0.0,0.0,4,0,0
1526,36,11,25,0,13,2,21,15,11,4,0,0,0,0,0,0,0,0,0,0,0,2,0,1.0,1.0,1.0,0.0,0.0,0.0,4,0,0
1527,36,11,25,0,13,2,21,15,11,4,0,0,0,0,0,0,0,0,0,0,0,0,0,1.0,1.0,1.0,0.0,0.0,0.0,4,0,0
1528,36,11,25,0,13,2,21,15,11,4,0,0,0,0,0,0,0,0,0,0,0,0,0,1.0,1.0,1.0,0.0,0.0,0.0,4,0,0
1529,36,11,25,0,13,2,21,15,11,4,0,0,0,0,0,0,0,0,0,0,0,0,0,1.0,1.0,1.0,0.0,0.0,0.0,4,0,0
1530,36,11,25,0,11,4,21,15,11,4,0,0,0,0,0,0,0,0,0,0,0,0,0,1.0,1.0,1.0,0.0,0.0,0.0,4,0,0
1531,36,11,25,0,11,4,21,15,11,4,0,0,0,0,0,0,0,0,0,0,0,0,0,1.0,1.0,1.0,0.0,0.0,0.0,4,0,0
1532,36,11,25,0,11,4,21,15,11,4,0,0,0,0,0,0,0,0,0,0,0,0,0,1.0,1.0,1.0,0.0,0.0,0.0,4,0,0
1533,36,11,25,0,11,4,21,15,11,4,0,0,0,0,0,0,0,0,0,0,0,0,0,1.0,1.0,1.0,0.0,0.0,0.0,4,0,0
1534,36,11,25,0,11,4,21,15,11,4,0,0,0,0,0,0,0,0,0,0,0,0,0,1.0,1.0,1.0,0.0,0.0,0.0,4,0,0
1535,36,11,25,0,11,4,21,15,11,3,0,0,0,0,0,0,0,0,0,0,0,0,0,1.0,1.0,1.0,0.0,0.0,0.0,4,0,0
1536,36,11,25,0,11,4,21,15,12,1,0,0,0,0,0,0,8,1,0,0,0,0,0,1.0,1.0,1.0,0.0,0.0,0.125,4,0,0
1537,36,11,25,0,11,4,21,15,12,2,0,0,0,0,0,0,5,0,1,0,0,0,0,1.0,1.0,1.0,0.0,0.0,0.0,4,0,0
1538,36,11,25,0,11,4,21,15,13,2,0,0,0,0,0,0,7,1,0,0,0,0,0,1.0,1.0,1.0,0.0,0.0,0.14285714285714285,4,0,0
1539,36,11,25,0,11,4,21,15,13,2,0,0,0,0,0,0,0,0,0,0,0,0,0,1.0,1.0,1.0,0.0,0.0,0.0,4,0,0
1540,36,11,25,0,11,4,21,15,13,2,0,0,0,0,0,0,0,0,0,0,0,0,0,1.0,1.0,1.0,0.0,0.0,0.0,4,0,0
1541,36,11,25,0,11,4,21,15,13,2,0,0,0,0,0,0,0,0,0,0,0,0,0,1.0,1.0,1.0,0.0,0.0,0.0,4,0,0
1542,36,11,25,0,11,4,21,15,13,2,0,0,0,0,0,0,0,0,0,0,0,0,0,1.0,1.0,1.0,0.0,0.0,0.0,4,0,0
1543,36,11,25,0,11,4,21,15,13,2,0,0,0,0,0,0,0,0,0,0,0,0,0,1.0,1.0,1.0,0.0,0.0,0.0,4,0,0
1544,36,11,25,0,11,4,21,15,13,2,0,0,0,0,0,0,0,0,0,0,0,0,0,1.0,1.0,1.0,0.0,0.0,0.0,4,0,0
1545,36,11,25,0,11,4,21,15,13,2,0,0,0,0,0,0,0,0,0,0,0,0,0,1.0,1.0,1.0,0.0,0.0,0.0,4,0,0
1546,35,11,24,0,10,4,21,15,13,2,0,0,0,0,0,0,0,0,0,0,1,0,1,0.9090909090909091,1.0,1.0,0.0,0.0,0.0,4,0,1
1547,35,11,24,0,10,4,21,15,13,2,0,0,0,0,0,0,0,0,0,0,0,0,0,1.0,1.0,1.0,0.0,0.0,0.0,4,0,0
1548,35,11,24,0,10,4,21,15,13,2,0,0,0,0,0,0,0,0,0,0,0,0,0,1.0,1.0,1.0,0.0,0.0,0.0,4,0,0
1549,35,11,24,0,10,4,21,15,13,2,0,0,0,0,0,0,0,0,0,0,0,0,0,1.0,1.0,1.0,0.0,0.0,0.0,4,0,0
1550,35,11,24,0,10,4,21,15,13,2,0,0,0,0,0,0,0,0,0,0,0,0,0,1.0,1.0,1.0,0.0,0.0,0.0,4,0,0
1551,35,11,24,0,10,4,21,15,13,2,0,0,0,0,0,0,0,0,0,0,0,0,0,1.0,1.0,1.0,0.0,0.0,0.0,4,0,0
1552,35,11,24,0,10,4,21,15,13,2,0,0,0,0,0,0,0,0,0,0,0,0,0,1.0,1.0,1.0,0.0,0.0,0.0,4,0,0
1553,35,11,24,0,10,4,21,15,13,2,0,0,0,0,0,0,0,0,0,0,0,0,0,1.0,1.0,1.0,0.0,0.0,0.0,4,0,0
1554,35,11,24,0,10,4,21,15,13,2,0,0,0,0,0,0,0,0,0,0,0,0,0,1.0,1.0,1.0,0.0,0.0,0.0,4,0,0
1555,46,17,29,11,10,4,21,15,10,2,3,0,0,0,0,0,0,0,0,3,0,0,0,1.0,1.0,1.0,0.3142857142857143,0.3142857142857143,0.0,4,11,0
1556,51,19,32,17,9,4,21,15,8,2,5,0,0,0,0,0,0,0,0,2,1,0,1,0.9523809523809523,1.0,1.0,0.13043478260869565,0.13043478260869565,0.0,4,6,1
1557,55,21,34,21,9,4,21,15,7,2,6,0,0,0,0,0,0,0,0,1,0,0,0,1.0,1.0,1.0,0.0784313725490196,0.0784313725490196,0.0,4,4,0
1558,54,21,33,21,8,4,21,15,7,2,6,0,0,0,0,0,0,0,0,0,1,0,1,0.9666666666666667,1.0,1.0,0.0,0.0,0.0,4,0,1
1559,57,23,34,25,7,4,21,15,6,2,7,0,0,0,0,0,0,0,0,1,1,0,1,0.9655172413793104,1.0,1.0,0.07407407407407407,0.07407407407407407,0.0,4,4,1
1560,57,23,34,25,7,4,21,15,6,2,7,0,0,0,0,0,0,0,0,0,0,0,0,1.0,1.0,1.0,0.0,0.0,0.0,4,0,0
1561,56,23,33,24,7,4,21,15,6,2,7,0,0,0,0,0,0,0,0,0,1,0,1,0.96875,1.0,1.0,0.0,0.0,0.0,4,0,1
1562,55,22,33,23,7,4,21,15,6,2,7,0,0,0,0,0,0,0,0,0,1,0,1,0.967741935483871,1.0,1.0,0.0,0.0,0.0,4,0,1
1563,54,22,32,22,7,4,21,15,6,1,7,0,0,0,0,0,0,0,0,0,1,0,1,0.9666666666666667,1.0,1.0,0.0,0.0,0.0,4,0,1
1564,53,21,32,21,7,4,21,15,7,1,7,0,0,0,0,0,4,1,0,0,1,0,1,0.9655172413793104,1.0,1.0,0.0,0.0,0.25,4,0,1
1565,53,21,32,21,7,4,21,15,7,1,7,0,0,0,0,0,0,0,0,0,0,0,0,1.0,1.0,1.0,0.0,0.0,0.0,4,0,0
1566,53,21,32,21,7,4,21,15,7,1,7,0,0,0,0,0,0,0,0,0,0,0,0,1.0,1.0,1.0,0.0,0.0,0.0,4,0,0
1567,53,21,32,21,7,4,21,15,7,1,7,0,0,0,0,0,0,0,0,0,0,0,0,1.0,1.0,1.0,0.0,0.0,0.0,4,0,0
1568,53,21,32,21,7,4,21,15,7,1,7,0,0,0,0,0,0,0,0,0,0,0,0,1.0,1.0,1.0,0.0,0.0,0.0,4,0,0
1569,51,19,32,20,7,3,21,15,7,1,7,0,0,0,0,0,0,0,0,0,1,0,1,0.9642857142857143,1.0,1.0,0.0,0.0,0.0,4,0,2
1570,50,19,31,19,7,3,21,15,7,1,7,0,0,0,0,0,0,0,0,0,1,0,1,0.962962962962963,1.0,1.0,0.0,0.0,0.0,4,0,1
1571,52,20,32,21,7,3,21,15,6,1,8,0,0,0,0,0,0,0,0,1,2,0,2,0.9230769230769231,1.0,1.0,0.08,0.08,0.0,4,4,2
1572,52,20,32,21,7,3,21,15,6,1,8,0,0,0,0,0,0,0,0,0,0,0,0,1.0,1.0,1.0,0.0,0.0,0.0,4,0,0
1573,52,20,32,21,7,3,21,15,6,1,8,0,0,0,0,0,0,0,0,0,0,0,0,1.0,1.0,1.0,0.0,0.0,0.0,4,0,0
1574,52,20,32,21,7,3,21,15,6,1,8,0,0,0,0,0,0,0,0,0,0,0,0,1.0,1.0,1.0,0.0,0.0,0.0,4,0,0
1575,52,20,32,21,7,3,21,15,6,1,8,0,0,0,0,0,0,0,0,0,0,0,0,1.0,1.0,1.0,0.0,0.0,0.0,4,0,0
1576,52,20,32,21,7,3,21,15,6,1,8,0,0,0,0,0,0,0,0,0,0,0,0,1.0,1.0,1.0,0.0,0.0,0.0,4,0,0
1577,52,20,32,21,7,3,21,15,6,1,8,0,0,0,0,0,0,0,0,0,0,0,0,1.0,1.0,1.0,0.0,0.0,0.0,4,0,0
1578,51,20,31,20,7,3,21,15,6,1,8,0,0,0,0,0,0,0,0,0,1,0,1,0.9642857142857143,1.0,1.0,0.0,0.0,0.0,4,0,1
1579,50,20,30,19,7,3,21,15,6,1,8,0,0,0,0,0,0,0,0,0,1,2,1,0.962962962962963,1.0,1.0,0.0,0.0,0.0,4,0,1
1580,50,20,30,19,7,3,21,15,6,1,8,0,0,0,0,0,0,0,0,0,0,0,0,1.0,1.0,1.0,0.0,0.0,0.0,4,0,0
1581,54,23,31,23,7,3,21,15,5,1,9,0,0,0,0,0,0,0,0,1,0,0,0,1.0,1.0,1.0,0.08,0.08,0.0,4,4,0
1582,58,24,34,27,7,3,21,15,4,0,10,0,0,0,0,0,0,0,0,1,0,0,0,1.0,1.0,1.0,0.07407407407407407,0.07407407407407407,0.0,4,4,0
1583,61,25,36,30,5,5,21,15,3,0,11,0,0,0,0,0,3,0,0,1,0,0,0,1.0,1.0,1.0,0.05172413793103448,0.05172413793103448,0.0,4,3,0
1584,60,25,35,29,5,5,21,15,4,0,11,0,0,0,0,0,2,1,0,0,1,0,1,0.9714285714285714,1.0,1.0,0.0,0.0,0.5,4,0,1
1585,59,24,35,28,5,5,21,15,4,0,11,0,0,0,0,0,0,0,0,0,1,0,1,0.9705882352941176,1.0,1.0,0.0,0.0,0.0,4,0,1
1586,58,24,34,27,5,5,21,15,4,0,11,0,0,0,0,0,0,0,0,0,1,0,1,0.9696969696969697,1.0,1.0,0.0,0.0,0.0,4,0,1
1587,58,24,34,27,5,5,21,15,4,0,11,0,0,0,0,0,0,0,0,0,0,0,0,1.0,1.0,1.0,0.0,0.0,0.0,4,0,0
1588,56,22,34,26,5,5,20,15,4,0,11,0,0,0,0,0,0,0,0,0,1,0,1,0.96875,0.8333333333333334,1.0,0.0,0.0,0.0,4,0,2
1589,55,22,33,26,4,5,20,15,4,0,11,0,0,0,0,0,0,0,0,0,1,0,1,0.967741935483871,1.0,1.0,0.0,0.0,0.0,4,0,1
1590,54,22,32,25,4,5,20,15,4,0,11,0,0,0,0,0,0,0,0,0,1,0,1,0.9666666666666667,1.0,1.0,0.0,0.0,0.0,4,0,1
1591,52,22,30,23,4,5,20,15,4,0,11,0,0,0,0,0,0,0,0,0,2,0,2,0.9310344827586207,1.0,1.0,0.0,0.0,0.0,4,0,2
1592,51,21,30,22,4,5,20,15,4,0,11,0,0,0,0,0,0,0,0,0,1,0,1,0.962962962962963,1.0,1.0,0.0,0.0,0.0,4,0,1
1593,50,21,29,22,3,5,20,15,4,0,11,0,0,0,0,0,0,0,0,0,1,0,1,0.9615384615384616,1.0,1.0,0.0,0.0,0.0,4,0,1
1594,50,21,29,22,3,5,20,15,4,0,11,0,0,0,0,0,0,0,0,0,0,0,0,1.0,1.0,1.0,0.0,0.0,0.0,4,0,0
1595,49,20,29,21,3,5,20,15,4,0,11,0,0,0,0,0,0,0,0,0,1,2,1,0.96,1.0,1.0,0.0,0.0,0.0,4,0,1
1596,49,20,29,21,3,5,20,15,4,0,11,0,0,0,0,0,0,0,0,0,0,0,0,1.0,1.0,1.0,0.0,0.0,0.0,4,0,0
1597,49,20,29,21,3,5,20,15,4,0,11,0,0,0,0,0,0,0,0,0,0,0,0,1.0,1.0,1.0,0.0,0.0,0.0,4,0,0
1598,49,20,29,19,5,5,20,15,4,0,11,0,0,0,0,0,0,0,0,0,0,0,0,1.0,1.0,1.0,0.0,0.0,0.0,4,0,0
1599,48,19,29,15,7,6,20,15,4,0,11,0,0,0,0,0,0,0,0,0,0,0,0,0.9565217391304348,1.0,1.0,0.0,0.0,0.0,4,0,1
1600,48,19,29,13,9,6,20,15,4,0,8,0,0,0,0,0,0,0,0,0,0,0,0,1.0,1.0,1.0,0.0,0.0,0.0,4,0,0
1601,51,21,30,16,9,6,20,15,4,0,7,0,0,0,0,0,8,1,0,1,0,0,0,1.0,1.0,1.0,0.0625,0.0625,0.125,4,3,0
1602,51,21,30,13,12,6,20,15,6,0,6,0,0,0,0,0,11,2,0,0,0,0,0,1.0,1.0,1.0,0.0,0.0,0.18181818181818182,4,0,0
1603,55,23,32,17,12,6,20,15,7,0,7,0,0,0,0,0,10,2,0,1,0,0,0,1.0,1.0,1.0,0.0784313725490196,0.0784313725490196,0.2,4,4,0
1604,55,23,32,17,12,6,20,15,8,0,6,0,0,0,0,0,6,1,0,0,0,0,0,1.0,1.0,1.0,0.0,0.0,0.16666666666666666,4,0,0
1605,55,23,32,17,12,6,20,15,9,0,6,0,0,0,0,0,5,1,0,0,0,0,0,1.0,1.0,1.0,0.0,0.0,0.2,4,0,0
1606,55,23,32,17,12,6,20,15,9,0,6,0,0,0,0,0,0,0,0,0,0,0,0,1.0,1.0,1.0,0.0,0.0,0.0,4,0,0
1607,55,23,32,17,12,6,20,15,9,0,6,0,0,0,0,0,0,0,0,0,0,0,0,1.0,1.0,1.0,0.0,0.0,0.0,4,0,0
1608,55,23,32,17,12,6,20,15,9,0,6,0,0,0,0,0,0,0,0,0,0,1,0,1.0,1.0,1.0,0.0,0.0,0.0,4,0,0
1609,55,23,32,17,12,6,20,15,9,0,6,0,0,0,0,0,0,0,0,0,0,0,0,1.0,1.0,1.0,0.0,0.0,0.0,4,0,0
1610,55,23,32,17,12,6,20,15,9,0,6,0,0,0,0,0,0,0,0,0,0,0,0,1.0,1.0,1.0,0.0,0.0,0.0,4,0,0
1611,54,23,31,17,11,6,20,15,9,0,6,0,0,0,0,0,0,0,0,0,1,0,1,0.9655172413793104,1.0,1.0,0.0,0.0,0.0,4,0,1
1612,54,23,31,17,10,7,20,15,9,0,6,0,0,0,0,0,0,0,0,0,0,0,0,1.0,1.0,1.0,0.0,0.0,0.0,4,0,0
1613,54,23,31,17,10,7,20,15,9,0,6,0,0,0,0,0,0,0,0,0,0,0,0,1.0,1.0,1.0,0.0,0.0,0.0,4,0,0
1614,53,23,30,13,13,7,20,15,9,0,6,0,0,0,0,0,0,0,0,0,1,0,1,0.962962962962963,1.0,1.0,0.0,0.0,0.0,4,0,1
1615,53,23,30,13,13,7,20,15,9,0,6,0,0,0,0,0,0,0,0,0,0,0,0,1.0,1.0,1.0,0.0,0.0,0.0,4,0,0
1616,53,23,30,13,13,7,20,15,9,0,5,0,0,0,0,0,0,0,0,0,0,0,0,1.0,1.0,1.0,0.0,0.0,0.0,4,0,0
1617,53,23,30,13,13,7,20,15,9,0,5,0,0,0,0,0,2,0,0,0,0,0,0,1.0,1.0,1.0,0.0,0.0,0.0,4,0,0
1618,52,22,30,13,13,7,19,15,9,0,5,0,0,0,0,0,1,0,0,0,0,0,0,1.0,0.8,1.0,0.0,0.0,0.0,4,0,1
1619,52,22,30,13,13,7,19,15,10,0,5,0,0,0,0,0,5,1,0,0,0,0,0,1.0,1.0,1.0,0.0,0.0,0.2,4,0,0
1620,52,22,30,13,13,7,19,15,10,0,5,0,0,0,0,0,0,0,0,0,0,0,0,1.0,1.0,1.0,0.0,0.0,0.0,4,0,0
1621,52,22,30,13,13,7,19,15,10,0,5,0,0,0,0,0,0,0,0,0,0,0,0,1.0,1.0,1.0,0.0,0.0,0.0,4,0,0
1622,52,22,30,13,13,6,20,15,10,0,5,0,0,0,0,0,0,0,0,0,0,0,0,1.0,1.0,1.0,0.0,0.0,0.0,4,0,0
1623,52,22,30,13,13,6,20,15,10,0,5,0,0,0,0,0,0,0,0,0,0,0,0,1.0,1.0,1.0,0.0,0.0,0.0,4,0,0
1624,52,22,30,10,16,6,20,15,10,0,5,0,0,0,0,0,0,0,0,0,0,0,0,1.0,1.0,1.0,0.0,0.0,0.0,4,0,0
1625,52,22,30,9,17,6,20,15,10,0,5,0,0,0,0,0,0,0,0,0,0,0,0,1.0,1.0,1.0,0.0,0.0,0.0,4,0,0
1626,52,22,30,7,19,6,20,15,10,0,4,0,0,0,0,0,0,0,0,0,0,0,0,1.0,1.0,1.0,0.0,0.0,0.0,4,0,0
1627,52,22,30,7,19,6,20,15,11,0,3,0,0,0,0,0,2,1,0,0,0,0,0,1.0,1.0,1.0,0.0,0.0,0.5,4,0,0
1628,51,22,29,6,19,6,20,15,11,0,2,0,0,0,0,0,1,0,0,0,1,0,1,0.9615384615384616,1.0,1.0,0.0,0.0,0.0,4,0,1
1629,55,24,31,10,19,6,20,15,10,0,3,0,0,0,0,0,1,0,0,1,0,0,0,1.0,1.0,1.0,0.0784313725490196,0.0784313725490196,0.0,4,4,0
1630,55,24,31,10,19,6,20,15,12,0,3,0,0,0,0,0,3,2,0,0,0,0,0,1.0,1.0,1.0,0.0,0.0,0.6666666666666666,4,0,0
1631,53,23,30,10,18,6,19,15,12,0,3,0,0,0,0,0,0,0,0,0,1,0,1,0.9655172413793104,0.8,1.0,0.0,0.0,0.0,4,0,2
1632,53,23,30,10,18,6,19,15,12,0,3,0,0,0,0,0,0,0,0,0,0,0,0,1.0,1.0,1.0,0.0,0.0,0.0,4,0,0
1633,52,23,29,10,17,6,19,15,12,0,3,0,0,0,0,0,0,0,0,0,1,0,1,0.9642857142857143,1.0,1.0,0.0,0.0,0.0,4,0,1
1634,51,22,29,10,16,6,19,15,12,0,3,0,0,0,0,0,0,0,0,0,1,0,1,0.962962962962963,1.0,1.0,0.0,0.0,0.0,4,0,1
1635,51,22,29,10,16,6,19,15,12,0,3,0,0,0,0,0,0,0,0,0,0,0,0,1.0,1.0,1.0,0.0,0.0,0.0,4,0,0
1636,50,21,29,10,15,6,19,15,12,0,3,0,0,0,0,0,0,0,0,0,1,0,1,0.9615384615384616,1.0,1.0,0.0,0.0,0.0,4,0,1
1637,50,21,29,10,15,6,19,15,12,0,3,0,0,0,0,0,0,0,0,0,0,0,0,1.0,1.0,1.0,0.0,0.0,0.0,4,0,0
1638,50,21,29,10,15,6,19,15,12,0,3,0,0,0,0,0,0,0,0,0,0,0,0,1.0,1.0,1.0,0.0,0.0,0.0,4,0,0
1639,50,21,29,10,15,6,19,15,12,0,3,0,0,0,0,0,0,0,0,0,0,0,0,1.0,1.0,1.0,0.0,0.0,0.0,4,0,0
1640,50,21,29,10,15,6,19,15,12,0,3,0,0,0,0,0,0,0,0,0,0,0,0,1.0,1.0,1.0,0.0,0.0,0.0,4,0,0
1641,50,21,29,10,15,6,19,15,12,0,3,0,0,0,0,0,0,0,0,0,0,0,0,1.0,1.0,1.0,0.0,0.0,0.0,4,0,0
1642,50,21,29,10,15,6,19,15,12,0,3,0,0,0,0,0,0,0,0,0,0,0,0,1.0,1.0,1.0,0.0,0.0,0.0,4,0,0
1643,50,21,29,10,15,6,19,15,12,0,3,0,0,0,0,0,0,0,0,0,0,0,0,1.0,1.0,1.0,0.0,0.0,0.0,4,0,0
1644,50,21,29,7,18,6,19,15,12,0,3,0,0,0,0,0,0,0,0,0,0,0,0,1.0,1.0,1.0,0.0,0.0,0.0,4,0,0
1645,50,21,29,7,18,6,19,15,12,0,3,0,0,0,0,0,0,0,0,0,0,0,0,1.0,1.0,1.0,0.0,0.0,0.0,4,0,0
1646,50,21,29,4,21,6,19,15,12,0,2,0,0,0,0,0,0,0,0,0,0,0,0,1.0,1.0,1.0,0.0,0.0,0.0,4,0,0
1647,50,21,29,4,21,6,19,15,13,0,2,0,0,0,0,0,8,1,0,0,0,0,0,1.0,1.0,1.0,0.0,0.0,0.125,4,0,0
1648,50,21,29,4,21,6,19,15,13,0,1,0,0,0,0,0,0,0,0,0,0,0,0,1.0,1.0,1.0,0.0,0.0,0.0,4,0,0
1649,53,23,30,7,21,6,19,15,13,0,2,0,0,0,0,0,3,1,0,1,0,0,0,1.0,1.0,1.0,0.06,0.06,0.3333333333333333,4,3,0
1650,52,22,30,7,20,6,19,15,13,0,2,0,0,0,0,0,0,0,0,0,1,0,1,0.9642857142857143,1.0,1.0,0.0,0.0,0.0,4,0,1
1651,52,22,30,7,20,6,19,15,13,0,2,0,0,0,0,0,0,0,0,0,0,0,0,1.0,1.0,1.0,0.0,0.0,0.0,4,0,0
1652,52,22,30,7,20,6,19,15,13,0,2,0,0,0,0,0,0,0,0,0,0,0,0,1.0,1.0,1.0,0.0,0.0,0.0,4,0,0
1653,52,22,30,7,20,6,19,15,13,0,2,0,0,0,0,0,0,0,0,0,0,0,0,1.0,1.0,1.0,0.0,0.0,0.0,4,0,0
1654,51,22,29,7,20,6,18,14,12,0,2,0,0,0,0,0,0,0,0,0,0,0,0,1.0,1.0,0.9333333333333333,0.0,0.0,0.0,4,0,1
1655,51,22,29,7,20,6,18,14,12,0,2,0,0,0,0,0,0,0,0,0,0,0,0,1.0,1.0,1.0,0.0,0.0,0.0,4,0,0
1656,50,21,29,7,20,6,17,14,12,0,2,0,0,0,0,0,0,0,0,0,0,0,0,1.0,0.75,1.0,0.0,0.0,0.0,4,0,1
1657,50,21,29,7,20,6,17,14,12,0,2,0,0,0,0,0,0,0,0,0,0,0,0,1.0,1.0,1.0,0.0,0.0,0.0,4,0,0
1658,50,21,29,7,20,6,17,14,12,0,2,0,0,0,0,0,0,0,0,0,0,0,0,1.0,1.0,1.0,0.0,0.0,0.0,4,0,0
1659,50,21,29,7,20,6,17,14,12,0,2,0,0,0,0,0,0,0,0,0,0,0,0,1.0,1.0,1.0,0.0,0.0,0.0,4,0,0
1660,50,21,29,7,20,6,17,14,12,0,2,0,0,0,0,0,0,0,0,0,0,0,0,1.0,1.0,1.0,0.0,0.0,0.0,4,0,0
1661,50,21,29,7,20,6,17,14,12,0,2,0,0,0,0,0,0,0,0,0,0,0,0,1.0,1.0,1.0,0.0,0.0,0.0,4,0,0
1662,49,20,29,6,20,6,17,14,12,0,2,0,0,0,0,0,0,0,0,0,1,0,1,0.962962962962963,1.0,1.0,0.0,0.0,0.0,4,0,1
1663,49,20,29,6,20,6,17,14,12,0,2,0,0,0,0,0,0,0,0,0,0,0,0,1.0,1.0,1.0,0.0,0.0,0.0,4,0,0
1664,49,20,29,6,20,6,17,14,12,0,2,0,0,0,0,0,0,0,0,0,0,0,0,1.0,1.0,1.0,0.0,0.0,0.0,4,0,0
1665,49,20,29,6,20,5,18,14,12,0,2,0,0,0,0,0,0,0,0,0,0,0,0,1.0,1.0,1.0,0.0,0.0,0.0,4,0,0
1666,52,22,30,9,20,5,18,14,11,0,3,0,0,0,0,0,0,0,0,1,0,0,0,1.0,1.0,1.0,0.061224489795918366,0.061224489795918366,0.0,4,3,0
1667,58,25,33,15,20,5,18,14,9,0,5,0,0,0,0,0,0,0,0,2,0,0,0,1.0,1.0,1.0,0.11538461538461539,0.11538461538461539,0.0,4,6,0
1668,66,29,37,23,20,5,18,14,7,0,7,0,0,0,0,0,0,0,0,2,0,0,0,1.0,1.0,1.0,0.13793103448275862,0.13793103448275862,0.0,4,8,0
1669,67,31,36,26,18,5,18,14,6,0,8,0,0,0,0,0,0,0,0,1,3,0,3,0.9302325581395349,1.0,1.0,0.06060606060606061,0.06060606060606061,0.0,4,4,3
1670,64,29,35,24,17,5,18,14,6,0,8,0,0,0,0,0,0,0,0,0,3,0,3,0.9318181818181819,1.0,1.0,0.0,0.0,0.0,4,0,3
1671,63,28,35,23,17,5,18,14,6,0,8,0,0,0,0,0,0,0,0,0,1,0,1,0.975609756097561,1.0,1.0,0.0,0.0,0.0,4,0,1
1672,60,26,34,20,18,5,17,14,6,0,8,0,0,0,0,0,0,0,0,0,2,0,2,0.95,0.75,1.0,0.0,0.0,0.0,4,0,3
1673,58,24,34,20,17,5,16,14,6,0,8,0,0,0,0,0,0,0,0,0,1,0,1,0.9736842105263158,0.6666666666666667,1.0,0.0,0.0,0.0,4,0,2
1674,58,24,34,20,17,5,16,14,6,0,7,0,0,0,0,0,0,0,0,0,0,0,0,1.0,1.0,1.0,0.0,0.0,0.0,4,0,0
1675,58,24,34,20,17,5,16,14,6,0,7,0,0,0,0,0,3,0,0,0,0,0,0,1.0,1.0,1.0,0.0,0.0,0.0,4,0,0
1676,58,24,34,20,17,5,16,14,7,0,7,0,0,0,0,0,8,1,0,0,0,0,0,1.0,1.0,1.0,0.0,0.0,0.125,4,0,0
1677,58,24,34,20,17,5,16,14,7,0,7,0,0,0,0,0,0,0,0,0,0,0,0,1.0,1.0,1.0,0.0,0.0,0.0,4,0,0
1678,57,24,33,19,17,5,16,14,7,0,7,0,0,0,0,0,0,0,0,0,1,0,1,0.972972972972973,1.0,1.0,0.0,0.0,0.0,4,0,1
1679,56,23,33,19,16,5,16,14,7,0,7,0,0,0,0,0,0,0,0,0,1,0,1,0.9722222222222222,1.0,1.0,0.0,0.0,0.0,4,0,1
1680,56,23,33,19,16,5,16,14,7,0,7,0,0,0,0,0,0,0,0,0,0,0,0,1.0,1.0,1.0,0.0,0.0,0.0,4,0,0
1681,55,23,32,19,15,5,16,14,7,0,7,0,0,0,0,0,0,0,0,0,1,0,1,0.9714285714285714,1.0,1.0,0.0,0.0,0.0,4,0,1
1682,54,22,32,18,15,5,16,14,7,0,7,0,0,0,0,0,0,0,0,0,1,0,1,0.9705882352941176,1.0,1.0,0.0,0.0,0.0,4,0,1
1683,54,22,32,18,15,5,16,14,7,0,7,0,0,0,0,0,0,0,0,0,0,0,0,1.0,1.0,1.0,0.0,0.0,0.0,4,0,0
1684,58,25,33,22,15,5,16,14,6,0,8,0,0,0,0,0,0,0,0,1,0,0,0,1.0,1.0,1.0,0.07407407407407407,0.07407407407407407,0.0,4,4,0
1685,57,24,33,21,15,5,16,14,6,0,8,0,0,0,0,0,0,0,0,0,1,0,1,0.972972972972973,1.0,1.0,0.0,0.0,0.0,4,0,1
1686,57,24,33,21,15,5,16,14,6,0,8,0,0,0,0,0,0,0,0,0,0,0,0,1.0,1.0,1.0,0.0,0.0,0.0,4,0,0
1687,54,21,33,20,13,5,16,14,6,0,8,0,0,0,0,0,0,0,0,0,3,0,3,0.9166666666666666,1.0,1.0,0.0,0.0,0.0,4,0,3
1688,53,21,32,20,12,5,16,14,6,0,8,0,0,0,0,0,0,0,0,0,1,0,1,0.9696969696969697,1.0,1.0,0.0,0.0,0.0,4,0,1
1689,53,21,32,20,12,5,16,14,6,0,8,0,0,0,0,0,0,0,0,0,0,0,0,1.0,1.0,1.0,0.0,0.0,0.0,4,0,0
1690,53,21,32,20,12,5,16,14,6,0,8,0,0,0,0,0,0,0,0,0,0,0,0,1.0,1.0,1.0,0.0,0.0,0.0,4,0,0
1691,52,21,31,19,12,5,16,14,6,0,8,0,0,0,0,0,0,0,0,0,1,0,1,0.96875,1.0,1.0,0.0,0.0,0.0,4,0,1
1692,56,23,33,21,14,5,16,14,5,0,9,0,0,0,0,0,0,0,0,1,0,0,0,1.0,1.0,1.0,0.07692307692307693,0.07692307692307693,0.0,4,4,0
1693,56,23,33,21,14,5,16,14,5,0,9,0,0,0,0,0,0,0,0,0,0,0,0,1.0,1.0,1.0,0.0,0.0,0.0,4,0,0
1694,56,23,33,21,14,5,16,14,5,0,8,0,0,0,0,0,0,0,0,0,0,0,0,1.0,1.0,1.0,0.0,0.0,0.0,4,0,0
1695,64,27,37,29,14,5,16,14,3,0,10,0,0,0,0,0,4,0,0,2,0,0,0,1.0,1.0,1.0,0.14285714285714285,0.14285714285714285,0.0,4,8,0
1696,64,27,37,29,14,5,16,14,4,0,10,0,0,0,0,0,7,1,0,0,0,0,0,1.0,1.0,1.0,0.0,0.0,0.14285714285714285,4,0,0
1697,63,26,37,29,14,5,15,14,4,0,10,0,0,0,0,0,0,0,0,0,0,0,0,1.0,0.5,1.0,0.0,0.0,0.0,4,0,1
1698,61,25,36,28,13,5,15,14,4,0,10,0,0,0,0,0,0,0,0,0,2,0,2,0.9534883720930233,1.0,1.0,0.0,0.0,0.0,4,0,2
1699,59,23,36,27,12,5,15,14,4,0,10,0,0,0,0,0,0,0,0,0,2,0,2,0.9512195121951219,1.0,1.0,0.0,0.0,0.0,4,0,2
1700,58,22,36,27,11,5,15,14,4,0,10,0,0,0,0,0,0,0,0,0,1,0,1,0.9743589743589743,1.0,1.0,0.0,0.0,0.0,4,0,1
1701,58,22,36,27,11,5,15,14,4,0,10,0,0,0,0,0,0,0,0,0,0,0,0,1.0,1.0,1.0,0.0,0.0,0.0,4,0,0
1702,58,22,36,27,11,5,15,14,4,0,10,0,0,0,0,0,0,0,0,0,0,0,0,1.0,1.0,1.0,0.0,0.0,0.0,4,0,0
1703,57,22,35,27,10,5,15,14,4,0,10,0,0,0,0,0,0,0,0,0,1,0,1,0.9736842105263158,1.0,1.0,0.0,0.0,0.0,4,0,1
1704,55,22,33,26,10,5,14,13,3,0,10,0,0,0,0,0,0,0,0,0,1,0,1,0.972972972972973,1.0,0.9285714285714286,0.0,0.0,0.0,4,0,2
1705,54,22,32,25,10,5,14,13,3,0,10,0,0,0,0,0,0,0,0,0,1,0,1,0.9722222222222222,1.0,1.0,0.0,0.0,0.0,4,0,1
1706,54,22,32,25,10,5,14,13,3,0,10,0,0,0,0,0,0,0,0,0,0,0,0,1.0,1.0,1.0,0.0,0.0,0.0,4,0,0
1707,54,22,32,25,10,4,15,14,3,0,10,0,0,0,0,0,0,0,0,0,0,0,0,1.0,1.0,1.0,0.0,0.0,0.0,4,0,0
1708,54,22,32,25,10,4,15,14,3,0,10,0,0,0,0,0,0,0,0,0,0,0,0,1.0,1.0,1.0,0.0,0.0,0.0,4,0,0
1709,53,22,31,24,10,4,15,14,3,0,10,0,0,0,0,0,0,0,0,0,1,0,1,0.9714285714285714,1.0,1.0,0.0,0.0,0.0,4,0,1
1710,51,20,31,20,12,4,15,14,3,0,10,0,0,0,0,0,0,0,0,0,2,0,2,0.9411764705882353,1.0,1.0,0.0,0.0,0.0,4,0,2
1711,51,20,31,16,16,4,15,14,3,0,9,0,0,0,0,0,2,0,0,0,0,0,0,1.0,1.0,1.0,0.0,0.0,0.0,4,0,0
1712,54,21,33,17,18,4,15,14,3,0,8,0,0,0,0,0,3,1,0,1,0,0,0,1.0,1.0,1.0,0.058823529411764705,0.058823529411764705,0.3333333333333333,4,3,0
1713,54,21,33,17,18,4,15,14,4,0,6,0,0,0,0,0,8,1,0,0,0,0,0,1.0,1.0,1.0,0.0,0.0,0.125,4,0,0
1714,58,23,35,21,18,4,15,14,4,0,6,0,0,0,0,0,7,1,0,1,0,0,0,1.0,1.0,1.0,0.07407407407407407,0.07407407407407407,0.14285714285714285,4,4,0
1715,57,22,35,20,18,4,15,14,5,0,6,0,0,0,0,0,3,1,0,0,1,0,1,0.9743589743589743,1.0,1.0,0.0,0.0,0.3333333333333333,4,0,1
1716,57,22,35,20,18,4,15,14,6,0,6,0,0,0,0,0,2,1,0,0,0,0,0,1.0,1.0,1.0,0.0,0.0,0.5,4,0,0
1717,57,22,35,20,18,4,15,14,7,0,6,0,0,0,0,0,4,1,0,0,0,0,0,1.0,1.0,1.0,0.0,0.0,0.25,4,0,0
1718,56,21,35,19,18,4,15,14,7,0,6,0,0,0,0,0,2,0,0,0,1,0,1,0.9736842105263158,1.0,1.0,0.0,0.0,0.0,4,0,1
1719,55,21,34,18,18,4,15,14,7,0,6,0,0,0,0,0,0,0,0,0,1,0,1,0.972972972972973,1.0,1.0,0.0,0.0,0.0,4,0,1
1720,55,21,34,18,18,4,15,14,7,0,6,0,0,0,0,0,0,0,0,0,0,0,0,1.0,1.0,1.0,0.0,0.0,0.0,4,0,0
1721,55,21,34,18,18,4,15,14,7,0,6,0,0,0,0,0,0,0,0,0,0,0,0,1.0,1.0,1.0,0.0,0.0,0.0,4,0,0
1722,55,21,34,18,18,4,15,14,7,0,6,0,0,0,0,0,0,0,0,0,0,0,0,1.0,1.0,1.0,0.0,0.0,0.0,4,0,0
1723,53,21,32,16,18,4,15,14,7,0,6,0,0,0,0,0,0,0,0,0,2,0,2,0.9444444444444444,1.0,1.0,0.0,0.0,0.0,4,0,2
1724,53,21,32,16,18,4,15,14,7,0,6,0,0,0,0,0,0,0,0,0,0,0,0,1.0,1.0,1.0,0.0,0.0,0.0,4,0,0
1725,53,21,32,16,18,4,15,14,7,0,6,0,0,0,0,0,0,0,0,0,0,0,0,1.0,1.0,1.0,0.0,0.0,0.0,4,0,0
1726,53,21,32,16,18,4,15,14,7,0,6,0,0,0,0,0,0,0,0,0,0,0,0,1.0,1.0,1.0,0.0,0.0,0.0,4,0,0
1727,52,20,32,11,22,4,15,14,7,1,6,0,0,0,0,0,4,0,1,0,1,0,1,0.9705882352941176,1.0,1.0,0.0,0.0,0.0,4,0,1
1728,50,19,31,10,21,4,15,14,7,1,6,0,0,0,0,0,0,0,0,0,2,0,2,0.9393939393939394,1.0,1.0,0.0,0.0,0.0,4,0,2
1729,50,19,31,10,21,4,15,14,7,1,5,0,0,0,0,0,0,0,0,0,0,0,0,1.0,1.0,1.0,0.0,0.0,0.0,4,0,0
1730,50,19,31,10,21,4,15,14,7,1,5,0,0,0,0,0,3,0,0,0,0,0,0,1.0,1.0,1.0,0.0,0.0,0.0,4,0,0
1731,50,19,31,10,21,4,15,14,8,1,5,0,0,0,0,0,8,1,0,0,0,0,0,1.0,1.0,1.0,0.0,0.0,0.125,4,0,0
1732,50,19,31,10,21,4,15,14,8,1,5,0,0,0,0,0,0,0,0,0,0,0,0,1.0,1.0,1.0,0.0,0.0,0.0,4,0,0
1733,49,18,31,9,21,4,15,14,8,1,5,0,0,0,0,0,0,0,0,0,1,0,1,0.967741935483871,1.0,1.0,0.0,0.0,0.0,4,0,1
1734,49,18,31,9,21,3,16,14,8,1,5,0,0,0,0,0,0,0,0,0,0,0,0,1.0,1.0,1.0,0.0,0.0,0.0,4,0,0
1735,49,18,31,7,23,3,16,14,8,1,5,0,0,0,0,0,0,0,0,0,0,0,0,1.0,1.0,1.0,0.0,0.0,0.0,4,0,0
1736,49,18,31,7,23,3,16,14,8,1,5,0,0,0,0,0,0,0,0,0,0,2,0,1.0,1.0,1.0,0.0,0.0,0.0,4,0,0
1737,49,18,31,7,23,3,16,14,8,1,4,0,0,0,0,0,0,0,0,0,0,0,0,1.0,1.0,1.0,0.0,0.0,0.0,4,0,0
1738,48,17,31,5,24,3,16,14,8,1,4,0,0,0,0,0,2,0,0,0,1,0,1,0.9666666666666667,1.0,1.0,0.0,0.0,0.0,4,0,1
1739,48,17,31,5,24,3,16,14,8,1,4,0,0,0,0,0,5,0,0,0,0,1,0,1.0,1.0,1.0,0.0,0.0,0.0,4,0,0
1740,48,17,31,5,22,4,17,15,9,1,2,0,0,0,0,0,3,1,0,0,0,0,0,1.0,1.0,1.0,0.0,0.0,0.3333333333333333,4,0,0
1741,50,17,33,8,21,3,18,16,9,2,3,0,0,0,0,0,13,1,1,1,0,0,0,0.962962962962963,1.0,1.0,0.0625,0.0625,0.07692307692307693,4,3,1
1742,50,17,33,8,21,3,18,16,10,2,3,0,0,0,0,0,8,1,0,0,0,0,0,1.0,1.0,1.0,0.0,0.0,0.125,4,0,0
1743,50,17,33,8,21,3,18,16,10,2,3,0,0,0,0,0,0,0,0,0,0,0,0,1.0,1.0,1.0,0.0,0.0,0.0,4,0,0
1744,50,17,33,8,21,3,18,16,10,2,3,0,0,0,0,0,0,0,0,0,0,0,0,1.0,1.0,1.0,0.0,0.0,0.0,4,0,0
1745,50,17,33,8,21,3,18,16,10,2,3,0,0,0,0,0,0,0,0,0,0,0,0,1.0,1.0,1.0,0.0,0.0,0.0,4,0,0
1746,50,17,33,8,21,3,18,16,10,2,3,0,0,0,0,0,0,0,0,0,0,0,0,1.0,1.0,1.0,0.0,0.0,0.0,4,0,0
1747,50,17,33,8,21,3,18,16,10,2,3,0,0,0,0,0,0,0,0,0,0,0,0,1.0,1.0,1.0,0.0,0.0,0.0,4,0,0
1748,49,16,33,8,20,3,18,16,10,2,3,0,0,0,0,0,0,0,0,0,1,0,1,0.9655172413793104,1.0,1.0,0.0,0.0,0.0,4,0,1
1749,49,16,33,8,20,3,18,16,10,2,3,0,0,0,0,0,0,0,0,0,0,0,0,1.0,1.0,1.0,0.0,0.0,0.0,4,0,0
1750,49,16,33,8,20,3,18,16,11,2,3,0,0,0,0,0,6,1,0,0,0,0,0,1.0,1.0,1.0,0.0,0.0,0.16666666666666666,4,0,0
1751,49,16,33,8,20,3,18,16,11,2,3,0,0,0,0,0,0,0,0,0,0,0,0,1.0,1.0,1.0,0.0,0.0,0.0,4,0,0
1752,49,16,33,8,20,3,18,16,11,2,3,0,0,0,0,0,0,0,0,0,0,0,0,1.0,1.0,1.0,0.0,0.0,0.0,4,0,0
1753,48,15,33,8,19,3,18,16,11,2,3,0,0,0,0,0,0,0,0,0,1,0,1,0.9642857142857143,1.0,1.0,0.0,0.0,0.0,4,0,1
1754,48,15,33,8,19,3,18,16,11,2,3,0,0,0,0,0,0,0,0,0,0,0,0,1.0,1.0,1.0,0.0,0.0,0.0,4,0,0
1755,48,15,33,5,22,3,18,16,11,2,3,0,0,0,0,0,0,0,0,0,0,0,0,1.0,1.0,1.0,0.0,0.0,0.0,4,0,0
1756,48,15,33,5,22,3,18,16,11,2,3,0,0,0,0,0,0,0,0,0,0,0,0,1.0,1.0,1.0,0.0,0.0,0.0,4,0,0
1757,48,15,33,3,24,3,18,16,11,2,2,0,0,0,0,0,0,0,0,0,0,0,0,1.0,1.0,1.0,0.0,0.0,0.0,4,0,0
1758,48,15,33,3,24,3,18,16,11,2,2,0,0,0,0,0,6,0,0,0,0,0,0,1.0,1.0,1.0,0.0,0.0,0.0,4,0,0
1759,48,15,33,3,24,3,18,16,11,2,1,0,0,0,0,0,8,0,0,0,0,0,0,1.0,1.0,1.0,0.0,0.0,0.0,4,0,0
1760,48,15,33,3,24,3,18,16,12,2,1,0,0,0,0,0,7,1,0,0,0,0,0,1.0,1.0,1.0,0.0,0.0,0.14285714285714285,4,0,0
1761,48,15,33,3,24,3,18,16,12,2,1,0,0,0,0,0,7,1,0,0,0,0,0,1.0,1.0,1.0,0.0,0.0,0.14285714285714285,4,0,0
1762,48,15,33,3,24,3,18,16,12,2,1,0,0,0,0,0,7,1,0,0,0,0,0,1.0,1.0,1.0,0.0,0.0,0.14285714285714285,4,0,0
1763,48,15,33,3,24,3,18,16,12,2,1,0,0,0,0,0,7,1,0,0,0,0,0,1.0,1.0,1.0,0.0,0.0,0.14285714285714285,4,0,0
1764,48,15,33,3,24,3,18,16,12,2,1,0,0,0,0,0,7,1,0,0,0,0,0,1.0,1.0,1.0,0.0,0.0,0.14285714285714285,4,0,0
1765,48,15,33,3,24,3,18,16,12,2,1,0,0,0,0,0,7,1,0,0,0,0,0,1.0,1.0,1.0,0.0,0.0,0.14285714285714285,4,0,0
1766,48,15,33,3,24,3,18,16,12,2,1,0,0,0,0,0,7,1,0,0,0,0,0,1.0,1.0,1.0,0.0,0.0,0.14285714285714285,4,0,0
1767,48,15,33,3,24,3,18,16,12,2,1,0,0,0,0,0,7,1,0,0,0,0,0,1.0,1.0,1.0,0.0,0.0,0.14285714285714285,4,0,0
1768,48,15,33,3,24,3,18,16,12,2,1,0,0,0,0,0,7,1,0,0,0,0,0,1.0,1.0,1.0,0.0,0.0,0.14285714285714285,4,0,0
1769,48,15,33,3,24,3,18,16,12,2,1,0,0,0,0,0,7,1,0,0,0,0,0,1.0,1.0,1.0,0.0,0.0,0.14285714285714285,4,0,0
1770,48,15,33,3,24,3,18,16,12,2,1,0,0,0,0,0,7,1,0,0,0,0,0,1.0,1.0,1.0,0.0,0.0,0.14285714285714285,4,0,0
1771,48,15,33,3,24,2,19,17,12,2,1,0,0,0,0,0,7,1,0,0,0,0,0,1.0,1.0,1.0,0.0,0.0,0.14285714285714285,4,0,0
1772,48,15,33,3,24,2,19,17,12,1,1,0,0,0,0,0,7,1,0,0,0,0,0,1.0,1.0,1.0,0.0,0.0,0.14285714285714285,4,0,0
1773,48,15,33,3,24,2,19,17,12,1,1,0,0,0,0,0,7,1,0,0,0,0,0,1.0,1.0,1.0,0.0,0.0,0.14285714285714285,4,0,0
1774,48,15,33,3,24,2,19,17,12,1,1,0,0,0,0,0,7,1,0,0,0,0,0,1.0,1.0,1.0,0.0,0.0,0.14285714285714285,4,0,0
1775,48,15,33,3,24,2,19,17,12,1,1,0,0,0,0,0,7,1,0,0,0,0,0,1.0,1.0,1.0,0.0,0.0,0.14285714285714285,4,0,0
1776,48,15,33,3,24,2,19,17,12,1,1,0,0,0,0,0,7,1,0,0,0,0,0,1.0,1.0,1.0,0.0,0.0,0.14285714285714285,4,0,0
1777,52,17,35,7,24,2,19,17,11,1,2,0,0,0,0,0,7,1,0,1,0,0,0,1.0,1.0,1.0,0.08333333333333333,0.08333333333333333,0.14285714285714285,4,4,0
1778,56,20,36,11,24,2,19,17,10,1,3,0,0,0,0,0,7,1,0,1,0,0,0,1.0,1.0,1.0,0.07692307692307693,0.07692307692307693,0.14285714285714285,4,4,0
1779,59,22,37,15,23,2,19,17,9,1,4,0,0,0,0,0,7,1,0,1,1,0,1,0.9714285714285714,1.0,1.0,0.07142857142857142,0.07142857142857142,0.14285714285714285,4,4,1
1780,61,23,38,18,22,2,19,17,8,1,5,0,0,0,0,0,7,1,0,1,1,0,1,0.9736842105263158,1.0,1.0,0.05084745762711865,0.05084745762711865,0.14285714285714285,4,3,1
1781,63,24,39,21,21,2,19,17,7,1,6,0,0,0,0,0,7,1,0,1,2,2,2,0.95,1.0,1.0,0.06557377049180328,0.06557377049180328,0.14285714285714285,4,4,2
1782,63,24,39,22,20,2,19,17,6,1,7,0,0,0,0,0,7,1,0,1,4,0,4,0.9047619047619048,1.0,1.0,0.06349206349206349,0.06349206349206349,0.14285714285714285,4,4,4
1783,61,22,39,21,19,2,19,17,6,1,7,0,0,0,0,0,7,1,0,0,2,0,2,0.9523809523809523,1.0,1.0,0.0,0.0,0.14285714285714285,4,0,2
1784,60,22,38,18,21,2,19,17,6,1,7,0,0,0,0,0,7,1,0,0,1,0,1,0.975,1.0,1.0,0.0,0.0,0.14285714285714285,4,0,1
1785,58,22,36,18,17,4,19,17,6,1,7,0,0,0,0,0,7,1,0,0,2,0,2,0.9459459459459459,1.0,1.0,0.0,0.0,0.14285714285714285,4,0,2
1786,58,22,36,18,17,4,19,17,6,0,6,0,0,0,0,0,7,1,0,0,0,0,0,1.0,1.0,1.0,0.0,0.0,0.14285714285714285,4,0,0
1787,58,22,36,18,17,4,19,17,6,0,6,0,0,0,0,0,7,1,0,0,0,0,0,1.0,1.0,1.0,0.0,0.0,0.14285714285714285,4,0,0
1788,57,21,36,17,17,4,19,17,6,0,6,0,0,0,0,0,7,1,0,0,1,0,1,0.9714285714285714,1.0,1.0,0.0,0.0,0.14285714285714285,4,0,1
1789,56,20,36,16,17,4,19,17,6,0,6,0,0,0,0,0,7,1,0,0,1,0,1,0.9705882352941176,1.0,1.0,0.0,0.0,0.14285714285714285,4,0,1
1790,56,20,36,16,17,4,19,17,6,0,6,0,0,0,0,0,7,1,0,0,0,0,0,1.0,1.0,1.0,0.0,0.0,0.14285714285714285,4,0,0
1791,56,20,36,16,17,4,19,17,6,0,6,0,0,0,0,0,7,1,0,0,0,0,0,1.0,1.0,1.0,0.0,0.0,0.14285714285714285,4,0,0
1792,55,19,36,16,16,4,19,17,6,0,6,0,0,0,0,0,7,1,0,0,1,0,1,0.9696969696969697,1.0,1.0,0.0,0.0,0.14285714285714285,4,0,1
1793,54,18,36,16,15,4,19,17,6,0,6,0,0,0,0,0,7,1,0,0,1,0,1,0.96875,1.0,1.0,0.0,0.0,0.14285714285714285,4,0,1
1794,54,18,36,16,15,4,19,17,6,0,6,0,0,0,0,0,7,1,0,0,0,0,0,1.0,1.0,1.0,0.0,0.0,0.14285714285714285,4,0,0
1795,53,17,36,15,15,4,19,17,6,0,6,0,0,0,0,0,7,1,0,0,1,0,1,0.967741935483871,1.0,1.0,0.0,0.0,0.14285714285714285,4,0,1
1796,57,19,38,19,15,4,19,17,5,0,7,0,0,0,0,0,7,1,0,1,0,0,0,1.0,1.0,1.0,0.07547169811320754,0.07547169811320754,0.14285714285714285,4,4,0
1797,57,19,38,19,15,4,19,17,5,0,7,0,0,0,0,0,7,1,0,0,0,0,0,1.0,1.0,1.0,0.0,0.0,0.14285714285714285,4,0,0
1798,57,19,38,19,15,4,19,17,5,0,7,0,0,0,0,0,7,1,0,0,0,0,0,1.0,1.0,1.0,0.0,0.0,0.14285714285714285,4,0,0
1799,57,19,38,19,15,4,19,17,5,0,7,0,0,0,0,0,7,1,0,0,0,0,0,1.0,1.0,1.0,0.0,0.0,0.14285714285714285,4,0,0
1800,57,19,38,19,15,4,19,17,5,0,7,0,0,0,0,0,7,1,0,0,0,0,0,1.0,1.0,1.0,0.0,0.0,0.14285714285714285,4,0,0
1801,55,17,38,17,15,4,19,17,5,0,7,0,0,0,0,0,7,1,0,0,2,0,2,0.9411764705882353,1.0,1.0,0.0,0.0,0.14285714285714285,4,0,2
1802,55,17,38,17,15,4,19,17,5,0,7,0,0,0,0,0,7,1,0,0,0,0,0,1.0,1.0,1.0,0.0,0.0,0.14285714285714285,4,0,0
1803,55,17,38,17,15,4,19,17,5,0,7,0,0,0,0,0,7,1,0,0,0,0,0,1.0,1.0,1.0,0.0,0.0,0.14285714285714285,4,0,0
1804,52,15,37,14,15,4,19,17,5,0,7,0,0,0,0,0,7,1,0,0,3,0,3,0.90625,1.0,1.0,0.0,0.0,0.14285714285714285,4,0,3
1805,56,16,40,18,15,4,19,17,4,0,8,0,0,0,0,0,7,1,0,1,0,0,0,1.0,1.0,1.0,0.07692307692307693,0.07692307692307693,0.14285714285714285,4,4,0
1806,59,18,41,21,15,4,19,17,3,0,9,0,0,0,0,0,7,1,0,1,0,0,0,1.0,1.0,1.0,0.05357142857142857,0.05357142857142857,0.14285714285714285,4,3,0
1807,63,21,42,25,15,3,20,18,2,0,10,0,0,0,0,0,7,1,0,1,0,0,0,1.0,1.0,1.0,0.06779661016949153,0.06779661016949153,0.14285714285714285,4,4,0
1808,61,20,41,24,14,3,20,18,2,0,10,0,0,0,0,0,7,1,0,0,2,0,2,0.95,1.0,1.0,0.0,0.0,0.14285714285714285,4,0,2
1809,60,20,40,23,14,3,20,18,2,0,10,0,0,0,0,0,7,1,0,0,1,0,1,0.9736842105263158,1.0,1.0,0.0,0.0,0.14285714285714285,4,0,1
1810,60,20,40,23,14,3,20,18,2,0,10,0,0,0,0,0,7,1,0,0,0,0,0,1.0,1.0,1.0,0.0,0.0,0.14285714285714285,4,0,0
1811,58,18,40,21,14,3,20,18,2,0,10,0,0,0,0,0,7,1,0,0,2,0,2,0.9459459459459459,1.0,1.0,0.0,0.0,0.14285714285714285,4,0,2
1812,57,18,39,21,13,3,20,18,2,0,10,0,0,0,0,0,7,1,0,0,1,0,1,0.9714285714285714,1.0,1.0,0.0,0.0,0.14285714285714285,4,0,1
1813,55,17,38,19,13,3,20,18,2,0,10,0,0,0,0,0,7,1,0,0,2,0,2,0.9411764705882353,1.0,1.0,0.0,0.0,0.14285714285714285,4,0,2
1814,53,15,38,17,13,3,20,18,2,0,10,0,0,0,0,0,7,1,0,0,2,0,2,0.9375,1.0,1.0,0.0,0.0,0.14285714285714285,4,0,2
1815,56,17,39,20,13,3,20,18,1,0,11,0,0,0,0,0,7,1,0,1,0,0,0,1.0,1.0,1.0,0.05660377358490566,0.05660377358490566,0.14285714285714285,4,3,0
1816,56,17,39,20,13,3,20,18,1,0,11,0,0,0,0,0,7,1,0,0,0,0,0,1.0,1.0,1.0,0.0,0.0,0.14285714285714285,4,0,0
1817,55,16,39,20,12,3,20,18,1,0,11,0,0,0,0,0,7,1,0,0,1,0,1,0.9696969696969697,1.0,1.0,0.0,0.0,0.14285714285714285,4,0,1
1818,55,16,39,20,12,3,20,18,1,0,11,0,0,0,0,0,7,1,0,0,0,0,0,1.0,1.0,1.0,0.0,0.0,0.14285714285714285,4,0,0
1819,55,16,39,20,12,3,20,18,1,0,11,0,0,0,0,0,7,1,0,0,0,0,0,1.0,1.0,1.0,0.0,0.0,0.14285714285714285,4,0,0
1820,54,15,39,18,13,3,20,18,1,0,11,0,0,0,0,0,7,1,0,0,1,0,1,0.96875,1.0,1.0,0.0,0.0,0.14285714285714285,4,0,1
1821,53,15,38,15,15,3,20,18,1,0,11,0,0,0,0,0,7,1,0,0,1,0,1,0.967741935483871,1.0,1.0,0.0,0.0,0.14285714285714285,4,0,1
1822,53,15,38,15,15,3,20,18,1,0,10,0,0,0,0,0,7,1,0,0,0,0,0,1.0,1.0,1.0,0.0,0.0,0.14285714285714285,4,0,0
1823,53,15,38,15,15,3,20,18,1,0,9,0,0,0,0,0,7,1,0,0,0,0,0,1.0,1.0,1.0,0.0,0.0,0.14285714285714285,4,0,0
1824,53,15,38,14,16,3,20,18,1,0,8,0,0,0,0,0,7,1,0,0,0,0,0,1.0,1.0,1.0,0.0,0.0,0.14285714285714285,4,0,0
1825,56,16,40,16,17,3,20,18,0,0,8,0,0,0,0,0,7,1,0,1,0,0,0,1.0,1.0,1.0,0.05660377358490566,0.05660377358490566,0.14285714285714285,4,3,0
1826,54,16,38,15,16,3,20,18,0,0,7,0,0,0,0,0,7,1,0,0,2,0,2,0.9393939393939394,1.0,1.0,0.0,0.0,0.14285714285714285,4,0,2
1827,53,16,37,15,15,3,20,18,0,0,6,0,0,0,0,0,7,1,0,0,1,0,1,0.967741935483871,1.0,1.0,0.0,0.0,0.14285714285714285,4,0,1
1828,53,16,37,15,15,3,20,18,0,0,6,0,0,0,0,0,7,1,0,0,0,0,0,1.0,1.0,1.0,0.0,0.0,0.14285714285714285,4,0,0
1829,53,16,37,15,15,3,20,18,0,0,6,0,0,0,0,0,7,1,0,0,0,0,0,1.0,1.0,1.0,0.0,0.0,0.14285714285714285,4,0,0
1830,53,16,37,15,15,3,20,18,0,0,6,0,0,0,0,0,7,1,0,0,0,0,0,1.0,1.0,1.0,0.0,0.0,0.14285714285714285,4,0,0
1831,53,16,37,15,15,3,20,18,0,0,6,0,0,0,0,0,7,1,0,0,0,0,0,1.0,1.0,1.0,0.0,0.0,0.14285714285714285,4,0,0
1832,52,16,36,14,15,3,20,18,0,0,6,0,0,0,0,0,7,1,0,0,1,0,1,0.9666666666666667,1.0,1.0,0.0,0.0,0.14285714285714285,4,0,1
1833,52,16,36,14,15,3,20,18,0,0,6,0,0,0,0,0,7,1,0,0,0,0,0,1.0,1.0,1.0,0.0,0.0,0.14285714285714285,4,0,0
1834,52,16,36,14,15,3,20,18,0,0,6,0,0,0,0,0,7,1,0,0,0,0,0,1.0,1.0,1.0,0.0,0.0,0.14285714285714285,4,0,0
1835,51,16,35,14,15,3,19,17,0,0,6,0,0,0,0,0,7,1,0,0,0,0,0,1.0,1.0,0.9444444444444444,0.0,0.0,0.14285714285714285,4,0,1
1836,51,16,35,14,15,3,19,17,0,0,6,0,0,0,0,0,7,1,0,0,0,0,0,1.0,1.0,1.0,0.0,0.0,0.14285714285714285,4,0,0
1837,51,16,35,14,15,3,19,17,0,0,6,0,0,0,0,0,7,1,0,0,0,0,0,1.0,1.0,1.0,0.0,0.0,0.14285714285714285,4,0,0
1838,50,16,34,14,14,3,19,17,0,0,6,0,0,0,0,0,7,1,0,0,1,0,1,0.9655172413793104,1.0,1.0,0.0,0.0,0.14285714285714285,4,0,1
1839,50,16,34,13,15,3,19,17,0,0,6,0,0,0,0,0,7,1,0,0,0,0,0,1.0,1.0,1.0,0.0,0.0,0.14285714285714285,4,0,0
1840,50,16,34,13,15,3,19,17,0,0,6,0,0,0,0,0,7,1,0,0,0,0,0,1.0,1.0,1.0,0.0,0.0,0.14285714285714285,4,0,0
1841,50,16,34,13,15,3,19,17,0,0,5,0,0,0,0,0,7,1,0,0,0,0,0,1.0,1.0,1.0,0.0,0.0,0.14285714285714285,4,0,0
1842,49,15,34,12,15,3,19,17,0,0,5,0,0,0,0,0,7,1,0,0,1,0,1,0.9642857142857143,1.0,1.0,0.0,0.0,0.14285714285714285,4,0,1
1843,49,15,34,12,15,3,19,17,0,0,5,0,0,0,0,0,7,1,0,0,0,0,0,1.0,1.0,1.0,0.0,0.0,0.14285714285714285,4,0,0
1844,49,15,34,12,15,3,19,17,0,0,5,0,0,0,0,0,7,1,0,0,0,0,0,1.0,1.0,1.0,0.0,0.0,0.14285714285714285,4,0,0
1845,48,15,33,11,15,3,19,17,0,0,5,0,0,0,0,0,7,1,0,0,1,0,1,0.962962962962963,1.0,1.0,0.0,0.0,0.14285714285714285,4,0,1
1846,48,15,33,11,15,3,19,17,0,0,5,0,0,0,0,0,7,1,0,0,0,0,0,1.0,1.0,1.0,0.0,0.0,0.14285714285714285,4,0,0
1847,48,15,33,11,15,3,19,17,0,0,5,0,0,0,0,0,7,1,0,0,0,1,0,1.0,1.0,1.0,0.0,0.0,0.14285714285714285,4,0,0
1848,48,15,33,8,18,3,19,17,0,0,5,0,0,0,0,0,7,1,0,0,0,3,0,1.0,1.0,1.0,0.0,0.0,0.14285714285714285,4,0,0
1849,48,15,33,6,20,3,19,17,0,0,5,0,0,0,0,0,7,1,0,0,0,0,0,1.0,1.0,1.0,0.0,0.0,0.14285714285714285,4,0,0
1850,48,15,33,4,22,3,19,17,0,0,4,0,0,0,0,0,7,1,0,0,0,0,0,1.0,1.0,1.0,0.0,0.0,0.14285714285714285,4,0,0
1851,48,15,33,4,21,4,19,17,0,0,3,0,0,0,0,0,7,1,0,0,0,0,0,1.0,1.0,1.0,0.0,0.0,0.14285714285714285,4,0,0
1852,48,15,33,4,18,7,19,17,0,0,2,0,0,0,0,0,7,1,0,0,0,0,0,1.0,1.0,1.0,0.0,0.0,0.14285714285714285,4,0,0
1853,48,15,33,4,18,7,19,17,0,0,2,0,0,0,0,0,7,1,0,0,0,0,0,1.0,1.0,1.0,0.0,0.0,0.14285714285714285,4,0,0
1854,47,15,32,4,17,7,19,17,0,0,2,0,0,0,0,0,7,1,0,0,1,0,1,0.9545454545454546,1.0,1.0,0.0,0.0,0.14285714285714285,4,0,1
1855,47,15,32,4,17,7,19,17,2,0,2,0,0,0,0,0,9,2,0,0,0,0,0,1.0,1.0,1.0,0.0,0.0,0.2222222222222222,4,0,0
1856,47,15,32,4,17,7,19,17,3,1,2,0,0,0,0,0,9,1,1,0,0,0,0,1.0,1.0,1.0,0.0,0.0,0.1111111111111111,4,0,0
1857,47,15,32,4,17,7,19,17,7,3,2,0,0,0,0,0,13,4,2,0,0,0,0,1.0,1.0,1.0,0.0,0.0,0.3076923076923077,4,0,0
1858,47,15,32,2,19,7,19,17,8,3,2,0,0,0,0,0,5,1,0,0,0,0,0,1.0,1.0,1.0,0.0,0.0,0.2,4,0,0
1859,47,15,32,2,19,7,19,17,10,3,2,0,0,0,0,0,10,2,0,0,0,0,0,1.0,1.0,1.0,0.0,0.0,0.2,4,0,0
1860,47,15,32,2,19,7,19,17,10,3,1,0,0,0,0,0,0,0,0,0,0,0,0,1.0,1.0,1.0,0.0,0.0,0.0,4,0,0
1861,47,15,32,2,19,7,19,17,10,4,1,0,0,0,0,0,2,0,1,0,0,0,0,1.0,1.0,1.0,0.0,0.0,0.0,4,0,0
1862,46,15,31,2,18,7,19,17,10,4,1,0,0,0,0,0,0,0,0,0,1,0,1,0.9523809523809523,1.0,1.0,0.0,0.0,0.0,4,0,1
1863,45,15,30,2,17,7,19,17,10,4,1,0,0,0,0,0,0,0,0,0,1,0,1,0.95,1.0,1.0,0.0,0.0,0.0,4,0,1
1864,45,15,30,2,17,7,19,17,10,4,1,0,0,0,0,0,0,0,0,0,0,0,0,1.0,1.0,1.0,0.0,0.0,0.0,4,0,0
1865,44,15,29,2,17,7,18,16,10,4,0,0,0,0,0,0,0,0,0,0,0,0,0,1.0,1.0,0.9411764705882353,0.0,0.0,0.0,4,0,1
1866,43,14,29,2,16,7,18,16,10,4,0,0,0,0,0,0,0,0,0,0,1,0,1,0.9473684210526316,1.0,1.0,0.0,0.0,0.0,4,0,1
1867,43,14,29,2,16,7,18,16,10,4,0,0,0,0,0,0,0,0,0,0,0,0,0,1.0,1.0,1.0,0.0,0.0,0.0,4,0,0
1868,43,14,29,0,18,7,18,16,11,4,0,0,0,0,0,0,11,1,0,0,0,0,0,1.0,1.0,1.0,0.0,0.0,0.09090909090909091,4,0,0
1869,43,14,29,0,18,7,18,16,11,4,0,0,0,0,0,0,4,0,0,0,0,0,0,1.0,1.0,1.0,0.0,0.0,0.0,4,0,0
1870,43,14,29,0,18,7,18,16,12,4,0,0,0,0,0,0,6,1,0,0,0,0,0,1.0,1.0,1.0,0.0,0.0,0.16666666666666666,4,0,0
1871,43,14,29,0,18,7,18,16,12,4,0,0,0,0,0,0,0,0,0,0,0,0,0,1.0,1.0,1.0,0.0,0.0,0.0,4,0,0
1872,43,14,29,0,18,7,18,16,12,4,0,0,0,0,0,0,0,0,0,0,0,0,0,1.0,1.0,1.0,0.0,0.0,0.0,4,0,0
1873,43,14,29,0,18,7,18,16,12,4,0,0,0,0,0,0,0,0,0,0,0,0,0,1.0,1.0,1.0,0.0,0.0,0.0,4,0,0
1874,43,14,29,0,18,7,18,16,12,4,0,0,0,0,0,0,0,0,0,0,0,0,0,1.0,1.0,1.0,0.0,0.0,0.0,4,0,0
1875,42,13,29,0,17,7,18,16,12,4,0,0,0,0,0,0,0,0,0,0,1,1,1,0.9444444444444444,1.0,1.0,0.0,0.0,0.0,4,0,1
1876,42,13,29,0,17,7,18,16,12,4,0,0,0,0,0,0,0,0,0,0,0,0,0,1.0,1.0,1.0,0.0,0.0,0.0,4,0,0
1877,42,13,29,0,17,7,18,16,12,4,0,0,0,0,0,0,0,0,0,0,0,0,0,1.0,1.0,1.0,0.0,0.0,0.0,4,0,0
1878,42,13,29,0,17,7,18,16,12,4,0,0,0,0,0,0,0,0,0,0,0,0,0,1.0,1.0,1.0,0.0,0.0,0.0,4,0,0
1879,42,13,29,0,16,8,18,16,12,4,0,0,0,0,0,0,0,0,0,0,0,0,0,1.0,1.0,1.0,0.0,0.0,0.0,4,0,0
1880,42,13,29,0,16,8,18,16,12,4,0,0,0,0,0,0,0,0,0,0,0,0,0,1.0,1.0,1.0,0.0,0.0,0.0,4,0,0
1881,42,13,29,0,16,8,18,16,12,4,0,0,0,0,0,0,0,0,0,0,0,0,0,1.0,1.0,1.0,0.0,0.0,0.0,4,0,0
1882,42,13,29,0,16,8,18,16,12,4,0,0,0,0,0,0,0,0,0,0,0,0,0,1.0,1.0,1.0,0.0,0.0,0.0,4,0,0
1883,41,12,29,0,15,8,18,16,12,4,0,0,0,0,0,0,0,0,0,0,1,0,1,0.9375,1.0,1.0,0.0,0.0,0.0,4,0,1
1884,41,12,29,0,15,8,18,16,12,4,0,0,0,0,0,0,0,0,0,0,0,0,0,1.0,1.0,1.0,0.0,0.0,0.0,4,0,0
1885,41,12,29,0,15,8,18,16,12,4,0,0,0,0,0,0,0,0,0,0,0,0,0,1.0,1.0,1.0,0.0,0.0,0.0,4,0,0
1886,41,12,29,0,15,8,18,16,12,4,0,0,0,0,0,0,0,0,0,0,0,0,0,1.0,1.0,1.0,0.0,0.0,0.0,4,0,0
1887,41,12,29,0,15,8,18,16,12,4,0,0,0,0,0,0,0,0,0,0,0,0,0,1.0,1.0,1.0,0.0,0.0,0.0,4,0,0
1888,41,12,29,0,15,8,18,16,12,4,0,0,0,0,0,0,0,0,0,0,0,0,0,1.0,1.0,1.0,0.0,0.0,0.0,4,0,0
1889,41,12,29,0,15,8,18,16,12,4,0,0,0,0,0,0,0,0,0,0,0,0,0,1.0,1.0,1.0,0.0,0.0,0.0,4,0,0
1890,41,12,29,0,15,8,18,16,12,4,0,0,0,0,0,0,0,0,0,0,0,0,0,1.0,1.0,1.0,0.0,0.0,0.0,4,0,0
1891,41,12,29,0,15,8,18,16,12,4,0,0,0,0,0,0,0,0,0,0,0,0,0,1.0,1.0,1.0,0.0,0.0,0.0,4,0,0
1892,41,12,29,0,15,8,18,16,12,4,0,0,0,0,0,0,0,0,0,0,0,0,0,1.0,1.0,1.0,0.0,0.0,0.0,4,0,0
1893,41,12,29,0,15,8,18,16,12,4,0,0,0,0,0,0,0,0,0,0,0,0,0,1.0,1.0,1.0,0.0,0.0,0.0,4,0,0
1894,40,12,28,0,14,8,18,16,12,4,0,0,0,0,0,0,0,0,0,0,1,0,1,0.9333333333333333,1.0,1.0,0.0,0.0,0.0,4,0,1
1895,40,12,28,0,14,8,18,16,12,4,0,0,0,0,0,0,0,0,0,0,0,0,0,1.0,1.0,1.0,0.0,0.0,0.0,4,0,0
1896,40,12,28,0,14,8,18,16,12,4,0,0,0,0,0,0,0,0,0,0,0,0,0,1.0,1.0,1.0,0.0,0.0,0.0,4,0,0
1897,40,12,28,0,14,8,18,16,12,4,0,0,0,0,0,0,0,0,0,0,0,0,0,1.0,1.0,1.0,0.0,0.0,0.0,4,0,0
1898,40,12,28,0,14,8,18,16,12,4,0,0,0,0,0,0,0,0,0,0,0,0,0,1.0,1.0,1.0,0.0,0.0,0.0,4,0,0
1899,40,12,28,0,14,8,18,16,12,4,0,0,0,0,0,0,0,0,0,0,0,0,0,1.0,1.0,1.0,0.0,0.0,0.0,4,0,0
1900,40,12,28,0,14,8,18,16,12,4,0,0,0,0,0,0,0,0,0,0,0,0,0,1.0,1.0,1.0,0.0,0.0,0.0,4,0,0
1901,40,12,28,0,14,8,18,16,12,3,0,0,0,0,0,0,0,0,0,0,0,0,0,1.0,1.0,1.0,0.0,0.0,0.0,4,0,0
1902,40,12,28,0,14,8,18,16,13,1,0,0,0,0,0,0,6,1,0,0,0,0,0,1.0,1.0,1.0,0.0,0.0,0.16666666666666666,4,0,0
1903,40,12,28,0,14,8,18,16,14,1,0,0,0,0,0,0,14,1,0,0,0,0,0,1.0,1.0,1.0,0.0,0.0,0.07142857142857142,4,0,0
1904,39,12,27,0,14,8,17,15,14,1,0,0,0,0,0,0,4,1,0,0,0,0,0,1.0,1.0,0.9375,0.0,0.0,0.25,4,0,1
1905,39,12,27,0,14,8,17,15,14,1,0,0,0,0,0,0,0,0,0,0,0,0,0,1.0,1.0,1.0,0.0,0.0,0.0,4,0,0
1906,39,12,27,0,14,8,17,15,14,0,0,0,0,0,0,0,0,0,0,0,0,0,0,1.0,1.0,1.0,0.0,0.0,0.0,4,0,0
1907,39,12,27,0,14,8,17,15,15,0,0,0,0,0,0,0,7,1,0,0,0,0,0,1.0,1.0,1.0,0.0,0.0,0.14285714285714285,4,0,0
1908,39,12,27,0,14,8,17,15,15,0,0,0,0,0,0,0,0,0,0,0,0,0,0,1.0,1.0,1.0,0.0,0.0,0.0,4,0,0
1909,39,12,27,0,14,8,17,15,15,0,0,0,0,0,0,0,0,0,0,0,0,0,0,1.0,1.0,1.0,0.0,0.0,0.0,4,0,0
1910,39,12,27,0,14,8,17,15,15,0,0,0,0,0,0,0,0,0,0,0,0,0,0,1.0,1.0,1.0,0.0,0.0,0.0,4,0,0
1911,39,12,27,0,14,8,17,15,15,0,0,0,0,0,0,0,0,0,0,0,0,0,0,1.0,1.0,1.0,0.0,0.0,0.0,4,0,0
1912,39,12,27,0,14,8,17,15,15,0,0,0,0,0,0,0,0,0,0,0,0,0,0,1.0,1.0,1.0,0.0,0.0,0.0,4,0,0
1913,39,12,27,0,14,8,17,15,15,0,0,0,0,0,0,0,0,0,0,0,0,0,0,1.0,1.0,1.0,0.0,0.0,0.0,4,0,0
1914,38,11,27,0,14,8,16,15,15,0,0,0,0,0,0,0,0,0,0,0,0,0,0,1.0,0.5,1.0,0.0,0.0,0.0,4,0,1
1915,38,11,27,0,14,8,16,15,15,0,0,0,0,0,0,0,0,0,0,0,0,0,0,1.0,1.0,1.0,0.0,0.0,0.0,4,0,0
1916,38,11,27,0,14,8,16,15,15,0,0,0,0,0,0,0,0,0,0,0,0,0,0,1.0,1.0,1.0,0.0,0.0,0.0,4,0,0
1917,38,11,27,0,14,8,16,15,15,0,0,0,0,0,0,0,0,0,0,0,0,0,0,1.0,1.0,1.0,0.0,0.0,0.0,4,0,0
1918,38,11,27,0,14,8,16,15,15,0,0,0,0,0,0,0,0,0,0,0,0,0,0,1.0,1.0,1.0,0.0,0.0,0.0,4,0,0
1919,38,11,27,0,14,8,16,15,15,0,0,0,0,0,0,0,0,0,0,0,0,0,0,1.0,1.0,1.0,0.0,0.0,0.0,4,0,0
1920,46,15,31,8,14,7,17,15,13,0,2,0,0,0,0,0,0,0,0,2,0,0,0,1.0,1.0,1.0,0.21052631578947367,0.21052631578947367,0.0,4,8,0
1921,49,17,32,11,14,7,17,15,12,0,3,0,0,0,0,0,0,0,0,1,0,1,0,1.0,1.0,1.0,0.06521739130434782,0.06521739130434782,0.0,4,3,0
1922,59,22,37,21,14,7,17,15,9,0,6,0,0,0,0,0,0,0,0,3,1,0,1,0.96,1.0,1.0,0.22448979591836735,0.22448979591836735,0.0,4,11,1
1923,61,24,37,23,14,7,17,15,8,0,7,0,0,0,0,0,0,0,0,1,1,0,1,0.9714285714285714,1.0,1.0,0.05084745762711865,0.05084745762711865,0.0,4,3,1
1924,68,29,39,31,13,7,17,15,6,0,9,0,0,0,0,0,0,0,0,2,1,0,1,0.972972972972973,1.0,1.0,0.13114754098360656,0.13114754098360656,0.0,4,8,1
1925,65,26,39,28,12,8,17,15,6,0,9,0,0,0,0,0,0,0,0,0,3,0,3,0.9302325581395349,1.0,1.0,0.0,0.0,0.0,4,0,3
1926,64,26,38,27,12,8,17,15,6,0,9,0,0,0,0,0,0,0,0,0,1,0,1,0.975,1.0,1.0,0.0,0.0,0.0,4,0,1
1927,61,24,37,25,11,8,17,15,6,0,9,0,0,0,0,0,0,0,0,0,3,0,3,0.9230769230769231,1.0,1.0,0.0,0.0,0.0,4,0,3
1928,59,23,36,23,11,8,17,15,6,0,9,0,0,0,0,0,0,0,0,0,2,0,2,0.9444444444444444,1.0,1.0,0.0,0.0,0.0,4,0,2
1929,59,23,36,23,11,8,17,15,6,0,9,0,0,0,0,0,0,0,0,0,0,0,0,1.0,1.0,1.0,0.0,0.0,0.0,4,0,0
1930,59,23,36,23,11,8,17,15,6,0,9,0,0,0,0,0,0,0,0,0,0,0,0,1.0,1.0,1.0,0.0,0.0,0.0,4,0,0
1931,58,22,36,22,11,8,17,15,6,0,9,0,0,0,0,0,0,0,0,0,1,0,1,0.9705882352941176,1.0,1.0,0.0,0.0,0.0,4,0,1
1932,58,22,36,22,11,8,17,15,6,0,9,0,0,0,0,0,0,0,0,0,0,0,0,1.0,1.0,1.0,0.0,0.0,0.0,4,0,0
1933,60,25,35,24,11,8,17,15,5,0,10,0,0,0,0,0,0,0,0,1,1,0,1,0.9696969696969697,1.0,1.0,0.05172413793103448,0.05172413793103448,0.0,4,3,1
1934,58,23,35,22,11,8,17,15,5,0,10,0,0,0,0,0,0,0,0,0,2,0,2,0.9428571428571428,1.0,1.0,0.0,0.0,0.0,4,0,2
1935,62,24,38,26,11,8,17,15,4,0,11,0,0,0,0,0,0,0,0,1,0,0,0,1.0,1.0,1.0,0.06896551724137931,0.06896551724137931,0.0,4,4,0
1936,59,24,35,24,10,6,19,17,6,0,11,0,0,0,0,0,7,2,0,0,3,0,3,0.9189189189189189,1.0,1.0,0.0,0.0,0.2857142857142857,4,0,3
1937,59,24,35,24,10,6,19,17,6,0,11,0,0,0,0,0,0,0,0,0,0,0,0,1.0,1.0,1.0,0.0,0.0,0.0,4,0,0
1938,58,24,34,24,9,6,19,17,6,0,11,0,0,0,0,0,0,0,0,0,1,0,1,0.9705882352941176,1.0,1.0,0.0,0.0,0.0,4,0,1
1939,58,24,34,24,9,6,19,17,6,0,11,0,0,0,0,0,0,0,0,0,0,0,0,1.0,1.0,1.0,0.0,0.0,0.0,4,0,0
1940,58,24,34,24,9,6,19,17,6,0,11,0,0,0,0,0,0,0,0,0,0,0,0,1.0,1.0,1.0,0.0,0.0,0.0,4,0,0
1941,58,24,34,24,9,6,19,17,6,0,11,0,0,0,0,0,0,0,0,0,0,0,0,1.0,1.0,1.0,0.0,0.0,0.0,4,0,0
1942,58,24,34,24,9,6,19,17,6,0,11,0,0,0,0,0,0,0,0,0,0,0,0,1.0,1.0,1.0,0.0,0.0,0.0,4,0,0
1943,57,24,33,24,8,6,19,17,6,0,11,0,0,0,0,0,0,0,0,0,1,0,1,0.9696969696969697,1.0,1.0,0.0,0.0,0.0,4,0,1
1944,57,24,33,24,8,6,19,17,6,0,11,0,0,0,0,0,0,0,0,0,0,0,0,1.0,1.0,1.0,0.0,0.0,0.0,4,0,0
1945,56,24,32,23,8,6,19,17,6,0,11,0,0,0,0,0,0,0,0,0,1,0,1,0.96875,1.0,1.0,0.0,0.0,0.0,4,0,1
1946,54,23,31,21,8,6,19,17,6,0,11,0,0,0,0,0,0,0,0,0,2,0,2,0.935483870967742,1.0,1.0,0.0,0.0,0.0,4,0,2
1947,53,22,31,20,8,6,19,17,6,0,11,0,0,0,0,0,0,0,0,0,1,0,1,0.9655172413793104,1.0,1.0,0.0,0.0,0.0,4,0,1
1948,53,22,31,20,8,6,19,17,6,0,11,0,0,0,0,0,0,0,0,0,0,0,0,1.0,1.0,1.0,0.0,0.0,0.0,4,0,0
1949,53,22,31,20,8,6,19,17,6,0,11,0,0,0,0,0,0,0,0,0,0,0,0,1.0,1.0,1.0,0.0,0.0,0.0,4,0,0
1950,53,22,31,20,8,6,19,17,6,0,11,0,0,0,0,0,0,0,0,0,0,0,0,1.0,1.0,1.0,0.0,0.0,0.0,4,0,0
1951,53,22,31,20,8,6,19,17,6,0,11,0,0,0,0,0,0,0,0,0,0,0,0,1.0,1.0,1.0,0.0,0.0,0.0,4,0,0
1952,53,22,31,20,8,6,19,17,6,0,11,0,0,0,0,0,0,0,0,0,0,0,0,1.0,1.0,1.0,0.0,0.0,0.0,4,0,0
1953,53,22,31,20,8,6,19,17,6,0,11,0,0,0,0,0,0,0,0,0,0,0,0,1.0,1.0,1.0,0.0,0.0,0.0,4,0,0
1954,51,20,31,19,7,6,19,17,6,0,11,0,0,0,0,0,0,0,0,0,2,0,2,0.9285714285714286,1.0,1.0,0.0,0.0,0.0,4,0,2
1955,50,19,31,18,7,6,19,17,6,0,11,0,0,0,0,0,0,0,0,0,1,0,1,0.9615384615384616,1.0,1.0,0.0,0.0,0.0,4,0,1
1956,50,19,31,18,7,6,19,17,6,0,11,0,0,0,0,0,0,0,0,0,0,0,0,1.0,1.0,1.0,0.0,0.0,0.0,4,0,0
1957,49,19,30,18,7,6,18,16,5,0,11,0,0,0,0,0,0,0,0,0,0,0,0,1.0,1.0,0.9411764705882353,0.0,0.0,0.0,4,0,1
1958,49,19,30,18,7,6,18,16,5,0,11,0,0,0,0,0,0,0,0,0,0,2,0,1.0,1.0,1.0,0.0,0.0,0.0,4,0,0
1959,49,19,30,18,7,6,18,16,5,0,11,0,0,0,0,0,0,0,0,0,0,0,0,1.0,1.0,1.0,0.0,0.0,0.0,4,0,0
1960,49,19,30,18,7,6,18,16,5,0,11,0,0,0,0,0,0,0,0,0,0,0,0,1.0,1.0,1.0,0.0,0.0,0.0,4,0,0
1961,48,19,29,18,6,6,18,16,5,0,11,0,0,0,0,0,0,0,0,0,1,0,1,0.96,1.0,1.0,0.0,0.0,0.0,4,0,1
1962,47,18,29,18,3,8,18,16,5,0,11,0,0,0,0,0,0,0,0,0,1,0,1,0.9545454545454546,1.0,1.0,0.0,0.0,0.0,4,0,1
1963,47,18,29,13,8,8,18,16,5,0,11,0,0,0,0,0,0,0,0,0,0,0,0,1.0,1.0,1.0,0.0,0.0,0.0,4,0,0
1964,47,18,29,10,11,8,18,16,5,0,11,0,0,0,0,0,0,0,0,0,0,0,0,1.0,1.0,1.0,0.0,0.0,0.0,4,0,0
1965,47,18,29,7,14,8,18,16,5,0,9,0,0,0,0,0,0,0,0,0,0,0,0,1.0,1.0,1.0,0.0,0.0,0.0,4,0,0
1966,47,18,29,6,15,8,18,16,5,0,8,0,0,0,0,0,6,0,0,0,0,0,0,1.0,1.0,1.0,0.0,0.0,0.0,4,0,0
1967,51,21,30,8,17,8,18,16,5,0,6,0,0,0,0,0,11,1,0,1,0,0,0,1.0,1.0,1.0,0.0851063829787234,0.0851063829787234,0.09090909090909091,4,4,0
1968,54,23,31,11,17,8,18,16,7,0,6,0,0,0,0,0,13,3,0,1,0,0,0,1.0,1.0,1.0,0.058823529411764705,0.058823529411764705,0.23076923076923078,4,3,0
1969,54,23,31,11,17,8,18,16,7,1,4,0,0,0,0,0,3,0,1,0,0,0,0,1.0,1.0,1.0,0.0,0.0,0.0,4,0,0
1970,54,23,31,11,17,8,18,16,11,1,4,0,0,0,0,0,13,4,0,0,0,0,0,1.0,1.0,1.0,0.0,0.0,0.3076923076923077,4,0,0
1971,53,22,31,11,16,8,18,16,11,1,4,0,0,0,0,0,0,0,0,0,1,0,1,0.9642857142857143,1.0,1.0,0.0,0.0,0.0,4,0,1
1972,55,22,33,13,16,8,18,16,10,1,5,0,0,0,0,0,0,0,0,1,1,0,1,0.962962962962963,1.0,1.0,0.05660377358490566,0.05660377358490566,0.0,4,3,1
1973,55,22,33,13,16,8,18,16,10,1,5,0,0,0,0,0,0,0,0,0,0,0,0,1.0,1.0,1.0,0.0,0.0,0.0,4,0,0
1974,55,22,33,13,16,8,18,16,10,1,5,0,0,0,0,0,0,0,0,0,0,0,0,1.0,1.0,1.0,0.0,0.0,0.0,4,0,0
1975,54,21,33,12,16,8,18,16,10,1,5,0,0,0,0,0,0,0,0,0,1,0,1,0.9655172413793104,1.0,1.0,0.0,0.0,0.0,4,0,1
1976,54,21,33,11,17,8,18,16,10,1,5,0,0,0,0,0,0,0,0,0,0,0,0,1.0,1.0,1.0,0.0,0.0,0.0,4,0,0
1977,53,20,33,11,16,8,18,16,10,1,5,0,0,0,0,0,0,0,0,0,1,0,1,0.9642857142857143,1.0,1.0,0.0,0.0,0.0,4,0,1
1978,53,20,33,8,19,8,18,16,10,1,4,0,0,0,0,0,0,0,0,0,0,0,0,1.0,1.0,1.0,0.0,0.0,0.0,4,0,0
1979,53,20,33,8,19,8,18,16,10,2,4,0,0,0,0,0,1,0,1,0,0,0,0,1.0,1.0,1.0,0.0,0.0,0.0,4,0,0
1980,52,19,33,7,19,8,18,16,10,2,3,0,0,0,0,0,0,0,0,0,1,0,1,0.962962962962963,1.0,1.0,0.0,0.0,0.0,4,0,1
1981,52,19,33,7,19,8,18,16,11,2,3,0,0,0,0,0,3,1,0,0,0,0,0,1.0,1.0,1.0,0.0,0.0,0.3333333333333333,4,0,0
1982,51,18,33,7,18,8,18,16,11,2,3,0,0,0,0,0,0,0,0,0,1,0,1,0.9615384615384616,1.0,1.0,0.0,0.0,0.0,4,0,1
1983,51,18,33,7,18,8,18,16,11,2,3,0,0,0,0,0,0,0,0,0,0,0,0,1.0,1.0,1.0,0.0,0.0,0.0,4,0,0
1984,51,18,33,7,18,8,18,16,11,2,3,0,0,0,0,0,0,0,0,0,0,0,0,1.0,1.0,1.0,0.0,0.0,0.0,4,0,0
1985,51,18,33,7,18,8,18,16,11,2,3,0,0,0,0,0,0,0,0,0,0,1,0,1.0,1.0,1.0,0.0,0.0,0.0,4,0,0
1986,49,18,31,6,17,7,19,16,11,2,3,0,0,0,0,0,0,0,0,0,2,0,2,0.92,1.0,1.0,0.0,0.0,0.0,4,0,2
1987,49,18,31,6,17,5,21,16,11,2,3,0,0,0,0,0,0,0,0,0,0,0,0,1.0,1.0,1.0,0.0,0.0,0.0,4,0,0
1988,49,18,31,6,17,5,21,16,11,2,3,0,0,0,0,0,0,0,0,0,0,0,0,1.0,1.0,1.0,0.0,0.0,0.0,4,0,0
1989,49,18,31,6,17,5,21,16,11,2,3,0,0,0,0,0,0,0,0,0,0,0,0,1.0,1.0,1.0,0.0,0.0,0.0,4,0,0
1990,48,17,31,5,17,5,21,16,11,2,3,0,0,0,0,0,0,0,0,0,1,0,1,0.9565217391304348,1.0,1.0,0.0,0.0,0.0,4,0,1
1991,48,17,31,5,17,5,21,16,11,2,3,0,0,0,0,0,0,0,0,0,0,0,0,1.0,1.0,1.0,0.0,0.0,0.0,4,0,0
1992,48,17,31,5,17,5,21,16,11,2,3,0,0,0,0,0,0,0,0,0,0,0,0,1.0,1.0,1.0,0.0,0.0,0.0,4,0,0
1993,48,17,31,5,17,5,21,16,11,2,3,0,0,0,0,0,0,0,0,0,0,0,0,1.0,1.0,1.0,0.0,0.0,0.0,4,0,0
1994,48,17,31,5,17,5,21,16,11,2,3,0,0,0,0,0,0,0,0,0,0,0,0,1.0,1.0,1.0,0.0,0.0,0.0,4,0,0
1995,47,16,31,5,16,5,21,16,11,2,3,0,0,0,0,0,0,0,0,0,1,1,1,0.9545454545454546,1.0,1.0,0.0,0.0,0.0,4,0,1
1996,47,16,31,5,16,5,21,16,11,2,3,0,0,0,0,0,0,0,0,0,0,0,0,1.0,1.0,1.0,0.0,0.0,0.0,4,0,0
1997,46,15,31,5,15,5,21,16,11,2,3,0,0,0,0,0,0,0,0,0,0,0,0,0.9523809523809523,1.0,1.0,0.0,0.0,0.0,4,0,1
1998,45,14,31,5,14,5,21,16,11,2,3,0,0,0,0,0,0,0,0,0,1,0,1,0.95,1.0,1.0,0.0,0.0,0.0,4,0,1
1999,45,14,31,5,14,5,21,16,11,2,3,0,0,0,0,0,0,0,0,0,0,0,0,1.0,1.0,1.0,0.0,0.0,0.0,4,0,0
2000,45,14,31,5,14,5,21,16,11,2,3,0,0,0,0,0,0,0,0,0,0,0,0,1.0,1.0,1.0,0.0,0.0,0.0,4,0,0
2001,53,21,32,13,14,5,21,16,9,2,5,0,0,0,0,0,0,0,0,2,0,0,0,1.0,1.0,1.0,0.17777777777777778,0.17777777777777778,0.0,4,8,0
2002,52,20,32,13,13,5,21,16,9,2,5,0,0,0,0,0,0,0,0,0,1,0,1,0.962962962962963,1.0,1.0,0.0,0.0,0.0,4,0,1
2003,52,20,32,13,13,5,21,16,9,2,5,0,0,0,0,0,0,0,0,0,0,0,0,1.0,1.0,1.0,0.0,0.0,0.0,4,0,0
2004,52,20,32,13,13,5,21,16,9,2,5,0,0,0,0,0,0,0,0,0,0,0,0,1.0,1.0,1.0,0.0,0.0,0.0,4,0,0
2005,52,20,32,13,13,5,21,16,9,2,5,0,0,0,0,0,0,0,0,0,0,1,0,1.0,1.0,1.0,0.0,0.0,0.0,4,0,0
2006,52,20,32,13,13,5,21,16,9,2,5,0,0,0,0,0,0,0,0,0,0,0,0,1.0,1.0,1.0,0.0,0.0,0.0,4,0,0
2007,51,19,32,13,13,5,20,16,9,2,5,0,0,0,0,0,0,0,0,0,0,0,0,1.0,0.8,1.0,0.0,0.0,0.0,4,0,1
2008,49,19,30,13,12,5,19,15,9,2,4,0,0,0,2,0,0,0,0,0,0,0,2,0.9615384615384616,1.0,0.9375,0.0,0.0,0.0,4,0,2
2009,48,19,29,13,12,5,18,14,9,1,4,0,0,0,1,0,0,0,0,0,0,0,1,1.0,1.0,0.9333333333333333,0.0,0.0,0.0,4,0,1
2010,47,19,28,11,14,5,17,13,8,1,4,0,0,0,1,0,0,0,0,0,0,0,1,1.0,1.0,0.9285714285714286,0.0,0.0,0.0,4,0,1
2011,47,19,28,10,15,5,17,13,8,1,4,0,0,0,0,0,0,0,0,0,0,0,0,1.0,1.0,1.0,0.0,0.0,0.0,4,0,0
2012,47,19,28,10,15,5,17,13,8,1,3,0,0,0,0,0,0,0,0,0,0,0,0,1.0,1.0,1.0,0.0,0.0,0.0,4,0,0
2013,47,19,28,10,15,5,17,13,9,1,2,0,0,0,0,0,7,1,0,0,0,0,0,1.0,1.0,1.0,0.0,0.0,0.14285714285714285,4,0,0
2014,45,19,26,10,14,4,17,12,8,0,2,0,0,0,2,0,7,0,0,0,1,0,2,0.96,1.0,0.9230769230769231,0.0,0.0,0.0,4,0,2
2015,45,19,26,8,16,4,17,12,9,1,2,0,0,0,0,0,12,1,1,0,0,0,0,1.0,1.0,1.0,0.0,0.0,0.08333333333333333,4,0,0
2016,45,19,26,8,16,4,17,12,9,1,2,0,0,0,0,0,0,0,0,0,0,0,0,1.0,1.0,1.0,0.0,0.0,0.0,4,0,0
2017,45,19,26,8,16,4,17,12,9,1,1,0,0,0,0,0,0,0,0,0,0,0,0,1.0,1.0,1.0,0.0,0.0,0.0,4,0,0
2018,45,19,26,8,16,4,17,12,9,1,1,0,0,0,0,0,1,0,0,0,0,0,0,1.0,1.0,1.0,0.0,0.0,0.0,4,0,0
2019,45,19,26,8,16,4,17,12,10,1,1,0,0,0,0,0,3,1,0,0,0,0,0,1.0,1.0,1.0,0.0,0.0,0.3333333333333333,4,0,0
2020,45,19,26,8,16,4,17,12,10,1,1,0,0,0,0,0,0,0,0,0,0,0,0,1.0,1.0,1.0,0.0,0.0,0.0,4,0,0
2021,45,19,26,8,16,4,17,12,10,1,1,0,0,0,0,0,0,0,0,0,0,0,0,1.0,1.0,1.0,0.0,0.0,0.0,4,0,0
2022,45,19,26,8,16,4,17,12,10,1,1,0,0,0,0,0,0,0,0,0,0,0,0,1.0,1.0,1.0,0.0,0.0,0.0,4,0,0
2023,45,19,26,8,16,4,17,12,10,1,1,0,0,0,0,0,0,0,0,0,0,0,0,1.0,1.0,1.0,0.0,0.0,0.0,4,0,0
2024,44,19,25,8,15,4,17,12,10,1,1,0,0,0,0,0,0,0,0,0,1,0,1,0.9583333333333334,1.0,1.0,0.0,0.0,0.0,3,0,1
2025,44,19,25,8,15,4,17,12,10,1,1,0,0,0,0,0,0,0,0,0,0,0,0,1.0,1.0,1.0,0.0,0.0,0.0,3,0,0
2026,44,19,25,8,15,4,17,12,10,1,1,0,0,0,0,0,0,0,0,0,0,0,0,1.0,1.0,1.0,0.0,0.0,0.0,3,0,0
2027,44,19,25,8,15,4,17,12,10,1,1,0,0,0,0,0,0,0,0,0,0,0,0,1.0,1.0,1.0,0.0,0.0,0.0,3,0,0
2028,44,19,25,8,15,4,17,12,10,1,1,0,0,0,0,0,0,0,0,0,0,0,0,1.0,1.0,1.0,0.0,0.0,0.0,3,0,0
2029,44,19,25,8,15,4,17,12,10,1,1,0,0,0,0,0,0,0,0,0,0,0,0,1.0,1.0,1.0,0.0,0.0,0.0,3,0,0
2030,44,19,25,8,15,4,17,12,10,1,1,0,0,0,0,0,0,0,0,0,0,0,0,1.0,1.0,1.0,0.0,0.0,0.0,3,0,0
2031,44,19,25,8,15,4,17,12,10,1,1,0,0,0,0,0,0,0,0,0,0,0,0,1.0,1.0,1.0,0.0,0.0,0.0,3,0,0
2032,47,21,26,11,15,4,17,12,9,1,2,0,0,0,0,0,0,0,0,1,0,0,0,1.0,1.0,1.0,0.06818181818181818,0.06818181818181818,0.0,3,3,0
2033,58,23,35,22,15,4,17,12,6,1,5,0,0,0,0,0,0,0,0,3,0,0,0,1.0,1.0,1.0,0.23404255319148937,0.23404255319148937,0.0,3,11,0
2034,58,23,35,22,15,4,17,12,6,1,5,0,0,0,0,0,0,0,0,0,0,0,0,1.0,1.0,1.0,0.0,0.0,0.0,3,0,0
2035,65,28,37,29,15,4,17,12,4,1,7,0,0,0,0,0,0,0,0,2,0,0,0,1.0,1.0,1.0,0.1206896551724138,0.1206896551724138,0.0,3,7,0
2036,64,27,37,28,15,4,17,12,4,1,7,0,0,0,0,0,0,0,0,0,1,0,1,0.9772727272727273,1.0,1.0,0.0,0.0,0.0,3,0,1
2037,63,27,36,27,15,4,17,12,4,1,7,0,0,0,0,0,0,0,0,0,1,0,1,0.9767441860465116,1.0,1.0,0.0,0.0,0.0,3,0,1
2038,63,27,36,27,15,4,17,12,4,1,7,0,0,0,0,0,0,0,0,0,0,0,0,1.0,1.0,1.0,0.0,0.0,0.0,3,0,0
2039,63,27,36,27,15,4,17,12,4,1,7,0,0,0,0,0,0,0,0,0,0,0,0,1.0,1.0,1.0,0.0,0.0,0.0,3,0,0
2040,61,27,34,27,13,4,17,12,4,1,7,0,0,0,0,0,0,0,0,0,2,0,2,0.9523809523809523,1.0,1.0,0.0,0.0,0.0,3,0,2
2041,60,27,33,26,13,4,17,12,4,1,7,0,0,0,0,0,0,0,0,0,1,0,1,0.975,1.0,1.0,0.0,0.0,0.0,3,0,1
2042,60,27,33,26,13,4,17,12,4,1,7,0,0,0,0,0,0,0,0,0,0,0,0,1.0,1.0,1.0,0.0,0.0,0.0,3,0,0
2043,59,26,33,25,13,4,17,12,4,1,7,0,0,0,0,0,0,0,0,0,1,0,1,0.9743589743589743,1.0,1.0,0.0,0.0,0.0,3,0,1
2044,58,26,32,16,21,4,17,12,4,1,7,0,0,0,0,0,0,0,0,0,1,0,1,0.9736842105263158,1.0,1.0,0.0,0.0,0.0,3,0,1
2045,57,26,31,15,21,4,17,12,4,1,7,0,0,0,0,0,0,0,0,0,1,0,1,0.972972972972973,1.0,1.0,0.0,0.0,0.0,3,0,1
2046,59,26,33,17,21,4,17,12,3,1,7,0,0,0,0,0,0,0,0,1,1,0,1,0.9722222222222222,1.0,1.0,0.05263157894736842,0.05263157894736842,0.0,3,3,1
2047,58,26,32,17,20,4,17,12,4,1,7,0,0,0,0,0,4,1,0,0,1,0,1,0.9736842105263158,1.0,1.0,0.0,0.0,0.25,3,0,1
2048,58,26,32,17,20,4,17,12,4,1,7,0,0,0,0,0,0,0,0,0,0,0,0,1.0,1.0,1.0,0.0,0.0,0.0,3,0,0
2049,57,25,32,17,20,4,16,12,4,1,7,0,0,0,0,0,0,0,0,0,0,0,0,1.0,0.8,1.0,0.0,0.0,0.0,3,0,1
2050,56,25,31,16,20,4,16,12,4,1,7,0,0,0,0,0,0,0,0,0,1,0,1,0.972972972972973,1.0,1.0,0.0,0.0,0.0,3,0,1
2051,56,25,31,16,20,4,16,12,4,1,7,0,0,0,0,0,0,0,0,0,0,0,0,1.0,1.0,1.0,0.0,0.0,0.0,3,0,0
2052,56,25,31,16,20,4,16,12,4,1,7,0,0,0,0,0,0,0,0,0,0,0,0,1.0,1.0,1.0,0.0,0.0,0.0,3,0,0
2053,55,24,31,16,19,4,16,12,4,1,7,0,0,0,0,0,0,0,0,0,1,0,1,0.9722222222222222,1.0,1.0,0.0,0.0,0.0,3,0,1
2054,55,24,31,16,19,4,16,12,4,1,7,0,0,0,0,0,0,0,0,0,0,0,0,1.0,1.0,1.0,0.0,0.0,0.0,3,0,0
2055,55,24,31,16,19,3,17,13,4,1,7,0,0,0,0,0,0,0,0,0,0,0,0,1.0,1.0,1.0,0.0,0.0,0.0,3,0,0
2056,52,22,30,15,18,2,17,13,4,1,7,0,0,0,0,0,0,0,0,0,2,0,2,0.9428571428571428,1.0,1.0,0.0,0.0,0.0,3,0,3
2057,52,22,30,15,18,2,17,13,4,1,7,0,0,0,0,0,0,0,0,0,0,0,0,1.0,1.0,1.0,0.0,0.0,0.0,3,0,0
2058,52,22,30,15,18,2,17,13,4,1,7,0,0,0,0,0,0,0,0,0,0,0,0,1.0,1.0,1.0,0.0,0.0,0.0,3,0,0
2059,52,22,30,15,18,2,17,13,4,1,7,0,0,0,0,0,0,0,0,0,0,0,0,1.0,1.0,1.0,0.0,0.0,0.0,3,0,0
2060,52,22,30,15,18,2,17,13,4,0,7,0,0,0,0,0,0,0,0,0,0,0,0,1.0,1.0,1.0,0.0,0.0,0.0,3,0,0
2061,51,22,29,15,18,2,16,12,5,0,7,0,0,0,0,0,2,1,0,0,0,0,0,1.0,1.0,0.9230769230769231,0.0,0.0,0.5,3,0,1
2062,51,22,29,15,18,2,16,12,5,0,7,0,0,0,0,0,0,0,0,0,0,0,0,1.0,1.0,1.0,0.0,0.0,0.0,3,0,0
2063,50,22,28,15,18,2,15,11,5,0,6,0,0,0,0,0,0,0,0,0,0,0,0,1.0,1.0,0.9166666666666666,0.0,0.0,0.0,3,0,1
2064,49,22,27,14,18,2,15,11,5,0,6,0,0,0,0,0,0,0,0,0,1,0,1,0.9696969696969697,1.0,1.0,0.0,0.0,0.0,3,0,1
2065,49,22,27,14,18,2,15,11,5,0,6,0,0,0,0,0,0,0,0,0,0,0,0,1.0,1.0,1.0,0.0,0.0,0.0,3,0,0
2066,49,22,27,14,18,2,15,11,5,0,6,0,0,0,0,0,0,0,0,0,0,0,0,1.0,1.0,1.0,0.0,0.0,0.0,3,0,0
2067,49,22,27,14,18,2,15,11,5,0,6,0,0,0,0,0,0,0,0,0,0,0,0,1.0,1.0,1.0,0.0,0.0,0.0,3,0,0
2068,49,22,27,14,18,2,15,11,5,0,6,0,0,0,0,0,0,0,0,0,0,0,0,1.0,1.0,1.0,0.0,0.0,0.0,3,0,0
2069,49,22,27,14,18,2,15,11,5,0,6,0,0,0,0,0,0,0,0,0,0,0,0,1.0,1.0,1.0,0.0,0.0,0.0,3,0,0
2070,49,22,27,14,18,2,15,11,5,0,6,0,0,0,0,0,0,0,0,0,0,0,0,1.0,1.0,1.0,0.0,0.0,0.0,3,0,0
2071,49,22,27,14,18,2,15,11,5,0,6,0,0,0,0,0,0,0,0,0,0,0,0,1.0,1.0,1.0,0.0,0.0,0.0,3,0,0
2072,49,22,27,14,18,1,16,12,5,0,6,0,0,0,0,0,0,0,0,0,0,0,0,1.0,1.0,1.0,0.0,0.0,0.0,3,0,0
2073,48,22,26,14,17,1,16,12,5,0,6,0,0,0,0,0,0,0,0,0,1,0,1,0.96875,1.0,1.0,0.0,0.0,0.0,3,0,1
2074,47,22,25,13,17,1,16,12,5,0,6,0,0,0,0,0,0,0,0,0,1,0,1,0.967741935483871,1.0,1.0,0.0,0.0,0.0,3,0,1
2075,47,22,25,12,18,1,16,12,5,0,6,0,0,0,0,0,0,0,0,0,0,0,0,1.0,1.0,1.0,0.0,0.0,0.0,3,0,0
2076,47,22,25,7,23,1,16,12,6,0,6,0,0,0,0,0,3,1,0,0,0,0,0,1.0,1.0,1.0,0.0,0.0,0.3333333333333333,3,0,0
2077,46,21,25,6,23,1,16,12,6,0,5,0,0,0,0,0,0,0,0,0,1,0,1,0.9666666666666667,1.0,1.0,0.0,0.0,0.0,3,0,1
2078,49,24,25,5,27,1,16,12,6,0,4,0,0,0,0,0,6,1,0,1,1,0,1,0.9655172413793104,1.0,1.0,0.08695652173913043,0.08695652173913043,0.16666666666666666,3,4,1
2079,49,24,25,5,27,1,16,12,7,0,4,0,0,0,0,0,3,1,0,0,0,0,0,1.0,1.0,1.0,0.0,0.0,0.3333333333333333,3,0,0
2080,53,28,25,9,27,1,16,12,7,0,3,0,0,0,0,0,5,1,0,1,0,0,0,1.0,1.0,1.0,0.08163265306122448,0.08163265306122448,0.2,3,4,0
2081,53,28,25,9,27,0,17,13,8,0,3,0,0,0,0,0,8,1,0,0,0,0,0,1.0,1.0,1.0,0.0,0.0,0.125,3,0,0
2082,52,28,24,9,26,0,17,13,9,0,3,0,0,0,0,0,3,1,0,0,1,0,1,0.9722222222222222,1.0,1.0,0.0,0.0,0.3333333333333333,3,0,1
2083,52,28,24,9,26,0,17,13,9,0,3,0,0,0,0,0,0,0,0,0,0,0,0,1.0,1.0,1.0,0.0,0.0,0.0,3,0,0
2084,55,29,26,12,26,0,17,13,8,0,4,0,0,0,0,0,0,0,0,1,0,0,0,1.0,1.0,1.0,0.057692307692307696,0.057692307692307696,0.0,3,3,0
2085,54,28,26,12,25,0,17,13,8,0,4,0,0,0,0,0,0,0,0,0,1,0,1,0.9736842105263158,1.0,1.0,0.0,0.0,0.0,3,0,1
2086,51,26,25,11,23,0,17,13,8,0,4,0,0,0,0,0,0,0,0,0,3,0,3,0.9189189189189189,1.0,1.0,0.0,0.0,0.0,3,0,3
2087,51,26,25,11,23,0,17,13,8,0,4,0,0,0,0,0,0,0,0,0,0,0,0,1.0,1.0,1.0,0.0,0.0,0.0,3,0,0
2088,51,26,25,11,23,0,17,13,8,0,4,0,0,0,0,0,0,0,0,0,0,0,0,1.0,1.0,1.0,0.0,0.0,0.0,3,0,0
2089,51,26,25,10,24,0,17,13,9,0,4,0,0,0,0,0,6,1,0,0,0,0,0,1.0,1.0,1.0,0.0,0.0,0.16666666666666666,3,0,0
2090,50,25,25,10,23,0,17,13,9,0,4,0,0,0,0,0,0,0,0,0,1,0,1,0.9705882352941176,1.0,1.0,0.0,0.0,0.0,3,0,1
2091,49,24,25,10,22,0,17,13,9,0,3,0,0,0,0,0,0,0,0,0,1,0,1,0.9696969696969697,1.0,1.0,0.0,0.0,0.0,3,0,1
2092,49,24,25,10,22,0,17,13,10,0,3,0,0,0,0,0,5,1,0,0,0,0,0,1.0,1.0,1.0,0.0,0.0,0.2,3,0,0
2093,49,24,25,10,22,0,17,13,10,0,3,0,0,0,0,0,0,0,0,0,0,0,0,1.0,1.0,1.0,0.0,0.0,0.0,3,0,0
2094,49,24,25,10,22,0,17,13,10,0,3,0,0,0,0,0,0,0,0,0,0,0,0,1.0,1.0,1.0,0.0,0.0,0.0,3,0,0
2095,48,24,24,10,21,0,17,13,10,0,3,0,0,0,0,0,0,0,0,0,1,0,1,0.96875,1.0,1.0,0.0,0.0,0.0,3,0,1
2096,48,24,24,10,21,0,17,13,10,0,3,0,0,0,0,0,0,0,0,0,0,0,0,1.0,1.0,1.0,0.0,0.0,0.0,3,0,0
2097,47,23,24,10,21,0,16,13,10,0,3,0,0,0,0,0,0,0,0,0,0,0,0,1.0,0.75,1.0,0.0,0.0,0.0,3,0,1
2098,47,23,24,10,21,0,16,13,10,0,3,0,0,0,0,0,0,0,0,0,0,0,0,1.0,1.0,1.0,0.0,0.0,0.0,3,0,0
2099,46,23,23,10,21,0,15,12,9,0,3,0,0,0,1,0,0,0,0,0,0,0,1,1.0,1.0,0.9230769230769231,0.0,0.0,0.0,3,0,1
2100,46,23,23,10,21,0,15,12,9,0,3,0,0,0,0,0,0,0,0,0,0,3,0,1.0,1.0,1.0,0.0,0.0,0.0,3,0,0
2101,46,23,23,10,21,0,15,12,9,0,3,0,0,0,0,0,0,0,0,0,0,0,0,1.0,1.0,1.0,0.0,0.0,0.0,3,0,0
2102,44,21,23,10,20,0,14,12,9,0,3,0,0,2,0,0,0,0,0,0,1,1,2,0.967741935483871,0.6666666666666667,1.0,0.0,0.0,0.0,3,0,2
2103,43,20,23,10,19,0,14,12,9,0,3,0,0,1,0,0,0,0,0,0,1,0,1,0.9666666666666667,1.0,1.0,0.0,0.0,0.0,3,0,1
2104,43,20,23,10,16,3,14,12,9,0,3,0,0,0,0,0,0,0,0,0,0,0,0,1.0,1.0,1.0,0.0,0.0,0.0,3,0,0
2105,43,20,23,10,16,3,14,12,9,0,3,0,0,0,0,0,0,0,0,0,0,0,0,1.0,1.0,1.0,0.0,0.0,0.0,3,0,0
2106,43,20,23,10,15,4,14,12,9,0,3,0,0,0,0,0,0,0,0,0,0,0,0,1.0,1.0,1.0,0.0,0.0,0.0,3,0,0
2107,42,20,22,10,14,4,14,12,9,0,3,0,0,0,0,0,0,0,0,0,1,0,1,0.96,1.0,1.0,0.0,0.0,0.0,3,0,1
2108,42,20,22,10,14,4,14,12,9,0,3,0,0,0,0,0,0,0,0,0,0,0,0,1.0,1.0,1.0,0.0,0.0,0.0,3,0,0
2109,42,20,22,10,14,4,14,12,9,0,3,0,0,0,0,0,0,0,0,0,0,0,0,1.0,1.0,1.0,0.0,0.0,0.0,3,0,0
2110,42,20,22,10,14,4,14,12,9,0,3,0,0,0,0,0,0,0,0,0,0,0,0,1.0,1.0,1.0,0.0,0.0,0.0,3,0,0
2111,42,20,22,10,14,4,14,12,9,0,3,0,0,0,0,0,0,0,0,0,0,0,0,1.0,1.0,1.0,0.0,0.0,0.0,3,0,0
2112,46,23,23,14,14,4,14,12,8,0,4,0,0,0,0,0,0,0,0,1,0,0,0,1.0,1.0,1.0,0.09523809523809523,0.09523809523809523,0.0,3,4,0
2113,46,23,23,14,14,4,14,12,8,0,4,0,0,0,0,0,0,0,0,0,0,0,0,1.0,1.0,1.0,0.0,0.0,0.0,3,0,0
2114,46,23,23,14,14,4,14,12,8,0,4,0,0,0,0,0,0,0,0,0,0,0,0,1.0,1.0,1.0,0.0,0.0,0.0,3,0,0
2115,46,23,23,14,14,4,14,12,8,0,4,0,0,0,0,0,0,0,0,0,0,0,0,1.0,1.0,1.0,0.0,0.0,0.0,3,0,0
2116,46,23,23,14,14,4,14,12,8,0,4,0,0,0,0,0,0,0,0,0,0,0,0,1.0,1.0,1.0,0.0,0.0,0.0,3,0,0
2117,46,23,23,14,14,4,14,12,8,0,4,0,0,0,0,0,0,0,0,0,0,0,0,1.0,1.0,1.0,0.0,0.0,0.0,3,0,0
2118,46,23,23,14,14,4,14,12,8,0,4,0,0,0,0,0,0,0,0,0,0,0,0,1.0,1.0,1.0,0.0,0.0,0.0,3,0,0
2119,46,23,23,14,14,4,14,12,8,0,4,0,0,0,0,0,0,0,0,0,0,0,0,1.0,1.0,1.0,0.0,0.0,0.0,3,0,0
2120,46,23,23,14,14,4,14,12,8,0,4,0,0,0,0,0,0,0,0,0,0,0,0,1.0,1.0,1.0,0.0,0.0,0.0,3,0,0
2121,46,23,23,10,18,4,14,12,8,0,4,0,0,0,0,0,0,0,0,0,0,0,0,1.0,1.0,1.0,0.0,0.0,0.0,3,0,0
2122,46,23,23,10,18,4,14,12,8,0,4,0,0,0,0,0,0,0,0,0,0,0,0,1.0,1.0,1.0,0.0,0.0,0.0,3,0,0
2123,46,23,23,6,22,4,14,12,8,0,3,0,0,0,0,0,0,0,0,0,0,0,0,1.0,1.0,1.0,0.0,0.0,0.0,3,0,0
2124,46,23,23,6,22,4,14,12,8,1,3,0,0,0,0,0,3,0,1,0,0,0,0,1.0,1.0,1.0,0.0,0.0,0.0,3,0,0
2125,46,23,23,6,22,4,14,12,8,1,2,0,0,0,0,0,0,0,0,0,0,0,0,1.0,1.0,1.0,0.0,0.0,0.0,3,0,0
2126,49,23,26,9,22,4,14,12,7,1,3,0,0,0,0,0,0,0,0,1,0,0,0,1.0,1.0,1.0,0.06521739130434782,0.06521739130434782,0.0,3,3,0
2127,49,23,26,7,24,4,14,12,7,1,3,0,0,0,0,0,0,0,0,0,0,0,0,1.0,1.0,1.0,0.0,0.0,0.0,3,0,0
2128,48,22,26,6,24,4,14,12,7,1,3,0,0,0,0,0,0,0,0,0,1,0,1,0.967741935483871,1.0,1.0,0.0,0.0,0.0,3,0,1
2129,48,22,26,6,24,4,14,12,7,1,2,0,0,0,0,0,0,0,0,0,0,0,0,1.0,1.0,1.0,0.0,0.0,0.0,3,0,0
2130,47,21,26,6,23,4,14,12,7,1,2,0,0,0,0,0,0,0,0,0,1,0,1,0.9666666666666667,1.0,1.0,0.0,0.0,0.0,3,0,1
2131,47,21,26,6,23,4,14,12,7,1,2,0,0,0,0,0,0,0,0,0,0,0,0,1.0,1.0,1.0,0.0,0.0,0.0,3,0,0
2132,47,21,26,6,23,4,14,12,7,1,2,0,0,0,0,0,0,0,0,0,0,0,0,1.0,1.0,1.0,0.0,0.0,0.0,3,0,0
2133,47,21,26,6,23,4,14,12,7,1,2,0,0,0,0,0,0,0,0,0,0,0,0,1.0,1.0,1.0,0.0,0.0,0.0,3,0,0
2134,47,21,26,6,23,4,14,12,7,1,2,0,0,0,0,0,0,0,0,0,0,0,0,1.0,1.0,1.0,0.0,0.0,0.0,3,0,0
2135,47,21,26,6,23,4,14,12,7,1,2,0,0,0,0,0,0,0,0,0,0,0,0,1.0,1.0,1.0,0.0,0.0,0.0,3,0,0
2136,46,20,26,6,22,4,14,12,7,1,2,0,0,0,0,0,0,0,0,0,1,0,1,0.9655172413793104,1.0,1.0,0.0,0.0,0.0,3,0,1
2137,46,20,26,6,22,4,14,12,7,1,2,0,0,0,0,0,0,0,0,0,0,0,0,1.0,1.0,1.0,0.0,0.0,0.0,3,0,0
2138,46,20,26,6,22,4,14,12,7,1,2,0,0,0,0,0,0,0,0,0,0,0,0,1.0,1.0,1.0,0.0,0.0,0.0,3,0,0
2139,46,20,26,6,22,4,14,12,7,1,2,0,0,0,0,0,0,0,0,0,0,0,0,1.0,1.0,1.0,0.0,0.0,0.0,3,0,0
2140,46,20,26,6,22,4,14,12,7,1,2,0,0,0,0,0,0,0,0,0,0,0,0,1.0,1.0,1.0,0.0,0.0,0.0,3,0,0
2141,49,21,28,9,22,4,14,12,6,1,3,0,0,0,0,0,0,0,0,1,0,0,0,1.0,1.0,1.0,0.06521739130434782,0.06521739130434782,0.0,3,3,0
2142,49,21,28,9,22,4,14,12,6,1,3,0,0,0,0,0,0,0,0,0,0,0,0,1.0,1.0,1.0,0.0,0.0,0.0,3,0,0
2143,53,24,29,13,22,4,14,12,5,1,4,0,0,0,0,0,0,0,0,1,0,0,0,1.0,1.0,1.0,0.08163265306122448,0.08163265306122448,0.0,3,4,0
2144,56,25,31,17,21,4,14,12,4,1,5,0,0,0,0,0,0,0,0,1,1,0,1,0.9714285714285714,1.0,1.0,0.07547169811320754,0.07547169811320754,0.0,3,4,1
2145,59,27,32,20,21,4,14,12,3,1,6,0,0,0,0,0,0,0,0,1,0,0,0,1.0,1.0,1.0,0.05357142857142857,0.05357142857142857,0.0,3,3,0
2146,62,28,34,23,21,4,14,12,2,1,7,0,0,0,0,0,0,0,0,1,0,0,0,1.0,1.0,1.0,0.05084745762711865,0.05084745762711865,0.0,3,3,0
2147,65,29,36,27,20,4,14,12,1,1,8,0,0,0,0,0,0,0,0,1,1,2,1,0.9772727272727273,1.0,1.0,0.06451612903225806,0.06451612903225806,0.0,3,4,1
2148,64,28,36,26,20,3,15,13,1,1,8,0,0,0,0,0,0,0,0,0,1,1,1,0.9787234042553191,1.0,1.0,0.0,0.0,0.0,3,0,1
2149,60,26,34,24,18,3,15,13,1,1,8,0,0,0,0,0,0,0,0,0,4,0,4,0.9130434782608696,1.0,1.0,0.0,0.0,0.0,3,0,4
2150,60,26,34,24,18,3,15,13,1,1,8,0,0,0,0,0,0,0,0,0,0,0,0,1.0,1.0,1.0,0.0,0.0,0.0,3,0,0
2151,60,26,34,24,16,5,15,13,1,1,8,0,0,0,0,0,0,0,0,0,0,0,0,1.0,1.0,1.0,0.0,0.0,0.0,3,0,0
2152,59,25,34,23,16,5,15,13,1,1,8,0,0,0,0,0,0,0,0,0,1,0,1,0.975,1.0,1.0,0.0,0.0,0.0,3,0,1
2153,59,25,34,23,16,5,15,13,1,1,8,0,0,0,0,0,0,0,0,0,0,0,0,1.0,1.0,1.0,0.0,0.0,0.0,3,0,0
2154,57,25,32,21,16,5,15,13,1,1,8,0,0,0,0,0,0,0,0,0,2,0,2,0.9487179487179487,1.0,1.0,0.0,0.0,0.0,3,0,2
2155,56,24,32,19,17,5,15,13,1,1,8,0,0,0,0,0,0,0,0,0,1,0,1,0.972972972972973,1.0,1.0,0.0,0.0,0.0,3,0,1
2156,55,24,31,19,17,5,14,12,0,1,8,0,0,0,0,0,0,0,0,0,0,0,0,1.0,1.0,0.9230769230769231,0.0,0.0,0.0,3,0,1
2157,54,24,30,18,17,5,14,12,0,1,7,0,0,0,0,0,0,0,0,0,1,0,1,0.9722222222222222,1.0,1.0,0.0,0.0,0.0,3,0,1
2158,54,24,30,18,17,4,15,13,0,1,7,0,0,0,0,0,0,0,0,0,0,0,0,1.0,1.0,1.0,0.0,0.0,0.0,3,0,0
2159,54,24,30,18,17,4,15,13,0,1,7,0,0,0,0,0,0,0,0,0,0,0,0,1.0,1.0,1.0,0.0,0.0,0.0,3,0,0
2160,54,24,30,18,17,4,15,13,0,1,7,0,0,0,0,0,0,0,0,0,0,0,0,1.0,1.0,1.0,0.0,0.0,0.0,3,0,0
2161,53,23,30,18,16,4,15,13,0,1,7,0,0,0,0,0,0,0,0,0,1,0,1,0.9714285714285714,1.0,1.0,0.0,0.0,0.0,3,0,1
2162,52,22,30,18,15,4,15,13,0,1,7,0,0,0,0,0,0,0,0,0,1,0,1,0.9705882352941176,1.0,1.0,0.0,0.0,0.0,3,0,1
2163,52,22,30,18,15,4,15,13,0,1,7,0,0,0,0,0,0,0,0,0,0,0,0,1.0,1.0,1.0,0.0,0.0,0.0,3,0,0
2164,51,22,29,18,14,4,15,13,0,1,7,0,0,0,0,0,0,0,0,0,1,0,1,0.9696969696969697,1.0,1.0,0.0,0.0,0.0,3,0,1
2165,51,22,29,18,14,4,15,13,0,1,7,0,0,0,0,0,0,0,0,0,0,0,0,1.0,1.0,1.0,0.0,0.0,0.0,3,0,0
2166,51,22,29,18,14,4,15,13,0,1,7,0,0,0,0,0,0,0,0,0,0,0,0,1.0,1.0,1.0,0.0,0.0,0.0,3,0,0
2167,50,21,29,17,14,4,15,13,0,1,7,0,0,0,0,0,0,0,0,0,1,0,1,0.96875,1.0,1.0,0.0,0.0,0.0,3,0,1
2168,50,21,29,17,14,4,15,13,0,1,7,0,0,0,0,0,0,0,0,0,0,0,0,1.0,1.0,1.0,0.0,0.0,0.0,3,0,0
2169,49,20,29,14,16,4,15,13,0,0,7,0,0,0,0,0,0,0,0,0,1,0,1,0.967741935483871,1.0,1.0,0.0,0.0,0.0,3,0,1
2170,49,20,29,14,16,4,15,13,0,0,7,0,0,0,0,0,0,0,0,0,0,0,0,1.0,1.0,1.0,0.0,0.0,0.0,3,0,0
2171,49,20,29,14,16,4,15,13,0,0,6,0,0,0,0,0,0,0,0,0,0,0,0,1.0,1.0,1.0,0.0,0.0,0.0,3,0,0
2172,48,20,28,14,15,4,15,13,0,0,6,0,0,0,0,0,0,0,0,0,1,0,1,0.9666666666666667,1.0,1.0,0.0,0.0,0.0,3,0,1
2173,48,20,28,14,15,4,15,13,0,0,6,0,0,0,0,0,0,0,0,0,0,0,0,1.0,1.0,1.0,0.0,0.0,0.0,3,0,0
2174,48,20,28,14,15,4,15,13,0,0,6,0,0,0,0,0,0,0,0,0,0,0,0,1.0,1.0,1.0,0.0,0.0,0.0,3,0,0
2175,48,20,28,14,15,4,15,13,0,0,6,0,0,0,0,0,0,0,0,0,0,0,0,1.0,1.0,1.0,0.0,0.0,0.0,3,0,0
2176,48,20,28,14,15,4,15,13,0,0,6,0,0,0,0,0,0,0,0,0,0,0,0,1.0,1.0,1.0,0.0,0.0,0.0,3,0,0
2177,47,20,27,14,14,4,15,13,0,0,6,0,0,0,0,0,0,0,0,0,1,0,1,0.9655172413793104,1.0,1.0,0.0,0.0,0.0,3,0,1
2178,47,20,27,14,14,4,15,13,0,0,6,0,0,0,0,0,0,0,0,0,0,0,0,1.0,1.0,1.0,0.0,0.0,0.0,3,0,0
2179,47,20,27,14,14,4,15,13,0,0,6,0,0,0,0,0,0,0,0,0,0,0,0,1.0,1.0,1.0,0.0,0.0,0.0,3,0,0
2180,47,20,27,14,14,4,15,13,0,0,6,0,0,0,0,0,0,0,0,0,0,0,0,1.0,1.0,1.0,0.0,0.0,0.0,3,0,0
2181,47,20,27,14,14,4,15,13,0,0,6,0,0,0,0,0,0,0,0,0,0,2,0,1.0,1.0,1.0,0.0,0.0,0.0,3,0,0
2182,47,20,27,14,14,4,15,13,0,0,6,0,0,0,0,0,0,0,0,0,0,0,0,1.0,1.0,1.0,0.0,0.0,0.0,3,0,0
2183,47,20,27,14,14,4,15,13,0,0,6,0,0,0,0,0,0,0,0,0,0,0,0,1.0,1.0,1.0,0.0,0.0,0.0,3,0,0
2184,47,20,27,12,16,4,15,13,0,0,6,0,0,0,0,0,0,0,0,0,0,0,0,1.0,1.0,1.0,0.0,0.0,0.0,3,0,0
2185,47,20,27,12,14,6,15,13,0,0,6,0,0,0,0,0,0,0,0,0,0,0,0,1.0,1.0,1.0,0.0,0.0,0.0,3,0,0
2186,47,20,27,8,18,6,15,13,0,0,5,0,0,0,0,0,0,0,0,0,0,0,0,1.0,1.0,1.0,0.0,0.0,0.0,3,0,0
2187,47,20,27,6,20,6,15,13,0,0,5,0,0,0,0,0,0,0,0,0,0,0,0,1.0,1.0,1.0,0.0,0.0,0.0,3,0,0
2188,46,20,26,5,20,6,15,13,0,0,4,0,0,0,0,0,0,0,0,0,1,0,1,0.9615384615384616,1.0,1.0,0.0,0.0,0.0,3,0,1
2189,46,20,26,3,22,6,15,13,0,0,3,0,0,0,0,0,0,0,0,0,0,0,0,1.0,1.0,1.0,0.0,0.0,0.0,3,0,0
2190,46,20,26,0,25,6,15,13,0,0,2,0,0,0,0,0,0,0,0,0,0,0,0,1.0,1.0,1.0,0.0,0.0,0.0,3,0,0
2191,45,19,26,0,24,6,15,13,0,0,1,0,0,1,0,0,0,0,0,0,1,0,1,0.96,1.0,1.0,0.0,0.0,0.0,3,0,1
2192,40,16,24,0,22,6,12,11,0,0,0,0,0,3,2,0,0,0,0,0,2,0,5,0.9166666666666666,0.5,0.8461538461538461,0.0,0.0,0.0,3,0,5
2193,40,16,24,0,22,6,12,11,0,0,0,0,0,0,0,0,0,0,0,0,0,0,0,1.0,1.0,1.0,0.0,0.0,0.0,3,0,0
2194,38,16,22,0,21,6,11,10,0,0,0,0,0,0,2,0,0,0,0,0,1,0,2,0.9545454545454546,1.0,0.9090909090909091,0.0,0.0,0.0,3,0,2
2195,35,16,19,0,21,6,8,7,0,0,0,0,0,0,3,0,0,0,0,0,0,0,3,1.0,1.0,0.7,0.0,0.0,0.0,3,0,3
2196,33,16,17,0,21,6,6,5,0,0,0,0,0,0,2,0,0,0,0,0,0,0,2,1.0,1.0,0.7142857142857143,0.0,0.0,0.0,3,0,2
2197,33,16,17,0,21,6,6,5,0,0,0,0,0,0,0,0,0,0,0,0,0,0,0,1.0,1.0,1.0,0.0,0.0,0.0,3,0,0
2198,33,16,17,0,21,6,6,5,0,0,0,0,0,0,0,0,0,0,0,0,0,0,0,1.0,1.0,1.0,0.0,0.0,0.0,3,0,0
2199,33,16,17,0,21,6,6,5,0,0,0,0,0,0,0,0,0,0,0,0,0,0,0,1.0,1.0,1.0,0.0,0.0,0.0,3,0,0
2200,32,16,16,0,20,6,6,5,0,0,0,0,0,0,0,0,0,0,0,0,1,0,1,0.9523809523809523,1.0,1.0,0.0,0.0,0.0,3,0,1
2201,32,16,16,0,20,6,6,5,0,0,0,0,0,0,0,0,0,0,0,0,0,0,0,1.0,1.0,1.0,0.0,0.0,0.0,3,0,0
2202,32,16,16,0,20,6,6,5,0,0,0,0,0,0,0,0,0,0,0,0,0,0,0,1.0,1.0,1.0,0.0,0.0,0.0,3,0,0
2203,32,16,16,0,20,6,6,5,0,0,0,0,0,0,0,0,0,0,0,0,0,0,0,1.0,1.0,1.0,0.0,0.0,0.0,3,0,0
2204,32,16,16,0,20,6,6,5,0,0,0,0,0,0,0,0,0,0,0,0,0,0,0,1.0,1.0,1.0,0.0,0.0,0.0,3,0,0
2205,32,16,16,0,20,6,6,5,0,0,0,0,0,0,0,0,0,0,0,0,0,0,0,1.0,1.0,1.0,0.0,0.0,0.0,3,0,0
2206,31,16,15,0,20,6,5,4,0,0,0,0,0,0,0,0,0,0,0,0,0,0,0,1.0,1.0,0.8,0.0,0.0,0.0,3,0,1
2207,31,16,15,0,20,6,5,4,0,0,0,0,0,0,0,0,0,0,0,0,0,0,0,1.0,1.0,1.0,0.0,0.0,0.0,3,0,0
2208,31,16,15,0,20,6,5,4,0,0,0,0,0,0,0,0,0,0,0,0,0,0,0,1.0,1.0,1.0,0.0,0.0,0.0,3,0,0
2209,31,16,15,0,20,6,5,4,0,0,0,0,0,0,0,0,0,0,0,0,0,0,0,1.0,1.0,1.0,0.0,0.0,0.0,3,0,0
2210,31,16,15,0,20,6,5,4,0,0,0,0,0,0,0,0,0,0,0,0,0,0,0,1.0,1.0,1.0,0.0,0.0,0.0,3,0,0
2211,31,16,15,0,20,6,5,4,0,0,0,0,0,0,0,0,0,0,0,0,0,0,0,1.0,1.0,1.0,0.0,0.0,0.0,3,0,0
2212,31,16,15,0,20,6,5,4,0,0,0,0,0,0,0,0,0,0,0,0,0,0,0,1.0,1.0,1.0,0.0,0.0,0.0,3,0,0
2213,31,16,15,0,20,6,5,4,0,0,0,0,0,0,0,0,0,0,0,0,0,1,0,1.0,1.0,1.0,0.0,0.0,0.0,3,0,0
2214,31,16,15,0,20,6,5,4,0,0,0,0,0,0,0,0,0,0,0,0,0,0,0,1.0,1.0,1.0,0.0,0.0,0.0,3,0,0
2215,31,16,15,0,20,6,5,4,0,0,0,0,0,0,0,0,0,0,0,0,0,2,0,1.0,1.0,1.0,0.0,0.0,0.0,3,0,0
2216,30,15,15,0,19,6,5,4,0,0,0,0,0,0,0,0,0,0,0,0,1,0,1,0.95,1.0,1.0,0.0,0.0,0.0,3,0,1
2217,30,15,15,0,18,7,5,4,0,0,0,0,0,0,0,0,0,0,0,0,0,0,0,1.0,1.0,1.0,0.0,0.0,0.0,3,0,0
2218,30,15,15,0,18,7,5,4,0,0,0,0,0,0,0,0,0,0,0,0,0,0,0,1.0,1.0,1.0,0.0,0.0,0.0,3,0,0
2219,30,15,15,0,16,9,5,4,0,0,0,0,0,0,0,0,0,0,0,0,0,0,0,1.0,1.0,1.0,0.0,0.0,0.0,3,0,0
2220,30,15,15,0,16,9,5,4,0,0,0,0,0,0,0,0,1,0,0,0,0,0,0,1.0,1.0,1.0,0.0,0.0,0.0,3,0,0
2221,30,15,15,0,16,9,5,4,1,0,0,0,0,0,0,0,8,1,0,0,0,0,0,1.0,1.0,1.0,0.0,0.0,0.125,3,0,0
2222,30,15,15,0,16,9,5,4,2,0,0,0,0,0,0,0,5,1,0,0,0,0,0,1.0,1.0,1.0,0.0,0.0,0.2,3,0,0
2223,30,15,15,0,16,9,5,4,3,0,0,0,0,0,0,0,5,1,0,0,0,0,0,1.0,1.0,1.0,0.0,0.0,0.2,3,0,0
2224,30,15,15,0,16,9,5,4,4,0,0,0,0,0,0,0,5,1,0,0,0,0,0,1.0,1.0,1.0,0.0,0.0,0.2,3,0,0
2225,30,15,15,0,16,9,5,4,4,0,0,0,0,0,0,0,0,0,0,0,0,0,0,1.0,1.0,1.0,0.0,0.0,0.0,3,0,0
2226,30,15,15,0,16,9,5,4,4,0,0,0,0,0,0,0,0,0,0,0,0,0,0,1.0,1.0,1.0,0.0,0.0,0.0,3,0,0
2227,30,15,15,0,16,9,5,4,4,0,0,0,0,0,0,0,0,0,0,0,0,0,0,1.0,1.0,1.0,0.0,0.0,0.0,3,0,0
2228,30,15,15,0,16,9,5,4,4,0,0,0,0,0,0,0,0,0,0,0,0,0,0,1.0,1.0,1.0,0.0,0.0,0.0,3,0,0
2229,30,15,15,0,16,9,5,4,4,0,0,0,0,0,0,0,0,0,0,0,0,0,0,1.0,1.0,1.0,0.0,0.0,0.0,3,0,0
2230,30,15,15,0,16,9,5,4,4,0,0,0,0,0,0,0,0,0,0,0,0,0,0,1.0,1.0,1.0,0.0,0.0,0.0,3,0,0
2231,30,15,15,0,16,9,5,4,4,0,0,0,0,0,0,0,0,0,0,0,0,0,0,1.0,1.0,1.0,0.0,0.0,0.0,3,0,0
2232,30,15,15,0,16,9,5,4,4,0,0,0,0,0,0,0,0,0,0,0,0,0,0,1.0,1.0,1.0,0.0,0.0,0.0,3,0,0
2233,30,15,15,0,16,9,5,4,4,0,0,0,0,0,0,0,0,0,0,0,0,0,0,1.0,1.0,1.0,0.0,0.0,0.0,3,0,0
2234,30,15,15,0,16,9,5,4,4,0,0,0,0,0,0,0,0,0,0,0,0,0,0,1.0,1.0,1.0,0.0,0.0,0.0,3,0,0
2235,30,15,15,0,16,9,5,4,4,0,0,0,0,0,0,0,0,0,0,0,0,0,0,1.0,1.0,1.0,0.0,0.0,0.0,3,0,0
2236,30,15,15,0,16,9,5,4,4,0,0,0,0,0,0,0,0,0,0,0,0,0,0,1.0,1.0,1.0,0.0,0.0,0.0,3,0,0
2237,30,15,15,0,16,9,5,4,4,0,0,0,0,0,0,0,0,0,0,0,0,0,0,1.0,1.0,1.0,0.0,0.0,0.0,3,0,0
2238,30,15,15,0,16,9,5,4,4,0,0,0,0,0,0,0,0,0,0,0,0,0,0,1.0,1.0,1.0,0.0,0.0,0.0,3,0,0
2239,30,15,15,0,16,8,6,4,4,0,0,0,0,0,0,0,0,0,0,0,0,0,0,1.0,1.0,1.0,0.0,0.0,0.0,3,0,0
2240,30,15,15,0,16,8,6,4,4,0,0,0,0,0,0,0,0,0,0,0,0,0,0,1.0,1.0,1.0,0.0,0.0,0.0,3,0,0
2241,30,15,15,0,16,7,7,4,4,0,0,0,0,0,0,0,0,0,0,0,0,0,0,1.0,1.0,1.0,0.0,0.0,0.0,3,0,0
2242,30,15,15,0,16,7,7,4,4,0,0,0,0,0,0,0,0,0,0,0,0,0,0,1.0,1.0,1.0,0.0,0.0,0.0,3,0,0
2243,30,15,15,0,16,7,7,4,4,0,0,0,0,0,0,0,0,0,0,0,0,0,0,1.0,1.0,1.0,0.0,0.0,0.0,3,0,0
2244,30,15,15,0,16,7,7,4,4,0,0,0,0,0,0,0,0,0,0,0,0,0,0,1.0,1.0,1.0,0.0,0.0,0.0,3,0,0
2245,30,15,15,0,16,7,7,4,4,0,0,0,0,0,0,0,0,0,0,0,0,0,0,1.0,1.0,1.0,0.0,0.0,0.0,3,0,0
2246,30,15,15,0,16,7,7,4,4,0,0,0,0,0,0,0,0,0,0,0,0,0,0,1.0,1.0,1.0,0.0,0.0,0.0,3,0,0
2247,30,15,15,0,16,7,7,4,4,0,0,0,0,0,0,0,0,0,0,0,0,0,0,1.0,1.0,1.0,0.0,0.0,0.0,3,0,0
2248,30,15,15,0,16,7,7,4,4,0,0,0,0,0,0,0,0,0,0,0,0,0,0,1.0,1.0,1.0,0.0,0.0,0.0,3,0,0
2249,30,15,15,0,16,7,7,4,4,0,0,0,0,0,0,0,0,0,0,0,0,0,0,1.0,1.0,1.0,0.0,0.0,0.0,3,0,0
2250,30,15,15,0,16,7,7,4,4,0,0,0,0,0,0,0,0,0,0,0,0,0,0,1.0,1.0,1.0,0.0,0.0,0.0,3,0,0
2251,30,15,15,0,16,7,7,4,4,0,0,0,0,0,0,0,0,0,0,0,0,0,0,1.0,1.0,1.0,0.0,0.0,0.0,3,0,0
2252,30,15,15,0,16,7,7,4,4,0,0,0,0,0,0,0,0,0,0,0,0,0,0,1.0,1.0,1.0,0.0,0.0,0.0,3,0,0
2253,30,15,15,0,16,7,7,4,4,0,0,0,0,0,0,0,0,0,0,0,0,0,0,1.0,1.0,1.0,0.0,0.0,0.0,3,0,0
2254,30,15,15,0,16,7,7,4,4,0,0,0,0,0,0,0,0,0,0,0,0,0,0,1.0,1.0,1.0,0.0,0.0,0.0,3,0,0
2255,30,15,15,0,16,7,7,4,4,0,0,0,0,0,0,0,0,0,0,0,0,0,0,1.0,1.0,1.0,0.0,0.0,0.0,3,0,0
2256,30,15,15,0,16,7,7,4,4,0,0,0,0,0,0,0,0,0,0,0,0,0,0,1.0,1.0,1.0,0.0,0.0,0.0,3,0,0
2257,30,15,15,0,16,7,7,4,4,0,0,0,0,0,0,0,0,0,0,0,0,0,0,1.0,1.0,1.0,0.0,0.0,0.0,3,0,0
2258,30,15,15,0,16,7,7,4,4,0,0,0,0,0,0,0,0,0,0,0,0,3,0,1.0,1.0,1.0,0.0,0.0,0.0,3,0,0
2259,30,15,15,0,16,7,7,4,4,0,0,0,0,0,0,0,0,0,0,0,0,0,0,1.0,1.0,1.0,0.0,0.0,0.0,3,0,0
2260,29,14,15,0,15,7,7,4,4,0,0,0,0,0,0,0,0,0,0,0,1,0,1,0.9375,1.0,1.0,0.0,0.0,0.0,3,0,1
2261,29,14,15,0,15,7,7,4,4,0,0,0,0,0,0,0,0,0,0,0,0,0,0,1.0,1.0,1.0,0.0,0.0,0.0,3,0,0
2262,29,14,15,0,12,10,7,4,4,0,0,0,0,0,0,0,0,0,0,0,0,0,0,1.0,1.0,1.0,0.0,0.0,0.0,3,0,0
2263,29,14,15,0,12,10,7,4,4,0,0,0,0,0,0,0,0,0,0,0,0,0,0,1.0,1.0,1.0,0.0,0.0,0.0,3,0,0
2264,29,14,15,0,12,10,7,4,4,0,0,0,0,0,0,0,0,0,0,0,0,1,0,1.0,1.0,1.0,0.0,0.0,0.0,3,0,0
2265,29,14,15,0,12,10,7,4,4,0,0,0,0,0,0,0,0,0,0,0,0,0,0,1.0,1.0,1.0,0.0,0.0,0.0,3,0,0
2266,29,14,15,0,12,10,7,4,4,0,0,0,0,0,0,0,0,0,0,0,0,0,0,1.0,1.0,1.0,0.0,0.0,0.0,3,0,0
2267,29,14,15,0,12,10,7,4,4,0,0,0,0,0,0,0,0,0,0,0,0,0,0,1.0,1.0,1.0,0.0,0.0,0.0,3,0,0
2268,29,14,15,0,11,11,7,4,4,0,0,0,0,0,0,0,0,0,0,0,0,0,0,1.0,1.0,1.0,0.0,0.0,0.0,3,0,0
2269,29,14,15,0,11,11,7,4,4,0,0,0,0,0,0,0,0,0,0,0,0,0,0,1.0,1.0,1.0,0.0,0.0,0.0,3,0,0
2270,29,14,15,0,11,11,7,4,4,0,0,0,0,0,0,0,0,0,0,0,0,0,0,1.0,1.0,1.0,0.0,0.0,0.0,3,0,0
2271,29,14,15,0,11,11,7,4,4,0,0,0,0,0,0,0,0,0,0,0,0,0,0,1.0,1.0,1.0,0.0,0.0,0.0,3,0,0
2272,29,14,15,0,11,11,7,4,4,0,0,0,0,0,0,0,0,0,0,0,0,0,0,1.0,1.0,1.0,0.0,0.0,0.0,3,0,0
2273,29,14,15,0,11,11,7,4,4,0,0,0,0,0,0,0,0,0,0,0,0,0,0,1.0,1.0,1.0,0.0,0.0,0.0,3,0,0
2274,29,14,15,0,11,11,7,4,4,0,0,0,0,0,0,0,0,0,0,0,0,0,0,1.0,1.0,1.0,0.0,0.0,0.0,3,0,0
2275,29,14,15,0,11,11,7,4,4,0,0,0,0,0,0,0,0,0,0,0,0,0,0,1.0,1.0,1.0,0.0,0.0,0.0,3,0,0
2276,29,14,15,0,11,11,7,4,4,0,0,0,0,0,0,0,0,0,0,0,0,0,0,1.0,1.0,1.0,0.0,0.0,0.0,3,0,0
2277,29,14,15,0,11,11,7,4,4,0,0,0,0,0,0,0,0,0,0,0,0,0,0,1.0,1.0,1.0,0.0,0.0,0.0,3,0,0
2278,29,14,15,0,11,11,7,4,4,0,0,0,0,0,0,0,0,0,0,0,0,0,0,1.0,1.0,1.0,0.0,0.0,0.0,3,0,0
2279,29,14,15,0,11,11,7,4,4,0,0,0,0,0,0,0,0,0,0,0,0,0,0,1.0,1.0,1.0,0.0,0.0,0.0,3,0,0
2280,29,14,15,0,11,11,7,4,4,0,0,0,0,0,0,0,0,0,0,0,0,0,0,1.0,1.0,1.0,0.0,0.0,0.0,3,0,0
2281,29,14,15,0,11,11,7,4,4,0,0,0,0,0,0,0,0,0,0,0,0,0,0,1.0,1.0,1.0,0.0,0.0,0.0,3,0,0
2282,28,14,14,0,10,11,7,4,4,0,0,0,0,0,1,0,0,0,0,0,1,0,1,0.9090909090909091,1.0,1.0,0.0,0.0,0.0,3,0,1
2283,26,13,13,0,9,11,6,3,3,0,0,0,0,1,1,0,0,0,0,0,1,0,2,0.9,1.0,0.75,0.0,0.0,0.0,3,0,2
2284,25,12,13,0,8,11,6,3,3,0,0,0,0,1,0,0,0,0,0,0,1,0,1,0.8888888888888888,1.0,1.0,0.0,0.0,0.0,3,0,1
2285,25,12,13,0,8,11,6,3,3,0,0,0,0,0,0,0,0,0,0,0,0,0,0,1.0,1.0,1.0,0.0,0.0,0.0,3,0,0
2286,28,13,15,4,7,10,7,3,2,0,1,0,0,1,0,0,0,0,0,1,1,0,1,0.875,1.0,1.0,0.16,0.16,0.0,3,4,1
2287,32,15,17,8,7,10,7,3,1,0,2,0,0,0,0,0,0,0,0,1,0,0,0,1.0,1.0,1.0,0.14285714285714285,0.14285714285714285,0.0,3,4,0
2288,32,15,17,8,7,10,7,3,1,0,2,0,0,0,0,0,0,0,0,0,0,0,0,1.0,1.0,1.0,0.0,0.0,0.0,3,0,0
2289,35,16,19,11,7,10,7,3,0,0,3,0,0,0,0,0,0,0,0,1,0,0,0,1.0,1.0,1.0,0.09375,0.09375,0.0,3,3,0
2290,35,16,19,11,7,10,7,3,0,0,3,0,0,0,0,0,0,0,0,0,0,0,0,1.0,1.0,1.0,0.0,0.0,0.0,3,0,0
2291,35,16,19,11,7,10,7,3,0,0,3,0,0,0,0,0,0,0,0,0,0,0,0,1.0,1.0,1.0,0.0,0.0,0.0,3,0,0
2292,35,16,19,11,7,10,7,3,0,0,3,0,0,0,0,0,0,0,0,0,0,0,0,1.0,1.0,1.0,0.0,0.0,0.0,3,0,0
2293,35,16,19,11,7,10,7,3,0,0,3,0,0,0,0,0,0,0,0,0,0,0,0,1.0,1.0,1.0,0.0,0.0,0.0,3,0,0
2294,35,16,19,11,7,10,7,3,0,0,3,0,0,0,0,0,0,0,0,0,0,0,0,1.0,1.0,1.0,0.0,0.0,0.0,3,0,0
2295,35,16,19,11,7,10,7,3,0,0,3,0,0,0,0,0,0,0,0,0,0,0,0,1.0,1.0,1.0,0.0,0.0,0.0,3,0,0
2296,35,16,19,11,7,10,7,3,0,0,3,0,0,0,0,0,0,0,0,0,0,0,0,1.0,1.0,1.0,0.0,0.0,0.0,3,0,0
2297,35,16,19,11,7,10,7,3,0,0,3,0,0,0,0,0,0,0,0,0,0,0,0,1.0,1.0,1.0,0.0,0.0,0.0,3,0,0
2298,35,16,19,11,7,10,7,3,0,0,3,0,0,0,0,0,0,0,0,0,0,0,0,1.0,1.0,1.0,0.0,0.0,0.0,3,0,0
2299,35,16,19,11,7,10,7,3,0,0,3,0,0,0,0,0,0,0,0,0,0,0,0,1.0,1.0,1.0,0.0,0.0,0.0,3,0,0
2300,35,16,19,11,7,10,7,3,0,0,3,0,0,0,0,0,0,0,0,0,0,0,0,1.0,1.0,1.0,0.0,0.0,0.0,3,0,0
2301,35,16,19,11,7,10,7,3,0,0,3,0,0,0,0,0,0,0,0,0,0,0,0,1.0,1.0,1.0,0.0,0.0,0.0,3,0,0
2302,35,16,19,11,7,10,7,3,0,0,3,0,0,0,0,0,0,0,0,0,0,0,0,1.0,1.0,1.0,0.0,0.0,0.0,3,0,0
2303,35,16,19,11,7,10,7,3,0,0,3,0,0,0,0,0,0,0,0,0,0,0,0,1.0,1.0,1.0,0.0,0.0,0.0,3,0,0
2304,34,16,18,11,6,10,7,3,0,0,3,0,0,0,0,0,0,0,0,0,1,0,1,0.9444444444444444,1.0,1.0,0.0,0.0,0.0,3,0,1
2305,34,16,18,11,6,10,7,3,0,0,3,0,0,0,0,0,0,0,0,0,0,0,0,1.0,1.0,1.0,0.0,0.0,0.0,3,0,0
2306,34,16,18,11,6,10,7,3,0,0,3,0,0,0,0,0,0,0,0,0,0,2,0,1.0,1.0,1.0,0.0,0.0,0.0,3,0,0
2307,34,16,18,11,6,10,7,3,0,0,3,0,0,0,0,0,0,0,0,0,0,0,0,1.0,1.0,1.0,0.0,0.0,0.0,3,0,0
2308,34,16,18,11,6,10,7,3,0,0,3,0,0,0,0,0,0,0,0,0,0,0,0,1.0,1.0,1.0,0.0,0.0,0.0,3,0,0
2309,34,16,18,11,6,10,7,3,0,0,3,0,0,0,0,0,0,0,0,0,0,0,0,1.0,1.0,1.0,0.0,0.0,0.0,3,0,0
2310,34,16,18,11,4,12,7,3,0,0,3,0,0,0,0,0,0,0,0,0,0,0,0,1.0,1.0,1.0,0.0,0.0,0.0,3,0,0
2311,34,16,18,11,4,12,7,3,0,0,3,0,0,0,0,0,0,0,0,0,0,0,0,1.0,1.0,1.0,0.0,0.0,0.0,3,0,0
2312,34,16,18,11,4,12,7,3,0,0,3,0,0,0,0,0,0,0,0,0,0,0,0,1.0,1.0,1.0,0.0,0.0,0.0,3,0,0
2313,34,16,18,11,4,12,7,3,0,0,3,0,0,0,0,0,0,0,0,0,0,0,0,1.0,1.0,1.0,0.0,0.0,0.0,3,0,0
2314,34,16,18,11,4,12,7,3,0,0,3,0,0,0,0,0,0,0,0,0,0,0,0,1.0,1.0,1.0,0.0,0.0,0.0,3,0,0
2315,34,16,18,11,4,12,7,3,0,0,3,0,0,0,0,0,0,0,0,0,0,0,0,1.0,1.0,1.0,0.0,0.0,0.0,3,0,0
2316,34,16,18,11,4,12,7,3,0,0,3,0,0,0,0,0,0,0,0,0,0,0,0,1.0,1.0,1.0,0.0,0.0,0.0,3,0,0
2317,34,16,18,11,4,12,7,3,0,0,3,0,0,0,0,0,0,0,0,0,0,0,0,1.0,1.0,1.0,0.0,0.0,0.0,3,0,0
2318,34,16,18,11,4,12,7,3,0,0,3,0,0,0,0,0,0,0,0,0,0,0,0,1.0,1.0,1.0,0.0,0.0,0.0,3,0,0
2319,33,16,17,10,4,11,8,4,0,0,3,0,0,0,0,0,0,0,0,0,1,0,1,0.9333333333333333,1.0,1.0,0.0,0.0,0.0,3,0,1
2320,33,16,17,10,4,10,9,4,0,0,3,0,0,0,0,0,0,0,0,0,0,0,0,1.0,1.0,1.0,0.0,0.0,0.0,3,0,0
2321,33,16,17,10,4,10,9,4,0,0,3,0,0,0,0,0,0,0,0,0,0,0,0,1.0,1.0,1.0,0.0,0.0,0.0,3,0,0
2322,33,16,17,10,4,10,9,4,0,0,3,0,0,0,0,0,0,0,0,0,0,0,0,1.0,1.0,1.0,0.0,0.0,0.0,3,0,0
2323,33,16,17,10,4,10,9,4,0,0,3,0,0,0,0,0,0,0,0,0,0,0,0,1.0,1.0,1.0,0.0,0.0,0.0,3,0,0
2324,33,16,17,10,4,10,9,4,1,0,3,0,0,0,0,0,5,1,0,0,0,1,0,1.0,1.0,1.0,0.0,0.0,0.2,3,0,0
2325,33,16,17,10,4,10,9,4,1,0,3,0,0,0,0,0,0,0,0,0,0,1,0,1.0,1.0,1.0,0.0,0.0,0.0,3,0,0
2326,33,16,17,10,4,10,9,4,1,0,3,0,0,0,0,0,0,0,0,0,0,1,0,1.0,1.0,1.0,0.0,0.0,0.0,3,0,0
2327,33,16,17,10,4,10,9,4,1,0,3,0,0,0,0,0,0,0,0,0,0,1,0,1.0,1.0,1.0,0.0,0.0,0.0,3,0,0
2328,33,16,17,10,3,10,10,5,2,0,3,0,0,0,0,0,7,1,0,0,0,0,0,1.0,1.0,1.0,0.0,0.0,0.14285714285714285,3,0,0
2329,33,16,17,7,5,11,10,5,2,0,3,0,0,0,0,0,0,0,0,0,0,0,0,1.0,1.0,1.0,0.0,0.0,0.0,3,0,0
2330,33,16,17,3,8,12,10,5,2,0,3,0,0,0,0,0,0,0,0,0,0,0,0,1.0,1.0,1.0,0.0,0.0,0.0,3,0,0
2331,33,16,17,3,7,13,10,5,2,0,2,0,0,0,0,0,0,0,0,0,0,0,0,1.0,1.0,1.0,0.0,0.0,0.0,3,0,0
2332,33,16,17,0,10,13,10,5,2,1,1,0,0,0,0,0,1,0,1,0,0,0,0,1.0,1.0,1.0,0.0,0.0,0.0,3,0,0
2333,33,16,17,0,10,13,10,5,3,1,1,0,0,0,0,0,5,1,0,0,0,0,0,1.0,1.0,1.0,0.0,0.0,0.2,3,0,0
2334,33,16,17,0,10,13,10,5,3,1,0,0,0,0,0,0,0,0,0,0,0,0,0,1.0,1.0,1.0,0.0,0.0,0.0,3,0,0
2335,33,16,17,0,10,13,10,5,4,1,0,0,0,0,0,0,2,1,0,0,0,0,0,1.0,1.0,1.0,0.0,0.0,0.5,3,0,0
2336,33,16,17,0,10,13,10,5,4,1,0,0,0,0,0,0,0,0,0,0,0,0,0,1.0,1.0,1.0,0.0,0.0,0.0,3,0,0
2337,33,16,17,0,10,13,10,5,4,1,0,0,0,0,0,0,0,0,0,0,0,0,0,1.0,1.0,1.0,0.0,0.0,0.0,3,0,0
2338,33,16,17,0,10,13,10,5,4,1,0,0,0,0,0,0,0,0,0,0,0,0,0,1.0,1.0,1.0,0.0,0.0,0.0,3,0,0
2339,33,16,17,0,10,13,10,5,4,1,0,0,0,0,0,0,0,0,0,0,0,0,0,1.0,1.0,1.0,0.0,0.0,0.0,3,0,0
2340,33,16,17,0,10,13,10,5,4,1,0,0,0,0,0,0,0,0,0,0,0,0,0,1.0,1.0,1.0,0.0,0.0,0.0,3,0,0
2341,33,16,17,0,10,13,10,5,4,1,0,0,0,0,0,0,0,0,0,0,0,0,0,1.0,1.0,1.0,0.0,0.0,0.0,3,0,0
2342,33,16,17,0,10,13,10,5,4,1,0,0,0,0,0,0,0,0,0,0,0,0,0,1.0,1.0,1.0,0.0,0.0,0.0,3,0,0
2343,33,16,17,0,10,13,10,5,4,1,0,0,0,0,0,0,0,0,0,0,0,0,0,1.0,1.0,1.0,0.0,0.0,0.0,3,0,0
2344,33,16,17,0,10,13,10,5,4,1,0,0,0,0,0,0,0,0,0,0,0,0,0,1.0,1.0,1.0,0.0,0.0,0.0,3,0,0
2345,33,16,17,0,10,13,10,5,4,1,0,0,0,0,0,0,0,0,0,0,0,0,0,1.0,1.0,1.0,0.0,0.0,0.0,3,0,0
2346,33,16,17,0,10,13,10,5,4,1,0,0,0,0,0,0,0,0,0,0,0,0,0,1.0,1.0,1.0,0.0,0.0,0.0,3,0,0
2347,33,16,17,0,10,13,10,5,4,1,0,0,0,0,0,0,0,0,0,0,0,0,0,1.0,1.0,1.0,0.0,0.0,0.0,3,0,0
2348,32,15,17,0,9,13,10,5,4,1,0,0,0,0,0,0,0,0,0,0,1,0,1,0.9,1.0,1.0,0.0,0.0,0.0,3,0,1
2349,32,15,17,0,9,13,10,5,4,1,0,0,0,0,0,0,0,0,0,0,0,0,0,1.0,1.0,1.0,0.0,0.0,0.0,3,0,0
2350,32,15,17,0,9,13,10,5,4,1,0,0,0,0,0,0,0,0,0,0,0,0,0,1.0,1.0,1.0,0.0,0.0,0.0,3,0,0
2351,32,15,17,0,9,13,10,5,4,1,0,0,0,0,0,0,0,0,0,0,0,0,0,1.0,1.0,1.0,0.0,0.0,0.0,3,0,0
2352,32,15,17,0,9,12,11,5,4,1,0,0,0,0,0,0,0,0,0,0,0,0,0,1.0,1.0,1.0,0.0,0.0,0.0,3,0,0
2353,32,15,17,0,9,12,11,5,4,1,0,0,0,0,0,0,0,0,0,0,0,0,0,1.0,1.0,1.0,0.0,0.0,0.0,3,0,0
2354,32,15,17,0,9,11,12,5,4,1,0,0,0,0,0,0,0,0,0,0,0,0,0,1.0,1.0,1.0,0.0,0.0,0.0,3,0,0
2355,32,15,17,0,9,11,12,5,4,1,0,0,0,0,0,0,0,0,0,0,0,0,0,1.0,1.0,1.0,0.0,0.0,0.0,3,0,0
2356,32,15,17,0,9,11,12,5,4,1,0,0,0,0,0,0,0,0,0,0,0,0,0,1.0,1.0,1.0,0.0,0.0,0.0,3,0,0
2357,32,15,17,0,9,11,12,5,4,1,0,0,0,0,0,0,0,0,0,0,0,0,0,1.0,1.0,1.0,0.0,0.0,0.0,3,0,0
2358,32,15,17,0,9,11,12,5,4,1,0,0,0,0,0,0,0,0,0,0,0,0,0,1.0,1.0,1.0,0.0,0.0,0.0,3,0,0
2359,32,15,17,0,9,11,12,5,4,1,0,0,0,0,0,0,0,0,0,0,0,0,0,1.0,1.0,1.0,0.0,0.0,0.0,3,0,0
2360,32,15,17,0,9,11,12,5,4,1,0,0,0,0,0,0,0,0,0,0,0,0,0,1.0,1.0,1.0,0.0,0.0,0.0,3,0,0
2361,32,15,17,0,9,10,13,6,4,1,0,0,0,0,0,0,0,0,0,0,0,0,0,1.0,1.0,1.0,0.0,0.0,0.0,3,0,0
2362,32,15,17,0,9,10,13,6,4,1,0,0,0,0,0,0,0,0,0,0,0,0,0,1.0,1.0,1.0,0.0,0.0,0.0,3,0,0
2363,32,15,17,0,9,10,13,6,4,1,0,0,0,0,0,0,4,0,0,0,0,0,0,1.0,1.0,1.0,0.0,0.0,0.0,3,0,0
2364,32,15,17,0,9,10,13,6,5,1,0,0,0,0,0,0,2,1,0,0,0,0,0,1.0,1.0,1.0,0.0,0.0,0.5,3,0,0
2365,32,15,17,0,9,10,13,6,5,1,0,0,0,0,0,0,0,0,0,0,0,0,0,1.0,1.0,1.0,0.0,0.0,0.0,3,0,0
2366,32,15,17,0,9,10,13,6,5,1,0,0,0,0,0,0,0,0,0,0,0,0,0,1.0,1.0,1.0,0.0,0.0,0.0,3,0,0
2367,32,15,17,0,9,10,13,6,5,1,0,0,0,0,0,0,0,0,0,0,0,0,0,1.0,1.0,1.0,0.0,0.0,0.0,3,0,0
2368,32,15,17,0,9,10,13,6,5,1,0,0,0,0,0,0,0,0,0,0,0,0,0,1.0,1.0,1.0,0.0,0.0,0.0,3,0,0
2369,32,15,17,0,9,10,13,6,5,1,0,0,0,0,0,0,0,0,0,0,0,0,0,1.0,1.0,1.0,0.0,0.0,0.0,3,0,0
2370,32,15,17,0,9,10,13,6,5,1,0,0,0,0,0,0,0,0,0,0,0,0,0,1.0,1.0,1.0,0.0,0.0,0.0,3,0,0
2371,32,15,17,0,9,9,14,7,5,1,0,0,0,0,0,0,0,0,0,0,0,0,0,1.0,1.0,1.0,0.0,0.0,0.0,3,0,0
2372,32,15,17,0,9,9,14,7,5,1,0,0,0,0,0,0,0,0,0,0,0,0,0,1.0,1.0,1.0,0.0,0.0,0.0,3,0,0
2373,32,15,17,0,9,9,14,7,5,1,0,0,0,0,0,0,0,0,0,0,0,0,0,1.0,1.0,1.0,0.0,0.0,0.0,3,0,0
2374,30,15,15,0,9,7,14,7,5,1,0,0,0,0,2,0,0,0,0,0,0,0,2,1.0,1.0,1.0,0.0,0.0,0.0,3,0,2
2375,30,15,15,0,9,7,14,7,5,1,0,0,0,0,0,0,0,0,0,0,0,0,0,1.0,1.0,1.0,0.0,0.0,0.0,3,0,0
2376,30,15,15,0,9,7,14,7,6,1,0,0,0,0,0,0,1,1,0,0,0,0,0,1.0,1.0,1.0,0.0,0.0,1.0,3,0,0
2377,28,14,14,0,9,7,12,6,5,0,0,0,0,1,1,0,0,0,0,0,0,0,2,1.0,0.8571428571428572,0.8571428571428572,0.0,0.0,0.0,3,0,2
2378,28,14,14,0,9,7,12,6,6,0,0,0,0,0,0,0,5,1,0,0,0,0,0,1.0,1.0,1.0,0.0,0.0,0.2,3,0,0
2379,28,14,14,0,9,7,12,6,6,0,0,0,0,0,0,0,0,0,0,0,0,0,0,1.0,1.0,1.0,0.0,0.0,0.0,3,0,0
2380,28,14,14,0,9,7,12,6,6,0,0,0,0,0,0,0,0,0,0,0,0,0,0,1.0,1.0,1.0,0.0,0.0,0.0,3,0,0
2381,28,14,14,0,9,7,12,6,6,0,0,0,0,0,0,0,0,0,0,0,0,0,0,1.0,1.0,1.0,0.0,0.0,0.0,3,0,0
2382,28,14,14,0,9,7,12,6,6,0,0,0,0,0,0,0,0,0,0,0,0,0,0,1.0,1.0,1.0,0.0,0.0,0.0,3,0,0
2383,28,14,14,0,9,7,12,6,6,0,0,0,0,0,0,0,0,0,0,0,0,0,0,1.0,1.0,1.0,0.0,0.0,0.0,3,0,0
2384,28,14,14,0,9,7,12,6,6,0,0,0,0,0,0,0,0,0,0,0,0,0,0,1.0,1.0,1.0,0.0,0.0,0.0,3,0,0
2385,28,14,14,0,9,7,12,6,6,0,0,0,0,0,0,0,0,0,0,0,0,0,0,1.0,1.0,1.0,0.0,0.0,0.0,3,0,0
2386,28,14,14,0,9,7,12,6,6,0,0,0,0,0,0,0,0,0,0,0,0,0,0,1.0,1.0,1.0,0.0,0.0,0.0,3,0,0
2387,28,14,14,0,9,7,12,6,6,0,0,0,0,0,0,0,0,0,0,0,0,0,0,1.0,1.0,1.0,0.0,0.0,0.0,3,0,0
2388,28,14,14,0,9,7,12,6,6,0,0,0,0,0,0,0,0,0,0,0,0,0,0,1.0,1.0,1.0,0.0,0.0,0.0,3,0,0
2389,31,17,14,3,9,7,12,6,5,0,1,0,0,0,0,0,0,0,0,1,0,0,0,1.0,1.0,1.0,0.10714285714285714,0.10714285714285714,0.0,3,3,0
2390,31,17,14,3,9,7,12,6,5,0,1,0,0,0,0,0,0,0,0,0,0,0,0,1.0,1.0,1.0,0.0,0.0,0.0,3,0,0
2391,31,17,14,3,9,7,12,6,5,0,1,0,0,0,0,0,0,0,0,0,0,0,0,1.0,1.0,1.0,0.0,0.0,0.0,3,0,0
2392,31,17,14,3,9,7,12,6,5,0,1,0,0,0,0,0,0,0,0,0,0,0,0,1.0,1.0,1.0,0.0,0.0,0.0,3,0,0
2393,31,17,14,3,9,7,12,6,5,0,1,0,0,0,0,0,0,0,0,0,0,0,0,1.0,1.0,1.0,0.0,0.0,0.0,3,0,0
2394,31,17,14,3,9,7,12,6,5,0,1,0,0,0,0,0,0,0,0,0,0,0,0,1.0,1.0,1.0,0.0,0.0,0.0,3,0,0
2395,31,17,14,3,9,7,12,6,5,0,1,0,0,0,0,0,0,0,0,0,0,0,0,1.0,1.0,1.0,0.0,0.0,0.0,3,0,0
2396,31,17,14,3,9,7,12,6,5,0,1,0,0,0,0,0,0,0,0,0,0,0,0,1.0,1.0,1.0,0.0,0.0,0.0,3,0,0
2397,31,17,14,3,9,5,14,6,5,0,1,0,0,0,0,0,0,0,0,0,0,0,0,1.0,1.0,1.0,0.0,0.0,0.0,3,0,0
2398,34,18,16,6,9,5,14,6,4,0,2,0,0,0,0,0,0,0,0,1,0,0,0,1.0,1.0,1.0,0.0967741935483871,0.0967741935483871,0.0,3,3,0
2399,34,18,16,6,9,5,14,6,4,0,2,0,0,0,0,0,0,0,0,0,0,0,0,1.0,1.0,1.0,0.0,0.0,0.0,3,0,0
2400,38,20,18,10,9,5,14,6,3,0,3,0,0,0,0,0,0,0,0,1,0,0,0,1.0,1.0,1.0,0.11764705882352941,0.11764705882352941,0.0,3,4,0
2401,38,20,18,10,9,5,14,6,3,0,3,0,0,0,0,0,0,0,0,0,0,0,0,1.0,1.0,1.0,0.0,0.0,0.0,3,0,0
2402,38,20,18,10,9,5,14,6,3,0,3,0,0,0,0,0,0,0,0,0,0,0,0,1.0,1.0,1.0,0.0,0.0,0.0,3,0,0
2403,38,20,18,10,9,4,15,6,3,0,3,0,0,0,0,0,0,0,0,0,0,0,0,1.0,1.0,1.0,0.0,0.0,0.0,3,0,0
2404,38,20,18,10,9,4,15,6,3,0,3,0,0,0,0,0,0,0,0,0,0,0,0,1.0,1.0,1.0,0.0,0.0,0.0,3,0,0
2405,38,20,18,10,9,4,15,6,3,0,3,0,0,0,0,0,0,0,0,0,0,0,0,1.0,1.0,1.0,0.0,0.0,0.0,3,0,0
2406,38,20,18,10,9,4,15,6,3,0,3,0,0,0,0,0,0,0,0,0,0,0,0,1.0,1.0,1.0,0.0,0.0,0.0,3,0,0
2407,38,20,18,10,9,4,15,6,3,0,3,0,0,0,0,0,0,0,0,0,0,0,0,1.0,1.0,1.0,0.0,0.0,0.0,3,0,0
2408,38,20,18,10,9,4,15,6,3,0,3,0,0,0,0,0,0,0,0,0,0,0,0,1.0,1.0,1.0,0.0,0.0,0.0,3,0,0
2409,38,20,18,10,9,4,15,6,3,0,3,0,0,0,0,0,0,0,0,0,0,0,0,1.0,1.0,1.0,0.0,0.0,0.0,3,0,0
2410,38,20,18,10,9,4,15,6,3,0,3,0,0,0,0,0,0,0,0,0,0,0,0,1.0,1.0,1.0,0.0,0.0,0.0,3,0,0
2411,38,20,18,10,9,4,15,6,3,0,3,0,0,0,0,0,0,0,0,0,0,0,0,1.0,1.0,1.0,0.0,0.0,0.0,3,0,0
2412,38,20,18,10,9,4,15,6,3,0,3,0,0,0,0,0,0,0,0,0,0,0,0,1.0,1.0,1.0,0.0,0.0,0.0,3,0,0
2413,38,20,18,10,9,4,15,6,3,0,3,0,0,0,0,0,0,0,0,0,0,0,0,1.0,1.0,1.0,0.0,0.0,0.0,3,0,0
2414,38,20,18,10,9,4,15,6,3,0,3,0,0,0,0,0,0,0,0,0,0,0,0,1.0,1.0,1.0,0.0,0.0,0.0,3,0,0
2415,38,20,18,10,9,4,15,6,3,0,3,0,0,0,0,0,0,0,0,0,0,0,0,1.0,1.0,1.0,0.0,0.0,0.0,3,0,0
2416,38,20,18,10,9,4,15,6,3,0,3,0,0,0,0,0,0,0,0,0,0,0,0,1.0,1.0,1.0,0.0,0.0,0.0,3,0,0
2417,38,20,18,10,9,4,15,6,3,0,3,0,0,0,0,0,0,0,0,0,0,0,0,1.0,1.0,1.0,0.0,0.0,0.0,3,0,0
2418,38,20,18,10,9,4,15,6,3,0,3,0,0,0,0,0,0,0,0,0,0,0,0,1.0,1.0,1.0,0.0,0.0,0.0,3,0,0
2419,38,20,18,10,9,4,15,6,3,0,3,0,0,0,0,0,0,0,0,0,0,0,0,1.0,1.0,1.0,0.0,0.0,0.0,3,0,0
2420,38,20,18,10,9,3,16,7,3,0,3,0,0,0,0,0,0,0,0,0,0,0,0,1.0,1.0,1.0,0.0,0.0,0.0,3,0,0
2421,38,20,18,10,9,3,16,7,3,0,3,0,0,0,0,0,0,0,0,0,0,0,0,1.0,1.0,1.0,0.0,0.0,0.0,3,0,0
2422,38,20,18,10,9,3,16,7,3,0,3,0,0,0,0,0,0,0,0,0,0,0,0,1.0,1.0,1.0,0.0,0.0,0.0,3,0,0
2423,38,20,18,10,9,3,16,7,3,0,3,0,0,0,0,0,0,0,0,0,0,0,0,1.0,1.0,1.0,0.0,0.0,0.0,3,0,0
2424,38,20,18,10,9,3,16,7,3,0,3,0,0,0,0,0,0,0,0,0,0,0,0,1.0,1.0,1.0,0.0,0.0,0.0,3,0,0
2425,38,20,18,10,9,3,16,7,3,0,3,0,0,0,0,0,0,0,0,0,0,0,0,1.0,1.0,1.0,0.0,0.0,0.0,3,0,0
2426,38,20,18,10,9,3,16,7,3,0,3,0,0,0,0,0,0,0,0,0,0,0,0,1.0,1.0,1.0,0.0,0.0,0.0,3,0,0
2427,38,20,18,10,9,3,16,7,3,0,3,0,0,0,0,0,0,0,0,0,0,0,0,1.0,1.0,1.0,0.0,0.0,0.0,3,0,0
2428,38,20,18,10,9,3,16,7,4,0,3,0,0,0,0,0,6,1,0,0,0,0,0,1.0,1.0,1.0,0.0,0.0,0.16666666666666666,3,0,0
2429,42,21,21,14,9,3,16,7,3,0,4,0,0,0,0,0,0,0,0,1,0,0,0,1.0,1.0,1.0,0.10526315789473684,0.10526315789473684,0.0,3,4,0
2430,42,21,21,14,9,3,16,7,3,0,4,0,0,0,0,0,0,0,0,0,0,0,0,1.0,1.0,1.0,0.0,0.0,0.0,3,0,0
2431,42,21,21,14,9,3,16,7,3,0,4,0,0,0,0,0,0,0,0,0,0,0,0,1.0,1.0,1.0,0.0,0.0,0.0,3,0,0
2432,42,21,21,11,12,3,16,7,3,0,4,0,0,0,0,0,0,0,0,0,0,0,0,1.0,1.0,1.0,0.0,0.0,0.0,3,0,0
2433,42,21,21,11,12,3,16,7,3,0,4,0,0,0,0,0,0,0,0,0,0,0,0,1.0,1.0,1.0,0.0,0.0,0.0,3,0,0
2434,42,21,21,11,12,3,16,7,3,0,3,0,0,0,0,0,0,0,0,0,0,0,0,1.0,1.0,1.0,0.0,0.0,0.0,3,0,0
2435,42,21,21,11,12,3,16,7,3,0,3,0,0,0,0,0,2,0,0,0,0,0,0,1.0,1.0,1.0,0.0,0.0,0.0,3,0,0
2436,42,21,21,11,12,3,16,7,4,0,3,0,0,0,0,0,5,1,0,0,0,0,0,1.0,1.0,1.0,0.0,0.0,0.2,3,0,0
2437,42,21,21,11,12,3,16,7,4,0,3,0,0,0,0,0,0,0,0,0,0,0,0,1.0,1.0,1.0,0.0,0.0,0.0,3,0,0
2438,42,21,21,11,12,3,16,7,4,0,3,0,0,0,0,0,0,0,0,0,0,0,0,1.0,1.0,1.0,0.0,0.0,0.0,3,0,0
2439,42,21,21,11,12,3,16,7,4,0,3,0,0,0,0,0,0,0,0,0,0,0,0,1.0,1.0,1.0,0.0,0.0,0.0,3,0,0
2440,41,20,21,11,12,3,15,7,4,0,3,0,0,0,0,0,0,0,0,0,0,0,0,1.0,0.8888888888888888,1.0,0.0,0.0,0.0,3,0,1
2441,44,21,23,11,15,3,15,7,3,0,4,0,0,0,0,0,0,0,0,1,0,0,0,1.0,1.0,1.0,0.07317073170731707,0.07317073170731707,0.0,3,3,0
2442,44,21,23,11,15,3,15,7,3,0,4,0,0,0,0,0,0,0,0,0,0,0,0,1.0,1.0,1.0,0.0,0.0,0.0,3,0,0
2443,46,22,24,10,19,3,14,6,2,0,4,0,0,0,0,0,0,0,0,1,0,0,0,1.0,1.0,0.8571428571428572,0.06818181818181818,0.06818181818181818,0.0,3,3,1
2444,45,22,23,10,18,3,14,6,2,0,4,0,0,0,0,0,0,0,0,0,1,0,1,0.9655172413793104,1.0,1.0,0.0,0.0,0.0,3,0,1
2445,45,22,23,10,18,3,14,6,2,0,3,0,0,0,0,0,0,0,0,0,0,0,0,1.0,1.0,1.0,0.0,0.0,0.0,3,0,0
2446,45,22,23,10,18,3,14,6,3,0,3,0,0,0,0,0,1,1,0,0,0,0,0,1.0,1.0,1.0,0.0,0.0,1.0,3,0,0
2447,45,22,23,10,18,3,14,6,3,0,3,0,0,0,0,0,0,0,0,0,0,0,0,1.0,1.0,1.0,0.0,0.0,0.0,3,0,0
2448,45,22,23,10,18,3,14,6,3,0,3,0,0,0,0,0,0,0,0,0,0,0,0,1.0,1.0,1.0,0.0,0.0,0.0,3,0,0
2449,45,22,23,10,18,3,14,6,3,0,3,0,0,0,0,0,0,0,0,0,0,0,0,1.0,1.0,1.0,0.0,0.0,0.0,3,0,0
2450,45,22,23,10,18,3,14,6,3,0,3,0,0,0,0,0,0,0,0,0,0,0,0,1.0,1.0,1.0,0.0,0.0,0.0,3,0,0
2451,45,22,23,10,18,3,14,6,3,0,3,0,0,0,0,0,0,0,0,0,0,0,0,1.0,1.0,1.0,0.0,0.0,0.0,3,0,0
2452,45,22,23,10,18,3,14,6,3,0,3,0,0,0,0,0,0,0,0,0,0,0,0,1.0,1.0,1.0,0.0,0.0,0.0,3,0,0
2453,45,22,23,10,18,3,14,6,3,0,3,0,0,0,0,0,0,0,0,0,0,0,0,1.0,1.0,1.0,0.0,0.0,0.0,3,0,0
2454,44,21,23,10,17,3,14,6,3,0,3,0,0,0,0,0,0,0,0,0,1,0,1,0.9642857142857143,1.0,1.0,0.0,0.0,0.0,3,0,1
2455,44,21,23,10,17,3,14,6,3,0,3,0,0,0,0,0,0,0,0,0,0,0,0,1.0,1.0,1.0,0.0,0.0,0.0,3,0,0
2456,44,21,23,10,17,3,14,6,3,0,3,0,0,0,0,0,0,0,0,0,0,0,0,1.0,1.0,1.0,0.0,0.0,0.0,3,0,0
2457,44,21,23,10,17,2,15,7,4,0,3,0,0,0,0,0,3,1,0,0,0,0,0,1.0,1.0,1.0,0.0,0.0,0.3333333333333333,3,0,0
2458,44,21,23,10,17,2,15,7,4,0,3,0,0,0,0,0,0,0,0,0,0,0,0,1.0,1.0,1.0,0.0,0.0,0.0,3,0,0
2459,44,21,23,10,17,2,15,7,4,0,3,0,0,0,0,0,0,0,0,0,0,0,0,1.0,1.0,1.0,0.0,0.0,0.0,3,0,0
2460,44,21,23,10,17,2,15,7,4,0,3,0,0,0,0,0,0,0,0,0,0,0,0,1.0,1.0,1.0,0.0,0.0,0.0,3,0,0
2461,44,21,23,10,17,2,15,7,4,0,3,0,0,0,0,0,0,0,0,0,0,0,0,1.0,1.0,1.0,0.0,0.0,0.0,3,0,0
2462,43,21,22,10,16,2,15,7,4,0,3,0,0,0,0,0,0,0,0,0,1,0,1,0.962962962962963,1.0,1.0,0.0,0.0,0.0,3,0,1
2463,43,21,22,10,16,2,15,7,4,0,3,0,0,0,0,0,0,0,0,0,0,0,0,1.0,1.0,1.0,0.0,0.0,0.0,3,0,0
2464,42,20,22,10,15,1,16,7,4,0,3,0,0,1,0,0,0,0,0,0,1,0,1,0.9615384615384616,1.0,1.0,0.0,0.0,0.0,3,0,1
2465,38,17,21,8,15,1,14,7,4,0,3,0,0,3,1,0,0,0,0,0,2,0,4,0.92,0.7777777777777778,1.0,0.0,0.0,0.0,3,0,4
2466,36,17,19,7,14,1,14,7,4,0,3,0,0,0,2,0,0,0,0,0,2,1,2,0.9130434782608696,1.0,1.0,0.0,0.0,0.0,3,0,2
2467,36,17,19,7,14,1,14,7,4,0,3,0,0,0,0,0,0,0,0,0,0,3,0,1.0,1.0,1.0,0.0,0.0,0.0,3,0,0
2468,35,16,19,7,14,1,13,7,4,0,3,0,0,1,0,0,0,0,0,0,0,0,1,1.0,0.8571428571428572,1.0,0.0,0.0,0.0,3,0,1
2469,34,16,18,7,13,1,13,7,4,0,3,0,0,0,1,0,0,0,0,0,1,2,1,0.9523809523809523,1.0,1.0,0.0,0.0,0.0,3,0,1
2470,34,16,18,7,12,2,13,7,4,0,3,0,0,0,0,0,0,0,0,0,0,0,0,1.0,1.0,1.0,0.0,0.0,0.0,3,0,0
2471,34,16,18,7,9,5,13,7,4,0,3,0,0,0,0,0,0,0,0,0,0,0,0,1.0,1.0,1.0,0.0,0.0,0.0,3,0,0
2472,34,16,18,4,12,5,13,7,4,0,3,0,0,0,0,0,0,0,0,0,0,0,0,1.0,1.0,1.0,0.0,0.0,0.0,3,0,0
2473,34,16,18,4,10,7,13,7,4,0,3,0,0,0,0,0,0,0,0,0,0,0,0,1.0,1.0,1.0,0.0,0.0,0.0,3,0,0
2474,34,16,18,4,10,7,13,7,4,0,2,0,0,0,0,0,0,0,0,0,0,0,0,1.0,1.0,1.0,0.0,0.0,0.0,3,0,0
2475,34,16,18,4,10,7,13,7,5,0,2,0,0,0,0,0,2,1,0,0,0,0,0,1.0,1.0,1.0,0.0,0.0,0.5,3,0,0
2476,34,16,18,4,10,7,13,7,5,0,2,0,0,0,0,0,0,0,0,0,0,0,0,1.0,1.0,1.0,0.0,0.0,0.0,3,0,0
2477,34,16,18,4,10,7,13,7,5,0,2,0,0,0,0,0,0,0,0,0,0,0,0,1.0,1.0,1.0,0.0,0.0,0.0,3,0,0
2478,34,16,18,4,10,7,13,7,5,0,2,0,0,0,0,0,0,0,0,0,0,0,0,1.0,1.0,1.0,0.0,0.0,0.0,3,0,0
2479,33,15,18,3,10,7,13,7,5,0,2,0,0,0,0,0,0,0,0,0,1,0,1,0.9285714285714286,1.0,1.0,0.0,0.0,0.0,3,0,1
2480,33,15,18,3,10,7,13,7,5,0,2,0,0,0,0,0,0,0,0,0,0,0,0,1.0,1.0,1.0,0.0,0.0,0.0,3,0,0
2481,33,15,18,3,10,7,13,7,5,0,2,0,0,0,0,0,0,0,0,0,0,0,0,1.0,1.0,1.0,0.0,0.0,0.0,3,0,0
2482,33,15,18,3,10,7,13,7,5,0,2,0,0,0,0,0,0,0,0,0,0,0,0,1.0,1.0,1.0,0.0,0.0,0.0,3,0,0
2483,33,15,18,3,10,7,13,7,5,0,2,0,0,0,0,0,0,0,0,0,0,0,0,1.0,1.0,1.0,0.0,0.0,0.0,3,0,0
2484,33,15,18,1,12,7,13,7,5,0,2,0,0,0,0,0,0,0,0,0,0,0,0,1.0,1.0,1.0,0.0,0.0,0.0,3,0,0
2485,33,15,18,1,12,7,13,7,5,0,2,0,0,0,0,0,0,0,0,0,0,0,0,1.0,1.0,1.0,0.0,0.0,0.0,3,0,0
2486,33,15,18,0,13,7,13,7,5,0,1,0,0,0,0,0,0,0,0,0,0,0,0,1.0,1.0,1.0,0.0,0.0,0.0,3,0,0
2487,32,15,17,0,13,7,12,6,5,0,0,0,0,0,0,0,8,0,0,0,0,0,0,1.0,1.0,0.8571428571428572,0.0,0.0,0.0,3,0,1
2488,32,15,17,0,13,7,12,6,5,0,0,0,0,0,0,0,2,0,0,0,0,0,0,1.0,1.0,1.0,0.0,0.0,0.0,3,0,0
2489,32,15,17,0,13,7,12,6,6,0,0,0,0,0,0,0,4,1,0,0,0,0,0,1.0,1.0,1.0,0.0,0.0,0.25,3,0,0
2490,32,15,17,0,13,7,12,6,6,0,0,0,0,0,0,0,0,0,0,0,0,0,0,1.0,1.0,1.0,0.0,0.0,0.0,3,0,0
2491,32,15,17,0,13,7,12,6,6,0,0,0,0,0,0,0,0,0,0,0,0,0,0,1.0,1.0,1.0,0.0,0.0,0.0,3,0,0
2492,32,15,17,0,13,7,12,6,6,0,0,0,0,0,0,0,0,0,0,0,0,0,0,1.0,1.0,1.0,0.0,0.0,0.0,3,0,0
2493,36,18,18,4,13,7,12,6,5,0,1,0,0,0,0,0,0,0,0,1,0,0,0,1.0,1.0,1.0,0.125,0.125,0.0,3,4,0
2494,36,18,18,4,13,7,12,6,5,0,1,0,0,0,0,0,0,0,0,0,0,0,0,1.0,1.0,1.0,0.0,0.0,0.0,3,0,0
2495,36,18,18,4,13,7,12,6,5,0,1,0,0,0,0,0,0,0,0,0,0,0,0,1.0,1.0,1.0,0.0,0.0,0.0,3,0,0
2496,36,18,18,4,13,7,12,6,5,0,1,0,0,0,0,0,0,0,0,0,0,0,0,1.0,1.0,1.0,0.0,0.0,0.0,3,0,0
2497,36,18,18,4,13,7,12,6,5,0,1,0,0,0,0,0,0,0,0,0,0,0,0,1.0,1.0,1.0,0.0,0.0,0.0,3,0,0
2498,36,18,18,4,13,7,12,6,5,0,1,0,0,0,0,0,0,0,0,0,0,0,0,1.0,1.0,1.0,0.0,0.0,0.0,3,0,0
2499,36,18,18,4,13,7,12,6,5,0,1,0,0,0,0,0,0,0,0,0,0,0,0,1.0,1.0,1.0,0.0,0.0,0.0,3,0,0
2500,35,17,18,4,13,6,12,6,5,0,1,0,0,0,0,0,0,0,0,0,0,0,0,1.0,1.0,1.0,0.0,0.0,0.0,3,0,1
2501,38,20,18,7,13,6,12,6,4,0,2,0,0,0,0,0,0,0,0,1,0,0,0,1.0,1.0,1.0,0.08571428571428572,0.08571428571428572,0.0,3,3,0
2502,38,20,18,7,13,6,12,6,4,0,2,0,0,0,0,0,0,0,0,0,0,0,0,1.0,1.0,1.0,0.0,0.0,0.0,3,0,0
2503,38,20,18,7,13,6,12,6,4,0,2,0,0,0,0,0,0,0,0,0,0,0,0,1.0,1.0,1.0,0.0,0.0,0.0,3,0,0
2504,38,20,18,7,13,6,12,6,4,0,2,0,0,0,0,0,0,0,0,0,0,0,0,1.0,1.0,1.0,0.0,0.0,0.0,3,0,0
2505,38,20,18,7,13,6,12,6,4,0,2,0,0,0,0,0,0,0,0,0,0,0,0,1.0,1.0,1.0,0.0,0.0,0.0,3,0,0
2506,38,20,18,7,13,6,12,6,4,0,2,0,0,0,0,0,0,0,0,0,0,0,0,1.0,1.0,1.0,0.0,0.0,0.0,3,0,0
2507,38,20,18,7,13,6,12,6,4,0,2,0,0,0,0,0,0,0,0,0,0,0,0,1.0,1.0,1.0,0.0,0.0,0.0,3,0,0
2508,38,20,18,7,13,6,12,6,4,0,2,0,0,0,0,0,0,0,0,0,0,0,0,1.0,1.0,1.0,0.0,0.0,0.0,3,0,0
2509,38,20,18,7,13,6,12,6,4,0,2,0,0,0,0,0,0,0,0,0,0,0,0,1.0,1.0,1.0,0.0,0.0,0.0,3,0,0
2510,38,20,18,7,13,6,12,6,4,0,2,0,0,0,0,0,0,0,0,0,0,0,0,1.0,1.0,1.0,0.0,0.0,0.0,3,0,0
2511,41,22,19,10,13,5,13,7,3,0,3,0,0,0,0,0,0,0,0,1,0,0,0,1.0,1.0,1.0,0.07894736842105263,0.07894736842105263,0.0,3,3,0
2512,41,22,19,10,13,5,13,7,3,0,3,0,0,0,0,0,0,0,0,0,0,0,0,1.0,1.0,1.0,0.0,0.0,0.0,3,0,0
2513,41,22,19,10,13,5,13,7,3,0,3,0,0,0,0,0,0,0,0,0,0,0,0,1.0,1.0,1.0,0.0,0.0,0.0,3,0,0
2514,41,22,19,10,13,5,13,7,3,0,3,0,0,0,0,0,0,0,0,0,0,0,0,1.0,1.0,1.0,0.0,0.0,0.0,3,0,0
2515,41,22,19,10,13,5,13,7,3,0,3,0,0,0,0,0,0,0,0,0,0,0,0,1.0,1.0,1.0,0.0,0.0,0.0,3,0,0
2516,41,22,19,10,13,5,13,7,3,0,3,0,0,0,0,0,0,0,0,0,0,0,0,1.0,1.0,1.0,0.0,0.0,0.0,3,0,0
2517,41,22,19,10,13,5,13,7,3,0,3,0,0,0,0,0,0,0,0,0,0,0,0,1.0,1.0,1.0,0.0,0.0,0.0,3,0,0
2518,41,22,19,10,13,5,13,7,3,0,3,0,0,0,0,0,0,0,0,0,0,0,0,1.0,1.0,1.0,0.0,0.0,0.0,3,0,0
2519,41,22,19,10,13,5,13,7,3,0,3,0,0,0,0,0,0,0,0,0,0,0,0,1.0,1.0,1.0,0.0,0.0,0.0,3,0,0
2520,41,22,19,10,13,5,13,7,3,0,3,0,0,0,0,0,0,0,0,0,0,0,0,1.0,1.0,1.0,0.0,0.0,0.0,3,0,0
2521,41,22,19,10,13,5,13,7,3,0,3,0,0,0,0,0,0,0,0,0,0,0,0,1.0,1.0,1.0,0.0,0.0,0.0,3,0,0
2522,45,25,20,14,13,5,13,7,2,0,4,0,0,0,0,0,0,0,0,1,0,0,0,1.0,1.0,1.0,0.0975609756097561,0.0975609756097561,0.0,3,4,0
2523,45,25,20,14,13,4,14,8,2,0,4,0,0,0,0,0,0,0,0,0,0,0,0,1.0,1.0,1.0,0.0,0.0,0.0,3,0,0
2524,45,25,20,14,13,4,14,8,2,0,4,0,0,0,0,0,0,0,0,0,0,0,0,1.0,1.0,1.0,0.0,0.0,0.0,3,0,0
2525,45,25,20,14,13,4,14,8,2,0,4,0,0,0,0,0,0,0,0,0,0,0,0,1.0,1.0,1.0,0.0,0.0,0.0,3,0,0
2526,45,25,20,14,13,4,14,8,2,0,4,0,0,0,0,0,0,0,0,0,0,0,0,1.0,1.0,1.0,0.0,0.0,0.0,3,0,0
2527,45,25,20,14,13,4,14,8,2,0,4,0,0,0,0,0,0,0,0,0,0,0,0,1.0,1.0,1.0,0.0,0.0,0.0,3,0,0
2528,45,25,20,14,13,4,14,8,2,0,4,0,0,0,0,0,0,0,0,0,0,0,0,1.0,1.0,1.0,0.0,0.0,0.0,3,0,0
2529,45,25,20,14,13,4,14,8,2,0,4,0,0,0,0,0,0,0,0,0,0,0,0,1.0,1.0,1.0,0.0,0.0,0.0,3,0,0
2530,44,25,19,13,13,4,14,8,2,0,4,0,0,0,0,0,0,0,0,0,1,0,1,0.962962962962963,1.0,1.0,0.0,0.0,0.0,3,0,1
2531,44,25,19,13,13,4,14,8,2,0,4,0,0,0,0,0,0,0,0,0,0,0,0,1.0,1.0,1.0,0.0,0.0,0.0,3,0,0
2532,43,25,18,13,12,4,14,8,2,0,4,0,0,0,0,0,0,0,0,0,1,0,1,0.9615384615384616,1.0,1.0,0.0,0.0,0.0,3,0,1
2533,43,25,18,13,12,4,14,8,2,0,4,0,0,0,0,0,0,0,0,0,0,0,0,1.0,1.0,1.0,0.0,0.0,0.0,3,0,0
2534,43,25,18,13,12,4,14,8,2,0,4,0,0,0,0,0,0,0,0,0,0,0,0,1.0,1.0,1.0,0.0,0.0,0.0,3,0,0
2535,43,25,18,13,12,4,14,8,2,0,4,0,0,0,0,0,0,0,0,0,0,0,0,1.0,1.0,1.0,0.0,0.0,0.0,3,0,0
2536,43,25,18,10,15,4,14,8,2,0,4,0,0,0,0,0,0,0,0,0,0,0,0,1.0,1.0,1.0,0.0,0.0,0.0,3,0,0
2537,43,25,18,10,15,4,14,8,2,0,4,0,0,0,0,0,0,0,0,0,0,0,0,1.0,1.0,1.0,0.0,0.0,0.0,3,0,0
2538,43,25,18,10,15,4,14,8,2,0,3,0,0,0,0,0,0,0,0,0,0,0,0,1.0,1.0,1.0,0.0,0.0,0.0,3,0,0
2539,43,25,18,10,15,4,14,8,2,0,3,0,0,0,0,0,0,0,0,0,0,0,0,1.0,1.0,1.0,0.0,0.0,0.0,3,0,0
2540,46,26,20,13,15,4,14,8,1,0,4,0,0,0,0,0,0,0,0,1,0,0,0,1.0,1.0,1.0,0.06976744186046512,0.06976744186046512,0.0,3,3,0
2541,46,26,20,13,15,4,14,8,1,0,4,0,0,0,0,0,0,0,0,0,0,0,0,1.0,1.0,1.0,0.0,0.0,0.0,3,0,0
2542,46,26,20,13,15,4,14,8,1,0,4,0,0,0,0,0,0,0,0,0,0,0,0,1.0,1.0,1.0,0.0,0.0,0.0,3,0,0
2543,46,26,20,13,15,4,14,8,1,0,4,0,0,0,0,0,0,0,0,0,0,0,0,1.0,1.0,1.0,0.0,0.0,0.0,3,0,0
2544,46,26,20,10,18,4,14,8,1,0,4,0,0,0,0,0,0,0,0,0,0,0,0,1.0,1.0,1.0,0.0,0.0,0.0,3,0,0
2545,46,26,20,10,18,4,14,8,1,0,4,0,0,0,0,0,0,0,0,0,0,0,0,1.0,1.0,1.0,0.0,0.0,0.0,3,0,0
2546,46,26,20,10,18,4,14,8,1,0,3,0,0,0,0,0,0,0,0,0,0,0,0,1.0,1.0,1.0,0.0,0.0,0.0,3,0,0
2547,46,26,20,10,18,4,14,8,1,0,3,0,0,0,0,0,0,0,0,0,0,0,0,1.0,1.0,1.0,0.0,0.0,0.0,3,0,0
2548,46,26,20,10,18,4,14,8,1,0,3,0,0,0,0,0,0,0,0,0,0,0,0,1.0,1.0,1.0,0.0,0.0,0.0,3,0,0
2549,46,26,20,10,18,4,14,8,1,0,3,0,0,0,0,0,0,0,0,0,0,0,0,1.0,1.0,1.0,0.0,0.0,0.0,3,0,0
2550,46,26,20,10,18,3,15,9,1,0,3,0,0,0,0,0,0,0,0,0,0,0,0,1.0,1.0,1.0,0.0,0.0,0.0,3,0,0
2551,46,26,20,10,18,3,15,9,1,0,3,0,0,0,0,0,0,0,0,0,0,0,0,1.0,1.0,1.0,0.0,0.0,0.0,3,0,0
2552,45,26,19,10,17,3,15,9,1,0,3,0,0,0,0,0,0,0,0,0,1,0,1,0.9642857142857143,1.0,1.0,0.0,0.0,0.0,3,0,1
2553,45,26,19,10,17,3,15,9,1,0,3,0,0,0,0,0,0,0,0,0,0,0,0,1.0,1.0,1.0,0.0,0.0,0.0,3,0,0
2554,48,28,20,10,20,3,15,9,0,0,4,0,0,0,0,0,0,0,0,1,0,0,0,1.0,1.0,1.0,0.06666666666666667,0.06666666666666667,0.0,3,3,0
2555,45,25,20,10,19,2,14,9,0,0,4,0,0,3,0,0,0,0,0,0,1,0,3,0.9666666666666667,0.8333333333333334,1.0,0.0,0.0,0.0,3,0,3
2556,45,25,20,10,19,2,14,9,0,0,3,0,0,0,0,0,0,0,0,0,0,0,0,1.0,1.0,1.0,0.0,0.0,0.0,3,0,0
2557,41,22,19,9,16,2,14,9,0,0,3,0,0,2,1,0,0,0,0,0,4,0,4,0.8620689655172413,1.0,1.0,0.0,0.0,0.0,3,0,4
2558,39,22,17,9,15,2,13,8,0,0,3,0,0,0,2,0,0,0,0,0,1,0,2,0.96,1.0,0.8888888888888888,0.0,0.0,0.0,3,0,2
2559,36,21,15,9,14,2,11,7,0,0,2,0,0,1,2,0,0,0,0,0,1,0,3,0.9583333333333334,0.8,0.875,0.0,0.0,0.0,3,0,3
2560,33,19,14,9,11,2,11,7,0,0,2,0,0,2,1,0,0,0,0,0,3,0,3,0.8695652173913043,1.0,1.0,0.0,0.0,0.0,3,0,3
2561,31,19,12,8,11,1,11,7,0,0,2,0,0,0,2,0,0,0,0,0,1,0,2,0.95,1.0,1.0,0.0,0.0,0.0,3,0,2
2562,30,18,12,8,10,1,11,7,0,0,2,0,0,0,0,0,0,0,0,0,1,0,1,0.9473684210526316,1.0,1.0,0.0,0.0,0.0,3,0,1
2563,30,18,12,8,10,1,11,7,0,0,2,0,0,0,0,0,0,0,0,0,0,0,0,1.0,1.0,1.0,0.0,0.0,0.0,3,0,0
2564,30,18,12,8,10,1,11,7,0,0,2,0,0,0,0,0,0,0,0,0,0,0,0,1.0,1.0,1.0,0.0,0.0,0.0,3,0,0
2565,30,18,12,5,13,1,11,7,0,0,2,0,0,0,0,0,0,0,0,0,0,0,0,1.0,1.0,1.0,0.0,0.0,0.0,3,0,0
2566,30,18,12,5,13,1,11,7,0,0,2,0,0,0,0,0,0,0,0,0,0,0,0,1.0,1.0,1.0,0.0,0.0,0.0,3,0,0
2567,29,17,12,5,12,1,11,7,0,0,1,0,0,0,0,0,0,0,0,0,1,0,1,0.9444444444444444,1.0,1.0,0.0,0.0,0.0,3,0,1
2568,29,17,12,5,12,1,11,7,0,0,1,0,0,0,0,0,0,0,0,0,0,0,0,1.0,1.0,1.0,0.0,0.0,0.0,3,0,0
2569,29,17,12,5,12,1,11,7,0,0,1,0,0,0,0,0,0,0,0,0,0,2,0,1.0,1.0,1.0,0.0,0.0,0.0,3,0,0
2570,29,17,12,5,12,1,11,7,0,0,1,0,0,0,0,0,0,0,0,0,0,0,0,1.0,1.0,1.0,0.0,0.0,0.0,3,0,0
2571,29,17,12,5,12,1,11,7,0,0,1,0,0,0,0,0,0,0,0,0,0,0,0,1.0,1.0,1.0,0.0,0.0,0.0,3,0,0
2572,29,17,12,5,12,1,11,7,0,0,1,0,0,0,0,0,0,0,0,0,0,0,0,1.0,1.0,1.0,0.0,0.0,0.0,3,0,0
2573,29,17,12,5,10,3,11,7,0,0,1,0,0,0,0,0,0,0,0,0,0,0,0,1.0,1.0,1.0,0.0,0.0,0.0,3,0,0
2574,29,17,12,5,10,3,11,7,0,0,1,0,0,0,0,0,0,0,0,0,0,0,0,1.0,1.0,1.0,0.0,0.0,0.0,3,0,0
2575,29,17,12,5,10,3,11,7,0,0,1,0,0,0,0,0,0,0,0,0,0,0,0,1.0,1.0,1.0,0.0,0.0,0.0,3,0,0
2576,29,17,12,5,10,3,11,7,0,0,1,0,0,0,0,0,0,0,0,0,0,0,0,1.0,1.0,1.0,0.0,0.0,0.0,3,0,0
2577,29,17,12,5,10,3,11,7,0,0,1,0,0,0,0,0,0,0,0,0,0,0,0,1.0,1.0,1.0,0.0,0.0,0.0,3,0,0
2578,29,17,12,5,10,3,11,7,0,0,1,0,0,0,0,0,0,0,0,0,0,1,0,1.0,1.0,1.0,0.0,0.0,0.0,3,0,0
2579,29,17,12,5,10,3,11,7,0,0,1,0,0,0,0,0,0,0,0,0,0,0,0,1.0,1.0,1.0,0.0,0.0,0.0,3,0,0
2580,29,17,12,5,10,3,11,7,0,0,1,0,0,0,0,0,0,0,0,0,0,1,0,1.0,1.0,1.0,0.0,0.0,0.0,3,0,0
2581,29,17,12,5,10,3,11,7,0,0,1,0,0,0,0,0,0,0,0,0,0,0,0,1.0,1.0,1.0,0.0,0.0,0.0,3,0,0
2582,29,17,12,5,9,4,11,7,0,0,1,0,0,0,0,0,0,0,0,0,0,0,0,1.0,1.0,1.0,0.0,0.0,0.0,3,0,0
2583,29,17,12,3,11,4,11,7,0,0,1,0,0,0,0,0,0,0,0,0,0,0,0,1.0,1.0,1.0,0.0,0.0,0.0,3,0,0
2584,29,17,12,3,10,5,11,7,0,0,1,0,0,0,0,0,0,0,0,0,0,0,0,1.0,1.0,1.0,0.0,0.0,0.0,3,0,0
2585,29,17,12,3,10,5,11,7,0,1,1,0,0,0,0,0,8,0,1,0,0,0,0,1.0,1.0,1.0,0.0,0.0,0.0,3,0,0
2586,29,17,12,3,10,5,11,7,2,2,1,0,0,0,0,0,18,2,1,0,0,0,0,1.0,1.0,1.0,0.0,0.0,0.1111111111111111,3,0,0
2587,29,17,12,3,10,5,11,7,3,3,1,0,0,0,0,0,8,1,1,0,0,0,0,1.0,1.0,1.0,0.0,0.0,0.125,3,0,0
2588,29,17,12,3,10,5,11,7,3,3,1,0,0,0,0,0,0,0,0,0,0,0,0,1.0,1.0,1.0,0.0,0.0,0.0,3,0,0
2589,29,17,12,3,10,5,11,7,3,3,1,0,0,0,0,0,0,0,0,0,0,0,0,1.0,1.0,1.0,0.0,0.0,0.0,3,0,0
2590,28,16,12,2,10,5,11,7,3,3,1,0,0,0,0,0,0,0,0,0,1,0,1,0.9230769230769231,1.0,1.0,0.0,0.0,0.0,3,0,1
2591,28,16,12,2,10,5,11,7,3,3,1,0,0,0,0,0,0,0,0,0,0,0,0,1.0,1.0,1.0,0.0,0.0,0.0,3,0,0
2592,28,16,12,2,10,5,11,7,3,3,1,0,0,0,0,0,0,0,0,0,0,0,0,1.0,1.0,1.0,0.0,0.0,0.0,3,0,0
2593,28,16,12,2,10,5,11,7,3,3,1,0,0,0,0,0,0,0,0,0,0,0,0,1.0,1.0,1.0,0.0,0.0,0.0,3,0,0
2594,28,16,12,2,10,5,11,7,3,3,1,0,0,0,0,0,0,0,0,0,0,0,0,1.0,1.0,1.0,0.0,0.0,0.0,3,0,0
2595,28,16,12,2,10,5,11,7,3,3,1,0,0,0,0,0,0,0,0,0,0,0,0,1.0,1.0,1.0,0.0,0.0,0.0,3,0,0
2596,28,16,12,2,10,5,11,7,3,3,1,0,0,0,0,0,0,0,0,0,0,0,0,1.0,1.0,1.0,0.0,0.0,0.0,3,0,0
2597,28,16,12,0,12,5,11,7,3,3,1,0,0,0,0,0,0,0,0,0,0,0,0,1.0,1.0,1.0,0.0,0.0,0.0,3,0,0
2598,28,16,12,0,12,5,11,7,3,3,1,0,0,0,0,0,0,0,0,0,0,0,0,1.0,1.0,1.0,0.0,0.0,0.0,3,0,0
2599,28,16,12,0,12,5,11,7,3,3,0,0,0,0,0,0,0,0,0,0,0,0,0,1.0,1.0,1.0,0.0,0.0,0.0,3,0,0
2600,28,16,12,0,12,5,11,7,4,3,0,0,0,0,0,0,7,1,0,0,0,0,0,1.0,1.0,1.0,0.0,0.0,0.14285714285714285,3,0,0
2601,28,16,12,0,12,5,11,7,4,3,0,0,0,0,0,0,0,0,0,0,0,0,0,1.0,1.0,1.0,0.0,0.0,0.0,3,0,0
2602,28,16,12,0,12,5,11,7,4,3,0,0,0,0,0,0,0,0,0,0,0,0,0,1.0,1.0,1.0,0.0,0.0,0.0,3,0,0
2603,28,16,12,0,12,5,11,7,4,3,0,0,0,0,0,0,0,0,0,0,0,0,0,1.0,1.0,1.0,0.0,0.0,0.0,3,0,0
2604,28,16,12,0,12,5,11,7,4,3,0,0,0,0,0,0,0,0,0,0,0,0,0,1.0,1.0,1.0,0.0,0.0,0.0,3,0,0
2605,28,16,12,0,12,5,11,7,4,3,0,0,0,0,0,0,0,0,0,0,0,0,0,1.0,1.0,1.0,0.0,0.0,0.0,3,0,0
2606,28,16,12,0,12,5,11,7,4,3,0,0,0,0,0,0,0,0,0,0,0,0,0,1.0,1.0,1.0,0.0,0.0,0.0,3,0,0
2607,28,16,12,0,12,5,11,7,4,3,0,0,0,0,0,0,0,0,0,0,0,0,0,1.0,1.0,1.0,0.0,0.0,0.0,3,0,0
2608,28,16,12,0,12,4,12,7,4,3,0,0,0,0,0,0,0,0,0,0,0,0,0,1.0,1.0,1.0,0.0,0.0,0.0,3,0,0
2609,28,16,12,0,12,4,12,7,4,3,0,0,0,0,0,0,0,0,0,0,0,2,0,1.0,1.0,1.0,0.0,0.0,0.0,3,0,0
2610,28,16,12,0,12,4,12,7,4,3,0,0,0,0,0,0,0,0,0,0,0,0,0,1.0,1.0,1.0,0.0,0.0,0.0,3,0,0
2611,28,16,12,0,12,4,12,7,4,3,0,0,0,0,0,0,0,0,0,0,0,0,0,1.0,1.0,1.0,0.0,0.0,0.0,3,0,0
2612,28,16,12,0,12,4,12,7,4,3,0,0,0,0,0,0,0,0,0,0,0,0,0,1.0,1.0,1.0,0.0,0.0,0.0,3,0,0
2613,27,16,11,0,10,6,11,6,4,2,0,0,0,0,0,0,0,0,0,0,0,0,0,1.0,1.0,0.8571428571428572,0.0,0.0,0.0,3,0,1
2614,27,16,11,0,10,6,11,6,4,2,0,0,0,0,0,0,0,0,0,0,0,0,0,1.0,1.0,1.0,0.0,0.0,0.0,3,0,0
2615,27,16,11,0,10,6,11,6,4,2,0,0,0,0,0,0,0,0,0,0,0,0,0,1.0,1.0,1.0,0.0,0.0,0.0,3,0,0
2616,27,16,11,0,10,6,11,6,4,2,0,0,0,0,0,0,0,0,0,0,0,0,0,1.0,1.0,1.0,0.0,0.0,0.0,3,0,0
2617,27,16,11,0,10,6,11,6,4,2,0,0,0,0,0,0,0,0,0,0,0,0,0,1.0,1.0,1.0,0.0,0.0,0.0,3,0,0
2618,27,16,11,0,10,6,11,6,4,2,0,0,0,0,0,0,0,0,0,0,0,0,0,1.0,1.0,1.0,0.0,0.0,0.0,3,0,0
2619,27,16,11,0,10,6,11,6,4,2,0,0,0,0,0,0,0,0,0,0,0,0,0,1.0,1.0,1.0,0.0,0.0,0.0,3,0,0
2620,27,16,11,0,10,6,11,6,4,2,0,0,0,0,0,0,0,0,0,0,0,0,0,1.0,1.0,1.0,0.0,0.0,0.0,3,0,0
2621,27,16,11,0,10,6,11,6,4,2,0,0,0,0,0,0,0,0,0,0,0,0,0,1.0,1.0,1.0,0.0,0.0,0.0,3,0,0
2622,27,16,11,0,10,6,11,6,4,2,0,0,0,0,0,0,0,0,0,0,0,0,0,1.0,1.0,1.0,0.0,0.0,0.0,3,0,0
2623,27,16,11,0,10,6,11,6,4,2,0,0,0,0,0,0,0,0,0,0,0,1,0,1.0,1.0,1.0,0.0,0.0,0.0,3,0,0
2624,27,16,11,0,10,6,11,6,4,2,0,0,0,0,0,0,0,0,0,0,0,0,0,1.0,1.0,1.0,0.0,0.0,0.0,3,0,0
2625,27,16,11,0,10,6,11,6,4,2,0,0,0,0,0,0,0,0,0,0,0,0,0,1.0,1.0,1.0,0.0,0.0,0.0,3,0,0
2626,27,16,11,0,10,6,11,6,4,2,0,0,0,0,0,0,0,0,0,0,0,0,0,1.0,1.0,1.0,0.0,0.0,0.0,3,0,0
2627,27,16,11,0,9,7,11,6,4,2,0,0,0,0,0,0,0,0,0,0,0,0,0,1.0,1.0,1.0,0.0,0.0,0.0,3,0,0
2628,27,16,11,0,9,7,11,6,4,2,0,0,0,0,0,0,0,0,0,0,0,0,0,1.0,1.0,1.0,0.0,0.0,0.0,3,0,0
2629,27,16,11,0,9,7,11,6,4,2,0,0,0,0,0,0,0,0,0,0,0,0,0,1.0,1.0,1.0,0.0,0.0,0.0,3,0,0
2630,27,16,11,0,9,7,11,6,4,1,0,0,0,0,0,0,0,0,0,0,0,0,0,1.0,1.0,1.0,0.0,0.0,0.0,3,0,0
2631,27,16,11,0,9,7,11,6,4,0,0,0,0,0,0,0,1,0,0,0,0,0,0,1.0,1.0,1.0,0.0,0.0,0.0,3,0,0
2632,27,16,11,0,9,7,11,6,4,0,0,0,0,0,0,0,5,0,0,0,0,0,0,1.0,1.0,1.0,0.0,0.0,0.0,3,0,0
2633,27,16,11,0,9,7,11,6,5,0,0,0,0,0,0,0,4,1,0,0,0,0,0,1.0,1.0,1.0,0.0,0.0,0.25,3,0,0
2634,27,16,11,0,9,7,11,6,6,0,0,0,0,0,0,0,4,1,0,0,0,0,0,1.0,1.0,1.0,0.0,0.0,0.25,3,0,0
2635,27,16,11,0,9,7,11,6,6,0,0,0,0,0,0,0,0,0,0,0,0,0,0,1.0,1.0,1.0,0.0,0.0,0.0,3,0,0
2636,27,16,11,0,9,7,11,6,6,0,0,0,0,0,0,0,0,0,0,0,0,0,0,1.0,1.0,1.0,0.0,0.0,0.0,3,0,0
2637,27,16,11,0,9,7,11,6,6,0,0,0,0,0,0,0,0,0,0,0,0,0,0,1.0,1.0,1.0,0.0,0.0,0.0,3,0,0
2638,27,16,11,0,9,7,11,6,6,0,0,0,0,0,0,0,0,0,0,0,0,0,0,1.0,1.0,1.0,0.0,0.0,0.0,3,0,0
2639,27,16,11,0,9,7,11,6,6,0,0,0,0,0,0,0,0,0,0,0,0,0,0,1.0,1.0,1.0,0.0,0.0,0.0,3,0,0
2640,27,16,11,0,9,7,11,6,6,0,0,0,0,0,0,0,0,0,0,0,0,0,0,1.0,1.0,1.0,0.0,0.0,0.0,3,0,0
2641,27,16,11,0,9,7,11,6,6,0,0,0,0,0,0,0,0,0,0,0,0,0,0,1.0,1.0,1.0,0.0,0.0,0.0,3,0,0
2642,27,16,11,0,9,7,11,6,6,0,0,0,0,0,0,0,0,0,0,0,0,0,0,1.0,1.0,1.0,0.0,0.0,0.0,3,0,0
2643,27,16,11,0,9,7,11,6,6,0,0,0,0,0,0,0,0,0,0,0,0,0,0,1.0,1.0,1.0,0.0,0.0,0.0,3,0,0
2644,27,16,11,0,9,7,11,6,6,0,0,0,0,0,0,0,0,0,0,0,0,0,0,1.0,1.0,1.0,0.0,0.0,0.0,3,0,0
2645,27,16,11,0,9,7,11,6,6,0,0,0,0,0,0,0,0,0,0,0,0,0,0,1.0,1.0,1.0,0.0,0.0,0.0,3,0,0
2646,27,16,11,0,9,7,11,6,6,0,0,0,0,0,0,0,0,0,0,0,0,0,0,1.0,1.0,1.0,0.0,0.0,0.0,3,0,0
2647,26,15,11,0,9,7,10,6,6,0,0,0,0,1,0,0,0,0,0,0,0,0,1,1.0,0.8,1.0,0.0,0.0,0.0,3,0,1
2648,26,15,11,0,9,7,10,6,6,0,0,0,0,0,0,0,0,0,0,0,0,0,0,1.0,1.0,1.0,0.0,0.0,0.0,3,0,0
2649,26,15,11,0,9,7,10,6,6,0,0,0,0,0,0,0,0,0,0,0,0,0,0,1.0,1.0,1.0,0.0,0.0,0.0,3,0,0
2650,25,15,10,0,8,7,10,6,6,0,0,0,0,0,1,0,0,0,0,0,1,0,1,0.8888888888888888,1.0,1.0,0.0,0.0,0.0,3,0,1
2651,33,19,14,8,8,7,10,6,4,0,2,0,0,0,0,0,0,0,0,2,0,0,0,1.0,1.0,1.0,0.32,0.32,0.0,3,8,0
2652,34,18,16,11,7,7,9,6,3,0,3,0,0,2,0,0,0,0,0,1,1,0,2,0.9375,0.75,1.0,0.09090909090909091,0.09090909090909091,0.0,3,3,2
2653,34,18,16,11,7,7,9,6,3,0,3,0,0,0,0,0,0,0,0,0,0,0,0,1.0,1.0,1.0,0.0,0.0,0.0,3,0,0
2654,34,18,16,11,7,7,9,6,3,0,3,0,0,0,0,0,0,0,0,0,0,0,0,1.0,1.0,1.0,0.0,0.0,0.0,3,0,0
2655,34,18,16,11,7,7,9,6,3,0,3,0,0,0,0,0,0,0,0,0,0,0,0,1.0,1.0,1.0,0.0,0.0,0.0,3,0,0
2656,34,18,16,11,7,7,9,6,3,0,3,0,0,0,0,0,0,0,0,0,0,0,0,1.0,1.0,1.0,0.0,0.0,0.0,3,0,0
2657,34,18,16,11,7,7,9,6,3,0,3,0,0,0,0,0,0,0,0,0,0,0,0,1.0,1.0,1.0,0.0,0.0,0.0,3,0,0
2658,34,18,16,11,7,7,9,6,3,0,3,0,0,0,0,0,0,0,0,0,0,0,0,1.0,1.0,1.0,0.0,0.0,0.0,3,0,0
2659,34,18,16,11,7,7,9,6,3,0,3,0,0,0,0,0,0,0,0,0,0,0,0,1.0,1.0,1.0,0.0,0.0,0.0,3,0,0
2660,34,18,16,11,7,7,9,6,3,0,3,0,0,0,0,0,0,0,0,0,0,0,0,1.0,1.0,1.0,0.0,0.0,0.0,3,0,0
2661,34,18,16,11,7,7,9,6,3,0,3,0,0,0,0,0,0,0,0,0,0,0,0,1.0,1.0,1.0,0.0,0.0,0.0,3,0,0
2662,34,18,16,11,7,7,9,6,3,0,3,0,0,0,0,0,0,0,0,0,0,0,0,1.0,1.0,1.0,0.0,0.0,0.0,3,0,0
2663,34,18,16,11,7,7,9,6,3,0,3,0,0,0,0,0,0,0,0,0,0,0,0,1.0,1.0,1.0,0.0,0.0,0.0,3,0,0
2664,34,18,16,11,7,7,9,6,3,0,3,0,0,0,0,0,0,0,0,0,0,0,0,1.0,1.0,1.0,0.0,0.0,0.0,3,0,0
2665,38,20,18,15,7,7,9,6,2,0,4,0,0,0,0,0,0,0,0,1,0,0,0,1.0,1.0,1.0,0.11764705882352941,0.11764705882352941,0.0,3,4,0
2666,37,19,18,15,6,7,9,6,2,0,4,0,0,0,0,0,0,0,0,0,1,0,1,0.9545454545454546,1.0,1.0,0.0,0.0,0.0,3,0,1
2667,37,19,18,15,6,7,9,6,2,0,4,0,0,0,0,0,0,0,0,0,0,0,0,1.0,1.0,1.0,0.0,0.0,0.0,3,0,0
2668,37,19,18,15,6,7,9,6,2,0,4,0,0,0,0,0,0,0,0,0,0,0,0,1.0,1.0,1.0,0.0,0.0,0.0,3,0,0
2669,37,19,18,15,6,7,9,6,2,0,4,0,0,0,0,0,0,0,0,0,0,0,0,1.0,1.0,1.0,0.0,0.0,0.0,3,0,0
2670,37,19,18,15,6,7,9,6,2,0,4,0,0,0,0,0,0,0,0,0,0,0,0,1.0,1.0,1.0,0.0,0.0,0.0,3,0,0
2671,37,19,18,15,6,7,9,6,2,0,4,0,0,0,0,0,0,0,0,0,0,0,0,1.0,1.0,1.0,0.0,0.0,0.0,3,0,0
2672,37,19,18,15,6,7,9,6,2,0,4,0,0,0,0,0,0,0,0,0,0,0,0,1.0,1.0,1.0,0.0,0.0,0.0,3,0,0
2673,37,19,18,15,6,7,9,6,2,0,4,0,0,0,0,0,0,0,0,0,0,2,0,1.0,1.0,1.0,0.0,0.0,0.0,3,0,0
2674,37,19,18,15,6,7,9,6,2,0,4,0,0,0,0,0,0,0,0,0,0,0,0,1.0,1.0,1.0,0.0,0.0,0.0,3,0,0
2675,37,19,18,15,6,7,9,6,2,0,4,0,0,0,0,0,0,0,0,0,0,0,0,1.0,1.0,1.0,0.0,0.0,0.0,3,0,0
2676,37,19,18,15,6,7,9,6,2,0,4,0,0,0,0,0,0,0,0,0,0,0,0,1.0,1.0,1.0,0.0,0.0,0.0,3,0,0
2677,37,19,18,15,4,9,9,6,2,0,4,0,0,0,0,0,0,0,0,0,0,0,0,1.0,1.0,1.0,0.0,0.0,0.0,3,0,0
2678,37,19,18,15,4,9,9,6,2,0,4,0,0,0,0,0,0,0,0,0,0,0,0,1.0,1.0,1.0,0.0,0.0,0.0,3,0,0
2679,37,19,18,15,4,9,9,6,2,0,4,0,0,0,0,0,0,0,0,0,0,0,0,1.0,1.0,1.0,0.0,0.0,0.0,3,0,0
2680,37,19,18,15,4,9,9,6,2,0,4,0,0,0,0,0,0,0,0,0,0,0,0,1.0,1.0,1.0,0.0,0.0,0.0,3,0,0
2681,37,19,18,15,4,9,9,6,2,0,4,0,0,0,0,0,0,0,0,0,0,0,0,1.0,1.0,1.0,0.0,0.0,0.0,3,0,0
2682,37,19,18,15,4,9,9,6,2,0,4,0,0,0,0,0,0,0,0,0,0,0,0,1.0,1.0,1.0,0.0,0.0,0.0,3,0,0
2683,37,19,18,15,4,9,9,6,2,0,4,0,0,0,0,0,0,0,0,0,0,0,0,1.0,1.0,1.0,0.0,0.0,0.0,3,0,0
2684,37,19,18,15,4,9,9,6,2,0,4,0,0,0,0,0,0,0,0,0,0,0,0,1.0,1.0,1.0,0.0,0.0,0.0,3,0,0
2685,37,19,18,15,4,9,9,6,2,0,4,0,0,0,0,0,0,0,0,0,0,0,0,1.0,1.0,1.0,0.0,0.0,0.0,3,0,0
2686,37,19,18,15,4,9,9,6,2,0,4,0,0,0,0,0,0,0,0,0,0,0,0,1.0,1.0,1.0,0.0,0.0,0.0,3,0,0
2687,37,19,18,15,4,9,9,6,2,0,4,0,0,0,0,0,0,0,0,0,0,0,0,1.0,1.0,1.0,0.0,0.0,0.0,3,0,0
2688,36,19,17,14,4,9,9,6,2,0,4,0,0,0,0,0,0,0,0,0,1,0,1,0.9473684210526316,1.0,1.0,0.0,0.0,0.0,3,0,1
2689,36,19,17,14,4,9,9,6,2,0,4,0,0,0,0,0,0,0,0,0,0,0,0,1.0,1.0,1.0,0.0,0.0,0.0,3,0,0
2690,36,19,17,14,4,9,9,6,2,0,4,0,0,0,0,0,0,0,0,0,0,0,0,1.0,1.0,1.0,0.0,0.0,0.0,3,0,0
2691,36,19,17,14,4,9,9,6,2,0,4,0,0,0,0,0,0,0,0,0,0,0,0,1.0,1.0,1.0,0.0,0.0,0.0,3,0,0
2692,36,19,17,14,4,9,9,6,2,0,4,0,0,0,0,0,0,0,0,0,0,0,0,1.0,1.0,1.0,0.0,0.0,0.0,3,0,0
2693,36,19,17,14,4,9,9,6,2,0,4,0,0,0,0,0,0,0,0,0,0,0,0,1.0,1.0,1.0,0.0,0.0,0.0,3,0,0
2694,36,19,17,7,11,9,9,6,2,0,4,0,0,0,0,0,0,0,0,0,0,0,0,1.0,1.0,1.0,0.0,0.0,0.0,3,0,0
2695,36,19,17,4,14,9,9,6,2,0,4,0,0,0,0,0,0,0,0,0,0,0,0,1.0,1.0,1.0,0.0,0.0,0.0,3,0,0
2696,36,19,17,4,14,9,9,6,2,0,2,0,0,0,0,0,0,0,0,0,0,0,0,1.0,1.0,1.0,0.0,0.0,0.0,3,0,0
2697,36,19,17,4,14,9,9,6,3,0,1,0,0,0,0,0,4,1,0,0,0,0,0,1.0,1.0,1.0,0.0,0.0,0.25,3,0,0
2698,40,23,17,8,14,9,9,6,2,0,2,0,0,0,0,0,1,0,0,1,0,0,0,1.0,1.0,1.0,0.1111111111111111,0.1111111111111111,0.0,3,4,0
2699,43,24,19,11,14,9,9,6,2,0,3,0,0,0,0,0,5,1,0,1,0,0,0,1.0,1.0,1.0,0.075,0.075,0.2,3,3,0
2700,43,24,19,11,14,9,9,6,3,0,3,0,0,0,0,0,6,1,0,0,0,0,0,1.0,1.0,1.0,0.0,0.0,0.16666666666666666,3,0,0
2701,42,23,19,10,14,9,9,6,3,0,3,0,0,0,0,0,0,0,0,0,1,0,1,0.96,1.0,1.0,0.0,0.0,0.0,3,0,1
2702,41,22,19,10,14,8,9,6,3,0,3,0,0,0,0,0,0,0,0,0,0,1,0,1.0,1.0,1.0,0.0,0.0,0.0,3,0,1
2703,41,22,19,10,14,8,9,6,3,0,3,0,0,0,0,0,0,0,0,0,0,0,0,1.0,1.0,1.0,0.0,0.0,0.0,3,0,0
2704,41,22,19,10,14,8,9,6,3,0,3,0,0,0,0,0,0,0,0,0,0,0,0,1.0,1.0,1.0,0.0,0.0,0.0,3,0,0
2705,41,22,19,10,14,8,9,6,3,0,3,0,0,0,0,0,0,0,0,0,0,0,0,1.0,1.0,1.0,0.0,0.0,0.0,3,0,0
2706,41,22,19,10,13,9,9,6,3,0,3,0,0,0,0,0,0,0,0,0,0,0,0,1.0,1.0,1.0,0.0,0.0,0.0,3,0,0
2707,41,22,19,10,13,9,9,6,3,0,3,0,0,0,0,0,0,0,0,0,0,0,0,1.0,1.0,1.0,0.0,0.0,0.0,3,0,0
2708,41,22,19,7,16,8,10,6,3,0,3,0,0,0,0,0,0,0,0,0,0,0,0,1.0,1.0,1.0,0.0,0.0,0.0,3,0,0
2709,41,22,19,7,16,8,10,6,3,0,3,0,0,0,0,0,0,0,0,0,0,0,0,1.0,1.0,1.0,0.0,0.0,0.0,3,0,0
2710,41,22,19,7,16,8,10,6,3,0,2,0,0,0,0,0,0,0,0,0,0,0,0,1.0,1.0,1.0,0.0,0.0,0.0,3,0,0
2711,40,21,19,7,15,8,10,6,3,0,2,0,0,0,0,0,8,0,0,0,1,0,1,0.9565217391304348,1.0,1.0,0.0,0.0,0.0,3,0,1
2712,40,21,19,7,15,8,10,6,4,0,2,0,0,0,0,0,8,1,0,0,0,0,0,1.0,1.0,1.0,0.0,0.0,0.125,3,0,0
2713,40,21,19,7,15,8,10,6,4,0,2,0,0,0,0,0,0,0,0,0,0,0,0,1.0,1.0,1.0,0.0,0.0,0.0,3,0,0
2714,40,21,19,7,15,8,10,6,4,0,2,0,0,0,0,0,0,0,0,0,0,0,0,1.0,1.0,1.0,0.0,0.0,0.0,3,0,0
2715,40,21,19,7,15,8,10,6,4,0,2,0,0,0,0,0,0,0,0,0,0,0,0,1.0,1.0,1.0,0.0,0.0,0.0,3,0,0
2716,40,21,19,7,15,8,10,6,4,0,2,0,0,0,0,0,0,0,0,0,0,0,0,1.0,1.0,1.0,0.0,0.0,0.0,3,0,0
2717,40,21,19,7,15,7,11,6,4,0,2,0,0,0,0,0,0,0,0,0,0,0,0,1.0,1.0,1.0,0.0,0.0,0.0,3,0,0
2718,40,21,19,7,15,7,11,6,4,0,2,0,0,0,0,0,0,0,0,0,0,0,0,1.0,1.0,1.0,0.0,0.0,0.0,3,0,0
2719,40,21,19,7,15,5,13,7,5,0,2,0,0,0,0,0,7,1,0,0,0,0,0,1.0,1.0,1.0,0.0,0.0,0.14285714285714285,3,0,0
2720,39,20,19,7,14,5,13,7,5,0,2,0,0,0,0,0,0,0,0,0,1,2,1,0.9545454545454546,1.0,1.0,0.0,0.0,0.0,3,0,1
2721,39,20,19,7,14,5,13,7,5,0,2,0,0,0,0,0,0,0,0,0,0,0,0,1.0,1.0,1.0,0.0,0.0,0.0,3,0,0
2722,39,20,19,7,14,5,13,7,5,0,2,0,0,0,0,0,0,0,0,0,0,0,0,1.0,1.0,1.0,0.0,0.0,0.0,3,0,0
2723,39,20,19,7,14,5,13,7,5,0,2,0,0,0,0,0,0,0,0,0,0,0,0,1.0,1.0,1.0,0.0,0.0,0.0,3,0,0
2724,39,20,19,7,12,7,13,7,5,0,2,0,0,0,0,0,0,0,0,0,0,0,0,1.0,1.0,1.0,0.0,0.0,0.0,3,0,0
2725,39,20,19,7,12,7,13,7,5,0,2,0,0,0,0,0,0,0,0,0,0,0,0,1.0,1.0,1.0,0.0,0.0,0.0,3,0,0
2726,39,20,19,7,12,7,13,7,5,0,2,0,0,0,0,0,0,0,0,0,0,0,0,1.0,1.0,1.0,0.0,0.0,0.0,3,0,0
2727,38,19,19,6,12,7,13,7,5,0,2,0,0,0,0,0,0,0,0,0,1,0,1,0.9473684210526316,1.0,1.0,0.0,0.0,0.0,3,0,1
2728,38,19,19,6,12,7,13,7,5,0,2,0,0,0,0,0,0,0,0,0,0,0,0,1.0,1.0,1.0,0.0,0.0,0.0,3,0,0
2729,38,19,19,6,12,7,13,7,5,0,2,0,0,0,0,0,0,0,0,0,0,0,0,1.0,1.0,1.0,0.0,0.0,0.0,3,0,0
2730,38,19,19,6,12,7,13,7,5,0,2,0,0,0,0,0,0,0,0,0,0,0,0,1.0,1.0,1.0,0.0,0.0,0.0,3,0,0
2731,38,19,19,6,12,7,13,7,5,0,2,0,0,0,0,0,0,0,0,0,0,0,0,1.0,1.0,1.0,0.0,0.0,0.0,3,0,0
2732,38,19,19,6,12,7,13,7,5,0,2,0,0,0,0,0,0,0,0,0,0,0,0,1.0,1.0,1.0,0.0,0.0,0.0,3,0,0
2733,38,19,19,6,12,7,13,7,5,0,2,0,0,0,0,0,0,0,0,0,0,0,0,1.0,1.0,1.0,0.0,0.0,0.0,3,0,0
2734,38,19,19,6,12,7,13,7,5,0,2,0,0,0,0,0,0,0,0,0,0,0,0,1.0,1.0,1.0,0.0,0.0,0.0,3,0,0
2735,38,19,19,6,12,7,13,7,5,0,2,0,0,0,0,0,0,0,0,0,0,0,0,1.0,1.0,1.0,0.0,0.0,0.0,3,0,0
2736,38,19,19,6,12,7,13,7,5,0,2,0,0,0,0,0,0,0,0,0,0,0,0,1.0,1.0,1.0,0.0,0.0,0.0,3,0,0
2737,38,19,19,6,12,7,13,7,5,0,2,0,0,0,0,0,0,0,0,0,0,0,0,1.0,1.0,1.0,0.0,0.0,0.0,3,0,0
2738,38,19,19,6,12,7,13,7,5,0,2,0,0,0,0,0,0,0,0,0,0,0,0,1.0,1.0,1.0,0.0,0.0,0.0,3,0,0
2739,36,18,18,6,10,7,13,7,5,0,2,0,0,1,1,0,0,0,0,0,2,0,2,0.8888888888888888,1.0,1.0,0.0,0.0,0.0,3,0,2
2740,35,18,17,6,9,7,13,7,5,0,2,0,0,0,1,0,0,0,0,0,1,0,1,0.9375,1.0,1.0,0.0,0.0,0.0,3,0,1
2741,34,18,16,3,11,7,13,7,5,0,2,0,0,0,1,0,0,0,0,0,1,0,1,0.9333333333333333,1.0,1.0,0.0,0.0,0.0,3,0,1
2742,33,18,15,0,14,7,12,6,5,0,1,0,0,0,1,0,0,0,0,0,0,0,1,1.0,1.0,0.8571428571428572,0.0,0.0,0.0,3,0,1
2743,31,16,15,0,13,6,12,6,5,0,0,0,0,2,0,0,0,0,0,0,1,0,2,0.9285714285714286,1.0,1.0,0.0,0.0,0.0,3,0,2
2744,30,16,14,0,13,6,11,5,5,0,0,0,0,0,1,0,6,1,0,0,0,0,1,1.0,1.0,0.8333333333333334,0.0,0.0,0.16666666666666666,3,0,1
2745,30,16,14,0,13,6,11,5,5,0,0,0,0,0,0,0,0,0,0,0,0,0,0,1.0,1.0,1.0,0.0,0.0,0.0,3,0,0
2746,30,16,14,0,13,6,11,5,5,0,0,0,0,0,0,0,0,0,0,0,0,0,0,1.0,1.0,1.0,0.0,0.0,0.0,3,0,0
2747,30,16,14,0,13,6,11,5,5,0,0,0,0,0,0,0,0,0,0,0,0,0,0,1.0,1.0,1.0,0.0,0.0,0.0,3,0,0
2748,30,16,14,0,13,6,11,5,5,0,0,0,0,0,0,0,0,0,0,0,0,0,0,1.0,1.0,1.0,0.0,0.0,0.0,3,0,0
2749,30,16,14,0,13,6,11,5,5,0,0,0,0,0,0,0,0,0,0,0,0,0,0,1.0,1.0,1.0,0.0,0.0,0.0,3,0,0
2750,30,16,14,0,13,6,11,5,5,0,0,0,0,0,0,0,0,0,0,0,0,0,0,1.0,1.0,1.0,0.0,0.0,0.0,3,0,0
2751,30,16,14,0,13,6,11,5,5,0,0,0,0,0,0,0,0,0,0,0,0,0,0,1.0,1.0,1.0,0.0,0.0,0.0,3,0,0
2752,30,16,14,0,13,6,11,5,5,0,0,0,0,0,0,0,0,0,0,0,0,0,0,1.0,1.0,1.0,0.0,0.0,0.0,3,0,0
2753,30,16,14,0,13,6,11,5,5,0,0,0,0,0,0,0,0,0,0,0,0,0,0,1.0,1.0,1.0,0.0,0.0,0.0,3,0,0
2754,30,16,14,0,13,6,11,5,5,0,0,0,0,0,0,0,0,0,0,0,0,0,0,1.0,1.0,1.0,0.0,0.0,0.0,3,0,0
2755,30,16,14,0,13,6,11,5,5,0,0,0,0,0,0,0,0,0,0,0,0,0,0,1.0,1.0,1.0,0.0,0.0,0.0,3,0,0
2756,30,16,14,0,13,6,11,5,5,0,0,0,0,0,0,0,0,0,0,0,0,0,0,1.0,1.0,1.0,0.0,0.0,0.0,3,0,0
2757,29,15,14,0,13,6,10,5,5,0,0,0,0,0,0,0,0,0,0,0,0,0,0,1.0,0.8333333333333334,1.0,0.0,0.0,0.0,3,0,1
2758,29,15,14,0,13,6,10,5,5,0,0,0,0,0,0,0,0,0,0,0,0,0,0,1.0,1.0,1.0,0.0,0.0,0.0,3,0,0
2759,29,15,14,0,13,6,10,5,5,0,0,0,0,0,0,0,0,0,0,0,0,0,0,1.0,1.0,1.0,0.0,0.0,0.0,3,0,0
2760,29,15,14,0,13,6,10,5,5,0,0,0,0,0,0,0,0,0,0,0,0,0,0,1.0,1.0,1.0,0.0,0.0,0.0,3,0,0
2761,29,15,14,0,13,6,10,5,5,0,0,0,0,0,0,0,0,0,0,0,0,0,0,1.0,1.0,1.0,0.0,0.0,0.0,3,0,0
2762,33,17,16,4,13,6,10,5,4,0,1,0,0,0,0,0,0,0,0,1,0,0,0,1.0,1.0,1.0,0.13793103448275862,0.13793103448275862,0.0,3,4,0
2763,33,17,16,4,13,6,10,5,4,0,1,0,0,0,0,0,0,0,0,0,0,0,0,1.0,1.0,1.0,0.0,0.0,0.0,3,0,0
2764,37,20,17,8,13,6,10,5,3,0,2,0,0,0,0,0,0,0,0,1,0,0,0,1.0,1.0,1.0,0.12121212121212122,0.12121212121212122,0.0,3,4,0
2765,40,22,18,11,13,6,10,5,2,0,3,0,0,0,0,0,0,0,0,1,0,0,0,1.0,1.0,1.0,0.08108108108108109,0.08108108108108109,0.0,3,3,0
2766,39,21,18,11,12,6,10,5,2,0,3,0,0,0,0,0,0,0,0,0,1,0,1,0.9583333333333334,1.0,1.0,0.0,0.0,0.0,3,0,1
2767,39,21,18,11,12,6,10,5,2,0,3,0,0,0,0,0,0,0,0,0,0,0,0,1.0,1.0,1.0,0.0,0.0,0.0,3,0,0
2768,39,21,18,11,12,6,10,5,2,0,3,0,0,0,0,0,0,0,0,0,0,0,0,1.0,1.0,1.0,0.0,0.0,0.0,3,0,0
2769,39,21,18,11,12,6,10,5,2,0,3,0,0,0,0,0,0,0,0,0,0,0,0,1.0,1.0,1.0,0.0,0.0,0.0,3,0,0
2770,39,21,18,11,12,6,10,5,2,0,3,0,0,0,0,0,0,0,0,0,0,0,0,1.0,1.0,1.0,0.0,0.0,0.0,3,0,0
2771,39,21,18,11,12,6,10,5,2,0,3,0,0,0,0,0,0,0,0,0,0,0,0,1.0,1.0,1.0,0.0,0.0,0.0,3,0,0
2772,39,21,18,11,12,6,10,5,2,0,3,0,0,0,0,0,0,0,0,0,0,0,0,1.0,1.0,1.0,0.0,0.0,0.0,3,0,0
2773,39,21,18,11,12,6,10,5,2,0,3,0,0,0,0,0,0,0,0,0,0,0,0,1.0,1.0,1.0,0.0,0.0,0.0,3,0,0
2774,39,21,18,11,12,6,10,5,2,0,3,0,0,0,0,0,0,0,0,0,0,0,0,1.0,1.0,1.0,0.0,0.0,0.0,3,0,0
2775,39,21,18,11,12,6,10,5,2,0,3,0,0,0,0,0,0,0,0,0,0,0,0,1.0,1.0,1.0,0.0,0.0,0.0,3,0,0
2776,39,21,18,11,12,5,11,6,2,0,3,0,0,0,0,0,0,0,0,0,0,0,0,1.0,1.0,1.0,0.0,0.0,0.0,3,0,0
2777,39,21,18,11,12,5,11,6,2,0,3,0,0,0,0,0,0,0,0,0,0,0,0,1.0,1.0,1.0,0.0,0.0,0.0,3,0,0
2778,39,21,18,11,12,5,11,6,2,0,3,0,0,0,0,0,0,0,0,0,0,0,0,1.0,1.0,1.0,0.0,0.0,0.0,3,0,0
2779,37,20,17,11,10,5,11,6,2,0,3,0,0,0,0,0,0,0,0,0,2,0,2,0.9130434782608696,1.0,1.0,0.0,0.0,0.0,3,0,2
2780,37,20,17,11,10,5,11,6,3,0,3,0,0,0,0,0,5,1,0,0,0,0,0,1.0,1.0,1.0,0.0,0.0,0.2,3,0,0
2781,37,20,17,11,10,5,11,6,3,0,3,0,0,0,0,0,0,0,0,0,0,0,0,1.0,1.0,1.0,0.0,0.0,0.0,3,0,0
2782,37,20,17,11,10,5,11,6,3,0,3,0,0,0,0,0,0,0,0,0,0,0,0,1.0,1.0,1.0,0.0,0.0,0.0,3,0,0
2783,37,20,17,11,10,5,11,6,3,0,3,0,0,0,0,0,0,0,0,0,0,0,0,1.0,1.0,1.0,0.0,0.0,0.0,3,0,0
2784,41,22,19,15,10,5,11,6,2,0,4,0,0,0,0,0,0,0,0,1,0,0,0,1.0,1.0,1.0,0.10810810810810811,0.10810810810810811,0.0,3,4,0
2785,41,22,19,15,10,5,11,6,2,0,4,0,0,0,0,0,0,0,0,0,0,0,0,1.0,1.0,1.0,0.0,0.0,0.0,3,0,0
2786,41,22,19,15,10,5,11,6,2,0,4,0,0,0,0,0,0,0,0,0,0,0,0,1.0,1.0,1.0,0.0,0.0,0.0,3,0,0
2787,41,22,19,15,10,5,11,6,2,0,4,0,0,0,0,0,0,0,0,0,0,0,0,1.0,1.0,1.0,0.0,0.0,0.0,3,0,0
2788,41,22,19,15,10,5,11,6,2,0,4,0,0,0,0,0,0,0,0,0,0,0,0,1.0,1.0,1.0,0.0,0.0,0.0,3,0,0
2789,41,22,19,15,10,5,11,6,2,0,4,0,0,0,0,0,0,0,0,0,0,0,0,1.0,1.0,1.0,0.0,0.0,0.0,3,0,0
2790,41,22,19,15,10,5,11,6,2,0,4,0,0,0,0,0,0,0,0,0,0,0,0,1.0,1.0,1.0,0.0,0.0,0.0,3,0,0
2791,41,22,19,15,10,5,11,6,2,0,4,0,0,0,0,0,0,0,0,0,0,0,0,1.0,1.0,1.0,0.0,0.0,0.0,3,0,0
2792,41,22,19,15,10,5,11,6,2,0,4,0,0,0,0,0,0,0,0,0,0,0,0,1.0,1.0,1.0,0.0,0.0,0.0,3,0,0
2793,40,22,18,14,10,5,11,6,2,0,4,0,0,0,0,0,0,0,0,0,1,0,1,0.96,1.0,1.0,0.0,0.0,0.0,3,0,1
2794,40,22,18,14,10,5,11,6,2,0,4,0,0,0,0,0,0,0,0,0,0,0,0,1.0,1.0,1.0,0.0,0.0,0.0,3,0,0
2795,40,22,18,14,10,5,11,6,2,0,4,0,0,0,0,0,0,0,0,0,0,0,0,1.0,1.0,1.0,0.0,0.0,0.0,3,0,0
2796,40,22,18,14,10,5,11,6,2,0,4,0,0,0,0,0,0,0,0,0,0,0,0,1.0,1.0,1.0,0.0,0.0,0.0,3,0,0
2797,39,22,17,14,9,5,11,6,2,0,4,0,0,0,0,0,0,0,0,0,1,0,1,0.9583333333333334,1.0,1.0,0.0,0.0,0.0,3,0,1
2798,39,22,17,14,9,5,11,6,2,0,4,0,0,0,0,0,0,0,0,0,0,0,0,1.0,1.0,1.0,0.0,0.0,0.0,3,0,0
2799,39,22,17,14,9,5,11,6,2,0,4,0,0,0,0,0,0,0,0,0,0,0,0,1.0,1.0,1.0,0.0,0.0,0.0,3,0,0
2800,39,22,17,14,9,5,11,6,2,0,4,0,0,0,0,0,0,0,0,0,0,0,0,1.0,1.0,1.0,0.0,0.0,0.0,3,0,0
2801,39,22,17,14,9,5,11,6,2,0,4,0,0,0,0,0,0,0,0,0,0,0,0,1.0,1.0,1.0,0.0,0.0,0.0,3,0,0
2802,39,22,17,14,9,5,11,6,2,0,4,0,0,0,0,0,0,0,0,0,0,0,0,1.0,1.0,1.0,0.0,0.0,0.0,3,0,0
2803,39,22,17,14,9,5,11,6,2,0,4,0,0,0,0,0,0,0,0,0,0,0,0,1.0,1.0,1.0,0.0,0.0,0.0,3,0,0
2804,38,21,17,14,9,4,11,6,2,0,4,0,0,0,0,0,0,0,0,0,0,0,0,1.0,1.0,1.0,0.0,0.0,0.0,3,0,1
2805,38,21,17,10,13,4,11,6,2,0,4,0,0,0,0,0,0,0,0,0,0,0,0,1.0,1.0,1.0,0.0,0.0,0.0,3,0,0
2806,38,21,17,10,13,4,11,6,2,0,4,0,0,0,0,0,0,0,0,0,0,0,0,1.0,1.0,1.0,0.0,0.0,0.0,3,0,0
2807,38,21,17,6,17,4,11,6,2,0,3,0,0,0,0,0,0,0,0,0,0,0,0,1.0,1.0,1.0,0.0,0.0,0.0,3,0,0
2808,38,21,17,3,20,4,11,6,3,0,3,0,0,0,0,0,6,1,0,0,0,0,0,1.0,1.0,1.0,0.0,0.0,0.16666666666666666,3,0,0
2809,41,23,18,6,20,4,11,6,2,0,3,0,0,0,0,0,0,0,0,1,0,0,0,1.0,1.0,1.0,0.07894736842105263,0.07894736842105263,0.0,3,3,0
2810,41,23,18,6,20,3,12,7,2,1,2,0,0,0,0,0,8,0,1,0,0,0,0,1.0,1.0,1.0,0.0,0.0,0.0,3,0,0
2811,41,23,18,6,20,3,12,7,3,1,2,0,0,0,0,0,8,1,0,0,0,0,0,1.0,1.0,1.0,0.0,0.0,0.125,3,0,0
2812,41,23,18,6,20,2,13,7,4,1,2,0,0,0,0,0,1,1,0,0,0,0,0,1.0,1.0,1.0,0.0,0.0,1.0,3,0,0
2813,41,23,18,6,20,2,13,7,4,1,2,0,0,0,0,0,0,0,0,0,0,0,0,1.0,1.0,1.0,0.0,0.0,0.0,3,0,0
2814,41,23,18,6,20,2,13,7,4,1,2,0,0,0,0,0,0,0,0,0,0,0,0,1.0,1.0,1.0,0.0,0.0,0.0,3,0,0
2815,41,23,18,6,20,2,13,7,4,1,2,0,0,0,0,0,0,0,0,0,0,0,0,1.0,1.0,1.0,0.0,0.0,0.0,3,0,0
2816,41,23,18,6,20,2,13,7,4,1,2,0,0,0,0,0,0,0,0,0,0,0,0,1.0,1.0,1.0,0.0,0.0,0.0,3,0,0
2817,41,23,18,6,20,2,13,7,4,1,2,0,0,0,0,0,0,0,0,0,0,0,0,1.0,1.0,1.0,0.0,0.0,0.0,3,0,0
2818,40,23,17,6,20,2,12,6,3,1,2,0,0,0,0,0,0,0,0,0,0,0,0,1.0,1.0,0.8571428571428572,0.0,0.0,0.0,3,0,1
2819,40,23,17,6,20,2,12,6,3,1,2,0,0,0,0,0,0,0,0,0,0,0,0,1.0,1.0,1.0,0.0,0.0,0.0,3,0,0
2820,40,23,17,6,20,2,12,6,3,1,2,0,0,0,0,0,0,0,0,0,0,0,0,1.0,1.0,1.0,0.0,0.0,0.0,3,0,0
2821,40,23,17,6,20,2,12,6,3,1,2,0,0,0,0,0,0,0,0,0,0,0,0,1.0,1.0,1.0,0.0,0.0,0.0,3,0,0
2822,40,23,17,6,20,2,12,6,3,1,2,0,0,0,0,0,0,0,0,0,0,0,0,1.0,1.0,1.0,0.0,0.0,0.0,3,0,0
2823,40,23,17,6,20,2,12,6,3,1,2,0,0,0,0,0,0,0,0,0,0,0,0,1.0,1.0,1.0,0.0,0.0,0.0,3,0,0
2824,40,23,17,6,20,2,12,6,3,1,2,0,0,0,0,0,0,0,0,0,0,0,0,1.0,1.0,1.0,0.0,0.0,0.0,3,0,0
2825,40,23,17,6,20,2,12,6,3,1,2,0,0,0,0,0,0,0,0,0,0,0,0,1.0,1.0,1.0,0.0,0.0,0.0,3,0,0
2826,40,23,17,6,20,2,12,6,3,1,2,0,0,0,0,0,0,0,0,0,0,0,0,1.0,1.0,1.0,0.0,0.0,0.0,3,0,0
2827,40,23,17,3,23,2,12,6,3,1,2,0,0,0,0,0,0,0,0,0,0,0,0,1.0,1.0,1.0,0.0,0.0,0.0,3,0,0
2828,40,23,17,3,23,2,12,6,3,1,2,0,0,0,0,0,0,0,0,0,0,0,0,1.0,1.0,1.0,0.0,0.0,0.0,3,0,0
2829,38,22,16,3,21,2,12,6,3,1,1,0,0,1,1,0,0,0,0,0,2,0,2,0.9230769230769231,1.0,1.0,0.0,0.0,0.0,3,0,2
2830,36,21,15,3,19,2,12,6,3,1,1,0,0,1,1,0,8,0,0,0,2,0,2,0.9166666666666666,1.0,1.0,0.0,0.0,0.0,3,0,2
2831,35,21,14,3,18,2,12,6,4,1,1,0,0,0,1,0,3,1,0,0,1,2,1,0.9545454545454546,1.0,1.0,0.0,0.0,0.3333333333333333,3,0,1
2832,33,19,14,3,17,2,11,6,4,1,1,0,0,2,0,0,0,0,0,0,1,1,2,0.9523809523809523,0.8333333333333334,1.0,0.0,0.0,0.0,3,0,2
2833,32,18,14,3,16,2,11,6,4,1,1,0,0,1,0,0,0,0,0,0,1,0,1,0.95,1.0,1.0,0.0,0.0,0.0,3,0,1
2834,31,17,14,3,15,2,11,6,4,1,1,0,0,1,0,0,0,0,0,0,1,0,1,0.9473684210526316,1.0,1.0,0.0,0.0,0.0,3,0,1
2835,31,17,14,3,13,4,11,6,4,1,1,0,0,0,0,0,0,0,0,0,0,0,0,1.0,1.0,1.0,0.0,0.0,0.0,3,0,0
2836,31,17,14,3,13,4,11,6,4,1,1,0,0,0,0,0,0,0,0,0,0,0,0,1.0,1.0,1.0,0.0,0.0,0.0,3,0,0
2837,31,17,14,3,13,4,11,6,4,1,1,0,0,0,0,0,0,0,0,0,0,0,0,1.0,1.0,1.0,0.0,0.0,0.0,3,0,0
2838,30,17,13,3,13,3,11,6,4,1,1,0,0,0,0,0,0,0,0,0,0,0,0,1.0,1.0,1.0,0.0,0.0,0.0,3,0,1
2839,30,17,13,3,13,3,11,6,4,1,1,0,0,0,0,0,0,0,0,0,0,0,0,1.0,1.0,1.0,0.0,0.0,0.0,3,0,0
2840,29,16,13,3,12,3,11,6,4,1,1,0,0,0,0,0,0,0,0,0,1,0,1,0.9375,1.0,1.0,0.0,0.0,0.0,3,0,1
2841,29,16,13,3,12,3,11,6,4,1,1,0,0,0,0,0,0,0,0,0,0,0,0,1.0,1.0,1.0,0.0,0.0,0.0,3,0,0
2842,29,16,13,3,12,3,11,6,4,1,1,0,0,0,0,0,0,0,0,0,0,0,0,1.0,1.0,1.0,0.0,0.0,0.0,3,0,0
2843,29,16,13,3,12,3,11,6,4,1,1,0,0,0,0,0,0,0,0,0,0,0,0,1.0,1.0,1.0,0.0,0.0,0.0,3,0,0
2844,29,16,13,3,12,3,11,6,4,1,1,0,0,0,0,0,0,0,0,0,0,0,0,1.0,1.0,1.0,0.0,0.0,0.0,3,0,0
2845,29,16,13,3,12,3,11,6,4,1,1,0,0,0,0,0,0,0,0,0,0,0,0,1.0,1.0,1.0,0.0,0.0,0.0,3,0,0
2846,29,16,13,3,12,3,11,6,4,1,1,0,0,0,0,0,0,0,0,0,0,0,0,1.0,1.0,1.0,0.0,0.0,0.0,3,0,0
2847,29,16,13,3,12,3,11,6,4,1,1,0,0,0,0,0,0,0,0,0,0,0,0,1.0,1.0,1.0,0.0,0.0,0.0,3,0,0
2848,29,16,13,3,12,3,11,6,4,1,1,0,0,0,0,0,0,0,0,0,0,0,0,1.0,1.0,1.0,0.0,0.0,0.0,3,0,0
2849,29,16,13,3,12,3,11,6,4,1,1,0,0,0,0,0,0,0,0,0,0,0,0,1.0,1.0,1.0,0.0,0.0,0.0,3,0,0
2850,29,16,13,3,12,3,11,6,4,1,1,0,0,0,0,0,0,0,0,0,0,0,0,1.0,1.0,1.0,0.0,0.0,0.0,3,0,0
2851,29,16,13,3,12,3,11,6,4,1,1,0,0,0,0,0,0,0,0,0,0,0,0,1.0,1.0,1.0,0.0,0.0,0.0,3,0,0
2852,29,16,13,0,15,3,11,6,4,1,1,0,0,0,0,0,0,0,0,0,0,0,0,1.0,1.0,1.0,0.0,0.0,0.0,3,0,0
2853,29,16,13,0,15,3,11,6,4,1,1,0,0,0,0,0,0,0,0,0,0,0,0,1.0,1.0,1.0,0.0,0.0,0.0,3,0,0
2854,29,16,13,0,15,3,11,6,4,1,0,0,0,0,0,0,0,0,0,0,0,0,0,1.0,1.0,1.0,0.0,0.0,0.0,3,0,0
2855,29,16,13,0,15,3,11,6,4,0,0,0,0,0,0,0,7,0,0,0,0,0,0,1.0,1.0,1.0,0.0,0.0,0.0,3,0,0
2856,29,16,13,0,15,3,11,6,4,0,0,0,0,0,0,0,7,0,0,0,0,0,0,1.0,1.0,1.0,0.0,0.0,0.0,3,0,0
2857,29,16,13,0,15,3,11,6,4,0,0,0,0,0,0,0,7,0,0,0,0,0,0,1.0,1.0,1.0,0.0,0.0,0.0,3,0,0
2858,29,16,13,0,15,3,11,6,4,0,0,0,0,0,0,0,7,0,0,0,0,0,0,1.0,1.0,1.0,0.0,0.0,0.0,3,0,0
2859,29,16,13,0,15,2,12,6,4,0,0,0,0,0,0,0,7,0,0,0,0,0,0,1.0,1.0,1.0,0.0,0.0,0.0,3,0,0
2860,29,16,13,0,15,2,12,6,4,0,0,0,0,0,0,0,7,0,0,0,0,0,0,1.0,1.0,1.0,0.0,0.0,0.0,3,0,0
2861,29,16,13,0,15,2,12,6,4,0,0,0,0,0,0,0,7,0,0,0,0,0,0,1.0,1.0,1.0,0.0,0.0,0.0,3,0,0
2862,29,16,13,0,15,2,12,6,4,0,0,0,0,0,0,0,7,0,0,0,0,0,0,1.0,1.0,1.0,0.0,0.0,0.0,3,0,0
2863,29,16,13,0,15,2,12,6,4,0,0,0,0,0,0,0,7,0,0,0,0,0,0,1.0,1.0,1.0,0.0,0.0,0.0,3,0,0
2864,29,16,13,0,15,2,12,6,4,0,0,0,0,0,0,0,7,0,0,0,0,0,0,1.0,1.0,1.0,0.0,0.0,0.0,3,0,0
2865,29,16,13,0,15,2,12,6,4,0,0,0,0,0,0,0,7,0,0,0,0,0,0,1.0,1.0,1.0,0.0,0.0,0.0,3,0,0
2866,29,16,13,0,15,2,12,6,4,0,0,0,0,0,0,0,7,0,0,0,0,0,0,1.0,1.0,1.0,0.0,0.0,0.0,3,0,0
2867,29,16,13,0,15,2,12,6,4,0,0,0,0,0,0,0,7,0,0,0,0,0,0,1.0,1.0,1.0,0.0,0.0,0.0,3,0,0
2868,29,16,13,0,15,2,12,6,4,0,0,0,0,0,0,0,7,0,0,0,0,0,0,1.0,1.0,1.0,0.0,0.0,0.0,3,0,0
2869,29,16,13,0,15,2,12,6,4,0,0,0,0,0,0,0,7,0,0,0,0,0,0,1.0,1.0,1.0,0.0,0.0,0.0,3,0,0
2870,29,16,13,0,15,2,12,6,4,0,0,0,0,0,0,0,7,0,0,0,0,0,0,1.0,1.0,1.0,0.0,0.0,0.0,3,0,0
2871,29,16,13,0,15,2,12,6,4,0,0,0,0,0,0,0,7,0,0,0,0,0,0,1.0,1.0,1.0,0.0,0.0,0.0,3,0,0
2872,29,16,13,0,15,2,12,6,4,0,0,0,0,0,0,0,7,0,0,0,0,0,0,1.0,1.0,1.0,0.0,0.0,0.0,3,0,0
2873,32,18,14,3,15,2,12,6,3,0,1,0,0,0,0,0,7,0,0,1,0,0,0,1.0,1.0,1.0,0.10344827586206896,0.10344827586206896,0.0,3,3,0
2874,32,18,14,3,15,2,12,6,3,0,1,0,0,0,0,0,7,0,0,0,0,0,0,1.0,1.0,1.0,0.0,0.0,0.0,3,0,0
2875,32,18,14,3,15,2,12,6,3,0,1,0,0,0,0,0,7,0,0,0,0,0,0,1.0,1.0,1.0,0.0,0.0,0.0,3,0,0
2876,36,20,16,7,15,2,12,6,2,0,2,0,0,0,0,0,7,0,0,1,0,0,0,1.0,1.0,1.0,0.125,0.125,0.0,3,4,0
2877,40,23,17,11,15,2,12,6,1,0,3,0,0,0,0,0,7,0,0,1,0,0,0,1.0,1.0,1.0,0.1111111111111111,0.1111111111111111,0.0,3,4,0
2878,40,23,17,11,15,2,12,6,1,0,3,0,0,0,0,0,7,0,0,0,0,2,0,1.0,1.0,1.0,0.0,0.0,0.0,3,0,0
2879,40,23,17,11,15,2,12,6,1,0,3,0,0,0,0,0,7,0,0,0,0,3,0,1.0,1.0,1.0,0.0,0.0,0.0,3,0,0
2880,40,23,17,11,15,2,12,6,1,0,3,0,0,0,0,0,7,0,0,0,0,0,0,1.0,1.0,1.0,0.0,0.0,0.0,3,0,0
2881,40,23,17,11,15,2,12,6,1,0,3,0,0,0,0,0,7,0,0,0,0,0,0,1.0,1.0,1.0,0.0,0.0,0.0,3,0,0
2882,40,23,17,11,13,4,12,6,1,0,3,0,0,0,0,0,7,0,0,0,0,0,0,1.0,1.0,1.0,0.0,0.0,0.0,3,0,0
2883,40,23,17,11,10,7,12,6,1,0,3,0,0,0,0,0,7,0,0,0,0,0,0,1.0,1.0,1.0,0.0,0.0,0.0,3,0,0
2884,40,23,17,11,10,7,12,6,1,0,3,0,0,0,0,0,7,0,0,0,0,0,0,1.0,1.0,1.0,0.0,0.0,0.0,3,0,0
2885,40,23,17,11,10,7,12,6,1,0,3,0,0,0,0,0,7,0,0,0,0,0,0,1.0,1.0,1.0,0.0,0.0,0.0,3,0,0
2886,40,23,17,11,10,7,12,6,1,0,3,0,0,0,0,0,7,0,0,0,0,0,0,1.0,1.0,1.0,0.0,0.0,0.0,3,0,0
2887,40,23,17,11,10,7,12,6,1,0,3,0,0,0,0,0,7,0,0,0,0,0,0,1.0,1.0,1.0,0.0,0.0,0.0,3,0,0
2888,40,23,17,11,10,7,12,6,1,0,3,0,0,0,0,0,7,0,0,0,0,0,0,1.0,1.0,1.0,0.0,0.0,0.0,3,0,0
2889,40,23,17,11,10,7,12,6,1,0,3,0,0,0,0,0,7,0,0,0,0,0,0,1.0,1.0,1.0,0.0,0.0,0.0,3,0,0
2890,40,23,17,11,10,7,12,6,1,0,3,0,0,0,0,0,7,0,0,0,0,0,0,1.0,1.0,1.0,0.0,0.0,0.0,3,0,0
2891,40,23,17,11,10,7,12,6,1,0,3,0,0,0,0,0,7,0,0,0,0,0,0,1.0,1.0,1.0,0.0,0.0,0.0,3,0,0
2892,40,23,17,11,10,7,12,6,1,0,3,0,0,0,0,0,7,0,0,0,0,0,0,1.0,1.0,1.0,0.0,0.0,0.0,3,0,0
2893,40,23,17,11,10,7,12,6,1,0,3,0,0,0,0,0,7,0,0,0,0,0,0,1.0,1.0,1.0,0.0,0.0,0.0,3,0,0
2894,40,23,17,11,10,7,12,6,1,0,3,0,0,0,0,0,7,0,0,0,0,0,0,1.0,1.0,1.0,0.0,0.0,0.0,3,0,0
2895,40,23,17,11,10,7,12,6,1,0,3,0,0,0,0,0,7,0,0,0,0,0,0,1.0,1.0,1.0,0.0,0.0,0.0,3,0,0
2896,43,24,19,14,10,7,12,6,0,0,4,0,0,0,0,0,7,0,0,1,0,0,0,1.0,1.0,1.0,0.075,0.075,0.0,3,3,0
2897,43,24,19,14,10,7,12,6,0,0,4,0,0,0,0,0,7,0,0,0,0,0,0,1.0,1.0,1.0,0.0,0.0,0.0,3,0,0
2898,43,24,19,14,10,7,12,6,0,0,4,0,0,0,0,0,7,0,0,0,0,0,0,1.0,1.0,1.0,0.0,0.0,0.0,3,0,0
2899,43,24,19,14,10,6,13,7,0,0,4,0,0,0,0,0,7,0,0,0,0,0,0,1.0,1.0,1.0,0.0,0.0,0.0,3,0,0
2900,43,24,19,14,10,6,13,7,0,0,4,0,0,0,0,0,7,0,0,0,0,0,0,1.0,1.0,1.0,0.0,0.0,0.0,3,0,0
2901,43,24,19,14,10,6,13,7,0,0,4,0,0,0,0,0,7,0,0,0,0,0,0,1.0,1.0,1.0,0.0,0.0,0.0,3,0,0
2902,43,24,19,14,10,6,13,7,0,0,4,0,0,0,0,0,7,0,0,0,0,0,0,1.0,1.0,1.0,0.0,0.0,0.0,3,0,0
2903,43,24,19,14,10,6,13,7,0,0,4,0,0,0,0,0,7,0,0,0,0,0,0,1.0,1.0,1.0,0.0,0.0,0.0,3,0,0
2904,43,24,19,14,10,6,13,7,0,0,4,0,0,0,0,0,7,0,0,0,0,0,0,1.0,1.0,1.0,0.0,0.0,0.0,3,0,0
2905,43,24,19,14,10,6,13,7,0,0,4,0,0,0,0,0,7,0,0,0,0,0,0,1.0,1.0,1.0,0.0,0.0,0.0,3,0,0
2906,43,24,19,14,10,6,13,7,0,0,4,0,0,0,0,0,7,0,0,0,0,0,0,1.0,1.0,1.0,0.0,0.0,0.0,3,0,0
2907,43,24,19,14,10,6,13,7,0,0,4,0,0,0,0,0,7,0,0,0,0,0,0,1.0,1.0,1.0,0.0,0.0,0.0,3,0,0
2908,43,24,19,14,10,6,13,7,0,0,4,0,0,0,0,0,7,0,0,0,0,0,0,1.0,1.0,1.0,0.0,0.0,0.0,3,0,0
2909,43,24,19,14,10,6,13,7,0,0,4,0,0,0,0,0,7,0,0,0,0,0,0,1.0,1.0,1.0,0.0,0.0,0.0,3,0,0
2910,43,24,19,14,10,6,13,7,0,0,4,0,0,0,0,0,7,0,0,0,0,0,0,1.0,1.0,1.0,0.0,0.0,0.0,3,0,0
2911,43,24,19,14,10,6,13,7,0,0,4,0,0,0,0,0,7,0,0,0,0,0,0,1.0,1.0,1.0,0.0,0.0,0.0,3,0,0
2912,43,24,19,14,10,6,13,7,0,0,4,0,0,0,0,0,7,0,0,0,0,0,0,1.0,1.0,1.0,0.0,0.0,0.0,3,0,0
2913,43,24,19,14,10,6,13,7,0,0,4,0,0,0,0,0,7,0,0,0,0,0,0,1.0,1.0,1.0,0.0,0.0,0.0,3,0,0
2914,43,24,19,14,10,6,13,7,0,0,4,0,0,0,0,0,7,0,0,0,0,0,0,1.0,1.0,1.0,0.0,0.0,0.0,3,0,0
2915,42,23,19,14,10,6,12,7,0,0,4,0,0,0,0,0,7,0,0,0,0,0,0,1.0,0.8333333333333334,1.0,0.0,0.0,0.0,3,0,1
2916,42,23,19,11,13,6,12,7,0,0,4,0,0,0,0,0,7,0,0,0,0,0,0,1.0,1.0,1.0,0.0,0.0,0.0,3,0,0
2917,42,23,19,11,13,6,12,7,0,0,4,0,0,0,0,0,7,0,0,0,0,0,0,1.0,1.0,1.0,0.0,0.0,0.0,3,0,0
2918,42,23,19,11,13,6,12,7,0,0,3,0,0,0,0,0,7,0,0,0,0,0,0,1.0,1.0,1.0,0.0,0.0,0.0,3,0,0
2919,42,23,19,7,17,6,12,7,0,0,3,0,0,0,0,0,7,0,0,0,0,0,0,1.0,1.0,1.0,0.0,0.0,0.0,3,0,0
2920,40,21,19,3,20,6,11,7,0,0,3,0,0,2,0,0,7,0,0,0,1,0,2,0.9583333333333334,0.8,1.0,0.0,0.0,0.0,3,0,2
2921,39,20,19,3,20,5,11,7,0,0,2,0,0,1,0,0,7,0,0,0,0,0,1,1.0,1.0,1.0,0.0,0.0,0.0,3,0,1
2922,38,20,18,3,19,5,11,7,0,0,1,0,0,0,1,0,7,0,0,0,1,0,1,0.9565217391304348,1.0,1.0,0.0,0.0,0.0,3,0,1
2923,37,20,17,3,19,5,10,6,0,0,1,0,0,0,1,0,7,0,0,0,0,0,1,1.0,1.0,0.8571428571428572,0.0,0.0,0.0,3,0,1
2924,36,20,16,3,19,5,9,5,0,0,1,0,0,0,1,0,7,0,0,0,0,0,1,1.0,1.0,0.8333333333333334,0.0,0.0,0.0,3,0,1
2925,36,20,16,3,19,5,9,5,0,0,1,0,0,0,0,0,7,0,0,0,0,0,0,1.0,1.0,1.0,0.0,0.0,0.0,3,0,0
2926,36,20,16,3,19,5,9,5,0,0,1,0,0,0,0,0,7,0,0,0,0,0,0,1.0,1.0,1.0,0.0,0.0,0.0,3,0,0
2927,35,20,15,3,19,5,8,4,0,0,0,0,0,0,1,0,7,0,0,0,0,0,1,1.0,1.0,0.8,0.0,0.0,0.0,3,0,1
2928,35,20,15,3,19,5,8,4,0,0,0,0,0,0,0,0,7,0,0,0,0,0,0,1.0,1.0,1.0,0.0,0.0,0.0,3,0,0
2929,35,20,15,3,19,5,8,4,0,0,0,0,0,0,0,0,7,0,0,0,0,0,0,1.0,1.0,1.0,0.0,0.0,0.0,3,0,0
2930,35,20,15,3,19,5,8,4,0,0,0,0,0,0,0,0,7,0,0,0,0,0,0,1.0,1.0,1.0,0.0,0.0,0.0,3,0,0
2931,35,20,15,3,19,5,8,4,0,0,0,0,0,0,0,0,7,0,0,0,0,0,0,1.0,1.0,1.0,0.0,0.0,0.0,3,0,0
2932,35,20,15,3,19,5,8,4,0,0,0,0,0,0,0,0,7,0,0,0,0,0,0,1.0,1.0,1.0,0.0,0.0,0.0,3,0,0
2933,34,20,14,2,19,5,8,4,0,0,0,0,0,0,0,0,7,0,0,0,1,0,1,0.9545454545454546,1.0,1.0,0.0,0.0,0.0,3,0,1
2934,34,20,14,2,19,5,8,4,0,0,0,0,0,0,0,0,7,0,0,0,0,0,0,1.0,1.0,1.0,0.0,0.0,0.0,3,0,0
2935,34,20,14,2,19,5,8,4,0,0,0,0,0,0,0,0,7,0,0,0,0,0,0,1.0,1.0,1.0,0.0,0.0,0.0,3,0,0
2936,34,20,14,2,19,5,8,4,0,0,0,0,0,0,0,0,7,0,0,0,0,0,0,1.0,1.0,1.0,0.0,0.0,0.0,3,0,0
2937,34,20,14,2,19,5,8,4,0,0,0,0,0,0,0,0,7,0,0,0,0,0,0,1.0,1.0,1.0,0.0,0.0,0.0,3,0,0
2938,34,20,14,2,19,5,8,4,0,0,0,0,0,0,0,0,7,0,0,0,0,0,0,1.0,1.0,1.0,0.0,0.0,0.0,3,0,0
2939,34,20,14,0,21,5,8,4,0,0,0,0,0,0,0,0,7,0,0,0,0,0,0,1.0,1.0,1.0,0.0,0.0,0.0,3,0,0
2940,34,20,14,0,21,5,8,4,0,0,0,0,0,0,0,0,7,0,0,0,0,0,0,1.0,1.0,1.0,0.0,0.0,0.0,3,0,0
2941,34,20,14,0,21,5,8,4,0,0,0,0,0,0,0,0,7,0,0,0,0,0,0,1.0,1.0,1.0,0.0,0.0,0.0,3,0,0
2942,34,20,14,0,21,5,8,4,0,0,0,0,0,0,0,0,7,0,0,0,0,1,0,1.0,1.0,1.0,0.0,0.0,0.0,3,0,0
2943,34,20,14,0,21,5,8,4,0,0,0,0,0,0,0,0,7,0,0,0,0,0,0,1.0,1.0,1.0,0.0,0.0,0.0,3,0,0
2944,34,20,14,0,21,5,8,4,0,0,0,0,0,0,0,0,7,0,0,0,0,2,0,1.0,1.0,1.0,0.0,0.0,0.0,3,0,0
2945,34,20,14,0,21,5,8,4,0,0,0,0,0,0,0,0,7,0,0,0,0,3,0,1.0,1.0,1.0,0.0,0.0,0.0,3,0,0
2946,34,20,14,0,20,6,8,4,0,0,0,0,0,0,0,0,7,0,0,0,0,0,0,1.0,1.0,1.0,0.0,0.0,0.0,3,0,0
2947,34,20,14,0,20,6,8,4,0,0,0,0,0,0,0,0,7,0,0,0,0,0,0,1.0,1.0,1.0,0.0,0.0,0.0,3,0,0
2948,34,20,14,0,18,8,8,4,0,0,0,0,0,0,0,0,7,0,0,0,0,0,0,1.0,1.0,1.0,0.0,0.0,0.0,3,0,0
2949,34,20,14,0,15,11,8,4,0,0,0,0,0,0,0,0,7,0,0,0,0,0,0,1.0,1.0,1.0,0.0,0.0,0.0,3,0,0
2950,34,20,14,0,15,11,8,4,2,0,0,0,0,0,0,0,19,2,0,0,0,0,0,1.0,1.0,1.0,0.0,0.0,0.10526315789473684,3,0,0
2951,34,20,14,0,15,11,8,4,3,1,0,0,0,0,0,0,5,1,1,0,0,0,0,1.0,1.0,1.0,0.0,0.0,0.2,3,0,0
2952,34,20,14,0,15,11,8,4,3,1,0,0,0,0,0,0,0,0,0,0,0,0,0,1.0,1.0,1.0,0.0,0.0,0.0,3,0,0
2953,34,20,14,0,15,11,8,4,3,1,0,0,0,0,0,0,0,0,0,0,0,0,0,1.0,1.0,1.0,0.0,0.0,0.0,3,0,0
2954,34,20,14,0,15,11,8,4,3,1,0,0,0,0,0,0,0,0,0,0,0,0,0,1.0,1.0,1.0,0.0,0.0,0.0,3,0,0
2955,34,20,14,0,15,11,8,4,3,1,0,0,0,0,0,0,0,0,0,0,0,0,0,1.0,1.0,1.0,0.0,0.0,0.0,3,0,0
2956,34,20,14,0,15,11,8,4,3,1,0,0,0,0,0,0,0,0,0,0,0,0,0,1.0,1.0,1.0,0.0,0.0,0.0,3,0,0
2957,34,20,14,0,15,11,8,4,3,1,0,0,0,0,0,0,0,0,0,0,0,0,0,1.0,1.0,1.0,0.0,0.0,0.0,3,0,0
2958,34,20,14,0,15,11,8,4,3,1,0,0,0,0,0,0,0,0,0,0,0,0,0,1.0,1.0,1.0,0.0,0.0,0.0,3,0,0
2959,34,20,14,0,15,11,8,4,3,1,0,0,0,0,0,0,0,0,0,0,0,0,0,1.0,1.0,1.0,0.0,0.0,0.0,3,0,0
2960,34,20,14,0,15,11,8,4,3,1,0,0,0,0,0,0,0,0,0,0,0,0,0,1.0,1.0,1.0,0.0,0.0,0.0,3,0,0
2961,34,20,14,0,15,11,8,4,3,1,0,0,0,0,0,0,0,0,0,0,0,0,0,1.0,1.0,1.0,0.0,0.0,0.0,3,0,0
2962,34,20,14,0,15,11,8,4,3,1,0,0,0,0,0,0,0,0,0,0,0,0,0,1.0,1.0,1.0,0.0,0.0,0.0,3,0,0
2963,34,20,14,0,15,11,8,4,3,1,0,0,0,0,0,0,0,0,0,0,0,0,0,1.0,1.0,1.0,0.0,0.0,0.0,3,0,0
2964,34,20,14,0,15,11,8,4,3,1,0,0,0,0,0,0,0,0,0,0,0,1,0,1.0,1.0,1.0,0.0,0.0,0.0,3,0,0
2965,34,20,14,0,15,11,8,4,3,1,0,0,0,0,0,0,0,0,0,0,0,0,0,1.0,1.0,1.0,0.0,0.0,0.0,3,0,0
2966,34,20,14,0,15,11,8,4,3,1,0,0,0,0,0,0,0,0,0,0,0,0,0,1.0,1.0,1.0,0.0,0.0,0.0,3,0,0
2967,34,20,14,0,15,11,8,4,3,1,0,0,0,0,0,0,0,0,0,0,0,0,0,1.0,1.0,1.0,0.0,0.0,0.0,3,0,0
2968,34,20,14,0,14,12,8,4,3,1,0,0,0,0,0,0,0,0,0,0,0,0,0,1.0,1.0,1.0,0.0,0.0,0.0,3,0,0
2969,34,20,14,0,14,12,8,4,3,1,0,0,0,0,0,0,0,0,0,0,0,0,0,1.0,1.0,1.0,0.0,0.0,0.0,3,0,0
2970,34,20,14,0,14,12,8,4,3,1,0,0,0,0,0,0,0,0,0,0,0,0,0,1.0,1.0,1.0,0.0,0.0,0.0,3,0,0
2971,34,20,14,0,14,12,8,4,3,1,0,0,0,0,0,0,0,0,0,0,0,0,0,1.0,1.0,1.0,0.0,0.0,0.0,3,0,0
2972,34,20,14,0,14,12,8,4,3,1,0,0,0,0,0,0,0,0,0,0,0,0,0,1.0,1.0,1.0,0.0,0.0,0.0,3,0,0
2973,34,20,14,0,14,12,8,4,3,1,0,0,0,0,0,0,0,0,0,0,0,0,0,1.0,1.0,1.0,0.0,0.0,0.0,3,0,0
2974,34,20,14,0,14,12,8,4,3,1,0,0,0,0,0,0,0,0,0,0,0,0,0,1.0,1.0,1.0,0.0,0.0,0.0,3,0,0
2975,34,20,14,0,14,12,8,4,3,1,0,0,0,0,0,0,0,0,0,0,0,0,0,1.0,1.0,1.0,0.0,0.0,0.0,3,0,0
2976,34,20,14,0,14,12,8,4,3,1,0,0,0,0,0,0,0,0,0,0,0,0,0,1.0,1.0,1.0,0.0,0.0,0.0,3,0,0
2977,34,20,14,0,14,12,8,4,3,1,0,0,0,0,0,0,0,0,0,0,0,0,0,1.0,1.0,1.0,0.0,0.0,0.0,3,0,0
2978,34,20,14,0,14,12,8,4,3,1,0,0,0,0,0,0,0,0,0,0,0,0,0,1.0,1.0,1.0,0.0,0.0,0.0,3,0,0
2979,34,20,14,0,14,12,8,4,3,1,0,0,0,0,0,0,0,0,0,0,0,0,0,1.0,1.0,1.0,0.0,0.0,0.0,3,0,0
2980,34,20,14,0,14,12,8,4,3,1,0,0,0,0,0,0,0,0,0,0,0,0,0,1.0,1.0,1.0,0.0,0.0,0.0,3,0,0
2981,34,20,14,0,14,12,8,4,3,1,0,0,0,0,0,0,0,0,0,0,0,0,0,1.0,1.0,1.0,0.0,0.0,0.0,3,0,0
2982,34,20,14,0,14,12,8,4,3,1,0,0,0,0,0,0,0,0,0,0,0,0,0,1.0,1.0,1.0,0.0,0.0,0.0,3,0,0
2983,34,20,14,0,14,12,8,4,3,1,0,0,0,0,0,0,0,0,0,0,0,0,0,1.0,1.0,1.0,0.0,0.0,0.0,3,0,0
2984,34,20,14,0,14,12,8,4,3,1,0,0,0,0,0,0,0,0,0,0,0,0,0,1.0,1.0,1.0,0.0,0.0,0.0,3,0,0
2985,34,20,14,0,14,12,8,4,3,1,0,0,0,0,0,0,0,0,0,0,0,0,0,1.0,1.0,1.0,0.0,0.0,0.0,3,0,0
2986,34,20,14,0,14,12,8,4,3,1,0,0,0,0,0,0,0,0,0,0,0,0,0,1.0,1.0,1.0,0.0,0.0,0.0,3,0,0
2987,34,20,14,0,14,12,8,4,3,1,0,0,0,0,0,0,0,0,0,0,0,0,0,1.0,1.0,1.0,0.0,0.0,0.0,3,0,0
2988,34,20,14,0,14,12,8,4,3,1,0,0,0,0,0,0,0,0,0,0,0,0,0,1.0,1.0,1.0,0.0,0.0,0.0,3,0,0
2989,34,20,14,0,14,12,8,4,3,1,0,0,0,0,0,0,0,0,0,0,0,3,0,1.0,1.0,1.0,0.0,0.0,0.0,3,0,0
2990,34,20,14,0,14,12,8,4,3,1,0,0,0,0,0,0,0,0,0,0,0,0,0,1.0,1.0,1.0,0.0,0.0,0.0,3,0,0
2991,34,20,14,0,14,12,8,4,3,1,0,0,0,0,0,0,0,0,0,0,0,0,0,1.0,1.0,1.0,0.0,0.0,0.0,3,0,0
2992,34,20,14,0,14,12,8,4,3,1,0,0,0,0,0,0,0,0,0,0,0,0,0,1.0,1.0,1.0,0.0,0.0,0.0,3,0,0
2993,34,20,14,0,11,15,8,4,3,1,0,0,0,0,0,0,0,0,0,0,0,0,0,1.0,1.0,1.0,0.0,0.0,0.0,3,0,0
2994,34,20,14,0,11,15,8,4,3,1,0,0,0,0,0,0,0,0,0,0,0,0,0,1.0,1.0,1.0,0.0,0.0,0.0,3,0,0
2995,34,20,14,0,11,15,8,4,3,1,0,0,0,0,0,0,0,0,0,0,0,0,0,1.0,1.0,1.0,0.0,0.0,0.0,3,0,0
2996,34,20,14,0,11,15,8,4,3,0,0,0,0,0,0,0,0,0,0,0,0,0,0,1.0,1.0,1.0,0.0,0.0,0.0,3,0,0
2997,34,20,14,0,11,15,8,4,3,0,0,0,0,0,0,0,2,0,0,0,0,0,0,1.0,1.0,1.0,0.0,0.0,0.0,3,0,0
2998,34,20,14,0,11,15,8,4,3,0,0,0,0,0,0,0,1,0,0,0,0,0,0,1.0,1.0,1.0,0.0,0.0,0.0,3,0,0
2999,34,20,14,0,11,15,8,4,4,0,0,0,0,0,0,0,4,1,0,0,0,0,0,1.0,1.0,1.0,0.0,0.0,0.25,3,0,0
3000,34,20,14,0,11,15,8,4,4,0,0,0,0,0,0,0,0,0,0,0,0,0,0,1.0,1.0,1.0,0.0,0.0,0.0,3,0,0
3001,34,20,14,0,11,15,8,4,4,0,0,0,0,0,0,0,0,0,0,0,0,0,0,1.0,1.0,1.0,0.0,0.0,0.0,3,0,0
3002,34,20,14,0,11,15,8,4,4,0,0,0,0,0,0,0,0,0,0,0,0,0,0,1.0,1.0,1.0,0.0,0.0,0.0,3,0,0
3003,34,20,14,0,11,15,8,4,4,0,0,0,0,0,0,0,0,0,0,0,0,0,0,1.0,1.0,1.0,0.0,0.0,0.0,3,0,0
3004,34,20,14,0,11,15,8,4,4,0,0,0,0,0,0,0,0,0,0,0,0,0,0,1.0,1.0,1.0,0.0,0.0,0.0,3,0,0
3005,34,20,14,0,11,15,8,4,4,0,0,0,0,0,0,0,0,0,0,0,0,0,0,1.0,1.0,1.0,0.0,0.0,0.0,3,0,0
3006,34,20,14,0,11,15,8,4,4,0,0,0,0,0,0,0,0,0,0,0,0,0,0,1.0,1.0,1.0,0.0,0.0,0.0,3,0,0
3007,34,20,14,0,11,15,8,4,4,0,0,0,0,0,0,0,0,0,0,0,0,0,0,1.0,1.0,1.0,0.0,0.0,0.0,3,0,0
3008,34,20,14,0,11,15,8,4,4,0,0,0,0,0,0,0,0,0,0,0,0,0,0,1.0,1.0,1.0,0.0,0.0,0.0,3,0,0
3009,34,20,14,0,11,15,8,4,4,0,0,0,0,0,0,0,0,0,0,0,0,0,0,1.0,1.0,1.0,0.0,0.0,0.0,3,0,0
3010,34,20,14,0,11,15,8,4,4,0,0,0,0,0,0,0,0,0,0,0,0,0,0,1.0,1.0,1.0,0.0,0.0,0.0,3,0,0
3011,33,20,13,0,11,14,8,4,4,0,0,0,0,0,0,0,0,0,0,0,0,0,0,1.0,1.0,1.0,0.0,0.0,0.0,3,0,1
3012,31,18,13,0,9,14,8,4,4,0,0,0,0,2,0,0,0,0,0,0,2,0,2,0.8181818181818181,1.0,1.0,0.0,0.0,0.0,3,0,2
3013,30,17,13,0,8,14,8,4,4,0,0,0,0,1,0,0,0,0,0,0,1,0,1,0.8888888888888888,1.0,1.0,0.0,0.0,0.0,3,0,1
3014,27,16,11,0,8,13,6,3,3,0,0,0,0,1,2,0,0,0,0,0,0,0,3,1.0,0.75,0.75,0.0,0.0,0.0,3,0,3
3015,31,17,14,4,8,13,6,3,2,0,1,0,0,0,0,0,0,0,0,1,0,0,0,1.0,1.0,1.0,0.14814814814814814,0.14814814814814814,0.0,3,4,0
3016,34,18,16,8,8,13,5,2,1,0,1,0,0,0,1,0,0,0,0,1,0,0,1,1.0,1.0,0.6666666666666667,0.12903225806451613,0.12903225806451613,0.0,3,4,1
3017,32,16,16,8,7,11,6,2,1,0,1,0,0,2,0,0,0,0,0,0,1,0,2,0.9375,1.0,1.0,0.0,0.0,0.0,3,0,2
3018,32,16,16,8,7,10,7,2,1,0,1,0,0,0,0,0,0,0,0,0,0,0,0,1.0,1.0,1.0,0.0,0.0,0.0,3,0,0
3019,32,16,16,8,7,10,7,2,1,0,1,0,0,0,0,0,0,0,0,0,0,0,0,1.0,1.0,1.0,0.0,0.0,0.0,3,0,0
3020,32,16,16,8,7,10,7,2,1,0,1,0,0,0,0,0,0,0,0,0,0,0,0,1.0,1.0,1.0,0.0,0.0,0.0,3,0,0
3021,32,16,16,8,7,10,7,2,1,0,1,0,0,0,0,0,0,0,0,0,0,0,0,1.0,1.0,1.0,0.0,0.0,0.0,3,0,0
3022,32,16,16,8,7,10,7,2,1,0,1,0,0,0,0,0,0,0,0,0,0,0,0,1.0,1.0,1.0,0.0,0.0,0.0,3,0,0
3023,32,16,16,8,7,10,7,2,1,0,1,0,0,0,0,0,0,0,0,0,0,0,0,1.0,1.0,1.0,0.0,0.0,0.0,3,0,0
3024,32,16,16,8,7,10,7,2,1,0,1,0,0,0,0,0,0,0,0,0,0,0,0,1.0,1.0,1.0,0.0,0.0,0.0,3,0,0
3025,32,16,16,8,7,10,7,2,1,0,1,0,0,0,0,0,0,0,0,0,0,0,0,1.0,1.0,1.0,0.0,0.0,0.0,3,0,0
3026,32,16,16,8,7,10,7,2,1,0,1,0,0,0,0,0,0,0,0,0,0,0,0,1.0,1.0,1.0,0.0,0.0,0.0,3,0,0
3027,32,16,16,8,7,10,7,2,1,0,1,0,0,0,0,0,0,0,0,0,0,0,0,1.0,1.0,1.0,0.0,0.0,0.0,3,0,0
3028,32,16,16,8,7,10,7,2,1,0,1,0,0,0,0,0,0,0,0,0,0,0,0,1.0,1.0,1.0,0.0,0.0,0.0,3,0,0
3029,32,16,16,8,7,10,7,2,1,0,1,0,0,0,0,0,0,0,0,0,0,0,0,1.0,1.0,1.0,0.0,0.0,0.0,3,0,0
3030,32,16,16,8,7,10,7,2,1,0,1,0,0,0,0,0,0,0,0,0,0,0,0,1.0,1.0,1.0,0.0,0.0,0.0,3,0,0
3031,32,16,16,8,7,10,7,2,1,0,1,0,0,0,0,0,0,0,0,0,0,0,0,1.0,1.0,1.0,0.0,0.0,0.0,3,0,0
3032,32,16,16,8,7,10,7,2,1,0,1,0,0,0,0,0,0,0,0,0,0,0,0,1.0,1.0,1.0,0.0,0.0,0.0,3,0,0
3033,32,16,16,8,7,10,7,2,1,0,1,0,0,0,0,0,0,0,0,0,0,0,0,1.0,1.0,1.0,0.0,0.0,0.0,3,0,0
3034,32,16,16,8,7,10,7,2,1,0,1,0,0,0,0,0,0,0,0,0,0,0,0,1.0,1.0,1.0,0.0,0.0,0.0,3,0,0
3035,32,16,16,8,7,10,7,2,1,0,1,0,0,0,0,0,0,0,0,0,0,0,0,1.0,1.0,1.0,0.0,0.0,0.0,3,0,0
3036,32,16,16,8,7,10,7,2,1,0,1,0,0,0,0,0,0,0,0,0,0,0,0,1.0,1.0,1.0,0.0,0.0,0.0,3,0,0
3037,32,16,16,8,7,10,7,2,1,0,1,0,0,0,0,0,0,0,0,0,0,0,0,1.0,1.0,1.0,0.0,0.0,0.0,3,0,0
3038,32,16,16,8,7,10,7,2,1,0,1,0,0,0,0,0,0,0,0,0,0,0,0,1.0,1.0,1.0,0.0,0.0,0.0,3,0,0
3039,32,16,16,8,7,10,7,2,1,0,1,0,0,0,0,0,0,0,0,0,0,0,0,1.0,1.0,1.0,0.0,0.0,0.0,3,0,0
3040,32,16,16,8,7,10,7,2,1,0,1,0,0,0,0,0,0,0,0,0,0,0,0,1.0,1.0,1.0,0.0,0.0,0.0,3,0,0
3041,32,16,16,8,7,10,7,2,1,0,1,0,0,0,0,0,0,0,0,0,0,0,0,1.0,1.0,1.0,0.0,0.0,0.0,3,0,0
3042,32,16,16,8,7,10,7,2,1,0,1,0,0,0,0,0,0,0,0,0,0,0,0,1.0,1.0,1.0,0.0,0.0,0.0,3,0,0
3043,32,16,16,8,7,10,7,2,1,0,1,0,0,0,0,0,0,0,0,0,0,0,0,1.0,1.0,1.0,0.0,0.0,0.0,3,0,0
3044,32,16,16,8,7,10,7,2,1,0,1,0,0,0,0,0,0,0,0,0,0,0,0,1.0,1.0,1.0,0.0,0.0,0.0,3,0,0
3045,32,16,16,8,7,10,7,2,1,0,1,0,0,0,0,0,0,0,0,0,0,0,0,1.0,1.0,1.0,0.0,0.0,0.0,3,0,0
3046,32,16,16,8,7,10,7,2,1,0,1,0,0,0,0,0,0,0,0,0,0,0,0,1.0,1.0,1.0,0.0,0.0,0.0,3,0,0
3047,32,16,16,8,7,10,7,2,1,0,1,0,0,0,0,0,0,0,0,0,0,0,0,1.0,1.0,1.0,0.0,0.0,0.0,3,0,0
3048,32,16,16,8,7,10,7,2,1,0,1,0,0,0,0,0,0,0,0,0,0,0,0,1.0,1.0,1.0,0.0,0.0,0.0,3,0,0
3049,32,16,16,8,7,10,7,2,1,0,1,0,0,0,0,0,0,0,0,0,0,0,0,1.0,1.0,1.0,0.0,0.0,0.0,3,0,0
3050,32,16,16,8,7,10,7,2,1,0,1,0,0,0,0,0,0,0,0,0,0,0,0,1.0,1.0,1.0,0.0,0.0,0.0,3,0,0
3051,32,16,16,8,7,10,7,2,1,0,1,0,0,0,0,0,0,0,0,0,0,0,0,1.0,1.0,1.0,0.0,0.0,0.0,3,0,0
3052,32,16,16,8,7,10,7,2,1,0,1,0,0,0,0,0,0,0,0,0,0,0,0,1.0,1.0,1.0,0.0,0.0,0.0,3,0,0
3053,32,16,16,8,7,10,7,2,1,0,1,0,0,0,0,0,0,0,0,0,0,2,0,1.0,1.0,1.0,0.0,0.0,0.0,3,0,0
3054,32,16,16,8,7,10,7,2,1,0,1,0,0,0,0,0,0,0,0,0,0,0,0,1.0,1.0,1.0,0.0,0.0,0.0,3,0,0
3055,32,16,16,8,7,10,7,2,1,0,1,0,0,0,0,0,0,0,0,0,0,0,0,1.0,1.0,1.0,0.0,0.0,0.0,3,0,0
3056,31,15,16,8,7,9,7,2,1,0,1,0,0,0,0,0,0,0,0,0,0,1,0,1.0,1.0,1.0,0.0,0.0,0.0,3,0,1
3057,31,15,16,8,5,11,7,2,1,0,1,0,0,0,0,0,0,0,0,0,0,2,0,1.0,1.0,1.0,0.0,0.0,0.0,3,0,0
3058,31,15,16,4,9,11,7,2,1,0,1,0,0,0,0,0,0,0,0,0,0,0,0,1.0,1.0,1.0,0.0,0.0,0.0,3,0,0
3059,31,15,16,0,13,11,7,2,1,0,1,0,0,0,0,0,0,0,0,0,0,0,0,1.0,1.0,1.0,0.0,0.0,0.0,3,0,0
3060,31,15,16,0,12,11,8,3,1,0,1,0,0,0,0,0,0,0,0,0,0,0,0,1.0,1.0,1.0,0.0,0.0,0.0,3,0,0
3061,31,15,16,0,10,13,8,3,1,0,0,0,0,0,0,0,0,0,0,0,0,0,0,1.0,1.0,1.0,0.0,0.0,0.0,3,0,0
3062,31,15,16,0,10,13,8,3,1,0,0,0,0,0,0,0,8,0,0,0,0,0,0,1.0,1.0,1.0,0.0,0.0,0.0,3,0,0
3063,31,15,16,0,10,13,8,3,1,0,0,0,0,0,0,0,1,0,0,0,0,0,0,1.0,1.0,1.0,0.0,0.0,0.0,3,0,0
3064,34,17,17,3,10,13,8,3,1,0,1,0,0,0,0,0,6,1,0,1,0,0,0,1.0,1.0,1.0,0.0967741935483871,0.0967741935483871,0.16666666666666666,3,3,0
3065,34,17,17,3,10,13,8,3,1,0,1,0,0,0,0,0,0,0,0,0,0,0,0,1.0,1.0,1.0,0.0,0.0,0.0,3,0,0
3066,34,17,17,3,10,13,8,3,1,0,1,0,0,0,0,0,0,0,0,0,0,0,0,1.0,1.0,1.0,0.0,0.0,0.0,3,0,0
3067,34,17,17,3,10,13,8,3,1,0,1,0,0,0,0,0,1,0,0,0,0,0,0,1.0,1.0,1.0,0.0,0.0,0.0,3,0,0
3068,34,17,17,3,10,13,8,3,1,0,1,0,0,0,0,0,4,0,0,0,0,0,0,1.0,1.0,1.0,0.0,0.0,0.0,3,0,0
3069,34,17,17,3,10,13,8,3,2,0,1,0,0,0,0,0,3,1,0,0,0,0,0,1.0,1.0,1.0,0.0,0.0,0.3333333333333333,3,0,0
3070,34,17,17,3,10,13,8,3,2,0,1,0,0,0,0,0,0,0,0,0,0,0,0,1.0,1.0,1.0,0.0,0.0,0.0,3,0,0
3071,34,17,17,3,10,13,8,3,2,0,1,0,0,0,0,0,0,0,0,0,0,0,0,1.0,1.0,1.0,0.0,0.0,0.0,3,0,0
3072,34,17,17,3,10,13,8,3,2,0,1,0,0,0,0,0,0,0,0,0,0,0,0,1.0,1.0,1.0,0.0,0.0,0.0,3,0,0
3073,33,16,17,3,10,13,7,3,2,0,1,0,0,0,0,0,0,0,0,0,0,0,0,1.0,0.8,1.0,0.0,0.0,0.0,3,0,1
3074,33,16,17,3,10,13,7,3,2,0,1,0,0,0,0,0,0,0,0,0,0,0,0,1.0,1.0,1.0,0.0,0.0,0.0,3,0,0
3075,33,16,17,3,10,13,7,3,2,0,1,0,0,0,0,0,0,0,0,0,0,0,0,1.0,1.0,1.0,0.0,0.0,0.0,3,0,0
3076,33,16,17,3,10,13,7,3,2,0,1,0,0,0,0,0,0,0,0,0,0,2,0,1.0,1.0,1.0,0.0,0.0,0.0,3,0,0
3077,33,16,17,3,10,13,7,3,2,0,1,0,0,0,0,0,0,0,0,0,0,0,0,1.0,1.0,1.0,0.0,0.0,0.0,3,0,0
3078,33,16,17,3,10,13,7,3,2,0,1,0,0,0,0,0,0,0,0,0,0,0,0,1.0,1.0,1.0,0.0,0.0,0.0,3,0,0
3079,33,16,17,3,10,13,7,3,2,0,1,0,0,0,0,0,0,0,0,0,0,0,0,1.0,1.0,1.0,0.0,0.0,0.0,3,0,0
3080,33,16,17,3,8,15,7,3,2,0,1,0,0,0,0,0,0,0,0,0,0,0,0,1.0,1.0,1.0,0.0,0.0,0.0,3,0,0
3081,33,16,17,3,8,15,7,3,2,0,1,0,0,0,0,0,0,0,0,0,0,0,0,1.0,1.0,1.0,0.0,0.0,0.0,3,0,0
3082,33,16,17,3,8,15,7,3,2,0,1,0,0,0,0,0,0,0,0,0,0,0,0,1.0,1.0,1.0,0.0,0.0,0.0,3,0,0
3083,33,16,17,3,8,13,9,3,2,0,1,0,0,0,0,0,0,0,0,0,0,0,0,1.0,1.0,1.0,0.0,0.0,0.0,3,0,0
3084,33,16,17,3,8,12,10,3,2,0,1,0,0,0,0,0,0,0,0,0,0,0,0,1.0,1.0,1.0,0.0,0.0,0.0,3,0,0
3085,33,16,17,3,8,12,10,3,2,0,1,0,0,0,0,0,0,0,0,0,0,0,0,1.0,1.0,1.0,0.0,0.0,0.0,3,0,0
3086,33,16,17,3,8,12,10,3,2,0,1,0,0,0,0,0,0,0,0,0,0,0,0,1.0,1.0,1.0,0.0,0.0,0.0,3,0,0
3087,33,16,17,3,8,12,10,3,2,0,1,0,0,0,0,0,0,0,0,0,0,0,0,1.0,1.0,1.0,0.0,0.0,0.0,3,0,0
3088,33,16,17,3,8,12,10,3,2,0,1,0,0,0,0,0,0,0,0,0,0,0,0,1.0,1.0,1.0,0.0,0.0,0.0,3,0,0
3089,33,16,17,3,8,12,10,3,2,0,1,0,0,0,0,0,0,0,0,0,0,0,0,1.0,1.0,1.0,0.0,0.0,0.0,3,0,0
3090,33,16,17,3,8,12,10,3,2,0,1,0,0,0,0,0,0,0,0,0,0,0,0,1.0,1.0,1.0,0.0,0.0,0.0,3,0,0
3091,33,16,17,3,8,12,10,3,2,0,1,0,0,0,0,0,0,0,0,0,0,0,0,1.0,1.0,1.0,0.0,0.0,0.0,3,0,0
3092,33,16,17,3,8,12,10,3,2,0,1,0,0,0,0,0,0,0,0,0,0,0,0,1.0,1.0,1.0,0.0,0.0,0.0,3,0,0
3093,33,16,17,3,8,11,11,4,3,0,1,0,0,0,0,0,6,1,0,0,0,0,0,1.0,1.0,1.0,0.0,0.0,0.16666666666666666,3,0,0
3094,33,16,17,3,8,11,11,4,3,0,1,0,0,0,0,0,0,0,0,0,0,0,0,1.0,1.0,1.0,0.0,0.0,0.0,3,0,0
3095,33,16,17,3,8,11,11,4,3,0,1,0,0,0,0,0,0,0,0,0,0,0,0,1.0,1.0,1.0,0.0,0.0,0.0,3,0,0
3096,33,16,17,3,8,11,11,4,3,0,1,0,0,0,0,0,0,0,0,0,0,0,0,1.0,1.0,1.0,0.0,0.0,0.0,3,0,0
3097,33,16,17,3,8,10,12,5,4,0,1,0,0,0,0,0,7,1,0,0,0,0,0,1.0,1.0,1.0,0.0,0.0,0.14285714285714285,3,0,0
3098,33,16,17,3,8,10,12,5,4,0,1,0,0,0,0,0,0,0,0,0,0,0,0,1.0,1.0,1.0,0.0,0.0,0.0,3,0,0
3099,33,16,17,3,8,10,12,5,4,0,1,0,0,0,0,0,0,0,0,0,0,0,0,1.0,1.0,1.0,0.0,0.0,0.0,3,0,0
3100,33,16,17,3,8,10,12,5,4,0,1,0,0,0,0,0,0,0,0,0,0,0,0,1.0,1.0,1.0,0.0,0.0,0.0,3,0,0
3101,33,16,17,3,8,10,12,5,4,0,1,0,0,0,0,0,0,0,0,0,0,0,0,1.0,1.0,1.0,0.0,0.0,0.0,3,0,0
3102,33,16,17,3,8,10,12,5,4,0,1,0,0,0,0,0,0,0,0,0,0,0,0,1.0,1.0,1.0,0.0,0.0,0.0,3,0,0
3103,31,15,16,3,8,10,10,4,4,0,0,0,0,1,1,0,0,0,0,0,0,0,2,1.0,0.8571428571428572,0.8,0.0,0.0,0.0,3,0,2
3104,30,14,16,3,8,9,10,4,4,0,0,0,0,1,0,0,0,0,0,0,0,0,1,1.0,1.0,1.0,0.0,0.0,0.0,3,0,1
3105,30,14,16,3,8,9,10,4,4,0,0,0,0,0,0,0,0,0,0,0,0,0,0,1.0,1.0,1.0,0.0,0.0,0.0,3,0,0
3106,29,14,15,3,7,9,10,4,4,0,0,0,0,0,1,0,0,0,0,0,1,0,1,0.9090909090909091,1.0,1.0,0.0,0.0,0.0,3,0,1
3107,27,12,15,0,9,9,9,4,4,0,0,0,0,2,0,0,0,0,0,0,1,0,2,0.9,0.8333333333333334,1.0,0.0,0.0,0.0,3,0,2
3108,26,12,14,0,9,8,9,4,4,0,0,0,0,0,1,0,0,0,0,0,0,0,1,1.0,1.0,1.0,0.0,0.0,0.0,3,0,1
3109,26,12,14,0,9,8,9,4,4,0,0,0,0,0,0,0,0,0,0,0,0,0,0,1.0,1.0,1.0,0.0,0.0,0.0,3,0,0
3110,26,12,14,0,9,8,9,4,4,0,0,0,0,0,0,0,0,0,0,0,0,0,0,1.0,1.0,1.0,0.0,0.0,0.0,3,0,0
3111,26,12,14,0,9,8,9,4,4,0,0,0,0,0,0,0,0,0,0,0,0,0,0,1.0,1.0,1.0,0.0,0.0,0.0,3,0,0
3112,26,12,14,0,9,8,9,4,4,0,0,0,0,0,0,0,0,0,0,0,0,0,0,1.0,1.0,1.0,0.0,0.0,0.0,3,0,0
3113,26,12,14,0,9,8,9,4,4,0,0,0,0,0,0,0,0,0,0,0,0,0,0,1.0,1.0,1.0,0.0,0.0,0.0,3,0,0
3114,26,12,14,0,9,8,9,4,4,0,0,0,0,0,0,0,0,0,0,0,0,0,0,1.0,1.0,1.0,0.0,0.0,0.0,3,0,0
3115,26,12,14,0,9,8,9,4,4,0,0,0,0,0,0,0,0,0,0,0,0,0,0,1.0,1.0,1.0,0.0,0.0,0.0,3,0,0
3116,26,12,14,0,9,8,9,4,4,0,0,0,0,0,0,0,0,0,0,0,0,0,0,1.0,1.0,1.0,0.0,0.0,0.0,3,0,0
3117,25,12,13,0,8,8,9,4,4,0,0,0,0,0,0,0,0,0,0,0,1,0,1,0.8888888888888888,1.0,1.0,0.0,0.0,0.0,3,0,1
3118,25,12,13,0,8,8,9,4,4,0,0,0,0,0,0,0,0,0,0,0,0,0,0,1.0,1.0,1.0,0.0,0.0,0.0,3,0,0
3119,25,12,13,0,8,7,10,5,5,0,0,0,0,0,0,0,5,1,0,0,0,0,0,1.0,1.0,1.0,0.0,0.0,0.2,3,0,0
3120,25,12,13,0,8,7,10,5,5,0,0,0,0,0,0,0,0,0,0,0,0,0,0,1.0,1.0,1.0,0.0,0.0,0.0,3,0,0
3121,25,12,13,0,8,7,10,5,5,0,0,0,0,0,0,0,0,0,0,0,0,0,0,1.0,1.0,1.0,0.0,0.0,0.0,3,0,0
3122,25,12,13,0,8,7,10,5,5,0,0,0,0,0,0,0,0,0,0,0,0,0,0,1.0,1.0,1.0,0.0,0.0,0.0,3,0,0
3123,25,12,13,0,8,7,10,5,5,0,0,0,0,0,0,0,0,0,0,0,0,0,0,1.0,1.0,1.0,0.0,0.0,0.0,3,0,0
3124,25,12,13,0,8,7,10,5,5,0,0,0,0,0,0,0,0,0,0,0,0,0,0,1.0,1.0,1.0,0.0,0.0,0.0,3,0,0
3125,25,12,13,0,8,7,10,5,5,0,0,0,0,0,0,0,0,0,0,0,0,0,0,1.0,1.0,1.0,0.0,0.0,0.0,3,0,0
3126,25,12,13,0,8,7,10,5,5,0,0,0,0,0,0,0,0,0,0,0,0,0,0,1.0,1.0,1.0,0.0,0.0,0.0,3,0,0
3127,25,12,13,0,8,7,10,5,5,0,0,0,0,0,0,0,0,0,0,0,0,0,0,1.0,1.0,1.0,0.0,0.0,0.0,3,0,0
3128,25,12,13,0,8,5,12,5,5,0,0,0,0,0,0,0,0,0,0,0,0,0,0,1.0,1.0,1.0,0.0,0.0,0.0,3,0,0
3129,29,14,15,4,8,5,12,5,4,0,1,0,0,0,0,0,0,0,0,1,0,0,0,1.0,1.0,1.0,0.16,0.16,0.0,3,4,0
3130,29,14,15,4,8,5,12,5,4,0,1,0,0,0,0,0,0,0,0,0,0,0,0,1.0,1.0,1.0,0.0,0.0,0.0,3,0,0
3131,29,14,15,4,8,5,12,5,4,0,1,0,0,0,0,0,0,0,0,0,0,0,0,1.0,1.0,1.0,0.0,0.0,0.0,3,0,0
3132,29,14,15,4,8,5,12,5,4,0,1,0,0,0,0,0,0,0,0,0,0,0,0,1.0,1.0,1.0,0.0,0.0,0.0,3,0,0
3133,29,14,15,4,8,4,13,6,4,0,1,0,0,0,0,0,1,0,0,0,0,0,0,1.0,1.0,1.0,0.0,0.0,0.0,3,0,0
3134,33,16,17,8,8,4,13,6,4,0,2,0,0,0,0,0,8,1,0,1,0,0,0,1.0,1.0,1.0,0.13793103448275862,0.13793103448275862,0.125,3,4,0
3135,33,16,17,8,8,4,13,6,4,0,2,0,0,0,0,0,0,0,0,0,0,0,0,1.0,1.0,1.0,0.0,0.0,0.0,3,0,0
3136,33,16,17,8,8,4,13,6,4,0,2,0,0,0,0,0,0,0,0,0,0,0,0,1.0,1.0,1.0,0.0,0.0,0.0,3,0,0
3137,33,16,17,8,8,4,13,6,4,0,2,0,0,0,0,0,0,0,0,0,0,0,0,1.0,1.0,1.0,0.0,0.0,0.0,3,0,0
3138,33,16,17,8,8,4,13,6,4,0,2,0,0,0,0,0,0,0,0,0,0,0,0,1.0,1.0,1.0,0.0,0.0,0.0,3,0,0
3139,33,16,17,8,8,4,13,6,4,0,2,0,0,0,0,0,0,0,0,0,0,0,0,1.0,1.0,1.0,0.0,0.0,0.0,3,0,0
3140,33,16,17,8,8,4,13,6,4,0,2,0,0,0,0,0,0,0,0,0,0,0,0,1.0,1.0,1.0,0.0,0.0,0.0,3,0,0
3141,33,16,17,8,8,4,13,6,4,0,2,0,0,0,0,0,0,0,0,0,0,0,0,1.0,1.0,1.0,0.0,0.0,0.0,3,0,0
3142,33,16,17,8,8,4,13,6,4,0,2,0,0,0,0,0,0,0,0,0,0,0,0,1.0,1.0,1.0,0.0,0.0,0.0,3,0,0
3143,33,16,17,8,8,4,13,6,4,0,2,0,0,0,0,0,0,0,0,0,0,0,0,1.0,1.0,1.0,0.0,0.0,0.0,3,0,0
3144,33,16,17,8,8,4,13,6,4,0,2,0,0,0,0,0,0,0,0,0,0,0,0,1.0,1.0,1.0,0.0,0.0,0.0,3,0,0
3145,33,16,17,8,8,4,13,6,4,0,2,0,0,0,0,0,0,0,0,0,0,0,0,1.0,1.0,1.0,0.0,0.0,0.0,3,0,0
3146,33,16,17,8,8,4,13,6,4,0,2,0,0,0,0,0,0,0,0,0,0,0,0,1.0,1.0,1.0,0.0,0.0,0.0,3,0,0
3147,33,16,17,8,8,4,13,6,4,0,2,0,0,0,0,0,0,0,0,0,0,0,0,1.0,1.0,1.0,0.0,0.0,0.0,3,0,0
3148,33,16,17,8,8,4,13,6,4,0,2,0,0,0,0,0,0,0,0,0,0,0,0,1.0,1.0,1.0,0.0,0.0,0.0,3,0,0
3149,33,16,17,8,8,4,13,6,4,0,2,0,0,0,0,0,0,0,0,0,0,0,0,1.0,1.0,1.0,0.0,0.0,0.0,3,0,0
3150,33,16,17,8,8,4,13,6,4,0,2,0,0,0,0,0,0,0,0,0,0,0,0,1.0,1.0,1.0,0.0,0.0,0.0,3,0,0
3151,33,16,17,8,8,4,13,6,4,0,2,0,0,0,0,0,0,0,0,0,0,0,0,1.0,1.0,1.0,0.0,0.0,0.0,3,0,0
3152,33,16,17,8,8,4,13,6,4,0,2,0,0,0,0,0,0,0,0,0,0,0,0,1.0,1.0,1.0,0.0,0.0,0.0,3,0,0
3153,33,16,17,8,8,4,13,6,4,0,2,0,0,0,0,0,0,0,0,0,0,0,0,1.0,1.0,1.0,0.0,0.0,0.0,3,0,0
3154,33,16,17,8,8,4,13,6,4,0,2,0,0,0,0,0,0,0,0,0,0,0,0,1.0,1.0,1.0,0.0,0.0,0.0,3,0,0
3155,33,16,17,8,8,4,13,6,4,0,2,0,0,0,0,0,0,0,0,0,0,0,0,1.0,1.0,1.0,0.0,0.0,0.0,3,0,0
3156,33,16,17,8,8,4,13,6,4,0,2,0,0,0,0,0,0,0,0,0,0,0,0,1.0,1.0,1.0,0.0,0.0,0.0,3,0,0
3157,33,16,17,8,8,4,13,6,4,0,2,0,0,0,0,0,0,0,0,0,0,0,0,1.0,1.0,1.0,0.0,0.0,0.0,3,0,0
3158,37,17,20,12,8,4,13,6,3,0,3,0,0,0,0,0,0,0,0,1,0,0,0,1.0,1.0,1.0,0.12121212121212122,0.12121212121212122,0.0,3,4,0
3159,37,17,20,12,8,4,13,6,3,0,3,0,0,0,0,0,0,0,0,0,0,0,0,1.0,1.0,1.0,0.0,0.0,0.0,3,0,0
3160,36,17,19,12,8,4,12,5,3,0,2,0,0,0,0,0,0,0,0,0,0,0,0,1.0,1.0,0.8333333333333334,0.0,0.0,0.0,3,0,1
3161,36,17,19,12,8,4,12,5,3,0,2,0,0,0,0,0,0,0,0,0,0,0,0,1.0,1.0,1.0,0.0,0.0,0.0,3,0,0
3162,39,17,22,15,8,4,12,5,2,0,3,0,0,0,0,0,0,0,0,1,0,0,0,1.0,1.0,1.0,0.08333333333333333,0.08333333333333333,0.0,3,3,0
3163,39,17,22,15,8,4,12,5,2,0,3,0,0,0,0,0,0,0,0,0,0,0,0,1.0,1.0,1.0,0.0,0.0,0.0,3,0,0
3164,39,17,22,15,8,4,12,5,2,0,3,0,0,0,0,0,0,0,0,0,0,0,0,1.0,1.0,1.0,0.0,0.0,0.0,3,0,0
3165,39,17,22,15,8,4,12,5,2,0,3,0,0,0,0,0,0,0,0,0,0,0,0,1.0,1.0,1.0,0.0,0.0,0.0,3,0,0
3166,39,17,22,15,8,4,12,5,2,0,3,0,0,0,0,0,0,0,0,0,0,0,0,1.0,1.0,1.0,0.0,0.0,0.0,3,0,0
3167,39,17,22,15,8,4,12,5,2,0,3,0,0,0,0,0,0,0,0,0,0,0,0,1.0,1.0,1.0,0.0,0.0,0.0,3,0,0
3168,39,17,22,15,8,4,12,5,2,0,3,0,0,0,0,0,0,0,0,0,0,0,0,1.0,1.0,1.0,0.0,0.0,0.0,3,0,0
3169,39,17,22,15,8,4,12,5,2,0,3,0,0,0,0,0,0,0,0,0,0,0,0,1.0,1.0,1.0,0.0,0.0,0.0,3,0,0
3170,39,17,22,15,8,4,12,5,2,0,3,0,0,0,0,0,0,0,0,0,0,0,0,1.0,1.0,1.0,0.0,0.0,0.0,3,0,0
3171,39,17,22,15,8,4,12,5,2,0,3,0,0,0,0,0,0,0,0,0,0,0,0,1.0,1.0,1.0,0.0,0.0,0.0,3,0,0
3172,38,17,21,10,12,4,12,5,2,0,3,0,0,0,0,0,0,0,0,0,1,0,1,0.9565217391304348,1.0,1.0,0.0,0.0,0.0,3,0,1
3173,38,17,21,10,12,4,12,5,2,0,3,0,0,0,0,0,0,0,0,0,0,0,0,1.0,1.0,1.0,0.0,0.0,0.0,3,0,0
3174,38,17,21,10,12,4,12,5,2,0,2,0,0,0,0,0,0,0,0,0,0,0,0,1.0,1.0,1.0,0.0,0.0,0.0,3,0,0
3175,38,17,21,10,12,4,12,5,3,0,2,0,0,0,0,0,7,1,0,0,0,0,0,1.0,1.0,1.0,0.0,0.0,0.14285714285714285,3,0,0
3176,38,17,21,10,12,4,12,5,3,0,2,0,0,0,0,0,0,0,0,0,0,0,0,1.0,1.0,1.0,0.0,0.0,0.0,3,0,0
3177,38,17,21,7,15,3,13,6,3,0,2,0,0,0,0,0,0,0,0,0,0,0,0,1.0,1.0,1.0,0.0,0.0,0.0,3,0,0
3178,38,17,21,7,15,3,13,6,3,0,2,0,0,0,0,0,0,0,0,0,0,0,0,1.0,1.0,1.0,0.0,0.0,0.0,3,0,0
3179,38,17,21,7,15,3,13,6,3,0,2,0,0,0,0,0,0,0,0,0,0,0,0,1.0,1.0,1.0,0.0,0.0,0.0,3,0,0
3180,38,17,21,7,15,3,13,6,3,0,2,0,0,0,0,0,0,0,0,0,0,0,0,1.0,1.0,1.0,0.0,0.0,0.0,3,0,0
3181,38,17,21,7,15,3,13,6,3,0,2,0,0,0,0,0,0,0,0,0,0,0,0,1.0,1.0,1.0,0.0,0.0,0.0,3,0,0
3182,38,17,21,7,15,3,13,6,3,0,2,0,0,0,0,0,0,0,0,0,0,0,0,1.0,1.0,1.0,0.0,0.0,0.0,3,0,0
3183,38,17,21,7,15,3,13,6,3,0,2,0,0,0,0,0,0,0,0,0,0,0,0,1.0,1.0,1.0,0.0,0.0,0.0,3,0,0
3184,41,18,23,10,15,3,13,6,3,0,3,0,0,0,0,0,5,1,0,1,0,0,0,1.0,1.0,1.0,0.07894736842105263,0.07894736842105263,0.2,3,3,0
3185,41,18,23,10,15,3,13,6,3,0,3,0,0,0,0,0,0,0,0,0,0,0,0,1.0,1.0,1.0,0.0,0.0,0.0,3,0,0
3186,41,18,23,10,15,3,13,6,3,0,3,0,0,0,0,0,0,0,0,0,0,0,0,1.0,1.0,1.0,0.0,0.0,0.0,3,0,0
3187,41,18,23,10,15,3,13,6,3,0,3,0,0,0,0,0,0,0,0,0,0,0,0,1.0,1.0,1.0,0.0,0.0,0.0,3,0,0
3188,41,18,23,10,15,3,13,6,3,0,3,0,0,0,0,0,0,0,0,0,0,0,0,1.0,1.0,1.0,0.0,0.0,0.0,3,0,0
3189,41,18,23,10,15,3,13,6,3,0,3,0,0,0,0,0,0,0,0,0,0,0,0,1.0,1.0,1.0,0.0,0.0,0.0,3,0,0
3190,41,18,23,10,15,3,13,6,3,0,3,0,0,0,0,0,0,0,0,0,0,0,0,1.0,1.0,1.0,0.0,0.0,0.0,3,0,0
3191,40,18,22,10,14,3,13,6,3,0,3,0,0,0,0,0,0,0,0,0,1,0,1,0.96,1.0,1.0,0.0,0.0,0.0,3,0,1
3192,39,17,22,10,14,3,12,6,3,0,3,0,0,0,0,0,0,0,0,0,0,0,0,1.0,0.8571428571428572,1.0,0.0,0.0,0.0,3,0,1
3193,39,17,22,10,14,3,12,6,3,0,3,0,0,0,0,0,0,0,0,0,0,0,0,1.0,1.0,1.0,0.0,0.0,0.0,3,0,0
3194,38,16,22,10,13,3,12,6,3,0,3,0,0,1,0,0,0,0,0,0,1,0,1,0.9583333333333334,1.0,1.0,0.0,0.0,0.0,3,0,1
3195,36,14,22,10,13,3,10,6,3,0,3,0,0,2,0,0,0,0,0,0,0,2,2,1.0,0.6666666666666667,1.0,0.0,0.0,0.0,3,0,2
3196,34,12,22,10,11,2,11,6,3,0,3,0,0,2,0,0,0,0,0,0,2,4,2,0.9130434782608696,1.0,1.0,0.0,0.0,0.0,3,0,2
3197,33,11,22,10,11,2,10,6,3,0,3,0,0,1,0,0,0,0,0,0,0,0,1,1.0,0.8,1.0,0.0,0.0,0.0,3,0,1
3198,33,11,22,10,11,2,10,6,3,0,3,0,0,0,0,0,0,0,0,0,0,0,0,1.0,1.0,1.0,0.0,0.0,0.0,3,0,0
3199,36,12,24,13,9,4,10,6,2,0,4,0,0,1,0,0,0,0,0,1,1,0,1,0.9473684210526316,1.0,1.0,0.12121212121212122,0.12121212121212122,0.0,3,4,1
3200,36,12,24,13,5,8,10,6,2,0,4,0,0,0,0,0,0,0,0,0,0,0,0,1.0,1.0,1.0,0.0,0.0,0.0,3,0,0
3201,36,12,24,10,8,8,10,6,2,0,4,0,0,0,0,0,0,0,0,0,0,0,0,1.0,1.0,1.0,0.0,0.0,0.0,3,0,0
3202,36,12,24,10,8,8,10,6,2,0,4,0,0,0,0,0,0,0,0,0,0,0,0,1.0,1.0,1.0,0.0,0.0,0.0,3,0,0
3203,36,12,24,10,8,8,10,6,2,0,3,0,0,0,0,0,0,0,0,0,0,0,0,1.0,1.0,1.0,0.0,0.0,0.0,3,0,0
3204,36,12,24,10,8,8,10,6,2,0,3,0,0,0,0,0,1,0,0,0,0,0,0,1.0,1.0,1.0,0.0,0.0,0.0,3,0,0
3205,36,12,24,7,11,8,10,6,2,0,3,0,0,0,0,0,8,0,0,0,0,0,0,1.0,1.0,1.0,0.0,0.0,0.0,3,0,0
3206,36,12,24,7,11,8,10,6,2,1,3,0,0,0,0,0,3,0,1,0,0,0,0,1.0,1.0,1.0,0.0,0.0,0.0,3,0,0
3207,36,12,24,7,11,8,10,6,2,1,2,0,0,0,0,0,0,0,0,0,0,0,0,1.0,1.0,1.0,0.0,0.0,0.0,3,0,0
3208,36,12,24,7,11,8,10,6,3,1,2,0,0,0,0,0,6,1,0,0,0,0,0,1.0,1.0,1.0,0.0,0.0,0.16666666666666666,3,0,0
3209,36,12,24,7,11,8,10,6,3,1,2,0,0,0,0,0,0,0,0,0,0,0,0,1.0,1.0,1.0,0.0,0.0,0.0,3,0,0
3210,36,12,24,7,11,8,10,6,3,1,2,0,0,0,0,0,0,0,0,0,0,0,0,1.0,1.0,1.0,0.0,0.0,0.0,3,0,0
3211,36,12,24,7,11,8,10,6,3,1,2,0,0,0,0,0,0,0,0,0,0,0,0,1.0,1.0,1.0,0.0,0.0,0.0,3,0,0
3212,36,12,24,7,11,8,10,6,3,1,2,0,0,0,0,0,0,0,0,0,0,0,0,1.0,1.0,1.0,0.0,0.0,0.0,3,0,0
3213,36,12,24,7,11,8,10,6,3,1,2,0,0,0,0,0,0,0,0,0,0,0,0,1.0,1.0,1.0,0.0,0.0,0.0,3,0,0
3214,36,12,24,7,11,8,10,6,3,1,2,0,0,0,0,0,0,0,0,0,0,0,0,1.0,1.0,1.0,0.0,0.0,0.0,3,0,0
3215,36,12,24,7,11,7,11,6,3,1,2,0,0,0,0,0,0,0,0,0,0,0,0,1.0,1.0,1.0,0.0,0.0,0.0,3,0,0
3216,36,12,24,7,11,7,11,6,3,1,2,0,0,0,0,0,0,0,0,0,0,0,0,1.0,1.0,1.0,0.0,0.0,0.0,3,0,0
3217,35,12,23,7,10,7,11,6,3,1,2,0,0,0,0,0,0,0,0,0,1,0,1,0.9444444444444444,1.0,1.0,0.0,0.0,0.0,3,0,1
3218,35,12,23,7,10,7,11,6,3,1,2,0,0,0,0,0,0,0,0,0,0,0,0,1.0,1.0,1.0,0.0,0.0,0.0,3,0,0
3219,35,12,23,7,10,7,11,6,3,1,2,0,0,0,0,0,0,0,0,0,0,0,0,1.0,1.0,1.0,0.0,0.0,0.0,3,0,0
3220,35,12,23,7,10,7,11,6,3,1,2,0,0,0,0,0,0,0,0,0,0,0,0,1.0,1.0,1.0,0.0,0.0,0.0,3,0,0
3221,35,12,23,7,10,7,11,6,3,1,2,0,0,0,0,0,0,0,0,0,0,0,0,1.0,1.0,1.0,0.0,0.0,0.0,3,0,0
3222,35,12,23,7,10,7,11,6,3,1,2,0,0,0,0,0,0,0,0,0,0,0,0,1.0,1.0,1.0,0.0,0.0,0.0,3,0,0
3223,35,12,23,7,10,7,11,6,3,1,2,0,0,0,0,0,0,0,0,0,0,0,0,1.0,1.0,1.0,0.0,0.0,0.0,3,0,0
3224,35,12,23,7,10,7,11,6,3,1,2,0,0,0,0,0,0,0,0,0,0,0,0,1.0,1.0,1.0,0.0,0.0,0.0,3,0,0
3225,35,12,23,7,10,7,11,6,3,1,2,0,0,0,0,0,0,0,0,0,0,0,0,1.0,1.0,1.0,0.0,0.0,0.0,3,0,0
3226,35,12,23,7,10,7,11,6,3,1,2,0,0,0,0,0,0,0,0,0,0,0,0,1.0,1.0,1.0,0.0,0.0,0.0,3,0,0
3227,35,12,23,4,13,7,11,6,3,1,2,0,0,0,0,0,0,0,0,0,0,0,0,1.0,1.0,1.0,0.0,0.0,0.0,3,0,0
3228,35,12,23,4,13,6,12,7,3,1,2,0,0,0,0,0,0,0,0,0,0,0,0,1.0,1.0,1.0,0.0,0.0,0.0,3,0,0
3229,35,12,23,4,13,6,12,7,3,1,1,0,0,0,0,0,0,0,0,0,0,0,0,1.0,1.0,1.0,0.0,0.0,0.0,3,0,0
3230,35,12,23,4,13,6,12,7,3,1,1,0,0,0,0,0,0,0,0,0,0,0,0,1.0,1.0,1.0,0.0,0.0,0.0,3,0,0
3231,35,12,23,4,13,6,12,7,3,1,1,0,0,0,0,0,0,0,0,0,0,0,0,1.0,1.0,1.0,0.0,0.0,0.0,3,0,0
3232,35,12,23,4,13,6,12,7,3,1,1,0,0,0,0,0,0,0,0,0,0,0,0,1.0,1.0,1.0,0.0,0.0,0.0,3,0,0
3233,35,12,23,4,13,6,12,7,3,1,1,0,0,0,0,0,0,0,0,0,0,0,0,1.0,1.0,1.0,0.0,0.0,0.0,3,0,0
3234,35,12,23,4,13,6,12,7,3,1,1,0,0,0,0,0,0,0,0,0,0,0,0,1.0,1.0,1.0,0.0,0.0,0.0,3,0,0
3235,35,12,23,4,13,6,12,7,3,1,1,0,0,0,0,0,0,0,0,0,0,0,0,1.0,1.0,1.0,0.0,0.0,0.0,3,0,0
3236,35,12,23,4,13,6,12,7,3,1,1,0,0,0,0,0,0,0,0,0,0,0,0,1.0,1.0,1.0,0.0,0.0,0.0,3,0,0
3237,35,12,23,4,13,6,12,7,3,1,1,0,0,0,0,0,0,0,0,0,0,0,0,1.0,1.0,1.0,0.0,0.0,0.0,3,0,0
3238,35,12,23,4,13,6,12,7,3,1,1,0,0,0,0,0,0,0,0,0,0,0,0,1.0,1.0,1.0,0.0,0.0,0.0,3,0,0
3239,35,12,23,4,13,5,13,8,3,1,1,0,0,0,0,0,0,0,0,0,0,0,0,1.0,1.0,1.0,0.0,0.0,0.0,3,0,0
3240,39,14,25,8,13,5,13,8,2,1,2,0,0,0,0,0,0,0,0,1,0,0,0,1.0,1.0,1.0,0.11428571428571428,0.11428571428571428,0.0,3,4,0
3241,39,14,25,8,13,5,13,8,2,1,2,0,0,0,0,0,0,0,0,0,0,0,0,1.0,1.0,1.0,0.0,0.0,0.0,3,0,0
3242,39,14,25,4,17,5,13,8,2,1,2,0,0,0,0,0,0,0,0,0,0,0,0,1.0,1.0,1.0,0.0,0.0,0.0,3,0,0
3243,39,14,25,4,17,5,13,8,2,1,2,0,0,0,0,0,0,0,0,0,0,0,0,1.0,1.0,1.0,0.0,0.0,0.0,3,0,0
3244,39,14,25,4,17,5,13,8,2,1,1,0,0,0,0,0,0,0,0,0,0,2,0,1.0,1.0,1.0,0.0,0.0,0.0,3,0,0
3245,39,14,25,4,17,5,13,8,2,1,1,0,0,0,0,0,0,0,0,0,0,0,0,1.0,1.0,1.0,0.0,0.0,0.0,3,0,0
3246,39,14,25,4,17,5,13,8,2,1,1,0,0,0,0,0,0,0,0,0,0,0,0,1.0,1.0,1.0,0.0,0.0,0.0,3,0,0
3247,39,14,25,4,17,5,13,8,2,1,1,0,0,0,0,0,0,0,0,0,0,0,0,1.0,1.0,1.0,0.0,0.0,0.0,3,0,0
3248,39,14,25,4,15,7,13,8,2,1,1,0,0,0,0,0,0,0,0,0,0,0,0,1.0,1.0,1.0,0.0,0.0,0.0,3,0,0
3249,43,15,28,8,15,7,13,8,1,1,2,0,0,0,0,0,0,0,0,1,0,0,0,1.0,1.0,1.0,0.10256410256410256,0.10256410256410256,0.0,3,4,0
3250,43,15,28,8,15,7,13,8,1,1,2,0,0,0,0,0,0,0,0,0,0,0,0,1.0,1.0,1.0,0.0,0.0,0.0,3,0,0
3251,43,15,28,8,15,7,13,8,1,0,2,0,0,0,0,0,0,0,0,0,0,0,0,1.0,1.0,1.0,0.0,0.0,0.0,3,0,0
3252,43,15,28,8,15,7,13,8,1,0,2,0,0,0,0,0,0,0,0,0,0,0,0,1.0,1.0,1.0,0.0,0.0,0.0,3,0,0
3253,43,15,28,8,15,7,13,8,1,0,2,0,0,0,0,0,0,0,0,0,0,0,0,1.0,1.0,1.0,0.0,0.0,0.0,3,0,0
3254,43,15,28,8,15,7,13,8,1,0,2,0,0,0,0,0,0,0,0,0,0,0,0,1.0,1.0,1.0,0.0,0.0,0.0,3,0,0
3255,43,15,28,8,15,7,13,8,1,0,2,0,0,0,0,0,0,0,0,0,0,0,0,1.0,1.0,1.0,0.0,0.0,0.0,3,0,0
3256,43,15,28,8,15,7,13,8,1,0,2,0,0,0,0,0,0,0,0,0,0,0,0,1.0,1.0,1.0,0.0,0.0,0.0,3,0,0
3257,43,15,28,8,15,7,13,8,1,0,2,0,0,0,0,0,0,0,0,0,0,0,0,1.0,1.0,1.0,0.0,0.0,0.0,3,0,0
3258,43,15,28,8,15,7,13,8,1,0,2,0,0,0,0,0,0,0,0,0,0,0,0,1.0,1.0,1.0,0.0,0.0,0.0,3,0,0
3259,43,15,28,8,15,7,13,8,1,0,2,0,0,0,0,0,0,0,0,0,0,0,0,1.0,1.0,1.0,0.0,0.0,0.0,3,0,0
3260,43,15,28,8,15,7,13,8,1,0,2,0,0,0,0,0,0,0,0,0,0,0,0,1.0,1.0,1.0,0.0,0.0,0.0,3,0,0
3261,43,15,28,8,15,7,13,8,1,0,2,0,0,0,0,0,0,0,0,0,0,0,0,1.0,1.0,1.0,0.0,0.0,0.0,3,0,0
3262,43,15,28,8,15,7,13,8,1,0,2,0,0,0,0,0,0,0,0,0,0,0,0,1.0,1.0,1.0,0.0,0.0,0.0,3,0,0
3263,43,15,28,8,15,7,13,8,1,0,2,0,0,0,0,0,0,0,0,0,0,0,0,1.0,1.0,1.0,0.0,0.0,0.0,3,0,0
3264,43,15,28,8,15,7,13,8,1,0,2,0,0,0,0,0,0,0,0,0,0,0,0,1.0,1.0,1.0,0.0,0.0,0.0,3,0,0
3265,42,15,27,8,14,7,13,8,1,0,2,0,0,0,0,0,0,0,0,0,1,0,1,0.9565217391304348,1.0,1.0,0.0,0.0,0.0,3,0,1
3266,41,14,27,8,13,7,13,8,1,0,2,0,0,0,0,0,0,0,0,0,1,0,1,0.9545454545454546,1.0,1.0,0.0,0.0,0.0,3,0,1
3267,41,14,27,8,13,7,13,8,1,0,2,0,0,0,0,0,0,0,0,0,0,0,0,1.0,1.0,1.0,0.0,0.0,0.0,3,0,0
3268,41,14,27,8,13,7,13,8,1,0,2,0,0,0,0,0,0,0,0,0,0,0,0,1.0,1.0,1.0,0.0,0.0,0.0,3,0,0
3269,41,14,27,8,13,7,13,8,1,0,2,0,0,0,0,0,0,0,0,0,0,0,0,1.0,1.0,1.0,0.0,0.0,0.0,3,0,0
3270,41,14,27,8,13,7,13,8,1,0,2,0,0,0,0,0,0,0,0,0,0,0,0,1.0,1.0,1.0,0.0,0.0,0.0,3,0,0
3271,41,14,27,8,13,7,13,8,1,0,2,0,0,0,0,0,0,0,0,0,0,0,0,1.0,1.0,1.0,0.0,0.0,0.0,3,0,0
3272,41,14,27,8,13,7,13,8,1,0,2,0,0,0,0,0,0,0,0,0,0,0,0,1.0,1.0,1.0,0.0,0.0,0.0,3,0,0
3273,45,14,31,12,13,7,13,8,0,0,3,0,0,0,0,0,0,0,0,1,0,0,0,1.0,1.0,1.0,0.0975609756097561,0.0975609756097561,0.0,3,4,0
3274,45,14,31,12,13,7,13,8,0,0,3,0,0,0,0,0,0,0,0,0,0,0,0,1.0,1.0,1.0,0.0,0.0,0.0,3,0,0
3275,45,14,31,12,13,7,13,8,0,0,3,0,0,0,0,0,0,0,0,0,0,0,0,1.0,1.0,1.0,0.0,0.0,0.0,3,0,0
3276,45,14,31,12,13,7,13,8,0,0,3,0,0,0,0,0,0,0,0,0,0,0,0,1.0,1.0,1.0,0.0,0.0,0.0,3,0,0
3277,44,13,31,12,12,7,13,8,0,0,3,0,0,0,0,0,0,0,0,0,1,0,1,0.96,1.0,1.0,0.0,0.0,0.0,3,0,1
3278,43,12,31,12,12,7,12,8,0,0,3,0,0,0,0,0,0,0,0,0,0,0,0,1.0,0.8,1.0,0.0,0.0,0.0,3,0,1
3279,43,12,31,12,12,7,12,8,0,0,3,0,0,0,0,0,0,0,0,0,0,0,0,1.0,1.0,1.0,0.0,0.0,0.0,3,0,0
3280,43,12,31,12,12,7,12,8,0,0,3,0,0,0,0,0,0,0,0,0,0,0,0,1.0,1.0,1.0,0.0,0.0,0.0,3,0,0
3281,43,12,31,12,12,7,12,8,0,0,3,0,0,0,0,0,0,0,0,0,0,0,0,1.0,1.0,1.0,0.0,0.0,0.0,3,0,0
3282,43,12,31,12,12,7,12,8,0,0,3,0,0,0,0,0,0,0,0,0,0,0,0,1.0,1.0,1.0,0.0,0.0,0.0,3,0,0
3283,42,11,31,8,16,7,11,8,0,0,3,0,0,0,0,0,0,0,0,0,0,0,0,1.0,0.75,1.0,0.0,0.0,0.0,3,0,1
3284,42,11,31,8,16,7,11,8,0,0,3,0,0,0,0,0,0,0,0,0,0,0,0,1.0,1.0,1.0,0.0,0.0,0.0,3,0,0
3285,41,11,30,7,16,7,11,8,0,0,2,0,0,0,1,0,0,0,0,0,1,0,1,0.9583333333333334,1.0,1.0,0.0,0.0,0.0,3,0,1
3286,39,11,28,7,16,6,10,7,0,0,2,0,0,0,2,0,0,0,0,0,0,0,2,1.0,1.0,0.875,0.0,0.0,0.0,3,0,2
3287,39,11,28,7,16,6,10,7,0,0,2,0,0,0,0,0,0,0,0,0,0,0,0,1.0,1.0,1.0,0.0,0.0,0.0,3,0,0
3288,38,10,28,7,16,5,10,7,0,0,2,0,0,1,0,0,0,0,0,0,0,0,1,1.0,1.0,1.0,0.0,0.0,0.0,3,0,1
3289,38,10,28,7,16,4,11,8,0,0,2,0,0,0,0,0,0,0,0,0,0,0,0,1.0,1.0,1.0,0.0,0.0,0.0,3,0,0
3290,36,10,26,7,15,4,10,7,0,0,2,0,0,0,2,0,0,0,0,0,1,0,2,0.9565217391304348,1.0,0.875,0.0,0.0,0.0,3,0,2
3291,35,10,25,7,15,4,9,6,0,0,2,0,0,0,1,0,0,0,0,0,0,0,1,1.0,1.0,0.8571428571428572,0.0,0.0,0.0,3,0,1
3292,35,10,25,4,18,4,9,6,0,0,2,0,0,0,0,0,0,0,0,0,0,0,0,1.0,1.0,1.0,0.0,0.0,0.0,3,0,0
3293,35,10,25,4,18,4,9,6,0,0,2,0,0,0,0,0,0,0,0,0,0,0,0,1.0,1.0,1.0,0.0,0.0,0.0,3,0,0
3294,35,10,25,4,18,4,9,6,0,0,1,0,0,0,0,0,0,0,0,0,0,0,0,1.0,1.0,1.0,0.0,0.0,0.0,3,0,0
3295,35,10,25,4,18,4,9,6,0,0,1,0,0,0,0,0,0,0,0,0,0,0,0,1.0,1.0,1.0,0.0,0.0,0.0,3,0,0
3296,35,10,25,4,18,4,9,6,0,0,1,0,0,0,0,0,0,0,0,0,0,0,0,1.0,1.0,1.0,0.0,0.0,0.0,3,0,0
3297,35,10,25,4,18,4,9,6,0,0,1,0,0,0,0,0,0,0,0,0,0,0,0,1.0,1.0,1.0,0.0,0.0,0.0,3,0,0
3298,35,10,25,4,18,4,9,6,0,0,1,0,0,0,0,0,0,0,0,0,0,0,0,1.0,1.0,1.0,0.0,0.0,0.0,3,0,0
3299,35,10,25,4,18,4,9,6,0,0,1,0,0,0,0,0,0,0,0,0,0,0,0,1.0,1.0,1.0,0.0,0.0,0.0,3,0,0
3300,35,10,25,4,18,4,9,6,0,0,1,0,0,0,0,0,0,0,0,0,0,0,0,1.0,1.0,1.0,0.0,0.0,0.0,3,0,0
3301,35,10,25,4,18,4,9,6,0,0,1,0,0,0,0,0,0,0,0,0,0,0,0,1.0,1.0,1.0,0.0,0.0,0.0,3,0,0
3302,35,10,25,4,18,4,9,6,0,0,1,0,0,0,0,0,0,0,0,0,0,0,0,1.0,1.0,1.0,0.0,0.0,0.0,3,0,0
3303,35,10,25,4,18,4,9,6,0,0,1,0,0,0,0,0,0,0,0,0,0,0,0,1.0,1.0,1.0,0.0,0.0,0.0,3,0,0
3304,35,10,25,4,18,4,9,6,0,0,1,0,0,0,0,0,0,0,0,0,0,0,0,1.0,1.0,1.0,0.0,0.0,0.0,3,0,0
3305,35,10,25,4,18,4,9,6,0,0,1,0,0,0,0,0,0,0,0,0,0,0,0,1.0,1.0,1.0,0.0,0.0,0.0,3,0,0
3306,35,10,25,4,18,4,9,6,0,0,1,0,0,0,0,0,0,0,0,0,0,0,0,1.0,1.0,1.0,0.0,0.0,0.0,3,0,0
3307,35,10,25,4,18,4,9,6,0,0,1,0,0,0,0,0,0,0,0,0,0,0,0,1.0,1.0,1.0,0.0,0.0,0.0,3,0,0
3308,35,10,25,4,18,4,9,6,0,0,1,0,0,0,0,0,0,0,0,0,0,0,0,1.0,1.0,1.0,0.0,0.0,0.0,3,0,0
3309,35,10,25,4,18,4,9,6,0,0,1,0,0,0,0,0,0,0,0,0,0,1,0,1.0,1.0,1.0,0.0,0.0,0.0,3,0,0
3310,35,10,25,4,18,4,9,6,0,0,1,0,0,0,0,0,0,0,0,0,0,0,0,1.0,1.0,1.0,0.0,0.0,0.0,3,0,0
3311,35,10,25,4,18,4,9,6,0,0,1,0,0,0,0,0,0,0,0,0,0,0,0,1.0,1.0,1.0,0.0,0.0,0.0,3,0,0
3312,35,10,25,4,18,4,9,6,0,0,1,0,0,0,0,0,0,0,0,0,0,0,0,1.0,1.0,1.0,0.0,0.0,0.0,3,0,0
3313,35,10,25,4,17,5,9,6,0,0,1,0,0,0,0,0,0,0,0,0,0,0,0,1.0,1.0,1.0,0.0,0.0,0.0,3,0,0
3314,35,10,25,4,17,5,9,6,0,0,1,0,0,0,0,0,0,0,0,0,0,1,0,1.0,1.0,1.0,0.0,0.0,0.0,3,0,0
3315,35,10,25,4,17,5,9,6,2,0,1,0,0,0,0,0,16,2,0,0,0,0,0,1.0,1.0,1.0,0.0,0.0,0.125,3,0,0
3316,35,10,25,0,21,5,9,6,3,1,1,0,0,0,0,0,8,1,1,0,0,0,0,1.0,1.0,1.0,0.0,0.0,0.125,3,0,0
3317,35,10,25,0,21,5,9,6,3,1,1,0,0,0,0,0,7,0,0,0,0,0,0,1.0,1.0,1.0,0.0,0.0,0.0,3,0,0
3318,35,10,25,0,20,6,9,6,4,1,0,0,0,0,0,0,6,1,0,0,0,0,0,1.0,1.0,1.0,0.0,0.0,0.16666666666666666,3,0,0
3319,35,10,25,0,20,6,9,6,5,1,0,0,0,0,0,0,2,1,0,0,0,0,0,1.0,1.0,1.0,0.0,0.0,0.5,3,0,0
3320,35,10,25,0,20,6,9,6,5,1,0,0,0,0,0,0,0,0,0,0,0,0,0,1.0,1.0,1.0,0.0,0.0,0.0,3,0,0
3321,35,10,25,0,20,6,9,6,5,1,0,0,0,0,0,0,0,0,0,0,0,0,0,1.0,1.0,1.0,0.0,0.0,0.0,3,0,0
3322,35,10,25,0,20,6,9,6,5,1,0,0,0,0,0,0,0,0,0,0,0,0,0,1.0,1.0,1.0,0.0,0.0,0.0,3,0,0
3323,35,10,25,0,20,6,9,6,5,1,0,0,0,0,0,0,0,0,0,0,0,0,0,1.0,1.0,1.0,0.0,0.0,0.0,3,0,0
3324,35,10,25,0,20,6,9,6,5,1,0,0,0,0,0,0,0,0,0,0,0,0,0,1.0,1.0,1.0,0.0,0.0,0.0,3,0,0
3325,35,10,25,0,20,6,9,6,5,1,0,0,0,0,0,0,0,0,0,0,0,0,0,1.0,1.0,1.0,0.0,0.0,0.0,3,0,0
3326,35,10,25,0,20,6,9,6,5,1,0,0,0,0,0,0,0,0,0,0,0,0,0,1.0,1.0,1.0,0.0,0.0,0.0,3,0,0
3327,35,10,25,0,20,6,9,6,5,1,0,0,0,0,0,0,0,0,0,0,0,0,0,1.0,1.0,1.0,0.0,0.0,0.0,3,0,0
3328,35,10,25,0,20,6,9,6,5,1,0,0,0,0,0,0,0,0,0,0,0,0,0,1.0,1.0,1.0,0.0,0.0,0.0,3,0,0
3329,35,10,25,0,20,6,9,6,5,1,0,0,0,0,0,0,0,0,0,0,0,0,0,1.0,1.0,1.0,0.0,0.0,0.0,3,0,0
3330,35,10,25,0,20,6,9,6,5,1,0,0,0,0,0,0,0,0,0,0,0,0,0,1.0,1.0,1.0,0.0,0.0,0.0,3,0,0
3331,35,10,25,0,20,6,9,6,5,1,0,0,0,0,0,0,0,0,0,0,0,0,0,1.0,1.0,1.0,0.0,0.0,0.0,3,0,0
3332,35,10,25,0,20,6,9,6,5,1,0,0,0,0,0,0,0,0,0,0,0,0,0,1.0,1.0,1.0,0.0,0.0,0.0,3,0,0
3333,35,10,25,0,20,6,9,6,5,1,0,0,0,0,0,0,0,0,0,0,0,0,0,1.0,1.0,1.0,0.0,0.0,0.0,3,0,0
3334,35,10,25,0,20,6,9,6,5,1,0,0,0,0,0,0,0,0,0,0,0,0,0,1.0,1.0,1.0,0.0,0.0,0.0,3,0,0
3335,35,10,25,0,20,6,9,6,5,1,0,0,0,0,0,0,0,0,0,0,0,0,0,1.0,1.0,1.0,0.0,0.0,0.0,3,0,0
3336,35,10,25,0,20,6,9,6,5,1,0,0,0,0,0,0,0,0,0,0,0,0,0,1.0,1.0,1.0,0.0,0.0,0.0,3,0,0
3337,35,10,25,0,20,6,9,6,5,1,0,0,0,0,0,0,0,0,0,0,0,0,0,1.0,1.0,1.0,0.0,0.0,0.0,3,0,0
3338,35,10,25,0,20,6,9,6,5,1,0,0,0,0,0,0,0,0,0,0,0,2,0,1.0,1.0,1.0,0.0,0.0,0.0,3,0,0
3339,35,10,25,0,20,6,9,6,5,1,0,0,0,0,0,0,0,0,0,0,0,0,0,1.0,1.0,1.0,0.0,0.0,0.0,3,0,0
3340,35,10,25,0,20,6,9,6,5,1,0,0,0,0,0,0,0,0,0,0,0,0,0,1.0,1.0,1.0,0.0,0.0,0.0,3,0,0
3341,35,10,25,0,20,6,9,6,5,1,0,0,0,0,0,0,0,0,0,0,0,0,0,1.0,1.0,1.0,0.0,0.0,0.0,3,0,0
3342,35,10,25,0,18,8,9,6,5,1,0,0,0,0,0,0,0,0,0,0,0,3,0,1.0,1.0,1.0,0.0,0.0,0.0,3,0,0
3343,35,10,25,0,18,8,9,6,5,1,0,0,0,0,0,0,0,0,0,0,0,0,0,1.0,1.0,1.0,0.0,0.0,0.0,3,0,0
3344,35,10,25,0,18,8,9,6,5,1,0,0,0,0,0,0,0,0,0,0,0,0,0,1.0,1.0,1.0,0.0,0.0,0.0,3,0,0
3345,35,10,25,0,18,8,9,6,5,1,0,0,0,0,0,0,0,0,0,0,0,0,0,1.0,1.0,1.0,0.0,0.0,0.0,3,0,0
3346,35,10,25,0,15,11,9,6,5,1,0,0,0,0,0,0,0,0,0,0,0,0,0,1.0,1.0,1.0,0.0,0.0,0.0,3,0,0
3347,35,10,25,0,15,11,9,6,5,1,0,0,0,0,0,0,0,0,0,0,0,0,0,1.0,1.0,1.0,0.0,0.0,0.0,3,0,0
3348,35,10,25,0,15,11,9,6,5,1,0,0,0,0,0,0,0,0,0,0,0,0,0,1.0,1.0,1.0,0.0,0.0,0.0,3,0,0
3349,35,10,25,0,15,11,9,6,5,1,0,0,0,0,0,0,0,0,0,0,0,0,0,1.0,1.0,1.0,0.0,0.0,0.0,3,0,0
3350,34,9,25,0,14,11,9,6,5,1,0,0,0,0,0,0,0,0,0,0,1,0,1,0.9333333333333333,1.0,1.0,0.0,0.0,0.0,3,0,1
3351,34,9,25,0,14,11,9,6,5,1,0,0,0,0,0,0,0,0,0,0,0,0,0,1.0,1.0,1.0,0.0,0.0,0.0,3,0,0
3352,34,9,25,0,14,11,9,6,5,1,0,0,0,0,0,0,0,0,0,0,0,0,0,1.0,1.0,1.0,0.0,0.0,0.0,3,0,0
3353,34,9,25,0,14,11,9,6,5,1,0,0,0,0,0,0,0,0,0,0,0,0,0,1.0,1.0,1.0,0.0,0.0,0.0,3,0,0
3354,34,9,25,0,14,11,9,6,5,1,0,0,0,0,0,0,0,0,0,0,0,0,0,1.0,1.0,1.0,0.0,0.0,0.0,3,0,0
3355,33,8,25,0,14,11,8,6,5,1,0,0,0,0,0,0,0,0,0,0,0,0,0,1.0,0.6666666666666667,1.0,0.0,0.0,0.0,3,0,1
3356,33,8,25,0,14,11,8,6,5,1,0,0,0,0,0,0,0,0,0,0,0,0,0,1.0,1.0,1.0,0.0,0.0,0.0,3,0,0
3357,33,8,25,0,14,11,8,6,5,1,0,0,0,0,0,0,0,0,0,0,0,0,0,1.0,1.0,1.0,0.0,0.0,0.0,3,0,0
3358,33,8,25,0,14,11,8,6,5,1,0,0,0,0,0,0,0,0,0,0,0,0,0,1.0,1.0,1.0,0.0,0.0,0.0,3,0,0
3359,33,8,25,0,14,10,9,7,5,1,0,0,0,0,0,0,0,0,0,0,0,0,0,1.0,1.0,1.0,0.0,0.0,0.0,3,0,0
3360,33,8,25,0,14,10,9,7,5,1,0,0,0,0,0,0,0,0,0,0,0,0,0,1.0,1.0,1.0,0.0,0.0,0.0,3,0,0
3361,33,8,25,0,14,10,9,7,5,0,0,0,0,0,0,0,0,0,0,0,0,0,0,1.0,1.0,1.0,0.0,0.0,0.0,3,0,0
3362,33,8,25,0,14,10,9,7,5,1,0,0,0,0,0,0,2,0,1,0,0,0,0,1.0,1.0,1.0,0.0,0.0,0.0,3,0,0
3363,33,8,25,0,14,10,9,7,5,1,0,0,0,0,0,0,0,0,0,0,0,0,0,1.0,1.0,1.0,0.0,0.0,0.0,3,0,0
3364,33,8,25,0,14,10,9,7,5,1,0,0,0,0,0,0,0,0,0,0,0,2,0,1.0,1.0,1.0,0.0,0.0,0.0,3,0,0
3365,33,8,25,0,14,10,9,7,5,1,0,0,0,0,0,0,0,0,0,0,0,0,0,1.0,1.0,1.0,0.0,0.0,0.0,3,0,0
3366,33,8,25,0,14,10,9,7,5,1,0,0,0,0,0,0,0,0,0,0,0,0,0,1.0,1.0,1.0,0.0,0.0,0.0,3,0,0
3367,33,8,25,0,14,10,9,7,6,1,0,0,0,0,0,0,3,1,0,0,0,0,0,1.0,1.0,1.0,0.0,0.0,0.3333333333333333,3,0,0
3368,33,8,25,0,12,12,9,7,6,1,0,0,0,0,0,0,0,0,0,0,0,0,0,1.0,1.0,1.0,0.0,0.0,0.0,3,0,0
3369,33,8,25,0,12,12,9,7,6,1,0,0,0,0,0,0,0,0,0,0,0,0,0,1.0,1.0,1.0,0.0,0.0,0.0,3,0,0
3370,33,8,25,0,12,12,9,7,6,1,0,0,0,0,0,0,0,0,0,0,0,0,0,1.0,1.0,1.0,0.0,0.0,0.0,3,0,0
3371,33,8,25,0,12,12,9,7,6,1,0,0,0,0,0,0,0,0,0,0,0,0,0,1.0,1.0,1.0,0.0,0.0,0.0,3,0,0
3372,33,8,25,0,12,12,9,7,6,1,0,0,0,0,0,0,0,0,0,0,0,0,0,1.0,1.0,1.0,0.0,0.0,0.0,3,0,0
3373,32,7,25,0,11,12,9,7,6,1,0,0,0,0,0,0,0,0,0,0,1,0,1,0.9166666666666666,1.0,1.0,0.0,0.0,0.0,3,0,1
3374,32,7,25,0,11,12,9,7,6,1,0,0,0,0,0,0,0,0,0,0,0,0,0,1.0,1.0,1.0,0.0,0.0,0.0,3,0,0
3375,32,7,25,0,11,12,9,7,6,1,0,0,0,0,0,0,0,0,0,0,0,0,0,1.0,1.0,1.0,0.0,0.0,0.0,3,0,0
3376,32,7,25,0,11,12,9,7,6,1,0,0,0,0,0,0,0,0,0,0,0,0,0,1.0,1.0,1.0,0.0,0.0,0.0,3,0,0
3377,31,6,25,0,11,11,9,7,6,1,0,0,0,1,0,0,0,0,0,0,0,0,1,1.0,1.0,1.0,0.0,0.0,0.0,3,0,1
3378,30,6,24,0,11,11,8,6,6,0,0,0,0,0,1,0,0,0,0,0,0,0,1,1.0,1.0,0.8571428571428572,0.0,0.0,0.0,3,0,1
3379,29,6,23,0,11,10,8,6,6,0,0,0,0,0,1,0,0,0,0,0,0,3,1,1.0,1.0,1.0,0.0,0.0,0.0,3,0,1
3380,30,9,21,4,11,8,7,5,4,0,1,0,0,0,3,0,0,0,0,1,0,0,3,1.0,1.0,0.8333333333333334,0.13793103448275862,0.13793103448275862,0.0,3,4,3
3381,34,11,23,8,11,8,7,5,3,0,2,0,0,0,0,0,0,0,0,1,0,0,0,1.0,1.0,1.0,0.13333333333333333,0.13333333333333333,0.0,3,4,0
3382,34,11,23,8,11,8,7,5,3,0,2,0,0,0,0,0,0,0,0,0,0,0,0,1.0,1.0,1.0,0.0,0.0,0.0,3,0,0
3383,35,12,23,10,8,9,8,5,2,0,3,0,0,1,1,0,0,0,0,1,1,0,2,0.9375,1.0,1.0,0.08823529411764706,0.08823529411764706,0.0,3,3,2
3384,39,14,25,14,8,8,9,6,2,0,4,0,0,0,0,0,4,1,0,1,0,0,0,1.0,1.0,1.0,0.11428571428571428,0.11428571428571428,0.25,3,4,0
3385,39,14,25,14,8,8,9,6,2,0,4,0,0,0,0,0,0,0,0,0,0,0,0,1.0,1.0,1.0,0.0,0.0,0.0,3,0,0
3386,39,14,25,14,8,8,9,6,2,0,4,0,0,0,0,0,0,0,0,0,0,0,0,1.0,1.0,1.0,0.0,0.0,0.0,3,0,0
3387,39,14,25,14,8,8,9,6,2,0,4,0,0,0,0,0,0,0,0,0,0,0,0,1.0,1.0,1.0,0.0,0.0,0.0,3,0,0
3388,39,14,25,14,8,8,9,6,2,0,4,0,0,0,0,0,0,0,0,0,0,0,0,1.0,1.0,1.0,0.0,0.0,0.0,3,0,0
3389,39,14,25,14,8,8,9,6,2,0,4,0,0,0,0,0,0,0,0,0,0,0,0,1.0,1.0,1.0,0.0,0.0,0.0,3,0,0
3390,39,14,25,14,8,8,9,6,2,0,4,0,0,0,0,0,0,0,0,0,0,0,0,1.0,1.0,1.0,0.0,0.0,0.0,3,0,0
3391,39,14,25,14,8,8,9,6,2,0,4,0,0,0,0,0,0,0,0,0,0,0,0,1.0,1.0,1.0,0.0,0.0,0.0,3,0,0
3392,39,14,25,14,8,8,9,6,2,0,4,0,0,0,0,0,0,0,0,0,0,0,0,1.0,1.0,1.0,0.0,0.0,0.0,3,0,0
3393,39,14,25,14,8,8,9,6,2,0,4,0,0,0,0,0,0,0,0,0,0,0,0,1.0,1.0,1.0,0.0,0.0,0.0,3,0,0
3394,39,14,25,14,8,8,9,6,2,0,4,0,0,0,0,0,0,0,0,0,0,0,0,1.0,1.0,1.0,0.0,0.0,0.0,3,0,0
3395,39,14,25,14,8,8,9,6,2,0,4,0,0,0,0,0,0,0,0,0,0,0,0,1.0,1.0,1.0,0.0,0.0,0.0,3,0,0
3396,39,14,25,14,8,8,9,6,2,0,4,0,0,0,0,0,0,0,0,0,0,0,0,1.0,1.0,1.0,0.0,0.0,0.0,3,0,0
3397,39,14,25,14,8,8,9,6,2,0,4,0,0,0,0,0,0,0,0,0,0,0,0,1.0,1.0,1.0,0.0,0.0,0.0,3,0,0
3398,39,14,25,14,8,8,9,6,2,0,4,0,0,0,0,0,0,0,0,0,0,0,0,1.0,1.0,1.0,0.0,0.0,0.0,3,0,0
3399,39,14,25,14,8,8,9,6,2,0,4,0,0,0,0,0,0,0,0,0,0,0,0,1.0,1.0,1.0,0.0,0.0,0.0,3,0,0
3400,39,14,25,14,8,8,9,6,2,0,4,0,0,0,0,0,0,0,0,0,0,0,0,1.0,1.0,1.0,0.0,0.0,0.0,3,0,0
3401,38,14,24,14,8,7,9,6,2,0,4,0,0,0,0,0,0,0,0,0,0,0,0,1.0,1.0,1.0,0.0,0.0,0.0,3,0,1
3402,38,14,24,14,8,7,9,6,2,0,4,0,0,0,0,0,0,0,0,0,0,0,0,1.0,1.0,1.0,0.0,0.0,0.0,3,0,0
3403,38,14,24,14,8,7,9,6,2,0,4,0,0,0,0,0,0,0,0,0,0,0,0,1.0,1.0,1.0,0.0,0.0,0.0,3,0,0
3404,37,14,23,14,7,7,9,6,2,0,4,0,0,0,0,0,0,0,0,0,1,0,1,0.9545454545454546,1.0,1.0,0.0,0.0,0.0,3,0,1
3405,37,14,23,14,7,7,9,6,2,0,4,0,0,0,0,0,0,0,0,0,0,0,0,1.0,1.0,1.0,0.0,0.0,0.0,3,0,0
3406,37,14,23,14,7,7,9,6,2,0,4,0,0,0,0,0,0,0,0,0,0,0,0,1.0,1.0,1.0,0.0,0.0,0.0,3,0,0
3407,37,14,23,14,7,7,9,6,2,0,4,0,0,0,0,0,0,0,0,0,0,0,0,1.0,1.0,1.0,0.0,0.0,0.0,3,0,0
3408,37,14,23,14,7,7,9,6,2,0,4,0,0,0,0,0,0,0,0,0,0,0,0,1.0,1.0,1.0,0.0,0.0,0.0,3,0,0
3409,37,14,23,14,7,7,9,6,2,0,4,0,0,0,0,0,0,0,0,0,0,0,0,1.0,1.0,1.0,0.0,0.0,0.0,3,0,0
3410,37,14,23,14,7,7,9,6,2,0,4,0,0,0,0,0,0,0,0,0,0,0,0,1.0,1.0,1.0,0.0,0.0,0.0,3,0,0
3411,37,14,23,14,7,7,9,6,2,0,4,0,0,0,0,0,0,0,0,0,0,0,0,1.0,1.0,1.0,0.0,0.0,0.0,3,0,0
3412,37,14,23,14,7,7,9,6,2,0,4,0,0,0,0,0,0,0,0,0,0,0,0,1.0,1.0,1.0,0.0,0.0,0.0,3,0,0
3413,37,14,23,14,7,7,9,6,2,0,4,0,0,0,0,0,0,0,0,0,0,0,0,1.0,1.0,1.0,0.0,0.0,0.0,3,0,0
3414,37,14,23,14,7,7,9,6,2,0,4,0,0,0,0,0,0,0,0,0,0,0,0,1.0,1.0,1.0,0.0,0.0,0.0,3,0,0
3415,37,14,23,14,7,7,9,6,2,0,4,0,0,0,0,0,0,0,0,0,0,0,0,1.0,1.0,1.0,0.0,0.0,0.0,3,0,0
3416,37,14,23,14,7,7,9,6,2,0,4,0,0,0,0,0,0,0,0,0,0,0,0,1.0,1.0,1.0,0.0,0.0,0.0,3,0,0
3417,37,14,23,14,7,7,9,6,2,0,4,0,0,0,0,0,0,0,0,0,0,0,0,1.0,1.0,1.0,0.0,0.0,0.0,3,0,0
3418,37,14,23,14,7,7,9,6,2,0,4,0,0,0,0,0,0,0,0,0,0,0,0,1.0,1.0,1.0,0.0,0.0,0.0,3,0,0
3419,37,14,23,14,7,6,10,7,3,0,4,0,0,0,0,0,8,1,0,0,0,0,0,1.0,1.0,1.0,0.0,0.0,0.125,3,0,0
3420,37,14,23,14,7,6,10,7,3,0,4,0,0,0,0,0,0,0,0,0,0,1,0,1.0,1.0,1.0,0.0,0.0,0.0,3,0,0
3421,37,14,23,14,7,6,10,7,3,0,4,0,0,0,0,0,0,0,0,0,0,0,0,1.0,1.0,1.0,0.0,0.0,0.0,3,0,0
3422,37,14,23,14,7,6,10,7,3,0,4,0,0,0,0,0,0,0,0,0,0,0,0,1.0,1.0,1.0,0.0,0.0,0.0,3,0,0
3423,37,14,23,10,11,6,10,7,3,0,4,0,0,0,0,0,0,0,0,0,0,0,0,1.0,1.0,1.0,0.0,0.0,0.0,3,0,0
3424,37,14,23,7,13,6,11,8,3,0,4,0,0,0,0,0,0,0,0,0,0,0,0,1.0,1.0,1.0,0.0,0.0,0.0,3,0,0
3425,36,14,22,6,13,6,11,8,3,0,3,0,0,0,0,0,0,0,0,0,1,0,1,0.95,1.0,1.0,0.0,0.0,0.0,3,0,1
3426,36,14,22,4,15,6,11,8,4,0,2,0,0,0,0,0,3,1,0,0,0,0,0,1.0,1.0,1.0,0.0,0.0,0.3333333333333333,3,0,0
3427,36,14,22,0,19,6,11,8,5,0,2,0,0,0,0,0,8,1,0,0,0,0,0,1.0,1.0,1.0,0.0,0.0,0.125,3,0,0
3428,35,13,22,0,18,6,11,8,5,0,1,0,0,0,0,0,0,0,0,0,1,0,1,0.9473684210526316,1.0,1.0,0.0,0.0,0.0,3,0,1
3429,35,13,22,0,18,6,11,8,5,1,0,0,0,0,0,0,4,0,1,0,0,2,0,1.0,1.0,1.0,0.0,0.0,0.0,3,0,0
3430,35,13,22,0,18,6,11,8,6,1,0,0,0,0,0,0,1,1,0,0,0,0,0,1.0,1.0,1.0,0.0,0.0,1.0,3,0,0
3431,35,13,22,0,18,6,11,8,6,1,0,0,0,0,0,0,0,0,0,0,0,0,0,1.0,1.0,1.0,0.0,0.0,0.0,3,0,0
3432,38,15,23,3,18,6,11,8,6,1,1,0,0,0,0,0,5,1,0,1,0,0,0,1.0,1.0,1.0,0.08571428571428572,0.08571428571428572,0.2,3,3,0
3433,38,15,23,3,16,8,11,8,6,1,1,0,0,0,0,0,0,0,0,0,0,0,0,1.0,1.0,1.0,0.0,0.0,0.0,3,0,0
3434,38,15,23,3,16,7,12,9,7,1,1,0,0,0,0,0,5,1,0,0,0,0,0,1.0,1.0,1.0,0.0,0.0,0.2,3,0,0
3435,38,15,23,3,16,7,12,9,7,1,1,0,0,0,0,0,0,0,0,0,0,0,0,1.0,1.0,1.0,0.0,0.0,0.0,3,0,0
3436,38,15,23,3,16,7,12,9,7,1,1,0,0,0,0,0,0,0,0,0,0,0,0,1.0,1.0,1.0,0.0,0.0,0.0,3,0,0
3437,38,15,23,3,16,7,12,9,7,1,1,0,0,0,0,0,0,0,0,0,0,0,0,1.0,1.0,1.0,0.0,0.0,0.0,3,0,0
3438,38,15,23,3,16,7,12,9,7,1,1,0,0,0,0,0,0,0,0,0,0,0,0,1.0,1.0,1.0,0.0,0.0,0.0,3,0,0
3439,38,15,23,3,16,7,12,9,7,1,1,0,0,0,0,0,0,0,0,0,0,0,0,1.0,1.0,1.0,0.0,0.0,0.0,3,0,0
3440,38,15,23,3,16,7,12,9,7,1,1,0,0,0,0,0,0,0,0,0,0,0,0,1.0,1.0,1.0,0.0,0.0,0.0,3,0,0
3441,38,15,23,3,16,7,12,9,7,1,1,0,0,0,0,0,0,0,0,0,0,0,0,1.0,1.0,1.0,0.0,0.0,0.0,3,0,0
3442,38,15,23,3,16,7,12,9,7,1,1,0,0,0,0,0,0,0,0,0,0,0,0,1.0,1.0,1.0,0.0,0.0,0.0,3,0,0
3443,38,15,23,3,16,7,12,9,7,1,1,0,0,0,0,0,0,0,0,0,0,0,0,1.0,1.0,1.0,0.0,0.0,0.0,3,0,0
3444,38,15,23,3,16,7,12,9,7,1,1,0,0,0,0,0,0,0,0,0,0,0,0,1.0,1.0,1.0,0.0,0.0,0.0,3,0,0
3445,38,15,23,3,16,6,13,10,7,1,1,0,0,0,0,0,7,0,0,0,0,0,0,1.0,1.0,1.0,0.0,0.0,0.0,3,0,0
3446,38,15,23,3,16,6,13,10,8,1,1,0,0,0,0,0,4,1,0,0,0,0,0,1.0,1.0,1.0,0.0,0.0,0.25,3,0,0
3447,38,15,23,3,16,6,13,10,8,1,1,0,0,0,0,0,0,0,0,0,0,0,0,1.0,1.0,1.0,0.0,0.0,0.0,3,0,0
3448,38,15,23,3,16,6,13,10,8,1,1,0,0,0,0,0,0,0,0,0,0,0,0,1.0,1.0,1.0,0.0,0.0,0.0,3,0,0
3449,42,18,24,7,16,6,13,10,7,1,2,0,0,0,0,0,0,0,0,1,0,0,0,1.0,1.0,1.0,0.10526315789473684,0.10526315789473684,0.0,3,4,0
3450,42,18,24,7,16,6,13,10,7,1,2,0,0,0,0,0,0,0,0,0,0,0,0,1.0,1.0,1.0,0.0,0.0,0.0,3,0,0
3451,42,18,24,7,16,6,13,10,7,1,2,0,0,0,0,0,0,0,0,0,0,0,0,1.0,1.0,1.0,0.0,0.0,0.0,3,0,0
3452,41,18,23,7,16,6,12,9,6,1,2,0,0,0,0,0,0,0,0,0,0,0,0,1.0,1.0,0.9,0.0,0.0,0.0,3,0,1
3453,41,18,23,7,16,5,13,9,6,1,2,0,0,0,0,0,0,0,0,0,0,4,0,1.0,1.0,1.0,0.0,0.0,0.0,3,0,0
3454,41,18,23,7,16,5,13,9,6,1,2,0,0,0,0,0,0,0,0,0,0,0,0,1.0,1.0,1.0,0.0,0.0,0.0,3,0,0
3455,41,18,23,7,16,5,13,9,6,1,2,0,0,0,0,0,0,0,0,0,0,0,0,1.0,1.0,1.0,0.0,0.0,0.0,3,0,0
3456,41,18,23,7,16,5,13,9,6,1,2,0,0,0,0,0,0,0,0,0,0,0,0,1.0,1.0,1.0,0.0,0.0,0.0,3,0,0
3457,41,18,23,7,12,9,13,9,6,1,2,0,0,0,0,0,0,0,0,0,0,0,0,1.0,1.0,1.0,0.0,0.0,0.0,3,0,0
3458,41,18,23,7,12,9,13,9,6,1,2,0,0,0,0,0,0,0,0,0,0,0,0,1.0,1.0,1.0,0.0,0.0,0.0,3,0,0
3459,41,18,23,7,12,9,13,9,6,1,2,0,0,0,0,0,0,0,0,0,0,0,0,1.0,1.0,1.0,0.0,0.0,0.0,3,0,0
3460,41,18,23,7,12,9,13,9,6,1,2,0,0,0,0,0,0,0,0,0,0,0,0,1.0,1.0,1.0,0.0,0.0,0.0,3,0,0
3461,41,18,23,7,12,9,13,9,6,1,2,0,0,0,0,0,0,0,0,0,0,0,0,1.0,1.0,1.0,0.0,0.0,0.0,3,0,0
3462,41,18,23,7,12,9,13,9,6,1,2,0,0,0,0,0,0,0,0,0,0,0,0,1.0,1.0,1.0,0.0,0.0,0.0,3,0,0
3463,41,18,23,7,12,9,13,9,6,1,2,0,0,0,0,0,0,0,0,0,0,0,0,1.0,1.0,1.0,0.0,0.0,0.0,3,0,0
3464,41,18,23,7,12,9,13,9,6,1,2,0,0,0,0,0,0,0,0,0,0,0,0,1.0,1.0,1.0,0.0,0.0,0.0,3,0,0
3465,41,18,23,7,12,9,13,9,6,1,2,0,0,0,0,0,0,0,0,0,0,0,0,1.0,1.0,1.0,0.0,0.0,0.0,3,0,0
3466,41,18,23,7,12,9,13,9,6,1,2,0,0,0,0,0,0,0,0,0,0,0,0,1.0,1.0,1.0,0.0,0.0,0.0,3,0,0
3467,41,18,23,7,12,9,13,9,6,1,2,0,0,0,0,0,0,0,0,0,0,0,0,1.0,1.0,1.0,0.0,0.0,0.0,3,0,0
3468,39,18,21,7,12,8,12,8,6,1,1,0,0,0,2,0,0,0,0,0,0,0,2,1.0,1.0,0.8888888888888888,0.0,0.0,0.0,3,0,2
3469,38,18,20,7,12,8,11,7,5,1,1,0,0,0,1,0,0,0,0,0,0,0,1,1.0,1.0,0.875,0.0,0.0,0.0,3,0,1
3470,38,18,20,7,12,8,11,7,5,1,1,0,0,0,0,0,0,0,0,0,0,0,0,1.0,1.0,1.0,0.0,0.0,0.0,3,0,0
3471,37,18,19,7,12,8,10,6,4,1,1,0,0,0,1,0,0,0,0,0,0,0,1,1.0,1.0,0.8571428571428572,0.0,0.0,0.0,3,0,1
3472,36,17,19,6,12,8,10,6,4,1,1,0,0,1,0,0,0,0,0,0,1,0,1,0.9473684210526316,1.0,1.0,0.0,0.0,0.0,3,0,1
3473,33,15,18,6,11,7,9,6,4,1,1,0,0,1,1,0,0,0,0,0,1,0,3,0.9444444444444444,0.75,1.0,0.0,0.0,0.0,3,0,3
3474,32,15,17,6,11,6,9,6,4,0,1,0,0,0,1,0,0,0,0,0,0,0,1,1.0,1.0,1.0,0.0,0.0,0.0,3,0,1
3475,32,15,17,4,13,6,9,6,5,0,1,0,0,0,0,0,7,1,0,0,0,0,0,1.0,1.0,1.0,0.0,0.0,0.14285714285714285,3,0,0
3476,32,15,17,4,13,6,9,6,5,0,1,0,0,0,0,0,0,0,0,0,0,0,0,1.0,1.0,1.0,0.0,0.0,0.0,3,0,0
3477,32,15,17,4,13,5,10,7,5,0,0,0,0,0,0,0,0,0,0,0,0,0,0,1.0,1.0,1.0,0.0,0.0,0.0,3,0,0
3478,32,15,17,4,13,5,10,7,6,0,0,0,0,0,0,0,7,1,0,0,0,0,0,1.0,1.0,1.0,0.0,0.0,0.14285714285714285,3,0,0
3479,32,15,17,4,13,5,10,7,6,0,0,0,0,0,0,0,0,0,0,0,0,0,0,1.0,1.0,1.0,0.0,0.0,0.0,3,0,0
3480,32,15,17,4,13,5,10,7,6,0,0,0,0,0,0,0,0,0,0,0,0,0,0,1.0,1.0,1.0,0.0,0.0,0.0,3,0,0
3481,32,15,17,4,13,5,10,7,6,0,0,0,0,0,0,0,0,0,0,0,0,0,0,1.0,1.0,1.0,0.0,0.0,0.0,3,0,0
3482,32,15,17,4,13,5,10,7,6,0,0,0,0,0,0,0,0,0,0,0,0,0,0,1.0,1.0,1.0,0.0,0.0,0.0,3,0,0
3483,32,15,17,4,13,5,10,7,6,0,0,0,0,0,0,0,0,0,0,0,0,0,0,1.0,1.0,1.0,0.0,0.0,0.0,3,0,0
3484,36,18,18,8,13,5,10,7,5,0,1,0,0,0,0,0,1,0,0,1,0,0,0,1.0,1.0,1.0,0.125,0.125,0.0,3,4,0
3485,36,18,18,8,13,5,10,7,6,0,1,0,0,0,0,0,8,1,0,0,0,0,0,1.0,1.0,1.0,0.0,0.0,0.125,3,0,0
3486,36,18,18,8,13,5,10,7,6,0,1,0,0,0,0,0,0,0,0,0,0,0,0,1.0,1.0,1.0,0.0,0.0,0.0,3,0,0
3487,36,18,18,8,13,5,10,7,6,0,1,0,0,0,0,0,0,0,0,0,0,0,0,1.0,1.0,1.0,0.0,0.0,0.0,3,0,0
3488,36,18,18,8,13,5,10,7,6,0,1,0,0,0,0,0,0,0,0,0,0,0,0,1.0,1.0,1.0,0.0,0.0,0.0,3,0,0
3489,36,18,18,8,13,5,10,7,6,0,1,0,0,0,0,0,0,0,0,0,0,0,0,1.0,1.0,1.0,0.0,0.0,0.0,3,0,0
3490,36,18,18,8,13,5,10,7,6,0,1,0,0,0,0,0,0,0,0,0,0,0,0,1.0,1.0,1.0,0.0,0.0,0.0,3,0,0
3491,36,18,18,8,13,5,10,7,6,0,1,0,0,0,0,0,0,0,0,0,0,0,0,1.0,1.0,1.0,0.0,0.0,0.0,3,0,0
3492,36,18,18,4,17,5,10,7,6,0,1,0,0,0,0,0,0,0,0,0,0,0,0,1.0,1.0,1.0,0.0,0.0,0.0,3,0,0
3493,36,18,18,4,17,5,10,7,6,0,1,0,0,0,0,0,0,0,0,0,0,0,0,1.0,1.0,1.0,0.0,0.0,0.0,3,0,0
3494,36,18,18,4,17,5,10,7,6,0,1,0,0,0,0,0,0,0,0,0,0,0,0,1.0,1.0,1.0,0.0,0.0,0.0,3,0,0
3495,40,19,21,8,17,5,10,7,5,0,2,0,0,0,0,0,0,0,0,1,0,0,0,1.0,1.0,1.0,0.1111111111111111,0.1111111111111111,0.0,3,4,0
3496,40,19,21,8,17,5,10,7,5,0,2,0,0,0,0,0,0,0,0,0,0,0,0,1.0,1.0,1.0,0.0,0.0,0.0,3,0,0
3497,44,21,23,12,17,5,10,7,4,0,3,0,0,0,0,0,0,0,0,1,0,0,0,1.0,1.0,1.0,0.1,0.1,0.0,3,4,0
3498,44,21,23,12,17,5,10,7,4,0,3,0,0,0,0,0,0,0,0,0,0,0,0,1.0,1.0,1.0,0.0,0.0,0.0,3,0,0
3499,48,23,25,16,17,5,10,7,3,0,4,0,0,0,0,0,0,0,0,1,0,0,0,1.0,1.0,1.0,0.09090909090909091,0.09090909090909091,0.0,3,4,0
3500,48,23,25,16,17,5,10,7,3,0,4,0,0,0,0,0,0,0,0,0,0,0,0,1.0,1.0,1.0,0.0,0.0,0.0,3,0,0
3501,48,23,25,16,17,5,10,7,3,0,4,0,0,0,0,0,0,0,0,0,0,0,0,1.0,1.0,1.0,0.0,0.0,0.0,3,0,0
3502,48,23,25,16,17,5,10,7,3,0,4,0,0,0,0,0,0,0,0,0,0,0,0,1.0,1.0,1.0,0.0,0.0,0.0,3,0,0
3503,46,22,24,15,17,5,9,6,3,0,3,0,0,0,0,0,0,0,0,0,1,0,1,0.9696969696969697,1.0,0.8571428571428572,0.0,0.0,0.0,3,0,2
3504,46,22,24,15,17,5,9,6,3,0,3,0,0,0,0,0,0,0,0,0,0,0,0,1.0,1.0,1.0,0.0,0.0,0.0,3,0,0
3505,46,22,24,15,17,5,9,6,3,0,3,0,0,0,0,0,0,0,0,0,0,0,0,1.0,1.0,1.0,0.0,0.0,0.0,3,0,0
3506,46,22,24,15,17,5,9,6,3,0,3,0,0,0,0,0,0,0,0,0,0,0,0,1.0,1.0,1.0,0.0,0.0,0.0,3,0,0
3507,46,22,24,15,17,5,9,6,3,0,3,0,0,0,0,0,0,0,0,0,0,0,0,1.0,1.0,1.0,0.0,0.0,0.0,3,0,0
3508,46,22,24,15,17,5,9,6,3,0,3,0,0,0,0,0,0,0,0,0,0,0,0,1.0,1.0,1.0,0.0,0.0,0.0,3,0,0
3509,46,22,24,15,17,5,9,6,3,0,3,0,0,0,0,0,0,0,0,0,0,0,0,1.0,1.0,1.0,0.0,0.0,0.0,3,0,0
3510,46,22,24,15,17,5,9,6,3,0,3,0,0,0,0,0,0,0,0,0,0,0,0,1.0,1.0,1.0,0.0,0.0,0.0,3,0,0
3511,46,22,24,15,17,5,9,6,3,0,3,0,0,0,0,0,0,0,0,0,0,0,0,1.0,1.0,1.0,0.0,0.0,0.0,3,0,0
3512,46,22,24,15,17,5,9,6,3,0,3,0,0,0,0,0,0,0,0,0,0,0,0,1.0,1.0,1.0,0.0,0.0,0.0,3,0,0
3513,45,21,24,15,16,5,9,6,3,0,3,0,0,0,0,0,0,0,0,0,1,0,1,0.96875,1.0,1.0,0.0,0.0,0.0,3,0,1
3514,45,21,24,15,16,5,9,6,3,0,3,0,0,0,0,0,0,0,0,0,0,0,0,1.0,1.0,1.0,0.0,0.0,0.0,3,0,0
3515,45,21,24,15,16,5,9,6,3,0,3,0,0,0,0,0,0,0,0,0,0,0,0,1.0,1.0,1.0,0.0,0.0,0.0,3,0,0
3516,45,21,24,15,16,5,9,6,3,0,3,0,0,0,0,0,0,0,0,0,0,0,0,1.0,1.0,1.0,0.0,0.0,0.0,3,0,0
3517,45,21,24,15,16,5,9,6,3,0,3,0,0,0,0,0,0,0,0,0,0,0,0,1.0,1.0,1.0,0.0,0.0,0.0,3,0,0
3518,45,21,24,15,16,4,10,6,3,0,3,0,0,0,0,0,0,0,0,0,0,0,0,1.0,1.0,1.0,0.0,0.0,0.0,3,0,0
3519,45,21,24,15,16,4,10,6,3,0,3,0,0,0,0,0,0,0,0,0,0,0,0,1.0,1.0,1.0,0.0,0.0,0.0,3,0,0
3520,45,21,24,15,16,4,10,6,3,0,3,0,0,0,0,0,0,0,0,0,0,0,0,1.0,1.0,1.0,0.0,0.0,0.0,3,0,0
3521,45,21,24,15,16,4,10,6,3,0,3,0,0,0,0,0,0,0,0,0,0,0,0,1.0,1.0,1.0,0.0,0.0,0.0,3,0,0
3522,45,21,24,15,16,4,10,6,3,0,3,0,0,0,0,0,0,0,0,0,0,0,0,1.0,1.0,1.0,0.0,0.0,0.0,3,0,0
3523,45,21,24,15,16,4,10,6,3,0,3,0,0,0,0,0,0,0,0,0,0,0,0,1.0,1.0,1.0,0.0,0.0,0.0,3,0,0
3524,45,21,24,15,16,4,10,6,3,0,3,0,0,0,0,0,0,0,0,0,0,0,0,1.0,1.0,1.0,0.0,0.0,0.0,3,0,0
3525,45,21,24,15,16,4,10,6,3,0,3,0,0,0,0,0,0,0,0,0,0,0,0,1.0,1.0,1.0,0.0,0.0,0.0,3,0,0
3526,45,21,24,15,16,4,10,6,3,0,3,0,0,0,0,0,0,0,0,0,0,0,0,1.0,1.0,1.0,0.0,0.0,0.0,3,0,0
3527,45,21,24,11,20,4,10,6,3,0,3,0,0,0,0,0,0,0,0,0,0,0,0,1.0,1.0,1.0,0.0,0.0,0.0,3,0,0
3528,45,21,24,11,20,3,11,7,3,0,3,0,0,0,0,0,0,0,0,0,0,0,0,1.0,1.0,1.0,0.0,0.0,0.0,3,0,0
3529,45,21,24,11,20,3,11,7,3,0,2,0,0,0,0,0,0,0,0,0,0,0,0,1.0,1.0,1.0,0.0,0.0,0.0,3,0,0
3530,45,21,24,11,20,3,11,7,3,1,2,0,0,0,0,0,1,0,1,0,0,0,0,1.0,1.0,1.0,0.0,0.0,0.0,3,0,0
3531,45,21,24,11,20,3,11,7,3,1,2,0,0,0,0,0,0,0,0,0,0,0,0,1.0,1.0,1.0,0.0,0.0,0.0,3,0,0
3532,45,21,24,11,20,3,11,7,3,1,2,0,0,0,0,0,0,0,0,0,0,0,0,1.0,1.0,1.0,0.0,0.0,0.0,3,0,0
3533,45,21,24,11,20,3,11,7,3,1,2,0,0,0,0,0,0,0,0,0,0,0,0,1.0,1.0,1.0,0.0,0.0,0.0,3,0,0
3534,45,21,24,11,20,3,11,7,3,1,2,0,0,0,0,0,0,0,0,0,0,0,0,1.0,1.0,1.0,0.0,0.0,0.0,3,0,0
3535,45,21,24,11,20,3,11,7,3,1,2,0,0,0,0,0,0,0,0,0,0,0,0,1.0,1.0,1.0,0.0,0.0,0.0,3,0,0
3536,45,21,24,11,20,3,11,7,4,1,2,0,0,0,0,0,4,1,0,0,0,0,0,1.0,1.0,1.0,0.0,0.0,0.25,3,0,0
3537,45,21,24,11,20,3,11,7,4,1,2,0,0,0,0,0,0,0,0,0,0,0,0,1.0,1.0,1.0,0.0,0.0,0.0,3,0,0
3538,45,21,24,7,24,3,11,7,4,1,2,0,0,0,0,0,0,0,0,0,0,0,0,1.0,1.0,1.0,0.0,0.0,0.0,3,0,0
3539,45,21,24,7,24,3,11,7,4,1,2,0,0,0,0,0,0,0,0,0,0,0,0,1.0,1.0,1.0,0.0,0.0,0.0,3,0,0
3540,48,23,25,6,28,3,11,7,3,1,3,0,0,0,0,0,0,0,0,1,0,0,0,1.0,1.0,1.0,0.06666666666666667,0.06666666666666667,0.0,3,3,0
3541,48,23,25,6,28,3,11,7,3,1,3,0,0,0,0,0,0,0,0,0,0,0,0,1.0,1.0,1.0,0.0,0.0,0.0,3,0,0
3542,48,23,25,3,31,3,11,7,3,1,2,0,0,0,0,0,0,0,0,0,0,0,0,1.0,1.0,1.0,0.0,0.0,0.0,3,0,0
3543,52,24,28,7,31,3,11,7,3,1,3,0,0,0,0,0,2,1,0,1,0,0,0,1.0,1.0,1.0,0.08333333333333333,0.08333333333333333,0.5,3,4,0
3544,51,23,28,7,30,3,11,7,3,1,2,0,0,0,0,0,0,0,0,0,1,0,1,0.9736842105263158,1.0,1.0,0.0,0.0,0.0,3,0,1
3545,51,23,28,7,30,3,11,7,3,1,2,0,0,0,0,0,3,0,0,0,0,0,0,1.0,1.0,1.0,0.0,0.0,0.0,3,0,0
3546,50,23,27,7,29,3,11,7,4,1,2,0,0,0,0,0,6,1,0,0,1,0,1,0.972972972972973,1.0,1.0,0.0,0.0,0.16666666666666666,3,0,1
3547,49,22,27,7,28,3,11,7,4,1,2,0,0,0,0,0,0,0,0,0,1,0,1,0.9722222222222222,1.0,1.0,0.0,0.0,0.0,3,0,1
3548,48,21,27,7,28,3,10,7,4,1,2,0,0,0,0,0,0,0,0,0,0,0,0,1.0,0.75,1.0,0.0,0.0,0.0,3,0,1
3549,48,21,27,7,28,3,10,7,4,1,2,0,0,0,0,0,0,0,0,0,0,0,0,1.0,1.0,1.0,0.0,0.0,0.0,3,0,0
3550,51,22,29,10,28,3,10,7,3,1,3,0,0,0,0,0,0,0,0,1,0,0,0,1.0,1.0,1.0,0.0625,0.0625,0.0,3,3,0
3551,50,21,29,10,27,3,10,7,3,1,3,0,0,0,0,0,0,0,0,0,1,0,1,0.9736842105263158,1.0,1.0,0.0,0.0,0.0,3,0,1
3552,50,21,29,10,27,2,11,8,4,1,3,0,0,0,0,0,8,1,0,0,0,0,0,1.0,1.0,1.0,0.0,0.0,0.125,3,0,0
3553,50,21,29,10,27,2,11,8,4,1,3,0,0,0,0,0,0,0,0,0,0,0,0,1.0,1.0,1.0,0.0,0.0,0.0,3,0,0
3554,49,21,28,10,26,2,11,8,4,1,3,0,0,0,0,0,0,0,0,0,1,0,1,0.972972972972973,1.0,1.0,0.0,0.0,0.0,3,0,1
3555,48,21,27,10,25,2,11,8,4,1,3,0,0,0,0,0,0,0,0,0,1,0,1,0.9722222222222222,1.0,1.0,0.0,0.0,0.0,3,0,1
3556,48,21,27,10,25,2,11,8,4,1,3,0,0,0,0,0,0,0,0,0,0,0,0,1.0,1.0,1.0,0.0,0.0,0.0,3,0,0
3557,48,21,27,10,25,2,11,8,4,1,3,0,0,0,0,0,0,0,0,0,0,0,0,1.0,1.0,1.0,0.0,0.0,0.0,3,0,0
3558,48,21,27,10,25,2,11,8,4,1,3,0,0,0,0,0,0,0,0,0,0,0,0,1.0,1.0,1.0,0.0,0.0,0.0,3,0,0
3559,46,20,26,10,25,1,10,7,3,1,3,0,0,1,1,0,0,0,0,0,0,0,2,1.0,1.0,0.875,0.0,0.0,0.0,3,0,2
3560,44,20,24,10,24,1,9,6,3,1,2,0,0,0,2,0,0,0,0,0,1,3,2,0.9714285714285714,1.0,0.8571428571428572,0.0,0.0,0.0,3,0,2
3561,43,19,24,9,24,1,9,6,3,1,2,0,0,0,0,0,0,0,0,0,1,2,1,0.9705882352941176,1.0,1.0,0.0,0.0,0.0,3,0,1
3562,39,18,21,9,22,1,7,4,2,0,2,0,0,1,3,0,0,0,0,0,2,0,4,0.9393939393939394,1.0,0.6666666666666667,0.0,0.0,0.0,3,0,4
3563,39,18,21,9,22,1,7,4,2,0,2,0,0,0,0,0,0,0,0,0,0,0,0,1.0,1.0,1.0,0.0,0.0,0.0,3,0,0
3564,37,16,21,9,18,4,6,4,2,0,2,0,0,2,0,0,0,0,0,0,1,3,2,0.9642857142857143,0.6666666666666667,1.0,0.0,0.0,0.0,3,0,2
3565,36,16,20,9,16,6,5,3,1,0,2,0,0,0,1,0,0,0,0,0,0,0,1,1.0,1.0,0.75,0.0,0.0,0.0,3,0,1
3566,36,16,20,9,16,6,5,3,1,0,2,0,0,0,0,0,0,0,0,0,0,0,0,1.0,1.0,1.0,0.0,0.0,0.0,3,0,0
3567,36,16,20,9,16,6,5,3,1,0,2,0,0,0,0,0,0,0,0,0,0,0,0,1.0,1.0,1.0,0.0,0.0,0.0,3,0,0
3568,36,16,20,9,13,9,5,3,1,0,2,0,0,0,0,0,0,0,0,0,0,0,0,1.0,1.0,1.0,0.0,0.0,0.0,3,0,0
3569,36,16,20,9,13,8,6,4,1,0,2,0,0,0,0,0,0,0,0,0,0,0,0,1.0,1.0,1.0,0.0,0.0,0.0,3,0,0
3570,36,16,20,9,13,8,6,4,1,0,2,0,0,0,0,0,0,0,0,0,0,0,0,1.0,1.0,1.0,0.0,0.0,0.0,3,0,0
3571,36,16,20,9,13,8,6,4,1,0,2,0,0,0,0,0,0,0,0,0,0,0,0,1.0,1.0,1.0,0.0,0.0,0.0,3,0,0
3572,36,16,20,9,13,8,6,4,1,0,2,0,0,0,0,0,0,0,0,0,0,0,0,1.0,1.0,1.0,0.0,0.0,0.0,3,0,0
3573,36,16,20,9,13,8,6,4,1,0,2,0,0,0,0,0,0,0,0,0,0,0,0,1.0,1.0,1.0,0.0,0.0,0.0,3,0,0
3574,36,16,20,9,13,8,6,4,1,0,2,0,0,0,0,0,0,0,0,0,0,0,0,1.0,1.0,1.0,0.0,0.0,0.0,3,0,0
3575,36,16,20,9,13,8,6,4,2,0,2,0,0,0,0,0,3,1,0,0,0,0,0,1.0,1.0,1.0,0.0,0.0,0.3333333333333333,3,0,0
3576,36,16,20,9,13,8,6,4,2,0,2,0,0,0,0,0,0,0,0,0,0,0,0,1.0,1.0,1.0,0.0,0.0,0.0,3,0,0
3577,36,16,20,9,13,8,6,4,2,0,2,0,0,0,0,0,0,0,0,0,0,0,0,1.0,1.0,1.0,0.0,0.0,0.0,3,0,0
3578,36,16,20,9,13,8,6,4,2,0,2,0,0,0,0,0,0,0,0,0,0,0,0,1.0,1.0,1.0,0.0,0.0,0.0,3,0,0
3579,36,16,20,9,13,8,6,4,2,0,2,0,0,0,0,0,0,0,0,0,0,0,0,1.0,1.0,1.0,0.0,0.0,0.0,3,0,0
3580,36,16,20,9,13,8,6,4,2,0,2,0,0,0,0,0,0,0,0,0,0,0,0,1.0,1.0,1.0,0.0,0.0,0.0,3,0,0
3581,36,16,20,9,13,8,6,4,2,0,2,0,0,0,0,0,0,0,0,0,0,0,0,1.0,1.0,1.0,0.0,0.0,0.0,3,0,0
3582,36,16,20,9,13,8,6,4,2,0,2,0,0,0,0,0,0,0,0,0,0,0,0,1.0,1.0,1.0,0.0,0.0,0.0,3,0,0
3583,36,16,20,7,15,8,6,4,2,0,2,0,0,0,0,0,0,0,0,0,0,0,0,1.0,1.0,1.0,0.0,0.0,0.0,3,0,0
3584,36,16,20,7,15,8,6,4,2,0,2,0,0,0,0,0,0,0,0,0,0,0,0,1.0,1.0,1.0,0.0,0.0,0.0,3,0,0
3585,36,16,20,7,15,8,6,4,2,0,1,0,0,0,0,0,0,0,0,0,0,0,0,1.0,1.0,1.0,0.0,0.0,0.0,3,0,0
3586,36,16,20,3,19,8,6,4,2,0,1,0,0,0,0,0,0,0,0,0,0,0,0,1.0,1.0,1.0,0.0,0.0,0.0,3,0,0
3587,36,16,20,3,19,8,6,4,2,0,1,0,0,0,0,0,0,0,0,0,0,0,0,1.0,1.0,1.0,0.0,0.0,0.0,3,0,0
3588,36,16,20,3,19,8,6,4,2,0,1,0,0,0,0,0,0,0,0,0,0,0,0,1.0,1.0,1.0,0.0,0.0,0.0,3,0,0
3589,36,16,20,3,19,8,6,4,2,0,1,0,0,0,0,0,0,0,0,0,0,0,0,1.0,1.0,1.0,0.0,0.0,0.0,3,0,0
3590,36,16,20,3,19,8,6,4,2,0,1,0,0,0,0,0,0,0,0,0,0,0,0,1.0,1.0,1.0,0.0,0.0,0.0,3,0,0
3591,36,16,20,3,19,8,6,4,2,0,1,0,0,0,0,0,0,0,0,0,0,0,0,1.0,1.0,1.0,0.0,0.0,0.0,3,0,0
3592,36,16,20,3,19,8,6,4,2,0,1,0,0,0,0,0,0,0,0,0,0,0,0,1.0,1.0,1.0,0.0,0.0,0.0,3,0,0
3593,36,16,20,0,22,8,6,4,2,0,1,0,0,0,0,0,0,0,0,0,0,0,0,1.0,1.0,1.0,0.0,0.0,0.0,3,0,0
3594,36,16,20,0,22,8,6,4,2,0,1,0,0,0,0,0,0,0,0,0,0,0,0,1.0,1.0,1.0,0.0,0.0,0.0,3,0,0
3595,36,16,20,0,22,8,6,4,2,0,0,0,0,0,0,0,0,0,0,0,0,0,0,1.0,1.0,1.0,0.0,0.0,0.0,3,0,0
3596,36,16,20,0,22,8,6,4,2,0,0,0,0,0,0,0,0,0,0,0,0,0,0,1.0,1.0,1.0,0.0,0.0,0.0,3,0,0
3597,36,16,20,0,22,8,6,4,2,0,0,0,0,0,0,0,0,0,0,0,0,0,0,1.0,1.0,1.0,0.0,0.0,0.0,3,0,0
3598,36,16,20,0,22,8,6,4,2,0,0,0,0,0,0,0,0,0,0,0,0,0,0,1.0,1.0,1.0,0.0,0.0,0.0,3,0,0
3599,36,16,20,0,22,8,6,4,2,0,0,0,0,0,0,0,0,0,0,0,0,0,0,1.0,1.0,1.0,0.0,0.0,0.0,3,0,0
3600,36,16,20,0,22,7,7,5,2,0,0,0,0,0,0,0,0,0,0,0,0,0,0,1.0,1.0,1.0,0.0,0.0,0.0,3,0,0
3601,36,16,20,0,22,7,7,5,2,0,0,0,0,0,0,0,0,0,0,0,0,0,0,1.0,1.0,1.0,0.0,0.0,0.0,3,0,0
3602,36,16,20,0,22,7,7,5,2,0,0,0,0,0,0,0,0,0,0,0,0,0,0,1.0,1.0,1.0,0.0,0.0,0.0,3,0,0
3603,36,16,20,0,22,7,7,5,2,0,0,0,0,0,0,0,0,0,0,0,0,0,0,1.0,1.0,1.0,0.0,0.0,0.0,3,0,0
3604,36,16,20,0,22,6,8,6,2,0,0,0,0,0,0,0,0,0,0,0,0,0,0,1.0,1.0,1.0,0.0,0.0,0.0,3,0,0
3605,36,16,20,0,22,6,8,6,2,0,0,0,0,0,0,0,0,0,0,0,0,0,0,1.0,1.0,1.0,0.0,0.0,0.0,3,0,0
3606,36,16,20,0,22,6,8,6,2,0,0,0,0,0,0,0,0,0,0,0,0,0,0,1.0,1.0,1.0,0.0,0.0,0.0,3,0,0
3607,36,16,20,0,22,6,8,6,2,0,0,0,0,0,0,0,0,0,0,0,0,0,0,1.0,1.0,1.0,0.0,0.0,0.0,3,0,0
3608,36,16,20,0,22,6,8,6,2,0,0,0,0,0,0,0,0,0,0,0,0,0,0,1.0,1.0,1.0,0.0,0.0,0.0,3,0,0
3609,36,16,20,0,22,6,8,6,2,0,0,0,0,0,0,0,0,0,0,0,0,0,0,1.0,1.0,1.0,0.0,0.0,0.0,3,0,0
3610,36,16,20,0,22,6,8,6,2,0,0,0,0,0,0,0,0,0,0,0,0,0,0,1.0,1.0,1.0,0.0,0.0,0.0,3,0,0
3611,39,17,22,3,22,6,8,6,1,0,1,0,0,0,0,0,0,0,0,1,0,0,0,1.0,1.0,1.0,0.08333333333333333,0.08333333333333333,0.0,3,3,0
3612,39,17,22,3,22,6,8,6,1,0,1,0,0,0,0,0,0,0,0,0,0,1,0,1.0,1.0,1.0,0.0,0.0,0.0,3,0,0
3613,39,17,22,3,22,6,8,6,1,0,1,0,0,0,0,0,0,0,0,0,0,0,0,1.0,1.0,1.0,0.0,0.0,0.0,3,0,0
3614,39,17,22,3,22,6,8,6,1,0,1,0,0,0,0,0,0,0,0,0,0,0,0,1.0,1.0,1.0,0.0,0.0,0.0,3,0,0
3615,38,17,21,3,21,6,8,6,1,0,1,0,0,0,0,0,0,0,0,0,1,0,1,0.96,1.0,1.0,0.0,0.0,0.0,3,0,1
3616,38,17,21,3,20,7,8,6,1,0,1,0,0,0,0,0,0,0,0,0,0,0,0,1.0,1.0,1.0,0.0,0.0,0.0,3,0,0
3617,38,17,21,3,20,7,8,6,1,0,1,0,0,0,0,0,0,0,0,0,0,0,0,1.0,1.0,1.0,0.0,0.0,0.0,3,0,0
3618,38,17,21,3,20,7,8,6,1,0,1,0,0,0,0,0,0,0,0,0,0,0,0,1.0,1.0,1.0,0.0,0.0,0.0,3,0,0
3619,37,16,21,3,19,7,8,6,1,0,1,0,0,0,0,0,0,0,0,0,1,0,1,0.9565217391304348,1.0,1.0,0.0,0.0,0.0,3,0,1
3620,37,16,21,3,19,7,8,6,1,0,1,0,0,0,0,0,0,0,0,0,0,0,0,1.0,1.0,1.0,0.0,0.0,0.0,3,0,0
3621,37,16,21,3,19,7,8,6,1,0,1,0,0,0,0,0,0,0,0,0,0,0,0,1.0,1.0,1.0,0.0,0.0,0.0,3,0,0
3622,37,16,21,3,19,7,8,6,1,0,1,0,0,0,0,0,0,0,0,0,0,0,0,1.0,1.0,1.0,0.0,0.0,0.0,3,0,0
3623,37,16,21,3,19,7,8,6,1,0,1,0,0,0,0,0,0,0,0,0,0,0,0,1.0,1.0,1.0,0.0,0.0,0.0,3,0,0
3624,37,16,21,3,19,7,8,6,1,0,1,0,0,0,0,0,0,0,0,0,0,0,0,1.0,1.0,1.0,0.0,0.0,0.0,3,0,0
3625,37,16,21,3,19,7,8,6,1,0,1,0,0,0,0,0,0,0,0,0,0,0,0,1.0,1.0,1.0,0.0,0.0,0.0,3,0,0
3626,37,16,21,3,19,7,8,6,1,0,1,0,0,0,0,0,0,0,0,0,0,0,0,1.0,1.0,1.0,0.0,0.0,0.0,3,0,0
3627,37,16,21,3,19,7,8,6,1,0,1,0,0,0,0,0,0,0,0,0,0,0,0,1.0,1.0,1.0,0.0,0.0,0.0,3,0,0
3628,36,15,21,3,18,7,8,6,1,0,1,0,0,0,0,0,0,0,0,0,1,0,1,0.9545454545454546,1.0,1.0,0.0,0.0,0.0,3,0,1
3629,36,15,21,3,18,7,8,6,1,0,1,0,0,0,0,0,0,0,0,0,0,3,0,1.0,1.0,1.0,0.0,0.0,0.0,3,0,0
3630,36,15,21,3,18,7,8,6,1,0,1,0,0,0,0,0,0,0,0,0,0,0,0,1.0,1.0,1.0,0.0,0.0,0.0,3,0,0
3631,36,15,21,3,18,7,8,6,1,0,1,0,0,0,0,0,0,0,0,0,0,0,0,1.0,1.0,1.0,0.0,0.0,0.0,3,0,0
3632,36,15,21,3,18,7,8,6,1,0,1,0,0,0,0,0,0,0,0,0,0,0,0,1.0,1.0,1.0,0.0,0.0,0.0,3,0,0
3633,36,15,21,3,15,10,8,6,1,0,1,0,0,0,0,0,0,0,0,0,0,0,0,1.0,1.0,1.0,0.0,0.0,0.0,3,0,0
3634,36,15,21,3,15,10,8,6,1,0,1,0,0,0,0,0,0,0,0,0,0,0,0,1.0,1.0,1.0,0.0,0.0,0.0,3,0,0
3635,36,15,21,3,15,10,8,6,1,0,1,0,0,0,0,0,0,0,0,0,0,0,0,1.0,1.0,1.0,0.0,0.0,0.0,3,0,0
3636,36,15,21,3,15,10,8,6,1,0,1,0,0,0,0,0,0,0,0,0,0,0,0,1.0,1.0,1.0,0.0,0.0,0.0,3,0,0
3637,36,15,21,3,15,10,8,6,1,0,1,0,0,0,0,0,0,0,0,0,0,0,0,1.0,1.0,1.0,0.0,0.0,0.0,3,0,0
3638,36,15,21,3,15,10,8,6,1,0,1,0,0,0,0,0,0,0,0,0,0,0,0,1.0,1.0,1.0,0.0,0.0,0.0,3,0,0
3639,36,15,21,3,15,10,8,6,1,0,1,0,0,0,0,0,0,0,0,0,0,0,0,1.0,1.0,1.0,0.0,0.0,0.0,3,0,0
3640,39,16,23,6,15,10,8,6,0,0,2,0,0,0,0,0,0,0,0,1,0,0,0,1.0,1.0,1.0,0.08333333333333333,0.08333333333333333,0.0,3,3,0
3641,39,16,23,6,15,10,8,6,0,0,2,0,0,0,0,0,0,0,0,0,0,0,0,1.0,1.0,1.0,0.0,0.0,0.0,3,0,0
3642,39,16,23,6,15,10,8,6,0,0,2,0,0,0,0,0,0,0,0,0,0,0,0,1.0,1.0,1.0,0.0,0.0,0.0,3,0,0
3643,39,16,23,6,15,10,8,6,0,0,2,0,0,0,0,0,0,0,0,0,0,0,0,1.0,1.0,1.0,0.0,0.0,0.0,3,0,0
3644,39,16,23,6,15,10,8,6,0,0,2,0,0,0,0,0,0,0,0,0,0,0,0,1.0,1.0,1.0,0.0,0.0,0.0,3,0,0
3645,39,16,23,6,15,10,8,6,0,0,2,0,0,0,0,0,0,0,0,0,0,0,0,1.0,1.0,1.0,0.0,0.0,0.0,3,0,0
3646,39,16,23,6,15,10,8,6,0,0,2,0,0,0,0,0,0,0,0,0,0,0,0,1.0,1.0,1.0,0.0,0.0,0.0,3,0,0
3647,39,16,23,6,15,10,8,6,0,0,2,0,0,0,0,0,0,0,0,0,0,0,0,1.0,1.0,1.0,0.0,0.0,0.0,3,0,0
3648,39,16,23,6,15,10,8,6,0,0,2,0,0,0,0,0,0,0,0,0,0,0,0,1.0,1.0,1.0,0.0,0.0,0.0,3,0,0
3649,39,16,23,6,15,10,8,6,0,0,2,0,0,0,0,0,0,0,0,0,0,0,0,1.0,1.0,1.0,0.0,0.0,0.0,3,0,0
3650,39,16,23,6,15,10,8,6,0,0,2,0,0,0,0,0,0,0,0,0,0,0,0,1.0,1.0,1.0,0.0,0.0,0.0,3,0,0
3651,39,16,23,6,15,10,8,6,0,0,2,0,0,0,0,0,0,0,0,0,0,0,0,1.0,1.0,1.0,0.0,0.0,0.0,3,0,0
3652,39,16,23,6,15,10,8,6,0,0,2,0,0,0,0,0,0,0,0,0,0,0,0,1.0,1.0,1.0,0.0,0.0,0.0,3,0,0
3653,39,16,23,6,15,10,8,6,0,0,2,0,0,0,0,0,0,0,0,0,0,0,0,1.0,1.0,1.0,0.0,0.0,0.0,3,0,0
3654,36,14,22,3,16,10,7,6,0,0,2,0,0,2,1,0,0,0,0,0,2,0,3,0.9047619047619048,0.5,1.0,0.0,0.0,0.0,2,0,3
3655,36,14,22,3,16,10,7,6,0,0,2,0,0,0,0,0,0,0,0,0,0,0,0,1.0,1.0,1.0,0.0,0.0,0.0,2,0,0
3656,35,14,21,3,16,10,6,5,0,0,1,0,0,0,1,0,0,0,0,0,0,0,1,1.0,1.0,0.8333333333333334,0.0,0.0,0.0,2,0,1
3657,33,13,20,3,15,9,6,5,0,0,1,0,0,1,1,0,0,0,0,0,1,0,2,0.9473684210526316,1.0,1.0,0.0,0.0,0.0,2,0,2
3658,33,13,20,3,15,9,6,5,0,0,1,0,0,0,0,0,0,0,0,0,0,0,0,1.0,1.0,1.0,0.0,0.0,0.0,2,0,0
3659,33,13,20,3,15,9,6,5,0,0,1,0,0,0,0,0,0,0,0,0,0,0,0,1.0,1.0,1.0,0.0,0.0,0.0,2,0,0
3660,33,13,20,3,15,9,6,5,0,0,1,0,0,0,0,0,0,0,0,0,0,0,0,1.0,1.0,1.0,0.0,0.0,0.0,2,0,0
3661,33,13,20,3,15,9,6,5,0,0,1,0,0,0,0,0,0,0,0,0,0,0,0,1.0,1.0,1.0,0.0,0.0,0.0,2,0,0
3662,33,13,20,3,15,9,6,5,0,0,1,0,0,0,0,0,0,0,0,0,0,0,0,1.0,1.0,1.0,0.0,0.0,0.0,2,0,0
3663,33,13,20,3,15,8,7,6,0,0,1,0,0,0,0,0,0,0,0,0,0,0,0,1.0,1.0,1.0,0.0,0.0,0.0,2,0,0
3664,33,13,20,3,15,8,7,6,0,0,1,0,0,0,0,0,0,0,0,0,0,2,0,1.0,1.0,1.0,0.0,0.0,0.0,2,0,0
3665,33,13,20,3,15,8,7,6,0,0,1,0,0,0,0,0,0,0,0,0,0,0,0,1.0,1.0,1.0,0.0,0.0,0.0,2,0,0
3666,33,13,20,3,15,8,7,6,0,0,1,0,0,0,0,0,0,0,0,0,0,0,0,1.0,1.0,1.0,0.0,0.0,0.0,2,0,0
3667,33,13,20,3,15,8,7,6,0,0,1,0,0,0,0,0,0,0,0,0,0,0,0,1.0,1.0,1.0,0.0,0.0,0.0,2,0,0
3668,33,13,20,3,13,10,7,6,0,0,1,0,0,0,0,0,0,0,0,0,0,0,0,1.0,1.0,1.0,0.0,0.0,0.0,2,0,0
3669,33,13,20,3,13,10,7,6,0,0,1,0,0,0,0,0,0,0,0,0,0,0,0,1.0,1.0,1.0,0.0,0.0,0.0,2,0,0
3670,33,13,20,3,13,10,7,6,0,0,1,0,0,0,0,0,0,0,0,0,0,0,0,1.0,1.0,1.0,0.0,0.0,0.0,2,0,0
3671,33,13,20,3,13,10,7,6,0,0,1,0,0,0,0,0,0,0,0,0,0,0,0,1.0,1.0,1.0,0.0,0.0,0.0,2,0,0
3672,33,13,20,3,13,10,7,6,0,0,1,0,0,0,0,0,0,0,0,0,0,0,0,1.0,1.0,1.0,0.0,0.0,0.0,2,0,0
3673,33,13,20,3,13,10,7,6,0,0,1,0,0,0,0,0,0,0,0,0,0,0,0,1.0,1.0,1.0,0.0,0.0,0.0,2,0,0
3674,33,13,20,3,13,10,7,6,0,0,1,0,0,0,0,0,0,0,0,0,0,0,0,1.0,1.0,1.0,0.0,0.0,0.0,2,0,0
3675,33,13,20,3,13,10,7,6,0,0,1,0,0,0,0,0,0,0,0,0,0,2,0,1.0,1.0,1.0,0.0,0.0,0.0,2,0,0
3676,33,13,20,3,13,10,7,6,0,0,1,0,0,0,0,0,0,0,0,0,0,0,0,1.0,1.0,1.0,0.0,0.0,0.0,2,0,0
3677,33,13,20,3,13,10,7,6,0,0,1,0,0,0,0,0,0,0,0,0,0,0,0,1.0,1.0,1.0,0.0,0.0,0.0,2,0,0
3678,33,13,20,3,13,10,7,6,0,0,1,0,0,0,0,0,0,0,0,0,0,0,0,1.0,1.0,1.0,0.0,0.0,0.0,2,0,0
3679,33,13,20,3,11,12,7,6,0,0,1,0,0,0,0,0,0,0,0,0,0,2,0,1.0,1.0,1.0,0.0,0.0,0.0,2,0,0
3680,33,13,20,3,11,12,7,6,1,0,1,0,0,0,0,0,2,1,0,0,0,0,0,1.0,1.0,1.0,0.0,0.0,0.5,2,0,0
3681,33,13,20,3,11,12,7,6,1,0,1,0,0,0,0,0,3,0,0,0,0,0,0,1.0,1.0,1.0,0.0,0.0,0.0,2,0,0
3682,33,13,20,3,11,12,7,6,1,0,1,0,0,0,0,0,1,0,0,0,0,0,0,1.0,1.0,1.0,0.0,0.0,0.0,2,0,0
3683,33,13,20,0,12,14,7,6,2,0,1,0,0,0,0,0,7,1,0,0,0,0,0,1.0,1.0,1.0,0.0,0.0,0.14285714285714285,2,0,0
3684,33,13,20,0,12,14,7,6,2,1,1,0,0,0,0,0,3,0,1,0,0,0,0,1.0,1.0,1.0,0.0,0.0,0.0,2,0,0
3685,33,13,20,0,12,14,7,6,2,1,0,0,0,0,0,0,0,0,0,0,0,0,0,1.0,1.0,1.0,0.0,0.0,0.0,2,0,0
3686,32,13,19,0,12,13,7,6,2,1,0,0,0,0,0,0,8,0,0,0,0,0,0,1.0,1.0,1.0,0.0,0.0,0.0,2,0,1
3687,32,13,19,0,12,13,7,6,3,1,0,0,0,0,0,0,6,1,0,0,0,0,0,1.0,1.0,1.0,0.0,0.0,0.16666666666666666,2,0,0
3688,32,13,19,0,12,13,7,6,3,1,0,0,0,0,0,0,0,0,0,0,0,0,0,1.0,1.0,1.0,0.0,0.0,0.0,2,0,0
3689,32,13,19,0,12,13,7,6,3,1,0,0,0,0,0,0,0,0,0,0,0,0,0,1.0,1.0,1.0,0.0,0.0,0.0,2,0,0
3690,32,13,19,0,12,13,7,6,3,1,0,0,0,0,0,0,0,0,0,0,0,0,0,1.0,1.0,1.0,0.0,0.0,0.0,2,0,0
3691,32,13,19,0,12,13,7,6,3,1,0,0,0,0,0,0,0,0,0,0,0,0,0,1.0,1.0,1.0,0.0,0.0,0.0,2,0,0
3692,32,13,19,0,12,13,7,6,3,1,0,0,0,0,0,0,0,0,0,0,0,0,0,1.0,1.0,1.0,0.0,0.0,0.0,2,0,0
3693,32,13,19,0,12,13,7,6,4,1,0,0,0,0,0,0,5,1,0,0,0,0,0,1.0,1.0,1.0,0.0,0.0,0.2,2,0,0
3694,31,13,18,0,12,13,6,5,4,1,0,0,0,0,0,0,4,1,0,0,0,0,0,1.0,1.0,0.8333333333333334,0.0,0.0,0.25,2,0,1
3695,31,13,18,0,12,13,6,5,4,1,0,0,0,0,0,0,0,0,0,0,0,0,0,1.0,1.0,1.0,0.0,0.0,0.0,2,0,0
3696,31,13,18,0,12,13,6,5,4,1,0,0,0,0,0,0,0,0,0,0,0,0,0,1.0,1.0,1.0,0.0,0.0,0.0,2,0,0
3697,31,13,18,0,12,13,6,5,4,1,0,0,0,0,0,0,0,0,0,0,0,0,0,1.0,1.0,1.0,0.0,0.0,0.0,2,0,0
3698,31,13,18,0,12,13,6,5,4,1,0,0,0,0,0,0,0,0,0,0,0,0,0,1.0,1.0,1.0,0.0,0.0,0.0,2,0,0
3699,31,13,18,0,12,11,8,5,4,1,0,0,0,0,0,0,0,0,0,0,0,0,0,1.0,1.0,1.0,0.0,0.0,0.0,2,0,0
3700,31,13,18,0,12,11,8,5,4,1,0,0,0,0,0,0,0,0,0,0,0,0,0,1.0,1.0,1.0,0.0,0.0,0.0,2,0,0
3701,31,13,18,0,12,11,8,5,4,1,0,0,0,0,0,0,0,0,0,0,0,0,0,1.0,1.0,1.0,0.0,0.0,0.0,2,0,0
3702,31,13,18,0,12,11,8,5,4,1,0,0,0,0,0,0,0,0,0,0,0,0,0,1.0,1.0,1.0,0.0,0.0,0.0,2,0,0
3703,31,13,18,0,12,10,9,5,4,1,0,0,0,0,0,0,0,0,0,0,0,0,0,1.0,1.0,1.0,0.0,0.0,0.0,2,0,0
3704,31,13,18,0,12,10,9,5,4,1,0,0,0,0,0,0,0,0,0,0,0,0,0,1.0,1.0,1.0,0.0,0.0,0.0,2,0,0
3705,31,13,18,0,12,10,9,5,4,1,0,0,0,0,0,0,0,0,0,0,0,0,0,1.0,1.0,1.0,0.0,0.0,0.0,2,0,0
3706,31,13,18,0,12,10,9,5,4,1,0,0,0,0,0,0,0,0,0,0,0,0,0,1.0,1.0,1.0,0.0,0.0,0.0,2,0,0
3707,31,13,18,0,12,10,9,5,4,1,0,0,0,0,0,0,0,0,0,0,0,0,0,1.0,1.0,1.0,0.0,0.0,0.0,2,0,0
3708,31,13,18,0,12,10,9,5,4,1,0,0,0,0,0,0,0,0,0,0,0,0,0,1.0,1.0,1.0,0.0,0.0,0.0,2,0,0
3709,31,13,18,0,12,10,9,5,4,1,0,0,0,0,0,0,0,0,0,0,0,0,0,1.0,1.0,1.0,0.0,0.0,0.0,2,0,0
3710,31,13,18,0,12,10,9,5,4,1,0,0,0,0,0,0,0,0,0,0,0,0,0,1.0,1.0,1.0,0.0,0.0,0.0,2,0,0
3711,31,13,18,0,12,10,9,5,4,1,0,0,0,0,0,0,0,0,0,0,0,0,0,1.0,1.0,1.0,0.0,0.0,0.0,2,0,0
3712,31,13,18,0,12,10,9,5,4,1,0,0,0,0,0,0,0,0,0,0,0,0,0,1.0,1.0,1.0,0.0,0.0,0.0,2,0,0
3713,31,13,18,0,12,10,9,5,4,1,0,0,0,0,0,0,0,0,0,0,0,0,0,1.0,1.0,1.0,0.0,0.0,0.0,2,0,0
3714,31,13,18,0,12,10,9,5,4,1,0,0,0,0,0,0,0,0,0,0,0,0,0,1.0,1.0,1.0,0.0,0.0,0.0,2,0,0
3715,31,13,18,0,12,10,9,5,4,1,0,0,0,0,0,0,0,0,0,0,0,0,0,1.0,1.0,1.0,0.0,0.0,0.0,2,0,0
3716,31,13,18,0,12,10,9,5,4,1,0,0,0,0,0,0,0,0,0,0,0,0,0,1.0,1.0,1.0,0.0,0.0,0.0,2,0,0
3717,31,13,18,0,12,10,9,5,4,1,0,0,0,0,0,0,0,0,0,0,0,0,0,1.0,1.0,1.0,0.0,0.0,0.0,2,0,0
3718,31,13,18,0,12,10,9,5,4,1,0,0,0,0,0,0,0,0,0,0,0,0,0,1.0,1.0,1.0,0.0,0.0,0.0,2,0,0
3719,31,13,18,0,12,10,9,5,4,1,0,0,0,0,0,0,0,0,0,0,0,0,0,1.0,1.0,1.0,0.0,0.0,0.0,2,0,0
3720,31,13,18,0,12,10,9,5,4,1,0,0,0,0,0,0,0,0,0,0,0,2,0,1.0,1.0,1.0,0.0,0.0,0.0,2,0,0
3721,31,13,18,0,12,10,9,5,4,1,0,0,0,0,0,0,0,0,0,0,0,0,0,1.0,1.0,1.0,0.0,0.0,0.0,2,0,0
3722,31,13,18,0,12,10,9,5,4,1,0,0,0,0,0,0,0,0,0,0,0,0,0,1.0,1.0,1.0,0.0,0.0,0.0,2,0,0
3723,31,13,18,0,12,10,9,5,4,1,0,0,0,0,0,0,0,0,0,0,0,2,0,1.0,1.0,1.0,0.0,0.0,0.0,2,0,0
3724,31,13,18,0,10,11,10,6,4,1,0,0,0,0,0,0,0,0,0,0,0,0,0,1.0,1.0,1.0,0.0,0.0,0.0,2,0,0
3725,31,13,18,0,10,11,10,6,4,1,0,0,0,0,0,0,0,0,0,0,0,0,0,1.0,1.0,1.0,0.0,0.0,0.0,2,0,0
3726,31,13,18,0,10,11,10,6,4,1,0,0,0,0,0,0,0,0,0,0,0,0,0,1.0,1.0,1.0,0.0,0.0,0.0,2,0,0
3727,31,13,18,0,8,13,10,6,4,1,0,0,0,0,0,0,0,0,0,0,0,0,0,1.0,1.0,1.0,0.0,0.0,0.0,2,0,0
3728,31,13,18,0,8,13,10,6,4,1,0,0,0,0,0,0,0,0,0,0,0,0,0,1.0,1.0,1.0,0.0,0.0,0.0,2,0,0
3729,31,13,18,0,8,13,10,6,4,0,0,0,0,0,0,0,0,0,0,0,0,0,0,1.0,1.0,1.0,0.0,0.0,0.0,2,0,0
3730,31,13,18,0,8,13,10,6,5,0,0,0,0,0,0,0,2,1,0,0,0,2,0,1.0,1.0,1.0,0.0,0.0,0.5,2,0,0
3731,31,13,18,0,8,13,10,6,5,0,0,0,0,0,0,0,0,0,0,0,0,0,0,1.0,1.0,1.0,0.0,0.0,0.0,2,0,0
3732,31,13,18,0,8,13,10,6,6,0,0,0,0,0,0,0,3,1,0,0,0,0,0,1.0,1.0,1.0,0.0,0.0,0.3333333333333333,2,0,0
3733,31,13,18,0,8,13,10,6,6,0,0,0,0,0,0,0,0,0,0,0,0,0,0,1.0,1.0,1.0,0.0,0.0,0.0,2,0,0
3734,31,13,18,0,6,15,10,6,6,0,0,0,0,0,0,0,0,0,0,0,0,0,0,1.0,1.0,1.0,0.0,0.0,0.0,2,0,0
3735,30,12,18,0,6,14,10,7,7,0,0,0,0,0,0,0,8,1,0,0,0,0,0,1.0,0.75,1.0,0.0,0.0,0.125,2,0,1
3736,30,12,18,0,6,14,10,7,7,0,0,0,0,0,0,0,0,0,0,0,0,0,0,1.0,1.0,1.0,0.0,0.0,0.0,2,0,0
3737,30,12,18,0,6,14,10,7,7,0,0,0,0,0,0,0,0,0,0,0,0,0,0,1.0,1.0,1.0,0.0,0.0,0.0,2,0,0
3738,30,12,18,0,6,14,10,7,7,0,0,0,0,0,0,0,0,0,0,0,0,0,0,1.0,1.0,1.0,0.0,0.0,0.0,2,0,0
3739,30,12,18,0,6,14,10,7,7,0,0,0,0,0,0,0,0,0,0,0,0,0,0,1.0,1.0,1.0,0.0,0.0,0.0,2,0,0
3740,30,12,18,0,6,13,11,8,7,0,0,0,0,0,0,0,0,0,0,0,0,0,0,1.0,1.0,1.0,0.0,0.0,0.0,2,0,0
3741,30,12,18,0,6,13,11,8,7,0,0,0,0,0,0,0,0,0,0,0,0,0,0,1.0,1.0,1.0,0.0,0.0,0.0,2,0,0
3742,29,12,17,0,5,13,11,8,7,0,0,0,0,0,0,0,0,0,0,0,1,0,1,0.8333333333333334,1.0,1.0,0.0,0.0,0.0,2,0,1
3743,29,12,17,0,5,13,11,8,7,0,0,0,0,0,0,0,0,0,0,0,0,0,0,1.0,1.0,1.0,0.0,0.0,0.0,2,0,0
3744,28,11,17,0,5,13,10,8,7,0,0,0,0,1,0,0,0,0,0,0,0,0,1,1.0,0.6666666666666667,1.0,0.0,0.0,0.0,2,0,1
3745,31,10,21,4,5,12,10,8,7,0,1,0,0,1,0,0,4,1,0,1,0,0,1,1.0,1.0,1.0,0.14285714285714285,0.14285714285714285,0.25,2,4,1
3746,29,10,19,3,5,11,10,8,7,0,1,0,0,0,2,0,0,0,0,0,1,0,2,0.8888888888888888,1.0,1.0,0.0,0.0,0.0,2,0,2
3747,26,10,16,2,5,11,8,6,5,0,1,0,0,0,3,0,0,0,0,0,1,0,3,0.875,1.0,0.75,0.0,0.0,0.0,2,0,3
3748,25,9,16,2,5,10,8,6,5,0,1,0,0,1,0,0,0,0,0,0,0,0,1,1.0,1.0,1.0,0.0,0.0,0.0,2,0,1
3749,25,9,16,2,5,10,8,6,5,0,1,0,0,0,0,0,0,0,0,0,0,0,0,1.0,1.0,1.0,0.0,0.0,0.0,2,0,0
3750,25,9,16,2,5,10,8,6,5,0,1,0,0,0,0,0,0,0,0,0,0,0,0,1.0,1.0,1.0,0.0,0.0,0.0,2,0,0
3751,25,9,16,2,5,9,9,6,5,0,1,0,0,0,0,0,0,0,0,0,0,0,0,1.0,1.0,1.0,0.0,0.0,0.0,2,0,0
3752,25,9,16,2,5,9,9,6,5,0,1,0,0,0,0,0,0,0,0,0,0,0,0,1.0,1.0,1.0,0.0,0.0,0.0,2,0,0
3753,25,9,16,2,5,9,9,6,5,0,1,0,0,0,0,0,0,0,0,0,0,0,0,1.0,1.0,1.0,0.0,0.0,0.0,2,0,0
3754,25,9,16,2,5,9,9,6,5,0,1,0,0,0,0,0,0,0,0,0,0,0,0,1.0,1.0,1.0,0.0,0.0,0.0,2,0,0
3755,25,9,16,2,5,9,9,6,5,0,1,0,0,0,0,0,0,0,0,0,0,0,0,1.0,1.0,1.0,0.0,0.0,0.0,2,0,0
3756,25,9,16,2,5,9,9,6,5,0,1,0,0,0,0,0,0,0,0,0,0,0,0,1.0,1.0,1.0,0.0,0.0,0.0,2,0,0
3757,25,9,16,2,5,9,9,6,5,0,1,0,0,0,0,0,0,0,0,0,0,0,0,1.0,1.0,1.0,0.0,0.0,0.0,2,0,0
3758,29,10,19,6,5,9,9,6,4,0,2,0,0,0,0,0,0,0,0,1,0,0,0,1.0,1.0,1.0,0.16,0.16,0.0,2,4,0
3759,32,12,20,9,5,9,9,6,3,0,3,0,0,0,0,0,0,0,0,1,0,0,0,1.0,1.0,1.0,0.10344827586206896,0.10344827586206896,0.0,2,3,0
3760,32,12,20,9,5,9,9,6,3,0,3,0,0,0,0,0,0,0,0,0,0,0,0,1.0,1.0,1.0,0.0,0.0,0.0,2,0,0
3761,32,12,20,9,5,9,9,6,3,0,3,0,0,0,0,0,0,0,0,0,0,0,0,1.0,1.0,1.0,0.0,0.0,0.0,2,0,0
3762,31,12,19,8,5,9,9,6,3,0,3,0,0,0,0,0,0,0,0,0,1,0,1,0.9285714285714286,1.0,1.0,0.0,0.0,0.0,2,0,1
3763,31,12,19,8,5,9,9,6,3,0,3,0,0,0,0,0,0,0,0,0,0,0,0,1.0,1.0,1.0,0.0,0.0,0.0,2,0,0
3764,31,12,19,8,5,9,9,6,3,0,3,0,0,0,0,0,0,0,0,0,0,0,0,1.0,1.0,1.0,0.0,0.0,0.0,2,0,0
3765,31,12,19,8,5,9,9,6,3,0,3,0,0,0,0,0,0,0,0,0,0,0,0,1.0,1.0,1.0,0.0,0.0,0.0,2,0,0
3766,30,11,19,8,5,9,8,6,3,0,3,0,0,0,0,0,0,0,0,0,0,0,0,1.0,0.6666666666666667,1.0,0.0,0.0,0.0,2,0,1
3767,30,11,19,8,5,9,8,6,3,0,3,0,0,0,0,0,0,0,0,0,0,0,0,1.0,1.0,1.0,0.0,0.0,0.0,2,0,0
3768,30,11,19,8,5,8,9,6,3,0,3,0,0,0,0,0,0,0,0,0,0,0,0,1.0,1.0,1.0,0.0,0.0,0.0,2,0,0
3769,30,11,19,8,5,8,9,6,3,0,3,0,0,0,0,0,0,0,0,0,0,0,0,1.0,1.0,1.0,0.0,0.0,0.0,2,0,0
3770,30,11,19,8,5,8,9,6,3,0,3,0,0,0,0,0,0,0,0,0,0,0,0,1.0,1.0,1.0,0.0,0.0,0.0,2,0,0
3771,30,11,19,8,5,8,9,6,3,0,3,0,0,0,0,0,0,0,0,0,0,0,0,1.0,1.0,1.0,0.0,0.0,0.0,2,0,0
3772,30,11,19,8,5,8,9,6,3,0,3,0,0,0,0,0,0,0,0,0,0,0,0,1.0,1.0,1.0,0.0,0.0,0.0,2,0,0
3773,30,11,19,8,5,8,9,6,3,0,3,0,0,0,0,0,0,0,0,0,0,0,0,1.0,1.0,1.0,0.0,0.0,0.0,2,0,0
3774,30,11,19,8,5,8,9,6,3,0,3,0,0,0,0,0,0,0,0,0,0,0,0,1.0,1.0,1.0,0.0,0.0,0.0,2,0,0
3775,30,11,19,8,5,8,9,6,3,0,3,0,0,0,0,0,0,0,0,0,0,0,0,1.0,1.0,1.0,0.0,0.0,0.0,2,0,0
3776,30,11,19,8,5,8,9,6,3,0,3,0,0,0,0,0,0,0,0,0,0,0,0,1.0,1.0,1.0,0.0,0.0,0.0,2,0,0
3777,30,11,19,8,5,8,9,6,3,0,3,0,0,0,0,0,0,0,0,0,0,0,0,1.0,1.0,1.0,0.0,0.0,0.0,2,0,0
3778,30,11,19,8,5,8,9,6,3,0,3,0,0,0,0,0,0,0,0,0,0,0,0,1.0,1.0,1.0,0.0,0.0,0.0,2,0,0
3779,30,11,19,8,5,8,9,6,3,0,3,0,0,0,0,0,0,0,0,0,0,0,0,1.0,1.0,1.0,0.0,0.0,0.0,2,0,0
3780,30,11,19,8,5,8,9,6,3,0,3,0,0,0,0,0,0,0,0,0,0,0,0,1.0,1.0,1.0,0.0,0.0,0.0,2,0,0
3781,30,11,19,8,5,8,9,6,3,0,3,0,0,0,0,0,0,0,0,0,0,0,0,1.0,1.0,1.0,0.0,0.0,0.0,2,0,0
3782,30,11,19,8,5,8,9,6,3,0,3,0,0,0,0,0,0,0,0,0,0,0,0,1.0,1.0,1.0,0.0,0.0,0.0,2,0,0
3783,30,11,19,8,5,8,9,6,3,0,3,0,0,0,0,0,0,0,0,0,0,0,0,1.0,1.0,1.0,0.0,0.0,0.0,2,0,0
3784,30,11,19,8,5,8,9,6,3,0,3,0,0,0,0,0,0,0,0,0,0,0,0,1.0,1.0,1.0,0.0,0.0,0.0,2,0,0
3785,30,11,19,8,5,8,9,6,3,0,3,0,0,0,0,0,0,0,0,0,0,0,0,1.0,1.0,1.0,0.0,0.0,0.0,2,0,0
3786,30,11,19,8,5,8,9,6,3,0,3,0,0,0,0,0,0,0,0,0,0,0,0,1.0,1.0,1.0,0.0,0.0,0.0,2,0,0
3787,30,11,19,8,5,8,9,6,3,0,3,0,0,0,0,0,0,0,0,0,0,0,0,1.0,1.0,1.0,0.0,0.0,0.0,2,0,0
3788,30,11,19,6,7,8,9,6,3,0,3,0,0,0,0,0,0,0,0,0,0,0,0,1.0,1.0,1.0,0.0,0.0,0.0,2,0,0
3789,30,11,19,6,7,8,9,6,3,0,3,0,0,0,0,0,0,0,0,0,0,0,0,1.0,1.0,1.0,0.0,0.0,0.0,2,0,0
3790,30,11,19,6,7,8,9,6,3,0,2,0,0,0,0,0,0,0,0,0,0,0,0,1.0,1.0,1.0,0.0,0.0,0.0,2,0,0
3791,30,11,19,6,7,8,9,6,4,0,2,0,0,0,0,0,3,1,0,0,0,2,0,1.0,1.0,1.0,0.0,0.0,0.3333333333333333,2,0,0
3792,30,11,19,6,7,8,9,6,4,0,2,0,0,0,0,0,0,0,0,0,0,0,0,1.0,1.0,1.0,0.0,0.0,0.0,2,0,0
3793,30,11,19,6,7,8,9,6,4,0,2,0,0,0,0,0,0,0,0,0,0,0,0,1.0,1.0,1.0,0.0,0.0,0.0,2,0,0
3794,30,11,19,6,7,8,9,6,4,0,2,0,0,0,0,0,0,0,0,0,0,0,0,1.0,1.0,1.0,0.0,0.0,0.0,2,0,0
3795,33,12,21,9,5,10,9,6,3,0,3,0,0,0,0,0,0,0,0,1,0,0,0,1.0,1.0,1.0,0.1,0.1,0.0,2,3,0
3796,33,12,21,9,5,9,10,7,3,0,3,0,0,0,0,0,0,0,0,0,0,0,0,1.0,1.0,1.0,0.0,0.0,0.0,2,0,0
3797,36,14,22,12,5,9,10,7,2,1,4,0,0,0,0,0,2,0,1,1,0,0,0,1.0,1.0,1.0,0.09090909090909091,0.09090909090909091,0.0,2,3,0
3798,36,14,22,12,5,9,10,7,2,1,4,0,0,0,0,0,0,0,0,0,0,0,0,1.0,1.0,1.0,0.0,0.0,0.0,2,0,0
3799,36,14,22,12,5,8,11,8,3,1,4,0,0,0,0,0,2,1,0,0,0,0,0,1.0,1.0,1.0,0.0,0.0,0.5,2,0,0
3800,36,14,22,12,5,8,11,8,3,1,4,0,0,0,0,0,0,0,0,0,0,0,0,1.0,1.0,1.0,0.0,0.0,0.0,2,0,0
3801,36,14,22,9,8,8,11,8,3,1,4,0,0,0,0,0,0,0,0,0,0,0,0,1.0,1.0,1.0,0.0,0.0,0.0,2,0,0
3802,36,14,22,6,11,8,11,8,3,1,4,0,0,0,0,0,0,0,0,0,0,0,0,1.0,1.0,1.0,0.0,0.0,0.0,2,0,0
3803,36,14,22,6,11,6,13,8,3,1,3,0,0,0,0,0,0,0,0,0,0,0,0,1.0,1.0,1.0,0.0,0.0,0.0,2,0,0
3804,36,14,22,6,11,6,13,8,4,1,2,0,0,0,0,0,2,1,0,0,0,0,0,1.0,1.0,1.0,0.0,0.0,0.5,2,0,0
3805,36,14,22,6,11,6,13,8,5,1,2,0,0,0,0,0,6,1,0,0,0,0,0,1.0,1.0,1.0,0.0,0.0,0.16666666666666666,2,0,0
3806,36,14,22,6,11,6,13,8,5,1,2,0,0,0,0,0,0,0,0,0,0,0,0,1.0,1.0,1.0,0.0,0.0,0.0,2,0,0
3807,36,14,22,6,11,6,13,8,5,1,2,0,0,0,0,0,0,0,0,0,0,0,0,1.0,1.0,1.0,0.0,0.0,0.0,2,0,0
3808,36,14,22,6,11,6,13,8,5,1,2,0,0,0,0,0,0,0,0,0,0,0,0,1.0,1.0,1.0,0.0,0.0,0.0,2,0,0
3809,36,14,22,6,11,6,13,8,5,1,2,0,0,0,0,0,0,0,0,0,0,0,0,1.0,1.0,1.0,0.0,0.0,0.0,2,0,0
3810,40,16,24,10,11,6,13,8,4,1,3,0,0,0,0,0,0,0,0,1,0,0,0,1.0,1.0,1.0,0.1111111111111111,0.1111111111111111,0.0,2,4,0
3811,40,16,24,10,11,6,13,8,4,1,3,0,0,0,0,0,0,0,0,0,0,0,0,1.0,1.0,1.0,0.0,0.0,0.0,2,0,0
3812,40,16,24,10,11,6,13,8,4,1,3,0,0,0,0,0,0,0,0,0,0,0,0,1.0,1.0,1.0,0.0,0.0,0.0,2,0,0
3813,40,16,24,10,11,6,13,8,4,1,3,0,0,0,0,0,0,0,0,0,0,0,0,1.0,1.0,1.0,0.0,0.0,0.0,2,0,0
3814,40,16,24,10,11,6,13,8,4,1,3,0,0,0,0,0,0,0,0,0,0,0,0,1.0,1.0,1.0,0.0,0.0,0.0,2,0,0
3815,39,16,23,10,10,6,13,8,4,1,3,0,0,0,0,0,0,0,0,0,1,0,1,0.9523809523809523,1.0,1.0,0.0,0.0,0.0,2,0,1
3816,39,16,23,10,10,6,13,8,4,1,3,0,0,0,0,0,0,0,0,0,0,0,0,1.0,1.0,1.0,0.0,0.0,0.0,2,0,0
3817,39,16,23,10,10,6,13,8,4,1,3,0,0,0,0,0,0,0,0,0,0,0,0,1.0,1.0,1.0,0.0,0.0,0.0,2,0,0
3818,38,16,22,10,10,5,13,7,4,1,2,0,0,0,0,0,0,0,0,0,0,0,0,1.0,1.0,0.875,0.0,0.0,0.0,2,0,1
3819,38,16,22,10,10,5,13,7,4,1,2,0,0,0,0,0,0,0,0,0,0,0,0,1.0,1.0,1.0,0.0,0.0,0.0,2,0,0
3820,38,16,22,10,10,5,13,7,4,1,2,0,0,0,0,0,0,0,0,0,0,3,0,1.0,1.0,1.0,0.0,0.0,0.0,2,0,0
3821,38,16,22,10,10,5,13,7,4,1,2,0,0,0,0,0,0,0,0,0,0,0,0,1.0,1.0,1.0,0.0,0.0,0.0,2,0,0
3822,38,16,22,10,10,5,13,7,4,1,2,0,0,0,0,0,0,0,0,0,0,0,0,1.0,1.0,1.0,0.0,0.0,0.0,2,0,0
3823,38,16,22,10,10,5,13,7,4,1,2,0,0,0,0,0,0,0,0,0,0,0,0,1.0,1.0,1.0,0.0,0.0,0.0,2,0,0
3824,38,16,22,10,7,8,13,7,4,1,2,0,0,0,0,0,0,0,0,0,0,0,0,1.0,1.0,1.0,0.0,0.0,0.0,2,0,0
3825,36,14,22,9,6,7,14,8,5,1,2,0,0,0,0,0,3,1,0,0,2,0,2,0.8823529411764706,1.0,1.0,0.0,0.0,0.3333333333333333,2,0,2
3826,36,14,22,9,6,7,14,8,5,1,2,0,0,0,0,0,0,0,0,0,0,0,0,1.0,1.0,1.0,0.0,0.0,0.0,2,0,0
3827,36,14,22,9,6,7,14,8,5,1,2,0,0,0,0,0,0,0,0,0,0,0,0,1.0,1.0,1.0,0.0,0.0,0.0,2,0,0
3828,36,14,22,9,6,7,14,8,5,1,2,0,0,0,0,0,0,0,0,0,0,0,0,1.0,1.0,1.0,0.0,0.0,0.0,2,0,0
3829,36,14,22,9,6,7,14,8,5,1,2,0,0,0,0,0,0,0,0,0,0,0,0,1.0,1.0,1.0,0.0,0.0,0.0,2,0,0
3830,36,14,22,9,6,7,14,8,5,1,2,0,0,0,0,0,0,0,0,0,0,0,0,1.0,1.0,1.0,0.0,0.0,0.0,2,0,0
3831,36,14,22,9,6,7,14,8,5,1,2,0,0,0,0,0,0,0,0,0,0,0,0,1.0,1.0,1.0,0.0,0.0,0.0,2,0,0
3832,36,14,22,9,6,7,14,8,5,1,2,0,0,0,0,0,0,0,0,0,0,0,0,1.0,1.0,1.0,0.0,0.0,0.0,2,0,0
3833,35,13,22,9,6,6,14,8,5,1,2,0,0,1,0,0,0,0,0,0,0,0,1,1.0,1.0,1.0,0.0,0.0,0.0,2,0,1
3834,35,13,22,9,6,6,14,8,5,1,2,0,0,0,0,0,0,0,0,0,0,0,0,1.0,1.0,1.0,0.0,0.0,0.0,2,0,0
3835,34,13,21,9,6,5,14,8,5,1,2,0,0,0,1,0,0,0,0,0,0,0,1,1.0,1.0,1.0,0.0,0.0,0.0,2,0,1
3836,30,12,18,8,6,3,13,8,5,1,2,0,0,1,3,0,0,0,0,0,1,0,4,0.9333333333333333,0.8333333333333334,1.0,0.0,0.0,0.0,2,0,4
3837,27,10,17,7,6,1,13,8,5,1,2,0,0,2,1,0,0,0,0,0,1,0,3,0.9285714285714286,1.0,1.0,0.0,0.0,0.0,2,0,3
3838,27,10,17,4,9,1,13,8,5,1,2,0,0,0,0,0,0,0,0,0,0,0,0,1.0,1.0,1.0,0.0,0.0,0.0,2,0,0
3839,27,10,17,4,9,1,13,8,5,1,2,0,0,0,0,0,0,0,0,0,0,0,0,1.0,1.0,1.0,0.0,0.0,0.0,2,0,0
3840,27,10,17,3,10,1,13,8,5,1,1,0,0,0,0,0,0,0,0,0,0,0,0,1.0,1.0,1.0,0.0,0.0,0.0,2,0,0
3841,27,10,17,3,10,1,13,8,6,1,1,0,0,0,0,0,5,1,0,0,0,0,0,1.0,1.0,1.0,0.0,0.0,0.2,2,0,0
3842,27,10,17,3,10,1,13,8,6,0,0,0,0,0,0,0,0,0,0,0,0,0,0,1.0,1.0,1.0,0.0,0.0,0.0,2,0,0
3843,27,10,17,3,10,1,13,8,7,0,0,0,0,0,0,0,10,1,0,0,0,0,0,1.0,1.0,1.0,0.0,0.0,0.1,2,0,0
3844,27,10,17,3,10,1,13,8,7,0,0,0,0,0,0,0,6,0,0,0,0,0,0,1.0,1.0,1.0,0.0,0.0,0.0,2,0,0
3845,27,10,17,3,10,1,13,8,7,0,0,0,0,0,0,0,7,0,0,0,0,0,0,1.0,1.0,1.0,0.0,0.0,0.0,2,0,0
3846,27,10,17,3,10,1,13,8,8,0,0,0,0,0,0,0,3,1,0,0,0,0,0,1.0,1.0,1.0,0.0,0.0,0.3333333333333333,2,0,0
3847,27,10,17,3,10,1,13,8,8,0,0,0,0,0,0,0,0,0,0,0,0,0,0,1.0,1.0,1.0,0.0,0.0,0.0,2,0,0
3848,27,10,17,3,10,1,13,8,8,0,0,0,0,0,0,0,0,0,0,0,0,0,0,1.0,1.0,1.0,0.0,0.0,0.0,2,0,0
3849,27,10,17,3,10,1,13,8,8,0,0,0,0,0,0,0,0,0,0,0,0,0,0,1.0,1.0,1.0,0.0,0.0,0.0,2,0,0
3850,27,10,17,3,10,1,13,8,8,0,0,0,0,0,0,0,0,0,0,0,0,0,0,1.0,1.0,1.0,0.0,0.0,0.0,2,0,0
3851,27,10,17,3,10,1,13,8,8,0,0,0,0,0,0,0,0,0,0,0,0,0,0,1.0,1.0,1.0,0.0,0.0,0.0,2,0,0
3852,27,10,17,3,10,1,13,8,8,0,0,0,0,0,0,0,0,0,0,0,0,0,0,1.0,1.0,1.0,0.0,0.0,0.0,2,0,0
3853,27,10,17,0,13,1,13,8,8,0,0,0,0,0,0,0,0,0,0,0,0,0,0,1.0,1.0,1.0,0.0,0.0,0.0,2,0,0
3854,27,10,17,0,13,1,13,8,8,0,0,0,0,0,0,0,0,0,0,0,0,0,0,1.0,1.0,1.0,0.0,0.0,0.0,2,0,0
3855,27,10,17,0,13,1,13,8,8,0,0,0,0,0,0,0,0,0,0,0,0,0,0,1.0,1.0,1.0,0.0,0.0,0.0,2,0,0
3856,31,12,19,4,13,1,13,8,7,0,1,0,0,0,0,0,0,0,0,1,0,0,0,1.0,1.0,1.0,0.14814814814814814,0.14814814814814814,0.0,2,4,0
3857,31,12,19,4,13,1,13,8,7,0,1,0,0,0,0,0,0,0,0,0,0,0,0,1.0,1.0,1.0,0.0,0.0,0.0,2,0,0
3858,31,12,19,4,13,1,13,8,7,0,1,0,0,0,0,0,0,0,0,0,0,0,0,1.0,1.0,1.0,0.0,0.0,0.0,2,0,0
3859,31,12,19,4,13,1,13,8,7,0,1,0,0,0,0,0,0,0,0,0,0,0,0,1.0,1.0,1.0,0.0,0.0,0.0,2,0,0
3860,31,12,19,4,13,1,13,8,7,0,1,0,0,0,0,0,0,0,0,0,0,0,0,1.0,1.0,1.0,0.0,0.0,0.0,2,0,0
3861,31,12,19,4,13,1,13,8,7,0,1,0,0,0,0,0,0,0,0,0,0,0,0,1.0,1.0,1.0,0.0,0.0,0.0,2,0,0
3862,31,12,19,4,13,1,13,8,7,0,1,0,0,0,0,0,0,0,0,0,0,0,0,1.0,1.0,1.0,0.0,0.0,0.0,2,0,0
3863,31,12,19,4,13,0,14,9,7,1,1,0,0,0,0,0,1,0,1,0,0,0,0,1.0,1.0,1.0,0.0,0.0,0.0,2,0,0
3864,30,12,18,4,13,0,13,8,6,1,1,0,0,0,0,0,0,0,0,0,0,0,0,1.0,1.0,0.8888888888888888,0.0,0.0,0.0,2,0,1
3865,30,12,18,4,13,0,13,8,6,1,1,0,0,0,0,0,0,0,0,0,0,0,0,1.0,1.0,1.0,0.0,0.0,0.0,2,0,0
3866,30,12,18,4,13,0,13,8,6,1,1,0,0,0,0,0,0,0,0,0,0,0,0,1.0,1.0,1.0,0.0,0.0,0.0,2,0,0
3867,30,12,18,4,13,0,13,8,6,1,1,0,0,0,0,0,0,0,0,0,0,0,0,1.0,1.0,1.0,0.0,0.0,0.0,2,0,0
3868,30,12,18,4,13,0,13,8,6,1,1,0,0,0,0,0,0,0,0,0,0,0,0,1.0,1.0,1.0,0.0,0.0,0.0,2,0,0
3869,33,13,20,7,13,0,13,8,5,1,2,0,0,0,0,0,0,0,0,1,0,0,0,1.0,1.0,1.0,0.1,0.1,0.0,2,3,0
3870,37,15,22,11,13,0,13,8,4,1,3,0,0,0,0,0,0,0,0,1,0,0,0,1.0,1.0,1.0,0.12121212121212122,0.12121212121212122,0.0,2,4,0
3871,37,15,22,11,13,0,13,8,4,1,3,0,0,0,0,0,0,0,0,0,0,0,0,1.0,1.0,1.0,0.0,0.0,0.0,2,0,0
3872,37,15,22,11,13,0,13,8,4,1,3,0,0,0,0,0,0,0,0,0,0,0,0,1.0,1.0,1.0,0.0,0.0,0.0,2,0,0
3873,37,15,22,11,13,0,13,8,4,1,3,0,0,0,0,0,0,0,0,0,0,0,0,1.0,1.0,1.0,0.0,0.0,0.0,2,0,0
3874,37,15,22,11,13,0,13,8,4,1,3,0,0,0,0,0,0,0,0,0,0,0,0,1.0,1.0,1.0,0.0,0.0,0.0,2,0,0
3875,37,15,22,11,13,0,13,8,4,1,3,0,0,0,0,0,0,0,0,0,0,0,0,1.0,1.0,1.0,0.0,0.0,0.0,2,0,0
3876,37,15,22,11,13,0,13,8,4,1,3,0,0,0,0,0,0,0,0,0,0,0,0,1.0,1.0,1.0,0.0,0.0,0.0,2,0,0
3877,37,15,22,11,13,0,13,8,4,1,3,0,0,0,0,0,0,0,0,0,0,0,0,1.0,1.0,1.0,0.0,0.0,0.0,2,0,0
3878,37,15,22,11,13,0,13,8,4,1,3,0,0,0,0,0,0,0,0,0,0,0,0,1.0,1.0,1.0,0.0,0.0,0.0,2,0,0
3879,37,15,22,11,13,0,13,8,4,1,3,0,0,0,0,0,0,0,0,0,0,0,0,1.0,1.0,1.0,0.0,0.0,0.0,2,0,0
3880,37,15,22,11,13,0,13,8,4,1,3,0,0,0,0,0,0,0,0,0,0,0,0,1.0,1.0,1.0,0.0,0.0,0.0,2,0,0
3881,37,15,22,11,13,0,13,8,4,1,3,0,0,0,0,0,0,0,0,0,0,0,0,1.0,1.0,1.0,0.0,0.0,0.0,2,0,0
3882,37,15,22,11,13,0,13,8,4,1,3,0,0,0,0,0,0,0,0,0,0,0,0,1.0,1.0,1.0,0.0,0.0,0.0,2,0,0
3883,37,15,22,11,13,0,13,8,4,1,3,0,0,0,0,0,0,0,0,0,0,0,0,1.0,1.0,1.0,0.0,0.0,0.0,2,0,0
3884,37,15,22,11,13,0,13,8,4,1,3,0,0,0,0,0,0,0,0,0,0,0,0,1.0,1.0,1.0,0.0,0.0,0.0,2,0,0
3885,37,15,22,11,13,0,13,8,4,1,3,0,0,0,0,0,0,0,0,0,0,0,0,1.0,1.0,1.0,0.0,0.0,0.0,2,0,0
3886,37,15,22,11,13,0,13,8,4,1,3,0,0,0,0,0,0,0,0,0,0,0,0,1.0,1.0,1.0,0.0,0.0,0.0,2,0,0
3887,37,15,22,11,13,0,13,8,4,1,3,0,0,0,0,0,0,0,0,0,0,0,0,1.0,1.0,1.0,0.0,0.0,0.0,2,0,0
3888,37,15,22,11,13,0,13,8,4,1,3,0,0,0,0,0,0,0,0,0,0,0,0,1.0,1.0,1.0,0.0,0.0,0.0,2,0,0
3889,37,15,22,11,13,0,13,8,4,1,3,0,0,0,0,0,0,0,0,0,0,0,0,1.0,1.0,1.0,0.0,0.0,0.0,2,0,0
3890,41,18,23,15,13,0,13,8,3,1,4,0,0,0,0,0,0,0,0,1,0,0,0,1.0,1.0,1.0,0.10810810810810811,0.10810810810810811,0.0,2,4,0
3891,41,18,23,15,13,0,13,8,3,1,4,0,0,0,0,0,0,0,0,0,0,0,0,1.0,1.0,1.0,0.0,0.0,0.0,2,0,0
3892,41,18,23,15,13,0,13,8,3,1,4,0,0,0,0,0,0,0,0,0,0,0,0,1.0,1.0,1.0,0.0,0.0,0.0,2,0,0
3893,41,18,23,15,13,0,13,8,3,1,4,0,0,0,0,0,0,0,0,0,0,0,0,1.0,1.0,1.0,0.0,0.0,0.0,2,0,0
3894,41,18,23,15,13,0,13,8,3,1,4,0,0,0,0,0,0,0,0,0,0,0,0,1.0,1.0,1.0,0.0,0.0,0.0,2,0,0
3895,40,18,22,14,13,0,13,8,3,1,4,0,0,0,0,0,0,0,0,0,1,0,1,0.9642857142857143,1.0,1.0,0.0,0.0,0.0,2,0,1
3896,40,18,22,14,13,0,13,8,3,1,4,0,0,0,0,0,0,0,0,0,0,0,0,1.0,1.0,1.0,0.0,0.0,0.0,2,0,0
3897,40,18,22,14,13,0,13,8,3,1,4,0,0,0,0,0,0,0,0,0,0,0,0,1.0,1.0,1.0,0.0,0.0,0.0,2,0,0
3898,40,18,22,14,13,0,13,8,3,1,4,0,0,0,0,0,0,0,0,0,0,0,0,1.0,1.0,1.0,0.0,0.0,0.0,2,0,0
3899,40,18,22,10,17,0,13,8,3,1,4,0,0,0,0,0,0,0,0,0,0,0,0,1.0,1.0,1.0,0.0,0.0,0.0,2,0,0
3900,40,18,22,10,17,0,13,8,3,1,4,0,0,0,0,0,0,0,0,0,0,0,0,1.0,1.0,1.0,0.0,0.0,0.0,2,0,0
3901,40,18,22,10,17,0,13,8,3,1,3,0,0,0,0,0,0,0,0,0,0,0,0,1.0,1.0,1.0,0.0,0.0,0.0,2,0,0
3902,40,18,22,10,17,0,13,8,4,1,3,0,0,0,0,0,2,1,0,0,0,0,0,1.0,1.0,1.0,0.0,0.0,0.5,2,0,0
3903,40,18,22,10,17,0,13,8,4,1,3,0,0,0,0,0,0,0,0,0,0,0,0,1.0,1.0,1.0,0.0,0.0,0.0,2,0,0
3904,40,18,22,10,17,0,13,8,4,1,3,0,0,0,0,0,0,0,0,0,0,0,0,1.0,1.0,1.0,0.0,0.0,0.0,2,0,0
3905,40,18,22,10,17,0,13,8,4,1,3,0,0,0,0,0,0,0,0,0,0,0,0,1.0,1.0,1.0,0.0,0.0,0.0,2,0,0
3906,43,20,23,13,17,0,13,8,3,1,4,0,0,0,0,0,0,0,0,1,0,0,0,1.0,1.0,1.0,0.075,0.075,0.0,2,3,0
3907,43,20,23,13,17,0,13,8,3,1,4,0,0,0,0,0,0,0,0,0,0,0,0,1.0,1.0,1.0,0.0,0.0,0.0,2,0,0
3908,47,23,24,17,17,0,13,8,2,0,5,0,0,0,0,0,0,0,0,1,0,0,0,1.0,1.0,1.0,0.09302325581395349,0.09302325581395349,0.0,2,4,0
3909,46,22,24,16,17,0,13,8,2,0,5,0,0,0,0,0,1,0,0,0,1,0,1,0.9705882352941176,1.0,1.0,0.0,0.0,0.0,2,0,1
3910,46,22,24,16,17,0,13,8,3,0,5,0,0,0,0,0,5,1,0,0,0,0,0,1.0,1.0,1.0,0.0,0.0,0.2,2,0,0
3911,50,25,25,20,17,0,13,8,2,0,6,0,0,0,0,0,0,0,0,1,0,0,0,1.0,1.0,1.0,0.08695652173913043,0.08695652173913043,0.0,2,4,0
3912,50,25,25,17,20,0,13,8,2,0,6,0,0,0,0,0,0,0,0,0,0,0,0,1.0,1.0,1.0,0.0,0.0,0.0,2,0,0
3913,50,25,25,14,23,0,13,8,2,0,6,0,0,0,0,0,0,0,0,0,0,0,0,1.0,1.0,1.0,0.0,0.0,0.0,2,0,0
3914,50,25,25,14,23,0,13,8,2,0,5,0,0,0,0,0,0,0,0,0,0,0,0,1.0,1.0,1.0,0.0,0.0,0.0,2,0,0
3915,50,25,25,14,23,0,13,8,3,0,4,0,0,0,0,0,7,1,0,0,0,0,0,1.0,1.0,1.0,0.0,0.0,0.14285714285714285,2,0,0
3916,49,24,25,14,23,0,12,8,4,0,4,0,0,0,0,0,3,1,0,0,0,0,0,1.0,0.8,1.0,0.0,0.0,0.3333333333333333,2,0,1
3917,49,24,25,14,23,0,12,8,4,0,4,0,0,0,0,0,0,0,0,0,0,0,0,1.0,1.0,1.0,0.0,0.0,0.0,2,0,0
3918,49,24,25,14,23,0,12,8,4,0,4,0,0,0,0,0,0,0,0,0,0,0,0,1.0,1.0,1.0,0.0,0.0,0.0,2,0,0
3919,49,24,25,14,23,0,12,8,4,0,4,0,0,0,0,0,0,0,0,0,0,0,0,1.0,1.0,1.0,0.0,0.0,0.0,2,0,0
3920,49,24,25,14,23,0,12,8,4,0,4,0,0,0,0,0,0,0,0,0,0,0,0,1.0,1.0,1.0,0.0,0.0,0.0,2,0,0
3921,49,24,25,14,23,0,12,8,4,0,4,0,0,0,0,0,0,0,0,0,0,0,0,1.0,1.0,1.0,0.0,0.0,0.0,2,0,0
3922,49,24,25,14,23,0,12,8,4,0,4,0,0,0,0,0,0,0,0,0,0,0,0,1.0,1.0,1.0,0.0,0.0,0.0,2,0,0
3923,49,24,25,14,23,0,12,8,4,0,4,0,0,0,0,0,0,0,0,0,0,0,0,1.0,1.0,1.0,0.0,0.0,0.0,2,0,0
3924,48,23,25,14,22,0,12,8,4,0,4,0,0,1,0,0,0,0,0,0,1,0,1,0.972972972972973,1.0,1.0,0.0,0.0,0.0,2,0,1
3925,47,23,24,14,21,0,12,8,4,0,4,0,0,0,1,0,0,0,0,0,1,1,1,0.9722222222222222,1.0,1.0,0.0,0.0,0.0,2,0,1
3926,46,22,24,13,21,0,12,8,4,0,4,0,0,1,0,0,0,0,0,0,1,0,1,0.9714285714285714,1.0,1.0,0.0,0.0,0.0,2,0,1
3927,44,20,24,13,20,0,11,8,4,0,4,0,0,2,0,0,0,0,0,0,1,0,2,0.9705882352941176,0.75,1.0,0.0,0.0,0.0,2,0,2
3928,44,20,24,13,20,0,11,8,4,0,4,0,0,0,0,0,0,0,0,0,0,0,0,1.0,1.0,1.0,0.0,0.0,0.0,2,0,0
3929,42,20,22,13,18,1,10,7,3,0,4,0,0,0,2,0,0,0,0,0,1,0,2,0.96875,1.0,0.875,0.0,0.0,0.0,2,0,2
3930,39,18,21,12,18,1,8,6,3,0,3,0,0,2,1,0,0,0,0,0,1,0,3,0.967741935483871,0.6666666666666667,0.8571428571428572,0.0,0.0,0.0,2,0,3
3931,39,18,21,12,18,1,8,6,3,0,3,0,0,0,0,0,0,0,0,0,0,0,0,1.0,1.0,1.0,0.0,0.0,0.0,2,0,0
3932,39,18,21,12,18,1,8,6,3,0,3,0,0,0,0,0,0,0,0,0,0,0,0,1.0,1.0,1.0,0.0,0.0,0.0,2,0,0
3933,39,18,21,9,21,1,8,6,3,0,3,0,0,0,0,0,0,0,0,0,0,0,0,1.0,1.0,1.0,0.0,0.0,0.0,2,0,0
3934,39,18,21,9,21,1,8,6,3,0,3,0,0,0,0,0,0,0,0,0,0,0,0,1.0,1.0,1.0,0.0,0.0,0.0,2,0,0
3935,39,18,21,9,21,1,8,6,3,0,3,0,0,0,0,0,0,0,0,0,0,0,0,1.0,1.0,1.0,0.0,0.0,0.0,2,0,0
3936,39,18,21,9,21,1,8,6,3,0,3,0,0,0,0,0,0,0,0,0,0,0,0,1.0,1.0,1.0,0.0,0.0,0.0,2,0,0
3937,39,18,21,9,21,1,8,6,3,0,3,0,0,0,0,0,0,0,0,0,0,0,0,1.0,1.0,1.0,0.0,0.0,0.0,2,0,0
3938,38,18,20,9,21,1,7,5,2,0,3,0,0,0,0,0,0,0,0,0,0,3,0,1.0,1.0,0.8333333333333334,0.0,0.0,0.0,2,0,1
3939,37,18,19,9,20,1,7,5,2,0,3,0,0,0,0,0,0,0,0,0,1,1,1,0.9666666666666667,1.0,1.0,0.0,0.0,0.0,2,0,1
3940,37,18,19,9,20,1,7,5,2,0,3,0,0,0,0,0,0,0,0,0,0,0,0,1.0,1.0,1.0,0.0,0.0,0.0,2,0,0
3941,37,18,19,9,20,1,7,5,2,0,3,0,0,0,0,0,0,0,0,0,0,0,0,1.0,1.0,1.0,0.0,0.0,0.0,2,0,0
3942,37,18,19,9,17,4,7,5,2,0,3,0,0,0,0,0,0,0,0,0,0,0,0,1.0,1.0,1.0,0.0,0.0,0.0,2,0,0
3943,37,18,19,9,16,5,7,5,2,0,3,0,0,0,0,0,0,0,0,0,0,0,0,1.0,1.0,1.0,0.0,0.0,0.0,2,0,0
3944,37,18,19,9,16,5,7,5,2,0,3,0,0,0,0,0,0,0,0,0,0,0,0,1.0,1.0,1.0,0.0,0.0,0.0,2,0,0
3945,37,18,19,9,16,5,7,5,2,0,3,0,0,0,0,0,0,0,0,0,0,0,0,1.0,1.0,1.0,0.0,0.0,0.0,2,0,0
3946,37,18,19,9,16,5,7,5,2,0,3,0,0,0,0,0,0,0,0,0,0,0,0,1.0,1.0,1.0,0.0,0.0,0.0,2,0,0
3947,37,18,19,9,16,5,7,5,2,0,3,0,0,0,0,0,0,0,0,0,0,0,0,1.0,1.0,1.0,0.0,0.0,0.0,2,0,0
3948,37,18,19,9,16,5,7,5,2,0,3,0,0,0,0,0,0,0,0,0,0,0,0,1.0,1.0,1.0,0.0,0.0,0.0,2,0,0
3949,37,18,19,7,18,5,7,5,2,0,3,0,0,0,0,0,0,0,0,0,0,0,0,1.0,1.0,1.0,0.0,0.0,0.0,2,0,0
3950,37,18,19,7,18,5,7,5,2,0,3,0,0,0,0,0,0,0,0,0,0,0,0,1.0,1.0,1.0,0.0,0.0,0.0,2,0,0
3951,37,18,19,3,22,5,7,5,2,0,2,0,0,0,0,0,0,0,0,0,0,0,0,1.0,1.0,1.0,0.0,0.0,0.0,2,0,0
3952,37,18,19,3,22,5,7,5,2,0,2,0,0,0,0,0,0,0,0,0,0,0,0,1.0,1.0,1.0,0.0,0.0,0.0,2,0,0
3953,37,18,19,3,22,5,7,5,2,0,1,0,0,0,0,0,0,0,0,0,0,0,0,1.0,1.0,1.0,0.0,0.0,0.0,2,0,0
3954,37,18,19,0,25,5,7,5,2,0,1,0,0,0,0,0,0,0,0,0,0,0,0,1.0,1.0,1.0,0.0,0.0,0.0,2,0,0
3955,37,18,19,0,25,5,7,5,2,0,1,0,0,0,0,0,0,0,0,0,0,0,0,1.0,1.0,1.0,0.0,0.0,0.0,2,0,0
3956,37,18,19,0,25,5,7,5,2,0,0,0,0,0,0,0,0,0,0,0,0,0,0,1.0,1.0,1.0,0.0,0.0,0.0,2,0,0
3957,37,18,19,0,25,5,7,5,2,0,0,0,0,0,0,0,0,0,0,0,0,0,0,1.0,1.0,1.0,0.0,0.0,0.0,2,0,0
3958,37,18,19,0,25,5,7,5,2,0,0,0,0,0,0,0,0,0,0,0,0,0,0,1.0,1.0,1.0,0.0,0.0,0.0,2,0,0
3959,37,18,19,0,25,5,7,5,2,0,0,0,0,0,0,0,0,0,0,0,0,0,0,1.0,1.0,1.0,0.0,0.0,0.0,2,0,0
3960,37,18,19,0,25,5,7,5,2,0,0,0,0,0,0,0,0,0,0,0,0,0,0,1.0,1.0,1.0,0.0,0.0,0.0,2,0,0
3961,37,18,19,0,25,5,7,5,2,0,0,0,0,0,0,0,0,0,0,0,0,0,0,1.0,1.0,1.0,0.0,0.0,0.0,2,0,0
3962,37,18,19,0,25,5,7,5,2,0,0,0,0,0,0,0,0,0,0,0,0,0,0,1.0,1.0,1.0,0.0,0.0,0.0,2,0,0
3963,37,18,19,0,25,5,7,5,2,0,0,0,0,0,0,0,0,0,0,0,0,0,0,1.0,1.0,1.0,0.0,0.0,0.0,2,0,0
3964,37,18,19,0,25,5,7,5,2,0,0,0,0,0,0,0,0,0,0,0,0,0,0,1.0,1.0,1.0,0.0,0.0,0.0,2,0,0
3965,37,18,19,0,25,5,7,5,2,0,0,0,0,0,0,0,0,0,0,0,0,0,0,1.0,1.0,1.0,0.0,0.0,0.0,2,0,0
3966,37,18,19,0,25,5,7,5,2,0,0,0,0,0,0,0,0,0,0,0,0,0,0,1.0,1.0,1.0,0.0,0.0,0.0,2,0,0
3967,40,19,21,4,24,5,7,5,1,0,1,0,0,0,0,0,0,0,0,1,1,0,1,0.96,1.0,1.0,0.10810810810810811,0.10810810810810811,0.0,2,4,1
3968,40,19,21,4,24,5,7,5,1,0,1,0,0,0,0,0,0,0,0,0,0,0,0,1.0,1.0,1.0,0.0,0.0,0.0,2,0,0
3969,40,19,21,4,24,5,7,5,1,0,1,0,0,0,0,0,0,0,0,0,0,0,0,1.0,1.0,1.0,0.0,0.0,0.0,2,0,0
3970,40,19,21,4,24,5,7,5,1,0,1,0,0,0,0,0,0,0,0,0,0,0,0,1.0,1.0,1.0,0.0,0.0,0.0,2,0,0
3971,40,19,21,4,24,5,7,5,1,0,1,0,0,0,0,0,0,0,0,0,0,0,0,1.0,1.0,1.0,0.0,0.0,0.0,2,0,0
3972,40,19,21,4,24,5,7,5,1,0,1,0,0,0,0,0,0,0,0,0,0,0,0,1.0,1.0,1.0,0.0,0.0,0.0,2,0,0
3973,39,18,21,4,23,5,7,5,1,0,1,0,0,0,0,0,0,0,0,0,1,0,1,0.9642857142857143,1.0,1.0,0.0,0.0,0.0,2,0,1
3974,39,18,21,4,23,5,7,5,1,0,1,0,0,0,0,0,0,0,0,0,0,0,0,1.0,1.0,1.0,0.0,0.0,0.0,2,0,0
3975,43,20,23,8,23,5,7,5,0,0,2,0,0,0,0,0,0,0,0,1,0,2,0,1.0,1.0,1.0,0.10256410256410256,0.10256410256410256,0.0,2,4,0
3976,43,20,23,8,23,5,7,5,0,0,2,0,0,0,0,0,0,0,0,0,0,0,0,1.0,1.0,1.0,0.0,0.0,0.0,2,0,0
3977,43,20,23,8,23,5,7,5,0,0,2,0,0,0,0,0,0,0,0,0,0,1,0,1.0,1.0,1.0,0.0,0.0,0.0,2,0,0
3978,43,20,23,8,23,5,7,5,0,0,2,0,0,0,0,0,0,0,0,0,0,0,0,1.0,1.0,1.0,0.0,0.0,0.0,2,0,0
3979,42,19,23,8,20,7,7,5,0,0,2,0,0,0,0,0,0,0,0,0,1,0,1,0.9655172413793104,1.0,1.0,0.0,0.0,0.0,2,0,1
3980,41,19,22,7,20,7,7,5,0,0,2,0,0,0,0,0,0,0,0,0,1,0,1,0.9642857142857143,1.0,1.0,0.0,0.0,0.0,2,0,1
3981,41,19,22,7,19,8,7,5,0,0,2,0,0,0,0,0,0,0,0,0,0,0,0,1.0,1.0,1.0,0.0,0.0,0.0,2,0,0
3982,41,19,22,7,19,8,7,5,0,0,2,0,0,0,0,0,0,0,0,0,0,0,0,1.0,1.0,1.0,0.0,0.0,0.0,2,0,0
3983,41,19,22,7,19,8,7,5,0,0,2,0,0,0,0,0,0,0,0,0,0,0,0,1.0,1.0,1.0,0.0,0.0,0.0,2,0,0
3984,40,18,22,7,19,7,7,5,0,0,2,0,0,0,0,0,0,0,0,0,0,0,0,1.0,1.0,1.0,0.0,0.0,0.0,2,0,1
3985,39,18,21,7,18,7,7,5,0,0,2,0,0,0,0,0,0,0,0,0,1,0,1,0.9615384615384616,1.0,1.0,0.0,0.0,0.0,2,0,1
3986,39,18,21,7,18,7,7,5,0,0,2,0,0,0,0,0,0,0,0,0,0,0,0,1.0,1.0,1.0,0.0,0.0,0.0,2,0,0
3987,38,17,21,7,17,7,7,5,0,0,2,0,0,0,0,0,0,0,0,0,1,0,1,0.96,1.0,1.0,0.0,0.0,0.0,2,0,1
3988,38,17,21,7,17,7,7,5,0,0,2,0,0,0,0,0,0,0,0,0,0,0,0,1.0,1.0,1.0,0.0,0.0,0.0,2,0,0
3989,38,17,21,7,17,7,7,5,0,0,2,0,0,0,0,0,0,0,0,0,0,0,0,1.0,1.0,1.0,0.0,0.0,0.0,2,0,0
3990,38,17,21,7,17,7,7,5,0,0,2,0,0,0,0,0,0,0,0,0,0,2,0,1.0,1.0,1.0,0.0,0.0,0.0,2,0,0
3991,38,17,21,7,17,7,7,5,0,0,2,0,0,0,0,0,0,0,0,0,0,0,0,1.0,1.0,1.0,0.0,0.0,0.0,2,0,0
3992,38,17,21,7,17,7,7,5,0,0,2,0,0,0,0,0,0,0,0,0,0,0,0,1.0,1.0,1.0,0.0,0.0,0.0,2,0,0
3993,38,17,21,7,17,7,7,5,0,0,2,0,0,0,0,0,0,0,0,0,0,0,0,1.0,1.0,1.0,0.0,0.0,0.0,2,0,0
3994,38,17,21,7,15,9,7,5,0,0,2,0,0,0,0,0,0,0,0,0,0,0,0,1.0,1.0,1.0,0.0,0.0,0.0,2,0,0
3995,38,17,21,7,15,9,7,5,0,0,2,0,0,0,0,0,0,0,0,0,0,0,0,1.0,1.0,1.0,0.0,0.0,0.0,2,0,0
3996,38,17,21,7,15,9,7,5,0,0,2,0,0,0,0,0,0,0,0,0,0,0,0,1.0,1.0,1.0,0.0,0.0,0.0,2,0,0
3997,38,17,21,7,15,9,7,5,0,0,2,0,0,0,0,0,0,0,0,0,0,0,0,1.0,1.0,1.0,0.0,0.0,0.0,2,0,0
3998,38,17,21,7,15,9,7,5,0,0,2,0,0,0,0,0,0,0,0,0,0,0,0,1.0,1.0,1.0,0.0,0.0,0.0,2,0,0
3999,38,17,21,7,15,9,7,5,0,0,2,0,0,0,0,0,0,0,0,0,0,0,0,1.0,1.0,1.0,0.0,0.0,0.0,2,0,0
4000,38,17,21,7,15,9,7,5,0,0,2,0,0,0,0,0,0,0,0,0,0,0,0,1.0,1.0,1.0,0.0,0.0,0.0,2,0,0
4001,37,16,21,7,14,9,7,5,0,0,2,0,0,0,0,0,0,0,0,0,1,0,1,0.9545454545454546,1.0,1.0,0.0,0.0,0.0,2,0,1
4002,37,16,21,7,14,9,7,5,0,0,2,0,0,0,0,0,0,0,0,0,0,0,0,1.0,1.0,1.0,0.0,0.0,0.0,2,0,0
4003,37,16,21,7,14,9,7,5,0,0,2,0,0,0,0,0,0,0,0,0,0,0,0,1.0,1.0,1.0,0.0,0.0,0.0,2,0,0
4004,37,16,21,7,14,9,7,5,0,0,2,0,0,0,0,0,0,0,0,0,0,0,0,1.0,1.0,1.0,0.0,0.0,0.0,2,0,0
4005,36,16,20,7,14,9,6,4,0,0,2,0,0,0,0,0,0,0,0,0,0,0,0,1.0,1.0,0.8,0.0,0.0,0.0,2,0,1
4006,36,16,20,7,14,9,6,4,0,0,2,0,0,0,0,0,0,0,0,0,0,0,0,1.0,1.0,1.0,0.0,0.0,0.0,2,0,0
4007,36,16,20,7,14,9,6,4,0,0,2,0,0,0,0,0,0,0,0,0,0,0,0,1.0,1.0,1.0,0.0,0.0,0.0,2,0,0
4008,36,16,20,7,14,9,6,4,0,0,2,0,0,0,0,0,0,0,0,0,0,0,0,1.0,1.0,1.0,0.0,0.0,0.0,2,0,0
4009,36,16,20,7,14,9,6,4,0,0,2,0,0,0,0,0,0,0,0,0,0,0,0,1.0,1.0,1.0,0.0,0.0,0.0,2,0,0
4010,36,16,20,4,17,9,6,4,0,0,2,0,0,0,0,0,0,0,0,0,0,0,0,1.0,1.0,1.0,0.0,0.0,0.0,2,0,0
4011,36,16,20,4,17,9,6,4,0,0,2,0,0,0,0,0,0,0,0,0,0,0,0,1.0,1.0,1.0,0.0,0.0,0.0,2,0,0
4012,36,16,20,4,17,9,6,4,0,0,1,0,0,0,0,0,0,0,0,0,0,0,0,1.0,1.0,1.0,0.0,0.0,0.0,2,0,0
4013,36,16,20,4,17,9,6,4,0,0,1,0,0,0,0,0,0,0,0,0,0,0,0,1.0,1.0,1.0,0.0,0.0,0.0,2,0,0
4014,36,16,20,4,17,9,6,4,0,0,1,0,0,0,0,0,0,0,0,0,0,0,0,1.0,1.0,1.0,0.0,0.0,0.0,2,0,0
4015,36,16,20,4,17,9,6,4,0,0,1,0,0,0,0,0,0,0,0,0,0,0,0,1.0,1.0,1.0,0.0,0.0,0.0,2,0,0
4016,35,16,19,4,16,9,6,4,0,0,1,0,0,0,1,0,0,0,0,0,1,0,1,0.9523809523809523,1.0,1.0,0.0,0.0,0.0,2,0,1
4017,33,16,17,4,15,9,5,3,0,0,0,0,0,0,2,0,0,0,0,0,1,0,2,0.95,1.0,0.75,0.0,0.0,0.0,2,0,2
4018,33,16,17,0,19,9,5,3,0,0,0,0,0,0,0,0,0,0,0,0,0,0,0,1.0,1.0,1.0,0.0,0.0,0.0,2,0,0
4019,29,14,15,0,16,9,4,2,0,0,0,0,0,2,2,0,0,0,0,0,3,0,4,0.8421052631578947,1.0,0.6666666666666667,0.0,0.0,0.0,2,0,4
4020,25,12,13,0,12,9,4,2,0,0,0,0,0,2,2,0,0,0,0,0,4,0,4,0.75,1.0,1.0,0.0,0.0,0.0,2,0,4
4021,23,10,13,0,11,8,4,2,0,0,0,0,0,2,0,0,0,0,0,0,1,0,2,0.9166666666666666,1.0,1.0,0.0,0.0,0.0,2,0,2
4022,22,10,12,0,10,8,4,2,0,0,0,0,0,0,1,0,0,0,0,0,1,0,1,0.9090909090909091,1.0,1.0,0.0,0.0,0.0,2,0,1
4023,22,10,12,0,10,8,4,2,0,0,0,0,0,0,0,0,0,0,0,0,0,0,0,1.0,1.0,1.0,0.0,0.0,0.0,2,0,0
4024,22,10,12,0,10,8,4,2,0,0,0,0,0,0,0,0,0,0,0,0,0,0,0,1.0,1.0,1.0,0.0,0.0,0.0,2,0,0
4025,22,10,12,0,10,8,4,2,0,0,0,0,0,0,0,0,0,0,0,0,0,0,0,1.0,1.0,1.0,0.0,0.0,0.0,2,0,0
4026,22,10,12,0,10,8,4,2,0,0,0,0,0,0,0,0,0,0,0,0,0,0,0,1.0,1.0,1.0,0.0,0.0,0.0,2,0,0
4027,22,10,12,0,10,8,4,2,0,0,0,0,0,0,0,0,0,0,0,0,0,0,0,1.0,1.0,1.0,0.0,0.0,0.0,2,0,0
4028,22,10,12,0,10,8,4,2,0,0,0,0,0,0,0,0,0,0,0,0,0,0,0,1.0,1.0,1.0,0.0,0.0,0.0,2,0,0
4029,22,10,12,0,10,8,4,2,0,0,0,0,0,0,0,0,0,0,0,0,0,0,0,1.0,1.0,1.0,0.0,0.0,0.0,2,0,0
4030,22,10,12,0,10,8,4,2,0,0,0,0,0,0,0,0,0,0,0,0,0,0,0,1.0,1.0,1.0,0.0,0.0,0.0,2,0,0
4031,22,10,12,0,10,8,4,2,0,0,0,0,0,0,0,0,0,0,0,0,0,0,0,1.0,1.0,1.0,0.0,0.0,0.0,2,0,0
4032,22,10,12,0,10,8,4,2,0,0,0,0,0,0,0,0,0,0,0,0,0,0,0,1.0,1.0,1.0,0.0,0.0,0.0,2,0,0
4033,22,10,12,0,10,8,4,2,0,0,0,0,0,0,0,0,0,0,0,0,0,0,0,1.0,1.0,1.0,0.0,0.0,0.0,2,0,0
4034,22,10,12,0,10,8,4,2,0,0,0,0,0,0,0,0,0,0,0,0,0,0,0,1.0,1.0,1.0,0.0,0.0,0.0,2,0,0
4035,22,10,12,0,10,8,4,2,0,0,0,0,0,0,0,0,0,0,0,0,0,0,0,1.0,1.0,1.0,0.0,0.0,0.0,2,0,0
4036,22,10,12,0,10,8,4,2,0,0,0,0,0,0,0,0,0,0,0,0,0,1,0,1.0,1.0,1.0,0.0,0.0,0.0,2,0,0
4037,22,10,12,0,10,8,4,2,0,0,0,0,0,0,0,0,0,0,0,0,0,0,0,1.0,1.0,1.0,0.0,0.0,0.0,2,0,0
4038,22,10,12,0,10,8,4,2,0,0,0,0,0,0,0,0,0,0,0,0,0,0,0,1.0,1.0,1.0,0.0,0.0,0.0,2,0,0
4039,22,10,12,0,10,8,4,2,0,0,0,0,0,0,0,0,0,0,0,0,0,0,0,1.0,1.0,1.0,0.0,0.0,0.0,2,0,0
4040,22,10,12,0,9,9,4,2,0,0,0,0,0,0,0,0,0,0,0,0,0,0,0,1.0,1.0,1.0,0.0,0.0,0.0,2,0,0
4041,22,10,12,0,9,9,4,2,0,0,0,0,0,0,0,0,0,0,0,0,0,0,0,1.0,1.0,1.0,0.0,0.0,0.0,2,0,0
4042,22,10,12,0,9,9,4,2,0,0,0,0,0,0,0,0,0,0,0,0,0,0,0,1.0,1.0,1.0,0.0,0.0,0.0,2,0,0
4043,22,10,12,0,9,9,4,2,0,0,0,0,0,0,0,0,0,0,0,0,0,0,0,1.0,1.0,1.0,0.0,0.0,0.0,2,0,0
4044,22,10,12,0,9,9,4,2,0,0,0,0,0,0,0,0,0,0,0,0,0,0,0,1.0,1.0,1.0,0.0,0.0,0.0,2,0,0
4045,22,10,12,0,9,9,4,2,1,0,0,0,0,0,0,0,1,1,0,0,0,0,0,1.0,1.0,1.0,0.0,0.0,1.0,2,0,0
4046,22,10,12,0,9,9,4,2,1,0,0,0,0,0,0,0,1,0,0,0,0,0,0,1.0,1.0,1.0,0.0,0.0,0.0,2,0,0
4047,22,10,12,0,9,9,4,2,1,0,0,0,0,0,0,0,2,0,0,0,0,0,0,1.0,1.0,1.0,0.0,0.0,0.0,2,0,0
4048,22,10,12,0,9,9,4,2,2,0,0,0,0,0,0,0,6,1,0,0,0,0,0,1.0,1.0,1.0,0.0,0.0,0.16666666666666666,2,0,0
4049,22,10,12,0,9,9,4,2,2,0,0,0,0,0,0,0,0,0,0,0,0,1,0,1.0,1.0,1.0,0.0,0.0,0.0,2,0,0
4050,22,10,12,0,9,9,4,2,2,0,0,0,0,0,0,0,0,0,0,0,0,1,0,1.0,1.0,1.0,0.0,0.0,0.0,2,0,0
4051,22,10,12,0,9,9,4,2,2,0,0,0,0,0,0,0,0,0,0,0,0,0,0,1.0,1.0,1.0,0.0,0.0,0.0,2,0,0
4052,22,10,12,0,9,9,4,2,2,0,0,0,0,0,0,0,0,0,0,0,0,0,0,1.0,1.0,1.0,0.0,0.0,0.0,2,0,0
4053,22,10,12,0,8,10,4,2,2,0,0,0,0,0,0,0,0,0,0,0,0,0,0,1.0,1.0,1.0,0.0,0.0,0.0,2,0,0
4054,22,10,12,0,7,11,4,2,2,0,0,0,0,0,0,0,0,0,0,0,0,0,0,1.0,1.0,1.0,0.0,0.0,0.0,2,0,0
4055,22,10,12,0,7,11,4,2,2,0,0,0,0,0,0,0,0,0,0,0,0,0,0,1.0,1.0,1.0,0.0,0.0,0.0,2,0,0
4056,22,10,12,0,7,11,4,2,2,0,0,0,0,0,0,0,0,0,0,0,0,0,0,1.0,1.0,1.0,0.0,0.0,0.0,2,0,0
4057,22,10,12,0,7,11,4,2,2,0,0,0,0,0,0,0,0,0,0,0,0,0,0,1.0,1.0,1.0,0.0,0.0,0.0,2,0,0
4058,22,10,12,0,7,11,4,2,2,0,0,0,0,0,0,0,0,0,0,0,0,0,0,1.0,1.0,1.0,0.0,0.0,0.0,2,0,0
4059,22,10,12,0,7,11,4,2,2,0,0,0,0,0,0,0,0,0,0,0,0,0,0,1.0,1.0,1.0,0.0,0.0,0.0,2,0,0
4060,22,10,12,0,7,11,4,2,2,0,0,0,0,0,0,0,0,0,0,0,0,0,0,1.0,1.0,1.0,0.0,0.0,0.0,2,0,0
4061,22,10,12,0,7,11,4,2,2,0,0,0,0,0,0,0,0,0,0,0,0,0,0,1.0,1.0,1.0,0.0,0.0,0.0,2,0,0
4062,22,10,12,0,7,11,4,2,2,0,0,0,0,0,0,0,0,0,0,0,0,0,0,1.0,1.0,1.0,0.0,0.0,0.0,2,0,0
4063,22,10,12,0,7,11,4,2,2,0,0,0,0,0,0,0,0,0,0,0,0,0,0,1.0,1.0,1.0,0.0,0.0,0.0,2,0,0
4064,22,10,12,0,7,11,4,2,2,0,0,0,0,0,0,0,0,0,0,0,0,0,0,1.0,1.0,1.0,0.0,0.0,0.0,2,0,0
4065,22,10,12,0,7,11,4,2,2,0,0,0,0,0,0,0,0,0,0,0,0,0,0,1.0,1.0,1.0,0.0,0.0,0.0,2,0,0
4066,22,10,12,0,7,11,4,2,2,0,0,0,0,0,0,0,0,0,0,0,0,0,0,1.0,1.0,1.0,0.0,0.0,0.0,2,0,0
4067,22,10,12,0,7,11,4,2,2,0,0,0,0,0,0,0,0,0,0,0,0,0,0,1.0,1.0,1.0,0.0,0.0,0.0,2,0,0
4068,22,10,12,0,7,11,4,2,2,0,0,0,0,0,0,0,0,0,0,0,0,0,0,1.0,1.0,1.0,0.0,0.0,0.0,2,0,0
4069,22,10,12,0,7,11,4,2,2,0,0,0,0,0,0,0,0,0,0,0,0,0,0,1.0,1.0,1.0,0.0,0.0,0.0,2,0,0
4070,22,10,12,0,7,11,4,2,2,0,0,0,0,0,0,0,0,0,0,0,0,1,0,1.0,1.0,1.0,0.0,0.0,0.0,2,0,0
4071,22,10,12,0,7,11,4,2,2,0,0,0,0,0,0,0,0,0,0,0,0,0,0,1.0,1.0,1.0,0.0,0.0,0.0,2,0,0
4072,22,10,12,0,7,11,4,2,2,0,0,0,0,0,0,0,0,0,0,0,0,0,0,1.0,1.0,1.0,0.0,0.0,0.0,2,0,0
4073,22,10,12,0,7,11,4,2,2,0,0,0,0,0,0,0,0,0,0,0,0,0,0,1.0,1.0,1.0,0.0,0.0,0.0,2,0,0
4074,21,9,12,0,5,12,4,2,2,0,0,0,0,0,0,0,0,0,0,0,1,0,1,0.8333333333333334,1.0,1.0,0.0,0.0,0.0,2,0,1
4075,21,9,12,0,5,12,4,2,2,0,0,0,0,0,0,0,0,0,0,0,0,0,0,1.0,1.0,1.0,0.0,0.0,0.0,2,0,0
4076,21,9,12,0,5,12,4,2,2,0,0,0,0,0,0,0,0,0,0,0,0,0,0,1.0,1.0,1.0,0.0,0.0,0.0,2,0,0
4077,21,9,12,0,5,11,5,2,2,0,0,0,0,0,0,0,0,0,0,0,0,0,0,1.0,1.0,1.0,0.0,0.0,0.0,2,0,0
4078,21,9,12,0,5,11,5,2,2,0,0,0,0,0,0,0,0,0,0,0,0,0,0,1.0,1.0,1.0,0.0,0.0,0.0,2,0,0
4079,21,9,12,0,5,11,5,2,2,0,0,0,0,0,0,0,0,0,0,0,0,0,0,1.0,1.0,1.0,0.0,0.0,0.0,2,0,0
4080,21,9,12,0,5,11,5,2,2,0,0,0,0,0,0,0,0,0,0,0,0,0,0,1.0,1.0,1.0,0.0,0.0,0.0,2,0,0
4081,21,9,12,0,5,11,5,2,2,0,0,0,0,0,0,0,0,0,0,0,0,0,0,1.0,1.0,1.0,0.0,0.0,0.0,2,0,0
4082,21,9,12,0,5,11,5,2,2,0,0,0,0,0,0,0,0,0,0,0,0,0,0,1.0,1.0,1.0,0.0,0.0,0.0,2,0,0
4083,21,9,12,0,5,11,5,2,2,0,0,0,0,0,0,0,0,0,0,0,0,0,0,1.0,1.0,1.0,0.0,0.0,0.0,2,0,0
4084,21,9,12,0,5,11,5,2,2,0,0,0,0,0,0,0,0,0,0,0,0,0,0,1.0,1.0,1.0,0.0,0.0,0.0,2,0,0
4085,21,9,12,0,5,11,5,2,2,0,0,0,0,0,0,0,0,0,0,0,0,0,0,1.0,1.0,1.0,0.0,0.0,0.0,2,0,0
4086,21,9,12,0,5,11,5,2,2,0,0,0,0,0,0,0,0,0,0,0,0,0,0,1.0,1.0,1.0,0.0,0.0,0.0,2,0,0
4087,21,9,12,0,5,11,5,2,2,0,0,0,0,0,0,0,0,0,0,0,0,0,0,1.0,1.0,1.0,0.0,0.0,0.0,2,0,0
4088,21,9,12,0,5,11,5,2,2,0,0,0,0,0,0,0,0,0,0,0,0,2,0,1.0,1.0,1.0,0.0,0.0,0.0,2,0,0
4089,21,9,12,0,5,11,5,2,2,0,0,0,0,0,0,0,0,0,0,0,0,0,0,1.0,1.0,1.0,0.0,0.0,0.0,2,0,0
4090,21,9,12,0,5,11,5,2,2,0,0,0,0,0,0,0,0,0,0,0,0,0,0,1.0,1.0,1.0,0.0,0.0,0.0,2,0,0
4091,21,9,12,0,5,11,5,2,2,0,0,0,0,0,0,0,0,0,0,0,0,0,0,1.0,1.0,1.0,0.0,0.0,0.0,2,0,0
4092,21,9,12,0,3,13,5,2,2,0,0,0,0,0,0,0,0,0,0,0,0,0,0,1.0,1.0,1.0,0.0,0.0,0.0,2,0,0
4093,21,9,12,0,3,13,5,2,2,0,0,0,0,0,0,0,0,0,0,0,0,0,0,1.0,1.0,1.0,0.0,0.0,0.0,2,0,0
4094,21,9,12,0,3,13,5,2,2,0,0,0,0,0,0,0,0,0,0,0,0,0,0,1.0,1.0,1.0,0.0,0.0,0.0,2,0,0
4095,21,9,12,0,3,13,5,2,2,0,0,0,0,0,0,0,0,0,0,0,0,0,0,1.0,1.0,1.0,0.0,0.0,0.0,2,0,0
4096,21,9,12,0,3,13,5,2,2,0,0,0,0,0,0,0,0,0,0,0,0,0,0,1.0,1.0,1.0,0.0,0.0,0.0,2,0,0
4097,21,9,12,0,3,13,5,2,2,0,0,0,0,0,0,0,0,0,0,0,0,0,0,1.0,1.0,1.0,0.0,0.0,0.0,2,0,0
4098,21,9,12,0,3,13,5,2,2,0,0,0,0,0,0,0,0,0,0,0,0,0,0,1.0,1.0,1.0,0.0,0.0,0.0,2,0,0
4099,21,9,12,0,3,13,5,2,2,0,0,0,0,0,0,0,0,0,0,0,0,0,0,1.0,1.0,1.0,0.0,0.0,0.0,2,0,0
4100,21,9,12,0,3,13,5,2,2,0,0,0,0,0,0,0,0,0,0,0,0,0,0,1.0,1.0,1.0,0.0,0.0,0.0,2,0,0
4101,21,9,12,0,3,13,5,2,2,0,0,0,0,0,0,0,0,0,0,0,0,0,0,1.0,1.0,1.0,0.0,0.0,0.0,2,0,0
4102,21,9,12,0,3,13,5,2,2,0,0,0,0,0,0,0,0,0,0,0,0,0,0,1.0,1.0,1.0,0.0,0.0,0.0,2,0,0
4103,21,9,12,0,3,13,5,2,2,0,0,0,0,0,0,0,0,0,0,0,0,0,0,1.0,1.0,1.0,0.0,0.0,0.0,2,0,0
4104,21,9,12,0,3,13,5,2,2,0,0,0,0,0,0,0,0,0,0,0,0,0,0,1.0,1.0,1.0,0.0,0.0,0.0,2,0,0
4105,21,9,12,0,3,13,5,2,2,0,0,0,0,0,0,0,0,0,0,0,0,0,0,1.0,1.0,1.0,0.0,0.0,0.0,2,0,0
4106,21,9,12,0,3,13,5,2,2,0,0,0,0,0,0,0,0,0,0,0,0,0,0,1.0,1.0,1.0,0.0,0.0,0.0,2,0,0
4107,21,9,12,0,3,13,5,2,2,0,0,0,0,0,0,0,0,0,0,0,0,0,0,1.0,1.0,1.0,0.0,0.0,0.0,2,0,0
4108,21,9,12,0,3,13,5,2,2,0,0,0,0,0,0,0,0,0,0,0,0,0,0,1.0,1.0,1.0,0.0,0.0,0.0,2,0,0
4109,19,8,11,0,3,12,4,2,2,0,0,0,0,1,1,0,0,0,0,0,0,0,2,1.0,0.6666666666666667,1.0,0.0,0.0,0.0,2,0,2
4110,21,10,11,4,3,10,4,2,1,0,1,0,0,0,2,0,0,0,0,1,0,0,2,1.0,1.0,1.0,0.21052631578947367,0.21052631578947367,0.0,2,4,2
4111,21,10,11,4,3,10,4,2,1,0,1,0,0,0,0,0,0,0,0,0,0,0,0,1.0,1.0,1.0,0.0,0.0,0.0,2,0,0
4112,21,10,11,4,3,10,4,2,1,0,1,0,0,0,0,0,0,0,0,0,0,0,0,1.0,1.0,1.0,0.0,0.0,0.0,2,0,0
4113,23,10,13,6,3,10,4,2,0,0,2,0,0,1,0,0,0,0,0,1,1,0,1,0.8571428571428572,1.0,1.0,0.14285714285714285,0.14285714285714285,0.0,2,3,1
4114,23,10,13,6,3,9,5,2,0,0,2,0,0,0,0,0,0,0,0,0,0,0,0,1.0,1.0,1.0,0.0,0.0,0.0,2,0,0
4115,23,10,13,6,3,9,5,2,0,0,2,0,0,0,0,0,0,0,0,0,0,0,0,1.0,1.0,1.0,0.0,0.0,0.0,2,0,0
4116,23,10,13,6,3,8,6,3,0,0,2,0,0,0,0,0,0,0,0,0,0,0,0,1.0,1.0,1.0,0.0,0.0,0.0,2,0,0
4117,23,10,13,6,3,8,6,3,0,0,2,0,0,0,0,0,0,0,0,0,0,0,0,1.0,1.0,1.0,0.0,0.0,0.0,2,0,0
4118,23,10,13,6,3,8,6,3,0,0,2,0,0,0,0,0,0,0,0,0,0,0,0,1.0,1.0,1.0,0.0,0.0,0.0,2,0,0
4119,23,10,13,6,3,8,6,3,0,0,2,0,0,0,0,0,0,0,0,0,0,0,0,1.0,1.0,1.0,0.0,0.0,0.0,2,0,0
4120,23,10,13,6,3,8,6,3,0,0,2,0,0,0,0,0,0,0,0,0,0,0,0,1.0,1.0,1.0,0.0,0.0,0.0,2,0,0
4121,23,10,13,6,3,7,7,4,0,0,2,0,0,0,0,0,0,0,0,0,0,0,0,1.0,1.0,1.0,0.0,0.0,0.0,2,0,0
4122,23,10,13,6,3,7,7,4,0,0,2,0,0,0,0,0,0,0,0,0,0,0,0,1.0,1.0,1.0,0.0,0.0,0.0,2,0,0
4123,23,10,13,6,3,6,8,5,1,0,2,0,0,0,0,0,10,1,0,0,0,0,0,1.0,1.0,1.0,0.0,0.0,0.1,2,0,0
4124,23,10,13,6,3,6,8,5,2,1,2,0,0,0,0,0,7,1,1,0,0,0,0,1.0,1.0,1.0,0.0,0.0,0.14285714285714285,2,0,0
4125,23,10,13,6,3,6,8,5,2,1,2,0,0,0,0,0,0,0,0,0,0,0,0,1.0,1.0,1.0,0.0,0.0,0.0,2,0,0
4126,23,10,13,6,3,6,8,5,2,1,2,0,0,0,0,0,0,0,0,0,0,0,0,1.0,1.0,1.0,0.0,0.0,0.0,2,0,0
4127,23,10,13,6,3,6,8,5,2,1,2,0,0,0,0,0,0,0,0,0,0,0,0,1.0,1.0,1.0,0.0,0.0,0.0,2,0,0
4128,23,10,13,6,3,6,8,5,2,1,2,0,0,0,0,0,0,0,0,0,0,0,0,1.0,1.0,1.0,0.0,0.0,0.0,2,0,0
4129,23,10,13,6,3,6,8,5,2,1,2,0,0,0,0,0,0,0,0,0,0,0,0,1.0,1.0,1.0,0.0,0.0,0.0,2,0,0
4130,23,10,13,6,3,6,8,5,2,1,2,0,0,0,0,0,0,0,0,0,0,0,0,1.0,1.0,1.0,0.0,0.0,0.0,2,0,0
4131,23,10,13,6,3,6,8,5,2,1,2,0,0,0,0,0,0,0,0,0,0,0,0,1.0,1.0,1.0,0.0,0.0,0.0,2,0,0
4132,23,10,13,6,3,6,8,5,2,1,2,0,0,0,0,0,0,0,0,0,0,0,0,1.0,1.0,1.0,0.0,0.0,0.0,2,0,0
4133,23,10,13,6,3,6,8,5,2,1,2,0,0,0,0,0,0,0,0,0,0,0,0,1.0,1.0,1.0,0.0,0.0,0.0,2,0,0
4134,23,10,13,6,3,6,8,5,2,1,2,0,0,0,0,0,0,0,0,0,0,0,0,1.0,1.0,1.0,0.0,0.0,0.0,2,0,0
4135,23,10,13,6,3,6,8,5,2,1,2,0,0,0,0,0,0,0,0,0,0,0,0,1.0,1.0,1.0,0.0,0.0,0.0,2,0,0
4136,23,10,13,6,3,6,8,5,2,1,2,0,0,0,0,0,0,0,0,0,0,0,0,1.0,1.0,1.0,0.0,0.0,0.0,2,0,0
4137,23,10,13,6,3,6,8,5,2,1,2,0,0,0,0,0,0,0,0,0,0,0,0,1.0,1.0,1.0,0.0,0.0,0.0,2,0,0
4138,23,10,13,6,3,6,8,5,2,1,2,0,0,0,0,0,0,0,0,0,0,0,0,1.0,1.0,1.0,0.0,0.0,0.0,2,0,0
4139,23,10,13,6,3,6,8,5,2,1,2,0,0,0,0,0,0,0,0,0,0,0,0,1.0,1.0,1.0,0.0,0.0,0.0,2,0,0
4140,23,10,13,6,3,6,8,5,2,1,2,0,0,0,0,0,0,0,0,0,0,0,0,1.0,1.0,1.0,0.0,0.0,0.0,2,0,0
4141,23,10,13,6,3,6,8,5,2,1,2,0,0,0,0,0,0,0,0,0,0,0,0,1.0,1.0,1.0,0.0,0.0,0.0,2,0,0
4142,23,10,13,6,3,6,8,5,2,1,2,0,0,0,0,0,0,0,0,0,0,0,0,1.0,1.0,1.0,0.0,0.0,0.0,2,0,0
4143,23,10,13,6,3,6,8,5,2,1,2,0,0,0,0,0,0,0,0,0,0,0,0,1.0,1.0,1.0,0.0,0.0,0.0,2,0,0
4144,23,10,13,6,3,6,8,5,2,1,2,0,0,0,0,0,0,0,0,0,0,0,0,1.0,1.0,1.0,0.0,0.0,0.0,2,0,0
4145,23,10,13,6,3,6,8,5,2,1,2,0,0,0,0,0,0,0,0,0,0,0,0,1.0,1.0,1.0,0.0,0.0,0.0,2,0,0
4146,23,10,13,6,3,6,8,5,2,1,2,0,0,0,0,0,0,0,0,0,0,0,0,1.0,1.0,1.0,0.0,0.0,0.0,2,0,0
4147,23,10,13,6,3,6,8,5,2,1,2,0,0,0,0,0,0,0,0,0,0,1,0,1.0,1.0,1.0,0.0,0.0,0.0,2,0,0
4148,23,10,13,6,3,6,8,5,2,1,2,0,0,0,0,0,0,0,0,0,0,0,0,1.0,1.0,1.0,0.0,0.0,0.0,2,0,0
4149,23,10,13,6,3,6,8,5,2,1,2,0,0,0,0,0,0,0,0,0,0,0,0,1.0,1.0,1.0,0.0,0.0,0.0,2,0,0
4150,23,10,13,6,3,6,8,5,2,1,2,0,0,0,0,0,0,0,0,0,0,0,0,1.0,1.0,1.0,0.0,0.0,0.0,2,0,0
4151,23,10,13,6,2,7,8,5,2,1,2,0,0,0,0,0,0,0,0,0,0,0,0,1.0,1.0,1.0,0.0,0.0,0.0,2,0,0
4152,23,10,13,6,2,7,8,5,2,1,2,0,0,0,0,0,0,0,0,0,0,0,0,1.0,1.0,1.0,0.0,0.0,0.0,2,0,0
4153,23,10,13,3,5,7,8,5,2,1,2,0,0,0,0,0,0,0,0,0,0,0,0,1.0,1.0,1.0,0.0,0.0,0.0,2,0,0
4154,23,10,13,3,5,7,8,5,2,1,2,0,0,0,0,0,0,0,0,0,0,0,0,1.0,1.0,1.0,0.0,0.0,0.0,2,0,0
4155,23,10,13,3,5,7,8,5,2,1,1,0,0,0,0,0,0,0,0,0,0,2,0,1.0,1.0,1.0,0.0,0.0,0.0,2,0,0
4156,23,10,13,0,8,7,8,5,3,1,1,0,0,0,0,0,2,1,0,0,0,0,0,1.0,1.0,1.0,0.0,0.0,0.5,2,0,0
4157,23,10,13,0,8,7,8,5,3,1,1,0,0,0,0,0,0,0,0,0,0,0,0,1.0,1.0,1.0,0.0,0.0,0.0,2,0,0
4158,23,10,13,0,8,7,8,5,3,1,0,0,0,0,0,0,0,0,0,0,0,0,0,1.0,1.0,1.0,0.0,0.0,0.0,2,0,0
4159,23,10,13,0,6,9,8,5,4,1,0,0,0,0,0,0,2,1,0,0,0,0,0,1.0,1.0,1.0,0.0,0.0,0.5,2,0,0
4160,23,10,13,0,6,9,8,5,4,1,0,0,0,0,0,0,0,0,0,0,0,0,0,1.0,1.0,1.0,0.0,0.0,0.0,2,0,0
4161,23,10,13,0,6,9,8,5,4,1,0,0,0,0,0,0,0,0,0,0,0,0,0,1.0,1.0,1.0,0.0,0.0,0.0,2,0,0
4162,23,10,13,0,6,9,8,5,4,1,0,0,0,0,0,0,0,0,0,0,0,0,0,1.0,1.0,1.0,0.0,0.0,0.0,2,0,0
4163,23,10,13,0,6,9,8,5,4,1,0,0,0,0,0,0,0,0,0,0,0,0,0,1.0,1.0,1.0,0.0,0.0,0.0,2,0,0
4164,23,10,13,0,6,9,8,5,4,1,0,0,0,0,0,0,0,0,0,0,0,0,0,1.0,1.0,1.0,0.0,0.0,0.0,2,0,0
4165,23,10,13,0,6,9,8,5,4,1,0,0,0,0,0,0,0,0,0,0,0,0,0,1.0,1.0,1.0,0.0,0.0,0.0,2,0,0
4166,23,10,13,0,6,9,8,5,4,1,0,0,0,0,0,0,0,0,0,0,0,0,0,1.0,1.0,1.0,0.0,0.0,0.0,2,0,0
4167,23,10,13,0,6,9,8,5,4,1,0,0,0,0,0,0,0,0,0,0,0,0,0,1.0,1.0,1.0,0.0,0.0,0.0,2,0,0
4168,23,10,13,0,6,8,9,6,4,1,0,0,0,0,0,0,0,0,0,0,0,0,0,1.0,1.0,1.0,0.0,0.0,0.0,2,0,0
4169,23,10,13,0,6,8,9,6,4,0,0,0,0,0,0,0,0,0,0,0,0,0,0,1.0,1.0,1.0,0.0,0.0,0.0,2,0,0
4170,23,10,13,0,6,8,9,6,5,0,0,0,0,0,0,0,7,1,0,0,0,0,0,1.0,1.0,1.0,0.0,0.0,0.14285714285714285,2,0,0
4171,23,10,13,0,6,8,9,6,5,0,0,0,0,0,0,0,0,0,0,0,0,0,0,1.0,1.0,1.0,0.0,0.0,0.0,2,0,0
4172,23,10,13,0,6,8,9,6,5,0,0,0,0,0,0,0,0,0,0,0,0,0,0,1.0,1.0,1.0,0.0,0.0,0.0,2,0,0
4173,23,10,13,0,6,8,9,6,5,0,0,0,0,0,0,0,0,0,0,0,0,0,0,1.0,1.0,1.0,0.0,0.0,0.0,2,0,0
4174,23,10,13,0,6,8,9,6,5,0,0,0,0,0,0,0,0,0,0,0,0,0,0,1.0,1.0,1.0,0.0,0.0,0.0,2,0,0
4175,23,10,13,0,6,8,9,6,5,0,0,0,0,0,0,0,1,0,0,0,0,0,0,1.0,1.0,1.0,0.0,0.0,0.0,2,0,0
4176,23,10,13,0,6,8,9,6,5,0,0,0,0,0,0,0,7,0,0,0,0,0,0,1.0,1.0,1.0,0.0,0.0,0.0,2,0,0
4177,23,10,13,0,6,8,9,6,6,0,0,0,0,0,0,0,3,1,0,0,0,0,0,1.0,1.0,1.0,0.0,0.0,0.3333333333333333,2,0,0
4178,23,10,13,0,6,8,9,6,6,0,0,0,0,0,0,0,0,0,0,0,0,0,0,1.0,1.0,1.0,0.0,0.0,0.0,2,0,0
4179,23,10,13,0,6,8,9,6,6,0,0,0,0,0,0,0,0,0,0,0,0,0,0,1.0,1.0,1.0,0.0,0.0,0.0,2,0,0
4180,23,10,13,0,6,8,9,6,6,0,0,0,0,0,0,0,0,0,0,0,0,0,0,1.0,1.0,1.0,0.0,0.0,0.0,2,0,0
4181,23,10,13,0,6,8,9,6,6,0,0,0,0,0,0,0,0,0,0,0,0,0,0,1.0,1.0,1.0,0.0,0.0,0.0,2,0,0
4182,23,10,13,0,6,8,9,6,6,0,0,0,0,0,0,0,0,0,0,0,0,0,0,1.0,1.0,1.0,0.0,0.0,0.0,2,0,0
4183,23,10,13,0,6,8,9,6,6,0,0,0,0,0,0,0,0,0,0,0,0,0,0,1.0,1.0,1.0,0.0,0.0,0.0,2,0,0
4184,23,10,13,0,6,8,9,6,6,0,0,0,0,0,0,0,0,0,0,0,0,0,0,1.0,1.0,1.0,0.0,0.0,0.0,2,0,0
4185,23,10,13,0,6,8,9,6,6,0,0,0,0,0,0,0,0,0,0,0,0,0,0,1.0,1.0,1.0,0.0,0.0,0.0,2,0,0
4186,23,10,13,0,6,8,9,6,6,0,0,0,0,0,0,0,0,0,0,0,0,0,0,1.0,1.0,1.0,0.0,0.0,0.0,2,0,0
4187,23,10,13,0,6,8,9,6,6,0,0,0,0,0,0,0,0,0,0,0,0,0,0,1.0,1.0,1.0,0.0,0.0,0.0,2,0,0
4188,27,13,14,4,6,8,9,6,5,0,1,0,0,0,0,0,0,0,0,1,0,0,0,1.0,1.0,1.0,0.17391304347826086,0.17391304347826086,0.0,2,4,0
4189,31,15,16,8,6,7,10,6,4,0,2,0,0,0,0,0,0,0,0,1,0,0,0,1.0,1.0,1.0,0.14814814814814814,0.14814814814814814,0.0,2,4,0
4190,30,15,15,8,5,7,10,6,4,0,2,0,0,0,0,0,0,0,0,0,1,0,1,0.9285714285714286,1.0,1.0,0.0,0.0,0.0,2,0,1
4191,30,15,15,8,5,7,10,6,4,0,2,0,0,0,0,0,0,0,0,0,0,0,0,1.0,1.0,1.0,0.0,0.0,0.0,2,0,0
4192,30,15,15,8,5,7,10,6,4,0,2,0,0,0,0,0,0,0,0,0,0,0,0,1.0,1.0,1.0,0.0,0.0,0.0,2,0,0
4193,30,15,15,8,5,7,10,6,4,0,2,0,0,0,0,0,0,0,0,0,0,0,0,1.0,1.0,1.0,0.0,0.0,0.0,2,0,0
4194,30,15,15,8,5,7,10,6,4,0,2,0,0,0,0,0,0,0,0,0,0,0,0,1.0,1.0,1.0,0.0,0.0,0.0,2,0,0
4195,29,15,14,7,5,7,10,6,4,0,2,0,0,0,0,0,0,0,0,0,1,0,1,0.9230769230769231,1.0,1.0,0.0,0.0,0.0,2,0,1
4196,29,15,14,7,5,7,10,6,4,0,2,0,0,0,0,0,0,0,0,0,0,0,0,1.0,1.0,1.0,0.0,0.0,0.0,2,0,0
4197,29,15,14,7,5,7,10,6,4,0,2,0,0,0,0,0,0,0,0,0,0,0,0,1.0,1.0,1.0,0.0,0.0,0.0,2,0,0
4198,29,15,14,7,5,7,10,6,4,0,2,0,0,0,0,0,0,0,0,0,0,0,0,1.0,1.0,1.0,0.0,0.0,0.0,2,0,0
4199,28,15,13,7,5,7,9,5,4,0,1,0,0,0,1,0,0,0,0,0,0,0,1,1.0,1.0,0.8333333333333334,0.0,0.0,0.0,2,0,1
4200,28,15,13,7,5,7,9,5,4,0,1,0,0,0,0,0,0,0,0,0,0,0,0,1.0,1.0,1.0,0.0,0.0,0.0,2,0,0
4201,26,13,13,7,4,7,8,5,4,0,1,0,0,2,0,0,0,0,0,0,1,0,2,0.9166666666666666,0.75,1.0,0.0,0.0,0.0,2,0,2
4202,26,13,13,7,4,7,8,5,4,0,1,0,0,0,0,0,0,0,0,0,0,0,0,1.0,1.0,1.0,0.0,0.0,0.0,2,0,0
4203,26,13,13,7,4,7,8,5,4,0,1,0,0,0,0,0,0,0,0,0,0,0,0,1.0,1.0,1.0,0.0,0.0,0.0,2,0,0
4204,26,13,13,7,4,7,8,5,4,0,1,0,0,0,0,0,0,0,0,0,0,0,0,1.0,1.0,1.0,0.0,0.0,0.0,2,0,0
4205,26,13,13,7,4,7,8,5,4,0,1,0,0,0,0,0,0,0,0,0,0,0,0,1.0,1.0,1.0,0.0,0.0,0.0,2,0,0
4206,26,13,13,7,4,7,8,5,4,0,1,0,0,0,0,0,0,0,0,0,0,0,0,1.0,1.0,1.0,0.0,0.0,0.0,2,0,0
4207,26,13,13,7,4,7,8,5,4,0,1,0,0,0,0,0,0,0,0,0,0,0,0,1.0,1.0,1.0,0.0,0.0,0.0,2,0,0
4208,26,13,13,7,4,7,8,5,4,0,1,0,0,0,0,0,0,0,0,0,0,0,0,1.0,1.0,1.0,0.0,0.0,0.0,2,0,0
4209,26,13,13,7,4,6,9,5,4,0,1,0,0,0,0,0,0,0,0,0,0,0,0,1.0,1.0,1.0,0.0,0.0,0.0,2,0,0
4210,26,13,13,7,4,6,9,5,4,0,1,0,0,0,0,0,0,0,0,0,0,0,0,1.0,1.0,1.0,0.0,0.0,0.0,2,0,0
4211,26,13,13,7,4,5,10,6,4,0,1,0,0,0,0,0,0,0,0,0,0,0,0,1.0,1.0,1.0,0.0,0.0,0.0,2,0,0
4212,26,13,13,7,4,5,10,6,4,0,1,0,0,0,0,0,0,0,0,0,0,0,0,1.0,1.0,1.0,0.0,0.0,0.0,2,0,0
4213,26,13,13,7,4,5,10,6,4,0,1,0,0,0,0,0,0,0,0,0,0,0,0,1.0,1.0,1.0,0.0,0.0,0.0,2,0,0
4214,26,13,13,7,4,5,10,6,4,0,1,0,0,0,0,0,2,0,0,0,0,0,0,1.0,1.0,1.0,0.0,0.0,0.0,2,0,0
4215,26,13,13,7,4,5,10,6,5,0,1,0,0,0,0,0,6,1,0,0,0,0,0,1.0,1.0,1.0,0.0,0.0,0.16666666666666666,2,0,0
4216,26,13,13,7,4,5,10,6,5,0,1,0,0,0,0,0,0,0,0,0,0,0,0,1.0,1.0,1.0,0.0,0.0,0.0,2,0,0
4217,26,13,13,7,4,5,10,6,5,0,1,0,0,0,0,0,0,0,0,0,0,0,0,1.0,1.0,1.0,0.0,0.0,0.0,2,0,0
4218,26,13,13,7,4,5,10,6,5,0,1,0,0,0,0,0,0,0,0,0,0,0,0,1.0,1.0,1.0,0.0,0.0,0.0,2,0,0
4219,26,13,13,7,4,5,10,6,5,0,1,0,0,0,0,0,0,0,0,0,0,0,0,1.0,1.0,1.0,0.0,0.0,0.0,2,0,0
4220,26,13,13,7,4,5,10,6,5,0,1,0,0,0,0,0,0,0,0,0,0,0,0,1.0,1.0,1.0,0.0,0.0,0.0,2,0,0
4221,29,14,15,10,4,5,10,6,4,0,2,0,0,0,0,0,0,0,0,1,0,0,0,1.0,1.0,1.0,0.11538461538461539,0.11538461538461539,0.0,2,3,0
4222,29,14,15,10,4,5,10,6,4,0,2,0,0,0,0,0,0,0,0,0,0,0,0,1.0,1.0,1.0,0.0,0.0,0.0,2,0,0
4223,29,14,15,10,4,5,10,6,4,0,2,0,0,0,0,0,0,0,0,0,0,0,0,1.0,1.0,1.0,0.0,0.0,0.0,2,0,0
4224,33,16,17,14,4,5,10,6,3,0,3,0,0,0,0,0,0,0,0,1,0,0,0,1.0,1.0,1.0,0.13793103448275862,0.13793103448275862,0.0,2,4,0
4225,33,16,17,14,4,5,10,6,3,0,3,0,0,0,0,0,0,0,0,0,0,0,0,1.0,1.0,1.0,0.0,0.0,0.0,2,0,0
4226,33,16,17,14,4,5,10,6,3,0,3,0,0,0,0,0,0,0,0,0,0,0,0,1.0,1.0,1.0,0.0,0.0,0.0,2,0,0
4227,33,16,17,14,4,3,12,6,3,0,3,0,0,0,0,0,0,0,0,0,0,0,0,1.0,1.0,1.0,0.0,0.0,0.0,2,0,0
4228,33,16,17,14,4,3,12,6,3,0,3,0,0,0,0,0,0,0,0,0,0,0,0,1.0,1.0,1.0,0.0,0.0,0.0,2,0,0
4229,33,16,17,14,4,3,12,6,3,0,3,0,0,0,0,0,0,0,0,0,0,0,0,1.0,1.0,1.0,0.0,0.0,0.0,2,0,0
4230,33,16,17,14,4,3,12,6,3,0,3,0,0,0,0,0,0,0,0,0,0,0,0,1.0,1.0,1.0,0.0,0.0,0.0,2,0,0
4231,33,16,17,10,8,3,12,6,3,0,3,0,0,0,0,0,0,0,0,0,0,0,0,1.0,1.0,1.0,0.0,0.0,0.0,2,0,0
4232,32,16,16,7,10,3,12,6,3,0,3,0,0,0,0,0,0,0,0,0,1,0,1,0.9444444444444444,1.0,1.0,0.0,0.0,0.0,2,0,1
4233,32,16,16,7,10,3,12,6,3,0,2,0,0,0,0,0,0,0,0,0,0,0,0,1.0,1.0,1.0,0.0,0.0,0.0,2,0,0
4234,32,16,16,7,10,3,12,6,4,0,2,0,0,0,0,0,8,1,0,0,0,0,0,1.0,1.0,1.0,0.0,0.0,0.125,2,0,0
4235,36,19,17,11,10,3,12,6,3,0,3,0,0,0,0,0,0,0,0,1,0,0,0,1.0,1.0,1.0,0.125,0.125,0.0,2,4,0
4236,36,19,17,11,10,3,12,6,3,0,3,0,0,0,0,0,0,0,0,0,0,0,0,1.0,1.0,1.0,0.0,0.0,0.0,2,0,0
4237,35,18,17,11,9,3,12,6,3,0,3,0,0,0,0,0,0,0,0,0,1,0,1,0.9523809523809523,1.0,1.0,0.0,0.0,0.0,2,0,1
4238,35,18,17,11,9,3,12,6,3,0,3,0,0,0,0,0,0,0,0,0,0,0,0,1.0,1.0,1.0,0.0,0.0,0.0,2,0,0
4239,35,18,17,11,9,3,12,6,3,0,3,0,0,0,0,0,0,0,0,0,0,0,0,1.0,1.0,1.0,0.0,0.0,0.0,2,0,0
4240,35,18,17,11,9,3,12,6,3,0,3,0,0,0,0,0,0,0,0,0,0,0,0,1.0,1.0,1.0,0.0,0.0,0.0,2,0,0
4241,35,18,17,11,9,3,12,6,3,0,3,0,0,0,0,0,0,0,0,0,0,0,0,1.0,1.0,1.0,0.0,0.0,0.0,2,0,0
4242,38,19,19,14,9,3,12,6,2,0,4,0,0,0,0,0,0,0,0,1,0,0,0,1.0,1.0,1.0,0.08571428571428572,0.08571428571428572,0.0,2,3,0
4243,38,19,19,14,9,3,12,6,2,0,4,0,0,0,0,0,0,0,0,0,0,0,0,1.0,1.0,1.0,0.0,0.0,0.0,2,0,0
4244,38,19,19,14,9,3,12,6,2,0,4,0,0,0,0,0,0,0,0,0,0,0,0,1.0,1.0,1.0,0.0,0.0,0.0,2,0,0
4245,38,19,19,14,9,3,12,6,2,0,4,0,0,0,0,0,0,0,0,0,0,0,0,1.0,1.0,1.0,0.0,0.0,0.0,2,0,0
4246,38,19,19,14,9,3,12,6,2,0,4,0,0,0,0,0,0,0,0,0,0,0,0,1.0,1.0,1.0,0.0,0.0,0.0,2,0,0
4247,38,19,19,14,9,3,12,6,2,0,4,0,0,0,0,0,0,0,0,0,0,0,0,1.0,1.0,1.0,0.0,0.0,0.0,2,0,0
4248,38,19,19,14,9,3,12,6,2,0,4,0,0,0,0,0,0,0,0,0,0,0,0,1.0,1.0,1.0,0.0,0.0,0.0,2,0,0
4249,38,19,19,14,9,3,12,6,2,0,4,0,0,0,0,0,0,0,0,0,0,0,0,1.0,1.0,1.0,0.0,0.0,0.0,2,0,0
4250,38,19,19,14,9,3,12,6,2,0,4,0,0,0,0,0,0,0,0,0,0,0,0,1.0,1.0,1.0,0.0,0.0,0.0,2,0,0
4251,38,19,19,14,9,3,12,6,2,0,4,0,0,0,0,0,0,0,0,0,0,0,0,1.0,1.0,1.0,0.0,0.0,0.0,2,0,0
4252,38,19,19,14,9,3,12,6,2,0,4,0,0,0,0,0,0,0,0,0,0,0,0,1.0,1.0,1.0,0.0,0.0,0.0,2,0,0
4253,37,18,19,14,9,3,11,6,2,0,4,0,0,0,0,0,0,0,0,0,0,0,0,1.0,0.8333333333333334,1.0,0.0,0.0,0.0,2,0,1
4254,37,18,19,14,9,3,11,6,2,0,4,0,0,0,0,0,0,0,0,0,0,0,0,1.0,1.0,1.0,0.0,0.0,0.0,2,0,0
4255,37,18,19,14,9,3,11,6,2,0,4,0,0,0,0,0,0,0,0,0,0,0,0,1.0,1.0,1.0,0.0,0.0,0.0,2,0,0
4256,37,18,19,14,9,3,11,6,2,0,4,0,0,0,0,0,0,0,0,0,0,0,0,1.0,1.0,1.0,0.0,0.0,0.0,2,0,0
4257,37,18,19,14,9,3,11,6,2,0,4,0,0,0,0,0,0,0,0,0,0,0,0,1.0,1.0,1.0,0.0,0.0,0.0,2,0,0
4258,37,18,19,14,9,3,11,6,2,0,4,0,0,0,0,0,0,0,0,0,0,0,0,1.0,1.0,1.0,0.0,0.0,0.0,2,0,0
4259,37,18,19,14,9,3,11,6,2,0,4,0,0,0,0,0,0,0,0,0,0,0,0,1.0,1.0,1.0,0.0,0.0,0.0,2,0,0
4260,37,18,19,14,9,3,11,6,2,0,4,0,0,0,0,0,0,0,0,0,0,0,0,1.0,1.0,1.0,0.0,0.0,0.0,2,0,0
4261,37,18,19,14,9,3,11,6,2,0,4,0,0,0,0,0,0,0,0,0,0,0,0,1.0,1.0,1.0,0.0,0.0,0.0,2,0,0
4262,36,18,18,14,8,3,11,6,2,0,4,0,0,0,0,0,0,0,0,0,1,0,1,0.9565217391304348,1.0,1.0,0.0,0.0,0.0,2,0,1
4263,35,18,17,13,8,3,11,6,2,0,4,0,0,0,0,0,0,0,0,0,1,0,1,0.9545454545454546,1.0,1.0,0.0,0.0,0.0,2,0,1
4264,35,18,17,10,11,3,11,6,2,0,4,0,0,0,0,0,0,0,0,0,0,0,0,1.0,1.0,1.0,0.0,0.0,0.0,2,0,0
4265,35,18,17,10,11,3,11,6,2,0,4,0,0,0,0,0,0,0,0,0,0,0,0,1.0,1.0,1.0,0.0,0.0,0.0,2,0,0
4266,35,18,17,10,11,3,11,6,2,0,3,0,0,0,0,0,0,0,0,0,0,0,0,1.0,1.0,1.0,0.0,0.0,0.0,2,0,0
4267,35,18,17,6,15,3,11,6,3,0,3,0,0,0,0,0,7,1,0,0,0,0,0,1.0,1.0,1.0,0.0,0.0,0.14285714285714285,2,0,0
4268,35,18,17,6,15,3,11,6,3,0,3,0,0,0,0,0,0,0,0,0,0,0,0,1.0,1.0,1.0,0.0,0.0,0.0,2,0,0
4269,35,18,17,6,15,3,11,6,3,0,2,0,0,0,0,0,0,0,0,0,0,0,0,1.0,1.0,1.0,0.0,0.0,0.0,2,0,0
4270,35,18,17,6,15,3,11,6,4,0,2,0,0,0,0,0,3,1,0,0,0,0,0,1.0,1.0,1.0,0.0,0.0,0.3333333333333333,2,0,0
4271,35,18,17,6,15,3,11,6,4,0,2,0,0,0,0,0,0,0,0,0,0,0,0,1.0,1.0,1.0,0.0,0.0,0.0,2,0,0
4272,35,18,17,6,15,3,11,6,4,0,2,0,0,0,0,0,0,0,0,0,0,0,0,1.0,1.0,1.0,0.0,0.0,0.0,2,0,0
4273,35,18,17,6,15,3,11,6,4,0,2,0,0,0,0,0,0,0,0,0,0,0,0,1.0,1.0,1.0,0.0,0.0,0.0,2,0,0
4274,35,18,17,6,15,3,11,6,4,0,2,0,0,0,0,0,0,0,0,0,0,0,0,1.0,1.0,1.0,0.0,0.0,0.0,2,0,0
4275,35,18,17,6,15,3,11,6,4,0,2,0,0,0,0,0,0,0,0,0,0,0,0,1.0,1.0,1.0,0.0,0.0,0.0,2,0,0
4276,35,18,17,6,15,3,11,6,4,0,2,0,0,0,0,0,0,0,0,0,0,0,0,1.0,1.0,1.0,0.0,0.0,0.0,2,0,0
4277,35,18,17,6,15,3,11,6,4,0,2,0,0,0,0,0,0,0,0,0,0,0,0,1.0,1.0,1.0,0.0,0.0,0.0,2,0,0
4278,35,18,17,3,18,3,11,6,4,0,2,0,0,0,0,0,0,0,0,0,0,0,0,1.0,1.0,1.0,0.0,0.0,0.0,2,0,0
4279,35,18,17,3,18,3,11,6,4,0,2,0,0,0,0,0,0,0,0,0,0,0,0,1.0,1.0,1.0,0.0,0.0,0.0,2,0,0
4280,38,19,19,6,18,3,11,6,3,0,2,0,0,0,0,0,0,0,0,1,0,0,0,1.0,1.0,1.0,0.08571428571428572,0.08571428571428572,0.0,2,3,0
4281,38,19,19,6,18,2,12,7,3,0,2,0,0,0,0,0,1,0,0,0,0,0,0,1.0,1.0,1.0,0.0,0.0,0.0,2,0,0
4282,38,19,19,6,18,2,12,7,4,0,2,0,0,0,0,0,6,1,0,0,0,0,0,1.0,1.0,1.0,0.0,0.0,0.16666666666666666,2,0,0
4283,38,19,19,6,18,2,12,7,5,0,2,0,0,0,0,0,6,1,0,0,0,0,0,1.0,1.0,1.0,0.0,0.0,0.16666666666666666,2,0,0
4284,38,19,19,6,18,2,12,7,5,0,2,0,0,0,0,0,0,0,0,0,0,0,0,1.0,1.0,1.0,0.0,0.0,0.0,2,0,0
4285,38,19,19,3,21,2,12,7,5,0,2,0,0,0,0,0,0,0,0,0,0,0,0,1.0,1.0,1.0,0.0,0.0,0.0,2,0,0
4286,38,19,19,3,21,2,12,7,5,0,2,0,0,0,0,0,0,0,0,0,0,0,0,1.0,1.0,1.0,0.0,0.0,0.0,2,0,0
4287,38,19,19,3,21,2,12,7,5,0,1,0,0,0,0,0,0,0,0,0,0,0,0,1.0,1.0,1.0,0.0,0.0,0.0,2,0,0
4288,37,19,18,3,20,2,12,7,6,0,1,0,0,0,0,0,7,1,0,0,1,0,1,0.9583333333333334,1.0,1.0,0.0,0.0,0.14285714285714285,2,0,1
4289,36,19,17,3,19,2,12,7,6,0,1,0,0,0,1,0,0,0,0,0,1,0,1,0.9565217391304348,1.0,1.0,0.0,0.0,0.0,2,0,1
4290,36,19,17,3,19,2,12,7,6,0,1,0,0,0,0,0,0,0,0,0,0,0,0,1.0,1.0,1.0,0.0,0.0,0.0,2,0,0
4291,36,19,17,3,19,2,12,7,6,0,1,0,0,0,0,0,0,0,0,0,0,0,0,1.0,1.0,1.0,0.0,0.0,0.0,2,0,0
4292,34,17,17,3,18,2,11,7,6,0,1,0,0,2,0,0,0,0,0,0,1,0,2,0.9545454545454546,0.8,1.0,0.0,0.0,0.0,2,0,2
4293,34,17,17,3,18,2,11,7,6,0,1,0,0,0,0,0,0,0,0,0,0,1,0,1.0,1.0,1.0,0.0,0.0,0.0,2,0,0
4294,34,17,17,3,18,1,12,7,6,0,1,0,0,0,0,0,0,0,0,0,0,0,0,1.0,1.0,1.0,0.0,0.0,0.0,2,0,0
4295,33,16,17,3,17,1,12,7,6,0,1,0,0,1,0,0,0,0,0,0,1,0,1,0.9523809523809523,1.0,1.0,0.0,0.0,0.0,2,0,1
4296,33,16,17,3,17,1,12,7,6,0,1,0,0,0,0,0,0,0,0,0,0,0,0,1.0,1.0,1.0,0.0,0.0,0.0,2,0,0
4297,33,16,17,3,16,2,12,7,6,0,1,0,0,0,0,0,0,0,0,0,0,0,0,1.0,1.0,1.0,0.0,0.0,0.0,2,0,0
4298,33,16,17,3,16,2,12,7,6,0,1,0,0,0,0,0,0,0,0,0,0,0,0,1.0,1.0,1.0,0.0,0.0,0.0,2,0,0
4299,37,16,21,7,16,2,12,7,5,0,2,0,0,0,0,0,0,0,0,1,0,0,0,1.0,1.0,1.0,0.12121212121212122,0.12121212121212122,0.0,2,4,0
4300,37,16,21,7,16,2,12,7,5,0,2,0,0,0,0,0,0,0,0,0,0,0,0,1.0,1.0,1.0,0.0,0.0,0.0,2,0,0
4301,37,16,21,7,16,2,12,7,5,0,2,0,0,0,0,0,0,0,0,0,0,0,0,1.0,1.0,1.0,0.0,0.0,0.0,2,0,0
4302,37,16,21,7,16,2,12,7,5,0,2,0,0,0,0,0,0,0,0,0,0,0,0,1.0,1.0,1.0,0.0,0.0,0.0,2,0,0
4303,37,16,21,7,16,2,12,7,5,0,2,0,0,0,0,0,0,0,0,0,0,0,0,1.0,1.0,1.0,0.0,0.0,0.0,2,0,0
4304,37,16,21,7,16,2,12,7,5,0,2,0,0,0,0,0,0,0,0,0,0,0,0,1.0,1.0,1.0,0.0,0.0,0.0,2,0,0
4305,37,16,21,7,16,2,12,7,5,0,2,0,0,0,0,0,0,0,0,0,0,0,0,1.0,1.0,1.0,0.0,0.0,0.0,2,0,0
4306,37,16,21,7,16,2,12,7,5,0,2,0,0,0,0,0,0,0,0,0,0,0,0,1.0,1.0,1.0,0.0,0.0,0.0,2,0,0
4307,37,16,21,7,16,2,12,7,5,0,2,0,0,0,0,0,0,0,0,0,0,0,0,1.0,1.0,1.0,0.0,0.0,0.0,2,0,0
4308,37,16,21,7,16,2,12,7,5,0,2,0,0,0,0,0,0,0,0,0,0,0,0,1.0,1.0,1.0,0.0,0.0,0.0,2,0,0
4309,37,16,21,7,16,2,12,7,5,0,2,0,0,0,0,0,0,0,0,0,0,0,0,1.0,1.0,1.0,0.0,0.0,0.0,2,0,0
4310,36,16,20,7,15,2,12,7,5,0,2,0,0,0,0,0,0,0,0,0,1,0,1,0.9565217391304348,1.0,1.0,0.0,0.0,0.0,2,0,1
4311,36,16,20,7,15,2,12,7,5,0,2,0,0,0,0,0,0,0,0,0,0,0,0,1.0,1.0,1.0,0.0,0.0,0.0,2,0,0
4312,36,16,20,7,15,2,12,7,5,0,2,0,0,0,0,0,0,0,0,0,0,0,0,1.0,1.0,1.0,0.0,0.0,0.0,2,0,0
4313,36,16,20,7,15,2,12,7,5,0,2,0,0,0,0,0,0,0,0,0,0,0,0,1.0,1.0,1.0,0.0,0.0,0.0,2,0,0
4314,36,16,20,7,15,2,12,7,5,0,2,0,0,0,0,0,0,0,0,0,0,0,0,1.0,1.0,1.0,0.0,0.0,0.0,2,0,0
4315,36,16,20,7,15,2,12,7,5,0,2,0,0,0,0,0,0,0,0,0,0,0,0,1.0,1.0,1.0,0.0,0.0,0.0,2,0,0
4316,35,15,20,7,14,2,12,7,5,0,2,0,0,0,0,0,0,0,0,0,1,0,1,0.9545454545454546,1.0,1.0,0.0,0.0,0.0,2,0,1
4317,35,15,20,7,14,2,12,7,5,0,2,0,0,0,0,0,0,0,0,0,0,0,0,1.0,1.0,1.0,0.0,0.0,0.0,2,0,0
4318,35,15,20,7,14,2,12,7,5,0,2,0,0,0,0,0,0,0,0,0,0,0,0,1.0,1.0,1.0,0.0,0.0,0.0,2,0,0
4319,35,15,20,7,14,2,12,7,5,0,2,0,0,0,0,0,0,0,0,0,0,0,0,1.0,1.0,1.0,0.0,0.0,0.0,2,0,0
4320,34,15,19,7,13,2,12,7,5,0,2,0,0,0,0,0,0,0,0,0,1,0,1,0.9523809523809523,1.0,1.0,0.0,0.0,0.0,2,0,1
4321,33,15,18,6,13,2,12,7,5,0,2,0,0,0,0,0,0,0,0,0,1,0,1,0.95,1.0,1.0,0.0,0.0,0.0,2,0,1
4322,32,15,17,6,12,2,12,7,5,0,2,0,0,0,0,0,0,0,0,0,1,0,1,0.9473684210526316,1.0,1.0,0.0,0.0,0.0,2,0,1
4323,32,15,17,3,15,2,12,7,5,0,2,0,0,0,0,0,0,0,0,0,0,0,0,1.0,1.0,1.0,0.0,0.0,0.0,2,0,0
4324,32,15,17,3,15,2,12,7,5,0,2,0,0,0,0,0,0,0,0,0,0,0,0,1.0,1.0,1.0,0.0,0.0,0.0,2,0,0
4325,32,15,17,3,15,2,12,7,5,0,1,0,0,0,0,0,0,0,0,0,0,0,0,1.0,1.0,1.0,0.0,0.0,0.0,2,0,0
4326,32,15,17,3,15,2,12,7,5,0,1,0,0,0,0,0,0,0,0,0,0,0,0,1.0,1.0,1.0,0.0,0.0,0.0,2,0,0
4327,32,15,17,3,15,2,12,7,5,0,1,0,0,0,0,0,0,0,0,0,0,0,0,1.0,1.0,1.0,0.0,0.0,0.0,2,0,0
4328,32,15,17,3,15,2,12,7,5,0,1,0,0,0,0,0,0,0,0,0,0,0,0,1.0,1.0,1.0,0.0,0.0,0.0,2,0,0
4329,32,15,17,3,15,2,12,7,5,0,1,0,0,0,0,0,0,0,0,0,0,0,0,1.0,1.0,1.0,0.0,0.0,0.0,2,0,0
4330,32,15,17,3,15,2,12,7,5,0,1,0,0,0,0,0,0,0,0,0,0,0,0,1.0,1.0,1.0,0.0,0.0,0.0,2,0,0
4331,32,15,17,3,15,2,12,7,5,0,1,0,0,0,0,0,0,0,0,0,0,0,0,1.0,1.0,1.0,0.0,0.0,0.0,2,0,0
4332,35,16,19,6,15,2,12,7,4,0,2,0,0,0,0,0,0,0,0,1,0,0,0,1.0,1.0,1.0,0.09375,0.09375,0.0,2,3,0
4333,35,16,19,6,15,2,12,7,4,0,2,0,0,0,0,0,0,0,0,0,0,0,0,1.0,1.0,1.0,0.0,0.0,0.0,2,0,0
4334,35,16,19,6,15,2,12,7,4,0,2,0,0,0,0,0,0,0,0,0,0,0,0,1.0,1.0,1.0,0.0,0.0,0.0,2,0,0
4335,39,19,20,10,15,2,12,7,3,0,3,0,0,0,0,0,0,0,0,1,0,0,0,1.0,1.0,1.0,0.11428571428571428,0.11428571428571428,0.0,2,4,0
4336,39,19,20,10,15,2,12,7,3,0,3,0,0,0,0,0,0,0,0,0,0,0,0,1.0,1.0,1.0,0.0,0.0,0.0,2,0,0
4337,39,19,20,10,15,2,12,7,3,0,3,0,0,0,0,0,0,0,0,0,0,0,0,1.0,1.0,1.0,0.0,0.0,0.0,2,0,0
4338,39,19,20,10,15,2,12,7,3,0,3,0,0,0,0,0,0,0,0,0,0,0,0,1.0,1.0,1.0,0.0,0.0,0.0,2,0,0
4339,39,19,20,10,15,2,12,7,3,0,3,0,0,0,0,0,0,0,0,0,0,0,0,1.0,1.0,1.0,0.0,0.0,0.0,2,0,0
4340,39,19,20,10,15,2,12,7,3,0,3,0,0,0,0,0,0,0,0,0,0,0,0,1.0,1.0,1.0,0.0,0.0,0.0,2,0,0
4341,39,19,20,10,15,2,12,7,3,0,3,0,0,0,0,0,0,0,0,0,0,0,0,1.0,1.0,1.0,0.0,0.0,0.0,2,0,0
4342,39,19,20,7,18,2,12,7,3,0,3,0,0,0,0,0,0,0,0,0,0,0,0,1.0,1.0,1.0,0.0,0.0,0.0,2,0,0
4343,39,19,20,7,18,2,12,7,3,0,3,0,0,0,0,0,0,0,0,0,0,0,0,1.0,1.0,1.0,0.0,0.0,0.0,2,0,0
4344,39,19,20,7,18,2,12,7,3,0,2,0,0,0,0,0,0,0,0,0,0,0,0,1.0,1.0,1.0,0.0,0.0,0.0,2,0,0
4345,39,19,20,7,18,2,12,7,3,0,2,0,0,0,0,0,0,0,0,0,0,0,0,1.0,1.0,1.0,0.0,0.0,0.0,2,0,0
4346,39,19,20,7,18,2,12,7,3,0,2,0,0,0,0,0,0,0,0,0,0,0,0,1.0,1.0,1.0,0.0,0.0,0.0,2,0,0
4347,43,20,23,11,18,2,12,7,2,0,3,0,0,0,0,0,0,0,0,1,0,0,0,1.0,1.0,1.0,0.10256410256410256,0.10256410256410256,0.0,2,4,0
4348,46,23,23,15,17,2,12,7,1,0,4,0,0,0,0,0,0,0,0,1,1,0,1,0.9655172413793104,1.0,1.0,0.09302325581395349,0.09302325581395349,0.0,2,4,1
4349,46,23,23,15,17,2,12,7,1,0,4,0,0,0,0,0,0,0,0,0,0,0,0,1.0,1.0,1.0,0.0,0.0,0.0,2,0,0
4350,46,23,23,15,17,2,12,7,1,0,4,0,0,0,0,0,0,0,0,0,0,0,0,1.0,1.0,1.0,0.0,0.0,0.0,2,0,0
4351,46,23,23,15,17,2,12,7,1,0,4,0,0,0,0,0,0,0,0,0,0,0,0,1.0,1.0,1.0,0.0,0.0,0.0,2,0,0
4352,46,23,23,15,17,2,12,7,1,0,4,0,0,0,0,0,0,0,0,0,0,0,0,1.0,1.0,1.0,0.0,0.0,0.0,2,0,0
4353,50,25,25,19,17,2,12,7,0,0,5,0,0,0,0,0,0,0,0,1,0,0,0,1.0,1.0,1.0,0.08695652173913043,0.08695652173913043,0.0,2,4,0
4354,48,25,23,18,16,2,12,7,0,0,5,0,0,0,0,0,0,0,0,0,2,0,2,0.9444444444444444,1.0,1.0,0.0,0.0,0.0,2,0,2
4355,48,25,23,18,16,2,12,7,0,0,5,0,0,0,0,0,0,0,0,0,0,0,0,1.0,1.0,1.0,0.0,0.0,0.0,2,0,0
4356,48,25,23,18,16,2,12,7,0,0,5,0,0,0,0,0,0,0,0,0,0,0,0,1.0,1.0,1.0,0.0,0.0,0.0,2,0,0
4357,48,25,23,18,16,2,12,7,0,0,5,0,0,0,0,0,0,0,0,0,0,0,0,1.0,1.0,1.0,0.0,0.0,0.0,2,0,0
4358,48,25,23,18,16,2,12,7,0,0,5,0,0,0,0,0,0,0,0,0,0,0,0,1.0,1.0,1.0,0.0,0.0,0.0,2,0,0
4359,48,25,23,18,16,2,12,7,0,0,5,0,0,0,0,0,0,0,0,0,0,0,0,1.0,1.0,1.0,0.0,0.0,0.0,2,0,0
4360,48,25,23,18,16,2,12,7,0,0,5,0,0,0,0,0,0,0,0,0,0,0,0,1.0,1.0,1.0,0.0,0.0,0.0,2,0,0
4361,47,24,23,18,15,2,12,7,0,0,5,0,0,0,0,0,0,0,0,0,1,0,1,0.9705882352941176,1.0,1.0,0.0,0.0,0.0,2,0,1
4362,47,24,23,18,15,2,12,7,0,0,5,0,0,0,0,0,0,0,0,0,0,0,0,1.0,1.0,1.0,0.0,0.0,0.0,2,0,0
4363,47,24,23,18,15,2,12,7,0,0,5,0,0,0,0,0,0,0,0,0,0,0,0,1.0,1.0,1.0,0.0,0.0,0.0,2,0,0
4364,47,24,23,18,15,2,12,7,0,0,5,0,0,0,0,0,0,0,0,0,0,0,0,1.0,1.0,1.0,0.0,0.0,0.0,2,0,0
4365,47,24,23,18,15,2,12,7,0,0,5,0,0,0,0,0,0,0,0,0,0,0,0,1.0,1.0,1.0,0.0,0.0,0.0,2,0,0
4366,46,23,23,17,15,2,12,7,0,0,5,0,0,0,0,0,0,0,0,0,1,0,1,0.9696969696969697,1.0,1.0,0.0,0.0,0.0,2,0,1
4367,46,23,23,17,15,2,12,7,0,0,5,0,0,0,0,0,0,0,0,0,0,0,0,1.0,1.0,1.0,0.0,0.0,0.0,2,0,0
4368,46,23,23,17,15,2,12,7,0,0,5,0,0,0,0,0,0,0,0,0,0,0,0,1.0,1.0,1.0,0.0,0.0,0.0,2,0,0
4369,45,22,23,16,15,2,12,7,0,0,5,0,0,0,0,0,0,0,0,0,1,2,1,0.96875,1.0,1.0,0.0,0.0,0.0,2,0,1
4370,45,22,23,16,15,2,12,7,0,0,5,0,0,0,0,0,0,0,0,0,0,0,0,1.0,1.0,1.0,0.0,0.0,0.0,2,0,0
4371,45,22,23,16,15,2,12,7,0,0,5,0,0,0,0,0,0,0,0,0,0,0,0,1.0,1.0,1.0,0.0,0.0,0.0,2,0,0
4372,45,22,23,16,15,2,12,7,0,0,5,0,0,0,0,0,0,0,0,0,0,0,0,1.0,1.0,1.0,0.0,0.0,0.0,2,0,0
4373,45,22,23,16,13,4,12,7,0,0,5,0,0,0,0,0,0,0,0,0,0,0,0,1.0,1.0,1.0,0.0,0.0,0.0,2,0,0
4374,45,22,23,16,13,4,12,7,0,0,5,0,0,0,0,0,0,0,0,0,0,0,0,1.0,1.0,1.0,0.0,0.0,0.0,2,0,0
4375,45,22,23,14,15,4,12,7,0,0,5,0,0,0,0,0,0,0,0,0,0,0,0,1.0,1.0,1.0,0.0,0.0,0.0,2,0,0
4376,45,22,23,14,15,4,12,7,0,0,5,0,0,0,0,0,0,0,0,0,0,0,0,1.0,1.0,1.0,0.0,0.0,0.0,2,0,0
4377,45,22,23,14,15,4,12,7,0,0,4,0,0,0,0,0,0,0,0,0,0,0,0,1.0,1.0,1.0,0.0,0.0,0.0,2,0,0
4378,44,22,22,11,17,3,13,8,0,0,4,0,0,0,0,0,0,0,0,0,1,0,1,0.9655172413793104,1.0,1.0,0.0,0.0,0.0,2,0,1
4379,44,22,22,11,17,3,13,8,0,0,4,0,0,0,0,0,0,0,0,0,0,0,0,1.0,1.0,1.0,0.0,0.0,0.0,2,0,0
4380,42,21,21,10,16,3,13,8,0,0,3,0,0,0,1,0,0,0,0,0,2,0,2,0.9285714285714286,1.0,1.0,0.0,0.0,0.0,2,0,2
4381,42,21,21,10,16,3,13,8,0,0,3,0,0,0,0,0,0,0,0,0,0,0,0,1.0,1.0,1.0,0.0,0.0,0.0,2,0,0
4382,41,21,20,9,16,3,13,8,0,0,3,0,0,0,1,0,0,0,0,0,1,0,1,0.9615384615384616,1.0,1.0,0.0,0.0,0.0,2,0,1
4383,39,19,20,9,15,3,12,8,0,0,3,0,0,2,0,0,0,0,0,0,1,0,2,0.96,0.8,1.0,0.0,0.0,0.0,2,0,2
4384,39,19,20,9,15,3,12,8,0,0,3,0,0,0,0,0,0,0,0,0,0,0,0,1.0,1.0,1.0,0.0,0.0,0.0,2,0,0
4385,36,16,20,9,13,3,11,8,0,0,3,0,0,3,0,0,0,0,0,0,2,0,3,0.9166666666666666,0.75,1.0,0.0,0.0,0.0,2,0,3
4386,35,16,19,9,12,3,11,8,0,0,3,0,0,0,1,0,0,0,0,0,1,0,1,0.9545454545454546,1.0,1.0,0.0,0.0,0.0,2,0,1
4387,33,15,18,9,11,3,10,7,0,0,3,0,0,1,1,0,0,0,0,0,1,0,2,0.9523809523809523,1.0,0.875,0.0,0.0,0.0,2,0,2
4388,33,15,18,9,11,3,10,7,0,0,3,0,0,0,0,0,0,0,0,0,0,0,0,1.0,1.0,1.0,0.0,0.0,0.0,2,0,0
4389,33,15,18,9,11,3,10,7,0,0,3,0,0,0,0,0,0,0,0,0,0,0,0,1.0,1.0,1.0,0.0,0.0,0.0,2,0,0
4390,33,15,18,7,13,3,10,7,0,0,3,0,0,0,0,0,0,0,0,0,0,0,0,1.0,1.0,1.0,0.0,0.0,0.0,2,0,0
4391,33,15,18,4,16,3,10,7,0,0,3,0,0,0,0,0,0,0,0,0,0,0,0,1.0,1.0,1.0,0.0,0.0,0.0,2,0,0
4392,33,15,18,4,16,3,10,7,0,0,2,0,0,0,0,0,0,0,0,0,0,0,0,1.0,1.0,1.0,0.0,0.0,0.0,2,0,0
4393,33,15,18,4,16,3,10,7,0,0,1,0,0,0,0,0,0,0,0,0,0,0,0,1.0,1.0,1.0,0.0,0.0,0.0,2,0,0
4394,33,15,18,4,16,3,10,7,0,0,1,0,0,0,0,0,0,0,0,0,0,0,0,1.0,1.0,1.0,0.0,0.0,0.0,2,0,0
4395,33,15,18,4,16,3,10,7,0,0,1,0,0,0,0,0,0,0,0,0,0,0,0,1.0,1.0,1.0,0.0,0.0,0.0,2,0,0
4396,33,15,18,0,20,3,10,7,0,0,1,0,0,0,0,0,0,0,0,0,0,0,0,1.0,1.0,1.0,0.0,0.0,0.0,2,0,0
4397,33,15,18,0,20,3,10,7,0,0,1,0,0,0,0,0,0,0,0,0,0,0,0,1.0,1.0,1.0,0.0,0.0,0.0,2,0,0
4398,33,15,18,0,20,3,10,7,0,0,0,0,0,0,0,0,0,0,0,0,0,0,0,1.0,1.0,1.0,0.0,0.0,0.0,2,0,0
4399,33,15,18,0,20,3,10,7,0,0,0,0,0,0,0,0,0,0,0,0,0,0,0,1.0,1.0,1.0,0.0,0.0,0.0,2,0,0
4400,33,15,18,0,20,3,10,7,0,0,0,0,0,0,0,0,0,0,0,0,0,0,0,1.0,1.0,1.0,0.0,0.0,0.0,2,0,0
4401,33,15,18,0,20,3,10,7,0,0,0,0,0,0,0,0,0,0,0,0,0,1,0,1.0,1.0,1.0,0.0,0.0,0.0,2,0,0
4402,33,15,18,0,20,3,10,7,0,0,0,0,0,0,0,0,0,0,0,0,0,0,0,1.0,1.0,1.0,0.0,0.0,0.0,2,0,0
4403,33,15,18,0,20,3,10,7,0,0,0,0,0,0,0,0,0,0,0,0,0,0,0,1.0,1.0,1.0,0.0,0.0,0.0,2,0,0
4404,33,15,18,0,20,3,10,7,0,0,0,0,0,0,0,0,0,0,0,0,0,1,0,1.0,1.0,1.0,0.0,0.0,0.0,2,0,0
4405,33,15,18,0,19,4,10,7,0,0,0,0,0,0,0,0,0,0,0,0,0,0,0,1.0,1.0,1.0,0.0,0.0,0.0,2,0,0
4406,33,15,18,0,19,4,10,7,0,0,0,0,0,0,0,0,0,0,0,0,0,0,0,1.0,1.0,1.0,0.0,0.0,0.0,2,0,0
4407,33,15,18,0,19,4,10,7,0,0,0,0,0,0,0,0,0,0,0,0,0,0,0,1.0,1.0,1.0,0.0,0.0,0.0,2,0,0
4408,33,15,18,0,18,5,10,7,0,0,0,0,0,0,0,0,0,0,0,0,0,0,0,1.0,1.0,1.0,0.0,0.0,0.0,2,0,0
4409,33,15,18,0,18,5,10,7,0,0,0,0,0,0,0,0,0,0,0,0,0,0,0,1.0,1.0,1.0,0.0,0.0,0.0,2,0,0
4410,33,15,18,0,18,5,10,7,2,0,0,0,0,0,0,0,10,2,0,0,0,0,0,1.0,1.0,1.0,0.0,0.0,0.2,2,0,0
4411,33,15,18,0,18,5,10,7,3,1,0,0,0,0,0,0,8,1,1,0,0,0,0,1.0,1.0,1.0,0.0,0.0,0.125,2,0,0
4412,33,15,18,0,18,5,10,7,3,1,0,0,0,0,0,0,4,0,0,0,0,0,0,1.0,1.0,1.0,0.0,0.0,0.0,2,0,0
4413,33,15,18,0,18,5,10,7,4,1,0,0,0,0,0,0,5,1,0,0,0,0,0,1.0,1.0,1.0,0.0,0.0,0.2,2,0,0
4414,33,15,18,0,18,5,10,7,4,1,0,0,0,0,0,0,3,0,0,0,0,0,0,1.0,1.0,1.0,0.0,0.0,0.0,2,0,0
4415,33,15,18,0,18,5,10,7,4,1,0,0,0,0,0,0,0,0,0,0,0,1,0,1.0,1.0,1.0,0.0,0.0,0.0,2,0,0
4416,33,15,18,0,18,5,10,7,4,1,0,0,0,0,0,0,0,0,0,0,0,0,0,1.0,1.0,1.0,0.0,0.0,0.0,2,0,0
4417,32,14,18,0,18,4,10,7,4,1,0,0,0,0,0,0,0,0,0,0,0,0,0,1.0,1.0,1.0,0.0,0.0,0.0,2,0,1
4418,32,14,18,0,18,4,10,7,4,1,0,0,0,0,0,0,0,0,0,0,0,0,0,1.0,1.0,1.0,0.0,0.0,0.0,2,0,0
4419,32,14,18,0,17,5,10,7,4,1,0,0,0,0,0,0,0,0,0,0,0,0,0,1.0,1.0,1.0,0.0,0.0,0.0,2,0,0
4420,32,14,18,0,17,5,10,7,4,1,0,0,0,0,0,0,0,0,0,0,0,0,0,1.0,1.0,1.0,0.0,0.0,0.0,2,0,0
4421,32,14,18,0,17,5,10,7,4,1,0,0,0,0,0,0,0,0,0,0,0,0,0,1.0,1.0,1.0,0.0,0.0,0.0,2,0,0
4422,32,14,18,0,17,5,10,7,4,1,0,0,0,0,0,0,0,0,0,0,0,0,0,1.0,1.0,1.0,0.0,0.0,0.0,2,0,0
4423,32,14,18,0,17,5,10,7,5,1,0,0,0,0,0,0,4,1,0,0,0,0,0,1.0,1.0,1.0,0.0,0.0,0.25,2,0,0
4424,32,14,18,0,17,5,10,7,6,1,0,0,0,0,0,0,5,1,0,0,0,0,0,1.0,1.0,1.0,0.0,0.0,0.2,2,0,0
4425,32,14,18,0,17,5,10,7,6,1,0,0,0,0,0,0,0,0,0,0,0,0,0,1.0,1.0,1.0,0.0,0.0,0.0,2,0,0
4426,32,14,18,0,17,5,10,7,6,1,0,0,0,0,0,0,0,0,0,0,0,0,0,1.0,1.0,1.0,0.0,0.0,0.0,2,0,0
4427,31,14,17,0,16,5,10,7,6,1,0,0,0,0,0,0,0,0,0,0,1,0,1,0.9411764705882353,1.0,1.0,0.0,0.0,0.0,2,0,1
4428,31,14,17,0,16,5,10,7,6,1,0,0,0,0,0,0,0,0,0,0,0,0,0,1.0,1.0,1.0,0.0,0.0,0.0,2,0,0
4429,31,14,17,0,16,5,10,7,6,1,0,0,0,0,0,0,0,0,0,0,0,0,0,1.0,1.0,1.0,0.0,0.0,0.0,2,0,0
4430,31,14,17,0,16,5,10,7,6,1,0,0,0,0,0,0,0,0,0,0,0,0,0,1.0,1.0,1.0,0.0,0.0,0.0,2,0,0
4431,31,14,17,0,16,5,10,7,6,1,0,0,0,0,0,0,0,0,0,0,0,0,0,1.0,1.0,1.0,0.0,0.0,0.0,2,0,0
4432,31,14,17,0,16,4,11,7,6,1,0,0,0,0,0,0,0,0,0,0,0,0,0,1.0,1.0,1.0,0.0,0.0,0.0,2,0,0
4433,31,14,17,0,16,4,11,7,6,1,0,0,0,0,0,0,0,0,0,0,0,0,0,1.0,1.0,1.0,0.0,0.0,0.0,2,0,0
4434,31,14,17,0,16,4,11,7,6,1,0,0,0,0,0,0,0,0,0,0,0,0,0,1.0,1.0,1.0,0.0,0.0,0.0,2,0,0
4435,31,14,17,0,16,4,11,7,6,1,0,0,0,0,0,0,0,0,0,0,0,0,0,1.0,1.0,1.0,0.0,0.0,0.0,2,0,0
4436,31,14,17,0,16,4,11,7,6,1,0,0,0,0,0,0,0,0,0,0,0,0,0,1.0,1.0,1.0,0.0,0.0,0.0,2,0,0
4437,31,14,17,0,16,4,11,7,6,1,0,0,0,0,0,0,0,0,0,0,0,0,0,1.0,1.0,1.0,0.0,0.0,0.0,2,0,0
4438,31,14,17,0,16,4,11,7,6,1,0,0,0,0,0,0,0,0,0,0,0,0,0,1.0,1.0,1.0,0.0,0.0,0.0,2,0,0
4439,31,14,17,0,16,4,11,7,6,1,0,0,0,0,0,0,0,0,0,0,0,0,0,1.0,1.0,1.0,0.0,0.0,0.0,2,0,0
4440,31,14,17,0,16,4,11,7,6,1,0,0,0,0,0,0,0,0,0,0,0,0,0,1.0,1.0,1.0,0.0,0.0,0.0,2,0,0
4441,31,14,17,0,16,4,11,7,6,1,0,0,0,0,0,0,0,0,0,0,0,0,0,1.0,1.0,1.0,0.0,0.0,0.0,2,0,0
4442,31,14,17,0,16,4,11,7,6,1,0,0,0,0,0,0,0,0,0,0,0,0,0,1.0,1.0,1.0,0.0,0.0,0.0,2,0,0
4443,31,14,17,0,16,4,11,7,6,1,0,0,0,0,0,0,0,0,0,0,0,0,0,1.0,1.0,1.0,0.0,0.0,0.0,2,0,0
4444,31,14,17,0,16,4,11,7,6,1,0,0,0,0,0,0,0,0,0,0,0,0,0,1.0,1.0,1.0,0.0,0.0,0.0,2,0,0
4445,31,14,17,0,16,4,11,7,6,1,0,0,0,0,0,0,0,0,0,0,0,0,0,1.0,1.0,1.0,0.0,0.0,0.0,2,0,0
4446,31,14,17,0,16,4,11,7,6,1,0,0,0,0,0,0,0,0,0,0,0,0,0,1.0,1.0,1.0,0.0,0.0,0.0,2,0,0
4447,31,14,17,0,16,4,11,7,6,1,0,0,0,0,0,0,0,0,0,0,0,0,0,1.0,1.0,1.0,0.0,0.0,0.0,2,0,0
4448,31,14,17,0,16,4,11,7,6,1,0,0,0,0,0,0,0,0,0,0,0,0,0,1.0,1.0,1.0,0.0,0.0,0.0,2,0,0
4449,31,14,17,0,16,4,11,7,6,1,0,0,0,0,0,0,0,0,0,0,0,0,0,1.0,1.0,1.0,0.0,0.0,0.0,2,0,0
4450,31,14,17,0,16,4,11,7,6,1,0,0,0,0,0,0,0,0,0,0,0,0,0,1.0,1.0,1.0,0.0,0.0,0.0,2,0,0
4451,31,14,17,0,16,4,11,7,6,1,0,0,0,0,0,0,0,0,0,0,0,0,0,1.0,1.0,1.0,0.0,0.0,0.0,2,0,0
4452,31,14,17,0,16,4,11,7,6,1,0,0,0,0,0,0,0,0,0,0,0,0,0,1.0,1.0,1.0,0.0,0.0,0.0,2,0,0
4453,31,14,17,0,16,4,11,7,6,1,0,0,0,0,0,0,0,0,0,0,0,0,0,1.0,1.0,1.0,0.0,0.0,0.0,2,0,0
4454,31,14,17,0,16,4,11,7,6,1,0,0,0,0,0,0,0,0,0,0,0,0,0,1.0,1.0,1.0,0.0,0.0,0.0,2,0,0
4455,31,14,17,0,16,4,11,7,6,1,0,0,0,0,0,0,0,0,0,0,0,0,0,1.0,1.0,1.0,0.0,0.0,0.0,2,0,0
4456,31,14,17,0,16,4,11,7,6,0,0,0,0,0,0,0,0,0,0,0,0,0,0,1.0,1.0,1.0,0.0,0.0,0.0,2,0,0
4457,31,14,17,0,16,4,11,7,6,0,0,0,0,0,0,0,6,0,0,0,0,0,0,1.0,1.0,1.0,0.0,0.0,0.0,2,0,0
4458,31,14,17,0,16,3,12,8,6,0,0,0,0,0,0,0,7,0,0,0,0,0,0,1.0,1.0,1.0,0.0,0.0,0.0,2,0,0
4459,30,14,16,0,16,3,11,7,6,0,0,0,0,0,0,0,3,1,0,0,0,0,0,1.0,1.0,0.875,0.0,0.0,0.3333333333333333,2,0,1
4460,30,14,16,0,16,3,11,7,6,0,0,0,0,0,0,0,0,0,0,0,0,2,0,1.0,1.0,1.0,0.0,0.0,0.0,2,0,0
4461,30,14,16,0,16,3,11,7,6,0,0,0,0,0,0,0,0,0,0,0,0,0,0,1.0,1.0,1.0,0.0,0.0,0.0,2,0,0
4462,30,14,16,0,16,3,11,7,6,0,0,0,0,0,0,0,5,0,0,0,0,0,0,1.0,1.0,1.0,0.0,0.0,0.0,2,0,0
4463,30,14,16,0,16,3,11,7,7,0,0,0,0,0,0,0,8,1,0,0,0,0,0,1.0,1.0,1.0,0.0,0.0,0.125,2,0,0
4464,30,14,16,0,14,5,11,7,7,0,0,0,0,0,0,0,0,0,0,0,0,0,0,1.0,1.0,1.0,0.0,0.0,0.0,2,0,0
4465,30,14,16,0,14,5,11,7,7,0,0,0,0,0,0,0,0,0,0,0,0,0,0,1.0,1.0,1.0,0.0,0.0,0.0,2,0,0
4466,30,14,16,0,14,5,11,7,7,0,0,0,0,0,0,0,0,0,0,0,0,0,0,1.0,1.0,1.0,0.0,0.0,0.0,2,0,0
4467,30,14,16,0,14,5,11,7,7,0,0,0,0,0,0,0,0,0,0,0,0,0,0,1.0,1.0,1.0,0.0,0.0,0.0,2,0,0
4468,30,14,16,0,14,5,11,7,7,0,0,0,0,0,0,0,0,0,0,0,0,0,0,1.0,1.0,1.0,0.0,0.0,0.0,2,0,0
4469,30,14,16,0,14,5,11,7,7,0,0,0,0,0,0,0,0,0,0,0,0,0,0,1.0,1.0,1.0,0.0,0.0,0.0,2,0,0
4470,30,14,16,0,14,5,11,7,7,0,0,0,0,0,0,0,0,0,0,0,0,0,0,1.0,1.0,1.0,0.0,0.0,0.0,2,0,0
4471,30,14,16,0,14,5,11,7,7,0,0,0,0,0,0,0,0,0,0,0,0,0,0,1.0,1.0,1.0,0.0,0.0,0.0,2,0,0
4472,30,14,16,0,14,5,11,7,7,0,0,0,0,0,0,0,0,0,0,0,0,0,0,1.0,1.0,1.0,0.0,0.0,0.0,2,0,0
4473,28,14,14,0,14,5,9,5,5,0,0,0,0,0,2,0,0,0,0,0,0,0,2,1.0,1.0,0.7142857142857143,0.0,0.0,0.0,2,0,2
4474,28,14,14,0,14,5,9,5,5,0,0,0,0,0,0,0,0,0,0,0,0,0,0,1.0,1.0,1.0,0.0,0.0,0.0,2,0,0
4475,28,14,14,0,14,5,9,5,5,0,0,0,0,0,0,0,0,0,0,0,0,0,0,1.0,1.0,1.0,0.0,0.0,0.0,2,0,0
4476,29,15,14,3,12,5,9,5,4,0,1,0,0,0,2,0,0,0,0,1,2,0,2,0.8571428571428572,1.0,1.0,0.10714285714285714,0.10714285714285714,0.0,2,3,2
4477,28,15,13,3,11,5,9,5,4,0,1,0,0,0,1,0,0,0,0,0,1,0,1,0.9333333333333333,1.0,1.0,0.0,0.0,0.0,2,0,1
4478,30,18,12,6,10,5,9,5,3,0,2,0,0,0,1,0,0,0,0,1,1,0,1,0.9285714285714286,1.0,1.0,0.10714285714285714,0.10714285714285714,0.0,2,3,1
4479,30,18,12,6,10,5,9,5,3,0,2,0,0,0,0,0,0,0,0,0,0,1,0,1.0,1.0,1.0,0.0,0.0,0.0,2,0,0
4480,30,18,12,6,10,5,9,5,3,0,2,0,0,0,0,0,0,0,0,0,0,0,0,1.0,1.0,1.0,0.0,0.0,0.0,2,0,0
4481,30,18,12,6,10,5,9,5,3,0,2,0,0,0,0,0,0,0,0,0,0,0,0,1.0,1.0,1.0,0.0,0.0,0.0,2,0,0
4482,30,18,12,6,10,5,9,5,3,0,2,0,0,0,0,0,0,0,0,0,0,0,0,1.0,1.0,1.0,0.0,0.0,0.0,2,0,0
4483,30,18,12,6,9,6,9,5,3,0,2,0,0,0,0,0,0,0,0,0,0,0,0,1.0,1.0,1.0,0.0,0.0,0.0,2,0,0
4484,30,18,12,6,9,6,9,5,3,0,2,0,0,0,0,0,0,0,0,0,0,0,0,1.0,1.0,1.0,0.0,0.0,0.0,2,0,0
4485,30,18,12,6,9,6,9,5,3,0,2,0,0,0,0,0,0,0,0,0,0,0,0,1.0,1.0,1.0,0.0,0.0,0.0,2,0,0
4486,30,18,12,6,9,6,9,5,3,0,2,0,0,0,0,0,0,0,0,0,0,0,0,1.0,1.0,1.0,0.0,0.0,0.0,2,0,0
4487,30,18,12,6,9,6,9,5,3,0,2,0,0,0,0,0,0,0,0,0,0,0,0,1.0,1.0,1.0,0.0,0.0,0.0,2,0,0
4488,30,18,12,6,9,6,9,5,3,0,2,0,0,0,0,0,0,0,0,0,0,0,0,1.0,1.0,1.0,0.0,0.0,0.0,2,0,0
4489,33,18,15,9,9,6,9,5,2,0,3,0,0,0,0,0,0,0,0,1,0,0,0,1.0,1.0,1.0,0.1,0.1,0.0,2,3,0
4490,33,18,15,9,9,6,9,5,2,0,3,0,0,0,0,0,0,0,0,0,0,0,0,1.0,1.0,1.0,0.0,0.0,0.0,2,0,0
4491,33,18,15,9,9,6,9,5,2,0,3,0,0,0,0,0,0,0,0,0,0,0,0,1.0,1.0,1.0,0.0,0.0,0.0,2,0,0
4492,33,18,15,9,9,6,9,5,2,0,3,0,0,0,0,0,0,0,0,0,0,0,0,1.0,1.0,1.0,0.0,0.0,0.0,2,0,0
4493,33,18,15,9,9,6,9,5,2,0,3,0,0,0,0,0,0,0,0,0,0,0,0,1.0,1.0,1.0,0.0,0.0,0.0,2,0,0
4494,33,18,15,9,9,6,9,5,2,0,3,0,0,0,0,0,0,0,0,0,0,0,0,1.0,1.0,1.0,0.0,0.0,0.0,2,0,0
4495,33,18,15,9,9,6,9,5,2,0,3,0,0,0,0,0,0,0,0,0,0,0,0,1.0,1.0,1.0,0.0,0.0,0.0,2,0,0
4496,33,18,15,9,9,6,9,5,2,0,3,0,0,0,0,0,0,0,0,0,0,0,0,1.0,1.0,1.0,0.0,0.0,0.0,2,0,0
4497,33,18,15,9,9,6,9,5,2,0,3,0,0,0,0,0,0,0,0,0,0,0,0,1.0,1.0,1.0,0.0,0.0,0.0,2,0,0
4498,33,18,15,9,9,6,9,5,2,0,3,0,0,0,0,0,0,0,0,0,0,0,0,1.0,1.0,1.0,0.0,0.0,0.0,2,0,0
4499,33,18,15,9,9,6,9,5,2,0,3,0,0,0,0,0,0,0,0,0,0,0,0,1.0,1.0,1.0,0.0,0.0,0.0,2,0,0
4500,33,18,15,9,9,6,9,5,2,0,3,0,0,0,0,0,0,0,0,0,0,0,0,1.0,1.0,1.0,0.0,0.0,0.0,2,0,0
4501,33,18,15,9,9,6,9,5,2,0,3,0,0,0,0,0,0,0,0,0,0,0,0,1.0,1.0,1.0,0.0,0.0,0.0,2,0,0
4502,32,17,15,9,8,6,9,5,2,0,3,0,0,0,0,0,0,0,0,0,1,0,1,0.9444444444444444,1.0,1.0,0.0,0.0,0.0,2,0,1
4503,32,17,15,9,8,6,9,5,2,0,3,0,0,0,0,0,0,0,0,0,0,0,0,1.0,1.0,1.0,0.0,0.0,0.0,2,0,0
4504,32,17,15,9,8,6,9,5,2,0,3,0,0,0,0,0,0,0,0,0,0,0,0,1.0,1.0,1.0,0.0,0.0,0.0,2,0,0
4505,32,17,15,9,8,6,9,5,2,0,3,0,0,0,0,0,0,0,0,0,0,0,0,1.0,1.0,1.0,0.0,0.0,0.0,2,0,0
4506,32,17,15,9,8,6,9,5,2,0,3,0,0,0,0,0,0,0,0,0,0,0,0,1.0,1.0,1.0,0.0,0.0,0.0,2,0,0
4507,32,17,15,9,8,6,9,5,2,0,3,0,0,0,0,0,0,0,0,0,0,0,0,1.0,1.0,1.0,0.0,0.0,0.0,2,0,0
4508,32,17,15,9,8,5,10,5,2,0,3,0,0,0,0,0,0,0,0,0,0,0,0,1.0,1.0,1.0,0.0,0.0,0.0,2,0,0
4509,32,17,15,9,8,5,10,5,2,0,3,0,0,0,0,0,0,0,0,0,0,0,0,1.0,1.0,1.0,0.0,0.0,0.0,2,0,0
4510,32,17,15,9,8,5,10,5,2,0,3,0,0,0,0,0,0,0,0,0,0,0,0,1.0,1.0,1.0,0.0,0.0,0.0,2,0,0
4511,31,17,14,8,8,5,10,5,2,0,3,0,0,0,0,0,0,0,0,0,1,0,1,0.9411764705882353,1.0,1.0,0.0,0.0,0.0,2,0,1
4512,31,17,14,8,8,5,10,5,2,0,3,0,0,0,0,0,0,0,0,0,0,1,0,1.0,1.0,1.0,0.0,0.0,0.0,2,0,0
4513,31,17,14,8,8,5,10,5,2,0,3,0,0,0,0,0,0,0,0,0,0,0,0,1.0,1.0,1.0,0.0,0.0,0.0,2,0,0
4514,31,17,14,8,8,5,10,5,2,0,3,0,0,0,0,0,0,0,0,0,0,0,0,1.0,1.0,1.0,0.0,0.0,0.0,2,0,0
4515,31,17,14,8,8,5,10,5,2,0,3,0,0,0,0,0,0,0,0,0,0,2,0,1.0,1.0,1.0,0.0,0.0,0.0,2,0,0
4516,31,17,14,8,7,6,10,5,2,0,3,0,0,0,0,0,0,0,0,0,0,0,0,1.0,1.0,1.0,0.0,0.0,0.0,2,0,0
4517,31,17,14,8,7,6,10,5,2,0,3,0,0,0,0,0,0,0,0,0,0,0,0,1.0,1.0,1.0,0.0,0.0,0.0,2,0,0
4518,31,17,14,8,7,6,10,5,2,0,3,0,0,0,0,0,0,0,0,0,0,0,0,1.0,1.0,1.0,0.0,0.0,0.0,2,0,0
4519,31,17,14,6,7,8,10,5,2,0,3,0,0,0,0,0,0,0,0,0,0,0,0,1.0,1.0,1.0,0.0,0.0,0.0,2,0,0
4520,31,17,14,6,7,8,10,5,2,0,3,0,0,0,0,0,0,0,0,0,0,0,0,1.0,1.0,1.0,0.0,0.0,0.0,2,0,0
4521,31,17,14,3,10,8,10,5,2,0,2,0,0,0,0,0,0,0,0,0,0,0,0,1.0,1.0,1.0,0.0,0.0,0.0,2,0,0
4522,31,17,14,3,10,8,10,5,2,0,2,0,0,0,0,0,2,0,0,0,0,0,0,1.0,1.0,1.0,0.0,0.0,0.0,2,0,0
4523,31,17,14,3,10,8,10,5,3,0,1,0,0,0,0,0,4,1,0,0,0,0,0,1.0,1.0,1.0,0.0,0.0,0.25,2,0,0
4524,35,18,17,7,10,8,10,5,3,0,2,0,0,0,0,0,7,1,0,1,0,0,0,1.0,1.0,1.0,0.12903225806451613,0.12903225806451613,0.14285714285714285,2,4,0
4525,35,18,17,7,10,8,10,5,3,0,2,0,0,0,0,0,0,0,0,0,0,0,0,1.0,1.0,1.0,0.0,0.0,0.0,2,0,0
4526,35,18,17,7,10,8,10,5,3,0,2,0,0,0,0,0,0,0,0,0,0,0,0,1.0,1.0,1.0,0.0,0.0,0.0,2,0,0
4527,35,18,17,7,10,8,10,5,3,0,2,0,0,0,0,0,0,0,0,0,0,1,0,1.0,1.0,1.0,0.0,0.0,0.0,2,0,0
4528,39,21,18,11,10,8,10,5,2,0,3,0,0,0,0,0,0,0,0,1,0,2,0,1.0,1.0,1.0,0.11428571428571428,0.11428571428571428,0.0,2,4,0
4529,39,21,18,11,10,8,10,5,2,0,3,0,0,0,0,0,0,0,0,0,0,0,0,1.0,1.0,1.0,0.0,0.0,0.0,2,0,0
4530,38,21,17,10,10,8,10,5,2,0,3,0,0,0,0,0,0,0,0,0,1,0,1,0.9523809523809523,1.0,1.0,0.0,0.0,0.0,2,0,1
4531,37,20,17,10,9,8,10,5,2,0,3,0,0,0,0,0,0,0,0,0,0,0,0,1.0,1.0,1.0,0.0,0.0,0.0,2,0,1
4532,37,20,17,8,9,10,10,5,2,0,3,0,0,0,0,0,0,0,0,0,0,0,0,1.0,1.0,1.0,0.0,0.0,0.0,2,0,0
4533,37,20,17,8,9,10,10,5,2,0,3,0,0,0,0,0,0,0,0,0,0,2,0,1.0,1.0,1.0,0.0,0.0,0.0,2,0,0
4534,36,19,17,8,9,9,10,5,2,0,2,0,0,0,0,0,0,0,0,0,0,0,0,1.0,1.0,1.0,0.0,0.0,0.0,2,0,1
4535,36,19,17,8,9,9,10,5,2,0,2,0,0,0,0,0,7,0,0,0,0,0,0,1.0,1.0,1.0,0.0,0.0,0.0,2,0,0
4536,36,19,17,8,9,9,10,5,2,1,2,0,0,0,0,0,2,0,1,0,0,0,0,1.0,1.0,1.0,0.0,0.0,0.0,2,0,0
4537,36,19,17,8,7,11,10,5,2,1,2,0,0,0,0,0,0,0,0,0,0,0,0,1.0,1.0,1.0,0.0,0.0,0.0,2,0,0
4538,36,19,17,8,7,11,10,5,2,1,2,0,0,0,0,0,0,0,0,0,0,0,0,1.0,1.0,1.0,0.0,0.0,0.0,2,0,0
4539,36,19,17,8,7,11,10,5,2,1,2,0,0,0,0,0,0,0,0,0,0,0,0,1.0,1.0,1.0,0.0,0.0,0.0,2,0,0
4540,36,19,17,8,7,11,10,5,2,1,2,0,0,0,0,0,0,0,0,0,0,0,0,1.0,1.0,1.0,0.0,0.0,0.0,2,0,0
4541,36,19,17,8,7,11,10,5,2,1,2,0,0,0,0,0,0,0,0,0,0,0,0,1.0,1.0,1.0,0.0,0.0,0.0,2,0,0
4542,36,19,17,8,7,11,10,5,2,1,2,0,0,0,0,0,0,0,0,0,0,0,0,1.0,1.0,1.0,0.0,0.0,0.0,2,0,0
4543,36,19,17,8,7,10,11,5,2,1,2,0,0,0,0,0,0,0,0,0,0,0,0,1.0,1.0,1.0,0.0,0.0,0.0,2,0,0
4544,36,19,17,8,7,10,11,5,2,1,2,0,0,0,0,0,0,0,0,0,0,0,0,1.0,1.0,1.0,0.0,0.0,0.0,2,0,0
4545,36,19,17,8,7,10,11,5,2,1,2,0,0,0,0,0,0,0,0,0,0,0,0,1.0,1.0,1.0,0.0,0.0,0.0,2,0,0
4546,35,19,16,8,6,10,11,5,2,1,2,0,0,0,0,0,0,0,0,0,1,0,1,0.9333333333333333,1.0,1.0,0.0,0.0,0.0,2,0,1
4547,35,19,16,8,6,10,11,5,2,1,2,0,0,0,0,0,0,0,0,0,0,0,0,1.0,1.0,1.0,0.0,0.0,0.0,2,0,0
4548,35,19,16,8,6,10,11,5,2,1,2,0,0,0,0,0,0,0,0,0,0,0,0,1.0,1.0,1.0,0.0,0.0,0.0,2,0,0
4549,35,19,16,8,6,10,11,5,2,1,2,0,0,0,0,0,0,0,0,0,0,0,0,1.0,1.0,1.0,0.0,0.0,0.0,2,0,0
4550,33,18,15,8,6,8,11,5,2,1,2,0,0,0,0,0,0,0,0,0,0,0,0,1.0,1.0,1.0,0.0,0.0,0.0,2,0,2
4551,33,18,15,8,6,8,11,5,2,1,2,0,0,0,0,0,0,0,0,0,0,0,0,1.0,1.0,1.0,0.0,0.0,0.0,2,0,0
4552,33,18,15,8,6,8,11,5,2,1,2,0,0,0,0,0,0,0,0,0,0,0,0,1.0,1.0,1.0,0.0,0.0,0.0,2,0,0
4553,33,18,15,8,6,8,11,5,2,1,2,0,0,0,0,0,0,0,0,0,0,0,0,1.0,1.0,1.0,0.0,0.0,0.0,2,0,0
4554,32,18,14,8,6,6,12,5,2,1,2,0,0,0,0,0,0,0,0,0,0,0,0,1.0,1.0,1.0,0.0,0.0,0.0,2,0,1
4555,32,18,14,8,6,6,12,5,2,1,2,0,0,0,0,0,0,0,0,0,0,0,0,1.0,1.0,1.0,0.0,0.0,0.0,2,0,0
4556,32,18,14,8,6,6,12,5,2,1,2,0,0,0,0,0,0,0,0,0,0,0,0,1.0,1.0,1.0,0.0,0.0,0.0,2,0,0
4557,32,18,14,8,6,6,12,5,2,1,2,0,0,0,0,0,0,0,0,0,0,0,0,1.0,1.0,1.0,0.0,0.0,0.0,2,0,0
4558,32,18,14,8,6,6,12,5,2,1,2,0,0,0,0,0,0,0,0,0,0,0,0,1.0,1.0,1.0,0.0,0.0,0.0,2,0,0
4559,32,18,14,8,6,6,12,5,2,1,2,0,0,0,0,0,0,0,0,0,0,0,0,1.0,1.0,1.0,0.0,0.0,0.0,2,0,0
4560,32,18,14,8,6,6,12,5,2,1,2,0,0,0,0,0,0,0,0,0,0,0,0,1.0,1.0,1.0,0.0,0.0,0.0,2,0,0
4561,32,18,14,8,6,6,12,5,2,1,2,0,0,0,0,0,0,0,0,0,0,0,0,1.0,1.0,1.0,0.0,0.0,0.0,2,0,0
4562,32,18,14,8,6,6,12,5,2,1,2,0,0,0,0,0,0,0,0,0,0,0,0,1.0,1.0,1.0,0.0,0.0,0.0,2,0,0
4563,30,18,12,8,4,6,12,5,2,1,2,0,0,0,2,0,0,0,0,0,2,0,2,0.8571428571428572,1.0,1.0,0.0,0.0,0.0,2,0,2
4564,29,17,12,8,4,6,11,5,2,1,2,0,0,1,0,0,0,0,0,0,0,0,1,1.0,0.8571428571428572,1.0,0.0,0.0,0.0,2,0,1
4565,28,16,12,8,3,6,11,5,2,1,2,0,0,1,0,0,0,0,0,0,1,0,1,0.9166666666666666,1.0,1.0,0.0,0.0,0.0,2,0,1
4566,28,16,12,8,3,6,11,5,2,1,2,0,0,0,0,0,0,0,0,0,0,0,0,1.0,1.0,1.0,0.0,0.0,0.0,2,0,0
4567,27,15,12,4,6,6,11,5,2,1,2,0,0,1,0,0,0,0,0,0,1,0,1,0.9090909090909091,1.0,1.0,0.0,0.0,0.0,2,0,1
4568,25,14,11,3,5,6,11,5,2,1,2,0,0,1,1,0,0,0,0,0,2,0,2,0.8,1.0,1.0,0.0,0.0,0.0,2,0,2
4569,25,14,11,3,5,6,11,5,2,1,1,0,0,0,0,0,0,0,0,0,0,0,0,1.0,1.0,1.0,0.0,0.0,0.0,2,0,0
4570,25,14,11,3,5,6,11,5,2,2,1,0,0,0,0,0,2,0,1,0,0,0,0,1.0,1.0,1.0,0.0,0.0,0.0,2,0,0
4571,25,14,11,0,8,6,11,5,2,2,1,0,0,0,0,0,0,0,0,0,0,0,0,1.0,1.0,1.0,0.0,0.0,0.0,2,0,0
4572,25,14,11,0,8,6,11,5,2,2,1,0,0,0,0,0,0,0,0,0,0,0,0,1.0,1.0,1.0,0.0,0.0,0.0,2,0,0
4573,25,14,11,0,8,6,11,5,2,2,0,0,0,0,0,0,0,0,0,0,0,0,0,1.0,1.0,1.0,0.0,0.0,0.0,2,0,0
4574,25,14,11,0,8,6,11,5,3,2,0,0,0,0,0,0,8,1,0,0,0,0,0,1.0,1.0,1.0,0.0,0.0,0.125,2,0,0
4575,25,14,11,0,8,6,11,5,3,2,0,0,0,0,0,0,0,0,0,0,0,0,0,1.0,1.0,1.0,0.0,0.0,0.0,2,0,0
4576,25,14,11,0,8,6,11,5,3,2,0,0,0,0,0,0,0,0,0,0,0,0,0,1.0,1.0,1.0,0.0,0.0,0.0,2,0,0
4577,25,14,11,0,8,6,11,5,3,2,0,0,0,0,0,0,0,0,0,0,0,0,0,1.0,1.0,1.0,0.0,0.0,0.0,2,0,0
4578,25,14,11,0,8,6,11,5,3,2,0,0,0,0,0,0,0,0,0,0,0,0,0,1.0,1.0,1.0,0.0,0.0,0.0,2,0,0
4579,25,14,11,0,8,6,11,5,3,2,0,0,0,0,0,0,0,0,0,0,0,0,0,1.0,1.0,1.0,0.0,0.0,0.0,2,0,0
4580,25,14,11,0,8,6,11,5,3,2,0,0,0,0,0,0,0,0,0,0,0,0,0,1.0,1.0,1.0,0.0,0.0,0.0,2,0,0
4581,25,14,11,0,8,6,11,5,3,1,0,0,0,0,0,0,0,0,0,0,0,0,0,1.0,1.0,1.0,0.0,0.0,0.0,2,0,0
4582,25,14,11,0,8,6,11,5,4,1,0,0,0,0,0,0,5,1,0,0,0,0,0,1.0,1.0,1.0,0.0,0.0,0.2,2,0,0
4583,25,14,11,0,8,6,11,5,4,1,0,0,0,0,0,0,0,0,0,0,0,0,0,1.0,1.0,1.0,0.0,0.0,0.0,2,0,0
4584,25,14,11,0,8,6,11,5,4,1,0,0,0,0,0,0,0,0,0,0,0,0,0,1.0,1.0,1.0,0.0,0.0,0.0,2,0,0
4585,25,14,11,0,8,6,11,5,4,1,0,0,0,0,0,0,0,0,0,0,0,0,0,1.0,1.0,1.0,0.0,0.0,0.0,2,0,0
4586,25,14,11,0,8,6,11,5,4,1,0,0,0,0,0,0,0,0,0,0,0,0,0,1.0,1.0,1.0,0.0,0.0,0.0,2,0,0
4587,25,14,11,0,8,6,11,5,4,1,0,0,0,0,0,0,0,0,0,0,0,0,0,1.0,1.0,1.0,0.0,0.0,0.0,2,0,0
4588,29,17,12,4,8,6,11,5,3,1,1,0,0,0,0,0,0,0,0,1,0,0,0,1.0,1.0,1.0,0.16,0.16,0.0,2,4,0
4589,33,19,14,8,8,6,11,5,2,1,2,0,0,0,0,0,0,0,0,1,0,0,0,1.0,1.0,1.0,0.13793103448275862,0.13793103448275862,0.0,2,4,0
4590,33,19,14,8,8,6,11,5,2,1,2,0,0,0,0,0,0,0,0,0,0,0,0,1.0,1.0,1.0,0.0,0.0,0.0,2,0,0
4591,33,19,14,8,8,6,11,5,2,1,2,0,0,0,0,0,0,0,0,0,0,0,0,1.0,1.0,1.0,0.0,0.0,0.0,2,0,0
4592,32,19,13,8,7,6,11,5,2,1,2,0,0,0,0,0,0,0,0,0,1,0,1,0.9375,1.0,1.0,0.0,0.0,0.0,2,0,1
4593,32,19,13,8,7,6,11,5,2,1,2,0,0,0,0,0,0,0,0,0,0,0,0,1.0,1.0,1.0,0.0,0.0,0.0,2,0,0
4594,32,19,13,8,7,6,11,5,2,1,2,0,0,0,0,0,0,0,0,0,0,0,0,1.0,1.0,1.0,0.0,0.0,0.0,2,0,0
4595,32,19,13,8,7,6,11,5,2,1,2,0,0,0,0,0,0,0,0,0,0,0,0,1.0,1.0,1.0,0.0,0.0,0.0,2,0,0
4596,32,19,13,8,7,6,11,5,2,1,2,0,0,0,0,0,0,0,0,0,0,0,0,1.0,1.0,1.0,0.0,0.0,0.0,2,0,0
4597,32,19,13,8,7,6,11,5,2,1,2,0,0,0,0,0,0,0,0,0,0,0,0,1.0,1.0,1.0,0.0,0.0,0.0,2,0,0
4598,31,19,12,8,6,6,11,5,2,1,2,0,0,0,0,0,0,0,0,0,1,0,1,0.9333333333333333,1.0,1.0,0.0,0.0,0.0,2,0,1
4599,31,19,12,8,6,6,11,5,2,1,2,0,0,0,0,0,0,0,0,0,0,0,0,1.0,1.0,1.0,0.0,0.0,0.0,2,0,0
4600,30,19,11,8,6,5,11,5,2,1,2,0,0,0,0,0,0,0,0,0,0,0,0,1.0,1.0,1.0,0.0,0.0,0.0,2,0,1
4601,30,19,11,8,6,5,11,5,2,1,2,0,0,0,0,0,0,0,0,0,0,0,0,1.0,1.0,1.0,0.0,0.0,0.0,2,0,0
4602,30,19,11,8,6,5,11,5,2,1,2,0,0,0,0,0,0,0,0,0,0,0,0,1.0,1.0,1.0,0.0,0.0,0.0,2,0,0
4603,30,19,11,8,6,5,11,5,2,1,2,0,0,0,0,0,0,0,0,0,0,0,0,1.0,1.0,1.0,0.0,0.0,0.0,2,0,0
4604,30,19,11,8,6,5,11,5,2,1,2,0,0,0,0,0,0,0,0,0,0,0,0,1.0,1.0,1.0,0.0,0.0,0.0,2,0,0
4605,30,19,11,8,6,5,11,5,2,1,2,0,0,0,0,0,0,0,0,0,0,0,0,1.0,1.0,1.0,0.0,0.0,0.0,2,0,0
4606,30,19,11,8,6,5,11,5,2,1,2,0,0,0,0,0,0,0,0,0,0,0,0,1.0,1.0,1.0,0.0,0.0,0.0,2,0,0
4607,30,19,11,8,6,5,11,5,2,1,2,0,0,0,0,0,0,0,0,0,0,0,0,1.0,1.0,1.0,0.0,0.0,0.0,2,0,0
4608,29,18,11,8,5,5,11,5,2,1,2,0,0,0,0,0,0,0,0,0,1,0,1,0.9285714285714286,1.0,1.0,0.0,0.0,0.0,2,0,1
4609,29,18,11,8,5,5,11,5,2,1,2,0,0,0,0,0,0,0,0,0,0,0,0,1.0,1.0,1.0,0.0,0.0,0.0,2,0,0
4610,29,18,11,8,5,5,11,5,2,1,2,0,0,0,0,0,0,0,0,0,0,0,0,1.0,1.0,1.0,0.0,0.0,0.0,2,0,0
4611,29,18,11,8,5,5,11,5,2,1,2,0,0,0,0,0,0,0,0,0,0,0,0,1.0,1.0,1.0,0.0,0.0,0.0,2,0,0
4612,29,18,11,8,5,5,11,5,2,1,2,0,0,0,0,0,0,0,0,0,0,0,0,1.0,1.0,1.0,0.0,0.0,0.0,2,0,0
4613,29,18,11,8,5,5,11,5,2,1,2,0,0,0,0,0,0,0,0,0,0,0,0,1.0,1.0,1.0,0.0,0.0,0.0,2,0,0
4614,29,18,11,8,5,4,12,6,2,1,2,0,0,0,0,0,0,0,0,0,0,0,0,1.0,1.0,1.0,0.0,0.0,0.0,2,0,0
4615,29,18,11,8,5,4,12,6,2,0,2,0,0,0,0,0,0,0,0,0,0,0,0,1.0,1.0,1.0,0.0,0.0,0.0,2,0,0
4616,29,18,11,8,5,4,12,6,2,1,2,0,0,0,0,0,3,0,1,0,0,0,0,1.0,1.0,1.0,0.0,0.0,0.0,2,0,0
4617,29,18,11,8,5,4,12,6,2,1,2,0,0,0,0,0,0,0,0,0,0,0,0,1.0,1.0,1.0,0.0,0.0,0.0,2,0,0
4618,29,18,11,8,5,4,12,6,3,1,2,0,0,0,0,0,6,1,0,0,0,0,0,1.0,1.0,1.0,0.0,0.0,0.16666666666666666,2,0,0
4619,29,18,11,8,5,4,12,6,3,1,2,0,0,0,0,0,0,0,0,0,0,0,0,1.0,1.0,1.0,0.0,0.0,0.0,2,0,0
4620,29,18,11,8,5,4,12,6,3,1,2,0,0,0,0,0,0,0,0,0,0,0,0,1.0,1.0,1.0,0.0,0.0,0.0,2,0,0
4621,29,18,11,8,5,4,12,6,3,1,2,0,0,0,0,0,0,0,0,0,0,0,0,1.0,1.0,1.0,0.0,0.0,0.0,2,0,0
4622,29,18,11,8,5,4,12,6,3,1,2,0,0,0,0,0,0,0,0,0,0,0,0,1.0,1.0,1.0,0.0,0.0,0.0,2,0,0
4623,29,18,11,8,5,4,12,6,3,1,2,0,0,0,0,0,0,0,0,0,0,0,0,1.0,1.0,1.0,0.0,0.0,0.0,2,0,0
4624,29,18,11,8,5,4,12,6,3,1,2,0,0,0,0,0,0,0,0,0,0,0,0,1.0,1.0,1.0,0.0,0.0,0.0,2,0,0
4625,29,18,11,8,5,4,12,6,3,1,2,0,0,0,0,0,0,0,0,0,0,0,0,1.0,1.0,1.0,0.0,0.0,0.0,2,0,0
4626,29,18,11,8,5,4,12,6,3,1,2,0,0,0,0,0,0,0,0,0,0,0,0,1.0,1.0,1.0,0.0,0.0,0.0,2,0,0
4627,29,18,11,8,5,4,12,6,3,1,2,0,0,0,0,0,0,0,0,0,0,0,0,1.0,1.0,1.0,0.0,0.0,0.0,2,0,0
4628,28,18,10,8,5,4,11,5,3,0,2,0,0,0,0,0,0,0,0,0,0,0,0,1.0,1.0,0.8333333333333334,0.0,0.0,0.0,2,0,1
4629,28,18,10,8,5,4,11,5,3,0,2,0,0,0,0,0,0,0,0,0,0,0,0,1.0,1.0,1.0,0.0,0.0,0.0,2,0,0
4630,28,18,10,8,5,4,11,5,3,0,2,0,0,0,0,0,0,0,0,0,0,0,0,1.0,1.0,1.0,0.0,0.0,0.0,2,0,0
4631,28,18,10,4,9,3,12,6,4,0,2,0,0,0,0,0,5,1,0,0,0,0,0,1.0,1.0,1.0,0.0,0.0,0.2,2,0,0
4632,28,18,10,0,13,3,12,6,4,0,2,0,0,0,0,0,0,0,0,0,0,0,0,1.0,1.0,1.0,0.0,0.0,0.0,2,0,0
4633,28,18,10,0,13,3,12,6,4,0,1,0,0,0,0,0,0,0,0,0,0,0,0,1.0,1.0,1.0,0.0,0.0,0.0,2,0,0
4634,28,18,10,0,13,3,12,6,4,0,0,0,0,0,0,0,5,0,0,0,0,0,0,1.0,1.0,1.0,0.0,0.0,0.0,2,0,0
4635,28,18,10,0,13,3,12,6,4,1,0,0,0,0,0,0,2,0,1,0,0,0,0,1.0,1.0,1.0,0.0,0.0,0.0,2,0,0
4636,28,18,10,0,13,3,12,6,4,1,0,0,0,0,0,0,5,0,0,0,0,0,0,1.0,1.0,1.0,0.0,0.0,0.0,2,0,0
4637,28,18,10,0,13,3,12,6,5,1,0,0,0,0,0,0,8,1,0,0,0,0,0,1.0,1.0,1.0,0.0,0.0,0.125,2,0,0
4638,28,18,10,0,13,3,12,6,5,1,0,0,0,0,0,0,0,0,0,0,0,0,0,1.0,1.0,1.0,0.0,0.0,0.0,2,0,0
4639,32,19,13,4,13,3,12,6,4,1,1,0,0,0,0,0,0,0,0,1,0,0,0,1.0,1.0,1.0,0.14285714285714285,0.14285714285714285,0.0,2,4,0
4640,32,19,13,4,13,3,12,6,4,1,1,0,0,0,0,0,0,0,0,0,0,0,0,1.0,1.0,1.0,0.0,0.0,0.0,2,0,0
4641,32,19,13,4,13,3,12,6,4,1,1,0,0,0,0,0,0,0,0,0,0,0,0,1.0,1.0,1.0,0.0,0.0,0.0,2,0,0
4642,32,19,13,4,13,3,12,6,4,1,1,0,0,0,0,0,0,0,0,0,0,0,0,1.0,1.0,1.0,0.0,0.0,0.0,2,0,0
4643,32,19,13,4,13,3,12,6,4,1,1,0,0,0,0,0,0,0,0,0,0,0,0,1.0,1.0,1.0,0.0,0.0,0.0,2,0,0
4644,32,19,13,4,13,3,12,6,4,1,1,0,0,0,0,0,0,0,0,0,0,0,0,1.0,1.0,1.0,0.0,0.0,0.0,2,0,0
4645,32,19,13,4,13,3,12,6,4,1,1,0,0,0,0,0,0,0,0,0,0,0,0,1.0,1.0,1.0,0.0,0.0,0.0,2,0,0
4646,32,19,13,4,13,3,12,6,4,1,1,0,0,0,0,0,0,0,0,0,0,0,0,1.0,1.0,1.0,0.0,0.0,0.0,2,0,0
4647,36,20,16,8,13,3,12,6,3,1,2,0,0,0,0,0,0,0,0,1,0,0,0,1.0,1.0,1.0,0.125,0.125,0.0,2,4,0
4648,36,20,16,8,13,3,12,6,3,1,2,0,0,0,0,0,0,0,0,0,0,0,0,1.0,1.0,1.0,0.0,0.0,0.0,2,0,0
4649,36,20,16,8,13,3,12,6,3,1,2,0,0,0,0,0,0,0,0,0,0,0,0,1.0,1.0,1.0,0.0,0.0,0.0,2,0,0
4650,36,20,16,8,13,3,12,6,3,1,2,0,0,0,0,0,0,0,0,0,0,0,0,1.0,1.0,1.0,0.0,0.0,0.0,2,0,0
4651,36,20,16,8,13,3,12,6,3,1,2,0,0,0,0,0,0,0,0,0,0,0,0,1.0,1.0,1.0,0.0,0.0,0.0,2,0,0
4652,36,20,16,8,13,3,12,6,3,1,2,0,0,0,0,0,0,0,0,0,0,0,0,1.0,1.0,1.0,0.0,0.0,0.0,2,0,0
4653,36,20,16,8,13,3,12,6,3,1,2,0,0,0,0,0,0,0,0,0,0,0,0,1.0,1.0,1.0,0.0,0.0,0.0,2,0,0
4654,36,20,16,8,13,2,13,6,3,1,2,0,0,0,0,0,0,0,0,0,0,0,0,1.0,1.0,1.0,0.0,0.0,0.0,2,0,0
4655,36,20,16,8,13,2,13,6,3,1,2,0,0,0,0,0,0,0,0,0,0,0,0,1.0,1.0,1.0,0.0,0.0,0.0,2,0,0
4656,35,19,16,8,12,2,13,6,3,1,2,0,0,1,0,0,0,0,0,0,1,0,1,0.9523809523809523,1.0,1.0,0.0,0.0,0.0,2,0,1
4657,35,19,16,8,12,2,13,6,3,1,2,0,0,0,0,0,0,0,0,0,0,0,0,1.0,1.0,1.0,0.0,0.0,0.0,2,0,0
4658,34,18,16,8,12,2,12,6,3,1,2,0,0,1,0,0,0,0,0,0,0,1,1,1.0,0.8571428571428572,1.0,0.0,0.0,0.0,2,0,1
4659,31,15,16,7,11,2,11,6,3,1,2,0,0,2,0,0,0,0,0,0,2,0,3,0.9,0.8333333333333334,1.0,0.0,0.0,0.0,2,0,3
4660,29,15,14,7,10,2,10,5,3,1,1,0,0,0,2,0,0,0,0,0,1,0,2,0.9444444444444444,1.0,0.8333333333333334,0.0,0.0,0.0,2,0,2
4661,29,15,14,7,10,2,10,5,3,1,1,0,0,0,0,0,0,0,0,0,0,0,0,1.0,1.0,1.0,0.0,0.0,0.0,2,0,0
4662,29,15,14,7,9,3,10,5,3,1,1,0,0,0,0,0,0,0,0,0,0,0,0,1.0,1.0,1.0,0.0,0.0,0.0,2,0,0
4663,29,15,14,7,9,3,10,5,3,1,1,0,0,0,0,0,0,0,0,0,0,0,0,1.0,1.0,1.0,0.0,0.0,0.0,2,0,0
4664,29,15,14,7,9,3,10,5,3,1,1,0,0,0,0,0,0,0,0,0,0,0,0,1.0,1.0,1.0,0.0,0.0,0.0,2,0,0
4665,29,15,14,7,9,3,10,5,3,1,1,0,0,0,0,0,0,0,0,0,0,0,0,1.0,1.0,1.0,0.0,0.0,0.0,2,0,0
4666,29,15,14,7,9,3,10,5,3,1,1,0,0,0,0,0,0,0,0,0,0,0,0,1.0,1.0,1.0,0.0,0.0,0.0,2,0,0
4667,29,15,14,7,9,2,11,5,3,1,1,0,0,0,0,0,0,0,0,0,0,0,0,1.0,1.0,1.0,0.0,0.0,0.0,2,0,0
4668,29,15,14,7,9,2,11,5,3,1,1,0,0,0,0,0,0,0,0,0,0,0,0,1.0,1.0,1.0,0.0,0.0,0.0,2,0,0
4669,29,15,14,7,9,2,11,5,3,1,1,0,0,0,0,0,0,0,0,0,0,0,0,1.0,1.0,1.0,0.0,0.0,0.0,2,0,0
4670,29,15,14,7,9,2,11,5,3,1,1,0,0,0,0,0,0,0,0,0,0,0,0,1.0,1.0,1.0,0.0,0.0,0.0,2,0,0
4671,29,15,14,7,9,2,11,5,3,1,1,0,0,0,0,0,0,0,0,0,0,0,0,1.0,1.0,1.0,0.0,0.0,0.0,2,0,0
4672,29,15,14,7,9,1,12,5,3,1,1,0,0,0,0,0,0,0,0,0,0,0,0,1.0,1.0,1.0,0.0,0.0,0.0,2,0,0
4673,29,15,14,7,9,1,12,5,3,1,1,0,0,0,0,0,0,0,0,0,0,0,0,1.0,1.0,1.0,0.0,0.0,0.0,2,0,0
4674,29,15,14,7,9,1,12,5,3,1,1,0,0,0,0,0,0,0,0,0,0,0,0,1.0,1.0,1.0,0.0,0.0,0.0,2,0,0
4675,29,15,14,7,9,1,12,5,3,1,1,0,0,0,0,0,0,0,0,0,0,0,0,1.0,1.0,1.0,0.0,0.0,0.0,2,0,0
4676,29,15,14,7,9,1,12,5,3,1,1,0,0,0,0,0,0,0,0,0,0,0,0,1.0,1.0,1.0,0.0,0.0,0.0,2,0,0
4677,29,15,14,7,9,1,12,5,3,1,1,0,0,0,0,0,0,0,0,0,0,0,0,1.0,1.0,1.0,0.0,0.0,0.0,2,0,0
4678,29,15,14,7,9,1,12,5,3,1,1,0,0,0,0,0,0,0,0,0,0,0,0,1.0,1.0,1.0,0.0,0.0,0.0,2,0,0
4679,29,15,14,7,9,1,12,5,3,1,1,0,0,0,0,0,0,0,0,0,0,0,0,1.0,1.0,1.0,0.0,0.0,0.0,2,0,0
4680,29,15,14,7,9,1,12,5,3,0,1,0,0,0,0,0,0,0,0,0,0,0,0,1.0,1.0,1.0,0.0,0.0,0.0,2,0,0
4681,29,15,14,7,9,1,12,5,3,0,1,0,0,0,0,0,0,0,0,0,0,0,0,1.0,1.0,1.0,0.0,0.0,0.0,2,0,0
4682,29,15,14,4,12,1,12,5,3,0,1,0,0,0,0,0,0,0,0,0,0,0,0,1.0,1.0,1.0,0.0,0.0,0.0,2,0,0
4683,33,17,16,8,12,1,12,5,2,0,2,0,0,0,0,0,0,0,0,1,0,0,0,1.0,1.0,1.0,0.13793103448275862,0.13793103448275862,0.0,2,4,0
4684,33,17,16,8,12,1,12,5,2,0,1,0,0,0,0,0,0,0,0,0,0,0,0,1.0,1.0,1.0,0.0,0.0,0.0,2,0,0
4685,33,17,16,8,12,1,12,5,2,0,1,0,0,0,0,0,0,0,0,0,0,0,0,1.0,1.0,1.0,0.0,0.0,0.0,2,0,0
4686,33,17,16,8,12,1,12,5,2,0,1,0,0,0,0,0,0,0,0,0,0,0,0,1.0,1.0,1.0,0.0,0.0,0.0,2,0,0
4687,33,17,16,8,12,1,12,5,2,0,1,0,0,0,0,0,0,0,0,0,0,0,0,1.0,1.0,1.0,0.0,0.0,0.0,2,0,0
4688,33,17,16,8,12,1,12,5,2,0,1,0,0,0,0,0,0,0,0,0,0,0,0,1.0,1.0,1.0,0.0,0.0,0.0,2,0,0
4689,33,17,16,8,12,1,12,5,2,0,1,0,0,0,0,0,0,0,0,0,0,0,0,1.0,1.0,1.0,0.0,0.0,0.0,2,0,0
4690,33,17,16,4,16,1,12,5,2,0,1,0,0,0,0,0,0,0,0,0,0,0,0,1.0,1.0,1.0,0.0,0.0,0.0,2,0,0
4691,33,17,16,4,16,1,12,5,2,0,1,0,0,0,0,0,0,0,0,0,0,0,0,1.0,1.0,1.0,0.0,0.0,0.0,2,0,0
4692,33,17,16,4,16,1,12,5,2,0,1,0,0,0,0,0,0,0,0,0,0,0,0,1.0,1.0,1.0,0.0,0.0,0.0,2,0,0
4693,33,17,16,4,16,1,12,5,2,0,1,0,0,0,0,0,0,0,0,0,0,0,0,1.0,1.0,1.0,0.0,0.0,0.0,2,0,0
4694,33,17,16,4,16,1,12,5,2,0,1,0,0,0,0,0,0,0,0,0,0,0,0,1.0,1.0,1.0,0.0,0.0,0.0,2,0,0
4695,33,17,16,4,16,1,12,5,2,0,1,0,0,0,0,0,0,0,0,0,0,0,0,1.0,1.0,1.0,0.0,0.0,0.0,2,0,0
4696,37,18,19,8,16,1,12,5,1,0,2,0,0,0,0,0,0,0,0,1,0,0,0,1.0,1.0,1.0,0.12121212121212122,0.12121212121212122,0.0,2,4,0
4697,37,18,19,8,16,1,12,5,1,0,2,0,0,0,0,0,0,0,0,0,0,0,0,1.0,1.0,1.0,0.0,0.0,0.0,2,0,0
4698,37,18,19,8,16,1,12,5,1,0,2,0,0,0,0,0,0,0,0,0,0,0,0,1.0,1.0,1.0,0.0,0.0,0.0,2,0,0
4699,37,18,19,8,16,1,12,5,1,0,2,0,0,0,0,0,0,0,0,0,0,0,0,1.0,1.0,1.0,0.0,0.0,0.0,2,0,0
4700,37,18,19,8,16,1,12,5,1,0,2,0,0,0,0,0,0,0,0,0,0,0,0,1.0,1.0,1.0,0.0,0.0,0.0,2,0,0
4701,37,18,19,8,16,1,12,5,1,0,2,0,0,0,0,0,0,0,0,0,0,0,0,1.0,1.0,1.0,0.0,0.0,0.0,2,0,0
4702,40,20,20,11,16,1,12,5,0,0,3,0,0,0,0,0,0,0,0,1,0,0,0,1.0,1.0,1.0,0.08108108108108109,0.08108108108108109,0.0,2,3,0
4703,40,20,20,11,16,1,12,5,0,0,3,0,0,0,0,0,0,0,0,0,0,0,0,1.0,1.0,1.0,0.0,0.0,0.0,2,0,0
4704,40,20,20,11,16,1,12,5,0,0,3,0,0,0,0,0,0,0,0,0,0,2,0,1.0,1.0,1.0,0.0,0.0,0.0,2,0,0
4705,40,20,20,11,16,1,12,5,0,0,3,0,0,0,0,0,0,0,0,0,0,0,0,1.0,1.0,1.0,0.0,0.0,0.0,2,0,0
4706,40,20,20,11,16,1,12,5,0,0,3,0,0,0,0,0,0,0,0,0,0,0,0,1.0,1.0,1.0,0.0,0.0,0.0,2,0,0
4707,40,20,20,11,16,1,12,5,0,0,3,0,0,0,0,0,0,0,0,0,0,0,0,1.0,1.0,1.0,0.0,0.0,0.0,2,0,0
4708,40,20,20,11,14,3,12,5,0,0,3,0,0,0,0,0,0,0,0,0,0,1,0,1.0,1.0,1.0,0.0,0.0,0.0,2,0,0
4709,40,20,20,11,14,3,12,5,0,0,3,0,0,0,0,0,0,0,0,0,0,0,0,1.0,1.0,1.0,0.0,0.0,0.0,2,0,0
4710,40,20,20,11,14,3,12,5,0,0,3,0,0,0,0,0,0,0,0,0,0,0,0,1.0,1.0,1.0,0.0,0.0,0.0,2,0,0
4711,40,20,20,11,14,3,12,5,0,0,3,0,0,0,0,0,0,0,0,0,0,0,0,1.0,1.0,1.0,0.0,0.0,0.0,2,0,0
4712,39,19,20,10,13,4,12,5,0,0,3,0,0,0,0,0,0,0,0,0,1,0,1,0.9583333333333334,1.0,1.0,0.0,0.0,0.0,2,0,1
4713,39,19,20,10,13,4,12,5,0,0,3,0,0,0,0,0,0,0,0,0,0,0,0,1.0,1.0,1.0,0.0,0.0,0.0,2,0,0
4714,39,19,20,10,13,4,12,5,0,0,3,0,0,0,0,0,0,0,0,0,0,0,0,1.0,1.0,1.0,0.0,0.0,0.0,2,0,0
4715,39,19,20,10,13,4,12,5,0,0,3,0,0,0,0,0,0,0,0,0,0,0,0,1.0,1.0,1.0,0.0,0.0,0.0,2,0,0
4716,39,19,20,10,13,4,12,5,0,0,3,0,0,0,0,0,0,0,0,0,0,0,0,1.0,1.0,1.0,0.0,0.0,0.0,2,0,0
4717,39,19,20,10,13,4,12,5,0,0,3,0,0,0,0,0,0,0,0,0,0,0,0,1.0,1.0,1.0,0.0,0.0,0.0,2,0,0
4718,39,19,20,10,13,4,12,5,0,0,3,0,0,0,0,0,0,0,0,0,0,0,0,1.0,1.0,1.0,0.0,0.0,0.0,2,0,0
4719,39,19,20,10,13,4,12,5,0,0,3,0,0,0,0,0,0,0,0,0,0,0,0,1.0,1.0,1.0,0.0,0.0,0.0,2,0,0
4720,39,19,20,10,13,4,12,5,0,0,3,0,0,0,0,0,0,0,0,0,0,0,0,1.0,1.0,1.0,0.0,0.0,0.0,2,0,0
4721,39,19,20,10,13,4,12,5,0,0,3,0,0,0,0,0,0,0,0,0,0,0,0,1.0,1.0,1.0,0.0,0.0,0.0,2,0,0
4722,38,18,20,10,13,4,11,5,0,0,3,0,0,0,0,0,0,0,0,0,0,0,0,1.0,0.8571428571428572,1.0,0.0,0.0,0.0,2,0,1
4723,38,18,20,10,13,4,11,5,0,0,3,0,0,0,0,0,0,0,0,0,0,0,0,1.0,1.0,1.0,0.0,0.0,0.0,2,0,0
4724,38,18,20,10,13,4,11,5,0,0,3,0,0,0,0,0,0,0,0,0,0,0,0,1.0,1.0,1.0,0.0,0.0,0.0,2,0,0
4725,38,18,20,10,13,4,11,5,0,0,3,0,0,0,0,0,0,0,0,0,0,0,0,1.0,1.0,1.0,0.0,0.0,0.0,2,0,0
4726,38,18,20,6,17,4,11,5,0,0,3,0,0,0,0,0,0,0,0,0,0,0,0,1.0,1.0,1.0,0.0,0.0,0.0,2,0,0
4727,38,18,20,6,17,4,11,5,0,0,3,0,0,0,0,0,0,0,0,0,0,0,0,1.0,1.0,1.0,0.0,0.0,0.0,2,0,0
4728,37,17,20,6,17,3,11,5,0,0,2,0,0,0,0,0,0,0,0,0,0,0,0,1.0,1.0,1.0,0.0,0.0,0.0,2,0,1
4729,37,17,20,6,17,3,11,5,0,0,2,0,0,0,0,0,0,0,0,0,0,0,0,1.0,1.0,1.0,0.0,0.0,0.0,2,0,0
4730,37,17,20,6,17,3,11,5,0,0,2,0,0,0,0,0,0,0,0,0,0,0,0,1.0,1.0,1.0,0.0,0.0,0.0,2,0,0
4731,37,17,20,6,17,3,11,5,0,0,2,0,0,0,0,0,0,0,0,0,0,0,0,1.0,1.0,1.0,0.0,0.0,0.0,2,0,0
4732,37,17,20,6,17,3,11,5,0,0,2,0,0,0,0,0,0,0,0,0,0,0,0,1.0,1.0,1.0,0.0,0.0,0.0,2,0,0
4733,37,17,20,6,17,3,11,5,0,0,2,0,0,0,0,0,0,0,0,0,0,0,0,1.0,1.0,1.0,0.0,0.0,0.0,2,0,0
4734,37,17,20,6,17,3,11,5,0,0,2,0,0,0,0,0,0,0,0,0,0,0,0,1.0,1.0,1.0,0.0,0.0,0.0,2,0,0
4735,37,17,20,6,17,3,11,5,0,0,2,0,0,0,0,0,0,0,0,0,0,0,0,1.0,1.0,1.0,0.0,0.0,0.0,2,0,0
4736,37,17,20,6,17,3,11,5,0,0,2,0,0,0,0,0,0,0,0,0,0,0,0,1.0,1.0,1.0,0.0,0.0,0.0,2,0,0
4737,36,16,20,6,16,3,11,5,0,0,2,0,0,0,0,0,0,0,0,0,1,0,1,0.9565217391304348,1.0,1.0,0.0,0.0,0.0,2,0,1
4738,36,16,20,6,16,3,11,5,0,0,2,0,0,0,0,0,0,0,0,0,0,0,0,1.0,1.0,1.0,0.0,0.0,0.0,2,0,0
4739,36,16,20,2,20,3,11,5,0,0,2,0,0,0,0,0,0,0,0,0,0,0,0,1.0,1.0,1.0,0.0,0.0,0.0,2,0,0
4740,36,16,20,2,20,3,11,5,0,0,2,0,0,0,0,0,0,0,0,0,0,0,0,1.0,1.0,1.0,0.0,0.0,0.0,2,0,0
4741,36,16,20,2,20,3,11,5,0,0,1,0,0,0,0,0,0,0,0,0,0,0,0,1.0,1.0,1.0,0.0,0.0,0.0,2,0,0
4742,36,16,20,2,20,3,11,5,0,0,1,0,0,0,0,0,0,0,0,0,0,0,0,1.0,1.0,1.0,0.0,0.0,0.0,2,0,0
4743,36,16,20,2,20,3,11,5,0,0,1,0,0,0,0,0,0,0,0,0,0,0,0,1.0,1.0,1.0,0.0,0.0,0.0,2,0,0
4744,36,16,20,2,20,3,11,5,0,0,1,0,0,0,0,0,0,0,0,0,0,0,0,1.0,1.0,1.0,0.0,0.0,0.0,2,0,0
4745,34,15,19,0,20,3,11,5,0,0,1,0,0,1,1,0,0,0,0,0,2,0,2,0.9090909090909091,1.0,1.0,0.0,0.0,0.0,2,0,2
4746,34,15,19,0,20,3,11,5,0,0,1,0,0,0,0,0,0,0,0,0,0,0,0,1.0,1.0,1.0,0.0,0.0,0.0,2,0,0
4747,32,14,18,0,19,2,11,5,0,0,0,0,0,1,1,0,0,0,0,0,1,0,2,0.95,1.0,1.0,0.0,0.0,0.0,2,0,2
4748,29,13,16,0,17,1,11,5,0,0,0,0,0,1,1,0,0,0,0,0,2,0,3,0.8947368421052632,1.0,1.0,0.0,0.0,0.0,2,0,3
4749,28,12,16,0,16,1,11,5,0,0,0,0,0,1,0,0,0,0,0,0,1,0,1,0.9411764705882353,1.0,1.0,0.0,0.0,0.0,2,0,1
4750,28,12,16,0,16,1,11,5,0,0,0,0,0,0,0,0,0,0,0,0,0,0,0,1.0,1.0,1.0,0.0,0.0,0.0,2,0,0
4751,25,12,13,0,13,1,11,5,0,0,0,0,0,0,3,0,0,0,0,0,3,0,3,0.8125,1.0,1.0,0.0,0.0,0.0,2,0,3
4752,24,11,13,0,13,1,10,5,0,0,0,0,0,1,0,0,0,0,0,0,0,0,1,1.0,0.8333333333333334,1.0,0.0,0.0,0.0,2,0,1
4753,24,11,13,0,13,1,10,5,0,0,0,0,0,0,0,0,0,0,0,0,0,0,0,1.0,1.0,1.0,0.0,0.0,0.0,2,0,0
4754,24,11,13,0,13,1,10,5,0,0,0,0,0,0,0,0,0,0,0,0,0,0,0,1.0,1.0,1.0,0.0,0.0,0.0,2,0,0
4755,24,11,13,0,13,1,10,5,0,0,0,0,0,0,0,0,0,0,0,0,0,0,0,1.0,1.0,1.0,0.0,0.0,0.0,2,0,0
4756,24,11,13,0,13,1,10,5,0,0,0,0,0,0,0,0,0,0,0,0,0,0,0,1.0,1.0,1.0,0.0,0.0,0.0,2,0,0
4757,24,11,13,0,13,1,10,5,0,0,0,0,0,0,0,0,0,0,0,0,0,0,0,1.0,1.0,1.0,0.0,0.0,0.0,2,0,0
4758,24,11,13,0,13,1,10,5,0,0,0,0,0,0,0,0,0,0,0,0,0,0,0,1.0,1.0,1.0,0.0,0.0,0.0,2,0,0
4759,24,11,13,0,13,1,10,5,0,0,0,0,0,0,0,0,0,0,0,0,0,0,0,1.0,1.0,1.0,0.0,0.0,0.0,2,0,0
4760,24,11,13,0,13,1,10,5,0,0,0,0,0,0,0,0,0,0,0,0,0,0,0,1.0,1.0,1.0,0.0,0.0,0.0,2,0,0
4761,24,11,13,0,13,1,10,5,0,0,0,0,0,0,0,0,0,0,0,0,0,0,0,1.0,1.0,1.0,0.0,0.0,0.0,2,0,0
4762,24,11,13,0,13,1,10,5,0,0,0,0,0,0,0,0,0,0,0,0,0,0,0,1.0,1.0,1.0,0.0,0.0,0.0,2,0,0
4763,24,11,13,0,13,1,10,5,0,0,0,0,0,0,0,0,0,0,0,0,0,0,0,1.0,1.0,1.0,0.0,0.0,0.0,2,0,0
4764,24,11,13,0,13,1,10,5,0,0,0,0,0,0,0,0,0,0,0,0,0,0,0,1.0,1.0,1.0,0.0,0.0,0.0,2,0,0
4765,24,11,13,0,13,1,10,5,0,0,0,0,0,0,0,0,0,0,0,0,0,0,0,1.0,1.0,1.0,0.0,0.0,0.0,2,0,0
4766,24,11,13,0,13,1,10,5,0,0,0,0,0,0,0,0,0,0,0,0,0,0,0,1.0,1.0,1.0,0.0,0.0,0.0,2,0,0
4767,24,11,13,0,13,1,10,5,0,0,0,0,0,0,0,0,0,0,0,0,0,0,0,1.0,1.0,1.0,0.0,0.0,0.0,2,0,0
4768,24,11,13,0,13,1,10,5,0,0,0,0,0,0,0,0,0,0,0,0,0,2,0,1.0,1.0,1.0,0.0,0.0,0.0,2,0,0
4769,24,11,13,0,13,1,10,5,0,0,0,0,0,0,0,0,0,0,0,0,0,0,0,1.0,1.0,1.0,0.0,0.0,0.0,2,0,0
4770,24,11,13,0,13,1,10,5,0,0,0,0,0,0,0,0,0,0,0,0,0,0,0,1.0,1.0,1.0,0.0,0.0,0.0,2,0,0
4771,24,11,13,0,13,1,10,5,0,0,0,0,0,0,0,0,0,0,0,0,0,0,0,1.0,1.0,1.0,0.0,0.0,0.0,2,0,0
4772,24,11,13,0,11,3,10,5,0,0,0,0,0,0,0,0,0,0,0,0,0,0,0,1.0,1.0,1.0,0.0,0.0,0.0,2,0,0
4773,24,11,13,0,11,3,10,5,0,0,0,0,0,0,0,0,0,0,0,0,0,0,0,1.0,1.0,1.0,0.0,0.0,0.0,2,0,0
4774,24,11,13,0,11,3,10,5,0,0,0,0,0,0,0,0,0,0,0,0,0,0,0,1.0,1.0,1.0,0.0,0.0,0.0,2,0,0
4775,24,11,13,0,11,3,10,5,1,0,0,0,0,0,0,0,9,1,0,0,0,0,0,1.0,1.0,1.0,0.0,0.0,0.1111111111111111,2,0,0
4776,24,11,13,0,11,3,10,5,2,0,0,0,0,0,0,0,5,1,0,0,0,0,0,1.0,1.0,1.0,0.0,0.0,0.2,2,0,0
4777,24,11,13,0,11,3,10,5,3,0,0,0,0,0,0,0,4,1,0,0,0,0,0,1.0,1.0,1.0,0.0,0.0,0.25,2,0,0
4778,24,11,13,0,11,3,10,5,4,0,0,0,0,0,0,0,8,1,0,0,0,0,0,1.0,1.0,1.0,0.0,0.0,0.125,2,0,0
4779,24,11,13,0,11,3,10,5,4,0,0,0,0,0,0,0,8,0,0,0,0,0,0,1.0,1.0,1.0,0.0,0.0,0.0,2,0,0
4780,24,11,13,0,11,3,10,5,4,0,0,0,0,0,0,0,0,0,0,0,0,0,0,1.0,1.0,1.0,0.0,0.0,0.0,2,0,0
4781,24,11,13,0,11,3,10,5,4,0,0,0,0,0,0,0,0,0,0,0,0,0,0,1.0,1.0,1.0,0.0,0.0,0.0,2,0,0
4782,24,11,13,0,11,3,10,5,4,0,0,0,0,0,0,0,0,0,0,0,0,0,0,1.0,1.0,1.0,0.0,0.0,0.0,2,0,0
4783,24,11,13,0,11,3,10,5,4,0,0,0,0,0,0,0,0,0,0,0,0,0,0,1.0,1.0,1.0,0.0,0.0,0.0,2,0,0
4784,24,11,13,0,11,3,10,5,4,0,0,0,0,0,0,0,0,0,0,0,0,0,0,1.0,1.0,1.0,0.0,0.0,0.0,2,0,0
4785,24,11,13,0,11,3,10,5,4,0,0,0,0,0,0,0,0,0,0,0,0,0,0,1.0,1.0,1.0,0.0,0.0,0.0,2,0,0
4786,24,11,13,0,11,3,10,5,4,0,0,0,0,0,0,0,0,0,0,0,0,0,0,1.0,1.0,1.0,0.0,0.0,0.0,2,0,0
4787,24,11,13,0,11,3,10,5,4,0,0,0,0,0,0,0,0,0,0,0,0,0,0,1.0,1.0,1.0,0.0,0.0,0.0,2,0,0
4788,24,11,13,0,11,3,10,5,4,0,0,0,0,0,0,0,2,0,0,0,0,0,0,1.0,1.0,1.0,0.0,0.0,0.0,2,0,0
4789,24,11,13,0,11,3,10,5,4,0,0,0,0,0,0,0,5,0,0,0,0,0,0,1.0,1.0,1.0,0.0,0.0,0.0,2,0,0
4790,24,11,13,0,11,3,10,5,5,0,0,0,0,0,0,0,3,1,0,0,0,0,0,1.0,1.0,1.0,0.0,0.0,0.3333333333333333,2,0,0
4791,24,11,13,0,11,3,10,5,5,0,0,0,0,0,0,0,0,0,0,0,0,0,0,1.0,1.0,1.0,0.0,0.0,0.0,2,0,0
4792,24,11,13,0,11,3,10,5,5,0,0,0,0,0,0,0,0,0,0,0,0,0,0,1.0,1.0,1.0,0.0,0.0,0.0,2,0,0
4793,23,11,12,0,10,3,10,5,5,0,0,0,0,0,0,0,0,0,0,0,1,0,1,0.9090909090909091,1.0,1.0,0.0,0.0,0.0,2,0,1
4794,23,11,12,0,10,3,10,5,5,0,0,0,0,0,0,0,0,0,0,0,0,0,0,1.0,1.0,1.0,0.0,0.0,0.0,2,0,0
4795,23,11,12,0,10,3,10,5,5,0,0,0,0,0,0,0,0,0,0,0,0,0,0,1.0,1.0,1.0,0.0,0.0,0.0,2,0,0
4796,23,11,12,0,10,3,10,5,5,0,0,0,0,0,0,0,0,0,0,0,0,0,0,1.0,1.0,1.0,0.0,0.0,0.0,2,0,0
4797,23,11,12,0,10,2,11,5,5,0,0,0,0,0,0,0,0,0,0,0,0,0,0,1.0,1.0,1.0,0.0,0.0,0.0,2,0,0
4798,23,11,12,0,10,2,11,5,5,0,0,0,0,0,0,0,0,0,0,0,0,0,0,1.0,1.0,1.0,0.0,0.0,0.0,2,0,0
4799,23,11,12,0,10,2,11,5,5,0,0,0,0,0,0,0,0,0,0,0,0,0,0,1.0,1.0,1.0,0.0,0.0,0.0,2,0,0
4800,23,11,12,0,10,2,11,5,5,0,0,0,0,0,0,0,0,0,0,0,0,0,0,1.0,1.0,1.0,0.0,0.0,0.0,2,0,0
4801,23,11,12,0,10,2,11,5,5,0,0,0,0,0,0,0,0,0,0,0,0,0,0,1.0,1.0,1.0,0.0,0.0,0.0,2,0,0
4802,23,11,12,0,10,2,11,5,5,0,0,0,0,0,0,0,0,0,0,0,0,0,0,1.0,1.0,1.0,0.0,0.0,0.0,2,0,0
4803,23,11,12,0,10,2,11,5,5,0,0,0,0,0,0,0,0,0,0,0,0,0,0,1.0,1.0,1.0,0.0,0.0,0.0,2,0,0
4804,23,11,12,0,10,2,11,5,5,0,0,0,0,0,0,0,0,0,0,0,0,0,0,1.0,1.0,1.0,0.0,0.0,0.0,2,0,0
4805,23,11,12,0,10,2,11,5,5,0,0,0,0,0,0,0,0,0,0,0,0,0,0,1.0,1.0,1.0,0.0,0.0,0.0,2,0,0
4806,23,11,12,0,10,2,11,5,5,0,0,0,0,0,0,0,0,0,0,0,0,0,0,1.0,1.0,1.0,0.0,0.0,0.0,2,0,0
4807,23,11,12,0,10,2,11,5,5,0,0,0,0,0,0,0,0,0,0,0,0,0,0,1.0,1.0,1.0,0.0,0.0,0.0,2,0,0
4808,23,11,12,0,10,2,11,5,5,0,0,0,0,0,0,0,0,0,0,0,0,0,0,1.0,1.0,1.0,0.0,0.0,0.0,2,0,0
4809,23,11,12,0,10,2,11,5,5,0,0,0,0,0,0,0,0,0,0,0,0,0,0,1.0,1.0,1.0,0.0,0.0,0.0,2,0,0
4810,23,11,12,0,10,2,11,5,5,0,0,0,0,0,0,0,0,0,0,0,0,0,0,1.0,1.0,1.0,0.0,0.0,0.0,2,0,0
4811,23,11,12,0,10,2,11,5,5,0,0,0,0,0,0,0,0,0,0,0,0,0,0,1.0,1.0,1.0,0.0,0.0,0.0,2,0,0
4812,23,11,12,0,10,2,11,5,5,0,0,0,0,0,0,0,0,0,0,0,0,0,0,1.0,1.0,1.0,0.0,0.0,0.0,2,0,0
4813,23,11,12,0,10,2,11,5,5,0,0,0,0,0,0,0,0,0,0,0,0,0,0,1.0,1.0,1.0,0.0,0.0,0.0,2,0,0
4814,23,11,12,0,10,2,11,5,5,0,0,0,0,0,0,0,0,0,0,0,0,0,0,1.0,1.0,1.0,0.0,0.0,0.0,2,0,0
4815,23,11,12,0,10,2,11,5,5,0,0,0,0,0,0,0,0,0,0,0,0,0,0,1.0,1.0,1.0,0.0,0.0,0.0,2,0,0
4816,23,11,12,0,10,2,11,5,5,0,0,0,0,0,0,0,0,0,0,0,0,0,0,1.0,1.0,1.0,0.0,0.0,0.0,2,0,0
4817,23,11,12,0,10,2,11,5,5,0,0,0,0,0,0,0,0,0,0,0,0,0,0,1.0,1.0,1.0,0.0,0.0,0.0,2,0,0
4818,23,11,12,0,10,2,11,5,5,0,0,0,0,0,0,0,0,0,0,0,0,0,0,1.0,1.0,1.0,0.0,0.0,0.0,2,0,0
4819,23,11,12,0,10,2,11,5,5,0,0,0,0,0,0,0,0,0,0,0,0,1,0,1.0,1.0,1.0,0.0,0.0,0.0,2,0,0
4820,23,11,12,0,10,2,11,5,5,0,0,0,0,0,0,0,0,0,0,0,0,0,0,1.0,1.0,1.0,0.0,0.0,0.0,2,0,0
4821,23,11,12,0,10,2,11,5,5,0,0,0,0,0,0,0,0,0,0,0,0,0,0,1.0,1.0,1.0,0.0,0.0,0.0,2,0,0
4822,23,11,12,0,10,2,11,5,5,0,0,0,0,0,0,0,0,0,0,0,0,0,0,1.0,1.0,1.0,0.0,0.0,0.0,2,0,0
4823,23,11,12,0,9,3,11,5,5,0,0,0,0,0,0,0,0,0,0,0,0,0,0,1.0,1.0,1.0,0.0,0.0,0.0,2,0,0
4824,23,11,12,0,9,3,11,5,5,0,0,0,0,0,0,0,0,0,0,0,0,0,0,1.0,1.0,1.0,0.0,0.0,0.0,2,0,0
4825,23,11,12,0,9,3,11,5,5,0,0,0,0,0,0,0,0,0,0,0,0,0,0,1.0,1.0,1.0,0.0,0.0,0.0,2,0,0
4826,23,11,12,0,9,3,11,5,5,0,0,0,0,0,0,0,0,0,0,0,0,0,0,1.0,1.0,1.0,0.0,0.0,0.0,2,0,0
4827,23,11,12,0,9,3,11,5,5,0,0,0,0,0,0,0,0,0,0,0,0,3,0,1.0,1.0,1.0,0.0,0.0,0.0,2,0,0
4828,23,11,12,0,9,3,11,5,5,0,0,0,0,0,0,0,0,0,0,0,0,0,0,1.0,1.0,1.0,0.0,0.0,0.0,2,0,0
4829,23,11,12,0,9,3,11,5,5,0,0,0,0,0,0,0,0,0,0,0,0,0,0,1.0,1.0,1.0,0.0,0.0,0.0,2,0,0
4830,23,11,12,0,9,3,11,5,5,0,0,0,0,0,0,0,0,0,0,0,0,0,0,1.0,1.0,1.0,0.0,0.0,0.0,2,0,0
4831,23,11,12,0,6,6,11,5,5,0,0,0,0,0,0,0,0,0,0,0,0,0,0,1.0,1.0,1.0,0.0,0.0,0.0,2,0,0
4832,23,11,12,0,6,6,11,5,5,0,0,0,0,0,0,0,0,0,0,0,0,0,0,1.0,1.0,1.0,0.0,0.0,0.0,2,0,0
4833,23,11,12,0,6,6,11,5,5,0,0,0,0,0,0,0,0,0,0,0,0,0,0,1.0,1.0,1.0,0.0,0.0,0.0,2,0,0
4834,23,11,12,0,6,6,11,5,5,0,0,0,0,0,0,0,0,0,0,0,0,0,0,1.0,1.0,1.0,0.0,0.0,0.0,2,0,0
4835,23,11,12,0,6,6,11,5,5,0,0,0,0,0,0,0,0,0,0,0,0,0,0,1.0,1.0,1.0,0.0,0.0,0.0,2,0,0
4836,23,11,12,0,6,6,11,5,5,0,0,0,0,0,0,0,0,0,0,0,0,0,0,1.0,1.0,1.0,0.0,0.0,0.0,2,0,0
4837,22,11,11,0,5,6,11,5,5,0,0,0,0,0,1,0,0,0,0,0,1,0,1,0.8333333333333334,1.0,1.0,0.0,0.0,0.0,2,0,1
4838,21,11,10,0,5,6,10,4,4,0,0,0,0,0,1,0,0,0,0,0,0,0,1,1.0,1.0,0.8,0.0,0.0,0.0,2,0,1
4839,21,11,10,0,5,6,10,4,4,0,0,0,0,0,0,0,0,0,0,0,0,0,0,1.0,1.0,1.0,0.0,0.0,0.0,2,0,0
4840,24,12,12,4,5,5,10,4,3,0,1,0,0,1,0,0,0,0,0,1,0,0,1,1.0,1.0,1.0,0.19047619047619047,0.19047619047619047,0.0,2,4,1
4841,25,13,12,6,5,4,10,4,2,0,2,0,0,1,1,0,0,0,0,1,1,0,2,0.8888888888888888,1.0,1.0,0.125,0.125,0.0,2,3,2
4842,28,12,16,10,5,4,9,4,1,0,3,0,0,1,0,0,0,0,0,1,0,0,1,1.0,0.8333333333333334,1.0,0.16,0.16,0.0,2,4,1
4843,26,12,14,9,5,3,9,4,1,0,3,0,0,0,2,0,0,0,0,0,1,0,2,0.9333333333333333,1.0,1.0,0.0,0.0,0.0,2,0,2
4844,26,12,14,9,5,3,9,4,1,0,3,0,0,0,0,0,0,0,0,0,0,0,0,1.0,1.0,1.0,0.0,0.0,0.0,2,0,0
4845,26,12,14,9,5,3,9,4,1,0,3,0,0,0,0,0,0,0,0,0,0,0,0,1.0,1.0,1.0,0.0,0.0,0.0,2,0,0
4846,26,12,14,9,5,3,9,4,1,0,3,0,0,0,0,0,0,0,0,0,0,0,0,1.0,1.0,1.0,0.0,0.0,0.0,2,0,0
4847,26,12,14,9,5,3,9,4,1,0,3,0,0,0,0,0,0,0,0,0,0,0,0,1.0,1.0,1.0,0.0,0.0,0.0,2,0,0
4848,26,12,14,9,5,3,9,4,1,0,3,0,0,0,0,0,0,0,0,0,0,0,0,1.0,1.0,1.0,0.0,0.0,0.0,2,0,0
4849,26,12,14,9,5,3,9,4,1,0,3,0,0,0,0,0,0,0,0,0,0,0,0,1.0,1.0,1.0,0.0,0.0,0.0,2,0,0
4850,26,12,14,9,5,3,9,4,1,0,3,0,0,0,0,0,0,0,0,0,0,0,0,1.0,1.0,1.0,0.0,0.0,0.0,2,0,0
4851,26,12,14,9,5,3,9,4,1,0,3,0,0,0,0,0,0,0,0,0,0,0,0,1.0,1.0,1.0,0.0,0.0,0.0,2,0,0
4852,26,12,14,9,5,3,9,4,1,0,3,0,0,0,0,0,0,0,0,0,0,0,0,1.0,1.0,1.0,0.0,0.0,0.0,2,0,0
4853,26,12,14,9,5,3,9,4,1,0,3,0,0,0,0,0,0,0,0,0,0,0,0,1.0,1.0,1.0,0.0,0.0,0.0,2,0,0
4854,26,12,14,9,5,3,9,4,1,0,3,0,0,0,0,0,0,0,0,0,0,0,0,1.0,1.0,1.0,0.0,0.0,0.0,2,0,0
4855,29,12,17,12,5,3,9,4,0,0,4,0,0,0,0,0,0,0,0,1,0,0,0,1.0,1.0,1.0,0.11538461538461539,0.11538461538461539,0.0,2,3,0
4856,29,12,17,12,5,3,9,4,0,0,4,0,0,0,0,0,0,0,0,0,0,0,0,1.0,1.0,1.0,0.0,0.0,0.0,2,0,0
4857,29,12,17,12,5,3,9,4,0,0,4,0,0,0,0,0,0,0,0,0,0,0,0,1.0,1.0,1.0,0.0,0.0,0.0,2,0,0
4858,29,12,17,12,5,3,9,4,0,0,4,0,0,0,0,0,0,0,0,0,0,0,0,1.0,1.0,1.0,0.0,0.0,0.0,2,0,0
4859,28,12,16,12,5,3,8,3,0,0,3,0,0,0,0,0,0,0,0,0,0,0,0,1.0,1.0,0.75,0.0,0.0,0.0,2,0,1
4860,28,12,16,12,5,3,8,3,0,0,3,0,0,0,0,0,0,0,0,0,0,0,0,1.0,1.0,1.0,0.0,0.0,0.0,2,0,0
4861,28,12,16,12,5,3,8,3,0,0,3,0,0,0,0,0,0,0,0,0,0,0,0,1.0,1.0,1.0,0.0,0.0,0.0,2,0,0
4862,28,12,16,12,5,3,8,3,0,0,3,0,0,0,0,0,0,0,0,0,0,0,0,1.0,1.0,1.0,0.0,0.0,0.0,2,0,0
4863,28,12,16,12,5,3,8,3,0,0,3,0,0,0,0,0,0,0,0,0,0,1,0,1.0,1.0,1.0,0.0,0.0,0.0,2,0,0
4864,28,12,16,12,5,3,8,3,0,0,3,0,0,0,0,0,0,0,0,0,0,0,0,1.0,1.0,1.0,0.0,0.0,0.0,2,0,0
4865,28,12,16,12,5,3,8,3,0,0,3,0,0,0,0,0,0,0,0,0,0,0,0,1.0,1.0,1.0,0.0,0.0,0.0,2,0,0
4866,28,12,16,12,5,3,8,3,0,0,3,0,0,0,0,0,0,0,0,0,0,0,0,1.0,1.0,1.0,0.0,0.0,0.0,2,0,0
4867,27,12,15,12,4,3,8,3,0,0,3,0,0,0,0,0,0,0,0,0,0,0,0,1.0,1.0,1.0,0.0,0.0,0.0,2,0,1
4868,26,11,15,12,4,2,8,3,0,0,3,0,0,0,0,0,0,0,0,0,0,0,0,1.0,1.0,1.0,0.0,0.0,0.0,2,0,1
4869,26,11,15,12,4,2,8,3,0,0,3,0,0,0,0,0,0,0,0,0,0,0,0,1.0,1.0,1.0,0.0,0.0,0.0,2,0,0
4870,26,11,15,12,4,2,8,3,0,0,3,0,0,0,0,0,0,0,0,0,0,0,0,1.0,1.0,1.0,0.0,0.0,0.0,2,0,0
4871,26,11,15,12,4,2,8,3,0,0,3,0,0,0,0,0,0,0,0,0,0,0,0,1.0,1.0,1.0,0.0,0.0,0.0,2,0,0
4872,26,11,15,12,4,2,8,3,0,0,3,0,0,0,0,0,0,0,0,0,0,0,0,1.0,1.0,1.0,0.0,0.0,0.0,2,0,0
4873,26,11,15,12,4,2,8,3,0,0,3,0,0,0,0,0,0,0,0,0,0,0,0,1.0,1.0,1.0,0.0,0.0,0.0,2,0,0
4874,26,11,15,12,4,2,8,3,0,0,3,0,0,0,0,0,0,0,0,0,0,0,0,1.0,1.0,1.0,0.0,0.0,0.0,2,0,0
4875,26,11,15,12,4,2,8,3,0,0,3,0,0,0,0,0,0,0,0,0,0,0,0,1.0,1.0,1.0,0.0,0.0,0.0,2,0,0
4876,26,11,15,12,4,2,8,3,0,0,3,0,0,0,0,0,0,0,0,0,0,2,0,1.0,1.0,1.0,0.0,0.0,0.0,2,0,0
4877,26,11,15,12,4,2,8,3,0,0,3,0,0,0,0,0,0,0,0,0,0,0,0,1.0,1.0,1.0,0.0,0.0,0.0,2,0,0
4878,26,11,15,12,4,2,8,3,0,0,3,0,0,0,0,0,0,0,0,0,0,0,0,1.0,1.0,1.0,0.0,0.0,0.0,2,0,0
4879,26,11,15,12,4,2,8,3,0,0,3,0,0,0,0,0,0,0,0,0,0,0,0,1.0,1.0,1.0,0.0,0.0,0.0,2,0,0
4880,26,11,15,12,2,4,8,3,0,0,3,0,0,0,0,0,0,0,0,0,0,0,0,1.0,1.0,1.0,0.0,0.0,0.0,2,0,0
4881,26,11,15,12,2,4,8,3,0,0,3,0,0,0,0,0,0,0,0,0,0,0,0,1.0,1.0,1.0,0.0,0.0,0.0,2,0,0
4882,26,11,15,12,2,4,8,3,0,0,3,0,0,0,0,0,0,0,0,0,0,2,0,1.0,1.0,1.0,0.0,0.0,0.0,2,0,0
4883,26,11,15,9,5,4,8,3,0,0,3,0,0,0,0,0,0,0,0,0,0,0,0,1.0,1.0,1.0,0.0,0.0,0.0,2,0,0
4884,26,11,15,6,8,3,9,4,0,0,3,0,0,0,0,0,0,0,0,0,0,0,0,1.0,1.0,1.0,0.0,0.0,0.0,2,0,0
4885,26,11,15,3,11,3,9,4,0,0,2,0,0,0,0,0,0,0,0,0,0,0,0,1.0,1.0,1.0,0.0,0.0,0.0,2,0,0
4886,26,11,15,3,9,5,9,4,1,0,2,0,0,0,0,0,2,1,0,0,0,0,0,1.0,1.0,1.0,0.0,0.0,0.5,2,0,0
4887,26,11,15,3,9,5,9,4,1,0,1,0,0,0,0,0,0,0,0,0,0,0,0,1.0,1.0,1.0,0.0,0.0,0.0,2,0,0
4888,26,11,15,3,9,5,9,4,1,0,1,0,0,0,0,0,1,0,0,0,0,0,0,1.0,1.0,1.0,0.0,0.0,0.0,2,0,0
4889,26,11,15,3,9,5,9,4,2,0,1,0,0,0,0,0,3,1,0,0,0,0,0,1.0,1.0,1.0,0.0,0.0,0.3333333333333333,2,0,0
4890,26,11,15,3,9,5,9,4,2,0,1,0,0,0,0,0,0,0,0,0,0,0,0,1.0,1.0,1.0,0.0,0.0,0.0,2,0,0
4891,26,11,15,3,9,5,9,4,2,0,1,0,0,0,0,0,0,0,0,0,0,0,0,1.0,1.0,1.0,0.0,0.0,0.0,2,0,0
4892,26,11,15,3,9,5,9,4,3,0,1,0,0,0,0,0,6,1,0,0,0,0,0,1.0,1.0,1.0,0.0,0.0,0.16666666666666666,2,0,0
4893,26,11,15,3,9,5,9,4,3,0,1,0,0,0,0,0,0,0,0,0,0,0,0,1.0,1.0,1.0,0.0,0.0,0.0,2,0,0
4894,26,11,15,3,9,5,9,4,3,0,1,0,0,0,0,0,0,0,0,0,0,0,0,1.0,1.0,1.0,0.0,0.0,0.0,2,0,0
4895,26,11,15,3,9,5,9,4,3,0,1,0,0,0,0,0,0,0,0,0,0,0,0,1.0,1.0,1.0,0.0,0.0,0.0,2,0,0
4896,26,11,15,3,9,5,9,4,3,0,1,0,0,0,0,0,0,0,0,0,0,0,0,1.0,1.0,1.0,0.0,0.0,0.0,2,0,0
4897,26,11,15,3,9,5,9,4,3,0,1,0,0,0,0,0,0,0,0,0,0,0,0,1.0,1.0,1.0,0.0,0.0,0.0,2,0,0
4898,26,11,15,0,12,5,9,4,3,0,1,0,0,0,0,0,0,0,0,0,0,0,0,1.0,1.0,1.0,0.0,0.0,0.0,2,0,0
4899,26,11,15,0,12,5,9,4,3,0,1,0,0,0,0,0,0,0,0,0,0,0,0,1.0,1.0,1.0,0.0,0.0,0.0,2,0,0
4900,26,11,15,0,12,5,9,4,3,0,0,0,0,0,0,0,0,0,0,0,0,0,0,1.0,1.0,1.0,0.0,0.0,0.0,2,0,0
4901,26,11,15,0,12,5,9,4,4,0,0,0,0,0,0,0,7,1,0,0,0,0,0,1.0,1.0,1.0,0.0,0.0,0.14285714285714285,2,0,0
4902,26,11,15,0,12,5,9,4,4,0,0,0,0,0,0,0,0,0,0,0,0,0,0,1.0,1.0,1.0,0.0,0.0,0.0,2,0,0
4903,26,11,15,0,12,5,9,4,4,0,0,0,0,0,0,0,0,0,0,0,0,0,0,1.0,1.0,1.0,0.0,0.0,0.0,2,0,0
4904,26,11,15,0,12,5,9,4,4,0,0,0,0,0,0,0,0,0,0,0,0,0,0,1.0,1.0,1.0,0.0,0.0,0.0,2,0,0
4905,26,11,15,0,12,5,9,4,4,0,0,0,0,0,0,0,0,0,0,0,0,0,0,1.0,1.0,1.0,0.0,0.0,0.0,2,0,0
4906,26,11,15,0,12,5,9,4,4,0,0,0,0,0,0,0,0,0,0,0,0,0,0,1.0,1.0,1.0,0.0,0.0,0.0,2,0,0
4907,26,11,15,0,12,5,9,4,4,0,0,0,0,0,0,0,0,0,0,0,0,0,0,1.0,1.0,1.0,0.0,0.0,0.0,2,0,0
4908,26,11,15,0,12,5,9,4,4,0,0,0,0,0,0,0,0,0,0,0,0,0,0,1.0,1.0,1.0,0.0,0.0,0.0,2,0,0
4909,26,11,15,0,12,5,9,4,4,0,0,0,0,0,0,0,0,0,0,0,0,0,0,1.0,1.0,1.0,0.0,0.0,0.0,2,0,0
4910,26,11,15,0,12,5,9,4,4,0,0,0,0,0,0,0,0,0,0,0,0,0,0,1.0,1.0,1.0,0.0,0.0,0.0,2,0,0
4911,26,11,15,0,12,5,9,4,4,0,0,0,0,0,0,0,0,0,0,0,0,0,0,1.0,1.0,1.0,0.0,0.0,0.0,2,0,0
4912,26,11,15,0,12,5,9,4,4,0,0,0,0,0,0,0,0,0,0,0,0,0,0,1.0,1.0,1.0,0.0,0.0,0.0,2,0,0
4913,26,11,15,0,12,5,9,4,4,0,0,0,0,0,0,0,0,0,0,0,0,0,0,1.0,1.0,1.0,0.0,0.0,0.0,2,0,0
4914,26,11,15,0,12,5,9,4,4,0,0,0,0,0,0,0,0,0,0,0,0,0,0,1.0,1.0,1.0,0.0,0.0,0.0,2,0,0
4915,26,11,15,0,12,5,9,4,4,0,0,0,0,0,0,0,0,0,0,0,0,0,0,1.0,1.0,1.0,0.0,0.0,0.0,2,0,0
4916,26,11,15,0,12,5,9,4,4,0,0,0,0,0,0,0,0,0,0,0,0,0,0,1.0,1.0,1.0,0.0,0.0,0.0,2,0,0
4917,26,11,15,0,12,5,9,4,4,0,0,0,0,0,0,0,0,0,0,0,0,0,0,1.0,1.0,1.0,0.0,0.0,0.0,2,0,0
4918,26,11,15,0,12,5,9,4,4,0,0,0,0,0,0,0,0,0,0,0,0,0,0,1.0,1.0,1.0,0.0,0.0,0.0,2,0,0
4919,26,11,15,0,12,5,9,4,4,0,0,0,0,0,0,0,0,0,0,0,0,0,0,1.0,1.0,1.0,0.0,0.0,0.0,2,0,0
4920,26,11,15,0,12,5,9,4,4,0,0,0,0,0,0,0,0,0,0,0,0,0,0,1.0,1.0,1.0,0.0,0.0,0.0,2,0,0
4921,26,11,15,0,12,5,9,4,4,0,0,0,0,0,0,0,0,0,0,0,0,0,0,1.0,1.0,1.0,0.0,0.0,0.0,2,0,0
4922,26,11,15,0,12,5,9,4,4,0,0,0,0,0,0,0,0,0,0,0,0,0,0,1.0,1.0,1.0,0.0,0.0,0.0,2,0,0
4923,26,11,15,0,12,5,9,4,4,0,0,0,0,0,0,0,0,0,0,0,0,0,0,1.0,1.0,1.0,0.0,0.0,0.0,2,0,0
4924,26,11,15,0,12,5,9,4,4,0,0,0,0,0,0,0,0,0,0,0,0,0,0,1.0,1.0,1.0,0.0,0.0,0.0,2,0,0
4925,26,11,15,0,12,5,9,4,4,0,0,0,0,0,0,0,0,0,0,0,0,0,0,1.0,1.0,1.0,0.0,0.0,0.0,2,0,0
4926,26,11,15,0,12,5,9,4,4,0,0,0,0,0,0,0,0,0,0,0,0,0,0,1.0,1.0,1.0,0.0,0.0,0.0,2,0,0
4927,26,11,15,0,12,5,9,4,4,0,0,0,0,0,0,0,0,0,0,0,0,0,0,1.0,1.0,1.0,0.0,0.0,0.0,2,0,0
4928,25,10,15,0,11,5,9,4,4,0,0,0,0,1,0,0,0,0,0,0,1,0,1,0.9166666666666666,1.0,1.0,0.0,0.0,0.0,2,0,1
4929,24,10,14,0,10,5,9,4,4,0,0,0,0,0,0,0,0,0,0,0,1,0,1,0.9090909090909091,1.0,1.0,0.0,0.0,0.0,2,0,1
4930,23,10,13,0,9,5,9,4,4,0,0,0,0,0,1,0,0,0,0,0,1,0,1,0.9,1.0,1.0,0.0,0.0,0.0,2,0,1
4931,21,10,11,0,8,4,9,4,4,0,0,0,0,0,2,0,0,0,0,0,1,0,2,0.8888888888888888,1.0,1.0,0.0,0.0,0.0,2,0,2
4932,19,9,10,0,7,4,8,3,3,0,0,0,0,1,1,0,0,0,0,0,1,0,2,0.875,1.0,0.75,0.0,0.0,0.0,2,0,2
4933,19,9,10,0,7,4,8,3,3,0,0,0,0,0,0,0,0,0,0,0,0,0,0,1.0,1.0,1.0,0.0,0.0,0.0,2,0,0
4934,18,8,10,0,7,4,7,3,3,0,0,0,0,1,0,0,0,0,0,0,0,0,1,1.0,0.8,1.0,0.0,0.0,0.0,2,0,1
4935,18,8,10,0,7,4,7,3,3,0,0,0,0,0,0,0,0,0,0,0,0,0,0,1.0,1.0,1.0,0.0,0.0,0.0,2,0,0
4936,18,8,10,0,7,4,7,3,3,0,0,0,0,0,0,0,0,0,0,0,0,0,0,1.0,1.0,1.0,0.0,0.0,0.0,2,0,0
4937,18,8,10,0,7,4,7,3,3,0,0,0,0,0,0,0,0,0,0,0,0,0,0,1.0,1.0,1.0,0.0,0.0,0.0,2,0,0
4938,18,8,10,0,7,4,7,3,3,0,0,0,0,0,0,0,0,0,0,0,0,0,0,1.0,1.0,1.0,0.0,0.0,0.0,2,0,0
4939,18,8,10,0,7,4,7,3,3,0,0,0,0,0,0,0,0,0,0,0,0,0,0,1.0,1.0,1.0,0.0,0.0,0.0,2,0,0
4940,18,8,10,0,7,4,7,3,3,0,0,0,0,0,0,0,0,0,0,0,0,0,0,1.0,1.0,1.0,0.0,0.0,0.0,2,0,0
4941,18,8,10,0,7,4,7,3,3,0,0,0,0,0,0,0,0,0,0,0,0,0,0,1.0,1.0,1.0,0.0,0.0,0.0,2,0,0
4942,18,8,10,0,7,4,7,3,3,0,0,0,0,0,0,0,0,0,0,0,0,0,0,1.0,1.0,1.0,0.0,0.0,0.0,2,0,0
4943,18,8,10,0,7,4,7,3,3,0,0,0,0,0,0,0,0,0,0,0,0,0,0,1.0,1.0,1.0,0.0,0.0,0.0,2,0,0
4944,18,8,10,0,7,4,7,3,3,0,0,0,0,0,0,0,0,0,0,0,0,0,0,1.0,1.0,1.0,0.0,0.0,0.0,2,0,0
4945,18,8,10,0,7,4,7,3,3,0,0,0,0,0,0,0,0,0,0,0,0,0,0,1.0,1.0,1.0,0.0,0.0,0.0,2,0,0
4946,18,8,10,0,7,4,7,3,3,0,0,0,0,0,0,0,0,0,0,0,0,0,0,1.0,1.0,1.0,0.0,0.0,0.0,2,0,0
4947,18,8,10,0,7,4,7,3,3,0,0,0,0,0,0,0,0,0,0,0,0,0,0,1.0,1.0,1.0,0.0,0.0,0.0,2,0,0
4948,18,8,10,0,7,4,7,3,3,0,0,0,0,0,0,0,0,0,0,0,0,0,0,1.0,1.0,1.0,0.0,0.0,0.0,2,0,0
4949,18,8,10,0,7,4,7,3,3,0,0,0,0,0,0,0,0,0,0,0,0,0,0,1.0,1.0,1.0,0.0,0.0,0.0,2,0,0
4950,18,8,10,0,7,4,7,3,3,0,0,0,0,0,0,0,0,0,0,0,0,0,0,1.0,1.0,1.0,0.0,0.0,0.0,2,0,0
4951,22,10,12,4,7,4,7,3,2,0,1,0,0,0,0,0,0,0,0,1,0,0,0,1.0,1.0,1.0,0.2222222222222222,0.2222222222222222,0.0,2,4,0
4952,22,10,12,4,7,4,7,3,2,0,1,0,0,0,0,0,0,0,0,0,0,0,0,1.0,1.0,1.0,0.0,0.0,0.0,2,0,0
4953,22,10,12,4,7,4,7,3,2,0,1,0,0,0,0,0,0,0,0,0,0,0,0,1.0,1.0,1.0,0.0,0.0,0.0,2,0,0
4954,22,10,12,4,7,4,7,3,2,0,1,0,0,0,0,0,0,0,0,0,0,0,0,1.0,1.0,1.0,0.0,0.0,0.0,2,0,0
4955,22,10,12,4,7,4,7,3,2,0,1,0,0,0,0,0,0,0,0,0,0,0,0,1.0,1.0,1.0,0.0,0.0,0.0,2,0,0
4956,22,10,12,4,7,4,7,3,2,0,1,0,0,0,0,0,0,0,0,0,0,0,0,1.0,1.0,1.0,0.0,0.0,0.0,2,0,0
4957,25,13,12,7,7,4,7,3,1,0,2,0,0,0,0,0,0,0,0,1,0,0,0,1.0,1.0,1.0,0.13636363636363635,0.13636363636363635,0.0,2,3,0
4958,25,13,12,7,7,4,7,3,1,0,2,0,0,0,0,0,0,0,0,0,0,0,0,1.0,1.0,1.0,0.0,0.0,0.0,2,0,0
4959,25,13,12,7,7,4,7,3,1,0,2,0,0,0,0,0,0,0,0,0,0,0,0,1.0,1.0,1.0,0.0,0.0,0.0,2,0,0
4960,25,13,12,7,7,4,7,3,1,0,2,0,0,0,0,0,0,0,0,0,0,0,0,1.0,1.0,1.0,0.0,0.0,0.0,2,0,0
4961,25,13,12,7,7,4,7,3,1,0,2,0,0,0,0,0,0,0,0,0,0,0,0,1.0,1.0,1.0,0.0,0.0,0.0,2,0,0
4962,25,13,12,7,7,4,7,3,1,0,2,0,0,0,0,0,0,0,0,0,0,0,0,1.0,1.0,1.0,0.0,0.0,0.0,2,0,0
4963,24,13,11,7,7,4,6,2,0,0,2,0,0,0,0,0,0,0,0,0,0,0,0,1.0,1.0,0.6666666666666667,0.0,0.0,0.0,2,0,1
4964,23,13,10,7,7,4,5,1,0,0,1,0,0,0,0,0,0,0,0,0,0,0,0,1.0,1.0,0.5,0.0,0.0,0.0,2,0,1
4965,23,13,10,7,7,4,5,1,0,0,1,0,0,0,0,0,0,0,0,0,0,0,0,1.0,1.0,1.0,0.0,0.0,0.0,2,0,0
4966,23,13,10,7,7,4,5,1,0,0,1,0,0,0,0,0,0,0,0,0,0,0,0,1.0,1.0,1.0,0.0,0.0,0.0,2,0,0
4967,23,13,10,7,7,4,5,1,0,0,1,0,0,0,0,0,0,0,0,0,0,0,0,1.0,1.0,1.0,0.0,0.0,0.0,2,0,0
4968,23,13,10,7,7,4,5,1,0,0,1,0,0,0,0,0,0,0,0,0,0,0,0,1.0,1.0,1.0,0.0,0.0,0.0,2,0,0
4969,23,13,10,7,7,4,5,1,0,0,1,0,0,0,0,0,0,0,0,0,0,0,0,1.0,1.0,1.0,0.0,0.0,0.0,2,0,0
4970,23,13,10,7,7,4,5,1,0,0,1,0,0,0,0,0,0,0,0,0,0,0,0,1.0,1.0,1.0,0.0,0.0,0.0,2,0,0
4971,23,13,10,7,7,4,5,1,0,0,1,0,0,0,0,0,0,0,0,0,0,0,0,1.0,1.0,1.0,0.0,0.0,0.0,2,0,0
4972,22,12,10,6,7,4,5,1,0,0,1,0,0,0,0,0,0,0,0,0,1,0,1,0.9285714285714286,1.0,1.0,0.0,0.0,0.0,2,0,1
4973,22,12,10,6,7,4,5,1,0,0,1,0,0,0,0,0,0,0,0,0,0,0,0,1.0,1.0,1.0,0.0,0.0,0.0,2,0,0
4974,22,12,10,6,7,4,5,1,0,0,1,0,0,0,0,0,0,0,0,0,0,0,0,1.0,1.0,1.0,0.0,0.0,0.0,2,0,0
4975,22,12,10,6,7,4,5,1,0,0,1,0,0,0,0,0,0,0,0,0,0,0,0,1.0,1.0,1.0,0.0,0.0,0.0,2,0,0
4976,22,12,10,6,7,4,5,1,0,0,1,0,0,0,0,0,0,0,0,0,0,0,0,1.0,1.0,1.0,0.0,0.0,0.0,2,0,0
4977,22,12,10,6,7,4,5,1,0,0,1,0,0,0,0,0,0,0,0,0,0,0,0,1.0,1.0,1.0,0.0,0.0,0.0,2,0,0
4978,22,12,10,6,7,4,5,1,0,0,1,0,0,0,0,0,0,0,0,0,0,0,0,1.0,1.0,1.0,0.0,0.0,0.0,2,0,0
4979,22,12,10,6,7,4,5,1,0,0,1,0,0,0,0,0,0,0,0,0,0,0,0,1.0,1.0,1.0,0.0,0.0,0.0,2,0,0
4980,22,12,10,6,7,4,5,1,0,0,1,0,0,0,0,0,0,0,0,0,0,0,0,1.0,1.0,1.0,0.0,0.0,0.0,2,0,0
4981,22,12,10,6,7,4,5,1,0,0,1,0,0,0,0,0,0,0,0,0,0,0,0,1.0,1.0,1.0,0.0,0.0,0.0,2,0,0
4982,22,12,10,6,7,4,5,1,0,0,1,0,0,0,0,0,0,0,0,0,0,0,0,1.0,1.0,1.0,0.0,0.0,0.0,2,0,0
4983,21,11,10,6,7,4,4,1,0,0,1,0,0,0,0,0,0,0,0,0,0,0,0,1.0,0.75,1.0,0.0,0.0,0.0,2,0,1
4984,21,11,10,6,7,4,4,1,0,0,1,0,0,0,0,0,0,0,0,0,0,0,0,1.0,1.0,1.0,0.0,0.0,0.0,2,0,0
4985,21,11,10,6,7,4,4,1,0,0,1,0,0,0,0,0,0,0,0,0,0,0,0,1.0,1.0,1.0,0.0,0.0,0.0,2,0,0
4986,21,11,10,6,7,4,4,1,0,0,1,0,0,0,0,0,0,0,0,0,0,0,0,1.0,1.0,1.0,0.0,0.0,0.0,2,0,0
4987,21,11,10,6,7,4,4,1,0,0,1,0,0,0,0,0,0,0,0,0,0,0,0,1.0,1.0,1.0,0.0,0.0,0.0,2,0,0
4988,21,11,10,6,7,4,4,1,0,0,1,0,0,0,0,0,0,0,0,0,0,0,0,1.0,1.0,1.0,0.0,0.0,0.0,2,0,0
4989,21,11,10,6,7,4,4,1,0,0,1,0,0,0,0,0,0,0,0,0,0,0,0,1.0,1.0,1.0,0.0,0.0,0.0,2,0,0
4990,21,11,10,6,7,4,4,1,0,0,1,0,0,0,0,0,0,0,0,0,0,0,0,1.0,1.0,1.0,0.0,0.0,0.0,2,0,0
4991,21,11,10,6,7,4,4,1,0,0,1,0,0,0,0,0,0,0,0,0,0,0,0,1.0,1.0,1.0,0.0,0.0,0.0,2,0,0
4992,21,11,10,6,7,4,4,1,0,0,1,0,0,0,0,0,0,0,0,0,0,0,0,1.0,1.0,1.0,0.0,0.0,0.0,2,0,0
4993,21,11,10,6,7,4,4,1,0,0,1,0,0,0,0,0,0,0,0,0,0,0,0,1.0,1.0,1.0,0.0,0.0,0.0,2,0,0
4994,21,11,10,2,11,4,4,1,0,0,1,0,0,0,0,0,0,0,0,0,0,0,0,1.0,1.0,1.0,0.0,0.0,0.0,2,0,0
4995,21,11,10,2,11,4,4,1,0,0,1,0,0,0,0,0,0,0,0,0,0,0,0,1.0,1.0,1.0,0.0,0.0,0.0,2,0,0
4996,21,11,10,2,11,4,4,1,0,0,0,0,0,0,0,0,0,0,0,0,0,0,0,1.0,1.0,1.0,0.0,0.0,0.0,2,0,0
4997,21,11,10,2,11,4,4,1,1,0,0,0,0,0,0,0,1,1,0,0,0,0,0,1.0,1.0,1.0,0.0,0.0,1.0,2,0,0
4998,21,11,10,2,11,4,4,1,1,0,0,0,0,0,0,0,0,0,0,0,0,0,0,1.0,1.0,1.0,0.0,0.0,0.0,2,0,0
4999,21,11,10,2,11,4,4,1,1,0,0,0,0,0,0,0,0,0,0,0,0,0,0,1.0,1.0,1.0,0.0,0.0,0.0,2,0,0
5000,21,11,10,0,13,4,4,1,1,0,0,0,0,0,0,0,0,0,0,0,0,0,0,1.0,1.0,1.0,0.0,0.0,0.0,2,0,0
5001,21,11,10,0,13,4,4,1,1,0,0,0,0,0,0,0,0,0,0,0,0,0,0,1.0,1.0,1.0,0.0,0.0,0.0,2,0,0
5002,21,11,10,0,13,3,5,1,1,0,0,0,0,0,0,0,0,0,0,0,0,0,0,1.0,1.0,1.0,0.0,0.0,0.0,2,0,0
5003,21,11,10,0,13,3,5,1,1,0,0,0,0,0,0,0,0,0,0,0,0,0,0,1.0,1.0,1.0,0.0,0.0,0.0,2,0,0
5004,21,11,10,0,13,3,5,1,1,0,0,0,0,0,0,0,0,0,0,0,0,0,0,1.0,1.0,1.0,0.0,0.0,0.0,2,0,0
5005,21,11,10,0,13,3,5,1,1,0,0,0,0,0,0,0,0,0,0,0,0,0,0,1.0,1.0,1.0,0.0,0.0,0.0,2,0,0
5006,21,11,10,0,13,3,5,1,1,0,0,0,0,0,0,0,0,0,0,0,0,0,0,1.0,1.0,1.0,0.0,0.0,0.0,2,0,0
5007,20,10,10,0,12,3,5,1,1,0,0,0,0,0,0,0,0,0,0,0,1,0,1,0.9230769230769231,1.0,1.0,0.0,0.0,0.0,2,0,1
5008,20,10,10,0,12,3,5,1,1,0,0,0,0,0,0,0,0,0,0,0,0,0,0,1.0,1.0,1.0,0.0,0.0,0.0,2,0,0
5009,20,10,10,0,12,3,5,1,1,0,0,0,0,0,0,0,0,0,0,0,0,0,0,1.0,1.0,1.0,0.0,0.0,0.0,2,0,0
5010,20,10,10,0,12,3,5,1,1,0,0,0,0,0,0,0,0,0,0,0,0,0,0,1.0,1.0,1.0,0.0,0.0,0.0,2,0,0
5011,20,10,10,0,12,3,5,1,1,0,0,0,0,0,0,0,0,0,0,0,0,0,0,1.0,1.0,1.0,0.0,0.0,0.0,2,0,0
5012,19,10,9,0,11,3,5,1,1,0,0,0,0,0,0,0,0,0,0,0,1,0,1,0.9166666666666666,1.0,1.0,0.0,0.0,0.0,2,0,1
5013,19,10,9,0,11,3,5,1,1,0,0,0,0,0,0,0,0,0,0,0,0,0,0,1.0,1.0,1.0,0.0,0.0,0.0,2,0,0
5014,19,10,9,0,11,3,5,1,1,0,0,0,0,0,0,0,0,0,0,0,0,0,0,1.0,1.0,1.0,0.0,0.0,0.0,2,0,0
5015,19,10,9,0,11,3,5,1,1,0,0,0,0,0,0,0,0,0,0,0,0,0,0,1.0,1.0,1.0,0.0,0.0,0.0,2,0,0
5016,19,10,9,0,11,3,5,1,1,0,0,0,0,0,0,0,0,0,0,0,0,0,0,1.0,1.0,1.0,0.0,0.0,0.0,2,0,0
5017,19,10,9,0,11,3,5,1,1,0,0,0,0,0,0,0,0,0,0,0,0,0,0,1.0,1.0,1.0,0.0,0.0,0.0,2,0,0
5018,19,10,9,0,11,3,5,1,1,0,0,0,0,0,0,0,0,0,0,0,0,0,0,1.0,1.0,1.0,0.0,0.0,0.0,2,0,0
5019,19,10,9,0,11,3,5,1,1,0,0,0,0,0,0,0,0,0,0,0,0,0,0,1.0,1.0,1.0,0.0,0.0,0.0,2,0,0
5020,18,9,9,0,11,3,4,1,1,0,0,0,0,1,0,0,0,0,0,0,0,1,1,1.0,0.75,1.0,0.0,0.0,0.0,2,0,1
5021,18,9,9,0,11,2,5,1,1,0,0,0,0,0,0,0,0,0,0,0,0,2,0,1.0,1.0,1.0,0.0,0.0,0.0,2,0,0
5022,17,8,9,0,10,2,5,1,1,0,0,0,0,1,0,0,0,0,0,0,1,1,1,0.9090909090909091,1.0,1.0,0.0,0.0,0.0,2,0,1
5023,16,7,9,0,9,2,5,1,1,0,0,0,0,1,0,0,0,0,0,0,1,0,1,0.9,1.0,1.0,0.0,0.0,0.0,2,0,1
5024,15,7,8,0,7,3,5,1,1,0,0,0,0,0,1,0,0,0,0,0,1,0,1,0.875,1.0,1.0,0.0,0.0,0.0,2,0,1
5025,15,7,8,0,6,4,5,1,1,0,0,0,0,0,0,0,0,0,0,0,0,0,0,1.0,1.0,1.0,0.0,0.0,0.0,2,0,0
5026,15,7,8,0,5,5,5,1,1,0,0,0,0,0,0,0,0,0,0,0,0,0,0,1.0,1.0,1.0,0.0,0.0,0.0,2,0,0
5027,15,7,8,0,5,5,5,1,1,0,0,0,0,0,0,0,0,0,0,0,0,0,0,1.0,1.0,1.0,0.0,0.0,0.0,2,0,0
5028,15,7,8,0,5,5,5,1,1,0,0,0,0,0,0,0,0,0,0,0,0,0,0,1.0,1.0,1.0,0.0,0.0,0.0,2,0,0
5029,15,7,8,0,5,5,5,1,1,0,0,0,0,0,0,0,0,0,0,0,0,0,0,1.0,1.0,1.0,0.0,0.0,0.0,2,0,0
5030,15,7,8,0,5,5,5,1,1,0,0,0,0,0,0,0,0,0,0,0,0,0,0,1.0,1.0,1.0,0.0,0.0,0.0,2,0,0
5031,15,7,8,0,5,5,5,1,1,0,0,0,0,0,0,0,0,0,0,0,0,0,0,1.0,1.0,1.0,0.0,0.0,0.0,2,0,0
5032,15,7,8,0,5,5,5,1,1,0,0,0,0,0,0,0,0,0,0,0,0,0,0,1.0,1.0,1.0,0.0,0.0,0.0,2,0,0
5033,15,7,8,0,5,5,5,1,1,0,0,0,0,0,0,0,0,0,0,0,0,0,0,1.0,1.0,1.0,0.0,0.0,0.0,2,0,0
5034,15,7,8,0,5,5,5,1,1,0,0,0,0,0,0,0,0,0,0,0,0,0,0,1.0,1.0,1.0,0.0,0.0,0.0,2,0,0
5035,15,7,8,0,5,5,5,1,1,0,0,0,0,0,0,0,0,0,0,0,0,1,0,1.0,1.0,1.0,0.0,0.0,0.0,2,0,0
5036,15,7,8,0,5,5,5,1,1,0,0,0,0,0,0,0,0,0,0,0,0,0,0,1.0,1.0,1.0,0.0,0.0,0.0,2,0,0
5037,15,7,8,0,5,5,5,1,1,0,0,0,0,0,0,0,0,0,0,0,0,0,0,1.0,1.0,1.0,0.0,0.0,0.0,2,0,0
5038,15,7,8,0,5,5,5,1,1,0,0,0,0,0,0,0,0,0,0,0,0,0,0,1.0,1.0,1.0,0.0,0.0,0.0,2,0,0
5039,15,7,8,0,4,6,5,1,1,0,0,0,0,0,0,0,0,0,0,0,0,0,0,1.0,1.0,1.0,0.0,0.0,0.0,2,0,0
5040,15,7,8,0,4,6,5,1,1,0,0,0,0,0,0,0,0,0,0,0,0,0,0,1.0,1.0,1.0,0.0,0.0,0.0,2,0,0
5041,15,7,8,0,4,6,5,1,1,0,0,0,0,0,0,0,0,0,0,0,0,0,0,1.0,1.0,1.0,0.0,0.0,0.0,2,0,0
5042,15,7,8,0,4,6,5,1,1,0,0,0,0,0,0,0,0,0,0,0,0,0,0,1.0,1.0,1.0,0.0,0.0,0.0,2,0,0
5043,15,7,8,0,4,6,5,1,1,0,0,0,0,0,0,0,0,0,0,0,0,0,0,1.0,1.0,1.0,0.0,0.0,0.0,2,0,0
5044,15,7,8,0,4,6,5,1,1,0,0,0,0,0,0,0,0,0,0,0,0,0,0,1.0,1.0,1.0,0.0,0.0,0.0,2,0,0
5045,15,7,8,0,4,6,5,1,1,0,0,0,0,0,0,0,0,0,0,0,0,0,0,1.0,1.0,1.0,0.0,0.0,0.0,2,0,0
5046,15,7,8,0,4,6,5,1,1,0,0,0,0,0,0,0,0,0,0,0,0,0,0,1.0,1.0,1.0,0.0,0.0,0.0,2,0,0
5047,15,7,8,0,4,6,5,1,1,0,0,0,0,0,0,0,0,0,0,0,0,0,0,1.0,1.0,1.0,0.0,0.0,0.0,2,0,0
5048,15,7,8,0,4,6,5,1,1,0,0,0,0,0,0,0,0,0,0,0,0,0,0,1.0,1.0,1.0,0.0,0.0,0.0,2,0,0
5049,15,7,8,0,4,6,5,1,1,0,0,0,0,0,0,0,0,0,0,0,0,0,0,1.0,1.0,1.0,0.0,0.0,0.0,2,0,0
5050,15,7,8,0,4,6,5,1,1,0,0,0,0,0,0,0,0,0,0,0,0,0,0,1.0,1.0,1.0,0.0,0.0,0.0,2,0,0
5051,15,7,8,0,4,6,5,1,1,0,0,0,0,0,0,0,0,0,0,0,0,0,0,1.0,1.0,1.0,0.0,0.0,0.0,2,0,0
5052,15,7,8,0,4,6,5,1,1,0,0,0,0,0,0,0,0,0,0,0,0,0,0,1.0,1.0,1.0,0.0,0.0,0.0,2,0,0
5053,15,7,8,0,4,6,5,1,1,0,0,0,0,0,0,0,0,0,0,0,0,0,0,1.0,1.0,1.0,0.0,0.0,0.0,2,0,0
5054,15,7,8,0,4,6,5,1,1,0,0,0,0,0,0,0,0,0,0,0,0,0,0,1.0,1.0,1.0,0.0,0.0,0.0,2,0,0
5055,15,7,8,0,4,6,5,1,1,0,0,0,0,0,0,0,0,0,0,0,0,0,0,1.0,1.0,1.0,0.0,0.0,0.0,2,0,0
5056,15,7,8,0,4,6,5,1,1,0,0,0,0,0,0,0,0,0,0,0,0,0,0,1.0,1.0,1.0,0.0,0.0,0.0,2,0,0
5057,15,7,8,0,4,6,5,1,1,0,0,0,0,0,0,0,0,0,0,0,0,0,0,1.0,1.0,1.0,0.0,0.0,0.0,2,0,0
5058,15,7,8,0,4,6,5,1,1,0,0,0,0,0,0,0,0,0,0,0,0,0,0,1.0,1.0,1.0,0.0,0.0,0.0,2,0,0
5059,15,7,8,0,4,6,5,1,1,0,0,0,0,0,0,0,0,0,0,0,0,0,0,1.0,1.0,1.0,0.0,0.0,0.0,2,0,0
5060,15,7,8,0,4,6,5,1,1,0,0,0,0,0,0,0,0,0,0,0,0,0,0,1.0,1.0,1.0,0.0,0.0,0.0,2,0,0
5061,15,7,8,0,4,6,5,1,1,0,0,0,0,0,0,0,0,0,0,0,0,0,0,1.0,1.0,1.0,0.0,0.0,0.0,2,0,0
5062,18,7,11,3,4,6,5,1,0,0,1,0,0,0,0,0,0,0,0,1,0,0,0,1.0,1.0,1.0,0.2,0.2,0.0,2,3,0
5063,18,7,11,3,4,6,5,1,0,0,1,0,0,0,0,0,0,0,0,0,0,0,0,1.0,1.0,1.0,0.0,0.0,0.0,2,0,0
5064,18,7,11,3,4,6,5,1,0,0,1,0,0,0,0,0,0,0,0,0,0,0,0,1.0,1.0,1.0,0.0,0.0,0.0,2,0,0
5065,18,7,11,3,4,6,5,1,0,0,1,0,0,0,0,0,0,0,0,0,0,0,0,1.0,1.0,1.0,0.0,0.0,0.0,2,0,0
5066,18,7,11,3,4,6,5,1,0,0,1,0,0,0,0,0,0,0,0,0,0,0,0,1.0,1.0,1.0,0.0,0.0,0.0,2,0,0
5067,18,7,11,3,4,6,5,1,0,0,1,0,0,0,0,0,0,0,0,0,0,0,0,1.0,1.0,1.0,0.0,0.0,0.0,2,0,0
5068,18,7,11,3,4,6,5,1,0,0,1,0,0,0,0,0,0,0,0,0,0,0,0,1.0,1.0,1.0,0.0,0.0,0.0,2,0,0
5069,18,7,11,3,4,6,5,1,0,0,1,0,0,0,0,0,0,0,0,0,0,0,0,1.0,1.0,1.0,0.0,0.0,0.0,2,0,0
5070,18,7,11,3,4,6,5,1,0,0,1,0,0,0,0,0,0,0,0,0,0,0,0,1.0,1.0,1.0,0.0,0.0,0.0,2,0,0
5071,18,7,11,3,4,6,5,1,0,0,1,0,0,0,0,0,0,0,0,0,0,0,0,1.0,1.0,1.0,0.0,0.0,0.0,2,0,0
5072,18,7,11,3,4,6,5,1,0,0,1,0,0,0,0,0,0,0,0,0,0,0,0,1.0,1.0,1.0,0.0,0.0,0.0,2,0,0
5073,18,7,11,3,4,6,5,1,0,0,1,0,0,0,0,0,0,0,0,0,0,0,0,1.0,1.0,1.0,0.0,0.0,0.0,2,0,0
5074,18,7,11,3,4,6,5,1,0,0,1,0,0,0,0,0,0,0,0,0,0,0,0,1.0,1.0,1.0,0.0,0.0,0.0,2,0,0
5075,18,7,11,3,4,6,5,1,0,0,1,0,0,0,0,0,0,0,0,0,0,0,0,1.0,1.0,1.0,0.0,0.0,0.0,2,0,0
5076,18,7,11,3,4,6,5,1,0,0,1,0,0,0,0,0,0,0,0,0,0,0,0,1.0,1.0,1.0,0.0,0.0,0.0,2,0,0
5077,18,7,11,3,4,6,5,1,0,0,1,0,0,0,0,0,0,0,0,0,0,0,0,1.0,1.0,1.0,0.0,0.0,0.0,2,0,0
5078,18,7,11,3,4,5,6,2,0,0,1,0,0,0,0,0,0,0,0,0,0,0,0,1.0,1.0,1.0,0.0,0.0,0.0,2,0,0
5079,18,7,11,3,4,5,6,2,0,0,1,0,0,0,0,0,0,0,0,0,0,0,0,1.0,1.0,1.0,0.0,0.0,0.0,2,0,0
5080,18,7,11,3,4,5,6,2,0,0,1,0,0,0,0,0,0,0,0,0,0,0,0,1.0,1.0,1.0,0.0,0.0,0.0,2,0,0
5081,18,7,11,3,4,5,6,2,0,0,1,0,0,0,0,0,0,0,0,0,0,0,0,1.0,1.0,1.0,0.0,0.0,0.0,2,0,0
5082,18,7,11,3,4,5,6,2,0,0,1,0,0,0,0,0,0,0,0,0,0,0,0,1.0,1.0,1.0,0.0,0.0,0.0,2,0,0
5083,18,7,11,3,4,5,6,2,0,0,1,0,0,0,0,0,0,0,0,0,0,0,0,1.0,1.0,1.0,0.0,0.0,0.0,2,0,0
5084,18,7,11,3,4,5,6,2,0,0,1,0,0,0,0,0,0,0,0,0,0,0,0,1.0,1.0,1.0,0.0,0.0,0.0,2,0,0
5085,18,7,11,3,4,5,6,2,0,0,1,0,0,0,0,0,0,0,0,0,0,0,0,1.0,1.0,1.0,0.0,0.0,0.0,2,0,0
5086,18,7,11,3,4,5,6,2,0,0,1,0,0,0,0,0,0,0,0,0,0,0,0,1.0,1.0,1.0,0.0,0.0,0.0,2,0,0
5087,18,7,11,3,4,5,6,2,0,0,1,0,0,0,0,0,0,0,0,0,0,0,0,1.0,1.0,1.0,0.0,0.0,0.0,2,0,0
5088,18,7,11,3,4,5,6,2,0,0,1,0,0,0,0,0,0,0,0,0,0,0,0,1.0,1.0,1.0,0.0,0.0,0.0,2,0,0
5089,18,7,11,3,4,5,6,2,0,0,1,0,0,0,0,0,0,0,0,0,0,0,0,1.0,1.0,1.0,0.0,0.0,0.0,2,0,0
5090,18,7,11,3,4,4,7,3,0,0,1,0,0,0,0,0,0,0,0,0,0,0,0,1.0,1.0,1.0,0.0,0.0,0.0,2,0,0
5091,18,7,11,3,4,4,7,3,0,0,1,0,0,0,0,0,0,0,0,0,0,0,0,1.0,1.0,1.0,0.0,0.0,0.0,2,0,0
5092,18,7,11,3,4,4,7,3,0,0,1,0,0,0,0,0,0,0,0,0,0,0,0,1.0,1.0,1.0,0.0,0.0,0.0,2,0,0
5093,18,7,11,3,4,4,7,3,0,0,1,0,0,0,0,0,0,0,0,0,0,0,0,1.0,1.0,1.0,0.0,0.0,0.0,2,0,0
5094,18,7,11,3,4,4,7,3,0,0,1,0,0,0,0,0,0,0,0,0,0,0,0,1.0,1.0,1.0,0.0,0.0,0.0,2,0,0
5095,18,7,11,3,4,4,7,3,0,0,1,0,0,0,0,0,0,0,0,0,0,0,0,1.0,1.0,1.0,0.0,0.0,0.0,2,0,0
5096,18,7,11,3,4,4,7,3,0,0,1,0,0,0,0,0,0,0,0,0,0,0,0,1.0,1.0,1.0,0.0,0.0,0.0,2,0,0
5097,18,7,11,3,4,4,7,3,0,0,1,0,0,0,0,0,0,0,0,0,0,0,0,1.0,1.0,1.0,0.0,0.0,0.0,2,0,0
5098,18,7,11,3,4,4,7,3,0,0,1,0,0,0,0,0,0,0,0,0,0,0,0,1.0,1.0,1.0,0.0,0.0,0.0,2,0,0
5099,18,7,11,3,4,4,7,3,0,0,1,0,0,0,0,0,0,0,0,0,0,0,0,1.0,1.0,1.0,0.0,0.0,0.0,2,0,0
5100,18,7,11,3,4,4,7,3,0,0,1,0,0,0,0,0,0,0,0,0,0,0,0,1.0,1.0,1.0,0.0,0.0,0.0,2,0,0
5101,18,7,11,3,4,4,7,3,0,0,1,0,0,0,0,0,0,0,0,0,0,0,0,1.0,1.0,1.0,0.0,0.0,0.0,2,0,0
5102,18,7,11,3,4,4,7,3,0,0,1,0,0,0,0,0,0,0,0,0,0,0,0,1.0,1.0,1.0,0.0,0.0,0.0,2,0,0
5103,18,7,11,3,4,4,7,3,0,0,1,0,0,0,0,0,0,0,0,0,0,0,0,1.0,1.0,1.0,0.0,0.0,0.0,2,0,0
5104,18,7,11,3,4,4,7,3,0,0,1,0,0,0,0,0,0,0,0,0,0,0,0,1.0,1.0,1.0,0.0,0.0,0.0,2,0,0
5105,18,7,11,0,7,4,7,3,0,0,1,0,0,0,0,0,0,0,0,0,0,0,0,1.0,1.0,1.0,0.0,0.0,0.0,2,0,0
5106,18,7,11,0,7,4,7,3,0,0,1,0,0,0,0,0,0,0,0,0,0,0,0,1.0,1.0,1.0,0.0,0.0,0.0,2,0,0
5107,18,7,11,0,7,4,7,3,0,0,0,0,0,0,0,0,0,0,0,0,0,0,0,1.0,1.0,1.0,0.0,0.0,0.0,2,0,0
5108,18,7,11,0,7,4,7,3,0,0,0,0,0,0,0,0,0,0,0,0,0,0,0,1.0,1.0,1.0,0.0,0.0,0.0,2,0,0
5109,18,7,11,0,7,4,7,3,0,0,0,0,0,0,0,0,0,0,0,0,0,0,0,1.0,1.0,1.0,0.0,0.0,0.0,2,0,0
5110,18,7,11,0,7,4,7,3,0,0,0,0,0,0,0,0,0,0,0,0,0,0,0,1.0,1.0,1.0,0.0,0.0,0.0,2,0,0
5111,17,6,11,0,6,4,7,3,0,0,0,0,0,1,0,0,0,0,0,0,1,0,1,0.8571428571428572,1.0,1.0,0.0,0.0,0.0,2,0,1
5112,17,6,11,0,6,4,7,3,0,0,0,0,0,0,0,0,0,0,0,0,0,0,0,1.0,1.0,1.0,0.0,0.0,0.0,2,0,0
5113,16,6,10,0,5,4,7,3,0,0,0,0,0,0,1,0,0,0,0,0,1,0,1,0.8333333333333334,1.0,1.0,0.0,0.0,0.0,2,0,1
5114,16,6,10,0,5,4,7,3,0,0,0,0,0,0,0,0,0,0,0,0,0,0,0,1.0,1.0,1.0,0.0,0.0,0.0,2,0,0
5115,15,6,9,0,5,4,6,2,0,0,0,0,0,0,0,0,0,0,0,0,0,0,0,1.0,1.0,0.6666666666666667,0.0,0.0,0.0,2,0,1
5116,14,5,9,0,5,4,5,2,0,0,0,0,0,1,0,0,0,0,0,0,0,0,1,1.0,0.75,1.0,0.0,0.0,0.0,2,0,1
5117,14,5,9,0,5,4,5,2,0,0,0,0,0,0,0,0,0,0,0,0,0,0,0,1.0,1.0,1.0,0.0,0.0,0.0,2,0,0
5118,14,5,9,0,5,4,5,2,0,0,0,0,0,0,0,0,0,0,0,0,0,0,0,1.0,1.0,1.0,0.0,0.0,0.0,2,0,0
5119,14,5,9,0,5,4,5,2,0,0,0,0,0,0,0,0,0,0,0,0,0,0,0,1.0,1.0,1.0,0.0,0.0,0.0,2,0,0
5120,14,5,9,0,5,4,5,2,0,0,0,0,0,0,0,0,0,0,0,0,0,0,0,1.0,1.0,1.0,0.0,0.0,0.0,2,0,0
5121,14,5,9,0,5,4,5,2,0,0,0,0,0,0,0,0,0,0,0,0,0,0,0,1.0,1.0,1.0,0.0,0.0,0.0,2,0,0
5122,14,5,9,0,5,4,5,2,0,0,0,0,0,0,0,0,0,0,0,0,0,0,0,1.0,1.0,1.0,0.0,0.0,0.0,2,0,0
5123,14,5,9,0,5,4,5,2,0,0,0,0,0,0,0,0,0,0,0,0,0,0,0,1.0,1.0,1.0,0.0,0.0,0.0,2,0,0
5124,14,5,9,0,5,4,5,2,0,0,0,0,0,0,0,0,0,0,0,0,0,0,0,1.0,1.0,1.0,0.0,0.0,0.0,2,0,0
5125,14,5,9,0,5,4,5,2,0,0,0,0,0,0,0,0,0,0,0,0,0,0,0,1.0,1.0,1.0,0.0,0.0,0.0,2,0,0
5126,14,5,9,0,5,4,5,2,0,0,0,0,0,0,0,0,0,0,0,0,0,0,0,1.0,1.0,1.0,0.0,0.0,0.0,2,0,0
5127,14,5,9,0,5,4,5,2,0,0,0,0,0,0,0,0,0,0,0,0,0,0,0,1.0,1.0,1.0,0.0,0.0,0.0,2,0,0
5128,14,5,9,0,5,4,5,2,0,0,0,0,0,0,0,0,0,0,0,0,0,0,0,1.0,1.0,1.0,0.0,0.0,0.0,2,0,0
5129,14,5,9,0,5,4,5,2,0,0,0,0,0,0,0,0,0,0,0,0,0,0,0,1.0,1.0,1.0,0.0,0.0,0.0,2,0,0
5130,14,5,9,0,5,4,5,2,0,0,0,0,0,0,0,0,0,0,0,0,0,0,0,1.0,1.0,1.0,0.0,0.0,0.0,2,0,0
5131,14,5,9,0,5,4,5,2,0,0,0,0,0,0,0,0,0,0,0,0,0,1,0,1.0,1.0,1.0,0.0,0.0,0.0,2,0,0
5132,14,5,9,0,5,3,6,3,0,0,0,0,0,0,0,0,0,0,0,0,0,0,0,1.0,1.0,1.0,0.0,0.0,0.0,2,0,0
5133,14,5,9,0,5,3,6,3,0,0,0,0,0,0,0,0,0,0,0,0,0,0,0,1.0,1.0,1.0,0.0,0.0,0.0,2,0,0
5134,14,5,9,0,5,3,6,3,0,0,0,0,0,0,0,0,0,0,0,0,0,0,0,1.0,1.0,1.0,0.0,0.0,0.0,2,0,0
5135,14,5,9,0,4,4,6,3,0,0,0,0,0,0,0,0,0,0,0,0,0,0,0,1.0,1.0,1.0,0.0,0.0,0.0,2,0,0
5136,14,5,9,0,4,4,6,3,0,0,0,0,0,0,0,0,0,0,0,0,0,0,0,1.0,1.0,1.0,0.0,0.0,0.0,2,0,0
5137,14,5,9,0,4,4,6,3,0,0,0,0,0,0,0,0,0,0,0,0,0,1,0,1.0,1.0,1.0,0.0,0.0,0.0,2,0,0
5138,14,5,9,0,4,4,6,3,0,0,0,0,0,0,0,0,0,0,0,0,0,0,0,1.0,1.0,1.0,0.0,0.0,0.0,2,0,0
5139,14,5,9,0,4,4,6,3,0,0,0,0,0,0,0,0,0,0,0,0,0,0,0,1.0,1.0,1.0,0.0,0.0,0.0,2,0,0
5140,14,5,9,0,4,4,6,3,2,0,0,0,0,0,0,0,14,2,0,0,0,0,0,1.0,1.0,1.0,0.0,0.0,0.14285714285714285,2,0,0
5141,14,5,9,0,3,5,6,3,2,0,0,0,0,0,0,0,5,0,0,0,0,0,0,1.0,1.0,1.0,0.0,0.0,0.0,2,0,0
5142,14,5,9,0,3,5,6,3,3,0,0,0,0,0,0,0,6,1,0,0,0,0,0,1.0,1.0,1.0,0.0,0.0,0.16666666666666666,2,0,0
5143,14,5,9,0,3,5,6,3,3,0,0,0,0,0,0,0,0,0,0,0,0,0,0,1.0,1.0,1.0,0.0,0.0,0.0,2,0,0
5144,14,5,9,0,3,5,6,3,3,0,0,0,0,0,0,0,0,0,0,0,0,0,0,1.0,1.0,1.0,0.0,0.0,0.0,2,0,0
5145,14,5,9,0,3,5,6,3,3,0,0,0,0,0,0,0,0,0,0,0,0,0,0,1.0,1.0,1.0,0.0,0.0,0.0,2,0,0
5146,14,5,9,0,3,5,6,3,3,0,0,0,0,0,0,0,0,0,0,0,0,0,0,1.0,1.0,1.0,0.0,0.0,0.0,2,0,0
5147,14,5,9,0,3,5,6,3,3,0,0,0,0,0,0,0,0,0,0,0,0,0,0,1.0,1.0,1.0,0.0,0.0,0.0,2,0,0
5148,14,5,9,0,3,5,6,3,3,0,0,0,0,0,0,0,0,0,0,0,0,0,0,1.0,1.0,1.0,0.0,0.0,0.0,2,0,0
5149,14,5,9,0,3,4,7,4,3,0,0,0,0,0,0,0,0,0,0,0,0,0,0,1.0,1.0,1.0,0.0,0.0,0.0,2,0,0
5150,14,5,9,0,3,4,7,4,3,0,0,0,0,0,0,0,0,0,0,0,0,0,0,1.0,1.0,1.0,0.0,0.0,0.0,2,0,0
5151,14,5,9,0,3,4,7,4,3,0,0,0,0,0,0,0,0,0,0,0,0,0,0,1.0,1.0,1.0,0.0,0.0,0.0,2,0,0
5152,14,5,9,0,3,4,7,4,3,0,0,0,0,0,0,0,0,0,0,0,0,0,0,1.0,1.0,1.0,0.0,0.0,0.0,2,0,0
5153,14,5,9,0,3,4,7,4,4,0,0,0,0,0,0,0,2,1,0,0,0,0,0,1.0,1.0,1.0,0.0,0.0,0.5,2,0,0
5154,14,5,9,0,3,4,7,4,4,0,0,0,0,0,0,0,0,0,0,0,0,0,0,1.0,1.0,1.0,0.0,0.0,0.0,2,0,0
5155,14,5,9,0,3,4,7,4,4,0,0,0,0,0,0,0,0,0,0,0,0,0,0,1.0,1.0,1.0,0.0,0.0,0.0,2,0,0
5156,14,5,9,0,3,4,7,4,4,0,0,0,0,0,0,0,0,0,0,0,0,0,0,1.0,1.0,1.0,0.0,0.0,0.0,2,0,0
5157,14,5,9,0,3,4,7,4,4,0,0,0,0,0,0,0,0,0,0,0,0,0,0,1.0,1.0,1.0,0.0,0.0,0.0,2,0,0
5158,14,5,9,0,3,4,7,4,4,0,0,0,0,0,0,0,0,0,0,0,0,0,0,1.0,1.0,1.0,0.0,0.0,0.0,2,0,0
5159,14,5,9,0,3,4,7,4,4,0,0,0,0,0,0,0,0,0,0,0,0,0,0,1.0,1.0,1.0,0.0,0.0,0.0,2,0,0
5160,14,5,9,0,3,4,7,4,4,0,0,0,0,0,0,0,0,0,0,0,0,0,0,1.0,1.0,1.0,0.0,0.0,0.0,2,0,0
5161,14,5,9,0,3,4,7,4,4,0,0,0,0,0,0,0,0,0,0,0,0,0,0,1.0,1.0,1.0,0.0,0.0,0.0,2,0,0
5162,14,5,9,0,3,4,7,4,4,0,0,0,0,0,0,0,0,0,0,0,0,0,0,1.0,1.0,1.0,0.0,0.0,0.0,2,0,0
5163,14,5,9,0,3,4,7,4,4,0,0,0,0,0,0,0,0,0,0,0,0,0,0,1.0,1.0,1.0,0.0,0.0,0.0,2,0,0
5164,14,5,9,0,3,4,7,4,4,0,0,0,0,0,0,0,0,0,0,0,0,0,0,1.0,1.0,1.0,0.0,0.0,0.0,2,0,0
5165,14,5,9,0,3,4,7,4,4,0,0,0,0,0,0,0,0,0,0,0,0,0,0,1.0,1.0,1.0,0.0,0.0,0.0,2,0,0
5166,14,5,9,0,3,4,7,4,4,0,0,0,0,0,0,0,0,0,0,0,0,0,0,1.0,1.0,1.0,0.0,0.0,0.0,2,0,0
5167,14,5,9,0,3,3,8,5,5,0,0,0,0,0,0,0,3,1,0,0,0,0,0,1.0,1.0,1.0,0.0,0.0,0.3333333333333333,2,0,0
5168,14,5,9,0,3,3,8,5,5,0,0,0,0,0,0,0,0,0,0,0,0,0,0,1.0,1.0,1.0,0.0,0.0,0.0,2,0,0
5169,14,5,9,0,3,3,8,5,5,0,0,0,0,0,0,0,0,0,0,0,0,0,0,1.0,1.0,1.0,0.0,0.0,0.0,2,0,0
5170,14,5,9,0,3,3,8,5,5,0,0,0,0,0,0,0,0,0,0,0,0,0,0,1.0,1.0,1.0,0.0,0.0,0.0,2,0,0
5171,14,5,9,0,3,3,8,5,5,0,0,0,0,0,0,0,0,0,0,0,0,0,0,1.0,1.0,1.0,0.0,0.0,0.0,2,0,0
5172,14,5,9,0,3,3,8,5,5,0,0,0,0,0,0,0,0,0,0,0,0,0,0,1.0,1.0,1.0,0.0,0.0,0.0,2,0,0
5173,14,5,9,0,3,3,8,5,5,0,0,0,0,0,0,0,0,0,0,0,0,0,0,1.0,1.0,1.0,0.0,0.0,0.0,2,0,0
5174,14,5,9,0,3,3,8,5,5,0,0,0,0,0,0,0,0,0,0,0,0,0,0,1.0,1.0,1.0,0.0,0.0,0.0,2,0,0
5175,14,5,9,0,3,3,8,5,5,0,0,0,0,0,0,0,0,0,0,0,0,0,0,1.0,1.0,1.0,0.0,0.0,0.0,2,0,0
5176,14,5,9,0,3,3,8,5,5,0,0,0,0,0,0,0,0,0,0,0,0,0,0,1.0,1.0,1.0,0.0,0.0,0.0,2,0,0
5177,14,5,9,0,3,3,8,5,5,0,0,0,0,0,0,0,0,0,0,0,0,0,0,1.0,1.0,1.0,0.0,0.0,0.0,2,0,0
5178,14,5,9,0,3,3,8,5,5,0,0,0,0,0,0,0,0,0,0,0,0,0,0,1.0,1.0,1.0,0.0,0.0,0.0,2,0,0
5179,14,5,9,0,3,3,8,5,5,0,0,0,0,0,0,0,0,0,0,0,0,0,0,1.0,1.0,1.0,0.0,0.0,0.0,2,0,0
5180,14,5,9,0,3,3,8,5,5,0,0,0,0,0,0,0,0,0,0,0,0,0,0,1.0,1.0,1.0,0.0,0.0,0.0,2,0,0
5181,14,5,9,0,3,3,8,5,5,0,0,0,0,0,0,0,0,0,0,0,0,0,0,1.0,1.0,1.0,0.0,0.0,0.0,2,0,0
5182,14,5,9,0,3,3,8,5,5,0,0,0,0,0,0,0,0,0,0,0,0,0,0,1.0,1.0,1.0,0.0,0.0,0.0,2,0,0
5183,14,5,9,0,3,3,8,5,5,0,0,0,0,0,0,0,0,0,0,0,0,0,0,1.0,1.0,1.0,0.0,0.0,0.0,2,0,0
5184,14,5,9,0,3,3,8,5,5,0,0,0,0,0,0,0,0,0,0,0,0,0,0,1.0,1.0,1.0,0.0,0.0,0.0,2,0,0
5185,14,5,9,0,3,3,8,5,5,0,0,0,0,0,0,0,0,0,0,0,0,0,0,1.0,1.0,1.0,0.0,0.0,0.0,2,0,0
5186,14,5,9,0,3,3,8,5,5,0,0,0,0,0,0,0,0,0,0,0,0,0,0,1.0,1.0,1.0,0.0,0.0,0.0,2,0,0
5187,14,5,9,0,3,3,8,5,5,0,0,0,0,0,0,0,0,0,0,0,0,0,0,1.0,1.0,1.0,0.0,0.0,0.0,2,0,0
5188,14,5,9,0,3,3,8,5,5,0,0,0,0,0,0,0,0,0,0,0,0,0,0,1.0,1.0,1.0,0.0,0.0,0.0,2,0,0
5189,14,5,9,0,3,3,8,5,5,0,0,0,0,0,0,0,0,0,0,0,0,0,0,1.0,1.0,1.0,0.0,0.0,0.0,2,0,0
5190,14,5,9,0,3,3,8,5,5,0,0,0,0,0,0,0,0,0,0,0,0,0,0,1.0,1.0,1.0,0.0,0.0,0.0,2,0,0
5191,14,5,9,0,3,2,9,6,5,0,0,0,0,0,0,0,0,0,0,0,0,0,0,1.0,1.0,1.0,0.0,0.0,0.0,2,0,0
5192,14,5,9,0,3,2,9,6,6,0,0,0,0,0,0,0,6,1,0,0,0,0,0,1.0,1.0,1.0,0.0,0.0,0.16666666666666666,2,0,0
5193,14,5,9,0,3,2,9,6,6,0,0,0,0,0,0,0,0,0,0,0,0,0,0,1.0,1.0,1.0,0.0,0.0,0.0,2,0,0
5194,14,5,9,0,3,2,9,6,6,0,0,0,0,0,0,0,0,0,0,0,0,0,0,1.0,1.0,1.0,0.0,0.0,0.0,2,0,0
5195,14,5,9,0,3,2,9,6,6,0,0,0,0,0,0,0,0,0,0,0,0,0,0,1.0,1.0,1.0,0.0,0.0,0.0,2,0,0
5196,14,5,9,0,3,2,9,6,6,0,0,0,0,0,0,0,0,0,0,0,0,0,0,1.0,1.0,1.0,0.0,0.0,0.0,2,0,0
5197,14,5,9,0,3,2,9,6,6,0,0,0,0,0,0,0,0,0,0,0,0,0,0,1.0,1.0,1.0,0.0,0.0,0.0,2,0,0
5198,14,5,9,0,3,2,9,6,6,0,0,0,0,0,0,0,0,0,0,0,0,0,0,1.0,1.0,1.0,0.0,0.0,0.0,2,0,0
5199,14,5,9,0,3,2,9,6,6,0,0,0,0,0,0,0,0,0,0,0,0,0,0,1.0,1.0,1.0,0.0,0.0,0.0,2,0,0
5200,14,5,9,0,3,2,9,6,6,0,0,0,0,0,0,0,0,0,0,0,0,0,0,1.0,1.0,1.0,0.0,0.0,0.0,2,0,0
5201,14,5,9,0,3,2,9,6,6,0,0,0,0,0,0,0,0,0,0,0,0,0,0,1.0,1.0,1.0,0.0,0.0,0.0,2,0,0
5202,13,4,9,0,3,1,9,6,6,0,0,0,0,0,0,0,0,0,0,0,0,0,0,1.0,1.0,1.0,0.0,0.0,0.0,2,0,1
5203,13,4,9,0,3,1,9,6,6,0,0,0,0,0,0,0,0,0,0,0,0,0,0,1.0,1.0,1.0,0.0,0.0,0.0,2,0,0
5204,12,4,8,0,2,1,9,6,6,0,0,0,0,0,1,0,0,0,0,0,1,0,1,0.6666666666666667,1.0,1.0,0.0,0.0,0.0,2,0,1
5205,18,6,12,7,2,1,8,5,3,0,2,0,0,0,1,0,0,0,0,2,0,0,1,1.0,1.0,0.8333333333333334,0.5833333333333334,0.5833333333333334,0.0,2,7,1
5206,18,6,12,7,2,1,8,5,3,0,2,0,0,0,0,0,0,0,0,0,0,0,0,1.0,1.0,1.0,0.0,0.0,0.0,2,0,0
5207,17,6,11,6,2,1,8,5,3,0,2,0,0,0,1,0,0,0,0,0,1,0,1,0.8888888888888888,1.0,1.0,0.0,0.0,0.0,2,0,1
5208,16,5,11,6,2,1,7,5,3,0,2,0,0,1,0,0,0,0,0,0,0,0,1,1.0,0.6666666666666667,1.0,0.0,0.0,0.0,2,0,1
5209,16,5,11,6,2,1,7,5,3,0,2,0,0,0,0,0,0,0,0,0,0,0,0,1.0,1.0,1.0,0.0,0.0,0.0,2,0,0
5210,16,5,11,6,2,1,7,5,3,0,2,0,0,0,0,0,0,0,0,0,0,0,0,1.0,1.0,1.0,0.0,0.0,0.0,2,0,0
5211,16,5,11,6,2,1,7,5,3,0,2,0,0,0,0,0,0,0,0,0,0,0,0,1.0,1.0,1.0,0.0,0.0,0.0,2,0,0
5212,16,5,11,6,2,1,7,5,3,0,2,0,0,0,0,0,0,0,0,0,0,0,0,1.0,1.0,1.0,0.0,0.0,0.0,2,0,0
5213,16,5,11,6,2,1,7,5,3,0,2,0,0,0,0,0,0,0,0,0,0,0,0,1.0,1.0,1.0,0.0,0.0,0.0,2,0,0
5214,16,5,11,6,2,1,7,5,3,0,2,0,0,0,0,0,0,0,0,0,0,0,0,1.0,1.0,1.0,0.0,0.0,0.0,2,0,0
5215,16,5,11,6,2,1,7,5,3,0,2,0,0,0,0,0,0,0,0,0,0,0,0,1.0,1.0,1.0,0.0,0.0,0.0,2,0,0
5216,16,5,11,6,2,1,7,5,3,0,2,0,0,0,0,0,0,0,0,0,0,0,0,1.0,1.0,1.0,0.0,0.0,0.0,2,0,0
5217,16,5,11,6,2,1,7,5,3,0,2,0,0,0,0,0,0,0,0,0,0,0,0,1.0,1.0,1.0,0.0,0.0,0.0,2,0,0
5218,19,7,12,9,2,1,7,5,2,0,3,0,0,0,0,0,0,0,0,1,0,0,0,1.0,1.0,1.0,0.1875,0.1875,0.0,2,3,0
5219,19,7,12,9,2,1,7,5,2,0,3,0,0,0,0,0,0,0,0,0,0,0,0,1.0,1.0,1.0,0.0,0.0,0.0,2,0,0
5220,19,7,12,9,2,1,7,5,2,0,3,0,0,0,0,0,0,0,0,0,0,0,0,1.0,1.0,1.0,0.0,0.0,0.0,2,0,0
5221,19,7,12,9,2,1,7,5,2,0,3,0,0,0,0,0,0,0,0,0,0,0,0,1.0,1.0,1.0,0.0,0.0,0.0,2,0,0
5222,19,7,12,9,2,1,7,5,2,0,3,0,0,0,0,0,0,0,0,0,0,0,0,1.0,1.0,1.0,0.0,0.0,0.0,2,0,0
5223,19,7,12,9,2,1,7,5,2,0,3,0,0,0,0,0,0,0,0,0,0,0,0,1.0,1.0,1.0,0.0,0.0,0.0,2,0,0
5224,19,7,12,9,2,1,7,5,2,0,3,0,0,0,0,0,0,0,0,0,0,0,0,1.0,1.0,1.0,0.0,0.0,0.0,2,0,0
5225,19,7,12,9,2,1,7,5,2,0,3,0,0,0,0,0,0,0,0,0,0,0,0,1.0,1.0,1.0,0.0,0.0,0.0,2,0,0
5226,19,7,12,9,2,1,7,5,2,0,3,0,0,0,0,0,0,0,0,0,0,0,0,1.0,1.0,1.0,0.0,0.0,0.0,2,0,0
5227,19,7,12,9,2,1,7,5,2,0,3,0,0,0,0,0,0,0,0,0,0,0,0,1.0,1.0,1.0,0.0,0.0,0.0,2,0,0
5228,19,7,12,9,2,1,7,5,2,0,3,0,0,0,0,0,0,0,0,0,0,0,0,1.0,1.0,1.0,0.0,0.0,0.0,2,0,0
5229,18,7,11,9,2,1,6,4,1,0,3,0,0,0,0,0,0,0,0,0,0,0,0,1.0,1.0,0.8,0.0,0.0,0.0,2,0,1
5230,18,7,11,9,2,1,6,4,1,0,3,0,0,0,0,0,0,0,0,0,0,0,0,1.0,1.0,1.0,0.0,0.0,0.0,2,0,0
5231,18,7,11,9,2,1,6,4,1,0,3,0,0,0,0,0,0,0,0,0,0,0,0,1.0,1.0,1.0,0.0,0.0,0.0,2,0,0
5232,22,10,12,13,2,1,6,4,0,0,4,0,0,0,0,0,0,0,0,1,0,0,0,1.0,1.0,1.0,0.2222222222222222,0.2222222222222222,0.0,2,4,0
5233,22,10,12,13,2,1,6,4,0,0,4,0,0,0,0,0,0,0,0,0,0,0,0,1.0,1.0,1.0,0.0,0.0,0.0,2,0,0
5234,22,10,12,13,2,1,6,4,0,0,4,0,0,0,0,0,0,0,0,0,0,0,0,1.0,1.0,1.0,0.0,0.0,0.0,2,0,0
5235,22,10,12,13,2,1,6,4,0,0,4,0,0,0,0,0,0,0,0,0,0,0,0,1.0,1.0,1.0,0.0,0.0,0.0,2,0,0
5236,22,10,12,13,2,1,6,4,0,0,4,0,0,0,0,0,0,0,0,0,0,0,0,1.0,1.0,1.0,0.0,0.0,0.0,2,0,0
5237,22,10,12,13,2,1,6,4,0,0,4,0,0,0,0,0,0,0,0,0,0,0,0,1.0,1.0,1.0,0.0,0.0,0.0,2,0,0
5238,22,10,12,13,2,1,6,4,0,0,4,0,0,0,0,0,0,0,0,0,0,0,0,1.0,1.0,1.0,0.0,0.0,0.0,2,0,0
5239,22,10,12,13,2,1,6,4,0,0,4,0,0,0,0,0,0,0,0,0,0,0,0,1.0,1.0,1.0,0.0,0.0,0.0,2,0,0
5240,22,10,12,13,2,1,6,4,0,0,4,0,0,0,0,0,0,0,0,0,0,0,0,1.0,1.0,1.0,0.0,0.0,0.0,2,0,0
5241,22,10,12,13,2,1,6,4,0,0,4,0,0,0,0,0,0,0,0,0,0,0,0,1.0,1.0,1.0,0.0,0.0,0.0,2,0,0
5242,22,10,12,13,2,1,6,4,0,0,4,0,0,0,0,0,0,0,0,0,0,2,0,1.0,1.0,1.0,0.0,0.0,0.0,2,0,0
5243,22,10,12,13,2,1,6,4,0,0,4,0,0,0,0,0,0,0,0,0,0,0,0,1.0,1.0,1.0,0.0,0.0,0.0,2,0,0
5244,22,10,12,13,2,1,6,4,0,0,4,0,0,0,0,0,0,0,0,0,0,0,0,1.0,1.0,1.0,0.0,0.0,0.0,2,0,0
5245,22,10,12,13,2,1,6,4,0,0,4,0,0,0,0,0,0,0,0,0,0,0,0,1.0,1.0,1.0,0.0,0.0,0.0,2,0,0
5246,22,10,12,13,0,3,6,4,0,0,4,0,0,0,0,0,0,0,0,0,0,0,0,1.0,1.0,1.0,0.0,0.0,0.0,2,0,0
5247,22,10,12,13,0,3,6,4,0,0,4,0,0,0,0,0,0,0,0,0,0,0,0,1.0,1.0,1.0,0.0,0.0,0.0,2,0,0
5248,22,10,12,7,6,3,6,4,0,0,4,0,0,0,0,0,0,0,0,0,0,0,0,1.0,1.0,1.0,0.0,0.0,0.0,2,0,0
5249,22,10,12,7,6,3,6,4,0,0,4,0,0,0,0,0,0,0,0,0,0,0,0,1.0,1.0,1.0,0.0,0.0,0.0,2,0,0
5250,22,10,12,7,6,3,6,4,0,0,2,0,0,0,0,0,0,0,0,0,0,0,0,1.0,1.0,1.0,0.0,0.0,0.0,2,0,0
5251,22,10,12,7,6,3,6,4,1,0,2,0,0,0,0,0,15,1,0,0,0,0,0,1.0,1.0,1.0,0.0,0.0,0.06666666666666667,2,0,0
5252,22,10,12,7,6,3,6,4,2,0,2,0,0,0,0,0,7,1,0,0,0,0,0,1.0,1.0,1.0,0.0,0.0,0.14285714285714285,2,0,0
5253,22,10,12,7,6,3,6,4,2,0,2,0,0,0,0,0,0,0,0,0,0,0,0,1.0,1.0,1.0,0.0,0.0,0.0,2,0,0
5254,22,10,12,7,6,3,6,4,2,0,2,0,0,0,0,0,0,0,0,0,0,0,0,1.0,1.0,1.0,0.0,0.0,0.0,2,0,0
5255,22,10,12,7,6,3,6,4,2,0,2,0,0,0,0,0,0,0,0,0,0,0,0,1.0,1.0,1.0,0.0,0.0,0.0,2,0,0
5256,22,10,12,7,6,3,6,4,2,0,2,0,0,0,0,0,0,0,0,0,0,0,0,1.0,1.0,1.0,0.0,0.0,0.0,2,0,0
5257,22,10,12,7,6,3,6,4,2,0,2,0,0,0,0,0,0,0,0,0,0,0,0,1.0,1.0,1.0,0.0,0.0,0.0,2,0,0
5258,22,10,12,7,6,3,6,4,2,0,2,0,0,0,0,0,0,0,0,0,0,0,0,1.0,1.0,1.0,0.0,0.0,0.0,2,0,0
5259,22,10,12,7,6,3,6,4,2,0,2,0,0,0,0,0,0,0,0,0,0,0,0,1.0,1.0,1.0,0.0,0.0,0.0,2,0,0
5260,22,10,12,7,6,3,6,4,2,0,2,0,0,0,0,0,0,0,0,0,0,0,0,1.0,1.0,1.0,0.0,0.0,0.0,2,0,0
5261,22,10,12,4,9,3,6,4,2,0,2,0,0,0,0,0,0,0,0,0,0,0,0,1.0,1.0,1.0,0.0,0.0,0.0,2,0,0
5262,22,10,12,4,9,3,6,4,2,0,2,0,0,0,0,0,0,0,0,0,0,0,0,1.0,1.0,1.0,0.0,0.0,0.0,2,0,0
5263,22,10,12,4,9,3,6,4,2,0,1,0,0,0,0,0,0,0,0,0,0,0,0,1.0,1.0,1.0,0.0,0.0,0.0,2,0,0
5264,22,10,12,4,9,3,6,4,3,0,1,0,0,0,0,0,6,1,0,0,0,0,0,1.0,1.0,1.0,0.0,0.0,0.16666666666666666,2,0,0
5265,22,10,12,4,9,3,6,4,3,0,1,0,0,0,0,0,0,0,0,0,0,0,0,1.0,1.0,1.0,0.0,0.0,0.0,2,0,0
5266,22,10,12,4,9,3,6,4,3,0,1,0,0,0,0,0,0,0,0,0,0,0,0,1.0,1.0,1.0,0.0,0.0,0.0,2,0,0
5267,22,10,12,4,9,3,6,4,3,0,1,0,0,0,0,0,0,0,0,0,0,0,0,1.0,1.0,1.0,0.0,0.0,0.0,2,0,0
5268,22,10,12,4,9,3,6,4,3,0,1,0,0,0,0,0,0,0,0,0,0,0,0,1.0,1.0,1.0,0.0,0.0,0.0,2,0,0
5269,22,10,12,4,9,3,6,4,3,0,1,0,0,0,0,0,0,0,0,0,0,0,0,1.0,1.0,1.0,0.0,0.0,0.0,2,0,0
5270,22,10,12,4,9,3,6,4,3,0,1,0,0,0,0,0,0,0,0,0,0,0,0,1.0,1.0,1.0,0.0,0.0,0.0,2,0,0
5271,22,10,12,4,9,3,6,4,3,0,1,0,0,0,0,0,0,0,0,0,0,0,0,1.0,1.0,1.0,0.0,0.0,0.0,2,0,0
5272,22,10,12,4,9,3,6,4,3,0,1,0,0,0,0,0,0,0,0,0,0,0,0,1.0,1.0,1.0,0.0,0.0,0.0,2,0,0
5273,22,10,12,4,9,3,6,4,3,0,1,0,0,0,0,0,0,0,0,0,0,0,0,1.0,1.0,1.0,0.0,0.0,0.0,2,0,0
5274,22,10,12,4,9,3,6,4,3,0,1,0,0,0,0,0,0,0,0,0,0,0,0,1.0,1.0,1.0,0.0,0.0,0.0,2,0,0
5275,22,10,12,0,13,3,6,4,3,0,1,0,0,0,0,0,0,0,0,0,0,0,0,1.0,1.0,1.0,0.0,0.0,0.0,2,0,0
5276,22,10,12,0,13,2,7,4,3,0,1,0,0,0,0,0,0,0,0,0,0,0,0,1.0,1.0,1.0,0.0,0.0,0.0,2,0,0
5277,22,10,12,0,13,2,7,4,3,0,0,0,0,0,0,0,0,0,0,0,0,0,0,1.0,1.0,1.0,0.0,0.0,0.0,2,0,0
5278,22,10,12,0,13,2,7,4,4,0,0,0,0,0,0,0,7,1,0,0,0,0,0,1.0,1.0,1.0,0.0,0.0,0.14285714285714285,2,0,0
5279,22,10,12,0,13,2,7,4,4,0,0,0,0,0,0,0,0,0,0,0,0,0,0,1.0,1.0,1.0,0.0,0.0,0.0,2,0,0
5280,22,10,12,0,13,2,7,4,4,0,0,0,0,0,0,0,0,0,0,0,0,0,0,1.0,1.0,1.0,0.0,0.0,0.0,2,0,0
5281,22,10,12,0,13,2,7,4,4,0,0,0,0,0,0,0,0,0,0,0,0,0,0,1.0,1.0,1.0,0.0,0.0,0.0,2,0,0
5282,22,10,12,0,13,2,7,4,4,0,0,0,0,0,0,0,0,0,0,0,0,0,0,1.0,1.0,1.0,0.0,0.0,0.0,2,0,0
5283,22,10,12,0,13,2,7,4,4,0,0,0,0,0,0,0,0,0,0,0,0,0,0,1.0,1.0,1.0,0.0,0.0,0.0,2,0,0
5284,22,10,12,0,13,2,7,4,4,0,0,0,0,0,0,0,0,0,0,0,0,0,0,1.0,1.0,1.0,0.0,0.0,0.0,2,0,0
5285,22,10,12,0,13,2,7,4,4,0,0,0,0,0,0,0,0,0,0,0,0,0,0,1.0,1.0,1.0,0.0,0.0,0.0,2,0,0
5286,22,10,12,0,13,2,7,4,4,0,0,0,0,0,0,0,0,0,0,0,0,0,0,1.0,1.0,1.0,0.0,0.0,0.0,2,0,0
5287,22,10,12,0,13,2,7,4,4,0,0,0,0,0,0,0,0,0,0,0,0,0,0,1.0,1.0,1.0,0.0,0.0,0.0,2,0,0
5288,22,10,12,0,13,2,7,4,4,0,0,0,0,0,0,0,0,0,0,0,0,0,0,1.0,1.0,1.0,0.0,0.0,0.0,2,0,0
5289,22,10,12,0,13,2,7,4,4,0,0,0,0,0,0,0,0,0,0,0,0,0,0,1.0,1.0,1.0,0.0,0.0,0.0,2,0,0
5290,22,10,12,0,13,2,7,4,4,0,0,0,0,0,0,0,0,0,0,0,0,0,0,1.0,1.0,1.0,0.0,0.0,0.0,2,0,0
5291,22,10,12,0,13,2,7,4,4,0,0,0,0,0,0,0,0,0,0,0,0,0,0,1.0,1.0,1.0,0.0,0.0,0.0,2,0,0
5292,22,10,12,0,13,2,7,4,4,0,0,0,0,0,0,0,0,0,0,0,0,0,0,1.0,1.0,1.0,0.0,0.0,0.0,2,0,0
5293,22,10,12,0,13,2,7,4,4,0,0,0,0,0,0,0,0,0,0,0,0,0,0,1.0,1.0,1.0,0.0,0.0,0.0,2,0,0
5294,21,10,11,0,13,2,6,3,3,0,0,0,0,0,1,0,0,0,0,0,0,0,1,1.0,1.0,0.75,0.0,0.0,0.0,2,0,1
5295,20,9,11,0,12,2,6,3,3,0,0,0,0,1,0,0,0,0,0,0,1,0,1,0.9230769230769231,1.0,1.0,0.0,0.0,0.0,2,0,1
5296,19,9,10,0,12,2,5,2,2,0,0,0,0,0,1,0,0,0,0,0,0,0,1,1.0,1.0,0.6666666666666667,0.0,0.0,0.0,2,0,1
5297,19,9,10,0,12,2,5,2,2,0,0,0,0,0,0,0,0,0,0,0,0,0,0,1.0,1.0,1.0,0.0,0.0,0.0,2,0,0
5298,19,9,10,0,12,2,5,2,2,0,0,0,0,0,0,0,0,0,0,0,0,0,0,1.0,1.0,1.0,0.0,0.0,0.0,2,0,0
5299,19,9,10,0,12,2,5,2,2,0,0,0,0,0,0,0,0,0,0,0,0,0,0,1.0,1.0,1.0,0.0,0.0,0.0,2,0,0
5300,19,9,10,0,12,2,5,2,2,0,0,0,0,0,0,0,0,0,0,0,0,0,0,1.0,1.0,1.0,0.0,0.0,0.0,2,0,0
5301,19,9,10,0,12,2,5,2,2,0,0,0,0,0,0,0,0,0,0,0,0,0,0,1.0,1.0,1.0,0.0,0.0,0.0,2,0,0
5302,19,9,10,0,12,2,5,2,2,0,0,0,0,0,0,0,0,0,0,0,0,0,0,1.0,1.0,1.0,0.0,0.0,0.0,2,0,0
5303,19,9,10,0,12,2,5,2,2,0,0,0,0,0,0,0,0,0,0,0,0,0,0,1.0,1.0,1.0,0.0,0.0,0.0,2,0,0
5304,19,9,10,0,12,2,5,2,2,0,0,0,0,0,0,0,0,0,0,0,0,0,0,1.0,1.0,1.0,0.0,0.0,0.0,2,0,0
5305,19,9,10,0,12,2,5,2,2,0,0,0,0,0,0,0,0,0,0,0,0,0,0,1.0,1.0,1.0,0.0,0.0,0.0,2,0,0
5306,19,9,10,0,12,2,5,2,2,0,0,0,0,0,0,0,0,0,0,0,0,0,0,1.0,1.0,1.0,0.0,0.0,0.0,2,0,0
5307,19,9,10,0,12,2,5,2,2,0,0,0,0,0,0,0,0,0,0,0,0,0,0,1.0,1.0,1.0,0.0,0.0,0.0,2,0,0
5308,19,9,10,0,12,2,5,2,2,0,0,0,0,0,0,0,0,0,0,0,0,0,0,1.0,1.0,1.0,0.0,0.0,0.0,2,0,0
5309,19,9,10,0,12,2,5,2,2,0,0,0,0,0,0,0,0,0,0,0,0,0,0,1.0,1.0,1.0,0.0,0.0,0.0,2,0,0
5310,19,9,10,0,12,2,5,2,2,0,0,0,0,0,0,0,0,0,0,0,0,0,0,1.0,1.0,1.0,0.0,0.0,0.0,2,0,0
5311,19,9,10,0,12,2,5,2,2,0,0,0,0,0,0,0,0,0,0,0,0,0,0,1.0,1.0,1.0,0.0,0.0,0.0,2,0,0
5312,19,9,10,0,12,2,5,2,2,0,0,0,0,0,0,0,0,0,0,0,0,0,0,1.0,1.0,1.0,0.0,0.0,0.0,2,0,0
5313,19,9,10,0,12,2,5,2,2,0,0,0,0,0,0,0,0,0,0,0,0,0,0,1.0,1.0,1.0,0.0,0.0,0.0,2,0,0
5314,19,9,10,0,12,2,5,2,2,0,0,0,0,0,0,0,0,0,0,0,0,0,0,1.0,1.0,1.0,0.0,0.0,0.0,2,0,0
5315,19,9,10,0,12,2,5,2,2,0,0,0,0,0,0,0,0,0,0,0,0,0,0,1.0,1.0,1.0,0.0,0.0,0.0,2,0,0
5316,19,9,10,0,12,2,5,2,2,0,0,0,0,0,0,0,0,0,0,0,0,0,0,1.0,1.0,1.0,0.0,0.0,0.0,2,0,0
5317,19,9,10,0,12,2,5,2,2,0,0,0,0,0,0,0,0,0,0,0,0,0,0,1.0,1.0,1.0,0.0,0.0,0.0,2,0,0
5318,19,9,10,0,12,2,5,2,2,0,0,0,0,0,0,0,0,0,0,0,0,0,0,1.0,1.0,1.0,0.0,0.0,0.0,2,0,0
5319,19,9,10,0,12,2,5,2,2,0,0,0,0,0,0,0,0,0,0,0,0,0,0,1.0,1.0,1.0,0.0,0.0,0.0,2,0,0
5320,19,9,10,0,12,2,5,2,2,0,0,0,0,0,0,0,0,0,0,0,0,0,0,1.0,1.0,1.0,0.0,0.0,0.0,2,0,0
5321,19,9,10,0,12,2,5,2,2,0,0,0,0,0,0,0,0,0,0,0,0,0,0,1.0,1.0,1.0,0.0,0.0,0.0,2,0,0
5322,19,9,10,0,12,2,5,2,2,0,0,0,0,0,0,0,0,0,0,0,0,0,0,1.0,1.0,1.0,0.0,0.0,0.0,2,0,0
5323,19,9,10,0,12,2,5,2,2,0,0,0,0,0,0,0,0,0,0,0,0,0,0,1.0,1.0,1.0,0.0,0.0,0.0,2,0,0
5324,19,9,10,0,12,2,5,2,2,0,0,0,0,0,0,0,0,0,0,0,0,0,0,1.0,1.0,1.0,0.0,0.0,0.0,2,0,0
5325,19,9,10,0,12,2,5,2,2,0,0,0,0,0,0,0,0,0,0,0,0,0,0,1.0,1.0,1.0,0.0,0.0,0.0,2,0,0
5326,19,9,10,0,12,2,5,2,2,0,0,0,0,0,0,0,0,0,0,0,0,0,0,1.0,1.0,1.0,0.0,0.0,0.0,2,0,0
5327,19,9,10,0,12,2,5,2,2,0,0,0,0,0,0,0,0,0,0,0,0,0,0,1.0,1.0,1.0,0.0,0.0,0.0,2,0,0
5328,19,9,10,0,12,2,5,2,2,0,0,0,0,0,0,0,0,0,0,0,0,0,0,1.0,1.0,1.0,0.0,0.0,0.0,2,0,0
5329,23,11,12,4,12,2,5,2,1,0,1,0,0,0,0,0,0,0,0,1,0,0,0,1.0,1.0,1.0,0.21052631578947367,0.21052631578947367,0.0,2,4,0
5330,23,11,12,4,12,2,5,2,1,0,1,0,0,0,0,0,0,0,0,0,0,0,0,1.0,1.0,1.0,0.0,0.0,0.0,2,0,0
5331,23,11,12,4,12,2,5,2,1,0,1,0,0,0,0,0,0,0,0,0,0,0,0,1.0,1.0,1.0,0.0,0.0,0.0,2,0,0
5332,23,11,12,4,12,2,5,2,1,0,1,0,0,0,0,0,0,0,0,0,0,0,0,1.0,1.0,1.0,0.0,0.0,0.0,2,0,0
5333,23,11,12,4,12,2,5,2,1,0,1,0,0,0,0,0,0,0,0,0,0,0,0,1.0,1.0,1.0,0.0,0.0,0.0,2,0,0
5334,23,11,12,4,12,2,5,2,1,0,1,0,0,0,0,0,0,0,0,0,0,0,0,1.0,1.0,1.0,0.0,0.0,0.0,2,0,0
5335,23,11,12,4,12,2,5,2,1,0,1,0,0,0,0,0,0,0,0,0,0,0,0,1.0,1.0,1.0,0.0,0.0,0.0,2,0,0
5336,23,11,12,4,12,2,5,2,1,0,1,0,0,0,0,0,0,0,0,0,0,0,0,1.0,1.0,1.0,0.0,0.0,0.0,2,0,0
5337,23,11,12,4,12,2,5,2,1,0,1,0,0,0,0,0,0,0,0,0,0,0,0,1.0,1.0,1.0,0.0,0.0,0.0,2,0,0
5338,23,11,12,4,12,2,5,2,1,0,1,0,0,0,0,0,0,0,0,0,0,0,0,1.0,1.0,1.0,0.0,0.0,0.0,2,0,0
5339,23,11,12,4,12,2,5,2,1,0,1,0,0,0,0,0,0,0,0,0,0,0,0,1.0,1.0,1.0,0.0,0.0,0.0,2,0,0
5340,23,11,12,4,12,2,5,2,1,0,1,0,0,0,0,0,0,0,0,0,0,0,0,1.0,1.0,1.0,0.0,0.0,0.0,2,0,0
5341,23,11,12,4,12,2,5,2,1,0,1,0,0,0,0,0,0,0,0,0,0,0,0,1.0,1.0,1.0,0.0,0.0,0.0,2,0,0
5342,23,11,12,4,12,2,5,2,1,0,1,0,0,0,0,0,0,0,0,0,0,0,0,1.0,1.0,1.0,0.0,0.0,0.0,2,0,0
5343,27,13,14,8,12,2,5,2,0,0,2,0,0,0,0,0,0,0,0,1,0,0,0,1.0,1.0,1.0,0.17391304347826086,0.17391304347826086,0.0,2,4,0
5344,27,13,14,8,12,2,5,2,0,0,2,0,0,0,0,0,0,0,0,0,0,0,0,1.0,1.0,1.0,0.0,0.0,0.0,2,0,0
5345,27,13,14,8,12,1,6,3,0,0,2,0,0,0,0,0,0,0,0,0,0,0,0,1.0,1.0,1.0,0.0,0.0,0.0,2,0,0
5346,27,13,14,8,12,1,6,3,0,0,2,0,0,0,0,0,0,0,0,0,0,0,0,1.0,1.0,1.0,0.0,0.0,0.0,2,0,0
5347,27,13,14,8,12,1,6,3,0,0,2,0,0,0,0,0,0,0,0,0,0,0,0,1.0,1.0,1.0,0.0,0.0,0.0,2,0,0
5348,27,13,14,8,12,1,6,3,0,0,2,0,0,0,0,0,1,0,0,0,0,0,0,1.0,1.0,1.0,0.0,0.0,0.0,2,0,0
5349,27,13,14,8,12,1,6,3,1,0,2,0,0,0,0,0,7,1,0,0,0,0,0,1.0,1.0,1.0,0.0,0.0,0.14285714285714285,2,0,0
5350,27,13,14,8,12,1,6,3,1,0,2,0,0,0,0,0,0,0,0,0,0,0,0,1.0,1.0,1.0,0.0,0.0,0.0,2,0,0
5351,27,13,14,8,12,1,6,3,1,0,2,0,0,0,0,0,0,0,0,0,0,0,0,1.0,1.0,1.0,0.0,0.0,0.0,2,0,0
5352,27,13,14,8,12,1,6,3,1,0,2,0,0,0,0,0,0,0,0,0,0,0,0,1.0,1.0,1.0,0.0,0.0,0.0,2,0,0
5353,27,13,14,8,12,1,6,3,1,0,2,0,0,0,0,0,0,0,0,0,0,0,0,1.0,1.0,1.0,0.0,0.0,0.0,2,0,0
5354,27,13,14,8,12,1,6,3,1,0,2,0,0,0,0,0,0,0,0,0,0,0,0,1.0,1.0,1.0,0.0,0.0,0.0,2,0,0
5355,27,13,14,8,12,1,6,3,1,0,2,0,0,0,0,0,0,0,0,0,0,0,0,1.0,1.0,1.0,0.0,0.0,0.0,2,0,0
5356,27,13,14,8,12,1,6,3,1,0,2,0,0,0,0,0,0,0,0,0,0,0,0,1.0,1.0,1.0,0.0,0.0,0.0,2,0,0
5357,27,13,14,8,12,0,7,4,1,0,2,0,0,0,0,0,0,0,0,0,0,0,0,1.0,1.0,1.0,0.0,0.0,0.0,2,0,0
5358,27,13,14,8,12,0,7,4,1,0,2,0,0,0,0,0,0,0,0,0,0,0,0,1.0,1.0,1.0,0.0,0.0,0.0,2,0,0
5359,27,13,14,8,12,0,7,4,1,0,2,0,0,0,0,0,0,0,0,0,0,0,0,1.0,1.0,1.0,0.0,0.0,0.0,2,0,0
5360,27,13,14,8,12,0,7,4,1,0,2,0,0,0,0,0,0,0,0,0,0,0,0,1.0,1.0,1.0,0.0,0.0,0.0,2,0,0
5361,27,13,14,8,12,0,7,4,1,0,2,0,0,0,0,0,8,0,0,0,0,0,0,1.0,1.0,1.0,0.0,0.0,0.0,2,0,0
5362,27,13,14,8,12,0,7,4,2,0,2,0,0,0,0,0,6,1,0,0,0,0,0,1.0,1.0,1.0,0.0,0.0,0.16666666666666666,2,0,0
5363,27,13,14,8,12,0,7,4,2,0,2,0,0,0,0,0,0,0,0,0,0,0,0,1.0,1.0,1.0,0.0,0.0,0.0,2,0,0
5364,27,13,14,8,12,0,7,4,2,0,2,0,0,0,0,0,0,0,0,0,0,0,0,1.0,1.0,1.0,0.0,0.0,0.0,2,0,0
5365,27,13,14,8,12,0,7,4,2,0,2,0,0,0,0,0,0,0,0,0,0,0,0,1.0,1.0,1.0,0.0,0.0,0.0,2,0,0
5366,27,13,14,8,12,0,7,4,2,0,2,0,0,0,0,0,0,0,0,0,0,0,0,1.0,1.0,1.0,0.0,0.0,0.0,2,0,0
5367,27,13,14,8,12,0,7,4,2,0,2,0,0,0,0,0,0,0,0,0,0,0,0,1.0,1.0,1.0,0.0,0.0,0.0,2,0,0
5368,27,13,14,8,12,0,7,4,2,0,2,0,0,0,0,0,0,0,0,0,0,0,0,1.0,1.0,1.0,0.0,0.0,0.0,2,0,0
5369,27,13,14,8,12,0,7,4,2,0,2,0,0,0,0,0,0,0,0,0,0,0,0,1.0,1.0,1.0,0.0,0.0,0.0,2,0,0
5370,27,13,14,8,12,0,7,4,2,0,2,0,0,0,0,0,0,0,0,0,0,0,0,1.0,1.0,1.0,0.0,0.0,0.0,2,0,0
5371,27,13,14,8,12,0,7,4,2,0,2,0,0,0,0,0,0,0,0,0,0,0,0,1.0,1.0,1.0,0.0,0.0,0.0,2,0,0
5372,27,13,14,4,16,0,7,4,2,0,2,0,0,0,0,0,0,0,0,0,0,0,0,1.0,1.0,1.0,0.0,0.0,0.0,2,0,0
5373,27,13,14,4,16,0,7,4,2,0,2,0,0,0,0,0,0,0,0,0,0,0,0,1.0,1.0,1.0,0.0,0.0,0.0,2,0,0
5374,27,13,14,4,16,0,7,4,2,0,1,0,0,0,0,0,0,0,0,0,0,0,0,1.0,1.0,1.0,0.0,0.0,0.0,2,0,0
5375,27,13,14,4,16,0,7,4,3,0,1,0,0,0,0,0,6,1,0,0,0,0,0,1.0,1.0,1.0,0.0,0.0,0.16666666666666666,2,0,0
5376,27,13,14,4,16,0,7,4,3,0,1,0,0,0,0,0,0,0,0,0,0,0,0,1.0,1.0,1.0,0.0,0.0,0.0,2,0,0
5377,27,13,14,4,16,0,7,4,3,0,1,0,0,0,0,0,0,0,0,0,0,0,0,1.0,1.0,1.0,0.0,0.0,0.0,2,0,0
5378,27,13,14,4,16,0,7,4,3,0,1,0,0,0,0,0,0,0,0,0,0,0,0,1.0,1.0,1.0,0.0,0.0,0.0,2,0,0
5379,27,13,14,4,16,0,7,4,3,0,1,0,0,0,0,0,0,0,0,0,0,0,0,1.0,1.0,1.0,0.0,0.0,0.0,2,0,0
5380,27,13,14,4,16,0,7,4,3,0,1,0,0,0,0,0,0,0,0,0,0,0,0,1.0,1.0,1.0,0.0,0.0,0.0,2,0,0
5381,27,13,14,4,16,0,7,4,3,0,1,0,0,0,0,0,0,0,0,0,0,0,0,1.0,1.0,1.0,0.0,0.0,0.0,2,0,0
5382,27,13,14,4,16,0,7,4,3,0,1,0,0,0,0,0,0,0,0,0,0,0,0,1.0,1.0,1.0,0.0,0.0,0.0,2,0,0
5383,27,13,14,4,16,0,7,4,3,0,1,0,0,0,0,0,0,0,0,0,0,0,0,1.0,1.0,1.0,0.0,0.0,0.0,2,0,0
5384,26,12,14,4,15,0,7,4,3,0,1,0,0,1,0,0,0,0,0,0,1,0,1,0.95,1.0,1.0,0.0,0.0,0.0,2,0,1
5385,24,10,14,4,13,0,7,4,3,0,1,0,0,2,0,0,0,0,0,0,2,5,2,0.8947368421052632,1.0,1.0,0.0,0.0,0.0,2,0,2
5386,23,9,14,0,16,0,7,4,3,0,1,0,0,1,0,0,0,0,0,0,1,0,1,0.9411764705882353,1.0,1.0,0.0,0.0,0.0,2,0,1
5387,22,9,13,0,15,0,7,4,3,0,1,0,0,0,1,0,0,0,0,0,1,0,1,0.9375,1.0,1.0,0.0,0.0,0.0,2,0,1
5388,22,9,13,0,15,0,7,4,3,0,0,0,0,0,0,0,0,0,0,0,0,0,0,1.0,1.0,1.0,0.0,0.0,0.0,2,0,0
5389,21,9,12,0,9,5,7,4,3,0,0,0,0,0,1,0,1,0,0,0,1,0,1,0.9,1.0,1.0,0.0,0.0,0.0,2,0,1
5390,21,9,12,0,9,5,7,4,3,0,0,0,0,0,0,0,1,0,0,0,0,0,0,1.0,1.0,1.0,0.0,0.0,0.0,2,0,0
5391,21,9,12,0,9,5,7,4,4,0,0,0,0,0,0,0,4,1,0,0,0,0,0,1.0,1.0,1.0,0.0,0.0,0.25,2,0,0
5392,20,9,11,0,8,5,7,4,4,0,0,0,0,0,0,0,0,0,0,0,1,0,1,0.8888888888888888,1.0,1.0,0.0,0.0,0.0,2,0,1
5393,20,9,11,0,8,5,7,4,4,0,0,0,0,0,0,0,0,0,0,0,0,0,0,1.0,1.0,1.0,0.0,0.0,0.0,2,0,0
5394,20,9,11,0,8,5,7,4,4,0,0,0,0,0,0,0,0,0,0,0,0,0,0,1.0,1.0,1.0,0.0,0.0,0.0,2,0,0
5395,20,9,11,0,8,5,7,4,4,0,0,0,0,0,0,0,0,0,0,0,0,0,0,1.0,1.0,1.0,0.0,0.0,0.0,2,0,0
5396,20,9,11,0,8,5,7,4,4,0,0,0,0,0,0,0,0,0,0,0,0,0,0,1.0,1.0,1.0,0.0,0.0,0.0,2,0,0
5397,20,9,11,0,8,5,7,4,4,0,0,0,0,0,0,0,0,0,0,0,0,0,0,1.0,1.0,1.0,0.0,0.0,0.0,2,0,0
5398,20,9,11,0,8,5,7,4,4,0,0,0,0,0,0,0,0,0,0,0,0,1,0,1.0,1.0,1.0,0.0,0.0,0.0,2,0,0
5399,20,9,11,0,8,5,7,4,4,0,0,0,0,0,0,0,0,0,0,0,0,0,0,1.0,1.0,1.0,0.0,0.0,0.0,2,0,0
5400,20,9,11,0,8,5,7,4,4,0,0,0,0,0,0,0,0,0,0,0,0,0,0,1.0,1.0,1.0,0.0,0.0,0.0,2,0,0
5401,20,9,11,0,8,5,7,4,4,0,0,0,0,0,0,0,0,0,0,0,0,0,0,1.0,1.0,1.0,0.0,0.0,0.0,2,0,0
5402,20,9,11,0,7,6,7,4,4,0,0,0,0,0,0,0,0,0,0,0,0,0,0,1.0,1.0,1.0,0.0,0.0,0.0,2,0,0
5403,20,9,11,0,7,6,7,4,4,0,0,0,0,0,0,0,0,0,0,0,0,0,0,1.0,1.0,1.0,0.0,0.0,0.0,2,0,0
5404,20,9,11,0,7,6,7,4,4,0,0,0,0,0,0,0,0,0,0,0,0,0,0,1.0,1.0,1.0,0.0,0.0,0.0,2,0,0
5405,20,9,11,0,7,6,7,4,4,0,0,0,0,0,0,0,0,0,0,0,0,0,0,1.0,1.0,1.0,0.0,0.0,0.0,2,0,0
5406,20,9,11,0,7,6,7,4,4,0,0,0,0,0,0,0,0,0,0,0,0,0,0,1.0,1.0,1.0,0.0,0.0,0.0,2,0,0
5407,20,9,11,0,7,6,7,4,4,0,0,0,0,0,0,0,0,0,0,0,0,0,0,1.0,1.0,1.0,0.0,0.0,0.0,2,0,0
5408,20,9,11,0,7,6,7,4,4,0,0,0,0,0,0,0,0,0,0,0,0,0,0,1.0,1.0,1.0,0.0,0.0,0.0,2,0,0
5409,20,9,11,0,7,6,7,4,4,0,0,0,0,0,0,0,0,0,0,0,0,0,0,1.0,1.0,1.0,0.0,0.0,0.0,2,0,0
5410,20,9,11,0,7,6,7,4,4,0,0,0,0,0,0,0,0,0,0,0,0,0,0,1.0,1.0,1.0,0.0,0.0,0.0,2,0,0
5411,20,9,11,0,7,6,7,4,4,0,0,0,0,0,0,0,0,0,0,0,0,0,0,1.0,1.0,1.0,0.0,0.0,0.0,2,0,0
5412,20,9,11,0,7,6,7,4,4,0,0,0,0,0,0,0,0,0,0,0,0,3,0,1.0,1.0,1.0,0.0,0.0,0.0,2,0,0
5413,20,9,11,0,7,6,7,4,4,0,0,0,0,0,0,0,0,0,0,0,0,0,0,1.0,1.0,1.0,0.0,0.0,0.0,2,0,0
5414,23,10,13,3,7,6,7,4,3,0,1,0,0,0,0,0,0,0,0,1,0,0,0,1.0,1.0,1.0,0.15,0.15,0.0,2,3,0
5415,23,10,13,3,7,6,7,4,3,0,1,0,0,0,0,0,0,0,0,0,0,0,0,1.0,1.0,1.0,0.0,0.0,0.0,2,0,0
5416,23,10,13,3,4,9,7,4,3,0,1,0,0,0,0,0,0,0,0,0,0,0,0,1.0,1.0,1.0,0.0,0.0,0.0,2,0,0
5417,23,10,13,3,4,9,7,4,3,0,1,0,0,0,0,0,0,0,0,0,0,0,0,1.0,1.0,1.0,0.0,0.0,0.0,2,0,0
5418,23,10,13,3,4,9,7,4,3,0,1,0,0,0,0,0,0,0,0,0,0,0,0,1.0,1.0,1.0,0.0,0.0,0.0,2,0,0
5419,23,10,13,3,4,9,7,4,3,0,1,0,0,0,0,0,0,0,0,0,0,0,0,1.0,1.0,1.0,0.0,0.0,0.0,2,0,0
5420,23,10,13,3,4,9,7,4,3,0,1,0,0,0,0,0,0,0,0,0,0,0,0,1.0,1.0,1.0,0.0,0.0,0.0,2,0,0
5421,23,10,13,3,4,9,7,4,3,0,1,0,0,0,0,0,0,0,0,0,0,0,0,1.0,1.0,1.0,0.0,0.0,0.0,2,0,0
5422,23,10,13,3,4,9,7,4,3,0,1,0,0,0,0,0,0,0,0,0,0,0,0,1.0,1.0,1.0,0.0,0.0,0.0,2,0,0
5423,23,10,13,3,4,9,7,4,3,0,1,0,0,0,0,0,0,0,0,0,0,0,0,1.0,1.0,1.0,0.0,0.0,0.0,2,0,0
5424,23,10,13,3,4,9,7,4,3,0,1,0,0,0,0,0,0,0,0,0,0,0,0,1.0,1.0,1.0,0.0,0.0,0.0,2,0,0
5425,23,10,13,3,4,9,7,4,3,0,1,0,0,0,0,0,0,0,0,0,0,0,0,1.0,1.0,1.0,0.0,0.0,0.0,2,0,0
5426,23,10,13,3,4,9,7,4,3,0,1,0,0,0,0,0,0,0,0,0,0,0,0,1.0,1.0,1.0,0.0,0.0,0.0,2,0,0
5427,27,12,15,7,4,9,7,4,2,0,2,0,0,0,0,0,0,0,0,1,0,0,0,1.0,1.0,1.0,0.17391304347826086,0.17391304347826086,0.0,2,4,0
5428,27,12,15,7,4,9,7,4,2,0,2,0,0,0,0,0,0,0,0,0,0,0,0,1.0,1.0,1.0,0.0,0.0,0.0,2,0,0
5429,27,12,15,7,4,9,7,4,2,0,2,0,0,0,0,0,0,0,0,0,0,0,0,1.0,1.0,1.0,0.0,0.0,0.0,2,0,0
5430,27,12,15,7,4,9,7,4,2,0,2,0,0,0,0,0,0,0,0,0,0,0,0,1.0,1.0,1.0,0.0,0.0,0.0,2,0,0
5431,27,12,15,7,4,9,7,4,2,0,2,0,0,0,0,0,0,0,0,0,0,0,0,1.0,1.0,1.0,0.0,0.0,0.0,2,0,0
5432,27,12,15,7,4,9,7,4,2,0,2,0,0,0,0,0,0,0,0,0,0,0,0,1.0,1.0,1.0,0.0,0.0,0.0,2,0,0
5433,27,12,15,7,4,9,7,4,2,0,2,0,0,0,0,0,0,0,0,0,0,0,0,1.0,1.0,1.0,0.0,0.0,0.0,2,0,0
5434,27,12,15,7,4,9,7,4,2,0,2,0,0,0,0,0,0,0,0,0,0,0,0,1.0,1.0,1.0,0.0,0.0,0.0,2,0,0
5435,27,12,15,7,4,9,7,4,2,0,2,0,0,0,0,0,0,0,0,0,0,0,0,1.0,1.0,1.0,0.0,0.0,0.0,2,0,0
5436,27,12,15,7,4,9,7,4,2,0,2,0,0,0,0,0,0,0,0,0,0,0,0,1.0,1.0,1.0,0.0,0.0,0.0,2,0,0
5437,27,12,15,7,4,9,7,4,2,0,2,0,0,0,0,0,0,0,0,0,0,0,0,1.0,1.0,1.0,0.0,0.0,0.0,2,0,0
5438,27,12,15,7,4,9,7,4,2,0,2,0,0,0,0,0,0,0,0,0,0,0,0,1.0,1.0,1.0,0.0,0.0,0.0,2,0,0
5439,27,12,15,7,4,9,7,4,2,0,2,0,0,0,0,0,0,0,0,0,0,0,0,1.0,1.0,1.0,0.0,0.0,0.0,2,0,0
5440,31,16,15,11,4,9,7,4,1,0,3,0,0,0,0,0,0,0,0,1,0,0,0,1.0,1.0,1.0,0.14814814814814814,0.14814814814814814,0.0,2,4,0
5441,31,16,15,11,4,9,7,4,1,0,3,0,0,0,0,0,0,0,0,0,0,0,0,1.0,1.0,1.0,0.0,0.0,0.0,2,0,0
5442,31,16,15,11,4,9,7,4,1,0,3,0,0,0,0,0,0,0,0,0,0,0,0,1.0,1.0,1.0,0.0,0.0,0.0,2,0,0
5443,31,16,15,11,4,9,7,4,1,0,3,0,0,0,0,0,0,0,0,0,0,0,0,1.0,1.0,1.0,0.0,0.0,0.0,2,0,0
5444,31,16,15,11,4,9,7,4,1,0,3,0,0,0,0,0,0,0,0,0,0,0,0,1.0,1.0,1.0,0.0,0.0,0.0,2,0,0
5445,31,16,15,11,4,9,7,4,1,0,3,0,0,0,0,0,0,0,0,0,0,0,0,1.0,1.0,1.0,0.0,0.0,0.0,2,0,0
5446,31,16,15,11,4,9,7,4,1,0,3,0,0,0,0,0,0,0,0,0,0,0,0,1.0,1.0,1.0,0.0,0.0,0.0,2,0,0
5447,31,16,15,11,4,9,7,4,1,0,3,0,0,0,0,0,0,0,0,0,0,0,0,1.0,1.0,1.0,0.0,0.0,0.0,2,0,0
5448,31,16,15,11,4,9,7,4,1,0,3,0,0,0,0,0,0,0,0,0,0,0,0,1.0,1.0,1.0,0.0,0.0,0.0,2,0,0
5449,31,16,15,11,4,9,7,4,1,0,3,0,0,0,0,0,0,0,0,0,0,0,0,1.0,1.0,1.0,0.0,0.0,0.0,2,0,0
5450,31,16,15,11,4,9,7,4,1,0,3,0,0,0,0,0,0,0,0,0,0,0,0,1.0,1.0,1.0,0.0,0.0,0.0,2,0,0
5451,31,16,15,11,4,9,7,4,1,0,3,0,0,0,0,0,0,0,0,0,0,0,0,1.0,1.0,1.0,0.0,0.0,0.0,2,0,0
5452,31,16,15,11,4,9,7,4,1,0,3,0,0,0,0,0,0,0,0,0,0,0,0,1.0,1.0,1.0,0.0,0.0,0.0,2,0,0
5453,31,16,15,11,4,9,7,4,1,0,3,0,0,0,0,0,0,0,0,0,0,0,0,1.0,1.0,1.0,0.0,0.0,0.0,2,0,0
5454,31,16,15,11,4,9,7,4,1,0,3,0,0,0,0,0,0,0,0,0,0,0,0,1.0,1.0,1.0,0.0,0.0,0.0,2,0,0
5455,31,16,15,11,4,9,7,4,1,0,3,0,0,0,0,0,0,0,0,0,0,0,0,1.0,1.0,1.0,0.0,0.0,0.0,2,0,0
5456,35,17,18,15,4,9,7,4,0,0,4,0,0,0,0,0,0,0,0,1,0,0,0,1.0,1.0,1.0,0.12903225806451613,0.12903225806451613,0.0,2,4,0
5457,35,17,18,12,7,9,7,4,0,0,4,0,0,0,0,0,0,0,0,0,0,0,0,1.0,1.0,1.0,0.0,0.0,0.0,2,0,0
5458,35,17,18,12,7,9,7,4,0,0,4,0,0,0,0,0,0,0,0,0,0,0,0,1.0,1.0,1.0,0.0,0.0,0.0,2,0,0
5459,35,17,18,12,7,9,7,4,0,0,3,0,0,0,0,0,0,0,0,0,0,0,0,1.0,1.0,1.0,0.0,0.0,0.0,2,0,0
5460,35,17,18,12,7,9,7,4,0,0,3,0,0,0,0,0,0,0,0,0,0,0,0,1.0,1.0,1.0,0.0,0.0,0.0,2,0,0
5461,34,17,17,12,7,8,7,4,0,0,3,0,0,0,0,0,0,0,0,0,0,0,0,1.0,1.0,1.0,0.0,0.0,0.0,2,0,1
5462,34,17,17,12,7,8,7,4,0,0,3,0,0,0,0,0,0,0,0,0,0,0,0,1.0,1.0,1.0,0.0,0.0,0.0,2,0,0
5463,34,17,17,12,7,8,7,4,0,0,3,0,0,0,0,0,0,0,0,0,0,0,0,1.0,1.0,1.0,0.0,0.0,0.0,2,0,0
5464,34,17,17,12,7,8,7,4,0,0,3,0,0,0,0,0,0,0,0,0,0,0,0,1.0,1.0,1.0,0.0,0.0,0.0,2,0,0
5465,34,17,17,12,7,8,7,4,0,0,3,0,0,0,0,0,0,0,0,0,0,0,0,1.0,1.0,1.0,0.0,0.0,0.0,2,0,0
5466,34,17,17,12,7,8,7,4,0,0,3,0,0,0,0,0,0,0,0,0,0,0,0,1.0,1.0,1.0,0.0,0.0,0.0,2,0,0
5467,34,17,17,12,7,8,7,4,0,0,3,0,0,0,0,0,0,0,0,0,0,0,0,1.0,1.0,1.0,0.0,0.0,0.0,2,0,0
5468,34,17,17,12,7,8,7,4,0,0,3,0,0,0,0,0,0,0,0,0,0,0,0,1.0,1.0,1.0,0.0,0.0,0.0,2,0,0
5469,34,17,17,12,7,8,7,4,0,0,3,0,0,0,0,0,0,0,0,0,0,0,0,1.0,1.0,1.0,0.0,0.0,0.0,2,0,0
5470,34,17,17,8,11,8,7,4,0,0,3,0,0,0,0,0,0,0,0,0,0,0,0,1.0,1.0,1.0,0.0,0.0,0.0,2,0,0
5471,34,17,17,8,11,8,7,4,0,0,3,0,0,0,0,0,0,0,0,0,0,0,0,1.0,1.0,1.0,0.0,0.0,0.0,2,0,0
5472,33,17,16,8,11,7,7,4,0,0,2,0,0,0,0,0,0,0,0,0,0,0,0,1.0,1.0,1.0,0.0,0.0,0.0,2,0,1
5473,33,17,16,8,11,7,7,4,0,0,2,0,0,0,0,0,0,0,0,0,0,0,0,1.0,1.0,1.0,0.0,0.0,0.0,2,0,0
5474,33,17,16,8,11,7,7,4,0,0,2,0,0,0,0,0,0,0,0,0,0,0,0,1.0,1.0,1.0,0.0,0.0,0.0,2,0,0
5475,31,16,15,7,11,6,7,4,0,0,2,0,0,1,1,0,0,0,0,0,1,0,2,0.9473684210526316,1.0,1.0,0.0,0.0,0.0,2,0,2
5476,30,15,15,7,11,5,7,4,0,0,2,0,0,1,0,0,0,0,0,0,0,0,1,1.0,1.0,1.0,0.0,0.0,0.0,2,0,1
5477,29,15,14,7,10,5,7,4,0,0,2,0,0,0,1,0,0,0,0,0,1,0,1,0.9444444444444444,1.0,1.0,0.0,0.0,0.0,2,0,1
5478,29,15,14,7,10,5,7,4,0,0,2,0,0,0,0,0,0,0,0,0,0,0,0,1.0,1.0,1.0,0.0,0.0,0.0,2,0,0
5479,29,15,14,7,10,5,7,4,0,0,2,0,0,0,0,0,0,0,0,0,0,0,0,1.0,1.0,1.0,0.0,0.0,0.0,2,0,0
5480,29,15,14,7,10,5,7,4,0,0,2,0,0,0,0,0,0,0,0,0,0,0,0,1.0,1.0,1.0,0.0,0.0,0.0,2,0,0
5481,28,14,14,6,10,5,7,4,0,0,2,0,0,1,0,0,0,0,0,0,1,0,1,0.9411764705882353,1.0,1.0,0.0,0.0,0.0,2,0,1
5482,28,14,14,6,10,5,7,4,0,0,2,0,0,0,0,0,0,0,0,0,0,0,0,1.0,1.0,1.0,0.0,0.0,0.0,2,0,0
5483,28,14,14,3,13,5,7,4,0,0,2,0,0,0,0,0,0,0,0,0,0,0,0,1.0,1.0,1.0,0.0,0.0,0.0,2,0,0
5484,28,14,14,3,13,5,7,4,0,0,2,0,0,0,0,0,0,0,0,0,0,0,0,1.0,1.0,1.0,0.0,0.0,0.0,2,0,0
5485,28,14,14,3,13,5,7,4,0,0,1,0,0,0,0,0,0,0,0,0,0,0,0,1.0,1.0,1.0,0.0,0.0,0.0,2,0,0
5486,28,14,14,3,13,5,7,4,0,0,1,0,0,0,0,0,0,0,0,0,0,0,0,1.0,1.0,1.0,0.0,0.0,0.0,2,0,0
5487,28,14,14,3,13,5,7,4,0,0,1,0,0,0,0,0,0,0,0,0,0,0,0,1.0,1.0,1.0,0.0,0.0,0.0,2,0,0
5488,28,14,14,3,13,5,7,4,0,0,1,0,0,0,0,0,0,0,0,0,0,0,0,1.0,1.0,1.0,0.0,0.0,0.0,2,0,0
5489,28,14,14,3,13,5,7,4,0,0,1,0,0,0,0,0,0,0,0,0,0,0,0,1.0,1.0,1.0,0.0,0.0,0.0,2,0,0
5490,28,14,14,3,13,5,7,4,0,0,1,0,0,0,0,0,0,0,0,0,0,0,0,1.0,1.0,1.0,0.0,0.0,0.0,2,0,0
5491,28,14,14,3,13,5,7,4,0,0,1,0,0,0,0,0,0,0,0,0,0,0,0,1.0,1.0,1.0,0.0,0.0,0.0,2,0,0
5492,27,13,14,3,13,4,7,4,0,0,1,0,0,0,0,0,0,0,0,0,0,0,0,1.0,1.0,1.0,0.0,0.0,0.0,2,0,1
5493,27,13,14,3,13,4,7,4,0,0,1,0,0,0,0,0,0,0,0,0,0,0,0,1.0,1.0,1.0,0.0,0.0,0.0,2,0,0
5494,27,13,14,3,13,4,7,4,0,0,1,0,0,0,0,0,0,0,0,0,0,0,0,1.0,1.0,1.0,0.0,0.0,0.0,2,0,0
5495,27,13,14,3,13,4,7,4,0,0,1,0,0,0,0,0,0,0,0,0,0,0,0,1.0,1.0,1.0,0.0,0.0,0.0,2,0,0
5496,27,13,14,3,13,4,7,4,0,0,1,0,0,0,0,0,0,0,0,0,0,0,0,1.0,1.0,1.0,0.0,0.0,0.0,2,0,0
5497,27,13,14,3,13,4,7,4,0,0,1,0,0,0,0,0,0,0,0,0,0,0,0,1.0,1.0,1.0,0.0,0.0,0.0,2,0,0
5498,27,13,14,3,13,4,7,4,0,0,1,0,0,0,0,0,0,0,0,0,0,0,0,1.0,1.0,1.0,0.0,0.0,0.0,2,0,0
5499,27,13,14,0,16,4,7,4,0,0,1,0,0,0,0,0,0,0,0,0,0,0,0,1.0,1.0,1.0,0.0,0.0,0.0,2,0,0
5500,27,13,14,0,16,4,7,4,0,0,1,0,0,0,0,0,0,0,0,0,0,0,0,1.0,1.0,1.0,0.0,0.0,0.0,2,0,0
5501,27,13,14,0,16,4,7,4,0,0,0,0,0,0,0,0,0,0,0,0,0,0,0,1.0,1.0,1.0,0.0,0.0,0.0,2,0,0
5502,26,12,14,0,16,3,7,4,0,0,0,0,0,0,0,0,0,0,0,0,0,0,0,1.0,1.0,1.0,0.0,0.0,0.0,2,0,1
5503,26,12,14,0,16,3,7,4,0,0,0,0,0,0,0,0,0,0,0,0,0,0,0,1.0,1.0,1.0,0.0,0.0,0.0,2,0,0
5504,26,12,14,0,16,3,7,4,0,0,0,0,0,0,0,0,0,0,0,0,0,0,0,1.0,1.0,1.0,0.0,0.0,0.0,2,0,0
5505,26,12,14,0,16,3,7,4,1,0,0,0,0,0,0,0,14,1,0,0,0,0,0,1.0,1.0,1.0,0.0,0.0,0.07142857142857142,2,0,0
5506,26,12,14,0,16,3,7,4,3,0,0,0,0,0,0,0,7,2,0,0,0,0,0,1.0,1.0,1.0,0.0,0.0,0.2857142857142857,2,0,0
5507,26,12,14,0,16,3,7,4,4,0,0,0,0,0,0,0,3,1,0,0,0,0,0,1.0,1.0,1.0,0.0,0.0,0.3333333333333333,2,0,0
5508,26,12,14,0,16,3,7,4,4,0,0,0,0,0,0,0,0,0,0,0,0,0,0,1.0,1.0,1.0,0.0,0.0,0.0,2,0,0
5509,26,12,14,0,16,2,8,5,4,0,0,0,0,0,0,0,1,0,0,0,0,1,0,1.0,1.0,1.0,0.0,0.0,0.0,2,0,0
5510,26,12,14,0,16,2,8,5,4,0,0,0,0,0,0,0,0,0,0,0,0,0,0,1.0,1.0,1.0,0.0,0.0,0.0,2,0,0
5511,26,12,14,0,16,2,8,5,4,0,0,0,0,0,0,0,0,0,0,0,0,0,0,1.0,1.0,1.0,0.0,0.0,0.0,2,0,0
5512,26,12,14,0,16,2,8,5,4,0,0,0,0,0,0,0,0,0,0,0,0,0,0,1.0,1.0,1.0,0.0,0.0,0.0,2,0,0
5513,26,12,14,0,15,3,8,5,4,0,0,0,0,0,0,0,0,0,0,0,0,0,0,1.0,1.0,1.0,0.0,0.0,0.0,2,0,0
5514,26,12,14,0,15,3,8,5,4,0,0,0,0,0,0,0,0,0,0,0,0,0,0,1.0,1.0,1.0,0.0,0.0,0.0,2,0,0
5515,26,12,14,0,15,3,8,5,4,0,0,0,0,0,0,0,0,0,0,0,0,0,0,1.0,1.0,1.0,0.0,0.0,0.0,2,0,0
5516,26,12,14,0,15,3,8,5,4,0,0,0,0,0,0,0,0,0,0,0,0,0,0,1.0,1.0,1.0,0.0,0.0,0.0,2,0,0
5517,26,12,14,0,15,3,8,5,4,0,0,0,0,0,0,0,0,0,0,0,0,0,0,1.0,1.0,1.0,0.0,0.0,0.0,2,0,0
5518,26,12,14,0,15,3,8,5,5,0,0,0,0,0,0,0,4,1,0,0,0,0,0,1.0,1.0,1.0,0.0,0.0,0.25,2,0,0
5519,26,12,14,0,15,3,8,5,5,0,0,0,0,0,0,0,0,0,0,0,0,0,0,1.0,1.0,1.0,0.0,0.0,0.0,2,0,0
5520,26,12,14,0,15,3,8,5,5,0,0,0,0,0,0,0,0,0,0,0,0,0,0,1.0,1.0,1.0,0.0,0.0,0.0,2,0,0
5521,26,12,14,0,15,3,8,5,5,0,0,0,0,0,0,0,0,0,0,0,0,0,0,1.0,1.0,1.0,0.0,0.0,0.0,2,0,0
5522,26,12,14,0,15,3,8,5,5,0,0,0,0,0,0,0,0,0,0,0,0,0,0,1.0,1.0,1.0,0.0,0.0,0.0,2,0,0
5523,26,12,14,0,15,2,9,6,5,0,0,0,0,0,0,0,0,0,0,0,0,2,0,1.0,1.0,1.0,0.0,0.0,0.0,2,0,0
5524,26,12,14,0,15,2,9,6,5,0,0,0,0,0,0,0,0,0,0,0,0,0,0,1.0,1.0,1.0,0.0,0.0,0.0,2,0,0
5525,26,12,14,0,15,2,9,6,5,0,0,0,0,0,0,0,0,0,0,0,0,0,0,1.0,1.0,1.0,0.0,0.0,0.0,2,0,0
5526,26,12,14,0,15,2,9,6,5,0,0,0,0,0,0,0,0,0,0,0,0,0,0,1.0,1.0,1.0,0.0,0.0,0.0,2,0,0
5527,26,12,14,0,13,4,9,6,5,0,0,0,0,0,0,0,0,0,0,0,0,0,0,1.0,1.0,1.0,0.0,0.0,0.0,2,0,0
5528,26,12,14,0,13,4,9,6,5,0,0,0,0,0,0,0,0,0,0,0,0,0,0,1.0,1.0,1.0,0.0,0.0,0.0,2,0,0
5529,26,12,14,0,13,4,9,6,5,0,0,0,0,0,0,0,0,0,0,0,0,0,0,1.0,1.0,1.0,0.0,0.0,0.0,2,0,0
5530,26,12,14,0,13,4,9,6,5,0,0,0,0,0,0,0,0,0,0,0,0,0,0,1.0,1.0,1.0,0.0,0.0,0.0,2,0,0
5531,26,12,14,0,13,4,9,6,6,0,0,0,0,0,0,0,5,1,0,0,0,0,0,1.0,1.0,1.0,0.0,0.0,0.2,2,0,0
5532,26,12,14,0,13,4,9,6,6,0,0,0,0,0,0,0,0,0,0,0,0,0,0,1.0,1.0,1.0,0.0,0.0,0.0,2,0,0
5533,26,12,14,0,13,4,9,6,6,0,0,0,0,0,0,0,0,0,0,0,0,0,0,1.0,1.0,1.0,0.0,0.0,0.0,2,0,0
5534,25,12,13,0,13,4,8,5,5,0,0,0,0,0,0,0,0,0,0,0,0,0,0,1.0,1.0,0.8333333333333334,0.0,0.0,0.0,2,0,1
5535,25,12,13,0,13,4,8,5,5,0,0,0,0,0,0,0,0,0,0,0,0,0,0,1.0,1.0,1.0,0.0,0.0,0.0,2,0,0
5536,25,12,13,0,13,4,8,5,5,0,0,0,0,0,0,0,0,0,0,0,0,0,0,1.0,1.0,1.0,0.0,0.0,0.0,2,0,0
5537,25,12,13,0,13,4,8,5,5,0,0,0,0,0,0,0,0,0,0,0,0,0,0,1.0,1.0,1.0,0.0,0.0,0.0,2,0,0
5538,25,12,13,0,13,4,8,5,5,0,0,0,0,0,0,0,0,0,0,0,0,0,0,1.0,1.0,1.0,0.0,0.0,0.0,2,0,0
5539,25,12,13,0,13,4,8,5,5,0,0,0,0,0,0,0,0,0,0,0,0,0,0,1.0,1.0,1.0,0.0,0.0,0.0,2,0,0
5540,25,12,13,0,13,4,8,5,5,0,0,0,0,0,0,0,0,0,0,0,0,0,0,1.0,1.0,1.0,0.0,0.0,0.0,2,0,0
5541,25,12,13,0,13,4,8,5,5,0,0,0,0,0,0,0,0,0,0,0,0,0,0,1.0,1.0,1.0,0.0,0.0,0.0,2,0,0
5542,25,12,13,0,13,4,8,5,5,0,0,0,0,0,0,0,0,0,0,0,0,0,0,1.0,1.0,1.0,0.0,0.0,0.0,2,0,0
5543,25,12,13,0,13,4,8,5,5,0,0,0,0,0,0,0,0,0,0,0,0,0,0,1.0,1.0,1.0,0.0,0.0,0.0,2,0,0
5544,25,12,13,0,13,4,8,5,5,0,0,0,0,0,0,0,0,0,0,0,0,0,0,1.0,1.0,1.0,0.0,0.0,0.0,2,0,0
5545,25,12,13,0,13,4,8,5,5,0,0,0,0,0,0,0,0,0,0,0,0,0,0,1.0,1.0,1.0,0.0,0.0,0.0,2,0,0
5546,25,12,13,0,13,4,8,5,5,0,0,0,0,0,0,0,0,0,0,0,0,0,0,1.0,1.0,1.0,0.0,0.0,0.0,2,0,0
5547,25,12,13,0,13,4,8,5,5,0,0,0,0,0,0,0,0,0,0,0,0,0,0,1.0,1.0,1.0,0.0,0.0,0.0,2,0,0
5548,25,12,13,0,13,4,8,5,5,0,0,0,0,0,0,0,0,0,0,0,0,0,0,1.0,1.0,1.0,0.0,0.0,0.0,2,0,0
5549,25,12,13,0,13,4,8,5,5,0,0,0,0,0,0,0,0,0,0,0,0,0,0,1.0,1.0,1.0,0.0,0.0,0.0,2,0,0
5550,25,12,13,0,13,4,8,5,5,0,0,0,0,0,0,0,0,0,0,0,0,0,0,1.0,1.0,1.0,0.0,0.0,0.0,2,0,0
5551,25,12,13,0,13,4,8,5,5,0,0,0,0,0,0,0,0,0,0,0,0,0,0,1.0,1.0,1.0,0.0,0.0,0.0,2,0,0
5552,25,12,13,0,13,4,8,5,5,0,0,0,0,0,0,0,0,0,0,0,0,0,0,1.0,1.0,1.0,0.0,0.0,0.0,2,0,0
5553,25,12,13,0,13,4,8,5,5,0,0,0,0,0,0,0,0,0,0,0,0,0,0,1.0,1.0,1.0,0.0,0.0,0.0,2,0,0
5554,25,12,13,0,13,4,8,5,5,0,0,0,0,0,0,0,0,0,0,0,0,0,0,1.0,1.0,1.0,0.0,0.0,0.0,2,0,0
5555,25,12,13,0,13,4,8,5,5,0,0,0,0,0,0,0,0,0,0,0,0,0,0,1.0,1.0,1.0,0.0,0.0,0.0,2,0,0
5556,25,12,13,0,13,4,8,5,5,0,0,0,0,0,0,0,0,0,0,0,0,0,0,1.0,1.0,1.0,0.0,0.0,0.0,2,0,0
5557,25,12,13,0,13,4,8,5,5,0,0,0,0,0,0,0,0,0,0,0,0,0,0,1.0,1.0,1.0,0.0,0.0,0.0,2,0,0
5558,25,12,13,0,13,4,8,5,5,0,0,0,0,0,0,0,0,0,0,0,0,0,0,1.0,1.0,1.0,0.0,0.0,0.0,2,0,0
5559,25,12,13,0,13,4,8,5,5,0,0,0,0,0,0,0,0,0,0,0,0,0,0,1.0,1.0,1.0,0.0,0.0,0.0,2,0,0
5560,25,12,13,0,13,4,8,5,5,0,0,0,0,0,0,0,0,0,0,0,0,0,0,1.0,1.0,1.0,0.0,0.0,0.0,2,0,0
5561,25,12,13,0,13,4,8,5,5,0,0,0,0,0,0,0,0,0,0,0,0,0,0,1.0,1.0,1.0,0.0,0.0,0.0,2,0,0
5562,25,12,13,0,13,4,8,5,5,0,0,0,0,0,0,0,0,0,0,0,0,0,0,1.0,1.0,1.0,0.0,0.0,0.0,2,0,0
5563,25,12,13,0,13,4,8,5,5,0,0,0,0,0,0,0,0,0,0,0,0,0,0,1.0,1.0,1.0,0.0,0.0,0.0,2,0,0
5564,25,12,13,0,13,4,8,5,5,0,0,0,0,0,0,0,0,0,0,0,0,0,0,1.0,1.0,1.0,0.0,0.0,0.0,2,0,0
5565,25,12,13,0,13,4,8,5,5,0,0,0,0,0,0,0,0,0,0,0,0,0,0,1.0,1.0,1.0,0.0,0.0,0.0,2,0,0
5566,25,12,13,0,13,4,8,5,5,0,0,0,0,0,0,0,0,0,0,0,0,0,0,1.0,1.0,1.0,0.0,0.0,0.0,2,0,0
5567,23,11,12,0,12,4,7,4,4,0,0,0,0,1,1,0,0,0,0,0,1,0,2,0.9230769230769231,1.0,0.8,0.0,0.0,0.0,2,0,2
5568,20,11,9,0,11,2,7,4,4,0,0,0,0,0,3,0,0,0,0,0,1,0,3,0.9166666666666666,1.0,1.0,0.0,0.0,0.0,2,0,3
5569,20,11,9,0,11,2,7,4,4,0,0,0,0,0,0,0,0,0,0,0,0,0,0,1.0,1.0,1.0,0.0,0.0,0.0,2,0,0
5570,24,11,13,4,11,2,7,4,3,0,1,0,0,0,0,0,0,0,0,1,0,0,0,1.0,1.0,1.0,0.2,0.2,0.0,2,4,0
5571,31,14,17,11,11,2,7,4,1,0,3,0,0,0,0,0,0,0,0,2,0,0,0,1.0,1.0,1.0,0.2916666666666667,0.2916666666666667,0.0,2,7,0
5572,30,13,17,11,10,2,7,4,1,0,3,0,0,1,0,0,0,0,0,0,1,0,1,0.9545454545454546,1.0,1.0,0.0,0.0,0.0,2,0,1
5573,30,13,17,11,10,2,7,4,1,0,3,0,0,0,0,0,0,0,0,0,0,0,0,1.0,1.0,1.0,0.0,0.0,0.0,2,0,0
5574,30,13,17,11,10,2,7,4,1,0,3,0,0,0,0,0,0,0,0,0,0,0,0,1.0,1.0,1.0,0.0,0.0,0.0,2,0,0
5575,30,13,17,11,10,2,7,4,1,0,3,0,0,0,0,0,0,0,0,0,0,0,0,1.0,1.0,1.0,0.0,0.0,0.0,2,0,0
5576,30,13,17,11,10,2,7,4,1,0,3,0,0,0,0,0,0,0,0,0,0,0,0,1.0,1.0,1.0,0.0,0.0,0.0,2,0,0
5577,29,12,17,11,9,2,7,4,1,0,3,0,0,0,0,0,0,0,0,0,1,0,1,0.9523809523809523,1.0,1.0,0.0,0.0,0.0,2,0,1
5578,29,12,17,11,9,2,7,4,1,0,3,0,0,0,0,0,0,0,0,0,0,0,0,1.0,1.0,1.0,0.0,0.0,0.0,2,0,0
5579,29,12,17,11,9,2,7,4,1,0,3,0,0,0,0,0,0,0,0,0,0,0,0,1.0,1.0,1.0,0.0,0.0,0.0,2,0,0
5580,29,12,17,11,9,2,7,4,1,0,3,0,0,0,0,0,0,0,0,0,0,0,0,1.0,1.0,1.0,0.0,0.0,0.0,2,0,0
5581,29,12,17,11,9,2,7,4,1,0,3,0,0,0,0,0,0,0,0,0,0,0,0,1.0,1.0,1.0,0.0,0.0,0.0,2,0,0
5582,29,12,17,11,9,2,7,4,1,0,3,0,0,0,0,0,0,0,0,0,0,0,0,1.0,1.0,1.0,0.0,0.0,0.0,2,0,0
5583,32,13,19,14,9,2,7,4,0,0,4,0,0,0,0,0,0,0,0,1,0,0,0,1.0,1.0,1.0,0.10344827586206896,0.10344827586206896,0.0,2,3,0
5584,32,13,19,14,9,2,7,4,0,0,4,0,0,0,0,0,0,0,0,0,0,0,0,1.0,1.0,1.0,0.0,0.0,0.0,2,0,0
5585,32,13,19,14,9,2,7,4,0,0,4,0,0,0,0,0,0,0,0,0,0,0,0,1.0,1.0,1.0,0.0,0.0,0.0,2,0,0
5586,32,13,19,14,9,2,7,4,0,0,4,0,0,0,0,0,0,0,0,0,0,0,0,1.0,1.0,1.0,0.0,0.0,0.0,2,0,0
5587,32,13,19,14,9,2,7,4,0,0,4,0,0,0,0,0,0,0,0,0,0,0,0,1.0,1.0,1.0,0.0,0.0,0.0,2,0,0
5588,32,13,19,14,9,2,7,4,0,0,4,0,0,0,0,0,0,0,0,0,0,0,0,1.0,1.0,1.0,0.0,0.0,0.0,2,0,0
5589,32,13,19,14,9,2,7,4,0,0,4,0,0,0,0,0,0,0,0,0,0,0,0,1.0,1.0,1.0,0.0,0.0,0.0,2,0,0
5590,32,13,19,14,9,2,7,4,0,0,4,0,0,0,0,0,0,0,0,0,0,0,0,1.0,1.0,1.0,0.0,0.0,0.0,2,0,0
5591,32,13,19,14,9,2,7,4,0,0,4,0,0,0,0,0,0,0,0,0,0,0,0,1.0,1.0,1.0,0.0,0.0,0.0,2,0,0
5592,32,13,19,14,9,2,7,4,0,0,4,0,0,0,0,0,0,0,0,0,0,0,0,1.0,1.0,1.0,0.0,0.0,0.0,2,0,0
5593,32,13,19,14,9,2,7,4,0,0,4,0,0,0,0,0,0,0,0,0,0,0,0,1.0,1.0,1.0,0.0,0.0,0.0,2,0,0
5594,32,13,19,14,9,2,7,4,0,0,4,0,0,0,0,0,0,0,0,0,0,3,0,1.0,1.0,1.0,0.0,0.0,0.0,2,0,0
5595,32,13,19,14,9,2,7,4,0,0,4,0,0,0,0,0,0,0,0,0,0,0,0,1.0,1.0,1.0,0.0,0.0,0.0,2,0,0
5596,32,13,19,14,9,2,7,4,0,0,4,0,0,0,0,0,0,0,0,0,0,0,0,1.0,1.0,1.0,0.0,0.0,0.0,2,0,0
5597,32,13,19,14,9,2,7,4,0,0,4,0,0,0,0,0,0,0,0,0,0,0,0,1.0,1.0,1.0,0.0,0.0,0.0,2,0,0
5598,32,13,19,14,6,5,7,4,0,0,4,0,0,0,0,0,0,0,0,0,0,0,0,1.0,1.0,1.0,0.0,0.0,0.0,2,0,0
5599,32,13,19,14,6,5,7,4,0,0,4,0,0,0,0,0,0,0,0,0,0,0,0,1.0,1.0,1.0,0.0,0.0,0.0,2,0,0
5600,32,13,19,14,6,5,7,4,0,0,4,0,0,0,0,0,0,0,0,0,0,0,0,1.0,1.0,1.0,0.0,0.0,0.0,2,0,0
5601,32,13,19,14,6,5,7,4,0,0,4,0,0,0,0,0,0,0,0,0,0,0,0,1.0,1.0,1.0,0.0,0.0,0.0,2,0,0
5602,32,13,19,14,6,5,7,4,0,0,4,0,0,0,0,0,0,0,0,0,0,0,0,1.0,1.0,1.0,0.0,0.0,0.0,2,0,0
5603,32,13,19,14,6,5,7,4,0,0,4,0,0,0,0,0,0,0,0,0,0,0,0,1.0,1.0,1.0,0.0,0.0,0.0,2,0,0
5604,32,13,19,14,6,5,7,4,0,0,4,0,0,0,0,0,0,0,0,0,0,0,0,1.0,1.0,1.0,0.0,0.0,0.0,2,0,0
5605,32,13,19,14,6,5,7,4,0,0,4,0,0,0,0,0,0,0,0,0,0,0,0,1.0,1.0,1.0,0.0,0.0,0.0,2,0,0
5606,32,13,19,14,6,5,7,4,0,0,4,0,0,0,0,0,0,0,0,0,0,0,0,1.0,1.0,1.0,0.0,0.0,0.0,2,0,0
5607,32,13,19,14,6,5,7,4,0,0,4,0,0,0,0,0,0,0,0,0,0,3,0,1.0,1.0,1.0,0.0,0.0,0.0,2,0,0
5608,32,13,19,14,6,5,7,4,0,0,4,0,0,0,0,0,0,0,0,0,0,0,0,1.0,1.0,1.0,0.0,0.0,0.0,2,0,0
5609,32,13,19,14,6,5,7,4,0,0,4,0,0,0,0,0,0,0,0,0,0,0,0,1.0,1.0,1.0,0.0,0.0,0.0,2,0,0
5610,32,13,19,14,6,5,7,4,0,0,4,0,0,0,0,0,0,0,0,0,0,0,0,1.0,1.0,1.0,0.0,0.0,0.0,2,0,0
5611,32,13,19,14,3,8,7,4,0,0,4,0,0,0,0,0,0,0,0,0,0,0,0,1.0,1.0,1.0,0.0,0.0,0.0,2,0,0
5612,32,13,19,14,3,8,7,4,0,0,4,0,0,0,0,0,0,0,0,0,0,0,0,1.0,1.0,1.0,0.0,0.0,0.0,2,0,0
5613,31,13,18,9,7,8,7,4,0,0,4,0,0,0,0,0,0,0,0,0,1,0,1,0.9411764705882353,1.0,1.0,0.0,0.0,0.0,2,0,1
5614,31,13,18,3,13,8,7,4,0,0,4,0,0,0,0,0,0,0,0,0,0,0,0,1.0,1.0,1.0,0.0,0.0,0.0,2,0,0
5615,31,13,18,3,13,8,7,4,0,0,3,0,0,0,0,0,0,0,0,0,0,0,0,1.0,1.0,1.0,0.0,0.0,0.0,2,0,0
5616,31,13,18,3,13,8,7,4,1,0,1,0,0,0,0,0,4,1,0,0,0,0,0,1.0,1.0,1.0,0.0,0.0,0.25,2,0,0
5617,31,13,18,3,13,8,7,4,2,0,1,0,0,0,0,0,6,1,0,0,0,0,0,1.0,1.0,1.0,0.0,0.0,0.16666666666666666,2,0,0
5618,31,13,18,3,13,8,7,4,3,0,1,0,0,0,0,0,8,1,0,0,0,0,0,1.0,1.0,1.0,0.0,0.0,0.125,2,0,0
5619,31,13,18,3,13,8,7,4,3,0,1,0,0,0,0,0,0,0,0,0,0,0,0,1.0,1.0,1.0,0.0,0.0,0.0,2,0,0
5620,31,13,18,3,13,8,7,4,3,0,1,0,0,0,0,0,0,0,0,0,0,1,0,1.0,1.0,1.0,0.0,0.0,0.0,2,0,0
5621,31,13,18,3,13,8,7,4,3,0,1,0,0,0,0,0,0,0,0,0,0,0,0,1.0,1.0,1.0,0.0,0.0,0.0,2,0,0
5622,31,13,18,3,13,8,7,4,3,0,1,0,0,0,0,0,0,0,0,0,0,0,0,1.0,1.0,1.0,0.0,0.0,0.0,2,0,0
5623,31,13,18,3,13,8,7,4,3,0,1,0,0,0,0,0,0,0,0,0,0,0,0,1.0,1.0,1.0,0.0,0.0,0.0,2,0,0
5624,31,13,18,3,12,9,7,4,3,0,1,0,0,0,0,0,0,0,0,0,0,0,0,1.0,1.0,1.0,0.0,0.0,0.0,2,0,0
5625,31,13,18,3,12,9,7,4,3,0,1,0,0,0,0,0,0,0,0,0,0,0,0,1.0,1.0,1.0,0.0,0.0,0.0,2,0,0
5626,31,13,18,0,15,9,7,4,3,0,1,0,0,0,0,0,0,0,0,0,0,0,0,1.0,1.0,1.0,0.0,0.0,0.0,2,0,0
5627,31,13,18,0,15,9,7,4,3,0,1,0,0,0,0,0,0,0,0,0,0,0,0,1.0,1.0,1.0,0.0,0.0,0.0,2,0,0
5628,31,13,18,0,15,9,7,4,3,0,0,0,0,0,0,0,0,0,0,0,0,0,0,1.0,1.0,1.0,0.0,0.0,0.0,2,0,0
5629,31,13,18,0,15,9,7,4,3,0,0,0,0,0,0,0,8,0,0,0,0,0,0,1.0,1.0,1.0,0.0,0.0,0.0,2,0,0
5630,31,13,18,0,15,9,7,4,3,0,0,0,0,0,0,0,1,0,0,0,0,0,0,1.0,1.0,1.0,0.0,0.0,0.0,2,0,0
5631,31,13,18,0,15,9,7,4,4,0,0,0,0,0,0,0,6,1,0,0,0,0,0,1.0,1.0,1.0,0.0,0.0,0.16666666666666666,2,0,0
5632,31,13,18,0,15,9,7,4,4,0,0,0,0,0,0,0,0,0,0,0,0,0,0,1.0,1.0,1.0,0.0,0.0,0.0,2,0,0
5633,31,13,18,0,15,9,7,4,4,0,0,0,0,0,0,0,0,0,0,0,0,0,0,1.0,1.0,1.0,0.0,0.0,0.0,2,0,0
5634,31,13,18,0,15,9,7,4,4,0,0,0,0,0,0,0,0,0,0,0,0,0,0,1.0,1.0,1.0,0.0,0.0,0.0,2,0,0
5635,31,13,18,0,15,9,7,4,4,0,0,0,0,0,0,0,0,0,0,0,0,0,0,1.0,1.0,1.0,0.0,0.0,0.0,2,0,0
5636,31,13,18,0,15,9,7,4,4,0,0,0,0,0,0,0,0,0,0,0,0,2,0,1.0,1.0,1.0,0.0,0.0,0.0,2,0,0
5637,31,13,18,0,15,9,7,4,4,0,0,0,0,0,0,0,0,0,0,0,0,0,0,1.0,1.0,1.0,0.0,0.0,0.0,2,0,0
5638,31,13,18,0,15,9,7,4,4,0,0,0,0,0,0,0,0,0,0,0,0,0,0,1.0,1.0,1.0,0.0,0.0,0.0,2,0,0
5639,31,13,18,0,15,9,7,4,4,0,0,0,0,0,0,0,0,0,0,0,0,0,0,1.0,1.0,1.0,0.0,0.0,0.0,2,0,0
5640,31,13,18,0,13,11,7,4,4,0,0,0,0,0,0,0,0,0,0,0,0,0,0,1.0,1.0,1.0,0.0,0.0,0.0,2,0,0
5641,31,13,18,0,13,11,7,4,4,0,0,0,0,0,0,0,0,0,0,0,0,0,0,1.0,1.0,1.0,0.0,0.0,0.0,2,0,0
5642,31,13,18,0,13,11,7,4,4,0,0,0,0,0,0,0,0,0,0,0,0,0,0,1.0,1.0,1.0,0.0,0.0,0.0,2,0,0
5643,31,13,18,0,13,11,7,4,4,0,0,0,0,0,0,0,0,0,0,0,0,0,0,1.0,1.0,1.0,0.0,0.0,0.0,2,0,0
5644,31,13,18,0,13,11,7,4,4,0,0,0,0,0,0,0,0,0,0,0,0,0,0,1.0,1.0,1.0,0.0,0.0,0.0,2,0,0
5645,31,13,18,0,13,11,7,4,4,0,0,0,0,0,0,0,0,0,0,0,0,0,0,1.0,1.0,1.0,0.0,0.0,0.0,2,0,0
5646,31,13,18,0,13,11,7,4,4,0,0,0,0,0,0,0,0,0,0,0,0,0,0,1.0,1.0,1.0,0.0,0.0,0.0,2,0,0
5647,31,13,18,0,13,11,7,4,4,0,0,0,0,0,0,0,0,0,0,0,0,0,0,1.0,1.0,1.0,0.0,0.0,0.0,2,0,0
5648,31,13,18,0,13,11,7,4,4,0,0,0,0,0,0,0,0,0,0,0,0,0,0,1.0,1.0,1.0,0.0,0.0,0.0,2,0,0
5649,31,13,18,0,13,11,7,4,4,0,0,0,0,0,0,0,0,0,0,0,0,0,0,1.0,1.0,1.0,0.0,0.0,0.0,2,0,0
5650,31,13,18,0,13,11,7,4,4,0,0,0,0,0,0,0,0,0,0,0,0,0,0,1.0,1.0,1.0,0.0,0.0,0.0,2,0,0
5651,31,13,18,0,13,11,7,4,4,0,0,0,0,0,0,0,0,0,0,0,0,0,0,1.0,1.0,1.0,0.0,0.0,0.0,2,0,0
5652,31,13,18,0,13,11,7,4,4,0,0,0,0,0,0,0,0,0,0,0,0,0,0,1.0,1.0,1.0,0.0,0.0,0.0,2,0,0
5653,31,13,18,0,13,11,7,4,4,0,0,0,0,0,0,0,0,0,0,0,0,0,0,1.0,1.0,1.0,0.0,0.0,0.0,2,0,0
5654,31,13,18,0,13,11,7,4,4,0,0,0,0,0,0,0,0,0,0,0,0,0,0,1.0,1.0,1.0,0.0,0.0,0.0,2,0,0
5655,31,13,18,0,13,11,7,4,4,0,0,0,0,0,0,0,0,0,0,0,0,0,0,1.0,1.0,1.0,0.0,0.0,0.0,2,0,0
5656,31,13,18,0,13,11,7,4,4,0,0,0,0,0,0,0,0,0,0,0,0,0,0,1.0,1.0,1.0,0.0,0.0,0.0,2,0,0
5657,31,13,18,0,13,11,7,4,4,0,0,0,0,0,0,0,0,0,0,0,0,0,0,1.0,1.0,1.0,0.0,0.0,0.0,2,0,0
5658,31,13,18,0,13,11,7,4,4,0,0,0,0,0,0,0,0,0,0,0,0,0,0,1.0,1.0,1.0,0.0,0.0,0.0,2,0,0
5659,30,12,18,0,12,11,7,4,4,0,0,0,0,1,0,0,0,0,0,0,1,0,1,0.9230769230769231,1.0,1.0,0.0,0.0,0.0,2,0,1
5660,29,12,17,0,11,11,7,4,4,0,0,0,0,0,1,0,0,0,0,0,1,0,1,0.9166666666666666,1.0,1.0,0.0,0.0,0.0,2,0,1
5661,28,11,17,0,11,11,6,4,4,0,0,0,0,0,0,0,0,0,0,0,0,0,0,1.0,0.6666666666666667,1.0,0.0,0.0,0.0,2,0,1
5662,26,10,16,0,11,9,6,3,3,0,0,0,0,0,1,0,0,0,0,0,0,0,1,1.0,1.0,0.75,0.0,0.0,0.0,2,0,2
5663,24,10,14,0,10,9,5,2,2,0,0,0,0,0,2,0,0,0,0,0,1,0,2,0.9090909090909091,1.0,0.6666666666666667,0.0,0.0,0.0,2,0,2
5664,23,9,14,0,9,9,5,2,2,0,0,0,0,1,0,0,0,0,0,0,1,0,1,0.9,1.0,1.0,0.0,0.0,0.0,2,0,1
5665,23,9,14,0,9,9,5,2,2,0,0,0,0,0,0,0,0,0,0,0,0,0,0,1.0,1.0,1.0,0.0,0.0,0.0,2,0,0
5666,23,9,14,0,9,9,5,2,2,0,0,0,0,0,0,0,0,0,0,0,0,0,0,1.0,1.0,1.0,0.0,0.0,0.0,2,0,0
5667,23,9,14,0,9,9,5,2,2,0,0,0,0,0,0,0,0,0,0,0,0,0,0,1.0,1.0,1.0,0.0,0.0,0.0,2,0,0
5668,23,9,14,0,9,9,5,2,2,0,0,0,0,0,0,0,0,0,0,0,0,0,0,1.0,1.0,1.0,0.0,0.0,0.0,2,0,0
5669,23,9,14,0,9,9,5,2,2,0,0,0,0,0,0,0,0,0,0,0,0,0,0,1.0,1.0,1.0,0.0,0.0,0.0,2,0,0
5670,23,9,14,0,9,9,5,2,2,0,0,0,0,0,0,0,0,0,0,0,0,0,0,1.0,1.0,1.0,0.0,0.0,0.0,2,0,0
5671,23,9,14,0,9,9,5,2,2,0,0,0,0,0,0,0,0,0,0,0,0,0,0,1.0,1.0,1.0,0.0,0.0,0.0,2,0,0
5672,23,9,14,0,9,9,5,2,2,0,0,0,0,0,0,0,0,0,0,0,0,0,0,1.0,1.0,1.0,0.0,0.0,0.0,2,0,0
5673,23,9,14,0,9,9,5,2,2,0,0,0,0,0,0,0,0,0,0,0,0,0,0,1.0,1.0,1.0,0.0,0.0,0.0,2,0,0
5674,23,9,14,0,9,9,5,2,2,0,0,0,0,0,0,0,0,0,0,0,0,0,0,1.0,1.0,1.0,0.0,0.0,0.0,2,0,0
5675,23,9,14,0,9,9,5,2,2,0,0,0,0,0,0,0,0,0,0,0,0,0,0,1.0,1.0,1.0,0.0,0.0,0.0,2,0,0
5676,23,9,14,0,9,9,5,2,2,0,0,0,0,0,0,0,0,0,0,0,0,0,0,1.0,1.0,1.0,0.0,0.0,0.0,2,0,0
5677,22,8,14,0,9,8,5,2,2,0,0,0,0,0,0,0,0,0,0,0,0,0,0,1.0,1.0,1.0,0.0,0.0,0.0,2,0,1
5678,22,8,14,0,9,8,5,2,2,0,0,0,0,0,0,0,0,0,0,0,0,0,0,1.0,1.0,1.0,0.0,0.0,0.0,2,0,0
5679,22,8,14,0,9,8,5,2,2,0,0,0,0,0,0,0,0,0,0,0,0,0,0,1.0,1.0,1.0,0.0,0.0,0.0,2,0,0
5680,22,8,14,0,9,8,5,2,2,0,0,0,0,0,0,0,0,0,0,0,0,0,0,1.0,1.0,1.0,0.0,0.0,0.0,2,0,0
5681,25,9,16,3,9,8,5,2,1,0,1,0,0,0,0,0,0,0,0,1,0,0,0,1.0,1.0,1.0,0.13636363636363635,0.13636363636363635,0.0,2,3,0
5682,25,9,16,3,9,8,5,2,1,0,1,0,0,0,0,0,0,0,0,0,0,0,0,1.0,1.0,1.0,0.0,0.0,0.0,2,0,0
5683,29,12,17,7,9,8,5,2,0,0,2,0,0,0,0,0,0,0,0,1,0,0,0,1.0,1.0,1.0,0.16,0.16,0.0,2,4,0
5684,29,12,17,7,9,8,5,2,0,0,2,0,0,0,0,0,0,0,0,0,0,0,0,1.0,1.0,1.0,0.0,0.0,0.0,2,0,0
5685,29,12,17,7,9,8,5,2,0,0,2,0,0,0,0,0,0,0,0,0,0,0,0,1.0,1.0,1.0,0.0,0.0,0.0,2,0,0
5686,29,12,17,7,9,8,5,2,0,0,2,0,0,0,0,0,0,0,0,0,0,0,0,1.0,1.0,1.0,0.0,0.0,0.0,2,0,0
5687,29,12,17,7,9,8,5,2,0,0,2,0,0,0,0,0,0,0,0,0,0,0,0,1.0,1.0,1.0,0.0,0.0,0.0,2,0,0
5688,29,12,17,7,9,8,5,2,0,0,2,0,0,0,0,0,0,0,0,0,0,0,0,1.0,1.0,1.0,0.0,0.0,0.0,2,0,0
5689,29,12,17,7,9,8,5,2,0,0,2,0,0,0,0,0,0,0,0,0,0,0,0,1.0,1.0,1.0,0.0,0.0,0.0,2,0,0
5690,29,12,17,7,9,8,5,2,0,0,2,0,0,0,0,0,0,0,0,0,0,0,0,1.0,1.0,1.0,0.0,0.0,0.0,2,0,0
5691,29,12,17,7,9,8,5,2,0,0,2,0,0,0,0,0,0,0,0,0,0,0,0,1.0,1.0,1.0,0.0,0.0,0.0,2,0,0
5692,29,12,17,7,9,8,5,2,0,0,2,0,0,0,0,0,0,0,0,0,0,0,0,1.0,1.0,1.0,0.0,0.0,0.0,2,0,0
5693,29,12,17,7,9,8,5,2,0,0,2,0,0,0,0,0,0,0,0,0,0,0,0,1.0,1.0,1.0,0.0,0.0,0.0,2,0,0
5694,29,12,17,7,9,8,5,2,0,0,2,0,0,0,0,0,0,0,0,0,0,0,0,1.0,1.0,1.0,0.0,0.0,0.0,2,0,0
5695,29,12,17,7,9,8,5,2,0,0,2,0,0,0,0,0,0,0,0,0,0,0,0,1.0,1.0,1.0,0.0,0.0,0.0,2,0,0
5696,29,12,17,7,9,8,5,2,0,0,2,0,0,0,0,0,0,0,0,0,0,0,0,1.0,1.0,1.0,0.0,0.0,0.0,2,0,0
5697,29,12,17,7,9,8,5,2,0,0,2,0,0,0,0,0,0,0,0,0,0,0,0,1.0,1.0,1.0,0.0,0.0,0.0,2,0,0
5698,28,11,17,7,8,8,5,2,0,0,2,0,0,0,0,0,0,0,0,0,1,0,1,0.9375,1.0,1.0,0.0,0.0,0.0,2,0,1
5699,28,11,17,7,8,8,5,2,0,0,2,0,0,0,0,0,0,0,0,0,0,0,0,1.0,1.0,1.0,0.0,0.0,0.0,2,0,0
5700,28,11,17,7,8,8,5,2,0,0,2,0,0,0,0,0,0,0,0,0,0,0,0,1.0,1.0,1.0,0.0,0.0,0.0,2,0,0
5701,28,11,17,7,8,8,5,2,0,0,2,0,0,0,0,0,0,0,0,0,0,0,0,1.0,1.0,1.0,0.0,0.0,0.0,2,0,0
5702,28,11,17,7,8,8,5,2,0,0,2,0,0,0,0,0,0,0,0,0,0,0,0,1.0,1.0,1.0,0.0,0.0,0.0,2,0,0
5703,28,11,17,7,8,8,5,2,0,0,2,0,0,0,0,0,0,0,0,0,0,0,0,1.0,1.0,1.0,0.0,0.0,0.0,2,0,0
5704,28,11,17,7,8,8,5,2,0,0,2,0,0,0,0,0,0,0,0,0,0,0,0,1.0,1.0,1.0,0.0,0.0,0.0,2,0,0
5705,28,11,17,7,8,8,5,2,0,0,2,0,0,0,0,0,0,0,0,0,0,0,0,1.0,1.0,1.0,0.0,0.0,0.0,2,0,0
5706,28,11,17,7,8,8,5,2,0,0,2,0,0,0,0,0,0,0,0,0,0,0,0,1.0,1.0,1.0,0.0,0.0,0.0,2,0,0
5707,28,11,17,7,8,8,5,2,0,0,2,0,0,0,0,0,0,0,0,0,0,0,0,1.0,1.0,1.0,0.0,0.0,0.0,2,0,0
5708,28,11,17,7,8,8,5,2,0,0,2,0,0,0,0,0,0,0,0,0,0,0,0,1.0,1.0,1.0,0.0,0.0,0.0,2,0,0
5709,28,11,17,7,8,8,5,2,0,0,2,0,0,0,0,0,0,0,0,0,0,0,0,1.0,1.0,1.0,0.0,0.0,0.0,2,0,0
5710,28,11,17,7,8,8,5,2,0,0,2,0,0,0,0,0,0,0,0,0,0,0,0,1.0,1.0,1.0,0.0,0.0,0.0,2,0,0
5711,28,11,17,7,8,8,5,2,0,0,2,0,0,0,0,0,0,0,0,0,0,0,0,1.0,1.0,1.0,0.0,0.0,0.0,2,0,0
5712,28,11,17,7,8,8,5,2,0,0,2,0,0,0,0,0,0,0,0,0,0,0,0,1.0,1.0,1.0,0.0,0.0,0.0,2,0,0
5713,27,11,16,6,8,8,5,2,0,0,2,0,0,0,0,0,0,0,0,0,1,0,1,0.9333333333333333,1.0,1.0,0.0,0.0,0.0,2,0,1
5714,27,11,16,6,8,8,5,2,0,0,2,0,0,0,0,0,0,0,0,0,0,0,0,1.0,1.0,1.0,0.0,0.0,0.0,2,0,0
5715,27,11,16,6,8,8,5,2,0,0,2,0,0,0,0,0,0,0,0,0,0,0,0,1.0,1.0,1.0,0.0,0.0,0.0,2,0,0
5716,27,11,16,6,8,8,5,2,0,0,2,0,0,0,0,0,0,0,0,0,0,0,0,1.0,1.0,1.0,0.0,0.0,0.0,2,0,0
5717,27,11,16,6,8,8,5,2,0,0,2,0,0,0,0,0,0,0,0,0,0,0,0,1.0,1.0,1.0,0.0,0.0,0.0,2,0,0
5718,27,11,16,6,8,8,5,2,0,0,2,0,0,0,0,0,0,0,0,0,0,0,0,1.0,1.0,1.0,0.0,0.0,0.0,2,0,0
5719,27,11,16,6,8,8,5,2,0,0,2,0,0,0,0,0,0,0,0,0,0,0,0,1.0,1.0,1.0,0.0,0.0,0.0,2,0,0
5720,27,11,16,6,8,8,5,2,0,0,2,0,0,0,0,0,0,0,0,0,0,0,0,1.0,1.0,1.0,0.0,0.0,0.0,2,0,0
5721,27,11,16,6,8,8,5,2,0,0,2,0,0,0,0,0,0,0,0,0,0,0,0,1.0,1.0,1.0,0.0,0.0,0.0,2,0,0
5722,27,11,16,6,8,8,5,2,0,0,2,0,0,0,0,0,0,0,0,0,0,0,0,1.0,1.0,1.0,0.0,0.0,0.0,2,0,0
5723,27,11,16,6,8,8,5,2,0,0,2,0,0,0,0,0,0,0,0,0,0,0,0,1.0,1.0,1.0,0.0,0.0,0.0,2,0,0
5724,27,11,16,3,11,8,5,2,0,0,2,0,0,0,0,0,0,0,0,0,0,0,0,1.0,1.0,1.0,0.0,0.0,0.0,2,0,0
5725,27,11,16,3,11,8,5,2,0,0,2,0,0,0,0,0,0,0,0,0,0,0,0,1.0,1.0,1.0,0.0,0.0,0.0,2,0,0
5726,27,11,16,0,14,8,5,2,0,0,1,0,0,0,0,0,0,0,0,0,0,0,0,1.0,1.0,1.0,0.0,0.0,0.0,2,0,0
5727,27,11,16,0,14,8,5,2,1,0,1,0,0,0,0,0,3,1,0,0,0,0,0,1.0,1.0,1.0,0.0,0.0,0.3333333333333333,2,0,0
5728,27,11,16,0,14,8,5,2,1,0,0,0,0,0,0,0,0,0,0,0,0,0,0,1.0,1.0,1.0,0.0,0.0,0.0,2,0,0
5729,27,11,16,0,14,8,5,2,1,0,0,0,0,0,0,0,7,0,0,0,0,0,0,1.0,1.0,1.0,0.0,0.0,0.0,2,0,0
5730,27,11,16,0,14,8,5,2,2,0,0,0,0,0,0,0,7,1,0,0,0,0,0,1.0,1.0,1.0,0.0,0.0,0.14285714285714285,2,0,0
5731,27,11,16,0,14,8,5,2,2,0,0,0,0,0,0,0,0,0,0,0,0,0,0,1.0,1.0,1.0,0.0,0.0,0.0,2,0,0
5732,27,11,16,0,14,8,5,2,2,0,0,0,0,0,0,0,0,0,0,0,0,0,0,1.0,1.0,1.0,0.0,0.0,0.0,2,0,0
5733,27,11,16,0,14,7,6,2,2,0,0,0,0,0,0,0,0,0,0,0,0,0,0,1.0,1.0,1.0,0.0,0.0,0.0,2,0,0
5734,27,11,16,0,14,7,6,2,2,0,0,0,0,0,0,0,0,0,0,0,0,0,0,1.0,1.0,1.0,0.0,0.0,0.0,2,0,0
5735,27,11,16,0,14,7,6,2,2,0,0,0,0,0,0,0,0,0,0,0,0,0,0,1.0,1.0,1.0,0.0,0.0,0.0,2,0,0
5736,27,11,16,0,14,7,6,2,2,0,0,0,0,0,0,0,0,0,0,0,0,0,0,1.0,1.0,1.0,0.0,0.0,0.0,2,0,0
5737,27,11,16,0,14,7,6,2,2,0,0,0,0,0,0,0,0,0,0,0,0,0,0,1.0,1.0,1.0,0.0,0.0,0.0,2,0,0
5738,27,11,16,0,14,6,7,3,2,0,0,0,0,0,0,0,0,0,0,0,0,0,0,1.0,1.0,1.0,0.0,0.0,0.0,2,0,0
5739,27,11,16,0,14,6,7,3,3,0,0,0,0,0,0,0,2,1,0,0,0,0,0,1.0,1.0,1.0,0.0,0.0,0.5,2,0,0
5740,27,11,16,0,14,6,7,3,3,0,0,0,0,0,0,0,0,0,0,0,0,0,0,1.0,1.0,1.0,0.0,0.0,0.0,2,0,0
5741,27,11,16,0,14,6,7,3,3,0,0,0,0,0,0,0,0,0,0,0,0,0,0,1.0,1.0,1.0,0.0,0.0,0.0,2,0,0
5742,27,11,16,0,14,6,7,3,3,0,0,0,0,0,0,0,0,0,0,0,0,0,0,1.0,1.0,1.0,0.0,0.0,0.0,2,0,0
5743,27,11,16,0,14,6,7,3,3,0,0,0,0,0,0,0,0,0,0,0,0,0,0,1.0,1.0,1.0,0.0,0.0,0.0,2,0,0
5744,26,10,16,0,13,6,7,3,3,0,0,0,0,0,0,0,0,0,0,0,1,0,1,0.9285714285714286,1.0,1.0,0.0,0.0,0.0,2,0,1
5745,26,10,16,0,13,6,7,3,3,0,0,0,0,0,0,0,0,0,0,0,0,0,0,1.0,1.0,1.0,0.0,0.0,0.0,2,0,0
5746,26,10,16,0,13,4,9,3,3,0,0,0,0,0,0,0,0,0,0,0,0,0,0,1.0,1.0,1.0,0.0,0.0,0.0,2,0,0
5747,26,10,16,0,13,4,9,3,3,0,0,0,0,0,0,0,0,0,0,0,0,0,0,1.0,1.0,1.0,0.0,0.0,0.0,2,0,0
5748,26,10,16,0,13,4,9,3,3,0,0,0,0,0,0,0,0,0,0,0,0,0,0,1.0,1.0,1.0,0.0,0.0,0.0,2,0,0
5749,25,10,15,0,12,4,9,3,3,0,0,0,0,0,1,0,0,0,0,0,1,0,1,0.9230769230769231,1.0,1.0,0.0,0.0,0.0,2,0,1
5750,25,10,15,0,12,4,9,3,3,0,0,0,0,0,0,0,0,0,0,0,0,3,0,1.0,1.0,1.0,0.0,0.0,0.0,2,0,0
5751,25,10,15,0,12,4,9,3,3,0,0,0,0,0,0,0,0,0,0,0,0,3,0,1.0,1.0,1.0,0.0,0.0,0.0,2,0,0
5752,23,10,13,0,11,3,9,3,3,0,0,0,0,0,2,0,0,0,0,0,1,0,2,0.9166666666666666,1.0,1.0,0.0,0.0,0.0,2,0,2
5753,23,10,13,0,11,3,9,3,3,0,0,0,0,0,0,0,0,0,0,0,0,0,0,1.0,1.0,1.0,0.0,0.0,0.0,2,0,0
5754,23,10,13,0,8,6,9,3,3,0,0,0,0,0,0,0,0,0,0,0,0,0,0,1.0,1.0,1.0,0.0,0.0,0.0,2,0,0
5755,22,9,13,0,4,9,9,3,3,0,0,0,0,1,0,0,0,0,0,0,1,0,1,0.8,1.0,1.0,0.0,0.0,0.0,2,0,1
5756,22,9,13,0,4,9,9,3,3,0,0,0,0,0,0,0,0,0,0,0,0,0,0,1.0,1.0,1.0,0.0,0.0,0.0,2,0,0
5757,22,9,13,0,4,9,9,3,3,0,0,0,0,0,0,0,0,0,0,0,0,0,0,1.0,1.0,1.0,0.0,0.0,0.0,2,0,0
5758,22,9,13,0,4,9,9,3,3,0,0,0,0,0,0,0,0,0,0,0,0,0,0,1.0,1.0,1.0,0.0,0.0,0.0,2,0,0
5759,22,9,13,0,4,9,9,3,3,0,0,0,0,0,0,0,0,0,0,0,0,0,0,1.0,1.0,1.0,0.0,0.0,0.0,2,0,0
5760,22,9,13,0,4,9,9,3,3,0,0,0,0,0,0,0,0,0,0,0,0,0,0,1.0,1.0,1.0,0.0,0.0,0.0,2,0,0
5761,22,9,13,0,4,9,9,3,3,0,0,0,0,0,0,0,0,0,0,0,0,0,0,1.0,1.0,1.0,0.0,0.0,0.0,2,0,0
5762,22,9,13,0,4,9,9,3,3,0,0,0,0,0,0,0,0,0,0,0,0,0,0,1.0,1.0,1.0,0.0,0.0,0.0,2,0,0
5763,22,9,13,0,4,9,9,3,3,0,0,0,0,0,0,0,0,0,0,0,0,1,0,1.0,1.0,1.0,0.0,0.0,0.0,2,0,0
5764,22,9,13,0,4,9,9,3,3,0,0,0,0,0,0,0,0,0,0,0,0,0,0,1.0,1.0,1.0,0.0,0.0,0.0,2,0,0
5765,22,9,13,0,4,9,9,3,3,0,0,0,0,0,0,0,0,0,0,0,0,0,0,1.0,1.0,1.0,0.0,0.0,0.0,2,0,0
5766,22,9,13,0,4,9,9,3,3,0,0,0,0,0,0,0,0,0,0,0,0,0,0,1.0,1.0,1.0,0.0,0.0,0.0,2,0,0
5767,22,9,13,0,3,10,9,3,3,0,0,0,0,0,0,0,0,0,0,0,0,0,0,1.0,1.0,1.0,0.0,0.0,0.0,2,0,0
5768,22,9,13,0,3,10,9,3,3,0,0,0,0,0,0,0,0,0,0,0,0,0,0,1.0,1.0,1.0,0.0,0.0,0.0,2,0,0
5769,22,9,13,0,3,10,9,3,3,0,0,0,0,0,0,0,0,0,0,0,0,0,0,1.0,1.0,1.0,0.0,0.0,0.0,2,0,0
5770,22,9,13,0,3,10,9,3,3,0,0,0,0,0,0,0,0,0,0,0,0,0,0,1.0,1.0,1.0,0.0,0.0,0.0,2,0,0
5771,22,9,13,0,3,10,9,3,3,0,0,0,0,0,0,0,0,0,0,0,0,0,0,1.0,1.0,1.0,0.0,0.0,0.0,2,0,0
5772,22,9,13,0,3,10,9,3,3,0,0,0,0,0,0,0,0,0,0,0,0,0,0,1.0,1.0,1.0,0.0,0.0,0.0,2,0,0
5773,22,9,13,0,3,10,9,3,3,0,0,0,0,0,0,0,0,0,0,0,0,0,0,1.0,1.0,1.0,0.0,0.0,0.0,2,0,0
5774,22,9,13,0,3,10,9,3,3,0,0,0,0,0,0,0,0,0,0,0,0,0,0,1.0,1.0,1.0,0.0,0.0,0.0,2,0,0
5775,22,9,13,0,3,10,9,3,3,0,0,0,0,0,0,0,0,0,0,0,0,0,0,1.0,1.0,1.0,0.0,0.0,0.0,2,0,0
5776,22,9,13,0,3,10,9,3,3,0,0,0,0,0,0,0,0,0,0,0,0,0,0,1.0,1.0,1.0,0.0,0.0,0.0,2,0,0
5777,22,9,13,0,3,10,9,3,3,0,0,0,0,0,0,0,0,0,0,0,0,0,0,1.0,1.0,1.0,0.0,0.0,0.0,2,0,0
5778,22,9,13,0,3,10,9,3,3,0,0,0,0,0,0,0,0,0,0,0,0,0,0,1.0,1.0,1.0,0.0,0.0,0.0,2,0,0
5779,22,9,13,0,3,10,9,3,3,0,0,0,0,0,0,0,0,0,0,0,0,0,0,1.0,1.0,1.0,0.0,0.0,0.0,2,0,0
5780,22,9,13,0,3,10,9,3,3,0,0,0,0,0,0,0,0,0,0,0,0,0,0,1.0,1.0,1.0,0.0,0.0,0.0,2,0,0
5781,22,9,13,0,3,10,9,3,3,0,0,0,0,0,0,0,0,0,0,0,0,0,0,1.0,1.0,1.0,0.0,0.0,0.0,2,0,0
5782,22,9,13,0,3,10,9,3,3,0,0,0,0,0,0,0,0,0,0,0,0,0,0,1.0,1.0,1.0,0.0,0.0,0.0,2,0,0
5783,22,9,13,0,3,10,9,3,3,0,0,0,0,0,0,0,0,0,0,0,0,0,0,1.0,1.0,1.0,0.0,0.0,0.0,2,0,0
5784,22,9,13,0,3,10,9,3,3,0,0,0,0,0,0,0,0,0,0,0,0,0,0,1.0,1.0,1.0,0.0,0.0,0.0,2,0,0
5785,22,9,13,0,3,10,9,3,3,0,0,0,0,0,0,0,0,0,0,0,0,0,0,1.0,1.0,1.0,0.0,0.0,0.0,2,0,0
5786,22,9,13,0,3,10,9,3,3,0,0,0,0,0,0,0,0,0,0,0,0,0,0,1.0,1.0,1.0,0.0,0.0,0.0,2,0,0
5787,22,9,13,0,3,10,9,3,3,0,0,0,0,0,0,0,0,0,0,0,0,0,0,1.0,1.0,1.0,0.0,0.0,0.0,2,0,0
5788,22,9,13,0,3,10,9,3,3,0,0,0,0,0,0,0,0,0,0,0,0,0,0,1.0,1.0,1.0,0.0,0.0,0.0,2,0,0
5789,22,9,13,0,3,10,9,3,3,0,0,0,0,0,0,0,0,0,0,0,0,0,0,1.0,1.0,1.0,0.0,0.0,0.0,2,0,0
5790,22,9,13,0,3,10,9,3,3,0,0,0,0,0,0,0,0,0,0,0,0,0,0,1.0,1.0,1.0,0.0,0.0,0.0,2,0,0
5791,22,9,13,0,3,10,9,3,3,0,0,0,0,0,0,0,0,0,0,0,0,0,0,1.0,1.0,1.0,0.0,0.0,0.0,2,0,0
5792,25,11,14,3,3,10,9,3,2,0,1,0,0,0,0,0,0,0,0,1,0,0,0,1.0,1.0,1.0,0.13636363636363635,0.13636363636363635,0.0,2,3,0
5793,25,11,14,3,3,10,9,3,2,0,1,0,0,0,0,0,0,0,0,0,0,0,0,1.0,1.0,1.0,0.0,0.0,0.0,2,0,0
5794,25,11,14,3,3,10,9,3,2,0,1,0,0,0,0,0,0,0,0,0,0,0,0,1.0,1.0,1.0,0.0,0.0,0.0,2,0,0
5795,29,11,18,7,3,10,9,3,1,0,2,0,0,0,0,0,0,0,0,1,0,0,0,1.0,1.0,1.0,0.16,0.16,0.0,2,4,0
5796,29,11,18,7,3,10,9,3,1,0,2,0,0,0,0,0,0,0,0,0,0,0,0,1.0,1.0,1.0,0.0,0.0,0.0,2,0,0
5797,29,11,18,7,3,10,9,3,1,0,2,0,0,0,0,0,0,0,0,0,0,0,0,1.0,1.0,1.0,0.0,0.0,0.0,2,0,0
5798,29,11,18,7,3,10,9,3,1,0,2,0,0,0,0,0,0,0,0,0,0,0,0,1.0,1.0,1.0,0.0,0.0,0.0,2,0,0
5799,29,11,18,7,3,10,9,3,1,0,2,0,0,0,0,0,0,0,0,0,0,0,0,1.0,1.0,1.0,0.0,0.0,0.0,2,0,0
5800,29,11,18,7,3,10,9,3,1,0,2,0,0,0,0,0,0,0,0,0,0,0,0,1.0,1.0,1.0,0.0,0.0,0.0,2,0,0
5801,29,11,18,7,3,10,9,3,1,0,2,0,0,0,0,0,0,0,0,0,0,0,0,1.0,1.0,1.0,0.0,0.0,0.0,2,0,0
5802,29,11,18,7,3,10,9,3,1,0,2,0,0,0,0,0,0,0,0,0,0,0,0,1.0,1.0,1.0,0.0,0.0,0.0,2,0,0
5803,29,11,18,7,3,10,9,3,1,0,2,0,0,0,0,0,0,0,0,0,0,0,0,1.0,1.0,1.0,0.0,0.0,0.0,2,0,0
5804,32,13,19,10,3,10,9,3,0,0,3,0,0,0,0,0,0,0,0,1,0,0,0,1.0,1.0,1.0,0.10344827586206896,0.10344827586206896,0.0,2,3,0
5805,32,13,19,10,3,9,10,4,0,0,3,0,0,0,0,0,0,0,0,0,0,0,0,1.0,1.0,1.0,0.0,0.0,0.0,2,0,0
5806,32,13,19,10,3,8,11,5,0,0,3,0,0,0,0,0,0,0,0,0,0,0,0,1.0,1.0,1.0,0.0,0.0,0.0,2,0,0
5807,32,13,19,10,3,8,11,5,0,0,3,0,0,0,0,0,0,0,0,0,0,0,0,1.0,1.0,1.0,0.0,0.0,0.0,2,0,0
5808,32,13,19,10,3,8,11,5,0,0,3,0,0,0,0,0,0,0,0,0,0,0,0,1.0,1.0,1.0,0.0,0.0,0.0,2,0,0
5809,31,13,18,10,2,8,11,5,0,0,3,0,0,0,0,0,0,0,0,0,1,0,1,0.9230769230769231,1.0,1.0,0.0,0.0,0.0,2,0,1
5810,31,13,18,10,2,8,11,5,0,0,3,0,0,0,0,0,0,0,0,0,0,0,0,1.0,1.0,1.0,0.0,0.0,0.0,2,0,0
5811,31,13,18,10,2,8,11,5,0,0,3,0,0,0,0,0,0,0,0,0,0,0,0,1.0,1.0,1.0,0.0,0.0,0.0,2,0,0
5812,31,13,18,10,2,8,11,5,0,0,3,0,0,0,0,0,0,0,0,0,0,0,0,1.0,1.0,1.0,0.0,0.0,0.0,2,0,0
5813,31,13,18,10,2,7,12,6,0,0,3,0,0,0,0,0,0,0,0,0,0,0,0,1.0,1.0,1.0,0.0,0.0,0.0,2,0,0
5814,31,13,18,10,2,7,12,6,0,0,3,0,0,0,0,0,0,0,0,0,0,0,0,1.0,1.0,1.0,0.0,0.0,0.0,2,0,0
5815,31,13,18,10,2,7,12,6,0,0,3,0,0,0,0,0,0,0,0,0,0,0,0,1.0,1.0,1.0,0.0,0.0,0.0,2,0,0
5816,31,13,18,10,2,7,12,6,0,0,3,0,0,0,0,0,0,0,0,0,0,0,0,1.0,1.0,1.0,0.0,0.0,0.0,2,0,0
5817,31,13,18,10,2,6,13,7,0,0,3,0,0,0,0,0,0,0,0,0,0,0,0,1.0,1.0,1.0,0.0,0.0,0.0,2,0,0
5818,31,13,18,10,2,6,13,7,0,0,3,0,0,0,0,0,0,0,0,0,0,0,0,1.0,1.0,1.0,0.0,0.0,0.0,2,0,0
5819,31,13,18,10,2,6,13,7,0,0,3,0,0,0,0,0,0,0,0,0,0,0,0,1.0,1.0,1.0,0.0,0.0,0.0,2,0,0
5820,31,13,18,10,2,6,13,7,0,0,3,0,0,0,0,0,0,0,0,0,0,0,0,1.0,1.0,1.0,0.0,0.0,0.0,2,0,0
5821,31,13,18,10,2,6,13,7,0,0,3,0,0,0,0,0,0,0,0,0,0,0,0,1.0,1.0,1.0,0.0,0.0,0.0,2,0,0
5822,31,13,18,10,2,6,13,7,0,0,3,0,0,0,0,0,0,0,0,0,0,0,0,1.0,1.0,1.0,0.0,0.0,0.0,2,0,0
5823,31,13,18,10,2,6,13,7,0,0,3,0,0,0,0,0,0,0,0,0,0,0,0,1.0,1.0,1.0,0.0,0.0,0.0,2,0,0
5824,31,13,18,10,2,6,13,7,0,0,3,0,0,0,0,0,0,0,0,0,0,0,0,1.0,1.0,1.0,0.0,0.0,0.0,2,0,0
5825,31,13,18,10,2,6,13,7,0,0,3,0,0,0,0,0,0,0,0,0,0,0,0,1.0,1.0,1.0,0.0,0.0,0.0,2,0,0
5826,31,13,18,10,2,6,13,7,0,0,3,0,0,0,0,0,0,0,0,0,0,0,0,1.0,1.0,1.0,0.0,0.0,0.0,2,0,0
5827,31,13,18,10,2,6,13,7,0,0,3,0,0,0,0,0,0,0,0,0,0,0,0,1.0,1.0,1.0,0.0,0.0,0.0,2,0,0
5828,31,13,18,10,2,6,13,7,0,0,3,0,0,0,0,0,0,0,0,0,0,0,0,1.0,1.0,1.0,0.0,0.0,0.0,2,0,0
5829,31,13,18,10,2,6,13,7,0,0,3,0,0,0,0,0,0,0,0,0,0,0,0,1.0,1.0,1.0,0.0,0.0,0.0,2,0,0
5830,31,13,18,10,2,6,13,7,0,0,3,0,0,0,0,0,0,0,0,0,0,0,0,1.0,1.0,1.0,0.0,0.0,0.0,2,0,0
5831,31,13,18,10,2,6,13,7,0,0,3,0,0,0,0,0,0,0,0,0,0,0,0,1.0,1.0,1.0,0.0,0.0,0.0,2,0,0
5832,31,13,18,10,2,6,13,7,0,0,3,0,0,0,0,0,0,0,0,0,0,0,0,1.0,1.0,1.0,0.0,0.0,0.0,2,0,0
5833,31,13,18,10,2,5,14,8,0,0,3,0,0,0,0,0,0,0,0,0,0,0,0,1.0,1.0,1.0,0.0,0.0,0.0,2,0,0
5834,31,13,18,10,2,5,14,8,0,0,3,0,0,0,0,0,0,0,0,0,0,0,0,1.0,1.0,1.0,0.0,0.0,0.0,2,0,0
5835,31,13,18,7,5,5,14,8,0,0,3,0,0,0,0,0,0,0,0,0,0,0,0,1.0,1.0,1.0,0.0,0.0,0.0,2,0,0
5836,31,13,18,7,5,5,14,8,0,0,3,0,0,0,0,0,0,0,0,0,0,0,0,1.0,1.0,1.0,0.0,0.0,0.0,2,0,0
5837,31,13,18,7,5,5,14,8,0,0,2,0,0,0,0,0,0,0,0,0,0,0,0,1.0,1.0,1.0,0.0,0.0,0.0,2,0,0
5838,31,13,18,3,9,5,14,8,0,0,2,0,0,0,0,0,0,0,0,0,0,0,0,1.0,1.0,1.0,0.0,0.0,0.0,2,0,0
5839,30,12,18,3,9,5,13,8,0,0,2,0,0,0,0,0,0,0,0,0,0,0,0,1.0,0.8333333333333334,1.0,0.0,0.0,0.0,2,0,1
5840,30,12,18,3,9,5,13,8,0,0,1,0,0,0,0,0,0,0,0,0,0,0,0,1.0,1.0,1.0,0.0,0.0,0.0,2,0,0
5841,28,12,16,3,9,4,12,7,0,0,1,0,0,0,2,0,0,0,0,0,0,0,2,1.0,1.0,0.875,0.0,0.0,0.0,2,0,2
5842,25,11,14,3,8,4,10,6,0,0,1,0,0,1,1,0,0,0,0,0,1,0,2,0.9166666666666666,0.8,0.8571428571428572,0.0,0.0,0.0,2,0,3
5843,24,10,14,3,8,4,9,6,0,0,1,0,0,1,0,0,0,0,0,0,0,0,1,1.0,0.75,1.0,0.0,0.0,0.0,2,0,1
5844,24,10,14,3,8,4,9,6,0,0,1,0,0,0,0,0,0,0,0,0,0,0,0,1.0,1.0,1.0,0.0,0.0,0.0,2,0,0
5845,23,10,13,3,8,4,8,5,0,0,1,0,0,0,1,0,0,0,0,0,0,0,1,1.0,1.0,0.8333333333333334,0.0,0.0,0.0,2,0,1
5846,23,10,13,3,8,4,8,5,0,0,1,0,0,0,0,0,0,0,0,0,0,0,0,1.0,1.0,1.0,0.0,0.0,0.0,2,0,0
5847,23,10,13,0,11,4,8,5,0,0,1,0,0,0,0,0,0,0,0,0,0,0,0,1.0,1.0,1.0,0.0,0.0,0.0,2,0,0
5848,23,10,13,0,11,4,8,5,0,0,1,0,0,0,0,0,0,0,0,0,0,0,0,1.0,1.0,1.0,0.0,0.0,0.0,2,0,0
5849,23,10,13,0,11,4,8,5,0,0,0,0,0,0,0,0,0,0,0,0,0,0,0,1.0,1.0,1.0,0.0,0.0,0.0,2,0,0
5850,23,10,13,0,11,4,8,5,0,0,0,0,0,0,0,0,0,0,0,0,0,0,0,1.0,1.0,1.0,0.0,0.0,0.0,2,0,0
5851,23,10,13,0,11,4,8,5,0,0,0,0,0,0,0,0,0,0,0,0,0,0,0,1.0,1.0,1.0,0.0,0.0,0.0,2,0,0
5852,23,10,13,0,11,4,8,5,0,0,0,0,0,0,0,0,0,0,0,0,0,0,0,1.0,1.0,1.0,0.0,0.0,0.0,2,0,0
5853,23,10,13,0,11,4,8,5,0,0,0,0,0,0,0,0,0,0,0,0,0,0,0,1.0,1.0,1.0,0.0,0.0,0.0,2,0,0
5854,23,10,13,0,11,3,9,6,0,0,0,0,0,0,0,0,0,0,0,0,0,0,0,1.0,1.0,1.0,0.0,0.0,0.0,2,0,0
5855,23,10,13,0,11,3,9,6,0,0,0,0,0,0,0,0,0,0,0,0,0,0,0,1.0,1.0,1.0,0.0,0.0,0.0,2,0,0
5856,23,10,13,0,11,3,9,6,0,0,0,0,0,0,0,0,0,0,0,0,0,0,0,1.0,1.0,1.0,0.0,0.0,0.0,2,0,0
5857,23,10,13,0,11,3,9,6,0,0,0,0,0,0,0,0,0,0,0,0,0,0,0,1.0,1.0,1.0,0.0,0.0,0.0,2,0,0
5858,23,10,13,0,11,3,9,6,0,0,0,0,0,0,0,0,0,0,0,0,0,0,0,1.0,1.0,1.0,0.0,0.0,0.0,2,0,0
5859,23,10,13,0,11,3,9,6,0,0,0,0,0,0,0,0,0,0,0,0,0,0,0,1.0,1.0,1.0,0.0,0.0,0.0,2,0,0
5860,23,10,13,0,11,3,9,6,0,0,0,0,0,0,0,0,0,0,0,0,0,0,0,1.0,1.0,1.0,0.0,0.0,0.0,2,0,0
5861,23,10,13,0,11,3,9,6,0,0,0,0,0,0,0,0,0,0,0,0,0,1,0,1.0,1.0,1.0,0.0,0.0,0.0,2,0,0
5862,23,10,13,0,11,3,9,6,0,0,0,0,0,0,0,0,0,0,0,0,0,0,0,1.0,1.0,1.0,0.0,0.0,0.0,2,0,0
5863,23,10,13,0,11,3,9,6,0,0,0,0,0,0,0,0,0,0,0,0,0,1,0,1.0,1.0,1.0,0.0,0.0,0.0,2,0,0
5864,23,10,13,0,11,3,9,6,0,0,0,0,0,0,0,0,0,0,0,0,0,0,0,1.0,1.0,1.0,0.0,0.0,0.0,2,0,0
5865,23,10,13,0,10,4,9,6,0,0,0,0,0,0,0,0,0,0,0,0,0,0,0,1.0,1.0,1.0,0.0,0.0,0.0,2,0,0
5866,23,10,13,0,10,4,9,6,0,0,0,0,0,0,0,0,0,0,0,0,0,0,0,1.0,1.0,1.0,0.0,0.0,0.0,2,0,0
5867,23,10,13,0,9,5,9,6,0,0,0,0,0,0,0,0,0,0,0,0,0,0,0,1.0,1.0,1.0,0.0,0.0,0.0,2,0,0
5868,23,10,13,0,9,5,9,6,0,0,0,0,0,0,0,0,0,0,0,0,0,0,0,1.0,1.0,1.0,0.0,0.0,0.0,2,0,0
5869,23,10,13,0,9,5,9,6,0,0,0,0,0,0,0,0,0,0,0,0,0,0,0,1.0,1.0,1.0,0.0,0.0,0.0,2,0,0
5870,23,10,13,0,9,5,9,6,1,0,0,0,0,0,0,0,6,1,0,0,0,0,0,1.0,1.0,1.0,0.0,0.0,0.16666666666666666,2,0,0
5871,23,10,13,0,9,5,9,6,1,0,0,0,0,0,0,0,10,0,0,0,0,0,0,1.0,1.0,1.0,0.0,0.0,0.0,2,0,0
5872,23,10,13,0,9,5,9,6,2,0,0,0,0,0,0,0,8,1,0,0,0,0,0,1.0,1.0,1.0,0.0,0.0,0.125,2,0,0
5873,23,10,13,0,9,5,9,6,2,1,0,0,0,0,0,0,6,0,1,0,0,0,0,1.0,1.0,1.0,0.0,0.0,0.0,2,0,0
5874,23,10,13,0,9,5,9,6,3,1,0,0,0,0,0,0,5,1,0,0,0,0,0,1.0,1.0,1.0,0.0,0.0,0.2,2,0,0
5875,23,10,13,0,9,5,9,6,3,1,0,0,0,0,0,0,0,0,0,0,0,0,0,1.0,1.0,1.0,0.0,0.0,0.0,2,0,0
5876,23,10,13,0,9,5,9,6,3,1,0,0,0,0,0,0,0,0,0,0,0,0,0,1.0,1.0,1.0,0.0,0.0,0.0,2,0,0
5877,23,10,13,0,9,5,9,6,3,1,0,0,0,0,0,0,0,0,0,0,0,0,0,1.0,1.0,1.0,0.0,0.0,0.0,2,0,0
5878,23,10,13,0,9,5,9,6,3,1,0,0,0,0,0,0,0,0,0,0,0,0,0,1.0,1.0,1.0,0.0,0.0,0.0,2,0,0
5879,23,10,13,0,9,5,9,6,3,1,0,0,0,0,0,0,0,0,0,0,0,0,0,1.0,1.0,1.0,0.0,0.0,0.0,2,0,0
5880,23,10,13,0,9,4,10,7,3,1,0,0,0,0,0,0,0,0,0,0,0,0,0,1.0,1.0,1.0,0.0,0.0,0.0,2,0,0
5881,23,10,13,0,9,4,10,7,3,1,0,0,0,0,0,0,0,0,0,0,0,0,0,1.0,1.0,1.0,0.0,0.0,0.0,2,0,0
5882,23,10,13,0,9,4,10,7,3,1,0,0,0,0,0,0,0,0,0,0,0,0,0,1.0,1.0,1.0,0.0,0.0,0.0,2,0,0
5883,23,10,13,0,9,4,10,7,5,1,0,0,0,0,0,0,8,2,0,0,0,0,0,1.0,1.0,1.0,0.0,0.0,0.25,2,0,0
5884,23,10,13,0,9,4,10,7,5,1,0,0,0,0,0,0,5,0,0,0,0,0,0,1.0,1.0,1.0,0.0,0.0,0.0,2,0,0
5885,23,10,13,0,9,4,10,7,6,1,0,0,0,0,0,0,2,1,0,0,0,0,0,1.0,1.0,1.0,0.0,0.0,0.5,2,0,0
5886,23,10,13,0,9,4,10,7,6,1,0,0,0,0,0,0,0,0,0,0,0,0,0,1.0,1.0,1.0,0.0,0.0,0.0,2,0,0
5887,23,10,13,0,9,4,10,7,6,1,0,0,0,0,0,0,0,0,0,0,0,0,0,1.0,1.0,1.0,0.0,0.0,0.0,2,0,0
5888,23,10,13,0,9,4,10,7,6,1,0,0,0,0,0,0,0,0,0,0,0,0,0,1.0,1.0,1.0,0.0,0.0,0.0,2,0,0
5889,23,10,13,0,9,4,10,7,6,1,0,0,0,0,0,0,0,0,0,0,0,0,0,1.0,1.0,1.0,0.0,0.0,0.0,2,0,0
5890,23,10,13,0,9,3,11,7,6,1,0,0,0,0,0,0,0,0,0,0,0,0,0,1.0,1.0,1.0,0.0,0.0,0.0,2,0,0
5891,23,10,13,0,9,3,11,7,6,1,0,0,0,0,0,0,0,0,0,0,0,0,0,1.0,1.0,1.0,0.0,0.0,0.0,2,0,0
5892,23,10,13,0,9,3,11,7,6,1,0,0,0,0,0,0,0,0,0,0,0,0,0,1.0,1.0,1.0,0.0,0.0,0.0,2,0,0
5893,23,10,13,0,9,3,11,7,6,1,0,0,0,0,0,0,0,0,0,0,0,0,0,1.0,1.0,1.0,0.0,0.0,0.0,2,0,0
5894,23,10,13,0,9,3,11,7,6,1,0,0,0,0,0,0,0,0,0,0,0,0,0,1.0,1.0,1.0,0.0,0.0,0.0,2,0,0
5895,23,10,13,0,9,3,11,7,6,1,0,0,0,0,0,0,0,0,0,0,0,0,0,1.0,1.0,1.0,0.0,0.0,0.0,2,0,0
5896,23,10,13,0,9,3,11,7,6,1,0,0,0,0,0,0,0,0,0,0,0,0,0,1.0,1.0,1.0,0.0,0.0,0.0,2,0,0
5897,23,10,13,0,9,3,11,7,6,1,0,0,0,0,0,0,0,0,0,0,0,0,0,1.0,1.0,1.0,0.0,0.0,0.0,2,0,0
5898,23,10,13,0,9,3,11,7,6,1,0,0,0,0,0,0,0,0,0,0,0,0,0,1.0,1.0,1.0,0.0,0.0,0.0,2,0,0
5899,23,10,13,0,9,3,11,7,6,1,0,0,0,0,0,0,0,0,0,0,0,0,0,1.0,1.0,1.0,0.0,0.0,0.0,2,0,0
5900,23,10,13,0,9,3,11,7,6,1,0,0,0,0,0,0,0,0,0,0,0,0,0,1.0,1.0,1.0,0.0,0.0,0.0,2,0,0
5901,23,10,13,0,9,3,11,7,6,1,0,0,0,0,0,0,0,0,0,0,0,0,0,1.0,1.0,1.0,0.0,0.0,0.0,2,0,0
5902,23,10,13,0,9,3,11,7,6,1,0,0,0,0,0,0,0,0,0,0,0,0,0,1.0,1.0,1.0,0.0,0.0,0.0,2,0,0
5903,23,10,13,0,9,3,11,7,6,1,0,0,0,0,0,0,0,0,0,0,0,0,0,1.0,1.0,1.0,0.0,0.0,0.0,2,0,0
5904,23,10,13,0,9,3,11,7,6,1,0,0,0,0,0,0,0,0,0,0,0,0,0,1.0,1.0,1.0,0.0,0.0,0.0,2,0,0
5905,23,10,13,0,9,3,11,7,6,1,0,0,0,0,0,0,0,0,0,0,0,0,0,1.0,1.0,1.0,0.0,0.0,0.0,2,0,0
5906,23,10,13,0,9,2,12,8,6,1,0,0,0,0,0,0,0,0,0,0,0,0,0,1.0,1.0,1.0,0.0,0.0,0.0,2,0,0
5907,23,10,13,0,9,2,12,8,6,1,0,0,0,0,0,0,0,0,0,0,0,0,0,1.0,1.0,1.0,0.0,0.0,0.0,2,0,0
5908,23,10,13,0,9,2,12,8,6,1,0,0,0,0,0,0,0,0,0,0,0,0,0,1.0,1.0,1.0,0.0,0.0,0.0,2,0,0
5909,23,10,13,0,9,2,12,8,6,1,0,0,0,0,0,0,1,0,0,0,0,0,0,1.0,1.0,1.0,0.0,0.0,0.0,2,0,0
5910,23,10,13,0,9,2,12,8,7,1,0,0,0,0,0,0,5,1,0,0,0,0,0,1.0,1.0,1.0,0.0,0.0,0.2,2,0,0
5911,23,10,13,0,9,2,12,8,7,1,0,0,0,0,0,0,0,0,0,0,0,0,0,1.0,1.0,1.0,0.0,0.0,0.0,2,0,0
5912,23,10,13,0,9,2,12,8,7,1,0,0,0,0,0,0,0,0,0,0,0,0,0,1.0,1.0,1.0,0.0,0.0,0.0,2,0,0
5913,23,10,13,0,9,2,12,8,7,1,0,0,0,0,0,0,0,0,0,0,0,0,0,1.0,1.0,1.0,0.0,0.0,0.0,2,0,0
5914,23,10,13,0,9,2,12,8,7,1,0,0,0,0,0,0,0,0,0,0,0,0,0,1.0,1.0,1.0,0.0,0.0,0.0,2,0,0
5915,23,10,13,0,9,2,12,8,7,1,0,0,0,0,0,0,0,0,0,0,0,0,0,1.0,1.0,1.0,0.0,0.0,0.0,2,0,0
5916,23,10,13,0,9,2,12,8,7,1,0,0,0,0,0,0,0,0,0,0,0,0,0,1.0,1.0,1.0,0.0,0.0,0.0,2,0,0
5917,23,10,13,0,9,2,12,8,7,1,0,0,0,0,0,0,0,0,0,0,0,0,0,1.0,1.0,1.0,0.0,0.0,0.0,2,0,0
5918,23,10,13,0,9,2,12,8,7,0,0,0,0,0,0,0,0,0,0,0,0,0,0,1.0,1.0,1.0,0.0,0.0,0.0,2,0,0
5919,23,10,13,0,9,2,12,8,8,0,0,0,0,0,0,0,7,1,0,0,0,0,0,1.0,1.0,1.0,0.0,0.0,0.14285714285714285,2,0,0
5920,23,10,13,0,9,2,12,8,8,0,0,0,0,0,0,0,0,0,0,0,0,0,0,1.0,1.0,1.0,0.0,0.0,0.0,2,0,0
5921,23,10,13,0,9,2,12,8,8,0,0,0,0,0,0,0,0,0,0,0,0,0,0,1.0,1.0,1.0,0.0,0.0,0.0,2,0,0
5922,23,10,13,0,9,2,12,8,8,0,0,0,0,0,0,0,0,0,0,0,0,0,0,1.0,1.0,1.0,0.0,0.0,0.0,2,0,0
5923,23,10,13,0,9,2,12,8,8,0,0,0,0,0,0,0,0,0,0,0,0,0,0,1.0,1.0,1.0,0.0,0.0,0.0,2,0,0
5924,23,10,13,0,9,2,12,8,8,0,0,0,0,0,0,0,0,0,0,0,0,0,0,1.0,1.0,1.0,0.0,0.0,0.0,2,0,0
5925,23,10,13,0,9,2,12,8,8,0,0,0,0,0,0,0,0,0,0,0,0,0,0,1.0,1.0,1.0,0.0,0.0,0.0,2,0,0
5926,23,10,13,0,9,2,12,8,8,0,0,0,0,0,0,0,0,0,0,0,0,0,0,1.0,1.0,1.0,0.0,0.0,0.0,2,0,0
5927,23,10,13,0,9,2,12,8,8,0,0,0,0,0,0,0,0,0,0,0,0,0,0,1.0,1.0,1.0,0.0,0.0,0.0,2,0,0
5928,23,10,13,0,9,2,12,8,8,0,0,0,0,0,0,0,0,0,0,0,0,0,0,1.0,1.0,1.0,0.0,0.0,0.0,2,0,0
5929,22,9,13,0,8,2,12,8,8,0,0,0,0,0,0,0,0,0,0,0,1,0,1,0.8888888888888888,1.0,1.0,0.0,0.0,0.0,2,0,1
5930,22,9,13,0,8,2,12,8,8,0,0,0,0,0,0,0,0,0,0,0,0,0,0,1.0,1.0,1.0,0.0,0.0,0.0,2,0,0
5931,22,9,13,0,8,2,12,8,8,0,0,0,0,0,0,0,0,0,0,0,0,0,0,1.0,1.0,1.0,0.0,0.0,0.0,2,0,0
5932,20,9,11,0,8,2,10,6,6,0,0,0,0,0,2,0,0,0,0,0,0,0,2,1.0,1.0,0.75,0.0,0.0,0.0,2,0,2
5933,18,8,10,0,7,2,9,5,5,0,0,0,0,1,1,0,0,0,0,0,1,0,2,0.875,1.0,0.8333333333333334,0.0,0.0,0.0,2,0,2
5934,18,8,10,0,7,2,9,5,5,0,0,0,0,0,0,0,0,0,0,0,0,0,0,1.0,1.0,1.0,0.0,0.0,0.0,2,0,0
5935,18,8,10,0,7,2,9,5,5,0,0,0,0,0,0,0,0,0,0,0,0,0,0,1.0,1.0,1.0,0.0,0.0,0.0,2,0,0
5936,18,8,10,0,7,2,9,5,5,0,0,0,0,0,0,0,0,0,0,0,0,0,0,1.0,1.0,1.0,0.0,0.0,0.0,2,0,0
5937,22,11,11,4,7,2,9,5,4,0,1,0,0,0,0,0,0,0,0,1,0,0,0,1.0,1.0,1.0,0.2222222222222222,0.2222222222222222,0.0,2,4,0
5938,22,11,11,4,7,2,9,5,4,0,1,0,0,0,0,0,0,0,0,0,0,0,0,1.0,1.0,1.0,0.0,0.0,0.0,2,0,0
5939,26,14,12,8,7,2,9,5,3,0,2,0,0,0,0,0,0,0,0,1,0,0,0,1.0,1.0,1.0,0.18181818181818182,0.18181818181818182,0.0,2,4,0
5940,26,14,12,8,7,2,9,5,3,0,2,0,0,0,0,0,0,0,0,0,0,0,0,1.0,1.0,1.0,0.0,0.0,0.0,2,0,0
5941,26,14,12,8,7,2,9,5,3,0,2,0,0,0,0,0,0,0,0,0,0,0,0,1.0,1.0,1.0,0.0,0.0,0.0,2,0,0
5942,26,14,12,8,7,2,9,5,3,0,2,0,0,0,0,0,0,0,0,0,0,0,0,1.0,1.0,1.0,0.0,0.0,0.0,2,0,0
5943,26,14,12,8,7,2,9,5,3,0,2,0,0,0,0,0,0,0,0,0,0,0,0,1.0,1.0,1.0,0.0,0.0,0.0,2,0,0
5944,26,14,12,8,7,2,9,5,3,0,2,0,0,0,0,0,0,0,0,0,0,0,0,1.0,1.0,1.0,0.0,0.0,0.0,2,0,0
5945,26,14,12,8,7,2,9,5,3,0,2,0,0,0,0,0,0,0,0,0,0,0,0,1.0,1.0,1.0,0.0,0.0,0.0,2,0,0
5946,26,14,12,8,7,2,9,5,3,0,2,0,0,0,0,0,0,0,0,0,0,0,0,1.0,1.0,1.0,0.0,0.0,0.0,2,0,0
5947,26,14,12,8,7,2,9,5,3,0,2,0,0,0,0,0,0,0,0,0,0,0,0,1.0,1.0,1.0,0.0,0.0,0.0,2,0,0
5948,29,15,14,11,7,2,9,5,2,0,3,0,0,0,0,0,0,0,0,1,0,0,0,1.0,1.0,1.0,0.11538461538461539,0.11538461538461539,0.0,2,3,0
5949,29,15,14,11,7,2,9,5,2,0,3,0,0,0,0,0,0,0,0,0,0,0,0,1.0,1.0,1.0,0.0,0.0,0.0,2,0,0
5950,33,17,16,15,7,2,9,5,1,0,4,0,0,0,0,0,0,0,0,1,0,0,0,1.0,1.0,1.0,0.13793103448275862,0.13793103448275862,0.0,2,4,0
5951,33,17,16,15,7,2,9,5,1,0,4,0,0,0,0,0,0,0,0,0,0,0,0,1.0,1.0,1.0,0.0,0.0,0.0,2,0,0
5952,33,17,16,15,7,2,9,5,1,0,4,0,0,0,0,0,0,0,0,0,0,0,0,1.0,1.0,1.0,0.0,0.0,0.0,2,0,0
5953,33,17,16,15,7,2,9,5,1,0,4,0,0,0,0,0,0,0,0,0,0,0,0,1.0,1.0,1.0,0.0,0.0,0.0,2,0,0
5954,33,17,16,15,7,2,9,5,1,0,4,0,0,0,0,0,0,0,0,0,0,0,0,1.0,1.0,1.0,0.0,0.0,0.0,2,0,0
5955,33,17,16,15,7,2,9,5,1,0,4,0,0,0,0,0,0,0,0,0,0,0,0,1.0,1.0,1.0,0.0,0.0,0.0,2,0,0
5956,33,17,16,15,7,2,9,5,1,0,4,0,0,0,0,0,0,0,0,0,0,0,0,1.0,1.0,1.0,0.0,0.0,0.0,2,0,0
5957,33,17,16,15,7,2,9,5,1,0,4,0,0,0,0,0,0,0,0,0,0,0,0,1.0,1.0,1.0,0.0,0.0,0.0,2,0,0
5958,33,17,16,15,7,2,9,5,1,0,4,0,0,0,0,0,0,0,0,0,0,0,0,1.0,1.0,1.0,0.0,0.0,0.0,2,0,0
5959,32,17,15,14,7,2,9,5,1,0,4,0,0,0,0,0,0,0,0,0,1,0,1,0.9545454545454546,1.0,1.0,0.0,0.0,0.0,2,0,1
5960,32,17,15,14,7,2,9,5,1,0,4,0,0,0,0,0,0,0,0,0,0,0,0,1.0,1.0,1.0,0.0,0.0,0.0,2,0,0
5961,32,17,15,14,7,2,9,5,1,0,4,0,0,0,0,0,0,0,0,0,0,0,0,1.0,1.0,1.0,0.0,0.0,0.0,2,0,0
5962,32,17,15,14,7,2,9,5,1,0,4,0,0,0,0,0,0,0,0,0,0,0,0,1.0,1.0,1.0,0.0,0.0,0.0,2,0,0
5963,32,17,15,14,7,2,9,5,1,0,4,0,0,0,0,0,0,0,0,0,0,0,0,1.0,1.0,1.0,0.0,0.0,0.0,2,0,0
5964,32,17,15,14,7,2,9,5,1,0,4,0,0,0,0,0,0,0,0,0,0,0,0,1.0,1.0,1.0,0.0,0.0,0.0,2,0,0
5965,31,17,14,14,6,2,9,5,1,0,4,0,0,0,0,0,0,0,0,0,1,0,1,0.9523809523809523,1.0,1.0,0.0,0.0,0.0,2,0,1
5966,31,17,14,14,6,2,9,5,1,0,4,0,0,0,0,0,0,0,0,0,0,0,0,1.0,1.0,1.0,0.0,0.0,0.0,2,0,0
5967,31,17,14,14,6,2,9,5,1,0,4,0,0,0,0,0,0,0,0,0,0,0,0,1.0,1.0,1.0,0.0,0.0,0.0,2,0,0
5968,31,17,14,14,6,2,9,5,1,0,4,0,0,0,0,0,0,0,0,0,0,0,0,1.0,1.0,1.0,0.0,0.0,0.0,2,0,0
5969,31,17,14,14,6,2,9,5,1,0,4,0,0,0,0,0,0,0,0,0,0,0,0,1.0,1.0,1.0,0.0,0.0,0.0,2,0,0
5970,31,17,14,14,6,2,9,5,1,0,4,0,0,0,0,0,0,0,0,0,0,0,0,1.0,1.0,1.0,0.0,0.0,0.0,2,0,0
5971,31,17,14,14,6,2,9,5,1,0,4,0,0,0,0,0,0,0,0,0,0,0,0,1.0,1.0,1.0,0.0,0.0,0.0,2,0,0
5972,31,17,14,14,6,2,9,5,1,0,4,0,0,0,0,0,0,0,0,0,0,2,0,1.0,1.0,1.0,0.0,0.0,0.0,2,0,0
5973,31,17,14,14,6,2,9,5,1,0,4,0,0,0,0,0,0,0,0,0,0,0,0,1.0,1.0,1.0,0.0,0.0,0.0,2,0,0
5974,31,17,14,14,6,2,9,5,1,0,4,0,0,0,0,0,0,0,0,0,0,0,0,1.0,1.0,1.0,0.0,0.0,0.0,2,0,0
5975,34,18,16,17,6,2,9,5,0,0,5,0,0,0,0,0,0,0,0,1,0,2,0,1.0,1.0,1.0,0.0967741935483871,0.0967741935483871,0.0,2,3,0
5976,34,18,16,17,4,4,9,5,0,0,5,0,0,0,0,0,0,0,0,0,0,0,0,1.0,1.0,1.0,0.0,0.0,0.0,2,0,0
5977,34,18,16,17,4,4,9,5,0,0,5,0,0,0,0,0,0,0,0,0,0,0,0,1.0,1.0,1.0,0.0,0.0,0.0,2,0,0
5978,34,18,16,17,4,4,9,5,0,0,5,0,0,0,0,0,0,0,0,0,0,0,0,1.0,1.0,1.0,0.0,0.0,0.0,2,0,0
5979,34,18,16,17,2,6,9,5,0,0,5,0,0,0,0,0,0,0,0,0,0,0,0,1.0,1.0,1.0,0.0,0.0,0.0,2,0,0
5980,34,18,16,13,6,6,9,5,0,0,5,0,0,0,0,0,0,0,0,0,0,0,0,1.0,1.0,1.0,0.0,0.0,0.0,2,0,0
5981,33,17,16,13,5,6,9,5,0,0,5,0,0,0,0,0,0,0,0,0,1,0,1,0.9473684210526316,1.0,1.0,0.0,0.0,0.0,2,0,1
5982,33,17,16,9,9,6,9,5,0,0,4,0,0,0,0,0,0,0,0,0,0,0,0,1.0,1.0,1.0,0.0,0.0,0.0,2,0,0
5983,33,17,16,9,9,6,9,5,0,0,4,0,0,0,0,0,1,0,0,0,0,0,0,1.0,1.0,1.0,0.0,0.0,0.0,2,0,0
5984,33,17,16,9,9,6,9,5,0,0,3,0,0,0,0,0,2,0,0,0,0,2,0,1.0,1.0,1.0,0.0,0.0,0.0,2,0,0
5985,33,17,16,9,9,6,9,5,2,0,3,0,0,0,0,0,9,2,0,0,0,0,0,1.0,1.0,1.0,0.0,0.0,0.2222222222222222,2,0,0
5986,33,17,16,9,9,6,9,5,2,0,3,0,0,0,0,0,0,0,0,0,0,0,0,1.0,1.0,1.0,0.0,0.0,0.0,2,0,0
5987,33,17,16,9,9,6,9,5,2,0,3,0,0,0,0,0,0,0,0,0,0,0,0,1.0,1.0,1.0,0.0,0.0,0.0,2,0,0
5988,33,17,16,9,7,8,9,5,2,0,3,0,0,0,0,0,0,0,0,0,0,0,0,1.0,1.0,1.0,0.0,0.0,0.0,2,0,0
5989,33,17,16,9,7,8,9,5,2,0,3,0,0,0,0,0,0,0,0,0,0,0,0,1.0,1.0,1.0,0.0,0.0,0.0,2,0,0
5990,32,17,15,8,7,8,9,5,2,0,3,0,0,0,0,0,0,0,0,0,1,0,1,0.9375,1.0,1.0,0.0,0.0,0.0,2,0,1
5991,32,17,15,6,9,8,9,5,2,0,3,0,0,0,0,0,0,0,0,0,0,0,0,1.0,1.0,1.0,0.0,0.0,0.0,2,0,0
5992,32,17,15,6,9,8,9,5,2,0,3,0,0,0,0,0,0,0,0,0,0,0,0,1.0,1.0,1.0,0.0,0.0,0.0,2,0,0
5993,32,17,15,2,13,8,9,5,2,0,2,0,0,0,0,0,0,0,0,0,0,0,0,1.0,1.0,1.0,0.0,0.0,0.0,2,0,0
5994,32,17,15,2,13,8,9,5,3,0,2,0,0,0,0,0,5,1,0,0,0,0,0,1.0,1.0,1.0,0.0,0.0,0.2,2,0,0
5995,32,17,15,2,13,8,9,5,3,0,1,0,0,0,0,0,0,0,0,0,0,0,0,1.0,1.0,1.0,0.0,0.0,0.0,2,0,0
5996,32,17,15,2,13,8,9,5,4,0,1,0,0,0,0,0,3,1,0,0,0,0,0,1.0,1.0,1.0,0.0,0.0,0.3333333333333333,2,0,0
5997,31,16,15,2,13,8,8,5,4,0,1,0,0,0,0,0,0,0,0,0,0,0,0,1.0,0.75,1.0,0.0,0.0,0.0,2,0,1
5998,31,16,15,2,13,8,8,5,4,0,1,0,0,0,0,0,0,0,0,0,0,0,0,1.0,1.0,1.0,0.0,0.0,0.0,2,0,0
5999,31,16,15,2,13,8,8,5,4,0,1,0,0,0,0,0,0,0,0,0,0,0,0,1.0,1.0,1.0,0.0,0.0,0.0,2,0,0
6000,31,16,15,2,13,7,9,5,4,0,1,0,0,0,0,0,0,0,0,0,0,0,0,1.0,1.0,1.0,0.0,0.0,0.0,2,0,0
