day,N_tot,N_male,N_female,N_kitten,N_young_juv,N_older_juv,N_adult,N_adult_female,N_pregnant,N_pseudo_pregnant,N_nursing,N_treated_male,N_treated_female,daily_capture_male,daily_capture_female,daily_active_units,daily_mating,daily_pregnancy,daily_pseudo_pregnancy,daily_litter,daily_early_death,daily_early_survived,daily_preventable_death,P_sv_baby,P_sv_adult_male,P_sv_adult_female,r_birth,r_death,rate_pregnancy,nonempty_units,daily_births,daily_deaths
1,50,25,25,10,11,16,13,6,0,0,0,0,0,0,0,0,0,0,0,0,0,0,0,1.0,1.0,1.0,0.0,0.0,0.0,5,0,0
2,49,24,25,9,12,15,13,6,0,0,0,0,0,0,0,0,0,0,0,0,0,0,0,1.0,1.0,1.0,0.0,0.0,0.0,5,0,1
3,49,24,25,8,13,15,13,6,0,0,0,0,0,0,0,0,0,0,0,0,0,0,0,1.0,1.0,1.0,0.0,0.0,0.0,5,0,0
4,49,24,25,8,13,15,13,6,0,0,0,0,0,0,0,0,0,0,0,0,0,0,0,1.0,1.0,1.0,0.0,0.0,0.0,5,0,0
5,49,24,25,7,14,15,13,6,0,0,0,0,0,0,0,0,0,0,0,0,0,0,0,1.0,1.0,1.0,0.0,0.0,0.0,5,0,0
6,49,24,25,7,14,15,13,6,0,0,0,0,0,0,0,0,0,0,0,0,0,0,0,1.0,1.0,1.0,0.0,0.0,0.0,5,0,0
7,49,24,25,7,14,14,14,6,0,0,0,0,0,0,0,0,0,0,0,0,0,0,0,1.0,1.0,1.0,0.0,0.0,0.0,5,0,0
8,49,24,25,7,14,14,14,6,0,0,0,0,0,0,0,0,0,0,0,0,0,0,0,1.0,1.0,1.0,0.0,0.0,0.0,5,0,0
9,49,24,25,7,14,14,14,6,0,0,0,0,0,0,0,0,0,0,0,0,0,0,0,1.0,1.0,1.0,0.0,0.0,0.0,5,0,0
10,49,24,25,7,14,14,14,6,0,0,0,0,0,0,0,0,0,0,0,0,0,0,0,1.0,1.0,1.0,0.0,0.0,0.0,5,0,0
11,49,24,25,7,14,14,14,6,0,0,0,0,0,0,0,0,0,0,0,0,0,0,0,1.0,1.0,1.0,0.0,0.0,0.0,5,0,0
12,48,23,25,5,15,14,14,6,0,0,0,0,0,0,0,0,0,0,0,0,1,0,1,0.9523809523809523,1.0,1.0,0.0,0.0,0.0,5,0,1
13,48,23,25,5,15,14,14,6,0,0,0,0,0,0,0,0,0,0,0,0,0,0,0,1.0,1.0,1.0,0.0,0.0,0.0,5,0,0
14,48,23,25,5,15,14,14,6,0,0,0,0,0,0,0,0,0,0,0,0,0,0,0,1.0,1.0,1.0,0.0,0.0,0.0,5,0,0
15,48,23,25,5,15,14,14,6,0,0,0,0,0,0,0,0,0,0,0,0,0,0,0,1.0,1.0,1.0,0.0,0.0,0.0,5,0,0
16,48,23,25,4,16,14,14,6,0,0,0,0,0,0,0,0,0,0,0,0,0,0,0,1.0,1.0,1.0,0.0,0.0,0.0,5,0,0
17,48,23,25,4,16,14,14,6,0,0,0,0,0,0,0,0,0,0,0,0,0,0,0,1.0,1.0,1.0,0.0,0.0,0.0,5,0,0
18,47,23,24,3,16,14,14,6,0,0,0,0,0,0,0,0,0,0,0,0,1,0,1,0.95,1.0,1.0,0.0,0.0,0.0,5,0,1
19,47,23,24,3,16,14,14,6,0,0,0,0,0,0,0,0,0,0,0,0,0,0,0,1.0,1.0,1.0,0.0,0.0,0.0,5,0,0
20,47,23,24,3,16,14,14,6,0,0,0,0,0,0,0,0,0,0,0,0,0,1,0,1.0,1.0,1.0,0.0,0.0,0.0,5,0,0
21,47,23,24,2,17,14,14,6,0,0,0,0,0,0,0,0,0,0,0,0,0,0,0,1.0,1.0,1.0,0.0,0.0,0.0,5,0,0
22,47,23,24,2,17,14,14,6,0,0,0,0,0,0,0,0,0,0,0,0,0,0,0,1.0,1.0,1.0,0.0,0.0,0.0,5,0,0
23,47,23,24,2,17,14,14,6,0,0,0,0,0,0,0,0,0,0,0,0,0,0,0,1.0,1.0,1.0,0.0,0.0,0.0,5,0,0
24,47,23,24,2,16,15,14,6,0,0,0,0,0,0,0,0,0,0,0,0,0,0,0,1.0,1.0,1.0,0.0,0.0,0.0,5,0,0
25,47,23,24,1,17,15,14,6,0,0,0,0,0,0,0,0,0,0,0,0,0,0,0,1.0,1.0,1.0,0.0,0.0,0.0,5,0,0
26,47,23,24,1,17,15,14,6,0,0,0,0,0,0,0,0,0,0,0,0,0,1,0,1.0,1.0,1.0,0.0,0.0,0.0,5,0,0
27,46,23,23,1,16,15,14,6,0,0,0,0,0,0,0,0,0,0,0,0,1,0,1,0.9444444444444444,1.0,1.0,0.0,0.0,0.0,5,0,1
28,46,23,23,1,16,15,14,6,0,0,0,0,0,0,0,0,0,0,0,0,0,0,0,1.0,1.0,1.0,0.0,0.0,0.0,5,0,0
29,46,23,23,1,16,15,14,6,0,0,0,0,0,0,0,0,0,0,0,0,0,0,0,1.0,1.0,1.0,0.0,0.0,0.0,5,0,0
30,46,23,23,1,15,16,14,6,3,0,0,0,0,0,0,0,25,3,0,0,0,0,0,1.0,1.0,1.0,0.0,0.0,0.12,5,0,0
31,46,23,23,1,15,16,14,6,4,0,0,0,0,0,0,0,7,1,0,0,0,0,0,1.0,1.0,1.0,0.0,0.0,0.14285714285714285,5,0,0
32,46,23,23,0,16,16,14,6,4,0,0,0,0,0,0,0,1,0,0,0,0,0,0,1.0,1.0,1.0,0.0,0.0,0.0,5,0,0
33,46,23,23,0,16,16,14,6,5,0,0,0,0,0,0,0,8,1,0,0,0,0,0,1.0,1.0,1.0,0.0,0.0,0.125,5,0,0
34,46,23,23,0,16,16,14,6,6,0,0,0,0,0,0,0,6,1,0,0,0,0,0,1.0,1.0,1.0,0.0,0.0,0.16666666666666666,5,0,0
35,46,23,23,0,16,16,14,6,6,0,0,0,0,0,0,0,0,0,0,0,0,0,0,1.0,1.0,1.0,0.0,0.0,0.0,5,0,0
36,46,23,23,0,16,16,14,6,6,0,0,0,0,0,0,0,0,0,0,0,0,0,0,1.0,1.0,1.0,0.0,0.0,0.0,5,0,0
37,46,23,23,0,16,16,14,6,6,0,0,0,0,0,0,0,0,0,0,0,0,0,0,1.0,1.0,1.0,0.0,0.0,0.0,5,0,0
38,46,23,23,0,16,16,14,6,6,0,0,0,0,0,0,0,0,0,0,0,0,0,0,1.0,1.0,1.0,0.0,0.0,0.0,5,0,0
39,46,23,23,0,16,16,14,6,6,0,0,0,0,0,0,0,0,0,0,0,0,0,0,1.0,1.0,1.0,0.0,0.0,0.0,5,0,0
40,46,23,23,0,16,16,14,6,6,0,0,0,0,0,0,0,0,0,0,0,0,0,0,1.0,1.0,1.0,0.0,0.0,0.0,5,0,0
41,46,23,23,0,16,16,14,6,6,0,0,0,0,0,0,0,0,0,0,0,0,0,0,1.0,1.0,1.0,0.0,0.0,0.0,5,0,0
42,46,23,23,0,16,16,14,6,6,0,0,0,0,0,0,0,0,0,0,0,0,0,0,1.0,1.0,1.0,0.0,0.0,0.0,5,0,0
43,46,23,23,0,16,16,14,6,6,0,0,0,0,0,0,0,0,0,0,0,0,0,0,1.0,1.0,1.0,0.0,0.0,0.0,5,0,0
44,46,23,23,0,16,16,14,6,6,0,0,0,0,0,0,0,0,0,0,0,0,0,0,1.0,1.0,1.0,0.0,0.0,0.0,5,0,0
45,45,22,23,0,15,16,14,6,6,0,0,0,0,0,0,0,0,0,0,0,1,0,1,0.9375,1.0,1.0,0.0,0.0,0.0,5,0,1
46,45,22,23,0,15,15,15,7,7,0,0,0,0,0,0,0,8,1,0,0,0,0,0,1.0,1.0,1.0,0.0,0.0,0.125,5,0,0
47,45,22,23,0,15,15,15,7,7,0,0,0,0,0,0,0,0,0,0,0,0,0,0,1.0,1.0,1.0,0.0,0.0,0.0,5,0,0
48,45,22,23,0,15,15,15,7,7,0,0,0,0,0,0,0,0,0,0,0,0,0,0,1.0,1.0,1.0,0.0,0.0,0.0,5,0,0
49,44,21,23,0,14,15,15,7,7,0,0,0,0,0,0,0,0,0,0,0,1,1,1,0.9333333333333333,1.0,1.0,0.0,0.0,0.0,5,0,1
50,44,21,23,0,14,14,16,7,7,0,0,0,0,0,0,0,0,0,0,0,0,0,0,1.0,1.0,1.0,0.0,0.0,0.0,5,0,0
51,44,21,23,0,14,13,17,8,7,0,0,0,0,0,0,0,0,0,0,0,0,0,0,1.0,1.0,1.0,0.0,0.0,0.0,5,0,0
52,44,21,23,0,14,13,17,8,7,0,0,0,0,0,0,0,0,0,0,0,0,0,0,1.0,1.0,1.0,0.0,0.0,0.0,5,0,0
53,44,21,23,0,13,14,17,8,7,0,0,0,0,0,0,0,0,0,0,0,0,0,0,1.0,1.0,1.0,0.0,0.0,0.0,5,0,0
54,44,21,23,0,13,14,17,8,7,0,0,0,0,0,0,0,0,0,0,0,0,0,0,1.0,1.0,1.0,0.0,0.0,0.0,5,0,0
55,44,21,23,0,13,14,17,8,7,0,0,0,0,0,0,0,0,0,0,0,0,0,0,1.0,1.0,1.0,0.0,0.0,0.0,5,0,0
56,44,21,23,0,13,14,17,8,8,0,0,0,0,0,0,0,8,1,0,0,0,1,0,1.0,1.0,1.0,0.0,0.0,0.125,5,0,0
57,44,21,23,0,13,14,17,8,8,0,0,0,0,0,0,0,0,0,0,0,0,0,0,1.0,1.0,1.0,0.0,0.0,0.0,5,0,0
58,44,21,23,0,13,14,17,8,8,0,0,0,0,0,0,0,0,0,0,0,0,1,0,1.0,1.0,1.0,0.0,0.0,0.0,5,0,0
59,44,21,23,0,13,14,17,8,8,0,0,0,0,0,0,0,0,0,0,0,0,0,0,1.0,1.0,1.0,0.0,0.0,0.0,5,0,0
60,44,21,23,0,12,15,17,8,8,0,0,0,0,0,0,0,0,0,0,0,0,1,0,1.0,1.0,1.0,0.0,0.0,0.0,5,0,0
61,44,21,23,0,12,15,17,8,8,0,0,0,0,0,0,0,0,0,0,0,0,0,0,1.0,1.0,1.0,0.0,0.0,0.0,5,0,0
62,44,21,23,0,11,16,17,8,8,0,0,0,0,0,0,0,0,0,0,0,0,0,0,1.0,1.0,1.0,0.0,0.0,0.0,5,0,0
63,44,21,23,0,11,16,17,8,8,0,0,0,0,0,0,0,0,0,0,0,0,0,0,1.0,1.0,1.0,0.0,0.0,0.0,5,0,0
64,44,21,23,0,10,16,18,9,8,0,0,0,0,0,0,0,0,0,0,0,0,0,0,1.0,1.0,1.0,0.0,0.0,0.0,5,0,0
65,44,21,23,0,10,16,18,9,8,0,0,0,0,0,0,0,0,0,0,0,0,0,0,1.0,1.0,1.0,0.0,0.0,0.0,5,0,0
66,44,21,23,0,10,16,18,9,8,0,0,0,0,0,0,0,0,0,0,0,0,0,0,1.0,1.0,1.0,0.0,0.0,0.0,5,0,0
67,44,21,23,0,10,16,18,9,8,0,0,0,0,0,0,0,0,0,0,0,0,0,0,1.0,1.0,1.0,0.0,0.0,0.0,5,0,0
68,44,21,23,0,10,16,18,9,8,0,0,0,0,0,0,0,0,0,0,0,0,0,0,1.0,1.0,1.0,0.0,0.0,0.0,5,0,0
69,44,21,23,0,10,16,18,9,9,0,0,0,0,0,0,0,7,1,0,0,0,0,0,1.0,1.0,1.0,0.0,0.0,0.14285714285714285,5,0,0
70,44,21,23,0,10,16,18,9,9,0,0,0,0,0,0,0,0,0,0,0,0,0,0,1.0,1.0,1.0,0.0,0.0,0.0,5,0,0
71,44,21,23,0,10,16,18,9,9,0,0,0,0,0,0,0,0,0,0,0,0,0,0,1.0,1.0,1.0,0.0,0.0,0.0,5,0,0
72,44,21,23,0,10,16,18,9,9,0,0,0,0,0,0,0,0,0,0,0,0,0,0,1.0,1.0,1.0,0.0,0.0,0.0,5,0,0
73,43,20,23,0,10,15,18,9,9,0,0,0,0,0,0,0,0,0,0,0,0,1,0,1.0,1.0,1.0,0.0,0.0,0.0,5,0,1
74,43,20,23,0,10,15,18,9,9,0,0,0,0,0,0,0,0,0,0,0,0,0,0,1.0,1.0,1.0,0.0,0.0,0.0,5,0,0
75,43,20,23,0,10,15,18,9,9,0,0,0,0,0,0,0,0,0,0,0,0,0,0,1.0,1.0,1.0,0.0,0.0,0.0,5,0,0
76,43,20,23,0,10,15,18,9,9,0,0,0,0,0,0,0,0,0,0,0,0,0,0,1.0,1.0,1.0,0.0,0.0,0.0,5,0,0
77,43,20,23,0,9,16,18,9,9,0,0,0,0,0,0,0,0,0,0,0,0,0,0,1.0,1.0,1.0,0.0,0.0,0.0,5,0,0
78,43,20,23,0,9,16,18,9,9,0,0,0,0,0,0,0,0,0,0,0,0,0,0,1.0,1.0,1.0,0.0,0.0,0.0,5,0,0
79,43,20,23,0,9,16,18,9,9,0,0,0,0,0,0,0,0,0,0,0,0,0,0,1.0,1.0,1.0,0.0,0.0,0.0,5,0,0
80,43,20,23,0,9,16,18,9,9,0,0,0,0,0,0,0,0,0,0,0,0,0,0,1.0,1.0,1.0,0.0,0.0,0.0,5,0,0
81,43,20,23,0,9,16,18,9,9,0,0,0,0,0,0,0,0,0,0,0,0,0,0,1.0,1.0,1.0,0.0,0.0,0.0,5,0,0
82,43,20,23,0,9,16,18,9,9,0,0,0,0,0,0,0,0,0,0,0,0,0,0,1.0,1.0,1.0,0.0,0.0,0.0,5,0,0
83,43,20,23,0,9,16,18,9,9,0,0,0,0,0,0,0,0,0,0,0,0,0,0,1.0,1.0,1.0,0.0,0.0,0.0,5,0,0
84,43,20,23,0,9,16,18,9,9,0,0,0,0,0,0,0,0,0,0,0,0,0,0,1.0,1.0,1.0,0.0,0.0,0.0,5,0,0
85,43,20,23,0,9,16,18,9,9,0,0,0,0,0,0,0,0,0,0,0,0,0,0,1.0,1.0,1.0,0.0,0.0,0.0,5,0,0
86,43,20,23,0,9,16,18,9,9,0,0,0,0,0,0,0,0,0,0,0,0,0,0,1.0,1.0,1.0,0.0,0.0,0.0,5,0,0
87,43,20,23,0,9,16,18,9,9,0,0,0,0,0,0,0,0,0,0,0,0,0,0,1.0,1.0,1.0,0.0,0.0,0.0,5,0,0
88,43,20,23,0,9,16,18,9,9,0,0,0,0,0,0,0,0,0,0,0,0,0,0,1.0,1.0,1.0,0.0,0.0,0.0,5,0,0
89,43,20,23,0,9,16,18,9,9,0,0,0,0,0,0,0,0,0,0,0,0,0,0,1.0,1.0,1.0,0.0,0.0,0.0,5,0,0
90,43,20,23,0,9,16,18,9,9,0,0,0,0,0,0,0,0,0,0,0,0,0,0,1.0,1.0,1.0,0.0,0.0,0.0,5,0,0
91,43,20,23,0,9,16,18,9,9,0,0,0,0,0,0,0,0,0,0,0,0,1,0,1.0,1.0,1.0,0.0,0.0,0.0,5,0,0
92,43,20,23,0,9,16,18,9,9,0,0,0,0,0,0,0,0,0,0,0,0,0,0,1.0,1.0,1.0,0.0,0.0,0.0,5,0,0
93,43,20,23,0,9,16,18,9,9,0,0,0,0,0,0,0,0,0,0,0,0,0,0,1.0,1.0,1.0,0.0,0.0,0.0,5,0,0
94,43,20,23,0,9,16,18,9,9,0,0,0,0,0,0,0,0,0,0,0,0,0,0,1.0,1.0,1.0,0.0,0.0,0.0,5,0,0
95,54,27,27,11,8,16,19,9,6,0,3,0,0,0,0,0,0,0,0,3,0,0,0,1.0,1.0,1.0,0.2558139534883721,0.2558139534883721,0.0,5,11,0
96,58,29,29,15,8,16,19,9,5,0,4,0,0,0,0,0,0,0,0,1,0,1,0,1.0,1.0,1.0,0.07407407407407407,0.07407407407407407,0.0,5,4,0
97,58,29,29,15,8,15,20,10,6,0,4,0,0,0,0,0,5,1,0,0,0,0,0,1.0,1.0,1.0,0.0,0.0,0.2,5,0,0
98,61,30,31,18,8,14,21,10,5,0,5,0,0,0,0,0,0,0,0,1,0,0,0,1.0,1.0,1.0,0.05172413793103448,0.05172413793103448,0.0,5,3,0
99,60,31,29,18,7,13,22,11,4,0,6,0,0,0,0,0,2,0,0,1,4,0,4,0.8461538461538461,1.0,1.0,0.04918032786885246,0.04918032786885246,0.0,5,3,4
100,59,30,29,18,5,13,23,12,4,0,6,0,0,0,0,0,0,0,0,0,1,0,1,0.9583333333333334,1.0,1.0,0.0,0.0,0.0,5,0,1
101,59,30,29,18,5,13,23,12,4,0,6,0,0,0,0,0,0,0,0,0,0,0,0,1.0,1.0,1.0,0.0,0.0,0.0,5,0,0
102,59,30,29,18,5,12,24,13,4,0,6,0,0,0,0,0,0,0,0,0,0,0,0,1.0,1.0,1.0,0.0,0.0,0.0,5,0,0
103,59,30,29,18,5,12,24,13,4,0,6,0,0,0,0,0,0,0,0,0,0,0,0,1.0,1.0,1.0,0.0,0.0,0.0,5,0,0
104,59,30,29,18,5,12,24,13,4,0,6,0,0,0,0,0,0,0,0,0,0,0,0,1.0,1.0,1.0,0.0,0.0,0.0,5,0,0
105,58,29,29,17,5,12,24,13,4,0,6,0,0,0,0,0,0,0,0,0,1,0,1,0.9565217391304348,1.0,1.0,0.0,0.0,0.0,5,0,1
106,57,28,29,17,5,12,23,13,4,0,6,0,0,0,0,0,0,0,0,0,0,0,0,1.0,0.9090909090909091,1.0,0.0,0.0,0.0,5,0,1
107,56,27,29,16,5,12,23,13,4,0,6,0,0,0,0,0,0,0,0,0,1,0,1,0.9545454545454546,1.0,1.0,0.0,0.0,0.0,5,0,1
108,56,27,29,16,5,12,23,13,5,0,6,0,0,0,0,0,11,1,0,0,0,0,0,1.0,1.0,1.0,0.0,0.0,0.09090909090909091,5,0,0
109,56,27,29,16,5,12,23,13,7,0,6,0,0,0,0,0,7,2,0,0,0,0,0,1.0,1.0,1.0,0.0,0.0,0.2857142857142857,5,0,0
110,56,27,29,16,5,12,23,13,7,0,6,0,0,0,0,0,0,0,0,0,0,0,0,1.0,1.0,1.0,0.0,0.0,0.0,5,0,0
111,59,28,31,19,5,12,23,13,6,0,7,0,0,0,0,0,0,0,0,1,1,0,1,0.9523809523809523,1.0,1.0,0.07142857142857142,0.07142857142857142,0.0,5,4,1
112,58,27,31,19,4,12,23,13,6,0,7,0,0,0,0,0,0,0,0,0,1,0,1,0.9583333333333334,1.0,1.0,0.0,0.0,0.0,5,0,1
113,58,27,31,19,4,12,23,13,6,0,7,0,0,0,0,0,0,0,0,0,0,0,0,1.0,1.0,1.0,0.0,0.0,0.0,5,0,0
114,58,27,31,19,4,12,23,13,6,0,7,0,0,0,0,0,0,0,0,0,0,0,0,1.0,1.0,1.0,0.0,0.0,0.0,5,0,0
115,58,27,31,19,4,12,23,13,6,0,7,0,0,0,0,0,0,0,0,0,0,0,0,1.0,1.0,1.0,0.0,0.0,0.0,5,0,0
116,58,27,31,19,4,12,23,13,6,0,7,0,0,0,0,0,0,0,0,0,0,0,0,1.0,1.0,1.0,0.0,0.0,0.0,5,0,0
117,57,26,31,18,4,12,23,13,6,0,7,0,0,0,0,0,0,0,0,0,1,0,1,0.9565217391304348,1.0,1.0,0.0,0.0,0.0,5,0,1
118,57,26,31,18,4,12,23,13,6,0,7,0,0,0,0,0,0,0,0,0,0,0,0,1.0,1.0,1.0,0.0,0.0,0.0,5,0,0
119,54,25,29,15,4,12,23,13,6,0,7,0,0,0,0,0,0,0,0,0,3,0,3,0.8636363636363636,1.0,1.0,0.0,0.0,0.0,5,0,3
120,54,25,29,15,4,12,23,13,6,0,7,0,0,0,0,0,0,0,0,0,0,0,0,1.0,1.0,1.0,0.0,0.0,0.0,5,0,0
121,57,27,30,18,4,12,23,13,5,0,8,0,0,0,0,0,0,0,0,1,1,0,1,0.9473684210526316,1.0,1.0,0.07407407407407407,0.07407407407407407,0.0,5,4,1
122,57,27,30,18,4,12,23,13,5,0,8,0,0,0,0,0,0,0,0,0,0,0,0,1.0,1.0,1.0,0.0,0.0,0.0,5,0,0
123,55,27,28,16,4,11,24,14,5,0,8,0,0,0,0,0,3,0,0,0,2,0,2,0.9090909090909091,1.0,1.0,0.0,0.0,0.0,5,0,2
124,55,27,28,16,4,10,25,14,6,0,8,0,0,0,0,0,5,1,0,0,0,0,0,1.0,1.0,1.0,0.0,0.0,0.2,5,0,0
125,55,27,28,16,4,10,25,14,6,0,8,0,0,0,0,0,0,0,0,0,0,0,0,1.0,1.0,1.0,0.0,0.0,0.0,5,0,0
126,55,27,28,16,4,10,25,14,6,0,8,0,0,0,0,0,0,0,0,0,0,0,0,1.0,1.0,1.0,0.0,0.0,0.0,5,0,0
127,54,27,27,16,4,10,24,13,5,0,8,0,0,0,0,0,0,0,0,0,0,0,0,1.0,1.0,0.9285714285714286,0.0,0.0,0.0,5,0,1
128,54,27,27,16,4,10,24,13,5,0,8,0,0,0,0,0,0,0,0,0,0,0,0,1.0,1.0,1.0,0.0,0.0,0.0,5,0,0
129,54,27,27,16,4,9,25,13,5,0,8,0,0,0,0,0,0,0,0,0,0,0,0,1.0,1.0,1.0,0.0,0.0,0.0,5,0,0
130,53,26,27,15,4,9,25,13,5,0,8,0,0,0,0,0,0,0,0,0,1,0,1,0.95,1.0,1.0,0.0,0.0,0.0,5,0,1
131,52,26,26,14,4,9,25,13,5,0,8,0,0,0,0,0,0,0,0,0,1,0,1,0.9473684210526316,1.0,1.0,0.0,0.0,0.0,5,0,1
132,52,26,26,14,4,9,25,13,5,0,8,0,0,0,0,0,0,0,0,0,0,0,0,1.0,1.0,1.0,0.0,0.0,0.0,5,0,0
133,52,26,26,14,4,9,25,13,5,0,8,0,0,0,0,0,0,0,0,0,0,0,0,1.0,1.0,1.0,0.0,0.0,0.0,5,0,0
134,55,28,27,17,4,9,25,13,4,0,9,0,0,0,0,0,0,0,0,1,0,0,0,1.0,1.0,1.0,0.057692307692307696,0.057692307692307696,0.0,5,3,0
135,55,28,27,17,4,9,25,13,4,0,9,0,0,0,0,0,0,0,0,0,0,0,0,1.0,1.0,1.0,0.0,0.0,0.0,5,0,0
136,55,28,27,17,4,8,26,13,4,0,9,0,0,0,0,0,0,0,0,0,0,0,0,1.0,1.0,1.0,0.0,0.0,0.0,5,0,0
137,55,28,27,17,4,8,26,13,4,0,9,0,0,0,0,0,0,0,0,0,0,0,0,1.0,1.0,1.0,0.0,0.0,0.0,5,0,0
138,55,28,27,13,8,8,26,13,4,0,9,0,0,0,0,0,0,0,0,0,0,0,0,1.0,1.0,1.0,0.0,0.0,0.0,5,0,0
139,54,27,27,11,9,8,26,13,4,0,9,0,0,0,0,0,0,0,0,0,1,1,1,0.9523809523809523,1.0,1.0,0.0,0.0,0.0,5,0,1
140,54,27,27,11,9,8,26,13,4,0,6,0,0,0,0,0,0,0,0,0,0,0,0,1.0,1.0,1.0,0.0,0.0,0.0,5,0,0
141,53,27,26,11,8,8,26,13,5,0,5,0,0,0,0,0,15,1,0,0,1,0,1,0.95,1.0,1.0,0.0,0.0,0.06666666666666667,5,0,1
142,53,27,26,9,10,8,26,13,5,1,5,0,0,0,0,0,3,0,1,0,0,1,0,1.0,1.0,1.0,0.0,0.0,0.0,5,0,0
143,53,27,26,9,9,9,26,13,6,2,4,0,0,0,0,0,8,1,1,0,0,0,0,1.0,1.0,1.0,0.0,0.0,0.125,5,0,0
144,53,27,26,9,9,9,26,13,7,2,3,0,0,0,0,0,6,1,0,0,0,0,0,1.0,1.0,1.0,0.0,0.0,0.16666666666666666,5,0,0
145,53,27,26,9,9,9,26,13,8,2,3,0,0,0,0,0,6,1,0,0,0,0,0,1.0,1.0,1.0,0.0,0.0,0.16666666666666666,5,0,0
146,53,27,26,9,8,10,26,13,8,2,3,0,0,0,0,0,0,0,0,0,0,0,0,1.0,1.0,1.0,0.0,0.0,0.0,5,0,0
147,52,27,25,8,8,10,26,13,8,2,3,0,0,0,0,0,0,0,0,0,1,0,1,0.9411764705882353,1.0,1.0,0.0,0.0,0.0,5,0,1
148,52,27,25,8,8,10,26,13,8,2,3,0,0,0,0,0,0,0,0,0,0,0,0,1.0,1.0,1.0,0.0,0.0,0.0,5,0,0
149,52,27,25,8,8,10,26,13,8,2,3,0,0,0,0,0,0,0,0,0,0,0,0,1.0,1.0,1.0,0.0,0.0,0.0,5,0,0
150,52,27,25,8,8,10,26,13,8,2,3,0,0,0,0,0,0,0,0,0,0,0,0,1.0,1.0,1.0,0.0,0.0,0.0,5,0,0
151,52,27,25,8,8,10,26,13,8,2,3,0,0,0,0,0,0,0,0,0,0,0,0,1.0,1.0,1.0,0.0,0.0,0.0,5,0,0
152,51,26,25,7,8,10,26,13,8,2,3,0,0,0,0,0,0,0,0,0,1,0,1,0.9375,1.0,1.0,0.0,0.0,0.0,5,0,1
153,51,26,25,7,8,10,26,13,8,2,3,0,0,0,0,0,0,0,0,0,0,0,0,1.0,1.0,1.0,0.0,0.0,0.0,5,0,0
154,51,26,25,6,9,10,26,13,8,2,3,0,0,0,0,0,0,0,0,0,0,0,0,1.0,1.0,1.0,0.0,0.0,0.0,5,0,0
155,51,26,25,6,9,10,26,13,8,2,3,0,0,0,0,0,0,0,0,0,0,0,0,1.0,1.0,1.0,0.0,0.0,0.0,5,0,0
156,51,26,25,6,9,10,26,13,8,2,2,0,0,0,0,0,0,0,0,0,0,0,0,1.0,1.0,1.0,0.0,0.0,0.0,5,0,0
157,51,26,25,6,9,10,26,13,9,2,2,0,0,0,0,0,7,1,0,0,0,0,0,1.0,1.0,1.0,0.0,0.0,0.14285714285714285,5,0,0
158,51,26,25,6,9,10,26,13,9,2,2,0,0,0,0,0,0,0,0,0,0,0,0,1.0,1.0,1.0,0.0,0.0,0.0,5,0,0
159,50,25,25,6,8,10,26,13,9,2,2,0,0,0,0,0,0,0,0,0,1,0,1,0.9333333333333333,1.0,1.0,0.0,0.0,0.0,5,0,1
160,50,25,25,6,8,10,26,13,9,2,2,0,0,0,0,0,0,0,0,0,0,0,0,1.0,1.0,1.0,0.0,0.0,0.0,5,0,0
161,50,25,25,6,8,10,26,13,9,2,2,0,0,0,0,0,0,0,0,0,0,0,0,1.0,1.0,1.0,0.0,0.0,0.0,5,0,0
162,54,28,26,10,8,10,26,13,8,2,3,0,0,0,0,0,0,0,0,1,0,0,0,1.0,1.0,1.0,0.08,0.08,0.0,5,4,0
163,54,28,26,10,8,10,26,13,8,2,3,0,0,0,0,0,0,0,0,0,0,0,0,1.0,1.0,1.0,0.0,0.0,0.0,5,0,0
164,54,28,26,6,12,10,26,13,8,2,3,0,0,0,0,0,0,0,0,0,0,0,0,1.0,1.0,1.0,0.0,0.0,0.0,5,0,0
165,54,28,26,6,12,9,27,13,8,2,3,0,0,0,0,0,0,0,0,0,0,0,0,1.0,1.0,1.0,0.0,0.0,0.0,5,0,0
166,54,28,26,6,12,9,27,13,8,2,2,0,0,0,0,0,0,0,0,0,0,0,0,1.0,1.0,1.0,0.0,0.0,0.0,5,0,0
167,54,28,26,6,12,9,27,13,9,2,2,0,0,0,0,0,4,1,0,0,0,0,0,1.0,1.0,1.0,0.0,0.0,0.25,5,0,0
168,54,28,26,6,12,9,27,13,9,2,2,0,0,0,0,0,0,0,0,0,0,0,0,1.0,1.0,1.0,0.0,0.0,0.0,5,0,0
169,54,28,26,6,12,9,27,13,9,2,2,0,0,0,0,0,0,0,0,0,0,1,0,1.0,1.0,1.0,0.0,0.0,0.0,5,0,0
170,54,28,26,6,12,9,27,13,9,2,2,0,0,0,0,0,0,0,0,0,0,0,0,1.0,1.0,1.0,0.0,0.0,0.0,5,0,0
171,54,28,26,6,12,9,27,13,9,2,2,0,0,0,0,0,0,0,0,0,0,0,0,1.0,1.0,1.0,0.0,0.0,0.0,5,0,0
172,54,28,26,6,12,9,27,13,9,2,2,0,0,0,0,0,0,0,0,0,0,0,0,1.0,1.0,1.0,0.0,0.0,0.0,5,0,0
173,58,31,27,10,11,10,27,13,8,2,3,0,0,0,0,0,0,0,0,1,0,0,0,1.0,1.0,1.0,0.07407407407407407,0.07407407407407407,0.0,5,4,0
174,61,33,28,13,11,10,27,13,7,2,4,0,0,0,0,0,0,0,0,1,0,0,0,1.0,1.0,1.0,0.05172413793103448,0.05172413793103448,0.0,5,3,0
175,61,33,28,13,11,10,27,13,7,2,4,0,0,0,0,0,0,0,0,0,0,0,0,1.0,1.0,1.0,0.0,0.0,0.0,5,0,0
176,60,33,27,13,10,10,27,13,7,2,4,0,0,0,0,0,0,0,0,0,1,0,1,0.9583333333333334,1.0,1.0,0.0,0.0,0.0,5,0,1
177,60,33,27,11,12,10,27,13,7,2,4,0,0,0,0,0,0,0,0,0,0,0,0,1.0,1.0,1.0,0.0,0.0,0.0,5,0,0
178,59,32,27,10,12,10,27,13,7,2,4,0,0,0,0,0,0,0,0,0,1,0,1,0.9565217391304348,1.0,1.0,0.0,0.0,0.0,5,0,1
179,58,32,26,9,12,10,27,13,7,2,3,0,0,0,0,0,0,0,0,0,1,0,1,0.9545454545454546,1.0,1.0,0.0,0.0,0.0,5,0,1
180,58,32,26,9,12,10,27,13,8,2,3,0,0,0,0,0,8,1,0,0,0,0,0,1.0,1.0,1.0,0.0,0.0,0.125,5,0,0
181,58,32,26,9,12,9,28,14,8,2,3,0,0,0,0,0,0,0,0,0,0,0,0,1.0,1.0,1.0,0.0,0.0,0.0,5,0,0
182,58,32,26,9,12,9,28,14,8,2,3,0,0,0,0,0,0,0,0,0,0,0,0,1.0,1.0,1.0,0.0,0.0,0.0,5,0,0
183,57,31,26,8,12,9,28,14,8,2,3,0,0,0,0,0,0,0,0,0,1,0,1,0.9523809523809523,1.0,1.0,0.0,0.0,0.0,5,0,1
184,57,31,26,8,12,9,28,14,8,2,3,0,0,0,0,0,0,0,0,0,0,0,0,1.0,1.0,1.0,0.0,0.0,0.0,5,0,0
185,57,31,26,8,12,9,28,14,8,2,3,0,0,0,0,0,0,0,0,0,0,0,0,1.0,1.0,1.0,0.0,0.0,0.0,5,0,0
186,57,31,26,8,12,9,28,14,8,2,3,0,0,0,0,0,7,0,0,0,0,0,0,1.0,1.0,1.0,0.0,0.0,0.0,5,0,0
187,57,31,26,8,12,9,28,14,8,1,3,0,0,0,0,0,8,0,0,0,0,0,0,1.0,1.0,1.0,0.0,0.0,0.0,5,0,0
188,57,31,26,8,12,9,28,14,10,0,3,0,0,0,0,0,8,2,0,0,0,0,0,1.0,1.0,1.0,0.0,0.0,0.25,5,0,0
189,60,33,27,11,12,9,28,14,9,0,4,0,0,0,0,0,4,0,0,1,0,0,0,1.0,1.0,1.0,0.05263157894736842,0.05263157894736842,0.0,5,3,0
190,60,33,27,11,12,9,28,14,9,0,4,0,0,0,0,0,1,0,0,0,0,0,0,1.0,1.0,1.0,0.0,0.0,0.0,5,0,0
191,60,33,27,11,12,9,28,14,9,0,4,0,0,0,0,0,6,0,0,0,0,0,0,1.0,1.0,1.0,0.0,0.0,0.0,5,0,0
192,59,32,27,11,11,9,28,14,10,0,4,0,0,0,0,0,1,1,0,0,1,0,1,0.9565217391304348,1.0,1.0,0.0,0.0,1.0,5,0,1
193,57,30,27,10,10,9,28,14,10,0,4,0,0,0,0,0,0,0,0,0,2,0,2,0.9090909090909091,1.0,1.0,0.0,0.0,0.0,5,0,2
194,57,30,27,10,10,9,28,14,10,0,4,0,0,0,0,0,0,0,0,0,0,0,0,1.0,1.0,1.0,0.0,0.0,0.0,5,0,0
195,57,30,27,10,10,9,28,14,10,0,4,0,0,0,0,0,0,0,0,0,0,0,0,1.0,1.0,1.0,0.0,0.0,0.0,5,0,0
196,57,30,27,10,10,9,28,14,10,0,4,0,0,0,0,0,0,0,0,0,0,0,0,1.0,1.0,1.0,0.0,0.0,0.0,5,0,0
197,55,29,26,10,8,8,29,14,10,0,4,0,0,0,0,0,0,0,0,0,2,0,2,0.9,1.0,1.0,0.0,0.0,0.0,5,0,2
198,54,29,25,10,7,8,29,14,10,0,4,0,0,0,0,0,0,0,0,0,1,0,1,0.9444444444444444,1.0,1.0,0.0,0.0,0.0,5,0,1
199,54,29,25,10,7,7,30,14,10,0,4,0,0,0,0,0,0,0,0,0,0,0,0,1.0,1.0,1.0,0.0,0.0,0.0,5,0,0
200,54,29,25,10,7,7,30,14,10,0,4,0,0,0,0,0,0,0,0,0,0,0,0,1.0,1.0,1.0,0.0,0.0,0.0,5,0,0
201,54,29,25,10,7,7,30,14,10,0,4,0,0,0,0,0,0,0,0,0,0,0,0,1.0,1.0,1.0,0.0,0.0,0.0,5,0,0
202,53,28,25,10,6,7,30,14,10,0,4,0,0,0,0,0,0,0,0,0,1,0,1,0.9411764705882353,1.0,1.0,0.0,0.0,0.0,5,0,1
203,53,28,25,10,6,7,30,14,10,0,4,0,0,0,0,0,0,0,0,0,0,0,0,1.0,1.0,1.0,0.0,0.0,0.0,5,0,0
204,52,27,25,9,6,7,30,14,10,0,4,0,0,0,0,0,0,0,0,0,1,0,1,0.9375,1.0,1.0,0.0,0.0,0.0,5,0,1
205,52,27,25,7,8,7,30,14,10,0,4,0,0,0,0,0,0,0,0,0,0,0,0,1.0,1.0,1.0,0.0,0.0,0.0,5,0,0
206,55,27,28,10,8,7,30,14,9,0,5,0,0,0,0,0,0,0,0,1,0,0,0,1.0,1.0,1.0,0.057692307692307696,0.057692307692307696,0.0,5,3,0
207,55,27,28,10,8,7,30,14,9,0,4,0,0,0,0,0,0,0,0,0,0,0,0,1.0,1.0,1.0,0.0,0.0,0.0,5,0,0
208,59,27,32,14,8,7,30,14,9,0,5,0,0,0,0,0,4,1,0,1,0,0,0,1.0,1.0,1.0,0.07272727272727272,0.07272727272727272,0.25,5,4,0
209,63,27,36,18,8,7,30,14,8,0,6,0,0,0,0,0,0,0,0,1,0,0,0,1.0,1.0,1.0,0.06779661016949153,0.06779661016949153,0.0,5,4,0
210,65,28,37,20,8,7,30,14,7,0,7,0,0,0,0,0,0,0,0,1,1,0,1,0.9615384615384616,1.0,1.0,0.047619047619047616,0.047619047619047616,0.0,5,3,1
211,63,28,35,18,8,7,30,14,7,0,7,0,0,0,0,0,0,0,0,0,2,0,2,0.9285714285714286,1.0,1.0,0.0,0.0,0.0,5,0,2
212,60,27,33,16,7,7,30,14,7,0,7,0,0,0,0,0,0,0,0,0,3,0,3,0.8846153846153846,1.0,1.0,0.0,0.0,0.0,5,0,3
213,60,27,33,16,7,7,30,14,7,0,7,0,0,0,0,0,0,0,0,0,0,0,0,1.0,1.0,1.0,0.0,0.0,0.0,5,0,0
214,60,27,33,16,7,7,30,14,7,0,7,0,0,0,0,0,0,0,0,0,0,0,0,1.0,1.0,1.0,0.0,0.0,0.0,5,0,0
215,60,27,33,16,7,7,30,14,7,0,7,0,0,0,0,0,0,0,0,0,0,0,0,1.0,1.0,1.0,0.0,0.0,0.0,5,0,0
216,58,26,32,13,9,7,29,13,6,0,7,0,0,0,0,0,0,0,0,0,1,0,1,0.9565217391304348,1.0,0.9285714285714286,0.0,0.0,0.0,5,0,2
217,57,25,32,11,10,7,29,13,6,0,7,0,0,0,0,0,0,0,0,0,1,0,1,0.9545454545454546,1.0,1.0,0.0,0.0,0.0,5,0,1
218,57,25,32,11,10,7,29,13,6,0,6,0,0,0,0,0,0,0,0,0,0,0,0,1.0,1.0,1.0,0.0,0.0,0.0,5,0,0
219,57,25,32,11,10,7,29,13,6,0,5,0,0,0,0,0,1,0,0,0,0,0,0,1.0,1.0,1.0,0.0,0.0,0.0,5,0,0
220,57,25,32,11,10,7,29,13,8,0,5,0,0,0,0,0,4,2,0,0,0,0,0,1.0,1.0,1.0,0.0,0.0,0.5,5,0,0
221,56,25,31,10,10,7,29,13,8,0,5,0,0,0,0,0,0,0,0,0,1,0,1,0.9523809523809523,1.0,1.0,0.0,0.0,0.0,5,0,1
222,59,27,32,13,10,7,29,13,7,0,6,0,0,0,0,0,0,0,0,1,0,0,0,1.0,1.0,1.0,0.05357142857142857,0.05357142857142857,0.0,5,3,0
223,58,26,32,13,10,7,28,13,7,0,6,0,0,0,0,0,0,0,0,0,0,0,0,1.0,0.9375,1.0,0.0,0.0,0.0,5,0,1
224,57,25,32,13,9,7,28,13,7,0,6,0,0,0,0,0,0,0,0,0,1,0,1,0.9565217391304348,1.0,1.0,0.0,0.0,0.0,5,0,1
225,57,25,32,13,9,7,28,13,7,0,6,0,0,0,0,0,0,0,0,0,0,0,0,1.0,1.0,1.0,0.0,0.0,0.0,5,0,0
226,57,25,32,13,9,7,28,13,7,0,6,0,0,0,0,0,0,0,0,0,0,0,0,1.0,1.0,1.0,0.0,0.0,0.0,5,0,0
227,56,25,31,13,8,6,29,14,8,0,6,0,0,0,0,0,8,1,0,0,1,0,1,0.9545454545454546,1.0,1.0,0.0,0.0,0.125,5,0,1
228,56,25,31,13,8,6,29,14,8,0,6,0,0,0,0,0,0,0,0,0,0,0,0,1.0,1.0,1.0,0.0,0.0,0.0,5,0,0
229,55,25,30,13,7,6,29,14,8,0,6,0,0,0,0,0,0,0,0,0,1,0,1,0.9523809523809523,1.0,1.0,0.0,0.0,0.0,5,0,1
230,54,24,30,12,7,5,30,14,8,0,6,0,0,0,0,0,0,0,0,0,1,0,1,0.95,1.0,1.0,0.0,0.0,0.0,5,0,1
231,54,24,30,12,7,5,30,14,8,0,6,0,0,0,0,0,0,0,0,0,0,0,0,1.0,1.0,1.0,0.0,0.0,0.0,5,0,0
232,57,26,31,16,6,5,30,14,7,0,7,0,0,0,0,0,0,0,0,1,1,0,1,0.9473684210526316,1.0,1.0,0.07407407407407407,0.07407407407407407,0.0,5,4,1
233,57,26,31,16,6,5,30,14,7,0,7,0,0,0,0,0,0,0,0,0,0,0,0,1.0,1.0,1.0,0.0,0.0,0.0,5,0,0
234,57,26,31,16,6,4,31,15,7,0,6,0,0,0,0,0,0,0,0,0,0,0,0,1.0,1.0,1.0,0.0,0.0,0.0,5,0,0
235,57,26,31,16,6,4,31,15,8,0,6,0,0,0,0,0,4,1,0,0,0,0,0,1.0,1.0,1.0,0.0,0.0,0.25,5,0,0
236,55,24,31,15,6,4,30,15,8,0,6,0,0,0,0,0,0,0,0,0,1,0,1,0.9545454545454546,0.9375,1.0,0.0,0.0,0.0,5,0,2
237,55,24,31,15,6,4,30,15,8,0,6,0,0,0,0,0,0,0,0,0,0,0,0,1.0,1.0,1.0,0.0,0.0,0.0,5,0,0
238,55,24,31,15,6,4,30,15,9,0,6,0,0,0,0,0,6,1,0,0,0,0,0,1.0,1.0,1.0,0.0,0.0,0.16666666666666666,5,0,0
239,55,24,31,15,6,4,30,15,9,0,6,0,0,0,0,0,0,0,0,0,0,0,0,1.0,1.0,1.0,0.0,0.0,0.0,5,0,0
240,55,24,31,15,6,4,30,15,9,0,6,0,0,0,0,0,0,0,0,0,0,0,0,1.0,1.0,1.0,0.0,0.0,0.0,5,0,0
241,55,24,31,15,6,4,30,15,9,0,6,0,0,0,0,0,0,0,0,0,0,0,0,1.0,1.0,1.0,0.0,0.0,0.0,5,0,0
242,55,24,31,15,6,4,30,15,9,0,6,0,0,0,0,0,0,0,0,0,0,0,0,1.0,1.0,1.0,0.0,0.0,0.0,5,0,0
243,55,24,31,15,6,4,30,15,9,0,6,0,0,0,0,0,0,0,0,0,0,0,0,1.0,1.0,1.0,0.0,0.0,0.0,5,0,0
244,55,24,31,15,6,4,30,15,9,0,6,0,0,0,0,0,0,0,0,0,0,0,0,1.0,1.0,1.0,0.0,0.0,0.0,5,0,0
245,59,24,35,19,6,4,30,15,8,0,7,0,0,0,0,0,0,0,0,1,0,0,0,1.0,1.0,1.0,0.07272727272727272,0.07272727272727272,0.0,5,4,0
246,57,24,33,17,6,4,30,15,8,0,7,0,0,0,0,0,0,0,0,0,2,0,2,0.92,1.0,1.0,0.0,0.0,0.0,5,0,2
247,57,24,33,17,6,4,30,15,8,0,7,0,0,0,0,0,0,0,0,0,0,0,0,1.0,1.0,1.0,0.0,0.0,0.0,5,0,0
248,55,23,32,16,6,4,29,14,7,0,7,0,0,0,0,0,0,0,0,0,1,0,1,0.9565217391304348,1.0,0.9333333333333333,0.0,0.0,0.0,5,0,2
249,55,23,32,14,8,4,29,14,7,0,7,0,0,0,0,0,0,0,0,0,0,0,0,1.0,1.0,1.0,0.0,0.0,0.0,5,0,0
250,55,23,32,14,8,4,29,14,7,0,7,0,0,0,0,0,0,0,0,0,0,0,0,1.0,1.0,1.0,0.0,0.0,0.0,5,0,0
251,54,23,31,11,10,4,29,14,7,0,6,0,0,0,0,0,0,0,0,0,1,0,1,0.9545454545454546,1.0,1.0,0.0,0.0,0.0,5,0,1
252,51,23,28,9,9,4,29,14,7,1,6,0,0,0,0,0,2,0,1,0,3,0,3,0.8571428571428572,1.0,1.0,0.0,0.0,0.0,5,0,3
253,58,28,30,16,9,4,29,14,5,1,7,0,0,0,0,0,0,0,0,2,0,0,0,1.0,1.0,1.0,0.13725490196078433,0.13725490196078433,0.0,5,7,0
254,58,28,30,16,9,4,29,14,6,1,6,0,0,0,0,0,4,1,0,0,0,0,0,1.0,1.0,1.0,0.0,0.0,0.25,5,0,0
255,57,28,29,15,9,4,29,14,7,1,5,0,0,0,0,0,3,1,0,0,1,0,1,0.96,1.0,1.0,0.0,0.0,0.3333333333333333,5,0,1
256,56,28,28,15,8,4,29,14,8,1,5,0,0,0,0,0,5,1,0,0,1,0,1,0.9583333333333334,1.0,1.0,0.0,0.0,0.2,5,0,1
257,56,28,28,15,8,4,29,14,8,1,5,0,0,0,0,0,0,0,0,0,0,0,0,1.0,1.0,1.0,0.0,0.0,0.0,5,0,0
258,56,28,28,15,8,4,29,14,8,1,5,0,0,0,0,0,0,0,0,0,0,0,0,1.0,1.0,1.0,0.0,0.0,0.0,5,0,0
259,56,28,28,15,8,4,29,14,8,1,5,0,0,0,0,0,0,0,0,0,0,0,0,1.0,1.0,1.0,0.0,0.0,0.0,5,0,0
260,55,28,27,15,7,4,29,14,8,1,5,0,0,0,0,0,0,0,0,0,1,0,1,0.9565217391304348,1.0,1.0,0.0,0.0,0.0,5,0,1
261,54,27,27,14,7,4,29,14,8,1,5,0,0,0,0,0,0,0,0,0,1,0,1,0.9545454545454546,1.0,1.0,0.0,0.0,0.0,5,0,1
262,53,27,26,14,6,4,29,14,8,1,5,0,0,0,0,0,0,0,0,0,1,0,1,0.9523809523809523,1.0,1.0,0.0,0.0,0.0,5,0,1
263,53,27,26,14,6,4,29,14,8,1,5,0,0,0,0,0,0,0,0,0,0,0,0,1.0,1.0,1.0,0.0,0.0,0.0,5,0,0
264,53,27,26,14,6,4,29,14,8,1,5,0,0,0,0,0,0,0,0,0,0,0,0,1.0,1.0,1.0,0.0,0.0,0.0,5,0,0
265,52,26,26,11,8,4,29,14,8,1,5,0,0,0,0,0,0,0,0,0,1,0,1,0.95,1.0,1.0,0.0,0.0,0.0,5,0,1
266,51,25,26,10,8,4,29,14,8,1,5,0,0,0,0,0,0,0,0,0,1,0,1,0.9473684210526316,1.0,1.0,0.0,0.0,0.0,5,0,1
267,51,25,26,10,8,4,29,14,8,1,4,0,0,0,0,0,0,0,0,0,0,0,0,1.0,1.0,1.0,0.0,0.0,0.0,5,0,0
268,51,25,26,10,8,4,29,14,8,2,4,0,0,0,0,0,4,0,1,0,0,0,0,1.0,1.0,1.0,0.0,0.0,0.0,5,0,0
269,50,25,25,9,8,4,29,14,8,2,4,0,0,0,0,0,0,0,0,0,1,0,1,0.9444444444444444,1.0,1.0,0.0,0.0,0.0,5,0,1
270,48,23,25,9,7,4,28,14,8,2,4,0,0,0,0,0,0,0,0,0,1,0,1,0.9411764705882353,0.9333333333333333,1.0,0.0,0.0,0.0,5,0,2
271,48,23,25,9,7,4,28,14,8,2,4,0,0,0,0,0,0,0,0,0,0,0,0,1.0,1.0,1.0,0.0,0.0,0.0,5,0,0
272,48,23,25,9,7,4,28,14,8,2,4,0,0,0,0,0,0,0,0,0,0,0,0,1.0,1.0,1.0,0.0,0.0,0.0,5,0,0
273,52,24,28,13,7,4,28,14,7,2,5,0,0,0,0,0,0,0,0,1,0,0,0,1.0,1.0,1.0,0.08333333333333333,0.08333333333333333,0.0,5,4,0
274,51,23,28,13,7,4,27,14,7,2,5,0,0,0,0,0,0,0,0,0,0,0,0,1.0,0.9285714285714286,1.0,0.0,0.0,0.0,5,0,1
275,51,23,28,11,9,4,27,14,7,2,5,0,0,0,0,0,0,0,0,0,0,1,0,1.0,1.0,1.0,0.0,0.0,0.0,5,0,0
276,51,23,28,11,9,4,27,14,7,2,5,0,0,0,0,0,0,0,0,0,0,0,0,1.0,1.0,1.0,0.0,0.0,0.0,5,0,0
277,51,23,28,11,9,4,27,14,7,2,4,0,0,0,0,0,0,0,0,0,0,0,0,1.0,1.0,1.0,0.0,0.0,0.0,5,0,0
278,51,23,28,11,9,4,27,14,7,2,4,0,0,0,0,0,7,0,0,0,0,0,0,1.0,1.0,1.0,0.0,0.0,0.0,5,0,0
279,50,22,28,10,8,5,27,14,8,2,4,0,0,0,0,0,5,1,0,0,1,0,1,0.9473684210526316,1.0,1.0,0.0,0.0,0.2,5,0,1
280,50,22,28,10,8,5,27,14,8,2,4,0,0,0,0,0,0,0,0,0,0,0,0,1.0,1.0,1.0,0.0,0.0,0.0,5,0,0
281,50,22,28,10,8,5,27,14,8,2,4,0,0,0,0,0,0,0,0,0,0,0,0,1.0,1.0,1.0,0.0,0.0,0.0,5,0,0
282,50,22,28,10,8,5,27,14,8,2,4,0,0,0,0,0,0,0,0,0,0,0,0,1.0,1.0,1.0,0.0,0.0,0.0,5,0,0
283,49,21,28,10,7,5,27,14,8,2,4,0,0,0,0,0,0,0,0,0,1,0,1,0.9444444444444444,1.0,1.0,0.0,0.0,0.0,5,0,1
284,49,21,28,10,7,5,27,14,8,2,4,0,0,0,0,0,0,0,0,0,0,0,0,1.0,1.0,1.0,0.0,0.0,0.0,5,0,0
285,53,23,30,14,7,5,27,14,7,2,5,0,0,0,0,0,0,0,0,1,0,0,0,1.0,1.0,1.0,0.08163265306122448,0.08163265306122448,0.0,5,4,0
286,52,23,29,14,7,5,26,13,7,2,4,0,0,0,0,0,0,0,0,0,0,0,0,1.0,1.0,0.9285714285714286,0.0,0.0,0.0,5,0,1
287,51,23,28,13,7,5,26,13,7,2,4,0,0,0,0,0,0,0,0,0,1,0,1,0.9523809523809523,1.0,1.0,0.0,0.0,0.0,5,0,1
288,51,23,28,11,9,5,26,13,7,2,4,0,0,0,0,0,0,0,0,0,0,0,0,1.0,1.0,1.0,0.0,0.0,0.0,5,0,0
289,51,23,28,11,9,5,26,13,7,2,4,0,0,0,0,0,0,0,0,0,0,0,0,1.0,1.0,1.0,0.0,0.0,0.0,5,0,0
290,51,23,28,11,9,5,26,13,7,2,3,0,0,0,0,0,0,0,0,0,0,0,0,1.0,1.0,1.0,0.0,0.0,0.0,5,0,0
291,51,23,28,11,9,5,26,13,8,2,3,0,0,0,0,0,5,1,0,0,0,0,0,1.0,1.0,1.0,0.0,0.0,0.2,5,0,0
292,54,25,29,14,9,5,26,13,7,2,4,0,0,0,0,0,0,0,0,1,1,0,1,0.95,1.0,1.0,0.0784313725490196,0.0784313725490196,0.0,5,4,1
293,54,25,29,14,9,5,26,13,7,2,4,0,0,0,0,0,0,0,0,0,0,0,0,1.0,1.0,1.0,0.0,0.0,0.0,5,0,0
294,53,25,28,14,8,5,26,13,7,2,4,0,0,0,0,0,0,0,0,0,1,0,1,0.9565217391304348,1.0,1.0,0.0,0.0,0.0,5,0,1
295,53,25,28,14,8,5,26,13,7,2,4,0,0,0,0,0,0,0,0,0,0,0,0,1.0,1.0,1.0,0.0,0.0,0.0,5,0,0
296,53,25,28,10,12,5,26,13,7,2,4,0,0,0,0,0,0,0,0,0,0,0,0,1.0,1.0,1.0,0.0,0.0,0.0,5,0,0
297,53,25,28,10,12,5,26,13,7,1,4,0,0,0,0,0,0,0,0,0,0,0,0,1.0,1.0,1.0,0.0,0.0,0.0,5,0,0
298,53,25,28,10,12,5,26,13,8,1,2,0,0,0,0,0,8,1,0,0,0,0,0,1.0,1.0,1.0,0.0,0.0,0.125,5,0,0
299,53,25,28,10,12,5,26,13,10,1,2,0,0,0,0,0,12,2,0,0,0,0,0,1.0,1.0,1.0,0.0,0.0,0.16666666666666666,5,0,0
300,56,26,30,13,12,5,26,13,9,1,3,0,0,0,0,0,0,0,0,1,0,0,0,1.0,1.0,1.0,0.05660377358490566,0.05660377358490566,0.0,5,3,0
301,56,26,30,13,12,4,27,14,9,1,3,0,0,0,0,0,0,0,0,0,0,1,0,1.0,1.0,1.0,0.0,0.0,0.0,5,0,0
302,55,25,30,13,11,4,27,14,9,1,3,0,0,0,0,0,0,0,0,0,1,0,1,0.96,1.0,1.0,0.0,0.0,0.0,5,0,1
303,59,28,31,17,11,4,27,14,8,1,4,0,0,0,0,0,0,0,0,1,0,0,0,1.0,1.0,1.0,0.07272727272727272,0.07272727272727272,0.0,5,4,0
304,59,28,31,17,11,4,27,14,8,1,4,0,0,0,0,0,0,0,0,0,0,0,0,1.0,1.0,1.0,0.0,0.0,0.0,5,0,0
305,59,28,31,17,10,5,27,14,8,1,4,0,0,0,0,0,0,0,0,0,0,0,0,1.0,1.0,1.0,0.0,0.0,0.0,5,0,0
306,57,28,29,16,9,5,27,14,8,1,4,0,0,0,0,0,0,0,0,0,2,0,2,0.9259259259259259,1.0,1.0,0.0,0.0,0.0,5,0,2
307,57,28,29,16,9,5,27,14,8,1,4,0,0,0,0,0,0,0,0,0,0,0,0,1.0,1.0,1.0,0.0,0.0,0.0,5,0,0
308,56,27,29,15,9,5,27,14,8,1,4,0,0,0,0,0,0,0,0,0,1,0,1,0.96,1.0,1.0,0.0,0.0,0.0,5,0,1
309,56,27,29,15,9,5,27,14,8,1,4,0,0,0,0,0,0,0,0,0,0,0,0,1.0,1.0,1.0,0.0,0.0,0.0,5,0,0
310,54,26,28,14,8,5,27,14,8,1,4,0,0,0,0,0,0,0,0,0,2,0,2,0.9166666666666666,1.0,1.0,0.0,0.0,0.0,5,0,2
311,54,26,28,14,8,5,27,14,8,1,4,0,0,0,0,0,0,0,0,0,0,0,0,1.0,1.0,1.0,0.0,0.0,0.0,5,0,0
312,54,26,28,14,8,5,27,14,8,1,4,0,0,0,0,0,0,0,0,0,0,0,0,1.0,1.0,1.0,0.0,0.0,0.0,5,0,0
313,54,26,28,14,8,5,27,14,8,0,4,0,0,0,0,0,0,0,0,0,0,0,0,1.0,1.0,1.0,0.0,0.0,0.0,5,0,0
314,54,26,28,14,8,5,27,14,8,0,4,0,0,0,0,0,0,0,0,0,0,0,0,1.0,1.0,1.0,0.0,0.0,0.0,5,0,0
315,53,26,27,13,8,5,27,14,8,0,4,0,0,0,0,0,0,0,0,0,1,0,1,0.9545454545454546,1.0,1.0,0.0,0.0,0.0,5,0,1
316,53,26,27,10,11,5,27,14,8,0,4,0,0,0,0,0,0,0,0,0,0,0,0,1.0,1.0,1.0,0.0,0.0,0.0,5,0,0
317,52,25,27,9,11,5,27,14,8,0,4,0,0,0,0,0,0,0,0,0,1,0,1,0.9523809523809523,1.0,1.0,0.0,0.0,0.0,5,0,1
318,51,24,27,9,10,5,27,14,8,0,3,0,0,0,0,0,0,0,0,0,1,0,1,0.95,1.0,1.0,0.0,0.0,0.0,5,0,1
319,55,27,28,13,10,5,27,14,7,0,4,0,0,0,0,0,0,0,0,1,0,0,0,1.0,1.0,1.0,0.0784313725490196,0.0784313725490196,0.0,5,4,0
320,58,29,29,16,10,5,27,14,6,0,5,0,0,0,0,0,0,0,0,1,1,0,1,0.9565217391304348,1.0,1.0,0.07272727272727272,0.07272727272727272,0.0,5,4,1
321,61,31,30,19,10,5,27,14,5,0,6,0,0,0,0,0,0,0,0,1,0,0,0,1.0,1.0,1.0,0.05172413793103448,0.05172413793103448,0.0,5,3,0
322,60,30,30,18,10,5,27,14,5,0,6,0,0,0,0,0,0,0,0,0,1,0,1,0.9655172413793104,1.0,1.0,0.0,0.0,0.0,5,0,1
323,59,29,30,17,10,5,27,14,5,0,6,0,0,0,0,0,0,0,0,0,1,0,1,0.9642857142857143,1.0,1.0,0.0,0.0,0.0,5,0,1
324,59,29,30,17,10,5,27,14,5,0,6,0,0,0,0,0,0,0,0,0,0,0,0,1.0,1.0,1.0,0.0,0.0,0.0,5,0,0
325,58,28,30,16,10,5,27,14,5,0,6,0,0,0,0,0,0,0,0,0,1,0,1,0.962962962962963,1.0,1.0,0.0,0.0,0.0,5,0,1
326,57,27,30,16,10,4,27,14,5,0,6,0,0,0,0,0,0,0,0,0,0,0,0,1.0,1.0,1.0,0.0,0.0,0.0,5,0,1
327,56,26,30,15,10,4,27,14,5,0,6,0,0,0,0,0,0,0,0,0,1,0,1,0.9615384615384616,1.0,1.0,0.0,0.0,0.0,5,0,1
328,56,26,30,14,11,4,27,14,5,0,6,0,0,0,0,0,0,0,0,0,0,0,0,1.0,1.0,1.0,0.0,0.0,0.0,5,0,0
329,56,26,30,14,11,4,27,14,5,0,6,0,0,0,0,0,0,0,0,0,0,0,0,1.0,1.0,1.0,0.0,0.0,0.0,5,0,0
330,56,26,30,14,11,4,27,14,5,0,6,0,0,0,0,0,0,0,0,0,0,0,0,1.0,1.0,1.0,0.0,0.0,0.0,5,0,0
331,56,26,30,14,11,4,27,14,5,0,6,0,0,0,0,0,0,0,0,0,0,0,0,1.0,1.0,1.0,0.0,0.0,0.0,5,0,0
332,56,26,30,14,11,4,27,14,5,0,6,0,0,0,0,0,0,0,0,0,0,0,0,1.0,1.0,1.0,0.0,0.0,0.0,5,0,0
333,56,26,30,14,11,4,27,14,5,0,6,0,0,0,0,0,0,0,0,0,0,0,0,1.0,1.0,1.0,0.0,0.0,0.0,5,0,0
334,56,26,30,14,11,4,27,14,5,0,6,0,0,0,0,0,0,0,0,0,0,0,0,1.0,1.0,1.0,0.0,0.0,0.0,5,0,0
335,55,26,29,11,14,4,26,13,5,0,5,0,0,0,0,0,0,0,0,0,0,0,0,1.0,1.0,0.9285714285714286,0.0,0.0,0.0,5,0,1
336,54,25,29,10,14,4,26,13,5,0,5,0,0,0,0,0,0,0,0,0,1,0,1,0.96,1.0,1.0,0.0,0.0,0.0,5,0,1
337,54,25,29,10,14,4,26,13,5,0,4,0,0,0,0,0,0,0,0,0,0,0,0,1.0,1.0,1.0,0.0,0.0,0.0,5,0,0
338,53,24,29,9,14,4,26,13,5,0,4,0,0,0,0,0,0,0,0,0,1,0,1,0.9583333333333334,1.0,1.0,0.0,0.0,0.0,5,0,1
339,53,24,29,9,14,4,26,13,5,0,4,0,0,0,0,0,0,0,0,0,0,0,0,1.0,1.0,1.0,0.0,0.0,0.0,5,0,0
340,53,24,29,9,14,4,26,13,5,0,4,0,0,0,0,0,0,0,0,0,0,0,0,1.0,1.0,1.0,0.0,0.0,0.0,5,0,0
341,52,24,28,9,13,4,26,13,5,0,4,0,0,0,0,0,0,0,0,0,1,0,1,0.9565217391304348,1.0,1.0,0.0,0.0,0.0,5,0,1
342,52,24,28,9,13,4,26,13,5,0,4,0,0,0,0,0,0,0,0,0,0,0,0,1.0,1.0,1.0,0.0,0.0,0.0,5,0,0
343,52,24,28,9,13,4,26,13,5,0,4,0,0,0,0,0,0,0,0,0,0,0,0,1.0,1.0,1.0,0.0,0.0,0.0,5,0,0
344,55,26,29,12,13,4,26,13,4,0,5,0,0,0,0,0,0,0,0,1,0,0,0,1.0,1.0,1.0,0.057692307692307696,0.057692307692307696,0.0,5,3,0
345,53,24,29,11,13,4,25,13,4,0,4,0,0,0,0,0,0,0,0,0,1,0,1,0.96,0.9230769230769231,1.0,0.0,0.0,0.0,5,0,2
346,53,24,29,9,15,4,25,13,4,0,4,0,0,0,0,0,0,0,0,0,0,0,0,1.0,1.0,1.0,0.0,0.0,0.0,5,0,0
347,53,24,29,9,15,4,25,13,4,0,4,0,0,0,0,0,0,0,0,0,0,0,0,1.0,1.0,1.0,0.0,0.0,0.0,5,0,0
348,53,24,29,9,15,4,25,13,4,0,4,0,0,0,0,0,0,0,0,0,0,0,0,1.0,1.0,1.0,0.0,0.0,0.0,5,0,0
349,52,23,29,8,15,4,25,13,4,0,4,0,0,0,0,0,0,0,0,0,1,0,1,0.9583333333333334,1.0,1.0,0.0,0.0,0.0,5,0,1
350,52,23,29,8,15,4,25,13,4,0,4,0,0,0,0,0,0,0,0,0,0,0,0,1.0,1.0,1.0,0.0,0.0,0.0,5,0,0
351,52,23,29,8,15,4,25,13,4,0,4,0,0,0,0,0,0,0,0,0,0,0,0,1.0,1.0,1.0,0.0,0.0,0.0,5,0,0
352,52,23,29,8,15,4,25,13,4,0,4,0,0,0,0,0,0,0,0,0,0,0,0,1.0,1.0,1.0,0.0,0.0,0.0,5,0,0
353,52,23,29,8,15,4,25,13,4,0,4,0,0,0,0,0,0,0,0,0,0,0,0,1.0,1.0,1.0,0.0,0.0,0.0,5,0,0
354,52,23,29,8,15,4,25,13,4,0,4,0,0,0,0,0,0,0,0,0,0,0,0,1.0,1.0,1.0,0.0,0.0,0.0,5,0,0
355,51,23,28,8,14,3,26,14,4,0,4,0,0,0,0,0,0,0,0,0,1,0,1,0.9565217391304348,1.0,1.0,0.0,0.0,0.0,5,0,1
356,55,25,30,12,14,3,26,14,3,0,5,0,0,0,0,0,0,0,0,1,0,0,0,1.0,1.0,1.0,0.0784313725490196,0.0784313725490196,0.0,5,4,0
357,55,25,30,12,14,3,26,14,3,0,5,0,0,0,0,0,0,0,0,0,0,0,0,1.0,1.0,1.0,0.0,0.0,0.0,5,0,0
358,55,25,30,12,14,3,26,14,3,0,5,0,0,0,0,0,0,0,0,0,0,0,0,1.0,1.0,1.0,0.0,0.0,0.0,5,0,0
359,54,24,30,12,14,3,25,14,3,0,5,0,0,0,0,0,0,0,0,0,0,0,0,1.0,0.9166666666666666,1.0,0.0,0.0,0.0,5,0,1
360,54,24,30,12,14,3,25,14,3,0,5,0,0,0,0,0,0,0,0,0,0,0,0,1.0,1.0,1.0,0.0,0.0,0.0,5,0,0
361,54,24,30,12,14,3,25,14,3,0,5,0,0,0,0,0,0,0,0,0,0,0,0,1.0,1.0,1.0,0.0,0.0,0.0,5,0,0
362,54,24,30,9,17,2,26,15,3,0,5,0,0,0,0,0,0,0,0,0,0,0,0,1.0,1.0,1.0,0.0,0.0,0.0,5,0,0
363,57,25,32,11,18,2,26,15,2,0,6,0,0,0,0,0,0,0,0,1,0,0,0,1.0,1.0,1.0,0.05555555555555555,0.05555555555555555,0.0,5,3,0
364,63,29,34,15,20,1,27,16,0,0,7,0,0,0,0,0,0,0,0,2,1,0,1,0.9655172413793104,1.0,1.0,0.12280701754385964,0.12280701754385964,0.0,5,7,1
365,62,29,33,15,19,1,27,16,0,0,6,0,0,0,0,0,0,0,0,0,1,0,1,0.9714285714285714,1.0,1.0,0.0,0.0,0.0,5,0,1
366,61,29,32,14,19,1,27,16,0,0,5,0,0,0,0,0,0,0,0,0,1,0,1,0.9705882352941176,1.0,1.0,0.0,0.0,0.0,5,0,1
367,61,29,32,14,19,1,27,16,0,0,5,0,0,0,0,0,0,0,0,0,0,0,0,1.0,1.0,1.0,0.0,0.0,0.0,5,0,0
368,61,29,32,14,19,1,27,16,0,0,5,0,0,0,0,0,0,0,0,0,0,0,0,1.0,1.0,1.0,0.0,0.0,0.0,5,0,0
369,58,28,30,13,17,1,27,16,0,0,5,0,0,0,0,0,0,0,0,0,3,0,3,0.9090909090909091,1.0,1.0,0.0,0.0,0.0,5,0,3
370,56,27,29,12,16,1,27,16,0,0,5,0,0,0,0,0,0,0,0,0,2,0,2,0.9333333333333333,1.0,1.0,0.0,0.0,0.0,5,0,2
371,56,27,29,12,16,1,27,16,0,0,5,0,0,0,0,0,0,0,0,0,0,0,0,1.0,1.0,1.0,0.0,0.0,0.0,5,0,0
372,54,26,28,12,14,1,27,16,0,0,5,0,0,0,0,0,0,0,0,0,2,0,2,0.9285714285714286,1.0,1.0,0.0,0.0,0.0,5,0,2
373,54,26,28,12,14,1,27,16,0,0,5,0,0,0,0,0,0,0,0,0,0,0,0,1.0,1.0,1.0,0.0,0.0,0.0,5,0,0
374,54,26,28,12,14,1,27,16,0,0,5,0,0,0,0,0,0,0,0,0,0,0,0,1.0,1.0,1.0,0.0,0.0,0.0,5,0,0
375,54,26,28,12,14,1,27,16,0,0,5,0,0,0,0,0,0,0,0,0,0,0,0,1.0,1.0,1.0,0.0,0.0,0.0,5,0,0
376,54,26,28,12,14,1,27,16,0,0,5,0,0,0,0,0,0,0,0,0,0,0,0,1.0,1.0,1.0,0.0,0.0,0.0,5,0,0
377,54,26,28,12,14,1,27,16,0,0,5,0,0,0,0,0,0,0,0,0,0,0,0,1.0,1.0,1.0,0.0,0.0,0.0,5,0,0
378,54,26,28,12,14,1,27,16,0,0,5,0,0,0,0,0,0,0,0,0,0,0,0,1.0,1.0,1.0,0.0,0.0,0.0,5,0,0
379,53,26,27,11,14,1,27,16,0,0,5,0,0,0,0,0,0,0,0,0,1,0,1,0.9615384615384616,1.0,1.0,0.0,0.0,0.0,5,0,1
380,53,26,27,11,14,1,27,16,0,0,5,0,0,0,0,0,0,0,0,0,0,0,0,1.0,1.0,1.0,0.0,0.0,0.0,5,0,0
381,53,26,27,11,14,1,27,16,0,0,5,0,0,0,0,0,0,0,0,0,0,0,0,1.0,1.0,1.0,0.0,0.0,0.0,5,0,0
382,53,26,27,11,14,1,27,16,0,0,5,0,0,0,0,0,0,0,0,0,0,0,0,1.0,1.0,1.0,0.0,0.0,0.0,5,0,0
383,53,26,27,11,14,1,27,16,0,0,5,0,0,0,0,0,0,0,0,0,0,0,0,1.0,1.0,1.0,0.0,0.0,0.0,5,0,0
384,53,26,27,11,14,1,27,16,0,0,5,0,0,0,0,0,0,0,0,0,0,0,0,1.0,1.0,1.0,0.0,0.0,0.0,5,0,0
385,52,25,27,11,13,1,27,16,0,0,5,0,0,0,0,0,0,0,0,0,1,0,1,0.96,1.0,1.0,0.0,0.0,0.0,5,0,1
386,51,25,26,10,13,1,27,16,0,0,5,0,0,0,0,0,0,0,0,0,1,0,1,0.9583333333333334,1.0,1.0,0.0,0.0,0.0,5,0,1
387,51,25,26,10,13,1,27,16,0,0,5,0,0,0,0,0,0,0,0,0,0,0,0,1.0,1.0,1.0,0.0,0.0,0.0,5,0,0
388,51,25,26,10,13,1,27,16,0,0,5,0,0,0,0,0,0,0,0,0,0,1,0,1.0,1.0,1.0,0.0,0.0,0.0,5,0,0
389,50,24,26,10,13,1,26,16,0,0,4,0,0,0,0,0,0,0,0,0,0,0,0,1.0,0.9090909090909091,1.0,0.0,0.0,0.0,5,0,1
390,50,24,26,10,13,1,26,16,0,0,4,0,0,0,0,0,0,0,0,0,0,0,0,1.0,1.0,1.0,0.0,0.0,0.0,5,0,0
391,48,23,25,9,12,1,26,16,0,0,4,0,0,0,0,0,0,0,0,0,2,0,2,0.9130434782608696,1.0,1.0,0.0,0.0,0.0,5,0,2
392,48,23,25,9,11,2,26,16,0,0,4,0,0,0,0,0,0,0,0,0,0,0,0,1.0,1.0,1.0,0.0,0.0,0.0,5,0,0
393,48,23,25,9,11,2,26,16,0,0,4,0,0,0,0,0,0,0,0,0,0,0,0,1.0,1.0,1.0,0.0,0.0,0.0,5,0,0
394,48,23,25,9,11,2,26,16,0,0,4,0,0,0,0,0,0,0,0,0,0,0,0,1.0,1.0,1.0,0.0,0.0,0.0,5,0,0
395,48,23,25,9,11,2,26,16,1,0,4,0,0,0,0,0,9,1,0,0,0,0,0,1.0,1.0,1.0,0.0,0.0,0.1111111111111111,5,0,0
396,48,23,25,9,11,2,26,16,5,0,4,0,0,0,0,0,20,4,0,0,0,0,0,1.0,1.0,1.0,0.0,0.0,0.2,5,0,0
397,48,23,25,9,11,2,26,16,6,1,4,0,0,0,0,0,23,1,1,0,0,0,0,1.0,1.0,1.0,0.0,0.0,0.043478260869565216,5,0,0
398,48,23,25,9,11,2,26,16,8,2,4,0,0,0,0,0,16,2,1,0,0,0,0,1.0,1.0,1.0,0.0,0.0,0.125,5,0,0
399,48,23,25,6,14,2,26,16,10,2,4,0,0,0,0,0,5,2,0,0,0,0,0,1.0,1.0,1.0,0.0,0.0,0.4,5,0,0
400,48,23,25,6,14,2,26,16,10,2,4,0,0,0,0,0,0,0,0,0,0,0,0,1.0,1.0,1.0,0.0,0.0,0.0,5,0,0
401,48,23,25,6,14,2,26,16,10,2,3,0,0,0,0,0,0,0,0,0,0,0,0,1.0,1.0,1.0,0.0,0.0,0.0,5,0,0
402,48,23,25,6,14,2,26,16,10,2,3,0,0,0,0,0,1,0,0,0,0,0,0,1.0,1.0,1.0,0.0,0.0,0.0,5,0,0
403,47,22,25,6,14,2,25,16,11,2,3,0,0,0,0,0,4,1,0,0,0,0,0,1.0,0.9,1.0,0.0,0.0,0.25,5,0,1
404,47,22,25,6,14,2,25,16,11,2,3,0,0,0,0,0,0,0,0,0,0,0,0,1.0,1.0,1.0,0.0,0.0,0.0,5,0,0
405,47,22,25,6,14,2,25,16,11,2,3,0,0,0,0,0,0,0,0,0,0,0,0,1.0,1.0,1.0,0.0,0.0,0.0,5,0,0
406,47,22,25,4,16,2,25,16,11,2,3,0,0,0,0,0,0,0,0,0,0,0,0,1.0,1.0,1.0,0.0,0.0,0.0,5,0,0
407,47,22,25,0,20,2,25,16,11,2,3,0,0,0,0,0,0,0,0,0,0,0,0,1.0,1.0,1.0,0.0,0.0,0.0,5,0,0
408,47,22,25,0,20,2,25,16,11,2,2,0,0,0,0,0,0,0,0,0,0,0,0,1.0,1.0,1.0,0.0,0.0,0.0,5,0,0
409,46,22,24,0,19,2,25,16,12,2,0,0,0,0,0,0,4,1,0,0,1,0,1,0.95,1.0,1.0,0.0,0.0,0.25,5,0,1
410,46,22,24,0,19,2,25,16,14,2,0,0,0,0,0,0,7,2,0,0,0,0,0,1.0,1.0,1.0,0.0,0.0,0.2857142857142857,5,0,0
411,46,22,24,0,19,2,25,16,14,2,0,0,0,0,0,0,0,0,0,0,0,0,0,1.0,1.0,1.0,0.0,0.0,0.0,5,0,0
412,46,22,24,0,19,2,25,16,14,2,0,0,0,0,0,0,0,0,0,0,0,1,0,1.0,1.0,1.0,0.0,0.0,0.0,5,0,0
413,45,21,24,0,18,2,25,16,14,2,0,0,0,0,0,0,0,0,0,0,1,0,1,0.9473684210526316,1.0,1.0,0.0,0.0,0.0,5,0,1
414,45,21,24,0,18,2,25,16,14,2,0,0,0,0,0,0,0,0,0,0,0,0,0,1.0,1.0,1.0,0.0,0.0,0.0,5,0,0
415,45,21,24,0,18,2,25,16,14,2,0,0,0,0,0,0,0,0,0,0,0,0,0,1.0,1.0,1.0,0.0,0.0,0.0,5,0,0
416,44,20,24,0,16,3,25,16,14,2,0,0,0,0,0,0,0,0,0,0,1,0,1,0.9411764705882353,1.0,1.0,0.0,0.0,0.0,5,0,1
417,44,20,24,0,16,3,25,16,14,2,0,0,0,0,0,0,0,0,0,0,0,0,0,1.0,1.0,1.0,0.0,0.0,0.0,5,0,0
418,43,19,24,0,15,3,25,16,14,2,0,0,0,0,0,0,0,0,0,0,1,0,1,0.9375,1.0,1.0,0.0,0.0,0.0,5,0,1
419,43,19,24,0,15,3,25,16,14,2,0,0,0,0,0,0,0,0,0,0,0,0,0,1.0,1.0,1.0,0.0,0.0,0.0,5,0,0
420,43,19,24,0,15,3,25,16,14,2,0,0,0,0,0,0,0,0,0,0,0,0,0,1.0,1.0,1.0,0.0,0.0,0.0,5,0,0
421,43,19,24,0,15,3,25,16,14,2,0,0,0,0,0,0,0,0,0,0,0,0,0,1.0,1.0,1.0,0.0,0.0,0.0,5,0,0
422,43,19,24,0,15,3,25,16,14,2,0,0,0,0,0,0,0,0,0,0,0,0,0,1.0,1.0,1.0,0.0,0.0,0.0,5,0,0
423,43,19,24,0,15,3,25,16,14,2,0,0,0,0,0,0,0,0,0,0,0,0,0,1.0,1.0,1.0,0.0,0.0,0.0,5,0,0
424,43,19,24,0,15,3,25,16,14,2,0,0,0,0,0,0,0,0,0,0,0,0,0,1.0,1.0,1.0,0.0,0.0,0.0,5,0,0
425,43,19,24,0,15,3,25,16,14,2,0,0,0,0,0,0,0,0,0,0,0,0,0,1.0,1.0,1.0,0.0,0.0,0.0,5,0,0
426,43,19,24,0,15,3,25,16,14,2,0,0,0,0,0,0,0,0,0,0,0,0,0,1.0,1.0,1.0,0.0,0.0,0.0,5,0,0
427,43,19,24,0,15,3,25,16,14,2,0,0,0,0,0,0,0,0,0,0,0,0,0,1.0,1.0,1.0,0.0,0.0,0.0,5,0,0
428,42,19,23,0,15,3,24,15,13,2,0,0,0,0,0,0,0,0,0,0,0,0,0,1.0,1.0,0.9375,0.0,0.0,0.0,5,0,1
429,42,19,23,0,15,3,24,15,13,2,0,0,0,0,0,0,0,0,0,0,0,0,0,1.0,1.0,1.0,0.0,0.0,0.0,5,0,0
430,42,19,23,0,15,3,24,15,13,2,0,0,0,0,0,0,0,0,0,0,0,0,0,1.0,1.0,1.0,0.0,0.0,0.0,5,0,0
431,42,19,23,0,15,3,24,15,13,2,0,0,0,0,0,0,0,0,0,0,0,0,0,1.0,1.0,1.0,0.0,0.0,0.0,5,0,0
432,42,19,23,0,15,3,24,15,13,2,0,0,0,0,0,0,0,0,0,0,0,0,0,1.0,1.0,1.0,0.0,0.0,0.0,5,0,0
433,42,19,23,0,15,3,24,15,13,2,0,0,0,0,0,0,0,0,0,0,0,1,0,1.0,1.0,1.0,0.0,0.0,0.0,5,0,0
434,41,18,23,0,15,3,23,15,13,2,0,0,0,0,0,0,0,0,0,0,0,0,0,1.0,0.8888888888888888,1.0,0.0,0.0,0.0,5,0,1
435,41,18,23,0,15,3,23,15,13,2,0,0,0,0,0,0,0,0,0,0,0,0,0,1.0,1.0,1.0,0.0,0.0,0.0,5,0,0
436,41,18,23,0,15,3,23,15,13,2,0,0,0,0,0,0,0,0,0,0,0,0,0,1.0,1.0,1.0,0.0,0.0,0.0,5,0,0
437,40,17,23,0,14,4,22,15,13,2,0,0,0,0,0,0,0,0,0,0,0,0,0,1.0,0.875,1.0,0.0,0.0,0.0,5,0,1
438,40,17,23,0,14,4,22,15,13,2,0,0,0,0,0,0,0,0,0,0,0,0,0,1.0,1.0,1.0,0.0,0.0,0.0,5,0,0
439,40,17,23,0,14,4,22,15,13,2,0,0,0,0,0,0,0,0,0,0,0,0,0,1.0,1.0,1.0,0.0,0.0,0.0,5,0,0
440,39,17,22,0,13,3,23,15,13,2,0,0,0,0,0,0,0,0,0,0,1,0,1,0.9285714285714286,1.0,1.0,0.0,0.0,0.0,5,0,1
441,39,17,22,0,13,3,23,15,13,2,0,0,0,0,0,0,0,0,0,0,0,0,0,1.0,1.0,1.0,0.0,0.0,0.0,5,0,0
442,39,17,22,0,13,3,23,15,13,1,0,0,0,0,0,0,0,0,0,0,0,0,0,1.0,1.0,1.0,0.0,0.0,0.0,5,0,0
443,39,17,22,0,13,3,23,15,14,0,0,0,0,0,0,0,5,1,0,0,0,0,0,1.0,1.0,1.0,0.0,0.0,0.2,5,0,0
444,39,17,22,0,13,3,23,15,15,0,0,0,0,0,0,0,8,1,0,0,0,0,0,1.0,1.0,1.0,0.0,0.0,0.125,5,0,0
445,39,17,22,0,13,3,23,15,15,0,0,0,0,0,0,0,0,0,0,0,0,0,0,1.0,1.0,1.0,0.0,0.0,0.0,5,0,0
446,39,17,22,0,13,3,23,15,15,0,0,0,0,0,0,0,0,0,0,0,0,0,0,1.0,1.0,1.0,0.0,0.0,0.0,5,0,0
447,39,17,22,0,13,3,23,15,15,0,0,0,0,0,0,0,0,0,0,0,0,0,0,1.0,1.0,1.0,0.0,0.0,0.0,5,0,0
448,39,17,22,0,13,3,23,15,15,0,0,0,0,0,0,0,0,0,0,0,0,0,0,1.0,1.0,1.0,0.0,0.0,0.0,5,0,0
449,39,17,22,0,13,3,23,15,15,0,0,0,0,0,0,0,0,0,0,0,0,0,0,1.0,1.0,1.0,0.0,0.0,0.0,5,0,0
450,39,17,22,0,13,3,23,15,15,0,0,0,0,0,0,0,0,0,0,0,0,0,0,1.0,1.0,1.0,0.0,0.0,0.0,5,0,0
451,39,17,22,0,13,3,23,15,15,0,0,0,0,0,0,0,0,0,0,0,0,0,0,1.0,1.0,1.0,0.0,0.0,0.0,5,0,0
452,39,17,22,0,13,3,23,15,15,0,0,0,0,0,0,0,0,0,0,0,0,0,0,1.0,1.0,1.0,0.0,0.0,0.0,5,0,0
453,39,17,22,0,13,3,23,15,15,0,0,0,0,0,0,0,0,0,0,0,0,2,0,1.0,1.0,1.0,0.0,0.0,0.0,5,0,0
454,39,17,22,0,13,3,23,15,15,0,0,0,0,0,0,0,0,0,0,0,0,0,0,1.0,1.0,1.0,0.0,0.0,0.0,5,0,0
455,39,17,22,0,13,3,23,15,15,0,0,0,0,0,0,0,0,0,0,0,0,0,0,1.0,1.0,1.0,0.0,0.0,0.0,5,0,0
456,39,17,22,0,13,3,23,15,15,0,0,0,0,0,0,0,0,0,0,0,0,0,0,1.0,1.0,1.0,0.0,0.0,0.0,5,0,0
457,39,17,22,0,11,5,23,15,15,0,0,0,0,0,0,0,0,0,0,0,0,0,0,1.0,1.0,1.0,0.0,0.0,0.0,5,0,0
458,39,17,22,0,11,5,23,15,15,0,0,0,0,0,0,0,0,0,0,0,0,0,0,1.0,1.0,1.0,0.0,0.0,0.0,5,0,0
459,39,17,22,0,11,5,23,15,15,0,0,0,0,0,0,0,0,0,0,0,0,0,0,1.0,1.0,1.0,0.0,0.0,0.0,5,0,0
460,43,20,23,4,11,5,23,15,14,0,1,0,0,0,0,0,0,0,0,1,0,0,0,1.0,1.0,1.0,0.10256410256410256,0.10256410256410256,0.0,5,4,0
461,56,27,29,17,11,5,23,15,10,0,5,0,0,0,0,0,0,0,0,4,0,0,0,1.0,1.0,1.0,0.3023255813953488,0.3023255813953488,0.0,5,13,0
462,59,28,31,21,10,5,23,15,9,0,6,0,0,0,0,0,0,0,0,1,1,0,1,0.9642857142857143,1.0,1.0,0.07142857142857142,0.07142857142857142,0.0,5,4,1
463,66,33,33,28,10,5,23,15,7,0,8,0,0,0,0,0,0,0,0,2,0,0,0,1.0,1.0,1.0,0.11864406779661017,0.11864406779661017,0.0,5,7,0
464,67,32,35,29,10,5,23,15,6,0,9,0,0,0,0,0,0,0,0,1,3,0,3,0.9210526315789473,1.0,1.0,0.06060606060606061,0.06060606060606061,0.0,5,4,3
465,66,32,34,28,10,5,23,15,6,0,9,0,0,0,0,0,0,0,0,0,1,0,1,0.9743589743589743,1.0,1.0,0.0,0.0,0.0,5,0,1
466,64,31,33,27,10,5,22,15,6,0,9,0,0,0,0,0,0,0,0,0,1,0,1,0.9736842105263158,0.875,1.0,0.0,0.0,0.0,5,0,2
467,64,31,33,27,10,5,22,15,6,0,9,0,0,0,0,0,0,0,0,0,0,0,0,1.0,1.0,1.0,0.0,0.0,0.0,5,0,0
468,65,29,36,29,10,5,21,15,5,0,10,0,0,0,0,0,0,0,0,1,2,0,2,0.9459459459459459,0.8571428571428572,1.0,0.0625,0.0625,0.0,5,4,3
469,64,28,36,29,9,5,21,15,5,0,10,0,0,0,0,0,0,0,0,0,1,0,1,0.9743589743589743,1.0,1.0,0.0,0.0,0.0,5,0,1
470,62,27,35,28,8,5,21,15,5,0,10,0,0,0,0,0,0,0,0,0,2,0,2,0.9473684210526316,1.0,1.0,0.0,0.0,0.0,5,0,2
471,61,26,35,27,8,5,21,15,5,0,10,0,0,0,0,0,0,0,0,0,1,0,1,0.9722222222222222,1.0,1.0,0.0,0.0,0.0,5,0,1
472,61,26,35,27,8,5,21,15,5,0,10,0,0,0,0,0,0,0,0,0,0,0,0,1.0,1.0,1.0,0.0,0.0,0.0,5,0,0
473,59,26,33,26,8,5,20,14,5,0,9,0,0,0,0,0,0,0,0,0,1,0,1,0.9714285714285714,1.0,0.9333333333333333,0.0,0.0,0.0,5,0,2
474,60,25,35,28,7,5,20,14,4,0,10,0,0,0,0,0,0,0,0,1,2,0,2,0.9411764705882353,1.0,1.0,0.05084745762711865,0.05084745762711865,0.0,5,3,2
475,68,28,40,36,7,5,20,14,2,0,12,0,0,0,0,0,0,0,0,2,0,0,0,1.0,1.0,1.0,0.13333333333333333,0.13333333333333333,0.0,5,8,0
476,67,28,39,35,7,5,20,14,2,0,12,0,0,0,0,0,0,0,0,0,1,0,1,0.9767441860465116,1.0,1.0,0.0,0.0,0.0,5,0,1
477,65,27,38,34,6,5,20,14,2,0,12,0,0,0,0,0,0,0,0,0,2,0,2,0.9523809523809523,1.0,1.0,0.0,0.0,0.0,5,0,2
478,63,26,37,32,6,5,20,14,2,0,12,0,0,0,0,0,0,0,0,0,2,0,2,0.95,1.0,1.0,0.0,0.0,0.0,5,0,2
479,61,25,36,30,6,5,20,14,2,0,12,0,0,0,0,0,0,0,0,0,2,0,2,0.9473684210526316,1.0,1.0,0.0,0.0,0.0,5,0,2
480,60,25,35,29,6,5,20,14,2,0,12,0,0,0,0,0,0,0,0,0,1,0,1,0.9722222222222222,1.0,1.0,0.0,0.0,0.0,5,0,1
481,60,25,35,29,6,5,20,14,2,0,12,0,0,0,0,0,0,0,0,0,0,0,0,1.0,1.0,1.0,0.0,0.0,0.0,5,0,0
482,58,25,33,27,6,5,20,14,2,0,12,0,0,0,0,0,0,0,0,0,2,0,2,0.9428571428571428,1.0,1.0,0.0,0.0,0.0,5,0,2
483,57,25,32,27,5,5,20,14,2,0,12,0,0,0,0,0,0,0,0,0,1,1,1,0.9696969696969697,1.0,1.0,0.0,0.0,0.0,5,0,1
484,57,25,32,27,5,5,20,14,2,0,12,0,0,0,0,0,0,0,0,0,0,0,0,1.0,1.0,1.0,0.0,0.0,0.0,5,0,0
485,55,25,30,26,5,5,19,13,2,0,11,0,0,0,0,0,0,0,0,0,1,0,1,0.96875,1.0,0.9285714285714286,0.0,0.0,0.0,5,0,2
486,55,25,30,26,5,5,19,13,2,0,11,0,0,0,0,0,0,0,0,0,0,0,0,1.0,1.0,1.0,0.0,0.0,0.0,5,0,0
487,54,24,30,26,4,6,18,13,2,0,11,0,0,0,0,0,0,0,0,0,0,0,0,1.0,0.8333333333333334,1.0,0.0,0.0,0.0,5,0,1
488,53,23,30,26,4,6,17,13,2,0,11,0,0,0,0,0,0,0,0,0,0,0,0,1.0,0.8,1.0,0.0,0.0,0.0,5,0,1
489,53,23,30,26,4,6,17,13,2,0,11,0,0,0,0,0,0,0,0,0,0,0,0,1.0,1.0,1.0,0.0,0.0,0.0,5,0,0
490,52,23,29,26,4,6,16,12,2,0,10,0,0,0,0,0,0,0,0,0,0,0,0,1.0,1.0,0.9230769230769231,0.0,0.0,0.0,5,0,1
491,52,23,29,26,4,6,16,12,2,0,10,0,0,0,0,0,0,0,0,0,0,0,0,1.0,1.0,1.0,0.0,0.0,0.0,5,0,0
492,52,23,29,26,4,6,16,12,2,0,10,0,0,0,0,0,0,0,0,0,0,0,0,1.0,1.0,1.0,0.0,0.0,0.0,5,0,0
493,52,23,29,26,4,6,16,12,2,0,10,0,0,0,0,0,0,0,0,0,0,0,0,1.0,1.0,1.0,0.0,0.0,0.0,5,0,0
494,52,23,29,26,4,6,16,12,2,0,10,0,0,0,0,0,0,0,0,0,0,0,0,1.0,1.0,1.0,0.0,0.0,0.0,5,0,0
495,51,22,29,25,4,6,16,12,2,0,10,0,0,0,0,0,0,0,0,0,1,0,1,0.9666666666666667,1.0,1.0,0.0,0.0,0.0,5,0,1
496,51,22,29,25,4,6,16,12,2,0,10,0,0,0,0,0,0,0,0,0,0,0,0,1.0,1.0,1.0,0.0,0.0,0.0,5,0,0
497,50,22,28,24,4,6,16,12,2,0,10,0,0,0,0,0,0,0,0,0,1,0,1,0.9655172413793104,1.0,1.0,0.0,0.0,0.0,5,0,1
498,49,21,28,23,4,6,16,12,2,0,10,0,0,0,0,0,0,0,0,0,1,0,1,0.9642857142857143,1.0,1.0,0.0,0.0,0.0,5,0,1
499,49,21,28,23,4,6,16,12,2,0,10,0,0,0,0,0,0,0,0,0,0,1,0,1.0,1.0,1.0,0.0,0.0,0.0,5,0,0
500,49,21,28,23,4,6,16,12,2,0,10,0,0,0,0,0,0,0,0,0,0,0,0,1.0,1.0,1.0,0.0,0.0,0.0,5,0,0
501,49,21,28,23,4,6,16,12,2,0,10,0,0,0,0,0,0,0,0,0,0,1,0,1.0,1.0,1.0,0.0,0.0,0.0,5,0,0
502,48,20,28,23,3,6,16,12,2,0,10,0,0,0,0,0,0,0,0,0,0,0,0,0.962962962962963,1.0,1.0,0.0,0.0,0.0,5,0,1
503,48,20,28,19,7,6,16,12,2,0,10,0,0,0,0,0,0,0,0,0,0,0,0,1.0,1.0,1.0,0.0,0.0,0.0,5,0,0
504,47,20,27,11,14,6,16,12,2,0,10,0,0,0,0,0,0,0,0,0,1,0,1,0.9615384615384616,1.0,1.0,0.0,0.0,0.0,4,0,1
505,47,20,27,10,14,7,16,12,2,0,9,0,0,0,0,0,0,0,0,0,0,0,0,1.0,1.0,1.0,0.0,0.0,0.0,4,0,0
506,47,20,27,8,16,7,16,12,3,0,5,0,0,0,0,0,8,1,0,0,0,0,0,1.0,1.0,1.0,0.0,0.0,0.125,4,0,0
507,47,20,27,8,16,7,16,12,4,0,4,0,0,0,0,0,16,1,0,0,0,0,0,1.0,1.0,1.0,0.0,0.0,0.0625,4,0,0
508,50,19,31,12,15,7,16,12,7,0,4,0,0,0,0,0,10,4,0,1,1,0,1,0.9583333333333334,1.0,1.0,0.0851063829787234,0.0851063829787234,0.4,4,4,1
509,53,22,31,15,15,7,16,12,7,0,4,0,0,0,0,0,3,1,0,1,0,0,0,1.0,1.0,1.0,0.06,0.06,0.3333333333333333,4,3,0
510,52,22,30,15,14,7,16,12,8,0,4,0,0,0,0,0,7,1,0,0,1,0,1,0.9666666666666667,1.0,1.0,0.0,0.0,0.14285714285714285,4,0,1
511,52,22,30,12,17,7,16,12,8,0,4,0,0,0,0,0,0,0,0,0,0,0,0,1.0,1.0,1.0,0.0,0.0,0.0,4,0,0
512,52,22,30,12,17,7,16,12,8,0,4,0,0,0,0,0,0,0,0,0,0,0,0,1.0,1.0,1.0,0.0,0.0,0.0,4,0,0
513,52,22,30,12,17,6,17,13,9,0,3,0,0,0,0,0,4,1,0,0,0,0,0,1.0,1.0,1.0,0.0,0.0,0.25,4,0,0
514,52,22,30,12,17,6,17,13,10,0,3,0,0,0,0,0,2,1,0,0,0,0,0,1.0,1.0,1.0,0.0,0.0,0.5,4,0,0
515,52,22,30,12,17,6,17,13,10,0,3,0,0,0,0,0,0,0,0,0,0,0,0,1.0,1.0,1.0,0.0,0.0,0.0,4,0,0
516,52,22,30,12,17,6,17,13,10,0,3,0,0,0,0,0,0,0,0,0,0,0,0,1.0,1.0,1.0,0.0,0.0,0.0,4,0,0
517,52,22,30,9,20,6,17,13,10,0,3,0,0,0,0,0,0,0,0,0,0,0,0,1.0,1.0,1.0,0.0,0.0,0.0,4,0,0
518,52,22,30,7,22,6,17,13,10,0,3,0,0,0,0,0,0,0,0,0,0,0,0,1.0,1.0,1.0,0.0,0.0,0.0,4,0,0
519,51,22,29,6,22,6,17,13,10,0,3,0,0,0,0,0,0,0,0,0,1,0,1,0.9655172413793104,1.0,1.0,0.0,0.0,0.0,4,0,1
520,51,22,29,6,22,6,17,13,10,0,2,0,0,0,0,0,0,0,0,0,0,0,0,1.0,1.0,1.0,0.0,0.0,0.0,4,0,0
521,51,22,29,6,22,6,17,13,10,1,2,0,0,0,0,0,3,0,1,0,0,0,0,1.0,1.0,1.0,0.0,0.0,0.0,4,0,0
522,51,22,29,6,22,6,17,13,10,1,2,0,0,0,0,0,0,0,0,0,0,0,0,1.0,1.0,1.0,0.0,0.0,0.0,4,0,0
523,50,22,28,6,21,6,17,13,10,1,2,0,0,0,0,0,0,0,0,0,1,0,1,0.9642857142857143,1.0,1.0,0.0,0.0,0.0,4,0,1
524,50,22,28,6,21,6,17,13,10,1,2,0,0,0,0,0,0,0,0,0,0,0,0,1.0,1.0,1.0,0.0,0.0,0.0,4,0,0
525,49,22,27,6,20,6,17,13,10,1,2,0,0,0,0,0,0,0,0,0,1,0,1,0.962962962962963,1.0,1.0,0.0,0.0,0.0,4,0,1
526,49,22,27,6,20,6,17,13,10,1,2,0,0,0,0,0,0,0,0,0,0,0,0,1.0,1.0,1.0,0.0,0.0,0.0,4,0,0
527,48,21,27,6,19,6,17,13,10,1,2,0,0,0,0,0,0,0,0,0,1,0,1,0.9615384615384616,1.0,1.0,0.0,0.0,0.0,4,0,1
528,48,21,27,6,19,6,17,13,10,1,2,0,0,0,0,0,0,0,0,0,0,0,0,1.0,1.0,1.0,0.0,0.0,0.0,4,0,0
529,48,21,27,6,19,6,17,13,10,1,2,0,0,0,0,0,0,0,0,0,0,0,0,1.0,1.0,1.0,0.0,0.0,0.0,4,0,0
530,46,19,27,6,17,6,17,13,10,1,2,0,0,0,0,0,0,0,0,0,2,0,2,0.92,1.0,1.0,0.0,0.0,0.0,4,0,2
531,46,19,27,6,17,6,17,13,10,1,2,0,0,0,0,0,0,0,0,0,0,0,0,1.0,1.0,1.0,0.0,0.0,0.0,4,0,0
532,45,19,26,6,16,6,17,13,10,1,2,0,0,0,0,0,0,0,0,0,1,0,1,0.9565217391304348,1.0,1.0,0.0,0.0,0.0,4,0,1
533,45,19,26,6,16,6,17,13,10,1,2,0,0,0,0,0,0,0,0,0,0,0,0,1.0,1.0,1.0,0.0,0.0,0.0,4,0,0
534,45,19,26,6,16,6,17,13,10,1,2,0,0,0,0,0,0,0,0,0,0,0,0,1.0,1.0,1.0,0.0,0.0,0.0,4,0,0
535,43,18,25,6,15,5,17,13,10,1,2,0,0,0,0,0,0,0,0,0,1,0,1,0.9545454545454546,1.0,1.0,0.0,0.0,0.0,4,0,2
536,43,18,25,6,15,5,17,13,10,1,2,0,0,0,0,0,0,0,0,0,0,1,0,1.0,1.0,1.0,0.0,0.0,0.0,4,0,0
537,42,17,25,6,14,5,17,13,10,1,2,0,0,0,0,0,0,0,0,0,1,0,1,0.9523809523809523,1.0,1.0,0.0,0.0,0.0,4,0,1
538,42,17,25,6,14,5,17,13,10,1,2,0,0,0,0,0,0,0,0,0,0,0,0,1.0,1.0,1.0,0.0,0.0,0.0,4,0,0
539,42,17,25,6,14,5,17,13,10,1,2,0,0,0,0,0,0,0,0,0,0,0,0,1.0,1.0,1.0,0.0,0.0,0.0,4,0,0
540,42,17,25,6,13,6,17,13,10,1,2,0,0,0,0,0,0,0,0,0,0,0,0,1.0,1.0,1.0,0.0,0.0,0.0,4,0,0
541,42,17,25,6,13,6,17,13,10,1,2,0,0,0,0,0,0,0,0,0,0,0,0,1.0,1.0,1.0,0.0,0.0,0.0,4,0,0
542,42,17,25,6,13,6,17,13,10,1,2,0,0,0,0,0,0,0,0,0,0,0,0,1.0,1.0,1.0,0.0,0.0,0.0,4,0,0
543,42,17,25,6,13,6,17,13,10,1,2,0,0,0,0,0,0,0,0,0,0,0,0,1.0,1.0,1.0,0.0,0.0,0.0,4,0,0
544,42,17,25,6,13,6,17,13,10,1,2,0,0,0,0,0,0,0,0,0,0,1,0,1.0,1.0,1.0,0.0,0.0,0.0,4,0,0
545,42,17,25,6,13,6,17,13,10,1,2,0,0,0,0,0,0,0,0,0,0,0,0,1.0,1.0,1.0,0.0,0.0,0.0,4,0,0
546,42,17,25,6,13,6,17,13,10,1,2,0,0,0,0,0,0,0,0,0,0,0,0,1.0,1.0,1.0,0.0,0.0,0.0,4,0,0
547,42,17,25,6,13,6,17,13,10,1,2,0,0,0,0,0,0,0,0,0,0,0,0,1.0,1.0,1.0,0.0,0.0,0.0,4,0,0
548,42,17,25,6,12,7,17,13,10,1,2,0,0,0,0,0,0,0,0,0,0,0,0,1.0,1.0,1.0,0.0,0.0,0.0,4,0,0
549,42,17,25,6,12,7,17,13,10,1,2,0,0,0,0,0,0,0,0,0,0,0,0,1.0,1.0,1.0,0.0,0.0,0.0,4,0,0
550,42,17,25,6,12,7,17,13,10,1,2,0,0,0,0,0,0,0,0,0,0,0,0,1.0,1.0,1.0,0.0,0.0,0.0,4,0,0
551,42,17,25,3,15,6,18,13,10,1,2,0,0,0,0,0,0,0,0,0,0,0,0,1.0,1.0,1.0,0.0,0.0,0.0,4,0,0
552,42,17,25,0,18,6,18,13,10,1,2,0,0,0,0,0,0,0,0,0,0,0,0,1.0,1.0,1.0,0.0,0.0,0.0,4,0,0
553,42,17,25,0,18,6,18,13,10,1,1,0,0,0,0,0,0,0,0,0,0,0,0,1.0,1.0,1.0,0.0,0.0,0.0,4,0,0
554,42,17,25,0,18,6,18,13,11,1,0,0,0,0,0,0,6,1,0,0,0,0,0,1.0,1.0,1.0,0.0,0.0,0.16666666666666666,4,0,0
555,42,17,25,0,18,6,18,13,12,1,0,0,0,0,0,0,1,1,0,0,0,0,0,1.0,1.0,1.0,0.0,0.0,1.0,4,0,0
556,42,17,25,0,18,6,18,13,12,1,0,0,0,0,0,0,0,0,0,0,0,0,0,1.0,1.0,1.0,0.0,0.0,0.0,4,0,0
557,42,17,25,0,18,6,18,13,12,1,0,0,0,0,0,0,0,0,0,0,0,0,0,1.0,1.0,1.0,0.0,0.0,0.0,4,0,0
558,42,17,25,0,18,6,18,13,12,1,0,0,0,0,0,0,0,0,0,0,0,0,0,1.0,1.0,1.0,0.0,0.0,0.0,4,0,0
559,42,17,25,0,18,6,18,13,12,1,0,0,0,0,0,0,0,0,0,0,0,0,0,1.0,1.0,1.0,0.0,0.0,0.0,4,0,0
560,42,17,25,0,18,6,18,13,12,1,0,0,0,0,0,0,0,0,0,0,0,0,0,1.0,1.0,1.0,0.0,0.0,0.0,4,0,0
561,42,17,25,0,18,6,18,13,12,1,0,0,0,0,0,0,0,0,0,0,0,0,0,1.0,1.0,1.0,0.0,0.0,0.0,4,0,0
562,42,17,25,0,18,6,18,13,12,1,0,0,0,0,0,0,0,0,0,0,0,0,0,1.0,1.0,1.0,0.0,0.0,0.0,4,0,0
563,42,17,25,0,18,6,18,13,12,1,0,0,0,0,0,0,0,0,0,0,0,0,0,1.0,1.0,1.0,0.0,0.0,0.0,4,0,0
564,41,17,24,0,18,6,17,12,11,1,0,0,0,0,0,0,0,0,0,0,0,0,0,1.0,1.0,0.9230769230769231,0.0,0.0,0.0,4,0,1
565,41,17,24,0,18,6,17,12,11,1,0,0,0,0,0,0,0,0,0,0,0,0,0,1.0,1.0,1.0,0.0,0.0,0.0,4,0,0
566,41,17,24,0,18,6,17,12,11,0,0,0,0,0,0,0,0,0,0,0,0,0,0,1.0,1.0,1.0,0.0,0.0,0.0,4,0,0
567,41,17,24,0,18,6,17,12,12,0,0,0,0,0,0,0,3,1,0,0,0,0,0,1.0,1.0,1.0,0.0,0.0,0.3333333333333333,4,0,0
568,41,17,24,0,18,6,17,12,12,0,0,0,0,0,0,0,0,0,0,0,0,0,0,1.0,1.0,1.0,0.0,0.0,0.0,4,0,0
569,41,17,24,0,18,6,17,12,12,0,0,0,0,0,0,0,0,0,0,0,0,0,0,1.0,1.0,1.0,0.0,0.0,0.0,4,0,0
570,41,17,24,0,18,6,17,12,12,0,0,0,0,0,0,0,0,0,0,0,0,0,0,1.0,1.0,1.0,0.0,0.0,0.0,4,0,0
571,44,17,27,3,18,6,17,12,11,0,1,0,0,0,0,0,0,0,0,1,0,0,0,1.0,1.0,1.0,0.07317073170731707,0.07317073170731707,0.0,4,3,0
572,48,17,31,7,18,6,17,12,10,0,2,0,0,0,0,0,0,0,0,1,0,0,0,1.0,1.0,1.0,0.09090909090909091,0.09090909090909091,0.0,4,4,0
573,59,22,37,18,18,6,17,12,7,0,5,0,0,0,0,0,0,0,0,3,0,0,0,1.0,1.0,1.0,0.22916666666666666,0.22916666666666666,0.0,4,11,0
574,61,24,37,20,18,6,17,12,6,0,6,0,0,0,0,0,0,0,0,1,2,0,2,0.9444444444444444,1.0,1.0,0.06779661016949153,0.06779661016949153,0.0,4,4,2
575,64,26,38,24,17,6,17,12,5,0,7,0,0,0,0,0,0,0,0,1,1,0,1,0.9736842105263158,1.0,1.0,0.06557377049180328,0.06557377049180328,0.0,4,4,1
576,63,26,37,24,17,6,16,11,5,0,6,0,0,0,0,0,0,0,0,0,0,0,0,1.0,1.0,0.9166666666666666,0.0,0.0,0.0,4,0,1
577,62,26,36,24,16,6,16,11,5,0,6,0,0,0,0,0,0,0,0,0,1,0,1,0.975609756097561,1.0,1.0,0.0,0.0,0.0,4,0,1
578,65,28,37,27,16,6,16,11,4,0,7,0,0,0,0,0,0,0,0,1,0,0,0,1.0,1.0,1.0,0.04838709677419355,0.04838709677419355,0.0,4,3,0
579,68,30,38,30,16,6,16,11,3,0,8,0,0,0,0,0,0,0,0,1,1,0,1,0.9767441860465116,1.0,1.0,0.06153846153846154,0.06153846153846154,0.0,4,4,1
580,67,29,38,30,15,6,16,11,3,0,8,0,0,0,0,0,0,0,0,0,1,0,1,0.9782608695652174,1.0,1.0,0.0,0.0,0.0,4,0,1
581,63,26,37,27,15,6,15,11,3,0,8,0,0,0,0,0,0,0,0,0,3,0,3,0.9333333333333333,0.8,1.0,0.0,0.0,0.0,4,0,4
582,62,26,36,26,15,6,15,11,3,0,8,0,0,0,0,0,0,0,0,0,1,0,1,0.9761904761904762,1.0,1.0,0.0,0.0,0.0,4,0,1
583,62,26,36,26,15,6,15,11,3,0,8,0,0,0,0,0,0,0,0,0,0,0,0,1.0,1.0,1.0,0.0,0.0,0.0,4,0,0
584,62,26,36,26,15,6,15,11,3,0,8,0,0,0,0,0,0,0,0,0,0,0,0,1.0,1.0,1.0,0.0,0.0,0.0,4,0,0
585,61,25,36,25,15,6,15,11,3,0,8,0,0,0,0,0,0,0,0,0,1,0,1,0.975609756097561,1.0,1.0,0.0,0.0,0.0,4,0,1
586,61,25,36,25,15,6,15,11,3,0,8,0,0,0,0,0,0,0,0,0,0,0,0,1.0,1.0,1.0,0.0,0.0,0.0,4,0,0
587,61,25,36,25,15,6,15,11,3,0,8,0,0,0,0,0,0,0,0,0,0,0,0,1.0,1.0,1.0,0.0,0.0,0.0,4,0,0
588,60,24,36,24,15,6,15,11,3,0,8,0,0,0,0,0,0,0,0,0,1,0,1,0.975,1.0,1.0,0.0,0.0,0.0,4,0,1
589,60,24,36,24,15,6,15,11,3,0,8,0,0,0,0,0,0,0,0,0,0,0,0,1.0,1.0,1.0,0.0,0.0,0.0,4,0,0
590,58,23,35,24,14,6,14,11,3,0,8,0,0,0,0,0,0,0,0,0,1,0,1,0.9743589743589743,0.75,1.0,0.0,0.0,0.0,4,0,2
591,57,23,34,24,13,6,14,11,3,0,8,0,0,0,0,0,0,0,0,0,1,0,1,0.9736842105263158,1.0,1.0,0.0,0.0,0.0,4,0,1
592,57,23,34,24,13,6,14,11,3,0,8,0,0,0,0,0,0,0,0,0,0,0,0,1.0,1.0,1.0,0.0,0.0,0.0,4,0,0
593,57,23,34,24,13,6,14,11,3,0,8,0,0,0,0,0,0,0,0,0,0,0,0,1.0,1.0,1.0,0.0,0.0,0.0,4,0,0
594,57,23,34,24,13,6,14,11,3,0,8,0,0,0,0,0,0,0,0,0,0,0,0,1.0,1.0,1.0,0.0,0.0,0.0,4,0,0
595,57,23,34,24,13,6,14,11,3,0,8,0,0,0,0,0,0,0,0,0,0,0,0,1.0,1.0,1.0,0.0,0.0,0.0,4,0,0
596,56,23,33,23,13,6,14,11,3,0,8,0,0,0,0,0,0,0,0,0,1,0,1,0.972972972972973,1.0,1.0,0.0,0.0,0.0,4,0,1
597,56,23,33,23,13,5,15,12,3,0,8,0,0,0,0,0,0,0,0,0,0,0,0,1.0,1.0,1.0,0.0,0.0,0.0,4,0,0
598,56,23,33,23,13,5,15,12,3,0,8,0,0,0,0,0,0,0,0,0,0,0,0,1.0,1.0,1.0,0.0,0.0,0.0,4,0,0
599,56,23,33,23,13,5,15,12,3,0,8,0,0,0,0,0,0,0,0,0,0,0,0,1.0,1.0,1.0,0.0,0.0,0.0,4,0,0
600,55,23,32,22,13,5,15,12,3,0,8,0,0,0,0,0,0,0,0,0,1,0,1,0.9722222222222222,1.0,1.0,0.0,0.0,0.0,4,0,1
601,55,23,32,22,13,5,15,12,3,0,8,0,0,0,0,0,0,0,0,0,0,0,0,1.0,1.0,1.0,0.0,0.0,0.0,4,0,0
602,55,23,32,22,13,5,15,12,3,0,8,0,0,0,0,0,0,0,0,0,0,0,0,1.0,1.0,1.0,0.0,0.0,0.0,4,0,0
603,55,23,32,22,13,5,15,12,4,0,8,0,0,0,0,0,4,1,0,0,0,0,0,1.0,1.0,1.0,0.0,0.0,0.25,4,0,0
604,55,23,32,22,13,5,15,12,4,0,8,0,0,0,0,0,0,0,0,0,0,0,0,1.0,1.0,1.0,0.0,0.0,0.0,4,0,0
605,54,23,31,21,13,5,15,12,4,0,8,0,0,0,0,0,0,0,0,0,1,0,1,0.9714285714285714,1.0,1.0,0.0,0.0,0.0,4,0,1
606,53,22,31,20,13,5,15,12,4,0,8,0,0,0,0,0,0,0,0,0,1,0,1,0.9705882352941176,1.0,1.0,0.0,0.0,0.0,4,0,1
607,53,22,31,20,13,4,16,13,4,0,8,0,0,0,0,0,3,0,0,0,0,0,0,1.0,1.0,1.0,0.0,0.0,0.0,4,0,0
608,53,22,31,20,13,4,16,13,4,0,8,0,0,0,0,0,0,0,0,0,0,0,0,1.0,1.0,1.0,0.0,0.0,0.0,4,0,0
609,51,21,30,19,12,4,16,13,4,0,8,0,0,0,0,0,0,0,0,0,2,0,2,0.9393939393939394,1.0,1.0,0.0,0.0,0.0,4,0,2
610,51,21,30,19,12,4,16,13,4,0,8,0,0,0,0,0,0,0,0,0,0,0,0,1.0,1.0,1.0,0.0,0.0,0.0,4,0,0
611,51,21,30,19,12,4,16,13,4,0,8,0,0,0,0,0,0,0,0,0,0,0,0,1.0,1.0,1.0,0.0,0.0,0.0,4,0,0
612,49,19,30,18,11,4,16,13,4,0,8,0,0,0,0,0,0,0,0,0,2,0,2,0.935483870967742,1.0,1.0,0.0,0.0,0.0,4,0,2
613,49,19,30,18,11,4,16,13,4,0,8,0,0,0,0,0,0,0,0,0,0,0,0,1.0,1.0,1.0,0.0,0.0,0.0,4,0,0
614,48,19,29,15,13,4,16,13,4,0,8,0,0,0,0,0,0,0,0,0,1,0,1,0.9655172413793104,1.0,1.0,0.0,0.0,0.0,4,0,1
615,47,18,29,11,16,4,16,13,4,0,8,0,0,0,0,0,0,0,0,0,1,0,1,0.9642857142857143,1.0,1.0,0.0,0.0,0.0,4,0,1
616,47,18,29,7,20,4,16,13,5,0,7,0,0,0,0,0,3,1,0,0,0,0,0,1.0,1.0,1.0,0.0,0.0,0.3333333333333333,4,0,0
617,47,18,29,5,22,4,16,13,6,0,6,0,0,0,0,0,7,1,0,0,0,0,0,1.0,1.0,1.0,0.0,0.0,0.14285714285714285,4,0,0
618,47,18,29,4,23,4,16,13,7,0,3,0,0,0,0,0,8,1,0,0,0,0,0,1.0,1.0,1.0,0.0,0.0,0.125,4,0,0
619,50,20,30,8,22,4,16,13,7,0,4,0,0,0,0,0,22,1,0,1,1,0,1,0.962962962962963,1.0,1.0,0.0851063829787234,0.0851063829787234,0.045454545454545456,4,4,1
620,54,22,32,12,22,4,16,13,8,0,4,0,0,0,0,0,15,2,0,1,0,0,0,1.0,1.0,1.0,0.08,0.08,0.13333333333333333,4,4,0
621,53,22,31,11,22,4,16,13,8,0,4,0,0,0,0,0,6,0,0,0,1,0,1,0.9705882352941176,1.0,1.0,0.0,0.0,0.0,4,0,1
622,51,21,30,7,24,3,17,13,8,0,4,0,0,0,0,0,1,0,0,0,2,0,2,0.9393939393939394,1.0,1.0,0.0,0.0,0.0,4,0,2
623,51,21,30,7,24,3,17,13,8,0,3,0,0,0,0,0,1,0,0,0,0,0,0,1.0,1.0,1.0,0.0,0.0,0.0,4,0,0
624,51,21,30,7,24,3,17,13,9,0,2,0,0,0,0,0,5,1,0,0,0,0,0,1.0,1.0,1.0,0.0,0.0,0.2,4,0,0
625,51,21,30,7,24,3,17,13,11,0,2,0,0,0,0,0,9,2,0,0,0,0,0,1.0,1.0,1.0,0.0,0.0,0.2222222222222222,4,0,0
626,51,21,30,7,24,3,17,13,11,0,2,0,0,0,0,0,0,0,0,0,0,0,0,1.0,1.0,1.0,0.0,0.0,0.0,4,0,0
627,51,21,30,7,24,3,17,13,11,0,2,0,0,0,0,0,0,0,0,0,0,0,0,1.0,1.0,1.0,0.0,0.0,0.0,4,0,0
628,51,21,30,7,24,3,17,13,11,0,2,0,0,0,0,0,0,0,0,0,0,0,0,1.0,1.0,1.0,0.0,0.0,0.0,4,0,0
629,51,21,30,7,24,3,17,13,11,0,2,0,0,0,0,0,0,0,0,0,0,0,0,1.0,1.0,1.0,0.0,0.0,0.0,4,0,0
630,51,21,30,7,24,3,17,13,11,0,2,0,0,0,0,0,0,0,0,0,0,0,0,1.0,1.0,1.0,0.0,0.0,0.0,4,0,0
631,51,21,30,7,24,3,17,13,11,0,2,0,0,0,0,0,0,0,0,0,0,0,0,1.0,1.0,1.0,0.0,0.0,0.0,4,0,0
632,55,23,32,11,24,3,17,13,10,0,3,0,0,0,0,0,0,0,0,1,0,0,0,1.0,1.0,1.0,0.0784313725490196,0.0784313725490196,0.0,4,4,0
633,54,22,32,11,23,3,17,13,10,0,3,0,0,0,0,0,0,0,0,0,1,0,1,0.9714285714285714,1.0,1.0,0.0,0.0,0.0,4,0,1
634,54,22,32,11,23,3,17,13,10,0,3,0,0,0,0,0,0,0,0,0,0,0,0,1.0,1.0,1.0,0.0,0.0,0.0,4,0,0
635,54,22,32,11,23,3,17,13,10,0,3,0,0,0,0,0,0,0,0,0,0,0,0,1.0,1.0,1.0,0.0,0.0,0.0,4,0,0
636,54,22,32,11,23,3,17,13,10,0,3,0,0,0,0,0,0,0,0,0,0,0,0,1.0,1.0,1.0,0.0,0.0,0.0,4,0,0
637,53,22,31,11,22,3,17,13,10,0,3,0,0,0,0,0,0,0,0,0,1,0,1,0.9705882352941176,1.0,1.0,0.0,0.0,0.0,4,0,1
638,52,21,31,11,22,3,16,13,10,0,3,0,0,0,0,0,0,0,0,0,0,0,0,1.0,0.75,1.0,0.0,0.0,0.0,4,0,1
639,50,20,30,11,20,3,16,13,10,0,3,0,0,0,0,0,0,0,0,0,2,0,2,0.9393939393939394,1.0,1.0,0.0,0.0,0.0,4,0,2
640,50,20,30,11,20,2,17,13,10,0,3,0,0,0,0,0,0,0,0,0,0,1,0,1.0,1.0,1.0,0.0,0.0,0.0,4,0,0
641,50,20,30,11,20,2,17,13,10,0,3,0,0,0,0,0,0,0,0,0,0,2,0,1.0,1.0,1.0,0.0,0.0,0.0,4,0,0
642,50,20,30,11,20,2,17,13,10,0,3,0,0,0,0,0,0,0,0,0,0,0,0,1.0,1.0,1.0,0.0,0.0,0.0,4,0,0
643,50,20,30,11,20,2,17,13,10,0,3,0,0,0,0,0,0,0,0,0,0,1,0,1.0,1.0,1.0,0.0,0.0,0.0,4,0,0
644,50,20,30,11,19,3,17,13,10,0,3,0,0,0,0,0,0,0,0,0,0,0,0,1.0,1.0,1.0,0.0,0.0,0.0,4,0,0
645,50,20,30,11,17,5,17,13,10,0,3,0,0,0,0,0,0,0,0,0,0,0,0,1.0,1.0,1.0,0.0,0.0,0.0,4,0,0
646,50,20,30,11,17,5,17,13,10,0,3,0,0,0,0,0,0,0,0,0,0,0,0,1.0,1.0,1.0,0.0,0.0,0.0,4,0,0
647,48,19,29,11,15,6,16,12,9,0,3,0,0,0,0,0,0,0,0,0,1,0,1,0.962962962962963,1.0,0.9230769230769231,0.0,0.0,0.0,4,0,2
648,48,19,29,11,15,6,16,12,9,0,3,0,0,0,0,0,0,0,0,0,0,0,0,1.0,1.0,1.0,0.0,0.0,0.0,4,0,0
649,48,19,29,11,15,6,16,12,9,0,3,0,0,0,0,0,0,0,0,0,0,0,0,1.0,1.0,1.0,0.0,0.0,0.0,4,0,0
650,47,18,29,10,15,6,16,12,9,0,3,0,0,0,0,0,0,0,0,0,1,0,1,0.9615384615384616,1.0,1.0,0.0,0.0,0.0,4,0,1
651,46,17,29,10,14,6,16,12,9,0,3,0,0,0,0,0,0,0,0,0,1,0,1,0.96,1.0,1.0,0.0,0.0,0.0,4,0,1
652,46,17,29,10,14,6,16,12,9,0,3,0,0,0,0,0,0,0,0,0,0,0,0,1.0,1.0,1.0,0.0,0.0,0.0,4,0,0
653,46,17,29,10,14,6,16,12,9,0,3,0,0,0,0,0,0,0,0,0,0,0,0,1.0,1.0,1.0,0.0,0.0,0.0,4,0,0
654,46,17,29,10,14,6,16,12,9,0,3,0,0,0,0,0,0,0,0,0,0,1,0,1.0,1.0,1.0,0.0,0.0,0.0,4,0,0
655,46,17,29,10,14,6,16,12,9,0,3,0,0,0,0,0,0,0,0,0,0,1,0,1.0,1.0,1.0,0.0,0.0,0.0,4,0,0
656,46,17,29,10,14,6,16,12,9,0,3,0,0,0,0,0,0,0,0,0,0,0,0,1.0,1.0,1.0,0.0,0.0,0.0,4,0,0
657,46,17,29,10,14,6,16,12,9,0,3,0,0,0,0,0,0,0,0,0,0,0,0,1.0,1.0,1.0,0.0,0.0,0.0,4,0,0
658,45,16,29,9,13,7,16,12,9,0,3,0,0,0,0,0,0,0,0,0,1,0,1,0.9565217391304348,1.0,1.0,0.0,0.0,0.0,4,0,1
659,45,16,29,9,12,8,16,12,9,0,3,0,0,0,0,0,0,0,0,0,0,0,0,1.0,1.0,1.0,0.0,0.0,0.0,4,0,0
660,45,16,29,9,12,8,16,12,9,0,3,0,0,0,0,0,0,0,0,0,0,0,0,1.0,1.0,1.0,0.0,0.0,0.0,4,0,0
661,45,16,29,9,12,8,16,12,9,0,3,0,0,0,0,0,0,0,0,0,0,0,0,1.0,1.0,1.0,0.0,0.0,0.0,4,0,0
662,45,16,29,6,15,8,16,12,9,0,3,0,0,0,0,0,0,0,0,0,0,0,0,1.0,1.0,1.0,0.0,0.0,0.0,4,0,0
663,45,16,29,3,18,8,16,12,9,0,3,0,0,0,0,0,0,0,0,0,0,0,0,1.0,1.0,1.0,0.0,0.0,0.0,4,0,0
664,45,16,29,3,18,8,16,12,9,0,2,0,0,0,0,0,0,0,0,0,0,0,0,1.0,1.0,1.0,0.0,0.0,0.0,4,0,0
665,44,15,29,2,18,8,16,12,10,0,1,0,0,0,0,0,8,1,0,0,1,0,1,0.9523809523809523,1.0,1.0,0.0,0.0,0.125,4,0,1
666,44,15,29,2,18,8,16,12,10,0,1,0,0,0,0,0,8,1,0,0,0,0,0,1.0,1.0,1.0,0.0,0.0,0.125,4,0,0
667,44,15,29,2,18,8,16,12,10,0,1,0,0,0,0,0,8,1,0,0,0,0,0,1.0,1.0,1.0,0.0,0.0,0.125,4,0,0
668,47,18,29,6,17,8,16,12,9,0,2,0,0,0,0,0,8,1,0,1,1,0,1,0.95,1.0,1.0,0.09090909090909091,0.09090909090909091,0.125,4,4,1
669,47,18,29,6,17,8,16,12,9,0,2,0,0,0,0,0,8,1,0,0,0,0,0,1.0,1.0,1.0,0.0,0.0,0.125,4,0,0
670,47,18,29,6,17,8,16,12,9,0,2,0,0,0,0,0,8,1,0,0,0,0,0,1.0,1.0,1.0,0.0,0.0,0.125,4,0,0
671,47,18,29,6,17,8,16,12,9,0,2,0,0,0,0,0,8,1,0,0,0,0,0,1.0,1.0,1.0,0.0,0.0,0.125,4,0,0
672,47,18,29,6,17,8,16,12,9,0,2,0,0,0,0,0,8,1,0,0,0,0,0,1.0,1.0,1.0,0.0,0.0,0.125,4,0,0
673,47,18,29,6,17,8,16,12,9,0,2,0,0,0,0,0,8,1,0,0,0,0,0,1.0,1.0,1.0,0.0,0.0,0.125,4,0,0
674,47,18,29,6,17,8,16,12,9,0,2,0,0,0,0,0,8,1,0,0,0,0,0,1.0,1.0,1.0,0.0,0.0,0.125,4,0,0
675,47,18,29,4,19,8,16,12,9,0,2,0,0,0,0,0,8,1,0,0,0,0,0,1.0,1.0,1.0,0.0,0.0,0.125,4,0,0
676,47,18,29,4,19,8,16,12,9,0,2,0,0,0,0,0,8,1,0,0,0,0,0,1.0,1.0,1.0,0.0,0.0,0.125,4,0,0
677,47,18,29,4,19,8,16,12,9,0,1,0,0,0,0,0,8,1,0,0,0,0,0,1.0,1.0,1.0,0.0,0.0,0.125,4,0,0
678,47,18,29,4,19,8,16,12,9,0,1,0,0,0,0,0,8,1,0,0,0,0,0,1.0,1.0,1.0,0.0,0.0,0.125,4,0,0
679,47,18,29,4,19,8,16,12,9,0,1,0,0,0,0,0,8,1,0,0,0,0,0,1.0,1.0,1.0,0.0,0.0,0.125,4,0,0
680,47,18,29,4,19,8,16,12,9,0,1,0,0,0,0,0,8,1,0,0,0,0,0,1.0,1.0,1.0,0.0,0.0,0.125,4,0,0
681,51,20,31,8,19,8,16,12,8,0,2,0,0,0,0,0,8,1,0,1,0,0,0,1.0,1.0,1.0,0.0851063829787234,0.0851063829787234,0.125,4,4,0
682,54,22,32,11,19,8,16,12,7,0,3,0,0,0,0,0,8,1,0,1,0,0,0,1.0,1.0,1.0,0.058823529411764705,0.058823529411764705,0.125,4,3,0
683,57,24,33,15,19,7,16,12,6,0,4,0,0,0,0,0,8,1,0,1,0,0,0,1.0,0.8,1.0,0.07407407407407407,0.07407407407407407,0.125,4,4,1
684,61,26,35,19,19,7,16,12,5,0,5,0,0,0,0,0,8,1,0,1,0,0,0,1.0,1.0,1.0,0.07017543859649122,0.07017543859649122,0.125,4,4,0
685,63,28,35,21,19,7,16,12,4,0,6,0,0,0,0,0,8,1,0,1,1,0,1,0.9736842105263158,1.0,1.0,0.04918032786885246,0.04918032786885246,0.125,4,3,1
686,62,27,35,20,19,7,16,12,4,0,6,0,0,0,0,0,8,1,0,0,1,0,1,0.975,1.0,1.0,0.0,0.0,0.125,4,0,1
687,61,26,35,19,19,7,16,12,4,0,6,0,0,0,0,0,8,1,0,0,1,0,1,0.9743589743589743,1.0,1.0,0.0,0.0,0.125,4,0,1
688,58,24,34,17,19,6,16,12,4,0,6,0,0,0,0,0,8,1,0,0,2,1,2,0.9473684210526316,1.0,1.0,0.0,0.0,0.125,4,0,3
689,60,26,34,20,18,6,16,12,3,0,7,0,0,0,0,0,8,1,0,1,1,0,1,0.9722222222222222,1.0,1.0,0.05172413793103448,0.05172413793103448,0.125,4,3,1
690,68,29,39,28,18,6,16,12,1,0,9,0,0,0,0,0,8,1,0,2,0,0,0,1.0,1.0,1.0,0.13333333333333333,0.13333333333333333,0.125,4,8,0
691,65,29,36,27,16,6,16,12,1,0,9,0,0,0,0,0,8,1,0,0,3,0,3,0.9347826086956522,1.0,1.0,0.0,0.0,0.125,4,0,3
692,62,27,35,25,14,7,16,12,1,0,9,0,0,0,0,0,8,1,0,0,3,0,3,0.9285714285714286,1.0,1.0,0.0,0.0,0.125,4,0,3
693,60,26,34,23,14,7,16,12,1,0,9,0,0,0,0,0,8,1,0,0,2,0,2,0.9487179487179487,1.0,1.0,0.0,0.0,0.125,4,0,2
694,60,26,34,23,14,7,16,12,1,0,9,0,0,0,0,0,8,1,0,0,0,0,0,1.0,1.0,1.0,0.0,0.0,0.125,4,0,0
695,60,26,34,23,14,7,16,12,1,0,9,0,0,0,0,0,8,1,0,0,0,0,0,1.0,1.0,1.0,0.0,0.0,0.125,4,0,0
696,60,26,34,23,14,7,16,12,1,0,9,0,0,0,0,0,8,1,0,0,0,0,0,1.0,1.0,1.0,0.0,0.0,0.125,4,0,0
697,60,26,34,23,14,7,16,12,1,0,9,0,0,0,0,0,8,1,0,0,0,0,0,1.0,1.0,1.0,0.0,0.0,0.125,4,0,0
698,59,25,34,22,14,7,16,12,1,0,9,0,0,0,0,0,8,1,0,0,1,0,1,0.972972972972973,1.0,1.0,0.0,0.0,0.125,4,0,1
699,57,24,33,22,12,7,16,12,1,0,9,0,0,0,0,0,8,1,0,0,2,0,2,0.9444444444444444,1.0,1.0,0.0,0.0,0.125,4,0,2
700,57,24,33,22,12,7,16,12,1,0,9,0,0,0,0,0,8,1,0,0,0,0,0,1.0,1.0,1.0,0.0,0.0,0.125,4,0,0
701,57,24,33,22,12,7,16,12,1,0,9,0,0,0,0,0,8,1,0,0,0,0,0,1.0,1.0,1.0,0.0,0.0,0.125,4,0,0
702,57,24,33,22,12,7,16,12,1,0,9,0,0,0,0,0,8,1,0,0,0,0,0,1.0,1.0,1.0,0.0,0.0,0.125,4,0,0
703,57,24,33,22,12,7,16,12,1,0,9,0,0,0,0,0,8,1,0,0,0,0,0,1.0,1.0,1.0,0.0,0.0,0.125,4,0,0
704,55,22,33,20,12,7,16,12,1,0,9,0,0,0,0,0,8,1,0,0,2,0,2,0.9411764705882353,1.0,1.0,0.0,0.0,0.125,4,0,2
705,55,22,33,20,12,7,16,12,1,0,9,0,0,0,0,0,8,1,0,0,0,0,0,1.0,1.0,1.0,0.0,0.0,0.125,4,0,0
706,54,21,33,19,12,7,16,12,1,0,9,0,0,0,0,0,8,1,0,0,1,0,1,0.96875,1.0,1.0,0.0,0.0,0.125,4,0,1
707,53,21,32,19,11,7,16,12,1,0,9,0,0,0,0,0,8,1,0,0,1,0,1,0.967741935483871,1.0,1.0,0.0,0.0,0.125,4,0,1
708,53,21,32,19,11,7,16,12,1,0,9,0,0,0,0,0,8,1,0,0,0,0,0,1.0,1.0,1.0,0.0,0.0,0.125,4,0,0
709,52,20,32,19,10,7,16,12,1,0,9,0,0,0,0,0,8,1,0,0,1,0,1,0.9666666666666667,1.0,1.0,0.0,0.0,0.125,4,0,1
710,52,20,32,19,10,7,16,12,1,0,9,0,0,0,0,0,8,1,0,0,0,0,0,1.0,1.0,1.0,0.0,0.0,0.125,4,0,0
711,49,19,30,17,10,7,15,12,1,0,9,0,0,0,0,0,8,1,0,0,2,0,2,0.9310344827586207,0.75,1.0,0.0,0.0,0.125,4,0,3
712,49,19,30,17,10,7,15,12,1,0,9,0,0,0,0,0,8,1,0,0,0,0,0,1.0,1.0,1.0,0.0,0.0,0.125,4,0,0
713,49,19,30,17,10,7,15,12,1,0,8,0,0,0,0,0,8,1,0,0,0,0,0,1.0,1.0,1.0,0.0,0.0,0.125,4,0,0
714,49,19,30,17,10,7,15,12,1,0,8,0,0,0,0,0,8,1,0,0,0,0,0,1.0,1.0,1.0,0.0,0.0,0.125,4,0,0
715,49,19,30,17,10,7,15,12,1,0,8,0,0,0,0,0,8,1,0,0,0,0,0,1.0,1.0,1.0,0.0,0.0,0.125,4,0,0
716,49,19,30,17,10,7,15,12,1,0,8,0,0,0,0,0,8,1,0,0,0,0,0,1.0,1.0,1.0,0.0,0.0,0.125,4,0,0
717,48,19,29,16,10,6,16,13,1,0,8,0,0,0,0,0,8,1,0,0,1,0,1,0.962962962962963,1.0,1.0,0.0,0.0,0.125,4,0,1
718,48,19,29,16,10,6,16,13,1,0,8,0,0,0,0,0,8,1,0,0,0,0,0,1.0,1.0,1.0,0.0,0.0,0.125,4,0,0
719,46,18,28,15,10,6,15,12,1,0,7,0,0,0,0,0,8,1,0,0,1,0,1,0.9615384615384616,1.0,0.9230769230769231,0.0,0.0,0.125,4,0,2
720,46,18,28,15,10,6,15,12,1,0,7,0,0,0,0,0,8,1,0,0,0,0,0,1.0,1.0,1.0,0.0,0.0,0.125,4,0,0
721,46,18,28,15,10,6,15,12,1,0,7,0,0,0,0,0,8,1,0,0,0,0,0,1.0,1.0,1.0,0.0,0.0,0.125,4,0,0
722,46,18,28,15,10,6,15,12,1,0,7,0,0,0,0,0,8,1,0,0,0,0,0,1.0,1.0,1.0,0.0,0.0,0.125,4,0,0
723,46,18,28,15,10,6,15,12,1,0,7,0,0,0,0,0,8,1,0,0,0,0,0,1.0,1.0,1.0,0.0,0.0,0.125,4,0,0
724,46,18,28,12,13,6,15,12,1,0,7,0,0,0,0,0,8,1,0,0,0,0,0,1.0,1.0,1.0,0.0,0.0,0.125,4,0,0
725,46,18,28,9,16,6,15,12,1,0,7,0,0,0,0,0,8,1,0,0,0,0,0,1.0,1.0,1.0,0.0,0.0,0.125,4,0,0
726,46,18,28,7,18,6,15,12,1,0,6,0,0,0,0,0,8,1,0,0,0,0,0,1.0,1.0,1.0,0.0,0.0,0.125,4,0,0
727,45,18,27,7,17,6,15,12,1,0,5,0,0,0,0,0,8,1,0,0,1,0,1,0.96,1.0,1.0,0.0,0.0,0.125,4,0,1
728,45,18,27,6,18,6,15,12,1,0,4,0,0,0,0,0,8,1,0,0,0,0,0,1.0,1.0,1.0,0.0,0.0,0.125,4,0,0
729,45,18,27,6,18,6,15,12,1,0,3,0,0,0,0,0,8,1,0,0,0,0,0,1.0,1.0,1.0,0.0,0.0,0.125,4,0,0
730,49,18,31,10,18,6,15,12,0,0,3,0,0,0,0,0,8,1,0,1,0,0,0,1.0,1.0,1.0,0.08888888888888889,0.08888888888888889,0.125,4,4,0
731,48,18,30,9,18,6,15,12,0,0,3,0,0,0,0,0,8,1,0,0,1,0,1,0.9642857142857143,1.0,1.0,0.0,0.0,0.125,4,0,1
732,48,18,30,7,20,6,15,12,0,0,3,0,0,0,0,0,8,1,0,0,0,0,0,1.0,1.0,1.0,0.0,0.0,0.125,4,0,0
733,48,18,30,4,23,6,15,12,0,0,3,0,0,0,0,0,8,1,0,0,0,0,0,1.0,1.0,1.0,0.0,0.0,0.125,4,0,0
734,48,18,30,4,23,6,15,12,0,0,2,0,0,0,0,0,8,1,0,0,0,0,0,1.0,1.0,1.0,0.0,0.0,0.125,4,0,0
735,48,18,30,4,23,6,15,12,0,0,1,0,0,0,0,0,8,1,0,0,0,0,0,1.0,1.0,1.0,0.0,0.0,0.125,4,0,0
736,48,18,30,4,23,6,15,12,0,0,1,0,0,0,0,0,8,1,0,0,0,0,0,1.0,1.0,1.0,0.0,0.0,0.125,4,0,0
737,48,18,30,4,23,6,15,12,0,0,1,0,0,0,0,0,8,1,0,0,0,0,0,1.0,1.0,1.0,0.0,0.0,0.125,4,0,0
738,47,18,29,4,22,6,15,12,0,0,1,0,0,0,0,0,8,1,0,0,1,0,1,0.962962962962963,1.0,1.0,0.0,0.0,0.125,4,0,1
739,46,18,28,4,21,6,15,12,0,0,1,0,0,0,0,0,8,1,0,0,1,0,1,0.9615384615384616,1.0,1.0,0.0,0.0,0.125,4,0,1
740,46,18,28,4,21,6,15,12,0,0,1,0,0,0,0,0,8,1,0,0,0,0,0,1.0,1.0,1.0,0.0,0.0,0.125,4,0,0
741,46,18,28,4,21,6,15,12,0,0,1,0,0,0,0,0,8,1,0,0,0,0,0,1.0,1.0,1.0,0.0,0.0,0.125,4,0,0
742,46,18,28,4,21,6,15,12,0,0,1,0,0,0,0,0,8,1,0,0,0,0,0,1.0,1.0,1.0,0.0,0.0,0.125,4,0,0
743,46,18,28,4,21,6,15,12,0,0,1,0,0,0,0,0,8,1,0,0,0,0,0,1.0,1.0,1.0,0.0,0.0,0.125,4,0,0
744,46,18,28,4,21,6,15,12,0,0,1,0,0,0,0,0,8,1,0,0,0,0,0,1.0,1.0,1.0,0.0,0.0,0.125,4,0,0
745,46,18,28,4,21,6,15,12,0,0,1,0,0,0,0,0,8,1,0,0,0,0,0,1.0,1.0,1.0,0.0,0.0,0.125,4,0,0
746,45,18,27,3,21,6,15,12,0,0,1,0,0,0,0,0,8,1,0,0,1,0,1,0.96,1.0,1.0,0.0,0.0,0.125,4,0,1
747,45,18,27,3,21,6,15,12,0,0,1,0,0,0,0,0,8,1,0,0,0,0,0,1.0,1.0,1.0,0.0,0.0,0.125,4,0,0
748,44,18,26,3,20,6,15,12,0,0,1,0,0,0,0,0,8,1,0,0,1,0,1,0.9583333333333334,1.0,1.0,0.0,0.0,0.125,4,0,1
749,44,18,26,3,20,6,15,12,0,0,1,0,0,0,0,0,8,1,0,0,0,0,0,1.0,1.0,1.0,0.0,0.0,0.125,4,0,0
750,43,17,26,3,19,6,15,12,0,0,1,0,0,0,0,0,8,1,0,0,1,0,1,0.9565217391304348,1.0,1.0,0.0,0.0,0.125,4,0,1
751,43,17,26,3,19,6,15,12,0,0,1,0,0,0,0,0,8,1,0,0,0,0,0,1.0,1.0,1.0,0.0,0.0,0.125,4,0,0
752,43,17,26,3,19,6,15,12,0,0,1,0,0,0,0,0,8,1,0,0,0,1,0,1.0,1.0,1.0,0.0,0.0,0.125,4,0,0
753,43,17,26,3,19,6,15,12,0,0,1,0,0,0,0,0,8,1,0,0,0,0,0,1.0,1.0,1.0,0.0,0.0,0.125,4,0,0
754,43,17,26,3,19,6,15,12,0,0,1,0,0,0,0,0,8,1,0,0,0,1,0,1.0,1.0,1.0,0.0,0.0,0.125,4,0,0
755,43,17,26,3,19,6,15,12,0,0,1,0,0,0,0,0,8,1,0,0,0,1,0,1.0,1.0,1.0,0.0,0.0,0.125,4,0,0
756,43,17,26,3,18,7,15,12,0,0,1,0,0,0,0,0,8,1,0,0,0,0,0,1.0,1.0,1.0,0.0,0.0,0.125,4,0,0
757,43,17,26,3,18,7,15,12,0,0,1,0,0,0,0,0,8,1,0,0,0,0,0,1.0,1.0,1.0,0.0,0.0,0.125,4,0,0
758,43,17,26,3,17,8,15,12,0,0,1,0,0,0,0,0,8,1,0,0,0,0,0,1.0,1.0,1.0,0.0,0.0,0.125,4,0,0
759,43,17,26,3,16,9,15,12,0,0,1,0,0,0,0,0,8,1,0,0,0,2,0,1.0,1.0,1.0,0.0,0.0,0.125,4,0,0
760,43,17,26,3,16,9,15,12,5,0,1,0,0,0,0,0,18,5,0,0,0,0,0,1.0,1.0,1.0,0.0,0.0,0.2777777777777778,4,0,0
761,43,17,26,3,16,9,15,12,8,0,1,0,0,0,0,0,10,3,0,0,0,0,0,1.0,1.0,1.0,0.0,0.0,0.3,4,0,0
762,43,17,26,3,16,9,15,12,9,1,1,0,0,0,0,0,6,1,1,0,0,0,0,1.0,1.0,1.0,0.0,0.0,0.16666666666666666,4,0,0
763,43,17,26,3,14,11,15,12,10,1,1,0,0,0,0,0,6,1,0,0,0,0,0,1.0,1.0,1.0,0.0,0.0,0.16666666666666666,4,0,0
764,43,17,26,3,14,11,15,12,10,1,1,0,0,0,0,0,0,0,0,0,0,0,0,1.0,1.0,1.0,0.0,0.0,0.0,4,0,0
765,43,17,26,3,14,11,15,12,10,1,1,0,0,0,0,0,0,0,0,0,0,0,0,1.0,1.0,1.0,0.0,0.0,0.0,4,0,0
766,43,17,26,3,14,11,15,12,10,1,1,0,0,0,0,0,0,0,0,0,0,0,0,1.0,1.0,1.0,0.0,0.0,0.0,4,0,0
767,43,17,26,3,14,11,15,12,10,1,1,0,0,0,0,0,0,0,0,0,0,0,0,1.0,1.0,1.0,0.0,0.0,0.0,4,0,0
768,43,17,26,3,14,11,15,12,10,1,1,0,0,0,0,0,0,0,0,0,0,0,0,1.0,1.0,1.0,0.0,0.0,0.0,4,0,0
769,42,16,26,3,13,11,15,12,10,1,1,0,0,0,0,0,0,0,0,0,1,0,1,0.9411764705882353,1.0,1.0,0.0,0.0,0.0,4,0,1
770,42,16,26,3,13,11,15,12,10,1,1,0,0,0,0,0,0,0,0,0,0,0,0,1.0,1.0,1.0,0.0,0.0,0.0,4,0,0
771,42,16,26,3,13,11,15,12,10,1,1,0,0,0,0,0,0,0,0,0,0,0,0,1.0,1.0,1.0,0.0,0.0,0.0,4,0,0
772,42,16,26,3,13,11,15,12,10,1,1,0,0,0,0,0,0,0,0,0,0,0,0,1.0,1.0,1.0,0.0,0.0,0.0,4,0,0
773,42,16,26,0,16,11,15,12,10,1,1,0,0,0,0,0,0,0,0,0,0,0,0,1.0,1.0,1.0,0.0,0.0,0.0,4,0,0
774,42,16,26,0,16,11,15,12,10,1,1,0,0,0,0,0,0,0,0,0,0,0,0,1.0,1.0,1.0,0.0,0.0,0.0,4,0,0
775,42,16,26,0,16,11,15,12,10,1,0,0,0,0,0,0,0,0,0,0,0,0,0,1.0,1.0,1.0,0.0,0.0,0.0,4,0,0
776,42,16,26,0,16,11,15,12,10,1,0,0,0,0,0,0,1,0,0,0,0,0,0,1.0,1.0,1.0,0.0,0.0,0.0,4,0,0
777,42,16,26,0,16,11,15,12,11,1,0,0,0,0,0,0,7,1,0,0,0,0,0,1.0,1.0,1.0,0.0,0.0,0.14285714285714285,4,0,0
778,42,16,26,0,16,11,15,12,11,1,0,0,0,0,0,0,0,0,0,0,0,0,0,1.0,1.0,1.0,0.0,0.0,0.0,4,0,0
779,42,16,26,0,16,11,15,12,11,1,0,0,0,0,0,0,0,0,0,0,0,0,0,1.0,1.0,1.0,0.0,0.0,0.0,4,0,0
780,42,16,26,0,16,9,17,12,11,1,0,0,0,0,0,0,0,0,0,0,0,0,0,1.0,1.0,1.0,0.0,0.0,0.0,4,0,0
781,42,16,26,0,16,9,17,12,11,1,0,0,0,0,0,0,0,0,0,0,0,0,0,1.0,1.0,1.0,0.0,0.0,0.0,4,0,0
782,42,16,26,0,16,8,18,12,11,1,0,0,0,0,0,0,0,0,0,0,0,0,0,1.0,1.0,1.0,0.0,0.0,0.0,4,0,0
783,42,16,26,0,16,8,18,12,11,1,0,0,0,0,0,0,0,0,0,0,0,0,0,1.0,1.0,1.0,0.0,0.0,0.0,4,0,0
784,42,16,26,0,16,8,18,12,11,1,0,0,0,0,0,0,0,0,0,0,0,0,0,1.0,1.0,1.0,0.0,0.0,0.0,4,0,0
785,42,16,26,0,16,8,18,12,11,1,0,0,0,0,0,0,0,0,0,0,0,0,0,1.0,1.0,1.0,0.0,0.0,0.0,4,0,0
786,42,16,26,0,16,8,18,12,11,1,0,0,0,0,0,0,0,0,0,0,0,0,0,1.0,1.0,1.0,0.0,0.0,0.0,4,0,0
787,42,16,26,0,16,8,18,12,11,1,0,0,0,0,0,0,0,0,0,0,0,0,0,1.0,1.0,1.0,0.0,0.0,0.0,4,0,0
788,42,16,26,0,16,8,18,12,11,1,0,0,0,0,0,0,0,0,0,0,0,0,0,1.0,1.0,1.0,0.0,0.0,0.0,4,0,0
789,41,16,25,0,16,8,17,11,10,1,0,0,0,0,0,0,0,0,0,0,0,0,0,1.0,1.0,0.9166666666666666,0.0,0.0,0.0,4,0,1
790,40,15,25,0,16,7,17,11,10,1,0,0,0,0,0,0,0,0,0,0,0,0,0,1.0,1.0,1.0,0.0,0.0,0.0,4,0,1
791,40,15,25,0,16,7,17,11,10,1,0,0,0,0,0,0,0,0,0,0,0,0,0,1.0,1.0,1.0,0.0,0.0,0.0,4,0,0
792,40,15,25,0,16,7,17,11,10,1,0,0,0,0,0,0,0,0,0,0,0,0,0,1.0,1.0,1.0,0.0,0.0,0.0,4,0,0
793,40,15,25,0,16,7,17,11,10,1,0,0,0,0,0,0,0,0,0,0,0,0,0,1.0,1.0,1.0,0.0,0.0,0.0,4,0,0
794,40,15,25,0,16,6,18,11,10,1,0,0,0,0,0,0,0,0,0,0,0,0,0,1.0,1.0,1.0,0.0,0.0,0.0,4,0,0
795,40,15,25,0,16,6,18,11,10,1,0,0,0,0,0,0,0,0,0,0,0,0,0,1.0,1.0,1.0,0.0,0.0,0.0,4,0,0
796,40,15,25,0,16,6,18,11,10,1,0,0,0,0,0,0,0,0,0,0,0,0,0,1.0,1.0,1.0,0.0,0.0,0.0,4,0,0
797,40,15,25,0,16,6,18,11,10,1,0,0,0,0,0,0,0,0,0,0,0,0,0,1.0,1.0,1.0,0.0,0.0,0.0,4,0,0
798,40,15,25,0,16,6,18,11,10,1,0,0,0,0,0,0,0,0,0,0,0,0,0,1.0,1.0,1.0,0.0,0.0,0.0,4,0,0
799,40,15,25,0,16,6,18,11,10,1,0,0,0,0,0,0,0,0,0,0,0,0,0,1.0,1.0,1.0,0.0,0.0,0.0,4,0,0
800,40,15,25,0,16,6,18,11,10,1,0,0,0,0,0,0,0,0,0,0,0,1,0,1.0,1.0,1.0,0.0,0.0,0.0,4,0,0
801,40,15,25,0,16,6,18,11,10,1,0,0,0,0,0,0,0,0,0,0,0,0,0,1.0,1.0,1.0,0.0,0.0,0.0,4,0,0
802,40,15,25,0,16,6,18,11,10,1,0,0,0,0,0,0,0,0,0,0,0,0,0,1.0,1.0,1.0,0.0,0.0,0.0,4,0,0
803,40,15,25,0,16,6,18,11,10,1,0,0,0,0,0,0,0,0,0,0,0,0,0,1.0,1.0,1.0,0.0,0.0,0.0,4,0,0
804,40,15,25,0,15,7,18,11,10,1,0,0,0,0,0,0,0,0,0,0,0,0,0,1.0,1.0,1.0,0.0,0.0,0.0,4,0,0
805,40,15,25,0,15,7,18,11,10,1,0,0,0,0,0,0,0,0,0,0,0,0,0,1.0,1.0,1.0,0.0,0.0,0.0,4,0,0
806,40,15,25,0,15,7,18,11,10,1,0,0,0,0,0,0,0,0,0,0,0,0,0,1.0,1.0,1.0,0.0,0.0,0.0,4,0,0
807,39,15,24,0,15,6,18,11,10,0,0,0,0,0,0,0,0,0,0,0,0,0,0,1.0,1.0,1.0,0.0,0.0,0.0,4,0,1
808,39,15,24,0,15,6,18,11,10,0,0,0,0,0,0,0,1,0,0,0,0,0,0,1.0,1.0,1.0,0.0,0.0,0.0,4,0,0
809,39,15,24,0,15,6,18,11,10,1,0,0,0,0,0,0,6,0,1,0,0,0,0,1.0,1.0,1.0,0.0,0.0,0.0,4,0,0
810,39,15,24,0,15,6,18,11,10,1,0,0,0,0,0,0,0,0,0,0,0,0,0,1.0,1.0,1.0,0.0,0.0,0.0,4,0,0
811,39,15,24,0,15,6,18,11,10,1,0,0,0,0,0,0,0,0,0,0,0,0,0,1.0,1.0,1.0,0.0,0.0,0.0,4,0,0
812,39,15,24,0,15,6,18,11,10,1,0,0,0,0,0,0,0,0,0,0,0,1,0,1.0,1.0,1.0,0.0,0.0,0.0,4,0,0
813,38,14,24,0,14,6,18,11,10,1,0,0,0,0,0,0,0,0,0,0,1,0,1,0.9333333333333333,1.0,1.0,0.0,0.0,0.0,4,0,1
814,38,14,24,0,14,6,18,11,10,1,0,0,0,0,0,0,0,0,0,0,0,0,0,1.0,1.0,1.0,0.0,0.0,0.0,4,0,0
815,38,14,24,0,14,6,18,11,10,1,0,0,0,0,0,0,0,0,0,0,0,0,0,1.0,1.0,1.0,0.0,0.0,0.0,4,0,0
816,38,14,24,0,13,7,18,11,10,1,0,0,0,0,0,0,0,0,0,0,0,0,0,1.0,1.0,1.0,0.0,0.0,0.0,4,0,0
817,38,14,24,0,13,7,18,11,10,1,0,0,0,0,0,0,0,0,0,0,0,0,0,1.0,1.0,1.0,0.0,0.0,0.0,4,0,0
818,37,14,23,0,12,7,18,11,10,1,0,0,0,0,0,0,0,0,0,0,1,0,1,0.9230769230769231,1.0,1.0,0.0,0.0,0.0,4,0,1
819,37,14,23,0,12,7,18,11,10,1,0,0,0,0,0,0,0,0,0,0,0,0,0,1.0,1.0,1.0,0.0,0.0,0.0,4,0,0
820,36,13,23,0,12,6,18,11,10,1,0,0,0,0,0,0,0,0,0,0,0,0,0,1.0,1.0,1.0,0.0,0.0,0.0,4,0,1
821,36,13,23,0,12,6,18,11,10,1,0,0,0,0,0,0,0,0,0,0,0,0,0,1.0,1.0,1.0,0.0,0.0,0.0,4,0,0
822,36,13,23,0,12,6,18,11,10,1,0,0,0,0,0,0,0,0,0,0,0,0,0,1.0,1.0,1.0,0.0,0.0,0.0,4,0,0
823,36,13,23,0,12,6,18,11,10,1,0,0,0,0,0,0,0,0,0,0,0,0,0,1.0,1.0,1.0,0.0,0.0,0.0,4,0,0
824,36,13,23,0,12,6,18,11,10,1,0,0,0,0,0,0,0,0,0,0,0,0,0,1.0,1.0,1.0,0.0,0.0,0.0,4,0,0
825,54,23,31,18,12,6,18,11,5,1,5,0,0,0,0,0,0,0,0,5,0,0,0,1.0,1.0,1.0,0.5,0.5,0.0,4,18,0
826,61,27,34,25,12,6,18,11,3,1,7,0,0,0,0,0,0,0,0,2,0,0,0,1.0,1.0,1.0,0.12962962962962962,0.12962962962962962,0.0,4,7,0
827,65,29,36,29,12,6,18,11,2,1,8,0,0,0,0,0,0,0,0,1,0,0,0,1.0,1.0,1.0,0.06557377049180328,0.06557377049180328,0.0,4,4,0
828,67,29,38,32,11,6,18,11,1,1,9,0,0,0,0,0,0,0,0,1,2,0,2,0.9512195121951219,1.0,1.0,0.06153846153846154,0.06153846153846154,0.0,4,4,2
829,66,28,38,32,10,6,18,11,1,1,9,0,0,0,0,0,0,0,0,0,1,0,1,0.9767441860465116,1.0,1.0,0.0,0.0,0.0,4,0,1
830,64,27,37,31,10,5,18,11,1,1,9,0,0,0,0,0,0,0,0,0,1,0,1,0.9761904761904762,1.0,1.0,0.0,0.0,0.0,4,0,2
831,63,26,37,30,10,5,18,11,1,1,9,0,0,0,0,0,0,0,0,0,1,0,1,0.975609756097561,1.0,1.0,0.0,0.0,0.0,4,0,1
832,61,26,35,28,10,5,18,11,1,1,9,0,0,0,0,0,0,0,0,0,2,0,2,0.95,1.0,1.0,0.0,0.0,0.0,4,0,2
833,60,25,35,27,10,5,18,11,1,1,9,0,0,0,0,0,0,0,0,0,1,0,1,0.9736842105263158,1.0,1.0,0.0,0.0,0.0,4,0,1
834,59,24,35,26,10,5,18,11,1,1,9,0,0,0,0,0,0,0,0,0,1,0,1,0.972972972972973,1.0,1.0,0.0,0.0,0.0,4,0,1
835,59,24,35,26,10,5,18,11,1,1,9,0,0,0,0,0,0,0,0,0,0,0,0,1.0,1.0,1.0,0.0,0.0,0.0,4,0,0
836,59,24,35,26,10,5,18,11,1,1,9,0,0,0,0,0,0,0,0,0,0,0,0,1.0,1.0,1.0,0.0,0.0,0.0,4,0,0
837,59,24,35,26,10,5,18,11,1,1,9,0,0,0,0,0,0,0,0,0,0,0,0,1.0,1.0,1.0,0.0,0.0,0.0,4,0,0
838,58,24,34,26,9,5,18,11,1,1,9,0,0,0,0,0,0,0,0,0,1,0,1,0.9722222222222222,1.0,1.0,0.0,0.0,0.0,4,0,1
839,58,24,34,26,9,5,18,11,1,1,9,0,0,0,0,0,0,0,0,0,0,0,0,1.0,1.0,1.0,0.0,0.0,0.0,4,0,0
840,57,23,34,25,9,5,18,11,1,1,9,0,0,0,0,0,0,0,0,0,1,0,1,0.9714285714285714,1.0,1.0,0.0,0.0,0.0,4,0,1
841,55,22,33,23,9,5,18,11,1,1,9,0,0,0,0,0,0,0,0,0,2,0,2,0.9411764705882353,1.0,1.0,0.0,0.0,0.0,4,0,2
842,58,24,34,27,8,5,18,11,0,1,10,0,0,0,0,0,0,0,0,1,1,0,1,0.96875,1.0,1.0,0.07272727272727272,0.07272727272727272,0.0,4,4,1
843,57,23,34,26,8,5,18,11,0,1,10,0,0,0,0,0,0,0,0,0,1,0,1,0.9714285714285714,1.0,1.0,0.0,0.0,0.0,4,0,1
844,57,23,34,26,8,5,18,11,0,1,10,0,0,0,0,0,0,0,0,0,0,0,0,1.0,1.0,1.0,0.0,0.0,0.0,4,0,0
845,54,20,34,23,8,5,18,11,0,1,10,0,0,0,0,0,0,0,0,0,3,0,3,0.9117647058823529,1.0,1.0,0.0,0.0,0.0,4,0,3
846,54,20,34,23,8,5,18,11,0,1,10,0,0,0,0,0,0,0,0,0,0,0,0,1.0,1.0,1.0,0.0,0.0,0.0,4,0,0
847,53,19,34,23,7,5,18,11,0,1,10,0,0,0,0,0,0,0,0,0,1,0,1,0.967741935483871,1.0,1.0,0.0,0.0,0.0,4,0,1
848,53,19,34,23,7,4,19,12,0,1,10,0,0,0,0,0,0,0,0,0,0,1,0,1.0,1.0,1.0,0.0,0.0,0.0,4,0,0
849,51,19,32,23,5,4,19,12,0,1,10,0,0,0,0,0,0,0,0,0,2,0,2,0.9333333333333333,1.0,1.0,0.0,0.0,0.0,4,0,2
850,51,19,32,23,5,3,20,13,0,1,10,0,0,0,0,0,0,0,0,0,0,0,0,1.0,1.0,1.0,0.0,0.0,0.0,4,0,0
851,51,19,32,23,5,3,20,13,1,1,10,0,0,0,0,0,9,1,0,0,0,0,0,1.0,1.0,1.0,0.0,0.0,0.1111111111111111,4,0,0
852,51,19,32,23,5,3,20,13,2,1,10,0,0,0,0,0,6,1,0,0,0,0,0,1.0,1.0,1.0,0.0,0.0,0.16666666666666666,4,0,0
853,51,19,32,23,5,3,20,13,2,1,10,0,0,0,0,0,0,0,0,0,0,0,0,1.0,1.0,1.0,0.0,0.0,0.0,4,0,0
854,50,19,31,22,5,3,20,13,2,0,10,0,0,0,0,0,0,0,0,0,1,0,1,0.9642857142857143,1.0,1.0,0.0,0.0,0.0,4,0,1
855,50,19,31,22,5,3,20,13,2,0,10,0,0,0,0,0,2,0,0,0,0,0,0,1.0,1.0,1.0,0.0,0.0,0.0,4,0,0
856,50,19,31,22,5,3,20,13,2,0,10,0,0,0,0,0,6,0,0,0,0,0,0,1.0,1.0,1.0,0.0,0.0,0.0,4,0,0
857,49,18,31,21,5,3,20,13,3,0,10,0,0,0,0,0,7,1,0,0,1,0,1,0.962962962962963,1.0,1.0,0.0,0.0,0.14285714285714285,4,0,1
858,49,18,31,21,5,3,20,13,3,0,10,0,0,0,0,0,0,0,0,0,0,0,0,1.0,1.0,1.0,0.0,0.0,0.0,4,0,0
859,49,18,31,21,5,3,20,13,3,0,10,0,0,0,0,0,0,0,0,0,0,0,0,1.0,1.0,1.0,0.0,0.0,0.0,4,0,0
860,49,18,31,21,5,3,20,13,3,0,10,0,0,0,0,0,0,0,0,0,0,0,0,1.0,1.0,1.0,0.0,0.0,0.0,4,0,0
861,49,18,31,21,5,3,20,13,3,0,10,0,0,0,0,0,0,0,0,0,0,2,0,1.0,1.0,1.0,0.0,0.0,0.0,4,0,0
862,48,18,30,20,5,3,20,13,3,0,10,0,0,0,0,0,0,0,0,0,1,0,1,0.9615384615384616,1.0,1.0,0.0,0.0,0.0,4,0,1
863,48,18,30,20,5,3,20,13,3,0,10,0,0,0,0,0,0,0,0,0,0,1,0,1.0,1.0,1.0,0.0,0.0,0.0,4,0,0
864,48,18,30,20,5,3,20,13,3,0,10,0,0,0,0,0,0,0,0,0,0,0,0,1.0,1.0,1.0,0.0,0.0,0.0,4,0,0
865,48,18,30,20,3,5,20,13,3,0,10,0,0,0,0,0,0,0,0,0,0,0,0,1.0,1.0,1.0,0.0,0.0,0.0,4,0,0
866,48,18,30,20,3,5,20,13,3,0,10,0,0,0,0,0,0,0,0,0,0,0,0,1.0,1.0,1.0,0.0,0.0,0.0,4,0,0
867,48,18,30,20,2,6,20,13,3,0,10,0,0,0,0,0,0,0,0,0,0,0,0,1.0,1.0,1.0,0.0,0.0,0.0,4,0,0
868,48,18,30,12,10,6,20,13,3,0,10,0,0,0,0,0,0,0,0,0,0,0,0,1.0,1.0,1.0,0.0,0.0,0.0,4,0,0
869,48,18,30,8,14,6,20,13,3,0,10,0,0,0,0,0,0,0,0,0,0,0,0,1.0,1.0,1.0,0.0,0.0,0.0,4,0,0
870,48,18,30,7,15,6,20,13,3,0,5,0,0,0,0,0,0,0,0,0,0,1,0,1.0,1.0,1.0,0.0,0.0,0.0,4,0,0
871,48,18,30,4,18,6,20,13,6,0,3,0,0,0,0,0,9,3,0,0,0,0,0,1.0,1.0,1.0,0.0,0.0,0.3333333333333333,4,0,0
872,48,18,30,4,18,6,20,13,6,0,2,0,0,0,0,0,4,0,0,0,0,0,0,1.0,1.0,1.0,0.0,0.0,0.0,4,0,0
873,48,18,30,4,18,6,20,13,8,0,1,0,0,0,0,0,16,2,0,0,0,0,0,1.0,1.0,1.0,0.0,0.0,0.125,4,0,0
874,48,18,30,4,17,7,20,13,10,1,1,0,0,0,0,0,12,2,1,0,0,0,0,1.0,1.0,1.0,0.0,0.0,0.16666666666666666,4,0,0
875,46,17,29,2,17,7,20,13,10,1,1,0,0,0,0,0,7,0,0,0,2,0,2,0.9047619047619048,1.0,1.0,0.0,0.0,0.0,4,0,2
876,46,17,29,2,17,7,20,13,10,1,1,0,0,0,0,0,0,0,0,0,0,0,0,1.0,1.0,1.0,0.0,0.0,0.0,4,0,0
877,45,17,28,2,17,7,19,12,10,1,1,0,0,0,0,0,0,0,0,0,0,0,0,1.0,1.0,0.9230769230769231,0.0,0.0,0.0,4,0,1
878,45,17,28,2,17,6,20,13,11,1,1,0,0,0,0,0,3,1,0,0,0,0,0,1.0,1.0,1.0,0.0,0.0,0.3333333333333333,4,0,0
879,45,17,28,2,17,6,20,13,11,1,1,0,0,0,0,0,0,0,0,0,0,0,0,1.0,1.0,1.0,0.0,0.0,0.0,4,0,0
880,44,16,28,2,16,6,20,13,11,1,1,0,0,0,0,0,0,0,0,0,1,0,1,0.9473684210526316,1.0,1.0,0.0,0.0,0.0,4,0,1
881,44,16,28,2,16,6,20,13,11,1,1,0,0,0,0,0,0,0,0,0,0,0,0,1.0,1.0,1.0,0.0,0.0,0.0,4,0,0
882,44,16,28,2,16,6,20,13,11,1,1,0,0,0,0,0,0,0,0,0,0,0,0,1.0,1.0,1.0,0.0,0.0,0.0,4,0,0
883,44,16,28,2,16,6,20,13,11,1,1,0,0,0,0,0,0,0,0,0,0,0,0,1.0,1.0,1.0,0.0,0.0,0.0,4,0,0
884,44,16,28,2,16,6,20,13,11,1,1,0,0,0,0,0,0,0,0,0,0,0,0,1.0,1.0,1.0,0.0,0.0,0.0,4,0,0
885,43,15,28,0,17,6,20,13,11,1,1,0,0,0,0,0,0,0,0,0,1,0,1,0.9444444444444444,1.0,1.0,0.0,0.0,0.0,4,0,1
886,43,15,28,0,17,5,21,14,11,1,1,0,0,0,0,0,0,0,0,0,0,0,0,1.0,1.0,1.0,0.0,0.0,0.0,4,0,0
887,43,15,28,0,17,5,21,14,11,1,0,0,0,0,0,0,0,0,0,0,0,0,0,1.0,1.0,1.0,0.0,0.0,0.0,4,0,0
888,43,15,28,0,17,5,21,14,12,1,0,0,0,0,0,0,4,1,0,0,0,0,0,1.0,1.0,1.0,0.0,0.0,0.25,4,0,0
889,43,15,28,0,17,5,21,14,12,1,0,0,0,0,0,0,0,0,0,0,0,0,0,1.0,1.0,1.0,0.0,0.0,0.0,4,0,0
890,43,15,28,0,17,5,21,14,12,1,0,0,0,0,0,0,1,0,0,0,0,0,0,1.0,1.0,1.0,0.0,0.0,0.0,4,0,0
891,43,15,28,0,17,5,21,14,13,1,0,0,0,0,0,0,7,1,0,0,0,0,0,1.0,1.0,1.0,0.0,0.0,0.14285714285714285,4,0,0
892,43,15,28,0,17,5,21,14,13,1,0,0,0,0,0,0,0,0,0,0,0,0,0,1.0,1.0,1.0,0.0,0.0,0.0,4,0,0
893,43,15,28,0,17,5,21,14,13,1,0,0,0,0,0,0,0,0,0,0,0,0,0,1.0,1.0,1.0,0.0,0.0,0.0,4,0,0
894,43,15,28,0,17,5,21,14,13,1,0,0,0,0,0,0,0,0,0,0,0,0,0,1.0,1.0,1.0,0.0,0.0,0.0,4,0,0
895,43,15,28,0,17,5,21,14,13,1,0,0,0,0,0,0,0,0,0,0,0,0,0,1.0,1.0,1.0,0.0,0.0,0.0,4,0,0
896,42,15,27,0,16,5,21,14,13,1,0,0,0,0,0,0,0,0,0,0,1,0,1,0.9411764705882353,1.0,1.0,0.0,0.0,0.0,4,0,1
897,42,15,27,0,16,5,21,14,13,1,0,0,0,0,0,0,0,0,0,0,0,0,0,1.0,1.0,1.0,0.0,0.0,0.0,4,0,0
898,42,15,27,0,16,5,21,14,13,1,0,0,0,0,0,0,0,0,0,0,0,0,0,1.0,1.0,1.0,0.0,0.0,0.0,4,0,0
899,42,15,27,0,16,5,21,14,13,1,0,0,0,0,0,0,0,0,0,0,0,0,0,1.0,1.0,1.0,0.0,0.0,0.0,4,0,0
900,42,15,27,0,16,5,21,14,13,1,0,0,0,0,0,0,0,0,0,0,0,0,0,1.0,1.0,1.0,0.0,0.0,0.0,4,0,0
901,42,15,27,0,16,5,21,14,13,1,0,0,0,0,0,0,0,0,0,0,0,0,0,1.0,1.0,1.0,0.0,0.0,0.0,4,0,0
902,42,15,27,0,16,5,21,14,13,1,0,0,0,0,0,0,0,0,0,0,0,0,0,1.0,1.0,1.0,0.0,0.0,0.0,4,0,0
903,42,15,27,0,16,5,21,14,13,1,0,0,0,0,0,0,0,0,0,0,0,0,0,1.0,1.0,1.0,0.0,0.0,0.0,4,0,0
904,42,15,27,0,16,5,21,14,13,1,0,0,0,0,0,0,0,0,0,0,0,0,0,1.0,1.0,1.0,0.0,0.0,0.0,4,0,0
905,42,15,27,0,16,5,21,14,13,1,0,0,0,0,0,0,0,0,0,0,0,0,0,1.0,1.0,1.0,0.0,0.0,0.0,4,0,0
906,42,15,27,0,16,5,21,14,13,1,0,0,0,0,0,0,0,0,0,0,0,0,0,1.0,1.0,1.0,0.0,0.0,0.0,4,0,0
907,42,15,27,0,16,5,21,14,13,1,0,0,0,0,0,0,0,0,0,0,0,0,0,1.0,1.0,1.0,0.0,0.0,0.0,4,0,0
908,42,15,27,0,16,5,21,14,13,1,0,0,0,0,0,0,0,0,0,0,0,0,0,1.0,1.0,1.0,0.0,0.0,0.0,4,0,0
909,42,15,27,0,16,5,21,14,13,1,0,0,0,0,0,0,0,0,0,0,0,0,0,1.0,1.0,1.0,0.0,0.0,0.0,4,0,0
910,42,15,27,0,16,5,21,14,13,1,0,0,0,0,0,0,0,0,0,0,0,0,0,1.0,1.0,1.0,0.0,0.0,0.0,4,0,0
911,42,15,27,0,16,5,21,14,13,1,0,0,0,0,0,0,0,0,0,0,0,0,0,1.0,1.0,1.0,0.0,0.0,0.0,4,0,0
912,41,15,26,0,16,5,20,13,12,1,0,0,0,0,0,0,0,0,0,0,0,0,0,1.0,1.0,0.9285714285714286,0.0,0.0,0.0,4,0,1
913,41,15,26,0,16,5,20,13,12,1,0,0,0,0,0,0,0,0,0,0,0,0,0,1.0,1.0,1.0,0.0,0.0,0.0,4,0,0
914,41,15,26,0,16,5,20,13,12,1,0,0,0,0,0,0,0,0,0,0,0,0,0,1.0,1.0,1.0,0.0,0.0,0.0,4,0,0
915,41,15,26,0,16,5,20,13,12,1,0,0,0,0,0,0,0,0,0,0,0,0,0,1.0,1.0,1.0,0.0,0.0,0.0,4,0,0
916,44,17,27,3,16,5,20,13,11,1,1,0,0,0,0,0,0,0,0,1,0,0,0,1.0,1.0,1.0,0.07317073170731707,0.07317073170731707,0.0,4,3,0
917,47,19,28,6,16,5,20,13,10,1,2,0,0,0,0,0,0,0,0,1,0,0,0,1.0,1.0,1.0,0.06818181818181818,0.06818181818181818,0.0,4,3,0
918,47,19,28,6,16,5,20,13,10,1,2,0,0,0,0,0,0,0,0,0,0,0,0,1.0,1.0,1.0,0.0,0.0,0.0,4,0,0
919,47,19,28,6,16,5,20,13,10,0,2,0,0,0,0,0,0,0,0,0,0,0,0,1.0,1.0,1.0,0.0,0.0,0.0,4,0,0
920,47,19,28,6,16,5,20,13,11,0,2,0,0,0,0,0,5,1,0,0,0,0,0,1.0,1.0,1.0,0.0,0.0,0.2,4,0,0
921,47,19,28,6,16,5,20,13,11,0,2,0,0,0,0,0,0,0,0,0,0,0,0,1.0,1.0,1.0,0.0,0.0,0.0,4,0,0
922,51,20,31,10,16,5,20,13,10,0,3,0,0,0,0,0,0,0,0,1,0,0,0,1.0,1.0,1.0,0.0851063829787234,0.0851063829787234,0.0,4,4,0
923,51,20,31,10,16,5,20,13,10,0,3,0,0,0,0,0,0,0,0,0,0,0,0,1.0,1.0,1.0,0.0,0.0,0.0,4,0,0
924,51,20,31,10,16,5,20,13,10,0,3,0,0,0,0,0,0,0,0,0,0,0,0,1.0,1.0,1.0,0.0,0.0,0.0,4,0,0
925,51,20,31,10,16,5,20,13,10,0,3,0,0,0,0,0,0,0,0,0,0,0,0,1.0,1.0,1.0,0.0,0.0,0.0,4,0,0
926,51,20,31,10,16,5,20,13,10,0,3,0,0,0,0,0,0,0,0,0,0,0,0,1.0,1.0,1.0,0.0,0.0,0.0,4,0,0
927,50,19,31,9,16,5,20,13,10,0,3,0,0,0,0,0,0,0,0,0,1,0,1,0.9615384615384616,1.0,1.0,0.0,0.0,0.0,4,0,1
928,49,18,31,9,15,5,20,13,10,0,3,0,0,0,0,0,0,0,0,0,1,0,1,0.96,1.0,1.0,0.0,0.0,0.0,4,0,1
929,49,18,31,9,15,5,20,13,10,0,3,0,0,0,0,0,0,0,0,0,0,0,0,1.0,1.0,1.0,0.0,0.0,0.0,4,0,0
930,49,18,31,9,15,5,20,13,10,0,3,0,0,0,0,0,0,0,0,0,0,0,0,1.0,1.0,1.0,0.0,0.0,0.0,4,0,0
931,49,18,31,9,15,4,21,14,10,0,3,0,0,0,0,0,4,0,0,0,0,0,0,1.0,1.0,1.0,0.0,0.0,0.0,4,0,0
932,49,18,31,9,15,4,21,14,11,0,3,0,0,0,0,0,3,1,0,0,0,0,0,1.0,1.0,1.0,0.0,0.0,0.3333333333333333,4,0,0
933,49,18,31,9,15,4,21,14,11,0,3,0,0,0,0,0,0,0,0,0,0,0,0,1.0,1.0,1.0,0.0,0.0,0.0,4,0,0
934,49,18,31,9,15,4,21,14,11,0,3,0,0,0,0,0,0,0,0,0,0,0,0,1.0,1.0,1.0,0.0,0.0,0.0,4,0,0
935,49,18,31,9,15,4,21,14,11,0,3,0,0,0,0,0,0,0,0,0,0,0,0,1.0,1.0,1.0,0.0,0.0,0.0,4,0,0
936,60,23,37,20,15,4,21,14,8,0,6,0,0,0,0,0,0,0,0,3,1,0,1,0.9583333333333334,1.0,1.0,0.24489795918367346,0.24489795918367346,0.0,4,12,1
937,59,22,37,19,15,4,21,14,8,0,6,0,0,0,0,0,0,0,0,0,1,0,1,0.9714285714285714,1.0,1.0,0.0,0.0,0.0,4,0,1
938,61,24,37,21,15,4,21,14,7,0,7,0,0,0,0,0,0,0,0,1,2,0,2,0.9411764705882353,1.0,1.0,0.06779661016949153,0.06779661016949153,0.0,4,4,2
939,68,26,42,28,15,4,21,14,5,0,9,0,0,0,0,0,0,0,0,2,1,0,1,0.9722222222222222,1.0,1.0,0.13114754098360656,0.13114754098360656,0.0,4,8,1
940,62,25,37,24,13,4,21,14,5,0,9,0,0,0,0,0,0,0,0,0,6,0,6,0.8604651162790697,1.0,1.0,0.0,0.0,0.0,4,0,6
941,62,25,37,24,13,4,21,14,5,0,9,0,0,0,0,0,0,0,0,0,0,0,0,1.0,1.0,1.0,0.0,0.0,0.0,4,0,0
942,61,24,37,24,13,4,20,14,5,0,9,0,0,0,0,0,0,0,0,0,0,0,0,1.0,0.8571428571428572,1.0,0.0,0.0,0.0,4,0,1
943,65,26,39,28,13,4,20,14,4,0,10,0,0,0,0,0,0,0,0,1,0,0,0,1.0,1.0,1.0,0.06557377049180328,0.06557377049180328,0.0,4,4,0
944,63,24,39,27,12,4,20,14,4,0,10,0,0,0,0,0,0,0,0,0,2,0,2,0.9512195121951219,1.0,1.0,0.0,0.0,0.0,4,0,2
945,63,24,39,27,12,4,20,14,4,0,10,0,0,0,0,0,0,0,0,0,0,0,0,1.0,1.0,1.0,0.0,0.0,0.0,4,0,0
946,60,22,38,24,12,4,20,14,4,0,10,0,0,0,0,0,0,0,0,0,3,0,3,0.9230769230769231,1.0,1.0,0.0,0.0,0.0,4,0,3
947,59,21,38,23,12,4,20,14,4,0,10,0,0,0,0,0,0,0,0,0,1,0,1,0.9722222222222222,1.0,1.0,0.0,0.0,0.0,4,0,1
948,57,21,36,23,10,4,20,14,4,0,10,0,0,0,0,0,0,0,0,0,2,0,2,0.9428571428571428,1.0,1.0,0.0,0.0,0.0,4,0,2
949,54,21,33,21,9,4,20,14,4,0,10,0,0,0,0,0,0,0,0,0,3,0,3,0.9090909090909091,1.0,1.0,0.0,0.0,0.0,4,0,3
950,54,21,33,21,9,4,20,14,4,0,10,0,0,0,0,0,0,0,0,0,0,0,0,1.0,1.0,1.0,0.0,0.0,0.0,4,0,0
951,54,21,33,21,9,4,20,14,4,0,10,0,0,0,0,0,0,0,0,0,0,0,0,1.0,1.0,1.0,0.0,0.0,0.0,4,0,0
952,53,20,33,21,8,4,20,14,4,0,10,0,0,0,0,0,0,0,0,0,1,0,1,0.9666666666666667,1.0,1.0,0.0,0.0,0.0,4,0,1
953,56,22,34,24,8,4,20,14,3,0,11,0,0,0,0,0,0,0,0,1,1,0,1,0.9655172413793104,1.0,1.0,0.07547169811320754,0.07547169811320754,0.0,4,4,1
954,56,22,34,24,8,3,21,15,3,0,11,0,0,0,0,0,0,0,0,0,0,0,0,1.0,1.0,1.0,0.0,0.0,0.0,4,0,0
955,55,21,34,23,8,3,21,15,4,0,11,0,0,0,0,0,7,1,0,0,1,0,1,0.96875,1.0,1.0,0.0,0.0,0.14285714285714285,4,0,1
956,56,22,34,24,8,3,21,15,3,0,12,0,0,0,0,0,0,0,0,1,2,0,2,0.935483870967742,1.0,1.0,0.05454545454545454,0.05454545454545454,0.0,4,3,2
957,55,21,34,24,7,3,21,15,3,0,12,0,0,0,0,0,0,0,0,0,1,0,1,0.96875,1.0,1.0,0.0,0.0,0.0,4,0,1
958,55,21,34,24,7,3,21,15,3,0,12,0,0,0,0,0,0,0,0,0,0,0,0,1.0,1.0,1.0,0.0,0.0,0.0,4,0,0
959,55,21,34,23,8,3,21,15,3,0,12,0,0,0,0,0,0,0,0,0,0,0,0,1.0,1.0,1.0,0.0,0.0,0.0,4,0,0
960,55,21,34,23,8,3,21,15,3,0,12,0,0,0,0,0,0,0,0,0,0,0,0,1.0,1.0,1.0,0.0,0.0,0.0,4,0,0
961,54,20,34,22,8,3,21,15,3,0,11,0,0,0,0,0,0,0,0,0,1,0,1,0.967741935483871,1.0,1.0,0.0,0.0,0.0,4,0,1
962,53,19,34,22,8,3,20,15,3,1,10,0,0,0,0,0,3,0,1,0,0,0,0,1.0,0.8333333333333334,1.0,0.0,0.0,0.0,4,0,1
963,53,19,34,22,8,3,20,15,4,1,10,0,0,0,0,0,4,1,0,0,0,0,0,1.0,1.0,1.0,0.0,0.0,0.25,4,0,0
964,52,18,34,21,8,3,20,15,4,1,10,0,0,0,0,0,0,0,0,0,1,0,1,0.9666666666666667,1.0,1.0,0.0,0.0,0.0,4,0,1
965,51,18,33,19,10,3,19,14,4,1,9,0,0,0,0,0,0,0,0,0,0,0,0,1.0,1.0,0.9333333333333333,0.0,0.0,0.0,4,0,1
966,51,18,33,19,10,3,19,14,4,1,9,0,0,0,0,0,0,0,0,0,0,0,0,1.0,1.0,1.0,0.0,0.0,0.0,4,0,0
967,51,18,33,19,10,3,19,14,4,1,8,0,0,0,0,0,0,0,0,0,0,0,0,1.0,1.0,1.0,0.0,0.0,0.0,4,0,0
968,51,18,33,19,10,3,19,14,5,1,8,0,0,0,0,0,5,1,0,0,0,0,0,1.0,1.0,1.0,0.0,0.0,0.2,4,0,0
969,51,18,33,19,10,3,19,14,5,1,8,0,0,0,0,0,0,0,0,0,0,0,0,1.0,1.0,1.0,0.0,0.0,0.0,4,0,0
970,50,18,32,19,10,3,18,13,5,1,7,0,0,0,0,0,0,0,0,0,0,0,0,1.0,1.0,0.9285714285714286,0.0,0.0,0.0,4,0,1
971,50,18,32,19,10,3,18,13,5,1,7,0,0,0,0,0,0,0,0,0,0,0,0,1.0,1.0,1.0,0.0,0.0,0.0,4,0,0
972,50,18,32,19,10,3,18,13,5,1,7,0,0,0,0,0,0,0,0,0,0,0,0,1.0,1.0,1.0,0.0,0.0,0.0,4,0,0
973,50,18,32,19,10,3,18,13,5,1,7,0,0,0,0,0,0,0,0,0,0,0,0,1.0,1.0,1.0,0.0,0.0,0.0,4,0,0
974,50,18,32,19,10,3,18,13,5,1,7,0,0,0,0,0,0,0,0,0,0,0,0,1.0,1.0,1.0,0.0,0.0,0.0,4,0,0
975,50,18,32,19,10,3,18,13,5,1,7,0,0,0,0,0,0,0,0,0,0,0,0,1.0,1.0,1.0,0.0,0.0,0.0,4,0,0
976,49,18,31,18,10,3,18,13,5,1,7,0,0,0,0,0,0,0,0,0,1,0,1,0.9655172413793104,1.0,1.0,0.0,0.0,0.0,4,0,1
977,48,18,30,18,10,3,17,12,5,1,6,0,0,0,0,0,0,0,0,0,0,0,0,1.0,1.0,0.9230769230769231,0.0,0.0,0.0,4,0,1
978,46,17,29,17,9,3,17,12,5,1,6,0,0,0,0,0,0,0,0,0,2,0,2,0.9285714285714286,1.0,1.0,0.0,0.0,0.0,4,0,2
979,46,17,29,11,15,3,17,12,5,1,6,0,0,0,0,0,0,0,0,0,0,0,0,1.0,1.0,1.0,0.0,0.0,0.0,4,0,0
980,46,17,29,11,15,3,17,12,5,1,6,0,0,0,0,0,0,0,0,0,0,0,0,1.0,1.0,1.0,0.0,0.0,0.0,4,0,0
981,45,17,28,8,17,3,17,12,5,1,3,0,0,0,0,0,0,0,0,0,1,0,1,0.9615384615384616,1.0,1.0,0.0,0.0,0.0,4,0,1
982,45,17,28,7,18,3,17,12,5,1,3,0,0,0,0,0,7,0,0,0,0,0,0,1.0,1.0,1.0,0.0,0.0,0.0,4,0,0
983,45,17,28,7,18,3,17,12,7,2,3,0,0,0,0,0,15,2,1,0,0,0,0,1.0,1.0,1.0,0.0,0.0,0.13333333333333333,4,0,0
984,45,17,28,7,18,3,17,12,7,2,1,0,0,0,0,0,0,0,0,0,0,0,0,1.0,1.0,1.0,0.0,0.0,0.0,4,0,0
985,49,20,29,11,18,3,17,12,8,2,2,0,0,0,0,0,11,2,0,1,0,0,0,1.0,1.0,1.0,0.08888888888888889,0.08888888888888889,0.18181818181818182,4,4,0
986,49,20,29,9,20,3,17,12,8,2,2,0,0,0,0,0,0,0,0,0,0,0,0,1.0,1.0,1.0,0.0,0.0,0.0,4,0,0
987,49,20,29,9,20,3,17,12,8,2,2,0,0,0,0,0,0,0,0,0,0,0,0,1.0,1.0,1.0,0.0,0.0,0.0,4,0,0
988,49,20,29,9,20,3,17,12,8,2,2,0,0,0,0,0,0,0,0,0,0,0,0,1.0,1.0,1.0,0.0,0.0,0.0,4,0,0
989,49,20,29,9,20,3,17,12,8,2,2,0,0,0,0,0,0,0,0,0,0,0,0,1.0,1.0,1.0,0.0,0.0,0.0,4,0,0
990,49,20,29,9,20,3,17,12,8,2,2,0,0,0,0,0,0,0,0,0,0,0,0,1.0,1.0,1.0,0.0,0.0,0.0,4,0,0
991,49,20,29,9,20,3,17,12,8,2,2,0,0,0,0,0,0,0,0,0,0,0,0,1.0,1.0,1.0,0.0,0.0,0.0,4,0,0
992,48,19,29,9,19,3,17,12,8,2,2,0,0,0,0,0,0,0,0,0,1,0,1,0.9655172413793104,1.0,1.0,0.0,0.0,0.0,4,0,1
993,48,19,29,9,19,3,17,12,8,2,2,0,0,0,0,0,0,0,0,0,0,0,0,1.0,1.0,1.0,0.0,0.0,0.0,4,0,0
994,47,18,29,8,19,3,17,12,8,2,2,0,0,0,0,0,0,0,0,0,1,0,1,0.9642857142857143,1.0,1.0,0.0,0.0,0.0,4,0,1
995,47,18,29,8,19,3,17,12,8,2,2,0,0,0,0,0,0,0,0,0,0,0,0,1.0,1.0,1.0,0.0,0.0,0.0,4,0,0
996,47,18,29,5,22,3,17,12,8,2,2,0,0,0,0,0,0,0,0,0,0,0,0,1.0,1.0,1.0,0.0,0.0,0.0,4,0,0
997,51,19,32,9,22,3,17,12,7,2,3,0,0,0,0,0,0,0,0,1,0,0,0,1.0,1.0,1.0,0.0851063829787234,0.0851063829787234,0.0,4,4,0
998,51,19,32,9,22,3,17,12,7,2,3,0,0,0,0,0,0,0,0,0,0,0,0,1.0,1.0,1.0,0.0,0.0,0.0,4,0,0
999,51,19,32,7,24,3,17,12,7,2,3,0,0,0,0,0,0,0,0,0,0,0,0,1.0,1.0,1.0,0.0,0.0,0.0,4,0,0
1000,51,19,32,7,24,2,18,12,7,2,3,0,0,0,0,0,0,0,0,0,0,0,0,1.0,1.0,1.0,0.0,0.0,0.0,4,0,0
1001,50,18,32,7,24,2,17,12,7,2,2,0,0,0,0,0,0,0,0,0,0,0,0,1.0,0.8333333333333334,1.0,0.0,0.0,0.0,4,0,1
1002,49,18,31,7,23,2,17,12,8,2,2,0,0,0,0,0,8,1,0,0,1,0,1,0.967741935483871,1.0,1.0,0.0,0.0,0.125,4,0,1
1003,49,18,31,7,23,2,17,12,8,2,2,0,0,0,0,0,0,0,0,0,0,0,0,1.0,1.0,1.0,0.0,0.0,0.0,4,0,0
1004,48,17,31,7,22,2,17,12,8,2,2,0,0,0,0,0,0,0,0,0,1,0,1,0.9666666666666667,1.0,1.0,0.0,0.0,0.0,4,0,1
1005,48,17,31,7,22,2,17,12,8,2,2,0,0,0,0,0,0,0,0,0,0,2,0,1.0,1.0,1.0,0.0,0.0,0.0,4,0,0
1006,48,17,31,7,22,2,17,12,8,2,2,0,0,0,0,0,0,0,0,0,0,2,0,1.0,1.0,1.0,0.0,0.0,0.0,4,0,0
1007,47,17,30,7,22,2,16,11,8,0,2,0,0,0,0,0,0,0,0,0,0,1,0,1.0,1.0,0.9166666666666666,0.0,0.0,0.0,4,0,1
1008,47,17,30,7,22,2,16,11,8,0,2,0,0,0,0,0,2,0,0,0,0,1,0,1.0,1.0,1.0,0.0,0.0,0.0,4,0,0
1009,47,17,30,7,20,3,17,11,9,0,2,0,0,0,0,0,8,1,0,0,0,0,0,1.0,1.0,1.0,0.0,0.0,0.125,4,0,0
1010,46,17,29,7,17,5,17,11,9,0,2,0,0,0,0,0,0,0,0,0,1,0,1,0.96,1.0,1.0,0.0,0.0,0.0,4,0,1
1011,45,16,29,7,15,6,17,11,9,0,2,0,0,0,0,0,0,0,0,0,1,0,1,0.9565217391304348,1.0,1.0,0.0,0.0,0.0,4,0,1
1012,45,16,29,7,14,7,17,11,9,0,2,0,0,0,0,0,0,0,0,0,0,0,0,1.0,1.0,1.0,0.0,0.0,0.0,4,0,0
1013,45,16,29,7,14,7,17,11,9,0,2,0,0,0,0,0,0,0,0,0,0,0,0,1.0,1.0,1.0,0.0,0.0,0.0,4,0,0
1014,45,16,29,7,14,7,17,11,9,0,2,0,0,0,0,0,0,0,0,0,0,0,0,1.0,1.0,1.0,0.0,0.0,0.0,4,0,0
1015,45,16,29,7,14,7,17,11,9,0,2,0,0,0,0,0,0,0,0,0,0,0,0,1.0,1.0,1.0,0.0,0.0,0.0,4,0,0
1016,45,16,29,7,14,7,17,11,9,0,2,0,0,0,0,0,0,0,0,0,0,0,0,1.0,1.0,1.0,0.0,0.0,0.0,4,0,0
1017,45,16,29,7,14,7,17,11,9,0,2,0,0,0,0,0,0,0,0,0,0,0,0,1.0,1.0,1.0,0.0,0.0,0.0,4,0,0
1018,45,16,29,7,14,6,18,12,9,0,2,0,0,0,0,0,0,0,0,0,0,0,0,1.0,1.0,1.0,0.0,0.0,0.0,4,0,0
1019,45,16,29,7,14,6,18,12,9,0,2,0,0,0,0,0,0,0,0,0,0,0,0,1.0,1.0,1.0,0.0,0.0,0.0,4,0,0
1020,48,18,30,10,14,6,18,12,9,0,3,0,0,0,0,0,4,1,0,1,0,0,0,1.0,1.0,1.0,0.06666666666666667,0.06666666666666667,0.25,4,3,0
1021,48,18,30,10,14,6,18,12,9,0,3,0,0,0,0,0,0,0,0,0,0,0,0,1.0,1.0,1.0,0.0,0.0,0.0,4,0,0
1022,48,18,30,10,14,6,18,12,9,0,3,0,0,0,0,0,0,0,0,0,0,0,0,1.0,1.0,1.0,0.0,0.0,0.0,4,0,0
1023,48,18,30,10,14,6,18,12,9,0,3,0,0,0,0,0,0,0,0,0,0,0,0,1.0,1.0,1.0,0.0,0.0,0.0,4,0,0
1024,48,18,30,10,14,6,18,12,9,0,3,0,0,0,0,0,0,0,0,0,0,0,0,1.0,1.0,1.0,0.0,0.0,0.0,4,0,0
1025,48,18,30,10,14,6,18,12,9,0,3,0,0,0,0,0,0,0,0,0,0,0,0,1.0,1.0,1.0,0.0,0.0,0.0,4,0,0
1026,48,18,30,10,14,6,18,12,9,0,3,0,0,0,0,0,0,0,0,0,0,0,0,1.0,1.0,1.0,0.0,0.0,0.0,4,0,0
1027,47,18,29,9,14,6,18,12,9,0,3,0,0,0,0,0,0,0,0,0,1,0,1,0.9583333333333334,1.0,1.0,0.0,0.0,0.0,4,0,1
1028,51,20,31,10,17,6,18,12,8,0,4,0,0,0,0,0,0,0,0,1,0,0,0,1.0,1.0,1.0,0.0851063829787234,0.0851063829787234,0.0,4,4,0
1029,51,20,31,10,17,6,18,12,8,0,4,0,0,0,0,0,0,0,0,0,0,0,0,1.0,1.0,1.0,0.0,0.0,0.0,4,0,0
1030,51,20,31,10,17,6,18,12,8,0,3,0,0,0,0,0,0,0,0,0,0,0,0,1.0,1.0,1.0,0.0,0.0,0.0,4,0,0
1031,51,20,31,10,17,6,18,12,8,0,3,0,0,0,0,0,0,0,0,0,0,0,0,1.0,1.0,1.0,0.0,0.0,0.0,4,0,0
1032,51,20,31,10,17,6,18,12,8,0,3,0,0,0,0,0,0,0,0,0,0,0,0,1.0,1.0,1.0,0.0,0.0,0.0,4,0,0
1033,54,21,33,13,17,6,18,12,7,0,4,0,0,0,0,0,0,0,0,1,1,0,1,0.962962962962963,1.0,1.0,0.0784313725490196,0.0784313725490196,0.0,4,4,1
1034,54,21,33,13,17,6,18,12,7,0,4,0,0,0,0,0,0,0,0,0,0,0,0,1.0,1.0,1.0,0.0,0.0,0.0,4,0,0
1035,53,20,33,12,17,6,18,12,7,0,4,0,0,0,0,0,0,0,0,0,1,0,1,0.9666666666666667,1.0,1.0,0.0,0.0,0.0,4,0,1
1036,53,20,33,12,17,6,18,12,7,0,4,0,0,0,0,0,0,0,0,0,0,0,0,1.0,1.0,1.0,0.0,0.0,0.0,4,0,0
1037,53,20,33,12,17,6,18,12,7,0,4,0,0,0,0,0,0,0,0,0,0,0,0,1.0,1.0,1.0,0.0,0.0,0.0,4,0,0
1038,53,20,33,12,17,6,18,12,7,0,4,0,0,0,0,0,0,0,0,0,0,0,0,1.0,1.0,1.0,0.0,0.0,0.0,4,0,0
1039,53,20,33,12,17,6,18,12,7,0,4,0,0,0,0,0,0,0,0,0,0,0,0,1.0,1.0,1.0,0.0,0.0,0.0,4,0,0
1040,53,20,33,9,20,6,18,12,7,0,4,0,0,0,0,0,0,0,0,0,0,0,0,1.0,1.0,1.0,0.0,0.0,0.0,4,0,0
1041,53,20,33,9,20,6,18,12,7,0,4,0,0,0,0,0,0,0,0,0,0,0,0,1.0,1.0,1.0,0.0,0.0,0.0,4,0,0
1042,52,19,33,9,19,6,18,12,7,0,3,0,0,0,0,0,0,0,0,0,1,0,1,0.9655172413793104,1.0,1.0,0.0,0.0,0.0,4,0,1
1043,51,18,33,9,18,6,18,12,7,0,3,0,0,0,0,0,0,0,0,0,1,0,1,0.9642857142857143,1.0,1.0,0.0,0.0,0.0,4,0,1
1044,51,18,33,9,18,6,18,12,7,0,3,0,0,0,0,0,0,0,0,0,0,0,0,1.0,1.0,1.0,0.0,0.0,0.0,4,0,0
1045,51,18,33,9,18,6,18,12,7,0,3,0,0,0,0,0,0,0,0,0,0,0,0,1.0,1.0,1.0,0.0,0.0,0.0,4,0,0
1046,51,18,33,9,18,6,18,12,7,0,3,0,0,0,0,0,0,0,0,0,0,0,0,1.0,1.0,1.0,0.0,0.0,0.0,4,0,0
1047,51,18,33,9,18,6,18,12,7,0,3,0,0,0,0,0,0,0,0,0,0,0,0,1.0,1.0,1.0,0.0,0.0,0.0,4,0,0
1048,58,20,38,16,18,6,18,12,5,0,5,0,0,0,0,0,0,0,0,2,0,0,0,1.0,1.0,1.0,0.13725490196078433,0.13725490196078433,0.0,4,7,0
1049,58,20,38,16,18,6,18,12,5,0,5,0,0,0,0,0,0,0,0,0,0,0,0,1.0,1.0,1.0,0.0,0.0,0.0,4,0,0
1050,64,22,42,22,18,6,18,12,3,0,7,0,0,0,0,0,0,0,0,2,1,0,1,0.9705882352941176,1.0,1.0,0.1206896551724138,0.1206896551724138,0.0,4,7,1
1051,61,22,39,21,16,6,18,12,3,0,7,0,0,0,0,0,0,0,0,0,3,0,3,0.925,1.0,1.0,0.0,0.0,0.0,4,0,3
1052,59,21,38,21,15,6,17,12,3,0,7,0,0,0,0,0,0,0,0,0,1,0,1,0.972972972972973,0.8333333333333334,1.0,0.0,0.0,0.0,4,0,2
1053,58,21,37,20,15,6,17,12,3,0,7,0,0,0,0,0,0,0,0,0,1,0,1,0.9722222222222222,1.0,1.0,0.0,0.0,0.0,4,0,1
1054,56,21,35,19,14,6,17,12,3,0,7,0,0,0,0,0,0,0,0,0,2,0,2,0.9428571428571428,1.0,1.0,0.0,0.0,0.0,4,0,2
1055,56,21,35,19,14,6,17,12,3,0,7,0,0,0,0,0,0,0,0,0,0,0,0,1.0,1.0,1.0,0.0,0.0,0.0,4,0,0
1056,55,20,35,19,13,6,17,12,3,0,7,0,0,0,0,0,0,0,0,0,1,0,1,0.9696969696969697,1.0,1.0,0.0,0.0,0.0,4,0,1
1057,53,19,34,19,11,6,17,12,3,0,7,0,0,0,0,0,0,0,0,0,2,0,2,0.9375,1.0,1.0,0.0,0.0,0.0,4,0,2
1058,53,19,34,19,11,6,17,12,3,0,7,0,0,0,0,0,0,0,0,0,0,0,0,1.0,1.0,1.0,0.0,0.0,0.0,4,0,0
1059,53,19,34,19,11,6,17,12,3,0,7,0,0,0,0,0,0,0,0,0,0,0,0,1.0,1.0,1.0,0.0,0.0,0.0,4,0,0
1060,52,19,33,19,10,6,17,12,3,0,7,0,0,0,0,0,0,0,0,0,1,0,1,0.9666666666666667,1.0,1.0,0.0,0.0,0.0,4,0,1
1061,51,19,32,18,10,6,17,12,3,0,7,0,0,0,0,0,0,0,0,0,1,0,1,0.9655172413793104,1.0,1.0,0.0,0.0,0.0,4,0,1
1062,50,19,31,18,9,6,17,12,3,0,7,0,0,0,0,0,0,0,0,0,1,0,1,0.9642857142857143,1.0,1.0,0.0,0.0,0.0,4,0,1
1063,49,19,30,16,10,6,17,12,3,0,7,0,0,0,0,0,0,0,0,0,1,0,1,0.962962962962963,1.0,1.0,0.0,0.0,0.0,4,0,1
1064,49,19,30,16,10,6,17,12,3,0,7,0,0,0,0,0,0,0,0,0,0,0,0,1.0,1.0,1.0,0.0,0.0,0.0,4,0,0
1065,49,19,30,16,10,6,17,12,3,0,6,0,0,0,0,0,0,0,0,0,0,0,0,1.0,1.0,1.0,0.0,0.0,0.0,4,0,0
1066,48,18,30,16,10,6,16,12,3,0,6,0,0,0,0,0,0,0,0,0,0,0,0,1.0,0.8,1.0,0.0,0.0,0.0,4,0,1
1067,52,22,30,20,10,6,16,12,2,0,7,0,0,0,0,0,0,0,0,1,0,0,0,1.0,1.0,1.0,0.08333333333333333,0.08333333333333333,0.0,4,4,0
1068,52,22,30,20,10,6,16,12,2,0,7,0,0,0,0,0,0,0,0,0,0,0,0,1.0,1.0,1.0,0.0,0.0,0.0,4,0,0
1069,52,22,30,20,10,6,16,12,2,0,7,0,0,0,0,0,0,0,0,0,0,0,0,1.0,1.0,1.0,0.0,0.0,0.0,4,0,0
1070,52,22,30,20,10,6,16,12,2,0,7,0,0,0,0,0,0,0,0,0,0,0,0,1.0,1.0,1.0,0.0,0.0,0.0,4,0,0
1071,50,20,30,17,11,6,16,12,2,0,7,0,0,0,0,0,0,0,0,0,2,0,2,0.9333333333333333,1.0,1.0,0.0,0.0,0.0,4,0,2
1072,50,20,30,17,11,6,16,12,2,0,7,0,0,0,0,0,0,0,0,0,0,0,0,1.0,1.0,1.0,0.0,0.0,0.0,4,0,0
1073,50,20,30,17,11,6,16,12,2,0,6,0,0,0,0,0,0,0,0,0,0,0,0,1.0,1.0,1.0,0.0,0.0,0.0,4,0,0
1074,54,21,33,21,11,6,16,12,1,0,7,0,0,0,0,0,0,0,0,1,0,0,0,1.0,1.0,1.0,0.08,0.08,0.0,4,4,0
1075,54,21,33,21,11,6,16,12,1,0,7,0,0,0,0,0,0,0,0,0,0,0,0,1.0,1.0,1.0,0.0,0.0,0.0,4,0,0
1076,54,21,33,18,14,6,16,12,1,0,7,0,0,0,0,0,0,0,0,0,0,0,0,1.0,1.0,1.0,0.0,0.0,0.0,4,0,0
1077,54,21,33,18,14,6,16,12,1,0,7,0,0,0,0,0,0,0,0,0,0,0,0,1.0,1.0,1.0,0.0,0.0,0.0,4,0,0
1078,53,21,32,18,13,6,16,12,1,0,6,0,0,0,0,0,0,0,0,0,1,0,1,0.96875,1.0,1.0,0.0,0.0,0.0,4,0,1
1079,53,21,32,18,13,6,16,12,1,0,6,0,0,0,0,0,0,0,0,0,0,0,0,1.0,1.0,1.0,0.0,0.0,0.0,4,0,0
1080,53,21,32,18,13,6,16,12,1,0,6,0,0,0,0,0,0,0,0,0,0,0,0,1.0,1.0,1.0,0.0,0.0,0.0,4,0,0
1081,53,21,32,18,13,6,16,12,1,0,6,0,0,0,0,0,0,0,0,0,0,0,0,1.0,1.0,1.0,0.0,0.0,0.0,4,0,0
1082,53,21,32,18,13,6,16,12,1,0,6,0,0,0,0,0,0,0,0,0,0,0,0,1.0,1.0,1.0,0.0,0.0,0.0,4,0,0
1083,53,21,32,18,13,6,16,12,1,0,6,0,0,0,0,0,0,0,0,0,0,0,0,1.0,1.0,1.0,0.0,0.0,0.0,4,0,0
1084,53,21,32,18,13,6,16,12,1,0,6,0,0,0,0,0,0,0,0,0,0,0,0,1.0,1.0,1.0,0.0,0.0,0.0,4,0,0
1085,56,22,34,21,13,6,16,12,0,0,7,0,0,0,0,0,0,0,0,1,1,0,1,0.967741935483871,1.0,1.0,0.07547169811320754,0.07547169811320754,0.0,4,4,1
1086,54,21,33,20,13,6,15,11,0,0,6,0,0,0,0,0,0,0,0,0,1,0,1,0.9705882352941176,1.0,0.9166666666666666,0.0,0.0,0.0,4,0,2
1087,54,21,33,20,13,6,15,11,0,0,6,0,0,0,0,0,0,0,0,0,0,0,0,1.0,1.0,1.0,0.0,0.0,0.0,4,0,0
1088,53,20,33,19,13,6,15,11,0,0,6,0,0,0,0,0,0,0,0,0,1,0,1,0.9696969696969697,1.0,1.0,0.0,0.0,0.0,4,0,1
1089,53,20,33,19,13,6,15,11,0,0,6,0,0,0,0,0,0,0,0,0,0,0,0,1.0,1.0,1.0,0.0,0.0,0.0,4,0,0
1090,53,20,33,19,13,5,16,12,0,0,6,0,0,0,0,0,0,0,0,0,0,0,0,1.0,1.0,1.0,0.0,0.0,0.0,4,0,0
1091,53,20,33,15,17,5,16,12,0,0,6,0,0,0,0,0,0,0,0,0,0,0,0,1.0,1.0,1.0,0.0,0.0,0.0,4,0,0
1092,52,19,33,14,17,5,16,12,0,0,6,0,0,0,0,0,0,0,0,0,1,0,1,0.96875,1.0,1.0,0.0,0.0,0.0,4,0,1
1093,52,19,33,10,21,5,16,12,0,0,5,0,0,0,0,0,0,0,0,0,0,0,0,1.0,1.0,1.0,0.0,0.0,0.0,4,0,0
1094,52,19,33,10,21,5,16,12,0,0,5,0,0,0,0,0,0,0,0,0,0,0,0,1.0,1.0,1.0,0.0,0.0,0.0,4,0,0
1095,51,18,33,10,20,5,16,12,0,0,3,0,0,0,0,0,0,0,0,0,1,0,1,0.967741935483871,1.0,1.0,0.0,0.0,0.0,4,0,1
1096,51,18,33,10,20,5,16,12,0,0,3,0,0,0,0,0,0,0,0,0,0,0,0,1.0,1.0,1.0,0.0,0.0,0.0,4,0,0
1097,50,18,32,9,20,5,16,12,0,0,3,0,0,0,0,0,0,0,0,0,1,0,1,0.9666666666666667,1.0,1.0,0.0,0.0,0.0,4,0,1
1098,50,18,32,9,20,5,16,12,0,0,3,0,0,0,0,0,0,0,0,0,0,0,0,1.0,1.0,1.0,0.0,0.0,0.0,4,0,0
1099,50,18,32,9,20,5,16,12,0,0,3,0,0,0,0,0,0,0,0,0,0,0,0,1.0,1.0,1.0,0.0,0.0,0.0,4,0,0
1100,50,18,32,9,20,5,16,12,0,0,3,0,0,0,0,0,0,0,0,0,0,0,0,1.0,1.0,1.0,0.0,0.0,0.0,4,0,0
1101,49,18,31,9,19,5,16,12,0,0,3,0,0,0,0,0,0,0,0,0,1,0,1,0.9655172413793104,1.0,1.0,0.0,0.0,0.0,4,0,1
1102,49,18,31,9,19,5,16,12,0,0,3,0,0,0,0,0,0,0,0,0,0,1,0,1.0,1.0,1.0,0.0,0.0,0.0,4,0,0
1103,48,17,31,9,18,5,16,12,0,0,3,0,0,0,0,0,0,0,0,0,1,0,1,0.9642857142857143,1.0,1.0,0.0,0.0,0.0,4,0,1
1104,48,17,31,9,18,5,16,12,0,0,3,0,0,0,0,0,0,0,0,0,0,0,0,1.0,1.0,1.0,0.0,0.0,0.0,4,0,0
1105,48,17,31,9,18,5,16,12,0,0,3,0,0,0,0,0,0,0,0,0,0,0,0,1.0,1.0,1.0,0.0,0.0,0.0,4,0,0
1106,48,17,31,9,17,6,16,12,0,0,3,0,0,0,0,0,0,0,0,0,0,0,0,1.0,1.0,1.0,0.0,0.0,0.0,4,0,0
1107,48,17,31,9,17,6,16,12,0,0,3,0,0,0,0,0,0,0,0,0,0,0,0,1.0,1.0,1.0,0.0,0.0,0.0,4,0,0
1108,46,16,30,9,15,6,16,12,0,0,3,0,0,0,0,0,0,0,0,0,2,0,2,0.9230769230769231,1.0,1.0,0.0,0.0,0.0,4,0,2
1109,46,16,30,9,15,6,16,12,0,0,3,0,0,0,0,0,0,0,0,0,0,0,0,1.0,1.0,1.0,0.0,0.0,0.0,4,0,0
1110,46,16,30,6,18,6,16,12,0,0,3,0,0,0,0,0,0,0,0,0,0,0,0,1.0,1.0,1.0,0.0,0.0,0.0,4,0,0
1111,46,16,30,6,18,6,16,12,0,0,3,0,0,0,0,0,0,0,0,0,0,0,0,1.0,1.0,1.0,0.0,0.0,0.0,4,0,0
1112,45,16,29,6,18,6,15,11,0,0,2,0,0,0,0,0,0,0,0,0,0,0,0,1.0,1.0,0.9166666666666666,0.0,0.0,0.0,4,0,1
1113,45,16,29,6,18,6,15,11,0,0,2,0,0,0,0,0,0,0,0,0,0,0,0,1.0,1.0,1.0,0.0,0.0,0.0,4,0,0
1114,45,16,29,6,18,6,15,11,0,0,2,0,0,0,0,0,0,0,0,0,0,0,0,1.0,1.0,1.0,0.0,0.0,0.0,4,0,0
1115,45,16,29,6,18,6,15,11,0,0,2,0,0,0,0,0,0,0,0,0,0,0,0,1.0,1.0,1.0,0.0,0.0,0.0,4,0,0
1116,45,16,29,6,18,6,15,11,0,0,2,0,0,0,0,0,0,0,0,0,0,1,0,1.0,1.0,1.0,0.0,0.0,0.0,4,0,0
1117,45,16,29,3,21,6,15,11,0,0,2,0,0,0,0,0,0,0,0,0,0,0,0,1.0,1.0,1.0,0.0,0.0,0.0,4,0,0
1118,45,16,29,3,21,6,15,11,0,0,2,0,0,0,0,0,0,0,0,0,0,1,0,1.0,1.0,1.0,0.0,0.0,0.0,4,0,0
1119,44,15,29,3,20,5,16,12,0,0,1,0,0,0,0,0,0,0,0,0,1,0,1,0.9583333333333334,1.0,1.0,0.0,0.0,0.0,4,0,1
1120,44,15,29,3,19,6,16,12,0,0,1,0,0,0,0,0,0,0,0,0,0,0,0,1.0,1.0,1.0,0.0,0.0,0.0,4,0,0
1121,44,15,29,3,19,6,16,12,0,0,1,0,0,0,0,0,0,0,0,0,0,0,0,1.0,1.0,1.0,0.0,0.0,0.0,4,0,0
1122,44,15,29,3,18,7,16,12,0,0,1,0,0,0,0,0,0,0,0,0,0,0,0,1.0,1.0,1.0,0.0,0.0,0.0,4,0,0
1123,44,15,29,3,18,7,16,12,0,0,1,0,0,0,0,0,0,0,0,0,0,1,0,1.0,1.0,1.0,0.0,0.0,0.0,4,0,0
1124,44,15,29,3,18,7,16,12,0,0,1,0,0,0,0,0,0,0,0,0,0,0,0,1.0,1.0,1.0,0.0,0.0,0.0,4,0,0
1125,44,15,29,3,18,7,16,12,3,1,1,0,0,0,0,0,16,3,1,0,0,0,0,1.0,1.0,1.0,0.0,0.0,0.1875,4,0,0
1126,44,15,29,3,18,7,16,12,5,1,1,0,0,0,0,0,11,2,0,0,0,0,0,1.0,1.0,1.0,0.0,0.0,0.18181818181818182,4,0,0
1127,44,15,29,3,17,8,16,12,5,1,1,0,0,0,0,0,2,0,0,0,0,0,0,1.0,1.0,1.0,0.0,0.0,0.0,4,0,0
1128,44,15,29,0,20,8,16,12,6,1,1,0,0,0,0,0,10,1,0,0,0,0,0,1.0,1.0,1.0,0.0,0.0,0.1,4,0,0
1129,44,15,29,0,20,8,16,12,6,2,1,0,0,0,0,0,3,0,1,0,0,0,0,1.0,1.0,1.0,0.0,0.0,0.0,4,0,0
1130,44,15,29,0,20,8,16,12,6,2,0,0,0,0,0,0,0,0,0,0,0,0,0,1.0,1.0,1.0,0.0,0.0,0.0,4,0,0
1131,44,15,29,0,20,8,16,12,6,2,0,0,0,0,0,0,8,0,0,0,0,0,0,1.0,1.0,1.0,0.0,0.0,0.0,4,0,0
1132,44,15,29,0,20,8,16,12,6,2,0,0,0,0,0,0,2,0,0,0,0,0,0,1.0,1.0,1.0,0.0,0.0,0.0,4,0,0
1133,44,15,29,0,20,8,16,12,7,2,0,0,0,0,0,0,7,1,0,0,0,1,0,1.0,1.0,1.0,0.0,0.0,0.14285714285714285,4,0,0
1134,44,15,29,0,20,8,16,12,7,2,0,0,0,0,0,0,0,0,0,0,0,0,0,1.0,1.0,1.0,0.0,0.0,0.0,4,0,0
1135,44,15,29,0,20,8,16,12,7,2,0,0,0,0,0,0,0,0,0,0,0,0,0,1.0,1.0,1.0,0.0,0.0,0.0,4,0,0
1136,44,15,29,0,20,8,16,12,7,2,0,0,0,0,0,0,0,0,0,0,0,0,0,1.0,1.0,1.0,0.0,0.0,0.0,4,0,0
1137,44,15,29,0,19,9,16,12,7,2,0,0,0,0,0,0,0,0,0,0,0,0,0,1.0,1.0,1.0,0.0,0.0,0.0,4,0,0
1138,44,15,29,0,19,9,16,12,7,2,0,0,0,0,0,0,2,0,0,0,0,0,0,1.0,1.0,1.0,0.0,0.0,0.0,4,0,0
1139,44,15,29,0,19,9,16,12,8,3,0,0,0,0,0,0,3,1,1,0,0,0,0,1.0,1.0,1.0,0.0,0.0,0.3333333333333333,4,0,0
1140,44,15,29,0,19,9,16,12,9,3,0,0,0,0,0,0,5,1,0,0,0,0,0,1.0,1.0,1.0,0.0,0.0,0.2,4,0,0
1141,44,15,29,0,19,9,16,12,9,3,0,0,0,0,0,0,0,0,0,0,0,0,0,1.0,1.0,1.0,0.0,0.0,0.0,4,0,0
1142,43,15,28,0,18,8,17,13,10,3,0,0,0,0,0,0,8,1,0,0,1,0,1,0.9473684210526316,1.0,1.0,0.0,0.0,0.125,4,0,1
1143,43,15,28,0,18,8,17,13,10,3,0,0,0,0,0,0,0,0,0,0,0,0,0,1.0,1.0,1.0,0.0,0.0,0.0,4,0,0
1144,43,15,28,0,18,8,17,13,10,3,0,0,0,0,0,0,0,0,0,0,0,0,0,1.0,1.0,1.0,0.0,0.0,0.0,4,0,0
1145,43,15,28,0,18,8,17,13,10,3,0,0,0,0,0,0,0,0,0,0,0,0,0,1.0,1.0,1.0,0.0,0.0,0.0,4,0,0
1146,43,15,28,0,18,8,17,13,10,3,0,0,0,0,0,0,0,0,0,0,0,0,0,1.0,1.0,1.0,0.0,0.0,0.0,4,0,0
1147,43,15,28,0,18,7,18,14,10,3,0,0,0,0,0,0,0,0,0,0,0,0,0,1.0,1.0,1.0,0.0,0.0,0.0,4,0,0
1148,43,15,28,0,18,7,18,14,10,3,0,0,0,0,0,0,0,0,0,0,0,0,0,1.0,1.0,1.0,0.0,0.0,0.0,4,0,0
1149,43,15,28,0,18,7,18,14,10,3,0,0,0,0,0,0,0,0,0,0,0,0,0,1.0,1.0,1.0,0.0,0.0,0.0,4,0,0
1150,43,15,28,0,18,6,19,15,10,3,0,0,0,0,0,0,0,0,0,0,0,0,0,1.0,1.0,1.0,0.0,0.0,0.0,4,0,0
1151,43,15,28,0,18,6,19,15,12,3,0,0,0,0,0,0,10,2,0,0,0,0,0,1.0,1.0,1.0,0.0,0.0,0.2,4,0,0
1152,43,15,28,0,18,6,19,15,12,3,0,0,0,0,0,0,0,0,0,0,0,0,0,1.0,1.0,1.0,0.0,0.0,0.0,4,0,0
1153,43,15,28,0,18,6,19,15,12,3,0,0,0,0,0,0,0,0,0,0,0,0,0,1.0,1.0,1.0,0.0,0.0,0.0,4,0,0
1154,43,15,28,0,18,6,19,15,12,3,0,0,0,0,0,0,0,0,0,0,0,0,0,1.0,1.0,1.0,0.0,0.0,0.0,4,0,0
1155,43,15,28,0,18,6,19,15,12,3,0,0,0,0,0,0,0,0,0,0,0,0,0,1.0,1.0,1.0,0.0,0.0,0.0,4,0,0
1156,43,15,28,0,18,6,19,15,12,3,0,0,0,0,0,0,0,0,0,0,0,0,0,1.0,1.0,1.0,0.0,0.0,0.0,4,0,0
1157,43,15,28,0,18,6,19,15,12,3,0,0,0,0,0,0,0,0,0,0,0,0,0,1.0,1.0,1.0,0.0,0.0,0.0,4,0,0
1158,43,15,28,0,18,6,19,15,12,3,0,0,0,0,0,0,0,0,0,0,0,0,0,1.0,1.0,1.0,0.0,0.0,0.0,4,0,0
1159,43,15,28,0,18,6,19,15,12,3,0,0,0,0,0,0,0,0,0,0,0,0,0,1.0,1.0,1.0,0.0,0.0,0.0,4,0,0
1160,43,15,28,0,18,6,19,15,12,3,0,0,0,0,0,0,0,0,0,0,0,0,0,1.0,1.0,1.0,0.0,0.0,0.0,4,0,0
1161,43,15,28,0,18,6,19,15,12,3,0,0,0,0,0,0,0,0,0,0,0,0,0,1.0,1.0,1.0,0.0,0.0,0.0,4,0,0
1162,43,15,28,0,18,6,19,15,12,3,0,0,0,0,0,0,0,0,0,0,0,0,0,1.0,1.0,1.0,0.0,0.0,0.0,4,0,0
1163,43,15,28,0,18,6,19,15,12,3,0,0,0,0,0,0,0,0,0,0,0,0,0,1.0,1.0,1.0,0.0,0.0,0.0,4,0,0
1164,43,15,28,0,18,5,20,16,13,3,0,0,0,0,0,0,7,1,0,0,0,0,0,1.0,1.0,1.0,0.0,0.0,0.14285714285714285,4,0,0
1165,43,15,28,0,18,5,20,16,13,3,0,0,0,0,0,0,0,0,0,0,0,0,0,1.0,1.0,1.0,0.0,0.0,0.0,4,0,0
1166,43,15,28,0,18,5,20,16,13,3,0,0,0,0,0,0,0,0,0,0,0,0,0,1.0,1.0,1.0,0.0,0.0,0.0,4,0,0
1167,43,15,28,0,18,5,20,16,13,3,0,0,0,0,0,0,0,0,0,0,0,0,0,1.0,1.0,1.0,0.0,0.0,0.0,4,0,0
1168,43,15,28,0,18,5,20,16,13,3,0,0,0,0,0,0,0,0,0,0,0,0,0,1.0,1.0,1.0,0.0,0.0,0.0,4,0,0
1169,43,15,28,0,18,5,20,16,13,3,0,0,0,0,0,0,0,0,0,0,0,0,0,1.0,1.0,1.0,0.0,0.0,0.0,4,0,0
1170,43,15,28,0,18,5,20,16,13,2,0,0,0,0,0,0,0,0,0,0,0,0,0,1.0,1.0,1.0,0.0,0.0,0.0,4,0,0
1171,43,15,28,0,18,5,20,16,14,2,0,0,0,0,0,0,4,1,0,0,0,0,0,1.0,1.0,1.0,0.0,0.0,0.25,4,0,0
1172,43,15,28,0,18,5,20,16,14,2,0,0,0,0,0,0,0,0,0,0,0,0,0,1.0,1.0,1.0,0.0,0.0,0.0,4,0,0
1173,43,15,28,0,18,5,20,16,14,2,0,0,0,0,0,0,0,0,0,0,0,0,0,1.0,1.0,1.0,0.0,0.0,0.0,4,0,0
1174,43,15,28,0,18,5,20,16,14,1,0,0,0,0,0,0,0,0,0,0,0,0,0,1.0,1.0,1.0,0.0,0.0,0.0,4,0,0
1175,43,15,28,0,18,5,20,16,15,1,0,0,0,0,0,0,7,1,0,0,0,0,0,1.0,1.0,1.0,0.0,0.0,0.14285714285714285,4,0,0
1176,43,15,28,0,18,5,20,16,15,1,0,0,0,0,0,0,0,0,0,0,0,0,0,1.0,1.0,1.0,0.0,0.0,0.0,4,0,0
1177,43,15,28,0,18,5,20,16,15,1,0,0,0,0,0,0,0,0,0,0,0,0,0,1.0,1.0,1.0,0.0,0.0,0.0,4,0,0
1178,43,15,28,0,18,5,20,16,15,1,0,0,0,0,0,0,0,0,0,0,0,0,0,1.0,1.0,1.0,0.0,0.0,0.0,4,0,0
1179,43,15,28,0,18,5,20,16,15,1,0,0,0,0,0,0,0,0,0,0,0,0,0,1.0,1.0,1.0,0.0,0.0,0.0,4,0,0
1180,43,15,28,0,18,5,20,16,15,1,0,0,0,0,0,0,0,0,0,0,0,0,0,1.0,1.0,1.0,0.0,0.0,0.0,4,0,0
1181,43,15,28,0,18,5,20,16,15,1,0,0,0,0,0,0,0,0,0,0,0,0,0,1.0,1.0,1.0,0.0,0.0,0.0,4,0,0
1182,42,14,28,0,18,5,19,16,15,1,0,0,0,0,0,0,0,0,0,0,0,0,0,1.0,0.75,1.0,0.0,0.0,0.0,4,0,1
1183,42,14,28,0,18,5,19,16,15,1,0,0,0,0,0,0,0,0,0,0,0,0,0,1.0,1.0,1.0,0.0,0.0,0.0,4,0,0
1184,42,14,28,0,18,5,19,16,15,0,0,0,0,0,0,0,0,0,0,0,0,0,0,1.0,1.0,1.0,0.0,0.0,0.0,4,0,0
1185,42,14,28,0,18,5,19,16,16,0,0,0,0,0,0,0,2,1,0,0,0,0,0,1.0,1.0,1.0,0.0,0.0,0.5,4,0,0
1186,42,14,28,0,18,5,19,16,16,0,0,0,0,0,0,0,0,0,0,0,0,0,0,1.0,1.0,1.0,0.0,0.0,0.0,4,0,0
1187,42,14,28,0,18,5,19,16,16,0,0,0,0,0,0,0,0,0,0,0,0,0,0,1.0,1.0,1.0,0.0,0.0,0.0,4,0,0
1188,42,14,28,0,18,5,19,16,16,0,0,0,0,0,0,0,0,0,0,0,0,0,0,1.0,1.0,1.0,0.0,0.0,0.0,4,0,0
1189,42,14,28,0,18,5,19,16,16,0,0,0,0,0,0,0,0,0,0,0,0,0,0,1.0,1.0,1.0,0.0,0.0,0.0,4,0,0
1190,53,19,34,11,18,5,19,16,13,0,3,0,0,0,0,0,0,0,0,3,0,0,0,1.0,1.0,1.0,0.2619047619047619,0.2619047619047619,0.0,4,11,0
1191,60,21,39,18,18,5,19,16,11,0,5,0,0,0,0,0,0,0,0,2,0,0,0,1.0,1.0,1.0,0.1320754716981132,0.1320754716981132,0.0,4,7,0
1192,59,21,38,17,18,5,19,16,11,0,5,0,0,0,0,0,0,0,0,0,1,0,1,0.9722222222222222,1.0,1.0,0.0,0.0,0.0,4,0,1
1193,59,22,37,20,15,5,19,16,10,0,6,0,0,0,0,0,0,0,0,1,3,0,3,0.9142857142857143,1.0,1.0,0.05084745762711865,0.05084745762711865,0.0,4,3,3
1194,59,22,37,20,15,5,19,16,10,0,6,0,0,0,0,0,0,0,0,0,0,0,0,1.0,1.0,1.0,0.0,0.0,0.0,4,0,0
1195,59,22,37,20,15,5,19,16,10,0,6,0,0,0,0,0,0,0,0,0,0,0,0,1.0,1.0,1.0,0.0,0.0,0.0,4,0,0
1196,59,22,37,20,15,5,19,16,10,0,6,0,0,0,0,0,0,0,0,0,0,0,0,1.0,1.0,1.0,0.0,0.0,0.0,4,0,0
1197,59,22,37,20,15,5,19,16,10,0,6,0,0,0,0,0,0,0,0,0,0,0,0,1.0,1.0,1.0,0.0,0.0,0.0,4,0,0
1198,62,26,36,24,14,5,19,16,9,0,7,0,0,0,0,0,0,0,0,1,1,0,1,0.9714285714285714,1.0,1.0,0.06779661016949153,0.06779661016949153,0.0,4,4,1
1199,62,26,36,24,14,5,19,16,9,0,7,0,0,0,0,0,0,0,0,0,0,0,0,1.0,1.0,1.0,0.0,0.0,0.0,4,0,0
1200,62,26,36,24,14,5,19,16,9,0,7,0,0,0,0,0,0,0,0,0,0,1,0,1.0,1.0,1.0,0.0,0.0,0.0,4,0,0
1201,60,25,35,23,13,5,19,16,9,0,7,0,0,0,0,0,0,0,0,0,2,0,2,0.9473684210526316,1.0,1.0,0.0,0.0,0.0,4,0,2
1202,58,23,35,22,12,5,19,16,9,0,7,0,0,0,0,0,0,0,0,0,2,0,2,0.9444444444444444,1.0,1.0,0.0,0.0,0.0,4,0,2
1203,57,23,34,21,12,5,19,16,9,0,7,0,0,0,0,0,0,0,0,0,1,0,1,0.9705882352941176,1.0,1.0,0.0,0.0,0.0,4,0,1
1204,60,25,35,24,11,6,19,16,8,0,8,0,0,0,0,0,0,0,0,1,0,0,0,1.0,1.0,1.0,0.05263157894736842,0.05263157894736842,0.0,4,3,0
1205,62,24,38,27,10,6,19,16,7,0,9,0,0,0,0,0,0,0,0,1,2,0,2,0.9428571428571428,1.0,1.0,0.06666666666666667,0.06666666666666667,0.0,4,4,2
1206,62,24,38,27,10,6,19,16,7,0,9,0,0,0,0,0,0,0,0,0,0,0,0,1.0,1.0,1.0,0.0,0.0,0.0,4,0,0
1207,62,24,38,28,9,6,19,16,6,0,10,0,0,0,0,0,0,0,0,1,3,0,3,0.9189189189189189,1.0,1.0,0.04838709677419355,0.04838709677419355,0.0,4,3,3
1208,61,23,38,28,8,6,19,16,6,0,10,0,0,0,0,0,0,0,0,0,1,0,1,0.972972972972973,1.0,1.0,0.0,0.0,0.0,4,0,1
1209,59,23,36,28,6,6,19,16,6,0,10,0,0,0,0,0,0,0,0,0,2,0,2,0.9444444444444444,1.0,1.0,0.0,0.0,0.0,4,0,2
1210,59,23,36,28,6,6,19,16,6,0,10,0,0,0,0,0,0,0,0,0,0,0,0,1.0,1.0,1.0,0.0,0.0,0.0,4,0,0
1211,59,23,36,28,6,6,19,16,6,0,10,0,0,0,0,0,0,0,0,0,0,0,0,1.0,1.0,1.0,0.0,0.0,0.0,4,0,0
1212,58,22,36,27,6,6,19,16,6,0,10,0,0,0,0,0,0,0,0,0,1,0,1,0.9705882352941176,1.0,1.0,0.0,0.0,0.0,4,0,1
1213,58,22,36,27,6,6,19,16,6,0,10,0,0,0,0,0,0,0,0,0,0,1,0,1.0,1.0,1.0,0.0,0.0,0.0,4,0,0
1214,57,22,35,26,6,6,19,16,6,0,10,0,0,0,0,0,0,0,0,0,1,0,1,0.9696969696969697,1.0,1.0,0.0,0.0,0.0,4,0,1
1215,56,21,35,25,6,6,19,16,6,0,10,0,0,0,0,0,0,0,0,0,1,0,1,0.96875,1.0,1.0,0.0,0.0,0.0,4,0,1
1216,62,24,38,31,6,6,19,16,4,0,12,0,0,0,0,0,0,0,0,2,0,0,0,1.0,1.0,1.0,0.10714285714285714,0.10714285714285714,0.0,4,6,0
1217,62,24,38,31,5,7,19,16,4,0,12,0,0,0,0,0,0,0,0,0,0,0,0,1.0,1.0,1.0,0.0,0.0,0.0,4,0,0
1218,61,24,37,30,5,7,19,16,4,0,12,0,0,0,0,0,0,0,0,0,1,0,1,0.9722222222222222,1.0,1.0,0.0,0.0,0.0,4,0,1
1219,59,24,35,28,5,7,19,16,4,0,12,0,0,0,0,0,0,0,0,0,2,0,2,0.9428571428571428,1.0,1.0,0.0,0.0,0.0,4,0,2
1220,59,24,35,28,5,7,19,16,4,0,12,0,0,0,0,0,0,0,0,0,0,0,0,1.0,1.0,1.0,0.0,0.0,0.0,4,0,0
1221,58,24,34,27,5,7,19,16,4,0,12,0,0,0,0,0,0,0,0,0,1,0,1,0.9696969696969697,1.0,1.0,0.0,0.0,0.0,4,0,1
1222,58,24,34,27,5,7,19,16,4,0,12,0,0,0,0,0,0,0,0,0,0,0,0,1.0,1.0,1.0,0.0,0.0,0.0,4,0,0
1223,58,24,34,27,5,7,19,16,4,0,12,0,0,0,0,0,0,0,0,0,0,0,0,1.0,1.0,1.0,0.0,0.0,0.0,4,0,0
1224,57,23,34,26,5,7,19,16,4,0,12,0,0,0,0,0,0,0,0,0,1,0,1,0.96875,1.0,1.0,0.0,0.0,0.0,4,0,1
1225,57,23,34,26,5,7,19,16,4,0,12,0,0,0,0,0,0,0,0,0,0,0,0,1.0,1.0,1.0,0.0,0.0,0.0,4,0,0
1226,57,23,34,26,5,7,19,16,4,0,12,0,0,0,0,0,0,0,0,0,0,0,0,1.0,1.0,1.0,0.0,0.0,0.0,4,0,0
1227,56,22,34,26,4,7,19,16,4,0,12,0,0,0,0,0,0,0,0,0,1,0,1,0.967741935483871,1.0,1.0,0.0,0.0,0.0,4,0,1
1228,56,22,34,26,4,7,19,16,4,0,12,0,0,0,0,0,0,0,0,0,0,2,0,1.0,1.0,1.0,0.0,0.0,0.0,4,0,0
1229,58,24,34,28,4,7,19,16,3,0,13,0,0,0,0,0,0,0,0,1,1,0,1,0.9666666666666667,1.0,1.0,0.05357142857142857,0.05357142857142857,0.0,4,3,1
1230,57,24,33,27,4,7,19,16,3,0,13,0,0,0,0,0,0,0,0,0,1,0,1,0.96875,1.0,1.0,0.0,0.0,0.0,4,0,1
1231,57,24,33,27,4,7,19,16,3,0,13,0,0,0,0,0,0,0,0,0,0,0,0,1.0,1.0,1.0,0.0,0.0,0.0,4,0,0
1232,55,24,31,26,2,8,19,16,3,0,13,0,0,0,0,0,0,0,0,0,1,0,1,0.9333333333333333,1.0,1.0,0.0,0.0,0.0,4,0,2
1233,54,23,31,20,7,8,19,16,3,0,13,0,0,0,0,0,0,0,0,0,1,0,1,0.9642857142857143,1.0,1.0,0.0,0.0,0.0,4,0,1
1234,54,23,31,17,10,7,20,17,3,0,13,0,0,0,0,0,0,0,0,0,0,0,0,1.0,1.0,1.0,0.0,0.0,0.0,4,0,0
1235,53,23,30,16,10,7,20,17,3,0,10,0,0,0,0,0,0,0,0,0,1,0,1,0.962962962962963,1.0,1.0,0.0,0.0,0.0,4,0,1
1236,57,25,32,17,13,7,20,17,3,1,9,0,0,0,0,0,8,1,1,1,0,0,0,1.0,1.0,1.0,0.07547169811320754,0.07547169811320754,0.125,4,4,0
1237,57,25,32,17,13,7,20,17,5,1,9,0,0,0,0,0,9,2,0,0,0,0,0,1.0,1.0,1.0,0.0,0.0,0.2222222222222222,4,0,0
1238,57,25,32,17,13,7,20,17,5,1,8,0,0,0,0,0,4,0,0,0,0,0,0,1.0,1.0,1.0,0.0,0.0,0.0,4,0,0
1239,57,25,32,17,13,7,20,17,5,1,8,0,0,0,0,0,6,0,0,0,0,0,0,1.0,1.0,1.0,0.0,0.0,0.0,4,0,0
1240,59,27,32,20,12,6,21,18,5,1,9,0,0,0,0,0,5,1,0,1,1,0,1,0.9666666666666667,1.0,1.0,0.05263157894736842,0.05263157894736842,0.2,4,3,1
1241,59,27,32,18,14,6,21,18,5,1,9,0,0,0,0,0,0,0,0,0,0,0,0,1.0,1.0,1.0,0.0,0.0,0.0,4,0,0
1242,59,27,32,18,14,6,21,18,5,1,9,0,0,0,0,0,2,0,0,0,0,0,0,1.0,1.0,1.0,0.0,0.0,0.0,4,0,0
1243,58,26,32,17,14,6,21,18,6,1,8,0,0,0,0,0,8,1,0,0,1,0,1,0.96875,1.0,1.0,0.0,0.0,0.125,4,0,1
1244,57,25,32,16,14,6,21,18,7,1,8,0,0,0,0,0,8,1,0,0,1,0,1,0.967741935483871,1.0,1.0,0.0,0.0,0.125,4,0,1
1245,57,25,32,16,14,6,21,18,8,1,8,0,0,0,0,0,4,1,0,0,0,0,0,1.0,1.0,1.0,0.0,0.0,0.25,4,0,0
1246,57,25,32,16,14,6,21,18,8,1,8,0,0,0,0,0,0,0,0,0,0,0,0,1.0,1.0,1.0,0.0,0.0,0.0,4,0,0
1247,57,25,32,14,16,6,21,18,8,1,8,0,0,0,0,0,0,0,0,0,0,1,0,1.0,1.0,1.0,0.0,0.0,0.0,4,0,0
1248,57,25,32,12,18,6,21,18,8,1,8,0,0,0,0,0,0,0,0,0,0,0,0,1.0,1.0,1.0,0.0,0.0,0.0,4,0,0
1249,57,25,32,12,18,6,21,18,9,1,7,0,0,0,0,0,7,1,0,0,0,0,0,1.0,1.0,1.0,0.0,0.0,0.14285714285714285,4,0,0
1250,60,29,31,14,19,6,21,18,9,1,7,0,0,0,0,0,7,1,0,1,1,0,1,0.9666666666666667,1.0,1.0,0.07017543859649122,0.07017543859649122,0.14285714285714285,4,4,1
1251,59,28,31,14,17,7,21,18,10,1,7,0,0,0,0,0,4,1,0,0,1,0,1,0.96875,1.0,1.0,0.0,0.0,0.25,4,0,1
1252,59,28,31,14,17,7,21,18,10,1,6,0,0,0,0,0,0,0,0,0,0,0,0,1.0,1.0,1.0,0.0,0.0,0.0,4,0,0
1253,59,28,31,14,17,7,21,18,11,1,6,0,0,0,0,0,6,1,0,0,0,0,0,1.0,1.0,1.0,0.0,0.0,0.16666666666666666,4,0,0
1254,59,28,31,14,17,7,21,18,11,1,6,0,0,0,0,0,0,0,0,0,0,0,0,1.0,1.0,1.0,0.0,0.0,0.0,4,0,0
1255,59,28,31,14,17,6,22,18,11,1,6,0,0,0,0,0,0,0,0,0,0,0,0,1.0,1.0,1.0,0.0,0.0,0.0,4,0,0
1256,58,27,31,13,17,6,22,18,11,1,6,0,0,0,0,0,0,0,0,0,1,0,1,0.967741935483871,1.0,1.0,0.0,0.0,0.0,4,0,1
1257,58,27,31,13,17,5,23,18,11,1,6,0,0,0,0,0,0,0,0,0,0,0,0,1.0,1.0,1.0,0.0,0.0,0.0,4,0,0
1258,58,27,31,13,17,5,23,18,11,1,6,0,0,0,0,0,0,0,0,0,0,0,0,1.0,1.0,1.0,0.0,0.0,0.0,4,0,0
1259,57,26,31,11,18,5,23,18,11,1,6,0,0,0,0,0,0,0,0,0,1,0,1,0.9666666666666667,1.0,1.0,0.0,0.0,0.0,4,0,1
1260,57,26,31,11,18,5,23,18,11,1,6,0,0,0,0,0,0,0,0,0,0,0,0,1.0,1.0,1.0,0.0,0.0,0.0,4,0,0
1261,57,26,31,11,18,5,23,18,11,1,4,0,0,0,0,0,0,0,0,0,0,0,0,1.0,1.0,1.0,0.0,0.0,0.0,4,0,0
1262,56,26,30,11,18,5,22,17,12,1,4,0,0,0,0,0,12,2,0,0,0,0,0,1.0,1.0,0.9444444444444444,0.0,0.0,0.16666666666666666,4,0,1
1263,56,26,30,11,18,5,22,17,12,1,4,0,0,0,0,0,0,0,0,0,0,0,0,1.0,1.0,1.0,0.0,0.0,0.0,4,0,0
1264,56,26,30,11,18,5,22,17,12,1,4,0,0,0,0,0,0,0,0,0,0,0,0,1.0,1.0,1.0,0.0,0.0,0.0,4,0,0
1265,56,26,30,11,18,5,22,17,12,1,4,0,0,0,0,0,0,0,0,0,0,1,0,1.0,1.0,1.0,0.0,0.0,0.0,4,0,0
1266,55,25,30,11,17,5,22,17,12,1,4,0,0,0,0,0,0,0,0,0,1,0,1,0.9655172413793104,1.0,1.0,0.0,0.0,0.0,4,0,1
1267,55,25,30,11,17,5,22,17,12,1,4,0,0,0,0,0,0,0,0,0,0,0,0,1.0,1.0,1.0,0.0,0.0,0.0,4,0,0
1268,55,25,30,11,17,5,22,17,12,1,4,0,0,0,0,0,0,0,0,0,0,0,0,1.0,1.0,1.0,0.0,0.0,0.0,4,0,0
1269,55,25,30,11,16,6,22,17,12,1,4,0,0,0,0,0,0,0,0,0,0,0,0,1.0,1.0,1.0,0.0,0.0,0.0,4,0,0
1270,55,25,30,11,16,5,23,18,13,1,4,0,0,0,0,0,5,1,0,0,0,0,0,1.0,1.0,1.0,0.0,0.0,0.2,4,0,0
1271,54,24,30,10,16,5,23,18,13,1,4,0,0,0,0,0,0,0,0,0,1,0,1,0.962962962962963,1.0,1.0,0.0,0.0,0.0,4,0,1
1272,54,24,30,9,17,5,23,18,13,1,4,0,0,0,0,0,0,0,0,0,0,0,0,1.0,1.0,1.0,0.0,0.0,0.0,4,0,0
1273,54,24,30,9,17,5,23,18,13,1,4,0,0,0,0,0,0,0,0,0,0,0,0,1.0,1.0,1.0,0.0,0.0,0.0,4,0,0
1274,54,24,30,9,17,5,23,18,13,1,3,0,0,0,0,0,0,0,0,0,0,0,0,1.0,1.0,1.0,0.0,0.0,0.0,4,0,0
1275,53,23,30,8,17,5,23,18,13,1,3,0,0,0,0,0,4,0,0,0,1,0,1,0.9615384615384616,1.0,1.0,0.0,0.0,0.0,4,0,1
1276,53,23,30,8,17,5,23,18,14,1,3,0,0,0,0,0,2,1,0,0,0,0,0,1.0,1.0,1.0,0.0,0.0,0.5,4,0,0
1277,53,23,30,8,17,5,23,18,14,1,3,0,0,0,0,0,0,0,0,0,0,0,0,1.0,1.0,1.0,0.0,0.0,0.0,4,0,0
1278,52,22,30,7,17,5,23,18,14,1,3,0,0,0,0,0,0,0,0,0,1,0,1,0.96,1.0,1.0,0.0,0.0,0.0,4,0,1
1279,52,22,30,4,20,5,23,18,14,1,3,0,0,0,0,0,0,0,0,0,0,0,0,1.0,1.0,1.0,0.0,0.0,0.0,4,0,0
1280,52,22,30,4,20,5,23,18,14,1,3,0,0,0,0,0,0,0,0,0,0,0,0,1.0,1.0,1.0,0.0,0.0,0.0,4,0,0
1281,51,21,30,4,19,5,23,18,14,0,2,0,0,0,0,0,0,0,0,0,1,0,1,0.9583333333333334,1.0,1.0,0.0,0.0,0.0,4,0,1
1282,51,21,30,4,19,5,23,18,15,0,2,0,0,0,0,0,8,1,0,0,0,0,0,1.0,1.0,1.0,0.0,0.0,0.125,4,0,0
1283,51,21,30,1,22,5,23,18,16,0,2,0,0,0,0,0,8,1,0,0,0,0,0,1.0,1.0,1.0,0.0,0.0,0.125,4,0,0
1284,51,21,30,1,22,5,23,18,16,0,2,0,0,0,0,0,0,0,0,0,0,0,0,1.0,1.0,1.0,0.0,0.0,0.0,4,0,0
1285,51,21,30,1,22,5,23,18,16,0,1,0,0,0,0,0,0,0,0,0,0,0,0,1.0,1.0,1.0,0.0,0.0,0.0,4,0,0
1286,51,21,30,1,22,5,23,18,17,0,1,0,0,0,0,0,5,1,0,0,0,0,0,1.0,1.0,1.0,0.0,0.0,0.2,4,0,0
1287,51,21,30,1,22,5,23,18,17,0,1,0,0,0,0,0,0,0,0,0,0,0,0,1.0,1.0,1.0,0.0,0.0,0.0,4,0,0
1288,51,21,30,1,22,5,23,18,17,0,1,0,0,0,0,0,0,0,0,0,0,0,0,1.0,1.0,1.0,0.0,0.0,0.0,4,0,0
1289,51,21,30,1,22,5,23,18,17,0,1,0,0,0,0,0,0,0,0,0,0,0,0,1.0,1.0,1.0,0.0,0.0,0.0,4,0,0
1290,51,21,30,1,22,5,23,18,17,0,1,0,0,0,0,0,0,0,0,0,0,0,0,1.0,1.0,1.0,0.0,0.0,0.0,4,0,0
1291,50,20,30,1,21,5,23,18,17,0,1,0,0,0,0,0,0,0,0,0,1,0,1,0.9565217391304348,1.0,1.0,0.0,0.0,0.0,4,0,1
1292,50,20,30,1,21,5,23,18,17,0,1,0,0,0,0,0,0,0,0,0,0,0,0,1.0,1.0,1.0,0.0,0.0,0.0,4,0,0
1293,50,20,30,0,22,5,23,18,17,0,1,0,0,0,0,0,0,0,0,0,0,0,0,1.0,1.0,1.0,0.0,0.0,0.0,4,0,0
1294,50,20,30,0,22,5,23,18,17,0,1,0,0,0,0,0,0,0,0,0,0,0,0,1.0,1.0,1.0,0.0,0.0,0.0,4,0,0
1295,50,20,30,0,22,5,23,18,17,0,0,0,0,0,0,0,0,0,0,0,0,0,0,1.0,1.0,1.0,0.0,0.0,0.0,4,0,0
1296,49,20,29,0,21,5,23,18,17,0,0,0,0,0,0,0,8,0,0,0,1,0,1,0.9545454545454546,1.0,1.0,0.0,0.0,0.0,4,0,1
1297,49,20,29,0,21,5,23,18,17,0,0,0,0,0,0,0,8,0,0,0,0,0,0,1.0,1.0,1.0,0.0,0.0,0.0,4,0,0
1298,49,20,29,0,21,5,23,18,17,0,0,0,0,0,0,0,1,0,0,0,0,0,0,1.0,1.0,1.0,0.0,0.0,0.0,4,0,0
1299,49,20,29,0,21,5,23,18,17,0,0,0,0,0,0,0,4,0,0,0,0,0,0,1.0,1.0,1.0,0.0,0.0,0.0,4,0,0
1300,48,19,29,0,20,5,23,18,18,0,0,0,0,0,0,0,3,1,0,0,1,0,1,0.9523809523809523,1.0,1.0,0.0,0.0,0.3333333333333333,4,0,1
1301,52,22,30,4,20,5,23,18,17,0,1,0,0,0,0,0,0,0,0,1,0,0,0,1.0,1.0,1.0,0.08333333333333333,0.08333333333333333,0.0,4,4,0
1302,57,22,35,10,20,5,22,17,14,0,3,0,0,0,0,0,0,0,0,2,0,0,0,1.0,1.0,0.9444444444444444,0.11538461538461539,0.11538461538461539,0.0,4,6,1
1303,56,21,35,10,20,5,21,17,14,0,3,0,0,0,0,0,0,0,0,0,0,0,0,1.0,0.8,1.0,0.0,0.0,0.0,4,0,1
1304,55,20,35,10,19,5,21,17,14,0,3,0,0,0,0,0,0,0,0,0,1,0,1,0.9666666666666667,1.0,1.0,0.0,0.0,0.0,4,0,1
1305,58,23,35,14,18,5,21,17,13,0,4,0,0,0,0,0,0,0,0,1,1,0,1,0.9655172413793104,1.0,1.0,0.07272727272727272,0.07272727272727272,0.0,4,4,1
1306,58,23,35,14,18,5,21,17,13,0,4,0,0,0,0,0,0,0,0,0,0,0,0,1.0,1.0,1.0,0.0,0.0,0.0,4,0,0
1307,57,23,34,13,18,5,21,17,13,0,4,0,0,0,0,0,0,0,0,0,1,0,1,0.96875,1.0,1.0,0.0,0.0,0.0,4,0,1
1308,61,26,35,17,18,5,21,17,12,0,5,0,0,0,0,0,0,0,0,1,0,0,0,1.0,1.0,1.0,0.07017543859649122,0.07017543859649122,0.0,4,4,0
1309,61,26,35,17,18,5,21,17,12,0,5,0,0,0,0,0,0,0,0,0,0,0,0,1.0,1.0,1.0,0.0,0.0,0.0,4,0,0
1310,65,27,38,21,18,5,21,17,11,0,6,0,0,0,0,0,0,0,0,1,0,0,0,1.0,1.0,1.0,0.06557377049180328,0.06557377049180328,0.0,4,4,0
1311,64,27,37,21,17,5,21,17,11,0,6,0,0,0,0,0,0,0,0,0,1,0,1,0.9743589743589743,1.0,1.0,0.0,0.0,0.0,4,0,1
1312,63,27,36,20,17,5,21,17,11,0,6,0,0,0,0,0,0,0,0,0,1,0,1,0.9736842105263158,1.0,1.0,0.0,0.0,0.0,4,0,1
1313,62,27,35,20,16,5,21,17,11,0,6,0,0,0,0,0,0,0,0,0,1,0,1,0.972972972972973,1.0,1.0,0.0,0.0,0.0,4,0,1
1314,66,29,37,24,16,5,21,17,10,0,7,0,0,0,0,0,0,0,0,1,0,0,0,1.0,1.0,1.0,0.06451612903225806,0.06451612903225806,0.0,4,4,0
1315,68,29,39,26,16,5,21,17,9,0,8,0,0,0,0,0,0,0,0,1,2,0,2,0.95,1.0,1.0,0.06060606060606061,0.06060606060606061,0.0,4,4,2
1316,72,32,40,30,16,5,21,17,8,0,9,0,0,0,0,0,0,0,0,1,0,0,0,1.0,1.0,1.0,0.058823529411764705,0.058823529411764705,0.0,4,4,0
1317,67,29,38,27,14,5,21,17,8,0,9,0,0,0,0,0,0,0,0,0,5,0,5,0.8913043478260869,1.0,1.0,0.0,0.0,0.0,4,0,5
1318,66,28,38,26,14,5,21,17,8,0,9,0,0,0,0,0,0,0,0,0,1,0,1,0.975609756097561,1.0,1.0,0.0,0.0,0.0,4,0,1
1319,65,28,37,25,14,5,21,17,8,0,9,0,0,0,0,0,0,0,0,0,1,0,1,0.975,1.0,1.0,0.0,0.0,0.0,4,0,1
1320,63,27,36,24,13,5,21,17,8,0,9,0,0,0,0,0,0,0,0,0,2,0,2,0.9487179487179487,1.0,1.0,0.0,0.0,0.0,4,0,2
1321,62,27,35,23,13,5,21,17,8,0,9,0,0,0,0,0,0,0,0,0,1,0,1,0.972972972972973,1.0,1.0,0.0,0.0,0.0,4,0,1
1322,61,26,35,23,12,5,21,17,8,0,9,0,0,0,0,0,0,0,0,0,1,0,1,0.9722222222222222,1.0,1.0,0.0,0.0,0.0,4,0,1
1323,61,26,35,23,12,5,21,17,8,0,9,0,0,0,0,0,0,0,0,0,0,0,0,1.0,1.0,1.0,0.0,0.0,0.0,4,0,0
1324,61,26,35,23,12,5,21,17,8,0,9,0,0,0,0,0,0,0,0,0,0,0,0,1.0,1.0,1.0,0.0,0.0,0.0,4,0,0
1325,60,25,35,23,11,5,21,17,8,0,9,0,0,0,0,0,0,0,0,0,1,0,1,0.9714285714285714,1.0,1.0,0.0,0.0,0.0,4,0,1
1326,58,24,34,22,10,5,21,17,8,0,9,0,0,0,0,0,0,0,0,0,2,0,2,0.9411764705882353,1.0,1.0,0.0,0.0,0.0,4,0,2
1327,64,27,37,28,10,5,21,17,6,0,11,0,0,0,0,0,0,0,0,2,2,0,2,0.9375,1.0,1.0,0.13793103448275862,0.13793103448275862,0.0,4,8,2
1328,64,27,37,28,10,5,21,17,6,0,11,0,0,0,0,0,0,0,0,0,0,0,0,1.0,1.0,1.0,0.0,0.0,0.0,4,0,0
1329,62,27,35,26,10,5,21,17,6,0,11,0,0,0,0,0,0,0,0,0,2,0,2,0.9473684210526316,1.0,1.0,0.0,0.0,0.0,4,0,2
1330,61,26,35,25,10,5,21,17,6,0,11,0,0,0,0,0,0,0,0,0,1,0,1,0.9722222222222222,1.0,1.0,0.0,0.0,0.0,4,0,1
1331,61,26,35,25,10,5,21,17,6,0,11,0,0,0,0,0,0,0,0,0,0,0,0,1.0,1.0,1.0,0.0,0.0,0.0,4,0,0
1332,60,25,35,24,10,5,21,17,6,0,11,0,0,0,0,0,0,0,0,0,1,0,1,0.9714285714285714,1.0,1.0,0.0,0.0,0.0,4,0,1
1333,58,24,34,22,10,5,21,17,6,0,11,0,0,0,0,0,0,0,0,0,2,0,2,0.9411764705882353,1.0,1.0,0.0,0.0,0.0,4,0,2
1334,56,23,33,22,8,5,21,17,6,0,11,0,0,0,0,0,0,0,0,0,2,0,2,0.9375,1.0,1.0,0.0,0.0,0.0,4,0,2
1335,58,25,33,25,7,5,21,17,5,0,12,0,0,0,0,0,0,0,0,1,1,0,1,0.9666666666666667,1.0,1.0,0.05357142857142857,0.05357142857142857,0.0,4,3,1
1336,58,25,33,25,7,5,21,17,5,0,12,0,0,0,0,0,0,0,0,0,0,0,0,1.0,1.0,1.0,0.0,0.0,0.0,4,0,0
1337,57,24,33,24,7,5,21,17,5,0,12,0,0,0,0,0,0,0,0,0,1,0,1,0.96875,1.0,1.0,0.0,0.0,0.0,4,0,1
1338,57,24,33,24,7,5,21,17,5,0,12,0,0,0,0,0,0,0,0,0,0,0,0,1.0,1.0,1.0,0.0,0.0,0.0,4,0,0
1339,57,24,33,24,7,3,23,18,5,0,12,0,0,0,0,0,0,0,0,0,0,0,0,1.0,1.0,1.0,0.0,0.0,0.0,4,0,0
1340,55,22,33,22,7,3,23,18,5,0,12,0,0,0,0,0,0,0,0,0,2,0,2,0.935483870967742,1.0,1.0,0.0,0.0,0.0,4,0,2
1341,59,24,35,26,7,3,23,18,4,0,13,0,0,0,0,0,0,0,0,1,0,0,0,1.0,1.0,1.0,0.07272727272727272,0.07272727272727272,0.0,4,4,0
1342,59,24,35,26,7,3,23,18,4,0,13,0,0,0,0,0,0,0,0,0,0,0,0,1.0,1.0,1.0,0.0,0.0,0.0,4,0,0
1343,57,23,34,24,7,3,23,18,4,0,13,0,0,0,0,0,0,0,0,0,2,0,2,0.9393939393939394,1.0,1.0,0.0,0.0,0.0,4,0,2
1344,56,22,34,22,8,3,23,18,4,0,13,0,0,0,0,0,0,0,0,0,1,0,1,0.967741935483871,1.0,1.0,0.0,0.0,0.0,4,0,1
1345,56,22,34,21,9,3,23,18,4,0,13,0,0,0,0,0,0,0,0,0,0,0,0,1.0,1.0,1.0,0.0,0.0,0.0,4,0,0
1346,55,22,33,20,9,3,23,18,5,0,12,0,0,0,0,0,7,1,0,0,1,0,1,0.9666666666666667,1.0,1.0,0.0,0.0,0.14285714285714285,4,0,1
1347,57,24,33,22,9,3,23,18,4,0,11,0,0,0,0,0,7,0,0,1,1,0,1,0.9655172413793104,1.0,1.0,0.05454545454545454,0.05454545454545454,0.0,4,3,1
1348,61,27,34,24,11,3,23,18,4,0,12,0,0,0,0,0,4,1,0,1,0,0,0,1.0,1.0,1.0,0.07017543859649122,0.07017543859649122,0.25,4,4,0
1349,60,26,34,23,11,3,23,18,6,0,12,0,0,0,0,0,14,2,0,0,1,0,1,0.9714285714285714,1.0,1.0,0.0,0.0,0.14285714285714285,4,0,1
1350,59,26,33,23,10,3,23,18,6,0,11,0,0,0,0,0,0,0,0,0,1,0,1,0.9705882352941176,1.0,1.0,0.0,0.0,0.0,4,0,1
1351,62,29,33,26,10,3,23,18,5,0,12,0,0,0,0,0,8,0,0,1,0,0,0,1.0,1.0,1.0,0.05084745762711865,0.05084745762711865,0.0,4,3,0
1352,61,28,33,25,10,3,23,18,6,0,12,0,0,0,0,0,3,1,0,0,1,0,1,0.9722222222222222,1.0,1.0,0.0,0.0,0.3333333333333333,4,0,1
1353,59,26,33,23,10,3,23,18,6,0,11,0,0,0,0,0,0,0,0,0,2,0,2,0.9428571428571428,1.0,1.0,0.0,0.0,0.0,4,0,2
1354,57,24,33,22,9,3,23,18,7,0,11,0,0,0,0,0,7,1,0,0,2,0,2,0.9393939393939394,1.0,1.0,0.0,0.0,0.14285714285714285,4,0,2
1355,57,24,33,22,9,3,23,18,7,0,10,0,0,0,0,0,0,0,0,0,0,0,0,1.0,1.0,1.0,0.0,0.0,0.0,4,0,0
1356,57,24,33,22,9,3,23,18,7,0,10,0,0,0,0,0,2,0,0,0,0,0,0,1.0,1.0,1.0,0.0,0.0,0.0,4,0,0
1357,57,24,33,20,11,3,23,18,7,0,10,0,0,0,0,0,8,0,0,0,0,0,0,1.0,1.0,1.0,0.0,0.0,0.0,4,0,0
1358,57,24,33,17,14,3,23,18,8,0,10,0,0,0,0,0,4,1,0,0,0,0,0,1.0,1.0,1.0,0.0,0.0,0.25,4,0,0
1359,56,23,33,15,15,3,23,18,8,0,9,0,0,0,0,0,0,0,0,0,1,0,1,0.967741935483871,1.0,1.0,0.0,0.0,0.0,4,0,1
1360,56,23,33,15,15,3,23,18,8,0,8,0,0,0,0,0,2,0,0,0,0,0,0,1.0,1.0,1.0,0.0,0.0,0.0,4,0,0
1361,56,23,33,15,15,3,23,18,9,0,7,0,0,0,0,0,9,1,0,0,0,0,0,1.0,1.0,1.0,0.0,0.0,0.1111111111111111,4,0,0
1362,55,22,33,15,14,3,23,18,9,1,7,0,0,0,0,0,6,0,1,0,1,0,1,0.9666666666666667,1.0,1.0,0.0,0.0,0.0,4,0,1
1363,54,21,33,15,13,3,23,18,10,1,7,0,0,0,0,0,5,1,0,0,1,0,1,0.9655172413793104,1.0,1.0,0.0,0.0,0.2,4,0,1
1364,54,21,33,15,13,3,23,18,10,1,7,0,0,0,0,0,0,0,0,0,0,0,0,1.0,1.0,1.0,0.0,0.0,0.0,4,0,0
1365,57,21,36,18,13,3,23,18,9,1,8,0,0,0,0,0,0,0,0,1,0,0,0,1.0,1.0,1.0,0.05555555555555555,0.05555555555555555,0.0,4,3,0
1366,57,21,36,18,13,3,23,18,9,1,8,0,0,0,0,0,0,0,0,0,0,0,0,1.0,1.0,1.0,0.0,0.0,0.0,4,0,0
1367,56,21,35,18,12,2,24,18,9,1,8,0,0,0,0,0,0,0,0,0,1,0,1,0.967741935483871,1.0,1.0,0.0,0.0,0.0,4,0,1
1368,56,21,35,18,12,2,24,18,9,1,8,0,0,0,0,0,0,0,0,0,0,0,0,1.0,1.0,1.0,0.0,0.0,0.0,4,0,0
1369,56,21,35,18,12,2,24,18,9,1,8,0,0,0,0,0,0,0,0,0,0,0,0,1.0,1.0,1.0,0.0,0.0,0.0,4,0,0
1370,55,21,34,15,15,2,23,17,8,1,8,0,0,0,0,0,0,0,0,0,0,1,0,1.0,1.0,0.9444444444444444,0.0,0.0,0.0,4,0,1
1371,54,20,34,15,15,2,22,17,8,1,8,0,0,0,0,0,0,0,0,0,0,0,0,1.0,0.8333333333333334,1.0,0.0,0.0,0.0,4,0,1
1372,53,20,33,14,15,2,22,17,8,1,6,0,0,0,0,0,0,0,0,0,1,0,1,0.9666666666666667,1.0,1.0,0.0,0.0,0.0,4,0,1
1373,51,20,31,13,14,2,22,17,10,1,6,0,0,0,0,0,11,2,0,0,2,0,2,0.9310344827586207,1.0,1.0,0.0,0.0,0.18181818181818182,4,0,2
1374,49,18,31,12,13,3,21,17,10,1,6,0,0,0,0,0,0,0,0,0,1,0,1,0.9615384615384616,0.8,1.0,0.0,0.0,0.0,4,0,2
1375,49,18,31,12,13,3,21,17,10,1,6,0,0,0,0,0,0,0,0,0,0,0,0,1.0,1.0,1.0,0.0,0.0,0.0,4,0,0
1376,49,18,31,12,13,3,21,17,10,1,6,0,0,0,0,0,0,0,0,0,0,0,0,1.0,1.0,1.0,0.0,0.0,0.0,4,0,0
1377,48,18,30,11,13,3,21,17,10,1,6,0,0,0,0,0,0,0,0,0,1,0,1,0.96,1.0,1.0,0.0,0.0,0.0,4,0,1
1378,47,18,29,10,14,3,20,16,10,1,5,0,0,0,0,0,0,0,0,0,0,0,0,1.0,1.0,0.9411764705882353,0.0,0.0,0.0,4,0,1
1379,47,18,29,10,14,3,20,16,10,1,5,0,0,0,0,0,0,0,0,0,0,0,0,1.0,1.0,1.0,0.0,0.0,0.0,4,0,0
1380,47,18,29,10,14,3,20,16,10,1,4,0,0,0,0,0,0,0,0,0,0,0,0,1.0,1.0,1.0,0.0,0.0,0.0,4,0,0
1381,46,18,28,10,14,3,19,15,10,1,4,0,0,0,0,0,4,1,0,0,0,0,0,1.0,1.0,0.9375,0.0,0.0,0.25,4,0,1
1382,46,18,28,10,14,3,19,15,10,1,4,0,0,0,0,0,0,0,0,0,0,0,0,1.0,1.0,1.0,0.0,0.0,0.0,4,0,0
1383,46,18,28,10,14,3,19,15,10,1,4,0,0,0,0,0,0,0,0,0,0,0,0,1.0,1.0,1.0,0.0,0.0,0.0,4,0,0
1384,46,18,28,7,17,3,19,15,10,1,4,0,0,0,0,0,0,0,0,0,0,1,0,1.0,1.0,1.0,0.0,0.0,0.0,4,0,0
1385,45,18,27,7,16,3,19,15,10,1,4,0,0,0,0,0,0,0,0,0,1,0,1,0.9583333333333334,1.0,1.0,0.0,0.0,0.0,4,0,1
1386,45,18,27,7,16,2,20,15,10,1,3,0,0,0,0,0,0,0,0,0,0,0,0,1.0,1.0,1.0,0.0,0.0,0.0,4,0,0
1387,45,18,27,7,16,2,20,15,11,1,3,0,0,0,0,0,2,1,0,0,0,0,0,1.0,1.0,1.0,0.0,0.0,0.5,4,0,0
1388,45,18,27,7,15,3,20,15,11,1,3,0,0,0,0,0,0,0,0,0,0,0,0,1.0,1.0,1.0,0.0,0.0,0.0,4,0,0
1389,45,18,27,7,15,3,20,15,11,1,3,0,0,0,0,0,0,0,0,0,0,0,0,1.0,1.0,1.0,0.0,0.0,0.0,4,0,0
1390,45,18,27,5,17,3,20,15,11,1,3,0,0,0,0,0,0,0,0,0,0,0,0,1.0,1.0,1.0,0.0,0.0,0.0,4,0,0
1391,45,18,27,2,20,3,20,15,11,1,3,0,0,0,0,0,0,0,0,0,0,0,0,1.0,1.0,1.0,0.0,0.0,0.0,4,0,0
1392,45,18,27,2,20,3,20,15,11,1,2,0,0,0,0,0,0,0,0,0,0,0,0,1.0,1.0,1.0,0.0,0.0,0.0,4,0,0
1393,44,17,27,2,19,3,20,15,12,1,1,0,0,0,0,0,4,1,0,0,1,0,1,0.9545454545454546,1.0,1.0,0.0,0.0,0.25,4,0,1
1394,44,17,27,1,20,3,20,15,12,2,1,0,0,0,0,0,5,0,1,0,0,0,0,1.0,1.0,1.0,0.0,0.0,0.0,4,0,0
1395,44,17,27,1,20,3,20,15,12,2,1,0,0,0,0,0,0,0,0,0,0,0,0,1.0,1.0,1.0,0.0,0.0,0.0,4,0,0
1396,44,17,27,1,20,3,20,15,12,2,0,0,0,0,0,0,0,0,0,0,0,0,0,1.0,1.0,1.0,0.0,0.0,0.0,4,0,0
1397,44,17,27,1,20,3,20,15,12,2,0,0,0,0,0,0,0,0,0,0,0,0,0,1.0,1.0,1.0,0.0,0.0,0.0,4,0,0
1398,44,17,27,1,20,3,20,15,12,2,0,0,0,0,0,0,0,0,0,0,0,0,0,1.0,1.0,1.0,0.0,0.0,0.0,4,0,0
1399,44,17,27,1,20,3,20,15,12,2,0,0,0,0,0,0,0,0,0,0,0,0,0,1.0,1.0,1.0,0.0,0.0,0.0,4,0,0
1400,44,17,27,1,20,3,20,15,12,2,0,0,0,0,0,0,0,0,0,0,0,0,0,1.0,1.0,1.0,0.0,0.0,0.0,4,0,0
1401,43,17,26,1,20,3,19,14,11,2,0,0,0,0,0,0,0,0,0,0,0,0,0,1.0,1.0,0.9333333333333333,0.0,0.0,0.0,4,0,1
1402,43,17,26,1,20,3,19,14,11,2,0,0,0,0,0,0,0,0,0,0,0,0,0,1.0,1.0,1.0,0.0,0.0,0.0,4,0,0
1403,42,17,25,1,20,3,18,13,10,2,0,0,0,0,0,0,0,0,0,0,0,0,0,1.0,1.0,0.9285714285714286,0.0,0.0,0.0,4,0,1
1404,42,17,25,1,20,3,18,13,10,2,0,0,0,0,0,0,0,0,0,0,0,0,0,1.0,1.0,1.0,0.0,0.0,0.0,4,0,0
1405,41,16,25,1,19,3,18,13,10,2,0,0,0,0,0,0,0,0,0,0,1,0,1,0.9523809523809523,1.0,1.0,0.0,0.0,0.0,4,0,1
1406,41,16,25,1,19,3,18,13,10,2,0,0,0,0,0,0,0,0,0,0,0,0,0,1.0,1.0,1.0,0.0,0.0,0.0,4,0,0
1407,41,16,25,1,19,3,18,13,10,1,0,0,0,0,0,0,0,0,0,0,0,0,0,1.0,1.0,1.0,0.0,0.0,0.0,4,0,0
1408,40,15,25,0,19,3,18,13,10,1,0,0,0,0,0,0,0,0,0,0,1,0,1,0.95,1.0,1.0,0.0,0.0,0.0,4,0,1
1409,39,14,25,0,18,3,18,13,10,1,0,0,0,0,0,0,0,0,0,0,1,0,1,0.9473684210526316,1.0,1.0,0.0,0.0,0.0,4,0,1
1410,39,14,25,0,18,3,18,13,10,1,0,0,0,0,0,0,0,0,0,0,0,0,0,1.0,1.0,1.0,0.0,0.0,0.0,4,0,0
1411,42,15,27,3,18,3,18,13,9,1,1,0,0,0,0,0,0,0,0,1,0,0,0,1.0,1.0,1.0,0.07692307692307693,0.07692307692307693,0.0,4,3,0
1412,42,15,27,3,18,3,18,13,9,1,1,0,0,0,0,0,0,0,0,0,0,0,0,1.0,1.0,1.0,0.0,0.0,0.0,4,0,0
1413,46,17,29,7,18,3,18,13,8,1,2,0,0,0,0,0,0,0,0,1,0,0,0,1.0,1.0,1.0,0.09523809523809523,0.09523809523809523,0.0,4,4,0
1414,50,19,31,11,18,3,18,13,7,1,3,0,0,0,0,0,0,0,0,1,0,0,0,1.0,1.0,1.0,0.08695652173913043,0.08695652173913043,0.0,4,4,0
1415,50,19,31,11,18,3,18,13,7,1,3,0,0,0,0,0,0,0,0,0,0,0,0,1.0,1.0,1.0,0.0,0.0,0.0,4,0,0
1416,49,19,30,10,18,3,18,13,7,1,3,0,0,0,0,0,0,0,0,0,1,0,1,0.9655172413793104,1.0,1.0,0.0,0.0,0.0,4,0,1
1417,53,22,31,14,18,3,18,13,6,1,4,0,0,0,0,0,0,0,0,1,0,0,0,1.0,1.0,1.0,0.08163265306122448,0.08163265306122448,0.0,4,4,0
1418,53,22,31,14,18,3,18,13,6,1,4,0,0,0,0,0,0,0,0,0,0,0,0,1.0,1.0,1.0,0.0,0.0,0.0,4,0,0
1419,53,22,31,14,18,3,18,13,6,1,4,0,0,0,0,0,0,0,0,0,0,0,0,1.0,1.0,1.0,0.0,0.0,0.0,4,0,0
1420,49,21,28,12,17,3,17,12,6,1,4,0,0,0,0,0,0,0,0,0,3,0,3,0.90625,1.0,0.9230769230769231,0.0,0.0,0.0,4,0,4
1421,48,20,28,12,16,3,17,12,6,1,4,0,0,0,0,0,0,0,0,0,1,0,1,0.9655172413793104,1.0,1.0,0.0,0.0,0.0,4,0,1
1422,48,20,28,12,16,3,17,12,6,1,4,0,0,0,0,0,0,0,0,0,0,0,0,1.0,1.0,1.0,0.0,0.0,0.0,4,0,0
1423,52,22,30,16,16,3,17,12,5,1,5,0,0,0,0,0,0,0,0,1,0,0,0,1.0,1.0,1.0,0.08333333333333333,0.08333333333333333,0.0,4,4,0
1424,52,22,30,16,16,3,17,12,5,1,5,0,0,0,0,0,0,0,0,0,0,0,0,1.0,1.0,1.0,0.0,0.0,0.0,4,0,0
1425,52,22,30,16,16,3,17,12,5,1,5,0,0,0,0,0,0,0,0,0,0,0,0,1.0,1.0,1.0,0.0,0.0,0.0,4,0,0
1426,48,22,26,14,14,3,17,12,5,1,5,0,0,0,0,0,0,0,0,0,4,0,4,0.875,1.0,1.0,0.0,0.0,0.0,4,0,4
1427,48,22,26,14,14,3,17,12,5,1,5,0,0,0,0,0,0,0,0,0,0,0,0,1.0,1.0,1.0,0.0,0.0,0.0,4,0,0
1428,51,24,27,17,14,3,17,12,4,1,6,0,0,0,0,0,0,0,0,1,0,0,0,1.0,1.0,1.0,0.0625,0.0625,0.0,4,3,0
1429,51,24,27,17,14,3,17,12,4,1,6,0,0,0,0,0,0,0,0,0,0,0,0,1.0,1.0,1.0,0.0,0.0,0.0,4,0,0
1430,51,24,27,17,14,3,17,12,4,1,6,0,0,0,0,0,0,0,0,0,0,1,0,1.0,1.0,1.0,0.0,0.0,0.0,4,0,0
1431,51,24,27,17,14,3,17,12,4,1,6,0,0,0,0,0,0,0,0,0,0,0,0,1.0,1.0,1.0,0.0,0.0,0.0,4,0,0
1432,51,24,27,17,14,3,17,12,4,1,6,0,0,0,0,0,0,0,0,0,0,0,0,1.0,1.0,1.0,0.0,0.0,0.0,4,0,0
1433,51,24,27,17,14,3,17,12,4,1,6,0,0,0,0,0,0,0,0,0,0,0,0,1.0,1.0,1.0,0.0,0.0,0.0,4,0,0
1434,50,23,27,17,13,4,16,12,4,1,6,0,0,0,0,0,0,0,0,0,0,0,0,1.0,0.8,1.0,0.0,0.0,0.0,4,0,1
1435,50,23,27,17,13,4,16,12,4,1,6,0,0,0,0,0,0,0,0,0,0,0,0,1.0,1.0,1.0,0.0,0.0,0.0,4,0,0
1436,49,23,26,17,12,4,16,12,4,1,6,0,0,0,0,0,0,0,0,0,1,0,1,0.9666666666666667,1.0,1.0,0.0,0.0,0.0,4,0,1
1437,48,22,26,16,12,4,16,12,4,1,6,0,0,0,0,0,0,0,0,0,1,0,1,0.9655172413793104,1.0,1.0,0.0,0.0,0.0,4,0,1
1438,52,22,30,20,12,4,16,12,3,1,7,0,0,0,0,0,0,0,0,1,0,0,0,1.0,1.0,1.0,0.08333333333333333,0.08333333333333333,0.0,4,4,0
1439,50,21,29,20,11,3,16,12,3,0,7,0,0,0,0,0,0,0,0,0,1,0,1,0.96875,1.0,1.0,0.0,0.0,0.0,4,0,2
1440,50,21,29,20,11,3,16,12,3,0,7,0,0,0,0,0,0,0,0,0,0,0,0,1.0,1.0,1.0,0.0,0.0,0.0,4,0,0
1441,50,21,29,20,11,3,16,12,3,0,7,0,0,0,0,0,0,0,0,0,0,0,0,1.0,1.0,1.0,0.0,0.0,0.0,4,0,0
1442,50,21,29,20,11,3,16,12,3,0,7,0,0,0,0,0,0,0,0,0,0,0,0,1.0,1.0,1.0,0.0,0.0,0.0,4,0,0
1443,49,21,28,20,10,3,16,12,3,0,7,0,0,0,0,0,0,0,0,0,1,0,1,0.967741935483871,1.0,1.0,0.0,0.0,0.0,4,0,1
1444,49,21,28,20,10,3,16,12,3,0,7,0,0,0,0,0,0,0,0,0,0,0,0,1.0,1.0,1.0,0.0,0.0,0.0,4,0,0
1445,49,21,28,20,10,3,16,12,3,0,7,0,0,0,0,0,0,0,0,0,0,0,0,1.0,1.0,1.0,0.0,0.0,0.0,4,0,0
1446,53,22,31,24,10,3,16,12,2,0,8,0,0,0,0,0,0,0,0,1,0,0,0,1.0,1.0,1.0,0.08163265306122448,0.08163265306122448,0.0,4,4,0
1447,53,22,31,24,10,3,16,12,2,0,8,0,0,0,0,0,0,0,0,0,0,0,0,1.0,1.0,1.0,0.0,0.0,0.0,4,0,0
1448,52,21,31,23,10,3,16,12,2,0,8,0,0,0,0,0,0,0,0,0,1,0,1,0.9705882352941176,1.0,1.0,0.0,0.0,0.0,4,0,1
1449,52,21,31,23,10,3,16,12,2,0,8,0,0,0,0,0,0,0,0,0,0,0,0,1.0,1.0,1.0,0.0,0.0,0.0,4,0,0
1450,52,21,31,23,10,3,16,12,2,0,8,0,0,0,0,0,0,0,0,0,0,0,0,1.0,1.0,1.0,0.0,0.0,0.0,4,0,0
1451,52,21,31,23,10,3,16,12,2,0,8,0,0,0,0,0,0,0,0,0,0,0,0,1.0,1.0,1.0,0.0,0.0,0.0,4,0,0
1452,56,24,32,27,10,3,16,12,1,0,9,0,0,0,0,0,0,0,0,1,0,0,0,1.0,1.0,1.0,0.07692307692307693,0.07692307692307693,0.0,4,4,0
1453,55,23,32,27,9,3,16,12,1,0,9,0,0,0,0,0,0,0,0,0,1,0,1,0.972972972972973,1.0,1.0,0.0,0.0,0.0,4,0,1
1454,55,23,32,26,10,3,16,12,1,0,9,0,0,0,0,0,0,0,0,0,0,0,0,1.0,1.0,1.0,0.0,0.0,0.0,4,0,0
1455,54,22,32,26,10,2,16,12,1,0,9,0,0,0,0,0,0,0,0,0,0,0,0,1.0,1.0,1.0,0.0,0.0,0.0,4,0,1
1456,54,22,32,24,12,2,16,12,1,0,8,0,0,0,0,0,0,0,0,0,0,0,0,1.0,1.0,1.0,0.0,0.0,0.0,4,0,0
1457,53,21,32,20,15,2,16,12,1,0,8,0,0,0,0,0,0,0,0,0,1,0,1,0.9722222222222222,1.0,1.0,0.0,0.0,0.0,4,0,1
1458,57,23,34,24,15,2,16,12,0,0,8,0,0,0,0,0,0,0,0,1,0,0,0,1.0,1.0,1.0,0.07547169811320754,0.07547169811320754,0.0,4,4,0
1459,56,22,34,24,14,2,16,12,0,0,7,0,0,0,0,0,0,0,0,0,1,0,1,0.9743589743589743,1.0,1.0,0.0,0.0,0.0,4,0,1
1460,56,22,34,21,17,2,16,12,0,0,7,0,0,0,0,0,0,0,0,0,0,0,0,1.0,1.0,1.0,0.0,0.0,0.0,4,0,0
1461,56,22,34,21,17,2,16,12,0,0,7,0,0,0,0,0,0,0,0,0,0,0,0,1.0,1.0,1.0,0.0,0.0,0.0,4,0,0
1462,56,22,34,21,17,2,16,12,0,0,6,0,0,0,0,0,0,0,0,0,0,0,0,1.0,1.0,1.0,0.0,0.0,0.0,4,0,0
1463,56,22,34,21,17,2,16,12,0,0,6,0,0,0,0,0,0,0,0,0,0,0,0,1.0,1.0,1.0,0.0,0.0,0.0,4,0,0
1464,55,22,33,20,17,2,16,12,0,0,6,0,0,0,0,0,0,0,0,0,1,0,1,0.9736842105263158,1.0,1.0,0.0,0.0,0.0,4,0,1
1465,55,22,33,20,17,2,16,12,0,0,6,0,0,0,0,0,0,0,0,0,0,0,0,1.0,1.0,1.0,0.0,0.0,0.0,4,0,0
1466,55,22,33,17,20,2,16,12,0,0,6,0,0,0,0,0,0,0,0,0,0,0,0,1.0,1.0,1.0,0.0,0.0,0.0,4,0,0
1467,55,22,33,17,20,2,16,12,0,0,6,0,0,0,0,0,0,0,0,0,0,0,0,1.0,1.0,1.0,0.0,0.0,0.0,4,0,0
1468,55,22,33,17,20,2,16,12,0,0,5,0,0,0,0,0,0,0,0,0,0,0,0,1.0,1.0,1.0,0.0,0.0,0.0,4,0,0
1469,54,22,32,16,20,2,16,12,0,0,5,0,0,0,0,0,0,0,0,0,1,0,1,0.972972972972973,1.0,1.0,0.0,0.0,0.0,4,0,1
1470,54,22,32,16,20,2,16,12,0,0,5,0,0,0,0,0,0,0,0,0,0,0,0,1.0,1.0,1.0,0.0,0.0,0.0,4,0,0
1471,54,22,32,13,23,2,16,12,0,0,5,0,0,0,0,0,0,0,0,0,0,0,0,1.0,1.0,1.0,0.0,0.0,0.0,4,0,0
1472,54,22,32,13,23,2,16,12,0,0,5,0,0,0,0,0,0,0,0,0,0,0,0,1.0,1.0,1.0,0.0,0.0,0.0,4,0,0
1473,54,22,32,13,23,2,16,12,0,0,4,0,0,0,0,0,0,0,0,0,0,0,0,1.0,1.0,1.0,0.0,0.0,0.0,4,0,0
1474,54,22,32,13,23,2,16,12,0,0,4,0,0,0,0,0,0,0,0,0,0,0,0,1.0,1.0,1.0,0.0,0.0,0.0,4,0,0
1475,54,22,32,13,23,2,16,12,0,0,4,0,0,0,0,0,0,0,0,0,0,0,0,1.0,1.0,1.0,0.0,0.0,0.0,4,0,0
1476,54,22,32,13,23,2,16,12,0,0,4,0,0,0,0,0,0,0,0,0,0,0,0,1.0,1.0,1.0,0.0,0.0,0.0,4,0,0
1477,53,22,31,12,23,2,16,12,0,0,4,0,0,0,0,0,0,0,0,0,1,0,1,0.9722222222222222,1.0,1.0,0.0,0.0,0.0,4,0,1
1478,52,22,30,11,23,2,16,12,0,0,4,0,0,0,0,0,0,0,0,0,1,0,1,0.9714285714285714,1.0,1.0,0.0,0.0,0.0,4,0,1
1479,52,22,30,11,23,2,16,12,0,0,4,0,0,0,0,0,0,0,0,0,0,0,0,1.0,1.0,1.0,0.0,0.0,0.0,4,0,0
1480,51,21,30,11,22,2,16,12,0,0,4,0,0,0,0,0,0,0,0,0,1,0,1,0.9705882352941176,1.0,1.0,0.0,0.0,0.0,4,0,1
1481,51,21,30,10,23,2,16,12,0,0,4,0,0,0,0,0,0,0,0,0,0,0,0,1.0,1.0,1.0,0.0,0.0,0.0,4,0,0
1482,50,20,30,10,22,2,16,12,0,0,4,0,0,0,0,0,0,0,0,0,1,1,1,0.9696969696969697,1.0,1.0,0.0,0.0,0.0,4,0,1
1483,48,20,28,10,21,2,15,11,0,0,3,0,0,0,0,0,0,0,0,0,1,0,1,0.96875,1.0,0.9166666666666666,0.0,0.0,0.0,4,0,2
1484,47,20,27,10,20,2,15,11,0,0,3,0,0,0,0,0,0,0,0,0,1,0,1,0.967741935483871,1.0,1.0,0.0,0.0,0.0,4,0,1
1485,45,19,26,10,19,2,14,11,0,0,3,0,0,0,0,0,0,0,0,0,1,0,1,0.9666666666666667,0.75,1.0,0.0,0.0,0.0,4,0,2
1486,45,19,26,10,18,3,14,11,0,0,3,0,0,0,0,0,0,0,0,0,0,0,0,1.0,1.0,1.0,0.0,0.0,0.0,4,0,0
1487,45,19,26,10,18,3,14,11,0,0,3,0,0,0,0,0,0,0,0,0,0,0,0,1.0,1.0,1.0,0.0,0.0,0.0,4,0,0
1488,45,19,26,10,18,3,14,11,0,0,3,0,0,0,0,0,0,0,0,0,0,0,0,1.0,1.0,1.0,0.0,0.0,0.0,4,0,0
1489,45,19,26,7,21,3,14,11,0,0,3,0,0,0,0,0,0,0,0,0,0,0,0,1.0,1.0,1.0,0.0,0.0,0.0,4,0,0
1490,45,19,26,7,21,3,14,11,3,0,3,0,0,0,0,0,19,3,0,0,0,0,0,1.0,1.0,1.0,0.0,0.0,0.15789473684210525,4,0,0
1491,45,19,26,7,21,3,14,11,6,1,2,0,0,0,0,0,10,3,1,0,0,0,0,1.0,1.0,1.0,0.0,0.0,0.3,4,0,0
1492,45,19,26,7,21,3,14,11,8,1,2,0,0,0,0,0,13,2,0,0,0,0,0,1.0,1.0,1.0,0.0,0.0,0.15384615384615385,4,0,0
1493,45,19,26,7,21,3,14,11,8,1,2,0,0,0,0,0,0,0,0,0,0,0,0,1.0,1.0,1.0,0.0,0.0,0.0,4,0,0
1494,45,19,26,7,21,3,14,11,8,1,2,0,0,0,0,0,0,0,0,0,0,1,0,1.0,1.0,1.0,0.0,0.0,0.0,4,0,0
1495,44,18,26,4,23,3,14,11,8,1,2,0,0,0,0,0,0,0,0,0,1,0,1,0.9642857142857143,1.0,1.0,0.0,0.0,0.0,4,0,1
1496,44,18,26,4,23,3,14,11,8,1,2,0,0,0,0,0,0,0,0,0,0,1,0,1.0,1.0,1.0,0.0,0.0,0.0,4,0,0
1497,44,18,26,4,23,3,14,11,8,1,1,0,0,0,0,0,0,0,0,0,0,0,0,1.0,1.0,1.0,0.0,0.0,0.0,4,0,0
1498,44,18,26,4,22,4,14,11,8,1,1,0,0,0,0,0,1,0,0,0,0,0,0,1.0,1.0,1.0,0.0,0.0,0.0,4,0,0
1499,44,18,26,4,22,4,14,11,9,1,1,0,0,0,0,0,6,1,0,0,0,0,0,1.0,1.0,1.0,0.0,0.0,0.16666666666666666,4,0,0
1500,44,18,26,4,21,5,14,11,9,1,1,0,0,0,0,0,0,0,0,0,0,0,0,1.0,1.0,1.0,0.0,0.0,0.0,4,0,0
1501,44,18,26,0,25,5,14,11,9,1,1,0,0,0,0,0,0,0,0,0,0,0,0,1.0,1.0,1.0,0.0,0.0,0.0,4,0,0
1502,44,18,26,0,25,5,14,11,9,1,1,0,0,0,0,0,0,0,0,0,0,0,0,1.0,1.0,1.0,0.0,0.0,0.0,4,0,0
1503,44,18,26,0,25,5,14,11,9,1,0,0,0,0,0,0,0,0,0,0,0,0,0,1.0,1.0,1.0,0.0,0.0,0.0,4,0,0
1504,44,18,26,0,25,5,14,11,10,1,0,0,0,0,0,0,4,1,0,0,0,0,0,1.0,1.0,1.0,0.0,0.0,0.25,4,0,0
1505,44,18,26,0,25,5,14,11,10,1,0,0,0,0,0,0,0,0,0,0,0,0,0,1.0,1.0,1.0,0.0,0.0,0.0,4,0,0
1506,43,18,25,0,24,5,14,11,10,1,0,0,0,0,0,0,0,0,0,0,1,0,1,0.96,1.0,1.0,0.0,0.0,0.0,4,0,1
1507,43,18,25,0,24,5,14,11,10,1,0,0,0,0,0,0,0,0,0,0,0,2,0,1.0,1.0,1.0,0.0,0.0,0.0,4,0,0
1508,43,18,25,0,24,5,14,11,10,1,0,0,0,0,0,0,0,0,0,0,0,0,0,1.0,1.0,1.0,0.0,0.0,0.0,4,0,0
1509,42,17,25,0,23,5,14,11,10,1,0,0,0,0,0,0,0,0,0,0,1,0,1,0.9583333333333334,1.0,1.0,0.0,0.0,0.0,4,0,1
1510,42,17,25,0,23,5,14,11,10,1,0,0,0,0,0,0,0,0,0,0,0,0,0,1.0,1.0,1.0,0.0,0.0,0.0,4,0,0
1511,41,17,24,0,20,7,14,11,10,1,0,0,0,0,0,0,0,0,0,0,1,0,1,0.9523809523809523,1.0,1.0,0.0,0.0,0.0,4,0,1
1512,41,17,24,0,20,7,14,11,10,1,0,0,0,0,0,0,0,0,0,0,0,0,0,1.0,1.0,1.0,0.0,0.0,0.0,4,0,0
1513,41,17,24,0,20,7,14,11,10,1,0,0,0,0,0,0,0,0,0,0,0,0,0,1.0,1.0,1.0,0.0,0.0,0.0,4,0,0
1514,41,17,24,0,20,7,14,11,10,1,0,0,0,0,0,0,0,0,0,0,0,0,0,1.0,1.0,1.0,0.0,0.0,0.0,4,0,0
1515,40,17,23,0,19,7,14,11,10,1,0,0,0,0,0,0,0,0,0,0,1,0,1,0.95,1.0,1.0,0.0,0.0,0.0,4,0,1
1516,40,17,23,0,19,7,14,11,10,1,0,0,0,0,0,0,0,0,0,0,0,0,0,1.0,1.0,1.0,0.0,0.0,0.0,4,0,0
1517,40,17,23,0,19,7,14,11,10,1,0,0,0,0,0,0,0,0,0,0,0,0,0,1.0,1.0,1.0,0.0,0.0,0.0,4,0,0
1518,40,17,23,0,19,7,14,11,10,1,0,0,0,0,0,0,0,0,0,0,0,0,0,1.0,1.0,1.0,0.0,0.0,0.0,4,0,0
1519,40,17,23,0,19,7,14,11,10,1,0,0,0,0,0,0,0,0,0,0,0,0,0,1.0,1.0,1.0,0.0,0.0,0.0,4,0,0
1520,40,17,23,0,19,7,14,11,10,1,0,0,0,0,0,0,0,0,0,0,0,0,0,1.0,1.0,1.0,0.0,0.0,0.0,4,0,0
1521,40,17,23,0,19,7,14,11,10,1,0,0,0,0,0,0,0,0,0,0,0,0,0,1.0,1.0,1.0,0.0,0.0,0.0,4,0,0
1522,40,17,23,0,19,7,14,11,10,1,0,0,0,0,0,0,0,0,0,0,0,0,0,1.0,1.0,1.0,0.0,0.0,0.0,4,0,0
1523,40,17,23,0,19,7,14,11,10,1,0,0,0,0,0,0,0,0,0,0,0,0,0,1.0,1.0,1.0,0.0,0.0,0.0,4,0,0
1524,40,17,23,0,19,7,14,11,10,1,0,0,0,0,0,0,0,0,0,0,0,0,0,1.0,1.0,1.0,0.0,0.0,0.0,4,0,0
1525,40,17,23,0,19,7,14,11,10,1,0,0,0,0,0,0,0,0,0,0,0,0,0,1.0,1.0,1.0,0.0,0.0,0.0,4,0,0
1526,40,17,23,0,19,7,14,11,10,1,0,0,0,0,0,0,0,0,0,0,0,0,0,1.0,1.0,1.0,0.0,0.0,0.0,4,0,0
1527,40,17,23,0,19,6,15,12,10,1,0,0,0,0,0,0,0,0,0,0,0,1,0,1.0,1.0,1.0,0.0,0.0,0.0,4,0,0
1528,40,17,23,0,19,6,15,12,10,1,0,0,0,0,0,0,0,0,0,0,0,1,0,1.0,1.0,1.0,0.0,0.0,0.0,4,0,0
1529,40,17,23,0,19,6,15,12,11,1,0,0,0,0,0,0,6,1,0,0,0,0,0,1.0,1.0,1.0,0.0,0.0,0.16666666666666666,4,0,0
1530,40,17,23,0,19,6,15,12,11,1,0,0,0,0,0,0,0,0,0,0,0,0,0,1.0,1.0,1.0,0.0,0.0,0.0,4,0,0
1531,40,17,23,0,18,7,15,12,11,1,0,0,0,0,0,0,0,0,0,0,0,0,0,1.0,1.0,1.0,0.0,0.0,0.0,4,0,0
1532,40,17,23,0,17,8,15,12,11,1,0,0,0,0,0,0,0,0,0,0,0,0,0,1.0,1.0,1.0,0.0,0.0,0.0,4,0,0
1533,40,17,23,0,17,8,15,12,11,1,0,0,0,0,0,0,0,0,0,0,0,0,0,1.0,1.0,1.0,0.0,0.0,0.0,4,0,0
1534,40,17,23,0,17,8,15,12,11,1,0,0,0,0,0,0,0,0,0,0,0,0,0,1.0,1.0,1.0,0.0,0.0,0.0,4,0,0
1535,40,17,23,0,17,8,15,12,11,1,0,0,0,0,0,0,0,0,0,0,0,0,0,1.0,1.0,1.0,0.0,0.0,0.0,4,0,0
1536,39,17,22,0,16,8,15,12,11,0,0,0,0,0,0,0,0,0,0,0,1,0,1,0.9411764705882353,1.0,1.0,0.0,0.0,0.0,4,0,1
1537,39,17,22,0,16,8,15,12,12,0,0,0,0,0,0,0,7,1,0,0,0,0,0,1.0,1.0,1.0,0.0,0.0,0.14285714285714285,4,0,0
1538,39,17,22,0,16,8,15,12,12,0,0,0,0,0,0,0,0,0,0,0,0,0,0,1.0,1.0,1.0,0.0,0.0,0.0,4,0,0
1539,39,17,22,0,16,8,15,12,12,0,0,0,0,0,0,0,0,0,0,0,0,0,0,1.0,1.0,1.0,0.0,0.0,0.0,4,0,0
1540,39,17,22,0,16,8,15,12,12,0,0,0,0,0,0,0,0,0,0,0,0,0,0,1.0,1.0,1.0,0.0,0.0,0.0,4,0,0
1541,39,17,22,0,16,8,15,12,12,0,0,0,0,0,0,0,0,0,0,0,0,0,0,1.0,1.0,1.0,0.0,0.0,0.0,4,0,0
1542,39,17,22,0,16,8,15,12,12,0,0,0,0,0,0,0,0,0,0,0,0,0,0,1.0,1.0,1.0,0.0,0.0,0.0,4,0,0
1543,39,17,22,0,16,8,15,12,12,0,0,0,0,0,0,0,0,0,0,0,0,0,0,1.0,1.0,1.0,0.0,0.0,0.0,4,0,0
1544,39,17,22,0,16,8,15,12,12,0,0,0,0,0,0,0,0,0,0,0,0,0,0,1.0,1.0,1.0,0.0,0.0,0.0,4,0,0
1545,39,17,22,0,16,8,15,12,12,0,0,0,0,0,0,0,0,0,0,0,0,0,0,1.0,1.0,1.0,0.0,0.0,0.0,4,0,0
1546,38,16,22,0,15,8,15,12,12,0,0,0,0,0,0,0,0,0,0,0,1,0,1,0.9375,1.0,1.0,0.0,0.0,0.0,4,0,1
1547,38,16,22,0,15,8,15,12,12,0,0,0,0,0,0,0,0,0,0,0,0,0,0,1.0,1.0,1.0,0.0,0.0,0.0,4,0,0
1548,38,16,22,0,15,8,15,12,12,0,0,0,0,0,0,0,0,0,0,0,0,0,0,1.0,1.0,1.0,0.0,0.0,0.0,4,0,0
1549,38,16,22,0,15,7,16,13,12,0,0,0,0,0,0,0,0,0,0,0,0,0,0,1.0,1.0,1.0,0.0,0.0,0.0,4,0,0
1550,38,16,22,0,15,7,16,13,12,0,0,0,0,0,0,0,0,0,0,0,0,0,0,1.0,1.0,1.0,0.0,0.0,0.0,4,0,0
1551,38,16,22,0,15,7,16,13,12,0,0,0,0,0,0,0,0,0,0,0,0,0,0,1.0,1.0,1.0,0.0,0.0,0.0,4,0,0
1552,38,16,22,0,15,7,16,13,12,0,0,0,0,0,0,0,0,0,0,0,0,0,0,1.0,1.0,1.0,0.0,0.0,0.0,4,0,0
1553,38,16,22,0,15,7,16,13,12,0,0,0,0,0,0,0,0,0,0,0,0,0,0,1.0,1.0,1.0,0.0,0.0,0.0,4,0,0
1554,38,16,22,0,15,7,16,13,12,0,0,0,0,0,0,0,0,0,0,0,0,0,0,1.0,1.0,1.0,0.0,0.0,0.0,4,0,0
1555,50,25,25,12,15,7,16,13,9,1,3,0,0,0,0,0,1,0,1,3,0,0,0,1.0,1.0,1.0,0.3157894736842105,0.3157894736842105,0.0,4,12,0
1556,62,30,32,24,15,7,16,13,6,1,6,0,0,0,0,0,0,0,0,3,0,0,0,1.0,1.0,1.0,0.24,0.24,0.0,4,12,0
1557,70,34,36,32,15,7,16,13,4,1,8,0,0,0,0,0,0,0,0,2,0,0,0,1.0,1.0,1.0,0.12903225806451613,0.12903225806451613,0.0,4,8,0
1558,67,32,35,29,15,7,16,13,4,1,8,0,0,0,0,0,0,0,0,0,3,0,3,0.9361702127659575,1.0,1.0,0.0,0.0,0.0,4,0,3
1559,64,31,33,28,13,7,16,13,4,1,8,0,0,0,0,0,0,0,0,0,3,0,3,0.9318181818181819,1.0,1.0,0.0,0.0,0.0,4,0,3
1560,64,31,33,28,13,7,16,13,4,1,8,0,0,0,0,0,0,0,0,0,0,0,0,1.0,1.0,1.0,0.0,0.0,0.0,4,0,0
1561,62,30,32,28,12,7,15,12,4,1,7,0,0,0,0,0,0,0,0,0,1,0,1,0.975609756097561,1.0,0.9230769230769231,0.0,0.0,0.0,4,0,2
1562,61,29,32,27,12,7,15,12,4,1,7,0,0,0,0,0,0,0,0,0,1,0,1,0.975,1.0,1.0,0.0,0.0,0.0,4,0,1
1563,58,28,30,26,11,6,15,12,4,1,7,0,0,0,0,0,0,0,0,0,2,0,2,0.9487179487179487,1.0,1.0,0.0,0.0,0.0,4,0,3
1564,62,30,32,30,11,6,15,12,3,1,8,0,0,0,0,0,0,0,0,1,0,0,0,1.0,1.0,1.0,0.06896551724137931,0.06896551724137931,0.0,4,4,0
1565,60,28,32,30,9,6,15,12,3,1,8,0,0,0,0,0,0,0,0,0,2,0,2,0.9512195121951219,1.0,1.0,0.0,0.0,0.0,4,0,2
1566,59,28,31,29,9,6,15,12,3,1,8,0,0,0,0,0,0,0,0,0,1,0,1,0.9743589743589743,1.0,1.0,0.0,0.0,0.0,4,0,1
1567,57,27,30,28,8,6,15,12,3,1,8,0,0,0,0,0,0,0,0,0,2,0,2,0.9473684210526316,1.0,1.0,0.0,0.0,0.0,4,0,2
1568,55,25,30,27,7,6,15,12,3,1,8,0,0,0,0,0,0,0,0,0,2,0,2,0.9444444444444444,1.0,1.0,0.0,0.0,0.0,4,0,2
1569,57,26,31,30,6,6,15,12,2,1,9,0,0,0,0,0,0,0,0,1,2,0,2,0.9411764705882353,1.0,1.0,0.07272727272727272,0.07272727272727272,0.0,4,4,2
1570,57,26,31,30,6,6,15,12,2,1,9,0,0,0,0,0,0,0,0,0,0,0,0,1.0,1.0,1.0,0.0,0.0,0.0,4,0,0
1571,57,26,31,30,6,6,15,12,2,1,9,0,0,0,0,0,0,0,0,0,0,0,0,1.0,1.0,1.0,0.0,0.0,0.0,4,0,0
1572,57,26,31,30,6,6,15,12,2,1,9,0,0,0,0,0,0,0,0,0,0,0,0,1.0,1.0,1.0,0.0,0.0,0.0,4,0,0
1573,57,26,31,30,6,6,15,12,2,1,9,0,0,0,0,0,0,0,0,0,0,0,0,1.0,1.0,1.0,0.0,0.0,0.0,4,0,0
1574,56,25,31,29,6,6,15,12,2,1,9,0,0,0,0,0,0,0,0,0,1,0,1,0.9722222222222222,1.0,1.0,0.0,0.0,0.0,4,0,1
1575,56,25,31,29,6,6,15,12,2,1,9,0,0,0,0,0,0,0,0,0,0,0,0,1.0,1.0,1.0,0.0,0.0,0.0,4,0,0
1576,56,25,31,29,6,6,15,12,2,1,9,0,0,0,0,0,0,0,0,0,0,0,0,1.0,1.0,1.0,0.0,0.0,0.0,4,0,0
1577,56,25,31,29,6,6,15,12,2,1,9,0,0,0,0,0,0,0,0,0,0,0,0,1.0,1.0,1.0,0.0,0.0,0.0,4,0,0
1578,56,25,31,29,6,6,15,12,2,1,9,0,0,0,0,0,0,0,0,0,0,0,0,1.0,1.0,1.0,0.0,0.0,0.0,4,0,0
1579,56,25,31,29,6,6,15,12,2,1,9,0,0,0,0,0,0,0,0,0,0,0,0,1.0,1.0,1.0,0.0,0.0,0.0,4,0,0
1580,56,25,31,29,6,6,15,12,2,1,9,0,0,0,0,0,0,0,0,0,0,0,0,1.0,1.0,1.0,0.0,0.0,0.0,4,0,0
1581,55,25,30,29,5,6,15,12,2,1,9,0,0,0,0,0,0,0,0,0,1,0,1,0.9714285714285714,1.0,1.0,0.0,0.0,0.0,4,0,1
1582,55,25,30,29,5,6,15,12,2,1,9,0,0,0,0,0,0,0,0,0,0,0,0,1.0,1.0,1.0,0.0,0.0,0.0,4,0,0
1583,54,24,30,28,5,6,15,12,2,1,9,0,0,0,0,0,0,0,0,0,1,0,1,0.9705882352941176,1.0,1.0,0.0,0.0,0.0,4,0,1
1584,54,24,30,28,5,6,15,12,2,1,9,0,0,0,0,0,0,0,0,0,0,0,0,1.0,1.0,1.0,0.0,0.0,0.0,4,0,0
1585,54,24,30,28,5,6,15,12,2,1,9,0,0,0,0,0,0,0,0,0,0,0,0,1.0,1.0,1.0,0.0,0.0,0.0,4,0,0
1586,54,24,30,28,5,6,15,12,2,1,9,0,0,0,0,0,0,0,0,0,0,0,0,1.0,1.0,1.0,0.0,0.0,0.0,4,0,0
1587,54,24,30,28,5,5,16,13,2,1,9,0,0,0,0,0,0,0,0,0,0,0,0,1.0,1.0,1.0,0.0,0.0,0.0,4,0,0
1588,53,23,30,27,5,5,16,13,2,1,9,0,0,0,0,0,0,0,0,0,1,0,1,0.9696969696969697,1.0,1.0,0.0,0.0,0.0,4,0,1
1589,53,23,30,27,5,5,16,13,2,1,9,0,0,0,0,0,0,0,0,0,0,0,0,1.0,1.0,1.0,0.0,0.0,0.0,4,0,0
1590,52,22,30,26,5,5,16,13,2,1,9,0,0,0,0,0,0,0,0,0,1,0,1,0.96875,1.0,1.0,0.0,0.0,0.0,4,0,1
1591,52,22,30,26,5,5,16,13,2,1,9,0,0,0,0,0,0,0,0,0,0,1,0,1.0,1.0,1.0,0.0,0.0,0.0,4,0,0
1592,52,22,30,26,5,5,16,13,2,1,9,0,0,0,0,0,0,0,0,0,0,0,0,1.0,1.0,1.0,0.0,0.0,0.0,4,0,0
1593,52,22,30,26,5,5,16,13,2,1,9,0,0,0,0,0,0,0,0,0,0,0,0,1.0,1.0,1.0,0.0,0.0,0.0,4,0,0
1594,56,22,34,30,5,5,16,13,2,1,10,0,0,0,0,0,5,1,0,1,0,0,0,1.0,1.0,1.0,0.07692307692307693,0.07692307692307693,0.2,4,4,0
1595,55,22,33,29,4,6,16,13,2,1,10,0,0,0,0,0,0,0,0,0,1,0,1,0.9705882352941176,1.0,1.0,0.0,0.0,0.0,4,0,1
1596,55,22,33,29,4,6,16,13,2,1,10,0,0,0,0,0,0,0,0,0,0,0,0,1.0,1.0,1.0,0.0,0.0,0.0,4,0,0
1597,53,22,31,27,4,6,16,13,2,1,10,0,0,0,0,0,0,0,0,0,2,0,2,0.9393939393939394,1.0,1.0,0.0,0.0,0.0,4,0,2
1598,53,22,31,21,10,6,16,13,2,1,10,0,0,0,0,0,0,0,0,0,0,0,0,1.0,1.0,1.0,0.0,0.0,0.0,4,0,0
1599,53,22,31,15,16,6,16,13,2,1,10,0,0,0,0,0,0,0,0,0,0,0,0,1.0,1.0,1.0,0.0,0.0,0.0,4,0,0
1600,53,22,31,10,21,6,16,13,2,0,7,0,0,0,0,0,0,0,0,0,0,0,0,1.0,1.0,1.0,0.0,0.0,0.0,4,0,0
1601,53,22,31,10,21,6,16,13,2,0,5,0,0,0,0,0,3,0,0,0,0,0,0,1.0,1.0,1.0,0.0,0.0,0.0,4,0,0
1602,55,20,35,13,20,6,16,13,2,0,4,0,0,0,0,0,7,1,0,1,2,0,2,0.935483870967742,1.0,1.0,0.07547169811320754,0.07547169811320754,0.14285714285714285,4,4,2
1603,55,20,35,13,20,6,16,13,3,1,4,0,0,0,0,0,8,1,1,0,0,0,0,1.0,1.0,1.0,0.0,0.0,0.125,4,0,0
1604,55,20,35,13,20,6,16,13,4,1,4,0,0,0,0,0,13,1,0,0,0,0,0,1.0,1.0,1.0,0.0,0.0,0.07692307692307693,4,0,0
1605,54,19,35,13,19,6,16,13,4,1,4,0,0,0,0,0,8,0,0,0,1,0,1,0.9696969696969697,1.0,1.0,0.0,0.0,0.0,4,0,1
1606,54,19,35,13,19,6,16,13,4,1,4,0,0,0,0,0,7,0,0,0,0,0,0,1.0,1.0,1.0,0.0,0.0,0.0,4,0,0
1607,54,19,35,10,22,6,16,13,4,1,4,0,0,0,0,0,0,0,0,0,0,0,0,1.0,1.0,1.0,0.0,0.0,0.0,4,0,0
1608,53,18,35,10,21,6,16,13,4,1,4,0,0,0,0,0,0,0,0,0,1,1,1,0.96875,1.0,1.0,0.0,0.0,0.0,4,0,1
1609,53,18,35,10,21,6,16,13,4,1,3,0,0,0,0,0,0,0,0,0,0,0,0,1.0,1.0,1.0,0.0,0.0,0.0,4,0,0
1610,52,18,34,10,20,6,16,13,5,1,3,0,0,0,0,0,3,1,0,0,1,0,1,0.967741935483871,1.0,1.0,0.0,0.0,0.3333333333333333,4,0,1
1611,52,18,34,10,20,6,16,13,5,1,3,0,0,0,0,0,0,0,0,0,0,0,0,1.0,1.0,1.0,0.0,0.0,0.0,4,0,0
1612,52,18,34,8,21,7,16,13,5,1,3,0,0,0,0,0,0,0,0,0,0,0,0,1.0,1.0,1.0,0.0,0.0,0.0,4,0,0
1613,52,18,34,8,21,7,16,13,5,1,3,0,0,0,0,0,0,0,0,0,0,0,0,1.0,1.0,1.0,0.0,0.0,0.0,4,0,0
1614,52,18,34,8,21,7,16,13,7,1,2,0,0,0,0,0,9,2,0,0,0,0,0,1.0,1.0,1.0,0.0,0.0,0.2222222222222222,4,0,0
1615,52,18,34,8,21,7,16,13,10,1,2,0,0,0,0,0,19,3,0,0,0,0,0,1.0,1.0,1.0,0.0,0.0,0.15789473684210525,4,0,0
1616,52,18,34,8,21,7,16,13,10,1,2,0,0,0,0,0,0,0,0,0,0,0,0,1.0,1.0,1.0,0.0,0.0,0.0,4,0,0
1617,52,18,34,8,21,7,16,13,10,1,2,0,0,0,0,0,0,0,0,0,0,0,0,1.0,1.0,1.0,0.0,0.0,0.0,4,0,0
1618,52,18,34,8,21,7,16,13,10,1,2,0,0,0,0,0,0,0,0,0,0,0,0,1.0,1.0,1.0,0.0,0.0,0.0,4,0,0
1619,52,18,34,8,21,7,16,13,10,1,2,0,0,0,0,0,0,0,0,0,0,0,0,1.0,1.0,1.0,0.0,0.0,0.0,4,0,0
1620,52,18,34,8,21,7,16,13,10,1,2,0,0,0,0,0,0,0,0,0,0,0,0,1.0,1.0,1.0,0.0,0.0,0.0,4,0,0
1621,52,18,34,8,21,7,16,13,10,1,2,0,0,0,0,0,0,0,0,0,0,0,0,1.0,1.0,1.0,0.0,0.0,0.0,4,0,0
1622,52,18,34,8,21,7,16,13,10,1,2,0,0,0,0,0,0,0,0,0,0,0,0,1.0,1.0,1.0,0.0,0.0,0.0,4,0,0
1623,51,18,33,8,20,7,16,13,10,1,2,0,0,0,0,0,0,0,0,0,1,0,1,0.9655172413793104,1.0,1.0,0.0,0.0,0.0,4,0,1
1624,51,18,33,8,20,7,16,13,10,1,2,0,0,0,0,0,0,0,0,0,0,0,0,1.0,1.0,1.0,0.0,0.0,0.0,4,0,0
1625,51,18,33,8,20,7,16,13,10,1,2,0,0,0,0,0,0,0,0,0,0,0,0,1.0,1.0,1.0,0.0,0.0,0.0,4,0,0
1626,50,18,32,7,20,7,16,13,10,1,2,0,0,0,0,0,0,0,0,0,1,0,1,0.9642857142857143,1.0,1.0,0.0,0.0,0.0,4,0,1
1627,49,18,31,6,20,7,16,13,10,1,2,0,0,0,0,0,0,0,0,0,1,0,1,0.962962962962963,1.0,1.0,0.0,0.0,0.0,4,0,1
1628,48,18,30,5,20,7,16,13,10,1,2,0,0,0,0,0,0,0,0,0,1,0,1,0.9615384615384616,1.0,1.0,0.0,0.0,0.0,4,0,1
1629,47,17,30,5,19,7,16,13,10,1,2,0,0,0,0,0,0,0,0,0,1,0,1,0.96,1.0,1.0,0.0,0.0,0.0,4,0,1
1630,47,17,30,5,19,7,16,13,10,1,2,0,0,0,0,0,0,0,0,0,0,0,0,1.0,1.0,1.0,0.0,0.0,0.0,4,0,0
1631,47,17,30,5,19,7,16,13,10,1,2,0,0,0,0,0,0,0,0,0,0,0,0,1.0,1.0,1.0,0.0,0.0,0.0,4,0,0
1632,47,17,30,5,19,7,16,13,10,1,2,0,0,0,0,0,0,0,0,0,0,2,0,1.0,1.0,1.0,0.0,0.0,0.0,4,0,0
1633,47,17,30,5,19,7,16,13,10,1,2,0,0,0,0,0,0,0,0,0,0,0,0,1.0,1.0,1.0,0.0,0.0,0.0,4,0,0
1634,47,17,30,5,19,7,16,13,10,1,2,0,0,0,0,0,0,0,0,0,0,0,0,1.0,1.0,1.0,0.0,0.0,0.0,4,0,0
1635,47,17,30,5,19,6,17,13,10,1,2,0,0,0,0,0,0,0,0,0,0,0,0,1.0,1.0,1.0,0.0,0.0,0.0,4,0,0
1636,46,16,30,5,16,8,17,13,10,1,2,0,0,0,0,0,0,0,0,0,1,0,1,0.9545454545454546,1.0,1.0,0.0,0.0,0.0,4,0,1
1637,46,16,30,4,17,8,17,13,10,1,2,0,0,0,0,0,0,0,0,0,0,0,0,1.0,1.0,1.0,0.0,0.0,0.0,4,0,0
1638,46,16,30,4,17,8,17,13,10,1,2,0,0,0,0,0,0,0,0,0,0,0,0,1.0,1.0,1.0,0.0,0.0,0.0,4,0,0
1639,45,16,29,4,16,8,17,13,10,1,1,0,0,0,0,0,0,0,0,0,1,0,1,0.9523809523809523,1.0,1.0,0.0,0.0,0.0,4,0,1
1640,45,16,29,4,16,8,17,13,10,1,1,0,0,0,0,0,8,0,0,0,0,0,0,1.0,1.0,1.0,0.0,0.0,0.0,4,0,0
1641,45,16,29,4,16,8,17,13,11,1,1,0,0,0,0,0,5,1,0,0,0,0,0,1.0,1.0,1.0,0.0,0.0,0.2,4,0,0
1642,44,15,29,4,15,8,17,13,11,1,1,0,0,0,0,0,0,0,0,0,1,0,1,0.95,1.0,1.0,0.0,0.0,0.0,4,0,1
1643,44,15,29,4,15,7,18,14,11,1,1,0,0,0,0,0,0,0,0,0,0,0,0,1.0,1.0,1.0,0.0,0.0,0.0,4,0,0
1644,43,14,29,4,14,7,18,14,11,1,1,0,0,0,0,0,0,0,0,0,1,0,1,0.9473684210526316,1.0,1.0,0.0,0.0,0.0,4,0,1
1645,42,14,28,0,17,7,18,14,11,1,1,0,0,0,0,0,0,0,0,0,1,0,1,0.9444444444444444,1.0,1.0,0.0,0.0,0.0,4,0,1
1646,42,14,28,0,17,6,19,14,12,1,1,0,0,0,0,0,7,1,0,0,0,0,0,1.0,1.0,1.0,0.0,0.0,0.14285714285714285,4,0,0
1647,42,14,28,0,17,6,19,14,12,1,0,0,0,0,0,0,0,0,0,0,0,0,0,1.0,1.0,1.0,0.0,0.0,0.0,4,0,0
1648,42,14,28,0,17,6,19,14,13,0,0,0,0,0,0,0,4,1,0,0,0,0,0,1.0,1.0,1.0,0.0,0.0,0.25,4,0,0
1649,42,14,28,0,17,6,19,14,14,0,0,0,0,0,0,0,7,1,0,0,0,0,0,1.0,1.0,1.0,0.0,0.0,0.14285714285714285,4,0,0
1650,42,14,28,0,17,6,19,14,14,0,0,0,0,0,0,0,0,0,0,0,0,0,0,1.0,1.0,1.0,0.0,0.0,0.0,4,0,0
1651,42,14,28,0,17,6,19,14,14,0,0,0,0,0,0,0,0,0,0,0,0,0,0,1.0,1.0,1.0,0.0,0.0,0.0,4,0,0
1652,42,14,28,0,17,6,19,14,14,0,0,0,0,0,0,0,0,0,0,0,0,0,0,1.0,1.0,1.0,0.0,0.0,0.0,4,0,0
1653,42,14,28,0,17,6,19,14,14,0,0,0,0,0,0,0,0,0,0,0,0,0,0,1.0,1.0,1.0,0.0,0.0,0.0,4,0,0
1654,42,14,28,0,17,6,19,14,14,0,0,0,0,0,0,0,0,0,0,0,0,0,0,1.0,1.0,1.0,0.0,0.0,0.0,4,0,0
1655,42,14,28,0,17,6,19,14,14,0,0,0,0,0,0,0,0,0,0,0,0,0,0,1.0,1.0,1.0,0.0,0.0,0.0,4,0,0
1656,42,14,28,0,17,6,19,14,14,0,0,0,0,0,0,0,0,0,0,0,0,0,0,1.0,1.0,1.0,0.0,0.0,0.0,4,0,0
1657,42,14,28,0,17,6,19,14,14,0,0,0,0,0,0,0,0,0,0,0,0,0,0,1.0,1.0,1.0,0.0,0.0,0.0,4,0,0
1658,42,14,28,0,17,6,19,14,14,0,0,0,0,0,0,0,0,0,0,0,0,0,0,1.0,1.0,1.0,0.0,0.0,0.0,4,0,0
1659,45,16,29,3,17,6,19,14,13,0,1,0,0,0,0,0,0,0,0,1,0,0,0,1.0,1.0,1.0,0.07142857142857142,0.07142857142857142,0.0,4,3,0
1660,45,16,29,3,17,6,19,14,13,0,1,0,0,0,0,0,0,0,0,0,0,0,0,1.0,1.0,1.0,0.0,0.0,0.0,4,0,0
1661,45,16,29,3,17,6,19,14,13,0,1,0,0,0,0,0,0,0,0,0,0,0,0,1.0,1.0,1.0,0.0,0.0,0.0,4,0,0
1662,45,16,29,3,17,5,20,15,14,0,1,0,0,0,0,0,4,1,0,0,0,0,0,1.0,1.0,1.0,0.0,0.0,0.25,4,0,0
1663,44,16,28,3,17,5,19,14,13,0,1,0,0,0,0,0,0,0,0,0,0,0,0,1.0,1.0,0.9333333333333333,0.0,0.0,0.0,4,0,1
1664,44,16,28,3,17,5,19,14,13,0,1,0,0,0,0,0,0,0,0,0,0,0,0,1.0,1.0,1.0,0.0,0.0,0.0,4,0,0
1665,44,16,28,3,17,5,19,14,13,0,1,0,0,0,0,0,0,0,0,0,0,0,0,1.0,1.0,1.0,0.0,0.0,0.0,4,0,0
1666,44,16,28,3,17,4,20,14,13,0,1,0,0,0,0,0,0,0,0,0,0,0,0,1.0,1.0,1.0,0.0,0.0,0.0,4,0,0
1667,48,19,29,7,17,4,20,14,12,0,2,0,0,0,0,0,0,0,0,1,0,0,0,1.0,1.0,1.0,0.09090909090909091,0.09090909090909091,0.0,4,4,0
1668,48,19,29,7,17,4,20,14,12,0,2,0,0,0,0,0,0,0,0,0,0,0,0,1.0,1.0,1.0,0.0,0.0,0.0,4,0,0
1669,52,20,32,11,17,4,20,14,11,0,3,0,0,0,0,0,0,0,0,1,0,0,0,1.0,1.0,1.0,0.08333333333333333,0.08333333333333333,0.0,4,4,0
1670,52,20,32,11,17,4,20,14,11,0,3,0,0,0,0,0,0,0,0,0,0,0,0,1.0,1.0,1.0,0.0,0.0,0.0,4,0,0
1671,52,20,32,11,17,4,20,14,11,0,3,0,0,0,0,0,0,0,0,0,0,0,0,1.0,1.0,1.0,0.0,0.0,0.0,4,0,0
1672,50,18,32,10,16,4,20,14,11,0,3,0,0,0,0,0,0,0,0,0,2,0,2,0.9285714285714286,1.0,1.0,0.0,0.0,0.0,4,0,2
1673,50,18,32,10,16,4,20,14,11,0,3,0,0,0,0,0,0,0,0,0,0,0,0,1.0,1.0,1.0,0.0,0.0,0.0,4,0,0
1674,50,18,32,10,16,4,20,14,11,0,3,0,0,0,0,0,0,0,0,0,0,0,0,1.0,1.0,1.0,0.0,0.0,0.0,4,0,0
1675,54,18,36,14,16,4,20,14,10,0,4,0,0,0,0,0,0,0,0,1,0,0,0,1.0,1.0,1.0,0.08,0.08,0.0,4,4,0
1676,54,18,36,14,16,4,20,14,10,0,4,0,0,0,0,0,0,0,0,0,0,0,0,1.0,1.0,1.0,0.0,0.0,0.0,4,0,0
1677,54,18,36,14,16,4,20,14,10,0,4,0,0,0,0,0,0,0,0,0,0,0,0,1.0,1.0,1.0,0.0,0.0,0.0,4,0,0
1678,54,18,36,14,16,4,20,14,10,0,4,0,0,0,0,0,0,0,0,0,0,0,0,1.0,1.0,1.0,0.0,0.0,0.0,4,0,0
1679,61,21,40,21,16,4,20,14,8,0,6,0,0,0,0,0,0,0,0,2,1,0,1,0.9666666666666667,1.0,1.0,0.14814814814814814,0.14814814814814814,0.0,4,8,1
1680,70,23,47,31,15,4,20,14,5,0,9,0,0,0,0,0,0,0,0,3,2,0,2,0.9459459459459459,1.0,1.0,0.18032786885245902,0.18032786885245902,0.0,4,11,2
1681,66,21,45,28,14,4,20,14,5,0,9,0,0,0,0,0,0,0,0,0,4,0,4,0.9130434782608696,1.0,1.0,0.0,0.0,0.0,4,0,4
1682,66,21,45,28,14,4,20,14,5,0,9,0,0,0,0,0,0,0,0,0,0,0,0,1.0,1.0,1.0,0.0,0.0,0.0,4,0,0
1683,64,21,43,27,13,4,20,14,5,0,9,0,0,0,0,0,0,0,0,0,2,0,2,0.9523809523809523,1.0,1.0,0.0,0.0,0.0,4,0,2
1684,62,21,41,26,12,4,20,14,5,0,9,0,0,0,0,0,0,0,0,0,2,0,2,0.95,1.0,1.0,0.0,0.0,0.0,4,0,2
1685,61,20,41,25,12,4,20,14,5,0,9,0,0,0,0,0,0,0,0,0,1,0,1,0.9736842105263158,1.0,1.0,0.0,0.0,0.0,4,0,1
1686,61,20,41,25,12,4,20,14,5,0,9,0,0,0,0,0,0,0,0,0,0,0,0,1.0,1.0,1.0,0.0,0.0,0.0,4,0,0
1687,60,20,40,24,12,4,20,14,5,0,9,0,0,0,0,0,0,0,0,0,1,0,1,0.972972972972973,1.0,1.0,0.0,0.0,0.0,4,0,1
1688,59,20,39,23,12,4,20,14,5,0,9,0,0,0,0,0,0,0,0,0,1,0,1,0.9722222222222222,1.0,1.0,0.0,0.0,0.0,4,0,1
1689,57,19,38,22,12,4,19,14,5,0,9,0,0,0,0,0,0,0,0,0,1,0,1,0.9714285714285714,0.8333333333333334,1.0,0.0,0.0,0.0,4,0,2
1690,57,19,38,22,12,4,19,14,5,0,9,0,0,0,0,0,0,0,0,0,0,0,0,1.0,1.0,1.0,0.0,0.0,0.0,4,0,0
1691,57,19,38,22,12,4,19,14,5,0,9,0,0,0,0,0,0,0,0,0,0,0,0,1.0,1.0,1.0,0.0,0.0,0.0,4,0,0
1692,56,18,38,21,12,4,19,14,5,0,9,0,0,0,0,0,0,0,0,0,1,0,1,0.9705882352941176,1.0,1.0,0.0,0.0,0.0,4,0,1
1693,56,18,38,21,12,4,19,14,5,0,9,0,0,0,0,0,0,0,0,0,0,0,0,1.0,1.0,1.0,0.0,0.0,0.0,4,0,0
1694,56,18,38,21,12,4,19,14,5,0,9,0,0,0,0,0,0,0,0,0,0,0,0,1.0,1.0,1.0,0.0,0.0,0.0,4,0,0
1695,55,17,38,20,12,4,19,14,5,0,9,0,0,0,0,0,0,0,0,0,1,0,1,0.9696969696969697,1.0,1.0,0.0,0.0,0.0,4,0,1
1696,55,17,38,20,12,4,19,14,5,0,9,0,0,0,0,0,0,0,0,0,0,0,0,1.0,1.0,1.0,0.0,0.0,0.0,4,0,0
1697,55,17,38,20,12,4,19,14,5,0,9,0,0,0,0,0,0,0,0,0,0,0,0,1.0,1.0,1.0,0.0,0.0,0.0,4,0,0
1698,54,17,37,19,12,4,19,14,5,0,9,0,0,0,0,0,0,0,0,0,1,0,1,0.96875,1.0,1.0,0.0,0.0,0.0,4,0,1
1699,54,17,37,19,12,4,19,14,5,0,9,0,0,0,0,0,0,0,0,0,0,0,0,1.0,1.0,1.0,0.0,0.0,0.0,4,0,0
1700,54,17,37,19,12,4,19,14,5,0,9,0,0,0,0,0,0,0,0,0,0,0,0,1.0,1.0,1.0,0.0,0.0,0.0,4,0,0
1701,53,16,37,19,12,4,18,14,5,0,9,0,0,0,0,0,0,0,0,0,0,0,0,1.0,0.8,1.0,0.0,0.0,0.0,4,0,1
1702,52,15,37,17,13,4,18,14,5,0,9,0,0,0,0,0,0,0,0,0,1,0,1,0.967741935483871,1.0,1.0,0.0,0.0,0.0,4,0,1
1703,52,15,37,17,13,4,18,14,5,0,9,0,0,0,0,0,0,0,0,0,0,0,0,1.0,1.0,1.0,0.0,0.0,0.0,4,0,0
1704,52,15,37,17,13,4,18,14,5,0,8,0,0,0,0,0,0,0,0,0,0,0,0,1.0,1.0,1.0,0.0,0.0,0.0,4,0,0
1705,50,15,35,16,12,4,18,14,6,0,8,0,0,0,0,0,2,1,0,0,2,0,2,0.9333333333333333,1.0,1.0,0.0,0.0,0.5,4,0,2
1706,53,16,37,19,12,4,18,14,5,0,9,0,0,0,0,0,0,0,0,1,0,0,0,1.0,1.0,1.0,0.06,0.06,0.0,4,3,0
1707,53,16,37,19,12,4,18,14,5,0,9,0,0,0,0,0,0,0,0,0,0,0,0,1.0,1.0,1.0,0.0,0.0,0.0,4,0,0
1708,53,16,37,19,12,4,18,14,5,0,9,0,0,0,0,0,0,0,0,0,0,0,0,1.0,1.0,1.0,0.0,0.0,0.0,4,0,0
1709,53,16,37,19,12,4,18,14,5,0,9,0,0,0,0,0,0,0,0,0,0,0,0,1.0,1.0,1.0,0.0,0.0,0.0,4,0,0
1710,53,16,37,17,14,4,18,14,5,0,9,0,0,0,0,0,0,0,0,0,0,0,0,1.0,1.0,1.0,0.0,0.0,0.0,4,0,0
1711,55,17,38,20,14,4,17,13,3,0,10,0,0,0,0,0,0,0,0,1,0,0,0,1.0,1.0,0.9285714285714286,0.05660377358490566,0.05660377358490566,0.0,4,3,1
1712,55,17,38,18,16,4,17,13,3,0,9,0,0,0,0,0,0,0,0,0,0,0,0,1.0,1.0,1.0,0.0,0.0,0.0,4,0,0
1713,59,17,42,22,16,4,17,13,2,0,10,0,0,0,0,0,2,0,0,1,0,0,0,1.0,1.0,1.0,0.07272727272727272,0.07272727272727272,0.0,4,4,0
1714,58,17,41,21,16,4,17,13,2,0,9,0,0,0,0,0,1,0,0,0,1,0,1,0.9736842105263158,1.0,1.0,0.0,0.0,0.0,4,0,1
1715,57,17,40,20,16,4,17,13,2,0,9,0,0,0,0,0,1,0,0,0,1,0,1,0.972972972972973,1.0,1.0,0.0,0.0,0.0,4,0,1
1716,57,17,40,20,16,4,17,13,3,0,9,0,0,0,0,0,6,1,0,0,0,0,0,1.0,1.0,1.0,0.0,0.0,0.16666666666666666,4,0,0
1717,55,17,38,19,15,4,17,13,4,0,9,0,0,0,0,0,8,1,0,0,2,0,2,0.9444444444444444,1.0,1.0,0.0,0.0,0.125,4,0,2
1718,55,17,38,17,17,4,17,13,4,0,9,0,0,0,0,0,0,0,0,0,0,0,0,1.0,1.0,1.0,0.0,0.0,0.0,4,0,0
1719,55,17,38,17,17,4,17,13,4,0,9,0,0,0,0,0,0,0,0,0,0,0,0,1.0,1.0,1.0,0.0,0.0,0.0,4,0,0
1720,54,17,37,16,17,4,17,13,4,0,8,0,0,0,0,0,0,0,0,0,1,0,1,0.9705882352941176,1.0,1.0,0.0,0.0,0.0,4,0,1
1721,54,17,37,16,17,4,17,13,4,0,8,0,0,0,0,0,3,0,0,0,0,0,0,1.0,1.0,1.0,0.0,0.0,0.0,4,0,0
1722,53,16,37,13,19,4,17,13,5,0,8,0,0,0,0,0,5,1,0,0,1,0,1,0.9696969696969697,1.0,1.0,0.0,0.0,0.2,4,0,1
1723,53,16,37,8,24,4,17,13,5,0,8,0,0,0,0,0,0,0,0,0,0,0,0,1.0,1.0,1.0,0.0,0.0,0.0,4,0,0
1724,52,16,36,8,23,4,17,13,5,0,6,0,0,0,0,0,0,0,0,0,1,0,1,0.96875,1.0,1.0,0.0,0.0,0.0,4,0,1
1725,51,16,35,8,22,4,17,13,7,0,3,0,0,0,0,0,7,2,0,0,1,0,1,0.967741935483871,1.0,1.0,0.0,0.0,0.2857142857142857,4,0,1
1726,51,16,35,8,22,4,17,13,8,0,3,0,0,0,0,0,12,1,0,0,0,0,0,1.0,1.0,1.0,0.0,0.0,0.08333333333333333,4,0,0
1727,54,16,38,11,22,4,17,13,8,0,4,0,0,0,0,0,8,1,0,1,0,0,0,1.0,1.0,1.0,0.058823529411764705,0.058823529411764705,0.125,4,3,0
1728,53,16,37,11,21,4,17,13,8,0,4,0,0,0,0,0,5,0,0,0,1,0,1,0.9696969696969697,1.0,1.0,0.0,0.0,0.0,4,0,1
1729,52,15,37,11,20,4,17,13,8,0,4,0,0,0,0,0,1,0,0,0,1,0,1,0.96875,1.0,1.0,0.0,0.0,0.0,4,0,1
1730,52,15,37,11,20,4,17,13,9,0,4,0,0,0,0,0,6,1,0,0,0,0,0,1.0,1.0,1.0,0.0,0.0,0.16666666666666666,4,0,0
1731,52,15,37,11,20,4,17,13,9,0,4,0,0,0,0,0,0,0,0,0,0,0,0,1.0,1.0,1.0,0.0,0.0,0.0,4,0,0
1732,51,15,36,10,20,4,17,13,9,0,4,0,0,0,0,0,0,0,0,0,1,0,1,0.967741935483871,1.0,1.0,0.0,0.0,0.0,4,0,1
1733,49,15,34,9,19,4,17,13,9,0,4,0,0,0,0,0,0,0,0,0,2,0,2,0.9333333333333333,1.0,1.0,0.0,0.0,0.0,4,0,2
1734,49,15,34,9,19,4,17,13,9,0,4,0,0,0,0,0,0,0,0,0,0,0,0,1.0,1.0,1.0,0.0,0.0,0.0,4,0,0
1735,49,15,34,9,19,4,17,13,9,0,4,0,0,0,0,0,0,0,0,0,0,0,0,1.0,1.0,1.0,0.0,0.0,0.0,4,0,0
1736,49,15,34,9,19,4,17,13,9,0,4,0,0,0,0,0,0,0,0,0,0,1,0,1.0,1.0,1.0,0.0,0.0,0.0,4,0,0
1737,49,15,34,9,19,4,17,13,9,0,4,0,0,0,0,0,0,0,0,0,0,2,0,1.0,1.0,1.0,0.0,0.0,0.0,4,0,0
1738,49,15,34,9,19,4,17,13,9,0,4,0,0,0,0,0,0,0,0,0,0,0,0,1.0,1.0,1.0,0.0,0.0,0.0,4,0,0
1739,49,15,34,9,19,4,17,13,9,0,4,0,0,0,0,0,0,0,0,0,0,0,0,1.0,1.0,1.0,0.0,0.0,0.0,4,0,0
1740,49,15,34,9,18,5,17,13,9,0,4,0,0,0,0,0,0,0,0,0,0,0,0,1.0,1.0,1.0,0.0,0.0,0.0,4,0,0
1741,49,15,34,9,16,7,17,13,9,0,4,0,0,0,0,0,0,0,0,0,0,0,0,1.0,1.0,1.0,0.0,0.0,0.0,4,0,0
1742,49,15,34,9,16,7,17,13,9,0,4,0,0,0,0,0,0,0,0,0,0,0,0,1.0,1.0,1.0,0.0,0.0,0.0,4,0,0
1743,49,15,34,9,16,7,17,13,9,0,4,0,0,0,0,0,0,0,0,0,0,0,0,1.0,1.0,1.0,0.0,0.0,0.0,4,0,0
1744,49,15,34,9,16,7,17,13,9,0,4,0,0,0,0,0,0,0,0,0,0,2,0,1.0,1.0,1.0,0.0,0.0,0.0,4,0,0
1745,49,15,34,9,16,7,17,13,9,0,4,0,0,0,0,0,0,0,0,0,0,0,0,1.0,1.0,1.0,0.0,0.0,0.0,4,0,0
1746,49,15,34,9,16,7,17,13,9,0,4,0,0,0,0,0,0,0,0,0,0,0,0,1.0,1.0,1.0,0.0,0.0,0.0,4,0,0
1747,48,14,34,8,16,6,18,13,9,0,4,0,0,0,0,0,0,0,0,0,1,0,1,0.96,1.0,1.0,0.0,0.0,0.0,4,0,1
1748,48,14,34,8,14,8,18,13,9,0,4,0,0,0,0,0,0,0,0,0,0,0,0,1.0,1.0,1.0,0.0,0.0,0.0,4,0,0
1749,48,14,34,6,16,8,18,13,9,0,4,0,0,0,0,0,0,0,0,0,0,1,0,1.0,1.0,1.0,0.0,0.0,0.0,4,0,0
1750,46,14,32,6,14,8,18,13,9,0,4,0,0,0,0,0,0,0,0,0,2,0,2,0.9090909090909091,1.0,1.0,0.0,0.0,0.0,4,0,2
1751,46,14,32,6,14,8,18,13,9,0,3,0,0,0,0,0,0,0,0,0,0,0,0,1.0,1.0,1.0,0.0,0.0,0.0,4,0,0
1752,46,14,32,6,14,8,18,13,10,0,3,0,0,0,0,0,5,1,0,0,0,0,0,1.0,1.0,1.0,0.0,0.0,0.2,4,0,0
1753,46,14,32,6,13,9,18,13,10,0,3,0,0,0,0,0,0,0,0,0,0,0,0,1.0,1.0,1.0,0.0,0.0,0.0,4,0,0
1754,46,14,32,5,14,9,18,13,10,0,3,0,0,0,0,0,0,0,0,0,0,0,0,1.0,1.0,1.0,0.0,0.0,0.0,4,0,0
1755,46,14,32,5,14,9,18,13,10,0,3,0,0,0,0,0,0,0,0,0,0,0,0,1.0,1.0,1.0,0.0,0.0,0.0,4,0,0
1756,46,14,32,3,16,9,18,13,10,0,2,0,0,0,0,0,0,0,0,0,0,0,0,1.0,1.0,1.0,0.0,0.0,0.0,4,0,0
1757,46,14,32,3,16,9,18,13,11,0,2,0,0,0,0,0,3,1,0,0,0,0,0,1.0,1.0,1.0,0.0,0.0,0.3333333333333333,4,0,0
1758,46,14,32,3,16,9,18,13,11,0,1,0,0,0,0,0,0,0,0,0,0,0,0,1.0,1.0,1.0,0.0,0.0,0.0,4,0,0
1759,46,14,32,3,16,9,18,13,12,0,1,0,0,0,0,0,3,1,0,0,0,0,0,1.0,1.0,1.0,0.0,0.0,0.3333333333333333,4,0,0
1760,45,14,31,3,15,9,18,13,12,0,1,0,0,0,0,0,0,0,0,0,1,0,1,0.9473684210526316,1.0,1.0,0.0,0.0,0.0,4,0,1
1761,45,14,31,3,15,9,18,13,12,0,1,0,0,0,0,0,0,0,0,0,0,0,0,1.0,1.0,1.0,0.0,0.0,0.0,4,0,0
1762,45,14,31,3,15,9,18,13,12,0,1,0,0,0,0,0,0,0,0,0,0,0,0,1.0,1.0,1.0,0.0,0.0,0.0,4,0,0
1763,45,14,31,3,15,9,18,13,12,0,1,0,0,0,0,0,0,0,0,0,0,0,0,1.0,1.0,1.0,0.0,0.0,0.0,4,0,0
1764,45,14,31,3,15,9,18,13,12,0,1,0,0,0,0,0,0,0,0,0,0,0,0,1.0,1.0,1.0,0.0,0.0,0.0,4,0,0
1765,45,14,31,3,15,9,18,13,12,0,1,0,0,0,0,0,0,0,0,0,0,0,0,1.0,1.0,1.0,0.0,0.0,0.0,4,0,0
1766,45,14,31,3,15,9,18,13,12,0,1,0,0,0,0,0,0,0,0,0,0,0,0,1.0,1.0,1.0,0.0,0.0,0.0,4,0,0
1767,45,14,31,3,15,9,18,13,12,0,1,0,0,0,0,0,0,0,0,0,0,0,0,1.0,1.0,1.0,0.0,0.0,0.0,4,0,0
1768,45,14,31,3,15,9,18,13,12,0,1,0,0,0,0,0,0,0,0,0,0,0,0,1.0,1.0,1.0,0.0,0.0,0.0,4,0,0
1769,45,14,31,3,15,9,18,13,12,0,1,0,0,0,0,0,0,0,0,0,0,0,0,1.0,1.0,1.0,0.0,0.0,0.0,4,0,0
1770,49,16,33,4,18,9,18,13,11,0,2,0,0,0,0,0,0,0,0,1,0,0,0,1.0,1.0,1.0,0.08888888888888889,0.08888888888888889,0.0,4,4,0
1771,49,16,33,4,18,7,20,13,11,0,2,0,0,0,0,0,0,0,0,0,0,0,0,1.0,1.0,1.0,0.0,0.0,0.0,4,0,0
1772,49,16,33,4,18,7,20,13,11,0,1,0,0,0,0,0,0,0,0,0,0,0,0,1.0,1.0,1.0,0.0,0.0,0.0,4,0,0
1773,49,16,33,4,18,7,20,13,11,0,1,0,0,0,0,0,0,0,0,0,0,0,0,1.0,1.0,1.0,0.0,0.0,0.0,4,0,0
1774,48,15,33,4,18,7,19,13,11,0,1,0,0,0,0,0,0,0,0,0,0,0,0,1.0,0.8571428571428572,1.0,0.0,0.0,0.0,4,0,1
1775,48,15,33,4,18,7,19,13,11,0,1,0,0,0,0,0,0,0,0,0,0,0,0,1.0,1.0,1.0,0.0,0.0,0.0,4,0,0
1776,48,15,33,4,18,6,20,14,11,0,1,0,0,0,0,0,0,0,0,0,0,0,0,1.0,1.0,1.0,0.0,0.0,0.0,4,0,0
1777,48,15,33,4,18,6,20,14,11,0,1,0,0,0,0,0,0,0,0,0,0,0,0,1.0,1.0,1.0,0.0,0.0,0.0,4,0,0
1778,47,15,32,4,17,6,20,14,11,0,1,0,0,0,0,0,0,0,0,0,1,0,1,0.9545454545454546,1.0,1.0,0.0,0.0,0.0,4,0,1
1779,47,15,32,4,17,6,20,14,11,0,1,0,0,0,0,0,0,0,0,0,0,0,0,1.0,1.0,1.0,0.0,0.0,0.0,4,0,0
1780,46,15,31,4,16,6,20,14,11,0,1,0,0,0,0,0,0,0,0,0,1,0,1,0.9523809523809523,1.0,1.0,0.0,0.0,0.0,4,0,1
1781,49,17,32,7,16,6,20,14,10,0,2,0,0,0,0,0,0,0,0,1,0,0,0,1.0,1.0,1.0,0.06521739130434782,0.06521739130434782,0.0,4,3,0
1782,53,19,34,11,16,6,20,14,9,0,3,0,0,0,0,0,0,0,0,1,0,2,0,1.0,1.0,1.0,0.08163265306122448,0.08163265306122448,0.0,4,4,0
1783,53,19,34,11,16,6,20,14,9,0,3,0,0,0,0,0,0,0,0,0,0,0,0,1.0,1.0,1.0,0.0,0.0,0.0,4,0,0
1784,53,19,34,11,16,6,20,14,9,0,3,0,0,0,0,0,0,0,0,0,0,0,0,1.0,1.0,1.0,0.0,0.0,0.0,4,0,0
1785,51,18,33,11,15,5,20,14,9,0,3,0,0,0,0,0,0,0,0,0,1,0,1,0.962962962962963,1.0,1.0,0.0,0.0,0.0,4,0,2
1786,51,18,33,11,13,7,20,14,9,0,3,0,0,0,0,0,0,0,0,0,0,0,0,1.0,1.0,1.0,0.0,0.0,0.0,4,0,0
1787,54,19,35,14,13,7,20,14,8,0,4,0,0,0,0,0,0,0,0,1,0,0,0,1.0,1.0,1.0,0.058823529411764705,0.058823529411764705,0.0,4,3,0
1788,54,19,35,14,13,7,20,14,8,0,4,0,0,0,0,0,0,0,0,0,0,0,0,1.0,1.0,1.0,0.0,0.0,0.0,4,0,0
1789,54,19,35,14,13,7,20,14,8,0,4,0,0,0,0,0,0,0,0,0,0,0,0,1.0,1.0,1.0,0.0,0.0,0.0,4,0,0
1790,62,24,38,22,13,7,20,14,6,0,6,0,0,0,0,0,0,0,0,2,0,0,0,1.0,1.0,1.0,0.14814814814814814,0.14814814814814814,0.0,4,8,0
1791,65,23,42,25,13,7,20,14,5,0,7,0,0,0,0,0,0,0,0,1,1,0,1,0.9714285714285714,1.0,1.0,0.06451612903225806,0.06451612903225806,0.0,4,4,1
1792,68,24,44,28,13,7,20,14,4,0,8,0,0,0,0,0,0,0,0,1,1,0,1,0.9736842105263158,1.0,1.0,0.06153846153846154,0.06153846153846154,0.0,4,4,1
1793,66,23,43,28,12,7,19,14,4,0,8,0,0,0,0,0,0,0,0,0,1,0,1,0.975609756097561,0.8333333333333334,1.0,0.0,0.0,0.0,4,0,2
1794,64,23,41,26,12,7,19,14,4,0,8,0,0,0,0,0,0,0,0,0,2,0,2,0.95,1.0,1.0,0.0,0.0,0.0,4,0,2
1795,67,24,43,29,12,7,19,14,3,0,9,0,0,0,0,0,0,0,0,1,0,0,0,1.0,1.0,1.0,0.046875,0.046875,0.0,4,3,0
1796,64,23,41,27,11,7,19,14,3,0,9,0,0,0,0,0,0,0,0,0,3,0,3,0.926829268292683,1.0,1.0,0.0,0.0,0.0,4,0,3
1797,63,22,41,27,10,7,19,14,3,0,9,0,0,0,0,0,0,0,0,0,1,0,1,0.9736842105263158,1.0,1.0,0.0,0.0,0.0,4,0,1
1798,63,22,41,27,10,7,19,14,3,0,9,0,0,0,0,0,0,0,0,0,0,0,0,1.0,1.0,1.0,0.0,0.0,0.0,4,0,0
1799,63,22,41,27,10,7,19,14,3,0,9,0,0,0,0,0,0,0,0,0,0,0,0,1.0,1.0,1.0,0.0,0.0,0.0,4,0,0
1800,63,22,41,27,10,7,19,14,3,0,9,0,0,0,0,0,0,0,0,0,0,0,0,1.0,1.0,1.0,0.0,0.0,0.0,4,0,0
1801,62,21,41,26,10,7,19,14,3,0,9,0,0,0,0,0,0,0,0,0,1,0,1,0.972972972972973,1.0,1.0,0.0,0.0,0.0,4,0,1
1802,61,21,40,25,10,7,19,14,3,0,9,0,0,0,0,0,0,0,0,0,1,0,1,0.9722222222222222,1.0,1.0,0.0,0.0,0.0,4,0,1
1803,61,21,40,25,10,7,19,14,3,0,9,0,0,0,0,0,0,0,0,0,0,0,0,1.0,1.0,1.0,0.0,0.0,0.0,4,0,0
1804,61,21,40,25,10,7,19,14,3,0,9,0,0,0,0,0,0,0,0,0,0,0,0,1.0,1.0,1.0,0.0,0.0,0.0,4,0,0
1805,61,21,40,25,10,7,19,14,3,0,9,0,0,0,0,0,0,0,0,0,0,0,0,1.0,1.0,1.0,0.0,0.0,0.0,4,0,0
1806,60,21,39,24,10,7,19,14,3,0,9,0,0,0,0,0,0,0,0,0,1,0,1,0.9714285714285714,1.0,1.0,0.0,0.0,0.0,4,0,1
1807,58,21,37,22,10,6,20,15,3,0,9,0,0,0,0,0,0,0,0,0,2,0,2,0.9411764705882353,1.0,1.0,0.0,0.0,0.0,4,0,2
1808,57,21,36,21,10,6,20,15,3,0,9,0,0,0,0,0,0,0,0,0,1,0,1,0.96875,1.0,1.0,0.0,0.0,0.0,4,0,1
1809,56,20,36,20,10,6,20,15,3,0,9,0,0,0,0,0,0,0,0,0,1,0,1,0.967741935483871,1.0,1.0,0.0,0.0,0.0,4,0,1
1810,55,20,35,20,9,6,20,15,3,0,9,0,0,0,0,0,0,0,0,0,1,0,1,0.9666666666666667,1.0,1.0,0.0,0.0,0.0,4,0,1
1811,55,20,35,20,9,6,20,15,3,0,9,0,0,0,0,0,0,0,0,0,0,0,0,1.0,1.0,1.0,0.0,0.0,0.0,4,0,0
1812,54,20,34,19,9,6,20,15,3,0,9,0,0,0,0,0,0,0,0,0,1,0,1,0.9655172413793104,1.0,1.0,0.0,0.0,0.0,4,0,1
1813,54,20,34,16,12,6,20,15,3,0,9,0,0,0,0,0,0,0,0,0,0,0,0,1.0,1.0,1.0,0.0,0.0,0.0,4,0,0
1814,54,20,34,16,12,6,20,15,3,0,9,0,0,0,0,0,0,0,0,0,0,0,0,1.0,1.0,1.0,0.0,0.0,0.0,4,0,0
1815,54,20,34,16,12,6,20,15,3,0,8,0,0,0,0,0,0,0,0,0,0,0,0,1.0,1.0,1.0,0.0,0.0,0.0,4,0,0
1816,54,20,34,16,12,6,20,15,3,0,8,0,0,0,0,0,0,0,0,0,0,0,0,1.0,1.0,1.0,0.0,0.0,0.0,4,0,0
1817,58,22,36,20,12,6,20,15,2,0,9,0,0,0,0,0,0,0,0,1,0,0,0,1.0,1.0,1.0,0.07407407407407407,0.07407407407407407,0.0,4,4,0
1818,57,21,36,19,12,6,20,15,2,0,9,0,0,0,0,0,0,0,0,0,1,0,1,0.96875,1.0,1.0,0.0,0.0,0.0,4,0,1
1819,57,21,36,19,12,6,20,15,2,0,9,0,0,0,0,0,0,0,0,0,0,0,0,1.0,1.0,1.0,0.0,0.0,0.0,4,0,0
1820,57,21,36,19,12,6,20,15,2,0,9,0,0,0,0,0,0,0,0,0,0,0,0,1.0,1.0,1.0,0.0,0.0,0.0,4,0,0
1821,57,21,36,19,12,6,20,15,2,0,9,0,0,0,0,0,0,0,0,0,0,0,0,1.0,1.0,1.0,0.0,0.0,0.0,4,0,0
1822,60,24,36,22,12,6,20,15,1,0,10,0,0,0,0,0,0,0,0,1,0,0,0,1.0,1.0,1.0,0.05263157894736842,0.05263157894736842,0.0,4,3,0
1823,60,24,36,22,12,6,20,15,1,0,10,0,0,0,0,0,0,0,0,0,0,0,0,1.0,1.0,1.0,0.0,0.0,0.0,4,0,0
1824,64,26,38,24,14,6,20,15,0,0,11,0,0,0,0,0,0,0,0,1,0,0,0,1.0,1.0,1.0,0.06666666666666667,0.06666666666666667,0.0,4,4,0
1825,61,26,35,20,16,6,19,14,0,0,11,0,0,0,0,0,0,0,0,0,2,0,2,0.9473684210526316,1.0,0.9333333333333333,0.0,0.0,0.0,4,0,3
1826,60,25,35,20,15,6,19,14,0,0,10,0,0,0,0,0,0,0,0,0,1,0,1,0.9722222222222222,1.0,1.0,0.0,0.0,0.0,4,0,1
1827,59,24,35,19,15,6,19,14,0,0,9,0,0,0,0,0,0,0,0,0,1,0,1,0.9714285714285714,1.0,1.0,0.0,0.0,0.0,4,0,1
1828,58,24,34,18,15,6,19,14,0,0,9,0,0,0,0,0,0,0,0,0,1,0,1,0.9705882352941176,1.0,1.0,0.0,0.0,0.0,4,0,1
1829,58,24,34,18,15,6,19,14,0,0,9,0,0,0,0,0,0,0,0,0,0,0,0,1.0,1.0,1.0,0.0,0.0,0.0,4,0,0
1830,58,24,34,16,17,6,19,14,0,0,9,0,0,0,0,0,0,0,0,0,0,0,0,1.0,1.0,1.0,0.0,0.0,0.0,4,0,0
1831,58,24,34,16,17,6,19,14,0,0,9,0,0,0,0,0,0,0,0,0,0,0,0,1.0,1.0,1.0,0.0,0.0,0.0,4,0,0
1832,58,24,34,16,17,6,19,14,0,0,8,0,0,0,0,0,0,0,0,0,0,0,0,1.0,1.0,1.0,0.0,0.0,0.0,4,0,0
1833,58,24,34,14,19,6,19,14,0,0,8,0,0,0,0,0,0,0,0,0,0,0,0,1.0,1.0,1.0,0.0,0.0,0.0,4,0,0
1834,57,24,33,12,20,6,19,14,0,0,8,0,0,0,0,0,0,0,0,0,1,0,1,0.9696969696969697,1.0,1.0,0.0,0.0,0.0,4,0,1
1835,56,23,33,9,22,6,19,14,0,0,6,0,0,0,0,0,0,0,0,0,1,0,1,0.96875,1.0,1.0,0.0,0.0,0.0,4,0,1
1836,56,23,33,9,22,6,19,14,0,0,5,0,0,0,0,0,0,0,0,0,0,0,0,1.0,1.0,1.0,0.0,0.0,0.0,4,0,0
1837,54,22,32,9,20,6,19,14,0,0,4,0,0,0,0,0,0,0,0,0,2,0,2,0.935483870967742,1.0,1.0,0.0,0.0,0.0,4,0,2
1838,52,21,31,7,20,6,19,14,0,0,4,0,0,0,0,0,0,0,0,0,2,0,2,0.9310344827586207,1.0,1.0,0.0,0.0,0.0,4,0,2
1839,52,21,31,7,20,6,19,14,0,0,4,0,0,0,0,0,0,0,0,0,0,0,0,1.0,1.0,1.0,0.0,0.0,0.0,4,0,0
1840,52,21,31,7,20,6,19,14,0,0,3,0,0,0,0,0,0,0,0,0,0,0,0,1.0,1.0,1.0,0.0,0.0,0.0,4,0,0
1841,52,21,31,7,20,6,19,14,0,0,3,0,0,0,0,0,0,0,0,0,0,0,0,1.0,1.0,1.0,0.0,0.0,0.0,4,0,0
1842,52,21,31,7,20,6,19,14,0,0,3,0,0,0,0,0,0,0,0,0,0,0,0,1.0,1.0,1.0,0.0,0.0,0.0,4,0,0
1843,52,21,31,7,20,6,19,14,0,0,3,0,0,0,0,0,0,0,0,0,0,0,0,1.0,1.0,1.0,0.0,0.0,0.0,4,0,0
1844,52,21,31,7,20,6,19,14,0,0,3,0,0,0,0,0,0,0,0,0,0,0,0,1.0,1.0,1.0,0.0,0.0,0.0,4,0,0
1845,51,21,30,7,19,6,19,14,0,0,3,0,0,0,0,0,0,0,0,0,1,0,1,0.962962962962963,1.0,1.0,0.0,0.0,0.0,4,0,1
1846,51,21,30,7,19,6,19,14,0,0,3,0,0,0,0,0,0,0,0,0,0,0,0,1.0,1.0,1.0,0.0,0.0,0.0,4,0,0
1847,51,21,30,7,19,6,19,14,0,0,3,0,0,0,0,0,0,0,0,0,0,0,0,1.0,1.0,1.0,0.0,0.0,0.0,4,0,0
1848,51,21,30,7,19,6,19,14,0,0,3,0,0,0,0,0,0,0,0,0,0,0,0,1.0,1.0,1.0,0.0,0.0,0.0,4,0,0
1849,51,21,30,7,19,6,19,14,0,0,3,0,0,0,0,0,0,0,0,0,0,0,0,1.0,1.0,1.0,0.0,0.0,0.0,4,0,0
1850,51,21,30,7,19,6,19,14,0,0,3,0,0,0,0,0,0,0,0,0,0,0,0,1.0,1.0,1.0,0.0,0.0,0.0,4,0,0
1851,51,21,30,7,19,6,19,14,0,0,3,0,0,0,0,0,0,0,0,0,0,0,0,1.0,1.0,1.0,0.0,0.0,0.0,4,0,0
1852,51,21,30,7,19,6,19,14,0,0,3,0,0,0,0,0,0,0,0,0,0,0,0,1.0,1.0,1.0,0.0,0.0,0.0,4,0,0
1853,49,19,30,6,18,6,19,14,0,0,3,0,0,0,0,0,0,0,0,0,2,0,2,0.9230769230769231,1.0,1.0,0.0,0.0,0.0,4,0,2
1854,49,19,30,6,18,6,19,14,0,0,3,0,0,0,0,0,0,0,0,0,0,0,0,1.0,1.0,1.0,0.0,0.0,0.0,4,0,0
1855,49,19,30,6,18,6,19,14,4,1,3,0,0,0,0,0,19,4,1,0,0,0,0,1.0,1.0,1.0,0.0,0.0,0.21052631578947367,4,0,0
1856,49,19,30,6,18,6,19,14,6,1,3,0,0,0,0,0,14,2,0,0,0,0,0,1.0,1.0,1.0,0.0,0.0,0.14285714285714285,4,0,0
1857,49,19,30,6,18,6,19,14,8,1,3,0,0,0,0,0,8,2,0,0,0,0,0,1.0,1.0,1.0,0.0,0.0,0.25,4,0,0
1858,49,19,30,6,18,6,19,14,9,2,3,0,0,0,0,0,6,1,1,0,0,0,0,1.0,1.0,1.0,0.0,0.0,0.16666666666666666,4,0,0
1859,49,19,30,6,18,6,19,14,9,2,3,0,0,0,0,0,0,0,0,0,0,1,0,1.0,1.0,1.0,0.0,0.0,0.0,4,0,0
1860,49,19,30,4,20,6,19,14,9,2,3,0,0,0,0,0,0,0,0,0,0,2,0,1.0,1.0,1.0,0.0,0.0,0.0,4,0,0
1861,49,19,30,4,20,6,19,14,9,2,3,0,0,0,0,0,0,0,0,0,0,0,0,1.0,1.0,1.0,0.0,0.0,0.0,4,0,0
1862,49,19,30,4,20,6,19,14,9,2,2,0,0,0,0,0,0,0,0,0,0,0,0,1.0,1.0,1.0,0.0,0.0,0.0,4,0,0
1863,49,19,30,4,19,7,19,14,10,2,2,0,0,0,0,0,7,1,0,0,0,0,0,1.0,1.0,1.0,0.0,0.0,0.14285714285714285,4,0,0
1864,49,19,30,4,17,9,19,14,10,2,2,0,0,0,0,0,0,0,0,0,0,0,0,1.0,1.0,1.0,0.0,0.0,0.0,4,0,0
1865,49,19,30,2,19,9,19,14,10,2,2,0,0,0,0,0,0,0,0,0,0,0,0,1.0,1.0,1.0,0.0,0.0,0.0,4,0,0
1866,49,19,30,2,19,9,19,14,10,2,2,0,0,0,0,0,0,0,0,0,0,0,0,1.0,1.0,1.0,0.0,0.0,0.0,4,0,0
1867,49,19,30,0,21,9,19,14,10,2,1,0,0,0,0,0,0,0,0,0,0,0,0,1.0,1.0,1.0,0.0,0.0,0.0,4,0,0
1868,49,19,30,0,21,9,19,14,10,2,1,0,0,0,0,0,6,0,0,0,0,0,0,1.0,1.0,1.0,0.0,0.0,0.0,4,0,0
1869,48,19,29,0,20,9,19,14,11,2,0,0,0,0,0,0,3,1,0,0,1,0,1,0.9523809523809523,1.0,1.0,0.0,0.0,0.3333333333333333,4,0,1
1870,48,19,29,0,20,9,19,14,12,2,0,0,0,0,0,0,8,1,0,0,0,0,0,1.0,1.0,1.0,0.0,0.0,0.125,4,0,0
1871,46,19,27,0,19,9,18,13,11,2,0,0,0,0,0,0,0,0,0,0,1,0,1,0.95,1.0,0.9285714285714286,0.0,0.0,0.0,4,0,2
1872,46,19,27,0,19,9,18,13,11,2,0,0,0,0,0,0,0,0,0,0,0,0,0,1.0,1.0,1.0,0.0,0.0,0.0,4,0,0
1873,46,19,27,0,19,9,18,13,11,2,0,0,0,0,0,0,0,0,0,0,0,0,0,1.0,1.0,1.0,0.0,0.0,0.0,4,0,0
1874,46,19,27,0,19,9,18,13,11,2,0,0,0,0,0,0,0,0,0,0,0,0,0,1.0,1.0,1.0,0.0,0.0,0.0,4,0,0
1875,46,19,27,0,19,9,18,13,11,2,0,0,0,0,0,0,0,0,0,0,0,0,0,1.0,1.0,1.0,0.0,0.0,0.0,4,0,0
1876,46,19,27,0,19,8,19,13,11,2,0,0,0,0,0,0,0,0,0,0,0,0,0,1.0,1.0,1.0,0.0,0.0,0.0,4,0,0
1877,46,19,27,0,19,8,19,13,11,2,0,0,0,0,0,0,0,0,0,0,0,0,0,1.0,1.0,1.0,0.0,0.0,0.0,4,0,0
1878,46,19,27,0,19,8,19,13,11,2,0,0,0,0,0,0,0,0,0,0,0,0,0,1.0,1.0,1.0,0.0,0.0,0.0,4,0,0
1879,46,19,27,0,19,8,19,13,11,2,0,0,0,0,0,0,0,0,0,0,0,0,0,1.0,1.0,1.0,0.0,0.0,0.0,4,0,0
1880,46,19,27,0,19,8,19,13,11,2,0,0,0,0,0,0,0,0,0,0,0,0,0,1.0,1.0,1.0,0.0,0.0,0.0,4,0,0
1881,46,19,27,0,19,8,19,13,11,2,0,0,0,0,0,0,0,0,0,0,0,0,0,1.0,1.0,1.0,0.0,0.0,0.0,4,0,0
1882,45,18,27,0,18,8,19,13,11,2,0,0,0,0,0,0,0,0,0,0,1,0,1,0.9473684210526316,1.0,1.0,0.0,0.0,0.0,4,0,1
1883,44,18,26,0,17,7,20,13,11,2,0,0,0,0,0,0,0,0,0,0,1,0,1,0.9444444444444444,1.0,1.0,0.0,0.0,0.0,4,0,1
1884,44,18,26,0,17,7,20,13,11,2,0,0,0,0,0,0,0,0,0,0,0,0,0,1.0,1.0,1.0,0.0,0.0,0.0,4,0,0
1885,44,18,26,0,17,7,20,13,11,2,0,0,0,0,0,0,0,0,0,0,0,0,0,1.0,1.0,1.0,0.0,0.0,0.0,4,0,0
1886,44,18,26,0,17,7,20,13,11,2,0,0,0,0,0,0,0,0,0,0,0,0,0,1.0,1.0,1.0,0.0,0.0,0.0,4,0,0
1887,44,18,26,0,17,7,20,13,11,2,0,0,0,0,0,0,0,0,0,0,0,0,0,1.0,1.0,1.0,0.0,0.0,0.0,4,0,0
1888,44,18,26,0,17,7,20,13,11,2,0,0,0,0,0,0,0,0,0,0,0,0,0,1.0,1.0,1.0,0.0,0.0,0.0,4,0,0
1889,44,18,26,0,17,7,20,13,11,2,0,0,0,0,0,0,0,0,0,0,0,0,0,1.0,1.0,1.0,0.0,0.0,0.0,4,0,0
1890,44,18,26,0,17,7,20,13,11,2,0,0,0,0,0,0,0,0,0,0,0,0,0,1.0,1.0,1.0,0.0,0.0,0.0,4,0,0
1891,44,18,26,0,17,7,20,13,11,2,0,0,0,0,0,0,0,0,0,0,0,0,0,1.0,1.0,1.0,0.0,0.0,0.0,4,0,0
1892,44,18,26,0,17,7,20,13,11,2,0,0,0,0,0,0,0,0,0,0,0,0,0,1.0,1.0,1.0,0.0,0.0,0.0,4,0,0
1893,43,18,25,0,16,7,20,13,11,2,0,0,0,0,0,0,0,0,0,0,1,0,1,0.9411764705882353,1.0,1.0,0.0,0.0,0.0,4,0,1
1894,43,18,25,0,16,7,20,13,11,2,0,0,0,0,0,0,0,0,0,0,0,0,0,1.0,1.0,1.0,0.0,0.0,0.0,4,0,0
1895,43,18,25,0,16,7,20,13,11,2,0,0,0,0,0,0,0,0,0,0,0,0,0,1.0,1.0,1.0,0.0,0.0,0.0,4,0,0
1896,43,18,25,0,16,7,20,13,11,2,0,0,0,0,0,0,0,0,0,0,0,0,0,1.0,1.0,1.0,0.0,0.0,0.0,4,0,0
1897,43,18,25,0,16,7,20,13,11,2,0,0,0,0,0,0,0,0,0,0,0,0,0,1.0,1.0,1.0,0.0,0.0,0.0,4,0,0
1898,43,18,25,0,16,7,20,13,11,2,0,0,0,0,0,0,0,0,0,0,0,0,0,1.0,1.0,1.0,0.0,0.0,0.0,4,0,0
1899,43,18,25,0,16,7,20,13,11,2,0,0,0,0,0,0,0,0,0,0,0,0,0,1.0,1.0,1.0,0.0,0.0,0.0,4,0,0
1900,42,18,24,0,16,7,19,12,10,1,0,0,0,0,0,0,0,0,0,0,0,0,0,1.0,1.0,0.9230769230769231,0.0,0.0,0.0,4,0,1
1901,42,18,24,0,16,7,19,12,10,1,0,0,0,0,0,0,1,0,0,0,0,0,0,1.0,1.0,1.0,0.0,0.0,0.0,4,0,0
1902,42,18,24,0,16,6,20,13,11,1,0,0,0,0,0,0,6,1,0,0,0,0,0,1.0,1.0,1.0,0.0,0.0,0.16666666666666666,4,0,0
1903,42,18,24,0,16,6,20,13,11,0,0,0,0,0,0,0,0,0,0,0,0,0,0,1.0,1.0,1.0,0.0,0.0,0.0,4,0,0
1904,42,18,24,0,16,6,20,13,12,0,0,0,0,0,0,0,2,1,0,0,0,0,0,1.0,1.0,1.0,0.0,0.0,0.5,4,0,0
1905,42,18,24,0,16,6,20,13,12,0,0,0,0,0,0,0,0,0,0,0,0,0,0,1.0,1.0,1.0,0.0,0.0,0.0,4,0,0
1906,42,18,24,0,16,6,20,13,12,0,0,0,0,0,0,0,0,0,0,0,0,0,0,1.0,1.0,1.0,0.0,0.0,0.0,4,0,0
1907,41,17,24,0,15,6,20,13,13,0,0,0,0,0,0,0,7,1,0,0,1,0,1,0.9375,1.0,1.0,0.0,0.0,0.14285714285714285,4,0,1
1908,41,17,24,0,15,6,20,13,13,0,0,0,0,0,0,0,0,0,0,0,0,0,0,1.0,1.0,1.0,0.0,0.0,0.0,4,0,0
1909,41,17,24,0,15,6,20,13,13,0,0,0,0,0,0,0,0,0,0,0,0,0,0,1.0,1.0,1.0,0.0,0.0,0.0,4,0,0
1910,41,17,24,0,15,6,20,13,13,0,0,0,0,0,0,0,0,0,0,0,0,0,0,1.0,1.0,1.0,0.0,0.0,0.0,4,0,0
1911,41,17,24,0,15,6,20,13,13,0,0,0,0,0,0,0,0,0,0,0,0,0,0,1.0,1.0,1.0,0.0,0.0,0.0,4,0,0
1912,41,17,24,0,15,6,20,13,13,0,0,0,0,0,0,0,0,0,0,0,0,0,0,1.0,1.0,1.0,0.0,0.0,0.0,4,0,0
1913,41,17,24,0,15,6,20,13,13,0,0,0,0,0,0,0,0,0,0,0,0,0,0,1.0,1.0,1.0,0.0,0.0,0.0,4,0,0
1914,41,17,24,0,15,6,20,13,13,0,0,0,0,0,0,0,0,0,0,0,0,0,0,1.0,1.0,1.0,0.0,0.0,0.0,4,0,0
1915,41,17,24,0,15,6,20,13,13,0,0,0,0,0,0,0,0,0,0,0,0,0,0,1.0,1.0,1.0,0.0,0.0,0.0,4,0,0
1916,41,17,24,0,15,6,20,13,13,0,0,0,0,0,0,0,0,0,0,0,0,0,0,1.0,1.0,1.0,0.0,0.0,0.0,4,0,0
1917,41,17,24,0,15,6,20,13,13,0,0,0,0,0,0,0,0,0,0,0,0,0,0,1.0,1.0,1.0,0.0,0.0,0.0,4,0,0
1918,41,17,24,0,15,6,20,13,13,0,0,0,0,0,0,0,0,0,0,0,0,0,0,1.0,1.0,1.0,0.0,0.0,0.0,4,0,0
1919,41,17,24,0,15,6,20,13,13,0,0,0,0,0,0,0,0,0,0,0,0,0,0,1.0,1.0,1.0,0.0,0.0,0.0,4,0,0
1920,53,21,32,12,15,6,20,13,10,0,3,0,0,0,0,0,0,0,0,3,0,0,0,1.0,1.0,1.0,0.2926829268292683,0.2926829268292683,0.0,4,12,0
1921,58,25,33,19,13,6,20,13,8,0,5,0,0,0,0,0,0,0,0,2,3,0,3,0.8888888888888888,1.0,1.0,0.1509433962264151,0.1509433962264151,0.0,4,8,3
1922,66,27,39,27,13,6,20,13,6,0,7,0,0,0,0,0,0,0,0,2,0,0,0,1.0,1.0,1.0,0.13793103448275862,0.13793103448275862,0.0,4,8,0
1923,68,29,39,30,12,6,20,13,5,0,8,0,0,0,0,0,0,0,0,1,2,0,2,0.95,1.0,1.0,0.06060606060606061,0.06060606060606061,0.0,4,4,2
1924,63,25,38,27,11,5,20,14,5,0,8,0,0,0,0,0,1,0,0,0,4,0,4,0.9047619047619048,0.8571428571428572,1.0,0.0,0.0,0.0,4,0,5
1925,58,23,35,24,9,5,20,14,5,0,8,0,0,0,0,0,0,0,0,0,5,0,5,0.868421052631579,1.0,1.0,0.0,0.0,0.0,3,0,5
1926,58,23,35,24,9,5,20,14,5,0,8,0,0,0,0,0,0,0,0,0,0,0,0,1.0,1.0,1.0,0.0,0.0,0.0,3,0,0
1927,57,23,34,23,9,5,20,14,5,0,8,0,0,0,0,0,0,0,0,0,1,0,1,0.9696969696969697,1.0,1.0,0.0,0.0,0.0,3,0,1
1928,57,23,34,23,9,5,20,14,5,0,8,0,0,0,0,0,0,0,0,0,0,0,0,1.0,1.0,1.0,0.0,0.0,0.0,3,0,0
1929,57,23,34,23,9,4,21,15,5,0,8,0,0,0,0,0,0,0,0,0,0,0,0,1.0,1.0,1.0,0.0,0.0,0.0,3,0,0
1930,57,23,34,23,9,4,21,15,5,0,8,0,0,0,0,0,0,0,0,0,0,0,0,1.0,1.0,1.0,0.0,0.0,0.0,3,0,0
1931,54,20,34,21,8,4,21,15,5,0,8,0,0,0,0,0,0,0,0,0,3,0,3,0.90625,1.0,1.0,0.0,0.0,0.0,3,0,3
1932,54,20,34,21,8,4,21,15,5,0,8,0,0,0,0,0,0,0,0,0,0,0,0,1.0,1.0,1.0,0.0,0.0,0.0,3,0,0
1933,53,20,33,21,7,4,21,15,6,0,8,0,0,0,0,0,7,1,0,0,1,0,1,0.9655172413793104,1.0,1.0,0.0,0.0,0.14285714285714285,3,0,1
1934,57,22,35,25,7,4,21,15,6,0,9,0,0,0,0,0,4,1,0,1,0,0,0,1.0,1.0,1.0,0.07547169811320754,0.07547169811320754,0.25,3,4,0
1935,59,22,37,27,7,4,21,15,5,0,10,0,0,0,0,0,0,0,0,1,1,0,1,0.96875,1.0,1.0,0.05263157894736842,0.05263157894736842,0.0,3,3,1
1936,57,21,36,25,7,4,21,15,5,0,10,0,0,0,0,0,0,0,0,0,2,0,2,0.9411764705882353,1.0,1.0,0.0,0.0,0.0,3,0,2
1937,57,21,36,25,7,4,21,15,5,0,10,0,0,0,0,0,0,0,0,0,0,0,0,1.0,1.0,1.0,0.0,0.0,0.0,3,0,0
1938,57,21,36,25,7,4,21,15,5,0,10,0,0,0,0,0,0,0,0,0,0,0,0,1.0,1.0,1.0,0.0,0.0,0.0,3,0,0
1939,57,21,36,25,7,4,21,15,5,0,10,0,0,0,0,0,0,0,0,0,0,0,0,1.0,1.0,1.0,0.0,0.0,0.0,3,0,0
1940,57,21,36,25,7,4,21,15,5,0,10,0,0,0,0,0,0,0,0,0,0,0,0,1.0,1.0,1.0,0.0,0.0,0.0,3,0,0
1941,55,20,35,23,7,4,21,15,5,0,10,0,0,0,0,0,0,0,0,0,2,0,2,0.9375,1.0,1.0,0.0,0.0,0.0,3,0,2
1942,55,20,35,23,7,4,21,15,5,0,10,0,0,0,0,0,0,0,0,0,0,0,0,1.0,1.0,1.0,0.0,0.0,0.0,3,0,0
1943,55,20,35,23,7,4,21,15,5,0,10,0,0,0,0,0,0,0,0,0,0,0,0,1.0,1.0,1.0,0.0,0.0,0.0,3,0,0
1944,55,20,35,23,7,4,21,15,5,0,10,0,0,0,0,0,0,0,0,0,0,0,0,1.0,1.0,1.0,0.0,0.0,0.0,3,0,0
1945,55,20,35,23,7,4,21,15,5,0,10,0,0,0,0,0,0,0,0,0,0,0,0,1.0,1.0,1.0,0.0,0.0,0.0,3,0,0
1946,54,20,34,22,7,4,21,15,5,0,10,0,0,0,0,0,0,0,0,0,1,0,1,0.9666666666666667,1.0,1.0,0.0,0.0,0.0,3,0,1
1947,54,20,34,22,7,4,21,15,5,0,10,0,0,0,0,0,0,0,0,0,0,0,0,1.0,1.0,1.0,0.0,0.0,0.0,3,0,0
1948,54,20,34,22,7,4,21,15,5,0,10,0,0,0,0,0,0,0,0,0,0,0,0,1.0,1.0,1.0,0.0,0.0,0.0,3,0,0
1949,54,20,34,22,7,4,21,15,5,0,10,0,0,0,0,0,0,0,0,0,0,0,0,1.0,1.0,1.0,0.0,0.0,0.0,3,0,0
1950,52,20,32,20,7,4,21,15,5,0,10,0,0,0,0,0,0,0,0,0,2,1,2,0.9310344827586207,1.0,1.0,0.0,0.0,0.0,3,0,2
1951,52,20,32,20,7,4,21,15,5,0,10,0,0,0,0,0,0,0,0,0,0,0,0,1.0,1.0,1.0,0.0,0.0,0.0,3,0,0
1952,52,20,32,20,7,4,21,15,5,0,10,0,0,0,0,0,0,0,0,0,0,0,0,1.0,1.0,1.0,0.0,0.0,0.0,3,0,0
1953,52,20,32,20,7,4,21,15,5,0,10,0,0,0,0,0,0,0,0,0,0,0,0,1.0,1.0,1.0,0.0,0.0,0.0,3,0,0
1954,52,20,32,20,6,5,21,15,5,0,10,0,0,0,0,0,0,0,0,0,0,0,0,1.0,1.0,1.0,0.0,0.0,0.0,3,0,0
1955,51,20,31,19,6,5,21,15,5,0,10,0,0,0,0,0,0,0,0,0,1,0,1,0.9615384615384616,1.0,1.0,0.0,0.0,0.0,3,0,1
1956,50,20,30,18,6,4,22,16,5,0,10,0,0,0,0,0,0,0,0,0,1,0,1,0.96,1.0,1.0,0.0,0.0,0.0,3,0,1
1957,50,20,30,18,6,4,22,16,5,0,10,0,0,0,0,0,0,0,0,0,0,0,0,1.0,1.0,1.0,0.0,0.0,0.0,3,0,0
1958,50,20,30,18,6,4,22,16,5,0,10,0,0,0,0,0,0,0,0,0,0,0,0,1.0,1.0,1.0,0.0,0.0,0.0,3,0,0
1959,50,20,30,18,6,4,22,16,6,0,10,0,0,0,0,0,6,1,0,0,0,0,0,1.0,1.0,1.0,0.0,0.0,0.16666666666666666,3,0,0
1960,49,19,30,17,6,4,22,16,6,0,10,0,0,0,0,0,0,0,0,0,1,0,1,0.9583333333333334,1.0,1.0,0.0,0.0,0.0,3,0,1
1961,49,19,30,17,6,4,22,16,6,0,10,0,0,0,0,0,0,0,0,0,0,1,0,1.0,1.0,1.0,0.0,0.0,0.0,3,0,0
1962,49,19,30,17,6,4,22,16,6,0,10,0,0,0,0,0,0,0,0,0,0,1,0,1.0,1.0,1.0,0.0,0.0,0.0,3,0,0
1963,49,19,30,13,10,4,22,16,6,0,10,0,0,0,0,0,0,0,0,0,0,0,0,1.0,1.0,1.0,0.0,0.0,0.0,3,0,0
1964,49,19,30,8,15,4,22,16,6,0,10,0,0,0,0,0,0,0,0,0,0,0,0,1.0,1.0,1.0,0.0,0.0,0.0,3,0,0
1965,48,18,30,7,14,5,22,16,6,0,7,0,0,0,0,0,0,0,0,0,1,0,1,0.9545454545454546,1.0,1.0,0.0,0.0,0.0,3,0,1
1966,48,18,30,6,14,6,22,16,7,0,5,0,0,0,0,0,4,1,0,0,0,0,0,1.0,1.0,1.0,0.0,0.0,0.25,3,0,0
1967,52,18,34,10,14,6,22,16,8,0,4,0,0,0,0,0,9,2,0,1,0,1,0,1.0,1.0,1.0,0.08333333333333333,0.08333333333333333,0.2222222222222222,3,4,0
1968,51,18,33,10,13,6,22,16,8,0,3,0,0,0,0,0,2,0,0,0,1,0,1,0.9583333333333334,1.0,1.0,0.0,0.0,0.0,3,0,1
1969,54,19,35,13,13,6,22,16,7,1,4,0,0,0,0,0,4,0,1,1,0,0,0,1.0,1.0,1.0,0.058823529411764705,0.058823529411764705,0.0,3,3,0
1970,54,19,35,13,13,6,22,16,8,1,4,0,0,0,0,0,7,1,0,0,0,0,0,1.0,1.0,1.0,0.0,0.0,0.14285714285714285,3,0,0
1971,53,18,35,13,11,7,22,16,9,2,4,0,0,0,0,0,3,1,1,0,1,0,1,0.96,1.0,1.0,0.0,0.0,0.3333333333333333,3,0,1
1972,56,18,38,16,11,7,22,16,8,2,5,0,0,0,0,0,0,0,0,1,0,1,0,1.0,1.0,1.0,0.05660377358490566,0.05660377358490566,0.0,3,3,0
1973,55,17,38,16,11,6,22,16,8,2,5,0,0,0,0,0,0,0,0,0,0,0,0,1.0,1.0,1.0,0.0,0.0,0.0,3,0,1
1974,55,17,38,16,11,6,22,16,8,2,5,0,0,0,0,0,0,0,0,0,0,0,0,1.0,1.0,1.0,0.0,0.0,0.0,3,0,0
1975,54,17,37,15,11,6,22,16,8,2,5,0,0,0,0,0,0,0,0,0,1,0,1,0.962962962962963,1.0,1.0,0.0,0.0,0.0,3,0,1
1976,54,17,37,15,10,7,22,16,8,2,5,0,0,0,0,0,0,0,0,0,0,0,0,1.0,1.0,1.0,0.0,0.0,0.0,3,0,0
1977,54,17,37,11,14,6,23,17,8,2,5,0,0,0,0,0,0,0,0,0,0,0,0,1.0,1.0,1.0,0.0,0.0,0.0,3,0,0
1978,53,17,36,9,16,6,22,16,8,1,5,0,0,0,0,0,0,0,0,0,0,0,0,1.0,1.0,0.9411764705882353,0.0,0.0,0.0,3,0,1
1979,53,17,36,9,16,5,23,17,8,1,4,0,0,0,0,0,8,0,0,0,0,0,0,1.0,1.0,1.0,0.0,0.0,0.0,3,0,0
1980,52,16,36,9,15,5,23,17,10,1,3,0,0,0,0,0,9,2,0,0,1,0,1,0.96,1.0,1.0,0.0,0.0,0.2222222222222222,3,0,1
1981,51,16,35,8,15,5,23,17,11,1,3,0,0,0,0,0,8,1,0,0,1,0,1,0.9583333333333334,1.0,1.0,0.0,0.0,0.125,3,0,1
1982,51,16,35,8,15,5,23,17,11,1,3,0,0,0,0,0,0,0,0,0,0,0,0,1.0,1.0,1.0,0.0,0.0,0.0,3,0,0
1983,51,16,35,8,15,5,23,17,11,1,3,0,0,0,0,0,0,0,0,0,0,0,0,1.0,1.0,1.0,0.0,0.0,0.0,3,0,0
1984,49,16,33,8,13,5,23,17,11,1,3,0,0,0,0,0,0,0,0,0,2,0,2,0.9130434782608696,1.0,1.0,0.0,0.0,0.0,3,0,2
1985,49,16,33,8,13,5,23,17,12,1,3,0,0,0,0,0,5,1,0,0,0,0,0,1.0,1.0,1.0,0.0,0.0,0.2,3,0,0
1986,49,16,33,8,13,5,23,17,13,1,3,0,0,0,0,0,7,1,0,0,0,0,0,1.0,1.0,1.0,0.0,0.0,0.14285714285714285,3,0,0
1987,49,16,33,8,13,5,23,17,13,1,3,0,0,0,0,0,0,0,0,0,0,0,0,1.0,1.0,1.0,0.0,0.0,0.0,3,0,0
1988,49,16,33,8,13,5,23,17,13,1,3,0,0,0,0,0,0,0,0,0,0,0,0,1.0,1.0,1.0,0.0,0.0,0.0,3,0,0
1989,48,15,33,8,12,5,23,17,13,1,3,0,0,0,0,0,0,0,0,0,1,0,1,0.9523809523809523,1.0,1.0,0.0,0.0,0.0,3,0,1
1990,48,15,33,8,12,5,23,17,13,1,3,0,0,0,0,0,0,0,0,0,0,0,0,1.0,1.0,1.0,0.0,0.0,0.0,3,0,0
1991,48,15,33,8,12,5,23,17,13,1,3,0,0,0,0,0,0,0,0,0,0,0,0,1.0,1.0,1.0,0.0,0.0,0.0,3,0,0
1992,48,15,33,8,12,5,23,17,13,1,3,0,0,0,0,0,0,0,0,0,0,0,0,1.0,1.0,1.0,0.0,0.0,0.0,3,0,0
1993,48,15,33,8,12,5,23,17,13,1,3,0,0,0,0,0,0,0,0,0,0,0,0,1.0,1.0,1.0,0.0,0.0,0.0,3,0,0
1994,47,15,32,8,11,5,23,17,13,1,3,0,0,0,0,0,0,0,0,0,1,0,1,0.95,1.0,1.0,0.0,0.0,0.0,3,0,1
1995,47,15,32,8,11,5,23,17,13,1,3,0,0,0,0,0,0,0,0,0,0,0,0,1.0,1.0,1.0,0.0,0.0,0.0,3,0,0
1996,47,15,32,8,11,5,23,17,13,1,3,0,0,0,0,0,0,0,0,0,0,0,0,1.0,1.0,1.0,0.0,0.0,0.0,3,0,0
1997,47,15,32,8,11,5,23,17,13,1,3,0,0,0,0,0,0,0,0,0,0,0,0,1.0,1.0,1.0,0.0,0.0,0.0,3,0,0
1998,49,17,32,10,11,5,23,17,12,1,4,0,0,0,0,0,0,0,0,1,1,0,1,0.9473684210526316,1.0,1.0,0.06382978723404255,0.06382978723404255,0.0,3,3,1
1999,52,21,31,14,10,5,23,17,11,1,5,0,0,0,0,0,0,0,0,1,1,0,1,0.9523809523809523,1.0,1.0,0.08163265306122448,0.08163265306122448,0.0,3,4,1
2000,52,21,31,14,10,5,23,17,11,1,5,0,0,0,0,0,0,0,0,0,0,0,0,1.0,1.0,1.0,0.0,0.0,0.0,3,0,0
2001,52,21,31,14,10,4,24,18,11,2,5,0,0,0,0,0,1,0,1,0,0,0,0,1.0,1.0,1.0,0.0,0.0,0.0,3,0,0
2002,52,21,31,14,10,4,24,18,11,2,5,0,0,0,0,0,0,0,0,0,0,0,0,1.0,1.0,1.0,0.0,0.0,0.0,3,0,0
2003,52,21,31,14,10,4,24,18,11,2,5,0,0,0,0,0,0,0,0,0,0,0,0,1.0,1.0,1.0,0.0,0.0,0.0,3,0,0
2004,52,21,31,14,10,4,24,18,11,2,5,0,0,0,0,0,0,0,0,0,0,1,0,1.0,1.0,1.0,0.0,0.0,0.0,3,0,0
2005,52,21,31,14,10,4,24,18,11,2,5,0,0,0,0,0,0,0,0,0,0,0,0,1.0,1.0,1.0,0.0,0.0,0.0,3,0,0
2006,52,21,31,14,10,4,24,18,11,2,5,0,0,0,0,0,0,0,0,0,0,0,0,1.0,1.0,1.0,0.0,0.0,0.0,3,0,0
2007,52,21,31,14,10,4,24,18,11,2,5,0,0,0,0,0,0,0,0,0,0,0,0,1.0,1.0,1.0,0.0,0.0,0.0,3,0,0
2008,51,21,30,13,9,5,24,18,11,2,5,0,1,0,1,0,0,0,0,0,1,0,1,0.9565217391304348,1.0,1.0,0.0,0.0,0.0,3,0,1
2009,49,19,30,13,8,4,24,18,11,2,5,0,1,0,0,0,0,0,0,0,1,0,1,0.9545454545454546,1.0,1.0,0.0,0.0,0.0,3,0,2
2010,49,19,30,10,11,4,24,18,11,2,5,0,4,0,3,0,0,0,0,0,0,0,0,1.0,1.0,1.0,0.0,0.0,0.0,3,0,0
2011,49,19,30,10,11,4,24,18,11,2,5,1,4,1,0,0,0,0,0,0,0,0,0,1.0,1.0,1.0,0.0,0.0,0.0,3,0,0
2012,49,19,30,7,14,4,24,18,11,2,4,2,5,1,1,0,0,0,0,0,0,0,0,1.0,1.0,1.0,0.0,0.0,0.0,3,0,0
2013,49,19,30,7,14,4,24,18,11,2,4,4,5,2,0,0,0,0,0,0,0,0,0,1.0,1.0,1.0,0.0,0.0,0.0,3,0,0
2014,49,19,30,7,14,4,24,18,11,1,3,4,5,0,0,0,0,0,0,0,0,0,0,1.0,1.0,1.0,0.0,0.0,0.0,3,0,0
2015,49,19,30,6,15,4,24,18,12,1,3,4,5,0,0,0,5,1,0,0,0,0,0,1.0,1.0,1.0,0.0,0.0,0.2,3,0,0
2016,49,19,30,6,15,4,24,18,13,1,3,4,5,0,0,0,3,1,0,0,0,0,0,1.0,1.0,1.0,0.0,0.0,0.3333333333333333,3,0,0
2017,49,19,30,6,15,4,24,18,13,1,2,4,5,0,0,0,0,0,0,0,0,0,0,1.0,1.0,1.0,0.0,0.0,0.0,3,0,0
2018,49,19,30,6,15,4,24,18,14,1,2,4,5,0,0,0,6,1,0,0,0,0,0,1.0,1.0,1.0,0.0,0.0,0.16666666666666666,3,0,0
2019,47,18,29,6,14,4,23,18,14,1,2,4,5,0,0,0,0,0,0,0,1,0,1,0.9523809523809523,0.8333333333333334,1.0,0.0,0.0,0.0,3,0,2
2020,46,18,28,6,13,4,23,18,14,1,2,4,5,0,0,0,0,0,0,0,1,0,1,0.95,1.0,1.0,0.0,0.0,0.0,3,0,1
2021,46,18,28,6,13,4,23,18,14,1,2,4,5,0,0,0,0,0,0,0,0,0,0,1.0,1.0,1.0,0.0,0.0,0.0,3,0,0
2022,46,18,28,6,13,4,23,18,14,1,2,4,5,0,0,0,0,0,0,0,0,0,0,1.0,1.0,1.0,0.0,0.0,0.0,3,0,0
2023,46,18,28,6,13,4,23,18,14,1,2,4,5,0,0,0,0,0,0,0,0,0,0,1.0,1.0,1.0,0.0,0.0,0.0,3,0,0
2024,50,21,29,10,13,4,23,18,13,1,3,4,5,0,0,0,0,0,0,1,0,0,0,1.0,1.0,1.0,0.08695652173913043,0.08695652173913043,0.0,3,4,0
2025,50,21,29,10,13,4,23,18,13,1,3,4,5,0,0,0,0,0,0,0,0,0,0,1.0,1.0,1.0,0.0,0.0,0.0,3,0,0
2026,50,21,29,10,13,4,23,18,13,1,3,4,5,0,0,0,0,0,0,0,0,0,0,1.0,1.0,1.0,0.0,0.0,0.0,3,0,0
2027,50,21,29,10,13,4,23,18,13,1,3,4,5,0,0,0,0,0,0,0,0,0,0,1.0,1.0,1.0,0.0,0.0,0.0,3,0,0
2028,50,21,29,10,13,4,23,18,13,1,3,4,5,0,0,0,0,0,0,0,0,0,0,1.0,1.0,1.0,0.0,0.0,0.0,3,0,0
2029,50,21,29,10,13,4,23,18,13,1,3,4,5,0,0,0,0,0,0,0,0,0,0,1.0,1.0,1.0,0.0,0.0,0.0,3,0,0
2030,50,21,29,10,13,4,23,18,13,1,3,4,5,0,0,0,0,0,0,0,0,0,0,1.0,1.0,1.0,0.0,0.0,0.0,3,0,0
2031,54,22,32,14,13,4,23,18,12,1,4,4,5,0,0,0,0,0,0,1,0,0,0,1.0,1.0,1.0,0.08,0.08,0.0,3,4,0
2032,59,26,33,19,13,4,23,18,10,1,6,4,5,0,0,0,0,0,0,2,1,0,1,0.962962962962963,1.0,1.0,0.1111111111111111,0.1111111111111111,0.0,3,6,1
2033,58,26,32,18,13,4,23,18,10,1,6,4,5,0,0,0,0,0,0,0,1,0,1,0.96875,1.0,1.0,0.0,0.0,0.0,3,0,1
2034,57,25,32,17,13,4,23,18,10,1,6,4,5,0,0,0,0,0,0,0,1,0,1,0.967741935483871,1.0,1.0,0.0,0.0,0.0,3,0,1
2035,60,26,34,20,13,4,23,18,9,1,7,4,5,0,0,0,0,0,0,1,0,0,0,1.0,1.0,1.0,0.05263157894736842,0.05263157894736842,0.0,3,3,0
2036,61,27,34,24,10,4,23,18,8,1,8,4,5,0,0,0,0,0,0,1,3,0,3,0.9090909090909091,1.0,1.0,0.06666666666666667,0.06666666666666667,0.0,3,4,3
2037,60,27,33,23,10,4,23,18,8,1,8,4,5,0,0,0,0,0,0,0,1,0,1,0.9705882352941176,1.0,1.0,0.0,0.0,0.0,3,0,1
2038,59,26,33,22,10,4,23,18,8,1,8,4,5,0,0,0,0,0,0,0,1,0,1,0.9696969696969697,1.0,1.0,0.0,0.0,0.0,3,0,1
2039,59,26,33,22,10,4,23,18,8,1,8,4,5,0,0,0,0,0,0,0,0,0,0,1.0,1.0,1.0,0.0,0.0,0.0,3,0,0
2040,58,26,32,22,9,4,23,18,8,1,8,4,5,0,0,0,0,0,0,0,1,0,1,0.96875,1.0,1.0,0.0,0.0,0.0,3,0,1
2041,58,26,32,20,11,4,23,18,8,1,8,4,5,0,0,0,0,0,0,0,0,0,0,1.0,1.0,1.0,0.0,0.0,0.0,3,0,0
2042,58,26,32,17,14,4,23,18,8,1,8,4,5,0,0,0,0,0,0,0,0,0,0,1.0,1.0,1.0,0.0,0.0,0.0,3,0,0
2043,57,26,31,17,13,4,23,18,8,1,7,4,5,0,0,0,0,0,0,0,1,0,1,0.967741935483871,1.0,1.0,0.0,0.0,0.0,3,0,1
2044,56,25,31,17,12,4,23,18,8,2,6,4,5,0,0,0,2,0,1,0,1,0,1,0.9666666666666667,1.0,1.0,0.0,0.0,0.0,3,0,1
2045,62,32,30,24,11,4,23,18,7,2,8,4,5,0,0,0,6,1,0,2,1,0,1,0.9655172413793104,1.0,1.0,0.125,0.125,0.16666666666666666,3,7,1
2046,66,33,33,28,11,4,23,18,6,1,9,4,5,0,0,0,0,0,0,1,0,0,0,1.0,1.0,1.0,0.06451612903225806,0.06451612903225806,0.0,3,4,0
2047,66,33,33,28,11,4,23,18,6,1,9,4,5,0,0,0,6,0,0,0,0,0,0,1.0,1.0,1.0,0.0,0.0,0.0,3,0,0
2048,64,32,32,26,11,4,23,18,6,1,9,4,5,0,0,0,2,0,0,0,2,0,2,0.9487179487179487,1.0,1.0,0.0,0.0,0.0,3,0,2
2049,64,32,32,26,11,4,23,18,7,1,9,4,5,0,0,0,2,1,0,0,0,0,0,1.0,1.0,1.0,0.0,0.0,0.5,3,0,0
2050,67,33,34,30,10,4,23,18,6,1,10,4,5,0,0,0,0,0,0,1,1,0,1,0.972972972972973,1.0,1.0,0.0625,0.0625,0.0,3,4,1
2051,70,35,35,33,10,4,23,18,5,1,11,4,5,0,0,0,0,0,0,1,0,0,0,1.0,1.0,1.0,0.04477611940298507,0.04477611940298507,0.0,3,3,0
2052,68,34,34,32,9,4,23,18,5,1,11,4,5,0,0,0,0,0,0,0,2,0,2,0.9534883720930233,1.0,1.0,0.0,0.0,0.0,3,0,2
2053,67,33,34,32,8,4,23,18,5,1,11,4,5,0,0,0,0,0,0,0,1,0,1,0.975609756097561,1.0,1.0,0.0,0.0,0.0,3,0,1
2054,67,33,34,32,8,4,23,18,5,1,11,4,5,0,0,0,0,0,0,0,0,0,0,1.0,1.0,1.0,0.0,0.0,0.0,3,0,0
2055,67,33,34,32,8,4,23,18,5,1,11,4,5,0,0,0,0,0,0,0,0,0,0,1.0,1.0,1.0,0.0,0.0,0.0,3,0,0
2056,63,30,33,30,6,4,23,18,5,1,11,4,5,0,0,0,0,0,0,0,4,0,4,0.9,1.0,1.0,0.0,0.0,0.0,3,0,4
2057,62,30,32,30,5,4,23,18,5,1,11,4,5,0,0,0,0,0,0,0,1,0,1,0.9722222222222222,1.0,1.0,0.0,0.0,0.0,3,0,1
2058,60,29,31,28,5,4,23,18,5,1,11,4,5,0,0,0,0,0,0,0,2,0,2,0.9428571428571428,1.0,1.0,0.0,0.0,0.0,3,0,2
2059,59,29,30,28,5,4,22,17,5,1,10,4,5,0,0,0,0,0,0,0,0,0,0,1.0,1.0,0.9444444444444444,0.0,0.0,0.0,3,0,1
2060,58,29,29,27,5,4,22,17,5,1,10,4,5,0,0,0,0,0,0,0,1,0,1,0.9696969696969697,1.0,1.0,0.0,0.0,0.0,3,0,1
2061,55,26,29,25,5,3,22,17,5,1,10,4,5,0,0,0,0,0,0,0,2,0,2,0.9375,1.0,1.0,0.0,0.0,0.0,3,0,3
2062,55,26,29,25,5,3,22,17,5,1,10,4,5,0,0,0,0,0,0,0,0,0,0,1.0,1.0,1.0,0.0,0.0,0.0,3,0,0
2063,53,24,29,24,4,3,22,17,5,1,10,4,5,0,0,0,0,0,0,0,2,0,2,0.9333333333333333,1.0,1.0,0.0,0.0,0.0,3,0,2
2064,53,24,29,24,4,3,22,17,5,1,10,4,5,0,0,0,0,0,0,0,0,0,0,1.0,1.0,1.0,0.0,0.0,0.0,3,0,0
2065,53,24,29,24,4,3,22,17,5,1,10,4,5,0,0,0,0,0,0,0,0,0,0,1.0,1.0,1.0,0.0,0.0,0.0,3,0,0
2066,52,23,29,24,3,3,22,17,5,1,10,4,5,0,0,0,0,0,0,0,1,0,1,0.9642857142857143,1.0,1.0,0.0,0.0,0.0,3,0,1
2067,51,23,28,21,5,3,22,17,5,1,10,4,5,0,0,0,0,0,0,0,1,0,1,0.962962962962963,1.0,1.0,0.0,0.0,0.0,3,0,1
2068,51,23,28,21,5,3,22,17,5,1,10,4,5,0,0,0,0,0,0,0,0,0,0,1.0,1.0,1.0,0.0,0.0,0.0,3,0,0
2069,50,23,27,21,4,3,22,17,5,1,9,4,5,0,0,0,0,0,0,0,1,0,1,0.9615384615384616,1.0,1.0,0.0,0.0,0.0,3,0,1
2070,50,23,27,21,4,3,22,17,5,1,9,4,5,0,0,0,0,0,0,0,0,0,0,1.0,1.0,1.0,0.0,0.0,0.0,3,0,0
2071,50,23,27,21,4,3,22,17,5,1,9,4,5,0,0,0,0,0,0,0,0,0,0,1.0,1.0,1.0,0.0,0.0,0.0,3,0,0
2072,50,23,27,21,4,3,22,17,5,1,9,4,5,0,0,0,0,0,0,0,0,0,0,1.0,1.0,1.0,0.0,0.0,0.0,3,0,0
2073,50,23,27,21,4,3,22,17,5,1,9,4,5,0,0,0,0,0,0,0,0,0,0,1.0,1.0,1.0,0.0,0.0,0.0,3,0,0
2074,50,23,27,20,5,3,22,17,5,1,9,4,5,0,0,0,0,0,0,0,0,0,0,1.0,1.0,1.0,0.0,0.0,0.0,3,0,0
2075,50,23,27,17,8,3,22,17,5,1,9,4,5,0,0,0,0,0,0,0,0,0,0,1.0,1.0,1.0,0.0,0.0,0.0,3,0,0
2076,49,23,26,16,8,3,22,17,5,1,8,4,5,0,0,0,0,0,0,0,1,0,1,0.96,1.0,1.0,0.0,0.0,0.0,3,0,1
2077,49,23,26,16,8,3,22,17,5,1,6,4,5,0,0,0,0,0,0,0,0,0,0,1.0,1.0,1.0,0.0,0.0,0.0,3,0,0
2078,49,23,26,15,9,3,22,17,6,1,6,4,5,0,0,0,4,1,0,0,0,0,0,1.0,1.0,1.0,0.0,0.0,0.25,3,0,0
2079,49,23,26,13,11,3,22,17,6,1,6,4,5,0,0,0,0,0,0,0,0,0,0,1.0,1.0,1.0,0.0,0.0,0.0,3,0,0
2080,51,26,25,16,10,3,22,17,5,1,6,4,5,0,0,0,0,0,0,1,1,0,1,0.9583333333333334,1.0,1.0,0.061224489795918366,0.061224489795918366,0.0,3,3,1
2081,55,29,26,20,10,3,22,17,5,1,6,4,5,0,0,0,2,1,0,1,0,0,0,1.0,1.0,1.0,0.0784313725490196,0.0784313725490196,0.5,3,4,0
2082,55,29,26,20,10,3,22,17,5,1,6,4,5,0,0,0,6,0,0,0,0,0,0,1.0,1.0,1.0,0.0,0.0,0.0,3,0,0
2083,58,32,26,23,10,3,22,17,4,1,7,4,5,0,0,0,2,0,0,1,1,0,1,0.9666666666666667,1.0,1.0,0.07272727272727272,0.07272727272727272,0.0,3,4,1
2084,58,32,26,23,10,3,22,17,5,1,7,4,5,0,0,0,6,1,0,0,0,0,0,1.0,1.0,1.0,0.0,0.0,0.16666666666666666,3,0,0
2085,56,30,26,23,8,3,22,17,5,1,7,4,5,0,0,0,0,0,0,0,2,0,2,0.9393939393939394,1.0,1.0,0.0,0.0,0.0,3,0,2
2086,56,30,26,23,8,3,22,17,5,1,7,4,5,0,0,0,0,0,0,0,0,0,0,1.0,1.0,1.0,0.0,0.0,0.0,3,0,0
2087,56,30,26,23,8,3,22,17,5,1,7,4,5,0,0,0,0,0,0,0,0,0,0,1.0,1.0,1.0,0.0,0.0,0.0,3,0,0
2088,55,29,26,17,13,3,22,17,5,1,7,4,5,0,0,0,0,0,0,0,1,0,1,0.967741935483871,1.0,1.0,0.0,0.0,0.0,3,0,1
2089,55,29,26,14,16,3,22,17,5,0,7,4,5,0,0,0,0,0,0,0,0,0,0,1.0,1.0,1.0,0.0,0.0,0.0,3,0,0
2090,55,29,26,14,16,3,22,17,5,0,5,4,5,0,0,0,1,0,0,0,0,0,0,1.0,1.0,1.0,0.0,0.0,0.0,3,0,0
2091,53,27,26,14,15,3,21,17,8,0,4,4,5,0,0,0,20,3,0,0,1,0,1,0.9666666666666667,0.8,1.0,0.0,0.0,0.15,3,0,2
2092,52,27,25,13,15,3,21,17,9,0,4,4,5,0,0,0,7,1,0,0,1,0,1,0.9655172413793104,1.0,1.0,0.0,0.0,0.14285714285714285,3,0,1
2093,50,25,25,11,15,3,21,17,9,0,4,3,5,0,0,0,0,0,0,0,2,0,2,0.9285714285714286,1.0,1.0,0.0,0.0,0.0,3,0,2
2094,50,25,25,10,16,3,21,17,9,0,4,3,5,0,0,0,0,0,0,0,0,0,0,1.0,1.0,1.0,0.0,0.0,0.0,3,0,0
2095,49,24,25,10,15,3,21,17,9,0,4,3,5,0,0,0,0,0,0,0,1,0,1,0.9615384615384616,1.0,1.0,0.0,0.0,0.0,3,0,1
2096,48,24,24,10,15,3,20,16,8,0,3,3,5,0,0,0,0,0,0,0,0,0,0,1.0,1.0,0.9411764705882353,0.0,0.0,0.0,3,0,1
2097,48,24,24,10,15,3,20,16,8,0,3,3,5,0,0,0,0,0,0,0,0,0,0,1.0,1.0,1.0,0.0,0.0,0.0,3,0,0
2098,48,24,24,10,15,3,20,16,8,0,3,3,5,0,0,0,0,0,0,0,0,0,0,1.0,1.0,1.0,0.0,0.0,0.0,3,0,0
2099,48,24,24,10,15,3,20,16,8,0,3,3,7,0,2,0,0,0,0,0,0,0,0,1.0,1.0,1.0,0.0,0.0,0.0,3,0,0
2100,48,24,24,10,15,2,21,16,8,0,3,3,9,0,2,0,0,0,0,0,0,0,0,1.0,1.0,1.0,0.0,0.0,0.0,3,0,0
2101,48,24,24,10,15,2,21,16,8,0,3,4,10,1,1,0,0,0,0,0,0,0,0,1.0,1.0,1.0,0.0,0.0,0.0,3,0,0
2102,48,24,24,10,15,2,21,16,8,0,3,4,10,0,0,0,0,0,0,0,0,0,0,1.0,1.0,1.0,0.0,0.0,0.0,3,0,0
2103,48,24,24,10,15,2,21,16,8,0,3,5,11,1,1,0,0,0,0,0,0,0,0,1.0,1.0,1.0,0.0,0.0,0.0,3,0,0
2104,48,24,24,10,15,2,21,16,8,0,3,5,11,0,0,0,0,0,0,0,0,0,0,1.0,1.0,1.0,0.0,0.0,0.0,3,0,0
2105,48,24,24,10,15,2,21,16,8,0,3,5,11,0,0,0,0,0,0,0,0,0,0,1.0,1.0,1.0,0.0,0.0,0.0,3,0,0
2106,48,24,24,10,15,2,21,16,8,0,3,5,11,0,0,0,0,0,0,0,0,0,0,1.0,1.0,1.0,0.0,0.0,0.0,3,0,0
2107,48,24,24,10,15,2,21,16,8,0,3,5,11,0,0,0,0,0,0,0,0,0,0,1.0,1.0,1.0,0.0,0.0,0.0,3,0,0
2108,48,24,24,10,15,2,21,16,8,0,3,5,11,0,0,0,0,0,0,0,0,0,0,1.0,1.0,1.0,0.0,0.0,0.0,3,0,0
2109,48,24,24,10,15,2,21,16,8,0,3,5,11,0,0,0,0,0,0,0,0,0,0,1.0,1.0,1.0,0.0,0.0,0.0,3,0,0
2110,51,25,26,13,15,2,21,16,7,0,4,5,11,0,0,0,0,0,0,1,0,0,0,1.0,1.0,1.0,0.0625,0.0625,0.0,3,3,0
2111,50,24,26,12,15,1,22,16,7,0,4,5,11,0,0,0,0,0,0,0,1,0,1,0.9642857142857143,1.0,1.0,0.0,0.0,0.0,3,0,1
2112,50,24,26,12,15,1,22,16,7,0,4,5,11,0,0,0,0,0,0,0,0,0,0,1.0,1.0,1.0,0.0,0.0,0.0,3,0,0
2113,50,24,26,12,15,1,22,16,7,0,4,5,11,0,0,0,0,0,0,0,0,0,0,1.0,1.0,1.0,0.0,0.0,0.0,3,0,0
2114,54,26,28,16,15,1,22,16,6,0,5,5,11,0,0,0,0,0,0,1,0,0,0,1.0,1.0,1.0,0.08,0.08,0.0,3,4,0
2115,52,24,28,15,14,1,22,16,6,0,5,5,11,0,0,0,0,0,0,0,2,1,2,0.935483870967742,1.0,1.0,0.0,0.0,0.0,3,0,2
2116,52,24,28,15,14,1,22,16,6,0,5,5,11,0,0,0,0,0,0,0,0,0,0,1.0,1.0,1.0,0.0,0.0,0.0,3,0,0
2117,52,24,28,15,14,1,22,16,6,0,5,5,11,0,0,0,0,0,0,0,0,0,0,1.0,1.0,1.0,0.0,0.0,0.0,3,0,0
2118,51,23,28,15,13,1,22,16,6,0,5,4,11,0,0,0,0,0,0,0,1,0,1,0.9655172413793104,1.0,1.0,0.0,0.0,0.0,3,0,1
2119,51,23,28,15,12,2,22,16,6,0,5,4,11,0,0,0,0,0,0,0,0,0,0,1.0,1.0,1.0,0.0,0.0,0.0,3,0,0
2120,51,23,28,15,12,2,22,16,6,0,5,4,11,0,0,0,0,0,0,0,0,0,0,1.0,1.0,1.0,0.0,0.0,0.0,3,0,0
2121,51,23,28,15,12,2,22,16,6,0,5,4,11,0,0,0,0,0,0,0,0,0,0,1.0,1.0,1.0,0.0,0.0,0.0,3,0,0
2122,51,23,28,15,12,2,22,16,6,0,5,4,11,0,0,0,0,0,0,0,0,0,0,1.0,1.0,1.0,0.0,0.0,0.0,3,0,0
2123,50,22,28,13,13,2,22,16,6,0,5,4,11,0,0,0,0,0,0,0,1,0,1,0.962962962962963,1.0,1.0,0.0,0.0,0.0,3,0,1
2124,50,22,28,9,17,2,22,16,6,0,5,4,11,0,0,0,0,0,0,0,0,0,0,1.0,1.0,1.0,0.0,0.0,0.0,3,0,0
2125,50,22,28,9,17,2,22,16,6,0,4,4,11,0,0,0,0,0,0,0,0,0,0,1.0,1.0,1.0,0.0,0.0,0.0,3,0,0
2126,50,22,28,6,20,2,22,16,6,0,3,4,11,0,0,0,0,0,0,0,0,0,0,1.0,1.0,1.0,0.0,0.0,0.0,3,0,0
2127,50,22,28,6,20,2,22,16,6,0,3,4,11,0,0,0,0,0,0,0,0,0,0,1.0,1.0,1.0,0.0,0.0,0.0,3,0,0
2128,50,22,28,6,20,2,22,16,6,0,2,4,11,0,0,0,0,0,0,0,0,0,0,1.0,1.0,1.0,0.0,0.0,0.0,3,0,0
2129,50,22,28,6,20,2,22,16,6,0,2,4,11,0,0,0,0,0,0,0,0,0,0,1.0,1.0,1.0,0.0,0.0,0.0,3,0,0
2130,50,22,28,6,20,2,22,16,6,0,2,4,11,0,0,0,0,0,0,0,0,0,0,1.0,1.0,1.0,0.0,0.0,0.0,3,0,0
2131,49,22,27,6,20,2,21,15,5,0,2,4,11,0,0,0,0,0,0,0,0,0,0,1.0,1.0,0.9375,0.0,0.0,0.0,3,0,1
2132,49,22,27,6,20,2,21,15,5,0,2,4,11,0,0,0,0,0,0,0,0,0,0,1.0,1.0,1.0,0.0,0.0,0.0,3,0,0
2133,48,22,26,6,20,1,21,15,5,0,2,4,11,0,0,0,0,0,0,0,0,0,0,1.0,1.0,1.0,0.0,0.0,0.0,3,0,1
2134,48,22,26,6,20,1,21,15,5,0,2,4,11,0,0,0,0,0,0,0,0,0,0,1.0,1.0,1.0,0.0,0.0,0.0,3,0,0
2135,48,22,26,6,20,1,21,15,5,0,2,4,11,0,0,0,0,0,0,0,0,0,0,1.0,1.0,1.0,0.0,0.0,0.0,3,0,0
2136,47,22,25,6,20,1,20,14,4,0,2,4,11,0,0,0,0,0,0,0,0,0,0,1.0,1.0,0.9333333333333333,0.0,0.0,0.0,3,0,1
2137,47,22,25,6,20,1,20,14,4,0,2,4,11,0,0,0,0,0,0,0,0,0,0,1.0,1.0,1.0,0.0,0.0,0.0,3,0,0
2138,47,22,25,6,20,1,20,14,4,0,2,4,11,0,0,0,0,0,0,0,0,0,0,1.0,1.0,1.0,0.0,0.0,0.0,3,0,0
2139,47,22,25,6,20,1,20,14,4,0,2,4,11,0,0,0,0,0,0,0,0,0,0,1.0,1.0,1.0,0.0,0.0,0.0,3,0,0
2140,47,22,25,6,20,1,20,14,4,0,2,4,11,0,0,0,0,0,0,0,0,0,0,1.0,1.0,1.0,0.0,0.0,0.0,3,0,0
2141,47,22,25,6,20,1,20,14,4,0,2,4,11,0,0,0,0,0,0,0,0,0,0,1.0,1.0,1.0,0.0,0.0,0.0,3,0,0
2142,46,21,25,6,19,1,20,14,4,0,2,4,11,0,0,0,0,0,0,0,1,0,1,0.9615384615384616,1.0,1.0,0.0,0.0,0.0,3,0,1
2143,49,22,27,10,18,0,21,14,3,0,3,4,11,0,0,0,0,0,0,1,1,0,1,0.96,1.0,1.0,0.08695652173913043,0.08695652173913043,0.0,3,4,1
2144,49,22,27,10,18,0,21,14,3,0,3,4,11,0,0,0,0,0,0,0,0,0,0,1.0,1.0,1.0,0.0,0.0,0.0,3,0,0
2145,48,22,26,10,17,0,21,14,3,0,3,4,11,0,0,0,0,0,0,0,1,0,1,0.9642857142857143,1.0,1.0,0.0,0.0,0.0,3,0,1
2146,48,22,26,10,17,0,21,14,3,0,3,4,11,0,0,0,0,0,0,0,0,0,0,1.0,1.0,1.0,0.0,0.0,0.0,3,0,0
2147,48,22,26,10,17,0,21,14,3,0,3,4,11,0,0,0,0,0,0,0,0,0,0,1.0,1.0,1.0,0.0,0.0,0.0,3,0,0
2148,48,22,26,10,17,0,21,14,3,0,3,4,11,0,0,0,0,0,0,0,0,0,0,1.0,1.0,1.0,0.0,0.0,0.0,3,0,0
2149,50,23,27,13,16,0,21,14,2,0,4,4,11,0,0,0,0,0,0,1,2,0,2,0.9259259259259259,1.0,1.0,0.08333333333333333,0.08333333333333333,0.0,3,4,2
2150,50,23,27,13,16,0,21,14,2,0,4,4,11,0,0,0,0,0,0,0,0,0,0,1.0,1.0,1.0,0.0,0.0,0.0,3,0,0
2151,49,22,27,12,16,0,21,14,2,0,4,4,11,0,0,0,0,0,0,0,1,0,1,0.9655172413793104,1.0,1.0,0.0,0.0,0.0,3,0,1
2152,49,22,27,12,16,0,21,14,2,0,4,4,11,0,0,0,0,0,0,0,0,0,0,1.0,1.0,1.0,0.0,0.0,0.0,3,0,0
2153,49,22,27,10,18,0,21,14,2,0,4,4,11,0,0,0,0,0,0,0,0,0,0,1.0,1.0,1.0,0.0,0.0,0.0,3,0,0
2154,49,22,27,10,18,0,21,14,2,0,4,4,11,0,0,0,0,0,0,0,0,0,0,1.0,1.0,1.0,0.0,0.0,0.0,3,0,0
2155,49,22,27,10,18,0,21,14,2,0,3,4,11,0,0,0,0,0,0,0,0,0,0,1.0,1.0,1.0,0.0,0.0,0.0,3,0,0
2156,57,26,31,18,18,0,21,14,0,0,5,4,11,0,0,0,0,0,0,2,0,0,0,1.0,1.0,1.0,0.16326530612244897,0.16326530612244897,0.0,3,8,0
2157,55,25,30,15,19,0,21,14,0,0,5,4,11,0,0,0,0,0,0,0,2,0,2,0.9444444444444444,1.0,1.0,0.0,0.0,0.0,3,0,2
2158,55,25,30,15,19,0,21,14,0,0,5,4,11,0,0,0,0,0,0,0,0,0,0,1.0,1.0,1.0,0.0,0.0,0.0,3,0,0
2159,55,25,30,15,19,0,21,14,0,0,4,4,11,0,0,0,0,0,0,0,0,0,0,1.0,1.0,1.0,0.0,0.0,0.0,3,0,0
2160,55,25,30,15,19,0,21,14,0,0,4,4,11,0,0,0,0,0,0,0,0,0,0,1.0,1.0,1.0,0.0,0.0,0.0,3,0,0
2161,55,25,30,15,19,0,21,14,0,0,4,4,11,0,0,0,0,0,0,0,0,0,0,1.0,1.0,1.0,0.0,0.0,0.0,3,0,0
2162,55,25,30,15,19,0,21,14,0,0,4,4,11,0,0,0,0,0,0,0,0,0,0,1.0,1.0,1.0,0.0,0.0,0.0,3,0,0
2163,55,25,30,15,19,0,21,14,0,0,4,4,11,0,0,0,0,0,0,0,0,0,0,1.0,1.0,1.0,0.0,0.0,0.0,3,0,0
2164,54,24,30,14,19,0,21,14,0,0,4,4,11,0,0,0,0,0,0,0,1,0,1,0.9705882352941176,1.0,1.0,0.0,0.0,0.0,3,0,1
2165,53,24,29,14,18,0,21,14,0,0,4,4,11,0,0,0,0,0,0,0,1,0,1,0.9696969696969697,1.0,1.0,0.0,0.0,0.0,3,0,1
2166,53,24,29,14,18,0,21,14,0,0,4,4,11,0,0,0,0,0,0,0,0,0,0,1.0,1.0,1.0,0.0,0.0,0.0,3,0,0
2167,53,24,29,14,18,0,21,14,0,0,4,4,11,0,0,0,0,0,0,0,0,0,0,1.0,1.0,1.0,0.0,0.0,0.0,3,0,0
2168,53,24,29,14,18,0,21,14,0,0,4,4,11,0,0,0,0,0,0,0,0,0,0,1.0,1.0,1.0,0.0,0.0,0.0,3,0,0
2169,53,24,29,14,18,0,21,14,0,0,4,4,11,0,0,0,0,0,0,0,0,0,0,1.0,1.0,1.0,0.0,0.0,0.0,3,0,0
2170,53,24,29,14,18,0,21,14,0,0,4,4,11,0,0,0,0,0,0,0,0,0,0,1.0,1.0,1.0,0.0,0.0,0.0,3,0,0
2171,52,24,28,14,17,0,21,14,0,0,4,4,11,0,0,0,0,0,0,0,1,0,1,0.96875,1.0,1.0,0.0,0.0,0.0,3,0,1
2172,51,23,28,14,16,0,21,14,0,0,4,4,11,0,0,0,0,0,0,0,1,0,1,0.967741935483871,1.0,1.0,0.0,0.0,0.0,3,0,1
2173,51,23,28,14,16,0,21,14,0,0,4,4,11,0,0,0,0,0,0,0,0,0,0,1.0,1.0,1.0,0.0,0.0,0.0,3,0,0
2174,50,22,28,14,15,0,21,14,0,0,4,4,11,0,0,0,0,0,0,0,1,0,1,0.9666666666666667,1.0,1.0,0.0,0.0,0.0,3,0,1
2175,50,22,28,14,15,0,21,14,0,0,4,4,11,0,0,0,0,0,0,0,0,0,0,1.0,1.0,1.0,0.0,0.0,0.0,3,0,0
2176,50,22,28,14,15,0,21,14,0,0,4,4,11,0,0,0,0,0,0,0,0,0,0,1.0,1.0,1.0,0.0,0.0,0.0,3,0,0
2177,50,22,28,14,15,0,21,14,0,0,4,4,11,0,0,0,0,0,0,0,0,0,0,1.0,1.0,1.0,0.0,0.0,0.0,3,0,0
2178,49,21,28,13,15,0,21,14,0,0,4,4,11,0,0,0,0,0,0,0,1,0,1,0.9655172413793104,1.0,1.0,0.0,0.0,0.0,3,0,1
2179,49,21,28,13,15,0,21,14,0,0,4,4,11,0,0,0,0,0,0,0,0,0,0,1.0,1.0,1.0,0.0,0.0,0.0,3,0,0
2180,49,21,28,13,15,0,21,14,0,0,4,4,11,0,0,0,0,0,0,0,0,0,0,1.0,1.0,1.0,0.0,0.0,0.0,3,0,0
2181,49,21,28,13,15,0,21,14,0,0,4,4,11,0,0,0,0,0,0,0,0,0,0,1.0,1.0,1.0,0.0,0.0,0.0,3,0,0
2182,49,21,28,13,15,0,21,14,0,0,4,4,11,0,0,0,0,0,0,0,0,0,0,1.0,1.0,1.0,0.0,0.0,0.0,3,0,0
2183,49,21,28,13,15,0,21,14,0,0,4,4,11,0,0,0,0,0,0,0,0,0,0,1.0,1.0,1.0,0.0,0.0,0.0,3,0,0
2184,49,21,28,13,15,0,21,14,0,0,4,4,11,0,0,0,0,0,0,0,0,0,0,1.0,1.0,1.0,0.0,0.0,0.0,3,0,0
2185,49,21,28,13,15,0,21,14,0,0,4,4,11,0,0,0,0,0,0,0,0,0,0,1.0,1.0,1.0,0.0,0.0,0.0,3,0,0
2186,48,20,28,11,16,0,21,14,0,0,4,4,11,0,0,0,0,0,0,0,1,0,1,0.9642857142857143,1.0,1.0,0.0,0.0,0.0,3,0,1
2187,48,20,28,11,16,0,21,14,0,0,4,4,11,0,0,0,0,0,0,0,0,0,0,1.0,1.0,1.0,0.0,0.0,0.0,3,0,0
2188,48,20,28,11,16,0,21,14,0,0,3,4,11,0,0,0,0,0,0,0,0,0,0,1.0,1.0,1.0,0.0,0.0,0.0,3,0,0
2189,48,20,28,11,16,0,21,14,0,0,3,4,11,0,0,0,0,0,0,0,0,0,0,1.0,1.0,1.0,0.0,0.0,0.0,3,0,0
2190,48,20,28,11,16,0,21,14,0,0,3,4,12,0,1,0,0,0,0,0,0,0,0,1.0,1.0,1.0,0.0,0.0,0.0,3,0,0
2191,48,20,28,11,16,0,21,14,0,0,3,4,12,0,0,0,0,0,0,0,0,0,0,1.0,1.0,1.0,0.0,0.0,0.0,3,0,0
2192,48,20,28,7,20,0,21,14,0,0,3,4,14,0,2,0,0,0,0,0,0,0,0,1.0,1.0,1.0,0.0,0.0,0.0,3,0,0
2193,48,20,28,7,20,0,21,14,0,0,3,4,14,0,0,0,0,0,0,0,0,0,0,1.0,1.0,1.0,0.0,0.0,0.0,3,0,0
2194,48,20,28,7,20,0,21,14,0,0,2,4,15,0,1,0,0,0,0,0,0,0,0,1.0,1.0,1.0,0.0,0.0,0.0,3,0,0
2195,48,20,28,7,20,0,21,14,0,0,2,4,15,0,0,0,0,0,0,0,0,0,0,1.0,1.0,1.0,0.0,0.0,0.0,3,0,0
2196,48,20,28,7,20,0,21,14,0,0,2,4,15,0,0,0,0,0,0,0,0,0,0,1.0,1.0,1.0,0.0,0.0,0.0,3,0,0
2197,48,20,28,7,20,0,21,14,0,0,2,4,16,0,1,0,0,0,0,0,0,0,0,1.0,1.0,1.0,0.0,0.0,0.0,3,0,0
2198,47,19,28,6,20,0,21,14,0,0,2,4,16,0,0,0,0,0,0,0,1,0,1,0.962962962962963,1.0,1.0,0.0,0.0,0.0,3,0,1
2199,47,19,28,0,26,0,21,14,0,0,2,4,16,0,0,0,0,0,0,0,0,0,0,1.0,1.0,1.0,0.0,0.0,0.0,3,0,0
2200,47,19,28,0,26,0,21,14,0,0,2,4,16,0,0,0,0,0,0,0,0,0,0,1.0,1.0,1.0,0.0,0.0,0.0,3,0,0
2201,47,19,28,0,26,0,21,14,0,0,0,4,16,0,0,0,0,0,0,0,0,0,0,1.0,1.0,1.0,0.0,0.0,0.0,3,0,0
2202,47,19,28,0,26,0,21,14,0,0,0,4,16,0,0,0,0,0,0,0,0,0,0,1.0,1.0,1.0,0.0,0.0,0.0,3,0,0
2203,46,19,27,0,25,0,21,14,0,0,0,4,15,0,0,0,0,0,0,0,1,0,1,0.9615384615384616,1.0,1.0,0.0,0.0,0.0,3,0,1
2204,46,19,27,0,25,0,21,14,0,0,0,4,15,0,0,0,0,0,0,0,0,0,0,1.0,1.0,1.0,0.0,0.0,0.0,3,0,0
2205,46,19,27,0,25,0,21,14,0,0,0,4,15,0,0,0,0,0,0,0,0,0,0,1.0,1.0,1.0,0.0,0.0,0.0,3,0,0
2206,46,19,27,0,25,0,21,14,0,0,0,4,15,0,0,0,0,0,0,0,0,0,0,1.0,1.0,1.0,0.0,0.0,0.0,3,0,0
2207,46,19,27,0,25,0,21,14,0,0,0,4,15,0,0,0,0,0,0,0,0,0,0,1.0,1.0,1.0,0.0,0.0,0.0,3,0,0
2208,46,19,27,0,25,0,21,14,0,0,0,4,15,0,0,0,0,0,0,0,0,0,0,1.0,1.0,1.0,0.0,0.0,0.0,3,0,0
2209,46,19,27,0,25,0,21,14,0,0,0,4,15,0,0,0,0,0,0,0,0,0,0,1.0,1.0,1.0,0.0,0.0,0.0,3,0,0
2210,46,19,27,0,25,0,21,14,0,0,0,4,15,0,0,0,0,0,0,0,0,0,0,1.0,1.0,1.0,0.0,0.0,0.0,3,0,0
2211,46,19,27,0,25,0,21,14,0,0,0,4,15,0,0,0,0,0,0,0,0,0,0,1.0,1.0,1.0,0.0,0.0,0.0,3,0,0
2212,46,19,27,0,25,0,21,14,0,0,0,4,15,0,0,0,0,0,0,0,0,1,0,1.0,1.0,1.0,0.0,0.0,0.0,3,0,0
2213,46,19,27,0,25,0,21,14,0,0,0,4,15,0,0,0,0,0,0,0,0,0,0,1.0,1.0,1.0,0.0,0.0,0.0,3,0,0
2214,46,19,27,0,25,0,21,14,0,0,0,4,15,0,0,0,0,0,0,0,0,0,0,1.0,1.0,1.0,0.0,0.0,0.0,3,0,0
2215,46,19,27,0,25,0,21,14,0,0,0,4,15,0,0,0,0,0,0,0,0,1,0,1.0,1.0,1.0,0.0,0.0,0.0,3,0,0
2216,46,19,27,0,24,1,21,14,0,0,0,4,15,0,0,0,0,0,0,0,0,0,0,1.0,1.0,1.0,0.0,0.0,0.0,3,0,0
2217,46,19,27,0,24,1,21,14,0,0,0,4,15,0,0,0,0,0,0,0,0,0,0,1.0,1.0,1.0,0.0,0.0,0.0,3,0,0
2218,46,19,27,0,24,1,21,14,0,0,0,4,15,0,0,0,0,0,0,0,0,0,0,1.0,1.0,1.0,0.0,0.0,0.0,3,0,0
2219,46,19,27,0,23,2,21,14,0,0,0,4,15,0,0,0,0,0,0,0,0,0,0,1.0,1.0,1.0,0.0,0.0,0.0,3,0,0
2220,46,19,27,0,23,2,21,14,1,0,0,4,15,0,0,0,6,1,0,0,0,0,0,1.0,1.0,1.0,0.0,0.0,0.16666666666666666,3,0,0
2221,46,19,27,0,23,2,21,14,1,0,0,4,15,0,0,0,1,0,0,0,0,0,0,1.0,1.0,1.0,0.0,0.0,0.0,3,0,0
2222,46,19,27,0,23,2,21,14,1,0,0,4,15,0,0,0,1,0,0,0,0,0,0,1.0,1.0,1.0,0.0,0.0,0.0,3,0,0
2223,46,19,27,0,23,2,21,14,1,0,0,4,15,0,0,0,5,0,0,0,0,0,0,1.0,1.0,1.0,0.0,0.0,0.0,3,0,0
2224,46,19,27,0,23,2,21,14,3,0,0,4,15,0,0,0,8,2,0,0,0,0,0,1.0,1.0,1.0,0.0,0.0,0.25,3,0,0
2225,46,19,27,0,23,2,21,14,3,0,0,4,15,0,0,0,0,0,0,0,0,1,0,1.0,1.0,1.0,0.0,0.0,0.0,3,0,0
2226,46,19,27,0,23,2,21,14,3,0,0,4,15,0,0,0,0,0,0,0,0,2,0,1.0,1.0,1.0,0.0,0.0,0.0,3,0,0
2227,45,19,26,0,22,2,21,14,3,0,0,4,15,0,0,0,0,0,0,0,1,0,1,0.9565217391304348,1.0,1.0,0.0,0.0,0.0,3,0,1
2228,45,19,26,0,22,2,21,14,3,0,0,4,15,0,0,0,0,0,0,0,0,0,0,1.0,1.0,1.0,0.0,0.0,0.0,3,0,0
2229,45,19,26,0,21,3,21,14,3,0,0,4,15,0,0,0,0,0,0,0,0,0,0,1.0,1.0,1.0,0.0,0.0,0.0,3,0,0
2230,45,19,26,0,19,5,21,14,3,0,0,4,15,0,0,0,0,0,0,0,0,1,0,1.0,1.0,1.0,0.0,0.0,0.0,3,0,0
2231,45,19,26,0,19,5,21,14,3,0,0,4,15,0,0,0,0,0,0,0,0,0,0,1.0,1.0,1.0,0.0,0.0,0.0,3,0,0
2232,45,19,26,0,19,5,21,14,3,0,0,4,15,0,0,0,0,0,0,0,0,0,0,1.0,1.0,1.0,0.0,0.0,0.0,3,0,0
2233,45,19,26,0,19,5,21,14,3,0,0,4,15,0,0,0,4,0,0,0,0,0,0,1.0,1.0,1.0,0.0,0.0,0.0,3,0,0
2234,45,19,26,0,18,6,21,14,4,0,0,4,15,0,0,0,7,1,0,0,0,0,0,1.0,1.0,1.0,0.0,0.0,0.14285714285714285,3,0,0
2235,45,19,26,0,18,6,21,14,4,0,0,4,15,0,0,0,0,0,0,0,0,0,0,1.0,1.0,1.0,0.0,0.0,0.0,3,0,0
2236,44,19,25,0,17,6,21,14,4,0,0,4,15,0,0,0,0,0,0,0,1,0,1,0.9444444444444444,1.0,1.0,0.0,0.0,0.0,3,0,1
2237,44,19,25,0,17,6,21,14,4,0,0,4,15,0,0,0,0,0,0,0,0,0,0,1.0,1.0,1.0,0.0,0.0,0.0,3,0,0
2238,44,19,25,0,17,6,21,14,4,0,0,4,15,0,0,0,0,0,0,0,0,0,0,1.0,1.0,1.0,0.0,0.0,0.0,3,0,0
2239,44,19,25,0,17,6,21,14,4,0,0,4,15,0,0,0,0,0,0,0,0,0,0,1.0,1.0,1.0,0.0,0.0,0.0,3,0,0
2240,44,19,25,0,17,6,21,14,4,0,0,4,15,0,0,0,0,0,0,0,0,0,0,1.0,1.0,1.0,0.0,0.0,0.0,3,0,0
2241,44,19,25,0,17,6,21,14,4,0,0,4,15,0,0,0,0,0,0,0,0,0,0,1.0,1.0,1.0,0.0,0.0,0.0,3,0,0
2242,44,19,25,0,17,6,21,14,4,0,0,4,15,0,0,0,0,0,0,0,0,0,0,1.0,1.0,1.0,0.0,0.0,0.0,3,0,0
2243,44,19,25,0,17,6,21,14,4,0,0,4,15,0,0,0,0,0,0,0,0,0,0,1.0,1.0,1.0,0.0,0.0,0.0,3,0,0
2244,44,19,25,0,17,6,21,14,4,0,0,4,15,0,0,0,0,0,0,0,0,0,0,1.0,1.0,1.0,0.0,0.0,0.0,3,0,0
2245,44,19,25,0,17,6,21,14,4,0,0,4,15,0,0,0,0,0,0,0,0,0,0,1.0,1.0,1.0,0.0,0.0,0.0,3,0,0
2246,43,19,24,0,17,6,20,13,4,0,0,4,14,0,0,0,0,0,0,0,0,0,0,1.0,1.0,0.9285714285714286,0.0,0.0,0.0,3,0,1
2247,43,19,24,0,17,6,20,13,4,0,0,4,14,0,0,0,0,0,0,0,0,0,0,1.0,1.0,1.0,0.0,0.0,0.0,3,0,0
2248,43,19,24,0,17,6,20,13,4,0,0,4,14,0,0,0,0,0,0,0,0,0,0,1.0,1.0,1.0,0.0,0.0,0.0,3,0,0
2249,43,19,24,0,17,6,20,13,4,0,0,4,14,0,0,0,0,0,0,0,0,0,0,1.0,1.0,1.0,0.0,0.0,0.0,3,0,0
2250,43,19,24,0,17,6,20,13,4,0,0,4,14,0,0,0,0,0,0,0,0,0,0,1.0,1.0,1.0,0.0,0.0,0.0,3,0,0
2251,43,19,24,0,17,6,20,13,4,0,0,4,14,0,0,0,0,0,0,0,0,0,0,1.0,1.0,1.0,0.0,0.0,0.0,3,0,0
2252,42,18,24,0,17,5,20,13,4,0,0,4,14,0,0,0,0,0,0,0,0,0,0,1.0,1.0,1.0,0.0,0.0,0.0,3,0,1
2253,42,18,24,0,17,5,20,13,4,0,0,4,14,0,0,0,0,0,0,0,0,0,0,1.0,1.0,1.0,0.0,0.0,0.0,3,0,0
2254,42,18,24,0,17,5,20,13,4,0,0,4,14,0,0,0,0,0,0,0,0,0,0,1.0,1.0,1.0,0.0,0.0,0.0,3,0,0
2255,42,18,24,0,17,5,20,13,4,0,0,4,14,0,0,0,0,0,0,0,0,0,0,1.0,1.0,1.0,0.0,0.0,0.0,3,0,0
2256,42,18,24,0,17,5,20,13,4,0,0,4,14,0,0,0,0,0,0,0,0,0,0,1.0,1.0,1.0,0.0,0.0,0.0,3,0,0
2257,42,18,24,0,17,5,20,13,4,0,0,4,14,0,0,0,0,0,0,0,0,0,0,1.0,1.0,1.0,0.0,0.0,0.0,3,0,0
2258,42,18,24,0,17,5,20,13,4,0,0,4,14,0,0,0,0,0,0,0,0,0,0,1.0,1.0,1.0,0.0,0.0,0.0,3,0,0
2259,42,18,24,0,17,5,20,13,4,0,0,4,14,0,0,0,0,0,0,0,0,0,0,1.0,1.0,1.0,0.0,0.0,0.0,3,0,0
2260,42,18,24,0,17,5,20,13,4,0,0,4,14,0,0,0,0,0,0,0,0,1,0,1.0,1.0,1.0,0.0,0.0,0.0,3,0,0
2261,42,18,24,0,17,5,20,13,4,0,0,4,14,0,0,0,0,0,0,0,0,0,0,1.0,1.0,1.0,0.0,0.0,0.0,3,0,0
2262,42,18,24,0,17,5,20,13,4,0,0,4,14,0,0,0,0,0,0,0,0,0,0,1.0,1.0,1.0,0.0,0.0,0.0,3,0,0
2263,42,18,24,0,17,5,20,13,4,0,0,4,14,0,0,0,0,0,0,0,0,2,0,1.0,1.0,1.0,0.0,0.0,0.0,3,0,0
2264,42,18,24,0,16,6,20,13,4,0,0,4,14,0,0,0,0,0,0,0,0,0,0,1.0,1.0,1.0,0.0,0.0,0.0,3,0,0
2265,42,18,24,0,16,6,20,13,4,0,0,4,14,0,0,0,0,0,0,0,0,0,0,1.0,1.0,1.0,0.0,0.0,0.0,3,0,0
2266,42,18,24,0,16,6,20,13,4,0,0,4,14,0,0,0,0,0,0,0,0,0,0,1.0,1.0,1.0,0.0,0.0,0.0,3,0,0
2267,42,18,24,0,14,8,20,13,4,0,0,4,14,0,0,0,0,0,0,0,0,0,0,1.0,1.0,1.0,0.0,0.0,0.0,3,0,0
2268,42,18,24,0,14,8,20,13,4,0,0,4,14,0,0,0,0,0,0,0,0,0,0,1.0,1.0,1.0,0.0,0.0,0.0,3,0,0
2269,42,18,24,0,14,8,20,13,4,0,0,4,14,0,0,0,0,0,0,0,0,0,0,1.0,1.0,1.0,0.0,0.0,0.0,3,0,0
2270,42,18,24,0,14,8,20,13,4,0,0,4,14,0,0,0,0,0,0,0,0,0,0,1.0,1.0,1.0,0.0,0.0,0.0,3,0,0
2271,42,18,24,0,14,8,20,13,4,0,0,4,14,0,0,0,0,0,0,0,0,0,0,1.0,1.0,1.0,0.0,0.0,0.0,3,0,0
2272,42,18,24,0,14,8,20,13,4,0,0,4,14,0,0,0,0,0,0,0,0,0,0,1.0,1.0,1.0,0.0,0.0,0.0,3,0,0
2273,42,18,24,0,14,8,20,13,4,0,0,4,14,0,0,0,0,0,0,0,0,0,0,1.0,1.0,1.0,0.0,0.0,0.0,3,0,0
2274,42,18,24,0,14,8,20,13,4,0,0,4,14,0,0,0,0,0,0,0,0,0,0,1.0,1.0,1.0,0.0,0.0,0.0,3,0,0
2275,42,18,24,0,14,8,20,13,4,0,0,4,14,0,0,0,0,0,0,0,0,0,0,1.0,1.0,1.0,0.0,0.0,0.0,3,0,0
2276,42,18,24,0,14,8,20,13,4,0,0,4,14,0,0,0,0,0,0,0,0,0,0,1.0,1.0,1.0,0.0,0.0,0.0,3,0,0
2277,42,18,24,0,14,8,20,13,4,0,0,4,14,0,0,0,0,0,0,0,0,0,0,1.0,1.0,1.0,0.0,0.0,0.0,3,0,0
2278,42,18,24,0,14,8,20,13,4,0,0,4,14,0,0,0,0,0,0,0,0,0,0,1.0,1.0,1.0,0.0,0.0,0.0,3,0,0
2279,41,18,23,0,14,8,19,12,4,0,0,4,13,0,0,0,0,0,0,0,0,0,0,1.0,1.0,0.9230769230769231,0.0,0.0,0.0,3,0,1
2280,41,18,23,0,14,8,19,12,4,0,0,4,13,0,0,0,0,0,0,0,0,0,0,1.0,1.0,1.0,0.0,0.0,0.0,3,0,0
2281,41,18,23,0,14,8,19,12,4,0,0,4,13,0,0,0,0,0,0,0,0,0,0,1.0,1.0,1.0,0.0,0.0,0.0,3,0,0
2282,41,18,23,0,14,8,19,12,4,0,0,4,14,0,1,0,0,0,0,0,0,0,0,1.0,1.0,1.0,0.0,0.0,0.0,3,0,0
2283,41,18,23,0,14,8,19,12,4,0,0,4,14,0,0,0,0,0,0,0,0,0,0,1.0,1.0,1.0,0.0,0.0,0.0,3,0,0
2284,41,18,23,0,14,8,19,12,4,0,0,5,14,1,0,0,0,0,0,0,0,0,0,1.0,1.0,1.0,0.0,0.0,0.0,3,0,0
2285,44,21,23,3,14,8,19,12,3,0,1,6,14,1,0,0,0,0,0,1,0,0,0,1.0,1.0,1.0,0.07317073170731707,0.07317073170731707,0.0,3,3,0
2286,44,21,23,3,14,8,19,12,3,0,1,8,15,2,1,0,0,0,0,0,0,0,0,1.0,1.0,1.0,0.0,0.0,0.0,3,0,0
2287,44,21,23,3,14,8,19,12,3,0,1,8,16,0,1,0,0,0,0,0,0,0,0,1.0,1.0,1.0,0.0,0.0,0.0,3,0,0
2288,44,21,23,3,14,8,19,12,3,0,1,8,16,0,0,0,0,0,0,0,0,0,0,1.0,1.0,1.0,0.0,0.0,0.0,3,0,0
2289,52,23,29,11,14,8,19,12,1,0,3,8,16,0,0,0,0,0,0,2,0,0,0,1.0,1.0,1.0,0.18181818181818182,0.18181818181818182,0.0,3,8,0
2290,52,23,29,11,14,8,19,12,1,0,3,8,16,0,0,0,0,0,0,0,0,1,0,1.0,1.0,1.0,0.0,0.0,0.0,3,0,0
2291,52,23,29,11,14,8,19,12,1,0,3,8,16,0,0,0,0,0,0,0,0,0,0,1.0,1.0,1.0,0.0,0.0,0.0,3,0,0
2292,52,23,29,11,14,8,19,12,1,0,3,8,16,0,0,0,0,0,0,0,0,0,0,1.0,1.0,1.0,0.0,0.0,0.0,3,0,0
2293,52,23,29,11,14,8,19,12,1,0,3,8,16,0,0,0,0,0,0,0,0,0,0,1.0,1.0,1.0,0.0,0.0,0.0,3,0,0
2294,52,23,29,11,13,9,19,12,1,0,3,8,16,0,0,0,0,0,0,0,0,2,0,1.0,1.0,1.0,0.0,0.0,0.0,3,0,0
2295,51,23,28,10,13,9,19,12,1,0,3,8,16,0,0,0,0,0,0,0,1,0,1,0.9583333333333334,1.0,1.0,0.0,0.0,0.0,3,0,1
2296,49,23,26,9,12,9,19,12,1,0,3,8,16,0,0,0,0,0,0,0,2,0,2,0.9130434782608696,1.0,1.0,0.0,0.0,0.0,3,0,2
2297,49,23,26,9,12,9,19,12,1,0,3,8,16,0,0,0,0,0,0,0,0,0,0,1.0,1.0,1.0,0.0,0.0,0.0,3,0,0
2298,49,23,26,9,10,11,19,12,1,0,3,8,16,0,0,0,0,0,0,0,0,0,0,1.0,1.0,1.0,0.0,0.0,0.0,3,0,0
2299,52,24,28,12,10,11,19,12,0,0,4,8,16,0,0,0,0,0,0,1,0,0,0,1.0,1.0,1.0,0.061224489795918366,0.061224489795918366,0.0,3,3,0
2300,52,24,28,12,10,11,19,12,0,0,4,8,16,0,0,0,0,0,0,0,0,0,0,1.0,1.0,1.0,0.0,0.0,0.0,3,0,0
2301,52,24,28,12,10,11,19,12,0,0,4,8,16,0,0,0,0,0,0,0,0,0,0,1.0,1.0,1.0,0.0,0.0,0.0,3,0,0
2302,52,24,28,12,10,11,19,12,0,0,4,8,16,0,0,0,0,0,0,0,0,0,0,1.0,1.0,1.0,0.0,0.0,0.0,3,0,0
2303,52,24,28,12,10,11,19,12,0,0,4,8,16,0,0,0,0,0,0,0,0,0,0,1.0,1.0,1.0,0.0,0.0,0.0,3,0,0
2304,52,24,28,12,10,11,19,12,0,0,4,8,16,0,0,0,0,0,0,0,0,0,0,1.0,1.0,1.0,0.0,0.0,0.0,3,0,0
2305,51,24,27,12,9,11,19,12,0,0,4,8,16,0,0,0,0,0,0,0,1,0,1,0.9545454545454546,1.0,1.0,0.0,0.0,0.0,3,0,1
2306,51,24,27,12,9,11,19,12,0,0,4,8,16,0,0,0,0,0,0,0,0,0,0,1.0,1.0,1.0,0.0,0.0,0.0,3,0,0
2307,51,24,27,12,9,11,19,12,0,0,4,8,16,0,0,0,0,0,0,0,0,0,0,1.0,1.0,1.0,0.0,0.0,0.0,3,0,0
2308,51,24,27,12,9,11,19,12,0,0,4,8,16,0,0,0,0,0,0,0,0,0,0,1.0,1.0,1.0,0.0,0.0,0.0,3,0,0
2309,51,24,27,12,9,11,19,12,0,0,4,8,16,0,0,0,0,0,0,0,0,0,0,1.0,1.0,1.0,0.0,0.0,0.0,3,0,0
2310,51,24,27,12,9,11,19,12,0,0,4,8,16,0,0,0,0,0,0,0,0,0,0,1.0,1.0,1.0,0.0,0.0,0.0,3,0,0
2311,51,24,27,12,9,11,19,12,0,0,4,8,16,0,0,0,0,0,0,0,0,0,0,1.0,1.0,1.0,0.0,0.0,0.0,3,0,0
2312,51,24,27,12,9,11,19,12,0,0,4,8,16,0,0,0,0,0,0,0,0,0,0,1.0,1.0,1.0,0.0,0.0,0.0,3,0,0
2313,50,23,27,12,9,10,19,12,0,0,4,8,16,0,0,0,0,0,0,0,0,0,0,1.0,1.0,1.0,0.0,0.0,0.0,3,0,1
2314,50,23,27,12,9,10,19,12,0,0,4,8,16,0,0,0,0,0,0,0,0,0,0,1.0,1.0,1.0,0.0,0.0,0.0,3,0,0
2315,50,23,27,12,9,10,19,12,0,0,4,8,16,0,0,0,0,0,0,0,0,0,0,1.0,1.0,1.0,0.0,0.0,0.0,3,0,0
2316,50,23,27,12,9,10,19,12,0,0,4,8,16,0,0,0,0,0,0,0,0,0,0,1.0,1.0,1.0,0.0,0.0,0.0,3,0,0
2317,50,23,27,12,9,10,19,12,0,0,4,8,16,0,0,0,0,0,0,0,0,0,0,1.0,1.0,1.0,0.0,0.0,0.0,3,0,0
2318,50,23,27,12,9,10,19,12,0,0,4,8,16,0,0,0,0,0,0,0,0,0,0,1.0,1.0,1.0,0.0,0.0,0.0,3,0,0
2319,50,23,27,12,9,10,19,12,0,0,4,8,16,0,0,0,0,0,0,0,0,0,0,1.0,1.0,1.0,0.0,0.0,0.0,3,0,0
2320,50,23,27,12,9,10,19,12,0,0,4,8,16,0,0,0,0,0,0,0,0,0,0,1.0,1.0,1.0,0.0,0.0,0.0,3,0,0
2321,50,23,27,12,9,10,19,12,0,0,4,8,16,0,0,0,0,0,0,0,0,0,0,1.0,1.0,1.0,0.0,0.0,0.0,3,0,0
2322,50,23,27,12,9,10,19,12,0,0,4,8,16,0,0,0,0,0,0,0,0,0,0,1.0,1.0,1.0,0.0,0.0,0.0,3,0,0
2323,49,23,26,12,8,10,19,12,0,0,4,8,15,0,0,0,0,0,0,0,1,1,1,0.9523809523809523,1.0,1.0,0.0,0.0,0.0,3,0,1
2324,48,22,26,12,7,10,19,12,0,0,4,7,15,0,0,0,0,0,0,0,1,0,1,0.95,1.0,1.0,0.0,0.0,0.0,3,0,1
2325,47,21,26,12,6,10,19,12,0,0,4,7,15,0,0,0,0,0,0,0,1,0,1,0.9473684210526316,1.0,1.0,0.0,0.0,0.0,3,0,1
2326,47,21,26,12,6,10,19,12,0,0,4,7,15,0,0,0,0,0,0,0,0,0,0,1.0,1.0,1.0,0.0,0.0,0.0,3,0,0
2327,47,21,26,12,5,11,19,12,0,0,4,7,15,0,0,0,0,0,0,0,0,0,0,1.0,1.0,1.0,0.0,0.0,0.0,3,0,0
2328,47,21,26,9,8,11,19,12,0,0,4,7,15,0,0,0,0,0,0,0,0,0,0,1.0,1.0,1.0,0.0,0.0,0.0,3,0,0
2329,47,21,26,9,8,11,19,12,0,0,4,7,15,0,0,0,0,0,0,0,0,3,0,1.0,1.0,1.0,0.0,0.0,0.0,3,0,0
2330,47,21,26,9,8,11,19,12,0,0,3,7,15,0,0,0,0,0,0,0,0,0,0,1.0,1.0,1.0,0.0,0.0,0.0,3,0,0
2331,47,21,26,9,8,11,19,12,1,0,3,7,15,0,0,0,5,1,0,0,0,0,0,1.0,1.0,1.0,0.0,0.0,0.2,3,0,0
2332,47,21,26,3,14,11,19,12,1,0,3,7,15,0,0,0,0,0,0,0,0,0,0,1.0,1.0,1.0,0.0,0.0,0.0,3,0,0
2333,47,21,26,3,11,14,19,12,1,0,3,7,15,0,0,0,0,0,0,0,0,0,0,1.0,1.0,1.0,0.0,0.0,0.0,3,0,0
2334,47,21,26,3,11,14,19,12,1,0,1,7,15,0,0,0,0,0,0,0,0,0,0,1.0,1.0,1.0,0.0,0.0,0.0,3,0,0
2335,47,21,26,3,11,14,19,12,2,0,1,7,15,0,0,0,3,1,0,0,0,0,0,1.0,1.0,1.0,0.0,0.0,0.3333333333333333,3,0,0
2336,47,21,26,3,11,14,19,12,2,0,1,7,15,0,0,0,0,0,0,0,0,2,0,1.0,1.0,1.0,0.0,0.0,0.0,3,0,0
2337,47,21,26,3,11,14,19,12,2,0,1,7,15,0,0,0,0,0,0,0,0,0,0,1.0,1.0,1.0,0.0,0.0,0.0,3,0,0
2338,47,21,26,3,11,14,19,12,2,0,1,7,15,0,0,0,0,0,0,0,0,0,0,1.0,1.0,1.0,0.0,0.0,0.0,3,0,0
2339,47,21,26,3,11,14,19,12,2,0,1,7,15,0,0,0,0,0,0,0,0,0,0,1.0,1.0,1.0,0.0,0.0,0.0,3,0,0
2340,46,21,25,3,9,15,19,12,2,0,1,7,15,0,0,0,0,0,0,0,0,0,0,0.9230769230769231,1.0,1.0,0.0,0.0,0.0,3,0,1
2341,46,21,25,3,9,15,19,12,2,0,1,7,15,0,0,0,0,0,0,0,0,0,0,1.0,1.0,1.0,0.0,0.0,0.0,3,0,0
2342,46,21,25,0,12,15,19,12,2,0,1,7,15,0,0,0,0,0,0,0,0,0,0,1.0,1.0,1.0,0.0,0.0,0.0,3,0,0
2343,46,21,25,0,12,15,19,12,2,0,1,7,15,0,0,0,0,0,0,0,0,0,0,1.0,1.0,1.0,0.0,0.0,0.0,3,0,0
2344,46,21,25,0,12,15,19,12,2,0,0,7,15,0,0,0,0,0,0,0,0,0,0,1.0,1.0,1.0,0.0,0.0,0.0,3,0,0
2345,46,21,25,0,12,15,19,12,3,0,0,7,15,0,0,0,6,1,0,0,0,0,0,1.0,1.0,1.0,0.0,0.0,0.16666666666666666,3,0,0
2346,46,21,25,0,12,15,19,12,3,0,0,7,15,0,0,0,0,0,0,0,0,0,0,1.0,1.0,1.0,0.0,0.0,0.0,3,0,0
2347,46,21,25,0,12,15,19,12,3,0,0,7,15,0,0,0,0,0,0,0,0,0,0,1.0,1.0,1.0,0.0,0.0,0.0,3,0,0
2348,46,21,25,0,12,15,19,12,3,0,0,7,15,0,0,0,0,0,0,0,0,0,0,1.0,1.0,1.0,0.0,0.0,0.0,3,0,0
2349,46,21,25,0,12,15,19,12,3,0,0,7,15,0,0,0,0,0,0,0,0,0,0,1.0,1.0,1.0,0.0,0.0,0.0,3,0,0
2350,46,21,25,0,12,15,19,12,3,0,0,7,15,0,0,0,0,0,0,0,0,0,0,1.0,1.0,1.0,0.0,0.0,0.0,3,0,0
2351,46,21,25,0,12,15,19,12,3,0,0,7,15,0,0,0,0,0,0,0,0,0,0,1.0,1.0,1.0,0.0,0.0,0.0,3,0,0
2352,46,21,25,0,12,15,19,12,3,0,0,7,15,0,0,0,0,0,0,0,0,0,0,1.0,1.0,1.0,0.0,0.0,0.0,3,0,0
2353,46,21,25,0,12,15,19,12,3,0,0,7,15,0,0,0,0,0,0,0,0,0,0,1.0,1.0,1.0,0.0,0.0,0.0,3,0,0
2354,46,21,25,0,12,14,20,12,3,0,0,7,15,0,0,0,0,0,0,0,0,0,0,1.0,1.0,1.0,0.0,0.0,0.0,3,0,0
2355,46,21,25,0,12,14,20,12,3,0,0,7,15,0,0,0,0,0,0,0,0,0,0,1.0,1.0,1.0,0.0,0.0,0.0,3,0,0
2356,46,21,25,0,12,14,20,12,3,0,0,7,15,0,0,0,0,0,0,0,0,0,0,1.0,1.0,1.0,0.0,0.0,0.0,3,0,0
2357,46,21,25,0,12,14,20,12,3,0,0,7,15,0,0,0,0,0,0,0,0,0,0,1.0,1.0,1.0,0.0,0.0,0.0,3,0,0
2358,46,21,25,0,12,13,21,13,3,0,0,7,15,0,0,0,0,0,0,0,0,0,0,1.0,1.0,1.0,0.0,0.0,0.0,3,0,0
2359,46,21,25,0,12,13,21,13,3,0,0,7,15,0,0,0,0,0,0,0,0,0,0,1.0,1.0,1.0,0.0,0.0,0.0,3,0,0
2360,46,21,25,0,12,13,21,13,3,0,0,7,15,0,0,0,0,0,0,0,0,0,0,1.0,1.0,1.0,0.0,0.0,0.0,3,0,0
2361,46,21,25,0,12,13,21,13,3,0,0,7,15,0,0,0,0,0,0,0,0,0,0,1.0,1.0,1.0,0.0,0.0,0.0,3,0,0
2362,46,21,25,0,12,13,21,13,3,0,0,7,15,0,0,0,0,0,0,0,0,0,0,1.0,1.0,1.0,0.0,0.0,0.0,3,0,0
2363,46,21,25,0,12,13,21,13,3,0,0,7,15,0,0,0,0,0,0,0,0,0,0,1.0,1.0,1.0,0.0,0.0,0.0,3,0,0
2364,46,21,25,0,12,12,22,13,3,0,0,7,15,0,0,0,0,0,0,0,0,0,0,1.0,1.0,1.0,0.0,0.0,0.0,3,0,0
2365,46,21,25,0,12,11,23,14,3,0,0,7,15,0,0,0,0,0,0,0,0,0,0,1.0,1.0,1.0,0.0,0.0,0.0,3,0,0
2366,46,21,25,0,12,11,23,14,3,0,0,7,15,0,0,0,0,0,0,0,0,0,0,1.0,1.0,1.0,0.0,0.0,0.0,3,0,0
2367,46,21,25,0,12,11,23,14,3,0,0,7,15,0,0,0,0,0,0,0,0,0,0,1.0,1.0,1.0,0.0,0.0,0.0,3,0,0
2368,46,21,25,0,12,11,23,14,3,0,0,7,15,0,0,0,0,0,0,0,0,0,0,1.0,1.0,1.0,0.0,0.0,0.0,3,0,0
2369,46,21,25,0,12,11,23,14,3,0,0,7,15,0,0,0,0,0,0,0,0,0,0,1.0,1.0,1.0,0.0,0.0,0.0,3,0,0
2370,46,21,25,0,12,11,23,14,3,0,0,7,15,0,0,0,0,0,0,0,0,0,0,1.0,1.0,1.0,0.0,0.0,0.0,3,0,0
2371,46,21,25,0,12,11,23,14,3,0,0,7,15,0,0,0,0,0,0,0,0,0,0,1.0,1.0,1.0,0.0,0.0,0.0,3,0,0
2372,46,21,25,0,12,11,23,14,3,0,0,7,15,0,0,0,0,0,0,0,0,0,0,1.0,1.0,1.0,0.0,0.0,0.0,3,0,0
2373,46,21,25,0,12,10,24,15,3,0,0,8,16,1,1,0,0,0,0,0,0,0,0,1.0,1.0,1.0,0.0,0.0,0.0,3,0,0
2374,46,21,25,0,12,10,24,15,3,0,0,9,16,1,0,0,0,0,0,0,0,0,0,1.0,1.0,1.0,0.0,0.0,0.0,3,0,0
2375,45,21,24,0,12,10,23,14,3,0,0,9,15,0,0,0,0,0,0,0,0,0,0,1.0,1.0,0.9333333333333333,0.0,0.0,0.0,3,0,1
2376,43,20,23,0,11,10,22,13,3,0,0,9,14,0,0,0,0,0,0,0,1,0,1,0.9166666666666666,1.0,0.9285714285714286,0.0,0.0,0.0,3,0,2
2377,43,20,23,0,11,10,22,13,3,0,0,9,14,0,0,0,0,0,0,0,0,0,0,1.0,1.0,1.0,0.0,0.0,0.0,3,0,0
2378,43,20,23,0,11,10,22,13,3,0,0,9,14,0,0,0,0,0,0,0,0,0,0,1.0,1.0,1.0,0.0,0.0,0.0,3,0,0
2379,42,20,22,0,11,9,22,13,3,0,0,9,13,0,0,0,0,0,0,0,0,0,0,1.0,1.0,1.0,0.0,0.0,0.0,3,0,1
2380,42,20,22,0,11,9,22,13,3,0,0,9,13,0,0,0,0,0,0,0,0,0,0,1.0,1.0,1.0,0.0,0.0,0.0,3,0,0
2381,42,20,22,0,11,9,22,13,3,0,0,9,13,0,0,0,0,0,0,0,0,0,0,1.0,1.0,1.0,0.0,0.0,0.0,3,0,0
2382,42,20,22,0,11,9,22,13,3,0,0,9,13,0,0,0,0,0,0,0,0,0,0,1.0,1.0,1.0,0.0,0.0,0.0,3,0,0
2383,42,20,22,0,11,9,22,13,3,0,0,9,13,0,0,0,0,0,0,0,0,0,0,1.0,1.0,1.0,0.0,0.0,0.0,3,0,0
2384,42,20,22,0,11,8,23,14,3,0,0,9,13,0,0,0,0,0,0,0,0,0,0,1.0,1.0,1.0,0.0,0.0,0.0,3,0,0
2385,42,20,22,0,11,8,23,14,3,0,0,9,13,0,0,0,0,0,0,0,0,0,0,1.0,1.0,1.0,0.0,0.0,0.0,3,0,0
2386,42,20,22,0,11,8,23,14,3,0,0,9,13,0,0,0,0,0,0,0,0,0,0,1.0,1.0,1.0,0.0,0.0,0.0,3,0,0
2387,42,20,22,0,11,8,23,14,3,0,0,9,13,0,0,0,0,0,0,0,0,0,0,1.0,1.0,1.0,0.0,0.0,0.0,3,0,0
2388,42,20,22,0,11,8,23,14,3,0,0,9,13,0,0,0,0,0,0,0,0,0,0,1.0,1.0,1.0,0.0,0.0,0.0,3,0,0
2389,42,20,22,0,11,8,23,14,3,0,0,9,13,0,0,0,0,0,0,0,0,0,0,1.0,1.0,1.0,0.0,0.0,0.0,3,0,0
2390,42,20,22,0,11,8,23,14,3,0,0,9,13,0,0,0,0,0,0,0,0,0,0,1.0,1.0,1.0,0.0,0.0,0.0,3,0,0
2391,42,20,22,0,11,8,23,14,3,0,0,9,13,0,0,0,0,0,0,0,0,0,0,1.0,1.0,1.0,0.0,0.0,0.0,3,0,0
2392,42,20,22,0,11,8,23,14,3,0,0,9,13,0,0,0,0,0,0,0,0,0,0,1.0,1.0,1.0,0.0,0.0,0.0,3,0,0
2393,42,20,22,0,11,8,23,14,3,0,0,9,13,0,0,0,0,0,0,0,0,0,0,1.0,1.0,1.0,0.0,0.0,0.0,3,0,0
2394,41,20,21,0,11,8,22,13,3,0,0,9,12,0,0,0,0,0,0,0,0,0,0,1.0,1.0,0.9285714285714286,0.0,0.0,0.0,3,0,1
2395,41,20,21,0,11,8,22,13,3,0,0,9,12,0,0,0,0,0,0,0,0,0,0,1.0,1.0,1.0,0.0,0.0,0.0,3,0,0
2396,45,22,23,4,11,8,22,13,2,0,1,9,12,0,0,0,0,0,0,1,0,0,0,1.0,1.0,1.0,0.0975609756097561,0.0975609756097561,0.0,3,4,0
2397,45,22,23,4,11,8,22,13,2,0,1,9,12,0,0,0,0,0,0,0,0,0,0,1.0,1.0,1.0,0.0,0.0,0.0,3,0,0
2398,45,22,23,4,11,8,22,13,2,0,1,9,12,0,0,0,0,0,0,0,0,0,0,1.0,1.0,1.0,0.0,0.0,0.0,3,0,0
2399,45,22,23,4,11,7,23,13,2,0,1,9,12,0,0,0,0,0,0,0,0,0,0,1.0,1.0,1.0,0.0,0.0,0.0,3,0,0
2400,49,24,25,8,11,7,23,13,1,0,2,9,12,0,0,0,0,0,0,1,0,0,0,1.0,1.0,1.0,0.08888888888888889,0.08888888888888889,0.0,3,4,0
2401,49,24,25,8,11,7,23,13,1,0,2,9,12,0,0,0,0,0,0,0,0,0,0,1.0,1.0,1.0,0.0,0.0,0.0,3,0,0
2402,49,24,25,8,11,5,25,13,1,0,2,9,12,0,0,0,0,0,0,0,0,0,0,1.0,1.0,1.0,0.0,0.0,0.0,3,0,0
2403,48,23,25,8,10,5,25,13,1,0,2,9,12,0,0,0,0,0,0,0,1,0,1,0.9473684210526316,1.0,1.0,0.0,0.0,0.0,3,0,1
2404,46,22,24,8,9,5,24,13,1,0,2,9,12,0,0,0,0,0,0,0,1,0,1,0.9444444444444444,0.9166666666666666,1.0,0.0,0.0,0.0,3,0,2
2405,46,22,24,8,9,5,24,13,1,0,2,9,12,0,0,0,0,0,0,0,0,0,0,1.0,1.0,1.0,0.0,0.0,0.0,3,0,0
2406,46,22,24,8,9,5,24,13,1,0,2,9,12,0,0,0,0,0,0,0,0,0,0,1.0,1.0,1.0,0.0,0.0,0.0,3,0,0
2407,46,22,24,8,9,5,24,13,1,0,2,9,12,0,0,0,0,0,0,0,0,0,0,1.0,1.0,1.0,0.0,0.0,0.0,3,0,0
2408,46,22,24,8,9,5,24,13,1,0,2,9,12,0,0,0,0,0,0,0,0,0,0,1.0,1.0,1.0,0.0,0.0,0.0,3,0,0
2409,46,22,24,8,9,5,24,13,1,0,2,9,12,0,0,0,0,0,0,0,0,0,0,1.0,1.0,1.0,0.0,0.0,0.0,3,0,0
2410,49,23,26,11,9,5,24,13,0,0,3,9,12,0,0,0,0,0,0,1,0,0,0,1.0,1.0,1.0,0.06521739130434782,0.06521739130434782,0.0,3,3,0
2411,49,23,26,11,9,5,24,13,0,0,3,9,12,0,0,0,0,0,0,0,0,0,0,1.0,1.0,1.0,0.0,0.0,0.0,3,0,0
2412,49,23,26,11,9,5,24,13,0,0,3,9,12,0,0,0,0,0,0,0,0,0,0,1.0,1.0,1.0,0.0,0.0,0.0,3,0,0
2413,49,23,26,11,9,5,24,13,0,0,3,9,12,0,0,0,0,0,0,0,0,0,0,1.0,1.0,1.0,0.0,0.0,0.0,3,0,0
2414,49,23,26,11,9,5,24,13,0,0,3,9,12,0,0,0,0,0,0,0,0,0,0,1.0,1.0,1.0,0.0,0.0,0.0,3,0,0
2415,49,23,26,11,9,5,24,13,0,0,3,9,12,0,0,0,0,0,0,0,0,0,0,1.0,1.0,1.0,0.0,0.0,0.0,3,0,0
2416,49,23,26,11,9,5,24,13,0,0,3,9,12,0,0,0,0,0,0,0,0,0,0,1.0,1.0,1.0,0.0,0.0,0.0,3,0,0
2417,48,22,26,10,9,5,24,13,0,0,3,9,12,0,0,0,0,0,0,0,1,0,1,0.95,1.0,1.0,0.0,0.0,0.0,3,0,1
2418,48,22,26,10,9,5,24,13,0,0,3,9,12,0,0,0,0,0,0,0,0,0,0,1.0,1.0,1.0,0.0,0.0,0.0,3,0,0
2419,48,22,26,10,9,5,24,13,0,0,3,9,12,0,0,0,0,0,0,0,0,0,0,1.0,1.0,1.0,0.0,0.0,0.0,3,0,0
2420,48,22,26,10,9,5,24,13,0,0,3,9,12,0,0,0,0,0,0,0,0,0,0,1.0,1.0,1.0,0.0,0.0,0.0,3,0,0
2421,48,22,26,10,9,5,24,13,0,0,3,9,12,0,0,0,0,0,0,0,0,0,0,1.0,1.0,1.0,0.0,0.0,0.0,3,0,0
2422,47,21,26,9,9,5,24,13,0,0,3,9,12,0,0,0,0,0,0,0,1,0,1,0.9473684210526316,1.0,1.0,0.0,0.0,0.0,3,0,1
2423,47,21,26,9,9,5,24,13,0,0,3,9,12,0,0,0,0,0,0,0,0,0,0,1.0,1.0,1.0,0.0,0.0,0.0,3,0,0
2424,47,21,26,9,9,5,24,13,0,0,3,9,12,0,0,0,0,0,0,0,0,0,0,1.0,1.0,1.0,0.0,0.0,0.0,3,0,0
2425,47,21,26,9,9,5,24,13,0,0,3,9,12,0,0,0,0,0,0,0,0,0,0,1.0,1.0,1.0,0.0,0.0,0.0,3,0,0
2426,46,20,26,8,9,5,24,13,0,0,3,9,12,0,0,0,0,0,0,0,1,0,1,0.9444444444444444,1.0,1.0,0.0,0.0,0.0,3,0,1
2427,46,20,26,8,9,5,24,13,0,0,3,9,12,0,0,0,0,0,0,0,0,0,0,1.0,1.0,1.0,0.0,0.0,0.0,3,0,0
2428,46,20,26,8,9,5,24,13,0,0,3,9,12,0,0,0,0,0,0,0,0,0,0,1.0,1.0,1.0,0.0,0.0,0.0,3,0,0
2429,46,20,26,8,9,5,24,13,0,0,3,9,12,0,0,0,0,0,0,0,0,0,0,1.0,1.0,1.0,0.0,0.0,0.0,3,0,0
2430,46,20,26,8,9,5,24,13,0,0,3,9,12,0,0,0,0,0,0,0,0,0,0,1.0,1.0,1.0,0.0,0.0,0.0,3,0,0
2431,46,20,26,8,9,5,24,13,0,0,3,9,12,0,0,0,0,0,0,0,0,0,0,1.0,1.0,1.0,0.0,0.0,0.0,3,0,0
2432,46,20,26,8,9,5,24,13,0,0,3,9,12,0,0,0,0,0,0,0,0,0,0,1.0,1.0,1.0,0.0,0.0,0.0,3,0,0
2433,46,20,26,8,9,4,25,13,0,0,3,9,12,0,0,0,0,0,0,0,0,0,0,1.0,1.0,1.0,0.0,0.0,0.0,3,0,0
2434,46,20,26,8,9,4,25,13,0,0,3,9,12,0,0,0,0,0,0,0,0,0,0,1.0,1.0,1.0,0.0,0.0,0.0,3,0,0
2435,46,20,26,8,9,4,25,13,0,0,3,9,12,0,0,0,0,0,0,0,0,0,0,1.0,1.0,1.0,0.0,0.0,0.0,3,0,0
2436,46,20,26,8,9,4,25,13,0,0,3,9,12,0,0,0,0,0,0,0,0,0,0,1.0,1.0,1.0,0.0,0.0,0.0,3,0,0
2437,46,20,26,8,9,4,25,13,0,0,3,9,12,0,0,0,0,0,0,0,0,0,0,1.0,1.0,1.0,0.0,0.0,0.0,3,0,0
2438,46,20,26,8,9,4,25,13,0,0,3,9,12,0,0,0,0,0,0,0,0,0,0,1.0,1.0,1.0,0.0,0.0,0.0,3,0,0
2439,46,20,26,5,12,4,25,13,0,0,3,9,12,0,0,0,0,0,0,0,0,0,0,1.0,1.0,1.0,0.0,0.0,0.0,3,0,0
2440,46,20,26,5,12,4,25,13,0,0,3,9,12,0,0,0,0,0,0,0,0,0,0,1.0,1.0,1.0,0.0,0.0,0.0,3,0,0
2441,46,20,26,5,12,4,25,13,0,0,2,9,12,0,0,0,0,0,0,0,0,0,0,1.0,1.0,1.0,0.0,0.0,0.0,3,0,0
2442,46,20,26,5,12,4,25,13,1,0,2,9,12,0,0,0,3,1,0,0,0,0,0,1.0,1.0,1.0,0.0,0.0,0.3333333333333333,3,0,0
2443,46,20,26,3,14,4,25,13,1,0,2,9,12,0,0,0,0,0,0,0,0,0,0,1.0,1.0,1.0,0.0,0.0,0.0,3,0,0
2444,46,20,26,3,14,4,25,13,1,0,2,9,12,0,0,0,0,0,0,0,0,0,0,1.0,1.0,1.0,0.0,0.0,0.0,3,0,0
2445,46,20,26,3,14,4,25,13,1,0,1,9,12,0,0,0,0,0,0,0,0,0,0,1.0,1.0,1.0,0.0,0.0,0.0,3,0,0
2446,46,20,26,3,14,4,25,13,1,0,1,9,12,0,0,0,1,0,0,0,0,0,0,1.0,1.0,1.0,0.0,0.0,0.0,3,0,0
2447,45,20,25,3,14,4,24,12,1,1,1,9,11,0,0,0,2,0,1,0,0,0,0,1.0,1.0,0.9230769230769231,0.0,0.0,0.0,3,0,1
2448,45,20,25,3,14,4,24,12,1,1,1,9,11,0,0,0,0,0,0,0,0,0,0,1.0,1.0,1.0,0.0,0.0,0.0,3,0,0
2449,44,19,25,3,13,4,24,12,1,1,1,9,11,0,0,0,0,0,0,0,1,0,1,0.9411764705882353,1.0,1.0,0.0,0.0,0.0,3,0,1
2450,44,19,25,3,13,4,24,12,1,1,1,9,11,0,0,0,0,0,0,0,0,0,0,1.0,1.0,1.0,0.0,0.0,0.0,3,0,0
2451,44,19,25,3,13,4,24,12,1,1,1,9,11,0,0,0,0,0,0,0,0,0,0,1.0,1.0,1.0,0.0,0.0,0.0,3,0,0
2452,44,19,25,3,13,4,24,12,1,1,1,9,11,0,0,0,0,0,0,0,0,0,0,1.0,1.0,1.0,0.0,0.0,0.0,3,0,0
2453,44,19,25,0,16,4,24,12,1,1,1,9,11,0,0,0,0,0,0,0,0,0,0,1.0,1.0,1.0,0.0,0.0,0.0,3,0,0
2454,44,19,25,0,16,4,24,12,1,1,1,9,11,0,0,0,0,0,0,0,0,0,0,1.0,1.0,1.0,0.0,0.0,0.0,3,0,0
2455,44,19,25,0,16,4,24,12,1,1,0,9,11,0,0,0,0,0,0,0,0,0,0,1.0,1.0,1.0,0.0,0.0,0.0,3,0,0
2456,44,19,25,0,16,4,24,12,2,1,0,9,11,0,0,0,8,1,0,0,0,0,0,1.0,1.0,1.0,0.0,0.0,0.125,3,0,0
2457,44,19,25,0,16,4,24,12,2,1,0,9,11,0,0,0,0,0,0,0,0,0,0,1.0,1.0,1.0,0.0,0.0,0.0,3,0,0
2458,44,19,25,0,16,4,24,12,2,1,0,9,11,0,0,0,0,0,0,0,0,0,0,1.0,1.0,1.0,0.0,0.0,0.0,3,0,0
2459,44,19,25,0,16,3,25,13,2,1,0,9,11,0,0,0,0,0,0,0,0,0,0,1.0,1.0,1.0,0.0,0.0,0.0,3,0,0
2460,43,18,25,0,15,3,25,13,2,1,0,9,11,0,0,0,0,0,0,0,1,0,1,0.9375,1.0,1.0,0.0,0.0,0.0,3,0,1
2461,43,18,25,0,15,3,25,13,2,1,0,9,11,0,0,0,0,0,0,0,0,0,0,1.0,1.0,1.0,0.0,0.0,0.0,3,0,0
2462,43,18,25,0,15,3,25,13,2,1,0,9,11,0,0,0,0,0,0,0,0,0,0,1.0,1.0,1.0,0.0,0.0,0.0,3,0,0
2463,43,18,25,0,15,3,25,13,2,1,0,9,11,0,0,0,0,0,0,0,0,0,0,1.0,1.0,1.0,0.0,0.0,0.0,3,0,0
2464,43,18,25,0,15,3,25,13,2,1,0,9,11,0,0,0,0,0,0,0,0,0,0,1.0,1.0,1.0,0.0,0.0,0.0,3,0,0
2465,43,18,25,0,15,3,25,13,2,1,0,9,11,0,0,0,0,0,0,0,0,2,0,1.0,1.0,1.0,0.0,0.0,0.0,3,0,0
2466,42,18,24,0,14,3,25,13,2,1,0,9,13,0,2,0,0,0,0,0,1,0,1,0.9333333333333333,1.0,1.0,0.0,0.0,0.0,3,0,1
2467,42,18,24,0,14,3,25,13,2,1,0,9,14,0,1,0,0,0,0,0,0,0,0,1.0,1.0,1.0,0.0,0.0,0.0,3,0,0
2468,42,18,24,0,14,2,26,13,2,1,0,9,15,0,1,0,0,0,0,0,0,0,0,1.0,1.0,1.0,0.0,0.0,0.0,3,0,0
2469,42,18,24,0,12,4,26,13,2,1,0,9,16,0,1,0,0,0,0,0,0,4,0,1.0,1.0,1.0,0.0,0.0,0.0,3,0,0
2470,42,18,24,0,12,4,26,13,2,1,0,9,16,0,0,0,0,0,0,0,0,0,0,1.0,1.0,1.0,0.0,0.0,0.0,3,0,0
2471,42,18,24,0,12,4,26,13,2,1,0,9,16,0,0,0,0,0,0,0,0,0,0,1.0,1.0,1.0,0.0,0.0,0.0,3,0,0
2472,42,18,24,0,12,4,26,13,2,1,0,9,16,0,0,0,0,0,0,0,0,0,0,1.0,1.0,1.0,0.0,0.0,0.0,3,0,0
2473,42,18,24,0,8,8,26,13,2,1,0,9,16,0,0,0,0,0,0,0,0,0,0,1.0,1.0,1.0,0.0,0.0,0.0,3,0,0
2474,42,18,24,0,8,8,26,13,2,1,0,9,16,0,0,0,0,0,0,0,0,0,0,1.0,1.0,1.0,0.0,0.0,0.0,3,0,0
2475,42,18,24,0,8,7,27,13,2,1,0,9,16,0,0,0,0,0,0,0,0,0,0,1.0,1.0,1.0,0.0,0.0,0.0,3,0,0
2476,42,18,24,0,8,7,27,13,2,1,0,9,16,0,0,0,0,0,0,0,0,0,0,1.0,1.0,1.0,0.0,0.0,0.0,3,0,0
2477,42,18,24,0,8,7,27,13,2,1,0,9,16,0,0,0,0,0,0,0,0,0,0,1.0,1.0,1.0,0.0,0.0,0.0,3,0,0
2478,42,18,24,0,8,7,27,13,2,1,0,9,16,0,0,0,0,0,0,0,0,0,0,1.0,1.0,1.0,0.0,0.0,0.0,3,0,0
2479,42,18,24,0,8,7,27,13,2,1,0,9,16,0,0,0,0,0,0,0,0,2,0,1.0,1.0,1.0,0.0,0.0,0.0,3,0,0
2480,42,18,24,0,8,7,27,13,2,1,0,9,16,0,0,0,0,0,0,0,0,0,0,1.0,1.0,1.0,0.0,0.0,0.0,3,0,0
2481,42,18,24,0,8,7,27,13,2,1,0,9,16,0,0,0,0,0,0,0,0,0,0,1.0,1.0,1.0,0.0,0.0,0.0,3,0,0
2482,42,18,24,0,8,7,27,13,2,1,0,9,16,0,0,0,0,0,0,0,0,0,0,1.0,1.0,1.0,0.0,0.0,0.0,3,0,0
2483,41,18,23,0,5,9,27,13,2,1,0,9,16,0,0,0,0,0,0,0,1,0,1,0.8333333333333334,1.0,1.0,0.0,0.0,0.0,3,0,1
2484,41,18,23,0,5,9,27,13,2,1,0,9,16,0,0,0,0,0,0,0,0,0,0,1.0,1.0,1.0,0.0,0.0,0.0,3,0,0
2485,41,18,23,0,5,9,27,13,2,1,0,9,16,0,0,0,0,0,0,0,0,0,0,1.0,1.0,1.0,0.0,0.0,0.0,3,0,0
2486,41,18,23,0,5,9,27,13,2,1,0,9,16,0,0,0,0,0,0,0,0,0,0,1.0,1.0,1.0,0.0,0.0,0.0,3,0,0
2487,41,18,23,0,5,9,27,13,2,1,0,9,16,0,0,0,0,0,0,0,0,0,0,1.0,1.0,1.0,0.0,0.0,0.0,3,0,0
2488,41,18,23,0,5,9,27,13,2,1,0,9,16,0,0,0,0,0,0,0,0,0,0,1.0,1.0,1.0,0.0,0.0,0.0,3,0,0
2489,41,18,23,0,5,9,27,13,2,1,0,9,16,0,0,0,0,0,0,0,0,0,0,1.0,1.0,1.0,0.0,0.0,0.0,3,0,0
2490,41,18,23,0,5,9,27,13,2,1,0,9,16,0,0,0,0,0,0,0,0,0,0,1.0,1.0,1.0,0.0,0.0,0.0,3,0,0
2491,41,18,23,0,5,9,27,13,2,1,0,9,16,0,0,0,0,0,0,0,0,0,0,1.0,1.0,1.0,0.0,0.0,0.0,3,0,0
2492,41,18,23,0,5,9,27,13,2,0,0,9,16,0,0,0,0,0,0,0,0,0,0,1.0,1.0,1.0,0.0,0.0,0.0,3,0,0
2493,41,18,23,0,5,9,27,13,2,0,0,9,16,0,0,0,0,0,0,0,0,0,0,1.0,1.0,1.0,0.0,0.0,0.0,3,0,0
2494,41,18,23,0,5,9,27,13,2,0,0,9,16,0,0,0,0,0,0,0,0,0,0,1.0,1.0,1.0,0.0,0.0,0.0,3,0,0
2495,41,18,23,0,5,9,27,13,2,0,0,9,16,0,0,0,0,0,0,0,0,0,0,1.0,1.0,1.0,0.0,0.0,0.0,3,0,0
2496,41,18,23,0,5,9,27,13,2,0,0,9,16,0,0,0,0,0,0,0,0,0,0,1.0,1.0,1.0,0.0,0.0,0.0,3,0,0
2497,41,18,23,0,5,9,27,13,2,0,0,9,16,0,0,0,0,0,0,0,0,0,0,1.0,1.0,1.0,0.0,0.0,0.0,3,0,0
2498,41,18,23,0,5,9,27,13,2,0,0,9,16,0,0,0,0,0,0,0,0,0,0,1.0,1.0,1.0,0.0,0.0,0.0,3,0,0
2499,41,18,23,0,5,9,27,13,2,0,0,9,16,0,0,0,0,0,0,0,0,0,0,1.0,1.0,1.0,0.0,0.0,0.0,3,0,0
2500,41,18,23,0,5,9,27,13,2,0,0,9,16,0,0,0,0,0,0,0,0,0,0,1.0,1.0,1.0,0.0,0.0,0.0,3,0,0
2501,41,18,23,0,5,9,27,13,2,0,0,9,16,0,0,0,0,0,0,0,0,0,0,1.0,1.0,1.0,0.0,0.0,0.0,3,0,0
2502,41,18,23,0,5,9,27,13,2,0,0,9,16,0,0,0,0,0,0,0,0,0,0,1.0,1.0,1.0,0.0,0.0,0.0,3,0,0
2503,41,18,23,0,5,9,27,13,2,0,0,9,16,0,0,0,0,0,0,0,0,0,0,1.0,1.0,1.0,0.0,0.0,0.0,3,0,0
2504,41,18,23,0,5,9,27,13,2,0,0,9,16,0,0,0,0,0,0,0,0,0,0,1.0,1.0,1.0,0.0,0.0,0.0,3,0,0
2505,41,18,23,0,5,9,27,13,2,0,0,9,16,0,0,0,0,0,0,0,0,0,0,1.0,1.0,1.0,0.0,0.0,0.0,3,0,0
2506,41,18,23,0,5,9,27,13,2,0,0,9,16,0,0,0,0,0,0,0,0,0,0,1.0,1.0,1.0,0.0,0.0,0.0,3,0,0
2507,45,20,25,4,5,9,27,13,1,0,1,9,16,0,0,0,0,0,0,1,0,0,0,1.0,1.0,1.0,0.0975609756097561,0.0975609756097561,0.0,3,4,0
2508,45,20,25,4,5,9,27,13,1,0,1,9,16,0,0,0,0,0,0,0,0,0,0,1.0,1.0,1.0,0.0,0.0,0.0,3,0,0
2509,45,20,25,4,5,9,27,13,1,0,1,9,16,0,0,0,0,0,0,0,0,0,0,1.0,1.0,1.0,0.0,0.0,0.0,3,0,0
2510,45,20,25,4,5,9,27,13,1,0,1,9,16,0,0,0,0,0,0,0,0,0,0,1.0,1.0,1.0,0.0,0.0,0.0,3,0,0
2511,45,20,25,4,5,9,27,13,1,0,1,9,16,0,0,0,0,0,0,0,0,0,0,1.0,1.0,1.0,0.0,0.0,0.0,3,0,0
2512,45,20,25,4,5,8,28,14,1,0,1,9,16,0,0,0,0,0,0,0,0,0,0,1.0,1.0,1.0,0.0,0.0,0.0,3,0,0
2513,45,20,25,4,5,8,28,14,1,0,1,9,16,0,0,0,0,0,0,0,0,0,0,1.0,1.0,1.0,0.0,0.0,0.0,3,0,0
2514,45,20,25,4,5,8,28,14,1,0,1,9,16,0,0,0,0,0,0,0,0,0,0,1.0,1.0,1.0,0.0,0.0,0.0,3,0,0
2515,45,20,25,4,5,7,29,15,1,0,1,9,16,0,0,0,0,0,0,0,0,0,0,1.0,1.0,1.0,0.0,0.0,0.0,3,0,0
2516,45,20,25,4,5,7,29,15,1,0,1,9,16,0,0,0,0,0,0,0,0,0,0,1.0,1.0,1.0,0.0,0.0,0.0,3,0,0
2517,45,20,25,4,5,7,29,15,1,0,1,9,16,0,0,0,0,0,0,0,0,0,0,1.0,1.0,1.0,0.0,0.0,0.0,3,0,0
2518,45,20,25,4,5,7,29,15,1,0,1,9,16,0,0,0,0,0,0,0,0,0,0,1.0,1.0,1.0,0.0,0.0,0.0,3,0,0
2519,45,20,25,4,5,7,29,15,1,0,1,9,16,0,0,0,0,0,0,0,0,0,0,1.0,1.0,1.0,0.0,0.0,0.0,3,0,0
2520,45,20,25,4,5,7,29,15,1,0,1,9,16,0,0,0,0,0,0,0,0,0,0,1.0,1.0,1.0,0.0,0.0,0.0,3,0,0
2521,49,23,26,8,5,7,29,15,0,0,2,9,16,0,0,0,0,0,0,1,0,0,0,1.0,1.0,1.0,0.08888888888888889,0.08888888888888889,0.0,3,4,0
2522,49,23,26,8,5,7,29,15,0,0,2,9,16,0,0,0,0,0,0,0,0,0,0,1.0,1.0,1.0,0.0,0.0,0.0,3,0,0
2523,49,23,26,8,5,7,29,15,0,0,2,9,16,0,0,0,0,0,0,0,0,0,0,1.0,1.0,1.0,0.0,0.0,0.0,3,0,0
2524,49,23,26,8,5,7,29,15,0,0,2,9,16,0,0,0,0,0,0,0,0,0,0,1.0,1.0,1.0,0.0,0.0,0.0,3,0,0
2525,49,23,26,8,5,7,29,15,0,0,2,9,16,0,0,0,0,0,0,0,0,0,0,1.0,1.0,1.0,0.0,0.0,0.0,3,0,0
2526,49,23,26,8,5,7,29,15,0,0,2,9,16,0,0,0,0,0,0,0,0,0,0,1.0,1.0,1.0,0.0,0.0,0.0,3,0,0
2527,49,23,26,8,5,7,29,15,0,0,2,9,16,0,0,0,0,0,0,0,0,0,0,1.0,1.0,1.0,0.0,0.0,0.0,3,0,0
2528,48,22,26,7,5,7,29,15,0,0,2,9,16,0,0,0,0,0,0,0,1,0,1,0.9230769230769231,1.0,1.0,0.0,0.0,0.0,3,0,1
2529,47,22,25,6,5,7,29,15,0,0,2,9,16,0,0,0,0,0,0,0,1,0,1,0.9166666666666666,1.0,1.0,0.0,0.0,0.0,3,0,1
2530,47,22,25,6,5,7,29,15,0,0,2,9,16,0,0,0,0,0,0,0,0,0,0,1.0,1.0,1.0,0.0,0.0,0.0,3,0,0
2531,47,22,25,6,5,7,29,15,0,0,2,9,16,0,0,0,0,0,0,0,0,0,0,1.0,1.0,1.0,0.0,0.0,0.0,3,0,0
2532,47,22,25,6,5,7,29,15,0,0,2,9,16,0,0,0,0,0,0,0,0,0,0,1.0,1.0,1.0,0.0,0.0,0.0,3,0,0
2533,47,22,25,6,5,7,29,15,0,0,2,9,16,0,0,0,0,0,0,0,0,0,0,1.0,1.0,1.0,0.0,0.0,0.0,3,0,0
2534,47,22,25,6,5,7,29,15,0,0,2,9,16,0,0,0,0,0,0,0,0,0,0,1.0,1.0,1.0,0.0,0.0,0.0,3,0,0
2535,46,22,24,5,5,7,29,15,0,0,2,9,16,0,0,0,0,0,0,0,1,0,1,0.9090909090909091,1.0,1.0,0.0,0.0,0.0,3,0,1
2536,46,22,24,5,5,7,29,15,0,0,2,9,16,0,0,0,0,0,0,0,0,0,0,1.0,1.0,1.0,0.0,0.0,0.0,3,0,0
2537,46,22,24,5,5,7,29,15,0,0,2,9,16,0,0,0,0,0,0,0,0,0,0,1.0,1.0,1.0,0.0,0.0,0.0,3,0,0
2538,46,22,24,5,5,7,29,15,0,0,2,9,16,0,0,0,0,0,0,0,0,0,0,1.0,1.0,1.0,0.0,0.0,0.0,3,0,0
2539,46,22,24,5,5,7,29,15,0,0,2,9,16,0,0,0,0,0,0,0,0,0,0,1.0,1.0,1.0,0.0,0.0,0.0,3,0,0
2540,45,22,23,5,5,7,28,14,0,0,2,9,15,0,0,0,0,0,0,0,0,0,0,1.0,1.0,0.9333333333333333,0.0,0.0,0.0,3,0,1
2541,45,22,23,5,5,7,28,14,0,0,2,9,15,0,0,0,0,0,0,0,0,0,0,1.0,1.0,1.0,0.0,0.0,0.0,3,0,0
2542,45,22,23,5,5,7,28,14,0,0,2,9,15,0,0,0,0,0,0,0,0,0,0,1.0,1.0,1.0,0.0,0.0,0.0,3,0,0
2543,45,22,23,5,5,7,28,14,0,0,2,9,15,0,0,0,0,0,0,0,0,0,0,1.0,1.0,1.0,0.0,0.0,0.0,3,0,0
2544,45,22,23,5,5,7,28,14,0,0,2,9,15,0,0,0,0,0,0,0,0,0,0,1.0,1.0,1.0,0.0,0.0,0.0,3,0,0
2545,45,22,23,5,5,7,28,14,0,0,2,9,15,0,0,0,0,0,0,0,0,0,0,1.0,1.0,1.0,0.0,0.0,0.0,3,0,0
2546,45,22,23,5,5,7,28,14,0,0,2,9,15,0,0,0,0,0,0,0,0,0,0,1.0,1.0,1.0,0.0,0.0,0.0,3,0,0
2547,45,22,23,5,5,7,28,14,0,0,2,9,15,0,0,0,0,0,0,0,0,0,0,1.0,1.0,1.0,0.0,0.0,0.0,3,0,0
2548,45,22,23,5,5,7,28,14,0,0,2,9,15,0,0,0,0,0,0,0,0,0,0,1.0,1.0,1.0,0.0,0.0,0.0,3,0,0
2549,45,22,23,5,5,7,28,14,0,0,2,9,15,0,0,0,0,0,0,0,0,0,0,1.0,1.0,1.0,0.0,0.0,0.0,3,0,0
2550,45,22,23,2,8,7,28,14,0,0,2,9,15,0,0,0,0,0,0,0,0,0,0,1.0,1.0,1.0,0.0,0.0,0.0,3,0,0
2551,45,22,23,2,8,7,28,14,0,0,2,9,15,0,0,0,0,0,0,0,0,0,0,1.0,1.0,1.0,0.0,0.0,0.0,3,0,0
2552,45,22,23,2,8,7,28,14,0,0,1,9,15,0,0,0,0,0,0,0,0,0,0,1.0,1.0,1.0,0.0,0.0,0.0,3,0,0
2553,45,22,23,2,8,7,28,14,0,0,1,9,15,0,0,0,0,0,0,0,0,0,0,1.0,1.0,1.0,0.0,0.0,0.0,3,0,0
2554,45,22,23,2,8,7,28,14,0,0,1,9,15,0,0,0,0,0,0,0,0,0,0,1.0,1.0,1.0,0.0,0.0,0.0,3,0,0
2555,45,22,23,2,8,7,28,14,0,0,1,10,15,1,0,0,0,0,0,0,0,0,0,1.0,1.0,1.0,0.0,0.0,0.0,3,0,0
2556,45,22,23,2,8,7,28,14,0,0,1,10,15,0,0,0,0,0,0,0,0,0,0,1.0,1.0,1.0,0.0,0.0,0.0,3,0,0
2557,45,22,23,2,8,7,28,14,0,0,1,10,15,0,0,0,0,0,0,0,0,0,0,1.0,1.0,1.0,0.0,0.0,0.0,3,0,0
2558,45,22,23,2,8,7,28,14,0,0,1,10,16,0,1,0,0,0,0,0,0,0,0,1.0,1.0,1.0,0.0,0.0,0.0,3,0,0
2559,45,22,23,2,8,7,28,14,0,0,1,10,16,0,0,0,0,0,0,0,0,0,0,1.0,1.0,1.0,0.0,0.0,0.0,3,0,0
2560,45,22,23,2,8,7,28,14,0,0,1,11,16,1,0,0,0,0,0,0,0,0,0,1.0,1.0,1.0,0.0,0.0,0.0,3,0,0
2561,45,22,23,2,8,7,28,14,0,0,1,11,16,0,0,0,0,0,0,0,0,0,0,1.0,1.0,1.0,0.0,0.0,0.0,3,0,0
2562,45,22,23,2,8,7,28,14,0,0,1,12,17,1,1,0,0,0,0,0,0,0,0,1.0,1.0,1.0,0.0,0.0,0.0,3,0,0
2563,45,22,23,2,8,7,28,14,0,0,1,12,17,0,0,0,0,0,0,0,0,0,0,1.0,1.0,1.0,0.0,0.0,0.0,3,0,0
2564,45,22,23,0,10,7,28,14,0,0,1,12,17,0,0,0,0,0,0,0,0,0,0,1.0,1.0,1.0,0.0,0.0,0.0,3,0,0
2565,45,22,23,0,10,7,28,14,0,0,1,12,17,0,0,0,0,0,0,0,0,0,0,1.0,1.0,1.0,0.0,0.0,0.0,3,0,0
2566,45,22,23,0,10,7,28,14,0,0,0,12,17,0,0,0,0,0,0,0,0,0,0,1.0,1.0,1.0,0.0,0.0,0.0,3,0,0
2567,45,22,23,0,10,6,29,15,0,0,0,12,17,0,0,0,0,0,0,0,0,0,0,1.0,1.0,1.0,0.0,0.0,0.0,3,0,0
2568,45,22,23,0,10,6,29,15,0,0,0,12,17,0,0,0,0,0,0,0,0,0,0,1.0,1.0,1.0,0.0,0.0,0.0,3,0,0
2569,45,22,23,0,10,6,29,15,0,0,0,12,17,0,0,0,0,0,0,0,0,0,0,1.0,1.0,1.0,0.0,0.0,0.0,3,0,0
2570,45,22,23,0,10,6,29,15,0,0,0,12,17,0,0,0,0,0,0,0,0,0,0,1.0,1.0,1.0,0.0,0.0,0.0,3,0,0
2571,45,22,23,0,10,6,29,15,0,0,0,12,17,0,0,0,0,0,0,0,0,0,0,1.0,1.0,1.0,0.0,0.0,0.0,3,0,0
2572,45,22,23,0,10,6,29,15,0,0,0,12,17,0,0,0,0,0,0,0,0,0,0,1.0,1.0,1.0,0.0,0.0,0.0,3,0,0
2573,45,22,23,0,10,6,29,15,0,0,0,12,17,0,0,0,0,0,0,0,0,0,0,1.0,1.0,1.0,0.0,0.0,0.0,3,0,0
2574,45,22,23,0,10,6,29,15,0,0,0,12,17,0,0,0,0,0,0,0,0,0,0,1.0,1.0,1.0,0.0,0.0,0.0,3,0,0
2575,45,22,23,0,10,6,29,15,0,0,0,12,17,0,0,0,0,0,0,0,0,0,0,1.0,1.0,1.0,0.0,0.0,0.0,3,0,0
2576,45,22,23,0,10,6,29,15,0,0,0,12,17,0,0,0,0,0,0,0,0,2,0,1.0,1.0,1.0,0.0,0.0,0.0,3,0,0
2577,45,22,23,0,10,6,29,15,0,0,0,12,17,0,0,0,0,0,0,0,0,0,0,1.0,1.0,1.0,0.0,0.0,0.0,3,0,0
2578,45,22,23,0,10,6,29,15,0,0,0,12,17,0,0,0,0,0,0,0,0,0,0,1.0,1.0,1.0,0.0,0.0,0.0,3,0,0
2579,45,22,23,0,10,6,29,15,0,0,0,12,17,0,0,0,0,0,0,0,0,0,0,1.0,1.0,1.0,0.0,0.0,0.0,3,0,0
2580,45,22,23,0,8,8,29,15,0,0,0,12,17,0,0,0,0,0,0,0,0,1,0,1.0,1.0,1.0,0.0,0.0,0.0,3,0,0
2581,45,22,23,0,8,8,29,15,0,0,0,12,17,0,0,0,0,0,0,0,0,0,0,1.0,1.0,1.0,0.0,0.0,0.0,3,0,0
2582,45,22,23,0,8,8,29,15,0,0,0,12,17,0,0,0,0,0,0,0,0,0,0,1.0,1.0,1.0,0.0,0.0,0.0,3,0,0
2583,45,22,23,0,8,8,29,15,0,0,0,12,17,0,0,0,0,0,0,0,0,0,0,1.0,1.0,1.0,0.0,0.0,0.0,3,0,0
2584,45,22,23,0,7,9,29,15,0,0,0,12,17,0,0,0,0,0,0,0,0,0,0,1.0,1.0,1.0,0.0,0.0,0.0,3,0,0
2585,45,22,23,0,7,9,29,15,1,0,0,12,17,0,0,0,7,1,0,0,0,0,0,1.0,1.0,1.0,0.0,0.0,0.14285714285714285,3,0,0
2586,45,22,23,0,7,9,29,15,1,0,0,12,17,0,0,0,0,0,0,0,0,0,0,1.0,1.0,1.0,0.0,0.0,0.0,3,0,0
2587,45,22,23,0,7,9,29,15,1,0,0,12,17,0,0,0,0,0,0,0,0,0,0,1.0,1.0,1.0,0.0,0.0,0.0,3,0,0
2588,45,22,23,0,7,9,29,15,1,0,0,12,17,0,0,0,0,0,0,0,0,0,0,1.0,1.0,1.0,0.0,0.0,0.0,3,0,0
2589,45,22,23,0,7,9,29,15,1,0,0,12,17,0,0,0,0,0,0,0,0,0,0,1.0,1.0,1.0,0.0,0.0,0.0,3,0,0
2590,45,22,23,0,7,9,29,15,1,0,0,12,17,0,0,0,0,0,0,0,0,2,0,1.0,1.0,1.0,0.0,0.0,0.0,3,0,0
2591,45,22,23,0,7,9,29,15,1,0,0,12,17,0,0,0,0,0,0,0,0,0,0,1.0,1.0,1.0,0.0,0.0,0.0,3,0,0
2592,45,22,23,0,7,9,29,15,1,0,0,12,17,0,0,0,0,0,0,0,0,0,0,1.0,1.0,1.0,0.0,0.0,0.0,3,0,0
2593,44,22,22,0,7,8,29,15,1,0,0,12,16,0,0,0,0,0,0,0,0,0,0,1.0,1.0,0.9375,0.0,0.0,0.0,3,0,1
2594,43,21,22,0,5,9,29,15,1,0,0,12,16,0,0,0,0,0,0,0,0,0,0,1.0,1.0,1.0,0.0,0.0,0.0,3,0,1
2595,42,20,22,0,4,9,29,15,1,0,0,12,16,0,0,0,0,0,0,0,1,0,1,0.8,1.0,1.0,0.0,0.0,0.0,3,0,1
2596,42,20,22,0,4,9,29,15,1,0,0,12,16,0,0,0,0,0,0,0,0,0,0,1.0,1.0,1.0,0.0,0.0,0.0,3,0,0
2597,42,20,22,0,4,9,29,15,1,0,0,12,16,0,0,0,0,0,0,0,0,0,0,1.0,1.0,1.0,0.0,0.0,0.0,3,0,0
2598,42,20,22,0,4,9,29,15,1,0,0,12,16,0,0,0,0,0,0,0,0,0,0,1.0,1.0,1.0,0.0,0.0,0.0,3,0,0
2599,42,20,22,0,4,9,29,15,1,0,0,12,16,0,0,0,0,0,0,0,0,0,0,1.0,1.0,1.0,0.0,0.0,0.0,3,0,0
2600,42,20,22,0,4,9,29,15,1,0,0,12,16,0,0,0,0,0,0,0,0,0,0,1.0,1.0,1.0,0.0,0.0,0.0,3,0,0
2601,42,20,22,0,4,9,29,15,1,0,0,12,16,0,0,0,0,0,0,0,0,0,0,1.0,1.0,1.0,0.0,0.0,0.0,3,0,0
2602,42,20,22,0,4,9,29,15,1,0,0,12,16,0,0,0,0,0,0,0,0,0,0,1.0,1.0,1.0,0.0,0.0,0.0,3,0,0
2603,42,20,22,0,4,9,29,15,1,0,0,12,16,0,0,0,0,0,0,0,0,0,0,1.0,1.0,1.0,0.0,0.0,0.0,3,0,0
2604,42,20,22,0,4,7,31,15,1,0,0,12,16,0,0,0,0,0,0,0,0,0,0,1.0,1.0,1.0,0.0,0.0,0.0,3,0,0
2605,42,20,22,0,4,7,31,15,1,0,0,12,16,0,0,0,0,0,0,0,0,0,0,1.0,1.0,1.0,0.0,0.0,0.0,3,0,0
2606,42,20,22,0,4,7,31,15,1,0,0,12,16,0,0,0,0,0,0,0,0,0,0,1.0,1.0,1.0,0.0,0.0,0.0,3,0,0
2607,42,20,22,0,4,7,31,15,1,0,0,12,16,0,0,0,0,0,0,0,0,0,0,1.0,1.0,1.0,0.0,0.0,0.0,3,0,0
2608,42,20,22,0,4,7,31,15,1,0,0,12,16,0,0,0,0,0,0,0,0,0,0,1.0,1.0,1.0,0.0,0.0,0.0,3,0,0
2609,42,20,22,0,4,7,31,15,1,0,0,12,16,0,0,0,0,0,0,0,0,0,0,1.0,1.0,1.0,0.0,0.0,0.0,3,0,0
2610,42,20,22,0,4,7,31,15,1,0,0,12,16,0,0,0,0,0,0,0,0,0,0,1.0,1.0,1.0,0.0,0.0,0.0,3,0,0
2611,42,20,22,0,4,7,31,15,1,0,0,12,16,0,0,0,0,0,0,0,0,0,0,1.0,1.0,1.0,0.0,0.0,0.0,3,0,0
2612,42,20,22,0,4,7,31,15,1,0,0,12,16,0,0,0,0,0,0,0,0,0,0,1.0,1.0,1.0,0.0,0.0,0.0,3,0,0
2613,42,20,22,0,4,7,31,15,1,0,0,12,16,0,0,0,0,0,0,0,0,0,0,1.0,1.0,1.0,0.0,0.0,0.0,3,0,0
2614,42,20,22,0,4,7,31,15,1,0,0,12,16,0,0,0,0,0,0,0,0,0,0,1.0,1.0,1.0,0.0,0.0,0.0,3,0,0
2615,42,20,22,0,4,7,31,15,1,0,0,12,16,0,0,0,0,0,0,0,0,0,0,1.0,1.0,1.0,0.0,0.0,0.0,3,0,0
2616,42,20,22,0,4,7,31,15,1,0,0,12,16,0,0,0,0,0,0,0,0,0,0,1.0,1.0,1.0,0.0,0.0,0.0,3,0,0
2617,42,20,22,0,4,7,31,15,1,0,0,12,16,0,0,0,0,0,0,0,0,0,0,1.0,1.0,1.0,0.0,0.0,0.0,3,0,0
2618,42,20,22,0,4,6,32,15,1,0,0,12,16,0,0,0,0,0,0,0,0,0,0,1.0,1.0,1.0,0.0,0.0,0.0,3,0,0
2619,42,20,22,0,4,6,32,15,1,0,0,12,16,0,0,0,0,0,0,0,0,0,0,1.0,1.0,1.0,0.0,0.0,0.0,3,0,0
2620,42,20,22,0,4,6,32,15,1,0,0,12,16,0,0,0,0,0,0,0,0,0,0,1.0,1.0,1.0,0.0,0.0,0.0,3,0,0
2621,42,20,22,0,4,6,32,15,1,0,0,12,16,0,0,0,0,0,0,0,0,0,0,1.0,1.0,1.0,0.0,0.0,0.0,3,0,0
2622,42,20,22,0,4,6,32,15,1,0,0,12,16,0,0,0,0,0,0,0,0,0,0,1.0,1.0,1.0,0.0,0.0,0.0,3,0,0
2623,42,20,22,0,4,6,32,15,1,0,0,12,16,0,0,0,0,0,0,0,0,0,0,1.0,1.0,1.0,0.0,0.0,0.0,3,0,0
2624,42,20,22,0,4,6,32,15,1,0,0,12,16,0,0,0,0,0,0,0,0,0,0,1.0,1.0,1.0,0.0,0.0,0.0,3,0,0
2625,42,20,22,0,4,6,32,15,1,0,0,12,16,0,0,0,0,0,0,0,0,0,0,1.0,1.0,1.0,0.0,0.0,0.0,3,0,0
2626,42,20,22,0,4,6,32,15,1,0,0,12,16,0,0,0,0,0,0,0,0,0,0,1.0,1.0,1.0,0.0,0.0,0.0,3,0,0
2627,42,20,22,0,4,6,32,15,1,0,0,12,16,0,0,0,0,0,0,0,0,0,0,1.0,1.0,1.0,0.0,0.0,0.0,3,0,0
2628,42,20,22,0,4,6,32,15,1,0,0,12,16,0,0,0,0,0,0,0,0,0,0,1.0,1.0,1.0,0.0,0.0,0.0,3,0,0
2629,42,20,22,0,4,6,32,15,1,0,0,12,16,0,0,0,0,0,0,0,0,0,0,1.0,1.0,1.0,0.0,0.0,0.0,3,0,0
2630,42,20,22,0,4,6,32,15,1,0,0,12,16,0,0,0,0,0,0,0,0,0,0,1.0,1.0,1.0,0.0,0.0,0.0,3,0,0
2631,42,20,22,0,4,6,32,15,1,0,0,12,16,0,0,0,0,0,0,0,0,0,0,1.0,1.0,1.0,0.0,0.0,0.0,3,0,0
2632,42,20,22,0,4,6,32,15,1,0,0,12,16,0,0,0,0,0,0,0,0,0,0,1.0,1.0,1.0,0.0,0.0,0.0,3,0,0
2633,42,20,22,0,4,6,32,15,1,0,0,12,16,0,0,0,0,0,0,0,0,0,0,1.0,1.0,1.0,0.0,0.0,0.0,3,0,0
2634,42,20,22,0,4,6,32,15,1,0,0,12,16,0,0,0,0,0,0,0,0,0,0,1.0,1.0,1.0,0.0,0.0,0.0,3,0,0
2635,42,20,22,0,4,6,32,15,1,0,0,12,16,0,0,0,0,0,0,0,0,0,0,1.0,1.0,1.0,0.0,0.0,0.0,3,0,0
2636,42,20,22,0,4,6,32,15,1,0,0,12,16,0,0,0,0,0,0,0,0,0,0,1.0,1.0,1.0,0.0,0.0,0.0,3,0,0
2637,42,20,22,0,4,6,32,15,1,0,0,12,16,0,0,0,0,0,0,0,0,0,0,1.0,1.0,1.0,0.0,0.0,0.0,3,0,0
2638,42,20,22,0,4,6,32,15,1,0,0,12,16,0,0,0,0,0,0,0,0,0,0,1.0,1.0,1.0,0.0,0.0,0.0,3,0,0
2639,42,20,22,0,4,6,32,15,1,0,0,12,16,0,0,0,0,0,0,0,0,0,0,1.0,1.0,1.0,0.0,0.0,0.0,3,0,0
2640,42,20,22,0,4,6,32,15,1,0,0,12,16,0,0,0,0,0,0,0,0,0,0,1.0,1.0,1.0,0.0,0.0,0.0,3,0,0
2641,42,20,22,0,4,6,32,15,1,0,0,12,16,0,0,0,0,0,0,0,0,0,0,1.0,1.0,1.0,0.0,0.0,0.0,3,0,0
2642,42,20,22,0,4,6,32,15,1,0,0,12,16,0,0,0,0,0,0,0,0,0,0,1.0,1.0,1.0,0.0,0.0,0.0,3,0,0
2643,42,20,22,0,4,6,32,15,1,0,0,12,16,0,0,0,0,0,0,0,0,0,0,1.0,1.0,1.0,0.0,0.0,0.0,3,0,0
2644,41,20,21,0,4,5,32,15,1,0,0,12,16,0,0,0,0,0,0,0,0,0,0,1.0,1.0,1.0,0.0,0.0,0.0,3,0,1
2645,41,20,21,0,4,5,32,15,1,0,0,12,16,0,0,0,0,0,0,0,0,0,0,1.0,1.0,1.0,0.0,0.0,0.0,3,0,0
2646,41,20,21,0,4,5,32,15,1,0,0,12,16,0,0,0,0,0,0,0,0,0,0,1.0,1.0,1.0,0.0,0.0,0.0,3,0,0
2647,41,20,21,0,4,5,32,15,1,0,0,12,16,0,0,0,0,0,0,0,0,0,0,1.0,1.0,1.0,0.0,0.0,0.0,3,0,0
2648,41,20,21,0,4,5,32,15,1,0,0,12,16,0,0,0,0,0,0,0,0,0,0,1.0,1.0,1.0,0.0,0.0,0.0,3,0,0
2649,41,20,21,0,4,5,32,15,1,0,0,12,16,0,0,0,0,0,0,0,0,0,0,1.0,1.0,1.0,0.0,0.0,0.0,3,0,0
2650,45,21,24,4,4,5,32,15,0,0,1,13,16,1,0,0,0,0,0,1,0,0,0,1.0,1.0,1.0,0.0975609756097561,0.0975609756097561,0.0,3,4,0
2651,45,21,24,4,4,5,32,15,0,0,1,13,16,0,0,0,0,0,0,0,0,0,0,1.0,1.0,1.0,0.0,0.0,0.0,3,0,0
2652,45,21,24,4,4,5,32,15,0,0,1,13,16,0,0,0,0,0,0,0,0,0,0,1.0,1.0,1.0,0.0,0.0,0.0,3,0,0
2653,45,21,24,4,4,5,32,15,0,0,1,13,16,0,0,0,0,0,0,0,0,0,0,1.0,1.0,1.0,0.0,0.0,0.0,3,0,0
2654,45,21,24,4,4,5,32,15,0,0,1,13,16,0,0,0,0,0,0,0,0,0,0,1.0,1.0,1.0,0.0,0.0,0.0,3,0,0
2655,44,21,23,3,4,5,32,15,0,0,1,13,16,0,0,0,0,0,0,0,1,0,1,0.875,1.0,1.0,0.0,0.0,0.0,3,0,1
2656,44,21,23,3,4,5,32,15,0,0,1,13,16,0,0,0,0,0,0,0,0,0,0,1.0,1.0,1.0,0.0,0.0,0.0,3,0,0
2657,44,21,23,3,4,5,32,15,0,0,1,13,16,0,0,0,0,0,0,0,0,0,0,1.0,1.0,1.0,0.0,0.0,0.0,3,0,0
2658,44,21,23,3,4,5,32,15,0,0,1,13,16,0,0,0,0,0,0,0,0,0,0,1.0,1.0,1.0,0.0,0.0,0.0,3,0,0
2659,44,21,23,3,4,5,32,15,0,0,1,13,16,0,0,0,0,0,0,0,0,0,0,1.0,1.0,1.0,0.0,0.0,0.0,3,0,0
2660,44,21,23,3,4,5,32,15,0,0,1,13,16,0,0,0,0,0,0,0,0,0,0,1.0,1.0,1.0,0.0,0.0,0.0,3,0,0
2661,44,21,23,3,4,5,32,15,0,0,1,13,16,0,0,0,0,0,0,0,0,0,0,1.0,1.0,1.0,0.0,0.0,0.0,3,0,0
2662,44,21,23,3,4,5,32,15,0,0,1,13,16,0,0,0,0,0,0,0,0,0,0,1.0,1.0,1.0,0.0,0.0,0.0,3,0,0
2663,44,21,23,3,4,5,32,15,0,0,1,13,16,0,0,0,0,0,0,0,0,0,0,1.0,1.0,1.0,0.0,0.0,0.0,3,0,0
2664,44,21,23,3,4,5,32,15,0,0,1,13,16,0,0,0,0,0,0,0,0,0,0,1.0,1.0,1.0,0.0,0.0,0.0,3,0,0
2665,44,21,23,3,4,5,32,15,0,0,1,13,16,0,0,0,0,0,0,0,0,0,0,1.0,1.0,1.0,0.0,0.0,0.0,3,0,0
2666,44,21,23,3,4,5,32,15,0,0,1,13,16,0,0,0,0,0,0,0,0,0,0,1.0,1.0,1.0,0.0,0.0,0.0,3,0,0
2667,44,21,23,3,4,5,32,15,0,0,1,13,16,0,0,0,0,0,0,0,0,0,0,1.0,1.0,1.0,0.0,0.0,0.0,3,0,0
2668,44,21,23,3,4,5,32,15,0,0,1,13,16,0,0,0,0,0,0,0,0,0,0,1.0,1.0,1.0,0.0,0.0,0.0,3,0,0
2669,44,21,23,3,4,5,32,15,0,0,1,13,16,0,0,0,0,0,0,0,0,0,0,1.0,1.0,1.0,0.0,0.0,0.0,3,0,0
2670,43,20,23,3,3,5,32,15,0,0,1,12,16,0,0,0,0,0,0,0,1,0,1,0.8571428571428572,1.0,1.0,0.0,0.0,0.0,3,0,1
2671,43,20,23,3,3,5,32,15,0,0,1,12,16,0,0,0,0,0,0,0,0,0,0,1.0,1.0,1.0,0.0,0.0,0.0,3,0,0
2672,43,20,23,3,3,5,32,15,0,0,1,12,16,0,0,0,0,0,0,0,0,0,0,1.0,1.0,1.0,0.0,0.0,0.0,3,0,0
2673,43,20,23,3,3,5,32,15,0,0,1,12,16,0,0,0,0,0,0,0,0,0,0,1.0,1.0,1.0,0.0,0.0,0.0,3,0,0
2674,43,20,23,3,3,5,32,15,0,0,1,12,16,0,0,0,0,0,0,0,0,0,0,1.0,1.0,1.0,0.0,0.0,0.0,3,0,0
2675,43,20,23,3,3,5,32,15,0,0,1,12,16,0,0,0,0,0,0,0,0,0,0,1.0,1.0,1.0,0.0,0.0,0.0,3,0,0
2676,43,20,23,3,3,5,32,15,0,0,1,12,16,0,0,0,0,0,0,0,0,0,0,1.0,1.0,1.0,0.0,0.0,0.0,3,0,0
2677,43,20,23,3,3,5,32,15,0,0,1,12,16,0,0,0,0,0,0,0,0,0,0,1.0,1.0,1.0,0.0,0.0,0.0,3,0,0
2678,43,20,23,3,3,4,33,16,1,0,1,12,16,0,0,0,8,1,0,0,0,0,0,1.0,1.0,1.0,0.0,0.0,0.125,3,0,0
2679,43,20,23,3,3,4,33,16,1,0,1,12,16,0,0,0,0,0,0,0,0,0,0,1.0,1.0,1.0,0.0,0.0,0.0,3,0,0
2680,42,19,23,3,3,4,32,16,1,0,1,11,16,0,0,0,0,0,0,0,0,0,0,1.0,0.9411764705882353,1.0,0.0,0.0,0.0,3,0,1
2681,42,19,23,3,3,4,32,16,1,0,1,11,16,0,0,0,0,0,0,0,0,0,0,1.0,1.0,1.0,0.0,0.0,0.0,3,0,0
2682,42,19,23,3,3,4,32,16,1,0,1,11,16,0,0,0,0,0,0,0,0,0,0,1.0,1.0,1.0,0.0,0.0,0.0,3,0,0
2683,42,19,23,3,3,4,32,16,1,0,1,11,16,0,0,0,0,0,0,0,0,0,0,1.0,1.0,1.0,0.0,0.0,0.0,3,0,0
2684,42,19,23,3,3,4,32,16,1,0,1,11,16,0,0,0,0,0,0,0,0,0,0,1.0,1.0,1.0,0.0,0.0,0.0,3,0,0
2685,42,19,23,3,3,4,32,16,1,0,1,11,16,0,0,0,0,0,0,0,0,0,0,1.0,1.0,1.0,0.0,0.0,0.0,3,0,0
2686,41,18,23,2,3,4,32,16,1,0,1,11,16,0,0,0,0,0,0,0,1,0,1,0.8333333333333334,1.0,1.0,0.0,0.0,0.0,3,0,1
2687,41,18,23,2,3,4,32,16,1,0,1,11,16,0,0,0,0,0,0,0,0,2,0,1.0,1.0,1.0,0.0,0.0,0.0,3,0,0
2688,41,18,23,2,3,4,32,16,1,0,1,11,16,0,0,0,0,0,0,0,0,0,0,1.0,1.0,1.0,0.0,0.0,0.0,3,0,0
2689,41,18,23,2,3,4,32,16,1,0,1,11,16,0,0,0,0,0,0,0,0,0,0,1.0,1.0,1.0,0.0,0.0,0.0,3,0,0
2690,41,18,23,2,3,3,33,17,1,0,1,11,16,0,0,0,1,0,0,0,0,0,0,1.0,1.0,1.0,0.0,0.0,0.0,3,0,0
2691,41,18,23,2,1,5,33,17,1,1,1,11,16,0,0,0,3,0,1,0,0,0,0,1.0,1.0,1.0,0.0,0.0,0.0,3,0,0
2692,41,18,23,2,1,5,33,17,1,1,1,11,16,0,0,0,0,0,0,0,0,0,0,1.0,1.0,1.0,0.0,0.0,0.0,3,0,0
2693,41,18,23,0,3,5,33,17,1,1,1,11,16,0,0,0,0,0,0,0,0,0,0,1.0,1.0,1.0,0.0,0.0,0.0,3,0,0
2694,41,18,23,0,3,5,33,17,1,1,1,11,16,0,0,0,0,0,0,0,0,0,0,1.0,1.0,1.0,0.0,0.0,0.0,3,0,0
2695,41,18,23,0,3,5,33,17,1,1,0,11,16,0,0,0,0,0,0,0,0,0,0,1.0,1.0,1.0,0.0,0.0,0.0,3,0,0
2696,41,18,23,0,3,5,33,17,1,1,0,11,16,0,0,0,5,0,0,0,0,0,0,1.0,1.0,1.0,0.0,0.0,0.0,3,0,0
2697,41,18,23,0,3,5,33,17,1,1,0,11,16,0,0,0,5,0,0,0,0,0,0,1.0,1.0,1.0,0.0,0.0,0.0,3,0,0
2698,40,17,23,0,3,5,32,17,2,1,0,11,16,0,0,0,3,1,0,0,0,0,0,1.0,0.9375,1.0,0.0,0.0,0.3333333333333333,3,0,1
2699,40,17,23,0,3,5,32,17,2,1,0,11,16,0,0,0,0,0,0,0,0,0,0,1.0,1.0,1.0,0.0,0.0,0.0,3,0,0
2700,40,17,23,0,3,5,32,17,2,1,0,11,16,0,0,0,0,0,0,0,0,0,0,1.0,1.0,1.0,0.0,0.0,0.0,3,0,0
2701,40,17,23,0,3,5,32,17,2,1,0,11,16,0,0,0,0,0,0,0,0,1,0,1.0,1.0,1.0,0.0,0.0,0.0,3,0,0
2702,40,17,23,0,3,5,32,17,2,1,0,11,16,0,0,0,0,0,0,0,0,0,0,1.0,1.0,1.0,0.0,0.0,0.0,3,0,0
2703,40,17,23,0,3,5,32,17,2,1,0,11,16,0,0,0,0,0,0,0,0,0,0,1.0,1.0,1.0,0.0,0.0,0.0,3,0,0
2704,40,17,23,0,3,5,32,17,2,1,0,11,16,0,0,0,0,0,0,0,0,0,0,1.0,1.0,1.0,0.0,0.0,0.0,3,0,0
2705,40,17,23,0,2,6,32,17,2,1,0,11,16,0,0,0,0,0,0,0,0,0,0,1.0,1.0,1.0,0.0,0.0,0.0,3,0,0
2706,40,17,23,0,2,6,32,17,2,1,0,11,16,0,0,0,0,0,0,0,0,0,0,1.0,1.0,1.0,0.0,0.0,0.0,3,0,0
2707,39,17,22,0,1,6,32,17,2,1,0,11,16,0,0,0,0,0,0,0,1,0,1,0.5,1.0,1.0,0.0,0.0,0.0,3,0,1
2708,39,17,22,0,1,6,32,17,2,1,0,11,16,0,0,0,0,0,0,0,0,0,0,1.0,1.0,1.0,0.0,0.0,0.0,3,0,0
2709,39,17,22,0,1,6,32,17,2,1,0,11,16,0,0,0,0,0,0,0,0,0,0,1.0,1.0,1.0,0.0,0.0,0.0,3,0,0
2710,39,17,22,0,1,6,32,17,2,1,0,11,16,0,0,0,0,0,0,0,0,0,0,1.0,1.0,1.0,0.0,0.0,0.0,3,0,0
2711,39,17,22,0,1,6,32,17,2,1,0,11,16,0,0,0,0,0,0,0,0,0,0,1.0,1.0,1.0,0.0,0.0,0.0,3,0,0
2712,39,17,22,0,1,6,32,17,2,1,0,11,16,0,0,0,0,0,0,0,0,0,0,1.0,1.0,1.0,0.0,0.0,0.0,3,0,0
2713,39,17,22,0,1,6,32,17,2,1,0,11,16,0,0,0,0,0,0,0,0,0,0,1.0,1.0,1.0,0.0,0.0,0.0,3,0,0
2714,39,17,22,0,1,6,32,17,2,1,0,11,16,0,0,0,0,0,0,0,0,0,0,1.0,1.0,1.0,0.0,0.0,0.0,3,0,0
2715,39,17,22,0,1,6,32,17,2,1,0,11,16,0,0,0,0,0,0,0,0,0,0,1.0,1.0,1.0,0.0,0.0,0.0,3,0,0
2716,39,17,22,0,1,6,32,17,2,1,0,11,16,0,0,0,0,0,0,0,0,0,0,1.0,1.0,1.0,0.0,0.0,0.0,3,0,0
2717,39,17,22,0,1,6,32,17,2,1,0,11,16,0,0,0,0,0,0,0,0,0,0,1.0,1.0,1.0,0.0,0.0,0.0,3,0,0
2718,39,17,22,0,1,6,32,17,2,1,0,11,16,0,0,0,0,0,0,0,0,0,0,1.0,1.0,1.0,0.0,0.0,0.0,3,0,0
2719,39,17,22,0,1,6,32,17,2,1,0,11,16,0,0,0,0,0,0,0,0,0,0,1.0,1.0,1.0,0.0,0.0,0.0,3,0,0
2720,39,17,22,0,1,6,32,17,2,1,0,11,16,0,0,0,0,0,0,0,0,0,0,1.0,1.0,1.0,0.0,0.0,0.0,3,0,0
2721,39,17,22,0,1,6,32,17,2,1,0,11,16,0,0,0,0,0,0,0,0,0,0,1.0,1.0,1.0,0.0,0.0,0.0,3,0,0
2722,39,17,22,0,1,6,32,17,2,1,0,11,16,0,0,0,0,0,0,0,0,0,0,1.0,1.0,1.0,0.0,0.0,0.0,3,0,0
2723,39,17,22,0,1,6,32,17,2,1,0,11,16,0,0,0,0,0,0,0,0,0,0,1.0,1.0,1.0,0.0,0.0,0.0,3,0,0
2724,39,17,22,0,1,6,32,17,2,1,0,11,16,0,0,0,0,0,0,0,0,0,0,1.0,1.0,1.0,0.0,0.0,0.0,3,0,0
2725,39,17,22,0,1,6,32,17,2,1,0,11,16,0,0,0,0,0,0,0,0,0,0,1.0,1.0,1.0,0.0,0.0,0.0,3,0,0
2726,39,17,22,0,1,6,32,17,2,1,0,11,16,0,0,0,0,0,0,0,0,0,0,1.0,1.0,1.0,0.0,0.0,0.0,3,0,0
2727,39,17,22,0,1,6,32,17,2,1,0,11,16,0,0,0,0,0,0,0,0,0,0,1.0,1.0,1.0,0.0,0.0,0.0,3,0,0
2728,39,17,22,0,1,6,32,17,2,1,0,11,16,0,0,0,0,0,0,0,0,0,0,1.0,1.0,1.0,0.0,0.0,0.0,3,0,0
2729,39,17,22,0,1,6,32,17,2,1,0,11,16,0,0,0,0,0,0,0,0,0,0,1.0,1.0,1.0,0.0,0.0,0.0,3,0,0
2730,38,16,22,0,1,6,31,17,2,1,0,10,16,0,0,0,0,0,0,0,0,0,0,1.0,0.9333333333333333,1.0,0.0,0.0,0.0,3,0,1
2731,38,16,22,0,1,5,32,18,2,1,0,10,16,0,0,0,0,0,0,0,0,0,0,1.0,1.0,1.0,0.0,0.0,0.0,3,0,0
2732,38,16,22,0,1,5,32,18,2,1,0,10,16,0,0,0,0,0,0,0,0,0,0,1.0,1.0,1.0,0.0,0.0,0.0,3,0,0
2733,38,16,22,0,1,5,32,18,2,1,0,10,16,0,0,0,0,0,0,0,0,0,0,1.0,1.0,1.0,0.0,0.0,0.0,3,0,0
2734,38,16,22,0,1,5,32,18,2,1,0,10,16,0,0,0,0,0,0,0,0,0,0,1.0,1.0,1.0,0.0,0.0,0.0,3,0,0
2735,38,16,22,0,1,5,32,18,2,1,0,10,16,0,0,0,0,0,0,0,0,0,0,1.0,1.0,1.0,0.0,0.0,0.0,3,0,0
2736,38,16,22,0,1,5,32,18,2,0,0,10,16,0,0,0,0,0,0,0,0,0,0,1.0,1.0,1.0,0.0,0.0,0.0,3,0,0
2737,38,16,22,0,1,5,32,18,2,0,0,10,16,0,0,0,1,0,0,0,0,0,0,1.0,1.0,1.0,0.0,0.0,0.0,3,0,0
2738,38,16,22,0,1,5,32,18,3,0,0,10,16,0,0,0,7,1,0,0,0,0,0,1.0,1.0,1.0,0.0,0.0,0.14285714285714285,3,0,0
2739,38,16,22,0,1,5,32,18,3,0,0,10,16,0,0,0,0,0,0,0,0,0,0,1.0,1.0,1.0,0.0,0.0,0.0,3,0,0
2740,38,16,22,0,1,5,32,18,3,0,0,10,16,0,0,0,0,0,0,0,0,0,0,1.0,1.0,1.0,0.0,0.0,0.0,3,0,0
2741,38,16,22,0,1,5,32,18,3,0,0,10,16,0,0,0,0,0,0,0,0,0,0,1.0,1.0,1.0,0.0,0.0,0.0,3,0,0
2742,38,16,22,0,1,5,32,18,3,0,0,10,16,0,0,0,0,0,0,0,0,0,0,1.0,1.0,1.0,0.0,0.0,0.0,3,0,0
2743,41,16,25,3,1,5,32,18,2,0,1,10,16,0,0,0,0,0,0,1,0,0,0,1.0,1.0,1.0,0.07894736842105263,0.07894736842105263,0.0,3,3,0
2744,41,16,25,3,1,5,32,18,2,0,1,11,16,1,0,0,0,0,0,0,0,0,0,1.0,1.0,1.0,0.0,0.0,0.0,3,0,0
2745,41,16,25,3,1,5,32,18,2,0,1,11,16,0,0,0,0,0,0,0,0,0,0,1.0,1.0,1.0,0.0,0.0,0.0,3,0,0
2746,41,16,25,3,1,5,32,18,2,0,1,11,16,0,0,0,0,0,0,0,0,0,0,1.0,1.0,1.0,0.0,0.0,0.0,3,0,0
2747,41,16,25,3,1,5,32,18,2,0,1,11,16,0,0,0,0,0,0,0,0,0,0,1.0,1.0,1.0,0.0,0.0,0.0,3,0,0
2748,41,16,25,3,1,5,32,18,2,0,1,11,16,0,0,0,0,0,0,0,0,0,0,1.0,1.0,1.0,0.0,0.0,0.0,3,0,0
2749,41,16,25,3,1,5,32,18,2,0,1,11,16,0,0,0,0,0,0,0,0,0,0,1.0,1.0,1.0,0.0,0.0,0.0,3,0,0
2750,41,16,25,3,1,5,32,18,2,0,1,11,16,0,0,0,0,0,0,0,0,0,0,1.0,1.0,1.0,0.0,0.0,0.0,3,0,0
2751,41,16,25,3,1,5,32,18,2,0,1,11,16,0,0,0,0,0,0,0,0,0,0,1.0,1.0,1.0,0.0,0.0,0.0,3,0,0
2752,41,16,25,3,1,5,32,18,2,0,1,11,16,0,0,0,0,0,0,0,0,0,0,1.0,1.0,1.0,0.0,0.0,0.0,3,0,0
2753,41,16,25,3,1,5,32,18,2,0,1,11,16,0,0,0,0,0,0,0,0,0,0,1.0,1.0,1.0,0.0,0.0,0.0,3,0,0
2754,41,16,25,3,1,5,32,18,2,0,1,11,16,0,0,0,0,0,0,0,0,0,0,1.0,1.0,1.0,0.0,0.0,0.0,3,0,0
2755,41,16,25,3,1,5,32,18,2,0,1,11,16,0,0,0,0,0,0,0,0,0,0,1.0,1.0,1.0,0.0,0.0,0.0,3,0,0
2756,41,16,25,3,1,5,32,18,2,0,1,11,16,0,0,0,0,0,0,0,0,0,0,1.0,1.0,1.0,0.0,0.0,0.0,3,0,0
2757,41,16,25,3,1,5,32,18,2,0,1,11,16,0,0,0,0,0,0,0,0,0,0,1.0,1.0,1.0,0.0,0.0,0.0,3,0,0
2758,41,16,25,3,1,5,32,18,2,0,1,11,16,0,0,0,0,0,0,0,0,0,0,1.0,1.0,1.0,0.0,0.0,0.0,3,0,0
2759,41,16,25,3,1,5,32,18,2,0,1,11,16,0,0,0,0,0,0,0,0,0,0,1.0,1.0,1.0,0.0,0.0,0.0,3,0,0
2760,41,16,25,3,1,5,32,18,2,0,1,11,16,0,0,0,0,0,0,0,0,0,0,1.0,1.0,1.0,0.0,0.0,0.0,3,0,0
2761,41,16,25,3,1,5,32,18,2,0,1,11,16,0,0,0,0,0,0,0,0,0,0,1.0,1.0,1.0,0.0,0.0,0.0,3,0,0
2762,41,16,25,3,1,5,32,18,2,0,1,11,16,0,0,0,0,0,0,0,0,0,0,1.0,1.0,1.0,0.0,0.0,0.0,3,0,0
2763,45,17,28,7,1,5,32,18,1,0,2,11,16,0,0,0,0,0,0,1,0,0,0,1.0,1.0,1.0,0.0975609756097561,0.0975609756097561,0.0,3,4,0
2764,45,17,28,7,1,5,32,18,1,0,2,11,16,0,0,0,0,0,0,0,0,0,0,1.0,1.0,1.0,0.0,0.0,0.0,3,0,0
2765,45,17,28,7,1,5,32,18,1,0,2,11,16,0,0,0,0,0,0,0,0,0,0,1.0,1.0,1.0,0.0,0.0,0.0,3,0,0
2766,45,17,28,7,1,5,32,18,1,0,2,11,16,0,0,0,0,0,0,0,0,0,0,1.0,1.0,1.0,0.0,0.0,0.0,3,0,0
2767,45,17,28,7,1,5,32,18,1,0,2,11,16,0,0,0,0,0,0,0,0,0,0,1.0,1.0,1.0,0.0,0.0,0.0,3,0,0
2768,44,17,27,6,1,5,32,18,1,0,2,11,16,0,0,0,0,0,0,0,1,0,1,0.875,1.0,1.0,0.0,0.0,0.0,3,0,1
2769,44,17,27,6,1,5,32,18,1,0,2,11,16,0,0,0,0,0,0,0,0,0,0,1.0,1.0,1.0,0.0,0.0,0.0,3,0,0
2770,43,17,26,6,1,5,31,17,1,0,2,11,15,0,0,0,0,0,0,0,0,0,0,1.0,1.0,0.9444444444444444,0.0,0.0,0.0,3,0,1
2771,43,17,26,6,1,5,31,17,1,0,2,11,15,0,0,0,0,0,0,0,0,0,0,1.0,1.0,1.0,0.0,0.0,0.0,3,0,0
2772,41,17,24,5,1,4,31,17,1,0,2,11,14,0,0,0,0,0,0,0,1,0,1,0.8571428571428572,1.0,0.9444444444444444,0.0,0.0,0.0,3,0,2
2773,41,17,24,5,1,4,31,17,1,0,2,11,14,0,0,0,0,0,0,0,0,0,0,1.0,1.0,1.0,0.0,0.0,0.0,3,0,0
2774,41,17,24,5,1,4,31,17,1,0,2,11,14,0,0,0,0,0,0,0,0,0,0,1.0,1.0,1.0,0.0,0.0,0.0,3,0,0
2775,41,17,24,5,1,4,31,17,1,0,2,11,14,0,0,0,0,0,0,0,0,0,0,1.0,1.0,1.0,0.0,0.0,0.0,3,0,0
2776,41,17,24,5,1,4,31,17,1,0,2,11,14,0,0,0,0,0,0,0,0,0,0,1.0,1.0,1.0,0.0,0.0,0.0,3,0,0
2777,41,17,24,5,1,4,31,17,1,0,2,11,14,0,0,0,0,0,0,0,0,0,0,1.0,1.0,1.0,0.0,0.0,0.0,3,0,0
2778,41,17,24,5,1,4,31,17,1,0,2,11,14,0,0,0,0,0,0,0,0,0,0,1.0,1.0,1.0,0.0,0.0,0.0,3,0,0
2779,40,16,24,4,1,4,31,17,1,0,2,11,14,0,0,0,0,0,0,0,1,0,1,0.8333333333333334,1.0,1.0,0.0,0.0,0.0,3,0,1
2780,40,16,24,4,1,4,31,17,2,0,2,11,14,0,0,0,8,1,0,0,0,0,0,1.0,1.0,1.0,0.0,0.0,0.125,3,0,0
2781,40,16,24,4,1,4,31,17,2,0,2,11,14,0,0,0,0,0,0,0,0,0,0,1.0,1.0,1.0,0.0,0.0,0.0,3,0,0
2782,40,16,24,4,1,4,31,17,2,0,2,11,14,0,0,0,0,0,0,0,0,0,0,1.0,1.0,1.0,0.0,0.0,0.0,3,0,0
2783,40,16,24,4,1,4,31,17,2,0,2,11,14,0,0,0,0,0,0,0,0,0,0,1.0,1.0,1.0,0.0,0.0,0.0,3,0,0
2784,40,16,24,4,1,4,31,17,2,0,2,11,14,0,0,0,0,0,0,0,0,0,0,1.0,1.0,1.0,0.0,0.0,0.0,3,0,0
2785,39,16,23,3,1,4,31,17,2,0,2,11,14,0,0,0,0,0,0,0,1,0,1,0.8,1.0,1.0,0.0,0.0,0.0,3,0,1
2786,39,16,23,2,2,4,31,17,2,0,2,11,14,0,0,0,0,0,0,0,0,0,0,1.0,1.0,1.0,0.0,0.0,0.0,3,0,0
2787,39,16,23,2,2,4,31,17,2,0,2,11,14,0,0,0,0,0,0,0,0,0,0,1.0,1.0,1.0,0.0,0.0,0.0,3,0,0
2788,39,16,23,2,2,4,31,17,2,0,1,11,14,0,0,0,0,0,0,0,0,0,0,1.0,1.0,1.0,0.0,0.0,0.0,3,0,0
2789,39,16,23,2,2,4,31,17,3,0,1,11,14,0,0,0,2,1,0,0,0,0,0,1.0,1.0,1.0,0.0,0.0,0.5,3,0,0
2790,39,16,23,2,2,4,31,17,3,0,1,11,14,0,0,0,0,0,0,0,0,0,0,1.0,1.0,1.0,0.0,0.0,0.0,3,0,0
2791,39,16,23,2,2,4,31,17,3,0,1,11,14,0,0,0,0,0,0,0,0,0,0,1.0,1.0,1.0,0.0,0.0,0.0,3,0,0
2792,39,16,23,2,2,4,31,17,3,0,1,11,14,0,0,0,0,0,0,0,0,0,0,1.0,1.0,1.0,0.0,0.0,0.0,3,0,0
2793,39,16,23,2,2,4,31,17,3,0,1,11,14,0,0,0,0,0,0,0,0,0,0,1.0,1.0,1.0,0.0,0.0,0.0,3,0,0
2794,39,16,23,2,2,4,31,17,3,0,1,11,14,0,0,0,0,0,0,0,0,0,0,1.0,1.0,1.0,0.0,0.0,0.0,3,0,0
2795,39,16,23,2,2,4,31,17,3,0,1,11,14,0,0,0,0,0,0,0,0,0,0,1.0,1.0,1.0,0.0,0.0,0.0,3,0,0
2796,38,16,22,1,2,4,31,17,3,0,1,11,14,0,0,0,0,0,0,0,1,0,1,0.75,1.0,1.0,0.0,0.0,0.0,3,0,1
2797,38,16,22,1,2,4,31,17,3,0,1,11,14,0,0,0,0,0,0,0,0,0,0,1.0,1.0,1.0,0.0,0.0,0.0,3,0,0
2798,38,16,22,1,2,4,31,17,3,0,1,11,14,0,0,0,0,0,0,0,0,0,0,1.0,1.0,1.0,0.0,0.0,0.0,3,0,0
2799,38,16,22,1,2,3,32,18,3,0,1,11,14,0,0,0,0,0,0,0,0,0,0,1.0,1.0,1.0,0.0,0.0,0.0,3,0,0
2800,38,16,22,1,2,3,32,18,3,0,1,11,14,0,0,0,0,0,0,0,0,0,0,1.0,1.0,1.0,0.0,0.0,0.0,3,0,0
2801,38,16,22,1,2,3,32,18,3,0,1,11,14,0,0,0,0,0,0,0,0,0,0,1.0,1.0,1.0,0.0,0.0,0.0,3,0,0
2802,38,16,22,1,2,3,32,18,3,0,1,11,14,0,0,0,0,0,0,0,0,0,0,1.0,1.0,1.0,0.0,0.0,0.0,3,0,0
2803,42,18,24,5,2,3,32,18,2,0,2,11,14,0,0,0,0,0,0,1,0,0,0,1.0,1.0,1.0,0.10526315789473684,0.10526315789473684,0.0,3,4,0
2804,42,18,24,5,2,3,32,18,2,0,2,11,14,0,0,0,0,0,0,0,0,0,0,1.0,1.0,1.0,0.0,0.0,0.0,3,0,0
2805,42,18,24,5,2,3,32,18,2,0,2,11,14,0,0,0,0,0,0,0,0,0,0,1.0,1.0,1.0,0.0,0.0,0.0,3,0,0
2806,42,18,24,4,3,3,32,18,2,0,2,11,14,0,0,0,0,0,0,0,0,0,0,1.0,1.0,1.0,0.0,0.0,0.0,3,0,0
2807,42,18,24,4,3,3,32,18,2,0,2,11,14,0,0,0,0,0,0,0,0,0,0,1.0,1.0,1.0,0.0,0.0,0.0,3,0,0
2808,42,18,24,4,3,3,32,18,2,0,1,11,14,0,0,0,0,0,0,0,0,0,0,1.0,1.0,1.0,0.0,0.0,0.0,3,0,0
2809,41,18,23,4,3,3,31,17,2,0,1,11,14,0,0,0,4,1,0,0,0,0,0,1.0,1.0,0.9444444444444444,0.0,0.0,0.25,3,0,1
2810,41,18,23,4,3,3,31,17,2,0,1,11,14,0,0,0,0,0,0,0,0,0,0,1.0,1.0,1.0,0.0,0.0,0.0,3,0,0
2811,41,18,23,4,3,3,31,17,2,0,1,11,14,0,0,0,0,0,0,0,0,0,0,1.0,1.0,1.0,0.0,0.0,0.0,3,0,0
2812,41,18,23,4,3,3,31,17,2,0,1,11,14,0,0,0,0,0,0,0,0,0,0,1.0,1.0,1.0,0.0,0.0,0.0,3,0,0
2813,41,18,23,4,3,3,31,17,2,0,1,11,14,0,0,0,0,0,0,0,0,0,0,1.0,1.0,1.0,0.0,0.0,0.0,3,0,0
2814,41,18,23,4,3,3,31,17,2,0,1,11,14,0,0,0,0,0,0,0,0,0,0,1.0,1.0,1.0,0.0,0.0,0.0,3,0,0
2815,41,18,23,4,3,3,31,17,2,0,1,11,14,0,0,0,0,0,0,0,0,0,0,1.0,1.0,1.0,0.0,0.0,0.0,3,0,0
2816,41,18,23,4,3,3,31,17,2,0,1,11,14,0,0,0,0,0,0,0,0,0,0,1.0,1.0,1.0,0.0,0.0,0.0,3,0,0
2817,41,18,23,4,3,3,31,17,2,0,1,11,14,0,0,0,0,0,0,0,0,0,0,1.0,1.0,1.0,0.0,0.0,0.0,3,0,0
2818,41,18,23,4,3,3,31,17,2,0,1,11,14,0,0,0,0,0,0,0,0,0,0,1.0,1.0,1.0,0.0,0.0,0.0,3,0,0
2819,41,18,23,4,3,3,31,17,2,0,1,11,14,0,0,0,0,0,0,0,0,0,0,1.0,1.0,1.0,0.0,0.0,0.0,3,0,0
2820,41,18,23,4,3,3,31,17,2,0,1,11,14,0,0,0,0,0,0,0,0,0,0,1.0,1.0,1.0,0.0,0.0,0.0,3,0,0
2821,41,18,23,4,3,3,31,17,2,0,1,11,14,0,0,0,0,0,0,0,0,0,0,1.0,1.0,1.0,0.0,0.0,0.0,3,0,0
2822,41,18,23,4,3,3,31,17,2,0,1,11,14,0,0,0,0,0,0,0,0,0,0,1.0,1.0,1.0,0.0,0.0,0.0,3,0,0
2823,41,18,23,4,3,3,31,17,2,0,1,11,14,0,0,0,0,0,0,0,0,0,0,1.0,1.0,1.0,0.0,0.0,0.0,3,0,0
2824,41,18,23,4,3,3,31,17,2,0,1,11,14,0,0,0,0,0,0,0,0,0,0,1.0,1.0,1.0,0.0,0.0,0.0,3,0,0
2825,41,18,23,4,3,3,31,17,2,0,1,11,14,0,0,0,0,0,0,0,0,0,0,1.0,1.0,1.0,0.0,0.0,0.0,3,0,0
2826,41,18,23,4,3,2,32,17,2,0,1,11,14,0,0,0,0,0,0,0,0,0,0,1.0,1.0,1.0,0.0,0.0,0.0,3,0,0
2827,41,18,23,4,3,2,32,17,2,0,1,11,14,0,0,0,0,0,0,0,0,0,0,1.0,1.0,1.0,0.0,0.0,0.0,3,0,0
2828,41,18,23,4,3,2,32,17,2,0,1,11,14,0,0,0,0,0,0,0,0,0,0,1.0,1.0,1.0,0.0,0.0,0.0,3,0,0
2829,41,18,23,4,3,2,32,17,2,0,1,11,15,0,1,0,0,0,0,0,0,0,0,1.0,1.0,1.0,0.0,0.0,0.0,3,0,0
2830,40,17,23,3,3,2,32,17,2,0,1,11,16,0,1,0,0,0,0,0,1,1,1,0.8571428571428572,1.0,1.0,0.0,0.0,0.0,3,0,1
2831,40,17,23,3,3,1,33,18,2,0,1,11,16,0,0,0,0,0,0,0,0,0,0,1.0,1.0,1.0,0.0,0.0,0.0,3,0,0
2832,40,17,23,3,3,1,33,18,2,0,1,11,16,0,0,0,2,0,0,0,0,0,0,1.0,1.0,1.0,0.0,0.0,0.0,3,0,0
2833,40,17,23,3,3,1,33,18,3,0,1,11,16,0,0,0,6,1,0,0,0,0,0,1.0,1.0,1.0,0.0,0.0,0.16666666666666666,3,0,0
2834,40,17,23,3,2,2,33,18,3,0,1,11,16,0,0,0,0,0,0,0,0,0,0,1.0,1.0,1.0,0.0,0.0,0.0,3,0,0
2835,40,17,23,3,2,2,33,18,3,0,1,11,16,0,0,0,0,0,0,0,0,0,0,1.0,1.0,1.0,0.0,0.0,0.0,3,0,0
2836,40,17,23,3,2,2,33,18,3,0,1,11,16,0,0,0,0,0,0,0,0,0,0,1.0,1.0,1.0,0.0,0.0,0.0,3,0,0
2837,40,17,23,3,2,2,33,18,3,0,1,11,16,0,0,0,0,0,0,0,0,0,0,1.0,1.0,1.0,0.0,0.0,0.0,3,0,0
2838,40,17,23,3,2,2,33,18,3,0,1,11,16,0,0,0,0,0,0,0,0,0,0,1.0,1.0,1.0,0.0,0.0,0.0,3,0,0
2839,40,17,23,3,2,2,33,18,3,0,1,11,16,0,0,0,0,0,0,0,0,0,0,1.0,1.0,1.0,0.0,0.0,0.0,3,0,0
2840,40,17,23,3,2,1,34,18,3,0,1,11,16,0,0,0,0,0,0,0,0,0,0,1.0,1.0,1.0,0.0,0.0,0.0,3,0,0
2841,40,17,23,3,2,1,34,18,3,0,1,11,16,0,0,0,0,0,0,0,0,0,0,1.0,1.0,1.0,0.0,0.0,0.0,3,0,0
2842,40,17,23,3,2,1,34,18,3,0,1,11,16,0,0,0,0,0,0,0,0,0,0,1.0,1.0,1.0,0.0,0.0,0.0,3,0,0
2843,40,17,23,3,2,1,34,18,3,0,1,11,16,0,0,0,0,0,0,0,0,0,0,1.0,1.0,1.0,0.0,0.0,0.0,3,0,0
2844,40,17,23,3,2,1,34,18,3,0,1,11,16,0,0,0,0,0,0,0,0,0,0,1.0,1.0,1.0,0.0,0.0,0.0,3,0,0
2845,40,17,23,3,2,1,34,18,3,0,1,11,16,0,0,0,0,0,0,0,0,0,0,1.0,1.0,1.0,0.0,0.0,0.0,3,0,0
2846,40,17,23,0,5,1,34,18,3,0,1,11,16,0,0,0,0,0,0,0,0,0,0,1.0,1.0,1.0,0.0,0.0,0.0,3,0,0
2847,40,17,23,0,5,1,34,18,3,0,1,11,16,0,0,0,0,0,0,0,0,0,0,1.0,1.0,1.0,0.0,0.0,0.0,3,0,0
2848,40,17,23,0,5,1,34,18,3,0,0,11,16,0,0,0,0,0,0,0,0,0,0,1.0,1.0,1.0,0.0,0.0,0.0,3,0,0
2849,40,17,23,0,5,1,34,18,3,0,0,11,16,0,0,0,0,0,0,0,0,0,0,1.0,1.0,1.0,0.0,0.0,0.0,3,0,0
2850,40,17,23,0,5,1,34,18,3,0,0,11,16,0,0,0,0,0,0,0,0,0,0,1.0,1.0,1.0,0.0,0.0,0.0,3,0,0
2851,40,17,23,0,5,1,34,18,3,0,0,11,16,0,0,0,0,0,0,0,0,0,0,1.0,1.0,1.0,0.0,0.0,0.0,3,0,0
2852,40,17,23,0,5,1,34,18,3,0,0,11,16,0,0,0,0,0,0,0,0,0,0,1.0,1.0,1.0,0.0,0.0,0.0,3,0,0
2853,40,17,23,0,5,1,34,18,3,0,0,11,16,0,0,0,0,0,0,0,0,0,0,1.0,1.0,1.0,0.0,0.0,0.0,3,0,0
2854,44,21,23,4,5,1,34,18,2,0,1,11,16,0,0,0,0,0,0,1,0,0,0,1.0,1.0,1.0,0.1,0.1,0.0,3,4,0
2855,43,20,23,4,5,1,33,18,2,0,1,11,16,0,0,0,0,0,0,0,0,0,0,1.0,0.9375,1.0,0.0,0.0,0.0,3,0,1
2856,43,20,23,4,5,1,33,18,2,0,1,11,16,0,0,0,0,0,0,0,0,0,0,1.0,1.0,1.0,0.0,0.0,0.0,3,0,0
2857,43,20,23,4,5,1,33,18,2,0,1,11,16,0,0,0,0,0,0,0,0,0,0,1.0,1.0,1.0,0.0,0.0,0.0,3,0,0
2858,43,20,23,4,5,1,33,18,2,0,1,11,16,0,0,0,0,0,0,0,0,0,0,1.0,1.0,1.0,0.0,0.0,0.0,3,0,0
2859,43,20,23,4,5,1,33,18,2,0,1,11,16,0,0,0,0,0,0,0,0,0,0,1.0,1.0,1.0,0.0,0.0,0.0,3,0,0
2860,43,20,23,4,5,1,33,18,2,0,1,11,16,0,0,0,0,0,0,0,0,0,0,1.0,1.0,1.0,0.0,0.0,0.0,3,0,0
2861,43,20,23,4,5,1,33,18,2,0,1,11,16,0,0,0,0,0,0,0,0,0,0,1.0,1.0,1.0,0.0,0.0,0.0,3,0,0
2862,43,20,23,4,5,1,33,18,2,0,1,11,16,0,0,0,0,0,0,0,0,0,0,1.0,1.0,1.0,0.0,0.0,0.0,3,0,0
2863,43,20,23,4,5,1,33,18,2,0,1,11,16,0,0,0,0,0,0,0,0,0,0,1.0,1.0,1.0,0.0,0.0,0.0,3,0,0
2864,43,20,23,4,5,1,33,18,2,0,1,11,16,0,0,0,0,0,0,0,0,0,0,1.0,1.0,1.0,0.0,0.0,0.0,3,0,0
2865,43,20,23,4,5,1,33,18,2,0,1,11,16,0,0,0,0,0,0,0,0,0,0,1.0,1.0,1.0,0.0,0.0,0.0,3,0,0
2866,43,20,23,4,5,1,33,18,2,0,1,11,16,0,0,0,0,0,0,0,0,0,0,1.0,1.0,1.0,0.0,0.0,0.0,3,0,0
2867,43,20,23,4,5,1,33,18,2,0,1,11,16,0,0,0,0,0,0,0,0,0,0,1.0,1.0,1.0,0.0,0.0,0.0,3,0,0
2868,43,20,23,4,5,1,33,18,2,0,1,11,16,0,0,0,0,0,0,0,0,0,0,1.0,1.0,1.0,0.0,0.0,0.0,3,0,0
2869,43,20,23,4,5,1,33,18,2,0,1,11,16,0,0,0,0,0,0,0,0,0,0,1.0,1.0,1.0,0.0,0.0,0.0,3,0,0
2870,43,20,23,4,5,1,33,18,2,0,1,11,16,0,0,0,0,0,0,0,0,0,0,1.0,1.0,1.0,0.0,0.0,0.0,3,0,0
2871,43,20,23,4,5,1,33,18,2,0,1,11,16,0,0,0,0,0,0,0,0,0,0,1.0,1.0,1.0,0.0,0.0,0.0,3,0,0
2872,43,20,23,4,5,1,33,18,2,0,1,11,16,0,0,0,0,0,0,0,0,0,0,1.0,1.0,1.0,0.0,0.0,0.0,3,0,0
2873,43,20,23,4,5,1,33,18,2,0,1,11,16,0,0,0,0,0,0,0,0,0,0,1.0,1.0,1.0,0.0,0.0,0.0,3,0,0
2874,46,22,24,7,5,1,33,18,1,0,2,11,16,0,0,0,0,0,0,1,0,0,0,1.0,1.0,1.0,0.06976744186046512,0.06976744186046512,0.0,3,3,0
2875,46,22,24,7,5,1,33,18,1,0,2,11,16,0,0,0,0,0,0,0,0,0,0,1.0,1.0,1.0,0.0,0.0,0.0,3,0,0
2876,46,22,24,7,5,1,33,18,1,0,2,11,16,0,0,0,0,0,0,0,0,0,0,1.0,1.0,1.0,0.0,0.0,0.0,3,0,0
2877,46,22,24,7,5,1,33,18,1,0,2,11,16,0,0,0,0,0,0,0,0,0,0,1.0,1.0,1.0,0.0,0.0,0.0,3,0,0
2878,46,22,24,7,5,1,33,18,1,0,2,11,16,0,0,0,0,0,0,0,0,0,0,1.0,1.0,1.0,0.0,0.0,0.0,3,0,0
2879,46,22,24,7,5,1,33,18,1,0,2,11,16,0,0,0,0,0,0,0,0,0,0,1.0,1.0,1.0,0.0,0.0,0.0,3,0,0
2880,46,22,24,7,5,1,33,18,1,0,2,11,16,0,0,0,0,0,0,0,0,0,0,1.0,1.0,1.0,0.0,0.0,0.0,3,0,0
2881,46,22,24,7,5,1,33,18,1,0,2,11,16,0,0,0,0,0,0,0,0,0,0,1.0,1.0,1.0,0.0,0.0,0.0,3,0,0
2882,46,22,24,7,5,1,33,18,1,0,2,11,16,0,0,0,0,0,0,0,0,0,0,1.0,1.0,1.0,0.0,0.0,0.0,3,0,0
2883,46,22,24,7,5,1,33,18,1,0,2,11,16,0,0,0,0,0,0,0,0,0,0,1.0,1.0,1.0,0.0,0.0,0.0,3,0,0
2884,46,22,24,7,5,1,33,18,1,0,2,11,16,0,0,0,0,0,0,0,0,0,0,1.0,1.0,1.0,0.0,0.0,0.0,3,0,0
2885,46,22,24,7,5,1,33,18,1,0,2,11,16,0,0,0,0,0,0,0,0,0,0,1.0,1.0,1.0,0.0,0.0,0.0,3,0,0
2886,46,22,24,7,5,1,33,18,1,0,2,11,16,0,0,0,0,0,0,0,0,0,0,1.0,1.0,1.0,0.0,0.0,0.0,3,0,0
2887,46,22,24,7,5,1,33,18,1,0,2,11,16,0,0,0,0,0,0,0,0,0,0,1.0,1.0,1.0,0.0,0.0,0.0,3,0,0
2888,46,22,24,7,5,1,33,18,1,0,2,11,16,0,0,0,0,0,0,0,0,0,0,1.0,1.0,1.0,0.0,0.0,0.0,3,0,0
2889,46,22,24,7,5,1,33,18,1,0,2,11,16,0,0,0,0,0,0,0,0,0,0,1.0,1.0,1.0,0.0,0.0,0.0,3,0,0
2890,46,22,24,7,5,1,33,18,1,0,2,11,16,0,0,0,0,0,0,0,0,0,0,1.0,1.0,1.0,0.0,0.0,0.0,3,0,0
2891,46,22,24,7,5,1,33,18,1,0,2,11,16,0,0,0,0,0,0,0,0,0,0,1.0,1.0,1.0,0.0,0.0,0.0,3,0,0
2892,46,22,24,7,5,1,33,18,1,0,2,11,16,0,0,0,0,0,0,0,0,0,0,1.0,1.0,1.0,0.0,0.0,0.0,3,0,0
2893,46,22,24,7,5,1,33,18,1,0,2,11,16,0,0,0,0,0,0,0,0,0,0,1.0,1.0,1.0,0.0,0.0,0.0,3,0,0
2894,46,22,24,7,5,1,33,18,1,0,2,11,16,0,0,0,0,0,0,0,0,0,0,1.0,1.0,1.0,0.0,0.0,0.0,3,0,0
2895,46,22,24,7,5,1,33,18,1,0,2,11,16,0,0,0,0,0,0,0,0,0,0,1.0,1.0,1.0,0.0,0.0,0.0,3,0,0
2896,46,22,24,7,5,1,33,18,1,0,2,11,16,0,0,0,0,0,0,0,0,0,0,1.0,1.0,1.0,0.0,0.0,0.0,3,0,0
2897,46,22,24,3,9,1,33,18,1,0,2,11,16,0,0,0,0,0,0,0,0,0,0,1.0,1.0,1.0,0.0,0.0,0.0,3,0,0
2898,50,23,27,7,9,1,33,18,0,0,3,11,16,0,0,0,0,0,0,1,0,0,0,1.0,1.0,1.0,0.08695652173913043,0.08695652173913043,0.0,3,4,0
2899,50,23,27,7,9,1,33,18,0,0,2,11,16,0,0,0,0,0,0,0,0,0,0,1.0,1.0,1.0,0.0,0.0,0.0,3,0,0
2900,50,23,27,7,9,1,33,18,0,0,2,11,16,0,0,0,0,0,0,0,0,0,0,1.0,1.0,1.0,0.0,0.0,0.0,3,0,0
2901,50,23,27,7,9,1,33,18,0,0,2,11,16,0,0,0,0,0,0,0,0,0,0,1.0,1.0,1.0,0.0,0.0,0.0,3,0,0
2902,50,23,27,7,9,1,33,18,0,0,2,11,16,0,0,0,0,0,0,0,0,0,0,1.0,1.0,1.0,0.0,0.0,0.0,3,0,0
2903,50,23,27,7,9,1,33,18,0,0,2,11,16,0,0,0,0,0,0,0,0,0,0,1.0,1.0,1.0,0.0,0.0,0.0,3,0,0
2904,50,23,27,7,9,1,33,18,0,0,2,11,16,0,0,0,0,0,0,0,0,0,0,1.0,1.0,1.0,0.0,0.0,0.0,3,0,0
2905,50,23,27,7,9,1,33,18,0,0,2,11,16,0,0,0,0,0,0,0,0,0,0,1.0,1.0,1.0,0.0,0.0,0.0,3,0,0
2906,50,23,27,7,9,1,33,18,0,0,2,11,16,0,0,0,0,0,0,0,0,0,0,1.0,1.0,1.0,0.0,0.0,0.0,3,0,0
2907,50,23,27,7,9,1,33,18,0,0,2,11,16,0,0,0,0,0,0,0,0,0,0,1.0,1.0,1.0,0.0,0.0,0.0,3,0,0
2908,50,23,27,7,9,1,33,18,0,0,2,11,16,0,0,0,0,0,0,0,0,0,0,1.0,1.0,1.0,0.0,0.0,0.0,3,0,0
2909,50,23,27,7,9,1,33,18,0,0,2,11,16,0,0,0,0,0,0,0,0,0,0,1.0,1.0,1.0,0.0,0.0,0.0,3,0,0
2910,50,23,27,7,9,1,33,18,0,0,2,11,16,0,0,0,0,0,0,0,0,0,0,1.0,1.0,1.0,0.0,0.0,0.0,3,0,0
2911,50,23,27,7,9,1,33,18,0,0,2,11,16,0,0,0,0,0,0,0,0,0,0,1.0,1.0,1.0,0.0,0.0,0.0,3,0,0
2912,50,23,27,7,9,1,33,18,0,0,2,11,16,0,0,0,0,0,0,0,0,0,0,1.0,1.0,1.0,0.0,0.0,0.0,3,0,0
2913,50,23,27,7,9,1,33,18,0,0,2,11,16,0,0,0,0,0,0,0,0,0,0,1.0,1.0,1.0,0.0,0.0,0.0,3,0,0
2914,50,23,27,7,9,1,33,18,0,0,2,11,16,0,0,0,0,0,0,0,0,0,0,1.0,1.0,1.0,0.0,0.0,0.0,3,0,0
2915,50,23,27,7,9,1,33,18,0,0,2,11,16,0,0,0,0,0,0,0,0,0,0,1.0,1.0,1.0,0.0,0.0,0.0,3,0,0
2916,50,23,27,7,9,1,33,18,0,0,2,11,16,0,0,0,0,0,0,0,0,0,0,1.0,1.0,1.0,0.0,0.0,0.0,3,0,0
2917,50,23,27,4,12,1,33,18,0,0,2,11,16,0,0,0,0,0,0,0,0,0,0,1.0,1.0,1.0,0.0,0.0,0.0,3,0,0
2918,50,23,27,4,12,1,33,18,0,0,2,11,16,0,0,0,0,0,0,0,0,0,0,1.0,1.0,1.0,0.0,0.0,0.0,3,0,0
2919,50,23,27,4,12,1,33,18,0,0,1,11,16,0,0,0,0,0,0,0,0,0,0,1.0,1.0,1.0,0.0,0.0,0.0,3,0,0
2920,50,23,27,4,12,1,33,18,0,0,1,11,17,0,1,0,0,0,0,0,0,0,0,1.0,1.0,1.0,0.0,0.0,0.0,3,0,0
2921,50,23,27,4,12,1,33,18,0,0,1,11,17,0,0,0,0,0,0,0,0,0,0,1.0,1.0,1.0,0.0,0.0,0.0,3,0,0
2922,49,23,26,4,11,1,33,18,0,0,1,11,16,0,0,0,0,0,0,0,1,0,1,0.9375,1.0,1.0,0.0,0.0,0.0,3,0,1
2923,49,23,26,4,11,1,33,18,0,0,1,11,16,0,0,0,0,0,0,0,0,1,0,1.0,1.0,1.0,0.0,0.0,0.0,3,0,0
2924,47,22,25,4,10,1,32,17,0,0,1,11,15,0,0,0,0,0,0,0,1,0,1,0.9333333333333333,1.0,0.9444444444444444,0.0,0.0,0.0,3,0,2
2925,47,22,25,4,10,1,32,17,0,0,1,13,15,2,0,0,0,0,0,0,0,0,0,1.0,1.0,1.0,0.0,0.0,0.0,3,0,0
2926,47,22,25,4,10,1,32,17,0,0,1,13,15,0,0,0,0,0,0,0,0,0,0,1.0,1.0,1.0,0.0,0.0,0.0,3,0,0
2927,47,22,25,4,9,2,32,17,0,0,1,14,15,1,0,0,0,0,0,0,0,0,0,1.0,1.0,1.0,0.0,0.0,0.0,3,0,0
2928,47,22,25,4,9,2,32,17,0,0,1,14,15,0,0,0,0,0,0,0,0,0,0,1.0,1.0,1.0,0.0,0.0,0.0,3,0,0
2929,47,22,25,4,9,2,32,17,0,0,1,14,15,0,0,0,0,0,0,0,0,0,0,1.0,1.0,1.0,0.0,0.0,0.0,3,0,0
2930,47,22,25,4,9,2,32,17,0,0,1,14,15,0,0,0,0,0,0,0,0,0,0,1.0,1.0,1.0,0.0,0.0,0.0,3,0,0
2931,47,22,25,4,9,2,32,17,0,0,1,14,15,0,0,0,0,0,0,0,0,0,0,1.0,1.0,1.0,0.0,0.0,0.0,3,0,0
2932,47,22,25,4,9,2,32,17,0,0,1,14,15,0,0,0,0,0,0,0,0,0,0,1.0,1.0,1.0,0.0,0.0,0.0,3,0,0
2933,47,22,25,4,9,2,32,17,0,0,1,14,15,0,0,0,0,0,0,0,0,0,0,1.0,1.0,1.0,0.0,0.0,0.0,3,0,0
2934,47,22,25,4,9,2,32,17,0,0,1,14,15,0,0,0,0,0,0,0,0,0,0,1.0,1.0,1.0,0.0,0.0,0.0,3,0,0
2935,47,22,25,4,9,2,32,17,0,0,1,14,15,0,0,0,0,0,0,0,0,0,0,1.0,1.0,1.0,0.0,0.0,0.0,3,0,0
2936,47,22,25,4,9,2,32,17,0,0,1,14,15,0,0,0,0,0,0,0,0,0,0,1.0,1.0,1.0,0.0,0.0,0.0,3,0,0
2937,47,22,25,4,9,2,32,17,0,0,1,14,15,0,0,0,0,0,0,0,0,0,0,1.0,1.0,1.0,0.0,0.0,0.0,3,0,0
2938,47,22,25,4,9,2,32,17,0,0,1,14,15,0,0,0,0,0,0,0,0,0,0,1.0,1.0,1.0,0.0,0.0,0.0,3,0,0
2939,47,22,25,4,9,2,32,17,0,0,1,14,15,0,0,0,0,0,0,0,0,0,0,1.0,1.0,1.0,0.0,0.0,0.0,3,0,0
2940,47,22,25,4,9,2,32,17,0,0,1,14,15,0,0,0,0,0,0,0,0,0,0,1.0,1.0,1.0,0.0,0.0,0.0,3,0,0
2941,47,22,25,0,13,2,32,17,0,0,1,14,15,0,0,0,0,0,0,0,0,0,0,1.0,1.0,1.0,0.0,0.0,0.0,3,0,0
2942,47,22,25,0,13,2,32,17,0,0,1,14,15,0,0,0,0,0,0,0,0,0,0,1.0,1.0,1.0,0.0,0.0,0.0,3,0,0
2943,47,22,25,0,13,2,32,17,0,0,0,14,15,0,0,0,0,0,0,0,0,1,0,1.0,1.0,1.0,0.0,0.0,0.0,3,0,0
2944,47,22,25,0,13,2,32,17,0,0,0,14,15,0,0,0,0,0,0,0,0,0,0,1.0,1.0,1.0,0.0,0.0,0.0,3,0,0
2945,47,22,25,0,13,2,32,17,0,0,0,14,15,0,0,0,0,0,0,0,0,0,0,1.0,1.0,1.0,0.0,0.0,0.0,3,0,0
2946,47,22,25,0,13,2,32,17,0,0,0,14,15,0,0,0,0,0,0,0,0,0,0,1.0,1.0,1.0,0.0,0.0,0.0,3,0,0
2947,47,22,25,0,12,3,32,17,0,0,0,14,15,0,0,0,0,0,0,0,0,0,0,1.0,1.0,1.0,0.0,0.0,0.0,3,0,0
2948,47,22,25,0,12,3,32,17,0,0,0,14,15,0,0,0,0,0,0,0,0,0,0,1.0,1.0,1.0,0.0,0.0,0.0,3,0,0
2949,47,22,25,0,12,3,32,17,0,0,0,14,15,0,0,0,0,0,0,0,0,0,0,1.0,1.0,1.0,0.0,0.0,0.0,3,0,0
2950,47,22,25,0,12,3,32,17,0,0,0,14,15,0,0,0,1,0,0,0,0,0,0,1.0,1.0,1.0,0.0,0.0,0.0,3,0,0
2951,47,22,25,0,12,3,32,17,2,0,0,14,15,0,0,0,8,2,0,0,0,0,0,1.0,1.0,1.0,0.0,0.0,0.25,3,0,0
2952,47,22,25,0,12,3,32,17,2,0,0,14,15,0,0,0,0,0,0,0,0,0,0,1.0,1.0,1.0,0.0,0.0,0.0,3,0,0
2953,47,22,25,0,12,3,32,17,2,0,0,14,15,0,0,0,0,0,0,0,0,0,0,1.0,1.0,1.0,0.0,0.0,0.0,3,0,0
2954,47,22,25,0,12,3,32,17,2,0,0,14,15,0,0,0,0,0,0,0,0,0,0,1.0,1.0,1.0,0.0,0.0,0.0,3,0,0
2955,47,22,25,0,12,3,32,17,2,0,0,14,15,0,0,0,0,0,0,0,0,0,0,1.0,1.0,1.0,0.0,0.0,0.0,3,0,0
2956,47,22,25,0,12,3,32,17,2,0,0,14,15,0,0,0,0,0,0,0,0,0,0,1.0,1.0,1.0,0.0,0.0,0.0,3,0,0
2957,46,22,24,0,12,3,31,16,2,0,0,14,14,0,0,0,0,0,0,0,0,0,0,1.0,1.0,0.9411764705882353,0.0,0.0,0.0,3,0,1
2958,46,22,24,0,12,3,31,16,2,0,0,14,14,0,0,0,0,0,0,0,0,0,0,1.0,1.0,1.0,0.0,0.0,0.0,3,0,0
2959,46,22,24,0,12,3,31,16,2,0,0,14,14,0,0,0,0,0,0,0,0,0,0,1.0,1.0,1.0,0.0,0.0,0.0,3,0,0
2960,46,22,24,0,12,3,31,16,2,0,0,14,14,0,0,0,0,0,0,0,0,0,0,1.0,1.0,1.0,0.0,0.0,0.0,3,0,0
2961,46,22,24,0,12,3,31,16,2,0,0,14,14,0,0,0,0,0,0,0,0,0,0,1.0,1.0,1.0,0.0,0.0,0.0,3,0,0
2962,46,22,24,0,12,3,31,16,2,0,0,14,14,0,0,0,0,0,0,0,0,0,0,1.0,1.0,1.0,0.0,0.0,0.0,3,0,0
2963,46,22,24,0,12,3,31,16,2,0,0,14,14,0,0,0,0,0,0,0,0,0,0,1.0,1.0,1.0,0.0,0.0,0.0,3,0,0
2964,46,22,24,0,12,3,31,16,2,0,0,14,14,0,0,0,0,0,0,0,0,0,0,1.0,1.0,1.0,0.0,0.0,0.0,3,0,0
2965,46,22,24,0,12,3,31,16,2,0,0,14,14,0,0,0,0,0,0,0,0,0,0,1.0,1.0,1.0,0.0,0.0,0.0,3,0,0
2966,46,22,24,0,12,3,31,16,2,0,0,14,14,0,0,0,0,0,0,0,0,0,0,1.0,1.0,1.0,0.0,0.0,0.0,3,0,0
2967,46,22,24,0,12,3,31,16,2,0,0,14,14,0,0,0,0,0,0,0,0,0,0,1.0,1.0,1.0,0.0,0.0,0.0,3,0,0
2968,46,22,24,0,12,3,31,16,2,0,0,14,14,0,0,0,0,0,0,0,0,0,0,1.0,1.0,1.0,0.0,0.0,0.0,3,0,0
2969,46,22,24,0,12,3,31,16,2,0,0,14,14,0,0,0,0,0,0,0,0,0,0,1.0,1.0,1.0,0.0,0.0,0.0,3,0,0
2970,46,22,24,0,12,3,31,16,2,0,0,14,14,0,0,0,0,0,0,0,0,0,0,1.0,1.0,1.0,0.0,0.0,0.0,3,0,0
2971,46,22,24,0,12,3,31,16,2,0,0,14,14,0,0,0,0,0,0,0,0,0,0,1.0,1.0,1.0,0.0,0.0,0.0,3,0,0
2972,46,22,24,0,12,3,31,16,2,0,0,14,14,0,0,0,0,0,0,0,0,0,0,1.0,1.0,1.0,0.0,0.0,0.0,3,0,0
2973,46,22,24,0,12,3,31,16,2,0,0,14,14,0,0,0,0,0,0,0,0,0,0,1.0,1.0,1.0,0.0,0.0,0.0,3,0,0
2974,46,22,24,0,12,3,31,16,2,0,0,14,14,0,0,0,0,0,0,0,0,0,0,1.0,1.0,1.0,0.0,0.0,0.0,3,0,0
2975,46,22,24,0,12,3,31,16,2,0,0,14,14,0,0,0,0,0,0,0,0,0,0,1.0,1.0,1.0,0.0,0.0,0.0,3,0,0
2976,46,22,24,0,12,3,31,16,2,0,0,14,14,0,0,0,0,0,0,0,0,0,0,1.0,1.0,1.0,0.0,0.0,0.0,3,0,0
2977,46,22,24,0,12,3,31,16,2,0,0,14,14,0,0,0,0,0,0,0,0,0,0,1.0,1.0,1.0,0.0,0.0,0.0,3,0,0
2978,46,22,24,0,12,3,31,16,2,0,0,14,14,0,0,0,0,0,0,0,0,0,0,1.0,1.0,1.0,0.0,0.0,0.0,3,0,0
2979,46,22,24,0,12,3,31,16,2,0,0,14,14,0,0,0,0,0,0,0,0,0,0,1.0,1.0,1.0,0.0,0.0,0.0,3,0,0
2980,46,22,24,0,12,3,31,16,2,0,0,14,14,0,0,0,0,0,0,0,0,0,0,1.0,1.0,1.0,0.0,0.0,0.0,3,0,0
2981,46,22,24,0,12,3,31,16,2,0,0,14,14,0,0,0,0,0,0,0,0,0,0,1.0,1.0,1.0,0.0,0.0,0.0,3,0,0
2982,46,22,24,0,12,3,31,16,2,0,0,14,14,0,0,0,0,0,0,0,0,0,0,1.0,1.0,1.0,0.0,0.0,0.0,3,0,0
2983,46,22,24,0,12,3,31,16,2,0,0,14,14,0,0,0,0,0,0,0,0,2,0,1.0,1.0,1.0,0.0,0.0,0.0,3,0,0
2984,46,22,24,0,12,3,31,16,2,0,0,14,14,0,0,0,0,0,0,0,0,0,0,1.0,1.0,1.0,0.0,0.0,0.0,3,0,0
2985,46,22,24,0,12,3,31,16,2,0,0,14,14,0,0,0,0,0,0,0,0,0,0,1.0,1.0,1.0,0.0,0.0,0.0,3,0,0
2986,46,22,24,0,12,3,31,16,2,0,0,14,14,0,0,0,0,0,0,0,0,0,0,1.0,1.0,1.0,0.0,0.0,0.0,3,0,0
2987,46,22,24,0,10,5,31,16,2,0,0,14,14,0,0,0,0,0,0,0,0,0,0,1.0,1.0,1.0,0.0,0.0,0.0,3,0,0
2988,46,22,24,0,10,5,31,16,2,0,0,14,14,0,0,0,0,0,0,0,0,0,0,1.0,1.0,1.0,0.0,0.0,0.0,3,0,0
2989,46,22,24,0,10,5,31,16,2,0,0,14,14,0,0,0,0,0,0,0,0,0,0,1.0,1.0,1.0,0.0,0.0,0.0,3,0,0
2990,46,22,24,0,10,5,31,16,2,0,0,14,14,0,0,0,0,0,0,0,0,0,0,1.0,1.0,1.0,0.0,0.0,0.0,3,0,0
2991,46,22,24,0,10,5,31,16,2,0,0,14,14,0,0,0,0,0,0,0,0,0,0,1.0,1.0,1.0,0.0,0.0,0.0,3,0,0
2992,46,22,24,0,10,5,31,16,2,0,0,14,14,0,0,0,0,0,0,0,0,0,0,1.0,1.0,1.0,0.0,0.0,0.0,3,0,0
2993,46,22,24,0,10,5,31,16,2,0,0,14,14,0,0,0,0,0,0,0,0,0,0,1.0,1.0,1.0,0.0,0.0,0.0,3,0,0
2994,46,22,24,0,10,5,31,16,2,0,0,14,14,0,0,0,0,0,0,0,0,0,0,1.0,1.0,1.0,0.0,0.0,0.0,3,0,0
2995,46,22,24,0,10,5,31,16,2,0,0,14,14,0,0,0,0,0,0,0,0,0,0,1.0,1.0,1.0,0.0,0.0,0.0,3,0,0
2996,46,22,24,0,10,5,31,16,2,0,0,14,14,0,0,0,0,0,0,0,0,0,0,1.0,1.0,1.0,0.0,0.0,0.0,3,0,0
2997,46,22,24,0,10,5,31,16,2,0,0,14,14,0,0,0,0,0,0,0,0,0,0,1.0,1.0,1.0,0.0,0.0,0.0,3,0,0
2998,46,22,24,0,10,5,31,16,2,0,0,14,14,0,0,0,0,0,0,0,0,0,0,1.0,1.0,1.0,0.0,0.0,0.0,3,0,0
2999,46,22,24,0,10,5,31,16,2,0,0,14,14,0,0,0,0,0,0,0,0,0,0,1.0,1.0,1.0,0.0,0.0,0.0,3,0,0
3000,46,22,24,0,10,5,31,16,2,0,0,14,14,0,0,0,0,0,0,0,0,0,0,1.0,1.0,1.0,0.0,0.0,0.0,3,0,0
3001,46,22,24,0,10,5,31,16,2,0,0,14,14,0,0,0,0,0,0,0,0,0,0,1.0,1.0,1.0,0.0,0.0,0.0,3,0,0
3002,46,22,24,0,10,5,31,16,2,0,0,14,14,0,0,0,0,0,0,0,0,0,0,1.0,1.0,1.0,0.0,0.0,0.0,3,0,0
3003,46,22,24,0,10,5,31,16,2,0,0,14,14,0,0,0,0,0,0,0,0,0,0,1.0,1.0,1.0,0.0,0.0,0.0,3,0,0
3004,46,22,24,0,10,5,31,16,2,0,0,14,14,0,0,0,0,0,0,0,0,0,0,1.0,1.0,1.0,0.0,0.0,0.0,3,0,0
3005,46,22,24,0,10,5,31,16,2,0,0,14,14,0,0,0,0,0,0,0,0,0,0,1.0,1.0,1.0,0.0,0.0,0.0,3,0,0
3006,46,22,24,0,10,5,31,16,2,0,0,14,14,0,0,0,0,0,0,0,0,0,0,1.0,1.0,1.0,0.0,0.0,0.0,3,0,0
3007,46,22,24,0,10,5,31,16,2,0,0,14,14,0,0,0,0,0,0,0,0,0,0,1.0,1.0,1.0,0.0,0.0,0.0,3,0,0
3008,46,22,24,0,10,5,31,16,2,0,0,14,14,0,0,0,0,0,0,0,0,0,0,1.0,1.0,1.0,0.0,0.0,0.0,3,0,0
3009,46,22,24,0,10,5,31,16,2,0,0,14,14,0,0,0,0,0,0,0,0,0,0,1.0,1.0,1.0,0.0,0.0,0.0,3,0,0
3010,46,22,24,0,10,5,31,16,2,0,0,14,14,0,0,0,0,0,0,0,0,0,0,1.0,1.0,1.0,0.0,0.0,0.0,3,0,0
3011,46,22,24,0,10,5,31,16,2,0,0,14,14,0,0,0,0,0,0,0,0,0,0,1.0,1.0,1.0,0.0,0.0,0.0,3,0,0
3012,46,22,24,0,10,5,31,16,2,0,0,14,14,0,0,0,0,0,0,0,0,0,0,1.0,1.0,1.0,0.0,0.0,0.0,3,0,0
3013,46,22,24,0,10,5,31,16,2,0,0,15,15,1,1,0,0,0,0,0,0,0,0,1.0,1.0,1.0,0.0,0.0,0.0,3,0,0
3014,46,22,24,0,10,5,31,16,2,0,0,16,16,1,1,0,0,0,0,0,0,0,0,1.0,1.0,1.0,0.0,0.0,0.0,3,0,0
3015,46,22,24,0,10,5,31,16,2,0,0,16,17,0,1,0,0,0,0,0,0,0,0,1.0,1.0,1.0,0.0,0.0,0.0,3,0,0
3016,53,27,26,7,10,5,31,16,0,0,2,16,17,0,0,0,0,0,0,2,0,0,0,1.0,1.0,1.0,0.15217391304347827,0.15217391304347827,0.0,3,7,0
3017,53,27,26,7,10,5,31,16,0,0,2,16,17,0,0,0,0,0,0,0,0,0,0,1.0,1.0,1.0,0.0,0.0,0.0,3,0,0
3018,53,27,26,7,10,5,31,16,0,0,2,16,17,0,0,0,0,0,0,0,0,0,0,1.0,1.0,1.0,0.0,0.0,0.0,3,0,0
3019,53,27,26,7,10,5,31,16,0,0,2,16,17,0,0,0,0,0,0,0,0,0,0,1.0,1.0,1.0,0.0,0.0,0.0,3,0,0
3020,53,27,26,7,10,5,31,16,0,0,2,16,17,0,0,0,0,0,0,0,0,0,0,1.0,1.0,1.0,0.0,0.0,0.0,3,0,0
3021,53,27,26,7,10,5,31,16,0,0,2,16,17,0,0,0,0,0,0,0,0,0,0,1.0,1.0,1.0,0.0,0.0,0.0,3,0,0
3022,53,27,26,7,10,5,31,16,0,0,2,16,17,0,0,0,0,0,0,0,0,0,0,1.0,1.0,1.0,0.0,0.0,0.0,3,0,0
3023,53,27,26,7,10,5,31,16,0,0,2,16,17,0,0,0,0,0,0,0,0,0,0,1.0,1.0,1.0,0.0,0.0,0.0,3,0,0
3024,53,27,26,7,10,5,31,16,0,0,2,16,17,0,0,0,0,0,0,0,0,0,0,1.0,1.0,1.0,0.0,0.0,0.0,3,0,0
3025,53,27,26,7,10,5,31,16,0,0,2,16,17,0,0,0,0,0,0,0,0,0,0,1.0,1.0,1.0,0.0,0.0,0.0,3,0,0
3026,52,27,25,7,10,5,30,15,0,0,1,16,17,0,0,0,0,0,0,0,0,0,0,1.0,1.0,0.9375,0.0,0.0,0.0,3,0,1
3027,52,27,25,7,10,5,30,15,0,0,1,16,17,0,0,0,0,0,0,0,0,0,0,1.0,1.0,1.0,0.0,0.0,0.0,3,0,0
3028,52,27,25,7,10,5,30,15,0,0,1,16,17,0,0,0,0,0,0,0,0,0,0,1.0,1.0,1.0,0.0,0.0,0.0,3,0,0
3029,51,26,25,7,9,5,30,15,0,0,1,15,17,0,0,0,0,0,0,0,1,0,1,0.9411764705882353,1.0,1.0,0.0,0.0,0.0,3,0,1
3030,51,26,25,7,9,5,30,15,0,0,1,15,17,0,0,0,0,0,0,0,0,0,0,1.0,1.0,1.0,0.0,0.0,0.0,3,0,0
3031,51,26,25,7,9,5,30,15,0,0,1,15,17,0,0,0,0,0,0,0,0,0,0,1.0,1.0,1.0,0.0,0.0,0.0,3,0,0
3032,51,26,25,7,9,5,30,15,0,0,1,15,17,0,0,0,0,0,0,0,0,0,0,1.0,1.0,1.0,0.0,0.0,0.0,3,0,0
3033,51,26,25,7,9,5,30,15,0,0,1,15,17,0,0,0,0,0,0,0,0,0,0,1.0,1.0,1.0,0.0,0.0,0.0,3,0,0
3034,51,26,25,7,9,5,30,15,0,0,1,15,17,0,0,0,0,0,0,0,0,2,0,1.0,1.0,1.0,0.0,0.0,0.0,3,0,0
3035,51,26,25,7,9,4,31,16,0,0,1,15,17,0,0,0,0,0,0,0,0,0,0,1.0,1.0,1.0,0.0,0.0,0.0,3,0,0
3036,51,26,25,7,9,4,31,16,0,0,1,15,17,0,0,0,0,0,0,0,0,0,0,1.0,1.0,1.0,0.0,0.0,0.0,3,0,0
3037,49,25,24,7,8,3,31,16,0,0,1,15,17,0,0,0,0,0,0,0,1,0,1,0.9375,1.0,1.0,0.0,0.0,0.0,3,0,2
3038,49,25,24,7,6,5,31,16,0,0,1,15,17,0,0,0,0,0,0,0,0,0,0,1.0,1.0,1.0,0.0,0.0,0.0,3,0,0
3039,49,25,24,7,6,5,31,16,0,0,1,15,17,0,0,0,0,0,0,0,0,0,0,1.0,1.0,1.0,0.0,0.0,0.0,3,0,0
3040,49,25,24,7,6,5,31,16,0,0,1,15,17,0,0,0,0,0,0,0,0,0,0,1.0,1.0,1.0,0.0,0.0,0.0,3,0,0
3041,49,25,24,7,6,5,31,16,0,0,1,15,17,0,0,0,0,0,0,0,0,0,0,1.0,1.0,1.0,0.0,0.0,0.0,3,0,0
3042,49,25,24,7,6,5,31,16,0,0,1,15,17,0,0,0,0,0,0,0,0,0,0,1.0,1.0,1.0,0.0,0.0,0.0,3,0,0
3043,49,25,24,7,6,5,31,16,0,0,1,15,17,0,0,0,0,0,0,0,0,0,0,1.0,1.0,1.0,0.0,0.0,0.0,3,0,0
3044,48,25,23,6,6,5,31,16,0,0,1,15,17,0,0,0,0,0,0,0,1,0,1,0.9230769230769231,1.0,1.0,0.0,0.0,0.0,3,0,1
3045,48,25,23,6,6,5,31,16,0,0,1,15,17,0,0,0,0,0,0,0,0,0,0,1.0,1.0,1.0,0.0,0.0,0.0,3,0,0
3046,48,25,23,6,6,5,31,16,0,0,1,15,17,0,0,0,0,0,0,0,0,0,0,1.0,1.0,1.0,0.0,0.0,0.0,3,0,0
3047,48,25,23,6,6,5,31,16,0,0,1,15,17,0,0,0,0,0,0,0,0,0,0,1.0,1.0,1.0,0.0,0.0,0.0,3,0,0
3048,48,25,23,6,6,5,31,16,0,0,1,15,17,0,0,0,0,0,0,0,0,0,0,1.0,1.0,1.0,0.0,0.0,0.0,3,0,0
3049,48,25,23,6,6,5,31,16,0,0,1,15,17,0,0,0,0,0,0,0,0,0,0,1.0,1.0,1.0,0.0,0.0,0.0,3,0,0
3050,48,25,23,6,6,5,31,16,0,0,1,15,17,0,0,0,0,0,0,0,0,0,0,1.0,1.0,1.0,0.0,0.0,0.0,3,0,0
3051,48,25,23,6,6,5,31,16,0,0,1,15,17,0,0,0,0,0,0,0,0,0,0,1.0,1.0,1.0,0.0,0.0,0.0,3,0,0
3052,48,25,23,6,6,5,31,16,0,0,1,15,17,0,0,0,0,0,0,0,0,0,0,1.0,1.0,1.0,0.0,0.0,0.0,3,0,0
3053,48,25,23,6,6,5,31,16,0,0,1,15,17,0,0,0,0,0,0,0,0,0,0,1.0,1.0,1.0,0.0,0.0,0.0,3,0,0
3054,48,25,23,6,6,5,31,16,0,0,1,15,17,0,0,0,0,0,0,0,0,2,0,1.0,1.0,1.0,0.0,0.0,0.0,3,0,0
3055,48,25,23,6,6,5,31,16,0,0,1,15,17,0,0,0,0,0,0,0,0,0,0,1.0,1.0,1.0,0.0,0.0,0.0,3,0,0
3056,48,25,23,6,6,4,32,17,1,0,1,15,17,0,0,0,3,1,0,0,0,0,0,1.0,1.0,1.0,0.0,0.0,0.3333333333333333,3,0,0
3057,48,25,23,6,6,3,33,18,1,0,1,15,17,0,0,0,6,0,0,0,0,0,0,1.0,1.0,1.0,0.0,0.0,0.0,3,0,0
3058,48,25,23,6,4,5,33,18,2,0,1,15,17,0,0,0,5,1,0,0,0,0,0,1.0,1.0,1.0,0.0,0.0,0.2,3,0,0
3059,48,25,23,0,10,5,33,18,2,0,1,15,17,0,0,0,0,0,0,0,0,0,0,1.0,1.0,1.0,0.0,0.0,0.0,3,0,0
3060,48,25,23,0,10,5,33,18,2,0,1,15,17,0,0,0,0,0,0,0,0,0,0,1.0,1.0,1.0,0.0,0.0,0.0,3,0,0
3061,48,25,23,0,10,5,33,18,2,0,0,15,17,0,0,0,0,0,0,0,0,0,0,1.0,1.0,1.0,0.0,0.0,0.0,3,0,0
3062,47,25,22,0,10,5,32,17,2,0,0,15,16,0,0,0,0,0,0,0,0,0,0,1.0,1.0,0.9444444444444444,0.0,0.0,0.0,3,0,1
3063,47,25,22,0,10,5,32,17,2,0,0,15,16,0,0,0,0,0,0,0,0,0,0,1.0,1.0,1.0,0.0,0.0,0.0,3,0,0
3064,47,25,22,0,10,5,32,17,2,0,0,15,16,0,0,0,0,0,0,0,0,0,0,1.0,1.0,1.0,0.0,0.0,0.0,3,0,0
3065,47,25,22,0,10,5,32,17,2,0,0,15,16,0,0,0,0,0,0,0,0,0,0,1.0,1.0,1.0,0.0,0.0,0.0,3,0,0
3066,46,25,21,0,9,5,32,17,2,0,0,15,16,0,0,0,0,0,0,0,1,0,1,0.9,1.0,1.0,0.0,0.0,0.0,3,0,1
3067,46,25,21,0,9,5,32,17,2,0,0,15,16,0,0,0,0,0,0,0,0,0,0,1.0,1.0,1.0,0.0,0.0,0.0,3,0,0
3068,46,25,21,0,9,5,32,17,2,0,0,15,16,0,0,0,0,0,0,0,0,0,0,1.0,1.0,1.0,0.0,0.0,0.0,3,0,0
3069,46,25,21,0,9,5,32,17,2,0,0,15,16,0,0,0,0,0,0,0,0,0,0,1.0,1.0,1.0,0.0,0.0,0.0,3,0,0
3070,46,25,21,0,9,5,32,17,2,0,0,15,16,0,0,0,0,0,0,0,0,0,0,1.0,1.0,1.0,0.0,0.0,0.0,3,0,0
3071,46,25,21,0,9,5,32,17,2,0,0,15,16,0,0,0,0,0,0,0,0,0,0,1.0,1.0,1.0,0.0,0.0,0.0,3,0,0
3072,46,25,21,0,9,5,32,17,2,0,0,15,16,0,0,0,0,0,0,0,0,0,0,1.0,1.0,1.0,0.0,0.0,0.0,3,0,0
3073,46,25,21,0,9,5,32,17,2,0,0,15,16,0,0,0,0,0,0,0,0,0,0,1.0,1.0,1.0,0.0,0.0,0.0,3,0,0
3074,46,25,21,0,9,5,32,17,2,0,0,15,16,0,0,0,0,0,0,0,0,0,0,1.0,1.0,1.0,0.0,0.0,0.0,3,0,0
3075,46,25,21,0,9,5,32,17,2,0,0,15,16,0,0,0,0,0,0,0,0,0,0,1.0,1.0,1.0,0.0,0.0,0.0,3,0,0
3076,46,25,21,0,9,5,32,17,2,0,0,15,16,0,0,0,0,0,0,0,0,0,0,1.0,1.0,1.0,0.0,0.0,0.0,3,0,0
3077,45,24,21,0,8,5,32,17,2,0,0,15,16,0,0,0,0,0,0,0,1,0,1,0.8888888888888888,1.0,1.0,0.0,0.0,0.0,3,0,1
3078,45,24,21,0,8,5,32,17,2,0,0,15,16,0,0,0,0,0,0,0,0,2,0,1.0,1.0,1.0,0.0,0.0,0.0,3,0,0
3079,45,24,21,0,8,5,32,17,2,0,0,15,16,0,0,0,0,0,0,0,0,0,0,1.0,1.0,1.0,0.0,0.0,0.0,3,0,0
3080,45,24,21,0,8,5,32,17,2,0,0,15,16,0,0,0,0,0,0,0,0,0,0,1.0,1.0,1.0,0.0,0.0,0.0,3,0,0
3081,45,24,21,0,8,5,32,17,2,0,0,15,16,0,0,0,0,0,0,0,0,0,0,1.0,1.0,1.0,0.0,0.0,0.0,3,0,0
3082,45,24,21,0,6,7,32,17,2,0,0,15,16,0,0,0,0,0,0,0,0,0,0,1.0,1.0,1.0,0.0,0.0,0.0,3,0,0
3083,45,24,21,0,6,7,32,17,2,0,0,15,16,0,0,0,0,0,0,0,0,0,0,1.0,1.0,1.0,0.0,0.0,0.0,3,0,0
3084,45,24,21,0,6,7,32,17,2,0,0,15,16,0,0,0,0,0,0,0,0,0,0,1.0,1.0,1.0,0.0,0.0,0.0,3,0,0
3085,45,24,21,0,6,7,32,17,2,0,0,15,16,0,0,0,0,0,0,0,0,0,0,1.0,1.0,1.0,0.0,0.0,0.0,3,0,0
3086,45,24,21,0,6,7,32,17,2,0,0,15,16,0,0,0,0,0,0,0,0,0,0,1.0,1.0,1.0,0.0,0.0,0.0,3,0,0
3087,45,24,21,0,6,7,32,17,2,0,0,15,16,0,0,0,0,0,0,0,0,0,0,1.0,1.0,1.0,0.0,0.0,0.0,3,0,0
3088,45,24,21,0,6,7,32,17,2,0,0,15,16,0,0,0,0,0,0,0,0,0,0,1.0,1.0,1.0,0.0,0.0,0.0,3,0,0
3089,45,24,21,0,6,7,32,17,2,0,0,15,16,0,0,0,0,0,0,0,0,0,0,1.0,1.0,1.0,0.0,0.0,0.0,3,0,0
3090,45,24,21,0,6,7,32,17,2,0,0,15,16,0,0,0,0,0,0,0,0,0,0,1.0,1.0,1.0,0.0,0.0,0.0,3,0,0
3091,45,24,21,0,6,7,32,17,2,0,0,15,16,0,0,0,0,0,0,0,0,0,0,1.0,1.0,1.0,0.0,0.0,0.0,3,0,0
3092,45,24,21,0,6,7,32,17,2,0,0,15,16,0,0,0,0,0,0,0,0,0,0,1.0,1.0,1.0,0.0,0.0,0.0,3,0,0
3093,45,24,21,0,6,7,32,17,2,0,0,15,16,0,0,0,0,0,0,0,0,0,0,1.0,1.0,1.0,0.0,0.0,0.0,3,0,0
3094,45,24,21,0,6,7,32,17,2,0,0,15,16,0,0,0,0,0,0,0,0,0,0,1.0,1.0,1.0,0.0,0.0,0.0,3,0,0
3095,45,24,21,0,6,7,32,17,2,0,0,15,16,0,0,0,0,0,0,0,0,0,0,1.0,1.0,1.0,0.0,0.0,0.0,3,0,0
3096,45,24,21,0,6,7,32,17,2,0,0,15,16,0,0,0,0,0,0,0,0,0,0,1.0,1.0,1.0,0.0,0.0,0.0,3,0,0
3097,45,24,21,0,6,7,32,17,2,0,0,15,16,0,0,0,0,0,0,0,0,0,0,1.0,1.0,1.0,0.0,0.0,0.0,3,0,0
3098,45,24,21,0,6,7,32,17,2,0,0,15,16,0,0,0,0,0,0,0,0,0,0,1.0,1.0,1.0,0.0,0.0,0.0,3,0,0
3099,45,24,21,0,6,7,32,17,2,0,0,15,16,0,0,0,0,0,0,0,0,0,0,1.0,1.0,1.0,0.0,0.0,0.0,3,0,0
3100,45,24,21,0,6,7,32,17,2,0,0,15,16,0,0,0,0,0,0,0,0,0,0,1.0,1.0,1.0,0.0,0.0,0.0,3,0,0
3101,45,24,21,0,6,7,32,17,2,0,0,15,16,0,0,0,0,0,0,0,0,0,0,1.0,1.0,1.0,0.0,0.0,0.0,3,0,0
3102,45,24,21,0,6,7,32,17,2,0,0,15,16,0,0,0,0,0,0,0,0,0,0,1.0,1.0,1.0,0.0,0.0,0.0,3,0,0
3103,45,24,21,0,6,7,32,17,2,0,0,15,16,0,0,0,0,0,0,0,0,0,0,1.0,1.0,1.0,0.0,0.0,0.0,3,0,0
3104,45,24,21,0,6,7,32,17,2,0,0,15,16,0,0,0,0,0,0,0,0,0,0,1.0,1.0,1.0,0.0,0.0,0.0,3,0,0
3105,45,24,21,0,6,7,32,17,2,0,0,16,16,1,0,0,0,0,0,0,0,0,0,1.0,1.0,1.0,0.0,0.0,0.0,3,0,0
3106,45,24,21,0,6,7,32,17,2,0,0,17,16,1,0,0,0,0,0,0,0,0,0,1.0,1.0,1.0,0.0,0.0,0.0,3,0,0
3107,45,24,21,0,6,7,32,17,2,0,0,17,16,0,0,0,0,0,0,0,0,0,0,1.0,1.0,1.0,0.0,0.0,0.0,3,0,0
3108,45,24,21,0,6,7,32,17,2,0,0,17,17,0,1,0,0,0,0,0,0,0,0,1.0,1.0,1.0,0.0,0.0,0.0,3,0,0
3109,45,24,21,0,6,7,32,17,2,0,0,17,17,0,0,0,0,0,0,0,0,0,0,1.0,1.0,1.0,0.0,0.0,0.0,3,0,0
3110,45,24,21,0,6,7,32,17,2,0,0,17,17,0,0,0,0,0,0,0,0,0,0,1.0,1.0,1.0,0.0,0.0,0.0,3,0,0
3111,45,24,21,0,6,7,32,17,2,0,0,17,17,0,0,0,0,0,0,0,0,0,0,1.0,1.0,1.0,0.0,0.0,0.0,3,0,0
3112,45,24,21,0,6,7,32,17,2,0,0,17,17,0,0,0,0,0,0,0,0,0,0,1.0,1.0,1.0,0.0,0.0,0.0,3,0,0
3113,45,24,21,0,6,7,32,17,2,0,0,17,17,0,0,0,0,0,0,0,0,0,0,1.0,1.0,1.0,0.0,0.0,0.0,3,0,0
3114,45,24,21,0,6,7,32,17,2,0,0,17,17,0,0,0,0,0,0,0,0,0,0,1.0,1.0,1.0,0.0,0.0,0.0,3,0,0
3115,45,24,21,0,6,7,32,17,2,0,0,17,17,0,0,0,0,0,0,0,0,0,0,1.0,1.0,1.0,0.0,0.0,0.0,3,0,0
3116,45,24,21,0,6,7,32,17,2,0,0,17,17,0,0,0,0,0,0,0,0,0,0,1.0,1.0,1.0,0.0,0.0,0.0,3,0,0
3117,44,23,21,0,5,7,32,17,2,0,0,17,17,0,0,0,0,0,0,0,1,0,1,0.8333333333333334,1.0,1.0,0.0,0.0,0.0,3,0,1
3118,44,23,21,0,5,7,32,17,2,0,0,17,17,0,0,0,0,0,0,0,0,0,0,1.0,1.0,1.0,0.0,0.0,0.0,3,0,0
3119,44,23,21,0,5,7,32,17,2,0,0,17,17,0,0,0,0,0,0,0,0,0,0,1.0,1.0,1.0,0.0,0.0,0.0,3,0,0
3120,44,23,21,0,5,7,32,17,2,0,0,17,17,0,0,0,0,0,0,0,0,0,0,1.0,1.0,1.0,0.0,0.0,0.0,3,0,0
3121,48,25,23,4,5,7,32,17,1,0,1,17,17,0,0,0,0,0,0,1,0,0,0,1.0,1.0,1.0,0.09090909090909091,0.09090909090909091,0.0,3,4,0
3122,48,25,23,4,5,7,32,17,1,0,1,17,17,0,0,0,0,0,0,0,0,0,0,1.0,1.0,1.0,0.0,0.0,0.0,3,0,0
3123,51,26,25,7,5,7,32,17,0,0,2,17,17,0,0,0,0,0,0,1,0,0,0,1.0,1.0,1.0,0.0625,0.0625,0.0,3,3,0
3124,51,26,25,7,5,7,32,17,0,0,2,17,17,0,0,0,0,0,0,0,0,0,0,1.0,1.0,1.0,0.0,0.0,0.0,3,0,0
3125,51,26,25,7,5,7,32,17,0,0,2,17,17,0,0,0,0,0,0,0,0,0,0,1.0,1.0,1.0,0.0,0.0,0.0,3,0,0
3126,51,26,25,7,5,7,32,17,0,0,2,17,17,0,0,0,0,0,0,0,0,0,0,1.0,1.0,1.0,0.0,0.0,0.0,3,0,0
3127,51,26,25,7,5,7,32,17,0,0,2,17,17,0,0,0,0,0,0,0,0,0,0,1.0,1.0,1.0,0.0,0.0,0.0,3,0,0
3128,51,26,25,7,5,7,32,17,0,0,2,17,17,0,0,0,0,0,0,0,0,0,0,1.0,1.0,1.0,0.0,0.0,0.0,3,0,0
3129,51,26,25,7,5,7,32,17,0,0,2,17,17,0,0,0,0,0,0,0,0,0,0,1.0,1.0,1.0,0.0,0.0,0.0,3,0,0
3130,50,26,24,7,5,7,31,16,0,0,2,17,16,0,0,0,0,0,0,0,0,0,0,1.0,1.0,0.9411764705882353,0.0,0.0,0.0,3,0,1
3131,50,26,24,7,5,7,31,16,0,0,2,17,16,0,0,0,0,0,0,0,0,0,0,1.0,1.0,1.0,0.0,0.0,0.0,3,0,0
3132,50,26,24,7,5,7,31,16,0,0,2,17,16,0,0,0,0,0,0,0,0,0,0,1.0,1.0,1.0,0.0,0.0,0.0,3,0,0
3133,50,26,24,7,5,7,31,16,0,0,2,17,16,0,0,0,0,0,0,0,0,0,0,1.0,1.0,1.0,0.0,0.0,0.0,3,0,0
3134,49,26,23,7,4,7,31,16,0,0,2,17,16,0,0,0,0,0,0,0,1,0,1,0.9166666666666666,1.0,1.0,0.0,0.0,0.0,3,0,1
3135,49,26,23,7,4,7,31,16,0,0,2,17,16,0,0,0,0,0,0,0,0,0,0,1.0,1.0,1.0,0.0,0.0,0.0,3,0,0
3136,49,26,23,7,4,7,31,16,0,0,2,17,16,0,0,0,0,0,0,0,0,0,0,1.0,1.0,1.0,0.0,0.0,0.0,3,0,0
3137,49,26,23,7,4,7,31,16,0,0,2,17,16,0,0,0,0,0,0,0,0,0,0,1.0,1.0,1.0,0.0,0.0,0.0,3,0,0
3138,49,26,23,7,4,7,31,16,0,0,2,17,16,0,0,0,0,0,0,0,0,0,0,1.0,1.0,1.0,0.0,0.0,0.0,3,0,0
3139,49,26,23,7,4,7,31,16,0,0,2,17,16,0,0,0,0,0,0,0,0,0,0,1.0,1.0,1.0,0.0,0.0,0.0,3,0,0
3140,49,26,23,7,4,7,31,16,0,0,2,17,16,0,0,0,0,0,0,0,0,0,0,1.0,1.0,1.0,0.0,0.0,0.0,3,0,0
3141,49,26,23,7,4,7,31,16,0,0,2,17,16,0,0,0,0,0,0,0,0,0,0,1.0,1.0,1.0,0.0,0.0,0.0,3,0,0
3142,49,26,23,7,4,7,31,16,0,0,2,17,16,0,0,0,0,0,0,0,0,0,0,1.0,1.0,1.0,0.0,0.0,0.0,3,0,0
3143,49,26,23,7,4,7,31,16,0,0,2,17,16,0,0,0,0,0,0,0,0,0,0,1.0,1.0,1.0,0.0,0.0,0.0,3,0,0
3144,49,26,23,7,4,7,31,16,0,0,2,17,16,0,0,0,0,0,0,0,0,0,0,1.0,1.0,1.0,0.0,0.0,0.0,3,0,0
3145,49,26,23,7,4,7,31,16,0,0,2,17,16,0,0,0,0,0,0,0,0,0,0,1.0,1.0,1.0,0.0,0.0,0.0,3,0,0
3146,49,26,23,7,4,7,31,16,0,0,2,17,16,0,0,0,0,0,0,0,0,0,0,1.0,1.0,1.0,0.0,0.0,0.0,3,0,0
3147,49,26,23,7,4,7,31,16,0,0,2,17,16,0,0,0,0,0,0,0,0,0,0,1.0,1.0,1.0,0.0,0.0,0.0,3,0,0
3148,49,26,23,7,4,7,31,16,0,0,2,17,16,0,0,0,0,0,0,0,0,0,0,1.0,1.0,1.0,0.0,0.0,0.0,3,0,0
3149,49,26,23,7,4,7,31,16,0,0,2,17,16,0,0,0,0,0,0,0,0,0,0,1.0,1.0,1.0,0.0,0.0,0.0,3,0,0
3150,49,26,23,7,4,7,31,16,0,0,2,17,16,0,0,0,0,0,0,0,0,0,0,1.0,1.0,1.0,0.0,0.0,0.0,3,0,0
3151,49,26,23,7,4,7,31,16,0,0,2,17,16,0,0,0,0,0,0,0,0,0,0,1.0,1.0,1.0,0.0,0.0,0.0,3,0,0
3152,49,26,23,7,4,7,31,16,0,0,2,17,16,0,0,0,0,0,0,0,0,0,0,1.0,1.0,1.0,0.0,0.0,0.0,3,0,0
3153,49,26,23,7,4,7,31,16,0,0,2,17,16,0,0,0,0,0,0,0,0,0,0,1.0,1.0,1.0,0.0,0.0,0.0,3,0,0
3154,49,26,23,7,4,7,31,16,0,0,2,17,16,0,0,0,0,0,0,0,0,0,0,1.0,1.0,1.0,0.0,0.0,0.0,3,0,0
3155,49,26,23,7,4,7,31,16,0,0,2,17,16,0,0,0,0,0,0,0,0,0,0,1.0,1.0,1.0,0.0,0.0,0.0,3,0,0
3156,48,25,23,7,4,6,31,16,0,0,2,17,16,0,0,0,0,0,0,0,0,0,0,1.0,1.0,1.0,0.0,0.0,0.0,3,0,1
3157,48,25,23,7,4,6,31,16,0,0,2,17,16,0,0,0,0,0,0,0,0,0,0,1.0,1.0,1.0,0.0,0.0,0.0,3,0,0
3158,47,25,22,6,4,6,31,16,0,0,2,17,16,0,0,0,0,0,0,0,1,0,1,0.9090909090909091,1.0,1.0,0.0,0.0,0.0,3,0,1
3159,47,25,22,6,4,6,31,16,0,0,2,17,16,0,0,0,0,0,0,0,0,0,0,1.0,1.0,1.0,0.0,0.0,0.0,3,0,0
3160,47,25,22,6,4,6,31,16,0,0,2,17,16,0,0,0,0,0,0,0,0,0,0,1.0,1.0,1.0,0.0,0.0,0.0,3,0,0
3161,47,25,22,6,4,6,31,16,0,0,2,17,16,0,0,0,0,0,0,0,0,0,0,1.0,1.0,1.0,0.0,0.0,0.0,3,0,0
3162,47,25,22,6,4,6,31,16,0,0,2,17,16,0,0,0,0,0,0,0,0,0,0,1.0,1.0,1.0,0.0,0.0,0.0,3,0,0
3163,47,25,22,6,4,5,32,17,0,0,2,17,16,0,0,0,0,0,0,0,0,0,0,1.0,1.0,1.0,0.0,0.0,0.0,3,0,0
3164,47,25,22,2,8,5,32,17,0,0,2,17,16,0,0,0,0,0,0,0,0,0,0,1.0,1.0,1.0,0.0,0.0,0.0,3,0,0
3165,47,25,22,2,8,5,32,17,0,0,2,17,16,0,0,0,0,0,0,0,0,0,0,1.0,1.0,1.0,0.0,0.0,0.0,3,0,0
3166,46,24,22,0,9,5,32,17,0,0,1,17,16,0,0,0,0,0,0,0,1,0,1,0.9,1.0,1.0,0.0,0.0,0.0,3,0,1
3167,45,23,22,0,8,5,32,17,0,0,1,17,16,0,0,0,0,0,0,0,1,0,1,0.8888888888888888,1.0,1.0,0.0,0.0,0.0,3,0,1
3168,45,23,22,0,8,5,32,17,0,0,0,17,16,0,0,0,0,0,0,0,0,0,0,1.0,1.0,1.0,0.0,0.0,0.0,3,0,0
3169,45,23,22,0,8,5,32,17,1,0,0,17,16,0,0,0,5,1,0,0,0,0,0,1.0,1.0,1.0,0.0,0.0,0.2,3,0,0
3170,44,22,22,0,7,5,32,17,1,0,0,17,16,0,0,0,0,0,0,0,1,0,1,0.875,1.0,1.0,0.0,0.0,0.0,3,0,1
3171,44,22,22,0,7,5,32,17,2,0,0,17,16,0,0,0,7,1,0,0,0,0,0,1.0,1.0,1.0,0.0,0.0,0.14285714285714285,3,0,0
3172,44,22,22,0,7,5,32,17,2,0,0,17,16,0,0,0,0,0,0,0,0,0,0,1.0,1.0,1.0,0.0,0.0,0.0,3,0,0
3173,44,22,22,0,7,4,33,17,2,0,0,17,16,0,0,0,0,0,0,0,0,0,0,1.0,1.0,1.0,0.0,0.0,0.0,3,0,0
3174,44,22,22,0,7,4,33,17,2,0,0,17,16,0,0,0,0,0,0,0,0,0,0,1.0,1.0,1.0,0.0,0.0,0.0,3,0,0
3175,44,22,22,0,7,4,33,17,2,0,0,17,16,0,0,0,0,0,0,0,0,0,0,1.0,1.0,1.0,0.0,0.0,0.0,3,0,0
3176,44,22,22,0,7,4,33,17,2,0,0,17,16,0,0,0,0,0,0,0,0,0,0,1.0,1.0,1.0,0.0,0.0,0.0,3,0,0
3177,44,22,22,0,7,4,33,17,2,0,0,17,16,0,0,0,0,0,0,0,0,0,0,1.0,1.0,1.0,0.0,0.0,0.0,3,0,0
3178,44,22,22,0,7,4,33,17,2,0,0,17,16,0,0,0,0,0,0,0,0,0,0,1.0,1.0,1.0,0.0,0.0,0.0,3,0,0
3179,44,22,22,0,7,4,33,17,2,0,0,17,16,0,0,0,0,0,0,0,0,0,0,1.0,1.0,1.0,0.0,0.0,0.0,3,0,0
3180,44,22,22,0,7,4,33,17,2,0,0,17,16,0,0,0,0,0,0,0,0,0,0,1.0,1.0,1.0,0.0,0.0,0.0,3,0,0
3181,44,22,22,0,7,4,33,17,2,0,0,17,16,0,0,0,0,0,0,0,0,0,0,1.0,1.0,1.0,0.0,0.0,0.0,3,0,0
3182,44,22,22,0,7,4,33,17,2,0,0,17,16,0,0,0,0,0,0,0,0,0,0,1.0,1.0,1.0,0.0,0.0,0.0,3,0,0
3183,43,22,21,0,6,4,33,17,2,0,0,17,16,0,0,0,0,0,0,0,1,0,1,0.8571428571428572,1.0,1.0,0.0,0.0,0.0,3,0,1
3184,43,22,21,0,6,4,33,17,2,0,0,17,16,0,0,0,0,0,0,0,0,0,0,1.0,1.0,1.0,0.0,0.0,0.0,3,0,0
3185,43,22,21,0,6,4,33,17,2,0,0,17,16,0,0,0,0,0,0,0,0,0,0,1.0,1.0,1.0,0.0,0.0,0.0,3,0,0
3186,43,22,21,0,6,4,33,17,2,0,0,17,16,0,0,0,0,0,0,0,0,0,0,1.0,1.0,1.0,0.0,0.0,0.0,3,0,0
3187,43,22,21,0,6,4,33,17,2,0,0,17,16,0,0,0,0,0,0,0,0,0,0,1.0,1.0,1.0,0.0,0.0,0.0,3,0,0
3188,43,22,21,0,6,3,34,18,3,0,0,17,16,0,0,0,1,1,0,0,0,0,0,1.0,1.0,1.0,0.0,0.0,1.0,3,0,0
3189,43,22,21,0,6,3,34,18,3,0,0,17,16,0,0,0,0,0,0,0,0,0,0,1.0,1.0,1.0,0.0,0.0,0.0,3,0,0
3190,43,22,21,0,6,3,34,18,3,0,0,17,16,0,0,0,0,0,0,0,0,0,0,1.0,1.0,1.0,0.0,0.0,0.0,3,0,0
3191,42,22,20,0,6,3,33,17,3,0,0,17,15,0,0,0,0,0,0,0,0,0,0,1.0,1.0,0.9444444444444444,0.0,0.0,0.0,3,0,1
3192,42,22,20,0,6,3,33,17,3,0,0,17,15,0,0,0,0,0,0,0,0,0,0,1.0,1.0,1.0,0.0,0.0,0.0,3,0,0
3193,42,22,20,0,6,1,35,17,3,0,0,17,15,0,0,0,0,0,0,0,0,0,0,1.0,1.0,1.0,0.0,0.0,0.0,3,0,0
3194,41,21,20,0,5,1,35,17,3,0,0,17,15,0,0,0,0,0,0,0,1,0,1,0.8333333333333334,1.0,1.0,0.0,0.0,0.0,3,0,1
3195,41,21,20,0,5,1,35,17,3,0,0,17,15,0,0,0,0,0,0,0,0,0,0,1.0,1.0,1.0,0.0,0.0,0.0,3,0,0
3196,41,21,20,0,5,1,35,17,3,0,0,17,15,0,0,0,0,0,0,0,0,3,0,1.0,1.0,1.0,0.0,0.0,0.0,3,0,0
3197,41,21,20,0,5,1,35,17,3,0,0,17,15,0,0,0,0,0,0,0,0,0,0,1.0,1.0,1.0,0.0,0.0,0.0,3,0,0
3198,41,21,20,0,5,1,35,17,3,0,0,18,15,1,0,0,0,0,0,0,0,0,0,1.0,1.0,1.0,0.0,0.0,0.0,3,0,0
3199,41,21,20,0,5,1,35,17,3,0,0,18,16,0,1,0,0,0,0,0,0,0,0,1.0,1.0,1.0,0.0,0.0,0.0,3,0,0
3200,41,21,20,0,2,4,35,17,3,0,0,18,16,0,0,0,0,0,0,0,0,0,0,1.0,1.0,1.0,0.0,0.0,0.0,3,0,0
3201,41,21,20,0,2,4,35,17,3,0,0,18,16,0,0,0,0,0,0,0,0,0,0,1.0,1.0,1.0,0.0,0.0,0.0,3,0,0
3202,41,21,20,0,2,4,35,17,3,0,0,18,16,0,0,0,0,0,0,0,0,0,0,1.0,1.0,1.0,0.0,0.0,0.0,3,0,0
3203,41,21,20,0,2,4,35,17,3,0,0,18,16,0,0,0,0,0,0,0,0,0,0,1.0,1.0,1.0,0.0,0.0,0.0,3,0,0
3204,41,21,20,0,2,4,35,17,3,0,0,18,16,0,0,0,0,0,0,0,0,0,0,1.0,1.0,1.0,0.0,0.0,0.0,3,0,0
3205,41,21,20,0,2,4,35,17,3,0,0,18,16,0,0,0,0,0,0,0,0,0,0,1.0,1.0,1.0,0.0,0.0,0.0,3,0,0
3206,41,21,20,0,2,4,35,17,3,0,0,18,16,0,0,0,0,0,0,0,0,0,0,1.0,1.0,1.0,0.0,0.0,0.0,3,0,0
3207,41,21,20,0,2,4,35,17,3,0,0,18,16,0,0,0,0,0,0,0,0,0,0,1.0,1.0,1.0,0.0,0.0,0.0,3,0,0
3208,40,21,19,0,2,4,34,16,3,0,0,18,15,0,0,0,0,0,0,0,0,0,0,1.0,1.0,0.9411764705882353,0.0,0.0,0.0,3,0,1
3209,40,21,19,0,2,4,34,16,3,0,0,18,15,0,0,0,0,0,0,0,0,0,0,1.0,1.0,1.0,0.0,0.0,0.0,3,0,0
3210,40,21,19,0,2,4,34,16,3,0,0,18,15,0,0,0,0,0,0,0,0,0,0,1.0,1.0,1.0,0.0,0.0,0.0,3,0,0
3211,40,21,19,0,2,4,34,16,3,0,0,18,15,0,0,0,0,0,0,0,0,0,0,1.0,1.0,1.0,0.0,0.0,0.0,3,0,0
3212,40,21,19,0,2,4,34,16,3,0,0,18,15,0,0,0,0,0,0,0,0,0,0,1.0,1.0,1.0,0.0,0.0,0.0,3,0,0
3213,40,21,19,0,2,4,34,16,3,0,0,18,15,0,0,0,0,0,0,0,0,0,0,1.0,1.0,1.0,0.0,0.0,0.0,3,0,0
3214,40,21,19,0,2,4,34,16,3,0,0,18,15,0,0,0,0,0,0,0,0,0,0,1.0,1.0,1.0,0.0,0.0,0.0,3,0,0
3215,40,21,19,0,2,4,34,16,3,0,0,18,15,0,0,0,0,0,0,0,0,0,0,1.0,1.0,1.0,0.0,0.0,0.0,3,0,0
3216,40,21,19,0,2,4,34,16,3,0,0,18,15,0,0,0,0,0,0,0,0,0,0,1.0,1.0,1.0,0.0,0.0,0.0,3,0,0
3217,40,21,19,0,2,4,34,16,3,0,0,18,15,0,0,0,0,0,0,0,0,0,0,1.0,1.0,1.0,0.0,0.0,0.0,3,0,0
3218,40,21,19,0,2,4,34,16,3,0,0,18,15,0,0,0,0,0,0,0,0,0,0,1.0,1.0,1.0,0.0,0.0,0.0,3,0,0
3219,40,21,19,0,2,4,34,16,3,0,0,18,15,0,0,0,0,0,0,0,0,0,0,1.0,1.0,1.0,0.0,0.0,0.0,3,0,0
3220,40,21,19,0,2,4,34,16,3,0,0,18,15,0,0,0,0,0,0,0,0,0,0,1.0,1.0,1.0,0.0,0.0,0.0,3,0,0
3221,40,21,19,0,2,4,34,16,3,0,0,18,15,0,0,0,0,0,0,0,0,0,0,1.0,1.0,1.0,0.0,0.0,0.0,3,0,0
3222,40,21,19,0,2,4,34,16,3,0,0,18,15,0,0,0,0,0,0,0,0,0,0,1.0,1.0,1.0,0.0,0.0,0.0,3,0,0
3223,40,21,19,0,2,4,34,16,3,0,0,18,15,0,0,0,0,0,0,0,0,0,0,1.0,1.0,1.0,0.0,0.0,0.0,3,0,0
3224,40,21,19,0,2,4,34,16,3,0,0,18,15,0,0,0,0,0,0,0,0,0,0,1.0,1.0,1.0,0.0,0.0,0.0,3,0,0
3225,39,20,19,0,2,4,33,16,3,0,0,17,15,0,0,0,0,0,0,0,0,0,0,1.0,0.9444444444444444,1.0,0.0,0.0,0.0,3,0,1
3226,39,20,19,0,2,4,33,16,3,0,0,17,15,0,0,0,0,0,0,0,0,0,0,1.0,1.0,1.0,0.0,0.0,0.0,3,0,0
3227,39,20,19,0,2,4,33,16,3,0,0,17,15,0,0,0,0,0,0,0,0,0,0,1.0,1.0,1.0,0.0,0.0,0.0,3,0,0
3228,39,20,19,0,2,4,33,16,3,0,0,17,15,0,0,0,0,0,0,0,0,0,0,1.0,1.0,1.0,0.0,0.0,0.0,3,0,0
3229,39,20,19,0,2,4,33,16,3,0,0,17,15,0,0,0,0,0,0,0,0,0,0,1.0,1.0,1.0,0.0,0.0,0.0,3,0,0
3230,39,20,19,0,2,4,33,16,3,0,0,17,15,0,0,0,0,0,0,0,0,0,0,1.0,1.0,1.0,0.0,0.0,0.0,3,0,0
3231,39,20,19,0,2,4,33,16,3,0,0,17,15,0,0,0,0,0,0,0,0,0,0,1.0,1.0,1.0,0.0,0.0,0.0,3,0,0
3232,39,20,19,0,2,4,33,16,3,0,0,17,15,0,0,0,0,0,0,0,0,0,0,1.0,1.0,1.0,0.0,0.0,0.0,3,0,0
3233,39,20,19,0,2,4,33,16,3,0,0,17,15,0,0,0,0,0,0,0,0,0,0,1.0,1.0,1.0,0.0,0.0,0.0,3,0,0
3234,43,20,23,4,2,4,33,16,2,0,1,17,15,0,0,0,0,0,0,1,0,0,0,1.0,1.0,1.0,0.10256410256410256,0.10256410256410256,0.0,3,4,0
3235,43,20,23,4,2,4,33,16,2,0,1,17,15,0,0,0,0,0,0,0,0,0,0,1.0,1.0,1.0,0.0,0.0,0.0,3,0,0
3236,47,22,25,8,2,4,33,16,1,0,2,17,15,0,0,0,0,0,0,1,0,0,0,1.0,1.0,1.0,0.09302325581395349,0.09302325581395349,0.0,3,4,0
3237,47,22,25,8,2,4,33,16,1,0,2,17,15,0,0,0,0,0,0,0,0,0,0,1.0,1.0,1.0,0.0,0.0,0.0,3,0,0
3238,47,22,25,8,2,4,33,16,1,0,2,17,15,0,0,0,0,0,0,0,0,0,0,1.0,1.0,1.0,0.0,0.0,0.0,3,0,0
3239,47,22,25,8,2,4,33,16,1,0,2,17,15,0,0,0,0,0,0,0,0,0,0,1.0,1.0,1.0,0.0,0.0,0.0,3,0,0
3240,47,22,25,8,2,4,33,16,1,0,2,17,15,0,0,0,0,0,0,0,0,0,0,1.0,1.0,1.0,0.0,0.0,0.0,3,0,0
3241,47,22,25,8,2,4,33,16,1,0,2,17,15,0,0,0,0,0,0,0,0,0,0,1.0,1.0,1.0,0.0,0.0,0.0,3,0,0
3242,47,22,25,8,2,4,33,16,1,0,2,17,15,0,0,0,0,0,0,0,0,0,0,1.0,1.0,1.0,0.0,0.0,0.0,3,0,0
3243,46,22,24,7,2,4,33,16,1,0,2,17,15,0,0,0,0,0,0,0,1,0,1,0.9,1.0,1.0,0.0,0.0,0.0,3,0,1
3244,46,22,24,7,2,4,33,16,1,0,2,17,15,0,0,0,0,0,0,0,0,0,0,1.0,1.0,1.0,0.0,0.0,0.0,3,0,0
3245,45,22,23,7,1,4,33,16,1,0,2,17,15,0,0,0,0,0,0,0,1,0,1,0.8888888888888888,1.0,1.0,0.0,0.0,0.0,3,0,1
3246,45,22,23,7,1,3,34,17,1,0,2,17,15,0,0,0,0,0,0,0,0,0,0,1.0,1.0,1.0,0.0,0.0,0.0,3,0,0
3247,45,22,23,7,1,3,34,17,1,0,2,17,15,0,0,0,0,0,0,0,0,0,0,1.0,1.0,1.0,0.0,0.0,0.0,3,0,0
3248,45,22,23,7,1,3,34,17,1,0,2,17,15,0,0,0,0,0,0,0,0,0,0,1.0,1.0,1.0,0.0,0.0,0.0,3,0,0
3249,45,22,23,7,1,3,34,17,1,0,2,17,15,0,0,0,0,0,0,0,0,0,0,1.0,1.0,1.0,0.0,0.0,0.0,3,0,0
3250,45,22,23,7,1,3,34,17,1,0,2,17,15,0,0,0,0,0,0,0,0,0,0,1.0,1.0,1.0,0.0,0.0,0.0,3,0,0
3251,45,22,23,7,1,3,34,17,1,0,2,17,15,0,0,0,0,0,0,0,0,0,0,1.0,1.0,1.0,0.0,0.0,0.0,3,0,0
3252,45,22,23,7,1,3,34,17,1,0,2,17,15,0,0,0,0,0,0,0,0,0,0,1.0,1.0,1.0,0.0,0.0,0.0,3,0,0
3253,49,23,26,11,1,3,34,17,0,0,3,17,15,0,0,0,0,0,0,1,0,0,0,1.0,1.0,1.0,0.08888888888888889,0.08888888888888889,0.0,3,4,0
3254,49,23,26,11,1,3,34,17,0,0,3,17,15,0,0,0,0,0,0,0,0,0,0,1.0,1.0,1.0,0.0,0.0,0.0,3,0,0
3255,49,23,26,11,1,3,34,17,0,0,3,17,15,0,0,0,0,0,0,0,0,0,0,1.0,1.0,1.0,0.0,0.0,0.0,3,0,0
3256,49,23,26,11,1,3,34,17,0,0,3,17,15,0,0,0,0,0,0,0,0,0,0,1.0,1.0,1.0,0.0,0.0,0.0,3,0,0
3257,48,22,26,11,1,3,33,17,0,0,3,16,15,0,0,0,0,0,0,0,0,0,0,1.0,0.9411764705882353,1.0,0.0,0.0,0.0,3,0,1
3258,48,22,26,11,1,3,33,17,0,0,3,16,15,0,0,0,0,0,0,0,0,0,0,1.0,1.0,1.0,0.0,0.0,0.0,3,0,0
3259,48,22,26,11,1,3,33,17,0,0,3,16,15,0,0,0,0,0,0,0,0,0,0,1.0,1.0,1.0,0.0,0.0,0.0,3,0,0
3260,48,22,26,11,1,3,33,17,0,0,3,16,15,0,0,0,0,0,0,0,0,0,0,1.0,1.0,1.0,0.0,0.0,0.0,3,0,0
3261,48,22,26,11,1,3,33,17,0,0,3,16,15,0,0,0,0,0,0,0,0,0,0,1.0,1.0,1.0,0.0,0.0,0.0,3,0,0
3262,48,22,26,11,1,3,33,17,0,0,3,16,15,0,0,0,0,0,0,0,0,0,0,1.0,1.0,1.0,0.0,0.0,0.0,3,0,0
3263,48,22,26,11,1,3,33,17,0,0,3,16,15,0,0,0,0,0,0,0,0,0,0,1.0,1.0,1.0,0.0,0.0,0.0,3,0,0
3264,48,22,26,11,1,3,33,17,0,0,3,16,15,0,0,0,0,0,0,0,0,0,0,1.0,1.0,1.0,0.0,0.0,0.0,3,0,0
3265,47,22,25,11,1,3,32,16,0,0,3,16,14,0,0,0,0,0,0,0,0,0,0,1.0,1.0,0.9411764705882353,0.0,0.0,0.0,3,0,1
3266,47,22,25,11,1,3,32,16,0,0,3,16,14,0,0,0,0,0,0,0,0,0,0,1.0,1.0,1.0,0.0,0.0,0.0,3,0,0
3267,47,22,25,11,1,3,32,16,0,0,3,16,14,0,0,0,0,0,0,0,0,0,0,1.0,1.0,1.0,0.0,0.0,0.0,3,0,0
3268,47,22,25,11,1,3,32,16,0,0,3,16,14,0,0,0,0,0,0,0,0,0,0,1.0,1.0,1.0,0.0,0.0,0.0,3,0,0
3269,46,22,24,10,1,3,32,16,0,0,3,16,14,0,0,0,0,0,0,0,1,0,1,0.9166666666666666,1.0,1.0,0.0,0.0,0.0,3,0,1
3270,46,22,24,10,1,3,32,16,0,0,3,16,14,0,0,0,0,0,0,0,0,0,0,1.0,1.0,1.0,0.0,0.0,0.0,3,0,0
3271,46,22,24,10,1,3,32,16,0,0,3,16,14,0,0,0,0,0,0,0,0,0,0,1.0,1.0,1.0,0.0,0.0,0.0,3,0,0
3272,46,22,24,10,1,3,32,16,0,0,3,16,14,0,0,0,0,0,0,0,0,0,0,1.0,1.0,1.0,0.0,0.0,0.0,3,0,0
3273,46,22,24,10,1,3,32,16,0,0,3,16,14,0,0,0,0,0,0,0,0,0,0,1.0,1.0,1.0,0.0,0.0,0.0,3,0,0
3274,46,22,24,10,1,3,32,16,0,0,3,16,14,0,0,0,0,0,0,0,0,0,0,1.0,1.0,1.0,0.0,0.0,0.0,3,0,0
3275,46,22,24,10,1,3,32,16,0,0,3,16,14,0,0,0,0,0,0,0,0,0,0,1.0,1.0,1.0,0.0,0.0,0.0,3,0,0
3276,46,22,24,10,1,3,32,16,0,0,3,16,14,0,0,0,0,0,0,0,0,0,0,1.0,1.0,1.0,0.0,0.0,0.0,3,0,0
3277,46,22,24,7,4,3,32,16,0,0,3,16,14,0,0,0,0,0,0,0,0,0,0,1.0,1.0,1.0,0.0,0.0,0.0,3,0,0
3278,46,22,24,7,4,3,32,16,0,0,3,16,14,0,0,0,0,0,0,0,0,0,0,1.0,1.0,1.0,0.0,0.0,0.0,3,0,0
3279,46,22,24,4,7,3,32,16,0,0,2,16,14,0,0,0,0,0,0,0,0,0,0,1.0,1.0,1.0,0.0,0.0,0.0,3,0,0
3280,46,22,24,4,7,3,32,16,0,0,2,16,14,0,0,0,0,0,0,0,0,0,0,1.0,1.0,1.0,0.0,0.0,0.0,3,0,0
3281,46,22,24,4,7,3,32,16,0,0,1,16,14,0,0,0,0,0,0,0,0,0,0,1.0,1.0,1.0,0.0,0.0,0.0,3,0,0
3282,46,22,24,4,7,3,32,16,0,0,1,16,14,0,0,0,0,0,0,0,0,0,0,1.0,1.0,1.0,0.0,0.0,0.0,3,0,0
3283,46,22,24,4,7,3,32,16,0,0,1,16,14,0,0,0,0,0,0,0,0,0,0,1.0,1.0,1.0,0.0,0.0,0.0,3,0,0
3284,46,22,24,4,7,3,32,16,0,0,1,16,14,0,0,0,0,0,0,0,0,0,0,1.0,1.0,1.0,0.0,0.0,0.0,3,0,0
3285,45,21,24,4,7,3,31,16,0,0,1,15,14,0,0,0,0,0,0,0,0,0,0,1.0,0.9375,1.0,0.0,0.0,0.0,3,0,1
3286,45,21,24,4,7,3,31,16,0,0,1,15,14,0,0,0,0,0,0,0,0,0,0,1.0,1.0,1.0,0.0,0.0,0.0,3,0,0
3287,45,21,24,4,7,3,31,16,0,0,1,15,14,0,0,0,0,0,0,0,0,0,0,1.0,1.0,1.0,0.0,0.0,0.0,3,0,0
3288,45,21,24,4,7,3,31,16,0,0,1,15,14,0,0,0,0,0,0,0,0,0,0,1.0,1.0,1.0,0.0,0.0,0.0,3,0,0
3289,45,21,24,4,7,3,31,16,0,0,1,15,15,0,1,0,0,0,0,0,0,0,0,1.0,1.0,1.0,0.0,0.0,0.0,3,0,0
3290,45,21,24,4,7,3,31,16,0,0,1,15,15,0,0,0,0,0,0,0,0,0,0,1.0,1.0,1.0,0.0,0.0,0.0,3,0,0
3291,44,21,23,3,7,3,31,16,0,0,1,15,15,0,0,0,0,0,0,0,1,0,1,0.9090909090909091,1.0,1.0,0.0,0.0,0.0,3,0,1
3292,44,21,23,3,7,3,31,16,0,0,1,15,15,0,0,0,0,0,0,0,0,0,0,1.0,1.0,1.0,0.0,0.0,0.0,3,0,0
3293,44,21,23,3,7,3,31,16,0,0,1,15,15,0,0,0,0,0,0,0,0,0,0,1.0,1.0,1.0,0.0,0.0,0.0,3,0,0
3294,44,21,23,3,7,3,31,16,0,0,1,15,15,0,0,0,0,0,0,0,0,0,0,1.0,1.0,1.0,0.0,0.0,0.0,3,0,0
3295,44,21,23,3,7,3,31,16,0,0,1,15,15,0,0,0,0,0,0,0,0,0,0,1.0,1.0,1.0,0.0,0.0,0.0,3,0,0
3296,44,21,23,0,10,3,31,16,0,0,1,15,15,0,0,0,0,0,0,0,0,0,0,1.0,1.0,1.0,0.0,0.0,0.0,3,0,0
3297,44,21,23,0,10,3,31,16,0,0,1,15,15,0,0,0,0,0,0,0,0,0,0,1.0,1.0,1.0,0.0,0.0,0.0,3,0,0
3298,44,21,23,0,10,3,31,16,0,0,0,15,15,0,0,0,0,0,0,0,0,0,0,1.0,1.0,1.0,0.0,0.0,0.0,3,0,0
3299,44,21,23,0,10,3,31,16,0,0,0,15,15,0,0,0,0,0,0,0,0,0,0,1.0,1.0,1.0,0.0,0.0,0.0,3,0,0
3300,44,21,23,0,10,3,31,16,0,0,0,15,15,0,0,0,0,0,0,0,0,0,0,1.0,1.0,1.0,0.0,0.0,0.0,3,0,0
3301,44,21,23,0,10,3,31,16,0,0,0,15,15,0,0,0,0,0,0,0,0,0,0,1.0,1.0,1.0,0.0,0.0,0.0,3,0,0
3302,44,21,23,0,10,3,31,16,0,0,0,15,15,0,0,0,0,0,0,0,0,0,0,1.0,1.0,1.0,0.0,0.0,0.0,3,0,0
3303,44,21,23,0,10,3,31,16,0,0,0,15,15,0,0,0,0,0,0,0,0,1,0,1.0,1.0,1.0,0.0,0.0,0.0,3,0,0
3304,43,21,22,0,9,3,31,16,0,0,0,15,15,0,0,0,0,0,0,0,1,0,1,0.9,1.0,1.0,0.0,0.0,0.0,3,0,1
3305,43,21,22,0,9,3,31,16,0,0,0,15,15,0,0,0,0,0,0,0,0,0,0,1.0,1.0,1.0,0.0,0.0,0.0,3,0,0
3306,43,21,22,0,9,3,31,16,0,0,0,15,15,0,0,0,0,0,0,0,0,0,0,1.0,1.0,1.0,0.0,0.0,0.0,3,0,0
3307,43,21,22,0,8,4,31,16,0,0,0,15,15,0,0,0,0,0,0,0,0,0,0,1.0,1.0,1.0,0.0,0.0,0.0,3,0,0
3308,43,21,22,0,8,4,31,16,0,0,0,15,15,0,0,0,0,0,0,0,0,0,0,1.0,1.0,1.0,0.0,0.0,0.0,3,0,0
3309,43,21,22,0,8,4,31,16,0,0,0,15,15,0,0,0,0,0,0,0,0,0,0,1.0,1.0,1.0,0.0,0.0,0.0,3,0,0
3310,43,21,22,0,8,4,31,16,0,0,0,15,15,0,0,0,0,0,0,0,0,0,0,1.0,1.0,1.0,0.0,0.0,0.0,3,0,0
3311,43,21,22,0,8,4,31,16,0,0,0,15,15,0,0,0,0,0,0,0,0,0,0,1.0,1.0,1.0,0.0,0.0,0.0,3,0,0
3312,43,21,22,0,8,4,31,16,0,0,0,15,15,0,0,0,0,0,0,0,0,0,0,1.0,1.0,1.0,0.0,0.0,0.0,3,0,0
3313,43,21,22,0,8,4,31,16,0,0,0,15,15,0,0,0,0,0,0,0,0,0,0,1.0,1.0,1.0,0.0,0.0,0.0,3,0,0
3314,43,21,22,0,8,4,31,16,0,0,0,15,15,0,0,0,0,0,0,0,0,0,0,1.0,1.0,1.0,0.0,0.0,0.0,3,0,0
3315,43,21,22,0,8,4,31,16,0,1,0,15,15,0,0,0,2,0,1,0,0,0,0,1.0,1.0,1.0,0.0,0.0,0.0,3,0,0
3316,43,21,22,0,8,4,31,16,0,1,0,15,15,0,0,0,0,0,0,0,0,0,0,1.0,1.0,1.0,0.0,0.0,0.0,3,0,0
3317,43,21,22,0,8,4,31,16,0,1,0,15,15,0,0,0,0,0,0,0,0,0,0,1.0,1.0,1.0,0.0,0.0,0.0,3,0,0
3318,43,21,22,0,8,4,31,16,0,1,0,15,15,0,0,0,0,0,0,0,0,0,0,1.0,1.0,1.0,0.0,0.0,0.0,3,0,0
3319,43,21,22,0,8,4,31,16,0,1,0,15,15,0,0,0,0,0,0,0,0,0,0,1.0,1.0,1.0,0.0,0.0,0.0,3,0,0
3320,43,21,22,0,8,4,31,16,0,1,0,15,15,0,0,0,0,0,0,0,0,0,0,1.0,1.0,1.0,0.0,0.0,0.0,3,0,0
3321,43,21,22,0,8,4,31,16,0,1,0,15,15,0,0,0,0,0,0,0,0,0,0,1.0,1.0,1.0,0.0,0.0,0.0,3,0,0
3322,43,21,22,0,8,4,31,16,0,1,0,15,15,0,0,0,0,0,0,0,0,0,0,1.0,1.0,1.0,0.0,0.0,0.0,3,0,0
3323,43,21,22,0,8,4,31,16,0,1,0,15,15,0,0,0,0,0,0,0,0,0,0,1.0,1.0,1.0,0.0,0.0,0.0,3,0,0
3324,43,21,22,0,8,4,31,16,0,1,0,15,15,0,0,0,0,0,0,0,0,0,0,1.0,1.0,1.0,0.0,0.0,0.0,3,0,0
3325,43,21,22,0,8,4,31,16,0,1,0,15,15,0,0,0,0,0,0,0,0,0,0,1.0,1.0,1.0,0.0,0.0,0.0,3,0,0
3326,43,21,22,0,8,4,31,16,0,1,0,15,15,0,0,0,0,0,0,0,0,0,0,1.0,1.0,1.0,0.0,0.0,0.0,3,0,0
3327,43,21,22,0,8,4,31,16,0,1,0,15,15,0,0,0,0,0,0,0,0,0,0,1.0,1.0,1.0,0.0,0.0,0.0,3,0,0
3328,43,21,22,0,8,4,31,16,0,1,0,15,15,0,0,0,0,0,0,0,0,0,0,1.0,1.0,1.0,0.0,0.0,0.0,3,0,0
3329,43,21,22,0,8,4,31,16,0,1,0,15,15,0,0,0,0,0,0,0,0,0,0,1.0,1.0,1.0,0.0,0.0,0.0,3,0,0
3330,43,21,22,0,8,4,31,16,0,1,0,15,15,0,0,0,0,0,0,0,0,0,0,1.0,1.0,1.0,0.0,0.0,0.0,3,0,0
3331,43,21,22,0,8,4,31,16,0,1,0,15,15,0,0,0,0,0,0,0,0,0,0,1.0,1.0,1.0,0.0,0.0,0.0,3,0,0
3332,43,21,22,0,8,4,31,16,0,1,0,15,15,0,0,0,0,0,0,0,0,0,0,1.0,1.0,1.0,0.0,0.0,0.0,3,0,0
3333,43,21,22,0,8,4,31,16,0,1,0,15,15,0,0,0,0,0,0,0,0,0,0,1.0,1.0,1.0,0.0,0.0,0.0,3,0,0
3334,43,21,22,0,8,4,31,16,0,1,0,15,15,0,0,0,0,0,0,0,0,0,0,1.0,1.0,1.0,0.0,0.0,0.0,3,0,0
3335,43,21,22,0,8,1,34,16,0,1,0,15,15,0,0,0,0,0,0,0,0,0,0,1.0,1.0,1.0,0.0,0.0,0.0,3,0,0
3336,43,21,22,0,8,1,34,16,0,1,0,15,15,0,0,0,0,0,0,0,0,0,0,1.0,1.0,1.0,0.0,0.0,0.0,3,0,0
3337,43,21,22,0,8,1,34,16,0,1,0,15,15,0,0,0,0,0,0,0,0,0,0,1.0,1.0,1.0,0.0,0.0,0.0,3,0,0
3338,43,21,22,0,8,1,34,16,0,1,0,15,15,0,0,0,0,0,0,0,0,0,0,1.0,1.0,1.0,0.0,0.0,0.0,3,0,0
3339,43,21,22,0,8,1,34,16,0,1,0,15,15,0,0,0,0,0,0,0,0,0,0,1.0,1.0,1.0,0.0,0.0,0.0,3,0,0
3340,43,21,22,0,8,1,34,16,0,1,0,15,15,0,0,0,0,0,0,0,0,0,0,1.0,1.0,1.0,0.0,0.0,0.0,3,0,0
3341,43,21,22,0,8,1,34,16,0,1,0,15,15,0,0,0,0,0,0,0,0,0,0,1.0,1.0,1.0,0.0,0.0,0.0,3,0,0
3342,43,21,22,0,8,1,34,16,0,1,0,15,15,0,0,0,0,0,0,0,0,0,0,1.0,1.0,1.0,0.0,0.0,0.0,3,0,0
3343,43,21,22,0,8,1,34,16,0,1,0,15,15,0,0,0,0,0,0,0,0,0,0,1.0,1.0,1.0,0.0,0.0,0.0,3,0,0
3344,43,21,22,0,8,1,34,16,0,1,0,15,15,0,0,0,0,0,0,0,0,0,0,1.0,1.0,1.0,0.0,0.0,0.0,3,0,0
3345,43,21,22,0,8,1,34,16,0,1,0,15,15,0,0,0,0,0,0,0,0,0,0,1.0,1.0,1.0,0.0,0.0,0.0,3,0,0
3346,43,21,22,0,8,1,34,16,0,1,0,15,15,0,0,0,0,0,0,0,0,0,0,1.0,1.0,1.0,0.0,0.0,0.0,3,0,0
3347,43,21,22,0,8,1,34,16,0,1,0,15,15,0,0,0,0,0,0,0,0,0,0,1.0,1.0,1.0,0.0,0.0,0.0,3,0,0
3348,43,21,22,0,8,1,34,16,0,1,0,15,15,0,0,0,0,0,0,0,0,0,0,1.0,1.0,1.0,0.0,0.0,0.0,3,0,0
3349,43,21,22,0,8,1,34,16,0,1,0,15,15,0,0,0,0,0,0,0,0,0,0,1.0,1.0,1.0,0.0,0.0,0.0,3,0,0
3350,43,21,22,0,8,1,34,16,0,1,0,15,15,0,0,0,0,0,0,0,0,0,0,1.0,1.0,1.0,0.0,0.0,0.0,3,0,0
3351,43,21,22,0,8,1,34,16,0,1,0,15,15,0,0,0,0,0,0,0,0,0,0,1.0,1.0,1.0,0.0,0.0,0.0,3,0,0
3352,43,21,22,0,8,1,34,16,0,1,0,15,15,0,0,0,0,0,0,0,0,0,0,1.0,1.0,1.0,0.0,0.0,0.0,3,0,0
3353,43,21,22,0,8,1,34,16,0,1,0,15,15,0,0,0,0,0,0,0,0,0,0,1.0,1.0,1.0,0.0,0.0,0.0,3,0,0
3354,43,21,22,0,8,1,34,16,0,1,0,15,15,0,0,0,0,0,0,0,0,0,0,1.0,1.0,1.0,0.0,0.0,0.0,3,0,0
3355,43,21,22,0,8,1,34,16,0,1,0,15,15,0,0,0,0,0,0,0,0,0,0,1.0,1.0,1.0,0.0,0.0,0.0,3,0,0
3356,43,21,22,0,8,1,34,16,0,1,0,15,15,0,0,0,0,0,0,0,0,0,0,1.0,1.0,1.0,0.0,0.0,0.0,3,0,0
3357,43,21,22,0,8,1,34,16,0,1,0,15,15,0,0,0,0,0,0,0,0,0,0,1.0,1.0,1.0,0.0,0.0,0.0,3,0,0
3358,43,21,22,0,8,1,34,16,0,1,0,15,15,0,0,0,0,0,0,0,0,0,0,1.0,1.0,1.0,0.0,0.0,0.0,3,0,0
3359,43,21,22,0,8,1,34,16,0,1,0,15,15,0,0,0,0,0,0,0,0,0,0,1.0,1.0,1.0,0.0,0.0,0.0,3,0,0
3360,43,21,22,0,8,1,34,16,0,0,0,15,15,0,0,0,0,0,0,0,0,0,0,1.0,1.0,1.0,0.0,0.0,0.0,3,0,0
3361,43,21,22,0,8,1,34,16,0,0,0,15,15,0,0,0,2,0,0,0,0,0,0,1.0,1.0,1.0,0.0,0.0,0.0,3,0,0
3362,43,21,22,0,8,1,34,16,1,0,0,15,15,0,0,0,2,1,0,0,0,0,0,1.0,1.0,1.0,0.0,0.0,0.5,3,0,0
3363,43,21,22,0,8,1,34,16,1,0,0,15,15,0,0,0,0,0,0,0,0,0,0,1.0,1.0,1.0,0.0,0.0,0.0,3,0,0
3364,43,21,22,0,8,1,34,16,1,0,0,15,15,0,0,0,0,0,0,0,0,0,0,1.0,1.0,1.0,0.0,0.0,0.0,3,0,0
3365,43,21,22,0,8,1,34,16,1,0,0,15,15,0,0,0,0,0,0,0,0,0,0,1.0,1.0,1.0,0.0,0.0,0.0,3,0,0
3366,43,21,22,0,8,1,34,16,1,0,0,15,15,0,0,0,0,0,0,0,0,0,0,1.0,1.0,1.0,0.0,0.0,0.0,3,0,0
3367,43,21,22,0,8,1,34,16,1,0,0,15,15,0,0,0,0,0,0,0,0,0,0,1.0,1.0,1.0,0.0,0.0,0.0,3,0,0
3368,43,21,22,0,8,1,34,16,1,0,0,15,15,0,0,0,0,0,0,0,0,0,0,1.0,1.0,1.0,0.0,0.0,0.0,3,0,0
3369,43,21,22,0,8,1,34,16,1,0,0,15,15,0,0,0,0,0,0,0,0,0,0,1.0,1.0,1.0,0.0,0.0,0.0,3,0,0
3370,43,21,22,0,8,1,34,16,1,0,0,15,15,0,0,0,0,0,0,0,0,0,0,1.0,1.0,1.0,0.0,0.0,0.0,3,0,0
3371,43,21,22,0,8,1,34,16,1,0,0,15,15,0,0,0,0,0,0,0,0,0,0,1.0,1.0,1.0,0.0,0.0,0.0,3,0,0
3372,42,21,21,0,7,1,34,16,1,0,0,15,15,0,0,0,0,0,0,0,1,0,1,0.875,1.0,1.0,0.0,0.0,0.0,3,0,1
3373,42,21,21,0,7,1,34,16,1,0,0,15,15,0,0,0,0,0,0,0,0,0,0,1.0,1.0,1.0,0.0,0.0,0.0,3,0,0
3374,42,21,21,0,7,1,34,16,1,0,0,15,15,0,0,0,0,0,0,0,0,0,0,1.0,1.0,1.0,0.0,0.0,0.0,3,0,0
3375,42,21,21,0,7,1,34,16,1,0,0,15,15,0,0,0,0,0,0,0,0,0,0,1.0,1.0,1.0,0.0,0.0,0.0,3,0,0
3376,42,21,21,0,7,1,34,16,1,0,0,15,15,0,0,0,0,0,0,0,0,0,0,1.0,1.0,1.0,0.0,0.0,0.0,3,0,0
3377,42,21,21,0,7,1,34,16,1,0,0,15,15,0,0,0,0,0,0,0,0,0,0,1.0,1.0,1.0,0.0,0.0,0.0,3,0,0
3378,42,21,21,0,7,1,34,16,1,0,0,15,15,0,0,0,0,0,0,0,0,0,0,1.0,1.0,1.0,0.0,0.0,0.0,3,0,0
3379,42,21,21,0,7,1,34,16,1,0,0,15,15,0,0,0,0,0,0,0,0,0,0,1.0,1.0,1.0,0.0,0.0,0.0,3,0,0
3380,42,21,21,0,7,1,34,16,1,0,0,17,15,2,0,0,0,0,0,0,0,0,0,1.0,1.0,1.0,0.0,0.0,0.0,3,0,0
3381,42,21,21,0,7,1,34,16,1,0,0,17,15,0,0,0,0,0,0,0,0,0,0,1.0,1.0,1.0,0.0,0.0,0.0,3,0,0
3382,42,21,21,0,7,1,34,16,1,0,0,18,15,1,0,0,0,0,0,0,0,0,0,1.0,1.0,1.0,0.0,0.0,0.0,3,0,0
3383,41,21,20,0,7,1,33,15,1,0,0,19,14,1,0,0,0,0,0,0,0,0,0,1.0,1.0,0.9375,0.0,0.0,0.0,3,0,1
3384,41,21,20,0,7,1,33,15,1,0,0,19,14,0,0,0,0,0,0,0,0,0,0,1.0,1.0,1.0,0.0,0.0,0.0,3,0,0
3385,41,21,20,0,7,1,33,15,1,0,0,19,14,0,0,0,0,0,0,0,0,0,0,1.0,1.0,1.0,0.0,0.0,0.0,3,0,0
3386,41,21,20,0,7,1,33,15,1,0,0,19,14,0,0,0,0,0,0,0,0,0,0,1.0,1.0,1.0,0.0,0.0,0.0,3,0,0
3387,41,21,20,0,7,1,33,15,1,0,0,19,14,0,0,0,0,0,0,0,0,0,0,1.0,1.0,1.0,0.0,0.0,0.0,3,0,0
3388,41,21,20,0,7,1,33,15,1,0,0,19,14,0,0,0,0,0,0,0,0,0,0,1.0,1.0,1.0,0.0,0.0,0.0,3,0,0
3389,41,21,20,0,7,1,33,15,1,0,0,19,14,0,0,0,0,0,0,0,0,0,0,1.0,1.0,1.0,0.0,0.0,0.0,3,0,0
3390,41,21,20,0,7,1,33,15,1,0,0,19,14,0,0,0,0,0,0,0,0,0,0,1.0,1.0,1.0,0.0,0.0,0.0,3,0,0
3391,41,21,20,0,7,1,33,15,1,0,0,19,14,0,0,0,0,0,0,0,0,0,0,1.0,1.0,1.0,0.0,0.0,0.0,3,0,0
3392,41,21,20,0,7,1,33,15,1,0,0,19,14,0,0,0,0,0,0,0,0,0,0,1.0,1.0,1.0,0.0,0.0,0.0,3,0,0
3393,41,21,20,0,7,1,33,15,1,0,0,19,14,0,0,0,0,0,0,0,0,0,0,1.0,1.0,1.0,0.0,0.0,0.0,3,0,0
3394,41,21,20,0,7,1,33,15,1,0,0,19,14,0,0,0,0,0,0,0,0,0,0,1.0,1.0,1.0,0.0,0.0,0.0,3,0,0
3395,41,21,20,0,7,1,33,15,1,0,0,19,14,0,0,0,0,0,0,0,0,0,0,1.0,1.0,1.0,0.0,0.0,0.0,3,0,0
3396,41,21,20,0,7,1,33,15,1,0,0,19,14,0,0,0,0,0,0,0,0,0,0,1.0,1.0,1.0,0.0,0.0,0.0,3,0,0
3397,41,21,20,0,7,1,33,15,1,0,0,19,14,0,0,0,0,0,0,0,0,0,0,1.0,1.0,1.0,0.0,0.0,0.0,3,0,0
3398,41,21,20,0,7,1,33,15,1,0,0,19,14,0,0,0,0,0,0,0,0,0,0,1.0,1.0,1.0,0.0,0.0,0.0,3,0,0
3399,41,21,20,0,7,1,33,15,1,0,0,19,14,0,0,0,0,0,0,0,0,0,0,1.0,1.0,1.0,0.0,0.0,0.0,3,0,0
3400,41,21,20,0,7,1,33,15,1,0,0,19,14,0,0,0,0,0,0,0,0,0,0,1.0,1.0,1.0,0.0,0.0,0.0,3,0,0
3401,41,21,20,0,7,1,33,15,1,0,0,19,14,0,0,0,0,0,0,0,0,0,0,1.0,1.0,1.0,0.0,0.0,0.0,3,0,0
3402,41,21,20,0,7,1,33,15,1,0,0,19,14,0,0,0,0,0,0,0,0,0,0,1.0,1.0,1.0,0.0,0.0,0.0,3,0,0
3403,41,21,20,0,7,1,33,15,1,0,0,19,14,0,0,0,0,0,0,0,0,0,0,1.0,1.0,1.0,0.0,0.0,0.0,3,0,0
3404,41,21,20,0,7,1,33,15,1,0,0,19,14,0,0,0,0,0,0,0,0,0,0,1.0,1.0,1.0,0.0,0.0,0.0,3,0,0
3405,40,20,20,0,7,1,32,15,1,0,0,18,14,0,0,0,0,0,0,0,0,0,0,1.0,0.9444444444444444,1.0,0.0,0.0,0.0,3,0,1
3406,40,20,20,0,7,1,32,15,1,0,0,18,14,0,0,0,0,0,0,0,0,0,0,1.0,1.0,1.0,0.0,0.0,0.0,3,0,0
3407,40,20,20,0,7,1,32,15,1,0,0,18,14,0,0,0,0,0,0,0,0,0,0,1.0,1.0,1.0,0.0,0.0,0.0,3,0,0
3408,40,20,20,0,7,1,32,15,1,0,0,18,14,0,0,0,0,0,0,0,0,0,0,1.0,1.0,1.0,0.0,0.0,0.0,3,0,0
3409,40,20,20,0,7,1,32,15,1,0,0,18,14,0,0,0,0,0,0,0,0,0,0,1.0,1.0,1.0,0.0,0.0,0.0,3,0,0
3410,40,20,20,0,7,1,32,15,1,0,0,18,14,0,0,0,0,0,0,0,0,0,0,1.0,1.0,1.0,0.0,0.0,0.0,3,0,0
3411,40,20,20,0,7,1,32,15,1,0,0,18,14,0,0,0,0,0,0,0,0,0,0,1.0,1.0,1.0,0.0,0.0,0.0,3,0,0
3412,40,20,20,0,7,1,32,15,1,0,0,18,14,0,0,0,0,0,0,0,0,0,0,1.0,1.0,1.0,0.0,0.0,0.0,3,0,0
3413,40,20,20,0,7,1,32,15,1,0,0,18,14,0,0,0,0,0,0,0,0,0,0,1.0,1.0,1.0,0.0,0.0,0.0,3,0,0
3414,40,20,20,0,7,1,32,15,1,0,0,18,14,0,0,0,0,0,0,0,0,2,0,1.0,1.0,1.0,0.0,0.0,0.0,3,0,0
3415,40,20,20,0,7,1,32,15,1,0,0,18,14,0,0,0,0,0,0,0,0,0,0,1.0,1.0,1.0,0.0,0.0,0.0,3,0,0
3416,40,20,20,0,7,1,32,15,1,0,0,18,14,0,0,0,0,0,0,0,0,3,0,1.0,1.0,1.0,0.0,0.0,0.0,3,0,0
3417,40,20,20,0,7,1,32,15,1,0,0,18,14,0,0,0,0,0,0,0,0,0,0,1.0,1.0,1.0,0.0,0.0,0.0,3,0,0
3418,40,20,20,0,5,3,32,15,1,0,0,18,14,0,0,0,0,0,0,0,0,0,0,1.0,1.0,1.0,0.0,0.0,0.0,3,0,0
3419,40,20,20,0,5,3,32,15,1,0,0,18,14,0,0,0,0,0,0,0,0,0,0,1.0,1.0,1.0,0.0,0.0,0.0,3,0,0
3420,40,20,20,0,2,6,32,15,1,0,0,18,14,0,0,0,0,0,0,0,0,0,0,1.0,1.0,1.0,0.0,0.0,0.0,3,0,0
3421,40,20,20,0,2,6,32,15,1,0,0,18,14,0,0,0,0,0,0,0,0,0,0,1.0,1.0,1.0,0.0,0.0,0.0,3,0,0
3422,40,20,20,0,2,6,32,15,1,0,0,18,14,0,0,0,0,0,0,0,0,0,0,1.0,1.0,1.0,0.0,0.0,0.0,3,0,0
3423,40,20,20,0,2,6,32,15,1,0,0,18,14,0,0,0,0,0,0,0,0,0,0,1.0,1.0,1.0,0.0,0.0,0.0,3,0,0
3424,40,20,20,0,2,6,32,15,1,0,0,18,14,0,0,0,0,0,0,0,0,0,0,1.0,1.0,1.0,0.0,0.0,0.0,3,0,0
3425,40,20,20,0,2,6,32,15,1,0,0,18,14,0,0,0,0,0,0,0,0,0,0,1.0,1.0,1.0,0.0,0.0,0.0,3,0,0
3426,40,20,20,0,2,6,32,15,1,0,0,18,14,0,0,0,0,0,0,0,0,0,0,1.0,1.0,1.0,0.0,0.0,0.0,3,0,0
3427,44,23,21,4,2,6,32,15,0,0,1,18,14,0,0,0,0,0,0,1,0,0,0,1.0,1.0,1.0,0.1,0.1,0.0,3,4,0
3428,44,23,21,4,2,6,32,15,0,0,1,18,14,0,0,0,0,0,0,0,0,0,0,1.0,1.0,1.0,0.0,0.0,0.0,3,0,0
3429,44,23,21,4,2,6,32,15,0,0,1,18,14,0,0,0,0,0,0,0,0,0,0,1.0,1.0,1.0,0.0,0.0,0.0,3,0,0
3430,44,23,21,4,2,6,32,15,0,0,1,18,14,0,0,0,0,0,0,0,0,0,0,1.0,1.0,1.0,0.0,0.0,0.0,3,0,0
3431,44,23,21,4,2,6,32,15,0,0,1,18,14,0,0,0,0,0,0,0,0,0,0,1.0,1.0,1.0,0.0,0.0,0.0,3,0,0
3432,44,23,21,4,2,6,32,15,0,0,1,18,14,0,0,0,0,0,0,0,0,0,0,1.0,1.0,1.0,0.0,0.0,0.0,3,0,0
3433,44,23,21,4,2,6,32,15,0,0,1,18,14,0,0,0,0,0,0,0,0,2,0,1.0,1.0,1.0,0.0,0.0,0.0,3,0,0
3434,44,23,21,4,2,6,32,15,0,0,1,18,14,0,0,0,0,0,0,0,0,0,0,1.0,1.0,1.0,0.0,0.0,0.0,3,0,0
3435,44,23,21,4,2,6,32,15,0,0,1,18,14,0,0,0,0,0,0,0,0,0,0,1.0,1.0,1.0,0.0,0.0,0.0,3,0,0
3436,43,23,20,3,2,6,32,15,0,0,1,18,14,0,0,0,0,0,0,0,1,0,1,0.8333333333333334,1.0,1.0,0.0,0.0,0.0,3,0,1
3437,43,23,20,3,0,8,32,15,0,0,1,18,14,0,0,0,0,0,0,0,0,0,0,1.0,1.0,1.0,0.0,0.0,0.0,3,0,0
3438,43,23,20,3,0,8,32,15,0,0,1,18,14,0,0,0,0,0,0,0,0,0,0,1.0,1.0,1.0,0.0,0.0,0.0,3,0,0
3439,43,23,20,3,0,8,32,15,0,0,1,18,14,0,0,0,0,0,0,0,0,0,0,1.0,1.0,1.0,0.0,0.0,0.0,3,0,0
3440,43,23,20,3,0,8,32,15,0,0,1,18,14,0,0,0,0,0,0,0,0,0,0,1.0,1.0,1.0,0.0,0.0,0.0,3,0,0
3441,43,23,20,3,0,8,32,15,0,0,1,18,14,0,0,0,0,0,0,0,0,0,0,1.0,1.0,1.0,0.0,0.0,0.0,3,0,0
3442,43,23,20,3,0,8,32,15,0,0,1,18,14,0,0,0,0,0,0,0,0,0,0,1.0,1.0,1.0,0.0,0.0,0.0,3,0,0
3443,43,23,20,3,0,8,32,15,0,0,1,18,14,0,0,0,0,0,0,0,0,0,0,1.0,1.0,1.0,0.0,0.0,0.0,3,0,0
3444,43,23,20,3,0,8,32,15,0,0,1,18,14,0,0,0,0,0,0,0,0,0,0,1.0,1.0,1.0,0.0,0.0,0.0,3,0,0
3445,43,23,20,3,0,8,32,15,0,0,1,18,14,0,0,0,0,0,0,0,0,0,0,1.0,1.0,1.0,0.0,0.0,0.0,3,0,0
3446,43,23,20,3,0,8,32,15,0,0,1,18,14,0,0,0,0,0,0,0,0,0,0,1.0,1.0,1.0,0.0,0.0,0.0,3,0,0
3447,43,23,20,3,0,8,32,15,0,0,1,18,14,0,0,0,0,0,0,0,0,0,0,1.0,1.0,1.0,0.0,0.0,0.0,3,0,0
3448,43,23,20,3,0,8,32,15,0,0,1,18,14,0,0,0,0,0,0,0,0,0,0,1.0,1.0,1.0,0.0,0.0,0.0,3,0,0
3449,43,23,20,3,0,8,32,15,0,0,1,18,14,0,0,0,0,0,0,0,0,0,0,1.0,1.0,1.0,0.0,0.0,0.0,3,0,0
3450,43,23,20,3,0,8,32,15,0,0,1,18,14,0,0,0,0,0,0,0,0,0,0,1.0,1.0,1.0,0.0,0.0,0.0,3,0,0
3451,43,23,20,3,0,8,32,15,0,0,1,18,14,0,0,0,0,0,0,0,0,0,0,1.0,1.0,1.0,0.0,0.0,0.0,3,0,0
3452,43,23,20,3,0,8,32,15,0,0,1,18,14,0,0,0,0,0,0,0,0,0,0,1.0,1.0,1.0,0.0,0.0,0.0,3,0,0
3453,43,23,20,3,0,8,32,15,0,0,1,18,14,0,0,0,0,0,0,0,0,0,0,1.0,1.0,1.0,0.0,0.0,0.0,3,0,0
3454,43,23,20,3,0,8,32,15,0,0,1,18,14,0,0,0,0,0,0,0,0,0,0,1.0,1.0,1.0,0.0,0.0,0.0,3,0,0
3455,43,23,20,3,0,8,32,15,0,0,1,18,14,0,0,0,0,0,0,0,0,0,0,1.0,1.0,1.0,0.0,0.0,0.0,3,0,0
3456,43,23,20,3,0,8,32,15,0,0,1,18,14,0,0,0,0,0,0,0,0,0,0,1.0,1.0,1.0,0.0,0.0,0.0,3,0,0
3457,43,23,20,3,0,8,32,15,0,0,1,18,14,0,0,0,0,0,0,0,0,0,0,1.0,1.0,1.0,0.0,0.0,0.0,3,0,0
3458,43,23,20,3,0,8,32,15,0,0,1,18,14,0,0,0,0,0,0,0,0,0,0,1.0,1.0,1.0,0.0,0.0,0.0,3,0,0
3459,42,23,19,3,0,8,31,14,0,0,1,18,13,0,0,0,0,0,0,0,0,0,0,1.0,1.0,0.9333333333333333,0.0,0.0,0.0,3,0,1
3460,42,23,19,3,0,8,31,14,0,0,1,18,13,0,0,0,0,0,0,0,0,0,0,1.0,1.0,1.0,0.0,0.0,0.0,3,0,0
3461,42,23,19,3,0,7,32,15,0,0,1,18,13,0,0,0,3,0,0,0,0,0,0,1.0,1.0,1.0,0.0,0.0,0.0,3,0,0
3462,42,23,19,3,0,7,32,15,0,1,1,18,13,0,0,0,2,0,1,0,0,0,0,1.0,1.0,1.0,0.0,0.0,0.0,3,0,0
3463,42,23,19,3,0,7,32,15,0,1,1,18,13,0,0,0,0,0,0,0,0,0,0,1.0,1.0,1.0,0.0,0.0,0.0,3,0,0
3464,42,23,19,3,0,7,32,15,0,1,1,18,13,0,0,0,0,0,0,0,0,0,0,1.0,1.0,1.0,0.0,0.0,0.0,3,0,0
3465,41,22,19,3,0,7,31,15,0,1,1,17,13,0,0,0,0,0,0,0,0,0,0,1.0,0.9411764705882353,1.0,0.0,0.0,0.0,3,0,1
3466,41,22,19,3,0,7,31,15,0,1,1,17,13,0,0,0,0,0,0,0,0,0,0,1.0,1.0,1.0,0.0,0.0,0.0,3,0,0
3467,41,22,19,3,0,7,31,15,0,1,1,17,13,0,0,0,0,0,0,0,0,0,0,1.0,1.0,1.0,0.0,0.0,0.0,3,0,0
3468,41,22,19,3,0,7,31,15,0,1,1,17,14,0,1,0,0,0,0,0,0,0,0,1.0,1.0,1.0,0.0,0.0,0.0,3,0,0
3469,41,22,19,3,0,7,31,15,0,1,1,17,14,0,0,0,0,0,0,0,0,0,0,1.0,1.0,1.0,0.0,0.0,0.0,3,0,0
3470,41,22,19,0,3,7,31,15,0,1,1,17,14,0,0,0,0,0,0,0,0,0,0,1.0,1.0,1.0,0.0,0.0,0.0,3,0,0
3471,41,22,19,0,3,7,31,15,0,1,1,17,14,0,0,0,0,0,0,0,0,0,0,1.0,1.0,1.0,0.0,0.0,0.0,3,0,0
3472,41,22,19,0,3,7,31,15,0,1,0,17,14,0,0,0,0,0,0,0,0,0,0,1.0,1.0,1.0,0.0,0.0,0.0,3,0,0
3473,41,22,19,0,3,7,31,15,0,1,0,17,15,0,1,0,1,0,0,0,0,0,0,1.0,1.0,1.0,0.0,0.0,0.0,3,0,0
3474,41,22,19,0,3,7,31,15,1,1,0,17,15,0,0,0,7,1,0,0,0,0,0,1.0,1.0,1.0,0.0,0.0,0.14285714285714285,3,0,0
3475,41,22,19,0,3,7,31,15,1,1,0,17,15,0,0,0,0,0,0,0,0,0,0,1.0,1.0,1.0,0.0,0.0,0.0,3,0,0
3476,41,22,19,0,3,7,31,15,1,1,0,17,15,0,0,0,0,0,0,0,0,0,0,1.0,1.0,1.0,0.0,0.0,0.0,3,0,0
3477,41,22,19,0,3,7,31,15,1,1,0,17,15,0,0,0,0,0,0,0,0,0,0,1.0,1.0,1.0,0.0,0.0,0.0,3,0,0
3478,41,22,19,0,3,7,31,15,1,1,0,17,15,0,0,0,0,0,0,0,0,0,0,1.0,1.0,1.0,0.0,0.0,0.0,3,0,0
3479,41,22,19,0,3,7,31,15,1,1,0,17,15,0,0,0,0,0,0,0,0,0,0,1.0,1.0,1.0,0.0,0.0,0.0,3,0,0
3480,40,21,19,0,2,7,31,15,1,1,0,17,15,0,0,0,0,0,0,0,1,0,1,0.6666666666666667,1.0,1.0,0.0,0.0,0.0,3,0,1
3481,40,21,19,0,2,7,31,15,1,1,0,17,15,0,0,0,0,0,0,0,0,0,0,1.0,1.0,1.0,0.0,0.0,0.0,3,0,0
3482,40,21,19,0,2,7,31,15,1,1,0,17,15,0,0,0,0,0,0,0,0,0,0,1.0,1.0,1.0,0.0,0.0,0.0,3,0,0
3483,40,21,19,0,2,5,33,17,1,1,0,17,15,0,0,0,0,0,0,0,0,0,0,1.0,1.0,1.0,0.0,0.0,0.0,3,0,0
3484,40,21,19,0,2,5,33,17,2,1,0,17,15,0,0,0,6,1,0,0,0,0,0,1.0,1.0,1.0,0.0,0.0,0.16666666666666666,3,0,0
3485,40,21,19,0,2,5,33,17,2,1,0,17,15,0,0,0,0,0,0,0,0,0,0,1.0,1.0,1.0,0.0,0.0,0.0,3,0,0
3486,40,21,19,0,2,5,33,17,2,1,0,17,15,0,0,0,0,0,0,0,0,0,0,1.0,1.0,1.0,0.0,0.0,0.0,3,0,0
3487,40,21,19,0,2,5,33,17,2,1,0,17,15,0,0,0,0,0,0,0,0,0,0,1.0,1.0,1.0,0.0,0.0,0.0,3,0,0
3488,40,21,19,0,2,5,33,17,2,1,0,17,15,0,0,0,0,0,0,0,0,0,0,1.0,1.0,1.0,0.0,0.0,0.0,3,0,0
3489,40,21,19,0,2,5,33,17,2,1,0,17,15,0,0,0,0,0,0,0,0,0,0,1.0,1.0,1.0,0.0,0.0,0.0,3,0,0
3490,40,21,19,0,2,5,33,17,2,1,0,17,15,0,0,0,0,0,0,0,0,0,0,1.0,1.0,1.0,0.0,0.0,0.0,3,0,0
3491,40,21,19,0,2,5,33,17,2,1,0,17,15,0,0,0,0,0,0,0,0,0,0,1.0,1.0,1.0,0.0,0.0,0.0,3,0,0
3492,40,21,19,0,2,5,33,17,2,1,0,17,15,0,0,0,0,0,0,0,0,0,0,1.0,1.0,1.0,0.0,0.0,0.0,3,0,0
3493,40,21,19,0,2,5,33,17,2,1,0,17,15,0,0,0,0,0,0,0,0,0,0,1.0,1.0,1.0,0.0,0.0,0.0,3,0,0
3494,40,21,19,0,2,5,33,17,2,1,0,17,15,0,0,0,0,0,0,0,0,0,0,1.0,1.0,1.0,0.0,0.0,0.0,3,0,0
3495,40,21,19,0,2,5,33,17,2,1,0,17,15,0,0,0,0,0,0,0,0,0,0,1.0,1.0,1.0,0.0,0.0,0.0,3,0,0
3496,40,21,19,0,2,5,33,17,2,1,0,17,15,0,0,0,0,0,0,0,0,0,0,1.0,1.0,1.0,0.0,0.0,0.0,3,0,0
3497,40,21,19,0,2,5,33,17,2,1,0,17,15,0,0,0,0,0,0,0,0,0,0,1.0,1.0,1.0,0.0,0.0,0.0,3,0,0
3498,40,21,19,0,2,5,33,17,2,1,0,17,15,0,0,0,0,0,0,0,0,0,0,1.0,1.0,1.0,0.0,0.0,0.0,3,0,0
3499,40,21,19,0,2,5,33,17,2,1,0,17,15,0,0,0,0,0,0,0,0,0,0,1.0,1.0,1.0,0.0,0.0,0.0,3,0,0
3500,40,21,19,0,2,5,33,17,2,1,0,17,15,0,0,0,0,0,0,0,0,0,0,1.0,1.0,1.0,0.0,0.0,0.0,3,0,0
3501,40,21,19,0,2,5,33,17,2,1,0,17,15,0,0,0,0,0,0,0,0,0,0,1.0,1.0,1.0,0.0,0.0,0.0,3,0,0
3502,40,21,19,0,2,5,33,17,2,1,0,17,15,0,0,0,0,0,0,0,0,0,0,1.0,1.0,1.0,0.0,0.0,0.0,3,0,0
3503,40,21,19,0,2,5,33,17,2,1,0,17,15,0,0,0,0,0,0,0,0,0,0,1.0,1.0,1.0,0.0,0.0,0.0,3,0,0
3504,40,21,19,0,2,5,33,17,2,1,0,17,15,0,0,0,0,0,0,0,0,0,0,1.0,1.0,1.0,0.0,0.0,0.0,3,0,0
3505,40,21,19,0,2,5,33,17,2,1,0,17,15,0,0,0,0,0,0,0,0,0,0,1.0,1.0,1.0,0.0,0.0,0.0,3,0,0
3506,40,21,19,0,2,5,33,17,2,1,0,17,15,0,0,0,0,0,0,0,0,0,0,1.0,1.0,1.0,0.0,0.0,0.0,3,0,0
3507,40,21,19,0,2,5,33,17,2,0,0,17,15,0,0,0,0,0,0,0,0,0,0,1.0,1.0,1.0,0.0,0.0,0.0,3,0,0
3508,40,21,19,0,2,5,33,17,3,0,0,17,15,0,0,0,2,1,0,0,0,0,0,1.0,1.0,1.0,0.0,0.0,0.5,3,0,0
3509,40,21,19,0,2,5,33,17,3,0,0,17,15,0,0,0,0,0,0,0,0,0,0,1.0,1.0,1.0,0.0,0.0,0.0,3,0,0
3510,40,21,19,0,2,5,33,17,3,0,0,17,15,0,0,0,0,0,0,0,0,0,0,1.0,1.0,1.0,0.0,0.0,0.0,3,0,0
3511,40,21,19,0,2,5,33,17,3,0,0,17,15,0,0,0,0,0,0,0,0,0,0,1.0,1.0,1.0,0.0,0.0,0.0,3,0,0
3512,40,21,19,0,2,5,33,17,3,0,0,17,15,0,0,0,0,0,0,0,0,0,0,1.0,1.0,1.0,0.0,0.0,0.0,3,0,0
3513,40,21,19,0,2,5,33,17,3,0,0,17,15,0,0,0,0,0,0,0,0,0,0,1.0,1.0,1.0,0.0,0.0,0.0,3,0,0
3514,40,21,19,0,2,5,33,17,3,0,0,17,15,0,0,0,0,0,0,0,0,0,0,1.0,1.0,1.0,0.0,0.0,0.0,3,0,0
3515,40,21,19,0,2,5,33,17,3,0,0,17,15,0,0,0,0,0,0,0,0,0,0,1.0,1.0,1.0,0.0,0.0,0.0,3,0,0
3516,40,21,19,0,2,5,33,17,3,0,0,17,15,0,0,0,0,0,0,0,0,0,0,1.0,1.0,1.0,0.0,0.0,0.0,3,0,0
3517,40,21,19,0,2,5,33,17,3,0,0,17,15,0,0,0,0,0,0,0,0,0,0,1.0,1.0,1.0,0.0,0.0,0.0,3,0,0
3518,40,21,19,0,2,5,33,17,3,0,0,17,15,0,0,0,0,0,0,0,0,0,0,1.0,1.0,1.0,0.0,0.0,0.0,3,0,0
3519,40,21,19,0,2,5,33,17,3,0,0,17,15,0,0,0,0,0,0,0,0,0,0,1.0,1.0,1.0,0.0,0.0,0.0,3,0,0
3520,39,20,19,0,1,5,33,17,3,0,0,17,15,0,0,0,0,0,0,0,1,0,1,0.5,1.0,1.0,0.0,0.0,0.0,3,0,1
3521,39,20,19,0,1,5,33,17,3,0,0,17,15,0,0,0,0,0,0,0,0,0,0,1.0,1.0,1.0,0.0,0.0,0.0,3,0,0
3522,39,20,19,0,1,5,33,17,3,0,0,17,15,0,0,0,0,0,0,0,0,0,0,1.0,1.0,1.0,0.0,0.0,0.0,3,0,0
3523,39,20,19,0,1,5,33,17,3,0,0,17,15,0,0,0,0,0,0,0,0,0,0,1.0,1.0,1.0,0.0,0.0,0.0,3,0,0
3524,39,20,19,0,1,5,33,17,3,0,0,17,15,0,0,0,0,0,0,0,0,0,0,1.0,1.0,1.0,0.0,0.0,0.0,3,0,0
3525,39,20,19,0,1,5,33,17,3,0,0,17,15,0,0,0,0,0,0,0,0,0,0,1.0,1.0,1.0,0.0,0.0,0.0,3,0,0
3526,39,20,19,0,1,5,33,17,3,0,0,17,15,0,0,0,0,0,0,0,0,0,0,1.0,1.0,1.0,0.0,0.0,0.0,3,0,0
3527,39,20,19,0,1,5,33,17,3,0,0,17,15,0,0,0,0,0,0,0,0,0,0,1.0,1.0,1.0,0.0,0.0,0.0,3,0,0
3528,39,20,19,0,1,5,33,17,3,0,0,17,15,0,0,0,0,0,0,0,0,0,0,1.0,1.0,1.0,0.0,0.0,0.0,3,0,0
3529,39,20,19,0,1,5,33,17,3,0,0,17,15,0,0,0,0,0,0,0,0,0,0,1.0,1.0,1.0,0.0,0.0,0.0,3,0,0
3530,39,20,19,0,1,5,33,17,3,0,0,17,15,0,0,0,0,0,0,0,0,0,0,1.0,1.0,1.0,0.0,0.0,0.0,3,0,0
3531,39,20,19,0,1,5,33,17,3,0,0,17,15,0,0,0,0,0,0,0,0,0,0,1.0,1.0,1.0,0.0,0.0,0.0,3,0,0
3532,39,20,19,0,1,5,33,17,3,0,0,17,15,0,0,0,0,0,0,0,0,0,0,1.0,1.0,1.0,0.0,0.0,0.0,3,0,0
3533,39,20,19,0,1,5,33,17,3,0,0,17,15,0,0,0,0,0,0,0,0,0,0,1.0,1.0,1.0,0.0,0.0,0.0,3,0,0
3534,39,20,19,0,1,5,33,17,3,0,0,17,15,0,0,0,0,0,0,0,0,0,0,1.0,1.0,1.0,0.0,0.0,0.0,3,0,0
3535,39,20,19,0,1,5,33,17,3,0,0,17,15,0,0,0,0,0,0,0,0,0,0,1.0,1.0,1.0,0.0,0.0,0.0,3,0,0
3536,39,20,19,0,1,5,33,17,3,0,0,17,15,0,0,0,0,0,0,0,0,0,0,1.0,1.0,1.0,0.0,0.0,0.0,3,0,0
3537,39,20,19,0,1,5,33,17,3,0,0,17,15,0,0,0,0,0,0,0,0,0,0,1.0,1.0,1.0,0.0,0.0,0.0,3,0,0
3538,39,20,19,0,1,5,33,17,3,0,0,17,15,0,0,0,0,0,0,0,0,0,0,1.0,1.0,1.0,0.0,0.0,0.0,3,0,0
3539,43,21,22,4,1,5,33,17,2,0,1,17,15,0,0,0,0,0,0,1,0,0,0,1.0,1.0,1.0,0.10256410256410256,0.10256410256410256,0.0,3,4,0
3540,43,21,22,4,1,5,33,17,2,0,1,17,15,0,0,0,0,0,0,0,0,0,0,1.0,1.0,1.0,0.0,0.0,0.0,3,0,0
3541,43,21,22,4,1,5,33,17,2,0,1,17,15,0,0,0,0,0,0,0,0,0,0,1.0,1.0,1.0,0.0,0.0,0.0,3,0,0
3542,43,21,22,4,1,5,33,17,2,0,1,17,15,0,0,0,0,0,0,0,0,0,0,1.0,1.0,1.0,0.0,0.0,0.0,3,0,0
3543,43,21,22,4,1,5,33,17,2,0,1,17,15,0,0,0,0,0,0,0,0,0,0,1.0,1.0,1.0,0.0,0.0,0.0,3,0,0
3544,43,21,22,4,1,5,33,17,2,0,1,17,15,0,0,0,0,0,0,0,0,0,0,1.0,1.0,1.0,0.0,0.0,0.0,3,0,0
3545,43,21,22,4,1,5,33,17,2,0,1,17,15,0,0,0,0,0,0,0,0,0,0,1.0,1.0,1.0,0.0,0.0,0.0,3,0,0
3546,43,21,22,4,1,5,33,17,2,0,1,17,15,0,0,0,0,0,0,0,0,0,0,1.0,1.0,1.0,0.0,0.0,0.0,3,0,0
3547,43,21,22,4,1,5,33,17,2,0,1,17,15,0,0,0,0,0,0,0,0,0,0,1.0,1.0,1.0,0.0,0.0,0.0,3,0,0
3548,43,21,22,4,1,5,33,17,2,0,1,17,15,0,0,0,0,0,0,0,0,0,0,1.0,1.0,1.0,0.0,0.0,0.0,3,0,0
3549,47,23,24,8,1,5,33,17,1,0,2,17,15,0,0,0,0,0,0,1,0,0,0,1.0,1.0,1.0,0.09302325581395349,0.09302325581395349,0.0,3,4,0
3550,47,23,24,8,1,5,33,17,1,0,2,17,15,0,0,0,0,0,0,0,0,0,0,1.0,1.0,1.0,0.0,0.0,0.0,3,0,0
3551,47,23,24,8,1,5,33,17,1,0,2,17,15,0,0,0,0,0,0,0,0,0,0,1.0,1.0,1.0,0.0,0.0,0.0,3,0,0
3552,47,23,24,8,1,5,33,17,1,0,2,17,15,0,0,0,0,0,0,0,0,0,0,1.0,1.0,1.0,0.0,0.0,0.0,3,0,0
3553,47,23,24,8,1,5,33,17,1,0,2,17,15,0,0,0,0,0,0,0,0,0,0,1.0,1.0,1.0,0.0,0.0,0.0,3,0,0
3554,47,23,24,8,1,5,33,17,1,0,2,17,15,0,0,0,0,0,0,0,0,0,0,1.0,1.0,1.0,0.0,0.0,0.0,3,0,0
3555,47,23,24,8,1,3,35,17,1,0,2,17,15,0,0,0,0,0,0,0,0,0,0,1.0,1.0,1.0,0.0,0.0,0.0,3,0,0
3556,47,23,24,8,1,3,35,17,1,0,2,17,15,0,0,0,0,0,0,0,0,0,0,1.0,1.0,1.0,0.0,0.0,0.0,3,0,0
3557,47,23,24,8,1,3,35,17,1,0,2,17,15,0,0,0,0,0,0,0,0,0,0,1.0,1.0,1.0,0.0,0.0,0.0,3,0,0
3558,47,23,24,8,1,3,35,17,1,0,2,17,15,0,0,0,0,0,0,0,0,0,0,1.0,1.0,1.0,0.0,0.0,0.0,3,0,0
3559,47,23,24,8,1,3,35,17,1,0,2,17,15,0,0,0,0,0,0,0,0,0,0,1.0,1.0,1.0,0.0,0.0,0.0,3,0,0
3560,47,23,24,8,1,3,35,17,1,0,2,17,16,0,1,0,0,0,0,0,0,0,0,1.0,1.0,1.0,0.0,0.0,0.0,3,0,0
3561,47,23,24,8,1,3,35,17,1,0,2,17,16,0,0,0,0,0,0,0,0,0,0,1.0,1.0,1.0,0.0,0.0,0.0,3,0,0
3562,47,23,24,8,1,3,35,17,1,0,2,17,16,0,0,0,0,0,0,0,0,0,0,1.0,1.0,1.0,0.0,0.0,0.0,3,0,0
3563,47,23,24,8,1,3,35,17,1,0,2,17,16,0,0,0,0,0,0,0,0,0,0,1.0,1.0,1.0,0.0,0.0,0.0,3,0,0
3564,47,23,24,8,1,3,35,17,1,0,2,17,16,0,0,0,0,0,0,0,0,0,0,1.0,1.0,1.0,0.0,0.0,0.0,3,0,0
3565,47,23,24,8,1,3,35,17,1,0,2,17,16,0,0,0,0,0,0,0,0,0,0,1.0,1.0,1.0,0.0,0.0,0.0,3,0,0
3566,47,23,24,8,1,3,35,17,1,0,2,17,16,0,0,0,0,0,0,0,0,0,0,1.0,1.0,1.0,0.0,0.0,0.0,3,0,0
3567,47,23,24,8,1,3,35,17,1,0,2,17,16,0,0,0,0,0,0,0,0,0,0,1.0,1.0,1.0,0.0,0.0,0.0,3,0,0
3568,47,23,24,8,1,3,35,17,1,0,2,17,16,0,0,0,0,0,0,0,0,0,0,1.0,1.0,1.0,0.0,0.0,0.0,3,0,0
3569,46,22,24,7,1,3,35,17,1,0,2,17,16,0,0,0,0,0,0,0,1,0,1,0.8888888888888888,1.0,1.0,0.0,0.0,0.0,3,0,1
3570,46,22,24,7,1,3,35,17,1,0,2,17,16,0,0,0,0,0,0,0,0,0,0,1.0,1.0,1.0,0.0,0.0,0.0,3,0,0
3571,46,22,24,7,1,3,35,17,1,0,2,17,16,0,0,0,0,0,0,0,0,0,0,1.0,1.0,1.0,0.0,0.0,0.0,3,0,0
3572,46,22,24,7,1,2,36,17,1,0,2,17,16,0,0,0,0,0,0,0,0,0,0,1.0,1.0,1.0,0.0,0.0,0.0,3,0,0
3573,50,24,26,11,1,2,36,17,0,0,3,17,16,0,0,0,0,0,0,1,0,0,0,1.0,1.0,1.0,0.08695652173913043,0.08695652173913043,0.0,3,4,0
3574,49,23,26,10,1,2,36,17,0,0,3,17,16,0,0,0,0,0,0,0,1,0,1,0.9166666666666666,1.0,1.0,0.0,0.0,0.0,3,0,1
3575,49,23,26,10,1,2,36,17,0,0,3,17,16,0,0,0,0,0,0,0,0,0,0,1.0,1.0,1.0,0.0,0.0,0.0,3,0,0
3576,49,23,26,10,1,2,36,17,0,0,3,17,16,0,0,0,0,0,0,0,0,0,0,1.0,1.0,1.0,0.0,0.0,0.0,3,0,0
3577,49,23,26,10,1,2,36,17,0,0,3,17,16,0,0,0,0,0,0,0,0,0,0,1.0,1.0,1.0,0.0,0.0,0.0,3,0,0
3578,49,23,26,10,1,2,36,17,0,0,3,17,16,0,0,0,0,0,0,0,0,0,0,1.0,1.0,1.0,0.0,0.0,0.0,3,0,0
3579,49,23,26,10,1,2,36,17,0,0,3,17,16,0,0,0,0,0,0,0,0,0,0,1.0,1.0,1.0,0.0,0.0,0.0,3,0,0
3580,48,23,25,9,1,2,36,17,0,0,3,17,16,0,0,0,0,0,0,0,1,0,1,0.9090909090909091,1.0,1.0,0.0,0.0,0.0,3,0,1
3581,48,23,25,9,1,2,36,17,0,0,3,17,16,0,0,0,0,0,0,0,0,0,0,1.0,1.0,1.0,0.0,0.0,0.0,3,0,0
3582,48,23,25,5,5,2,36,17,0,0,3,17,16,0,0,0,0,0,0,0,0,0,0,1.0,1.0,1.0,0.0,0.0,0.0,3,0,0
3583,48,23,25,5,5,2,36,17,0,0,3,17,16,0,0,0,0,0,0,0,0,0,0,1.0,1.0,1.0,0.0,0.0,0.0,3,0,0
3584,48,23,25,5,5,2,36,17,0,0,2,17,16,0,0,0,0,0,0,0,0,0,0,1.0,1.0,1.0,0.0,0.0,0.0,3,0,0
3585,48,23,25,5,5,2,36,17,1,0,2,17,16,0,0,0,6,1,0,0,0,0,0,1.0,1.0,1.0,0.0,0.0,0.16666666666666666,3,0,0
3586,47,23,24,5,5,2,35,16,1,0,2,17,15,0,0,0,6,1,0,0,0,0,0,1.0,1.0,0.9411764705882353,0.0,0.0,0.16666666666666666,3,0,1
3587,47,23,24,5,5,1,36,17,1,0,2,17,15,0,0,0,6,1,0,0,0,0,0,1.0,1.0,1.0,0.0,0.0,0.16666666666666666,3,0,0
3588,47,23,24,5,5,1,36,17,1,0,2,17,15,0,0,0,6,1,0,0,0,0,0,1.0,1.0,1.0,0.0,0.0,0.16666666666666666,3,0,0
3589,47,23,24,5,5,1,36,17,1,0,2,17,15,0,0,0,6,1,0,0,0,0,0,1.0,1.0,1.0,0.0,0.0,0.16666666666666666,3,0,0
3590,47,23,24,5,5,1,36,17,1,0,2,17,15,0,0,0,6,1,0,0,0,0,0,1.0,1.0,1.0,0.0,0.0,0.16666666666666666,3,0,0
3591,47,23,24,5,5,1,36,17,1,0,2,17,15,0,0,0,6,1,0,0,0,0,0,1.0,1.0,1.0,0.0,0.0,0.16666666666666666,3,0,0
3592,47,23,24,2,8,1,36,17,1,0,2,17,15,0,0,0,6,1,0,0,0,0,0,1.0,1.0,1.0,0.0,0.0,0.16666666666666666,3,0,0
3593,47,23,24,2,8,1,36,17,1,0,2,17,15,0,0,0,6,1,0,0,0,0,0,1.0,1.0,1.0,0.0,0.0,0.16666666666666666,3,0,0
3594,47,23,24,2,8,1,36,17,1,0,1,17,15,0,0,0,6,1,0,0,0,0,0,1.0,1.0,1.0,0.0,0.0,0.16666666666666666,3,0,0
3595,47,23,24,2,8,1,36,17,1,0,1,17,15,0,0,0,6,1,0,0,0,0,0,1.0,1.0,1.0,0.0,0.0,0.16666666666666666,3,0,0
3596,47,23,24,2,8,1,36,17,1,0,1,17,15,0,0,0,6,1,0,0,0,0,0,1.0,1.0,1.0,0.0,0.0,0.16666666666666666,3,0,0
3597,47,23,24,2,8,1,36,17,1,0,1,17,15,0,0,0,6,1,0,0,0,0,0,1.0,1.0,1.0,0.0,0.0,0.16666666666666666,3,0,0
3598,47,23,24,2,8,1,36,17,1,0,1,17,15,0,0,0,6,1,0,0,0,0,0,1.0,1.0,1.0,0.0,0.0,0.16666666666666666,3,0,0
3599,47,23,24,2,8,1,36,17,1,0,1,17,15,0,0,0,6,1,0,0,0,0,0,1.0,1.0,1.0,0.0,0.0,0.16666666666666666,3,0,0
3600,47,23,24,2,8,1,36,17,1,0,1,17,15,0,0,0,6,1,0,0,0,0,0,1.0,1.0,1.0,0.0,0.0,0.16666666666666666,3,0,0
3601,47,23,24,2,8,1,36,17,1,0,1,17,15,0,0,0,6,1,0,0,0,0,0,1.0,1.0,1.0,0.0,0.0,0.16666666666666666,3,0,0
3602,47,23,24,2,8,1,36,17,1,0,1,17,15,0,0,0,6,1,0,0,0,0,0,1.0,1.0,1.0,0.0,0.0,0.16666666666666666,3,0,0
3603,47,23,24,2,8,1,36,17,1,0,1,17,15,0,0,0,6,1,0,0,0,0,0,1.0,1.0,1.0,0.0,0.0,0.16666666666666666,3,0,0
3604,47,23,24,2,8,1,36,17,1,0,1,17,15,0,0,0,6,1,0,0,0,0,0,1.0,1.0,1.0,0.0,0.0,0.16666666666666666,3,0,0
3605,47,23,24,2,8,1,36,17,1,0,1,17,15,0,0,0,6,1,0,0,0,0,0,1.0,1.0,1.0,0.0,0.0,0.16666666666666666,3,0,0
3606,47,23,24,2,8,1,36,17,1,0,1,17,15,0,0,0,6,1,0,0,0,0,0,1.0,1.0,1.0,0.0,0.0,0.16666666666666666,3,0,0
3607,47,23,24,2,8,1,36,17,1,0,1,17,15,0,0,0,6,1,0,0,0,1,0,1.0,1.0,1.0,0.0,0.0,0.16666666666666666,3,0,0
3608,47,23,24,2,8,1,36,17,1,0,1,17,15,0,0,0,6,1,0,0,0,0,0,1.0,1.0,1.0,0.0,0.0,0.16666666666666666,3,0,0
3609,46,23,23,2,7,0,37,18,1,0,1,17,15,0,0,0,6,1,0,0,1,0,1,0.9,1.0,1.0,0.0,0.0,0.16666666666666666,3,0,1
3610,46,23,23,2,7,0,37,18,1,0,1,17,15,0,0,0,6,1,0,0,0,0,0,1.0,1.0,1.0,0.0,0.0,0.16666666666666666,3,0,0
3611,46,23,23,2,6,1,37,18,1,0,1,17,15,0,0,0,6,1,0,0,0,0,0,1.0,1.0,1.0,0.0,0.0,0.16666666666666666,3,0,0
3612,46,23,23,2,6,1,37,18,1,0,1,17,15,0,0,0,6,1,0,0,0,0,0,1.0,1.0,1.0,0.0,0.0,0.16666666666666666,3,0,0
3613,46,23,23,2,6,1,37,18,1,0,1,17,15,0,0,0,6,1,0,0,0,0,0,1.0,1.0,1.0,0.0,0.0,0.16666666666666666,3,0,0
3614,46,23,23,2,6,1,37,18,1,0,1,17,15,0,0,0,6,1,0,0,0,0,0,1.0,1.0,1.0,0.0,0.0,0.16666666666666666,3,0,0
3615,46,23,23,2,6,1,37,18,1,0,1,17,15,0,0,0,6,1,0,0,0,0,0,1.0,1.0,1.0,0.0,0.0,0.16666666666666666,3,0,0
3616,46,23,23,0,8,1,37,18,1,0,1,17,15,0,0,0,6,1,0,0,0,0,0,1.0,1.0,1.0,0.0,0.0,0.16666666666666666,3,0,0
3617,46,23,23,0,8,1,37,18,1,0,1,17,15,0,0,0,6,1,0,0,0,0,0,1.0,1.0,1.0,0.0,0.0,0.16666666666666666,3,0,0
3618,46,23,23,0,8,1,37,18,1,0,0,17,15,0,0,0,6,1,0,0,0,0,0,1.0,1.0,1.0,0.0,0.0,0.16666666666666666,3,0,0
3619,45,22,23,0,7,1,37,18,1,0,0,17,15,0,0,0,6,1,0,0,1,0,1,0.875,1.0,1.0,0.0,0.0,0.16666666666666666,3,0,1
3620,45,22,23,0,7,1,37,18,1,0,0,17,15,0,0,0,6,1,0,0,0,0,0,1.0,1.0,1.0,0.0,0.0,0.16666666666666666,3,0,0
3621,45,22,23,0,7,1,37,18,1,0,0,17,15,0,0,0,6,1,0,0,0,0,0,1.0,1.0,1.0,0.0,0.0,0.16666666666666666,3,0,0
3622,45,22,23,0,7,1,37,18,1,0,0,17,15,0,0,0,6,1,0,0,0,0,0,1.0,1.0,1.0,0.0,0.0,0.16666666666666666,3,0,0
3623,45,22,23,0,7,1,37,18,1,0,0,17,15,0,0,0,6,1,0,0,0,0,0,1.0,1.0,1.0,0.0,0.0,0.16666666666666666,3,0,0
3624,44,21,23,0,7,1,36,18,1,0,0,16,15,0,0,0,6,1,0,0,0,0,0,1.0,0.9473684210526316,1.0,0.0,0.0,0.16666666666666666,3,0,1
3625,44,21,23,0,7,1,36,18,1,0,0,16,15,0,0,0,6,1,0,0,0,0,0,1.0,1.0,1.0,0.0,0.0,0.16666666666666666,3,0,0
3626,44,21,23,0,7,1,36,18,1,0,0,16,15,0,0,0,6,1,0,0,0,0,0,1.0,1.0,1.0,0.0,0.0,0.16666666666666666,3,0,0
3627,44,21,23,0,7,1,36,18,1,0,0,16,15,0,0,0,6,1,0,0,0,0,0,1.0,1.0,1.0,0.0,0.0,0.16666666666666666,3,0,0
3628,44,21,23,0,7,1,36,18,1,0,0,16,15,0,0,0,6,1,0,0,0,0,0,1.0,1.0,1.0,0.0,0.0,0.16666666666666666,3,0,0
3629,44,21,23,0,7,1,36,18,1,0,0,16,15,0,0,0,6,1,0,0,0,0,0,1.0,1.0,1.0,0.0,0.0,0.16666666666666666,3,0,0
3630,44,21,23,0,7,1,36,18,1,0,0,16,15,0,0,0,6,1,0,0,0,0,0,1.0,1.0,1.0,0.0,0.0,0.16666666666666666,3,0,0
3631,44,21,23,0,7,1,36,18,1,0,0,16,15,0,0,0,6,1,0,0,0,0,0,1.0,1.0,1.0,0.0,0.0,0.16666666666666666,3,0,0
3632,44,21,23,0,7,1,36,18,1,0,0,16,15,0,0,0,6,1,0,0,0,0,0,1.0,1.0,1.0,0.0,0.0,0.16666666666666666,3,0,0
3633,44,21,23,0,7,1,36,18,1,0,0,16,15,0,0,0,6,1,0,0,0,0,0,1.0,1.0,1.0,0.0,0.0,0.16666666666666666,3,0,0
3634,44,21,23,0,7,1,36,18,1,0,0,16,15,0,0,0,6,1,0,0,0,0,0,1.0,1.0,1.0,0.0,0.0,0.16666666666666666,3,0,0
3635,44,21,23,0,7,1,36,18,1,0,0,16,15,0,0,0,6,1,0,0,0,0,0,1.0,1.0,1.0,0.0,0.0,0.16666666666666666,3,0,0
3636,44,21,23,0,7,1,36,18,1,0,0,16,15,0,0,0,6,1,0,0,0,0,0,1.0,1.0,1.0,0.0,0.0,0.16666666666666666,3,0,0
3637,44,21,23,0,7,1,36,18,1,0,0,16,15,0,0,0,6,1,0,0,0,0,0,1.0,1.0,1.0,0.0,0.0,0.16666666666666666,3,0,0
3638,44,21,23,0,7,1,36,18,1,0,0,16,15,0,0,0,6,1,0,0,0,0,0,1.0,1.0,1.0,0.0,0.0,0.16666666666666666,3,0,0
3639,44,21,23,0,7,1,36,18,1,0,0,16,15,0,0,0,6,1,0,0,0,0,0,1.0,1.0,1.0,0.0,0.0,0.16666666666666666,3,0,0
3640,44,21,23,0,7,1,36,18,1,0,0,16,15,0,0,0,6,1,0,0,0,0,0,1.0,1.0,1.0,0.0,0.0,0.16666666666666666,3,0,0
3641,43,21,22,0,6,1,36,18,1,0,0,16,15,0,0,0,6,1,0,0,1,0,1,0.8571428571428572,1.0,1.0,0.0,0.0,0.16666666666666666,3,0,1
3642,43,21,22,0,6,1,36,18,1,0,0,16,15,0,0,0,6,1,0,0,0,0,0,1.0,1.0,1.0,0.0,0.0,0.16666666666666666,3,0,0
3643,43,21,22,0,6,1,36,18,1,0,0,16,15,0,0,0,6,1,0,0,0,0,0,1.0,1.0,1.0,0.0,0.0,0.16666666666666666,3,0,0
3644,43,21,22,0,6,1,36,18,1,0,0,16,15,0,0,0,6,1,0,0,0,0,0,1.0,1.0,1.0,0.0,0.0,0.16666666666666666,3,0,0
3645,43,21,22,0,6,1,36,18,1,0,0,16,15,0,0,0,6,1,0,0,0,0,0,1.0,1.0,1.0,0.0,0.0,0.16666666666666666,3,0,0
3646,43,21,22,0,6,1,36,18,1,0,0,16,15,0,0,0,6,1,0,0,0,0,0,1.0,1.0,1.0,0.0,0.0,0.16666666666666666,3,0,0
3647,43,21,22,0,6,1,36,18,1,0,0,16,15,0,0,0,6,1,0,0,0,0,0,1.0,1.0,1.0,0.0,0.0,0.16666666666666666,3,0,0
3648,43,21,22,0,6,1,36,18,1,0,0,16,15,0,0,0,6,1,0,0,0,0,0,1.0,1.0,1.0,0.0,0.0,0.16666666666666666,3,0,0
3649,43,21,22,0,6,1,36,18,1,0,0,16,15,0,0,0,6,1,0,0,0,0,0,1.0,1.0,1.0,0.0,0.0,0.16666666666666666,3,0,0
3650,46,23,23,3,6,1,36,18,0,0,1,17,15,1,0,0,6,1,0,1,0,0,0,1.0,1.0,1.0,0.06976744186046512,0.06976744186046512,0.16666666666666666,3,3,0
3651,45,23,22,3,6,1,35,17,0,0,1,17,15,0,1,0,6,1,0,0,0,0,0,1.0,1.0,0.9444444444444444,0.0,0.0,0.16666666666666666,3,0,1
3652,45,23,22,3,6,1,35,17,0,0,1,17,15,0,0,0,6,1,0,0,0,0,0,1.0,1.0,1.0,0.0,0.0,0.16666666666666666,3,0,0
3653,45,23,22,3,6,1,35,17,0,0,1,17,15,0,0,0,6,1,0,0,0,0,0,1.0,1.0,1.0,0.0,0.0,0.16666666666666666,3,0,0
3654,45,23,22,3,6,1,35,17,0,0,1,17,15,0,0,0,6,1,0,0,0,0,0,1.0,1.0,1.0,0.0,0.0,0.16666666666666666,3,0,0
3655,45,23,22,3,6,1,35,17,0,0,1,17,15,0,0,0,6,1,0,0,0,0,0,1.0,1.0,1.0,0.0,0.0,0.16666666666666666,3,0,0
3656,45,23,22,3,6,1,35,17,0,0,1,17,15,0,0,0,6,1,0,0,0,0,0,1.0,1.0,1.0,0.0,0.0,0.16666666666666666,3,0,0
3657,45,23,22,3,6,1,35,17,0,0,1,17,15,0,0,0,6,1,0,0,0,0,0,1.0,1.0,1.0,0.0,0.0,0.16666666666666666,3,0,0
3658,45,23,22,3,6,1,35,17,0,0,1,17,15,0,0,0,6,1,0,0,0,0,0,1.0,1.0,1.0,0.0,0.0,0.16666666666666666,3,0,0
3659,45,23,22,3,6,1,35,17,0,0,1,17,15,0,0,0,6,1,0,0,0,0,0,1.0,1.0,1.0,0.0,0.0,0.16666666666666666,3,0,0
3660,45,23,22,3,6,1,35,17,0,0,1,17,15,0,0,0,6,1,0,0,0,0,0,1.0,1.0,1.0,0.0,0.0,0.16666666666666666,3,0,0
3661,45,23,22,3,6,1,35,17,0,0,1,17,15,0,0,0,6,1,0,0,0,0,0,1.0,1.0,1.0,0.0,0.0,0.16666666666666666,3,0,0
3662,45,23,22,3,6,1,35,17,0,0,1,17,15,0,0,0,6,1,0,0,0,0,0,1.0,1.0,1.0,0.0,0.0,0.16666666666666666,3,0,0
3663,45,23,22,3,6,1,35,17,0,0,1,17,15,0,0,0,6,1,0,0,0,0,0,1.0,1.0,1.0,0.0,0.0,0.16666666666666666,3,0,0
3664,45,23,22,3,6,1,35,17,0,0,1,17,15,0,0,0,6,1,0,0,0,0,0,1.0,1.0,1.0,0.0,0.0,0.16666666666666666,3,0,0
3665,45,23,22,3,6,1,35,17,0,0,1,17,15,0,0,0,6,1,0,0,0,0,0,1.0,1.0,1.0,0.0,0.0,0.16666666666666666,3,0,0
3666,45,23,22,3,6,1,35,17,0,0,1,17,15,0,0,0,6,1,0,0,0,0,0,1.0,1.0,1.0,0.0,0.0,0.16666666666666666,3,0,0
3667,45,23,22,3,6,1,35,17,0,0,1,17,15,0,0,0,6,1,0,0,0,0,0,1.0,1.0,1.0,0.0,0.0,0.16666666666666666,3,0,0
3668,45,23,22,3,6,1,35,17,0,0,1,17,15,0,0,0,6,1,0,0,0,0,0,1.0,1.0,1.0,0.0,0.0,0.16666666666666666,3,0,0
3669,45,23,22,3,6,1,35,17,0,0,1,17,15,0,0,0,6,1,0,0,0,0,0,1.0,1.0,1.0,0.0,0.0,0.16666666666666666,3,0,0
3670,45,23,22,3,6,1,35,17,0,0,1,17,15,0,0,0,6,1,0,0,0,0,0,1.0,1.0,1.0,0.0,0.0,0.16666666666666666,3,0,0
3671,45,23,22,3,6,1,35,17,0,0,1,17,15,0,0,0,6,1,0,0,0,0,0,1.0,1.0,1.0,0.0,0.0,0.16666666666666666,3,0,0
3672,45,23,22,3,6,1,35,17,0,0,1,17,15,0,0,0,6,1,0,0,0,0,0,1.0,1.0,1.0,0.0,0.0,0.16666666666666666,3,0,0
3673,45,23,22,3,6,1,35,17,0,0,1,17,15,0,0,0,6,1,0,0,0,0,0,1.0,1.0,1.0,0.0,0.0,0.16666666666666666,3,0,0
3674,45,23,22,3,6,1,35,17,0,0,1,17,15,0,0,0,6,1,0,0,0,0,0,1.0,1.0,1.0,0.0,0.0,0.16666666666666666,3,0,0
3675,43,22,21,3,5,1,34,17,0,0,1,16,15,0,0,0,6,1,0,0,1,0,1,0.8888888888888888,0.9444444444444444,1.0,0.0,0.0,0.16666666666666666,3,0,2
3676,43,22,21,3,5,1,34,17,0,0,1,16,15,0,0,0,6,1,0,0,0,0,0,1.0,1.0,1.0,0.0,0.0,0.16666666666666666,3,0,0
3677,43,22,21,3,5,1,34,17,0,0,1,16,15,0,0,0,6,1,0,0,0,0,0,1.0,1.0,1.0,0.0,0.0,0.16666666666666666,3,0,0
3678,43,22,21,3,5,1,34,17,0,0,1,16,15,0,0,0,6,1,0,0,0,0,0,1.0,1.0,1.0,0.0,0.0,0.16666666666666666,3,0,0
3679,43,22,21,3,5,1,34,17,0,0,1,16,15,0,0,0,6,1,0,0,0,0,0,1.0,1.0,1.0,0.0,0.0,0.16666666666666666,3,0,0
3680,43,22,21,3,5,1,34,17,1,0,1,16,15,0,0,0,4,1,0,0,0,0,0,1.0,1.0,1.0,0.0,0.0,0.25,3,0,0
3681,43,22,21,3,5,1,34,17,1,0,1,16,15,0,0,0,0,0,0,0,0,0,0,1.0,1.0,1.0,0.0,0.0,0.0,3,0,0
3682,43,22,21,3,5,1,34,17,1,0,1,16,15,0,0,0,0,0,0,0,0,0,0,1.0,1.0,1.0,0.0,0.0,0.0,3,0,0
3683,43,22,21,3,5,1,34,17,1,0,1,16,15,0,0,0,0,0,0,0,0,0,0,1.0,1.0,1.0,0.0,0.0,0.0,3,0,0
3684,43,22,21,3,5,1,34,17,1,0,1,16,15,0,0,0,0,0,0,0,0,0,0,1.0,1.0,1.0,0.0,0.0,0.0,3,0,0
3685,43,22,21,3,5,1,34,17,1,0,1,16,15,0,0,0,0,0,0,0,0,0,0,1.0,1.0,1.0,0.0,0.0,0.0,3,0,0
3686,43,22,21,3,5,1,34,17,1,0,1,16,15,0,0,0,0,0,0,0,0,0,0,1.0,1.0,1.0,0.0,0.0,0.0,3,0,0
3687,43,22,21,3,5,1,34,17,1,0,1,16,15,0,0,0,0,0,0,0,0,0,0,1.0,1.0,1.0,0.0,0.0,0.0,3,0,0
3688,43,22,21,3,5,1,34,17,1,0,1,16,15,0,0,0,0,0,0,0,0,0,0,1.0,1.0,1.0,0.0,0.0,0.0,3,0,0
3689,43,22,21,3,5,1,34,17,1,0,1,16,15,0,0,0,0,0,0,0,0,0,0,1.0,1.0,1.0,0.0,0.0,0.0,3,0,0
3690,43,22,21,3,5,1,34,17,1,0,1,16,15,0,0,0,0,0,0,0,0,0,0,1.0,1.0,1.0,0.0,0.0,0.0,3,0,0
3691,43,22,21,3,5,1,34,17,1,0,1,16,15,0,0,0,0,0,0,0,0,0,0,1.0,1.0,1.0,0.0,0.0,0.0,3,0,0
3692,43,22,21,3,5,1,34,17,1,0,1,16,15,0,0,0,0,0,0,0,0,0,0,1.0,1.0,1.0,0.0,0.0,0.0,3,0,0
3693,42,22,20,0,8,1,33,16,1,0,1,16,14,0,0,0,0,0,0,0,0,0,0,1.0,1.0,0.9411764705882353,0.0,0.0,0.0,3,0,1
3694,42,22,20,0,8,1,33,16,1,0,1,16,14,0,0,0,0,0,0,0,0,0,0,1.0,1.0,1.0,0.0,0.0,0.0,3,0,0
3695,42,22,20,0,8,1,33,16,1,0,0,16,14,0,0,0,0,0,0,0,0,0,0,1.0,1.0,1.0,0.0,0.0,0.0,3,0,0
3696,42,22,20,0,8,1,33,16,2,0,0,16,14,0,0,0,7,1,0,0,0,0,0,1.0,1.0,1.0,0.0,0.0,0.14285714285714285,3,0,0
3697,42,22,20,0,8,1,33,16,2,0,0,16,14,0,0,0,0,0,0,0,0,0,0,1.0,1.0,1.0,0.0,0.0,0.0,3,0,0
3698,42,22,20,0,8,1,33,16,2,0,0,16,14,0,0,0,0,0,0,0,0,0,0,1.0,1.0,1.0,0.0,0.0,0.0,3,0,0
3699,42,22,20,0,8,1,33,16,2,0,0,16,14,0,0,0,0,0,0,0,0,0,0,1.0,1.0,1.0,0.0,0.0,0.0,3,0,0
3700,42,22,20,0,8,1,33,16,2,0,0,16,14,0,0,0,0,0,0,0,0,0,0,1.0,1.0,1.0,0.0,0.0,0.0,3,0,0
3701,42,22,20,0,8,1,33,16,2,0,0,16,14,0,0,0,0,0,0,0,0,0,0,1.0,1.0,1.0,0.0,0.0,0.0,3,0,0
3702,42,22,20,0,8,1,33,16,2,0,0,16,14,0,0,0,0,0,0,0,0,0,0,1.0,1.0,1.0,0.0,0.0,0.0,3,0,0
3703,42,22,20,0,8,1,33,16,2,0,0,16,14,0,0,0,0,0,0,0,0,0,0,1.0,1.0,1.0,0.0,0.0,0.0,3,0,0
3704,42,22,20,0,8,1,33,16,2,0,0,16,14,0,0,0,0,0,0,0,0,0,0,1.0,1.0,1.0,0.0,0.0,0.0,3,0,0
3705,42,22,20,0,8,1,33,16,2,0,0,16,14,0,0,0,0,0,0,0,0,0,0,1.0,1.0,1.0,0.0,0.0,0.0,3,0,0
3706,42,22,20,0,8,1,33,16,2,0,0,16,14,0,0,0,0,0,0,0,0,0,0,1.0,1.0,1.0,0.0,0.0,0.0,3,0,0
3707,42,22,20,0,8,1,33,16,2,0,0,16,14,0,0,0,0,0,0,0,0,0,0,1.0,1.0,1.0,0.0,0.0,0.0,3,0,0
3708,42,22,20,0,8,1,33,16,2,0,0,16,14,0,0,0,0,0,0,0,0,0,0,1.0,1.0,1.0,0.0,0.0,0.0,3,0,0
3709,42,22,20,0,8,1,33,16,2,0,0,16,14,0,0,0,0,0,0,0,0,0,0,1.0,1.0,1.0,0.0,0.0,0.0,3,0,0
3710,42,22,20,0,8,1,33,16,2,0,0,16,14,0,0,0,0,0,0,0,0,0,0,1.0,1.0,1.0,0.0,0.0,0.0,3,0,0
3711,42,22,20,0,8,1,33,16,2,0,0,16,14,0,0,0,0,0,0,0,0,0,0,1.0,1.0,1.0,0.0,0.0,0.0,3,0,0
3712,42,22,20,0,8,1,33,16,2,0,0,16,14,0,0,0,0,0,0,0,0,0,0,1.0,1.0,1.0,0.0,0.0,0.0,3,0,0
3713,42,22,20,0,8,1,33,16,2,0,0,16,14,0,0,0,0,0,0,0,0,0,0,1.0,1.0,1.0,0.0,0.0,0.0,3,0,0
3714,42,22,20,0,8,1,33,16,2,0,0,16,14,0,0,0,0,0,0,0,0,0,0,1.0,1.0,1.0,0.0,0.0,0.0,3,0,0
3715,42,22,20,0,8,1,33,16,2,0,0,16,14,0,0,0,0,0,0,0,0,0,0,1.0,1.0,1.0,0.0,0.0,0.0,3,0,0
3716,42,22,20,0,8,1,33,16,2,0,0,16,14,0,0,0,0,0,0,0,0,0,0,1.0,1.0,1.0,0.0,0.0,0.0,3,0,0
3717,42,22,20,0,8,1,33,16,2,0,0,16,14,0,0,0,0,0,0,0,0,0,0,1.0,1.0,1.0,0.0,0.0,0.0,3,0,0
3718,42,22,20,0,8,1,33,16,2,0,0,16,14,0,0,0,0,0,0,0,0,0,0,1.0,1.0,1.0,0.0,0.0,0.0,3,0,0
3719,42,22,20,0,8,1,33,16,2,0,0,16,14,0,0,0,0,0,0,0,0,3,0,1.0,1.0,1.0,0.0,0.0,0.0,3,0,0
3720,42,22,20,0,8,1,33,16,2,0,0,16,14,0,0,0,0,0,0,0,0,0,0,1.0,1.0,1.0,0.0,0.0,0.0,3,0,0
3721,42,22,20,0,8,1,33,16,2,0,0,16,14,0,0,0,0,0,0,0,0,0,0,1.0,1.0,1.0,0.0,0.0,0.0,3,0,0
3722,42,22,20,0,8,1,33,16,2,0,0,16,14,0,0,0,0,0,0,0,0,0,0,1.0,1.0,1.0,0.0,0.0,0.0,3,0,0
3723,42,22,20,0,5,4,33,16,2,0,0,16,14,0,0,0,0,0,0,0,0,0,0,1.0,1.0,1.0,0.0,0.0,0.0,3,0,0
3724,42,22,20,0,5,4,33,16,2,0,0,16,14,0,0,0,0,0,0,0,0,0,0,1.0,1.0,1.0,0.0,0.0,0.0,3,0,0
3725,42,22,20,0,5,4,33,16,2,0,0,16,14,0,0,0,0,0,0,0,0,0,0,1.0,1.0,1.0,0.0,0.0,0.0,3,0,0
3726,42,22,20,0,5,4,33,16,2,0,0,16,14,0,0,0,0,0,0,0,0,0,0,1.0,1.0,1.0,0.0,0.0,0.0,3,0,0
3727,42,22,20,0,5,4,33,16,2,0,0,16,14,0,0,0,0,0,0,0,0,0,0,1.0,1.0,1.0,0.0,0.0,0.0,3,0,0
3728,42,22,20,0,5,4,33,16,2,0,0,16,14,0,0,0,0,0,0,0,0,0,0,1.0,1.0,1.0,0.0,0.0,0.0,3,0,0
3729,42,22,20,0,5,4,33,16,2,0,0,16,14,0,0,0,0,0,0,0,0,1,0,1.0,1.0,1.0,0.0,0.0,0.0,3,0,0
3730,42,22,20,0,5,4,33,16,2,0,0,16,14,0,0,0,0,0,0,0,0,0,0,1.0,1.0,1.0,0.0,0.0,0.0,3,0,0
3731,42,22,20,0,5,4,33,16,2,0,0,16,14,0,0,0,0,0,0,0,0,0,0,1.0,1.0,1.0,0.0,0.0,0.0,3,0,0
3732,42,22,20,0,5,4,33,16,2,0,0,16,14,0,0,0,0,0,0,0,0,0,0,1.0,1.0,1.0,0.0,0.0,0.0,3,0,0
3733,42,22,20,0,4,5,33,16,2,0,0,16,14,0,0,0,0,0,0,0,0,0,0,1.0,1.0,1.0,0.0,0.0,0.0,3,0,0
3734,42,22,20,0,4,5,33,16,2,0,0,16,14,0,0,0,0,0,0,0,0,0,0,1.0,1.0,1.0,0.0,0.0,0.0,3,0,0
3735,42,22,20,0,4,5,33,16,2,0,0,16,14,0,0,0,0,0,0,0,0,0,0,1.0,1.0,1.0,0.0,0.0,0.0,3,0,0
3736,42,22,20,0,4,5,33,16,2,0,0,16,14,0,0,0,0,0,0,0,0,0,0,1.0,1.0,1.0,0.0,0.0,0.0,3,0,0
3737,42,22,20,0,4,5,33,16,2,0,0,16,14,0,0,0,0,0,0,0,0,0,0,1.0,1.0,1.0,0.0,0.0,0.0,3,0,0
3738,42,22,20,0,4,5,33,16,2,0,0,16,14,0,0,0,0,0,0,0,0,0,0,1.0,1.0,1.0,0.0,0.0,0.0,3,0,0
3739,41,21,20,0,4,5,32,16,2,0,0,15,14,0,0,0,0,0,0,0,0,0,0,1.0,0.9411764705882353,1.0,0.0,0.0,0.0,3,0,1
3740,41,21,20,0,4,5,32,16,2,0,0,15,14,0,0,0,0,0,0,0,0,0,0,1.0,1.0,1.0,0.0,0.0,0.0,3,0,0
3741,41,21,20,0,4,5,32,16,2,0,0,15,14,0,0,0,0,0,0,0,0,0,0,1.0,1.0,1.0,0.0,0.0,0.0,3,0,0
3742,41,21,20,0,4,5,32,16,2,0,0,15,14,0,0,0,0,0,0,0,0,0,0,1.0,1.0,1.0,0.0,0.0,0.0,3,0,0
3743,41,21,20,0,4,5,32,16,2,0,0,15,14,0,0,0,0,0,0,0,0,0,0,1.0,1.0,1.0,0.0,0.0,0.0,3,0,0
3744,41,21,20,0,4,5,32,16,2,0,0,15,14,0,0,0,0,0,0,0,0,0,0,1.0,1.0,1.0,0.0,0.0,0.0,3,0,0
3745,45,25,20,4,4,5,32,16,1,0,1,15,14,0,0,0,0,0,0,1,0,0,0,1.0,1.0,1.0,0.0975609756097561,0.0975609756097561,0.0,3,4,0
3746,45,25,20,4,4,4,33,16,1,0,1,15,14,0,0,0,0,0,0,0,0,0,0,1.0,1.0,1.0,0.0,0.0,0.0,3,0,0
3747,45,25,20,4,4,4,33,16,1,0,1,16,14,1,0,0,0,0,0,0,0,0,0,1.0,1.0,1.0,0.0,0.0,0.0,3,0,0
3748,45,25,20,4,4,4,33,16,1,0,1,16,14,0,0,0,0,0,0,0,0,0,0,1.0,1.0,1.0,0.0,0.0,0.0,3,0,0
3749,45,25,20,4,4,4,33,16,1,0,1,16,14,0,0,0,0,0,0,0,0,0,0,1.0,1.0,1.0,0.0,0.0,0.0,3,0,0
3750,45,25,20,4,4,4,33,16,1,0,1,16,14,0,0,0,0,0,0,0,0,0,0,1.0,1.0,1.0,0.0,0.0,0.0,3,0,0
3751,45,25,20,4,4,4,33,16,1,0,1,16,14,0,0,0,0,0,0,0,0,0,0,1.0,1.0,1.0,0.0,0.0,0.0,3,0,0
3752,45,25,20,4,4,4,33,16,1,0,1,16,14,0,0,0,0,0,0,0,0,0,0,1.0,1.0,1.0,0.0,0.0,0.0,3,0,0
3753,45,25,20,4,4,4,33,16,1,0,1,16,14,0,0,0,0,0,0,0,0,1,0,1.0,1.0,1.0,0.0,0.0,0.0,3,0,0
3754,45,25,20,4,4,4,33,16,1,0,1,16,14,0,0,0,0,0,0,0,0,0,0,1.0,1.0,1.0,0.0,0.0,0.0,3,0,0
3755,45,25,20,4,4,4,33,16,1,0,1,16,14,0,0,0,0,0,0,0,0,0,0,1.0,1.0,1.0,0.0,0.0,0.0,3,0,0
3756,45,25,20,4,4,4,33,16,1,0,1,16,14,0,0,0,0,0,0,0,0,0,0,1.0,1.0,1.0,0.0,0.0,0.0,3,0,0
3757,45,25,20,4,3,5,33,16,1,0,1,16,14,0,0,0,0,0,0,0,0,0,0,1.0,1.0,1.0,0.0,0.0,0.0,3,0,0
3758,45,25,20,4,3,5,33,16,1,0,1,16,14,0,0,0,0,0,0,0,0,0,0,1.0,1.0,1.0,0.0,0.0,0.0,3,0,0
3759,45,25,20,4,3,5,33,16,1,0,1,16,14,0,0,0,0,0,0,0,0,0,0,1.0,1.0,1.0,0.0,0.0,0.0,3,0,0
3760,45,25,20,4,3,5,33,16,1,0,1,16,14,0,0,0,0,0,0,0,0,0,0,1.0,1.0,1.0,0.0,0.0,0.0,3,0,0
3761,49,28,21,8,3,5,33,16,0,0,2,16,14,0,0,0,0,0,0,1,0,0,0,1.0,1.0,1.0,0.08888888888888889,0.08888888888888889,0.0,3,4,0
3762,49,28,21,8,3,5,33,16,0,0,2,16,14,0,0,0,0,0,0,0,0,0,0,1.0,1.0,1.0,0.0,0.0,0.0,3,0,0
3763,48,27,21,7,3,5,33,16,0,0,2,16,14,0,0,0,0,0,0,0,1,0,1,0.9090909090909091,1.0,1.0,0.0,0.0,0.0,3,0,1
3764,48,27,21,7,3,5,33,16,0,0,2,16,14,0,0,0,0,0,0,0,0,0,0,1.0,1.0,1.0,0.0,0.0,0.0,3,0,0
3765,48,27,21,7,3,5,33,16,0,0,2,16,14,0,0,0,0,0,0,0,0,0,0,1.0,1.0,1.0,0.0,0.0,0.0,3,0,0
3766,48,27,21,7,3,5,33,16,0,0,2,16,14,0,0,0,0,0,0,0,0,0,0,1.0,1.0,1.0,0.0,0.0,0.0,3,0,0
3767,48,27,21,7,3,5,33,16,0,0,2,16,14,0,0,0,0,0,0,0,0,0,0,1.0,1.0,1.0,0.0,0.0,0.0,3,0,0
3768,48,27,21,7,3,5,33,16,0,0,2,16,14,0,0,0,0,0,0,0,0,0,0,1.0,1.0,1.0,0.0,0.0,0.0,3,0,0
3769,48,27,21,7,3,5,33,16,0,0,2,16,14,0,0,0,0,0,0,0,0,0,0,1.0,1.0,1.0,0.0,0.0,0.0,3,0,0
3770,48,27,21,7,3,5,33,16,0,0,2,16,14,0,0,0,0,0,0,0,0,0,0,1.0,1.0,1.0,0.0,0.0,0.0,3,0,0
3771,48,27,21,7,3,5,33,16,0,0,2,16,14,0,0,0,0,0,0,0,0,0,0,1.0,1.0,1.0,0.0,0.0,0.0,3,0,0
3772,48,27,21,7,3,5,33,16,0,0,2,16,14,0,0,0,0,0,0,0,0,0,0,1.0,1.0,1.0,0.0,0.0,0.0,3,0,0
3773,48,27,21,7,3,5,33,16,0,0,2,16,14,0,0,0,0,0,0,0,0,0,0,1.0,1.0,1.0,0.0,0.0,0.0,3,0,0
3774,48,27,21,7,3,5,33,16,0,0,2,16,14,0,0,0,0,0,0,0,0,0,0,1.0,1.0,1.0,0.0,0.0,0.0,3,0,0
3775,48,27,21,7,3,5,33,16,0,0,2,16,14,0,0,0,0,0,0,0,0,0,0,1.0,1.0,1.0,0.0,0.0,0.0,3,0,0
3776,48,27,21,7,3,5,33,16,0,0,2,16,14,0,0,0,0,0,0,0,0,0,0,1.0,1.0,1.0,0.0,0.0,0.0,3,0,0
3777,48,27,21,7,3,5,33,16,0,0,2,16,14,0,0,0,0,0,0,0,0,0,0,1.0,1.0,1.0,0.0,0.0,0.0,3,0,0
3778,48,27,21,7,3,5,33,16,0,0,2,16,14,0,0,0,0,0,0,0,0,0,0,1.0,1.0,1.0,0.0,0.0,0.0,3,0,0
3779,48,27,21,7,3,5,33,16,0,0,2,16,14,0,0,0,0,0,0,0,0,0,0,1.0,1.0,1.0,0.0,0.0,0.0,3,0,0
3780,48,27,21,7,3,5,33,16,0,0,2,16,14,0,0,0,0,0,0,0,0,0,0,1.0,1.0,1.0,0.0,0.0,0.0,3,0,0
3781,48,27,21,7,3,5,33,16,0,0,2,16,14,0,0,0,0,0,0,0,0,0,0,1.0,1.0,1.0,0.0,0.0,0.0,3,0,0
3782,48,27,21,7,3,5,33,16,0,0,2,16,14,0,0,0,0,0,0,0,0,0,0,1.0,1.0,1.0,0.0,0.0,0.0,3,0,0
3783,48,27,21,7,3,5,33,16,0,0,2,16,14,0,0,0,0,0,0,0,0,0,0,1.0,1.0,1.0,0.0,0.0,0.0,3,0,0
3784,48,27,21,7,3,5,33,16,0,0,2,16,14,0,0,0,0,0,0,0,0,0,0,1.0,1.0,1.0,0.0,0.0,0.0,3,0,0
3785,48,27,21,7,3,5,33,16,0,0,2,16,14,0,0,0,0,0,0,0,0,0,0,1.0,1.0,1.0,0.0,0.0,0.0,3,0,0
3786,48,27,21,7,3,5,33,16,0,0,2,16,14,0,0,0,0,0,0,0,0,0,0,1.0,1.0,1.0,0.0,0.0,0.0,3,0,0
3787,48,27,21,7,3,5,33,16,0,0,2,16,14,0,0,0,0,0,0,0,0,0,0,1.0,1.0,1.0,0.0,0.0,0.0,3,0,0
3788,48,27,21,4,6,5,33,16,0,0,2,16,14,0,0,0,0,0,0,0,0,0,0,1.0,1.0,1.0,0.0,0.0,0.0,3,0,0
3789,48,27,21,4,6,5,33,16,0,0,2,16,14,0,0,0,0,0,0,0,0,0,0,1.0,1.0,1.0,0.0,0.0,0.0,3,0,0
3790,48,27,21,4,6,5,33,16,0,0,1,16,14,0,0,0,0,0,0,0,0,0,0,1.0,1.0,1.0,0.0,0.0,0.0,3,0,0
3791,48,27,21,4,6,5,33,16,1,0,1,16,14,0,0,0,7,1,0,0,0,0,0,1.0,1.0,1.0,0.0,0.0,0.14285714285714285,3,0,0
3792,48,27,21,4,6,5,33,16,1,0,1,16,14,0,0,0,0,0,0,0,0,0,0,1.0,1.0,1.0,0.0,0.0,0.0,3,0,0
3793,48,27,21,4,6,5,33,16,1,0,1,16,14,0,0,0,0,0,0,0,0,0,0,1.0,1.0,1.0,0.0,0.0,0.0,3,0,0
3794,48,27,21,4,6,5,33,16,1,0,1,16,14,0,0,0,0,0,0,0,0,0,0,1.0,1.0,1.0,0.0,0.0,0.0,3,0,0
3795,48,27,21,4,6,5,33,16,1,0,1,16,14,0,0,0,0,0,0,0,0,0,0,1.0,1.0,1.0,0.0,0.0,0.0,3,0,0
3796,48,27,21,4,6,5,33,16,1,0,1,16,14,0,0,0,0,0,0,0,0,0,0,1.0,1.0,1.0,0.0,0.0,0.0,3,0,0
3797,48,27,21,4,6,4,34,17,2,0,1,16,14,0,0,0,6,1,0,0,0,0,0,1.0,1.0,1.0,0.0,0.0,0.16666666666666666,3,0,0
3798,48,27,21,4,6,4,34,17,2,0,1,16,14,0,0,0,0,0,0,0,0,0,0,1.0,1.0,1.0,0.0,0.0,0.0,3,0,0
3799,47,26,21,4,6,4,33,17,2,0,1,16,14,0,0,0,0,0,0,0,0,0,0,1.0,0.9411764705882353,1.0,0.0,0.0,0.0,3,0,1
3800,47,26,21,4,6,4,33,17,2,0,1,16,14,0,0,0,0,0,0,0,0,0,0,1.0,1.0,1.0,0.0,0.0,0.0,3,0,0
3801,47,26,21,4,6,4,33,17,2,0,1,16,14,0,0,0,0,0,0,0,0,0,0,1.0,1.0,1.0,0.0,0.0,0.0,3,0,0
3802,47,26,21,4,6,4,33,17,2,0,1,16,14,0,0,0,0,0,0,0,0,0,0,1.0,1.0,1.0,0.0,0.0,0.0,3,0,0
3803,46,25,21,4,5,4,33,17,2,0,1,16,14,0,0,0,0,0,0,0,1,0,1,0.9,1.0,1.0,0.0,0.0,0.0,3,0,1
3804,46,25,21,0,9,4,33,17,2,0,1,16,14,0,0,0,0,0,0,0,0,0,0,1.0,1.0,1.0,0.0,0.0,0.0,3,0,0
3805,46,25,21,0,9,4,33,17,2,0,1,16,14,0,0,0,0,0,0,0,0,0,0,1.0,1.0,1.0,0.0,0.0,0.0,3,0,0
3806,45,25,20,0,9,4,32,16,2,0,0,16,13,0,0,0,0,0,0,0,0,0,0,1.0,1.0,0.9411764705882353,0.0,0.0,0.0,2,0,1
3807,45,25,20,0,9,4,32,16,3,0,0,16,13,0,0,0,8,1,0,0,0,0,0,1.0,1.0,1.0,0.0,0.0,0.125,2,0,0
3808,45,25,20,0,9,4,32,16,3,0,0,16,13,0,0,0,0,0,0,0,0,0,0,1.0,1.0,1.0,0.0,0.0,0.0,2,0,0
3809,45,25,20,0,9,4,32,16,3,0,0,16,13,0,0,0,0,0,0,0,0,0,0,1.0,1.0,1.0,0.0,0.0,0.0,2,0,0
3810,45,25,20,0,9,4,32,16,3,0,0,16,13,0,0,0,0,0,0,0,0,0,0,1.0,1.0,1.0,0.0,0.0,0.0,2,0,0
3811,45,25,20,0,9,4,32,16,3,0,0,16,13,0,0,0,0,0,0,0,0,0,0,1.0,1.0,1.0,0.0,0.0,0.0,2,0,0
3812,45,25,20,0,9,4,32,16,3,0,0,16,13,0,0,0,0,0,0,0,0,0,0,1.0,1.0,1.0,0.0,0.0,0.0,2,0,0
3813,45,25,20,0,9,4,32,16,3,0,0,16,13,0,0,0,0,0,0,0,0,0,0,1.0,1.0,1.0,0.0,0.0,0.0,2,0,0
3814,45,25,20,0,9,4,32,16,3,0,0,16,13,0,0,0,0,0,0,0,0,0,0,1.0,1.0,1.0,0.0,0.0,0.0,2,0,0
3815,45,25,20,0,9,4,32,16,3,0,0,16,13,0,0,0,0,0,0,0,0,0,0,1.0,1.0,1.0,0.0,0.0,0.0,2,0,0
3816,45,25,20,0,9,4,32,16,3,0,0,16,13,0,0,0,0,0,0,0,0,0,0,1.0,1.0,1.0,0.0,0.0,0.0,2,0,0
3817,45,25,20,0,9,4,32,16,3,0,0,16,13,0,0,0,0,0,0,0,0,0,0,1.0,1.0,1.0,0.0,0.0,0.0,2,0,0
3818,45,25,20,0,9,4,32,16,3,0,0,16,13,0,0,0,0,0,0,0,0,0,0,1.0,1.0,1.0,0.0,0.0,0.0,2,0,0
3819,45,25,20,0,9,4,32,16,3,0,0,16,13,0,0,0,0,0,0,0,0,0,0,1.0,1.0,1.0,0.0,0.0,0.0,2,0,0
3820,44,25,19,0,9,4,31,15,3,0,0,16,12,0,0,0,0,0,0,0,0,0,0,1.0,1.0,0.9375,0.0,0.0,0.0,2,0,1
3821,44,25,19,0,9,4,31,15,3,0,0,16,12,0,0,0,0,0,0,0,0,0,0,1.0,1.0,1.0,0.0,0.0,0.0,2,0,0
3822,44,25,19,0,9,4,31,15,3,0,0,16,12,0,0,0,0,0,0,0,0,0,0,1.0,1.0,1.0,0.0,0.0,0.0,2,0,0
3823,44,25,19,0,9,4,31,15,3,0,0,16,12,0,0,0,0,0,0,0,0,0,0,1.0,1.0,1.0,0.0,0.0,0.0,2,0,0
3824,44,25,19,0,9,4,31,15,3,0,0,16,12,0,0,0,0,0,0,0,0,0,0,1.0,1.0,1.0,0.0,0.0,0.0,2,0,0
3825,44,25,19,0,9,4,31,15,3,0,0,16,12,0,0,0,0,0,0,0,0,0,0,1.0,1.0,1.0,0.0,0.0,0.0,2,0,0
3826,44,25,19,0,9,4,31,15,3,0,0,16,12,0,0,0,0,0,0,0,0,0,0,1.0,1.0,1.0,0.0,0.0,0.0,2,0,0
3827,44,25,19,0,9,4,31,15,3,0,0,16,12,0,0,0,0,0,0,0,0,0,0,1.0,1.0,1.0,0.0,0.0,0.0,2,0,0
3828,43,25,18,0,9,3,31,15,3,0,0,16,12,0,0,0,0,0,0,0,0,0,0,1.0,1.0,1.0,0.0,0.0,0.0,2,0,1
3829,43,25,18,0,9,3,31,15,3,0,0,16,12,0,0,0,0,0,0,0,0,0,0,1.0,1.0,1.0,0.0,0.0,0.0,2,0,0
3830,43,25,18,0,9,3,31,15,3,0,0,16,12,0,0,0,0,0,0,0,0,3,0,1.0,1.0,1.0,0.0,0.0,0.0,2,0,0
3831,43,25,18,0,9,3,31,15,3,0,0,16,12,0,0,0,0,0,0,0,0,0,0,1.0,1.0,1.0,0.0,0.0,0.0,2,0,0
3832,42,25,17,0,8,3,31,15,3,0,0,16,12,0,0,0,0,0,0,0,0,0,0,0.8888888888888888,1.0,1.0,0.0,0.0,0.0,2,0,1
3833,42,25,17,0,8,3,31,15,3,0,0,16,12,0,0,0,0,0,0,0,0,0,0,1.0,1.0,1.0,0.0,0.0,0.0,2,0,0
3834,42,25,17,0,6,5,31,15,3,0,0,16,12,0,0,0,0,0,0,0,0,0,0,1.0,1.0,1.0,0.0,0.0,0.0,2,0,0
3835,42,25,17,0,6,5,31,15,3,0,0,16,12,0,0,0,0,0,0,0,0,0,0,1.0,1.0,1.0,0.0,0.0,0.0,2,0,0
3836,42,25,17,0,6,5,31,15,3,0,0,16,13,0,1,0,0,0,0,0,0,0,0,1.0,1.0,1.0,0.0,0.0,0.0,2,0,0
3837,42,25,17,0,6,5,31,15,3,0,0,16,14,0,1,0,0,0,0,0,0,0,0,1.0,1.0,1.0,0.0,0.0,0.0,2,0,0
3838,42,25,17,0,6,5,31,15,3,0,0,16,14,0,0,0,0,0,0,0,0,0,0,1.0,1.0,1.0,0.0,0.0,0.0,2,0,0
3839,41,24,17,0,5,5,31,15,3,0,0,16,14,0,0,0,0,0,0,0,1,0,1,0.8333333333333334,1.0,1.0,0.0,0.0,0.0,2,0,1
3840,41,24,17,0,5,5,31,15,3,0,0,16,14,0,0,0,0,0,0,0,0,0,0,1.0,1.0,1.0,0.0,0.0,0.0,2,0,0
3841,41,24,17,0,5,5,31,15,3,0,0,16,14,0,0,0,0,0,0,0,0,0,0,1.0,1.0,1.0,0.0,0.0,0.0,2,0,0
3842,41,24,17,0,5,5,31,15,3,0,0,16,14,0,0,0,0,0,0,0,0,0,0,1.0,1.0,1.0,0.0,0.0,0.0,2,0,0
3843,41,24,17,0,5,5,31,15,3,0,0,16,14,0,0,0,0,0,0,0,0,0,0,1.0,1.0,1.0,0.0,0.0,0.0,2,0,0
3844,41,24,17,0,5,5,31,15,3,0,0,16,14,0,0,0,0,0,0,0,0,0,0,1.0,1.0,1.0,0.0,0.0,0.0,2,0,0
3845,41,24,17,0,5,5,31,15,3,0,0,16,14,0,0,0,0,0,0,0,0,0,0,1.0,1.0,1.0,0.0,0.0,0.0,2,0,0
3846,41,24,17,0,5,5,31,15,3,0,0,16,14,0,0,0,0,0,0,0,0,0,0,1.0,1.0,1.0,0.0,0.0,0.0,2,0,0
3847,41,24,17,0,5,5,31,15,3,0,0,16,14,0,0,0,0,0,0,0,0,0,0,1.0,1.0,1.0,0.0,0.0,0.0,2,0,0
3848,41,24,17,0,5,5,31,15,3,0,0,16,14,0,0,0,0,0,0,0,0,0,0,1.0,1.0,1.0,0.0,0.0,0.0,2,0,0
3849,41,24,17,0,5,5,31,15,3,0,0,16,14,0,0,0,0,0,0,0,0,0,0,1.0,1.0,1.0,0.0,0.0,0.0,2,0,0
3850,41,24,17,0,5,5,31,15,3,0,0,16,14,0,0,0,0,0,0,0,0,0,0,1.0,1.0,1.0,0.0,0.0,0.0,2,0,0
3851,41,24,17,0,5,5,31,15,3,0,0,16,14,0,0,0,0,0,0,0,0,0,0,1.0,1.0,1.0,0.0,0.0,0.0,2,0,0
3852,40,23,17,0,5,5,30,15,3,0,0,15,14,0,0,0,0,0,0,0,0,0,0,1.0,0.9375,1.0,0.0,0.0,0.0,2,0,1
3853,40,23,17,0,5,5,30,15,3,0,0,15,14,0,0,0,0,0,0,0,0,0,0,1.0,1.0,1.0,0.0,0.0,0.0,2,0,0
3854,39,22,17,0,4,5,30,15,3,0,0,15,14,0,0,0,0,0,0,0,1,0,1,0.8,1.0,1.0,0.0,0.0,0.0,2,0,1
3855,39,22,17,0,4,5,30,15,3,0,0,15,14,0,0,0,0,0,0,0,0,0,0,1.0,1.0,1.0,0.0,0.0,0.0,2,0,0
3856,43,23,20,4,4,5,30,15,2,0,1,15,14,0,0,0,0,0,0,1,0,0,0,1.0,1.0,1.0,0.10256410256410256,0.10256410256410256,0.0,2,4,0
3857,43,23,20,4,4,5,30,15,2,0,1,15,14,0,0,0,0,0,0,0,0,0,0,1.0,1.0,1.0,0.0,0.0,0.0,2,0,0
3858,43,23,20,4,4,4,31,15,2,0,1,15,14,0,0,0,0,0,0,0,0,0,0,1.0,1.0,1.0,0.0,0.0,0.0,2,0,0
3859,43,23,20,4,4,4,31,15,2,0,1,15,14,0,0,0,0,0,0,0,0,0,0,1.0,1.0,1.0,0.0,0.0,0.0,2,0,0
3860,43,23,20,4,4,4,31,15,2,0,1,15,14,0,0,0,0,0,0,0,0,0,0,1.0,1.0,1.0,0.0,0.0,0.0,2,0,0
3861,42,22,20,4,4,4,30,15,2,0,1,14,14,0,0,0,0,0,0,0,0,0,0,1.0,0.9375,1.0,0.0,0.0,0.0,2,0,1
3862,46,23,23,8,4,4,30,15,1,0,2,14,14,0,0,0,0,0,0,1,0,0,0,1.0,1.0,1.0,0.09523809523809523,0.09523809523809523,0.0,2,4,0
3863,46,23,23,8,4,4,30,15,1,0,2,14,14,0,0,0,0,0,0,0,0,0,0,1.0,1.0,1.0,0.0,0.0,0.0,2,0,0
3864,46,23,23,8,4,4,30,15,1,0,2,14,14,0,0,0,0,0,0,0,0,0,0,1.0,1.0,1.0,0.0,0.0,0.0,2,0,0
3865,46,23,23,8,4,4,30,15,1,0,2,14,14,0,0,0,0,0,0,0,0,0,0,1.0,1.0,1.0,0.0,0.0,0.0,2,0,0
3866,46,23,23,8,4,4,30,15,1,0,2,14,14,0,0,0,0,0,0,0,0,0,0,1.0,1.0,1.0,0.0,0.0,0.0,2,0,0
3867,45,23,22,7,4,4,30,15,1,0,2,14,14,0,0,0,0,0,0,0,1,0,1,0.9166666666666666,1.0,1.0,0.0,0.0,0.0,2,0,1
3868,45,23,22,7,4,4,30,15,1,0,2,14,14,0,0,0,0,0,0,0,0,0,0,1.0,1.0,1.0,0.0,0.0,0.0,2,0,0
3869,44,22,22,7,4,4,29,15,1,0,2,14,14,0,0,0,0,0,0,0,0,0,0,1.0,0.9333333333333333,1.0,0.0,0.0,0.0,2,0,1
3870,44,22,22,7,4,4,29,15,1,0,2,14,14,0,0,0,0,0,0,0,0,0,0,1.0,1.0,1.0,0.0,0.0,0.0,2,0,0
3871,44,22,22,7,4,4,29,15,1,0,2,14,14,0,0,0,0,0,0,0,0,0,0,1.0,1.0,1.0,0.0,0.0,0.0,2,0,0
3872,47,23,24,10,4,4,29,15,0,0,3,14,14,0,0,0,0,0,0,1,0,0,0,1.0,1.0,1.0,0.06818181818181818,0.06818181818181818,0.0,2,3,0
3873,47,23,24,10,4,4,29,15,0,0,3,14,14,0,0,0,0,0,0,0,0,0,0,1.0,1.0,1.0,0.0,0.0,0.0,2,0,0
3874,46,22,24,10,3,4,29,15,0,0,3,14,14,0,0,0,0,0,0,0,1,0,1,0.9285714285714286,1.0,1.0,0.0,0.0,0.0,2,0,1
3875,46,22,24,10,3,4,29,15,0,0,3,14,14,0,0,0,0,0,0,0,0,0,0,1.0,1.0,1.0,0.0,0.0,0.0,2,0,0
3876,46,22,24,10,3,4,29,15,0,0,3,14,14,0,0,0,0,0,0,0,0,0,0,1.0,1.0,1.0,0.0,0.0,0.0,2,0,0
3877,46,22,24,10,3,4,29,15,0,0,3,14,14,0,0,0,0,0,0,0,0,0,0,1.0,1.0,1.0,0.0,0.0,0.0,2,0,0
3878,46,22,24,10,3,3,30,16,0,0,3,14,14,0,0,0,0,0,0,0,0,0,0,1.0,1.0,1.0,0.0,0.0,0.0,2,0,0
3879,46,22,24,10,3,3,30,16,0,0,3,14,14,0,0,0,0,0,0,0,0,0,0,1.0,1.0,1.0,0.0,0.0,0.0,2,0,0
3880,46,22,24,10,3,3,30,16,0,0,3,14,14,0,0,0,0,0,0,0,0,0,0,1.0,1.0,1.0,0.0,0.0,0.0,2,0,0
3881,46,22,24,10,3,3,30,16,0,0,3,14,14,0,0,0,0,0,0,0,0,0,0,1.0,1.0,1.0,0.0,0.0,0.0,2,0,0
3882,46,22,24,10,3,3,30,16,0,0,3,14,14,0,0,0,0,0,0,0,0,0,0,1.0,1.0,1.0,0.0,0.0,0.0,2,0,0
3883,45,22,23,9,3,3,30,16,0,0,3,14,14,0,0,0,0,0,0,0,1,0,1,0.9230769230769231,1.0,1.0,0.0,0.0,0.0,2,0,1
3884,45,22,23,9,3,3,30,16,0,0,3,14,14,0,0,0,0,0,0,0,0,0,0,1.0,1.0,1.0,0.0,0.0,0.0,2,0,0
3885,45,22,23,9,3,3,30,16,0,0,3,14,14,0,0,0,0,0,0,0,0,0,0,1.0,1.0,1.0,0.0,0.0,0.0,2,0,0
3886,45,22,23,9,3,3,30,16,0,0,3,14,14,0,0,0,0,0,0,0,0,0,0,1.0,1.0,1.0,0.0,0.0,0.0,2,0,0
3887,44,21,23,8,3,3,30,16,0,0,3,14,14,0,0,0,0,0,0,0,1,0,1,0.9166666666666666,1.0,1.0,0.0,0.0,0.0,2,0,1
3888,44,21,23,8,3,3,30,16,0,0,3,14,14,0,0,0,0,0,0,0,0,0,0,1.0,1.0,1.0,0.0,0.0,0.0,2,0,0
3889,44,21,23,8,3,3,30,16,0,0,3,14,14,0,0,0,0,0,0,0,0,0,0,1.0,1.0,1.0,0.0,0.0,0.0,2,0,0
3890,44,21,23,8,3,3,30,16,0,0,3,14,14,0,0,0,0,0,0,0,0,0,0,1.0,1.0,1.0,0.0,0.0,0.0,2,0,0
3891,44,21,23,8,3,3,30,16,0,0,3,14,14,0,0,0,0,0,0,0,0,0,0,1.0,1.0,1.0,0.0,0.0,0.0,2,0,0
3892,44,21,23,8,3,2,31,16,1,0,3,14,14,0,0,0,6,1,0,0,0,0,0,1.0,1.0,1.0,0.0,0.0,0.16666666666666666,2,0,0
3893,44,21,23,8,3,2,31,16,1,0,3,14,14,0,0,0,0,0,0,0,0,0,0,1.0,1.0,1.0,0.0,0.0,0.0,2,0,0
3894,44,21,23,8,3,2,31,16,1,0,3,14,14,0,0,0,0,0,0,0,0,0,0,1.0,1.0,1.0,0.0,0.0,0.0,2,0,0
3895,44,21,23,8,3,2,31,16,1,0,3,14,14,0,0,0,0,0,0,0,0,0,0,1.0,1.0,1.0,0.0,0.0,0.0,2,0,0
3896,44,21,23,8,3,2,31,16,1,0,3,14,14,0,0,0,0,0,0,0,0,0,0,1.0,1.0,1.0,0.0,0.0,0.0,2,0,0
3897,44,21,23,8,3,2,31,16,1,0,3,14,14,0,0,0,0,0,0,0,0,0,0,1.0,1.0,1.0,0.0,0.0,0.0,2,0,0
3898,43,20,23,8,2,2,31,16,1,0,3,14,14,0,0,0,0,0,0,0,1,0,1,0.9090909090909091,1.0,1.0,0.0,0.0,0.0,2,0,1
3899,43,20,23,5,5,2,31,16,1,0,3,14,14,0,0,0,0,0,0,0,0,0,0,1.0,1.0,1.0,0.0,0.0,0.0,2,0,0
3900,43,20,23,5,5,2,31,16,1,0,3,14,14,0,0,0,0,0,0,0,0,0,0,1.0,1.0,1.0,0.0,0.0,0.0,2,0,0
3901,43,20,23,5,5,2,31,16,1,0,2,14,14,0,0,0,0,0,0,0,0,0,0,1.0,1.0,1.0,0.0,0.0,0.0,2,0,0
3902,43,20,23,5,5,2,31,16,1,0,2,14,14,0,0,0,0,0,0,0,0,0,0,1.0,1.0,1.0,0.0,0.0,0.0,2,0,0
3903,43,20,23,5,5,2,31,16,1,0,2,14,14,0,0,0,0,0,0,0,0,0,0,1.0,1.0,1.0,0.0,0.0,0.0,2,0,0
3904,43,20,23,5,5,2,31,16,1,0,2,14,14,0,0,0,0,0,0,0,0,0,0,1.0,1.0,1.0,0.0,0.0,0.0,2,0,0
3905,43,20,23,3,7,2,31,16,1,0,2,14,14,0,0,0,0,0,0,0,0,0,0,1.0,1.0,1.0,0.0,0.0,0.0,2,0,0
3906,43,20,23,3,7,2,31,16,1,0,2,14,14,0,0,0,0,0,0,0,0,0,0,1.0,1.0,1.0,0.0,0.0,0.0,2,0,0
3907,43,20,23,3,7,2,31,16,1,0,1,14,14,0,0,0,0,0,0,0,0,0,0,1.0,1.0,1.0,0.0,0.0,0.0,2,0,0
3908,42,19,23,3,7,1,31,16,1,0,1,14,14,0,0,0,0,0,0,0,0,0,0,1.0,1.0,1.0,0.0,0.0,0.0,2,0,1
3909,42,19,23,3,7,1,31,16,1,0,1,14,14,0,0,0,0,0,0,0,0,0,0,1.0,1.0,1.0,0.0,0.0,0.0,2,0,0
3910,42,19,23,3,7,1,31,16,1,0,1,14,14,0,0,0,0,0,0,0,0,0,0,1.0,1.0,1.0,0.0,0.0,0.0,2,0,0
3911,41,18,23,3,7,1,30,16,1,0,1,13,14,0,0,0,0,0,0,0,0,0,0,1.0,0.9333333333333333,1.0,0.0,0.0,0.0,2,0,1
3912,41,18,23,3,7,1,30,16,1,0,1,13,14,0,0,0,0,0,0,0,0,0,0,1.0,1.0,1.0,0.0,0.0,0.0,2,0,0
3913,41,18,23,3,7,1,30,16,1,0,1,13,14,0,0,0,0,0,0,0,0,0,0,1.0,1.0,1.0,0.0,0.0,0.0,2,0,0
3914,41,18,23,3,7,1,30,16,1,0,1,13,14,0,0,0,0,0,0,0,0,0,0,1.0,1.0,1.0,0.0,0.0,0.0,2,0,0
3915,41,18,23,0,10,1,30,16,1,0,1,13,14,0,0,0,0,0,0,0,0,0,0,1.0,1.0,1.0,0.0,0.0,0.0,2,0,0
3916,41,18,23,0,10,1,30,16,1,0,1,13,14,0,0,0,0,0,0,0,0,0,0,1.0,1.0,1.0,0.0,0.0,0.0,2,0,0
3917,41,18,23,0,10,1,30,16,1,0,0,13,14,0,0,0,0,0,0,0,0,0,0,1.0,1.0,1.0,0.0,0.0,0.0,2,0,0
3918,41,18,23,0,10,1,30,16,2,0,0,13,14,0,0,0,8,1,0,0,0,0,0,1.0,1.0,1.0,0.0,0.0,0.125,2,0,0
3919,41,18,23,0,10,1,30,16,2,0,0,13,14,0,0,0,0,0,0,0,0,0,0,1.0,1.0,1.0,0.0,0.0,0.0,2,0,0
3920,41,18,23,0,10,1,30,16,2,0,0,13,14,0,0,0,0,0,0,0,0,0,0,1.0,1.0,1.0,0.0,0.0,0.0,2,0,0
3921,41,18,23,0,10,1,30,16,2,0,0,13,14,0,0,0,0,0,0,0,0,0,0,1.0,1.0,1.0,0.0,0.0,0.0,2,0,0
3922,41,18,23,0,10,1,30,16,2,0,0,13,14,0,0,0,0,0,0,0,0,0,0,1.0,1.0,1.0,0.0,0.0,0.0,2,0,0
3923,41,18,23,0,10,1,30,16,2,0,0,13,14,0,0,0,0,0,0,0,0,0,0,1.0,1.0,1.0,0.0,0.0,0.0,2,0,0
3924,41,18,23,0,10,1,30,16,2,0,0,13,14,0,0,0,0,0,0,0,0,0,0,1.0,1.0,1.0,0.0,0.0,0.0,2,0,0
3925,41,18,23,0,10,1,30,16,2,0,0,13,14,0,0,0,0,0,0,0,0,0,0,1.0,1.0,1.0,0.0,0.0,0.0,2,0,0
3926,41,18,23,0,10,1,30,16,2,0,0,13,14,0,0,0,0,0,0,0,0,0,0,1.0,1.0,1.0,0.0,0.0,0.0,2,0,0
3927,41,18,23,0,10,1,30,16,2,0,0,13,14,0,0,0,0,0,0,0,0,0,0,1.0,1.0,1.0,0.0,0.0,0.0,2,0,0
3928,41,18,23,0,10,1,30,16,2,0,0,14,15,1,1,0,0,0,0,0,0,0,0,1.0,1.0,1.0,0.0,0.0,0.0,2,0,0
3929,41,18,23,0,10,1,30,16,2,0,0,14,15,0,0,0,0,0,0,0,0,0,0,1.0,1.0,1.0,0.0,0.0,0.0,2,0,0
3930,41,18,23,0,10,1,30,16,2,0,0,14,16,0,1,0,0,0,0,0,0,0,0,1.0,1.0,1.0,0.0,0.0,0.0,2,0,0
3931,41,18,23,0,10,1,30,16,2,0,0,14,16,0,0,0,0,0,0,0,0,0,0,1.0,1.0,1.0,0.0,0.0,0.0,2,0,0
3932,41,18,23,0,10,1,30,16,2,0,0,14,16,0,0,0,0,0,0,0,0,0,0,1.0,1.0,1.0,0.0,0.0,0.0,2,0,0
3933,41,18,23,0,10,1,30,16,2,0,0,14,16,0,0,0,0,0,0,0,0,0,0,1.0,1.0,1.0,0.0,0.0,0.0,2,0,0
3934,40,18,22,0,9,1,30,16,2,0,0,14,16,0,0,0,0,0,0,0,1,0,1,0.9,1.0,1.0,0.0,0.0,0.0,2,0,1
3935,40,18,22,0,9,1,30,16,2,0,0,14,16,0,0,0,0,0,0,0,0,0,0,1.0,1.0,1.0,0.0,0.0,0.0,2,0,0
3936,40,18,22,0,9,1,30,16,2,0,0,14,16,0,0,0,0,0,0,0,0,0,0,1.0,1.0,1.0,0.0,0.0,0.0,2,0,0
3937,40,18,22,0,9,1,30,16,2,0,0,14,16,0,0,0,0,0,0,0,0,0,0,1.0,1.0,1.0,0.0,0.0,0.0,2,0,0
3938,40,18,22,0,9,1,30,16,2,0,0,14,16,0,0,0,0,0,0,0,0,0,0,1.0,1.0,1.0,0.0,0.0,0.0,2,0,0
3939,40,18,22,0,9,1,30,16,2,0,0,14,16,0,0,0,0,0,0,0,0,0,0,1.0,1.0,1.0,0.0,0.0,0.0,2,0,0
3940,40,18,22,0,9,1,30,16,2,0,0,14,16,0,0,0,0,0,0,0,0,0,0,1.0,1.0,1.0,0.0,0.0,0.0,2,0,0
3941,40,18,22,0,9,1,30,16,2,0,0,14,16,0,0,0,0,0,0,0,0,2,0,1.0,1.0,1.0,0.0,0.0,0.0,2,0,0
3942,40,18,22,0,9,1,30,16,2,0,0,14,16,0,0,0,0,0,0,0,0,0,0,1.0,1.0,1.0,0.0,0.0,0.0,2,0,0
3943,40,18,22,0,9,1,30,16,2,0,0,14,16,0,0,0,0,0,0,0,0,0,0,1.0,1.0,1.0,0.0,0.0,0.0,2,0,0
3944,40,18,22,0,9,1,30,16,2,0,0,14,16,0,0,0,0,0,0,0,0,0,0,1.0,1.0,1.0,0.0,0.0,0.0,2,0,0
3945,40,18,22,0,7,3,30,16,2,0,0,14,16,0,0,0,0,0,0,0,0,0,0,1.0,1.0,1.0,0.0,0.0,0.0,2,0,0
3946,40,18,22,0,7,3,30,16,2,0,0,14,16,0,0,0,0,0,0,0,0,0,0,1.0,1.0,1.0,0.0,0.0,0.0,2,0,0
3947,40,18,22,0,7,3,30,16,2,0,0,14,16,0,0,0,0,0,0,0,0,0,0,1.0,1.0,1.0,0.0,0.0,0.0,2,0,0
3948,40,18,22,0,7,3,30,16,2,0,0,14,16,0,0,0,0,0,0,0,0,0,0,1.0,1.0,1.0,0.0,0.0,0.0,2,0,0
3949,40,18,22,0,7,3,30,16,2,0,0,14,16,0,0,0,0,0,0,0,0,0,0,1.0,1.0,1.0,0.0,0.0,0.0,2,0,0
3950,40,18,22,0,7,3,30,16,2,0,0,14,16,0,0,0,0,0,0,0,0,0,0,1.0,1.0,1.0,0.0,0.0,0.0,2,0,0
3951,40,18,22,0,7,3,30,16,2,0,0,14,16,0,0,0,0,0,0,0,0,0,0,1.0,1.0,1.0,0.0,0.0,0.0,2,0,0
3952,40,18,22,0,7,3,30,16,2,0,0,14,16,0,0,0,0,0,0,0,0,0,0,1.0,1.0,1.0,0.0,0.0,0.0,2,0,0
3953,40,18,22,0,7,3,30,16,2,0,0,14,16,0,0,0,0,0,0,0,0,0,0,1.0,1.0,1.0,0.0,0.0,0.0,2,0,0
3954,40,18,22,0,7,3,30,16,2,0,0,14,16,0,0,0,0,0,0,0,0,0,0,1.0,1.0,1.0,0.0,0.0,0.0,2,0,0
3955,40,18,22,0,7,3,30,16,2,0,0,14,16,0,0,0,0,0,0,0,0,0,0,1.0,1.0,1.0,0.0,0.0,0.0,2,0,0
3956,40,18,22,0,7,3,30,16,2,0,0,14,16,0,0,0,0,0,0,0,0,0,0,1.0,1.0,1.0,0.0,0.0,0.0,2,0,0
3957,43,21,22,3,7,3,30,16,1,0,1,14,16,0,0,0,0,0,0,1,0,0,0,1.0,1.0,1.0,0.075,0.075,0.0,2,3,0
3958,43,21,22,3,7,3,30,16,1,0,1,14,16,0,0,0,0,0,0,0,0,0,0,1.0,1.0,1.0,0.0,0.0,0.0,2,0,0
3959,43,21,22,3,7,3,30,16,1,0,1,14,16,0,0,0,0,0,0,0,0,0,0,1.0,1.0,1.0,0.0,0.0,0.0,2,0,0
3960,43,21,22,3,7,3,30,16,1,0,1,14,16,0,0,0,0,0,0,0,0,0,0,1.0,1.0,1.0,0.0,0.0,0.0,2,0,0
3961,43,21,22,3,7,3,30,16,1,0,1,14,16,0,0,0,0,0,0,0,0,0,0,1.0,1.0,1.0,0.0,0.0,0.0,2,0,0
3962,43,21,22,3,7,3,30,16,1,0,1,14,16,0,0,0,0,0,0,0,0,0,0,1.0,1.0,1.0,0.0,0.0,0.0,2,0,0
3963,43,21,22,3,7,3,30,16,1,0,1,14,16,0,0,0,0,0,0,0,0,0,0,1.0,1.0,1.0,0.0,0.0,0.0,2,0,0
3964,43,21,22,3,7,3,30,16,1,0,1,14,16,0,0,0,0,0,0,0,0,0,0,1.0,1.0,1.0,0.0,0.0,0.0,2,0,0
3965,43,21,22,3,7,3,30,16,1,0,1,14,16,0,0,0,0,0,0,0,0,0,0,1.0,1.0,1.0,0.0,0.0,0.0,2,0,0
3966,43,21,22,3,7,3,30,16,1,0,1,14,16,0,0,0,0,0,0,0,0,0,0,1.0,1.0,1.0,0.0,0.0,0.0,2,0,0
3967,43,21,22,3,7,3,30,16,1,0,1,14,16,0,0,0,0,0,0,0,0,0,0,1.0,1.0,1.0,0.0,0.0,0.0,2,0,0
3968,43,21,22,3,7,3,30,16,1,0,1,14,16,0,0,0,0,0,0,0,0,0,0,1.0,1.0,1.0,0.0,0.0,0.0,2,0,0
3969,43,21,22,3,7,2,31,16,1,0,1,14,16,0,0,0,0,0,0,0,0,0,0,1.0,1.0,1.0,0.0,0.0,0.0,2,0,0
3970,43,21,22,3,7,2,31,16,1,0,1,14,16,0,0,0,0,0,0,0,0,0,0,1.0,1.0,1.0,0.0,0.0,0.0,2,0,0
3971,43,21,22,3,7,2,31,16,1,0,1,14,16,0,0,0,0,0,0,0,0,0,0,1.0,1.0,1.0,0.0,0.0,0.0,2,0,0
3972,43,21,22,3,7,2,31,16,1,0,1,14,16,0,0,0,0,0,0,0,0,0,0,1.0,1.0,1.0,0.0,0.0,0.0,2,0,0
3973,43,21,22,3,7,2,31,16,1,0,1,14,16,0,0,0,0,0,0,0,0,0,0,1.0,1.0,1.0,0.0,0.0,0.0,2,0,0
3974,43,21,22,3,7,2,31,16,1,0,1,14,16,0,0,0,0,0,0,0,0,0,0,1.0,1.0,1.0,0.0,0.0,0.0,2,0,0
3975,43,21,22,3,7,2,31,16,1,0,1,14,16,0,0,0,0,0,0,0,0,0,0,1.0,1.0,1.0,0.0,0.0,0.0,2,0,0
3976,43,21,22,3,7,2,31,16,1,0,1,14,16,0,0,0,0,0,0,0,0,0,0,1.0,1.0,1.0,0.0,0.0,0.0,2,0,0
3977,42,21,21,3,6,2,31,16,1,0,1,14,15,0,0,0,0,0,0,0,1,0,1,0.9,1.0,1.0,0.0,0.0,0.0,2,0,1
3978,42,21,21,3,6,2,31,16,1,0,1,14,15,0,0,0,0,0,0,0,0,0,0,1.0,1.0,1.0,0.0,0.0,0.0,2,0,0
3979,42,21,21,3,6,2,31,16,1,0,1,14,15,0,0,0,0,0,0,0,0,0,0,1.0,1.0,1.0,0.0,0.0,0.0,2,0,0
3980,42,21,21,3,6,2,31,16,1,0,1,14,15,0,0,0,0,0,0,0,0,0,0,1.0,1.0,1.0,0.0,0.0,0.0,2,0,0
3981,42,21,21,3,6,2,31,16,1,0,1,14,15,0,0,0,0,0,0,0,0,0,0,1.0,1.0,1.0,0.0,0.0,0.0,2,0,0
3982,41,20,21,3,6,2,30,16,1,0,1,13,15,0,0,0,0,0,0,0,0,0,0,1.0,0.9333333333333333,1.0,0.0,0.0,0.0,2,0,1
3983,45,21,24,7,6,2,30,16,0,0,2,13,15,0,0,0,0,0,0,1,0,0,0,1.0,1.0,1.0,0.0975609756097561,0.0975609756097561,0.0,2,4,0
3984,45,21,24,7,6,2,30,16,0,0,2,13,15,0,0,0,0,0,0,0,0,0,0,1.0,1.0,1.0,0.0,0.0,0.0,2,0,0
3985,45,21,24,7,6,2,30,16,0,0,2,13,15,0,0,0,0,0,0,0,0,0,0,1.0,1.0,1.0,0.0,0.0,0.0,2,0,0
3986,45,21,24,7,6,2,30,16,0,0,2,13,15,0,0,0,0,0,0,0,0,0,0,1.0,1.0,1.0,0.0,0.0,0.0,2,0,0
3987,45,21,24,7,6,2,30,16,0,0,2,13,15,0,0,0,0,0,0,0,0,0,0,1.0,1.0,1.0,0.0,0.0,0.0,2,0,0
3988,45,21,24,7,6,2,30,16,0,0,2,13,15,0,0,0,0,0,0,0,0,0,0,1.0,1.0,1.0,0.0,0.0,0.0,2,0,0
3989,44,21,23,6,6,2,30,16,0,0,2,13,15,0,0,0,0,0,0,0,1,0,1,0.9230769230769231,1.0,1.0,0.0,0.0,0.0,2,0,1
3990,44,21,23,6,6,2,30,16,0,0,2,13,15,0,0,0,0,0,0,0,0,0,0,1.0,1.0,1.0,0.0,0.0,0.0,2,0,0
3991,44,21,23,6,6,2,30,16,0,0,2,13,15,0,0,0,0,0,0,0,0,0,0,1.0,1.0,1.0,0.0,0.0,0.0,2,0,0
3992,43,20,23,6,6,2,29,16,0,0,2,13,15,0,0,0,0,0,0,0,0,0,0,1.0,0.9285714285714286,1.0,0.0,0.0,0.0,2,0,1
3993,43,20,23,6,6,2,29,16,0,0,2,13,15,0,0,0,0,0,0,0,0,0,0,1.0,1.0,1.0,0.0,0.0,0.0,2,0,0
3994,43,20,23,6,6,2,29,16,0,0,2,13,15,0,0,0,0,0,0,0,0,0,0,1.0,1.0,1.0,0.0,0.0,0.0,2,0,0
3995,43,20,23,6,6,2,29,16,0,0,2,13,15,0,0,0,0,0,0,0,0,0,0,1.0,1.0,1.0,0.0,0.0,0.0,2,0,0
3996,43,20,23,6,6,2,29,16,0,0,2,13,15,0,0,0,0,0,0,0,0,0,0,1.0,1.0,1.0,0.0,0.0,0.0,2,0,0
3997,43,20,23,6,6,2,29,16,0,0,2,13,15,0,0,0,0,0,0,0,0,0,0,1.0,1.0,1.0,0.0,0.0,0.0,2,0,0
3998,42,20,22,6,5,2,29,16,0,0,2,13,15,0,0,0,0,0,0,0,1,0,1,0.9166666666666666,1.0,1.0,0.0,0.0,0.0,2,0,1
3999,42,20,22,6,5,2,29,16,0,0,2,13,15,0,0,0,0,0,0,0,0,0,0,1.0,1.0,1.0,0.0,0.0,0.0,2,0,0
4000,42,20,22,3,8,2,29,16,0,0,2,13,15,0,0,0,0,0,0,0,0,0,0,1.0,1.0,1.0,0.0,0.0,0.0,2,0,0
4001,42,20,22,3,8,2,29,16,0,0,2,13,15,0,0,0,0,0,0,0,0,0,0,1.0,1.0,1.0,0.0,0.0,0.0,2,0,0
4002,42,20,22,3,8,2,29,16,0,0,1,13,15,0,0,0,0,0,0,0,0,0,0,1.0,1.0,1.0,0.0,0.0,0.0,2,0,0
4003,42,20,22,3,8,2,29,16,0,0,1,13,15,0,0,0,0,0,0,0,0,0,0,1.0,1.0,1.0,0.0,0.0,0.0,2,0,0
4004,41,20,21,3,7,2,29,16,0,0,1,13,14,0,0,0,0,0,0,0,1,0,1,0.9090909090909091,1.0,1.0,0.0,0.0,0.0,2,0,1
4005,41,20,21,3,7,2,29,16,0,0,1,13,14,0,0,0,0,0,0,0,0,0,0,1.0,1.0,1.0,0.0,0.0,0.0,2,0,0
4006,41,20,21,3,7,2,29,16,0,0,1,13,14,0,0,0,0,0,0,0,0,0,0,1.0,1.0,1.0,0.0,0.0,0.0,2,0,0
4007,41,20,21,3,7,2,29,16,0,0,1,13,14,0,0,0,0,0,0,0,0,0,0,1.0,1.0,1.0,0.0,0.0,0.0,2,0,0
4008,40,20,20,2,7,2,29,16,0,0,1,13,14,0,0,0,0,0,0,0,1,0,1,0.9,1.0,1.0,0.0,0.0,0.0,2,0,1
4009,40,20,20,2,7,2,29,16,0,0,1,13,14,0,0,0,0,0,0,0,0,0,0,1.0,1.0,1.0,0.0,0.0,0.0,2,0,0
4010,40,20,20,2,7,2,29,16,0,0,1,13,14,0,0,0,0,0,0,0,0,0,0,1.0,1.0,1.0,0.0,0.0,0.0,2,0,0
4011,40,20,20,2,7,2,29,16,0,0,1,13,14,0,0,0,0,0,0,0,0,0,0,1.0,1.0,1.0,0.0,0.0,0.0,2,0,0
4012,40,20,20,2,7,2,29,16,0,0,1,13,14,0,0,0,0,0,0,0,0,0,0,1.0,1.0,1.0,0.0,0.0,0.0,2,0,0
4013,40,20,20,2,7,2,29,16,0,0,1,13,14,0,0,0,0,0,0,0,0,0,0,1.0,1.0,1.0,0.0,0.0,0.0,2,0,0
4014,40,20,20,2,7,2,29,16,0,0,1,13,14,0,0,0,0,0,0,0,0,0,0,1.0,1.0,1.0,0.0,0.0,0.0,2,0,0
4015,40,20,20,2,7,2,29,16,0,0,1,14,14,1,0,0,0,0,0,0,0,0,0,1.0,1.0,1.0,0.0,0.0,0.0,2,0,0
4016,40,20,20,2,7,2,29,16,0,0,1,14,14,0,0,0,0,0,0,0,0,0,0,1.0,1.0,1.0,0.0,0.0,0.0,2,0,0
4017,40,20,20,2,7,2,29,16,0,0,1,14,14,0,0,0,0,0,0,0,0,0,0,1.0,1.0,1.0,0.0,0.0,0.0,2,0,0
4018,40,20,20,2,7,2,29,16,0,0,1,14,14,0,0,0,0,0,0,0,0,0,0,1.0,1.0,1.0,0.0,0.0,0.0,2,0,0
4019,40,20,20,2,7,2,29,16,0,0,1,14,14,0,0,0,0,0,0,0,0,0,0,1.0,1.0,1.0,0.0,0.0,0.0,2,0,0
4020,40,20,20,2,7,2,29,16,0,0,1,15,14,1,0,0,0,0,0,0,0,0,0,1.0,1.0,1.0,0.0,0.0,0.0,2,0,0
4021,40,20,20,2,7,2,29,16,0,0,1,15,14,0,0,0,0,0,0,0,0,0,0,1.0,1.0,1.0,0.0,0.0,0.0,2,0,0
4022,40,20,20,2,7,2,29,16,0,0,1,15,14,0,0,0,0,0,0,0,0,0,0,1.0,1.0,1.0,0.0,0.0,0.0,2,0,0
4023,40,20,20,2,7,2,29,16,0,0,1,15,14,0,0,0,0,0,0,0,0,0,0,1.0,1.0,1.0,0.0,0.0,0.0,2,0,0
4024,40,20,20,2,7,2,29,16,0,0,1,15,14,0,0,0,0,0,0,0,0,0,0,1.0,1.0,1.0,0.0,0.0,0.0,2,0,0
4025,40,20,20,2,7,2,29,16,0,0,1,15,14,0,0,0,0,0,0,0,0,0,0,1.0,1.0,1.0,0.0,0.0,0.0,2,0,0
4026,40,20,20,0,9,2,29,16,0,0,1,15,14,0,0,0,0,0,0,0,0,0,0,1.0,1.0,1.0,0.0,0.0,0.0,2,0,0
4027,40,20,20,0,9,2,29,16,0,0,1,15,14,0,0,0,0,0,0,0,0,0,0,1.0,1.0,1.0,0.0,0.0,0.0,2,0,0
4028,40,20,20,0,9,2,29,16,0,0,0,15,14,0,0,0,0,0,0,0,0,0,0,1.0,1.0,1.0,0.0,0.0,0.0,2,0,0
4029,40,20,20,0,9,2,29,16,0,0,0,15,14,0,0,0,0,0,0,0,0,0,0,1.0,1.0,1.0,0.0,0.0,0.0,2,0,0
4030,40,20,20,0,9,2,29,16,0,0,0,15,14,0,0,0,0,0,0,0,0,0,0,1.0,1.0,1.0,0.0,0.0,0.0,2,0,0
4031,40,20,20,0,9,2,29,16,0,0,0,15,14,0,0,0,0,0,0,0,0,0,0,1.0,1.0,1.0,0.0,0.0,0.0,2,0,0
4032,40,20,20,0,9,2,29,16,0,0,0,15,14,0,0,0,0,0,0,0,0,0,0,1.0,1.0,1.0,0.0,0.0,0.0,2,0,0
4033,40,20,20,0,9,2,29,16,0,0,0,15,14,0,0,0,0,0,0,0,0,0,0,1.0,1.0,1.0,0.0,0.0,0.0,2,0,0
4034,40,20,20,0,9,2,29,16,0,0,0,15,14,0,0,0,0,0,0,0,0,0,0,1.0,1.0,1.0,0.0,0.0,0.0,2,0,0
4035,40,20,20,0,9,2,29,16,0,0,0,15,14,0,0,0,0,0,0,0,0,0,0,1.0,1.0,1.0,0.0,0.0,0.0,2,0,0
4036,40,20,20,0,9,2,29,16,0,0,0,15,14,0,0,0,0,0,0,0,0,2,0,1.0,1.0,1.0,0.0,0.0,0.0,2,0,0
4037,40,20,20,0,9,2,29,16,0,0,0,15,14,0,0,0,0,0,0,0,0,0,0,1.0,1.0,1.0,0.0,0.0,0.0,2,0,0
4038,40,20,20,0,9,2,29,16,0,0,0,15,14,0,0,0,0,0,0,0,0,0,0,1.0,1.0,1.0,0.0,0.0,0.0,2,0,0
4039,40,20,20,0,9,2,29,16,0,0,0,15,14,0,0,0,0,0,0,0,0,0,0,1.0,1.0,1.0,0.0,0.0,0.0,2,0,0
4040,40,20,20,0,7,4,29,16,0,0,0,15,14,0,0,0,0,0,0,0,0,0,0,1.0,1.0,1.0,0.0,0.0,0.0,2,0,0
4041,40,20,20,0,7,4,29,16,0,0,0,15,14,0,0,0,0,0,0,0,0,0,0,1.0,1.0,1.0,0.0,0.0,0.0,2,0,0
4042,40,20,20,0,7,4,29,16,0,0,0,15,14,0,0,0,0,0,0,0,0,1,0,1.0,1.0,1.0,0.0,0.0,0.0,2,0,0
4043,40,20,20,0,7,4,29,16,0,0,0,15,14,0,0,0,0,0,0,0,0,0,0,1.0,1.0,1.0,0.0,0.0,0.0,2,0,0
4044,40,20,20,0,7,4,29,16,0,0,0,15,14,0,0,0,0,0,0,0,0,0,0,1.0,1.0,1.0,0.0,0.0,0.0,2,0,0
4045,40,20,20,0,7,4,29,16,0,0,0,15,14,0,0,0,0,0,0,0,0,0,0,1.0,1.0,1.0,0.0,0.0,0.0,2,0,0
4046,40,20,20,0,6,5,29,16,0,0,0,15,14,0,0,0,0,0,0,0,0,0,0,1.0,1.0,1.0,0.0,0.0,0.0,2,0,0
4047,40,20,20,0,6,5,29,16,0,0,0,15,14,0,0,0,0,0,0,0,0,0,0,1.0,1.0,1.0,0.0,0.0,0.0,2,0,0
4048,40,20,20,0,6,5,29,16,0,0,0,15,14,0,0,0,0,0,0,0,0,0,0,1.0,1.0,1.0,0.0,0.0,0.0,2,0,0
4049,40,20,20,0,6,4,30,17,0,0,0,15,14,0,0,0,0,0,0,0,0,0,0,1.0,1.0,1.0,0.0,0.0,0.0,2,0,0
4050,40,20,20,0,6,4,30,17,0,0,0,15,14,0,0,0,0,0,0,0,0,0,0,1.0,1.0,1.0,0.0,0.0,0.0,2,0,0
4051,40,20,20,0,6,4,30,17,0,0,0,15,14,0,0,0,0,0,0,0,0,0,0,1.0,1.0,1.0,0.0,0.0,0.0,2,0,0
4052,40,20,20,0,6,4,30,17,0,0,0,15,14,0,0,0,0,0,0,0,0,1,0,1.0,1.0,1.0,0.0,0.0,0.0,2,0,0
4053,40,20,20,0,6,4,30,17,0,0,0,15,14,0,0,0,0,0,0,0,0,0,0,1.0,1.0,1.0,0.0,0.0,0.0,2,0,0
4054,40,20,20,0,6,4,30,17,0,0,0,15,14,0,0,0,0,0,0,0,0,0,0,1.0,1.0,1.0,0.0,0.0,0.0,2,0,0
4055,40,20,20,0,6,4,30,17,0,0,0,15,14,0,0,0,0,0,0,0,0,0,0,1.0,1.0,1.0,0.0,0.0,0.0,2,0,0
4056,40,20,20,0,5,5,30,17,0,0,0,15,14,0,0,0,0,0,0,0,0,0,0,1.0,1.0,1.0,0.0,0.0,0.0,2,0,0
4057,40,20,20,0,5,5,30,17,0,0,0,15,14,0,0,0,0,0,0,0,0,0,0,1.0,1.0,1.0,0.0,0.0,0.0,2,0,0
4058,40,20,20,0,5,5,30,17,0,0,0,15,14,0,0,0,0,0,0,0,0,0,0,1.0,1.0,1.0,0.0,0.0,0.0,2,0,0
4059,40,20,20,0,5,5,30,17,0,0,0,15,14,0,0,0,0,0,0,0,0,0,0,1.0,1.0,1.0,0.0,0.0,0.0,2,0,0
4060,40,20,20,0,5,5,30,17,0,0,0,15,14,0,0,0,0,0,0,0,0,0,0,1.0,1.0,1.0,0.0,0.0,0.0,2,0,0
4061,40,20,20,0,5,5,30,17,0,0,0,15,14,0,0,0,0,0,0,0,0,0,0,1.0,1.0,1.0,0.0,0.0,0.0,2,0,0
4062,40,20,20,0,5,5,30,17,0,0,0,15,14,0,0,0,0,0,0,0,0,0,0,1.0,1.0,1.0,0.0,0.0,0.0,2,0,0
4063,40,20,20,0,5,5,30,17,0,0,0,15,14,0,0,0,0,0,0,0,0,0,0,1.0,1.0,1.0,0.0,0.0,0.0,2,0,0
4064,40,20,20,0,5,5,30,17,0,0,0,15,14,0,0,0,0,0,0,0,0,0,0,1.0,1.0,1.0,0.0,0.0,0.0,2,0,0
4065,40,20,20,0,5,5,30,17,0,0,0,15,14,0,0,0,0,0,0,0,0,0,0,1.0,1.0,1.0,0.0,0.0,0.0,2,0,0
4066,40,20,20,0,5,5,30,17,0,0,0,15,14,0,0,0,0,0,0,0,0,0,0,1.0,1.0,1.0,0.0,0.0,0.0,2,0,0
4067,40,20,20,0,5,5,30,17,0,0,0,15,14,0,0,0,0,0,0,0,0,0,0,1.0,1.0,1.0,0.0,0.0,0.0,2,0,0
4068,40,20,20,0,5,5,30,17,0,0,0,15,14,0,0,0,0,0,0,0,0,0,0,1.0,1.0,1.0,0.0,0.0,0.0,2,0,0
4069,40,20,20,0,5,5,30,17,0,0,0,15,14,0,0,0,0,0,0,0,0,0,0,1.0,1.0,1.0,0.0,0.0,0.0,2,0,0
4070,40,20,20,0,5,5,30,17,0,0,0,15,14,0,0,0,0,0,0,0,0,0,0,1.0,1.0,1.0,0.0,0.0,0.0,2,0,0
4071,40,20,20,0,5,5,30,17,0,0,0,15,14,0,0,0,0,0,0,0,0,0,0,1.0,1.0,1.0,0.0,0.0,0.0,2,0,0
4072,40,20,20,0,5,5,30,17,0,0,0,15,14,0,0,0,0,0,0,0,0,0,0,1.0,1.0,1.0,0.0,0.0,0.0,2,0,0
4073,40,20,20,0,5,5,30,17,0,0,0,15,14,0,0,0,0,0,0,0,0,0,0,1.0,1.0,1.0,0.0,0.0,0.0,2,0,0
4074,40,20,20,0,5,5,30,17,0,0,0,15,14,0,0,0,0,0,0,0,0,0,0,1.0,1.0,1.0,0.0,0.0,0.0,2,0,0
4075,40,20,20,0,5,5,30,17,0,0,0,15,14,0,0,0,0,0,0,0,0,0,0,1.0,1.0,1.0,0.0,0.0,0.0,2,0,0
4076,40,20,20,0,5,5,30,17,0,0,0,15,14,0,0,0,0,0,0,0,0,0,0,1.0,1.0,1.0,0.0,0.0,0.0,2,0,0
4077,40,20,20,0,5,5,30,17,0,0,0,15,14,0,0,0,0,0,0,0,0,0,0,1.0,1.0,1.0,0.0,0.0,0.0,2,0,0
4078,40,20,20,0,5,5,30,17,0,0,0,15,14,0,0,0,0,0,0,0,0,0,0,1.0,1.0,1.0,0.0,0.0,0.0,2,0,0
4079,40,20,20,0,5,5,30,17,0,0,0,15,14,0,0,0,0,0,0,0,0,0,0,1.0,1.0,1.0,0.0,0.0,0.0,2,0,0
4080,40,20,20,0,5,4,31,17,0,0,0,15,14,0,0,0,0,0,0,0,0,0,0,1.0,1.0,1.0,0.0,0.0,0.0,2,0,0
4081,40,20,20,0,5,4,31,17,0,0,0,15,14,0,0,0,0,0,0,0,0,0,0,1.0,1.0,1.0,0.0,0.0,0.0,2,0,0
4082,40,20,20,0,5,4,31,17,0,0,0,15,14,0,0,0,0,0,0,0,0,0,0,1.0,1.0,1.0,0.0,0.0,0.0,2,0,0
4083,40,20,20,0,5,4,31,17,0,0,0,15,14,0,0,0,0,0,0,0,0,0,0,1.0,1.0,1.0,0.0,0.0,0.0,2,0,0
4084,40,20,20,0,5,4,31,17,0,0,0,15,14,0,0,0,0,0,0,0,0,0,0,1.0,1.0,1.0,0.0,0.0,0.0,2,0,0
4085,40,20,20,0,5,4,31,17,0,0,0,15,14,0,0,0,0,0,0,0,0,0,0,1.0,1.0,1.0,0.0,0.0,0.0,2,0,0
4086,40,20,20,0,5,4,31,17,0,0,0,15,14,0,0,0,0,0,0,0,0,0,0,1.0,1.0,1.0,0.0,0.0,0.0,2,0,0
4087,40,20,20,0,5,4,31,17,0,0,0,15,14,0,0,0,0,0,0,0,0,0,0,1.0,1.0,1.0,0.0,0.0,0.0,2,0,0
4088,40,20,20,0,5,4,31,17,0,0,0,15,14,0,0,0,0,0,0,0,0,0,0,1.0,1.0,1.0,0.0,0.0,0.0,2,0,0
4089,40,20,20,0,5,4,31,17,0,0,0,15,14,0,0,0,0,0,0,0,0,0,0,1.0,1.0,1.0,0.0,0.0,0.0,2,0,0
4090,39,19,20,0,4,4,31,17,0,0,0,15,14,0,0,0,0,0,0,0,1,0,1,0.8,1.0,1.0,0.0,0.0,0.0,2,0,1
4091,39,19,20,0,4,4,31,17,0,0,0,15,14,0,0,0,0,0,0,0,0,0,0,1.0,1.0,1.0,0.0,0.0,0.0,2,0,0
4092,39,19,20,0,4,4,31,17,0,0,0,15,14,0,0,0,0,0,0,0,0,0,0,1.0,1.0,1.0,0.0,0.0,0.0,2,0,0
4093,39,19,20,0,4,4,31,17,0,0,0,15,14,0,0,0,0,0,0,0,0,0,0,1.0,1.0,1.0,0.0,0.0,0.0,2,0,0
4094,39,19,20,0,4,4,31,17,0,0,0,15,14,0,0,0,0,0,0,0,0,0,0,1.0,1.0,1.0,0.0,0.0,0.0,2,0,0
4095,39,19,20,0,4,4,31,17,0,0,0,15,14,0,0,0,0,0,0,0,0,0,0,1.0,1.0,1.0,0.0,0.0,0.0,2,0,0
4096,39,19,20,0,4,4,31,17,0,0,0,15,14,0,0,0,0,0,0,0,0,0,0,1.0,1.0,1.0,0.0,0.0,0.0,2,0,0
4097,39,19,20,0,4,4,31,17,0,0,0,15,14,0,0,0,0,0,0,0,0,0,0,1.0,1.0,1.0,0.0,0.0,0.0,2,0,0
4098,39,19,20,0,4,4,31,17,0,0,0,15,14,0,0,0,0,0,0,0,0,0,0,1.0,1.0,1.0,0.0,0.0,0.0,2,0,0
4099,39,19,20,0,4,4,31,17,0,0,0,15,14,0,0,0,0,0,0,0,0,0,0,1.0,1.0,1.0,0.0,0.0,0.0,2,0,0
4100,39,19,20,0,4,4,31,17,0,0,0,15,14,0,0,0,0,0,0,0,0,0,0,1.0,1.0,1.0,0.0,0.0,0.0,2,0,0
4101,39,19,20,0,4,4,31,17,0,0,0,15,14,0,0,0,0,0,0,0,0,0,0,1.0,1.0,1.0,0.0,0.0,0.0,2,0,0
4102,39,19,20,0,4,4,31,17,0,0,0,15,14,0,0,0,0,0,0,0,0,0,0,1.0,1.0,1.0,0.0,0.0,0.0,2,0,0
4103,39,19,20,0,4,4,31,17,0,0,0,15,14,0,0,0,0,0,0,0,0,0,0,1.0,1.0,1.0,0.0,0.0,0.0,2,0,0
4104,39,19,20,0,4,4,31,17,0,0,0,15,14,0,0,0,0,0,0,0,0,0,0,1.0,1.0,1.0,0.0,0.0,0.0,2,0,0
4105,39,19,20,0,4,4,31,17,0,0,0,15,14,0,0,0,0,0,0,0,0,0,0,1.0,1.0,1.0,0.0,0.0,0.0,2,0,0
4106,39,19,20,0,4,4,31,17,0,0,0,15,14,0,0,0,0,0,0,0,0,0,0,1.0,1.0,1.0,0.0,0.0,0.0,2,0,0
4107,39,19,20,0,4,4,31,17,0,0,0,16,14,1,0,0,0,0,0,0,0,0,0,1.0,1.0,1.0,0.0,0.0,0.0,2,0,0
4108,39,19,20,0,4,4,31,17,0,0,0,16,14,0,0,0,0,0,0,0,0,0,0,1.0,1.0,1.0,0.0,0.0,0.0,2,0,0
4109,39,19,20,0,4,4,31,17,0,0,0,16,14,0,0,0,0,0,0,0,0,0,0,1.0,1.0,1.0,0.0,0.0,0.0,2,0,0
4110,39,19,20,0,4,4,31,17,0,0,0,16,14,0,0,0,0,0,0,0,0,0,0,1.0,1.0,1.0,0.0,0.0,0.0,2,0,0
4111,39,19,20,0,4,4,31,17,0,0,0,16,14,0,0,0,0,0,0,0,0,0,0,1.0,1.0,1.0,0.0,0.0,0.0,2,0,0
4112,39,19,20,0,4,4,31,17,0,0,0,16,15,0,1,0,0,0,0,0,0,0,0,1.0,1.0,1.0,0.0,0.0,0.0,2,0,0
4113,39,19,20,0,4,4,31,17,0,0,0,16,15,0,0,0,0,0,0,0,0,0,0,1.0,1.0,1.0,0.0,0.0,0.0,2,0,0
4114,39,19,20,0,4,4,31,17,0,0,0,16,15,0,0,0,0,0,0,0,0,0,0,1.0,1.0,1.0,0.0,0.0,0.0,2,0,0
4115,39,19,20,0,4,4,31,17,0,0,0,16,15,0,0,0,0,0,0,0,0,0,0,1.0,1.0,1.0,0.0,0.0,0.0,2,0,0
4116,39,19,20,0,4,4,31,17,0,0,0,16,15,0,0,0,0,0,0,0,0,0,0,1.0,1.0,1.0,0.0,0.0,0.0,2,0,0
4117,39,19,20,0,4,4,31,17,0,0,0,16,15,0,0,0,0,0,0,0,0,0,0,1.0,1.0,1.0,0.0,0.0,0.0,2,0,0
4118,38,19,19,0,4,4,30,16,0,0,0,16,14,0,0,0,0,0,0,0,0,0,0,1.0,1.0,0.9411764705882353,0.0,0.0,0.0,2,0,1
4119,38,19,19,0,4,4,30,16,0,0,0,16,14,0,0,0,0,0,0,0,0,0,0,1.0,1.0,1.0,0.0,0.0,0.0,2,0,0
4120,38,19,19,0,4,4,30,16,0,0,0,16,14,0,0,0,0,0,0,0,0,0,0,1.0,1.0,1.0,0.0,0.0,0.0,2,0,0
4121,38,19,19,0,4,4,30,16,0,0,0,16,14,0,0,0,0,0,0,0,0,0,0,1.0,1.0,1.0,0.0,0.0,0.0,2,0,0
4122,38,19,19,0,4,4,30,16,0,0,0,16,14,0,0,0,0,0,0,0,0,0,0,1.0,1.0,1.0,0.0,0.0,0.0,2,0,0
4123,38,19,19,0,4,4,30,16,0,0,0,16,14,0,0,0,0,0,0,0,0,0,0,1.0,1.0,1.0,0.0,0.0,0.0,2,0,0
4124,38,19,19,0,4,4,30,16,0,0,0,16,14,0,0,0,0,0,0,0,0,0,0,1.0,1.0,1.0,0.0,0.0,0.0,2,0,0
4125,38,19,19,0,4,4,30,16,0,0,0,16,14,0,0,0,0,0,0,0,0,0,0,1.0,1.0,1.0,0.0,0.0,0.0,2,0,0
4126,38,19,19,0,4,4,30,16,0,0,0,16,14,0,0,0,0,0,0,0,0,0,0,1.0,1.0,1.0,0.0,0.0,0.0,2,0,0
4127,38,19,19,0,4,4,30,16,0,0,0,16,14,0,0,0,0,0,0,0,0,0,0,1.0,1.0,1.0,0.0,0.0,0.0,2,0,0
4128,38,19,19,0,4,4,30,16,0,0,0,16,14,0,0,0,0,0,0,0,0,0,0,1.0,1.0,1.0,0.0,0.0,0.0,2,0,0
4129,38,19,19,0,4,4,30,16,0,0,0,16,14,0,0,0,0,0,0,0,0,0,0,1.0,1.0,1.0,0.0,0.0,0.0,2,0,0
4130,38,19,19,0,4,4,30,16,0,0,0,16,14,0,0,0,0,0,0,0,0,0,0,1.0,1.0,1.0,0.0,0.0,0.0,2,0,0
4131,38,19,19,0,4,4,30,16,0,0,0,16,14,0,0,0,0,0,0,0,0,0,0,1.0,1.0,1.0,0.0,0.0,0.0,2,0,0
4132,38,19,19,0,4,4,30,16,0,0,0,16,14,0,0,0,0,0,0,0,0,0,0,1.0,1.0,1.0,0.0,0.0,0.0,2,0,0
4133,38,19,19,0,4,4,30,16,0,0,0,16,14,0,0,0,0,0,0,0,0,0,0,1.0,1.0,1.0,0.0,0.0,0.0,2,0,0
4134,38,19,19,0,4,4,30,16,0,0,0,16,14,0,0,0,0,0,0,0,0,0,0,1.0,1.0,1.0,0.0,0.0,0.0,2,0,0
4135,38,19,19,0,4,4,30,16,0,0,0,16,14,0,0,0,0,0,0,0,0,0,0,1.0,1.0,1.0,0.0,0.0,0.0,2,0,0
4136,38,19,19,0,4,4,30,16,0,0,0,16,14,0,0,0,0,0,0,0,0,0,0,1.0,1.0,1.0,0.0,0.0,0.0,2,0,0
4137,38,19,19,0,4,4,30,16,0,0,0,16,14,0,0,0,0,0,0,0,0,2,0,1.0,1.0,1.0,0.0,0.0,0.0,2,0,0
4138,38,19,19,0,4,4,30,16,0,0,0,16,14,0,0,0,0,0,0,0,0,0,0,1.0,1.0,1.0,0.0,0.0,0.0,2,0,0
4139,38,19,19,0,4,4,30,16,0,0,0,16,14,0,0,0,0,0,0,0,0,0,0,1.0,1.0,1.0,0.0,0.0,0.0,2,0,0
4140,38,19,19,0,4,4,30,16,0,0,0,16,14,0,0,0,0,0,0,0,0,0,0,1.0,1.0,1.0,0.0,0.0,0.0,2,0,0
4141,38,19,19,0,2,6,30,16,0,0,0,16,14,0,0,0,0,0,0,0,0,0,0,1.0,1.0,1.0,0.0,0.0,0.0,2,0,0
4142,38,19,19,0,2,6,30,16,0,0,0,16,14,0,0,0,0,0,0,0,0,0,0,1.0,1.0,1.0,0.0,0.0,0.0,2,0,0
4143,38,19,19,0,2,6,30,16,0,0,0,16,14,0,0,0,0,0,0,0,0,0,0,1.0,1.0,1.0,0.0,0.0,0.0,2,0,0
4144,38,19,19,0,2,6,30,16,0,0,0,16,14,0,0,0,0,0,0,0,0,0,0,1.0,1.0,1.0,0.0,0.0,0.0,2,0,0
4145,38,19,19,0,2,6,30,16,0,0,0,16,14,0,0,0,0,0,0,0,0,0,0,1.0,1.0,1.0,0.0,0.0,0.0,2,0,0
4146,38,19,19,0,2,6,30,16,0,0,0,16,14,0,0,0,0,0,0,0,0,0,0,1.0,1.0,1.0,0.0,0.0,0.0,2,0,0
4147,38,19,19,0,2,6,30,16,0,0,0,16,14,0,0,0,0,0,0,0,0,0,0,1.0,1.0,1.0,0.0,0.0,0.0,2,0,0
4148,38,19,19,0,2,6,30,16,0,0,0,16,14,0,0,0,0,0,0,0,0,0,0,1.0,1.0,1.0,0.0,0.0,0.0,2,0,0
4149,38,19,19,0,2,6,30,16,0,0,0,16,14,0,0,0,0,0,0,0,0,0,0,1.0,1.0,1.0,0.0,0.0,0.0,2,0,0
4150,38,19,19,0,2,6,30,16,0,0,0,16,14,0,0,0,0,0,0,0,0,0,0,1.0,1.0,1.0,0.0,0.0,0.0,2,0,0
4151,38,19,19,0,2,6,30,16,0,0,0,16,14,0,0,0,0,0,0,0,0,0,0,1.0,1.0,1.0,0.0,0.0,0.0,2,0,0
4152,38,19,19,0,2,6,30,16,0,0,0,16,14,0,0,0,0,0,0,0,0,0,0,1.0,1.0,1.0,0.0,0.0,0.0,2,0,0
4153,38,19,19,0,2,6,30,16,0,0,0,16,14,0,0,0,0,0,0,0,0,0,0,1.0,1.0,1.0,0.0,0.0,0.0,2,0,0
4154,38,19,19,0,2,6,30,16,0,0,0,16,14,0,0,0,0,0,0,0,0,0,0,1.0,1.0,1.0,0.0,0.0,0.0,2,0,0
4155,38,19,19,0,2,6,30,16,0,0,0,16,14,0,0,0,0,0,0,0,0,0,0,1.0,1.0,1.0,0.0,0.0,0.0,2,0,0
4156,38,19,19,0,2,6,30,16,0,0,0,16,14,0,0,0,0,0,0,0,0,0,0,1.0,1.0,1.0,0.0,0.0,0.0,2,0,0
4157,38,19,19,0,2,6,30,16,0,0,0,16,14,0,0,0,0,0,0,0,0,0,0,1.0,1.0,1.0,0.0,0.0,0.0,2,0,0
4158,38,19,19,0,2,6,30,16,0,0,0,16,14,0,0,0,0,0,0,0,0,0,0,1.0,1.0,1.0,0.0,0.0,0.0,2,0,0
4159,38,19,19,0,2,6,30,16,0,0,0,16,14,0,0,0,0,0,0,0,0,0,0,1.0,1.0,1.0,0.0,0.0,0.0,2,0,0
4160,38,19,19,0,2,6,30,16,0,0,0,16,14,0,0,0,0,0,0,0,0,0,0,1.0,1.0,1.0,0.0,0.0,0.0,2,0,0
4161,38,19,19,0,2,6,30,16,0,0,0,16,14,0,0,0,0,0,0,0,0,0,0,1.0,1.0,1.0,0.0,0.0,0.0,2,0,0
4162,38,19,19,0,2,6,30,16,0,0,0,16,14,0,0,0,0,0,0,0,0,0,0,1.0,1.0,1.0,0.0,0.0,0.0,2,0,0
4163,38,19,19,0,2,6,30,16,0,0,0,16,14,0,0,0,0,0,0,0,0,2,0,1.0,1.0,1.0,0.0,0.0,0.0,2,0,0
4164,37,18,19,0,2,6,29,16,0,0,0,15,14,0,0,0,0,0,0,0,0,0,0,1.0,0.9285714285714286,1.0,0.0,0.0,0.0,2,0,1
4165,37,18,19,0,2,6,29,16,0,0,0,15,14,0,0,0,0,0,0,0,0,0,0,1.0,1.0,1.0,0.0,0.0,0.0,2,0,0
4166,37,18,19,0,2,6,29,16,0,0,0,15,14,0,0,0,0,0,0,0,0,0,0,1.0,1.0,1.0,0.0,0.0,0.0,2,0,0
4167,37,18,19,0,0,8,29,16,0,0,0,15,14,0,0,0,0,0,0,0,0,0,0,1.0,1.0,1.0,0.0,0.0,0.0,2,0,0
4168,37,18,19,0,0,8,29,16,0,0,0,15,14,0,0,0,0,0,0,0,0,0,0,1.0,1.0,1.0,0.0,0.0,0.0,2,0,0
4169,37,18,19,0,0,8,29,16,0,0,0,15,14,0,0,0,0,0,0,0,0,0,0,1.0,1.0,1.0,0.0,0.0,0.0,2,0,0
4170,37,18,19,0,0,8,29,16,0,0,0,15,14,0,0,0,0,0,0,0,0,0,0,1.0,1.0,1.0,0.0,0.0,0.0,2,0,0
4171,37,18,19,0,0,8,29,16,0,0,0,15,14,0,0,0,0,0,0,0,0,0,0,1.0,1.0,1.0,0.0,0.0,0.0,2,0,0
4172,37,18,19,0,0,8,29,16,0,0,0,15,14,0,0,0,0,0,0,0,0,0,0,1.0,1.0,1.0,0.0,0.0,0.0,2,0,0
4173,37,18,19,0,0,8,29,16,0,0,0,15,14,0,0,0,0,0,0,0,0,0,0,1.0,1.0,1.0,0.0,0.0,0.0,2,0,0
4174,37,18,19,0,0,7,30,17,0,0,0,15,14,0,0,0,0,0,0,0,0,0,0,1.0,1.0,1.0,0.0,0.0,0.0,2,0,0
4175,37,18,19,0,0,7,30,17,0,0,0,15,14,0,0,0,0,0,0,0,0,0,0,1.0,1.0,1.0,0.0,0.0,0.0,2,0,0
4176,37,18,19,0,0,7,30,17,0,0,0,15,14,0,0,0,0,0,0,0,0,0,0,1.0,1.0,1.0,0.0,0.0,0.0,2,0,0
4177,37,18,19,0,0,7,30,17,0,0,0,15,14,0,0,0,0,0,0,0,0,0,0,1.0,1.0,1.0,0.0,0.0,0.0,2,0,0
4178,37,18,19,0,0,7,30,17,0,0,0,15,14,0,0,0,0,0,0,0,0,0,0,1.0,1.0,1.0,0.0,0.0,0.0,2,0,0
4179,37,18,19,0,0,7,30,17,0,0,0,15,14,0,0,0,0,0,0,0,0,0,0,1.0,1.0,1.0,0.0,0.0,0.0,2,0,0
4180,37,18,19,0,0,7,30,17,0,0,0,15,14,0,0,0,0,0,0,0,0,0,0,1.0,1.0,1.0,0.0,0.0,0.0,2,0,0
4181,37,18,19,0,0,6,31,17,0,0,0,15,14,0,0,0,0,0,0,0,0,0,0,1.0,1.0,1.0,0.0,0.0,0.0,2,0,0
4182,37,18,19,0,0,6,31,17,0,0,0,15,14,0,0,0,0,0,0,0,0,0,0,1.0,1.0,1.0,0.0,0.0,0.0,2,0,0
4183,37,18,19,0,0,6,31,17,0,0,0,15,14,0,0,0,0,0,0,0,0,0,0,1.0,1.0,1.0,0.0,0.0,0.0,2,0,0
4184,37,18,19,0,0,6,31,17,0,0,0,15,14,0,0,0,0,0,0,0,0,0,0,1.0,1.0,1.0,0.0,0.0,0.0,2,0,0
4185,37,18,19,0,0,6,31,17,0,0,0,15,14,0,0,0,0,0,0,0,0,0,0,1.0,1.0,1.0,0.0,0.0,0.0,2,0,0
4186,37,18,19,0,0,6,31,17,0,0,0,15,14,0,0,0,0,0,0,0,0,0,0,1.0,1.0,1.0,0.0,0.0,0.0,2,0,0
4187,37,18,19,0,0,6,31,17,0,0,0,15,14,0,0,0,0,0,0,0,0,0,0,1.0,1.0,1.0,0.0,0.0,0.0,2,0,0
4188,37,18,19,0,0,6,31,17,1,0,0,15,14,0,0,0,4,1,0,0,0,0,0,1.0,1.0,1.0,0.0,0.0,0.25,2,0,0
4189,37,18,19,0,0,6,31,17,2,0,0,15,14,0,0,0,4,1,0,0,0,0,0,1.0,1.0,1.0,0.0,0.0,0.25,2,0,0
4190,37,18,19,0,0,6,31,17,2,0,0,15,14,0,0,0,4,0,0,0,0,0,0,1.0,1.0,1.0,0.0,0.0,0.0,2,0,0
4191,37,18,19,0,0,5,32,17,3,0,0,15,14,0,0,0,4,1,0,0,0,0,0,1.0,1.0,1.0,0.0,0.0,0.25,2,0,0
4192,37,18,19,0,0,5,32,17,3,0,0,15,14,0,0,0,1,0,0,0,0,0,0,1.0,1.0,1.0,0.0,0.0,0.0,2,0,0
4193,37,18,19,0,0,5,32,17,3,0,0,15,14,0,0,0,0,0,0,0,0,0,0,1.0,1.0,1.0,0.0,0.0,0.0,2,0,0
4194,37,18,19,0,0,5,32,17,3,0,0,15,14,0,0,0,0,0,0,0,0,0,0,1.0,1.0,1.0,0.0,0.0,0.0,2,0,0
4195,37,18,19,0,0,5,32,17,3,0,0,15,14,0,0,0,0,0,0,0,0,0,0,1.0,1.0,1.0,0.0,0.0,0.0,2,0,0
4196,37,18,19,0,0,5,32,17,3,0,0,15,14,0,0,0,0,0,0,0,0,0,0,1.0,1.0,1.0,0.0,0.0,0.0,2,0,0
4197,37,18,19,0,0,5,32,17,3,0,0,15,14,0,0,0,0,0,0,0,0,0,0,1.0,1.0,1.0,0.0,0.0,0.0,2,0,0
4198,37,18,19,0,0,5,32,17,3,0,0,15,14,0,0,0,0,0,0,0,0,0,0,1.0,1.0,1.0,0.0,0.0,0.0,2,0,0
4199,37,18,19,0,0,5,32,17,3,0,0,16,14,1,0,0,0,0,0,0,0,0,0,1.0,1.0,1.0,0.0,0.0,0.0,2,0,0
4200,36,18,18,0,0,5,31,16,3,0,0,16,13,0,0,0,0,0,0,0,0,0,0,1.0,1.0,0.9411764705882353,0.0,0.0,0.0,2,0,1
4201,36,18,18,0,0,5,31,16,3,0,0,16,13,0,0,0,0,0,0,0,0,0,0,1.0,1.0,1.0,0.0,0.0,0.0,2,0,0
4202,36,18,18,0,0,5,31,16,3,0,0,16,13,0,0,0,0,0,0,0,0,0,0,1.0,1.0,1.0,0.0,0.0,0.0,2,0,0
4203,36,18,18,0,0,5,31,16,3,0,0,16,13,0,0,0,0,0,0,0,0,0,0,1.0,1.0,1.0,0.0,0.0,0.0,2,0,0
4204,36,18,18,0,0,5,31,16,3,0,0,16,13,0,0,0,0,0,0,0,0,0,0,1.0,1.0,1.0,0.0,0.0,0.0,2,0,0
4205,36,18,18,0,0,5,31,16,3,0,0,16,13,0,0,0,0,0,0,0,0,0,0,1.0,1.0,1.0,0.0,0.0,0.0,2,0,0
4206,36,18,18,0,0,5,31,16,3,0,0,16,13,0,0,0,0,0,0,0,0,0,0,1.0,1.0,1.0,0.0,0.0,0.0,2,0,0
4207,36,18,18,0,0,5,31,16,3,0,0,16,13,0,0,0,0,0,0,0,0,0,0,1.0,1.0,1.0,0.0,0.0,0.0,2,0,0
4208,36,18,18,0,0,5,31,16,3,0,0,16,13,0,0,0,0,0,0,0,0,0,0,1.0,1.0,1.0,0.0,0.0,0.0,2,0,0
4209,36,18,18,0,0,5,31,16,3,0,0,16,13,0,0,0,0,0,0,0,0,0,0,1.0,1.0,1.0,0.0,0.0,0.0,2,0,0
4210,36,18,18,0,0,5,31,16,3,0,0,16,13,0,0,0,0,0,0,0,0,0,0,1.0,1.0,1.0,0.0,0.0,0.0,2,0,0
4211,36,18,18,0,0,5,31,16,3,0,0,16,13,0,0,0,0,0,0,0,0,0,0,1.0,1.0,1.0,0.0,0.0,0.0,2,0,0
4212,36,18,18,0,0,5,31,16,3,0,0,16,13,0,0,0,0,0,0,0,0,0,0,1.0,1.0,1.0,0.0,0.0,0.0,2,0,0
4213,36,18,18,0,0,5,31,16,3,0,0,16,13,0,0,0,0,0,0,0,0,0,0,1.0,1.0,1.0,0.0,0.0,0.0,2,0,0
4214,36,18,18,0,0,5,31,16,3,0,0,16,13,0,0,0,0,0,0,0,0,0,0,1.0,1.0,1.0,0.0,0.0,0.0,2,0,0
4215,36,18,18,0,0,5,31,16,3,0,0,16,13,0,0,0,0,0,0,0,0,0,0,1.0,1.0,1.0,0.0,0.0,0.0,2,0,0
4216,36,18,18,0,0,5,31,16,3,0,0,16,13,0,0,0,0,0,0,0,0,0,0,1.0,1.0,1.0,0.0,0.0,0.0,2,0,0
4217,36,18,18,0,0,5,31,16,3,0,0,16,13,0,0,0,0,0,0,0,0,0,0,1.0,1.0,1.0,0.0,0.0,0.0,2,0,0
4218,36,18,18,0,0,5,31,16,3,0,0,16,13,0,0,0,0,0,0,0,0,0,0,1.0,1.0,1.0,0.0,0.0,0.0,2,0,0
4219,36,18,18,0,0,5,31,16,3,0,0,16,13,0,0,0,0,0,0,0,0,0,0,1.0,1.0,1.0,0.0,0.0,0.0,2,0,0
4220,36,18,18,0,0,5,31,16,3,0,0,16,13,0,0,0,0,0,0,0,0,0,0,1.0,1.0,1.0,0.0,0.0,0.0,2,0,0
4221,36,18,18,0,0,5,31,16,3,0,0,16,13,0,0,0,0,0,0,0,0,0,0,1.0,1.0,1.0,0.0,0.0,0.0,2,0,0
4222,36,18,18,0,0,5,31,16,3,0,0,16,13,0,0,0,0,0,0,0,0,0,0,1.0,1.0,1.0,0.0,0.0,0.0,2,0,0
4223,36,18,18,0,0,5,31,16,3,0,0,16,13,0,0,0,0,0,0,0,0,0,0,1.0,1.0,1.0,0.0,0.0,0.0,2,0,0
4224,36,18,18,0,0,5,31,16,3,0,0,16,13,0,0,0,0,0,0,0,0,0,0,1.0,1.0,1.0,0.0,0.0,0.0,2,0,0
4225,36,18,18,0,0,5,31,16,3,0,0,16,13,0,0,0,0,0,0,0,0,0,0,1.0,1.0,1.0,0.0,0.0,0.0,2,0,0
4226,35,17,18,0,0,5,30,16,3,0,0,15,13,0,0,0,0,0,0,0,0,0,0,1.0,0.9333333333333333,1.0,0.0,0.0,0.0,2,0,1
4227,35,17,18,0,0,5,30,16,3,0,0,15,13,0,0,0,0,0,0,0,0,0,0,1.0,1.0,1.0,0.0,0.0,0.0,2,0,0
4228,35,17,18,0,0,5,30,16,3,0,0,15,13,0,0,0,0,0,0,0,0,0,0,1.0,1.0,1.0,0.0,0.0,0.0,2,0,0
4229,35,17,18,0,0,5,30,16,3,0,0,15,13,0,0,0,0,0,0,0,0,0,0,1.0,1.0,1.0,0.0,0.0,0.0,2,0,0
4230,35,17,18,0,0,5,30,16,3,0,0,15,13,0,0,0,0,0,0,0,0,0,0,1.0,1.0,1.0,0.0,0.0,0.0,2,0,0
4231,35,17,18,0,0,5,30,16,3,0,0,15,13,0,0,0,0,0,0,0,0,0,0,1.0,1.0,1.0,0.0,0.0,0.0,2,0,0
4232,35,17,18,0,0,5,30,16,3,0,0,15,13,0,0,0,0,0,0,0,0,0,0,1.0,1.0,1.0,0.0,0.0,0.0,2,0,0
4233,35,17,18,0,0,5,30,16,3,0,0,15,13,0,0,0,0,0,0,0,0,0,0,1.0,1.0,1.0,0.0,0.0,0.0,2,0,0
4234,35,17,18,0,0,5,30,16,3,0,0,15,13,0,0,0,0,0,0,0,0,0,0,1.0,1.0,1.0,0.0,0.0,0.0,2,0,0
4235,35,17,18,0,0,5,30,16,3,0,0,15,13,0,0,0,0,0,0,0,0,0,0,1.0,1.0,1.0,0.0,0.0,0.0,2,0,0
4236,35,17,18,0,0,5,30,16,3,0,0,15,13,0,0,0,0,0,0,0,0,0,0,1.0,1.0,1.0,0.0,0.0,0.0,2,0,0
4237,34,17,17,0,0,5,29,15,3,0,0,15,13,0,0,0,0,0,0,0,0,0,0,1.0,1.0,0.9375,0.0,0.0,0.0,2,0,1
4238,34,17,17,0,0,5,29,15,3,0,0,15,13,0,0,0,0,0,0,0,0,0,0,1.0,1.0,1.0,0.0,0.0,0.0,2,0,0
4239,34,17,17,0,0,5,29,15,3,0,0,15,13,0,0,0,0,0,0,0,0,0,0,1.0,1.0,1.0,0.0,0.0,0.0,2,0,0
4240,34,17,17,0,0,5,29,15,3,0,0,15,13,0,0,0,0,0,0,0,0,0,0,1.0,1.0,1.0,0.0,0.0,0.0,2,0,0
4241,34,17,17,0,0,5,29,15,3,0,0,15,13,0,0,0,0,0,0,0,0,0,0,1.0,1.0,1.0,0.0,0.0,0.0,2,0,0
4242,33,16,17,0,0,5,28,15,3,0,0,14,13,0,0,0,0,0,0,0,0,0,0,1.0,0.9285714285714286,1.0,0.0,0.0,0.0,2,0,1
4243,33,16,17,0,0,5,28,15,3,0,0,14,13,0,0,0,0,0,0,0,0,0,0,1.0,1.0,1.0,0.0,0.0,0.0,2,0,0
4244,33,16,17,0,0,5,28,15,3,0,0,14,13,0,0,0,0,0,0,0,0,0,0,1.0,1.0,1.0,0.0,0.0,0.0,2,0,0
4245,33,16,17,0,0,5,28,15,3,0,0,14,13,0,0,0,0,0,0,0,0,0,0,1.0,1.0,1.0,0.0,0.0,0.0,2,0,0
4246,33,16,17,0,0,4,29,16,3,0,0,14,13,0,0,0,0,0,0,0,0,0,0,1.0,1.0,1.0,0.0,0.0,0.0,2,0,0
4247,33,16,17,0,0,4,29,16,3,0,0,14,13,0,0,0,0,0,0,0,0,0,0,1.0,1.0,1.0,0.0,0.0,0.0,2,0,0
4248,33,16,17,0,0,4,29,16,3,0,0,14,13,0,0,0,0,0,0,0,0,0,0,1.0,1.0,1.0,0.0,0.0,0.0,2,0,0
4249,33,16,17,0,0,4,29,16,3,0,0,14,13,0,0,0,0,0,0,0,0,0,0,1.0,1.0,1.0,0.0,0.0,0.0,2,0,0
4250,33,16,17,0,0,4,29,16,3,0,0,14,13,0,0,0,0,0,0,0,0,0,0,1.0,1.0,1.0,0.0,0.0,0.0,2,0,0
4251,33,16,17,0,0,4,29,16,3,0,0,14,13,0,0,0,0,0,0,0,0,0,0,1.0,1.0,1.0,0.0,0.0,0.0,2,0,0
4252,33,16,17,0,0,4,29,16,3,0,0,14,13,0,0,0,0,0,0,0,0,0,0,1.0,1.0,1.0,0.0,0.0,0.0,2,0,0
4253,36,19,17,4,0,4,28,15,2,0,1,14,12,0,0,0,0,0,0,1,0,0,0,1.0,1.0,0.9375,0.12121212121212122,0.12121212121212122,0.0,2,4,1
4254,39,20,19,7,0,4,28,15,1,0,2,14,12,0,0,0,0,0,0,1,0,0,0,1.0,1.0,1.0,0.08333333333333333,0.08333333333333333,0.0,2,3,0
4255,39,20,19,7,0,4,28,15,1,0,2,14,12,0,0,0,0,0,0,0,0,0,0,1.0,1.0,1.0,0.0,0.0,0.0,2,0,0
4256,43,21,22,11,0,4,28,15,0,0,3,14,12,0,0,0,0,0,0,1,0,0,0,1.0,1.0,1.0,0.10256410256410256,0.10256410256410256,0.0,2,4,0
4257,43,21,22,11,0,3,29,16,0,0,3,14,12,0,0,0,0,0,0,0,0,0,0,1.0,1.0,1.0,0.0,0.0,0.0,2,0,0
4258,43,21,22,11,0,3,29,16,0,0,3,14,12,0,0,0,0,0,0,0,0,0,0,1.0,1.0,1.0,0.0,0.0,0.0,2,0,0
4259,43,21,22,11,0,3,29,16,0,0,3,14,12,0,0,0,0,0,0,0,0,0,0,1.0,1.0,1.0,0.0,0.0,0.0,2,0,0
4260,43,21,22,11,0,3,29,16,0,0,3,14,12,0,0,0,0,0,0,0,0,0,0,1.0,1.0,1.0,0.0,0.0,0.0,2,0,0
4261,43,21,22,11,0,3,29,16,0,0,3,14,12,0,0,0,0,0,0,0,0,0,0,1.0,1.0,1.0,0.0,0.0,0.0,2,0,0
4262,43,21,22,11,0,3,29,16,0,0,3,14,12,0,0,0,0,0,0,0,0,0,0,1.0,1.0,1.0,0.0,0.0,0.0,2,0,0
4263,43,21,22,11,0,3,29,16,0,0,3,14,12,0,0,0,0,0,0,0,0,0,0,1.0,1.0,1.0,0.0,0.0,0.0,2,0,0
4264,43,21,22,11,0,3,29,16,0,0,3,14,12,0,0,0,0,0,0,0,0,0,0,1.0,1.0,1.0,0.0,0.0,0.0,2,0,0
4265,43,21,22,11,0,3,29,16,0,0,3,14,12,0,0,0,0,0,0,0,0,0,0,1.0,1.0,1.0,0.0,0.0,0.0,2,0,0
4266,43,21,22,11,0,3,29,16,0,0,3,14,12,0,0,0,0,0,0,0,0,0,0,1.0,1.0,1.0,0.0,0.0,0.0,2,0,0
4267,43,21,22,11,0,3,29,16,0,0,3,14,12,0,0,0,0,0,0,0,0,0,0,1.0,1.0,1.0,0.0,0.0,0.0,2,0,0
4268,43,21,22,11,0,3,29,16,0,0,3,14,12,0,0,0,0,0,0,0,0,0,0,1.0,1.0,1.0,0.0,0.0,0.0,2,0,0
4269,43,21,22,11,0,3,29,16,0,0,3,14,12,0,0,0,0,0,0,0,0,0,0,1.0,1.0,1.0,0.0,0.0,0.0,2,0,0
4270,43,21,22,11,0,3,29,16,0,0,3,14,12,0,0,0,0,0,0,0,0,0,0,1.0,1.0,1.0,0.0,0.0,0.0,2,0,0
4271,43,21,22,11,0,3,29,16,0,0,3,14,12,0,0,0,0,0,0,0,0,0,0,1.0,1.0,1.0,0.0,0.0,0.0,2,0,0
4272,43,21,22,11,0,3,29,16,0,0,3,14,12,0,0,0,0,0,0,0,0,0,0,1.0,1.0,1.0,0.0,0.0,0.0,2,0,0
4273,43,21,22,11,0,3,29,16,0,0,3,14,12,0,0,0,0,0,0,0,0,0,0,1.0,1.0,1.0,0.0,0.0,0.0,2,0,0
4274,43,21,22,11,0,3,29,16,0,0,3,14,12,0,0,0,0,0,0,0,0,0,0,1.0,1.0,1.0,0.0,0.0,0.0,2,0,0
4275,43,21,22,11,0,3,29,16,0,0,3,14,12,0,0,0,0,0,0,0,0,0,0,1.0,1.0,1.0,0.0,0.0,0.0,2,0,0
4276,43,21,22,11,0,1,31,16,0,0,3,14,12,0,0,0,0,0,0,0,0,0,0,1.0,1.0,1.0,0.0,0.0,0.0,2,0,0
4277,43,21,22,11,0,1,31,16,0,0,3,14,12,0,0,0,0,0,0,0,0,0,0,1.0,1.0,1.0,0.0,0.0,0.0,2,0,0
4278,43,21,22,11,0,1,31,16,0,0,3,14,12,0,0,0,0,0,0,0,0,0,0,1.0,1.0,1.0,0.0,0.0,0.0,2,0,0
4279,43,21,22,11,0,1,31,16,1,0,3,14,12,0,0,0,6,1,0,0,0,0,0,1.0,1.0,1.0,0.0,0.0,0.16666666666666666,2,0,0
4280,43,21,22,11,0,1,31,16,1,0,3,14,12,0,0,0,0,0,0,0,0,0,0,1.0,1.0,1.0,0.0,0.0,0.0,2,0,0
4281,42,20,22,10,0,1,31,16,1,0,3,14,12,0,0,0,0,0,0,0,1,0,1,0.9090909090909091,1.0,1.0,0.0,0.0,0.0,2,0,1
4282,42,20,22,10,0,1,31,16,1,0,3,14,12,0,0,0,0,0,0,0,0,0,0,1.0,1.0,1.0,0.0,0.0,0.0,2,0,0
4283,42,20,22,10,0,1,31,16,1,0,3,14,12,0,0,0,0,0,0,0,0,0,0,1.0,1.0,1.0,0.0,0.0,0.0,2,0,0
4284,42,20,22,10,0,1,31,16,1,0,3,14,12,0,0,0,0,0,0,0,0,0,0,1.0,1.0,1.0,0.0,0.0,0.0,2,0,0
4285,42,20,22,10,0,1,31,16,1,0,3,14,12,0,0,0,0,0,0,0,0,0,0,1.0,1.0,1.0,0.0,0.0,0.0,2,0,0
4286,42,20,22,10,0,1,31,16,1,0,3,14,12,0,0,0,0,0,0,0,0,0,0,1.0,1.0,1.0,0.0,0.0,0.0,2,0,0
4287,42,20,22,10,0,1,31,16,1,0,3,14,12,0,0,0,0,0,0,0,0,0,0,1.0,1.0,1.0,0.0,0.0,0.0,2,0,0
4288,42,20,22,10,0,1,31,16,1,0,3,14,12,0,0,0,0,0,0,0,0,0,0,1.0,1.0,1.0,0.0,0.0,0.0,2,0,0
4289,42,20,22,10,0,1,31,16,1,0,3,14,12,0,0,0,0,0,0,0,0,0,0,1.0,1.0,1.0,0.0,0.0,0.0,2,0,0
4290,42,20,22,10,0,1,31,16,1,0,3,14,12,0,0,0,0,0,0,0,0,0,0,1.0,1.0,1.0,0.0,0.0,0.0,2,0,0
4291,42,20,22,10,0,1,31,16,1,0,3,14,13,0,1,0,0,0,0,0,0,0,0,1.0,1.0,1.0,0.0,0.0,0.0,2,0,0
4292,42,20,22,10,0,1,31,16,1,0,3,14,13,0,0,0,0,0,0,0,0,0,0,1.0,1.0,1.0,0.0,0.0,0.0,2,0,0
4293,42,20,22,10,0,1,31,16,1,0,3,14,13,0,0,0,0,0,0,0,0,0,0,1.0,1.0,1.0,0.0,0.0,0.0,2,0,0
4294,42,20,22,10,0,1,31,16,1,0,3,14,13,0,0,0,0,0,0,0,0,0,0,1.0,1.0,1.0,0.0,0.0,0.0,2,0,0
4295,42,20,22,10,0,1,31,16,1,0,3,14,15,0,2,0,0,0,0,0,0,0,0,1.0,1.0,1.0,0.0,0.0,0.0,2,0,0
4296,42,20,22,6,4,1,31,16,1,0,3,14,15,0,0,0,0,0,0,0,0,0,0,1.0,1.0,1.0,0.0,0.0,0.0,2,0,0
4297,42,20,22,3,7,1,31,16,1,0,3,14,15,0,0,0,0,0,0,0,0,0,0,1.0,1.0,1.0,0.0,0.0,0.0,2,0,0
4298,42,20,22,3,7,1,31,16,1,0,2,14,15,0,0,0,0,0,0,0,0,0,0,1.0,1.0,1.0,0.0,0.0,0.0,2,0,0
4299,42,20,22,0,10,1,31,16,1,0,1,14,15,0,0,0,0,0,0,0,0,0,0,1.0,1.0,1.0,0.0,0.0,0.0,2,0,0
4300,42,20,22,0,10,1,31,16,1,0,1,14,15,0,0,0,2,0,0,0,0,0,0,1.0,1.0,1.0,0.0,0.0,0.0,2,0,0
4301,42,20,22,0,10,1,31,16,2,0,0,14,15,0,0,0,3,1,0,0,0,0,0,1.0,1.0,1.0,0.0,0.0,0.3333333333333333,2,0,0
4302,42,20,22,0,10,0,32,16,2,0,0,14,15,0,0,0,0,0,0,0,0,0,0,1.0,1.0,1.0,0.0,0.0,0.0,2,0,0
4303,42,20,22,0,10,0,32,16,2,0,0,14,15,0,0,0,0,0,0,0,0,0,0,1.0,1.0,1.0,0.0,0.0,0.0,2,0,0
4304,41,19,22,0,10,0,31,16,2,0,0,13,15,0,0,0,0,0,0,0,0,0,0,1.0,0.9375,1.0,0.0,0.0,0.0,2,0,1
4305,41,19,22,0,10,0,31,16,2,0,0,13,15,0,0,0,0,0,0,0,0,0,0,1.0,1.0,1.0,0.0,0.0,0.0,2,0,0
4306,41,19,22,0,10,0,31,16,2,0,0,13,15,0,0,0,0,0,0,0,0,0,0,1.0,1.0,1.0,0.0,0.0,0.0,2,0,0
4307,41,19,22,0,10,0,31,16,2,0,0,13,15,0,0,0,0,0,0,0,0,0,0,1.0,1.0,1.0,0.0,0.0,0.0,2,0,0
4308,41,19,22,0,10,0,31,16,2,0,0,13,15,0,0,0,0,0,0,0,0,0,0,1.0,1.0,1.0,0.0,0.0,0.0,2,0,0
4309,41,19,22,0,10,0,31,16,2,0,0,13,15,0,0,0,0,0,0,0,0,0,0,1.0,1.0,1.0,0.0,0.0,0.0,2,0,0
4310,41,19,22,0,10,0,31,16,2,0,0,13,15,0,0,0,0,0,0,0,0,0,0,1.0,1.0,1.0,0.0,0.0,0.0,2,0,0
4311,41,19,22,0,10,0,31,16,2,0,0,13,15,0,0,0,0,0,0,0,0,0,0,1.0,1.0,1.0,0.0,0.0,0.0,2,0,0
4312,40,18,22,0,10,0,30,16,2,0,0,12,15,0,0,0,0,0,0,0,0,0,0,1.0,0.9333333333333333,1.0,0.0,0.0,0.0,2,0,1
4313,40,18,22,0,10,0,30,16,2,0,0,12,15,0,0,0,0,0,0,0,0,0,0,1.0,1.0,1.0,0.0,0.0,0.0,2,0,0
4314,40,18,22,0,10,0,30,16,2,0,0,12,15,0,0,0,0,0,0,0,0,0,0,1.0,1.0,1.0,0.0,0.0,0.0,2,0,0
4315,40,18,22,0,10,0,30,16,2,0,0,12,15,0,0,0,0,0,0,0,0,0,0,1.0,1.0,1.0,0.0,0.0,0.0,2,0,0
4316,40,18,22,0,10,0,30,16,2,0,0,12,15,0,0,0,0,0,0,0,0,0,0,1.0,1.0,1.0,0.0,0.0,0.0,2,0,0
4317,40,18,22,0,10,0,30,16,2,0,0,12,15,0,0,0,0,0,0,0,0,0,0,1.0,1.0,1.0,0.0,0.0,0.0,2,0,0
4318,39,17,22,0,10,0,29,16,2,0,0,11,15,0,0,0,0,0,0,0,0,0,0,1.0,0.9285714285714286,1.0,0.0,0.0,0.0,2,0,1
4319,39,17,22,0,10,0,29,16,2,0,0,11,15,0,0,0,0,0,0,0,0,0,0,1.0,1.0,1.0,0.0,0.0,0.0,2,0,0
4320,39,17,22,0,10,0,29,16,2,0,0,11,15,0,0,0,0,0,0,0,0,0,0,1.0,1.0,1.0,0.0,0.0,0.0,2,0,0
4321,39,17,22,0,10,0,29,16,2,0,0,11,15,0,0,0,0,0,0,0,0,0,0,1.0,1.0,1.0,0.0,0.0,0.0,2,0,0
4322,39,17,22,0,10,0,29,16,2,0,0,11,15,0,0,0,0,0,0,0,0,0,0,1.0,1.0,1.0,0.0,0.0,0.0,2,0,0
4323,39,17,22,0,10,0,29,16,2,0,0,11,15,0,0,0,0,0,0,0,0,0,0,1.0,1.0,1.0,0.0,0.0,0.0,2,0,0
4324,39,17,22,0,10,0,29,16,2,0,0,11,15,0,0,0,0,0,0,0,0,0,0,1.0,1.0,1.0,0.0,0.0,0.0,2,0,0
4325,39,17,22,0,10,0,29,16,2,0,0,11,15,0,0,0,0,0,0,0,0,0,0,1.0,1.0,1.0,0.0,0.0,0.0,2,0,0
4326,39,17,22,0,10,0,29,16,2,0,0,11,15,0,0,0,0,0,0,0,0,0,0,1.0,1.0,1.0,0.0,0.0,0.0,2,0,0
4327,39,17,22,0,10,0,29,16,2,0,0,11,15,0,0,0,0,0,0,0,0,0,0,1.0,1.0,1.0,0.0,0.0,0.0,2,0,0
4328,39,17,22,0,10,0,29,16,2,0,0,11,15,0,0,0,0,0,0,0,0,0,0,1.0,1.0,1.0,0.0,0.0,0.0,2,0,0
4329,39,17,22,0,10,0,29,16,2,0,0,11,15,0,0,0,0,0,0,0,0,0,0,1.0,1.0,1.0,0.0,0.0,0.0,2,0,0
4330,39,17,22,0,10,0,29,16,2,0,0,11,15,0,0,0,0,0,0,0,0,0,0,1.0,1.0,1.0,0.0,0.0,0.0,2,0,0
4331,39,17,22,0,10,0,29,16,2,0,0,11,15,0,0,0,0,0,0,0,0,0,0,1.0,1.0,1.0,0.0,0.0,0.0,2,0,0
4332,37,15,22,0,9,0,28,16,2,0,0,10,15,0,0,0,0,0,0,0,1,0,1,0.9,0.9230769230769231,1.0,0.0,0.0,0.0,2,0,2
4333,37,15,22,0,9,0,28,16,2,0,0,10,15,0,0,0,0,0,0,0,0,0,0,1.0,1.0,1.0,0.0,0.0,0.0,2,0,0
4334,37,15,22,0,9,0,28,16,2,0,0,10,15,0,0,0,0,0,0,0,0,0,0,1.0,1.0,1.0,0.0,0.0,0.0,2,0,0
4335,37,15,22,0,9,0,28,16,2,0,0,10,15,0,0,0,0,0,0,0,0,0,0,1.0,1.0,1.0,0.0,0.0,0.0,2,0,0
4336,37,15,22,0,9,0,28,16,2,0,0,10,15,0,0,0,0,0,0,0,0,0,0,1.0,1.0,1.0,0.0,0.0,0.0,2,0,0
4337,37,15,22,0,9,0,28,16,2,0,0,10,15,0,0,0,0,0,0,0,0,0,0,1.0,1.0,1.0,0.0,0.0,0.0,2,0,0
4338,37,15,22,0,9,0,28,16,2,0,0,10,15,0,0,0,0,0,0,0,0,0,0,1.0,1.0,1.0,0.0,0.0,0.0,2,0,0
4339,37,15,22,0,9,0,28,16,2,0,0,10,15,0,0,0,0,0,0,0,0,0,0,1.0,1.0,1.0,0.0,0.0,0.0,2,0,0
4340,37,15,22,0,9,0,28,16,2,0,0,10,15,0,0,0,0,0,0,0,0,0,0,1.0,1.0,1.0,0.0,0.0,0.0,2,0,0
4341,37,15,22,0,9,0,28,16,2,0,0,10,15,0,0,0,0,0,0,0,0,0,0,1.0,1.0,1.0,0.0,0.0,0.0,2,0,0
4342,37,15,22,0,9,0,28,16,2,0,0,10,15,0,0,0,0,0,0,0,0,0,0,1.0,1.0,1.0,0.0,0.0,0.0,2,0,0
4343,37,15,22,0,9,0,28,16,2,0,0,10,15,0,0,0,0,0,0,0,0,0,0,1.0,1.0,1.0,0.0,0.0,0.0,2,0,0
4344,41,16,25,4,9,0,28,16,1,0,1,10,15,0,0,0,0,0,0,1,0,0,0,1.0,1.0,1.0,0.10810810810810811,0.10810810810810811,0.0,2,4,0
4345,41,16,25,4,9,0,28,16,1,0,1,10,15,0,0,0,0,0,0,0,0,0,0,1.0,1.0,1.0,0.0,0.0,0.0,2,0,0
4346,41,16,25,4,9,0,28,16,1,0,1,10,15,0,0,0,0,0,0,0,0,0,0,1.0,1.0,1.0,0.0,0.0,0.0,2,0,0
4347,41,16,25,4,9,0,28,16,1,0,1,10,15,0,0,0,0,0,0,0,0,0,0,1.0,1.0,1.0,0.0,0.0,0.0,2,0,0
4348,41,16,25,4,9,0,28,16,1,0,1,10,15,0,0,0,0,0,0,0,0,0,0,1.0,1.0,1.0,0.0,0.0,0.0,2,0,0
4349,41,16,25,4,9,0,28,16,1,0,1,10,15,0,0,0,0,0,0,0,0,0,0,1.0,1.0,1.0,0.0,0.0,0.0,2,0,0
4350,41,16,25,4,9,0,28,16,1,0,1,10,15,0,0,0,0,0,0,0,0,0,0,1.0,1.0,1.0,0.0,0.0,0.0,2,0,0
4351,41,16,25,4,9,0,28,16,1,0,1,10,15,0,0,0,0,0,0,0,0,0,0,1.0,1.0,1.0,0.0,0.0,0.0,2,0,0
4352,41,16,25,4,9,0,28,16,1,0,1,10,15,0,0,0,0,0,0,0,0,0,0,1.0,1.0,1.0,0.0,0.0,0.0,2,0,0
4353,41,16,25,4,9,0,28,16,1,0,1,10,15,0,0,0,0,0,0,0,0,0,0,1.0,1.0,1.0,0.0,0.0,0.0,2,0,0
4354,40,15,25,4,9,0,27,16,1,0,1,10,15,0,0,0,0,0,0,0,0,0,0,1.0,0.9166666666666666,1.0,0.0,0.0,0.0,2,0,1
4355,40,15,25,4,9,0,27,16,1,0,1,10,15,0,0,0,0,0,0,0,0,0,0,1.0,1.0,1.0,0.0,0.0,0.0,2,0,0
4356,40,15,25,4,9,0,27,16,1,0,1,10,15,0,0,0,0,0,0,0,0,0,0,1.0,1.0,1.0,0.0,0.0,0.0,2,0,0
4357,39,15,24,4,9,0,26,15,1,0,1,10,14,0,0,0,0,0,0,0,0,0,0,1.0,1.0,0.9375,0.0,0.0,0.0,2,0,1
4358,39,15,24,4,9,0,26,15,1,0,1,10,14,0,0,0,0,0,0,0,0,0,0,1.0,1.0,1.0,0.0,0.0,0.0,2,0,0
4359,39,15,24,4,9,0,26,15,1,0,1,10,14,0,0,0,0,0,0,0,0,0,0,1.0,1.0,1.0,0.0,0.0,0.0,2,0,0
4360,39,15,24,4,9,0,26,15,1,0,1,10,14,0,0,0,0,0,0,0,0,0,0,1.0,1.0,1.0,0.0,0.0,0.0,2,0,0
4361,39,15,24,4,9,0,26,15,1,0,1,10,14,0,0,0,0,0,0,0,0,0,0,1.0,1.0,1.0,0.0,0.0,0.0,2,0,0
4362,39,15,24,4,9,0,26,15,1,0,1,10,14,0,0,0,0,0,0,0,0,0,0,1.0,1.0,1.0,0.0,0.0,0.0,2,0,0
4363,39,15,24,4,9,0,26,15,1,0,1,10,14,0,0,0,0,0,0,0,0,0,0,1.0,1.0,1.0,0.0,0.0,0.0,2,0,0
4364,39,15,24,4,9,0,26,15,1,0,1,10,14,0,0,0,0,0,0,0,0,0,0,1.0,1.0,1.0,0.0,0.0,0.0,2,0,0
4365,39,15,24,4,9,0,26,15,1,0,1,10,14,0,0,0,0,0,0,0,0,0,0,1.0,1.0,1.0,0.0,0.0,0.0,2,0,0
4366,42,17,25,7,9,0,26,15,0,0,2,10,14,0,0,0,0,0,0,1,0,0,0,1.0,1.0,1.0,0.07692307692307693,0.07692307692307693,0.0,2,3,0
4367,42,17,25,7,9,0,26,15,0,0,2,10,14,0,0,0,0,0,0,0,0,0,0,1.0,1.0,1.0,0.0,0.0,0.0,2,0,0
4368,42,17,25,7,9,0,26,15,0,0,2,10,14,0,0,0,0,0,0,0,0,0,0,1.0,1.0,1.0,0.0,0.0,0.0,2,0,0
4369,42,17,25,7,9,0,26,15,0,0,2,10,14,0,0,0,0,0,0,0,0,0,0,1.0,1.0,1.0,0.0,0.0,0.0,2,0,0
4370,42,17,25,7,9,0,26,15,0,0,2,10,14,0,0,0,0,0,0,0,0,0,0,1.0,1.0,1.0,0.0,0.0,0.0,2,0,0
4371,42,17,25,7,9,0,26,15,0,0,2,10,14,0,0,0,0,0,0,0,0,0,0,1.0,1.0,1.0,0.0,0.0,0.0,2,0,0
4372,42,17,25,7,9,0,26,15,0,0,2,10,14,0,0,0,0,0,0,0,0,0,0,1.0,1.0,1.0,0.0,0.0,0.0,2,0,0
4373,42,17,25,7,9,0,26,15,0,0,2,10,14,0,0,0,0,0,0,0,0,0,0,1.0,1.0,1.0,0.0,0.0,0.0,2,0,0
4374,42,17,25,7,9,0,26,15,0,0,2,10,14,0,0,0,0,0,0,0,0,0,0,1.0,1.0,1.0,0.0,0.0,0.0,2,0,0
4375,42,17,25,7,9,0,26,15,0,0,2,10,14,0,0,0,0,0,0,0,0,0,0,1.0,1.0,1.0,0.0,0.0,0.0,2,0,0
4376,42,17,25,7,9,0,26,15,0,0,2,10,14,0,0,0,0,0,0,0,0,0,0,1.0,1.0,1.0,0.0,0.0,0.0,2,0,0
4377,42,17,25,7,9,0,26,15,0,0,2,10,14,0,0,0,0,0,0,0,0,0,0,1.0,1.0,1.0,0.0,0.0,0.0,2,0,0
4378,42,17,25,7,9,0,26,15,0,0,2,10,14,0,0,0,0,0,0,0,0,0,0,1.0,1.0,1.0,0.0,0.0,0.0,2,0,0
4379,42,17,25,7,9,0,26,15,0,0,2,10,14,0,0,0,0,0,0,0,0,0,0,1.0,1.0,1.0,0.0,0.0,0.0,2,0,0
4380,42,17,25,7,9,0,26,15,0,0,2,10,14,0,0,0,0,0,0,0,0,0,0,1.0,1.0,1.0,0.0,0.0,0.0,2,0,0
4381,42,17,25,7,9,0,26,15,0,0,2,10,14,0,0,0,0,0,0,0,0,0,0,1.0,1.0,1.0,0.0,0.0,0.0,2,0,0
4382,42,17,25,7,9,0,26,15,0,0,2,10,14,0,0,0,0,0,0,0,0,0,0,1.0,1.0,1.0,0.0,0.0,0.0,2,0,0
4383,42,17,25,7,9,0,26,15,0,0,2,10,14,0,0,0,0,0,0,0,0,0,0,1.0,1.0,1.0,0.0,0.0,0.0,2,0,0
4384,42,17,25,7,9,0,26,15,0,0,2,10,14,0,0,0,0,0,0,0,0,0,0,1.0,1.0,1.0,0.0,0.0,0.0,2,0,0
4385,42,17,25,7,9,0,26,15,0,0,2,10,15,0,1,0,0,0,0,0,0,0,0,1.0,1.0,1.0,0.0,0.0,0.0,2,0,0
4386,42,17,25,7,9,0,26,15,0,0,2,10,15,0,0,0,0,0,0,0,0,0,0,1.0,1.0,1.0,0.0,0.0,0.0,2,0,0
4387,42,17,25,3,13,0,26,15,0,0,2,10,15,0,0,0,0,0,0,0,0,0,0,1.0,1.0,1.0,0.0,0.0,0.0,2,0,0
4388,42,17,25,3,13,0,26,15,0,0,2,10,15,0,0,0,0,0,0,0,0,0,0,1.0,1.0,1.0,0.0,0.0,0.0,2,0,0
4389,42,17,25,3,13,0,26,15,0,0,1,10,15,0,0,0,0,0,0,0,0,0,0,1.0,1.0,1.0,0.0,0.0,0.0,2,0,0
4390,42,17,25,3,13,0,26,15,0,0,1,10,15,0,0,0,0,0,0,0,0,0,0,1.0,1.0,1.0,0.0,0.0,0.0,2,0,0
4391,42,17,25,3,13,0,26,15,0,0,1,10,15,0,0,0,0,0,0,0,0,0,0,1.0,1.0,1.0,0.0,0.0,0.0,2,0,0
4392,42,17,25,3,13,0,26,15,0,0,1,10,15,0,0,0,0,0,0,0,0,0,0,1.0,1.0,1.0,0.0,0.0,0.0,2,0,0
4393,42,17,25,3,13,0,26,15,0,0,1,10,15,0,0,0,0,0,0,0,0,0,0,1.0,1.0,1.0,0.0,0.0,0.0,2,0,0
4394,42,17,25,3,13,0,26,15,0,0,1,10,15,0,0,0,0,0,0,0,0,0,0,1.0,1.0,1.0,0.0,0.0,0.0,2,0,0
4395,42,17,25,3,13,0,26,15,0,0,1,10,15,0,0,0,0,0,0,0,0,0,0,1.0,1.0,1.0,0.0,0.0,0.0,2,0,0
4396,42,17,25,3,13,0,26,15,0,0,1,10,15,0,0,0,0,0,0,0,0,0,0,1.0,1.0,1.0,0.0,0.0,0.0,2,0,0
4397,42,17,25,3,13,0,26,15,0,0,1,10,15,0,0,0,0,0,0,0,0,0,0,1.0,1.0,1.0,0.0,0.0,0.0,2,0,0
4398,42,17,25,3,13,0,26,15,0,0,1,10,15,0,0,0,0,0,0,0,0,0,0,1.0,1.0,1.0,0.0,0.0,0.0,2,0,0
4399,42,17,25,3,13,0,26,15,0,0,1,10,15,0,0,0,0,0,0,0,0,0,0,1.0,1.0,1.0,0.0,0.0,0.0,2,0,0
4400,42,17,25,3,13,0,26,15,0,0,1,10,15,0,0,0,0,0,0,0,0,0,0,1.0,1.0,1.0,0.0,0.0,0.0,2,0,0
4401,42,17,25,3,13,0,26,15,0,0,1,10,15,0,0,0,0,0,0,0,0,0,0,1.0,1.0,1.0,0.0,0.0,0.0,2,0,0
4402,42,17,25,3,13,0,26,15,0,0,1,10,15,0,0,0,0,0,0,0,0,0,0,1.0,1.0,1.0,0.0,0.0,0.0,2,0,0
4403,42,17,25,3,13,0,26,15,0,0,1,10,15,0,0,0,0,0,0,0,0,0,0,1.0,1.0,1.0,0.0,0.0,0.0,2,0,0
4404,41,16,25,3,13,0,25,15,0,0,1,9,15,0,0,0,0,0,0,0,0,0,0,1.0,0.9090909090909091,1.0,0.0,0.0,0.0,2,0,1
4405,41,16,25,3,13,0,25,15,0,0,1,9,15,0,0,0,0,0,0,0,0,0,0,1.0,1.0,1.0,0.0,0.0,0.0,2,0,0
4406,41,16,25,3,13,0,25,15,0,0,1,9,15,0,0,0,0,0,0,0,0,0,0,1.0,1.0,1.0,0.0,0.0,0.0,2,0,0
4407,41,16,25,3,13,0,25,15,0,0,1,9,15,0,0,0,0,0,0,0,0,0,0,1.0,1.0,1.0,0.0,0.0,0.0,2,0,0
4408,41,16,25,3,13,0,25,15,0,0,1,9,15,0,0,0,0,0,0,0,0,0,0,1.0,1.0,1.0,0.0,0.0,0.0,2,0,0
4409,41,16,25,0,16,0,25,15,0,0,1,9,15,0,0,0,0,0,0,0,0,0,0,1.0,1.0,1.0,0.0,0.0,0.0,2,0,0
4410,41,16,25,0,16,0,25,15,0,0,1,9,15,0,0,0,0,0,0,0,0,0,0,1.0,1.0,1.0,0.0,0.0,0.0,2,0,0
4411,41,16,25,0,16,0,25,15,0,0,0,9,15,0,0,0,0,0,0,0,0,0,0,1.0,1.0,1.0,0.0,0.0,0.0,2,0,0
4412,41,16,25,0,16,0,25,15,1,0,0,9,15,0,0,0,4,1,0,0,0,0,0,1.0,1.0,1.0,0.0,0.0,0.25,2,0,0
4413,41,16,25,0,16,0,25,15,1,0,0,9,15,0,0,0,0,0,0,0,0,0,0,1.0,1.0,1.0,0.0,0.0,0.0,2,0,0
4414,41,16,25,0,16,0,25,15,1,0,0,9,15,0,0,0,0,0,0,0,0,0,0,1.0,1.0,1.0,0.0,0.0,0.0,2,0,0
4415,41,16,25,0,16,0,25,15,1,0,0,9,15,0,0,0,0,0,0,0,0,0,0,1.0,1.0,1.0,0.0,0.0,0.0,2,0,0
4416,41,16,25,0,16,0,25,15,1,0,0,9,15,0,0,0,0,0,0,0,0,0,0,1.0,1.0,1.0,0.0,0.0,0.0,2,0,0
4417,41,16,25,0,16,0,25,15,1,0,0,9,15,0,0,0,0,0,0,0,0,0,0,1.0,1.0,1.0,0.0,0.0,0.0,2,0,0
4418,41,16,25,0,16,0,25,15,1,0,0,9,15,0,0,0,0,0,0,0,0,0,0,1.0,1.0,1.0,0.0,0.0,0.0,2,0,0
4419,41,16,25,0,16,0,25,15,1,0,0,9,15,0,0,0,0,0,0,0,0,0,0,1.0,1.0,1.0,0.0,0.0,0.0,2,0,0
4420,41,16,25,0,16,0,25,15,1,0,0,9,15,0,0,0,0,0,0,0,0,0,0,1.0,1.0,1.0,0.0,0.0,0.0,2,0,0
4421,41,16,25,0,16,0,25,15,1,0,0,9,15,0,0,0,0,0,0,0,0,0,0,1.0,1.0,1.0,0.0,0.0,0.0,2,0,0
4422,41,16,25,0,16,0,25,15,1,0,0,9,15,0,0,0,0,0,0,0,0,0,0,1.0,1.0,1.0,0.0,0.0,0.0,2,0,0
4423,41,16,25,0,16,0,25,15,1,0,0,9,15,0,0,0,0,0,0,0,0,0,0,1.0,1.0,1.0,0.0,0.0,0.0,2,0,0
4424,41,16,25,0,16,0,25,15,1,0,0,9,15,0,0,0,0,0,0,0,0,0,0,1.0,1.0,1.0,0.0,0.0,0.0,2,0,0
4425,41,16,25,0,16,0,25,15,1,0,0,9,15,0,0,0,0,0,0,0,0,0,0,1.0,1.0,1.0,0.0,0.0,0.0,2,0,0
4426,41,16,25,0,16,0,25,15,1,0,0,9,15,0,0,0,0,0,0,0,0,0,0,1.0,1.0,1.0,0.0,0.0,0.0,2,0,0
4427,41,16,25,0,16,0,25,15,1,0,0,9,15,0,0,0,0,0,0,0,0,0,0,1.0,1.0,1.0,0.0,0.0,0.0,2,0,0
4428,41,16,25,0,16,0,25,15,1,0,0,9,15,0,0,0,0,0,0,0,0,0,0,1.0,1.0,1.0,0.0,0.0,0.0,2,0,0
4429,41,16,25,0,16,0,25,15,1,0,0,9,15,0,0,0,0,0,0,0,0,0,0,1.0,1.0,1.0,0.0,0.0,0.0,2,0,0
4430,41,16,25,0,16,0,25,15,1,0,0,9,15,0,0,0,0,0,0,0,0,0,0,1.0,1.0,1.0,0.0,0.0,0.0,2,0,0
4431,41,16,25,0,16,0,25,15,1,0,0,9,15,0,0,0,0,0,0,0,0,0,0,1.0,1.0,1.0,0.0,0.0,0.0,2,0,0
4432,41,16,25,0,16,0,25,15,1,0,0,9,15,0,0,0,0,0,0,0,0,0,0,1.0,1.0,1.0,0.0,0.0,0.0,2,0,0
4433,41,16,25,0,16,0,25,15,1,0,0,9,15,0,0,0,0,0,0,0,0,3,0,1.0,1.0,1.0,0.0,0.0,0.0,2,0,0
4434,41,16,25,0,16,0,25,15,1,0,0,9,15,0,0,0,0,0,0,0,0,3,0,1.0,1.0,1.0,0.0,0.0,0.0,2,0,0
4435,41,16,25,0,16,0,25,15,1,0,0,9,15,0,0,0,0,0,0,0,0,0,0,1.0,1.0,1.0,0.0,0.0,0.0,2,0,0
4436,41,16,25,0,16,0,25,15,1,0,0,9,15,0,0,0,0,0,0,0,0,3,0,1.0,1.0,1.0,0.0,0.0,0.0,2,0,0
4437,41,16,25,0,13,3,25,15,1,0,0,9,15,0,0,0,0,0,0,0,0,0,0,1.0,1.0,1.0,0.0,0.0,0.0,2,0,0
4438,41,16,25,0,10,6,25,15,1,0,0,9,15,0,0,0,0,0,0,0,0,0,0,1.0,1.0,1.0,0.0,0.0,0.0,2,0,0
4439,41,16,25,0,10,6,25,15,1,0,0,9,15,0,0,0,0,0,0,0,0,0,0,1.0,1.0,1.0,0.0,0.0,0.0,2,0,0
4440,41,16,25,0,7,9,25,15,1,0,0,9,15,0,0,0,0,0,0,0,0,0,0,1.0,1.0,1.0,0.0,0.0,0.0,2,0,0
4441,41,16,25,0,7,9,25,15,1,0,0,9,15,0,0,0,0,0,0,0,0,0,0,1.0,1.0,1.0,0.0,0.0,0.0,2,0,0
4442,41,16,25,0,7,9,25,15,1,0,0,9,15,0,0,0,0,0,0,0,0,0,0,1.0,1.0,1.0,0.0,0.0,0.0,2,0,0
4443,41,16,25,0,7,9,25,15,1,0,0,9,15,0,0,0,0,0,0,0,0,0,0,1.0,1.0,1.0,0.0,0.0,0.0,2,0,0
4444,41,16,25,0,7,9,25,15,1,0,0,9,15,0,0,0,0,0,0,0,0,0,0,1.0,1.0,1.0,0.0,0.0,0.0,2,0,0
4445,41,16,25,0,7,9,25,15,1,0,0,9,15,0,0,0,0,0,0,0,0,0,0,1.0,1.0,1.0,0.0,0.0,0.0,2,0,0
4446,41,16,25,0,7,9,25,15,1,0,0,9,15,0,0,0,0,0,0,0,0,0,0,1.0,1.0,1.0,0.0,0.0,0.0,2,0,0
4447,41,16,25,0,7,9,25,15,1,0,0,9,15,0,0,0,0,0,0,0,0,0,0,1.0,1.0,1.0,0.0,0.0,0.0,2,0,0
4448,41,16,25,0,7,9,25,15,1,0,0,9,15,0,0,0,0,0,0,0,0,0,0,1.0,1.0,1.0,0.0,0.0,0.0,2,0,0
4449,41,16,25,0,7,9,25,15,1,0,0,9,15,0,0,0,0,0,0,0,0,0,0,1.0,1.0,1.0,0.0,0.0,0.0,2,0,0
4450,41,16,25,0,7,9,25,15,1,0,0,9,15,0,0,0,0,0,0,0,0,0,0,1.0,1.0,1.0,0.0,0.0,0.0,2,0,0
4451,41,16,25,0,7,9,25,15,1,0,0,9,15,0,0,0,0,0,0,0,0,0,0,1.0,1.0,1.0,0.0,0.0,0.0,2,0,0
4452,41,16,25,0,7,9,25,15,1,0,0,9,15,0,0,0,0,0,0,0,0,0,0,1.0,1.0,1.0,0.0,0.0,0.0,2,0,0
4453,41,16,25,0,7,9,25,15,1,0,0,9,15,0,0,0,0,0,0,0,0,0,0,1.0,1.0,1.0,0.0,0.0,0.0,2,0,0
4454,41,16,25,0,7,9,25,15,1,0,0,9,15,0,0,0,0,0,0,0,0,0,0,1.0,1.0,1.0,0.0,0.0,0.0,2,0,0
4455,41,16,25,0,7,9,25,15,1,0,0,9,15,0,0,0,0,0,0,0,0,0,0,1.0,1.0,1.0,0.0,0.0,0.0,2,0,0
4456,41,16,25,0,7,9,25,15,1,0,0,9,15,0,0,0,0,0,0,0,0,0,0,1.0,1.0,1.0,0.0,0.0,0.0,2,0,0
4457,41,16,25,0,7,9,25,15,1,0,0,9,15,0,0,0,0,0,0,0,0,0,0,1.0,1.0,1.0,0.0,0.0,0.0,2,0,0
4458,41,16,25,0,7,9,25,15,1,0,0,9,15,0,0,0,0,0,0,0,0,0,0,1.0,1.0,1.0,0.0,0.0,0.0,2,0,0
4459,41,16,25,0,7,9,25,15,1,0,0,9,15,0,0,0,0,0,0,0,0,0,0,1.0,1.0,1.0,0.0,0.0,0.0,2,0,0
4460,41,16,25,0,7,9,25,15,1,0,0,9,15,0,0,0,0,0,0,0,0,0,0,1.0,1.0,1.0,0.0,0.0,0.0,2,0,0
4461,41,16,25,0,7,9,25,15,1,0,0,9,15,0,0,0,0,0,0,0,0,0,0,1.0,1.0,1.0,0.0,0.0,0.0,2,0,0
4462,41,16,25,0,7,9,25,15,1,0,0,9,15,0,0,0,0,0,0,0,0,0,0,1.0,1.0,1.0,0.0,0.0,0.0,2,0,0
4463,41,16,25,0,7,9,25,15,1,0,0,9,15,0,0,0,0,0,0,0,0,0,0,1.0,1.0,1.0,0.0,0.0,0.0,2,0,0
4464,41,16,25,0,7,9,25,15,1,0,0,9,15,0,0,0,0,0,0,0,0,0,0,1.0,1.0,1.0,0.0,0.0,0.0,2,0,0
4465,41,16,25,0,7,9,25,15,1,0,0,9,15,0,0,0,0,0,0,0,0,0,0,1.0,1.0,1.0,0.0,0.0,0.0,2,0,0
4466,41,16,25,0,7,9,25,15,1,0,0,9,15,0,0,0,0,0,0,0,0,0,0,1.0,1.0,1.0,0.0,0.0,0.0,2,0,0
4467,41,16,25,0,7,9,25,15,1,0,0,9,15,0,0,0,0,0,0,0,0,0,0,1.0,1.0,1.0,0.0,0.0,0.0,2,0,0
4468,41,16,25,0,7,8,26,16,1,0,0,9,15,0,0,0,0,0,0,0,0,0,0,1.0,1.0,1.0,0.0,0.0,0.0,2,0,0
4469,41,16,25,0,7,8,26,16,1,0,0,9,15,0,0,0,0,0,0,0,0,0,0,1.0,1.0,1.0,0.0,0.0,0.0,2,0,0
4470,41,16,25,0,7,8,26,16,1,0,0,9,15,0,0,0,0,0,0,0,0,0,0,1.0,1.0,1.0,0.0,0.0,0.0,2,0,0
4471,41,16,25,0,7,8,26,16,1,0,0,9,15,0,0,0,0,0,0,0,0,0,0,1.0,1.0,1.0,0.0,0.0,0.0,2,0,0
4472,41,16,25,0,7,8,26,16,1,0,0,9,15,0,0,0,0,0,0,0,0,0,0,1.0,1.0,1.0,0.0,0.0,0.0,2,0,0
4473,41,16,25,0,7,8,26,16,1,0,0,9,15,0,0,0,0,0,0,0,0,0,0,1.0,1.0,1.0,0.0,0.0,0.0,2,0,0
4474,41,16,25,0,7,8,26,16,1,0,0,9,15,0,0,0,0,0,0,0,0,0,0,1.0,1.0,1.0,0.0,0.0,0.0,2,0,0
4475,41,16,25,0,7,8,26,16,1,0,0,9,16,0,1,0,0,0,0,0,0,0,0,1.0,1.0,1.0,0.0,0.0,0.0,2,0,0
4476,41,16,25,0,7,8,26,16,1,0,0,9,16,0,0,0,0,0,0,0,0,0,0,1.0,1.0,1.0,0.0,0.0,0.0,2,0,0
4477,44,18,26,4,7,8,25,15,0,0,1,9,15,0,0,0,0,0,0,1,0,0,0,1.0,1.0,0.9375,0.0975609756097561,0.0975609756097561,0.0,2,4,1
4478,44,18,26,4,7,8,25,15,0,0,1,9,15,0,0,0,0,0,0,0,0,0,0,1.0,1.0,1.0,0.0,0.0,0.0,2,0,0
4479,43,17,26,4,7,8,24,15,0,0,1,9,15,0,0,0,0,0,0,0,0,0,0,1.0,0.9,1.0,0.0,0.0,0.0,2,0,1
4480,43,17,26,4,7,8,24,15,0,0,1,9,15,0,0,0,0,0,0,0,0,0,0,1.0,1.0,1.0,0.0,0.0,0.0,2,0,0
4481,43,17,26,4,7,8,24,15,0,0,1,9,15,0,0,0,0,0,0,0,0,0,0,1.0,1.0,1.0,0.0,0.0,0.0,2,0,0
4482,43,17,26,4,7,8,24,15,0,0,1,9,15,0,0,0,0,0,0,0,0,0,0,1.0,1.0,1.0,0.0,0.0,0.0,2,0,0
4483,43,17,26,4,7,8,24,15,0,0,1,9,15,0,0,0,0,0,0,0,0,0,0,1.0,1.0,1.0,0.0,0.0,0.0,2,0,0
4484,43,17,26,4,7,8,24,15,0,0,1,9,15,0,0,0,0,0,0,0,0,0,0,1.0,1.0,1.0,0.0,0.0,0.0,2,0,0
4485,43,17,26,4,7,8,24,15,0,0,1,9,15,0,0,0,0,0,0,0,0,0,0,1.0,1.0,1.0,0.0,0.0,0.0,2,0,0
4486,43,17,26,4,7,8,24,15,0,0,1,9,15,0,0,0,0,0,0,0,0,0,0,1.0,1.0,1.0,0.0,0.0,0.0,2,0,0
4487,43,17,26,4,7,8,24,15,0,0,1,9,15,0,0,0,0,0,0,0,0,0,0,1.0,1.0,1.0,0.0,0.0,0.0,2,0,0
4488,43,17,26,4,7,8,24,15,0,0,1,9,15,0,0,0,0,0,0,0,0,0,0,1.0,1.0,1.0,0.0,0.0,0.0,2,0,0
4489,43,17,26,4,7,8,24,15,0,0,1,9,15,0,0,0,0,0,0,0,0,0,0,1.0,1.0,1.0,0.0,0.0,0.0,2,0,0
4490,43,17,26,4,7,8,24,15,0,0,1,9,15,0,0,0,0,0,0,0,0,0,0,1.0,1.0,1.0,0.0,0.0,0.0,2,0,0
4491,43,17,26,4,7,8,24,15,0,0,1,9,15,0,0,0,0,0,0,0,0,0,0,1.0,1.0,1.0,0.0,0.0,0.0,2,0,0
4492,43,17,26,4,7,8,24,15,0,0,1,9,15,0,0,0,0,0,0,0,0,0,0,1.0,1.0,1.0,0.0,0.0,0.0,2,0,0
4493,43,17,26,4,7,8,24,15,0,0,1,9,15,0,0,0,0,0,0,0,0,0,0,1.0,1.0,1.0,0.0,0.0,0.0,2,0,0
4494,43,17,26,4,7,8,24,15,0,0,1,9,15,0,0,0,0,0,0,0,0,0,0,1.0,1.0,1.0,0.0,0.0,0.0,2,0,0
4495,43,17,26,4,7,8,24,15,0,0,1,9,15,0,0,0,0,0,0,0,0,0,0,1.0,1.0,1.0,0.0,0.0,0.0,2,0,0
4496,43,17,26,4,7,8,24,15,0,0,1,9,15,0,0,0,0,0,0,0,0,0,0,1.0,1.0,1.0,0.0,0.0,0.0,2,0,0
4497,43,17,26,4,7,8,24,15,0,0,1,9,15,0,0,0,0,0,0,0,0,0,0,1.0,1.0,1.0,0.0,0.0,0.0,2,0,0
4498,43,17,26,4,7,8,24,15,0,0,1,9,15,0,0,0,0,0,0,0,0,0,0,1.0,1.0,1.0,0.0,0.0,0.0,2,0,0
4499,43,17,26,4,7,8,24,15,0,0,1,9,15,0,0,0,0,0,0,0,0,0,0,1.0,1.0,1.0,0.0,0.0,0.0,2,0,0
4500,43,17,26,4,7,8,24,15,0,0,1,9,15,0,0,0,0,0,0,0,0,0,0,1.0,1.0,1.0,0.0,0.0,0.0,2,0,0
4501,43,17,26,4,7,8,24,15,0,0,1,9,15,0,0,0,0,0,0,0,0,0,0,1.0,1.0,1.0,0.0,0.0,0.0,2,0,0
4502,43,17,26,4,7,8,24,15,0,0,1,9,15,0,0,0,0,0,0,0,0,0,0,1.0,1.0,1.0,0.0,0.0,0.0,2,0,0
4503,42,16,26,3,7,8,24,15,0,0,1,9,15,0,0,0,0,0,0,0,1,0,1,0.9090909090909091,1.0,1.0,0.0,0.0,0.0,2,0,1
4504,42,16,26,3,7,8,24,15,0,0,1,9,15,0,0,0,0,0,0,0,0,0,0,1.0,1.0,1.0,0.0,0.0,0.0,2,0,0
4505,42,16,26,3,7,8,24,15,0,0,1,9,15,0,0,0,0,0,0,0,0,0,0,1.0,1.0,1.0,0.0,0.0,0.0,2,0,0
4506,42,16,26,3,7,8,24,15,0,0,1,9,15,0,0,0,0,0,0,0,0,0,0,1.0,1.0,1.0,0.0,0.0,0.0,2,0,0
4507,42,16,26,3,7,8,24,15,0,0,1,9,15,0,0,0,0,0,0,0,0,0,0,1.0,1.0,1.0,0.0,0.0,0.0,2,0,0
4508,42,16,26,3,7,8,24,15,0,0,1,9,15,0,0,0,0,0,0,0,0,0,0,1.0,1.0,1.0,0.0,0.0,0.0,2,0,0
4509,42,16,26,3,7,8,24,15,0,0,1,9,15,0,0,0,0,0,0,0,0,0,0,1.0,1.0,1.0,0.0,0.0,0.0,2,0,0
4510,42,16,26,3,7,8,24,15,0,0,1,9,15,0,0,0,0,0,0,0,0,0,0,1.0,1.0,1.0,0.0,0.0,0.0,2,0,0
4511,42,16,26,3,7,8,24,15,0,0,1,9,15,0,0,0,0,0,0,0,0,0,0,1.0,1.0,1.0,0.0,0.0,0.0,2,0,0
4512,42,16,26,3,7,8,24,15,0,0,1,9,15,0,0,0,0,0,0,0,0,0,0,1.0,1.0,1.0,0.0,0.0,0.0,2,0,0
4513,42,16,26,3,7,8,24,15,0,0,1,9,15,0,0,0,0,0,0,0,0,0,0,1.0,1.0,1.0,0.0,0.0,0.0,2,0,0
4514,42,16,26,3,7,8,24,15,0,0,1,9,15,0,0,0,0,0,0,0,0,0,0,1.0,1.0,1.0,0.0,0.0,0.0,2,0,0
4515,42,16,26,3,7,8,24,15,0,0,1,9,15,0,0,0,0,0,0,0,0,0,0,1.0,1.0,1.0,0.0,0.0,0.0,2,0,0
4516,42,16,26,3,7,8,24,15,0,0,1,9,15,0,0,0,0,0,0,0,0,0,0,1.0,1.0,1.0,0.0,0.0,0.0,2,0,0
4517,42,16,26,3,7,8,24,15,0,0,1,9,15,0,0,0,0,0,0,0,0,0,0,1.0,1.0,1.0,0.0,0.0,0.0,2,0,0
4518,42,16,26,3,7,8,24,15,0,0,1,9,15,0,0,0,0,0,0,0,0,0,0,1.0,1.0,1.0,0.0,0.0,0.0,2,0,0
4519,42,16,26,3,7,8,24,15,0,0,1,9,15,0,0,0,0,0,0,0,0,0,0,1.0,1.0,1.0,0.0,0.0,0.0,2,0,0
4520,42,16,26,0,10,8,24,15,0,0,1,9,15,0,0,0,0,0,0,0,0,0,0,1.0,1.0,1.0,0.0,0.0,0.0,2,0,0
4521,42,16,26,0,10,8,24,15,0,0,1,9,15,0,0,0,0,0,0,0,0,0,0,1.0,1.0,1.0,0.0,0.0,0.0,2,0,0
4522,42,16,26,0,10,8,24,15,0,0,0,9,15,0,0,0,0,0,0,0,0,0,0,1.0,1.0,1.0,0.0,0.0,0.0,2,0,0
4523,42,16,26,0,10,8,24,15,0,0,0,9,15,0,0,0,0,0,0,0,0,0,0,1.0,1.0,1.0,0.0,0.0,0.0,2,0,0
4524,42,16,26,0,10,8,24,15,0,0,0,9,15,0,0,0,0,0,0,0,0,4,0,1.0,1.0,1.0,0.0,0.0,0.0,2,0,0
4525,42,16,26,0,10,8,24,15,0,0,0,9,15,0,0,0,0,0,0,0,0,0,0,1.0,1.0,1.0,0.0,0.0,0.0,2,0,0
4526,41,16,25,0,10,8,23,14,0,0,0,9,14,0,0,0,0,0,0,0,0,0,0,1.0,1.0,0.9333333333333333,0.0,0.0,0.0,2,0,1
4527,41,16,25,0,10,8,23,14,0,0,0,9,14,0,0,0,0,0,0,0,0,0,0,1.0,1.0,1.0,0.0,0.0,0.0,2,0,0
4528,40,16,24,0,6,12,22,13,0,0,0,9,13,0,0,0,0,0,0,0,0,0,0,1.0,1.0,0.9285714285714286,0.0,0.0,0.0,2,0,1
4529,40,16,24,0,6,12,22,13,0,0,0,9,13,0,0,0,0,0,0,0,0,0,0,1.0,1.0,1.0,0.0,0.0,0.0,2,0,0
4530,40,16,24,0,6,12,22,13,0,0,0,9,13,0,0,0,0,0,0,0,0,0,0,1.0,1.0,1.0,0.0,0.0,0.0,2,0,0
4531,40,16,24,0,6,12,22,13,0,0,0,9,13,0,0,0,0,0,0,0,0,0,0,1.0,1.0,1.0,0.0,0.0,0.0,2,0,0
4532,40,16,24,0,6,12,22,13,0,0,0,9,13,0,0,0,0,0,0,0,0,0,0,1.0,1.0,1.0,0.0,0.0,0.0,2,0,0
4533,40,16,24,0,6,12,22,13,0,0,0,9,13,0,0,0,0,0,0,0,0,0,0,1.0,1.0,1.0,0.0,0.0,0.0,2,0,0
4534,40,16,24,0,6,12,22,13,0,0,0,9,13,0,0,0,0,0,0,0,0,0,0,1.0,1.0,1.0,0.0,0.0,0.0,2,0,0
4535,40,16,24,0,6,12,22,13,0,0,0,9,13,0,0,0,0,0,0,0,0,0,0,1.0,1.0,1.0,0.0,0.0,0.0,2,0,0
4536,40,16,24,0,6,12,22,13,0,0,0,9,13,0,0,0,0,0,0,0,0,0,0,1.0,1.0,1.0,0.0,0.0,0.0,2,0,0
4537,40,16,24,0,6,12,22,13,0,0,0,9,13,0,0,0,0,0,0,0,0,0,0,1.0,1.0,1.0,0.0,0.0,0.0,2,0,0
4538,40,16,24,0,6,12,22,13,0,0,0,9,13,0,0,0,0,0,0,0,0,0,0,1.0,1.0,1.0,0.0,0.0,0.0,2,0,0
4539,40,16,24,0,6,12,22,13,0,0,0,9,13,0,0,0,0,0,0,0,0,0,0,1.0,1.0,1.0,0.0,0.0,0.0,2,0,0
4540,40,16,24,0,6,12,22,13,0,0,0,9,13,0,0,0,0,0,0,0,0,0,0,1.0,1.0,1.0,0.0,0.0,0.0,2,0,0
4541,40,16,24,0,6,12,22,13,0,0,0,9,13,0,0,0,0,0,0,0,0,0,0,1.0,1.0,1.0,0.0,0.0,0.0,2,0,0
4542,40,16,24,0,6,12,22,13,0,0,0,9,13,0,0,0,0,0,0,0,0,0,0,1.0,1.0,1.0,0.0,0.0,0.0,2,0,0
4543,40,16,24,0,6,12,22,13,0,0,0,9,13,0,0,0,0,0,0,0,0,0,0,1.0,1.0,1.0,0.0,0.0,0.0,2,0,0
4544,40,16,24,0,6,11,23,14,0,0,0,9,13,0,0,0,0,0,0,0,0,0,0,1.0,1.0,1.0,0.0,0.0,0.0,2,0,0
4545,40,16,24,0,6,11,23,14,0,0,0,9,13,0,0,0,0,0,0,0,0,0,0,1.0,1.0,1.0,0.0,0.0,0.0,2,0,0
4546,40,16,24,0,6,11,23,14,0,0,0,9,13,0,0,0,0,0,0,0,0,3,0,1.0,1.0,1.0,0.0,0.0,0.0,2,0,0
4547,40,16,24,0,6,11,23,14,0,0,0,9,13,0,0,0,0,0,0,0,0,0,0,1.0,1.0,1.0,0.0,0.0,0.0,2,0,0
4548,40,16,24,0,6,11,23,14,0,0,0,9,13,0,0,0,0,0,0,0,0,0,0,1.0,1.0,1.0,0.0,0.0,0.0,2,0,0
4549,40,16,24,0,6,11,23,14,0,0,0,9,13,0,0,0,0,0,0,0,0,0,0,1.0,1.0,1.0,0.0,0.0,0.0,2,0,0
4550,40,16,24,0,3,14,23,14,0,0,0,9,13,0,0,0,0,0,0,0,0,0,0,1.0,1.0,1.0,0.0,0.0,0.0,2,0,0
4551,40,16,24,0,3,14,23,14,0,0,0,9,13,0,0,0,0,0,0,0,0,0,0,1.0,1.0,1.0,0.0,0.0,0.0,2,0,0
4552,40,16,24,0,3,14,23,14,0,0,0,9,13,0,0,0,0,0,0,0,0,0,0,1.0,1.0,1.0,0.0,0.0,0.0,2,0,0
4553,40,16,24,0,3,14,23,14,0,0,0,9,13,0,0,0,0,0,0,0,0,0,0,1.0,1.0,1.0,0.0,0.0,0.0,2,0,0
4554,40,16,24,0,3,14,23,14,0,0,0,9,13,0,0,0,0,0,0,0,0,0,0,1.0,1.0,1.0,0.0,0.0,0.0,2,0,0
4555,40,16,24,0,3,14,23,14,0,0,0,9,13,0,0,0,0,0,0,0,0,0,0,1.0,1.0,1.0,0.0,0.0,0.0,2,0,0
4556,40,16,24,0,3,14,23,14,0,0,0,9,13,0,0,0,0,0,0,0,0,0,0,1.0,1.0,1.0,0.0,0.0,0.0,2,0,0
4557,40,16,24,0,3,13,24,15,0,0,0,9,13,0,0,0,0,0,0,0,0,0,0,1.0,1.0,1.0,0.0,0.0,0.0,2,0,0
4558,40,16,24,0,3,13,24,15,0,0,0,9,13,0,0,0,0,0,0,0,0,0,0,1.0,1.0,1.0,0.0,0.0,0.0,2,0,0
4559,40,16,24,0,3,13,24,15,0,0,0,9,13,0,0,0,0,0,0,0,0,0,0,1.0,1.0,1.0,0.0,0.0,0.0,2,0,0
4560,40,16,24,0,3,13,24,15,0,0,0,9,13,0,0,0,0,0,0,0,0,0,0,1.0,1.0,1.0,0.0,0.0,0.0,2,0,0
4561,40,16,24,0,3,12,25,16,0,0,0,9,13,0,0,0,0,0,0,0,0,0,0,1.0,1.0,1.0,0.0,0.0,0.0,2,0,0
4562,40,16,24,0,3,12,25,16,0,0,0,9,13,0,0,0,0,0,0,0,0,0,0,1.0,1.0,1.0,0.0,0.0,0.0,2,0,0
4563,40,16,24,0,3,12,25,16,0,0,0,9,13,0,0,0,0,0,0,0,0,0,0,1.0,1.0,1.0,0.0,0.0,0.0,2,0,0
4564,40,16,24,0,3,12,25,16,0,0,0,9,13,0,0,0,0,0,0,0,0,0,0,1.0,1.0,1.0,0.0,0.0,0.0,2,0,0
4565,40,16,24,0,3,12,25,16,0,0,0,9,14,0,1,0,0,0,0,0,0,0,0,1.0,1.0,1.0,0.0,0.0,0.0,2,0,0
4566,40,16,24,0,3,12,25,16,0,0,0,9,14,0,0,0,0,0,0,0,0,0,0,1.0,1.0,1.0,0.0,0.0,0.0,2,0,0
4567,40,16,24,0,3,12,25,16,0,0,0,9,15,0,1,0,0,0,0,0,0,0,0,1.0,1.0,1.0,0.0,0.0,0.0,2,0,0
4568,40,16,24,0,3,12,25,16,0,0,0,9,15,0,0,0,0,0,0,0,0,0,0,1.0,1.0,1.0,0.0,0.0,0.0,2,0,0
4569,40,16,24,0,3,11,26,17,0,0,0,10,15,1,0,0,0,0,0,0,0,0,0,1.0,1.0,1.0,0.0,0.0,0.0,2,0,0
4570,40,16,24,0,3,11,26,17,0,0,0,10,15,0,0,0,0,0,0,0,0,0,0,1.0,1.0,1.0,0.0,0.0,0.0,2,0,0
4571,40,16,24,0,3,11,26,17,0,0,0,10,15,0,0,0,0,0,0,0,0,0,0,1.0,1.0,1.0,0.0,0.0,0.0,2,0,0
4572,40,16,24,0,3,9,28,17,0,0,0,10,15,0,0,0,0,0,0,0,0,0,0,1.0,1.0,1.0,0.0,0.0,0.0,2,0,0
4573,40,16,24,0,3,8,29,17,0,0,0,10,15,0,0,0,0,0,0,0,0,0,0,1.0,1.0,1.0,0.0,0.0,0.0,2,0,0
4574,40,16,24,0,3,8,29,17,0,0,0,10,15,0,0,0,0,0,0,0,0,0,0,1.0,1.0,1.0,0.0,0.0,0.0,2,0,0
4575,40,16,24,0,3,8,29,17,1,0,0,10,15,0,0,0,4,1,0,0,0,0,0,1.0,1.0,1.0,0.0,0.0,0.25,2,0,0
4576,40,16,24,0,3,7,30,18,1,0,0,10,15,0,0,0,0,0,0,0,0,0,0,1.0,1.0,1.0,0.0,0.0,0.0,2,0,0
4577,40,16,24,0,3,7,30,18,1,0,0,10,15,0,0,0,0,0,0,0,0,0,0,1.0,1.0,1.0,0.0,0.0,0.0,2,0,0
4578,40,16,24,0,3,7,30,18,1,0,0,10,15,0,0,0,0,0,0,0,0,0,0,1.0,1.0,1.0,0.0,0.0,0.0,2,0,0
4579,40,16,24,0,3,7,30,18,2,0,0,10,15,0,0,0,2,1,0,0,0,0,0,1.0,1.0,1.0,0.0,0.0,0.5,2,0,0
4580,40,16,24,0,3,7,30,18,4,0,0,10,15,0,0,0,8,2,0,0,0,0,0,1.0,1.0,1.0,0.0,0.0,0.25,2,0,0
4581,40,16,24,0,3,7,30,18,4,0,0,10,15,0,0,0,0,0,0,0,0,0,0,1.0,1.0,1.0,0.0,0.0,0.0,2,0,0
4582,40,16,24,0,3,7,30,18,4,0,0,10,15,0,0,0,0,0,0,0,0,0,0,1.0,1.0,1.0,0.0,0.0,0.0,2,0,0
4583,39,15,24,0,3,7,29,18,4,0,0,9,15,0,0,0,0,0,0,0,0,0,0,1.0,0.9166666666666666,1.0,0.0,0.0,0.0,2,0,1
4584,39,15,24,0,3,7,29,18,4,0,0,9,15,0,0,0,0,0,0,0,0,0,0,1.0,1.0,1.0,0.0,0.0,0.0,2,0,0
4585,39,15,24,0,3,7,29,18,4,0,0,9,15,0,0,0,0,0,0,0,0,0,0,1.0,1.0,1.0,0.0,0.0,0.0,2,0,0
4586,39,15,24,0,3,7,29,18,4,0,0,9,15,0,0,0,0,0,0,0,0,0,0,1.0,1.0,1.0,0.0,0.0,0.0,2,0,0
4587,39,15,24,0,3,7,29,18,4,0,0,9,15,0,0,0,0,0,0,0,0,0,0,1.0,1.0,1.0,0.0,0.0,0.0,2,0,0
4588,39,15,24,0,3,7,29,18,4,0,0,9,15,0,0,0,0,0,0,0,0,0,0,1.0,1.0,1.0,0.0,0.0,0.0,2,0,0
4589,39,15,24,0,3,7,29,18,4,0,0,9,15,0,0,0,0,0,0,0,0,0,0,1.0,1.0,1.0,0.0,0.0,0.0,2,0,0
4590,39,15,24,0,3,7,29,18,4,0,0,9,15,0,0,0,0,0,0,0,0,0,0,1.0,1.0,1.0,0.0,0.0,0.0,2,0,0
4591,39,15,24,0,3,7,29,18,4,0,0,9,15,0,0,0,0,0,0,0,0,0,0,1.0,1.0,1.0,0.0,0.0,0.0,2,0,0
4592,39,15,24,0,3,7,29,18,4,0,0,9,15,0,0,0,0,0,0,0,0,0,0,1.0,1.0,1.0,0.0,0.0,0.0,2,0,0
4593,39,15,24,0,3,7,29,18,4,0,0,9,15,0,0,0,0,0,0,0,0,0,0,1.0,1.0,1.0,0.0,0.0,0.0,2,0,0
4594,39,15,24,0,3,7,29,18,4,0,0,9,15,0,0,0,0,0,0,0,0,0,0,1.0,1.0,1.0,0.0,0.0,0.0,2,0,0
4595,39,15,24,0,3,7,29,18,4,0,0,9,15,0,0,0,0,0,0,0,0,0,0,1.0,1.0,1.0,0.0,0.0,0.0,2,0,0
4596,39,15,24,0,3,7,29,18,4,0,0,9,15,0,0,0,0,0,0,0,0,0,0,1.0,1.0,1.0,0.0,0.0,0.0,2,0,0
4597,39,15,24,0,3,7,29,18,4,0,0,9,15,0,0,0,0,0,0,0,0,0,0,1.0,1.0,1.0,0.0,0.0,0.0,2,0,0
4598,39,15,24,0,3,7,29,18,4,0,0,9,15,0,0,0,0,0,0,0,0,0,0,1.0,1.0,1.0,0.0,0.0,0.0,2,0,0
4599,39,15,24,0,3,7,29,18,4,0,0,9,15,0,0,0,0,0,0,0,0,0,0,1.0,1.0,1.0,0.0,0.0,0.0,2,0,0
4600,39,15,24,0,3,7,29,18,4,0,0,9,15,0,0,0,0,0,0,0,0,0,0,1.0,1.0,1.0,0.0,0.0,0.0,2,0,0
4601,39,15,24,0,3,7,29,18,4,0,0,9,15,0,0,0,0,0,0,0,0,0,0,1.0,1.0,1.0,0.0,0.0,0.0,2,0,0
4602,39,15,24,0,3,7,29,18,4,0,0,9,15,0,0,0,0,0,0,0,0,0,0,1.0,1.0,1.0,0.0,0.0,0.0,2,0,0
4603,39,15,24,0,3,7,29,18,4,0,0,9,15,0,0,0,0,0,0,0,0,0,0,1.0,1.0,1.0,0.0,0.0,0.0,2,0,0
4604,39,15,24,0,3,7,29,18,4,0,0,9,15,0,0,0,0,0,0,0,0,0,0,1.0,1.0,1.0,0.0,0.0,0.0,2,0,0
4605,39,15,24,0,3,7,29,18,4,0,0,9,15,0,0,0,0,0,0,0,0,0,0,1.0,1.0,1.0,0.0,0.0,0.0,2,0,0
4606,39,15,24,0,3,7,29,18,4,0,0,9,15,0,0,0,0,0,0,0,0,0,0,1.0,1.0,1.0,0.0,0.0,0.0,2,0,0
4607,39,15,24,0,3,7,29,18,4,0,0,9,15,0,0,0,0,0,0,0,0,0,0,1.0,1.0,1.0,0.0,0.0,0.0,2,0,0
4608,39,15,24,0,3,6,30,19,5,0,0,9,15,0,0,0,8,1,0,0,0,0,0,1.0,1.0,1.0,0.0,0.0,0.125,2,0,0
4609,39,15,24,0,3,6,30,19,5,0,0,9,15,0,0,0,0,0,0,0,0,0,0,1.0,1.0,1.0,0.0,0.0,0.0,2,0,0
4610,39,15,24,0,3,6,30,19,5,0,0,9,15,0,0,0,0,0,0,0,0,0,0,1.0,1.0,1.0,0.0,0.0,0.0,2,0,0
4611,38,14,24,0,2,5,31,20,5,0,0,9,15,0,0,0,0,0,0,0,1,0,1,0.6666666666666667,1.0,1.0,0.0,0.0,0.0,2,0,1
4612,38,14,24,0,2,5,31,20,5,0,0,9,15,0,0,0,0,0,0,0,0,0,0,1.0,1.0,1.0,0.0,0.0,0.0,2,0,0
4613,38,14,24,0,2,5,31,20,5,0,0,9,15,0,0,0,0,0,0,0,0,0,0,1.0,1.0,1.0,0.0,0.0,0.0,2,0,0
4614,38,14,24,0,2,5,31,20,5,0,0,9,15,0,0,0,0,0,0,0,0,0,0,1.0,1.0,1.0,0.0,0.0,0.0,2,0,0
4615,38,14,24,0,2,5,31,20,5,0,0,9,15,0,0,0,0,0,0,0,0,0,0,1.0,1.0,1.0,0.0,0.0,0.0,2,0,0
4616,38,14,24,0,2,5,31,20,5,0,0,9,15,0,0,0,0,0,0,0,0,0,0,1.0,1.0,1.0,0.0,0.0,0.0,2,0,0
4617,38,14,24,0,2,5,31,20,5,0,0,9,15,0,0,0,0,0,0,0,0,0,0,1.0,1.0,1.0,0.0,0.0,0.0,2,0,0
4618,38,14,24,0,2,5,31,20,6,0,0,9,15,0,0,0,6,1,0,0,0,0,0,1.0,1.0,1.0,0.0,0.0,0.16666666666666666,2,0,0
4619,38,14,24,0,2,5,31,20,6,0,0,9,15,0,0,0,0,0,0,0,0,0,0,1.0,1.0,1.0,0.0,0.0,0.0,2,0,0
4620,38,14,24,0,2,5,31,20,6,0,0,9,15,0,0,0,0,0,0,0,0,0,0,1.0,1.0,1.0,0.0,0.0,0.0,2,0,0
4621,38,14,24,0,2,5,31,20,6,0,0,9,15,0,0,0,0,0,0,0,0,0,0,1.0,1.0,1.0,0.0,0.0,0.0,2,0,0
4622,38,14,24,0,2,5,31,20,6,0,0,9,15,0,0,0,0,0,0,0,0,0,0,1.0,1.0,1.0,0.0,0.0,0.0,2,0,0
4623,38,14,24,0,2,5,31,20,6,0,0,9,15,0,0,0,0,0,0,0,0,0,0,1.0,1.0,1.0,0.0,0.0,0.0,2,0,0
4624,38,14,24,0,2,5,31,20,6,0,0,9,15,0,0,0,0,0,0,0,0,0,0,1.0,1.0,1.0,0.0,0.0,0.0,2,0,0
4625,38,14,24,0,2,5,31,20,6,0,0,9,15,0,0,0,0,0,0,0,0,0,0,1.0,1.0,1.0,0.0,0.0,0.0,2,0,0
4626,38,14,24,0,2,5,31,20,6,0,0,9,15,0,0,0,0,0,0,0,0,0,0,1.0,1.0,1.0,0.0,0.0,0.0,2,0,0
4627,37,14,23,0,2,4,31,20,6,0,0,9,15,0,0,0,0,0,0,0,0,0,0,1.0,1.0,1.0,0.0,0.0,0.0,2,0,1
4628,37,14,23,0,2,4,31,20,6,0,0,9,15,0,0,0,0,0,0,0,0,0,0,1.0,1.0,1.0,0.0,0.0,0.0,2,0,0
4629,37,14,23,0,2,4,31,20,6,0,0,9,15,0,0,0,0,0,0,0,0,0,0,1.0,1.0,1.0,0.0,0.0,0.0,2,0,0
4630,37,14,23,0,2,4,31,20,6,0,0,9,15,0,0,0,0,0,0,0,0,0,0,1.0,1.0,1.0,0.0,0.0,0.0,2,0,0
4631,37,14,23,0,2,4,31,20,6,0,0,9,15,0,0,0,0,0,0,0,0,0,0,1.0,1.0,1.0,0.0,0.0,0.0,2,0,0
4632,37,14,23,0,2,4,31,20,6,0,0,9,15,0,0,0,0,0,0,0,0,0,0,1.0,1.0,1.0,0.0,0.0,0.0,2,0,0
4633,37,14,23,0,2,4,31,20,6,0,0,9,15,0,0,0,0,0,0,0,0,0,0,1.0,1.0,1.0,0.0,0.0,0.0,2,0,0
4634,37,14,23,0,2,4,31,20,6,0,0,9,15,0,0,0,0,0,0,0,0,0,0,1.0,1.0,1.0,0.0,0.0,0.0,2,0,0
4635,37,14,23,0,2,4,31,20,6,0,0,9,15,0,0,0,0,0,0,0,0,0,0,1.0,1.0,1.0,0.0,0.0,0.0,2,0,0
4636,37,14,23,0,2,4,31,20,6,0,0,9,15,0,0,0,0,0,0,0,0,0,0,1.0,1.0,1.0,0.0,0.0,0.0,2,0,0
4637,37,14,23,0,2,4,31,20,6,0,0,9,15,0,0,0,0,0,0,0,0,0,0,1.0,1.0,1.0,0.0,0.0,0.0,2,0,0
4638,37,14,23,0,2,4,31,20,6,0,0,9,15,0,0,0,0,0,0,0,0,0,0,1.0,1.0,1.0,0.0,0.0,0.0,2,0,0
4639,37,14,23,0,2,4,31,20,6,0,0,9,15,0,0,0,0,0,0,0,0,0,0,1.0,1.0,1.0,0.0,0.0,0.0,2,0,0
4640,40,16,24,3,2,3,32,21,5,0,1,9,15,0,0,0,0,0,0,1,0,0,0,1.0,1.0,1.0,0.08108108108108109,0.08108108108108109,0.0,2,3,0
4641,40,16,24,3,2,3,32,21,5,0,1,9,15,0,0,0,0,0,0,0,0,0,0,1.0,1.0,1.0,0.0,0.0,0.0,2,0,0
4642,40,16,24,3,2,3,32,21,5,0,1,9,15,0,0,0,0,0,0,0,0,0,0,1.0,1.0,1.0,0.0,0.0,0.0,2,0,0
4643,40,16,24,3,2,3,32,21,5,0,1,9,15,0,0,0,0,0,0,0,0,0,0,1.0,1.0,1.0,0.0,0.0,0.0,2,0,0
4644,44,18,26,7,2,3,32,21,5,0,2,9,15,0,0,0,6,1,0,1,0,0,0,1.0,1.0,1.0,0.1,0.1,0.16666666666666666,2,4,0
4645,52,22,30,15,2,3,32,21,3,0,4,9,15,0,0,0,0,0,0,2,0,0,0,1.0,1.0,1.0,0.18181818181818182,0.18181818181818182,0.0,2,8,0
4646,52,22,30,15,2,3,32,21,3,0,4,9,15,0,0,0,0,0,0,0,0,0,0,1.0,1.0,1.0,0.0,0.0,0.0,2,0,0
4647,52,22,30,15,2,3,32,21,3,0,4,9,15,0,0,0,0,0,0,0,0,0,0,1.0,1.0,1.0,0.0,0.0,0.0,2,0,0
4648,52,22,30,15,2,3,32,21,3,0,4,9,15,0,0,0,0,0,0,0,0,0,0,1.0,1.0,1.0,0.0,0.0,0.0,2,0,0
4649,52,22,30,15,2,3,32,21,3,0,4,9,15,0,0,0,0,0,0,0,0,0,0,1.0,1.0,1.0,0.0,0.0,0.0,2,0,0
4650,52,22,30,15,2,3,32,21,3,0,4,9,15,0,0,0,0,0,0,0,0,0,0,1.0,1.0,1.0,0.0,0.0,0.0,2,0,0
4651,52,22,30,15,2,3,32,21,3,0,4,9,15,0,0,0,0,0,0,0,0,0,0,1.0,1.0,1.0,0.0,0.0,0.0,2,0,0
4652,52,22,30,15,2,3,32,21,3,0,4,9,15,0,0,0,0,0,0,0,0,0,0,1.0,1.0,1.0,0.0,0.0,0.0,2,0,0
4653,52,22,30,15,2,3,32,21,3,0,4,9,15,0,0,0,0,0,0,0,0,0,0,1.0,1.0,1.0,0.0,0.0,0.0,2,0,0
4654,52,22,30,15,2,3,32,21,3,0,4,9,16,0,1,0,0,0,0,0,0,0,0,1.0,1.0,1.0,0.0,0.0,0.0,2,0,0
4655,52,22,30,15,2,3,32,21,3,0,4,11,16,2,0,0,0,0,0,0,0,0,0,1.0,1.0,1.0,0.0,0.0,0.0,2,0,0
4656,52,22,30,15,2,3,32,21,3,0,4,11,17,0,1,0,0,0,0,0,0,0,0,1.0,1.0,1.0,0.0,0.0,0.0,2,0,0
4657,52,22,30,15,2,3,32,21,3,0,4,11,17,0,0,0,0,0,0,0,0,2,0,1.0,1.0,1.0,0.0,0.0,0.0,2,0,0
4658,52,22,30,15,2,3,32,21,3,0,4,11,17,0,0,0,0,0,0,0,0,0,0,1.0,1.0,1.0,0.0,0.0,0.0,2,0,0
4659,52,22,30,15,2,3,32,21,3,0,4,11,17,0,0,0,0,0,0,0,0,0,0,1.0,1.0,1.0,0.0,0.0,0.0,2,0,0
4660,52,22,30,15,2,3,32,21,3,0,4,11,17,0,0,0,0,0,0,0,0,0,0,1.0,1.0,1.0,0.0,0.0,0.0,2,0,0
4661,52,22,30,15,0,5,32,21,3,0,4,11,17,0,0,0,0,0,0,0,0,0,0,1.0,1.0,1.0,0.0,0.0,0.0,2,0,0
4662,52,22,30,15,0,5,32,21,3,0,4,11,17,0,0,0,0,0,0,0,0,0,0,1.0,1.0,1.0,0.0,0.0,0.0,2,0,0
4663,51,21,30,14,0,4,33,21,3,0,4,11,17,0,0,0,0,0,0,0,1,0,1,0.9333333333333333,1.0,1.0,0.0,0.0,0.0,2,0,1
4664,51,21,30,14,0,4,33,21,3,0,4,11,17,0,0,0,0,0,0,0,0,0,0,1.0,1.0,1.0,0.0,0.0,0.0,2,0,0
4665,51,21,30,14,0,4,33,21,3,0,4,11,17,0,0,0,0,0,0,0,0,0,0,1.0,1.0,1.0,0.0,0.0,0.0,2,0,0
4666,51,21,30,14,0,4,33,21,3,0,4,11,17,0,0,0,0,0,0,0,0,0,0,1.0,1.0,1.0,0.0,0.0,0.0,2,0,0
4667,51,21,30,14,0,4,33,21,3,0,4,11,17,0,0,0,0,0,0,0,0,0,0,1.0,1.0,1.0,0.0,0.0,0.0,2,0,0
4668,51,21,30,14,0,4,33,21,3,0,4,11,17,0,0,0,0,0,0,0,0,0,0,1.0,1.0,1.0,0.0,0.0,0.0,2,0,0
4669,51,21,30,14,0,4,33,21,3,0,4,11,17,0,0,0,0,0,0,0,0,0,0,1.0,1.0,1.0,0.0,0.0,0.0,2,0,0
4670,51,21,30,14,0,4,33,21,3,0,4,11,17,0,0,0,0,0,0,0,0,0,0,1.0,1.0,1.0,0.0,0.0,0.0,2,0,0
4671,51,21,30,14,0,4,33,21,3,0,4,11,17,0,0,0,0,0,0,0,0,0,0,1.0,1.0,1.0,0.0,0.0,0.0,2,0,0
4672,51,21,30,14,0,4,33,21,3,0,4,11,17,0,0,0,0,0,0,0,0,0,0,1.0,1.0,1.0,0.0,0.0,0.0,2,0,0
4673,55,23,32,18,0,4,33,21,2,0,5,11,17,0,0,0,0,0,0,1,0,0,0,1.0,1.0,1.0,0.0784313725490196,0.0784313725490196,0.0,2,4,0
4674,55,23,32,18,0,4,33,21,2,0,5,11,17,0,0,0,0,0,0,0,0,0,0,1.0,1.0,1.0,0.0,0.0,0.0,2,0,0
4675,55,23,32,18,0,4,33,21,2,0,5,11,17,0,0,0,0,0,0,0,0,0,0,1.0,1.0,1.0,0.0,0.0,0.0,2,0,0
4676,54,22,32,18,0,4,32,21,2,0,5,11,17,0,0,0,0,0,0,0,0,0,0,1.0,0.9166666666666666,1.0,0.0,0.0,0.0,2,0,1
4677,54,22,32,18,0,4,32,21,2,0,5,11,17,0,0,0,0,0,0,0,0,0,0,1.0,1.0,1.0,0.0,0.0,0.0,2,0,0
4678,53,21,32,17,0,4,32,21,2,0,5,11,17,0,0,0,0,0,0,0,1,0,1,0.9444444444444444,1.0,1.0,0.0,0.0,0.0,2,0,1
4679,53,21,32,17,0,4,32,21,2,0,5,11,17,0,0,0,0,0,0,0,0,0,0,1.0,1.0,1.0,0.0,0.0,0.0,2,0,0
4680,53,21,32,17,0,4,32,21,2,0,5,11,17,0,0,0,0,0,0,0,0,0,0,1.0,1.0,1.0,0.0,0.0,0.0,2,0,0
4681,53,21,32,17,0,4,32,21,2,0,5,11,17,0,0,0,0,0,0,0,0,0,0,1.0,1.0,1.0,0.0,0.0,0.0,2,0,0
4682,53,21,32,17,0,4,32,21,2,0,5,11,17,0,0,0,0,0,0,0,0,0,0,1.0,1.0,1.0,0.0,0.0,0.0,2,0,0
4683,56,24,32,17,3,4,32,21,1,0,6,11,17,0,0,0,0,0,0,1,0,0,0,1.0,1.0,1.0,0.05660377358490566,0.05660377358490566,0.0,2,3,0
4684,56,24,32,17,3,4,32,21,1,0,6,11,17,0,0,0,0,0,0,0,0,0,0,1.0,1.0,1.0,0.0,0.0,0.0,2,0,0
4685,56,24,32,17,3,2,34,21,1,0,5,11,17,0,0,0,0,0,0,0,0,0,0,1.0,1.0,1.0,0.0,0.0,0.0,2,0,0
4686,56,24,32,17,3,2,34,21,1,0,5,11,17,0,0,0,0,0,0,0,0,0,0,1.0,1.0,1.0,0.0,0.0,0.0,2,0,0
4687,56,24,32,14,6,2,34,21,1,0,5,11,17,0,0,0,0,0,0,0,0,0,0,1.0,1.0,1.0,0.0,0.0,0.0,2,0,0
4688,55,24,31,6,13,2,34,21,1,0,5,11,17,0,0,0,0,0,0,0,1,0,1,0.95,1.0,1.0,0.0,0.0,0.0,2,0,1
4689,54,24,30,6,13,2,33,20,1,0,3,11,17,0,0,0,0,0,0,0,0,0,0,1.0,1.0,0.9523809523809523,0.0,0.0,0.0,2,0,1
4690,53,24,29,6,12,2,33,20,1,0,1,11,17,0,0,0,0,0,0,0,1,0,1,0.9473684210526316,1.0,1.0,0.0,0.0,0.0,2,0,1
4691,53,24,29,6,12,2,33,20,1,0,1,11,17,0,0,0,0,0,0,0,0,0,0,1.0,1.0,1.0,0.0,0.0,0.0,2,0,0
4692,53,24,29,6,12,2,33,20,1,0,1,11,17,0,0,0,0,0,0,0,0,0,0,1.0,1.0,1.0,0.0,0.0,0.0,2,0,0
4693,53,24,29,6,12,2,33,20,1,0,1,11,17,0,0,0,0,0,0,0,0,0,0,1.0,1.0,1.0,0.0,0.0,0.0,2,0,0
4694,53,24,29,6,12,2,33,20,1,0,1,11,17,0,0,0,0,0,0,0,0,0,0,1.0,1.0,1.0,0.0,0.0,0.0,2,0,0
4695,52,23,29,5,12,2,33,20,1,0,1,11,17,0,0,0,0,0,0,0,1,0,1,0.9444444444444444,1.0,1.0,0.0,0.0,0.0,2,0,1
4696,52,23,29,5,12,2,33,20,1,0,1,11,17,0,0,0,0,0,0,0,0,0,0,1.0,1.0,1.0,0.0,0.0,0.0,2,0,0
4697,52,23,29,5,12,2,33,20,1,0,1,11,17,0,0,0,0,0,0,0,0,0,0,1.0,1.0,1.0,0.0,0.0,0.0,2,0,0
4698,52,23,29,5,12,2,33,20,1,0,1,11,17,0,0,0,0,0,0,0,0,0,0,1.0,1.0,1.0,0.0,0.0,0.0,2,0,0
4699,52,23,29,5,12,2,33,20,1,0,1,11,17,0,0,0,0,0,0,0,0,0,0,1.0,1.0,1.0,0.0,0.0,0.0,2,0,0
4700,52,23,29,5,12,2,33,20,1,0,1,11,17,0,0,0,0,0,0,0,0,0,0,1.0,1.0,1.0,0.0,0.0,0.0,2,0,0
4701,52,23,29,5,12,2,33,20,1,0,1,11,17,0,0,0,0,0,0,0,0,0,0,1.0,1.0,1.0,0.0,0.0,0.0,2,0,0
4702,52,23,29,5,12,2,33,20,1,0,1,11,17,0,0,0,0,0,0,0,0,0,0,1.0,1.0,1.0,0.0,0.0,0.0,2,0,0
4703,50,21,29,4,11,2,33,20,1,0,1,11,17,0,0,0,0,0,0,0,2,0,2,0.8823529411764706,1.0,1.0,0.0,0.0,0.0,2,0,2
4704,50,21,29,4,11,2,33,20,1,0,1,11,17,0,0,0,0,0,0,0,0,0,0,1.0,1.0,1.0,0.0,0.0,0.0,2,0,0
4705,50,21,29,4,11,2,33,20,1,0,1,11,17,0,0,0,0,0,0,0,0,0,0,1.0,1.0,1.0,0.0,0.0,0.0,2,0,0
4706,50,21,29,4,11,2,33,20,1,0,1,11,17,0,0,0,0,0,0,0,0,0,0,1.0,1.0,1.0,0.0,0.0,0.0,2,0,0
4707,50,21,29,4,11,2,33,20,1,0,1,11,17,0,0,0,0,0,0,0,0,0,0,1.0,1.0,1.0,0.0,0.0,0.0,2,0,0
4708,50,21,29,4,11,2,33,20,1,0,1,11,17,0,0,0,0,0,0,0,0,0,0,1.0,1.0,1.0,0.0,0.0,0.0,2,0,0
4709,53,21,32,7,11,2,33,20,0,0,2,11,17,0,0,0,0,0,0,1,0,0,0,1.0,1.0,1.0,0.06,0.06,0.0,2,3,0
4710,53,21,32,7,11,2,33,20,0,0,2,11,17,0,0,0,0,0,0,0,0,0,0,1.0,1.0,1.0,0.0,0.0,0.0,2,0,0
4711,53,21,32,7,11,2,33,20,0,0,2,11,17,0,0,0,0,0,0,0,0,0,0,1.0,1.0,1.0,0.0,0.0,0.0,2,0,0
4712,53,21,32,7,11,2,33,20,0,0,2,11,17,0,0,0,0,0,0,0,0,0,0,1.0,1.0,1.0,0.0,0.0,0.0,2,0,0
4713,53,21,32,7,11,2,33,20,0,0,2,11,17,0,0,0,0,0,0,0,0,0,0,1.0,1.0,1.0,0.0,0.0,0.0,2,0,0
4714,53,21,32,7,11,2,33,20,0,0,2,11,17,0,0,0,0,0,0,0,0,0,0,1.0,1.0,1.0,0.0,0.0,0.0,2,0,0
4715,53,21,32,7,11,2,33,20,0,0,2,11,17,0,0,0,0,0,0,0,0,0,0,1.0,1.0,1.0,0.0,0.0,0.0,2,0,0
4716,52,21,31,6,12,2,32,19,0,0,2,11,16,0,0,0,0,0,0,0,0,0,0,1.0,1.0,0.95,0.0,0.0,0.0,2,0,1
4717,52,21,31,6,12,2,32,19,0,0,2,11,16,0,0,0,0,0,0,0,0,0,0,1.0,1.0,1.0,0.0,0.0,0.0,2,0,0
4718,52,21,31,6,12,2,32,19,0,0,1,11,16,0,0,0,0,0,0,0,0,0,0,1.0,1.0,1.0,0.0,0.0,0.0,2,0,0
4719,52,21,31,6,12,2,32,19,0,0,1,11,16,0,0,0,0,0,0,0,0,0,0,1.0,1.0,1.0,0.0,0.0,0.0,2,0,0
4720,52,21,31,6,12,2,32,19,0,0,1,11,16,0,0,0,0,0,0,0,0,0,0,1.0,1.0,1.0,0.0,0.0,0.0,2,0,0
4721,52,21,31,6,12,2,32,19,0,0,1,11,16,0,0,0,0,0,0,0,0,0,0,1.0,1.0,1.0,0.0,0.0,0.0,2,0,0
4722,52,21,31,6,12,2,32,19,0,0,1,11,16,0,0,0,0,0,0,0,0,0,0,1.0,1.0,1.0,0.0,0.0,0.0,2,0,0
4723,52,21,31,6,12,2,32,19,0,0,1,11,16,0,0,0,0,0,0,0,0,0,0,1.0,1.0,1.0,0.0,0.0,0.0,2,0,0
4724,51,20,31,6,11,2,32,19,0,0,1,11,16,0,0,0,0,0,0,0,1,0,1,0.9444444444444444,1.0,1.0,0.0,0.0,0.0,2,0,1
4725,51,20,31,6,11,2,32,19,0,0,1,11,16,0,0,0,0,0,0,0,0,0,0,1.0,1.0,1.0,0.0,0.0,0.0,2,0,0
4726,51,20,31,3,14,2,32,19,0,0,1,11,16,0,0,0,0,0,0,0,0,0,0,1.0,1.0,1.0,0.0,0.0,0.0,2,0,0
4727,51,20,31,3,14,2,32,19,0,0,1,11,16,0,0,0,0,0,0,0,0,0,0,1.0,1.0,1.0,0.0,0.0,0.0,2,0,0
4728,51,20,31,3,14,2,32,19,0,0,1,11,16,0,0,0,0,0,0,0,0,0,0,1.0,1.0,1.0,0.0,0.0,0.0,2,0,0
4729,51,20,31,3,14,2,32,19,0,0,1,11,16,0,0,0,0,0,0,0,0,0,0,1.0,1.0,1.0,0.0,0.0,0.0,2,0,0
4730,51,20,31,3,14,2,32,19,0,0,1,11,16,0,0,0,0,0,0,0,0,0,0,1.0,1.0,1.0,0.0,0.0,0.0,2,0,0
4731,51,20,31,3,14,2,32,19,0,0,1,11,16,0,0,0,0,0,0,0,0,0,0,1.0,1.0,1.0,0.0,0.0,0.0,2,0,0
4732,51,20,31,3,14,2,32,19,0,0,1,11,16,0,0,0,0,0,0,0,0,0,0,1.0,1.0,1.0,0.0,0.0,0.0,2,0,0
4733,51,20,31,3,14,2,32,19,0,0,1,11,16,0,0,0,0,0,0,0,0,0,0,1.0,1.0,1.0,0.0,0.0,0.0,2,0,0
4734,51,20,31,3,14,2,32,19,0,0,1,11,16,0,0,0,0,0,0,0,0,0,0,1.0,1.0,1.0,0.0,0.0,0.0,2,0,0
4735,50,19,31,3,13,2,32,19,0,0,1,11,16,0,0,0,0,0,0,0,1,0,1,0.9411764705882353,1.0,1.0,0.0,0.0,0.0,2,0,1
4736,50,19,31,3,13,2,32,19,0,0,1,11,16,0,0,0,0,0,0,0,0,0,0,1.0,1.0,1.0,0.0,0.0,0.0,2,0,0
4737,50,19,31,3,13,2,32,19,0,0,1,11,16,0,0,0,0,0,0,0,0,0,0,1.0,1.0,1.0,0.0,0.0,0.0,2,0,0
4738,50,19,31,3,13,2,32,19,0,0,1,11,16,0,0,0,0,0,0,0,0,0,0,1.0,1.0,1.0,0.0,0.0,0.0,2,0,0
4739,50,19,31,3,13,2,32,19,0,0,1,11,16,0,0,0,0,0,0,0,0,0,0,1.0,1.0,1.0,0.0,0.0,0.0,2,0,0
4740,50,19,31,3,13,2,32,19,0,0,1,11,16,0,0,0,0,0,0,0,0,0,0,1.0,1.0,1.0,0.0,0.0,0.0,2,0,0
4741,49,19,30,3,12,2,32,19,0,0,1,11,16,0,0,0,0,0,0,0,1,0,1,0.9375,1.0,1.0,0.0,0.0,0.0,2,0,1
4742,49,19,30,3,12,2,32,19,0,0,1,11,16,0,0,0,0,0,0,0,0,0,0,1.0,1.0,1.0,0.0,0.0,0.0,2,0,0
4743,48,18,30,3,11,2,32,19,0,0,1,11,16,0,0,0,0,0,0,0,1,0,1,0.9333333333333333,1.0,1.0,0.0,0.0,0.0,2,0,1
4744,47,18,29,3,10,2,32,19,0,0,1,11,16,0,0,0,0,0,0,0,1,0,1,0.9285714285714286,1.0,1.0,0.0,0.0,0.0,2,0,1
4745,47,18,29,3,10,2,32,19,0,0,1,11,16,0,0,0,0,0,0,0,0,0,0,1.0,1.0,1.0,0.0,0.0,0.0,2,0,0
4746,47,18,29,3,10,2,32,19,0,0,1,11,17,0,1,0,0,0,0,0,0,0,0,1.0,1.0,1.0,0.0,0.0,0.0,2,0,0
4747,47,18,29,3,10,2,32,19,0,0,1,11,18,0,1,0,0,0,0,0,0,0,0,1.0,1.0,1.0,0.0,0.0,0.0,2,0,0
4748,47,18,29,3,10,2,32,19,0,0,1,11,18,0,0,0,0,0,0,0,0,0,0,1.0,1.0,1.0,0.0,0.0,0.0,2,0,0
4749,47,18,29,3,10,2,32,19,0,0,1,11,18,0,0,0,0,0,0,0,0,0,0,1.0,1.0,1.0,0.0,0.0,0.0,2,0,0
4750,46,18,28,3,10,2,31,18,0,0,1,11,17,0,0,0,0,0,0,0,0,0,0,1.0,1.0,0.9473684210526316,0.0,0.0,0.0,2,0,1
4751,46,18,28,3,10,2,31,18,0,0,1,11,17,0,0,0,0,0,0,0,0,0,0,1.0,1.0,1.0,0.0,0.0,0.0,2,0,0
4752,46,18,28,0,13,2,31,18,0,0,1,11,17,0,0,0,0,0,0,0,0,0,0,1.0,1.0,1.0,0.0,0.0,0.0,2,0,0
4753,46,18,28,0,13,2,31,18,0,0,1,11,17,0,0,0,0,0,0,0,0,0,0,1.0,1.0,1.0,0.0,0.0,0.0,2,0,0
4754,46,18,28,0,13,2,31,18,0,0,0,11,17,0,0,0,0,0,0,0,0,0,0,1.0,1.0,1.0,0.0,0.0,0.0,2,0,0
4755,46,18,28,0,13,2,31,18,0,0,0,11,17,0,0,0,0,0,0,0,0,0,0,1.0,1.0,1.0,0.0,0.0,0.0,2,0,0
4756,46,18,28,0,13,2,31,18,0,0,0,11,17,0,0,0,0,0,0,0,0,0,0,1.0,1.0,1.0,0.0,0.0,0.0,2,0,0
4757,46,18,28,0,13,2,31,18,0,0,0,11,17,0,0,0,0,0,0,0,0,0,0,1.0,1.0,1.0,0.0,0.0,0.0,2,0,0
4758,46,18,28,0,13,1,32,19,0,0,0,11,17,0,0,0,0,0,0,0,0,0,0,1.0,1.0,1.0,0.0,0.0,0.0,2,0,0
4759,46,18,28,0,13,1,32,19,0,0,0,11,17,0,0,0,0,0,0,0,0,0,0,1.0,1.0,1.0,0.0,0.0,0.0,2,0,0
4760,46,18,28,0,13,1,32,19,0,0,0,11,17,0,0,0,0,0,0,0,0,0,0,1.0,1.0,1.0,0.0,0.0,0.0,2,0,0
4761,46,18,28,0,13,1,32,19,0,0,0,11,17,0,0,0,0,0,0,0,0,0,0,1.0,1.0,1.0,0.0,0.0,0.0,2,0,0
4762,46,18,28,0,13,1,32,19,0,0,0,11,17,0,0,0,0,0,0,0,0,0,0,1.0,1.0,1.0,0.0,0.0,0.0,2,0,0
4763,45,18,27,0,12,1,32,19,0,0,0,11,17,0,0,0,0,0,0,0,1,0,1,0.9230769230769231,1.0,1.0,0.0,0.0,0.0,2,0,1
4764,45,18,27,0,12,1,32,19,0,0,0,11,17,0,0,0,0,0,0,0,0,0,0,1.0,1.0,1.0,0.0,0.0,0.0,2,0,0
4765,45,18,27,0,12,1,32,19,0,0,0,11,17,0,0,0,0,0,0,0,0,0,0,1.0,1.0,1.0,0.0,0.0,0.0,2,0,0
4766,45,18,27,0,12,1,32,19,0,0,0,11,17,0,0,0,0,0,0,0,0,0,0,1.0,1.0,1.0,0.0,0.0,0.0,2,0,0
4767,44,17,27,0,12,1,31,19,0,0,0,11,17,0,0,0,0,0,0,0,0,0,0,1.0,0.9230769230769231,1.0,0.0,0.0,0.0,2,0,1
4768,44,17,27,0,12,1,31,19,0,0,0,11,17,0,0,0,0,0,0,0,0,0,0,1.0,1.0,1.0,0.0,0.0,0.0,2,0,0
4769,44,17,27,0,12,1,31,19,0,0,0,11,17,0,0,0,0,0,0,0,0,0,0,1.0,1.0,1.0,0.0,0.0,0.0,2,0,0
4770,44,17,27,0,12,1,31,19,0,0,0,11,17,0,0,0,0,0,0,0,0,0,0,1.0,1.0,1.0,0.0,0.0,0.0,2,0,0
4771,44,17,27,0,12,1,31,19,0,0,0,11,17,0,0,0,0,0,0,0,0,0,0,1.0,1.0,1.0,0.0,0.0,0.0,2,0,0
4772,44,17,27,0,12,1,31,19,0,0,0,11,17,0,0,0,0,0,0,0,0,0,0,1.0,1.0,1.0,0.0,0.0,0.0,2,0,0
4773,44,17,27,0,12,1,31,19,0,0,0,11,17,0,0,0,0,0,0,0,0,0,0,1.0,1.0,1.0,0.0,0.0,0.0,2,0,0
4774,44,17,27,0,12,1,31,19,0,0,0,11,17,0,0,0,0,0,0,0,0,0,0,1.0,1.0,1.0,0.0,0.0,0.0,2,0,0
4775,44,17,27,0,12,1,31,19,2,0,0,11,17,0,0,0,6,2,0,0,0,0,0,1.0,1.0,1.0,0.0,0.0,0.3333333333333333,2,0,0
4776,44,17,27,0,12,1,31,19,2,1,0,11,17,0,0,0,2,0,1,0,0,0,0,1.0,1.0,1.0,0.0,0.0,0.0,2,0,0
4777,44,17,27,0,12,1,31,19,2,1,0,11,17,0,0,0,1,0,0,0,0,0,0,1.0,1.0,1.0,0.0,0.0,0.0,2,0,0
4778,44,17,27,0,12,1,31,19,3,1,0,11,17,0,0,0,4,1,0,0,0,0,0,1.0,1.0,1.0,0.0,0.0,0.25,2,0,0
4779,44,17,27,0,12,1,31,19,3,1,0,11,17,0,0,0,0,0,0,0,0,0,0,1.0,1.0,1.0,0.0,0.0,0.0,2,0,0
4780,44,17,27,0,12,1,31,19,3,1,0,11,17,0,0,0,0,0,0,0,0,0,0,1.0,1.0,1.0,0.0,0.0,0.0,2,0,0
4781,44,17,27,0,12,1,31,19,3,1,0,11,17,0,0,0,0,0,0,0,0,0,0,1.0,1.0,1.0,0.0,0.0,0.0,2,0,0
4782,44,17,27,0,12,1,31,19,3,1,0,11,17,0,0,0,0,0,0,0,0,0,0,1.0,1.0,1.0,0.0,0.0,0.0,2,0,0
4783,44,17,27,0,12,0,32,20,3,1,0,11,17,0,0,0,0,0,0,0,0,0,0,1.0,1.0,1.0,0.0,0.0,0.0,2,0,0
4784,44,17,27,0,12,0,32,20,3,1,0,11,17,0,0,0,0,0,0,0,0,0,0,1.0,1.0,1.0,0.0,0.0,0.0,2,0,0
4785,44,17,27,0,12,0,32,20,3,1,0,11,17,0,0,0,0,0,0,0,0,0,0,1.0,1.0,1.0,0.0,0.0,0.0,2,0,0
4786,44,17,27,0,12,0,32,20,3,1,0,11,17,0,0,0,0,0,0,0,0,0,0,1.0,1.0,1.0,0.0,0.0,0.0,2,0,0
4787,44,17,27,0,12,0,32,20,3,1,0,11,17,0,0,0,0,0,0,0,0,0,0,1.0,1.0,1.0,0.0,0.0,0.0,2,0,0
4788,44,17,27,0,12,0,32,20,3,1,0,11,17,0,0,0,0,0,0,0,0,0,0,1.0,1.0,1.0,0.0,0.0,0.0,2,0,0
4789,44,17,27,0,12,0,32,20,3,1,0,11,17,0,0,0,0,0,0,0,0,0,0,1.0,1.0,1.0,0.0,0.0,0.0,2,0,0
4790,44,17,27,0,12,0,32,20,3,1,0,11,17,0,0,0,0,0,0,0,0,0,0,1.0,1.0,1.0,0.0,0.0,0.0,2,0,0
4791,44,17,27,0,12,0,32,20,3,1,0,11,17,0,0,0,0,0,0,0,0,0,0,1.0,1.0,1.0,0.0,0.0,0.0,2,0,0
4792,44,17,27,0,12,0,32,20,3,1,0,11,17,0,0,0,0,0,0,0,0,0,0,1.0,1.0,1.0,0.0,0.0,0.0,2,0,0
4793,44,17,27,0,12,0,32,20,3,1,0,11,17,0,0,0,0,0,0,0,0,0,0,1.0,1.0,1.0,0.0,0.0,0.0,2,0,0
4794,44,17,27,0,12,0,32,20,3,1,0,11,17,0,0,0,0,0,0,0,0,0,0,1.0,1.0,1.0,0.0,0.0,0.0,2,0,0
4795,44,17,27,0,12,0,32,20,3,1,0,11,17,0,0,0,0,0,0,0,0,0,0,1.0,1.0,1.0,0.0,0.0,0.0,2,0,0
4796,44,17,27,0,12,0,32,20,3,1,0,11,17,0,0,0,0,0,0,0,0,0,0,1.0,1.0,1.0,0.0,0.0,0.0,2,0,0
4797,44,17,27,0,12,0,32,20,3,1,0,11,17,0,0,0,0,0,0,0,0,0,0,1.0,1.0,1.0,0.0,0.0,0.0,2,0,0
4798,44,17,27,0,12,0,32,20,3,1,0,11,17,0,0,0,0,0,0,0,0,0,0,1.0,1.0,1.0,0.0,0.0,0.0,2,0,0
4799,44,17,27,0,12,0,32,20,3,1,0,11,17,0,0,0,0,0,0,0,0,0,0,1.0,1.0,1.0,0.0,0.0,0.0,2,0,0
4800,44,17,27,0,12,0,32,20,3,1,0,11,17,0,0,0,0,0,0,0,0,0,0,1.0,1.0,1.0,0.0,0.0,0.0,2,0,0
4801,44,17,27,0,12,0,32,20,3,1,0,11,17,0,0,0,0,0,0,0,0,0,0,1.0,1.0,1.0,0.0,0.0,0.0,2,0,0
4802,44,17,27,0,12,0,32,20,3,1,0,11,17,0,0,0,0,0,0,0,0,0,0,1.0,1.0,1.0,0.0,0.0,0.0,2,0,0
4803,44,17,27,0,12,0,32,20,3,1,0,11,17,0,0,0,0,0,0,0,0,0,0,1.0,1.0,1.0,0.0,0.0,0.0,2,0,0
4804,43,16,27,0,11,0,32,20,3,1,0,11,17,0,0,0,0,0,0,0,1,0,1,0.9166666666666666,1.0,1.0,0.0,0.0,0.0,2,0,1
4805,43,16,27,0,11,0,32,20,3,1,0,11,17,0,0,0,0,0,0,0,0,0,0,1.0,1.0,1.0,0.0,0.0,0.0,2,0,0
4806,43,16,27,0,11,0,32,20,3,1,0,11,17,0,0,0,0,0,0,0,0,0,0,1.0,1.0,1.0,0.0,0.0,0.0,2,0,0
4807,42,16,26,0,11,0,31,19,2,1,0,11,17,0,0,0,0,0,0,0,0,0,0,1.0,1.0,0.95,0.0,0.0,0.0,2,0,1
4808,42,16,26,0,11,0,31,19,2,1,0,11,17,0,0,0,0,0,0,0,0,0,0,1.0,1.0,1.0,0.0,0.0,0.0,2,0,0
4809,42,16,26,0,11,0,31,19,2,1,0,11,17,0,0,0,0,0,0,0,0,0,0,1.0,1.0,1.0,0.0,0.0,0.0,2,0,0
4810,42,16,26,0,11,0,31,19,2,1,0,11,17,0,0,0,0,0,0,0,0,0,0,1.0,1.0,1.0,0.0,0.0,0.0,2,0,0
4811,42,16,26,0,11,0,31,19,2,1,0,11,17,0,0,0,0,0,0,0,0,0,0,1.0,1.0,1.0,0.0,0.0,0.0,2,0,0
4812,42,16,26,0,11,0,31,19,2,1,0,11,17,0,0,0,0,0,0,0,0,0,0,1.0,1.0,1.0,0.0,0.0,0.0,2,0,0
4813,42,16,26,0,11,0,31,19,2,1,0,11,17,0,0,0,0,0,0,0,0,0,0,1.0,1.0,1.0,0.0,0.0,0.0,2,0,0
4814,42,16,26,0,11,0,31,19,2,1,0,11,17,0,0,0,0,0,0,0,0,0,0,1.0,1.0,1.0,0.0,0.0,0.0,2,0,0
4815,42,16,26,0,11,0,31,19,2,1,0,11,17,0,0,0,0,0,0,0,0,0,0,1.0,1.0,1.0,0.0,0.0,0.0,2,0,0
4816,42,16,26,0,11,0,31,19,2,1,0,11,17,0,0,0,0,0,0,0,0,0,0,1.0,1.0,1.0,0.0,0.0,0.0,2,0,0
4817,42,16,26,0,11,0,31,19,2,1,0,11,17,0,0,0,0,0,0,0,0,0,0,1.0,1.0,1.0,0.0,0.0,0.0,2,0,0
4818,42,16,26,0,11,0,31,19,2,1,0,11,17,0,0,0,0,0,0,0,0,0,0,1.0,1.0,1.0,0.0,0.0,0.0,2,0,0
4819,42,16,26,0,11,0,31,19,2,1,0,11,17,0,0,0,0,0,0,0,0,0,0,1.0,1.0,1.0,0.0,0.0,0.0,2,0,0
4820,42,16,26,0,11,0,31,19,2,1,0,11,17,0,0,0,0,0,0,0,0,2,0,1.0,1.0,1.0,0.0,0.0,0.0,2,0,0
4821,42,16,26,0,11,0,31,19,2,0,0,11,17,0,0,0,0,0,0,0,0,0,0,1.0,1.0,1.0,0.0,0.0,0.0,2,0,0
4822,42,16,26,0,11,0,31,19,3,0,0,11,17,0,0,0,6,1,0,0,0,0,0,1.0,1.0,1.0,0.0,0.0,0.16666666666666666,2,0,0
4823,42,16,26,0,11,0,31,19,3,0,0,11,17,0,0,0,0,0,0,0,0,0,0,1.0,1.0,1.0,0.0,0.0,0.0,2,0,0
4824,42,16,26,0,9,2,31,19,3,0,0,11,17,0,0,0,0,0,0,0,0,1,0,1.0,1.0,1.0,0.0,0.0,0.0,2,0,0
4825,42,16,26,0,9,2,31,19,3,0,0,11,17,0,0,0,0,0,0,0,0,3,0,1.0,1.0,1.0,0.0,0.0,0.0,2,0,0
4826,42,16,26,0,9,2,31,19,3,0,0,11,17,0,0,0,0,0,0,0,0,0,0,1.0,1.0,1.0,0.0,0.0,0.0,2,0,0
4827,42,16,26,0,9,2,31,19,3,0,0,11,17,0,0,0,0,0,0,0,0,0,0,1.0,1.0,1.0,0.0,0.0,0.0,2,0,0
4828,42,16,26,0,8,3,31,19,3,0,0,11,17,0,0,0,0,0,0,0,0,0,0,1.0,1.0,1.0,0.0,0.0,0.0,2,0,0
4829,42,16,26,0,5,6,31,19,3,0,0,11,17,0,0,0,0,0,0,0,0,0,0,1.0,1.0,1.0,0.0,0.0,0.0,2,0,0
4830,41,16,25,0,5,5,31,19,3,0,0,11,17,0,0,0,0,0,0,0,0,0,0,1.0,1.0,1.0,0.0,0.0,0.0,2,0,1
4831,41,16,25,0,5,5,31,19,3,0,0,11,17,0,0,0,0,0,0,0,0,0,0,1.0,1.0,1.0,0.0,0.0,0.0,2,0,0
4832,41,16,25,0,5,5,31,19,3,0,0,11,17,0,0,0,0,0,0,0,0,0,0,1.0,1.0,1.0,0.0,0.0,0.0,2,0,0
4833,41,16,25,0,5,5,31,19,3,0,0,11,17,0,0,0,0,0,0,0,0,0,0,1.0,1.0,1.0,0.0,0.0,0.0,2,0,0
4834,41,16,25,0,5,5,31,19,3,0,0,11,17,0,0,0,0,0,0,0,0,0,0,1.0,1.0,1.0,0.0,0.0,0.0,2,0,0
4835,41,16,25,0,5,5,31,19,3,0,0,11,17,0,0,0,0,0,0,0,0,0,0,1.0,1.0,1.0,0.0,0.0,0.0,2,0,0
4836,41,16,25,0,5,5,31,19,3,0,0,11,17,0,0,0,0,0,0,0,0,0,0,1.0,1.0,1.0,0.0,0.0,0.0,2,0,0
4837,41,16,25,0,5,5,31,19,3,0,0,11,18,0,1,0,0,0,0,0,0,0,0,1.0,1.0,1.0,0.0,0.0,0.0,2,0,0
4838,41,16,25,0,5,5,31,19,3,0,0,11,18,0,0,0,0,0,0,0,0,0,0,1.0,1.0,1.0,0.0,0.0,0.0,2,0,0
4839,41,16,25,0,5,5,31,19,3,0,0,11,18,0,0,0,0,0,0,0,0,0,0,1.0,1.0,1.0,0.0,0.0,0.0,2,0,0
4840,48,20,28,7,5,5,31,19,1,0,2,11,18,0,0,0,0,0,0,2,0,0,0,1.0,1.0,1.0,0.17073170731707318,0.17073170731707318,0.0,2,7,0
4841,48,20,28,7,5,5,31,19,1,0,2,11,18,0,0,0,0,0,0,0,0,0,0,1.0,1.0,1.0,0.0,0.0,0.0,2,0,0
4842,48,20,28,7,5,5,31,19,1,0,2,11,18,0,0,0,0,0,0,0,0,0,0,1.0,1.0,1.0,0.0,0.0,0.0,2,0,0
4843,47,20,27,6,5,5,31,19,1,0,2,11,18,0,0,0,0,0,0,0,1,0,1,0.9166666666666666,1.0,1.0,0.0,0.0,0.0,2,0,1
4844,47,20,27,6,5,5,31,19,1,0,2,11,18,0,0,0,0,0,0,0,0,0,0,1.0,1.0,1.0,0.0,0.0,0.0,2,0,0
4845,47,20,27,6,5,5,31,19,1,0,2,11,18,0,0,0,0,0,0,0,0,0,0,1.0,1.0,1.0,0.0,0.0,0.0,2,0,0
4846,45,18,27,4,5,5,31,19,1,0,2,11,18,0,0,0,0,0,0,0,2,0,2,0.8181818181818181,1.0,1.0,0.0,0.0,0.0,2,0,2
4847,45,18,27,4,5,5,31,19,1,0,2,11,18,0,0,0,0,0,0,0,0,0,0,1.0,1.0,1.0,0.0,0.0,0.0,2,0,0
4848,45,18,27,4,5,5,31,19,1,0,2,11,18,0,0,0,0,0,0,0,0,0,0,1.0,1.0,1.0,0.0,0.0,0.0,2,0,0
4849,45,18,27,4,5,5,31,19,1,0,2,11,18,0,0,0,0,0,0,0,0,0,0,1.0,1.0,1.0,0.0,0.0,0.0,2,0,0
4850,45,18,27,4,5,5,31,19,1,0,2,11,18,0,0,0,0,0,0,0,0,0,0,1.0,1.0,1.0,0.0,0.0,0.0,2,0,0
4851,44,18,26,4,5,4,31,19,1,0,2,11,18,0,0,0,0,0,0,0,0,0,0,1.0,1.0,1.0,0.0,0.0,0.0,2,0,1
4852,44,18,26,4,5,4,31,19,1,0,2,11,18,0,0,0,0,0,0,0,0,0,0,1.0,1.0,1.0,0.0,0.0,0.0,2,0,0
4853,44,18,26,4,5,4,31,19,1,0,2,11,18,0,0,0,0,0,0,0,0,1,0,1.0,1.0,1.0,0.0,0.0,0.0,2,0,0
4854,44,18,26,4,5,4,31,19,1,0,2,11,18,0,0,0,0,0,0,0,0,0,0,1.0,1.0,1.0,0.0,0.0,0.0,2,0,0
4855,44,18,26,4,5,4,31,19,1,0,2,11,18,0,0,0,0,0,0,0,0,0,0,1.0,1.0,1.0,0.0,0.0,0.0,2,0,0
4856,44,18,26,4,5,4,31,19,1,0,2,11,18,0,0,0,0,0,0,0,0,0,0,1.0,1.0,1.0,0.0,0.0,0.0,2,0,0
4857,44,18,26,4,4,5,31,19,1,0,2,11,18,0,0,0,0,0,0,0,0,0,0,1.0,1.0,1.0,0.0,0.0,0.0,2,0,0
4858,44,18,26,4,4,5,31,19,1,0,2,11,18,0,0,0,0,0,0,0,0,0,0,1.0,1.0,1.0,0.0,0.0,0.0,2,0,0
4859,43,17,26,4,4,5,30,19,1,0,2,10,18,0,0,0,0,0,0,0,0,0,0,1.0,0.9166666666666666,1.0,0.0,0.0,0.0,2,0,1
4860,43,17,26,4,4,5,30,19,1,0,2,10,18,0,0,0,0,0,0,0,0,0,0,1.0,1.0,1.0,0.0,0.0,0.0,2,0,0
4861,43,17,26,4,4,5,30,19,1,0,2,10,18,0,0,0,0,0,0,0,0,0,0,1.0,1.0,1.0,0.0,0.0,0.0,2,0,0
4862,43,17,26,4,4,5,30,19,1,0,2,10,18,0,0,0,0,0,0,0,0,0,0,1.0,1.0,1.0,0.0,0.0,0.0,2,0,0
4863,43,17,26,4,4,5,30,19,1,0,2,10,18,0,0,0,0,0,0,0,0,2,0,1.0,1.0,1.0,0.0,0.0,0.0,2,0,0
4864,43,17,26,4,4,5,30,19,1,0,2,10,18,0,0,0,0,0,0,0,0,0,0,1.0,1.0,1.0,0.0,0.0,0.0,2,0,0
4865,43,17,26,4,4,5,30,19,1,0,2,10,18,0,0,0,0,0,0,0,0,0,0,1.0,1.0,1.0,0.0,0.0,0.0,2,0,0
4866,43,17,26,4,4,5,30,19,1,0,2,10,18,0,0,0,0,0,0,0,0,0,0,1.0,1.0,1.0,0.0,0.0,0.0,2,0,0
4867,43,17,26,4,2,7,30,19,1,0,2,10,18,0,0,0,0,0,0,0,0,0,0,1.0,1.0,1.0,0.0,0.0,0.0,2,0,0
4868,43,17,26,4,2,7,30,19,1,0,2,10,18,0,0,0,0,0,0,0,0,0,0,1.0,1.0,1.0,0.0,0.0,0.0,2,0,0
4869,43,17,26,4,2,7,30,19,1,0,2,10,18,0,0,0,0,0,0,0,0,0,0,1.0,1.0,1.0,0.0,0.0,0.0,2,0,0
4870,43,17,26,4,2,7,30,19,1,0,2,10,18,0,0,0,0,0,0,0,0,0,0,1.0,1.0,1.0,0.0,0.0,0.0,2,0,0
4871,43,17,26,4,2,7,30,19,1,0,2,10,18,0,0,0,0,0,0,0,0,0,0,1.0,1.0,1.0,0.0,0.0,0.0,2,0,0
4872,43,17,26,4,2,7,30,19,1,0,2,10,18,0,0,0,0,0,0,0,0,0,0,1.0,1.0,1.0,0.0,0.0,0.0,2,0,0
4873,43,17,26,4,2,7,30,19,1,0,2,10,18,0,0,0,0,0,0,0,0,0,0,1.0,1.0,1.0,0.0,0.0,0.0,2,0,0
4874,43,17,26,4,2,7,30,19,1,0,2,10,18,0,0,0,0,0,0,0,0,0,0,1.0,1.0,1.0,0.0,0.0,0.0,2,0,0
4875,43,17,26,4,2,7,30,19,1,0,2,10,18,0,0,0,0,0,0,0,0,0,0,1.0,1.0,1.0,0.0,0.0,0.0,2,0,0
4876,42,17,25,4,2,7,29,18,1,0,2,10,17,0,0,0,0,0,0,0,0,0,0,1.0,1.0,0.9473684210526316,0.0,0.0,0.0,2,0,1
4877,42,17,25,4,2,7,29,18,1,0,2,10,17,0,0,0,0,0,0,0,0,0,0,1.0,1.0,1.0,0.0,0.0,0.0,2,0,0
4878,42,17,25,4,2,7,29,18,1,0,2,10,17,0,0,0,0,0,0,0,0,0,0,1.0,1.0,1.0,0.0,0.0,0.0,2,0,0
4879,42,17,25,4,2,6,30,19,1,0,2,10,17,0,0,0,1,0,0,0,0,0,0,1.0,1.0,1.0,0.0,0.0,0.0,2,0,0
4880,42,17,25,4,2,6,30,19,2,0,2,10,17,0,0,0,2,1,0,0,0,0,0,1.0,1.0,1.0,0.0,0.0,0.5,2,0,0
4881,42,17,25,4,2,6,30,19,2,0,2,10,17,0,0,0,0,0,0,0,0,0,0,1.0,1.0,1.0,0.0,0.0,0.0,2,0,0
4882,42,17,25,4,2,6,30,19,2,0,2,10,17,0,0,0,0,0,0,0,0,0,0,1.0,1.0,1.0,0.0,0.0,0.0,2,0,0
4883,42,17,25,0,6,6,30,19,2,0,2,10,17,0,0,0,0,0,0,0,0,0,0,1.0,1.0,1.0,0.0,0.0,0.0,2,0,0
4884,42,17,25,0,6,6,30,19,2,0,2,10,17,0,0,0,0,0,0,0,0,0,0,1.0,1.0,1.0,0.0,0.0,0.0,2,0,0
4885,42,17,25,0,6,6,30,19,2,0,0,10,17,0,0,0,0,0,0,0,0,0,0,1.0,1.0,1.0,0.0,0.0,0.0,2,0,0
4886,42,17,25,0,6,6,30,19,4,0,0,10,17,0,0,0,6,2,0,0,0,0,0,1.0,1.0,1.0,0.0,0.0,0.3333333333333333,2,0,0
4887,45,17,28,3,6,6,30,19,3,0,1,10,17,0,0,0,0,0,0,1,0,0,0,1.0,1.0,1.0,0.07142857142857142,0.07142857142857142,0.0,2,3,0
4888,45,17,28,3,6,6,30,19,3,0,1,10,17,0,0,0,0,0,0,0,0,0,0,1.0,1.0,1.0,0.0,0.0,0.0,2,0,0
4889,45,17,28,3,6,6,30,19,3,0,1,10,17,0,0,0,0,0,0,0,0,2,0,1.0,1.0,1.0,0.0,0.0,0.0,2,0,0
4890,45,17,28,3,6,6,30,19,3,0,1,10,17,0,0,0,0,0,0,0,0,0,0,1.0,1.0,1.0,0.0,0.0,0.0,2,0,0
4891,45,17,28,3,6,6,30,19,3,0,1,10,17,0,0,0,0,0,0,0,0,0,0,1.0,1.0,1.0,0.0,0.0,0.0,2,0,0
4892,45,17,28,3,6,6,30,19,3,0,1,10,17,0,0,0,0,0,0,0,0,0,0,1.0,1.0,1.0,0.0,0.0,0.0,2,0,0
4893,45,17,28,3,4,8,30,19,3,0,1,10,17,0,0,0,0,0,0,0,0,0,0,1.0,1.0,1.0,0.0,0.0,0.0,2,0,0
4894,45,17,28,3,4,8,30,19,3,0,1,10,17,0,0,0,0,0,0,0,0,0,0,1.0,1.0,1.0,0.0,0.0,0.0,2,0,0
4895,45,17,28,3,4,8,30,19,3,0,1,10,17,0,0,0,0,0,0,0,0,0,0,1.0,1.0,1.0,0.0,0.0,0.0,2,0,0
4896,45,17,28,3,4,8,30,19,3,0,1,10,17,0,0,0,0,0,0,0,0,0,0,1.0,1.0,1.0,0.0,0.0,0.0,2,0,0
4897,45,17,28,3,4,8,30,19,3,0,1,10,17,0,0,0,0,0,0,0,0,0,0,1.0,1.0,1.0,0.0,0.0,0.0,2,0,0
4898,45,17,28,3,4,8,30,19,3,0,1,10,17,0,0,0,0,0,0,0,0,0,0,1.0,1.0,1.0,0.0,0.0,0.0,2,0,0
4899,45,17,28,3,4,8,30,19,3,0,1,10,17,0,0,0,0,0,0,0,0,0,0,1.0,1.0,1.0,0.0,0.0,0.0,2,0,0
4900,45,17,28,3,4,8,30,19,3,0,1,10,17,0,0,0,0,0,0,0,0,0,0,1.0,1.0,1.0,0.0,0.0,0.0,2,0,0
4901,45,17,28,3,4,8,30,19,3,0,1,10,17,0,0,0,0,0,0,0,0,0,0,1.0,1.0,1.0,0.0,0.0,0.0,2,0,0
4902,45,17,28,3,4,8,30,19,3,0,1,10,17,0,0,0,0,0,0,0,0,0,0,1.0,1.0,1.0,0.0,0.0,0.0,2,0,0
4903,45,17,28,3,4,8,30,19,3,0,1,10,17,0,0,0,0,0,0,0,0,0,0,1.0,1.0,1.0,0.0,0.0,0.0,2,0,0
4904,45,17,28,3,4,7,31,20,3,0,1,10,17,0,0,0,0,0,0,0,0,0,0,1.0,1.0,1.0,0.0,0.0,0.0,2,0,0
4905,45,17,28,3,4,7,31,20,4,0,1,10,17,0,0,0,2,1,0,0,0,0,0,1.0,1.0,1.0,0.0,0.0,0.5,2,0,0
4906,44,16,28,3,4,7,30,20,4,0,1,9,17,0,0,0,0,0,0,0,0,0,0,1.0,0.9090909090909091,1.0,0.0,0.0,0.0,2,0,1
4907,44,16,28,3,4,7,30,20,4,0,1,9,17,0,0,0,0,0,0,0,0,0,0,1.0,1.0,1.0,0.0,0.0,0.0,2,0,0
4908,44,16,28,3,4,7,30,20,4,0,1,9,17,0,0,0,0,0,0,0,0,0,0,1.0,1.0,1.0,0.0,0.0,0.0,2,0,0
4909,44,16,28,3,4,7,30,20,4,0,1,9,17,0,0,0,0,0,0,0,0,0,0,1.0,1.0,1.0,0.0,0.0,0.0,2,0,0
4910,44,16,28,3,4,7,30,20,4,0,1,9,17,0,0,0,0,0,0,0,0,0,0,1.0,1.0,1.0,0.0,0.0,0.0,2,0,0
4911,44,16,28,3,4,7,30,20,4,0,1,9,17,0,0,0,0,0,0,0,0,0,0,1.0,1.0,1.0,0.0,0.0,0.0,2,0,0
4912,44,16,28,3,4,7,30,20,4,0,1,9,17,0,0,0,0,0,0,0,0,0,0,1.0,1.0,1.0,0.0,0.0,0.0,2,0,0
4913,44,16,28,3,4,7,30,20,4,0,1,9,17,0,0,0,0,0,0,0,0,0,0,1.0,1.0,1.0,0.0,0.0,0.0,2,0,0
4914,44,16,28,3,4,7,30,20,4,0,1,9,17,0,0,0,0,0,0,0,0,0,0,1.0,1.0,1.0,0.0,0.0,0.0,2,0,0
4915,44,16,28,3,4,7,30,20,4,0,1,9,17,0,0,0,0,0,0,0,0,0,0,1.0,1.0,1.0,0.0,0.0,0.0,2,0,0
4916,44,16,28,3,4,7,30,20,4,0,1,9,17,0,0,0,0,0,0,0,0,0,0,1.0,1.0,1.0,0.0,0.0,0.0,2,0,0
4917,44,16,28,3,4,7,30,20,4,0,1,9,17,0,0,0,0,0,0,0,0,0,0,1.0,1.0,1.0,0.0,0.0,0.0,2,0,0
4918,44,16,28,3,4,7,30,20,4,0,1,9,17,0,0,0,0,0,0,0,0,0,0,1.0,1.0,1.0,0.0,0.0,0.0,2,0,0
4919,44,16,28,3,4,7,30,20,4,0,1,9,17,0,0,0,0,0,0,0,0,0,0,1.0,1.0,1.0,0.0,0.0,0.0,2,0,0
4920,44,16,28,3,4,7,30,20,4,0,1,9,17,0,0,0,0,0,0,0,0,0,0,1.0,1.0,1.0,0.0,0.0,0.0,2,0,0
4921,44,16,28,3,4,7,30,20,4,0,1,9,17,0,0,0,0,0,0,0,0,0,0,1.0,1.0,1.0,0.0,0.0,0.0,2,0,0
4922,44,16,28,3,4,7,30,20,4,0,1,9,17,0,0,0,0,0,0,0,0,0,0,1.0,1.0,1.0,0.0,0.0,0.0,2,0,0
4923,44,16,28,3,4,7,30,20,4,0,1,9,17,0,0,0,0,0,0,0,0,0,0,1.0,1.0,1.0,0.0,0.0,0.0,2,0,0
4924,44,16,28,3,4,7,30,20,4,0,1,9,17,0,0,0,0,0,0,0,0,0,0,1.0,1.0,1.0,0.0,0.0,0.0,2,0,0
4925,44,16,28,3,4,7,30,20,4,0,1,9,17,0,0,0,0,0,0,0,0,0,0,1.0,1.0,1.0,0.0,0.0,0.0,2,0,0
4926,44,16,28,3,4,7,30,20,4,0,1,9,17,0,0,0,0,0,0,0,0,0,0,1.0,1.0,1.0,0.0,0.0,0.0,2,0,0
4927,44,16,28,3,4,6,31,21,4,0,1,9,17,0,0,0,0,0,0,0,0,0,0,1.0,1.0,1.0,0.0,0.0,0.0,2,0,0
4928,44,16,28,3,4,6,31,21,4,0,1,9,17,0,0,0,0,0,0,0,0,0,0,1.0,1.0,1.0,0.0,0.0,0.0,2,0,0
4929,44,16,28,3,4,6,31,21,4,0,1,10,17,1,0,0,0,0,0,0,0,0,0,1.0,1.0,1.0,0.0,0.0,0.0,2,0,0
4930,44,16,28,0,7,6,31,21,4,0,1,10,18,0,1,0,0,0,0,0,0,0,0,1.0,1.0,1.0,0.0,0.0,0.0,2,0,0
4931,44,16,28,0,7,6,31,21,4,0,1,12,18,2,0,0,0,0,0,0,0,0,0,1.0,1.0,1.0,0.0,0.0,0.0,2,0,0
4932,44,16,28,0,7,6,31,21,4,0,0,12,18,0,0,0,0,0,0,0,0,0,0,1.0,1.0,1.0,0.0,0.0,0.0,2,0,0
4933,44,16,28,0,7,6,31,21,5,0,0,12,19,0,1,0,6,1,0,0,0,0,0,1.0,1.0,1.0,0.0,0.0,0.16666666666666666,2,0,0
4934,44,16,28,0,7,6,31,21,5,0,0,12,19,0,0,0,0,0,0,0,0,0,0,1.0,1.0,1.0,0.0,0.0,0.0,2,0,0
4935,44,16,28,0,7,6,31,21,5,0,0,12,19,0,0,0,0,0,0,0,0,0,0,1.0,1.0,1.0,0.0,0.0,0.0,2,0,0
4936,44,16,28,0,7,6,31,21,5,0,0,12,19,0,0,0,0,0,0,0,0,0,0,1.0,1.0,1.0,0.0,0.0,0.0,2,0,0
4937,44,16,28,0,7,6,31,21,5,0,0,12,19,0,0,0,0,0,0,0,0,0,0,1.0,1.0,1.0,0.0,0.0,0.0,2,0,0
4938,44,16,28,0,7,6,31,21,5,0,0,12,19,0,0,0,0,0,0,0,0,0,0,1.0,1.0,1.0,0.0,0.0,0.0,2,0,0
4939,44,16,28,0,7,6,31,21,5,0,0,12,19,0,0,0,0,0,0,0,0,0,0,1.0,1.0,1.0,0.0,0.0,0.0,2,0,0
4940,44,16,28,0,7,6,31,21,5,0,0,12,19,0,0,0,0,0,0,0,0,0,0,1.0,1.0,1.0,0.0,0.0,0.0,2,0,0
4941,44,16,28,0,7,6,31,21,5,0,0,12,19,0,0,0,0,0,0,0,0,0,0,1.0,1.0,1.0,0.0,0.0,0.0,2,0,0
4942,44,16,28,0,7,6,31,21,5,0,0,12,19,0,0,0,0,0,0,0,0,0,0,1.0,1.0,1.0,0.0,0.0,0.0,2,0,0
4943,44,16,28,0,7,6,31,21,5,0,0,12,19,0,0,0,0,0,0,0,0,0,0,1.0,1.0,1.0,0.0,0.0,0.0,2,0,0
4944,44,16,28,0,7,6,31,21,5,0,0,12,19,0,0,0,0,0,0,0,0,0,0,1.0,1.0,1.0,0.0,0.0,0.0,2,0,0
4945,47,18,29,3,7,6,31,21,4,0,1,12,19,0,0,0,0,0,0,1,0,0,0,1.0,1.0,1.0,0.06818181818181818,0.06818181818181818,0.0,2,3,0
4946,47,18,29,3,7,6,31,21,4,0,1,12,19,0,0,0,0,0,0,0,0,0,0,1.0,1.0,1.0,0.0,0.0,0.0,2,0,0
4947,47,18,29,3,7,6,31,21,4,0,1,12,19,0,0,0,0,0,0,0,0,0,0,1.0,1.0,1.0,0.0,0.0,0.0,2,0,0
4948,47,18,29,3,7,6,31,21,4,0,1,12,19,0,0,0,0,0,0,0,0,0,0,1.0,1.0,1.0,0.0,0.0,0.0,2,0,0
4949,47,18,29,3,7,6,31,21,4,0,1,12,19,0,0,0,0,0,0,0,0,0,0,1.0,1.0,1.0,0.0,0.0,0.0,2,0,0
4950,47,18,29,3,7,6,31,21,4,0,1,12,19,0,0,0,0,0,0,0,0,0,0,1.0,1.0,1.0,0.0,0.0,0.0,2,0,0
4951,54,22,32,10,7,6,31,21,2,0,3,12,19,0,0,0,0,0,0,2,0,0,0,1.0,1.0,1.0,0.14893617021276595,0.14893617021276595,0.0,2,7,0
4952,54,22,32,10,7,6,31,21,2,0,3,12,19,0,0,0,0,0,0,0,0,0,0,1.0,1.0,1.0,0.0,0.0,0.0,2,0,0
4953,54,22,32,10,7,6,31,21,2,0,3,12,19,0,0,0,0,0,0,0,0,0,0,1.0,1.0,1.0,0.0,0.0,0.0,2,0,0
4954,54,22,32,10,7,6,31,21,2,0,3,12,19,0,0,0,0,0,0,0,0,0,0,1.0,1.0,1.0,0.0,0.0,0.0,2,0,0
4955,53,21,32,10,6,6,31,21,2,0,3,11,19,0,0,0,0,0,0,0,1,0,1,0.9411764705882353,1.0,1.0,0.0,0.0,0.0,2,0,1
4956,53,21,32,10,6,6,31,21,2,0,3,11,19,0,0,0,0,0,0,0,0,0,0,1.0,1.0,1.0,0.0,0.0,0.0,2,0,0
4957,53,21,32,10,6,6,31,21,2,0,3,11,19,0,0,0,0,0,0,0,0,0,0,1.0,1.0,1.0,0.0,0.0,0.0,2,0,0
4958,53,21,32,10,6,6,31,21,2,0,3,11,19,0,0,0,0,0,0,0,0,0,0,1.0,1.0,1.0,0.0,0.0,0.0,2,0,0
4959,53,21,32,10,6,5,32,21,2,0,3,11,19,0,0,0,0,0,0,0,0,0,0,1.0,1.0,1.0,0.0,0.0,0.0,2,0,0
4960,53,21,32,10,6,5,32,21,2,0,3,11,19,0,0,0,0,0,0,0,0,0,0,1.0,1.0,1.0,0.0,0.0,0.0,2,0,0
4961,53,21,32,10,6,5,32,21,2,0,3,11,19,0,0,0,0,0,0,0,0,0,0,1.0,1.0,1.0,0.0,0.0,0.0,2,0,0
4962,52,21,31,9,6,5,32,21,2,0,3,11,19,0,0,0,0,0,0,0,1,0,1,0.9375,1.0,1.0,0.0,0.0,0.0,2,0,1
4963,52,21,31,9,6,5,32,21,2,0,3,11,19,0,0,0,0,0,0,0,0,0,0,1.0,1.0,1.0,0.0,0.0,0.0,2,0,0
4964,52,21,31,9,6,4,33,21,2,0,3,11,19,0,0,0,0,0,0,0,0,0,0,1.0,1.0,1.0,0.0,0.0,0.0,2,0,0
4965,52,21,31,9,6,4,33,21,2,0,3,11,19,0,0,0,0,0,0,0,0,0,0,1.0,1.0,1.0,0.0,0.0,0.0,2,0,0
4966,52,21,31,9,6,4,33,21,2,0,3,11,19,0,0,0,0,0,0,0,0,0,0,1.0,1.0,1.0,0.0,0.0,0.0,2,0,0
4967,52,21,31,9,6,4,33,21,2,0,3,11,19,0,0,0,0,0,0,0,0,0,0,1.0,1.0,1.0,0.0,0.0,0.0,2,0,0
4968,50,20,30,9,4,4,33,21,2,0,3,10,19,0,0,0,0,0,0,0,2,0,2,0.8666666666666667,1.0,1.0,0.0,0.0,0.0,2,0,2
4969,49,19,30,8,4,4,33,21,2,0,3,10,19,0,0,0,0,0,0,0,1,0,1,0.9230769230769231,1.0,1.0,0.0,0.0,0.0,2,0,1
4970,52,20,32,11,4,4,33,21,1,0,4,10,19,0,0,0,0,0,0,1,1,0,1,0.9166666666666666,1.0,1.0,0.08163265306122448,0.08163265306122448,0.0,2,4,1
4971,52,20,32,11,4,4,33,21,1,0,4,10,19,0,0,0,0,0,0,0,0,0,0,1.0,1.0,1.0,0.0,0.0,0.0,2,0,0
4972,52,20,32,11,4,4,33,21,1,0,4,10,19,0,0,0,0,0,0,0,0,0,0,1.0,1.0,1.0,0.0,0.0,0.0,2,0,0
4973,50,18,32,9,4,4,33,21,1,0,4,10,19,0,0,0,0,0,0,0,2,0,2,0.8666666666666667,1.0,1.0,0.0,0.0,0.0,2,0,2
4974,50,18,32,9,4,4,33,21,1,0,4,10,19,0,0,0,0,0,0,0,0,0,0,1.0,1.0,1.0,0.0,0.0,0.0,2,0,0
4975,50,18,32,9,4,4,33,21,1,0,4,10,19,0,0,0,0,0,0,0,0,0,0,1.0,1.0,1.0,0.0,0.0,0.0,2,0,0
4976,50,18,32,9,4,4,33,21,1,0,4,10,19,0,0,0,0,0,0,0,0,0,0,1.0,1.0,1.0,0.0,0.0,0.0,2,0,0
4977,50,18,32,9,4,4,33,21,1,0,4,10,19,0,0,0,0,0,0,0,0,0,0,1.0,1.0,1.0,0.0,0.0,0.0,2,0,0
4978,50,18,32,9,4,4,33,21,1,0,4,10,19,0,0,0,0,0,0,0,0,0,0,1.0,1.0,1.0,0.0,0.0,0.0,2,0,0
4979,50,18,32,9,4,4,33,21,1,0,4,10,19,0,0,0,0,0,0,0,0,0,0,1.0,1.0,1.0,0.0,0.0,0.0,2,0,0
4980,50,18,32,9,4,4,33,21,1,0,4,10,19,0,0,0,0,0,0,0,0,0,0,1.0,1.0,1.0,0.0,0.0,0.0,2,0,0
4981,49,17,32,9,4,4,32,21,1,0,4,9,19,0,0,0,0,0,0,0,0,0,0,1.0,0.9166666666666666,1.0,0.0,0.0,0.0,2,0,1
4982,49,17,32,9,4,4,32,21,1,0,4,9,19,0,0,0,0,0,0,0,0,0,0,1.0,1.0,1.0,0.0,0.0,0.0,2,0,0
4983,49,17,32,9,4,4,32,21,1,0,4,9,19,0,0,0,0,0,0,0,0,0,0,1.0,1.0,1.0,0.0,0.0,0.0,2,0,0
4984,49,17,32,9,4,4,32,21,1,0,4,9,19,0,0,0,0,0,0,0,0,0,0,1.0,1.0,1.0,0.0,0.0,0.0,2,0,0
4985,49,17,32,9,4,4,32,21,1,0,4,9,19,0,0,0,0,0,0,0,0,0,0,1.0,1.0,1.0,0.0,0.0,0.0,2,0,0
4986,49,17,32,9,4,4,32,21,1,0,4,9,19,0,0,0,0,0,0,0,0,0,0,1.0,1.0,1.0,0.0,0.0,0.0,2,0,0
4987,49,17,32,9,4,4,32,21,1,0,4,9,19,0,0,0,0,0,0,0,0,0,0,1.0,1.0,1.0,0.0,0.0,0.0,2,0,0
4988,49,17,32,7,6,4,32,21,1,0,4,9,19,0,0,0,0,0,0,0,0,0,0,1.0,1.0,1.0,0.0,0.0,0.0,2,0,0
4989,49,17,32,7,6,4,32,21,1,0,4,9,19,0,0,0,0,0,0,0,0,0,0,1.0,1.0,1.0,0.0,0.0,0.0,2,0,0
4990,49,17,32,7,6,4,32,21,1,0,3,9,19,0,0,0,0,0,0,0,0,0,0,1.0,1.0,1.0,0.0,0.0,0.0,2,0,0
4991,49,17,32,7,6,4,32,21,1,0,3,9,19,0,0,0,1,0,0,0,0,0,0,1.0,1.0,1.0,0.0,0.0,0.0,2,0,0
4992,49,17,32,7,6,4,32,21,2,0,3,9,19,0,0,0,3,1,0,0,0,0,0,1.0,1.0,1.0,0.0,0.0,0.3333333333333333,2,0,0
4993,49,17,32,7,6,4,32,21,2,0,3,9,19,0,0,0,0,0,0,0,0,0,0,1.0,1.0,1.0,0.0,0.0,0.0,2,0,0
4994,49,17,32,3,10,4,32,21,2,0,3,9,19,0,0,0,0,0,0,0,0,0,0,1.0,1.0,1.0,0.0,0.0,0.0,2,0,0
4995,49,17,32,3,10,4,32,21,2,0,3,9,19,0,0,0,0,0,0,0,0,0,0,1.0,1.0,1.0,0.0,0.0,0.0,2,0,0
4996,49,17,32,3,10,4,32,21,2,0,1,9,19,0,0,0,0,0,0,0,0,0,0,1.0,1.0,1.0,0.0,0.0,0.0,2,0,0
4997,49,17,32,3,10,4,32,21,3,0,1,9,19,0,0,0,7,1,0,0,0,0,0,1.0,1.0,1.0,0.0,0.0,0.14285714285714285,2,0,0
4998,53,19,34,7,10,4,32,21,2,0,2,9,19,0,0,0,0,0,0,1,0,0,0,1.0,1.0,1.0,0.08163265306122448,0.08163265306122448,0.0,2,4,0
4999,53,19,34,7,10,4,32,21,2,0,2,9,19,0,0,0,0,0,0,0,0,0,0,1.0,1.0,1.0,0.0,0.0,0.0,2,0,0
5000,53,19,34,7,10,4,32,21,2,0,2,9,19,0,0,0,0,0,0,0,0,0,0,1.0,1.0,1.0,0.0,0.0,0.0,2,0,0
5001,53,19,34,7,10,4,32,21,2,0,2,9,19,0,0,0,0,0,0,0,0,0,0,1.0,1.0,1.0,0.0,0.0,0.0,2,0,0
5002,53,19,34,7,10,2,34,21,2,0,2,9,19,0,0,0,0,0,0,0,0,0,0,1.0,1.0,1.0,0.0,0.0,0.0,2,0,0
5003,53,19,34,7,10,2,34,21,2,0,2,9,19,0,0,0,0,0,0,0,0,0,0,1.0,1.0,1.0,0.0,0.0,0.0,2,0,0
5004,52,19,33,7,9,2,34,21,2,0,2,9,19,0,0,0,0,0,0,0,1,0,1,0.9411764705882353,1.0,1.0,0.0,0.0,0.0,2,0,1
5005,52,19,33,7,9,2,34,21,2,0,2,9,19,0,0,0,0,0,0,0,0,0,0,1.0,1.0,1.0,0.0,0.0,0.0,2,0,0
5006,50,18,32,7,7,2,34,21,2,0,2,9,18,0,0,0,0,0,0,0,2,0,2,0.875,1.0,1.0,0.0,0.0,0.0,2,0,2
5007,50,18,32,7,7,2,34,21,2,0,2,9,18,0,0,0,0,0,0,0,0,0,0,1.0,1.0,1.0,0.0,0.0,0.0,2,0,0
5008,50,18,32,7,7,2,34,21,2,0,2,9,18,0,0,0,0,0,0,0,0,0,0,1.0,1.0,1.0,0.0,0.0,0.0,2,0,0
5009,50,18,32,7,7,2,34,21,2,0,2,9,18,0,0,0,0,0,0,0,0,0,0,1.0,1.0,1.0,0.0,0.0,0.0,2,0,0
5010,50,18,32,7,7,2,34,21,2,0,2,9,18,0,0,0,0,0,0,0,0,0,0,1.0,1.0,1.0,0.0,0.0,0.0,2,0,0
5011,50,18,32,7,7,2,34,21,2,0,2,9,18,0,0,0,0,0,0,0,0,0,0,1.0,1.0,1.0,0.0,0.0,0.0,2,0,0
5012,50,18,32,7,7,2,34,21,2,0,2,9,18,0,0,0,0,0,0,0,0,0,0,1.0,1.0,1.0,0.0,0.0,0.0,2,0,0
5013,50,18,32,4,10,2,34,21,2,0,2,9,18,0,0,0,0,0,0,0,0,0,0,1.0,1.0,1.0,0.0,0.0,0.0,2,0,0
5014,50,18,32,4,10,2,34,21,2,0,2,9,18,0,0,0,0,0,0,0,0,0,0,1.0,1.0,1.0,0.0,0.0,0.0,2,0,0
5015,49,17,32,3,10,2,34,21,2,0,1,9,18,0,0,0,0,0,0,0,1,0,1,0.9285714285714286,1.0,1.0,0.0,0.0,0.0,2,0,1
5016,49,17,32,3,10,2,34,21,2,0,1,9,18,0,0,0,8,0,0,0,0,0,0,1.0,1.0,1.0,0.0,0.0,0.0,2,0,0
5017,49,17,32,3,10,2,34,21,3,0,1,9,18,0,0,0,3,1,0,0,0,0,0,1.0,1.0,1.0,0.0,0.0,0.3333333333333333,2,0,0
5018,49,17,32,3,10,2,34,21,3,0,1,9,18,0,0,0,0,0,0,0,0,0,0,1.0,1.0,1.0,0.0,0.0,0.0,2,0,0
5019,49,17,32,3,10,2,34,21,3,0,1,9,18,0,0,0,0,0,0,0,0,0,0,1.0,1.0,1.0,0.0,0.0,0.0,2,0,0
5020,49,17,32,3,10,2,34,21,3,0,1,9,18,0,0,0,0,0,0,0,0,2,0,1.0,1.0,1.0,0.0,0.0,0.0,2,0,0
5021,49,17,32,3,10,2,34,21,3,0,1,10,18,1,0,0,0,0,0,0,0,0,0,1.0,1.0,1.0,0.0,0.0,0.0,2,0,0
5022,49,17,32,3,10,2,34,21,3,0,1,11,19,1,1,0,0,0,0,0,0,0,0,1.0,1.0,1.0,0.0,0.0,0.0,2,0,0
5023,49,17,32,3,10,2,34,21,3,0,1,11,19,0,0,0,0,0,0,0,0,0,0,1.0,1.0,1.0,0.0,0.0,0.0,2,0,0
5024,49,17,32,3,8,4,34,21,3,0,1,11,19,0,0,0,0,0,0,0,0,0,0,1.0,1.0,1.0,0.0,0.0,0.0,2,0,0
5025,49,17,32,3,8,4,34,21,3,0,1,11,19,0,0,0,0,0,0,0,0,0,0,1.0,1.0,1.0,0.0,0.0,0.0,2,0,0
5026,48,16,32,3,7,4,34,21,3,0,1,11,19,0,0,0,0,0,0,0,1,0,1,0.9090909090909091,1.0,1.0,0.0,0.0,0.0,2,0,1
5027,48,16,32,3,7,4,34,21,3,0,1,11,19,0,0,0,0,0,0,0,0,0,0,1.0,1.0,1.0,0.0,0.0,0.0,2,0,0
5028,47,15,32,3,6,4,34,21,3,0,1,10,19,0,0,0,0,0,0,0,1,0,1,0.9,1.0,1.0,0.0,0.0,0.0,2,0,1
5029,46,15,31,3,6,3,34,21,3,0,1,10,19,0,0,0,0,0,0,0,0,0,0,1.0,1.0,1.0,0.0,0.0,0.0,2,0,1
5030,46,15,31,3,6,3,34,21,3,0,1,10,19,0,0,0,0,0,0,0,0,0,0,1.0,1.0,1.0,0.0,0.0,0.0,2,0,0
5031,46,15,31,3,6,3,34,21,3,0,1,10,19,0,0,0,0,0,0,0,0,0,0,1.0,1.0,1.0,0.0,0.0,0.0,2,0,0
5032,46,15,31,3,6,2,35,22,3,0,1,10,19,0,0,0,0,0,0,0,0,0,0,1.0,1.0,1.0,0.0,0.0,0.0,2,0,0
5033,46,15,31,3,6,2,35,22,3,0,1,10,19,0,0,0,0,0,0,0,0,0,0,1.0,1.0,1.0,0.0,0.0,0.0,2,0,0
5034,46,15,31,3,6,2,35,22,3,0,1,10,19,0,0,0,0,0,0,0,0,0,0,1.0,1.0,1.0,0.0,0.0,0.0,2,0,0
5035,46,15,31,3,6,2,35,22,4,0,1,10,19,0,0,0,6,1,0,0,0,0,0,1.0,1.0,1.0,0.0,0.0,0.16666666666666666,2,0,0
5036,46,15,31,3,6,2,35,22,4,0,1,10,19,0,0,0,0,0,0,0,0,0,0,1.0,1.0,1.0,0.0,0.0,0.0,2,0,0
5037,46,15,31,3,6,2,35,22,4,0,1,10,19,0,0,0,0,0,0,0,0,0,0,1.0,1.0,1.0,0.0,0.0,0.0,2,0,0
5038,45,15,30,2,6,2,35,22,4,0,1,10,19,0,0,0,0,0,0,0,1,0,1,0.8888888888888888,1.0,1.0,0.0,0.0,0.0,2,0,1
5039,45,15,30,2,6,2,35,22,4,0,1,10,19,0,0,0,0,0,0,0,0,0,0,1.0,1.0,1.0,0.0,0.0,0.0,2,0,0
5040,45,15,30,2,6,2,35,22,4,0,1,10,19,0,0,0,0,0,0,0,0,0,0,1.0,1.0,1.0,0.0,0.0,0.0,2,0,0
5041,45,15,30,0,8,2,35,22,4,0,1,10,19,0,0,0,0,0,0,0,0,0,0,1.0,1.0,1.0,0.0,0.0,0.0,2,0,0
5042,45,15,30,0,8,2,35,22,4,0,1,10,19,0,0,0,0,0,0,0,0,0,0,1.0,1.0,1.0,0.0,0.0,0.0,2,0,0
5043,45,15,30,0,8,2,35,22,4,0,0,10,19,0,0,0,0,0,0,0,0,0,0,1.0,1.0,1.0,0.0,0.0,0.0,2,0,0
5044,45,15,30,0,8,2,35,22,5,0,0,10,19,0,0,0,7,1,0,0,0,0,0,1.0,1.0,1.0,0.0,0.0,0.14285714285714285,2,0,0
5045,45,15,30,0,8,2,35,22,5,0,0,10,19,0,0,0,0,0,0,0,0,0,0,1.0,1.0,1.0,0.0,0.0,0.0,2,0,0
5046,45,15,30,0,8,2,35,22,5,0,0,10,19,0,0,0,0,0,0,0,0,0,0,1.0,1.0,1.0,0.0,0.0,0.0,2,0,0
5047,45,15,30,0,8,2,35,22,5,0,0,10,19,0,0,0,0,0,0,0,0,0,0,1.0,1.0,1.0,0.0,0.0,0.0,2,0,0
5048,45,15,30,0,8,2,35,22,5,0,0,10,19,0,0,0,0,0,0,0,0,0,0,1.0,1.0,1.0,0.0,0.0,0.0,2,0,0
5049,45,15,30,0,8,2,35,22,5,0,0,10,19,0,0,0,0,0,0,0,0,0,0,1.0,1.0,1.0,0.0,0.0,0.0,2,0,0
5050,45,15,30,0,8,2,35,22,5,0,0,10,19,0,0,0,0,0,0,0,0,0,0,1.0,1.0,1.0,0.0,0.0,0.0,2,0,0
5051,45,15,30,0,8,2,35,22,5,0,0,10,19,0,0,0,0,0,0,0,0,0,0,1.0,1.0,1.0,0.0,0.0,0.0,2,0,0
5052,45,15,30,0,8,2,35,22,5,0,0,10,19,0,0,0,0,0,0,0,0,0,0,1.0,1.0,1.0,0.0,0.0,0.0,2,0,0
5053,45,15,30,0,8,1,36,23,5,0,0,10,19,0,0,0,0,0,0,0,0,0,0,1.0,1.0,1.0,0.0,0.0,0.0,2,0,0
5054,45,15,30,0,8,1,36,23,5,0,0,10,19,0,0,0,0,0,0,0,0,0,0,1.0,1.0,1.0,0.0,0.0,0.0,2,0,0
5055,45,15,30,0,8,1,36,23,5,0,0,10,19,0,0,0,0,0,0,0,0,0,0,1.0,1.0,1.0,0.0,0.0,0.0,2,0,0
5056,44,15,29,0,7,1,36,23,5,0,0,10,19,0,0,0,0,0,0,0,1,0,1,0.875,1.0,1.0,0.0,0.0,0.0,2,0,1
5057,47,17,30,4,7,1,35,22,4,0,1,10,18,0,0,0,0,0,0,1,0,0,0,1.0,1.0,0.9565217391304348,0.09090909090909091,0.09090909090909091,0.0,2,4,1
5058,47,17,30,4,7,1,35,22,4,0,1,10,18,0,0,0,0,0,0,0,0,0,0,1.0,1.0,1.0,0.0,0.0,0.0,2,0,0
5059,47,17,30,4,7,1,35,22,4,0,1,10,18,0,0,0,0,0,0,0,0,0,0,1.0,1.0,1.0,0.0,0.0,0.0,2,0,0
5060,47,17,30,4,7,1,35,22,4,0,1,10,18,0,0,0,0,0,0,0,0,0,0,1.0,1.0,1.0,0.0,0.0,0.0,2,0,0
5061,47,17,30,4,7,1,35,22,4,0,1,10,18,0,0,0,0,0,0,0,0,0,0,1.0,1.0,1.0,0.0,0.0,0.0,2,0,0
5062,50,19,31,7,7,1,35,22,3,0,2,10,18,0,0,0,0,0,0,1,0,0,0,1.0,1.0,1.0,0.06382978723404255,0.06382978723404255,0.0,2,3,0
5063,50,19,31,7,7,1,35,22,3,0,2,10,18,0,0,0,0,0,0,0,0,0,0,1.0,1.0,1.0,0.0,0.0,0.0,2,0,0
5064,50,19,31,7,7,1,35,22,3,0,2,10,18,0,0,0,0,0,0,0,0,0,0,1.0,1.0,1.0,0.0,0.0,0.0,2,0,0
5065,50,19,31,7,7,1,35,22,3,0,2,10,18,0,0,0,0,0,0,0,0,0,0,1.0,1.0,1.0,0.0,0.0,0.0,2,0,0
5066,50,19,31,7,7,1,35,22,3,0,2,10,18,0,0,0,0,0,0,0,0,0,0,1.0,1.0,1.0,0.0,0.0,0.0,2,0,0
5067,50,19,31,7,7,1,35,22,3,0,2,10,18,0,0,0,0,0,0,0,0,1,0,1.0,1.0,1.0,0.0,0.0,0.0,2,0,0
5068,50,19,31,7,7,1,35,22,3,0,2,10,18,0,0,0,0,0,0,0,0,0,0,1.0,1.0,1.0,0.0,0.0,0.0,2,0,0
5069,50,19,31,7,7,1,35,22,3,0,2,10,18,0,0,0,0,0,0,0,0,0,0,1.0,1.0,1.0,0.0,0.0,0.0,2,0,0
5070,50,19,31,7,7,1,35,22,3,0,2,10,18,0,0,0,0,0,0,0,0,0,0,1.0,1.0,1.0,0.0,0.0,0.0,2,0,0
5071,50,19,31,7,6,2,35,22,3,0,2,10,18,0,0,0,0,0,0,0,0,0,0,1.0,1.0,1.0,0.0,0.0,0.0,2,0,0
5072,50,19,31,7,6,2,35,22,3,0,2,10,18,0,0,0,0,0,0,0,0,0,0,1.0,1.0,1.0,0.0,0.0,0.0,2,0,0
5073,50,19,31,7,6,2,35,22,3,0,2,10,18,0,0,0,0,0,0,0,0,0,0,1.0,1.0,1.0,0.0,0.0,0.0,2,0,0
5074,50,19,31,7,6,2,35,22,3,0,2,10,18,0,0,0,0,0,0,0,0,0,0,1.0,1.0,1.0,0.0,0.0,0.0,2,0,0
5075,50,19,31,7,6,2,35,22,3,0,2,10,18,0,0,0,0,0,0,0,0,0,0,1.0,1.0,1.0,0.0,0.0,0.0,2,0,0
5076,50,19,31,7,6,2,35,22,3,0,2,10,18,0,0,0,0,0,0,0,0,0,0,1.0,1.0,1.0,0.0,0.0,0.0,2,0,0
5077,50,19,31,7,6,2,35,22,3,0,2,10,18,0,0,0,0,0,0,0,0,0,0,1.0,1.0,1.0,0.0,0.0,0.0,2,0,0
5078,50,19,31,7,6,2,35,22,3,0,2,10,18,0,0,0,0,0,0,0,0,0,0,1.0,1.0,1.0,0.0,0.0,0.0,2,0,0
5079,50,19,31,7,6,2,35,22,3,0,2,10,18,0,0,0,0,0,0,0,0,0,0,1.0,1.0,1.0,0.0,0.0,0.0,2,0,0
5080,50,19,31,7,6,2,35,22,3,0,2,10,18,0,0,0,0,0,0,0,0,0,0,1.0,1.0,1.0,0.0,0.0,0.0,2,0,0
5081,50,19,31,7,6,2,35,22,3,0,2,10,18,0,0,0,0,0,0,0,0,0,0,1.0,1.0,1.0,0.0,0.0,0.0,2,0,0
5082,53,20,33,11,5,2,35,22,2,0,3,10,18,0,0,0,0,0,0,1,1,0,1,0.9230769230769231,1.0,1.0,0.08,0.08,0.0,2,4,1
5083,53,20,33,11,5,2,35,22,2,0,3,10,18,0,0,0,0,0,0,0,0,0,0,1.0,1.0,1.0,0.0,0.0,0.0,2,0,0
5084,53,20,33,11,5,2,35,22,2,0,3,10,18,0,0,0,0,0,0,0,0,0,0,1.0,1.0,1.0,0.0,0.0,0.0,2,0,0
5085,53,20,33,11,5,2,35,22,2,0,3,10,18,0,0,0,0,0,0,0,0,0,0,1.0,1.0,1.0,0.0,0.0,0.0,2,0,0
5086,53,20,33,11,5,2,35,22,2,0,3,10,18,0,0,0,0,0,0,0,0,0,0,1.0,1.0,1.0,0.0,0.0,0.0,2,0,0
5087,53,20,33,11,5,2,35,22,2,0,3,10,18,0,0,0,0,0,0,0,0,0,0,1.0,1.0,1.0,0.0,0.0,0.0,2,0,0
5088,53,20,33,11,5,2,35,22,2,0,3,10,18,0,0,0,0,0,0,0,0,0,0,1.0,1.0,1.0,0.0,0.0,0.0,2,0,0
5089,53,20,33,11,5,2,35,22,2,0,3,10,18,0,0,0,0,0,0,0,0,0,0,1.0,1.0,1.0,0.0,0.0,0.0,2,0,0
5090,52,19,33,10,5,2,35,22,2,0,3,10,18,0,0,0,0,0,0,0,1,0,1,0.9375,1.0,1.0,0.0,0.0,0.0,2,0,1
5091,52,19,33,10,5,2,35,22,2,0,3,10,18,0,0,0,0,0,0,0,0,0,0,1.0,1.0,1.0,0.0,0.0,0.0,2,0,0
5092,52,19,33,10,5,2,35,22,2,0,3,10,18,0,0,0,0,0,0,0,0,0,0,1.0,1.0,1.0,0.0,0.0,0.0,2,0,0
5093,52,19,33,10,5,2,35,22,2,0,3,10,18,0,0,0,0,0,0,0,0,0,0,1.0,1.0,1.0,0.0,0.0,0.0,2,0,0
5094,52,19,33,10,5,2,35,22,2,0,3,10,18,0,0,0,0,0,0,0,0,0,0,1.0,1.0,1.0,0.0,0.0,0.0,2,0,0
5095,52,19,33,10,5,2,35,22,2,0,3,10,18,0,0,0,0,0,0,0,0,0,0,1.0,1.0,1.0,0.0,0.0,0.0,2,0,0
5096,51,19,32,10,4,2,35,22,2,0,3,10,18,0,0,0,0,0,0,0,1,0,1,0.9333333333333333,1.0,1.0,0.0,0.0,0.0,2,0,1
5097,51,19,32,10,4,2,35,22,2,0,3,10,18,0,0,0,0,0,0,0,0,0,0,1.0,1.0,1.0,0.0,0.0,0.0,2,0,0
5098,50,18,32,10,3,2,35,22,2,0,3,10,18,0,0,0,0,0,0,0,1,0,1,0.9285714285714286,1.0,1.0,0.0,0.0,0.0,2,0,1
5099,50,18,32,10,3,2,35,22,2,0,3,10,18,0,0,0,0,0,0,0,0,0,0,1.0,1.0,1.0,0.0,0.0,0.0,2,0,0
5100,53,18,35,9,7,2,35,22,1,0,4,10,18,0,0,0,0,0,0,1,0,0,0,1.0,1.0,1.0,0.06,0.06,0.0,2,3,0
5101,53,18,35,9,7,2,35,22,1,0,4,10,18,0,0,0,0,0,0,0,0,0,0,1.0,1.0,1.0,0.0,0.0,0.0,2,0,0
5102,53,18,35,9,7,2,35,22,1,0,3,10,18,0,0,0,0,0,0,0,0,0,0,1.0,1.0,1.0,0.0,0.0,0.0,2,0,0
5103,53,18,35,9,7,2,35,22,1,0,3,10,18,0,0,0,0,0,0,0,0,0,0,1.0,1.0,1.0,0.0,0.0,0.0,2,0,0
5104,53,18,35,9,7,2,35,22,1,0,3,10,18,0,0,0,0,0,0,0,0,0,0,1.0,1.0,1.0,0.0,0.0,0.0,2,0,0
5105,53,18,35,7,9,2,35,22,1,0,3,10,18,0,0,0,0,0,0,0,0,0,0,1.0,1.0,1.0,0.0,0.0,0.0,2,0,0
5106,53,18,35,7,9,2,35,22,1,0,3,10,18,0,0,0,0,0,0,0,0,0,0,1.0,1.0,1.0,0.0,0.0,0.0,2,0,0
5107,53,18,35,7,9,2,35,22,1,0,2,10,18,0,0,0,0,0,0,0,0,0,0,1.0,1.0,1.0,0.0,0.0,0.0,2,0,0
5108,53,18,35,7,9,1,36,23,1,0,2,10,18,0,0,0,0,0,0,0,0,0,0,1.0,1.0,1.0,0.0,0.0,0.0,2,0,0
5109,57,21,36,11,9,1,36,23,0,0,3,10,18,0,0,0,0,0,0,1,0,0,0,1.0,1.0,1.0,0.07547169811320754,0.07547169811320754,0.0,2,4,0
5110,56,21,35,11,8,1,36,23,0,0,3,11,19,1,1,0,0,0,0,0,1,0,1,0.95,1.0,1.0,0.0,0.0,0.0,2,0,1
5111,56,21,35,11,8,1,36,23,0,0,3,11,19,0,0,0,0,0,0,0,0,0,0,1.0,1.0,1.0,0.0,0.0,0.0,2,0,0
5112,56,21,35,11,8,1,36,23,0,0,3,11,19,0,0,0,0,0,0,0,0,0,0,1.0,1.0,1.0,0.0,0.0,0.0,2,0,0
5113,54,19,35,10,7,1,36,23,0,0,3,11,20,0,1,0,0,0,0,0,2,0,2,0.8947368421052632,1.0,1.0,0.0,0.0,0.0,2,0,2
5114,54,19,35,10,7,1,36,23,0,0,3,11,20,0,0,0,0,0,0,0,0,0,0,1.0,1.0,1.0,0.0,0.0,0.0,2,0,0
5115,54,19,35,10,7,1,36,23,0,0,3,11,20,0,0,0,0,0,0,0,0,0,0,1.0,1.0,1.0,0.0,0.0,0.0,2,0,0
5116,53,19,34,10,6,1,36,23,0,0,3,11,20,0,0,0,0,0,0,0,1,0,1,0.9411764705882353,1.0,1.0,0.0,0.0,0.0,2,0,1
5117,53,19,34,10,6,1,36,23,0,0,3,11,20,0,0,0,0,0,0,0,0,0,0,1.0,1.0,1.0,0.0,0.0,0.0,2,0,0
5118,53,19,34,10,6,1,36,23,0,0,3,11,20,0,0,0,0,0,0,0,0,0,0,1.0,1.0,1.0,0.0,0.0,0.0,2,0,0
5119,53,19,34,10,6,1,36,23,0,0,3,11,20,0,0,0,0,0,0,0,0,0,0,1.0,1.0,1.0,0.0,0.0,0.0,2,0,0
5120,52,18,34,10,5,1,36,23,0,0,3,11,20,0,0,0,0,0,0,0,1,0,1,0.9375,1.0,1.0,0.0,0.0,0.0,2,0,1
5121,52,18,34,10,5,1,36,23,0,0,3,11,20,0,0,0,0,0,0,0,0,0,0,1.0,1.0,1.0,0.0,0.0,0.0,2,0,0
5122,52,18,34,10,5,1,36,23,0,0,3,11,20,0,0,0,0,0,0,0,0,0,0,1.0,1.0,1.0,0.0,0.0,0.0,2,0,0
5123,51,17,34,10,4,1,36,23,0,0,3,10,20,0,0,0,0,0,0,0,1,0,1,0.9333333333333333,1.0,1.0,0.0,0.0,0.0,2,0,1
5124,51,17,34,10,4,1,36,23,0,0,3,10,20,0,0,0,0,0,0,0,0,0,0,1.0,1.0,1.0,0.0,0.0,0.0,2,0,0
5125,50,16,34,6,7,1,36,23,0,0,3,10,20,0,0,0,0,0,0,0,1,1,1,0.9285714285714286,1.0,1.0,0.0,0.0,0.0,2,0,1
5126,50,16,34,6,7,1,36,23,0,0,3,10,20,0,0,0,0,0,0,0,0,0,0,1.0,1.0,1.0,0.0,0.0,0.0,2,0,0
5127,50,16,34,6,7,1,36,23,0,0,2,10,20,0,0,0,0,0,0,0,0,0,0,1.0,1.0,1.0,0.0,0.0,0.0,2,0,0
5128,50,16,34,6,7,1,36,23,0,0,2,10,20,0,0,0,0,0,0,0,0,0,0,1.0,1.0,1.0,0.0,0.0,0.0,2,0,0
5129,50,16,34,6,6,1,37,24,0,0,2,10,20,0,0,0,0,0,0,0,0,0,0,1.0,1.0,1.0,0.0,0.0,0.0,2,0,0
5130,50,16,34,6,6,1,37,24,0,0,2,10,20,0,0,0,0,0,0,0,0,0,0,1.0,1.0,1.0,0.0,0.0,0.0,2,0,0
5131,49,15,34,5,6,1,37,24,0,0,2,10,20,0,0,0,0,0,0,0,1,0,1,0.9166666666666666,1.0,1.0,0.0,0.0,0.0,2,0,1
5132,49,15,34,5,6,1,37,24,0,0,2,10,20,0,0,0,0,0,0,0,0,0,0,1.0,1.0,1.0,0.0,0.0,0.0,2,0,0
5133,49,15,34,5,6,1,37,24,0,0,2,10,20,0,0,0,0,0,0,0,0,0,0,1.0,1.0,1.0,0.0,0.0,0.0,2,0,0
5134,48,15,33,4,6,1,37,24,0,0,2,10,20,0,0,0,0,0,0,0,1,0,1,0.9090909090909091,1.0,1.0,0.0,0.0,0.0,2,0,1
5135,48,15,33,4,6,1,37,24,0,0,2,10,20,0,0,0,0,0,0,0,0,0,0,1.0,1.0,1.0,0.0,0.0,0.0,2,0,0
5136,48,15,33,4,6,1,37,24,0,0,2,10,20,0,0,0,0,0,0,0,0,0,0,1.0,1.0,1.0,0.0,0.0,0.0,2,0,0
5137,46,15,31,4,4,1,37,24,0,0,2,10,19,0,0,0,0,0,0,0,2,0,2,0.8,1.0,1.0,0.0,0.0,0.0,2,0,2
5138,46,15,31,4,4,1,37,24,0,0,2,10,19,0,0,0,0,0,0,0,0,0,0,1.0,1.0,1.0,0.0,0.0,0.0,2,0,0
5139,46,15,31,4,4,1,37,24,0,0,2,10,19,0,0,0,0,0,0,0,0,0,0,1.0,1.0,1.0,0.0,0.0,0.0,2,0,0
5140,46,15,31,4,4,1,37,24,1,0,2,10,19,0,0,0,6,1,0,0,0,0,0,1.0,1.0,1.0,0.0,0.0,0.16666666666666666,2,0,0
5141,46,15,31,4,4,1,37,24,2,1,2,10,19,0,0,0,3,1,1,0,0,0,0,1.0,1.0,1.0,0.0,0.0,0.3333333333333333,2,0,0
5142,46,15,31,4,4,1,37,24,3,1,2,10,19,0,0,0,6,1,0,0,0,0,0,1.0,1.0,1.0,0.0,0.0,0.16666666666666666,2,0,0
5143,46,15,31,1,7,1,37,24,3,1,2,10,19,0,0,0,0,0,0,0,0,0,0,1.0,1.0,1.0,0.0,0.0,0.0,2,0,0
5144,46,15,31,1,7,1,37,24,3,1,2,10,19,0,0,0,0,0,0,0,0,0,0,1.0,1.0,1.0,0.0,0.0,0.0,2,0,0
5145,46,15,31,1,7,1,37,24,3,1,1,10,19,0,0,0,0,0,0,0,0,0,0,1.0,1.0,1.0,0.0,0.0,0.0,2,0,0
5146,46,15,31,1,7,1,37,24,3,1,1,10,19,0,0,0,0,0,0,0,0,0,0,1.0,1.0,1.0,0.0,0.0,0.0,2,0,0
5147,46,15,31,1,7,1,37,24,3,1,1,10,19,0,0,0,0,0,0,0,0,0,0,1.0,1.0,1.0,0.0,0.0,0.0,2,0,0
5148,46,15,31,1,7,1,37,24,3,1,1,10,19,0,0,0,0,0,0,0,0,0,0,1.0,1.0,1.0,0.0,0.0,0.0,2,0,0
5149,46,15,31,1,7,1,37,24,3,1,1,10,19,0,0,0,0,0,0,0,0,0,0,1.0,1.0,1.0,0.0,0.0,0.0,2,0,0
5150,46,15,31,1,7,1,37,24,3,1,1,10,19,0,0,0,0,0,0,0,0,0,0,1.0,1.0,1.0,0.0,0.0,0.0,2,0,0
5151,46,15,31,1,7,1,37,24,3,1,1,10,19,0,0,0,0,0,0,0,0,0,0,1.0,1.0,1.0,0.0,0.0,0.0,2,0,0
5152,46,15,31,0,8,1,37,24,3,1,1,10,19,0,0,0,0,0,0,0,0,0,0,1.0,1.0,1.0,0.0,0.0,0.0,2,0,0
5153,46,15,31,0,8,1,37,24,3,1,1,10,19,0,0,0,0,0,0,0,0,0,0,1.0,1.0,1.0,0.0,0.0,0.0,2,0,0
5154,46,15,31,0,8,1,37,24,3,1,0,10,19,0,0,0,0,0,0,0,0,0,0,1.0,1.0,1.0,0.0,0.0,0.0,2,0,0
5155,46,15,31,0,8,1,37,24,4,1,0,10,19,0,0,0,7,1,0,0,0,0,0,1.0,1.0,1.0,0.0,0.0,0.14285714285714285,2,0,0
5156,46,15,31,0,8,1,37,24,4,1,0,10,19,0,0,0,0,0,0,0,0,0,0,1.0,1.0,1.0,0.0,0.0,0.0,2,0,0
5157,46,15,31,0,8,1,37,24,4,1,0,10,19,0,0,0,0,0,0,0,0,0,0,1.0,1.0,1.0,0.0,0.0,0.0,2,0,0
5158,46,15,31,0,8,1,37,24,4,1,0,10,19,0,0,0,0,0,0,0,0,0,0,1.0,1.0,1.0,0.0,0.0,0.0,2,0,0
5159,46,15,31,0,8,1,37,24,4,1,0,10,19,0,0,0,0,0,0,0,0,0,0,1.0,1.0,1.0,0.0,0.0,0.0,2,0,0
5160,46,15,31,0,8,1,37,24,4,1,0,10,19,0,0,0,0,0,0,0,0,0,0,1.0,1.0,1.0,0.0,0.0,0.0,2,0,0
5161,45,15,30,0,7,1,37,24,4,1,0,10,19,0,0,0,0,0,0,0,1,0,1,0.875,1.0,1.0,0.0,0.0,0.0,2,0,1
5162,45,15,30,0,7,1,37,24,4,1,0,10,19,0,0,0,0,0,0,0,0,0,0,1.0,1.0,1.0,0.0,0.0,0.0,2,0,0
5163,45,15,30,0,7,1,37,24,4,1,0,10,19,0,0,0,0,0,0,0,0,0,0,1.0,1.0,1.0,0.0,0.0,0.0,2,0,0
5164,45,15,30,0,7,1,37,24,4,1,0,10,19,0,0,0,0,0,0,0,0,0,0,1.0,1.0,1.0,0.0,0.0,0.0,2,0,0
5165,45,15,30,0,7,1,37,24,4,1,0,10,19,0,0,0,0,0,0,0,0,0,0,1.0,1.0,1.0,0.0,0.0,0.0,2,0,0
5166,45,15,30,0,7,1,37,24,4,1,0,10,19,0,0,0,0,0,0,0,0,0,0,1.0,1.0,1.0,0.0,0.0,0.0,2,0,0
5167,44,14,30,0,6,1,37,24,4,1,0,10,19,0,0,0,0,0,0,0,1,0,1,0.8571428571428572,1.0,1.0,0.0,0.0,0.0,2,0,1
5168,44,14,30,0,6,1,37,24,4,1,0,10,19,0,0,0,0,0,0,0,0,0,0,1.0,1.0,1.0,0.0,0.0,0.0,2,0,0
5169,44,14,30,0,6,1,37,24,4,1,0,10,19,0,0,0,0,0,0,0,0,0,0,1.0,1.0,1.0,0.0,0.0,0.0,2,0,0
5170,44,14,30,0,6,1,37,24,4,1,0,10,19,0,0,0,0,0,0,0,0,0,0,1.0,1.0,1.0,0.0,0.0,0.0,2,0,0
5171,44,14,30,0,6,1,37,24,4,1,0,10,19,0,0,0,0,0,0,0,0,0,0,1.0,1.0,1.0,0.0,0.0,0.0,2,0,0
5172,44,14,30,0,6,1,37,24,4,1,0,10,19,0,0,0,0,0,0,0,0,0,0,1.0,1.0,1.0,0.0,0.0,0.0,2,0,0
5173,44,14,30,0,6,1,37,24,4,1,0,10,19,0,0,0,0,0,0,0,0,0,0,1.0,1.0,1.0,0.0,0.0,0.0,2,0,0
5174,44,14,30,0,6,1,37,24,4,1,0,10,19,0,0,0,0,0,0,0,0,0,0,1.0,1.0,1.0,0.0,0.0,0.0,2,0,0
5175,44,14,30,0,6,1,37,24,4,1,0,10,19,0,0,0,0,0,0,0,0,0,0,1.0,1.0,1.0,0.0,0.0,0.0,2,0,0
5176,44,14,30,0,6,1,37,24,4,1,0,10,19,0,0,0,0,0,0,0,0,0,0,1.0,1.0,1.0,0.0,0.0,0.0,2,0,0
5177,44,14,30,0,6,1,37,24,4,1,0,10,19,0,0,0,0,0,0,0,0,0,0,1.0,1.0,1.0,0.0,0.0,0.0,2,0,0
5178,44,14,30,0,6,1,37,24,4,1,0,10,19,0,0,0,0,0,0,0,0,0,0,1.0,1.0,1.0,0.0,0.0,0.0,2,0,0
5179,44,14,30,0,6,1,37,24,4,1,0,10,19,0,0,0,0,0,0,0,0,0,0,1.0,1.0,1.0,0.0,0.0,0.0,2,0,0
5180,44,14,30,0,6,1,37,24,4,1,0,10,19,0,0,0,0,0,0,0,0,0,0,1.0,1.0,1.0,0.0,0.0,0.0,2,0,0
5181,44,14,30,0,6,1,37,24,4,1,0,10,19,0,0,0,0,0,0,0,0,0,0,1.0,1.0,1.0,0.0,0.0,0.0,2,0,0
5182,44,14,30,0,6,1,37,24,4,1,0,10,19,0,0,0,0,0,0,0,0,0,0,1.0,1.0,1.0,0.0,0.0,0.0,2,0,0
5183,44,14,30,0,6,1,37,24,4,1,0,10,19,0,0,0,0,0,0,0,0,0,0,1.0,1.0,1.0,0.0,0.0,0.0,2,0,0
5184,44,14,30,0,6,1,37,24,4,1,0,10,19,0,0,0,0,0,0,0,0,0,0,1.0,1.0,1.0,0.0,0.0,0.0,2,0,0
5185,44,14,30,0,6,1,37,24,4,1,0,10,19,0,0,0,0,0,0,0,0,0,0,1.0,1.0,1.0,0.0,0.0,0.0,2,0,0
5186,43,13,30,0,6,1,36,24,4,0,0,9,19,0,0,0,0,0,0,0,0,0,0,1.0,0.9230769230769231,1.0,0.0,0.0,0.0,2,0,1
5187,43,13,30,0,6,1,36,24,4,0,0,9,19,0,0,0,8,0,0,0,0,0,0,1.0,1.0,1.0,0.0,0.0,0.0,2,0,0
5188,42,13,29,0,6,1,35,23,4,0,0,9,18,0,0,0,7,0,0,0,0,0,0,1.0,1.0,0.9583333333333334,0.0,0.0,0.0,2,0,1
5189,41,13,28,0,5,1,35,23,5,0,0,9,18,0,0,0,6,1,0,0,1,0,1,0.8333333333333334,1.0,1.0,0.0,0.0,0.16666666666666666,2,0,1
5190,41,13,28,0,5,1,35,23,5,0,0,9,18,0,0,0,0,0,0,0,0,0,0,1.0,1.0,1.0,0.0,0.0,0.0,2,0,0
5191,41,13,28,0,5,1,35,23,5,0,0,9,18,0,0,0,0,0,0,0,0,0,0,1.0,1.0,1.0,0.0,0.0,0.0,2,0,0
5192,41,13,28,0,5,1,35,23,5,0,0,9,18,0,0,0,0,0,0,0,0,0,0,1.0,1.0,1.0,0.0,0.0,0.0,2,0,0
5193,41,13,28,0,5,1,35,23,5,0,0,9,18,0,0,0,0,0,0,0,0,0,0,1.0,1.0,1.0,0.0,0.0,0.0,2,0,0
5194,41,13,28,0,5,1,35,23,5,0,0,9,18,0,0,0,0,0,0,0,0,0,0,1.0,1.0,1.0,0.0,0.0,0.0,2,0,0
5195,41,13,28,0,5,1,35,23,5,0,0,9,18,0,0,0,0,0,0,0,0,0,0,1.0,1.0,1.0,0.0,0.0,0.0,2,0,0
5196,41,13,28,0,5,1,35,23,5,0,0,9,18,0,0,0,0,0,0,0,0,0,0,1.0,1.0,1.0,0.0,0.0,0.0,2,0,0
5197,41,13,28,0,5,1,35,23,5,0,0,9,18,0,0,0,0,0,0,0,0,0,0,1.0,1.0,1.0,0.0,0.0,0.0,2,0,0
5198,41,13,28,0,5,1,35,23,5,0,0,9,18,0,0,0,0,0,0,0,0,0,0,1.0,1.0,1.0,0.0,0.0,0.0,2,0,0
5199,40,13,27,0,5,1,34,22,5,0,0,9,17,0,0,0,0,0,0,0,0,0,0,1.0,1.0,0.9565217391304348,0.0,0.0,0.0,2,0,1
5200,40,13,27,0,5,1,34,22,5,0,0,9,17,0,0,0,0,0,0,0,0,0,0,1.0,1.0,1.0,0.0,0.0,0.0,2,0,0
5201,40,13,27,0,5,1,34,22,5,0,0,9,17,0,0,0,0,0,0,0,0,0,0,1.0,1.0,1.0,0.0,0.0,0.0,2,0,0
5202,40,13,27,0,5,1,34,22,5,0,0,9,19,0,2,0,0,0,0,0,0,0,0,1.0,1.0,1.0,0.0,0.0,0.0,2,0,0
5203,40,13,27,0,5,1,34,22,5,0,0,9,20,0,1,0,0,0,0,0,0,0,0,1.0,1.0,1.0,0.0,0.0,0.0,2,0,0
5204,40,13,27,0,5,1,34,22,5,0,0,9,20,0,0,0,0,0,0,0,0,0,0,1.0,1.0,1.0,0.0,0.0,0.0,2,0,0
5205,44,17,27,4,5,1,34,22,4,0,1,9,21,0,1,0,0,0,0,1,0,0,0,1.0,1.0,1.0,0.1,0.1,0.0,2,4,0
5206,48,19,29,8,5,1,34,22,3,0,2,9,21,0,0,0,0,0,0,1,0,0,0,1.0,1.0,1.0,0.09090909090909091,0.09090909090909091,0.0,2,4,0
5207,52,21,31,12,5,1,34,22,2,0,3,9,21,0,0,0,0,0,0,1,0,0,0,1.0,1.0,1.0,0.08333333333333333,0.08333333333333333,0.0,2,4,0
5208,52,21,31,12,5,1,34,22,2,0,3,9,21,0,0,0,0,0,0,0,0,0,0,1.0,1.0,1.0,0.0,0.0,0.0,2,0,0
5209,52,21,31,12,5,1,34,22,2,0,3,9,21,0,0,0,0,0,0,0,0,0,0,1.0,1.0,1.0,0.0,0.0,0.0,2,0,0
5210,52,21,31,12,5,1,34,22,2,0,3,9,21,0,0,0,0,0,0,0,0,0,0,1.0,1.0,1.0,0.0,0.0,0.0,2,0,0
5211,52,21,31,12,5,1,34,22,2,0,3,9,21,0,0,0,0,0,0,0,0,0,0,1.0,1.0,1.0,0.0,0.0,0.0,2,0,0
5212,52,21,31,12,5,1,34,22,2,0,3,9,21,0,0,0,0,0,0,0,0,0,0,1.0,1.0,1.0,0.0,0.0,0.0,2,0,0
5213,52,21,31,12,5,1,34,22,2,0,3,9,21,0,0,0,0,0,0,0,0,0,0,1.0,1.0,1.0,0.0,0.0,0.0,2,0,0
5214,52,21,31,12,5,1,34,22,2,0,3,9,21,0,0,0,0,0,0,0,0,0,0,1.0,1.0,1.0,0.0,0.0,0.0,2,0,0
5215,52,21,31,12,5,1,34,22,2,0,3,9,21,0,0,0,0,0,0,0,0,0,0,1.0,1.0,1.0,0.0,0.0,0.0,2,0,0
5216,52,21,31,12,5,1,34,22,2,0,3,9,21,0,0,0,0,0,0,0,0,0,0,1.0,1.0,1.0,0.0,0.0,0.0,2,0,0
5217,52,21,31,12,5,1,34,22,2,0,3,9,21,0,0,0,0,0,0,0,0,0,0,1.0,1.0,1.0,0.0,0.0,0.0,2,0,0
5218,49,19,30,11,4,1,33,21,2,0,2,9,21,0,0,0,0,0,0,0,2,0,2,0.8823529411764706,1.0,0.9545454545454546,0.0,0.0,0.0,2,0,3
5219,49,19,30,11,4,1,33,21,2,0,2,9,21,0,0,0,0,0,0,0,0,0,0,1.0,1.0,1.0,0.0,0.0,0.0,2,0,0
5220,52,21,31,14,4,1,33,21,1,0,3,9,21,0,0,0,0,0,0,1,0,0,0,1.0,1.0,1.0,0.061224489795918366,0.061224489795918366,0.0,2,3,0
5221,51,21,30,13,4,1,33,21,1,0,3,9,21,0,0,0,0,0,0,0,1,0,1,0.9444444444444444,1.0,1.0,0.0,0.0,0.0,2,0,1
5222,50,20,30,12,4,1,33,21,1,0,3,9,21,0,0,0,0,0,0,0,1,0,1,0.9411764705882353,1.0,1.0,0.0,0.0,0.0,2,0,1
5223,50,20,30,12,4,1,33,21,1,0,3,9,21,0,0,0,0,0,0,0,0,0,0,1.0,1.0,1.0,0.0,0.0,0.0,2,0,0
5224,50,20,30,12,4,1,33,21,1,0,3,9,21,0,0,0,0,0,0,0,0,0,0,1.0,1.0,1.0,0.0,0.0,0.0,2,0,0
5225,50,20,30,12,4,1,33,21,1,0,3,9,21,0,0,0,0,0,0,0,0,0,0,1.0,1.0,1.0,0.0,0.0,0.0,2,0,0
5226,50,20,30,12,4,1,33,21,1,0,3,9,21,0,0,0,0,0,0,0,0,0,0,1.0,1.0,1.0,0.0,0.0,0.0,2,0,0
5227,50,20,30,12,4,1,33,21,1,0,3,9,21,0,0,0,0,0,0,0,0,0,0,1.0,1.0,1.0,0.0,0.0,0.0,2,0,0
5228,50,20,30,12,4,1,33,21,1,0,3,9,21,0,0,0,0,0,0,0,0,0,0,1.0,1.0,1.0,0.0,0.0,0.0,2,0,0
5229,50,20,30,12,4,1,33,21,1,0,3,9,21,0,0,0,0,0,0,0,0,0,0,1.0,1.0,1.0,0.0,0.0,0.0,2,0,0
5230,50,20,30,12,4,1,33,21,1,0,3,9,21,0,0,0,0,0,0,0,0,0,0,1.0,1.0,1.0,0.0,0.0,0.0,2,0,0
5231,50,20,30,12,4,1,33,21,1,0,3,9,21,0,0,0,0,0,0,0,0,0,0,1.0,1.0,1.0,0.0,0.0,0.0,2,0,0
5232,50,20,30,12,4,1,33,21,1,0,3,9,21,0,0,0,0,0,0,0,0,0,0,1.0,1.0,1.0,0.0,0.0,0.0,2,0,0
5233,50,20,30,12,4,1,33,21,1,0,3,9,21,0,0,0,0,0,0,0,0,0,0,1.0,1.0,1.0,0.0,0.0,0.0,2,0,0
5234,50,20,30,12,4,1,33,21,1,0,3,9,21,0,0,0,0,0,0,0,0,0,0,1.0,1.0,1.0,0.0,0.0,0.0,2,0,0
5235,50,20,30,12,4,1,33,21,1,0,3,9,21,0,0,0,0,0,0,0,0,0,0,1.0,1.0,1.0,0.0,0.0,0.0,2,0,0
5236,50,20,30,12,4,1,33,21,1,0,3,9,21,0,0,0,0,0,0,0,0,0,0,1.0,1.0,1.0,0.0,0.0,0.0,2,0,0
5237,50,20,30,12,4,1,33,21,1,0,3,9,21,0,0,0,0,0,0,0,0,1,0,1.0,1.0,1.0,0.0,0.0,0.0,2,0,0
5238,50,20,30,12,4,1,33,21,1,0,3,9,21,0,0,0,0,0,0,0,0,0,0,1.0,1.0,1.0,0.0,0.0,0.0,2,0,0
5239,50,20,30,12,4,1,33,21,1,0,3,9,21,0,0,0,0,0,0,0,0,0,0,1.0,1.0,1.0,0.0,0.0,0.0,2,0,0
5240,50,20,30,12,4,1,33,21,1,0,3,9,21,0,0,0,0,0,0,0,0,0,0,1.0,1.0,1.0,0.0,0.0,0.0,2,0,0
5241,50,20,30,12,3,2,33,21,1,0,3,9,21,0,0,0,0,0,0,0,0,0,0,1.0,1.0,1.0,0.0,0.0,0.0,2,0,0
5242,50,20,30,12,3,2,33,21,1,0,3,9,21,0,0,0,0,0,0,0,0,0,0,1.0,1.0,1.0,0.0,0.0,0.0,2,0,0
5243,50,20,30,12,3,2,33,21,1,0,3,9,21,0,0,0,0,0,0,0,0,0,0,1.0,1.0,1.0,0.0,0.0,0.0,2,0,0
5244,50,20,30,12,3,2,33,21,1,0,3,9,21,0,0,0,0,0,0,0,0,0,0,1.0,1.0,1.0,0.0,0.0,0.0,2,0,0
5245,50,20,30,12,3,2,33,21,1,0,3,9,21,0,0,0,0,0,0,0,0,0,0,1.0,1.0,1.0,0.0,0.0,0.0,2,0,0
5246,50,20,30,12,3,2,33,21,1,0,3,9,21,0,0,0,0,0,0,0,0,0,0,1.0,1.0,1.0,0.0,0.0,0.0,2,0,0
5247,50,20,30,12,3,2,33,21,1,0,3,9,21,0,0,0,0,0,0,0,0,0,0,1.0,1.0,1.0,0.0,0.0,0.0,2,0,0
5248,50,20,30,9,6,2,33,21,1,0,3,9,21,0,0,0,0,0,0,0,0,0,0,1.0,1.0,1.0,0.0,0.0,0.0,2,0,0
5249,50,20,30,6,9,2,33,21,1,0,3,9,21,0,0,0,0,0,0,0,0,0,0,1.0,1.0,1.0,0.0,0.0,0.0,2,0,0
5250,50,20,30,3,12,2,33,21,1,0,3,9,21,0,0,0,0,0,0,0,0,0,0,1.0,1.0,1.0,0.0,0.0,0.0,2,0,0
5251,49,19,30,3,11,2,33,21,1,0,2,9,21,0,0,0,0,0,0,0,1,0,1,0.9333333333333333,1.0,1.0,0.0,0.0,0.0,2,0,1
5252,48,19,29,3,10,2,33,21,1,0,1,9,20,0,0,0,1,0,0,0,1,0,1,0.9285714285714286,1.0,1.0,0.0,0.0,0.0,2,0,1
5253,48,19,29,3,10,2,33,21,2,0,1,9,20,0,0,0,8,1,0,0,0,0,0,1.0,1.0,1.0,0.0,0.0,0.125,2,0,0
5254,52,19,33,7,10,2,33,21,1,0,2,9,20,0,0,0,0,0,0,1,0,0,0,1.0,1.0,1.0,0.08333333333333333,0.08333333333333333,0.0,2,4,0
5255,51,19,32,7,9,2,33,21,1,0,2,9,19,0,0,0,0,0,0,0,1,0,1,0.9411764705882353,1.0,1.0,0.0,0.0,0.0,2,0,1
5256,50,18,32,7,8,2,33,21,1,0,2,9,19,0,0,0,0,0,0,0,1,0,1,0.9375,1.0,1.0,0.0,0.0,0.0,2,0,1
5257,50,18,32,7,8,2,33,21,1,0,2,9,19,0,0,0,0,0,0,0,0,0,0,1.0,1.0,1.0,0.0,0.0,0.0,2,0,0
5258,50,18,32,7,8,2,33,21,1,0,2,9,19,0,0,0,0,0,0,0,0,0,0,1.0,1.0,1.0,0.0,0.0,0.0,2,0,0
5259,50,18,32,7,8,2,33,21,1,0,2,9,19,0,0,0,0,0,0,0,0,0,0,1.0,1.0,1.0,0.0,0.0,0.0,2,0,0
5260,50,18,32,7,8,2,33,21,1,0,2,9,19,0,0,0,0,0,0,0,0,0,0,1.0,1.0,1.0,0.0,0.0,0.0,2,0,0
5261,50,18,32,7,8,2,33,21,1,0,2,9,19,0,0,0,0,0,0,0,0,0,0,1.0,1.0,1.0,0.0,0.0,0.0,2,0,0
5262,50,18,32,7,8,2,33,21,1,0,2,9,19,0,0,0,0,0,0,0,0,1,0,1.0,1.0,1.0,0.0,0.0,0.0,2,0,0
5263,50,18,32,4,11,2,33,21,1,0,2,9,19,0,0,0,0,0,0,0,0,0,0,1.0,1.0,1.0,0.0,0.0,0.0,2,0,0
5264,50,18,32,4,11,2,33,21,1,0,2,9,19,0,0,0,0,0,0,0,0,0,0,1.0,1.0,1.0,0.0,0.0,0.0,2,0,0
5265,50,18,32,4,11,2,33,21,1,0,1,9,19,0,0,0,0,0,0,0,0,0,0,1.0,1.0,1.0,0.0,0.0,0.0,2,0,0
5266,50,18,32,4,10,3,33,21,1,0,1,9,19,0,0,0,6,0,0,0,0,0,0,1.0,1.0,1.0,0.0,0.0,0.0,2,0,0
5267,50,18,32,4,10,3,33,21,1,0,1,9,19,0,0,0,2,0,0,0,0,0,0,1.0,1.0,1.0,0.0,0.0,0.0,2,0,0
5268,49,17,32,4,10,3,32,21,2,0,1,9,19,0,0,0,4,1,0,0,0,0,0,1.0,0.9166666666666666,1.0,0.0,0.0,0.25,2,0,1
5269,49,17,32,4,10,3,32,21,2,0,1,9,19,0,0,0,0,0,0,0,0,0,0,1.0,1.0,1.0,0.0,0.0,0.0,2,0,0
5270,49,17,32,4,10,3,32,21,2,0,1,9,19,0,0,0,0,0,0,0,0,0,0,1.0,1.0,1.0,0.0,0.0,0.0,2,0,0
5271,49,17,32,4,10,3,32,21,2,0,1,9,19,0,0,0,0,0,0,0,0,0,0,1.0,1.0,1.0,0.0,0.0,0.0,2,0,0
5272,49,17,32,4,10,3,32,21,2,0,1,9,19,0,0,0,0,0,0,0,0,0,0,1.0,1.0,1.0,0.0,0.0,0.0,2,0,0
5273,48,16,32,4,9,3,32,21,2,0,1,9,19,0,0,0,0,0,0,0,1,0,1,0.9285714285714286,1.0,1.0,0.0,0.0,0.0,2,0,1
5274,48,16,32,4,9,2,33,22,3,0,1,9,19,0,0,0,4,1,0,0,0,0,0,1.0,1.0,1.0,0.0,0.0,0.25,2,0,0
5275,48,16,32,4,9,2,33,22,3,0,1,9,19,0,0,0,0,0,0,0,0,0,0,1.0,1.0,1.0,0.0,0.0,0.0,2,0,0
5276,48,16,32,4,9,2,33,22,3,0,1,9,19,0,0,0,0,0,0,0,0,0,0,1.0,1.0,1.0,0.0,0.0,0.0,2,0,0
5277,48,16,32,4,9,2,33,22,3,0,1,9,19,0,0,0,0,0,0,0,0,0,0,1.0,1.0,1.0,0.0,0.0,0.0,2,0,0
5278,48,16,32,4,9,2,33,22,3,0,1,9,19,0,0,0,0,0,0,0,0,0,0,1.0,1.0,1.0,0.0,0.0,0.0,2,0,0
5279,47,16,31,3,9,2,33,22,3,0,1,9,19,0,0,0,0,0,0,0,1,0,1,0.9230769230769231,1.0,1.0,0.0,0.0,0.0,2,0,1
5280,47,16,31,3,9,2,33,22,3,0,1,9,19,0,0,0,0,0,0,0,0,0,0,1.0,1.0,1.0,0.0,0.0,0.0,2,0,0
5281,47,16,31,3,9,2,33,22,3,0,1,9,19,0,0,0,0,0,0,0,0,0,0,1.0,1.0,1.0,0.0,0.0,0.0,2,0,0
5282,47,16,31,3,9,2,33,22,3,0,1,9,19,0,0,0,0,0,0,0,0,0,0,1.0,1.0,1.0,0.0,0.0,0.0,2,0,0
5283,47,16,31,3,9,2,33,22,3,0,1,9,19,0,0,0,0,0,0,0,0,0,0,1.0,1.0,1.0,0.0,0.0,0.0,2,0,0
5284,47,16,31,3,9,2,33,22,3,0,1,9,19,0,0,0,0,0,0,0,0,0,0,1.0,1.0,1.0,0.0,0.0,0.0,2,0,0
5285,47,16,31,3,9,2,33,22,3,0,1,9,19,0,0,0,0,0,0,0,0,0,0,1.0,1.0,1.0,0.0,0.0,0.0,2,0,0
5286,47,16,31,3,9,2,33,22,3,0,1,9,19,0,0,0,0,0,0,0,0,0,0,1.0,1.0,1.0,0.0,0.0,0.0,2,0,0
5287,46,16,30,3,8,2,33,22,3,0,1,9,19,0,0,0,0,0,0,0,1,0,1,0.9166666666666666,1.0,1.0,0.0,0.0,0.0,2,0,1
5288,46,16,30,3,8,2,33,22,3,0,1,9,19,0,0,0,0,0,0,0,0,0,0,1.0,1.0,1.0,0.0,0.0,0.0,2,0,0
5289,45,16,29,2,8,2,33,22,3,0,1,9,19,0,0,0,0,0,0,0,1,0,1,0.9090909090909091,1.0,1.0,0.0,0.0,0.0,2,0,1
5290,44,16,28,2,8,2,32,21,3,0,1,9,18,0,0,0,0,0,0,0,0,0,0,1.0,1.0,0.9545454545454546,0.0,0.0,0.0,2,0,1
5291,44,16,28,2,8,2,32,21,3,0,1,9,18,0,0,0,0,0,0,0,0,0,0,1.0,1.0,1.0,0.0,0.0,0.0,2,0,0
5292,44,16,28,2,8,2,32,21,3,0,1,9,18,0,0,0,0,0,0,0,0,0,0,1.0,1.0,1.0,0.0,0.0,0.0,2,0,0
5293,44,16,28,2,8,2,32,21,3,0,1,9,18,0,0,0,0,0,0,0,0,0,0,1.0,1.0,1.0,0.0,0.0,0.0,2,0,0
5294,44,16,28,2,8,2,32,21,3,0,1,10,18,1,0,0,0,0,0,0,0,0,0,1.0,1.0,1.0,0.0,0.0,0.0,2,0,0
5295,44,16,28,2,8,2,32,21,3,0,1,10,18,0,0,0,0,0,0,0,0,0,0,1.0,1.0,1.0,0.0,0.0,0.0,2,0,0
5296,44,16,28,2,8,2,32,21,3,0,1,10,18,0,0,0,0,0,0,0,0,0,0,1.0,1.0,1.0,0.0,0.0,0.0,2,0,0
5297,44,16,28,0,10,2,32,21,3,0,1,10,18,0,0,0,0,0,0,0,0,0,0,1.0,1.0,1.0,0.0,0.0,0.0,2,0,0
5298,44,16,28,0,10,2,32,21,3,0,1,10,18,0,0,0,0,0,0,0,0,0,0,1.0,1.0,1.0,0.0,0.0,0.0,2,0,0
5299,44,16,28,0,10,2,32,21,3,0,0,10,19,0,1,0,0,0,0,0,0,0,0,1.0,1.0,1.0,0.0,0.0,0.0,2,0,0
5300,44,16,28,0,10,2,32,21,4,0,0,10,19,0,0,0,2,1,0,0,0,0,0,1.0,1.0,1.0,0.0,0.0,0.5,2,0,0
5301,44,16,28,0,10,2,32,21,4,0,0,10,19,0,0,0,0,0,0,0,0,0,0,1.0,1.0,1.0,0.0,0.0,0.0,2,0,0
5302,44,16,28,0,10,2,32,21,4,0,0,10,19,0,0,0,0,0,0,0,0,0,0,1.0,1.0,1.0,0.0,0.0,0.0,2,0,0
5303,44,16,28,0,10,2,32,21,4,0,0,10,19,0,0,0,0,0,0,0,0,0,0,1.0,1.0,1.0,0.0,0.0,0.0,2,0,0
5304,44,16,28,0,10,2,32,21,4,0,0,10,19,0,0,0,0,0,0,0,0,0,0,1.0,1.0,1.0,0.0,0.0,0.0,2,0,0
5305,44,16,28,0,10,2,32,21,4,0,0,10,19,0,0,0,0,0,0,0,0,0,0,1.0,1.0,1.0,0.0,0.0,0.0,2,0,0
5306,44,16,28,0,10,2,32,21,4,0,0,10,19,0,0,0,0,0,0,0,0,0,0,1.0,1.0,1.0,0.0,0.0,0.0,2,0,0
5307,44,16,28,0,10,2,32,21,4,0,0,10,19,0,0,0,0,0,0,0,0,0,0,1.0,1.0,1.0,0.0,0.0,0.0,2,0,0
5308,44,16,28,0,10,2,32,21,4,0,0,10,19,0,0,0,0,0,0,0,0,0,0,1.0,1.0,1.0,0.0,0.0,0.0,2,0,0
5309,44,16,28,0,10,2,32,21,4,0,0,10,19,0,0,0,0,0,0,0,0,0,0,1.0,1.0,1.0,0.0,0.0,0.0,2,0,0
5310,44,16,28,0,10,2,32,21,4,0,0,10,19,0,0,0,0,0,0,0,0,0,0,1.0,1.0,1.0,0.0,0.0,0.0,2,0,0
5311,44,16,28,0,10,2,32,21,4,0,0,10,19,0,0,0,0,0,0,0,0,0,0,1.0,1.0,1.0,0.0,0.0,0.0,2,0,0
5312,44,16,28,0,10,2,32,21,4,0,0,10,19,0,0,0,0,0,0,0,0,0,0,1.0,1.0,1.0,0.0,0.0,0.0,2,0,0
5313,44,16,28,0,10,2,32,21,4,0,0,10,19,0,0,0,0,0,0,0,0,0,0,1.0,1.0,1.0,0.0,0.0,0.0,2,0,0
5314,44,16,28,0,10,2,32,21,4,0,0,10,19,0,0,0,0,0,0,0,0,0,0,1.0,1.0,1.0,0.0,0.0,0.0,2,0,0
5315,44,16,28,0,10,2,32,21,4,0,0,10,19,0,0,0,0,0,0,0,0,0,0,1.0,1.0,1.0,0.0,0.0,0.0,2,0,0
5316,44,16,28,0,10,2,32,21,4,0,0,10,19,0,0,0,0,0,0,0,0,0,0,1.0,1.0,1.0,0.0,0.0,0.0,2,0,0
5317,44,16,28,0,10,2,32,21,4,0,0,10,19,0,0,0,0,0,0,0,0,0,0,1.0,1.0,1.0,0.0,0.0,0.0,2,0,0
5318,48,18,30,4,10,2,32,21,3,0,1,10,19,0,0,0,0,0,0,1,0,0,0,1.0,1.0,1.0,0.09090909090909091,0.09090909090909091,0.0,2,4,0
5319,48,18,30,4,10,2,32,21,3,0,1,10,19,0,0,0,0,0,0,0,0,0,0,1.0,1.0,1.0,0.0,0.0,0.0,2,0,0
5320,48,18,30,4,10,2,32,21,3,0,1,10,19,0,0,0,0,0,0,0,0,0,0,1.0,1.0,1.0,0.0,0.0,0.0,2,0,0
5321,48,18,30,4,10,2,32,21,3,0,1,10,19,0,0,0,0,0,0,0,0,0,0,1.0,1.0,1.0,0.0,0.0,0.0,2,0,0
5322,48,18,30,4,10,2,32,21,3,0,1,10,19,0,0,0,0,0,0,0,0,0,0,1.0,1.0,1.0,0.0,0.0,0.0,2,0,0
5323,47,18,29,4,9,2,32,21,3,0,1,10,19,0,0,0,0,0,0,0,1,0,1,0.9285714285714286,1.0,1.0,0.0,0.0,0.0,2,0,1
5324,46,17,29,4,8,2,32,21,3,0,1,9,19,0,0,0,0,0,0,0,1,0,1,0.9230769230769231,1.0,1.0,0.0,0.0,0.0,2,0,1
5325,46,17,29,4,8,2,32,21,3,0,1,9,19,0,0,0,0,0,0,0,0,0,0,1.0,1.0,1.0,0.0,0.0,0.0,2,0,0
5326,46,17,29,4,8,2,32,21,3,0,1,9,19,0,0,0,0,0,0,0,0,0,0,1.0,1.0,1.0,0.0,0.0,0.0,2,0,0
5327,46,17,29,4,8,2,32,21,3,0,1,9,19,0,0,0,0,0,0,0,0,0,0,1.0,1.0,1.0,0.0,0.0,0.0,2,0,0
5328,46,17,29,4,8,2,32,21,3,0,1,9,19,0,0,0,0,0,0,0,0,0,0,1.0,1.0,1.0,0.0,0.0,0.0,2,0,0
5329,46,17,29,4,8,2,32,21,3,0,1,9,19,0,0,0,0,0,0,0,0,0,0,1.0,1.0,1.0,0.0,0.0,0.0,2,0,0
5330,46,17,29,4,8,2,32,21,3,0,1,9,19,0,0,0,0,0,0,0,0,0,0,1.0,1.0,1.0,0.0,0.0,0.0,2,0,0
5331,46,17,29,4,8,2,32,21,3,0,1,9,19,0,0,0,0,0,0,0,0,0,0,1.0,1.0,1.0,0.0,0.0,0.0,2,0,0
5332,46,17,29,4,8,2,32,21,3,0,1,9,19,0,0,0,0,0,0,0,0,0,0,1.0,1.0,1.0,0.0,0.0,0.0,2,0,0
5333,50,19,31,8,8,2,32,21,2,0,2,9,19,0,0,0,0,0,0,1,0,0,0,1.0,1.0,1.0,0.08695652173913043,0.08695652173913043,0.0,2,4,0
5334,50,19,31,8,8,2,32,21,2,0,2,9,19,0,0,0,0,0,0,0,0,0,0,1.0,1.0,1.0,0.0,0.0,0.0,2,0,0
5335,50,19,31,8,8,2,32,21,2,0,2,9,19,0,0,0,0,0,0,0,0,0,0,1.0,1.0,1.0,0.0,0.0,0.0,2,0,0
5336,50,19,31,8,8,2,32,21,2,0,2,9,19,0,0,0,0,0,0,0,0,0,0,1.0,1.0,1.0,0.0,0.0,0.0,2,0,0
5337,49,19,30,7,8,2,32,21,2,0,2,9,19,0,0,0,0,0,0,0,1,0,1,0.9375,1.0,1.0,0.0,0.0,0.0,2,0,1
5338,49,19,30,7,8,2,32,21,2,0,2,9,19,0,0,0,0,0,0,0,0,0,0,1.0,1.0,1.0,0.0,0.0,0.0,2,0,0
5339,53,21,32,11,8,2,32,21,1,0,3,9,19,0,0,0,0,0,0,1,0,0,0,1.0,1.0,1.0,0.08163265306122448,0.08163265306122448,0.0,2,4,0
5340,53,21,32,11,8,2,32,21,1,0,3,9,19,0,0,0,0,0,0,0,0,0,0,1.0,1.0,1.0,0.0,0.0,0.0,2,0,0
5341,52,21,31,10,8,2,32,21,1,0,3,9,19,0,0,0,0,0,0,0,1,0,1,0.9473684210526316,1.0,1.0,0.0,0.0,0.0,2,0,1
5342,52,21,31,10,8,2,32,21,1,0,3,9,19,0,0,0,0,0,0,0,0,0,0,1.0,1.0,1.0,0.0,0.0,0.0,2,0,0
5343,52,21,31,10,8,1,33,22,1,0,3,9,19,0,0,0,0,0,0,0,0,0,0,1.0,1.0,1.0,0.0,0.0,0.0,2,0,0
5344,51,20,31,9,8,1,33,22,1,0,3,9,19,0,0,0,0,0,0,0,1,0,1,0.9444444444444444,1.0,1.0,0.0,0.0,0.0,2,0,1
5345,50,19,31,9,7,1,33,22,1,0,3,9,19,0,0,0,0,0,0,0,1,0,1,0.9411764705882353,1.0,1.0,0.0,0.0,0.0,2,0,1
5346,50,19,31,9,7,1,33,22,1,0,3,9,19,0,0,0,0,0,0,0,0,0,0,1.0,1.0,1.0,0.0,0.0,0.0,2,0,0
5347,50,19,31,9,7,1,33,22,1,0,3,9,19,0,0,0,0,0,0,0,0,0,0,1.0,1.0,1.0,0.0,0.0,0.0,2,0,0
5348,50,19,31,9,7,1,33,22,1,0,3,9,19,0,0,0,0,0,0,0,0,0,0,1.0,1.0,1.0,0.0,0.0,0.0,2,0,0
5349,50,19,31,9,7,1,33,22,1,0,3,9,19,0,0,0,0,0,0,0,0,0,0,1.0,1.0,1.0,0.0,0.0,0.0,2,0,0
5350,49,19,30,9,7,1,32,21,1,0,3,9,18,0,0,0,0,0,0,0,0,0,0,1.0,1.0,0.9545454545454546,0.0,0.0,0.0,2,0,1
5351,49,19,30,9,7,1,32,21,1,0,3,9,18,0,0,0,0,0,0,0,0,0,0,1.0,1.0,1.0,0.0,0.0,0.0,2,0,0
5352,49,19,30,9,7,1,32,21,1,0,3,9,18,0,0,0,0,0,0,0,0,0,0,1.0,1.0,1.0,0.0,0.0,0.0,2,0,0
5353,49,19,30,9,7,1,32,21,1,0,3,9,18,0,0,0,0,0,0,0,0,0,0,1.0,1.0,1.0,0.0,0.0,0.0,2,0,0
5354,49,19,30,9,7,1,32,21,1,0,3,9,18,0,0,0,0,0,0,0,0,0,0,1.0,1.0,1.0,0.0,0.0,0.0,2,0,0
5355,49,19,30,9,7,1,32,21,1,0,3,9,18,0,0,0,0,0,0,0,0,0,0,1.0,1.0,1.0,0.0,0.0,0.0,2,0,0
5356,49,19,30,9,7,1,32,21,1,0,3,9,18,0,0,0,0,0,0,0,0,0,0,1.0,1.0,1.0,0.0,0.0,0.0,2,0,0
5357,48,18,30,8,7,1,32,21,1,0,3,9,18,0,0,0,0,0,0,0,1,0,1,0.9375,1.0,1.0,0.0,0.0,0.0,2,0,1
5358,48,18,30,8,7,1,32,21,1,0,3,9,18,0,0,0,0,0,0,0,0,0,0,1.0,1.0,1.0,0.0,0.0,0.0,2,0,0
5359,47,17,30,8,6,1,32,21,1,0,3,9,18,0,0,0,0,0,0,0,1,0,1,0.9333333333333333,1.0,1.0,0.0,0.0,0.0,2,0,1
5360,47,17,30,8,6,1,32,21,1,0,3,9,18,0,0,0,0,0,0,0,0,0,0,1.0,1.0,1.0,0.0,0.0,0.0,2,0,0
5361,47,17,30,6,8,1,32,21,1,0,3,9,18,0,0,0,0,0,0,0,0,0,0,1.0,1.0,1.0,0.0,0.0,0.0,2,0,0
5362,47,17,30,6,8,1,32,21,1,0,3,9,18,0,0,0,0,0,0,0,0,0,0,1.0,1.0,1.0,0.0,0.0,0.0,2,0,0
5363,46,17,29,5,8,1,32,21,1,0,2,9,18,0,0,0,0,0,0,0,1,0,1,0.9285714285714286,1.0,1.0,0.0,0.0,0.0,2,0,1
5364,46,17,29,5,8,1,32,21,2,0,2,9,18,0,0,0,6,1,0,0,0,0,0,1.0,1.0,1.0,0.0,0.0,0.16666666666666666,2,0,0
5365,49,19,30,8,8,1,32,21,1,0,3,9,18,0,0,0,0,0,0,1,0,0,0,1.0,1.0,1.0,0.06521739130434782,0.06521739130434782,0.0,2,3,0
5366,48,19,29,7,8,1,32,21,1,0,3,9,18,0,0,0,0,0,0,0,1,0,1,0.9375,1.0,1.0,0.0,0.0,0.0,2,0,1
5367,48,19,29,7,8,1,32,21,1,0,3,9,18,0,0,0,0,0,0,0,0,0,0,1.0,1.0,1.0,0.0,0.0,0.0,2,0,0
5368,48,19,29,7,8,1,32,21,1,0,3,9,18,0,0,0,0,0,0,0,0,0,0,1.0,1.0,1.0,0.0,0.0,0.0,2,0,0
5369,48,19,29,7,8,1,32,21,1,0,3,9,18,0,0,0,0,0,0,0,0,0,0,1.0,1.0,1.0,0.0,0.0,0.0,2,0,0
5370,48,19,29,7,8,1,32,21,1,0,3,9,18,0,0,0,0,0,0,0,0,0,0,1.0,1.0,1.0,0.0,0.0,0.0,2,0,0
5371,48,19,29,7,8,1,32,21,1,0,3,9,18,0,0,0,0,0,0,0,0,0,0,1.0,1.0,1.0,0.0,0.0,0.0,2,0,0
5372,48,19,29,7,8,1,32,21,1,0,3,9,18,0,0,0,0,0,0,0,0,0,0,1.0,1.0,1.0,0.0,0.0,0.0,2,0,0
5373,48,19,29,7,8,1,32,21,1,0,3,9,18,0,0,0,0,0,0,0,0,0,0,1.0,1.0,1.0,0.0,0.0,0.0,2,0,0
5374,48,19,29,7,8,1,32,21,1,0,3,9,18,0,0,0,0,0,0,0,0,0,0,1.0,1.0,1.0,0.0,0.0,0.0,2,0,0
5375,48,19,29,7,8,1,32,21,1,0,3,9,18,0,0,0,0,0,0,0,0,0,0,1.0,1.0,1.0,0.0,0.0,0.0,2,0,0
5376,48,19,29,5,10,1,32,21,1,0,3,9,18,0,0,0,0,0,0,0,0,0,0,1.0,1.0,1.0,0.0,0.0,0.0,2,0,0
5377,48,19,29,5,10,1,32,21,1,0,3,9,18,0,0,0,0,0,0,0,0,0,0,1.0,1.0,1.0,0.0,0.0,0.0,2,0,0
5378,48,19,29,5,10,1,32,21,1,0,2,9,18,0,0,0,0,0,0,0,0,0,0,1.0,1.0,1.0,0.0,0.0,0.0,2,0,0
5379,48,19,29,5,10,1,32,21,2,0,2,9,18,0,0,0,3,1,0,0,0,0,0,1.0,1.0,1.0,0.0,0.0,0.3333333333333333,2,0,0
5380,48,19,29,5,10,1,32,21,2,0,2,9,18,0,0,0,0,0,0,0,0,0,0,1.0,1.0,1.0,0.0,0.0,0.0,2,0,0
5381,48,19,29,5,10,1,32,21,2,0,2,9,18,0,0,0,0,0,0,0,0,0,0,1.0,1.0,1.0,0.0,0.0,0.0,2,0,0
5382,47,18,29,3,11,1,32,21,2,0,2,9,18,0,0,0,0,0,0,0,1,0,1,0.9333333333333333,1.0,1.0,0.0,0.0,0.0,2,0,1
5383,47,18,29,3,11,1,32,21,2,0,2,9,18,0,0,0,0,0,0,0,0,0,0,1.0,1.0,1.0,0.0,0.0,0.0,2,0,0
5384,47,18,29,3,11,1,32,21,2,0,1,9,18,0,0,0,0,0,0,0,0,0,0,1.0,1.0,1.0,0.0,0.0,0.0,2,0,0
5385,47,18,29,3,11,1,32,21,2,0,1,9,18,0,0,0,0,0,0,0,0,1,0,1.0,1.0,1.0,0.0,0.0,0.0,2,0,0
5386,47,18,29,3,11,1,32,21,2,0,1,9,18,0,0,0,0,0,0,0,0,1,0,1.0,1.0,1.0,0.0,0.0,0.0,2,0,0
5387,47,18,29,3,11,1,32,21,2,0,1,9,19,0,1,0,0,0,0,0,0,1,0,1.0,1.0,1.0,0.0,0.0,0.0,2,0,0
5388,47,18,29,3,11,1,32,21,2,0,1,9,19,0,0,0,0,0,0,0,0,0,0,1.0,1.0,1.0,0.0,0.0,0.0,2,0,0
5389,47,18,29,3,10,2,32,21,2,0,1,9,20,0,1,0,0,0,0,0,0,0,0,1.0,1.0,1.0,0.0,0.0,0.0,2,0,0
5390,47,18,29,3,9,3,32,21,2,0,1,9,20,0,0,0,0,0,0,0,0,0,0,1.0,1.0,1.0,0.0,0.0,0.0,2,0,0
5391,47,18,29,3,8,4,32,21,2,0,1,9,20,0,0,0,0,0,0,0,0,0,0,1.0,1.0,1.0,0.0,0.0,0.0,2,0,0
5392,47,18,29,3,8,4,32,21,2,0,1,9,20,0,0,0,0,0,0,0,0,0,0,1.0,1.0,1.0,0.0,0.0,0.0,2,0,0
5393,47,18,29,3,8,4,32,21,2,0,1,9,20,0,0,0,0,0,0,0,0,0,0,1.0,1.0,1.0,0.0,0.0,0.0,2,0,0
5394,47,18,29,3,8,4,32,21,2,0,1,9,20,0,0,0,0,0,0,0,0,0,0,1.0,1.0,1.0,0.0,0.0,0.0,2,0,0
5395,47,18,29,3,8,3,33,22,2,0,1,9,20,0,0,0,0,0,0,0,0,0,0,1.0,1.0,1.0,0.0,0.0,0.0,2,0,0
5396,47,18,29,3,8,3,33,22,2,0,1,9,20,0,0,0,0,0,0,0,0,0,0,1.0,1.0,1.0,0.0,0.0,0.0,2,0,0
5397,46,17,29,3,8,3,32,22,2,0,1,8,20,0,0,0,0,0,0,0,0,0,0,1.0,0.9090909090909091,1.0,0.0,0.0,0.0,2,0,1
5398,46,17,29,3,8,3,32,22,2,0,1,8,20,0,0,0,0,0,0,0,0,0,0,1.0,1.0,1.0,0.0,0.0,0.0,2,0,0
5399,46,17,29,3,8,3,32,22,2,0,1,8,20,0,0,0,0,0,0,0,0,0,0,1.0,1.0,1.0,0.0,0.0,0.0,2,0,0
5400,46,17,29,3,8,3,32,22,3,0,1,8,20,0,0,0,3,1,0,0,0,0,0,1.0,1.0,1.0,0.0,0.0,0.3333333333333333,2,0,0
5401,46,17,29,3,8,3,32,22,3,0,1,8,20,0,0,0,0,0,0,0,0,0,0,1.0,1.0,1.0,0.0,0.0,0.0,2,0,0
5402,46,17,29,3,8,3,32,22,3,0,1,8,20,0,0,0,0,0,0,0,0,0,0,1.0,1.0,1.0,0.0,0.0,0.0,2,0,0
5403,46,17,29,3,8,3,32,22,3,0,1,8,20,0,0,0,0,0,0,0,0,0,0,1.0,1.0,1.0,0.0,0.0,0.0,2,0,0
5404,46,17,29,3,8,3,32,22,3,0,1,8,20,0,0,0,0,0,0,0,0,0,0,1.0,1.0,1.0,0.0,0.0,0.0,2,0,0
5405,46,17,29,3,8,3,32,22,3,0,1,8,20,0,0,0,0,0,0,0,0,0,0,1.0,1.0,1.0,0.0,0.0,0.0,2,0,0
5406,46,17,29,3,8,3,32,22,3,0,1,8,20,0,0,0,0,0,0,0,0,0,0,1.0,1.0,1.0,0.0,0.0,0.0,2,0,0
5407,46,17,29,3,8,3,32,22,3,0,1,8,20,0,0,0,0,0,0,0,0,0,0,1.0,1.0,1.0,0.0,0.0,0.0,2,0,0
5408,46,17,29,0,11,3,32,22,3,0,1,8,20,0,0,0,0,0,0,0,0,0,0,1.0,1.0,1.0,0.0,0.0,0.0,2,0,0
5409,46,17,29,0,11,3,32,22,3,0,1,8,20,0,0,0,0,0,0,0,0,0,0,1.0,1.0,1.0,0.0,0.0,0.0,2,0,0
5410,46,17,29,0,11,3,32,22,3,0,0,8,20,0,0,0,0,0,0,0,0,0,0,1.0,1.0,1.0,0.0,0.0,0.0,2,0,0
5411,45,17,28,0,11,2,32,22,3,0,0,8,19,0,0,0,0,0,0,0,0,0,0,1.0,1.0,1.0,0.0,0.0,0.0,2,0,1
5412,45,17,28,0,11,2,32,22,3,0,0,8,19,0,0,0,0,0,0,0,0,0,0,1.0,1.0,1.0,0.0,0.0,0.0,2,0,0
5413,45,17,28,0,11,2,32,22,3,0,0,8,19,0,0,0,0,0,0,0,0,0,0,1.0,1.0,1.0,0.0,0.0,0.0,2,0,0
5414,45,17,28,0,11,2,32,22,3,0,0,8,19,0,0,0,0,0,0,0,0,0,0,1.0,1.0,1.0,0.0,0.0,0.0,2,0,0
5415,45,17,28,0,11,2,32,22,3,0,0,8,19,0,0,0,0,0,0,0,0,0,0,1.0,1.0,1.0,0.0,0.0,0.0,2,0,0
5416,45,17,28,0,11,2,32,22,3,0,0,8,19,0,0,0,0,0,0,0,0,0,0,1.0,1.0,1.0,0.0,0.0,0.0,2,0,0
5417,45,17,28,0,11,2,32,22,3,0,0,8,19,0,0,0,0,0,0,0,0,0,0,1.0,1.0,1.0,0.0,0.0,0.0,2,0,0
5418,45,17,28,0,11,2,32,22,3,0,0,8,19,0,0,0,0,0,0,0,0,0,0,1.0,1.0,1.0,0.0,0.0,0.0,2,0,0
5419,44,17,27,0,11,2,31,21,3,0,0,8,18,0,0,0,0,0,0,0,0,0,0,1.0,1.0,0.9545454545454546,0.0,0.0,0.0,2,0,1
5420,44,17,27,0,11,2,31,21,3,0,0,8,18,0,0,0,0,0,0,0,0,0,0,1.0,1.0,1.0,0.0,0.0,0.0,2,0,0
5421,44,17,27,0,11,2,31,21,3,0,0,8,18,0,0,0,0,0,0,0,0,0,0,1.0,1.0,1.0,0.0,0.0,0.0,2,0,0
5422,44,17,27,0,11,2,31,21,3,0,0,8,18,0,0,0,0,0,0,0,0,0,0,1.0,1.0,1.0,0.0,0.0,0.0,2,0,0
5423,44,17,27,0,11,2,31,21,3,0,0,8,18,0,0,0,0,0,0,0,0,0,0,1.0,1.0,1.0,0.0,0.0,0.0,2,0,0
5424,44,17,27,0,11,2,31,21,3,0,0,8,18,0,0,0,0,0,0,0,0,0,0,1.0,1.0,1.0,0.0,0.0,0.0,2,0,0
5425,44,17,27,0,11,2,31,21,3,0,0,8,18,0,0,0,0,0,0,0,0,0,0,1.0,1.0,1.0,0.0,0.0,0.0,2,0,0
5426,44,17,27,0,11,2,31,21,3,0,0,8,18,0,0,0,0,0,0,0,0,0,0,1.0,1.0,1.0,0.0,0.0,0.0,2,0,0
5427,43,16,27,0,10,2,31,21,3,0,0,8,18,0,0,0,0,0,0,0,1,0,1,0.9090909090909091,1.0,1.0,0.0,0.0,0.0,2,0,1
5428,42,16,26,0,10,1,31,21,3,0,0,8,18,0,0,0,0,0,0,0,0,0,0,1.0,1.0,1.0,0.0,0.0,0.0,2,0,1
5429,46,17,29,4,10,1,31,21,2,0,1,8,18,0,0,0,0,0,0,1,0,0,0,1.0,1.0,1.0,0.09523809523809523,0.09523809523809523,0.0,2,4,0
5430,46,17,29,4,10,1,31,21,2,0,1,8,18,0,0,0,0,0,0,0,0,0,0,1.0,1.0,1.0,0.0,0.0,0.0,2,0,0
5431,46,17,29,4,10,1,31,21,2,0,1,8,18,0,0,0,0,0,0,0,0,0,0,1.0,1.0,1.0,0.0,0.0,0.0,2,0,0
5432,46,17,29,4,10,1,31,21,2,0,1,8,18,0,0,0,0,0,0,0,0,0,0,1.0,1.0,1.0,0.0,0.0,0.0,2,0,0
5433,46,17,29,4,10,1,31,21,2,0,1,8,18,0,0,0,0,0,0,0,0,0,0,1.0,1.0,1.0,0.0,0.0,0.0,2,0,0
5434,46,17,29,4,10,1,31,21,2,0,1,8,18,0,0,0,0,0,0,0,0,2,0,1.0,1.0,1.0,0.0,0.0,0.0,2,0,0
5435,46,17,29,4,10,1,31,21,2,0,1,8,18,0,0,0,0,0,0,0,0,0,0,1.0,1.0,1.0,0.0,0.0,0.0,2,0,0
5436,46,17,29,4,10,1,31,21,2,0,1,8,18,0,0,0,0,0,0,0,0,0,0,1.0,1.0,1.0,0.0,0.0,0.0,2,0,0
5437,46,17,29,4,10,1,31,21,2,0,1,8,18,0,0,0,0,0,0,0,0,0,0,1.0,1.0,1.0,0.0,0.0,0.0,2,0,0
5438,46,17,29,4,8,3,31,21,2,0,1,8,18,0,0,0,0,0,0,0,0,0,0,1.0,1.0,1.0,0.0,0.0,0.0,2,0,0
5439,46,17,29,4,8,3,31,21,2,0,1,8,18,0,0,0,0,0,0,0,0,0,0,1.0,1.0,1.0,0.0,0.0,0.0,2,0,0
5440,46,17,29,4,8,3,31,21,2,0,1,8,18,0,0,0,0,0,0,0,0,0,0,1.0,1.0,1.0,0.0,0.0,0.0,2,0,0
5441,46,17,29,4,8,3,31,21,2,0,1,8,18,0,0,0,0,0,0,0,0,0,0,1.0,1.0,1.0,0.0,0.0,0.0,2,0,0
5442,46,17,29,4,8,3,31,21,2,0,1,8,18,0,0,0,0,0,0,0,0,0,0,1.0,1.0,1.0,0.0,0.0,0.0,2,0,0
5443,46,17,29,4,8,3,31,21,2,0,1,8,18,0,0,0,0,0,0,0,0,0,0,1.0,1.0,1.0,0.0,0.0,0.0,2,0,0
5444,50,20,30,8,8,3,31,21,1,0,2,8,18,0,0,0,0,0,0,1,0,0,0,1.0,1.0,1.0,0.08695652173913043,0.08695652173913043,0.0,2,4,0
5445,50,20,30,8,8,3,31,21,1,0,2,8,18,0,0,0,0,0,0,0,0,0,0,1.0,1.0,1.0,0.0,0.0,0.0,2,0,0
5446,50,20,30,8,8,3,31,21,1,0,2,8,18,0,0,0,0,0,0,0,0,0,0,1.0,1.0,1.0,0.0,0.0,0.0,2,0,0
5447,50,20,30,8,8,3,31,21,1,0,2,8,18,0,0,0,0,0,0,0,0,0,0,1.0,1.0,1.0,0.0,0.0,0.0,2,0,0
5448,50,20,30,8,8,3,31,21,1,0,2,8,18,0,0,0,0,0,0,0,0,0,0,1.0,1.0,1.0,0.0,0.0,0.0,2,0,0
5449,50,20,30,8,8,3,31,21,1,0,2,8,18,0,0,0,0,0,0,0,0,0,0,1.0,1.0,1.0,0.0,0.0,0.0,2,0,0
5450,50,20,30,8,8,3,31,21,1,0,2,8,18,0,0,0,0,0,0,0,0,0,0,1.0,1.0,1.0,0.0,0.0,0.0,2,0,0
5451,50,20,30,8,8,3,31,21,1,0,2,8,18,0,0,0,0,0,0,0,0,0,0,1.0,1.0,1.0,0.0,0.0,0.0,2,0,0
5452,50,20,30,8,8,3,31,21,1,0,2,8,18,0,0,0,0,0,0,0,0,0,0,1.0,1.0,1.0,0.0,0.0,0.0,2,0,0
5453,50,20,30,8,8,3,31,21,1,0,2,8,18,0,0,0,0,0,0,0,0,0,0,1.0,1.0,1.0,0.0,0.0,0.0,2,0,0
5454,50,20,30,8,8,3,31,21,1,0,2,8,18,0,0,0,0,0,0,0,0,0,0,1.0,1.0,1.0,0.0,0.0,0.0,2,0,0
5455,50,20,30,8,8,3,31,21,1,0,2,8,18,0,0,0,0,0,0,0,0,0,0,1.0,1.0,1.0,0.0,0.0,0.0,2,0,0
5456,50,20,30,8,8,3,31,21,1,0,2,8,18,0,0,0,0,0,0,0,0,0,0,1.0,1.0,1.0,0.0,0.0,0.0,2,0,0
5457,49,20,29,7,8,3,31,21,1,0,2,8,18,0,0,0,0,0,0,0,1,0,1,0.9375,1.0,1.0,0.0,0.0,0.0,2,0,1
5458,49,20,29,7,8,3,31,21,1,0,2,8,18,0,0,0,0,0,0,0,0,0,0,1.0,1.0,1.0,0.0,0.0,0.0,2,0,0
5459,49,20,29,7,8,3,31,21,1,0,2,8,18,0,0,0,0,0,0,0,0,0,0,1.0,1.0,1.0,0.0,0.0,0.0,2,0,0
5460,49,20,29,7,8,3,31,21,1,0,2,8,18,0,0,0,0,0,0,0,0,0,0,1.0,1.0,1.0,0.0,0.0,0.0,2,0,0
5461,49,20,29,7,8,3,31,21,1,0,2,8,18,0,0,0,0,0,0,0,0,0,0,1.0,1.0,1.0,0.0,0.0,0.0,2,0,0
5462,49,20,29,7,8,3,31,21,1,0,2,8,18,0,0,0,0,0,0,0,0,0,0,1.0,1.0,1.0,0.0,0.0,0.0,2,0,0
5463,48,19,29,7,7,3,31,21,1,0,2,8,18,0,0,0,0,0,0,0,1,0,1,0.9333333333333333,1.0,1.0,0.0,0.0,0.0,2,0,1
5464,48,19,29,7,7,3,31,21,1,0,2,8,18,0,0,0,0,0,0,0,0,0,0,1.0,1.0,1.0,0.0,0.0,0.0,2,0,0
5465,52,21,31,11,7,3,31,21,0,0,3,8,18,0,0,0,0,0,0,1,0,0,0,1.0,1.0,1.0,0.08333333333333333,0.08333333333333333,0.0,2,4,0
5466,52,21,31,11,7,3,31,21,0,0,3,8,18,0,0,0,0,0,0,0,0,0,0,1.0,1.0,1.0,0.0,0.0,0.0,2,0,0
5467,52,21,31,11,7,3,31,21,0,0,3,8,18,0,0,0,0,0,0,0,0,0,0,1.0,1.0,1.0,0.0,0.0,0.0,2,0,0
5468,52,21,31,11,7,3,31,21,0,0,3,8,18,0,0,0,0,0,0,0,0,0,0,1.0,1.0,1.0,0.0,0.0,0.0,2,0,0
5469,52,21,31,11,7,3,31,21,0,0,3,8,18,0,0,0,0,0,0,0,0,0,0,1.0,1.0,1.0,0.0,0.0,0.0,2,0,0
5470,52,21,31,11,7,3,31,21,0,0,3,8,18,0,0,0,0,0,0,0,0,0,0,1.0,1.0,1.0,0.0,0.0,0.0,2,0,0
5471,52,21,31,11,7,3,31,21,0,0,3,8,18,0,0,0,0,0,0,0,0,0,0,1.0,1.0,1.0,0.0,0.0,0.0,2,0,0
5472,52,21,31,8,10,3,31,21,0,0,3,8,18,0,0,0,0,0,0,0,0,0,0,1.0,1.0,1.0,0.0,0.0,0.0,2,0,0
5473,52,21,31,8,10,3,31,21,0,0,3,8,18,0,0,0,0,0,0,0,0,0,0,1.0,1.0,1.0,0.0,0.0,0.0,2,0,0
5474,52,21,31,8,10,3,31,21,0,0,2,8,18,0,0,0,0,0,0,0,0,0,0,1.0,1.0,1.0,0.0,0.0,0.0,2,0,0
5475,52,21,31,8,10,3,31,21,0,0,2,8,18,0,0,0,0,0,0,0,0,0,0,1.0,1.0,1.0,0.0,0.0,0.0,2,0,0
5476,51,20,31,8,9,3,31,21,0,0,2,8,20,0,2,0,0,0,0,0,1,0,1,0.9444444444444444,1.0,1.0,0.0,0.0,0.0,2,0,1
5477,50,20,30,8,8,3,31,21,0,0,2,8,20,0,0,0,0,0,0,0,1,0,1,0.9411764705882353,1.0,1.0,0.0,0.0,0.0,2,0,1
5478,50,20,30,8,8,3,31,21,0,0,2,8,20,0,0,0,0,0,0,0,0,0,0,1.0,1.0,1.0,0.0,0.0,0.0,2,0,0
5479,50,20,30,8,8,3,31,21,0,0,2,8,20,0,0,0,0,0,0,0,0,0,0,1.0,1.0,1.0,0.0,0.0,0.0,2,0,0
5480,50,20,30,8,8,3,31,21,0,0,2,8,20,0,0,0,0,0,0,0,0,0,0,1.0,1.0,1.0,0.0,0.0,0.0,2,0,0
5481,50,20,30,8,8,3,31,21,0,0,2,8,20,0,0,0,0,0,0,0,0,0,0,1.0,1.0,1.0,0.0,0.0,0.0,2,0,0
5482,49,19,30,8,8,3,30,21,0,0,2,7,20,0,0,0,0,0,0,0,0,0,0,1.0,0.9,1.0,0.0,0.0,0.0,2,0,1
5483,49,19,30,8,8,3,30,21,0,0,2,7,20,0,0,0,0,0,0,0,0,0,0,1.0,1.0,1.0,0.0,0.0,0.0,2,0,0
5484,48,19,29,8,7,3,30,21,0,0,2,7,19,0,0,0,0,0,0,0,1,0,1,0.9375,1.0,1.0,0.0,0.0,0.0,2,0,1
5485,47,18,29,8,6,3,30,21,0,0,2,7,19,0,0,0,0,0,0,0,1,0,1,0.9333333333333333,1.0,1.0,0.0,0.0,0.0,2,0,1
5486,47,18,29,8,6,3,30,21,0,0,2,7,19,0,0,0,0,0,0,0,0,0,0,1.0,1.0,1.0,0.0,0.0,0.0,2,0,0
5487,47,18,29,4,10,3,30,21,0,0,2,7,19,0,0,0,0,0,0,0,0,0,0,1.0,1.0,1.0,0.0,0.0,0.0,2,0,0
5488,47,18,29,4,10,3,30,21,0,0,2,7,19,0,0,0,0,0,0,0,0,0,0,1.0,1.0,1.0,0.0,0.0,0.0,2,0,0
5489,47,18,29,4,10,3,30,21,0,0,1,7,19,0,0,0,0,0,0,0,0,0,0,1.0,1.0,1.0,0.0,0.0,0.0,2,0,0
5490,47,18,29,4,10,3,30,21,0,0,1,7,19,0,0,0,0,0,0,0,0,0,0,1.0,1.0,1.0,0.0,0.0,0.0,2,0,0
5491,47,18,29,4,10,3,30,21,0,0,1,7,19,0,0,0,0,0,0,0,0,0,0,1.0,1.0,1.0,0.0,0.0,0.0,2,0,0
5492,47,18,29,4,10,3,30,21,0,0,1,7,19,0,0,0,0,0,0,0,0,0,0,1.0,1.0,1.0,0.0,0.0,0.0,2,0,0
5493,47,18,29,4,10,3,30,21,0,0,1,7,19,0,0,0,0,0,0,0,0,0,0,1.0,1.0,1.0,0.0,0.0,0.0,2,0,0
5494,47,18,29,4,10,3,30,21,0,0,1,7,19,0,0,0,0,0,0,0,0,0,0,1.0,1.0,1.0,0.0,0.0,0.0,2,0,0
5495,47,18,29,4,10,3,30,21,0,0,1,7,19,0,0,0,0,0,0,0,0,0,0,1.0,1.0,1.0,0.0,0.0,0.0,2,0,0
5496,47,18,29,4,10,3,30,21,0,0,1,7,19,0,0,0,0,0,0,0,0,0,0,1.0,1.0,1.0,0.0,0.0,0.0,2,0,0
5497,47,18,29,4,10,3,30,21,0,0,1,7,19,0,0,0,0,0,0,0,0,0,0,1.0,1.0,1.0,0.0,0.0,0.0,2,0,0
5498,47,18,29,4,10,3,30,21,0,0,1,7,19,0,0,0,0,0,0,0,0,0,0,1.0,1.0,1.0,0.0,0.0,0.0,2,0,0
5499,46,18,28,4,10,3,29,20,0,0,1,7,18,0,0,0,0,0,0,0,0,0,0,1.0,1.0,0.9523809523809523,0.0,0.0,0.0,2,0,1
5500,46,18,28,4,10,3,29,20,0,0,1,7,18,0,0,0,0,0,0,0,0,0,0,1.0,1.0,1.0,0.0,0.0,0.0,2,0,0
5501,46,18,28,4,10,3,29,20,0,0,1,7,18,0,0,0,0,0,0,0,0,0,0,1.0,1.0,1.0,0.0,0.0,0.0,2,0,0
5502,46,18,28,4,10,3,29,20,0,0,1,7,18,0,0,0,0,0,0,0,0,0,0,1.0,1.0,1.0,0.0,0.0,0.0,2,0,0
5503,46,18,28,4,10,3,29,20,0,0,1,7,18,0,0,0,0,0,0,0,0,0,0,1.0,1.0,1.0,0.0,0.0,0.0,2,0,0
5504,46,18,28,4,10,3,29,20,0,0,1,7,18,0,0,0,0,0,0,0,0,0,0,1.0,1.0,1.0,0.0,0.0,0.0,2,0,0
5505,46,18,28,4,10,3,29,20,2,0,1,7,18,0,0,0,6,2,0,0,0,0,0,1.0,1.0,1.0,0.0,0.0,0.3333333333333333,2,0,0
5506,45,17,28,3,10,3,29,20,2,0,1,7,18,0,0,0,0,0,0,0,1,0,1,0.9285714285714286,1.0,1.0,0.0,0.0,0.0,2,0,1
5507,45,17,28,3,10,3,29,20,2,0,1,7,18,0,0,0,0,0,0,0,0,0,0,1.0,1.0,1.0,0.0,0.0,0.0,2,0,0
5508,45,17,28,0,13,3,29,20,2,0,1,7,18,0,0,0,0,0,0,0,0,0,0,1.0,1.0,1.0,0.0,0.0,0.0,2,0,0
5509,45,17,28,0,13,3,29,20,2,0,1,7,18,0,0,0,0,0,0,0,0,0,0,1.0,1.0,1.0,0.0,0.0,0.0,2,0,0
5510,45,17,28,0,13,3,29,20,2,0,0,7,18,0,0,0,0,0,0,0,0,0,0,1.0,1.0,1.0,0.0,0.0,0.0,2,0,0
5511,45,17,28,0,13,3,29,20,3,0,0,7,18,0,0,0,5,1,0,0,0,0,0,1.0,1.0,1.0,0.0,0.0,0.2,2,0,0
5512,45,17,28,0,13,3,29,20,3,0,0,7,18,0,0,0,0,0,0,0,0,0,0,1.0,1.0,1.0,0.0,0.0,0.0,2,0,0
5513,45,17,28,0,13,3,29,20,3,0,0,7,18,0,0,0,0,0,0,0,0,0,0,1.0,1.0,1.0,0.0,0.0,0.0,2,0,0
5514,44,17,27,0,12,3,29,20,3,0,0,7,18,0,0,0,0,0,0,0,1,0,1,0.9230769230769231,1.0,1.0,0.0,0.0,0.0,2,0,1
5515,44,17,27,0,12,3,29,20,3,0,0,7,18,0,0,0,0,0,0,0,0,0,0,1.0,1.0,1.0,0.0,0.0,0.0,2,0,0
5516,44,17,27,0,12,3,29,20,3,0,0,7,18,0,0,0,0,0,0,0,0,0,0,1.0,1.0,1.0,0.0,0.0,0.0,2,0,0
5517,44,17,27,0,12,3,29,20,3,0,0,7,18,0,0,0,0,0,0,0,0,0,0,1.0,1.0,1.0,0.0,0.0,0.0,2,0,0
5518,44,17,27,0,12,3,29,20,3,0,0,7,18,0,0,0,0,0,0,0,0,0,0,1.0,1.0,1.0,0.0,0.0,0.0,2,0,0
5519,44,17,27,0,12,3,29,20,3,0,0,7,18,0,0,0,0,0,0,0,0,1,0,1.0,1.0,1.0,0.0,0.0,0.0,2,0,0
5520,44,17,27,0,12,3,29,20,3,0,0,7,18,0,0,0,0,0,0,0,0,0,0,1.0,1.0,1.0,0.0,0.0,0.0,2,0,0
5521,44,17,27,0,12,3,29,20,3,0,0,7,18,0,0,0,0,0,0,0,0,0,0,1.0,1.0,1.0,0.0,0.0,0.0,2,0,0
5522,44,17,27,0,12,3,29,20,3,0,0,7,18,0,0,0,0,0,0,0,0,0,0,1.0,1.0,1.0,0.0,0.0,0.0,2,0,0
5523,44,17,27,0,11,4,29,20,3,0,0,7,18,0,0,0,0,0,0,0,0,0,0,1.0,1.0,1.0,0.0,0.0,0.0,2,0,0
5524,44,17,27,0,11,3,30,20,3,0,0,7,18,0,0,0,0,0,0,0,0,0,0,1.0,1.0,1.0,0.0,0.0,0.0,2,0,0
5525,44,17,27,0,11,3,30,20,3,0,0,7,18,0,0,0,0,0,0,0,0,0,0,1.0,1.0,1.0,0.0,0.0,0.0,2,0,0
5526,44,17,27,0,11,3,30,20,3,0,0,7,18,0,0,0,0,0,0,0,0,0,0,1.0,1.0,1.0,0.0,0.0,0.0,2,0,0
5527,44,17,27,0,11,3,30,20,3,0,0,7,18,0,0,0,0,0,0,0,0,0,0,1.0,1.0,1.0,0.0,0.0,0.0,2,0,0
5528,44,17,27,0,11,3,30,20,3,0,0,7,18,0,0,0,0,0,0,0,0,0,0,1.0,1.0,1.0,0.0,0.0,0.0,2,0,0
5529,44,17,27,0,11,3,30,20,3,0,0,7,18,0,0,0,0,0,0,0,0,0,0,1.0,1.0,1.0,0.0,0.0,0.0,2,0,0
5530,44,17,27,0,11,3,30,20,3,0,0,7,18,0,0,0,0,0,0,0,0,0,0,1.0,1.0,1.0,0.0,0.0,0.0,2,0,0
5531,44,17,27,0,11,3,30,20,3,0,0,7,18,0,0,0,0,0,0,0,0,0,0,1.0,1.0,1.0,0.0,0.0,0.0,2,0,0
5532,44,17,27,0,11,3,30,20,3,0,0,7,18,0,0,0,0,0,0,0,0,0,0,1.0,1.0,1.0,0.0,0.0,0.0,2,0,0
5533,44,17,27,0,11,3,30,20,3,0,0,7,18,0,0,0,0,0,0,0,0,0,0,1.0,1.0,1.0,0.0,0.0,0.0,2,0,0
5534,44,17,27,0,11,3,30,20,3,0,0,7,18,0,0,0,0,0,0,0,0,0,0,1.0,1.0,1.0,0.0,0.0,0.0,2,0,0
5535,44,17,27,0,11,3,30,20,3,0,0,7,18,0,0,0,0,0,0,0,0,0,0,1.0,1.0,1.0,0.0,0.0,0.0,2,0,0
5536,44,17,27,0,11,3,30,20,3,0,0,7,18,0,0,0,0,0,0,0,0,0,0,1.0,1.0,1.0,0.0,0.0,0.0,2,0,0
5537,44,17,27,0,11,3,30,20,3,0,0,7,18,0,0,0,0,0,0,0,0,0,0,1.0,1.0,1.0,0.0,0.0,0.0,2,0,0
5538,44,17,27,0,11,3,30,20,3,0,0,7,18,0,0,0,0,0,0,0,0,0,0,1.0,1.0,1.0,0.0,0.0,0.0,2,0,0
5539,44,17,27,0,11,3,30,20,3,0,0,7,18,0,0,0,0,0,0,0,0,0,0,1.0,1.0,1.0,0.0,0.0,0.0,2,0,0
5540,44,17,27,0,11,3,30,20,3,0,0,7,18,0,0,0,0,0,0,0,0,0,0,1.0,1.0,1.0,0.0,0.0,0.0,2,0,0
5541,44,17,27,0,11,3,30,20,3,0,0,7,18,0,0,0,0,0,0,0,0,0,0,1.0,1.0,1.0,0.0,0.0,0.0,2,0,0
5542,44,17,27,0,11,3,30,20,3,0,0,7,18,0,0,0,0,0,0,0,0,0,0,1.0,1.0,1.0,0.0,0.0,0.0,2,0,0
5543,44,17,27,0,11,3,30,20,3,0,0,7,18,0,0,0,0,0,0,0,0,0,0,1.0,1.0,1.0,0.0,0.0,0.0,2,0,0
5544,44,17,27,0,11,3,30,20,3,0,0,7,18,0,0,0,0,0,0,0,0,0,0,1.0,1.0,1.0,0.0,0.0,0.0,2,0,0
5545,44,17,27,0,11,3,30,20,3,0,0,7,18,0,0,0,0,0,0,0,0,2,0,1.0,1.0,1.0,0.0,0.0,0.0,2,0,0
5546,44,17,27,0,11,3,30,20,3,0,0,7,18,0,0,0,0,0,0,0,0,0,0,1.0,1.0,1.0,0.0,0.0,0.0,2,0,0
5547,44,17,27,0,11,3,30,20,3,0,0,7,18,0,0,0,0,0,0,0,0,0,0,1.0,1.0,1.0,0.0,0.0,0.0,2,0,0
5548,44,17,27,0,11,3,30,20,3,0,0,7,18,0,0,0,0,0,0,0,0,0,0,1.0,1.0,1.0,0.0,0.0,0.0,2,0,0
5549,43,17,26,0,9,5,29,19,3,0,0,7,17,0,0,0,0,0,0,0,0,0,0,1.0,1.0,0.95,0.0,0.0,0.0,2,0,1
5550,43,17,26,0,9,5,29,19,3,0,0,7,17,0,0,0,0,0,0,0,0,0,0,1.0,1.0,1.0,0.0,0.0,0.0,2,0,0
5551,43,17,26,0,9,5,29,19,3,0,0,7,17,0,0,0,0,0,0,0,0,0,0,1.0,1.0,1.0,0.0,0.0,0.0,2,0,0
5552,43,17,26,0,9,5,29,19,3,0,0,7,17,0,0,0,0,0,0,0,0,0,0,1.0,1.0,1.0,0.0,0.0,0.0,2,0,0
5553,43,17,26,0,9,5,29,19,3,0,0,7,17,0,0,0,0,0,0,0,0,0,0,1.0,1.0,1.0,0.0,0.0,0.0,2,0,0
5554,43,17,26,0,9,5,29,19,3,0,0,7,17,0,0,0,0,0,0,0,0,0,0,1.0,1.0,1.0,0.0,0.0,0.0,2,0,0
5555,43,17,26,0,9,5,29,19,3,0,0,7,17,0,0,0,0,0,0,0,0,0,0,1.0,1.0,1.0,0.0,0.0,0.0,2,0,0
5556,43,17,26,0,9,5,29,19,3,0,0,7,17,0,0,0,0,0,0,0,0,0,0,1.0,1.0,1.0,0.0,0.0,0.0,2,0,0
5557,43,17,26,0,9,5,29,19,3,0,0,7,17,0,0,0,0,0,0,0,0,0,0,1.0,1.0,1.0,0.0,0.0,0.0,2,0,0
5558,43,17,26,0,9,5,29,19,3,0,0,7,17,0,0,0,0,0,0,0,0,0,0,1.0,1.0,1.0,0.0,0.0,0.0,2,0,0
5559,43,17,26,0,9,5,29,19,3,0,0,7,17,0,0,0,0,0,0,0,0,0,0,1.0,1.0,1.0,0.0,0.0,0.0,2,0,0
5560,43,17,26,0,9,5,29,19,3,0,0,7,17,0,0,0,0,0,0,0,0,0,0,1.0,1.0,1.0,0.0,0.0,0.0,2,0,0
5561,43,17,26,0,9,4,30,20,3,0,0,7,17,0,0,0,8,0,0,0,0,0,0,1.0,1.0,1.0,0.0,0.0,0.0,2,0,0
5562,43,17,26,0,9,4,30,20,3,0,0,7,17,0,0,0,0,0,0,0,0,0,0,1.0,1.0,1.0,0.0,0.0,0.0,2,0,0
5563,43,17,26,0,9,4,30,20,3,0,0,7,17,0,0,0,0,0,0,0,0,0,0,1.0,1.0,1.0,0.0,0.0,0.0,2,0,0
5564,43,17,26,0,9,4,30,20,3,0,0,7,17,0,0,0,0,0,0,0,0,0,0,1.0,1.0,1.0,0.0,0.0,0.0,2,0,0
5565,43,17,26,0,9,4,30,20,3,0,0,7,17,0,0,0,0,0,0,0,0,0,0,1.0,1.0,1.0,0.0,0.0,0.0,2,0,0
5566,43,17,26,0,9,4,30,20,3,0,0,7,17,0,0,0,0,0,0,0,0,0,0,1.0,1.0,1.0,0.0,0.0,0.0,2,0,0
5567,43,17,26,0,9,4,30,20,3,0,0,7,17,0,0,0,0,0,0,0,0,0,0,1.0,1.0,1.0,0.0,0.0,0.0,2,0,0
5568,43,17,26,0,9,4,30,20,3,0,0,8,17,1,0,0,0,0,0,0,0,0,0,1.0,1.0,1.0,0.0,0.0,0.0,2,0,0
5569,43,17,26,0,9,4,30,20,3,0,0,8,17,0,0,0,0,0,0,0,0,0,0,1.0,1.0,1.0,0.0,0.0,0.0,2,0,0
5570,51,22,29,8,9,4,30,20,2,0,2,9,17,1,0,0,7,1,0,2,0,0,0,1.0,1.0,1.0,0.18604651162790697,0.18604651162790697,0.14285714285714285,2,8,0
5571,51,22,29,8,9,4,30,20,2,0,2,9,17,0,0,0,0,0,0,0,0,0,0,1.0,1.0,1.0,0.0,0.0,0.0,2,0,0
5572,51,22,29,8,9,4,30,20,2,0,2,10,17,1,0,0,0,0,0,0,0,0,0,1.0,1.0,1.0,0.0,0.0,0.0,2,0,0
5573,50,22,28,8,9,4,29,19,2,0,2,10,18,0,2,0,0,0,0,0,0,0,0,1.0,1.0,0.95,0.0,0.0,0.0,2,0,1
5574,49,21,28,7,9,4,29,19,2,0,2,10,18,0,0,0,0,0,0,0,1,0,1,0.9411764705882353,1.0,1.0,0.0,0.0,0.0,2,0,1
5575,49,21,28,7,9,4,29,19,2,0,2,10,18,0,0,0,0,0,0,0,0,0,0,1.0,1.0,1.0,0.0,0.0,0.0,2,0,0
5576,52,22,30,10,9,4,29,19,1,0,3,10,18,0,0,0,0,0,0,1,0,0,0,1.0,1.0,1.0,0.061224489795918366,0.061224489795918366,0.0,2,3,0
5577,51,21,30,10,8,4,29,19,1,0,3,10,18,0,0,0,0,0,0,0,1,0,1,0.9473684210526316,1.0,1.0,0.0,0.0,0.0,2,0,1
5578,50,21,29,9,8,4,29,19,1,0,3,10,18,0,0,0,0,0,0,0,1,0,1,0.9444444444444444,1.0,1.0,0.0,0.0,0.0,2,0,1
5579,50,21,29,9,8,4,29,19,1,0,3,10,18,0,0,0,0,0,0,0,0,0,0,1.0,1.0,1.0,0.0,0.0,0.0,2,0,0
5580,50,21,29,9,8,4,29,19,1,0,3,10,18,0,0,0,0,0,0,0,0,0,0,1.0,1.0,1.0,0.0,0.0,0.0,2,0,0
5581,50,21,29,9,8,4,29,19,1,0,3,10,18,0,0,0,0,0,0,0,0,0,0,1.0,1.0,1.0,0.0,0.0,0.0,2,0,0
5582,49,20,29,9,7,4,29,19,1,0,3,9,18,0,0,0,0,0,0,0,1,0,1,0.9411764705882353,1.0,1.0,0.0,0.0,0.0,2,0,1
5583,49,20,29,9,7,4,29,19,1,0,3,9,18,0,0,0,0,0,0,0,0,0,0,1.0,1.0,1.0,0.0,0.0,0.0,2,0,0
5584,49,20,29,9,7,3,30,20,2,0,3,9,18,0,0,0,4,1,0,0,0,0,0,1.0,1.0,1.0,0.0,0.0,0.25,2,0,0
5585,49,20,29,9,7,3,30,20,2,0,3,9,18,0,0,0,0,0,0,0,0,0,0,1.0,1.0,1.0,0.0,0.0,0.0,2,0,0
5586,49,20,29,9,7,3,30,20,2,0,3,9,18,0,0,0,0,0,0,0,0,0,0,1.0,1.0,1.0,0.0,0.0,0.0,2,0,0
5587,49,20,29,9,7,3,30,20,2,0,3,9,18,0,0,0,0,0,0,0,0,0,0,1.0,1.0,1.0,0.0,0.0,0.0,2,0,0
5588,49,20,29,9,7,3,30,20,2,0,3,9,18,0,0,0,0,0,0,0,0,0,0,1.0,1.0,1.0,0.0,0.0,0.0,2,0,0
5589,49,20,29,9,7,3,30,20,2,0,3,9,18,0,0,0,0,0,0,0,0,0,0,1.0,1.0,1.0,0.0,0.0,0.0,2,0,0
5590,49,20,29,9,7,3,30,20,2,0,3,9,18,0,0,0,0,0,0,0,0,0,0,1.0,1.0,1.0,0.0,0.0,0.0,2,0,0
5591,49,20,29,9,7,3,30,20,2,0,3,9,18,0,0,0,0,0,0,0,0,0,0,1.0,1.0,1.0,0.0,0.0,0.0,2,0,0
5592,49,20,29,9,7,3,30,20,2,0,3,9,18,0,0,0,0,0,0,0,0,0,0,1.0,1.0,1.0,0.0,0.0,0.0,2,0,0
5593,49,20,29,9,7,3,30,20,2,0,3,9,18,0,0,0,0,0,0,0,0,0,0,1.0,1.0,1.0,0.0,0.0,0.0,2,0,0
5594,49,20,29,9,7,3,30,20,2,0,3,9,18,0,0,0,0,0,0,0,0,0,0,1.0,1.0,1.0,0.0,0.0,0.0,2,0,0
5595,49,20,29,9,7,3,30,20,2,0,3,9,18,0,0,0,0,0,0,0,0,0,0,1.0,1.0,1.0,0.0,0.0,0.0,2,0,0
5596,49,20,29,9,7,3,30,20,2,0,3,9,18,0,0,0,0,0,0,0,0,0,0,1.0,1.0,1.0,0.0,0.0,0.0,2,0,0
5597,49,20,29,9,7,3,30,20,2,0,3,9,18,0,0,0,0,0,0,0,0,0,0,1.0,1.0,1.0,0.0,0.0,0.0,2,0,0
5598,49,20,29,9,7,3,30,20,2,0,3,9,18,0,0,0,0,0,0,0,0,0,0,1.0,1.0,1.0,0.0,0.0,0.0,2,0,0
5599,49,20,29,9,7,3,30,20,2,0,3,9,18,0,0,0,0,0,0,0,0,0,0,1.0,1.0,1.0,0.0,0.0,0.0,2,0,0
5600,49,20,29,9,7,3,30,20,2,0,3,9,18,0,0,0,0,0,0,0,0,0,0,1.0,1.0,1.0,0.0,0.0,0.0,2,0,0
5601,48,20,28,9,6,3,30,20,2,0,3,9,18,0,0,0,0,0,0,0,1,0,1,0.9375,1.0,1.0,0.0,0.0,0.0,2,0,1
5602,48,20,28,9,6,3,30,20,2,0,3,9,18,0,0,0,0,0,0,0,0,0,0,1.0,1.0,1.0,0.0,0.0,0.0,2,0,0
5603,48,20,28,9,6,3,30,20,2,0,3,9,18,0,0,0,0,0,0,0,0,0,0,1.0,1.0,1.0,0.0,0.0,0.0,2,0,0
5604,48,20,28,9,6,3,30,20,2,0,3,9,18,0,0,0,0,0,0,0,0,0,0,1.0,1.0,1.0,0.0,0.0,0.0,2,0,0
5605,48,20,28,9,6,3,30,20,2,0,3,9,18,0,0,0,0,0,0,0,0,0,0,1.0,1.0,1.0,0.0,0.0,0.0,2,0,0
5606,48,20,28,9,6,3,30,20,2,0,3,9,18,0,0,0,0,0,0,0,0,0,0,1.0,1.0,1.0,0.0,0.0,0.0,2,0,0
5607,48,20,28,9,6,3,30,20,2,0,3,9,18,0,0,0,0,0,0,0,0,0,0,1.0,1.0,1.0,0.0,0.0,0.0,2,0,0
5608,48,20,28,9,6,3,30,20,2,0,3,9,18,0,0,0,0,0,0,0,0,0,0,1.0,1.0,1.0,0.0,0.0,0.0,2,0,0
5609,47,19,28,9,6,3,29,20,2,0,3,8,18,0,0,0,0,0,0,0,0,2,0,1.0,0.9,1.0,0.0,0.0,0.0,2,0,1
5610,47,19,28,9,6,3,29,20,2,0,3,8,18,0,0,0,0,0,0,0,0,0,0,1.0,1.0,1.0,0.0,0.0,0.0,2,0,0
5611,45,18,27,8,5,3,29,20,2,0,3,8,18,0,0,0,0,0,0,0,2,0,2,0.8666666666666667,1.0,1.0,0.0,0.0,0.0,2,0,2
5612,45,18,27,8,5,3,29,20,2,0,3,8,18,0,0,0,0,0,0,0,0,0,0,1.0,1.0,1.0,0.0,0.0,0.0,2,0,0
5613,45,18,27,2,9,5,29,20,2,0,3,8,18,0,0,0,0,0,0,0,0,0,0,1.0,1.0,1.0,0.0,0.0,0.0,2,0,0
5614,45,18,27,2,9,5,29,20,2,0,3,8,18,0,0,0,0,0,0,0,0,0,0,1.0,1.0,1.0,0.0,0.0,0.0,2,0,0
5615,45,18,27,2,9,5,29,20,2,0,1,8,18,0,0,0,0,0,0,0,0,0,0,1.0,1.0,1.0,0.0,0.0,0.0,2,0,0
5616,45,18,27,2,9,5,29,20,2,0,1,8,18,0,0,0,2,0,0,0,0,0,0,1.0,1.0,1.0,0.0,0.0,0.0,2,0,0
5617,45,18,27,2,9,5,29,20,3,0,1,8,18,0,0,0,3,1,0,0,0,0,0,1.0,1.0,1.0,0.0,0.0,0.3333333333333333,2,0,0
5618,45,18,27,2,9,5,29,20,3,0,1,8,18,0,0,0,0,0,0,0,0,0,0,1.0,1.0,1.0,0.0,0.0,0.0,2,0,0
5619,45,18,27,0,11,5,29,20,3,0,1,8,18,0,0,0,0,0,0,0,0,0,0,1.0,1.0,1.0,0.0,0.0,0.0,2,0,0
5620,45,18,27,0,11,5,29,20,3,0,1,8,18,0,0,0,0,0,0,0,0,0,0,1.0,1.0,1.0,0.0,0.0,0.0,2,0,0
5621,45,18,27,0,11,5,29,20,3,0,0,8,18,0,0,0,0,0,0,0,0,0,0,1.0,1.0,1.0,0.0,0.0,0.0,2,0,0
5622,45,18,27,0,11,5,29,20,4,0,0,8,18,0,0,0,7,1,0,0,0,0,0,1.0,1.0,1.0,0.0,0.0,0.14285714285714285,2,0,0
5623,45,18,27,0,11,5,29,20,4,0,0,8,18,0,0,0,0,0,0,0,0,0,0,1.0,1.0,1.0,0.0,0.0,0.0,2,0,0
5624,45,18,27,0,11,5,29,20,4,0,0,8,18,0,0,0,0,0,0,0,0,3,0,1.0,1.0,1.0,0.0,0.0,0.0,2,0,0
5625,45,18,27,0,11,5,29,20,4,0,0,8,18,0,0,0,0,0,0,0,0,0,0,1.0,1.0,1.0,0.0,0.0,0.0,2,0,0
5626,44,18,26,0,11,5,28,19,3,0,0,8,18,0,0,0,0,0,0,0,0,0,0,1.0,1.0,0.95,0.0,0.0,0.0,2,0,1
5627,44,18,26,0,11,5,28,19,3,0,0,8,18,0,0,0,0,0,0,0,0,0,0,1.0,1.0,1.0,0.0,0.0,0.0,2,0,0
5628,44,18,26,0,8,8,28,19,3,0,0,8,18,0,0,0,0,0,0,0,0,0,0,1.0,1.0,1.0,0.0,0.0,0.0,2,0,0
5629,44,18,26,0,8,8,28,19,3,0,0,8,18,0,0,0,0,0,0,0,0,0,0,1.0,1.0,1.0,0.0,0.0,0.0,2,0,0
5630,44,18,26,0,8,8,28,19,3,0,0,8,18,0,0,0,0,0,0,0,0,0,0,1.0,1.0,1.0,0.0,0.0,0.0,2,0,0
5631,44,18,26,0,8,8,28,19,3,0,0,8,18,0,0,0,0,0,0,0,0,0,0,1.0,1.0,1.0,0.0,0.0,0.0,2,0,0
5632,44,18,26,0,8,8,28,19,3,0,0,8,18,0,0,0,0,0,0,0,0,0,0,1.0,1.0,1.0,0.0,0.0,0.0,2,0,0
5633,44,18,26,0,8,8,28,19,3,0,0,8,18,0,0,0,0,0,0,0,0,0,0,1.0,1.0,1.0,0.0,0.0,0.0,2,0,0
5634,44,18,26,0,8,8,28,19,3,0,0,8,18,0,0,0,0,0,0,0,0,0,0,1.0,1.0,1.0,0.0,0.0,0.0,2,0,0
5635,47,19,28,3,8,8,28,19,2,0,1,8,18,0,0,0,0,0,0,1,0,0,0,1.0,1.0,1.0,0.06818181818181818,0.06818181818181818,0.0,2,3,0
5636,47,19,28,3,8,8,28,19,2,0,1,8,18,0,0,0,0,0,0,0,0,0,0,1.0,1.0,1.0,0.0,0.0,0.0,2,0,0
5637,47,19,28,3,8,8,28,19,2,0,1,8,18,0,0,0,0,0,0,0,0,0,0,1.0,1.0,1.0,0.0,0.0,0.0,2,0,0
5638,47,19,28,3,8,7,29,20,2,0,1,8,18,0,0,0,0,0,0,0,0,0,0,1.0,1.0,1.0,0.0,0.0,0.0,2,0,0
5639,47,19,28,3,8,7,29,20,2,0,1,8,18,0,0,0,0,0,0,0,0,0,0,1.0,1.0,1.0,0.0,0.0,0.0,2,0,0
5640,47,19,28,3,8,7,29,20,2,0,1,8,18,0,0,0,0,0,0,0,0,0,0,1.0,1.0,1.0,0.0,0.0,0.0,2,0,0
5641,47,19,28,3,8,7,29,20,2,0,1,8,18,0,0,0,0,0,0,0,0,0,0,1.0,1.0,1.0,0.0,0.0,0.0,2,0,0
5642,47,19,28,3,8,7,29,20,2,0,1,8,18,0,0,0,0,0,0,0,0,0,0,1.0,1.0,1.0,0.0,0.0,0.0,2,0,0
5643,46,18,28,3,7,7,29,20,2,0,1,8,18,0,0,0,0,0,0,0,1,0,1,0.9090909090909091,1.0,1.0,0.0,0.0,0.0,2,0,1
5644,46,18,28,3,7,7,29,20,2,0,1,8,18,0,0,0,0,0,0,0,0,0,0,1.0,1.0,1.0,0.0,0.0,0.0,2,0,0
5645,46,18,28,3,7,7,29,20,2,0,1,8,18,0,0,0,0,0,0,0,0,0,0,1.0,1.0,1.0,0.0,0.0,0.0,2,0,0
5646,46,18,28,3,7,7,29,20,2,0,1,8,18,0,0,0,0,0,0,0,0,0,0,1.0,1.0,1.0,0.0,0.0,0.0,2,0,0
5647,46,18,28,3,7,7,29,20,2,0,1,8,18,0,0,0,0,0,0,0,0,0,0,1.0,1.0,1.0,0.0,0.0,0.0,2,0,0
5648,46,18,28,3,7,7,29,20,2,0,1,8,18,0,0,0,0,0,0,0,0,0,0,1.0,1.0,1.0,0.0,0.0,0.0,2,0,0
5649,49,19,30,6,7,7,29,20,1,0,2,8,18,0,0,0,0,0,0,1,0,0,0,1.0,1.0,1.0,0.06521739130434782,0.06521739130434782,0.0,2,3,0
5650,49,19,30,6,7,7,29,20,1,0,2,8,18,0,0,0,0,0,0,0,0,0,0,1.0,1.0,1.0,0.0,0.0,0.0,2,0,0
5651,48,18,30,6,6,7,29,20,1,0,2,8,18,0,0,0,0,0,0,0,1,0,1,0.9230769230769231,1.0,1.0,0.0,0.0,0.0,2,0,1
5652,48,18,30,6,6,7,29,20,1,0,2,8,18,0,0,0,0,0,0,0,0,0,0,1.0,1.0,1.0,0.0,0.0,0.0,2,0,0
5653,48,18,30,6,6,7,29,20,1,0,2,8,18,0,0,0,0,0,0,0,0,0,0,1.0,1.0,1.0,0.0,0.0,0.0,2,0,0
5654,47,17,30,5,6,7,29,20,1,0,2,8,18,0,0,0,0,0,0,0,1,0,1,0.9166666666666666,1.0,1.0,0.0,0.0,0.0,2,0,1
5655,47,17,30,5,6,7,29,20,1,0,2,8,18,0,0,0,0,0,0,0,0,0,0,1.0,1.0,1.0,0.0,0.0,0.0,2,0,0
5656,47,17,30,5,6,7,29,20,1,0,2,8,18,0,0,0,0,0,0,0,0,0,0,1.0,1.0,1.0,0.0,0.0,0.0,2,0,0
5657,47,17,30,5,6,7,29,20,1,0,2,8,18,0,0,0,0,0,0,0,0,0,0,1.0,1.0,1.0,0.0,0.0,0.0,2,0,0
5658,47,17,30,5,6,7,29,20,1,0,2,9,18,1,0,0,0,0,0,0,0,0,0,1.0,1.0,1.0,0.0,0.0,0.0,2,0,0
5659,47,17,30,5,6,7,29,20,1,0,2,9,18,0,0,0,0,0,0,0,0,0,0,1.0,1.0,1.0,0.0,0.0,0.0,2,0,0
5660,47,17,30,5,6,7,29,20,1,0,2,9,18,0,0,0,0,0,0,0,0,0,0,1.0,1.0,1.0,0.0,0.0,0.0,2,0,0
5661,47,17,30,5,6,7,29,20,1,0,2,9,18,0,0,0,0,0,0,0,0,0,0,1.0,1.0,1.0,0.0,0.0,0.0,2,0,0
5662,47,17,30,5,6,7,29,20,1,0,2,9,18,0,0,0,0,0,0,0,0,0,0,1.0,1.0,1.0,0.0,0.0,0.0,2,0,0
5663,47,17,30,5,6,7,29,20,1,0,2,9,18,0,0,0,0,0,0,0,0,0,0,1.0,1.0,1.0,0.0,0.0,0.0,2,0,0
5664,47,17,30,5,6,7,29,20,1,0,2,9,19,0,1,0,0,0,0,0,0,0,0,1.0,1.0,1.0,0.0,0.0,0.0,2,0,0
5665,47,17,30,5,6,7,29,20,1,0,2,9,19,0,0,0,0,0,0,0,0,0,0,1.0,1.0,1.0,0.0,0.0,0.0,2,0,0
5666,47,17,30,5,6,7,29,20,1,0,2,9,19,0,0,0,0,0,0,0,0,0,0,1.0,1.0,1.0,0.0,0.0,0.0,2,0,0
5667,47,17,30,5,6,7,29,20,1,0,2,9,19,0,0,0,0,0,0,0,0,0,0,1.0,1.0,1.0,0.0,0.0,0.0,2,0,0
5668,47,17,30,5,6,7,29,20,1,0,2,9,19,0,0,0,0,0,0,0,0,0,0,1.0,1.0,1.0,0.0,0.0,0.0,2,0,0
5669,46,16,30,5,5,7,29,20,1,0,2,9,19,0,0,0,0,0,0,0,1,0,1,0.9090909090909091,1.0,1.0,0.0,0.0,0.0,2,0,1
5670,46,16,30,5,5,7,29,20,1,0,2,9,19,0,0,0,0,0,0,0,0,0,0,1.0,1.0,1.0,0.0,0.0,0.0,2,0,0
5671,46,16,30,5,5,7,29,20,1,0,2,9,19,0,0,0,0,0,0,0,0,0,0,1.0,1.0,1.0,0.0,0.0,0.0,2,0,0
5672,44,15,29,4,4,7,29,20,1,0,2,9,19,0,0,0,0,0,0,0,2,0,2,0.8,1.0,1.0,0.0,0.0,0.0,2,0,2
5673,44,15,29,4,4,7,29,20,1,0,2,9,19,0,0,0,0,0,0,0,0,0,0,1.0,1.0,1.0,0.0,0.0,0.0,2,0,0
5674,44,15,29,4,4,7,29,20,1,0,2,9,19,0,0,0,0,0,0,0,0,0,0,1.0,1.0,1.0,0.0,0.0,0.0,2,0,0
5675,43,15,28,4,3,7,29,20,1,0,2,9,19,0,0,0,0,0,0,0,1,0,1,0.875,1.0,1.0,0.0,0.0,0.0,2,0,1
5676,43,15,28,4,3,7,29,20,1,0,2,9,19,0,0,0,0,0,0,0,0,0,0,1.0,1.0,1.0,0.0,0.0,0.0,2,0,0
5677,43,15,28,4,3,7,29,20,1,0,2,9,19,0,0,0,0,0,0,0,0,0,0,1.0,1.0,1.0,0.0,0.0,0.0,2,0,0
5678,43,15,28,2,5,7,29,20,1,0,2,9,19,0,0,0,0,0,0,0,0,0,0,1.0,1.0,1.0,0.0,0.0,0.0,2,0,0
5679,43,15,28,2,5,7,29,20,1,0,2,9,19,0,0,0,0,0,0,0,0,0,0,1.0,1.0,1.0,0.0,0.0,0.0,2,0,0
5680,43,15,28,2,5,7,29,20,1,0,1,9,19,0,0,0,0,0,0,0,0,0,0,1.0,1.0,1.0,0.0,0.0,0.0,2,0,0
5681,43,15,28,2,5,7,29,20,1,0,1,9,19,0,0,0,0,0,0,0,0,0,0,1.0,1.0,1.0,0.0,0.0,0.0,2,0,0
5682,43,15,28,2,5,7,29,20,1,0,1,9,19,0,0,0,0,0,0,0,0,0,0,1.0,1.0,1.0,0.0,0.0,0.0,2,0,0
5683,43,15,28,2,5,7,29,20,1,0,1,9,19,0,0,0,0,0,0,0,0,0,0,1.0,1.0,1.0,0.0,0.0,0.0,2,0,0
5684,43,15,28,2,5,5,31,20,1,0,1,9,19,0,0,0,0,0,0,0,0,0,0,1.0,1.0,1.0,0.0,0.0,0.0,2,0,0
5685,43,15,28,2,5,5,31,20,1,0,1,9,19,0,0,0,0,0,0,0,0,0,0,1.0,1.0,1.0,0.0,0.0,0.0,2,0,0
5686,43,15,28,2,5,5,31,20,1,0,1,9,19,0,0,0,0,0,0,0,0,0,0,1.0,1.0,1.0,0.0,0.0,0.0,2,0,0
5687,47,16,31,6,5,5,31,20,0,0,2,9,19,0,0,0,0,0,0,1,0,0,0,1.0,1.0,1.0,0.09302325581395349,0.09302325581395349,0.0,2,4,0
5688,47,16,31,6,5,5,31,20,0,0,2,9,19,0,0,0,0,0,0,0,0,0,0,1.0,1.0,1.0,0.0,0.0,0.0,2,0,0
5689,47,16,31,6,5,5,31,20,0,0,2,9,19,0,0,0,0,0,0,0,0,0,0,1.0,1.0,1.0,0.0,0.0,0.0,2,0,0
5690,47,16,31,6,5,5,31,20,0,0,2,9,19,0,0,0,0,0,0,0,0,0,0,1.0,1.0,1.0,0.0,0.0,0.0,2,0,0
5691,47,16,31,6,5,5,31,20,0,0,2,9,19,0,0,0,0,0,0,0,0,0,0,1.0,1.0,1.0,0.0,0.0,0.0,2,0,0
5692,47,16,31,4,7,5,31,20,0,0,2,9,19,0,0,0,0,0,0,0,0,0,0,1.0,1.0,1.0,0.0,0.0,0.0,2,0,0
5693,47,16,31,4,7,5,31,20,0,0,2,9,19,0,0,0,0,0,0,0,0,0,0,1.0,1.0,1.0,0.0,0.0,0.0,2,0,0
5694,47,16,31,4,7,5,31,20,0,0,1,9,19,0,0,0,0,0,0,0,0,0,0,1.0,1.0,1.0,0.0,0.0,0.0,2,0,0
5695,46,16,30,4,6,5,31,20,1,0,1,9,19,0,0,0,4,1,0,0,1,0,1,0.9090909090909091,1.0,1.0,0.0,0.0,0.25,2,0,1
5696,46,16,30,4,6,5,31,20,1,0,1,9,19,0,0,0,0,0,0,0,0,0,0,1.0,1.0,1.0,0.0,0.0,0.0,2,0,0
5697,46,16,30,4,6,5,31,20,1,0,1,9,19,0,0,0,0,0,0,0,0,0,0,1.0,1.0,1.0,0.0,0.0,0.0,2,0,0
5698,46,16,30,4,6,5,31,20,1,0,1,9,19,0,0,0,0,0,0,0,0,0,0,1.0,1.0,1.0,0.0,0.0,0.0,2,0,0
5699,46,16,30,4,6,5,31,20,1,0,1,9,19,0,0,0,0,0,0,0,0,0,0,1.0,1.0,1.0,0.0,0.0,0.0,2,0,0
5700,46,16,30,4,6,5,31,20,1,0,1,9,19,0,0,0,0,0,0,0,0,0,0,1.0,1.0,1.0,0.0,0.0,0.0,2,0,0
5701,45,15,30,3,6,5,31,20,1,0,1,9,19,0,0,0,0,0,0,0,1,0,1,0.9,1.0,1.0,0.0,0.0,0.0,2,0,1
5702,45,15,30,3,6,5,31,20,1,0,1,9,19,0,0,0,0,0,0,0,0,0,0,1.0,1.0,1.0,0.0,0.0,0.0,2,0,0
5703,45,15,30,3,6,5,31,20,1,0,1,9,19,0,0,0,0,0,0,0,0,0,0,1.0,1.0,1.0,0.0,0.0,0.0,2,0,0
5704,45,15,30,3,6,5,31,20,1,0,1,9,19,0,0,0,0,0,0,0,0,0,0,1.0,1.0,1.0,0.0,0.0,0.0,2,0,0
5705,45,15,30,3,6,5,31,20,1,0,1,9,19,0,0,0,0,0,0,0,0,0,0,1.0,1.0,1.0,0.0,0.0,0.0,2,0,0
5706,44,15,29,3,6,4,31,20,1,0,1,9,19,0,0,0,0,0,0,0,0,0,0,1.0,1.0,1.0,0.0,0.0,0.0,2,0,1
5707,44,15,29,3,6,4,31,20,1,0,1,9,19,0,0,0,0,0,0,0,0,0,0,1.0,1.0,1.0,0.0,0.0,0.0,2,0,0
5708,44,15,29,3,6,4,31,20,1,0,1,9,19,0,0,0,0,0,0,0,0,0,0,1.0,1.0,1.0,0.0,0.0,0.0,2,0,0
5709,44,15,29,3,6,4,31,20,1,0,1,9,19,0,0,0,0,0,0,0,0,0,0,1.0,1.0,1.0,0.0,0.0,0.0,2,0,0
5710,44,15,29,3,6,4,31,20,1,0,1,9,19,0,0,0,0,0,0,0,0,0,0,1.0,1.0,1.0,0.0,0.0,0.0,2,0,0
5711,44,15,29,3,6,4,31,20,1,0,1,9,19,0,0,0,0,0,0,0,0,0,0,1.0,1.0,1.0,0.0,0.0,0.0,2,0,0
5712,44,15,29,3,6,4,31,20,1,0,1,9,19,0,0,0,0,0,0,0,0,0,0,1.0,1.0,1.0,0.0,0.0,0.0,2,0,0
5713,44,15,29,3,6,4,31,20,1,0,1,9,19,0,0,0,0,0,0,0,0,0,0,1.0,1.0,1.0,0.0,0.0,0.0,2,0,0
5714,44,15,29,3,6,4,31,20,1,0,1,9,19,0,0,0,0,0,0,0,0,0,0,1.0,1.0,1.0,0.0,0.0,0.0,2,0,0
5715,44,15,29,3,6,4,31,20,1,0,1,9,19,0,0,0,0,0,0,0,0,0,0,1.0,1.0,1.0,0.0,0.0,0.0,2,0,0
5716,44,15,29,3,6,4,31,20,1,0,1,9,19,0,0,0,0,0,0,0,0,0,0,1.0,1.0,1.0,0.0,0.0,0.0,2,0,0
5717,44,15,29,3,6,4,31,20,1,0,1,9,19,0,0,0,0,0,0,0,0,0,0,1.0,1.0,1.0,0.0,0.0,0.0,2,0,0
5718,44,15,29,3,6,4,31,20,1,0,1,9,19,0,0,0,0,0,0,0,0,0,0,1.0,1.0,1.0,0.0,0.0,0.0,2,0,0
5719,44,15,29,3,6,4,31,20,1,0,1,9,19,0,0,0,0,0,0,0,0,0,0,1.0,1.0,1.0,0.0,0.0,0.0,2,0,0
5720,43,15,28,3,5,4,31,20,1,0,1,9,19,0,0,0,0,0,0,0,1,0,1,0.8888888888888888,1.0,1.0,0.0,0.0,0.0,2,0,1
5721,43,15,28,3,5,4,31,20,1,0,1,9,19,0,0,0,0,0,0,0,0,0,0,1.0,1.0,1.0,0.0,0.0,0.0,2,0,0
5722,43,15,28,3,5,4,31,20,1,0,1,9,19,0,0,0,0,0,0,0,0,0,0,1.0,1.0,1.0,0.0,0.0,0.0,2,0,0
5723,43,15,28,3,5,4,31,20,1,0,1,9,19,0,0,0,0,0,0,0,0,0,0,1.0,1.0,1.0,0.0,0.0,0.0,2,0,0
5724,42,14,28,3,5,3,31,20,1,0,1,9,19,0,0,0,0,0,0,0,0,0,0,1.0,1.0,1.0,0.0,0.0,0.0,2,0,1
5725,42,14,28,3,5,3,31,20,1,0,1,9,19,0,0,0,0,0,0,0,0,0,0,1.0,1.0,1.0,0.0,0.0,0.0,2,0,0
5726,42,14,28,3,5,3,31,20,1,0,1,9,19,0,0,0,0,0,0,0,0,0,0,1.0,1.0,1.0,0.0,0.0,0.0,2,0,0
5727,42,14,28,3,5,3,31,20,1,0,1,9,19,0,0,0,0,0,0,0,0,0,0,1.0,1.0,1.0,0.0,0.0,0.0,2,0,0
5728,41,13,28,3,5,3,30,20,1,0,1,8,19,0,0,0,0,0,0,0,0,0,0,1.0,0.9090909090909091,1.0,0.0,0.0,0.0,2,0,1
5729,41,13,28,3,5,3,30,20,1,0,1,8,19,0,0,0,0,0,0,0,0,0,0,1.0,1.0,1.0,0.0,0.0,0.0,2,0,0
5730,41,13,28,0,8,3,30,20,1,0,1,8,19,0,0,0,0,0,0,0,0,0,0,1.0,1.0,1.0,0.0,0.0,0.0,2,0,0
5731,41,13,28,0,8,2,31,21,1,0,1,8,19,0,0,0,0,0,0,0,0,0,0,1.0,1.0,1.0,0.0,0.0,0.0,2,0,0
5732,41,13,28,0,8,2,31,21,1,0,0,8,19,0,0,0,0,0,0,0,0,0,0,1.0,1.0,1.0,0.0,0.0,0.0,2,0,0
5733,41,13,28,0,8,2,31,21,1,0,0,8,19,0,0,0,4,0,0,0,0,0,0,1.0,1.0,1.0,0.0,0.0,0.0,2,0,0
5734,41,13,28,0,8,2,31,21,1,0,0,8,19,0,0,0,4,0,0,0,0,0,0,1.0,1.0,1.0,0.0,0.0,0.0,2,0,0
5735,41,13,28,0,8,2,31,21,2,0,0,8,19,0,0,0,5,1,0,0,0,0,0,1.0,1.0,1.0,0.0,0.0,0.2,2,0,0
5736,41,13,28,0,8,2,31,21,2,0,0,8,19,0,0,0,0,0,0,0,0,0,0,1.0,1.0,1.0,0.0,0.0,0.0,2,0,0
5737,40,13,27,0,8,2,30,20,2,0,0,8,18,0,0,0,0,0,0,0,0,0,0,1.0,1.0,0.9523809523809523,0.0,0.0,0.0,2,0,1
5738,40,13,27,0,8,2,30,20,2,0,0,8,18,0,0,0,0,0,0,0,0,0,0,1.0,1.0,1.0,0.0,0.0,0.0,2,0,0
5739,40,13,27,0,8,2,30,20,3,0,0,8,18,0,0,0,7,1,0,0,0,0,0,1.0,1.0,1.0,0.0,0.0,0.14285714285714285,2,0,0
5740,40,13,27,0,8,2,30,20,3,0,0,8,18,0,0,0,0,0,0,0,0,0,0,1.0,1.0,1.0,0.0,0.0,0.0,2,0,0
5741,40,13,27,0,8,2,30,20,3,0,0,8,18,0,0,0,0,0,0,0,0,0,0,1.0,1.0,1.0,0.0,0.0,0.0,2,0,0
5742,40,13,27,0,8,2,30,20,3,0,0,8,18,0,0,0,0,0,0,0,0,0,0,1.0,1.0,1.0,0.0,0.0,0.0,2,0,0
5743,40,13,27,0,8,2,30,20,3,0,0,8,18,0,0,0,0,0,0,0,0,0,0,1.0,1.0,1.0,0.0,0.0,0.0,2,0,0
5744,40,13,27,0,8,2,30,20,3,0,0,8,18,0,0,0,0,0,0,0,0,0,0,1.0,1.0,1.0,0.0,0.0,0.0,2,0,0
5745,40,13,27,0,8,2,30,20,3,0,0,8,18,0,0,0,0,0,0,0,0,0,0,1.0,1.0,1.0,0.0,0.0,0.0,2,0,0
5746,40,13,27,0,8,2,30,20,3,0,0,8,18,0,0,0,0,0,0,0,0,0,0,1.0,1.0,1.0,0.0,0.0,0.0,2,0,0
5747,40,13,27,0,8,2,30,20,3,0,0,8,18,0,0,0,0,0,0,0,0,0,0,1.0,1.0,1.0,0.0,0.0,0.0,2,0,0
5748,40,13,27,0,8,2,30,20,3,0,0,8,18,0,0,0,0,0,0,0,0,0,0,1.0,1.0,1.0,0.0,0.0,0.0,2,0,0
5749,40,13,27,0,8,2,30,20,3,0,0,8,18,0,0,0,0,0,0,0,0,0,0,1.0,1.0,1.0,0.0,0.0,0.0,2,0,0
5750,40,13,27,0,8,2,30,20,3,0,0,8,19,0,1,0,0,0,0,0,0,2,0,1.0,1.0,1.0,0.0,0.0,0.0,2,0,0
5751,40,13,27,0,8,2,30,20,3,0,0,9,19,1,0,0,0,0,0,0,0,0,0,1.0,1.0,1.0,0.0,0.0,0.0,2,0,0
5752,40,13,27,0,8,2,30,20,3,0,0,10,19,1,0,0,0,0,0,0,0,0,0,1.0,1.0,1.0,0.0,0.0,0.0,2,0,0
5753,40,13,27,0,8,2,30,20,3,0,0,11,19,1,0,0,0,0,0,0,0,0,0,1.0,1.0,1.0,0.0,0.0,0.0,2,0,0
5754,40,13,27,0,6,4,30,20,3,0,0,11,21,0,2,0,0,0,0,0,0,0,0,1.0,1.0,1.0,0.0,0.0,0.0,2,0,0
5755,40,13,27,0,6,4,30,20,3,0,0,11,21,0,0,0,0,0,0,0,0,0,0,1.0,1.0,1.0,0.0,0.0,0.0,2,0,0
5756,40,13,27,0,6,4,30,20,3,0,0,11,21,0,0,0,0,0,0,0,0,1,0,1.0,1.0,1.0,0.0,0.0,0.0,2,0,0
5757,40,13,27,0,6,4,30,20,3,0,0,11,21,0,0,0,0,0,0,0,0,0,0,1.0,1.0,1.0,0.0,0.0,0.0,2,0,0
5758,40,13,27,0,6,4,30,20,3,0,0,11,21,0,0,0,0,0,0,0,0,0,0,1.0,1.0,1.0,0.0,0.0,0.0,2,0,0
5759,40,13,27,0,6,4,30,20,3,0,0,11,21,0,0,0,0,0,0,0,0,0,0,1.0,1.0,1.0,0.0,0.0,0.0,2,0,0
5760,43,14,29,3,5,5,30,20,2,0,1,11,21,0,0,0,0,0,0,1,0,0,0,1.0,1.0,1.0,0.075,0.075,0.0,2,3,0
5761,43,14,29,3,5,5,30,20,2,0,1,11,21,0,0,0,0,0,0,0,0,0,0,1.0,1.0,1.0,0.0,0.0,0.0,2,0,0
5762,43,14,29,3,5,5,30,20,2,0,1,11,21,0,0,0,0,0,0,0,0,0,0,1.0,1.0,1.0,0.0,0.0,0.0,2,0,0
5763,43,14,29,3,5,3,32,20,2,0,1,11,21,0,0,0,0,0,0,0,0,0,0,1.0,1.0,1.0,0.0,0.0,0.0,2,0,0
5764,43,14,29,3,5,3,32,20,2,0,1,11,21,0,0,0,0,0,0,0,0,0,0,1.0,1.0,1.0,0.0,0.0,0.0,2,0,0
5765,43,14,29,3,5,3,32,20,2,0,1,11,21,0,0,0,0,0,0,0,0,0,0,1.0,1.0,1.0,0.0,0.0,0.0,2,0,0
5766,43,14,29,3,5,3,32,20,2,0,1,11,21,0,0,0,0,0,0,0,0,0,0,1.0,1.0,1.0,0.0,0.0,0.0,2,0,0
5767,43,14,29,3,5,3,32,20,2,0,1,11,21,0,0,0,0,0,0,0,0,0,0,1.0,1.0,1.0,0.0,0.0,0.0,2,0,0
5768,43,14,29,3,5,3,32,20,2,0,1,11,21,0,0,0,0,0,0,0,0,0,0,1.0,1.0,1.0,0.0,0.0,0.0,2,0,0
5769,43,14,29,3,5,3,32,20,2,0,1,11,21,0,0,0,0,0,0,0,0,0,0,1.0,1.0,1.0,0.0,0.0,0.0,2,0,0
5770,43,14,29,3,5,3,32,20,2,0,1,11,21,0,0,0,0,0,0,0,0,0,0,1.0,1.0,1.0,0.0,0.0,0.0,2,0,0
5771,43,14,29,3,5,3,32,20,2,0,1,11,21,0,0,0,0,0,0,0,0,0,0,1.0,1.0,1.0,0.0,0.0,0.0,2,0,0
5772,43,14,29,3,5,3,32,20,2,0,1,11,21,0,0,0,0,0,0,0,0,0,0,1.0,1.0,1.0,0.0,0.0,0.0,2,0,0
5773,43,14,29,3,5,3,32,20,2,0,1,11,21,0,0,0,0,0,0,0,0,0,0,1.0,1.0,1.0,0.0,0.0,0.0,2,0,0
5774,43,14,29,3,5,3,32,20,2,0,1,11,21,0,0,0,0,0,0,0,0,0,0,1.0,1.0,1.0,0.0,0.0,0.0,2,0,0
5775,43,14,29,3,5,3,32,20,2,0,1,11,21,0,0,0,0,0,0,0,0,0,0,1.0,1.0,1.0,0.0,0.0,0.0,2,0,0
5776,43,14,29,3,5,3,32,20,2,0,1,11,21,0,0,0,0,0,0,0,0,0,0,1.0,1.0,1.0,0.0,0.0,0.0,2,0,0
5777,43,14,29,3,5,3,32,20,2,0,1,11,21,0,0,0,0,0,0,0,0,0,0,1.0,1.0,1.0,0.0,0.0,0.0,2,0,0
5778,43,14,29,3,5,3,32,20,2,0,1,11,21,0,0,0,0,0,0,0,0,0,0,1.0,1.0,1.0,0.0,0.0,0.0,2,0,0
5779,43,14,29,3,5,3,32,20,2,0,1,11,21,0,0,0,0,0,0,0,0,0,0,1.0,1.0,1.0,0.0,0.0,0.0,2,0,0
5780,43,14,29,3,5,3,32,20,2,0,1,11,21,0,0,0,0,0,0,0,0,0,0,1.0,1.0,1.0,0.0,0.0,0.0,2,0,0
5781,43,14,29,3,5,3,32,20,2,0,1,11,21,0,0,0,0,0,0,0,0,0,0,1.0,1.0,1.0,0.0,0.0,0.0,2,0,0
5782,43,14,29,3,5,3,32,20,2,0,1,11,21,0,0,0,0,0,0,0,0,0,0,1.0,1.0,1.0,0.0,0.0,0.0,2,0,0
5783,43,14,29,3,5,3,32,20,2,0,1,11,21,0,0,0,0,0,0,0,0,0,0,1.0,1.0,1.0,0.0,0.0,0.0,2,0,0
5784,43,14,29,3,5,3,32,20,2,0,1,11,21,0,0,0,0,0,0,0,0,0,0,1.0,1.0,1.0,0.0,0.0,0.0,2,0,0
5785,43,14,29,3,5,3,32,20,2,0,1,11,21,0,0,0,0,0,0,0,0,0,0,1.0,1.0,1.0,0.0,0.0,0.0,2,0,0
5786,43,14,29,3,5,3,32,20,2,0,1,11,21,0,0,0,0,0,0,0,0,0,0,1.0,1.0,1.0,0.0,0.0,0.0,2,0,0
5787,43,14,29,3,5,3,32,20,2,0,1,11,21,0,0,0,0,0,0,0,0,0,0,1.0,1.0,1.0,0.0,0.0,0.0,2,0,0
5788,43,14,29,3,5,3,32,20,2,0,1,11,21,0,0,0,0,0,0,0,0,0,0,1.0,1.0,1.0,0.0,0.0,0.0,2,0,0
5789,43,14,29,3,5,3,32,20,2,0,1,11,21,0,0,0,0,0,0,0,0,0,0,1.0,1.0,1.0,0.0,0.0,0.0,2,0,0
5790,43,14,29,3,5,3,32,20,2,0,1,11,21,0,0,0,0,0,0,0,0,0,0,1.0,1.0,1.0,0.0,0.0,0.0,2,0,0
5791,43,14,29,3,5,3,32,20,2,0,1,11,21,0,0,0,0,0,0,0,0,0,0,1.0,1.0,1.0,0.0,0.0,0.0,2,0,0
5792,43,14,29,3,5,3,32,20,2,0,1,11,21,0,0,0,0,0,0,0,0,0,0,1.0,1.0,1.0,0.0,0.0,0.0,2,0,0
5793,43,14,29,3,5,3,32,20,2,0,1,11,21,0,0,0,0,0,0,0,0,0,0,1.0,1.0,1.0,0.0,0.0,0.0,2,0,0
5794,43,14,29,3,5,3,32,20,2,0,1,11,21,0,0,0,0,0,0,0,0,0,0,1.0,1.0,1.0,0.0,0.0,0.0,2,0,0
5795,43,14,29,3,5,3,32,20,2,0,1,11,21,0,0,0,0,0,0,0,0,0,0,1.0,1.0,1.0,0.0,0.0,0.0,2,0,0
5796,43,14,29,3,5,3,32,20,2,0,1,11,21,0,0,0,0,0,0,0,0,0,0,1.0,1.0,1.0,0.0,0.0,0.0,2,0,0
5797,43,14,29,3,5,3,32,20,2,0,1,11,21,0,0,0,0,0,0,0,0,0,0,1.0,1.0,1.0,0.0,0.0,0.0,2,0,0
5798,43,14,29,3,5,3,32,20,2,0,1,11,21,0,0,0,0,0,0,0,0,0,0,1.0,1.0,1.0,0.0,0.0,0.0,2,0,0
5799,43,14,29,3,5,3,32,20,2,0,1,11,21,0,0,0,0,0,0,0,0,0,0,1.0,1.0,1.0,0.0,0.0,0.0,2,0,0
5800,47,16,31,7,5,3,32,20,1,0,2,11,21,0,0,0,0,0,0,1,0,0,0,1.0,1.0,1.0,0.09302325581395349,0.09302325581395349,0.0,2,4,0
5801,47,16,31,7,5,3,32,20,1,0,2,11,21,0,0,0,0,0,0,0,0,0,0,1.0,1.0,1.0,0.0,0.0,0.0,2,0,0
5802,46,16,30,6,5,3,32,20,1,0,2,11,21,0,0,0,0,0,0,0,1,0,1,0.9166666666666666,1.0,1.0,0.0,0.0,0.0,2,0,1
5803,46,16,30,4,7,3,32,20,1,0,2,11,21,0,0,0,0,0,0,0,0,0,0,1.0,1.0,1.0,0.0,0.0,0.0,2,0,0
5804,48,17,31,7,6,3,32,20,0,0,3,11,21,0,0,0,0,0,0,1,1,0,1,0.9090909090909091,1.0,1.0,0.06521739130434782,0.06521739130434782,0.0,2,3,1
5805,48,17,31,7,6,3,32,20,0,0,2,11,21,0,0,0,0,0,0,0,0,0,0,1.0,1.0,1.0,0.0,0.0,0.0,2,0,0
5806,48,17,31,7,6,3,32,20,0,0,2,11,21,0,0,0,0,0,0,0,0,0,0,1.0,1.0,1.0,0.0,0.0,0.0,2,0,0
5807,48,17,31,7,6,3,32,20,0,0,2,11,21,0,0,0,0,0,0,0,0,0,0,1.0,1.0,1.0,0.0,0.0,0.0,2,0,0
5808,47,16,31,7,5,3,32,20,0,0,2,11,21,0,0,0,0,0,0,0,1,0,1,0.9230769230769231,1.0,1.0,0.0,0.0,0.0,2,0,1
5809,47,16,31,7,5,3,32,20,0,0,2,11,21,0,0,0,0,0,0,0,0,0,0,1.0,1.0,1.0,0.0,0.0,0.0,2,0,0
5810,47,16,31,7,5,3,32,20,0,0,2,11,21,0,0,0,0,0,0,0,0,0,0,1.0,1.0,1.0,0.0,0.0,0.0,2,0,0
5811,47,16,31,7,5,3,32,20,0,0,2,11,21,0,0,0,0,0,0,0,0,0,0,1.0,1.0,1.0,0.0,0.0,0.0,2,0,0
5812,47,16,31,7,5,3,32,20,0,0,2,11,21,0,0,0,0,0,0,0,0,0,0,1.0,1.0,1.0,0.0,0.0,0.0,2,0,0
5813,46,15,31,6,5,3,32,20,0,0,2,11,21,0,0,0,0,0,0,0,1,0,1,0.9166666666666666,1.0,1.0,0.0,0.0,0.0,2,0,1
5814,45,15,30,6,5,3,31,19,0,0,2,11,20,0,0,0,0,0,0,0,0,0,0,1.0,1.0,0.95,0.0,0.0,0.0,2,0,1
5815,45,15,30,6,5,3,31,19,0,0,2,11,20,0,0,0,0,0,0,0,0,1,0,1.0,1.0,1.0,0.0,0.0,0.0,2,0,0
5816,45,15,30,6,5,3,31,19,0,0,2,11,20,0,0,0,0,0,0,0,0,0,0,1.0,1.0,1.0,0.0,0.0,0.0,2,0,0
5817,44,14,30,6,4,3,31,19,0,0,2,10,20,0,0,0,0,0,0,0,1,0,1,0.9090909090909091,1.0,1.0,0.0,0.0,0.0,2,0,1
5818,43,13,30,6,4,3,30,19,0,0,2,9,20,0,0,0,0,0,0,0,0,0,0,1.0,0.9166666666666666,1.0,0.0,0.0,0.0,2,0,1
5819,43,13,30,6,3,4,30,19,0,0,2,9,20,0,0,0,0,0,0,0,0,0,0,1.0,1.0,1.0,0.0,0.0,0.0,2,0,0
5820,43,13,30,6,3,4,30,19,0,0,2,9,20,0,0,0,0,0,0,0,0,0,0,1.0,1.0,1.0,0.0,0.0,0.0,2,0,0
5821,43,13,30,6,3,4,30,19,0,0,2,9,20,0,0,0,0,0,0,0,0,0,0,1.0,1.0,1.0,0.0,0.0,0.0,2,0,0
5822,43,13,30,6,3,4,30,19,0,0,2,9,20,0,0,0,0,0,0,0,0,0,0,1.0,1.0,1.0,0.0,0.0,0.0,2,0,0
5823,43,13,30,6,3,4,30,19,0,0,2,9,20,0,0,0,0,0,0,0,0,0,0,1.0,1.0,1.0,0.0,0.0,0.0,2,0,0
5824,43,13,30,6,3,4,30,19,0,0,2,9,20,0,0,0,0,0,0,0,0,0,0,1.0,1.0,1.0,0.0,0.0,0.0,2,0,0
5825,43,13,30,6,3,4,30,19,0,0,2,9,20,0,0,0,0,0,0,0,0,0,0,1.0,1.0,1.0,0.0,0.0,0.0,2,0,0
5826,43,13,30,6,3,4,30,19,0,0,2,9,20,0,0,0,0,0,0,0,0,0,0,1.0,1.0,1.0,0.0,0.0,0.0,2,0,0
5827,43,13,30,6,3,4,30,19,0,0,2,9,20,0,0,0,0,0,0,0,0,0,0,1.0,1.0,1.0,0.0,0.0,0.0,2,0,0
5828,43,13,30,6,3,4,30,19,0,0,2,9,20,0,0,0,0,0,0,0,0,0,0,1.0,1.0,1.0,0.0,0.0,0.0,2,0,0
5829,43,13,30,6,3,4,30,19,0,0,2,9,20,0,0,0,0,0,0,0,0,0,0,1.0,1.0,1.0,0.0,0.0,0.0,2,0,0
5830,43,13,30,6,3,4,30,19,0,0,2,9,20,0,0,0,0,0,0,0,0,0,0,1.0,1.0,1.0,0.0,0.0,0.0,2,0,0
5831,43,13,30,6,3,4,30,19,0,0,2,9,20,0,0,0,0,0,0,0,0,0,0,1.0,1.0,1.0,0.0,0.0,0.0,2,0,0
5832,43,13,30,6,3,4,30,19,0,0,2,9,20,0,0,0,0,0,0,0,0,0,0,1.0,1.0,1.0,0.0,0.0,0.0,2,0,0
5833,43,13,30,6,3,4,30,19,0,0,2,9,20,0,0,0,0,0,0,0,0,0,0,1.0,1.0,1.0,0.0,0.0,0.0,2,0,0
5834,43,13,30,6,3,4,30,19,0,0,2,9,20,0,0,0,0,0,0,0,0,0,0,1.0,1.0,1.0,0.0,0.0,0.0,2,0,0
5835,43,13,30,6,3,4,30,19,0,0,2,9,20,0,0,0,0,0,0,0,0,0,0,1.0,1.0,1.0,0.0,0.0,0.0,2,0,0
5836,43,13,30,6,3,4,30,19,0,0,2,9,20,0,0,0,0,0,0,0,0,0,0,1.0,1.0,1.0,0.0,0.0,0.0,2,0,0
5837,43,13,30,6,3,4,30,19,0,0,2,9,20,0,0,0,0,0,0,0,0,0,0,1.0,1.0,1.0,0.0,0.0,0.0,2,0,0
5838,43,13,30,6,3,4,30,19,0,0,2,9,20,0,0,0,0,0,0,0,0,0,0,1.0,1.0,1.0,0.0,0.0,0.0,2,0,0
5839,43,13,30,6,3,4,30,19,0,0,2,9,20,0,0,0,0,0,0,0,0,0,0,1.0,1.0,1.0,0.0,0.0,0.0,2,0,0
5840,43,13,30,6,3,4,30,19,0,0,2,9,20,0,0,0,0,0,0,0,0,0,0,1.0,1.0,1.0,0.0,0.0,0.0,2,0,0
5841,43,13,30,6,3,4,30,19,0,0,2,9,20,0,0,0,0,0,0,0,0,0,0,1.0,1.0,1.0,0.0,0.0,0.0,2,0,0
5842,43,13,30,6,3,4,30,19,0,0,2,9,21,0,1,0,0,0,0,0,0,0,0,1.0,1.0,1.0,0.0,0.0,0.0,2,0,0
5843,43,13,30,3,6,4,30,19,0,0,2,9,21,0,0,0,0,0,0,0,0,0,0,1.0,1.0,1.0,0.0,0.0,0.0,2,0,0
5844,43,13,30,3,6,4,30,19,0,0,2,9,21,0,0,0,0,0,0,0,0,0,0,1.0,1.0,1.0,0.0,0.0,0.0,2,0,0
5845,43,13,30,3,6,4,30,19,0,0,1,9,21,0,0,0,0,0,0,0,0,0,0,1.0,1.0,1.0,0.0,0.0,0.0,2,0,0
5846,43,13,30,3,6,4,30,19,0,0,1,9,21,0,0,0,0,0,0,0,0,0,0,1.0,1.0,1.0,0.0,0.0,0.0,2,0,0
5847,43,13,30,0,9,4,30,19,0,0,1,9,22,0,1,0,0,0,0,0,0,0,0,1.0,1.0,1.0,0.0,0.0,0.0,2,0,0
5848,43,13,30,0,9,4,30,19,0,0,1,9,22,0,0,0,0,0,0,0,0,0,0,1.0,1.0,1.0,0.0,0.0,0.0,2,0,0
5849,43,13,30,0,9,4,30,19,0,0,0,9,22,0,0,0,0,0,0,0,0,0,0,1.0,1.0,1.0,0.0,0.0,0.0,2,0,0
5850,43,13,30,0,9,4,30,19,0,0,0,9,22,0,0,0,0,0,0,0,0,0,0,1.0,1.0,1.0,0.0,0.0,0.0,2,0,0
5851,43,13,30,0,9,4,30,19,0,0,0,9,22,0,0,0,0,0,0,0,0,0,0,1.0,1.0,1.0,0.0,0.0,0.0,2,0,0
5852,43,13,30,0,9,4,30,19,0,0,0,9,22,0,0,0,0,0,0,0,0,0,0,1.0,1.0,1.0,0.0,0.0,0.0,2,0,0
5853,43,13,30,0,9,4,30,19,0,0,0,9,22,0,0,0,0,0,0,0,0,0,0,1.0,1.0,1.0,0.0,0.0,0.0,2,0,0
5854,43,13,30,0,9,4,30,19,0,0,0,9,22,0,0,0,0,0,0,0,0,0,0,1.0,1.0,1.0,0.0,0.0,0.0,2,0,0
5855,42,12,30,0,9,4,29,19,0,0,0,8,22,0,0,0,0,0,0,0,0,0,0,1.0,0.9090909090909091,1.0,0.0,0.0,0.0,2,0,1
5856,42,12,30,0,9,4,29,19,0,0,0,8,22,0,0,0,0,0,0,0,0,0,0,1.0,1.0,1.0,0.0,0.0,0.0,2,0,0
5857,42,12,30,0,9,4,29,19,0,0,0,8,22,0,0,0,0,0,0,0,0,0,0,1.0,1.0,1.0,0.0,0.0,0.0,2,0,0
5858,42,12,30,0,9,4,29,19,0,0,0,8,22,0,0,0,0,0,0,0,0,0,0,1.0,1.0,1.0,0.0,0.0,0.0,2,0,0
5859,42,12,30,0,9,4,29,19,0,0,0,8,22,0,0,0,0,0,0,0,0,0,0,1.0,1.0,1.0,0.0,0.0,0.0,2,0,0
5860,41,12,29,0,8,4,29,19,0,0,0,8,22,0,0,0,0,0,0,0,1,0,1,0.8888888888888888,1.0,1.0,0.0,0.0,0.0,2,0,1
5861,41,12,29,0,8,3,30,20,0,0,0,8,22,0,0,0,0,0,0,0,0,0,0,1.0,1.0,1.0,0.0,0.0,0.0,2,0,0
5862,41,12,29,0,8,3,30,20,0,0,0,8,22,0,0,0,0,0,0,0,0,0,0,1.0,1.0,1.0,0.0,0.0,0.0,2,0,0
5863,41,12,29,0,8,3,30,20,0,0,0,8,22,0,0,0,0,0,0,0,0,0,0,1.0,1.0,1.0,0.0,0.0,0.0,2,0,0
5864,41,12,29,0,8,3,30,20,0,0,0,8,22,0,0,0,0,0,0,0,0,0,0,1.0,1.0,1.0,0.0,0.0,0.0,2,0,0
5865,41,12,29,0,8,3,30,20,0,0,0,8,22,0,0,0,0,0,0,0,0,0,0,1.0,1.0,1.0,0.0,0.0,0.0,2,0,0
5866,41,12,29,0,8,3,30,20,0,0,0,8,22,0,0,0,0,0,0,0,0,0,0,1.0,1.0,1.0,0.0,0.0,0.0,2,0,0
5867,41,12,29,0,8,3,30,20,0,0,0,8,22,0,0,0,0,0,0,0,0,2,0,1.0,1.0,1.0,0.0,0.0,0.0,2,0,0
5868,41,12,29,0,8,3,30,20,0,0,0,8,22,0,0,0,0,0,0,0,0,0,0,1.0,1.0,1.0,0.0,0.0,0.0,2,0,0
5869,41,12,29,0,8,3,30,20,0,0,0,8,22,0,0,0,0,0,0,0,0,0,0,1.0,1.0,1.0,0.0,0.0,0.0,2,0,0
5870,41,12,29,0,8,2,31,21,0,0,0,8,22,0,0,0,3,0,0,0,0,0,0,1.0,1.0,1.0,0.0,0.0,0.0,2,0,0
5871,41,12,29,0,6,4,31,21,0,0,0,8,22,0,0,0,1,0,0,0,0,0,0,1.0,1.0,1.0,0.0,0.0,0.0,2,0,0
5872,41,12,29,0,6,4,31,21,2,0,0,8,22,0,0,0,7,2,0,0,0,0,0,1.0,1.0,1.0,0.0,0.0,0.2857142857142857,2,0,0
5873,41,12,29,0,6,4,31,21,2,0,0,8,22,0,0,0,0,0,0,0,0,0,0,1.0,1.0,1.0,0.0,0.0,0.0,2,0,0
5874,41,12,29,0,6,4,31,21,2,0,0,8,22,0,0,0,0,0,0,0,0,0,0,1.0,1.0,1.0,0.0,0.0,0.0,2,0,0
5875,41,12,29,0,6,4,31,21,2,0,0,8,22,0,0,0,0,0,0,0,0,0,0,1.0,1.0,1.0,0.0,0.0,0.0,2,0,0
5876,41,12,29,0,6,4,31,21,2,0,0,8,22,0,0,0,0,0,0,0,0,0,0,1.0,1.0,1.0,0.0,0.0,0.0,2,0,0
5877,41,12,29,0,6,4,31,21,2,0,0,8,22,0,0,0,0,0,0,0,0,0,0,1.0,1.0,1.0,0.0,0.0,0.0,2,0,0
5878,41,12,29,0,6,4,31,21,2,0,0,8,22,0,0,0,0,0,0,0,0,0,0,1.0,1.0,1.0,0.0,0.0,0.0,2,0,0
5879,40,12,28,0,6,4,30,20,2,0,0,8,21,0,0,0,0,0,0,0,0,0,0,1.0,1.0,0.9523809523809523,0.0,0.0,0.0,2,0,1
5880,40,12,28,0,6,4,30,20,2,0,0,8,21,0,0,0,0,0,0,0,0,0,0,1.0,1.0,1.0,0.0,0.0,0.0,2,0,0
5881,40,12,28,0,6,4,30,20,2,0,0,8,21,0,0,0,0,0,0,0,0,0,0,1.0,1.0,1.0,0.0,0.0,0.0,2,0,0
5882,40,12,28,0,6,4,30,20,2,0,0,8,21,0,0,0,0,0,0,0,0,0,0,1.0,1.0,1.0,0.0,0.0,0.0,2,0,0
5883,40,12,28,0,6,4,30,20,2,0,0,8,21,0,0,0,0,0,0,0,0,0,0,1.0,1.0,1.0,0.0,0.0,0.0,2,0,0
5884,40,12,28,0,6,4,30,20,2,0,0,8,21,0,0,0,0,0,0,0,0,0,0,1.0,1.0,1.0,0.0,0.0,0.0,2,0,0
5885,40,12,28,0,6,4,30,20,2,0,0,8,21,0,0,0,0,0,0,0,0,0,0,1.0,1.0,1.0,0.0,0.0,0.0,2,0,0
5886,40,12,28,0,6,4,30,20,2,0,0,8,21,0,0,0,0,0,0,0,0,0,0,1.0,1.0,1.0,0.0,0.0,0.0,2,0,0
5887,40,12,28,0,6,4,30,20,2,0,0,8,21,0,0,0,0,0,0,0,0,0,0,1.0,1.0,1.0,0.0,0.0,0.0,2,0,0
5888,40,12,28,0,6,4,30,20,2,0,0,8,21,0,0,0,0,0,0,0,0,0,0,1.0,1.0,1.0,0.0,0.0,0.0,2,0,0
5889,40,12,28,0,6,4,30,20,2,0,0,8,21,0,0,0,0,0,0,0,0,0,0,1.0,1.0,1.0,0.0,0.0,0.0,2,0,0
5890,40,12,28,0,6,4,30,20,2,0,0,8,21,0,0,0,0,0,0,0,0,0,0,1.0,1.0,1.0,0.0,0.0,0.0,2,0,0
5891,40,12,28,0,6,4,30,20,2,0,0,8,21,0,0,0,0,0,0,0,0,0,0,1.0,1.0,1.0,0.0,0.0,0.0,2,0,0
5892,40,12,28,0,6,4,30,20,2,0,0,8,21,0,0,0,0,0,0,0,0,0,0,1.0,1.0,1.0,0.0,0.0,0.0,2,0,0
5893,40,12,28,0,6,4,30,20,2,0,0,8,21,0,0,0,0,0,0,0,0,0,0,1.0,1.0,1.0,0.0,0.0,0.0,2,0,0
5894,40,12,28,0,6,4,30,20,2,0,0,8,21,0,0,0,0,0,0,0,0,0,0,1.0,1.0,1.0,0.0,0.0,0.0,2,0,0
5895,40,12,28,0,6,4,30,20,2,0,0,8,21,0,0,0,0,0,0,0,0,0,0,1.0,1.0,1.0,0.0,0.0,0.0,2,0,0
5896,40,12,28,0,6,4,30,20,2,0,0,8,21,0,0,0,0,0,0,0,0,0,0,1.0,1.0,1.0,0.0,0.0,0.0,2,0,0
5897,40,12,28,0,6,4,30,20,2,0,0,8,21,0,0,0,0,0,0,0,0,0,0,1.0,1.0,1.0,0.0,0.0,0.0,2,0,0
5898,40,12,28,0,6,4,30,20,2,0,0,8,21,0,0,0,0,0,0,0,0,0,0,1.0,1.0,1.0,0.0,0.0,0.0,2,0,0
5899,40,12,28,0,6,3,31,21,3,0,0,8,21,0,0,0,8,1,0,0,0,0,0,1.0,1.0,1.0,0.0,0.0,0.125,2,0,0
5900,40,12,28,0,6,3,31,21,3,0,0,8,21,0,0,0,0,0,0,0,0,0,0,1.0,1.0,1.0,0.0,0.0,0.0,2,0,0
5901,40,12,28,0,6,3,31,21,3,0,0,8,21,0,0,0,0,0,0,0,0,0,0,1.0,1.0,1.0,0.0,0.0,0.0,2,0,0
5902,40,12,28,0,6,3,31,21,3,0,0,8,21,0,0,0,0,0,0,0,0,0,0,1.0,1.0,1.0,0.0,0.0,0.0,2,0,0
5903,40,12,28,0,6,3,31,21,3,0,0,8,21,0,0,0,0,0,0,0,0,0,0,1.0,1.0,1.0,0.0,0.0,0.0,2,0,0
5904,40,12,28,0,6,3,31,21,3,0,0,8,21,0,0,0,0,0,0,0,0,0,0,1.0,1.0,1.0,0.0,0.0,0.0,2,0,0
5905,39,12,27,0,6,3,30,20,3,0,0,8,20,0,0,0,0,0,0,0,0,0,0,1.0,1.0,0.9523809523809523,0.0,0.0,0.0,2,0,1
5906,39,12,27,0,6,3,30,20,3,0,0,8,20,0,0,0,0,0,0,0,0,0,0,1.0,1.0,1.0,0.0,0.0,0.0,2,0,0
5907,39,12,27,0,6,3,30,20,3,0,0,8,20,0,0,0,0,0,0,0,0,0,0,1.0,1.0,1.0,0.0,0.0,0.0,2,0,0
5908,39,12,27,0,6,3,30,20,3,0,0,8,20,0,0,0,0,0,0,0,0,0,0,1.0,1.0,1.0,0.0,0.0,0.0,2,0,0
5909,39,12,27,0,6,3,30,20,3,0,0,8,20,0,0,0,0,0,0,0,0,0,0,1.0,1.0,1.0,0.0,0.0,0.0,2,0,0
5910,39,12,27,0,6,3,30,20,3,0,0,8,20,0,0,0,0,0,0,0,0,0,0,1.0,1.0,1.0,0.0,0.0,0.0,2,0,0
5911,39,12,27,0,6,3,30,20,3,0,0,8,20,0,0,0,0,0,0,0,0,0,0,1.0,1.0,1.0,0.0,0.0,0.0,2,0,0
5912,39,12,27,0,6,3,30,20,3,0,0,8,20,0,0,0,0,0,0,0,0,0,0,1.0,1.0,1.0,0.0,0.0,0.0,2,0,0
5913,39,12,27,0,6,3,30,20,3,0,0,8,20,0,0,0,0,0,0,0,0,0,0,1.0,1.0,1.0,0.0,0.0,0.0,2,0,0
5914,39,12,27,0,6,3,30,20,3,0,0,8,20,0,0,0,0,0,0,0,0,0,0,1.0,1.0,1.0,0.0,0.0,0.0,2,0,0
5915,39,12,27,0,6,3,30,20,3,0,0,8,20,0,0,0,0,0,0,0,0,0,0,1.0,1.0,1.0,0.0,0.0,0.0,2,0,0
5916,39,12,27,0,6,3,30,20,3,0,0,8,20,0,0,0,0,0,0,0,0,0,0,1.0,1.0,1.0,0.0,0.0,0.0,2,0,0
5917,39,12,27,0,6,3,30,20,3,0,0,8,20,0,0,0,0,0,0,0,0,0,0,1.0,1.0,1.0,0.0,0.0,0.0,2,0,0
5918,39,12,27,0,6,3,30,20,3,0,0,8,20,0,0,0,0,0,0,0,0,0,0,1.0,1.0,1.0,0.0,0.0,0.0,2,0,0
5919,38,11,27,0,6,3,29,20,3,0,0,7,20,0,0,0,0,0,0,0,0,0,0,1.0,0.9,1.0,0.0,0.0,0.0,2,0,1
5920,38,11,27,0,6,3,29,20,3,0,0,7,20,0,0,0,0,0,0,0,0,0,0,1.0,1.0,1.0,0.0,0.0,0.0,2,0,0
5921,38,11,27,0,6,3,29,20,3,0,0,7,20,0,0,0,0,0,0,0,0,0,0,1.0,1.0,1.0,0.0,0.0,0.0,2,0,0
5922,38,11,27,0,6,3,29,20,3,0,0,7,20,0,0,0,0,0,0,0,0,0,0,1.0,1.0,1.0,0.0,0.0,0.0,2,0,0
5923,37,11,26,0,6,3,28,19,3,0,0,7,19,0,0,0,0,0,0,0,0,0,0,1.0,1.0,0.95,0.0,0.0,0.0,2,0,1
5924,36,11,25,0,6,3,27,18,3,0,0,7,18,0,0,0,0,0,0,0,0,0,0,1.0,1.0,0.9473684210526316,0.0,0.0,0.0,2,0,1
5925,36,11,25,0,6,3,27,18,3,0,0,7,18,0,0,0,0,0,0,0,0,0,0,1.0,1.0,1.0,0.0,0.0,0.0,2,0,0
5926,36,11,25,0,6,3,27,18,3,0,0,7,18,0,0,0,0,0,0,0,0,0,0,1.0,1.0,1.0,0.0,0.0,0.0,2,0,0
5927,35,10,25,0,6,3,26,18,3,0,0,6,18,0,0,0,0,0,0,0,0,0,0,1.0,0.8888888888888888,1.0,0.0,0.0,0.0,2,0,1
5928,35,10,25,0,6,3,26,18,3,0,0,6,18,0,0,0,0,0,0,0,0,0,0,1.0,1.0,1.0,0.0,0.0,0.0,2,0,0
5929,35,10,25,0,6,3,26,18,3,0,0,6,18,0,0,0,0,0,0,0,0,0,0,1.0,1.0,1.0,0.0,0.0,0.0,2,0,0
5930,35,10,25,0,6,3,26,18,3,0,0,6,18,0,0,0,0,0,0,0,0,0,0,1.0,1.0,1.0,0.0,0.0,0.0,2,0,0
5931,35,10,25,0,6,3,26,18,3,0,0,6,18,0,0,0,0,0,0,0,0,0,0,1.0,1.0,1.0,0.0,0.0,0.0,2,0,0
5932,35,10,25,0,6,3,26,18,3,0,0,6,19,0,1,0,0,0,0,0,0,0,0,1.0,1.0,1.0,0.0,0.0,0.0,2,0,0
5933,35,10,25,0,6,3,26,18,3,0,0,6,19,0,0,0,0,0,0,0,0,0,0,1.0,1.0,1.0,0.0,0.0,0.0,2,0,0
5934,35,10,25,0,6,2,27,19,3,0,0,6,19,0,0,0,0,0,0,0,0,0,0,1.0,1.0,1.0,0.0,0.0,0.0,2,0,0
5935,35,10,25,0,6,2,27,19,3,0,0,6,19,0,0,0,0,0,0,0,0,0,0,1.0,1.0,1.0,0.0,0.0,0.0,2,0,0
5936,35,10,25,0,6,2,27,19,3,0,0,6,19,0,0,0,0,0,0,0,0,0,0,1.0,1.0,1.0,0.0,0.0,0.0,2,0,0
5937,43,14,29,8,6,2,27,19,1,0,2,7,19,1,0,0,0,0,0,2,0,0,0,1.0,1.0,1.0,0.22857142857142856,0.22857142857142856,0.0,2,8,0
5938,43,14,29,8,6,2,27,19,1,0,2,7,19,0,0,0,0,0,0,0,0,0,0,1.0,1.0,1.0,0.0,0.0,0.0,2,0,0
5939,43,14,29,8,6,2,27,19,1,0,2,7,19,0,0,0,0,0,0,0,0,0,0,1.0,1.0,1.0,0.0,0.0,0.0,2,0,0
5940,43,14,29,8,6,2,27,19,1,0,2,7,19,0,0,0,0,0,0,0,0,1,0,1.0,1.0,1.0,0.0,0.0,0.0,2,0,0
5941,43,14,29,8,6,2,27,19,1,0,2,7,19,0,0,0,0,0,0,0,0,0,0,1.0,1.0,1.0,0.0,0.0,0.0,2,0,0
5942,43,14,29,8,6,2,27,19,1,0,2,7,19,0,0,0,0,0,0,0,0,0,0,1.0,1.0,1.0,0.0,0.0,0.0,2,0,0
5943,43,14,29,8,6,2,27,19,1,0,2,7,19,0,0,0,0,0,0,0,0,0,0,1.0,1.0,1.0,0.0,0.0,0.0,2,0,0
5944,43,14,29,8,5,3,27,19,1,0,2,7,19,0,0,0,0,0,0,0,0,0,0,1.0,1.0,1.0,0.0,0.0,0.0,2,0,0
5945,43,14,29,8,5,2,28,20,1,0,2,7,19,0,0,0,0,0,0,0,0,0,0,1.0,1.0,1.0,0.0,0.0,0.0,2,0,0
5946,43,14,29,8,5,2,28,20,1,0,2,7,19,0,0,0,0,0,0,0,0,0,0,1.0,1.0,1.0,0.0,0.0,0.0,2,0,0
5947,43,14,29,8,5,2,28,20,1,0,2,7,19,0,0,0,0,0,0,0,0,0,0,1.0,1.0,1.0,0.0,0.0,0.0,2,0,0
5948,43,14,29,8,5,2,28,20,1,0,2,7,19,0,0,0,0,0,0,0,0,0,0,1.0,1.0,1.0,0.0,0.0,0.0,2,0,0
5949,43,14,29,8,5,2,28,20,1,0,2,7,19,0,0,0,0,0,0,0,0,0,0,1.0,1.0,1.0,0.0,0.0,0.0,2,0,0
5950,43,14,29,8,5,2,28,20,1,0,2,7,19,0,0,0,0,0,0,0,0,0,0,1.0,1.0,1.0,0.0,0.0,0.0,2,0,0
5951,43,14,29,8,5,2,28,20,1,0,2,7,19,0,0,0,0,0,0,0,0,0,0,1.0,1.0,1.0,0.0,0.0,0.0,2,0,0
5952,43,14,29,8,5,2,28,20,1,0,2,7,19,0,0,0,0,0,0,0,0,0,0,1.0,1.0,1.0,0.0,0.0,0.0,2,0,0
5953,43,14,29,8,5,2,28,20,1,0,2,7,19,0,0,0,0,0,0,0,0,0,0,1.0,1.0,1.0,0.0,0.0,0.0,2,0,0
5954,43,14,29,8,5,2,28,20,1,0,2,7,19,0,0,0,0,0,0,0,0,0,0,1.0,1.0,1.0,0.0,0.0,0.0,2,0,0
5955,43,14,29,8,5,2,28,20,1,0,2,7,19,0,0,0,0,0,0,0,0,0,0,1.0,1.0,1.0,0.0,0.0,0.0,2,0,0
5956,43,14,29,8,5,2,28,20,1,0,2,7,19,0,0,0,0,0,0,0,0,0,0,1.0,1.0,1.0,0.0,0.0,0.0,2,0,0
5957,43,14,29,8,5,2,28,20,1,0,2,7,19,0,0,0,0,0,0,0,0,0,0,1.0,1.0,1.0,0.0,0.0,0.0,2,0,0
5958,43,14,29,8,5,2,28,20,1,0,2,7,19,0,0,0,0,0,0,0,0,0,0,1.0,1.0,1.0,0.0,0.0,0.0,2,0,0
5959,43,14,29,8,5,2,28,20,1,0,2,7,19,0,0,0,0,0,0,0,0,0,0,1.0,1.0,1.0,0.0,0.0,0.0,2,0,0
5960,43,14,29,8,5,2,28,20,1,0,2,7,19,0,0,0,0,0,0,0,0,0,0,1.0,1.0,1.0,0.0,0.0,0.0,2,0,0
5961,43,14,29,8,5,2,28,20,1,0,2,7,19,0,0,0,0,0,0,0,0,0,0,1.0,1.0,1.0,0.0,0.0,0.0,2,0,0
5962,43,14,29,8,5,2,28,20,1,0,2,7,19,0,0,0,0,0,0,0,0,0,0,1.0,1.0,1.0,0.0,0.0,0.0,2,0,0
5963,43,14,29,8,5,2,28,20,1,0,2,7,19,0,0,0,0,0,0,0,0,0,0,1.0,1.0,1.0,0.0,0.0,0.0,2,0,0
5964,47,18,29,12,5,2,28,20,0,0,3,7,19,0,0,0,0,0,0,1,0,0,0,1.0,1.0,1.0,0.09302325581395349,0.09302325581395349,0.0,2,4,0
5965,47,18,29,12,5,2,28,20,0,0,3,7,19,0,0,0,0,0,0,0,0,0,0,1.0,1.0,1.0,0.0,0.0,0.0,2,0,0
5966,47,18,29,12,5,1,29,21,0,0,3,7,19,0,0,0,0,0,0,0,0,0,0,1.0,1.0,1.0,0.0,0.0,0.0,2,0,0
5967,47,18,29,12,5,1,29,21,0,0,3,7,19,0,0,0,0,0,0,0,0,0,0,1.0,1.0,1.0,0.0,0.0,0.0,2,0,0
5968,47,18,29,12,5,1,29,21,0,0,3,7,19,0,0,0,0,0,0,0,0,0,0,1.0,1.0,1.0,0.0,0.0,0.0,2,0,0
5969,47,18,29,12,5,1,29,21,0,0,3,7,19,0,0,0,0,0,0,0,0,0,0,1.0,1.0,1.0,0.0,0.0,0.0,2,0,0
5970,47,18,29,12,5,1,29,21,0,0,3,7,19,0,0,0,0,0,0,0,0,0,0,1.0,1.0,1.0,0.0,0.0,0.0,2,0,0
5971,47,18,29,12,5,1,29,21,0,0,3,7,19,0,0,0,0,0,0,0,0,0,0,1.0,1.0,1.0,0.0,0.0,0.0,2,0,0
5972,47,18,29,12,5,1,29,21,0,0,3,7,19,0,0,0,0,0,0,0,0,0,0,1.0,1.0,1.0,0.0,0.0,0.0,2,0,0
5973,45,18,27,11,5,1,28,20,0,0,3,7,18,0,0,0,0,0,0,0,1,0,1,0.9411764705882353,1.0,0.9523809523809523,0.0,0.0,0.0,2,0,2
5974,45,18,27,11,5,1,28,20,0,0,3,7,18,0,0,0,0,0,0,0,0,0,0,1.0,1.0,1.0,0.0,0.0,0.0,2,0,0
5975,45,18,27,11,5,1,28,20,0,0,3,7,18,0,0,0,0,0,0,0,0,0,0,1.0,1.0,1.0,0.0,0.0,0.0,2,0,0
5976,45,18,27,11,5,1,28,20,0,0,3,7,18,0,0,0,0,0,0,0,0,0,0,1.0,1.0,1.0,0.0,0.0,0.0,2,0,0
5977,45,18,27,11,5,1,28,20,0,0,3,7,18,0,0,0,0,0,0,0,0,0,0,1.0,1.0,1.0,0.0,0.0,0.0,2,0,0
5978,45,18,27,11,5,1,28,20,0,0,3,7,18,0,0,0,0,0,0,0,0,0,0,1.0,1.0,1.0,0.0,0.0,0.0,2,0,0
5979,45,18,27,11,5,1,28,20,0,0,3,7,18,0,0,0,0,0,0,0,0,0,0,1.0,1.0,1.0,0.0,0.0,0.0,2,0,0
5980,45,18,27,4,12,1,28,20,0,0,3,7,18,0,0,0,0,0,0,0,0,3,0,1.0,1.0,1.0,0.0,0.0,0.0,2,0,0
5981,45,18,27,4,12,1,28,20,0,0,3,7,18,0,0,0,0,0,0,0,0,0,0,1.0,1.0,1.0,0.0,0.0,0.0,2,0,0
5982,45,18,27,4,12,1,28,20,0,0,1,7,18,0,0,0,0,0,0,0,0,0,0,1.0,1.0,1.0,0.0,0.0,0.0,2,0,0
5983,45,18,27,4,12,1,28,20,0,1,1,7,18,0,0,0,4,0,1,0,0,0,0,1.0,1.0,1.0,0.0,0.0,0.0,2,0,0
5984,45,18,27,4,9,4,28,20,0,1,1,7,18,0,0,0,1,0,0,0,0,2,0,1.0,1.0,1.0,0.0,0.0,0.0,2,0,0
5985,45,18,27,4,9,4,28,20,1,1,1,7,18,0,0,0,7,1,0,0,0,0,0,1.0,1.0,1.0,0.0,0.0,0.14285714285714285,2,0,0
5986,45,18,27,4,9,4,28,20,1,1,1,7,18,0,0,0,0,0,0,0,0,0,0,1.0,1.0,1.0,0.0,0.0,0.0,2,0,0
5987,45,18,27,4,9,4,28,20,1,1,1,7,18,0,0,0,0,0,0,0,0,0,0,1.0,1.0,1.0,0.0,0.0,0.0,2,0,0
5988,45,18,27,4,7,6,28,20,1,1,1,7,18,0,0,0,0,0,0,0,0,0,0,1.0,1.0,1.0,0.0,0.0,0.0,2,0,0
5989,45,18,27,4,7,6,28,20,1,1,1,7,18,0,0,0,0,0,0,0,0,0,0,1.0,1.0,1.0,0.0,0.0,0.0,2,0,0
5990,45,18,27,4,7,6,28,20,1,1,1,7,18,0,0,0,0,0,0,0,0,0,0,1.0,1.0,1.0,0.0,0.0,0.0,2,0,0
5991,45,18,27,4,7,6,28,20,1,1,1,7,18,0,0,0,0,0,0,0,0,0,0,1.0,1.0,1.0,0.0,0.0,0.0,2,0,0
5992,44,17,27,4,6,6,28,20,1,1,1,7,18,0,0,0,0,0,0,0,1,0,1,0.9090909090909091,1.0,1.0,0.0,0.0,0.0,2,0,1
5993,44,17,27,4,6,6,28,20,1,1,1,7,18,0,0,0,0,0,0,0,0,0,0,1.0,1.0,1.0,0.0,0.0,0.0,2,0,0
5994,44,17,27,4,6,6,28,20,1,1,1,7,18,0,0,0,0,0,0,0,0,0,0,1.0,1.0,1.0,0.0,0.0,0.0,2,0,0
5995,44,17,27,4,6,6,28,20,1,1,1,7,18,0,0,0,0,0,0,0,0,0,0,1.0,1.0,1.0,0.0,0.0,0.0,2,0,0
5996,44,17,27,4,6,6,28,20,1,1,1,7,18,0,0,0,0,0,0,0,0,0,0,1.0,1.0,1.0,0.0,0.0,0.0,2,0,0
5997,44,17,27,4,6,6,28,20,1,1,1,7,18,0,0,0,0,0,0,0,0,0,0,1.0,1.0,1.0,0.0,0.0,0.0,2,0,0
5998,44,17,27,4,6,6,28,20,1,1,1,7,18,0,0,0,0,0,0,0,0,0,0,1.0,1.0,1.0,0.0,0.0,0.0,2,0,0
5999,44,17,27,4,6,6,28,20,1,1,1,7,18,0,0,0,0,0,0,0,0,0,0,1.0,1.0,1.0,0.0,0.0,0.0,2,0,0
6000,44,17,27,4,6,6,28,20,1,1,1,7,18,0,0,0,0,0,0,0,0,0,0,1.0,1.0,1.0,0.0,0.0,0.0,2,0,0
