day,N_tot,N_male,N_female,N_kitten,N_young_juv,N_older_juv,N_adult,N_adult_female,N_pregnant,N_pseudo_pregnant,N_nursing,N_treated_male,N_treated_female,daily_capture_male,daily_capture_female,daily_active_units,daily_mating,daily_pregnancy,daily_pseudo_pregnancy,daily_litter,daily_early_death,daily_early_survived,daily_preventable_death,P_sv_baby,P_sv_adult_male,P_sv_adult_female,r_birth,r_death,rate_pregnancy,nonempty_units,daily_births,daily_deaths
1,50,25,25,13,16,11,10,5,0,0,0,0,0,0,0,0,0,0,0,0,0,0,0,1.0,1.0,1.0,0.0,0.0,0.0,5,0,0
2,49,25,24,13,15,11,10,5,0,0,0,0,0,0,0,0,0,0,0,0,1,0,1,0.9655172413793104,1.0,1.0,0.0,0.0,0.0,5,0,1
3,49,25,24,13,15,11,10,5,0,0,0,0,0,0,0,0,0,0,0,0,0,0,0,1.0,1.0,1.0,0.0,0.0,0.0,5,0,0
4,49,25,24,13,15,11,10,5,0,0,0,0,0,0,0,0,0,0,0,0,0,0,0,1.0,1.0,1.0,0.0,0.0,0.0,5,0,0
5,49,25,24,13,15,11,10,5,0,0,0,0,0,0,0,0,0,0,0,0,0,0,0,1.0,1.0,1.0,0.0,0.0,0.0,5,0,0
6,48,25,23,12,15,11,10,5,0,0,0,0,0,0,0,0,0,0,0,0,1,0,1,0.9642857142857143,1.0,1.0,0.0,0.0,0.0,5,0,1
7,48,25,23,12,15,11,10,5,0,0,0,0,0,0,0,0,0,0,0,0,0,0,0,1.0,1.0,1.0,0.0,0.0,0.0,5,0,0
8,48,25,23,12,15,11,10,5,0,0,0,0,0,0,0,0,0,0,0,0,0,0,0,1.0,1.0,1.0,0.0,0.0,0.0,5,0,0
9,48,25,23,12,15,11,10,5,0,0,0,0,0,0,0,0,0,0,0,0,0,0,0,1.0,1.0,1.0,0.0,0.0,0.0,5,0,0
10,48,25,23,12,15,11,10,5,0,0,0,0,0,0,0,0,0,0,0,0,0,0,0,1.0,1.0,1.0,0.0,0.0,0.0,5,0,0
11,48,25,23,11,16,11,10,5,0,0,0,0,0,0,0,0,0,0,0,0,0,0,0,1.0,1.0,1.0,0.0,0.0,0.0,5,0,0
12,48,25,23,10,17,11,10,5,0,0,0,0,0,0,0,0,0,0,0,0,0,0,0,1.0,1.0,1.0,0.0,0.0,0.0,5,0,0
13,48,25,23,10,17,11,10,5,0,0,0,0,0,0,0,0,0,0,0,0,0,0,0,1.0,1.0,1.0,0.0,0.0,0.0,5,0,0
14,48,25,23,9,18,11,10,5,0,0,0,0,0,0,0,0,0,0,0,0,0,0,0,1.0,1.0,1.0,0.0,0.0,0.0,5,0,0
15,48,25,23,9,18,11,10,5,0,0,0,0,0,0,0,0,0,0,0,0,0,1,0,1.0,1.0,1.0,0.0,0.0,0.0,5,0,0
16,48,25,23,9,18,11,10,5,0,0,0,0,0,0,0,0,0,0,0,0,0,0,0,1.0,1.0,1.0,0.0,0.0,0.0,5,0,0
17,47,25,22,8,18,11,10,5,0,0,0,0,0,0,0,0,0,0,0,0,1,0,1,0.962962962962963,1.0,1.0,0.0,0.0,0.0,5,0,1
18,46,24,22,7,19,10,10,5,0,0,0,0,0,0,0,0,0,0,0,0,0,0,0,1.0,1.0,1.0,0.0,0.0,0.0,5,0,1
19,46,24,22,6,19,11,10,5,0,0,0,0,0,0,0,0,0,0,0,0,0,0,0,1.0,1.0,1.0,0.0,0.0,0.0,5,0,0
20,46,24,22,6,19,11,10,5,0,0,0,0,0,0,0,0,0,0,0,0,0,0,0,1.0,1.0,1.0,0.0,0.0,0.0,5,0,0
21,46,24,22,6,19,11,10,5,0,0,0,0,0,0,0,0,0,0,0,0,0,0,0,1.0,1.0,1.0,0.0,0.0,0.0,5,0,0
22,46,24,22,6,19,11,10,5,0,0,0,0,0,0,0,0,0,0,0,0,0,0,0,1.0,1.0,1.0,0.0,0.0,0.0,5,0,0
23,46,24,22,5,20,11,10,5,0,0,0,0,0,0,0,0,0,0,0,0,0,0,0,1.0,1.0,1.0,0.0,0.0,0.0,5,0,0
24,46,24,22,5,20,11,10,5,0,0,0,0,0,0,0,0,0,0,0,0,0,0,0,1.0,1.0,1.0,0.0,0.0,0.0,5,0,0
25,46,24,22,5,20,11,10,5,0,0,0,0,0,0,0,0,0,0,0,0,0,0,0,1.0,1.0,1.0,0.0,0.0,0.0,5,0,0
26,46,24,22,5,20,11,10,5,0,0,0,0,0,0,0,0,0,0,0,0,0,0,0,1.0,1.0,1.0,0.0,0.0,0.0,5,0,0
27,44,23,21,3,20,11,10,5,0,0,0,0,0,0,0,0,0,0,0,0,2,0,2,0.92,1.0,1.0,0.0,0.0,0.0,5,0,2
28,43,22,21,3,20,10,10,5,0,0,0,0,0,0,0,0,0,0,0,0,0,0,0,1.0,1.0,1.0,0.0,0.0,0.0,5,0,1
29,43,22,21,2,21,10,10,5,0,0,0,0,0,0,0,0,0,0,0,0,0,0,0,1.0,1.0,1.0,0.0,0.0,0.0,5,0,0
30,42,22,20,2,21,9,10,4,0,0,0,0,0,0,0,0,10,0,0,0,0,0,0,1.0,1.0,0.8,0.0,0.0,0.0,5,0,1
31,42,22,20,2,21,9,10,4,0,2,0,0,0,0,0,0,15,0,2,0,0,0,0,1.0,1.0,1.0,0.0,0.0,0.0,5,0,0
32,42,22,20,2,21,9,10,4,2,2,0,0,0,0,0,0,9,2,0,0,0,0,0,1.0,1.0,1.0,0.0,0.0,0.2222222222222222,5,0,0
33,42,22,20,1,22,9,10,4,2,2,0,0,0,0,0,0,0,0,0,0,0,0,0,1.0,1.0,1.0,0.0,0.0,0.0,5,0,0
34,42,22,20,1,22,9,10,4,2,2,0,0,0,0,0,0,0,0,0,0,0,1,0,1.0,1.0,1.0,0.0,0.0,0.0,5,0,0
35,42,22,20,1,22,9,10,4,2,2,0,0,0,0,0,0,0,0,0,0,0,0,0,1.0,1.0,1.0,0.0,0.0,0.0,5,0,0
36,42,22,20,1,22,9,10,4,2,2,0,0,0,0,0,0,0,0,0,0,0,0,0,1.0,1.0,1.0,0.0,0.0,0.0,5,0,0
37,42,22,20,1,22,9,10,4,2,2,0,0,0,0,0,0,0,0,0,0,0,0,0,1.0,1.0,1.0,0.0,0.0,0.0,5,0,0
38,42,22,20,1,21,10,10,4,2,2,0,0,0,0,0,0,0,0,0,0,0,0,0,1.0,1.0,1.0,0.0,0.0,0.0,5,0,0
39,42,22,20,1,21,10,10,4,2,2,0,0,0,0,0,0,0,0,0,0,0,1,0,1.0,1.0,1.0,0.0,0.0,0.0,5,0,0
40,42,22,20,1,21,9,11,4,2,2,0,0,0,0,0,0,0,0,0,0,0,1,0,1.0,1.0,1.0,0.0,0.0,0.0,5,0,0
41,42,22,20,1,21,8,12,4,2,2,0,0,0,0,0,0,0,0,0,0,0,0,0,1.0,1.0,1.0,0.0,0.0,0.0,5,0,0
42,42,22,20,0,22,8,12,4,2,2,0,0,0,0,0,0,0,0,0,0,0,0,0,1.0,1.0,1.0,0.0,0.0,0.0,5,0,0
43,42,22,20,0,21,9,12,4,2,2,0,0,0,0,0,0,0,0,0,0,0,0,0,1.0,1.0,1.0,0.0,0.0,0.0,5,0,0
44,42,22,20,0,20,10,12,4,2,2,0,0,0,0,0,0,0,0,0,0,0,0,0,1.0,1.0,1.0,0.0,0.0,0.0,5,0,0
45,41,21,20,0,20,10,11,4,2,2,0,0,0,0,0,0,0,0,0,0,0,0,0,1.0,0.875,1.0,0.0,0.0,0.0,5,0,1
46,41,21,20,0,20,10,11,4,2,2,0,0,0,0,0,0,0,0,0,0,0,0,0,1.0,1.0,1.0,0.0,0.0,0.0,5,0,0
47,41,21,20,0,20,10,11,4,2,2,0,0,0,0,0,0,0,0,0,0,0,0,0,1.0,1.0,1.0,0.0,0.0,0.0,5,0,0
48,41,21,20,0,20,10,11,4,2,2,0,0,0,0,0,0,0,0,0,0,0,0,0,1.0,1.0,1.0,0.0,0.0,0.0,5,0,0
49,41,21,20,0,20,10,11,4,2,2,0,0,0,0,0,0,0,0,0,0,0,0,0,1.0,1.0,1.0,0.0,0.0,0.0,5,0,0
50,41,21,20,0,20,10,11,4,2,2,0,0,0,0,0,0,0,0,0,0,0,0,0,1.0,1.0,1.0,0.0,0.0,0.0,5,0,0
51,41,21,20,0,20,10,11,4,2,2,0,0,0,0,0,0,0,0,0,0,0,0,0,1.0,1.0,1.0,0.0,0.0,0.0,5,0,0
52,41,21,20,0,20,10,11,4,2,2,0,0,0,0,0,0,0,0,0,0,0,0,0,1.0,1.0,1.0,0.0,0.0,0.0,5,0,0
53,41,21,20,0,20,10,11,4,2,2,0,0,0,0,0,0,0,0,0,0,0,0,0,1.0,1.0,1.0,0.0,0.0,0.0,5,0,0
54,41,21,20,0,20,10,11,4,2,2,0,0,0,0,0,0,0,0,0,0,0,0,0,1.0,1.0,1.0,0.0,0.0,0.0,5,0,0
55,41,21,20,0,20,9,12,4,2,2,0,0,0,0,0,0,0,0,0,0,0,0,0,1.0,1.0,1.0,0.0,0.0,0.0,5,0,0
56,41,21,20,0,20,9,12,4,2,2,0,0,0,0,0,0,0,0,0,0,0,0,0,1.0,1.0,1.0,0.0,0.0,0.0,5,0,0
57,41,21,20,0,20,9,12,4,2,2,0,0,0,0,0,0,0,0,0,0,0,0,0,1.0,1.0,1.0,0.0,0.0,0.0,5,0,0
58,40,21,19,0,19,9,12,4,2,2,0,0,0,0,0,0,0,0,0,0,1,0,1,0.95,1.0,1.0,0.0,0.0,0.0,5,0,1
59,40,21,19,0,19,9,12,4,2,2,0,0,0,0,0,0,0,0,0,0,0,0,0,1.0,1.0,1.0,0.0,0.0,0.0,5,0,0
60,40,21,19,0,19,9,12,4,2,2,0,0,0,0,0,0,0,0,0,0,0,0,0,1.0,1.0,1.0,0.0,0.0,0.0,5,0,0
61,39,21,18,0,18,8,13,4,2,2,0,0,0,0,0,0,0,0,0,0,1,1,1,0.9473684210526316,1.0,1.0,0.0,0.0,0.0,5,0,1
62,39,21,18,0,18,8,13,4,2,2,0,0,0,0,0,0,0,0,0,0,0,0,0,1.0,1.0,1.0,0.0,0.0,0.0,5,0,0
63,39,21,18,0,18,8,13,4,2,2,0,0,0,0,0,0,0,0,0,0,0,0,0,1.0,1.0,1.0,0.0,0.0,0.0,5,0,0
64,39,21,18,0,18,8,13,4,2,2,0,0,0,0,0,0,0,0,0,0,0,1,0,1.0,1.0,1.0,0.0,0.0,0.0,5,0,0
65,39,21,18,0,17,9,13,4,2,2,0,0,0,0,0,0,0,0,0,0,0,0,0,1.0,1.0,1.0,0.0,0.0,0.0,5,0,0
66,39,21,18,0,17,9,13,4,2,2,0,0,0,0,0,0,0,0,0,0,0,0,0,1.0,1.0,1.0,0.0,0.0,0.0,5,0,0
67,39,21,18,0,17,9,13,4,2,2,0,0,0,0,0,0,0,0,0,0,0,0,0,1.0,1.0,1.0,0.0,0.0,0.0,5,0,0
68,39,21,18,0,16,10,13,4,2,2,0,0,0,0,0,0,0,0,0,0,0,0,0,1.0,1.0,1.0,0.0,0.0,0.0,5,0,0
69,39,21,18,0,16,10,13,4,2,2,0,0,0,0,0,0,0,0,0,0,0,0,0,1.0,1.0,1.0,0.0,0.0,0.0,5,0,0
70,39,21,18,0,16,10,13,4,2,2,0,0,0,0,0,0,0,0,0,0,0,0,0,1.0,1.0,1.0,0.0,0.0,0.0,5,0,0
71,39,21,18,0,16,10,13,4,2,2,0,0,0,0,0,0,0,0,0,0,0,0,0,1.0,1.0,1.0,0.0,0.0,0.0,5,0,0
72,38,20,18,0,16,10,12,4,2,2,0,0,0,0,0,0,0,0,0,0,0,0,0,1.0,0.8888888888888888,1.0,0.0,0.0,0.0,5,0,1
73,38,20,18,0,16,10,12,4,2,2,0,0,0,0,0,0,0,0,0,0,0,0,0,1.0,1.0,1.0,0.0,0.0,0.0,5,0,0
74,38,20,18,0,16,10,12,4,2,2,0,0,0,0,0,0,0,0,0,0,0,1,0,1.0,1.0,1.0,0.0,0.0,0.0,5,0,0
75,38,20,18,0,16,10,12,4,2,2,0,0,0,0,0,0,0,0,0,0,0,0,0,1.0,1.0,1.0,0.0,0.0,0.0,5,0,0
76,38,20,18,0,16,10,12,4,2,0,0,0,0,0,0,0,0,0,0,0,0,0,0,1.0,1.0,1.0,0.0,0.0,0.0,5,0,0
77,38,20,18,0,16,10,12,4,4,0,0,0,0,0,0,0,9,2,0,0,0,1,0,1.0,1.0,1.0,0.0,0.0,0.2222222222222222,5,0,0
78,38,20,18,0,15,11,12,4,4,0,0,0,0,0,0,0,0,0,0,0,0,1,0,1.0,1.0,1.0,0.0,0.0,0.0,5,0,0
79,37,20,17,0,15,10,12,4,4,0,0,0,0,0,0,0,0,0,0,0,0,1,0,1.0,1.0,1.0,0.0,0.0,0.0,4,0,1
80,37,20,17,0,15,10,12,4,4,0,0,0,0,0,0,0,0,0,0,0,0,0,0,1.0,1.0,1.0,0.0,0.0,0.0,4,0,0
81,37,20,17,0,14,11,12,4,4,0,0,0,0,0,0,0,0,0,0,0,0,0,0,1.0,1.0,1.0,0.0,0.0,0.0,4,0,0
82,37,20,17,0,13,12,12,4,4,0,0,0,0,0,0,0,0,0,0,0,0,0,0,1.0,1.0,1.0,0.0,0.0,0.0,4,0,0
83,37,20,17,0,12,13,12,4,4,0,0,0,0,0,0,0,0,0,0,0,0,0,0,1.0,1.0,1.0,0.0,0.0,0.0,4,0,0
84,37,20,17,0,12,13,12,4,4,0,0,0,0,0,0,0,0,0,0,0,0,0,0,1.0,1.0,1.0,0.0,0.0,0.0,4,0,0
85,37,20,17,0,12,13,12,4,4,0,0,0,0,0,0,0,0,0,0,0,0,0,0,1.0,1.0,1.0,0.0,0.0,0.0,4,0,0
86,37,20,17,0,12,13,12,4,4,0,0,0,0,0,0,0,0,0,0,0,0,0,0,1.0,1.0,1.0,0.0,0.0,0.0,4,0,0
87,37,20,17,0,12,13,12,4,4,0,0,0,0,0,0,0,0,0,0,0,0,0,0,1.0,1.0,1.0,0.0,0.0,0.0,4,0,0
88,37,20,17,0,12,13,12,4,4,0,0,0,0,0,0,0,0,0,0,0,0,0,0,1.0,1.0,1.0,0.0,0.0,0.0,4,0,0
89,37,20,17,0,12,13,12,4,4,0,0,0,0,0,0,0,0,0,0,0,0,0,0,1.0,1.0,1.0,0.0,0.0,0.0,4,0,0
90,37,20,17,0,12,13,12,4,4,0,0,0,0,0,0,0,0,0,0,0,0,0,0,1.0,1.0,1.0,0.0,0.0,0.0,4,0,0
91,37,20,17,0,12,13,12,4,4,0,0,0,0,0,0,0,0,0,0,0,0,0,0,1.0,1.0,1.0,0.0,0.0,0.0,4,0,0
92,37,20,17,0,12,13,12,4,4,0,0,0,0,0,0,0,0,0,0,0,0,1,0,1.0,1.0,1.0,0.0,0.0,0.0,4,0,0
93,36,20,16,0,11,13,12,4,4,0,0,0,0,0,0,0,0,0,0,0,1,0,1,0.9166666666666666,1.0,1.0,0.0,0.0,0.0,4,0,1
94,36,20,16,0,11,13,12,4,4,0,0,0,0,0,0,0,0,0,0,0,0,0,0,1.0,1.0,1.0,0.0,0.0,0.0,4,0,0
95,36,20,16,0,11,13,12,4,4,0,0,0,0,0,0,0,0,0,0,0,0,0,0,1.0,1.0,1.0,0.0,0.0,0.0,4,0,0
96,36,20,16,0,10,13,13,4,4,0,0,0,0,0,0,0,0,0,0,0,0,0,0,1.0,1.0,1.0,0.0,0.0,0.0,4,0,0
97,43,23,20,7,10,13,13,4,2,0,2,0,0,0,0,0,0,0,0,2,0,0,0,1.0,1.0,1.0,0.19444444444444445,0.19444444444444445,0.0,4,7,0
98,43,23,20,7,10,13,13,4,2,0,2,0,0,0,0,0,0,0,0,0,0,0,0,1.0,1.0,1.0,0.0,0.0,0.0,4,0,0
99,43,23,20,7,10,13,13,4,2,0,2,0,0,0,0,0,0,0,0,0,0,0,0,1.0,1.0,1.0,0.0,0.0,0.0,4,0,0
100,43,23,20,7,10,13,13,4,2,0,2,0,0,0,0,0,0,0,0,0,0,0,0,1.0,1.0,1.0,0.0,0.0,0.0,4,0,0
101,43,23,20,7,10,13,13,4,2,0,2,0,0,0,0,0,0,0,0,0,0,0,0,1.0,1.0,1.0,0.0,0.0,0.0,4,0,0
102,42,23,19,7,9,13,13,4,2,0,2,0,0,0,0,0,0,0,0,0,1,0,1,0.9411764705882353,1.0,1.0,0.0,0.0,0.0,4,0,1
103,42,23,19,7,9,13,13,4,2,0,2,0,0,0,0,0,0,0,0,0,0,0,0,1.0,1.0,1.0,0.0,0.0,0.0,4,0,0
104,42,23,19,7,9,12,14,5,2,0,2,0,0,0,0,0,0,0,0,0,0,0,0,1.0,1.0,1.0,0.0,0.0,0.0,4,0,0
105,42,23,19,7,9,12,14,5,2,0,2,0,0,0,0,0,0,0,0,0,0,0,0,1.0,1.0,1.0,0.0,0.0,0.0,4,0,0
106,42,23,19,7,9,12,14,5,2,0,2,0,0,0,0,0,0,0,0,0,0,0,0,1.0,1.0,1.0,0.0,0.0,0.0,4,0,0
107,41,22,19,7,9,12,13,5,2,0,2,0,0,0,0,0,0,0,0,0,0,0,0,1.0,0.8888888888888888,1.0,0.0,0.0,0.0,4,0,1
108,41,22,19,7,9,12,13,5,3,0,2,0,0,0,0,0,4,1,0,0,0,0,0,1.0,1.0,1.0,0.0,0.0,0.25,4,0,0
109,40,22,18,6,9,12,13,5,3,0,2,0,0,0,0,0,0,0,0,0,1,0,1,0.9375,1.0,1.0,0.0,0.0,0.0,4,0,1
110,40,22,18,6,9,12,13,5,3,0,2,0,0,0,0,0,0,0,0,0,0,0,0,1.0,1.0,1.0,0.0,0.0,0.0,4,0,0
111,40,22,18,6,9,12,13,5,3,0,2,0,0,0,0,0,0,0,0,0,0,0,0,1.0,1.0,1.0,0.0,0.0,0.0,4,0,0
112,40,22,18,6,9,12,13,5,3,0,2,0,0,0,0,0,0,0,0,0,0,0,0,1.0,1.0,1.0,0.0,0.0,0.0,4,0,0
113,40,22,18,6,9,12,13,5,3,0,2,0,0,0,0,0,0,0,0,0,0,0,0,1.0,1.0,1.0,0.0,0.0,0.0,4,0,0
114,39,22,17,6,8,12,13,5,3,0,2,0,0,0,0,0,0,0,0,0,1,0,1,0.9333333333333333,1.0,1.0,0.0,0.0,0.0,4,0,1
115,39,22,17,6,8,10,15,6,3,0,2,0,0,0,0,0,0,0,0,0,0,0,0,1.0,1.0,1.0,0.0,0.0,0.0,4,0,0
116,39,22,17,6,8,10,15,6,3,0,2,0,0,0,0,0,0,0,0,0,0,0,0,1.0,1.0,1.0,0.0,0.0,0.0,4,0,0
117,39,22,17,6,8,10,15,6,3,0,2,0,0,0,0,0,0,0,0,0,0,0,0,1.0,1.0,1.0,0.0,0.0,0.0,4,0,0
118,39,22,17,6,8,10,15,6,3,0,2,0,0,0,0,0,0,0,0,0,0,0,0,1.0,1.0,1.0,0.0,0.0,0.0,4,0,0
119,39,22,17,6,8,10,15,6,3,0,2,0,0,0,0,0,0,0,0,0,0,0,0,1.0,1.0,1.0,0.0,0.0,0.0,4,0,0
120,39,22,17,6,8,10,15,6,3,0,2,0,0,0,0,0,0,0,0,0,0,1,0,1.0,1.0,1.0,0.0,0.0,0.0,4,0,0
121,39,22,17,6,8,10,15,6,3,0,2,0,0,0,0,0,3,0,0,0,0,0,0,1.0,1.0,1.0,0.0,0.0,0.0,4,0,0
122,39,22,17,6,8,10,15,6,4,0,2,0,0,0,0,0,1,1,0,0,0,0,0,1.0,1.0,1.0,0.0,0.0,1.0,4,0,0
123,39,22,17,6,8,10,15,6,4,0,2,0,0,0,0,0,0,0,0,0,0,0,0,1.0,1.0,1.0,0.0,0.0,0.0,4,0,0
124,39,22,17,6,7,11,15,6,4,0,2,0,0,0,0,0,0,0,0,0,0,0,0,1.0,1.0,1.0,0.0,0.0,0.0,4,0,0
125,39,22,17,6,7,11,15,6,4,0,2,0,0,0,0,0,0,0,0,0,0,0,0,1.0,1.0,1.0,0.0,0.0,0.0,4,0,0
126,39,22,17,6,7,11,15,6,4,0,2,0,0,0,0,0,0,0,0,0,0,0,0,1.0,1.0,1.0,0.0,0.0,0.0,4,0,0
127,39,22,17,6,7,11,15,6,4,0,2,0,0,0,0,0,0,0,0,0,0,0,0,1.0,1.0,1.0,0.0,0.0,0.0,4,0,0
128,39,22,17,6,7,11,15,6,4,0,2,0,0,0,0,0,0,0,0,0,0,0,0,1.0,1.0,1.0,0.0,0.0,0.0,4,0,0
129,39,22,17,6,7,11,15,6,4,0,2,0,0,0,0,0,0,0,0,0,0,1,0,1.0,1.0,1.0,0.0,0.0,0.0,4,0,0
130,39,22,17,6,7,11,15,6,4,0,2,0,0,0,0,0,0,0,0,0,0,0,0,1.0,1.0,1.0,0.0,0.0,0.0,4,0,0
131,39,22,17,6,7,11,15,6,4,0,2,0,0,0,0,0,0,0,0,0,0,0,0,1.0,1.0,1.0,0.0,0.0,0.0,4,0,0
132,39,22,17,6,7,11,15,6,4,0,2,0,0,0,0,0,0,0,0,0,0,0,0,1.0,1.0,1.0,0.0,0.0,0.0,4,0,0
133,39,22,17,6,6,12,15,6,4,0,2,0,0,0,0,0,0,0,0,0,0,0,0,1.0,1.0,1.0,0.0,0.0,0.0,4,0,0
134,39,22,17,6,6,12,15,6,4,0,2,0,0,0,0,0,0,0,0,0,0,0,0,1.0,1.0,1.0,0.0,0.0,0.0,4,0,0
135,39,22,17,6,6,12,15,6,4,0,2,0,0,0,0,0,0,0,0,0,0,0,0,1.0,1.0,1.0,0.0,0.0,0.0,4,0,0
136,39,22,17,6,6,12,15,6,4,0,2,0,0,0,0,0,0,0,0,0,0,0,0,1.0,1.0,1.0,0.0,0.0,0.0,4,0,0
137,38,22,16,6,5,12,15,6,4,0,2,0,0,0,0,0,0,0,0,0,1,0,1,0.9166666666666666,1.0,1.0,0.0,0.0,0.0,4,0,1
138,38,22,16,6,5,12,15,6,4,0,2,0,0,0,0,0,0,0,0,0,0,0,0,1.0,1.0,1.0,0.0,0.0,0.0,4,0,0
139,38,22,16,6,5,12,15,6,4,0,2,0,0,0,0,0,0,0,0,0,0,0,0,1.0,1.0,1.0,0.0,0.0,0.0,4,0,0
140,38,22,16,0,11,12,15,6,4,0,2,0,0,0,0,0,0,0,0,0,0,0,0,1.0,1.0,1.0,0.0,0.0,0.0,4,0,0
141,38,22,16,0,11,12,15,6,4,0,2,0,0,0,0,0,0,0,0,0,0,0,0,1.0,1.0,1.0,0.0,0.0,0.0,4,0,0
142,46,24,22,8,11,12,15,6,2,0,2,0,0,0,0,0,0,0,0,2,0,0,0,1.0,1.0,1.0,0.21052631578947367,0.21052631578947367,0.0,4,8,0
143,45,24,21,8,10,12,15,6,4,0,2,0,0,0,0,0,5,2,0,0,1,0,1,0.9473684210526316,1.0,1.0,0.0,0.0,0.4,4,0,1
144,45,24,21,8,10,12,15,6,4,0,2,0,0,0,0,0,0,0,0,0,0,0,0,1.0,1.0,1.0,0.0,0.0,0.0,4,0,0
145,45,24,21,8,10,12,15,6,4,0,2,0,0,0,0,0,0,0,0,0,0,0,0,1.0,1.0,1.0,0.0,0.0,0.0,4,0,0
146,45,24,21,8,10,12,15,6,4,0,2,0,0,0,0,0,0,0,0,0,0,0,0,1.0,1.0,1.0,0.0,0.0,0.0,4,0,0
147,45,24,21,8,10,12,15,6,4,0,2,0,0,0,0,0,0,0,0,0,0,0,0,1.0,1.0,1.0,0.0,0.0,0.0,4,0,0
148,45,24,21,8,10,12,15,6,4,0,2,0,0,0,0,0,0,0,0,0,0,1,0,1.0,1.0,1.0,0.0,0.0,0.0,4,0,0
149,44,23,21,8,9,12,15,6,4,0,2,0,0,0,0,0,0,0,0,0,1,1,1,0.9444444444444444,1.0,1.0,0.0,0.0,0.0,4,0,1
150,44,23,21,8,9,12,15,6,4,0,2,0,0,0,0,0,0,0,0,0,0,0,0,1.0,1.0,1.0,0.0,0.0,0.0,4,0,0
151,44,23,21,8,9,12,15,6,4,0,2,0,0,0,0,0,0,0,0,0,0,1,0,1.0,1.0,1.0,0.0,0.0,0.0,4,0,0
152,44,23,21,8,9,12,15,6,4,0,2,0,0,0,0,0,0,0,0,0,0,0,0,1.0,1.0,1.0,0.0,0.0,0.0,4,0,0
153,44,23,21,8,8,13,15,6,4,0,2,0,0,0,0,0,0,0,0,0,0,0,0,1.0,1.0,1.0,0.0,0.0,0.0,4,0,0
154,44,23,21,8,8,13,15,6,4,0,2,0,0,0,0,0,0,0,0,0,0,0,0,1.0,1.0,1.0,0.0,0.0,0.0,4,0,0
155,44,23,21,8,7,14,15,6,4,0,2,0,0,0,0,0,0,0,0,0,0,1,0,1.0,1.0,1.0,0.0,0.0,0.0,4,0,0
156,44,23,21,8,7,14,15,6,4,0,2,0,0,0,0,0,0,0,0,0,0,0,0,1.0,1.0,1.0,0.0,0.0,0.0,4,0,0
157,43,23,20,8,7,13,15,6,4,0,2,0,0,0,0,0,0,0,0,0,0,0,0,1.0,1.0,1.0,0.0,0.0,0.0,4,0,1
158,43,23,20,8,7,13,15,6,4,0,2,0,0,0,0,0,0,0,0,0,0,0,0,1.0,1.0,1.0,0.0,0.0,0.0,4,0,0
159,43,23,20,8,6,14,15,6,4,0,2,0,0,0,0,0,0,0,0,0,0,0,0,1.0,1.0,1.0,0.0,0.0,0.0,4,0,0
160,43,23,20,8,6,14,15,6,4,0,2,0,0,0,0,0,0,0,0,0,0,0,0,1.0,1.0,1.0,0.0,0.0,0.0,4,0,0
161,43,23,20,8,6,14,15,6,4,0,2,0,0,0,0,0,0,0,0,0,0,0,0,1.0,1.0,1.0,0.0,0.0,0.0,4,0,0
162,43,23,20,8,6,14,15,6,4,0,2,0,0,0,0,0,0,0,0,0,0,0,0,1.0,1.0,1.0,0.0,0.0,0.0,4,0,0
163,43,23,20,8,6,14,15,6,4,0,2,0,0,0,0,0,0,0,0,0,0,0,0,1.0,1.0,1.0,0.0,0.0,0.0,4,0,0
164,43,23,20,8,6,14,15,6,4,0,2,0,0,0,0,0,0,0,0,0,0,0,0,1.0,1.0,1.0,0.0,0.0,0.0,4,0,0
165,43,23,20,8,6,14,15,6,4,0,2,0,0,0,0,0,0,0,0,0,0,0,0,1.0,1.0,1.0,0.0,0.0,0.0,4,0,0
166,43,23,20,8,6,14,15,6,4,0,2,0,0,0,0,0,0,0,0,0,0,0,0,1.0,1.0,1.0,0.0,0.0,0.0,4,0,0
167,43,23,20,8,6,14,15,6,4,0,2,0,0,0,0,0,0,0,0,0,0,0,0,1.0,1.0,1.0,0.0,0.0,0.0,4,0,0
168,43,23,20,8,6,14,15,6,4,0,2,0,0,0,0,0,0,0,0,0,0,0,0,1.0,1.0,1.0,0.0,0.0,0.0,4,0,0
169,42,23,19,7,6,14,15,6,4,0,2,0,0,0,0,0,0,0,0,0,1,0,1,0.9285714285714286,1.0,1.0,0.0,0.0,0.0,4,0,1
170,42,23,19,7,6,14,15,6,4,0,2,0,0,0,0,0,0,0,0,0,0,0,0,1.0,1.0,1.0,0.0,0.0,0.0,4,0,0
171,42,23,19,7,6,14,15,6,4,0,2,0,0,0,0,0,0,0,0,0,0,0,0,1.0,1.0,1.0,0.0,0.0,0.0,4,0,0
172,42,23,19,7,6,14,15,6,4,0,2,0,0,0,0,0,0,0,0,0,0,0,0,1.0,1.0,1.0,0.0,0.0,0.0,4,0,0
173,46,26,20,11,6,14,15,6,3,0,3,0,0,0,0,0,0,0,0,1,0,0,0,1.0,1.0,1.0,0.09523809523809523,0.09523809523809523,0.0,4,4,0
174,46,26,20,11,6,14,15,6,3,0,3,0,0,0,0,0,0,0,0,0,0,0,0,1.0,1.0,1.0,0.0,0.0,0.0,4,0,0
175,45,26,19,11,6,13,15,6,3,0,3,0,0,0,0,0,0,0,0,0,0,0,0,1.0,1.0,1.0,0.0,0.0,0.0,4,0,1
176,45,26,19,11,6,13,15,6,3,0,3,0,0,0,0,0,0,0,0,0,0,0,0,1.0,1.0,1.0,0.0,0.0,0.0,4,0,0
177,45,26,19,11,6,11,17,8,4,0,3,0,0,0,0,0,7,1,0,0,0,0,0,1.0,1.0,1.0,0.0,0.0,0.14285714285714285,4,0,0
178,44,26,18,10,6,10,18,8,4,0,3,0,0,0,0,0,0,0,0,0,1,0,1,0.9411764705882353,1.0,1.0,0.0,0.0,0.0,4,0,1
179,44,26,18,10,6,9,19,8,4,0,3,0,0,0,0,0,0,0,0,0,0,0,0,1.0,1.0,1.0,0.0,0.0,0.0,4,0,0
180,44,26,18,10,6,9,19,8,4,0,3,0,0,0,0,0,0,0,0,0,0,0,0,1.0,1.0,1.0,0.0,0.0,0.0,4,0,0
181,44,26,18,10,6,9,19,8,4,0,3,0,0,0,0,0,0,0,0,0,0,0,0,1.0,1.0,1.0,0.0,0.0,0.0,4,0,0
182,44,26,18,10,6,9,19,8,4,0,3,0,0,0,0,0,0,0,0,0,0,0,0,1.0,1.0,1.0,0.0,0.0,0.0,4,0,0
183,44,26,18,10,6,9,19,8,4,0,3,0,0,0,0,0,0,0,0,0,0,0,0,1.0,1.0,1.0,0.0,0.0,0.0,4,0,0
184,44,26,18,10,6,9,19,8,4,0,3,0,0,0,0,0,0,0,0,0,0,0,0,1.0,1.0,1.0,0.0,0.0,0.0,4,0,0
185,44,26,18,3,13,9,19,8,4,0,3,0,0,0,0,0,0,0,0,0,0,0,0,1.0,1.0,1.0,0.0,0.0,0.0,4,0,0
186,44,26,18,3,13,9,19,8,5,0,3,0,0,0,0,0,5,1,0,0,0,0,0,1.0,1.0,1.0,0.0,0.0,0.2,4,0,0
187,47,28,19,7,12,9,19,8,4,0,2,0,0,0,0,0,0,0,0,1,1,0,1,0.9375,1.0,1.0,0.09090909090909091,0.09090909090909091,0.0,4,4,1
188,46,27,19,7,11,9,19,8,5,0,2,0,0,0,0,0,11,1,0,0,1,0,1,0.9473684210526316,1.0,1.0,0.0,0.0,0.09090909090909091,4,0,1
189,46,27,19,7,11,9,19,8,5,0,2,0,0,0,0,0,2,0,0,0,0,0,0,1.0,1.0,1.0,0.0,0.0,0.0,4,0,0
190,46,27,19,7,11,9,19,8,6,0,2,0,0,0,0,0,5,1,0,0,0,0,0,1.0,1.0,1.0,0.0,0.0,0.2,4,0,0
191,46,27,19,7,11,9,19,8,6,0,2,0,0,0,0,0,0,0,0,0,0,0,0,1.0,1.0,1.0,0.0,0.0,0.0,4,0,0
192,46,27,19,7,11,9,19,8,6,0,2,0,0,0,0,0,0,0,0,0,0,0,0,1.0,1.0,1.0,0.0,0.0,0.0,4,0,0
193,46,27,19,7,11,9,19,8,6,0,2,0,0,0,0,0,0,0,0,0,0,0,0,1.0,1.0,1.0,0.0,0.0,0.0,4,0,0
194,46,27,19,7,11,9,19,8,6,0,2,0,0,0,0,0,0,0,0,0,0,0,0,1.0,1.0,1.0,0.0,0.0,0.0,4,0,0
195,46,27,19,7,11,9,19,8,6,0,2,0,0,0,0,0,0,0,0,0,0,0,0,1.0,1.0,1.0,0.0,0.0,0.0,4,0,0
196,46,27,19,7,11,9,19,8,6,0,2,0,0,0,0,0,0,0,0,0,0,0,0,1.0,1.0,1.0,0.0,0.0,0.0,4,0,0
197,46,27,19,7,11,9,19,8,6,0,2,0,0,0,0,0,0,0,0,0,0,0,0,1.0,1.0,1.0,0.0,0.0,0.0,4,0,0
198,46,27,19,7,11,9,19,8,6,0,2,0,0,0,0,0,0,0,0,0,0,0,0,1.0,1.0,1.0,0.0,0.0,0.0,4,0,0
199,46,27,19,7,11,9,19,8,6,0,2,0,0,0,0,0,0,0,0,0,0,0,0,1.0,1.0,1.0,0.0,0.0,0.0,4,0,0
200,46,27,19,7,11,9,19,8,6,0,2,0,0,0,0,0,0,0,0,0,0,0,0,1.0,1.0,1.0,0.0,0.0,0.0,4,0,0
201,45,26,19,7,11,8,19,8,6,0,2,0,0,0,0,0,0,0,0,0,0,0,0,1.0,1.0,1.0,0.0,0.0,0.0,4,0,1
202,45,26,19,7,11,8,19,8,6,0,2,0,0,0,0,0,0,0,0,0,0,0,0,1.0,1.0,1.0,0.0,0.0,0.0,4,0,0
203,45,26,19,7,11,7,20,8,6,0,2,0,0,0,0,0,0,0,0,0,0,0,0,1.0,1.0,1.0,0.0,0.0,0.0,4,0,0
204,45,26,19,7,11,7,20,8,6,0,2,0,0,0,0,0,0,0,0,0,0,0,0,1.0,1.0,1.0,0.0,0.0,0.0,4,0,0
205,45,26,19,7,11,7,20,8,6,0,2,0,0,0,0,0,0,0,0,0,0,0,0,1.0,1.0,1.0,0.0,0.0,0.0,4,0,0
206,45,26,19,7,11,7,20,8,6,0,2,0,0,0,0,0,0,0,0,0,0,0,0,1.0,1.0,1.0,0.0,0.0,0.0,4,0,0
207,45,26,19,7,11,7,20,8,6,0,2,0,0,0,0,0,0,0,0,0,0,0,0,1.0,1.0,1.0,0.0,0.0,0.0,4,0,0
208,52,28,24,14,11,7,20,8,4,0,4,0,0,0,0,0,0,0,0,2,0,0,0,1.0,1.0,1.0,0.15555555555555556,0.15555555555555556,0.0,4,7,0
209,52,28,24,14,11,7,20,8,4,0,4,0,0,0,0,0,0,0,0,0,0,0,0,1.0,1.0,1.0,0.0,0.0,0.0,4,0,0
210,52,28,24,14,11,7,20,8,4,0,4,0,0,0,0,0,0,0,0,0,0,0,0,1.0,1.0,1.0,0.0,0.0,0.0,4,0,0
211,52,28,24,14,11,7,20,8,4,0,4,0,0,0,0,0,0,0,0,0,0,0,0,1.0,1.0,1.0,0.0,0.0,0.0,4,0,0
212,52,28,24,14,11,7,20,8,4,0,4,0,0,0,0,0,0,0,0,0,0,0,0,1.0,1.0,1.0,0.0,0.0,0.0,4,0,0
213,52,28,24,14,11,6,21,8,4,0,4,0,0,0,0,0,0,0,0,0,0,0,0,1.0,1.0,1.0,0.0,0.0,0.0,4,0,0
214,52,28,24,14,11,6,21,8,4,0,4,0,0,0,0,0,0,0,0,0,0,0,0,1.0,1.0,1.0,0.0,0.0,0.0,4,0,0
215,52,28,24,14,11,6,21,8,4,0,4,0,0,0,0,0,0,0,0,0,0,0,0,1.0,1.0,1.0,0.0,0.0,0.0,4,0,0
216,51,27,24,11,14,5,21,8,4,0,4,0,0,0,0,0,0,0,0,0,0,0,0,1.0,0.9285714285714286,1.0,0.0,0.0,0.0,4,0,1
217,51,27,24,11,14,4,22,8,4,0,4,0,0,0,0,0,0,0,0,0,0,0,0,1.0,1.0,1.0,0.0,0.0,0.0,4,0,0
218,51,27,24,11,14,4,22,8,4,0,3,0,0,0,0,0,0,0,0,0,0,0,0,1.0,1.0,1.0,0.0,0.0,0.0,4,0,0
219,51,27,24,11,14,4,22,8,4,0,3,0,0,0,0,0,8,0,0,0,0,0,0,1.0,1.0,1.0,0.0,0.0,0.0,4,0,0
220,51,27,24,11,14,4,22,8,4,0,3,0,0,0,0,0,3,0,0,0,0,0,0,1.0,1.0,1.0,0.0,0.0,0.0,4,0,0
221,51,27,24,11,14,4,22,8,5,0,3,0,0,0,0,0,2,1,0,0,0,0,0,1.0,1.0,1.0,0.0,0.0,0.5,4,0,0
222,51,27,24,11,14,4,22,8,5,0,3,0,0,0,0,0,0,0,0,0,0,0,0,1.0,1.0,1.0,0.0,0.0,0.0,4,0,0
223,51,27,24,11,14,4,22,8,5,0,3,0,0,0,0,0,0,0,0,0,0,0,0,1.0,1.0,1.0,0.0,0.0,0.0,4,0,0
224,51,27,24,11,14,4,22,8,5,0,3,0,0,0,0,0,0,0,0,0,0,0,0,1.0,1.0,1.0,0.0,0.0,0.0,4,0,0
225,51,27,24,11,14,4,22,8,5,0,3,0,0,0,0,0,0,0,0,0,0,0,0,1.0,1.0,1.0,0.0,0.0,0.0,4,0,0
226,50,26,24,11,13,4,22,8,5,0,3,0,0,0,0,0,0,0,0,0,1,0,1,0.96,1.0,1.0,0.0,0.0,0.0,4,0,1
227,50,26,24,11,13,4,22,8,5,0,3,0,0,0,0,0,0,0,0,0,0,0,0,1.0,1.0,1.0,0.0,0.0,0.0,4,0,0
228,50,26,24,11,13,4,22,8,5,0,3,0,0,0,0,0,0,0,0,0,0,0,0,1.0,1.0,1.0,0.0,0.0,0.0,4,0,0
229,50,26,24,11,13,4,22,8,5,0,3,0,0,0,0,0,0,0,0,0,0,0,0,1.0,1.0,1.0,0.0,0.0,0.0,4,0,0
230,50,26,24,7,17,4,22,8,5,0,3,0,0,0,0,0,0,0,0,0,0,0,0,1.0,1.0,1.0,0.0,0.0,0.0,4,0,0
231,50,26,24,7,17,4,22,8,5,0,3,0,0,0,0,0,0,0,0,0,0,0,0,1.0,1.0,1.0,0.0,0.0,0.0,4,0,0
232,50,26,24,7,17,4,22,8,5,0,2,0,0,0,0,0,0,0,0,0,0,0,0,1.0,1.0,1.0,0.0,0.0,0.0,4,0,0
233,50,26,24,7,17,4,22,8,6,0,2,0,0,0,0,0,7,1,0,0,0,0,0,1.0,1.0,1.0,0.0,0.0,0.14285714285714285,4,0,0
234,50,26,24,7,17,4,22,8,6,0,2,0,0,0,0,0,0,0,0,0,0,0,0,1.0,1.0,1.0,0.0,0.0,0.0,4,0,0
235,50,26,24,7,17,4,22,8,6,0,2,0,0,0,0,0,0,0,0,0,0,0,0,1.0,1.0,1.0,0.0,0.0,0.0,4,0,0
236,49,25,24,7,16,4,22,8,6,0,2,0,0,0,0,0,0,0,0,0,1,0,1,0.9583333333333334,1.0,1.0,0.0,0.0,0.0,4,0,1
237,49,25,24,7,16,4,22,8,6,0,2,0,0,0,0,0,0,0,0,0,0,0,0,1.0,1.0,1.0,0.0,0.0,0.0,4,0,0
238,49,25,24,7,16,4,22,8,6,0,2,0,0,0,0,0,0,0,0,0,0,0,0,1.0,1.0,1.0,0.0,0.0,0.0,4,0,0
239,49,25,24,7,16,4,22,8,6,0,2,0,0,0,0,0,0,0,0,0,0,0,0,1.0,1.0,1.0,0.0,0.0,0.0,4,0,0
240,49,25,24,7,16,4,22,8,6,0,2,0,0,0,0,0,0,0,0,0,0,0,0,1.0,1.0,1.0,0.0,0.0,0.0,4,0,0
241,49,25,24,7,16,4,22,8,6,0,2,0,0,0,0,0,0,0,0,0,0,0,0,1.0,1.0,1.0,0.0,0.0,0.0,4,0,0
242,50,27,23,10,14,4,22,8,5,0,3,0,0,0,0,0,0,0,0,1,2,0,2,0.9130434782608696,1.0,1.0,0.061224489795918366,0.061224489795918366,0.0,4,3,2
243,50,27,23,10,14,4,22,8,5,0,3,0,0,0,0,0,0,0,0,0,0,0,0,1.0,1.0,1.0,0.0,0.0,0.0,4,0,0
244,48,27,21,10,12,4,22,8,5,0,3,0,0,0,0,0,0,0,0,0,2,0,2,0.9166666666666666,1.0,1.0,0.0,0.0,0.0,4,0,2
245,48,27,21,10,12,4,22,8,5,0,3,0,0,0,0,0,0,0,0,0,0,0,0,1.0,1.0,1.0,0.0,0.0,0.0,4,0,0
246,48,27,21,10,12,4,22,8,5,0,3,0,0,0,0,0,0,0,0,0,0,0,0,1.0,1.0,1.0,0.0,0.0,0.0,4,0,0
247,48,27,21,10,12,4,22,8,5,0,3,0,0,0,0,0,0,0,0,0,0,0,0,1.0,1.0,1.0,0.0,0.0,0.0,4,0,0
248,48,27,21,10,12,4,22,8,5,0,3,0,0,0,0,0,0,0,0,0,0,0,0,1.0,1.0,1.0,0.0,0.0,0.0,4,0,0
249,48,27,21,10,12,3,23,9,5,0,3,0,0,0,0,0,0,0,0,0,0,0,0,1.0,1.0,1.0,0.0,0.0,0.0,4,0,0
250,47,26,21,10,11,3,23,9,5,0,3,0,0,0,0,0,0,0,0,0,1,0,1,0.9545454545454546,1.0,1.0,0.0,0.0,0.0,4,0,1
251,51,27,24,7,18,3,23,9,4,0,4,0,0,0,0,0,1,0,0,1,0,0,0,1.0,1.0,1.0,0.0851063829787234,0.0851063829787234,0.0,4,4,0
252,50,27,23,7,17,3,23,9,5,0,4,0,0,0,0,0,2,1,0,0,1,0,1,0.96,1.0,1.0,0.0,0.0,0.5,4,0,1
253,54,30,24,11,17,3,23,9,4,0,3,0,0,0,0,0,0,0,0,1,0,0,0,1.0,1.0,1.0,0.08,0.08,0.0,4,4,0
254,54,30,24,11,17,3,23,9,6,0,3,0,0,0,0,0,13,2,0,0,0,0,0,1.0,1.0,1.0,0.0,0.0,0.15384615384615385,4,0,0
255,57,31,26,14,17,3,23,9,5,0,4,0,0,0,0,0,0,0,0,1,0,0,0,1.0,1.0,1.0,0.05555555555555555,0.05555555555555555,0.0,4,3,0
256,56,30,26,14,16,3,23,9,5,0,4,0,0,0,0,0,0,0,0,0,1,0,1,0.967741935483871,1.0,1.0,0.0,0.0,0.0,4,0,1
257,55,30,25,14,15,3,23,9,5,0,4,0,0,0,0,0,0,0,0,0,1,0,1,0.9666666666666667,1.0,1.0,0.0,0.0,0.0,4,0,1
258,55,30,25,14,15,3,23,9,5,0,4,0,0,0,0,0,0,0,0,0,0,0,0,1.0,1.0,1.0,0.0,0.0,0.0,4,0,0
259,55,30,25,14,15,3,23,9,5,0,4,0,0,0,0,0,0,0,0,0,0,0,0,1.0,1.0,1.0,0.0,0.0,0.0,4,0,0
260,55,30,25,14,15,3,23,9,5,0,4,0,0,0,0,0,0,0,0,0,0,0,0,1.0,1.0,1.0,0.0,0.0,0.0,4,0,0
261,52,30,22,14,13,3,22,8,4,0,4,0,0,0,0,0,0,0,0,0,2,0,2,0.9310344827586207,1.0,0.8888888888888888,0.0,0.0,0.0,4,0,3
262,52,30,22,14,13,3,22,8,4,0,4,0,0,0,0,0,0,0,0,0,0,0,0,1.0,1.0,1.0,0.0,0.0,0.0,4,0,0
263,52,30,22,14,13,3,22,8,4,0,4,0,0,0,0,0,0,0,0,0,0,0,0,1.0,1.0,1.0,0.0,0.0,0.0,4,0,0
264,52,30,22,14,13,3,22,8,4,0,4,0,0,0,0,0,0,0,0,0,0,0,0,1.0,1.0,1.0,0.0,0.0,0.0,4,0,0
265,52,30,22,14,13,3,22,8,4,0,4,0,0,0,0,0,0,0,0,0,0,0,0,1.0,1.0,1.0,0.0,0.0,0.0,4,0,0
266,52,30,22,14,13,3,22,8,4,0,4,0,0,0,0,0,0,0,0,0,0,0,0,1.0,1.0,1.0,0.0,0.0,0.0,4,0,0
267,51,29,22,14,13,3,21,8,4,0,4,0,0,0,0,0,0,0,0,0,0,0,0,1.0,0.9285714285714286,1.0,0.0,0.0,0.0,4,0,1
268,51,29,22,14,13,3,21,8,4,0,4,0,0,0,0,0,0,0,0,0,0,0,0,1.0,1.0,1.0,0.0,0.0,0.0,4,0,0
269,51,29,22,14,13,3,21,8,4,0,4,0,0,0,0,0,0,0,0,0,0,0,0,1.0,1.0,1.0,0.0,0.0,0.0,4,0,0
270,49,28,21,13,13,2,21,8,4,0,4,0,0,0,0,0,0,0,0,0,1,0,1,0.962962962962963,1.0,1.0,0.0,0.0,0.0,4,0,2
271,49,28,21,13,13,2,21,8,4,0,4,0,0,0,0,0,0,0,0,0,0,0,0,1.0,1.0,1.0,0.0,0.0,0.0,4,0,0
272,49,28,21,13,13,2,21,8,4,0,4,0,0,0,0,0,0,0,0,0,0,0,0,1.0,1.0,1.0,0.0,0.0,0.0,4,0,0
273,49,28,21,13,13,2,21,8,4,0,4,0,0,0,0,0,0,0,0,0,0,0,0,1.0,1.0,1.0,0.0,0.0,0.0,4,0,0
274,48,28,20,13,12,2,21,8,4,0,4,0,0,0,0,0,0,0,0,0,1,0,1,0.9615384615384616,1.0,1.0,0.0,0.0,0.0,4,0,1
275,48,28,20,13,12,2,21,8,4,0,4,0,0,0,0,0,0,0,0,0,0,0,0,1.0,1.0,1.0,0.0,0.0,0.0,4,0,0
276,46,27,19,13,12,2,19,7,4,0,3,0,0,0,0,0,0,0,0,0,0,0,0,1.0,0.9230769230769231,0.875,0.0,0.0,0.0,4,0,2
277,46,27,19,13,12,2,19,7,4,0,3,0,0,0,0,0,0,0,0,0,0,5,0,1.0,1.0,1.0,0.0,0.0,0.0,4,0,0
278,46,27,19,13,12,2,19,7,4,0,3,0,0,0,0,0,0,0,0,0,0,0,0,1.0,1.0,1.0,0.0,0.0,0.0,4,0,0
279,46,27,19,13,12,2,19,7,4,0,3,0,0,0,0,0,0,0,0,0,0,0,0,1.0,1.0,1.0,0.0,0.0,0.0,4,0,0
280,46,27,19,13,12,1,20,8,4,0,3,0,0,0,0,0,7,0,0,0,0,0,0,1.0,1.0,1.0,0.0,0.0,0.0,4,0,0
281,46,27,19,13,7,6,20,8,4,0,3,0,0,0,0,0,2,0,0,0,0,0,0,1.0,1.0,1.0,0.0,0.0,0.0,4,0,0
282,46,27,19,13,7,6,20,8,4,0,3,0,0,0,0,0,0,0,0,0,0,0,0,1.0,1.0,1.0,0.0,0.0,0.0,4,0,0
283,46,27,19,13,7,6,20,8,4,0,3,0,0,0,0,0,0,0,0,0,0,0,0,1.0,1.0,1.0,0.0,0.0,0.0,4,0,0
284,46,27,19,13,7,6,20,8,4,0,3,0,0,0,0,0,0,0,0,0,0,0,0,1.0,1.0,1.0,0.0,0.0,0.0,4,0,0
285,45,27,18,9,10,6,20,8,4,0,3,0,0,0,0,0,0,0,0,0,1,0,1,0.95,1.0,1.0,0.0,0.0,0.0,4,0,1
286,49,30,19,13,10,6,20,8,3,0,4,0,0,0,0,0,0,0,0,1,0,0,0,1.0,1.0,1.0,0.08888888888888889,0.08888888888888889,0.0,4,4,0
287,48,30,18,13,9,6,20,8,3,0,3,0,0,0,0,0,0,0,0,0,1,0,1,0.9565217391304348,1.0,1.0,0.0,0.0,0.0,4,0,1
288,48,30,18,13,9,6,20,8,4,0,3,0,0,0,0,0,5,1,0,0,0,0,0,1.0,1.0,1.0,0.0,0.0,0.2,4,0,0
289,48,30,18,13,9,6,20,8,4,0,3,0,0,0,0,0,0,0,0,0,0,0,0,1.0,1.0,1.0,0.0,0.0,0.0,4,0,0
290,48,30,18,13,9,5,21,8,5,0,3,0,0,0,0,0,5,1,0,0,0,0,0,1.0,1.0,1.0,0.0,0.0,0.2,4,0,0
291,48,30,18,13,9,5,21,8,5,0,3,0,0,0,0,0,0,0,0,0,0,0,0,1.0,1.0,1.0,0.0,0.0,0.0,4,0,0
292,47,30,17,13,8,5,21,8,5,0,3,0,0,0,0,0,0,0,0,0,1,0,1,0.9545454545454546,1.0,1.0,0.0,0.0,0.0,4,0,1
293,46,30,16,12,8,5,21,8,5,0,3,0,0,0,0,0,0,0,0,0,1,0,1,0.9523809523809523,1.0,1.0,0.0,0.0,0.0,4,0,1
294,45,29,16,10,9,5,21,8,5,0,3,0,0,0,0,0,0,0,0,0,1,0,1,0.95,1.0,1.0,0.0,0.0,0.0,4,0,1
295,45,29,16,10,9,5,21,8,5,0,3,0,0,0,0,0,0,0,0,0,0,0,0,1.0,1.0,1.0,0.0,0.0,0.0,4,0,0
296,45,29,16,7,12,5,21,8,5,0,2,0,0,0,0,0,0,0,0,0,0,0,0,1.0,1.0,1.0,0.0,0.0,0.0,4,0,0
297,45,29,16,7,12,5,21,8,5,0,2,0,0,0,0,0,4,0,0,0,0,0,0,1.0,1.0,1.0,0.0,0.0,0.0,4,0,0
298,49,30,19,8,15,5,21,8,5,0,2,0,0,0,0,0,3,1,0,1,0,0,0,1.0,1.0,1.0,0.08888888888888889,0.08888888888888889,0.3333333333333333,4,4,0
299,49,30,19,8,15,5,21,8,5,0,2,0,0,0,0,0,2,0,0,0,0,0,0,1.0,1.0,1.0,0.0,0.0,0.0,4,0,0
300,49,30,19,8,15,5,21,8,5,0,2,0,0,0,0,0,1,0,0,0,0,0,0,1.0,1.0,1.0,0.0,0.0,0.0,4,0,0
301,48,30,18,7,15,5,21,8,5,0,2,0,0,0,0,0,1,0,0,0,1,0,1,0.9565217391304348,1.0,1.0,0.0,0.0,0.0,4,0,1
302,48,30,18,7,15,5,21,8,5,0,2,0,0,0,0,0,1,0,0,0,0,0,0,1.0,1.0,1.0,0.0,0.0,0.0,4,0,0
303,48,30,18,7,15,5,21,8,5,0,2,0,0,0,0,0,1,0,0,0,0,0,0,1.0,1.0,1.0,0.0,0.0,0.0,4,0,0
304,48,30,18,7,15,5,21,8,5,0,2,0,0,0,0,0,1,0,0,0,0,0,0,1.0,1.0,1.0,0.0,0.0,0.0,4,0,0
305,48,30,18,7,15,5,21,8,5,0,2,0,0,0,0,0,1,0,0,0,0,0,0,1.0,1.0,1.0,0.0,0.0,0.0,4,0,0
306,48,30,18,7,15,5,21,8,5,0,2,0,0,0,0,0,1,0,0,0,0,0,0,1.0,1.0,1.0,0.0,0.0,0.0,4,0,0
307,48,30,18,7,15,5,21,8,5,0,2,0,0,0,0,0,1,0,0,0,0,0,0,1.0,1.0,1.0,0.0,0.0,0.0,4,0,0
308,48,30,18,7,15,5,21,8,5,0,2,0,0,0,0,0,1,0,0,0,0,0,0,1.0,1.0,1.0,0.0,0.0,0.0,4,0,0
309,48,30,18,7,15,5,21,8,5,0,2,0,0,0,0,0,1,0,0,0,0,0,0,1.0,1.0,1.0,0.0,0.0,0.0,4,0,0
310,48,30,18,7,15,5,21,8,5,0,2,0,0,0,0,0,1,0,0,0,0,0,0,1.0,1.0,1.0,0.0,0.0,0.0,4,0,0
311,48,30,18,7,15,5,21,8,5,0,2,0,0,0,0,0,1,0,0,0,0,0,0,1.0,1.0,1.0,0.0,0.0,0.0,4,0,0
312,48,30,18,7,15,5,21,8,5,0,2,0,0,0,0,0,1,0,0,0,0,0,0,1.0,1.0,1.0,0.0,0.0,0.0,4,0,0
313,48,30,18,7,15,5,21,8,5,0,2,0,0,0,0,0,1,0,0,0,0,0,0,1.0,1.0,1.0,0.0,0.0,0.0,4,0,0
314,48,30,18,7,15,5,21,8,5,0,2,0,0,0,0,0,1,0,0,0,0,0,0,1.0,1.0,1.0,0.0,0.0,0.0,4,0,0
315,48,30,18,7,15,5,21,8,5,0,2,0,0,0,0,0,1,0,0,0,0,0,0,1.0,1.0,1.0,0.0,0.0,0.0,4,0,0
316,48,30,18,7,15,5,21,8,5,0,2,0,0,0,0,0,1,0,0,0,0,0,0,1.0,1.0,1.0,0.0,0.0,0.0,4,0,0
317,50,30,20,10,15,5,20,8,4,0,3,0,0,0,0,0,1,0,0,1,0,0,0,1.0,0.9230769230769231,1.0,0.0625,0.0625,0.0,4,3,1
318,50,30,20,10,15,5,20,8,4,0,3,0,0,0,0,0,1,0,0,0,0,0,0,1.0,1.0,1.0,0.0,0.0,0.0,4,0,0
319,54,32,22,14,15,5,20,8,3,0,4,0,0,0,0,0,1,0,0,1,0,0,0,1.0,1.0,1.0,0.08,0.08,0.0,4,4,0
320,54,32,22,14,15,5,20,8,3,0,4,0,0,0,0,0,1,0,0,0,0,0,0,1.0,1.0,1.0,0.0,0.0,0.0,4,0,0
321,52,31,21,14,14,5,19,7,2,0,4,0,0,0,0,0,1,0,0,0,1,0,1,0.9655172413793104,1.0,0.875,0.0,0.0,0.0,4,0,2
322,52,31,21,14,14,5,19,7,2,0,4,0,0,0,0,0,1,0,0,0,0,1,0,1.0,1.0,1.0,0.0,0.0,0.0,4,0,0
323,51,31,20,13,14,5,19,7,2,0,4,0,0,0,0,0,1,0,0,0,1,0,1,0.9642857142857143,1.0,1.0,0.0,0.0,0.0,4,0,1
324,51,31,20,13,14,5,19,7,2,0,4,0,0,0,0,0,1,0,0,0,0,0,0,1.0,1.0,1.0,0.0,0.0,0.0,4,0,0
325,51,31,20,13,14,5,19,7,2,0,4,0,0,0,0,0,1,0,0,0,0,0,0,1.0,1.0,1.0,0.0,0.0,0.0,4,0,0
326,51,31,20,13,13,6,19,7,2,0,4,0,0,0,0,0,1,0,0,0,0,0,0,1.0,1.0,1.0,0.0,0.0,0.0,4,0,0
327,49,31,18,12,12,6,19,7,2,0,4,0,0,0,0,0,1,0,0,0,2,0,2,0.9230769230769231,1.0,1.0,0.0,0.0,0.0,4,0,2
328,49,31,18,12,12,6,19,7,2,0,4,0,0,0,0,0,1,0,0,0,0,0,0,1.0,1.0,1.0,0.0,0.0,0.0,4,0,0
329,49,31,18,8,16,5,20,8,2,0,4,0,0,0,0,0,1,0,0,0,0,0,0,1.0,1.0,1.0,0.0,0.0,0.0,4,0,0
330,49,31,18,8,16,5,20,8,2,0,4,0,0,0,0,0,1,0,0,0,0,0,0,1.0,1.0,1.0,0.0,0.0,0.0,4,0,0
331,49,31,18,8,16,5,20,8,2,0,3,0,0,0,0,0,1,0,0,0,0,0,0,1.0,1.0,1.0,0.0,0.0,0.0,4,0,0
332,49,31,18,8,16,5,20,8,2,0,3,0,0,0,0,0,1,0,0,0,0,0,0,1.0,1.0,1.0,0.0,0.0,0.0,4,0,0
333,49,31,18,8,16,5,20,8,2,0,3,0,0,0,0,0,1,0,0,0,0,0,0,1.0,1.0,1.0,0.0,0.0,0.0,4,0,0
334,49,31,18,8,16,5,20,8,2,0,3,0,0,0,0,0,1,0,0,0,0,0,0,1.0,1.0,1.0,0.0,0.0,0.0,4,0,0
335,49,31,18,8,16,5,20,8,2,0,3,0,0,0,0,0,1,0,0,0,0,0,0,1.0,1.0,1.0,0.0,0.0,0.0,4,0,0
336,49,31,18,8,16,5,20,8,2,0,3,0,0,0,0,0,1,0,0,0,0,0,0,1.0,1.0,1.0,0.0,0.0,0.0,4,0,0
337,49,31,18,8,16,5,20,8,2,0,3,0,0,0,0,0,1,0,0,0,0,0,0,1.0,1.0,1.0,0.0,0.0,0.0,4,0,0
338,48,30,18,8,15,5,20,8,2,0,3,0,0,0,0,0,1,0,0,0,1,0,1,0.9583333333333334,1.0,1.0,0.0,0.0,0.0,4,0,1
339,48,30,18,8,15,5,20,8,2,0,3,0,0,0,0,0,1,0,0,0,0,0,0,1.0,1.0,1.0,0.0,0.0,0.0,4,0,0
340,48,30,18,8,15,5,20,8,2,0,3,0,0,0,0,0,1,0,0,0,0,0,0,1.0,1.0,1.0,0.0,0.0,0.0,4,0,0
341,48,30,18,6,17,5,20,8,2,0,3,0,0,0,0,0,1,0,0,0,0,0,0,1.0,1.0,1.0,0.0,0.0,0.0,4,0,0
342,48,30,18,6,17,5,20,8,2,0,3,0,0,0,0,0,1,0,0,0,0,0,0,1.0,1.0,1.0,0.0,0.0,0.0,4,0,0
343,48,30,18,6,17,5,20,8,2,0,2,0,0,0,0,0,1,0,0,0,0,0,0,1.0,1.0,1.0,0.0,0.0,0.0,4,0,0
344,48,30,18,6,17,5,20,8,2,0,2,0,0,0,0,0,1,0,0,0,0,0,0,1.0,1.0,1.0,0.0,0.0,0.0,4,0,0
345,48,30,18,6,17,5,20,8,2,0,2,0,0,0,0,0,1,0,0,0,0,0,0,1.0,1.0,1.0,0.0,0.0,0.0,4,0,0
346,48,30,18,6,17,5,20,8,2,0,2,0,0,0,0,0,1,0,0,0,0,0,0,1.0,1.0,1.0,0.0,0.0,0.0,4,0,0
347,48,30,18,6,17,5,20,8,2,0,2,0,0,0,0,0,1,0,0,0,0,0,0,1.0,1.0,1.0,0.0,0.0,0.0,4,0,0
348,48,30,18,6,17,5,20,8,2,0,2,0,0,0,0,0,1,0,0,0,0,0,0,1.0,1.0,1.0,0.0,0.0,0.0,4,0,0
349,48,30,18,6,17,5,20,8,2,0,2,0,0,0,0,0,1,0,0,0,0,0,0,1.0,1.0,1.0,0.0,0.0,0.0,4,0,0
350,48,30,18,6,17,5,20,8,2,0,2,0,0,0,0,0,1,0,0,0,0,0,0,1.0,1.0,1.0,0.0,0.0,0.0,4,0,0
351,47,29,18,6,16,5,20,8,2,0,2,0,0,0,0,0,1,0,0,0,1,0,1,0.9565217391304348,1.0,1.0,0.0,0.0,0.0,4,0,1
352,46,28,18,5,16,5,20,8,2,0,2,0,0,0,0,0,1,0,0,0,1,0,1,0.9545454545454546,1.0,1.0,0.0,0.0,0.0,4,0,1
353,46,28,18,5,16,5,20,8,2,0,2,0,0,0,0,0,1,0,0,0,0,0,0,1.0,1.0,1.0,0.0,0.0,0.0,4,0,0
354,46,28,18,5,16,5,20,8,2,0,2,0,0,0,0,0,1,0,0,0,0,0,0,1.0,1.0,1.0,0.0,0.0,0.0,4,0,0
355,49,30,19,9,15,5,20,8,1,0,3,0,0,0,0,0,1,0,0,1,1,0,1,0.9523809523809523,1.0,1.0,0.08695652173913043,0.08695652173913043,0.0,4,4,1
356,49,30,19,9,15,5,20,8,1,0,3,0,0,0,0,0,1,0,0,0,0,0,0,1.0,1.0,1.0,0.0,0.0,0.0,4,0,0
357,49,30,19,9,15,5,20,8,1,0,3,0,0,0,0,0,1,0,0,0,0,0,0,1.0,1.0,1.0,0.0,0.0,0.0,4,0,0
358,49,30,19,9,15,5,20,8,1,0,3,0,0,0,0,0,1,0,0,0,0,0,0,1.0,1.0,1.0,0.0,0.0,0.0,4,0,0
359,49,30,19,9,15,5,20,8,1,0,3,0,0,0,0,0,1,0,0,0,0,0,0,1.0,1.0,1.0,0.0,0.0,0.0,4,0,0
360,48,30,18,7,17,5,19,7,1,0,3,0,0,0,0,0,1,0,0,0,0,0,0,1.0,1.0,0.875,0.0,0.0,0.0,4,0,1
361,48,30,18,7,17,5,19,7,1,0,3,0,0,0,0,0,1,0,0,0,0,0,0,1.0,1.0,1.0,0.0,0.0,0.0,4,0,0
362,48,30,18,4,20,5,19,7,1,0,2,0,0,0,0,0,1,0,0,0,0,0,0,1.0,1.0,1.0,0.0,0.0,0.0,4,0,0
363,51,31,20,7,20,5,19,7,0,0,3,0,0,0,0,0,1,0,0,1,0,0,0,1.0,1.0,1.0,0.0625,0.0625,0.0,4,3,0
364,51,31,20,7,20,5,19,7,0,0,2,0,0,0,0,0,1,0,0,0,0,0,0,1.0,1.0,1.0,0.0,0.0,0.0,4,0,0
365,49,29,20,7,19,5,18,7,0,0,2,0,0,0,0,0,1,0,0,0,1,0,1,0.962962962962963,0.9166666666666666,1.0,0.0,0.0,0.0,4,0,2
366,48,28,20,7,18,5,18,7,0,0,2,0,0,0,0,0,1,0,0,0,1,0,1,0.9615384615384616,1.0,1.0,0.0,0.0,0.0,4,0,1
367,48,28,20,7,18,5,18,7,0,0,2,0,0,0,0,0,1,0,0,0,0,0,0,1.0,1.0,1.0,0.0,0.0,0.0,4,0,0
368,47,28,19,7,17,5,18,7,0,0,2,0,0,0,0,0,1,0,0,0,1,0,1,0.96,1.0,1.0,0.0,0.0,0.0,4,0,1
369,46,27,19,7,16,5,18,7,0,0,2,0,0,0,0,0,1,0,0,0,1,0,1,0.9583333333333334,1.0,1.0,0.0,0.0,0.0,4,0,1
370,45,27,18,7,15,5,18,7,0,0,2,0,0,0,0,0,1,0,0,0,1,0,1,0.9565217391304348,1.0,1.0,0.0,0.0,0.0,4,0,1
371,45,27,18,7,15,5,18,7,0,0,2,0,0,0,0,0,1,0,0,0,0,0,0,1.0,1.0,1.0,0.0,0.0,0.0,4,0,0
372,45,27,18,7,15,5,18,7,0,0,2,0,0,0,0,0,1,0,0,0,0,0,0,1.0,1.0,1.0,0.0,0.0,0.0,4,0,0
373,45,27,18,7,15,5,18,7,0,0,2,0,0,0,0,0,1,0,0,0,0,0,0,1.0,1.0,1.0,0.0,0.0,0.0,4,0,0
374,45,27,18,7,15,5,18,7,0,0,2,0,0,0,0,0,1,0,0,0,0,0,0,1.0,1.0,1.0,0.0,0.0,0.0,4,0,0
375,45,27,18,7,15,5,18,7,0,0,2,0,0,0,0,0,1,0,0,0,0,0,0,1.0,1.0,1.0,0.0,0.0,0.0,4,0,0
376,44,27,17,6,15,5,18,7,0,0,2,0,0,0,0,0,1,0,0,0,1,0,1,0.9545454545454546,1.0,1.0,0.0,0.0,0.0,4,0,1
377,44,27,17,6,15,5,18,7,0,0,2,0,0,0,0,0,1,0,0,0,0,0,0,1.0,1.0,1.0,0.0,0.0,0.0,4,0,0
378,44,27,17,6,15,5,18,7,0,0,2,0,0,0,0,0,1,0,0,0,0,0,0,1.0,1.0,1.0,0.0,0.0,0.0,4,0,0
379,44,27,17,6,15,5,18,7,0,0,2,0,0,0,0,0,1,0,0,0,0,0,0,1.0,1.0,1.0,0.0,0.0,0.0,4,0,0
380,44,27,17,6,15,5,18,7,0,0,2,0,0,0,0,0,1,0,0,0,0,0,0,1.0,1.0,1.0,0.0,0.0,0.0,4,0,0
381,44,27,17,6,15,5,18,7,0,0,2,0,0,0,0,0,1,0,0,0,0,0,0,1.0,1.0,1.0,0.0,0.0,0.0,4,0,0
382,44,27,17,6,15,5,18,7,0,0,2,0,0,0,0,0,1,0,0,0,0,0,0,1.0,1.0,1.0,0.0,0.0,0.0,4,0,0
383,44,27,17,6,15,5,18,7,0,0,2,0,0,0,0,0,1,0,0,0,0,0,0,1.0,1.0,1.0,0.0,0.0,0.0,4,0,0
384,44,27,17,6,15,5,18,7,0,0,2,0,0,0,0,0,1,0,0,0,0,0,0,1.0,1.0,1.0,0.0,0.0,0.0,4,0,0
385,44,27,17,6,15,5,18,7,0,0,2,0,0,0,0,0,1,0,0,0,0,0,0,1.0,1.0,1.0,0.0,0.0,0.0,4,0,0
386,44,27,17,6,15,5,18,7,0,0,2,0,0,0,0,0,1,0,0,0,0,0,0,1.0,1.0,1.0,0.0,0.0,0.0,4,0,0
387,44,27,17,6,15,5,18,7,0,0,2,0,0,0,0,0,1,0,0,0,0,0,0,1.0,1.0,1.0,0.0,0.0,0.0,4,0,0
388,44,27,17,6,15,5,18,7,0,0,2,0,0,0,0,0,1,0,0,0,0,1,0,1.0,1.0,1.0,0.0,0.0,0.0,4,0,0
389,44,27,17,6,15,5,18,7,0,0,2,0,0,0,0,0,1,0,0,0,0,0,0,1.0,1.0,1.0,0.0,0.0,0.0,4,0,0
390,44,27,17,6,15,5,18,7,0,0,2,0,0,0,0,0,1,0,0,0,0,0,0,1.0,1.0,1.0,0.0,0.0,0.0,4,0,0
391,44,27,17,6,15,4,19,8,0,0,2,0,0,0,0,0,1,0,0,0,0,0,0,1.0,1.0,1.0,0.0,0.0,0.0,4,0,0
392,44,27,17,6,14,5,19,8,0,0,2,0,0,0,0,0,1,0,0,0,0,0,0,1.0,1.0,1.0,0.0,0.0,0.0,4,0,0
393,44,27,17,6,14,5,19,8,0,0,2,0,0,0,0,0,1,0,0,0,0,0,0,1.0,1.0,1.0,0.0,0.0,0.0,4,0,0
394,44,27,17,6,14,5,19,8,0,0,2,0,0,0,0,0,1,0,0,0,0,0,0,1.0,1.0,1.0,0.0,0.0,0.0,4,0,0
395,44,27,17,6,14,5,19,8,3,0,2,0,0,0,0,0,16,3,0,0,0,0,0,1.0,1.0,1.0,0.0,0.0,0.1875,4,0,0
396,43,26,17,6,13,5,19,8,5,0,2,0,0,0,0,0,12,2,0,0,1,0,1,0.95,1.0,1.0,0.0,0.0,0.16666666666666666,4,0,1
397,43,26,17,6,13,5,19,8,6,0,2,0,0,0,0,0,3,1,0,0,0,0,0,1.0,1.0,1.0,0.0,0.0,0.3333333333333333,4,0,0
398,42,25,17,2,16,5,19,8,6,0,2,0,0,0,0,0,0,0,0,0,1,0,1,0.9473684210526316,1.0,1.0,0.0,0.0,0.0,4,0,1
399,42,25,17,2,16,5,19,8,6,0,2,0,0,0,0,0,0,0,0,0,0,0,0,1.0,1.0,1.0,0.0,0.0,0.0,4,0,0
400,42,25,17,2,16,5,19,8,6,0,1,0,0,0,0,0,0,0,0,0,0,0,0,1.0,1.0,1.0,0.0,0.0,0.0,4,0,0
401,42,25,17,2,16,5,19,8,7,0,1,0,0,0,0,0,6,1,0,0,0,0,0,1.0,1.0,1.0,0.0,0.0,0.16666666666666666,4,0,0
402,42,25,17,2,16,5,19,8,7,0,1,0,0,0,0,0,0,0,0,0,0,0,0,1.0,1.0,1.0,0.0,0.0,0.0,4,0,0
403,41,24,17,2,15,5,19,8,7,0,1,0,0,0,0,0,0,0,0,0,1,0,1,0.9444444444444444,1.0,1.0,0.0,0.0,0.0,4,0,1
404,40,24,16,2,14,5,19,8,7,0,1,0,0,0,0,0,0,0,0,0,1,0,1,0.9411764705882353,1.0,1.0,0.0,0.0,0.0,4,0,1
405,40,24,16,2,14,5,19,8,7,0,1,0,0,0,0,0,0,0,0,0,0,0,0,1.0,1.0,1.0,0.0,0.0,0.0,4,0,0
406,40,24,16,0,16,5,19,8,7,0,1,0,0,0,0,0,0,0,0,0,0,0,0,1.0,1.0,1.0,0.0,0.0,0.0,4,0,0
407,40,24,16,0,16,5,19,8,7,0,1,0,0,0,0,0,0,0,0,0,0,0,0,1.0,1.0,1.0,0.0,0.0,0.0,4,0,0
408,40,24,16,0,16,5,19,8,7,0,0,0,0,0,0,0,0,0,0,0,0,0,0,1.0,1.0,1.0,0.0,0.0,0.0,4,0,0
409,40,24,16,0,16,5,19,8,8,0,0,0,0,0,0,0,2,1,0,0,0,0,0,1.0,1.0,1.0,0.0,0.0,0.5,4,0,0
410,40,24,16,0,16,5,19,8,8,0,0,0,0,0,0,0,0,0,0,0,0,0,0,1.0,1.0,1.0,0.0,0.0,0.0,4,0,0
411,40,24,16,0,16,5,19,8,8,0,0,0,0,0,0,0,0,0,0,0,0,0,0,1.0,1.0,1.0,0.0,0.0,0.0,4,0,0
412,40,24,16,0,16,5,19,8,8,0,0,0,0,0,0,0,0,0,0,0,0,0,0,1.0,1.0,1.0,0.0,0.0,0.0,4,0,0
413,40,24,16,0,16,5,19,8,8,0,0,0,0,0,0,0,0,0,0,0,0,0,0,1.0,1.0,1.0,0.0,0.0,0.0,4,0,0
414,40,24,16,0,16,5,19,8,8,0,0,0,0,0,0,0,0,0,0,0,0,0,0,1.0,1.0,1.0,0.0,0.0,0.0,4,0,0
415,40,24,16,0,16,5,19,8,8,0,0,0,0,0,0,0,0,0,0,0,0,0,0,1.0,1.0,1.0,0.0,0.0,0.0,4,0,0
416,40,24,16,0,16,3,21,8,8,0,0,0,0,0,0,0,0,0,0,0,0,0,0,1.0,1.0,1.0,0.0,0.0,0.0,4,0,0
417,40,24,16,0,16,3,21,8,8,0,0,0,0,0,0,0,0,0,0,0,0,0,0,1.0,1.0,1.0,0.0,0.0,0.0,4,0,0
418,40,24,16,0,16,3,21,8,8,0,0,0,0,0,0,0,0,0,0,0,0,0,0,1.0,1.0,1.0,0.0,0.0,0.0,4,0,0
419,40,24,16,0,16,3,21,8,8,0,0,0,0,0,0,0,0,0,0,0,0,0,0,1.0,1.0,1.0,0.0,0.0,0.0,4,0,0
420,40,24,16,0,16,3,21,8,8,0,0,0,0,0,0,0,0,0,0,0,0,0,0,1.0,1.0,1.0,0.0,0.0,0.0,4,0,0
421,40,24,16,0,16,3,21,8,8,0,0,0,0,0,0,0,0,0,0,0,0,0,0,1.0,1.0,1.0,0.0,0.0,0.0,4,0,0
422,39,24,15,0,15,3,21,8,8,0,0,0,0,0,0,0,0,0,0,0,1,3,1,0.9375,1.0,1.0,0.0,0.0,0.0,4,0,1
423,39,24,15,0,15,3,21,8,8,0,0,0,0,0,0,0,0,0,0,0,0,0,0,1.0,1.0,1.0,0.0,0.0,0.0,4,0,0
424,39,24,15,0,15,3,21,8,8,0,0,0,0,0,0,0,0,0,0,0,0,0,0,1.0,1.0,1.0,0.0,0.0,0.0,4,0,0
425,39,24,15,0,15,3,21,8,8,0,0,0,0,0,0,0,0,0,0,0,0,0,0,1.0,1.0,1.0,0.0,0.0,0.0,4,0,0
426,39,24,15,0,12,6,21,8,8,0,0,0,0,0,0,0,0,0,0,0,0,0,0,1.0,1.0,1.0,0.0,0.0,0.0,4,0,0
427,39,24,15,0,12,6,21,8,8,0,0,0,0,0,0,0,0,0,0,0,0,0,0,1.0,1.0,1.0,0.0,0.0,0.0,4,0,0
428,38,24,14,0,11,6,21,8,8,0,0,0,0,0,0,0,0,0,0,0,1,0,1,0.9166666666666666,1.0,1.0,0.0,0.0,0.0,4,0,1
429,38,24,14,0,11,6,21,8,8,0,0,0,0,0,0,0,0,0,0,0,0,0,0,1.0,1.0,1.0,0.0,0.0,0.0,4,0,0
430,38,24,14,0,11,6,21,8,8,0,0,0,0,0,0,0,0,0,0,0,0,0,0,1.0,1.0,1.0,0.0,0.0,0.0,4,0,0
431,38,24,14,0,11,6,21,8,8,0,0,0,0,0,0,0,0,0,0,0,0,1,0,1.0,1.0,1.0,0.0,0.0,0.0,4,0,0
432,38,24,14,0,11,6,21,8,8,0,0,0,0,0,0,0,0,0,0,0,0,0,0,1.0,1.0,1.0,0.0,0.0,0.0,4,0,0
433,38,24,14,0,11,6,21,8,8,0,0,0,0,0,0,0,0,0,0,0,0,2,0,1.0,1.0,1.0,0.0,0.0,0.0,4,0,0
434,38,24,14,0,11,6,21,8,8,0,0,0,0,0,0,0,0,0,0,0,0,0,0,1.0,1.0,1.0,0.0,0.0,0.0,4,0,0
435,38,24,14,0,10,7,21,8,8,0,0,0,0,0,0,0,0,0,0,0,0,0,0,1.0,1.0,1.0,0.0,0.0,0.0,4,0,0
436,38,24,14,0,10,7,21,8,8,0,0,0,0,0,0,0,0,0,0,0,0,0,0,1.0,1.0,1.0,0.0,0.0,0.0,4,0,0
437,38,24,14,0,8,9,21,8,8,0,0,0,0,0,0,0,0,0,0,0,0,0,0,1.0,1.0,1.0,0.0,0.0,0.0,4,0,0
438,38,24,14,0,8,9,21,8,8,0,0,0,0,0,0,0,0,0,0,0,0,0,0,1.0,1.0,1.0,0.0,0.0,0.0,4,0,0
439,38,24,14,0,8,9,21,8,8,0,0,0,0,0,0,0,0,0,0,0,0,0,0,1.0,1.0,1.0,0.0,0.0,0.0,4,0,0
440,38,24,14,0,8,9,21,8,8,0,0,0,0,0,0,0,0,0,0,0,0,0,0,1.0,1.0,1.0,0.0,0.0,0.0,4,0,0
441,38,24,14,0,8,9,21,8,8,0,0,0,0,0,0,0,0,0,0,0,0,0,0,1.0,1.0,1.0,0.0,0.0,0.0,4,0,0
442,38,24,14,0,8,9,21,8,8,0,0,0,0,0,0,0,0,0,0,0,0,0,0,1.0,1.0,1.0,0.0,0.0,0.0,4,0,0
443,38,24,14,0,8,9,21,8,8,0,0,0,0,0,0,0,0,0,0,0,0,0,0,1.0,1.0,1.0,0.0,0.0,0.0,4,0,0
444,38,24,14,0,8,9,21,8,8,0,0,0,0,0,0,0,0,0,0,0,0,0,0,1.0,1.0,1.0,0.0,0.0,0.0,4,0,0
445,38,24,14,0,8,9,21,8,8,0,0,0,0,0,0,0,0,0,0,0,0,0,0,1.0,1.0,1.0,0.0,0.0,0.0,4,0,0
446,38,24,14,0,8,9,21,8,8,0,0,0,0,0,0,0,0,0,0,0,0,0,0,1.0,1.0,1.0,0.0,0.0,0.0,4,0,0
447,38,24,14,0,8,9,21,8,8,0,0,0,0,0,0,0,0,0,0,0,0,0,0,1.0,1.0,1.0,0.0,0.0,0.0,4,0,0
448,38,24,14,0,8,9,21,8,8,0,0,0,0,0,0,0,0,0,0,0,0,0,0,1.0,1.0,1.0,0.0,0.0,0.0,4,0,0
449,38,24,14,0,8,9,21,8,8,0,0,0,0,0,0,0,0,0,0,0,0,0,0,1.0,1.0,1.0,0.0,0.0,0.0,4,0,0
450,38,24,14,0,8,9,21,8,8,0,0,0,0,0,0,0,0,0,0,0,0,0,0,1.0,1.0,1.0,0.0,0.0,0.0,4,0,0
451,38,24,14,0,8,9,21,8,8,0,0,0,0,0,0,0,0,0,0,0,0,0,0,1.0,1.0,1.0,0.0,0.0,0.0,4,0,0
452,38,24,14,0,8,9,21,8,8,0,0,0,0,0,0,0,0,0,0,0,0,0,0,1.0,1.0,1.0,0.0,0.0,0.0,4,0,0
453,38,24,14,0,8,9,21,8,8,0,0,0,0,0,0,0,0,0,0,0,0,0,0,1.0,1.0,1.0,0.0,0.0,0.0,4,0,0
454,38,24,14,0,8,8,22,9,8,0,0,0,0,0,0,0,0,0,0,0,0,0,0,1.0,1.0,1.0,0.0,0.0,0.0,4,0,0
455,38,24,14,0,8,8,22,9,8,0,0,0,0,0,0,0,0,0,0,0,0,0,0,1.0,1.0,1.0,0.0,0.0,0.0,4,0,0
456,38,24,14,0,8,8,22,9,8,0,0,0,0,0,0,0,0,0,0,0,0,0,0,1.0,1.0,1.0,0.0,0.0,0.0,4,0,0
457,38,24,14,0,8,8,22,9,8,0,0,0,0,0,0,0,0,0,0,0,0,0,0,1.0,1.0,1.0,0.0,0.0,0.0,4,0,0
458,38,24,14,0,8,8,22,9,8,0,0,0,0,0,0,0,0,0,0,0,0,0,0,1.0,1.0,1.0,0.0,0.0,0.0,4,0,0
459,38,24,14,0,8,8,22,9,8,0,0,0,0,0,0,0,0,0,0,0,0,0,0,1.0,1.0,1.0,0.0,0.0,0.0,4,0,0
460,49,32,17,11,8,8,22,9,6,0,3,0,0,0,0,0,4,1,0,3,0,0,0,1.0,1.0,1.0,0.2894736842105263,0.2894736842105263,0.25,4,11,0
461,56,33,23,18,8,7,23,9,4,0,5,0,0,0,0,0,0,0,0,2,0,0,0,1.0,1.0,1.0,0.14285714285714285,0.14285714285714285,0.0,4,7,0
462,60,35,25,22,8,7,23,9,3,0,6,0,0,0,0,0,0,0,0,1,0,0,0,1.0,1.0,1.0,0.07142857142857142,0.07142857142857142,0.0,4,4,0
463,59,34,25,22,7,7,23,9,3,0,6,0,0,0,0,0,0,0,0,0,1,0,1,0.9666666666666667,1.0,1.0,0.0,0.0,0.0,4,0,1
464,59,34,25,22,7,7,23,9,3,0,6,0,0,0,0,0,0,0,0,0,0,0,0,1.0,1.0,1.0,0.0,0.0,0.0,4,0,0
465,57,32,25,21,6,7,23,9,3,0,6,0,0,0,0,0,0,0,0,0,2,0,2,0.9310344827586207,1.0,1.0,0.0,0.0,0.0,4,0,2
466,60,34,26,24,6,7,23,9,2,0,7,0,0,0,0,0,0,0,0,1,0,0,0,1.0,1.0,1.0,0.05263157894736842,0.05263157894736842,0.0,4,3,0
467,60,34,26,24,6,7,23,9,2,0,7,0,0,0,0,0,0,0,0,0,0,0,0,1.0,1.0,1.0,0.0,0.0,0.0,4,0,0
468,59,33,26,23,6,7,23,9,2,0,7,0,0,0,0,0,0,0,0,0,1,0,1,0.9666666666666667,1.0,1.0,0.0,0.0,0.0,4,0,1
469,59,33,26,23,6,7,23,9,2,0,7,0,0,0,0,0,0,0,0,0,0,0,0,1.0,1.0,1.0,0.0,0.0,0.0,4,0,0
470,59,33,26,23,6,7,23,9,2,0,7,0,0,0,0,0,0,0,0,0,0,0,0,1.0,1.0,1.0,0.0,0.0,0.0,4,0,0
471,59,33,26,23,6,7,23,9,2,0,7,0,0,0,0,0,0,0,0,0,0,0,0,1.0,1.0,1.0,0.0,0.0,0.0,4,0,0
472,59,33,26,23,6,7,23,9,2,0,7,0,0,0,0,0,0,0,0,0,0,0,0,1.0,1.0,1.0,0.0,0.0,0.0,4,0,0
473,59,33,26,23,6,7,23,9,2,0,7,0,0,0,0,0,0,0,0,0,0,0,0,1.0,1.0,1.0,0.0,0.0,0.0,4,0,0
474,60,35,25,24,6,7,23,9,1,0,8,0,0,0,0,0,0,0,0,1,2,0,2,0.9310344827586207,1.0,1.0,0.05084745762711865,0.05084745762711865,0.0,4,3,2
475,60,35,25,24,6,7,23,9,1,0,8,0,0,0,0,0,0,0,0,0,0,0,0,1.0,1.0,1.0,0.0,0.0,0.0,4,0,0
476,59,34,25,24,5,7,23,9,1,0,8,0,0,0,0,0,0,0,0,0,1,0,1,0.9666666666666667,1.0,1.0,0.0,0.0,0.0,4,0,1
477,58,33,25,23,5,7,23,9,1,0,8,0,0,0,0,0,0,0,0,0,1,0,1,0.9655172413793104,1.0,1.0,0.0,0.0,0.0,4,0,1
478,56,31,25,21,5,7,23,9,1,0,8,0,0,0,0,0,0,0,0,0,2,1,2,0.9285714285714286,1.0,1.0,0.0,0.0,0.0,4,0,2
479,54,30,24,19,5,7,23,9,1,0,8,0,0,0,0,0,0,0,0,0,2,0,2,0.9230769230769231,1.0,1.0,0.0,0.0,0.0,4,0,2
480,54,30,24,19,5,7,23,9,1,0,8,0,0,0,0,0,0,0,0,0,0,0,0,1.0,1.0,1.0,0.0,0.0,0.0,4,0,0
481,54,30,24,19,5,7,23,9,1,0,8,0,0,0,0,0,0,0,0,0,0,0,0,1.0,1.0,1.0,0.0,0.0,0.0,4,0,0
482,54,30,24,19,4,8,23,9,1,0,8,0,0,0,0,0,0,0,0,0,0,0,0,1.0,1.0,1.0,0.0,0.0,0.0,4,0,0
483,54,30,24,19,4,8,23,9,1,0,8,0,0,0,0,0,0,0,0,0,0,0,0,1.0,1.0,1.0,0.0,0.0,0.0,4,0,0
484,54,30,24,19,4,8,23,9,1,0,8,0,0,0,0,0,0,0,0,0,0,0,0,1.0,1.0,1.0,0.0,0.0,0.0,4,0,0
485,54,30,24,19,4,8,23,9,1,0,8,0,0,0,0,0,0,0,0,0,0,0,0,1.0,1.0,1.0,0.0,0.0,0.0,4,0,0
486,54,30,24,19,4,8,23,9,1,0,8,0,0,0,0,0,0,0,0,0,0,0,0,1.0,1.0,1.0,0.0,0.0,0.0,4,0,0
487,54,30,24,19,4,8,23,9,1,0,8,0,0,0,0,0,0,0,0,0,0,0,0,1.0,1.0,1.0,0.0,0.0,0.0,4,0,0
488,54,30,24,19,4,8,23,9,1,0,8,0,0,0,0,0,0,0,0,0,0,0,0,1.0,1.0,1.0,0.0,0.0,0.0,4,0,0
489,54,30,24,19,4,8,23,9,1,0,8,0,0,0,0,0,0,0,0,0,0,0,0,1.0,1.0,1.0,0.0,0.0,0.0,4,0,0
490,54,30,24,19,4,8,23,9,1,0,8,0,0,0,0,0,0,0,0,0,0,0,0,1.0,1.0,1.0,0.0,0.0,0.0,4,0,0
491,54,30,24,19,4,8,23,9,1,0,8,0,0,0,0,0,0,0,0,0,0,0,0,1.0,1.0,1.0,0.0,0.0,0.0,4,0,0
492,53,29,24,18,4,8,23,9,1,0,8,0,0,0,0,0,0,0,0,0,1,0,1,0.9565217391304348,1.0,1.0,0.0,0.0,0.0,4,0,1
493,53,29,24,18,4,8,23,9,1,0,8,0,0,0,0,0,0,0,0,0,0,0,0,1.0,1.0,1.0,0.0,0.0,0.0,4,0,0
494,52,28,24,17,4,8,23,9,1,0,8,0,0,0,0,0,0,0,0,0,1,0,1,0.9545454545454546,1.0,1.0,0.0,0.0,0.0,4,0,1
495,52,28,24,17,4,8,23,9,1,0,8,0,0,0,0,0,0,0,0,0,0,0,0,1.0,1.0,1.0,0.0,0.0,0.0,4,0,0
496,52,28,24,17,4,8,23,9,1,0,8,0,0,0,0,0,0,0,0,0,0,0,0,1.0,1.0,1.0,0.0,0.0,0.0,4,0,0
497,52,28,24,17,4,8,23,9,1,0,8,0,0,0,0,0,0,0,0,0,0,0,0,1.0,1.0,1.0,0.0,0.0,0.0,4,0,0
498,52,28,24,17,4,8,23,9,1,0,8,0,0,0,0,0,0,0,0,0,0,0,0,1.0,1.0,1.0,0.0,0.0,0.0,4,0,0
499,51,28,23,17,3,8,23,9,1,0,8,0,0,0,0,0,0,0,0,0,1,1,1,0.9523809523809523,1.0,1.0,0.0,0.0,0.0,4,0,1
500,50,27,23,16,3,8,23,9,1,0,8,0,0,0,0,0,0,0,0,0,1,0,1,0.95,1.0,1.0,0.0,0.0,0.0,4,0,1
501,50,27,23,16,3,8,23,9,1,0,8,0,0,0,0,0,0,0,0,0,0,0,0,1.0,1.0,1.0,0.0,0.0,0.0,4,0,0
502,49,26,23,16,2,8,23,9,1,0,8,0,0,0,0,0,0,0,0,0,1,0,1,0.9473684210526316,1.0,1.0,0.0,0.0,0.0,4,0,1
503,48,26,22,10,6,9,23,9,1,0,8,0,0,0,0,0,0,0,0,0,1,0,1,0.9411764705882353,1.0,1.0,0.0,0.0,0.0,4,0,1
504,48,26,22,4,12,9,23,9,1,0,8,0,0,0,0,0,0,0,0,0,0,0,0,1.0,1.0,1.0,0.0,0.0,0.0,4,0,0
505,48,26,22,3,13,8,24,10,1,0,5,0,0,0,0,0,0,0,0,0,0,0,0,1.0,1.0,1.0,0.0,0.0,0.0,4,0,0
506,48,26,22,3,13,8,24,10,2,2,3,0,0,0,0,0,10,1,2,0,0,0,0,1.0,1.0,1.0,0.0,0.0,0.1,4,0,0
507,48,26,22,3,13,8,24,10,3,2,2,0,0,0,0,0,4,1,0,0,0,0,0,1.0,1.0,1.0,0.0,0.0,0.25,4,0,0
508,48,26,22,3,13,8,24,10,5,2,2,0,0,0,0,0,12,2,0,0,0,0,0,1.0,1.0,1.0,0.0,0.0,0.16666666666666666,4,0,0
509,48,26,22,1,15,8,24,10,5,2,2,0,0,0,0,0,0,0,0,0,0,0,0,1.0,1.0,1.0,0.0,0.0,0.0,4,0,0
510,48,26,22,1,15,8,24,10,5,2,2,0,0,0,0,0,0,0,0,0,0,0,0,1.0,1.0,1.0,0.0,0.0,0.0,4,0,0
511,48,26,22,1,15,8,24,10,5,2,1,0,0,0,0,0,0,0,0,0,0,0,0,1.0,1.0,1.0,0.0,0.0,0.0,4,0,0
512,48,26,22,1,15,8,24,10,6,2,1,0,0,0,0,0,8,1,0,0,0,0,0,1.0,1.0,1.0,0.0,0.0,0.125,4,0,0
513,47,26,21,1,14,8,24,10,6,2,1,0,0,0,0,0,7,0,0,0,1,0,1,0.9375,1.0,1.0,0.0,0.0,0.0,4,0,1
514,47,26,21,1,14,8,24,10,6,3,1,0,0,0,0,0,2,0,1,0,0,0,0,1.0,1.0,1.0,0.0,0.0,0.0,4,0,0
515,47,26,21,1,14,8,24,10,6,3,1,0,0,0,0,0,0,0,0,0,0,0,0,1.0,1.0,1.0,0.0,0.0,0.0,4,0,0
516,46,26,20,1,13,8,24,10,6,3,1,0,0,0,0,0,0,0,0,0,1,0,1,0.9333333333333333,1.0,1.0,0.0,0.0,0.0,4,0,1
517,46,26,20,0,14,8,24,10,6,3,1,0,0,0,0,0,0,0,0,0,0,0,0,1.0,1.0,1.0,0.0,0.0,0.0,4,0,0
518,46,26,20,0,14,8,24,10,6,3,1,0,0,0,0,0,0,0,0,0,0,0,0,1.0,1.0,1.0,0.0,0.0,0.0,4,0,0
519,46,26,20,0,14,8,24,10,6,3,0,0,0,0,0,0,0,0,0,0,0,0,0,1.0,1.0,1.0,0.0,0.0,0.0,4,0,0
520,46,26,20,0,14,8,24,10,7,3,0,0,0,0,0,0,3,1,0,0,0,0,0,1.0,1.0,1.0,0.0,0.0,0.3333333333333333,4,0,0
521,46,26,20,0,14,8,24,10,7,3,0,0,0,0,0,0,0,0,0,0,0,0,0,1.0,1.0,1.0,0.0,0.0,0.0,4,0,0
522,46,26,20,0,14,8,24,10,7,3,0,0,0,0,0,0,0,0,0,0,0,0,0,1.0,1.0,1.0,0.0,0.0,0.0,4,0,0
523,46,26,20,0,14,8,24,10,7,3,0,0,0,0,0,0,0,0,0,0,0,0,0,1.0,1.0,1.0,0.0,0.0,0.0,4,0,0
524,46,26,20,0,14,8,24,10,7,3,0,0,0,0,0,0,0,0,0,0,0,0,0,1.0,1.0,1.0,0.0,0.0,0.0,4,0,0
525,48,26,22,3,13,8,24,10,6,3,1,0,0,0,0,0,0,0,0,1,1,0,1,0.9285714285714286,1.0,1.0,0.06521739130434782,0.06521739130434782,0.0,4,3,1
526,48,26,22,3,13,8,24,10,6,3,1,0,0,0,0,0,0,0,0,0,0,0,0,1.0,1.0,1.0,0.0,0.0,0.0,4,0,0
527,47,25,22,3,12,8,24,10,6,3,1,0,0,0,0,0,0,0,0,0,1,0,1,0.9375,1.0,1.0,0.0,0.0,0.0,4,0,1
528,47,25,22,3,12,8,24,10,6,3,1,0,0,0,0,0,0,0,0,0,0,0,0,1.0,1.0,1.0,0.0,0.0,0.0,4,0,0
529,47,25,22,3,12,8,24,10,6,3,1,0,0,0,0,0,0,0,0,0,0,0,0,1.0,1.0,1.0,0.0,0.0,0.0,4,0,0
530,47,25,22,3,12,8,24,10,6,3,1,0,0,0,0,0,0,0,0,0,0,0,0,1.0,1.0,1.0,0.0,0.0,0.0,4,0,0
531,47,25,22,3,12,8,24,10,6,3,1,0,0,0,0,0,0,0,0,0,0,0,0,1.0,1.0,1.0,0.0,0.0,0.0,4,0,0
532,47,25,22,3,12,8,24,10,6,3,1,0,0,0,0,0,0,0,0,0,0,0,0,1.0,1.0,1.0,0.0,0.0,0.0,4,0,0
533,47,25,22,3,12,8,24,10,6,3,1,0,0,0,0,0,0,0,0,0,0,0,0,1.0,1.0,1.0,0.0,0.0,0.0,4,0,0
534,47,25,22,3,12,8,24,10,6,3,1,0,0,0,0,0,0,0,0,0,0,0,0,1.0,1.0,1.0,0.0,0.0,0.0,4,0,0
535,46,24,22,3,12,8,23,10,6,3,1,0,0,0,0,0,0,0,0,0,0,0,0,1.0,0.9285714285714286,1.0,0.0,0.0,0.0,4,0,1
536,46,24,22,3,12,8,23,10,6,3,1,0,0,0,0,0,0,0,0,0,0,0,0,1.0,1.0,1.0,0.0,0.0,0.0,4,0,0
537,45,24,21,2,12,8,23,10,6,3,1,0,0,0,0,0,0,0,0,0,1,0,1,0.9333333333333333,1.0,1.0,0.0,0.0,0.0,4,0,1
538,44,23,21,2,11,8,23,10,6,3,1,0,0,0,0,0,0,0,0,0,1,0,1,0.9285714285714286,1.0,1.0,0.0,0.0,0.0,4,0,1
539,44,23,21,2,11,8,23,10,6,3,1,0,0,0,0,0,0,0,0,0,0,0,0,1.0,1.0,1.0,0.0,0.0,0.0,4,0,0
540,44,23,21,2,11,8,23,10,6,3,1,0,0,0,0,0,0,0,0,0,0,0,0,1.0,1.0,1.0,0.0,0.0,0.0,4,0,0
541,44,23,21,2,11,8,23,10,6,3,1,0,0,0,0,0,0,0,0,0,0,0,0,1.0,1.0,1.0,0.0,0.0,0.0,4,0,0
542,44,23,21,2,11,8,23,10,6,3,1,0,0,0,0,0,0,0,0,0,0,0,0,1.0,1.0,1.0,0.0,0.0,0.0,4,0,0
543,44,23,21,2,11,8,23,10,6,3,1,0,0,0,0,0,0,0,0,0,0,1,0,1.0,1.0,1.0,0.0,0.0,0.0,4,0,0
544,44,23,21,2,11,8,23,10,6,3,1,0,0,0,0,0,0,0,0,0,0,0,0,1.0,1.0,1.0,0.0,0.0,0.0,4,0,0
545,44,23,21,2,11,8,23,10,6,3,1,0,0,0,0,0,0,0,0,0,0,0,0,1.0,1.0,1.0,0.0,0.0,0.0,4,0,0
546,44,23,21,2,11,8,23,10,6,3,1,0,0,0,0,0,0,0,0,0,0,0,0,1.0,1.0,1.0,0.0,0.0,0.0,4,0,0
547,44,23,21,2,10,9,23,10,6,3,1,0,0,0,0,0,0,0,0,0,0,0,0,1.0,1.0,1.0,0.0,0.0,0.0,4,0,0
548,44,23,21,2,10,9,23,10,6,3,1,0,0,0,0,0,0,0,0,0,0,0,0,1.0,1.0,1.0,0.0,0.0,0.0,4,0,0
549,44,23,21,2,10,9,23,10,6,3,1,0,0,0,0,0,0,0,0,0,0,0,0,1.0,1.0,1.0,0.0,0.0,0.0,4,0,0
550,44,23,21,2,10,9,23,10,6,3,1,0,0,0,0,0,0,0,0,0,0,0,0,1.0,1.0,1.0,0.0,0.0,0.0,4,0,0
551,44,23,21,2,10,9,23,10,6,1,1,0,0,0,0,0,0,0,0,0,0,0,0,1.0,1.0,1.0,0.0,0.0,0.0,4,0,0
552,44,23,21,2,10,9,23,10,7,2,1,0,0,0,0,0,7,1,1,0,0,0,0,1.0,1.0,1.0,0.0,0.0,0.14285714285714285,4,0,0
553,44,23,21,2,10,9,23,10,7,2,1,0,0,0,0,0,0,0,0,0,0,0,0,1.0,1.0,1.0,0.0,0.0,0.0,4,0,0
554,44,23,21,2,10,9,23,10,7,2,1,0,0,0,0,0,0,0,0,0,0,0,0,1.0,1.0,1.0,0.0,0.0,0.0,4,0,0
555,44,23,21,2,10,9,23,10,7,2,1,0,0,0,0,0,0,0,0,0,0,0,0,1.0,1.0,1.0,0.0,0.0,0.0,4,0,0
556,43,22,21,2,9,9,23,10,7,2,1,0,0,0,0,0,0,0,0,0,1,0,1,0.9166666666666666,1.0,1.0,0.0,0.0,0.0,4,0,1
557,43,22,21,2,9,9,23,10,7,2,1,0,0,0,0,0,0,0,0,0,0,0,0,1.0,1.0,1.0,0.0,0.0,0.0,4,0,0
558,43,22,21,2,9,9,23,10,7,2,1,0,0,0,0,0,0,0,0,0,0,0,0,1.0,1.0,1.0,0.0,0.0,0.0,4,0,0
559,43,22,21,2,9,9,23,10,7,1,1,0,0,0,0,0,0,0,0,0,0,0,0,1.0,1.0,1.0,0.0,0.0,0.0,4,0,0
560,43,22,21,2,9,9,23,10,8,1,1,0,0,0,0,0,6,1,0,0,0,0,0,1.0,1.0,1.0,0.0,0.0,0.16666666666666666,4,0,0
561,43,22,21,2,9,6,26,10,8,1,1,0,0,0,0,0,0,0,0,0,0,0,0,1.0,1.0,1.0,0.0,0.0,0.0,4,0,0
562,43,22,21,2,9,6,26,10,8,1,1,0,0,0,0,0,0,0,0,0,0,0,0,1.0,1.0,1.0,0.0,0.0,0.0,4,0,0
563,43,22,21,2,9,6,26,10,8,1,1,0,0,0,0,0,0,0,0,0,0,0,0,1.0,1.0,1.0,0.0,0.0,0.0,4,0,0
564,43,22,21,2,9,6,26,10,8,1,1,0,0,0,0,0,0,0,0,0,0,0,0,1.0,1.0,1.0,0.0,0.0,0.0,4,0,0
565,42,21,21,2,9,6,25,10,8,1,1,0,0,0,0,0,0,0,0,0,0,0,0,1.0,0.9375,1.0,0.0,0.0,0.0,4,0,1
566,42,21,21,2,9,6,25,10,8,1,1,0,0,0,0,0,0,0,0,0,0,0,0,1.0,1.0,1.0,0.0,0.0,0.0,4,0,0
567,42,21,21,2,9,6,25,10,8,1,1,0,0,0,0,0,0,0,0,0,0,0,0,1.0,1.0,1.0,0.0,0.0,0.0,4,0,0
568,42,21,21,0,11,6,25,10,8,1,1,0,0,0,0,0,0,0,0,0,0,0,0,1.0,1.0,1.0,0.0,0.0,0.0,4,0,0
569,42,21,21,0,11,6,25,10,8,1,1,0,0,0,0,0,0,0,0,0,0,0,0,1.0,1.0,1.0,0.0,0.0,0.0,4,0,0
570,42,21,21,0,11,6,25,10,8,1,0,0,0,0,0,0,0,0,0,0,0,0,0,1.0,1.0,1.0,0.0,0.0,0.0,4,0,0
571,46,21,25,4,11,6,25,10,7,1,1,0,0,0,0,0,1,0,0,1,0,0,0,1.0,1.0,1.0,0.09523809523809523,0.09523809523809523,0.0,4,4,0
572,49,22,27,7,11,4,27,10,7,1,2,0,0,0,0,0,4,1,0,1,0,0,0,1.0,1.0,1.0,0.06521739130434782,0.06521739130434782,0.25,4,3,0
573,56,26,30,14,11,4,27,10,5,1,4,0,0,0,0,0,0,0,0,2,0,0,0,1.0,1.0,1.0,0.14285714285714285,0.14285714285714285,0.0,4,7,0
574,56,26,30,14,11,4,27,10,5,1,4,0,0,0,0,0,0,0,0,0,0,0,0,1.0,1.0,1.0,0.0,0.0,0.0,4,0,0
575,56,26,30,14,11,4,27,10,5,1,4,0,0,0,0,0,0,0,0,0,0,0,0,1.0,1.0,1.0,0.0,0.0,0.0,4,0,0
576,56,26,30,14,11,4,27,10,5,1,4,0,0,0,0,0,0,0,0,0,0,0,0,1.0,1.0,1.0,0.0,0.0,0.0,4,0,0
577,59,27,32,17,11,4,27,10,4,1,5,0,0,0,0,0,0,0,0,1,1,0,1,0.96,1.0,1.0,0.07142857142857142,0.07142857142857142,0.0,4,4,1
578,59,27,32,17,11,4,27,10,4,1,5,0,0,0,0,0,0,0,0,0,0,0,0,1.0,1.0,1.0,0.0,0.0,0.0,4,0,0
579,59,27,32,17,11,4,27,10,4,1,5,0,0,0,0,0,0,0,0,0,0,0,0,1.0,1.0,1.0,0.0,0.0,0.0,4,0,0
580,58,26,32,16,11,4,27,10,4,1,5,0,0,0,0,0,0,0,0,0,1,0,1,0.9642857142857143,1.0,1.0,0.0,0.0,0.0,4,0,1
581,57,25,32,15,11,4,27,10,4,1,5,0,0,0,0,0,0,0,0,0,1,0,1,0.962962962962963,1.0,1.0,0.0,0.0,0.0,4,0,1
582,55,24,31,14,10,4,27,10,4,1,5,0,0,0,0,0,0,0,0,0,2,0,2,0.9230769230769231,1.0,1.0,0.0,0.0,0.0,4,0,2
583,55,24,31,14,10,4,27,10,4,1,5,0,0,0,0,0,0,0,0,0,0,0,0,1.0,1.0,1.0,0.0,0.0,0.0,4,0,0
584,55,24,31,14,10,4,27,10,4,1,5,0,0,0,0,0,0,0,0,0,0,0,0,1.0,1.0,1.0,0.0,0.0,0.0,4,0,0
585,58,25,33,17,10,4,27,10,3,1,6,0,0,0,0,0,0,0,0,1,0,0,0,1.0,1.0,1.0,0.05454545454545454,0.05454545454545454,0.0,4,3,0
586,58,25,33,17,10,4,27,10,3,1,6,0,0,0,0,0,0,0,0,0,0,0,0,1.0,1.0,1.0,0.0,0.0,0.0,4,0,0
587,58,25,33,17,10,4,27,10,3,1,6,0,0,0,0,0,0,0,0,0,0,0,0,1.0,1.0,1.0,0.0,0.0,0.0,4,0,0
588,56,25,31,15,10,4,27,10,3,1,6,0,0,0,0,0,0,0,0,0,2,0,2,0.9259259259259259,1.0,1.0,0.0,0.0,0.0,4,0,2
589,56,25,31,15,10,3,28,11,3,1,6,0,0,0,0,0,0,0,0,0,0,0,0,1.0,1.0,1.0,0.0,0.0,0.0,4,0,0
590,56,25,31,15,10,3,28,11,4,1,6,0,0,0,0,0,8,1,0,0,0,0,0,1.0,1.0,1.0,0.0,0.0,0.125,4,0,0
591,56,25,31,15,10,3,28,11,4,1,6,0,0,0,0,0,0,0,0,0,0,0,0,1.0,1.0,1.0,0.0,0.0,0.0,4,0,0
592,55,25,30,14,10,3,28,11,4,1,6,0,0,0,0,0,0,0,0,0,1,0,1,0.96,1.0,1.0,0.0,0.0,0.0,4,0,1
593,54,25,29,13,10,3,28,11,4,1,6,0,0,0,0,0,0,0,0,0,1,0,1,0.9583333333333334,1.0,1.0,0.0,0.0,0.0,4,0,1
594,53,24,29,13,9,3,28,11,4,1,6,0,0,0,0,0,0,0,0,0,1,0,1,0.9565217391304348,1.0,1.0,0.0,0.0,0.0,4,0,1
595,53,24,29,13,9,3,28,11,4,1,6,0,0,0,0,0,0,0,0,0,0,0,0,1.0,1.0,1.0,0.0,0.0,0.0,4,0,0
596,53,24,29,13,9,3,28,11,4,1,6,0,0,0,0,0,0,0,0,0,0,0,0,1.0,1.0,1.0,0.0,0.0,0.0,4,0,0
597,53,24,29,13,9,3,28,11,4,0,6,0,0,0,0,0,0,0,0,0,0,0,0,1.0,1.0,1.0,0.0,0.0,0.0,4,0,0
598,52,23,29,13,9,3,27,11,4,1,6,0,0,0,0,0,1,0,1,0,0,0,0,1.0,0.9411764705882353,1.0,0.0,0.0,0.0,4,0,1
599,52,23,29,13,9,3,27,11,4,1,6,0,0,0,0,0,0,0,0,0,0,0,0,1.0,1.0,1.0,0.0,0.0,0.0,4,0,0
600,51,22,29,13,8,3,27,11,4,1,6,0,0,0,0,0,0,0,0,0,1,0,1,0.9545454545454546,1.0,1.0,0.0,0.0,0.0,4,0,1
601,51,22,29,13,8,3,27,11,4,1,6,0,0,0,0,0,0,0,0,0,0,0,0,1.0,1.0,1.0,0.0,0.0,0.0,4,0,0
602,51,22,29,13,8,3,27,11,4,1,6,0,0,0,0,0,0,0,0,0,0,0,0,1.0,1.0,1.0,0.0,0.0,0.0,4,0,0
603,51,22,29,13,8,3,27,11,4,1,6,0,0,0,0,0,0,0,0,0,0,0,0,1.0,1.0,1.0,0.0,0.0,0.0,4,0,0
604,51,22,29,13,8,3,27,11,4,1,6,0,0,0,0,0,0,0,0,0,0,0,0,1.0,1.0,1.0,0.0,0.0,0.0,4,0,0
605,50,22,28,12,8,3,27,11,4,1,6,0,0,0,0,0,0,0,0,0,1,0,1,0.9523809523809523,1.0,1.0,0.0,0.0,0.0,4,0,1
606,50,22,28,12,8,3,27,11,4,1,6,0,0,0,0,0,0,0,0,0,0,0,0,1.0,1.0,1.0,0.0,0.0,0.0,4,0,0
607,50,22,28,12,8,3,27,11,4,1,6,0,0,0,0,0,0,0,0,0,0,0,0,1.0,1.0,1.0,0.0,0.0,0.0,4,0,0
608,50,22,28,12,8,3,27,11,4,1,6,0,0,0,0,0,0,0,0,0,0,0,0,1.0,1.0,1.0,0.0,0.0,0.0,4,0,0
609,50,22,28,12,8,3,27,11,4,1,6,0,0,0,0,0,0,0,0,0,0,0,0,1.0,1.0,1.0,0.0,0.0,0.0,4,0,0
610,50,22,28,12,8,3,27,11,4,1,6,0,0,0,0,0,0,0,0,0,0,0,0,1.0,1.0,1.0,0.0,0.0,0.0,4,0,0
611,50,22,28,12,8,3,27,11,4,1,6,0,0,0,0,0,0,0,0,0,0,0,0,1.0,1.0,1.0,0.0,0.0,0.0,4,0,0
612,50,22,28,12,8,3,27,11,4,1,6,0,0,0,0,0,0,0,0,0,0,0,0,1.0,1.0,1.0,0.0,0.0,0.0,4,0,0
613,50,22,28,12,8,3,27,11,4,1,6,0,0,0,0,0,0,0,0,0,0,0,0,1.0,1.0,1.0,0.0,0.0,0.0,4,0,0
614,50,22,28,11,9,3,27,11,4,1,6,0,0,0,0,0,0,0,0,0,0,0,0,1.0,1.0,1.0,0.0,0.0,0.0,4,0,0
615,49,22,27,10,10,3,26,10,3,1,6,0,0,0,0,0,0,0,0,0,0,0,0,1.0,1.0,0.9090909090909091,0.0,0.0,0.0,4,0,1
616,49,22,27,5,15,3,26,10,3,1,5,0,0,0,0,0,0,0,0,0,0,0,0,1.0,1.0,1.0,0.0,0.0,0.0,4,0,0
617,48,22,26,5,14,3,26,10,4,1,4,0,0,0,0,0,5,1,0,0,1,0,1,0.95,1.0,1.0,0.0,0.0,0.2,4,0,1
618,47,22,25,5,13,3,26,10,5,1,2,0,0,0,0,0,7,1,0,0,1,0,1,0.9473684210526316,1.0,1.0,0.0,0.0,0.14285714285714285,4,0,1
619,46,21,25,5,13,3,25,10,5,1,2,0,0,0,0,0,2,0,0,0,0,0,0,1.0,0.9375,1.0,0.0,0.0,0.0,4,0,1
620,46,21,25,3,15,3,25,10,6,1,2,0,0,0,0,0,6,1,0,0,0,0,0,1.0,1.0,1.0,0.0,0.0,0.16666666666666666,4,0,0
621,46,21,25,3,15,3,25,10,7,1,2,0,0,0,0,0,8,1,0,0,0,0,0,1.0,1.0,1.0,0.0,0.0,0.125,4,0,0
622,46,21,25,3,15,3,25,10,7,1,1,0,0,0,0,0,0,0,0,0,0,0,0,1.0,1.0,1.0,0.0,0.0,0.0,4,0,0
623,46,21,25,3,15,3,25,10,8,1,1,0,0,0,0,0,8,1,0,0,0,0,0,1.0,1.0,1.0,0.0,0.0,0.125,4,0,0
624,45,20,25,3,15,3,24,10,8,1,1,0,0,0,0,0,0,0,0,0,0,0,0,1.0,0.9333333333333333,1.0,0.0,0.0,0.0,4,0,1
625,48,21,27,7,15,2,24,10,7,1,2,0,0,0,0,0,0,0,0,1,0,0,0,1.0,1.0,1.0,0.08888888888888889,0.08888888888888889,0.0,4,4,1
626,47,20,27,7,15,2,23,10,7,1,2,0,0,0,0,0,0,0,0,0,0,0,0,1.0,0.9285714285714286,1.0,0.0,0.0,0.0,4,0,1
627,47,20,27,7,15,2,23,10,7,1,2,0,0,0,0,0,0,0,0,0,0,0,0,1.0,1.0,1.0,0.0,0.0,0.0,4,0,0
628,47,20,27,4,18,2,23,10,7,1,2,0,0,0,0,0,0,0,0,0,0,0,0,1.0,1.0,1.0,0.0,0.0,0.0,4,0,0
629,47,20,27,4,18,2,23,10,7,1,2,0,0,0,0,0,0,0,0,0,0,0,0,1.0,1.0,1.0,0.0,0.0,0.0,4,0,0
630,47,20,27,4,18,2,23,10,7,1,1,0,0,0,0,0,0,0,0,0,0,0,0,1.0,1.0,1.0,0.0,0.0,0.0,4,0,0
631,47,20,27,4,18,2,23,10,7,1,1,0,0,0,0,0,3,0,0,0,0,0,0,1.0,1.0,1.0,0.0,0.0,0.0,4,0,0
632,47,20,27,4,18,2,23,10,8,1,1,0,0,0,0,0,7,1,0,0,0,0,0,1.0,1.0,1.0,0.0,0.0,0.14285714285714285,4,0,0
633,47,20,27,4,18,2,23,10,8,1,1,0,0,0,0,0,0,0,0,0,0,0,0,1.0,1.0,1.0,0.0,0.0,0.0,4,0,0
634,47,20,27,4,18,2,23,10,8,1,1,0,0,0,0,0,0,0,0,0,0,0,0,1.0,1.0,1.0,0.0,0.0,0.0,4,0,0
635,47,20,27,4,18,2,23,10,8,1,1,0,0,0,0,0,0,0,0,0,0,0,0,1.0,1.0,1.0,0.0,0.0,0.0,4,0,0
636,47,20,27,4,18,2,23,10,8,1,1,0,0,0,0,0,0,0,0,0,0,0,0,1.0,1.0,1.0,0.0,0.0,0.0,4,0,0
637,51,20,31,8,18,2,23,10,7,1,2,0,0,0,0,0,0,0,0,1,0,0,0,1.0,1.0,1.0,0.0851063829787234,0.0851063829787234,0.0,4,4,0
638,51,20,31,8,18,2,23,10,7,1,2,0,0,0,0,0,0,0,0,0,0,0,0,1.0,1.0,1.0,0.0,0.0,0.0,4,0,0
639,51,20,31,8,18,2,23,10,7,1,2,0,0,0,0,0,0,0,0,0,0,0,0,1.0,1.0,1.0,0.0,0.0,0.0,4,0,0
640,51,20,31,8,18,2,23,10,7,1,2,0,0,0,0,0,0,0,0,0,0,1,0,1.0,1.0,1.0,0.0,0.0,0.0,4,0,0
641,51,20,31,8,18,2,23,10,7,1,2,0,0,0,0,0,0,0,0,0,0,2,0,1.0,1.0,1.0,0.0,0.0,0.0,4,0,0
642,51,20,31,8,18,2,23,10,7,1,2,0,0,0,0,0,0,0,0,0,0,1,0,1.0,1.0,1.0,0.0,0.0,0.0,4,0,0
643,51,20,31,8,18,2,23,10,7,0,2,0,0,0,0,0,0,0,0,0,0,0,0,1.0,1.0,1.0,0.0,0.0,0.0,4,0,0
644,51,20,31,8,17,3,23,10,8,0,2,0,0,0,0,0,6,1,0,0,0,0,0,1.0,1.0,1.0,0.0,0.0,0.16666666666666666,4,0,0
645,51,20,31,8,15,5,23,10,8,0,2,0,0,0,0,0,0,0,0,0,0,0,0,1.0,1.0,1.0,0.0,0.0,0.0,4,0,0
646,51,20,31,8,14,6,23,10,8,0,2,0,0,0,0,0,0,0,0,0,0,1,0,1.0,1.0,1.0,0.0,0.0,0.0,4,0,0
647,51,20,31,8,14,6,23,10,8,0,2,0,0,0,0,0,0,0,0,0,0,0,0,1.0,1.0,1.0,0.0,0.0,0.0,4,0,0
648,51,20,31,8,14,6,23,10,8,0,2,0,0,0,0,0,0,0,0,0,0,0,0,1.0,1.0,1.0,0.0,0.0,0.0,4,0,0
649,51,20,31,8,14,6,23,10,8,0,2,0,0,0,0,0,0,0,0,0,0,0,0,1.0,1.0,1.0,0.0,0.0,0.0,4,0,0
650,51,20,31,8,13,7,23,10,8,0,2,0,0,0,0,0,0,0,0,0,0,0,0,1.0,1.0,1.0,0.0,0.0,0.0,4,0,0
651,51,20,31,8,13,7,23,10,8,0,2,0,0,0,0,0,0,0,0,0,0,0,0,1.0,1.0,1.0,0.0,0.0,0.0,4,0,0
652,51,20,31,8,13,7,23,10,8,0,2,0,0,0,0,0,0,0,0,0,0,0,0,1.0,1.0,1.0,0.0,0.0,0.0,4,0,0
653,51,20,31,8,13,7,23,10,8,0,2,0,0,0,0,0,0,0,0,0,0,0,0,1.0,1.0,1.0,0.0,0.0,0.0,4,0,0
654,51,20,31,8,13,7,23,10,8,0,2,0,0,0,0,0,0,0,0,0,0,0,0,1.0,1.0,1.0,0.0,0.0,0.0,4,0,0
655,54,21,33,11,13,7,23,10,7,0,3,0,0,0,0,0,0,0,0,1,0,0,0,1.0,1.0,1.0,0.058823529411764705,0.058823529411764705,0.0,4,3,0
656,54,21,33,11,13,7,23,10,7,0,3,0,0,0,0,0,0,0,0,0,0,0,0,1.0,1.0,1.0,0.0,0.0,0.0,4,0,0
657,53,20,33,10,13,7,23,10,7,0,3,0,0,0,0,0,0,0,0,0,1,0,1,0.9583333333333334,1.0,1.0,0.0,0.0,0.0,4,0,1
658,52,19,33,10,13,6,23,10,7,0,3,0,0,0,0,0,0,0,0,0,0,0,0,1.0,1.0,1.0,0.0,0.0,0.0,4,0,1
659,51,19,32,9,13,6,23,10,7,0,3,0,0,0,0,0,0,0,0,0,1,0,1,0.9565217391304348,1.0,1.0,0.0,0.0,0.0,4,0,1
660,51,19,32,9,13,6,23,10,7,0,3,0,0,0,0,0,0,0,0,0,0,0,0,1.0,1.0,1.0,0.0,0.0,0.0,4,0,0
661,50,19,31,9,12,6,23,10,7,0,3,0,0,0,0,0,0,0,0,0,1,0,1,0.9545454545454546,1.0,1.0,0.0,0.0,0.0,4,0,1
662,50,19,31,9,12,6,23,10,7,0,3,0,0,0,0,0,0,0,0,0,0,0,0,1.0,1.0,1.0,0.0,0.0,0.0,4,0,0
663,50,19,31,9,12,6,23,10,7,0,3,0,0,0,0,0,0,0,0,0,0,0,0,1.0,1.0,1.0,0.0,0.0,0.0,4,0,0
664,49,18,31,9,12,6,22,10,7,0,3,0,0,0,0,0,0,0,0,0,0,0,0,1.0,0.9230769230769231,1.0,0.0,0.0,0.0,4,0,1
665,49,18,31,9,12,6,22,10,7,0,3,0,0,0,0,0,0,0,0,0,0,0,0,1.0,1.0,1.0,0.0,0.0,0.0,4,0,0
666,49,18,31,9,12,6,22,10,7,0,3,0,0,0,0,0,0,0,0,0,0,0,0,1.0,1.0,1.0,0.0,0.0,0.0,4,0,0
667,49,18,31,9,12,6,22,10,7,0,3,0,0,0,0,0,0,0,0,0,0,0,0,1.0,1.0,1.0,0.0,0.0,0.0,4,0,0
668,49,18,31,6,15,6,22,10,7,0,3,0,0,0,0,0,0,0,0,0,0,0,0,1.0,1.0,1.0,0.0,0.0,0.0,4,0,0
669,49,18,31,6,15,6,22,10,7,0,3,0,0,0,0,0,0,0,0,0,0,0,0,1.0,1.0,1.0,0.0,0.0,0.0,4,0,0
670,47,17,30,6,14,6,21,10,7,0,2,0,0,0,0,0,0,0,0,0,1,0,1,0.9523809523809523,0.9166666666666666,1.0,0.0,0.0,0.0,4,0,2
671,47,17,30,6,14,6,21,10,7,0,2,0,0,0,0,0,0,0,0,0,0,0,0,1.0,1.0,1.0,0.0,0.0,0.0,4,0,0
672,47,17,30,6,14,6,21,10,7,0,2,0,0,0,0,0,0,0,0,0,0,0,0,1.0,1.0,1.0,0.0,0.0,0.0,4,0,0
673,47,17,30,6,14,6,21,10,7,0,2,0,0,0,0,0,0,0,0,0,0,0,0,1.0,1.0,1.0,0.0,0.0,0.0,4,0,0
674,46,17,29,6,13,6,21,10,7,0,2,0,0,0,0,0,0,0,0,0,1,0,1,0.95,1.0,1.0,0.0,0.0,0.0,4,0,1
675,46,17,29,6,13,6,21,10,7,0,2,0,0,0,0,0,0,0,0,0,0,0,0,1.0,1.0,1.0,0.0,0.0,0.0,4,0,0
676,46,17,29,6,13,6,21,10,7,0,2,0,0,0,0,0,0,0,0,0,0,0,0,1.0,1.0,1.0,0.0,0.0,0.0,4,0,0
677,46,17,29,6,13,5,22,11,7,0,2,0,0,0,0,0,0,0,0,0,0,0,0,1.0,1.0,1.0,0.0,0.0,0.0,4,0,0
678,45,17,28,6,13,5,21,10,6,0,2,0,0,0,0,0,0,0,0,0,0,0,0,1.0,1.0,0.9090909090909091,0.0,0.0,0.0,4,0,1
679,45,17,28,6,13,5,21,10,6,0,2,0,0,0,0,0,0,0,0,0,0,0,0,1.0,1.0,1.0,0.0,0.0,0.0,4,0,0
680,45,17,28,2,17,5,21,10,6,0,2,0,0,0,0,0,0,0,0,0,0,0,0,1.0,1.0,1.0,0.0,0.0,0.0,4,0,0
681,45,17,28,2,17,5,21,10,6,0,2,0,0,0,0,0,0,0,0,0,0,0,0,1.0,1.0,1.0,0.0,0.0,0.0,4,0,0
682,45,17,28,2,17,5,21,10,6,0,1,0,0,0,0,0,0,0,0,0,0,0,0,1.0,1.0,1.0,0.0,0.0,0.0,4,0,0
683,47,19,28,5,16,5,21,10,5,0,2,0,0,0,0,0,0,0,0,1,2,0,2,0.8947368421052632,1.0,1.0,0.08888888888888889,0.08888888888888889,0.0,4,4,2
684,47,19,28,5,16,5,21,10,5,0,2,0,0,0,0,0,0,0,0,0,0,0,0,1.0,1.0,1.0,0.0,0.0,0.0,4,0,0
685,50,22,28,8,16,5,21,10,4,0,3,0,0,0,0,0,0,0,0,1,0,0,0,1.0,1.0,1.0,0.06382978723404255,0.06382978723404255,0.0,4,3,0
686,54,23,31,12,16,5,21,10,3,0,4,0,0,0,0,0,0,0,0,1,0,0,0,1.0,1.0,1.0,0.08,0.08,0.0,4,4,0
687,54,23,31,12,16,5,21,10,3,0,4,0,0,0,0,0,0,0,0,0,0,0,0,1.0,1.0,1.0,0.0,0.0,0.0,4,0,0
688,57,24,33,15,16,5,21,10,2,0,5,0,0,0,0,0,0,0,0,1,0,0,0,1.0,1.0,1.0,0.05555555555555555,0.05555555555555555,0.0,4,3,0
689,57,24,33,15,16,5,21,10,2,0,5,0,0,0,0,0,0,0,0,0,0,0,0,1.0,1.0,1.0,0.0,0.0,0.0,4,0,0
690,57,24,33,15,16,5,21,10,2,0,5,0,0,0,0,0,0,0,0,0,0,0,0,1.0,1.0,1.0,0.0,0.0,0.0,4,0,0
691,57,24,33,15,16,5,21,10,2,0,5,0,0,0,0,0,0,0,0,0,0,0,0,1.0,1.0,1.0,0.0,0.0,0.0,4,0,0
692,55,24,31,14,15,5,21,10,2,0,5,0,0,0,0,0,0,0,0,0,2,0,2,0.935483870967742,1.0,1.0,0.0,0.0,0.0,4,0,2
693,55,24,31,14,15,5,21,10,2,0,5,0,0,0,0,0,0,0,0,0,0,0,0,1.0,1.0,1.0,0.0,0.0,0.0,4,0,0
694,55,24,31,14,15,5,21,10,2,0,5,0,0,0,0,0,0,0,0,0,0,0,0,1.0,1.0,1.0,0.0,0.0,0.0,4,0,0
695,53,23,30,14,13,5,21,10,2,0,5,0,0,0,0,0,0,0,0,0,2,0,2,0.9310344827586207,1.0,1.0,0.0,0.0,0.0,4,0,2
696,52,23,29,14,12,5,21,10,2,0,5,0,0,0,0,0,0,0,0,0,1,0,1,0.962962962962963,1.0,1.0,0.0,0.0,0.0,4,0,1
697,56,24,32,18,12,5,21,10,1,0,6,0,0,0,0,0,0,0,0,1,0,0,0,1.0,1.0,1.0,0.07692307692307693,0.07692307692307693,0.0,4,4,0
698,56,24,32,17,13,5,21,10,1,0,6,0,0,0,0,0,0,0,0,0,0,0,0,1.0,1.0,1.0,0.0,0.0,0.0,4,0,0
699,55,24,31,16,13,5,21,10,1,0,6,0,0,0,0,0,0,0,0,0,1,0,1,0.9666666666666667,1.0,1.0,0.0,0.0,0.0,4,0,1
700,54,24,30,15,13,5,21,10,1,0,5,0,0,0,0,0,0,0,0,0,1,0,1,0.9655172413793104,1.0,1.0,0.0,0.0,0.0,4,0,1
701,53,24,29,14,13,5,21,10,1,0,5,0,0,0,0,0,0,0,0,0,1,0,1,0.9642857142857143,1.0,1.0,0.0,0.0,0.0,4,0,1
702,52,23,29,13,13,5,21,10,1,0,5,0,0,0,0,0,0,0,0,0,1,0,1,0.962962962962963,1.0,1.0,0.0,0.0,0.0,4,0,1
703,52,23,29,13,13,5,21,10,1,0,5,0,0,0,0,0,0,0,0,0,0,0,0,1.0,1.0,1.0,0.0,0.0,0.0,4,0,0
704,51,23,28,13,12,5,21,10,1,0,5,0,0,0,0,0,0,0,0,0,1,0,1,0.9615384615384616,1.0,1.0,0.0,0.0,0.0,4,0,1
705,50,22,28,12,12,5,21,10,1,0,5,0,0,0,0,0,0,0,0,0,1,0,1,0.96,1.0,1.0,0.0,0.0,0.0,4,0,1
706,50,22,28,12,12,5,21,10,1,0,5,0,0,0,0,0,0,0,0,0,0,0,0,1.0,1.0,1.0,0.0,0.0,0.0,4,0,0
707,50,22,28,12,12,5,21,10,1,0,5,0,0,0,0,0,0,0,0,0,0,0,0,1.0,1.0,1.0,0.0,0.0,0.0,4,0,0
708,50,22,28,12,12,5,21,10,1,0,5,0,0,0,0,0,0,0,0,0,0,0,0,1.0,1.0,1.0,0.0,0.0,0.0,4,0,0
709,54,22,32,16,12,5,21,10,0,0,6,0,0,0,0,0,0,0,0,1,0,0,0,1.0,1.0,1.0,0.08,0.08,0.0,4,4,0
710,54,22,32,16,12,5,21,10,0,0,6,0,0,0,0,0,0,0,0,0,0,0,0,1.0,1.0,1.0,0.0,0.0,0.0,4,0,0
711,54,22,32,16,12,5,21,10,0,0,6,0,0,0,0,0,0,0,0,0,0,0,0,1.0,1.0,1.0,0.0,0.0,0.0,4,0,0
712,54,22,32,16,12,5,21,10,0,0,6,0,0,0,0,0,0,0,0,0,0,0,0,1.0,1.0,1.0,0.0,0.0,0.0,4,0,0
713,54,22,32,16,12,5,21,10,0,0,6,0,0,0,0,0,0,0,0,0,0,0,0,1.0,1.0,1.0,0.0,0.0,0.0,4,0,0
714,54,22,32,16,12,5,21,10,0,0,6,0,0,0,0,0,0,0,0,0,0,0,0,1.0,1.0,1.0,0.0,0.0,0.0,4,0,0
715,54,22,32,16,12,5,21,10,0,0,6,0,0,0,0,0,0,0,0,0,0,0,0,1.0,1.0,1.0,0.0,0.0,0.0,4,0,0
716,53,22,31,15,12,5,21,10,0,0,6,0,0,0,0,0,0,0,0,0,1,0,1,0.9642857142857143,1.0,1.0,0.0,0.0,0.0,4,0,1
717,52,21,31,14,12,5,21,10,0,0,6,0,0,0,0,0,0,0,0,0,1,0,1,0.962962962962963,1.0,1.0,0.0,0.0,0.0,4,0,1
718,52,21,31,14,12,5,21,10,0,0,6,0,0,0,0,0,0,0,0,0,0,0,0,1.0,1.0,1.0,0.0,0.0,0.0,4,0,0
719,52,21,31,14,12,5,21,10,0,0,6,0,0,0,0,0,0,0,0,0,0,0,0,1.0,1.0,1.0,0.0,0.0,0.0,4,0,0
720,52,21,31,14,12,5,21,10,0,0,6,0,0,0,0,0,0,0,0,0,0,0,0,1.0,1.0,1.0,0.0,0.0,0.0,4,0,0
721,52,21,31,14,12,5,21,10,0,0,6,0,0,0,0,0,0,0,0,0,0,0,0,1.0,1.0,1.0,0.0,0.0,0.0,4,0,0
722,52,21,31,14,12,5,21,10,0,0,6,0,0,0,0,0,0,0,0,0,0,0,0,1.0,1.0,1.0,0.0,0.0,0.0,4,0,0
723,52,21,31,14,12,5,21,10,0,0,6,0,0,0,0,0,0,0,0,0,0,0,0,1.0,1.0,1.0,0.0,0.0,0.0,4,0,0
724,52,21,31,14,12,5,21,10,0,0,6,0,0,0,0,0,0,0,0,0,0,0,0,1.0,1.0,1.0,0.0,0.0,0.0,4,0,0
725,51,20,31,14,12,4,21,11,0,0,6,0,0,0,0,0,0,0,0,0,0,0,0,1.0,0.9090909090909091,1.0,0.0,0.0,0.0,4,0,1
726,50,20,30,13,12,4,21,11,0,0,6,0,0,0,0,0,0,0,0,0,1,0,1,0.9615384615384616,1.0,1.0,0.0,0.0,0.0,4,0,1
727,50,20,30,13,12,4,21,11,0,0,6,0,0,0,0,0,0,0,0,0,0,0,0,1.0,1.0,1.0,0.0,0.0,0.0,4,0,0
728,50,20,30,11,14,4,21,11,0,0,5,0,0,0,0,0,0,0,0,0,0,0,0,1.0,1.0,1.0,0.0,0.0,0.0,4,0,0
729,49,20,29,7,17,4,21,11,0,0,5,0,0,0,0,0,0,0,0,0,1,0,1,0.96,1.0,1.0,0.0,0.0,0.0,4,0,1
730,49,20,29,7,17,4,21,11,0,0,4,0,0,0,0,0,0,0,0,0,0,0,0,1.0,1.0,1.0,0.0,0.0,0.0,4,0,0
731,49,20,29,6,18,4,21,11,0,0,3,0,0,0,0,0,0,0,0,0,0,0,0,1.0,1.0,1.0,0.0,0.0,0.0,4,0,0
732,49,20,29,6,18,4,21,11,0,0,3,0,0,0,0,0,0,0,0,0,0,0,0,1.0,1.0,1.0,0.0,0.0,0.0,4,0,0
733,49,20,29,6,18,4,21,11,0,0,2,0,0,0,0,0,0,0,0,0,0,0,0,1.0,1.0,1.0,0.0,0.0,0.0,4,0,0
734,49,20,29,6,18,4,21,11,0,0,2,0,0,0,0,0,0,0,0,0,0,0,0,1.0,1.0,1.0,0.0,0.0,0.0,4,0,0
735,48,20,28,6,17,4,21,11,0,0,2,0,0,0,0,0,0,0,0,0,1,0,1,0.9583333333333334,1.0,1.0,0.0,0.0,0.0,4,0,1
736,48,20,28,6,17,4,21,11,0,0,2,0,0,0,0,0,0,0,0,0,0,0,0,1.0,1.0,1.0,0.0,0.0,0.0,4,0,0
737,48,20,28,6,17,4,21,11,0,0,2,0,0,0,0,0,0,0,0,0,0,0,0,1.0,1.0,1.0,0.0,0.0,0.0,4,0,0
738,48,20,28,6,17,4,21,11,0,0,2,0,0,0,0,0,0,0,0,0,0,0,0,1.0,1.0,1.0,0.0,0.0,0.0,4,0,0
739,48,20,28,6,17,4,21,11,0,0,2,0,0,0,0,0,0,0,0,0,0,0,0,1.0,1.0,1.0,0.0,0.0,0.0,4,0,0
740,48,20,28,3,20,4,21,11,0,0,2,0,0,0,0,0,0,0,0,0,0,0,0,1.0,1.0,1.0,0.0,0.0,0.0,4,0,0
741,47,20,27,3,19,4,21,11,0,0,2,0,0,0,0,0,0,0,0,0,1,0,1,0.9565217391304348,1.0,1.0,0.0,0.0,0.0,4,0,1
742,47,20,27,3,19,4,21,11,0,0,1,0,0,0,0,0,0,0,0,0,0,0,0,1.0,1.0,1.0,0.0,0.0,0.0,4,0,0
743,47,20,27,3,19,4,21,11,0,0,1,0,0,0,0,0,0,0,0,0,0,0,0,1.0,1.0,1.0,0.0,0.0,0.0,4,0,0
744,47,20,27,3,19,4,21,11,0,0,1,0,0,0,0,0,0,0,0,0,0,0,0,1.0,1.0,1.0,0.0,0.0,0.0,4,0,0
745,47,20,27,3,19,4,21,11,0,0,1,0,0,0,0,0,0,0,0,0,0,0,0,1.0,1.0,1.0,0.0,0.0,0.0,4,0,0
746,47,20,27,3,19,4,21,11,0,0,1,0,0,0,0,0,0,0,0,0,0,0,0,1.0,1.0,1.0,0.0,0.0,0.0,4,0,0
747,47,20,27,3,19,4,21,11,0,0,1,0,0,0,0,0,0,0,0,0,0,0,0,1.0,1.0,1.0,0.0,0.0,0.0,4,0,0
748,46,19,27,3,19,4,20,11,0,0,1,0,0,0,0,0,0,0,0,0,0,0,0,1.0,0.9,1.0,0.0,0.0,0.0,4,0,1
749,46,19,27,3,19,4,20,11,0,0,1,0,0,0,0,0,0,0,0,0,0,0,0,1.0,1.0,1.0,0.0,0.0,0.0,4,0,0
750,46,19,27,3,19,4,20,11,0,0,1,0,0,0,0,0,0,0,0,0,0,0,0,1.0,1.0,1.0,0.0,0.0,0.0,4,0,0
751,46,19,27,3,19,4,20,11,0,0,1,0,0,0,0,0,0,0,0,0,0,0,0,1.0,1.0,1.0,0.0,0.0,0.0,4,0,0
752,46,19,27,0,22,4,20,11,0,0,1,0,0,0,0,0,0,0,0,0,0,1,0,1.0,1.0,1.0,0.0,0.0,0.0,4,0,0
753,46,19,27,0,22,4,20,11,0,0,1,0,0,0,0,0,0,0,0,0,0,3,0,1.0,1.0,1.0,0.0,0.0,0.0,4,0,0
754,45,18,27,0,21,4,20,11,0,0,0,0,0,0,0,0,0,0,0,0,1,0,1,0.9545454545454546,1.0,1.0,0.0,0.0,0.0,4,0,1
755,45,18,27,0,21,4,20,11,0,0,0,0,0,0,0,0,0,0,0,0,0,0,0,1.0,1.0,1.0,0.0,0.0,0.0,4,0,0
756,45,18,27,0,20,5,20,11,0,0,0,0,0,0,0,0,0,0,0,0,0,0,0,1.0,1.0,1.0,0.0,0.0,0.0,4,0,0
757,45,18,27,0,17,8,20,11,0,0,0,0,0,0,0,0,0,0,0,0,0,1,0,1.0,1.0,1.0,0.0,0.0,0.0,4,0,0
758,45,18,27,0,17,8,20,11,0,0,0,0,0,0,0,0,0,0,0,0,0,0,0,1.0,1.0,1.0,0.0,0.0,0.0,4,0,0
759,45,18,27,0,17,8,20,11,0,0,0,0,0,0,0,0,0,0,0,0,0,0,0,1.0,1.0,1.0,0.0,0.0,0.0,4,0,0
760,45,18,27,0,17,8,20,11,3,0,0,0,0,0,0,0,17,3,0,0,0,0,0,1.0,1.0,1.0,0.0,0.0,0.17647058823529413,4,0,0
761,45,18,27,0,16,9,20,11,4,1,0,0,0,0,0,0,13,1,1,0,0,0,0,1.0,1.0,1.0,0.0,0.0,0.07692307692307693,4,0,0
762,44,18,26,0,15,9,20,11,6,1,0,0,0,0,0,0,14,2,0,0,1,0,1,0.9375,1.0,1.0,0.0,0.0,0.14285714285714285,4,0,1
763,44,18,26,0,15,9,20,11,9,1,0,0,0,0,0,0,20,3,0,0,0,0,0,1.0,1.0,1.0,0.0,0.0,0.15,4,0,0
764,44,18,26,0,15,9,20,11,9,1,0,0,0,0,0,0,1,0,0,0,0,0,0,1.0,1.0,1.0,0.0,0.0,0.0,4,0,0
765,43,18,25,0,14,9,20,11,9,1,0,0,0,0,0,0,0,0,0,0,1,2,1,0.9333333333333333,1.0,1.0,0.0,0.0,0.0,4,0,1
766,43,18,25,0,14,9,20,11,9,1,0,0,0,0,0,0,0,0,0,0,0,0,0,1.0,1.0,1.0,0.0,0.0,0.0,4,0,0
767,42,17,25,0,14,9,19,11,9,1,0,0,0,0,0,0,0,0,0,0,0,0,0,1.0,0.8888888888888888,1.0,0.0,0.0,0.0,4,0,1
768,41,17,24,0,13,9,19,11,9,1,0,0,0,0,0,0,0,0,0,0,1,0,1,0.9285714285714286,1.0,1.0,0.0,0.0,0.0,4,0,1
769,41,17,24,0,11,11,19,11,9,1,0,0,0,0,0,0,0,0,0,0,0,0,0,1.0,1.0,1.0,0.0,0.0,0.0,4,0,0
770,41,17,24,0,11,11,19,11,9,1,0,0,0,0,0,0,0,0,0,0,0,0,0,1.0,1.0,1.0,0.0,0.0,0.0,4,0,0
771,41,17,24,0,11,11,19,11,9,1,0,0,0,0,0,0,0,0,0,0,0,0,0,1.0,1.0,1.0,0.0,0.0,0.0,4,0,0
772,41,17,24,0,11,11,19,11,9,1,0,0,0,0,0,0,0,0,0,0,0,0,0,1.0,1.0,1.0,0.0,0.0,0.0,4,0,0
773,41,17,24,0,11,11,19,11,10,1,0,0,0,0,0,0,1,1,0,0,0,0,0,1.0,1.0,1.0,0.0,0.0,1.0,4,0,0
774,40,16,24,0,11,10,19,11,10,1,0,0,0,0,0,0,0,0,0,0,0,0,0,1.0,1.0,1.0,0.0,0.0,0.0,4,0,1
775,40,16,24,0,11,10,19,11,10,1,0,0,0,0,0,0,0,0,0,0,0,0,0,1.0,1.0,1.0,0.0,0.0,0.0,4,0,0
776,40,16,24,0,11,10,19,11,10,1,0,0,0,0,0,0,0,0,0,0,0,0,0,1.0,1.0,1.0,0.0,0.0,0.0,4,0,0
777,40,16,24,0,11,10,19,11,10,1,0,0,0,0,0,0,0,0,0,0,0,0,0,1.0,1.0,1.0,0.0,0.0,0.0,4,0,0
778,40,16,24,0,11,10,19,11,10,1,0,0,0,0,0,0,0,0,0,0,0,0,0,1.0,1.0,1.0,0.0,0.0,0.0,4,0,0
779,40,16,24,0,11,10,19,11,10,1,0,0,0,0,0,0,0,0,0,0,0,0,0,1.0,1.0,1.0,0.0,0.0,0.0,4,0,0
780,40,16,24,0,11,10,19,11,10,1,0,0,0,0,0,0,0,0,0,0,0,0,0,1.0,1.0,1.0,0.0,0.0,0.0,4,0,0
781,40,16,24,0,11,10,19,11,10,1,0,0,0,0,0,0,0,0,0,0,0,0,0,1.0,1.0,1.0,0.0,0.0,0.0,4,0,0
782,40,16,24,0,11,10,19,11,10,1,0,0,0,0,0,0,0,0,0,0,0,0,0,1.0,1.0,1.0,0.0,0.0,0.0,4,0,0
783,40,16,24,0,11,9,20,12,10,1,0,0,0,0,0,0,0,0,0,0,0,0,0,1.0,1.0,1.0,0.0,0.0,0.0,4,0,0
784,40,16,24,0,11,9,20,12,10,1,0,0,0,0,0,0,0,0,0,0,0,0,0,1.0,1.0,1.0,0.0,0.0,0.0,4,0,0
785,40,16,24,0,11,9,20,12,10,1,0,0,0,0,0,0,0,0,0,0,0,0,0,1.0,1.0,1.0,0.0,0.0,0.0,4,0,0
786,40,16,24,0,11,9,20,12,10,1,0,0,0,0,0,0,1,0,0,0,0,0,0,1.0,1.0,1.0,0.0,0.0,0.0,4,0,0
787,40,16,24,0,11,9,20,12,10,1,0,0,0,0,0,0,4,0,0,0,0,0,0,1.0,1.0,1.0,0.0,0.0,0.0,4,0,0
788,40,16,24,0,11,9,20,12,11,1,0,0,0,0,0,0,2,1,0,0,0,0,0,1.0,1.0,1.0,0.0,0.0,0.5,4,0,0
789,40,16,24,0,11,9,20,12,11,1,0,0,0,0,0,0,0,0,0,0,0,0,0,1.0,1.0,1.0,0.0,0.0,0.0,4,0,0
790,40,16,24,0,11,9,20,12,11,1,0,0,0,0,0,0,0,0,0,0,0,0,0,1.0,1.0,1.0,0.0,0.0,0.0,4,0,0
791,40,16,24,0,11,9,20,12,11,1,0,0,0,0,0,0,0,0,0,0,0,0,0,1.0,1.0,1.0,0.0,0.0,0.0,4,0,0
792,40,16,24,0,11,8,21,13,11,1,0,0,0,0,0,0,0,0,0,0,0,0,0,1.0,1.0,1.0,0.0,0.0,0.0,4,0,0
793,39,15,24,0,10,8,21,13,11,1,0,0,0,0,0,0,0,0,0,0,1,0,1,0.9090909090909091,1.0,1.0,0.0,0.0,0.0,4,0,1
794,39,15,24,0,10,8,21,13,11,1,0,0,0,0,0,0,0,0,0,0,0,0,0,1.0,1.0,1.0,0.0,0.0,0.0,4,0,0
795,39,15,24,0,10,8,21,13,11,1,0,0,0,0,0,0,0,0,0,0,0,0,0,1.0,1.0,1.0,0.0,0.0,0.0,4,0,0
796,39,15,24,0,10,8,21,13,11,1,0,0,0,0,0,0,0,0,0,0,0,0,0,1.0,1.0,1.0,0.0,0.0,0.0,4,0,0
797,39,15,24,0,10,8,21,13,11,1,0,0,0,0,0,0,0,0,0,0,0,0,0,1.0,1.0,1.0,0.0,0.0,0.0,4,0,0
798,39,15,24,0,10,8,21,13,11,1,0,0,0,0,0,0,0,0,0,0,0,0,0,1.0,1.0,1.0,0.0,0.0,0.0,4,0,0
799,39,15,24,0,10,8,21,13,11,1,0,0,0,0,0,0,1,0,0,0,0,0,0,1.0,1.0,1.0,0.0,0.0,0.0,4,0,0
800,39,15,24,0,10,8,21,13,11,1,0,0,0,0,0,0,5,0,0,0,0,0,0,1.0,1.0,1.0,0.0,0.0,0.0,4,0,0
801,39,15,24,0,10,8,21,13,12,1,0,0,0,0,0,0,3,1,0,0,0,0,0,1.0,1.0,1.0,0.0,0.0,0.3333333333333333,4,0,0
802,39,15,24,0,10,8,21,13,12,1,0,0,0,0,0,0,0,0,0,0,0,0,0,1.0,1.0,1.0,0.0,0.0,0.0,4,0,0
803,39,15,24,0,10,8,21,13,12,1,0,0,0,0,0,0,0,0,0,0,0,0,0,1.0,1.0,1.0,0.0,0.0,0.0,4,0,0
804,39,15,24,0,10,8,21,13,12,1,0,0,0,0,0,0,0,0,0,0,0,0,0,1.0,1.0,1.0,0.0,0.0,0.0,4,0,0
805,39,15,24,0,10,8,21,13,12,1,0,0,0,0,0,0,0,0,0,0,0,2,0,1.0,1.0,1.0,0.0,0.0,0.0,4,0,0
806,39,15,24,0,10,8,21,13,12,0,0,0,0,0,0,0,0,0,0,0,0,0,0,1.0,1.0,1.0,0.0,0.0,0.0,4,0,0
807,39,15,24,0,10,8,21,13,12,0,0,0,0,0,0,0,7,0,0,0,0,0,0,1.0,1.0,1.0,0.0,0.0,0.0,4,0,0
808,39,15,24,0,10,8,21,13,13,0,0,0,0,0,0,0,5,1,0,0,0,0,0,1.0,1.0,1.0,0.0,0.0,0.2,4,0,0
809,39,15,24,0,8,10,21,13,13,0,0,0,0,0,0,0,0,0,0,0,0,0,0,1.0,1.0,1.0,0.0,0.0,0.0,4,0,0
810,39,15,24,0,8,10,21,13,13,0,0,0,0,0,0,0,0,0,0,0,0,0,0,1.0,1.0,1.0,0.0,0.0,0.0,4,0,0
811,39,15,24,0,8,10,21,13,13,0,0,0,0,0,0,0,0,0,0,0,0,0,0,1.0,1.0,1.0,0.0,0.0,0.0,4,0,0
812,39,15,24,0,8,10,21,13,13,0,0,0,0,0,0,0,0,0,0,0,0,0,0,1.0,1.0,1.0,0.0,0.0,0.0,4,0,0
813,39,15,24,0,8,10,21,13,13,0,0,0,0,0,0,0,0,0,0,0,0,0,0,1.0,1.0,1.0,0.0,0.0,0.0,4,0,0
814,39,15,24,0,8,10,21,13,13,0,0,0,0,0,0,0,0,0,0,0,0,0,0,1.0,1.0,1.0,0.0,0.0,0.0,4,0,0
815,39,15,24,0,8,10,21,13,13,0,0,0,0,0,0,0,0,0,0,0,0,0,0,1.0,1.0,1.0,0.0,0.0,0.0,4,0,0
816,39,15,24,0,8,10,21,13,13,0,0,0,0,0,0,0,0,0,0,0,0,0,0,1.0,1.0,1.0,0.0,0.0,0.0,4,0,0
817,38,14,24,0,7,10,21,13,13,0,0,0,0,0,0,0,0,0,0,0,1,0,1,0.875,1.0,1.0,0.0,0.0,0.0,4,0,1
818,38,14,24,0,7,10,21,13,13,0,0,0,0,0,0,0,0,0,0,0,0,0,0,1.0,1.0,1.0,0.0,0.0,0.0,4,0,0
819,38,14,24,0,7,10,21,13,13,0,0,0,0,0,0,0,0,0,0,0,0,0,0,1.0,1.0,1.0,0.0,0.0,0.0,4,0,0
820,38,14,24,0,7,10,21,13,13,0,0,0,0,0,0,0,0,0,0,0,0,0,0,1.0,1.0,1.0,0.0,0.0,0.0,4,0,0
821,38,14,24,0,7,10,21,13,13,0,0,0,0,0,0,0,0,0,0,0,0,0,0,1.0,1.0,1.0,0.0,0.0,0.0,4,0,0
822,38,14,24,0,7,10,21,13,13,0,0,0,0,0,0,0,0,0,0,0,0,0,0,1.0,1.0,1.0,0.0,0.0,0.0,4,0,0
823,38,14,24,0,7,10,21,13,13,0,0,0,0,0,0,0,0,0,0,0,0,0,0,1.0,1.0,1.0,0.0,0.0,0.0,4,0,0
824,38,14,24,0,7,10,21,13,13,0,0,0,0,0,0,0,0,0,0,0,0,0,0,1.0,1.0,1.0,0.0,0.0,0.0,4,0,0
825,47,19,28,9,7,10,21,13,10,0,3,0,0,0,0,0,0,0,0,3,0,0,0,1.0,1.0,1.0,0.23684210526315788,0.23684210526315788,0.0,4,9,0
826,51,22,29,13,7,10,21,13,9,0,4,0,0,0,0,0,0,0,0,1,0,0,0,1.0,1.0,1.0,0.0851063829787234,0.0851063829787234,0.0,4,4,0
827,57,28,29,19,7,10,21,13,7,0,6,0,0,0,0,0,0,0,0,2,1,0,1,0.95,1.0,1.0,0.13725490196078433,0.13725490196078433,0.0,4,7,1
828,67,31,36,29,7,10,21,13,4,0,9,0,0,0,0,0,0,0,0,3,0,0,0,1.0,1.0,1.0,0.17543859649122806,0.17543859649122806,0.0,4,10,0
829,66,31,35,28,7,10,21,13,4,0,9,0,0,0,0,0,0,0,0,0,1,0,1,0.9722222222222222,1.0,1.0,0.0,0.0,0.0,4,0,1
830,66,31,35,28,7,10,21,13,4,0,9,0,0,0,0,0,0,0,0,0,0,0,0,1.0,1.0,1.0,0.0,0.0,0.0,4,0,0
831,64,30,34,28,7,10,19,12,4,0,8,0,0,0,0,0,0,0,0,0,0,0,0,1.0,0.875,0.9230769230769231,0.0,0.0,0.0,4,0,2
832,63,29,34,28,6,10,19,12,4,0,8,0,0,0,0,0,0,0,0,0,1,0,1,0.9714285714285714,1.0,1.0,0.0,0.0,0.0,4,0,1
833,60,28,32,27,4,10,19,12,4,0,8,0,0,0,0,0,0,0,0,0,3,0,3,0.9117647058823529,1.0,1.0,0.0,0.0,0.0,4,0,3
834,58,27,31,25,4,9,20,13,4,0,8,0,0,0,0,0,0,0,0,0,2,0,2,0.935483870967742,1.0,1.0,0.0,0.0,0.0,4,0,2
835,58,27,31,25,4,9,20,13,4,0,8,0,0,0,0,0,0,0,0,0,0,0,0,1.0,1.0,1.0,0.0,0.0,0.0,4,0,0
836,58,27,31,25,4,9,20,13,4,0,8,0,0,0,0,0,0,0,0,0,0,0,0,1.0,1.0,1.0,0.0,0.0,0.0,4,0,0
837,58,27,31,25,4,9,20,13,4,0,8,0,0,0,0,0,0,0,0,0,0,0,0,1.0,1.0,1.0,0.0,0.0,0.0,4,0,0
838,61,28,33,28,4,9,20,13,4,0,9,0,0,0,0,0,8,1,0,1,0,0,0,1.0,1.0,1.0,0.05172413793103448,0.05172413793103448,0.125,4,3,0
839,59,26,33,26,4,9,20,13,4,0,9,0,0,0,0,0,0,0,0,0,2,0,2,0.9375,1.0,1.0,0.0,0.0,0.0,4,0,2
840,56,23,33,23,4,9,20,13,4,0,9,0,0,0,0,0,0,0,0,0,3,0,3,0.9,1.0,1.0,0.0,0.0,0.0,4,0,3
841,56,23,33,23,4,7,22,15,6,0,9,0,0,0,0,0,12,2,0,0,0,0,0,1.0,1.0,1.0,0.0,0.0,0.16666666666666666,4,0,0
842,56,23,33,23,4,7,22,15,6,0,9,0,0,0,0,0,0,0,0,0,0,0,0,1.0,1.0,1.0,0.0,0.0,0.0,4,0,0
843,55,22,33,22,4,7,22,15,6,0,9,0,0,0,0,0,0,0,0,0,1,0,1,0.962962962962963,1.0,1.0,0.0,0.0,0.0,4,0,1
844,55,22,33,22,4,7,22,15,6,0,9,0,0,0,0,0,0,0,0,0,0,0,0,1.0,1.0,1.0,0.0,0.0,0.0,4,0,0
845,55,22,33,22,4,7,22,15,6,0,9,0,0,0,0,0,0,0,0,0,0,0,0,1.0,1.0,1.0,0.0,0.0,0.0,4,0,0
846,55,22,33,22,4,7,22,15,6,0,9,0,0,0,0,0,0,0,0,0,0,0,0,1.0,1.0,1.0,0.0,0.0,0.0,4,0,0
847,55,22,33,22,4,7,22,15,6,0,9,0,0,0,0,0,0,0,0,0,0,0,0,1.0,1.0,1.0,0.0,0.0,0.0,4,0,0
848,55,22,33,22,4,7,22,15,6,0,9,0,0,0,0,0,0,0,0,0,0,0,0,1.0,1.0,1.0,0.0,0.0,0.0,4,0,0
849,55,22,33,22,4,7,22,15,6,0,9,0,0,0,0,0,0,0,0,0,0,0,0,1.0,1.0,1.0,0.0,0.0,0.0,4,0,0
850,55,22,33,22,4,7,22,15,6,0,9,0,0,0,0,0,0,0,0,0,0,0,0,1.0,1.0,1.0,0.0,0.0,0.0,4,0,0
851,55,22,33,22,4,7,22,15,6,0,9,0,0,0,0,0,0,0,0,0,0,0,0,1.0,1.0,1.0,0.0,0.0,0.0,4,0,0
852,55,22,33,22,4,7,22,15,6,0,9,0,0,0,0,0,0,0,0,0,0,0,0,1.0,1.0,1.0,0.0,0.0,0.0,4,0,0
853,58,24,34,25,4,7,22,15,5,0,10,0,0,0,0,0,0,0,0,1,0,0,0,1.0,1.0,1.0,0.05454545454545454,0.05454545454545454,0.0,4,3,0
854,58,24,34,25,4,7,22,15,5,0,10,0,0,0,0,0,0,0,0,0,0,0,0,1.0,1.0,1.0,0.0,0.0,0.0,4,0,0
855,58,24,34,25,4,7,22,15,5,0,10,0,0,0,0,0,0,0,0,0,0,0,0,1.0,1.0,1.0,0.0,0.0,0.0,4,0,0
856,58,24,34,25,4,7,22,15,5,0,10,0,0,0,0,0,0,0,0,0,0,0,0,1.0,1.0,1.0,0.0,0.0,0.0,4,0,0
857,58,24,34,25,4,7,22,15,5,0,10,0,0,0,0,0,0,0,0,0,0,0,0,1.0,1.0,1.0,0.0,0.0,0.0,4,0,0
858,58,24,34,25,4,7,22,15,5,0,10,0,0,0,0,0,0,0,0,0,0,0,0,1.0,1.0,1.0,0.0,0.0,0.0,4,0,0
859,58,24,34,25,4,7,22,15,5,0,10,0,0,0,0,0,0,0,0,0,0,0,0,1.0,1.0,1.0,0.0,0.0,0.0,4,0,0
860,57,23,34,24,4,7,22,15,5,0,10,0,0,0,0,0,0,0,0,0,1,0,1,0.9655172413793104,1.0,1.0,0.0,0.0,0.0,4,0,1
861,57,23,34,24,4,7,22,15,5,0,10,0,0,0,0,0,0,0,0,0,0,0,0,1.0,1.0,1.0,0.0,0.0,0.0,4,0,0
862,56,23,33,24,4,7,21,14,5,0,9,0,0,0,0,0,0,0,0,0,0,0,0,1.0,1.0,0.9333333333333333,0.0,0.0,0.0,4,0,1
863,55,22,33,23,4,7,21,14,5,0,9,0,0,0,0,0,0,0,0,0,1,0,1,0.9642857142857143,1.0,1.0,0.0,0.0,0.0,4,0,1
864,52,21,31,20,4,7,21,14,5,0,9,0,0,0,0,0,0,0,0,0,3,0,3,0.8888888888888888,1.0,1.0,0.0,0.0,0.0,4,0,3
865,52,21,31,20,4,7,21,14,5,0,9,0,0,0,0,0,0,0,0,0,0,0,0,1.0,1.0,1.0,0.0,0.0,0.0,4,0,0
866,56,23,33,24,4,7,21,14,4,0,10,0,0,0,0,0,0,0,0,1,0,2,0,1.0,1.0,1.0,0.07692307692307693,0.07692307692307693,0.0,4,4,0
867,55,23,32,23,4,7,21,14,4,0,10,0,0,0,0,0,0,0,0,0,1,0,1,0.9642857142857143,1.0,1.0,0.0,0.0,0.0,4,0,1
868,55,23,32,21,6,6,22,15,4,0,10,0,0,0,0,0,1,0,0,0,0,0,0,1.0,1.0,1.0,0.0,0.0,0.0,4,0,0
869,54,22,32,20,7,4,23,16,4,0,10,0,0,0,0,0,0,0,0,0,0,0,0,1.0,1.0,1.0,0.0,0.0,0.0,4,0,1
870,52,20,32,14,9,6,23,16,4,0,7,0,0,0,0,0,0,0,0,0,2,0,2,0.92,1.0,1.0,0.0,0.0,0.0,4,0,2
871,51,20,31,8,14,6,23,16,7,0,6,0,0,0,0,0,15,3,0,0,1,0,1,0.9565217391304348,1.0,1.0,0.0,0.0,0.2,4,0,1
872,51,20,31,8,14,6,23,16,8,0,6,0,0,0,0,0,3,1,0,0,0,0,0,1.0,1.0,1.0,0.0,0.0,0.3333333333333333,4,0,0
873,55,23,32,12,14,6,23,16,7,0,4,0,0,0,0,0,0,0,0,1,0,0,0,1.0,1.0,1.0,0.0784313725490196,0.0784313725490196,0.0,4,4,0
874,55,23,32,12,14,6,23,16,8,0,4,0,0,0,0,0,13,1,0,0,0,0,0,1.0,1.0,1.0,0.0,0.0,0.07692307692307693,4,0,0
875,54,22,32,12,13,6,23,16,10,0,4,0,0,0,0,0,7,2,0,0,1,0,1,0.9615384615384616,1.0,1.0,0.0,0.0,0.2857142857142857,4,0,1
876,53,22,31,12,12,6,23,16,10,0,4,0,0,0,0,0,0,0,0,0,1,0,1,0.96,1.0,1.0,0.0,0.0,0.0,4,0,1
877,53,22,31,12,12,6,23,16,10,0,4,0,0,0,0,0,2,0,0,0,0,1,0,1.0,1.0,1.0,0.0,0.0,0.0,4,0,0
878,52,21,31,11,12,6,23,16,11,0,4,0,0,0,0,0,2,1,0,0,1,0,1,0.9583333333333334,1.0,1.0,0.0,0.0,0.5,4,0,1
879,52,21,31,11,12,6,23,16,11,0,4,0,0,0,0,0,2,0,0,0,0,0,0,1.0,1.0,1.0,0.0,0.0,0.0,4,0,0
880,51,21,30,11,11,6,23,16,12,0,4,0,0,0,0,0,2,1,0,0,0,0,0,0.9565217391304348,1.0,1.0,0.0,0.0,0.5,4,0,1
881,51,21,30,9,13,6,23,16,12,0,4,0,0,0,0,0,0,0,0,0,0,0,0,1.0,1.0,1.0,0.0,0.0,0.0,4,0,0
882,49,21,28,9,12,6,22,15,11,0,4,0,0,0,0,0,0,0,0,0,1,0,1,0.9545454545454546,1.0,0.9375,0.0,0.0,0.0,4,0,2
883,49,21,28,9,12,6,22,15,11,0,3,0,0,0,0,0,0,0,0,0,0,0,0,1.0,1.0,1.0,0.0,0.0,0.0,4,0,0
884,49,21,28,9,12,6,22,15,12,0,3,0,0,0,0,0,7,1,0,0,0,0,0,1.0,1.0,1.0,0.0,0.0,0.14285714285714285,4,0,0
885,49,21,28,9,12,6,22,15,12,0,3,0,0,0,0,0,0,0,0,0,0,0,0,1.0,1.0,1.0,0.0,0.0,0.0,4,0,0
886,47,21,26,8,11,6,22,15,12,0,3,0,0,0,0,0,0,0,0,0,2,0,2,0.9047619047619048,1.0,1.0,0.0,0.0,0.0,4,0,2
887,47,21,26,8,11,6,22,15,12,0,3,0,0,0,0,0,0,0,0,0,0,0,0,1.0,1.0,1.0,0.0,0.0,0.0,4,0,0
888,47,21,26,8,11,6,22,15,12,0,3,0,0,0,0,0,0,0,0,0,0,0,0,1.0,1.0,1.0,0.0,0.0,0.0,4,0,0
889,46,21,25,8,10,6,22,15,12,0,3,0,0,0,0,0,0,0,0,0,1,0,1,0.9473684210526316,1.0,1.0,0.0,0.0,0.0,4,0,1
890,46,21,25,8,10,6,22,15,12,0,3,0,0,0,0,0,0,0,0,0,0,0,0,1.0,1.0,1.0,0.0,0.0,0.0,4,0,0
891,46,21,25,8,10,5,23,15,12,0,3,0,0,0,0,0,0,0,0,0,0,0,0,1.0,1.0,1.0,0.0,0.0,0.0,4,0,0
892,46,21,25,8,10,4,24,15,12,0,3,0,0,0,0,0,0,0,0,0,0,0,0,1.0,1.0,1.0,0.0,0.0,0.0,4,0,0
893,46,21,25,8,10,4,24,15,12,0,3,0,0,0,0,0,0,0,0,0,0,0,0,1.0,1.0,1.0,0.0,0.0,0.0,4,0,0
894,46,21,25,8,10,4,24,15,12,0,3,0,0,0,0,0,0,0,0,0,0,0,0,1.0,1.0,1.0,0.0,0.0,0.0,4,0,0
895,45,21,24,8,10,4,23,14,11,0,3,0,0,0,0,0,0,0,0,0,0,0,0,1.0,1.0,0.9333333333333333,0.0,0.0,0.0,4,0,1
896,45,21,24,6,12,4,23,14,11,0,3,0,0,0,0,0,0,0,0,0,0,0,0,1.0,1.0,1.0,0.0,0.0,0.0,4,0,0
897,45,21,24,6,12,4,23,14,11,0,3,0,0,0,0,0,0,0,0,0,0,0,0,1.0,1.0,1.0,0.0,0.0,0.0,4,0,0
898,44,21,23,6,11,4,23,14,11,0,2,0,0,0,0,0,0,0,0,0,1,0,1,0.9444444444444444,1.0,1.0,0.0,0.0,0.0,4,0,1
899,44,21,23,6,11,4,23,14,12,0,2,0,0,0,0,0,7,1,0,0,0,0,0,1.0,1.0,1.0,0.0,0.0,0.14285714285714285,4,0,0
900,44,21,23,6,11,4,23,14,12,0,2,0,0,0,0,0,0,0,0,0,0,0,0,1.0,1.0,1.0,0.0,0.0,0.0,4,0,0
901,44,21,23,6,11,4,23,14,12,0,2,0,0,0,0,0,0,0,0,0,0,0,0,1.0,1.0,1.0,0.0,0.0,0.0,4,0,0
902,44,21,23,6,11,4,23,14,12,0,2,0,0,0,0,0,0,0,0,0,0,0,0,1.0,1.0,1.0,0.0,0.0,0.0,4,0,0
903,48,25,23,10,11,4,23,14,11,0,3,0,0,0,0,0,0,0,0,1,0,0,0,1.0,1.0,1.0,0.09090909090909091,0.09090909090909091,0.0,4,4,0
904,48,25,23,10,11,4,23,14,11,0,3,0,0,0,0,0,0,0,0,0,0,0,0,1.0,1.0,1.0,0.0,0.0,0.0,4,0,0
905,48,25,23,10,11,4,23,14,11,0,3,0,0,0,0,0,0,0,0,0,0,0,0,1.0,1.0,1.0,0.0,0.0,0.0,4,0,0
906,56,30,26,18,11,4,23,14,9,0,5,0,0,0,0,0,0,0,0,2,0,0,0,1.0,1.0,1.0,0.16666666666666666,0.16666666666666666,0.0,4,8,0
907,55,29,26,18,10,4,23,14,9,0,5,0,0,0,0,0,0,0,0,0,1,0,1,0.9655172413793104,1.0,1.0,0.0,0.0,0.0,4,0,1
908,54,28,26,18,10,4,22,14,9,0,5,0,0,0,0,0,0,0,0,0,0,0,0,1.0,0.8888888888888888,1.0,0.0,0.0,0.0,4,0,1
909,54,28,26,16,12,4,22,14,9,0,5,0,0,0,0,0,0,0,0,0,0,0,0,1.0,1.0,1.0,0.0,0.0,0.0,4,0,0
910,54,28,26,16,12,4,22,14,9,0,5,0,0,0,0,0,0,0,0,0,0,0,0,1.0,1.0,1.0,0.0,0.0,0.0,4,0,0
911,54,28,26,16,12,4,22,14,9,0,4,0,0,0,0,0,0,0,0,0,0,0,0,1.0,1.0,1.0,0.0,0.0,0.0,4,0,0
912,54,28,26,16,12,4,22,14,9,0,4,0,0,0,0,0,4,0,0,0,0,0,0,1.0,1.0,1.0,0.0,0.0,0.0,4,0,0
913,54,28,26,16,12,4,22,14,10,0,4,0,0,0,0,0,8,1,0,0,0,0,0,1.0,1.0,1.0,0.0,0.0,0.125,4,0,0
914,53,27,26,15,12,4,22,14,10,0,4,0,0,0,0,0,0,0,0,0,1,0,1,0.9642857142857143,1.0,1.0,0.0,0.0,0.0,4,0,1
915,53,27,26,15,12,4,22,14,10,0,4,0,0,0,0,0,0,0,0,0,0,0,0,1.0,1.0,1.0,0.0,0.0,0.0,4,0,0
916,51,25,26,11,15,4,21,14,10,0,4,0,0,0,0,0,0,0,0,0,1,0,1,0.962962962962963,0.875,1.0,0.0,0.0,0.0,4,0,2
917,51,25,26,11,15,4,21,14,10,0,4,0,0,0,0,0,0,0,0,0,0,0,0,1.0,1.0,1.0,0.0,0.0,0.0,4,0,0
918,50,24,26,10,15,4,21,14,10,0,3,0,0,0,0,0,0,0,0,0,1,0,1,0.9615384615384616,1.0,1.0,0.0,0.0,0.0,4,0,1
919,50,24,26,10,15,4,21,14,11,0,3,0,0,0,0,0,8,1,0,0,0,0,0,1.0,1.0,1.0,0.0,0.0,0.125,4,0,0
920,50,24,26,10,15,4,21,14,11,0,3,0,0,0,0,0,0,0,0,0,0,0,0,1.0,1.0,1.0,0.0,0.0,0.0,4,0,0
921,50,24,26,10,15,4,21,14,11,0,3,0,0,0,0,0,0,0,0,0,0,0,0,1.0,1.0,1.0,0.0,0.0,0.0,4,0,0
922,50,24,26,10,15,4,21,14,11,0,3,0,0,0,0,0,0,0,0,0,0,0,0,1.0,1.0,1.0,0.0,0.0,0.0,4,0,0
923,50,24,26,10,15,4,21,14,11,0,3,0,0,0,0,0,0,0,0,0,0,0,0,1.0,1.0,1.0,0.0,0.0,0.0,4,0,0
924,50,24,26,10,15,4,21,14,11,0,3,0,0,0,0,0,0,0,0,0,0,0,0,1.0,1.0,1.0,0.0,0.0,0.0,4,0,0
925,50,24,26,10,15,4,21,14,11,0,3,0,0,0,0,0,0,0,0,0,0,0,0,1.0,1.0,1.0,0.0,0.0,0.0,4,0,0
926,50,24,26,10,15,4,21,14,11,0,3,0,0,0,0,0,0,0,0,0,0,0,0,1.0,1.0,1.0,0.0,0.0,0.0,4,0,0
927,50,24,26,10,15,4,21,14,11,0,3,0,0,0,0,0,0,0,0,0,0,0,0,1.0,1.0,1.0,0.0,0.0,0.0,4,0,0
928,49,23,26,10,14,4,21,14,11,0,3,0,0,0,0,0,0,0,0,0,1,0,1,0.96,1.0,1.0,0.0,0.0,0.0,4,0,1
929,48,23,25,10,13,4,21,14,11,0,3,0,0,0,0,0,0,0,0,0,1,0,1,0.9583333333333334,1.0,1.0,0.0,0.0,0.0,4,0,1
930,48,23,25,10,13,4,21,14,11,0,3,0,0,0,0,0,0,0,0,0,0,0,0,1.0,1.0,1.0,0.0,0.0,0.0,4,0,0
931,48,23,25,10,13,4,21,14,11,0,3,0,0,0,0,0,0,0,0,0,0,0,0,1.0,1.0,1.0,0.0,0.0,0.0,4,0,0
932,48,23,25,10,13,4,21,14,11,0,3,0,0,0,0,0,0,0,0,0,0,0,0,1.0,1.0,1.0,0.0,0.0,0.0,4,0,0
933,48,23,25,10,13,4,21,14,11,0,3,0,0,0,0,0,0,0,0,0,0,0,0,1.0,1.0,1.0,0.0,0.0,0.0,4,0,0
934,48,23,25,10,13,4,21,14,11,0,3,0,0,0,0,0,0,0,0,0,0,0,0,1.0,1.0,1.0,0.0,0.0,0.0,4,0,0
935,48,23,25,10,13,4,21,14,11,0,3,0,0,0,0,0,0,0,0,0,0,0,0,1.0,1.0,1.0,0.0,0.0,0.0,4,0,0
936,57,28,29,20,13,4,20,13,8,0,5,0,0,0,0,0,0,0,0,3,0,0,0,1.0,1.0,0.9285714285714286,0.20833333333333334,0.20833333333333334,0.0,4,10,1
937,61,29,32,24,13,4,20,13,7,0,6,0,0,0,0,0,0,0,0,1,0,0,0,1.0,1.0,1.0,0.07017543859649122,0.07017543859649122,0.0,4,4,0
938,58,28,30,22,12,4,20,13,7,0,6,0,0,0,0,0,0,0,0,0,3,0,3,0.9189189189189189,1.0,1.0,0.0,0.0,0.0,4,0,3
939,62,31,31,26,12,3,21,14,6,0,7,0,0,0,0,0,0,0,0,1,0,0,0,1.0,1.0,1.0,0.06896551724137931,0.06896551724137931,0.0,4,4,0
940,60,29,31,26,11,3,20,14,5,0,8,0,0,0,0,0,0,0,0,1,4,0,4,0.8947368421052632,0.8571428571428572,1.0,0.04838709677419355,0.04838709677419355,0.0,4,3,5
941,59,29,30,25,11,3,20,14,5,0,8,0,0,0,0,0,0,0,0,0,1,0,1,0.972972972972973,1.0,1.0,0.0,0.0,0.0,4,0,1
942,58,28,30,24,11,3,20,14,5,0,8,0,0,0,0,0,1,0,0,0,1,0,1,0.9722222222222222,1.0,1.0,0.0,0.0,0.0,4,0,1
943,56,28,28,22,11,3,20,14,6,0,8,0,0,0,0,0,8,1,0,0,2,0,2,0.9428571428571428,1.0,1.0,0.0,0.0,0.125,4,0,2
944,56,28,28,22,11,2,21,15,7,0,8,0,0,0,0,0,7,1,0,0,0,0,0,1.0,1.0,1.0,0.0,0.0,0.14285714285714285,4,0,0
945,60,30,30,26,11,2,21,15,6,0,9,0,0,0,0,0,0,0,0,1,0,0,0,1.0,1.0,1.0,0.07142857142857142,0.07142857142857142,0.0,4,4,0
946,60,30,30,25,12,2,21,15,6,0,9,0,0,0,0,0,0,0,0,0,0,0,0,1.0,1.0,1.0,0.0,0.0,0.0,4,0,0
947,59,30,29,24,12,2,21,15,6,0,9,0,0,0,0,0,0,0,0,0,1,0,1,0.972972972972973,1.0,1.0,0.0,0.0,0.0,4,0,1
948,58,29,29,23,12,2,21,15,6,0,8,0,0,0,0,0,0,0,0,0,1,0,1,0.9722222222222222,1.0,1.0,0.0,0.0,0.0,4,0,1
949,61,31,30,21,17,2,21,15,5,0,9,0,0,0,0,0,7,0,0,1,1,0,1,0.9714285714285714,1.0,1.0,0.06896551724137931,0.06896551724137931,0.0,4,4,1
950,60,30,30,20,17,2,21,15,6,0,9,0,0,0,0,0,6,1,0,0,1,0,1,0.9736842105263158,1.0,1.0,0.0,0.0,0.16666666666666666,4,0,1
951,59,30,29,19,17,2,21,15,6,0,8,0,0,0,0,0,0,0,0,0,1,0,1,0.972972972972973,1.0,1.0,0.0,0.0,0.0,4,0,1
952,59,30,29,19,17,2,21,15,7,0,8,0,0,0,0,0,7,1,0,0,0,0,0,1.0,1.0,1.0,0.0,0.0,0.14285714285714285,4,0,0
953,59,30,29,19,17,2,21,15,7,0,8,0,0,0,0,0,0,0,0,0,0,0,0,1.0,1.0,1.0,0.0,0.0,0.0,4,0,0
954,59,30,29,19,17,2,21,15,7,0,8,0,0,0,0,0,0,0,0,0,0,0,0,1.0,1.0,1.0,0.0,0.0,0.0,4,0,0
955,57,29,28,19,15,2,21,15,7,0,8,0,0,0,0,0,0,0,0,0,2,0,2,0.9444444444444444,1.0,1.0,0.0,0.0,0.0,4,0,2
956,53,26,27,16,14,2,21,15,7,0,8,0,0,0,0,0,0,0,0,0,4,0,4,0.8823529411764706,1.0,1.0,0.0,0.0,0.0,4,0,4
957,53,26,27,16,14,2,21,15,7,0,8,0,0,0,0,0,0,0,0,0,0,0,0,1.0,1.0,1.0,0.0,0.0,0.0,4,0,0
958,53,26,27,16,14,2,21,15,7,0,8,0,0,0,0,0,0,0,0,0,0,0,0,1.0,1.0,1.0,0.0,0.0,0.0,4,0,0
959,52,25,27,16,13,2,21,15,7,0,8,0,0,0,0,0,0,0,0,0,1,0,1,0.9666666666666667,1.0,1.0,0.0,0.0,0.0,4,0,1
960,52,25,27,16,13,2,21,15,7,0,8,0,0,0,0,0,0,0,0,0,0,0,0,1.0,1.0,1.0,0.0,0.0,0.0,4,0,0
961,52,25,27,16,13,2,21,15,7,0,8,0,0,0,0,0,0,0,0,0,0,0,0,1.0,1.0,1.0,0.0,0.0,0.0,4,0,0
962,52,25,27,16,13,2,21,15,7,0,8,0,0,0,0,0,0,0,0,0,0,0,0,1.0,1.0,1.0,0.0,0.0,0.0,4,0,0
963,50,24,26,16,12,2,20,14,6,0,8,0,0,0,0,0,0,0,0,0,1,0,1,0.9655172413793104,1.0,0.9333333333333333,0.0,0.0,0.0,4,0,2
964,54,26,28,20,12,2,20,14,5,0,9,0,0,0,0,0,0,0,0,1,0,0,0,1.0,1.0,1.0,0.08,0.08,0.0,4,4,0
965,53,25,28,19,12,2,20,14,5,0,9,0,0,0,0,0,0,0,0,0,1,0,1,0.96875,1.0,1.0,0.0,0.0,0.0,4,0,1
966,53,25,28,19,12,2,20,14,5,0,9,0,0,0,0,0,0,0,0,0,0,0,0,1.0,1.0,1.0,0.0,0.0,0.0,4,0,0
967,53,25,28,19,12,1,21,15,5,0,9,0,0,0,0,0,0,0,0,0,0,0,0,1.0,1.0,1.0,0.0,0.0,0.0,4,0,0
968,52,25,27,19,11,1,21,15,6,0,9,0,0,0,0,0,8,1,0,0,1,0,1,0.967741935483871,1.0,1.0,0.0,0.0,0.125,4,0,1
969,52,25,27,19,11,1,21,15,6,0,9,0,0,0,0,0,0,0,0,0,0,0,0,1.0,1.0,1.0,0.0,0.0,0.0,4,0,0
970,52,25,27,19,11,1,21,15,6,0,9,0,0,0,0,0,0,0,0,0,0,0,0,1.0,1.0,1.0,0.0,0.0,0.0,4,0,0
971,51,24,27,19,10,1,21,15,6,0,9,0,0,0,0,0,0,0,0,0,1,0,1,0.9666666666666667,1.0,1.0,0.0,0.0,0.0,4,0,1
972,51,24,27,19,10,1,21,15,6,0,9,0,0,0,0,0,0,0,0,0,0,0,0,1.0,1.0,1.0,0.0,0.0,0.0,4,0,0
973,51,24,27,19,10,1,21,15,6,0,9,0,0,0,0,0,0,0,0,0,0,0,0,1.0,1.0,1.0,0.0,0.0,0.0,4,0,0
974,51,24,27,19,10,1,21,15,6,0,9,0,0,0,0,0,0,0,0,0,0,0,0,1.0,1.0,1.0,0.0,0.0,0.0,4,0,0
975,51,24,27,19,10,1,21,15,6,0,9,0,0,0,0,0,0,0,0,0,0,0,0,1.0,1.0,1.0,0.0,0.0,0.0,4,0,0
976,51,24,27,19,10,1,21,15,6,0,9,0,0,0,0,0,0,0,0,0,0,0,0,1.0,1.0,1.0,0.0,0.0,0.0,4,0,0
977,50,23,27,18,10,1,21,15,6,0,9,0,0,0,0,0,0,0,0,0,1,0,1,0.9655172413793104,1.0,1.0,0.0,0.0,0.0,4,0,1
978,50,23,27,18,10,1,21,15,6,0,9,0,0,0,0,0,0,0,0,0,0,0,0,1.0,1.0,1.0,0.0,0.0,0.0,4,0,0
979,49,22,27,12,15,1,21,15,6,0,9,0,0,0,0,0,0,0,0,0,1,0,1,0.9642857142857143,1.0,1.0,0.0,0.0,0.0,4,0,1
980,49,22,27,11,16,1,21,15,6,0,9,0,0,0,0,0,0,0,0,0,0,0,0,1.0,1.0,1.0,0.0,0.0,0.0,4,0,0
981,48,22,26,11,15,1,21,15,6,0,6,0,0,0,0,0,0,0,0,0,1,0,1,0.962962962962963,1.0,1.0,0.0,0.0,0.0,4,0,1
982,48,22,26,11,15,1,21,15,9,0,5,0,0,0,0,0,11,3,0,0,0,0,0,1.0,1.0,1.0,0.0,0.0,0.2727272727272727,4,0,0
983,48,22,26,9,17,1,21,15,9,1,5,0,0,0,0,0,3,0,1,0,0,0,0,1.0,1.0,1.0,0.0,0.0,0.0,4,0,0
984,52,23,29,13,17,1,21,15,8,1,5,0,0,0,0,0,0,0,0,1,0,0,0,1.0,1.0,1.0,0.08333333333333333,0.08333333333333333,0.0,4,4,0
985,52,23,29,13,17,1,21,15,8,1,4,0,0,0,0,0,1,0,0,0,0,0,0,1.0,1.0,1.0,0.0,0.0,0.0,4,0,0
986,51,22,29,13,16,1,21,15,9,1,4,0,0,0,0,0,9,1,0,0,1,0,1,0.9666666666666667,1.0,1.0,0.0,0.0,0.1111111111111111,4,0,1
987,51,22,29,13,16,1,21,15,9,2,4,0,0,0,0,0,3,0,1,0,0,0,0,1.0,1.0,1.0,0.0,0.0,0.0,4,0,0
988,50,21,29,9,19,1,21,15,9,2,4,0,0,0,0,0,0,0,0,0,1,0,1,0.9655172413793104,1.0,1.0,0.0,0.0,0.0,4,0,1
989,49,20,29,9,18,1,21,15,9,2,4,0,0,0,0,0,0,0,0,0,1,0,1,0.9642857142857143,1.0,1.0,0.0,0.0,0.0,4,0,1
990,49,20,29,9,18,1,21,15,9,2,3,0,0,0,0,0,0,0,0,0,0,0,0,1.0,1.0,1.0,0.0,0.0,0.0,4,0,0
991,48,19,29,9,17,1,21,15,10,2,3,0,0,0,0,0,8,1,0,0,1,0,1,0.962962962962963,1.0,1.0,0.0,0.0,0.125,4,0,1
992,48,19,29,6,20,1,21,15,10,2,3,0,0,0,0,0,0,0,0,0,0,0,0,1.0,1.0,1.0,0.0,0.0,0.0,4,0,0
993,48,19,29,6,20,1,21,15,10,2,3,0,0,0,0,0,0,0,0,0,0,0,0,1.0,1.0,1.0,0.0,0.0,0.0,4,0,0
994,48,19,29,6,20,1,21,15,10,2,2,0,0,0,0,0,0,0,0,0,0,0,0,1.0,1.0,1.0,0.0,0.0,0.0,4,0,0
995,48,19,29,6,20,1,21,15,11,2,2,0,0,0,0,0,8,1,0,0,0,0,0,1.0,1.0,1.0,0.0,0.0,0.125,4,0,0
996,48,19,29,6,20,1,21,15,11,2,2,0,0,0,0,0,0,0,0,0,0,0,0,1.0,1.0,1.0,0.0,0.0,0.0,4,0,0
997,48,19,29,6,20,1,21,15,11,2,2,0,0,0,0,0,0,0,0,0,0,0,0,1.0,1.0,1.0,0.0,0.0,0.0,4,0,0
998,48,19,29,6,20,1,21,15,11,2,2,0,0,0,0,0,0,0,0,0,0,0,0,1.0,1.0,1.0,0.0,0.0,0.0,4,0,0
999,47,19,28,6,19,1,21,15,11,2,2,0,0,0,0,0,0,0,0,0,1,0,1,0.9615384615384616,1.0,1.0,0.0,0.0,0.0,4,0,1
1000,46,19,27,6,19,1,20,14,10,2,2,0,0,0,0,0,0,0,0,0,0,0,0,1.0,1.0,0.9333333333333333,0.0,0.0,0.0,4,0,1
1001,46,19,27,6,19,1,20,14,10,2,2,0,0,0,0,0,0,0,0,0,0,0,0,1.0,1.0,1.0,0.0,0.0,0.0,4,0,0
1002,45,18,27,6,18,1,20,14,10,2,2,0,0,0,0,0,0,0,0,0,1,0,1,0.96,1.0,1.0,0.0,0.0,0.0,4,0,1
1003,45,18,27,6,18,1,20,14,10,2,2,0,0,0,0,0,0,0,0,0,0,0,0,1.0,1.0,1.0,0.0,0.0,0.0,4,0,0
1004,45,18,27,6,18,1,20,14,10,2,2,0,0,0,0,0,0,0,0,0,0,0,0,1.0,1.0,1.0,0.0,0.0,0.0,4,0,0
1005,45,18,27,6,18,0,21,14,10,2,2,0,0,0,0,0,0,0,0,0,0,1,0,1.0,1.0,1.0,0.0,0.0,0.0,4,0,0
1006,45,18,27,6,18,0,21,14,10,2,2,0,0,0,0,0,0,0,0,0,0,0,0,1.0,1.0,1.0,0.0,0.0,0.0,4,0,0
1007,45,18,27,3,21,0,21,14,10,2,2,0,0,0,0,0,0,0,0,0,0,0,0,1.0,1.0,1.0,0.0,0.0,0.0,4,0,0
1008,48,19,29,6,21,0,21,14,9,2,3,0,0,0,0,0,0,0,0,1,0,1,0,1.0,1.0,1.0,0.06666666666666667,0.06666666666666667,0.0,4,3,0
1009,52,22,30,10,20,1,21,14,8,2,3,0,0,0,0,0,0,0,0,1,0,0,0,1.0,1.0,1.0,0.08333333333333333,0.08333333333333333,0.0,4,4,0
1010,51,21,30,10,19,1,21,14,9,2,3,0,0,0,0,0,8,1,0,0,1,0,1,0.9666666666666667,1.0,1.0,0.0,0.0,0.125,4,0,1
1011,50,20,30,9,19,1,21,14,9,2,3,0,0,0,0,0,0,0,0,0,1,0,1,0.9655172413793104,1.0,1.0,0.0,0.0,0.0,4,0,1
1012,50,20,30,9,18,2,21,14,9,2,3,0,0,0,0,0,0,0,0,0,0,0,0,1.0,1.0,1.0,0.0,0.0,0.0,4,0,0
1013,50,20,30,9,18,2,21,14,9,2,3,0,0,0,0,0,0,0,0,0,0,0,0,1.0,1.0,1.0,0.0,0.0,0.0,4,0,0
1014,50,20,30,9,18,2,21,14,9,2,3,0,0,0,0,0,0,0,0,0,0,0,0,1.0,1.0,1.0,0.0,0.0,0.0,4,0,0
1015,54,21,33,13,18,2,21,14,8,2,4,0,0,0,0,0,0,0,0,1,0,0,0,1.0,1.0,1.0,0.08,0.08,0.0,4,4,0
1016,54,21,33,13,18,2,21,14,8,2,4,0,0,0,0,0,0,0,0,0,0,0,0,1.0,1.0,1.0,0.0,0.0,0.0,4,0,0
1017,57,23,34,16,18,2,21,14,7,2,5,0,0,0,0,0,0,0,0,1,0,0,0,1.0,1.0,1.0,0.05555555555555555,0.05555555555555555,0.0,4,3,0
1018,56,22,34,16,18,2,20,14,7,2,5,0,0,0,0,0,0,0,0,0,0,0,0,1.0,0.8571428571428572,1.0,0.0,0.0,0.0,4,0,1
1019,53,20,33,15,16,2,20,14,7,2,5,0,0,0,0,0,0,0,0,0,3,0,3,0.9117647058823529,1.0,1.0,0.0,0.0,0.0,4,0,3
1020,53,20,33,15,16,2,20,14,7,2,5,0,0,0,0,0,0,0,0,0,0,0,0,1.0,1.0,1.0,0.0,0.0,0.0,4,0,0
1021,53,20,33,15,16,2,20,14,7,2,5,0,0,0,0,0,0,0,0,0,0,0,0,1.0,1.0,1.0,0.0,0.0,0.0,4,0,0
1022,52,19,33,14,16,2,20,14,7,2,5,0,0,0,0,0,0,0,0,0,1,0,1,0.967741935483871,1.0,1.0,0.0,0.0,0.0,4,0,1
1023,52,19,33,14,16,2,20,14,7,2,5,0,0,0,0,0,0,0,0,0,0,0,0,1.0,1.0,1.0,0.0,0.0,0.0,4,0,0
1024,52,19,33,14,16,2,20,14,7,2,5,0,0,0,0,0,0,0,0,0,0,0,0,1.0,1.0,1.0,0.0,0.0,0.0,4,0,0
1025,51,19,32,13,16,2,20,14,7,2,5,0,0,0,0,0,0,0,0,0,1,0,1,0.9666666666666667,1.0,1.0,0.0,0.0,0.0,4,0,1
1026,51,19,32,13,16,2,20,14,7,2,5,0,0,0,0,0,0,0,0,0,0,0,0,1.0,1.0,1.0,0.0,0.0,0.0,4,0,0
1027,51,19,32,10,19,2,20,14,7,2,5,0,0,0,0,0,0,0,0,0,0,0,0,1.0,1.0,1.0,0.0,0.0,0.0,4,0,0
1028,51,19,32,10,19,2,20,14,7,1,5,0,0,0,0,0,0,0,0,0,0,0,0,1.0,1.0,1.0,0.0,0.0,0.0,4,0,0
1029,51,19,32,10,19,2,20,14,7,1,4,0,0,0,0,0,4,0,0,0,0,0,0,1.0,1.0,1.0,0.0,0.0,0.0,4,0,0
1030,50,18,32,10,18,2,20,14,9,1,4,0,0,0,0,0,14,2,0,0,1,0,1,0.9655172413793104,1.0,1.0,0.0,0.0,0.14285714285714285,4,0,1
1031,50,18,32,10,18,2,20,14,9,1,4,0,0,0,0,0,14,2,0,0,0,0,0,1.0,1.0,1.0,0.0,0.0,0.14285714285714285,4,0,0
1032,50,18,32,10,18,2,20,14,9,0,4,0,0,0,0,0,14,2,0,0,0,0,0,1.0,1.0,1.0,0.0,0.0,0.14285714285714285,4,0,0
1033,54,21,33,14,18,2,20,14,8,0,5,0,0,0,0,0,14,2,0,1,0,0,0,1.0,1.0,1.0,0.08,0.08,0.14285714285714285,4,4,0
1034,54,21,33,14,18,2,20,14,8,0,5,0,0,0,0,0,14,2,0,0,0,0,0,1.0,1.0,1.0,0.0,0.0,0.14285714285714285,4,0,0
1035,54,21,33,14,18,2,20,14,8,0,5,0,0,0,0,0,14,2,0,0,0,0,0,1.0,1.0,1.0,0.0,0.0,0.14285714285714285,4,0,0
1036,54,21,33,14,18,2,20,14,8,0,5,0,0,0,0,0,14,2,0,0,0,0,0,1.0,1.0,1.0,0.0,0.0,0.14285714285714285,4,0,0
1037,52,21,31,14,16,2,20,14,8,0,5,0,0,0,0,0,14,2,0,0,2,0,2,0.9375,1.0,1.0,0.0,0.0,0.14285714285714285,4,0,2
1038,52,21,31,14,16,2,20,14,8,0,5,0,0,0,0,0,14,2,0,0,0,0,0,1.0,1.0,1.0,0.0,0.0,0.14285714285714285,4,0,0
1039,52,21,31,14,16,2,20,14,8,0,5,0,0,0,0,0,14,2,0,0,0,0,0,1.0,1.0,1.0,0.0,0.0,0.14285714285714285,4,0,0
1040,51,21,30,13,16,2,20,14,8,0,5,0,0,0,0,0,14,2,0,0,1,0,1,0.9666666666666667,1.0,1.0,0.0,0.0,0.14285714285714285,4,0,1
1041,51,21,30,13,16,1,21,15,8,0,5,0,0,0,0,0,14,2,0,0,0,0,0,1.0,1.0,1.0,0.0,0.0,0.14285714285714285,4,0,0
1042,50,20,30,13,15,1,21,15,8,0,5,0,0,0,0,0,14,2,0,0,1,0,1,0.9655172413793104,1.0,1.0,0.0,0.0,0.14285714285714285,4,0,1
1043,49,20,29,12,15,1,21,15,8,0,5,0,0,0,0,0,14,2,0,0,1,0,1,0.9642857142857143,1.0,1.0,0.0,0.0,0.14285714285714285,4,0,1
1044,49,20,29,12,15,1,21,15,8,0,5,0,0,0,0,0,14,2,0,0,0,0,0,1.0,1.0,1.0,0.0,0.0,0.14285714285714285,4,0,0
1045,49,20,29,12,15,1,21,15,8,0,5,0,0,0,0,0,14,2,0,0,0,0,0,1.0,1.0,1.0,0.0,0.0,0.14285714285714285,4,0,0
1046,49,20,29,12,15,1,21,15,8,0,5,0,0,0,0,0,14,2,0,0,0,1,0,1.0,1.0,1.0,0.0,0.0,0.14285714285714285,4,0,0
1047,61,24,37,24,15,1,21,15,5,0,8,0,0,0,0,0,14,2,0,3,0,0,0,1.0,1.0,1.0,0.24489795918367346,0.24489795918367346,0.14285714285714285,4,12,0
1048,61,24,37,24,15,1,21,15,5,0,8,0,0,0,0,0,14,2,0,0,0,0,0,1.0,1.0,1.0,0.0,0.0,0.14285714285714285,4,0,0
1049,61,24,37,24,15,1,21,15,5,0,8,0,0,0,0,0,14,2,0,0,0,0,0,1.0,1.0,1.0,0.0,0.0,0.14285714285714285,4,0,0
1050,60,23,37,23,14,2,21,15,5,0,8,0,0,0,0,0,14,2,0,0,1,0,1,0.9736842105263158,1.0,1.0,0.0,0.0,0.14285714285714285,4,0,1
1051,63,27,36,24,16,2,21,15,4,0,9,0,0,0,0,0,14,2,0,1,1,0,1,0.972972972972973,1.0,1.0,0.06666666666666667,0.06666666666666667,0.14285714285714285,4,4,1
1052,62,27,35,23,16,2,21,15,4,0,9,0,0,0,0,0,14,2,0,0,1,0,1,0.975,1.0,1.0,0.0,0.0,0.14285714285714285,4,0,1
1053,61,26,35,22,16,2,21,15,4,0,8,0,0,0,0,0,14,2,0,0,1,1,1,0.9743589743589743,1.0,1.0,0.0,0.0,0.14285714285714285,4,0,1
1054,60,26,34,22,16,2,20,14,3,0,7,0,0,0,0,0,14,2,0,0,0,0,0,1.0,1.0,0.9333333333333333,0.0,0.0,0.14285714285714285,4,0,1
1055,59,26,33,22,15,2,20,14,3,0,7,0,0,0,0,0,14,2,0,0,1,0,1,0.9736842105263158,1.0,1.0,0.0,0.0,0.14285714285714285,4,0,1
1056,61,25,36,25,14,2,20,14,2,0,8,0,0,0,0,0,14,2,0,1,2,0,2,0.9459459459459459,1.0,1.0,0.06779661016949153,0.06779661016949153,0.14285714285714285,4,4,2
1057,59,24,35,23,13,3,20,14,2,0,8,0,0,0,0,0,14,2,0,0,2,0,2,0.9473684210526316,1.0,1.0,0.0,0.0,0.14285714285714285,4,0,2
1058,59,24,35,20,16,3,20,14,2,0,8,0,0,0,0,0,14,2,0,0,0,0,0,1.0,1.0,1.0,0.0,0.0,0.14285714285714285,4,0,0
1059,58,23,35,19,16,3,20,14,2,0,8,0,0,0,0,0,14,2,0,0,1,0,1,0.9722222222222222,1.0,1.0,0.0,0.0,0.14285714285714285,4,0,1
1060,56,22,34,15,18,3,20,14,2,0,7,0,0,0,0,0,14,2,0,0,2,0,2,0.9428571428571428,1.0,1.0,0.0,0.0,0.14285714285714285,4,0,2
1061,54,21,33,14,17,3,20,14,2,0,7,0,0,0,0,0,14,2,0,0,2,0,2,0.9393939393939394,1.0,1.0,0.0,0.0,0.14285714285714285,4,0,2
1062,54,21,33,14,17,3,20,14,2,0,6,0,0,0,0,0,14,2,0,0,0,0,0,1.0,1.0,1.0,0.0,0.0,0.14285714285714285,4,0,0
1063,53,21,32,14,16,3,20,14,2,0,6,0,0,0,0,0,14,2,0,0,1,0,1,0.967741935483871,1.0,1.0,0.0,0.0,0.14285714285714285,4,0,1
1064,53,21,32,14,16,3,20,14,2,0,6,0,0,0,0,0,14,2,0,0,0,0,0,1.0,1.0,1.0,0.0,0.0,0.14285714285714285,4,0,0
1065,53,21,32,14,16,3,20,14,2,0,6,0,0,0,0,0,14,2,0,0,0,0,0,1.0,1.0,1.0,0.0,0.0,0.14285714285714285,4,0,0
1066,52,21,31,13,16,3,20,14,2,0,6,0,0,0,0,0,14,2,0,0,1,0,1,0.9666666666666667,1.0,1.0,0.0,0.0,0.14285714285714285,4,0,1
1067,52,21,31,13,16,3,20,14,2,0,6,0,0,0,0,0,14,2,0,0,0,0,0,1.0,1.0,1.0,0.0,0.0,0.14285714285714285,4,0,0
1068,52,21,31,13,16,3,20,14,2,0,6,0,0,0,0,0,14,2,0,0,0,0,0,1.0,1.0,1.0,0.0,0.0,0.14285714285714285,4,0,0
1069,52,21,31,13,16,3,20,14,2,0,6,0,0,0,0,0,14,2,0,0,0,0,0,1.0,1.0,1.0,0.0,0.0,0.14285714285714285,4,0,0
1070,52,21,31,13,16,3,20,14,2,0,6,0,0,0,0,0,14,2,0,0,0,0,0,1.0,1.0,1.0,0.0,0.0,0.14285714285714285,4,0,0
1071,51,20,31,12,16,3,20,14,2,0,6,0,0,0,0,0,14,2,0,0,1,0,1,0.9655172413793104,1.0,1.0,0.0,0.0,0.14285714285714285,4,0,1
1072,51,20,31,12,16,3,20,14,2,0,6,0,0,0,0,0,14,2,0,0,0,0,0,1.0,1.0,1.0,0.0,0.0,0.14285714285714285,4,0,0
1073,51,20,31,12,16,3,20,14,2,0,6,0,0,0,0,0,14,2,0,0,0,0,0,1.0,1.0,1.0,0.0,0.0,0.14285714285714285,4,0,0
1074,51,20,31,12,16,3,20,14,2,0,6,0,0,0,0,0,14,2,0,0,0,0,0,1.0,1.0,1.0,0.0,0.0,0.14285714285714285,4,0,0
1075,55,22,33,16,16,3,20,14,1,0,7,0,0,0,0,0,14,2,0,1,0,0,0,1.0,1.0,1.0,0.0784313725490196,0.0784313725490196,0.14285714285714285,4,4,0
1076,55,22,33,15,17,3,20,14,1,0,7,0,0,0,0,0,14,2,0,0,0,0,0,1.0,1.0,1.0,0.0,0.0,0.14285714285714285,4,0,0
1077,54,22,32,14,17,3,20,14,1,0,7,0,0,0,0,0,14,2,0,0,1,0,1,0.96875,1.0,1.0,0.0,0.0,0.14285714285714285,4,0,1
1078,54,22,32,14,17,3,20,14,1,0,6,0,0,0,0,0,14,2,0,0,0,0,0,1.0,1.0,1.0,0.0,0.0,0.14285714285714285,4,0,0
1079,53,22,31,14,16,3,20,14,1,0,6,0,0,0,0,0,14,2,0,0,1,0,1,0.967741935483871,1.0,1.0,0.0,0.0,0.14285714285714285,4,0,1
1080,52,21,31,14,15,3,20,14,1,0,6,0,0,0,0,0,14,2,0,0,1,0,1,0.9666666666666667,1.0,1.0,0.0,0.0,0.14285714285714285,4,0,1
1081,51,21,30,14,14,3,20,14,1,0,6,0,0,0,0,0,14,2,0,0,1,0,1,0.9655172413793104,1.0,1.0,0.0,0.0,0.14285714285714285,4,0,1
1082,51,21,30,14,14,3,20,14,1,0,6,0,0,0,0,0,14,2,0,0,0,0,0,1.0,1.0,1.0,0.0,0.0,0.14285714285714285,4,0,0
1083,51,21,30,14,14,3,20,14,1,0,6,0,0,0,0,0,14,2,0,0,0,0,0,1.0,1.0,1.0,0.0,0.0,0.14285714285714285,4,0,0
1084,51,21,30,14,14,3,20,14,1,0,6,0,0,0,0,0,14,2,0,0,0,0,0,1.0,1.0,1.0,0.0,0.0,0.14285714285714285,4,0,0
1085,50,21,29,13,14,3,20,14,1,0,6,0,0,0,0,0,14,2,0,0,1,0,1,0.9642857142857143,1.0,1.0,0.0,0.0,0.14285714285714285,4,0,1
1086,50,21,29,13,14,3,20,14,1,0,6,0,0,0,0,0,14,2,0,0,0,0,0,1.0,1.0,1.0,0.0,0.0,0.14285714285714285,4,0,0
1087,50,21,29,13,14,3,20,14,1,0,6,0,0,0,0,0,14,2,0,0,0,0,0,1.0,1.0,1.0,0.0,0.0,0.14285714285714285,4,0,0
1088,49,21,28,13,13,3,20,14,1,0,6,0,0,0,0,0,14,2,0,0,1,0,1,0.962962962962963,1.0,1.0,0.0,0.0,0.14285714285714285,4,0,1
1089,49,21,28,13,13,3,20,14,1,0,6,0,0,0,0,0,14,2,0,0,0,0,0,1.0,1.0,1.0,0.0,0.0,0.14285714285714285,4,0,0
1090,49,21,28,7,19,3,20,14,1,0,6,0,0,0,0,0,14,2,0,0,0,0,0,1.0,1.0,1.0,0.0,0.0,0.14285714285714285,4,0,0
1091,49,21,28,7,19,3,20,14,1,0,6,0,0,0,0,0,14,2,0,0,0,0,0,1.0,1.0,1.0,0.0,0.0,0.14285714285714285,4,0,0
1092,49,21,28,7,19,3,20,14,1,0,3,0,0,0,0,0,14,2,0,0,0,0,0,1.0,1.0,1.0,0.0,0.0,0.14285714285714285,4,0,0
1093,49,21,28,7,19,3,20,14,1,0,3,0,0,0,0,0,14,2,0,0,0,0,0,1.0,1.0,1.0,0.0,0.0,0.14285714285714285,4,0,0
1094,49,21,28,5,21,3,20,14,1,0,3,0,0,0,0,0,14,2,0,0,0,0,0,1.0,1.0,1.0,0.0,0.0,0.14285714285714285,4,0,0
1095,52,23,29,8,21,3,20,14,0,0,4,0,0,0,0,0,14,2,0,1,0,0,0,1.0,1.0,1.0,0.061224489795918366,0.061224489795918366,0.14285714285714285,4,3,0
1096,52,23,29,8,21,3,20,14,0,0,3,0,0,0,0,0,14,2,0,0,0,0,0,1.0,1.0,1.0,0.0,0.0,0.14285714285714285,4,0,0
1097,51,23,28,8,20,3,20,14,0,0,3,0,0,0,0,0,14,2,0,0,1,0,1,0.9655172413793104,1.0,1.0,0.0,0.0,0.14285714285714285,4,0,1
1098,50,23,27,8,19,3,20,14,0,0,3,0,0,0,0,0,14,2,0,0,1,0,1,0.9642857142857143,1.0,1.0,0.0,0.0,0.14285714285714285,4,0,1
1099,49,23,26,7,19,3,20,14,0,0,3,0,0,0,0,0,14,2,0,0,1,0,1,0.962962962962963,1.0,1.0,0.0,0.0,0.14285714285714285,4,0,1
1100,48,22,26,7,18,3,20,14,0,0,3,0,0,0,0,0,14,2,0,0,1,0,1,0.9615384615384616,1.0,1.0,0.0,0.0,0.14285714285714285,4,0,1
1101,48,22,26,7,18,3,20,14,0,0,2,0,0,0,0,0,14,2,0,0,0,0,0,1.0,1.0,1.0,0.0,0.0,0.14285714285714285,4,0,0
1102,48,22,26,7,18,3,20,14,0,0,2,0,0,0,0,0,14,2,0,0,0,0,0,1.0,1.0,1.0,0.0,0.0,0.14285714285714285,4,0,0
1103,48,22,26,7,18,3,20,14,0,0,2,0,0,0,0,0,14,2,0,0,0,0,0,1.0,1.0,1.0,0.0,0.0,0.14285714285714285,4,0,0
1104,48,22,26,7,18,3,20,14,0,0,2,0,0,0,0,0,14,2,0,0,0,0,0,1.0,1.0,1.0,0.0,0.0,0.14285714285714285,4,0,0
1105,48,22,26,7,18,3,20,14,0,0,2,0,0,0,0,0,14,2,0,0,0,0,0,1.0,1.0,1.0,0.0,0.0,0.14285714285714285,4,0,0
1106,48,22,26,7,18,3,20,14,0,0,2,0,0,0,0,0,14,2,0,0,0,0,0,1.0,1.0,1.0,0.0,0.0,0.14285714285714285,4,0,0
1107,47,22,25,7,17,3,20,14,0,0,2,0,0,0,0,0,14,2,0,0,1,0,1,0.96,1.0,1.0,0.0,0.0,0.14285714285714285,4,0,1
1108,47,22,25,7,17,3,20,14,0,0,2,0,0,0,0,0,14,2,0,0,0,0,0,1.0,1.0,1.0,0.0,0.0,0.14285714285714285,4,0,0
1109,47,22,25,7,17,3,20,14,0,0,2,0,0,0,0,0,14,2,0,0,0,0,0,1.0,1.0,1.0,0.0,0.0,0.14285714285714285,4,0,0
1110,47,22,25,7,17,3,20,14,0,0,2,0,0,0,0,0,14,2,0,0,0,0,0,1.0,1.0,1.0,0.0,0.0,0.14285714285714285,4,0,0
1111,47,22,25,7,17,3,20,14,0,0,2,0,0,0,0,0,14,2,0,0,0,0,0,1.0,1.0,1.0,0.0,0.0,0.14285714285714285,4,0,0
1112,47,22,25,7,17,3,20,14,0,0,2,0,0,0,0,0,14,2,0,0,0,0,0,1.0,1.0,1.0,0.0,0.0,0.14285714285714285,4,0,0
1113,47,22,25,7,17,3,20,14,0,0,2,0,0,0,0,0,14,2,0,0,0,0,0,1.0,1.0,1.0,0.0,0.0,0.14285714285714285,4,0,0
1114,47,22,25,7,17,3,20,14,0,0,2,0,0,0,0,0,14,2,0,0,0,0,0,1.0,1.0,1.0,0.0,0.0,0.14285714285714285,4,0,0
1115,47,22,25,7,17,3,20,14,0,0,2,0,0,0,0,0,14,2,0,0,0,0,0,1.0,1.0,1.0,0.0,0.0,0.14285714285714285,4,0,0
1116,47,22,25,7,17,3,20,14,0,0,2,0,0,0,0,0,14,2,0,0,0,0,0,1.0,1.0,1.0,0.0,0.0,0.14285714285714285,4,0,0
1117,47,22,25,7,17,3,20,14,0,0,2,0,0,0,0,0,14,2,0,0,0,1,0,1.0,1.0,1.0,0.0,0.0,0.14285714285714285,4,0,0
1118,47,22,25,3,21,3,20,14,0,0,2,0,0,0,0,0,14,2,0,0,0,0,0,1.0,1.0,1.0,0.0,0.0,0.14285714285714285,4,0,0
1119,47,22,25,3,21,3,20,14,0,0,2,0,0,0,0,0,14,2,0,0,0,0,0,1.0,1.0,1.0,0.0,0.0,0.14285714285714285,4,0,0
1120,47,22,25,3,21,3,20,14,0,0,1,0,0,0,0,0,14,2,0,0,0,0,0,1.0,1.0,1.0,0.0,0.0,0.14285714285714285,4,0,0
1121,47,22,25,3,20,4,20,14,0,0,1,0,0,0,0,0,14,2,0,0,0,0,0,1.0,1.0,1.0,0.0,0.0,0.14285714285714285,4,0,0
1122,47,22,25,3,20,4,20,14,0,0,1,0,0,0,0,0,14,2,0,0,0,0,0,1.0,1.0,1.0,0.0,0.0,0.14285714285714285,4,0,0
1123,47,22,25,3,20,4,20,14,0,0,1,0,0,0,0,0,14,2,0,0,0,0,0,1.0,1.0,1.0,0.0,0.0,0.14285714285714285,4,0,0
1124,47,22,25,3,20,4,20,14,0,0,1,0,0,0,0,0,14,2,0,0,0,0,0,1.0,1.0,1.0,0.0,0.0,0.14285714285714285,4,0,0
1125,47,22,25,3,20,4,20,14,2,1,1,0,0,0,0,0,11,2,1,0,0,2,0,1.0,1.0,1.0,0.0,0.0,0.18181818181818182,4,0,0
1126,46,22,24,3,19,4,20,14,6,1,1,0,0,0,0,0,15,4,0,0,1,0,1,0.9565217391304348,1.0,1.0,0.0,0.0,0.26666666666666666,4,0,1
1127,46,22,24,3,19,4,20,14,6,4,1,0,0,0,0,0,7,0,3,0,0,0,0,1.0,1.0,1.0,0.0,0.0,0.0,4,0,0
1128,46,22,24,3,19,4,20,14,8,4,1,0,0,0,0,0,3,2,0,0,0,0,0,1.0,1.0,1.0,0.0,0.0,0.6666666666666666,4,0,0
1129,46,22,24,3,17,6,20,14,8,4,1,0,0,0,0,0,1,0,0,0,0,1,0,1.0,1.0,1.0,0.0,0.0,0.0,4,0,0
1130,46,22,24,3,17,6,20,14,8,4,1,0,0,0,0,0,0,0,0,0,0,0,0,1.0,1.0,1.0,0.0,0.0,0.0,4,0,0
1131,46,22,24,3,17,6,20,14,8,4,1,0,0,0,0,0,0,0,0,0,0,0,0,1.0,1.0,1.0,0.0,0.0,0.0,4,0,0
1132,46,22,24,3,17,6,20,14,8,4,1,0,0,0,0,0,0,0,0,0,0,0,0,1.0,1.0,1.0,0.0,0.0,0.0,4,0,0
1133,46,22,24,3,16,7,20,14,8,4,1,0,0,0,0,0,0,0,0,0,0,0,0,1.0,1.0,1.0,0.0,0.0,0.0,4,0,0
1134,46,22,24,3,16,7,20,14,8,4,1,0,0,0,0,0,0,0,0,0,0,0,0,1.0,1.0,1.0,0.0,0.0,0.0,4,0,0
1135,46,22,24,3,16,7,20,14,8,4,1,0,0,0,0,0,0,0,0,0,0,0,0,1.0,1.0,1.0,0.0,0.0,0.0,4,0,0
1136,46,22,24,3,16,7,20,14,8,4,1,0,0,0,0,0,0,0,0,0,0,0,0,1.0,1.0,1.0,0.0,0.0,0.0,4,0,0
1137,46,22,24,3,16,7,20,14,8,4,1,0,0,0,0,0,0,0,0,0,0,0,0,1.0,1.0,1.0,0.0,0.0,0.0,4,0,0
1138,46,22,24,0,19,7,20,14,9,4,1,0,0,0,0,0,6,1,0,0,0,0,0,1.0,1.0,1.0,0.0,0.0,0.16666666666666666,4,0,0
1139,45,21,24,0,18,7,20,14,9,4,1,0,0,0,0,0,0,0,0,0,1,0,1,0.9473684210526316,1.0,1.0,0.0,0.0,0.0,4,0,1
1140,44,21,23,0,18,7,19,13,8,4,0,0,0,0,0,0,0,0,0,0,0,0,0,1.0,1.0,0.9285714285714286,0.0,0.0,0.0,4,0,1
1141,42,20,22,0,17,7,18,12,9,3,0,0,0,0,0,0,6,1,0,0,1,0,1,0.9444444444444444,1.0,0.9230769230769231,0.0,0.0,0.16666666666666666,4,0,2
1142,42,20,22,0,17,7,18,12,9,3,0,0,0,0,0,0,0,0,0,0,0,0,0,1.0,1.0,1.0,0.0,0.0,0.0,4,0,0
1143,42,20,22,0,17,7,18,12,9,3,0,0,0,0,0,0,0,0,0,0,0,0,0,1.0,1.0,1.0,0.0,0.0,0.0,4,0,0
1144,42,20,22,0,17,7,18,12,9,3,0,0,0,0,0,0,0,0,0,0,0,1,0,1.0,1.0,1.0,0.0,0.0,0.0,4,0,0
1145,42,20,22,0,17,7,18,12,9,3,0,0,0,0,0,0,0,0,0,0,0,0,0,1.0,1.0,1.0,0.0,0.0,0.0,4,0,0
1146,42,20,22,0,17,7,18,12,9,3,0,0,0,0,0,0,0,0,0,0,0,0,0,1.0,1.0,1.0,0.0,0.0,0.0,4,0,0
1147,42,20,22,0,17,7,18,12,9,3,0,0,0,0,0,0,0,0,0,0,0,0,0,1.0,1.0,1.0,0.0,0.0,0.0,4,0,0
1148,42,20,22,0,16,8,18,12,9,3,0,0,0,0,0,0,0,0,0,0,0,0,0,1.0,1.0,1.0,0.0,0.0,0.0,4,0,0
1149,42,20,22,0,16,8,18,12,9,3,0,0,0,0,0,0,0,0,0,0,0,0,0,1.0,1.0,1.0,0.0,0.0,0.0,4,0,0
1150,42,20,22,0,16,8,18,12,9,3,0,0,0,0,0,0,0,0,0,0,0,0,0,1.0,1.0,1.0,0.0,0.0,0.0,4,0,0
1151,41,19,22,0,15,8,18,12,9,3,0,0,0,0,0,0,0,0,0,0,1,0,1,0.9375,1.0,1.0,0.0,0.0,0.0,4,0,1
1152,41,19,22,0,15,8,18,12,9,3,0,0,0,0,0,0,0,0,0,0,0,0,0,1.0,1.0,1.0,0.0,0.0,0.0,4,0,0
1153,41,19,22,0,15,8,18,12,9,3,0,0,0,0,0,0,0,0,0,0,0,0,0,1.0,1.0,1.0,0.0,0.0,0.0,4,0,0
1154,41,19,22,0,15,8,18,12,9,3,0,0,0,0,0,0,0,0,0,0,0,0,0,1.0,1.0,1.0,0.0,0.0,0.0,4,0,0
1155,41,19,22,0,15,8,18,12,9,3,0,0,0,0,0,0,0,0,0,0,0,0,0,1.0,1.0,1.0,0.0,0.0,0.0,4,0,0
1156,41,19,22,0,15,8,18,12,9,3,0,0,0,0,0,0,0,0,0,0,0,0,0,1.0,1.0,1.0,0.0,0.0,0.0,4,0,0
1157,41,19,22,0,15,8,18,12,9,3,0,0,0,0,0,0,0,0,0,0,0,0,0,1.0,1.0,1.0,0.0,0.0,0.0,4,0,0
1158,41,19,22,0,15,8,18,12,9,3,0,0,0,0,0,0,0,0,0,0,0,0,0,1.0,1.0,1.0,0.0,0.0,0.0,4,0,0
1159,41,19,22,0,15,8,18,12,9,3,0,0,0,0,0,0,0,0,0,0,0,0,0,1.0,1.0,1.0,0.0,0.0,0.0,4,0,0
1160,40,19,21,0,14,8,18,12,9,3,0,0,0,0,0,0,0,0,0,0,1,0,1,0.9333333333333333,1.0,1.0,0.0,0.0,0.0,4,0,1
1161,40,19,21,0,14,8,18,12,9,3,0,0,0,0,0,0,0,0,0,0,0,0,0,1.0,1.0,1.0,0.0,0.0,0.0,4,0,0
1162,40,19,21,0,14,8,18,12,9,3,0,0,0,0,0,0,0,0,0,0,0,0,0,1.0,1.0,1.0,0.0,0.0,0.0,4,0,0
1163,39,18,21,0,14,8,17,12,9,3,0,0,0,0,0,0,0,0,0,0,0,0,0,1.0,0.8333333333333334,1.0,0.0,0.0,0.0,4,0,1
1164,39,18,21,0,14,8,17,12,9,3,0,0,0,0,0,0,0,0,0,0,0,1,0,1.0,1.0,1.0,0.0,0.0,0.0,4,0,0
1165,38,18,20,0,14,8,16,11,8,3,0,0,0,0,0,0,0,0,0,0,0,0,0,1.0,1.0,0.9166666666666666,0.0,0.0,0.0,4,0,1
1166,38,18,20,0,14,8,16,11,8,3,0,0,0,0,0,0,0,0,0,0,0,0,0,1.0,1.0,1.0,0.0,0.0,0.0,4,0,0
1167,38,18,20,0,14,8,16,11,8,3,0,0,0,0,0,0,0,0,0,0,0,0,0,1.0,1.0,1.0,0.0,0.0,0.0,4,0,0
1168,38,18,20,0,13,9,16,11,8,3,0,0,0,0,0,0,0,0,0,0,0,0,0,1.0,1.0,1.0,0.0,0.0,0.0,4,0,0
1169,38,18,20,0,13,9,16,11,8,3,0,0,0,0,0,0,0,0,0,0,0,0,0,1.0,1.0,1.0,0.0,0.0,0.0,4,0,0
1170,38,18,20,0,13,9,16,11,8,2,0,0,0,0,0,0,0,0,0,0,0,0,0,1.0,1.0,1.0,0.0,0.0,0.0,4,0,0
1171,38,18,20,0,13,9,16,11,9,2,0,0,0,0,0,0,5,1,0,0,0,0,0,1.0,1.0,1.0,0.0,0.0,0.2,4,0,0
1172,38,18,20,0,13,9,16,11,9,0,0,0,0,0,0,0,0,0,0,0,0,0,0,1.0,1.0,1.0,0.0,0.0,0.0,4,0,0
1173,37,17,20,0,13,8,16,11,10,0,0,0,0,0,0,0,8,1,0,0,0,0,0,1.0,1.0,1.0,0.0,0.0,0.125,4,0,1
1174,36,17,19,0,13,8,15,10,9,0,0,0,0,0,0,0,1,0,0,0,0,0,0,1.0,1.0,0.9090909090909091,0.0,0.0,0.0,4,0,1
1175,36,17,19,0,13,8,15,10,10,0,0,0,0,0,0,0,2,1,0,0,0,0,0,1.0,1.0,1.0,0.0,0.0,0.5,4,0,0
1176,36,17,19,0,13,8,15,10,10,0,0,0,0,0,0,0,0,0,0,0,0,0,0,1.0,1.0,1.0,0.0,0.0,0.0,4,0,0
1177,36,17,19,0,13,8,15,10,10,0,0,0,0,0,0,0,0,0,0,0,0,0,0,1.0,1.0,1.0,0.0,0.0,0.0,4,0,0
1178,36,17,19,0,13,8,15,10,10,0,0,0,0,0,0,0,0,0,0,0,0,0,0,1.0,1.0,1.0,0.0,0.0,0.0,4,0,0
1179,36,17,19,0,13,8,15,10,10,0,0,0,0,0,0,0,0,0,0,0,0,0,0,1.0,1.0,1.0,0.0,0.0,0.0,4,0,0
1180,36,17,19,0,13,8,15,10,10,0,0,0,0,0,0,0,0,0,0,0,0,0,0,1.0,1.0,1.0,0.0,0.0,0.0,4,0,0
1181,36,17,19,0,13,8,15,10,10,0,0,0,0,0,0,0,0,0,0,0,0,0,0,1.0,1.0,1.0,0.0,0.0,0.0,4,0,0
1182,36,17,19,0,13,8,15,10,10,0,0,0,0,0,0,0,0,0,0,0,0,0,0,1.0,1.0,1.0,0.0,0.0,0.0,4,0,0
1183,36,17,19,0,13,8,15,10,10,0,0,0,0,0,0,0,0,0,0,0,0,0,0,1.0,1.0,1.0,0.0,0.0,0.0,4,0,0
1184,36,17,19,0,13,8,15,10,10,0,0,0,0,0,0,0,0,0,0,0,0,0,0,1.0,1.0,1.0,0.0,0.0,0.0,4,0,0
1185,35,17,18,0,12,8,15,10,10,0,0,0,0,0,0,0,0,0,0,0,1,0,1,0.9230769230769231,1.0,1.0,0.0,0.0,0.0,4,0,1
1186,35,17,18,0,12,8,15,10,10,0,0,0,0,0,0,0,0,0,0,0,0,0,0,1.0,1.0,1.0,0.0,0.0,0.0,4,0,0
1187,35,17,18,0,12,8,15,10,10,0,0,0,0,0,0,0,0,0,0,0,0,0,0,1.0,1.0,1.0,0.0,0.0,0.0,4,0,0
1188,35,17,18,0,12,8,15,10,10,0,0,0,0,0,0,0,0,0,0,0,0,0,0,1.0,1.0,1.0,0.0,0.0,0.0,4,0,0
1189,35,17,18,0,12,8,15,10,10,0,0,0,0,0,0,0,0,0,0,0,0,0,0,1.0,1.0,1.0,0.0,0.0,0.0,4,0,0
1190,39,20,19,4,12,8,15,10,9,0,1,0,0,0,0,0,0,0,0,1,0,0,0,1.0,1.0,1.0,0.11428571428571428,0.11428571428571428,0.0,4,4,0
1191,50,30,20,15,12,8,15,10,6,0,4,0,0,0,0,0,0,0,0,3,0,0,0,1.0,1.0,1.0,0.28205128205128205,0.28205128205128205,0.0,4,11,0
1192,50,30,20,15,12,7,16,10,6,0,4,0,0,0,0,0,0,0,0,0,0,0,0,1.0,1.0,1.0,0.0,0.0,0.0,4,0,0
1193,54,32,22,19,12,7,16,10,5,0,5,0,0,0,0,0,0,0,0,1,0,0,0,1.0,1.0,1.0,0.08,0.08,0.0,4,4,0
1194,53,31,22,18,12,7,16,10,5,0,5,0,0,0,0,0,0,0,0,0,1,0,1,0.967741935483871,1.0,1.0,0.0,0.0,0.0,4,0,1
1195,50,28,22,16,11,7,16,10,5,0,5,0,0,0,0,0,0,0,0,0,3,0,3,0.9,1.0,1.0,0.0,0.0,0.0,4,0,3
1196,49,27,22,16,10,7,16,10,5,0,5,0,0,0,0,0,0,0,0,0,1,0,1,0.962962962962963,1.0,1.0,0.0,0.0,0.0,4,0,1
1197,49,27,22,16,10,7,16,10,5,0,5,0,0,0,0,0,0,0,0,0,0,2,0,1.0,1.0,1.0,0.0,0.0,0.0,4,0,0
1198,49,27,22,16,10,7,16,10,5,0,5,0,0,0,0,0,0,0,0,0,0,0,0,1.0,1.0,1.0,0.0,0.0,0.0,4,0,0
1199,49,27,22,16,10,7,16,10,5,0,5,0,0,0,0,0,0,0,0,0,0,0,0,1.0,1.0,1.0,0.0,0.0,0.0,4,0,0
1200,49,27,22,16,10,7,16,10,5,0,5,0,0,0,0,0,0,0,0,0,0,0,0,1.0,1.0,1.0,0.0,0.0,0.0,4,0,0
1201,49,27,22,16,8,9,16,10,5,0,5,0,0,0,0,0,0,0,0,0,0,0,0,1.0,1.0,1.0,0.0,0.0,0.0,4,0,0
1202,48,26,22,16,8,8,16,10,5,0,5,0,0,0,0,0,0,0,0,0,0,0,0,1.0,1.0,1.0,0.0,0.0,0.0,4,0,1
1203,52,29,23,20,8,8,16,10,4,0,6,0,0,0,0,0,0,0,0,1,0,0,0,1.0,1.0,1.0,0.08333333333333333,0.08333333333333333,0.0,4,4,0
1204,52,29,23,20,8,8,16,10,4,0,6,0,0,0,0,0,0,0,0,0,0,0,0,1.0,1.0,1.0,0.0,0.0,0.0,4,0,0
1205,52,29,23,20,8,8,16,10,4,0,6,0,0,0,0,0,0,0,0,0,0,0,0,1.0,1.0,1.0,0.0,0.0,0.0,4,0,0
1206,56,33,23,24,8,8,16,10,3,0,7,0,0,0,0,0,0,0,0,1,0,0,0,1.0,1.0,1.0,0.07692307692307693,0.07692307692307693,0.0,4,4,0
1207,54,31,23,23,7,8,16,10,3,0,7,0,0,0,0,0,0,0,0,0,2,0,2,0.9375,1.0,1.0,0.0,0.0,0.0,4,0,2
1208,54,31,23,23,7,8,16,10,3,0,7,0,0,0,0,0,0,0,0,0,0,0,0,1.0,1.0,1.0,0.0,0.0,0.0,4,0,0
1209,54,31,23,23,7,8,16,10,3,0,7,0,0,0,0,0,0,0,0,0,0,0,0,1.0,1.0,1.0,0.0,0.0,0.0,4,0,0
1210,54,31,23,23,7,8,16,10,3,0,7,0,0,0,0,0,0,0,0,0,0,0,0,1.0,1.0,1.0,0.0,0.0,0.0,4,0,0
1211,54,31,23,23,7,8,16,10,3,0,7,0,0,0,0,0,0,0,0,0,0,0,0,1.0,1.0,1.0,0.0,0.0,0.0,4,0,0
1212,53,30,23,23,6,8,16,10,3,0,7,0,0,0,0,0,0,0,0,0,1,0,1,0.9666666666666667,1.0,1.0,0.0,0.0,0.0,4,0,1
1213,53,30,23,23,6,8,16,10,3,0,7,0,0,0,0,0,0,0,0,0,0,1,0,1.0,1.0,1.0,0.0,0.0,0.0,4,0,0
1214,51,28,23,22,6,8,15,10,3,0,7,0,0,0,0,0,0,0,0,0,1,0,1,0.9655172413793104,0.8333333333333334,1.0,0.0,0.0,0.0,4,0,2
1215,50,27,23,21,6,8,15,10,3,0,7,0,0,0,0,0,0,0,0,0,1,0,1,0.9642857142857143,1.0,1.0,0.0,0.0,0.0,4,0,1
1216,49,27,22,20,6,8,15,10,3,0,7,0,0,0,0,0,0,0,0,0,1,0,1,0.962962962962963,1.0,1.0,0.0,0.0,0.0,4,0,1
1217,48,26,22,19,5,9,15,10,3,0,7,0,0,0,0,0,0,0,0,0,1,0,1,0.96,1.0,1.0,0.0,0.0,0.0,4,0,1
1218,48,26,22,19,5,9,15,10,3,0,7,0,0,0,0,0,0,0,0,0,0,0,0,1.0,1.0,1.0,0.0,0.0,0.0,4,0,0
1219,47,25,22,18,5,9,15,10,3,0,7,0,0,0,0,0,0,0,0,0,1,0,1,0.9583333333333334,1.0,1.0,0.0,0.0,0.0,4,0,1
1220,47,25,22,18,5,9,15,10,3,0,7,0,0,0,0,0,0,0,0,0,0,0,0,1.0,1.0,1.0,0.0,0.0,0.0,4,0,0
1221,46,24,22,18,4,9,15,10,3,0,7,0,0,0,0,0,0,0,0,0,1,0,1,0.9565217391304348,1.0,1.0,0.0,0.0,0.0,4,0,1
1222,46,24,22,18,4,9,15,10,3,0,7,0,0,0,0,0,0,0,0,0,0,0,0,1.0,1.0,1.0,0.0,0.0,0.0,4,0,0
1223,46,24,22,18,4,9,15,10,3,0,7,0,0,0,0,0,0,0,0,0,0,0,0,1.0,1.0,1.0,0.0,0.0,0.0,4,0,0
1224,46,24,22,18,4,9,15,10,3,0,7,0,0,0,0,0,0,0,0,0,0,0,0,1.0,1.0,1.0,0.0,0.0,0.0,4,0,0
1225,46,24,22,18,4,9,15,10,3,0,7,0,0,0,0,0,0,0,0,0,0,0,0,1.0,1.0,1.0,0.0,0.0,0.0,4,0,0
1226,46,24,22,18,4,9,15,10,3,0,7,0,0,0,0,0,0,0,0,0,0,0,0,1.0,1.0,1.0,0.0,0.0,0.0,4,0,0
1227,46,24,22,18,4,9,15,10,3,0,7,0,0,0,0,0,0,0,0,0,0,2,0,1.0,1.0,1.0,0.0,0.0,0.0,4,0,0
1228,46,24,22,18,4,9,15,10,3,0,7,0,0,0,0,0,0,0,0,0,0,0,0,1.0,1.0,1.0,0.0,0.0,0.0,4,0,0
1229,46,24,22,18,4,9,15,10,3,0,7,0,0,0,0,0,0,0,0,0,0,0,0,1.0,1.0,1.0,0.0,0.0,0.0,4,0,0
1230,46,24,22,18,4,9,15,10,3,0,7,0,0,0,0,0,0,0,0,0,0,0,0,1.0,1.0,1.0,0.0,0.0,0.0,4,0,0
1231,45,23,22,17,2,10,16,11,3,0,7,0,0,0,0,0,3,0,0,0,1,1,1,0.95,1.0,1.0,0.0,0.0,0.0,4,0,1
1232,45,23,22,17,2,10,16,11,3,0,7,0,0,0,0,0,1,0,0,0,0,0,0,1.0,1.0,1.0,0.0,0.0,0.0,4,0,0
1233,45,23,22,14,5,10,16,11,4,0,7,0,0,0,0,0,3,1,0,0,0,0,0,1.0,1.0,1.0,0.0,0.0,0.3333333333333333,4,0,0
1234,45,23,22,8,11,10,16,11,4,0,7,0,0,0,0,0,0,0,0,0,0,0,0,1.0,1.0,1.0,0.0,0.0,0.0,4,0,0
1235,45,23,22,8,10,11,16,11,4,0,6,0,0,0,0,0,0,0,0,0,0,0,0,1.0,1.0,1.0,0.0,0.0,0.0,4,0,0
1236,49,24,25,10,12,11,16,11,4,0,4,0,0,0,0,0,6,1,0,1,0,0,0,1.0,1.0,1.0,0.08888888888888889,0.08888888888888889,0.16666666666666666,4,4,0
1237,49,24,25,10,12,11,16,11,7,0,4,0,0,0,0,0,14,3,0,0,0,0,0,1.0,1.0,1.0,0.0,0.0,0.21428571428571427,4,0,0
1238,53,25,28,14,12,11,16,11,6,0,4,0,0,0,0,0,0,0,0,1,0,0,0,1.0,1.0,1.0,0.08163265306122448,0.08163265306122448,0.0,4,4,0
1239,52,24,28,13,12,11,16,11,6,1,4,0,0,0,0,0,3,0,1,0,1,0,1,0.9615384615384616,1.0,1.0,0.0,0.0,0.0,4,0,1
1240,56,28,28,17,12,11,16,11,5,1,5,0,0,0,0,0,0,0,0,1,0,0,0,1.0,1.0,1.0,0.07692307692307693,0.07692307692307693,0.0,4,4,0
1241,56,28,28,17,12,11,16,11,5,1,5,0,0,0,0,0,0,0,0,0,0,0,0,1.0,1.0,1.0,0.0,0.0,0.0,4,0,0
1242,54,27,27,16,12,11,15,11,5,1,5,0,0,0,0,0,0,0,0,0,1,0,1,0.9655172413793104,0.8,1.0,0.0,0.0,0.0,4,0,2
1243,54,27,27,16,12,11,15,11,5,1,5,0,0,0,0,0,0,0,0,0,0,0,0,1.0,1.0,1.0,0.0,0.0,0.0,4,0,0
1244,54,27,27,16,12,11,15,11,5,1,5,0,0,0,0,0,0,0,0,0,0,0,0,1.0,1.0,1.0,0.0,0.0,0.0,4,0,0
1245,53,26,27,16,11,11,15,11,5,1,5,0,0,0,0,0,0,0,0,0,1,0,1,0.9642857142857143,1.0,1.0,0.0,0.0,0.0,4,0,1
1246,53,26,27,14,13,11,15,11,5,1,5,0,0,0,0,0,0,0,0,0,0,0,0,1.0,1.0,1.0,0.0,0.0,0.0,4,0,0
1247,52,25,27,13,13,10,16,12,5,1,5,0,0,0,0,0,0,0,0,0,1,0,1,0.962962962962963,1.0,1.0,0.0,0.0,0.0,4,0,1
1248,51,24,27,12,13,10,16,12,5,1,4,0,0,0,0,0,0,0,0,0,1,0,1,0.9615384615384616,1.0,1.0,0.0,0.0,0.0,4,0,1
1249,51,24,27,9,16,10,16,12,6,1,4,0,0,0,0,0,8,1,0,0,0,0,0,1.0,1.0,1.0,0.0,0.0,0.125,4,0,0
1250,51,24,27,9,16,10,16,12,6,1,4,0,0,0,0,0,0,0,0,0,0,0,0,1.0,1.0,1.0,0.0,0.0,0.0,4,0,0
1251,51,24,27,9,16,10,16,12,6,1,3,0,0,0,0,0,0,0,0,0,0,0,0,1.0,1.0,1.0,0.0,0.0,0.0,4,0,0
1252,49,23,26,9,14,10,16,12,7,1,3,0,0,0,0,0,5,1,0,0,2,0,2,0.92,1.0,1.0,0.0,0.0,0.2,4,0,2
1253,49,23,26,9,14,10,16,12,7,1,3,0,0,0,0,0,0,0,0,0,0,0,0,1.0,1.0,1.0,0.0,0.0,0.0,4,0,0
1254,48,23,25,8,14,10,16,12,7,1,3,0,0,0,0,0,0,0,0,0,1,0,1,0.9565217391304348,1.0,1.0,0.0,0.0,0.0,4,0,1
1255,48,23,25,8,14,10,16,12,7,1,3,0,0,0,0,0,6,0,0,0,0,0,0,1.0,1.0,1.0,0.0,0.0,0.0,4,0,0
1256,46,21,25,8,12,9,17,12,7,1,3,0,0,0,0,0,1,0,0,0,2,0,2,0.9090909090909091,1.0,1.0,0.0,0.0,0.0,4,0,2
1257,46,21,25,8,12,9,17,12,8,1,3,0,0,0,0,0,2,1,0,0,0,0,0,1.0,1.0,1.0,0.0,0.0,0.5,4,0,0
1258,46,21,25,8,12,9,17,12,8,1,3,0,0,0,0,0,0,0,0,0,0,0,0,1.0,1.0,1.0,0.0,0.0,0.0,4,0,0
1259,45,20,25,7,12,9,17,12,8,1,3,0,0,0,0,0,0,0,0,0,1,0,1,0.95,1.0,1.0,0.0,0.0,0.0,4,0,1
1260,45,20,25,7,12,9,17,12,8,1,3,0,0,0,0,0,0,0,0,0,0,0,0,1.0,1.0,1.0,0.0,0.0,0.0,4,0,0
1261,44,19,25,7,11,9,17,12,8,1,3,0,0,0,0,0,0,0,0,0,1,0,1,0.9473684210526316,1.0,1.0,0.0,0.0,0.0,4,0,1
1262,44,19,25,7,11,9,17,12,8,1,3,0,0,0,0,0,0,0,0,0,0,0,0,1.0,1.0,1.0,0.0,0.0,0.0,4,0,0
1263,44,19,25,7,11,8,18,13,8,1,3,0,0,0,0,0,0,0,0,0,0,0,0,1.0,1.0,1.0,0.0,0.0,0.0,4,0,0
1264,44,19,25,7,11,7,19,13,8,1,3,0,0,0,0,0,0,0,0,0,0,0,0,1.0,1.0,1.0,0.0,0.0,0.0,4,0,0
1265,44,19,25,7,11,7,19,13,8,1,3,0,0,0,0,0,0,0,0,0,0,0,0,1.0,1.0,1.0,0.0,0.0,0.0,4,0,0
1266,44,19,25,7,11,7,19,13,8,1,3,0,0,0,0,0,0,0,0,0,0,0,0,1.0,1.0,1.0,0.0,0.0,0.0,4,0,0
1267,43,18,25,7,11,6,19,13,8,1,3,0,0,0,0,0,0,0,0,0,0,0,0,1.0,1.0,1.0,0.0,0.0,0.0,4,0,1
1268,43,18,25,7,11,6,19,13,9,1,3,0,0,0,0,0,3,1,0,0,0,0,0,1.0,1.0,1.0,0.0,0.0,0.3333333333333333,4,0,0
1269,43,18,25,7,11,6,19,13,9,1,3,0,0,0,0,0,0,0,0,0,0,0,0,1.0,1.0,1.0,0.0,0.0,0.0,4,0,0
1270,43,18,25,7,11,6,19,13,9,1,3,0,0,0,0,0,0,0,0,0,0,0,0,1.0,1.0,1.0,0.0,0.0,0.0,4,0,0
1271,43,18,25,7,11,6,19,13,9,1,3,0,0,0,0,0,0,0,0,0,0,0,0,1.0,1.0,1.0,0.0,0.0,0.0,4,0,0
1272,43,18,25,7,11,6,19,13,9,1,3,0,0,0,0,0,0,0,0,0,0,0,0,1.0,1.0,1.0,0.0,0.0,0.0,4,0,0
1273,43,18,25,7,11,6,19,13,9,1,3,0,0,0,0,0,0,0,0,0,0,0,0,1.0,1.0,1.0,0.0,0.0,0.0,4,0,0
1274,43,18,25,7,11,6,19,13,9,1,3,0,0,0,0,0,0,0,0,0,0,0,0,1.0,1.0,1.0,0.0,0.0,0.0,4,0,0
1275,42,18,24,7,10,6,19,13,9,1,3,0,0,0,0,0,0,0,0,0,1,0,1,0.9444444444444444,1.0,1.0,0.0,0.0,0.0,4,0,1
1276,42,18,24,7,10,6,19,13,9,1,3,0,0,0,0,0,0,0,0,0,0,0,0,1.0,1.0,1.0,0.0,0.0,0.0,4,0,0
1277,42,18,24,7,10,6,19,13,9,1,3,0,0,0,0,0,0,0,0,0,0,0,0,1.0,1.0,1.0,0.0,0.0,0.0,4,0,0
1278,41,18,23,6,10,6,19,13,9,1,3,0,0,0,0,0,0,0,0,0,1,0,1,0.9411764705882353,1.0,1.0,0.0,0.0,0.0,4,0,1
1279,41,18,23,4,12,6,19,13,9,1,3,0,0,0,0,0,0,0,0,0,0,0,0,1.0,1.0,1.0,0.0,0.0,0.0,4,0,0
1280,41,18,23,4,12,5,20,14,9,1,3,0,0,0,0,0,0,0,0,0,0,0,0,1.0,1.0,1.0,0.0,0.0,0.0,4,0,0
1281,41,18,23,2,14,5,20,14,9,2,2,0,0,0,0,0,3,0,1,0,0,0,0,1.0,1.0,1.0,0.0,0.0,0.0,4,0,0
1282,41,18,23,2,14,5,20,14,10,2,2,0,0,0,0,0,8,1,0,0,0,0,0,1.0,1.0,1.0,0.0,0.0,0.125,4,0,0
1283,41,18,23,0,16,5,20,14,10,2,1,0,0,0,0,0,0,0,0,0,0,0,0,1.0,1.0,1.0,0.0,0.0,0.0,4,0,0
1284,41,18,23,0,16,5,20,14,11,1,1,0,0,0,0,0,8,1,0,0,0,0,0,1.0,1.0,1.0,0.0,0.0,0.125,4,0,0
1285,40,18,22,0,16,5,19,13,12,0,0,0,0,0,0,0,7,1,0,0,0,0,0,1.0,1.0,0.9285714285714286,0.0,0.0,0.14285714285714285,4,0,1
1286,40,18,22,0,16,5,19,13,13,0,0,0,0,0,0,0,5,1,0,0,0,0,0,1.0,1.0,1.0,0.0,0.0,0.2,4,0,0
1287,40,18,22,0,16,5,19,13,13,0,0,0,0,0,0,0,0,0,0,0,0,0,0,1.0,1.0,1.0,0.0,0.0,0.0,4,0,0
1288,40,18,22,0,16,5,19,13,13,0,0,0,0,0,0,0,0,0,0,0,0,0,0,1.0,1.0,1.0,0.0,0.0,0.0,4,0,0
1289,40,18,22,0,16,5,19,13,13,0,0,0,0,0,0,0,0,0,0,0,0,0,0,1.0,1.0,1.0,0.0,0.0,0.0,4,0,0
1290,40,18,22,0,16,5,19,13,13,0,0,0,0,0,0,0,0,0,0,0,0,0,0,1.0,1.0,1.0,0.0,0.0,0.0,4,0,0
1291,40,18,22,0,16,5,19,13,13,0,0,0,0,0,0,0,0,0,0,0,0,0,0,1.0,1.0,1.0,0.0,0.0,0.0,4,0,0
1292,40,18,22,0,16,5,19,13,13,0,0,0,0,0,0,0,0,0,0,0,0,0,0,1.0,1.0,1.0,0.0,0.0,0.0,4,0,0
1293,40,18,22,0,16,5,19,13,13,0,0,0,0,0,0,0,0,0,0,0,0,0,0,1.0,1.0,1.0,0.0,0.0,0.0,4,0,0
1294,40,18,22,0,16,5,19,13,13,0,0,0,0,0,0,0,0,0,0,0,0,0,0,1.0,1.0,1.0,0.0,0.0,0.0,4,0,0
1295,40,18,22,0,16,5,19,13,13,0,0,0,0,0,0,0,0,0,0,0,0,0,0,1.0,1.0,1.0,0.0,0.0,0.0,4,0,0
1296,40,18,22,0,16,5,19,13,13,0,0,0,0,0,0,0,0,0,0,0,0,0,0,1.0,1.0,1.0,0.0,0.0,0.0,4,0,0
1297,40,18,22,0,16,5,19,13,13,0,0,0,0,0,0,0,0,0,0,0,0,0,0,1.0,1.0,1.0,0.0,0.0,0.0,4,0,0
1298,44,21,23,4,16,5,19,13,12,0,1,0,0,0,0,0,0,0,0,1,0,0,0,1.0,1.0,1.0,0.1,0.1,0.0,4,4,0
1299,44,21,23,4,16,5,19,13,12,0,1,0,0,0,0,0,0,0,0,0,0,0,0,1.0,1.0,1.0,0.0,0.0,0.0,4,0,0
1300,44,21,23,4,16,5,19,13,12,0,1,0,0,0,0,0,0,0,0,0,0,0,0,1.0,1.0,1.0,0.0,0.0,0.0,4,0,0
1301,48,24,24,8,16,5,19,13,11,0,2,0,0,0,0,0,0,0,0,1,0,0,0,1.0,1.0,1.0,0.09090909090909091,0.09090909090909091,0.0,4,4,0
1302,60,28,32,20,16,5,19,13,8,0,5,0,0,0,0,0,0,0,0,3,0,0,0,1.0,1.0,1.0,0.25,0.25,0.0,4,12,0
1303,58,27,31,20,14,5,19,13,8,0,5,0,0,0,0,0,0,0,0,0,2,0,2,0.9444444444444444,1.0,1.0,0.0,0.0,0.0,4,0,2
1304,57,27,30,19,14,5,19,13,8,0,5,0,0,0,0,0,0,0,0,0,1,0,1,0.9705882352941176,1.0,1.0,0.0,0.0,0.0,4,0,1
1305,57,27,30,19,14,5,19,13,8,0,5,0,0,0,0,0,0,0,0,0,0,0,0,1.0,1.0,1.0,0.0,0.0,0.0,4,0,0
1306,57,27,30,19,14,5,19,13,8,0,5,0,0,0,0,0,0,0,0,0,0,0,0,1.0,1.0,1.0,0.0,0.0,0.0,4,0,0
1307,57,27,30,19,14,5,19,13,8,0,5,0,0,0,0,0,0,0,0,0,0,0,0,1.0,1.0,1.0,0.0,0.0,0.0,4,0,0
1308,56,26,30,19,13,5,19,13,8,0,5,0,0,0,0,0,0,0,0,0,1,0,1,0.9696969696969697,1.0,1.0,0.0,0.0,0.0,4,0,1
1309,55,26,29,19,12,5,19,13,8,0,5,0,0,0,0,0,0,0,0,0,1,0,1,0.96875,1.0,1.0,0.0,0.0,0.0,4,0,1
1310,55,26,29,19,12,5,19,13,8,0,5,0,0,0,0,0,0,0,0,0,0,0,0,1.0,1.0,1.0,0.0,0.0,0.0,4,0,0
1311,55,26,29,19,12,5,19,13,8,0,5,0,0,0,0,0,0,0,0,0,0,0,0,1.0,1.0,1.0,0.0,0.0,0.0,4,0,0
1312,55,26,29,19,12,5,19,13,8,0,5,0,0,0,0,0,0,0,0,0,0,0,0,1.0,1.0,1.0,0.0,0.0,0.0,4,0,0
1313,55,26,29,19,12,5,19,13,8,0,5,0,0,0,0,0,0,0,0,0,0,0,0,1.0,1.0,1.0,0.0,0.0,0.0,4,0,0
1314,57,26,31,21,12,5,19,13,7,0,6,0,0,0,0,0,0,0,0,1,1,0,1,0.967741935483871,1.0,1.0,0.05454545454545454,0.05454545454545454,0.0,4,3,1
1315,56,25,31,20,12,5,19,13,7,0,6,0,0,0,0,0,0,0,0,0,1,0,1,0.9696969696969697,1.0,1.0,0.0,0.0,0.0,4,0,1
1316,56,25,31,20,12,5,19,13,7,0,6,0,0,0,0,0,0,0,0,0,0,0,0,1.0,1.0,1.0,0.0,0.0,0.0,4,0,0
1317,59,28,31,23,12,5,19,13,6,0,7,0,0,0,0,0,0,0,0,1,1,0,1,0.96875,1.0,1.0,0.07142857142857142,0.07142857142857142,0.0,4,4,1
1318,58,27,31,22,12,5,19,13,6,0,7,0,0,0,0,0,0,0,0,0,1,0,1,0.9714285714285714,1.0,1.0,0.0,0.0,0.0,4,0,1
1319,56,26,30,22,10,5,19,13,6,0,7,0,0,0,0,0,0,0,0,0,2,0,2,0.9411764705882353,1.0,1.0,0.0,0.0,0.0,4,0,2
1320,55,26,29,21,10,5,19,13,6,0,7,0,0,0,0,0,0,0,0,0,1,0,1,0.96875,1.0,1.0,0.0,0.0,0.0,4,0,1
1321,55,26,29,21,10,5,19,13,6,0,7,0,0,0,0,0,0,0,0,0,0,0,0,1.0,1.0,1.0,0.0,0.0,0.0,4,0,0
1322,58,27,31,25,9,5,19,13,5,0,8,0,0,0,0,0,0,0,0,1,1,0,1,0.967741935483871,1.0,1.0,0.07272727272727272,0.07272727272727272,0.0,4,4,1
1323,58,27,31,25,9,5,19,13,5,0,8,0,0,0,0,0,0,0,0,0,0,0,0,1.0,1.0,1.0,0.0,0.0,0.0,4,0,0
1324,57,26,31,24,9,5,19,13,5,0,8,0,0,0,0,0,0,0,0,0,1,0,1,0.9705882352941176,1.0,1.0,0.0,0.0,0.0,4,0,1
1325,55,26,29,22,9,5,19,13,5,0,8,0,0,0,0,0,0,0,0,0,2,0,2,0.9393939393939394,1.0,1.0,0.0,0.0,0.0,4,0,2
1326,55,26,29,22,9,5,19,13,5,0,8,0,0,0,0,0,0,0,0,0,0,0,0,1.0,1.0,1.0,0.0,0.0,0.0,4,0,0
1327,53,24,29,22,8,5,18,13,5,0,8,0,0,0,0,0,0,0,0,0,1,0,1,0.967741935483871,0.8333333333333334,1.0,0.0,0.0,0.0,4,0,2
1328,53,24,29,22,8,5,18,13,5,0,8,0,0,0,0,0,0,0,0,0,0,0,0,1.0,1.0,1.0,0.0,0.0,0.0,4,0,0
1329,51,22,29,21,7,5,18,13,5,0,8,0,0,0,0,0,0,0,0,0,2,0,2,0.9333333333333333,1.0,1.0,0.0,0.0,0.0,4,0,2
1330,51,22,29,21,7,5,18,13,5,0,8,0,0,0,0,0,0,0,0,0,0,0,0,1.0,1.0,1.0,0.0,0.0,0.0,4,0,0
1331,51,22,29,21,7,5,18,13,5,0,8,0,0,0,0,0,0,0,0,0,0,0,0,1.0,1.0,1.0,0.0,0.0,0.0,4,0,0
1332,50,21,29,20,7,5,18,13,5,0,8,0,0,0,0,0,0,0,0,0,1,0,1,0.9642857142857143,1.0,1.0,0.0,0.0,0.0,4,0,1
1333,52,24,28,22,7,5,18,13,4,0,9,0,0,0,0,0,0,0,0,1,1,0,1,0.962962962962963,1.0,1.0,0.06,0.06,0.0,4,3,1
1334,52,24,28,22,7,5,18,13,4,0,9,0,0,0,0,0,0,0,0,0,0,0,0,1.0,1.0,1.0,0.0,0.0,0.0,4,0,0
1335,52,24,28,22,7,5,18,13,4,0,9,0,0,0,0,0,0,0,0,0,0,0,0,1.0,1.0,1.0,0.0,0.0,0.0,4,0,0
1336,52,24,28,22,7,4,19,13,4,0,9,0,0,0,0,0,0,0,0,0,0,0,0,1.0,1.0,1.0,0.0,0.0,0.0,4,0,0
1337,52,24,28,22,7,4,19,13,4,0,9,0,0,0,0,0,0,0,0,0,0,0,0,1.0,1.0,1.0,0.0,0.0,0.0,4,0,0
1338,52,24,28,22,7,4,19,13,4,0,9,0,0,0,0,0,0,0,0,0,0,0,0,1.0,1.0,1.0,0.0,0.0,0.0,4,0,0
1339,51,24,27,21,7,4,19,13,4,0,9,0,0,0,0,0,0,0,0,0,1,0,1,0.9655172413793104,1.0,1.0,0.0,0.0,0.0,4,0,1
1340,51,24,27,21,7,4,19,13,4,0,9,0,0,0,0,0,0,0,0,0,0,0,0,1.0,1.0,1.0,0.0,0.0,0.0,4,0,0
1341,51,24,27,19,9,4,19,13,4,0,9,0,0,0,0,0,0,0,0,0,0,0,0,1.0,1.0,1.0,0.0,0.0,0.0,4,0,0
1342,51,24,27,19,9,4,19,13,4,0,9,0,0,0,0,0,0,0,0,0,0,0,0,1.0,1.0,1.0,0.0,0.0,0.0,4,0,0
1343,51,24,27,19,9,3,20,14,4,0,8,0,0,0,0,0,0,0,0,0,0,0,0,1.0,1.0,1.0,0.0,0.0,0.0,4,0,0
1344,50,24,26,17,10,3,20,14,5,0,8,0,0,0,0,0,3,1,0,0,1,0,1,0.9642857142857143,1.0,1.0,0.0,0.0,0.3333333333333333,4,0,1
1345,50,24,26,11,16,3,20,14,5,0,8,0,0,0,0,0,0,0,0,0,0,0,0,1.0,1.0,1.0,0.0,0.0,0.0,4,0,0
1346,50,24,26,11,16,3,20,14,6,0,7,0,0,0,0,0,4,1,0,0,0,0,0,1.0,1.0,1.0,0.0,0.0,0.25,4,0,0
1347,54,25,29,15,16,3,20,14,6,0,5,0,0,0,0,0,5,1,0,1,0,0,0,1.0,1.0,1.0,0.08,0.08,0.2,4,4,0
1348,53,24,29,14,16,3,20,14,7,0,5,0,0,0,0,0,13,1,0,0,1,0,1,0.967741935483871,1.0,1.0,0.0,0.0,0.07692307692307693,4,0,1
1349,57,26,31,18,16,3,20,14,8,0,6,0,0,0,0,0,11,2,0,1,0,0,0,1.0,1.0,1.0,0.07547169811320754,0.07547169811320754,0.18181818181818182,4,4,0
1350,59,28,31,21,16,2,20,14,7,0,7,0,0,0,0,0,0,0,0,1,0,0,0,1.0,1.0,1.0,0.05263157894736842,0.05263157894736842,0.0,4,3,1
1351,60,29,31,23,15,2,20,14,6,0,8,0,0,0,0,0,0,0,0,1,2,0,2,0.9459459459459459,1.0,1.0,0.05084745762711865,0.05084745762711865,0.0,4,3,2
1352,60,29,31,23,15,2,20,14,6,0,8,0,0,0,0,0,0,0,0,0,0,0,0,1.0,1.0,1.0,0.0,0.0,0.0,4,0,0
1353,59,29,30,22,15,2,20,14,6,0,8,0,0,0,0,0,0,0,0,0,1,0,1,0.9736842105263158,1.0,1.0,0.0,0.0,0.0,4,0,1
1354,57,28,29,22,14,2,19,13,5,0,8,0,0,0,0,0,0,0,0,0,1,0,1,0.972972972972973,1.0,0.9285714285714286,0.0,0.0,0.0,4,0,2
1355,56,28,28,21,14,2,19,13,5,0,8,0,0,0,0,0,0,0,0,0,1,0,1,0.9722222222222222,1.0,1.0,0.0,0.0,0.0,4,0,1
1356,56,28,28,21,14,2,19,13,5,0,8,0,0,0,0,0,0,0,0,0,0,0,0,1.0,1.0,1.0,0.0,0.0,0.0,4,0,0
1357,56,28,28,19,16,2,19,13,5,0,8,0,0,0,0,0,0,0,0,0,0,0,0,1.0,1.0,1.0,0.0,0.0,0.0,4,0,0
1358,54,27,27,18,16,2,18,12,4,0,8,0,0,0,0,0,0,0,0,0,1,0,1,0.9714285714285714,1.0,0.9230769230769231,0.0,0.0,0.0,4,0,2
1359,53,26,27,17,16,2,18,12,4,0,7,0,0,0,0,0,0,0,0,0,1,0,1,0.9705882352941176,1.0,1.0,0.0,0.0,0.0,4,0,1
1360,50,24,26,15,15,2,18,12,4,0,7,0,0,0,0,0,5,0,0,0,3,0,3,0.9090909090909091,1.0,1.0,0.0,0.0,0.0,4,0,3
1361,50,24,26,15,15,2,18,12,5,0,7,0,0,0,0,0,3,1,0,0,0,0,0,1.0,1.0,1.0,0.0,0.0,0.3333333333333333,4,0,0
1362,49,23,26,15,14,2,18,12,5,0,6,0,0,0,0,0,0,0,0,0,1,0,1,0.9666666666666667,1.0,1.0,0.0,0.0,0.0,4,0,1
1363,49,23,26,15,14,2,18,12,6,0,6,0,0,0,0,0,7,1,0,0,0,0,0,1.0,1.0,1.0,0.0,0.0,0.14285714285714285,4,0,0
1364,49,23,26,15,14,2,18,12,6,0,6,0,0,0,0,0,0,0,0,0,0,0,0,1.0,1.0,1.0,0.0,0.0,0.0,4,0,0
1365,48,22,26,13,15,2,18,12,6,0,6,0,0,0,0,0,0,0,0,0,1,0,1,0.9655172413793104,1.0,1.0,0.0,0.0,0.0,4,0,1
1366,47,21,26,13,14,2,18,12,6,0,6,0,0,0,0,0,0,0,0,0,1,0,1,0.9642857142857143,1.0,1.0,0.0,0.0,0.0,4,0,1
1367,47,21,26,13,14,2,18,12,6,0,5,0,0,0,0,0,0,0,0,0,0,0,0,1.0,1.0,1.0,0.0,0.0,0.0,4,0,0
1368,47,21,26,13,14,2,18,12,6,0,5,0,0,0,0,0,2,0,0,0,0,0,0,1.0,1.0,1.0,0.0,0.0,0.0,4,0,0
1369,47,21,26,13,14,2,18,12,6,1,5,0,0,0,0,0,3,0,1,0,0,0,0,1.0,1.0,1.0,0.0,0.0,0.0,4,0,0
1370,46,21,25,13,13,2,18,12,6,1,5,0,0,0,0,0,0,0,0,0,1,0,1,0.962962962962963,1.0,1.0,0.0,0.0,0.0,4,0,1
1371,46,21,25,13,13,2,18,12,6,1,5,0,0,0,0,0,0,0,0,0,0,3,0,1.0,1.0,1.0,0.0,0.0,0.0,4,0,0
1372,46,21,25,13,13,2,18,12,6,1,5,0,0,0,0,0,0,0,0,0,0,0,0,1.0,1.0,1.0,0.0,0.0,0.0,4,0,0
1373,45,21,24,13,12,2,18,12,6,1,5,0,0,0,0,0,0,0,0,0,1,0,1,0.9615384615384616,1.0,1.0,0.0,0.0,0.0,4,0,1
1374,44,20,24,12,12,2,18,12,6,1,5,0,0,0,0,0,0,0,0,0,1,0,1,0.96,1.0,1.0,0.0,0.0,0.0,4,0,1
1375,44,20,24,12,9,5,18,12,6,1,5,0,0,0,0,0,0,0,0,0,0,0,0,1.0,1.0,1.0,0.0,0.0,0.0,4,0,0
1376,44,20,24,10,11,5,18,12,6,1,5,0,0,0,0,0,0,0,0,0,0,0,0,1.0,1.0,1.0,0.0,0.0,0.0,4,0,0
1377,44,20,24,10,11,5,18,12,6,1,5,0,0,0,0,0,0,0,0,0,0,0,0,1.0,1.0,1.0,0.0,0.0,0.0,4,0,0
1378,43,19,24,9,11,5,18,12,6,1,4,0,0,0,0,0,0,0,0,0,1,0,1,0.9523809523809523,1.0,1.0,0.0,0.0,0.0,4,0,1
1379,42,19,23,9,10,5,18,12,7,1,4,0,0,0,0,0,6,1,0,0,1,0,1,0.95,1.0,1.0,0.0,0.0,0.16666666666666666,4,0,1
1380,42,19,23,9,10,5,18,12,7,1,4,0,0,0,0,0,0,0,0,0,0,0,0,1.0,1.0,1.0,0.0,0.0,0.0,4,0,0
1381,42,19,23,9,10,5,18,12,7,1,4,0,0,0,0,0,0,0,0,0,0,0,0,1.0,1.0,1.0,0.0,0.0,0.0,4,0,0
1382,42,19,23,9,10,5,18,12,7,1,4,0,0,0,0,0,0,0,0,0,0,0,0,1.0,1.0,1.0,0.0,0.0,0.0,4,0,0
1383,42,19,23,9,10,5,18,12,7,1,4,0,0,0,0,0,0,0,0,0,0,0,0,1.0,1.0,1.0,0.0,0.0,0.0,4,0,0
1384,42,19,23,9,10,5,18,12,7,1,4,0,0,0,0,0,0,0,0,0,0,0,0,1.0,1.0,1.0,0.0,0.0,0.0,4,0,0
1385,42,19,23,9,10,5,18,12,7,1,4,0,0,0,0,0,0,0,0,0,0,0,0,1.0,1.0,1.0,0.0,0.0,0.0,4,0,0
1386,42,19,23,9,10,5,18,12,7,1,4,0,0,0,0,0,0,0,0,0,0,0,0,1.0,1.0,1.0,0.0,0.0,0.0,4,0,0
1387,42,19,23,9,10,5,18,12,7,1,4,0,0,0,0,0,0,0,0,0,0,0,0,1.0,1.0,1.0,0.0,0.0,0.0,4,0,0
1388,42,19,23,9,10,4,19,13,8,1,4,0,0,0,0,0,5,1,0,0,0,0,0,1.0,1.0,1.0,0.0,0.0,0.2,4,0,0
1389,42,19,23,9,10,4,19,13,8,1,4,0,0,0,0,0,0,0,0,0,0,0,0,1.0,1.0,1.0,0.0,0.0,0.0,4,0,0
1390,42,19,23,5,14,4,19,13,8,1,4,0,0,0,0,0,0,0,0,0,0,0,0,1.0,1.0,1.0,0.0,0.0,0.0,4,0,0
1391,42,19,23,5,14,4,19,13,8,1,4,0,0,0,0,0,0,0,0,0,0,0,0,1.0,1.0,1.0,0.0,0.0,0.0,4,0,0
1392,42,19,23,4,15,4,19,13,8,1,3,0,0,0,0,0,0,0,0,0,0,0,0,1.0,1.0,1.0,0.0,0.0,0.0,4,0,0
1393,42,19,23,2,17,4,19,13,9,1,3,0,0,0,0,0,4,1,0,0,0,0,0,1.0,1.0,1.0,0.0,0.0,0.25,4,0,0
1394,42,19,23,0,19,4,19,13,9,1,2,0,0,0,0,0,0,0,0,0,0,0,0,1.0,1.0,1.0,0.0,0.0,0.0,4,0,0
1395,42,19,23,0,19,4,19,13,10,1,1,0,0,0,0,0,4,1,0,0,0,0,0,1.0,1.0,1.0,0.0,0.0,0.25,4,0,0
1396,42,19,23,0,19,4,19,13,10,1,0,0,0,0,0,0,4,1,0,0,0,0,0,1.0,1.0,1.0,0.0,0.0,0.25,4,0,0
1397,42,19,23,0,19,4,19,13,10,1,0,0,0,0,0,0,4,1,0,0,0,0,0,1.0,1.0,1.0,0.0,0.0,0.25,4,0,0
1398,42,19,23,0,19,4,19,13,10,1,0,0,0,0,0,0,4,1,0,0,0,0,0,1.0,1.0,1.0,0.0,0.0,0.25,4,0,0
1399,42,19,23,0,19,4,19,13,10,1,0,0,0,0,0,0,4,1,0,0,0,0,0,1.0,1.0,1.0,0.0,0.0,0.25,4,0,0
1400,42,19,23,0,19,4,19,13,10,1,0,0,0,0,0,0,4,1,0,0,0,0,0,1.0,1.0,1.0,0.0,0.0,0.25,4,0,0
1401,42,19,23,0,19,4,19,13,10,1,0,0,0,0,0,0,4,1,0,0,0,0,0,1.0,1.0,1.0,0.0,0.0,0.25,4,0,0
1402,42,19,23,0,19,4,19,13,10,1,0,0,0,0,0,0,4,1,0,0,0,0,0,1.0,1.0,1.0,0.0,0.0,0.25,4,0,0
1403,42,19,23,0,19,4,19,13,10,1,0,0,0,0,0,0,4,1,0,0,0,0,0,1.0,1.0,1.0,0.0,0.0,0.25,4,0,0
1404,42,19,23,0,19,4,19,13,10,1,0,0,0,0,0,0,4,1,0,0,0,0,0,1.0,1.0,1.0,0.0,0.0,0.25,4,0,0
1405,42,19,23,0,19,4,19,13,10,1,0,0,0,0,0,0,4,1,0,0,0,0,0,1.0,1.0,1.0,0.0,0.0,0.25,4,0,0
1406,42,19,23,0,19,4,19,13,10,1,0,0,0,0,0,0,4,1,0,0,0,0,0,1.0,1.0,1.0,0.0,0.0,0.25,4,0,0
1407,42,19,23,0,19,4,19,13,10,1,0,0,0,0,0,0,4,1,0,0,0,0,0,1.0,1.0,1.0,0.0,0.0,0.25,4,0,0
1408,42,19,23,0,19,4,19,13,10,1,0,0,0,0,0,0,4,1,0,0,0,0,0,1.0,1.0,1.0,0.0,0.0,0.25,4,0,0
1409,46,20,26,4,19,4,19,13,9,1,1,0,0,0,0,0,4,1,0,1,0,0,0,1.0,1.0,1.0,0.09523809523809523,0.09523809523809523,0.25,4,4,0
1410,46,20,26,4,19,4,19,13,9,1,1,0,0,0,0,0,4,1,0,0,0,0,0,1.0,1.0,1.0,0.0,0.0,0.25,4,0,0
1411,46,20,26,4,19,4,19,13,9,1,1,0,0,0,0,0,4,1,0,0,0,0,0,1.0,1.0,1.0,0.0,0.0,0.25,4,0,0
1412,50,22,28,8,19,4,19,13,8,1,2,0,0,0,0,0,4,1,0,1,0,0,0,1.0,1.0,1.0,0.08695652173913043,0.08695652173913043,0.25,4,4,0
1413,54,23,31,12,19,4,19,13,7,1,3,0,0,0,0,0,4,1,0,1,0,0,0,1.0,1.0,1.0,0.08,0.08,0.25,4,4,0
1414,57,24,33,15,19,4,19,13,6,0,4,0,0,0,0,0,4,1,0,1,0,0,0,1.0,1.0,1.0,0.05555555555555555,0.05555555555555555,0.25,4,3,0
1415,57,24,33,15,19,4,19,13,6,0,4,0,0,0,0,0,4,1,0,0,0,0,0,1.0,1.0,1.0,0.0,0.0,0.25,4,0,0
1416,56,23,33,15,18,4,19,13,6,0,4,0,0,0,0,0,4,1,0,0,1,0,1,0.9705882352941176,1.0,1.0,0.0,0.0,0.25,4,0,1
1417,55,22,33,15,17,4,19,13,6,0,4,0,0,0,0,0,4,1,0,0,1,0,1,0.9696969696969697,1.0,1.0,0.0,0.0,0.25,4,0,1
1418,51,21,30,13,15,4,19,13,6,0,4,0,0,0,0,0,4,1,0,0,4,0,4,0.875,1.0,1.0,0.0,0.0,0.25,4,0,4
1419,51,21,30,13,15,4,19,13,6,0,4,0,0,0,0,0,4,1,0,0,0,0,0,1.0,1.0,1.0,0.0,0.0,0.25,4,0,0
1420,51,21,30,13,15,4,19,13,6,0,4,0,0,0,0,0,4,1,0,0,0,0,0,1.0,1.0,1.0,0.0,0.0,0.25,4,0,0
1421,51,21,30,13,15,4,19,13,6,0,4,0,0,0,0,0,4,1,0,0,0,0,0,1.0,1.0,1.0,0.0,0.0,0.25,4,0,0
1422,51,21,30,13,15,4,19,13,6,0,4,0,0,0,0,0,4,1,0,0,0,0,0,1.0,1.0,1.0,0.0,0.0,0.25,4,0,0
1423,50,20,30,13,14,4,19,13,6,0,4,0,0,0,0,0,4,1,0,0,1,0,1,0.9642857142857143,1.0,1.0,0.0,0.0,0.25,4,0,1
1424,49,20,29,13,14,4,18,12,5,0,4,0,0,0,0,0,4,1,0,0,0,0,0,1.0,1.0,0.9230769230769231,0.0,0.0,0.25,4,0,1
1425,48,20,28,12,14,4,18,12,5,0,4,0,0,0,0,0,4,1,0,0,1,0,1,0.962962962962963,1.0,1.0,0.0,0.0,0.25,4,0,1
1426,51,22,29,15,14,4,18,12,4,0,5,0,0,0,0,0,4,1,0,1,0,0,0,1.0,1.0,1.0,0.0625,0.0625,0.25,4,3,0
1427,51,22,29,15,14,3,19,13,4,0,5,0,0,0,0,0,4,1,0,0,0,0,0,1.0,1.0,1.0,0.0,0.0,0.25,4,0,0
1428,54,23,31,18,14,3,19,13,3,0,6,0,0,0,0,0,4,1,0,1,0,0,0,1.0,1.0,1.0,0.058823529411764705,0.058823529411764705,0.25,4,3,0
1429,54,23,31,18,14,3,19,13,3,0,6,0,0,0,0,0,4,1,0,0,0,0,0,1.0,1.0,1.0,0.0,0.0,0.25,4,0,0
1430,54,23,31,18,14,3,19,13,3,0,6,0,0,0,0,0,4,1,0,0,0,0,0,1.0,1.0,1.0,0.0,0.0,0.25,4,0,0
1431,54,23,31,18,14,3,19,13,3,0,6,0,0,0,0,0,4,1,0,0,0,0,0,1.0,1.0,1.0,0.0,0.0,0.25,4,0,0
1432,53,22,31,18,13,3,19,13,3,0,6,0,0,0,0,0,4,1,0,0,1,0,1,0.96875,1.0,1.0,0.0,0.0,0.25,4,0,1
1433,52,22,30,18,13,3,18,12,3,0,5,0,0,0,0,0,4,1,0,0,0,0,0,1.0,1.0,0.9230769230769231,0.0,0.0,0.25,4,0,1
1434,52,22,30,18,13,3,18,12,3,0,5,0,0,0,0,0,4,1,0,0,0,0,0,1.0,1.0,1.0,0.0,0.0,0.25,4,0,0
1435,51,21,30,17,13,3,18,12,3,0,5,0,0,0,0,0,4,1,0,0,1,0,1,0.967741935483871,1.0,1.0,0.0,0.0,0.25,4,0,1
1436,51,21,30,17,13,3,18,12,3,0,5,0,0,0,0,0,4,1,0,0,0,0,0,1.0,1.0,1.0,0.0,0.0,0.25,4,0,0
1437,51,21,30,17,13,3,18,12,3,0,5,0,0,0,0,0,4,1,0,0,0,0,0,1.0,1.0,1.0,0.0,0.0,0.25,4,0,0
1438,51,21,30,17,13,3,18,12,3,0,5,0,0,0,0,0,4,1,0,0,0,0,0,1.0,1.0,1.0,0.0,0.0,0.25,4,0,0
1439,49,20,29,16,12,3,18,12,3,0,5,0,0,0,0,0,4,1,0,0,2,0,2,0.9333333333333333,1.0,1.0,0.0,0.0,0.25,4,0,2
1440,49,20,29,16,12,3,18,12,3,0,5,0,0,0,0,0,4,1,0,0,0,0,0,1.0,1.0,1.0,0.0,0.0,0.25,4,0,0
1441,49,20,29,16,12,3,18,12,3,0,5,0,0,0,0,0,4,1,0,0,0,0,0,1.0,1.0,1.0,0.0,0.0,0.25,4,0,0
1442,49,20,29,16,12,3,18,12,3,0,5,0,0,0,0,0,4,1,0,0,0,0,0,1.0,1.0,1.0,0.0,0.0,0.25,4,0,0
1443,48,19,29,16,11,3,18,12,3,0,5,0,0,0,0,0,4,1,0,0,1,0,1,0.9642857142857143,1.0,1.0,0.0,0.0,0.25,4,0,1
1444,51,20,31,20,11,3,17,11,2,0,5,0,0,0,0,0,4,1,0,1,0,0,0,1.0,1.0,0.9166666666666666,0.08333333333333333,0.08333333333333333,0.25,4,4,1
1445,51,20,31,20,11,3,17,11,2,0,5,0,0,0,0,0,4,1,0,0,0,0,0,1.0,1.0,1.0,0.0,0.0,0.25,4,0,0
1446,50,20,30,20,10,3,17,11,2,0,5,0,0,0,0,0,4,1,0,0,1,0,1,0.967741935483871,1.0,1.0,0.0,0.0,0.25,4,0,1
1447,49,20,29,19,10,3,17,11,2,0,5,0,0,0,0,0,4,1,0,0,1,0,1,0.9666666666666667,1.0,1.0,0.0,0.0,0.25,4,0,1
1448,48,19,29,18,10,3,17,11,2,0,5,0,0,0,0,0,4,1,0,0,1,0,1,0.9655172413793104,1.0,1.0,0.0,0.0,0.25,4,0,1
1449,45,17,28,17,8,3,17,11,2,0,5,0,0,0,0,0,4,1,0,0,3,0,3,0.8928571428571429,1.0,1.0,0.0,0.0,0.25,4,0,3
1450,45,17,28,17,8,3,17,11,2,0,5,0,0,0,0,0,4,1,0,0,0,0,0,1.0,1.0,1.0,0.0,0.0,0.25,4,0,0
1451,45,17,28,17,8,3,17,11,2,0,5,0,0,0,0,0,4,1,0,0,0,0,0,1.0,1.0,1.0,0.0,0.0,0.25,4,0,0
1452,45,17,28,16,9,3,17,11,2,0,5,0,0,0,0,0,4,1,0,0,0,0,0,1.0,1.0,1.0,0.0,0.0,0.25,4,0,0
1453,49,21,28,20,9,3,17,11,1,0,6,0,0,0,0,0,4,1,0,1,0,0,0,1.0,1.0,1.0,0.08888888888888889,0.08888888888888889,0.25,4,4,0
1454,49,21,28,20,9,3,17,11,1,0,5,0,0,0,0,0,4,1,0,0,0,0,0,1.0,1.0,1.0,0.0,0.0,0.25,4,0,0
1455,48,20,28,17,12,3,16,11,1,0,5,0,0,0,0,0,4,1,0,0,0,0,0,1.0,0.8333333333333334,1.0,0.0,0.0,0.25,4,0,1
1456,48,20,28,15,14,3,16,11,1,0,5,0,0,0,0,0,4,1,0,0,0,0,0,1.0,1.0,1.0,0.0,0.0,0.25,4,0,0
1457,48,20,28,13,16,3,16,11,1,0,5,0,0,0,0,0,4,1,0,0,0,0,0,1.0,1.0,1.0,0.0,0.0,0.25,4,0,0
1458,45,19,26,12,15,3,15,10,1,0,3,0,0,0,0,0,4,1,0,0,2,0,2,0.9310344827586207,1.0,0.9090909090909091,0.0,0.0,0.25,4,0,3
1459,45,19,26,12,15,3,15,10,1,0,3,0,0,0,0,0,4,1,0,0,0,0,0,1.0,1.0,1.0,0.0,0.0,0.25,4,0,0
1460,49,20,29,16,15,3,15,10,0,0,4,0,0,0,0,0,4,1,0,1,0,0,0,1.0,1.0,1.0,0.08888888888888889,0.08888888888888889,0.25,4,4,0
1461,49,20,29,16,15,3,15,10,0,0,4,0,0,0,0,0,4,1,0,0,0,0,0,1.0,1.0,1.0,0.0,0.0,0.25,4,0,0
1462,48,20,28,16,14,3,15,10,0,0,4,0,0,0,0,0,4,1,0,0,1,0,1,0.967741935483871,1.0,1.0,0.0,0.0,0.25,4,0,1
1463,47,19,28,16,13,3,15,10,0,0,4,0,0,0,0,0,4,1,0,0,1,0,1,0.9666666666666667,1.0,1.0,0.0,0.0,0.25,4,0,1
1464,46,18,28,15,13,3,15,10,0,0,4,0,0,0,0,0,4,1,0,0,1,0,1,0.9655172413793104,1.0,1.0,0.0,0.0,0.25,4,0,1
1465,46,18,28,15,13,3,15,10,0,0,4,0,0,0,0,0,4,1,0,0,0,0,0,1.0,1.0,1.0,0.0,0.0,0.25,4,0,0
1466,46,18,28,15,13,3,15,10,0,0,4,0,0,0,0,0,4,1,0,0,0,0,0,1.0,1.0,1.0,0.0,0.0,0.25,4,0,0
1467,46,18,28,15,13,3,15,10,0,0,4,0,0,0,0,0,4,1,0,0,0,0,0,1.0,1.0,1.0,0.0,0.0,0.25,4,0,0
1468,46,18,28,15,13,3,15,10,0,0,4,0,0,0,0,0,4,1,0,0,0,0,0,1.0,1.0,1.0,0.0,0.0,0.25,4,0,0
1469,45,17,28,12,16,3,14,10,0,0,4,0,0,0,0,0,4,1,0,0,0,0,0,1.0,0.8,1.0,0.0,0.0,0.25,4,0,1
1470,45,17,28,12,16,3,14,10,0,0,4,0,0,0,0,0,4,1,0,0,0,0,0,1.0,1.0,1.0,0.0,0.0,0.25,4,0,0
1471,45,17,28,10,18,3,14,10,0,0,3,0,0,0,0,0,4,1,0,0,0,0,0,1.0,1.0,1.0,0.0,0.0,0.25,4,0,0
1472,45,17,28,10,18,3,14,10,0,0,3,0,0,0,0,0,4,1,0,0,0,0,0,1.0,1.0,1.0,0.0,0.0,0.25,4,0,0
1473,45,17,28,10,18,3,14,10,0,0,2,0,0,0,0,0,4,1,0,0,0,0,0,1.0,1.0,1.0,0.0,0.0,0.25,4,0,0
1474,44,17,27,9,18,3,14,10,0,0,2,0,0,0,0,0,4,1,0,0,1,0,1,0.9642857142857143,1.0,1.0,0.0,0.0,0.25,4,0,1
1475,44,17,27,9,18,3,14,10,0,0,2,0,0,0,0,0,4,1,0,0,0,0,0,1.0,1.0,1.0,0.0,0.0,0.25,4,0,0
1476,44,17,27,9,18,3,14,10,0,0,2,0,0,0,0,0,4,1,0,0,0,0,0,1.0,1.0,1.0,0.0,0.0,0.25,4,0,0
1477,43,17,26,9,17,3,14,10,0,0,2,0,0,0,0,0,4,1,0,0,1,0,1,0.962962962962963,1.0,1.0,0.0,0.0,0.25,4,0,1
1478,42,17,25,8,17,3,14,10,0,0,2,0,0,0,0,0,4,1,0,0,1,1,1,0.9615384615384616,1.0,1.0,0.0,0.0,0.25,4,0,1
1479,42,17,25,8,17,3,14,10,0,0,2,0,0,0,0,0,4,1,0,0,0,0,0,1.0,1.0,1.0,0.0,0.0,0.25,4,0,0
1480,42,17,25,8,17,3,14,10,0,0,2,0,0,0,0,0,4,1,0,0,0,0,0,1.0,1.0,1.0,0.0,0.0,0.25,4,0,0
1481,42,17,25,8,17,3,14,10,0,0,2,0,0,0,0,0,4,1,0,0,0,0,0,1.0,1.0,1.0,0.0,0.0,0.25,4,0,0
1482,42,17,25,8,16,4,14,10,0,0,2,0,0,0,0,0,4,1,0,0,0,3,0,1.0,1.0,1.0,0.0,0.0,0.25,4,0,0
1483,42,17,25,8,16,4,14,10,0,0,2,0,0,0,0,0,4,1,0,0,0,0,0,1.0,1.0,1.0,0.0,0.0,0.25,4,0,0
1484,41,16,25,8,15,4,14,10,0,0,2,0,0,0,0,0,4,1,0,0,1,0,1,0.9583333333333334,1.0,1.0,0.0,0.0,0.25,4,0,1
1485,41,16,25,8,15,4,14,10,0,0,2,0,0,0,0,0,4,1,0,0,0,0,0,1.0,1.0,1.0,0.0,0.0,0.25,4,0,0
1486,41,16,25,8,12,7,14,10,0,0,2,0,0,0,0,0,4,1,0,0,0,0,0,1.0,1.0,1.0,0.0,0.0,0.25,4,0,0
1487,41,16,25,4,16,7,14,10,0,0,2,0,0,0,0,0,4,1,0,0,0,0,0,1.0,1.0,1.0,0.0,0.0,0.25,4,0,0
1488,41,16,25,4,16,7,14,10,0,0,2,0,0,0,0,0,4,1,0,0,0,0,0,1.0,1.0,1.0,0.0,0.0,0.25,4,0,0
1489,40,15,25,4,15,7,14,10,0,0,1,0,0,0,0,0,4,1,0,0,1,0,1,0.95,1.0,1.0,0.0,0.0,0.25,4,0,1
1490,40,15,25,4,15,7,14,10,3,1,1,0,0,0,0,0,28,3,1,0,0,0,0,1.0,1.0,1.0,0.0,0.0,0.10714285714285714,4,0,0
1491,40,15,25,4,15,7,14,10,6,2,1,0,0,0,0,0,14,3,1,0,0,0,0,1.0,1.0,1.0,0.0,0.0,0.21428571428571427,4,0,0
1492,40,15,25,4,15,7,14,10,6,2,1,0,0,0,0,0,2,0,0,0,0,0,0,1.0,1.0,1.0,0.0,0.0,0.0,4,0,0
1493,40,15,25,4,15,7,14,10,7,2,1,0,0,0,0,0,6,1,0,0,0,0,0,1.0,1.0,1.0,0.0,0.0,0.16666666666666666,4,0,0
1494,40,15,25,4,15,7,14,10,7,2,1,0,0,0,0,0,0,0,0,0,0,0,0,1.0,1.0,1.0,0.0,0.0,0.0,4,0,0
1495,40,15,25,4,15,7,14,10,7,2,1,0,0,0,0,0,0,0,0,0,0,0,0,1.0,1.0,1.0,0.0,0.0,0.0,4,0,0
1496,40,15,25,2,17,7,14,10,7,2,1,0,0,0,0,0,0,0,0,0,0,0,0,1.0,1.0,1.0,0.0,0.0,0.0,4,0,0
1497,40,15,25,2,17,7,14,10,7,2,1,0,0,0,0,0,0,0,0,0,0,0,0,1.0,1.0,1.0,0.0,0.0,0.0,4,0,0
1498,40,15,25,2,17,7,14,10,7,2,1,0,0,0,0,0,0,0,0,0,0,0,0,1.0,1.0,1.0,0.0,0.0,0.0,4,0,0
1499,40,15,25,2,17,7,14,10,7,2,1,0,0,0,0,0,0,0,0,0,0,0,0,1.0,1.0,1.0,0.0,0.0,0.0,4,0,0
1500,40,15,25,2,17,7,14,10,7,2,1,0,0,0,0,0,0,0,0,0,0,0,0,1.0,1.0,1.0,0.0,0.0,0.0,4,0,0
1501,40,15,25,2,17,7,14,10,7,2,1,0,0,0,0,0,0,0,0,0,0,0,0,1.0,1.0,1.0,0.0,0.0,0.0,4,0,0
1502,40,15,25,2,17,7,14,10,7,2,1,0,0,0,0,0,0,0,0,0,0,0,0,1.0,1.0,1.0,0.0,0.0,0.0,4,0,0
1503,40,15,25,0,19,7,14,10,7,2,1,0,0,0,0,0,0,0,0,0,0,0,0,1.0,1.0,1.0,0.0,0.0,0.0,4,0,0
1504,40,15,25,0,19,7,14,10,7,2,1,0,0,0,0,0,0,0,0,0,0,0,0,1.0,1.0,1.0,0.0,0.0,0.0,4,0,0
1505,40,15,25,0,19,7,14,10,7,2,0,0,0,0,0,0,0,0,0,0,0,0,0,1.0,1.0,1.0,0.0,0.0,0.0,4,0,0
1506,40,15,25,0,19,7,14,10,7,3,0,0,0,0,0,0,1,0,1,0,0,0,0,1.0,1.0,1.0,0.0,0.0,0.0,4,0,0
1507,40,15,25,0,19,7,14,10,7,3,0,0,0,0,0,0,0,0,0,0,0,0,0,1.0,1.0,1.0,0.0,0.0,0.0,4,0,0
1508,40,15,25,0,19,7,14,10,7,3,0,0,0,0,0,0,0,0,0,0,0,0,0,1.0,1.0,1.0,0.0,0.0,0.0,4,0,0
1509,40,15,25,0,19,7,14,10,7,3,0,0,0,0,0,0,0,0,0,0,0,0,0,1.0,1.0,1.0,0.0,0.0,0.0,4,0,0
1510,40,15,25,0,19,5,16,10,7,3,0,0,0,0,0,0,0,0,0,0,0,0,0,1.0,1.0,1.0,0.0,0.0,0.0,4,0,0
1511,40,15,25,0,19,5,16,10,7,3,0,0,0,0,0,0,0,0,0,0,0,0,0,1.0,1.0,1.0,0.0,0.0,0.0,4,0,0
1512,40,15,25,0,19,5,16,10,7,3,0,0,0,0,0,0,0,0,0,0,0,0,0,1.0,1.0,1.0,0.0,0.0,0.0,4,0,0
1513,40,15,25,0,19,5,16,10,7,3,0,0,0,0,0,0,0,0,0,0,0,0,0,1.0,1.0,1.0,0.0,0.0,0.0,4,0,0
1514,39,15,24,0,19,5,15,9,7,2,0,0,0,0,0,0,0,0,0,0,0,0,0,1.0,1.0,0.9,0.0,0.0,0.0,4,0,1
1515,39,15,24,0,19,5,15,9,7,2,0,0,0,0,0,0,0,0,0,0,0,0,0,1.0,1.0,1.0,0.0,0.0,0.0,4,0,0
1516,39,15,24,0,19,5,15,9,7,2,0,0,0,0,0,0,0,0,0,0,0,0,0,1.0,1.0,1.0,0.0,0.0,0.0,4,0,0
1517,39,15,24,0,19,5,15,9,7,2,0,0,0,0,0,0,0,0,0,0,0,0,0,1.0,1.0,1.0,0.0,0.0,0.0,4,0,0
1518,39,15,24,0,19,5,15,9,7,2,0,0,0,0,0,0,0,0,0,0,0,0,0,1.0,1.0,1.0,0.0,0.0,0.0,4,0,0
1519,39,15,24,0,19,5,15,9,7,2,0,0,0,0,0,0,0,0,0,0,0,0,0,1.0,1.0,1.0,0.0,0.0,0.0,4,0,0
1520,39,15,24,0,19,5,15,9,7,2,0,0,0,0,0,0,0,0,0,0,0,0,0,1.0,1.0,1.0,0.0,0.0,0.0,4,0,0
1521,39,15,24,0,19,5,15,9,7,2,0,0,0,0,0,0,0,0,0,0,0,0,0,1.0,1.0,1.0,0.0,0.0,0.0,4,0,0
1522,39,15,24,0,19,5,15,9,7,2,0,0,0,0,0,0,0,0,0,0,0,0,0,1.0,1.0,1.0,0.0,0.0,0.0,4,0,0
1523,39,15,24,0,19,5,15,9,7,2,0,0,0,0,0,0,0,0,0,0,0,0,0,1.0,1.0,1.0,0.0,0.0,0.0,4,0,0
1524,39,15,24,0,19,5,15,9,7,2,0,0,0,0,0,0,0,0,0,0,0,0,0,1.0,1.0,1.0,0.0,0.0,0.0,4,0,0
1525,39,15,24,0,19,5,15,9,7,2,0,0,0,0,0,0,0,0,0,0,0,0,0,1.0,1.0,1.0,0.0,0.0,0.0,4,0,0
1526,39,15,24,0,19,5,15,9,7,2,0,0,0,0,0,0,0,0,0,0,0,0,0,1.0,1.0,1.0,0.0,0.0,0.0,4,0,0
1527,39,15,24,0,19,5,15,9,7,2,0,0,0,0,0,0,0,0,0,0,0,1,0,1.0,1.0,1.0,0.0,0.0,0.0,4,0,0
1528,39,15,24,0,19,5,15,9,7,2,0,0,0,0,0,0,0,0,0,0,0,0,0,1.0,1.0,1.0,0.0,0.0,0.0,4,0,0
1529,38,15,23,0,18,5,15,9,7,2,0,0,0,0,0,0,0,0,0,0,1,1,1,0.9473684210526316,1.0,1.0,0.0,0.0,0.0,4,0,1
1530,38,15,23,0,18,5,15,9,7,2,0,0,0,0,0,0,0,0,0,0,0,0,0,1.0,1.0,1.0,0.0,0.0,0.0,4,0,0
1531,38,15,23,0,17,6,15,9,7,2,0,0,0,0,0,0,0,0,0,0,0,0,0,1.0,1.0,1.0,0.0,0.0,0.0,4,0,0
1532,38,15,23,0,17,6,15,9,7,2,0,0,0,0,0,0,0,0,0,0,0,0,0,1.0,1.0,1.0,0.0,0.0,0.0,4,0,0
1533,38,15,23,0,16,7,15,9,7,2,0,0,0,0,0,0,0,0,0,0,0,0,0,1.0,1.0,1.0,0.0,0.0,0.0,4,0,0
1534,38,15,23,0,16,6,16,10,7,2,0,0,0,0,0,0,0,0,0,0,0,0,0,1.0,1.0,1.0,0.0,0.0,0.0,4,0,0
1535,37,15,22,0,16,6,15,9,6,2,0,0,0,0,0,0,0,0,0,0,0,0,0,1.0,1.0,0.9,0.0,0.0,0.0,4,0,1
1536,37,15,22,0,16,6,15,9,6,1,0,0,0,0,0,0,0,0,0,0,0,0,0,1.0,1.0,1.0,0.0,0.0,0.0,4,0,0
1537,37,15,22,0,16,6,15,9,6,1,0,0,0,0,0,0,1,0,0,0,0,0,0,1.0,1.0,1.0,0.0,0.0,0.0,4,0,0
1538,37,15,22,0,16,6,15,9,7,1,0,0,0,0,0,0,8,1,0,0,0,0,0,1.0,1.0,1.0,0.0,0.0,0.125,4,0,0
1539,37,15,22,0,16,6,15,9,7,1,0,0,0,0,0,0,0,0,0,0,0,0,0,1.0,1.0,1.0,0.0,0.0,0.0,4,0,0
1540,37,15,22,0,16,6,15,9,7,1,0,0,0,0,0,0,0,0,0,0,0,0,0,1.0,1.0,1.0,0.0,0.0,0.0,4,0,0
1541,37,15,22,0,16,6,15,9,7,1,0,0,0,0,0,0,0,0,0,0,0,0,0,1.0,1.0,1.0,0.0,0.0,0.0,4,0,0
1542,37,15,22,0,16,6,15,9,8,1,0,0,0,0,0,0,3,1,0,0,0,0,0,1.0,1.0,1.0,0.0,0.0,0.3333333333333333,4,0,0
1543,37,15,22,0,16,6,15,9,8,1,0,0,0,0,0,0,0,0,0,0,0,0,0,1.0,1.0,1.0,0.0,0.0,0.0,4,0,0
1544,37,15,22,0,16,6,15,9,8,1,0,0,0,0,0,0,0,0,0,0,0,0,0,1.0,1.0,1.0,0.0,0.0,0.0,4,0,0
1545,37,15,22,0,16,6,15,9,8,1,0,0,0,0,0,0,0,0,0,0,0,0,0,1.0,1.0,1.0,0.0,0.0,0.0,4,0,0
1546,37,15,22,0,16,6,15,9,8,1,0,0,0,0,0,0,0,0,0,0,0,0,0,1.0,1.0,1.0,0.0,0.0,0.0,4,0,0
1547,37,15,22,0,16,6,15,9,8,1,0,0,0,0,0,0,0,0,0,0,0,0,0,1.0,1.0,1.0,0.0,0.0,0.0,4,0,0
1548,37,15,22,0,16,6,15,9,8,1,0,0,0,0,0,0,0,0,0,0,0,0,0,1.0,1.0,1.0,0.0,0.0,0.0,4,0,0
1549,37,15,22,0,16,6,15,9,8,1,0,0,0,0,0,0,0,0,0,0,0,0,0,1.0,1.0,1.0,0.0,0.0,0.0,4,0,0
1550,37,15,22,0,16,6,15,9,8,1,0,0,0,0,0,0,0,0,0,0,0,0,0,1.0,1.0,1.0,0.0,0.0,0.0,4,0,0
1551,37,15,22,0,16,6,15,9,8,0,0,0,0,0,0,0,0,0,0,0,0,0,0,1.0,1.0,1.0,0.0,0.0,0.0,4,0,0
1552,37,15,22,0,16,6,15,9,9,0,0,0,0,0,0,0,6,1,0,0,0,0,0,1.0,1.0,1.0,0.0,0.0,0.16666666666666666,4,0,0
1553,37,15,22,0,16,6,15,9,9,0,0,0,0,0,0,0,0,0,0,0,0,0,0,1.0,1.0,1.0,0.0,0.0,0.0,4,0,0
1554,37,15,22,0,16,6,15,9,9,0,0,0,0,0,0,0,0,0,0,0,0,0,0,1.0,1.0,1.0,0.0,0.0,0.0,4,0,0
1555,48,19,29,11,16,6,15,9,6,0,3,0,0,0,0,0,0,0,0,3,0,0,0,1.0,1.0,1.0,0.2972972972972973,0.2972972972972973,0.0,4,11,0
1556,57,25,32,20,16,6,15,9,3,0,6,0,0,0,0,0,0,0,0,3,1,0,1,0.962962962962963,1.0,1.0,0.20833333333333334,0.20833333333333334,0.0,4,10,1
1557,57,25,32,20,16,6,15,9,3,0,6,0,0,0,0,0,0,0,0,0,0,0,0,1.0,1.0,1.0,0.0,0.0,0.0,4,0,0
1558,55,25,30,20,14,6,15,9,3,0,6,0,0,0,0,0,0,0,0,0,2,0,2,0.9444444444444444,1.0,1.0,0.0,0.0,0.0,4,0,2
1559,54,25,29,19,14,5,16,10,4,0,6,0,0,0,0,0,6,1,0,0,1,0,1,0.9705882352941176,1.0,1.0,0.0,0.0,0.16666666666666666,4,0,1
1560,54,25,29,19,14,5,16,10,4,0,6,0,0,0,0,0,0,0,0,0,0,0,0,1.0,1.0,1.0,0.0,0.0,0.0,4,0,0
1561,54,25,29,19,14,5,16,10,4,0,6,0,0,0,0,0,0,0,0,0,0,0,0,1.0,1.0,1.0,0.0,0.0,0.0,4,0,0
1562,53,24,29,19,13,5,16,10,4,0,6,0,0,0,0,0,0,0,0,0,1,0,1,0.9696969696969697,1.0,1.0,0.0,0.0,0.0,4,0,1
1563,53,24,29,19,13,5,16,10,4,0,6,0,0,0,0,0,0,0,0,0,0,0,0,1.0,1.0,1.0,0.0,0.0,0.0,4,0,0
1564,53,24,29,19,13,5,16,10,4,0,6,0,0,0,0,0,0,0,0,0,0,0,0,1.0,1.0,1.0,0.0,0.0,0.0,4,0,0
1565,53,24,29,19,13,5,16,10,4,0,6,0,0,0,0,0,0,0,0,0,0,0,0,1.0,1.0,1.0,0.0,0.0,0.0,4,0,0
1566,52,23,29,19,13,5,15,10,4,0,6,0,0,0,0,0,0,0,0,0,0,0,0,1.0,0.8333333333333334,1.0,0.0,0.0,0.0,4,0,1
1567,52,23,29,19,13,5,15,10,4,0,6,0,0,0,0,0,0,0,0,0,0,0,0,1.0,1.0,1.0,0.0,0.0,0.0,4,0,0
1568,52,23,29,19,13,5,15,10,4,0,6,0,0,0,0,0,0,0,0,0,0,0,0,1.0,1.0,1.0,0.0,0.0,0.0,4,0,0
1569,50,21,29,18,13,5,14,10,4,0,6,0,0,0,0,0,0,0,0,0,1,0,1,0.96875,0.8,1.0,0.0,0.0,0.0,4,0,2
1570,49,21,28,18,12,5,14,10,4,0,6,0,0,0,0,0,0,0,0,0,1,0,1,0.967741935483871,1.0,1.0,0.0,0.0,0.0,4,0,1
1571,49,21,28,18,12,5,14,10,4,0,6,0,0,0,0,0,0,0,0,0,0,0,0,1.0,1.0,1.0,0.0,0.0,0.0,4,0,0
1572,49,21,28,18,12,5,14,10,4,0,6,0,0,0,0,0,0,0,0,0,0,0,0,1.0,1.0,1.0,0.0,0.0,0.0,4,0,0
1573,47,20,27,17,11,5,14,10,4,0,6,0,0,0,0,0,0,0,0,0,2,0,2,0.9333333333333333,1.0,1.0,0.0,0.0,0.0,4,0,2
1574,47,20,27,17,11,5,14,10,4,0,6,0,0,0,0,0,0,0,0,0,0,0,0,1.0,1.0,1.0,0.0,0.0,0.0,4,0,0
1575,47,20,27,17,11,5,14,10,4,0,6,0,0,0,0,0,0,0,0,0,0,0,0,1.0,1.0,1.0,0.0,0.0,0.0,4,0,0
1576,47,20,27,17,11,5,14,10,4,0,6,0,0,0,0,0,0,0,0,0,0,0,0,1.0,1.0,1.0,0.0,0.0,0.0,4,0,0
1577,47,20,27,17,11,5,14,10,4,0,6,0,0,0,0,0,0,0,0,0,0,0,0,1.0,1.0,1.0,0.0,0.0,0.0,4,0,0
1578,46,20,26,17,10,5,14,10,4,0,6,0,0,0,0,0,0,0,0,0,1,0,1,0.9642857142857143,1.0,1.0,0.0,0.0,0.0,4,0,1
1579,46,20,26,17,10,5,14,10,4,0,6,0,0,0,0,0,0,0,0,0,0,0,0,1.0,1.0,1.0,0.0,0.0,0.0,4,0,0
1580,46,20,26,17,10,5,14,10,4,0,6,0,0,0,0,0,0,0,0,0,0,0,0,1.0,1.0,1.0,0.0,0.0,0.0,4,0,0
1581,46,20,26,17,10,5,14,10,4,0,6,0,0,0,0,0,0,0,0,0,0,0,0,1.0,1.0,1.0,0.0,0.0,0.0,4,0,0
1582,46,20,26,17,10,5,14,10,4,0,6,0,0,0,0,0,0,0,0,0,0,0,0,1.0,1.0,1.0,0.0,0.0,0.0,4,0,0
1583,46,20,26,17,10,5,14,10,4,0,6,0,0,0,0,0,0,0,0,0,0,0,0,1.0,1.0,1.0,0.0,0.0,0.0,4,0,0
1584,46,20,26,17,10,5,14,10,4,0,6,0,0,0,0,0,0,0,0,0,0,0,0,1.0,1.0,1.0,0.0,0.0,0.0,4,0,0
1585,46,20,26,17,10,5,14,10,4,0,6,0,0,0,0,0,0,0,0,0,0,0,0,1.0,1.0,1.0,0.0,0.0,0.0,4,0,0
1586,46,20,26,17,10,5,14,10,4,0,6,0,0,0,0,0,0,0,0,0,0,0,0,1.0,1.0,1.0,0.0,0.0,0.0,4,0,0
1587,46,20,26,17,10,5,14,10,4,0,6,0,0,0,0,0,0,0,0,0,0,0,0,1.0,1.0,1.0,0.0,0.0,0.0,4,0,0
1588,46,20,26,17,10,5,14,10,4,0,6,0,0,0,0,0,0,0,0,0,0,0,0,1.0,1.0,1.0,0.0,0.0,0.0,4,0,0
1589,45,19,26,17,10,4,14,10,4,0,6,0,0,0,0,0,0,0,0,0,0,0,0,1.0,1.0,1.0,0.0,0.0,0.0,4,0,1
1590,45,19,26,17,10,4,14,10,4,0,6,0,0,0,0,0,0,0,0,0,0,0,0,1.0,1.0,1.0,0.0,0.0,0.0,4,0,0
1591,45,19,26,17,10,4,14,10,4,0,6,0,0,0,0,0,0,0,0,0,0,0,0,1.0,1.0,1.0,0.0,0.0,0.0,4,0,0
1592,45,19,26,17,10,4,14,10,4,0,6,0,0,0,0,0,0,0,0,0,0,1,0,1.0,1.0,1.0,0.0,0.0,0.0,4,0,0
1593,44,19,25,16,10,4,14,10,4,0,6,0,0,0,0,0,0,0,0,0,1,0,1,0.962962962962963,1.0,1.0,0.0,0.0,0.0,4,0,1
1594,44,19,25,16,10,4,14,10,4,0,6,0,0,0,0,0,0,0,0,0,0,1,0,1.0,1.0,1.0,0.0,0.0,0.0,4,0,0
1595,44,19,25,16,10,4,14,10,4,0,6,0,0,0,0,0,0,0,0,0,0,0,0,1.0,1.0,1.0,0.0,0.0,0.0,4,0,0
1596,44,19,25,16,9,5,14,10,4,0,6,0,0,0,0,0,0,0,0,0,0,0,0,1.0,1.0,1.0,0.0,0.0,0.0,4,0,0
1597,44,19,25,16,9,5,14,10,4,0,6,0,0,0,0,0,0,0,0,0,0,0,0,1.0,1.0,1.0,0.0,0.0,0.0,4,0,0
1598,44,19,25,8,16,6,14,10,4,0,6,0,0,0,0,0,0,0,0,0,0,0,0,1.0,1.0,1.0,0.0,0.0,0.0,4,0,0
1599,44,19,25,0,24,6,14,10,4,0,6,0,0,0,0,0,0,0,0,0,0,0,0,1.0,1.0,1.0,0.0,0.0,0.0,4,0,0
1600,44,19,25,0,24,5,15,11,4,0,3,0,0,0,0,0,0,0,0,0,0,0,0,1.0,1.0,1.0,0.0,0.0,0.0,4,0,0
1601,44,19,25,0,24,5,15,11,7,0,0,0,0,0,0,0,13,3,0,0,0,0,0,1.0,1.0,1.0,0.0,0.0,0.23076923076923078,4,0,0
1602,42,18,24,0,24,5,13,10,9,0,0,0,0,0,0,0,16,2,0,0,0,0,0,1.0,0.75,0.9090909090909091,0.0,0.0,0.125,4,0,2
1603,45,21,24,3,24,5,13,10,8,0,1,0,0,0,0,0,0,0,0,1,0,0,0,1.0,1.0,1.0,0.07142857142857142,0.07142857142857142,0.0,4,3,0
1604,45,21,24,3,24,5,13,10,8,0,1,0,0,0,0,0,0,0,0,0,0,0,0,1.0,1.0,1.0,0.0,0.0,0.0,4,0,0
1605,44,20,24,2,24,5,13,10,8,0,1,0,0,0,0,0,0,0,0,0,1,0,1,0.962962962962963,1.0,1.0,0.0,0.0,0.0,4,0,1
1606,44,20,24,2,24,5,13,10,8,0,1,0,0,0,0,0,0,0,0,0,0,2,0,1.0,1.0,1.0,0.0,0.0,0.0,4,0,0
1607,48,21,27,6,24,5,13,10,7,0,2,0,0,0,0,0,1,0,0,1,0,0,0,1.0,1.0,1.0,0.09090909090909091,0.09090909090909091,0.0,4,4,0
1608,48,21,27,6,24,5,13,10,7,0,2,0,0,0,0,0,2,0,0,0,0,2,0,1.0,1.0,1.0,0.0,0.0,0.0,4,0,0
1609,48,21,27,6,24,5,13,10,8,0,2,0,0,0,0,0,2,1,0,0,0,0,0,1.0,1.0,1.0,0.0,0.0,0.5,4,0,0
1610,48,21,27,6,22,7,13,10,8,0,2,0,0,0,0,0,0,0,0,0,0,0,0,1.0,1.0,1.0,0.0,0.0,0.0,4,0,0
1611,47,20,27,6,21,7,13,10,8,0,2,0,0,0,0,0,0,0,0,0,1,0,1,0.9642857142857143,1.0,1.0,0.0,0.0,0.0,4,0,1
1612,47,20,27,6,19,9,13,10,8,0,2,0,0,0,0,0,0,0,0,0,0,0,0,1.0,1.0,1.0,0.0,0.0,0.0,4,0,0
1613,47,20,27,6,19,9,13,10,8,0,2,0,0,0,0,0,0,0,0,0,0,0,0,1.0,1.0,1.0,0.0,0.0,0.0,4,0,0
1614,47,20,27,6,19,9,13,10,8,0,2,0,0,0,0,0,0,0,0,0,0,0,0,1.0,1.0,1.0,0.0,0.0,0.0,4,0,0
1615,47,20,27,6,19,9,13,10,8,0,2,0,0,0,0,0,0,0,0,0,0,0,0,1.0,1.0,1.0,0.0,0.0,0.0,4,0,0
1616,46,19,27,6,18,9,13,10,8,0,2,0,0,0,0,0,0,0,0,0,1,0,1,0.96,1.0,1.0,0.0,0.0,0.0,4,0,1
1617,49,22,27,9,18,9,13,10,7,0,3,0,0,0,0,0,0,0,0,1,0,0,0,1.0,1.0,1.0,0.06521739130434782,0.06521739130434782,0.0,4,3,0
1618,49,22,27,9,18,9,13,10,7,0,3,0,0,0,0,0,0,0,0,0,0,0,0,1.0,1.0,1.0,0.0,0.0,0.0,4,0,0
1619,49,22,27,9,18,9,13,10,7,0,3,0,0,0,0,0,0,0,0,0,0,0,0,1.0,1.0,1.0,0.0,0.0,0.0,4,0,0
1620,49,22,27,9,18,9,13,10,7,0,3,0,0,0,0,0,0,0,0,0,0,0,0,1.0,1.0,1.0,0.0,0.0,0.0,4,0,0
1621,48,21,27,9,18,8,13,10,7,0,3,0,0,0,0,0,0,0,0,0,0,0,0,1.0,1.0,1.0,0.0,0.0,0.0,4,0,1
1622,48,21,27,9,18,8,13,10,7,0,3,0,0,0,0,0,0,0,0,0,0,0,0,1.0,1.0,1.0,0.0,0.0,0.0,4,0,0
1623,48,21,27,9,18,8,13,10,7,0,3,0,0,0,0,0,0,0,0,0,0,0,0,1.0,1.0,1.0,0.0,0.0,0.0,4,0,0
1624,51,23,28,12,18,8,13,10,6,0,4,0,0,0,0,0,0,0,0,1,0,1,0,1.0,1.0,1.0,0.0625,0.0625,0.0,4,3,0
1625,51,23,28,12,18,8,13,10,6,0,4,0,0,0,0,0,0,0,0,0,0,0,0,1.0,1.0,1.0,0.0,0.0,0.0,4,0,0
1626,51,23,28,12,18,7,14,11,6,0,4,0,0,0,0,0,0,0,0,0,0,0,0,1.0,1.0,1.0,0.0,0.0,0.0,4,0,0
1627,49,21,28,11,17,7,14,11,6,0,4,0,0,0,0,0,0,0,0,0,2,0,2,0.9333333333333333,1.0,1.0,0.0,0.0,0.0,4,0,2
1628,49,21,28,11,16,8,14,11,6,0,4,0,0,0,0,0,0,0,0,0,0,0,0,1.0,1.0,1.0,0.0,0.0,0.0,4,0,0
1629,49,21,28,11,16,8,14,11,6,0,4,0,0,0,0,0,0,0,0,0,0,0,0,1.0,1.0,1.0,0.0,0.0,0.0,4,0,0
1630,49,21,28,11,16,8,14,11,6,0,4,0,0,0,0,0,0,0,0,0,0,0,0,1.0,1.0,1.0,0.0,0.0,0.0,4,0,0
1631,49,21,28,11,16,8,14,11,6,0,4,0,0,0,0,0,0,0,0,0,0,0,0,1.0,1.0,1.0,0.0,0.0,0.0,4,0,0
1632,49,21,28,11,16,8,14,11,6,0,4,0,0,0,0,0,0,0,0,0,0,0,0,1.0,1.0,1.0,0.0,0.0,0.0,4,0,0
1633,48,21,27,11,16,7,14,11,7,0,4,0,0,0,0,0,4,1,0,0,0,0,0,1.0,1.0,1.0,0.0,0.0,0.25,4,0,1
1634,48,21,27,11,16,7,14,11,7,0,4,0,0,0,0,0,0,0,0,0,0,0,0,1.0,1.0,1.0,0.0,0.0,0.0,4,0,0
1635,47,21,26,10,16,7,14,11,7,0,4,0,0,0,0,0,0,0,0,0,1,0,1,0.962962962962963,1.0,1.0,0.0,0.0,0.0,4,0,1
1636,47,21,26,10,16,7,14,11,7,0,4,0,0,0,0,0,0,0,0,0,0,0,0,1.0,1.0,1.0,0.0,0.0,0.0,4,0,0
1637,47,21,26,10,16,7,14,11,7,0,4,0,0,0,0,0,0,0,0,0,0,0,0,1.0,1.0,1.0,0.0,0.0,0.0,4,0,0
1638,47,21,26,10,16,7,14,11,7,0,4,0,0,0,0,0,0,0,0,0,0,0,0,1.0,1.0,1.0,0.0,0.0,0.0,4,0,0
1639,47,21,26,10,16,7,14,11,7,0,4,0,0,0,0,0,0,0,0,0,0,0,0,1.0,1.0,1.0,0.0,0.0,0.0,4,0,0
1640,46,21,25,10,15,7,14,11,7,0,4,0,0,0,0,0,0,0,0,0,1,2,1,0.9615384615384616,1.0,1.0,0.0,0.0,0.0,4,0,1
1641,46,21,25,10,15,7,14,11,7,0,4,0,0,0,0,0,0,0,0,0,0,0,0,1.0,1.0,1.0,0.0,0.0,0.0,4,0,0
1642,46,21,25,10,15,7,14,11,7,0,4,0,0,0,0,0,0,0,0,0,0,0,0,1.0,1.0,1.0,0.0,0.0,0.0,4,0,0
1643,46,21,25,10,15,7,14,11,7,0,4,0,0,0,0,0,0,0,0,0,0,0,0,1.0,1.0,1.0,0.0,0.0,0.0,4,0,0
1644,45,20,25,10,12,9,14,11,7,0,4,0,0,0,0,0,0,0,0,0,1,0,1,0.9565217391304348,1.0,1.0,0.0,0.0,0.0,4,0,1
1645,45,20,25,10,12,9,14,11,7,0,4,0,0,0,0,0,0,0,0,0,0,0,0,1.0,1.0,1.0,0.0,0.0,0.0,4,0,0
1646,45,20,25,9,13,9,14,11,7,0,4,0,0,0,0,0,0,0,0,0,0,0,0,1.0,1.0,1.0,0.0,0.0,0.0,4,0,0
1647,45,20,25,9,13,9,14,11,7,0,4,0,0,0,0,0,0,0,0,0,0,0,0,1.0,1.0,1.0,0.0,0.0,0.0,4,0,0
1648,45,20,25,9,13,9,14,11,7,0,3,0,0,0,0,0,0,0,0,0,0,0,0,1.0,1.0,1.0,0.0,0.0,0.0,4,0,0
1649,45,20,25,9,13,9,14,11,8,0,3,0,0,0,0,0,4,1,0,0,0,0,0,1.0,1.0,1.0,0.0,0.0,0.25,4,0,0
1650,45,20,25,6,16,9,14,11,8,0,3,0,0,0,0,0,0,0,0,0,0,0,0,1.0,1.0,1.0,0.0,0.0,0.0,4,0,0
1651,45,20,25,6,16,9,14,11,8,0,3,0,0,0,0,0,0,0,0,0,0,0,0,1.0,1.0,1.0,0.0,0.0,0.0,4,0,0
1652,45,20,25,6,16,9,14,11,8,0,2,0,0,0,0,0,0,0,0,0,0,0,0,1.0,1.0,1.0,0.0,0.0,0.0,4,0,0
1653,45,20,25,6,16,9,14,11,8,0,2,0,0,0,0,0,1,0,0,0,0,0,0,1.0,1.0,1.0,0.0,0.0,0.0,4,0,0
1654,45,20,25,6,16,9,14,11,8,0,2,0,0,0,0,0,8,0,0,0,0,0,0,1.0,1.0,1.0,0.0,0.0,0.0,4,0,0
1655,45,20,25,6,16,9,14,11,8,0,2,0,0,0,0,0,1,0,0,0,0,0,0,1.0,1.0,1.0,0.0,0.0,0.0,4,0,0
1656,45,20,25,6,16,9,14,11,9,0,2,0,0,0,0,0,6,1,0,0,0,0,0,1.0,1.0,1.0,0.0,0.0,0.16666666666666666,4,0,0
1657,45,20,25,6,16,9,14,11,9,0,2,0,0,0,0,0,0,0,0,0,0,0,0,1.0,1.0,1.0,0.0,0.0,0.0,4,0,0
1658,45,20,25,6,16,9,14,11,9,0,2,0,0,0,0,0,0,0,0,0,0,0,0,1.0,1.0,1.0,0.0,0.0,0.0,4,0,0
1659,45,20,25,6,16,9,14,11,9,0,2,0,0,0,0,0,0,0,0,0,0,0,0,1.0,1.0,1.0,0.0,0.0,0.0,4,0,0
1660,45,20,25,3,19,9,14,11,9,0,2,0,0,0,0,0,0,0,0,0,0,0,0,1.0,1.0,1.0,0.0,0.0,0.0,4,0,0
1661,44,19,25,3,18,9,14,11,9,0,2,0,0,0,0,0,0,0,0,0,1,0,1,0.9545454545454546,1.0,1.0,0.0,0.0,0.0,4,0,1
1662,44,19,25,3,18,9,14,11,9,0,1,0,0,0,0,0,0,0,0,0,0,0,0,1.0,1.0,1.0,0.0,0.0,0.0,4,0,0
1663,44,19,25,3,18,9,14,11,10,0,1,0,0,0,0,0,8,1,0,0,0,0,0,1.0,1.0,1.0,0.0,0.0,0.125,4,0,0
1664,44,19,25,3,18,9,14,11,10,0,1,0,0,0,0,0,0,0,0,0,0,0,0,1.0,1.0,1.0,0.0,0.0,0.0,4,0,0
1665,43,18,25,3,17,9,14,11,10,0,1,0,0,0,0,0,0,0,0,0,1,0,1,0.9523809523809523,1.0,1.0,0.0,0.0,0.0,4,0,1
1666,53,20,33,13,17,9,14,11,7,0,4,0,0,0,0,0,0,0,0,3,0,0,0,1.0,1.0,1.0,0.23255813953488372,0.23255813953488372,0.0,4,10,0
1667,60,23,37,17,20,8,15,12,5,0,6,0,0,0,0,0,0,0,0,2,0,0,0,1.0,1.0,1.0,0.1320754716981132,0.1320754716981132,0.0,4,7,0
1668,58,22,36,17,18,7,16,12,5,0,6,0,0,0,0,0,0,0,0,0,2,0,2,0.9459459459459459,1.0,1.0,0.0,0.0,0.0,4,0,2
1669,57,22,35,17,17,7,16,12,5,0,5,0,0,0,0,0,0,0,0,0,1,0,1,0.9714285714285714,1.0,1.0,0.0,0.0,0.0,4,0,1
1670,55,21,34,17,15,7,16,12,5,0,5,0,0,0,0,0,1,0,0,0,2,0,2,0.9411764705882353,1.0,1.0,0.0,0.0,0.0,4,0,2
1671,55,21,34,17,15,7,16,12,5,1,5,0,0,0,0,0,2,0,1,0,0,0,0,1.0,1.0,1.0,0.0,0.0,0.0,4,0,0
1672,55,21,34,17,15,7,16,12,5,1,5,0,0,0,0,0,2,0,0,0,0,0,0,1.0,1.0,1.0,0.0,0.0,0.0,4,0,0
1673,54,21,33,17,15,6,16,12,5,1,5,0,0,0,0,0,2,0,0,0,0,0,0,1.0,1.0,1.0,0.0,0.0,0.0,4,0,1
1674,58,23,35,21,15,5,17,13,5,1,6,0,0,0,0,0,9,1,0,1,0,0,0,1.0,1.0,1.0,0.07407407407407407,0.07407407407407407,0.1111111111111111,4,4,0
1675,57,23,34,20,15,5,17,13,5,1,6,0,0,0,0,0,5,0,0,0,1,0,1,0.9722222222222222,1.0,1.0,0.0,0.0,0.0,4,0,1
1676,57,23,34,20,15,5,17,13,5,1,6,0,0,0,0,0,2,0,0,0,0,0,0,1.0,1.0,1.0,0.0,0.0,0.0,4,0,0
1677,57,23,34,20,15,5,17,13,5,1,6,0,0,0,0,0,0,0,0,0,0,0,0,1.0,1.0,1.0,0.0,0.0,0.0,4,0,0
1678,56,22,34,19,15,5,17,13,5,1,6,0,0,0,0,0,0,0,0,0,1,0,1,0.9714285714285714,1.0,1.0,0.0,0.0,0.0,4,0,1
1679,56,22,34,19,15,5,17,13,5,1,6,0,0,0,0,0,0,0,0,0,0,0,0,1.0,1.0,1.0,0.0,0.0,0.0,4,0,0
1680,56,22,34,19,15,5,17,13,5,1,6,0,0,0,0,0,0,0,0,0,0,0,0,1.0,1.0,1.0,0.0,0.0,0.0,4,0,0
1681,56,22,34,19,15,5,17,13,5,1,6,0,0,0,0,0,0,0,0,0,0,0,0,1.0,1.0,1.0,0.0,0.0,0.0,4,0,0
1682,55,21,34,19,14,5,17,13,5,1,6,0,0,0,0,0,0,0,0,0,1,0,1,0.9705882352941176,1.0,1.0,0.0,0.0,0.0,4,0,1
1683,55,21,34,19,14,5,17,13,5,1,6,0,0,0,0,0,0,0,0,0,0,0,0,1.0,1.0,1.0,0.0,0.0,0.0,4,0,0
1684,55,21,34,19,14,5,17,13,5,1,6,0,0,0,0,0,0,0,0,0,0,0,0,1.0,1.0,1.0,0.0,0.0,0.0,4,0,0
1685,55,21,34,19,14,5,17,13,6,1,6,0,0,0,0,0,4,1,0,0,0,0,0,1.0,1.0,1.0,0.0,0.0,0.25,4,0,0
1686,55,21,34,19,14,5,17,13,6,1,6,0,0,0,0,0,0,0,0,0,0,0,0,1.0,1.0,1.0,0.0,0.0,0.0,4,0,0
1687,54,21,33,18,14,5,17,13,6,1,6,0,0,0,0,0,0,0,0,0,1,0,1,0.9696969696969697,1.0,1.0,0.0,0.0,0.0,4,0,1
1688,54,21,33,18,14,5,17,13,6,1,6,0,0,0,0,0,0,0,0,0,0,0,0,1.0,1.0,1.0,0.0,0.0,0.0,4,0,0
1689,51,20,31,17,12,5,17,13,6,1,6,0,0,0,0,0,0,0,0,0,3,0,3,0.90625,1.0,1.0,0.0,0.0,0.0,4,0,3
1690,50,20,30,17,11,5,17,13,6,1,6,0,0,0,0,0,0,0,0,0,1,0,1,0.9655172413793104,1.0,1.0,0.0,0.0,0.0,4,0,1
1691,50,20,30,17,11,5,17,13,6,1,6,0,0,0,0,0,0,0,0,0,0,0,0,1.0,1.0,1.0,0.0,0.0,0.0,4,0,0
1692,50,20,30,17,11,5,17,13,6,1,6,0,0,0,0,0,0,0,0,0,0,0,0,1.0,1.0,1.0,0.0,0.0,0.0,4,0,0
1693,50,20,30,17,11,5,17,13,6,1,6,0,0,0,0,0,0,0,0,0,0,0,0,1.0,1.0,1.0,0.0,0.0,0.0,4,0,0
1694,48,19,29,16,11,5,16,13,6,1,6,0,0,0,0,0,0,0,0,0,1,0,1,0.9642857142857143,0.75,1.0,0.0,0.0,0.0,4,0,2
1695,48,19,29,16,11,5,16,13,6,1,6,0,0,0,0,0,0,0,0,0,0,0,0,1.0,1.0,1.0,0.0,0.0,0.0,4,0,0
1696,48,19,29,16,11,5,16,13,6,1,6,0,0,0,0,0,0,0,0,0,0,0,0,1.0,1.0,1.0,0.0,0.0,0.0,4,0,0
1697,48,19,29,16,11,5,16,13,6,1,6,0,0,0,0,0,0,0,0,0,0,0,0,1.0,1.0,1.0,0.0,0.0,0.0,4,0,0
1698,50,20,30,19,10,5,16,13,5,1,7,0,0,0,0,0,0,0,0,1,1,0,1,0.962962962962963,1.0,1.0,0.0625,0.0625,0.0,4,3,1
1699,50,20,30,19,10,5,16,13,5,1,7,0,0,0,0,0,0,0,0,0,0,0,0,1.0,1.0,1.0,0.0,0.0,0.0,4,0,0
1700,50,20,30,19,10,5,16,13,5,1,7,0,0,0,0,0,0,0,0,0,0,0,0,1.0,1.0,1.0,0.0,0.0,0.0,4,0,0
1701,49,19,30,19,9,5,16,13,5,1,7,0,0,0,0,0,0,0,0,0,1,0,1,0.9655172413793104,1.0,1.0,0.0,0.0,0.0,4,0,1
1702,49,19,30,19,9,5,16,13,5,1,7,0,0,0,0,0,0,0,0,0,0,0,0,1.0,1.0,1.0,0.0,0.0,0.0,4,0,0
1703,49,19,30,19,9,5,16,13,5,1,7,0,0,0,0,0,0,0,0,0,0,0,0,1.0,1.0,1.0,0.0,0.0,0.0,4,0,0
1704,48,18,30,19,9,4,16,13,5,1,7,0,0,0,0,0,0,0,0,0,0,0,0,1.0,1.0,1.0,0.0,0.0,0.0,4,0,1
1705,48,18,30,19,9,4,16,13,5,1,7,0,0,0,0,0,0,0,0,0,0,0,0,1.0,1.0,1.0,0.0,0.0,0.0,4,0,0
1706,48,18,30,19,9,4,16,13,5,1,7,0,0,0,0,0,0,0,0,0,0,0,0,1.0,1.0,1.0,0.0,0.0,0.0,4,0,0
1707,47,18,29,18,9,4,16,13,5,1,7,0,0,0,0,0,0,0,0,0,1,0,1,0.9642857142857143,1.0,1.0,0.0,0.0,0.0,4,0,1
1708,47,18,29,18,9,4,16,13,5,1,7,0,0,0,0,0,0,0,0,0,0,0,0,1.0,1.0,1.0,0.0,0.0,0.0,4,0,0
1709,47,18,29,9,18,4,16,13,5,1,7,0,0,0,0,0,0,0,0,0,0,0,0,1.0,1.0,1.0,0.0,0.0,0.0,4,0,0
1710,47,18,29,6,21,4,16,13,5,1,7,0,0,0,0,0,0,0,0,0,0,0,0,1.0,1.0,1.0,0.0,0.0,0.0,4,0,0
1711,47,18,29,6,21,4,16,13,5,1,4,0,0,0,0,0,0,0,0,0,0,0,0,1.0,1.0,1.0,0.0,0.0,0.0,4,0,0
1712,46,18,28,6,20,4,16,13,6,1,2,0,0,0,0,0,9,1,0,0,1,0,1,0.962962962962963,1.0,1.0,0.0,0.0,0.1111111111111111,4,0,1
1713,45,17,28,6,19,4,16,13,6,1,2,0,0,0,0,0,6,0,0,0,1,0,1,0.9615384615384616,1.0,1.0,0.0,0.0,0.0,4,0,1
1714,49,19,30,10,19,4,16,13,7,1,3,0,0,0,0,0,10,2,0,1,0,0,0,1.0,1.0,1.0,0.08888888888888889,0.08888888888888889,0.2,4,4,0
1715,49,19,30,10,19,4,16,13,8,2,3,0,0,0,0,0,8,1,1,0,0,0,0,1.0,1.0,1.0,0.0,0.0,0.125,4,0,0
1716,49,19,30,10,19,4,16,13,8,1,3,0,0,0,0,0,0,0,0,0,0,0,0,1.0,1.0,1.0,0.0,0.0,0.0,4,0,0
1717,49,19,30,7,22,4,16,13,8,1,3,0,0,0,0,0,1,0,0,0,0,0,0,1.0,1.0,1.0,0.0,0.0,0.0,4,0,0
1718,49,19,30,7,22,4,16,13,9,1,3,0,0,0,0,0,6,1,0,0,0,0,0,1.0,1.0,1.0,0.0,0.0,0.16666666666666666,4,0,0
1719,49,19,30,7,22,4,16,13,9,1,2,0,0,0,0,0,0,0,0,0,0,0,0,1.0,1.0,1.0,0.0,0.0,0.0,4,0,0
1720,49,19,30,7,22,4,16,13,10,1,2,0,0,0,0,0,5,1,0,0,0,0,0,1.0,1.0,1.0,0.0,0.0,0.2,4,0,0
1721,51,18,33,11,21,3,16,13,9,1,3,0,0,0,0,0,0,0,0,1,1,0,1,0.9655172413793104,1.0,1.0,0.08163265306122448,0.08163265306122448,0.0,4,4,2
1722,51,18,33,11,21,3,16,13,9,1,3,0,0,0,0,0,0,0,0,0,0,0,0,1.0,1.0,1.0,0.0,0.0,0.0,4,0,0
1723,51,18,33,11,21,3,16,13,9,1,3,0,0,0,0,0,0,0,0,0,0,0,0,1.0,1.0,1.0,0.0,0.0,0.0,4,0,0
1724,51,18,33,11,21,3,16,13,9,1,3,0,0,0,0,0,0,0,0,0,0,0,0,1.0,1.0,1.0,0.0,0.0,0.0,4,0,0
1725,51,18,33,11,21,3,16,13,9,1,3,0,0,0,0,0,0,0,0,0,0,0,0,1.0,1.0,1.0,0.0,0.0,0.0,4,0,0
1726,51,18,33,11,21,3,16,13,9,1,3,0,0,0,0,0,0,0,0,0,0,0,0,1.0,1.0,1.0,0.0,0.0,0.0,4,0,0
1727,50,18,32,11,21,3,15,12,8,1,3,0,0,0,0,0,0,0,0,0,0,0,0,1.0,1.0,0.9230769230769231,0.0,0.0,0.0,4,0,1
1728,53,19,34,14,21,2,16,13,7,1,4,0,0,0,0,0,1,0,0,1,0,0,0,1.0,1.0,1.0,0.06,0.06,0.0,4,3,0
1729,53,19,34,14,21,2,16,13,7,1,4,0,0,0,0,0,0,0,0,0,0,0,0,1.0,1.0,1.0,0.0,0.0,0.0,4,0,0
1730,53,19,34,14,21,2,16,13,7,1,4,0,0,0,0,0,0,0,0,0,0,0,0,1.0,1.0,1.0,0.0,0.0,0.0,4,0,0
1731,53,19,34,14,21,2,16,13,7,1,4,0,0,0,0,0,0,0,0,0,0,0,0,1.0,1.0,1.0,0.0,0.0,0.0,4,0,0
1732,52,18,34,14,20,2,16,13,7,1,4,0,0,0,0,0,0,0,0,0,1,0,1,0.9714285714285714,1.0,1.0,0.0,0.0,0.0,4,0,1
1733,52,18,34,14,20,2,16,13,7,1,4,0,0,0,0,0,0,0,0,0,0,0,0,1.0,1.0,1.0,0.0,0.0,0.0,4,0,0
1734,52,18,34,14,20,2,16,13,7,1,4,0,0,0,0,0,0,0,0,0,0,0,0,1.0,1.0,1.0,0.0,0.0,0.0,4,0,0
1735,52,18,34,14,20,2,16,13,7,1,4,0,0,0,0,0,0,0,0,0,0,2,0,1.0,1.0,1.0,0.0,0.0,0.0,4,0,0
1736,52,18,34,14,20,2,16,13,7,1,4,0,0,0,0,0,0,0,0,0,0,2,0,1.0,1.0,1.0,0.0,0.0,0.0,4,0,0
1737,52,18,34,14,20,2,16,13,7,1,4,0,0,0,0,0,6,0,0,0,0,0,0,1.0,1.0,1.0,0.0,0.0,0.0,4,0,0
1738,52,18,34,14,20,2,16,13,8,1,4,0,0,0,0,0,3,1,0,0,0,0,0,1.0,1.0,1.0,0.0,0.0,0.3333333333333333,4,0,0
1739,56,20,36,18,18,4,16,13,7,1,5,0,0,0,0,0,0,0,0,1,0,0,0,1.0,1.0,1.0,0.07692307692307693,0.07692307692307693,0.0,4,4,0
1740,55,19,36,18,15,6,16,13,7,1,5,0,0,0,0,0,0,0,0,0,1,0,1,0.9705882352941176,1.0,1.0,0.0,0.0,0.0,4,0,1
1741,55,19,36,15,18,6,16,13,7,1,5,0,0,0,0,0,0,0,0,0,0,0,0,1.0,1.0,1.0,0.0,0.0,0.0,4,0,0
1742,55,19,36,15,18,6,16,13,7,1,5,0,0,0,0,0,0,0,0,0,0,0,0,1.0,1.0,1.0,0.0,0.0,0.0,4,0,0
1743,55,19,36,15,18,6,16,13,7,1,4,0,0,0,0,0,0,0,0,0,0,0,0,1.0,1.0,1.0,0.0,0.0,0.0,4,0,0
1744,54,18,36,15,17,6,16,13,8,1,4,0,0,0,0,0,7,1,0,0,1,0,1,0.9696969696969697,1.0,1.0,0.0,0.0,0.14285714285714285,4,0,1
1745,54,18,36,15,17,5,17,13,8,1,4,0,0,0,0,0,0,0,0,0,0,0,0,1.0,1.0,1.0,0.0,0.0,0.0,4,0,0
1746,53,17,36,15,16,5,17,13,8,1,4,0,0,0,0,0,0,0,0,0,1,0,1,0.96875,1.0,1.0,0.0,0.0,0.0,4,0,1
1747,53,17,36,15,16,5,17,13,8,1,4,0,0,0,0,0,0,0,0,0,0,0,0,1.0,1.0,1.0,0.0,0.0,0.0,4,0,0
1748,52,17,35,15,15,5,17,13,8,1,4,0,0,0,0,0,0,0,0,0,1,0,1,0.967741935483871,1.0,1.0,0.0,0.0,0.0,4,0,1
1749,52,17,35,15,15,5,17,13,8,1,4,0,0,0,0,0,0,0,0,0,0,0,0,1.0,1.0,1.0,0.0,0.0,0.0,4,0,0
1750,56,19,37,19,15,5,17,13,7,1,5,0,0,0,0,0,0,0,0,1,0,0,0,1.0,1.0,1.0,0.07692307692307693,0.07692307692307693,0.0,4,4,0
1751,56,19,37,19,15,5,17,13,7,1,5,0,0,0,0,0,0,0,0,0,0,0,0,1.0,1.0,1.0,0.0,0.0,0.0,4,0,0
1752,56,19,37,19,15,5,17,13,7,1,5,0,0,0,0,0,0,0,0,0,0,0,0,1.0,1.0,1.0,0.0,0.0,0.0,4,0,0
1753,54,18,36,19,13,5,17,13,7,1,5,0,0,0,0,0,0,0,0,0,2,0,2,0.9411764705882353,1.0,1.0,0.0,0.0,0.0,4,0,2
1754,53,17,36,18,13,5,17,13,7,1,5,0,0,0,0,0,0,0,0,0,1,0,1,0.96875,1.0,1.0,0.0,0.0,0.0,4,0,1
1755,52,17,35,17,13,5,17,13,7,1,5,0,0,0,0,0,0,0,0,0,1,0,1,0.967741935483871,1.0,1.0,0.0,0.0,0.0,4,0,1
1756,52,17,35,17,13,5,17,13,7,1,5,0,0,0,0,0,0,0,0,0,0,0,0,1.0,1.0,1.0,0.0,0.0,0.0,4,0,0
1757,51,16,35,12,17,5,17,13,7,1,5,0,0,0,0,0,0,0,0,0,1,0,1,0.9666666666666667,1.0,1.0,0.0,0.0,0.0,4,0,1
1758,51,16,35,12,17,5,17,13,7,1,5,0,0,0,0,0,0,0,0,0,0,0,0,1.0,1.0,1.0,0.0,0.0,0.0,4,0,0
1759,51,16,35,12,17,5,17,13,7,1,4,0,0,0,0,0,0,0,0,0,0,0,0,1.0,1.0,1.0,0.0,0.0,0.0,4,0,0
1760,50,16,34,11,17,5,17,13,7,0,4,0,0,0,0,0,1,0,0,0,1,0,1,0.9655172413793104,1.0,1.0,0.0,0.0,0.0,4,0,1
1761,49,16,33,11,16,5,17,13,7,0,4,0,0,0,0,0,1,0,0,0,1,0,1,0.9642857142857143,1.0,1.0,0.0,0.0,0.0,4,0,1
1762,48,16,32,11,15,5,17,13,7,0,4,0,0,0,0,0,1,0,0,0,1,0,1,0.962962962962963,1.0,1.0,0.0,0.0,0.0,4,0,1
1763,48,16,32,11,15,5,17,13,7,0,4,0,0,0,0,0,1,0,0,0,0,0,0,1.0,1.0,1.0,0.0,0.0,0.0,4,0,0
1764,48,16,32,7,19,5,17,13,7,0,4,0,0,0,0,0,1,0,0,0,0,0,0,1.0,1.0,1.0,0.0,0.0,0.0,4,0,0
1765,47,16,31,7,19,5,16,12,6,0,4,0,0,0,0,0,1,0,0,0,0,0,0,1.0,1.0,0.9230769230769231,0.0,0.0,0.0,4,0,1
1766,47,16,31,7,19,5,16,12,6,0,3,0,0,0,0,0,1,0,0,0,0,0,0,1.0,1.0,1.0,0.0,0.0,0.0,4,0,0
1767,47,16,31,7,19,5,16,12,6,0,3,0,0,0,0,0,1,0,0,0,0,0,0,1.0,1.0,1.0,0.0,0.0,0.0,4,0,0
1768,47,16,31,7,19,5,16,12,6,0,3,0,0,0,0,0,1,0,0,0,0,0,0,1.0,1.0,1.0,0.0,0.0,0.0,4,0,0
1769,47,16,31,7,19,5,16,12,6,0,3,0,0,0,0,0,1,0,0,0,0,0,0,1.0,1.0,1.0,0.0,0.0,0.0,4,0,0
1770,47,16,31,7,19,5,16,12,6,0,3,0,0,0,0,0,1,0,0,0,0,0,0,1.0,1.0,1.0,0.0,0.0,0.0,4,0,0
1771,47,16,31,5,21,5,16,12,6,0,3,0,0,0,0,0,1,0,0,0,0,0,0,1.0,1.0,1.0,0.0,0.0,0.0,4,0,0
1772,47,16,31,5,21,5,16,12,6,0,3,0,0,0,0,0,1,0,0,0,0,0,0,1.0,1.0,1.0,0.0,0.0,0.0,4,0,0
1773,47,16,31,5,21,5,16,12,6,0,2,0,0,0,0,0,1,0,0,0,0,0,0,1.0,1.0,1.0,0.0,0.0,0.0,4,0,0
1774,47,16,31,5,21,5,16,12,6,0,2,0,0,0,0,0,1,0,0,0,0,0,0,1.0,1.0,1.0,0.0,0.0,0.0,4,0,0
1775,45,14,31,5,19,5,16,12,6,0,2,0,0,0,0,0,1,0,0,0,2,0,2,0.9230769230769231,1.0,1.0,0.0,0.0,0.0,4,0,2
1776,45,14,31,5,19,5,16,12,6,0,2,0,0,0,0,0,1,0,0,0,0,0,0,1.0,1.0,1.0,0.0,0.0,0.0,4,0,0
1777,44,13,31,5,18,5,16,12,6,0,2,0,0,0,0,0,1,0,0,0,1,0,1,0.9583333333333334,1.0,1.0,0.0,0.0,0.0,4,0,1
1778,44,13,31,5,18,4,17,13,6,0,2,0,0,0,0,0,1,0,0,0,0,0,0,1.0,1.0,1.0,0.0,0.0,0.0,4,0,0
1779,47,14,33,8,18,4,17,13,5,0,3,0,0,0,0,0,1,0,0,1,0,0,0,1.0,1.0,1.0,0.06818181818181818,0.06818181818181818,0.0,4,3,0
1780,51,16,35,12,18,4,17,13,4,0,4,0,0,0,0,0,1,0,0,1,0,0,0,1.0,1.0,1.0,0.0851063829787234,0.0851063829787234,0.0,4,4,0
1781,51,16,35,12,18,4,17,13,4,0,4,0,0,0,0,0,1,0,0,0,0,0,0,1.0,1.0,1.0,0.0,0.0,0.0,4,0,0
1782,51,16,35,9,21,4,17,13,4,0,4,0,0,0,0,0,1,0,0,0,0,0,0,1.0,1.0,1.0,0.0,0.0,0.0,4,0,0
1783,55,18,37,13,21,4,17,13,3,0,5,0,0,0,0,0,1,0,0,1,0,0,0,1.0,1.0,1.0,0.0784313725490196,0.0784313725490196,0.0,4,4,0
1784,55,18,37,13,21,4,17,13,3,0,4,0,0,0,0,0,1,0,0,0,0,0,0,1.0,1.0,1.0,0.0,0.0,0.0,4,0,0
1785,57,19,38,16,20,4,17,13,2,0,5,0,0,0,0,0,1,0,0,1,1,0,1,0.9705882352941176,1.0,1.0,0.05454545454545454,0.05454545454545454,0.0,4,3,1
1786,57,19,38,16,20,4,17,13,2,0,5,0,0,0,0,0,1,0,0,0,0,0,0,1.0,1.0,1.0,0.0,0.0,0.0,4,0,0
1787,57,19,38,16,20,4,17,13,2,0,5,0,0,0,0,0,1,0,0,0,0,1,0,1.0,1.0,1.0,0.0,0.0,0.0,4,0,0
1788,57,19,38,16,20,4,17,13,2,0,5,0,0,0,0,0,1,0,0,0,0,0,0,1.0,1.0,1.0,0.0,0.0,0.0,4,0,0
1789,56,19,37,16,19,4,17,13,2,0,5,0,0,0,0,0,1,0,0,0,1,0,1,0.9722222222222222,1.0,1.0,0.0,0.0,0.0,4,0,1
1790,55,19,36,16,18,4,17,13,2,0,5,0,0,0,0,0,1,0,0,0,1,0,1,0.9714285714285714,1.0,1.0,0.0,0.0,0.0,4,0,1
1791,54,18,36,16,16,5,17,13,2,0,5,0,0,0,0,0,1,0,0,0,1,0,1,0.9696969696969697,1.0,1.0,0.0,0.0,0.0,4,0,1
1792,52,18,34,15,15,5,17,13,2,0,5,0,0,0,0,0,1,0,0,0,2,0,2,0.9375,1.0,1.0,0.0,0.0,0.0,4,0,2
1793,52,18,34,14,16,5,17,13,2,0,5,0,0,0,0,0,1,0,0,0,0,0,0,1.0,1.0,1.0,0.0,0.0,0.0,4,0,0
1794,52,18,34,14,16,5,17,13,2,0,5,0,0,0,0,0,1,0,0,0,0,0,0,1.0,1.0,1.0,0.0,0.0,0.0,4,0,0
1795,51,18,33,14,15,5,17,13,2,0,4,0,0,0,0,0,1,0,0,0,1,0,1,0.9666666666666667,1.0,1.0,0.0,0.0,0.0,4,0,1
1796,51,18,33,14,15,5,17,13,2,0,4,0,0,0,0,0,1,0,0,0,0,0,0,1.0,1.0,1.0,0.0,0.0,0.0,4,0,0
1797,50,17,33,14,14,5,17,13,2,0,4,0,0,0,0,0,1,0,0,0,1,0,1,0.9655172413793104,1.0,1.0,0.0,0.0,0.0,4,0,1
1798,50,17,33,14,14,5,17,13,2,0,4,0,0,0,0,0,1,0,0,0,0,0,0,1.0,1.0,1.0,0.0,0.0,0.0,4,0,0
1799,48,15,33,13,13,5,17,13,2,0,4,0,0,0,0,0,1,0,0,0,2,0,2,0.9285714285714286,1.0,1.0,0.0,0.0,0.0,4,0,2
1800,48,15,33,13,13,5,17,13,2,0,4,0,0,0,0,0,1,0,0,0,0,0,0,1.0,1.0,1.0,0.0,0.0,0.0,4,0,0
1801,48,15,33,13,13,5,17,13,2,0,4,0,0,0,0,0,1,0,0,0,0,0,0,1.0,1.0,1.0,0.0,0.0,0.0,4,0,0
1802,48,15,33,13,13,5,17,13,2,0,4,0,0,0,0,0,1,0,0,0,0,0,0,1.0,1.0,1.0,0.0,0.0,0.0,4,0,0
1803,52,17,35,17,13,5,17,13,1,0,5,0,0,0,0,0,1,0,0,1,0,0,0,1.0,1.0,1.0,0.08333333333333333,0.08333333333333333,0.0,4,4,0
1804,52,17,35,17,13,5,17,13,1,0,5,0,0,0,0,0,1,0,0,0,0,0,0,1.0,1.0,1.0,0.0,0.0,0.0,4,0,0
1805,50,17,33,15,13,5,17,13,1,0,5,0,0,0,0,0,1,0,0,0,2,0,2,0.9333333333333333,1.0,1.0,0.0,0.0,0.0,4,0,2
1806,50,17,33,15,13,5,17,13,1,0,5,0,0,0,0,0,1,0,0,0,0,0,0,1.0,1.0,1.0,0.0,0.0,0.0,4,0,0
1807,48,16,32,14,12,5,17,13,1,0,5,0,0,0,0,0,1,0,0,0,2,0,2,0.9285714285714286,1.0,1.0,0.0,0.0,0.0,4,0,2
1808,48,16,32,14,12,5,17,13,1,0,5,0,0,0,0,0,1,0,0,0,0,0,0,1.0,1.0,1.0,0.0,0.0,0.0,4,0,0
1809,52,17,35,18,12,5,17,13,0,0,6,0,0,0,0,0,1,0,0,1,0,0,0,1.0,1.0,1.0,0.08333333333333333,0.08333333333333333,0.0,4,4,0
1810,52,17,35,18,12,5,17,13,0,0,6,0,0,0,0,0,1,0,0,0,0,0,0,1.0,1.0,1.0,0.0,0.0,0.0,4,0,0
1811,52,17,35,18,12,5,17,13,0,0,6,0,0,0,0,0,1,0,0,0,0,0,0,1.0,1.0,1.0,0.0,0.0,0.0,4,0,0
1812,52,17,35,18,12,5,17,13,0,0,6,0,0,0,0,0,1,0,0,0,0,0,0,1.0,1.0,1.0,0.0,0.0,0.0,4,0,0
1813,52,17,35,18,12,5,17,13,0,0,6,0,0,0,0,0,1,0,0,0,0,0,0,1.0,1.0,1.0,0.0,0.0,0.0,4,0,0
1814,52,17,35,18,12,5,17,13,0,0,6,0,0,0,0,0,1,0,0,0,0,0,0,1.0,1.0,1.0,0.0,0.0,0.0,4,0,0
1815,52,17,35,18,12,5,17,13,0,0,6,0,0,0,0,0,1,0,0,0,0,0,0,1.0,1.0,1.0,0.0,0.0,0.0,4,0,0
1816,51,17,34,18,11,5,17,13,0,0,6,0,0,0,0,0,1,0,0,0,1,0,1,0.9666666666666667,1.0,1.0,0.0,0.0,0.0,4,0,1
1817,51,17,34,18,11,5,17,13,0,0,6,0,0,0,0,0,1,0,0,0,0,0,0,1.0,1.0,1.0,0.0,0.0,0.0,4,0,0
1818,51,17,34,18,11,5,17,13,0,0,6,0,0,0,0,0,1,0,0,0,0,0,0,1.0,1.0,1.0,0.0,0.0,0.0,4,0,0
1819,51,17,34,18,11,5,17,13,0,0,6,0,0,0,0,0,1,0,0,0,0,0,0,1.0,1.0,1.0,0.0,0.0,0.0,4,0,0
1820,50,17,33,18,10,5,17,13,0,0,6,0,0,0,0,0,1,0,0,0,1,0,1,0.9655172413793104,1.0,1.0,0.0,0.0,0.0,4,0,1
1821,50,17,33,18,10,5,17,13,0,0,6,0,0,0,0,0,1,0,0,0,0,0,0,1.0,1.0,1.0,0.0,0.0,0.0,4,0,0
1822,50,17,33,15,13,5,17,13,0,0,6,0,0,0,0,0,1,0,0,0,0,0,0,1.0,1.0,1.0,0.0,0.0,0.0,4,0,0
1823,49,16,33,12,15,5,17,13,0,0,6,0,0,0,0,0,1,0,0,0,1,0,1,0.9642857142857143,1.0,1.0,0.0,0.0,0.0,4,0,1
1824,49,16,33,12,15,5,17,13,0,0,5,0,0,0,0,0,1,0,0,0,0,0,0,1.0,1.0,1.0,0.0,0.0,0.0,4,0,0
1825,48,16,32,11,15,5,17,13,0,0,4,0,0,0,0,0,1,0,0,0,1,0,1,0.962962962962963,1.0,1.0,0.0,0.0,0.0,4,0,1
1826,48,16,32,11,15,5,17,13,0,0,4,0,0,0,0,0,1,0,0,0,0,0,0,1.0,1.0,1.0,0.0,0.0,0.0,4,0,0
1827,48,16,32,11,15,5,17,13,0,0,4,0,0,0,0,0,1,0,0,0,0,0,0,1.0,1.0,1.0,0.0,0.0,0.0,4,0,0
1828,48,16,32,8,18,5,17,13,0,0,3,0,0,0,0,0,1,0,0,0,0,0,0,1.0,1.0,1.0,0.0,0.0,0.0,4,0,0
1829,48,16,32,8,18,5,17,13,0,0,3,0,0,0,0,0,1,0,0,0,0,0,0,1.0,1.0,1.0,0.0,0.0,0.0,4,0,0
1830,48,16,32,8,18,5,17,13,0,0,2,0,0,0,0,0,1,0,0,0,0,0,0,1.0,1.0,1.0,0.0,0.0,0.0,4,0,0
1831,48,16,32,8,18,5,17,13,0,0,2,0,0,0,0,0,1,0,0,0,0,0,0,1.0,1.0,1.0,0.0,0.0,0.0,4,0,0
1832,48,16,32,8,18,5,17,13,0,0,2,0,0,0,0,0,1,0,0,0,0,0,0,1.0,1.0,1.0,0.0,0.0,0.0,4,0,0
1833,48,16,32,8,18,5,17,13,0,0,2,0,0,0,0,0,1,0,0,0,0,0,0,1.0,1.0,1.0,0.0,0.0,0.0,4,0,0
1834,48,16,32,8,18,5,17,13,0,0,2,0,0,0,0,0,1,0,0,0,0,0,0,1.0,1.0,1.0,0.0,0.0,0.0,4,0,0
1835,48,16,32,8,18,5,17,13,0,0,2,0,0,0,0,0,1,0,0,0,0,0,0,1.0,1.0,1.0,0.0,0.0,0.0,4,0,0
1836,48,16,32,8,18,5,17,13,0,0,2,0,0,0,0,0,1,0,0,0,0,0,0,1.0,1.0,1.0,0.0,0.0,0.0,4,0,0
1837,47,16,31,8,17,5,17,13,0,0,2,0,0,0,0,0,1,0,0,0,1,0,1,0.9615384615384616,1.0,1.0,0.0,0.0,0.0,4,0,1
1838,47,16,31,8,17,5,17,13,0,0,2,0,0,0,0,0,1,0,0,0,0,0,0,1.0,1.0,1.0,0.0,0.0,0.0,4,0,0
1839,47,16,31,8,17,5,17,13,0,0,2,0,0,0,0,0,1,0,0,0,0,0,0,1.0,1.0,1.0,0.0,0.0,0.0,4,0,0
1840,46,15,31,8,16,5,17,13,0,0,2,0,0,0,0,0,1,0,0,0,1,0,1,0.96,1.0,1.0,0.0,0.0,0.0,4,0,1
1841,46,15,31,8,16,5,17,13,0,0,2,0,0,0,0,0,1,0,0,0,0,0,0,1.0,1.0,1.0,0.0,0.0,0.0,4,0,0
1842,46,15,31,8,16,5,17,13,0,0,2,0,0,0,0,0,1,0,0,0,0,0,0,1.0,1.0,1.0,0.0,0.0,0.0,4,0,0
1843,45,15,30,7,16,5,17,13,0,0,2,0,0,0,0,0,1,0,0,0,1,0,1,0.9583333333333334,1.0,1.0,0.0,0.0,0.0,4,0,1
1844,45,15,30,7,16,5,17,13,0,0,2,0,0,0,0,0,1,0,0,0,0,0,0,1.0,1.0,1.0,0.0,0.0,0.0,4,0,0
1845,45,15,30,7,16,5,17,13,0,0,2,0,0,0,0,0,1,0,0,0,0,0,0,1.0,1.0,1.0,0.0,0.0,0.0,4,0,0
1846,45,15,30,3,20,5,17,13,0,0,2,0,0,0,0,0,1,0,0,0,0,2,0,1.0,1.0,1.0,0.0,0.0,0.0,4,0,0
1847,45,15,30,3,20,5,17,13,0,0,2,0,0,0,0,0,1,0,0,0,0,2,0,1.0,1.0,1.0,0.0,0.0,0.0,4,0,0
1848,45,15,30,3,20,5,17,13,0,0,1,0,0,0,0,0,1,0,0,0,0,0,0,1.0,1.0,1.0,0.0,0.0,0.0,4,0,0
1849,45,15,30,3,20,5,17,13,0,0,1,0,0,0,0,0,1,0,0,0,0,0,0,1.0,1.0,1.0,0.0,0.0,0.0,4,0,0
1850,45,15,30,3,18,7,17,13,0,0,1,0,0,0,0,0,1,0,0,0,0,0,0,1.0,1.0,1.0,0.0,0.0,0.0,4,0,0
1851,45,15,30,3,16,9,17,13,0,0,1,0,0,0,0,0,1,0,0,0,0,0,0,1.0,1.0,1.0,0.0,0.0,0.0,4,0,0
1852,45,15,30,0,19,9,17,13,0,0,1,0,0,0,0,0,1,0,0,0,0,0,0,1.0,1.0,1.0,0.0,0.0,0.0,4,0,0
1853,45,15,30,0,19,9,17,13,0,0,1,0,0,0,0,0,1,0,0,0,0,0,0,1.0,1.0,1.0,0.0,0.0,0.0,4,0,0
1854,45,15,30,0,19,9,17,13,0,0,0,0,0,0,0,0,1,0,0,0,0,0,0,1.0,1.0,1.0,0.0,0.0,0.0,4,0,0
1855,45,15,30,0,19,9,17,13,5,2,0,0,0,0,0,0,17,5,2,0,0,0,0,1.0,1.0,1.0,0.0,0.0,0.29411764705882354,4,0,0
1856,45,15,30,0,19,9,17,13,6,2,0,0,0,0,0,0,9,1,0,0,0,0,0,1.0,1.0,1.0,0.0,0.0,0.1111111111111111,4,0,0
1857,45,15,30,0,19,9,17,13,7,2,0,0,0,0,0,0,4,1,0,0,0,0,0,1.0,1.0,1.0,0.0,0.0,0.25,4,0,0
1858,45,15,30,0,19,9,17,13,8,2,0,0,0,0,0,0,3,1,0,0,0,0,0,1.0,1.0,1.0,0.0,0.0,0.3333333333333333,4,0,0
1859,45,15,30,0,19,9,17,13,8,3,0,0,0,0,0,0,2,0,1,0,0,0,0,1.0,1.0,1.0,0.0,0.0,0.0,4,0,0
1860,45,15,30,0,19,9,17,13,8,3,0,0,0,0,0,0,0,0,0,0,0,0,0,1.0,1.0,1.0,0.0,0.0,0.0,4,0,0
1861,45,15,30,0,19,9,17,13,8,3,0,0,0,0,0,0,0,0,0,0,0,0,0,1.0,1.0,1.0,0.0,0.0,0.0,4,0,0
1862,45,15,30,0,19,9,17,13,8,3,0,0,0,0,0,0,0,0,0,0,0,0,0,1.0,1.0,1.0,0.0,0.0,0.0,4,0,0
1863,45,15,30,0,19,9,17,13,8,3,0,0,0,0,0,0,0,0,0,0,0,0,0,1.0,1.0,1.0,0.0,0.0,0.0,4,0,0
1864,45,15,30,0,19,9,17,13,8,3,0,0,0,0,0,0,0,0,0,0,0,0,0,1.0,1.0,1.0,0.0,0.0,0.0,4,0,0
1865,45,15,30,0,19,9,17,13,8,3,0,0,0,0,0,0,0,0,0,0,0,0,0,1.0,1.0,1.0,0.0,0.0,0.0,4,0,0
1866,45,15,30,0,19,9,17,13,8,3,0,0,0,0,0,0,0,0,0,0,0,0,0,1.0,1.0,1.0,0.0,0.0,0.0,4,0,0
1867,45,15,30,0,19,9,17,13,8,3,0,0,0,0,0,0,0,0,0,0,0,0,0,1.0,1.0,1.0,0.0,0.0,0.0,4,0,0
1868,45,15,30,0,19,9,17,13,9,3,0,0,0,0,0,0,4,1,0,0,0,0,0,1.0,1.0,1.0,0.0,0.0,0.25,4,0,0
1869,44,14,30,0,18,9,17,13,10,3,0,0,0,0,0,0,2,1,0,0,1,0,1,0.9473684210526316,1.0,1.0,0.0,0.0,0.5,4,0,1
1870,44,14,30,0,18,9,17,13,10,3,0,0,0,0,0,0,0,0,0,0,0,0,0,1.0,1.0,1.0,0.0,0.0,0.0,4,0,0
1871,44,14,30,0,18,9,17,13,10,3,0,0,0,0,0,0,0,0,0,0,0,0,0,1.0,1.0,1.0,0.0,0.0,0.0,4,0,0
1872,44,14,30,0,18,9,17,13,10,3,0,0,0,0,0,0,0,0,0,0,0,0,0,1.0,1.0,1.0,0.0,0.0,0.0,4,0,0
1873,44,14,30,0,18,9,17,13,10,3,0,0,0,0,0,0,0,0,0,0,0,0,0,1.0,1.0,1.0,0.0,0.0,0.0,4,0,0
1874,44,14,30,0,18,8,18,13,10,3,0,0,0,0,0,0,0,0,0,0,0,0,0,1.0,1.0,1.0,0.0,0.0,0.0,4,0,0
1875,44,14,30,0,18,7,19,13,10,3,0,0,0,0,0,0,0,0,0,0,0,0,0,1.0,1.0,1.0,0.0,0.0,0.0,4,0,0
1876,44,14,30,0,18,7,19,13,10,3,0,0,0,0,0,0,0,0,0,0,0,0,0,1.0,1.0,1.0,0.0,0.0,0.0,4,0,0
1877,44,14,30,0,18,7,19,13,10,3,0,0,0,0,0,0,0,0,0,0,0,0,0,1.0,1.0,1.0,0.0,0.0,0.0,4,0,0
1878,44,14,30,0,18,7,19,13,10,3,0,0,0,0,0,0,0,0,0,0,0,0,0,1.0,1.0,1.0,0.0,0.0,0.0,4,0,0
1879,44,14,30,0,18,7,19,13,10,3,0,0,0,0,0,0,0,0,0,0,0,0,0,1.0,1.0,1.0,0.0,0.0,0.0,4,0,0
1880,44,14,30,0,18,7,19,13,10,3,0,0,0,0,0,0,0,0,0,0,0,0,0,1.0,1.0,1.0,0.0,0.0,0.0,4,0,0
1881,44,14,30,0,18,7,19,13,10,3,0,0,0,0,0,0,0,0,0,0,0,0,0,1.0,1.0,1.0,0.0,0.0,0.0,4,0,0
1882,44,14,30,0,18,7,19,13,10,3,0,0,0,0,0,0,0,0,0,0,0,0,0,1.0,1.0,1.0,0.0,0.0,0.0,4,0,0
1883,44,14,30,0,18,7,19,13,10,3,0,0,0,0,0,0,0,0,0,0,0,0,0,1.0,1.0,1.0,0.0,0.0,0.0,4,0,0
1884,44,14,30,0,18,7,19,13,10,3,0,0,0,0,0,0,0,0,0,0,0,0,0,1.0,1.0,1.0,0.0,0.0,0.0,4,0,0
1885,44,14,30,0,18,7,19,13,10,3,0,0,0,0,0,0,0,0,0,0,0,0,0,1.0,1.0,1.0,0.0,0.0,0.0,4,0,0
1886,44,14,30,0,18,7,19,13,10,3,0,0,0,0,0,0,0,0,0,0,0,0,0,1.0,1.0,1.0,0.0,0.0,0.0,4,0,0
1887,44,14,30,0,18,7,19,13,10,3,0,0,0,0,0,0,0,0,0,0,0,0,0,1.0,1.0,1.0,0.0,0.0,0.0,4,0,0
1888,43,14,29,0,17,7,19,13,10,3,0,0,0,0,0,0,0,0,0,0,1,0,1,0.9444444444444444,1.0,1.0,0.0,0.0,0.0,4,0,1
1889,43,14,29,0,17,7,19,13,10,3,0,0,0,0,0,0,0,0,0,0,0,0,0,1.0,1.0,1.0,0.0,0.0,0.0,4,0,0
1890,43,14,29,0,17,7,19,13,10,3,0,0,0,0,0,0,0,0,0,0,0,0,0,1.0,1.0,1.0,0.0,0.0,0.0,4,0,0
1891,43,14,29,0,17,7,19,13,10,3,0,0,0,0,0,0,0,0,0,0,0,0,0,1.0,1.0,1.0,0.0,0.0,0.0,4,0,0
1892,43,14,29,0,17,6,20,14,10,3,0,0,0,0,0,0,0,0,0,0,0,0,0,1.0,1.0,1.0,0.0,0.0,0.0,4,0,0
1893,43,14,29,0,17,6,20,14,10,3,0,0,0,0,0,0,0,0,0,0,0,0,0,1.0,1.0,1.0,0.0,0.0,0.0,4,0,0
1894,43,14,29,0,17,6,20,14,11,3,0,0,0,0,0,0,4,1,0,0,0,1,0,1.0,1.0,1.0,0.0,0.0,0.25,4,0,0
1895,43,14,29,0,17,6,20,14,11,3,0,0,0,0,0,0,0,0,0,0,0,0,0,1.0,1.0,1.0,0.0,0.0,0.0,4,0,0
1896,43,14,29,0,17,6,20,14,11,3,0,0,0,0,0,0,0,0,0,0,0,0,0,1.0,1.0,1.0,0.0,0.0,0.0,4,0,0
1897,42,13,29,0,17,6,19,14,11,3,0,0,0,0,0,0,0,0,0,0,0,0,0,1.0,0.8333333333333334,1.0,0.0,0.0,0.0,4,0,1
1898,42,13,29,0,16,7,19,14,11,3,0,0,0,0,0,0,0,0,0,0,0,0,0,1.0,1.0,1.0,0.0,0.0,0.0,4,0,0
1899,42,13,29,0,16,7,19,14,11,3,0,0,0,0,0,0,0,0,0,0,0,0,0,1.0,1.0,1.0,0.0,0.0,0.0,4,0,0
1900,42,13,29,0,16,7,19,14,11,1,0,0,0,0,0,0,0,0,0,0,0,0,0,1.0,1.0,1.0,0.0,0.0,0.0,4,0,0
1901,42,13,29,0,16,7,19,14,11,2,0,0,0,0,0,0,3,0,1,0,0,3,0,1.0,1.0,1.0,0.0,0.0,0.0,4,0,0
1902,41,13,28,0,15,7,19,14,11,2,0,0,0,0,0,0,2,0,0,0,1,0,1,0.9375,1.0,1.0,0.0,0.0,0.0,4,0,1
1903,41,13,28,0,15,7,19,14,11,2,0,0,0,0,0,0,4,0,0,0,0,0,0,1.0,1.0,1.0,0.0,0.0,0.0,4,0,0
1904,41,13,28,0,15,7,19,14,12,1,0,0,0,0,0,0,2,1,0,0,0,0,0,1.0,1.0,1.0,0.0,0.0,0.5,4,0,0
1905,41,13,28,0,12,10,19,14,13,1,0,0,0,0,0,0,6,1,0,0,0,0,0,1.0,1.0,1.0,0.0,0.0,0.16666666666666666,4,0,0
1906,41,13,28,0,12,10,19,14,13,1,0,0,0,0,0,0,0,0,0,0,0,0,0,1.0,1.0,1.0,0.0,0.0,0.0,4,0,0
1907,41,13,28,0,12,9,20,15,14,1,0,0,0,0,0,0,5,1,0,0,0,0,0,1.0,1.0,1.0,0.0,0.0,0.2,4,0,0
1908,41,13,28,0,12,9,20,15,14,1,0,0,0,0,0,0,0,0,0,0,0,1,0,1.0,1.0,1.0,0.0,0.0,0.0,4,0,0
1909,41,13,28,0,12,9,20,15,14,1,0,0,0,0,0,0,0,0,0,0,0,0,0,1.0,1.0,1.0,0.0,0.0,0.0,4,0,0
1910,41,13,28,0,12,9,20,15,14,1,0,0,0,0,0,0,0,0,0,0,0,0,0,1.0,1.0,1.0,0.0,0.0,0.0,4,0,0
1911,41,13,28,0,12,9,20,15,14,1,0,0,0,0,0,0,0,0,0,0,0,0,0,1.0,1.0,1.0,0.0,0.0,0.0,4,0,0
1912,40,13,27,0,10,10,20,15,14,1,0,0,0,0,0,0,0,0,0,0,1,0,1,0.9090909090909091,1.0,1.0,0.0,0.0,0.0,4,0,1
1913,40,13,27,0,10,10,20,15,14,1,0,0,0,0,0,0,0,0,0,0,0,0,0,1.0,1.0,1.0,0.0,0.0,0.0,4,0,0
1914,40,13,27,0,10,9,21,16,14,1,0,0,0,0,0,0,0,0,0,0,0,0,0,1.0,1.0,1.0,0.0,0.0,0.0,4,0,0
1915,40,13,27,0,10,9,21,16,14,1,0,0,0,0,0,0,0,0,0,0,0,0,0,1.0,1.0,1.0,0.0,0.0,0.0,4,0,0
1916,40,13,27,0,10,9,21,16,14,1,0,0,0,0,0,0,0,0,0,0,0,0,0,1.0,1.0,1.0,0.0,0.0,0.0,4,0,0
1917,40,13,27,0,10,9,21,16,14,1,0,0,0,0,0,0,0,0,0,0,0,0,0,1.0,1.0,1.0,0.0,0.0,0.0,4,0,0
1918,40,13,27,0,10,9,21,16,14,1,0,0,0,0,0,0,0,0,0,0,0,0,0,1.0,1.0,1.0,0.0,0.0,0.0,4,0,0
1919,40,13,27,0,10,9,21,16,14,1,0,0,0,0,0,0,0,0,0,0,0,0,0,1.0,1.0,1.0,0.0,0.0,0.0,4,0,0
1920,58,20,38,18,10,9,21,16,10,1,5,0,0,0,0,0,8,1,0,5,0,0,0,1.0,1.0,1.0,0.45,0.45,0.125,4,18,0
1921,60,22,38,21,9,9,21,16,9,1,6,0,0,0,0,0,0,0,0,1,1,0,1,0.9642857142857143,1.0,1.0,0.05172413793103448,0.05172413793103448,0.0,4,3,1
1922,64,25,39,25,9,9,21,16,8,1,7,0,0,0,0,0,0,0,0,1,0,0,0,1.0,1.0,1.0,0.06666666666666667,0.06666666666666667,0.0,4,4,0
1923,67,27,40,28,9,9,21,16,7,1,8,0,0,0,0,0,0,0,0,1,0,0,0,1.0,1.0,1.0,0.046875,0.046875,0.0,4,3,0
1924,63,26,37,25,9,9,20,15,7,1,7,0,0,0,0,0,0,0,0,0,3,0,3,0.9189189189189189,1.0,0.9375,0.0,0.0,0.0,4,0,4
1925,62,26,36,25,9,9,19,14,7,1,6,0,0,0,0,0,0,0,0,0,0,0,0,1.0,1.0,0.9333333333333333,0.0,0.0,0.0,4,0,1
1926,60,25,35,23,9,9,19,14,7,1,6,0,0,0,0,0,0,0,0,0,2,0,2,0.9411764705882353,1.0,1.0,0.0,0.0,0.0,4,0,2
1927,60,25,35,23,9,9,19,14,7,1,6,0,0,0,0,0,0,0,0,0,0,0,0,1.0,1.0,1.0,0.0,0.0,0.0,4,0,0
1928,59,25,34,23,8,9,19,14,7,1,6,0,0,0,0,0,0,0,0,0,1,0,1,0.96875,1.0,1.0,0.0,0.0,0.0,4,0,1
1929,58,25,33,22,8,9,19,14,7,1,6,0,0,0,0,0,0,0,0,0,1,0,1,0.967741935483871,1.0,1.0,0.0,0.0,0.0,4,0,1
1930,54,22,32,19,7,9,19,14,7,1,6,0,0,0,0,0,0,0,0,0,4,0,4,0.8666666666666667,1.0,1.0,0.0,0.0,0.0,4,0,4
1931,54,22,32,19,7,9,19,14,7,1,6,0,0,0,0,0,0,0,0,0,0,0,0,1.0,1.0,1.0,0.0,0.0,0.0,4,0,0
1932,54,22,32,19,7,9,19,14,7,1,6,0,0,0,0,0,0,0,0,0,0,0,0,1.0,1.0,1.0,0.0,0.0,0.0,4,0,0
1933,57,23,34,22,7,9,19,14,6,1,7,0,0,0,0,0,0,0,0,1,1,0,1,0.9615384615384616,1.0,1.0,0.07407407407407407,0.07407407407407407,0.0,4,4,1
1934,60,24,36,25,7,9,19,14,5,1,8,0,0,0,0,0,0,0,0,1,0,0,0,1.0,1.0,1.0,0.05263157894736842,0.05263157894736842,0.0,4,3,0
1935,60,24,36,25,7,9,19,14,5,1,8,0,0,0,0,0,0,0,0,0,0,0,0,1.0,1.0,1.0,0.0,0.0,0.0,4,0,0
1936,60,24,36,25,7,9,19,14,5,1,8,0,0,0,0,0,0,0,0,0,0,0,0,1.0,1.0,1.0,0.0,0.0,0.0,4,0,0
1937,59,24,35,25,6,9,19,14,5,1,8,0,0,0,0,0,0,0,0,0,1,0,1,0.96875,1.0,1.0,0.0,0.0,0.0,4,0,1
1938,58,24,34,25,6,9,18,13,5,1,7,0,0,0,0,0,0,0,0,0,0,0,0,1.0,1.0,0.9285714285714286,0.0,0.0,0.0,4,0,1
1939,58,24,34,25,6,9,18,13,5,1,7,0,0,0,0,0,0,0,0,0,0,0,0,1.0,1.0,1.0,0.0,0.0,0.0,4,0,0
1940,57,24,33,24,6,9,18,13,5,1,7,0,0,0,0,0,0,0,0,0,1,0,1,0.967741935483871,1.0,1.0,0.0,0.0,0.0,4,0,1
1941,56,23,33,24,6,9,17,13,5,1,7,0,0,0,0,0,0,0,0,0,0,0,0,1.0,0.8,1.0,0.0,0.0,0.0,4,0,1
1942,56,23,33,24,6,9,17,13,5,1,7,0,0,0,0,0,0,0,0,0,0,0,0,1.0,1.0,1.0,0.0,0.0,0.0,4,0,0
1943,56,23,33,24,6,9,17,13,5,1,7,0,0,0,0,0,0,0,0,0,0,0,0,1.0,1.0,1.0,0.0,0.0,0.0,4,0,0
1944,55,23,32,24,5,9,17,13,5,1,7,0,0,0,0,0,0,0,0,0,1,0,1,0.9666666666666667,1.0,1.0,0.0,0.0,0.0,4,0,1
1945,54,22,32,24,5,9,16,13,5,1,7,0,0,0,0,0,0,0,0,0,0,0,0,1.0,0.75,1.0,0.0,0.0,0.0,4,0,1
1946,53,21,32,24,4,9,16,13,5,0,7,0,0,0,0,0,0,0,0,0,1,0,1,0.9655172413793104,1.0,1.0,0.0,0.0,0.0,4,0,1
1947,52,21,31,23,4,9,16,13,6,0,7,0,0,0,0,0,6,1,0,0,1,0,1,0.9642857142857143,1.0,1.0,0.0,0.0,0.16666666666666666,4,0,1
1948,51,20,31,22,4,9,16,13,6,0,7,0,0,0,0,0,0,0,0,0,1,0,1,0.962962962962963,1.0,1.0,0.0,0.0,0.0,4,0,1
1949,50,20,30,21,4,9,16,13,6,0,7,0,0,0,0,0,0,0,0,0,1,0,1,0.9615384615384616,1.0,1.0,0.0,0.0,0.0,4,0,1
1950,50,20,30,21,4,9,16,13,6,0,7,0,0,0,0,0,0,0,0,0,0,0,0,1.0,1.0,1.0,0.0,0.0,0.0,4,0,0
1951,50,20,30,21,4,9,16,13,6,0,7,0,0,0,0,0,0,0,0,0,0,0,0,1.0,1.0,1.0,0.0,0.0,0.0,4,0,0
1952,50,20,30,21,4,9,16,13,6,0,7,0,0,0,0,0,0,0,0,0,0,0,0,1.0,1.0,1.0,0.0,0.0,0.0,4,0,0
1953,50,20,30,21,4,8,17,14,6,0,7,0,0,0,0,0,0,0,0,0,0,0,0,1.0,1.0,1.0,0.0,0.0,0.0,4,0,0
1954,49,19,30,20,4,8,17,14,6,0,7,0,0,0,0,0,0,0,0,0,1,0,1,0.96,1.0,1.0,0.0,0.0,0.0,4,0,1
1955,49,19,30,20,4,8,17,14,6,0,7,0,0,0,0,0,0,0,0,0,0,0,0,1.0,1.0,1.0,0.0,0.0,0.0,4,0,0
1956,49,19,30,20,4,8,17,14,6,0,7,0,0,0,0,0,0,0,0,0,0,0,0,1.0,1.0,1.0,0.0,0.0,0.0,4,0,0
1957,49,19,30,20,4,8,17,14,6,0,7,0,0,0,0,0,0,0,0,0,0,0,0,1.0,1.0,1.0,0.0,0.0,0.0,4,0,0
1958,49,19,30,20,4,8,17,14,6,0,7,0,0,0,0,0,0,0,0,0,0,0,0,1.0,1.0,1.0,0.0,0.0,0.0,4,0,0
1959,53,21,32,24,4,8,17,14,5,0,8,0,0,0,0,0,4,0,0,1,0,2,0,1.0,1.0,1.0,0.08163265306122448,0.08163265306122448,0.0,4,4,0
1960,52,20,32,23,4,8,17,14,6,0,8,0,0,0,0,0,3,1,0,0,1,0,1,0.9642857142857143,1.0,1.0,0.0,0.0,0.3333333333333333,4,0,1
1961,52,20,32,23,4,8,17,14,6,0,8,0,0,0,0,0,0,0,0,0,0,0,0,1.0,1.0,1.0,0.0,0.0,0.0,4,0,0
1962,52,20,32,23,4,8,17,14,6,0,8,0,0,0,0,0,0,0,0,0,0,0,0,1.0,1.0,1.0,0.0,0.0,0.0,4,0,0
1963,52,20,32,16,9,10,17,14,6,0,8,0,0,0,0,0,0,0,0,0,0,0,0,1.0,1.0,1.0,0.0,0.0,0.0,4,0,0
1964,52,20,32,15,10,10,17,14,6,0,8,0,0,0,0,0,0,0,0,0,0,0,0,1.0,1.0,1.0,0.0,0.0,0.0,4,0,0
1965,51,20,31,13,11,10,17,14,6,0,4,0,0,0,0,0,0,0,0,0,1,0,1,0.96,1.0,1.0,0.0,0.0,0.0,4,0,1
1966,51,20,31,10,14,10,17,14,9,0,4,0,0,0,0,0,20,3,0,0,0,0,0,1.0,1.0,1.0,0.0,0.0,0.15,4,0,0
1967,51,20,31,10,14,10,17,14,10,0,4,0,0,0,0,0,7,1,0,0,0,0,0,1.0,1.0,1.0,0.0,0.0,0.14285714285714285,4,0,0
1968,51,20,31,10,14,10,17,14,10,0,3,0,0,0,0,0,0,0,0,0,0,0,0,1.0,1.0,1.0,0.0,0.0,0.0,4,0,0
1969,55,22,33,14,14,10,17,14,9,0,4,0,0,0,0,0,8,0,0,1,0,0,0,1.0,1.0,1.0,0.0784313725490196,0.0784313725490196,0.0,4,4,0
1970,57,23,34,17,13,10,17,14,8,0,5,0,0,0,0,0,2,0,0,1,1,0,1,0.9642857142857143,1.0,1.0,0.05454545454545454,0.05454545454545454,0.0,4,3,1
1971,56,23,33,17,13,10,16,13,8,0,5,0,0,0,0,0,0,0,0,0,0,0,0,1.0,1.0,0.9285714285714286,0.0,0.0,0.0,4,0,1
1972,60,24,36,21,13,10,16,13,7,0,6,0,0,0,0,0,0,0,0,1,0,0,0,1.0,1.0,1.0,0.07142857142857142,0.07142857142857142,0.0,4,4,0
1973,59,24,35,20,13,10,16,13,7,0,6,0,0,0,0,0,0,0,0,0,1,0,1,0.9705882352941176,1.0,1.0,0.0,0.0,0.0,4,0,1
1974,59,24,35,20,13,10,16,13,7,0,6,0,0,0,0,0,0,0,0,0,0,0,0,1.0,1.0,1.0,0.0,0.0,0.0,4,0,0
1975,59,24,35,20,13,10,16,13,7,0,6,0,0,0,0,0,0,0,0,0,0,0,0,1.0,1.0,1.0,0.0,0.0,0.0,4,0,0
1976,59,24,35,16,17,10,16,13,7,0,6,0,0,0,0,0,0,0,0,0,0,0,0,1.0,1.0,1.0,0.0,0.0,0.0,4,0,0
1977,59,24,35,14,19,10,16,13,7,0,6,0,0,0,0,0,0,0,0,0,0,0,0,1.0,1.0,1.0,0.0,0.0,0.0,4,0,0
1978,58,23,35,14,18,10,16,13,7,0,5,0,0,0,0,0,0,0,0,0,1,0,1,0.9696969696969697,1.0,1.0,0.0,0.0,0.0,4,0,1
1979,58,23,35,14,18,10,16,13,7,0,4,0,0,0,0,0,2,0,0,0,0,0,0,1.0,1.0,1.0,0.0,0.0,0.0,4,0,0
1980,58,23,35,14,18,10,16,13,7,0,4,0,0,0,0,0,4,0,0,0,0,0,0,1.0,1.0,1.0,0.0,0.0,0.0,4,0,0
1981,58,23,35,14,18,10,16,13,8,0,4,0,0,0,0,0,6,1,0,0,0,0,0,1.0,1.0,1.0,0.0,0.0,0.16666666666666666,4,0,0
1982,57,22,35,14,17,10,16,13,8,0,4,0,0,0,0,0,1,0,0,0,1,0,1,0.96875,1.0,1.0,0.0,0.0,0.0,4,0,1
1983,57,22,35,14,17,10,16,13,9,0,4,0,0,0,0,0,6,1,0,0,0,1,0,1.0,1.0,1.0,0.0,0.0,0.16666666666666666,4,0,0
1984,57,22,35,14,17,10,16,13,9,0,4,0,0,0,0,0,0,0,0,0,0,0,0,1.0,1.0,1.0,0.0,0.0,0.0,4,0,0
1985,61,23,38,18,17,9,17,13,8,0,5,0,0,0,0,0,0,0,0,1,0,0,0,1.0,1.0,1.0,0.07017543859649122,0.07017543859649122,0.0,4,4,0
1986,61,23,38,18,17,8,18,13,8,0,5,0,0,0,0,0,0,0,0,0,0,0,0,1.0,1.0,1.0,0.0,0.0,0.0,4,0,0
1987,61,23,38,18,16,9,18,13,8,0,5,0,0,0,0,0,0,0,0,0,0,0,0,1.0,1.0,1.0,0.0,0.0,0.0,4,0,0
1988,60,22,38,17,16,9,18,13,8,0,5,0,0,0,0,0,0,0,0,0,1,0,1,0.9705882352941176,1.0,1.0,0.0,0.0,0.0,4,0,1
1989,60,22,38,17,16,9,18,13,8,0,5,0,0,0,0,0,0,0,0,0,0,0,0,1.0,1.0,1.0,0.0,0.0,0.0,4,0,0
1990,60,22,38,17,16,9,18,13,8,0,5,0,0,0,0,0,0,0,0,0,0,0,0,1.0,1.0,1.0,0.0,0.0,0.0,4,0,0
1991,60,22,38,17,16,9,18,13,8,0,5,0,0,0,0,0,0,0,0,0,0,0,0,1.0,1.0,1.0,0.0,0.0,0.0,4,0,0
1992,60,22,38,17,16,9,18,13,8,0,5,0,0,0,0,0,0,0,0,0,0,0,0,1.0,1.0,1.0,0.0,0.0,0.0,4,0,0
1993,60,22,38,17,16,9,18,13,8,0,5,0,0,0,0,0,0,0,0,0,0,0,0,1.0,1.0,1.0,0.0,0.0,0.0,4,0,0
1994,59,22,37,16,16,9,18,13,8,0,5,0,0,0,0,0,0,0,0,0,1,0,1,0.9696969696969697,1.0,1.0,0.0,0.0,0.0,4,0,1
1995,59,22,37,16,16,9,18,13,8,0,5,0,0,0,0,0,0,0,0,0,0,0,0,1.0,1.0,1.0,0.0,0.0,0.0,4,0,0
1996,59,22,37,16,16,9,18,13,8,0,5,0,0,0,0,0,0,0,0,0,0,0,0,1.0,1.0,1.0,0.0,0.0,0.0,4,0,0
1997,59,22,37,16,16,9,18,13,8,0,5,0,0,0,0,0,0,0,0,0,0,0,0,1.0,1.0,1.0,0.0,0.0,0.0,4,0,0
1998,58,22,36,15,16,9,18,13,8,0,5,0,0,0,0,0,0,0,0,0,1,0,1,0.96875,1.0,1.0,0.0,0.0,0.0,4,0,1
1999,57,21,36,15,15,9,18,13,8,0,5,0,0,0,0,0,0,0,0,0,1,0,1,0.967741935483871,1.0,1.0,0.0,0.0,0.0,4,0,1
2000,56,20,36,15,14,9,18,13,8,0,5,0,0,0,0,0,0,0,0,0,1,0,1,0.9666666666666667,1.0,1.0,0.0,0.0,0.0,4,0,1
2001,56,20,36,15,14,9,18,13,8,0,5,0,0,0,0,0,0,0,0,0,0,0,0,1.0,1.0,1.0,0.0,0.0,0.0,4,0,0
2002,56,20,36,12,17,9,18,13,8,0,5,0,0,0,0,0,0,0,0,0,0,0,0,1.0,1.0,1.0,0.0,0.0,0.0,4,0,0
2003,56,20,36,12,17,9,18,13,8,0,5,0,0,0,0,0,0,0,0,0,0,0,0,1.0,1.0,1.0,0.0,0.0,0.0,4,0,0
2004,55,19,36,12,16,9,18,13,8,0,4,0,0,0,0,0,0,0,0,0,1,0,1,0.9655172413793104,1.0,1.0,0.0,0.0,0.0,4,0,1
2005,53,19,34,10,16,9,18,13,9,0,4,0,0,0,0,0,4,1,0,0,2,0,2,0.9285714285714286,1.0,1.0,0.0,0.0,0.25,4,0,2
2006,53,19,34,10,16,9,18,13,9,0,4,0,0,0,0,0,0,0,0,0,0,0,0,1.0,1.0,1.0,0.0,0.0,0.0,4,0,0
2007,53,19,34,10,16,9,18,13,9,0,4,0,0,0,0,0,0,0,0,0,0,0,0,1.0,1.0,1.0,0.0,0.0,0.0,4,0,0
2008,53,19,34,10,16,9,18,13,9,0,4,1,0,1,0,0,0,0,0,0,0,0,0,1.0,1.0,1.0,0.0,0.0,0.0,4,0,0
2009,53,19,34,10,16,9,18,13,9,0,4,1,2,0,2,0,0,0,0,0,0,0,0,1.0,1.0,1.0,0.0,0.0,0.0,4,0,0
2010,53,19,34,10,16,9,18,13,9,0,4,1,3,0,1,0,0,0,0,0,0,0,0,1.0,1.0,1.0,0.0,0.0,0.0,4,0,0
2011,52,18,34,10,15,8,19,14,9,1,4,2,4,1,1,0,5,0,1,0,1,0,1,0.9615384615384616,1.0,1.0,0.0,0.0,0.0,4,0,1
2012,55,19,36,10,18,8,19,14,8,1,5,2,5,0,1,0,0,0,0,1,0,0,0,1.0,1.0,1.0,0.057692307692307696,0.057692307692307696,0.0,4,3,0
2013,55,19,36,8,20,8,19,14,8,1,5,2,7,0,2,0,0,0,0,0,0,0,0,1.0,1.0,1.0,0.0,0.0,0.0,4,0,0
2014,55,19,36,8,20,8,19,14,8,1,4,3,9,1,2,0,0,0,0,0,0,0,0,1.0,1.0,1.0,0.0,0.0,0.0,4,0,0
2015,54,19,35,5,22,7,20,15,10,1,3,3,9,0,0,0,8,2,0,0,1,0,1,0.9642857142857143,1.0,1.0,0.0,0.0,0.25,4,0,1
2016,53,19,34,4,22,7,20,15,11,1,3,3,9,0,0,0,4,1,0,0,1,0,1,0.962962962962963,1.0,1.0,0.0,0.0,0.25,4,0,1
2017,53,19,34,4,22,7,20,15,11,1,2,3,9,0,0,0,0,0,0,0,0,0,0,1.0,1.0,1.0,0.0,0.0,0.0,4,0,0
2018,52,19,33,4,21,7,20,15,12,1,2,3,9,0,0,0,7,1,0,0,1,0,1,0.9615384615384616,1.0,1.0,0.0,0.0,0.14285714285714285,4,0,1
2019,52,19,33,4,21,7,20,15,12,1,2,3,9,0,0,0,0,0,0,0,0,0,0,1.0,1.0,1.0,0.0,0.0,0.0,4,0,0
2020,51,18,33,4,20,7,20,15,12,1,2,3,9,0,0,0,0,0,0,0,1,0,1,0.96,1.0,1.0,0.0,0.0,0.0,4,0,1
2021,51,18,33,4,20,7,20,15,12,1,2,3,9,0,0,0,0,0,0,0,0,0,0,1.0,1.0,1.0,0.0,0.0,0.0,4,0,0
2022,51,18,33,4,20,7,20,15,12,1,2,3,9,0,0,0,0,0,0,0,0,0,0,1.0,1.0,1.0,0.0,0.0,0.0,4,0,0
2023,51,18,33,4,20,7,20,15,12,1,2,3,9,0,0,0,0,0,0,0,0,0,0,1.0,1.0,1.0,0.0,0.0,0.0,4,0,0
2024,51,18,33,4,20,7,20,15,12,1,2,3,9,0,0,0,0,0,0,0,0,0,0,1.0,1.0,1.0,0.0,0.0,0.0,4,0,0
2025,54,20,34,7,20,7,20,15,11,1,3,3,9,0,0,0,0,0,0,1,0,0,0,1.0,1.0,1.0,0.058823529411764705,0.058823529411764705,0.0,4,3,0
2026,53,20,33,7,19,7,20,15,11,1,3,3,9,0,0,0,0,0,0,0,1,0,1,0.962962962962963,1.0,1.0,0.0,0.0,0.0,4,0,1
2027,52,19,33,7,18,7,20,15,11,1,3,2,9,0,0,0,0,0,0,0,1,0,1,0.9615384615384616,1.0,1.0,0.0,0.0,0.0,4,0,1
2028,52,19,33,6,19,7,20,15,11,1,3,2,9,0,0,0,0,0,0,0,0,0,0,1.0,1.0,1.0,0.0,0.0,0.0,4,0,0
2029,52,19,33,6,19,7,20,15,11,1,3,2,9,0,0,0,0,0,0,0,0,0,0,1.0,1.0,1.0,0.0,0.0,0.0,4,0,0
2030,51,18,33,6,18,7,20,15,11,1,2,2,9,0,0,0,0,0,0,0,1,0,1,0.96,1.0,1.0,0.0,0.0,0.0,4,0,1
2031,61,26,35,16,18,7,20,15,8,1,5,2,9,0,0,0,5,0,0,3,0,0,0,1.0,1.0,1.0,0.19607843137254902,0.19607843137254902,0.0,4,10,0
2032,65,29,36,20,18,7,20,15,8,1,6,2,9,0,0,0,2,1,0,1,0,0,0,1.0,1.0,1.0,0.06557377049180328,0.06557377049180328,0.5,4,4,0
2033,63,28,35,19,17,6,21,15,8,1,6,2,9,0,0,0,0,0,0,0,2,0,2,0.9473684210526316,1.0,1.0,0.0,0.0,0.0,4,0,2
2034,60,26,34,18,16,5,21,15,8,1,6,1,9,0,0,0,0,0,0,0,2,0,2,0.9444444444444444,1.0,1.0,0.0,0.0,0.0,4,0,3
2035,60,26,34,18,16,5,21,15,8,1,6,1,9,0,0,0,0,0,0,0,0,0,0,1.0,1.0,1.0,0.0,0.0,0.0,4,0,0
2036,59,25,34,17,16,5,21,15,8,1,6,1,9,0,0,0,0,0,0,0,1,0,1,0.9705882352941176,1.0,1.0,0.0,0.0,0.0,4,0,1
2037,59,25,34,17,16,5,21,15,8,1,6,1,9,0,0,0,0,0,0,0,0,0,0,1.0,1.0,1.0,0.0,0.0,0.0,4,0,0
2038,59,25,34,17,16,5,21,15,8,1,6,1,9,0,0,0,0,0,0,0,0,0,0,1.0,1.0,1.0,0.0,0.0,0.0,4,0,0
2039,58,24,34,17,16,4,21,15,8,1,6,1,9,0,0,0,0,0,0,0,0,0,0,1.0,1.0,1.0,0.0,0.0,0.0,4,0,1
2040,57,23,34,17,15,4,21,15,8,1,6,1,9,0,0,0,0,0,0,0,1,0,1,0.9696969696969697,1.0,1.0,0.0,0.0,0.0,4,0,1
2041,56,22,34,17,14,4,21,15,8,1,6,1,9,0,0,0,0,0,0,0,1,0,1,0.96875,1.0,1.0,0.0,0.0,0.0,4,0,1
2042,54,21,33,17,13,4,20,14,8,1,5,1,9,0,0,0,0,0,0,0,1,0,1,0.967741935483871,1.0,0.9333333333333333,0.0,0.0,0.0,4,0,2
2043,53,21,32,17,12,4,20,14,8,1,5,1,9,0,0,0,0,0,0,0,1,0,1,0.9666666666666667,1.0,1.0,0.0,0.0,0.0,4,0,1
2044,53,21,32,17,12,4,20,14,8,1,5,1,9,0,0,0,0,0,0,0,0,0,0,1.0,1.0,1.0,0.0,0.0,0.0,4,0,0
2045,53,21,32,17,12,4,20,14,8,1,5,1,9,0,0,0,0,0,0,0,0,0,0,1.0,1.0,1.0,0.0,0.0,0.0,4,0,0
2046,57,22,35,21,12,4,20,14,7,1,6,1,9,0,0,0,0,0,0,1,0,0,0,1.0,1.0,1.0,0.07547169811320754,0.07547169811320754,0.0,4,4,0
2047,57,22,35,21,12,3,21,15,7,1,6,1,9,0,0,0,0,0,0,0,0,0,0,1.0,1.0,1.0,0.0,0.0,0.0,4,0,0
2048,60,23,37,24,12,3,21,15,6,1,7,1,9,0,0,0,0,0,0,1,1,0,1,0.9696969696969697,1.0,1.0,0.07017543859649122,0.07017543859649122,0.0,4,4,1
2049,60,23,37,24,12,2,22,16,6,1,7,1,9,0,0,0,0,0,0,0,0,0,0,1.0,1.0,1.0,0.0,0.0,0.0,4,0,0
2050,58,22,36,24,10,2,22,16,7,1,7,1,9,0,0,0,4,1,0,0,2,0,2,0.9444444444444444,1.0,1.0,0.0,0.0,0.25,4,0,2
2051,57,22,35,24,9,2,22,16,8,1,7,1,8,0,0,0,2,1,0,0,1,0,1,0.9705882352941176,1.0,1.0,0.0,0.0,0.5,4,0,1
2052,57,22,35,24,9,2,22,16,8,1,7,1,8,0,0,0,0,0,0,0,0,0,0,1.0,1.0,1.0,0.0,0.0,0.0,4,0,0
2053,56,22,34,24,8,2,22,16,8,1,7,1,8,0,0,0,0,0,0,0,1,0,1,0.9696969696969697,1.0,1.0,0.0,0.0,0.0,4,0,1
2054,55,22,33,23,8,2,22,16,8,1,7,1,8,0,0,0,0,0,0,0,1,0,1,0.96875,1.0,1.0,0.0,0.0,0.0,4,0,1
2055,54,21,33,20,11,2,21,16,8,1,7,1,8,0,0,0,0,0,0,0,0,0,0,1.0,0.8333333333333334,1.0,0.0,0.0,0.0,4,0,1
2056,53,21,32,19,11,2,21,16,8,0,7,1,8,0,0,0,0,0,0,0,1,0,1,0.967741935483871,1.0,1.0,0.0,0.0,0.0,4,0,1
2057,53,21,32,19,11,2,21,16,9,0,6,1,8,0,0,0,5,1,0,0,0,0,0,1.0,1.0,1.0,0.0,0.0,0.2,4,0,0
2058,52,20,32,18,11,2,21,16,10,0,6,1,8,0,0,0,6,1,0,0,1,0,1,0.9666666666666667,1.0,1.0,0.0,0.0,0.16666666666666666,4,0,1
2059,51,20,31,17,11,2,21,16,10,0,6,1,8,0,0,0,0,0,0,0,1,0,1,0.9655172413793104,1.0,1.0,0.0,0.0,0.0,4,0,1
2060,51,20,31,17,11,2,21,16,10,0,6,1,8,0,0,0,0,0,0,0,0,0,0,1.0,1.0,1.0,0.0,0.0,0.0,4,0,0
2061,50,19,31,16,11,2,21,16,10,0,6,1,8,0,0,0,0,0,0,0,1,0,1,0.9642857142857143,1.0,1.0,0.0,0.0,0.0,4,0,1
2062,50,19,31,16,11,2,21,16,10,0,6,1,8,0,0,0,0,0,0,0,0,0,0,1.0,1.0,1.0,0.0,0.0,0.0,4,0,0
2063,50,19,31,16,11,2,21,16,10,0,6,1,8,0,0,0,0,0,0,0,0,0,0,1.0,1.0,1.0,0.0,0.0,0.0,4,0,0
2064,49,18,31,15,11,2,21,16,10,0,6,1,8,0,0,0,0,0,0,0,1,0,1,0.962962962962963,1.0,1.0,0.0,0.0,0.0,4,0,1
2065,49,18,31,15,11,2,21,16,10,0,6,1,8,0,0,0,0,0,0,0,0,0,0,1.0,1.0,1.0,0.0,0.0,0.0,4,0,0
2066,49,18,31,15,11,2,21,16,10,0,6,1,8,0,0,0,0,0,0,0,0,0,0,1.0,1.0,1.0,0.0,0.0,0.0,4,0,0
2067,48,18,30,15,10,2,21,16,10,0,6,1,8,0,0,0,0,0,0,0,1,0,1,0.9615384615384616,1.0,1.0,0.0,0.0,0.0,4,0,1
2068,47,18,29,12,12,2,21,16,10,0,6,1,8,0,0,0,0,0,0,0,1,0,1,0.96,1.0,1.0,0.0,0.0,0.0,4,0,1
2069,47,18,29,12,12,2,21,16,10,0,6,1,8,0,0,0,0,0,0,0,0,0,0,1.0,1.0,1.0,0.0,0.0,0.0,4,0,0
2070,50,19,31,15,12,2,21,16,9,0,6,1,8,0,0,0,0,0,0,1,0,0,0,1.0,1.0,1.0,0.06382978723404255,0.06382978723404255,0.0,4,3,0
2071,50,19,31,15,12,2,21,16,9,1,6,1,8,0,0,0,3,0,1,0,0,0,0,1.0,1.0,1.0,0.0,0.0,0.0,4,0,0
2072,50,19,31,15,12,2,21,16,9,1,6,1,8,0,0,0,0,0,0,0,0,0,0,1.0,1.0,1.0,0.0,0.0,0.0,4,0,0
2073,50,19,31,15,12,2,21,16,9,1,6,1,8,0,0,0,0,0,0,0,0,0,0,1.0,1.0,1.0,0.0,0.0,0.0,4,0,0
2074,50,19,31,11,16,2,21,16,9,1,6,1,8,0,0,0,0,0,0,0,0,0,0,1.0,1.0,1.0,0.0,0.0,0.0,4,0,0
2075,49,19,30,8,18,2,21,16,9,1,6,1,8,0,0,0,0,0,0,0,1,0,1,0.962962962962963,1.0,1.0,0.0,0.0,0.0,4,0,1
2076,49,19,30,8,18,2,21,16,9,1,4,1,8,0,0,0,0,0,0,0,0,0,0,1.0,1.0,1.0,0.0,0.0,0.0,4,0,0
2077,49,19,30,8,18,2,21,16,10,1,3,1,8,0,0,0,4,1,0,0,0,0,0,1.0,1.0,1.0,0.0,0.0,0.25,4,0,0
2078,49,19,30,8,18,2,21,16,10,1,3,1,8,0,0,0,2,0,0,0,0,0,0,1.0,1.0,1.0,0.0,0.0,0.0,4,0,0
2079,49,19,30,8,18,2,21,16,10,1,3,1,8,0,0,0,2,0,0,0,0,0,0,1.0,1.0,1.0,0.0,0.0,0.0,4,0,0
2080,57,23,34,16,18,2,21,16,8,1,5,1,8,0,0,0,3,0,0,2,0,0,0,1.0,1.0,1.0,0.16326530612244897,0.16326530612244897,0.0,4,8,0
2081,61,25,36,20,18,2,21,16,8,1,6,1,8,0,0,0,5,1,0,1,0,0,0,1.0,1.0,1.0,0.07017543859649122,0.07017543859649122,0.2,4,4,0
2082,60,24,36,19,18,2,21,16,8,1,6,1,8,0,0,0,0,0,0,0,1,0,1,0.9736842105263158,1.0,1.0,0.0,0.0,0.0,4,0,1
2083,63,26,37,22,18,2,21,16,7,1,7,1,8,0,0,0,0,0,0,1,0,0,0,1.0,1.0,1.0,0.05,0.05,0.0,4,3,0
2084,60,25,35,20,17,2,21,16,7,1,7,1,8,0,0,0,0,0,0,0,3,0,3,0.925,1.0,1.0,0.0,0.0,0.0,4,0,3
2085,59,24,35,19,17,2,21,16,7,1,7,1,8,0,0,0,0,0,0,0,1,0,1,0.972972972972973,1.0,1.0,0.0,0.0,0.0,4,0,1
2086,59,24,35,19,17,2,21,16,7,1,7,1,8,0,0,0,0,0,0,0,0,0,0,1.0,1.0,1.0,0.0,0.0,0.0,4,0,0
2087,59,24,35,19,17,2,21,16,7,1,7,1,8,0,0,0,0,0,0,0,0,0,0,1.0,1.0,1.0,0.0,0.0,0.0,4,0,0
2088,58,24,34,19,16,2,21,16,7,1,7,1,8,0,0,0,0,0,0,0,1,0,1,0.9722222222222222,1.0,1.0,0.0,0.0,0.0,4,0,1
2089,58,24,34,16,19,2,21,16,7,1,7,1,8,0,0,0,0,0,0,0,0,0,0,1.0,1.0,1.0,0.0,0.0,0.0,4,0,0
2090,58,24,34,16,19,2,21,16,7,1,7,1,8,0,0,0,0,0,0,0,0,0,0,1.0,1.0,1.0,0.0,0.0,0.0,4,0,0
2091,58,24,34,14,21,2,21,16,7,1,6,1,8,0,0,0,0,0,0,0,0,0,0,1.0,1.0,1.0,0.0,0.0,0.0,4,0,0
2092,58,24,34,14,21,2,21,16,7,1,6,1,8,0,0,0,0,0,0,0,0,0,0,1.0,1.0,1.0,0.0,0.0,0.0,4,0,0
2093,56,22,34,13,20,2,21,16,7,1,5,1,8,0,0,0,0,0,0,0,2,0,2,0.9428571428571428,1.0,1.0,0.0,0.0,0.0,4,0,2
2094,55,22,33,12,20,2,21,16,7,1,5,1,8,0,0,0,0,0,0,0,1,0,1,0.9696969696969697,1.0,1.0,0.0,0.0,0.0,4,0,1
2095,55,22,33,12,20,2,21,16,7,1,5,1,8,0,0,0,0,0,0,0,0,0,0,1.0,1.0,1.0,0.0,0.0,0.0,4,0,0
2096,55,22,33,12,20,2,21,16,7,1,5,1,8,0,0,0,0,0,0,0,0,0,0,1.0,1.0,1.0,0.0,0.0,0.0,4,0,0
2097,59,22,37,16,20,2,21,16,6,1,6,1,8,0,0,0,0,0,0,1,0,0,0,1.0,1.0,1.0,0.07272727272727272,0.07272727272727272,0.0,4,4,0
2098,58,21,37,16,19,2,21,16,6,1,6,1,8,0,0,0,0,0,0,0,1,0,1,0.9722222222222222,1.0,1.0,0.0,0.0,0.0,4,0,1
2099,58,21,37,16,19,2,21,16,6,1,6,2,8,1,0,0,0,0,0,0,0,0,0,1.0,1.0,1.0,0.0,0.0,0.0,4,0,0
2100,56,20,36,15,18,2,21,16,6,1,6,3,8,1,0,0,0,0,0,0,2,1,2,0.9428571428571428,1.0,1.0,0.0,0.0,0.0,4,0,2
2101,55,19,36,15,17,2,21,16,6,1,6,3,9,0,1,0,0,0,0,0,1,0,1,0.9696969696969697,1.0,1.0,0.0,0.0,0.0,4,0,1
2102,54,18,36,15,16,2,21,16,6,1,6,3,9,0,0,0,0,0,0,0,1,0,1,0.96875,1.0,1.0,0.0,0.0,0.0,4,0,1
2103,53,18,35,15,15,2,21,16,6,1,6,3,8,0,0,0,0,0,0,0,1,0,1,0.967741935483871,1.0,1.0,0.0,0.0,0.0,4,0,1
2104,53,18,35,15,14,3,21,16,6,1,6,3,8,0,0,0,0,0,0,0,0,0,0,1.0,1.0,1.0,0.0,0.0,0.0,4,0,0
2105,53,18,35,15,14,3,21,16,6,1,6,3,8,0,0,0,0,0,0,0,0,0,0,1.0,1.0,1.0,0.0,0.0,0.0,4,0,0
2106,53,18,35,15,14,3,21,16,6,1,6,3,8,0,0,0,0,0,0,0,0,0,0,1.0,1.0,1.0,0.0,0.0,0.0,4,0,0
2107,53,18,35,15,14,3,21,16,6,1,6,3,8,0,0,0,0,0,0,0,0,0,0,1.0,1.0,1.0,0.0,0.0,0.0,4,0,0
2108,50,17,33,14,12,3,21,16,6,1,6,3,7,0,0,0,0,0,0,0,3,0,3,0.896551724137931,1.0,1.0,0.0,0.0,0.0,4,0,3
2109,50,17,33,14,12,3,21,16,6,1,6,3,7,0,0,0,0,0,0,0,0,0,0,1.0,1.0,1.0,0.0,0.0,0.0,4,0,0
2110,50,17,33,14,12,3,21,16,6,1,6,3,7,0,0,0,0,0,0,0,0,0,0,1.0,1.0,1.0,0.0,0.0,0.0,4,0,0
2111,49,16,33,13,12,3,21,16,6,1,6,3,7,0,0,0,0,0,0,0,1,0,1,0.9615384615384616,1.0,1.0,0.0,0.0,0.0,4,0,1
2112,49,16,33,13,12,3,21,16,6,1,6,3,7,0,0,0,0,0,0,0,0,0,0,1.0,1.0,1.0,0.0,0.0,0.0,4,0,0
2113,49,16,33,12,13,3,21,16,6,1,6,3,7,0,0,0,0,0,0,0,0,1,0,1.0,1.0,1.0,0.0,0.0,0.0,4,0,0
2114,49,16,33,12,13,3,21,16,6,1,6,3,7,0,0,0,0,0,0,0,0,0,0,1.0,1.0,1.0,0.0,0.0,0.0,4,0,0
2115,53,18,35,16,13,3,21,16,5,1,6,3,7,0,0,0,0,0,0,1,0,0,0,1.0,1.0,1.0,0.08163265306122448,0.08163265306122448,0.0,4,4,0
2116,56,20,36,19,13,3,21,16,5,0,7,3,7,0,0,0,2,1,0,1,0,0,0,1.0,1.0,1.0,0.05660377358490566,0.05660377358490566,0.5,4,3,0
2117,55,19,36,18,12,4,21,16,5,0,7,3,7,0,0,0,1,0,0,0,1,0,1,0.967741935483871,1.0,1.0,0.0,0.0,0.0,4,0,1
2118,55,19,36,18,12,4,21,16,6,0,7,3,7,0,0,0,5,1,0,0,0,0,0,1.0,1.0,1.0,0.0,0.0,0.2,4,0,0
2119,55,19,36,18,12,4,21,16,6,0,7,3,7,0,0,0,0,0,0,0,0,0,0,1.0,1.0,1.0,0.0,0.0,0.0,4,0,0
2120,55,19,36,18,12,4,21,16,6,0,7,3,7,0,0,0,0,0,0,0,0,0,0,1.0,1.0,1.0,0.0,0.0,0.0,4,0,0
2121,55,19,36,18,12,4,21,16,6,0,7,3,7,0,0,0,0,0,0,0,0,0,0,1.0,1.0,1.0,0.0,0.0,0.0,4,0,0
2122,59,21,38,22,12,4,21,16,5,0,8,3,7,0,0,0,0,0,0,1,0,0,0,1.0,1.0,1.0,0.07272727272727272,0.07272727272727272,0.0,4,4,0
2123,62,23,39,20,17,4,21,16,4,0,9,3,7,0,0,0,0,0,0,1,0,0,0,1.0,1.0,1.0,0.05084745762711865,0.05084745762711865,0.0,4,3,0
2124,60,22,38,16,19,4,21,16,4,0,9,3,7,0,0,0,0,0,0,0,2,0,2,0.9459459459459459,1.0,1.0,0.0,0.0,0.0,4,0,2
2125,60,22,38,16,19,4,21,16,4,0,7,3,7,0,0,0,0,0,0,0,0,0,0,1.0,1.0,1.0,0.0,0.0,0.0,4,0,0
2126,60,22,38,15,20,4,21,16,4,0,6,3,7,0,0,0,0,0,0,0,0,0,0,1.0,1.0,1.0,0.0,0.0,0.0,4,0,0
2127,60,22,38,15,20,4,21,16,4,0,6,3,7,0,0,0,0,0,0,0,0,0,0,1.0,1.0,1.0,0.0,0.0,0.0,4,0,0
2128,58,22,36,14,19,4,21,16,4,0,5,3,7,0,0,0,0,0,0,0,2,0,2,0.9428571428571428,1.0,1.0,0.0,0.0,0.0,4,0,2
2129,58,22,36,14,19,4,21,16,4,0,5,3,7,0,0,0,0,0,0,0,0,0,0,1.0,1.0,1.0,0.0,0.0,0.0,4,0,0
2130,58,22,36,14,19,4,21,16,4,0,5,3,7,0,0,0,0,0,0,0,0,0,0,1.0,1.0,1.0,0.0,0.0,0.0,4,0,0
2131,57,21,36,14,18,4,21,16,4,0,5,3,7,0,0,0,0,0,0,0,1,0,1,0.9696969696969697,1.0,1.0,0.0,0.0,0.0,4,0,1
2132,57,21,36,14,18,4,21,16,4,0,5,3,7,0,0,0,0,0,0,0,0,0,0,1.0,1.0,1.0,0.0,0.0,0.0,4,0,0
2133,57,21,36,14,18,4,21,16,4,0,5,3,7,0,0,0,0,0,0,0,0,0,0,1.0,1.0,1.0,0.0,0.0,0.0,4,0,0
2134,57,21,36,14,18,4,21,16,4,0,5,3,7,0,0,0,0,0,0,0,0,0,0,1.0,1.0,1.0,0.0,0.0,0.0,4,0,0
2135,57,21,36,14,18,4,21,16,4,0,5,3,7,0,0,0,0,0,0,0,0,0,0,1.0,1.0,1.0,0.0,0.0,0.0,4,0,0
2136,57,21,36,14,18,4,21,16,4,0,5,3,7,0,0,0,0,0,0,0,0,0,0,1.0,1.0,1.0,0.0,0.0,0.0,4,0,0
2137,57,21,36,14,18,4,21,16,4,0,5,3,7,0,0,0,0,0,0,0,0,0,0,1.0,1.0,1.0,0.0,0.0,0.0,4,0,0
2138,57,21,36,14,18,4,21,16,4,0,5,3,7,0,0,0,0,0,0,0,0,0,0,1.0,1.0,1.0,0.0,0.0,0.0,4,0,0
2139,57,21,36,14,18,4,21,16,4,0,5,3,7,0,0,0,0,0,0,0,0,0,0,1.0,1.0,1.0,0.0,0.0,0.0,4,0,0
2140,55,19,36,10,21,4,20,16,4,0,5,3,7,0,0,0,0,0,0,0,1,0,1,0.96875,0.8,1.0,0.0,0.0,0.0,4,0,2
2141,55,19,36,10,21,3,21,17,4,0,5,3,7,0,0,0,0,0,0,0,0,0,0,1.0,1.0,1.0,0.0,0.0,0.0,4,0,0
2142,58,21,37,13,21,3,21,17,3,0,5,3,7,0,0,0,0,0,0,1,0,0,0,1.0,1.0,1.0,0.05454545454545454,0.05454545454545454,0.0,4,3,0
2143,58,21,37,13,21,3,21,17,3,0,5,3,7,0,0,0,0,0,0,0,0,0,0,1.0,1.0,1.0,0.0,0.0,0.0,4,0,0
2144,56,19,37,13,19,3,21,17,3,0,5,3,7,0,0,0,0,0,0,0,2,0,2,0.9411764705882353,1.0,1.0,0.0,0.0,0.0,4,0,2
2145,56,19,37,13,19,3,21,17,3,0,5,3,7,0,0,0,0,0,0,0,0,0,0,1.0,1.0,1.0,0.0,0.0,0.0,4,0,0
2146,59,22,37,16,19,3,21,17,2,0,6,3,7,0,0,0,0,0,0,1,1,0,1,0.96875,1.0,1.0,0.07142857142857142,0.07142857142857142,0.0,4,4,1
2147,58,22,36,16,19,3,20,16,2,0,5,3,7,0,0,0,0,0,0,0,0,0,0,1.0,1.0,0.9411764705882353,0.0,0.0,0.0,4,0,1
2148,57,22,35,16,18,2,21,17,2,0,5,3,7,0,0,0,0,0,0,0,1,0,1,0.9714285714285714,1.0,1.0,0.0,0.0,0.0,4,0,1
2149,57,22,35,16,18,2,21,17,2,0,5,3,7,0,0,0,0,0,0,0,0,1,0,1.0,1.0,1.0,0.0,0.0,0.0,4,0,0
2150,57,22,35,16,18,2,21,17,2,0,5,3,7,0,0,0,0,0,0,0,0,0,0,1.0,1.0,1.0,0.0,0.0,0.0,4,0,0
2151,56,22,34,16,17,2,21,17,2,0,5,3,7,0,0,0,0,0,0,0,1,0,1,0.9705882352941176,1.0,1.0,0.0,0.0,0.0,4,0,1
2152,56,22,34,16,17,2,21,17,2,0,5,3,7,0,0,0,0,0,0,0,0,0,0,1.0,1.0,1.0,0.0,0.0,0.0,4,0,0
2153,56,22,34,16,16,3,21,17,2,0,5,3,7,0,0,0,0,0,0,0,0,0,0,1.0,1.0,1.0,0.0,0.0,0.0,4,0,0
2154,55,21,34,16,15,3,21,17,2,0,5,3,7,0,0,0,0,0,0,0,1,0,1,0.96875,1.0,1.0,0.0,0.0,0.0,4,0,1
2155,55,21,34,16,15,3,21,17,2,0,5,3,7,0,0,0,0,0,0,0,0,0,0,1.0,1.0,1.0,0.0,0.0,0.0,4,0,0
2156,55,21,34,16,15,3,21,17,2,0,5,3,7,0,0,0,0,0,0,0,0,0,0,1.0,1.0,1.0,0.0,0.0,0.0,4,0,0
2157,55,21,34,16,15,3,21,17,2,0,5,3,7,0,0,0,0,0,0,0,0,0,0,1.0,1.0,1.0,0.0,0.0,0.0,4,0,0
2158,55,21,34,14,17,3,21,17,2,0,5,3,7,0,0,0,0,0,0,0,0,0,0,1.0,1.0,1.0,0.0,0.0,0.0,4,0,0
2159,55,21,34,13,18,3,21,17,2,0,5,3,7,0,0,0,0,0,0,0,0,0,0,1.0,1.0,1.0,0.0,0.0,0.0,4,0,0
2160,53,20,33,13,16,3,21,17,2,0,4,3,7,0,0,0,0,0,0,0,2,0,2,0.935483870967742,1.0,1.0,0.0,0.0,0.0,4,0,2
2161,53,20,33,13,16,3,21,17,2,0,3,3,7,0,0,0,0,0,0,0,0,0,0,1.0,1.0,1.0,0.0,0.0,0.0,4,0,0
2162,53,20,33,13,16,3,21,17,2,0,3,3,7,0,0,0,0,0,0,0,0,0,0,1.0,1.0,1.0,0.0,0.0,0.0,4,0,0
2163,53,20,33,13,16,3,21,17,2,0,3,3,7,0,0,0,0,0,0,0,0,0,0,1.0,1.0,1.0,0.0,0.0,0.0,4,0,0
2164,53,20,33,13,16,3,21,17,2,0,3,3,7,0,0,0,0,0,0,0,0,0,0,1.0,1.0,1.0,0.0,0.0,0.0,4,0,0
2165,53,20,33,9,20,3,21,17,2,0,3,3,7,0,0,0,0,0,0,0,0,0,0,1.0,1.0,1.0,0.0,0.0,0.0,4,0,0
2166,51,18,33,5,22,3,21,17,2,0,3,3,7,0,0,0,0,0,0,0,2,0,2,0.9310344827586207,1.0,1.0,0.0,0.0,0.0,4,0,2
2167,51,18,33,5,22,3,21,17,2,0,2,3,7,0,0,0,0,0,0,0,0,0,0,1.0,1.0,1.0,0.0,0.0,0.0,4,0,0
2168,51,18,33,5,22,3,21,17,2,0,2,3,7,0,0,0,0,0,0,0,0,0,0,1.0,1.0,1.0,0.0,0.0,0.0,4,0,0
2169,50,18,32,5,21,3,21,17,2,0,2,3,7,0,0,0,0,0,0,0,1,0,1,0.962962962962963,1.0,1.0,0.0,0.0,0.0,4,0,1
2170,49,17,32,5,20,3,21,17,2,0,2,3,7,0,0,0,0,0,0,0,1,0,1,0.9615384615384616,1.0,1.0,0.0,0.0,0.0,4,0,1
2171,49,17,32,5,20,3,21,17,2,0,2,3,7,0,0,0,0,0,0,0,0,0,0,1.0,1.0,1.0,0.0,0.0,0.0,4,0,0
2172,48,17,31,5,19,3,21,17,2,0,2,3,7,0,0,0,0,0,0,0,1,0,1,0.96,1.0,1.0,0.0,0.0,0.0,4,0,1
2173,48,17,31,5,19,3,21,17,2,0,2,3,7,0,0,0,0,0,0,0,0,0,0,1.0,1.0,1.0,0.0,0.0,0.0,4,0,0
2174,48,17,31,5,19,3,21,17,2,0,2,3,7,0,0,0,0,0,0,0,0,0,0,1.0,1.0,1.0,0.0,0.0,0.0,4,0,0
2175,47,16,31,4,19,3,21,17,2,0,2,3,7,0,0,0,0,0,0,0,1,0,1,0.9583333333333334,1.0,1.0,0.0,0.0,0.0,4,0,1
2176,47,16,31,4,19,3,21,17,2,0,2,3,7,0,0,0,0,0,0,0,0,0,0,1.0,1.0,1.0,0.0,0.0,0.0,4,0,0
2177,47,16,31,4,19,3,21,17,2,0,2,3,7,0,0,0,0,0,0,0,0,0,0,1.0,1.0,1.0,0.0,0.0,0.0,4,0,0
2178,47,16,31,4,19,3,21,17,2,0,2,3,7,0,0,0,0,0,0,0,0,0,0,1.0,1.0,1.0,0.0,0.0,0.0,4,0,0
2179,47,16,31,4,19,3,21,17,2,0,2,3,7,0,0,0,0,0,0,0,0,0,0,1.0,1.0,1.0,0.0,0.0,0.0,4,0,0
2180,47,16,31,4,19,3,21,17,2,0,2,3,7,0,0,0,0,0,0,0,0,0,0,1.0,1.0,1.0,0.0,0.0,0.0,4,0,0
2181,50,19,31,7,19,3,21,17,1,0,3,3,7,0,0,0,0,0,0,1,0,0,0,1.0,1.0,1.0,0.06382978723404255,0.06382978723404255,0.0,4,3,0
2182,49,19,30,7,18,3,21,17,1,0,3,3,7,0,0,0,0,0,0,0,1,0,1,0.9615384615384616,1.0,1.0,0.0,0.0,0.0,4,0,1
2183,52,21,31,10,18,3,21,17,0,0,4,3,7,0,0,0,0,0,0,1,0,0,0,1.0,1.0,1.0,0.061224489795918366,0.061224489795918366,0.0,4,3,0
2184,50,19,31,10,16,3,21,17,0,0,4,3,7,0,0,0,0,0,0,0,2,0,2,0.9285714285714286,1.0,1.0,0.0,0.0,0.0,4,0,2
2185,50,19,31,9,17,3,21,17,0,0,4,3,7,0,0,0,0,0,0,0,0,0,0,1.0,1.0,1.0,0.0,0.0,0.0,4,0,0
2186,50,19,31,9,17,3,21,17,0,0,4,3,7,0,0,0,0,0,0,0,0,0,0,1.0,1.0,1.0,0.0,0.0,0.0,4,0,0
2187,50,19,31,9,17,3,21,17,0,0,3,3,7,0,0,0,0,0,0,0,0,0,0,1.0,1.0,1.0,0.0,0.0,0.0,4,0,0
2188,49,19,30,9,16,3,21,17,0,0,3,3,7,0,0,0,0,0,0,0,1,0,1,0.9615384615384616,1.0,1.0,0.0,0.0,0.0,4,0,1
2189,49,19,30,6,19,3,21,17,0,0,3,3,7,0,0,0,0,0,0,0,0,0,0,1.0,1.0,1.0,0.0,0.0,0.0,4,0,0
2190,49,19,30,6,19,3,21,17,0,0,3,3,7,0,0,0,0,0,0,0,0,0,0,1.0,1.0,1.0,0.0,0.0,0.0,4,0,0
2191,49,19,30,6,19,3,21,17,0,0,2,3,7,0,0,0,0,0,0,0,0,0,0,1.0,1.0,1.0,0.0,0.0,0.0,4,0,0
2192,49,19,30,6,19,3,21,17,0,0,2,3,7,0,0,0,0,0,0,0,0,1,0,1.0,1.0,1.0,0.0,0.0,0.0,4,0,0
2193,49,19,30,6,19,3,21,17,0,0,2,3,9,0,2,0,0,0,0,0,0,0,0,1.0,1.0,1.0,0.0,0.0,0.0,4,0,0
2194,48,19,29,6,18,3,21,17,0,0,2,3,10,0,1,0,0,0,0,0,1,0,1,0.96,1.0,1.0,0.0,0.0,0.0,4,0,1
2195,48,19,29,6,18,3,21,17,0,0,2,3,11,0,1,0,0,0,0,0,0,0,0,1.0,1.0,1.0,0.0,0.0,0.0,4,0,0
2196,48,19,29,6,17,4,21,17,0,0,2,4,11,1,0,0,0,0,0,0,0,0,0,1.0,1.0,1.0,0.0,0.0,0.0,4,0,0
2197,48,19,29,6,17,4,21,17,0,0,2,4,12,0,1,0,0,0,0,0,0,0,0,1.0,1.0,1.0,0.0,0.0,0.0,4,0,0
2198,48,19,29,6,17,4,21,17,0,0,2,4,12,0,0,0,0,0,0,0,0,0,0,1.0,1.0,1.0,0.0,0.0,0.0,4,0,0
2199,48,19,29,6,17,4,21,17,0,0,2,4,12,0,0,0,0,0,0,0,0,0,0,1.0,1.0,1.0,0.0,0.0,0.0,4,0,0
2200,48,19,29,6,17,4,21,17,0,0,2,4,12,0,0,0,0,0,0,0,0,0,0,1.0,1.0,1.0,0.0,0.0,0.0,4,0,0
2201,48,19,29,6,17,4,21,17,0,0,2,4,12,0,0,0,0,0,0,0,0,0,0,1.0,1.0,1.0,0.0,0.0,0.0,4,0,0
2202,48,19,29,6,17,4,21,17,0,0,2,4,12,0,0,0,0,0,0,0,0,0,0,1.0,1.0,1.0,0.0,0.0,0.0,4,0,0
2203,48,19,29,6,17,4,21,17,0,0,2,4,12,0,0,0,0,0,0,0,0,0,0,1.0,1.0,1.0,0.0,0.0,0.0,4,0,0
2204,48,19,29,6,17,4,21,17,0,0,2,4,12,0,0,0,0,0,0,0,0,0,0,1.0,1.0,1.0,0.0,0.0,0.0,4,0,0
2205,48,19,29,6,17,4,21,17,0,0,2,4,12,0,0,0,0,0,0,0,0,1,0,1.0,1.0,1.0,0.0,0.0,0.0,4,0,0
2206,48,19,29,6,17,4,21,17,0,0,2,4,12,0,0,0,0,0,0,0,0,0,0,1.0,1.0,1.0,0.0,0.0,0.0,4,0,0
2207,48,19,29,6,17,4,21,17,0,0,2,4,12,0,0,0,0,0,0,0,0,0,0,1.0,1.0,1.0,0.0,0.0,0.0,4,0,0
2208,48,19,29,6,17,4,21,17,0,0,2,4,12,0,0,0,0,0,0,0,0,0,0,1.0,1.0,1.0,0.0,0.0,0.0,4,0,0
2209,48,19,29,6,16,5,21,17,0,0,2,4,12,0,0,0,0,0,0,0,0,0,0,1.0,1.0,1.0,0.0,0.0,0.0,4,0,0
2210,48,19,29,6,16,5,21,17,0,0,2,4,12,0,0,0,0,0,0,0,0,0,0,1.0,1.0,1.0,0.0,0.0,0.0,4,0,0
2211,48,19,29,6,16,5,21,17,0,0,2,4,12,0,0,0,0,0,0,0,0,0,0,1.0,1.0,1.0,0.0,0.0,0.0,4,0,0
2212,48,19,29,6,16,5,21,17,0,0,2,4,12,0,0,0,0,0,0,0,0,0,0,1.0,1.0,1.0,0.0,0.0,0.0,4,0,0
2213,48,19,29,6,16,5,21,17,0,0,2,4,12,0,0,0,0,0,0,0,0,0,0,1.0,1.0,1.0,0.0,0.0,0.0,4,0,0
2214,48,19,29,6,16,5,21,17,0,0,2,4,12,0,0,0,0,0,0,0,0,0,0,1.0,1.0,1.0,0.0,0.0,0.0,4,0,0
2215,48,19,29,6,16,5,21,17,0,0,2,4,12,0,0,0,0,0,0,0,0,0,0,1.0,1.0,1.0,0.0,0.0,0.0,4,0,0
2216,48,19,29,6,16,5,21,17,0,0,2,4,12,0,0,0,0,0,0,0,0,0,0,1.0,1.0,1.0,0.0,0.0,0.0,4,0,0
2217,48,19,29,6,16,5,21,17,0,0,2,4,12,0,0,0,0,0,0,0,0,0,0,1.0,1.0,1.0,0.0,0.0,0.0,4,0,0
2218,48,19,29,6,16,5,21,17,0,0,2,4,12,0,0,0,0,0,0,0,0,0,0,1.0,1.0,1.0,0.0,0.0,0.0,4,0,0
2219,48,19,29,6,16,5,21,17,0,0,2,4,12,0,0,0,0,0,0,0,0,0,0,1.0,1.0,1.0,0.0,0.0,0.0,4,0,0
2220,48,19,29,6,16,5,21,17,3,0,2,4,12,0,0,0,7,3,0,0,0,0,0,1.0,1.0,1.0,0.0,0.0,0.42857142857142855,4,0,0
2221,48,19,29,6,16,5,21,17,5,0,2,4,12,0,0,0,12,2,0,0,0,0,0,1.0,1.0,1.0,0.0,0.0,0.16666666666666666,4,0,0
2222,46,19,27,6,14,5,21,17,7,1,2,4,11,0,0,0,9,2,1,0,2,0,2,0.9090909090909091,1.0,1.0,0.0,0.0,0.2222222222222222,4,0,2
2223,46,19,27,6,14,5,21,17,7,1,2,4,11,0,0,0,0,0,0,0,0,0,0,1.0,1.0,1.0,0.0,0.0,0.0,4,0,0
2224,45,18,27,3,16,5,21,17,7,1,2,4,11,0,0,0,0,0,0,0,1,0,1,0.95,1.0,1.0,0.0,0.0,0.0,4,0,1
2225,45,18,27,3,16,5,21,17,7,1,2,4,11,0,0,0,0,0,0,0,0,0,0,1.0,1.0,1.0,0.0,0.0,0.0,4,0,0
2226,45,18,27,0,19,5,21,17,7,1,1,4,11,0,0,0,0,0,0,0,0,0,0,1.0,1.0,1.0,0.0,0.0,0.0,4,0,0
2227,45,18,27,0,19,5,21,17,8,1,1,4,11,0,0,0,5,1,0,0,0,0,0,1.0,1.0,1.0,0.0,0.0,0.2,4,0,0
2228,44,18,26,0,19,5,20,16,7,1,0,4,11,0,0,0,0,0,0,0,0,0,0,1.0,1.0,0.9411764705882353,0.0,0.0,0.0,4,0,1
2229,44,18,26,0,19,5,20,16,7,1,0,4,11,0,0,0,1,0,0,0,0,0,0,1.0,1.0,1.0,0.0,0.0,0.0,4,0,0
2230,44,18,26,0,19,5,20,16,8,1,0,4,11,0,0,0,3,1,0,0,0,0,0,1.0,1.0,1.0,0.0,0.0,0.3333333333333333,4,0,0
2231,44,18,26,0,19,5,20,16,8,1,0,4,11,0,0,0,0,0,0,0,0,0,0,1.0,1.0,1.0,0.0,0.0,0.0,4,0,0
2232,44,18,26,0,19,5,20,16,8,1,0,4,11,0,0,0,0,0,0,0,0,0,0,1.0,1.0,1.0,0.0,0.0,0.0,4,0,0
2233,44,18,26,0,19,5,20,16,8,1,0,4,11,0,0,0,0,0,0,0,0,0,0,1.0,1.0,1.0,0.0,0.0,0.0,4,0,0
2234,44,18,26,0,19,5,20,16,8,1,0,4,11,0,0,0,0,0,0,0,0,0,0,1.0,1.0,1.0,0.0,0.0,0.0,4,0,0
2235,44,18,26,0,19,5,20,16,8,1,0,4,11,0,0,0,0,0,0,0,0,0,0,1.0,1.0,1.0,0.0,0.0,0.0,4,0,0
2236,44,18,26,0,19,5,20,16,8,1,0,4,11,0,0,0,0,0,0,0,0,0,0,1.0,1.0,1.0,0.0,0.0,0.0,4,0,0
2237,44,18,26,0,19,5,20,16,8,1,0,4,11,0,0,0,0,0,0,0,0,0,0,1.0,1.0,1.0,0.0,0.0,0.0,4,0,0
2238,44,18,26,0,19,5,20,16,8,1,0,4,11,0,0,0,0,0,0,0,0,0,0,1.0,1.0,1.0,0.0,0.0,0.0,4,0,0
2239,44,18,26,0,19,5,20,16,8,1,0,4,11,0,0,0,0,0,0,0,0,0,0,1.0,1.0,1.0,0.0,0.0,0.0,4,0,0
2240,43,18,25,0,18,5,20,16,8,1,0,4,11,0,0,0,0,0,0,0,1,0,1,0.9473684210526316,1.0,1.0,0.0,0.0,0.0,4,0,1
2241,42,18,24,0,18,5,19,15,7,1,0,4,11,0,0,0,0,0,0,0,0,0,0,1.0,1.0,0.9375,0.0,0.0,0.0,4,0,1
2242,42,18,24,0,18,5,19,15,7,1,0,4,11,0,0,0,0,0,0,0,0,0,0,1.0,1.0,1.0,0.0,0.0,0.0,4,0,0
2243,42,18,24,0,18,5,19,15,7,1,0,4,11,0,0,0,0,0,0,0,0,0,0,1.0,1.0,1.0,0.0,0.0,0.0,4,0,0
2244,41,17,24,0,17,5,19,15,7,1,0,3,11,0,0,0,0,0,0,0,1,0,1,0.9444444444444444,1.0,1.0,0.0,0.0,0.0,4,0,1
2245,41,17,24,0,17,5,19,15,7,1,0,3,11,0,0,0,0,0,0,0,0,0,0,1.0,1.0,1.0,0.0,0.0,0.0,4,0,0
2246,41,17,24,0,17,5,19,15,7,1,0,3,11,0,0,0,0,0,0,0,0,0,0,1.0,1.0,1.0,0.0,0.0,0.0,4,0,0
2247,40,16,24,0,16,5,19,15,7,1,0,3,11,0,0,0,0,0,0,0,1,0,1,0.9411764705882353,1.0,1.0,0.0,0.0,0.0,4,0,1
2248,40,16,24,0,16,5,19,15,7,1,0,3,11,0,0,0,0,0,0,0,0,0,0,1.0,1.0,1.0,0.0,0.0,0.0,4,0,0
2249,40,16,24,0,16,5,19,15,7,1,0,3,11,0,0,0,0,0,0,0,0,0,0,1.0,1.0,1.0,0.0,0.0,0.0,4,0,0
2250,40,16,24,0,16,5,19,15,7,1,0,3,11,0,0,0,0,0,0,0,0,1,0,1.0,1.0,1.0,0.0,0.0,0.0,4,0,0
2251,40,16,24,0,16,5,19,15,7,1,0,3,11,0,0,0,0,0,0,0,0,0,0,1.0,1.0,1.0,0.0,0.0,0.0,4,0,0
2252,40,16,24,0,16,5,19,15,7,1,0,3,11,0,0,0,0,0,0,0,0,0,0,1.0,1.0,1.0,0.0,0.0,0.0,4,0,0
2253,40,16,24,0,16,5,19,15,7,1,0,3,11,0,0,0,0,0,0,0,0,0,0,1.0,1.0,1.0,0.0,0.0,0.0,4,0,0
2254,40,16,24,0,15,6,19,15,7,1,0,3,11,0,0,0,0,0,0,0,0,0,0,1.0,1.0,1.0,0.0,0.0,0.0,4,0,0
2255,40,16,24,0,15,6,19,15,7,1,0,3,11,0,0,0,0,0,0,0,0,0,0,1.0,1.0,1.0,0.0,0.0,0.0,4,0,0
2256,40,16,24,0,15,6,19,15,7,1,0,3,11,0,0,0,0,0,0,0,0,0,0,1.0,1.0,1.0,0.0,0.0,0.0,4,0,0
2257,40,16,24,0,15,6,19,15,7,1,0,3,11,0,0,0,0,0,0,0,0,0,0,1.0,1.0,1.0,0.0,0.0,0.0,4,0,0
2258,40,16,24,0,15,6,19,15,7,1,0,3,11,0,0,0,0,0,0,0,0,0,0,1.0,1.0,1.0,0.0,0.0,0.0,4,0,0
2259,40,16,24,0,15,6,19,15,7,1,0,3,11,0,0,0,0,0,0,0,0,0,0,1.0,1.0,1.0,0.0,0.0,0.0,4,0,0
2260,40,16,24,0,15,6,19,15,7,1,0,3,11,0,0,0,0,0,0,0,0,2,0,1.0,1.0,1.0,0.0,0.0,0.0,4,0,0
2261,40,16,24,0,15,6,19,15,7,1,0,3,11,0,0,0,0,0,0,0,0,0,0,1.0,1.0,1.0,0.0,0.0,0.0,4,0,0
2262,40,16,24,0,15,6,19,15,7,1,0,3,11,0,0,0,0,0,0,0,0,0,0,1.0,1.0,1.0,0.0,0.0,0.0,4,0,0
2263,40,16,24,0,15,6,19,15,7,1,0,3,11,0,0,0,0,0,0,0,0,0,0,1.0,1.0,1.0,0.0,0.0,0.0,4,0,0
2264,40,16,24,0,13,8,19,15,7,1,0,3,11,0,0,0,0,0,0,0,0,0,0,1.0,1.0,1.0,0.0,0.0,0.0,4,0,0
2265,40,16,24,0,13,8,19,15,7,1,0,3,11,0,0,0,0,0,0,0,0,0,0,1.0,1.0,1.0,0.0,0.0,0.0,4,0,0
2266,40,16,24,0,13,8,19,15,7,1,0,3,11,0,0,0,0,0,0,0,0,0,0,1.0,1.0,1.0,0.0,0.0,0.0,4,0,0
2267,40,16,24,0,13,8,19,15,7,0,0,3,11,0,0,0,0,0,0,0,0,0,0,1.0,1.0,1.0,0.0,0.0,0.0,4,0,0
2268,40,16,24,0,13,8,19,15,7,0,0,3,11,0,0,0,1,0,0,0,0,0,0,1.0,1.0,1.0,0.0,0.0,0.0,4,0,0
2269,40,16,24,0,13,8,19,15,7,0,0,3,11,0,0,0,3,0,0,0,0,0,0,1.0,1.0,1.0,0.0,0.0,0.0,4,0,0
2270,40,16,24,0,13,8,19,15,7,1,0,3,11,0,0,0,8,0,1,0,0,0,0,1.0,1.0,1.0,0.0,0.0,0.0,4,0,0
2271,40,16,24,0,13,8,19,15,7,1,0,3,11,0,0,0,0,0,0,0,0,0,0,1.0,1.0,1.0,0.0,0.0,0.0,4,0,0
2272,40,16,24,0,13,8,19,15,7,1,0,3,11,0,0,0,0,0,0,0,0,0,0,1.0,1.0,1.0,0.0,0.0,0.0,4,0,0
2273,40,16,24,0,13,8,19,15,7,1,0,3,11,0,0,0,0,0,0,0,0,0,0,1.0,1.0,1.0,0.0,0.0,0.0,4,0,0
2274,40,16,24,0,13,8,19,15,7,1,0,3,11,0,0,0,0,0,0,0,0,0,0,1.0,1.0,1.0,0.0,0.0,0.0,4,0,0
2275,40,16,24,0,13,8,19,15,7,1,0,3,11,0,0,0,0,0,0,0,0,0,0,1.0,1.0,1.0,0.0,0.0,0.0,4,0,0
2276,40,16,24,0,13,8,19,15,7,1,0,3,11,0,0,0,0,0,0,0,0,0,0,1.0,1.0,1.0,0.0,0.0,0.0,4,0,0
2277,40,16,24,0,13,8,19,15,7,1,0,3,11,0,0,0,0,0,0,0,0,1,0,1.0,1.0,1.0,0.0,0.0,0.0,4,0,0
2278,40,16,24,0,13,8,19,15,7,1,0,3,11,0,0,0,0,0,0,0,0,0,0,1.0,1.0,1.0,0.0,0.0,0.0,4,0,0
2279,40,16,24,0,13,8,19,15,7,1,0,3,11,0,0,0,0,0,0,0,0,0,0,1.0,1.0,1.0,0.0,0.0,0.0,4,0,0
2280,40,16,24,0,13,8,19,15,7,1,0,3,11,0,0,0,0,0,0,0,0,0,0,1.0,1.0,1.0,0.0,0.0,0.0,4,0,0
2281,40,16,24,0,12,8,20,16,7,1,0,3,11,0,0,0,0,0,0,0,0,0,0,1.0,1.0,1.0,0.0,0.0,0.0,4,0,0
2282,40,16,24,0,12,8,20,16,7,1,0,3,11,0,0,0,0,0,0,0,0,0,0,1.0,1.0,1.0,0.0,0.0,0.0,4,0,0
2283,40,16,24,0,12,8,20,16,7,1,0,3,12,0,1,0,0,0,0,0,0,0,0,1.0,1.0,1.0,0.0,0.0,0.0,4,0,0
2284,40,16,24,0,12,8,20,16,7,1,0,3,12,0,0,0,0,0,0,0,0,0,0,1.0,1.0,1.0,0.0,0.0,0.0,4,0,0
2285,48,19,29,8,12,8,20,16,5,1,2,3,12,0,0,0,0,0,0,2,0,0,0,1.0,1.0,1.0,0.2,0.2,0.0,4,8,0
2286,55,22,33,15,12,8,20,16,3,1,4,3,13,0,1,0,0,0,0,2,0,0,0,1.0,1.0,1.0,0.14583333333333334,0.14583333333333334,0.0,4,7,0
2287,59,24,35,19,12,8,20,16,2,1,5,3,13,0,0,0,0,0,0,1,0,0,0,1.0,1.0,1.0,0.07272727272727272,0.07272727272727272,0.0,4,4,0
2288,58,23,35,18,12,8,20,16,2,1,5,4,13,1,0,0,0,0,0,0,1,0,1,0.967741935483871,1.0,1.0,0.0,0.0,0.0,4,0,1
2289,56,23,33,16,12,8,20,16,2,1,5,4,13,0,0,0,0,0,0,0,2,0,2,0.9333333333333333,1.0,1.0,0.0,0.0,0.0,4,0,2
2290,56,23,33,16,12,8,20,16,2,1,5,4,13,0,0,0,0,0,0,0,0,0,0,1.0,1.0,1.0,0.0,0.0,0.0,4,0,0
2291,56,23,33,16,12,8,20,16,2,1,5,4,13,0,0,0,0,0,0,0,0,0,0,1.0,1.0,1.0,0.0,0.0,0.0,4,0,0
2292,60,24,36,20,12,8,20,16,1,1,6,4,13,0,0,0,0,0,0,1,0,0,0,1.0,1.0,1.0,0.07142857142857142,0.07142857142857142,0.0,4,4,0
2293,60,24,36,20,12,8,20,16,1,1,6,4,13,0,0,0,0,0,0,0,0,0,0,1.0,1.0,1.0,0.0,0.0,0.0,4,0,0
2294,60,24,36,20,12,8,20,16,1,1,6,4,13,0,0,0,0,0,0,0,0,0,0,1.0,1.0,1.0,0.0,0.0,0.0,4,0,0
2295,63,25,38,23,12,8,20,16,0,1,7,4,13,0,0,0,0,0,0,1,0,0,0,1.0,1.0,1.0,0.05,0.05,0.0,4,3,0
2296,61,23,38,22,11,8,20,16,0,1,7,4,13,0,0,0,0,0,0,0,2,0,2,0.9428571428571428,1.0,1.0,0.0,0.0,0.0,4,0,2
2297,60,23,37,21,11,7,21,17,0,1,7,4,13,0,0,0,0,0,0,0,1,0,1,0.9696969696969697,1.0,1.0,0.0,0.0,0.0,4,0,1
2298,59,23,36,20,11,7,21,17,0,1,7,4,13,0,0,0,0,0,0,0,1,0,1,0.96875,1.0,1.0,0.0,0.0,0.0,4,0,1
2299,57,21,36,19,10,7,21,17,0,1,7,3,13,0,0,0,0,0,0,0,2,0,2,0.935483870967742,1.0,1.0,0.0,0.0,0.0,4,0,2
2300,56,20,36,19,9,7,21,17,0,1,7,3,13,0,0,0,0,0,0,0,1,0,1,0.9655172413793104,1.0,1.0,0.0,0.0,0.0,4,0,1
2301,56,20,36,19,9,7,21,17,0,1,7,3,13,0,0,0,0,0,0,0,0,0,0,1.0,1.0,1.0,0.0,0.0,0.0,4,0,0
2302,56,20,36,19,9,7,21,17,0,1,7,3,13,0,0,0,0,0,0,0,0,3,0,1.0,1.0,1.0,0.0,0.0,0.0,4,0,0
2303,55,19,36,19,9,6,21,17,0,1,7,3,13,0,0,0,0,0,0,0,0,1,0,1.0,1.0,1.0,0.0,0.0,0.0,4,0,1
2304,55,19,36,19,9,6,21,17,0,1,7,3,13,0,0,0,0,0,0,0,0,0,0,1.0,1.0,1.0,0.0,0.0,0.0,4,0,0
2305,55,19,36,19,9,6,21,17,0,1,7,3,13,0,0,0,0,0,0,0,0,0,0,1.0,1.0,1.0,0.0,0.0,0.0,4,0,0
2306,55,19,36,19,6,9,21,17,0,1,7,3,13,0,0,0,0,0,0,0,0,0,0,1.0,1.0,1.0,0.0,0.0,0.0,4,0,0
2307,55,19,36,19,5,10,21,17,0,1,7,3,13,0,0,0,0,0,0,0,0,0,0,1.0,1.0,1.0,0.0,0.0,0.0,4,0,0
2308,54,18,36,19,4,10,21,17,0,1,7,3,13,0,0,0,0,0,0,0,1,0,1,0.9583333333333334,1.0,1.0,0.0,0.0,0.0,4,0,1
2309,53,18,35,18,4,10,21,17,0,1,7,3,13,0,0,0,0,0,0,0,1,0,1,0.9565217391304348,1.0,1.0,0.0,0.0,0.0,4,0,1
2310,53,18,35,18,4,10,21,17,0,1,7,3,13,0,0,0,0,0,0,0,0,0,0,1.0,1.0,1.0,0.0,0.0,0.0,4,0,0
2311,53,18,35,18,4,10,21,17,0,1,7,3,13,0,0,0,0,0,0,0,0,0,0,1.0,1.0,1.0,0.0,0.0,0.0,4,0,0
2312,53,18,35,18,4,10,21,17,0,1,7,3,13,0,0,0,0,0,0,0,0,0,0,1.0,1.0,1.0,0.0,0.0,0.0,4,0,0
2313,52,17,35,17,4,10,21,17,0,1,7,3,13,0,0,0,0,0,0,0,1,0,1,0.9545454545454546,1.0,1.0,0.0,0.0,0.0,4,0,1
2314,52,17,35,17,4,10,21,17,0,1,7,3,13,0,0,0,0,0,0,0,0,0,0,1.0,1.0,1.0,0.0,0.0,0.0,4,0,0
2315,52,17,35,17,4,10,21,17,0,0,7,3,13,0,0,0,0,0,0,0,0,0,0,1.0,1.0,1.0,0.0,0.0,0.0,4,0,0
2316,52,17,35,17,4,10,21,17,1,0,7,3,13,0,0,0,3,1,0,0,0,0,0,1.0,1.0,1.0,0.0,0.0,0.3333333333333333,4,0,0
2317,50,15,35,17,3,9,21,17,1,0,7,3,13,0,0,0,0,0,0,0,1,0,1,0.9523809523809523,1.0,1.0,0.0,0.0,0.0,4,0,2
2318,50,15,35,17,3,9,21,17,1,0,7,3,13,0,0,0,0,0,0,0,0,0,0,1.0,1.0,1.0,0.0,0.0,0.0,4,0,0
2319,50,15,35,17,3,9,21,17,1,0,7,3,13,0,0,0,0,0,0,0,0,0,0,1.0,1.0,1.0,0.0,0.0,0.0,4,0,0
2320,49,15,34,17,3,9,20,16,1,0,6,3,13,0,0,0,0,0,0,0,0,0,0,1.0,1.0,0.9411764705882353,0.0,0.0,0.0,4,0,1
2321,49,15,34,17,3,9,20,16,1,0,6,3,13,0,0,0,0,0,0,0,0,0,0,1.0,1.0,1.0,0.0,0.0,0.0,4,0,0
2322,49,15,34,17,3,9,20,16,1,0,6,3,13,0,0,0,0,0,0,0,0,1,0,1.0,1.0,1.0,0.0,0.0,0.0,4,0,0
2323,49,15,34,17,3,9,20,16,1,0,6,3,13,0,0,0,0,0,0,0,0,0,0,1.0,1.0,1.0,0.0,0.0,0.0,4,0,0
2324,49,15,34,17,3,9,20,16,1,0,6,3,13,0,0,0,0,0,0,0,0,0,0,1.0,1.0,1.0,0.0,0.0,0.0,4,0,0
2325,49,15,34,17,3,9,20,16,1,0,6,3,13,0,0,0,0,0,0,0,0,0,0,1.0,1.0,1.0,0.0,0.0,0.0,4,0,0
2326,49,15,34,17,2,10,20,16,1,0,6,3,13,0,0,0,0,0,0,0,0,0,0,1.0,1.0,1.0,0.0,0.0,0.0,4,0,0
2327,49,15,34,17,2,10,20,16,1,0,6,3,13,0,0,0,0,0,0,0,0,0,0,1.0,1.0,1.0,0.0,0.0,0.0,4,0,0
2328,49,15,34,12,7,10,20,16,1,0,6,3,13,0,0,0,0,0,0,0,0,0,0,1.0,1.0,1.0,0.0,0.0,0.0,4,0,0
2329,49,15,34,8,11,10,20,16,1,0,6,3,13,0,0,0,0,0,0,0,0,0,0,1.0,1.0,1.0,0.0,0.0,0.0,4,0,0
2330,49,15,34,4,15,10,20,16,1,0,4,3,13,0,0,0,0,0,0,0,0,0,0,1.0,1.0,1.0,0.0,0.0,0.0,4,0,0
2331,48,15,33,4,14,10,20,16,2,0,2,3,13,0,0,0,6,1,0,0,1,0,1,0.9473684210526316,1.0,1.0,0.0,0.0,0.16666666666666666,4,0,1
2332,47,15,32,4,14,8,21,17,3,0,2,3,12,0,0,0,5,1,0,0,0,0,0,1.0,1.0,1.0,0.0,0.0,0.2,4,0,1
2333,47,15,32,4,14,8,21,17,3,0,2,3,12,0,0,0,8,0,0,0,0,0,0,1.0,1.0,1.0,0.0,0.0,0.0,4,0,0
2334,47,15,32,4,14,8,21,17,4,0,2,3,12,0,0,0,8,1,0,0,0,0,0,1.0,1.0,1.0,0.0,0.0,0.125,4,0,0
2335,47,15,32,1,17,8,21,17,4,0,2,3,12,0,0,0,0,0,0,0,0,0,0,1.0,1.0,1.0,0.0,0.0,0.0,4,0,0
2336,47,15,32,1,17,8,21,17,4,0,2,3,12,0,0,0,0,0,0,0,0,0,0,1.0,1.0,1.0,0.0,0.0,0.0,4,0,0
2337,47,15,32,1,17,8,21,17,5,0,1,3,12,0,0,0,5,1,0,0,0,0,0,1.0,1.0,1.0,0.0,0.0,0.2,4,0,0
2338,46,15,31,0,18,8,20,16,6,0,0,3,12,0,0,0,6,1,0,0,0,0,0,1.0,1.0,0.9411764705882353,0.0,0.0,0.16666666666666666,4,0,1
2339,46,15,31,0,18,8,20,16,6,0,0,3,12,0,0,0,0,0,0,0,0,0,0,1.0,1.0,1.0,0.0,0.0,0.0,4,0,0
2340,46,15,31,0,18,8,20,16,6,0,0,3,12,0,0,0,0,0,0,0,0,0,0,1.0,1.0,1.0,0.0,0.0,0.0,4,0,0
2341,46,15,31,0,18,8,20,16,6,0,0,3,12,0,0,0,0,0,0,0,0,0,0,1.0,1.0,1.0,0.0,0.0,0.0,4,0,0
2342,45,15,30,0,18,7,20,16,6,0,0,3,11,0,0,0,0,0,0,0,0,0,0,1.0,1.0,1.0,0.0,0.0,0.0,4,0,1
2343,45,15,30,0,18,7,20,16,6,0,0,3,11,0,0,0,0,0,0,0,0,0,0,1.0,1.0,1.0,0.0,0.0,0.0,4,0,0
2344,45,15,30,0,18,6,21,16,6,0,0,3,11,0,0,0,0,0,0,0,0,0,0,1.0,1.0,1.0,0.0,0.0,0.0,4,0,0
2345,45,15,30,0,18,6,21,16,6,0,0,3,11,0,0,0,0,0,0,0,0,0,0,1.0,1.0,1.0,0.0,0.0,0.0,4,0,0
2346,45,15,30,0,18,6,21,16,6,0,0,3,11,0,0,0,0,0,0,0,0,0,0,1.0,1.0,1.0,0.0,0.0,0.0,4,0,0
2347,45,15,30,0,18,6,21,16,6,0,0,3,11,0,0,0,0,0,0,0,0,0,0,1.0,1.0,1.0,0.0,0.0,0.0,4,0,0
2348,45,15,30,0,18,6,21,16,6,0,0,3,11,0,0,0,0,0,0,0,0,0,0,1.0,1.0,1.0,0.0,0.0,0.0,4,0,0
2349,45,15,30,0,18,6,21,16,6,0,0,3,11,0,0,0,0,0,0,0,0,0,0,1.0,1.0,1.0,0.0,0.0,0.0,4,0,0
2350,44,15,29,0,17,6,21,16,6,0,0,3,11,0,0,0,0,0,0,0,1,0,1,0.9444444444444444,1.0,1.0,0.0,0.0,0.0,4,0,1
2351,44,15,29,0,17,6,21,16,6,0,0,3,11,0,0,0,0,0,0,0,0,0,0,1.0,1.0,1.0,0.0,0.0,0.0,4,0,0
2352,44,15,29,0,17,6,21,16,6,0,0,3,11,0,0,0,0,0,0,0,0,0,0,1.0,1.0,1.0,0.0,0.0,0.0,4,0,0
2353,44,15,29,0,17,6,21,16,6,0,0,3,11,0,0,0,0,0,0,0,0,0,0,1.0,1.0,1.0,0.0,0.0,0.0,4,0,0
2354,44,15,29,0,17,6,21,16,6,0,0,3,11,0,0,0,0,0,0,0,0,0,0,1.0,1.0,1.0,0.0,0.0,0.0,4,0,0
2355,44,15,29,0,17,6,21,16,6,0,0,3,11,0,0,0,0,0,0,0,0,0,0,1.0,1.0,1.0,0.0,0.0,0.0,4,0,0
2356,44,15,29,0,17,6,21,16,6,0,0,3,11,0,0,0,0,0,0,0,0,0,0,1.0,1.0,1.0,0.0,0.0,0.0,4,0,0
2357,44,15,29,0,17,6,21,16,6,0,0,3,11,0,0,0,0,0,0,0,0,0,0,1.0,1.0,1.0,0.0,0.0,0.0,4,0,0
2358,44,15,29,0,17,6,21,16,6,0,0,3,11,0,0,0,0,0,0,0,0,0,0,1.0,1.0,1.0,0.0,0.0,0.0,4,0,0
2359,44,15,29,0,17,6,21,16,6,0,0,3,11,0,0,0,0,0,0,0,0,0,0,1.0,1.0,1.0,0.0,0.0,0.0,4,0,0
2360,44,15,29,0,17,6,21,16,6,0,0,3,11,0,0,0,0,0,0,0,0,0,0,1.0,1.0,1.0,0.0,0.0,0.0,4,0,0
2361,44,15,29,0,17,6,21,16,6,0,0,3,11,0,0,0,0,0,0,0,0,0,0,1.0,1.0,1.0,0.0,0.0,0.0,4,0,0
2362,44,15,29,0,17,6,21,16,6,0,0,3,11,0,0,0,0,0,0,0,0,0,0,1.0,1.0,1.0,0.0,0.0,0.0,4,0,0
2363,44,15,29,0,17,6,21,16,6,0,0,3,11,0,0,0,0,0,0,0,0,2,0,1.0,1.0,1.0,0.0,0.0,0.0,4,0,0
2364,44,15,29,0,17,6,21,16,6,0,0,3,11,0,0,0,0,0,0,0,0,0,0,1.0,1.0,1.0,0.0,0.0,0.0,4,0,0
2365,44,15,29,0,17,6,21,16,6,0,0,3,11,0,0,0,0,0,0,0,0,0,0,1.0,1.0,1.0,0.0,0.0,0.0,4,0,0
2366,44,15,29,0,17,6,21,16,6,0,0,3,11,0,0,0,0,0,0,0,0,0,0,1.0,1.0,1.0,0.0,0.0,0.0,4,0,0
2367,44,15,29,0,15,8,21,16,6,0,0,3,11,0,0,0,0,0,0,0,0,0,0,1.0,1.0,1.0,0.0,0.0,0.0,4,0,0
2368,44,15,29,0,15,8,21,16,6,0,0,3,11,0,0,0,0,0,0,0,0,0,0,1.0,1.0,1.0,0.0,0.0,0.0,4,0,0
2369,44,15,29,0,15,8,21,16,6,0,0,3,11,0,0,0,0,0,0,0,0,0,0,1.0,1.0,1.0,0.0,0.0,0.0,4,0,0
2370,44,15,29,0,15,8,21,16,6,0,0,3,11,0,0,0,0,0,0,0,0,0,0,1.0,1.0,1.0,0.0,0.0,0.0,4,0,0
2371,43,14,29,0,14,8,21,16,6,0,0,3,11,0,0,0,0,0,0,0,1,0,1,0.9333333333333333,1.0,1.0,0.0,0.0,0.0,4,0,1
2372,43,14,29,0,14,8,21,16,6,0,0,3,11,0,0,0,0,0,0,0,0,0,0,1.0,1.0,1.0,0.0,0.0,0.0,4,0,0
2373,43,14,29,0,14,8,21,16,6,0,0,3,11,0,0,0,0,0,0,0,0,0,0,1.0,1.0,1.0,0.0,0.0,0.0,4,0,0
2374,43,14,29,0,14,8,21,16,6,0,0,3,11,0,0,0,0,0,0,0,0,0,0,1.0,1.0,1.0,0.0,0.0,0.0,4,0,0
2375,43,14,29,0,14,8,21,16,6,0,0,4,11,1,0,0,0,0,0,0,0,0,0,1.0,1.0,1.0,0.0,0.0,0.0,4,0,0
2376,43,14,29,0,14,8,21,16,6,0,0,4,11,0,0,0,0,0,0,0,0,0,0,1.0,1.0,1.0,0.0,0.0,0.0,4,0,0
2377,43,14,29,0,14,8,21,16,6,0,0,4,12,0,1,0,0,0,0,0,0,0,0,1.0,1.0,1.0,0.0,0.0,0.0,4,0,0
2378,43,14,29,0,14,8,21,16,6,0,0,4,12,0,0,0,0,0,0,0,0,0,0,1.0,1.0,1.0,0.0,0.0,0.0,4,0,0
2379,43,14,29,0,14,8,21,16,6,0,0,4,13,0,1,0,0,0,0,0,0,0,0,1.0,1.0,1.0,0.0,0.0,0.0,4,0,0
2380,42,13,29,0,13,8,21,16,6,0,0,4,13,0,0,0,0,0,0,0,1,0,1,0.9285714285714286,1.0,1.0,0.0,0.0,0.0,4,0,1
2381,46,15,31,4,13,8,21,16,5,0,1,4,13,0,0,0,0,0,0,1,0,0,0,1.0,1.0,1.0,0.09523809523809523,0.09523809523809523,0.0,4,4,0
2382,46,15,31,4,13,8,21,16,5,0,1,4,13,0,0,0,0,0,0,0,0,0,0,1.0,1.0,1.0,0.0,0.0,0.0,4,0,0
2383,46,15,31,4,13,8,21,16,5,0,1,4,13,0,0,0,0,0,0,0,0,0,0,1.0,1.0,1.0,0.0,0.0,0.0,4,0,0
2384,46,15,31,4,13,8,21,16,5,0,1,4,13,0,0,0,0,0,0,0,0,0,0,1.0,1.0,1.0,0.0,0.0,0.0,4,0,0
2385,46,15,31,4,13,8,21,16,5,0,1,4,13,0,0,0,0,0,0,0,0,0,0,1.0,1.0,1.0,0.0,0.0,0.0,4,0,0
2386,46,15,31,4,13,8,21,16,5,0,1,4,13,0,0,0,0,0,0,0,0,0,0,1.0,1.0,1.0,0.0,0.0,0.0,4,0,0
2387,46,15,31,4,13,8,21,16,5,0,1,4,13,0,0,0,0,0,0,0,0,0,0,1.0,1.0,1.0,0.0,0.0,0.0,4,0,0
2388,46,15,31,4,13,8,21,16,5,0,1,4,13,0,0,0,0,0,0,0,0,0,0,1.0,1.0,1.0,0.0,0.0,0.0,4,0,0
2389,46,15,31,4,13,8,21,16,5,0,1,4,13,0,0,0,0,0,0,0,0,0,0,1.0,1.0,1.0,0.0,0.0,0.0,4,0,0
2390,46,15,31,4,13,8,21,16,5,0,1,4,13,0,0,0,0,0,0,0,0,0,0,1.0,1.0,1.0,0.0,0.0,0.0,4,0,0
2391,46,15,31,4,13,8,21,16,5,0,1,4,13,0,0,0,0,0,0,0,0,0,0,1.0,1.0,1.0,0.0,0.0,0.0,4,0,0
2392,46,15,31,4,13,8,21,16,5,0,1,4,13,0,0,0,0,0,0,0,0,0,0,1.0,1.0,1.0,0.0,0.0,0.0,4,0,0
2393,46,15,31,4,13,8,21,16,5,0,1,4,13,0,0,0,0,0,0,0,0,0,0,1.0,1.0,1.0,0.0,0.0,0.0,4,0,0
2394,46,15,31,4,13,8,21,16,5,0,1,4,13,0,0,0,0,0,0,0,0,0,0,1.0,1.0,1.0,0.0,0.0,0.0,4,0,0
2395,46,15,31,4,13,8,21,16,5,0,1,4,13,0,0,0,0,0,0,0,0,0,0,1.0,1.0,1.0,0.0,0.0,0.0,4,0,0
2396,50,17,33,8,13,8,21,16,4,0,2,4,13,0,0,0,0,0,0,1,0,0,0,1.0,1.0,1.0,0.08695652173913043,0.08695652173913043,0.0,4,4,0
2397,54,18,36,12,13,8,21,16,3,0,3,4,13,0,0,0,0,0,0,1,0,0,0,1.0,1.0,1.0,0.08,0.08,0.0,4,4,0
2398,54,18,36,12,13,8,21,16,3,0,3,4,13,0,0,0,0,0,0,0,0,0,0,1.0,1.0,1.0,0.0,0.0,0.0,4,0,0
2399,57,19,38,15,13,7,22,16,2,0,4,4,13,0,0,0,0,0,0,1,0,0,0,1.0,1.0,1.0,0.05555555555555555,0.05555555555555555,0.0,4,3,0
2400,55,18,37,14,12,6,23,17,2,0,4,4,13,0,0,0,0,0,0,0,2,0,2,0.9285714285714286,1.0,1.0,0.0,0.0,0.0,4,0,2
2401,55,18,37,14,12,6,23,17,2,0,4,4,13,0,0,0,0,0,0,0,0,0,0,1.0,1.0,1.0,0.0,0.0,0.0,4,0,0
2402,58,19,39,18,11,6,23,17,1,0,5,4,13,0,0,0,8,0,0,1,1,0,1,0.9615384615384616,1.0,1.0,0.07272727272727272,0.07272727272727272,0.0,4,4,1
2403,61,20,41,21,11,6,23,17,1,0,6,4,13,0,0,0,4,1,0,1,0,0,0,1.0,1.0,1.0,0.05172413793103448,0.05172413793103448,0.25,4,3,0
2404,60,20,40,20,11,6,23,17,1,0,6,4,13,0,0,0,0,0,0,0,1,0,1,0.96875,1.0,1.0,0.0,0.0,0.0,4,0,1
2405,60,20,40,20,11,6,23,17,1,0,6,4,13,0,0,0,0,0,0,0,0,0,0,1.0,1.0,1.0,0.0,0.0,0.0,4,0,0
2406,58,19,39,18,11,6,23,17,1,0,6,4,13,0,0,0,0,0,0,0,2,0,2,0.935483870967742,1.0,1.0,0.0,0.0,0.0,4,0,2
2407,57,18,39,17,11,6,23,17,1,0,6,4,13,0,0,0,0,0,0,0,1,0,1,0.9655172413793104,1.0,1.0,0.0,0.0,0.0,4,0,1
2408,56,18,38,17,10,6,23,17,1,0,6,4,13,0,0,0,0,0,0,0,1,0,1,0.9642857142857143,1.0,1.0,0.0,0.0,0.0,4,0,1
2409,54,17,37,15,10,6,23,17,1,0,6,4,13,0,0,0,0,0,0,0,2,0,2,0.9259259259259259,1.0,1.0,0.0,0.0,0.0,4,0,2
2410,54,17,37,15,10,6,23,17,1,0,6,4,13,0,0,0,0,0,0,0,0,0,0,1.0,1.0,1.0,0.0,0.0,0.0,4,0,0
2411,54,17,37,15,10,6,23,17,1,0,6,4,13,0,0,0,0,0,0,0,0,0,0,1.0,1.0,1.0,0.0,0.0,0.0,4,0,0
2412,54,17,37,15,10,6,23,17,1,0,6,4,13,0,0,0,0,0,0,0,0,0,0,1.0,1.0,1.0,0.0,0.0,0.0,4,0,0
2413,54,17,37,15,10,6,23,17,1,0,6,4,13,0,0,0,0,0,0,0,0,0,0,1.0,1.0,1.0,0.0,0.0,0.0,4,0,0
2414,54,17,37,15,10,6,23,17,1,0,6,4,13,0,0,0,0,0,0,0,0,0,0,1.0,1.0,1.0,0.0,0.0,0.0,4,0,0
2415,53,16,37,15,9,6,23,17,1,0,6,4,13,0,0,0,0,0,0,0,1,0,1,0.96,1.0,1.0,0.0,0.0,0.0,4,0,1
2416,53,16,37,15,9,6,23,17,1,0,6,4,13,0,0,0,0,0,0,0,0,0,0,1.0,1.0,1.0,0.0,0.0,0.0,4,0,0
2417,53,16,37,15,9,6,23,17,1,0,6,4,13,0,0,0,0,0,0,0,0,0,0,1.0,1.0,1.0,0.0,0.0,0.0,4,0,0
2418,53,16,37,15,9,6,23,17,1,0,6,4,13,0,0,0,0,0,0,0,0,0,0,1.0,1.0,1.0,0.0,0.0,0.0,4,0,0
2419,53,16,37,15,9,6,23,17,1,0,6,4,13,0,0,0,0,0,0,0,0,0,0,1.0,1.0,1.0,0.0,0.0,0.0,4,0,0
2420,52,16,36,14,9,6,23,17,1,0,6,4,13,0,0,0,0,0,0,0,1,0,1,0.9583333333333334,1.0,1.0,0.0,0.0,0.0,4,0,1
2421,52,16,36,14,9,6,23,17,1,0,6,4,13,0,0,0,0,0,0,0,0,0,0,1.0,1.0,1.0,0.0,0.0,0.0,4,0,0
2422,52,16,36,14,9,6,23,17,1,0,6,4,13,0,0,0,0,0,0,0,0,0,0,1.0,1.0,1.0,0.0,0.0,0.0,4,0,0
2423,52,16,36,14,9,6,23,17,1,0,6,4,13,0,0,0,0,0,0,0,0,0,0,1.0,1.0,1.0,0.0,0.0,0.0,4,0,0
2424,52,16,36,11,12,6,23,17,1,0,6,4,13,0,0,0,0,0,0,0,0,0,0,1.0,1.0,1.0,0.0,0.0,0.0,4,0,0
2425,52,16,36,11,12,6,23,17,1,0,6,4,13,0,0,0,0,0,0,0,0,0,0,1.0,1.0,1.0,0.0,0.0,0.0,4,0,0
2426,51,15,36,10,12,6,23,17,1,0,5,4,13,0,0,0,0,0,0,0,1,0,1,0.9565217391304348,1.0,1.0,0.0,0.0,0.0,4,0,1
2427,51,15,36,10,12,6,23,17,2,0,5,4,13,0,0,0,3,1,0,0,0,0,0,1.0,1.0,1.0,0.0,0.0,0.3333333333333333,4,0,0
2428,51,15,36,10,12,6,23,17,2,0,5,4,13,0,0,0,0,0,0,0,0,0,0,1.0,1.0,1.0,0.0,0.0,0.0,4,0,0
2429,50,15,35,10,12,6,22,16,2,0,5,4,12,0,0,0,0,0,0,0,0,0,0,1.0,1.0,0.9411764705882353,0.0,0.0,0.0,4,0,1
2430,49,14,35,10,12,6,21,16,2,0,5,4,12,0,0,0,0,0,0,0,0,0,0,1.0,0.8333333333333334,1.0,0.0,0.0,0.0,4,0,1
2431,49,14,35,10,12,6,21,16,2,0,5,4,12,0,0,0,0,0,0,0,0,0,0,1.0,1.0,1.0,0.0,0.0,0.0,4,0,0
2432,49,14,35,10,12,6,21,16,2,0,5,4,12,0,0,0,0,0,0,0,0,0,0,1.0,1.0,1.0,0.0,0.0,0.0,4,0,0
2433,48,14,34,9,12,6,21,16,2,0,5,4,12,0,0,0,0,0,0,0,1,0,1,0.9545454545454546,1.0,1.0,0.0,0.0,0.0,4,0,1
2434,48,14,34,9,12,6,21,16,2,0,5,4,12,0,0,0,0,0,0,0,0,0,0,1.0,1.0,1.0,0.0,0.0,0.0,4,0,0
2435,48,14,34,9,12,6,21,16,2,0,5,4,12,0,0,0,0,0,0,0,0,0,0,1.0,1.0,1.0,0.0,0.0,0.0,4,0,0
2436,47,13,34,9,11,6,21,16,2,0,5,4,12,0,0,0,0,0,0,0,1,0,1,0.9523809523809523,1.0,1.0,0.0,0.0,0.0,4,0,1
2437,47,13,34,9,11,6,21,16,2,0,5,4,12,0,0,0,0,0,0,0,0,0,0,1.0,1.0,1.0,0.0,0.0,0.0,4,0,0
2438,47,13,34,9,11,6,21,16,2,0,5,4,12,0,0,0,0,0,0,0,0,0,0,1.0,1.0,1.0,0.0,0.0,0.0,4,0,0
2439,46,12,34,6,13,6,21,16,2,0,5,4,12,0,0,0,0,0,0,0,1,0,1,0.95,1.0,1.0,0.0,0.0,0.0,4,0,1
2440,46,12,34,4,15,6,21,16,2,0,5,4,12,0,0,0,0,0,0,0,0,0,0,1.0,1.0,1.0,0.0,0.0,0.0,4,0,0
2441,46,12,34,4,15,4,23,16,2,0,4,4,12,0,0,0,0,0,0,0,0,0,0,1.0,1.0,1.0,0.0,0.0,0.0,4,0,0
2442,46,12,34,3,16,4,23,16,2,0,3,4,12,0,0,0,2,0,0,0,0,0,0,1.0,1.0,1.0,0.0,0.0,0.0,4,0,0
2443,46,12,34,3,16,4,23,16,3,0,3,4,12,0,0,0,5,1,0,0,0,0,0,1.0,1.0,1.0,0.0,0.0,0.2,4,0,0
2444,46,12,34,3,16,4,23,16,3,0,2,4,12,0,0,0,0,0,0,0,0,0,0,1.0,1.0,1.0,0.0,0.0,0.0,4,0,0
2445,45,12,33,3,15,4,23,16,4,0,2,4,12,0,0,0,6,1,0,0,1,0,1,0.9473684210526316,1.0,1.0,0.0,0.0,0.16666666666666666,4,0,1
2446,44,12,32,0,17,4,23,16,4,0,2,4,12,0,0,0,0,0,0,0,1,0,1,0.9444444444444444,1.0,1.0,0.0,0.0,0.0,4,0,1
2447,44,12,32,0,17,4,23,16,4,0,1,4,12,0,0,0,0,0,0,0,0,0,0,1.0,1.0,1.0,0.0,0.0,0.0,4,0,0
2448,44,12,32,0,17,4,23,16,5,0,0,4,12,0,0,0,4,1,0,0,0,0,0,1.0,1.0,1.0,0.0,0.0,0.25,4,0,0
2449,44,12,32,0,17,4,23,16,6,0,0,4,12,0,0,0,4,1,0,0,0,0,0,1.0,1.0,1.0,0.0,0.0,0.25,4,0,0
2450,44,12,32,0,17,4,23,16,6,0,0,4,12,0,0,0,0,0,0,0,0,0,0,1.0,1.0,1.0,0.0,0.0,0.0,4,0,0
2451,44,12,32,0,17,4,23,16,6,0,0,4,12,0,0,0,0,0,0,0,0,0,0,1.0,1.0,1.0,0.0,0.0,0.0,4,0,0
2452,44,12,32,0,17,4,23,16,6,0,0,4,12,0,0,0,0,0,0,0,0,0,0,1.0,1.0,1.0,0.0,0.0,0.0,4,0,0
2453,44,12,32,0,17,4,23,16,6,0,0,4,12,0,0,0,0,0,0,0,0,0,0,1.0,1.0,1.0,0.0,0.0,0.0,4,0,0
2454,44,12,32,0,17,4,23,16,6,0,0,4,12,0,0,0,0,0,0,0,0,0,0,1.0,1.0,1.0,0.0,0.0,0.0,4,0,0
2455,44,12,32,0,17,4,23,16,6,0,0,4,12,0,0,0,0,0,0,0,0,0,0,1.0,1.0,1.0,0.0,0.0,0.0,4,0,0
2456,44,12,32,0,17,4,23,16,6,0,0,4,12,0,0,0,0,0,0,0,0,0,0,1.0,1.0,1.0,0.0,0.0,0.0,4,0,0
2457,44,12,32,0,17,3,24,17,7,0,0,4,12,0,0,0,8,1,0,0,0,0,0,1.0,1.0,1.0,0.0,0.0,0.125,4,0,0
2458,44,12,32,0,17,3,24,17,7,0,0,4,12,0,0,0,0,0,0,0,0,0,0,1.0,1.0,1.0,0.0,0.0,0.0,4,0,0
2459,44,12,32,0,17,3,24,17,7,0,0,4,12,0,0,0,0,0,0,0,0,0,0,1.0,1.0,1.0,0.0,0.0,0.0,4,0,0
2460,44,12,32,0,17,3,24,17,7,0,0,4,12,0,0,0,0,0,0,0,0,0,0,1.0,1.0,1.0,0.0,0.0,0.0,4,0,0
2461,44,12,32,0,17,3,24,17,7,0,0,4,12,0,0,0,0,0,0,0,0,0,0,1.0,1.0,1.0,0.0,0.0,0.0,4,0,0
2462,44,12,32,0,17,3,24,17,7,0,0,4,12,0,0,0,0,0,0,0,0,0,0,1.0,1.0,1.0,0.0,0.0,0.0,4,0,0
2463,44,12,32,0,17,3,24,17,7,0,0,4,12,0,0,0,0,0,0,0,0,0,0,1.0,1.0,1.0,0.0,0.0,0.0,4,0,0
2464,44,12,32,0,17,3,24,17,7,0,0,4,12,0,0,0,0,0,0,0,0,0,0,1.0,1.0,1.0,0.0,0.0,0.0,4,0,0
2465,44,12,32,0,17,3,24,17,7,0,0,4,13,0,1,0,0,0,0,0,0,2,0,1.0,1.0,1.0,0.0,0.0,0.0,4,0,0
2466,44,12,32,0,17,3,24,17,7,0,0,4,13,0,0,0,0,0,0,0,0,2,0,1.0,1.0,1.0,0.0,0.0,0.0,4,0,0
2467,44,12,32,0,17,3,24,17,7,0,0,4,13,0,0,0,0,0,0,0,0,1,0,1.0,1.0,1.0,0.0,0.0,0.0,4,0,0
2468,48,15,33,4,17,3,24,17,6,0,1,4,13,0,0,0,0,0,0,1,0,0,0,1.0,1.0,1.0,0.09090909090909091,0.09090909090909091,0.0,4,4,0
2469,48,15,33,4,15,5,24,17,6,0,1,4,13,0,0,0,0,0,0,0,0,0,0,1.0,1.0,1.0,0.0,0.0,0.0,4,0,0
2470,48,15,33,4,13,7,24,17,6,0,1,4,13,0,0,0,0,0,0,0,0,0,0,1.0,1.0,1.0,0.0,0.0,0.0,4,0,0
2471,48,15,33,4,12,8,24,17,6,0,1,4,13,0,0,0,0,0,0,0,0,0,0,1.0,1.0,1.0,0.0,0.0,0.0,4,0,0
2472,48,15,33,4,12,8,24,17,6,0,1,4,13,0,0,0,0,0,0,0,0,1,0,1.0,1.0,1.0,0.0,0.0,0.0,4,0,0
2473,48,15,33,4,12,8,24,17,6,0,1,4,13,0,0,0,0,0,0,0,0,0,0,1.0,1.0,1.0,0.0,0.0,0.0,4,0,0
2474,48,15,33,4,12,8,24,17,6,0,1,4,13,0,0,0,0,0,0,0,0,0,0,1.0,1.0,1.0,0.0,0.0,0.0,4,0,0
2475,48,15,33,4,12,8,24,17,6,0,1,4,13,0,0,0,0,0,0,0,0,1,0,1.0,1.0,1.0,0.0,0.0,0.0,4,0,0
2476,48,15,33,4,11,9,24,17,6,0,1,4,13,0,0,0,0,0,0,0,0,0,0,1.0,1.0,1.0,0.0,0.0,0.0,4,0,0
2477,48,15,33,4,11,9,24,17,6,0,1,4,13,0,0,0,0,0,0,0,0,0,0,1.0,1.0,1.0,0.0,0.0,0.0,4,0,0
2478,47,15,32,4,11,9,23,16,5,0,1,4,13,0,0,0,0,0,0,0,0,0,0,1.0,1.0,0.9411764705882353,0.0,0.0,0.0,4,0,1
2479,47,15,32,4,10,10,23,16,5,0,1,4,13,0,0,0,0,0,0,0,0,0,0,1.0,1.0,1.0,0.0,0.0,0.0,4,0,0
2480,47,15,32,4,10,10,23,16,5,0,1,4,13,0,0,0,0,0,0,0,0,0,0,1.0,1.0,1.0,0.0,0.0,0.0,4,0,0
2481,47,15,32,4,10,10,23,16,5,0,1,4,13,0,0,0,0,0,0,0,0,0,0,1.0,1.0,1.0,0.0,0.0,0.0,4,0,0
2482,47,15,32,4,10,10,23,16,5,0,1,4,13,0,0,0,0,0,0,0,0,0,0,1.0,1.0,1.0,0.0,0.0,0.0,4,0,0
2483,47,15,32,4,10,10,23,16,5,0,1,4,13,0,0,0,0,0,0,0,0,0,0,1.0,1.0,1.0,0.0,0.0,0.0,4,0,0
2484,47,15,32,4,10,9,24,17,5,0,1,4,13,0,0,0,0,0,0,0,0,0,0,1.0,1.0,1.0,0.0,0.0,0.0,4,0,0
2485,47,15,32,4,10,9,24,17,5,0,1,4,13,0,0,0,0,0,0,0,0,0,0,1.0,1.0,1.0,0.0,0.0,0.0,4,0,0
2486,47,15,32,4,10,9,24,17,5,0,1,4,13,0,0,0,0,0,0,0,0,0,0,1.0,1.0,1.0,0.0,0.0,0.0,4,0,0
2487,47,15,32,4,10,9,24,17,5,0,1,4,13,0,0,0,0,0,0,0,0,0,0,1.0,1.0,1.0,0.0,0.0,0.0,4,0,0
2488,47,15,32,4,10,9,24,17,5,0,1,4,13,0,0,0,0,0,0,0,0,0,0,1.0,1.0,1.0,0.0,0.0,0.0,4,0,0
2489,47,15,32,4,10,9,24,17,5,0,1,4,13,0,0,0,0,0,0,0,0,0,0,1.0,1.0,1.0,0.0,0.0,0.0,4,0,0
2490,47,15,32,4,10,9,24,17,5,0,1,4,13,0,0,0,0,0,0,0,0,0,0,1.0,1.0,1.0,0.0,0.0,0.0,4,0,0
2491,47,15,32,4,10,9,24,17,5,0,1,4,13,0,0,0,0,0,0,0,0,0,0,1.0,1.0,1.0,0.0,0.0,0.0,4,0,0
2492,51,18,33,8,10,9,24,17,4,0,2,4,13,0,0,0,0,0,0,1,0,0,0,1.0,1.0,1.0,0.0851063829787234,0.0851063829787234,0.0,4,4,0
2493,51,18,33,8,10,9,24,17,4,0,2,4,13,0,0,0,0,0,0,0,0,0,0,1.0,1.0,1.0,0.0,0.0,0.0,4,0,0
2494,51,18,33,8,10,9,24,17,4,0,2,4,13,0,0,0,0,0,0,0,0,0,0,1.0,1.0,1.0,0.0,0.0,0.0,4,0,0
2495,51,18,33,8,10,9,24,17,4,0,2,4,13,0,0,0,0,0,0,0,0,0,0,1.0,1.0,1.0,0.0,0.0,0.0,4,0,0
2496,51,18,33,8,10,9,24,17,4,0,2,4,13,0,0,0,0,0,0,0,0,0,0,1.0,1.0,1.0,0.0,0.0,0.0,4,0,0
2497,50,17,33,7,10,9,24,17,4,0,2,4,13,0,0,0,0,0,0,0,1,0,1,0.9444444444444444,1.0,1.0,0.0,0.0,0.0,4,0,1
2498,50,17,33,7,10,9,24,17,4,0,2,4,13,0,0,0,0,0,0,0,0,0,0,1.0,1.0,1.0,0.0,0.0,0.0,4,0,0
2499,49,16,33,7,9,9,24,17,4,0,2,4,13,0,0,0,0,0,0,0,1,0,1,0.9411764705882353,1.0,1.0,0.0,0.0,0.0,4,0,1
2500,49,16,33,7,9,9,24,17,4,0,2,4,13,0,0,0,0,0,0,0,0,0,0,1.0,1.0,1.0,0.0,0.0,0.0,4,0,0
2501,49,16,33,7,9,9,24,17,4,0,2,4,13,0,0,0,0,0,0,0,0,0,0,1.0,1.0,1.0,0.0,0.0,0.0,4,0,0
2502,49,16,33,7,9,8,25,17,4,0,2,4,13,0,0,0,0,0,0,0,0,0,0,1.0,1.0,1.0,0.0,0.0,0.0,4,0,0
2503,49,16,33,7,9,8,25,17,4,0,2,4,13,0,0,0,0,0,0,0,0,0,0,1.0,1.0,1.0,0.0,0.0,0.0,4,0,0
2504,49,16,33,7,9,8,25,17,4,0,2,4,13,0,0,0,0,0,0,0,0,0,0,1.0,1.0,1.0,0.0,0.0,0.0,4,0,0
2505,49,16,33,7,9,8,25,17,4,0,2,4,13,0,0,0,0,0,0,0,0,0,0,1.0,1.0,1.0,0.0,0.0,0.0,4,0,0
2506,49,16,33,7,9,8,25,17,4,0,2,4,13,0,0,0,0,0,0,0,0,0,0,1.0,1.0,1.0,0.0,0.0,0.0,4,0,0
2507,49,16,33,7,9,8,25,17,4,0,2,4,13,0,0,0,0,0,0,0,0,0,0,1.0,1.0,1.0,0.0,0.0,0.0,4,0,0
2508,53,18,35,11,9,8,25,17,3,0,3,4,13,0,0,0,0,0,0,1,0,0,0,1.0,1.0,1.0,0.08163265306122448,0.08163265306122448,0.0,4,4,0
2509,53,18,35,11,9,8,25,17,3,0,3,4,13,0,0,0,0,0,0,0,0,0,0,1.0,1.0,1.0,0.0,0.0,0.0,4,0,0
2510,56,20,36,14,9,7,26,18,2,0,4,4,13,0,0,0,0,0,0,1,0,0,0,1.0,1.0,1.0,0.05660377358490566,0.05660377358490566,0.0,4,3,0
2511,56,20,36,10,13,7,26,18,2,0,4,4,13,0,0,0,0,0,0,0,0,0,0,1.0,1.0,1.0,0.0,0.0,0.0,4,0,0
2512,56,20,36,10,13,7,26,18,2,0,4,4,13,0,0,0,0,0,0,0,0,0,0,1.0,1.0,1.0,0.0,0.0,0.0,4,0,0
2513,60,20,40,14,13,7,26,18,1,0,4,4,13,0,0,0,0,0,0,1,0,0,0,1.0,1.0,1.0,0.07142857142857142,0.07142857142857142,0.0,4,4,0
2514,59,19,40,14,12,7,26,18,1,0,4,4,13,0,0,0,0,0,0,0,1,0,1,0.962962962962963,1.0,1.0,0.0,0.0,0.0,4,0,1
2515,59,19,40,14,12,7,26,18,1,0,4,4,13,0,0,0,0,0,0,0,0,0,0,1.0,1.0,1.0,0.0,0.0,0.0,4,0,0
2516,59,19,40,14,12,7,26,18,1,0,4,4,13,0,0,0,0,0,0,0,0,0,0,1.0,1.0,1.0,0.0,0.0,0.0,4,0,0
2517,58,19,39,13,12,7,26,18,1,0,4,4,13,0,0,0,0,0,0,0,1,0,1,0.9615384615384616,1.0,1.0,0.0,0.0,0.0,4,0,1
2518,57,18,39,12,12,7,26,18,1,0,4,4,13,0,0,0,0,0,0,0,1,0,1,0.96,1.0,1.0,0.0,0.0,0.0,4,0,1
2519,57,18,39,12,12,7,26,18,1,0,4,4,13,0,0,0,0,0,0,0,0,0,0,1.0,1.0,1.0,0.0,0.0,0.0,4,0,0
2520,57,18,39,12,12,7,26,18,1,0,4,4,13,0,0,0,0,0,0,0,0,0,0,1.0,1.0,1.0,0.0,0.0,0.0,4,0,0
2521,57,18,39,12,12,7,26,18,1,0,4,4,13,0,0,0,0,0,0,0,0,0,0,1.0,1.0,1.0,0.0,0.0,0.0,4,0,0
2522,60,19,41,15,12,7,26,18,0,0,5,4,13,0,0,0,0,0,0,1,0,0,0,1.0,1.0,1.0,0.05263157894736842,0.05263157894736842,0.0,4,3,0
2523,59,19,40,15,11,7,26,18,0,0,5,4,13,0,0,0,0,0,0,0,1,0,1,0.962962962962963,1.0,1.0,0.0,0.0,0.0,4,0,1
2524,59,19,40,15,11,7,26,18,0,0,5,4,13,0,0,0,0,0,0,0,0,0,0,1.0,1.0,1.0,0.0,0.0,0.0,4,0,0
2525,58,19,39,14,11,7,26,18,0,0,5,4,13,0,0,0,0,0,0,0,1,0,1,0.9615384615384616,1.0,1.0,0.0,0.0,0.0,4,0,1
2526,57,19,38,13,11,7,26,18,0,0,5,4,13,0,0,0,0,0,0,0,1,0,1,0.96,1.0,1.0,0.0,0.0,0.0,4,0,1
2527,56,19,37,12,11,7,26,18,0,0,5,4,13,0,0,0,0,0,0,0,1,0,1,0.9583333333333334,1.0,1.0,0.0,0.0,0.0,4,0,1
2528,56,19,37,12,11,7,26,18,0,0,5,4,13,0,0,0,0,0,0,0,0,0,0,1.0,1.0,1.0,0.0,0.0,0.0,4,0,0
2529,55,19,36,12,10,7,26,18,0,0,5,4,13,0,0,0,0,0,0,0,1,0,1,0.9565217391304348,1.0,1.0,0.0,0.0,0.0,4,0,1
2530,55,19,36,12,10,7,26,18,0,0,5,4,13,0,0,0,0,0,0,0,0,0,0,1.0,1.0,1.0,0.0,0.0,0.0,4,0,0
2531,54,19,35,12,9,7,26,18,0,0,5,4,13,0,0,0,0,0,0,0,1,0,1,0.9545454545454546,1.0,1.0,0.0,0.0,0.0,4,0,1
2532,54,19,35,12,9,7,26,18,0,0,5,4,13,0,0,0,0,0,0,0,0,0,0,1.0,1.0,1.0,0.0,0.0,0.0,4,0,0
2533,54,19,35,12,9,7,26,18,0,0,5,4,13,0,0,0,0,0,0,0,0,0,0,1.0,1.0,1.0,0.0,0.0,0.0,4,0,0
2534,54,19,35,12,9,7,26,18,0,0,5,4,13,0,0,0,0,0,0,0,0,0,0,1.0,1.0,1.0,0.0,0.0,0.0,4,0,0
2535,54,19,35,9,12,7,26,18,0,0,5,4,13,0,0,0,0,0,0,0,0,0,0,1.0,1.0,1.0,0.0,0.0,0.0,4,0,0
2536,54,19,35,9,12,7,26,18,0,0,5,4,13,0,0,0,0,0,0,0,0,0,0,1.0,1.0,1.0,0.0,0.0,0.0,4,0,0
2537,54,19,35,9,12,7,26,18,0,0,4,4,13,0,0,0,0,0,0,0,0,0,0,1.0,1.0,1.0,0.0,0.0,0.0,4,0,0
2538,54,19,35,9,12,7,26,18,0,0,4,4,13,0,0,0,0,0,0,0,0,0,0,1.0,1.0,1.0,0.0,0.0,0.0,4,0,0
2539,54,19,35,9,12,7,26,18,0,0,4,4,13,0,0,0,0,0,0,0,0,0,0,1.0,1.0,1.0,0.0,0.0,0.0,4,0,0
2540,54,19,35,9,12,7,26,18,0,0,4,4,13,0,0,0,0,0,0,0,0,0,0,1.0,1.0,1.0,0.0,0.0,0.0,4,0,0
2541,54,19,35,9,12,7,26,18,0,0,4,4,13,0,0,0,0,0,0,0,0,0,0,1.0,1.0,1.0,0.0,0.0,0.0,4,0,0
2542,54,19,35,9,12,7,26,18,0,0,4,4,13,0,0,0,0,0,0,0,0,0,0,1.0,1.0,1.0,0.0,0.0,0.0,4,0,0
2543,54,19,35,9,12,7,26,18,0,0,4,4,13,0,0,0,0,0,0,0,0,0,0,1.0,1.0,1.0,0.0,0.0,0.0,4,0,0
2544,54,19,35,9,12,7,26,18,0,0,4,4,13,0,0,0,0,0,0,0,0,0,0,1.0,1.0,1.0,0.0,0.0,0.0,4,0,0
2545,54,19,35,9,12,7,26,18,0,0,4,4,13,0,0,0,0,0,0,0,0,0,0,1.0,1.0,1.0,0.0,0.0,0.0,4,0,0
2546,54,19,35,9,12,7,26,18,0,0,4,4,13,0,0,0,0,0,0,0,0,0,0,1.0,1.0,1.0,0.0,0.0,0.0,4,0,0
2547,54,19,35,9,12,7,26,18,0,0,4,4,13,0,0,0,0,0,0,0,0,0,0,1.0,1.0,1.0,0.0,0.0,0.0,4,0,0
2548,54,19,35,9,12,7,26,18,0,0,4,4,13,0,0,0,0,0,0,0,0,0,0,1.0,1.0,1.0,0.0,0.0,0.0,4,0,0
2549,53,18,35,9,11,7,26,18,0,0,4,4,13,0,0,0,0,0,0,0,1,0,1,0.9523809523809523,1.0,1.0,0.0,0.0,0.0,4,0,1
2550,52,18,34,8,11,7,26,18,0,0,4,4,13,0,0,0,0,0,0,0,1,0,1,0.95,1.0,1.0,0.0,0.0,0.0,4,0,1
2551,51,18,33,6,12,7,26,18,0,0,4,4,13,0,0,0,0,0,0,0,1,0,1,0.9473684210526316,1.0,1.0,0.0,0.0,0.0,4,0,1
2552,50,18,32,5,12,7,26,18,0,0,4,4,13,0,0,0,0,0,0,0,1,0,1,0.9444444444444444,1.0,1.0,0.0,0.0,0.0,4,0,1
2553,49,18,31,2,14,7,26,18,0,0,3,4,13,0,0,0,0,0,0,0,1,0,1,0.9411764705882353,1.0,1.0,0.0,0.0,0.0,4,0,1
2554,49,18,31,2,14,7,26,18,0,0,3,4,13,0,0,0,0,0,0,0,0,0,0,1.0,1.0,1.0,0.0,0.0,0.0,4,0,0
2555,49,18,31,2,14,7,26,18,0,0,2,5,13,1,0,0,0,0,0,0,0,0,0,1.0,1.0,1.0,0.0,0.0,0.0,4,0,0
2556,48,18,30,1,15,7,25,17,0,0,2,5,12,0,0,0,0,0,0,0,0,0,0,1.0,1.0,0.9444444444444444,0.0,0.0,0.0,4,0,1
2557,48,18,30,1,15,7,25,17,0,0,2,5,14,0,2,0,0,0,0,0,0,0,0,1.0,1.0,1.0,0.0,0.0,0.0,4,0,0
2558,47,18,29,1,14,7,25,17,0,0,1,8,14,3,0,0,0,0,0,0,1,0,1,0.9375,1.0,1.0,0.0,0.0,0.0,4,0,1
2559,47,18,29,1,14,7,25,17,0,0,1,8,15,0,1,0,0,0,0,0,0,0,0,1.0,1.0,1.0,0.0,0.0,0.0,4,0,0
2560,47,18,29,1,14,6,26,18,0,0,1,8,15,0,0,0,0,0,0,0,0,0,0,1.0,1.0,1.0,0.0,0.0,0.0,4,0,0
2561,47,18,29,1,14,6,26,18,0,0,1,9,16,1,1,0,0,0,0,0,0,2,0,1.0,1.0,1.0,0.0,0.0,0.0,4,0,0
2562,47,18,29,1,14,6,26,18,0,0,1,10,16,1,0,0,0,0,0,0,0,0,0,1.0,1.0,1.0,0.0,0.0,0.0,4,0,0
2563,47,18,29,1,14,6,26,18,0,0,1,10,16,0,0,0,0,0,0,0,0,0,0,1.0,1.0,1.0,0.0,0.0,0.0,4,0,0
2564,46,18,28,1,13,6,26,18,0,0,1,10,15,0,0,0,0,0,0,0,1,0,1,0.9333333333333333,1.0,1.0,0.0,0.0,0.0,4,0,1
2565,46,18,28,0,12,8,26,18,0,0,1,10,15,0,0,0,0,0,0,0,0,0,0,1.0,1.0,1.0,0.0,0.0,0.0,4,0,0
2566,45,18,27,0,11,8,26,18,0,0,1,10,15,0,0,0,0,0,0,0,1,0,1,0.9166666666666666,1.0,1.0,0.0,0.0,0.0,4,0,1
2567,45,18,27,0,11,8,26,18,0,0,0,10,15,0,0,0,0,0,0,0,0,0,0,1.0,1.0,1.0,0.0,0.0,0.0,4,0,0
2568,45,18,27,0,11,8,26,18,0,0,0,10,15,0,0,0,0,0,0,0,0,0,0,1.0,1.0,1.0,0.0,0.0,0.0,4,0,0
2569,45,18,27,0,11,8,26,18,0,0,0,10,15,0,0,0,0,0,0,0,0,0,0,1.0,1.0,1.0,0.0,0.0,0.0,4,0,0
2570,45,18,27,0,11,8,26,18,0,0,0,10,15,0,0,0,0,0,0,0,0,0,0,1.0,1.0,1.0,0.0,0.0,0.0,4,0,0
2571,45,18,27,0,11,8,26,18,0,0,0,10,15,0,0,0,0,0,0,0,0,0,0,1.0,1.0,1.0,0.0,0.0,0.0,4,0,0
2572,45,18,27,0,11,8,26,18,0,0,0,10,15,0,0,0,0,0,0,0,0,0,0,1.0,1.0,1.0,0.0,0.0,0.0,4,0,0
2573,45,18,27,0,11,8,26,18,0,0,0,10,15,0,0,0,0,0,0,0,0,0,0,1.0,1.0,1.0,0.0,0.0,0.0,4,0,0
2574,45,18,27,0,11,8,26,18,0,0,0,10,15,0,0,0,0,0,0,0,0,0,0,1.0,1.0,1.0,0.0,0.0,0.0,4,0,0
2575,45,18,27,0,11,8,26,18,0,0,0,10,15,0,0,0,0,0,0,0,0,0,0,1.0,1.0,1.0,0.0,0.0,0.0,4,0,0
2576,45,18,27,0,11,8,26,18,0,0,0,10,15,0,0,0,0,0,0,0,0,1,0,1.0,1.0,1.0,0.0,0.0,0.0,4,0,0
2577,45,18,27,0,11,8,26,18,0,0,0,10,15,0,0,0,0,0,0,0,0,0,0,1.0,1.0,1.0,0.0,0.0,0.0,4,0,0
2578,45,18,27,0,11,8,26,18,0,0,0,10,15,0,0,0,0,0,0,0,0,0,0,1.0,1.0,1.0,0.0,0.0,0.0,4,0,0
2579,45,18,27,0,11,8,26,18,0,0,0,10,15,0,0,0,0,0,0,0,0,0,0,1.0,1.0,1.0,0.0,0.0,0.0,4,0,0
2580,45,18,27,0,10,9,26,18,0,0,0,10,15,0,0,0,0,0,0,0,0,0,0,1.0,1.0,1.0,0.0,0.0,0.0,4,0,0
2581,45,18,27,0,10,9,26,18,0,0,0,10,15,0,0,0,0,0,0,0,0,0,0,1.0,1.0,1.0,0.0,0.0,0.0,4,0,0
2582,45,18,27,0,10,8,27,19,0,0,0,10,15,0,0,0,0,0,0,0,0,0,0,1.0,1.0,1.0,0.0,0.0,0.0,4,0,0
2583,45,18,27,0,10,8,27,19,0,0,0,10,15,0,0,0,0,0,0,0,0,1,0,1.0,1.0,1.0,0.0,0.0,0.0,4,0,0
2584,45,18,27,0,10,8,27,19,0,0,0,10,15,0,0,0,0,0,0,0,0,0,0,1.0,1.0,1.0,0.0,0.0,0.0,4,0,0
2585,45,18,27,0,10,8,27,19,4,0,0,10,15,0,0,0,11,4,0,0,0,0,0,1.0,1.0,1.0,0.0,0.0,0.36363636363636365,4,0,0
2586,45,18,27,0,10,8,27,19,5,1,0,10,15,0,0,0,8,1,1,0,0,0,0,1.0,1.0,1.0,0.0,0.0,0.125,4,0,0
2587,45,18,27,0,9,9,27,19,6,1,0,10,15,0,0,0,6,1,0,0,0,0,0,1.0,1.0,1.0,0.0,0.0,0.16666666666666666,4,0,0
2588,45,18,27,0,9,9,27,19,7,1,0,10,15,0,0,0,8,1,0,0,0,0,0,1.0,1.0,1.0,0.0,0.0,0.125,4,0,0
2589,45,18,27,0,9,9,27,19,7,1,0,10,15,0,0,0,0,0,0,0,0,0,0,1.0,1.0,1.0,0.0,0.0,0.0,4,0,0
2590,45,18,27,0,9,9,27,19,7,1,0,10,15,0,0,0,0,0,0,0,0,0,0,1.0,1.0,1.0,0.0,0.0,0.0,4,0,0
2591,45,18,27,0,9,9,27,19,7,1,0,10,15,0,0,0,0,0,0,0,0,0,0,1.0,1.0,1.0,0.0,0.0,0.0,4,0,0
2592,45,18,27,0,9,9,27,19,7,1,0,10,15,0,0,0,0,0,0,0,0,0,0,1.0,1.0,1.0,0.0,0.0,0.0,4,0,0
2593,45,18,27,0,9,9,27,19,7,1,0,10,15,0,0,0,0,0,0,0,0,0,0,1.0,1.0,1.0,0.0,0.0,0.0,4,0,0
2594,45,18,27,0,9,9,27,19,7,1,0,10,15,0,0,0,0,0,0,0,0,0,0,1.0,1.0,1.0,0.0,0.0,0.0,4,0,0
2595,45,18,27,0,9,9,27,19,7,1,0,10,15,0,0,0,0,0,0,0,0,0,0,1.0,1.0,1.0,0.0,0.0,0.0,4,0,0
2596,45,18,27,0,9,9,27,19,7,1,0,10,15,0,0,0,0,0,0,0,0,0,0,1.0,1.0,1.0,0.0,0.0,0.0,4,0,0
2597,45,18,27,0,9,9,27,19,7,1,0,10,15,0,0,0,0,0,0,0,0,0,0,1.0,1.0,1.0,0.0,0.0,0.0,4,0,0
2598,45,18,27,0,9,9,27,19,7,1,0,10,15,0,0,0,0,0,0,0,0,0,0,1.0,1.0,1.0,0.0,0.0,0.0,4,0,0
2599,45,18,27,0,9,9,27,19,7,1,0,10,15,0,0,0,0,0,0,0,0,0,0,1.0,1.0,1.0,0.0,0.0,0.0,4,0,0
2600,45,18,27,0,9,9,27,19,7,1,0,10,15,0,0,0,0,0,0,0,0,0,0,1.0,1.0,1.0,0.0,0.0,0.0,4,0,0
2601,45,18,27,0,9,9,27,19,7,1,0,10,15,0,0,0,0,0,0,0,0,0,0,1.0,1.0,1.0,0.0,0.0,0.0,4,0,0
2602,45,18,27,0,9,9,27,19,7,1,0,10,15,0,0,0,0,0,0,0,0,0,0,1.0,1.0,1.0,0.0,0.0,0.0,4,0,0
2603,45,18,27,0,9,9,27,19,7,1,0,10,15,0,0,0,0,0,0,0,0,0,0,1.0,1.0,1.0,0.0,0.0,0.0,4,0,0
2604,45,18,27,0,9,7,29,20,7,1,0,10,15,0,0,0,0,0,0,0,0,0,0,1.0,1.0,1.0,0.0,0.0,0.0,4,0,0
2605,45,18,27,0,9,6,30,20,7,1,0,10,15,0,0,0,0,0,0,0,0,0,0,1.0,1.0,1.0,0.0,0.0,0.0,4,0,0
2606,45,18,27,0,9,6,30,20,7,1,0,10,15,0,0,0,0,0,0,0,0,0,0,1.0,1.0,1.0,0.0,0.0,0.0,4,0,0
2607,45,18,27,0,9,6,30,20,7,1,0,10,15,0,0,0,0,0,0,0,0,0,0,1.0,1.0,1.0,0.0,0.0,0.0,4,0,0
2608,45,18,27,0,9,6,30,20,7,1,0,10,15,0,0,0,0,0,0,0,0,0,0,1.0,1.0,1.0,0.0,0.0,0.0,4,0,0
2609,45,18,27,0,9,6,30,20,7,1,0,10,15,0,0,0,0,0,0,0,0,0,0,1.0,1.0,1.0,0.0,0.0,0.0,4,0,0
2610,45,18,27,0,9,6,30,20,7,1,0,10,15,0,0,0,0,0,0,0,0,0,0,1.0,1.0,1.0,0.0,0.0,0.0,4,0,0
2611,45,18,27,0,9,6,30,20,8,1,0,10,15,0,0,0,4,1,0,0,0,0,0,1.0,1.0,1.0,0.0,0.0,0.25,4,0,0
2612,45,18,27,0,9,6,30,20,8,1,0,10,15,0,0,0,0,0,0,0,0,0,0,1.0,1.0,1.0,0.0,0.0,0.0,4,0,0
2613,45,18,27,0,9,6,30,20,8,1,0,10,15,0,0,0,0,0,0,0,0,0,0,1.0,1.0,1.0,0.0,0.0,0.0,4,0,0
2614,45,18,27,0,9,6,30,20,8,1,0,10,15,0,0,0,0,0,0,0,0,0,0,1.0,1.0,1.0,0.0,0.0,0.0,4,0,0
2615,45,18,27,0,9,6,30,20,8,1,0,10,15,0,0,0,0,0,0,0,0,0,0,1.0,1.0,1.0,0.0,0.0,0.0,4,0,0
2616,45,18,27,0,9,6,30,20,8,1,0,10,15,0,0,0,0,0,0,0,0,0,0,1.0,1.0,1.0,0.0,0.0,0.0,4,0,0
2617,45,18,27,0,9,6,30,20,8,1,0,10,15,0,0,0,0,0,0,0,0,0,0,1.0,1.0,1.0,0.0,0.0,0.0,4,0,0
2618,45,18,27,0,9,6,30,20,8,1,0,10,15,0,0,0,0,0,0,0,0,0,0,1.0,1.0,1.0,0.0,0.0,0.0,4,0,0
2619,45,18,27,0,9,6,30,20,8,1,0,10,15,0,0,0,0,0,0,0,0,0,0,1.0,1.0,1.0,0.0,0.0,0.0,4,0,0
2620,45,18,27,0,9,6,30,20,8,1,0,10,15,0,0,0,0,0,0,0,0,0,0,1.0,1.0,1.0,0.0,0.0,0.0,4,0,0
2621,45,18,27,0,9,6,30,20,8,1,0,10,15,0,0,0,0,0,0,0,0,0,0,1.0,1.0,1.0,0.0,0.0,0.0,4,0,0
2622,44,18,26,0,9,6,29,19,7,1,0,10,15,0,0,0,0,0,0,0,0,0,0,1.0,1.0,0.95,0.0,0.0,0.0,4,0,1
2623,44,18,26,0,9,6,29,19,7,1,0,10,15,0,0,0,0,0,0,0,0,0,0,1.0,1.0,1.0,0.0,0.0,0.0,4,0,0
2624,44,18,26,0,9,6,29,19,7,1,0,10,15,0,0,0,0,0,0,0,0,0,0,1.0,1.0,1.0,0.0,0.0,0.0,4,0,0
2625,44,18,26,0,9,6,29,19,7,1,0,10,15,0,0,0,0,0,0,0,0,0,0,1.0,1.0,1.0,0.0,0.0,0.0,4,0,0
2626,44,18,26,0,9,5,30,20,7,1,0,10,15,0,0,0,0,0,0,0,0,0,0,1.0,1.0,1.0,0.0,0.0,0.0,4,0,0
2627,44,18,26,0,9,5,30,20,7,1,0,10,15,0,0,0,0,0,0,0,0,0,0,1.0,1.0,1.0,0.0,0.0,0.0,4,0,0
2628,43,18,25,0,9,5,29,19,7,1,0,10,14,0,0,0,0,0,0,0,0,0,0,1.0,1.0,0.95,0.0,0.0,0.0,3,0,1
2629,43,18,25,0,9,5,29,19,7,1,0,10,14,0,0,0,0,0,0,0,0,0,0,1.0,1.0,1.0,0.0,0.0,0.0,3,0,0
2630,42,17,25,0,9,5,28,19,7,1,0,9,14,0,0,0,0,0,0,0,0,0,0,1.0,0.9,1.0,0.0,0.0,0.0,3,0,1
2631,42,17,25,0,9,5,28,19,7,0,0,9,14,0,0,0,0,0,0,0,0,0,0,1.0,1.0,1.0,0.0,0.0,0.0,3,0,0
2632,42,17,25,0,9,5,28,19,8,0,0,9,14,0,0,0,5,1,0,0,0,0,0,1.0,1.0,1.0,0.0,0.0,0.2,3,0,0
2633,42,17,25,0,9,5,28,19,8,0,0,9,14,0,0,0,0,0,0,0,0,0,0,1.0,1.0,1.0,0.0,0.0,0.0,3,0,0
2634,42,17,25,0,9,5,28,19,8,0,0,9,14,0,0,0,0,0,0,0,0,0,0,1.0,1.0,1.0,0.0,0.0,0.0,3,0,0
2635,42,17,25,0,9,5,28,19,8,0,0,9,14,0,0,0,0,0,0,0,0,0,0,1.0,1.0,1.0,0.0,0.0,0.0,3,0,0
2636,42,17,25,0,9,5,28,19,8,0,0,9,14,0,0,0,0,0,0,0,0,0,0,1.0,1.0,1.0,0.0,0.0,0.0,3,0,0
2637,42,17,25,0,9,5,28,19,8,0,0,9,14,0,0,0,0,0,0,0,0,0,0,1.0,1.0,1.0,0.0,0.0,0.0,3,0,0
2638,42,17,25,0,9,5,28,19,8,0,0,9,14,0,0,0,0,0,0,0,0,0,0,1.0,1.0,1.0,0.0,0.0,0.0,3,0,0
2639,42,17,25,0,9,4,29,20,8,0,0,9,14,0,0,0,1,0,0,0,0,0,0,1.0,1.0,1.0,0.0,0.0,0.0,3,0,0
2640,42,17,25,0,9,4,29,20,9,0,0,9,14,0,0,0,4,1,0,0,0,0,0,1.0,1.0,1.0,0.0,0.0,0.25,3,0,0
2641,42,17,25,0,9,4,29,20,9,0,0,9,14,0,0,0,0,0,0,0,0,0,0,1.0,1.0,1.0,0.0,0.0,0.0,3,0,0
2642,42,17,25,0,9,4,29,20,9,0,0,9,14,0,0,0,0,0,0,0,0,0,0,1.0,1.0,1.0,0.0,0.0,0.0,3,0,0
2643,42,17,25,0,9,4,29,20,9,0,0,9,14,0,0,0,0,0,0,0,0,0,0,1.0,1.0,1.0,0.0,0.0,0.0,3,0,0
2644,42,17,25,0,9,4,29,20,9,0,0,9,14,0,0,0,0,0,0,0,0,0,0,1.0,1.0,1.0,0.0,0.0,0.0,3,0,0
2645,42,17,25,0,9,4,29,20,9,0,0,9,14,0,0,0,0,0,0,0,0,0,0,1.0,1.0,1.0,0.0,0.0,0.0,3,0,0
2646,42,17,25,0,9,4,29,20,9,0,0,9,14,0,0,0,0,0,0,0,0,0,0,1.0,1.0,1.0,0.0,0.0,0.0,3,0,0
2647,42,17,25,0,9,4,29,20,9,0,0,10,14,1,0,0,0,0,0,0,0,0,0,1.0,1.0,1.0,0.0,0.0,0.0,3,0,0
2648,42,17,25,0,9,4,29,20,9,0,0,11,14,1,0,0,0,0,0,0,0,2,0,1.0,1.0,1.0,0.0,0.0,0.0,3,0,0
2649,42,17,25,0,9,4,29,20,9,0,0,11,14,0,0,0,0,0,0,0,0,0,0,1.0,1.0,1.0,0.0,0.0,0.0,3,0,0
2650,54,22,32,12,9,4,29,20,5,0,4,11,14,0,0,0,0,0,0,4,0,0,0,1.0,1.0,1.0,0.2857142857142857,0.2857142857142857,0.0,3,12,0
2651,58,24,34,16,9,4,29,20,4,0,5,11,14,0,0,0,0,0,0,1,0,0,0,1.0,1.0,1.0,0.07407407407407407,0.07407407407407407,0.0,3,4,0
2652,61,26,35,19,7,6,29,20,3,0,6,11,14,0,0,0,0,0,0,1,0,0,0,1.0,1.0,1.0,0.05172413793103448,0.05172413793103448,0.0,3,3,0
2653,60,26,34,18,7,6,29,20,3,0,6,11,14,0,0,0,0,0,0,0,1,0,1,0.9615384615384616,1.0,1.0,0.0,0.0,0.0,3,0,1
2654,58,25,33,16,7,6,29,20,3,0,6,11,14,0,0,0,0,0,0,0,2,0,2,0.92,1.0,1.0,0.0,0.0,0.0,3,0,2
2655,55,22,33,15,5,6,29,20,3,0,6,11,14,0,0,0,0,0,0,0,3,0,3,0.8695652173913043,1.0,1.0,0.0,0.0,0.0,3,0,3
2656,55,22,33,15,5,6,29,20,3,0,6,11,14,0,0,0,0,0,0,0,0,0,0,1.0,1.0,1.0,0.0,0.0,0.0,3,0,0
2657,55,22,33,15,5,6,29,20,3,0,6,11,14,0,0,0,0,0,0,0,0,0,0,1.0,1.0,1.0,0.0,0.0,0.0,3,0,0
2658,55,22,33,15,5,6,29,20,3,0,6,11,14,0,0,0,0,0,0,0,0,0,0,1.0,1.0,1.0,0.0,0.0,0.0,3,0,0
2659,54,22,32,14,5,6,29,20,3,0,6,11,14,0,0,0,0,0,0,0,1,0,1,0.95,1.0,1.0,0.0,0.0,0.0,3,0,1
2660,54,22,32,14,5,6,29,20,3,0,6,11,14,0,0,0,0,0,0,0,0,0,0,1.0,1.0,1.0,0.0,0.0,0.0,3,0,0
2661,54,22,32,14,5,6,29,20,3,0,6,11,14,0,0,0,0,0,0,0,0,0,0,1.0,1.0,1.0,0.0,0.0,0.0,3,0,0
2662,53,21,32,14,5,6,28,20,3,0,6,11,14,0,0,0,0,0,0,0,0,0,0,1.0,0.8888888888888888,1.0,0.0,0.0,0.0,3,0,1
2663,53,21,32,14,5,5,29,21,4,0,6,11,14,0,0,0,4,1,0,0,0,0,0,1.0,1.0,1.0,0.0,0.0,0.25,3,0,0
2664,52,21,31,14,4,5,29,21,4,0,6,11,13,0,0,0,0,0,0,0,1,0,1,0.9473684210526316,1.0,1.0,0.0,0.0,0.0,3,0,1
2665,52,21,31,14,4,5,29,21,4,0,6,11,13,0,0,0,0,0,0,0,0,0,0,1.0,1.0,1.0,0.0,0.0,0.0,3,0,0
2666,52,21,31,14,4,5,29,21,4,0,6,11,13,0,0,0,0,0,0,0,0,0,0,1.0,1.0,1.0,0.0,0.0,0.0,3,0,0
2667,51,21,30,13,4,5,29,21,4,0,6,11,13,0,0,0,0,0,0,0,1,0,1,0.9444444444444444,1.0,1.0,0.0,0.0,0.0,3,0,1
2668,50,21,29,12,4,5,29,21,4,0,6,11,13,0,0,0,0,0,0,0,1,0,1,0.9411764705882353,1.0,1.0,0.0,0.0,0.0,3,0,1
2669,50,21,29,12,4,5,29,21,4,0,6,11,13,0,0,0,0,0,0,0,0,0,0,1.0,1.0,1.0,0.0,0.0,0.0,3,0,0
2670,49,20,29,11,4,5,29,21,4,0,6,11,13,0,0,0,0,0,0,0,1,0,1,0.9375,1.0,1.0,0.0,0.0,0.0,3,0,1
2671,49,20,29,11,4,5,29,21,4,0,6,11,13,0,0,0,0,0,0,0,0,0,0,1.0,1.0,1.0,0.0,0.0,0.0,3,0,0
2672,49,20,29,11,4,5,29,21,4,0,6,11,13,0,0,0,0,0,0,0,0,0,0,1.0,1.0,1.0,0.0,0.0,0.0,3,0,0
2673,49,20,29,11,4,5,29,21,4,0,6,11,13,0,0,0,0,0,0,0,0,0,0,1.0,1.0,1.0,0.0,0.0,0.0,3,0,0
2674,49,20,29,11,4,5,29,21,4,0,6,11,13,0,0,0,0,0,0,0,0,0,0,1.0,1.0,1.0,0.0,0.0,0.0,3,0,0
2675,49,20,29,11,4,5,29,21,4,0,6,11,13,0,0,0,0,0,0,0,0,0,0,1.0,1.0,1.0,0.0,0.0,0.0,3,0,0
2676,52,23,29,14,4,5,29,21,3,0,7,11,13,0,0,0,0,0,0,1,1,0,1,0.9333333333333333,1.0,1.0,0.08163265306122448,0.08163265306122448,0.0,3,4,1
2677,52,23,29,14,4,5,29,21,3,0,7,11,13,0,0,0,0,0,0,0,0,0,0,1.0,1.0,1.0,0.0,0.0,0.0,3,0,0
2678,52,23,29,14,4,5,29,21,3,0,7,11,13,0,0,0,0,0,0,0,0,0,0,1.0,1.0,1.0,0.0,0.0,0.0,3,0,0
2679,52,23,29,14,4,5,29,21,3,0,7,11,13,0,0,0,0,0,0,0,0,0,0,1.0,1.0,1.0,0.0,0.0,0.0,3,0,0
2680,52,23,29,14,4,5,29,21,3,0,7,11,13,0,0,0,0,0,0,0,0,0,0,1.0,1.0,1.0,0.0,0.0,0.0,3,0,0
2681,52,23,29,14,4,5,29,21,3,0,7,11,13,0,0,0,0,0,0,0,0,0,0,1.0,1.0,1.0,0.0,0.0,0.0,3,0,0
2682,52,23,29,14,4,5,29,21,3,0,7,11,13,0,0,0,0,0,0,0,0,0,0,1.0,1.0,1.0,0.0,0.0,0.0,3,0,0
2683,52,23,29,14,4,5,29,21,3,0,7,11,13,0,0,0,0,0,0,0,0,0,0,1.0,1.0,1.0,0.0,0.0,0.0,3,0,0
2684,52,23,29,14,4,5,29,21,3,0,7,11,13,0,0,0,0,0,0,0,0,0,0,1.0,1.0,1.0,0.0,0.0,0.0,3,0,0
2685,52,23,29,14,4,5,29,21,3,0,7,11,13,0,0,0,0,0,0,0,0,0,0,1.0,1.0,1.0,0.0,0.0,0.0,3,0,0
2686,52,23,29,14,4,5,29,21,3,0,7,11,13,0,0,0,0,0,0,0,0,0,0,1.0,1.0,1.0,0.0,0.0,0.0,3,0,0
2687,52,23,29,14,4,5,29,21,3,0,7,11,13,0,0,0,0,0,0,0,0,0,0,1.0,1.0,1.0,0.0,0.0,0.0,3,0,0
2688,52,23,29,14,4,5,29,21,3,0,7,11,13,0,0,0,0,0,0,0,0,1,0,1.0,1.0,1.0,0.0,0.0,0.0,3,0,0
2689,52,23,29,14,4,5,29,21,3,0,7,11,13,0,0,0,0,0,0,0,0,0,0,1.0,1.0,1.0,0.0,0.0,0.0,3,0,0
2690,52,23,29,14,4,5,29,21,3,0,7,11,13,0,0,0,0,0,0,0,0,2,0,1.0,1.0,1.0,0.0,0.0,0.0,3,0,0
2691,52,23,29,14,4,5,29,21,3,0,7,11,13,0,0,0,0,0,0,0,0,0,0,1.0,1.0,1.0,0.0,0.0,0.0,3,0,0
2692,52,23,29,14,3,5,30,22,3,0,7,11,13,0,0,0,0,0,0,0,0,0,0,1.0,1.0,1.0,0.0,0.0,0.0,3,0,0
2693,52,23,29,7,10,5,30,22,3,0,7,11,13,0,0,0,0,0,0,0,0,0,0,1.0,1.0,1.0,0.0,0.0,0.0,3,0,0
2694,52,23,29,5,10,7,30,22,3,0,7,11,13,0,0,0,0,0,0,0,0,0,0,1.0,1.0,1.0,0.0,0.0,0.0,3,0,0
2695,52,23,29,4,11,7,30,22,3,0,3,11,13,0,0,0,0,0,0,0,0,0,0,1.0,1.0,1.0,0.0,0.0,0.0,3,0,0
2696,52,23,29,4,11,7,30,22,4,0,2,11,13,0,0,0,2,1,0,0,0,0,0,1.0,1.0,1.0,0.0,0.0,0.5,3,0,0
2697,56,26,30,8,11,7,30,22,3,0,2,11,13,0,0,0,1,0,0,1,0,0,0,1.0,1.0,1.0,0.07692307692307693,0.07692307692307693,0.0,3,4,0
2698,56,26,30,8,11,7,30,22,3,0,2,11,13,0,0,0,2,0,0,0,0,0,0,1.0,1.0,1.0,0.0,0.0,0.0,3,0,0
2699,56,26,30,8,11,7,30,22,4,0,2,11,13,0,0,0,4,1,0,0,0,0,0,1.0,1.0,1.0,0.0,0.0,0.25,3,0,0
2700,56,26,30,8,11,7,30,22,4,0,2,11,13,0,0,0,1,0,0,0,0,0,0,1.0,1.0,1.0,0.0,0.0,0.0,3,0,0
2701,56,26,30,8,11,7,30,22,5,0,2,11,13,0,0,0,3,1,0,0,0,0,0,1.0,1.0,1.0,0.0,0.0,0.3333333333333333,3,0,0
2702,56,26,30,8,11,7,30,22,5,0,2,11,13,0,0,0,0,0,0,0,0,1,0,1.0,1.0,1.0,0.0,0.0,0.0,3,0,0
2703,53,24,29,5,11,7,30,22,5,0,2,11,13,0,0,0,0,0,0,0,3,0,3,0.8421052631578947,1.0,1.0,0.0,0.0,0.0,3,0,3
2704,53,24,29,5,11,7,30,22,5,0,2,11,13,0,0,0,0,0,0,0,0,0,0,1.0,1.0,1.0,0.0,0.0,0.0,3,0,0
2705,56,26,30,9,10,7,30,22,4,0,3,11,13,0,0,0,0,0,0,1,1,0,1,0.9375,1.0,1.0,0.07547169811320754,0.07547169811320754,0.0,3,4,1
2706,56,26,30,9,9,8,30,22,4,0,3,11,13,0,0,0,0,0,0,0,0,0,0,1.0,1.0,1.0,0.0,0.0,0.0,3,0,0
2707,56,26,30,9,9,8,30,22,4,0,3,11,13,0,0,0,0,0,0,0,0,0,0,1.0,1.0,1.0,0.0,0.0,0.0,3,0,0
2708,56,26,30,9,9,8,30,22,4,0,3,11,13,0,0,0,0,0,0,0,0,0,0,1.0,1.0,1.0,0.0,0.0,0.0,3,0,0
2709,56,26,30,9,9,8,30,22,4,1,3,11,13,0,0,0,2,0,1,0,0,0,0,1.0,1.0,1.0,0.0,0.0,0.0,3,0,0
2710,56,26,30,9,9,8,30,22,6,1,3,11,13,0,0,0,6,2,0,0,0,0,0,1.0,1.0,1.0,0.0,0.0,0.3333333333333333,3,0,0
2711,55,25,30,9,9,8,29,22,6,1,3,10,13,0,0,0,0,0,0,0,0,0,0,1.0,0.875,1.0,0.0,0.0,0.0,3,0,1
2712,55,25,30,9,9,8,29,22,6,1,3,10,13,0,0,0,0,0,0,0,0,0,0,1.0,1.0,1.0,0.0,0.0,0.0,3,0,0
2713,54,24,30,8,9,8,29,22,6,1,3,10,13,0,0,0,0,0,0,0,1,0,1,0.9444444444444444,1.0,1.0,0.0,0.0,0.0,3,0,1
2714,54,24,30,8,9,8,29,22,6,1,3,10,13,0,0,0,0,0,0,0,0,0,0,1.0,1.0,1.0,0.0,0.0,0.0,3,0,0
2715,54,24,30,8,9,8,29,22,6,1,3,10,13,0,0,0,0,0,0,0,0,0,0,1.0,1.0,1.0,0.0,0.0,0.0,3,0,0
2716,54,24,30,8,9,8,29,22,6,1,3,10,13,0,0,0,0,0,0,0,0,0,0,1.0,1.0,1.0,0.0,0.0,0.0,3,0,0
2717,54,24,30,8,9,8,29,22,6,1,3,10,13,0,0,0,0,0,0,0,0,0,0,1.0,1.0,1.0,0.0,0.0,0.0,3,0,0
2718,54,24,30,8,9,8,29,22,6,1,3,10,13,0,0,0,0,0,0,0,0,0,0,1.0,1.0,1.0,0.0,0.0,0.0,3,0,0
2719,54,24,30,6,11,8,29,22,6,1,3,10,13,0,0,0,0,0,0,0,0,0,0,1.0,1.0,1.0,0.0,0.0,0.0,3,0,0
2720,53,23,30,5,11,8,29,22,6,1,3,10,13,0,0,0,0,0,0,0,1,0,1,0.9411764705882353,1.0,1.0,0.0,0.0,0.0,3,0,1
2721,53,23,30,5,11,8,29,22,6,1,2,10,13,0,0,0,0,0,0,0,0,0,0,1.0,1.0,1.0,0.0,0.0,0.0,3,0,0
2722,51,22,29,4,10,8,29,22,7,1,2,10,13,0,0,0,3,1,0,0,2,0,2,0.875,1.0,1.0,0.0,0.0,0.3333333333333333,3,0,2
2723,51,22,29,4,10,8,29,22,7,1,2,10,13,0,0,0,0,0,0,0,0,0,0,1.0,1.0,1.0,0.0,0.0,0.0,3,0,0
2724,51,22,29,4,10,8,29,22,7,1,2,10,13,0,0,0,0,0,0,0,0,0,0,1.0,1.0,1.0,0.0,0.0,0.0,3,0,0
2725,51,22,29,4,10,8,29,22,7,1,2,10,13,0,0,0,0,0,0,0,0,0,0,1.0,1.0,1.0,0.0,0.0,0.0,3,0,0
2726,51,22,29,4,10,8,29,22,7,1,2,10,13,0,0,0,0,0,0,0,0,0,0,1.0,1.0,1.0,0.0,0.0,0.0,3,0,0
2727,51,22,29,4,10,7,30,23,7,1,2,10,13,0,0,0,0,0,0,0,0,0,0,1.0,1.0,1.0,0.0,0.0,0.0,3,0,0
2728,54,24,30,8,10,7,29,23,6,1,3,10,13,0,0,0,0,0,0,1,0,0,0,1.0,0.8571428571428572,1.0,0.0784313725490196,0.0784313725490196,0.0,3,4,1
2729,54,24,30,8,10,7,29,23,6,1,3,10,13,0,0,0,0,0,0,0,0,0,0,1.0,1.0,1.0,0.0,0.0,0.0,3,0,0
2730,54,24,30,8,10,7,29,23,6,1,3,10,13,0,0,0,0,0,0,0,0,0,0,1.0,1.0,1.0,0.0,0.0,0.0,3,0,0
2731,53,23,30,7,10,7,29,23,6,1,3,10,13,0,0,0,0,0,0,0,1,0,1,0.9444444444444444,1.0,1.0,0.0,0.0,0.0,3,0,1
2732,53,23,30,7,10,7,29,23,6,1,3,10,13,0,0,0,0,0,0,0,0,0,0,1.0,1.0,1.0,0.0,0.0,0.0,3,0,0
2733,53,23,30,7,10,7,29,23,6,1,3,10,13,0,0,0,0,0,0,0,0,0,0,1.0,1.0,1.0,0.0,0.0,0.0,3,0,0
2734,53,23,30,7,10,7,29,23,6,1,3,10,13,0,0,0,0,0,0,0,0,0,0,1.0,1.0,1.0,0.0,0.0,0.0,3,0,0
2735,53,23,30,7,10,7,29,23,6,1,3,10,13,0,0,0,0,0,0,0,0,0,0,1.0,1.0,1.0,0.0,0.0,0.0,3,0,0
2736,53,23,30,7,10,7,29,23,6,1,3,10,13,0,0,0,0,0,0,0,0,0,0,1.0,1.0,1.0,0.0,0.0,0.0,3,0,0
2737,52,23,29,6,10,7,29,23,6,1,3,10,13,0,0,0,0,0,0,0,1,0,1,0.9411764705882353,1.0,1.0,0.0,0.0,0.0,3,0,1
2738,51,23,28,6,9,7,29,23,6,1,3,10,14,0,1,0,0,0,0,0,1,0,1,0.9375,1.0,1.0,0.0,0.0,0.0,3,0,1
2739,51,23,28,6,9,7,29,23,6,1,3,10,14,0,0,0,0,0,0,0,0,0,0,1.0,1.0,1.0,0.0,0.0,0.0,3,0,0
2740,51,23,28,4,11,7,29,23,6,1,3,10,14,0,0,0,0,0,0,0,0,0,0,1.0,1.0,1.0,0.0,0.0,0.0,3,0,0
2741,51,23,28,4,11,7,29,23,6,1,3,10,16,0,2,0,0,0,0,0,0,0,0,1.0,1.0,1.0,0.0,0.0,0.0,3,0,0
2742,51,23,28,4,11,7,29,23,6,1,2,10,16,0,0,0,0,0,0,0,0,0,0,1.0,1.0,1.0,0.0,0.0,0.0,3,0,0
2743,51,23,28,4,11,7,29,23,6,1,2,10,17,0,1,0,0,0,0,0,0,0,0,1.0,1.0,1.0,0.0,0.0,0.0,3,0,0
2744,51,23,28,4,11,7,29,23,6,1,2,10,17,0,0,0,0,0,0,0,0,0,0,1.0,1.0,1.0,0.0,0.0,0.0,3,0,0
2745,51,23,28,4,11,7,29,23,6,1,2,10,17,0,0,0,0,0,0,0,0,0,0,1.0,1.0,1.0,0.0,0.0,0.0,3,0,0
2746,51,23,28,4,11,7,29,23,6,1,2,10,17,0,0,0,0,0,0,0,0,0,0,1.0,1.0,1.0,0.0,0.0,0.0,3,0,0
2747,51,23,28,4,11,7,29,23,6,1,2,10,17,0,0,0,0,0,0,0,0,0,0,1.0,1.0,1.0,0.0,0.0,0.0,3,0,0
2748,51,23,28,3,12,7,29,23,6,1,2,10,17,0,0,0,0,0,0,0,0,0,0,1.0,1.0,1.0,0.0,0.0,0.0,3,0,0
2749,51,23,28,3,12,7,29,23,6,1,2,10,17,0,0,0,0,0,0,0,0,0,0,1.0,1.0,1.0,0.0,0.0,0.0,3,0,0
2750,50,22,28,3,11,7,29,23,6,1,1,10,17,0,0,0,0,0,0,0,1,0,1,0.9333333333333333,1.0,1.0,0.0,0.0,0.0,3,0,1
2751,50,22,28,3,11,7,29,23,6,1,1,10,17,0,0,0,0,0,0,0,0,0,0,1.0,1.0,1.0,0.0,0.0,0.0,3,0,0
2752,50,22,28,3,11,7,29,23,6,1,1,10,17,0,0,0,0,0,0,0,0,0,0,1.0,1.0,1.0,0.0,0.0,0.0,3,0,0
2753,50,22,28,3,11,7,29,23,6,1,1,10,17,0,0,0,0,0,0,0,0,0,0,1.0,1.0,1.0,0.0,0.0,0.0,3,0,0
2754,49,21,28,3,10,7,29,23,6,0,1,10,17,0,0,0,0,0,0,0,1,0,1,0.9285714285714286,1.0,1.0,0.0,0.0,0.0,3,0,1
2755,49,21,28,3,10,7,29,23,6,0,1,10,17,0,0,0,0,0,0,0,0,0,0,1.0,1.0,1.0,0.0,0.0,0.0,3,0,0
2756,49,21,28,3,10,7,29,23,6,0,1,10,17,0,0,0,0,0,0,0,0,0,0,1.0,1.0,1.0,0.0,0.0,0.0,3,0,0
2757,49,21,28,3,10,7,29,23,6,0,1,10,17,0,0,0,0,0,0,0,0,0,0,1.0,1.0,1.0,0.0,0.0,0.0,3,0,0
2758,49,21,28,3,10,7,29,23,6,0,1,10,17,0,0,0,0,0,0,0,0,0,0,1.0,1.0,1.0,0.0,0.0,0.0,3,0,0
2759,49,21,28,3,10,7,29,23,6,0,1,10,17,0,0,0,0,0,0,0,0,0,0,1.0,1.0,1.0,0.0,0.0,0.0,3,0,0
2760,49,21,28,3,10,7,29,23,6,0,1,10,17,0,0,0,0,0,0,0,0,0,0,1.0,1.0,1.0,0.0,0.0,0.0,3,0,0
2761,52,21,31,6,10,7,29,23,5,0,2,10,17,0,0,0,0,0,0,1,0,0,0,1.0,1.0,1.0,0.061224489795918366,0.061224489795918366,0.0,3,3,0
2762,52,21,31,6,10,7,29,23,5,0,2,10,17,0,0,0,0,0,0,0,0,0,0,1.0,1.0,1.0,0.0,0.0,0.0,3,0,0
2763,52,21,31,6,10,7,29,23,5,0,2,10,17,0,0,0,0,0,0,0,0,0,0,1.0,1.0,1.0,0.0,0.0,0.0,3,0,0
2764,54,21,33,9,10,7,28,22,3,0,3,10,17,0,0,0,0,0,0,1,0,0,0,1.0,1.0,0.9565217391304348,0.057692307692307696,0.057692307692307696,0.0,3,3,1
2765,54,21,33,9,10,7,28,22,3,0,3,10,17,0,0,0,0,0,0,0,0,0,0,1.0,1.0,1.0,0.0,0.0,0.0,3,0,0
2766,57,22,35,12,10,7,28,22,2,0,4,10,17,0,0,0,0,0,0,1,0,0,0,1.0,1.0,1.0,0.05555555555555555,0.05555555555555555,0.0,3,3,0
2767,55,22,33,10,10,7,28,22,2,0,4,10,17,0,0,0,0,0,0,0,2,0,2,0.9090909090909091,1.0,1.0,0.0,0.0,0.0,3,0,2
2768,55,22,33,10,10,7,28,22,2,0,4,10,17,0,0,0,0,0,0,0,0,0,0,1.0,1.0,1.0,0.0,0.0,0.0,3,0,0
2769,55,22,33,10,10,7,28,22,2,0,4,10,17,0,0,0,0,0,0,0,0,0,0,1.0,1.0,1.0,0.0,0.0,0.0,3,0,0
2770,55,22,33,10,10,7,28,22,2,0,4,10,17,0,0,0,0,0,0,0,0,0,0,1.0,1.0,1.0,0.0,0.0,0.0,3,0,0
2771,55,22,33,7,13,7,28,22,2,0,4,10,17,0,0,0,0,0,0,0,0,0,0,1.0,1.0,1.0,0.0,0.0,0.0,3,0,0
2772,54,22,32,6,13,7,28,22,2,0,4,10,17,0,0,0,0,0,0,0,1,0,1,0.95,1.0,1.0,0.0,0.0,0.0,3,0,1
2773,54,22,32,6,13,7,28,22,2,0,3,10,17,0,0,0,0,0,0,0,0,0,0,1.0,1.0,1.0,0.0,0.0,0.0,3,0,0
2774,54,22,32,6,13,7,28,22,2,0,3,10,17,0,0,0,0,0,0,0,0,0,0,1.0,1.0,1.0,0.0,0.0,0.0,3,0,0
2775,57,22,35,9,13,7,28,22,1,0,4,10,17,0,0,0,0,0,0,1,0,0,0,1.0,1.0,1.0,0.05555555555555555,0.05555555555555555,0.0,3,3,0
2776,57,22,35,9,13,7,28,22,1,0,4,10,17,0,0,0,0,0,0,0,0,0,0,1.0,1.0,1.0,0.0,0.0,0.0,3,0,0
2777,57,22,35,9,13,7,28,22,1,0,4,10,17,0,0,0,0,0,0,0,0,0,0,1.0,1.0,1.0,0.0,0.0,0.0,3,0,0
2778,57,22,35,9,13,7,28,22,1,0,4,10,17,0,0,0,0,0,0,0,0,0,0,1.0,1.0,1.0,0.0,0.0,0.0,3,0,0
2779,57,22,35,9,13,7,28,22,1,0,4,10,17,0,0,0,0,0,0,0,0,0,0,1.0,1.0,1.0,0.0,0.0,0.0,3,0,0
2780,56,21,35,9,12,7,28,22,1,0,4,10,17,0,0,0,0,0,0,0,1,0,1,0.9545454545454546,1.0,1.0,0.0,0.0,0.0,3,0,1
2781,54,21,33,7,12,7,28,22,1,0,4,10,17,0,0,0,0,0,0,0,2,0,2,0.9047619047619048,1.0,1.0,0.0,0.0,0.0,3,0,2
2782,54,21,33,7,12,7,28,22,1,0,4,10,17,0,0,0,0,0,0,0,0,0,0,1.0,1.0,1.0,0.0,0.0,0.0,3,0,0
2783,54,21,33,7,12,7,28,22,1,0,4,10,17,0,0,0,0,0,0,0,0,0,0,1.0,1.0,1.0,0.0,0.0,0.0,3,0,0
2784,54,21,33,7,12,7,28,22,1,0,4,10,17,0,0,0,0,0,0,0,0,0,0,1.0,1.0,1.0,0.0,0.0,0.0,3,0,0
2785,53,21,32,7,12,7,27,21,1,0,4,10,16,0,0,0,0,0,0,0,0,0,0,1.0,1.0,0.9545454545454546,0.0,0.0,0.0,3,0,1
2786,53,21,32,7,12,7,27,21,1,0,4,10,16,0,0,0,0,0,0,0,0,0,0,1.0,1.0,1.0,0.0,0.0,0.0,3,0,0
2787,57,23,34,11,12,5,29,21,0,0,5,10,16,0,0,0,0,0,0,1,0,0,0,1.0,1.0,1.0,0.07547169811320754,0.07547169811320754,0.0,3,4,0
2788,56,22,34,10,12,5,29,21,0,0,5,10,16,0,0,0,0,0,0,0,1,0,1,0.9565217391304348,1.0,1.0,0.0,0.0,0.0,3,0,1
2789,56,22,34,10,12,5,29,21,0,0,5,10,16,0,0,0,0,0,0,0,0,0,0,1.0,1.0,1.0,0.0,0.0,0.0,3,0,0
2790,55,22,33,9,12,5,29,21,0,0,5,10,16,0,0,0,0,0,0,0,1,0,1,0.9545454545454546,1.0,1.0,0.0,0.0,0.0,3,0,1
2791,55,22,33,9,12,5,29,21,0,0,5,10,16,0,0,0,0,0,0,0,0,0,0,1.0,1.0,1.0,0.0,0.0,0.0,3,0,0
2792,54,22,32,8,12,5,29,21,0,0,5,10,16,0,0,0,0,0,0,0,1,0,1,0.9523809523809523,1.0,1.0,0.0,0.0,0.0,3,0,1
2793,54,22,32,8,12,5,29,21,0,0,5,10,16,0,0,0,0,0,0,0,0,0,0,1.0,1.0,1.0,0.0,0.0,0.0,3,0,0
2794,54,22,32,8,12,5,29,21,0,0,5,10,16,0,0,0,0,0,0,0,0,0,0,1.0,1.0,1.0,0.0,0.0,0.0,3,0,0
2795,53,21,32,8,11,5,29,21,0,0,5,10,16,0,0,0,0,0,0,0,1,0,1,0.95,1.0,1.0,0.0,0.0,0.0,3,0,1
2796,53,21,32,8,11,5,29,21,0,0,5,10,16,0,0,0,0,0,0,0,0,0,0,1.0,1.0,1.0,0.0,0.0,0.0,3,0,0
2797,53,21,32,8,11,5,29,21,0,0,5,10,16,0,0,0,0,0,0,0,0,0,0,1.0,1.0,1.0,0.0,0.0,0.0,3,0,0
2798,53,21,32,8,11,5,29,21,0,0,5,10,16,0,0,0,0,0,0,0,0,0,0,1.0,1.0,1.0,0.0,0.0,0.0,3,0,0
2799,53,21,32,8,11,5,29,21,0,0,5,10,16,0,0,0,0,0,0,0,0,0,0,1.0,1.0,1.0,0.0,0.0,0.0,3,0,0
2800,53,21,32,8,11,5,29,21,0,0,5,10,16,0,0,0,0,0,0,0,0,0,0,1.0,1.0,1.0,0.0,0.0,0.0,3,0,0
2801,53,21,32,8,11,5,29,21,0,0,5,10,16,0,0,0,0,0,0,0,0,0,0,1.0,1.0,1.0,0.0,0.0,0.0,3,0,0
2802,53,21,32,8,11,5,29,21,0,0,5,10,16,0,0,0,0,0,0,0,0,0,0,1.0,1.0,1.0,0.0,0.0,0.0,3,0,0
2803,53,21,32,8,11,5,29,21,0,0,5,10,16,0,0,0,0,0,0,0,0,0,0,1.0,1.0,1.0,0.0,0.0,0.0,3,0,0
2804,53,21,32,6,13,5,29,21,0,0,5,10,16,0,0,0,0,0,0,0,0,0,0,1.0,1.0,1.0,0.0,0.0,0.0,3,0,0
2805,53,21,32,6,13,5,29,21,0,0,5,10,16,0,0,0,0,0,0,0,0,0,0,1.0,1.0,1.0,0.0,0.0,0.0,3,0,0
2806,53,21,32,6,13,5,29,21,0,0,4,10,16,0,0,0,0,0,0,0,0,0,0,1.0,1.0,1.0,0.0,0.0,0.0,3,0,0
2807,52,20,32,6,12,5,29,21,0,0,4,10,16,0,0,0,0,0,0,0,1,0,1,0.9473684210526316,1.0,1.0,0.0,0.0,0.0,3,0,1
2808,52,20,32,6,12,5,29,21,0,0,4,10,16,0,0,0,0,0,0,0,0,0,0,1.0,1.0,1.0,0.0,0.0,0.0,3,0,0
2809,51,20,31,4,13,5,29,21,0,0,3,10,16,0,0,0,0,0,0,0,1,0,1,0.9444444444444444,1.0,1.0,0.0,0.0,0.0,3,0,1
2810,51,20,31,4,13,4,30,22,0,0,3,10,16,0,0,0,0,0,0,0,0,0,0,1.0,1.0,1.0,0.0,0.0,0.0,3,0,0
2811,50,20,30,3,13,4,30,22,0,0,2,10,16,0,0,0,0,0,0,0,1,0,1,0.9411764705882353,1.0,1.0,0.0,0.0,0.0,3,0,1
2812,49,19,30,2,13,4,30,22,0,0,2,10,16,0,0,0,0,0,0,0,1,0,1,0.9375,1.0,1.0,0.0,0.0,0.0,3,0,1
2813,49,19,30,2,13,4,30,22,0,0,2,10,16,0,0,0,0,0,0,0,0,0,0,1.0,1.0,1.0,0.0,0.0,0.0,3,0,0
2814,49,19,30,2,13,4,30,22,0,0,2,10,16,0,0,0,0,0,0,0,0,0,0,1.0,1.0,1.0,0.0,0.0,0.0,3,0,0
2815,49,19,30,2,13,4,30,22,0,0,2,10,16,0,0,0,0,0,0,0,0,0,0,1.0,1.0,1.0,0.0,0.0,0.0,3,0,0
2816,48,19,29,2,12,4,30,22,0,0,2,10,15,0,0,0,0,0,0,0,1,0,1,0.9333333333333333,1.0,1.0,0.0,0.0,0.0,3,0,1
2817,48,19,29,2,12,4,30,22,0,0,2,10,15,0,0,0,0,0,0,0,0,0,0,1.0,1.0,1.0,0.0,0.0,0.0,3,0,0
2818,48,19,29,2,12,4,30,22,0,0,2,10,15,0,0,0,0,0,0,0,0,0,0,1.0,1.0,1.0,0.0,0.0,0.0,3,0,0
2819,48,19,29,2,12,4,30,22,0,0,2,10,15,0,0,0,0,0,0,0,0,0,0,1.0,1.0,1.0,0.0,0.0,0.0,3,0,0
2820,48,19,29,2,12,4,30,22,0,0,1,10,15,0,0,0,0,0,0,0,0,0,0,1.0,1.0,1.0,0.0,0.0,0.0,3,0,0
2821,48,19,29,2,12,4,30,22,0,0,1,10,15,0,0,0,0,0,0,0,0,0,0,1.0,1.0,1.0,0.0,0.0,0.0,3,0,0
2822,48,19,29,2,12,4,30,22,0,0,1,10,15,0,0,0,0,0,0,0,0,0,0,1.0,1.0,1.0,0.0,0.0,0.0,3,0,0
2823,48,19,29,2,12,4,30,22,0,0,1,10,15,0,0,0,0,0,0,0,0,0,0,1.0,1.0,1.0,0.0,0.0,0.0,3,0,0
2824,48,19,29,2,12,4,30,22,0,0,1,10,15,0,0,0,0,0,0,0,0,0,0,1.0,1.0,1.0,0.0,0.0,0.0,3,0,0
2825,48,19,29,2,12,4,30,22,0,0,1,10,15,0,0,0,0,0,0,0,0,0,0,1.0,1.0,1.0,0.0,0.0,0.0,3,0,0
2826,48,19,29,2,12,4,30,22,0,0,1,10,15,0,0,0,0,0,0,0,0,0,0,1.0,1.0,1.0,0.0,0.0,0.0,3,0,0
2827,48,19,29,2,12,3,31,22,0,0,1,10,15,0,0,0,0,0,0,0,0,0,0,1.0,1.0,1.0,0.0,0.0,0.0,3,0,0
2828,48,19,29,2,12,3,31,22,0,0,1,10,15,0,0,0,0,0,0,0,0,0,0,1.0,1.0,1.0,0.0,0.0,0.0,3,0,0
2829,48,19,29,2,12,1,33,22,0,1,1,10,15,0,0,0,3,0,1,0,0,0,0,1.0,1.0,1.0,0.0,0.0,0.0,3,0,0
2830,48,19,29,0,14,1,33,22,1,1,1,10,16,0,1,0,4,1,0,0,0,3,0,1.0,1.0,1.0,0.0,0.0,0.25,3,0,0
2831,47,19,28,0,13,1,33,22,1,1,1,10,16,0,0,0,0,0,0,0,1,0,1,0.9285714285714286,1.0,1.0,0.0,0.0,0.0,3,0,1
2832,47,19,28,0,13,1,33,22,1,1,0,10,16,0,0,0,0,0,0,0,0,1,0,1.0,1.0,1.0,0.0,0.0,0.0,3,0,0
2833,47,19,28,0,13,1,33,22,2,1,0,10,16,0,0,0,8,1,0,0,0,0,0,1.0,1.0,1.0,0.0,0.0,0.125,3,0,0
2834,47,19,28,0,10,4,33,22,4,1,0,10,18,0,2,0,8,2,0,0,0,0,0,1.0,1.0,1.0,0.0,0.0,0.25,3,0,0
2835,47,19,28,0,10,4,33,22,4,1,0,10,18,0,0,0,0,0,0,0,0,0,0,1.0,1.0,1.0,0.0,0.0,0.0,3,0,0
2836,46,18,28,0,9,5,32,22,4,1,0,9,18,0,0,0,0,0,0,0,0,0,0,1.0,0.9090909090909091,1.0,0.0,0.0,0.0,3,0,1
2837,46,18,28,0,9,5,32,22,4,1,0,9,18,0,0,0,0,0,0,0,0,0,0,1.0,1.0,1.0,0.0,0.0,0.0,3,0,0
2838,46,18,28,0,9,5,32,22,4,1,0,9,18,0,0,0,0,0,0,0,0,0,0,1.0,1.0,1.0,0.0,0.0,0.0,3,0,0
2839,46,18,28,0,9,5,32,22,4,1,0,9,18,0,0,0,0,0,0,0,0,0,0,1.0,1.0,1.0,0.0,0.0,0.0,3,0,0
2840,46,18,28,0,9,5,32,22,4,1,0,9,18,0,0,0,0,0,0,0,0,0,0,1.0,1.0,1.0,0.0,0.0,0.0,3,0,0
2841,46,18,28,0,9,4,33,22,4,1,0,9,18,0,0,0,0,0,0,0,0,0,0,1.0,1.0,1.0,0.0,0.0,0.0,3,0,0
2842,46,18,28,0,9,4,33,22,4,1,0,9,18,0,0,0,0,0,0,0,0,0,0,1.0,1.0,1.0,0.0,0.0,0.0,3,0,0
2843,46,18,28,0,9,4,33,22,4,1,0,9,18,0,0,0,0,0,0,0,0,0,0,1.0,1.0,1.0,0.0,0.0,0.0,3,0,0
2844,46,18,28,0,9,4,33,22,4,1,0,9,18,0,0,0,0,0,0,0,0,0,0,1.0,1.0,1.0,0.0,0.0,0.0,3,0,0
2845,46,18,28,0,9,4,33,22,4,1,0,9,18,0,0,0,0,0,0,0,0,0,0,1.0,1.0,1.0,0.0,0.0,0.0,3,0,0
2846,46,18,28,0,9,4,33,22,4,1,0,9,18,0,0,0,0,0,0,0,0,0,0,1.0,1.0,1.0,0.0,0.0,0.0,3,0,0
2847,46,18,28,0,9,4,33,22,4,1,0,9,18,0,0,0,0,0,0,0,0,0,0,1.0,1.0,1.0,0.0,0.0,0.0,3,0,0
2848,46,18,28,0,9,4,33,22,4,1,0,9,18,0,0,0,0,0,0,0,0,0,0,1.0,1.0,1.0,0.0,0.0,0.0,3,0,0
2849,46,18,28,0,9,4,33,22,4,1,0,9,18,0,0,0,0,0,0,0,0,0,0,1.0,1.0,1.0,0.0,0.0,0.0,3,0,0
2850,46,18,28,0,9,4,33,22,4,1,0,9,18,0,0,0,0,0,0,0,0,0,0,1.0,1.0,1.0,0.0,0.0,0.0,3,0,0
2851,46,18,28,0,9,4,33,22,4,1,0,9,18,0,0,0,0,0,0,0,0,0,0,1.0,1.0,1.0,0.0,0.0,0.0,3,0,0
2852,46,18,28,0,9,4,33,22,4,1,0,9,18,0,0,0,0,0,0,0,0,0,0,1.0,1.0,1.0,0.0,0.0,0.0,3,0,0
2853,46,18,28,0,9,4,33,22,4,1,0,9,18,0,0,0,0,0,0,0,0,0,0,1.0,1.0,1.0,0.0,0.0,0.0,3,0,0
2854,45,18,27,0,9,4,32,21,4,1,0,9,17,0,0,0,0,0,0,0,0,0,0,1.0,1.0,0.9545454545454546,0.0,0.0,0.0,3,0,1
2855,45,18,27,0,9,4,32,21,4,1,0,9,17,0,0,0,0,0,0,0,0,0,0,1.0,1.0,1.0,0.0,0.0,0.0,3,0,0
2856,45,18,27,0,9,4,32,21,4,1,0,9,17,0,0,0,0,0,0,0,0,1,0,1.0,1.0,1.0,0.0,0.0,0.0,3,0,0
2857,45,18,27,0,9,4,32,21,4,1,0,9,17,0,0,0,0,0,0,0,0,0,0,1.0,1.0,1.0,0.0,0.0,0.0,3,0,0
2858,45,18,27,0,9,4,32,21,4,1,0,9,17,0,0,0,0,0,0,0,0,0,0,1.0,1.0,1.0,0.0,0.0,0.0,3,0,0
2859,45,18,27,0,9,4,32,21,4,1,0,9,17,0,0,0,0,0,0,0,0,0,0,1.0,1.0,1.0,0.0,0.0,0.0,3,0,0
2860,45,18,27,0,8,5,32,21,4,1,0,9,17,0,0,0,0,0,0,0,0,0,0,1.0,1.0,1.0,0.0,0.0,0.0,3,0,0
2861,45,18,27,0,8,5,32,21,4,1,0,9,17,0,0,0,0,0,0,0,0,0,0,1.0,1.0,1.0,0.0,0.0,0.0,3,0,0
2862,45,18,27,0,8,5,32,21,4,1,0,9,17,0,0,0,0,0,0,0,0,0,0,1.0,1.0,1.0,0.0,0.0,0.0,3,0,0
2863,45,18,27,0,8,5,32,21,4,1,0,9,17,0,0,0,0,0,0,0,0,0,0,1.0,1.0,1.0,0.0,0.0,0.0,3,0,0
2864,45,18,27,0,8,5,32,21,4,1,0,9,17,0,0,0,0,0,0,0,0,0,0,1.0,1.0,1.0,0.0,0.0,0.0,3,0,0
2865,45,18,27,0,8,5,32,21,4,1,0,9,17,0,0,0,0,0,0,0,0,0,0,1.0,1.0,1.0,0.0,0.0,0.0,3,0,0
2866,45,18,27,0,8,5,32,21,4,1,0,9,17,0,0,0,0,0,0,0,0,0,0,1.0,1.0,1.0,0.0,0.0,0.0,3,0,0
2867,45,18,27,0,8,5,32,21,4,1,0,9,17,0,0,0,0,0,0,0,0,0,0,1.0,1.0,1.0,0.0,0.0,0.0,3,0,0
2868,45,18,27,0,8,5,32,21,4,1,0,9,17,0,0,0,0,0,0,0,0,0,0,1.0,1.0,1.0,0.0,0.0,0.0,3,0,0
2869,45,18,27,0,8,5,32,21,4,1,0,9,17,0,0,0,0,0,0,0,0,0,0,1.0,1.0,1.0,0.0,0.0,0.0,3,0,0
2870,45,18,27,0,8,5,32,21,4,1,0,9,17,0,0,0,0,0,0,0,0,0,0,1.0,1.0,1.0,0.0,0.0,0.0,3,0,0
2871,45,18,27,0,8,5,32,21,4,1,0,9,17,0,0,0,0,0,0,0,0,0,0,1.0,1.0,1.0,0.0,0.0,0.0,3,0,0
2872,45,18,27,0,8,5,32,21,4,1,0,9,17,0,0,0,0,0,0,0,0,0,0,1.0,1.0,1.0,0.0,0.0,0.0,3,0,0
2873,45,18,27,0,8,5,32,21,4,1,0,9,17,0,0,0,0,0,0,0,0,0,0,1.0,1.0,1.0,0.0,0.0,0.0,3,0,0
2874,45,18,27,0,8,5,32,21,4,0,0,9,17,0,0,0,0,0,0,0,0,0,0,1.0,1.0,1.0,0.0,0.0,0.0,3,0,0
2875,45,18,27,0,8,5,32,21,4,0,0,9,17,0,0,0,0,0,0,0,0,0,0,1.0,1.0,1.0,0.0,0.0,0.0,3,0,0
2876,45,18,27,0,8,5,32,21,4,0,0,9,17,0,0,0,0,0,0,0,0,0,0,1.0,1.0,1.0,0.0,0.0,0.0,3,0,0
2877,45,18,27,0,8,5,32,21,4,0,0,9,17,0,0,0,0,0,0,0,0,1,0,1.0,1.0,1.0,0.0,0.0,0.0,3,0,0
2878,45,18,27,0,8,5,32,21,4,0,0,9,17,0,0,0,0,0,0,0,0,0,0,1.0,1.0,1.0,0.0,0.0,0.0,3,0,0
2879,45,18,27,0,8,5,32,21,4,0,0,9,17,0,0,0,0,0,0,0,0,0,0,1.0,1.0,1.0,0.0,0.0,0.0,3,0,0
2880,45,18,27,0,8,5,32,21,4,0,0,9,17,0,0,0,0,0,0,0,0,0,0,1.0,1.0,1.0,0.0,0.0,0.0,3,0,0
2881,45,18,27,0,7,6,32,21,4,0,0,9,17,0,0,0,0,0,0,0,0,0,0,1.0,1.0,1.0,0.0,0.0,0.0,3,0,0
2882,44,18,26,0,6,6,32,21,4,0,0,9,17,0,0,0,0,0,0,0,1,0,1,0.8571428571428572,1.0,1.0,0.0,0.0,0.0,3,0,1
2883,44,18,26,0,6,6,32,21,4,0,0,9,17,0,0,0,0,0,0,0,0,0,0,1.0,1.0,1.0,0.0,0.0,0.0,3,0,0
2884,44,18,26,0,6,6,32,21,4,0,0,9,17,0,0,0,0,0,0,0,0,0,0,1.0,1.0,1.0,0.0,0.0,0.0,3,0,0
2885,44,18,26,0,6,6,32,21,4,0,0,9,17,0,0,0,0,0,0,0,0,0,0,1.0,1.0,1.0,0.0,0.0,0.0,3,0,0
2886,44,18,26,0,6,6,32,21,4,0,0,9,17,0,0,0,0,0,0,0,0,0,0,1.0,1.0,1.0,0.0,0.0,0.0,3,0,0
2887,44,18,26,0,6,6,32,21,4,0,0,9,17,0,0,0,0,0,0,0,0,0,0,1.0,1.0,1.0,0.0,0.0,0.0,3,0,0
2888,44,18,26,0,6,6,32,21,4,0,0,9,17,0,0,0,0,0,0,0,0,0,0,1.0,1.0,1.0,0.0,0.0,0.0,3,0,0
2889,44,18,26,0,6,6,32,21,4,0,0,9,17,0,0,0,0,0,0,0,0,0,0,1.0,1.0,1.0,0.0,0.0,0.0,3,0,0
2890,44,18,26,0,6,6,32,21,4,0,0,9,17,0,0,0,0,0,0,0,0,0,0,1.0,1.0,1.0,0.0,0.0,0.0,3,0,0
2891,44,18,26,0,6,6,32,21,4,0,0,9,17,0,0,0,0,0,0,0,0,0,0,1.0,1.0,1.0,0.0,0.0,0.0,3,0,0
2892,44,18,26,0,6,6,32,21,4,0,0,9,17,0,0,0,0,0,0,0,0,0,0,1.0,1.0,1.0,0.0,0.0,0.0,3,0,0
2893,44,18,26,0,6,6,32,21,4,0,0,9,17,0,0,0,0,0,0,0,0,0,0,1.0,1.0,1.0,0.0,0.0,0.0,3,0,0
2894,44,18,26,0,6,6,32,21,4,0,0,9,17,0,0,0,0,0,0,0,0,0,0,1.0,1.0,1.0,0.0,0.0,0.0,3,0,0
2895,47,20,27,3,6,6,32,21,3,0,1,9,17,0,0,0,0,0,0,1,0,0,0,1.0,1.0,1.0,0.06818181818181818,0.06818181818181818,0.0,3,3,0
2896,47,20,27,3,6,6,32,21,3,0,1,9,17,0,0,0,0,0,0,0,0,0,0,1.0,1.0,1.0,0.0,0.0,0.0,3,0,0
2897,47,20,27,3,6,6,32,21,3,0,1,9,17,0,0,0,0,0,0,0,0,0,0,1.0,1.0,1.0,0.0,0.0,0.0,3,0,0
2898,51,21,30,7,6,6,32,21,2,0,2,9,17,0,0,0,0,0,0,1,0,0,0,1.0,1.0,1.0,0.0851063829787234,0.0851063829787234,0.0,3,4,0
2899,58,21,37,15,6,6,31,21,0,0,4,9,17,0,0,0,0,0,0,2,0,0,0,1.0,0.9090909090909091,1.0,0.1568627450980392,0.1568627450980392,0.0,3,8,1
2900,57,20,37,14,6,6,31,21,0,0,4,9,17,0,0,0,0,0,0,0,1,0,1,0.9523809523809523,1.0,1.0,0.0,0.0,0.0,3,0,1
2901,55,19,36,13,5,6,31,21,0,0,4,9,17,0,0,0,0,0,0,0,2,0,2,0.9,1.0,1.0,0.0,0.0,0.0,3,0,2
2902,55,19,36,13,5,6,31,21,0,0,4,9,17,0,0,0,0,0,0,0,0,0,0,1.0,1.0,1.0,0.0,0.0,0.0,3,0,0
2903,55,19,36,13,5,6,31,21,0,0,4,9,17,0,0,0,0,0,0,0,0,0,0,1.0,1.0,1.0,0.0,0.0,0.0,3,0,0
2904,55,19,36,13,5,6,31,21,0,0,4,9,17,0,0,0,0,0,0,0,0,0,0,1.0,1.0,1.0,0.0,0.0,0.0,3,0,0
2905,55,19,36,13,5,6,31,21,0,0,4,9,17,0,0,0,0,0,0,0,0,0,0,1.0,1.0,1.0,0.0,0.0,0.0,3,0,0
2906,55,19,36,13,5,6,31,21,0,0,4,9,17,0,0,0,0,0,0,0,0,0,0,1.0,1.0,1.0,0.0,0.0,0.0,3,0,0
2907,55,19,36,13,5,6,31,21,0,0,4,9,17,0,0,0,0,0,0,0,0,0,0,1.0,1.0,1.0,0.0,0.0,0.0,3,0,0
2908,55,19,36,13,5,6,31,21,0,0,4,9,17,0,0,0,0,0,0,0,0,1,0,1.0,1.0,1.0,0.0,0.0,0.0,3,0,0
2909,55,19,36,13,5,6,31,21,0,0,4,9,17,0,0,0,0,0,0,0,0,0,0,1.0,1.0,1.0,0.0,0.0,0.0,3,0,0
2910,55,19,36,13,5,6,31,21,0,0,4,9,17,0,0,0,0,0,0,0,0,0,0,1.0,1.0,1.0,0.0,0.0,0.0,3,0,0
2911,55,19,36,13,5,6,31,21,0,0,4,9,17,0,0,0,0,0,0,0,0,0,0,1.0,1.0,1.0,0.0,0.0,0.0,3,0,0
2912,55,19,36,13,4,7,31,21,0,0,4,9,17,0,0,0,0,0,0,0,0,0,0,1.0,1.0,1.0,0.0,0.0,0.0,3,0,0
2913,55,19,36,13,4,7,31,21,0,0,4,9,17,0,0,0,0,0,0,0,0,0,0,1.0,1.0,1.0,0.0,0.0,0.0,3,0,0
2914,54,19,35,13,3,7,31,21,0,0,4,9,17,0,0,0,0,0,0,0,1,0,1,0.9411764705882353,1.0,1.0,0.0,0.0,0.0,3,0,1
2915,54,19,35,13,3,7,31,21,0,0,4,9,17,0,0,0,0,0,0,0,0,0,0,1.0,1.0,1.0,0.0,0.0,0.0,3,0,0
2916,54,19,35,13,3,7,31,21,0,0,4,9,17,0,0,0,0,0,0,0,0,0,0,1.0,1.0,1.0,0.0,0.0,0.0,3,0,0
2917,54,19,35,13,3,7,31,21,0,0,4,9,17,0,0,0,0,0,0,0,0,0,0,1.0,1.0,1.0,0.0,0.0,0.0,3,0,0
2918,54,19,35,13,3,7,31,21,0,0,4,9,17,0,0,0,0,0,0,0,0,0,0,1.0,1.0,1.0,0.0,0.0,0.0,3,0,0
2919,54,19,35,13,3,7,31,21,0,0,4,9,17,0,0,0,0,0,0,0,0,0,0,1.0,1.0,1.0,0.0,0.0,0.0,3,0,0
2920,53,19,34,13,3,7,30,20,0,0,4,9,17,0,0,0,0,0,0,0,0,0,0,1.0,1.0,0.9523809523809523,0.0,0.0,0.0,3,0,1
2921,53,19,34,13,3,7,30,20,0,0,4,9,17,0,0,0,0,0,0,0,0,0,0,1.0,1.0,1.0,0.0,0.0,0.0,3,0,0
2922,53,19,34,13,3,7,30,20,0,0,4,9,17,0,0,0,0,0,0,0,0,0,0,1.0,1.0,1.0,0.0,0.0,0.0,3,0,0
2923,53,19,34,13,3,7,30,20,0,0,4,10,17,1,0,0,0,0,0,0,0,0,0,1.0,1.0,1.0,0.0,0.0,0.0,3,0,0
2924,53,19,34,13,3,7,30,20,0,0,4,10,17,0,0,0,0,0,0,0,0,0,0,1.0,1.0,1.0,0.0,0.0,0.0,3,0,0
2925,53,19,34,13,3,7,30,20,0,0,4,10,17,0,0,0,0,0,0,0,0,0,0,1.0,1.0,1.0,0.0,0.0,0.0,3,0,0
2926,52,19,33,13,3,7,29,19,0,0,4,10,16,0,0,0,0,0,0,0,0,0,0,1.0,1.0,0.95,0.0,0.0,0.0,3,0,1
2927,52,19,33,13,3,7,29,19,0,0,4,10,16,0,0,0,0,0,0,0,0,0,0,1.0,1.0,1.0,0.0,0.0,0.0,3,0,0
2928,52,19,33,13,3,7,29,19,0,0,4,10,16,0,0,0,0,0,0,0,0,0,0,1.0,1.0,1.0,0.0,0.0,0.0,3,0,0
2929,52,19,33,13,3,7,29,19,0,0,4,10,16,0,0,0,0,0,0,0,0,0,0,1.0,1.0,1.0,0.0,0.0,0.0,3,0,0
2930,52,19,33,13,3,7,29,19,0,0,4,10,16,0,0,0,0,0,0,0,0,0,0,1.0,1.0,1.0,0.0,0.0,0.0,3,0,0
2931,52,19,33,13,3,7,29,19,0,0,4,10,16,0,0,0,0,0,0,0,0,0,0,1.0,1.0,1.0,0.0,0.0,0.0,3,0,0
2932,51,18,33,12,3,7,29,19,0,0,4,10,16,0,0,0,0,0,0,0,1,0,1,0.9375,1.0,1.0,0.0,0.0,0.0,3,0,1
2933,50,18,32,11,3,7,29,19,0,0,4,10,16,0,0,0,0,0,0,0,1,0,1,0.9333333333333333,1.0,1.0,0.0,0.0,0.0,3,0,1
2934,50,18,32,11,3,7,29,19,0,0,4,10,16,0,0,0,0,0,0,0,0,0,0,1.0,1.0,1.0,0.0,0.0,0.0,3,0,0
2935,50,18,32,11,3,7,29,19,0,0,4,10,16,0,0,0,0,0,0,0,0,0,0,1.0,1.0,1.0,0.0,0.0,0.0,3,0,0
2936,50,18,32,11,3,7,29,19,0,0,4,10,16,0,0,0,0,0,0,0,0,0,0,1.0,1.0,1.0,0.0,0.0,0.0,3,0,0
2937,50,18,32,11,3,7,29,19,0,0,4,10,16,0,0,0,0,0,0,0,0,0,0,1.0,1.0,1.0,0.0,0.0,0.0,3,0,0
2938,50,18,32,9,5,7,29,19,0,0,4,10,16,0,0,0,0,0,0,0,0,0,0,1.0,1.0,1.0,0.0,0.0,0.0,3,0,0
2939,50,18,32,9,5,7,29,19,0,0,4,10,16,0,0,0,0,0,0,0,0,0,0,1.0,1.0,1.0,0.0,0.0,0.0,3,0,0
2940,50,18,32,9,5,7,29,19,0,0,3,10,16,0,0,0,0,0,0,0,0,0,0,1.0,1.0,1.0,0.0,0.0,0.0,3,0,0
2941,50,18,32,7,7,7,29,19,0,0,3,10,16,0,0,0,0,0,0,0,0,1,0,1.0,1.0,1.0,0.0,0.0,0.0,3,0,0
2942,50,18,32,0,14,7,29,19,0,0,3,10,16,0,0,0,0,0,0,0,0,0,0,1.0,1.0,1.0,0.0,0.0,0.0,3,0,0
2943,50,18,32,0,14,6,30,20,0,0,2,10,16,0,0,0,0,0,0,0,0,0,0,1.0,1.0,1.0,0.0,0.0,0.0,3,0,0
2944,50,18,32,0,14,6,30,20,0,0,0,10,16,0,0,0,0,0,0,0,0,0,0,1.0,1.0,1.0,0.0,0.0,0.0,3,0,0
2945,50,18,32,0,13,7,30,20,0,0,0,10,16,0,0,0,0,0,0,0,0,0,0,1.0,1.0,1.0,0.0,0.0,0.0,3,0,0
2946,50,18,32,0,13,7,30,20,0,0,0,10,16,0,0,0,0,0,0,0,0,2,0,1.0,1.0,1.0,0.0,0.0,0.0,3,0,0
2947,50,18,32,0,13,7,30,20,0,0,0,10,16,0,0,0,0,0,0,0,0,0,0,1.0,1.0,1.0,0.0,0.0,0.0,3,0,0
2948,50,18,32,0,13,7,30,20,0,0,0,10,16,0,0,0,0,0,0,0,0,0,0,1.0,1.0,1.0,0.0,0.0,0.0,3,0,0
2949,49,18,31,0,12,7,30,20,0,0,0,10,16,0,0,0,0,0,0,0,1,0,1,0.9230769230769231,1.0,1.0,0.0,0.0,0.0,3,0,1
2950,49,18,31,0,10,9,30,20,1,1,0,10,16,0,0,0,4,1,1,0,0,0,0,1.0,1.0,1.0,0.0,0.0,0.25,3,0,0
2951,49,18,31,0,10,9,30,20,2,1,0,10,16,0,0,0,3,1,0,0,0,0,0,1.0,1.0,1.0,0.0,0.0,0.3333333333333333,3,0,0
2952,49,18,31,0,10,9,30,20,2,1,0,10,16,0,0,0,1,0,0,0,0,0,0,1.0,1.0,1.0,0.0,0.0,0.0,3,0,0
2953,48,18,30,0,9,9,30,20,2,1,0,10,16,0,0,0,1,0,0,0,1,0,1,0.9,1.0,1.0,0.0,0.0,0.0,3,0,1
2954,48,18,30,0,9,9,30,20,3,1,0,10,16,0,0,0,1,1,0,0,0,0,0,1.0,1.0,1.0,0.0,0.0,1.0,3,0,0
2955,48,18,30,0,9,9,30,20,3,1,0,10,16,0,0,0,0,0,0,0,0,0,0,1.0,1.0,1.0,0.0,0.0,0.0,3,0,0
2956,48,18,30,0,9,9,30,20,3,1,0,10,16,0,0,0,0,0,0,0,0,0,0,1.0,1.0,1.0,0.0,0.0,0.0,3,0,0
2957,48,18,30,0,9,9,30,20,3,1,0,10,16,0,0,0,0,0,0,0,0,0,0,1.0,1.0,1.0,0.0,0.0,0.0,3,0,0
2958,48,18,30,0,9,9,30,20,3,1,0,10,16,0,0,0,0,0,0,0,0,0,0,1.0,1.0,1.0,0.0,0.0,0.0,3,0,0
2959,48,18,30,0,9,9,30,20,3,1,0,10,16,0,0,0,0,0,0,0,0,0,0,1.0,1.0,1.0,0.0,0.0,0.0,3,0,0
2960,48,18,30,0,9,9,30,20,3,1,0,10,16,0,0,0,0,0,0,0,0,0,0,1.0,1.0,1.0,0.0,0.0,0.0,3,0,0
2961,47,17,30,0,9,8,30,20,3,1,0,10,16,0,0,0,0,0,0,0,0,0,0,1.0,1.0,1.0,0.0,0.0,0.0,3,0,1
2962,47,17,30,0,9,8,30,20,3,1,0,10,16,0,0,0,0,0,0,0,0,0,0,1.0,1.0,1.0,0.0,0.0,0.0,3,0,0
2963,46,16,30,0,8,8,30,20,3,1,0,10,16,0,0,0,0,0,0,0,1,0,1,0.8888888888888888,1.0,1.0,0.0,0.0,0.0,3,0,1
2964,46,16,30,0,8,8,30,20,3,1,0,10,16,0,0,0,0,0,0,0,0,0,0,1.0,1.0,1.0,0.0,0.0,0.0,3,0,0
2965,46,16,30,0,8,8,30,20,3,1,0,10,16,0,0,0,0,0,0,0,0,0,0,1.0,1.0,1.0,0.0,0.0,0.0,3,0,0
2966,46,16,30,0,8,8,30,20,3,1,0,10,16,0,0,0,0,0,0,0,0,0,0,1.0,1.0,1.0,0.0,0.0,0.0,3,0,0
2967,46,16,30,0,8,7,31,21,4,1,0,10,16,0,0,0,4,1,0,0,0,0,0,1.0,1.0,1.0,0.0,0.0,0.25,3,0,0
2968,45,16,29,0,7,7,31,21,4,1,0,10,16,0,0,0,0,0,0,0,1,0,1,0.875,1.0,1.0,0.0,0.0,0.0,3,0,1
2969,45,16,29,0,7,6,32,21,4,1,0,10,16,0,0,0,0,0,0,0,0,0,0,1.0,1.0,1.0,0.0,0.0,0.0,3,0,0
2970,45,16,29,0,7,6,32,21,4,1,0,10,16,0,0,0,0,0,0,0,0,0,0,1.0,1.0,1.0,0.0,0.0,0.0,3,0,0
2971,45,16,29,0,7,5,33,21,4,1,0,10,16,0,0,0,0,0,0,0,0,0,0,1.0,1.0,1.0,0.0,0.0,0.0,3,0,0
2972,45,16,29,0,7,5,33,21,4,1,0,10,16,0,0,0,0,0,0,0,0,0,0,1.0,1.0,1.0,0.0,0.0,0.0,3,0,0
2973,45,16,29,0,7,5,33,21,4,1,0,10,16,0,0,0,0,0,0,0,0,0,0,1.0,1.0,1.0,0.0,0.0,0.0,3,0,0
2974,45,16,29,0,7,5,33,21,4,1,0,10,16,0,0,0,0,0,0,0,0,0,0,1.0,1.0,1.0,0.0,0.0,0.0,3,0,0
2975,44,15,29,0,6,5,33,21,4,1,0,10,16,0,0,0,0,0,0,0,1,0,1,0.8571428571428572,1.0,1.0,0.0,0.0,0.0,3,0,1
2976,44,15,29,0,6,5,33,21,4,1,0,10,16,0,0,0,0,0,0,0,0,0,0,1.0,1.0,1.0,0.0,0.0,0.0,3,0,0
2977,44,15,29,0,6,5,33,21,4,1,0,10,16,0,0,0,0,0,0,0,0,0,0,1.0,1.0,1.0,0.0,0.0,0.0,3,0,0
2978,44,15,29,0,6,5,33,21,4,1,0,10,16,0,0,0,0,0,0,0,0,0,0,1.0,1.0,1.0,0.0,0.0,0.0,3,0,0
2979,44,15,29,0,6,5,33,21,4,1,0,10,16,0,0,0,0,0,0,0,0,0,0,1.0,1.0,1.0,0.0,0.0,0.0,3,0,0
2980,44,15,29,0,6,5,33,21,4,1,0,10,16,0,0,0,0,0,0,0,0,0,0,1.0,1.0,1.0,0.0,0.0,0.0,3,0,0
2981,44,15,29,0,6,5,33,21,4,1,0,10,16,0,0,0,0,0,0,0,0,0,0,1.0,1.0,1.0,0.0,0.0,0.0,3,0,0
2982,44,15,29,0,6,5,33,21,4,1,0,10,16,0,0,0,0,0,0,0,0,0,0,1.0,1.0,1.0,0.0,0.0,0.0,3,0,0
2983,44,15,29,0,6,5,33,21,4,1,0,10,16,0,0,0,0,0,0,0,0,0,0,1.0,1.0,1.0,0.0,0.0,0.0,3,0,0
2984,44,15,29,0,6,5,33,21,4,1,0,10,16,0,0,0,0,0,0,0,0,0,0,1.0,1.0,1.0,0.0,0.0,0.0,3,0,0
2985,44,15,29,0,6,5,33,21,4,1,0,10,16,0,0,0,0,0,0,0,0,0,0,1.0,1.0,1.0,0.0,0.0,0.0,3,0,0
2986,44,15,29,0,6,5,33,21,4,1,0,10,16,0,0,0,0,0,0,0,0,0,0,1.0,1.0,1.0,0.0,0.0,0.0,3,0,0
2987,44,15,29,0,6,5,33,21,4,1,0,10,16,0,0,0,0,0,0,0,0,0,0,1.0,1.0,1.0,0.0,0.0,0.0,3,0,0
2988,44,15,29,0,6,5,33,21,4,1,0,10,16,0,0,0,0,0,0,0,0,0,0,1.0,1.0,1.0,0.0,0.0,0.0,3,0,0
2989,44,15,29,0,6,5,33,21,4,1,0,10,16,0,0,0,0,0,0,0,0,0,0,1.0,1.0,1.0,0.0,0.0,0.0,3,0,0
2990,44,15,29,0,6,5,33,21,4,1,0,10,16,0,0,0,0,0,0,0,0,0,0,1.0,1.0,1.0,0.0,0.0,0.0,3,0,0
2991,44,15,29,0,6,5,33,21,4,1,0,10,16,0,0,0,0,0,0,0,0,0,0,1.0,1.0,1.0,0.0,0.0,0.0,3,0,0
2992,43,15,28,0,5,5,33,21,4,1,0,10,16,0,0,0,0,0,0,0,1,0,1,0.8333333333333334,1.0,1.0,0.0,0.0,0.0,3,0,1
2993,43,15,28,0,5,5,33,21,4,1,0,10,16,0,0,0,0,0,0,0,0,0,0,1.0,1.0,1.0,0.0,0.0,0.0,3,0,0
2994,43,15,28,0,5,5,33,21,4,1,0,10,16,0,0,0,0,0,0,0,0,0,0,1.0,1.0,1.0,0.0,0.0,0.0,3,0,0
2995,43,15,28,0,5,4,34,21,4,0,0,10,16,0,0,0,0,0,0,0,0,0,0,1.0,1.0,1.0,0.0,0.0,0.0,3,0,0
2996,42,15,27,0,4,4,34,21,5,0,0,10,16,0,0,0,4,1,0,0,1,0,1,0.8,1.0,1.0,0.0,0.0,0.25,3,0,1
2997,42,15,27,0,4,4,34,21,5,0,0,10,16,0,0,0,0,0,0,0,0,0,0,1.0,1.0,1.0,0.0,0.0,0.0,3,0,0
2998,42,15,27,0,4,4,34,21,5,0,0,10,16,0,0,0,0,0,0,0,0,0,0,1.0,1.0,1.0,0.0,0.0,0.0,3,0,0
2999,42,15,27,0,4,4,34,21,5,0,0,10,16,0,0,0,0,0,0,0,0,0,0,1.0,1.0,1.0,0.0,0.0,0.0,3,0,0
3000,42,15,27,0,4,4,34,21,5,0,0,10,16,0,0,0,0,0,0,0,0,0,0,1.0,1.0,1.0,0.0,0.0,0.0,3,0,0
3001,42,15,27,0,4,4,34,21,5,0,0,10,16,0,0,0,0,0,0,0,0,0,0,1.0,1.0,1.0,0.0,0.0,0.0,3,0,0
3002,42,15,27,0,4,4,34,21,5,0,0,10,16,0,0,0,0,0,0,0,0,0,0,1.0,1.0,1.0,0.0,0.0,0.0,3,0,0
3003,42,15,27,0,4,4,34,21,5,0,0,10,16,0,0,0,0,0,0,0,0,0,0,1.0,1.0,1.0,0.0,0.0,0.0,3,0,0
3004,42,15,27,0,4,4,34,21,5,0,0,10,16,0,0,0,0,0,0,0,0,0,0,1.0,1.0,1.0,0.0,0.0,0.0,3,0,0
3005,42,15,27,0,4,4,34,21,5,0,0,10,16,0,0,0,0,0,0,0,0,0,0,1.0,1.0,1.0,0.0,0.0,0.0,3,0,0
3006,42,15,27,0,4,4,34,21,5,0,0,10,16,0,0,0,0,0,0,0,0,0,0,1.0,1.0,1.0,0.0,0.0,0.0,3,0,0
3007,42,15,27,0,4,4,34,21,5,0,0,10,16,0,0,0,0,0,0,0,0,0,0,1.0,1.0,1.0,0.0,0.0,0.0,3,0,0
3008,42,15,27,0,4,4,34,21,5,0,0,10,16,0,0,0,0,0,0,0,0,0,0,1.0,1.0,1.0,0.0,0.0,0.0,3,0,0
3009,42,15,27,0,4,4,34,21,5,0,0,10,16,0,0,0,0,0,0,0,0,0,0,1.0,1.0,1.0,0.0,0.0,0.0,3,0,0
3010,42,15,27,0,4,4,34,21,5,0,0,10,16,0,0,0,0,0,0,0,0,0,0,1.0,1.0,1.0,0.0,0.0,0.0,3,0,0
3011,42,15,27,0,4,4,34,21,5,0,0,10,16,0,0,0,0,0,0,0,0,0,0,1.0,1.0,1.0,0.0,0.0,0.0,3,0,0
3012,42,15,27,0,4,4,34,21,5,0,0,10,16,0,0,0,0,0,0,0,0,0,0,1.0,1.0,1.0,0.0,0.0,0.0,3,0,0
3013,42,15,27,0,4,4,34,21,5,0,0,10,16,0,0,0,0,0,0,0,0,0,0,1.0,1.0,1.0,0.0,0.0,0.0,3,0,0
3014,42,15,27,0,4,4,34,21,5,0,0,10,16,0,0,0,0,0,0,0,0,0,0,1.0,1.0,1.0,0.0,0.0,0.0,3,0,0
3015,45,16,29,3,4,4,34,21,4,0,1,10,16,0,0,0,0,0,0,1,0,0,0,1.0,1.0,1.0,0.07142857142857142,0.07142857142857142,0.0,3,3,0
3016,47,18,29,6,4,2,35,21,3,0,2,10,16,0,0,0,0,0,0,1,0,0,0,1.0,1.0,1.0,0.06666666666666667,0.06666666666666667,0.0,3,3,1
3017,46,17,29,5,4,2,35,21,3,0,2,10,16,0,0,0,0,0,0,0,1,0,1,0.9,1.0,1.0,0.0,0.0,0.0,3,0,1
3018,46,17,29,5,4,2,35,21,3,0,2,10,17,0,1,0,0,0,0,0,0,0,0,1.0,1.0,1.0,0.0,0.0,0.0,3,0,0
3019,49,18,31,9,3,2,35,21,2,0,3,10,17,0,0,0,0,0,0,1,1,0,1,0.8888888888888888,1.0,1.0,0.08695652173913043,0.08695652173913043,0.0,3,4,1
3020,49,18,31,9,3,2,35,21,2,0,3,10,17,0,0,0,0,0,0,0,0,0,0,1.0,1.0,1.0,0.0,0.0,0.0,3,0,0
3021,49,18,31,9,3,2,35,21,2,0,3,10,17,0,0,0,0,0,0,0,0,0,0,1.0,1.0,1.0,0.0,0.0,0.0,3,0,0
3022,49,18,31,9,3,2,35,21,2,0,3,10,17,0,0,0,0,0,0,0,0,0,0,1.0,1.0,1.0,0.0,0.0,0.0,3,0,0
3023,49,18,31,9,3,2,35,21,2,0,3,10,17,0,0,0,0,0,0,0,0,0,0,1.0,1.0,1.0,0.0,0.0,0.0,3,0,0
3024,49,18,31,9,3,2,35,21,2,0,3,10,17,0,0,0,0,0,0,0,0,0,0,1.0,1.0,1.0,0.0,0.0,0.0,3,0,0
3025,49,18,31,9,3,2,35,21,2,0,3,10,17,0,0,0,0,0,0,0,0,0,0,1.0,1.0,1.0,0.0,0.0,0.0,3,0,0
3026,49,18,31,9,3,2,35,21,2,0,3,10,17,0,0,0,0,0,0,0,0,0,0,1.0,1.0,1.0,0.0,0.0,0.0,3,0,0
3027,49,18,31,9,3,2,35,21,2,0,3,10,17,0,0,0,0,0,0,0,0,0,0,1.0,1.0,1.0,0.0,0.0,0.0,3,0,0
3028,48,18,30,8,3,2,35,21,2,0,3,10,17,0,0,0,0,0,0,0,1,0,1,0.9166666666666666,1.0,1.0,0.0,0.0,0.0,3,0,1
3029,48,18,30,8,3,2,35,21,2,0,3,10,17,0,0,0,0,0,0,0,0,0,0,1.0,1.0,1.0,0.0,0.0,0.0,3,0,0
3030,48,18,30,8,3,2,35,21,2,0,3,10,17,0,0,0,0,0,0,0,0,0,0,1.0,1.0,1.0,0.0,0.0,0.0,3,0,0
3031,48,18,30,8,3,2,35,21,2,0,3,10,17,0,0,0,0,0,0,0,0,0,0,1.0,1.0,1.0,0.0,0.0,0.0,3,0,0
3032,52,20,32,12,3,2,35,21,1,0,4,10,17,0,0,0,0,0,0,1,0,0,0,1.0,1.0,1.0,0.08333333333333333,0.08333333333333333,0.0,3,4,0
3033,52,20,32,12,3,2,35,21,1,0,4,10,17,0,0,0,0,0,0,0,0,0,0,1.0,1.0,1.0,0.0,0.0,0.0,3,0,0
3034,52,20,32,12,3,2,35,21,1,0,4,10,17,0,0,0,0,0,0,0,0,0,0,1.0,1.0,1.0,0.0,0.0,0.0,3,0,0
3035,52,20,32,12,3,2,35,21,1,0,4,10,17,0,0,0,0,0,0,0,0,0,0,1.0,1.0,1.0,0.0,0.0,0.0,3,0,0
3036,52,20,32,12,3,2,35,21,1,0,4,10,17,0,0,0,0,0,0,0,0,0,0,1.0,1.0,1.0,0.0,0.0,0.0,3,0,0
3037,52,20,32,12,3,2,35,21,1,0,4,10,17,0,0,0,0,0,0,0,0,0,0,1.0,1.0,1.0,0.0,0.0,0.0,3,0,0
3038,52,20,32,12,3,2,35,21,1,0,4,10,17,0,0,0,0,0,0,0,0,0,0,1.0,1.0,1.0,0.0,0.0,0.0,3,0,0
3039,52,20,32,12,3,2,35,21,1,0,4,10,17,0,0,0,0,0,0,0,0,0,0,1.0,1.0,1.0,0.0,0.0,0.0,3,0,0
3040,52,20,32,12,3,2,35,21,1,0,4,10,17,0,0,0,0,0,0,0,0,0,0,1.0,1.0,1.0,0.0,0.0,0.0,3,0,0
3041,52,20,32,12,3,2,35,21,1,0,4,10,17,0,0,0,0,0,0,0,0,0,0,1.0,1.0,1.0,0.0,0.0,0.0,3,0,0
3042,52,20,32,12,3,2,35,21,1,0,4,10,17,0,0,0,0,0,0,0,0,0,0,1.0,1.0,1.0,0.0,0.0,0.0,3,0,0
3043,52,20,32,12,3,2,35,21,1,0,4,10,17,0,0,0,0,0,0,0,0,0,0,1.0,1.0,1.0,0.0,0.0,0.0,3,0,0
3044,52,20,32,12,3,2,35,21,1,0,4,10,17,0,0,0,0,0,0,0,0,0,0,1.0,1.0,1.0,0.0,0.0,0.0,3,0,0
3045,52,20,32,12,3,2,35,21,1,0,4,10,17,0,0,0,0,0,0,0,0,0,0,1.0,1.0,1.0,0.0,0.0,0.0,3,0,0
3046,52,20,32,12,3,2,35,21,1,0,4,10,17,0,0,0,0,0,0,0,0,0,0,1.0,1.0,1.0,0.0,0.0,0.0,3,0,0
3047,52,20,32,12,3,2,35,21,1,0,4,10,17,0,0,0,0,0,0,0,0,0,0,1.0,1.0,1.0,0.0,0.0,0.0,3,0,0
3048,52,20,32,12,3,2,35,21,1,0,4,10,17,0,0,0,0,0,0,0,0,0,0,1.0,1.0,1.0,0.0,0.0,0.0,3,0,0
3049,52,20,32,12,3,2,35,21,1,0,4,10,17,0,0,0,0,0,0,0,0,0,0,1.0,1.0,1.0,0.0,0.0,0.0,3,0,0
3050,52,20,32,12,3,2,35,21,1,0,4,10,17,0,0,0,0,0,0,0,0,0,0,1.0,1.0,1.0,0.0,0.0,0.0,3,0,0
3051,52,20,32,12,3,2,35,21,1,0,4,10,17,0,0,0,0,0,0,0,0,0,0,1.0,1.0,1.0,0.0,0.0,0.0,3,0,0
3052,52,20,32,12,3,2,35,21,1,0,4,10,17,0,0,0,0,0,0,0,0,0,0,1.0,1.0,1.0,0.0,0.0,0.0,3,0,0
3053,52,20,32,12,3,2,35,21,1,0,4,10,17,0,0,0,0,0,0,0,0,0,0,1.0,1.0,1.0,0.0,0.0,0.0,3,0,0
3054,52,20,32,12,3,2,35,21,1,0,4,10,17,0,0,0,0,0,0,0,0,0,0,1.0,1.0,1.0,0.0,0.0,0.0,3,0,0
3055,52,20,32,12,3,2,35,21,1,0,4,10,17,0,0,0,0,0,0,0,0,0,0,1.0,1.0,1.0,0.0,0.0,0.0,3,0,0
3056,52,20,32,12,3,2,35,21,1,0,4,10,17,0,0,0,0,0,0,0,0,0,0,1.0,1.0,1.0,0.0,0.0,0.0,3,0,0
3057,52,20,32,12,3,2,35,21,1,0,4,10,17,0,0,0,0,0,0,0,0,0,0,1.0,1.0,1.0,0.0,0.0,0.0,3,0,0
3058,52,20,32,9,6,2,35,21,1,0,4,10,17,0,0,0,0,0,0,0,0,0,0,1.0,1.0,1.0,0.0,0.0,0.0,3,0,0
3059,51,20,31,7,8,2,34,20,1,0,4,10,16,0,0,0,0,0,0,0,0,0,0,1.0,1.0,0.9523809523809523,0.0,0.0,0.0,3,0,1
3060,51,20,31,7,8,2,34,20,1,0,3,10,16,0,0,0,0,0,0,0,0,0,0,1.0,1.0,1.0,0.0,0.0,0.0,3,0,0
3061,55,20,35,11,8,2,34,20,1,0,3,10,16,0,0,0,8,1,0,1,0,0,0,1.0,1.0,1.0,0.0784313725490196,0.0784313725490196,0.125,3,4,0
3062,55,20,35,8,11,2,34,20,2,0,3,10,16,0,0,0,8,1,0,0,0,0,0,1.0,1.0,1.0,0.0,0.0,0.125,3,0,0
3063,55,20,35,8,11,2,34,20,2,0,3,10,16,0,0,0,0,0,0,0,0,0,0,1.0,1.0,1.0,0.0,0.0,0.0,3,0,0
3064,55,20,35,8,11,2,34,20,2,0,2,10,16,0,0,0,0,0,0,0,0,0,0,1.0,1.0,1.0,0.0,0.0,0.0,3,0,0
3065,55,20,35,8,11,2,34,20,2,1,2,10,16,0,0,0,2,0,1,0,0,0,0,1.0,1.0,1.0,0.0,0.0,0.0,3,0,0
3066,55,20,35,8,11,2,34,20,2,1,2,10,16,0,0,0,0,0,0,0,0,0,0,1.0,1.0,1.0,0.0,0.0,0.0,3,0,0
3067,55,20,35,8,11,2,34,20,2,1,2,10,16,0,0,0,0,0,0,0,0,0,0,1.0,1.0,1.0,0.0,0.0,0.0,3,0,0
3068,55,20,35,8,11,2,34,20,2,1,2,10,16,0,0,0,0,0,0,0,0,0,0,1.0,1.0,1.0,0.0,0.0,0.0,3,0,0
3069,55,20,35,8,11,2,34,20,2,1,2,10,16,0,0,0,0,0,0,0,0,0,0,1.0,1.0,1.0,0.0,0.0,0.0,3,0,0
3070,54,19,35,7,11,2,34,20,2,1,2,10,16,0,0,0,0,0,0,0,1,0,1,0.9473684210526316,1.0,1.0,0.0,0.0,0.0,3,0,1
3071,53,19,34,7,10,2,34,20,2,1,2,10,16,0,0,0,0,0,0,0,1,0,1,0.9444444444444444,1.0,1.0,0.0,0.0,0.0,3,0,1
3072,53,19,34,7,10,2,34,20,2,1,2,10,16,0,0,0,0,0,0,0,0,0,0,1.0,1.0,1.0,0.0,0.0,0.0,3,0,0
3073,53,19,34,7,10,2,34,20,2,1,2,10,16,0,0,0,0,0,0,0,0,0,0,1.0,1.0,1.0,0.0,0.0,0.0,3,0,0
3074,53,19,34,7,10,2,34,20,2,1,2,10,16,0,0,0,0,0,0,0,0,0,0,1.0,1.0,1.0,0.0,0.0,0.0,3,0,0
3075,53,19,34,4,13,2,34,20,2,1,2,10,16,0,0,0,0,0,0,0,0,1,0,1.0,1.0,1.0,0.0,0.0,0.0,3,0,0
3076,53,19,34,4,13,2,34,20,2,1,2,10,16,0,0,0,0,0,0,0,0,0,0,1.0,1.0,1.0,0.0,0.0,0.0,3,0,0
3077,52,19,33,4,12,2,34,20,2,1,1,10,16,0,0,0,0,0,0,0,1,0,1,0.9411764705882353,1.0,1.0,0.0,0.0,0.0,3,0,1
3078,52,19,33,4,12,2,34,20,2,1,1,10,16,0,0,0,2,0,0,0,0,0,0,1.0,1.0,1.0,0.0,0.0,0.0,3,0,0
3079,52,19,33,4,11,3,34,20,3,1,1,10,16,0,0,0,5,1,0,0,0,1,0,1.0,1.0,1.0,0.0,0.0,0.2,3,0,0
3080,52,19,33,4,11,3,34,20,3,1,1,10,16,0,0,0,0,0,0,0,0,0,0,1.0,1.0,1.0,0.0,0.0,0.0,3,0,0
3081,51,18,33,4,10,3,34,20,3,1,1,10,16,0,0,0,0,0,0,0,1,0,1,0.9333333333333333,1.0,1.0,0.0,0.0,0.0,3,0,1
3082,51,18,33,4,10,3,34,20,3,1,1,10,16,0,0,0,0,0,0,0,0,0,0,1.0,1.0,1.0,0.0,0.0,0.0,3,0,0
3083,51,18,33,4,9,4,34,20,3,1,1,10,16,0,0,0,0,0,0,0,0,0,0,1.0,1.0,1.0,0.0,0.0,0.0,3,0,0
3084,51,18,33,4,9,4,34,20,3,1,1,10,16,0,0,0,0,0,0,0,0,0,0,1.0,1.0,1.0,0.0,0.0,0.0,3,0,0
3085,50,18,32,4,9,3,34,19,3,1,1,10,15,0,0,0,0,0,0,0,0,0,0,1.0,1.0,0.95,0.0,0.0,0.0,3,0,1
3086,50,18,32,4,9,3,34,19,3,1,1,10,15,0,0,0,0,0,0,0,0,0,0,1.0,1.0,1.0,0.0,0.0,0.0,3,0,0
3087,50,18,32,4,9,3,34,19,3,1,1,10,15,0,0,0,0,0,0,0,0,0,0,1.0,1.0,1.0,0.0,0.0,0.0,3,0,0
3088,50,18,32,4,9,3,34,19,3,1,1,10,15,0,0,0,0,0,0,0,0,0,0,1.0,1.0,1.0,0.0,0.0,0.0,3,0,0
3089,50,18,32,4,9,3,34,19,3,1,1,10,15,0,0,0,0,0,0,0,0,0,0,1.0,1.0,1.0,0.0,0.0,0.0,3,0,0
3090,50,18,32,4,9,3,34,19,3,1,1,10,15,0,0,0,0,0,0,0,0,0,0,1.0,1.0,1.0,0.0,0.0,0.0,3,0,0
3091,49,17,32,4,8,3,34,19,3,1,1,10,15,0,0,0,0,0,0,0,1,0,1,0.9230769230769231,1.0,1.0,0.0,0.0,0.0,3,0,1
3092,49,17,32,4,8,3,34,19,3,1,1,10,15,0,0,0,0,0,0,0,0,0,0,1.0,1.0,1.0,0.0,0.0,0.0,3,0,0
3093,49,17,32,4,8,3,34,19,3,1,1,10,15,0,0,0,0,0,0,0,0,0,0,1.0,1.0,1.0,0.0,0.0,0.0,3,0,0
3094,49,17,32,4,8,3,34,19,3,1,1,10,15,0,0,0,0,0,0,0,0,0,0,1.0,1.0,1.0,0.0,0.0,0.0,3,0,0
3095,49,17,32,4,8,3,34,19,3,1,1,10,15,0,0,0,0,0,0,0,0,0,0,1.0,1.0,1.0,0.0,0.0,0.0,3,0,0
3096,49,17,32,4,8,3,34,19,3,1,1,10,15,0,0,0,0,0,0,0,0,0,0,1.0,1.0,1.0,0.0,0.0,0.0,3,0,0
3097,49,17,32,4,8,3,34,19,3,1,1,10,15,0,0,0,0,0,0,0,0,0,0,1.0,1.0,1.0,0.0,0.0,0.0,3,0,0
3098,49,17,32,4,8,3,34,19,3,1,1,10,15,0,0,0,0,0,0,0,0,0,0,1.0,1.0,1.0,0.0,0.0,0.0,3,0,0
3099,49,17,32,4,8,3,34,19,3,1,1,10,15,0,0,0,0,0,0,0,0,0,0,1.0,1.0,1.0,0.0,0.0,0.0,3,0,0
3100,49,17,32,4,8,3,34,19,3,1,1,10,15,0,0,0,0,0,0,0,0,0,0,1.0,1.0,1.0,0.0,0.0,0.0,3,0,0
3101,49,17,32,4,8,3,34,19,3,1,1,10,15,0,0,0,0,0,0,0,0,0,0,1.0,1.0,1.0,0.0,0.0,0.0,3,0,0
3102,49,17,32,4,8,3,34,19,3,1,1,10,15,0,0,0,0,0,0,0,0,0,0,1.0,1.0,1.0,0.0,0.0,0.0,3,0,0
3103,49,17,32,4,8,3,34,19,3,1,1,11,15,1,0,0,0,0,0,0,0,0,0,1.0,1.0,1.0,0.0,0.0,0.0,3,0,0
3104,49,17,32,0,12,3,34,19,3,1,1,12,15,1,0,0,0,0,0,0,0,0,0,1.0,1.0,1.0,0.0,0.0,0.0,3,0,0
3105,49,17,32,0,12,3,34,19,3,1,1,12,15,0,0,0,0,0,0,0,0,0,0,1.0,1.0,1.0,0.0,0.0,0.0,3,0,0
3106,49,17,32,0,12,3,34,19,3,1,0,12,15,0,0,0,0,0,0,0,0,0,0,1.0,1.0,1.0,0.0,0.0,0.0,3,0,0
3107,48,17,31,0,11,3,34,19,3,1,0,12,15,0,0,0,2,0,0,0,1,0,1,0.9166666666666666,1.0,1.0,0.0,0.0,0.0,3,0,1
3108,48,17,31,0,11,3,34,19,4,1,0,13,15,1,0,0,5,1,0,0,0,0,0,1.0,1.0,1.0,0.0,0.0,0.2,3,0,0
3109,48,17,31,0,11,3,34,19,4,1,0,13,16,0,1,0,0,0,0,0,0,0,0,1.0,1.0,1.0,0.0,0.0,0.0,3,0,0
3110,48,17,31,0,11,3,34,19,4,0,0,13,16,0,0,0,0,0,0,0,0,0,0,1.0,1.0,1.0,0.0,0.0,0.0,3,0,0
3111,48,17,31,0,11,2,35,20,4,0,0,13,16,0,0,0,1,0,0,0,0,0,0,1.0,1.0,1.0,0.0,0.0,0.0,3,0,0
3112,48,17,31,0,11,2,35,20,4,0,0,13,16,0,0,0,3,0,0,0,0,0,0,1.0,1.0,1.0,0.0,0.0,0.0,3,0,0
3113,48,17,31,0,11,2,35,20,5,0,0,13,16,0,0,0,4,1,0,0,0,0,0,1.0,1.0,1.0,0.0,0.0,0.25,3,0,0
3114,48,17,31,0,11,2,35,20,5,0,0,13,16,0,0,0,0,0,0,0,0,0,0,1.0,1.0,1.0,0.0,0.0,0.0,3,0,0
3115,48,17,31,0,11,2,35,20,5,0,0,13,16,0,0,0,0,0,0,0,0,0,0,1.0,1.0,1.0,0.0,0.0,0.0,3,0,0
3116,48,17,31,0,11,2,35,20,5,0,0,13,16,0,0,0,0,0,0,0,0,0,0,1.0,1.0,1.0,0.0,0.0,0.0,3,0,0
3117,48,17,31,0,11,2,35,20,5,0,0,13,16,0,0,0,0,0,0,0,0,0,0,1.0,1.0,1.0,0.0,0.0,0.0,3,0,0
3118,48,17,31,0,11,2,35,20,5,0,0,13,16,0,0,0,0,0,0,0,0,0,0,1.0,1.0,1.0,0.0,0.0,0.0,3,0,0
3119,48,17,31,0,11,2,35,20,5,0,0,13,16,0,0,0,7,0,0,0,0,0,0,1.0,1.0,1.0,0.0,0.0,0.0,3,0,0
3120,48,17,31,0,11,2,35,20,5,0,0,13,16,0,0,0,8,0,0,0,0,0,0,1.0,1.0,1.0,0.0,0.0,0.0,3,0,0
3121,48,17,31,0,11,2,35,20,5,1,0,13,16,0,0,0,2,0,1,0,0,0,0,1.0,1.0,1.0,0.0,0.0,0.0,3,0,0
3122,48,17,31,0,11,2,35,20,5,1,0,13,16,0,0,0,0,0,0,0,0,0,0,1.0,1.0,1.0,0.0,0.0,0.0,3,0,0
3123,48,17,31,0,11,2,35,20,5,1,0,13,16,0,0,0,0,0,0,0,0,0,0,1.0,1.0,1.0,0.0,0.0,0.0,3,0,0
3124,48,17,31,0,11,2,35,20,5,1,0,13,16,0,0,0,0,0,0,0,0,0,0,1.0,1.0,1.0,0.0,0.0,0.0,3,0,0
3125,48,17,31,0,11,2,35,20,5,1,0,13,16,0,0,0,0,0,0,0,0,0,0,1.0,1.0,1.0,0.0,0.0,0.0,3,0,0
3126,51,20,31,3,11,2,35,20,4,1,1,13,16,0,0,0,0,0,0,1,0,0,0,1.0,1.0,1.0,0.0625,0.0625,0.0,3,3,0
3127,54,23,31,6,11,2,35,20,3,1,2,13,16,0,0,0,0,0,0,1,0,0,0,1.0,1.0,1.0,0.058823529411764705,0.058823529411764705,0.0,3,3,0
3128,54,23,31,6,11,2,35,20,3,1,2,13,16,0,0,0,0,0,0,0,0,0,0,1.0,1.0,1.0,0.0,0.0,0.0,3,0,0
3129,54,23,31,6,11,2,35,20,3,1,2,13,16,0,0,0,0,0,0,0,0,0,0,1.0,1.0,1.0,0.0,0.0,0.0,3,0,0
3130,54,23,31,6,11,2,35,20,3,1,2,13,16,0,0,0,0,0,0,0,0,0,0,1.0,1.0,1.0,0.0,0.0,0.0,3,0,0
3131,53,22,31,5,11,2,35,20,3,1,2,13,16,0,0,0,0,0,0,0,1,0,1,0.9411764705882353,1.0,1.0,0.0,0.0,0.0,3,0,1
3132,52,22,30,5,10,2,35,20,3,1,2,13,16,0,0,0,0,0,0,0,1,0,1,0.9375,1.0,1.0,0.0,0.0,0.0,3,0,1
3133,52,22,30,5,10,2,35,20,3,1,2,13,16,0,0,0,0,0,0,0,0,0,0,1.0,1.0,1.0,0.0,0.0,0.0,3,0,0
3134,52,22,30,5,10,2,35,20,3,1,2,13,16,0,0,0,0,0,0,0,0,0,0,1.0,1.0,1.0,0.0,0.0,0.0,3,0,0
3135,52,22,30,5,10,2,35,20,3,1,2,13,16,0,0,0,0,0,0,0,0,0,0,1.0,1.0,1.0,0.0,0.0,0.0,3,0,0
3136,51,21,30,4,10,2,35,20,3,1,2,13,16,0,0,0,0,0,0,0,1,0,1,0.9333333333333333,1.0,1.0,0.0,0.0,0.0,3,0,1
3137,51,21,30,4,10,2,35,20,3,1,2,13,16,0,0,0,0,0,0,0,0,0,0,1.0,1.0,1.0,0.0,0.0,0.0,3,0,0
3138,50,20,30,3,10,2,35,20,3,1,2,13,16,0,0,0,0,0,0,0,1,0,1,0.9285714285714286,1.0,1.0,0.0,0.0,0.0,3,0,1
3139,50,20,30,3,10,2,35,20,3,1,2,13,16,0,0,0,0,0,0,0,0,0,0,1.0,1.0,1.0,0.0,0.0,0.0,3,0,0
3140,50,20,30,3,10,2,35,20,3,1,2,13,16,0,0,0,0,0,0,0,0,0,0,1.0,1.0,1.0,0.0,0.0,0.0,3,0,0
3141,50,20,30,3,10,2,35,20,3,1,2,13,16,0,0,0,0,0,0,0,0,0,0,1.0,1.0,1.0,0.0,0.0,0.0,3,0,0
3142,50,20,30,3,10,2,35,20,3,1,2,13,16,0,0,0,0,0,0,0,0,0,0,1.0,1.0,1.0,0.0,0.0,0.0,3,0,0
3143,50,20,30,3,10,2,35,20,3,1,2,13,16,0,0,0,0,0,0,0,0,0,0,1.0,1.0,1.0,0.0,0.0,0.0,3,0,0
3144,54,21,33,7,10,2,35,20,2,1,3,13,16,0,0,0,0,0,0,1,0,0,0,1.0,1.0,1.0,0.08,0.08,0.0,3,4,0
3145,54,21,33,7,10,2,35,20,2,1,3,13,16,0,0,0,0,0,0,0,0,0,0,1.0,1.0,1.0,0.0,0.0,0.0,3,0,0
3146,54,21,33,7,10,2,35,20,2,1,3,13,16,0,0,0,0,0,0,0,0,0,0,1.0,1.0,1.0,0.0,0.0,0.0,3,0,0
3147,51,19,32,7,9,2,33,20,2,1,3,12,16,0,0,0,0,0,0,0,1,0,1,0.9411764705882353,0.8666666666666667,1.0,0.0,0.0,0.0,3,0,3
3148,51,19,32,7,9,2,33,20,2,1,3,12,16,0,0,0,0,0,0,0,0,0,0,1.0,1.0,1.0,0.0,0.0,0.0,3,0,0
3149,50,19,31,6,9,2,33,20,2,1,3,12,16,0,0,0,0,0,0,0,1,0,1,0.9375,1.0,1.0,0.0,0.0,0.0,3,0,1
3150,50,19,31,6,9,2,33,20,2,1,3,12,16,0,0,0,0,0,0,0,0,0,0,1.0,1.0,1.0,0.0,0.0,0.0,3,0,0
3151,48,17,31,5,8,2,33,20,2,1,3,12,16,0,0,0,0,0,0,0,2,0,2,0.8666666666666667,1.0,1.0,0.0,0.0,0.0,3,0,2
3152,48,17,31,5,8,2,33,20,2,1,3,12,16,0,0,0,0,0,0,0,0,0,0,1.0,1.0,1.0,0.0,0.0,0.0,3,0,0
3153,48,17,31,5,8,2,33,20,2,1,3,12,16,0,0,0,0,0,0,0,0,0,0,1.0,1.0,1.0,0.0,0.0,0.0,3,0,0
3154,48,17,31,5,8,2,33,20,2,1,3,12,16,0,0,0,0,0,0,0,0,0,0,1.0,1.0,1.0,0.0,0.0,0.0,3,0,0
3155,48,17,31,5,8,2,33,20,2,1,3,12,16,0,0,0,0,0,0,0,0,0,0,1.0,1.0,1.0,0.0,0.0,0.0,3,0,0
3156,48,17,31,5,8,2,33,20,2,1,3,12,16,0,0,0,0,0,0,0,0,0,0,1.0,1.0,1.0,0.0,0.0,0.0,3,0,0
3157,48,17,31,5,8,2,33,20,2,1,3,12,16,0,0,0,0,0,0,0,0,0,0,1.0,1.0,1.0,0.0,0.0,0.0,3,0,0
3158,48,17,31,5,8,2,33,20,2,1,3,12,16,0,0,0,0,0,0,0,0,0,0,1.0,1.0,1.0,0.0,0.0,0.0,3,0,0
3159,48,17,31,5,8,2,33,20,2,1,3,12,16,0,0,0,0,0,0,0,0,0,0,1.0,1.0,1.0,0.0,0.0,0.0,3,0,0
3160,48,17,31,5,8,2,33,20,2,1,3,12,16,0,0,0,0,0,0,0,0,0,0,1.0,1.0,1.0,0.0,0.0,0.0,3,0,0
3161,48,17,31,5,8,2,33,20,2,1,3,12,16,0,0,0,0,0,0,0,0,0,0,1.0,1.0,1.0,0.0,0.0,0.0,3,0,0
3162,48,17,31,5,8,2,33,20,2,1,3,12,16,0,0,0,0,0,0,0,0,0,0,1.0,1.0,1.0,0.0,0.0,0.0,3,0,0
3163,48,17,31,5,8,2,33,20,2,1,3,12,16,0,0,0,0,0,0,0,0,0,0,1.0,1.0,1.0,0.0,0.0,0.0,3,0,0
3164,48,17,31,5,8,2,33,20,2,1,3,12,16,0,0,0,0,0,0,0,0,0,0,1.0,1.0,1.0,0.0,0.0,0.0,3,0,0
3165,47,17,30,5,8,2,32,19,2,1,3,12,15,0,0,0,0,0,0,0,0,0,0,1.0,1.0,0.95,0.0,0.0,0.0,3,0,1
3166,47,17,30,5,8,2,32,19,2,0,3,12,15,0,0,0,0,0,0,0,0,0,0,1.0,1.0,1.0,0.0,0.0,0.0,3,0,0
3167,47,17,30,5,8,2,32,19,3,0,3,12,15,0,0,0,8,1,0,0,0,0,0,1.0,1.0,1.0,0.0,0.0,0.125,3,0,0
3168,47,17,30,5,8,2,32,19,3,0,3,12,15,0,0,0,0,0,0,0,0,0,0,1.0,1.0,1.0,0.0,0.0,0.0,3,0,0
3169,46,17,29,5,7,2,32,19,3,0,3,12,15,0,0,0,0,0,0,0,1,0,1,0.9230769230769231,1.0,1.0,0.0,0.0,0.0,3,0,1
3170,45,16,29,3,8,2,32,19,3,0,3,12,15,0,0,0,0,0,0,0,1,0,1,0.9166666666666666,1.0,1.0,0.0,0.0,0.0,3,0,1
3171,45,16,29,3,8,2,32,19,3,0,2,12,15,0,0,0,0,0,0,0,0,0,0,1.0,1.0,1.0,0.0,0.0,0.0,3,0,0
3172,45,16,29,3,8,2,32,19,3,0,1,12,15,0,0,0,6,0,0,0,0,0,0,1.0,1.0,1.0,0.0,0.0,0.0,3,0,0
3173,49,17,32,7,8,2,32,19,2,0,2,12,15,0,0,0,5,0,0,1,0,0,0,1.0,1.0,1.0,0.08888888888888889,0.08888888888888889,0.0,3,4,0
3174,49,17,32,7,8,2,32,19,2,0,2,12,15,0,0,0,2,0,0,0,0,0,0,1.0,1.0,1.0,0.0,0.0,0.0,3,0,0
3175,49,17,32,7,8,2,32,19,2,0,2,12,15,0,0,0,1,0,0,0,0,0,0,1.0,1.0,1.0,0.0,0.0,0.0,3,0,0
3176,49,17,32,7,8,2,32,19,2,0,2,12,15,0,0,0,7,0,0,0,0,0,0,1.0,1.0,1.0,0.0,0.0,0.0,3,0,0
3177,49,17,32,7,8,2,32,19,3,0,2,12,15,0,0,0,7,1,0,0,0,0,0,1.0,1.0,1.0,0.0,0.0,0.14285714285714285,3,0,0
3178,52,19,33,10,8,2,32,19,2,0,3,12,15,0,0,0,0,0,0,1,1,0,1,0.9333333333333333,1.0,1.0,0.08163265306122448,0.08163265306122448,0.0,3,4,1
3179,52,19,33,10,8,2,32,19,2,0,3,12,15,0,0,0,0,0,0,0,0,0,0,1.0,1.0,1.0,0.0,0.0,0.0,3,0,0
3180,52,19,33,10,8,2,32,19,2,0,3,12,15,0,0,0,0,0,0,0,0,0,0,1.0,1.0,1.0,0.0,0.0,0.0,3,0,0
3181,52,19,33,10,8,2,32,19,2,0,3,12,15,0,0,0,0,0,0,0,0,0,0,1.0,1.0,1.0,0.0,0.0,0.0,3,0,0
3182,52,19,33,10,8,2,32,19,2,0,3,12,15,0,0,0,0,0,0,0,0,0,0,1.0,1.0,1.0,0.0,0.0,0.0,3,0,0
3183,52,19,33,10,8,2,32,19,2,0,3,12,15,0,0,0,0,0,0,0,0,0,0,1.0,1.0,1.0,0.0,0.0,0.0,3,0,0
3184,52,19,33,10,8,2,32,19,2,0,3,12,15,0,0,0,0,0,0,0,0,0,0,1.0,1.0,1.0,0.0,0.0,0.0,3,0,0
3185,52,19,33,10,8,2,32,19,2,0,3,12,15,0,0,0,4,0,0,0,0,0,0,1.0,1.0,1.0,0.0,0.0,0.0,3,0,0
3186,52,19,33,10,8,2,32,19,3,0,3,12,15,0,0,0,3,1,0,0,0,0,0,1.0,1.0,1.0,0.0,0.0,0.3333333333333333,3,0,0
3187,52,19,33,8,10,2,32,19,3,0,3,12,15,0,0,0,0,0,0,0,0,0,0,1.0,1.0,1.0,0.0,0.0,0.0,3,0,0
3188,52,19,33,8,10,2,32,19,3,0,3,12,15,0,0,0,0,0,0,0,0,0,0,1.0,1.0,1.0,0.0,0.0,0.0,3,0,0
3189,51,19,32,7,10,2,32,19,3,0,2,12,15,0,0,0,0,0,0,0,1,0,1,0.9444444444444444,1.0,1.0,0.0,0.0,0.0,3,0,1
3190,51,19,32,7,10,2,32,19,4,0,2,12,15,0,0,0,4,1,0,0,0,0,0,1.0,1.0,1.0,0.0,0.0,0.25,3,0,0
3191,51,19,32,7,10,2,32,19,4,0,2,12,15,0,0,0,0,0,0,0,0,0,0,1.0,1.0,1.0,0.0,0.0,0.0,3,0,0
3192,51,19,32,7,10,2,32,19,4,0,2,12,15,0,0,0,0,0,0,0,0,0,0,1.0,1.0,1.0,0.0,0.0,0.0,3,0,0
3193,51,19,32,7,10,2,32,19,4,0,2,12,15,0,0,0,0,0,0,0,0,0,0,1.0,1.0,1.0,0.0,0.0,0.0,3,0,0
3194,51,19,32,7,10,2,32,19,4,0,2,12,15,0,0,0,0,0,0,0,0,0,0,1.0,1.0,1.0,0.0,0.0,0.0,3,0,0
3195,50,18,32,6,10,2,32,19,4,0,2,12,16,0,1,0,0,0,0,0,1,2,1,0.9411764705882353,1.0,1.0,0.0,0.0,0.0,3,0,1
3196,49,17,32,5,10,2,32,19,4,0,2,12,16,0,0,0,0,0,0,0,1,0,1,0.9375,1.0,1.0,0.0,0.0,0.0,3,0,1
3197,49,17,32,5,10,2,32,19,4,0,2,12,16,0,0,0,0,0,0,0,0,0,0,1.0,1.0,1.0,0.0,0.0,0.0,3,0,0
3198,47,16,31,4,10,2,31,19,4,0,2,12,16,0,0,0,0,0,0,0,1,0,1,0.9333333333333333,0.9230769230769231,1.0,0.0,0.0,0.0,3,0,2
3199,47,16,31,4,8,4,31,19,4,0,2,12,16,0,0,0,0,0,0,0,0,1,0,1.0,1.0,1.0,0.0,0.0,0.0,3,0,0
3200,46,16,30,3,8,4,31,19,4,0,2,12,16,0,0,0,0,0,0,0,1,0,1,0.9166666666666666,1.0,1.0,0.0,0.0,0.0,3,0,1
3201,46,16,30,3,8,4,31,19,4,0,2,12,16,0,0,0,0,0,0,0,0,0,0,1.0,1.0,1.0,0.0,0.0,0.0,3,0,0
3202,46,16,30,3,8,4,31,19,4,0,2,12,16,0,0,0,0,0,0,0,0,0,0,1.0,1.0,1.0,0.0,0.0,0.0,3,0,0
3203,46,16,30,3,7,5,31,19,4,0,2,12,16,0,0,0,0,0,0,0,0,0,0,1.0,1.0,1.0,0.0,0.0,0.0,3,0,0
3204,46,16,30,3,7,5,31,19,4,0,2,12,16,0,0,0,0,0,0,0,0,0,0,1.0,1.0,1.0,0.0,0.0,0.0,3,0,0
3205,46,16,30,3,7,5,31,19,4,0,2,12,16,0,0,0,0,0,0,0,0,0,0,1.0,1.0,1.0,0.0,0.0,0.0,3,0,0
3206,46,16,30,3,7,5,31,19,4,0,2,12,16,0,0,0,0,0,0,0,0,0,0,1.0,1.0,1.0,0.0,0.0,0.0,3,0,0
3207,46,16,30,3,7,5,31,19,4,0,2,12,16,0,0,0,0,0,0,0,0,0,0,1.0,1.0,1.0,0.0,0.0,0.0,3,0,0
3208,46,16,30,3,7,5,31,19,4,0,2,12,16,0,0,0,0,0,0,0,0,0,0,1.0,1.0,1.0,0.0,0.0,0.0,3,0,0
3209,45,15,30,2,7,5,31,19,4,0,2,12,16,0,0,0,0,0,0,0,1,0,1,0.9,1.0,1.0,0.0,0.0,0.0,3,0,1
3210,45,15,30,2,7,5,31,19,4,0,2,12,16,0,0,0,0,0,0,0,0,0,0,1.0,1.0,1.0,0.0,0.0,0.0,3,0,0
3211,44,15,29,2,6,5,31,19,4,0,2,12,16,0,0,0,0,0,0,0,1,0,1,0.8888888888888888,1.0,1.0,0.0,0.0,0.0,3,0,1
3212,44,15,29,2,6,5,31,19,4,0,2,12,16,0,0,0,0,0,0,0,0,0,0,1.0,1.0,1.0,0.0,0.0,0.0,3,0,0
3213,44,15,29,2,6,5,31,19,4,0,2,12,16,0,0,0,0,0,0,0,0,0,0,1.0,1.0,1.0,0.0,0.0,0.0,3,0,0
3214,44,15,29,2,6,5,31,19,4,0,2,12,16,0,0,0,0,0,0,0,0,0,0,1.0,1.0,1.0,0.0,0.0,0.0,3,0,0
3215,44,15,29,2,6,5,31,19,4,0,2,12,16,0,0,0,0,0,0,0,0,0,0,1.0,1.0,1.0,0.0,0.0,0.0,3,0,0
3216,44,15,29,1,7,5,31,19,4,0,2,12,16,0,0,0,0,0,0,0,0,0,0,1.0,1.0,1.0,0.0,0.0,0.0,3,0,0
3217,44,15,29,1,7,5,31,19,4,0,2,12,16,0,0,0,0,0,0,0,0,0,0,1.0,1.0,1.0,0.0,0.0,0.0,3,0,0
3218,44,15,29,1,7,5,31,19,4,0,1,12,16,0,0,0,0,0,0,0,0,0,0,1.0,1.0,1.0,0.0,0.0,0.0,3,0,0
3219,44,15,29,1,7,5,31,19,4,0,1,12,16,0,0,0,0,0,0,0,0,0,0,1.0,1.0,1.0,0.0,0.0,0.0,3,0,0
3220,44,15,29,1,7,5,31,19,4,0,1,12,16,0,0,0,0,0,0,0,0,0,0,1.0,1.0,1.0,0.0,0.0,0.0,3,0,0
3221,44,15,29,0,8,5,31,19,4,0,1,12,16,0,0,0,0,0,0,0,0,0,0,1.0,1.0,1.0,0.0,0.0,0.0,3,0,0
3222,44,15,29,0,8,5,31,19,4,0,1,12,16,0,0,0,0,0,0,0,0,0,0,1.0,1.0,1.0,0.0,0.0,0.0,3,0,0
3223,44,15,29,0,8,5,31,19,4,0,0,12,16,0,0,0,0,0,0,0,0,0,0,1.0,1.0,1.0,0.0,0.0,0.0,3,0,0
3224,44,15,29,0,8,5,31,19,4,0,0,12,16,0,0,0,0,0,0,0,0,0,0,1.0,1.0,1.0,0.0,0.0,0.0,3,0,0
3225,44,15,29,0,8,5,31,19,4,0,0,12,16,0,0,0,0,0,0,0,0,0,0,1.0,1.0,1.0,0.0,0.0,0.0,3,0,0
3226,44,15,29,0,8,5,31,19,4,0,0,12,16,0,0,0,0,0,0,0,0,0,0,1.0,1.0,1.0,0.0,0.0,0.0,3,0,0
3227,44,15,29,0,8,5,31,19,4,0,0,12,16,0,0,0,0,0,0,0,0,0,0,1.0,1.0,1.0,0.0,0.0,0.0,3,0,0
3228,44,15,29,0,8,5,31,19,4,0,0,12,16,0,0,0,0,0,0,0,0,0,0,1.0,1.0,1.0,0.0,0.0,0.0,3,0,0
3229,44,15,29,0,8,5,31,19,4,0,0,12,16,0,0,0,0,0,0,0,0,0,0,1.0,1.0,1.0,0.0,0.0,0.0,3,0,0
3230,44,15,29,0,8,5,31,19,4,0,0,12,16,0,0,0,0,0,0,0,0,0,0,1.0,1.0,1.0,0.0,0.0,0.0,3,0,0
3231,44,15,29,0,8,5,31,19,4,0,0,12,16,0,0,0,0,0,0,0,0,0,0,1.0,1.0,1.0,0.0,0.0,0.0,3,0,0
3232,48,17,31,4,8,5,31,19,3,0,1,12,16,0,0,0,0,0,0,1,0,0,0,1.0,1.0,1.0,0.09090909090909091,0.09090909090909091,0.0,3,4,0
3233,48,17,31,4,8,5,31,19,3,0,1,12,16,0,0,0,0,0,0,0,0,0,0,1.0,1.0,1.0,0.0,0.0,0.0,3,0,0
3234,48,17,31,4,8,4,32,20,3,0,1,12,16,0,0,0,0,0,0,0,0,0,0,1.0,1.0,1.0,0.0,0.0,0.0,3,0,0
3235,48,17,31,4,8,4,32,20,3,0,1,12,16,0,0,0,0,0,0,0,0,0,0,1.0,1.0,1.0,0.0,0.0,0.0,3,0,0
3236,48,17,31,4,8,4,32,20,3,0,1,12,16,0,0,0,0,0,0,0,0,0,0,1.0,1.0,1.0,0.0,0.0,0.0,3,0,0
3237,48,17,31,4,8,4,32,20,3,0,1,12,16,0,0,0,0,0,0,0,0,0,0,1.0,1.0,1.0,0.0,0.0,0.0,3,0,0
3238,48,17,31,4,8,4,32,20,3,0,1,12,16,0,0,0,0,0,0,0,0,0,0,1.0,1.0,1.0,0.0,0.0,0.0,3,0,0
3239,48,17,31,4,8,4,32,20,3,0,1,12,16,0,0,0,0,0,0,0,0,0,0,1.0,1.0,1.0,0.0,0.0,0.0,3,0,0
3240,48,17,31,4,8,4,32,20,3,0,1,12,16,0,0,0,0,0,0,0,0,0,0,1.0,1.0,1.0,0.0,0.0,0.0,3,0,0
3241,48,17,31,4,8,4,32,20,3,0,1,12,16,0,0,0,0,0,0,0,0,2,0,1.0,1.0,1.0,0.0,0.0,0.0,3,0,0
3242,52,19,33,8,8,4,32,20,2,0,2,12,16,0,0,0,0,0,0,1,0,0,0,1.0,1.0,1.0,0.08333333333333333,0.08333333333333333,0.0,3,4,0
3243,52,19,33,8,8,4,32,20,2,0,2,12,16,0,0,0,0,0,0,0,0,0,0,1.0,1.0,1.0,0.0,0.0,0.0,3,0,0
3244,52,19,33,8,8,4,32,20,2,0,2,12,16,0,0,0,0,0,0,0,0,0,0,1.0,1.0,1.0,0.0,0.0,0.0,3,0,0
3245,51,19,32,7,6,6,32,20,2,0,2,12,16,0,0,0,0,0,0,0,1,0,1,0.9285714285714286,1.0,1.0,0.0,0.0,0.0,3,0,1
3246,51,19,32,7,6,6,32,20,2,0,2,12,16,0,0,0,0,0,0,0,0,0,0,1.0,1.0,1.0,0.0,0.0,0.0,3,0,0
3247,51,19,32,7,6,6,32,20,2,0,2,12,16,0,0,0,0,0,0,0,0,0,0,1.0,1.0,1.0,0.0,0.0,0.0,3,0,0
3248,51,19,32,7,6,6,32,20,2,0,2,12,16,0,0,0,0,0,0,0,0,0,0,1.0,1.0,1.0,0.0,0.0,0.0,3,0,0
3249,51,19,32,7,6,6,32,20,2,0,2,12,16,0,0,0,0,0,0,0,0,0,0,1.0,1.0,1.0,0.0,0.0,0.0,3,0,0
3250,51,19,32,7,6,6,32,20,2,0,2,12,16,0,0,0,0,0,0,0,0,0,0,1.0,1.0,1.0,0.0,0.0,0.0,3,0,0
3251,54,20,34,11,5,6,32,20,1,0,3,12,16,0,0,0,0,0,0,1,1,0,1,0.9230769230769231,1.0,1.0,0.0784313725490196,0.0784313725490196,0.0,3,4,1
3252,54,20,34,11,5,6,32,20,1,0,3,12,16,0,0,0,0,0,0,0,0,0,0,1.0,1.0,1.0,0.0,0.0,0.0,3,0,0
3253,53,20,33,11,4,6,32,20,1,0,3,12,16,0,0,0,0,0,0,0,1,0,1,0.9375,1.0,1.0,0.0,0.0,0.0,3,0,1
3254,53,20,33,11,4,5,33,21,1,0,3,12,16,0,0,0,0,0,0,0,0,0,0,1.0,1.0,1.0,0.0,0.0,0.0,3,0,0
3255,56,22,34,14,4,5,33,21,0,0,4,12,16,0,0,0,0,0,0,1,0,0,0,1.0,1.0,1.0,0.05660377358490566,0.05660377358490566,0.0,3,3,0
3256,56,22,34,14,4,5,33,21,0,0,4,12,16,0,0,0,0,0,0,0,0,0,0,1.0,1.0,1.0,0.0,0.0,0.0,3,0,0
3257,56,22,34,14,4,5,33,21,0,0,4,12,16,0,0,0,0,0,0,0,0,0,0,1.0,1.0,1.0,0.0,0.0,0.0,3,0,0
3258,55,21,34,13,4,5,33,21,0,0,4,12,16,0,0,0,0,0,0,0,1,0,1,0.9444444444444444,1.0,1.0,0.0,0.0,0.0,3,0,1
3259,55,21,34,13,4,5,33,21,0,0,4,12,16,0,0,0,0,0,0,0,0,0,0,1.0,1.0,1.0,0.0,0.0,0.0,3,0,0
3260,54,20,34,12,4,5,33,21,0,0,4,12,16,0,0,0,0,0,0,0,1,0,1,0.9411764705882353,1.0,1.0,0.0,0.0,0.0,3,0,1
3261,54,20,34,12,4,5,33,21,0,0,4,12,16,0,0,0,0,0,0,0,0,0,0,1.0,1.0,1.0,0.0,0.0,0.0,3,0,0
3262,53,19,34,12,3,5,33,21,0,0,4,12,16,0,0,0,0,0,0,0,1,0,1,0.9375,1.0,1.0,0.0,0.0,0.0,3,0,1
3263,52,18,34,11,3,5,33,21,0,0,4,12,16,0,0,0,0,0,0,0,1,0,1,0.9333333333333333,1.0,1.0,0.0,0.0,0.0,3,0,1
3264,52,18,34,11,3,5,33,21,0,0,4,12,16,0,0,0,0,0,0,0,0,0,0,1.0,1.0,1.0,0.0,0.0,0.0,3,0,0
3265,52,18,34,11,3,5,33,21,0,0,4,12,16,0,0,0,0,0,0,0,0,0,0,1.0,1.0,1.0,0.0,0.0,0.0,3,0,0
3266,52,18,34,11,3,5,33,21,0,0,4,12,16,0,0,0,0,0,0,0,0,0,0,1.0,1.0,1.0,0.0,0.0,0.0,3,0,0
3267,52,18,34,11,3,5,33,21,0,0,4,12,16,0,0,0,0,0,0,0,0,0,0,1.0,1.0,1.0,0.0,0.0,0.0,3,0,0
3268,52,18,34,11,3,5,33,21,0,0,4,12,16,0,0,0,0,0,0,0,0,0,0,1.0,1.0,1.0,0.0,0.0,0.0,3,0,0
3269,52,18,34,11,3,5,33,21,0,0,4,12,16,0,0,0,0,0,0,0,0,0,0,1.0,1.0,1.0,0.0,0.0,0.0,3,0,0
3270,51,17,34,10,3,5,33,21,0,0,4,12,16,0,0,0,0,0,0,0,1,0,1,0.9285714285714286,1.0,1.0,0.0,0.0,0.0,3,0,1
3271,50,16,34,9,3,5,33,21,0,0,4,12,16,0,0,0,0,0,0,0,1,0,1,0.9230769230769231,1.0,1.0,0.0,0.0,0.0,3,0,1
3272,50,16,34,9,3,5,33,21,0,0,4,12,16,0,0,0,0,0,0,0,0,0,0,1.0,1.0,1.0,0.0,0.0,0.0,3,0,0
3273,50,16,34,9,3,5,33,21,0,0,4,12,16,0,0,0,0,0,0,0,0,0,0,1.0,1.0,1.0,0.0,0.0,0.0,3,0,0
3274,50,16,34,9,3,5,33,21,0,0,4,12,16,0,0,0,0,0,0,0,0,0,0,1.0,1.0,1.0,0.0,0.0,0.0,3,0,0
3275,50,16,34,7,5,5,33,21,0,0,4,12,16,0,0,0,0,0,0,0,0,0,0,1.0,1.0,1.0,0.0,0.0,0.0,3,0,0
3276,50,16,34,7,5,5,33,21,0,0,4,12,16,0,0,0,0,0,0,0,0,0,0,1.0,1.0,1.0,0.0,0.0,0.0,3,0,0
3277,50,16,34,7,5,5,33,21,0,0,3,12,16,0,0,0,0,0,0,0,0,0,0,1.0,1.0,1.0,0.0,0.0,0.0,3,0,0
3278,50,16,34,7,5,5,33,21,0,0,3,12,16,0,0,0,0,0,0,0,0,0,0,1.0,1.0,1.0,0.0,0.0,0.0,3,0,0
3279,50,16,34,7,5,5,33,21,0,0,3,12,16,0,0,0,0,0,0,0,0,0,0,1.0,1.0,1.0,0.0,0.0,0.0,3,0,0
3280,50,16,34,7,5,5,33,21,0,0,3,12,16,0,0,0,0,0,0,0,0,0,0,1.0,1.0,1.0,0.0,0.0,0.0,3,0,0
3281,50,16,34,7,5,5,33,21,0,0,3,12,16,0,0,0,0,0,0,0,0,0,0,1.0,1.0,1.0,0.0,0.0,0.0,3,0,0
3282,50,16,34,7,5,5,33,21,0,0,3,12,16,0,0,0,0,0,0,0,0,0,0,1.0,1.0,1.0,0.0,0.0,0.0,3,0,0
3283,50,16,34,7,5,5,33,21,0,0,3,12,16,0,0,0,0,0,0,0,0,0,0,1.0,1.0,1.0,0.0,0.0,0.0,3,0,0
3284,50,16,34,7,5,5,33,21,0,0,3,12,16,0,0,0,0,0,0,0,0,0,0,1.0,1.0,1.0,0.0,0.0,0.0,3,0,0
3285,50,16,34,6,6,5,33,21,0,0,3,12,16,0,0,0,0,0,0,0,0,0,0,1.0,1.0,1.0,0.0,0.0,0.0,3,0,0
3286,50,16,34,6,6,5,33,21,0,0,3,12,16,0,0,0,0,0,0,0,0,0,0,1.0,1.0,1.0,0.0,0.0,0.0,3,0,0
3287,50,16,34,6,6,5,33,21,0,0,2,12,16,0,0,0,0,0,0,0,0,0,0,1.0,1.0,1.0,0.0,0.0,0.0,3,0,0
3288,50,16,34,6,6,5,33,21,0,0,2,12,18,0,2,0,0,0,0,0,0,0,0,1.0,1.0,1.0,0.0,0.0,0.0,3,0,0
3289,50,16,34,6,6,5,33,21,0,0,2,12,18,0,0,0,0,0,0,0,0,0,0,1.0,1.0,1.0,0.0,0.0,0.0,3,0,0
3290,49,15,34,6,6,5,32,21,0,0,2,11,18,0,0,0,0,0,0,0,0,0,0,1.0,0.9166666666666666,1.0,0.0,0.0,0.0,3,0,1
3291,49,15,34,6,6,5,32,21,0,0,2,11,20,0,2,0,0,0,0,0,0,0,0,1.0,1.0,1.0,0.0,0.0,0.0,3,0,0
3292,49,15,34,6,6,5,32,21,0,0,2,11,20,0,0,0,0,0,0,0,0,0,0,1.0,1.0,1.0,0.0,0.0,0.0,3,0,0
3293,49,15,34,6,6,5,32,21,0,0,2,11,20,0,0,0,0,0,0,0,0,0,0,1.0,1.0,1.0,0.0,0.0,0.0,3,0,0
3294,49,15,34,3,9,5,32,21,0,0,2,11,20,0,0,0,0,0,0,0,0,0,0,1.0,1.0,1.0,0.0,0.0,0.0,3,0,0
3295,49,15,34,3,9,5,32,21,0,0,2,11,20,0,0,0,0,0,0,0,0,0,0,1.0,1.0,1.0,0.0,0.0,0.0,3,0,0
3296,49,15,34,3,9,5,32,21,0,0,1,11,20,0,0,0,0,0,0,0,0,0,0,1.0,1.0,1.0,0.0,0.0,0.0,3,0,0
3297,49,15,34,3,9,5,32,21,0,0,1,11,20,0,0,0,0,0,0,0,0,0,0,1.0,1.0,1.0,0.0,0.0,0.0,3,0,0
3298,49,15,34,0,12,5,32,21,0,0,1,11,20,0,0,0,0,0,0,0,0,0,0,1.0,1.0,1.0,0.0,0.0,0.0,3,0,0
3299,49,15,34,0,12,5,32,21,0,0,1,11,20,0,0,0,0,0,0,0,0,0,0,1.0,1.0,1.0,0.0,0.0,0.0,3,0,0
3300,49,15,34,0,12,5,32,21,0,0,0,11,20,0,0,0,0,0,0,0,0,0,0,1.0,1.0,1.0,0.0,0.0,0.0,3,0,0
3301,49,15,34,0,12,5,32,21,0,0,0,11,20,0,0,0,0,0,0,0,0,0,0,1.0,1.0,1.0,0.0,0.0,0.0,3,0,0
3302,49,15,34,0,12,5,32,21,0,0,0,11,20,0,0,0,0,0,0,0,0,0,0,1.0,1.0,1.0,0.0,0.0,0.0,3,0,0
3303,49,15,34,0,12,5,32,21,0,0,0,11,20,0,0,0,0,0,0,0,0,0,0,1.0,1.0,1.0,0.0,0.0,0.0,3,0,0
3304,49,15,34,0,12,5,32,21,0,0,0,11,20,0,0,0,0,0,0,0,0,0,0,1.0,1.0,1.0,0.0,0.0,0.0,3,0,0
3305,49,15,34,0,12,5,32,21,0,0,0,11,20,0,0,0,0,0,0,0,0,0,0,1.0,1.0,1.0,0.0,0.0,0.0,3,0,0
3306,49,15,34,0,12,5,32,21,0,0,0,11,20,0,0,0,0,0,0,0,0,0,0,1.0,1.0,1.0,0.0,0.0,0.0,3,0,0
3307,49,15,34,0,12,5,32,21,0,0,0,11,20,0,0,0,0,0,0,0,0,1,0,1.0,1.0,1.0,0.0,0.0,0.0,3,0,0
3308,49,15,34,0,12,5,32,21,0,0,0,11,20,0,0,0,0,0,0,0,0,0,0,1.0,1.0,1.0,0.0,0.0,0.0,3,0,0
3309,49,15,34,0,12,5,32,21,0,0,0,11,20,0,0,0,0,0,0,0,0,0,0,1.0,1.0,1.0,0.0,0.0,0.0,3,0,0
3310,49,15,34,0,12,5,32,21,0,0,0,11,20,0,0,0,0,0,0,0,0,0,0,1.0,1.0,1.0,0.0,0.0,0.0,3,0,0
3311,49,15,34,0,11,6,32,21,0,0,0,11,20,0,0,0,0,0,0,0,0,0,0,1.0,1.0,1.0,0.0,0.0,0.0,3,0,0
3312,48,15,33,0,10,6,32,21,0,0,0,11,20,0,0,0,0,0,0,0,1,0,1,0.9090909090909091,1.0,1.0,0.0,0.0,0.0,3,0,1
3313,48,15,33,0,10,6,32,21,0,0,0,11,20,0,0,0,0,0,0,0,0,0,0,1.0,1.0,1.0,0.0,0.0,0.0,3,0,0
3314,48,15,33,0,10,6,32,21,0,0,0,11,20,0,0,0,0,0,0,0,0,0,0,1.0,1.0,1.0,0.0,0.0,0.0,3,0,0
3315,48,15,33,0,10,6,32,21,0,0,0,11,20,0,0,0,0,0,0,0,0,0,0,1.0,1.0,1.0,0.0,0.0,0.0,3,0,0
3316,48,15,33,0,10,6,32,21,0,0,0,11,20,0,0,0,0,0,0,0,0,0,0,1.0,1.0,1.0,0.0,0.0,0.0,3,0,0
3317,48,15,33,0,10,6,32,21,0,0,0,11,20,0,0,0,0,0,0,0,0,0,0,1.0,1.0,1.0,0.0,0.0,0.0,3,0,0
3318,48,15,33,0,10,6,32,21,0,0,0,11,20,0,0,0,0,0,0,0,0,0,0,1.0,1.0,1.0,0.0,0.0,0.0,3,0,0
3319,48,15,33,0,10,6,32,21,0,0,0,11,20,0,0,0,0,0,0,0,0,0,0,1.0,1.0,1.0,0.0,0.0,0.0,3,0,0
3320,48,15,33,0,10,6,32,21,0,0,0,11,20,0,0,0,0,0,0,0,0,0,0,1.0,1.0,1.0,0.0,0.0,0.0,3,0,0
3321,48,15,33,0,10,6,32,21,0,0,0,11,20,0,0,0,0,0,0,0,0,0,0,1.0,1.0,1.0,0.0,0.0,0.0,3,0,0
3322,48,15,33,0,10,6,32,21,0,0,0,11,20,0,0,0,0,0,0,0,0,0,0,1.0,1.0,1.0,0.0,0.0,0.0,3,0,0
3323,48,15,33,0,10,6,32,21,0,0,0,11,20,0,0,0,0,0,0,0,0,0,0,1.0,1.0,1.0,0.0,0.0,0.0,3,0,0
3324,48,15,33,0,10,6,32,21,0,0,0,11,20,0,0,0,0,0,0,0,0,0,0,1.0,1.0,1.0,0.0,0.0,0.0,3,0,0
3325,48,15,33,0,10,6,32,21,0,0,0,11,20,0,0,0,0,0,0,0,0,0,0,1.0,1.0,1.0,0.0,0.0,0.0,3,0,0
3326,48,15,33,0,10,6,32,21,0,0,0,11,20,0,0,0,0,0,0,0,0,0,0,1.0,1.0,1.0,0.0,0.0,0.0,3,0,0
3327,48,15,33,0,10,6,32,21,0,0,0,11,20,0,0,0,0,0,0,0,0,0,0,1.0,1.0,1.0,0.0,0.0,0.0,3,0,0
3328,48,15,33,0,10,6,32,21,0,0,0,11,20,0,0,0,0,0,0,0,0,0,0,1.0,1.0,1.0,0.0,0.0,0.0,3,0,0
3329,48,15,33,0,10,6,32,21,0,0,0,11,20,0,0,0,0,0,0,0,0,0,0,1.0,1.0,1.0,0.0,0.0,0.0,3,0,0
3330,48,15,33,0,10,6,32,21,0,0,0,11,20,0,0,0,0,0,0,0,0,0,0,1.0,1.0,1.0,0.0,0.0,0.0,3,0,0
3331,48,15,33,0,10,6,32,21,0,0,0,11,20,0,0,0,0,0,0,0,0,0,0,1.0,1.0,1.0,0.0,0.0,0.0,3,0,0
3332,47,15,32,0,10,6,31,20,0,0,0,11,19,0,0,0,0,0,0,0,0,0,0,1.0,1.0,0.9523809523809523,0.0,0.0,0.0,3,0,1
3333,47,15,32,0,10,6,31,20,0,0,0,11,19,0,0,0,0,0,0,0,0,0,0,1.0,1.0,1.0,0.0,0.0,0.0,3,0,0
3334,47,15,32,0,10,6,31,20,0,0,0,11,19,0,0,0,0,0,0,0,0,0,0,1.0,1.0,1.0,0.0,0.0,0.0,3,0,0
3335,47,15,32,0,10,6,31,20,0,0,0,11,19,0,0,0,0,0,0,0,0,0,0,1.0,1.0,1.0,0.0,0.0,0.0,3,0,0
3336,47,15,32,0,10,6,31,20,0,0,0,11,19,0,0,0,0,0,0,0,0,0,0,1.0,1.0,1.0,0.0,0.0,0.0,3,0,0
3337,47,15,32,0,10,6,31,20,0,0,0,11,19,0,0,0,0,0,0,0,0,0,0,1.0,1.0,1.0,0.0,0.0,0.0,3,0,0
3338,47,15,32,0,10,6,31,20,0,0,0,11,19,0,0,0,0,0,0,0,0,0,0,1.0,1.0,1.0,0.0,0.0,0.0,3,0,0
3339,47,15,32,0,10,6,31,20,0,0,0,11,19,0,0,0,0,0,0,0,0,0,0,1.0,1.0,1.0,0.0,0.0,0.0,3,0,0
3340,47,15,32,0,10,6,31,20,0,0,0,11,19,0,0,0,0,0,0,0,0,0,0,1.0,1.0,1.0,0.0,0.0,0.0,3,0,0
3341,47,15,32,0,10,6,31,20,0,0,0,11,19,0,0,0,0,0,0,0,0,0,0,1.0,1.0,1.0,0.0,0.0,0.0,3,0,0
3342,47,15,32,0,10,6,31,20,0,0,0,11,19,0,0,0,0,0,0,0,0,0,0,1.0,1.0,1.0,0.0,0.0,0.0,3,0,0
3343,47,15,32,0,10,6,31,20,0,0,0,11,19,0,0,0,0,0,0,0,0,0,0,1.0,1.0,1.0,0.0,0.0,0.0,3,0,0
3344,47,15,32,0,10,6,31,20,0,0,0,11,19,0,0,0,0,0,0,0,0,0,0,1.0,1.0,1.0,0.0,0.0,0.0,3,0,0
3345,47,15,32,0,10,6,31,20,0,0,0,11,19,0,0,0,0,0,0,0,0,0,0,1.0,1.0,1.0,0.0,0.0,0.0,3,0,0
3346,46,15,31,0,9,5,32,21,0,0,0,11,19,0,0,0,0,0,0,0,1,0,1,0.9,1.0,1.0,0.0,0.0,0.0,3,0,1
3347,46,15,31,0,9,5,32,21,0,0,0,11,19,0,0,0,0,0,0,0,0,0,0,1.0,1.0,1.0,0.0,0.0,0.0,3,0,0
3348,46,15,31,0,9,5,32,21,0,0,0,11,19,0,0,0,0,0,0,0,0,0,0,1.0,1.0,1.0,0.0,0.0,0.0,3,0,0
3349,46,15,31,0,9,5,32,21,0,0,0,11,19,0,0,0,0,0,0,0,0,0,0,1.0,1.0,1.0,0.0,0.0,0.0,3,0,0
3350,46,15,31,0,9,5,32,21,0,0,0,11,19,0,0,0,0,0,0,0,0,0,0,1.0,1.0,1.0,0.0,0.0,0.0,3,0,0
3351,46,15,31,0,9,5,32,21,0,0,0,11,19,0,0,0,0,0,0,0,0,0,0,1.0,1.0,1.0,0.0,0.0,0.0,3,0,0
3352,46,15,31,0,9,5,32,21,0,0,0,11,19,0,0,0,0,0,0,0,0,0,0,1.0,1.0,1.0,0.0,0.0,0.0,3,0,0
3353,46,15,31,0,9,5,32,21,0,0,0,11,19,0,0,0,0,0,0,0,0,1,0,1.0,1.0,1.0,0.0,0.0,0.0,3,0,0
3354,46,15,31,0,9,5,32,21,0,0,0,11,19,0,0,0,0,0,0,0,0,0,0,1.0,1.0,1.0,0.0,0.0,0.0,3,0,0
3355,46,15,31,0,9,5,32,21,0,0,0,11,19,0,0,0,0,0,0,0,0,0,0,1.0,1.0,1.0,0.0,0.0,0.0,3,0,0
3356,46,15,31,0,9,5,32,21,0,0,0,11,19,0,0,0,0,0,0,0,0,0,0,1.0,1.0,1.0,0.0,0.0,0.0,3,0,0
3357,45,14,31,0,7,6,32,21,0,0,0,11,19,0,0,0,0,0,0,0,1,0,1,0.875,1.0,1.0,0.0,0.0,0.0,3,0,1
3358,45,14,31,0,7,6,32,21,0,0,0,11,19,0,0,0,0,0,0,0,0,1,0,1.0,1.0,1.0,0.0,0.0,0.0,3,0,0
3359,43,14,29,0,6,6,31,20,0,0,0,11,18,0,0,0,0,0,0,0,1,0,1,0.8571428571428572,1.0,0.9523809523809523,0.0,0.0,0.0,3,0,2
3360,43,14,29,0,6,6,31,20,0,0,0,11,18,0,0,0,0,0,0,0,0,0,0,1.0,1.0,1.0,0.0,0.0,0.0,3,0,0
3361,43,14,29,0,6,6,31,20,0,0,0,11,18,0,0,0,0,0,0,0,0,0,0,1.0,1.0,1.0,0.0,0.0,0.0,3,0,0
3362,43,14,29,0,5,7,31,20,0,0,0,11,18,0,0,0,0,0,0,0,0,0,0,1.0,1.0,1.0,0.0,0.0,0.0,3,0,0
3363,43,14,29,0,5,7,31,20,0,0,0,11,18,0,0,0,0,0,0,0,0,0,0,1.0,1.0,1.0,0.0,0.0,0.0,3,0,0
3364,43,14,29,0,5,7,31,20,0,0,0,11,18,0,0,0,0,0,0,0,0,0,0,1.0,1.0,1.0,0.0,0.0,0.0,3,0,0
3365,43,14,29,0,5,7,31,20,0,0,0,11,18,0,0,0,0,0,0,0,0,0,0,1.0,1.0,1.0,0.0,0.0,0.0,3,0,0
3366,42,14,28,0,5,6,31,20,0,0,0,11,17,0,0,0,0,0,0,0,0,0,0,1.0,1.0,1.0,0.0,0.0,0.0,3,0,1
3367,42,14,28,0,5,6,31,20,0,0,0,11,17,0,0,0,0,0,0,0,0,0,0,1.0,1.0,1.0,0.0,0.0,0.0,3,0,0
3368,42,14,28,0,5,6,31,20,0,0,0,11,17,0,0,0,0,0,0,0,0,0,0,1.0,1.0,1.0,0.0,0.0,0.0,3,0,0
3369,42,14,28,0,5,6,31,20,0,0,0,11,17,0,0,0,0,0,0,0,0,0,0,1.0,1.0,1.0,0.0,0.0,0.0,3,0,0
3370,42,14,28,0,5,6,31,20,0,0,0,11,17,0,0,0,0,0,0,0,0,0,0,1.0,1.0,1.0,0.0,0.0,0.0,3,0,0
3371,42,14,28,0,5,6,31,20,0,0,0,11,17,0,0,0,0,0,0,0,0,0,0,1.0,1.0,1.0,0.0,0.0,0.0,3,0,0
3372,42,14,28,0,5,6,31,20,0,0,0,11,17,0,0,0,0,0,0,0,0,0,0,1.0,1.0,1.0,0.0,0.0,0.0,3,0,0
3373,42,14,28,0,5,6,31,20,0,0,0,11,17,0,0,0,0,0,0,0,0,0,0,1.0,1.0,1.0,0.0,0.0,0.0,3,0,0
3374,42,14,28,0,5,6,31,20,0,0,0,11,17,0,0,0,0,0,0,0,0,0,0,1.0,1.0,1.0,0.0,0.0,0.0,3,0,0
3375,42,14,28,0,5,6,31,20,0,0,0,11,17,0,0,0,0,0,0,0,0,0,0,1.0,1.0,1.0,0.0,0.0,0.0,3,0,0
3376,42,14,28,0,5,6,31,20,0,0,0,11,17,0,0,0,0,0,0,0,0,0,0,1.0,1.0,1.0,0.0,0.0,0.0,3,0,0
3377,42,14,28,0,5,6,31,20,0,0,0,12,17,1,0,0,0,0,0,0,0,0,0,1.0,1.0,1.0,0.0,0.0,0.0,3,0,0
3378,41,14,27,0,5,6,30,19,0,0,0,12,17,0,0,0,0,0,0,0,0,0,0,1.0,1.0,0.95,0.0,0.0,0.0,3,0,1
3379,41,14,27,0,5,6,30,19,0,0,0,12,17,0,0,0,0,0,0,0,0,0,0,1.0,1.0,1.0,0.0,0.0,0.0,3,0,0
3380,41,14,27,0,5,6,30,19,0,0,0,12,17,0,0,0,0,0,0,0,0,0,0,1.0,1.0,1.0,0.0,0.0,0.0,3,0,0
3381,41,14,27,0,5,6,30,19,0,0,0,12,18,0,1,0,0,0,0,0,0,0,0,1.0,1.0,1.0,0.0,0.0,0.0,3,0,0
3382,41,14,27,0,5,6,30,19,0,0,0,12,19,0,1,0,0,0,0,0,0,0,0,1.0,1.0,1.0,0.0,0.0,0.0,3,0,0
3383,41,14,27,0,5,6,30,19,0,0,0,12,19,0,0,0,0,0,0,0,0,0,0,1.0,1.0,1.0,0.0,0.0,0.0,3,0,0
3384,41,14,27,0,5,6,30,19,0,0,0,12,19,0,0,0,0,0,0,0,0,0,0,1.0,1.0,1.0,0.0,0.0,0.0,3,0,0
3385,41,14,27,0,5,6,30,19,0,0,0,12,19,0,0,0,0,0,0,0,0,0,0,1.0,1.0,1.0,0.0,0.0,0.0,3,0,0
3386,41,14,27,0,5,6,30,19,0,0,0,12,19,0,0,0,0,0,0,0,0,0,0,1.0,1.0,1.0,0.0,0.0,0.0,3,0,0
3387,41,14,27,0,5,6,30,19,0,0,0,12,19,0,0,0,0,0,0,0,0,0,0,1.0,1.0,1.0,0.0,0.0,0.0,3,0,0
3388,41,14,27,0,5,6,30,19,0,0,0,12,19,0,0,0,0,0,0,0,0,0,0,1.0,1.0,1.0,0.0,0.0,0.0,3,0,0
3389,41,14,27,0,5,6,30,19,0,0,0,12,19,0,0,0,0,0,0,0,0,0,0,1.0,1.0,1.0,0.0,0.0,0.0,3,0,0
3390,41,14,27,0,5,6,30,19,0,0,0,12,19,0,0,0,0,0,0,0,0,0,0,1.0,1.0,1.0,0.0,0.0,0.0,3,0,0
3391,41,14,27,0,5,6,30,19,0,0,0,12,19,0,0,0,0,0,0,0,0,0,0,1.0,1.0,1.0,0.0,0.0,0.0,3,0,0
3392,40,14,26,0,5,5,30,19,0,0,0,12,18,0,0,0,0,0,0,0,0,0,0,1.0,1.0,1.0,0.0,0.0,0.0,3,0,1
3393,40,14,26,0,5,5,30,19,0,0,0,12,18,0,0,0,0,0,0,0,0,0,0,1.0,1.0,1.0,0.0,0.0,0.0,3,0,0
3394,40,14,26,0,5,5,30,19,0,0,0,12,18,0,0,0,0,0,0,0,0,0,0,1.0,1.0,1.0,0.0,0.0,0.0,3,0,0
3395,40,14,26,0,5,5,30,19,0,0,0,12,18,0,0,0,0,0,0,0,0,0,0,1.0,1.0,1.0,0.0,0.0,0.0,3,0,0
3396,40,14,26,0,5,5,30,19,0,0,0,12,18,0,0,0,0,0,0,0,0,0,0,1.0,1.0,1.0,0.0,0.0,0.0,3,0,0
3397,40,14,26,0,5,5,30,19,0,0,0,12,18,0,0,0,0,0,0,0,0,0,0,1.0,1.0,1.0,0.0,0.0,0.0,3,0,0
3398,40,14,26,0,5,5,30,19,0,0,0,12,18,0,0,0,0,0,0,0,0,0,0,1.0,1.0,1.0,0.0,0.0,0.0,3,0,0
3399,40,14,26,0,5,5,30,19,0,0,0,12,18,0,0,0,0,0,0,0,0,0,0,1.0,1.0,1.0,0.0,0.0,0.0,3,0,0
3400,40,14,26,0,5,5,30,19,0,0,0,12,18,0,0,0,0,0,0,0,0,0,0,1.0,1.0,1.0,0.0,0.0,0.0,3,0,0
3401,40,14,26,0,5,5,30,19,0,0,0,12,18,0,0,0,0,0,0,0,0,0,0,1.0,1.0,1.0,0.0,0.0,0.0,3,0,0
3402,40,14,26,0,5,5,30,19,0,0,0,12,18,0,0,0,0,0,0,0,0,0,0,1.0,1.0,1.0,0.0,0.0,0.0,3,0,0
3403,40,14,26,0,5,5,30,19,0,0,0,12,18,0,0,0,0,0,0,0,0,0,0,1.0,1.0,1.0,0.0,0.0,0.0,3,0,0
3404,40,14,26,0,5,5,30,19,0,0,0,12,18,0,0,0,0,0,0,0,0,0,0,1.0,1.0,1.0,0.0,0.0,0.0,3,0,0
3405,40,14,26,0,5,5,30,19,0,0,0,12,18,0,0,0,0,0,0,0,0,0,0,1.0,1.0,1.0,0.0,0.0,0.0,3,0,0
3406,40,14,26,0,5,5,30,19,0,0,0,12,18,0,0,0,0,0,0,0,0,0,0,1.0,1.0,1.0,0.0,0.0,0.0,3,0,0
3407,40,14,26,0,5,5,30,19,0,0,0,12,18,0,0,0,0,0,0,0,0,0,0,1.0,1.0,1.0,0.0,0.0,0.0,3,0,0
3408,40,14,26,0,5,4,31,20,0,0,0,12,18,0,0,0,0,0,0,0,0,0,0,1.0,1.0,1.0,0.0,0.0,0.0,3,0,0
3409,40,14,26,0,5,4,31,20,0,0,0,12,18,0,0,0,0,0,0,0,0,0,0,1.0,1.0,1.0,0.0,0.0,0.0,3,0,0
3410,40,14,26,0,5,4,31,20,0,0,0,12,18,0,0,0,0,0,0,0,0,0,0,1.0,1.0,1.0,0.0,0.0,0.0,3,0,0
3411,40,14,26,0,5,4,31,20,0,0,0,12,18,0,0,0,0,0,0,0,0,0,0,1.0,1.0,1.0,0.0,0.0,0.0,3,0,0
3412,40,14,26,0,5,4,31,20,0,0,0,12,18,0,0,0,0,0,0,0,0,2,0,1.0,1.0,1.0,0.0,0.0,0.0,3,0,0
3413,40,14,26,0,5,4,31,20,0,0,0,12,18,0,0,0,0,0,0,0,0,0,0,1.0,1.0,1.0,0.0,0.0,0.0,3,0,0
3414,40,14,26,0,5,4,31,20,0,0,0,12,18,0,0,0,0,0,0,0,0,0,0,1.0,1.0,1.0,0.0,0.0,0.0,3,0,0
3415,40,14,26,0,5,4,31,20,0,0,0,12,18,0,0,0,0,0,0,0,0,0,0,1.0,1.0,1.0,0.0,0.0,0.0,3,0,0
3416,40,14,26,0,3,6,31,20,0,0,0,12,18,0,0,0,0,0,0,0,0,0,0,1.0,1.0,1.0,0.0,0.0,0.0,3,0,0
3417,40,14,26,0,3,6,31,20,0,0,0,12,18,0,0,0,0,0,0,0,0,0,0,1.0,1.0,1.0,0.0,0.0,0.0,3,0,0
3418,40,14,26,0,3,6,31,20,0,0,0,12,18,0,0,0,0,0,0,0,0,0,0,1.0,1.0,1.0,0.0,0.0,0.0,3,0,0
3419,40,14,26,0,3,6,31,20,0,0,0,12,18,0,0,0,0,0,0,0,0,0,0,1.0,1.0,1.0,0.0,0.0,0.0,3,0,0
3420,40,14,26,0,3,6,31,20,0,0,0,12,18,0,0,0,0,0,0,0,0,0,0,1.0,1.0,1.0,0.0,0.0,0.0,3,0,0
3421,40,14,26,0,3,6,31,20,0,0,0,12,18,0,0,0,0,0,0,0,0,0,0,1.0,1.0,1.0,0.0,0.0,0.0,3,0,0
3422,40,14,26,0,3,6,31,20,0,0,0,12,18,0,0,0,0,0,0,0,0,0,0,1.0,1.0,1.0,0.0,0.0,0.0,3,0,0
3423,40,14,26,0,3,6,31,20,0,0,0,12,18,0,0,0,0,0,0,0,0,0,0,1.0,1.0,1.0,0.0,0.0,0.0,3,0,0
3424,40,14,26,0,3,6,31,20,0,0,0,12,18,0,0,0,0,0,0,0,0,0,0,1.0,1.0,1.0,0.0,0.0,0.0,3,0,0
3425,40,14,26,0,3,6,31,20,0,0,0,12,18,0,0,0,0,0,0,0,0,0,0,1.0,1.0,1.0,0.0,0.0,0.0,3,0,0
3426,40,14,26,0,3,6,31,20,0,0,0,12,18,0,0,0,0,0,0,0,0,0,0,1.0,1.0,1.0,0.0,0.0,0.0,3,0,0
3427,40,14,26,0,3,6,31,20,0,0,0,12,18,0,0,0,0,0,0,0,0,0,0,1.0,1.0,1.0,0.0,0.0,0.0,3,0,0
3428,40,14,26,0,3,6,31,20,0,0,0,12,18,0,0,0,0,0,0,0,0,0,0,1.0,1.0,1.0,0.0,0.0,0.0,3,0,0
3429,40,14,26,0,3,6,31,20,0,0,0,12,18,0,0,0,0,0,0,0,0,0,0,1.0,1.0,1.0,0.0,0.0,0.0,3,0,0
3430,40,14,26,0,3,6,31,20,0,0,0,12,18,0,0,0,0,0,0,0,0,0,0,1.0,1.0,1.0,0.0,0.0,0.0,3,0,0
3431,40,14,26,0,3,6,31,20,0,0,0,12,18,0,0,0,0,0,0,0,0,2,0,1.0,1.0,1.0,0.0,0.0,0.0,3,0,0
3432,40,14,26,0,3,6,31,20,0,0,0,12,18,0,0,0,0,0,0,0,0,0,0,1.0,1.0,1.0,0.0,0.0,0.0,3,0,0
3433,40,14,26,0,3,6,31,20,0,0,0,12,18,0,0,0,0,0,0,0,0,0,0,1.0,1.0,1.0,0.0,0.0,0.0,3,0,0
3434,40,14,26,0,3,6,31,20,0,0,0,12,18,0,0,0,0,0,0,0,0,0,0,1.0,1.0,1.0,0.0,0.0,0.0,3,0,0
3435,40,14,26,0,1,8,31,20,0,0,0,12,18,0,0,0,0,0,0,0,0,1,0,1.0,1.0,1.0,0.0,0.0,0.0,3,0,0
3436,40,14,26,0,1,8,31,20,0,0,0,12,18,0,0,0,0,0,0,0,0,0,0,1.0,1.0,1.0,0.0,0.0,0.0,3,0,0
3437,40,14,26,0,1,8,31,20,0,0,0,12,18,0,0,0,0,0,0,0,0,0,0,1.0,1.0,1.0,0.0,0.0,0.0,3,0,0
3438,40,14,26,0,1,8,31,20,0,0,0,12,18,0,0,0,0,0,0,0,0,0,0,1.0,1.0,1.0,0.0,0.0,0.0,3,0,0
3439,40,14,26,0,0,9,31,20,0,0,0,12,18,0,0,0,0,0,0,0,0,0,0,1.0,1.0,1.0,0.0,0.0,0.0,3,0,0
3440,40,14,26,0,0,9,31,20,0,0,0,12,18,0,0,0,0,0,0,0,0,0,0,1.0,1.0,1.0,0.0,0.0,0.0,3,0,0
3441,40,14,26,0,0,9,31,20,0,0,0,12,18,0,0,0,0,0,0,0,0,0,0,1.0,1.0,1.0,0.0,0.0,0.0,3,0,0
3442,40,14,26,0,0,9,31,20,0,0,0,12,18,0,0,0,0,0,0,0,0,0,0,1.0,1.0,1.0,0.0,0.0,0.0,3,0,0
3443,40,14,26,0,0,9,31,20,0,0,0,12,18,0,0,0,0,0,0,0,0,0,0,1.0,1.0,1.0,0.0,0.0,0.0,3,0,0
3444,40,14,26,0,0,9,31,20,0,0,0,12,18,0,0,0,0,0,0,0,0,0,0,1.0,1.0,1.0,0.0,0.0,0.0,3,0,0
3445,40,14,26,0,0,9,31,20,0,0,0,12,18,0,0,0,0,0,0,0,0,0,0,1.0,1.0,1.0,0.0,0.0,0.0,3,0,0
3446,40,14,26,0,0,8,32,20,0,0,0,12,18,0,0,0,0,0,0,0,0,0,0,1.0,1.0,1.0,0.0,0.0,0.0,3,0,0
3447,40,14,26,0,0,8,32,20,0,0,0,12,18,0,0,0,0,0,0,0,0,0,0,1.0,1.0,1.0,0.0,0.0,0.0,3,0,0
3448,40,14,26,0,0,8,32,20,0,0,0,12,18,0,0,0,0,0,0,0,0,0,0,1.0,1.0,1.0,0.0,0.0,0.0,3,0,0
3449,40,14,26,0,0,8,32,20,0,0,0,12,18,0,0,0,0,0,0,0,0,0,0,1.0,1.0,1.0,0.0,0.0,0.0,3,0,0
3450,40,14,26,0,0,8,32,20,0,0,0,12,18,0,0,0,0,0,0,0,0,0,0,1.0,1.0,1.0,0.0,0.0,0.0,3,0,0
3451,40,14,26,0,0,8,32,20,0,0,0,12,18,0,0,0,0,0,0,0,0,0,0,1.0,1.0,1.0,0.0,0.0,0.0,3,0,0
3452,40,14,26,0,0,8,32,20,0,0,0,12,18,0,0,0,0,0,0,0,0,0,0,1.0,1.0,1.0,0.0,0.0,0.0,3,0,0
3453,40,14,26,0,0,8,32,20,0,0,0,12,18,0,0,0,0,0,0,0,0,0,0,1.0,1.0,1.0,0.0,0.0,0.0,3,0,0
3454,40,14,26,0,0,8,32,20,0,0,0,12,18,0,0,0,0,0,0,0,0,0,0,1.0,1.0,1.0,0.0,0.0,0.0,3,0,0
3455,40,14,26,0,0,8,32,20,0,0,0,12,18,0,0,0,0,0,0,0,0,0,0,1.0,1.0,1.0,0.0,0.0,0.0,3,0,0
3456,40,14,26,0,0,8,32,20,0,0,0,12,18,0,0,0,0,0,0,0,0,0,0,1.0,1.0,1.0,0.0,0.0,0.0,3,0,0
3457,40,14,26,0,0,7,33,21,0,0,0,12,18,0,0,0,0,0,0,0,0,0,0,1.0,1.0,1.0,0.0,0.0,0.0,3,0,0
3458,40,14,26,0,0,7,33,21,0,0,0,12,18,0,0,0,0,0,0,0,0,0,0,1.0,1.0,1.0,0.0,0.0,0.0,3,0,0
3459,40,14,26,0,0,7,33,21,0,0,0,12,18,0,0,0,0,0,0,0,0,0,0,1.0,1.0,1.0,0.0,0.0,0.0,3,0,0
3460,40,14,26,0,0,7,33,21,0,0,0,12,18,0,0,0,0,0,0,0,0,0,0,1.0,1.0,1.0,0.0,0.0,0.0,3,0,0
3461,40,14,26,0,0,7,33,21,0,0,0,12,18,0,0,0,0,0,0,0,0,0,0,1.0,1.0,1.0,0.0,0.0,0.0,3,0,0
3462,40,14,26,0,0,7,33,21,0,0,0,12,18,0,0,0,0,0,0,0,0,0,0,1.0,1.0,1.0,0.0,0.0,0.0,3,0,0
3463,40,14,26,0,0,7,33,21,0,0,0,12,18,0,0,0,0,0,0,0,0,0,0,1.0,1.0,1.0,0.0,0.0,0.0,3,0,0
3464,40,14,26,0,0,7,33,21,0,0,0,12,18,0,0,0,0,0,0,0,0,0,0,1.0,1.0,1.0,0.0,0.0,0.0,3,0,0
3465,40,14,26,0,0,7,33,21,0,0,0,12,18,0,0,0,0,0,0,0,0,0,0,1.0,1.0,1.0,0.0,0.0,0.0,3,0,0
3466,40,14,26,0,0,7,33,21,0,0,0,12,18,0,0,0,0,0,0,0,0,0,0,1.0,1.0,1.0,0.0,0.0,0.0,3,0,0
3467,40,14,26,0,0,7,33,21,0,0,0,12,18,0,0,0,0,0,0,0,0,0,0,1.0,1.0,1.0,0.0,0.0,0.0,3,0,0
3468,40,14,26,0,0,7,33,21,0,0,0,12,18,0,0,0,0,0,0,0,0,0,0,1.0,1.0,1.0,0.0,0.0,0.0,3,0,0
3469,40,14,26,0,0,7,33,21,0,0,0,12,18,0,0,0,0,0,0,0,0,0,0,1.0,1.0,1.0,0.0,0.0,0.0,3,0,0
3470,40,14,26,0,0,7,33,21,0,0,0,12,18,0,0,0,0,0,0,0,0,0,0,1.0,1.0,1.0,0.0,0.0,0.0,3,0,0
3471,40,14,26,0,0,7,33,21,0,0,0,12,18,0,0,0,0,0,0,0,0,0,0,1.0,1.0,1.0,0.0,0.0,0.0,3,0,0
3472,40,14,26,0,0,7,33,21,0,0,0,12,18,0,0,0,0,0,0,0,0,0,0,1.0,1.0,1.0,0.0,0.0,0.0,3,0,0
3473,40,14,26,0,0,7,33,21,0,0,0,12,18,0,0,0,0,0,0,0,0,0,0,1.0,1.0,1.0,0.0,0.0,0.0,3,0,0
3474,40,14,26,0,0,7,33,21,0,0,0,12,19,0,1,0,0,0,0,0,0,0,0,1.0,1.0,1.0,0.0,0.0,0.0,3,0,0
3475,40,14,26,0,0,7,33,21,0,0,0,12,19,0,0,0,0,0,0,0,0,0,0,1.0,1.0,1.0,0.0,0.0,0.0,3,0,0
3476,40,14,26,0,0,7,33,21,0,0,0,12,19,0,0,0,0,0,0,0,0,0,0,1.0,1.0,1.0,0.0,0.0,0.0,3,0,0
3477,40,14,26,0,0,7,33,21,0,0,0,12,19,0,0,0,0,0,0,0,0,0,0,1.0,1.0,1.0,0.0,0.0,0.0,3,0,0
3478,40,14,26,0,0,7,33,21,0,0,0,12,19,0,0,0,0,0,0,0,0,0,0,1.0,1.0,1.0,0.0,0.0,0.0,3,0,0
3479,40,14,26,0,0,7,33,21,0,0,0,12,19,0,0,0,0,0,0,0,0,0,0,1.0,1.0,1.0,0.0,0.0,0.0,3,0,0
3480,40,14,26,0,0,7,33,21,0,0,0,12,19,0,0,0,0,0,0,0,0,0,0,1.0,1.0,1.0,0.0,0.0,0.0,3,0,0
3481,40,14,26,0,0,7,33,21,0,0,0,12,19,0,0,0,0,0,0,0,0,0,0,1.0,1.0,1.0,0.0,0.0,0.0,3,0,0
3482,40,14,26,0,0,7,33,21,0,0,0,12,19,0,0,0,0,0,0,0,0,0,0,1.0,1.0,1.0,0.0,0.0,0.0,3,0,0
3483,40,14,26,0,0,7,33,21,0,0,0,12,19,0,0,0,0,0,0,0,0,0,0,1.0,1.0,1.0,0.0,0.0,0.0,3,0,0
3484,40,14,26,0,0,7,33,21,0,0,0,12,19,0,0,0,0,0,0,0,0,0,0,1.0,1.0,1.0,0.0,0.0,0.0,3,0,0
3485,40,14,26,0,0,7,33,21,0,0,0,12,19,0,0,0,0,0,0,0,0,0,0,1.0,1.0,1.0,0.0,0.0,0.0,3,0,0
3486,40,14,26,0,0,7,33,21,0,0,0,12,19,0,0,0,0,0,0,0,0,0,0,1.0,1.0,1.0,0.0,0.0,0.0,3,0,0
3487,40,14,26,0,0,7,33,21,0,0,0,12,19,0,0,0,0,0,0,0,0,0,0,1.0,1.0,1.0,0.0,0.0,0.0,3,0,0
3488,40,14,26,0,0,7,33,21,0,0,0,12,19,0,0,0,0,0,0,0,0,0,0,1.0,1.0,1.0,0.0,0.0,0.0,3,0,0
3489,40,14,26,0,0,7,33,21,0,0,0,12,19,0,0,0,0,0,0,0,0,0,0,1.0,1.0,1.0,0.0,0.0,0.0,3,0,0
3490,40,14,26,0,0,7,33,21,0,0,0,12,19,0,0,0,0,0,0,0,0,0,0,1.0,1.0,1.0,0.0,0.0,0.0,3,0,0
3491,40,14,26,0,0,6,34,22,0,0,0,12,19,0,0,0,0,0,0,0,0,0,0,1.0,1.0,1.0,0.0,0.0,0.0,3,0,0
3492,40,14,26,0,0,6,34,22,0,0,0,12,19,0,0,0,0,0,0,0,0,0,0,1.0,1.0,1.0,0.0,0.0,0.0,3,0,0
3493,40,14,26,0,0,6,34,22,0,0,0,12,19,0,0,0,0,0,0,0,0,0,0,1.0,1.0,1.0,0.0,0.0,0.0,3,0,0
3494,40,14,26,0,0,6,34,22,0,0,0,12,19,0,0,0,0,0,0,0,0,0,0,1.0,1.0,1.0,0.0,0.0,0.0,3,0,0
3495,40,14,26,0,0,6,34,22,0,0,0,12,19,0,0,0,0,0,0,0,0,0,0,1.0,1.0,1.0,0.0,0.0,0.0,3,0,0
3496,40,14,26,0,0,6,34,22,0,0,0,12,19,0,0,0,0,0,0,0,0,0,0,1.0,1.0,1.0,0.0,0.0,0.0,3,0,0
3497,40,14,26,0,0,6,34,22,0,0,0,12,19,0,0,0,0,0,0,0,0,0,0,1.0,1.0,1.0,0.0,0.0,0.0,3,0,0
3498,40,14,26,0,0,6,34,22,0,0,0,12,19,0,0,0,0,0,0,0,0,0,0,1.0,1.0,1.0,0.0,0.0,0.0,3,0,0
3499,40,14,26,0,0,6,34,22,0,0,0,12,19,0,0,0,0,0,0,0,0,0,0,1.0,1.0,1.0,0.0,0.0,0.0,3,0,0
3500,40,14,26,0,0,6,34,22,0,0,0,12,19,0,0,0,0,0,0,0,0,0,0,1.0,1.0,1.0,0.0,0.0,0.0,3,0,0
3501,40,14,26,0,0,6,34,22,0,0,0,12,19,0,0,0,0,0,0,0,0,0,0,1.0,1.0,1.0,0.0,0.0,0.0,3,0,0
3502,40,14,26,0,0,6,34,22,0,0,0,12,19,0,0,0,0,0,0,0,0,0,0,1.0,1.0,1.0,0.0,0.0,0.0,3,0,0
3503,40,14,26,0,0,6,34,22,0,0,0,12,19,0,0,0,0,0,0,0,0,0,0,1.0,1.0,1.0,0.0,0.0,0.0,3,0,0
3504,39,14,25,0,0,6,33,21,0,0,0,12,18,0,0,0,0,0,0,0,0,0,0,1.0,1.0,0.9545454545454546,0.0,0.0,0.0,3,0,1
3505,39,14,25,0,0,5,34,22,0,0,0,12,18,0,0,0,0,0,0,0,0,0,0,1.0,1.0,1.0,0.0,0.0,0.0,3,0,0
3506,39,14,25,0,0,5,34,22,0,0,0,12,18,0,0,0,0,0,0,0,0,0,0,1.0,1.0,1.0,0.0,0.0,0.0,3,0,0
3507,39,14,25,0,0,5,34,22,0,0,0,12,18,0,0,0,0,0,0,0,0,0,0,1.0,1.0,1.0,0.0,0.0,0.0,3,0,0
3508,39,14,25,0,0,5,34,22,0,0,0,12,18,0,0,0,0,0,0,0,0,0,0,1.0,1.0,1.0,0.0,0.0,0.0,3,0,0
3509,39,14,25,0,0,5,34,22,0,0,0,12,18,0,0,0,0,0,0,0,0,0,0,1.0,1.0,1.0,0.0,0.0,0.0,3,0,0
3510,39,14,25,0,0,5,34,22,0,0,0,12,18,0,0,0,0,0,0,0,0,0,0,1.0,1.0,1.0,0.0,0.0,0.0,3,0,0
3511,39,14,25,0,0,5,34,22,0,0,0,12,18,0,0,0,0,0,0,0,0,0,0,1.0,1.0,1.0,0.0,0.0,0.0,3,0,0
3512,39,14,25,0,0,5,34,22,0,0,0,12,18,0,0,0,0,0,0,0,0,0,0,1.0,1.0,1.0,0.0,0.0,0.0,3,0,0
3513,39,14,25,0,0,5,34,22,0,0,0,12,18,0,0,0,0,0,0,0,0,0,0,1.0,1.0,1.0,0.0,0.0,0.0,3,0,0
3514,39,14,25,0,0,5,34,22,0,0,0,12,18,0,0,0,0,0,0,0,0,0,0,1.0,1.0,1.0,0.0,0.0,0.0,3,0,0
3515,39,14,25,0,0,5,34,22,0,0,0,12,18,0,0,0,0,0,0,0,0,0,0,1.0,1.0,1.0,0.0,0.0,0.0,3,0,0
3516,39,14,25,0,0,5,34,22,0,0,0,12,18,0,0,0,0,0,0,0,0,0,0,1.0,1.0,1.0,0.0,0.0,0.0,3,0,0
3517,39,14,25,0,0,5,34,22,0,0,0,12,18,0,0,0,0,0,0,0,0,0,0,1.0,1.0,1.0,0.0,0.0,0.0,3,0,0
3518,39,14,25,0,0,5,34,22,0,0,0,12,18,0,0,0,0,0,0,0,0,0,0,1.0,1.0,1.0,0.0,0.0,0.0,3,0,0
3519,39,14,25,0,0,5,34,22,0,0,0,12,18,0,0,0,0,0,0,0,0,0,0,1.0,1.0,1.0,0.0,0.0,0.0,3,0,0
3520,39,14,25,0,0,5,34,22,0,0,0,12,18,0,0,0,0,0,0,0,0,0,0,1.0,1.0,1.0,0.0,0.0,0.0,3,0,0
3521,39,14,25,0,0,5,34,22,0,0,0,12,18,0,0,0,0,0,0,0,0,0,0,1.0,1.0,1.0,0.0,0.0,0.0,3,0,0
3522,39,14,25,0,0,5,34,22,0,0,0,12,18,0,0,0,0,0,0,0,0,0,0,1.0,1.0,1.0,0.0,0.0,0.0,3,0,0
3523,39,14,25,0,0,5,34,22,0,0,0,12,18,0,0,0,0,0,0,0,0,0,0,1.0,1.0,1.0,0.0,0.0,0.0,3,0,0
3524,39,14,25,0,0,5,34,22,0,0,0,12,18,0,0,0,0,0,0,0,0,0,0,1.0,1.0,1.0,0.0,0.0,0.0,3,0,0
3525,39,14,25,0,0,5,34,22,0,0,0,12,18,0,0,0,0,0,0,0,0,0,0,1.0,1.0,1.0,0.0,0.0,0.0,3,0,0
3526,39,14,25,0,0,5,34,22,0,0,0,12,18,0,0,0,0,0,0,0,0,0,0,1.0,1.0,1.0,0.0,0.0,0.0,3,0,0
3527,39,14,25,0,0,5,34,22,0,0,0,12,18,0,0,0,0,0,0,0,0,0,0,1.0,1.0,1.0,0.0,0.0,0.0,3,0,0
3528,39,14,25,0,0,5,34,22,0,0,0,12,18,0,0,0,0,0,0,0,0,0,0,1.0,1.0,1.0,0.0,0.0,0.0,3,0,0
3529,39,14,25,0,0,5,34,22,0,0,0,12,18,0,0,0,0,0,0,0,0,0,0,1.0,1.0,1.0,0.0,0.0,0.0,3,0,0
3530,39,14,25,0,0,5,34,22,0,0,0,12,18,0,0,0,0,0,0,0,0,0,0,1.0,1.0,1.0,0.0,0.0,0.0,3,0,0
3531,39,14,25,0,0,5,34,22,0,0,0,12,18,0,0,0,0,0,0,0,0,0,0,1.0,1.0,1.0,0.0,0.0,0.0,3,0,0
3532,39,14,25,0,0,5,34,22,0,0,0,12,18,0,0,0,0,0,0,0,0,0,0,1.0,1.0,1.0,0.0,0.0,0.0,3,0,0
3533,39,14,25,0,0,5,34,22,0,0,0,12,18,0,0,0,0,0,0,0,0,0,0,1.0,1.0,1.0,0.0,0.0,0.0,3,0,0
3534,39,14,25,0,0,5,34,22,0,0,0,12,18,0,0,0,0,0,0,0,0,0,0,1.0,1.0,1.0,0.0,0.0,0.0,3,0,0
3535,39,14,25,0,0,5,34,22,0,0,0,12,18,0,0,0,0,0,0,0,0,0,0,1.0,1.0,1.0,0.0,0.0,0.0,3,0,0
3536,39,14,25,0,0,5,34,22,0,0,0,12,18,0,0,0,0,0,0,0,0,0,0,1.0,1.0,1.0,0.0,0.0,0.0,3,0,0
3537,39,14,25,0,0,5,34,22,0,0,0,12,18,0,0,0,0,0,0,0,0,0,0,1.0,1.0,1.0,0.0,0.0,0.0,3,0,0
3538,39,14,25,0,0,5,34,22,0,0,0,12,18,0,0,0,0,0,0,0,0,0,0,1.0,1.0,1.0,0.0,0.0,0.0,3,0,0
3539,39,14,25,0,0,5,34,22,0,0,0,12,18,0,0,0,0,0,0,0,0,0,0,1.0,1.0,1.0,0.0,0.0,0.0,3,0,0
3540,39,14,25,0,0,5,34,22,0,0,0,12,18,0,0,0,0,0,0,0,0,0,0,1.0,1.0,1.0,0.0,0.0,0.0,3,0,0
3541,39,14,25,0,0,5,34,22,0,0,0,12,18,0,0,0,0,0,0,0,0,0,0,1.0,1.0,1.0,0.0,0.0,0.0,3,0,0
3542,39,14,25,0,0,5,34,22,0,0,0,12,18,0,0,0,0,0,0,0,0,0,0,1.0,1.0,1.0,0.0,0.0,0.0,3,0,0
3543,39,14,25,0,0,5,34,22,0,0,0,12,18,0,0,0,0,0,0,0,0,0,0,1.0,1.0,1.0,0.0,0.0,0.0,3,0,0
3544,39,14,25,0,0,5,34,22,0,0,0,12,18,0,0,0,0,0,0,0,0,0,0,1.0,1.0,1.0,0.0,0.0,0.0,3,0,0
3545,39,14,25,0,0,5,34,22,0,0,0,12,18,0,0,0,0,0,0,0,0,0,0,1.0,1.0,1.0,0.0,0.0,0.0,3,0,0
3546,39,14,25,0,0,5,34,22,0,0,0,12,18,0,0,0,0,0,0,0,0,0,0,1.0,1.0,1.0,0.0,0.0,0.0,3,0,0
3547,39,14,25,0,0,5,34,22,0,0,0,12,18,0,0,0,0,0,0,0,0,0,0,1.0,1.0,1.0,0.0,0.0,0.0,3,0,0
3548,39,14,25,0,0,5,34,22,0,0,0,12,18,0,0,0,0,0,0,0,0,0,0,1.0,1.0,1.0,0.0,0.0,0.0,3,0,0
3549,39,14,25,0,0,5,34,22,0,0,0,12,18,0,0,0,0,0,0,0,0,0,0,1.0,1.0,1.0,0.0,0.0,0.0,3,0,0
3550,39,14,25,0,0,5,34,22,0,0,0,12,18,0,0,0,0,0,0,0,0,0,0,1.0,1.0,1.0,0.0,0.0,0.0,3,0,0
3551,39,14,25,0,0,5,34,22,0,0,0,12,18,0,0,0,0,0,0,0,0,0,0,1.0,1.0,1.0,0.0,0.0,0.0,3,0,0
3552,39,14,25,0,0,5,34,22,0,0,0,12,18,0,0,0,0,0,0,0,0,0,0,1.0,1.0,1.0,0.0,0.0,0.0,3,0,0
3553,39,14,25,0,0,5,34,22,0,0,0,12,18,0,0,0,0,0,0,0,0,0,0,1.0,1.0,1.0,0.0,0.0,0.0,3,0,0
3554,39,14,25,0,0,5,34,22,0,0,0,12,18,0,0,0,0,0,0,0,0,0,0,1.0,1.0,1.0,0.0,0.0,0.0,3,0,0
3555,39,14,25,0,0,5,34,22,0,0,0,12,18,0,0,0,0,0,0,0,0,0,0,1.0,1.0,1.0,0.0,0.0,0.0,3,0,0
3556,39,14,25,0,0,5,34,22,0,0,0,12,18,0,0,0,0,0,0,0,0,0,0,1.0,1.0,1.0,0.0,0.0,0.0,3,0,0
3557,39,14,25,0,0,5,34,22,0,0,0,12,18,0,0,0,0,0,0,0,0,0,0,1.0,1.0,1.0,0.0,0.0,0.0,3,0,0
3558,39,14,25,0,0,4,35,23,0,0,0,12,18,0,0,0,0,0,0,0,0,0,0,1.0,1.0,1.0,0.0,0.0,0.0,3,0,0
3559,39,14,25,0,0,4,35,23,0,0,0,12,18,0,0,0,0,0,0,0,0,0,0,1.0,1.0,1.0,0.0,0.0,0.0,3,0,0
3560,39,14,25,0,0,4,35,23,0,0,0,12,18,0,0,0,0,0,0,0,0,0,0,1.0,1.0,1.0,0.0,0.0,0.0,3,0,0
3561,39,14,25,0,0,4,35,23,0,0,0,12,18,0,0,0,0,0,0,0,0,0,0,1.0,1.0,1.0,0.0,0.0,0.0,3,0,0
3562,39,14,25,0,0,4,35,23,0,0,0,12,18,0,0,0,0,0,0,0,0,0,0,1.0,1.0,1.0,0.0,0.0,0.0,3,0,0
3563,38,14,24,0,0,4,34,22,0,0,0,12,17,0,0,0,0,0,0,0,0,0,0,1.0,1.0,0.9565217391304348,0.0,0.0,0.0,3,0,1
3564,38,14,24,0,0,4,34,22,0,0,0,12,17,0,0,0,0,0,0,0,0,0,0,1.0,1.0,1.0,0.0,0.0,0.0,3,0,0
3565,38,14,24,0,0,4,34,22,0,0,0,12,18,0,1,0,0,0,0,0,0,0,0,1.0,1.0,1.0,0.0,0.0,0.0,3,0,0
3566,38,14,24,0,0,4,34,22,0,0,0,12,18,0,0,0,0,0,0,0,0,0,0,1.0,1.0,1.0,0.0,0.0,0.0,3,0,0
3567,38,14,24,0,0,4,34,22,0,0,0,12,18,0,0,0,0,0,0,0,0,0,0,1.0,1.0,1.0,0.0,0.0,0.0,3,0,0
3568,38,14,24,0,0,3,35,23,0,0,0,12,18,0,0,0,0,0,0,0,0,0,0,1.0,1.0,1.0,0.0,0.0,0.0,3,0,0
3569,38,14,24,0,0,3,35,23,0,0,0,12,18,0,0,0,0,0,0,0,0,0,0,1.0,1.0,1.0,0.0,0.0,0.0,3,0,0
3570,38,14,24,0,0,2,36,23,0,0,0,12,18,0,0,0,0,0,0,0,0,0,0,1.0,1.0,1.0,0.0,0.0,0.0,3,0,0
3571,38,14,24,0,0,2,36,23,0,0,0,12,18,0,0,0,0,0,0,0,0,0,0,1.0,1.0,1.0,0.0,0.0,0.0,3,0,0
3572,38,14,24,0,0,2,36,23,0,0,0,12,18,0,0,0,0,0,0,0,0,0,0,1.0,1.0,1.0,0.0,0.0,0.0,3,0,0
3573,38,14,24,0,0,2,36,23,0,0,0,12,18,0,0,0,0,0,0,0,0,0,0,1.0,1.0,1.0,0.0,0.0,0.0,3,0,0
3574,38,14,24,0,0,1,37,23,0,0,0,12,18,0,0,0,0,0,0,0,0,0,0,1.0,1.0,1.0,0.0,0.0,0.0,3,0,0
3575,38,14,24,0,0,1,37,23,2,0,0,12,18,0,0,0,9,2,0,0,0,0,0,1.0,1.0,1.0,0.0,0.0,0.2222222222222222,3,0,0
3576,38,14,24,0,0,1,37,23,5,0,0,12,18,0,0,0,7,3,0,0,0,0,0,1.0,1.0,1.0,0.0,0.0,0.42857142857142855,3,0,0
3577,38,14,24,0,0,1,37,23,5,0,0,12,18,0,0,0,1,0,0,0,0,0,0,1.0,1.0,1.0,0.0,0.0,0.0,3,0,0
3578,38,14,24,0,0,1,37,23,5,1,0,12,18,0,0,0,2,0,1,0,0,0,0,1.0,1.0,1.0,0.0,0.0,0.0,3,0,0
3579,38,14,24,0,0,1,37,23,5,1,0,12,18,0,0,0,0,0,0,0,0,0,0,1.0,1.0,1.0,0.0,0.0,0.0,3,0,0
3580,38,14,24,0,0,1,37,23,5,1,0,12,18,0,0,0,0,0,0,0,0,0,0,1.0,1.0,1.0,0.0,0.0,0.0,3,0,0
3581,38,14,24,0,0,1,37,23,5,1,0,12,18,0,0,0,0,0,0,0,0,0,0,1.0,1.0,1.0,0.0,0.0,0.0,3,0,0
3582,38,14,24,0,0,1,37,23,5,1,0,12,18,0,0,0,0,0,0,0,0,0,0,1.0,1.0,1.0,0.0,0.0,0.0,3,0,0
3583,38,14,24,0,0,1,37,23,5,1,0,12,18,0,0,0,0,0,0,0,0,0,0,1.0,1.0,1.0,0.0,0.0,0.0,3,0,0
3584,38,14,24,0,0,1,37,23,5,1,0,12,18,0,0,0,0,0,0,0,0,0,0,1.0,1.0,1.0,0.0,0.0,0.0,3,0,0
3585,38,14,24,0,0,1,37,23,5,1,0,12,18,0,0,0,0,0,0,0,0,0,0,1.0,1.0,1.0,0.0,0.0,0.0,3,0,0
3586,37,13,24,0,0,1,36,23,5,1,0,11,18,0,0,0,0,0,0,0,0,0,0,1.0,0.9285714285714286,1.0,0.0,0.0,0.0,3,0,1
3587,37,13,24,0,0,1,36,23,5,1,0,11,18,0,0,0,0,0,0,0,0,0,0,1.0,1.0,1.0,0.0,0.0,0.0,3,0,0
3588,37,13,24,0,0,1,36,23,5,1,0,11,18,0,0,0,0,0,0,0,0,0,0,1.0,1.0,1.0,0.0,0.0,0.0,3,0,0
3589,37,13,24,0,0,1,36,23,5,1,0,11,18,0,0,0,0,0,0,0,0,0,0,1.0,1.0,1.0,0.0,0.0,0.0,3,0,0
3590,37,13,24,0,0,1,36,23,5,1,0,11,18,0,0,0,0,0,0,0,0,0,0,1.0,1.0,1.0,0.0,0.0,0.0,3,0,0
3591,37,13,24,0,0,1,36,23,5,1,0,11,18,0,0,0,0,0,0,0,0,0,0,1.0,1.0,1.0,0.0,0.0,0.0,3,0,0
3592,37,13,24,0,0,1,36,23,5,1,0,11,18,0,0,0,0,0,0,0,0,0,0,1.0,1.0,1.0,0.0,0.0,0.0,3,0,0
3593,37,13,24,0,0,1,36,23,5,1,0,11,18,0,0,0,0,0,0,0,0,0,0,1.0,1.0,1.0,0.0,0.0,0.0,3,0,0
3594,37,13,24,0,0,1,36,23,5,1,0,11,18,0,0,0,0,0,0,0,0,0,0,1.0,1.0,1.0,0.0,0.0,0.0,3,0,0
3595,37,13,24,0,0,1,36,23,5,1,0,11,18,0,0,0,0,0,0,0,0,0,0,1.0,1.0,1.0,0.0,0.0,0.0,3,0,0
3596,37,13,24,0,0,1,36,23,5,1,0,11,18,0,0,0,0,0,0,0,0,0,0,1.0,1.0,1.0,0.0,0.0,0.0,3,0,0
3597,37,13,24,0,0,1,36,23,5,1,0,11,18,0,0,0,0,0,0,0,0,0,0,1.0,1.0,1.0,0.0,0.0,0.0,3,0,0
3598,37,13,24,0,0,1,36,23,5,1,0,11,18,0,0,0,0,0,0,0,0,0,0,1.0,1.0,1.0,0.0,0.0,0.0,3,0,0
3599,37,13,24,0,0,1,36,23,5,1,0,11,18,0,0,0,0,0,0,0,0,0,0,1.0,1.0,1.0,0.0,0.0,0.0,3,0,0
3600,37,13,24,0,0,1,36,23,5,1,0,11,18,0,0,0,0,0,0,0,0,0,0,1.0,1.0,1.0,0.0,0.0,0.0,3,0,0
3601,37,13,24,0,0,1,36,23,5,1,0,11,18,0,0,0,0,0,0,0,0,0,0,1.0,1.0,1.0,0.0,0.0,0.0,3,0,0
3602,37,13,24,0,0,1,36,23,5,1,0,11,18,0,0,0,0,0,0,0,0,0,0,1.0,1.0,1.0,0.0,0.0,0.0,3,0,0
3603,37,13,24,0,0,1,36,23,5,1,0,11,18,0,0,0,0,0,0,0,0,0,0,1.0,1.0,1.0,0.0,0.0,0.0,3,0,0
3604,37,13,24,0,0,1,36,23,5,1,0,11,18,0,0,0,0,0,0,0,0,0,0,1.0,1.0,1.0,0.0,0.0,0.0,3,0,0
3605,37,13,24,0,0,1,36,23,5,1,0,11,18,0,0,0,0,0,0,0,0,0,0,1.0,1.0,1.0,0.0,0.0,0.0,3,0,0
3606,36,13,23,0,0,1,35,22,4,1,0,11,18,0,0,0,0,0,0,0,0,0,0,1.0,1.0,0.9565217391304348,0.0,0.0,0.0,3,0,1
3607,36,13,23,0,0,1,35,22,4,1,0,11,18,0,0,0,0,0,0,0,0,0,0,1.0,1.0,1.0,0.0,0.0,0.0,3,0,0
3608,36,13,23,0,0,1,35,22,4,1,0,11,18,0,0,0,0,0,0,0,0,0,0,1.0,1.0,1.0,0.0,0.0,0.0,3,0,0
3609,36,13,23,0,0,1,35,22,4,1,0,11,18,0,0,0,0,0,0,0,0,0,0,1.0,1.0,1.0,0.0,0.0,0.0,3,0,0
3610,36,13,23,0,0,1,35,22,4,1,0,11,18,0,0,0,0,0,0,0,0,0,0,1.0,1.0,1.0,0.0,0.0,0.0,3,0,0
3611,36,13,23,0,0,1,35,22,4,1,0,11,18,0,0,0,0,0,0,0,0,0,0,1.0,1.0,1.0,0.0,0.0,0.0,3,0,0
3612,36,13,23,0,0,1,35,22,4,1,0,11,18,0,0,0,0,0,0,0,0,0,0,1.0,1.0,1.0,0.0,0.0,0.0,3,0,0
3613,36,13,23,0,0,1,35,22,4,1,0,11,18,0,0,0,0,0,0,0,0,0,0,1.0,1.0,1.0,0.0,0.0,0.0,3,0,0
3614,36,13,23,0,0,1,35,22,4,1,0,11,18,0,0,0,0,0,0,0,0,0,0,1.0,1.0,1.0,0.0,0.0,0.0,3,0,0
3615,36,13,23,0,0,1,35,22,4,1,0,11,18,0,0,0,0,0,0,0,0,0,0,1.0,1.0,1.0,0.0,0.0,0.0,3,0,0
3616,36,13,23,0,0,1,35,22,4,1,0,11,18,0,0,0,0,0,0,0,0,0,0,1.0,1.0,1.0,0.0,0.0,0.0,3,0,0
3617,36,13,23,0,0,1,35,22,4,1,0,11,18,0,0,0,0,0,0,0,0,0,0,1.0,1.0,1.0,0.0,0.0,0.0,3,0,0
3618,36,13,23,0,0,1,35,22,4,1,0,11,18,0,0,0,0,0,0,0,0,0,0,1.0,1.0,1.0,0.0,0.0,0.0,3,0,0
3619,36,13,23,0,0,1,35,22,4,1,0,11,18,0,0,0,0,0,0,0,0,0,0,1.0,1.0,1.0,0.0,0.0,0.0,3,0,0
3620,36,13,23,0,0,1,35,22,4,1,0,11,18,0,0,0,0,0,0,0,0,0,0,1.0,1.0,1.0,0.0,0.0,0.0,3,0,0
3621,36,13,23,0,0,1,35,22,4,1,0,11,18,0,0,0,0,0,0,0,0,0,0,1.0,1.0,1.0,0.0,0.0,0.0,3,0,0
3622,36,13,23,0,0,1,35,22,4,1,0,11,18,0,0,0,0,0,0,0,0,0,0,1.0,1.0,1.0,0.0,0.0,0.0,3,0,0
3623,36,13,23,0,0,1,35,22,4,0,0,11,18,0,0,0,0,0,0,0,0,0,0,1.0,1.0,1.0,0.0,0.0,0.0,3,0,0
3624,36,13,23,0,0,1,35,22,4,0,0,11,18,0,0,0,0,0,0,0,0,0,0,1.0,1.0,1.0,0.0,0.0,0.0,3,0,0
3625,36,13,23,0,0,1,35,22,4,0,0,11,18,0,0,0,0,0,0,0,0,0,0,1.0,1.0,1.0,0.0,0.0,0.0,3,0,0
3626,36,13,23,0,0,1,35,22,4,0,0,11,18,0,0,0,0,0,0,0,0,0,0,1.0,1.0,1.0,0.0,0.0,0.0,3,0,0
3627,36,13,23,0,0,1,35,22,4,0,0,11,18,0,0,0,0,0,0,0,0,0,0,1.0,1.0,1.0,0.0,0.0,0.0,3,0,0
3628,36,13,23,0,0,1,35,22,4,0,0,11,18,0,0,0,0,0,0,0,0,0,0,1.0,1.0,1.0,0.0,0.0,0.0,3,0,0
3629,36,13,23,0,0,1,35,22,4,0,0,11,18,0,0,0,0,0,0,0,0,0,0,1.0,1.0,1.0,0.0,0.0,0.0,3,0,0
3630,36,13,23,0,0,1,35,22,4,0,0,11,18,0,0,0,0,0,0,0,0,0,0,1.0,1.0,1.0,0.0,0.0,0.0,3,0,0
3631,36,13,23,0,0,1,35,22,4,0,0,11,18,0,0,0,0,0,0,0,0,0,0,1.0,1.0,1.0,0.0,0.0,0.0,3,0,0
3632,36,13,23,0,0,1,35,22,4,0,0,11,18,0,0,0,0,0,0,0,0,0,0,1.0,1.0,1.0,0.0,0.0,0.0,3,0,0
3633,36,13,23,0,0,1,35,22,4,0,0,11,18,0,0,0,0,0,0,0,0,0,0,1.0,1.0,1.0,0.0,0.0,0.0,3,0,0
3634,36,13,23,0,0,1,35,22,4,0,0,11,18,0,0,0,0,0,0,0,0,0,0,1.0,1.0,1.0,0.0,0.0,0.0,3,0,0
3635,36,13,23,0,0,1,35,22,4,0,0,11,18,0,0,0,0,0,0,0,0,0,0,1.0,1.0,1.0,0.0,0.0,0.0,3,0,0
3636,36,13,23,0,0,1,35,22,4,0,0,11,18,0,0,0,0,0,0,0,0,0,0,1.0,1.0,1.0,0.0,0.0,0.0,3,0,0
3637,36,13,23,0,0,1,35,22,4,0,0,11,18,0,0,0,0,0,0,0,0,0,0,1.0,1.0,1.0,0.0,0.0,0.0,3,0,0
3638,36,13,23,0,0,1,35,22,4,0,0,11,18,0,0,0,0,0,0,0,0,0,0,1.0,1.0,1.0,0.0,0.0,0.0,3,0,0
3639,36,13,23,0,0,1,35,22,4,0,0,11,18,0,0,0,0,0,0,0,0,0,0,1.0,1.0,1.0,0.0,0.0,0.0,3,0,0
3640,44,17,27,8,0,1,35,22,2,0,2,11,18,0,0,0,0,0,0,2,0,0,0,1.0,1.0,1.0,0.2222222222222222,0.2222222222222222,0.0,3,8,0
3641,50,20,30,14,0,1,35,22,0,0,4,11,18,0,0,0,0,0,0,2,0,0,0,1.0,1.0,1.0,0.13636363636363635,0.13636363636363635,0.0,3,6,0
3642,50,20,30,14,0,0,36,23,0,0,4,11,18,0,0,0,0,0,0,0,0,0,0,1.0,1.0,1.0,0.0,0.0,0.0,3,0,0
3643,50,20,30,14,0,0,36,23,0,0,4,11,18,0,0,0,0,0,0,0,0,0,0,1.0,1.0,1.0,0.0,0.0,0.0,3,0,0
3644,48,20,28,13,0,0,35,22,0,0,4,11,17,0,0,0,0,0,0,0,1,0,1,0.9285714285714286,1.0,0.9565217391304348,0.0,0.0,0.0,3,0,2
3645,47,20,27,12,0,0,35,22,0,0,4,11,17,0,0,0,0,0,0,0,1,0,1,0.9230769230769231,1.0,1.0,0.0,0.0,0.0,3,0,1
3646,47,20,27,12,0,0,35,22,0,0,4,11,17,0,0,0,0,0,0,0,0,0,0,1.0,1.0,1.0,0.0,0.0,0.0,3,0,0
3647,47,20,27,12,0,0,35,22,0,0,4,11,17,0,0,0,0,0,0,0,0,0,0,1.0,1.0,1.0,0.0,0.0,0.0,3,0,0
3648,47,20,27,12,0,0,35,22,0,0,4,11,17,0,0,0,0,0,0,0,0,0,0,1.0,1.0,1.0,0.0,0.0,0.0,3,0,0
3649,47,20,27,12,0,0,35,22,0,0,4,11,17,0,0,0,0,0,0,0,0,0,0,1.0,1.0,1.0,0.0,0.0,0.0,3,0,0
3650,47,20,27,12,0,0,35,22,0,0,4,11,17,0,0,0,0,0,0,0,0,0,0,1.0,1.0,1.0,0.0,0.0,0.0,3,0,0
3651,47,20,27,12,0,0,35,22,0,0,4,11,17,0,0,0,0,0,0,0,0,0,0,1.0,1.0,1.0,0.0,0.0,0.0,3,0,0
3652,47,20,27,12,0,0,35,22,0,0,4,11,17,0,0,0,0,0,0,0,0,0,0,1.0,1.0,1.0,0.0,0.0,0.0,3,0,0
3653,47,20,27,12,0,0,35,22,0,0,4,11,17,0,0,0,0,0,0,0,0,0,0,1.0,1.0,1.0,0.0,0.0,0.0,3,0,0
3654,47,20,27,12,0,0,35,22,0,0,4,11,17,0,0,0,0,0,0,0,0,0,0,1.0,1.0,1.0,0.0,0.0,0.0,3,0,0
3655,47,20,27,12,0,0,35,22,0,0,4,11,17,0,0,0,0,0,0,0,0,0,0,1.0,1.0,1.0,0.0,0.0,0.0,3,0,0
3656,47,20,27,12,0,0,35,22,0,0,4,11,17,0,0,0,0,0,0,0,0,0,0,1.0,1.0,1.0,0.0,0.0,0.0,3,0,0
3657,47,20,27,12,0,0,35,22,0,0,4,11,17,0,0,0,0,0,0,0,0,0,0,1.0,1.0,1.0,0.0,0.0,0.0,3,0,0
3658,47,20,27,12,0,0,35,22,0,0,4,11,17,0,0,0,0,0,0,0,0,0,0,1.0,1.0,1.0,0.0,0.0,0.0,3,0,0
3659,47,20,27,12,0,0,35,22,0,0,4,11,17,0,0,0,0,0,0,0,0,0,0,1.0,1.0,1.0,0.0,0.0,0.0,3,0,0
3660,46,19,27,11,0,0,35,22,0,0,4,11,17,0,0,0,0,0,0,0,1,0,1,0.9166666666666666,1.0,1.0,0.0,0.0,0.0,3,0,1
3661,46,19,27,11,0,0,35,22,0,0,4,11,17,0,0,0,0,0,0,0,0,0,0,1.0,1.0,1.0,0.0,0.0,0.0,3,0,0
3662,46,19,27,11,0,0,35,22,0,0,4,11,17,0,0,0,0,0,0,0,0,0,0,1.0,1.0,1.0,0.0,0.0,0.0,3,0,0
3663,46,19,27,11,0,0,35,22,0,0,4,11,17,0,0,0,0,0,0,0,0,0,0,1.0,1.0,1.0,0.0,0.0,0.0,3,0,0
3664,45,19,26,11,0,0,34,21,0,0,4,11,16,0,0,0,0,0,0,0,0,0,0,1.0,1.0,0.9545454545454546,0.0,0.0,0.0,3,0,1
3665,45,19,26,11,0,0,34,21,0,0,4,11,16,0,0,0,0,0,0,0,0,0,0,1.0,1.0,1.0,0.0,0.0,0.0,3,0,0
3666,45,19,26,11,0,0,34,21,0,0,4,11,16,0,0,0,0,0,0,0,0,0,0,1.0,1.0,1.0,0.0,0.0,0.0,3,0,0
3667,45,19,26,11,0,0,34,21,0,0,4,11,16,0,0,0,0,0,0,0,0,0,0,1.0,1.0,1.0,0.0,0.0,0.0,3,0,0
3668,45,19,26,11,0,0,34,21,0,0,4,11,16,0,0,0,0,0,0,0,0,0,0,1.0,1.0,1.0,0.0,0.0,0.0,3,0,0
3669,45,19,26,11,0,0,34,21,0,0,4,11,16,0,0,0,0,0,0,0,0,0,0,1.0,1.0,1.0,0.0,0.0,0.0,3,0,0
3670,45,19,26,11,0,0,34,21,0,0,4,11,16,0,0,0,0,0,0,0,0,0,0,1.0,1.0,1.0,0.0,0.0,0.0,3,0,0
3671,45,19,26,11,0,0,34,21,0,0,4,11,16,0,0,0,0,0,0,0,0,0,0,1.0,1.0,1.0,0.0,0.0,0.0,3,0,0
3672,44,18,26,10,0,0,34,21,0,0,4,11,16,0,0,0,0,0,0,0,1,0,1,0.9090909090909091,1.0,1.0,0.0,0.0,0.0,3,0,1
3673,44,18,26,10,0,0,34,21,0,0,4,11,16,0,0,0,0,0,0,0,0,0,0,1.0,1.0,1.0,0.0,0.0,0.0,3,0,0
3674,44,18,26,10,0,0,34,21,0,0,4,11,16,0,0,0,0,0,0,0,0,0,0,1.0,1.0,1.0,0.0,0.0,0.0,3,0,0
3675,44,18,26,10,0,0,34,21,0,0,4,11,16,0,0,0,0,0,0,0,0,0,0,1.0,1.0,1.0,0.0,0.0,0.0,3,0,0
3676,44,18,26,10,0,0,34,21,0,0,4,11,16,0,0,0,0,0,0,0,0,0,0,1.0,1.0,1.0,0.0,0.0,0.0,3,0,0
3677,44,18,26,10,0,0,34,21,0,0,4,11,16,0,0,0,0,0,0,0,0,0,0,1.0,1.0,1.0,0.0,0.0,0.0,3,0,0
3678,44,18,26,10,0,0,34,21,0,0,4,11,16,0,0,0,0,0,0,0,0,0,0,1.0,1.0,1.0,0.0,0.0,0.0,3,0,0
3679,44,18,26,10,0,0,34,21,0,0,4,11,16,0,0,0,0,0,0,0,0,0,0,1.0,1.0,1.0,0.0,0.0,0.0,3,0,0
3680,44,18,26,10,0,0,34,21,1,0,4,11,16,0,0,0,5,1,0,0,0,0,0,1.0,1.0,1.0,0.0,0.0,0.2,3,0,0
3681,44,18,26,10,0,0,34,21,1,0,4,11,16,0,0,0,0,0,0,0,0,0,0,1.0,1.0,1.0,0.0,0.0,0.0,3,0,0
3682,43,18,25,10,0,0,33,20,0,0,4,11,16,0,0,0,0,0,0,0,0,0,0,1.0,1.0,0.9523809523809523,0.0,0.0,0.0,3,0,1
3683,43,18,25,5,5,0,33,20,0,0,4,11,16,0,0,0,0,0,0,0,0,0,0,1.0,1.0,1.0,0.0,0.0,0.0,3,0,0
3684,43,18,25,0,10,0,33,20,0,0,4,11,16,0,0,0,0,0,0,0,0,0,0,1.0,1.0,1.0,0.0,0.0,0.0,3,0,0
3685,43,18,25,0,10,0,33,20,0,0,2,11,16,0,0,0,0,0,0,0,0,0,0,1.0,1.0,1.0,0.0,0.0,0.0,3,0,0
3686,43,18,25,0,10,0,33,20,0,1,0,11,16,0,0,0,4,0,1,0,0,0,0,1.0,1.0,1.0,0.0,0.0,0.0,3,0,0
3687,42,17,25,0,10,0,32,20,1,1,0,11,16,0,0,0,4,1,0,0,0,0,0,1.0,0.9230769230769231,1.0,0.0,0.0,0.25,3,0,1
3688,42,17,25,0,10,0,32,20,2,1,0,11,16,0,0,0,6,1,0,0,0,0,0,1.0,1.0,1.0,0.0,0.0,0.16666666666666666,3,0,0
3689,42,17,25,0,10,0,32,20,3,1,0,11,16,0,0,0,7,1,0,0,0,0,0,1.0,1.0,1.0,0.0,0.0,0.14285714285714285,3,0,0
3690,42,17,25,0,10,0,32,20,3,1,0,11,16,0,0,0,0,0,0,0,0,0,0,1.0,1.0,1.0,0.0,0.0,0.0,3,0,0
3691,42,17,25,0,10,0,32,20,3,1,0,11,16,0,0,0,0,0,0,0,0,0,0,1.0,1.0,1.0,0.0,0.0,0.0,3,0,0
3692,42,17,25,0,10,0,32,20,3,1,0,11,16,0,0,0,0,0,0,0,0,0,0,1.0,1.0,1.0,0.0,0.0,0.0,3,0,0
3693,41,16,25,0,9,0,32,20,3,1,0,11,16,0,0,0,0,0,0,0,1,0,1,0.9,1.0,1.0,0.0,0.0,0.0,3,0,1
3694,41,16,25,0,9,0,32,20,3,1,0,11,16,0,0,0,0,0,0,0,0,0,0,1.0,1.0,1.0,0.0,0.0,0.0,3,0,0
3695,41,16,25,0,9,0,32,20,3,1,0,11,16,0,0,0,0,0,0,0,0,0,0,1.0,1.0,1.0,0.0,0.0,0.0,3,0,0
3696,41,16,25,0,9,0,32,20,3,1,0,11,16,0,0,0,0,0,0,0,0,0,0,1.0,1.0,1.0,0.0,0.0,0.0,3,0,0
3697,41,16,25,0,9,0,32,20,3,1,0,11,16,0,0,0,0,0,0,0,0,0,0,1.0,1.0,1.0,0.0,0.0,0.0,3,0,0
3698,41,16,25,0,9,0,32,20,3,1,0,11,16,0,0,0,0,0,0,0,0,0,0,1.0,1.0,1.0,0.0,0.0,0.0,3,0,0
3699,41,16,25,0,9,0,32,20,3,1,0,11,16,0,0,0,0,0,0,0,0,0,0,1.0,1.0,1.0,0.0,0.0,0.0,3,0,0
3700,41,16,25,0,9,0,32,20,3,1,0,11,16,0,0,0,0,0,0,0,0,0,0,1.0,1.0,1.0,0.0,0.0,0.0,3,0,0
3701,40,16,24,0,8,0,32,20,3,1,0,11,16,0,0,0,0,0,0,0,1,0,1,0.8888888888888888,1.0,1.0,0.0,0.0,0.0,3,0,1
3702,40,16,24,0,8,0,32,20,3,1,0,11,16,0,0,0,0,0,0,0,0,0,0,1.0,1.0,1.0,0.0,0.0,0.0,3,0,0
3703,40,16,24,0,8,0,32,20,3,1,0,11,16,0,0,0,0,0,0,0,0,0,0,1.0,1.0,1.0,0.0,0.0,0.0,3,0,0
3704,40,16,24,0,8,0,32,20,3,1,0,11,16,0,0,0,0,0,0,0,0,0,0,1.0,1.0,1.0,0.0,0.0,0.0,3,0,0
3705,40,16,24,0,8,0,32,20,3,1,0,11,16,0,0,0,0,0,0,0,0,0,0,1.0,1.0,1.0,0.0,0.0,0.0,3,0,0
3706,40,16,24,0,8,0,32,20,3,1,0,11,16,0,0,0,0,0,0,0,0,0,0,1.0,1.0,1.0,0.0,0.0,0.0,3,0,0
3707,40,16,24,0,8,0,32,20,3,1,0,11,16,0,0,0,0,0,0,0,0,0,0,1.0,1.0,1.0,0.0,0.0,0.0,3,0,0
3708,40,16,24,0,8,0,32,20,3,1,0,11,16,0,0,0,0,0,0,0,0,0,0,1.0,1.0,1.0,0.0,0.0,0.0,3,0,0
3709,40,16,24,0,8,0,32,20,3,1,0,11,16,0,0,0,0,0,0,0,0,0,0,1.0,1.0,1.0,0.0,0.0,0.0,3,0,0
3710,40,16,24,0,8,0,32,20,3,1,0,11,16,0,0,0,0,0,0,0,0,0,0,1.0,1.0,1.0,0.0,0.0,0.0,3,0,0
3711,40,16,24,0,8,0,32,20,3,1,0,11,16,0,0,0,0,0,0,0,0,0,0,1.0,1.0,1.0,0.0,0.0,0.0,3,0,0
3712,40,16,24,0,8,0,32,20,3,1,0,11,16,0,0,0,0,0,0,0,0,0,0,1.0,1.0,1.0,0.0,0.0,0.0,3,0,0
3713,39,16,23,0,8,0,31,19,3,1,0,11,15,0,0,0,0,0,0,0,0,0,0,1.0,1.0,0.95,0.0,0.0,0.0,3,0,1
3714,39,16,23,0,8,0,31,19,3,1,0,11,15,0,0,0,0,0,0,0,0,0,0,1.0,1.0,1.0,0.0,0.0,0.0,3,0,0
3715,39,16,23,0,8,0,31,19,3,1,0,11,15,0,0,0,0,0,0,0,0,0,0,1.0,1.0,1.0,0.0,0.0,0.0,3,0,0
3716,39,16,23,0,8,0,31,19,3,1,0,11,15,0,0,0,0,0,0,0,0,0,0,1.0,1.0,1.0,0.0,0.0,0.0,3,0,0
3717,39,16,23,0,8,0,31,19,3,1,0,11,15,0,0,0,0,0,0,0,0,0,0,1.0,1.0,1.0,0.0,0.0,0.0,3,0,0
3718,39,16,23,0,8,0,31,19,3,1,0,11,15,0,0,0,0,0,0,0,0,0,0,1.0,1.0,1.0,0.0,0.0,0.0,3,0,0
3719,39,16,23,0,8,0,31,19,3,1,0,11,15,0,0,0,0,0,0,0,0,0,0,1.0,1.0,1.0,0.0,0.0,0.0,3,0,0
3720,39,16,23,0,8,0,31,19,3,1,0,11,15,0,0,0,0,0,0,0,0,0,0,1.0,1.0,1.0,0.0,0.0,0.0,3,0,0
3721,38,15,23,0,8,0,30,19,3,1,0,10,15,0,0,0,0,0,0,0,0,0,0,1.0,0.9166666666666666,1.0,0.0,0.0,0.0,3,0,1
3722,38,15,23,0,8,0,30,19,3,1,0,10,15,0,0,0,0,0,0,0,0,0,0,1.0,1.0,1.0,0.0,0.0,0.0,3,0,0
3723,38,15,23,0,8,0,30,19,3,1,0,10,15,0,0,0,0,0,0,0,0,0,0,1.0,1.0,1.0,0.0,0.0,0.0,3,0,0
3724,38,15,23,0,8,0,30,19,3,1,0,10,15,0,0,0,0,0,0,0,0,0,0,1.0,1.0,1.0,0.0,0.0,0.0,3,0,0
3725,38,15,23,0,8,0,30,19,3,1,0,10,15,0,0,0,0,0,0,0,0,0,0,1.0,1.0,1.0,0.0,0.0,0.0,3,0,0
3726,38,15,23,0,8,0,30,19,3,1,0,10,15,0,0,0,0,0,0,0,0,0,0,1.0,1.0,1.0,0.0,0.0,0.0,3,0,0
3727,38,15,23,0,8,0,30,19,3,1,0,10,15,0,0,0,0,0,0,0,0,0,0,1.0,1.0,1.0,0.0,0.0,0.0,3,0,0
3728,38,15,23,0,8,0,30,19,3,1,0,10,15,0,0,0,0,0,0,0,0,0,0,1.0,1.0,1.0,0.0,0.0,0.0,3,0,0
3729,38,15,23,0,8,0,30,19,3,1,0,10,15,0,0,0,0,0,0,0,0,0,0,1.0,1.0,1.0,0.0,0.0,0.0,3,0,0
3730,38,15,23,0,8,0,30,19,3,1,0,10,15,0,0,0,0,0,0,0,0,0,0,1.0,1.0,1.0,0.0,0.0,0.0,3,0,0
3731,38,15,23,0,8,0,30,19,3,0,0,10,15,0,0,0,0,0,0,0,0,0,0,1.0,1.0,1.0,0.0,0.0,0.0,3,0,0
3732,38,15,23,0,8,0,30,19,4,0,0,10,15,0,0,0,7,1,0,0,0,0,0,1.0,1.0,1.0,0.0,0.0,0.14285714285714285,3,0,0
3733,38,15,23,0,8,0,30,19,4,0,0,10,15,0,0,0,0,0,0,0,0,0,0,1.0,1.0,1.0,0.0,0.0,0.0,3,0,0
3734,38,15,23,0,8,0,30,19,4,0,0,10,15,0,0,0,0,0,0,0,0,0,0,1.0,1.0,1.0,0.0,0.0,0.0,3,0,0
3735,37,15,22,0,7,0,30,19,4,0,0,10,15,0,0,0,0,0,0,0,1,0,1,0.875,1.0,1.0,0.0,0.0,0.0,3,0,1
3736,37,15,22,0,7,0,30,19,4,0,0,10,15,0,0,0,0,0,0,0,0,0,0,1.0,1.0,1.0,0.0,0.0,0.0,3,0,0
3737,37,15,22,0,7,0,30,19,4,0,0,10,15,0,0,0,0,0,0,0,0,0,0,1.0,1.0,1.0,0.0,0.0,0.0,3,0,0
3738,37,15,22,0,7,0,30,19,4,0,0,10,15,0,0,0,0,0,0,0,0,0,0,1.0,1.0,1.0,0.0,0.0,0.0,3,0,0
3739,37,15,22,0,7,0,30,19,4,0,0,10,15,0,0,0,0,0,0,0,0,0,0,1.0,1.0,1.0,0.0,0.0,0.0,3,0,0
3740,37,15,22,0,7,0,30,19,4,0,0,10,15,0,0,0,0,0,0,0,0,0,0,1.0,1.0,1.0,0.0,0.0,0.0,3,0,0
3741,37,15,22,0,7,0,30,19,4,0,0,10,15,0,0,0,0,0,0,0,0,0,0,1.0,1.0,1.0,0.0,0.0,0.0,3,0,0
3742,36,15,21,0,6,0,30,19,4,0,0,10,15,0,0,0,0,0,0,0,1,0,1,0.8571428571428572,1.0,1.0,0.0,0.0,0.0,3,0,1
3743,36,15,21,0,6,0,30,19,4,0,0,10,15,0,0,0,0,0,0,0,0,0,0,1.0,1.0,1.0,0.0,0.0,0.0,3,0,0
3744,36,15,21,0,6,0,30,19,4,0,0,10,15,0,0,0,0,0,0,0,0,0,0,1.0,1.0,1.0,0.0,0.0,0.0,3,0,0
3745,36,15,21,0,6,0,30,19,4,0,0,10,15,0,0,0,0,0,0,0,0,0,0,1.0,1.0,1.0,0.0,0.0,0.0,3,0,0
3746,36,15,21,0,6,0,30,19,4,0,0,10,15,0,0,0,0,0,0,0,0,0,0,1.0,1.0,1.0,0.0,0.0,0.0,3,0,0
3747,36,15,21,0,6,0,30,19,4,0,0,10,15,0,0,0,0,0,0,0,0,0,0,1.0,1.0,1.0,0.0,0.0,0.0,3,0,0
3748,36,15,21,0,6,0,30,19,4,0,0,10,17,0,2,0,0,0,0,0,0,0,0,1.0,1.0,1.0,0.0,0.0,0.0,3,0,0
3749,36,15,21,0,6,0,30,19,4,0,0,10,17,0,0,0,0,0,0,0,0,0,0,1.0,1.0,1.0,0.0,0.0,0.0,3,0,0
3750,36,15,21,0,6,0,30,19,4,0,0,10,17,0,0,0,0,0,0,0,0,0,0,1.0,1.0,1.0,0.0,0.0,0.0,3,0,0
3751,36,15,21,0,6,0,30,19,4,0,0,10,17,0,0,0,0,0,0,0,0,0,0,1.0,1.0,1.0,0.0,0.0,0.0,3,0,0
3752,40,16,24,4,6,0,30,19,3,0,1,10,17,0,0,0,0,0,0,1,0,0,0,1.0,1.0,1.0,0.1111111111111111,0.1111111111111111,0.0,3,4,0
3753,43,18,25,7,6,0,30,19,2,0,2,10,17,0,0,0,0,0,0,1,0,0,0,1.0,1.0,1.0,0.075,0.075,0.0,3,3,0
3754,47,19,28,11,6,0,30,19,1,0,3,10,17,0,0,0,0,0,0,1,0,0,0,1.0,1.0,1.0,0.09302325581395349,0.09302325581395349,0.0,3,4,0
3755,47,19,28,11,6,0,30,19,1,0,3,10,17,0,0,0,0,0,0,0,0,0,0,1.0,1.0,1.0,0.0,0.0,0.0,3,0,0
3756,47,19,28,11,6,0,30,19,1,0,3,10,17,0,0,0,0,0,0,0,0,0,0,1.0,1.0,1.0,0.0,0.0,0.0,3,0,0
3757,47,19,28,11,6,0,30,19,1,0,3,10,17,0,0,0,0,0,0,0,0,0,0,1.0,1.0,1.0,0.0,0.0,0.0,3,0,0
3758,47,19,28,11,6,0,30,19,1,0,3,10,17,0,0,0,0,0,0,0,0,0,0,1.0,1.0,1.0,0.0,0.0,0.0,3,0,0
3759,47,19,28,11,6,0,30,19,1,0,3,10,17,0,0,0,0,0,0,0,0,0,0,1.0,1.0,1.0,0.0,0.0,0.0,3,0,0
3760,47,19,28,11,6,0,30,19,1,0,3,10,17,0,0,0,0,0,0,0,0,0,0,1.0,1.0,1.0,0.0,0.0,0.0,3,0,0
3761,47,19,28,11,6,0,30,19,1,0,3,10,17,0,0,0,0,0,0,0,0,0,0,1.0,1.0,1.0,0.0,0.0,0.0,3,0,0
3762,47,19,28,11,6,0,30,19,1,0,3,10,17,0,0,0,0,0,0,0,0,0,0,1.0,1.0,1.0,0.0,0.0,0.0,3,0,0
3763,47,19,28,11,6,0,30,19,1,0,3,10,17,0,0,0,0,0,0,0,0,0,0,1.0,1.0,1.0,0.0,0.0,0.0,3,0,0
3764,47,19,28,11,6,0,30,19,1,0,3,10,17,0,0,0,0,0,0,0,0,0,0,1.0,1.0,1.0,0.0,0.0,0.0,3,0,0
3765,47,19,28,11,6,0,30,19,1,0,3,10,17,0,0,0,0,0,0,0,0,0,0,1.0,1.0,1.0,0.0,0.0,0.0,3,0,0
3766,46,18,28,10,6,0,30,19,1,0,3,10,17,0,0,0,0,0,0,0,1,0,1,0.9411764705882353,1.0,1.0,0.0,0.0,0.0,3,0,1
3767,46,18,28,10,6,0,30,19,1,0,3,10,17,0,0,0,0,0,0,0,0,0,0,1.0,1.0,1.0,0.0,0.0,0.0,3,0,0
3768,45,17,28,9,6,0,30,19,1,0,3,10,17,0,0,0,0,0,0,0,1,0,1,0.9375,1.0,1.0,0.0,0.0,0.0,3,0,1
3769,45,17,28,9,6,0,30,19,1,0,3,10,17,0,0,0,0,0,0,0,0,0,0,1.0,1.0,1.0,0.0,0.0,0.0,3,0,0
3770,45,17,28,9,6,0,30,19,1,0,3,10,17,0,0,0,0,0,0,0,0,0,0,1.0,1.0,1.0,0.0,0.0,0.0,3,0,0
3771,45,17,28,9,6,0,30,19,1,0,3,10,17,0,0,0,0,0,0,0,0,0,0,1.0,1.0,1.0,0.0,0.0,0.0,3,0,0
3772,44,16,28,9,5,0,30,19,1,0,3,10,17,0,0,0,0,0,0,0,1,0,1,0.9333333333333333,1.0,1.0,0.0,0.0,0.0,3,0,1
3773,44,16,28,9,5,0,30,19,1,0,3,10,17,0,0,0,0,0,0,0,0,0,0,1.0,1.0,1.0,0.0,0.0,0.0,3,0,0
3774,44,16,28,9,5,0,30,19,1,0,3,10,17,0,0,0,0,0,0,0,0,0,0,1.0,1.0,1.0,0.0,0.0,0.0,3,0,0
3775,44,16,28,9,5,0,30,19,1,0,3,10,17,0,0,0,0,0,0,0,0,0,0,1.0,1.0,1.0,0.0,0.0,0.0,3,0,0
3776,43,16,27,8,5,0,30,19,1,0,3,10,17,0,0,0,0,0,0,0,1,0,1,0.9285714285714286,1.0,1.0,0.0,0.0,0.0,3,0,1
3777,42,15,27,8,5,0,29,19,1,0,3,9,17,0,0,0,0,0,0,0,0,0,0,1.0,0.9090909090909091,1.0,0.0,0.0,0.0,3,0,1
3778,42,15,27,8,5,0,29,19,1,0,3,9,17,0,0,0,0,0,0,0,0,0,0,1.0,1.0,1.0,0.0,0.0,0.0,3,0,0
3779,42,15,27,8,5,0,29,19,1,0,3,9,17,0,0,0,0,0,0,0,0,0,0,1.0,1.0,1.0,0.0,0.0,0.0,3,0,0
3780,42,15,27,8,5,0,29,19,1,0,3,9,17,0,0,0,0,0,0,0,0,0,0,1.0,1.0,1.0,0.0,0.0,0.0,3,0,0
3781,42,15,27,8,5,0,29,19,1,0,3,9,17,0,0,0,0,0,0,0,0,0,0,1.0,1.0,1.0,0.0,0.0,0.0,3,0,0
3782,42,15,27,8,5,0,29,19,1,0,3,9,17,0,0,0,0,0,0,0,0,0,0,1.0,1.0,1.0,0.0,0.0,0.0,3,0,0
3783,42,15,27,8,5,0,29,19,1,0,3,9,17,0,0,0,0,0,0,0,0,0,0,1.0,1.0,1.0,0.0,0.0,0.0,3,0,0
3784,42,15,27,8,5,0,29,19,1,0,3,9,17,0,0,0,0,0,0,0,0,0,0,1.0,1.0,1.0,0.0,0.0,0.0,3,0,0
3785,42,15,27,8,5,0,29,19,1,0,3,9,17,0,0,0,0,0,0,0,0,0,0,1.0,1.0,1.0,0.0,0.0,0.0,3,0,0
3786,42,15,27,8,5,0,29,19,1,0,3,9,17,0,0,0,0,0,0,0,0,0,0,1.0,1.0,1.0,0.0,0.0,0.0,3,0,0
3787,42,15,27,8,5,0,29,19,1,0,3,9,17,0,0,0,0,0,0,0,0,0,0,1.0,1.0,1.0,0.0,0.0,0.0,3,0,0
3788,42,15,27,8,5,0,29,19,1,0,3,9,17,0,0,0,0,0,0,0,0,0,0,1.0,1.0,1.0,0.0,0.0,0.0,3,0,0
3789,42,15,27,8,5,0,29,19,1,0,3,9,17,0,0,0,0,0,0,0,0,0,0,1.0,1.0,1.0,0.0,0.0,0.0,3,0,0
3790,42,15,27,8,5,0,29,19,1,0,3,9,17,0,0,0,0,0,0,0,0,0,0,1.0,1.0,1.0,0.0,0.0,0.0,3,0,0
3791,42,15,27,8,5,0,29,19,1,0,3,9,17,0,0,0,0,0,0,0,0,0,0,1.0,1.0,1.0,0.0,0.0,0.0,3,0,0
3792,42,15,27,8,5,0,29,19,1,0,3,9,17,0,0,0,0,0,0,0,0,0,0,1.0,1.0,1.0,0.0,0.0,0.0,3,0,0
3793,42,15,27,8,5,0,29,19,1,0,3,9,17,0,0,0,0,0,0,0,0,0,0,1.0,1.0,1.0,0.0,0.0,0.0,3,0,0
3794,42,15,27,8,5,0,29,19,1,0,3,9,17,0,0,0,0,0,0,0,0,0,0,1.0,1.0,1.0,0.0,0.0,0.0,3,0,0
3795,42,15,27,4,9,0,29,19,1,0,3,9,17,0,0,0,0,0,0,0,0,0,0,1.0,1.0,1.0,0.0,0.0,0.0,3,0,0
3796,42,15,27,4,9,0,29,19,1,0,3,9,17,0,0,0,0,0,0,0,0,0,0,1.0,1.0,1.0,0.0,0.0,0.0,3,0,0
3797,46,16,30,4,13,0,29,19,0,0,3,9,17,0,0,0,0,0,0,1,0,0,0,1.0,1.0,1.0,0.09523809523809523,0.09523809523809523,0.0,3,4,0
3798,44,16,28,4,12,0,28,18,1,0,2,9,16,0,0,0,7,1,0,0,1,0,1,0.9411764705882353,1.0,0.9473684210526316,0.0,0.0,0.14285714285714285,3,0,2
3799,44,16,28,4,12,0,28,18,2,0,1,9,16,0,0,0,2,1,0,0,0,0,0,1.0,1.0,1.0,0.0,0.0,0.5,3,0,0
3800,44,16,28,4,12,0,28,18,3,0,1,9,16,0,0,0,5,1,0,0,0,0,0,1.0,1.0,1.0,0.0,0.0,0.2,3,0,0
3801,44,16,28,4,12,0,28,18,3,0,1,9,16,0,0,0,0,0,0,0,0,0,0,1.0,1.0,1.0,0.0,0.0,0.0,3,0,0
3802,44,16,28,4,12,0,28,18,3,0,1,9,16,0,0,0,0,0,0,0,0,0,0,1.0,1.0,1.0,0.0,0.0,0.0,3,0,0
3803,44,16,28,4,12,0,28,18,3,0,1,9,16,0,0,0,0,0,0,0,0,0,0,1.0,1.0,1.0,0.0,0.0,0.0,3,0,0
3804,44,16,28,4,12,0,28,18,3,0,1,9,16,0,0,0,0,0,0,0,0,0,0,1.0,1.0,1.0,0.0,0.0,0.0,3,0,0
3805,44,16,28,4,12,0,28,18,3,0,1,9,16,0,0,0,0,0,0,0,0,0,0,1.0,1.0,1.0,0.0,0.0,0.0,3,0,0
3806,44,16,28,4,12,0,28,18,3,0,1,9,16,0,0,0,0,0,0,0,0,0,0,1.0,1.0,1.0,0.0,0.0,0.0,3,0,0
3807,44,16,28,4,12,0,28,18,3,0,1,9,16,0,0,0,0,0,0,0,0,0,0,1.0,1.0,1.0,0.0,0.0,0.0,3,0,0
3808,44,16,28,4,12,0,28,18,3,0,1,9,16,0,0,0,0,0,0,0,0,0,0,1.0,1.0,1.0,0.0,0.0,0.0,3,0,0
3809,44,16,28,4,12,0,28,18,3,0,1,9,16,0,0,0,0,0,0,0,0,0,0,1.0,1.0,1.0,0.0,0.0,0.0,3,0,0
3810,44,16,28,4,12,0,28,18,3,0,1,9,16,0,0,0,0,0,0,0,0,0,0,1.0,1.0,1.0,0.0,0.0,0.0,3,0,0
3811,44,16,28,4,12,0,28,18,3,0,1,9,16,0,0,0,0,0,0,0,0,0,0,1.0,1.0,1.0,0.0,0.0,0.0,3,0,0
3812,44,16,28,4,12,0,28,18,3,0,1,9,16,0,0,0,0,0,0,0,0,0,0,1.0,1.0,1.0,0.0,0.0,0.0,3,0,0
3813,44,16,28,4,12,0,28,18,3,0,1,9,16,0,0,0,0,0,0,0,0,0,0,1.0,1.0,1.0,0.0,0.0,0.0,3,0,0
3814,44,16,28,4,12,0,28,18,3,0,1,9,16,0,0,0,0,0,0,0,0,0,0,1.0,1.0,1.0,0.0,0.0,0.0,3,0,0
3815,44,16,28,4,12,0,28,18,3,0,1,9,16,0,0,0,0,0,0,0,0,0,0,1.0,1.0,1.0,0.0,0.0,0.0,3,0,0
3816,44,16,28,4,12,0,28,18,3,0,1,9,16,0,0,0,0,0,0,0,0,0,0,1.0,1.0,1.0,0.0,0.0,0.0,3,0,0
3817,43,16,27,3,12,0,28,18,3,0,1,9,16,0,0,0,0,0,0,0,1,0,1,0.9375,1.0,1.0,0.0,0.0,0.0,3,0,1
3818,43,16,27,3,12,0,28,18,3,0,1,9,16,0,0,0,0,0,0,0,0,0,0,1.0,1.0,1.0,0.0,0.0,0.0,3,0,0
3819,43,16,27,3,12,0,28,18,3,0,1,9,16,0,0,0,0,0,0,0,0,0,0,1.0,1.0,1.0,0.0,0.0,0.0,3,0,0
3820,43,16,27,3,12,0,28,18,3,0,1,9,16,0,0,0,0,0,0,0,0,2,0,1.0,1.0,1.0,0.0,0.0,0.0,3,0,0
3821,43,16,27,3,12,0,28,18,3,0,1,9,16,0,0,0,0,0,0,0,0,3,0,1.0,1.0,1.0,0.0,0.0,0.0,3,0,0
3822,43,16,27,3,12,0,28,18,3,0,1,9,16,0,0,0,0,0,0,0,0,0,0,1.0,1.0,1.0,0.0,0.0,0.0,3,0,0
3823,43,16,27,3,12,0,28,18,3,0,1,9,16,0,0,0,0,0,0,0,0,0,0,1.0,1.0,1.0,0.0,0.0,0.0,3,0,0
3824,43,16,27,3,10,2,28,18,3,0,1,9,16,0,0,0,0,0,0,0,0,0,0,1.0,1.0,1.0,0.0,0.0,0.0,3,0,0
3825,43,16,27,3,7,5,28,18,3,0,1,9,16,0,0,0,0,0,0,0,0,0,0,1.0,1.0,1.0,0.0,0.0,0.0,3,0,0
3826,43,16,27,3,7,5,28,18,3,0,1,9,16,0,0,0,0,0,0,0,0,0,0,1.0,1.0,1.0,0.0,0.0,0.0,3,0,0
3827,43,16,27,3,7,5,28,18,3,0,1,9,16,0,0,0,0,0,0,0,0,0,0,1.0,1.0,1.0,0.0,0.0,0.0,3,0,0
3828,43,16,27,3,7,5,28,18,3,0,1,9,16,0,0,0,0,0,0,0,0,0,0,1.0,1.0,1.0,0.0,0.0,0.0,3,0,0
3829,43,16,27,3,7,5,28,18,3,0,1,9,16,0,0,0,0,0,0,0,0,0,0,1.0,1.0,1.0,0.0,0.0,0.0,3,0,0
3830,43,16,27,3,7,5,28,18,3,0,1,9,16,0,0,0,0,0,0,0,0,0,0,1.0,1.0,1.0,0.0,0.0,0.0,3,0,0
3831,43,16,27,3,7,5,28,18,3,0,1,9,16,0,0,0,0,0,0,0,0,0,0,1.0,1.0,1.0,0.0,0.0,0.0,3,0,0
3832,43,16,27,3,7,5,28,18,3,0,1,9,16,0,0,0,0,0,0,0,0,0,0,1.0,1.0,1.0,0.0,0.0,0.0,3,0,0
3833,43,16,27,3,7,5,28,18,3,0,1,9,16,0,0,0,0,0,0,0,0,0,0,1.0,1.0,1.0,0.0,0.0,0.0,3,0,0
3834,43,16,27,3,7,5,28,18,3,0,1,9,16,0,0,0,0,0,0,0,0,0,0,1.0,1.0,1.0,0.0,0.0,0.0,3,0,0
3835,43,16,27,3,7,5,28,18,3,0,1,9,16,0,0,0,0,0,0,0,0,0,0,1.0,1.0,1.0,0.0,0.0,0.0,3,0,0
3836,43,16,27,3,7,5,28,18,3,0,1,10,16,1,0,0,0,0,0,0,0,0,0,1.0,1.0,1.0,0.0,0.0,0.0,3,0,0
3837,43,16,27,3,7,5,28,18,3,0,1,10,16,0,0,0,0,0,0,0,0,0,0,1.0,1.0,1.0,0.0,0.0,0.0,3,0,0
3838,43,16,27,3,7,5,28,18,3,0,1,10,16,0,0,0,0,0,0,0,0,0,0,1.0,1.0,1.0,0.0,0.0,0.0,3,0,0
3839,43,16,27,3,7,5,28,18,3,0,1,10,16,0,0,0,0,0,0,0,0,0,0,1.0,1.0,1.0,0.0,0.0,0.0,3,0,0
3840,43,16,27,0,10,5,28,18,3,0,1,10,16,0,0,0,0,0,0,0,0,0,0,1.0,1.0,1.0,0.0,0.0,0.0,3,0,0
3841,43,16,27,0,10,5,28,18,3,0,1,10,16,0,0,0,0,0,0,0,0,0,0,1.0,1.0,1.0,0.0,0.0,0.0,3,0,0
3842,43,16,27,0,10,5,28,18,3,0,0,10,16,0,0,0,0,0,0,0,0,0,0,1.0,1.0,1.0,0.0,0.0,0.0,3,0,0
3843,43,16,27,0,10,5,28,18,3,0,0,10,16,0,0,0,0,0,0,0,0,0,0,1.0,1.0,1.0,0.0,0.0,0.0,3,0,0
3844,43,16,27,0,10,5,28,18,3,0,0,10,16,0,0,0,0,0,0,0,0,0,0,1.0,1.0,1.0,0.0,0.0,0.0,3,0,0
3845,43,16,27,0,10,5,28,18,3,0,0,10,16,0,0,0,0,0,0,0,0,0,0,1.0,1.0,1.0,0.0,0.0,0.0,3,0,0
3846,43,16,27,0,10,5,28,18,3,0,0,10,16,0,0,0,0,0,0,0,0,0,0,1.0,1.0,1.0,0.0,0.0,0.0,3,0,0
3847,43,16,27,0,10,5,28,18,3,0,0,10,16,0,0,0,0,0,0,0,0,0,0,1.0,1.0,1.0,0.0,0.0,0.0,3,0,0
3848,43,16,27,0,10,5,28,18,3,0,0,10,16,0,0,0,0,0,0,0,0,0,0,1.0,1.0,1.0,0.0,0.0,0.0,3,0,0
3849,43,16,27,0,10,5,28,18,3,0,0,10,16,0,0,0,0,0,0,0,0,0,0,1.0,1.0,1.0,0.0,0.0,0.0,3,0,0
3850,43,16,27,0,10,5,28,18,3,0,0,10,16,0,0,0,0,0,0,0,0,0,0,1.0,1.0,1.0,0.0,0.0,0.0,3,0,0
3851,43,16,27,0,10,5,28,18,3,0,0,10,16,0,0,0,0,0,0,0,0,0,0,1.0,1.0,1.0,0.0,0.0,0.0,3,0,0
3852,43,16,27,0,10,5,28,18,3,0,0,10,16,0,0,0,0,0,0,0,0,0,0,1.0,1.0,1.0,0.0,0.0,0.0,3,0,0
3853,43,16,27,0,10,5,28,18,3,0,0,10,16,0,0,0,0,0,0,0,0,0,0,1.0,1.0,1.0,0.0,0.0,0.0,3,0,0
3854,43,16,27,0,10,5,28,18,3,0,0,10,16,0,0,0,0,0,0,0,0,0,0,1.0,1.0,1.0,0.0,0.0,0.0,3,0,0
3855,43,16,27,0,10,5,28,18,3,0,0,10,16,0,0,0,0,0,0,0,0,0,0,1.0,1.0,1.0,0.0,0.0,0.0,3,0,0
3856,43,16,27,0,10,5,28,18,3,0,0,10,16,0,0,0,0,0,0,0,0,0,0,1.0,1.0,1.0,0.0,0.0,0.0,3,0,0
3857,43,16,27,0,10,5,28,18,3,0,0,10,16,0,0,0,0,0,0,0,0,0,0,1.0,1.0,1.0,0.0,0.0,0.0,3,0,0
3858,43,16,27,0,10,5,28,18,3,0,0,10,16,0,0,0,0,0,0,0,0,0,0,1.0,1.0,1.0,0.0,0.0,0.0,3,0,0
3859,43,16,27,0,10,5,28,18,3,0,0,10,16,0,0,0,0,0,0,0,0,0,0,1.0,1.0,1.0,0.0,0.0,0.0,3,0,0
3860,43,16,27,0,10,5,28,18,3,0,0,10,16,0,0,0,0,0,0,0,0,0,0,1.0,1.0,1.0,0.0,0.0,0.0,3,0,0
3861,43,16,27,0,10,5,28,18,3,0,0,10,16,0,0,0,0,0,0,0,0,0,0,1.0,1.0,1.0,0.0,0.0,0.0,3,0,0
3862,43,16,27,0,10,5,28,18,3,0,0,10,16,0,0,0,0,0,0,0,0,0,0,1.0,1.0,1.0,0.0,0.0,0.0,3,0,0
3863,47,20,27,4,10,5,28,18,2,0,1,10,16,0,0,0,0,0,0,1,0,0,0,1.0,1.0,1.0,0.09302325581395349,0.09302325581395349,0.0,3,4,0
3864,50,20,30,7,10,5,28,18,1,0,2,10,16,0,0,0,0,0,0,1,1,0,1,0.9285714285714286,1.0,1.0,0.0851063829787234,0.0851063829787234,0.0,3,4,1
3865,54,21,33,11,10,5,28,18,0,0,3,10,16,0,0,0,0,0,0,1,0,0,0,1.0,1.0,1.0,0.08,0.08,0.0,3,4,0
3866,54,21,33,11,10,5,28,18,0,0,3,10,16,0,0,0,0,0,0,0,0,0,0,1.0,1.0,1.0,0.0,0.0,0.0,3,0,0
3867,54,21,33,11,10,5,28,18,0,0,3,10,16,0,0,0,0,0,0,0,0,0,0,1.0,1.0,1.0,0.0,0.0,0.0,3,0,0
3868,52,19,33,10,9,5,28,18,0,0,3,10,16,0,0,0,0,0,0,0,2,0,2,0.9047619047619048,1.0,1.0,0.0,0.0,0.0,3,0,2
3869,51,19,32,10,8,5,28,18,0,0,3,10,16,0,0,0,0,0,0,0,1,0,1,0.9473684210526316,1.0,1.0,0.0,0.0,0.0,3,0,1
3870,51,19,32,10,8,5,28,18,0,0,3,10,16,0,0,0,0,0,0,0,0,0,0,1.0,1.0,1.0,0.0,0.0,0.0,3,0,0
3871,50,18,32,10,8,4,28,18,0,0,3,10,16,0,0,0,0,0,0,0,0,0,0,1.0,1.0,1.0,0.0,0.0,0.0,3,0,1
3872,50,18,32,10,8,4,28,18,0,0,3,10,16,0,0,0,0,0,0,0,0,0,0,1.0,1.0,1.0,0.0,0.0,0.0,3,0,0
3873,50,18,32,10,8,4,28,18,0,0,3,10,16,0,0,0,0,0,0,0,0,0,0,1.0,1.0,1.0,0.0,0.0,0.0,3,0,0
3874,50,18,32,10,8,4,28,18,0,0,3,10,16,0,0,0,0,0,0,0,0,0,0,1.0,1.0,1.0,0.0,0.0,0.0,3,0,0
3875,50,18,32,10,8,4,28,18,0,0,3,10,16,0,0,0,0,0,0,0,0,0,0,1.0,1.0,1.0,0.0,0.0,0.0,3,0,0
3876,50,18,32,10,8,4,28,18,0,0,3,10,16,0,0,0,0,0,0,0,0,0,0,1.0,1.0,1.0,0.0,0.0,0.0,3,0,0
3877,50,18,32,10,8,4,28,18,0,0,3,10,16,0,0,0,0,0,0,0,0,0,0,1.0,1.0,1.0,0.0,0.0,0.0,3,0,0
3878,50,18,32,10,8,4,28,18,0,0,3,10,16,0,0,0,0,0,0,0,0,0,0,1.0,1.0,1.0,0.0,0.0,0.0,3,0,0
3879,49,17,32,9,8,4,28,18,0,0,3,10,16,0,0,0,0,0,0,0,1,0,1,0.9444444444444444,1.0,1.0,0.0,0.0,0.0,3,0,1
3880,49,17,32,9,8,4,28,18,0,0,3,10,16,0,0,0,0,0,0,0,0,0,0,1.0,1.0,1.0,0.0,0.0,0.0,3,0,0
3881,49,17,32,9,8,4,28,18,0,0,3,10,16,0,0,0,0,0,0,0,0,0,0,1.0,1.0,1.0,0.0,0.0,0.0,3,0,0
3882,49,17,32,9,8,4,28,18,0,0,3,10,16,0,0,0,0,0,0,0,0,0,0,1.0,1.0,1.0,0.0,0.0,0.0,3,0,0
3883,49,17,32,9,8,4,28,18,0,0,3,10,16,0,0,0,0,0,0,0,0,0,0,1.0,1.0,1.0,0.0,0.0,0.0,3,0,0
3884,49,17,32,9,8,4,28,18,0,0,3,10,16,0,0,0,0,0,0,0,0,0,0,1.0,1.0,1.0,0.0,0.0,0.0,3,0,0
3885,49,17,32,9,8,4,28,18,0,0,3,10,16,0,0,0,0,0,0,0,0,0,0,1.0,1.0,1.0,0.0,0.0,0.0,3,0,0
3886,49,17,32,9,8,4,28,18,0,0,3,10,16,0,0,0,0,0,0,0,0,0,0,1.0,1.0,1.0,0.0,0.0,0.0,3,0,0
3887,49,17,32,9,8,4,28,18,0,0,3,10,16,0,0,0,0,0,0,0,0,0,0,1.0,1.0,1.0,0.0,0.0,0.0,3,0,0
3888,49,17,32,9,8,4,28,18,0,0,3,10,16,0,0,0,0,0,0,0,0,0,0,1.0,1.0,1.0,0.0,0.0,0.0,3,0,0
3889,47,16,31,9,6,4,28,18,0,0,3,10,16,0,0,0,0,0,0,0,2,0,2,0.8823529411764706,1.0,1.0,0.0,0.0,0.0,3,0,2
3890,47,16,31,9,6,4,28,18,0,0,3,10,16,0,0,0,0,0,0,0,0,0,0,1.0,1.0,1.0,0.0,0.0,0.0,3,0,0
3891,47,16,31,9,6,4,28,18,0,0,3,10,16,0,0,0,0,0,0,0,0,0,0,1.0,1.0,1.0,0.0,0.0,0.0,3,0,0
3892,47,16,31,9,6,4,28,18,0,0,3,10,16,0,0,0,0,0,0,0,0,0,0,1.0,1.0,1.0,0.0,0.0,0.0,3,0,0
3893,47,16,31,9,6,4,28,18,0,0,3,10,16,0,0,0,0,0,0,0,0,0,0,1.0,1.0,1.0,0.0,0.0,0.0,3,0,0
3894,47,16,31,9,6,4,28,18,0,0,3,10,16,0,0,0,0,0,0,0,0,0,0,1.0,1.0,1.0,0.0,0.0,0.0,3,0,0
3895,47,16,31,9,6,4,28,18,0,0,3,10,16,0,0,0,0,0,0,0,0,0,0,1.0,1.0,1.0,0.0,0.0,0.0,3,0,0
3896,47,16,31,9,6,4,28,18,0,0,3,10,16,0,0,0,0,0,0,0,0,0,0,1.0,1.0,1.0,0.0,0.0,0.0,3,0,0
3897,47,16,31,9,6,4,28,18,0,0,3,10,16,0,0,0,0,0,0,0,0,0,0,1.0,1.0,1.0,0.0,0.0,0.0,3,0,0
3898,47,16,31,9,6,4,28,18,0,0,3,10,16,0,0,0,0,0,0,0,0,0,0,1.0,1.0,1.0,0.0,0.0,0.0,3,0,0
3899,47,16,31,9,6,4,28,18,0,0,3,10,16,0,0,0,0,0,0,0,0,0,0,1.0,1.0,1.0,0.0,0.0,0.0,3,0,0
3900,47,16,31,9,6,4,28,18,0,0,3,10,16,0,0,0,0,0,0,0,0,0,0,1.0,1.0,1.0,0.0,0.0,0.0,3,0,0
3901,47,16,31,9,6,4,28,18,0,0,3,10,16,0,0,0,0,0,0,0,0,0,0,1.0,1.0,1.0,0.0,0.0,0.0,3,0,0
3902,47,16,31,9,6,4,28,18,0,0,3,10,16,0,0,0,0,0,0,0,0,0,0,1.0,1.0,1.0,0.0,0.0,0.0,3,0,0
3903,47,16,31,9,6,4,28,18,0,0,3,10,16,0,0,0,0,0,0,0,0,0,0,1.0,1.0,1.0,0.0,0.0,0.0,3,0,0
3904,47,16,31,9,6,4,28,18,0,0,3,10,16,0,0,0,0,0,0,0,0,0,0,1.0,1.0,1.0,0.0,0.0,0.0,3,0,0
3905,46,15,31,8,6,4,28,18,0,0,3,10,16,0,0,0,0,0,0,0,1,0,1,0.9333333333333333,1.0,1.0,0.0,0.0,0.0,3,0,1
3906,46,15,31,7,7,4,28,18,0,0,3,10,16,0,0,0,0,0,0,0,0,0,0,1.0,1.0,1.0,0.0,0.0,0.0,3,0,0
3907,46,15,31,4,10,4,28,18,0,0,3,10,16,0,0,0,0,0,0,0,0,0,0,1.0,1.0,1.0,0.0,0.0,0.0,3,0,0
3908,46,15,31,0,14,4,28,18,0,0,2,10,16,0,0,0,0,0,0,0,0,0,0,1.0,1.0,1.0,0.0,0.0,0.0,3,0,0
3909,46,15,31,0,14,4,28,18,0,0,1,10,16,0,0,0,7,0,0,0,0,0,0,1.0,1.0,1.0,0.0,0.0,0.0,3,0,0
3910,46,15,31,0,14,4,28,18,0,1,0,10,16,0,0,0,7,0,1,0,0,0,0,1.0,1.0,1.0,0.0,0.0,0.0,3,0,0
3911,46,15,31,0,14,4,28,18,1,1,0,10,16,0,0,0,7,1,0,0,0,0,0,1.0,1.0,1.0,0.0,0.0,0.14285714285714285,3,0,0
3912,46,15,31,0,14,4,28,18,1,1,0,10,16,0,0,0,2,0,0,0,0,0,0,1.0,1.0,1.0,0.0,0.0,0.0,3,0,0
3913,45,15,30,0,13,3,29,19,2,1,0,10,16,0,0,0,2,1,0,0,1,0,1,0.9285714285714286,1.0,1.0,0.0,0.0,0.5,3,0,1
3914,45,15,30,0,13,3,29,19,2,1,0,10,16,0,0,0,0,0,0,0,0,0,0,1.0,1.0,1.0,0.0,0.0,0.0,3,0,0
3915,45,15,30,0,13,3,29,19,2,1,0,10,16,0,0,0,0,0,0,0,0,0,0,1.0,1.0,1.0,0.0,0.0,0.0,3,0,0
3916,45,15,30,0,13,3,29,19,2,1,0,10,16,0,0,0,0,0,0,0,0,0,0,1.0,1.0,1.0,0.0,0.0,0.0,3,0,0
3917,45,15,30,0,13,2,30,20,3,1,0,10,16,0,0,0,8,1,0,0,0,0,0,1.0,1.0,1.0,0.0,0.0,0.125,3,0,0
3918,45,15,30,0,13,2,30,20,3,1,0,10,16,0,0,0,0,0,0,0,0,0,0,1.0,1.0,1.0,0.0,0.0,0.0,3,0,0
3919,45,15,30,0,13,2,30,20,3,1,0,10,16,0,0,0,0,0,0,0,0,0,0,1.0,1.0,1.0,0.0,0.0,0.0,3,0,0
3920,45,15,30,0,13,2,30,20,3,1,0,10,16,0,0,0,0,0,0,0,0,0,0,1.0,1.0,1.0,0.0,0.0,0.0,3,0,0
3921,45,15,30,0,13,2,30,20,3,1,0,10,16,0,0,0,0,0,0,0,0,0,0,1.0,1.0,1.0,0.0,0.0,0.0,3,0,0
3922,45,15,30,0,13,2,30,20,3,1,0,10,16,0,0,0,0,0,0,0,0,0,0,1.0,1.0,1.0,0.0,0.0,0.0,3,0,0
3923,45,15,30,0,13,2,30,20,3,1,0,10,16,0,0,0,0,0,0,0,0,0,0,1.0,1.0,1.0,0.0,0.0,0.0,3,0,0
3924,45,15,30,0,13,2,30,20,3,1,0,10,16,0,0,0,0,0,0,0,0,0,0,1.0,1.0,1.0,0.0,0.0,0.0,3,0,0
3925,44,15,29,0,12,2,30,20,3,1,0,11,16,1,0,0,0,0,0,0,1,0,1,0.9230769230769231,1.0,1.0,0.0,0.0,0.0,3,0,1
3926,44,15,29,0,12,2,30,20,3,1,0,12,16,1,0,0,0,0,0,0,0,0,0,1.0,1.0,1.0,0.0,0.0,0.0,3,0,0
3927,44,15,29,0,12,2,30,20,3,1,0,14,16,2,0,0,0,0,0,0,0,0,0,1.0,1.0,1.0,0.0,0.0,0.0,3,0,0
3928,44,15,29,0,12,2,30,20,3,1,0,14,16,0,0,0,0,0,0,0,0,0,0,1.0,1.0,1.0,0.0,0.0,0.0,3,0,0
3929,44,15,29,0,12,2,30,20,3,1,0,14,17,0,1,0,0,0,0,0,0,0,0,1.0,1.0,1.0,0.0,0.0,0.0,3,0,0
3930,44,15,29,0,12,2,30,20,3,1,0,14,17,0,0,0,0,0,0,0,0,0,0,1.0,1.0,1.0,0.0,0.0,0.0,3,0,0
3931,44,15,29,0,12,2,30,20,3,1,0,14,17,0,0,0,0,0,0,0,0,0,0,1.0,1.0,1.0,0.0,0.0,0.0,3,0,0
3932,44,15,29,0,12,2,30,20,3,1,0,14,17,0,0,0,0,0,0,0,0,2,0,1.0,1.0,1.0,0.0,0.0,0.0,3,0,0
3933,44,15,29,0,12,2,30,20,3,1,0,14,17,0,0,0,0,0,0,0,0,0,0,1.0,1.0,1.0,0.0,0.0,0.0,3,0,0
3934,44,15,29,0,12,2,30,20,3,1,0,14,17,0,0,0,0,0,0,0,0,2,0,1.0,1.0,1.0,0.0,0.0,0.0,3,0,0
3935,44,15,29,0,12,2,30,20,3,1,0,14,17,0,0,0,0,0,0,0,0,0,0,1.0,1.0,1.0,0.0,0.0,0.0,3,0,0
3936,43,14,29,0,9,4,30,20,3,1,0,13,17,0,0,0,0,0,0,0,0,0,0,0.9,1.0,1.0,0.0,0.0,0.0,3,0,1
3937,43,14,29,0,9,4,30,20,3,1,0,13,17,0,0,0,0,0,0,0,0,0,0,1.0,1.0,1.0,0.0,0.0,0.0,3,0,0
3938,43,14,29,0,8,5,30,20,3,1,0,13,17,0,0,0,0,0,0,0,0,0,0,1.0,1.0,1.0,0.0,0.0,0.0,3,0,0
3939,43,14,29,0,8,5,30,20,3,1,0,13,17,0,0,0,0,0,0,0,0,0,0,1.0,1.0,1.0,0.0,0.0,0.0,3,0,0
3940,43,14,29,0,8,5,30,20,3,1,0,13,17,0,0,0,0,0,0,0,0,0,0,1.0,1.0,1.0,0.0,0.0,0.0,3,0,0
3941,43,14,29,0,8,5,30,20,3,1,0,13,17,0,0,0,0,0,0,0,0,0,0,1.0,1.0,1.0,0.0,0.0,0.0,3,0,0
3942,43,14,29,0,8,5,30,20,3,1,0,13,17,0,0,0,0,0,0,0,0,0,0,1.0,1.0,1.0,0.0,0.0,0.0,3,0,0
3943,43,14,29,0,8,5,30,20,3,1,0,13,17,0,0,0,0,0,0,0,0,0,0,1.0,1.0,1.0,0.0,0.0,0.0,3,0,0
3944,43,14,29,0,8,5,30,20,3,1,0,13,17,0,0,0,0,0,0,0,0,0,0,1.0,1.0,1.0,0.0,0.0,0.0,3,0,0
3945,43,14,29,0,8,5,30,20,3,1,0,13,17,0,0,0,0,0,0,0,0,0,0,1.0,1.0,1.0,0.0,0.0,0.0,3,0,0
3946,43,14,29,0,8,5,30,20,3,1,0,13,17,0,0,0,0,0,0,0,0,0,0,1.0,1.0,1.0,0.0,0.0,0.0,3,0,0
3947,42,14,28,0,8,5,29,19,3,1,0,13,16,0,0,0,0,0,0,0,0,0,0,1.0,1.0,0.95,0.0,0.0,0.0,3,0,1
3948,42,14,28,0,8,5,29,19,3,1,0,13,16,0,0,0,0,0,0,0,0,0,0,1.0,1.0,1.0,0.0,0.0,0.0,3,0,0
3949,42,14,28,0,8,5,29,19,3,1,0,13,16,0,0,0,0,0,0,0,0,0,0,1.0,1.0,1.0,0.0,0.0,0.0,3,0,0
3950,42,14,28,0,8,5,29,19,3,1,0,13,16,0,0,0,0,0,0,0,0,0,0,1.0,1.0,1.0,0.0,0.0,0.0,3,0,0
3951,42,14,28,0,8,5,29,19,3,1,0,13,16,0,0,0,0,0,0,0,0,0,0,1.0,1.0,1.0,0.0,0.0,0.0,3,0,0
3952,42,14,28,0,8,5,29,19,3,1,0,13,16,0,0,0,0,0,0,0,0,0,0,1.0,1.0,1.0,0.0,0.0,0.0,3,0,0
3953,42,14,28,0,8,5,29,19,3,1,0,13,16,0,0,0,0,0,0,0,0,0,0,1.0,1.0,1.0,0.0,0.0,0.0,3,0,0
3954,42,14,28,0,8,5,29,19,3,1,0,13,16,0,0,0,0,0,0,0,0,0,0,1.0,1.0,1.0,0.0,0.0,0.0,3,0,0
3955,42,14,28,0,8,5,29,19,3,0,0,13,16,0,0,0,0,0,0,0,0,0,0,1.0,1.0,1.0,0.0,0.0,0.0,3,0,0
3956,42,14,28,0,8,5,29,19,3,0,0,13,16,0,0,0,0,0,0,0,0,0,0,1.0,1.0,1.0,0.0,0.0,0.0,3,0,0
3957,42,14,28,0,8,5,29,19,3,0,0,13,16,0,0,0,0,0,0,0,0,0,0,1.0,1.0,1.0,0.0,0.0,0.0,3,0,0
3958,41,13,28,0,8,5,28,19,3,0,0,12,16,0,0,0,0,0,0,0,0,0,0,1.0,0.9,1.0,0.0,0.0,0.0,3,0,1
3959,41,13,28,0,8,4,29,19,3,0,0,12,16,0,0,0,0,0,0,0,0,0,0,1.0,1.0,1.0,0.0,0.0,0.0,3,0,0
3960,41,13,28,0,8,3,30,19,3,0,0,12,16,0,0,0,0,0,0,0,0,0,0,1.0,1.0,1.0,0.0,0.0,0.0,3,0,0
3961,41,13,28,0,8,3,30,19,3,0,0,12,16,0,0,0,0,0,0,0,0,0,0,1.0,1.0,1.0,0.0,0.0,0.0,3,0,0
3962,41,13,28,0,8,3,30,19,3,0,0,12,16,0,0,0,0,0,0,0,0,0,0,1.0,1.0,1.0,0.0,0.0,0.0,3,0,0
3963,41,13,28,0,8,3,30,19,3,0,0,12,16,0,0,0,0,0,0,0,0,0,0,1.0,1.0,1.0,0.0,0.0,0.0,3,0,0
3964,41,13,28,0,8,3,30,19,3,0,0,12,16,0,0,0,0,0,0,0,0,0,0,1.0,1.0,1.0,0.0,0.0,0.0,3,0,0
3965,41,13,28,0,8,3,30,19,3,0,0,12,16,0,0,0,0,0,0,0,0,0,0,1.0,1.0,1.0,0.0,0.0,0.0,3,0,0
3966,41,13,28,0,8,3,30,19,3,0,0,12,16,0,0,0,0,0,0,0,0,0,0,1.0,1.0,1.0,0.0,0.0,0.0,3,0,0
3967,41,13,28,0,8,3,30,19,3,0,0,12,16,0,0,0,0,0,0,0,0,0,0,1.0,1.0,1.0,0.0,0.0,0.0,3,0,0
3968,41,13,28,0,8,3,30,19,3,0,0,12,16,0,0,0,0,0,0,0,0,0,0,1.0,1.0,1.0,0.0,0.0,0.0,3,0,0
3969,41,13,28,0,8,3,30,19,3,0,0,12,16,0,0,0,0,0,0,0,0,0,0,1.0,1.0,1.0,0.0,0.0,0.0,3,0,0
3970,41,13,28,0,8,3,30,19,3,0,0,12,16,0,0,0,0,0,0,0,0,0,0,1.0,1.0,1.0,0.0,0.0,0.0,3,0,0
3971,41,13,28,0,8,3,30,19,3,0,0,12,16,0,0,0,0,0,0,0,0,0,0,1.0,1.0,1.0,0.0,0.0,0.0,3,0,0
3972,41,13,28,0,8,3,30,19,3,0,0,12,16,0,0,0,0,0,0,0,0,0,0,1.0,1.0,1.0,0.0,0.0,0.0,3,0,0
3973,41,13,28,0,8,3,30,19,3,0,0,12,16,0,0,0,0,0,0,0,0,0,0,1.0,1.0,1.0,0.0,0.0,0.0,3,0,0
3974,41,13,28,0,8,3,30,19,3,0,0,12,16,0,0,0,0,0,0,0,0,0,0,1.0,1.0,1.0,0.0,0.0,0.0,3,0,0
3975,41,13,28,0,8,3,30,19,3,0,0,12,16,0,0,0,0,0,0,0,0,0,0,1.0,1.0,1.0,0.0,0.0,0.0,3,0,0
3976,45,15,30,4,8,3,30,19,2,0,1,12,16,0,0,0,0,0,0,1,0,0,0,1.0,1.0,1.0,0.0975609756097561,0.0975609756097561,0.0,3,4,0
3977,44,15,29,3,8,3,30,19,2,0,1,12,16,0,0,0,0,0,0,0,1,1,1,0.9166666666666666,1.0,1.0,0.0,0.0,0.0,3,0,1
3978,48,17,31,7,8,3,30,19,1,0,2,12,16,0,0,0,0,0,0,1,0,0,0,1.0,1.0,1.0,0.09090909090909091,0.09090909090909091,0.0,3,4,0
3979,48,17,31,7,8,3,30,19,1,0,2,12,16,0,0,0,0,0,0,0,0,0,0,1.0,1.0,1.0,0.0,0.0,0.0,3,0,0
3980,47,17,30,7,8,3,29,18,1,0,2,12,15,0,0,0,0,0,0,0,0,0,0,1.0,1.0,0.9473684210526316,0.0,0.0,0.0,3,0,1
3981,47,17,30,7,7,4,29,18,1,0,2,12,15,0,0,0,0,0,0,0,0,0,0,1.0,1.0,1.0,0.0,0.0,0.0,3,0,0
3982,49,18,31,10,7,4,28,17,0,0,3,12,14,0,0,0,0,0,0,1,0,0,0,1.0,1.0,0.9444444444444444,0.06382978723404255,0.06382978723404255,0.0,3,3,1
3983,48,18,30,10,6,4,28,17,0,0,3,12,14,0,0,0,0,0,0,0,1,0,1,0.9411764705882353,1.0,1.0,0.0,0.0,0.0,3,0,1
3984,48,18,30,10,6,4,28,17,0,0,3,12,14,0,0,0,0,0,0,0,0,0,0,1.0,1.0,1.0,0.0,0.0,0.0,3,0,0
3985,48,18,30,10,6,4,28,17,0,0,3,12,14,0,0,0,0,0,0,0,0,0,0,1.0,1.0,1.0,0.0,0.0,0.0,3,0,0
3986,47,17,30,10,5,4,28,17,0,0,3,11,14,0,0,0,0,0,0,0,1,0,1,0.9375,1.0,1.0,0.0,0.0,0.0,3,0,1
3987,47,17,30,10,5,4,28,17,0,0,3,11,14,0,0,0,0,0,0,0,0,0,0,1.0,1.0,1.0,0.0,0.0,0.0,3,0,0
3988,47,17,30,10,5,4,28,17,0,0,3,11,14,0,0,0,0,0,0,0,0,0,0,1.0,1.0,1.0,0.0,0.0,0.0,3,0,0
3989,47,17,30,10,5,4,28,17,0,0,3,11,14,0,0,0,0,0,0,0,0,0,0,1.0,1.0,1.0,0.0,0.0,0.0,3,0,0
3990,47,17,30,10,5,4,28,17,0,0,3,11,14,0,0,0,0,0,0,0,0,0,0,1.0,1.0,1.0,0.0,0.0,0.0,3,0,0
3991,47,17,30,10,5,4,28,17,0,0,3,11,14,0,0,0,0,0,0,0,0,0,0,1.0,1.0,1.0,0.0,0.0,0.0,3,0,0
3992,47,17,30,10,5,4,28,17,0,0,3,11,14,0,0,0,0,0,0,0,0,0,0,1.0,1.0,1.0,0.0,0.0,0.0,3,0,0
3993,47,17,30,10,5,4,28,17,0,0,3,11,14,0,0,0,0,0,0,0,0,0,0,1.0,1.0,1.0,0.0,0.0,0.0,3,0,0
3994,47,17,30,10,5,4,28,17,0,0,3,11,14,0,0,0,0,0,0,0,0,0,0,1.0,1.0,1.0,0.0,0.0,0.0,3,0,0
3995,47,17,30,10,5,4,28,17,0,0,3,11,14,0,0,0,0,0,0,0,0,0,0,1.0,1.0,1.0,0.0,0.0,0.0,3,0,0
3996,47,17,30,10,5,4,28,17,0,0,3,11,14,0,0,0,0,0,0,0,0,0,0,1.0,1.0,1.0,0.0,0.0,0.0,3,0,0
3997,47,17,30,10,5,4,28,17,0,0,3,11,14,0,0,0,0,0,0,0,0,0,0,1.0,1.0,1.0,0.0,0.0,0.0,3,0,0
3998,47,17,30,10,5,4,28,17,0,0,3,11,14,0,0,0,0,0,0,0,0,0,0,1.0,1.0,1.0,0.0,0.0,0.0,3,0,0
3999,47,17,30,10,5,4,28,17,0,0,3,11,14,0,0,0,0,0,0,0,0,0,0,1.0,1.0,1.0,0.0,0.0,0.0,3,0,0
4000,47,17,30,10,5,4,28,17,0,0,3,11,14,0,0,0,0,0,0,0,0,0,0,1.0,1.0,1.0,0.0,0.0,0.0,3,0,0
4001,47,17,30,10,5,4,28,17,0,0,3,11,14,0,0,0,0,0,0,0,0,0,0,1.0,1.0,1.0,0.0,0.0,0.0,3,0,0
4002,47,17,30,10,5,4,28,17,0,0,3,11,14,0,0,0,0,0,0,0,0,0,0,1.0,1.0,1.0,0.0,0.0,0.0,3,0,0
4003,47,17,30,10,5,4,28,17,0,0,3,11,14,0,0,0,0,0,0,0,0,0,0,1.0,1.0,1.0,0.0,0.0,0.0,3,0,0
4004,47,17,30,10,5,4,28,17,0,0,3,11,14,0,0,0,0,0,0,0,0,0,0,1.0,1.0,1.0,0.0,0.0,0.0,3,0,0
4005,47,17,30,10,5,4,28,17,0,0,3,11,14,0,0,0,0,0,0,0,0,0,0,1.0,1.0,1.0,0.0,0.0,0.0,3,0,0
4006,46,17,29,9,5,4,28,17,0,0,3,11,14,0,0,0,0,0,0,0,1,0,1,0.9333333333333333,1.0,1.0,0.0,0.0,0.0,3,0,1
4007,46,17,29,9,5,4,28,17,0,0,3,11,14,0,0,0,0,0,0,0,0,0,0,1.0,1.0,1.0,0.0,0.0,0.0,3,0,0
4008,46,17,29,9,5,4,28,17,0,0,3,11,14,0,0,0,0,0,0,0,0,0,0,1.0,1.0,1.0,0.0,0.0,0.0,3,0,0
4009,45,16,29,8,5,4,28,17,0,0,3,11,14,0,0,0,0,0,0,0,1,0,1,0.9285714285714286,1.0,1.0,0.0,0.0,0.0,3,0,1
4010,45,16,29,8,5,4,28,17,0,0,3,11,14,0,0,0,0,0,0,0,0,0,0,1.0,1.0,1.0,0.0,0.0,0.0,3,0,0
4011,45,16,29,8,5,4,28,17,0,0,3,11,14,0,0,0,0,0,0,0,0,0,0,1.0,1.0,1.0,0.0,0.0,0.0,3,0,0
4012,44,16,28,8,5,3,28,17,0,0,3,11,14,0,0,0,0,0,0,0,0,0,0,1.0,1.0,1.0,0.0,0.0,0.0,3,0,1
4013,44,16,28,8,5,3,28,17,0,0,3,11,14,0,0,0,0,0,0,0,0,0,0,1.0,1.0,1.0,0.0,0.0,0.0,3,0,0
4014,44,16,28,8,5,3,28,17,0,0,3,11,14,0,0,0,0,0,0,0,0,0,0,1.0,1.0,1.0,0.0,0.0,0.0,3,0,0
4015,44,16,28,8,5,3,28,17,0,0,3,11,14,0,0,0,0,0,0,0,0,0,0,1.0,1.0,1.0,0.0,0.0,0.0,3,0,0
4016,44,16,28,8,5,3,28,17,0,0,3,11,15,0,1,0,0,0,0,0,0,0,0,1.0,1.0,1.0,0.0,0.0,0.0,3,0,0
4017,44,16,28,8,5,3,28,17,0,0,3,11,15,0,0,0,0,0,0,0,0,0,0,1.0,1.0,1.0,0.0,0.0,0.0,3,0,0
4018,44,16,28,8,5,3,28,17,0,0,3,11,15,0,0,0,0,0,0,0,0,0,0,1.0,1.0,1.0,0.0,0.0,0.0,3,0,0
4019,44,16,28,6,7,3,28,17,0,0,3,11,15,0,0,0,0,0,0,0,0,0,0,1.0,1.0,1.0,0.0,0.0,0.0,3,0,0
4020,44,16,28,6,7,3,28,17,0,0,3,11,15,0,0,0,0,0,0,0,0,0,0,1.0,1.0,1.0,0.0,0.0,0.0,3,0,0
4021,44,16,28,3,10,3,28,17,0,0,2,11,15,0,0,0,0,0,0,0,0,0,0,1.0,1.0,1.0,0.0,0.0,0.0,3,0,0
4022,44,16,28,3,10,3,28,17,0,0,2,11,15,0,0,0,0,0,0,0,0,0,0,1.0,1.0,1.0,0.0,0.0,0.0,3,0,0
4023,44,16,28,3,10,3,28,17,0,0,1,11,15,0,0,0,0,0,0,0,0,0,0,1.0,1.0,1.0,0.0,0.0,0.0,3,0,0
4024,43,15,28,3,9,3,28,17,0,0,1,11,15,0,0,0,0,0,0,0,1,0,1,0.9230769230769231,1.0,1.0,0.0,0.0,0.0,3,0,1
4025,43,15,28,0,12,3,28,17,0,0,1,11,15,0,0,0,0,0,0,0,0,0,0,1.0,1.0,1.0,0.0,0.0,0.0,3,0,0
4026,43,15,28,0,12,3,28,17,0,0,1,11,15,0,0,0,0,0,0,0,0,0,0,1.0,1.0,1.0,0.0,0.0,0.0,3,0,0
4027,43,15,28,0,12,3,28,17,0,0,0,11,15,0,0,0,0,0,0,0,0,0,0,1.0,1.0,1.0,0.0,0.0,0.0,3,0,0
4028,43,15,28,0,12,3,28,17,0,0,0,11,15,0,0,0,0,0,0,0,0,0,0,1.0,1.0,1.0,0.0,0.0,0.0,3,0,0
4029,43,15,28,0,12,3,28,17,0,0,0,11,15,0,0,0,0,0,0,0,0,0,0,1.0,1.0,1.0,0.0,0.0,0.0,3,0,0
4030,43,15,28,0,12,3,28,17,0,0,0,11,15,0,0,0,0,0,0,0,0,0,0,1.0,1.0,1.0,0.0,0.0,0.0,3,0,0
4031,43,15,28,0,12,3,28,17,0,0,0,11,15,0,0,0,0,0,0,0,0,0,0,1.0,1.0,1.0,0.0,0.0,0.0,3,0,0
4032,43,15,28,0,12,3,28,17,0,0,0,11,15,0,0,0,0,0,0,0,0,0,0,1.0,1.0,1.0,0.0,0.0,0.0,3,0,0
4033,43,15,28,0,12,3,28,17,0,0,0,11,15,0,0,0,0,0,0,0,0,0,0,1.0,1.0,1.0,0.0,0.0,0.0,3,0,0
4034,43,15,28,0,12,3,28,17,0,0,0,11,15,0,0,0,0,0,0,0,0,0,0,1.0,1.0,1.0,0.0,0.0,0.0,3,0,0
4035,43,15,28,0,12,3,28,17,0,0,0,11,15,0,0,0,0,0,0,0,0,0,0,1.0,1.0,1.0,0.0,0.0,0.0,3,0,0
4036,43,15,28,0,12,3,28,17,0,0,0,11,15,0,0,0,0,0,0,0,0,0,0,1.0,1.0,1.0,0.0,0.0,0.0,3,0,0
4037,43,15,28,0,12,3,28,17,0,0,0,11,15,0,0,0,0,0,0,0,0,0,0,1.0,1.0,1.0,0.0,0.0,0.0,3,0,0
4038,43,15,28,0,12,3,28,17,0,0,0,11,15,0,0,0,0,0,0,0,0,0,0,1.0,1.0,1.0,0.0,0.0,0.0,3,0,0
4039,43,15,28,0,12,3,28,17,0,0,0,11,15,0,0,0,0,0,0,0,0,0,0,1.0,1.0,1.0,0.0,0.0,0.0,3,0,0
4040,43,15,28,0,12,3,28,17,0,0,0,11,15,0,0,0,0,0,0,0,0,0,0,1.0,1.0,1.0,0.0,0.0,0.0,3,0,0
4041,43,15,28,0,12,3,28,17,0,0,0,11,15,0,0,0,0,0,0,0,0,0,0,1.0,1.0,1.0,0.0,0.0,0.0,3,0,0
4042,43,15,28,0,12,3,28,17,0,0,0,11,15,0,0,0,0,0,0,0,0,0,0,1.0,1.0,1.0,0.0,0.0,0.0,3,0,0
4043,43,15,28,0,12,3,28,17,0,0,0,11,15,0,0,0,0,0,0,0,0,1,0,1.0,1.0,1.0,0.0,0.0,0.0,3,0,0
4044,43,15,28,0,12,3,28,17,0,0,0,11,15,0,0,0,0,0,0,0,0,2,0,1.0,1.0,1.0,0.0,0.0,0.0,3,0,0
4045,43,15,28,0,12,3,28,17,2,0,0,11,15,0,0,0,6,2,0,0,0,2,0,1.0,1.0,1.0,0.0,0.0,0.3333333333333333,3,0,0
4046,43,15,28,0,12,3,28,17,3,0,0,11,15,0,0,0,8,1,0,0,0,0,0,1.0,1.0,1.0,0.0,0.0,0.125,3,0,0
4047,42,15,27,0,11,4,27,16,3,0,0,11,14,0,0,0,0,0,0,0,0,0,0,1.0,1.0,0.9411764705882353,0.0,0.0,0.0,3,0,1
4048,42,15,27,0,9,6,27,16,3,0,0,11,14,0,0,0,0,0,0,0,0,0,0,1.0,1.0,1.0,0.0,0.0,0.0,3,0,0
4049,41,14,27,0,6,8,27,16,3,0,0,11,14,0,0,0,0,0,0,0,1,0,1,0.8571428571428572,1.0,1.0,0.0,0.0,0.0,3,0,1
4050,41,14,27,0,6,8,27,16,3,0,0,11,14,0,0,0,0,0,0,0,0,0,0,1.0,1.0,1.0,0.0,0.0,0.0,3,0,0
4051,41,14,27,0,6,8,27,16,3,0,0,11,14,0,0,0,0,0,0,0,0,0,0,1.0,1.0,1.0,0.0,0.0,0.0,3,0,0
4052,41,14,27,0,6,8,27,16,3,0,0,11,14,0,0,0,0,0,0,0,0,0,0,1.0,1.0,1.0,0.0,0.0,0.0,3,0,0
4053,41,14,27,0,6,8,27,16,3,0,0,11,14,0,0,0,0,0,0,0,0,0,0,1.0,1.0,1.0,0.0,0.0,0.0,3,0,0
4054,41,14,27,0,6,8,27,16,3,0,0,11,14,0,0,0,0,0,0,0,0,0,0,1.0,1.0,1.0,0.0,0.0,0.0,3,0,0
4055,41,14,27,0,6,8,27,16,3,0,0,11,14,0,0,0,0,0,0,0,0,0,0,1.0,1.0,1.0,0.0,0.0,0.0,3,0,0
4056,41,14,27,0,6,8,27,16,3,0,0,11,14,0,0,0,0,0,0,0,0,0,0,1.0,1.0,1.0,0.0,0.0,0.0,3,0,0
4057,41,14,27,0,6,7,28,17,3,0,0,11,14,0,0,0,0,0,0,0,0,0,0,1.0,1.0,1.0,0.0,0.0,0.0,3,0,0
4058,40,14,26,0,6,7,27,16,4,0,0,11,13,0,0,0,2,1,0,0,0,0,0,1.0,1.0,0.9411764705882353,0.0,0.0,0.5,3,0,1
4059,40,14,26,0,6,7,27,16,4,0,0,11,13,0,0,0,0,0,0,0,0,0,0,1.0,1.0,1.0,0.0,0.0,0.0,3,0,0
4060,40,14,26,0,6,7,27,16,4,0,0,11,13,0,0,0,0,0,0,0,0,0,0,1.0,1.0,1.0,0.0,0.0,0.0,3,0,0
4061,40,14,26,0,6,7,27,16,4,0,0,11,13,0,0,0,0,0,0,0,0,0,0,1.0,1.0,1.0,0.0,0.0,0.0,3,0,0
4062,40,14,26,0,6,7,27,16,4,0,0,11,13,0,0,0,0,0,0,0,0,0,0,1.0,1.0,1.0,0.0,0.0,0.0,3,0,0
4063,40,14,26,0,6,7,27,16,4,0,0,11,13,0,0,0,0,0,0,0,0,0,0,1.0,1.0,1.0,0.0,0.0,0.0,3,0,0
4064,40,14,26,0,6,7,27,16,4,0,0,11,13,0,0,0,0,0,0,0,0,0,0,1.0,1.0,1.0,0.0,0.0,0.0,3,0,0
4065,40,14,26,0,6,7,27,16,4,0,0,11,13,0,0,0,0,0,0,0,0,0,0,1.0,1.0,1.0,0.0,0.0,0.0,3,0,0
4066,40,14,26,0,6,7,27,16,4,0,0,11,13,0,0,0,0,0,0,0,0,0,0,1.0,1.0,1.0,0.0,0.0,0.0,3,0,0
4067,40,14,26,0,6,7,27,16,4,0,0,11,13,0,0,0,0,0,0,0,0,0,0,1.0,1.0,1.0,0.0,0.0,0.0,3,0,0
4068,40,14,26,0,6,7,27,16,4,0,0,11,13,0,0,0,0,0,0,0,0,0,0,1.0,1.0,1.0,0.0,0.0,0.0,3,0,0
4069,40,14,26,0,6,7,27,16,4,0,0,11,13,0,0,0,0,0,0,0,0,0,0,1.0,1.0,1.0,0.0,0.0,0.0,3,0,0
4070,40,14,26,0,6,7,27,16,4,0,0,11,13,0,0,0,0,0,0,0,0,0,0,1.0,1.0,1.0,0.0,0.0,0.0,3,0,0
4071,40,14,26,0,6,7,27,16,4,0,0,11,13,0,0,0,0,0,0,0,0,0,0,1.0,1.0,1.0,0.0,0.0,0.0,3,0,0
4072,40,14,26,0,6,7,27,16,4,0,0,11,13,0,0,0,0,0,0,0,0,0,0,1.0,1.0,1.0,0.0,0.0,0.0,3,0,0
4073,40,14,26,0,6,7,27,16,4,0,0,11,13,0,0,0,0,0,0,0,0,0,0,1.0,1.0,1.0,0.0,0.0,0.0,3,0,0
4074,40,14,26,0,6,7,27,16,4,0,0,11,13,0,0,0,0,0,0,0,0,0,0,1.0,1.0,1.0,0.0,0.0,0.0,3,0,0
4075,40,14,26,0,6,6,28,17,5,0,0,11,13,0,0,0,8,1,0,0,0,0,0,1.0,1.0,1.0,0.0,0.0,0.125,3,0,0
4076,40,14,26,0,6,6,28,17,5,0,0,11,13,0,0,0,0,0,0,0,0,0,0,1.0,1.0,1.0,0.0,0.0,0.0,3,0,0
4077,40,14,26,0,6,6,28,17,5,0,0,11,13,0,0,0,0,0,0,0,0,0,0,1.0,1.0,1.0,0.0,0.0,0.0,3,0,0
4078,40,14,26,0,6,6,28,17,5,0,0,11,13,0,0,0,0,0,0,0,0,0,0,1.0,1.0,1.0,0.0,0.0,0.0,3,0,0
4079,40,14,26,0,6,6,28,17,5,0,0,11,13,0,0,0,0,0,0,0,0,0,0,1.0,1.0,1.0,0.0,0.0,0.0,3,0,0
4080,40,14,26,0,6,6,28,17,5,0,0,11,13,0,0,0,0,0,0,0,0,0,0,1.0,1.0,1.0,0.0,0.0,0.0,3,0,0
4081,40,14,26,0,6,6,28,17,5,0,0,11,13,0,0,0,0,0,0,0,0,0,0,1.0,1.0,1.0,0.0,0.0,0.0,3,0,0
4082,40,14,26,0,6,6,28,17,5,0,0,11,13,0,0,0,0,0,0,0,0,0,0,1.0,1.0,1.0,0.0,0.0,0.0,3,0,0
4083,40,14,26,0,6,6,28,17,5,0,0,11,13,0,0,0,0,0,0,0,0,0,0,1.0,1.0,1.0,0.0,0.0,0.0,3,0,0
4084,40,14,26,0,6,5,29,18,6,0,0,11,13,0,0,0,6,1,0,0,0,0,0,1.0,1.0,1.0,0.0,0.0,0.16666666666666666,3,0,0
4085,40,14,26,0,6,5,29,18,6,0,0,11,13,0,0,0,0,0,0,0,0,0,0,1.0,1.0,1.0,0.0,0.0,0.0,3,0,0
4086,40,14,26,0,6,5,29,18,6,0,0,11,13,0,0,0,0,0,0,0,0,0,0,1.0,1.0,1.0,0.0,0.0,0.0,3,0,0
4087,40,14,26,0,6,5,29,18,6,0,0,11,13,0,0,0,0,0,0,0,0,0,0,1.0,1.0,1.0,0.0,0.0,0.0,3,0,0
4088,40,14,26,0,6,5,29,18,6,0,0,11,13,0,0,0,0,0,0,0,0,0,0,1.0,1.0,1.0,0.0,0.0,0.0,3,0,0
4089,40,14,26,0,6,5,29,18,6,0,0,11,13,0,0,0,0,0,0,0,0,0,0,1.0,1.0,1.0,0.0,0.0,0.0,3,0,0
4090,40,14,26,0,6,5,29,18,6,0,0,11,13,0,0,0,0,0,0,0,0,0,0,1.0,1.0,1.0,0.0,0.0,0.0,3,0,0
4091,40,14,26,0,6,5,29,18,6,0,0,11,13,0,0,0,0,0,0,0,0,0,0,1.0,1.0,1.0,0.0,0.0,0.0,3,0,0
4092,40,14,26,0,6,5,29,18,6,0,0,11,13,0,0,0,0,0,0,0,0,0,0,1.0,1.0,1.0,0.0,0.0,0.0,3,0,0
4093,40,14,26,0,6,5,29,18,6,0,0,11,13,0,0,0,0,0,0,0,0,0,0,1.0,1.0,1.0,0.0,0.0,0.0,3,0,0
4094,40,14,26,0,6,5,29,18,6,0,0,11,13,0,0,0,0,0,0,0,0,0,0,1.0,1.0,1.0,0.0,0.0,0.0,3,0,0
4095,40,14,26,0,6,5,29,18,6,0,0,11,13,0,0,0,0,0,0,0,0,0,0,1.0,1.0,1.0,0.0,0.0,0.0,3,0,0
4096,40,14,26,0,6,5,29,18,6,0,0,11,13,0,0,0,0,0,0,0,0,0,0,1.0,1.0,1.0,0.0,0.0,0.0,3,0,0
4097,40,14,26,0,6,5,29,18,6,0,0,11,13,0,0,0,0,0,0,0,0,0,0,1.0,1.0,1.0,0.0,0.0,0.0,3,0,0
4098,40,14,26,0,6,5,29,18,6,0,0,11,13,0,0,0,0,0,0,0,0,0,0,1.0,1.0,1.0,0.0,0.0,0.0,3,0,0
4099,40,14,26,0,6,5,29,18,6,0,0,11,13,0,0,0,0,0,0,0,0,0,0,1.0,1.0,1.0,0.0,0.0,0.0,3,0,0
4100,40,14,26,0,6,5,29,18,6,0,0,11,13,0,0,0,0,0,0,0,0,0,0,1.0,1.0,1.0,0.0,0.0,0.0,3,0,0
4101,40,14,26,0,6,5,29,18,6,0,0,11,13,0,0,0,0,0,0,0,0,0,0,1.0,1.0,1.0,0.0,0.0,0.0,3,0,0
4102,40,14,26,0,6,5,29,18,6,0,0,11,13,0,0,0,0,0,0,0,0,0,0,1.0,1.0,1.0,0.0,0.0,0.0,3,0,0
4103,40,14,26,0,6,5,29,18,6,0,0,11,13,0,0,0,0,0,0,0,0,0,0,1.0,1.0,1.0,0.0,0.0,0.0,3,0,0
4104,40,14,26,0,6,5,29,18,6,0,0,11,13,0,0,0,0,0,0,0,0,0,0,1.0,1.0,1.0,0.0,0.0,0.0,3,0,0
4105,40,14,26,0,6,5,29,18,6,0,0,11,13,0,0,0,0,0,0,0,0,0,0,1.0,1.0,1.0,0.0,0.0,0.0,3,0,0
4106,40,14,26,0,6,5,29,18,6,0,0,11,13,0,0,0,0,0,0,0,0,0,0,1.0,1.0,1.0,0.0,0.0,0.0,3,0,0
4107,40,14,26,0,6,5,29,18,6,0,0,11,13,0,0,0,0,0,0,0,0,0,0,1.0,1.0,1.0,0.0,0.0,0.0,3,0,0
4108,39,14,25,0,6,5,28,17,5,0,0,11,13,0,0,0,0,0,0,0,0,0,0,1.0,1.0,0.9444444444444444,0.0,0.0,0.0,3,0,1
4109,39,14,25,0,6,5,28,17,5,0,0,11,13,0,0,0,0,0,0,0,0,0,0,1.0,1.0,1.0,0.0,0.0,0.0,3,0,0
4110,46,17,29,7,6,5,28,17,3,0,2,11,14,0,1,0,0,0,0,2,0,0,0,1.0,1.0,1.0,0.1794871794871795,0.1794871794871795,0.0,3,7,0
4111,50,19,31,11,6,5,28,17,2,0,3,11,14,0,0,0,0,0,0,1,0,0,0,1.0,1.0,1.0,0.08695652173913043,0.08695652173913043,0.0,3,4,0
4112,50,19,31,11,6,5,28,17,2,0,3,11,15,0,1,0,0,0,0,0,0,0,0,1.0,1.0,1.0,0.0,0.0,0.0,3,0,0
4113,50,19,31,11,6,5,28,17,2,0,3,11,15,0,0,0,0,0,0,0,0,0,0,1.0,1.0,1.0,0.0,0.0,0.0,3,0,0
4114,50,19,31,11,6,5,28,17,2,0,3,11,15,0,0,0,0,0,0,0,0,0,0,1.0,1.0,1.0,0.0,0.0,0.0,3,0,0
4115,50,19,31,11,6,5,28,17,2,0,3,11,15,0,0,0,0,0,0,0,0,0,0,1.0,1.0,1.0,0.0,0.0,0.0,3,0,0
4116,50,19,31,11,6,5,28,17,2,0,3,11,15,0,0,0,0,0,0,0,0,0,0,1.0,1.0,1.0,0.0,0.0,0.0,3,0,0
4117,49,18,31,10,6,5,28,17,2,0,3,11,15,0,0,0,0,0,0,0,1,0,1,0.9411764705882353,1.0,1.0,0.0,0.0,0.0,3,0,1
4118,49,18,31,10,6,5,28,17,2,0,3,11,15,0,0,0,0,0,0,0,0,0,0,1.0,1.0,1.0,0.0,0.0,0.0,3,0,0
4119,49,18,31,10,6,5,28,17,2,0,3,11,15,0,0,0,0,0,0,0,0,0,0,1.0,1.0,1.0,0.0,0.0,0.0,3,0,0
4120,48,17,31,9,6,5,28,17,2,0,3,11,15,0,0,0,0,0,0,0,1,0,1,0.9375,1.0,1.0,0.0,0.0,0.0,3,0,1
4121,48,17,31,9,6,5,28,17,2,0,3,11,15,0,0,0,0,0,0,0,0,0,0,1.0,1.0,1.0,0.0,0.0,0.0,3,0,0
4122,48,17,31,9,6,5,28,17,2,0,3,11,15,0,0,0,0,0,0,0,0,0,0,1.0,1.0,1.0,0.0,0.0,0.0,3,0,0
4123,48,17,31,9,6,5,28,17,2,0,3,11,15,0,0,0,0,0,0,0,0,0,0,1.0,1.0,1.0,0.0,0.0,0.0,3,0,0
4124,48,17,31,9,6,5,28,17,2,0,3,11,15,0,0,0,0,0,0,0,0,0,0,1.0,1.0,1.0,0.0,0.0,0.0,3,0,0
4125,48,17,31,9,6,5,28,17,2,0,3,11,15,0,0,0,0,0,0,0,0,0,0,1.0,1.0,1.0,0.0,0.0,0.0,3,0,0
4126,48,17,31,9,6,5,28,17,2,0,3,11,15,0,0,0,0,0,0,0,0,0,0,1.0,1.0,1.0,0.0,0.0,0.0,3,0,0
4127,48,17,31,9,6,5,28,17,2,0,3,11,15,0,0,0,0,0,0,0,0,0,0,1.0,1.0,1.0,0.0,0.0,0.0,3,0,0
4128,48,17,31,9,6,5,28,17,2,0,3,11,15,0,0,0,0,0,0,0,0,0,0,1.0,1.0,1.0,0.0,0.0,0.0,3,0,0
4129,48,17,31,9,6,4,29,18,2,0,3,11,15,0,0,0,0,0,0,0,0,0,0,1.0,1.0,1.0,0.0,0.0,0.0,3,0,0
4130,48,17,31,9,6,4,29,18,2,0,3,11,15,0,0,0,0,0,0,0,0,0,0,1.0,1.0,1.0,0.0,0.0,0.0,3,0,0
4131,47,17,30,8,6,3,30,19,2,0,3,11,15,0,0,0,0,0,0,0,1,0,1,0.9333333333333333,1.0,1.0,0.0,0.0,0.0,3,0,1
4132,46,17,29,7,6,3,30,19,2,0,3,11,15,0,0,0,0,0,0,0,1,0,1,0.9285714285714286,1.0,1.0,0.0,0.0,0.0,3,0,1
4133,46,17,29,7,6,3,30,19,2,0,3,11,15,0,0,0,0,0,0,0,0,0,0,1.0,1.0,1.0,0.0,0.0,0.0,3,0,0
4134,46,17,29,7,6,3,30,19,2,0,3,11,15,0,0,0,0,0,0,0,0,0,0,1.0,1.0,1.0,0.0,0.0,0.0,3,0,0
4135,46,17,29,7,6,3,30,19,2,0,3,11,15,0,0,0,0,0,0,0,0,0,0,1.0,1.0,1.0,0.0,0.0,0.0,3,0,0
4136,46,17,29,7,6,3,30,19,2,0,3,11,15,0,0,0,7,0,0,0,0,0,0,1.0,1.0,1.0,0.0,0.0,0.0,3,0,0
4137,46,17,29,7,6,3,30,19,2,1,3,11,15,0,0,0,5,0,1,0,0,0,0,1.0,1.0,1.0,0.0,0.0,0.0,3,0,0
4138,46,17,29,7,6,3,30,19,2,1,3,11,15,0,0,0,0,0,0,0,0,0,0,1.0,1.0,1.0,0.0,0.0,0.0,3,0,0
4139,46,17,29,7,6,3,30,19,2,1,3,11,15,0,0,0,0,0,0,0,0,0,0,1.0,1.0,1.0,0.0,0.0,0.0,3,0,0
4140,49,17,32,10,6,3,30,19,1,1,4,11,15,0,0,0,0,0,0,1,0,0,0,1.0,1.0,1.0,0.06521739130434782,0.06521739130434782,0.0,3,3,0
4141,49,17,32,10,6,3,30,19,1,1,4,11,15,0,0,0,0,0,0,0,0,0,0,1.0,1.0,1.0,0.0,0.0,0.0,3,0,0
4142,49,17,32,10,6,3,30,19,1,1,4,11,15,0,0,0,0,0,0,0,0,0,0,1.0,1.0,1.0,0.0,0.0,0.0,3,0,0
4143,49,17,32,10,6,3,30,19,1,1,4,11,15,0,0,0,0,0,0,0,0,0,0,1.0,1.0,1.0,0.0,0.0,0.0,3,0,0
4144,49,17,32,10,6,3,30,19,1,1,4,11,15,0,0,0,0,0,0,0,0,0,0,1.0,1.0,1.0,0.0,0.0,0.0,3,0,0
4145,48,17,31,9,6,3,30,19,1,1,4,11,15,0,0,0,0,0,0,0,1,0,1,0.9375,1.0,1.0,0.0,0.0,0.0,3,0,1
4146,48,17,31,9,6,3,30,19,1,1,4,11,15,0,0,0,0,0,0,0,0,0,0,1.0,1.0,1.0,0.0,0.0,0.0,3,0,0
4147,48,17,31,9,6,3,30,19,1,1,4,11,15,0,0,0,0,0,0,0,0,0,0,1.0,1.0,1.0,0.0,0.0,0.0,3,0,0
4148,48,17,31,9,6,3,30,19,1,1,4,11,15,0,0,0,0,0,0,0,0,0,0,1.0,1.0,1.0,0.0,0.0,0.0,3,0,0
4149,52,20,32,13,6,3,30,19,0,1,5,11,15,0,0,0,0,0,0,1,0,0,0,1.0,1.0,1.0,0.08333333333333333,0.08333333333333333,0.0,3,4,0
4150,52,20,32,13,6,3,30,19,0,1,5,11,15,0,0,0,0,0,0,0,0,0,0,1.0,1.0,1.0,0.0,0.0,0.0,3,0,0
4151,52,20,32,13,6,3,30,19,0,1,5,11,15,0,0,0,0,0,0,0,0,0,0,1.0,1.0,1.0,0.0,0.0,0.0,3,0,0
4152,51,19,32,12,6,3,30,19,0,1,5,11,15,0,0,0,0,0,0,0,1,0,1,0.9473684210526316,1.0,1.0,0.0,0.0,0.0,3,0,1
4153,51,19,32,7,11,3,30,19,0,1,5,11,15,0,0,0,0,0,0,0,0,0,0,1.0,1.0,1.0,0.0,0.0,0.0,3,0,0
4154,51,19,32,5,13,3,30,19,0,1,5,11,15,0,0,0,0,0,0,0,0,0,0,1.0,1.0,1.0,0.0,0.0,0.0,3,0,0
4155,51,19,32,5,13,3,30,19,0,1,3,11,15,0,0,0,0,0,0,0,0,0,0,1.0,1.0,1.0,0.0,0.0,0.0,3,0,0
4156,51,19,32,5,13,3,30,19,0,1,2,11,15,0,0,0,4,0,0,0,0,2,0,1.0,1.0,1.0,0.0,0.0,0.0,3,0,0
4157,51,19,32,5,13,3,30,19,1,1,2,11,15,0,0,0,2,1,0,0,0,0,0,1.0,1.0,1.0,0.0,0.0,0.5,3,0,0
4158,50,18,32,5,12,3,30,19,2,1,2,11,15,0,0,0,3,1,0,0,0,2,0,0.9444444444444444,1.0,1.0,0.0,0.0,0.3333333333333333,3,0,1
4159,50,18,32,5,12,3,30,19,2,1,2,11,15,0,0,0,0,0,0,0,0,0,0,1.0,1.0,1.0,0.0,0.0,0.0,3,0,0
4160,49,18,31,5,11,3,30,19,2,1,2,11,15,0,0,0,0,0,0,0,0,0,0,0.9411764705882353,1.0,1.0,0.0,0.0,0.0,3,0,1
4161,49,18,31,5,11,3,30,19,2,1,2,11,15,0,0,0,0,0,0,0,0,0,0,1.0,1.0,1.0,0.0,0.0,0.0,3,0,0
4162,49,18,31,5,9,5,30,19,2,1,2,11,15,0,0,0,0,0,0,0,0,2,0,1.0,1.0,1.0,0.0,0.0,0.0,3,0,0
4163,49,18,31,5,9,5,30,19,2,1,2,11,15,0,0,0,0,0,0,0,0,0,0,1.0,1.0,1.0,0.0,0.0,0.0,3,0,0
4164,48,17,31,5,9,5,29,19,2,1,2,10,15,0,0,0,0,0,0,0,0,0,0,1.0,0.9090909090909091,1.0,0.0,0.0,0.0,3,0,1
4165,47,17,30,4,9,5,29,19,2,1,2,10,15,0,0,0,0,0,0,0,1,0,1,0.9285714285714286,1.0,1.0,0.0,0.0,0.0,3,0,1
4166,47,17,30,4,7,7,29,19,2,1,2,10,15,0,0,0,0,0,0,0,0,0,0,1.0,1.0,1.0,0.0,0.0,0.0,3,0,0
4167,47,17,30,4,7,7,29,19,2,1,2,10,15,0,0,0,0,0,0,0,0,0,0,1.0,1.0,1.0,0.0,0.0,0.0,3,0,0
4168,47,17,30,4,7,7,29,19,2,1,2,10,15,0,0,0,0,0,0,0,0,0,0,1.0,1.0,1.0,0.0,0.0,0.0,3,0,0
4169,47,17,30,4,7,7,29,19,2,1,2,10,15,0,0,0,0,0,0,0,0,0,0,1.0,1.0,1.0,0.0,0.0,0.0,3,0,0
4170,47,17,30,4,7,7,29,19,2,1,2,10,15,0,0,0,0,0,0,0,0,0,0,1.0,1.0,1.0,0.0,0.0,0.0,3,0,0
4171,47,17,30,4,7,7,29,19,2,1,2,10,15,0,0,0,0,0,0,0,0,0,0,1.0,1.0,1.0,0.0,0.0,0.0,3,0,0
4172,47,17,30,4,7,7,29,19,2,1,2,10,15,0,0,0,0,0,0,0,0,0,0,1.0,1.0,1.0,0.0,0.0,0.0,3,0,0
4173,47,17,30,4,7,7,29,19,2,1,2,10,15,0,0,0,0,0,0,0,0,0,0,1.0,1.0,1.0,0.0,0.0,0.0,3,0,0
4174,47,17,30,4,7,7,29,19,2,1,2,10,15,0,0,0,0,0,0,0,0,0,0,1.0,1.0,1.0,0.0,0.0,0.0,3,0,0
4175,47,17,30,4,7,7,29,19,2,1,2,10,15,0,0,0,0,0,0,0,0,0,0,1.0,1.0,1.0,0.0,0.0,0.0,3,0,0
4176,47,17,30,4,7,7,29,19,2,1,2,10,15,0,0,0,0,0,0,0,0,0,0,1.0,1.0,1.0,0.0,0.0,0.0,3,0,0
4177,47,17,30,4,7,7,29,19,2,1,2,10,15,0,0,0,0,0,0,0,0,0,0,1.0,1.0,1.0,0.0,0.0,0.0,3,0,0
4178,47,17,30,4,7,7,29,19,2,1,2,10,15,0,0,0,0,0,0,0,0,0,0,1.0,1.0,1.0,0.0,0.0,0.0,3,0,0
4179,45,17,28,4,7,6,28,18,2,1,2,10,13,0,0,0,0,0,0,0,0,0,0,1.0,1.0,0.9473684210526316,0.0,0.0,0.0,3,0,2
4180,45,17,28,4,7,6,28,18,2,1,2,10,13,0,0,0,0,0,0,0,0,0,0,1.0,1.0,1.0,0.0,0.0,0.0,3,0,0
4181,45,17,28,4,7,6,28,18,2,1,2,10,13,0,0,0,0,0,0,0,0,0,0,1.0,1.0,1.0,0.0,0.0,0.0,3,0,0
4182,45,17,28,4,7,5,29,18,2,0,2,10,13,0,0,0,0,0,0,0,0,0,0,1.0,1.0,1.0,0.0,0.0,0.0,3,0,0
4183,45,17,28,3,8,5,29,18,2,0,2,10,13,0,0,0,6,0,0,0,0,0,0,1.0,1.0,1.0,0.0,0.0,0.0,3,0,0
4184,44,16,28,3,8,5,28,18,3,0,2,9,13,0,0,0,6,1,0,0,0,0,0,1.0,0.9090909090909091,1.0,0.0,0.0,0.16666666666666666,3,0,1
4185,44,16,28,3,8,5,28,18,3,0,1,9,13,0,0,0,0,0,0,0,0,0,0,1.0,1.0,1.0,0.0,0.0,0.0,3,0,0
4186,44,16,28,3,8,5,28,18,3,0,1,9,13,0,0,0,1,0,0,0,0,0,0,1.0,1.0,1.0,0.0,0.0,0.0,3,0,0
4187,44,16,28,3,8,5,28,18,3,0,1,9,13,0,0,0,5,0,0,0,0,0,0,1.0,1.0,1.0,0.0,0.0,0.0,3,0,0
4188,44,16,28,3,8,5,28,18,3,0,1,9,13,0,0,0,6,0,0,0,0,0,0,1.0,1.0,1.0,0.0,0.0,0.0,3,0,0
4189,44,16,28,3,8,5,28,18,3,1,1,9,13,0,0,0,1,0,1,0,0,0,0,1.0,1.0,1.0,0.0,0.0,0.0,3,0,0
4190,44,16,28,3,8,5,28,18,3,1,1,9,13,0,0,0,0,0,0,0,0,0,0,1.0,1.0,1.0,0.0,0.0,0.0,3,0,0
4191,44,16,28,3,8,5,28,18,3,1,1,9,13,0,0,0,0,0,0,0,0,0,0,1.0,1.0,1.0,0.0,0.0,0.0,3,0,0
4192,44,16,28,0,11,5,28,18,3,1,1,9,13,0,0,0,0,0,0,0,0,0,0,1.0,1.0,1.0,0.0,0.0,0.0,3,0,0
4193,44,16,28,0,11,5,28,18,3,1,1,9,13,0,0,0,0,0,0,0,0,0,0,1.0,1.0,1.0,0.0,0.0,0.0,3,0,0
4194,44,16,28,0,11,5,28,18,3,1,0,9,13,0,0,0,0,0,0,0,0,0,0,1.0,1.0,1.0,0.0,0.0,0.0,3,0,0
4195,44,16,28,0,11,5,28,18,4,1,0,9,13,0,0,0,6,1,0,0,0,0,0,1.0,1.0,1.0,0.0,0.0,0.16666666666666666,3,0,0
4196,44,16,28,0,11,5,28,18,4,1,0,9,13,0,0,0,0,0,0,0,0,0,0,1.0,1.0,1.0,0.0,0.0,0.0,3,0,0
4197,44,16,28,0,11,5,28,18,4,1,0,9,13,0,0,0,0,0,0,0,0,0,0,1.0,1.0,1.0,0.0,0.0,0.0,3,0,0
4198,44,16,28,0,11,5,28,18,4,1,0,9,13,0,0,0,0,0,0,0,0,0,0,1.0,1.0,1.0,0.0,0.0,0.0,3,0,0
4199,44,16,28,0,11,5,28,18,4,1,0,10,13,1,0,0,0,0,0,0,0,0,0,1.0,1.0,1.0,0.0,0.0,0.0,3,0,0
4200,44,16,28,0,11,5,28,18,4,1,0,11,13,1,0,0,0,0,0,0,0,0,0,1.0,1.0,1.0,0.0,0.0,0.0,3,0,0
4201,44,16,28,0,11,5,28,18,4,1,0,11,13,0,0,0,0,0,0,0,0,0,0,1.0,1.0,1.0,0.0,0.0,0.0,3,0,0
4202,44,16,28,0,11,5,28,18,4,1,0,11,13,0,0,0,0,0,0,0,0,0,0,1.0,1.0,1.0,0.0,0.0,0.0,3,0,0
4203,44,16,28,0,11,5,28,18,4,1,0,11,13,0,0,0,0,0,0,0,0,0,0,1.0,1.0,1.0,0.0,0.0,0.0,3,0,0
4204,44,16,28,0,11,5,28,18,4,1,0,11,13,0,0,0,0,0,0,0,0,0,0,1.0,1.0,1.0,0.0,0.0,0.0,3,0,0
4205,44,16,28,0,11,5,28,18,4,1,0,11,13,0,0,0,0,0,0,0,0,0,0,1.0,1.0,1.0,0.0,0.0,0.0,3,0,0
4206,44,16,28,0,11,5,28,18,4,1,0,11,13,0,0,0,0,0,0,0,0,0,0,1.0,1.0,1.0,0.0,0.0,0.0,3,0,0
4207,44,16,28,0,11,5,28,18,4,1,0,11,13,0,0,0,0,0,0,0,0,0,0,1.0,1.0,1.0,0.0,0.0,0.0,3,0,0
4208,44,16,28,0,11,5,28,18,4,1,0,11,13,0,0,0,0,0,0,0,0,0,0,1.0,1.0,1.0,0.0,0.0,0.0,3,0,0
4209,44,16,28,0,11,5,28,18,4,1,0,11,13,0,0,0,0,0,0,0,0,0,0,1.0,1.0,1.0,0.0,0.0,0.0,3,0,0
4210,44,16,28,0,11,5,28,18,4,1,0,11,13,0,0,0,0,0,0,0,0,0,0,1.0,1.0,1.0,0.0,0.0,0.0,3,0,0
4211,44,16,28,0,11,5,28,18,4,1,0,11,13,0,0,0,0,0,0,0,0,0,0,1.0,1.0,1.0,0.0,0.0,0.0,3,0,0
4212,44,16,28,0,11,5,28,18,4,1,0,11,13,0,0,0,0,0,0,0,0,0,0,1.0,1.0,1.0,0.0,0.0,0.0,3,0,0
4213,44,16,28,0,11,5,28,18,4,1,0,11,13,0,0,0,0,0,0,0,0,0,0,1.0,1.0,1.0,0.0,0.0,0.0,3,0,0
4214,44,16,28,0,11,5,28,18,4,1,0,11,13,0,0,0,0,0,0,0,0,0,0,1.0,1.0,1.0,0.0,0.0,0.0,3,0,0
4215,44,16,28,0,11,5,28,18,4,1,0,11,13,0,0,0,0,0,0,0,0,0,0,1.0,1.0,1.0,0.0,0.0,0.0,3,0,0
4216,44,16,28,0,11,5,28,18,4,1,0,11,13,0,0,0,0,0,0,0,0,0,0,1.0,1.0,1.0,0.0,0.0,0.0,3,0,0
4217,44,16,28,0,11,5,28,18,4,1,0,11,13,0,0,0,0,0,0,0,0,0,0,1.0,1.0,1.0,0.0,0.0,0.0,3,0,0
4218,44,16,28,0,11,5,28,18,4,1,0,11,13,0,0,0,0,0,0,0,0,0,0,1.0,1.0,1.0,0.0,0.0,0.0,3,0,0
4219,44,16,28,0,11,5,28,18,4,1,0,11,13,0,0,0,0,0,0,0,0,0,0,1.0,1.0,1.0,0.0,0.0,0.0,3,0,0
4220,44,16,28,0,11,5,28,18,4,1,0,11,13,0,0,0,0,0,0,0,0,0,0,1.0,1.0,1.0,0.0,0.0,0.0,3,0,0
4221,43,16,27,0,11,5,27,17,4,1,0,11,12,0,0,0,0,0,0,0,0,0,0,1.0,1.0,0.9444444444444444,0.0,0.0,0.0,3,0,1
4222,47,19,28,4,11,5,27,17,3,1,1,11,12,0,0,0,0,0,0,1,0,0,0,1.0,1.0,1.0,0.09302325581395349,0.09302325581395349,0.0,3,4,0
4223,51,22,29,8,11,5,27,17,2,1,2,11,12,0,0,0,0,0,0,1,0,0,0,1.0,1.0,1.0,0.0851063829787234,0.0851063829787234,0.0,3,4,0
4224,51,22,29,8,11,5,27,17,2,1,2,11,12,0,0,0,0,0,0,0,0,0,0,1.0,1.0,1.0,0.0,0.0,0.0,3,0,0
4225,51,22,29,8,11,5,27,17,2,1,2,11,12,0,0,0,0,0,0,0,0,0,0,1.0,1.0,1.0,0.0,0.0,0.0,3,0,0
4226,51,22,29,8,11,5,27,17,2,1,2,11,12,0,0,0,0,0,0,0,0,0,0,1.0,1.0,1.0,0.0,0.0,0.0,3,0,0
4227,51,22,29,8,11,5,27,17,2,1,2,11,12,0,0,0,0,0,0,0,0,0,0,1.0,1.0,1.0,0.0,0.0,0.0,3,0,0
4228,51,22,29,8,11,5,27,17,2,1,2,11,12,0,0,0,0,0,0,0,0,0,0,1.0,1.0,1.0,0.0,0.0,0.0,3,0,0
4229,51,22,29,8,11,5,27,17,2,1,2,11,12,0,0,0,0,0,0,0,0,0,0,1.0,1.0,1.0,0.0,0.0,0.0,3,0,0
4230,51,22,29,8,11,5,27,17,2,1,2,11,12,0,0,0,0,0,0,0,0,0,0,1.0,1.0,1.0,0.0,0.0,0.0,3,0,0
4231,51,22,29,8,11,5,27,17,2,1,2,11,12,0,0,0,0,0,0,0,0,0,0,1.0,1.0,1.0,0.0,0.0,0.0,3,0,0
4232,51,22,29,8,11,5,27,17,2,1,2,11,12,0,0,0,0,0,0,0,0,0,0,1.0,1.0,1.0,0.0,0.0,0.0,3,0,0
4233,51,22,29,8,11,5,27,17,2,1,2,11,12,0,0,0,0,0,0,0,0,0,0,1.0,1.0,1.0,0.0,0.0,0.0,3,0,0
4234,51,22,29,8,11,5,27,17,2,0,2,11,12,0,0,0,0,0,0,0,0,0,0,1.0,1.0,1.0,0.0,0.0,0.0,3,0,0
4235,51,22,29,8,11,5,27,17,2,0,2,11,12,0,0,0,4,0,0,0,0,0,0,1.0,1.0,1.0,0.0,0.0,0.0,3,0,0
4236,51,22,29,8,11,5,27,17,2,0,2,11,12,0,0,0,1,0,0,0,0,0,0,1.0,1.0,1.0,0.0,0.0,0.0,3,0,0
4237,50,22,28,8,10,5,27,17,3,0,2,11,12,0,0,0,6,1,0,0,1,0,1,0.9473684210526316,1.0,1.0,0.0,0.0,0.16666666666666666,3,0,1
4238,50,22,28,8,10,5,27,17,3,0,2,11,12,0,0,0,0,0,0,0,0,0,0,1.0,1.0,1.0,0.0,0.0,0.0,3,0,0
4239,50,22,28,8,10,5,27,17,3,0,2,11,12,0,0,0,0,0,0,0,0,0,0,1.0,1.0,1.0,0.0,0.0,0.0,3,0,0
4240,50,22,28,8,10,5,27,17,3,0,2,11,12,0,0,0,0,0,0,0,0,0,0,1.0,1.0,1.0,0.0,0.0,0.0,3,0,0
4241,49,22,27,7,10,5,27,17,3,0,2,11,12,0,0,0,0,0,0,0,1,0,1,0.9444444444444444,1.0,1.0,0.0,0.0,0.0,3,0,1
4242,49,22,27,7,10,5,27,17,3,0,2,11,12,0,0,0,0,0,0,0,0,0,0,1.0,1.0,1.0,0.0,0.0,0.0,3,0,0
4243,49,22,27,7,10,5,27,17,3,0,2,11,12,0,0,0,0,0,0,0,0,0,0,1.0,1.0,1.0,0.0,0.0,0.0,3,0,0
4244,49,22,27,7,10,5,27,17,3,0,2,11,12,0,0,0,0,0,0,0,0,0,0,1.0,1.0,1.0,0.0,0.0,0.0,3,0,0
4245,49,22,27,7,10,5,27,17,3,0,2,11,12,0,0,0,0,0,0,0,0,0,0,1.0,1.0,1.0,0.0,0.0,0.0,3,0,0
4246,48,21,27,6,10,5,27,17,3,0,2,11,12,0,0,0,0,0,0,0,1,0,1,0.9411764705882353,1.0,1.0,0.0,0.0,0.0,3,0,1
4247,48,21,27,6,10,5,27,17,3,0,2,11,12,0,0,0,0,0,0,0,0,0,0,1.0,1.0,1.0,0.0,0.0,0.0,3,0,0
4248,48,21,27,6,10,5,27,17,3,0,2,11,12,0,0,0,0,0,0,0,0,0,0,1.0,1.0,1.0,0.0,0.0,0.0,3,0,0
4249,52,24,28,10,10,5,27,17,2,0,3,11,12,0,0,0,0,0,0,1,0,0,0,1.0,1.0,1.0,0.08333333333333333,0.08333333333333333,0.0,3,4,0
4250,52,24,28,10,10,5,27,17,2,0,3,11,12,0,0,0,0,0,0,0,0,0,0,1.0,1.0,1.0,0.0,0.0,0.0,3,0,0
4251,52,24,28,10,10,5,27,17,2,0,3,11,12,0,0,0,0,0,0,0,0,0,0,1.0,1.0,1.0,0.0,0.0,0.0,3,0,0
4252,52,24,28,10,10,5,27,17,2,0,3,11,12,0,0,0,0,0,0,0,0,0,0,1.0,1.0,1.0,0.0,0.0,0.0,3,0,0
4253,52,24,28,10,10,5,27,17,2,0,3,11,12,0,0,0,0,0,0,0,0,0,0,1.0,1.0,1.0,0.0,0.0,0.0,3,0,0
4254,52,24,28,10,10,5,27,17,2,0,3,11,12,0,0,0,0,0,0,0,0,0,0,1.0,1.0,1.0,0.0,0.0,0.0,3,0,0
4255,52,24,28,10,10,5,27,17,2,0,3,11,12,0,0,0,0,0,0,0,0,0,0,1.0,1.0,1.0,0.0,0.0,0.0,3,0,0
4256,52,24,28,10,10,5,27,17,2,0,3,11,12,0,0,0,0,0,0,0,0,0,0,1.0,1.0,1.0,0.0,0.0,0.0,3,0,0
4257,52,24,28,10,10,5,27,17,2,0,3,11,12,0,0,0,0,0,0,0,0,0,0,1.0,1.0,1.0,0.0,0.0,0.0,3,0,0
4258,52,24,28,10,10,5,27,17,2,0,3,11,12,0,0,0,0,0,0,0,0,0,0,1.0,1.0,1.0,0.0,0.0,0.0,3,0,0
4259,52,24,28,10,10,5,27,17,2,0,3,11,12,0,0,0,0,0,0,0,0,0,0,1.0,1.0,1.0,0.0,0.0,0.0,3,0,0
4260,54,26,28,13,9,5,27,17,1,0,4,11,12,0,0,0,0,0,0,1,1,0,1,0.95,1.0,1.0,0.057692307692307696,0.057692307692307696,0.0,3,3,1
4261,54,26,28,13,9,5,27,17,1,0,4,11,12,0,0,0,0,0,0,0,0,0,0,1.0,1.0,1.0,0.0,0.0,0.0,3,0,0
4262,54,26,28,13,9,5,27,17,1,0,4,11,12,0,0,0,0,0,0,0,0,0,0,1.0,1.0,1.0,0.0,0.0,0.0,3,0,0
4263,53,26,27,13,9,5,26,16,1,0,3,11,12,0,0,0,0,0,0,0,0,0,0,1.0,1.0,0.9411764705882353,0.0,0.0,0.0,3,0,1
4264,52,25,27,12,9,5,26,16,1,0,3,11,12,0,0,0,0,0,0,0,1,0,1,0.9545454545454546,1.0,1.0,0.0,0.0,0.0,3,0,1
4265,51,24,27,9,11,5,26,16,1,0,3,11,12,0,0,0,0,0,0,0,1,0,1,0.9523809523809523,1.0,1.0,0.0,0.0,0.0,3,0,1
4266,51,24,27,5,15,5,26,16,1,0,3,11,12,0,0,0,0,0,0,0,0,0,0,1.0,1.0,1.0,0.0,0.0,0.0,3,0,0
4267,51,24,27,5,15,5,26,16,1,0,2,11,12,0,0,0,0,0,0,0,0,0,0,1.0,1.0,1.0,0.0,0.0,0.0,3,0,0
4268,51,24,27,5,15,5,26,16,1,0,2,11,12,0,0,0,1,0,0,0,0,0,0,1.0,1.0,1.0,0.0,0.0,0.0,3,0,0
4269,51,24,27,5,15,5,26,16,1,0,2,11,12,0,0,0,1,0,0,0,0,0,0,1.0,1.0,1.0,0.0,0.0,0.0,3,0,0
4270,50,24,26,5,14,5,26,16,1,0,2,11,12,0,0,0,2,0,0,0,1,0,1,0.95,1.0,1.0,0.0,0.0,0.0,3,0,1
4271,50,24,26,5,14,5,26,16,1,0,2,11,12,0,0,0,3,0,0,0,0,0,0,1.0,1.0,1.0,0.0,0.0,0.0,3,0,0
4272,50,24,26,5,14,5,26,16,2,0,2,11,12,0,0,0,5,1,0,0,0,0,0,1.0,1.0,1.0,0.0,0.0,0.2,3,0,0
4273,50,24,26,5,14,5,26,16,2,0,2,11,12,0,0,0,0,0,0,0,0,0,0,1.0,1.0,1.0,0.0,0.0,0.0,3,0,0
4274,50,24,26,5,14,5,26,16,2,0,2,11,12,0,0,0,0,0,0,0,0,0,0,1.0,1.0,1.0,0.0,0.0,0.0,3,0,0
4275,50,24,26,5,14,5,26,16,2,0,2,11,12,0,0,0,0,0,0,0,0,0,0,1.0,1.0,1.0,0.0,0.0,0.0,3,0,0
4276,50,24,26,5,14,5,26,16,2,0,2,11,12,0,0,0,0,0,0,0,0,0,0,1.0,1.0,1.0,0.0,0.0,0.0,3,0,0
4277,50,24,26,5,14,5,26,16,2,0,2,11,12,0,0,0,0,0,0,0,0,0,0,1.0,1.0,1.0,0.0,0.0,0.0,3,0,0
4278,50,24,26,5,14,4,27,17,2,0,2,11,12,0,0,0,0,0,0,0,0,0,0,1.0,1.0,1.0,0.0,0.0,0.0,3,0,0
4279,50,24,26,5,14,4,27,17,3,0,2,11,12,0,0,0,5,1,0,0,0,0,0,1.0,1.0,1.0,0.0,0.0,0.2,3,0,0
4280,50,24,26,5,14,4,27,17,3,0,2,11,12,0,0,0,0,0,0,0,0,0,0,1.0,1.0,1.0,0.0,0.0,0.0,3,0,0
4281,50,24,26,5,14,4,27,17,3,0,2,11,12,0,0,0,0,0,0,0,0,0,0,1.0,1.0,1.0,0.0,0.0,0.0,3,0,0
4282,50,24,26,5,14,4,27,17,3,0,2,11,12,0,0,0,0,0,0,0,0,0,0,1.0,1.0,1.0,0.0,0.0,0.0,3,0,0
4283,50,24,26,5,14,4,27,17,3,0,2,11,12,0,0,0,0,0,0,0,0,0,0,1.0,1.0,1.0,0.0,0.0,0.0,3,0,0
4284,50,24,26,5,14,4,27,17,3,0,2,11,12,0,0,0,0,0,0,0,0,0,0,1.0,1.0,1.0,0.0,0.0,0.0,3,0,0
4285,50,24,26,5,14,4,27,17,3,0,2,11,12,0,0,0,0,0,0,0,0,0,0,1.0,1.0,1.0,0.0,0.0,0.0,3,0,0
4286,50,24,26,5,14,4,27,17,3,0,2,11,12,0,0,0,0,0,0,0,0,0,0,1.0,1.0,1.0,0.0,0.0,0.0,3,0,0
4287,49,24,25,5,13,4,27,17,3,0,2,11,12,0,0,0,0,0,0,0,1,0,1,0.9473684210526316,1.0,1.0,0.0,0.0,0.0,3,0,1
4288,49,24,25,5,13,4,27,17,3,0,2,11,12,0,0,0,0,0,0,0,0,0,0,1.0,1.0,1.0,0.0,0.0,0.0,3,0,0
4289,48,24,24,5,13,4,26,16,3,0,2,12,11,1,0,0,0,0,0,0,0,0,0,1.0,1.0,0.9411764705882353,0.0,0.0,0.0,3,0,1
4290,48,24,24,5,13,4,26,16,3,0,2,13,12,1,1,0,0,0,0,0,0,2,0,1.0,1.0,1.0,0.0,0.0,0.0,3,0,0
4291,48,24,24,5,13,4,26,16,3,0,2,13,12,0,0,0,0,0,0,0,0,1,0,1.0,1.0,1.0,0.0,0.0,0.0,3,0,0
4292,48,24,24,3,15,4,26,16,3,0,2,13,12,0,0,0,0,0,0,0,0,0,0,1.0,1.0,1.0,0.0,0.0,0.0,3,0,0
4293,48,24,24,3,15,3,27,17,3,0,2,15,13,2,1,0,0,0,0,0,0,0,0,1.0,1.0,1.0,0.0,0.0,0.0,3,0,0
4294,48,24,24,3,13,5,27,17,3,0,1,15,14,0,1,0,0,0,0,0,0,0,0,1.0,1.0,1.0,0.0,0.0,0.0,3,0,0
4295,48,24,24,3,12,6,27,17,3,0,1,15,15,0,1,0,0,0,0,0,0,0,0,1.0,1.0,1.0,0.0,0.0,0.0,3,0,0
4296,48,24,24,3,12,6,27,17,3,0,1,15,15,0,0,0,0,0,0,0,0,0,0,1.0,1.0,1.0,0.0,0.0,0.0,3,0,0
4297,48,24,24,3,12,5,28,17,3,0,1,15,15,0,0,0,8,0,0,0,0,0,0,1.0,1.0,1.0,0.0,0.0,0.0,3,0,0
4298,48,24,24,3,12,5,28,17,4,0,1,15,15,0,0,0,7,1,0,0,0,0,0,1.0,1.0,1.0,0.0,0.0,0.14285714285714285,3,0,0
4299,47,24,23,3,12,5,27,16,4,0,1,15,14,0,0,0,0,0,0,0,0,0,0,1.0,1.0,0.9411764705882353,0.0,0.0,0.0,3,0,1
4300,47,24,23,3,12,5,27,16,4,0,1,15,14,0,0,0,0,0,0,0,0,0,0,1.0,1.0,1.0,0.0,0.0,0.0,3,0,0
4301,47,24,23,3,12,5,27,16,4,0,1,15,14,0,0,0,0,0,0,0,0,0,0,1.0,1.0,1.0,0.0,0.0,0.0,3,0,0
4302,51,25,26,7,12,5,27,16,3,0,2,15,14,0,0,0,0,0,0,1,0,0,0,1.0,1.0,1.0,0.0851063829787234,0.0851063829787234,0.0,3,4,0
4303,51,25,26,4,15,5,27,16,3,0,2,15,14,0,0,0,0,0,0,0,0,0,0,1.0,1.0,1.0,0.0,0.0,0.0,3,0,0
4304,51,25,26,4,15,5,27,16,3,0,2,15,14,0,0,0,0,0,0,0,0,0,0,1.0,1.0,1.0,0.0,0.0,0.0,3,0,0
4305,51,25,26,4,15,5,27,16,3,0,1,15,14,0,0,0,0,0,0,0,0,0,0,1.0,1.0,1.0,0.0,0.0,0.0,3,0,0
4306,51,25,26,4,15,5,27,16,4,0,1,15,14,0,0,0,3,1,0,0,0,0,0,1.0,1.0,1.0,0.0,0.0,0.3333333333333333,3,0,0
4307,51,25,26,4,15,5,27,16,4,0,1,15,14,0,0,0,0,0,0,0,0,0,0,1.0,1.0,1.0,0.0,0.0,0.0,3,0,0
4308,51,25,26,4,15,5,27,16,4,0,1,15,14,0,0,0,0,0,0,0,0,0,0,1.0,1.0,1.0,0.0,0.0,0.0,3,0,0
4309,51,25,26,4,15,5,27,16,4,0,1,15,14,0,0,0,0,0,0,0,0,0,0,1.0,1.0,1.0,0.0,0.0,0.0,3,0,0
4310,51,25,26,4,15,5,27,16,4,0,1,15,14,0,0,0,0,0,0,0,0,0,0,1.0,1.0,1.0,0.0,0.0,0.0,3,0,0
4311,50,24,26,4,14,5,27,16,4,0,1,15,14,0,0,0,0,0,0,0,1,0,1,0.9473684210526316,1.0,1.0,0.0,0.0,0.0,3,0,1
4312,50,24,26,4,14,5,27,16,4,0,1,15,14,0,0,0,0,0,0,0,0,0,0,1.0,1.0,1.0,0.0,0.0,0.0,3,0,0
4313,50,24,26,4,14,5,27,16,4,0,1,15,14,0,0,0,0,0,0,0,0,0,0,1.0,1.0,1.0,0.0,0.0,0.0,3,0,0
4314,49,24,25,3,14,5,27,16,4,0,1,15,14,0,0,0,0,0,0,0,1,0,1,0.9444444444444444,1.0,1.0,0.0,0.0,0.0,3,0,1
4315,49,24,25,3,14,5,27,16,4,0,1,15,14,0,0,0,0,0,0,0,0,0,0,1.0,1.0,1.0,0.0,0.0,0.0,3,0,0
4316,49,24,25,3,14,5,27,16,4,0,1,15,14,0,0,0,0,0,0,0,0,0,0,1.0,1.0,1.0,0.0,0.0,0.0,3,0,0
4317,49,24,25,3,14,5,27,16,4,0,1,15,14,0,0,0,0,0,0,0,0,0,0,1.0,1.0,1.0,0.0,0.0,0.0,3,0,0
4318,49,24,25,3,14,5,27,16,4,0,1,15,14,0,0,0,0,0,0,0,0,0,0,1.0,1.0,1.0,0.0,0.0,0.0,3,0,0
4319,49,24,25,3,14,5,27,16,4,0,1,15,14,0,0,0,0,0,0,0,0,0,0,1.0,1.0,1.0,0.0,0.0,0.0,3,0,0
4320,49,24,25,3,14,5,27,16,4,0,1,15,14,0,0,0,0,0,0,0,0,1,0,1.0,1.0,1.0,0.0,0.0,0.0,3,0,0
4321,48,24,24,2,14,5,27,16,4,0,1,15,14,0,0,0,0,0,0,0,1,0,1,0.9411764705882353,1.0,1.0,0.0,0.0,0.0,3,0,1
4322,48,24,24,2,14,5,27,16,4,0,1,15,14,0,0,0,0,0,0,0,0,0,0,1.0,1.0,1.0,0.0,0.0,0.0,3,0,0
4323,48,24,24,2,14,5,27,16,4,0,1,15,14,0,0,0,0,0,0,0,0,0,0,1.0,1.0,1.0,0.0,0.0,0.0,3,0,0
4324,48,24,24,2,13,6,27,16,4,0,1,15,14,0,0,0,0,0,0,0,0,0,0,1.0,1.0,1.0,0.0,0.0,0.0,3,0,0
4325,48,24,24,2,13,6,27,16,4,0,1,15,14,0,0,0,0,0,0,0,0,0,0,1.0,1.0,1.0,0.0,0.0,0.0,3,0,0
4326,47,23,24,2,12,6,27,16,4,0,1,14,14,0,0,0,0,0,0,0,1,0,1,0.9333333333333333,1.0,1.0,0.0,0.0,0.0,3,0,1
4327,47,23,24,2,12,6,27,16,4,0,1,14,14,0,0,0,0,0,0,0,0,0,0,1.0,1.0,1.0,0.0,0.0,0.0,3,0,0
4328,47,23,24,2,12,6,27,16,4,0,1,14,14,0,0,0,0,0,0,0,0,0,0,1.0,1.0,1.0,0.0,0.0,0.0,3,0,0
4329,47,23,24,2,12,6,27,16,4,0,1,14,14,0,0,0,0,0,0,0,0,2,0,1.0,1.0,1.0,0.0,0.0,0.0,3,0,0
4330,47,23,24,2,12,6,27,16,4,0,1,14,14,0,0,0,0,0,0,0,0,0,0,1.0,1.0,1.0,0.0,0.0,0.0,3,0,0
4331,47,23,24,2,12,6,27,16,4,0,1,14,14,0,0,0,0,0,0,0,0,0,0,1.0,1.0,1.0,0.0,0.0,0.0,3,0,0
4332,47,23,24,2,12,6,27,16,4,0,1,14,14,0,0,0,0,0,0,0,0,0,0,1.0,1.0,1.0,0.0,0.0,0.0,3,0,0
4333,47,23,24,2,10,8,27,16,4,0,1,14,14,0,0,0,0,0,0,0,0,0,0,1.0,1.0,1.0,0.0,0.0,0.0,3,0,0
4334,47,23,24,2,10,8,27,16,4,0,1,14,14,0,0,0,0,0,0,0,0,0,0,1.0,1.0,1.0,0.0,0.0,0.0,3,0,0
4335,47,23,24,2,10,8,27,16,4,0,1,14,14,0,0,0,0,0,0,0,0,0,0,1.0,1.0,1.0,0.0,0.0,0.0,3,0,0
4336,47,23,24,2,10,8,27,16,4,0,1,14,14,0,0,0,0,0,0,0,0,0,0,1.0,1.0,1.0,0.0,0.0,0.0,3,0,0
4337,50,25,25,5,10,8,27,16,3,0,2,14,14,0,0,0,0,0,0,1,0,0,0,1.0,1.0,1.0,0.06382978723404255,0.06382978723404255,0.0,3,3,0
4338,50,25,25,5,10,8,27,16,3,0,2,14,14,0,0,0,0,0,0,0,0,0,0,1.0,1.0,1.0,0.0,0.0,0.0,3,0,0
4339,50,25,25,5,10,8,27,16,3,0,2,14,14,0,0,0,0,0,0,0,0,0,0,1.0,1.0,1.0,0.0,0.0,0.0,3,0,0
4340,49,24,25,5,9,8,27,16,3,0,2,14,14,0,0,0,0,0,0,0,1,0,1,0.9333333333333333,1.0,1.0,0.0,0.0,0.0,3,0,1
4341,49,24,25,5,9,8,27,16,3,0,2,14,14,0,0,0,0,0,0,0,0,0,0,1.0,1.0,1.0,0.0,0.0,0.0,3,0,0
4342,49,24,25,5,9,8,27,16,3,0,2,14,14,0,0,0,0,0,0,0,0,0,0,1.0,1.0,1.0,0.0,0.0,0.0,3,0,0
4343,49,24,25,5,9,7,28,17,3,0,2,14,14,0,0,0,0,0,0,0,0,0,0,1.0,1.0,1.0,0.0,0.0,0.0,3,0,0
4344,52,26,26,8,9,7,28,17,2,0,3,14,14,0,0,0,0,0,0,1,0,0,0,1.0,1.0,1.0,0.061224489795918366,0.061224489795918366,0.0,3,3,0
4345,52,26,26,6,11,7,28,17,2,0,3,14,14,0,0,0,0,0,0,0,0,0,0,1.0,1.0,1.0,0.0,0.0,0.0,3,0,0
4346,52,26,26,6,11,7,28,17,2,0,3,14,14,0,0,0,0,0,0,0,0,0,0,1.0,1.0,1.0,0.0,0.0,0.0,3,0,0
4347,51,25,26,5,11,7,28,17,2,0,2,14,14,0,0,0,0,0,0,0,1,0,1,0.9411764705882353,1.0,1.0,0.0,0.0,0.0,3,0,1
4348,51,25,26,5,11,7,28,17,2,0,2,14,14,0,0,0,0,0,0,0,0,0,0,1.0,1.0,1.0,0.0,0.0,0.0,3,0,0
4349,51,25,26,5,11,7,28,17,2,0,2,14,14,0,0,0,0,0,0,0,0,0,0,1.0,1.0,1.0,0.0,0.0,0.0,3,0,0
4350,51,25,26,5,11,7,28,17,2,0,2,14,14,0,0,0,0,0,0,0,0,0,0,1.0,1.0,1.0,0.0,0.0,0.0,3,0,0
4351,51,25,26,5,11,7,28,17,2,0,2,14,14,0,0,0,0,0,0,0,0,0,0,1.0,1.0,1.0,0.0,0.0,0.0,3,0,0
4352,51,25,26,5,11,7,28,17,2,0,2,14,14,0,0,0,0,0,0,0,0,0,0,1.0,1.0,1.0,0.0,0.0,0.0,3,0,0
4353,51,25,26,5,11,7,28,17,2,0,2,14,14,0,0,0,0,0,0,0,0,0,0,1.0,1.0,1.0,0.0,0.0,0.0,3,0,0
4354,50,24,26,5,10,7,28,17,2,0,2,14,14,0,0,0,0,0,0,0,1,0,1,0.9375,1.0,1.0,0.0,0.0,0.0,3,0,1
4355,50,24,26,5,10,7,28,17,2,0,2,14,14,0,0,0,0,0,0,0,0,0,0,1.0,1.0,1.0,0.0,0.0,0.0,3,0,0
4356,50,24,26,5,10,7,28,17,2,0,2,14,14,0,0,0,0,0,0,0,0,0,0,1.0,1.0,1.0,0.0,0.0,0.0,3,0,0
4357,50,24,26,5,10,7,28,17,2,0,2,14,14,0,0,0,0,0,0,0,0,0,0,1.0,1.0,1.0,0.0,0.0,0.0,3,0,0
4358,49,23,26,5,9,7,28,17,2,0,2,14,14,0,0,0,0,0,0,0,1,0,1,0.9333333333333333,1.0,1.0,0.0,0.0,0.0,3,0,1
4359,49,23,26,5,9,7,28,17,2,0,2,14,14,0,0,0,0,0,0,0,0,0,0,1.0,1.0,1.0,0.0,0.0,0.0,3,0,0
4360,49,23,26,5,9,7,28,17,2,0,2,14,14,0,0,0,0,0,0,0,0,0,0,1.0,1.0,1.0,0.0,0.0,0.0,3,0,0
4361,48,23,25,5,8,7,28,17,2,0,2,14,14,0,0,0,0,0,0,0,1,0,1,0.9285714285714286,1.0,1.0,0.0,0.0,0.0,3,0,1
4362,48,23,25,5,8,7,28,17,2,0,2,14,14,0,0,0,0,0,0,0,0,0,0,1.0,1.0,1.0,0.0,0.0,0.0,3,0,0
4363,52,26,26,9,8,7,28,17,1,0,3,14,14,0,0,0,0,0,0,1,0,0,0,1.0,1.0,1.0,0.08333333333333333,0.08333333333333333,0.0,3,4,0
4364,52,26,26,9,8,7,28,17,1,0,3,14,14,0,0,0,0,0,0,0,0,0,0,1.0,1.0,1.0,0.0,0.0,0.0,3,0,0
4365,52,26,26,9,8,7,28,17,1,0,3,14,14,0,0,0,0,0,0,0,0,0,0,1.0,1.0,1.0,0.0,0.0,0.0,3,0,0
4366,51,25,26,8,8,7,28,17,1,0,3,14,14,0,0,0,0,0,0,0,1,0,1,0.9411764705882353,1.0,1.0,0.0,0.0,0.0,3,0,1
4367,51,25,26,8,8,7,28,17,1,0,3,14,14,0,0,0,0,0,0,0,0,0,0,1.0,1.0,1.0,0.0,0.0,0.0,3,0,0
4368,51,25,26,8,8,7,28,17,1,0,3,14,14,0,0,0,0,0,0,0,0,0,0,1.0,1.0,1.0,0.0,0.0,0.0,3,0,0
4369,51,25,26,8,8,7,28,17,1,0,3,14,14,0,0,0,0,0,0,0,0,0,0,1.0,1.0,1.0,0.0,0.0,0.0,3,0,0
4370,49,24,25,7,8,7,27,17,1,0,3,13,14,0,0,0,0,0,0,0,1,0,1,0.9375,0.9090909090909091,1.0,0.0,0.0,0.0,3,0,2
4371,52,24,28,11,7,7,27,17,0,0,4,13,14,0,0,0,0,0,0,1,1,0,1,0.9333333333333333,1.0,1.0,0.08163265306122448,0.08163265306122448,0.0,3,4,1
4372,52,24,28,11,7,7,27,17,0,0,4,13,14,0,0,0,0,0,0,0,0,0,0,1.0,1.0,1.0,0.0,0.0,0.0,3,0,0
4373,52,24,28,11,7,7,27,17,0,0,4,13,14,0,0,0,0,0,0,0,0,0,0,1.0,1.0,1.0,0.0,0.0,0.0,3,0,0
4374,51,23,28,10,7,7,27,17,0,0,4,13,14,0,0,0,0,0,0,0,1,0,1,0.9444444444444444,1.0,1.0,0.0,0.0,0.0,3,0,1
4375,51,23,28,10,7,6,28,18,0,0,4,13,14,0,0,0,0,0,0,0,0,0,0,1.0,1.0,1.0,0.0,0.0,0.0,3,0,0
4376,51,23,28,10,7,6,28,18,0,0,4,13,14,0,0,0,0,0,0,0,0,0,0,1.0,1.0,1.0,0.0,0.0,0.0,3,0,0
4377,51,23,28,10,7,6,28,18,0,0,4,13,14,0,0,0,0,0,0,0,0,0,0,1.0,1.0,1.0,0.0,0.0,0.0,3,0,0
4378,51,23,28,10,7,6,28,18,0,0,4,13,14,0,0,0,0,0,0,0,0,0,0,1.0,1.0,1.0,0.0,0.0,0.0,3,0,0
4379,51,23,28,10,7,6,28,18,0,0,4,13,14,0,0,0,0,0,0,0,0,0,0,1.0,1.0,1.0,0.0,0.0,0.0,3,0,0
4380,51,23,28,8,9,6,28,18,0,0,4,13,14,0,0,0,0,0,0,0,0,0,0,1.0,1.0,1.0,0.0,0.0,0.0,3,0,0
4381,51,23,28,8,9,6,28,18,0,0,4,13,14,0,0,0,0,0,0,0,0,0,0,1.0,1.0,1.0,0.0,0.0,0.0,3,0,0
4382,50,22,28,7,9,6,28,18,0,0,3,13,14,0,0,0,0,0,0,0,1,0,1,0.9411764705882353,1.0,1.0,0.0,0.0,0.0,3,0,1
4383,50,22,28,7,9,6,28,18,0,0,3,13,14,0,0,0,0,0,0,0,0,0,0,1.0,1.0,1.0,0.0,0.0,0.0,3,0,0
4384,50,22,28,7,9,6,28,18,0,0,3,13,14,0,0,0,0,0,0,0,0,0,0,1.0,1.0,1.0,0.0,0.0,0.0,3,0,0
4385,50,22,28,7,9,6,28,18,0,0,3,13,15,0,1,0,0,0,0,0,0,0,0,1.0,1.0,1.0,0.0,0.0,0.0,3,0,0
4386,50,22,28,7,9,6,28,18,0,0,3,14,15,1,0,0,0,0,0,0,0,0,0,1.0,1.0,1.0,0.0,0.0,0.0,3,0,0
4387,49,22,27,7,8,6,28,18,0,0,3,14,16,0,2,0,0,0,0,0,1,0,1,0.9375,1.0,1.0,0.0,0.0,0.0,3,0,1
4388,49,22,27,7,8,6,28,18,0,0,3,14,16,0,0,0,0,0,0,0,0,0,0,1.0,1.0,1.0,0.0,0.0,0.0,3,0,0
4389,49,22,27,7,8,5,29,19,0,0,2,14,16,0,0,0,0,0,0,0,0,0,0,1.0,1.0,1.0,0.0,0.0,0.0,3,0,0
4390,49,22,27,7,8,5,29,19,0,0,2,14,16,0,0,0,0,0,0,0,0,0,0,1.0,1.0,1.0,0.0,0.0,0.0,3,0,0
4391,49,22,27,7,8,5,29,19,0,0,2,14,16,0,0,0,0,0,0,0,0,0,0,1.0,1.0,1.0,0.0,0.0,0.0,3,0,0
4392,49,22,27,7,8,5,29,19,0,0,2,14,16,0,0,0,0,0,0,0,0,0,0,1.0,1.0,1.0,0.0,0.0,0.0,3,0,0
4393,49,22,27,7,8,5,29,19,0,0,2,14,16,0,0,0,0,0,0,0,0,0,0,1.0,1.0,1.0,0.0,0.0,0.0,3,0,0
4394,49,22,27,7,8,5,29,19,0,0,2,14,16,0,0,0,0,0,0,0,0,0,0,1.0,1.0,1.0,0.0,0.0,0.0,3,0,0
4395,49,22,27,7,8,5,29,19,0,0,2,14,16,0,0,0,0,0,0,0,0,0,0,1.0,1.0,1.0,0.0,0.0,0.0,3,0,0
4396,48,21,27,7,7,5,29,19,0,0,2,14,16,0,0,0,0,0,0,0,1,0,1,0.9333333333333333,1.0,1.0,0.0,0.0,0.0,3,0,1
4397,48,21,27,7,7,5,29,19,0,0,2,14,16,0,0,0,0,0,0,0,0,0,0,1.0,1.0,1.0,0.0,0.0,0.0,3,0,0
4398,48,21,27,7,7,5,29,19,0,0,2,14,16,0,0,0,0,0,0,0,0,0,0,1.0,1.0,1.0,0.0,0.0,0.0,3,0,0
4399,47,21,26,7,6,5,29,19,0,0,2,14,16,0,0,0,0,0,0,0,1,0,1,0.9285714285714286,1.0,1.0,0.0,0.0,0.0,3,0,1
4400,47,21,26,7,6,5,29,19,0,0,2,14,16,0,0,0,0,0,0,0,0,0,0,1.0,1.0,1.0,0.0,0.0,0.0,3,0,0
4401,47,21,26,7,6,5,29,19,0,0,2,14,16,0,0,0,0,0,0,0,0,0,0,1.0,1.0,1.0,0.0,0.0,0.0,3,0,0
4402,47,21,26,7,6,5,29,19,0,0,2,14,16,0,0,0,0,0,0,0,0,0,0,1.0,1.0,1.0,0.0,0.0,0.0,3,0,0
4403,47,21,26,7,6,5,29,19,0,0,2,14,16,0,0,0,0,0,0,0,0,3,0,1.0,1.0,1.0,0.0,0.0,0.0,3,0,0
4404,47,21,26,7,6,5,29,19,0,0,2,14,16,0,0,0,0,0,0,0,0,0,0,1.0,1.0,1.0,0.0,0.0,0.0,3,0,0
4405,47,21,26,7,6,4,30,20,0,0,2,14,16,0,0,0,0,0,0,0,0,0,0,1.0,1.0,1.0,0.0,0.0,0.0,3,0,0
4406,47,21,26,4,9,4,30,20,0,0,2,14,16,0,0,0,0,0,0,0,0,0,0,1.0,1.0,1.0,0.0,0.0,0.0,3,0,0
4407,47,21,26,4,6,7,30,20,0,0,2,14,16,0,0,0,0,0,0,0,0,0,0,1.0,1.0,1.0,0.0,0.0,0.0,3,0,0
4408,47,21,26,4,6,7,30,20,0,0,1,14,16,0,0,0,0,0,0,0,0,0,0,1.0,1.0,1.0,0.0,0.0,0.0,3,0,0
4409,47,21,26,4,6,7,30,20,0,0,1,14,16,0,0,0,0,0,0,0,0,0,0,1.0,1.0,1.0,0.0,0.0,0.0,3,0,0
4410,46,20,26,3,6,7,30,20,0,0,1,14,16,0,0,0,4,0,0,0,1,0,1,0.9,1.0,1.0,0.0,0.0,0.0,3,0,1
4411,46,20,26,3,6,7,30,20,2,0,1,14,16,0,0,0,8,2,0,0,0,0,0,1.0,1.0,1.0,0.0,0.0,0.25,3,0,0
4412,46,20,26,3,6,7,30,20,3,0,1,14,16,0,0,0,8,1,0,0,0,0,0,1.0,1.0,1.0,0.0,0.0,0.125,3,0,0
4413,46,20,26,3,6,7,30,20,4,0,1,14,16,0,0,0,6,1,0,0,0,0,0,1.0,1.0,1.0,0.0,0.0,0.16666666666666666,3,0,0
4414,46,20,26,0,9,7,30,20,4,0,1,14,16,0,0,0,0,0,0,0,0,0,0,1.0,1.0,1.0,0.0,0.0,0.0,3,0,0
4415,46,20,26,0,9,7,30,20,4,0,1,14,16,0,0,0,0,0,0,0,0,0,0,1.0,1.0,1.0,0.0,0.0,0.0,3,0,0
4416,46,20,26,0,9,7,30,20,4,0,0,14,16,0,0,0,0,0,0,0,0,0,0,1.0,1.0,1.0,0.0,0.0,0.0,3,0,0
4417,46,20,26,0,9,7,30,20,4,0,0,14,16,0,0,0,1,0,0,0,0,0,0,1.0,1.0,1.0,0.0,0.0,0.0,3,0,0
4418,46,20,26,0,9,7,30,20,5,0,0,14,16,0,0,0,2,1,0,0,0,0,0,1.0,1.0,1.0,0.0,0.0,0.5,3,0,0
4419,46,20,26,0,9,7,30,20,5,0,0,14,16,0,0,0,0,0,0,0,0,0,0,1.0,1.0,1.0,0.0,0.0,0.0,3,0,0
4420,46,20,26,0,9,7,30,20,5,0,0,14,16,0,0,0,0,0,0,0,0,0,0,1.0,1.0,1.0,0.0,0.0,0.0,3,0,0
4421,46,20,26,0,9,7,30,20,5,0,0,14,16,0,0,0,0,0,0,0,0,0,0,1.0,1.0,1.0,0.0,0.0,0.0,3,0,0
4422,46,20,26,0,9,7,30,20,5,0,0,14,16,0,0,0,0,0,0,0,0,0,0,1.0,1.0,1.0,0.0,0.0,0.0,3,0,0
4423,46,20,26,0,9,7,30,20,5,0,0,14,16,0,0,0,0,0,0,0,0,0,0,1.0,1.0,1.0,0.0,0.0,0.0,3,0,0
4424,45,19,26,0,8,7,30,20,5,0,0,14,16,0,0,0,0,0,0,0,1,0,1,0.8888888888888888,1.0,1.0,0.0,0.0,0.0,3,0,1
4425,45,19,26,0,8,7,30,20,5,0,0,14,16,0,0,0,0,0,0,0,0,0,0,1.0,1.0,1.0,0.0,0.0,0.0,3,0,0
4426,45,19,26,0,8,7,30,20,5,0,0,14,16,0,0,0,0,0,0,0,0,0,0,1.0,1.0,1.0,0.0,0.0,0.0,3,0,0
4427,45,19,26,0,8,7,30,20,5,0,0,14,16,0,0,0,0,0,0,0,0,0,0,1.0,1.0,1.0,0.0,0.0,0.0,3,0,0
4428,45,19,26,0,8,7,30,20,5,0,0,14,16,0,0,0,0,0,0,0,0,0,0,1.0,1.0,1.0,0.0,0.0,0.0,3,0,0
4429,45,19,26,0,8,5,32,20,5,0,0,14,16,0,0,0,0,0,0,0,0,0,0,1.0,1.0,1.0,0.0,0.0,0.0,3,0,0
4430,45,19,26,0,8,4,33,20,5,0,0,14,16,0,0,0,0,0,0,0,0,0,0,1.0,1.0,1.0,0.0,0.0,0.0,3,0,0
4431,45,19,26,0,8,4,33,20,5,0,0,14,16,0,0,0,0,0,0,0,0,0,0,1.0,1.0,1.0,0.0,0.0,0.0,3,0,0
4432,44,19,25,0,7,4,33,20,5,0,0,14,16,0,0,0,0,0,0,0,1,0,1,0.875,1.0,1.0,0.0,0.0,0.0,3,0,1
4433,44,19,25,0,7,4,33,20,5,0,0,14,16,0,0,0,0,0,0,0,0,0,0,1.0,1.0,1.0,0.0,0.0,0.0,3,0,0
4434,44,19,25,0,7,4,33,20,5,0,0,14,16,0,0,0,0,0,0,0,0,0,0,1.0,1.0,1.0,0.0,0.0,0.0,3,0,0
4435,44,19,25,0,7,4,33,20,5,0,0,14,16,0,0,0,0,0,0,0,0,0,0,1.0,1.0,1.0,0.0,0.0,0.0,3,0,0
4436,44,19,25,0,7,4,33,20,5,0,0,14,16,0,0,0,0,0,0,0,0,0,0,1.0,1.0,1.0,0.0,0.0,0.0,3,0,0
4437,44,19,25,0,7,4,33,20,5,0,0,14,16,0,0,0,0,0,0,0,0,0,0,1.0,1.0,1.0,0.0,0.0,0.0,3,0,0
4438,44,19,25,0,7,4,33,20,5,0,0,14,16,0,0,0,0,0,0,0,0,0,0,1.0,1.0,1.0,0.0,0.0,0.0,3,0,0
4439,44,19,25,0,7,4,33,20,5,0,0,14,16,0,0,0,0,0,0,0,0,0,0,1.0,1.0,1.0,0.0,0.0,0.0,3,0,0
4440,43,19,24,0,6,4,33,20,5,0,0,14,16,0,0,0,0,0,0,0,1,1,1,0.8571428571428572,1.0,1.0,0.0,0.0,0.0,3,0,1
4441,43,19,24,0,6,4,33,20,5,0,0,14,16,0,0,0,0,0,0,0,0,0,0,1.0,1.0,1.0,0.0,0.0,0.0,3,0,0
4442,43,19,24,0,6,4,33,20,5,0,0,14,16,0,0,0,0,0,0,0,0,0,0,1.0,1.0,1.0,0.0,0.0,0.0,3,0,0
4443,43,19,24,0,6,4,33,20,5,0,0,14,16,0,0,0,0,0,0,0,0,0,0,1.0,1.0,1.0,0.0,0.0,0.0,3,0,0
4444,43,19,24,0,5,5,33,20,5,0,0,14,16,0,0,0,0,0,0,0,0,0,0,1.0,1.0,1.0,0.0,0.0,0.0,3,0,0
4445,43,19,24,0,5,5,33,20,5,0,0,14,16,0,0,0,0,0,0,0,0,0,0,1.0,1.0,1.0,0.0,0.0,0.0,3,0,0
4446,43,19,24,0,5,5,33,20,5,0,0,14,16,0,0,0,0,0,0,0,0,0,0,1.0,1.0,1.0,0.0,0.0,0.0,3,0,0
4447,43,19,24,0,5,5,33,20,5,0,0,14,16,0,0,0,0,0,0,0,0,0,0,1.0,1.0,1.0,0.0,0.0,0.0,3,0,0
4448,43,19,24,0,5,5,33,20,5,0,0,14,16,0,0,0,0,0,0,0,0,0,0,1.0,1.0,1.0,0.0,0.0,0.0,3,0,0
4449,43,19,24,0,5,5,33,20,5,0,0,14,16,0,0,0,0,0,0,0,0,0,0,1.0,1.0,1.0,0.0,0.0,0.0,3,0,0
4450,43,19,24,0,5,5,33,20,5,0,0,14,16,0,0,0,0,0,0,0,0,0,0,1.0,1.0,1.0,0.0,0.0,0.0,3,0,0
4451,43,19,24,0,5,5,33,20,5,0,0,14,16,0,0,0,0,0,0,0,0,0,0,1.0,1.0,1.0,0.0,0.0,0.0,3,0,0
4452,43,19,24,0,5,5,33,20,5,0,0,14,16,0,0,0,0,0,0,0,0,0,0,1.0,1.0,1.0,0.0,0.0,0.0,3,0,0
4453,43,19,24,0,5,5,33,20,5,0,0,14,16,0,0,0,0,0,0,0,0,0,0,1.0,1.0,1.0,0.0,0.0,0.0,3,0,0
4454,43,19,24,0,5,5,33,20,5,0,0,14,16,0,0,0,0,0,0,0,0,0,0,1.0,1.0,1.0,0.0,0.0,0.0,3,0,0
4455,43,19,24,0,5,5,33,20,5,0,0,14,16,0,0,0,0,0,0,0,0,0,0,1.0,1.0,1.0,0.0,0.0,0.0,3,0,0
4456,43,19,24,0,5,5,33,20,5,0,0,14,16,0,0,0,0,0,0,0,0,0,0,1.0,1.0,1.0,0.0,0.0,0.0,3,0,0
4457,43,19,24,0,5,5,33,20,5,0,0,14,16,0,0,0,0,0,0,0,0,0,0,1.0,1.0,1.0,0.0,0.0,0.0,3,0,0
4458,43,19,24,0,5,5,33,20,5,0,0,14,16,0,0,0,0,0,0,0,0,0,0,1.0,1.0,1.0,0.0,0.0,0.0,3,0,0
4459,43,19,24,0,5,5,33,20,5,0,0,14,16,0,0,0,0,0,0,0,0,0,0,1.0,1.0,1.0,0.0,0.0,0.0,3,0,0
4460,43,19,24,0,5,5,33,20,5,0,0,14,16,0,0,0,0,0,0,0,0,0,0,1.0,1.0,1.0,0.0,0.0,0.0,3,0,0
4461,43,19,24,0,5,5,33,20,5,0,0,14,16,0,0,0,0,0,0,0,0,0,0,1.0,1.0,1.0,0.0,0.0,0.0,3,0,0
4462,43,19,24,0,5,5,33,20,5,0,0,14,16,0,0,0,0,0,0,0,0,0,0,1.0,1.0,1.0,0.0,0.0,0.0,3,0,0
4463,43,19,24,0,5,5,33,20,5,0,0,14,16,0,0,0,0,0,0,0,0,0,0,1.0,1.0,1.0,0.0,0.0,0.0,3,0,0
4464,42,18,24,0,5,4,33,20,5,0,0,13,16,0,0,0,0,0,0,0,0,0,0,1.0,1.0,1.0,0.0,0.0,0.0,3,0,1
4465,41,18,23,0,5,4,32,19,5,0,0,13,15,0,0,0,0,0,0,0,0,0,0,1.0,1.0,0.95,0.0,0.0,0.0,3,0,1
4466,41,18,23,0,5,4,32,19,5,0,0,13,15,0,0,0,0,0,0,0,0,0,0,1.0,1.0,1.0,0.0,0.0,0.0,3,0,0
4467,41,18,23,0,5,4,32,19,5,0,0,13,15,0,0,0,0,0,0,0,0,0,0,1.0,1.0,1.0,0.0,0.0,0.0,3,0,0
4468,41,18,23,0,5,3,33,19,5,0,0,13,15,0,0,0,0,0,0,0,0,0,0,1.0,1.0,1.0,0.0,0.0,0.0,3,0,0
4469,41,18,23,0,5,3,33,19,5,0,0,13,15,0,0,0,0,0,0,0,0,0,0,1.0,1.0,1.0,0.0,0.0,0.0,3,0,0
4470,41,18,23,0,5,3,33,19,5,0,0,13,15,0,0,0,0,0,0,0,0,0,0,1.0,1.0,1.0,0.0,0.0,0.0,3,0,0
4471,41,18,23,0,5,3,33,19,5,0,0,13,15,0,0,0,0,0,0,0,0,0,0,1.0,1.0,1.0,0.0,0.0,0.0,3,0,0
4472,41,18,23,0,5,3,33,19,5,0,0,13,15,0,0,0,0,0,0,0,0,0,0,1.0,1.0,1.0,0.0,0.0,0.0,3,0,0
4473,41,18,23,0,5,3,33,19,5,0,0,13,16,0,1,0,0,0,0,0,0,0,0,1.0,1.0,1.0,0.0,0.0,0.0,3,0,0
4474,41,18,23,0,5,3,33,19,5,0,0,13,16,0,0,0,0,0,0,0,0,0,0,1.0,1.0,1.0,0.0,0.0,0.0,3,0,0
4475,41,18,23,0,5,3,33,19,5,0,0,13,16,0,0,0,0,0,0,0,0,0,0,1.0,1.0,1.0,0.0,0.0,0.0,3,0,0
4476,48,20,28,7,5,3,33,19,3,0,2,13,17,0,1,0,0,0,0,2,0,0,0,1.0,1.0,1.0,0.17073170731707318,0.17073170731707318,0.0,3,7,0
4477,51,21,30,10,5,3,33,19,2,0,3,14,17,1,0,0,0,0,0,1,0,0,0,1.0,1.0,1.0,0.0625,0.0625,0.0,3,3,0
4478,55,21,34,14,5,3,33,19,1,0,4,14,18,0,1,0,0,0,0,1,0,0,0,1.0,1.0,1.0,0.0784313725490196,0.0784313725490196,0.0,3,4,0
4479,55,21,34,14,5,3,33,19,1,0,4,14,18,0,0,0,0,0,0,0,0,0,0,1.0,1.0,1.0,0.0,0.0,0.0,3,0,0
4480,55,21,34,14,5,3,33,19,1,0,4,14,18,0,0,0,0,0,0,0,0,0,0,1.0,1.0,1.0,0.0,0.0,0.0,3,0,0
4481,55,21,34,14,5,3,33,19,1,0,4,14,18,0,0,0,0,0,0,0,0,0,0,1.0,1.0,1.0,0.0,0.0,0.0,3,0,0
4482,53,20,33,13,4,3,33,19,1,0,4,14,17,0,0,0,0,0,0,0,2,0,2,0.8947368421052632,1.0,1.0,0.0,0.0,0.0,3,0,2
4483,57,23,34,17,4,3,33,19,0,0,5,14,17,0,0,0,0,0,0,1,0,0,0,1.0,1.0,1.0,0.07547169811320754,0.07547169811320754,0.0,3,4,0
4484,57,23,34,17,4,3,33,19,0,0,5,14,17,0,0,0,0,0,0,0,0,0,0,1.0,1.0,1.0,0.0,0.0,0.0,3,0,0
4485,57,23,34,17,4,3,33,19,0,0,5,14,17,0,0,0,0,0,0,0,0,0,0,1.0,1.0,1.0,0.0,0.0,0.0,3,0,0
4486,57,23,34,17,4,3,33,19,0,0,5,14,17,0,0,0,0,0,0,0,0,0,0,1.0,1.0,1.0,0.0,0.0,0.0,3,0,0
4487,57,23,34,17,4,3,33,19,0,0,5,14,17,0,0,0,0,0,0,0,0,0,0,1.0,1.0,1.0,0.0,0.0,0.0,3,0,0
4488,57,23,34,17,4,3,33,19,0,0,5,14,17,0,0,0,0,0,0,0,0,0,0,1.0,1.0,1.0,0.0,0.0,0.0,3,0,0
4489,57,23,34,17,4,3,33,19,0,0,5,14,17,0,0,0,0,0,0,0,0,0,0,1.0,1.0,1.0,0.0,0.0,0.0,3,0,0
4490,56,23,33,16,4,3,33,19,0,0,5,14,17,0,0,0,0,0,0,0,1,0,1,0.9523809523809523,1.0,1.0,0.0,0.0,0.0,3,0,1
4491,56,23,33,16,4,3,33,19,0,0,5,14,17,0,0,0,0,0,0,0,0,0,0,1.0,1.0,1.0,0.0,0.0,0.0,3,0,0
4492,56,23,33,16,4,3,33,19,0,0,5,14,17,0,0,0,0,0,0,0,0,0,0,1.0,1.0,1.0,0.0,0.0,0.0,3,0,0
4493,54,22,32,15,4,3,32,19,0,0,5,14,17,0,0,0,0,0,0,0,1,0,1,0.95,0.9285714285714286,1.0,0.0,0.0,0.0,3,0,2
4494,54,22,32,15,4,3,32,19,0,0,5,14,17,0,0,0,0,0,0,0,0,0,0,1.0,1.0,1.0,0.0,0.0,0.0,3,0,0
4495,54,22,32,15,4,3,32,19,0,0,5,14,17,0,0,0,0,0,0,0,0,0,0,1.0,1.0,1.0,0.0,0.0,0.0,3,0,0
4496,54,22,32,15,4,3,32,19,0,0,5,14,17,0,0,0,0,0,0,0,0,0,0,1.0,1.0,1.0,0.0,0.0,0.0,3,0,0
4497,53,22,31,14,4,3,32,19,0,0,5,14,17,0,0,0,0,0,0,0,1,0,1,0.9473684210526316,1.0,1.0,0.0,0.0,0.0,3,0,1
4498,53,22,31,14,4,3,32,19,0,0,5,14,17,0,0,0,0,0,0,0,0,0,0,1.0,1.0,1.0,0.0,0.0,0.0,3,0,0
4499,53,22,31,14,4,3,32,19,0,0,5,14,17,0,0,0,0,0,0,0,0,0,0,1.0,1.0,1.0,0.0,0.0,0.0,3,0,0
4500,52,22,30,13,4,3,32,19,0,0,5,14,17,0,0,0,0,0,0,0,1,0,1,0.9444444444444444,1.0,1.0,0.0,0.0,0.0,3,0,1
4501,52,22,30,13,4,3,32,19,0,0,5,14,17,0,0,0,0,0,0,0,0,0,0,1.0,1.0,1.0,0.0,0.0,0.0,3,0,0
4502,50,22,28,11,4,3,32,19,0,0,5,14,17,0,0,0,0,0,0,0,2,0,2,0.8823529411764706,1.0,1.0,0.0,0.0,0.0,3,0,2
4503,50,22,28,11,4,3,32,19,0,0,5,14,17,0,0,0,0,0,0,0,0,0,0,1.0,1.0,1.0,0.0,0.0,0.0,3,0,0
4504,50,22,28,11,4,3,32,19,0,0,5,14,17,0,0,0,0,0,0,0,0,0,0,1.0,1.0,1.0,0.0,0.0,0.0,3,0,0
4505,50,22,28,11,4,3,32,19,0,0,5,14,17,0,0,0,0,0,0,0,0,0,0,1.0,1.0,1.0,0.0,0.0,0.0,3,0,0
4506,50,22,28,11,4,3,32,19,0,0,5,14,17,0,0,0,0,0,0,0,0,0,0,1.0,1.0,1.0,0.0,0.0,0.0,3,0,0
4507,50,22,28,11,4,3,32,19,0,0,5,14,17,0,0,0,0,0,0,0,0,0,0,1.0,1.0,1.0,0.0,0.0,0.0,3,0,0
4508,50,22,28,11,4,3,32,19,0,0,5,14,17,0,0,0,0,0,0,0,0,0,0,1.0,1.0,1.0,0.0,0.0,0.0,3,0,0
4509,50,22,28,11,4,3,32,19,0,0,5,14,17,0,0,0,0,0,0,0,0,0,0,1.0,1.0,1.0,0.0,0.0,0.0,3,0,0
4510,50,22,28,11,4,3,32,19,0,0,5,14,17,0,0,0,0,0,0,0,0,0,0,1.0,1.0,1.0,0.0,0.0,0.0,3,0,0
4511,50,22,28,11,4,3,32,19,0,0,5,14,17,0,0,0,0,0,0,0,0,0,0,1.0,1.0,1.0,0.0,0.0,0.0,3,0,0
4512,50,22,28,11,4,3,32,19,0,0,5,14,17,0,0,0,0,0,0,0,0,0,0,1.0,1.0,1.0,0.0,0.0,0.0,3,0,0
4513,50,22,28,11,4,3,32,19,0,0,5,14,17,0,0,0,0,0,0,0,0,0,0,1.0,1.0,1.0,0.0,0.0,0.0,3,0,0
4514,50,22,28,11,4,3,32,19,0,0,5,14,17,0,0,0,0,0,0,0,0,0,0,1.0,1.0,1.0,0.0,0.0,0.0,3,0,0
4515,50,22,28,11,4,3,32,19,0,0,5,14,17,0,0,0,0,0,0,0,0,0,0,1.0,1.0,1.0,0.0,0.0,0.0,3,0,0
4516,49,22,27,10,4,3,32,19,0,0,5,14,17,0,0,0,0,0,0,0,1,0,1,0.9333333333333333,1.0,1.0,0.0,0.0,0.0,3,0,1
4517,49,22,27,10,4,3,32,19,0,0,5,14,17,0,0,0,0,0,0,0,0,2,0,1.0,1.0,1.0,0.0,0.0,0.0,3,0,0
4518,49,22,27,10,4,3,32,19,0,0,5,14,17,0,0,0,0,0,0,0,0,0,0,1.0,1.0,1.0,0.0,0.0,0.0,3,0,0
4519,49,22,27,7,7,3,32,19,0,0,5,14,17,0,0,0,0,0,0,0,0,0,0,1.0,1.0,1.0,0.0,0.0,0.0,3,0,0
4520,49,22,27,5,9,3,32,19,0,0,5,14,17,0,0,0,0,0,0,0,0,0,0,1.0,1.0,1.0,0.0,0.0,0.0,3,0,0
4521,49,22,27,3,9,5,32,19,0,0,3,14,17,0,0,0,0,0,0,0,0,0,0,1.0,1.0,1.0,0.0,0.0,0.0,3,0,0
4522,49,22,27,3,9,5,32,19,2,0,2,14,17,0,0,0,8,2,0,0,0,0,0,1.0,1.0,1.0,0.0,0.0,0.25,3,0,0
4523,49,22,27,3,9,5,32,19,2,1,1,14,17,0,0,0,3,0,1,0,0,0,0,1.0,1.0,1.0,0.0,0.0,0.0,3,0,0
4524,49,22,27,3,9,5,32,19,3,1,1,14,17,0,0,0,4,1,0,0,0,0,0,1.0,1.0,1.0,0.0,0.0,0.25,3,0,0
4525,48,22,26,3,9,5,31,18,3,1,1,14,16,0,0,0,0,0,0,0,0,0,0,1.0,1.0,0.9473684210526316,0.0,0.0,0.0,3,0,1
4526,48,22,26,0,12,5,31,18,3,1,1,14,16,0,0,0,0,0,0,0,0,0,0,1.0,1.0,1.0,0.0,0.0,0.0,3,0,0
4527,48,22,26,0,12,5,31,18,3,1,1,14,16,0,0,0,0,0,0,0,0,0,0,1.0,1.0,1.0,0.0,0.0,0.0,3,0,0
4528,48,22,26,0,12,5,31,18,3,1,0,14,16,0,0,0,0,0,0,0,0,0,0,1.0,1.0,1.0,0.0,0.0,0.0,3,0,0
4529,48,22,26,0,12,5,31,18,3,1,0,14,16,0,0,0,0,0,0,0,0,0,0,1.0,1.0,1.0,0.0,0.0,0.0,3,0,0
4530,48,22,26,0,12,5,31,18,3,1,0,14,16,0,0,0,0,0,0,0,0,0,0,1.0,1.0,1.0,0.0,0.0,0.0,3,0,0
4531,48,22,26,0,12,5,31,18,3,1,0,14,16,0,0,0,0,0,0,0,0,0,0,1.0,1.0,1.0,0.0,0.0,0.0,3,0,0
4532,48,22,26,0,12,5,31,18,3,1,0,14,16,0,0,0,0,0,0,0,0,0,0,1.0,1.0,1.0,0.0,0.0,0.0,3,0,0
4533,48,22,26,0,12,5,31,18,3,1,0,14,16,0,0,0,0,0,0,0,0,0,0,1.0,1.0,1.0,0.0,0.0,0.0,3,0,0
4534,48,22,26,0,12,5,31,18,3,1,0,14,16,0,0,0,0,0,0,0,0,0,0,1.0,1.0,1.0,0.0,0.0,0.0,3,0,0
4535,48,22,26,0,12,5,31,18,3,1,0,14,16,0,0,0,0,0,0,0,0,0,0,1.0,1.0,1.0,0.0,0.0,0.0,3,0,0
4536,48,22,26,0,12,5,31,18,3,1,0,14,16,0,0,0,0,0,0,0,0,0,0,1.0,1.0,1.0,0.0,0.0,0.0,3,0,0
4537,47,21,26,0,12,4,31,18,3,1,0,13,16,0,0,0,0,0,0,0,0,0,0,1.0,1.0,1.0,0.0,0.0,0.0,3,0,1
4538,47,21,26,0,12,4,31,18,3,1,0,13,16,0,0,0,0,0,0,0,0,0,0,1.0,1.0,1.0,0.0,0.0,0.0,3,0,0
4539,47,21,26,0,12,4,31,18,3,1,0,13,16,0,0,0,0,0,0,0,0,0,0,1.0,1.0,1.0,0.0,0.0,0.0,3,0,0
4540,46,21,25,0,11,4,31,18,3,1,0,13,16,0,0,0,0,0,0,0,1,0,1,0.9166666666666666,1.0,1.0,0.0,0.0,0.0,3,0,1
4541,46,21,25,0,11,4,31,18,3,1,0,13,16,0,0,0,0,0,0,0,0,0,0,1.0,1.0,1.0,0.0,0.0,0.0,3,0,0
4542,46,21,25,0,11,3,32,18,3,1,0,13,16,0,0,0,0,0,0,0,0,0,0,1.0,1.0,1.0,0.0,0.0,0.0,3,0,0
4543,46,21,25,0,11,3,32,18,3,1,0,13,16,0,0,0,0,0,0,0,0,1,0,1.0,1.0,1.0,0.0,0.0,0.0,3,0,0
4544,46,21,25,0,11,3,32,18,3,1,0,13,16,0,0,0,0,0,0,0,0,0,0,1.0,1.0,1.0,0.0,0.0,0.0,3,0,0
4545,46,21,25,0,11,3,32,18,3,1,0,13,16,0,0,0,0,0,0,0,0,0,0,1.0,1.0,1.0,0.0,0.0,0.0,3,0,0
4546,46,21,25,0,11,3,32,18,3,1,0,13,16,0,0,0,0,0,0,0,0,0,0,1.0,1.0,1.0,0.0,0.0,0.0,3,0,0
4547,46,21,25,0,10,4,32,18,3,1,0,13,16,0,0,0,0,0,0,0,0,0,0,1.0,1.0,1.0,0.0,0.0,0.0,3,0,0
4548,45,21,24,0,9,4,32,18,3,1,0,13,16,0,0,0,0,0,0,0,1,0,1,0.9,1.0,1.0,0.0,0.0,0.0,3,0,1
4549,45,21,24,0,9,4,32,18,3,1,0,13,16,0,0,0,0,0,0,0,0,0,0,1.0,1.0,1.0,0.0,0.0,0.0,3,0,0
4550,45,21,24,0,9,4,32,18,3,1,0,13,16,0,0,0,0,0,0,0,0,0,0,1.0,1.0,1.0,0.0,0.0,0.0,3,0,0
4551,45,21,24,0,9,4,32,18,3,1,0,13,16,0,0,0,0,0,0,0,0,0,0,1.0,1.0,1.0,0.0,0.0,0.0,3,0,0
4552,45,21,24,0,9,4,32,18,3,1,0,13,16,0,0,0,0,0,0,0,0,0,0,1.0,1.0,1.0,0.0,0.0,0.0,3,0,0
4553,45,21,24,0,9,4,32,18,3,1,0,13,16,0,0,0,0,0,0,0,0,0,0,1.0,1.0,1.0,0.0,0.0,0.0,3,0,0
4554,45,21,24,0,9,4,32,18,3,1,0,13,16,0,0,0,0,0,0,0,0,0,0,1.0,1.0,1.0,0.0,0.0,0.0,3,0,0
4555,45,21,24,0,9,4,32,18,3,1,0,13,16,0,0,0,0,0,0,0,0,0,0,1.0,1.0,1.0,0.0,0.0,0.0,3,0,0
4556,45,21,24,0,9,4,32,18,3,1,0,13,16,0,0,0,0,0,0,0,0,0,0,1.0,1.0,1.0,0.0,0.0,0.0,3,0,0
4557,45,21,24,0,9,4,32,18,3,1,0,13,16,0,0,0,0,0,0,0,0,0,0,1.0,1.0,1.0,0.0,0.0,0.0,3,0,0
4558,45,21,24,0,9,4,32,18,3,1,0,13,16,0,0,0,0,0,0,0,0,0,0,1.0,1.0,1.0,0.0,0.0,0.0,3,0,0
4559,45,21,24,0,9,4,32,18,3,1,0,13,16,0,0,0,0,0,0,0,0,0,0,1.0,1.0,1.0,0.0,0.0,0.0,3,0,0
4560,45,21,24,0,9,4,32,18,3,1,0,13,16,0,0,0,0,0,0,0,0,0,0,1.0,1.0,1.0,0.0,0.0,0.0,3,0,0
4561,45,21,24,0,9,3,33,19,3,1,0,13,16,0,0,0,0,0,0,0,0,0,0,1.0,1.0,1.0,0.0,0.0,0.0,3,0,0
4562,45,21,24,0,9,3,33,19,3,1,0,13,16,0,0,0,0,0,0,0,0,0,0,1.0,1.0,1.0,0.0,0.0,0.0,3,0,0
4563,45,21,24,0,9,3,33,19,3,1,0,13,16,0,0,0,0,0,0,0,0,0,0,1.0,1.0,1.0,0.0,0.0,0.0,3,0,0
4564,45,21,24,0,9,3,33,19,3,1,0,13,16,0,0,0,0,0,0,0,0,0,0,1.0,1.0,1.0,0.0,0.0,0.0,3,0,0
4565,45,21,24,0,9,3,33,19,3,1,0,13,17,0,1,0,0,0,0,0,0,0,0,1.0,1.0,1.0,0.0,0.0,0.0,3,0,0
4566,45,21,24,0,9,3,33,19,3,1,0,13,17,0,0,0,0,0,0,0,0,0,0,1.0,1.0,1.0,0.0,0.0,0.0,3,0,0
4567,45,21,24,0,9,3,33,19,3,1,0,13,17,0,0,0,0,0,0,0,0,0,0,1.0,1.0,1.0,0.0,0.0,0.0,3,0,0
4568,45,21,24,0,9,3,33,19,3,0,0,13,17,0,0,0,0,0,0,0,0,0,0,1.0,1.0,1.0,0.0,0.0,0.0,3,0,0
4569,45,21,24,0,9,3,33,19,3,0,0,13,17,0,0,0,1,0,0,0,0,0,0,1.0,1.0,1.0,0.0,0.0,0.0,3,0,0
4570,45,21,24,0,9,3,33,19,3,0,0,13,17,0,0,0,2,0,0,0,0,0,0,1.0,1.0,1.0,0.0,0.0,0.0,3,0,0
4571,44,20,24,0,8,3,33,19,4,0,0,13,17,0,0,0,8,1,0,0,1,0,1,0.8888888888888888,1.0,1.0,0.0,0.0,0.125,3,0,1
4572,44,20,24,0,8,3,33,19,4,0,0,13,17,0,0,0,0,0,0,0,0,0,0,1.0,1.0,1.0,0.0,0.0,0.0,3,0,0
4573,44,20,24,0,8,3,33,19,4,0,0,13,17,0,0,0,0,0,0,0,0,0,0,1.0,1.0,1.0,0.0,0.0,0.0,3,0,0
4574,44,20,24,0,8,3,33,19,4,0,0,13,17,0,0,0,0,0,0,0,0,0,0,1.0,1.0,1.0,0.0,0.0,0.0,3,0,0
4575,44,20,24,0,8,3,33,19,4,0,0,13,17,0,0,0,0,0,0,0,0,0,0,1.0,1.0,1.0,0.0,0.0,0.0,3,0,0
4576,44,20,24,0,8,3,33,19,4,0,0,13,17,0,0,0,0,0,0,0,0,0,0,1.0,1.0,1.0,0.0,0.0,0.0,3,0,0
4577,44,20,24,0,8,3,33,19,4,0,0,13,17,0,0,0,0,0,0,0,0,0,0,1.0,1.0,1.0,0.0,0.0,0.0,3,0,0
4578,44,20,24,0,8,3,33,19,4,0,0,13,17,0,0,0,0,0,0,0,0,0,0,1.0,1.0,1.0,0.0,0.0,0.0,3,0,0
4579,44,20,24,0,8,3,33,19,4,0,0,13,17,0,0,0,0,0,0,0,0,0,0,1.0,1.0,1.0,0.0,0.0,0.0,3,0,0
4580,44,20,24,0,8,3,33,19,4,0,0,13,17,0,0,0,0,0,0,0,0,0,0,1.0,1.0,1.0,0.0,0.0,0.0,3,0,0
4581,44,20,24,0,8,3,33,19,4,0,0,13,17,0,0,0,0,0,0,0,0,0,0,1.0,1.0,1.0,0.0,0.0,0.0,3,0,0
4582,44,20,24,0,8,3,33,19,4,0,0,13,17,0,0,0,0,0,0,0,0,0,0,1.0,1.0,1.0,0.0,0.0,0.0,3,0,0
4583,44,20,24,0,8,3,33,19,4,0,0,13,17,0,0,0,0,0,0,0,0,0,0,1.0,1.0,1.0,0.0,0.0,0.0,3,0,0
4584,44,20,24,0,8,3,33,19,4,0,0,13,17,0,0,0,0,0,0,0,0,0,0,1.0,1.0,1.0,0.0,0.0,0.0,3,0,0
4585,44,20,24,0,8,3,33,19,4,0,0,13,17,0,0,0,0,0,0,0,0,0,0,1.0,1.0,1.0,0.0,0.0,0.0,3,0,0
4586,44,20,24,0,8,3,33,19,4,0,0,13,17,0,0,0,0,0,0,0,0,0,0,1.0,1.0,1.0,0.0,0.0,0.0,3,0,0
4587,52,25,27,8,8,3,33,19,2,0,2,13,17,0,0,0,0,0,0,2,0,0,0,1.0,1.0,1.0,0.18181818181818182,0.18181818181818182,0.0,3,8,0
4588,52,25,27,8,8,3,33,19,2,0,2,13,17,0,0,0,0,0,0,0,0,0,0,1.0,1.0,1.0,0.0,0.0,0.0,3,0,0
4589,56,28,28,12,8,3,33,19,1,0,3,13,17,0,0,0,0,0,0,1,0,0,0,1.0,1.0,1.0,0.07692307692307693,0.07692307692307693,0.0,3,4,0
4590,56,28,28,12,8,3,33,19,1,0,3,13,17,0,0,0,0,0,0,0,0,0,0,1.0,1.0,1.0,0.0,0.0,0.0,3,0,0
4591,54,27,27,11,7,3,33,19,1,0,3,13,17,0,0,0,0,0,0,0,2,0,2,0.9,1.0,1.0,0.0,0.0,0.0,3,0,2
4592,53,26,27,10,7,3,33,19,1,0,3,13,17,0,0,0,0,0,0,0,1,0,1,0.9444444444444444,1.0,1.0,0.0,0.0,0.0,3,0,1
4593,52,25,27,9,7,3,33,19,1,0,3,13,17,0,0,0,0,0,0,0,1,0,1,0.9411764705882353,1.0,1.0,0.0,0.0,0.0,3,0,1
4594,52,25,27,9,7,3,33,19,1,0,3,13,17,0,0,0,0,0,0,0,0,0,0,1.0,1.0,1.0,0.0,0.0,0.0,3,0,0
4595,52,25,27,9,7,3,33,19,1,0,3,13,17,0,0,0,0,0,0,0,0,0,0,1.0,1.0,1.0,0.0,0.0,0.0,3,0,0
4596,52,25,27,9,7,3,33,19,1,0,3,13,17,0,0,0,0,0,0,0,0,0,0,1.0,1.0,1.0,0.0,0.0,0.0,3,0,0
4597,51,24,27,9,6,3,33,19,1,0,3,13,17,0,0,0,0,0,0,0,1,0,1,0.9375,1.0,1.0,0.0,0.0,0.0,3,0,1
4598,51,24,27,9,6,3,33,19,1,0,3,13,17,0,0,0,0,0,0,0,0,0,0,1.0,1.0,1.0,0.0,0.0,0.0,3,0,0
4599,51,24,27,9,6,3,33,19,1,0,3,13,17,0,0,0,0,0,0,0,0,0,0,1.0,1.0,1.0,0.0,0.0,0.0,3,0,0
4600,51,24,27,9,6,3,33,19,1,0,3,13,17,0,0,0,0,0,0,0,0,0,0,1.0,1.0,1.0,0.0,0.0,0.0,3,0,0
4601,51,24,27,9,6,3,33,19,1,0,3,13,17,0,0,0,0,0,0,0,0,0,0,1.0,1.0,1.0,0.0,0.0,0.0,3,0,0
4602,51,24,27,9,6,3,33,19,1,0,3,13,17,0,0,0,0,0,0,0,0,0,0,1.0,1.0,1.0,0.0,0.0,0.0,3,0,0
4603,51,24,27,9,6,3,33,19,1,0,3,13,17,0,0,0,0,0,0,0,0,0,0,1.0,1.0,1.0,0.0,0.0,0.0,3,0,0
4604,50,23,27,9,5,3,33,19,1,0,3,13,17,0,0,0,0,0,0,0,1,0,1,0.9333333333333333,1.0,1.0,0.0,0.0,0.0,3,0,1
4605,50,23,27,9,5,3,33,19,1,0,3,13,17,0,0,0,0,0,0,0,0,0,0,1.0,1.0,1.0,0.0,0.0,0.0,3,0,0
4606,49,23,26,8,5,3,33,19,1,0,3,13,17,0,0,0,0,0,0,0,1,0,1,0.9285714285714286,1.0,1.0,0.0,0.0,0.0,3,0,1
4607,49,23,26,8,5,3,33,19,1,0,3,13,17,0,0,0,0,0,0,0,0,0,0,1.0,1.0,1.0,0.0,0.0,0.0,3,0,0
4608,49,23,26,8,5,3,33,19,1,0,3,13,17,0,0,0,0,0,0,0,0,0,0,1.0,1.0,1.0,0.0,0.0,0.0,3,0,0
4609,48,22,26,8,4,3,33,19,1,0,3,13,17,0,0,0,0,0,0,0,1,0,1,0.9230769230769231,1.0,1.0,0.0,0.0,0.0,3,0,1
4610,48,22,26,8,4,3,33,19,1,0,3,13,17,0,0,0,0,0,0,0,0,0,0,1.0,1.0,1.0,0.0,0.0,0.0,3,0,0
4611,48,22,26,8,4,3,33,19,1,0,3,13,17,0,0,0,0,0,0,0,0,0,0,1.0,1.0,1.0,0.0,0.0,0.0,3,0,0
4612,47,22,25,7,4,3,33,19,1,0,3,13,17,0,0,0,0,0,0,0,1,0,1,0.9166666666666666,1.0,1.0,0.0,0.0,0.0,3,0,1
4613,46,22,24,6,4,3,33,19,1,0,3,13,17,0,0,0,0,0,0,0,1,0,1,0.9090909090909091,1.0,1.0,0.0,0.0,0.0,3,0,1
4614,46,22,24,6,4,3,33,19,1,0,3,13,17,0,0,0,0,0,0,0,0,0,0,1.0,1.0,1.0,0.0,0.0,0.0,3,0,0
4615,45,21,24,5,4,3,33,19,1,0,3,13,17,0,0,0,0,0,0,0,1,0,1,0.9,1.0,1.0,0.0,0.0,0.0,3,0,1
4616,45,21,24,5,4,3,33,19,1,0,3,13,17,0,0,0,0,0,0,0,0,0,0,1.0,1.0,1.0,0.0,0.0,0.0,3,0,0
4617,45,21,24,5,4,3,33,19,1,0,3,13,17,0,0,0,0,0,0,0,0,0,0,1.0,1.0,1.0,0.0,0.0,0.0,3,0,0
4618,45,21,24,5,4,3,33,19,1,0,3,13,17,0,0,0,0,0,0,0,0,0,0,1.0,1.0,1.0,0.0,0.0,0.0,3,0,0
4619,45,21,24,5,4,3,33,19,1,0,3,13,17,0,0,0,0,0,0,0,0,0,0,1.0,1.0,1.0,0.0,0.0,0.0,3,0,0
4620,45,21,24,5,4,3,33,19,1,0,3,13,17,0,0,0,0,0,0,0,0,0,0,1.0,1.0,1.0,0.0,0.0,0.0,3,0,0
4621,44,20,24,5,4,3,32,19,1,0,3,12,17,0,0,0,0,0,0,0,0,0,0,1.0,0.9285714285714286,1.0,0.0,0.0,0.0,3,0,1
4622,44,20,24,5,4,3,32,19,1,0,3,12,17,0,0,0,0,0,0,0,0,0,0,1.0,1.0,1.0,0.0,0.0,0.0,3,0,0
4623,44,20,24,5,4,3,32,19,1,0,3,12,17,0,0,0,0,0,0,0,0,0,0,1.0,1.0,1.0,0.0,0.0,0.0,3,0,0
4624,44,20,24,5,4,3,32,19,1,0,3,12,17,0,0,0,0,0,0,0,0,0,0,1.0,1.0,1.0,0.0,0.0,0.0,3,0,0
4625,43,20,23,5,4,3,31,18,1,0,2,12,17,0,0,0,0,0,0,0,0,0,0,1.0,1.0,0.9473684210526316,0.0,0.0,0.0,3,0,1
4626,43,20,23,5,4,3,31,18,1,0,2,12,17,0,0,0,0,0,0,0,0,0,0,1.0,1.0,1.0,0.0,0.0,0.0,3,0,0
4627,43,20,23,5,4,3,31,18,1,0,2,12,17,0,0,0,0,0,0,0,0,0,0,1.0,1.0,1.0,0.0,0.0,0.0,3,0,0
4628,43,20,23,5,4,3,31,18,1,0,2,12,17,0,0,0,0,0,0,0,0,0,0,1.0,1.0,1.0,0.0,0.0,0.0,3,0,0
4629,43,20,23,5,4,3,31,18,1,0,2,12,17,0,0,0,0,0,0,0,0,0,0,1.0,1.0,1.0,0.0,0.0,0.0,3,0,0
4630,43,20,23,3,6,3,31,18,1,0,2,12,17,0,0,0,0,0,0,0,0,0,0,1.0,1.0,1.0,0.0,0.0,0.0,3,0,0
4631,43,20,23,3,6,3,31,18,1,0,2,12,17,0,0,0,0,0,0,0,0,0,0,1.0,1.0,1.0,0.0,0.0,0.0,3,0,0
4632,43,20,23,0,9,3,31,18,1,0,1,12,17,0,0,0,0,0,0,0,0,0,0,1.0,1.0,1.0,0.0,0.0,0.0,3,0,0
4633,43,20,23,0,9,3,31,18,1,0,1,12,17,0,0,0,0,0,0,0,0,0,0,1.0,1.0,1.0,0.0,0.0,0.0,3,0,0
4634,43,20,23,0,9,3,31,18,1,0,0,12,17,0,0,0,0,0,0,0,0,0,0,1.0,1.0,1.0,0.0,0.0,0.0,3,0,0
4635,43,20,23,0,9,3,31,18,1,0,0,12,17,0,0,0,1,0,0,0,0,0,0,1.0,1.0,1.0,0.0,0.0,0.0,3,0,0
4636,47,21,26,4,9,3,31,18,1,0,1,12,17,0,0,0,7,1,0,1,0,0,0,1.0,1.0,1.0,0.09302325581395349,0.09302325581395349,0.14285714285714285,3,4,0
4637,47,21,26,4,9,3,31,18,1,0,1,12,17,0,0,0,0,0,0,0,0,0,0,1.0,1.0,1.0,0.0,0.0,0.0,3,0,0
4638,47,21,26,4,9,3,31,18,1,0,1,12,17,0,0,0,0,0,0,0,0,0,0,1.0,1.0,1.0,0.0,0.0,0.0,3,0,0
4639,47,21,26,4,9,3,31,18,1,0,1,12,17,0,0,0,0,0,0,0,0,0,0,1.0,1.0,1.0,0.0,0.0,0.0,3,0,0
4640,47,21,26,4,9,3,31,18,1,0,1,12,17,0,0,0,0,0,0,0,0,0,0,1.0,1.0,1.0,0.0,0.0,0.0,3,0,0
4641,47,21,26,4,9,3,31,18,1,0,1,12,17,0,0,0,0,0,0,0,0,0,0,1.0,1.0,1.0,0.0,0.0,0.0,3,0,0
4642,47,21,26,4,9,3,31,18,1,0,1,12,17,0,0,0,0,0,0,0,0,0,0,1.0,1.0,1.0,0.0,0.0,0.0,3,0,0
4643,47,21,26,4,9,3,31,18,1,0,1,12,17,0,0,0,0,0,0,0,0,0,0,1.0,1.0,1.0,0.0,0.0,0.0,3,0,0
4644,47,21,26,4,9,3,31,18,1,0,1,12,17,0,0,0,0,0,0,0,0,0,0,1.0,1.0,1.0,0.0,0.0,0.0,3,0,0
4645,47,21,26,4,9,3,31,18,1,0,1,12,17,0,0,0,0,0,0,0,0,0,0,1.0,1.0,1.0,0.0,0.0,0.0,3,0,0
4646,47,21,26,4,9,3,31,18,1,0,1,12,17,0,0,0,0,0,0,0,0,0,0,1.0,1.0,1.0,0.0,0.0,0.0,3,0,0
4647,47,21,26,4,9,3,31,18,1,0,1,12,17,0,0,0,0,0,0,0,0,0,0,1.0,1.0,1.0,0.0,0.0,0.0,3,0,0
4648,47,21,26,4,9,3,31,18,1,0,1,12,17,0,0,0,0,0,0,0,0,0,0,1.0,1.0,1.0,0.0,0.0,0.0,3,0,0
4649,47,21,26,4,9,3,31,18,1,0,1,12,17,0,0,0,0,0,0,0,0,0,0,1.0,1.0,1.0,0.0,0.0,0.0,3,0,0
4650,47,21,26,4,9,3,31,18,1,0,1,12,17,0,0,0,0,0,0,0,0,0,0,1.0,1.0,1.0,0.0,0.0,0.0,3,0,0
4651,47,21,26,4,9,3,31,18,1,0,1,12,17,0,0,0,0,0,0,0,0,0,0,1.0,1.0,1.0,0.0,0.0,0.0,3,0,0
4652,47,21,26,4,9,3,31,18,1,0,1,12,17,0,0,0,0,0,0,0,0,0,0,1.0,1.0,1.0,0.0,0.0,0.0,3,0,0
4653,47,21,26,4,9,3,31,18,1,0,1,12,17,0,0,0,0,0,0,0,0,0,0,1.0,1.0,1.0,0.0,0.0,0.0,3,0,0
4654,47,21,26,4,9,3,31,18,1,0,1,13,17,1,0,0,0,0,0,0,0,0,0,1.0,1.0,1.0,0.0,0.0,0.0,3,0,0
4655,47,21,26,4,9,3,31,18,1,0,1,13,17,0,0,0,0,0,0,0,0,0,0,1.0,1.0,1.0,0.0,0.0,0.0,3,0,0
4656,47,21,26,4,9,2,32,18,1,0,1,13,17,0,0,0,0,0,0,0,0,1,0,1.0,1.0,1.0,0.0,0.0,0.0,3,0,0
4657,47,21,26,4,9,2,32,18,1,0,1,13,17,0,0,0,0,0,0,0,0,1,0,1.0,1.0,1.0,0.0,0.0,0.0,3,0,0
4658,47,21,26,4,9,2,32,18,1,0,1,13,17,0,0,0,0,0,0,0,0,1,0,1.0,1.0,1.0,0.0,0.0,0.0,3,0,0
4659,47,21,26,4,9,2,32,18,1,0,1,14,17,1,0,0,0,0,0,0,0,0,0,1.0,1.0,1.0,0.0,0.0,0.0,3,0,0
4660,47,21,26,4,8,3,32,18,1,0,1,14,17,0,0,0,0,0,0,0,0,0,0,1.0,1.0,1.0,0.0,0.0,0.0,3,0,0
4661,47,21,26,4,7,4,32,18,1,0,1,14,17,0,0,0,0,0,0,0,0,0,0,1.0,1.0,1.0,0.0,0.0,0.0,3,0,0
4662,46,21,25,4,6,5,31,17,1,0,1,14,16,0,0,0,0,0,0,0,0,0,0,1.0,1.0,0.9444444444444444,0.0,0.0,0.0,3,0,1
4663,46,21,25,4,6,5,31,17,1,0,1,14,16,0,0,0,0,0,0,0,0,1,0,1.0,1.0,1.0,0.0,0.0,0.0,3,0,0
4664,46,21,25,4,6,5,31,17,1,0,1,14,16,0,0,0,0,0,0,0,0,0,0,1.0,1.0,1.0,0.0,0.0,0.0,3,0,0
4665,46,21,25,4,6,5,31,17,1,0,1,14,16,0,0,0,0,0,0,0,0,0,0,1.0,1.0,1.0,0.0,0.0,0.0,3,0,0
4666,46,21,25,4,6,5,31,17,1,0,1,14,16,0,0,0,0,0,0,0,0,0,0,1.0,1.0,1.0,0.0,0.0,0.0,3,0,0
4667,46,21,25,4,5,6,31,17,1,0,1,14,16,0,0,0,0,0,0,0,0,0,0,1.0,1.0,1.0,0.0,0.0,0.0,3,0,0
4668,46,21,25,4,5,5,32,18,1,0,1,14,16,0,0,0,0,0,0,0,0,0,0,1.0,1.0,1.0,0.0,0.0,0.0,3,0,0
4669,45,20,25,4,4,5,32,18,1,0,1,13,16,0,0,0,0,0,0,0,1,0,1,0.8888888888888888,1.0,1.0,0.0,0.0,0.0,3,0,1
4670,45,20,25,4,4,5,32,18,1,0,1,13,16,0,0,0,0,0,0,0,0,0,0,1.0,1.0,1.0,0.0,0.0,0.0,3,0,0
4671,45,20,25,4,4,5,32,18,1,0,1,13,16,0,0,0,0,0,0,0,0,0,0,1.0,1.0,1.0,0.0,0.0,0.0,3,0,0
4672,45,20,25,4,4,5,32,18,1,0,1,13,16,0,0,0,0,0,0,0,0,0,0,1.0,1.0,1.0,0.0,0.0,0.0,3,0,0
4673,45,20,25,4,4,5,32,18,1,0,1,13,16,0,0,0,0,0,0,0,0,0,0,1.0,1.0,1.0,0.0,0.0,0.0,3,0,0
4674,45,20,25,4,4,5,32,18,1,0,1,13,16,0,0,0,0,0,0,0,0,0,0,1.0,1.0,1.0,0.0,0.0,0.0,3,0,0
4675,45,20,25,4,4,5,32,18,1,0,1,13,16,0,0,0,0,0,0,0,0,0,0,1.0,1.0,1.0,0.0,0.0,0.0,3,0,0
4676,45,20,25,4,4,5,32,18,1,0,1,13,16,0,0,0,0,0,0,0,0,0,0,1.0,1.0,1.0,0.0,0.0,0.0,3,0,0
4677,45,20,25,4,4,5,32,18,1,0,1,13,16,0,0,0,0,0,0,0,0,0,0,1.0,1.0,1.0,0.0,0.0,0.0,3,0,0
4678,45,20,25,4,4,5,32,18,1,0,1,13,16,0,0,0,0,0,0,0,0,0,0,1.0,1.0,1.0,0.0,0.0,0.0,3,0,0
4679,45,20,25,0,8,5,32,18,1,0,1,13,16,0,0,0,0,0,0,0,0,0,0,1.0,1.0,1.0,0.0,0.0,0.0,3,0,0
4680,45,20,25,0,8,5,32,18,1,0,1,13,16,0,0,0,0,0,0,0,0,0,0,1.0,1.0,1.0,0.0,0.0,0.0,3,0,0
4681,45,20,25,0,8,5,32,18,1,0,0,13,16,0,0,0,0,0,0,0,0,0,0,1.0,1.0,1.0,0.0,0.0,0.0,3,0,0
4682,45,20,25,0,8,4,33,18,1,0,0,13,16,0,0,0,0,0,0,0,0,0,0,1.0,1.0,1.0,0.0,0.0,0.0,3,0,0
4683,45,20,25,0,8,4,33,18,1,0,0,13,16,0,0,0,0,0,0,0,0,0,0,1.0,1.0,1.0,0.0,0.0,0.0,3,0,0
4684,45,20,25,0,8,4,33,18,1,0,0,13,16,0,0,0,0,0,0,0,0,0,0,1.0,1.0,1.0,0.0,0.0,0.0,3,0,0
4685,45,20,25,0,8,4,33,18,1,0,0,13,16,0,0,0,0,0,0,0,0,0,0,1.0,1.0,1.0,0.0,0.0,0.0,3,0,0
4686,45,20,25,0,8,4,33,18,1,0,0,13,16,0,0,0,0,0,0,0,0,0,0,1.0,1.0,1.0,0.0,0.0,0.0,3,0,0
4687,45,20,25,0,8,4,33,18,1,0,0,13,16,0,0,0,0,0,0,0,0,0,0,1.0,1.0,1.0,0.0,0.0,0.0,3,0,0
4688,45,20,25,0,8,4,33,18,1,0,0,13,16,0,0,0,0,0,0,0,0,0,0,1.0,1.0,1.0,0.0,0.0,0.0,3,0,0
4689,44,20,24,0,8,4,32,17,1,0,0,13,15,0,0,0,0,0,0,0,0,0,0,1.0,1.0,0.9444444444444444,0.0,0.0,0.0,3,0,1
4690,44,20,24,0,8,4,32,17,1,0,0,13,15,0,0,0,0,0,0,0,0,0,0,1.0,1.0,1.0,0.0,0.0,0.0,3,0,0
4691,44,20,24,0,8,4,32,17,1,0,0,13,15,0,0,0,0,0,0,0,0,0,0,1.0,1.0,1.0,0.0,0.0,0.0,3,0,0
4692,44,20,24,0,8,4,32,17,1,0,0,13,15,0,0,0,0,0,0,0,0,0,0,1.0,1.0,1.0,0.0,0.0,0.0,3,0,0
4693,43,20,23,0,7,4,32,17,1,0,0,13,15,0,0,0,0,0,0,0,1,0,1,0.875,1.0,1.0,0.0,0.0,0.0,3,0,1
4694,43,20,23,0,7,4,32,17,1,0,0,13,15,0,0,0,0,0,0,0,0,0,0,1.0,1.0,1.0,0.0,0.0,0.0,3,0,0
4695,42,20,22,0,7,4,31,16,1,0,0,13,14,0,0,0,0,0,0,0,0,0,0,1.0,1.0,0.9411764705882353,0.0,0.0,0.0,3,0,1
4696,42,20,22,0,7,4,31,16,1,0,0,13,14,0,0,0,0,0,0,0,0,0,0,1.0,1.0,1.0,0.0,0.0,0.0,3,0,0
4697,42,20,22,0,7,4,31,16,1,0,0,13,14,0,0,0,0,0,0,0,0,0,0,1.0,1.0,1.0,0.0,0.0,0.0,3,0,0
4698,42,20,22,0,7,4,31,16,1,0,0,13,14,0,0,0,0,0,0,0,0,0,0,1.0,1.0,1.0,0.0,0.0,0.0,3,0,0
4699,42,20,22,0,7,4,31,16,1,0,0,13,14,0,0,0,0,0,0,0,0,0,0,1.0,1.0,1.0,0.0,0.0,0.0,3,0,0
4700,42,20,22,0,7,4,31,16,1,0,0,13,14,0,0,0,0,0,0,0,0,0,0,1.0,1.0,1.0,0.0,0.0,0.0,3,0,0
4701,45,21,24,3,7,4,31,16,0,0,1,13,14,0,0,0,0,0,0,1,0,0,0,1.0,1.0,1.0,0.07142857142857142,0.07142857142857142,0.0,3,3,0
4702,45,21,24,3,7,4,31,16,0,0,1,13,14,0,0,0,0,0,0,0,0,0,0,1.0,1.0,1.0,0.0,0.0,0.0,3,0,0
4703,45,21,24,3,7,4,31,16,0,0,1,13,14,0,0,0,0,0,0,0,0,0,0,1.0,1.0,1.0,0.0,0.0,0.0,3,0,0
4704,45,21,24,3,7,4,31,16,0,0,1,13,14,0,0,0,0,0,0,0,0,0,0,1.0,1.0,1.0,0.0,0.0,0.0,3,0,0
4705,45,21,24,3,7,4,31,16,0,0,1,13,14,0,0,0,0,0,0,0,0,0,0,1.0,1.0,1.0,0.0,0.0,0.0,3,0,0
4706,45,21,24,3,7,4,31,16,0,0,1,13,14,0,0,0,0,0,0,0,0,0,0,1.0,1.0,1.0,0.0,0.0,0.0,3,0,0
4707,44,20,24,3,6,4,31,16,0,0,1,13,14,0,0,0,0,0,0,0,1,0,1,0.9,1.0,1.0,0.0,0.0,0.0,3,0,1
4708,44,20,24,3,6,4,31,16,0,0,1,13,14,0,0,0,0,0,0,0,0,0,0,1.0,1.0,1.0,0.0,0.0,0.0,3,0,0
4709,44,20,24,3,6,4,31,16,0,0,1,13,14,0,0,0,0,0,0,0,0,0,0,1.0,1.0,1.0,0.0,0.0,0.0,3,0,0
4710,44,20,24,3,6,4,31,16,0,0,1,13,14,0,0,0,0,0,0,0,0,0,0,1.0,1.0,1.0,0.0,0.0,0.0,3,0,0
4711,44,20,24,3,6,4,31,16,0,0,1,13,14,0,0,0,0,0,0,0,0,0,0,1.0,1.0,1.0,0.0,0.0,0.0,3,0,0
4712,44,20,24,3,6,4,31,16,0,0,1,13,14,0,0,0,0,0,0,0,0,0,0,1.0,1.0,1.0,0.0,0.0,0.0,3,0,0
4713,44,20,24,3,6,4,31,16,0,0,1,13,14,0,0,0,0,0,0,0,0,0,0,1.0,1.0,1.0,0.0,0.0,0.0,3,0,0
4714,44,20,24,3,6,4,31,16,0,0,1,13,14,0,0,0,0,0,0,0,0,0,0,1.0,1.0,1.0,0.0,0.0,0.0,3,0,0
4715,43,19,24,3,6,4,30,16,0,0,1,13,14,0,0,0,0,0,0,0,0,0,0,1.0,0.9333333333333333,1.0,0.0,0.0,0.0,3,0,1
4716,43,19,24,3,6,4,30,16,0,0,1,13,14,0,0,0,0,0,0,0,0,0,0,1.0,1.0,1.0,0.0,0.0,0.0,3,0,0
4717,43,19,24,3,6,4,30,16,0,0,1,13,14,0,0,0,0,0,0,0,0,0,0,1.0,1.0,1.0,0.0,0.0,0.0,3,0,0
4718,43,19,24,3,6,4,30,16,0,0,1,13,14,0,0,0,0,0,0,0,0,0,0,1.0,1.0,1.0,0.0,0.0,0.0,3,0,0
4719,43,19,24,3,6,4,30,16,0,0,1,13,14,0,0,0,0,0,0,0,0,0,0,1.0,1.0,1.0,0.0,0.0,0.0,3,0,0
4720,43,19,24,3,6,4,30,16,0,0,1,13,14,0,0,0,0,0,0,0,0,0,0,1.0,1.0,1.0,0.0,0.0,0.0,3,0,0
4721,43,19,24,3,6,4,30,16,0,0,1,13,14,0,0,0,0,0,0,0,0,0,0,1.0,1.0,1.0,0.0,0.0,0.0,3,0,0
4722,43,19,24,3,6,4,30,16,0,0,1,13,14,0,0,0,0,0,0,0,0,0,0,1.0,1.0,1.0,0.0,0.0,0.0,3,0,0
4723,43,19,24,3,6,4,30,16,0,0,1,13,14,0,0,0,0,0,0,0,0,0,0,1.0,1.0,1.0,0.0,0.0,0.0,3,0,0
4724,43,19,24,3,6,4,30,16,0,0,1,13,14,0,0,0,0,0,0,0,0,0,0,1.0,1.0,1.0,0.0,0.0,0.0,3,0,0
4725,43,19,24,3,6,4,30,16,0,0,1,13,14,0,0,0,0,0,0,0,0,0,0,1.0,1.0,1.0,0.0,0.0,0.0,3,0,0
4726,43,19,24,3,6,4,30,16,0,0,1,13,14,0,0,0,0,0,0,0,0,0,0,1.0,1.0,1.0,0.0,0.0,0.0,3,0,0
4727,43,19,24,3,6,4,30,16,0,0,1,13,14,0,0,0,0,0,0,0,0,0,0,1.0,1.0,1.0,0.0,0.0,0.0,3,0,0
4728,43,19,24,3,6,4,30,16,0,0,1,13,14,0,0,0,0,0,0,0,0,0,0,1.0,1.0,1.0,0.0,0.0,0.0,3,0,0
4729,43,19,24,3,6,4,30,16,0,0,1,13,14,0,0,0,0,0,0,0,0,0,0,1.0,1.0,1.0,0.0,0.0,0.0,3,0,0
4730,43,19,24,3,6,4,30,16,0,0,1,13,14,0,0,0,0,0,0,0,0,0,0,1.0,1.0,1.0,0.0,0.0,0.0,3,0,0
4731,43,19,24,3,6,4,30,16,0,0,1,13,14,0,0,0,0,0,0,0,0,0,0,1.0,1.0,1.0,0.0,0.0,0.0,3,0,0
4732,43,19,24,3,6,4,30,16,0,0,1,13,14,0,0,0,0,0,0,0,0,0,0,1.0,1.0,1.0,0.0,0.0,0.0,3,0,0
4733,43,19,24,3,6,4,30,16,0,0,1,13,14,0,0,0,0,0,0,0,0,0,0,1.0,1.0,1.0,0.0,0.0,0.0,3,0,0
4734,43,19,24,3,6,4,30,16,0,0,1,13,14,0,0,0,0,0,0,0,0,0,0,1.0,1.0,1.0,0.0,0.0,0.0,3,0,0
4735,43,19,24,3,6,4,30,16,0,0,1,13,14,0,0,0,0,0,0,0,0,0,0,1.0,1.0,1.0,0.0,0.0,0.0,3,0,0
4736,43,19,24,3,6,4,30,16,0,0,1,13,14,0,0,0,0,0,0,0,0,0,0,1.0,1.0,1.0,0.0,0.0,0.0,3,0,0
4737,43,19,24,3,6,4,30,16,0,0,1,13,14,0,0,0,0,0,0,0,0,0,0,1.0,1.0,1.0,0.0,0.0,0.0,3,0,0
4738,43,19,24,3,6,4,30,16,0,0,1,13,14,0,0,0,0,0,0,0,0,0,0,1.0,1.0,1.0,0.0,0.0,0.0,3,0,0
4739,42,19,23,2,6,4,30,16,0,0,1,13,14,0,0,0,0,0,0,0,1,0,1,0.8888888888888888,1.0,1.0,0.0,0.0,0.0,3,0,1
4740,42,19,23,2,6,4,30,16,0,0,1,13,14,0,0,0,0,0,0,0,0,0,0,1.0,1.0,1.0,0.0,0.0,0.0,3,0,0
4741,42,19,23,2,6,4,30,16,0,0,1,13,14,0,0,0,0,0,0,0,0,0,0,1.0,1.0,1.0,0.0,0.0,0.0,3,0,0
4742,42,19,23,2,6,4,30,16,0,0,1,13,14,0,0,0,0,0,0,0,0,0,0,1.0,1.0,1.0,0.0,0.0,0.0,3,0,0
4743,42,19,23,2,6,4,30,16,0,0,1,13,14,0,0,0,0,0,0,0,0,0,0,1.0,1.0,1.0,0.0,0.0,0.0,3,0,0
4744,42,19,23,0,8,4,30,16,0,0,1,13,14,0,0,0,0,0,0,0,0,0,0,1.0,1.0,1.0,0.0,0.0,0.0,3,0,0
4745,42,19,23,0,8,4,30,16,0,0,1,13,15,0,1,0,0,0,0,0,0,0,0,1.0,1.0,1.0,0.0,0.0,0.0,3,0,0
4746,42,19,23,0,8,4,30,16,0,0,0,13,15,0,0,0,0,0,0,0,0,0,0,1.0,1.0,1.0,0.0,0.0,0.0,3,0,0
4747,42,19,23,0,8,4,30,16,0,0,0,13,15,0,0,0,0,0,0,0,0,0,0,1.0,1.0,1.0,0.0,0.0,0.0,3,0,0
4748,42,19,23,0,8,4,30,16,0,0,0,13,15,0,0,0,0,0,0,0,0,0,0,1.0,1.0,1.0,0.0,0.0,0.0,3,0,0
4749,42,19,23,0,8,4,30,16,0,0,0,14,15,1,0,0,0,0,0,0,0,0,0,1.0,1.0,1.0,0.0,0.0,0.0,3,0,0
4750,42,19,23,0,8,4,30,16,0,0,0,14,15,0,0,0,0,0,0,0,0,0,0,1.0,1.0,1.0,0.0,0.0,0.0,3,0,0
4751,42,19,23,0,8,4,30,16,0,0,0,14,15,0,0,0,0,0,0,0,0,0,0,1.0,1.0,1.0,0.0,0.0,0.0,3,0,0
4752,42,19,23,0,8,4,30,16,0,0,0,14,15,0,0,0,0,0,0,0,0,0,0,1.0,1.0,1.0,0.0,0.0,0.0,3,0,0
4753,42,19,23,0,8,4,30,16,0,0,0,14,15,0,0,0,0,0,0,0,0,0,0,1.0,1.0,1.0,0.0,0.0,0.0,3,0,0
4754,42,19,23,0,8,4,30,16,0,0,0,14,15,0,0,0,0,0,0,0,0,0,0,1.0,1.0,1.0,0.0,0.0,0.0,3,0,0
4755,42,19,23,0,8,4,30,16,0,0,0,14,15,0,0,0,0,0,0,0,0,0,0,1.0,1.0,1.0,0.0,0.0,0.0,3,0,0
4756,42,19,23,0,8,4,30,16,0,0,0,14,15,0,0,0,0,0,0,0,0,0,0,1.0,1.0,1.0,0.0,0.0,0.0,3,0,0
4757,42,19,23,0,8,4,30,16,0,0,0,14,15,0,0,0,0,0,0,0,0,0,0,1.0,1.0,1.0,0.0,0.0,0.0,3,0,0
4758,42,19,23,0,8,4,30,16,0,0,0,14,15,0,0,0,0,0,0,0,0,0,0,1.0,1.0,1.0,0.0,0.0,0.0,3,0,0
4759,42,19,23,0,8,4,30,16,0,0,0,14,15,0,0,0,0,0,0,0,0,0,0,1.0,1.0,1.0,0.0,0.0,0.0,3,0,0
4760,42,19,23,0,8,4,30,16,0,0,0,14,15,0,0,0,0,0,0,0,0,0,0,1.0,1.0,1.0,0.0,0.0,0.0,3,0,0
4761,41,18,23,0,8,4,29,16,0,0,0,13,15,0,0,0,0,0,0,0,0,0,0,1.0,0.9285714285714286,1.0,0.0,0.0,0.0,3,0,1
4762,41,18,23,0,8,4,29,16,0,0,0,13,15,0,0,0,0,0,0,0,0,0,0,1.0,1.0,1.0,0.0,0.0,0.0,3,0,0
4763,41,18,23,0,8,4,29,16,0,0,0,13,15,0,0,0,0,0,0,0,0,0,0,1.0,1.0,1.0,0.0,0.0,0.0,3,0,0
4764,41,18,23,0,8,4,29,16,0,0,0,13,15,0,0,0,0,0,0,0,0,0,0,1.0,1.0,1.0,0.0,0.0,0.0,3,0,0
4765,41,18,23,0,8,4,29,16,0,0,0,13,15,0,0,0,0,0,0,0,0,0,0,1.0,1.0,1.0,0.0,0.0,0.0,3,0,0
4766,41,18,23,0,8,4,29,16,0,0,0,13,15,0,0,0,0,0,0,0,0,0,0,1.0,1.0,1.0,0.0,0.0,0.0,3,0,0
4767,41,18,23,0,8,4,29,16,0,0,0,13,15,0,0,0,0,0,0,0,0,1,0,1.0,1.0,1.0,0.0,0.0,0.0,3,0,0
4768,41,18,23,0,8,4,29,16,0,0,0,13,15,0,0,0,0,0,0,0,0,0,0,1.0,1.0,1.0,0.0,0.0,0.0,3,0,0
4769,41,18,23,0,8,4,29,16,0,0,0,13,15,0,0,0,0,0,0,0,0,3,0,1.0,1.0,1.0,0.0,0.0,0.0,3,0,0
4770,41,18,23,0,8,4,29,16,0,0,0,13,15,0,0,0,0,0,0,0,0,0,0,1.0,1.0,1.0,0.0,0.0,0.0,3,0,0
4771,41,18,23,0,7,5,29,16,0,0,0,13,15,0,0,0,0,0,0,0,0,0,0,1.0,1.0,1.0,0.0,0.0,0.0,3,0,0
4772,41,18,23,0,7,5,29,16,0,0,0,13,15,0,0,0,0,0,0,0,0,0,0,1.0,1.0,1.0,0.0,0.0,0.0,3,0,0
4773,41,18,23,0,4,8,29,16,0,0,0,13,15,0,0,0,0,0,0,0,0,0,0,1.0,1.0,1.0,0.0,0.0,0.0,3,0,0
4774,41,18,23,0,4,8,29,16,0,0,0,13,15,0,0,0,0,0,0,0,0,0,0,1.0,1.0,1.0,0.0,0.0,0.0,3,0,0
4775,41,18,23,0,4,8,29,16,2,0,0,13,15,0,0,0,11,2,0,0,0,0,0,1.0,1.0,1.0,0.0,0.0,0.18181818181818182,3,0,0
4776,40,17,23,0,4,8,28,16,2,0,0,12,15,0,0,0,0,0,0,0,0,0,0,1.0,0.9230769230769231,1.0,0.0,0.0,0.0,3,0,1
4777,40,17,23,0,4,8,28,16,2,0,0,12,15,0,0,0,0,0,0,0,0,0,0,1.0,1.0,1.0,0.0,0.0,0.0,3,0,0
4778,40,17,23,0,4,8,28,16,2,0,0,12,15,0,0,0,0,0,0,0,0,0,0,1.0,1.0,1.0,0.0,0.0,0.0,3,0,0
4779,40,17,23,0,4,8,28,16,2,0,0,12,15,0,0,0,0,0,0,0,0,0,0,1.0,1.0,1.0,0.0,0.0,0.0,3,0,0
4780,40,17,23,0,4,8,28,16,2,0,0,12,15,0,0,0,0,0,0,0,0,0,0,1.0,1.0,1.0,0.0,0.0,0.0,3,0,0
4781,40,17,23,0,4,8,28,16,2,0,0,12,15,0,0,0,0,0,0,0,0,0,0,1.0,1.0,1.0,0.0,0.0,0.0,3,0,0
4782,40,17,23,0,4,8,28,16,2,0,0,12,15,0,0,0,0,0,0,0,0,0,0,1.0,1.0,1.0,0.0,0.0,0.0,3,0,0
4783,40,17,23,0,4,8,28,16,2,0,0,12,15,0,0,0,0,0,0,0,0,0,0,1.0,1.0,1.0,0.0,0.0,0.0,3,0,0
4784,40,17,23,0,4,8,28,16,2,0,0,12,15,0,0,0,0,0,0,0,0,0,0,1.0,1.0,1.0,0.0,0.0,0.0,3,0,0
4785,40,17,23,0,4,8,28,16,2,0,0,12,15,0,0,0,0,0,0,0,0,0,0,1.0,1.0,1.0,0.0,0.0,0.0,3,0,0
4786,40,17,23,0,4,8,28,16,2,0,0,12,15,0,0,0,0,0,0,0,0,0,0,1.0,1.0,1.0,0.0,0.0,0.0,3,0,0
4787,39,17,22,0,3,8,28,16,2,0,0,12,15,0,0,0,0,0,0,0,1,0,1,0.75,1.0,1.0,0.0,0.0,0.0,3,0,1
4788,39,17,22,0,3,8,28,16,2,0,0,12,15,0,0,0,0,0,0,0,0,0,0,1.0,1.0,1.0,0.0,0.0,0.0,3,0,0
4789,39,17,22,0,3,8,28,16,2,0,0,12,15,0,0,0,0,0,0,0,0,0,0,1.0,1.0,1.0,0.0,0.0,0.0,3,0,0
4790,39,17,22,0,3,8,28,16,2,0,0,12,15,0,0,0,0,0,0,0,0,0,0,1.0,1.0,1.0,0.0,0.0,0.0,3,0,0
4791,39,17,22,0,3,8,28,16,2,0,0,12,15,0,0,0,0,0,0,0,0,0,0,1.0,1.0,1.0,0.0,0.0,0.0,3,0,0
4792,39,17,22,0,3,8,28,16,2,0,0,12,15,0,0,0,0,0,0,0,0,0,0,1.0,1.0,1.0,0.0,0.0,0.0,3,0,0
4793,39,17,22,0,3,8,28,16,2,0,0,12,15,0,0,0,0,0,0,0,0,0,0,1.0,1.0,1.0,0.0,0.0,0.0,3,0,0
4794,39,17,22,0,3,8,28,16,2,0,0,12,15,0,0,0,0,0,0,0,0,0,0,1.0,1.0,1.0,0.0,0.0,0.0,3,0,0
4795,39,17,22,0,3,8,28,16,2,0,0,12,15,0,0,0,0,0,0,0,0,0,0,1.0,1.0,1.0,0.0,0.0,0.0,3,0,0
4796,39,17,22,0,3,8,28,16,2,0,0,12,15,0,0,0,0,0,0,0,0,0,0,1.0,1.0,1.0,0.0,0.0,0.0,3,0,0
4797,39,17,22,0,3,8,28,16,2,0,0,12,15,0,0,0,0,0,0,0,0,0,0,1.0,1.0,1.0,0.0,0.0,0.0,3,0,0
4798,39,17,22,0,3,8,28,16,2,0,0,12,15,0,0,0,0,0,0,0,0,0,0,1.0,1.0,1.0,0.0,0.0,0.0,3,0,0
4799,39,17,22,0,3,8,28,16,2,0,0,12,15,0,0,0,0,0,0,0,0,0,0,1.0,1.0,1.0,0.0,0.0,0.0,3,0,0
4800,39,17,22,0,3,8,28,16,2,0,0,12,15,0,0,0,0,0,0,0,0,0,0,1.0,1.0,1.0,0.0,0.0,0.0,3,0,0
4801,39,17,22,0,3,8,28,16,2,0,0,12,15,0,0,0,0,0,0,0,0,0,0,1.0,1.0,1.0,0.0,0.0,0.0,3,0,0
4802,39,17,22,0,3,7,29,16,2,0,0,12,15,0,0,0,0,0,0,0,0,0,0,1.0,1.0,1.0,0.0,0.0,0.0,3,0,0
4803,39,17,22,0,3,6,30,17,3,0,0,12,15,0,0,0,2,1,0,0,0,0,0,1.0,1.0,1.0,0.0,0.0,0.5,3,0,0
4804,39,17,22,0,3,6,30,17,3,0,0,12,15,0,0,0,0,0,0,0,0,0,0,1.0,1.0,1.0,0.0,0.0,0.0,3,0,0
4805,39,17,22,0,3,6,30,17,3,0,0,12,15,0,0,0,0,0,0,0,0,0,0,1.0,1.0,1.0,0.0,0.0,0.0,3,0,0
4806,39,17,22,0,3,6,30,17,3,0,0,12,15,0,0,0,0,0,0,0,0,0,0,1.0,1.0,1.0,0.0,0.0,0.0,3,0,0
4807,39,17,22,0,3,6,30,17,3,0,0,12,15,0,0,0,0,0,0,0,0,0,0,1.0,1.0,1.0,0.0,0.0,0.0,3,0,0
4808,39,17,22,0,3,6,30,17,3,0,0,12,15,0,0,0,0,0,0,0,0,0,0,1.0,1.0,1.0,0.0,0.0,0.0,3,0,0
4809,39,17,22,0,3,6,30,17,3,0,0,12,15,0,0,0,0,0,0,0,0,0,0,1.0,1.0,1.0,0.0,0.0,0.0,3,0,0
4810,39,17,22,0,3,6,30,17,3,0,0,12,15,0,0,0,0,0,0,0,0,0,0,1.0,1.0,1.0,0.0,0.0,0.0,3,0,0
4811,39,17,22,0,3,6,30,17,3,0,0,12,15,0,0,0,0,0,0,0,0,0,0,1.0,1.0,1.0,0.0,0.0,0.0,3,0,0
4812,39,17,22,0,3,6,30,17,3,0,0,12,15,0,0,0,0,0,0,0,0,0,0,1.0,1.0,1.0,0.0,0.0,0.0,3,0,0
4813,39,17,22,0,3,5,31,18,3,0,0,12,15,0,0,0,0,0,0,0,0,0,0,1.0,1.0,1.0,0.0,0.0,0.0,3,0,0
4814,39,17,22,0,3,5,31,18,3,0,0,12,15,0,0,0,0,0,0,0,0,0,0,1.0,1.0,1.0,0.0,0.0,0.0,3,0,0
4815,39,17,22,0,3,4,32,19,3,0,0,12,15,0,0,0,2,0,0,0,0,0,0,1.0,1.0,1.0,0.0,0.0,0.0,3,0,0
4816,39,17,22,0,3,4,32,19,3,0,0,12,15,0,0,0,1,0,0,0,0,2,0,1.0,1.0,1.0,0.0,0.0,0.0,3,0,0
4817,39,17,22,0,3,4,32,19,4,0,0,12,15,0,0,0,6,1,0,0,0,0,0,1.0,1.0,1.0,0.0,0.0,0.16666666666666666,3,0,0
4818,39,17,22,0,3,4,32,19,4,0,0,12,15,0,0,0,0,0,0,0,0,0,0,1.0,1.0,1.0,0.0,0.0,0.0,3,0,0
4819,39,17,22,0,3,4,32,19,4,0,0,12,15,0,0,0,0,0,0,0,0,0,0,1.0,1.0,1.0,0.0,0.0,0.0,3,0,0
4820,39,17,22,0,1,6,32,19,4,0,0,12,15,0,0,0,0,0,0,0,0,0,0,1.0,1.0,1.0,0.0,0.0,0.0,3,0,0
4821,39,17,22,0,1,6,32,19,4,0,0,12,15,0,0,0,0,0,0,0,0,0,0,1.0,1.0,1.0,0.0,0.0,0.0,3,0,0
4822,39,17,22,0,1,6,32,19,4,0,0,12,15,0,0,0,0,0,0,0,0,0,0,1.0,1.0,1.0,0.0,0.0,0.0,3,0,0
4823,39,17,22,0,1,6,32,19,4,0,0,12,15,0,0,0,0,0,0,0,0,0,0,1.0,1.0,1.0,0.0,0.0,0.0,3,0,0
4824,39,17,22,0,1,6,32,19,4,0,0,12,15,0,0,0,0,0,0,0,0,0,0,1.0,1.0,1.0,0.0,0.0,0.0,3,0,0
4825,39,17,22,0,1,6,32,19,4,0,0,12,15,0,0,0,0,0,0,0,0,0,0,1.0,1.0,1.0,0.0,0.0,0.0,3,0,0
4826,39,17,22,0,1,6,32,19,4,0,0,12,15,0,0,0,0,0,0,0,0,0,0,1.0,1.0,1.0,0.0,0.0,0.0,3,0,0
4827,39,17,22,0,1,6,32,19,4,0,0,12,15,0,0,0,0,0,0,0,0,0,0,1.0,1.0,1.0,0.0,0.0,0.0,3,0,0
4828,39,17,22,0,1,6,32,19,4,0,0,12,15,0,0,0,0,0,0,0,0,0,0,1.0,1.0,1.0,0.0,0.0,0.0,3,0,0
4829,39,17,22,0,1,6,32,19,4,0,0,12,15,0,0,0,0,0,0,0,0,0,0,1.0,1.0,1.0,0.0,0.0,0.0,3,0,0
4830,39,17,22,0,1,6,32,19,4,0,0,12,15,0,0,0,0,0,0,0,0,0,0,1.0,1.0,1.0,0.0,0.0,0.0,3,0,0
4831,39,17,22,0,1,6,32,19,4,0,0,12,15,0,0,0,0,0,0,0,0,0,0,1.0,1.0,1.0,0.0,0.0,0.0,3,0,0
4832,39,17,22,0,1,6,32,19,4,0,0,12,15,0,0,0,0,0,0,0,0,0,0,1.0,1.0,1.0,0.0,0.0,0.0,3,0,0
4833,39,17,22,0,1,6,32,19,4,0,0,12,15,0,0,0,0,0,0,0,0,0,0,1.0,1.0,1.0,0.0,0.0,0.0,3,0,0
4834,39,17,22,0,1,6,32,19,4,0,0,12,15,0,0,0,0,0,0,0,0,0,0,1.0,1.0,1.0,0.0,0.0,0.0,3,0,0
4835,39,17,22,0,1,6,32,19,4,0,0,12,15,0,0,0,0,0,0,0,0,0,0,1.0,1.0,1.0,0.0,0.0,0.0,3,0,0
4836,39,17,22,0,1,6,32,19,4,0,0,12,15,0,0,0,0,0,0,0,0,0,0,1.0,1.0,1.0,0.0,0.0,0.0,3,0,0
4837,39,17,22,0,1,6,32,19,4,0,0,12,15,0,0,0,0,0,0,0,0,0,0,1.0,1.0,1.0,0.0,0.0,0.0,3,0,0
4838,39,17,22,0,1,6,32,19,4,0,0,13,15,1,0,0,0,0,0,0,0,0,0,1.0,1.0,1.0,0.0,0.0,0.0,3,0,0
4839,39,17,22,0,1,6,32,19,4,0,0,13,15,0,0,0,0,0,0,0,0,0,0,1.0,1.0,1.0,0.0,0.0,0.0,3,0,0
4840,47,19,28,8,1,6,32,19,2,0,2,13,15,0,0,0,0,0,0,2,0,0,0,1.0,1.0,1.0,0.20512820512820512,0.20512820512820512,0.0,3,8,0
4841,47,19,28,8,1,6,32,19,2,0,2,13,15,0,0,0,0,0,0,0,0,0,0,1.0,1.0,1.0,0.0,0.0,0.0,3,0,0
4842,47,19,28,8,1,6,32,19,2,0,2,13,16,0,1,0,0,0,0,0,0,0,0,1.0,1.0,1.0,0.0,0.0,0.0,3,0,0
4843,47,19,28,8,1,6,32,19,2,0,2,13,17,0,1,0,0,0,0,0,0,0,0,1.0,1.0,1.0,0.0,0.0,0.0,3,0,0
4844,47,19,28,8,1,6,32,19,2,0,2,13,17,0,0,0,0,0,0,0,0,0,0,1.0,1.0,1.0,0.0,0.0,0.0,3,0,0
4845,47,19,28,8,1,6,32,19,2,0,2,13,17,0,0,0,0,0,0,0,0,0,0,1.0,1.0,1.0,0.0,0.0,0.0,3,0,0
4846,47,19,28,8,1,6,32,19,2,0,2,13,17,0,0,0,0,0,0,0,0,0,0,1.0,1.0,1.0,0.0,0.0,0.0,3,0,0
4847,47,19,28,8,1,6,32,19,2,0,2,13,17,0,0,0,0,0,0,0,0,0,0,1.0,1.0,1.0,0.0,0.0,0.0,3,0,0
4848,47,19,28,8,1,6,32,19,2,0,2,13,17,0,0,0,0,0,0,0,0,0,0,1.0,1.0,1.0,0.0,0.0,0.0,3,0,0
4849,45,19,26,7,1,6,31,18,1,0,2,13,17,0,0,0,0,0,0,0,1,0,1,0.8888888888888888,1.0,0.9473684210526316,0.0,0.0,0.0,3,0,2
4850,45,19,26,7,1,6,31,18,1,0,2,13,17,0,0,0,0,0,0,0,0,0,0,1.0,1.0,1.0,0.0,0.0,0.0,3,0,0
4851,45,19,26,7,1,6,31,18,1,0,2,13,17,0,0,0,0,0,0,0,0,0,0,1.0,1.0,1.0,0.0,0.0,0.0,3,0,0
4852,45,19,26,7,1,6,31,18,1,0,2,13,17,0,0,0,0,0,0,0,0,0,0,1.0,1.0,1.0,0.0,0.0,0.0,3,0,0
4853,45,19,26,7,1,6,31,18,1,0,2,13,17,0,0,0,0,0,0,0,0,0,0,1.0,1.0,1.0,0.0,0.0,0.0,3,0,0
4854,45,19,26,7,1,6,31,18,1,0,2,13,17,0,0,0,0,0,0,0,0,0,0,1.0,1.0,1.0,0.0,0.0,0.0,3,0,0
4855,45,19,26,7,1,6,31,18,1,0,2,13,17,0,0,0,0,0,0,0,0,0,0,1.0,1.0,1.0,0.0,0.0,0.0,3,0,0
4856,45,19,26,7,1,6,31,18,1,0,2,13,17,0,0,0,0,0,0,0,0,0,0,1.0,1.0,1.0,0.0,0.0,0.0,3,0,0
4857,45,19,26,7,1,6,31,18,1,0,2,13,17,0,0,0,0,0,0,0,0,0,0,1.0,1.0,1.0,0.0,0.0,0.0,3,0,0
4858,45,19,26,7,1,6,31,18,1,0,2,13,17,0,0,0,0,0,0,0,0,0,0,1.0,1.0,1.0,0.0,0.0,0.0,3,0,0
4859,45,19,26,7,1,6,31,18,1,0,2,13,17,0,0,0,0,0,0,0,0,0,0,1.0,1.0,1.0,0.0,0.0,0.0,3,0,0
4860,45,19,26,7,1,6,31,18,1,0,2,13,17,0,0,0,0,0,0,0,0,0,0,1.0,1.0,1.0,0.0,0.0,0.0,3,0,0
4861,45,19,26,7,1,6,31,18,1,0,2,13,17,0,0,0,0,0,0,0,0,0,0,1.0,1.0,1.0,0.0,0.0,0.0,3,0,0
4862,45,19,26,7,1,6,31,18,1,0,2,13,17,0,0,0,0,0,0,0,0,0,0,1.0,1.0,1.0,0.0,0.0,0.0,3,0,0
4863,45,19,26,7,1,6,31,18,1,0,2,13,17,0,0,0,0,0,0,0,0,0,0,1.0,1.0,1.0,0.0,0.0,0.0,3,0,0
4864,45,19,26,7,1,6,31,18,1,0,2,13,17,0,0,0,0,0,0,0,0,0,0,1.0,1.0,1.0,0.0,0.0,0.0,3,0,0
4865,45,19,26,7,1,6,31,18,1,0,2,13,17,0,0,0,0,0,0,0,0,0,0,1.0,1.0,1.0,0.0,0.0,0.0,3,0,0
4866,45,19,26,7,1,6,31,18,1,0,2,13,17,0,0,0,0,0,0,0,0,0,0,1.0,1.0,1.0,0.0,0.0,0.0,3,0,0
4867,45,19,26,7,1,6,31,18,1,0,2,13,17,0,0,0,0,0,0,0,0,0,0,1.0,1.0,1.0,0.0,0.0,0.0,3,0,0
4868,45,19,26,7,1,6,31,18,1,0,2,13,17,0,0,0,0,0,0,0,0,0,0,1.0,1.0,1.0,0.0,0.0,0.0,3,0,0
4869,45,19,26,7,1,6,31,18,1,0,2,13,17,0,0,0,0,0,0,0,0,0,0,1.0,1.0,1.0,0.0,0.0,0.0,3,0,0
4870,45,19,26,7,1,6,31,18,1,0,2,13,17,0,0,0,0,0,0,0,0,0,0,1.0,1.0,1.0,0.0,0.0,0.0,3,0,0
4871,45,19,26,7,1,6,31,18,1,0,2,13,17,0,0,0,0,0,0,0,0,0,0,1.0,1.0,1.0,0.0,0.0,0.0,3,0,0
4872,45,19,26,7,1,6,31,18,1,0,2,13,17,0,0,0,0,0,0,0,0,0,0,1.0,1.0,1.0,0.0,0.0,0.0,3,0,0
4873,45,19,26,7,1,6,31,18,1,0,2,13,17,0,0,0,0,0,0,0,0,0,0,1.0,1.0,1.0,0.0,0.0,0.0,3,0,0
4874,45,19,26,7,1,6,31,18,1,0,2,13,17,0,0,0,0,0,0,0,0,0,0,1.0,1.0,1.0,0.0,0.0,0.0,3,0,0
4875,45,19,26,7,1,6,31,18,1,0,2,13,17,0,0,0,0,0,0,0,0,0,0,1.0,1.0,1.0,0.0,0.0,0.0,3,0,0
4876,45,19,26,7,1,6,31,18,1,0,2,13,17,0,0,0,0,0,0,0,0,0,0,1.0,1.0,1.0,0.0,0.0,0.0,3,0,0
4877,45,19,26,7,1,6,31,18,1,0,2,13,17,0,0,0,0,0,0,0,0,0,0,1.0,1.0,1.0,0.0,0.0,0.0,3,0,0
4878,45,19,26,7,1,5,32,19,1,0,2,13,17,0,0,0,0,0,0,0,0,0,0,1.0,1.0,1.0,0.0,0.0,0.0,3,0,0
4879,45,19,26,7,1,5,32,19,2,0,2,13,17,0,0,0,8,1,0,0,0,0,0,1.0,1.0,1.0,0.0,0.0,0.125,3,0,0
4880,45,19,26,7,1,5,32,19,2,0,2,13,17,0,0,0,0,0,0,0,0,0,0,1.0,1.0,1.0,0.0,0.0,0.0,3,0,0
4881,45,19,26,7,1,5,32,19,2,0,2,13,17,0,0,0,0,0,0,0,0,1,0,1.0,1.0,1.0,0.0,0.0,0.0,3,0,0
4882,48,21,27,10,1,5,32,19,1,0,3,13,17,0,0,0,0,0,0,1,0,0,0,1.0,1.0,1.0,0.06666666666666667,0.06666666666666667,0.0,3,3,0
4883,48,21,27,3,8,5,32,19,1,0,3,13,17,0,0,0,0,0,0,0,0,0,0,1.0,1.0,1.0,0.0,0.0,0.0,3,0,0
4884,48,21,27,3,8,5,32,19,1,0,3,13,17,0,0,0,0,0,0,0,0,0,0,1.0,1.0,1.0,0.0,0.0,0.0,3,0,0
4885,48,21,27,3,7,5,33,20,1,0,1,13,17,0,0,0,0,0,0,0,0,0,0,1.0,1.0,1.0,0.0,0.0,0.0,3,0,0
4886,48,21,27,3,7,5,33,20,1,0,1,13,17,0,0,0,3,0,0,0,0,0,0,1.0,1.0,1.0,0.0,0.0,0.0,3,0,0
4887,47,20,27,3,6,5,33,20,2,0,1,13,17,0,0,0,4,1,0,0,1,0,1,0.9,1.0,1.0,0.0,0.0,0.25,3,0,1
4888,47,20,27,3,6,5,33,20,2,0,1,13,17,0,0,0,0,0,0,0,0,0,0,1.0,1.0,1.0,0.0,0.0,0.0,3,0,0
4889,47,20,27,3,6,5,33,20,2,0,1,13,17,0,0,0,0,0,0,0,0,0,0,1.0,1.0,1.0,0.0,0.0,0.0,3,0,0
4890,47,20,27,3,6,5,33,20,2,0,1,13,17,0,0,0,0,0,0,0,0,0,0,1.0,1.0,1.0,0.0,0.0,0.0,3,0,0
4891,47,20,27,3,6,5,33,20,2,0,1,13,17,0,0,0,0,0,0,0,0,0,0,1.0,1.0,1.0,0.0,0.0,0.0,3,0,0
4892,47,20,27,3,6,5,33,20,3,0,1,13,17,0,0,0,6,1,0,0,0,0,0,1.0,1.0,1.0,0.0,0.0,0.16666666666666666,3,0,0
4893,47,20,27,3,6,5,33,20,3,0,1,13,17,0,0,0,0,0,0,0,0,0,0,1.0,1.0,1.0,0.0,0.0,0.0,3,0,0
4894,47,20,27,3,6,5,33,20,3,0,1,13,17,0,0,0,0,0,0,0,0,0,0,1.0,1.0,1.0,0.0,0.0,0.0,3,0,0
4895,47,20,27,3,6,5,33,20,3,0,1,13,17,0,0,0,0,0,0,0,0,0,0,1.0,1.0,1.0,0.0,0.0,0.0,3,0,0
4896,47,20,27,3,6,5,33,20,3,0,1,13,17,0,0,0,0,0,0,0,0,0,0,1.0,1.0,1.0,0.0,0.0,0.0,3,0,0
4897,47,20,27,3,6,5,33,20,3,0,1,13,17,0,0,0,0,0,0,0,0,0,0,1.0,1.0,1.0,0.0,0.0,0.0,3,0,0
4898,47,20,27,3,6,5,33,20,3,0,1,13,17,0,0,0,0,0,0,0,0,0,0,1.0,1.0,1.0,0.0,0.0,0.0,3,0,0
4899,47,20,27,3,6,5,33,20,3,0,1,13,17,0,0,0,0,0,0,0,0,0,0,1.0,1.0,1.0,0.0,0.0,0.0,3,0,0
4900,47,20,27,3,6,5,33,20,3,0,1,13,17,0,0,0,0,0,0,0,0,0,0,1.0,1.0,1.0,0.0,0.0,0.0,3,0,0
4901,47,20,27,3,6,5,33,20,3,0,1,13,17,0,0,0,0,0,0,0,0,0,0,1.0,1.0,1.0,0.0,0.0,0.0,3,0,0
4902,47,20,27,3,6,5,33,20,3,0,1,13,17,0,0,0,0,0,0,0,0,0,0,1.0,1.0,1.0,0.0,0.0,0.0,3,0,0
4903,47,20,27,3,6,5,33,20,3,0,1,13,17,0,0,0,0,0,0,0,0,0,0,1.0,1.0,1.0,0.0,0.0,0.0,3,0,0
4904,47,20,27,3,6,5,33,20,3,0,1,13,17,0,0,0,0,0,0,0,0,0,0,1.0,1.0,1.0,0.0,0.0,0.0,3,0,0
4905,47,20,27,3,6,5,33,20,3,0,1,13,17,0,0,0,0,0,0,0,0,0,0,1.0,1.0,1.0,0.0,0.0,0.0,3,0,0
4906,47,20,27,3,6,5,33,20,3,0,1,13,17,0,0,0,0,0,0,0,0,0,0,1.0,1.0,1.0,0.0,0.0,0.0,3,0,0
4907,47,20,27,3,6,5,33,20,3,0,1,13,17,0,0,0,0,0,0,0,0,0,0,1.0,1.0,1.0,0.0,0.0,0.0,3,0,0
4908,47,20,27,3,6,2,36,20,3,0,1,13,17,0,0,0,0,0,0,0,0,0,0,1.0,1.0,1.0,0.0,0.0,0.0,3,0,0
4909,47,20,27,3,6,2,36,20,3,0,1,13,17,0,0,0,0,0,0,0,0,0,0,1.0,1.0,1.0,0.0,0.0,0.0,3,0,0
4910,47,20,27,3,6,2,36,20,3,0,1,13,17,0,0,0,0,0,0,0,0,0,0,1.0,1.0,1.0,0.0,0.0,0.0,3,0,0
4911,47,20,27,3,6,2,36,20,3,0,1,13,17,0,0,0,0,0,0,0,0,0,0,1.0,1.0,1.0,0.0,0.0,0.0,3,0,0
4912,47,20,27,3,6,2,36,20,3,0,1,13,17,0,0,0,0,0,0,0,0,0,0,1.0,1.0,1.0,0.0,0.0,0.0,3,0,0
4913,47,20,27,3,6,2,36,20,3,0,1,13,17,0,0,0,0,0,0,0,0,0,0,1.0,1.0,1.0,0.0,0.0,0.0,3,0,0
4914,46,19,27,3,6,2,35,20,3,0,1,13,17,0,0,0,0,0,0,0,0,0,0,1.0,0.9375,1.0,0.0,0.0,0.0,3,0,1
4915,46,19,27,3,6,2,35,20,3,0,1,13,17,0,0,0,0,0,0,0,0,0,0,1.0,1.0,1.0,0.0,0.0,0.0,3,0,0
4916,46,19,27,3,6,2,35,20,3,0,1,13,17,0,0,0,0,0,0,0,0,0,0,1.0,1.0,1.0,0.0,0.0,0.0,3,0,0
4917,46,19,27,3,6,2,35,20,3,0,1,13,17,0,0,0,0,0,0,0,0,0,0,1.0,1.0,1.0,0.0,0.0,0.0,3,0,0
4918,46,19,27,3,6,2,35,20,3,0,1,13,17,0,0,0,0,0,0,0,0,0,0,1.0,1.0,1.0,0.0,0.0,0.0,3,0,0
4919,46,19,27,3,6,2,35,20,3,0,1,13,17,0,0,0,0,0,0,0,0,0,0,1.0,1.0,1.0,0.0,0.0,0.0,3,0,0
4920,46,19,27,3,6,2,35,20,3,0,1,13,17,0,0,0,0,0,0,0,0,0,0,1.0,1.0,1.0,0.0,0.0,0.0,3,0,0
4921,46,19,27,3,6,2,35,20,3,0,1,13,17,0,0,0,0,0,0,0,0,0,0,1.0,1.0,1.0,0.0,0.0,0.0,3,0,0
4922,46,19,27,3,6,2,35,20,3,0,1,13,17,0,0,0,0,0,0,0,0,0,0,1.0,1.0,1.0,0.0,0.0,0.0,3,0,0
4923,46,19,27,3,6,2,35,20,3,0,1,13,17,0,0,0,0,0,0,0,0,0,0,1.0,1.0,1.0,0.0,0.0,0.0,3,0,0
4924,46,19,27,3,6,2,35,20,3,0,1,13,17,0,0,0,0,0,0,0,0,0,0,1.0,1.0,1.0,0.0,0.0,0.0,3,0,0
4925,46,19,27,0,9,2,35,20,3,0,1,13,17,0,0,0,0,0,0,0,0,0,0,1.0,1.0,1.0,0.0,0.0,0.0,3,0,0
4926,46,19,27,0,9,2,35,20,3,0,1,13,17,0,0,0,0,0,0,0,0,0,0,1.0,1.0,1.0,0.0,0.0,0.0,3,0,0
4927,46,19,27,0,9,2,35,20,3,0,0,13,17,0,0,0,0,0,0,0,0,0,0,1.0,1.0,1.0,0.0,0.0,0.0,3,0,0
4928,45,19,26,0,8,2,35,20,4,0,0,13,17,0,0,0,3,1,0,0,1,0,1,0.8888888888888888,1.0,1.0,0.0,0.0,0.3333333333333333,3,0,1
4929,45,19,26,0,8,2,35,20,4,0,0,13,17,0,0,0,0,0,0,0,0,0,0,1.0,1.0,1.0,0.0,0.0,0.0,3,0,0
4930,45,19,26,0,8,2,35,20,4,0,0,13,17,0,0,0,0,0,0,0,0,0,0,1.0,1.0,1.0,0.0,0.0,0.0,3,0,0
4931,45,19,26,0,8,2,35,20,4,0,0,14,17,1,0,0,0,0,0,0,0,0,0,1.0,1.0,1.0,0.0,0.0,0.0,3,0,0
4932,45,19,26,0,8,2,35,20,4,0,0,14,18,0,1,0,0,0,0,0,0,0,0,1.0,1.0,1.0,0.0,0.0,0.0,3,0,0
4933,45,19,26,0,8,2,35,20,4,0,0,14,18,0,0,0,0,0,0,0,0,0,0,1.0,1.0,1.0,0.0,0.0,0.0,3,0,0
4934,45,19,26,0,8,2,35,20,4,0,0,14,18,0,0,0,0,0,0,0,0,0,0,1.0,1.0,1.0,0.0,0.0,0.0,3,0,0
4935,45,19,26,0,8,2,35,20,4,0,0,14,18,0,0,0,0,0,0,0,0,0,0,1.0,1.0,1.0,0.0,0.0,0.0,3,0,0
4936,45,19,26,0,8,2,35,20,4,0,0,14,18,0,0,0,0,0,0,0,0,0,0,1.0,1.0,1.0,0.0,0.0,0.0,3,0,0
4937,45,19,26,0,8,2,35,20,4,0,0,14,18,0,0,0,0,0,0,0,0,0,0,1.0,1.0,1.0,0.0,0.0,0.0,3,0,0
4938,45,19,26,0,8,2,35,20,4,0,0,14,18,0,0,0,0,0,0,0,0,0,0,1.0,1.0,1.0,0.0,0.0,0.0,3,0,0
4939,45,19,26,0,8,2,35,20,4,0,0,14,18,0,0,0,0,0,0,0,0,0,0,1.0,1.0,1.0,0.0,0.0,0.0,3,0,0
4940,44,18,26,0,7,2,35,20,4,0,0,14,18,0,0,0,0,0,0,0,1,0,1,0.875,1.0,1.0,0.0,0.0,0.0,3,0,1
4941,44,18,26,0,7,2,35,20,4,0,0,14,18,0,0,0,0,0,0,0,0,0,0,1.0,1.0,1.0,0.0,0.0,0.0,3,0,0
4942,44,18,26,0,7,2,35,20,4,0,0,14,18,0,0,0,0,0,0,0,0,0,0,1.0,1.0,1.0,0.0,0.0,0.0,3,0,0
4943,44,18,26,0,7,2,35,20,4,0,0,14,18,0,0,0,0,0,0,0,0,0,0,1.0,1.0,1.0,0.0,0.0,0.0,3,0,0
4944,47,21,26,3,7,2,35,20,3,0,1,14,18,0,0,0,0,0,0,1,0,0,0,1.0,1.0,1.0,0.06818181818181818,0.06818181818181818,0.0,3,3,0
4945,47,21,26,3,7,2,35,20,3,0,1,14,18,0,0,0,0,0,0,0,0,0,0,1.0,1.0,1.0,0.0,0.0,0.0,3,0,0
4946,47,21,26,3,7,2,35,20,3,0,1,14,18,0,0,0,0,0,0,0,0,0,0,1.0,1.0,1.0,0.0,0.0,0.0,3,0,0
4947,47,21,26,3,7,2,35,20,3,0,1,14,18,0,0,0,0,0,0,0,0,0,0,1.0,1.0,1.0,0.0,0.0,0.0,3,0,0
4948,47,21,26,3,7,2,35,20,3,0,1,14,18,0,0,0,0,0,0,0,0,0,0,1.0,1.0,1.0,0.0,0.0,0.0,3,0,0
4949,46,20,26,2,7,2,35,20,3,0,1,14,18,0,0,0,0,0,0,0,1,0,1,0.9,1.0,1.0,0.0,0.0,0.0,3,0,1
4950,46,20,26,2,7,2,35,20,3,0,1,14,18,0,0,0,0,0,0,0,0,0,0,1.0,1.0,1.0,0.0,0.0,0.0,3,0,0
4951,46,20,26,2,7,2,35,20,3,0,1,14,18,0,0,0,0,0,0,0,0,0,0,1.0,1.0,1.0,0.0,0.0,0.0,3,0,0
4952,50,20,30,6,7,2,35,20,2,0,2,14,18,0,0,0,0,0,0,1,0,0,0,1.0,1.0,1.0,0.08695652173913043,0.08695652173913043,0.0,3,4,0
4953,50,20,30,6,7,2,35,20,2,0,2,14,18,0,0,0,0,0,0,0,0,0,0,1.0,1.0,1.0,0.0,0.0,0.0,3,0,0
4954,50,20,30,6,7,1,36,21,2,0,2,14,18,0,0,0,0,0,0,0,0,0,0,1.0,1.0,1.0,0.0,0.0,0.0,3,0,0
4955,50,20,30,6,7,1,36,21,2,0,2,14,18,0,0,0,0,0,0,0,0,0,0,1.0,1.0,1.0,0.0,0.0,0.0,3,0,0
4956,49,20,29,6,6,1,36,21,2,0,2,14,18,0,0,0,0,0,0,0,1,0,1,0.9230769230769231,1.0,1.0,0.0,0.0,0.0,3,0,1
4957,53,24,29,10,6,1,36,21,1,0,3,14,18,0,0,0,0,0,0,1,0,0,0,1.0,1.0,1.0,0.08163265306122448,0.08163265306122448,0.0,3,4,0
4958,53,24,29,10,6,1,36,21,1,0,3,14,18,0,0,0,0,0,0,0,0,0,0,1.0,1.0,1.0,0.0,0.0,0.0,3,0,0
4959,53,24,29,10,6,1,36,21,1,0,3,14,18,0,0,0,0,0,0,0,0,0,0,1.0,1.0,1.0,0.0,0.0,0.0,3,0,0
4960,53,24,29,10,6,1,36,21,1,0,3,14,18,0,0,0,0,0,0,0,0,0,0,1.0,1.0,1.0,0.0,0.0,0.0,3,0,0
4961,53,24,29,10,6,1,36,21,1,0,3,14,18,0,0,0,0,0,0,0,0,0,0,1.0,1.0,1.0,0.0,0.0,0.0,3,0,0
4962,53,24,29,10,6,1,36,21,1,0,3,14,18,0,0,0,0,0,0,0,0,0,0,1.0,1.0,1.0,0.0,0.0,0.0,3,0,0
4963,53,24,29,10,6,1,36,21,1,0,3,14,18,0,0,0,0,0,0,0,0,0,0,1.0,1.0,1.0,0.0,0.0,0.0,3,0,0
4964,53,24,29,10,6,1,36,21,1,0,3,14,18,0,0,0,0,0,0,0,0,0,0,1.0,1.0,1.0,0.0,0.0,0.0,3,0,0
4965,53,24,29,10,6,1,36,21,1,0,3,14,18,0,0,0,0,0,0,0,0,0,0,1.0,1.0,1.0,0.0,0.0,0.0,3,0,0
4966,52,23,29,10,5,1,36,21,1,0,3,14,18,0,0,0,0,0,0,0,1,0,1,0.9375,1.0,1.0,0.0,0.0,0.0,3,0,1
4967,52,23,29,10,5,1,36,21,1,0,3,14,18,0,0,0,0,0,0,0,0,0,0,1.0,1.0,1.0,0.0,0.0,0.0,3,0,0
4968,52,23,29,10,5,1,36,21,1,0,3,14,18,0,0,0,0,0,0,0,0,0,0,1.0,1.0,1.0,0.0,0.0,0.0,3,0,0
4969,52,23,29,10,5,1,36,21,1,0,3,14,18,0,0,0,0,0,0,0,0,0,0,1.0,1.0,1.0,0.0,0.0,0.0,3,0,0
4970,52,23,29,10,5,1,36,21,1,0,3,14,18,0,0,0,0,0,0,0,0,0,0,1.0,1.0,1.0,0.0,0.0,0.0,3,0,0
4971,52,23,29,10,5,1,36,21,1,0,3,14,18,0,0,0,0,0,0,0,0,0,0,1.0,1.0,1.0,0.0,0.0,0.0,3,0,0
4972,51,23,28,9,5,1,36,21,1,0,3,14,18,0,0,0,0,0,0,0,1,0,1,0.9333333333333333,1.0,1.0,0.0,0.0,0.0,3,0,1
4973,51,23,28,9,5,1,36,21,1,0,3,14,18,0,0,0,0,0,0,0,0,0,0,1.0,1.0,1.0,0.0,0.0,0.0,3,0,0
4974,51,23,28,9,5,1,36,21,1,0,3,14,18,0,0,0,0,0,0,0,0,0,0,1.0,1.0,1.0,0.0,0.0,0.0,3,0,0
4975,51,23,28,9,5,1,36,21,1,0,3,14,18,0,0,0,0,0,0,0,0,0,0,1.0,1.0,1.0,0.0,0.0,0.0,3,0,0
4976,51,23,28,9,5,1,36,21,1,0,3,14,18,0,0,0,0,0,0,0,0,0,0,1.0,1.0,1.0,0.0,0.0,0.0,3,0,0
4977,51,23,28,9,5,1,36,21,1,0,3,14,18,0,0,0,0,0,0,0,0,0,0,1.0,1.0,1.0,0.0,0.0,0.0,3,0,0
4978,51,23,28,9,5,1,36,21,1,0,3,14,18,0,0,0,0,0,0,0,0,0,0,1.0,1.0,1.0,0.0,0.0,0.0,3,0,0
4979,51,23,28,9,5,1,36,21,1,0,3,14,18,0,0,0,0,0,0,0,0,0,0,1.0,1.0,1.0,0.0,0.0,0.0,3,0,0
4980,51,23,28,9,5,1,36,21,1,0,3,14,18,0,0,0,0,0,0,0,0,0,0,1.0,1.0,1.0,0.0,0.0,0.0,3,0,0
4981,51,23,28,9,5,1,36,21,1,0,3,14,18,0,0,0,0,0,0,0,0,0,0,1.0,1.0,1.0,0.0,0.0,0.0,3,0,0
4982,51,23,28,9,5,1,36,21,1,0,3,14,18,0,0,0,0,0,0,0,0,0,0,1.0,1.0,1.0,0.0,0.0,0.0,3,0,0
4983,51,23,28,9,5,1,36,21,1,0,3,14,18,0,0,0,0,0,0,0,0,0,0,1.0,1.0,1.0,0.0,0.0,0.0,3,0,0
4984,51,23,28,9,5,1,36,21,1,0,3,14,18,0,0,0,0,0,0,0,0,0,0,1.0,1.0,1.0,0.0,0.0,0.0,3,0,0
4985,51,23,28,9,5,1,36,21,1,0,3,14,18,0,0,0,0,0,0,0,0,0,0,1.0,1.0,1.0,0.0,0.0,0.0,3,0,0
4986,50,22,28,8,5,1,36,21,1,0,3,14,18,0,0,0,0,0,0,0,1,0,1,0.9285714285714286,1.0,1.0,0.0,0.0,0.0,3,0,1
4987,50,22,28,6,7,1,36,21,1,0,3,14,18,0,0,0,0,0,0,0,0,0,0,1.0,1.0,1.0,0.0,0.0,0.0,3,0,0
4988,50,22,28,6,7,1,36,21,1,0,3,14,18,0,0,0,0,0,0,0,0,0,0,1.0,1.0,1.0,0.0,0.0,0.0,3,0,0
4989,50,22,28,6,7,1,36,21,1,0,2,14,18,0,0,0,0,0,0,0,0,0,0,1.0,1.0,1.0,0.0,0.0,0.0,3,0,0
4990,50,22,28,6,7,1,36,21,2,0,2,14,18,0,0,0,4,1,0,0,0,0,0,1.0,1.0,1.0,0.0,0.0,0.25,3,0,0
4991,50,22,28,6,7,1,36,21,2,0,2,14,18,0,0,0,0,0,0,0,0,0,0,1.0,1.0,1.0,0.0,0.0,0.0,3,0,0
4992,50,22,28,6,7,1,36,21,2,0,2,14,18,0,0,0,0,0,0,0,0,0,0,1.0,1.0,1.0,0.0,0.0,0.0,3,0,0
4993,52,23,29,9,6,1,36,21,1,0,3,14,18,0,0,0,0,0,0,1,1,0,1,0.9230769230769231,1.0,1.0,0.06,0.06,0.0,3,3,1
4994,52,23,29,9,6,1,36,21,1,0,3,14,18,0,0,0,0,0,0,0,0,0,0,1.0,1.0,1.0,0.0,0.0,0.0,3,0,0
4995,52,23,29,6,9,1,36,21,1,0,3,14,18,0,0,0,0,0,0,0,0,0,0,1.0,1.0,1.0,0.0,0.0,0.0,3,0,0
4996,52,23,29,6,9,1,36,21,1,0,3,14,18,0,0,0,0,0,0,0,0,0,0,1.0,1.0,1.0,0.0,0.0,0.0,3,0,0
4997,52,23,29,6,9,1,36,21,1,0,2,14,18,0,0,0,0,0,0,0,0,0,0,1.0,1.0,1.0,0.0,0.0,0.0,3,0,0
4998,52,23,29,6,9,1,36,21,2,0,2,14,18,0,0,0,4,1,0,0,0,0,0,1.0,1.0,1.0,0.0,0.0,0.25,3,0,0
4999,52,23,29,6,9,1,36,21,2,0,2,14,18,0,0,0,0,0,0,0,0,0,0,1.0,1.0,1.0,0.0,0.0,0.0,3,0,0
5000,51,23,28,3,11,1,36,21,2,0,2,14,18,0,0,0,0,0,0,0,1,0,1,0.9333333333333333,1.0,1.0,0.0,0.0,0.0,3,0,1
5001,51,23,28,3,11,1,36,21,2,0,2,14,18,0,0,0,0,0,0,0,0,0,0,1.0,1.0,1.0,0.0,0.0,0.0,3,0,0
5002,50,22,28,3,11,1,35,21,2,0,1,13,18,0,0,0,0,0,0,0,0,0,0,1.0,0.9333333333333333,1.0,0.0,0.0,0.0,3,0,1
5003,50,22,28,3,11,1,35,21,2,0,1,13,18,0,0,0,0,0,0,0,0,0,0,1.0,1.0,1.0,0.0,0.0,0.0,3,0,0
5004,50,22,28,3,11,1,35,21,2,0,1,13,18,0,0,0,0,0,0,0,0,0,0,1.0,1.0,1.0,0.0,0.0,0.0,3,0,0
5005,50,22,28,3,11,1,35,21,2,0,1,13,18,0,0,0,0,0,0,0,0,0,0,1.0,1.0,1.0,0.0,0.0,0.0,3,0,0
5006,50,22,28,3,11,1,35,21,2,0,1,13,18,0,0,0,0,0,0,0,0,0,0,1.0,1.0,1.0,0.0,0.0,0.0,3,0,0
5007,50,22,28,3,11,1,35,21,2,0,1,13,18,0,0,0,0,0,0,0,0,0,0,1.0,1.0,1.0,0.0,0.0,0.0,3,0,0
5008,50,22,28,3,11,1,35,21,2,0,1,13,18,0,0,0,0,0,0,0,0,0,0,1.0,1.0,1.0,0.0,0.0,0.0,3,0,0
5009,50,22,28,3,11,1,35,21,2,0,1,13,18,0,0,0,0,0,0,0,0,0,0,1.0,1.0,1.0,0.0,0.0,0.0,3,0,0
5010,50,22,28,3,11,1,35,21,2,0,1,13,18,0,0,0,0,0,0,0,0,0,0,1.0,1.0,1.0,0.0,0.0,0.0,3,0,0
5011,50,22,28,3,11,1,35,21,2,0,1,13,18,0,0,0,0,0,0,0,0,0,0,1.0,1.0,1.0,0.0,0.0,0.0,3,0,0
5012,50,22,28,3,11,1,35,21,2,0,1,13,18,0,0,0,0,0,0,0,0,0,0,1.0,1.0,1.0,0.0,0.0,0.0,3,0,0
5013,50,22,28,3,11,1,35,21,2,0,1,13,18,0,0,0,0,0,0,0,0,0,0,1.0,1.0,1.0,0.0,0.0,0.0,3,0,0
5014,50,22,28,3,11,1,35,21,2,0,1,13,18,0,0,0,0,0,0,0,0,0,0,1.0,1.0,1.0,0.0,0.0,0.0,3,0,0
5015,50,22,28,3,11,1,35,21,2,0,1,13,18,0,0,0,0,0,0,0,0,0,0,1.0,1.0,1.0,0.0,0.0,0.0,3,0,0
5016,49,21,28,3,11,0,35,21,2,0,1,12,18,0,0,0,0,0,0,0,0,0,0,1.0,1.0,1.0,0.0,0.0,0.0,3,0,1
5017,49,21,28,3,11,0,35,21,2,0,1,12,18,0,0,0,0,0,0,0,0,0,0,1.0,1.0,1.0,0.0,0.0,0.0,3,0,0
5018,49,21,28,3,11,0,35,21,2,0,1,12,18,0,0,0,0,0,0,0,0,0,0,1.0,1.0,1.0,0.0,0.0,0.0,3,0,0
5019,49,21,28,3,11,0,35,21,2,0,1,13,18,1,0,0,0,0,0,0,0,0,0,1.0,1.0,1.0,0.0,0.0,0.0,3,0,0
5020,49,21,28,3,11,0,35,21,2,0,1,13,18,0,0,0,0,0,0,0,0,3,0,1.0,1.0,1.0,0.0,0.0,0.0,3,0,0
5021,49,21,28,3,11,0,35,21,2,0,1,13,18,0,0,0,0,0,0,0,0,0,0,1.0,1.0,1.0,0.0,0.0,0.0,3,0,0
5022,49,21,28,3,11,0,35,21,2,0,1,13,18,0,0,0,0,0,0,0,0,0,0,1.0,1.0,1.0,0.0,0.0,0.0,3,0,0
5023,48,21,27,2,11,0,35,21,2,0,1,13,18,0,0,0,0,0,0,0,1,0,1,0.9285714285714286,1.0,1.0,0.0,0.0,0.0,3,0,1
5024,48,21,27,2,8,3,35,21,2,0,1,13,18,0,0,0,0,0,0,0,0,0,0,1.0,1.0,1.0,0.0,0.0,0.0,3,0,0
5025,48,21,27,2,8,3,35,21,2,0,1,14,19,1,1,0,0,0,0,0,0,0,0,1.0,1.0,1.0,0.0,0.0,0.0,3,0,0
5026,48,21,27,2,8,3,35,21,2,0,1,14,19,0,0,0,0,0,0,0,0,0,0,1.0,1.0,1.0,0.0,0.0,0.0,3,0,0
5027,48,21,27,2,8,3,35,21,2,0,1,14,19,0,0,0,0,0,0,0,0,0,0,1.0,1.0,1.0,0.0,0.0,0.0,3,0,0
5028,47,20,27,2,7,3,35,21,2,0,1,14,19,0,0,0,0,0,0,0,1,0,1,0.9,1.0,1.0,0.0,0.0,0.0,3,0,1
5029,47,20,27,2,7,3,35,21,2,0,1,14,19,0,0,0,0,0,0,0,0,0,0,1.0,1.0,1.0,0.0,0.0,0.0,3,0,0
5030,47,20,27,2,7,3,35,21,2,0,1,14,19,0,0,0,0,0,0,0,0,0,0,1.0,1.0,1.0,0.0,0.0,0.0,3,0,0
5031,47,20,27,2,7,3,35,21,2,0,1,14,19,0,0,0,0,0,0,0,0,0,0,1.0,1.0,1.0,0.0,0.0,0.0,3,0,0
5032,47,20,27,2,7,3,35,21,2,0,1,14,19,0,0,0,0,0,0,0,0,0,0,1.0,1.0,1.0,0.0,0.0,0.0,3,0,0
5033,47,20,27,2,7,3,35,21,2,0,1,14,19,0,0,0,0,0,0,0,0,0,0,1.0,1.0,1.0,0.0,0.0,0.0,3,0,0
5034,47,20,27,2,7,3,35,21,2,0,1,14,19,0,0,0,0,0,0,0,0,0,0,1.0,1.0,1.0,0.0,0.0,0.0,3,0,0
5035,47,20,27,2,7,3,35,21,2,0,1,14,19,0,0,0,0,0,0,0,0,0,0,1.0,1.0,1.0,0.0,0.0,0.0,3,0,0
5036,47,20,27,0,9,3,35,21,2,0,1,14,19,0,0,0,0,0,0,0,0,0,0,1.0,1.0,1.0,0.0,0.0,0.0,3,0,0
5037,47,20,27,0,9,3,35,21,2,0,1,14,19,0,0,0,0,0,0,0,0,0,0,1.0,1.0,1.0,0.0,0.0,0.0,3,0,0
5038,47,20,27,0,9,3,35,21,2,0,0,14,19,0,0,0,0,0,0,0,0,0,0,1.0,1.0,1.0,0.0,0.0,0.0,3,0,0
5039,47,20,27,0,9,3,35,21,2,0,0,14,19,0,0,0,0,0,0,0,0,0,0,1.0,1.0,1.0,0.0,0.0,0.0,3,0,0
5040,46,19,27,0,9,3,34,21,2,0,0,13,19,0,0,0,0,0,0,0,0,0,0,1.0,0.9285714285714286,1.0,0.0,0.0,0.0,3,0,1
5041,46,19,27,0,9,3,34,21,2,0,0,13,19,0,0,0,0,0,0,0,0,0,0,1.0,1.0,1.0,0.0,0.0,0.0,3,0,0
5042,46,19,27,0,9,3,34,21,2,0,0,13,19,0,0,0,0,0,0,0,0,0,0,1.0,1.0,1.0,0.0,0.0,0.0,3,0,0
5043,46,19,27,0,9,3,34,21,2,0,0,13,19,0,0,0,0,0,0,0,0,0,0,1.0,1.0,1.0,0.0,0.0,0.0,3,0,0
5044,46,19,27,0,9,3,34,21,2,0,0,13,19,0,0,0,0,0,0,0,0,0,0,1.0,1.0,1.0,0.0,0.0,0.0,3,0,0
5045,46,19,27,0,9,3,34,21,2,0,0,13,19,0,0,0,0,0,0,0,0,0,0,1.0,1.0,1.0,0.0,0.0,0.0,3,0,0
5046,46,19,27,0,9,3,34,21,2,0,0,13,19,0,0,0,0,0,0,0,0,0,0,1.0,1.0,1.0,0.0,0.0,0.0,3,0,0
5047,46,19,27,0,9,3,34,21,2,0,0,13,19,0,0,0,0,0,0,0,0,0,0,1.0,1.0,1.0,0.0,0.0,0.0,3,0,0
5048,45,19,26,0,9,3,33,20,2,0,0,13,18,0,0,0,0,0,0,0,0,0,0,1.0,1.0,0.9523809523809523,0.0,0.0,0.0,3,0,1
5049,45,19,26,0,9,3,33,20,2,0,0,13,18,0,0,0,0,0,0,0,0,0,0,1.0,1.0,1.0,0.0,0.0,0.0,3,0,0
5050,45,19,26,0,9,3,33,20,2,0,0,13,18,0,0,0,0,0,0,0,0,0,0,1.0,1.0,1.0,0.0,0.0,0.0,3,0,0
5051,44,18,26,0,8,3,33,20,2,0,0,13,18,0,0,0,0,0,0,0,1,0,1,0.8888888888888888,1.0,1.0,0.0,0.0,0.0,3,0,1
5052,44,18,26,0,8,3,33,20,2,0,0,13,18,0,0,0,0,0,0,0,0,0,0,1.0,1.0,1.0,0.0,0.0,0.0,3,0,0
5053,44,18,26,0,8,3,33,20,2,0,0,13,18,0,0,0,0,0,0,0,0,0,0,1.0,1.0,1.0,0.0,0.0,0.0,3,0,0
5054,44,18,26,0,8,3,33,20,2,0,0,13,18,0,0,0,0,0,0,0,0,0,0,1.0,1.0,1.0,0.0,0.0,0.0,3,0,0
5055,46,20,26,3,7,3,33,20,1,0,1,13,18,0,0,0,0,0,0,1,1,0,1,0.875,1.0,1.0,0.06818181818181818,0.06818181818181818,0.0,3,3,1
5056,46,20,26,3,7,3,33,20,1,0,1,13,18,0,0,0,0,0,0,0,0,0,0,1.0,1.0,1.0,0.0,0.0,0.0,3,0,0
5057,46,20,26,3,7,3,33,20,1,0,1,13,18,0,0,0,0,0,0,0,0,0,0,1.0,1.0,1.0,0.0,0.0,0.0,3,0,0
5058,46,20,26,3,7,3,33,20,1,0,1,13,18,0,0,0,0,0,0,0,0,0,0,1.0,1.0,1.0,0.0,0.0,0.0,3,0,0
5059,46,20,26,3,7,3,33,20,1,0,1,13,18,0,0,0,0,0,0,0,0,0,0,1.0,1.0,1.0,0.0,0.0,0.0,3,0,0
5060,46,20,26,3,7,3,33,20,1,0,1,13,18,0,0,0,0,0,0,0,0,0,0,1.0,1.0,1.0,0.0,0.0,0.0,3,0,0
5061,46,20,26,3,7,3,33,20,1,0,1,13,18,0,0,0,0,0,0,0,0,0,0,1.0,1.0,1.0,0.0,0.0,0.0,3,0,0
5062,46,20,26,3,7,3,33,20,1,0,1,13,18,0,0,0,0,0,0,0,0,0,0,1.0,1.0,1.0,0.0,0.0,0.0,3,0,0
5063,50,21,29,7,7,3,33,20,0,0,2,13,18,0,0,0,0,0,0,1,0,0,0,1.0,1.0,1.0,0.08695652173913043,0.08695652173913043,0.0,3,4,0
5064,50,21,29,7,7,3,33,20,0,0,2,13,18,0,0,0,0,0,0,0,0,0,0,1.0,1.0,1.0,0.0,0.0,0.0,3,0,0
5065,50,21,29,7,7,3,33,20,0,0,2,13,18,0,0,0,0,0,0,0,0,0,0,1.0,1.0,1.0,0.0,0.0,0.0,3,0,0
5066,49,21,28,7,7,3,32,19,0,0,2,13,17,0,0,0,0,0,0,0,0,0,0,1.0,1.0,0.95,0.0,0.0,0.0,3,0,1
5067,49,21,28,7,7,3,32,19,0,0,2,13,17,0,0,0,0,0,0,0,0,0,0,1.0,1.0,1.0,0.0,0.0,0.0,3,0,0
5068,49,21,28,7,7,3,32,19,0,0,2,13,17,0,0,0,0,0,0,0,0,0,0,1.0,1.0,1.0,0.0,0.0,0.0,3,0,0
5069,49,21,28,7,7,3,32,19,0,0,2,13,17,0,0,0,0,0,0,0,0,0,0,1.0,1.0,1.0,0.0,0.0,0.0,3,0,0
5070,49,21,28,7,7,3,32,19,0,0,2,13,17,0,0,0,0,0,0,0,0,0,0,1.0,1.0,1.0,0.0,0.0,0.0,3,0,0
5071,49,21,28,7,7,3,32,19,0,0,2,13,17,0,0,0,0,0,0,0,0,0,0,1.0,1.0,1.0,0.0,0.0,0.0,3,0,0
5072,49,21,28,7,7,3,32,19,0,0,2,13,17,0,0,0,0,0,0,0,0,0,0,1.0,1.0,1.0,0.0,0.0,0.0,3,0,0
5073,49,21,28,7,7,3,32,19,0,0,2,13,17,0,0,0,0,0,0,0,0,0,0,1.0,1.0,1.0,0.0,0.0,0.0,3,0,0
5074,49,21,28,7,7,3,32,19,0,0,2,13,17,0,0,0,0,0,0,0,0,0,0,1.0,1.0,1.0,0.0,0.0,0.0,3,0,0
5075,49,21,28,7,7,3,32,19,0,0,2,13,17,0,0,0,0,0,0,0,0,0,0,1.0,1.0,1.0,0.0,0.0,0.0,3,0,0
5076,49,21,28,7,7,2,33,20,0,0,2,13,17,0,0,0,0,0,0,0,0,0,0,1.0,1.0,1.0,0.0,0.0,0.0,3,0,0
5077,47,21,26,7,6,2,32,19,0,0,2,13,16,0,0,0,0,0,0,0,1,0,1,0.9285714285714286,1.0,0.95,0.0,0.0,0.0,3,0,2
5078,47,21,26,7,6,2,32,19,0,0,2,13,16,0,0,0,0,0,0,0,0,0,0,1.0,1.0,1.0,0.0,0.0,0.0,3,0,0
5079,46,21,25,6,6,2,32,19,0,0,2,13,16,0,0,0,0,0,0,0,1,0,1,0.9230769230769231,1.0,1.0,0.0,0.0,0.0,3,0,1
5080,44,20,24,5,6,2,31,18,0,0,2,13,15,0,0,0,0,0,0,0,1,0,1,0.9166666666666666,1.0,0.9473684210526316,0.0,0.0,0.0,3,0,2
5081,44,20,24,5,6,2,31,18,0,0,2,13,15,0,0,0,0,0,0,0,0,0,0,1.0,1.0,1.0,0.0,0.0,0.0,3,0,0
5082,44,20,24,5,6,2,31,18,0,0,2,13,15,0,0,0,0,0,0,0,0,0,0,1.0,1.0,1.0,0.0,0.0,0.0,3,0,0
5083,44,20,24,5,6,2,31,18,0,0,2,13,15,0,0,0,0,0,0,0,0,0,0,1.0,1.0,1.0,0.0,0.0,0.0,3,0,0
5084,44,20,24,5,6,2,31,18,0,0,2,13,15,0,0,0,0,0,0,0,0,0,0,1.0,1.0,1.0,0.0,0.0,0.0,3,0,0
5085,44,20,24,5,6,2,31,18,0,0,2,13,15,0,0,0,0,0,0,0,0,0,0,1.0,1.0,1.0,0.0,0.0,0.0,3,0,0
5086,43,19,24,4,6,2,31,18,0,0,2,13,15,0,0,0,0,0,0,0,1,0,1,0.9090909090909091,1.0,1.0,0.0,0.0,0.0,3,0,1
5087,43,19,24,4,6,2,31,18,0,0,2,13,15,0,0,0,0,0,0,0,0,0,0,1.0,1.0,1.0,0.0,0.0,0.0,3,0,0
5088,43,19,24,4,6,2,31,18,0,0,2,13,15,0,0,0,0,0,0,0,0,0,0,1.0,1.0,1.0,0.0,0.0,0.0,3,0,0
5089,43,19,24,4,6,2,31,18,0,0,2,13,15,0,0,0,0,0,0,0,0,0,0,1.0,1.0,1.0,0.0,0.0,0.0,3,0,0
5090,42,19,23,4,6,2,30,17,0,0,2,13,14,0,0,0,0,0,0,0,0,0,0,1.0,1.0,0.9444444444444444,0.0,0.0,0.0,3,0,1
5091,42,19,23,4,6,2,30,17,0,0,2,13,14,0,0,0,0,0,0,0,0,0,0,1.0,1.0,1.0,0.0,0.0,0.0,3,0,0
5092,41,18,23,3,6,2,30,17,0,0,2,13,14,0,0,0,0,0,0,0,1,0,1,0.9,1.0,1.0,0.0,0.0,0.0,3,0,1
5093,41,18,23,3,6,2,30,17,0,0,2,13,14,0,0,0,0,0,0,0,0,0,0,1.0,1.0,1.0,0.0,0.0,0.0,3,0,0
5094,41,18,23,3,6,2,30,17,0,0,2,13,14,0,0,0,0,0,0,0,0,0,0,1.0,1.0,1.0,0.0,0.0,0.0,3,0,0
5095,41,18,23,3,6,2,30,17,0,0,2,13,14,0,0,0,0,0,0,0,0,0,0,1.0,1.0,1.0,0.0,0.0,0.0,3,0,0
5096,41,18,23,3,6,2,30,17,0,0,2,13,14,0,0,0,0,0,0,0,0,0,0,1.0,1.0,1.0,0.0,0.0,0.0,3,0,0
5097,41,18,23,3,6,2,30,17,0,0,2,13,14,0,0,0,0,0,0,0,0,0,0,1.0,1.0,1.0,0.0,0.0,0.0,3,0,0
5098,41,18,23,2,7,2,30,17,0,0,2,13,14,0,0,0,0,0,0,0,0,0,0,1.0,1.0,1.0,0.0,0.0,0.0,3,0,0
5099,41,18,23,2,7,2,30,17,0,0,2,13,14,0,0,0,0,0,0,0,0,0,0,1.0,1.0,1.0,0.0,0.0,0.0,3,0,0
5100,41,18,23,2,7,2,30,17,0,0,1,13,14,0,0,0,0,0,0,0,0,0,0,1.0,1.0,1.0,0.0,0.0,0.0,3,0,0
5101,41,18,23,2,7,2,30,17,0,0,1,13,14,0,0,0,0,0,0,0,0,0,0,1.0,1.0,1.0,0.0,0.0,0.0,3,0,0
5102,41,18,23,2,7,2,30,17,0,0,1,13,14,0,0,0,0,0,0,0,0,0,0,1.0,1.0,1.0,0.0,0.0,0.0,3,0,0
5103,41,18,23,2,7,2,30,17,0,0,1,13,14,0,0,0,0,0,0,0,0,0,0,1.0,1.0,1.0,0.0,0.0,0.0,3,0,0
5104,41,18,23,2,7,2,30,17,0,0,1,13,14,0,0,0,0,0,0,0,0,0,0,1.0,1.0,1.0,0.0,0.0,0.0,3,0,0
5105,41,18,23,2,7,2,30,17,0,0,1,13,14,0,0,0,0,0,0,0,0,0,0,1.0,1.0,1.0,0.0,0.0,0.0,3,0,0
5106,41,18,23,0,9,2,30,17,0,0,1,13,14,0,0,0,0,0,0,0,0,0,0,1.0,1.0,1.0,0.0,0.0,0.0,3,0,0
5107,41,18,23,0,9,2,30,17,0,0,1,13,14,0,0,0,0,0,0,0,0,0,0,1.0,1.0,1.0,0.0,0.0,0.0,3,0,0
5108,41,18,23,0,9,2,30,17,0,0,0,13,14,0,0,0,0,0,0,0,0,0,0,1.0,1.0,1.0,0.0,0.0,0.0,3,0,0
5109,41,18,23,0,9,2,30,17,0,0,0,13,14,0,0,0,0,0,0,0,0,0,0,1.0,1.0,1.0,0.0,0.0,0.0,3,0,0
5110,40,17,23,0,8,2,30,17,0,0,0,13,14,0,0,0,0,0,0,0,1,0,1,0.8888888888888888,1.0,1.0,0.0,0.0,0.0,3,0,1
5111,40,17,23,0,8,2,30,17,0,0,0,14,14,1,0,0,0,0,0,0,0,0,0,1.0,1.0,1.0,0.0,0.0,0.0,3,0,0
5112,40,17,23,0,8,2,30,17,0,0,0,14,14,0,0,0,0,0,0,0,0,0,0,1.0,1.0,1.0,0.0,0.0,0.0,3,0,0
5113,40,17,23,0,8,2,30,17,0,0,0,14,14,0,0,0,0,0,0,0,0,0,0,1.0,1.0,1.0,0.0,0.0,0.0,3,0,0
5114,40,17,23,0,8,2,30,17,0,0,0,14,14,0,0,0,0,0,0,0,0,0,0,1.0,1.0,1.0,0.0,0.0,0.0,3,0,0
5115,40,17,23,0,8,2,30,17,0,0,0,14,14,0,0,0,0,0,0,0,0,0,0,1.0,1.0,1.0,0.0,0.0,0.0,3,0,0
5116,40,17,23,0,8,2,30,17,0,0,0,14,14,0,0,0,0,0,0,0,0,0,0,1.0,1.0,1.0,0.0,0.0,0.0,3,0,0
5117,40,17,23,0,8,2,30,17,0,0,0,15,14,1,0,0,0,0,0,0,0,0,0,1.0,1.0,1.0,0.0,0.0,0.0,3,0,0
5118,40,17,23,0,8,2,30,17,0,0,0,15,14,0,0,0,0,0,0,0,0,0,0,1.0,1.0,1.0,0.0,0.0,0.0,3,0,0
5119,39,16,23,0,8,2,29,17,0,0,0,14,14,0,0,0,0,0,0,0,0,0,0,1.0,0.9230769230769231,1.0,0.0,0.0,0.0,3,0,1
5120,39,16,23,0,8,2,29,17,0,0,0,14,14,0,0,0,0,0,0,0,0,0,0,1.0,1.0,1.0,0.0,0.0,0.0,3,0,0
5121,39,16,23,0,8,2,29,17,0,0,0,14,14,0,0,0,0,0,0,0,0,0,0,1.0,1.0,1.0,0.0,0.0,0.0,3,0,0
5122,39,16,23,0,8,2,29,17,0,0,0,14,14,0,0,0,0,0,0,0,0,0,0,1.0,1.0,1.0,0.0,0.0,0.0,3,0,0
5123,39,16,23,0,8,2,29,17,0,0,0,14,14,0,0,0,0,0,0,0,0,0,0,1.0,1.0,1.0,0.0,0.0,0.0,3,0,0
5124,39,16,23,0,8,2,29,17,0,0,0,14,14,0,0,0,0,0,0,0,0,1,0,1.0,1.0,1.0,0.0,0.0,0.0,3,0,0
5125,39,16,23,0,8,2,29,17,0,0,0,14,14,0,0,0,0,0,0,0,0,0,0,1.0,1.0,1.0,0.0,0.0,0.0,3,0,0
5126,39,16,23,0,8,2,29,17,0,0,0,14,14,0,0,0,0,0,0,0,0,0,0,1.0,1.0,1.0,0.0,0.0,0.0,3,0,0
5127,39,16,23,0,8,2,29,17,0,0,0,14,14,0,0,0,0,0,0,0,0,0,0,1.0,1.0,1.0,0.0,0.0,0.0,3,0,0
5128,38,16,22,0,7,3,28,16,0,0,0,14,13,0,0,0,0,0,0,0,0,0,0,1.0,1.0,0.9411764705882353,0.0,0.0,0.0,3,0,1
5129,38,16,22,0,7,3,28,16,0,0,0,14,13,0,0,0,0,0,0,0,0,0,0,1.0,1.0,1.0,0.0,0.0,0.0,3,0,0
5130,38,16,22,0,7,3,28,16,0,0,0,14,13,0,0,0,0,0,0,0,0,0,0,1.0,1.0,1.0,0.0,0.0,0.0,3,0,0
5131,38,16,22,0,7,3,28,16,0,0,0,14,13,0,0,0,0,0,0,0,0,0,0,1.0,1.0,1.0,0.0,0.0,0.0,3,0,0
5132,38,16,22,0,7,3,28,16,0,0,0,14,13,0,0,0,0,0,0,0,0,2,0,1.0,1.0,1.0,0.0,0.0,0.0,3,0,0
5133,37,16,21,0,6,3,28,16,0,0,0,14,12,0,0,0,0,0,0,0,1,0,1,0.8571428571428572,1.0,1.0,0.0,0.0,0.0,3,0,1
5134,37,16,21,0,6,3,28,16,0,0,0,14,12,0,0,0,0,0,0,0,0,0,0,1.0,1.0,1.0,0.0,0.0,0.0,3,0,0
5135,37,16,21,0,6,3,28,16,0,0,0,14,12,0,0,0,0,0,0,0,0,0,0,1.0,1.0,1.0,0.0,0.0,0.0,3,0,0
5136,37,16,21,0,5,4,28,16,0,0,0,14,12,0,0,0,0,0,0,0,0,0,0,1.0,1.0,1.0,0.0,0.0,0.0,3,0,0
5137,37,16,21,0,5,4,28,16,0,0,0,14,12,0,0,0,0,0,0,0,0,1,0,1.0,1.0,1.0,0.0,0.0,0.0,3,0,0
5138,37,16,21,0,5,4,28,16,0,0,0,14,12,0,0,0,0,0,0,0,0,0,0,1.0,1.0,1.0,0.0,0.0,0.0,3,0,0
5139,37,16,21,0,5,4,28,16,0,0,0,14,12,0,0,0,0,0,0,0,0,0,0,1.0,1.0,1.0,0.0,0.0,0.0,3,0,0
5140,37,16,21,0,5,4,28,16,0,0,0,14,12,0,0,0,0,0,0,0,0,0,0,1.0,1.0,1.0,0.0,0.0,0.0,3,0,0
5141,37,16,21,0,4,5,28,16,0,0,0,14,12,0,0,0,0,0,0,0,0,0,0,1.0,1.0,1.0,0.0,0.0,0.0,3,0,0
5142,37,16,21,0,4,5,28,16,0,0,0,14,12,0,0,0,0,0,0,0,0,0,0,1.0,1.0,1.0,0.0,0.0,0.0,3,0,0
5143,37,16,21,0,4,5,28,16,0,0,0,14,12,0,0,0,0,0,0,0,0,0,0,1.0,1.0,1.0,0.0,0.0,0.0,3,0,0
5144,37,16,21,0,4,5,28,16,0,0,0,14,12,0,0,0,0,0,0,0,0,0,0,1.0,1.0,1.0,0.0,0.0,0.0,3,0,0
5145,37,16,21,0,4,5,28,16,0,0,0,14,12,0,0,0,0,0,0,0,0,0,0,1.0,1.0,1.0,0.0,0.0,0.0,3,0,0
5146,37,16,21,0,4,5,28,16,0,0,0,14,12,0,0,0,0,0,0,0,0,0,0,1.0,1.0,1.0,0.0,0.0,0.0,3,0,0
5147,37,16,21,0,4,5,28,16,0,0,0,14,12,0,0,0,0,0,0,0,0,0,0,1.0,1.0,1.0,0.0,0.0,0.0,3,0,0
5148,37,16,21,0,4,5,28,16,0,0,0,14,12,0,0,0,0,0,0,0,0,0,0,1.0,1.0,1.0,0.0,0.0,0.0,3,0,0
5149,37,16,21,0,4,5,28,16,0,0,0,14,12,0,0,0,0,0,0,0,0,0,0,1.0,1.0,1.0,0.0,0.0,0.0,3,0,0
5150,37,16,21,0,4,5,28,16,0,0,0,14,12,0,0,0,0,0,0,0,0,0,0,1.0,1.0,1.0,0.0,0.0,0.0,3,0,0
5151,37,16,21,0,4,5,28,16,0,0,0,14,12,0,0,0,0,0,0,0,0,0,0,1.0,1.0,1.0,0.0,0.0,0.0,3,0,0
5152,37,16,21,0,4,5,28,16,0,0,0,14,12,0,0,0,0,0,0,0,0,0,0,1.0,1.0,1.0,0.0,0.0,0.0,3,0,0
5153,37,16,21,0,4,5,28,16,0,0,0,14,12,0,0,0,0,0,0,0,0,0,0,1.0,1.0,1.0,0.0,0.0,0.0,3,0,0
5154,37,16,21,0,4,5,28,16,0,0,0,14,12,0,0,0,0,0,0,0,0,0,0,1.0,1.0,1.0,0.0,0.0,0.0,3,0,0
5155,37,16,21,0,4,5,28,16,0,0,0,14,12,0,0,0,0,0,0,0,0,0,0,1.0,1.0,1.0,0.0,0.0,0.0,3,0,0
5156,36,16,20,0,4,4,28,16,0,0,0,14,12,0,0,0,0,0,0,0,0,0,0,1.0,1.0,1.0,0.0,0.0,0.0,3,0,1
5157,36,16,20,0,4,4,28,16,0,0,0,14,12,0,0,0,0,0,0,0,0,0,0,1.0,1.0,1.0,0.0,0.0,0.0,3,0,0
5158,36,16,20,0,4,4,28,16,0,0,0,14,12,0,0,0,0,0,0,0,0,0,0,1.0,1.0,1.0,0.0,0.0,0.0,3,0,0
5159,36,16,20,0,4,3,29,16,0,0,0,14,12,0,0,0,0,0,0,0,0,0,0,1.0,1.0,1.0,0.0,0.0,0.0,3,0,0
5160,36,16,20,0,4,3,29,16,0,0,0,14,12,0,0,0,0,0,0,0,0,0,0,1.0,1.0,1.0,0.0,0.0,0.0,3,0,0
5161,36,16,20,0,4,3,29,16,0,0,0,14,12,0,0,0,0,0,0,0,0,0,0,1.0,1.0,1.0,0.0,0.0,0.0,3,0,0
5162,36,16,20,0,4,3,29,16,0,0,0,14,12,0,0,0,0,0,0,0,0,0,0,1.0,1.0,1.0,0.0,0.0,0.0,3,0,0
5163,36,16,20,0,4,3,29,16,0,0,0,14,12,0,0,0,0,0,0,0,0,0,0,1.0,1.0,1.0,0.0,0.0,0.0,3,0,0
5164,36,16,20,0,4,3,29,16,0,0,0,14,12,0,0,0,0,0,0,0,0,0,0,1.0,1.0,1.0,0.0,0.0,0.0,3,0,0
5165,36,16,20,0,4,3,29,16,0,0,0,14,12,0,0,0,0,0,0,0,0,0,0,1.0,1.0,1.0,0.0,0.0,0.0,3,0,0
5166,36,16,20,0,4,3,29,16,0,0,0,14,12,0,0,0,0,0,0,0,0,0,0,1.0,1.0,1.0,0.0,0.0,0.0,3,0,0
5167,36,16,20,0,4,3,29,16,0,0,0,14,12,0,0,0,0,0,0,0,0,0,0,1.0,1.0,1.0,0.0,0.0,0.0,3,0,0
5168,36,16,20,0,4,3,29,16,0,0,0,14,12,0,0,0,0,0,0,0,0,0,0,1.0,1.0,1.0,0.0,0.0,0.0,3,0,0
5169,36,16,20,0,4,3,29,16,0,0,0,14,12,0,0,0,0,0,0,0,0,0,0,1.0,1.0,1.0,0.0,0.0,0.0,3,0,0
5170,36,16,20,0,4,3,29,16,0,0,0,14,12,0,0,0,0,0,0,0,0,0,0,1.0,1.0,1.0,0.0,0.0,0.0,3,0,0
5171,36,16,20,0,4,3,29,16,0,0,0,14,12,0,0,0,0,0,0,0,0,0,0,1.0,1.0,1.0,0.0,0.0,0.0,3,0,0
5172,35,16,19,0,4,3,28,15,0,0,0,14,11,0,0,0,0,0,0,0,0,0,0,1.0,1.0,0.9375,0.0,0.0,0.0,3,0,1
5173,35,16,19,0,4,3,28,15,0,0,0,14,11,0,0,0,0,0,0,0,0,1,0,1.0,1.0,1.0,0.0,0.0,0.0,3,0,0
5174,35,16,19,0,4,3,28,15,0,0,0,14,11,0,0,0,0,0,0,0,0,0,0,1.0,1.0,1.0,0.0,0.0,0.0,3,0,0
5175,35,16,19,0,4,3,28,15,0,0,0,14,11,0,0,0,0,0,0,0,0,0,0,1.0,1.0,1.0,0.0,0.0,0.0,3,0,0
5176,35,16,19,0,4,3,28,15,0,0,0,14,11,0,0,0,0,0,0,0,0,0,0,1.0,1.0,1.0,0.0,0.0,0.0,3,0,0
5177,35,16,19,0,3,4,28,15,0,0,0,14,11,0,0,0,0,0,0,0,0,0,0,1.0,1.0,1.0,0.0,0.0,0.0,3,0,0
5178,35,16,19,0,3,4,28,15,0,0,0,14,11,0,0,0,0,0,0,0,0,0,0,1.0,1.0,1.0,0.0,0.0,0.0,3,0,0
5179,35,16,19,0,3,4,28,15,0,0,0,14,11,0,0,0,0,0,0,0,0,0,0,1.0,1.0,1.0,0.0,0.0,0.0,3,0,0
5180,35,16,19,0,3,4,28,15,0,0,0,14,11,0,0,0,0,0,0,0,0,0,0,1.0,1.0,1.0,0.0,0.0,0.0,3,0,0
5181,35,16,19,0,3,4,28,15,0,0,0,14,11,0,0,0,0,0,0,0,0,0,0,1.0,1.0,1.0,0.0,0.0,0.0,3,0,0
5182,35,16,19,0,3,4,28,15,0,0,0,14,11,0,0,0,0,0,0,0,0,0,0,1.0,1.0,1.0,0.0,0.0,0.0,3,0,0
5183,35,16,19,0,3,4,28,15,0,0,0,14,11,0,0,0,0,0,0,0,0,0,0,1.0,1.0,1.0,0.0,0.0,0.0,3,0,0
5184,35,16,19,0,3,4,28,15,0,0,0,14,11,0,0,0,0,0,0,0,0,0,0,1.0,1.0,1.0,0.0,0.0,0.0,3,0,0
5185,35,16,19,0,3,4,28,15,0,0,0,14,11,0,0,0,0,0,0,0,0,0,0,1.0,1.0,1.0,0.0,0.0,0.0,3,0,0
5186,35,16,19,0,3,4,28,15,0,0,0,14,11,0,0,0,0,0,0,0,0,0,0,1.0,1.0,1.0,0.0,0.0,0.0,3,0,0
5187,35,16,19,0,3,4,28,15,0,0,0,14,11,0,0,0,0,0,0,0,0,0,0,1.0,1.0,1.0,0.0,0.0,0.0,3,0,0
5188,35,16,19,0,3,4,28,15,0,0,0,14,11,0,0,0,0,0,0,0,0,0,0,1.0,1.0,1.0,0.0,0.0,0.0,3,0,0
5189,35,16,19,0,3,4,28,15,0,0,0,14,11,0,0,0,0,0,0,0,0,0,0,1.0,1.0,1.0,0.0,0.0,0.0,3,0,0
5190,35,16,19,0,3,4,28,15,0,0,0,14,11,0,0,0,0,0,0,0,0,0,0,1.0,1.0,1.0,0.0,0.0,0.0,3,0,0
5191,35,16,19,0,3,4,28,15,0,0,0,14,11,0,0,0,0,0,0,0,0,0,0,1.0,1.0,1.0,0.0,0.0,0.0,3,0,0
5192,34,15,19,0,3,3,28,15,0,0,0,14,11,0,0,0,0,0,0,0,0,0,0,1.0,1.0,1.0,0.0,0.0,0.0,3,0,1
5193,34,15,19,0,3,3,28,15,0,0,0,14,11,0,0,0,0,0,0,0,0,0,0,1.0,1.0,1.0,0.0,0.0,0.0,3,0,0
5194,34,15,19,0,3,3,28,15,0,0,0,14,11,0,0,0,0,0,0,0,0,0,0,1.0,1.0,1.0,0.0,0.0,0.0,3,0,0
5195,34,15,19,0,3,3,28,15,0,0,0,14,11,0,0,0,0,0,0,0,0,0,0,1.0,1.0,1.0,0.0,0.0,0.0,3,0,0
5196,34,15,19,0,3,3,28,15,0,0,0,14,11,0,0,0,0,0,0,0,0,0,0,1.0,1.0,1.0,0.0,0.0,0.0,3,0,0
5197,34,15,19,0,3,3,28,15,0,0,0,14,11,0,0,0,0,0,0,0,0,0,0,1.0,1.0,1.0,0.0,0.0,0.0,3,0,0
5198,34,15,19,0,3,3,28,15,0,0,0,14,11,0,0,0,0,0,0,0,0,0,0,1.0,1.0,1.0,0.0,0.0,0.0,3,0,0
5199,33,14,19,0,3,3,27,15,0,0,0,13,11,0,0,0,0,0,0,0,0,0,0,1.0,0.9230769230769231,1.0,0.0,0.0,0.0,3,0,1
5200,33,14,19,0,3,3,27,15,0,0,0,13,11,0,0,0,0,0,0,0,0,0,0,1.0,1.0,1.0,0.0,0.0,0.0,3,0,0
5201,33,14,19,0,3,3,27,15,0,0,0,13,11,0,0,0,0,0,0,0,0,0,0,1.0,1.0,1.0,0.0,0.0,0.0,3,0,0
5202,33,14,19,0,3,3,27,15,0,0,0,13,12,0,1,0,0,0,0,0,0,0,0,1.0,1.0,1.0,0.0,0.0,0.0,3,0,0
5203,33,14,19,0,3,3,27,15,0,0,0,13,12,0,0,0,0,0,0,0,0,0,0,1.0,1.0,1.0,0.0,0.0,0.0,3,0,0
5204,33,14,19,0,3,3,27,15,0,0,0,13,12,0,0,0,0,0,0,0,0,0,0,1.0,1.0,1.0,0.0,0.0,0.0,3,0,0
5205,33,14,19,0,3,3,27,15,0,0,0,13,12,0,0,0,0,0,0,0,0,0,0,1.0,1.0,1.0,0.0,0.0,0.0,3,0,0
5206,33,14,19,0,3,3,27,15,0,0,0,13,12,0,0,0,0,0,0,0,0,0,0,1.0,1.0,1.0,0.0,0.0,0.0,3,0,0
5207,33,14,19,0,3,2,28,16,0,0,0,13,12,0,0,0,0,0,0,0,0,0,0,1.0,1.0,1.0,0.0,0.0,0.0,3,0,0
5208,33,14,19,0,3,2,28,16,0,0,0,13,12,0,0,0,0,0,0,0,0,0,0,1.0,1.0,1.0,0.0,0.0,0.0,3,0,0
5209,33,14,19,0,3,2,28,16,0,0,0,13,12,0,0,0,0,0,0,0,0,0,0,1.0,1.0,1.0,0.0,0.0,0.0,3,0,0
5210,33,14,19,0,3,2,28,16,0,0,0,13,12,0,0,0,0,0,0,0,0,0,0,1.0,1.0,1.0,0.0,0.0,0.0,3,0,0
5211,33,14,19,0,3,2,28,16,0,0,0,13,12,0,0,0,0,0,0,0,0,0,0,1.0,1.0,1.0,0.0,0.0,0.0,3,0,0
5212,33,14,19,0,3,2,28,16,0,0,0,13,12,0,0,0,0,0,0,0,0,0,0,1.0,1.0,1.0,0.0,0.0,0.0,3,0,0
5213,33,14,19,0,3,2,28,16,0,0,0,13,12,0,0,0,0,0,0,0,0,0,0,1.0,1.0,1.0,0.0,0.0,0.0,3,0,0
5214,33,14,19,0,3,2,28,16,0,0,0,13,12,0,0,0,0,0,0,0,0,0,0,1.0,1.0,1.0,0.0,0.0,0.0,3,0,0
5215,33,14,19,0,3,2,28,16,0,0,0,13,12,0,0,0,0,0,0,0,0,0,0,1.0,1.0,1.0,0.0,0.0,0.0,3,0,0
5216,33,14,19,0,3,2,28,16,0,0,0,13,12,0,0,0,0,0,0,0,0,0,0,1.0,1.0,1.0,0.0,0.0,0.0,3,0,0
5217,33,14,19,0,3,2,28,16,0,0,0,13,12,0,0,0,0,0,0,0,0,0,0,1.0,1.0,1.0,0.0,0.0,0.0,3,0,0
5218,33,14,19,0,3,2,28,16,0,0,0,13,12,0,0,0,0,0,0,0,0,0,0,1.0,1.0,1.0,0.0,0.0,0.0,3,0,0
5219,33,14,19,0,3,2,28,16,0,0,0,13,12,0,0,0,0,0,0,0,0,0,0,1.0,1.0,1.0,0.0,0.0,0.0,3,0,0
5220,33,14,19,0,3,2,28,16,0,0,0,13,12,0,0,0,0,0,0,0,0,0,0,1.0,1.0,1.0,0.0,0.0,0.0,3,0,0
5221,33,14,19,0,3,2,28,16,0,0,0,13,12,0,0,0,0,0,0,0,0,0,0,1.0,1.0,1.0,0.0,0.0,0.0,3,0,0
5222,33,14,19,0,3,2,28,16,0,0,0,13,12,0,0,0,0,0,0,0,0,0,0,1.0,1.0,1.0,0.0,0.0,0.0,3,0,0
5223,33,14,19,0,3,2,28,16,0,0,0,13,12,0,0,0,0,0,0,0,0,0,0,1.0,1.0,1.0,0.0,0.0,0.0,3,0,0
5224,33,14,19,0,3,2,28,16,0,0,0,13,12,0,0,0,0,0,0,0,0,0,0,1.0,1.0,1.0,0.0,0.0,0.0,3,0,0
5225,33,14,19,0,3,2,28,16,0,0,0,13,12,0,0,0,0,0,0,0,0,0,0,1.0,1.0,1.0,0.0,0.0,0.0,3,0,0
5226,33,14,19,0,3,2,28,16,0,0,0,13,12,0,0,0,0,0,0,0,0,0,0,1.0,1.0,1.0,0.0,0.0,0.0,3,0,0
5227,33,14,19,0,3,2,28,16,0,0,0,13,12,0,0,0,0,0,0,0,0,0,0,1.0,1.0,1.0,0.0,0.0,0.0,3,0,0
5228,33,14,19,0,3,2,28,16,0,0,0,13,12,0,0,0,0,0,0,0,0,0,0,1.0,1.0,1.0,0.0,0.0,0.0,3,0,0
5229,33,14,19,0,3,2,28,16,0,0,0,13,12,0,0,0,0,0,0,0,0,0,0,1.0,1.0,1.0,0.0,0.0,0.0,3,0,0
5230,33,14,19,0,3,2,28,16,0,0,0,13,12,0,0,0,0,0,0,0,0,0,0,1.0,1.0,1.0,0.0,0.0,0.0,3,0,0
5231,33,14,19,0,3,2,28,16,0,0,0,13,12,0,0,0,0,0,0,0,0,0,0,1.0,1.0,1.0,0.0,0.0,0.0,3,0,0
5232,33,14,19,0,3,2,28,16,0,0,0,13,12,0,0,0,0,0,0,0,0,0,0,1.0,1.0,1.0,0.0,0.0,0.0,3,0,0
5233,33,14,19,0,3,2,28,16,0,0,0,13,12,0,0,0,0,0,0,0,0,0,0,1.0,1.0,1.0,0.0,0.0,0.0,3,0,0
5234,33,14,19,0,3,2,28,16,0,0,0,13,12,0,0,0,0,0,0,0,0,0,0,1.0,1.0,1.0,0.0,0.0,0.0,3,0,0
5235,33,14,19,0,3,2,28,16,0,0,0,13,12,0,0,0,0,0,0,0,0,1,0,1.0,1.0,1.0,0.0,0.0,0.0,3,0,0
5236,33,14,19,0,3,2,28,16,0,0,0,13,12,0,0,0,0,0,0,0,0,0,0,1.0,1.0,1.0,0.0,0.0,0.0,3,0,0
5237,33,14,19,0,3,2,28,16,0,0,0,13,12,0,0,0,0,0,0,0,0,0,0,1.0,1.0,1.0,0.0,0.0,0.0,3,0,0
5238,33,14,19,0,3,2,28,16,0,0,0,13,12,0,0,0,0,0,0,0,0,0,0,1.0,1.0,1.0,0.0,0.0,0.0,3,0,0
5239,33,14,19,0,2,3,28,16,0,0,0,13,12,0,0,0,0,0,0,0,0,0,0,1.0,1.0,1.0,0.0,0.0,0.0,3,0,0
5240,33,14,19,0,2,3,28,16,0,0,0,13,12,0,0,0,0,0,0,0,0,0,0,1.0,1.0,1.0,0.0,0.0,0.0,3,0,0
5241,33,14,19,0,2,3,28,16,0,0,0,13,12,0,0,0,0,0,0,0,0,0,0,1.0,1.0,1.0,0.0,0.0,0.0,3,0,0
5242,33,14,19,0,2,3,28,16,0,0,0,13,12,0,0,0,0,0,0,0,0,0,0,1.0,1.0,1.0,0.0,0.0,0.0,3,0,0
5243,33,14,19,0,2,3,28,16,0,0,0,13,12,0,0,0,0,0,0,0,0,2,0,1.0,1.0,1.0,0.0,0.0,0.0,3,0,0
5244,33,14,19,0,2,3,28,16,0,0,0,13,12,0,0,0,0,0,0,0,0,0,0,1.0,1.0,1.0,0.0,0.0,0.0,3,0,0
5245,33,14,19,0,2,3,28,16,0,0,0,13,12,0,0,0,0,0,0,0,0,0,0,1.0,1.0,1.0,0.0,0.0,0.0,3,0,0
5246,33,14,19,0,2,3,28,16,0,0,0,13,12,0,0,0,0,0,0,0,0,0,0,1.0,1.0,1.0,0.0,0.0,0.0,3,0,0
5247,33,14,19,0,0,5,28,16,0,0,0,13,12,0,0,0,0,0,0,0,0,0,0,1.0,1.0,1.0,0.0,0.0,0.0,3,0,0
5248,33,14,19,0,0,5,28,16,0,0,0,13,12,0,0,0,0,0,0,0,0,0,0,1.0,1.0,1.0,0.0,0.0,0.0,3,0,0
5249,33,14,19,0,0,5,28,16,0,0,0,13,12,0,0,0,0,0,0,0,0,0,0,1.0,1.0,1.0,0.0,0.0,0.0,3,0,0
5250,33,14,19,0,0,5,28,16,0,0,0,13,12,0,0,0,0,0,0,0,0,0,0,1.0,1.0,1.0,0.0,0.0,0.0,3,0,0
5251,33,14,19,0,0,5,28,16,0,0,0,13,12,0,0,0,0,0,0,0,0,0,0,1.0,1.0,1.0,0.0,0.0,0.0,3,0,0
5252,33,14,19,0,0,5,28,16,0,0,0,13,12,0,0,0,0,0,0,0,0,0,0,1.0,1.0,1.0,0.0,0.0,0.0,3,0,0
5253,33,14,19,0,0,5,28,16,0,0,0,13,12,0,0,0,0,0,0,0,0,0,0,1.0,1.0,1.0,0.0,0.0,0.0,3,0,0
5254,33,14,19,0,0,5,28,16,0,0,0,13,12,0,0,0,0,0,0,0,0,0,0,1.0,1.0,1.0,0.0,0.0,0.0,3,0,0
5255,33,14,19,0,0,5,28,16,0,0,0,13,12,0,0,0,0,0,0,0,0,0,0,1.0,1.0,1.0,0.0,0.0,0.0,3,0,0
5256,33,14,19,0,0,5,28,16,0,0,0,13,12,0,0,0,0,0,0,0,0,0,0,1.0,1.0,1.0,0.0,0.0,0.0,3,0,0
5257,33,14,19,0,0,5,28,16,0,0,0,13,12,0,0,0,0,0,0,0,0,0,0,1.0,1.0,1.0,0.0,0.0,0.0,3,0,0
5258,33,14,19,0,0,5,28,16,0,0,0,13,12,0,0,0,0,0,0,0,0,0,0,1.0,1.0,1.0,0.0,0.0,0.0,3,0,0
5259,33,14,19,0,0,5,28,16,0,0,0,13,12,0,0,0,0,0,0,0,0,0,0,1.0,1.0,1.0,0.0,0.0,0.0,3,0,0
5260,33,14,19,0,0,5,28,16,0,0,0,13,12,0,0,0,0,0,0,0,0,0,0,1.0,1.0,1.0,0.0,0.0,0.0,3,0,0
5261,33,14,19,0,0,5,28,16,0,0,0,13,12,0,0,0,0,0,0,0,0,0,0,1.0,1.0,1.0,0.0,0.0,0.0,3,0,0
5262,33,14,19,0,0,5,28,16,0,0,0,13,12,0,0,0,0,0,0,0,0,0,0,1.0,1.0,1.0,0.0,0.0,0.0,3,0,0
5263,33,14,19,0,0,4,29,16,0,0,0,13,12,0,0,0,0,0,0,0,0,0,0,1.0,1.0,1.0,0.0,0.0,0.0,3,0,0
5264,33,14,19,0,0,4,29,16,0,0,0,13,12,0,0,0,0,0,0,0,0,0,0,1.0,1.0,1.0,0.0,0.0,0.0,3,0,0
5265,33,14,19,0,0,4,29,16,0,0,0,13,12,0,0,0,0,0,0,0,0,0,0,1.0,1.0,1.0,0.0,0.0,0.0,3,0,0
5266,33,14,19,0,0,4,29,16,0,0,0,13,12,0,0,0,0,0,0,0,0,0,0,1.0,1.0,1.0,0.0,0.0,0.0,3,0,0
5267,33,14,19,0,0,4,29,16,0,0,0,13,12,0,0,0,0,0,0,0,0,0,0,1.0,1.0,1.0,0.0,0.0,0.0,3,0,0
5268,33,14,19,0,0,4,29,16,0,0,0,13,12,0,0,0,0,0,0,0,0,0,0,1.0,1.0,1.0,0.0,0.0,0.0,3,0,0
5269,33,14,19,0,0,4,29,16,0,0,0,13,12,0,0,0,0,0,0,0,0,0,0,1.0,1.0,1.0,0.0,0.0,0.0,3,0,0
5270,33,14,19,0,0,3,30,17,0,0,0,13,12,0,0,0,0,0,0,0,0,0,0,1.0,1.0,1.0,0.0,0.0,0.0,3,0,0
5271,33,14,19,0,0,3,30,17,0,0,0,13,12,0,0,0,0,0,0,0,0,0,0,1.0,1.0,1.0,0.0,0.0,0.0,3,0,0
5272,33,14,19,0,0,3,30,17,0,0,0,13,12,0,0,0,0,0,0,0,0,0,0,1.0,1.0,1.0,0.0,0.0,0.0,3,0,0
5273,33,14,19,0,0,3,30,17,0,0,0,13,12,0,0,0,0,0,0,0,0,0,0,1.0,1.0,1.0,0.0,0.0,0.0,3,0,0
5274,33,14,19,0,0,3,30,17,0,0,0,13,12,0,0,0,0,0,0,0,0,0,0,1.0,1.0,1.0,0.0,0.0,0.0,3,0,0
5275,33,14,19,0,0,3,30,17,0,0,0,13,12,0,0,0,0,0,0,0,0,0,0,1.0,1.0,1.0,0.0,0.0,0.0,3,0,0
5276,33,14,19,0,0,3,30,17,0,0,0,13,12,0,0,0,0,0,0,0,0,0,0,1.0,1.0,1.0,0.0,0.0,0.0,3,0,0
5277,33,14,19,0,0,3,30,17,0,0,0,13,12,0,0,0,0,0,0,0,0,0,0,1.0,1.0,1.0,0.0,0.0,0.0,3,0,0
5278,33,14,19,0,0,2,31,18,0,0,0,13,12,0,0,0,0,0,0,0,0,0,0,1.0,1.0,1.0,0.0,0.0,0.0,3,0,0
5279,33,14,19,0,0,2,31,18,0,0,0,13,12,0,0,0,0,0,0,0,0,0,0,1.0,1.0,1.0,0.0,0.0,0.0,3,0,0
5280,33,14,19,0,0,2,31,18,0,0,0,13,12,0,0,0,0,0,0,0,0,0,0,1.0,1.0,1.0,0.0,0.0,0.0,3,0,0
5281,33,14,19,0,0,2,31,18,0,0,0,13,12,0,0,0,0,0,0,0,0,0,0,1.0,1.0,1.0,0.0,0.0,0.0,3,0,0
5282,33,14,19,0,0,2,31,18,0,0,0,13,12,0,0,0,0,0,0,0,0,0,0,1.0,1.0,1.0,0.0,0.0,0.0,3,0,0
5283,33,14,19,0,0,2,31,18,0,0,0,13,12,0,0,0,0,0,0,0,0,0,0,1.0,1.0,1.0,0.0,0.0,0.0,3,0,0
5284,33,14,19,0,0,2,31,18,0,0,0,13,12,0,0,0,0,0,0,0,0,0,0,1.0,1.0,1.0,0.0,0.0,0.0,3,0,0
5285,33,14,19,0,0,2,31,18,0,0,0,13,12,0,0,0,0,0,0,0,0,0,0,1.0,1.0,1.0,0.0,0.0,0.0,3,0,0
5286,33,14,19,0,0,2,31,18,0,0,0,13,12,0,0,0,0,0,0,0,0,0,0,1.0,1.0,1.0,0.0,0.0,0.0,3,0,0
5287,33,14,19,0,0,2,31,18,0,0,0,13,12,0,0,0,0,0,0,0,0,0,0,1.0,1.0,1.0,0.0,0.0,0.0,3,0,0
5288,33,14,19,0,0,2,31,18,0,0,0,13,12,0,0,0,0,0,0,0,0,0,0,1.0,1.0,1.0,0.0,0.0,0.0,3,0,0
5289,33,14,19,0,0,2,31,18,0,0,0,13,12,0,0,0,0,0,0,0,0,0,0,1.0,1.0,1.0,0.0,0.0,0.0,3,0,0
5290,32,13,19,0,0,2,30,18,0,0,0,12,12,0,0,0,0,0,0,0,0,0,0,1.0,0.9230769230769231,1.0,0.0,0.0,0.0,3,0,1
5291,32,13,19,0,0,2,30,18,0,0,0,12,12,0,0,0,0,0,0,0,0,0,0,1.0,1.0,1.0,0.0,0.0,0.0,3,0,0
5292,32,13,19,0,0,2,30,18,0,0,0,12,12,0,0,0,0,0,0,0,0,0,0,1.0,1.0,1.0,0.0,0.0,0.0,3,0,0
5293,32,13,19,0,0,2,30,18,0,0,0,12,12,0,0,0,0,0,0,0,0,0,0,1.0,1.0,1.0,0.0,0.0,0.0,3,0,0
5294,32,13,19,0,0,2,30,18,0,0,0,12,13,0,1,0,0,0,0,0,0,0,0,1.0,1.0,1.0,0.0,0.0,0.0,3,0,0
5295,32,13,19,0,0,2,30,18,0,0,0,12,13,0,0,0,0,0,0,0,0,0,0,1.0,1.0,1.0,0.0,0.0,0.0,3,0,0
5296,32,13,19,0,0,2,30,18,0,0,0,12,13,0,0,0,0,0,0,0,0,0,0,1.0,1.0,1.0,0.0,0.0,0.0,3,0,0
5297,32,13,19,0,0,2,30,18,0,0,0,12,13,0,0,0,0,0,0,0,0,0,0,1.0,1.0,1.0,0.0,0.0,0.0,3,0,0
5298,32,13,19,0,0,2,30,18,0,0,0,12,13,0,0,0,0,0,0,0,0,0,0,1.0,1.0,1.0,0.0,0.0,0.0,3,0,0
5299,32,13,19,0,0,2,30,18,0,0,0,12,14,0,1,0,0,0,0,0,0,0,0,1.0,1.0,1.0,0.0,0.0,0.0,3,0,0
5300,32,13,19,0,0,2,30,18,0,0,0,12,14,0,0,0,0,0,0,0,0,0,0,1.0,1.0,1.0,0.0,0.0,0.0,3,0,0
5301,32,13,19,0,0,2,30,18,0,0,0,12,14,0,0,0,0,0,0,0,0,0,0,1.0,1.0,1.0,0.0,0.0,0.0,3,0,0
5302,31,13,18,0,0,2,29,17,0,0,0,12,13,0,0,0,0,0,0,0,0,0,0,1.0,1.0,0.9444444444444444,0.0,0.0,0.0,3,0,1
5303,31,13,18,0,0,2,29,17,0,0,0,12,13,0,0,0,0,0,0,0,0,0,0,1.0,1.0,1.0,0.0,0.0,0.0,3,0,0
5304,31,13,18,0,0,2,29,17,0,0,0,12,13,0,0,0,0,0,0,0,0,0,0,1.0,1.0,1.0,0.0,0.0,0.0,3,0,0
5305,31,13,18,0,0,2,29,17,0,0,0,12,13,0,0,0,0,0,0,0,0,0,0,1.0,1.0,1.0,0.0,0.0,0.0,3,0,0
5306,31,13,18,0,0,2,29,17,0,0,0,12,13,0,0,0,0,0,0,0,0,0,0,1.0,1.0,1.0,0.0,0.0,0.0,3,0,0
5307,31,13,18,0,0,2,29,17,0,0,0,12,13,0,0,0,0,0,0,0,0,0,0,1.0,1.0,1.0,0.0,0.0,0.0,3,0,0
5308,31,13,18,0,0,2,29,17,0,0,0,12,13,0,0,0,0,0,0,0,0,0,0,1.0,1.0,1.0,0.0,0.0,0.0,3,0,0
5309,31,13,18,0,0,2,29,17,0,0,0,12,13,0,0,0,0,0,0,0,0,0,0,1.0,1.0,1.0,0.0,0.0,0.0,3,0,0
5310,31,13,18,0,0,2,29,17,0,0,0,12,13,0,0,0,0,0,0,0,0,0,0,1.0,1.0,1.0,0.0,0.0,0.0,3,0,0
5311,31,13,18,0,0,2,29,17,0,0,0,12,13,0,0,0,0,0,0,0,0,0,0,1.0,1.0,1.0,0.0,0.0,0.0,3,0,0
5312,31,13,18,0,0,2,29,17,0,0,0,12,13,0,0,0,0,0,0,0,0,0,0,1.0,1.0,1.0,0.0,0.0,0.0,3,0,0
5313,31,13,18,0,0,2,29,17,0,0,0,12,13,0,0,0,0,0,0,0,0,0,0,1.0,1.0,1.0,0.0,0.0,0.0,3,0,0
5314,31,13,18,0,0,2,29,17,0,0,0,12,13,0,0,0,0,0,0,0,0,0,0,1.0,1.0,1.0,0.0,0.0,0.0,3,0,0
5315,31,13,18,0,0,2,29,17,0,0,0,12,13,0,0,0,0,0,0,0,0,0,0,1.0,1.0,1.0,0.0,0.0,0.0,3,0,0
5316,31,13,18,0,0,2,29,17,0,0,0,12,13,0,0,0,0,0,0,0,0,0,0,1.0,1.0,1.0,0.0,0.0,0.0,3,0,0
5317,31,13,18,0,0,2,29,17,0,0,0,12,13,0,0,0,0,0,0,0,0,0,0,1.0,1.0,1.0,0.0,0.0,0.0,3,0,0
5318,31,13,18,0,0,2,29,17,0,0,0,12,13,0,0,0,0,0,0,0,0,0,0,1.0,1.0,1.0,0.0,0.0,0.0,3,0,0
5319,30,13,17,0,0,2,28,16,0,0,0,12,12,0,0,0,0,0,0,0,0,0,0,1.0,1.0,0.9411764705882353,0.0,0.0,0.0,3,0,1
5320,30,13,17,0,0,2,28,16,0,0,0,12,12,0,0,0,0,0,0,0,0,0,0,1.0,1.0,1.0,0.0,0.0,0.0,3,0,0
5321,30,13,17,0,0,2,28,16,0,0,0,12,12,0,0,0,0,0,0,0,0,0,0,1.0,1.0,1.0,0.0,0.0,0.0,3,0,0
5322,30,13,17,0,0,2,28,16,0,0,0,12,12,0,0,0,0,0,0,0,0,0,0,1.0,1.0,1.0,0.0,0.0,0.0,3,0,0
5323,30,13,17,0,0,2,28,16,0,0,0,12,12,0,0,0,0,0,0,0,0,0,0,1.0,1.0,1.0,0.0,0.0,0.0,3,0,0
5324,30,13,17,0,0,2,28,16,0,0,0,12,12,0,0,0,0,0,0,0,0,0,0,1.0,1.0,1.0,0.0,0.0,0.0,3,0,0
5325,30,13,17,0,0,2,28,16,0,0,0,12,12,0,0,0,0,0,0,0,0,0,0,1.0,1.0,1.0,0.0,0.0,0.0,3,0,0
5326,30,13,17,0,0,2,28,16,0,0,0,12,12,0,0,0,0,0,0,0,0,0,0,1.0,1.0,1.0,0.0,0.0,0.0,3,0,0
5327,30,13,17,0,0,2,28,16,0,0,0,12,12,0,0,0,0,0,0,0,0,0,0,1.0,1.0,1.0,0.0,0.0,0.0,3,0,0
5328,30,13,17,0,0,2,28,16,0,0,0,12,12,0,0,0,0,0,0,0,0,0,0,1.0,1.0,1.0,0.0,0.0,0.0,3,0,0
5329,30,13,17,0,0,2,28,16,0,0,0,12,12,0,0,0,0,0,0,0,0,0,0,1.0,1.0,1.0,0.0,0.0,0.0,3,0,0
5330,30,13,17,0,0,2,28,16,0,0,0,12,12,0,0,0,0,0,0,0,0,0,0,1.0,1.0,1.0,0.0,0.0,0.0,3,0,0
5331,30,13,17,0,0,2,28,16,0,0,0,12,12,0,0,0,0,0,0,0,0,0,0,1.0,1.0,1.0,0.0,0.0,0.0,3,0,0
5332,30,13,17,0,0,2,28,16,0,0,0,12,12,0,0,0,0,0,0,0,0,0,0,1.0,1.0,1.0,0.0,0.0,0.0,3,0,0
5333,30,13,17,0,0,2,28,16,0,0,0,12,12,0,0,0,0,0,0,0,0,0,0,1.0,1.0,1.0,0.0,0.0,0.0,3,0,0
5334,30,13,17,0,0,2,28,16,0,0,0,12,12,0,0,0,0,0,0,0,0,0,0,1.0,1.0,1.0,0.0,0.0,0.0,3,0,0
5335,30,13,17,0,0,2,28,16,0,0,0,12,12,0,0,0,0,0,0,0,0,0,0,1.0,1.0,1.0,0.0,0.0,0.0,3,0,0
5336,30,13,17,0,0,2,28,16,0,0,0,12,12,0,0,0,0,0,0,0,0,0,0,1.0,1.0,1.0,0.0,0.0,0.0,3,0,0
5337,30,13,17,0,0,2,28,16,0,0,0,12,12,0,0,0,0,0,0,0,0,0,0,1.0,1.0,1.0,0.0,0.0,0.0,3,0,0
5338,30,13,17,0,0,2,28,16,0,0,0,12,12,0,0,0,0,0,0,0,0,0,0,1.0,1.0,1.0,0.0,0.0,0.0,3,0,0
5339,30,13,17,0,0,2,28,16,0,0,0,12,12,0,0,0,0,0,0,0,0,0,0,1.0,1.0,1.0,0.0,0.0,0.0,3,0,0
5340,30,13,17,0,0,2,28,16,0,0,0,12,12,0,0,0,0,0,0,0,0,0,0,1.0,1.0,1.0,0.0,0.0,0.0,3,0,0
5341,29,13,16,0,0,2,27,15,0,0,0,12,11,0,0,0,0,0,0,0,0,0,0,1.0,1.0,0.9375,0.0,0.0,0.0,3,0,1
5342,29,13,16,0,0,2,27,15,0,0,0,12,11,0,0,0,0,0,0,0,0,0,0,1.0,1.0,1.0,0.0,0.0,0.0,3,0,0
5343,29,13,16,0,0,2,27,15,0,0,0,12,11,0,0,0,0,0,0,0,0,0,0,1.0,1.0,1.0,0.0,0.0,0.0,3,0,0
5344,29,13,16,0,0,2,27,15,0,0,0,12,11,0,0,0,0,0,0,0,0,0,0,1.0,1.0,1.0,0.0,0.0,0.0,3,0,0
5345,29,13,16,0,0,2,27,15,0,0,0,12,11,0,0,0,0,0,0,0,0,0,0,1.0,1.0,1.0,0.0,0.0,0.0,3,0,0
5346,29,13,16,0,0,2,27,15,0,0,0,12,11,0,0,0,0,0,0,0,0,0,0,1.0,1.0,1.0,0.0,0.0,0.0,3,0,0
5347,29,13,16,0,0,2,27,15,0,0,0,12,11,0,0,0,0,0,0,0,0,0,0,1.0,1.0,1.0,0.0,0.0,0.0,3,0,0
5348,29,13,16,0,0,2,27,15,0,0,0,12,11,0,0,0,0,0,0,0,0,0,0,1.0,1.0,1.0,0.0,0.0,0.0,3,0,0
5349,28,12,16,0,0,2,26,15,0,0,0,11,11,0,0,0,0,0,0,0,0,0,0,1.0,0.9166666666666666,1.0,0.0,0.0,0.0,3,0,1
5350,28,12,16,0,0,2,26,15,0,0,0,11,11,0,0,0,0,0,0,0,0,0,0,1.0,1.0,1.0,0.0,0.0,0.0,3,0,0
5351,28,12,16,0,0,2,26,15,0,0,0,11,11,0,0,0,0,0,0,0,0,0,0,1.0,1.0,1.0,0.0,0.0,0.0,3,0,0
5352,28,12,16,0,0,2,26,15,0,0,0,11,11,0,0,0,0,0,0,0,0,0,0,1.0,1.0,1.0,0.0,0.0,0.0,3,0,0
5353,28,12,16,0,0,2,26,15,0,0,0,11,11,0,0,0,0,0,0,0,0,0,0,1.0,1.0,1.0,0.0,0.0,0.0,3,0,0
5354,28,12,16,0,0,2,26,15,0,0,0,11,11,0,0,0,0,0,0,0,0,0,0,1.0,1.0,1.0,0.0,0.0,0.0,3,0,0
5355,28,12,16,0,0,2,26,15,0,0,0,11,11,0,0,0,0,0,0,0,0,0,0,1.0,1.0,1.0,0.0,0.0,0.0,3,0,0
5356,28,12,16,0,0,2,26,15,0,0,0,11,11,0,0,0,0,0,0,0,0,0,0,1.0,1.0,1.0,0.0,0.0,0.0,3,0,0
5357,28,12,16,0,0,2,26,15,0,0,0,11,11,0,0,0,0,0,0,0,0,0,0,1.0,1.0,1.0,0.0,0.0,0.0,3,0,0
5358,27,12,15,0,0,2,25,14,0,0,0,11,11,0,0,0,0,0,0,0,0,0,0,1.0,1.0,0.9333333333333333,0.0,0.0,0.0,3,0,1
5359,26,11,15,0,0,2,24,14,0,0,0,10,11,0,0,0,0,0,0,0,0,0,0,1.0,0.9090909090909091,1.0,0.0,0.0,0.0,3,0,1
5360,26,11,15,0,0,2,24,14,0,0,0,10,11,0,0,0,0,0,0,0,0,0,0,1.0,1.0,1.0,0.0,0.0,0.0,3,0,0
5361,26,11,15,0,0,2,24,14,0,0,0,10,11,0,0,0,0,0,0,0,0,0,0,1.0,1.0,1.0,0.0,0.0,0.0,3,0,0
5362,26,11,15,0,0,2,24,14,0,0,0,10,11,0,0,0,0,0,0,0,0,0,0,1.0,1.0,1.0,0.0,0.0,0.0,3,0,0
5363,26,11,15,0,0,2,24,14,0,0,0,10,11,0,0,0,0,0,0,0,0,0,0,1.0,1.0,1.0,0.0,0.0,0.0,3,0,0
5364,25,10,15,0,0,2,23,14,0,0,0,9,11,0,0,0,0,0,0,0,0,0,0,1.0,0.9,1.0,0.0,0.0,0.0,3,0,1
5365,25,10,15,0,0,2,23,14,0,0,0,9,11,0,0,0,0,0,0,0,0,0,0,1.0,1.0,1.0,0.0,0.0,0.0,3,0,0
5366,25,10,15,0,0,2,23,14,0,0,0,9,11,0,0,0,0,0,0,0,0,0,0,1.0,1.0,1.0,0.0,0.0,0.0,3,0,0
5367,25,10,15,0,0,2,23,14,0,0,0,9,11,0,0,0,0,0,0,0,0,0,0,1.0,1.0,1.0,0.0,0.0,0.0,3,0,0
5368,25,10,15,0,0,2,23,14,0,0,0,9,11,0,0,0,0,0,0,0,0,0,0,1.0,1.0,1.0,0.0,0.0,0.0,3,0,0
5369,25,10,15,0,0,2,23,14,0,0,0,9,11,0,0,0,0,0,0,0,0,0,0,1.0,1.0,1.0,0.0,0.0,0.0,3,0,0
5370,25,10,15,0,0,2,23,14,0,0,0,9,11,0,0,0,0,0,0,0,0,0,0,1.0,1.0,1.0,0.0,0.0,0.0,3,0,0
5371,25,10,15,0,0,2,23,14,0,0,0,9,11,0,0,0,0,0,0,0,0,0,0,1.0,1.0,1.0,0.0,0.0,0.0,3,0,0
5372,25,10,15,0,0,2,23,14,0,0,0,9,11,0,0,0,0,0,0,0,0,0,0,1.0,1.0,1.0,0.0,0.0,0.0,3,0,0
5373,25,10,15,0,0,2,23,14,0,0,0,9,11,0,0,0,0,0,0,0,0,0,0,1.0,1.0,1.0,0.0,0.0,0.0,3,0,0
5374,25,10,15,0,0,1,24,14,0,0,0,9,11,0,0,0,2,0,0,0,0,0,0,1.0,1.0,1.0,0.0,0.0,0.0,3,0,0
5375,25,10,15,0,0,1,24,14,1,0,0,9,11,0,0,0,6,1,0,0,0,0,0,1.0,1.0,1.0,0.0,0.0,0.16666666666666666,3,0,0
5376,25,10,15,0,0,1,24,14,2,0,0,9,11,0,0,0,2,1,0,0,0,0,0,1.0,1.0,1.0,0.0,0.0,0.5,3,0,0
5377,25,10,15,0,0,1,24,14,3,0,0,9,11,0,0,0,6,1,0,0,0,0,0,1.0,1.0,1.0,0.0,0.0,0.16666666666666666,3,0,0
5378,25,10,15,0,0,1,24,14,3,0,0,9,11,0,0,0,0,0,0,0,0,0,0,1.0,1.0,1.0,0.0,0.0,0.0,3,0,0
5379,25,10,15,0,0,1,24,14,3,0,0,9,11,0,0,0,0,0,0,0,0,0,0,1.0,1.0,1.0,0.0,0.0,0.0,3,0,0
5380,25,10,15,0,0,1,24,14,3,0,0,9,11,0,0,0,0,0,0,0,0,0,0,1.0,1.0,1.0,0.0,0.0,0.0,3,0,0
5381,25,10,15,0,0,1,24,14,3,0,0,9,11,0,0,0,0,0,0,0,0,0,0,1.0,1.0,1.0,0.0,0.0,0.0,3,0,0
5382,25,10,15,0,0,1,24,14,3,0,0,9,11,0,0,0,0,0,0,0,0,0,0,1.0,1.0,1.0,0.0,0.0,0.0,3,0,0
5383,25,10,15,0,0,1,24,14,3,0,0,9,11,0,0,0,0,0,0,0,0,0,0,1.0,1.0,1.0,0.0,0.0,0.0,3,0,0
5384,25,10,15,0,0,1,24,14,3,0,0,9,12,0,1,0,0,0,0,0,0,0,0,1.0,1.0,1.0,0.0,0.0,0.0,3,0,0
5385,25,10,15,0,0,1,24,14,3,0,0,9,12,0,0,0,0,0,0,0,0,0,0,1.0,1.0,1.0,0.0,0.0,0.0,3,0,0
5386,25,10,15,0,0,1,24,14,3,0,0,9,12,0,0,0,0,0,0,0,0,0,0,1.0,1.0,1.0,0.0,0.0,0.0,3,0,0
5387,25,10,15,0,0,1,24,14,3,0,0,9,12,0,0,0,0,0,0,0,0,0,0,1.0,1.0,1.0,0.0,0.0,0.0,3,0,0
5388,25,10,15,0,0,1,24,14,3,0,0,9,12,0,0,0,0,0,0,0,0,0,0,1.0,1.0,1.0,0.0,0.0,0.0,3,0,0
5389,25,10,15,0,0,1,24,14,3,0,0,9,12,0,0,0,0,0,0,0,0,0,0,1.0,1.0,1.0,0.0,0.0,0.0,3,0,0
5390,25,10,15,0,0,1,24,14,3,0,0,9,12,0,0,0,0,0,0,0,0,0,0,1.0,1.0,1.0,0.0,0.0,0.0,3,0,0
5391,25,10,15,0,0,1,24,14,3,0,0,9,12,0,0,0,0,0,0,0,0,0,0,1.0,1.0,1.0,0.0,0.0,0.0,3,0,0
5392,25,10,15,0,0,1,24,14,3,0,0,9,12,0,0,0,0,0,0,0,0,0,0,1.0,1.0,1.0,0.0,0.0,0.0,3,0,0
5393,25,10,15,0,0,1,24,14,3,0,0,9,12,0,0,0,0,0,0,0,0,0,0,1.0,1.0,1.0,0.0,0.0,0.0,3,0,0
5394,25,10,15,0,0,1,24,14,3,0,0,9,12,0,0,0,0,0,0,0,0,0,0,1.0,1.0,1.0,0.0,0.0,0.0,3,0,0
5395,25,10,15,0,0,1,24,14,3,0,0,9,12,0,0,0,0,0,0,0,0,0,0,1.0,1.0,1.0,0.0,0.0,0.0,3,0,0
5396,25,10,15,0,0,1,24,14,3,0,0,9,12,0,0,0,0,0,0,0,0,0,0,1.0,1.0,1.0,0.0,0.0,0.0,3,0,0
5397,25,10,15,0,0,1,24,14,3,0,0,9,12,0,0,0,0,0,0,0,0,0,0,1.0,1.0,1.0,0.0,0.0,0.0,3,0,0
5398,25,10,15,0,0,1,24,14,3,0,0,9,12,0,0,0,0,0,0,0,0,0,0,1.0,1.0,1.0,0.0,0.0,0.0,3,0,0
5399,25,10,15,0,0,1,24,14,3,0,0,9,12,0,0,0,0,0,0,0,0,0,0,1.0,1.0,1.0,0.0,0.0,0.0,3,0,0
5400,25,10,15,0,0,1,24,14,3,0,0,9,12,0,0,0,0,0,0,0,0,0,0,1.0,1.0,1.0,0.0,0.0,0.0,3,0,0
5401,25,10,15,0,0,1,24,14,3,0,0,9,12,0,0,0,0,0,0,0,0,0,0,1.0,1.0,1.0,0.0,0.0,0.0,3,0,0
5402,25,10,15,0,0,1,24,14,3,0,0,9,12,0,0,0,0,0,0,0,0,0,0,1.0,1.0,1.0,0.0,0.0,0.0,3,0,0
5403,25,10,15,0,0,1,24,14,3,0,0,9,12,0,0,0,0,0,0,0,0,0,0,1.0,1.0,1.0,0.0,0.0,0.0,3,0,0
5404,25,10,15,0,0,1,24,14,3,0,0,9,12,0,0,0,0,0,0,0,0,0,0,1.0,1.0,1.0,0.0,0.0,0.0,3,0,0
5405,25,10,15,0,0,1,24,14,3,0,0,9,12,0,0,0,0,0,0,0,0,0,0,1.0,1.0,1.0,0.0,0.0,0.0,3,0,0
5406,25,10,15,0,0,1,24,14,3,0,0,9,12,0,0,0,0,0,0,0,0,0,0,1.0,1.0,1.0,0.0,0.0,0.0,3,0,0
5407,25,10,15,0,0,1,24,14,3,0,0,9,12,0,0,0,0,0,0,0,0,0,0,1.0,1.0,1.0,0.0,0.0,0.0,3,0,0
5408,25,10,15,0,0,1,24,14,3,0,0,9,12,0,0,0,0,0,0,0,0,0,0,1.0,1.0,1.0,0.0,0.0,0.0,3,0,0
5409,25,10,15,0,0,1,24,14,3,0,0,9,12,0,0,0,0,0,0,0,0,0,0,1.0,1.0,1.0,0.0,0.0,0.0,3,0,0
5410,25,10,15,0,0,1,24,14,3,0,0,9,12,0,0,0,0,0,0,0,0,0,0,1.0,1.0,1.0,0.0,0.0,0.0,3,0,0
5411,25,10,15,0,0,1,24,14,3,0,0,9,12,0,0,0,0,0,0,0,0,0,0,1.0,1.0,1.0,0.0,0.0,0.0,3,0,0
5412,25,10,15,0,0,1,24,14,3,0,0,9,12,0,0,0,0,0,0,0,0,0,0,1.0,1.0,1.0,0.0,0.0,0.0,3,0,0
5413,25,10,15,0,0,1,24,14,3,0,0,9,12,0,0,0,0,0,0,0,0,0,0,1.0,1.0,1.0,0.0,0.0,0.0,3,0,0
5414,25,10,15,0,0,1,24,14,3,0,0,9,12,0,0,0,0,0,0,0,0,0,0,1.0,1.0,1.0,0.0,0.0,0.0,3,0,0
5415,25,10,15,0,0,1,24,14,3,0,0,9,12,0,0,0,0,0,0,0,0,0,0,1.0,1.0,1.0,0.0,0.0,0.0,3,0,0
5416,25,10,15,0,0,1,24,14,3,0,0,9,12,0,0,0,0,0,0,0,0,0,0,1.0,1.0,1.0,0.0,0.0,0.0,3,0,0
5417,25,10,15,0,0,1,24,14,3,0,0,9,12,0,0,0,0,0,0,0,0,0,0,1.0,1.0,1.0,0.0,0.0,0.0,3,0,0
5418,25,10,15,0,0,1,24,14,3,0,0,9,12,0,0,0,0,0,0,0,0,0,0,1.0,1.0,1.0,0.0,0.0,0.0,3,0,0
5419,25,10,15,0,0,1,24,14,3,0,0,9,12,0,0,0,0,0,0,0,0,0,0,1.0,1.0,1.0,0.0,0.0,0.0,3,0,0
5420,25,10,15,0,0,1,24,14,3,0,0,9,12,0,0,0,0,0,0,0,0,0,0,1.0,1.0,1.0,0.0,0.0,0.0,3,0,0
5421,25,10,15,0,0,1,24,14,3,0,0,9,12,0,0,0,0,0,0,0,0,0,0,1.0,1.0,1.0,0.0,0.0,0.0,3,0,0
5422,25,10,15,0,0,1,24,14,3,0,0,9,12,0,0,0,0,0,0,0,0,0,0,1.0,1.0,1.0,0.0,0.0,0.0,3,0,0
5423,25,10,15,0,0,1,24,14,3,0,0,9,12,0,0,0,0,0,0,0,0,0,0,1.0,1.0,1.0,0.0,0.0,0.0,3,0,0
5424,25,10,15,0,0,0,25,15,3,0,0,9,12,0,0,0,0,0,0,0,0,0,0,1.0,1.0,1.0,0.0,0.0,0.0,3,0,0
5425,25,10,15,0,0,0,25,15,3,0,0,9,12,0,0,0,0,0,0,0,0,0,0,1.0,1.0,1.0,0.0,0.0,0.0,3,0,0
5426,25,10,15,0,0,0,25,15,3,0,0,9,12,0,0,0,0,0,0,0,0,0,0,1.0,1.0,1.0,0.0,0.0,0.0,3,0,0
5427,25,10,15,0,0,0,25,15,3,0,0,9,12,0,0,0,0,0,0,0,0,0,0,1.0,1.0,1.0,0.0,0.0,0.0,3,0,0
5428,25,10,15,0,0,0,25,15,3,0,0,9,12,0,0,0,0,0,0,0,0,0,0,1.0,1.0,1.0,0.0,0.0,0.0,3,0,0
5429,25,10,15,0,0,0,25,15,3,0,0,9,12,0,0,0,0,0,0,0,0,0,0,1.0,1.0,1.0,0.0,0.0,0.0,3,0,0
5430,25,10,15,0,0,0,25,15,3,0,0,9,12,0,0,0,0,0,0,0,0,0,0,1.0,1.0,1.0,0.0,0.0,0.0,3,0,0
5431,25,10,15,0,0,0,25,15,3,0,0,9,12,0,0,0,0,0,0,0,0,0,0,1.0,1.0,1.0,0.0,0.0,0.0,3,0,0
5432,25,10,15,0,0,0,25,15,3,0,0,9,12,0,0,0,0,0,0,0,0,0,0,1.0,1.0,1.0,0.0,0.0,0.0,3,0,0
5433,25,10,15,0,0,0,25,15,3,0,0,9,12,0,0,0,0,0,0,0,0,0,0,1.0,1.0,1.0,0.0,0.0,0.0,3,0,0
5434,24,9,15,0,0,0,24,15,3,0,0,8,12,0,0,0,0,0,0,0,0,0,0,1.0,0.9,1.0,0.0,0.0,0.0,3,0,1
5435,24,9,15,0,0,0,24,15,3,0,0,8,12,0,0,0,0,0,0,0,0,0,0,1.0,1.0,1.0,0.0,0.0,0.0,3,0,0
5436,24,9,15,0,0,0,24,15,3,0,0,8,12,0,0,0,0,0,0,0,0,0,0,1.0,1.0,1.0,0.0,0.0,0.0,3,0,0
5437,24,9,15,0,0,0,24,15,3,0,0,8,12,0,0,0,0,0,0,0,0,0,0,1.0,1.0,1.0,0.0,0.0,0.0,3,0,0
5438,24,9,15,0,0,0,24,15,3,0,0,8,12,0,0,0,0,0,0,0,0,0,0,1.0,1.0,1.0,0.0,0.0,0.0,3,0,0
5439,24,9,15,0,0,0,24,15,3,0,0,8,12,0,0,0,0,0,0,0,0,0,0,1.0,1.0,1.0,0.0,0.0,0.0,3,0,0
5440,28,9,19,4,0,0,24,15,2,0,1,8,12,0,0,0,0,0,0,1,0,0,0,1.0,1.0,1.0,0.16666666666666666,0.16666666666666666,0.0,3,4,0
5441,31,10,21,7,0,0,24,15,1,0,2,8,12,0,0,0,0,0,0,1,0,0,0,1.0,1.0,1.0,0.10714285714285714,0.10714285714285714,0.0,3,3,0
5442,35,12,23,11,0,0,24,15,0,0,3,8,12,0,0,0,0,0,0,1,0,0,0,1.0,1.0,1.0,0.12903225806451613,0.12903225806451613,0.0,3,4,0
5443,35,12,23,11,0,0,24,15,0,0,3,8,12,0,0,0,0,0,0,0,0,0,0,1.0,1.0,1.0,0.0,0.0,0.0,3,0,0
5444,35,12,23,11,0,0,24,15,0,0,3,8,12,0,0,0,0,0,0,0,0,0,0,1.0,1.0,1.0,0.0,0.0,0.0,3,0,0
5445,35,12,23,11,0,0,24,15,0,0,3,8,12,0,0,0,0,0,0,0,0,0,0,1.0,1.0,1.0,0.0,0.0,0.0,3,0,0
5446,35,12,23,11,0,0,24,15,0,0,3,8,12,0,0,0,0,0,0,0,0,0,0,1.0,1.0,1.0,0.0,0.0,0.0,3,0,0
5447,35,12,23,11,0,0,24,15,0,0,3,8,12,0,0,0,0,0,0,0,0,0,0,1.0,1.0,1.0,0.0,0.0,0.0,3,0,0
5448,35,12,23,11,0,0,24,15,0,0,3,8,12,0,0,0,0,0,0,0,0,0,0,1.0,1.0,1.0,0.0,0.0,0.0,3,0,0
5449,35,12,23,11,0,0,24,15,0,0,3,8,12,0,0,0,0,0,0,0,0,0,0,1.0,1.0,1.0,0.0,0.0,0.0,3,0,0
5450,35,12,23,11,0,0,24,15,0,0,3,8,12,0,0,0,0,0,0,0,0,0,0,1.0,1.0,1.0,0.0,0.0,0.0,3,0,0
5451,35,12,23,11,0,0,24,15,0,0,3,8,12,0,0,0,0,0,0,0,0,0,0,1.0,1.0,1.0,0.0,0.0,0.0,3,0,0
5452,35,12,23,11,0,0,24,15,0,0,3,8,12,0,0,0,0,0,0,0,0,0,0,1.0,1.0,1.0,0.0,0.0,0.0,3,0,0
5453,35,12,23,11,0,0,24,15,0,0,3,8,12,0,0,0,0,0,0,0,0,0,0,1.0,1.0,1.0,0.0,0.0,0.0,3,0,0
5454,35,12,23,11,0,0,24,15,0,0,3,8,12,0,0,0,0,0,0,0,0,0,0,1.0,1.0,1.0,0.0,0.0,0.0,3,0,0
5455,35,12,23,11,0,0,24,15,0,0,3,8,12,0,0,0,0,0,0,0,0,0,0,1.0,1.0,1.0,0.0,0.0,0.0,3,0,0
5456,35,12,23,11,0,0,24,15,0,0,3,8,12,0,0,0,0,0,0,0,0,0,0,1.0,1.0,1.0,0.0,0.0,0.0,3,0,0
5457,35,12,23,11,0,0,24,15,0,0,3,8,12,0,0,0,0,0,0,0,0,0,0,1.0,1.0,1.0,0.0,0.0,0.0,3,0,0
5458,35,12,23,11,0,0,24,15,0,0,3,8,12,0,0,0,0,0,0,0,0,0,0,1.0,1.0,1.0,0.0,0.0,0.0,3,0,0
5459,35,12,23,11,0,0,24,15,0,0,3,8,12,0,0,0,0,0,0,0,0,0,0,1.0,1.0,1.0,0.0,0.0,0.0,3,0,0
5460,35,12,23,11,0,0,24,15,0,0,3,8,12,0,0,0,0,0,0,0,0,0,0,1.0,1.0,1.0,0.0,0.0,0.0,3,0,0
5461,35,12,23,11,0,0,24,15,0,0,3,8,12,0,0,0,0,0,0,0,0,0,0,1.0,1.0,1.0,0.0,0.0,0.0,3,0,0
5462,35,12,23,11,0,0,24,15,0,0,3,8,12,0,0,0,0,0,0,0,0,0,0,1.0,1.0,1.0,0.0,0.0,0.0,3,0,0
5463,35,12,23,11,0,0,24,15,0,0,3,8,12,0,0,0,0,0,0,0,0,0,0,1.0,1.0,1.0,0.0,0.0,0.0,3,0,0
5464,35,12,23,11,0,0,24,15,0,0,3,8,12,0,0,0,0,0,0,0,0,0,0,1.0,1.0,1.0,0.0,0.0,0.0,3,0,0
5465,35,12,23,11,0,0,24,15,0,0,3,8,12,0,0,0,0,0,0,0,0,0,0,1.0,1.0,1.0,0.0,0.0,0.0,3,0,0
5466,35,12,23,11,0,0,24,15,0,0,3,8,12,0,0,0,0,0,0,0,0,0,0,1.0,1.0,1.0,0.0,0.0,0.0,3,0,0
5467,35,12,23,11,0,0,24,15,0,0,3,8,12,0,0,0,0,0,0,0,0,0,0,1.0,1.0,1.0,0.0,0.0,0.0,3,0,0
5468,35,12,23,11,0,0,24,15,0,0,3,8,12,0,0,0,0,0,0,0,0,0,0,1.0,1.0,1.0,0.0,0.0,0.0,3,0,0
5469,35,12,23,11,0,0,24,15,0,0,3,8,12,0,0,0,0,0,0,0,0,0,0,1.0,1.0,1.0,0.0,0.0,0.0,3,0,0
5470,34,12,22,11,0,0,23,14,0,0,3,8,11,0,0,0,0,0,0,0,0,0,0,1.0,1.0,0.9333333333333333,0.0,0.0,0.0,3,0,1
5471,34,12,22,11,0,0,23,14,0,0,3,8,11,0,0,0,0,0,0,0,0,0,0,1.0,1.0,1.0,0.0,0.0,0.0,3,0,0
5472,34,12,22,11,0,0,23,14,0,0,3,8,11,0,0,0,0,0,0,0,0,0,0,1.0,1.0,1.0,0.0,0.0,0.0,3,0,0
5473,34,12,22,11,0,0,23,14,0,0,3,8,11,0,0,0,0,0,0,0,0,0,0,1.0,1.0,1.0,0.0,0.0,0.0,3,0,0
5474,34,12,22,11,0,0,23,14,0,0,3,8,11,0,0,0,0,0,0,0,0,0,0,1.0,1.0,1.0,0.0,0.0,0.0,3,0,0
5475,34,12,22,11,0,0,23,14,0,0,3,8,11,0,0,0,0,0,0,0,0,0,0,1.0,1.0,1.0,0.0,0.0,0.0,3,0,0
5476,34,12,22,11,0,0,23,14,0,0,3,8,11,0,0,0,0,0,0,0,0,0,0,1.0,1.0,1.0,0.0,0.0,0.0,3,0,0
5477,34,12,22,11,0,0,23,14,0,0,3,8,11,0,0,0,0,0,0,0,0,0,0,1.0,1.0,1.0,0.0,0.0,0.0,3,0,0
5478,34,12,22,11,0,0,23,14,0,0,3,8,11,0,0,0,0,0,0,0,0,0,0,1.0,1.0,1.0,0.0,0.0,0.0,3,0,0
5479,33,12,21,10,0,0,23,14,0,0,3,8,11,0,0,0,0,0,0,0,1,0,1,0.9090909090909091,1.0,1.0,0.0,0.0,0.0,3,0,1
5480,33,12,21,10,0,0,23,14,0,0,3,9,11,1,0,0,0,0,0,0,0,0,0,1.0,1.0,1.0,0.0,0.0,0.0,3,0,0
5481,33,12,21,10,0,0,23,14,0,0,3,9,11,0,0,0,0,0,0,0,0,0,0,1.0,1.0,1.0,0.0,0.0,0.0,3,0,0
5482,33,12,21,10,0,0,23,14,0,0,3,9,11,0,0,0,0,0,0,0,0,0,0,1.0,1.0,1.0,0.0,0.0,0.0,3,0,0
5483,33,12,21,6,4,0,23,14,0,0,3,9,11,0,0,0,0,0,0,0,0,0,0,1.0,1.0,1.0,0.0,0.0,0.0,3,0,0
5484,33,12,21,3,7,0,23,14,0,0,3,9,11,0,0,0,0,0,0,0,0,0,0,1.0,1.0,1.0,0.0,0.0,0.0,3,0,0
5485,33,12,21,0,10,0,23,14,0,0,2,9,11,0,0,0,0,0,0,0,0,0,0,1.0,1.0,1.0,0.0,0.0,0.0,3,0,0
5486,33,12,21,0,10,0,23,14,0,0,1,9,11,0,0,0,0,0,0,0,0,0,0,1.0,1.0,1.0,0.0,0.0,0.0,3,0,0
5487,33,12,21,0,10,0,23,14,0,0,0,9,11,0,0,0,0,0,0,0,0,0,0,1.0,1.0,1.0,0.0,0.0,0.0,3,0,0
5488,33,12,21,0,10,0,23,14,0,0,0,9,11,0,0,0,0,0,0,0,0,0,0,1.0,1.0,1.0,0.0,0.0,0.0,3,0,0
5489,33,12,21,0,10,0,23,14,0,0,0,9,11,0,0,0,0,0,0,0,0,0,0,1.0,1.0,1.0,0.0,0.0,0.0,3,0,0
5490,33,12,21,0,10,0,23,14,0,0,0,9,11,0,0,0,0,0,0,0,0,0,0,1.0,1.0,1.0,0.0,0.0,0.0,3,0,0
5491,33,12,21,0,10,0,23,14,0,0,0,9,11,0,0,0,0,0,0,0,0,0,0,1.0,1.0,1.0,0.0,0.0,0.0,3,0,0
5492,33,12,21,0,10,0,23,14,0,0,0,9,11,0,0,0,0,0,0,0,0,0,0,1.0,1.0,1.0,0.0,0.0,0.0,3,0,0
5493,33,12,21,0,10,0,23,14,0,0,0,9,11,0,0,0,0,0,0,0,0,0,0,1.0,1.0,1.0,0.0,0.0,0.0,3,0,0
5494,33,12,21,0,10,0,23,14,0,0,0,9,11,0,0,0,0,0,0,0,0,0,0,1.0,1.0,1.0,0.0,0.0,0.0,3,0,0
5495,33,12,21,0,10,0,23,14,0,0,0,9,11,0,0,0,0,0,0,0,0,0,0,1.0,1.0,1.0,0.0,0.0,0.0,3,0,0
5496,33,12,21,0,10,0,23,14,0,0,0,9,11,0,0,0,0,0,0,0,0,0,0,1.0,1.0,1.0,0.0,0.0,0.0,3,0,0
5497,33,12,21,0,10,0,23,14,0,0,0,9,11,0,0,0,0,0,0,0,0,0,0,1.0,1.0,1.0,0.0,0.0,0.0,3,0,0
5498,33,12,21,0,10,0,23,14,0,0,0,9,11,0,0,0,0,0,0,0,0,0,0,1.0,1.0,1.0,0.0,0.0,0.0,3,0,0
5499,33,12,21,0,10,0,23,14,0,0,0,9,11,0,0,0,0,0,0,0,0,0,0,1.0,1.0,1.0,0.0,0.0,0.0,3,0,0
5500,32,12,20,0,10,0,22,13,0,0,0,9,10,0,0,0,0,0,0,0,0,0,0,1.0,1.0,0.9285714285714286,0.0,0.0,0.0,3,0,1
5501,32,12,20,0,10,0,22,13,0,0,0,9,10,0,0,0,0,0,0,0,0,0,0,1.0,1.0,1.0,0.0,0.0,0.0,3,0,0
5502,32,12,20,0,10,0,22,13,0,0,0,9,10,0,0,0,0,0,0,0,0,0,0,1.0,1.0,1.0,0.0,0.0,0.0,3,0,0
5503,32,12,20,0,10,0,22,13,0,0,0,9,10,0,0,0,0,0,0,0,0,0,0,1.0,1.0,1.0,0.0,0.0,0.0,3,0,0
5504,32,12,20,0,10,0,22,13,0,0,0,9,10,0,0,0,0,0,0,0,0,0,0,1.0,1.0,1.0,0.0,0.0,0.0,3,0,0
5505,32,12,20,0,10,0,22,13,0,0,0,9,10,0,0,0,0,0,0,0,0,0,0,1.0,1.0,1.0,0.0,0.0,0.0,3,0,0
5506,32,12,20,0,10,0,22,13,0,0,0,9,10,0,0,0,0,0,0,0,0,0,0,1.0,1.0,1.0,0.0,0.0,0.0,3,0,0
5507,32,12,20,0,10,0,22,13,0,0,0,9,10,0,0,0,0,0,0,0,0,0,0,1.0,1.0,1.0,0.0,0.0,0.0,3,0,0
5508,32,12,20,0,10,0,22,13,0,0,0,9,10,0,0,0,0,0,0,0,0,0,0,1.0,1.0,1.0,0.0,0.0,0.0,3,0,0
5509,32,12,20,0,10,0,22,13,0,0,0,9,10,0,0,0,0,0,0,0,0,0,0,1.0,1.0,1.0,0.0,0.0,0.0,3,0,0
5510,32,12,20,0,10,0,22,13,0,0,0,9,10,0,0,0,0,0,0,0,0,0,0,1.0,1.0,1.0,0.0,0.0,0.0,3,0,0
5511,32,12,20,0,10,0,22,13,0,0,0,9,10,0,0,0,0,0,0,0,0,0,0,1.0,1.0,1.0,0.0,0.0,0.0,3,0,0
5512,32,12,20,0,10,0,22,13,0,0,0,9,10,0,0,0,0,0,0,0,0,0,0,1.0,1.0,1.0,0.0,0.0,0.0,3,0,0
5513,32,12,20,0,10,0,22,13,0,0,0,9,10,0,0,0,0,0,0,0,0,0,0,1.0,1.0,1.0,0.0,0.0,0.0,3,0,0
5514,32,12,20,0,10,0,22,13,0,0,0,9,10,0,0,0,0,0,0,0,0,0,0,1.0,1.0,1.0,0.0,0.0,0.0,3,0,0
5515,32,12,20,0,10,0,22,13,0,0,0,9,10,0,0,0,0,0,0,0,0,0,0,1.0,1.0,1.0,0.0,0.0,0.0,3,0,0
5516,32,12,20,0,10,0,22,13,0,0,0,9,10,0,0,0,0,0,0,0,0,0,0,1.0,1.0,1.0,0.0,0.0,0.0,3,0,0
5517,32,12,20,0,10,0,22,13,0,0,0,9,10,0,0,0,0,0,0,0,0,0,0,1.0,1.0,1.0,0.0,0.0,0.0,3,0,0
5518,32,12,20,0,10,0,22,13,0,0,0,9,10,0,0,0,0,0,0,0,0,0,0,1.0,1.0,1.0,0.0,0.0,0.0,3,0,0
5519,32,12,20,0,10,0,22,13,0,0,0,9,10,0,0,0,0,0,0,0,0,0,0,1.0,1.0,1.0,0.0,0.0,0.0,3,0,0
5520,32,12,20,0,10,0,22,13,0,0,0,9,10,0,0,0,0,0,0,0,0,0,0,1.0,1.0,1.0,0.0,0.0,0.0,3,0,0
5521,32,12,20,0,10,0,22,13,0,0,0,9,10,0,0,0,0,0,0,0,0,0,0,1.0,1.0,1.0,0.0,0.0,0.0,3,0,0
5522,32,12,20,0,10,0,22,13,0,0,0,9,10,0,0,0,0,0,0,0,0,0,0,1.0,1.0,1.0,0.0,0.0,0.0,3,0,0
5523,32,12,20,0,10,0,22,13,0,0,0,9,10,0,0,0,0,0,0,0,0,0,0,1.0,1.0,1.0,0.0,0.0,0.0,3,0,0
5524,32,12,20,0,10,0,22,13,0,0,0,9,10,0,0,0,0,0,0,0,0,0,0,1.0,1.0,1.0,0.0,0.0,0.0,3,0,0
5525,32,12,20,0,10,0,22,13,0,0,0,9,10,0,0,0,0,0,0,0,0,0,0,1.0,1.0,1.0,0.0,0.0,0.0,3,0,0
5526,32,12,20,0,10,0,22,13,0,0,0,9,10,0,0,0,0,0,0,0,0,0,0,1.0,1.0,1.0,0.0,0.0,0.0,3,0,0
5527,32,12,20,0,10,0,22,13,0,0,0,9,10,0,0,0,0,0,0,0,0,0,0,1.0,1.0,1.0,0.0,0.0,0.0,3,0,0
5528,32,12,20,0,10,0,22,13,0,0,0,9,10,0,0,0,0,0,0,0,0,0,0,1.0,1.0,1.0,0.0,0.0,0.0,3,0,0
5529,32,12,20,0,10,0,22,13,0,0,0,9,10,0,0,0,0,0,0,0,0,0,0,1.0,1.0,1.0,0.0,0.0,0.0,3,0,0
5530,32,12,20,0,10,0,22,13,0,0,0,9,10,0,0,0,0,0,0,0,0,0,0,1.0,1.0,1.0,0.0,0.0,0.0,3,0,0
5531,32,12,20,0,10,0,22,13,0,0,0,9,10,0,0,0,0,0,0,0,0,0,0,1.0,1.0,1.0,0.0,0.0,0.0,3,0,0
5532,32,12,20,0,10,0,22,13,0,0,0,9,10,0,0,0,0,0,0,0,0,0,0,1.0,1.0,1.0,0.0,0.0,0.0,3,0,0
5533,32,12,20,0,10,0,22,13,0,0,0,9,10,0,0,0,0,0,0,0,0,0,0,1.0,1.0,1.0,0.0,0.0,0.0,3,0,0
5534,32,12,20,0,10,0,22,13,0,0,0,9,10,0,0,0,0,0,0,0,0,0,0,1.0,1.0,1.0,0.0,0.0,0.0,3,0,0
5535,32,12,20,0,10,0,22,13,0,0,0,9,10,0,0,0,0,0,0,0,0,0,0,1.0,1.0,1.0,0.0,0.0,0.0,3,0,0
5536,32,12,20,0,10,0,22,13,0,0,0,9,10,0,0,0,0,0,0,0,0,0,0,1.0,1.0,1.0,0.0,0.0,0.0,3,0,0
5537,32,12,20,0,10,0,22,13,0,0,0,9,10,0,0,0,0,0,0,0,0,0,0,1.0,1.0,1.0,0.0,0.0,0.0,3,0,0
5538,32,12,20,0,10,0,22,13,0,0,0,9,10,0,0,0,0,0,0,0,0,0,0,1.0,1.0,1.0,0.0,0.0,0.0,3,0,0
5539,32,12,20,0,10,0,22,13,0,0,0,9,10,0,0,0,0,0,0,0,0,0,0,1.0,1.0,1.0,0.0,0.0,0.0,3,0,0
5540,32,12,20,0,10,0,22,13,0,0,0,9,10,0,0,0,0,0,0,0,0,0,0,1.0,1.0,1.0,0.0,0.0,0.0,3,0,0
5541,32,12,20,0,10,0,22,13,0,0,0,9,10,0,0,0,0,0,0,0,0,0,0,1.0,1.0,1.0,0.0,0.0,0.0,3,0,0
5542,32,12,20,0,10,0,22,13,0,0,0,9,10,0,0,0,0,0,0,0,0,0,0,1.0,1.0,1.0,0.0,0.0,0.0,3,0,0
5543,32,12,20,0,10,0,22,13,0,0,0,9,10,0,0,0,0,0,0,0,0,0,0,1.0,1.0,1.0,0.0,0.0,0.0,3,0,0
5544,32,12,20,0,10,0,22,13,0,0,0,9,10,0,0,0,0,0,0,0,0,0,0,1.0,1.0,1.0,0.0,0.0,0.0,3,0,0
5545,32,12,20,0,10,0,22,13,0,0,0,9,10,0,0,0,0,0,0,0,0,0,0,1.0,1.0,1.0,0.0,0.0,0.0,3,0,0
5546,32,12,20,0,10,0,22,13,0,0,0,9,10,0,0,0,0,0,0,0,0,0,0,1.0,1.0,1.0,0.0,0.0,0.0,3,0,0
5547,32,12,20,0,10,0,22,13,0,0,0,9,10,0,0,0,0,0,0,0,0,0,0,1.0,1.0,1.0,0.0,0.0,0.0,3,0,0
5548,32,12,20,0,10,0,22,13,0,0,0,9,10,0,0,0,0,0,0,0,0,0,0,1.0,1.0,1.0,0.0,0.0,0.0,3,0,0
5549,32,12,20,0,10,0,22,13,0,0,0,9,10,0,0,0,0,0,0,0,0,0,0,1.0,1.0,1.0,0.0,0.0,0.0,3,0,0
5550,32,12,20,0,10,0,22,13,0,0,0,9,10,0,0,0,0,0,0,0,0,0,0,1.0,1.0,1.0,0.0,0.0,0.0,3,0,0
5551,32,12,20,0,10,0,22,13,0,0,0,9,10,0,0,0,0,0,0,0,0,0,0,1.0,1.0,1.0,0.0,0.0,0.0,3,0,0
5552,32,12,20,0,10,0,22,13,0,0,0,9,10,0,0,0,0,0,0,0,0,0,0,1.0,1.0,1.0,0.0,0.0,0.0,3,0,0
5553,32,12,20,0,10,0,22,13,0,0,0,9,10,0,0,0,0,0,0,0,0,0,0,1.0,1.0,1.0,0.0,0.0,0.0,3,0,0
5554,31,11,20,0,10,0,21,13,0,0,0,8,10,0,0,0,0,0,0,0,0,0,0,1.0,0.8888888888888888,1.0,0.0,0.0,0.0,3,0,1
5555,31,11,20,0,10,0,21,13,0,0,0,8,10,0,0,0,0,0,0,0,0,0,0,1.0,1.0,1.0,0.0,0.0,0.0,3,0,0
5556,31,11,20,0,10,0,21,13,0,0,0,8,10,0,0,0,0,0,0,0,0,0,0,1.0,1.0,1.0,0.0,0.0,0.0,3,0,0
5557,31,11,20,0,10,0,21,13,0,0,0,8,10,0,0,0,0,0,0,0,0,0,0,1.0,1.0,1.0,0.0,0.0,0.0,3,0,0
5558,31,11,20,0,10,0,21,13,0,0,0,8,10,0,0,0,0,0,0,0,0,0,0,1.0,1.0,1.0,0.0,0.0,0.0,3,0,0
5559,31,11,20,0,10,0,21,13,0,0,0,8,10,0,0,0,0,0,0,0,0,0,0,1.0,1.0,1.0,0.0,0.0,0.0,3,0,0
5560,31,11,20,0,10,0,21,13,0,0,0,8,10,0,0,0,0,0,0,0,0,0,0,1.0,1.0,1.0,0.0,0.0,0.0,3,0,0
5561,31,11,20,0,10,0,21,13,0,0,0,8,10,0,0,0,0,0,0,0,0,0,0,1.0,1.0,1.0,0.0,0.0,0.0,3,0,0
5562,31,11,20,0,10,0,21,13,0,0,0,8,10,0,0,0,0,0,0,0,0,0,0,1.0,1.0,1.0,0.0,0.0,0.0,3,0,0
5563,31,11,20,0,10,0,21,13,0,0,0,8,10,0,0,0,0,0,0,0,0,0,0,1.0,1.0,1.0,0.0,0.0,0.0,3,0,0
5564,31,11,20,0,10,0,21,13,0,0,0,8,10,0,0,0,0,0,0,0,0,0,0,1.0,1.0,1.0,0.0,0.0,0.0,3,0,0
5565,31,11,20,0,10,0,21,13,0,0,0,8,10,0,0,0,0,0,0,0,0,0,0,1.0,1.0,1.0,0.0,0.0,0.0,3,0,0
5566,31,11,20,0,10,0,21,13,0,0,0,8,10,0,0,0,0,0,0,0,0,0,0,1.0,1.0,1.0,0.0,0.0,0.0,3,0,0
5567,30,11,19,0,10,0,20,12,0,0,0,8,9,0,0,0,0,0,0,0,0,0,0,1.0,1.0,0.9230769230769231,0.0,0.0,0.0,3,0,1
5568,30,11,19,0,10,0,20,12,0,0,0,8,9,0,0,0,0,0,0,0,0,0,0,1.0,1.0,1.0,0.0,0.0,0.0,3,0,0
5569,30,11,19,0,10,0,20,12,0,0,0,8,9,0,0,0,0,0,0,0,0,0,0,1.0,1.0,1.0,0.0,0.0,0.0,3,0,0
5570,30,11,19,0,10,0,20,12,0,0,0,8,9,0,0,0,0,0,0,0,0,0,0,1.0,1.0,1.0,0.0,0.0,0.0,3,0,0
5571,30,11,19,0,10,0,20,12,0,0,0,8,9,0,0,0,0,0,0,0,0,0,0,1.0,1.0,1.0,0.0,0.0,0.0,3,0,0
5572,30,11,19,0,10,0,20,12,0,0,0,8,9,0,0,0,0,0,0,0,0,0,0,1.0,1.0,1.0,0.0,0.0,0.0,3,0,0
5573,30,11,19,0,10,0,20,12,0,0,0,9,9,1,0,0,0,0,0,0,0,0,0,1.0,1.0,1.0,0.0,0.0,0.0,3,0,0
5574,30,11,19,0,10,0,20,12,0,0,0,9,9,0,0,0,0,0,0,0,0,0,0,1.0,1.0,1.0,0.0,0.0,0.0,3,0,0
5575,30,11,19,0,10,0,20,12,0,0,0,9,9,0,0,0,0,0,0,0,0,0,0,1.0,1.0,1.0,0.0,0.0,0.0,3,0,0
5576,30,11,19,0,10,0,20,12,0,0,0,9,9,0,0,0,0,0,0,0,0,0,0,1.0,1.0,1.0,0.0,0.0,0.0,3,0,0
5577,30,11,19,0,10,0,20,12,0,0,0,9,9,0,0,0,0,0,0,0,0,0,0,1.0,1.0,1.0,0.0,0.0,0.0,3,0,0
5578,30,11,19,0,10,0,20,12,0,0,0,9,9,0,0,0,0,0,0,0,0,0,0,1.0,1.0,1.0,0.0,0.0,0.0,3,0,0
5579,30,11,19,0,10,0,20,12,0,0,0,9,9,0,0,0,0,0,0,0,0,0,0,1.0,1.0,1.0,0.0,0.0,0.0,3,0,0
5580,30,11,19,0,10,0,20,12,0,0,0,9,9,0,0,0,0,0,0,0,0,0,0,1.0,1.0,1.0,0.0,0.0,0.0,3,0,0
5581,30,11,19,0,10,0,20,12,0,0,0,9,9,0,0,0,0,0,0,0,0,0,0,1.0,1.0,1.0,0.0,0.0,0.0,3,0,0
5582,30,11,19,0,10,0,20,12,0,0,0,9,9,0,0,0,0,0,0,0,0,0,0,1.0,1.0,1.0,0.0,0.0,0.0,3,0,0
5583,30,11,19,0,10,0,20,12,0,0,0,9,9,0,0,0,0,0,0,0,0,0,0,1.0,1.0,1.0,0.0,0.0,0.0,3,0,0
5584,30,11,19,0,10,0,20,12,0,0,0,9,9,0,0,0,0,0,0,0,0,0,0,1.0,1.0,1.0,0.0,0.0,0.0,3,0,0
5585,30,11,19,0,10,0,20,12,0,0,0,9,9,0,0,0,0,0,0,0,0,0,0,1.0,1.0,1.0,0.0,0.0,0.0,3,0,0
5586,29,11,18,0,10,0,19,11,0,0,0,9,8,0,0,0,0,0,0,0,0,0,0,1.0,1.0,0.9166666666666666,0.0,0.0,0.0,3,0,1
5587,29,11,18,0,10,0,19,11,0,0,0,9,8,0,0,0,0,0,0,0,0,0,0,1.0,1.0,1.0,0.0,0.0,0.0,3,0,0
5588,29,11,18,0,10,0,19,11,0,0,0,9,8,0,0,0,0,0,0,0,0,0,0,1.0,1.0,1.0,0.0,0.0,0.0,3,0,0
5589,29,11,18,0,10,0,19,11,0,0,0,9,8,0,0,0,0,0,0,0,0,0,0,1.0,1.0,1.0,0.0,0.0,0.0,3,0,0
5590,29,11,18,0,10,0,19,11,0,0,0,9,8,0,0,0,0,0,0,0,0,0,0,1.0,1.0,1.0,0.0,0.0,0.0,3,0,0
5591,29,11,18,0,10,0,19,11,0,0,0,9,8,0,0,0,0,0,0,0,0,0,0,1.0,1.0,1.0,0.0,0.0,0.0,3,0,0
5592,29,11,18,0,10,0,19,11,0,0,0,9,8,0,0,0,0,0,0,0,0,0,0,1.0,1.0,1.0,0.0,0.0,0.0,3,0,0
5593,29,11,18,0,10,0,19,11,0,0,0,9,8,0,0,0,0,0,0,0,0,0,0,1.0,1.0,1.0,0.0,0.0,0.0,3,0,0
5594,29,11,18,0,10,0,19,11,0,0,0,9,8,0,0,0,0,0,0,0,0,0,0,1.0,1.0,1.0,0.0,0.0,0.0,3,0,0
5595,29,11,18,0,10,0,19,11,0,0,0,9,8,0,0,0,0,0,0,0,0,0,0,1.0,1.0,1.0,0.0,0.0,0.0,3,0,0
5596,29,11,18,0,10,0,19,11,0,0,0,9,8,0,0,0,0,0,0,0,0,0,0,1.0,1.0,1.0,0.0,0.0,0.0,3,0,0
5597,29,11,18,0,10,0,19,11,0,0,0,9,8,0,0,0,0,0,0,0,0,0,0,1.0,1.0,1.0,0.0,0.0,0.0,3,0,0
5598,29,11,18,0,10,0,19,11,0,0,0,9,8,0,0,0,0,0,0,0,0,0,0,1.0,1.0,1.0,0.0,0.0,0.0,3,0,0
5599,28,11,17,0,10,0,18,10,0,0,0,9,8,0,0,0,0,0,0,0,0,0,0,1.0,1.0,0.9090909090909091,0.0,0.0,0.0,3,0,1
5600,27,11,16,0,9,0,18,10,0,0,0,9,8,0,0,0,0,0,0,0,1,0,1,0.9,1.0,1.0,0.0,0.0,0.0,3,0,1
5601,27,11,16,0,9,0,18,10,0,0,0,9,8,0,0,0,0,0,0,0,0,0,0,1.0,1.0,1.0,0.0,0.0,0.0,3,0,0
5602,27,11,16,0,9,0,18,10,0,0,0,9,8,0,0,0,0,0,0,0,0,0,0,1.0,1.0,1.0,0.0,0.0,0.0,3,0,0
5603,27,11,16,0,9,0,18,10,0,0,0,9,8,0,0,0,0,0,0,0,0,0,0,1.0,1.0,1.0,0.0,0.0,0.0,3,0,0
5604,27,11,16,0,9,0,18,10,0,0,0,9,8,0,0,0,0,0,0,0,0,0,0,1.0,1.0,1.0,0.0,0.0,0.0,3,0,0
5605,27,11,16,0,9,0,18,10,0,0,0,9,8,0,0,0,0,0,0,0,0,0,0,1.0,1.0,1.0,0.0,0.0,0.0,3,0,0
5606,27,11,16,0,9,0,18,10,0,0,0,9,8,0,0,0,0,0,0,0,0,0,0,1.0,1.0,1.0,0.0,0.0,0.0,3,0,0
5607,27,11,16,0,9,0,18,10,0,0,0,9,8,0,0,0,0,0,0,0,0,0,0,1.0,1.0,1.0,0.0,0.0,0.0,3,0,0
5608,27,11,16,0,9,0,18,10,0,0,0,9,8,0,0,0,0,0,0,0,0,0,0,1.0,1.0,1.0,0.0,0.0,0.0,3,0,0
5609,27,11,16,0,9,0,18,10,0,0,0,9,8,0,0,0,0,0,0,0,0,0,0,1.0,1.0,1.0,0.0,0.0,0.0,3,0,0
5610,27,11,16,0,9,0,18,10,0,0,0,9,8,0,0,0,0,0,0,0,0,0,0,1.0,1.0,1.0,0.0,0.0,0.0,3,0,0
5611,27,11,16,0,9,0,18,10,0,0,0,9,8,0,0,0,0,0,0,0,0,0,0,1.0,1.0,1.0,0.0,0.0,0.0,3,0,0
5612,27,11,16,0,9,0,18,10,0,0,0,9,8,0,0,0,0,0,0,0,0,0,0,1.0,1.0,1.0,0.0,0.0,0.0,3,0,0
5613,27,11,16,0,9,0,18,10,0,0,0,9,8,0,0,0,0,0,0,0,0,0,0,1.0,1.0,1.0,0.0,0.0,0.0,3,0,0
5614,27,11,16,0,9,0,18,10,0,0,0,9,8,0,0,0,0,0,0,0,0,0,0,1.0,1.0,1.0,0.0,0.0,0.0,3,0,0
5615,27,11,16,0,9,0,18,10,0,0,0,9,8,0,0,0,0,0,0,0,0,0,0,1.0,1.0,1.0,0.0,0.0,0.0,3,0,0
5616,27,11,16,0,9,0,18,10,0,0,0,9,8,0,0,0,0,0,0,0,0,0,0,1.0,1.0,1.0,0.0,0.0,0.0,3,0,0
5617,27,11,16,0,9,0,18,10,0,0,0,9,8,0,0,0,0,0,0,0,0,0,0,1.0,1.0,1.0,0.0,0.0,0.0,3,0,0
5618,27,11,16,0,9,0,18,10,0,0,0,9,8,0,0,0,0,0,0,0,0,0,0,1.0,1.0,1.0,0.0,0.0,0.0,3,0,0
5619,27,11,16,0,9,0,18,10,0,0,0,9,8,0,0,0,0,0,0,0,0,0,0,1.0,1.0,1.0,0.0,0.0,0.0,3,0,0
5620,26,11,15,0,9,0,17,9,0,0,0,9,7,0,0,0,0,0,0,0,0,3,0,1.0,1.0,0.9,0.0,0.0,0.0,2,0,1
5621,26,11,15,0,9,0,17,9,0,0,0,9,7,0,0,0,0,0,0,0,0,3,0,1.0,1.0,1.0,0.0,0.0,0.0,2,0,0
5622,26,11,15,0,9,0,17,9,0,0,0,9,7,0,0,0,0,0,0,0,0,3,0,1.0,1.0,1.0,0.0,0.0,0.0,2,0,0
5623,26,11,15,0,9,0,17,9,0,0,0,9,7,0,0,0,0,0,0,0,0,0,0,1.0,1.0,1.0,0.0,0.0,0.0,2,0,0
5624,26,11,15,0,6,3,17,9,0,0,0,9,7,0,0,0,0,0,0,0,0,0,0,1.0,1.0,1.0,0.0,0.0,0.0,2,0,0
5625,26,11,15,0,3,6,17,9,0,0,0,9,7,0,0,0,0,0,0,0,0,0,0,1.0,1.0,1.0,0.0,0.0,0.0,2,0,0
5626,26,11,15,0,0,9,17,9,0,0,0,9,7,0,0,0,0,0,0,0,0,0,0,1.0,1.0,1.0,0.0,0.0,0.0,2,0,0
5627,26,11,15,0,0,9,17,9,0,0,0,9,7,0,0,0,0,0,0,0,0,0,0,1.0,1.0,1.0,0.0,0.0,0.0,2,0,0
5628,26,11,15,0,0,9,17,9,0,0,0,9,7,0,0,0,0,0,0,0,0,0,0,1.0,1.0,1.0,0.0,0.0,0.0,2,0,0
5629,26,11,15,0,0,9,17,9,0,0,0,9,7,0,0,0,0,0,0,0,0,0,0,1.0,1.0,1.0,0.0,0.0,0.0,2,0,0
5630,26,11,15,0,0,9,17,9,0,0,0,9,7,0,0,0,0,0,0,0,0,0,0,1.0,1.0,1.0,0.0,0.0,0.0,2,0,0
5631,26,11,15,0,0,9,17,9,0,0,0,9,7,0,0,0,0,0,0,0,0,0,0,1.0,1.0,1.0,0.0,0.0,0.0,2,0,0
5632,26,11,15,0,0,9,17,9,0,0,0,9,7,0,0,0,0,0,0,0,0,0,0,1.0,1.0,1.0,0.0,0.0,0.0,2,0,0
5633,26,11,15,0,0,9,17,9,0,0,0,9,7,0,0,0,0,0,0,0,0,0,0,1.0,1.0,1.0,0.0,0.0,0.0,2,0,0
5634,26,11,15,0,0,9,17,9,0,0,0,9,7,0,0,0,0,0,0,0,0,0,0,1.0,1.0,1.0,0.0,0.0,0.0,2,0,0
5635,26,11,15,0,0,9,17,9,0,0,0,9,7,0,0,0,0,0,0,0,0,0,0,1.0,1.0,1.0,0.0,0.0,0.0,2,0,0
5636,26,11,15,0,0,9,17,9,0,0,0,9,7,0,0,0,0,0,0,0,0,0,0,1.0,1.0,1.0,0.0,0.0,0.0,2,0,0
5637,26,11,15,0,0,9,17,9,0,0,0,9,7,0,0,0,0,0,0,0,0,0,0,1.0,1.0,1.0,0.0,0.0,0.0,2,0,0
5638,26,11,15,0,0,9,17,9,0,0,0,9,7,0,0,0,0,0,0,0,0,0,0,1.0,1.0,1.0,0.0,0.0,0.0,2,0,0
5639,26,11,15,0,0,9,17,9,0,0,0,9,7,0,0,0,0,0,0,0,0,0,0,1.0,1.0,1.0,0.0,0.0,0.0,2,0,0
5640,26,11,15,0,0,9,17,9,0,0,0,9,7,0,0,0,0,0,0,0,0,0,0,1.0,1.0,1.0,0.0,0.0,0.0,2,0,0
5641,26,11,15,0,0,9,17,9,0,0,0,9,7,0,0,0,0,0,0,0,0,0,0,1.0,1.0,1.0,0.0,0.0,0.0,2,0,0
5642,26,11,15,0,0,9,17,9,0,0,0,9,7,0,0,0,0,0,0,0,0,0,0,1.0,1.0,1.0,0.0,0.0,0.0,2,0,0
5643,26,11,15,0,0,9,17,9,0,0,0,9,7,0,0,0,0,0,0,0,0,0,0,1.0,1.0,1.0,0.0,0.0,0.0,2,0,0
5644,26,11,15,0,0,9,17,9,0,0,0,9,7,0,0,0,0,0,0,0,0,0,0,1.0,1.0,1.0,0.0,0.0,0.0,2,0,0
5645,26,11,15,0,0,9,17,9,0,0,0,9,7,0,0,0,0,0,0,0,0,0,0,1.0,1.0,1.0,0.0,0.0,0.0,2,0,0
5646,26,11,15,0,0,9,17,9,0,0,0,9,7,0,0,0,0,0,0,0,0,0,0,1.0,1.0,1.0,0.0,0.0,0.0,2,0,0
5647,26,11,15,0,0,9,17,9,0,0,0,9,7,0,0,0,0,0,0,0,0,0,0,1.0,1.0,1.0,0.0,0.0,0.0,2,0,0
5648,26,11,15,0,0,9,17,9,0,0,0,9,7,0,0,0,0,0,0,0,0,0,0,1.0,1.0,1.0,0.0,0.0,0.0,2,0,0
5649,26,11,15,0,0,9,17,9,0,0,0,9,7,0,0,0,0,0,0,0,0,0,0,1.0,1.0,1.0,0.0,0.0,0.0,2,0,0
5650,26,11,15,0,0,9,17,9,0,0,0,9,7,0,0,0,0,0,0,0,0,0,0,1.0,1.0,1.0,0.0,0.0,0.0,2,0,0
5651,26,11,15,0,0,9,17,9,0,0,0,9,7,0,0,0,0,0,0,0,0,0,0,1.0,1.0,1.0,0.0,0.0,0.0,2,0,0
5652,26,11,15,0,0,9,17,9,0,0,0,9,7,0,0,0,0,0,0,0,0,0,0,1.0,1.0,1.0,0.0,0.0,0.0,2,0,0
5653,26,11,15,0,0,9,17,9,0,0,0,9,7,0,0,0,0,0,0,0,0,0,0,1.0,1.0,1.0,0.0,0.0,0.0,2,0,0
5654,26,11,15,0,0,9,17,9,0,0,0,9,7,0,0,0,0,0,0,0,0,0,0,1.0,1.0,1.0,0.0,0.0,0.0,2,0,0
5655,26,11,15,0,0,9,17,9,0,0,0,9,7,0,0,0,0,0,0,0,0,0,0,1.0,1.0,1.0,0.0,0.0,0.0,2,0,0
5656,26,11,15,0,0,9,17,9,0,0,0,9,7,0,0,0,0,0,0,0,0,0,0,1.0,1.0,1.0,0.0,0.0,0.0,2,0,0
5657,26,11,15,0,0,9,17,9,0,0,0,9,7,0,0,0,0,0,0,0,0,0,0,1.0,1.0,1.0,0.0,0.0,0.0,2,0,0
5658,26,11,15,0,0,9,17,9,0,0,0,9,7,0,0,0,0,0,0,0,0,0,0,1.0,1.0,1.0,0.0,0.0,0.0,2,0,0
5659,26,11,15,0,0,9,17,9,0,0,0,9,7,0,0,0,0,0,0,0,0,0,0,1.0,1.0,1.0,0.0,0.0,0.0,2,0,0
5660,26,11,15,0,0,9,17,9,0,0,0,10,7,1,0,0,0,0,0,0,0,0,0,1.0,1.0,1.0,0.0,0.0,0.0,2,0,0
5661,26,11,15,0,0,9,17,9,0,0,0,10,7,0,0,0,0,0,0,0,0,0,0,1.0,1.0,1.0,0.0,0.0,0.0,2,0,0
5662,26,11,15,0,0,9,17,9,0,0,0,10,8,0,1,0,0,0,0,0,0,0,0,1.0,1.0,1.0,0.0,0.0,0.0,2,0,0
5663,26,11,15,0,0,9,17,9,0,0,0,10,8,0,0,0,0,0,0,0,0,0,0,1.0,1.0,1.0,0.0,0.0,0.0,2,0,0
5664,26,11,15,0,0,9,17,9,0,0,0,10,9,0,1,0,0,0,0,0,0,0,0,1.0,1.0,1.0,0.0,0.0,0.0,2,0,0
5665,26,11,15,0,0,9,17,9,0,0,0,10,9,0,0,0,0,0,0,0,0,0,0,1.0,1.0,1.0,0.0,0.0,0.0,2,0,0
5666,26,11,15,0,0,9,17,9,0,0,0,10,9,0,0,0,0,0,0,0,0,0,0,1.0,1.0,1.0,0.0,0.0,0.0,2,0,0
5667,26,11,15,0,0,9,17,9,0,0,0,10,9,0,0,0,0,0,0,0,0,0,0,1.0,1.0,1.0,0.0,0.0,0.0,2,0,0
5668,26,11,15,0,0,9,17,9,0,0,0,10,9,0,0,0,0,0,0,0,0,0,0,1.0,1.0,1.0,0.0,0.0,0.0,2,0,0
5669,26,11,15,0,0,9,17,9,0,0,0,10,9,0,0,0,0,0,0,0,0,0,0,1.0,1.0,1.0,0.0,0.0,0.0,2,0,0
5670,26,11,15,0,0,9,17,9,0,0,0,10,9,0,0,0,0,0,0,0,0,0,0,1.0,1.0,1.0,0.0,0.0,0.0,2,0,0
5671,26,11,15,0,0,9,17,9,0,0,0,10,9,0,0,0,0,0,0,0,0,0,0,1.0,1.0,1.0,0.0,0.0,0.0,2,0,0
5672,26,11,15,0,0,9,17,9,0,0,0,10,9,0,0,0,0,0,0,0,0,0,0,1.0,1.0,1.0,0.0,0.0,0.0,2,0,0
5673,26,11,15,0,0,9,17,9,0,0,0,10,9,0,0,0,0,0,0,0,0,0,0,1.0,1.0,1.0,0.0,0.0,0.0,2,0,0
5674,26,11,15,0,0,9,17,9,0,0,0,10,9,0,0,0,0,0,0,0,0,0,0,1.0,1.0,1.0,0.0,0.0,0.0,2,0,0
5675,26,11,15,0,0,9,17,9,0,0,0,10,9,0,0,0,0,0,0,0,0,0,0,1.0,1.0,1.0,0.0,0.0,0.0,2,0,0
5676,26,11,15,0,0,9,17,9,0,0,0,10,9,0,0,0,0,0,0,0,0,0,0,1.0,1.0,1.0,0.0,0.0,0.0,2,0,0
5677,26,11,15,0,0,9,17,9,0,0,0,10,9,0,0,0,0,0,0,0,0,0,0,1.0,1.0,1.0,0.0,0.0,0.0,2,0,0
5678,26,11,15,0,0,9,17,9,0,0,0,10,9,0,0,0,0,0,0,0,0,0,0,1.0,1.0,1.0,0.0,0.0,0.0,2,0,0
5679,26,11,15,0,0,9,17,9,0,0,0,10,9,0,0,0,0,0,0,0,0,0,0,1.0,1.0,1.0,0.0,0.0,0.0,2,0,0
5680,26,11,15,0,0,9,17,9,0,0,0,10,9,0,0,0,0,0,0,0,0,0,0,1.0,1.0,1.0,0.0,0.0,0.0,2,0,0
5681,26,11,15,0,0,9,17,9,0,0,0,10,9,0,0,0,0,0,0,0,0,0,0,1.0,1.0,1.0,0.0,0.0,0.0,2,0,0
5682,26,11,15,0,0,9,17,9,0,0,0,10,9,0,0,0,0,0,0,0,0,0,0,1.0,1.0,1.0,0.0,0.0,0.0,2,0,0
5683,26,11,15,0,0,9,17,9,0,0,0,10,9,0,0,0,0,0,0,0,0,0,0,1.0,1.0,1.0,0.0,0.0,0.0,2,0,0
5684,26,11,15,0,0,9,17,9,0,0,0,10,9,0,0,0,0,0,0,0,0,0,0,1.0,1.0,1.0,0.0,0.0,0.0,2,0,0
5685,26,11,15,0,0,9,17,9,0,0,0,10,9,0,0,0,0,0,0,0,0,0,0,1.0,1.0,1.0,0.0,0.0,0.0,2,0,0
5686,26,11,15,0,0,9,17,9,0,0,0,10,9,0,0,0,0,0,0,0,0,0,0,1.0,1.0,1.0,0.0,0.0,0.0,2,0,0
5687,26,11,15,0,0,9,17,9,0,0,0,10,9,0,0,0,0,0,0,0,0,0,0,1.0,1.0,1.0,0.0,0.0,0.0,2,0,0
5688,26,11,15,0,0,9,17,9,0,0,0,10,9,0,0,0,0,0,0,0,0,0,0,1.0,1.0,1.0,0.0,0.0,0.0,2,0,0
5689,26,11,15,0,0,9,17,9,0,0,0,10,9,0,0,0,0,0,0,0,0,0,0,1.0,1.0,1.0,0.0,0.0,0.0,2,0,0
5690,26,11,15,0,0,9,17,9,0,0,0,10,9,0,0,0,0,0,0,0,0,0,0,1.0,1.0,1.0,0.0,0.0,0.0,2,0,0
5691,26,11,15,0,0,9,17,9,0,0,0,10,9,0,0,0,0,0,0,0,0,0,0,1.0,1.0,1.0,0.0,0.0,0.0,2,0,0
5692,26,11,15,0,0,9,17,9,0,0,0,10,9,0,0,0,0,0,0,0,0,0,0,1.0,1.0,1.0,0.0,0.0,0.0,2,0,0
5693,26,11,15,0,0,9,17,9,0,0,0,10,9,0,0,0,0,0,0,0,0,0,0,1.0,1.0,1.0,0.0,0.0,0.0,2,0,0
5694,25,11,14,0,0,8,17,9,0,0,0,10,8,0,0,0,0,0,0,0,0,0,0,1.0,1.0,0.9,0.0,0.0,0.0,2,0,1
5695,25,11,14,0,0,8,17,9,0,0,0,10,8,0,0,0,0,0,0,0,0,0,0,1.0,1.0,1.0,0.0,0.0,0.0,2,0,0
5696,25,11,14,0,0,8,17,9,0,0,0,10,8,0,0,0,0,0,0,0,0,0,0,1.0,1.0,1.0,0.0,0.0,0.0,2,0,0
5697,25,11,14,0,0,8,17,9,0,0,0,10,8,0,0,0,0,0,0,0,0,0,0,1.0,1.0,1.0,0.0,0.0,0.0,2,0,0
5698,25,11,14,0,0,8,17,9,0,0,0,10,8,0,0,0,0,0,0,0,0,0,0,1.0,1.0,1.0,0.0,0.0,0.0,2,0,0
5699,24,11,13,0,0,8,16,8,0,0,0,10,7,0,0,0,0,0,0,0,0,0,0,1.0,1.0,0.8888888888888888,0.0,0.0,0.0,2,0,1
5700,24,11,13,0,0,8,16,8,0,0,0,10,7,0,0,0,0,0,0,0,0,0,0,1.0,1.0,1.0,0.0,0.0,0.0,2,0,0
5701,24,11,13,0,0,8,16,8,0,0,0,10,7,0,0,0,0,0,0,0,0,0,0,1.0,1.0,1.0,0.0,0.0,0.0,2,0,0
5702,24,11,13,0,0,8,16,8,0,0,0,10,7,0,0,0,0,0,0,0,0,0,0,1.0,1.0,1.0,0.0,0.0,0.0,2,0,0
5703,24,11,13,0,0,8,16,8,0,0,0,10,7,0,0,0,0,0,0,0,0,0,0,1.0,1.0,1.0,0.0,0.0,0.0,2,0,0
5704,24,11,13,0,0,8,16,8,0,0,0,10,7,0,0,0,0,0,0,0,0,0,0,1.0,1.0,1.0,0.0,0.0,0.0,2,0,0
5705,24,11,13,0,0,8,16,8,0,0,0,10,7,0,0,0,0,0,0,0,0,0,0,1.0,1.0,1.0,0.0,0.0,0.0,2,0,0
5706,24,11,13,0,0,8,16,8,0,0,0,10,7,0,0,0,0,0,0,0,0,0,0,1.0,1.0,1.0,0.0,0.0,0.0,2,0,0
5707,24,11,13,0,0,8,16,8,0,0,0,10,7,0,0,0,0,0,0,0,0,0,0,1.0,1.0,1.0,0.0,0.0,0.0,2,0,0
5708,24,11,13,0,0,8,16,8,0,0,0,10,7,0,0,0,0,0,0,0,0,0,0,1.0,1.0,1.0,0.0,0.0,0.0,2,0,0
5709,24,11,13,0,0,8,16,8,0,0,0,10,7,0,0,0,0,0,0,0,0,0,0,1.0,1.0,1.0,0.0,0.0,0.0,2,0,0
5710,24,11,13,0,0,8,16,8,0,0,0,10,7,0,0,0,0,0,0,0,0,0,0,1.0,1.0,1.0,0.0,0.0,0.0,2,0,0
5711,24,11,13,0,0,8,16,8,0,0,0,10,7,0,0,0,0,0,0,0,0,0,0,1.0,1.0,1.0,0.0,0.0,0.0,2,0,0
5712,24,11,13,0,0,8,16,8,0,0,0,10,7,0,0,0,0,0,0,0,0,0,0,1.0,1.0,1.0,0.0,0.0,0.0,2,0,0
5713,24,11,13,0,0,8,16,8,0,0,0,10,7,0,0,0,0,0,0,0,0,0,0,1.0,1.0,1.0,0.0,0.0,0.0,2,0,0
5714,24,11,13,0,0,8,16,8,0,0,0,10,7,0,0,0,0,0,0,0,0,0,0,1.0,1.0,1.0,0.0,0.0,0.0,2,0,0
5715,24,11,13,0,0,8,16,8,0,0,0,10,7,0,0,0,0,0,0,0,0,0,0,1.0,1.0,1.0,0.0,0.0,0.0,2,0,0
5716,24,11,13,0,0,8,16,8,0,0,0,10,7,0,0,0,0,0,0,0,0,0,0,1.0,1.0,1.0,0.0,0.0,0.0,2,0,0
5717,24,11,13,0,0,8,16,8,0,0,0,10,7,0,0,0,0,0,0,0,0,0,0,1.0,1.0,1.0,0.0,0.0,0.0,2,0,0
5718,24,11,13,0,0,8,16,8,0,0,0,10,7,0,0,0,0,0,0,0,0,0,0,1.0,1.0,1.0,0.0,0.0,0.0,2,0,0
5719,24,11,13,0,0,8,16,8,0,0,0,10,7,0,0,0,0,0,0,0,0,0,0,1.0,1.0,1.0,0.0,0.0,0.0,2,0,0
5720,24,11,13,0,0,8,16,8,0,0,0,10,7,0,0,0,0,0,0,0,0,0,0,1.0,1.0,1.0,0.0,0.0,0.0,2,0,0
5721,24,11,13,0,0,8,16,8,0,0,0,10,7,0,0,0,0,0,0,0,0,0,0,1.0,1.0,1.0,0.0,0.0,0.0,2,0,0
5722,24,11,13,0,0,8,16,8,0,0,0,10,7,0,0,0,0,0,0,0,0,0,0,1.0,1.0,1.0,0.0,0.0,0.0,2,0,0
5723,24,11,13,0,0,8,16,8,0,0,0,10,7,0,0,0,0,0,0,0,0,0,0,1.0,1.0,1.0,0.0,0.0,0.0,2,0,0
5724,24,11,13,0,0,8,16,8,0,0,0,10,7,0,0,0,0,0,0,0,0,0,0,1.0,1.0,1.0,0.0,0.0,0.0,2,0,0
5725,24,11,13,0,0,8,16,8,0,0,0,10,7,0,0,0,0,0,0,0,0,0,0,1.0,1.0,1.0,0.0,0.0,0.0,2,0,0
5726,24,11,13,0,0,8,16,8,0,0,0,10,7,0,0,0,0,0,0,0,0,0,0,1.0,1.0,1.0,0.0,0.0,0.0,2,0,0
5727,24,11,13,0,0,8,16,8,0,0,0,10,7,0,0,0,0,0,0,0,0,0,0,1.0,1.0,1.0,0.0,0.0,0.0,2,0,0
5728,24,11,13,0,0,8,16,8,0,0,0,10,7,0,0,0,0,0,0,0,0,0,0,1.0,1.0,1.0,0.0,0.0,0.0,2,0,0
5729,24,11,13,0,0,8,16,8,0,0,0,10,7,0,0,0,0,0,0,0,0,0,0,1.0,1.0,1.0,0.0,0.0,0.0,2,0,0
5730,24,11,13,0,0,7,17,9,0,0,0,10,7,0,0,0,0,0,0,0,0,0,0,1.0,1.0,1.0,0.0,0.0,0.0,2,0,0
5731,24,11,13,0,0,7,17,9,0,0,0,10,7,0,0,0,0,0,0,0,0,0,0,1.0,1.0,1.0,0.0,0.0,0.0,2,0,0
5732,24,11,13,0,0,7,17,9,0,0,0,10,7,0,0,0,0,0,0,0,0,0,0,1.0,1.0,1.0,0.0,0.0,0.0,2,0,0
5733,24,11,13,0,0,7,17,9,0,0,0,10,7,0,0,0,0,0,0,0,0,0,0,1.0,1.0,1.0,0.0,0.0,0.0,2,0,0
5734,24,11,13,0,0,7,17,9,0,0,0,10,7,0,0,0,0,0,0,0,0,0,0,1.0,1.0,1.0,0.0,0.0,0.0,2,0,0
5735,24,11,13,0,0,7,17,9,0,0,0,10,7,0,0,0,0,0,0,0,0,0,0,1.0,1.0,1.0,0.0,0.0,0.0,2,0,0
5736,24,11,13,0,0,7,17,9,0,0,0,10,7,0,0,0,0,0,0,0,0,0,0,1.0,1.0,1.0,0.0,0.0,0.0,2,0,0
5737,24,11,13,0,0,7,17,9,0,0,0,10,7,0,0,0,0,0,0,0,0,0,0,1.0,1.0,1.0,0.0,0.0,0.0,2,0,0
5738,24,11,13,0,0,7,17,9,0,0,0,10,7,0,0,0,0,0,0,0,0,0,0,1.0,1.0,1.0,0.0,0.0,0.0,2,0,0
5739,24,11,13,0,0,7,17,9,0,0,0,10,7,0,0,0,0,0,0,0,0,0,0,1.0,1.0,1.0,0.0,0.0,0.0,2,0,0
5740,24,11,13,0,0,7,17,9,0,0,0,10,7,0,0,0,0,0,0,0,0,0,0,1.0,1.0,1.0,0.0,0.0,0.0,2,0,0
5741,24,11,13,0,0,7,17,9,0,0,0,10,7,0,0,0,0,0,0,0,0,0,0,1.0,1.0,1.0,0.0,0.0,0.0,2,0,0
5742,24,11,13,0,0,7,17,9,0,0,0,10,7,0,0,0,0,0,0,0,0,0,0,1.0,1.0,1.0,0.0,0.0,0.0,2,0,0
5743,24,11,13,0,0,7,17,9,0,0,0,10,7,0,0,0,0,0,0,0,0,0,0,1.0,1.0,1.0,0.0,0.0,0.0,2,0,0
5744,24,11,13,0,0,7,17,9,0,0,0,10,7,0,0,0,0,0,0,0,0,0,0,1.0,1.0,1.0,0.0,0.0,0.0,2,0,0
5745,24,11,13,0,0,7,17,9,0,0,0,10,7,0,0,0,0,0,0,0,0,0,0,1.0,1.0,1.0,0.0,0.0,0.0,2,0,0
5746,24,11,13,0,0,7,17,9,0,0,0,10,7,0,0,0,0,0,0,0,0,0,0,1.0,1.0,1.0,0.0,0.0,0.0,2,0,0
5747,24,11,13,0,0,7,17,9,0,0,0,10,7,0,0,0,0,0,0,0,0,0,0,1.0,1.0,1.0,0.0,0.0,0.0,2,0,0
5748,24,11,13,0,0,7,17,9,0,0,0,10,7,0,0,0,0,0,0,0,0,0,0,1.0,1.0,1.0,0.0,0.0,0.0,2,0,0
5749,24,11,13,0,0,7,17,9,0,0,0,10,7,0,0,0,0,0,0,0,0,0,0,1.0,1.0,1.0,0.0,0.0,0.0,2,0,0
5750,24,11,13,0,0,7,17,9,0,0,0,10,8,0,1,0,0,0,0,0,0,0,0,1.0,1.0,1.0,0.0,0.0,0.0,2,0,0
5751,24,11,13,0,0,7,17,9,0,0,0,10,8,0,0,0,0,0,0,0,0,0,0,1.0,1.0,1.0,0.0,0.0,0.0,2,0,0
5752,24,11,13,0,0,7,17,9,0,0,0,10,8,0,0,0,0,0,0,0,0,0,0,1.0,1.0,1.0,0.0,0.0,0.0,2,0,0
5753,24,11,13,0,0,7,17,9,0,0,0,10,8,0,0,0,0,0,0,0,0,0,0,1.0,1.0,1.0,0.0,0.0,0.0,2,0,0
5754,24,11,13,0,0,7,17,9,0,0,0,10,8,0,0,0,0,0,0,0,0,0,0,1.0,1.0,1.0,0.0,0.0,0.0,2,0,0
5755,24,11,13,0,0,7,17,9,0,0,0,10,8,0,0,0,0,0,0,0,0,0,0,1.0,1.0,1.0,0.0,0.0,0.0,2,0,0
5756,24,11,13,0,0,7,17,9,0,0,0,10,8,0,0,0,0,0,0,0,0,0,0,1.0,1.0,1.0,0.0,0.0,0.0,2,0,0
5757,24,11,13,0,0,7,17,9,0,0,0,10,8,0,0,0,0,0,0,0,0,0,0,1.0,1.0,1.0,0.0,0.0,0.0,2,0,0
5758,24,11,13,0,0,7,17,9,0,0,0,10,8,0,0,0,0,0,0,0,0,0,0,1.0,1.0,1.0,0.0,0.0,0.0,2,0,0
5759,24,11,13,0,0,7,17,9,0,0,0,10,8,0,0,0,0,0,0,0,0,0,0,1.0,1.0,1.0,0.0,0.0,0.0,2,0,0
5760,24,11,13,0,0,6,18,9,0,0,0,10,8,0,0,0,0,0,0,0,0,0,0,1.0,1.0,1.0,0.0,0.0,0.0,2,0,0
5761,24,11,13,0,0,4,20,9,0,0,0,10,8,0,0,0,0,0,0,0,0,0,0,1.0,1.0,1.0,0.0,0.0,0.0,2,0,0
5762,24,11,13,0,0,4,20,9,0,0,0,10,8,0,0,0,0,0,0,0,0,0,0,1.0,1.0,1.0,0.0,0.0,0.0,2,0,0
5763,24,11,13,0,0,4,20,9,0,0,0,10,8,0,0,0,0,0,0,0,0,0,0,1.0,1.0,1.0,0.0,0.0,0.0,2,0,0
5764,24,11,13,0,0,4,20,9,0,0,0,10,8,0,0,0,0,0,0,0,0,0,0,1.0,1.0,1.0,0.0,0.0,0.0,2,0,0
5765,24,11,13,0,0,4,20,9,1,0,0,10,8,0,0,0,3,1,0,0,0,0,0,1.0,1.0,1.0,0.0,0.0,0.3333333333333333,2,0,0
5766,24,11,13,0,0,4,20,9,1,0,0,10,8,0,0,0,0,0,0,0,0,0,0,1.0,1.0,1.0,0.0,0.0,0.0,2,0,0
5767,24,11,13,0,0,4,20,9,1,0,0,10,8,0,0,0,0,0,0,0,0,0,0,1.0,1.0,1.0,0.0,0.0,0.0,2,0,0
5768,24,11,13,0,0,4,20,9,1,0,0,10,8,0,0,0,0,0,0,0,0,0,0,1.0,1.0,1.0,0.0,0.0,0.0,2,0,0
5769,24,11,13,0,0,4,20,9,1,0,0,10,8,0,0,0,0,0,0,0,0,0,0,1.0,1.0,1.0,0.0,0.0,0.0,2,0,0
5770,24,11,13,0,0,4,20,9,1,0,0,10,8,0,0,0,0,0,0,0,0,0,0,1.0,1.0,1.0,0.0,0.0,0.0,2,0,0
5771,24,11,13,0,0,4,20,9,1,0,0,10,8,0,0,0,0,0,0,0,0,0,0,1.0,1.0,1.0,0.0,0.0,0.0,2,0,0
5772,24,11,13,0,0,4,20,9,1,0,0,10,8,0,0,0,0,0,0,0,0,0,0,1.0,1.0,1.0,0.0,0.0,0.0,2,0,0
5773,24,11,13,0,0,4,20,9,1,0,0,10,8,0,0,0,0,0,0,0,0,0,0,1.0,1.0,1.0,0.0,0.0,0.0,2,0,0
5774,24,11,13,0,0,4,20,9,1,0,0,10,8,0,0,0,0,0,0,0,0,0,0,1.0,1.0,1.0,0.0,0.0,0.0,2,0,0
5775,24,11,13,0,0,4,20,9,1,0,0,10,8,0,0,0,0,0,0,0,0,0,0,1.0,1.0,1.0,0.0,0.0,0.0,2,0,0
5776,24,11,13,0,0,3,21,10,1,0,0,10,8,0,0,0,0,0,0,0,0,0,0,1.0,1.0,1.0,0.0,0.0,0.0,2,0,0
5777,24,11,13,0,0,3,21,10,1,0,0,10,8,0,0,0,0,0,0,0,0,0,0,1.0,1.0,1.0,0.0,0.0,0.0,2,0,0
5778,24,11,13,0,0,3,21,10,1,0,0,10,8,0,0,0,0,0,0,0,0,0,0,1.0,1.0,1.0,0.0,0.0,0.0,2,0,0
5779,24,11,13,0,0,3,21,10,1,0,0,10,8,0,0,0,0,0,0,0,0,0,0,1.0,1.0,1.0,0.0,0.0,0.0,2,0,0
5780,24,11,13,0,0,3,21,10,1,0,0,10,8,0,0,0,0,0,0,0,0,0,0,1.0,1.0,1.0,0.0,0.0,0.0,2,0,0
5781,24,11,13,0,0,3,21,10,1,0,0,10,8,0,0,0,0,0,0,0,0,0,0,1.0,1.0,1.0,0.0,0.0,0.0,2,0,0
5782,24,11,13,0,0,3,21,10,1,0,0,10,8,0,0,0,0,0,0,0,0,0,0,1.0,1.0,1.0,0.0,0.0,0.0,2,0,0
5783,24,11,13,0,0,3,21,10,1,0,0,10,8,0,0,0,0,0,0,0,0,0,0,1.0,1.0,1.0,0.0,0.0,0.0,2,0,0
5784,24,11,13,0,0,3,21,10,1,0,0,10,8,0,0,0,0,0,0,0,0,0,0,1.0,1.0,1.0,0.0,0.0,0.0,2,0,0
5785,24,11,13,0,0,3,21,10,1,0,0,10,8,0,0,0,0,0,0,0,0,0,0,1.0,1.0,1.0,0.0,0.0,0.0,2,0,0
5786,24,11,13,0,0,3,21,10,1,0,0,10,8,0,0,0,0,0,0,0,0,0,0,1.0,1.0,1.0,0.0,0.0,0.0,2,0,0
5787,24,11,13,0,0,3,21,10,1,0,0,10,8,0,0,0,0,0,0,0,0,0,0,1.0,1.0,1.0,0.0,0.0,0.0,2,0,0
5788,24,11,13,0,0,3,21,10,1,0,0,10,8,0,0,0,0,0,0,0,0,0,0,1.0,1.0,1.0,0.0,0.0,0.0,2,0,0
5789,24,11,13,0,0,3,21,10,1,0,0,10,8,0,0,0,0,0,0,0,0,0,0,1.0,1.0,1.0,0.0,0.0,0.0,2,0,0
5790,24,11,13,0,0,3,21,10,1,0,0,10,8,0,0,0,0,0,0,0,0,0,0,1.0,1.0,1.0,0.0,0.0,0.0,2,0,0
5791,24,11,13,0,0,3,21,10,1,0,0,10,8,0,0,0,0,0,0,0,0,0,0,1.0,1.0,1.0,0.0,0.0,0.0,2,0,0
5792,24,11,13,0,0,3,21,10,1,0,0,10,8,0,0,0,0,0,0,0,0,0,0,1.0,1.0,1.0,0.0,0.0,0.0,2,0,0
5793,24,11,13,0,0,3,21,10,1,0,0,10,8,0,0,0,0,0,0,0,0,0,0,1.0,1.0,1.0,0.0,0.0,0.0,2,0,0
5794,24,11,13,0,0,3,21,10,1,0,0,10,8,0,0,0,0,0,0,0,0,0,0,1.0,1.0,1.0,0.0,0.0,0.0,2,0,0
5795,24,11,13,0,0,3,21,10,1,0,0,10,8,0,0,0,0,0,0,0,0,0,0,1.0,1.0,1.0,0.0,0.0,0.0,2,0,0
5796,24,11,13,0,0,3,21,10,1,0,0,10,8,0,0,0,0,0,0,0,0,0,0,1.0,1.0,1.0,0.0,0.0,0.0,2,0,0
5797,24,11,13,0,0,3,21,10,1,0,0,10,8,0,0,0,0,0,0,0,0,0,0,1.0,1.0,1.0,0.0,0.0,0.0,2,0,0
5798,24,11,13,0,0,2,22,11,1,0,0,10,8,0,0,0,0,0,0,0,0,0,0,1.0,1.0,1.0,0.0,0.0,0.0,2,0,0
5799,23,10,13,0,0,2,21,11,1,0,0,9,8,0,0,0,0,0,0,0,0,0,0,1.0,0.9090909090909091,1.0,0.0,0.0,0.0,2,0,1
5800,23,10,13,0,0,2,21,11,1,0,0,9,8,0,0,0,0,0,0,0,0,0,0,1.0,1.0,1.0,0.0,0.0,0.0,2,0,0
5801,23,10,13,0,0,2,21,11,1,0,0,9,8,0,0,0,0,0,0,0,0,0,0,1.0,1.0,1.0,0.0,0.0,0.0,2,0,0
5802,23,10,13,0,0,2,21,11,1,0,0,9,8,0,0,0,0,0,0,0,0,0,0,1.0,1.0,1.0,0.0,0.0,0.0,2,0,0
5803,23,10,13,0,0,2,21,11,1,0,0,9,8,0,0,0,0,0,0,0,0,0,0,1.0,1.0,1.0,0.0,0.0,0.0,2,0,0
5804,23,10,13,0,0,2,21,11,1,0,0,9,8,0,0,0,0,0,0,0,0,0,0,1.0,1.0,1.0,0.0,0.0,0.0,2,0,0
5805,23,10,13,0,0,2,21,11,1,0,0,9,8,0,0,0,0,0,0,0,0,0,0,1.0,1.0,1.0,0.0,0.0,0.0,2,0,0
5806,23,10,13,0,0,2,21,11,1,0,0,9,8,0,0,0,0,0,0,0,0,0,0,1.0,1.0,1.0,0.0,0.0,0.0,2,0,0
5807,23,10,13,0,0,2,21,11,1,0,0,9,8,0,0,0,0,0,0,0,0,0,0,1.0,1.0,1.0,0.0,0.0,0.0,2,0,0
5808,23,10,13,0,0,2,21,11,1,0,0,9,8,0,0,0,0,0,0,0,0,0,0,1.0,1.0,1.0,0.0,0.0,0.0,2,0,0
5809,23,10,13,0,0,2,21,11,1,0,0,9,8,0,0,0,0,0,0,0,0,0,0,1.0,1.0,1.0,0.0,0.0,0.0,2,0,0
5810,23,10,13,0,0,2,21,11,1,0,0,9,8,0,0,0,0,0,0,0,0,0,0,1.0,1.0,1.0,0.0,0.0,0.0,2,0,0
5811,22,10,12,0,0,1,21,11,1,0,0,9,8,0,0,0,0,0,0,0,0,0,0,1.0,1.0,1.0,0.0,0.0,0.0,2,0,1
5812,22,10,12,0,0,1,21,11,1,0,0,9,8,0,0,0,0,0,0,0,0,0,0,1.0,1.0,1.0,0.0,0.0,0.0,2,0,0
5813,22,10,12,0,0,1,21,11,1,0,0,9,8,0,0,0,0,0,0,0,0,0,0,1.0,1.0,1.0,0.0,0.0,0.0,2,0,0
5814,22,10,12,0,0,1,21,11,1,0,0,9,8,0,0,0,0,0,0,0,0,0,0,1.0,1.0,1.0,0.0,0.0,0.0,2,0,0
5815,22,10,12,0,0,1,21,11,1,0,0,9,8,0,0,0,0,0,0,0,0,0,0,1.0,1.0,1.0,0.0,0.0,0.0,2,0,0
5816,22,10,12,0,0,1,21,11,1,0,0,9,8,0,0,0,0,0,0,0,0,0,0,1.0,1.0,1.0,0.0,0.0,0.0,2,0,0
5817,22,10,12,0,0,1,21,11,1,0,0,9,8,0,0,0,0,0,0,0,0,0,0,1.0,1.0,1.0,0.0,0.0,0.0,2,0,0
5818,22,10,12,0,0,1,21,11,1,0,0,9,8,0,0,0,0,0,0,0,0,0,0,1.0,1.0,1.0,0.0,0.0,0.0,2,0,0
5819,22,10,12,0,0,1,21,11,1,0,0,9,8,0,0,0,0,0,0,0,0,0,0,1.0,1.0,1.0,0.0,0.0,0.0,2,0,0
5820,22,10,12,0,0,1,21,11,1,0,0,9,8,0,0,0,0,0,0,0,0,0,0,1.0,1.0,1.0,0.0,0.0,0.0,2,0,0
5821,22,10,12,0,0,1,21,11,1,0,0,9,8,0,0,0,0,0,0,0,0,0,0,1.0,1.0,1.0,0.0,0.0,0.0,2,0,0
5822,22,10,12,0,0,1,21,11,1,0,0,9,8,0,0,0,0,0,0,0,0,0,0,1.0,1.0,1.0,0.0,0.0,0.0,2,0,0
5823,22,10,12,0,0,1,21,11,1,0,0,9,8,0,0,0,0,0,0,0,0,0,0,1.0,1.0,1.0,0.0,0.0,0.0,2,0,0
5824,22,10,12,0,0,1,21,11,1,0,0,9,8,0,0,0,0,0,0,0,0,0,0,1.0,1.0,1.0,0.0,0.0,0.0,2,0,0
5825,22,10,12,0,0,1,21,11,1,0,0,9,8,0,0,0,0,0,0,0,0,0,0,1.0,1.0,1.0,0.0,0.0,0.0,2,0,0
5826,22,10,12,0,0,1,21,11,1,0,0,9,8,0,0,0,0,0,0,0,0,0,0,1.0,1.0,1.0,0.0,0.0,0.0,2,0,0
5827,22,10,12,0,0,1,21,11,1,0,0,9,8,0,0,0,0,0,0,0,0,0,0,1.0,1.0,1.0,0.0,0.0,0.0,2,0,0
5828,22,10,12,0,0,1,21,11,1,0,0,9,8,0,0,0,0,0,0,0,0,0,0,1.0,1.0,1.0,0.0,0.0,0.0,2,0,0
5829,22,10,12,0,0,1,21,11,1,0,0,9,8,0,0,0,0,0,0,0,0,0,0,1.0,1.0,1.0,0.0,0.0,0.0,2,0,0
5830,26,11,15,4,0,1,21,11,0,0,1,9,8,0,0,0,0,0,0,1,0,0,0,1.0,1.0,1.0,0.18181818181818182,0.18181818181818182,0.0,2,4,0
5831,26,11,15,4,0,1,21,11,0,0,1,9,8,0,0,0,0,0,0,0,0,0,0,1.0,1.0,1.0,0.0,0.0,0.0,2,0,0
5832,26,11,15,4,0,1,21,11,0,0,1,9,8,0,0,0,0,0,0,0,0,0,0,1.0,1.0,1.0,0.0,0.0,0.0,2,0,0
5833,26,11,15,4,0,1,21,11,0,0,1,9,8,0,0,0,0,0,0,0,0,0,0,1.0,1.0,1.0,0.0,0.0,0.0,2,0,0
5834,26,11,15,4,0,1,21,11,0,0,1,9,8,0,0,0,0,0,0,0,0,0,0,1.0,1.0,1.0,0.0,0.0,0.0,2,0,0
5835,26,11,15,4,0,1,21,11,0,0,1,9,8,0,0,0,0,0,0,0,0,0,0,1.0,1.0,1.0,0.0,0.0,0.0,2,0,0
5836,26,11,15,4,0,1,21,11,0,0,1,9,8,0,0,0,0,0,0,0,0,0,0,1.0,1.0,1.0,0.0,0.0,0.0,2,0,0
5837,26,11,15,4,0,1,21,11,0,0,1,9,8,0,0,0,0,0,0,0,0,0,0,1.0,1.0,1.0,0.0,0.0,0.0,2,0,0
5838,26,11,15,4,0,1,21,11,0,0,1,9,8,0,0,0,0,0,0,0,0,0,0,1.0,1.0,1.0,0.0,0.0,0.0,2,0,0
5839,26,11,15,4,0,0,22,12,0,0,1,9,8,0,0,0,0,0,0,0,0,0,0,1.0,1.0,1.0,0.0,0.0,0.0,2,0,0
5840,25,10,15,4,0,0,21,12,0,0,1,9,9,0,1,0,0,0,0,0,0,0,0,1.0,0.9,1.0,0.0,0.0,0.0,2,0,1
5841,25,10,15,4,0,0,21,12,0,0,1,9,10,0,1,0,0,0,0,0,0,0,0,1.0,1.0,1.0,0.0,0.0,0.0,2,0,0
5842,25,10,15,4,0,0,21,12,0,0,1,9,10,0,0,0,0,0,0,0,0,0,0,1.0,1.0,1.0,0.0,0.0,0.0,2,0,0
5843,25,10,15,4,0,0,21,12,0,0,1,9,10,0,0,0,0,0,0,0,0,0,0,1.0,1.0,1.0,0.0,0.0,0.0,2,0,0
5844,25,10,15,4,0,0,21,12,0,0,1,9,10,0,0,0,0,0,0,0,0,0,0,1.0,1.0,1.0,0.0,0.0,0.0,2,0,0
5845,25,10,15,4,0,0,21,12,0,0,1,9,10,0,0,0,0,0,0,0,0,0,0,1.0,1.0,1.0,0.0,0.0,0.0,2,0,0
5846,25,10,15,4,0,0,21,12,0,0,1,9,10,0,0,0,0,0,0,0,0,0,0,1.0,1.0,1.0,0.0,0.0,0.0,2,0,0
5847,25,10,15,4,0,0,21,12,0,0,1,9,10,0,0,0,0,0,0,0,0,0,0,1.0,1.0,1.0,0.0,0.0,0.0,2,0,0
5848,25,10,15,4,0,0,21,12,0,0,1,9,10,0,0,0,0,0,0,0,0,0,0,1.0,1.0,1.0,0.0,0.0,0.0,2,0,0
5849,25,10,15,4,0,0,21,12,0,0,1,9,10,0,0,0,0,0,0,0,0,0,0,1.0,1.0,1.0,0.0,0.0,0.0,2,0,0
5850,25,10,15,4,0,0,21,12,0,0,1,9,10,0,0,0,0,0,0,0,0,0,0,1.0,1.0,1.0,0.0,0.0,0.0,2,0,0
5851,25,10,15,4,0,0,21,12,0,0,1,9,10,0,0,0,0,0,0,0,0,0,0,1.0,1.0,1.0,0.0,0.0,0.0,2,0,0
5852,25,10,15,4,0,0,21,12,0,0,1,9,10,0,0,0,0,0,0,0,0,0,0,1.0,1.0,1.0,0.0,0.0,0.0,2,0,0
5853,25,10,15,4,0,0,21,12,0,0,1,9,10,0,0,0,0,0,0,0,0,0,0,1.0,1.0,1.0,0.0,0.0,0.0,2,0,0
5854,25,10,15,4,0,0,21,12,0,0,1,9,10,0,0,0,0,0,0,0,0,0,0,1.0,1.0,1.0,0.0,0.0,0.0,2,0,0
5855,25,10,15,4,0,0,21,12,0,0,1,9,10,0,0,0,0,0,0,0,0,0,0,1.0,1.0,1.0,0.0,0.0,0.0,2,0,0
5856,25,10,15,4,0,0,21,12,0,0,1,9,10,0,0,0,0,0,0,0,0,0,0,1.0,1.0,1.0,0.0,0.0,0.0,2,0,0
5857,25,10,15,4,0,0,21,12,0,0,1,9,10,0,0,0,0,0,0,0,0,0,0,1.0,1.0,1.0,0.0,0.0,0.0,2,0,0
5858,25,10,15,4,0,0,21,12,0,0,1,9,10,0,0,0,0,0,0,0,0,0,0,1.0,1.0,1.0,0.0,0.0,0.0,2,0,0
5859,25,10,15,4,0,0,21,12,0,0,1,9,10,0,0,0,0,0,0,0,0,0,0,1.0,1.0,1.0,0.0,0.0,0.0,2,0,0
5860,25,10,15,4,0,0,21,12,0,0,1,9,10,0,0,0,0,0,0,0,0,0,0,1.0,1.0,1.0,0.0,0.0,0.0,2,0,0
5861,25,10,15,4,0,0,21,12,0,0,1,9,10,0,0,0,0,0,0,0,0,0,0,1.0,1.0,1.0,0.0,0.0,0.0,2,0,0
5862,25,10,15,4,0,0,21,12,0,0,1,9,10,0,0,0,0,0,0,0,0,0,0,1.0,1.0,1.0,0.0,0.0,0.0,2,0,0
5863,25,10,15,4,0,0,21,12,0,0,1,9,10,0,0,0,0,0,0,0,0,0,0,1.0,1.0,1.0,0.0,0.0,0.0,2,0,0
5864,25,10,15,4,0,0,21,12,0,0,1,9,10,0,0,0,0,0,0,0,0,0,0,1.0,1.0,1.0,0.0,0.0,0.0,2,0,0
5865,25,10,15,4,0,0,21,12,0,0,1,9,10,0,0,0,0,0,0,0,0,0,0,1.0,1.0,1.0,0.0,0.0,0.0,2,0,0
5866,25,10,15,4,0,0,21,12,0,0,1,9,10,0,0,0,0,0,0,0,0,0,0,1.0,1.0,1.0,0.0,0.0,0.0,2,0,0
5867,25,10,15,4,0,0,21,12,0,0,1,9,10,0,0,0,0,0,0,0,0,0,0,1.0,1.0,1.0,0.0,0.0,0.0,2,0,0
5868,25,10,15,4,0,0,21,12,0,0,1,9,10,0,0,0,0,0,0,0,0,0,0,1.0,1.0,1.0,0.0,0.0,0.0,2,0,0
5869,25,10,15,4,0,0,21,12,0,0,1,9,10,0,0,0,0,0,0,0,0,0,0,1.0,1.0,1.0,0.0,0.0,0.0,2,0,0
5870,25,10,15,4,0,0,21,12,0,0,1,9,10,0,0,0,0,0,0,0,0,0,0,1.0,1.0,1.0,0.0,0.0,0.0,2,0,0
5871,25,10,15,4,0,0,21,12,0,0,1,9,10,0,0,0,0,0,0,0,0,0,0,1.0,1.0,1.0,0.0,0.0,0.0,2,0,0
5872,25,10,15,4,0,0,21,12,0,0,1,9,10,0,0,0,0,0,0,0,0,0,0,1.0,1.0,1.0,0.0,0.0,0.0,2,0,0
5873,25,10,15,0,4,0,21,12,0,0,1,9,10,0,0,0,0,0,0,0,0,0,0,1.0,1.0,1.0,0.0,0.0,0.0,2,0,0
5874,25,10,15,0,4,0,21,12,0,0,1,9,10,0,0,0,0,0,0,0,0,0,0,1.0,1.0,1.0,0.0,0.0,0.0,2,0,0
5875,25,10,15,0,4,0,21,12,0,0,0,9,10,0,0,0,0,0,0,0,0,0,0,1.0,1.0,1.0,0.0,0.0,0.0,2,0,0
5876,25,10,15,0,4,0,21,12,0,0,0,9,10,0,0,0,0,0,0,0,0,0,0,1.0,1.0,1.0,0.0,0.0,0.0,2,0,0
5877,25,10,15,0,4,0,21,12,0,0,0,9,10,0,0,0,0,0,0,0,0,0,0,1.0,1.0,1.0,0.0,0.0,0.0,2,0,0
5878,25,10,15,0,4,0,21,12,0,0,0,9,10,0,0,0,0,0,0,0,0,0,0,1.0,1.0,1.0,0.0,0.0,0.0,2,0,0
5879,25,10,15,0,4,0,21,12,0,0,0,9,10,0,0,0,0,0,0,0,0,0,0,1.0,1.0,1.0,0.0,0.0,0.0,2,0,0
5880,25,10,15,0,4,0,21,12,0,0,0,9,10,0,0,0,0,0,0,0,0,0,0,1.0,1.0,1.0,0.0,0.0,0.0,2,0,0
5881,25,10,15,0,4,0,21,12,0,0,0,9,10,0,0,0,0,0,0,0,0,0,0,1.0,1.0,1.0,0.0,0.0,0.0,2,0,0
5882,25,10,15,0,4,0,21,12,0,0,0,9,10,0,0,0,0,0,0,0,0,0,0,1.0,1.0,1.0,0.0,0.0,0.0,2,0,0
5883,25,10,15,0,4,0,21,12,0,0,0,9,10,0,0,0,0,0,0,0,0,0,0,1.0,1.0,1.0,0.0,0.0,0.0,2,0,0
5884,25,10,15,0,4,0,21,12,0,0,0,9,10,0,0,0,0,0,0,0,0,0,0,1.0,1.0,1.0,0.0,0.0,0.0,2,0,0
5885,25,10,15,0,4,0,21,12,0,0,0,9,10,0,0,0,0,0,0,0,0,0,0,1.0,1.0,1.0,0.0,0.0,0.0,2,0,0
5886,25,10,15,0,4,0,21,12,0,0,0,9,10,0,0,0,0,0,0,0,0,0,0,1.0,1.0,1.0,0.0,0.0,0.0,2,0,0
5887,25,10,15,0,4,0,21,12,0,0,0,9,10,0,0,0,0,0,0,0,0,0,0,1.0,1.0,1.0,0.0,0.0,0.0,2,0,0
5888,25,10,15,0,4,0,21,12,0,0,0,9,10,0,0,0,0,0,0,0,0,0,0,1.0,1.0,1.0,0.0,0.0,0.0,2,0,0
5889,25,10,15,0,4,0,21,12,0,0,0,9,10,0,0,0,0,0,0,0,0,0,0,1.0,1.0,1.0,0.0,0.0,0.0,2,0,0
5890,25,10,15,0,4,0,21,12,0,0,0,9,10,0,0,0,0,0,0,0,0,0,0,1.0,1.0,1.0,0.0,0.0,0.0,2,0,0
5891,25,10,15,0,4,0,21,12,0,0,0,9,10,0,0,0,0,0,0,0,0,0,0,1.0,1.0,1.0,0.0,0.0,0.0,2,0,0
5892,25,10,15,0,4,0,21,12,0,0,0,9,10,0,0,0,0,0,0,0,0,0,0,1.0,1.0,1.0,0.0,0.0,0.0,2,0,0
5893,25,10,15,0,4,0,21,12,0,0,0,9,10,0,0,0,0,0,0,0,0,0,0,1.0,1.0,1.0,0.0,0.0,0.0,2,0,0
5894,25,10,15,0,4,0,21,12,0,0,0,9,10,0,0,0,0,0,0,0,0,0,0,1.0,1.0,1.0,0.0,0.0,0.0,2,0,0
5895,25,10,15,0,4,0,21,12,0,0,0,9,10,0,0,0,0,0,0,0,0,0,0,1.0,1.0,1.0,0.0,0.0,0.0,2,0,0
5896,25,10,15,0,4,0,21,12,0,0,0,9,10,0,0,0,0,0,0,0,0,0,0,1.0,1.0,1.0,0.0,0.0,0.0,2,0,0
5897,25,10,15,0,4,0,21,12,0,0,0,9,10,0,0,0,0,0,0,0,0,0,0,1.0,1.0,1.0,0.0,0.0,0.0,2,0,0
5898,25,10,15,0,4,0,21,12,0,0,0,9,10,0,0,0,0,0,0,0,0,0,0,1.0,1.0,1.0,0.0,0.0,0.0,2,0,0
5899,25,10,15,0,4,0,21,12,0,0,0,9,10,0,0,0,0,0,0,0,0,0,0,1.0,1.0,1.0,0.0,0.0,0.0,2,0,0
5900,25,10,15,0,4,0,21,12,0,0,0,9,10,0,0,0,0,0,0,0,0,0,0,1.0,1.0,1.0,0.0,0.0,0.0,2,0,0
5901,25,10,15,0,4,0,21,12,0,0,0,9,10,0,0,0,0,0,0,0,0,0,0,1.0,1.0,1.0,0.0,0.0,0.0,2,0,0
5902,25,10,15,0,4,0,21,12,0,0,0,9,10,0,0,0,0,0,0,0,0,0,0,1.0,1.0,1.0,0.0,0.0,0.0,2,0,0
5903,25,10,15,0,4,0,21,12,0,0,0,9,10,0,0,0,0,0,0,0,0,0,0,1.0,1.0,1.0,0.0,0.0,0.0,2,0,0
5904,25,10,15,0,4,0,21,12,0,0,0,9,10,0,0,0,0,0,0,0,0,0,0,1.0,1.0,1.0,0.0,0.0,0.0,2,0,0
5905,25,10,15,0,4,0,21,12,0,0,0,9,10,0,0,0,0,0,0,0,0,0,0,1.0,1.0,1.0,0.0,0.0,0.0,2,0,0
5906,25,10,15,0,4,0,21,12,0,0,0,9,10,0,0,0,0,0,0,0,0,0,0,1.0,1.0,1.0,0.0,0.0,0.0,2,0,0
5907,25,10,15,0,4,0,21,12,0,0,0,9,10,0,0,0,0,0,0,0,0,0,0,1.0,1.0,1.0,0.0,0.0,0.0,2,0,0
5908,25,10,15,0,4,0,21,12,0,0,0,9,10,0,0,0,0,0,0,0,0,0,0,1.0,1.0,1.0,0.0,0.0,0.0,2,0,0
5909,25,10,15,0,4,0,21,12,0,0,0,9,10,0,0,0,0,0,0,0,0,0,0,1.0,1.0,1.0,0.0,0.0,0.0,2,0,0
5910,25,10,15,0,4,0,21,12,0,0,0,9,10,0,0,0,0,0,0,0,0,0,0,1.0,1.0,1.0,0.0,0.0,0.0,2,0,0
5911,25,10,15,0,4,0,21,12,0,0,0,9,10,0,0,0,0,0,0,0,0,0,0,1.0,1.0,1.0,0.0,0.0,0.0,2,0,0
5912,25,10,15,0,4,0,21,12,0,0,0,9,10,0,0,0,0,0,0,0,0,0,0,1.0,1.0,1.0,0.0,0.0,0.0,2,0,0
5913,25,10,15,0,4,0,21,12,0,0,0,9,10,0,0,0,0,0,0,0,0,0,0,1.0,1.0,1.0,0.0,0.0,0.0,2,0,0
5914,25,10,15,0,4,0,21,12,0,0,0,9,10,0,0,0,0,0,0,0,0,0,0,1.0,1.0,1.0,0.0,0.0,0.0,2,0,0
5915,25,10,15,0,4,0,21,12,0,0,0,9,10,0,0,0,0,0,0,0,0,0,0,1.0,1.0,1.0,0.0,0.0,0.0,2,0,0
5916,25,10,15,0,4,0,21,12,0,0,0,9,10,0,0,0,0,0,0,0,0,0,0,1.0,1.0,1.0,0.0,0.0,0.0,2,0,0
5917,25,10,15,0,4,0,21,12,0,0,0,9,10,0,0,0,0,0,0,0,0,0,0,1.0,1.0,1.0,0.0,0.0,0.0,2,0,0
5918,24,10,14,0,3,0,21,12,0,0,0,9,10,0,0,0,0,0,0,0,1,0,1,0.75,1.0,1.0,0.0,0.0,0.0,2,0,1
5919,24,10,14,0,3,0,21,12,0,0,0,9,10,0,0,0,0,0,0,0,0,0,0,1.0,1.0,1.0,0.0,0.0,0.0,2,0,0
5920,24,10,14,0,3,0,21,12,0,0,0,9,10,0,0,0,0,0,0,0,0,0,0,1.0,1.0,1.0,0.0,0.0,0.0,2,0,0
5921,24,10,14,0,3,0,21,12,0,0,0,9,10,0,0,0,0,0,0,0,0,0,0,1.0,1.0,1.0,0.0,0.0,0.0,2,0,0
5922,24,10,14,0,3,0,21,12,0,0,0,9,10,0,0,0,0,0,0,0,0,0,0,1.0,1.0,1.0,0.0,0.0,0.0,2,0,0
5923,24,10,14,0,3,0,21,12,0,0,0,9,10,0,0,0,0,0,0,0,0,0,0,1.0,1.0,1.0,0.0,0.0,0.0,2,0,0
5924,24,10,14,0,3,0,21,12,0,0,0,9,10,0,0,0,0,0,0,0,0,0,0,1.0,1.0,1.0,0.0,0.0,0.0,2,0,0
5925,24,10,14,0,3,0,21,12,0,0,0,9,10,0,0,0,0,0,0,0,0,0,0,1.0,1.0,1.0,0.0,0.0,0.0,2,0,0
5926,24,10,14,0,3,0,21,12,0,0,0,9,10,0,0,0,0,0,0,0,0,0,0,1.0,1.0,1.0,0.0,0.0,0.0,2,0,0
5927,24,10,14,0,3,0,21,12,0,0,0,9,10,0,0,0,0,0,0,0,0,0,0,1.0,1.0,1.0,0.0,0.0,0.0,2,0,0
5928,24,10,14,0,3,0,21,12,0,0,0,9,10,0,0,0,0,0,0,0,0,0,0,1.0,1.0,1.0,0.0,0.0,0.0,2,0,0
5929,24,10,14,0,3,0,21,12,0,0,0,9,10,0,0,0,0,0,0,0,0,0,0,1.0,1.0,1.0,0.0,0.0,0.0,2,0,0
5930,24,10,14,0,3,0,21,12,0,0,0,9,10,0,0,0,0,0,0,0,0,0,0,1.0,1.0,1.0,0.0,0.0,0.0,2,0,0
5931,24,10,14,0,3,0,21,12,0,0,0,9,10,0,0,0,0,0,0,0,0,0,0,1.0,1.0,1.0,0.0,0.0,0.0,2,0,0
5932,24,10,14,0,3,0,21,12,0,0,0,9,11,0,1,0,0,0,0,0,0,0,0,1.0,1.0,1.0,0.0,0.0,0.0,2,0,0
5933,24,10,14,0,3,0,21,12,0,0,0,9,11,0,0,0,0,0,0,0,0,0,0,1.0,1.0,1.0,0.0,0.0,0.0,2,0,0
5934,24,10,14,0,3,0,21,12,0,0,0,9,12,0,1,0,0,0,0,0,0,0,0,1.0,1.0,1.0,0.0,0.0,0.0,2,0,0
5935,24,10,14,0,3,0,21,12,0,0,0,9,12,0,0,0,0,0,0,0,0,0,0,1.0,1.0,1.0,0.0,0.0,0.0,2,0,0
5936,24,10,14,0,3,0,21,12,0,0,0,9,12,0,0,0,0,0,0,0,0,0,0,1.0,1.0,1.0,0.0,0.0,0.0,2,0,0
5937,24,10,14,0,3,0,21,12,0,0,0,9,12,0,0,0,0,0,0,0,0,0,0,1.0,1.0,1.0,0.0,0.0,0.0,2,0,0
5938,24,10,14,0,3,0,21,12,0,0,0,9,12,0,0,0,0,0,0,0,0,0,0,1.0,1.0,1.0,0.0,0.0,0.0,2,0,0
5939,24,10,14,0,3,0,21,12,0,0,0,9,12,0,0,0,0,0,0,0,0,0,0,1.0,1.0,1.0,0.0,0.0,0.0,2,0,0
5940,24,10,14,0,3,0,21,12,0,0,0,9,12,0,0,0,0,0,0,0,0,0,0,1.0,1.0,1.0,0.0,0.0,0.0,2,0,0
5941,24,10,14,0,3,0,21,12,0,0,0,9,12,0,0,0,0,0,0,0,0,0,0,1.0,1.0,1.0,0.0,0.0,0.0,2,0,0
5942,23,9,14,0,3,0,20,12,0,0,0,8,12,0,0,0,0,0,0,0,0,0,0,1.0,0.8888888888888888,1.0,0.0,0.0,0.0,2,0,1
5943,23,9,14,0,3,0,20,12,0,0,0,8,12,0,0,0,0,0,0,0,0,0,0,1.0,1.0,1.0,0.0,0.0,0.0,2,0,0
5944,23,9,14,0,3,0,20,12,0,0,0,8,12,0,0,0,0,0,0,0,0,0,0,1.0,1.0,1.0,0.0,0.0,0.0,2,0,0
5945,23,9,14,0,3,0,20,12,0,0,0,8,12,0,0,0,0,0,0,0,0,0,0,1.0,1.0,1.0,0.0,0.0,0.0,2,0,0
5946,23,9,14,0,3,0,20,12,0,0,0,8,12,0,0,0,0,0,0,0,0,0,0,1.0,1.0,1.0,0.0,0.0,0.0,2,0,0
5947,23,9,14,0,3,0,20,12,0,0,0,8,12,0,0,0,0,0,0,0,0,0,0,1.0,1.0,1.0,0.0,0.0,0.0,2,0,0
5948,23,9,14,0,3,0,20,12,0,0,0,8,12,0,0,0,0,0,0,0,0,0,0,1.0,1.0,1.0,0.0,0.0,0.0,2,0,0
5949,23,9,14,0,3,0,20,12,0,0,0,8,12,0,0,0,0,0,0,0,0,0,0,1.0,1.0,1.0,0.0,0.0,0.0,2,0,0
5950,23,9,14,0,3,0,20,12,0,0,0,8,12,0,0,0,0,0,0,0,0,0,0,1.0,1.0,1.0,0.0,0.0,0.0,2,0,0
5951,23,9,14,0,3,0,20,12,0,0,0,8,12,0,0,0,0,0,0,0,0,0,0,1.0,1.0,1.0,0.0,0.0,0.0,2,0,0
5952,23,9,14,0,3,0,20,12,0,0,0,8,12,0,0,0,0,0,0,0,0,0,0,1.0,1.0,1.0,0.0,0.0,0.0,2,0,0
5953,23,9,14,0,3,0,20,12,0,0,0,8,12,0,0,0,0,0,0,0,0,0,0,1.0,1.0,1.0,0.0,0.0,0.0,2,0,0
5954,23,9,14,0,3,0,20,12,0,0,0,8,12,0,0,0,0,0,0,0,0,0,0,1.0,1.0,1.0,0.0,0.0,0.0,2,0,0
5955,23,9,14,0,3,0,20,12,0,0,0,8,12,0,0,0,0,0,0,0,0,0,0,1.0,1.0,1.0,0.0,0.0,0.0,2,0,0
5956,23,9,14,0,3,0,20,12,0,0,0,8,12,0,0,0,0,0,0,0,0,0,0,1.0,1.0,1.0,0.0,0.0,0.0,2,0,0
5957,23,9,14,0,3,0,20,12,0,0,0,8,12,0,0,0,0,0,0,0,0,0,0,1.0,1.0,1.0,0.0,0.0,0.0,2,0,0
5958,23,9,14,0,3,0,20,12,0,0,0,8,12,0,0,0,0,0,0,0,0,0,0,1.0,1.0,1.0,0.0,0.0,0.0,2,0,0
5959,23,9,14,0,3,0,20,12,0,0,0,8,12,0,0,0,0,0,0,0,0,0,0,1.0,1.0,1.0,0.0,0.0,0.0,2,0,0
5960,23,9,14,0,3,0,20,12,0,0,0,8,12,0,0,0,0,0,0,0,0,0,0,1.0,1.0,1.0,0.0,0.0,0.0,2,0,0
5961,23,9,14,0,3,0,20,12,0,0,0,8,12,0,0,0,0,0,0,0,0,0,0,1.0,1.0,1.0,0.0,0.0,0.0,2,0,0
5962,23,9,14,0,3,0,20,12,0,0,0,8,12,0,0,0,0,0,0,0,0,0,0,1.0,1.0,1.0,0.0,0.0,0.0,2,0,0
5963,23,9,14,0,3,0,20,12,0,0,0,8,12,0,0,0,0,0,0,0,0,0,0,1.0,1.0,1.0,0.0,0.0,0.0,2,0,0
5964,23,9,14,0,3,0,20,12,0,0,0,8,12,0,0,0,0,0,0,0,0,0,0,1.0,1.0,1.0,0.0,0.0,0.0,2,0,0
5965,23,9,14,0,3,0,20,12,0,0,0,8,12,0,0,0,0,0,0,0,0,0,0,1.0,1.0,1.0,0.0,0.0,0.0,2,0,0
5966,23,9,14,0,3,0,20,12,0,0,0,8,12,0,0,0,0,0,0,0,0,0,0,1.0,1.0,1.0,0.0,0.0,0.0,2,0,0
5967,23,9,14,0,3,0,20,12,0,0,0,8,12,0,0,0,0,0,0,0,0,0,0,1.0,1.0,1.0,0.0,0.0,0.0,2,0,0
5968,23,9,14,0,3,0,20,12,0,0,0,8,12,0,0,0,0,0,0,0,0,0,0,1.0,1.0,1.0,0.0,0.0,0.0,2,0,0
5969,22,9,13,0,3,0,19,11,0,0,0,8,11,0,0,0,0,0,0,0,0,0,0,1.0,1.0,0.9166666666666666,0.0,0.0,0.0,2,0,1
5970,22,9,13,0,3,0,19,11,0,0,0,8,11,0,0,0,0,0,0,0,0,0,0,1.0,1.0,1.0,0.0,0.0,0.0,2,0,0
5971,22,9,13,0,3,0,19,11,0,0,0,8,11,0,0,0,0,0,0,0,0,0,0,1.0,1.0,1.0,0.0,0.0,0.0,2,0,0
5972,22,9,13,0,3,0,19,11,0,0,0,8,11,0,0,0,0,0,0,0,0,0,0,1.0,1.0,1.0,0.0,0.0,0.0,2,0,0
5973,22,9,13,0,3,0,19,11,0,0,0,8,11,0,0,0,0,0,0,0,0,0,0,1.0,1.0,1.0,0.0,0.0,0.0,2,0,0
5974,22,9,13,0,3,0,19,11,0,0,0,8,11,0,0,0,0,0,0,0,0,0,0,1.0,1.0,1.0,0.0,0.0,0.0,2,0,0
5975,22,9,13,0,3,0,19,11,0,0,0,8,11,0,0,0,0,0,0,0,0,0,0,1.0,1.0,1.0,0.0,0.0,0.0,2,0,0
5976,22,9,13,0,3,0,19,11,0,0,0,8,11,0,0,0,0,0,0,0,0,0,0,1.0,1.0,1.0,0.0,0.0,0.0,2,0,0
5977,22,9,13,0,3,0,19,11,0,0,0,8,11,0,0,0,0,0,0,0,0,0,0,1.0,1.0,1.0,0.0,0.0,0.0,2,0,0
5978,22,9,13,0,3,0,19,11,0,0,0,8,11,0,0,0,0,0,0,0,0,0,0,1.0,1.0,1.0,0.0,0.0,0.0,2,0,0
5979,22,9,13,0,3,0,19,11,0,0,0,8,11,0,0,0,0,0,0,0,0,0,0,1.0,1.0,1.0,0.0,0.0,0.0,2,0,0
5980,22,9,13,0,3,0,19,11,0,0,0,8,11,0,0,0,0,0,0,0,0,0,0,1.0,1.0,1.0,0.0,0.0,0.0,2,0,0
5981,22,9,13,0,3,0,19,11,0,0,0,8,11,0,0,0,0,0,0,0,0,0,0,1.0,1.0,1.0,0.0,0.0,0.0,2,0,0
5982,22,9,13,0,3,0,19,11,0,0,0,8,11,0,0,0,0,0,0,0,0,0,0,1.0,1.0,1.0,0.0,0.0,0.0,2,0,0
5983,22,9,13,0,3,0,19,11,0,0,0,8,11,0,0,0,0,0,0,0,0,0,0,1.0,1.0,1.0,0.0,0.0,0.0,2,0,0
5984,22,9,13,0,3,0,19,11,0,0,0,8,11,0,0,0,0,0,0,0,0,0,0,1.0,1.0,1.0,0.0,0.0,0.0,2,0,0
5985,22,9,13,0,3,0,19,11,0,0,0,8,11,0,0,0,0,0,0,0,0,0,0,1.0,1.0,1.0,0.0,0.0,0.0,2,0,0
5986,22,9,13,0,3,0,19,11,0,0,0,8,11,0,0,0,0,0,0,0,0,0,0,1.0,1.0,1.0,0.0,0.0,0.0,2,0,0
5987,22,9,13,0,3,0,19,11,0,0,0,8,11,0,0,0,0,0,0,0,0,0,0,1.0,1.0,1.0,0.0,0.0,0.0,2,0,0
5988,22,9,13,0,3,0,19,11,0,0,0,8,11,0,0,0,0,0,0,0,0,0,0,1.0,1.0,1.0,0.0,0.0,0.0,2,0,0
5989,22,9,13,0,3,0,19,11,0,0,0,8,11,0,0,0,0,0,0,0,0,0,0,1.0,1.0,1.0,0.0,0.0,0.0,2,0,0
5990,22,9,13,0,3,0,19,11,0,0,0,8,11,0,0,0,0,0,0,0,0,0,0,1.0,1.0,1.0,0.0,0.0,0.0,2,0,0
5991,22,9,13,0,3,0,19,11,0,0,0,8,11,0,0,0,0,0,0,0,0,0,0,1.0,1.0,1.0,0.0,0.0,0.0,2,0,0
5992,22,9,13,0,3,0,19,11,0,0,0,8,11,0,0,0,0,0,0,0,0,0,0,1.0,1.0,1.0,0.0,0.0,0.0,2,0,0
5993,22,9,13,0,3,0,19,11,0,0,0,8,11,0,0,0,0,0,0,0,0,0,0,1.0,1.0,1.0,0.0,0.0,0.0,2,0,0
5994,22,9,13,0,3,0,19,11,0,0,0,8,11,0,0,0,0,0,0,0,0,0,0,1.0,1.0,1.0,0.0,0.0,0.0,2,0,0
5995,22,9,13,0,3,0,19,11,0,0,0,8,11,0,0,0,0,0,0,0,0,0,0,1.0,1.0,1.0,0.0,0.0,0.0,2,0,0
5996,22,9,13,0,3,0,19,11,0,0,0,8,11,0,0,0,0,0,0,0,0,0,0,1.0,1.0,1.0,0.0,0.0,0.0,2,0,0
5997,22,9,13,0,3,0,19,11,0,0,0,8,11,0,0,0,0,0,0,0,0,0,0,1.0,1.0,1.0,0.0,0.0,0.0,2,0,0
5998,22,9,13,0,3,0,19,11,0,0,0,8,11,0,0,0,0,0,0,0,0,0,0,1.0,1.0,1.0,0.0,0.0,0.0,2,0,0
5999,22,9,13,0,3,0,19,11,0,0,0,8,11,0,0,0,0,0,0,0,0,0,0,1.0,1.0,1.0,0.0,0.0,0.0,2,0,0
6000,22,9,13,0,3,0,19,11,0,0,0,8,11,0,0,0,0,0,0,0,0,0,0,1.0,1.0,1.0,0.0,0.0,0.0,2,0,0
