day,N_tot,N_male,N_female,N_kitten,N_young_juv,N_older_juv,N_adult,N_adult_female,N_pregnant,N_pseudo_pregnant,N_nursing,N_treated_male,N_treated_female,daily_capture_male,daily_capture_female,daily_active_units,daily_mating,daily_pregnancy,daily_pseudo_pregnancy,daily_litter,daily_early_death,daily_early_survived,daily_preventable_death,P_sv_baby,P_sv_adult_male,P_sv_adult_female,r_birth,r_death,rate_pregnancy,nonempty_units,daily_births,daily_deaths
1,50,25,25,11,21,8,10,7,0,0,0,0,0,0,0,0,0,0,0,0,0,0,0,1.0,1.0,1.0,0.0,0.0,0.0,5,0,0
2,50,25,25,10,22,8,10,7,0,0,0,0,0,0,0,0,0,0,0,0,0,0,0,1.0,1.0,1.0,0.0,0.0,0.0,5,0,0
3,50,25,25,10,22,8,10,7,0,0,0,0,0,0,0,0,0,0,0,0,0,0,0,1.0,1.0,1.0,0.0,0.0,0.0,5,0,0
4,50,25,25,10,21,9,10,7,0,0,0,0,0,0,0,0,0,0,0,0,0,0,0,1.0,1.0,1.0,0.0,0.0,0.0,5,0,0
5,50,25,25,10,21,9,10,7,0,0,0,0,0,0,0,0,0,0,0,0,0,0,0,1.0,1.0,1.0,0.0,0.0,0.0,5,0,0
6,50,25,25,9,22,9,10,7,0,0,0,0,0,0,0,0,0,0,0,0,0,0,0,1.0,1.0,1.0,0.0,0.0,0.0,5,0,0
7,50,25,25,9,22,9,10,7,0,0,0,0,0,0,0,0,0,0,0,0,0,0,0,1.0,1.0,1.0,0.0,0.0,0.0,5,0,0
8,50,25,25,9,22,8,11,8,0,0,0,0,0,0,0,0,0,0,0,0,0,0,0,1.0,1.0,1.0,0.0,0.0,0.0,5,0,0
9,48,24,24,7,22,8,11,8,0,0,0,0,0,0,0,0,0,0,0,0,2,0,2,0.935483870967742,1.0,1.0,0.0,0.0,0.0,5,0,2
10,48,24,24,7,22,8,11,8,0,0,0,0,0,0,0,0,0,0,0,0,0,0,0,1.0,1.0,1.0,0.0,0.0,0.0,5,0,0
11,48,24,24,7,22,8,11,8,0,0,0,0,0,0,0,0,0,0,0,0,0,0,0,1.0,1.0,1.0,0.0,0.0,0.0,5,0,0
12,47,23,24,7,21,8,11,8,0,0,0,0,0,0,0,0,0,0,0,0,1,0,1,0.9655172413793104,1.0,1.0,0.0,0.0,0.0,5,0,1
13,46,22,24,7,20,8,11,8,0,0,0,0,0,0,0,0,0,0,0,0,1,0,1,0.9642857142857143,1.0,1.0,0.0,0.0,0.0,5,0,1
14,46,22,24,7,20,8,11,8,0,0,0,0,0,0,0,0,0,0,0,0,0,0,0,1.0,1.0,1.0,0.0,0.0,0.0,5,0,0
15,46,22,24,6,21,8,11,8,0,0,0,0,0,0,0,0,0,0,0,0,0,0,0,1.0,1.0,1.0,0.0,0.0,0.0,5,0,0
16,46,22,24,6,21,8,11,8,0,0,0,0,0,0,0,0,0,0,0,0,0,0,0,1.0,1.0,1.0,0.0,0.0,0.0,5,0,0
17,46,22,24,6,21,8,11,8,0,0,0,0,0,0,0,0,0,0,0,0,0,0,0,1.0,1.0,1.0,0.0,0.0,0.0,5,0,0
18,46,22,24,6,21,7,12,8,0,0,0,0,0,0,0,0,0,0,0,0,0,0,0,1.0,1.0,1.0,0.0,0.0,0.0,5,0,0
19,46,22,24,6,21,5,14,10,0,0,0,0,0,0,0,0,0,0,0,0,0,0,0,1.0,1.0,1.0,0.0,0.0,0.0,5,0,0
20,46,22,24,6,21,5,14,10,0,0,0,0,0,0,0,0,0,0,0,0,0,0,0,1.0,1.0,1.0,0.0,0.0,0.0,5,0,0
21,46,22,24,6,21,5,14,10,0,0,0,0,0,0,0,0,0,0,0,0,0,0,0,1.0,1.0,1.0,0.0,0.0,0.0,5,0,0
22,46,22,24,5,22,5,14,10,0,0,0,0,0,0,0,0,0,0,0,0,0,0,0,1.0,1.0,1.0,0.0,0.0,0.0,5,0,0
23,46,22,24,5,22,5,14,10,0,0,0,0,0,0,0,0,0,0,0,0,0,0,0,1.0,1.0,1.0,0.0,0.0,0.0,5,0,0
24,45,21,24,5,21,5,14,10,0,0,0,0,0,0,0,0,0,0,0,0,1,0,1,0.962962962962963,1.0,1.0,0.0,0.0,0.0,5,0,1
25,45,21,24,5,21,5,14,10,0,0,0,0,0,0,0,0,0,0,0,0,0,0,0,1.0,1.0,1.0,0.0,0.0,0.0,5,0,0
26,45,21,24,5,21,5,14,10,0,0,0,0,0,0,0,0,0,0,0,0,0,0,0,1.0,1.0,1.0,0.0,0.0,0.0,5,0,0
27,45,21,24,5,21,5,14,10,0,0,0,0,0,0,0,0,0,0,0,0,0,1,0,1.0,1.0,1.0,0.0,0.0,0.0,5,0,0
28,45,21,24,5,21,5,14,10,0,0,0,0,0,0,0,0,0,0,0,0,0,1,0,1.0,1.0,1.0,0.0,0.0,0.0,5,0,0
29,44,20,24,4,21,5,14,10,0,0,0,0,0,0,0,0,0,0,0,0,1,1,1,0.9615384615384616,1.0,1.0,0.0,0.0,0.0,5,0,1
30,44,20,24,4,21,5,14,10,3,1,0,0,0,0,0,0,15,3,1,0,0,0,0,1.0,1.0,1.0,0.0,0.0,0.2,5,0,0
31,44,20,24,4,20,6,14,10,4,1,0,0,0,0,0,0,15,1,0,0,0,0,0,1.0,1.0,1.0,0.0,0.0,0.06666666666666667,5,0,0
32,44,20,24,4,19,7,14,10,5,2,0,0,0,0,0,0,11,1,1,0,0,0,0,1.0,1.0,1.0,0.0,0.0,0.09090909090909091,5,0,0
33,44,20,24,3,19,8,14,10,8,2,0,0,0,0,0,0,14,3,0,0,0,0,0,1.0,1.0,1.0,0.0,0.0,0.21428571428571427,5,0,0
34,44,20,24,3,19,8,14,10,8,2,0,0,0,0,0,0,0,0,0,0,0,0,0,1.0,1.0,1.0,0.0,0.0,0.0,5,0,0
35,43,20,23,3,18,8,14,10,8,2,0,0,0,0,0,0,0,0,0,0,1,0,1,0.9545454545454546,1.0,1.0,0.0,0.0,0.0,5,0,1
36,43,20,23,3,18,8,14,10,8,2,0,0,0,0,0,0,0,0,0,0,0,1,0,1.0,1.0,1.0,0.0,0.0,0.0,5,0,0
37,43,20,23,3,18,8,14,10,8,2,0,0,0,0,0,0,0,0,0,0,0,0,0,1.0,1.0,1.0,0.0,0.0,0.0,5,0,0
38,43,20,23,2,19,8,14,10,8,2,0,0,0,0,0,0,0,0,0,0,0,0,0,1.0,1.0,1.0,0.0,0.0,0.0,5,0,0
39,43,20,23,2,19,8,14,10,8,2,0,0,0,0,0,0,0,0,0,0,0,0,0,1.0,1.0,1.0,0.0,0.0,0.0,5,0,0
40,43,20,23,1,19,9,14,10,8,2,0,0,0,0,0,0,0,0,0,0,0,0,0,1.0,1.0,1.0,0.0,0.0,0.0,5,0,0
41,43,20,23,0,20,9,14,10,8,2,0,0,0,0,0,0,0,0,0,0,0,1,0,1.0,1.0,1.0,0.0,0.0,0.0,5,0,0
42,43,20,23,0,20,9,14,10,8,2,0,0,0,0,0,0,0,0,0,0,0,0,0,1.0,1.0,1.0,0.0,0.0,0.0,5,0,0
43,43,20,23,0,20,9,14,10,8,2,0,0,0,0,0,0,0,0,0,0,0,0,0,1.0,1.0,1.0,0.0,0.0,0.0,5,0,0
44,43,20,23,0,20,9,14,10,8,2,0,0,0,0,0,0,0,0,0,0,0,0,0,1.0,1.0,1.0,0.0,0.0,0.0,5,0,0
45,42,19,23,0,18,10,14,10,8,2,0,0,0,0,0,0,0,0,0,0,1,0,1,0.9473684210526316,1.0,1.0,0.0,0.0,0.0,5,0,1
46,42,19,23,0,18,10,14,10,8,2,0,0,0,0,0,0,0,0,0,0,0,0,0,1.0,1.0,1.0,0.0,0.0,0.0,5,0,0
47,42,19,23,0,18,10,14,10,8,2,0,0,0,0,0,0,0,0,0,0,0,0,0,1.0,1.0,1.0,0.0,0.0,0.0,5,0,0
48,42,19,23,0,18,10,14,10,8,2,0,0,0,0,0,0,0,0,0,0,0,0,0,1.0,1.0,1.0,0.0,0.0,0.0,5,0,0
49,42,19,23,0,18,10,14,10,8,2,0,0,0,0,0,0,0,0,0,0,0,0,0,1.0,1.0,1.0,0.0,0.0,0.0,5,0,0
50,41,18,23,0,17,10,14,10,8,2,0,0,0,0,0,0,0,0,0,0,1,0,1,0.9444444444444444,1.0,1.0,0.0,0.0,0.0,5,0,1
51,41,18,23,0,17,9,15,10,8,2,0,0,0,0,0,0,0,0,0,0,0,0,0,1.0,1.0,1.0,0.0,0.0,0.0,5,0,0
52,41,18,23,0,17,9,15,10,8,2,0,0,0,0,0,0,0,0,0,0,0,0,0,1.0,1.0,1.0,0.0,0.0,0.0,5,0,0
53,41,18,23,0,17,9,15,10,8,2,0,0,0,0,0,0,0,0,0,0,0,1,0,1.0,1.0,1.0,0.0,0.0,0.0,5,0,0
54,41,18,23,0,17,9,15,10,8,2,0,0,0,0,0,0,0,0,0,0,0,0,0,1.0,1.0,1.0,0.0,0.0,0.0,5,0,0
55,41,18,23,0,17,9,15,10,8,2,0,0,0,0,0,0,0,0,0,0,0,0,0,1.0,1.0,1.0,0.0,0.0,0.0,5,0,0
56,41,18,23,0,17,9,15,10,8,2,0,0,0,0,0,0,0,0,0,0,0,0,0,1.0,1.0,1.0,0.0,0.0,0.0,5,0,0
57,41,18,23,0,16,10,15,10,8,2,0,0,0,0,0,0,0,0,0,0,0,0,0,1.0,1.0,1.0,0.0,0.0,0.0,5,0,0
58,41,18,23,0,16,10,15,10,8,2,0,0,0,0,0,0,0,0,0,0,0,0,0,1.0,1.0,1.0,0.0,0.0,0.0,5,0,0
59,41,18,23,0,16,10,15,10,8,2,0,0,0,0,0,0,0,0,0,0,0,0,0,1.0,1.0,1.0,0.0,0.0,0.0,5,0,0
60,41,18,23,0,16,10,15,10,8,2,0,0,0,0,0,0,0,0,0,0,0,0,0,1.0,1.0,1.0,0.0,0.0,0.0,5,0,0
61,41,18,23,0,16,10,15,10,8,2,0,0,0,0,0,0,0,0,0,0,0,0,0,1.0,1.0,1.0,0.0,0.0,0.0,5,0,0
62,41,18,23,0,16,10,15,10,8,2,0,0,0,0,0,0,0,0,0,0,0,0,0,1.0,1.0,1.0,0.0,0.0,0.0,5,0,0
63,41,18,23,0,16,10,15,10,8,2,0,0,0,0,0,0,0,0,0,0,0,0,0,1.0,1.0,1.0,0.0,0.0,0.0,5,0,0
64,41,18,23,0,16,10,15,10,8,2,0,0,0,0,0,0,0,0,0,0,0,0,0,1.0,1.0,1.0,0.0,0.0,0.0,5,0,0
65,41,18,23,0,16,10,15,10,8,2,0,0,0,0,0,0,0,0,0,0,0,0,0,1.0,1.0,1.0,0.0,0.0,0.0,5,0,0
66,41,18,23,0,16,10,15,10,8,2,0,0,0,0,0,0,0,0,0,0,0,0,0,1.0,1.0,1.0,0.0,0.0,0.0,5,0,0
67,41,18,23,0,16,10,15,10,8,2,0,0,0,0,0,0,0,0,0,0,0,1,0,1.0,1.0,1.0,0.0,0.0,0.0,5,0,0
68,41,18,23,0,16,9,16,10,8,2,0,0,0,0,0,0,0,0,0,0,0,0,0,1.0,1.0,1.0,0.0,0.0,0.0,5,0,0
69,41,18,23,0,16,9,16,10,8,2,0,0,0,0,0,0,0,0,0,0,0,0,0,1.0,1.0,1.0,0.0,0.0,0.0,5,0,0
70,41,18,23,0,16,9,16,10,8,2,0,0,0,0,0,0,0,0,0,0,0,0,0,1.0,1.0,1.0,0.0,0.0,0.0,5,0,0
71,41,18,23,0,15,10,16,10,8,2,0,0,0,0,0,0,0,0,0,0,0,0,0,1.0,1.0,1.0,0.0,0.0,0.0,5,0,0
72,41,18,23,0,15,10,16,10,8,2,0,0,0,0,0,0,0,0,0,0,0,0,0,1.0,1.0,1.0,0.0,0.0,0.0,5,0,0
73,41,18,23,0,15,10,16,10,8,2,0,0,0,0,0,0,0,0,0,0,0,0,0,1.0,1.0,1.0,0.0,0.0,0.0,5,0,0
74,41,18,23,0,15,10,16,10,8,2,0,0,0,0,0,0,0,0,0,0,0,0,0,1.0,1.0,1.0,0.0,0.0,0.0,5,0,0
75,41,18,23,0,15,10,16,10,8,1,0,0,0,0,0,0,0,0,0,0,0,0,0,1.0,1.0,1.0,0.0,0.0,0.0,5,0,0
76,41,18,23,0,15,10,16,10,9,1,0,0,0,0,0,0,6,1,0,0,0,1,0,1.0,1.0,1.0,0.0,0.0,0.16666666666666666,5,0,0
77,41,18,23,0,15,10,16,10,9,0,0,0,0,0,0,0,0,0,0,0,0,0,0,1.0,1.0,1.0,0.0,0.0,0.0,5,0,0
78,41,18,23,0,15,10,16,10,10,0,0,0,0,0,0,0,6,1,0,0,0,0,0,1.0,1.0,1.0,0.0,0.0,0.16666666666666666,5,0,0
79,41,18,23,0,15,10,16,10,10,0,0,0,0,0,0,0,0,0,0,0,0,0,0,1.0,1.0,1.0,0.0,0.0,0.0,5,0,0
80,41,18,23,0,14,11,16,10,10,0,0,0,0,0,0,0,0,0,0,0,0,0,0,1.0,1.0,1.0,0.0,0.0,0.0,5,0,0
81,41,18,23,0,14,11,16,10,10,0,0,0,0,0,0,0,0,0,0,0,0,0,0,1.0,1.0,1.0,0.0,0.0,0.0,5,0,0
82,40,18,22,0,14,10,16,10,10,0,0,0,0,0,0,0,6,1,0,0,0,0,0,1.0,1.0,0.9090909090909091,0.0,0.0,0.16666666666666666,5,0,1
83,40,18,22,0,14,10,16,10,10,0,0,0,0,0,0,0,0,0,0,0,0,0,0,1.0,1.0,1.0,0.0,0.0,0.0,5,0,0
84,40,18,22,0,14,10,16,10,10,0,0,0,0,0,0,0,0,0,0,0,0,0,0,1.0,1.0,1.0,0.0,0.0,0.0,5,0,0
85,40,18,22,0,14,10,16,10,10,0,0,0,0,0,0,0,0,0,0,0,0,0,0,1.0,1.0,1.0,0.0,0.0,0.0,5,0,0
86,40,18,22,0,14,10,16,10,10,0,0,0,0,0,0,0,0,0,0,0,0,1,0,1.0,1.0,1.0,0.0,0.0,0.0,5,0,0
87,40,18,22,0,14,10,16,10,10,0,0,0,0,0,0,0,0,0,0,0,0,0,0,1.0,1.0,1.0,0.0,0.0,0.0,5,0,0
88,40,18,22,0,14,10,16,10,10,0,0,0,0,0,0,0,0,0,0,0,0,0,0,1.0,1.0,1.0,0.0,0.0,0.0,5,0,0
89,40,18,22,0,14,10,16,10,10,0,0,0,0,0,0,0,0,0,0,0,0,0,0,1.0,1.0,1.0,0.0,0.0,0.0,5,0,0
90,40,18,22,0,13,11,16,10,10,0,0,0,0,0,0,0,0,0,0,0,0,0,0,1.0,1.0,1.0,0.0,0.0,0.0,5,0,0
91,40,18,22,0,13,11,16,10,10,0,0,0,0,0,0,0,0,0,0,0,0,0,0,1.0,1.0,1.0,0.0,0.0,0.0,5,0,0
92,39,17,22,0,12,11,16,10,10,0,0,0,0,0,0,0,0,0,0,0,1,0,1,0.9230769230769231,1.0,1.0,0.0,0.0,0.0,5,0,1
93,39,17,22,0,12,11,16,10,10,0,0,0,0,0,0,0,0,0,0,0,0,0,0,1.0,1.0,1.0,0.0,0.0,0.0,5,0,0
94,39,17,22,0,12,11,16,10,10,0,0,0,0,0,0,0,0,0,0,0,0,1,0,1.0,1.0,1.0,0.0,0.0,0.0,5,0,0
95,49,25,24,11,12,11,15,9,6,0,3,0,0,0,0,0,0,0,0,3,0,0,0,1.0,1.0,0.9,0.28205128205128205,0.28205128205128205,0.0,5,11,1
96,51,27,24,14,11,11,15,9,5,0,4,0,0,0,0,0,0,0,0,1,1,0,1,0.9565217391304348,1.0,1.0,0.061224489795918366,0.061224489795918366,0.0,5,3,1
97,55,30,25,18,11,11,15,9,4,0,5,0,0,0,0,0,0,0,0,1,0,0,0,1.0,1.0,1.0,0.0784313725490196,0.0784313725490196,0.0,5,4,0
98,59,31,28,23,9,12,15,9,2,0,7,0,0,0,0,0,0,0,0,2,2,0,2,0.9285714285714286,1.0,1.0,0.10909090909090909,0.10909090909090909,0.0,5,6,2
99,57,31,26,21,9,12,15,9,2,0,7,0,0,0,0,0,0,0,0,0,2,1,2,0.9375,1.0,1.0,0.0,0.0,0.0,5,0,2
100,57,31,26,21,9,12,15,9,2,0,7,0,0,0,0,0,0,0,0,0,0,0,0,1.0,1.0,1.0,0.0,0.0,0.0,5,0,0
101,55,29,26,20,9,12,14,9,2,0,7,0,0,0,0,0,0,0,0,0,1,0,1,0.9666666666666667,0.8333333333333334,1.0,0.0,0.0,0.0,5,0,2
102,54,29,25,20,8,12,14,9,2,0,7,0,0,0,0,0,0,0,0,0,1,0,1,0.9655172413793104,1.0,1.0,0.0,0.0,0.0,5,0,1
103,54,29,25,20,7,13,14,9,2,0,7,0,0,0,0,0,0,0,0,0,0,0,0,1.0,1.0,1.0,0.0,0.0,0.0,5,0,0
104,54,29,25,20,7,13,14,9,2,0,7,0,0,0,0,0,0,0,0,0,0,0,0,1.0,1.0,1.0,0.0,0.0,0.0,5,0,0
105,54,29,25,20,7,12,15,10,2,0,7,0,0,0,0,0,0,0,0,0,0,0,0,1.0,1.0,1.0,0.0,0.0,0.0,5,0,0
106,53,29,24,20,7,11,15,10,2,0,7,0,0,0,0,0,0,0,0,0,0,0,0,1.0,1.0,1.0,0.0,0.0,0.0,5,0,1
107,53,29,24,20,7,11,15,10,2,0,7,0,0,0,0,0,0,0,0,0,0,0,0,1.0,1.0,1.0,0.0,0.0,0.0,5,0,0
108,51,28,23,18,7,11,15,10,3,0,7,0,0,0,0,0,5,1,0,0,2,0,2,0.9259259259259259,1.0,1.0,0.0,0.0,0.2,5,0,2
109,51,28,23,18,7,11,15,10,3,0,7,0,0,0,0,0,0,0,0,0,0,0,0,1.0,1.0,1.0,0.0,0.0,0.0,5,0,0
110,51,28,23,18,7,11,15,10,3,0,7,0,0,0,0,0,0,0,0,0,0,0,0,1.0,1.0,1.0,0.0,0.0,0.0,5,0,0
111,51,28,23,18,7,11,15,10,3,0,7,0,0,0,0,0,0,0,0,0,0,0,0,1.0,1.0,1.0,0.0,0.0,0.0,5,0,0
112,50,27,23,17,7,11,15,10,3,0,7,0,0,0,0,0,0,0,0,0,1,1,1,0.96,1.0,1.0,0.0,0.0,0.0,5,0,1
113,50,27,23,17,7,11,15,10,3,0,7,0,0,0,0,0,0,0,0,0,0,0,0,1.0,1.0,1.0,0.0,0.0,0.0,5,0,0
114,49,27,22,17,7,10,15,10,3,0,7,0,0,0,0,0,0,0,0,0,0,0,0,1.0,1.0,1.0,0.0,0.0,0.0,5,0,1
115,49,27,22,17,7,10,15,10,3,0,7,0,0,0,0,0,0,0,0,0,0,0,0,1.0,1.0,1.0,0.0,0.0,0.0,5,0,0
116,49,27,22,17,6,11,15,10,3,0,7,0,0,0,0,0,0,0,0,0,0,0,0,1.0,1.0,1.0,0.0,0.0,0.0,5,0,0
117,49,27,22,17,6,11,15,10,3,0,7,0,0,0,0,0,0,0,0,0,0,0,0,1.0,1.0,1.0,0.0,0.0,0.0,5,0,0
118,49,27,22,17,6,11,15,10,3,0,7,0,0,0,0,0,0,0,0,0,0,0,0,1.0,1.0,1.0,0.0,0.0,0.0,5,0,0
119,49,27,22,17,6,11,15,10,3,0,7,0,0,0,0,0,0,0,0,0,0,0,0,1.0,1.0,1.0,0.0,0.0,0.0,5,0,0
120,49,27,22,17,6,11,15,10,3,0,7,0,0,0,0,0,0,0,0,0,0,0,0,1.0,1.0,1.0,0.0,0.0,0.0,5,0,0
121,49,27,22,17,6,11,15,10,3,0,7,0,0,0,0,0,0,0,0,0,0,0,0,1.0,1.0,1.0,0.0,0.0,0.0,5,0,0
122,48,26,22,17,5,11,15,10,3,0,7,0,0,0,0,0,0,0,0,0,1,0,1,0.9565217391304348,1.0,1.0,0.0,0.0,0.0,5,0,1
123,47,26,21,16,5,11,15,10,3,0,7,0,0,0,0,0,0,0,0,0,1,0,1,0.9545454545454546,1.0,1.0,0.0,0.0,0.0,5,0,1
124,47,26,21,16,5,11,15,10,3,0,7,0,0,0,0,0,0,0,0,0,0,0,0,1.0,1.0,1.0,0.0,0.0,0.0,5,0,0
125,47,26,21,16,5,11,15,10,3,0,7,0,0,0,0,0,0,0,0,0,0,0,0,1.0,1.0,1.0,0.0,0.0,0.0,5,0,0
126,46,26,20,15,5,11,15,10,3,0,7,0,0,0,0,0,0,0,0,0,1,0,1,0.9523809523809523,1.0,1.0,0.0,0.0,0.0,5,0,1
127,46,26,20,15,5,11,15,10,3,0,7,0,0,0,0,0,0,0,0,0,0,0,0,1.0,1.0,1.0,0.0,0.0,0.0,5,0,0
128,46,26,20,15,5,10,16,11,3,0,7,0,0,0,0,0,0,0,0,0,0,0,0,1.0,1.0,1.0,0.0,0.0,0.0,5,0,0
129,46,26,20,15,5,10,16,11,3,0,7,0,0,0,0,0,0,0,0,0,0,0,0,1.0,1.0,1.0,0.0,0.0,0.0,5,0,0
130,45,25,20,14,5,10,16,11,3,0,7,0,0,0,0,0,0,0,0,0,1,1,1,0.95,1.0,1.0,0.0,0.0,0.0,5,0,1
131,45,25,20,14,5,10,16,11,3,0,7,0,0,0,0,0,0,0,0,0,0,0,0,1.0,1.0,1.0,0.0,0.0,0.0,5,0,0
132,45,25,20,14,5,10,16,11,3,0,7,0,0,0,0,0,0,0,0,0,0,0,0,1.0,1.0,1.0,0.0,0.0,0.0,5,0,0
133,45,25,20,14,5,10,16,11,3,0,7,0,0,0,0,0,0,0,0,0,0,0,0,1.0,1.0,1.0,0.0,0.0,0.0,5,0,0
134,45,25,20,14,4,11,16,11,4,0,7,0,0,0,0,0,3,1,0,0,0,0,0,1.0,1.0,1.0,0.0,0.0,0.3333333333333333,5,0,0
135,45,25,20,14,4,11,16,11,4,0,7,0,0,0,0,0,0,0,0,0,0,0,0,1.0,1.0,1.0,0.0,0.0,0.0,5,0,0
136,45,25,20,14,4,11,16,11,4,0,7,0,0,0,0,0,0,0,0,0,0,0,0,1.0,1.0,1.0,0.0,0.0,0.0,5,0,0
137,45,25,20,14,4,11,16,11,4,0,7,0,0,0,0,0,0,0,0,0,0,0,0,1.0,1.0,1.0,0.0,0.0,0.0,5,0,0
138,45,25,20,9,9,11,16,11,4,0,7,0,0,0,0,0,0,0,0,0,0,0,0,1.0,1.0,1.0,0.0,0.0,0.0,5,0,0
139,43,23,20,6,12,10,15,11,4,0,7,0,0,0,0,0,0,0,0,0,0,1,0,1.0,0.6666666666666667,1.0,0.0,0.0,0.0,5,0,2
140,42,23,19,2,16,10,14,10,3,0,4,0,0,0,0,0,0,0,0,0,0,0,0,1.0,1.0,0.9090909090909091,0.0,0.0,0.0,5,0,1
141,42,23,19,0,18,10,14,10,4,0,3,0,0,0,0,0,8,1,0,0,0,0,0,1.0,1.0,1.0,0.0,0.0,0.125,5,0,0
142,42,23,19,0,18,10,14,10,6,1,2,0,0,0,0,0,6,2,1,0,0,0,0,1.0,1.0,1.0,0.0,0.0,0.3333333333333333,5,0,0
143,46,25,21,4,17,11,14,10,6,1,1,0,0,0,0,0,6,1,0,1,0,0,0,1.0,1.0,1.0,0.09523809523809523,0.09523809523809523,0.16666666666666666,5,4,0
144,45,24,21,4,16,11,14,10,7,1,1,0,0,0,0,0,6,1,0,0,1,0,1,0.9523809523809523,1.0,1.0,0.0,0.0,0.16666666666666666,5,0,1
145,45,24,21,4,16,11,14,10,8,1,1,0,0,0,0,0,3,1,0,0,0,0,0,1.0,1.0,1.0,0.0,0.0,0.3333333333333333,5,0,0
146,45,24,21,4,16,11,14,10,8,1,1,0,0,0,0,0,0,0,0,0,0,0,0,1.0,1.0,1.0,0.0,0.0,0.0,5,0,0
147,44,24,20,4,15,11,14,10,8,1,1,0,0,0,0,0,0,0,0,0,1,0,1,0.95,1.0,1.0,0.0,0.0,0.0,5,0,1
148,44,24,20,4,15,11,14,10,8,1,1,0,0,0,0,0,0,0,0,0,0,0,0,1.0,1.0,1.0,0.0,0.0,0.0,5,0,0
149,44,24,20,4,15,11,14,10,8,1,1,0,0,0,0,0,0,0,0,0,0,0,0,1.0,1.0,1.0,0.0,0.0,0.0,5,0,0
150,44,24,20,4,15,11,14,10,8,1,1,0,0,0,0,0,0,0,0,0,0,0,0,1.0,1.0,1.0,0.0,0.0,0.0,5,0,0
151,44,24,20,4,15,11,14,10,8,1,1,0,0,0,0,0,0,0,0,0,0,0,0,1.0,1.0,1.0,0.0,0.0,0.0,5,0,0
152,43,23,20,4,15,10,14,10,8,1,1,0,0,0,0,0,0,0,0,0,0,0,0,1.0,1.0,1.0,0.0,0.0,0.0,5,0,1
153,43,23,20,4,15,10,14,10,8,1,1,0,0,0,0,0,0,0,0,0,0,0,0,1.0,1.0,1.0,0.0,0.0,0.0,5,0,0
154,43,23,20,4,15,10,14,10,8,1,1,0,0,0,0,0,0,0,0,0,0,0,0,1.0,1.0,1.0,0.0,0.0,0.0,5,0,0
155,43,23,20,4,15,10,14,10,8,1,1,0,0,0,0,0,0,0,0,0,0,0,0,1.0,1.0,1.0,0.0,0.0,0.0,5,0,0
156,43,23,20,4,15,10,14,10,8,1,1,0,0,0,0,0,0,0,0,0,0,0,0,1.0,1.0,1.0,0.0,0.0,0.0,5,0,0
157,43,23,20,4,15,10,14,10,8,1,1,0,0,0,0,0,0,0,0,0,0,0,0,1.0,1.0,1.0,0.0,0.0,0.0,5,0,0
158,43,23,20,4,15,10,14,10,8,1,1,0,0,0,0,0,0,0,0,0,0,0,0,1.0,1.0,1.0,0.0,0.0,0.0,5,0,0
159,43,23,20,4,15,10,14,10,8,1,1,0,0,0,0,0,0,0,0,0,0,1,0,1.0,1.0,1.0,0.0,0.0,0.0,5,0,0
160,43,23,20,4,15,10,14,10,8,1,1,0,0,0,0,0,0,0,0,0,0,0,0,1.0,1.0,1.0,0.0,0.0,0.0,5,0,0
161,43,23,20,4,15,10,14,10,8,1,1,0,0,0,0,0,0,0,0,0,0,0,0,1.0,1.0,1.0,0.0,0.0,0.0,5,0,0
162,43,23,20,4,15,10,14,10,8,1,1,0,0,0,0,0,0,0,0,0,0,0,0,1.0,1.0,1.0,0.0,0.0,0.0,5,0,0
163,43,23,20,4,14,11,14,10,8,1,1,0,0,0,0,0,0,0,0,0,0,0,0,1.0,1.0,1.0,0.0,0.0,0.0,5,0,0
164,43,23,20,4,14,11,14,10,8,1,1,0,0,0,0,0,0,0,0,0,0,0,0,1.0,1.0,1.0,0.0,0.0,0.0,5,0,0
165,43,23,20,4,14,11,14,10,8,1,1,0,0,0,0,0,0,0,0,0,0,0,0,1.0,1.0,1.0,0.0,0.0,0.0,5,0,0
166,42,23,19,4,14,11,13,9,7,1,1,0,0,0,0,0,0,0,0,0,0,0,0,1.0,1.0,0.9,0.0,0.0,0.0,5,0,1
167,41,22,19,4,13,10,14,9,7,1,1,0,0,0,0,0,0,0,0,0,1,0,1,0.9444444444444444,1.0,1.0,0.0,0.0,0.0,5,0,1
168,41,22,19,4,13,10,14,9,7,1,1,0,0,0,0,0,0,0,0,0,0,0,0,1.0,1.0,1.0,0.0,0.0,0.0,5,0,0
169,41,22,19,4,13,10,14,9,7,1,1,0,0,0,0,0,0,0,0,0,0,0,0,1.0,1.0,1.0,0.0,0.0,0.0,5,0,0
170,41,22,19,4,13,10,14,9,7,1,1,0,0,0,0,0,0,0,0,0,0,1,0,1.0,1.0,1.0,0.0,0.0,0.0,5,0,0
171,41,22,19,4,13,10,14,9,7,1,1,0,0,0,0,0,0,0,0,0,0,0,0,1.0,1.0,1.0,0.0,0.0,0.0,5,0,0
172,40,21,19,4,13,10,13,9,7,1,1,0,0,0,0,0,0,0,0,0,0,0,0,1.0,0.8,1.0,0.0,0.0,0.0,5,0,1
173,44,24,20,8,13,10,13,9,6,1,2,0,0,0,0,0,0,0,0,1,0,0,0,1.0,1.0,1.0,0.1,0.1,0.0,5,4,0
174,44,24,20,8,12,11,13,9,6,1,2,0,0,0,0,0,0,0,0,0,0,0,0,1.0,1.0,1.0,0.0,0.0,0.0,5,0,0
175,44,24,20,8,12,10,14,9,6,1,2,0,0,0,0,0,0,0,0,0,0,0,0,1.0,1.0,1.0,0.0,0.0,0.0,5,0,0
176,44,24,20,8,12,10,14,9,6,1,2,0,0,0,0,0,0,0,0,0,0,0,0,1.0,1.0,1.0,0.0,0.0,0.0,5,0,0
177,44,24,20,8,12,10,14,9,6,1,2,0,0,0,0,0,0,0,0,0,0,0,0,1.0,1.0,1.0,0.0,0.0,0.0,5,0,0
178,44,24,20,8,12,10,14,9,6,1,2,0,0,0,0,0,0,0,0,0,0,1,0,1.0,1.0,1.0,0.0,0.0,0.0,5,0,0
179,44,24,20,8,12,10,14,9,6,1,2,0,0,0,0,0,0,0,0,0,0,0,0,1.0,1.0,1.0,0.0,0.0,0.0,5,0,0
180,44,24,20,8,12,10,14,9,6,1,2,0,0,0,0,0,0,0,0,0,0,0,0,1.0,1.0,1.0,0.0,0.0,0.0,5,0,0
181,44,24,20,8,12,10,14,9,6,1,2,0,0,0,0,0,0,0,0,0,0,0,0,1.0,1.0,1.0,0.0,0.0,0.0,5,0,0
182,44,24,20,8,11,11,14,9,6,1,2,0,0,0,0,0,0,0,0,0,0,0,0,1.0,1.0,1.0,0.0,0.0,0.0,5,0,0
183,44,24,20,8,11,11,14,9,6,1,2,0,0,0,0,0,0,0,0,0,0,0,0,1.0,1.0,1.0,0.0,0.0,0.0,5,0,0
184,44,24,20,8,11,11,14,9,6,1,2,0,0,0,0,0,0,0,0,0,0,0,0,1.0,1.0,1.0,0.0,0.0,0.0,5,0,0
185,43,23,20,8,10,11,14,9,6,1,2,0,0,0,0,0,0,0,0,0,1,0,1,0.9473684210526316,1.0,1.0,0.0,0.0,0.0,5,0,1
186,43,23,20,4,14,11,14,9,6,1,2,0,0,0,0,0,0,0,0,0,0,0,0,1.0,1.0,1.0,0.0,0.0,0.0,5,0,0
187,43,23,20,4,14,11,14,9,6,0,2,0,0,0,0,0,0,0,0,0,0,0,0,1.0,1.0,1.0,0.0,0.0,0.0,5,0,0
188,43,23,20,4,14,11,14,9,7,0,1,0,0,0,0,0,6,1,0,0,0,0,0,1.0,1.0,1.0,0.0,0.0,0.16666666666666666,5,0,0
189,43,23,20,4,14,11,14,9,8,0,1,0,0,0,0,0,4,1,0,0,0,0,0,1.0,1.0,1.0,0.0,0.0,0.25,5,0,0
190,43,23,20,4,14,11,14,9,8,0,1,0,0,0,0,0,0,0,0,0,0,0,0,1.0,1.0,1.0,0.0,0.0,0.0,5,0,0
191,43,23,20,4,14,11,14,9,8,0,1,0,0,0,0,0,0,0,0,0,0,0,0,1.0,1.0,1.0,0.0,0.0,0.0,5,0,0
192,43,23,20,4,14,11,14,9,8,0,1,0,0,0,0,0,0,0,0,0,0,0,0,1.0,1.0,1.0,0.0,0.0,0.0,5,0,0
193,43,23,20,4,14,11,14,9,8,0,1,0,0,0,0,0,0,0,0,0,0,0,0,1.0,1.0,1.0,0.0,0.0,0.0,5,0,0
194,43,23,20,4,14,11,14,9,8,0,1,0,0,0,0,0,0,0,0,0,0,0,0,1.0,1.0,1.0,0.0,0.0,0.0,5,0,0
195,43,23,20,4,14,11,14,9,8,0,1,0,0,0,0,0,0,0,0,0,0,0,0,1.0,1.0,1.0,0.0,0.0,0.0,5,0,0
196,43,23,20,4,14,11,14,9,8,0,1,0,0,0,0,0,0,0,0,0,0,0,0,1.0,1.0,1.0,0.0,0.0,0.0,5,0,0
197,43,23,20,4,14,11,14,9,8,0,1,0,0,0,0,0,0,0,0,0,0,0,0,1.0,1.0,1.0,0.0,0.0,0.0,5,0,0
198,43,23,20,4,14,11,14,9,8,0,1,0,0,0,0,0,0,0,0,0,0,0,0,1.0,1.0,1.0,0.0,0.0,0.0,5,0,0
199,46,25,21,7,14,11,14,9,7,0,2,0,0,0,0,0,0,0,0,1,0,0,0,1.0,1.0,1.0,0.06976744186046512,0.06976744186046512,0.0,5,3,0
200,46,25,21,7,14,11,14,9,7,0,2,0,0,0,0,0,0,0,0,0,0,0,0,1.0,1.0,1.0,0.0,0.0,0.0,5,0,0
201,46,25,21,7,14,11,14,9,7,0,2,0,0,0,0,0,0,0,0,0,0,0,0,1.0,1.0,1.0,0.0,0.0,0.0,5,0,0
202,45,24,21,6,14,11,14,9,7,0,2,0,0,0,0,0,0,0,0,0,1,0,1,0.9523809523809523,1.0,1.0,0.0,0.0,0.0,5,0,1
203,45,24,21,6,14,11,14,9,7,0,2,0,0,0,0,0,0,0,0,0,0,0,0,1.0,1.0,1.0,0.0,0.0,0.0,5,0,0
204,45,24,21,6,14,11,14,9,7,0,2,0,0,0,0,0,0,0,0,0,0,0,0,1.0,1.0,1.0,0.0,0.0,0.0,5,0,0
205,45,24,21,6,14,11,14,9,7,0,2,0,0,0,0,0,0,0,0,0,0,0,0,1.0,1.0,1.0,0.0,0.0,0.0,5,0,0
206,49,27,22,10,14,10,15,9,6,0,3,0,0,0,0,0,0,0,0,1,0,0,0,1.0,1.0,1.0,0.08888888888888889,0.08888888888888889,0.0,5,4,0
207,55,30,25,16,14,9,16,10,4,0,5,0,0,0,0,0,0,0,0,2,0,0,0,1.0,1.0,1.0,0.12244897959183673,0.12244897959183673,0.0,5,6,0
208,58,32,26,20,13,9,16,10,3,0,6,0,0,0,0,0,0,0,0,1,1,0,1,0.9666666666666667,1.0,1.0,0.07272727272727272,0.07272727272727272,0.0,5,4,1
209,60,35,25,24,12,8,16,10,2,0,7,0,0,0,0,0,0,0,0,1,1,0,1,0.9696969696969697,1.0,1.0,0.06896551724137931,0.06896551724137931,0.0,5,4,2
210,60,35,25,24,12,8,16,10,2,0,7,0,0,0,0,0,0,0,0,0,0,0,0,1.0,1.0,1.0,0.0,0.0,0.0,5,0,0
211,57,33,24,22,11,8,16,10,2,0,7,0,0,0,0,0,0,0,0,0,3,0,3,0.9166666666666666,1.0,1.0,0.0,0.0,0.0,5,0,3
212,57,33,24,22,11,8,16,10,3,0,7,0,0,0,0,0,6,1,0,0,0,0,0,1.0,1.0,1.0,0.0,0.0,0.16666666666666666,5,0,0
213,57,33,24,22,11,8,16,10,3,0,7,0,0,0,0,0,0,0,0,0,0,0,0,1.0,1.0,1.0,0.0,0.0,0.0,5,0,0
214,56,32,24,21,11,8,16,10,3,0,7,0,0,0,0,0,0,0,0,0,1,0,1,0.9696969696969697,1.0,1.0,0.0,0.0,0.0,5,0,1
215,55,31,24,20,11,7,17,10,3,0,7,0,0,0,0,0,0,0,0,0,1,0,1,0.96875,1.0,1.0,0.0,0.0,0.0,5,0,1
216,55,31,24,17,14,7,17,10,3,0,7,0,0,0,0,0,0,0,0,0,0,0,0,1.0,1.0,1.0,0.0,0.0,0.0,5,0,0
217,54,31,23,16,14,7,17,10,3,0,7,0,0,0,0,0,0,0,0,0,1,0,1,0.967741935483871,1.0,1.0,0.0,0.0,0.0,5,0,1
218,54,31,23,16,14,7,17,10,3,0,6,0,0,0,0,0,0,0,0,0,0,0,0,1.0,1.0,1.0,0.0,0.0,0.0,5,0,0
219,53,31,22,16,13,7,17,10,4,0,6,0,0,0,0,0,5,1,0,0,1,0,1,0.9666666666666667,1.0,1.0,0.0,0.0,0.2,5,0,1
220,53,31,22,16,13,7,17,10,4,0,6,0,0,0,0,0,0,0,0,0,0,0,0,1.0,1.0,1.0,0.0,0.0,0.0,5,0,0
221,53,31,22,16,13,7,17,10,4,0,6,0,0,0,0,0,0,0,0,0,0,0,0,1.0,1.0,1.0,0.0,0.0,0.0,5,0,0
222,53,31,22,16,13,7,17,10,4,0,6,0,0,0,0,0,0,0,0,0,0,0,0,1.0,1.0,1.0,0.0,0.0,0.0,5,0,0
223,53,31,22,16,13,7,17,10,4,0,6,0,0,0,0,0,0,0,0,0,0,0,0,1.0,1.0,1.0,0.0,0.0,0.0,5,0,0
224,53,31,22,16,13,7,17,10,4,0,6,0,0,0,0,0,0,0,0,0,0,0,0,1.0,1.0,1.0,0.0,0.0,0.0,5,0,0
225,53,31,22,16,13,7,17,10,4,0,6,0,0,0,0,0,0,0,0,0,0,0,0,1.0,1.0,1.0,0.0,0.0,0.0,5,0,0
226,53,31,22,16,13,7,17,10,4,0,6,0,0,0,0,0,0,0,0,0,0,0,0,1.0,1.0,1.0,0.0,0.0,0.0,5,0,0
227,53,31,22,16,13,7,17,10,4,0,6,0,0,0,0,0,0,0,0,0,0,0,0,1.0,1.0,1.0,0.0,0.0,0.0,5,0,0
228,53,31,22,16,13,7,17,10,4,0,6,0,0,0,0,0,0,0,0,0,0,0,0,1.0,1.0,1.0,0.0,0.0,0.0,5,0,0
229,53,31,22,16,13,7,17,10,4,0,6,0,0,0,0,0,0,0,0,0,0,0,0,1.0,1.0,1.0,0.0,0.0,0.0,5,0,0
230,52,30,22,16,12,7,17,10,4,0,6,0,0,0,0,0,0,0,0,0,1,0,1,0.9655172413793104,1.0,1.0,0.0,0.0,0.0,5,0,1
231,52,30,22,16,12,7,17,10,4,0,6,0,0,0,0,0,0,0,0,0,0,0,0,1.0,1.0,1.0,0.0,0.0,0.0,5,0,0
232,51,30,21,15,12,7,17,10,4,0,6,0,0,0,0,0,0,0,0,0,1,0,1,0.9642857142857143,1.0,1.0,0.0,0.0,0.0,5,0,1
233,51,30,21,15,12,7,17,10,4,0,6,0,0,0,0,0,0,0,0,0,0,0,0,1.0,1.0,1.0,0.0,0.0,0.0,5,0,0
234,50,30,20,15,11,7,17,10,4,0,6,0,0,0,0,0,0,0,0,0,1,0,1,0.962962962962963,1.0,1.0,0.0,0.0,0.0,5,0,1
235,50,30,20,15,11,6,18,11,4,0,6,0,0,0,0,0,0,0,0,0,0,0,0,1.0,1.0,1.0,0.0,0.0,0.0,5,0,0
236,50,30,20,15,11,6,18,11,4,0,6,0,0,0,0,0,0,0,0,0,0,0,0,1.0,1.0,1.0,0.0,0.0,0.0,5,0,0
237,50,30,20,15,11,6,18,11,4,0,6,0,0,0,0,0,0,0,0,0,0,0,0,1.0,1.0,1.0,0.0,0.0,0.0,5,0,0
238,50,30,20,15,11,5,19,11,5,0,6,0,0,0,0,0,6,1,0,0,0,0,0,1.0,1.0,1.0,0.0,0.0,0.16666666666666666,5,0,0
239,50,30,20,15,11,5,19,11,5,0,6,0,0,0,0,0,0,0,0,0,0,0,0,1.0,1.0,1.0,0.0,0.0,0.0,5,0,0
240,50,30,20,15,11,5,19,11,5,0,6,0,0,0,0,0,0,0,0,0,0,0,0,1.0,1.0,1.0,0.0,0.0,0.0,5,0,0
241,50,30,20,15,11,5,19,11,5,0,6,0,0,0,0,0,0,0,0,0,0,0,0,1.0,1.0,1.0,0.0,0.0,0.0,5,0,0
242,50,30,20,14,12,5,19,11,5,0,6,0,0,0,0,0,0,0,0,0,0,0,0,1.0,1.0,1.0,0.0,0.0,0.0,5,0,0
243,50,30,20,14,12,5,19,11,5,0,6,0,0,0,0,0,0,0,0,0,0,0,0,1.0,1.0,1.0,0.0,0.0,0.0,5,0,0
244,50,30,20,14,12,5,19,11,5,0,5,0,0,0,0,0,0,0,0,0,0,0,0,1.0,1.0,1.0,0.0,0.0,0.0,5,0,0
245,50,30,20,14,12,5,19,11,6,0,5,0,0,0,0,0,6,1,0,0,0,0,0,1.0,1.0,1.0,0.0,0.0,0.16666666666666666,5,0,0
246,50,30,20,14,12,5,19,11,6,0,5,0,0,0,0,0,0,0,0,0,0,0,0,1.0,1.0,1.0,0.0,0.0,0.0,5,0,0
247,50,30,20,14,12,5,19,11,6,0,5,0,0,0,0,0,0,0,0,0,0,0,0,1.0,1.0,1.0,0.0,0.0,0.0,5,0,0
248,50,30,20,14,12,5,19,11,6,0,5,0,0,0,0,0,0,0,0,0,0,0,0,1.0,1.0,1.0,0.0,0.0,0.0,5,0,0
249,49,30,19,12,14,5,18,10,6,0,4,0,0,0,0,0,0,0,0,0,0,0,0,1.0,1.0,0.9090909090909091,0.0,0.0,0.0,5,0,1
250,49,30,19,7,19,5,18,10,6,0,4,0,0,0,0,0,0,0,0,0,0,0,0,1.0,1.0,1.0,0.0,0.0,0.0,5,0,0
251,49,30,19,4,22,5,18,10,6,0,3,0,0,0,0,0,0,0,0,0,0,0,0,1.0,1.0,1.0,0.0,0.0,0.0,5,0,0
252,49,30,19,0,26,5,18,10,7,0,1,0,0,0,0,0,6,1,0,0,0,0,0,1.0,1.0,1.0,0.0,0.0,0.16666666666666666,5,0,0
253,53,32,21,4,26,5,18,10,6,0,1,0,0,0,0,0,5,0,0,1,0,0,0,1.0,1.0,1.0,0.08163265306122448,0.08163265306122448,0.0,5,4,0
254,57,34,23,8,26,5,18,10,7,0,2,0,0,0,0,0,5,2,0,1,0,0,0,1.0,1.0,1.0,0.07547169811320754,0.07547169811320754,0.4,5,4,0
255,57,34,23,8,26,5,18,10,8,0,2,0,0,0,0,0,8,1,0,0,0,0,0,1.0,1.0,1.0,0.0,0.0,0.125,5,0,0
256,56,33,23,8,25,5,18,10,8,0,2,0,0,0,0,0,0,0,0,0,1,0,1,0.9705882352941176,1.0,1.0,0.0,0.0,0.0,5,0,1
257,56,33,23,8,25,5,18,10,8,0,2,0,0,0,0,0,0,0,0,0,0,0,0,1.0,1.0,1.0,0.0,0.0,0.0,5,0,0
258,55,32,23,8,24,5,18,10,8,0,2,0,0,0,0,0,0,0,0,0,1,0,1,0.9696969696969697,1.0,1.0,0.0,0.0,0.0,5,0,1
259,55,32,23,8,24,5,18,10,8,0,2,0,0,0,0,0,0,0,0,0,0,0,0,1.0,1.0,1.0,0.0,0.0,0.0,5,0,0
260,55,32,23,8,24,5,18,10,8,0,2,0,0,0,0,0,0,0,0,0,0,0,0,1.0,1.0,1.0,0.0,0.0,0.0,5,0,0
261,55,32,23,8,24,5,18,10,8,0,2,0,0,0,0,0,0,0,0,0,0,0,0,1.0,1.0,1.0,0.0,0.0,0.0,5,0,0
262,54,32,22,8,23,5,18,10,8,0,2,0,0,0,0,0,0,0,0,0,1,0,1,0.96875,1.0,1.0,0.0,0.0,0.0,5,0,1
263,54,32,22,8,23,5,18,10,8,0,2,0,0,0,0,0,0,0,0,0,0,0,0,1.0,1.0,1.0,0.0,0.0,0.0,5,0,0
264,54,32,22,8,23,5,18,10,8,0,2,0,0,0,0,0,0,0,0,0,0,0,0,1.0,1.0,1.0,0.0,0.0,0.0,5,0,0
265,54,32,22,8,23,5,18,10,8,0,2,0,0,0,0,0,0,0,0,0,0,0,0,1.0,1.0,1.0,0.0,0.0,0.0,5,0,0
266,54,32,22,8,23,5,18,10,8,0,2,0,0,0,0,0,0,0,0,0,0,0,0,1.0,1.0,1.0,0.0,0.0,0.0,5,0,0
267,54,32,22,8,23,5,18,10,8,0,2,0,0,0,0,0,0,0,0,0,0,0,0,1.0,1.0,1.0,0.0,0.0,0.0,5,0,0
268,54,32,22,8,23,5,18,10,8,0,2,0,0,0,0,0,0,0,0,0,0,0,0,1.0,1.0,1.0,0.0,0.0,0.0,5,0,0
269,54,32,22,8,23,4,19,10,8,0,2,0,0,0,0,0,0,0,0,0,0,0,0,1.0,1.0,1.0,0.0,0.0,0.0,5,0,0
270,52,31,21,8,21,4,19,10,8,0,2,0,0,0,0,0,0,0,0,0,2,0,2,0.935483870967742,1.0,1.0,0.0,0.0,0.0,5,0,2
271,51,30,21,8,20,4,19,10,8,0,2,0,0,0,0,0,0,0,0,0,1,0,1,0.9655172413793104,1.0,1.0,0.0,0.0,0.0,5,0,1
272,50,30,20,8,19,4,19,10,8,0,2,0,0,0,0,0,0,0,0,0,1,0,1,0.9642857142857143,1.0,1.0,0.0,0.0,0.0,5,0,1
273,50,30,20,8,19,4,19,10,8,0,2,0,0,0,0,0,0,0,0,0,0,0,0,1.0,1.0,1.0,0.0,0.0,0.0,5,0,0
274,50,30,20,8,19,4,19,10,8,0,2,0,0,0,0,0,0,0,0,0,0,0,0,1.0,1.0,1.0,0.0,0.0,0.0,5,0,0
275,50,30,20,8,19,4,19,10,8,0,2,0,0,0,0,0,0,0,0,0,0,2,0,1.0,1.0,1.0,0.0,0.0,0.0,5,0,0
276,50,30,20,8,19,4,19,10,8,0,2,0,0,0,0,0,0,0,0,0,0,1,0,1.0,1.0,1.0,0.0,0.0,0.0,5,0,0
277,53,31,22,11,19,4,19,10,7,0,3,0,0,0,0,0,0,0,0,1,0,1,0,1.0,1.0,1.0,0.06,0.06,0.0,5,3,0
278,53,31,22,11,19,4,19,10,7,0,3,0,0,0,0,0,0,0,0,0,0,0,0,1.0,1.0,1.0,0.0,0.0,0.0,5,0,0
279,53,31,22,11,17,6,19,10,7,0,3,0,0,0,0,0,0,0,0,0,0,0,0,1.0,1.0,1.0,0.0,0.0,0.0,5,0,0
280,53,31,22,11,16,7,19,10,7,0,3,0,0,0,0,0,0,0,0,0,0,0,0,1.0,1.0,1.0,0.0,0.0,0.0,5,0,0
281,52,30,22,11,15,8,18,10,7,0,3,0,0,0,0,0,0,0,0,0,0,0,0,1.0,0.8888888888888888,1.0,0.0,0.0,0.0,5,0,1
282,51,29,22,10,15,8,18,10,7,0,3,0,0,0,0,0,0,0,0,0,1,0,1,0.9615384615384616,1.0,1.0,0.0,0.0,0.0,5,0,1
283,51,29,22,10,15,8,18,10,7,0,3,0,0,0,0,0,0,0,0,0,0,0,0,1.0,1.0,1.0,0.0,0.0,0.0,5,0,0
284,54,29,25,13,15,8,18,10,6,0,4,0,0,0,0,0,0,0,0,1,0,0,0,1.0,1.0,1.0,0.058823529411764705,0.058823529411764705,0.0,5,3,0
285,53,29,24,13,14,8,18,10,6,0,4,0,0,0,0,0,0,0,0,0,1,0,1,0.9642857142857143,1.0,1.0,0.0,0.0,0.0,5,0,1
286,53,29,24,13,14,8,18,10,6,0,4,0,0,0,0,0,0,0,0,0,0,0,0,1.0,1.0,1.0,0.0,0.0,0.0,5,0,0
287,53,29,24,13,14,8,18,10,6,0,4,0,0,0,0,0,0,0,0,0,0,0,0,1.0,1.0,1.0,0.0,0.0,0.0,5,0,0
288,51,29,22,11,14,8,18,10,6,0,4,0,0,0,0,0,0,0,0,0,2,0,2,0.9259259259259259,1.0,1.0,0.0,0.0,0.0,5,0,2
289,50,29,21,10,14,8,18,10,6,0,4,0,0,0,0,0,0,0,0,0,1,0,1,0.96,1.0,1.0,0.0,0.0,0.0,5,0,1
290,50,29,21,10,14,8,18,10,6,0,4,0,0,0,0,0,0,0,0,0,0,0,0,1.0,1.0,1.0,0.0,0.0,0.0,5,0,0
291,50,29,21,10,14,8,18,10,6,0,4,0,0,0,0,0,0,0,0,0,0,0,0,1.0,1.0,1.0,0.0,0.0,0.0,5,0,0
292,50,29,21,10,14,8,18,10,6,0,4,0,0,0,0,0,0,0,0,0,0,0,0,1.0,1.0,1.0,0.0,0.0,0.0,5,0,0
293,50,29,21,10,14,8,18,10,6,0,4,0,0,0,0,0,0,0,0,0,0,0,0,1.0,1.0,1.0,0.0,0.0,0.0,5,0,0
294,50,29,21,10,14,8,18,10,6,0,4,0,0,0,0,0,0,0,0,0,0,0,0,1.0,1.0,1.0,0.0,0.0,0.0,5,0,0
295,50,29,21,10,14,8,18,10,6,0,4,0,0,0,0,0,0,0,0,0,0,0,0,1.0,1.0,1.0,0.0,0.0,0.0,5,0,0
296,50,29,21,6,18,8,18,10,6,0,4,0,0,0,0,0,0,0,0,0,0,0,0,1.0,1.0,1.0,0.0,0.0,0.0,5,0,0
297,49,28,21,4,19,8,18,10,6,0,4,0,0,0,0,0,0,0,0,0,1,0,1,0.9583333333333334,1.0,1.0,0.0,0.0,0.0,5,0,1
298,49,28,21,4,19,8,18,10,6,0,3,0,0,0,0,0,0,0,0,0,0,0,0,1.0,1.0,1.0,0.0,0.0,0.0,5,0,0
299,48,27,21,4,18,8,18,10,7,0,2,0,0,0,0,0,8,1,0,0,1,0,1,0.9565217391304348,1.0,1.0,0.0,0.0,0.125,5,0,1
300,48,27,21,4,18,8,18,10,8,0,2,0,0,0,0,0,5,1,0,0,0,0,0,1.0,1.0,1.0,0.0,0.0,0.2,5,0,0
301,48,27,21,4,18,8,18,10,8,0,2,0,0,0,0,0,5,1,0,0,0,0,0,1.0,1.0,1.0,0.0,0.0,0.2,5,0,0
302,46,26,20,2,18,8,18,10,8,0,2,0,0,0,0,0,5,1,0,0,2,0,2,0.9090909090909091,1.0,1.0,0.0,0.0,0.2,5,0,2
303,50,28,22,6,18,8,18,10,7,0,3,0,0,0,0,0,5,1,0,1,0,0,0,1.0,1.0,1.0,0.08695652173913043,0.08695652173913043,0.2,5,4,0
304,50,28,22,6,18,8,18,10,7,0,3,0,0,0,0,0,5,1,0,0,0,0,0,1.0,1.0,1.0,0.0,0.0,0.2,5,0,0
305,49,28,21,6,17,8,18,10,7,0,3,0,0,0,0,0,5,1,0,0,1,0,1,0.9583333333333334,1.0,1.0,0.0,0.0,0.2,5,0,1
306,48,27,21,5,17,8,18,10,7,0,3,0,0,0,0,0,5,1,0,0,1,0,1,0.9565217391304348,1.0,1.0,0.0,0.0,0.2,5,0,1
307,48,27,21,5,17,8,18,10,7,0,3,0,0,0,0,0,5,1,0,0,0,0,0,1.0,1.0,1.0,0.0,0.0,0.2,5,0,0
308,48,27,21,5,17,8,18,10,7,0,3,0,0,0,0,0,5,1,0,0,0,0,0,1.0,1.0,1.0,0.0,0.0,0.2,5,0,0
309,48,27,21,5,17,8,18,10,7,0,3,0,0,0,0,0,5,1,0,0,0,0,0,1.0,1.0,1.0,0.0,0.0,0.2,5,0,0
310,51,30,21,8,17,8,18,10,6,0,4,0,0,0,0,0,5,1,0,1,0,0,0,1.0,1.0,1.0,0.0625,0.0625,0.2,5,3,0
311,51,30,21,8,17,8,18,10,6,0,4,0,0,0,0,0,5,1,0,0,0,0,0,1.0,1.0,1.0,0.0,0.0,0.2,5,0,0
312,50,29,21,8,16,8,18,10,6,0,4,0,0,0,0,0,5,1,0,0,1,0,1,0.96,1.0,1.0,0.0,0.0,0.2,5,0,1
313,49,29,20,7,16,8,18,10,6,0,4,0,0,0,0,0,5,1,0,0,1,0,1,0.9583333333333334,1.0,1.0,0.0,0.0,0.2,5,0,1
314,49,29,20,7,16,8,18,10,6,0,4,0,0,0,0,0,5,1,0,0,0,0,0,1.0,1.0,1.0,0.0,0.0,0.2,5,0,0
315,48,29,19,7,15,8,18,10,6,0,4,0,0,0,0,0,5,1,0,0,1,0,1,0.9565217391304348,1.0,1.0,0.0,0.0,0.2,5,0,1
316,48,29,19,7,15,8,18,10,6,0,4,0,0,0,0,0,5,1,0,0,0,0,0,1.0,1.0,1.0,0.0,0.0,0.2,5,0,0
317,52,30,22,11,15,7,19,10,5,0,5,0,0,0,0,0,5,1,0,1,0,0,0,1.0,1.0,1.0,0.08333333333333333,0.08333333333333333,0.2,5,4,0
318,52,30,22,11,15,7,19,10,5,0,5,0,0,0,0,0,5,1,0,0,0,0,0,1.0,1.0,1.0,0.0,0.0,0.2,5,0,0
319,60,35,25,19,15,7,19,10,3,0,7,0,0,0,0,0,5,1,0,2,0,0,0,1.0,1.0,1.0,0.15384615384615385,0.15384615384615385,0.2,5,8,0
320,64,36,28,23,15,7,19,10,2,0,8,0,0,0,0,0,5,1,0,1,0,0,0,1.0,1.0,1.0,0.06666666666666667,0.06666666666666667,0.2,5,4,0
321,64,36,28,23,15,7,19,10,2,0,8,0,0,0,0,0,5,1,0,0,0,0,0,1.0,1.0,1.0,0.0,0.0,0.2,5,0,0
322,62,35,27,22,14,7,19,10,2,0,7,0,0,0,0,0,5,1,0,0,2,0,2,0.9473684210526316,1.0,1.0,0.0,0.0,0.2,5,0,2
323,59,33,26,20,13,6,20,11,2,0,7,0,0,0,0,0,5,1,0,0,3,1,3,0.9166666666666666,1.0,1.0,0.0,0.0,0.2,5,0,3
324,58,33,25,20,12,6,20,11,2,0,7,0,0,0,0,0,5,1,0,0,1,0,1,0.9696969696969697,1.0,1.0,0.0,0.0,0.2,5,0,1
325,57,33,24,20,12,6,19,10,1,0,7,0,0,0,0,0,5,1,0,0,0,0,0,1.0,1.0,0.9090909090909091,0.0,0.0,0.2,5,0,1
326,57,33,24,20,12,6,19,10,1,0,7,0,0,0,0,0,5,1,0,0,0,0,0,1.0,1.0,1.0,0.0,0.0,0.2,5,0,0
327,56,32,24,18,12,7,19,10,1,0,7,0,0,0,0,0,5,1,0,0,1,0,1,0.967741935483871,1.0,1.0,0.0,0.0,0.2,5,0,1
328,56,32,24,18,12,7,19,10,1,0,7,0,0,0,0,0,5,1,0,0,0,0,0,1.0,1.0,1.0,0.0,0.0,0.2,5,0,0
329,56,32,24,18,12,7,19,10,1,0,6,0,0,0,0,0,5,1,0,0,0,0,0,1.0,1.0,1.0,0.0,0.0,0.2,5,0,0
330,56,32,24,18,12,7,19,10,1,0,6,0,0,0,0,0,5,1,0,0,0,0,0,1.0,1.0,1.0,0.0,0.0,0.2,5,0,0
331,56,32,24,18,12,7,19,10,1,0,6,0,0,0,0,0,5,1,0,0,0,0,0,1.0,1.0,1.0,0.0,0.0,0.2,5,0,0
332,56,32,24,18,12,7,19,10,1,0,6,0,0,0,0,0,5,1,0,0,0,0,0,1.0,1.0,1.0,0.0,0.0,0.2,5,0,0
333,54,31,23,17,11,7,19,10,1,0,6,0,0,0,0,0,5,1,0,0,2,0,2,0.9333333333333333,1.0,1.0,0.0,0.0,0.2,5,0,2
334,54,31,23,17,11,7,19,10,1,0,6,0,0,0,0,0,5,1,0,0,0,0,0,1.0,1.0,1.0,0.0,0.0,0.2,5,0,0
335,54,31,23,17,11,7,19,10,1,0,6,0,0,0,0,0,5,1,0,0,0,0,0,1.0,1.0,1.0,0.0,0.0,0.2,5,0,0
336,54,31,23,17,11,7,19,10,1,0,6,0,0,0,0,0,5,1,0,0,0,0,0,1.0,1.0,1.0,0.0,0.0,0.2,5,0,0
337,53,30,23,16,11,7,19,10,1,0,6,0,0,0,0,0,5,1,0,0,1,0,1,0.9642857142857143,1.0,1.0,0.0,0.0,0.2,5,0,1
338,53,30,23,16,11,7,19,10,1,0,6,0,0,0,0,0,5,1,0,0,0,0,0,1.0,1.0,1.0,0.0,0.0,0.2,5,0,0
339,53,30,23,16,11,7,19,10,1,0,6,0,0,0,0,0,5,1,0,0,0,0,0,1.0,1.0,1.0,0.0,0.0,0.2,5,0,0
340,53,30,23,16,11,7,19,10,1,0,6,0,0,0,0,0,5,1,0,0,0,0,0,1.0,1.0,1.0,0.0,0.0,0.2,5,0,0
341,53,30,23,16,11,7,19,10,1,0,6,0,0,0,0,0,5,1,0,0,0,0,0,1.0,1.0,1.0,0.0,0.0,0.2,5,0,0
342,53,30,23,16,11,7,19,10,1,0,6,0,0,0,0,0,5,1,0,0,0,0,0,1.0,1.0,1.0,0.0,0.0,0.2,5,0,0
343,53,30,23,16,11,7,19,10,1,0,6,0,0,0,0,0,5,1,0,0,0,0,0,1.0,1.0,1.0,0.0,0.0,0.2,5,0,0
344,53,30,23,16,11,7,19,10,1,0,6,0,0,0,0,0,5,1,0,0,0,0,0,1.0,1.0,1.0,0.0,0.0,0.2,5,0,0
345,52,30,22,15,11,7,19,10,1,0,6,0,0,0,0,0,5,1,0,0,1,0,1,0.962962962962963,1.0,1.0,0.0,0.0,0.2,5,0,1
346,52,30,22,14,12,7,19,10,1,0,6,0,0,0,0,0,5,1,0,0,0,0,0,1.0,1.0,1.0,0.0,0.0,0.2,5,0,0
347,52,30,22,14,12,7,19,10,1,0,6,0,0,0,0,0,5,1,0,0,0,0,0,1.0,1.0,1.0,0.0,0.0,0.2,5,0,0
348,52,30,22,14,12,7,19,10,1,0,5,0,0,0,0,0,5,1,0,0,0,0,0,1.0,1.0,1.0,0.0,0.0,0.2,5,0,0
349,52,30,22,14,12,7,19,10,1,0,5,0,0,0,0,0,5,1,0,0,0,0,0,1.0,1.0,1.0,0.0,0.0,0.2,5,0,0
350,52,30,22,14,12,7,19,10,1,0,5,0,0,0,0,0,5,1,0,0,0,0,0,1.0,1.0,1.0,0.0,0.0,0.2,5,0,0
351,52,30,22,14,12,7,19,10,1,0,5,0,0,0,0,0,5,1,0,0,0,0,0,1.0,1.0,1.0,0.0,0.0,0.2,5,0,0
352,52,30,22,14,12,7,19,10,1,0,5,0,0,0,0,0,5,1,0,0,0,0,0,1.0,1.0,1.0,0.0,0.0,0.2,5,0,0
353,52,30,22,12,14,7,19,10,1,0,5,0,0,0,0,0,5,1,0,0,0,1,0,1.0,1.0,1.0,0.0,0.0,0.2,5,0,0
354,52,30,22,12,14,7,19,10,1,0,5,0,0,0,0,0,5,1,0,0,0,0,0,1.0,1.0,1.0,0.0,0.0,0.2,5,0,0
355,51,29,22,11,14,7,19,10,1,0,4,0,0,0,0,0,5,1,0,0,1,0,1,0.9615384615384616,1.0,1.0,0.0,0.0,0.2,5,0,1
356,51,29,22,11,14,7,19,10,1,0,4,0,0,0,0,0,5,1,0,0,0,0,0,1.0,1.0,1.0,0.0,0.0,0.2,5,0,0
357,50,28,22,11,12,8,19,10,1,0,4,0,0,0,0,0,5,1,0,0,1,0,1,0.9583333333333334,1.0,1.0,0.0,0.0,0.2,5,0,1
358,50,28,22,11,12,8,19,10,1,0,4,0,0,0,0,0,5,1,0,0,0,0,0,1.0,1.0,1.0,0.0,0.0,0.2,5,0,0
359,48,26,22,11,10,8,19,10,1,0,4,0,0,0,0,0,5,1,0,0,2,0,2,0.9130434782608696,1.0,1.0,0.0,0.0,0.2,5,0,2
360,48,26,22,8,13,8,19,10,1,0,4,0,0,0,0,0,5,1,0,0,0,0,0,1.0,1.0,1.0,0.0,0.0,0.2,5,0,0
361,47,26,21,7,13,8,19,10,1,0,4,0,0,0,0,0,5,1,0,0,1,0,1,0.9523809523809523,1.0,1.0,0.0,0.0,0.2,5,0,1
362,45,25,20,1,17,8,19,10,1,0,3,0,0,0,0,0,5,1,0,0,2,0,2,0.9,1.0,1.0,0.0,0.0,0.2,5,0,2
363,45,25,20,0,18,8,19,10,1,0,3,0,0,0,0,0,5,1,0,0,0,0,0,1.0,1.0,1.0,0.0,0.0,0.2,5,0,0
364,45,25,20,0,18,8,19,10,1,0,1,0,0,0,0,0,5,1,0,0,0,0,0,1.0,1.0,1.0,0.0,0.0,0.2,5,0,0
365,48,27,21,3,18,8,19,10,0,0,1,0,0,0,0,0,5,1,0,1,0,0,0,1.0,1.0,1.0,0.06666666666666667,0.06666666666666667,0.2,5,3,0
366,47,27,20,3,18,8,18,9,0,0,0,0,0,0,0,0,5,1,0,0,0,0,0,1.0,1.0,0.9,0.0,0.0,0.2,5,0,1
367,47,27,20,3,18,8,18,9,0,0,0,0,0,0,0,0,5,1,0,0,0,0,0,1.0,1.0,1.0,0.0,0.0,0.2,5,0,0
368,47,27,20,3,18,8,18,9,0,0,0,0,0,0,0,0,5,1,0,0,0,0,0,1.0,1.0,1.0,0.0,0.0,0.2,5,0,0
369,46,27,19,3,17,8,18,9,0,0,0,0,0,0,0,0,5,1,0,0,1,0,1,0.9523809523809523,1.0,1.0,0.0,0.0,0.2,5,0,1
370,46,27,19,3,17,8,18,9,0,0,0,0,0,0,0,0,5,1,0,0,0,0,0,1.0,1.0,1.0,0.0,0.0,0.2,5,0,0
371,46,27,19,3,17,8,18,9,0,0,0,0,0,0,0,0,5,1,0,0,0,0,0,1.0,1.0,1.0,0.0,0.0,0.2,5,0,0
372,46,27,19,3,17,8,18,9,0,0,0,0,0,0,0,0,5,1,0,0,0,0,0,1.0,1.0,1.0,0.0,0.0,0.2,5,0,0
373,46,27,19,3,17,8,18,9,0,0,0,0,0,0,0,0,5,1,0,0,0,0,0,1.0,1.0,1.0,0.0,0.0,0.2,5,0,0
374,46,27,19,3,17,7,19,10,0,0,0,0,0,0,0,0,5,1,0,0,0,0,0,1.0,1.0,1.0,0.0,0.0,0.2,5,0,0
375,46,27,19,3,17,7,19,10,0,0,0,0,0,0,0,0,5,1,0,0,0,0,0,1.0,1.0,1.0,0.0,0.0,0.2,5,0,0
376,46,27,19,3,17,6,20,11,0,0,0,0,0,0,0,0,5,1,0,0,0,0,0,1.0,1.0,1.0,0.0,0.0,0.2,5,0,0
377,46,27,19,3,17,6,20,11,0,0,0,0,0,0,0,0,5,1,0,0,0,0,0,1.0,1.0,1.0,0.0,0.0,0.2,5,0,0
378,46,27,19,3,17,6,20,11,0,0,0,0,0,0,0,0,5,1,0,0,0,0,0,1.0,1.0,1.0,0.0,0.0,0.2,5,0,0
379,45,26,19,3,16,6,20,11,0,0,0,0,0,0,0,0,5,1,0,0,1,1,1,0.95,1.0,1.0,0.0,0.0,0.2,5,0,1
380,45,26,19,3,16,6,20,11,0,0,0,0,0,0,0,0,5,1,0,0,0,0,0,1.0,1.0,1.0,0.0,0.0,0.2,5,0,0
381,45,26,19,3,16,6,20,11,0,0,0,0,0,0,0,0,5,1,0,0,0,0,0,1.0,1.0,1.0,0.0,0.0,0.2,5,0,0
382,45,26,19,3,16,5,21,12,0,0,0,0,0,0,0,0,5,1,0,0,0,0,0,1.0,1.0,1.0,0.0,0.0,0.2,5,0,0
383,45,26,19,3,15,6,21,12,0,0,0,0,0,0,0,0,5,1,0,0,0,0,0,1.0,1.0,1.0,0.0,0.0,0.2,5,0,0
384,45,26,19,3,15,6,21,12,0,0,0,0,0,0,0,0,5,1,0,0,0,0,0,1.0,1.0,1.0,0.0,0.0,0.2,5,0,0
385,45,26,19,3,15,6,21,12,0,0,0,0,0,0,0,0,5,1,0,0,0,0,0,1.0,1.0,1.0,0.0,0.0,0.2,5,0,0
386,44,26,18,3,14,6,21,12,0,0,0,0,0,0,0,0,5,1,0,0,1,0,1,0.9444444444444444,1.0,1.0,0.0,0.0,0.2,5,0,1
387,44,26,18,3,14,6,21,12,0,0,0,0,0,0,0,0,5,1,0,0,0,1,0,1.0,1.0,1.0,0.0,0.0,0.2,5,0,0
388,44,26,18,3,14,6,21,12,0,0,0,0,0,0,0,0,5,1,0,0,0,0,0,1.0,1.0,1.0,0.0,0.0,0.2,5,0,0
389,44,26,18,3,14,6,21,12,0,0,0,0,0,0,0,0,5,1,0,0,0,2,0,1.0,1.0,1.0,0.0,0.0,0.2,5,0,0
390,44,26,18,3,14,6,21,12,0,0,0,0,0,0,0,0,5,1,0,0,0,0,0,1.0,1.0,1.0,0.0,0.0,0.2,5,0,0
391,44,26,18,3,13,7,21,12,0,0,0,0,0,0,0,0,5,1,0,0,0,0,0,1.0,1.0,1.0,0.0,0.0,0.2,5,0,0
392,44,26,18,3,13,7,21,12,0,0,0,0,0,0,0,0,5,1,0,0,0,0,0,1.0,1.0,1.0,0.0,0.0,0.2,5,0,0
393,44,26,18,3,11,9,21,12,0,0,0,0,0,0,0,0,5,1,0,0,0,0,0,1.0,1.0,1.0,0.0,0.0,0.2,5,0,0
394,44,26,18,3,11,9,21,12,0,0,0,0,0,0,0,0,5,1,0,0,0,0,0,1.0,1.0,1.0,0.0,0.0,0.2,5,0,0
395,44,26,18,3,11,9,21,12,5,1,0,0,0,0,0,0,33,5,1,0,0,0,0,1.0,1.0,1.0,0.0,0.0,0.15151515151515152,5,0,0
396,44,26,18,3,11,9,21,12,6,3,0,0,0,0,0,0,16,1,2,0,0,0,0,1.0,1.0,1.0,0.0,0.0,0.0625,5,0,0
397,44,26,18,3,11,9,21,12,7,4,0,0,0,0,0,0,4,1,1,0,0,0,0,1.0,1.0,1.0,0.0,0.0,0.25,5,0,0
398,44,26,18,3,11,9,21,12,8,4,0,0,0,0,0,0,6,1,0,0,0,0,0,1.0,1.0,1.0,0.0,0.0,0.16666666666666666,5,0,0
399,44,26,18,3,11,9,21,12,8,4,0,0,0,0,0,0,0,0,0,0,0,0,0,1.0,1.0,1.0,0.0,0.0,0.0,5,0,0
400,44,26,18,3,11,9,21,12,8,4,0,0,0,0,0,0,0,0,0,0,0,0,0,1.0,1.0,1.0,0.0,0.0,0.0,5,0,0
401,44,26,18,3,11,9,21,12,8,4,0,0,0,0,0,0,0,0,0,0,0,0,0,1.0,1.0,1.0,0.0,0.0,0.0,5,0,0
402,43,25,18,2,11,9,21,12,8,4,0,0,0,0,0,0,0,0,0,0,1,0,1,0.9285714285714286,1.0,1.0,0.0,0.0,0.0,5,0,1
403,43,25,18,2,11,9,21,12,8,4,0,0,0,0,0,0,0,0,0,0,0,0,0,1.0,1.0,1.0,0.0,0.0,0.0,5,0,0
404,43,25,18,2,11,9,21,12,8,4,0,0,0,0,0,0,0,0,0,0,0,0,0,1.0,1.0,1.0,0.0,0.0,0.0,5,0,0
405,43,25,18,2,11,9,21,12,8,4,0,0,0,0,0,0,0,0,0,0,0,0,0,1.0,1.0,1.0,0.0,0.0,0.0,5,0,0
406,43,25,18,2,11,9,21,12,8,4,0,0,0,0,0,0,0,0,0,0,0,0,0,1.0,1.0,1.0,0.0,0.0,0.0,5,0,0
407,43,25,18,2,11,9,21,12,8,4,0,0,0,0,0,0,0,0,0,0,0,0,0,1.0,1.0,1.0,0.0,0.0,0.0,5,0,0
408,43,25,18,0,13,9,21,12,8,4,0,0,0,0,0,0,0,0,0,0,0,0,0,1.0,1.0,1.0,0.0,0.0,0.0,5,0,0
409,43,25,18,0,13,9,21,12,8,4,0,0,0,0,0,0,0,0,0,0,0,0,0,1.0,1.0,1.0,0.0,0.0,0.0,5,0,0
410,43,25,18,0,13,9,21,12,8,4,0,0,0,0,0,0,0,0,0,0,0,0,0,1.0,1.0,1.0,0.0,0.0,0.0,5,0,0
411,42,24,18,0,12,9,21,12,8,4,0,0,0,0,0,0,0,0,0,0,1,0,1,0.9230769230769231,1.0,1.0,0.0,0.0,0.0,5,0,1
412,42,24,18,0,12,9,21,12,8,4,0,0,0,0,0,0,0,0,0,0,0,0,0,1.0,1.0,1.0,0.0,0.0,0.0,5,0,0
413,42,24,18,0,12,9,21,12,8,4,0,0,0,0,0,0,0,0,0,0,0,0,0,1.0,1.0,1.0,0.0,0.0,0.0,5,0,0
414,42,24,18,0,12,7,23,12,8,4,0,0,0,0,0,0,0,0,0,0,0,0,0,1.0,1.0,1.0,0.0,0.0,0.0,5,0,0
415,42,24,18,0,12,6,24,12,8,4,0,0,0,0,0,0,0,0,0,0,0,0,0,1.0,1.0,1.0,0.0,0.0,0.0,5,0,0
416,42,24,18,0,12,5,25,12,8,4,0,0,0,0,0,0,0,0,0,0,0,0,0,1.0,1.0,1.0,0.0,0.0,0.0,5,0,0
417,42,24,18,0,12,5,25,12,8,4,0,0,0,0,0,0,0,0,0,0,0,0,0,1.0,1.0,1.0,0.0,0.0,0.0,5,0,0
418,42,24,18,0,12,5,25,12,8,4,0,0,0,0,0,0,0,0,0,0,0,0,0,1.0,1.0,1.0,0.0,0.0,0.0,5,0,0
419,42,24,18,0,12,5,25,12,8,4,0,0,0,0,0,0,0,0,0,0,0,0,0,1.0,1.0,1.0,0.0,0.0,0.0,5,0,0
420,42,24,18,0,12,5,25,12,8,4,0,0,0,0,0,0,0,0,0,0,0,0,0,1.0,1.0,1.0,0.0,0.0,0.0,5,0,0
421,42,24,18,0,12,5,25,12,8,4,0,0,0,0,0,0,0,0,0,0,0,0,0,1.0,1.0,1.0,0.0,0.0,0.0,5,0,0
422,42,24,18,0,12,5,25,12,8,4,0,0,0,0,0,0,0,0,0,0,0,0,0,1.0,1.0,1.0,0.0,0.0,0.0,5,0,0
423,42,24,18,0,12,5,25,12,8,4,0,0,0,0,0,0,0,0,0,0,0,0,0,1.0,1.0,1.0,0.0,0.0,0.0,5,0,0
424,42,24,18,0,12,5,25,12,8,4,0,0,0,0,0,0,0,0,0,0,0,0,0,1.0,1.0,1.0,0.0,0.0,0.0,5,0,0
425,42,24,18,0,12,5,25,12,8,4,0,0,0,0,0,0,0,0,0,0,0,0,0,1.0,1.0,1.0,0.0,0.0,0.0,5,0,0
426,42,24,18,0,12,5,25,12,8,4,0,0,0,0,0,0,0,0,0,0,0,0,0,1.0,1.0,1.0,0.0,0.0,0.0,5,0,0
427,42,24,18,0,12,5,25,12,8,4,0,0,0,0,0,0,0,0,0,0,0,0,0,1.0,1.0,1.0,0.0,0.0,0.0,5,0,0
428,42,24,18,0,12,5,25,12,8,4,0,0,0,0,0,0,0,0,0,0,0,0,0,1.0,1.0,1.0,0.0,0.0,0.0,5,0,0
429,42,24,18,0,12,5,25,12,8,4,0,0,0,0,0,0,0,0,0,0,0,0,0,1.0,1.0,1.0,0.0,0.0,0.0,5,0,0
430,42,24,18,0,12,5,25,12,8,4,0,0,0,0,0,0,0,0,0,0,0,0,0,1.0,1.0,1.0,0.0,0.0,0.0,5,0,0
431,41,23,18,0,12,5,24,12,8,4,0,0,0,0,0,0,0,0,0,0,0,0,0,1.0,0.9230769230769231,1.0,0.0,0.0,0.0,5,0,1
432,41,23,18,0,12,5,24,12,8,4,0,0,0,0,0,0,0,0,0,0,0,0,0,1.0,1.0,1.0,0.0,0.0,0.0,5,0,0
433,41,23,18,0,12,5,24,12,8,4,0,0,0,0,0,0,0,0,0,0,0,0,0,1.0,1.0,1.0,0.0,0.0,0.0,5,0,0
434,41,23,18,0,12,5,24,12,8,4,0,0,0,0,0,0,0,0,0,0,0,1,0,1.0,1.0,1.0,0.0,0.0,0.0,5,0,0
435,41,23,18,0,12,5,24,12,8,4,0,0,0,0,0,0,0,0,0,0,0,0,0,1.0,1.0,1.0,0.0,0.0,0.0,5,0,0
436,41,23,18,0,12,5,24,12,8,4,0,0,0,0,0,0,0,0,0,0,0,0,0,1.0,1.0,1.0,0.0,0.0,0.0,5,0,0
437,41,23,18,0,12,5,24,12,8,4,0,0,0,0,0,0,0,0,0,0,0,0,0,1.0,1.0,1.0,0.0,0.0,0.0,5,0,0
438,41,23,18,0,11,6,24,12,8,4,0,0,0,0,0,0,0,0,0,0,0,0,0,1.0,1.0,1.0,0.0,0.0,0.0,5,0,0
439,41,23,18,0,11,6,24,12,8,4,0,0,0,0,0,0,0,0,0,0,0,0,0,1.0,1.0,1.0,0.0,0.0,0.0,5,0,0
440,41,23,18,0,11,6,24,12,8,3,0,0,0,0,0,0,0,0,0,0,0,0,0,1.0,1.0,1.0,0.0,0.0,0.0,5,0,0
441,41,23,18,0,11,6,24,12,9,1,0,0,0,0,0,0,7,1,0,0,0,0,0,1.0,1.0,1.0,0.0,0.0,0.14285714285714285,5,0,0
442,41,23,18,0,11,6,24,12,10,0,0,0,0,0,0,0,10,1,0,0,0,0,0,1.0,1.0,1.0,0.0,0.0,0.1,5,0,0
443,41,23,18,0,11,6,24,12,12,0,0,0,0,0,0,0,6,2,0,0,0,0,0,1.0,1.0,1.0,0.0,0.0,0.3333333333333333,5,0,0
444,41,23,18,0,11,6,24,12,12,0,0,0,0,0,0,0,0,0,0,0,0,0,0,1.0,1.0,1.0,0.0,0.0,0.0,5,0,0
445,41,23,18,0,11,6,24,12,12,0,0,0,0,0,0,0,0,0,0,0,0,0,0,1.0,1.0,1.0,0.0,0.0,0.0,5,0,0
446,40,22,18,0,11,6,23,12,12,0,0,0,0,0,0,0,0,0,0,0,0,0,0,1.0,0.9166666666666666,1.0,0.0,0.0,0.0,5,0,1
447,40,22,18,0,11,6,23,12,12,0,0,0,0,0,0,0,0,0,0,0,0,0,0,1.0,1.0,1.0,0.0,0.0,0.0,5,0,0
448,40,22,18,0,11,6,23,12,12,0,0,0,0,0,0,0,0,0,0,0,0,0,0,1.0,1.0,1.0,0.0,0.0,0.0,5,0,0
449,40,22,18,0,11,6,23,12,12,0,0,0,0,0,0,0,0,0,0,0,0,0,0,1.0,1.0,1.0,0.0,0.0,0.0,5,0,0
450,40,22,18,0,11,6,23,12,12,0,0,0,0,0,0,0,0,0,0,0,0,0,0,1.0,1.0,1.0,0.0,0.0,0.0,5,0,0
451,40,22,18,0,11,6,23,12,12,0,0,0,0,0,0,0,0,0,0,0,0,0,0,1.0,1.0,1.0,0.0,0.0,0.0,5,0,0
452,40,22,18,0,11,6,23,12,12,0,0,0,0,0,0,0,0,0,0,0,0,0,0,1.0,1.0,1.0,0.0,0.0,0.0,5,0,0
453,40,22,18,0,11,6,23,12,12,0,0,0,0,0,0,0,0,0,0,0,0,0,0,1.0,1.0,1.0,0.0,0.0,0.0,5,0,0
454,40,22,18,0,11,6,23,12,12,0,0,0,0,0,0,0,0,0,0,0,0,0,0,1.0,1.0,1.0,0.0,0.0,0.0,5,0,0
455,40,22,18,0,11,6,23,12,12,0,0,0,0,0,0,0,0,0,0,0,0,0,0,1.0,1.0,1.0,0.0,0.0,0.0,5,0,0
456,39,21,18,0,11,6,22,12,12,0,0,0,0,0,0,0,0,0,0,0,0,0,0,1.0,0.9090909090909091,1.0,0.0,0.0,0.0,5,0,1
457,39,21,18,0,11,6,22,12,12,0,0,0,0,0,0,0,0,0,0,0,0,0,0,1.0,1.0,1.0,0.0,0.0,0.0,5,0,0
458,39,21,18,0,11,6,22,12,12,0,0,0,0,0,0,0,0,0,0,0,0,0,0,1.0,1.0,1.0,0.0,0.0,0.0,5,0,0
459,39,21,18,0,11,6,22,12,12,0,0,0,0,0,0,0,0,0,0,0,0,0,0,1.0,1.0,1.0,0.0,0.0,0.0,5,0,0
460,57,29,28,18,11,6,22,12,7,0,5,0,0,0,0,0,0,0,0,5,0,0,0,1.0,1.0,1.0,0.46153846153846156,0.46153846153846156,0.0,5,18,0
461,58,31,27,20,10,6,22,12,6,0,6,0,0,0,0,0,0,0,0,1,2,0,2,0.9310344827586207,1.0,1.0,0.05263157894736842,0.05263157894736842,0.0,5,3,2
462,62,33,29,24,10,6,22,12,5,0,7,0,0,0,0,0,0,0,0,1,0,0,0,1.0,1.0,1.0,0.06896551724137931,0.06896551724137931,0.0,5,4,0
463,66,37,29,28,10,6,22,12,4,0,8,0,0,0,0,0,0,0,0,1,0,0,0,1.0,1.0,1.0,0.06451612903225806,0.06451612903225806,0.0,5,4,0
464,62,35,27,27,7,6,22,12,4,0,8,0,0,0,0,0,0,0,0,0,4,1,4,0.8947368421052632,1.0,1.0,0.0,0.0,0.0,5,0,4
465,61,35,26,26,7,6,22,12,4,0,8,0,0,0,0,0,0,0,0,0,1,0,1,0.9705882352941176,1.0,1.0,0.0,0.0,0.0,5,0,1
466,61,35,26,26,7,6,22,12,4,0,8,0,0,0,0,0,0,0,0,0,0,0,0,1.0,1.0,1.0,0.0,0.0,0.0,5,0,0
467,61,35,26,26,7,6,22,12,4,0,8,0,0,0,0,0,0,0,0,0,0,0,0,1.0,1.0,1.0,0.0,0.0,0.0,5,0,0
468,60,34,26,25,6,7,22,12,4,0,8,0,0,0,0,0,0,0,0,0,1,0,1,0.96875,1.0,1.0,0.0,0.0,0.0,5,0,1
469,60,34,26,25,6,7,22,12,4,0,8,0,0,0,0,0,0,0,0,0,0,0,0,1.0,1.0,1.0,0.0,0.0,0.0,5,0,0
470,59,33,26,25,5,7,22,12,4,0,8,0,0,0,0,0,0,0,0,0,1,0,1,0.967741935483871,1.0,1.0,0.0,0.0,0.0,5,0,1
471,59,33,26,25,5,7,22,12,4,0,8,0,0,0,0,0,0,0,0,0,0,0,0,1.0,1.0,1.0,0.0,0.0,0.0,5,0,0
472,58,32,26,24,5,7,22,12,4,0,8,0,0,0,0,0,0,0,0,0,1,0,1,0.9666666666666667,1.0,1.0,0.0,0.0,0.0,5,0,1
473,58,32,26,24,5,7,22,12,4,0,8,0,0,0,0,0,0,0,0,0,0,0,0,1.0,1.0,1.0,0.0,0.0,0.0,5,0,0
474,57,32,25,23,5,7,22,12,4,0,8,0,0,0,0,0,0,0,0,0,1,0,1,0.9655172413793104,1.0,1.0,0.0,0.0,0.0,5,0,1
475,56,32,24,23,5,7,21,11,3,0,8,0,0,0,0,0,0,0,0,0,0,0,0,1.0,1.0,0.9166666666666666,0.0,0.0,0.0,5,0,1
476,56,32,24,23,5,7,21,11,3,0,8,0,0,0,0,0,0,0,0,0,0,0,0,1.0,1.0,1.0,0.0,0.0,0.0,5,0,0
477,56,32,24,23,5,7,21,11,3,0,8,0,0,0,0,0,0,0,0,0,0,0,0,1.0,1.0,1.0,0.0,0.0,0.0,5,0,0
478,54,32,22,21,5,7,21,11,3,0,8,0,0,0,0,0,0,0,0,0,2,0,2,0.9285714285714286,1.0,1.0,0.0,0.0,0.0,5,0,2
479,53,31,22,20,5,7,21,11,3,0,8,0,0,0,0,0,0,0,0,0,1,0,1,0.9615384615384616,1.0,1.0,0.0,0.0,0.0,5,0,1
480,53,31,22,20,5,7,21,11,3,0,8,0,0,0,0,0,0,0,0,0,0,0,0,1.0,1.0,1.0,0.0,0.0,0.0,5,0,0
481,53,31,22,20,5,7,21,11,3,0,8,0,0,0,0,0,0,0,0,0,0,0,0,1.0,1.0,1.0,0.0,0.0,0.0,5,0,0
482,53,31,22,20,5,7,21,11,3,0,8,0,0,0,0,0,0,0,0,0,0,0,0,1.0,1.0,1.0,0.0,0.0,0.0,5,0,0
483,53,31,22,20,5,7,21,11,3,0,8,0,0,0,0,0,0,0,0,0,0,1,0,1.0,1.0,1.0,0.0,0.0,0.0,5,0,0
484,53,31,22,20,5,7,21,11,3,0,8,0,0,0,0,0,0,0,0,0,0,0,0,1.0,1.0,1.0,0.0,0.0,0.0,5,0,0
485,52,30,22,20,4,7,21,11,3,0,8,0,0,0,0,0,0,0,0,0,1,0,1,0.96,1.0,1.0,0.0,0.0,0.0,5,0,1
486,52,30,22,20,4,7,21,11,3,0,8,0,0,0,0,0,0,0,0,0,0,0,0,1.0,1.0,1.0,0.0,0.0,0.0,5,0,0
487,52,30,22,20,3,8,21,11,3,0,8,0,0,0,0,0,0,0,0,0,0,0,0,1.0,1.0,1.0,0.0,0.0,0.0,5,0,0
488,52,30,22,20,3,8,21,11,3,0,8,0,0,0,0,0,0,0,0,0,0,0,0,1.0,1.0,1.0,0.0,0.0,0.0,5,0,0
489,51,29,22,19,3,8,21,11,3,0,8,0,0,0,0,0,0,0,0,0,1,0,1,0.9565217391304348,1.0,1.0,0.0,0.0,0.0,5,0,1
490,51,29,22,19,3,8,21,11,3,0,8,0,0,0,0,0,0,0,0,0,0,0,0,1.0,1.0,1.0,0.0,0.0,0.0,5,0,0
491,51,29,22,19,3,8,21,11,3,0,8,0,0,0,0,0,0,0,0,0,0,0,0,1.0,1.0,1.0,0.0,0.0,0.0,5,0,0
492,51,29,22,19,3,7,22,11,3,0,8,0,0,0,0,0,0,0,0,0,0,0,0,1.0,1.0,1.0,0.0,0.0,0.0,5,0,0
493,50,29,21,19,3,7,21,10,3,0,7,0,0,0,0,0,0,0,0,0,0,0,0,1.0,1.0,0.9090909090909091,0.0,0.0,0.0,5,0,1
494,50,29,21,19,3,7,21,10,3,0,7,0,0,0,0,0,0,0,0,0,0,0,0,1.0,1.0,1.0,0.0,0.0,0.0,5,0,0
495,50,29,21,19,3,7,21,10,3,0,7,0,0,0,0,0,0,0,0,0,0,0,0,1.0,1.0,1.0,0.0,0.0,0.0,5,0,0
496,50,29,21,19,3,7,21,10,3,0,7,0,0,0,0,0,0,0,0,0,0,0,0,1.0,1.0,1.0,0.0,0.0,0.0,5,0,0
497,50,29,21,19,3,7,21,10,3,0,7,0,0,0,0,0,0,0,0,0,0,0,0,1.0,1.0,1.0,0.0,0.0,0.0,5,0,0
498,50,29,21,19,3,7,21,10,3,0,7,0,0,0,0,0,0,0,0,0,0,0,0,1.0,1.0,1.0,0.0,0.0,0.0,5,0,0
499,50,29,21,19,3,7,21,10,3,0,7,0,0,0,0,0,0,0,0,0,0,1,0,1.0,1.0,1.0,0.0,0.0,0.0,5,0,0
500,50,29,21,19,3,7,21,10,3,0,7,0,0,0,0,0,0,0,0,0,0,0,0,1.0,1.0,1.0,0.0,0.0,0.0,5,0,0
501,50,29,21,19,3,7,21,10,3,0,7,0,0,0,0,0,0,0,0,0,0,0,0,1.0,1.0,1.0,0.0,0.0,0.0,5,0,0
502,50,29,21,19,3,7,21,10,3,0,7,0,0,0,0,0,0,0,0,0,0,0,0,1.0,1.0,1.0,0.0,0.0,0.0,5,0,0
503,50,29,21,7,14,8,21,10,3,0,7,0,0,0,0,0,0,0,0,0,0,0,0,1.0,1.0,1.0,0.0,0.0,0.0,5,0,0
504,49,29,20,4,16,8,21,10,3,0,7,0,0,0,0,0,0,0,0,0,1,0,1,0.9523809523809523,1.0,1.0,0.0,0.0,0.0,5,0,1
505,49,29,20,3,17,8,21,10,3,0,2,0,0,0,0,0,0,0,0,0,0,0,0,1.0,1.0,1.0,0.0,0.0,0.0,5,0,0
506,49,29,20,0,20,8,21,10,7,0,1,0,0,0,0,0,19,4,0,0,0,0,0,1.0,1.0,1.0,0.0,0.0,0.21052631578947367,5,0,0
507,52,30,22,3,20,8,21,10,7,1,2,0,0,0,0,0,12,1,1,1,0,0,0,1.0,1.0,1.0,0.061224489795918366,0.061224489795918366,0.08333333333333333,5,3,0
508,59,32,27,10,20,8,21,10,5,1,3,0,0,0,0,0,0,0,0,2,0,0,0,1.0,1.0,1.0,0.1346153846153846,0.1346153846153846,0.0,5,7,0
509,57,31,26,9,19,8,21,10,5,1,3,0,0,0,0,0,1,0,0,0,2,0,2,0.9333333333333333,1.0,1.0,0.0,0.0,0.0,5,0,2
510,57,31,26,9,19,8,21,10,6,1,3,0,0,0,0,0,7,1,0,0,0,0,0,1.0,1.0,1.0,0.0,0.0,0.14285714285714285,5,0,0
511,57,31,26,9,19,8,21,10,6,1,3,0,0,0,0,0,0,0,0,0,0,0,0,1.0,1.0,1.0,0.0,0.0,0.0,5,0,0
512,57,31,26,9,19,8,21,10,6,1,3,0,0,0,0,0,0,0,0,0,0,0,0,1.0,1.0,1.0,0.0,0.0,0.0,5,0,0
513,57,31,26,9,19,8,21,10,6,1,3,0,0,0,0,0,0,0,0,0,0,0,0,1.0,1.0,1.0,0.0,0.0,0.0,5,0,0
514,56,31,25,8,19,8,21,10,6,1,3,0,0,0,0,0,0,0,0,0,1,0,1,0.9642857142857143,1.0,1.0,0.0,0.0,0.0,5,0,1
515,56,31,25,8,19,8,21,10,6,1,3,0,0,0,0,0,0,0,0,0,0,0,0,1.0,1.0,1.0,0.0,0.0,0.0,5,0,0
516,54,30,24,8,17,8,21,10,6,1,3,0,0,0,0,0,0,0,0,0,2,0,2,0.9259259259259259,1.0,1.0,0.0,0.0,0.0,5,0,2
517,53,29,24,7,17,8,21,10,6,1,3,0,0,0,0,0,0,0,0,0,1,0,1,0.96,1.0,1.0,0.0,0.0,0.0,5,0,1
518,53,29,24,7,17,7,22,10,6,1,3,0,0,0,0,0,0,0,0,0,0,0,0,1.0,1.0,1.0,0.0,0.0,0.0,5,0,0
519,53,29,24,7,17,7,22,10,6,1,3,0,0,0,0,0,0,0,0,0,0,0,0,1.0,1.0,1.0,0.0,0.0,0.0,5,0,0
520,52,28,24,6,17,7,22,10,6,1,3,0,0,0,0,0,0,0,0,0,1,0,1,0.9583333333333334,1.0,1.0,0.0,0.0,0.0,5,0,1
521,51,28,23,5,17,7,22,10,6,1,3,0,0,0,0,0,0,0,0,0,1,0,1,0.9565217391304348,1.0,1.0,0.0,0.0,0.0,5,0,1
522,51,28,23,5,17,7,22,10,6,1,3,0,0,0,0,0,0,0,0,0,0,0,0,1.0,1.0,1.0,0.0,0.0,0.0,5,0,0
523,50,27,23,5,17,6,22,10,6,1,3,0,0,0,0,0,0,0,0,0,0,0,0,1.0,1.0,1.0,0.0,0.0,0.0,5,0,1
524,50,27,23,5,17,6,22,10,6,1,3,0,0,0,0,0,0,0,0,0,0,0,0,1.0,1.0,1.0,0.0,0.0,0.0,5,0,0
525,50,27,23,5,17,6,22,10,6,1,3,0,0,0,0,0,0,0,0,0,0,0,0,1.0,1.0,1.0,0.0,0.0,0.0,5,0,0
526,50,27,23,5,17,5,23,10,6,1,3,0,0,0,0,0,0,0,0,0,0,0,0,1.0,1.0,1.0,0.0,0.0,0.0,5,0,0
527,50,27,23,5,17,5,23,10,6,1,3,0,0,0,0,0,0,0,0,0,0,0,0,1.0,1.0,1.0,0.0,0.0,0.0,5,0,0
528,50,27,23,5,17,4,24,10,6,1,3,0,0,0,0,0,0,0,0,0,0,0,0,1.0,1.0,1.0,0.0,0.0,0.0,5,0,0
529,50,27,23,5,17,4,24,10,6,1,3,0,0,0,0,0,0,0,0,0,0,0,0,1.0,1.0,1.0,0.0,0.0,0.0,5,0,0
530,50,27,23,5,17,4,24,10,6,1,3,0,0,0,0,0,0,0,0,0,0,0,0,1.0,1.0,1.0,0.0,0.0,0.0,5,0,0
531,50,27,23,5,17,4,24,10,6,1,3,0,0,0,0,0,0,0,0,0,0,0,0,1.0,1.0,1.0,0.0,0.0,0.0,5,0,0
532,49,26,23,5,17,4,23,10,6,1,3,0,0,0,0,0,0,0,0,0,0,0,0,1.0,0.9285714285714286,1.0,0.0,0.0,0.0,5,0,1
533,49,26,23,5,17,3,24,11,6,1,3,0,0,0,0,0,0,0,0,0,0,0,0,1.0,1.0,1.0,0.0,0.0,0.0,5,0,0
534,49,26,23,5,17,3,24,11,6,1,3,0,0,0,0,0,0,0,0,0,0,0,0,1.0,1.0,1.0,0.0,0.0,0.0,5,0,0
535,49,26,23,5,17,3,24,11,6,1,3,0,0,0,0,0,0,0,0,0,0,0,0,1.0,1.0,1.0,0.0,0.0,0.0,5,0,0
536,49,26,23,5,17,3,24,11,6,1,3,0,0,0,0,0,0,0,0,0,0,0,0,1.0,1.0,1.0,0.0,0.0,0.0,5,0,0
537,49,26,23,5,17,3,24,11,6,1,3,0,0,0,0,0,0,0,0,0,0,0,0,1.0,1.0,1.0,0.0,0.0,0.0,5,0,0
538,49,26,23,5,17,3,24,11,7,1,3,0,0,0,0,0,1,1,0,0,0,0,0,1.0,1.0,1.0,0.0,0.0,1.0,5,0,0
539,49,26,23,5,17,3,24,11,7,1,3,0,0,0,0,0,0,0,0,0,0,0,0,1.0,1.0,1.0,0.0,0.0,0.0,5,0,0
540,49,26,23,5,17,3,24,11,7,1,3,0,0,0,0,0,0,0,0,0,0,0,0,1.0,1.0,1.0,0.0,0.0,0.0,5,0,0
541,49,26,23,5,17,3,24,11,7,1,3,0,0,0,0,0,0,0,0,0,0,0,0,1.0,1.0,1.0,0.0,0.0,0.0,5,0,0
542,49,26,23,5,17,3,24,11,7,1,3,0,0,0,0,0,0,0,0,0,0,0,0,1.0,1.0,1.0,0.0,0.0,0.0,5,0,0
543,49,26,23,5,17,3,24,11,7,1,3,0,0,0,0,0,0,0,0,0,0,0,0,1.0,1.0,1.0,0.0,0.0,0.0,5,0,0
544,49,26,23,5,17,3,24,11,7,1,3,0,0,0,0,0,0,0,0,0,0,0,0,1.0,1.0,1.0,0.0,0.0,0.0,5,0,0
545,49,26,23,5,17,3,24,11,7,1,3,0,0,0,0,0,0,0,0,0,0,1,0,1.0,1.0,1.0,0.0,0.0,0.0,5,0,0
546,49,26,23,5,17,3,24,11,7,1,3,0,0,0,0,0,0,0,0,0,0,0,0,1.0,1.0,1.0,0.0,0.0,0.0,5,0,0
547,49,26,23,5,17,3,24,11,7,1,3,0,0,0,0,0,0,0,0,0,0,0,0,1.0,1.0,1.0,0.0,0.0,0.0,5,0,0
548,48,25,23,5,17,3,23,11,7,1,3,0,0,0,0,0,0,0,0,0,0,0,0,1.0,0.9230769230769231,1.0,0.0,0.0,0.0,5,0,1
549,47,24,23,5,15,4,23,11,7,1,3,0,0,0,0,0,0,0,0,0,1,0,1,0.9523809523809523,1.0,1.0,0.0,0.0,0.0,5,0,1
550,47,24,23,3,17,4,23,11,7,1,3,0,0,0,0,0,0,0,0,0,0,0,0,1.0,1.0,1.0,0.0,0.0,0.0,5,0,0
551,47,24,23,0,20,4,23,11,7,1,3,0,0,0,0,0,0,0,0,0,0,0,0,1.0,1.0,1.0,0.0,0.0,0.0,5,0,0
552,46,23,23,0,19,4,23,11,7,0,2,0,0,0,0,0,0,0,0,0,1,0,1,0.95,1.0,1.0,0.0,0.0,0.0,5,0,1
553,46,23,23,0,19,4,23,11,9,0,0,0,0,0,0,0,15,2,0,0,0,0,0,1.0,1.0,1.0,0.0,0.0,0.13333333333333333,5,0,0
554,46,23,23,0,19,4,23,11,9,0,0,0,0,0,0,0,2,0,0,0,0,0,0,1.0,1.0,1.0,0.0,0.0,0.0,5,0,0
555,46,23,23,0,19,4,23,11,10,1,0,0,0,0,0,0,8,1,1,0,0,0,0,1.0,1.0,1.0,0.0,0.0,0.125,5,0,0
556,45,23,22,0,18,4,23,11,10,1,0,0,0,0,0,0,0,0,0,0,1,0,1,0.9473684210526316,1.0,1.0,0.0,0.0,0.0,5,0,1
557,45,23,22,0,18,4,23,11,10,1,0,0,0,0,0,0,0,0,0,0,0,0,0,1.0,1.0,1.0,0.0,0.0,0.0,5,0,0
558,45,23,22,0,18,4,23,11,10,1,0,0,0,0,0,0,0,0,0,0,0,0,0,1.0,1.0,1.0,0.0,0.0,0.0,5,0,0
559,44,22,22,0,18,4,22,11,10,1,0,0,0,0,0,0,0,0,0,0,0,0,0,1.0,0.9166666666666666,1.0,0.0,0.0,0.0,5,0,1
560,44,22,22,0,18,4,22,11,10,1,0,0,0,0,0,0,0,0,0,0,0,0,0,1.0,1.0,1.0,0.0,0.0,0.0,5,0,0
561,44,22,22,0,18,4,22,11,10,1,0,0,0,0,0,0,0,0,0,0,0,0,0,1.0,1.0,1.0,0.0,0.0,0.0,5,0,0
562,43,21,22,0,17,4,22,11,10,1,0,0,0,0,0,0,0,0,0,0,1,0,1,0.9444444444444444,1.0,1.0,0.0,0.0,0.0,5,0,1
563,43,21,22,0,17,4,22,11,10,1,0,0,0,0,0,0,0,0,0,0,0,0,0,1.0,1.0,1.0,0.0,0.0,0.0,5,0,0
564,42,20,22,0,17,4,21,11,10,1,0,0,0,0,0,0,0,0,0,0,0,0,0,1.0,0.9090909090909091,1.0,0.0,0.0,0.0,5,0,1
565,42,20,22,0,17,4,21,11,10,1,0,0,0,0,0,0,0,0,0,0,0,0,0,1.0,1.0,1.0,0.0,0.0,0.0,5,0,0
566,42,20,22,0,17,4,21,11,10,1,0,0,0,0,0,0,0,0,0,0,0,0,0,1.0,1.0,1.0,0.0,0.0,0.0,5,0,0
567,42,20,22,0,17,4,21,11,10,1,0,0,0,0,0,0,0,0,0,0,0,0,0,1.0,1.0,1.0,0.0,0.0,0.0,5,0,0
568,42,20,22,0,17,4,21,11,10,1,0,0,0,0,0,0,0,0,0,0,0,0,0,1.0,1.0,1.0,0.0,0.0,0.0,5,0,0
569,42,20,22,0,17,4,21,11,10,1,0,0,0,0,0,0,0,0,0,0,0,0,0,1.0,1.0,1.0,0.0,0.0,0.0,5,0,0
570,42,20,22,0,17,4,21,11,10,1,0,0,0,0,0,0,0,0,0,0,0,0,0,1.0,1.0,1.0,0.0,0.0,0.0,5,0,0
571,56,28,28,14,17,4,21,11,6,1,4,0,0,0,0,0,0,0,0,4,0,0,0,1.0,1.0,1.0,0.3333333333333333,0.3333333333333333,0.0,5,14,0
572,59,31,28,17,17,4,21,11,5,1,5,0,0,0,0,0,0,0,0,1,0,0,0,1.0,1.0,1.0,0.05357142857142857,0.05357142857142857,0.0,5,3,0
573,59,31,28,17,17,3,22,11,5,1,5,0,0,0,0,0,0,0,0,0,0,0,0,1.0,1.0,1.0,0.0,0.0,0.0,5,0,0
574,58,31,27,17,16,3,22,11,5,1,5,0,0,0,0,0,0,0,0,0,1,0,1,0.9705882352941176,1.0,1.0,0.0,0.0,0.0,5,0,1
575,60,32,28,19,16,3,22,11,4,1,6,0,0,0,0,0,0,0,0,1,1,0,1,0.9696969696969697,1.0,1.0,0.05172413793103448,0.05172413793103448,0.0,5,3,1
576,60,32,28,19,16,3,22,11,4,1,6,0,0,0,0,0,0,0,0,0,0,0,0,1.0,1.0,1.0,0.0,0.0,0.0,5,0,0
577,59,31,28,18,16,3,22,11,4,1,6,0,0,0,0,0,0,0,0,0,1,0,1,0.9714285714285714,1.0,1.0,0.0,0.0,0.0,5,0,1
578,58,31,27,18,15,3,22,11,4,1,6,0,0,0,0,0,0,0,0,0,1,0,1,0.9705882352941176,1.0,1.0,0.0,0.0,0.0,5,0,1
579,57,30,27,17,15,3,22,11,4,1,6,0,0,0,0,0,0,0,0,0,1,0,1,0.9696969696969697,1.0,1.0,0.0,0.0,0.0,5,0,1
580,57,30,27,17,15,2,23,12,4,1,6,0,0,0,0,0,8,0,0,0,0,0,0,1.0,1.0,1.0,0.0,0.0,0.0,5,0,0
581,56,29,27,17,14,2,23,12,5,1,6,0,0,0,0,0,6,1,0,0,1,0,1,0.96875,1.0,1.0,0.0,0.0,0.16666666666666666,5,0,1
582,56,29,27,17,14,2,23,12,5,1,6,0,0,0,0,0,0,0,0,0,0,0,0,1.0,1.0,1.0,0.0,0.0,0.0,5,0,0
583,56,29,27,17,14,2,23,12,5,1,6,0,0,0,0,0,0,0,0,0,0,0,0,1.0,1.0,1.0,0.0,0.0,0.0,5,0,0
584,56,29,27,17,14,2,23,12,5,1,6,0,0,0,0,0,0,0,0,0,0,0,0,1.0,1.0,1.0,0.0,0.0,0.0,5,0,0
585,55,29,26,16,14,2,23,12,5,1,6,0,0,0,0,0,0,0,0,0,1,0,1,0.967741935483871,1.0,1.0,0.0,0.0,0.0,5,0,1
586,54,29,25,16,13,2,23,12,5,1,6,0,0,0,0,0,0,0,0,0,1,0,1,0.9666666666666667,1.0,1.0,0.0,0.0,0.0,5,0,1
587,53,28,25,15,13,2,23,12,5,1,6,0,0,0,0,0,0,0,0,0,1,0,1,0.9655172413793104,1.0,1.0,0.0,0.0,0.0,5,0,1
588,53,28,25,15,13,2,23,12,5,1,6,0,0,0,0,0,0,0,0,0,0,0,0,1.0,1.0,1.0,0.0,0.0,0.0,5,0,0
589,53,28,25,15,13,2,23,12,5,1,6,0,0,0,0,0,0,0,0,0,0,0,0,1.0,1.0,1.0,0.0,0.0,0.0,5,0,0
590,53,28,25,15,13,2,23,12,5,1,6,0,0,0,0,0,0,0,0,0,0,0,0,1.0,1.0,1.0,0.0,0.0,0.0,5,0,0
591,52,27,25,15,12,2,23,12,5,1,6,0,0,0,0,0,0,0,0,0,1,0,1,0.9642857142857143,1.0,1.0,0.0,0.0,0.0,5,0,1
592,52,27,25,15,12,2,23,12,5,1,6,0,0,0,0,0,0,0,0,0,0,0,0,1.0,1.0,1.0,0.0,0.0,0.0,5,0,0
593,52,27,25,15,12,2,23,12,5,1,6,0,0,0,0,0,0,0,0,0,0,0,0,1.0,1.0,1.0,0.0,0.0,0.0,5,0,0
594,52,27,25,15,12,2,23,12,5,1,6,0,0,0,0,0,0,0,0,0,0,0,0,1.0,1.0,1.0,0.0,0.0,0.0,5,0,0
595,52,27,25,15,12,2,23,12,5,1,6,0,0,0,0,0,0,0,0,0,0,0,0,1.0,1.0,1.0,0.0,0.0,0.0,5,0,0
596,51,26,25,14,12,2,23,12,5,1,6,0,0,0,0,0,0,0,0,0,1,0,1,0.962962962962963,1.0,1.0,0.0,0.0,0.0,5,0,1
597,50,25,25,13,12,2,23,12,5,1,6,0,0,0,0,0,0,0,0,0,1,0,1,0.9615384615384616,1.0,1.0,0.0,0.0,0.0,5,0,1
598,50,25,25,13,12,2,23,12,5,1,6,0,0,0,0,0,0,0,0,0,0,0,0,1.0,1.0,1.0,0.0,0.0,0.0,5,0,0
599,50,25,25,13,12,2,23,12,5,1,6,0,0,0,0,0,0,0,0,0,0,0,0,1.0,1.0,1.0,0.0,0.0,0.0,5,0,0
600,50,25,25,13,12,2,23,12,5,0,6,0,0,0,0,0,0,0,0,0,0,0,0,1.0,1.0,1.0,0.0,0.0,0.0,5,0,0
601,50,25,25,13,12,2,23,12,6,0,6,0,0,0,0,0,2,1,0,0,0,0,0,1.0,1.0,1.0,0.0,0.0,0.5,5,0,0
602,49,25,24,13,11,2,23,12,6,0,6,0,0,0,0,0,0,0,0,0,1,0,1,0.96,1.0,1.0,0.0,0.0,0.0,5,0,1
603,51,25,26,16,10,2,23,12,5,0,7,0,0,0,0,0,0,0,0,1,1,0,1,0.9583333333333334,1.0,1.0,0.061224489795918366,0.061224489795918366,0.0,5,3,1
604,50,24,26,15,10,2,23,12,5,0,7,0,0,0,0,0,0,0,0,0,1,0,1,0.9615384615384616,1.0,1.0,0.0,0.0,0.0,5,0,1
605,50,24,26,15,10,2,23,12,5,0,7,0,0,0,0,0,0,0,0,0,0,0,0,1.0,1.0,1.0,0.0,0.0,0.0,5,0,0
606,50,24,26,15,10,2,23,12,5,0,7,0,0,0,0,0,0,0,0,0,0,0,0,1.0,1.0,1.0,0.0,0.0,0.0,5,0,0
607,50,24,26,15,10,2,23,12,5,0,7,0,0,0,0,0,0,0,0,0,0,0,0,1.0,1.0,1.0,0.0,0.0,0.0,5,0,0
608,50,24,26,15,10,2,23,12,5,0,7,0,0,0,0,0,0,0,0,0,0,0,0,1.0,1.0,1.0,0.0,0.0,0.0,5,0,0
609,50,24,26,15,10,2,23,12,5,0,7,0,0,0,0,0,0,0,0,0,0,0,0,1.0,1.0,1.0,0.0,0.0,0.0,5,0,0
610,50,24,26,15,10,2,23,12,5,0,7,0,0,0,0,0,0,0,0,0,0,0,0,1.0,1.0,1.0,0.0,0.0,0.0,5,0,0
611,50,24,26,15,10,2,23,12,5,0,7,0,0,0,0,0,0,0,0,0,0,0,0,1.0,1.0,1.0,0.0,0.0,0.0,5,0,0
612,50,24,26,15,10,2,23,12,5,0,7,0,0,0,0,0,0,0,0,0,0,0,0,1.0,1.0,1.0,0.0,0.0,0.0,5,0,0
613,50,24,26,15,10,2,23,12,5,0,7,0,0,0,0,0,0,0,0,0,0,0,0,1.0,1.0,1.0,0.0,0.0,0.0,5,0,0
614,50,24,26,6,19,2,23,12,5,0,7,0,0,0,0,0,0,0,0,0,0,0,0,1.0,1.0,1.0,0.0,0.0,0.0,5,0,0
615,50,24,26,5,20,2,23,12,5,0,7,0,0,0,0,0,0,0,0,0,0,0,0,1.0,1.0,1.0,0.0,0.0,0.0,5,0,0
616,50,24,26,5,20,2,23,12,5,0,3,0,0,0,0,0,0,0,0,0,0,0,0,1.0,1.0,1.0,0.0,0.0,0.0,5,0,0
617,49,23,26,5,19,2,23,12,8,0,2,0,0,0,0,0,22,3,0,0,1,0,1,0.96,1.0,1.0,0.0,0.0,0.13636363636363635,5,0,1
618,56,24,32,10,21,2,23,12,8,0,4,0,0,0,0,0,9,2,0,2,0,0,0,1.0,1.0,1.0,0.14285714285714285,0.14285714285714285,0.2222222222222222,5,7,0
619,56,24,32,10,21,2,23,12,8,0,4,0,0,0,0,0,0,0,0,0,0,0,0,1.0,1.0,1.0,0.0,0.0,0.0,5,0,0
620,58,26,32,14,19,2,23,12,7,0,4,0,0,0,0,0,0,0,0,1,2,0,2,0.935483870967742,1.0,1.0,0.07142857142857142,0.07142857142857142,0.0,5,4,2
621,57,25,32,14,18,2,23,12,7,1,4,0,0,0,0,0,1,0,1,0,1,0,1,0.9696969696969697,1.0,1.0,0.0,0.0,0.0,5,0,1
622,56,24,32,14,17,2,23,12,7,1,4,0,0,0,0,0,0,0,0,0,1,0,1,0.96875,1.0,1.0,0.0,0.0,0.0,5,0,1
623,56,24,32,14,17,2,23,12,7,1,4,0,0,0,0,0,0,0,0,0,0,0,0,1.0,1.0,1.0,0.0,0.0,0.0,5,0,0
624,56,24,32,14,17,2,23,12,7,1,4,0,0,0,0,0,0,0,0,0,0,0,0,1.0,1.0,1.0,0.0,0.0,0.0,5,0,0
625,55,24,31,14,16,2,23,12,7,1,4,0,0,0,0,0,0,0,0,0,1,0,1,0.967741935483871,1.0,1.0,0.0,0.0,0.0,5,0,1
626,55,24,31,14,16,2,23,12,7,1,4,0,0,0,0,0,0,0,0,0,0,0,0,1.0,1.0,1.0,0.0,0.0,0.0,5,0,0
627,55,24,31,14,16,2,23,12,7,1,4,0,0,0,0,0,0,0,0,0,0,0,0,1.0,1.0,1.0,0.0,0.0,0.0,5,0,0
628,52,23,29,12,15,2,23,12,7,1,4,0,0,0,0,0,0,0,0,0,3,0,3,0.9,1.0,1.0,0.0,0.0,0.0,5,0,3
629,52,23,29,12,15,2,23,12,7,1,4,0,0,0,0,0,0,0,0,0,0,0,0,1.0,1.0,1.0,0.0,0.0,0.0,5,0,0
630,52,23,29,12,15,2,23,12,7,1,4,0,0,0,0,0,0,0,0,0,0,0,0,1.0,1.0,1.0,0.0,0.0,0.0,5,0,0
631,51,22,29,12,14,2,23,12,7,1,4,0,0,0,0,0,0,0,0,0,1,0,1,0.962962962962963,1.0,1.0,0.0,0.0,0.0,5,0,1
632,51,22,29,12,14,2,23,12,7,1,4,0,0,0,0,0,0,0,0,0,0,0,0,1.0,1.0,1.0,0.0,0.0,0.0,5,0,0
633,51,22,29,12,14,2,23,12,7,1,4,0,0,0,0,0,0,0,0,0,0,0,0,1.0,1.0,1.0,0.0,0.0,0.0,5,0,0
634,50,21,29,12,13,2,23,12,7,1,4,0,0,0,0,0,0,0,0,0,1,0,1,0.9615384615384616,1.0,1.0,0.0,0.0,0.0,5,0,1
635,50,21,29,12,13,2,23,12,7,1,4,0,0,0,0,0,0,0,0,0,0,0,0,1.0,1.0,1.0,0.0,0.0,0.0,5,0,0
636,50,21,29,12,13,2,23,12,7,1,4,0,0,0,0,0,0,0,0,0,0,0,0,1.0,1.0,1.0,0.0,0.0,0.0,5,0,0
637,50,21,29,12,13,2,23,12,7,1,4,0,0,0,0,0,0,0,0,0,0,0,0,1.0,1.0,1.0,0.0,0.0,0.0,5,0,0
638,50,21,29,12,13,2,23,12,7,1,4,0,0,0,0,0,0,0,0,0,0,0,0,1.0,1.0,1.0,0.0,0.0,0.0,5,0,0
639,50,21,29,12,13,2,23,12,7,1,4,0,0,0,0,0,0,0,0,0,0,0,0,1.0,1.0,1.0,0.0,0.0,0.0,5,0,0
640,50,21,29,12,13,2,23,12,7,1,4,0,0,0,0,0,0,0,0,0,0,5,0,1.0,1.0,1.0,0.0,0.0,0.0,5,0,0
641,50,21,29,12,13,2,23,12,7,1,4,0,0,0,0,0,0,0,0,0,0,0,0,1.0,1.0,1.0,0.0,0.0,0.0,5,0,0
642,50,21,29,12,13,2,23,12,7,1,4,0,0,0,0,0,0,0,0,0,0,0,0,1.0,1.0,1.0,0.0,0.0,0.0,5,0,0
643,50,21,29,12,13,2,23,12,7,1,4,0,0,0,0,0,0,0,0,0,0,0,0,1.0,1.0,1.0,0.0,0.0,0.0,5,0,0
644,49,20,29,12,7,7,23,12,7,1,4,0,0,0,0,0,0,0,0,0,1,0,1,0.95,1.0,1.0,0.0,0.0,0.0,5,0,1
645,48,20,28,11,7,7,23,12,7,1,4,0,0,0,0,0,0,0,0,0,1,0,1,0.9473684210526316,1.0,1.0,0.0,0.0,0.0,5,0,1
646,51,22,29,12,9,7,23,12,6,1,5,0,0,0,0,0,0,0,0,1,1,0,1,0.9444444444444444,1.0,1.0,0.08333333333333333,0.08333333333333333,0.0,5,4,1
647,51,22,29,12,9,7,23,12,6,1,5,0,0,0,0,0,0,0,0,0,0,0,0,1.0,1.0,1.0,0.0,0.0,0.0,5,0,0
648,51,22,29,12,9,7,23,12,6,1,4,0,0,0,0,0,0,0,0,0,0,0,0,1.0,1.0,1.0,0.0,0.0,0.0,5,0,0
649,51,22,29,12,9,7,23,12,7,1,4,0,0,0,0,0,5,1,0,0,0,0,0,1.0,1.0,1.0,0.0,0.0,0.2,5,0,0
650,51,22,29,12,9,7,23,12,7,1,4,0,0,0,0,0,0,0,0,0,0,0,0,1.0,1.0,1.0,0.0,0.0,0.0,5,0,0
651,51,22,29,12,9,7,23,12,7,1,4,0,0,0,0,0,0,0,0,0,0,0,0,1.0,1.0,1.0,0.0,0.0,0.0,5,0,0
652,51,22,29,12,9,7,23,12,7,1,4,0,0,0,0,0,0,0,0,0,0,0,0,1.0,1.0,1.0,0.0,0.0,0.0,5,0,0
653,51,22,29,12,9,7,23,12,7,1,4,0,0,0,0,0,0,0,0,0,0,0,0,1.0,1.0,1.0,0.0,0.0,0.0,5,0,0
654,49,22,27,12,7,7,23,12,7,1,4,0,0,0,0,0,0,0,0,0,2,0,2,0.9047619047619048,1.0,1.0,0.0,0.0,0.0,5,0,2
655,48,21,27,11,7,7,23,12,7,1,4,0,0,0,0,0,0,0,0,0,1,0,1,0.9473684210526316,1.0,1.0,0.0,0.0,0.0,5,0,1
656,48,21,27,11,7,7,23,12,7,1,4,0,0,0,0,0,0,0,0,0,0,0,0,1.0,1.0,1.0,0.0,0.0,0.0,5,0,0
657,48,21,27,11,7,7,23,12,7,1,4,0,0,0,0,0,0,0,0,0,0,0,0,1.0,1.0,1.0,0.0,0.0,0.0,5,0,0
658,46,20,26,11,6,7,22,12,7,1,4,0,0,0,0,0,0,0,0,0,1,0,1,0.9444444444444444,0.9090909090909091,1.0,0.0,0.0,0.0,5,0,2
659,46,20,26,11,6,7,22,12,7,1,4,0,0,0,0,0,0,0,0,0,0,0,0,1.0,1.0,1.0,0.0,0.0,0.0,5,0,0
660,46,20,26,11,6,7,22,12,7,1,4,0,0,0,0,0,0,0,0,0,0,0,0,1.0,1.0,1.0,0.0,0.0,0.0,5,0,0
661,46,20,26,6,11,7,22,12,7,1,4,0,0,0,0,0,0,0,0,0,0,0,0,1.0,1.0,1.0,0.0,0.0,0.0,5,0,0
662,46,20,26,6,11,7,22,12,7,1,4,0,0,0,0,0,0,0,0,0,0,0,0,1.0,1.0,1.0,0.0,0.0,0.0,5,0,0
663,46,20,26,3,14,7,22,12,7,1,2,0,0,0,0,0,0,0,0,0,0,0,0,1.0,1.0,1.0,0.0,0.0,0.0,5,0,0
664,46,20,26,3,14,7,22,12,8,1,2,0,0,0,0,0,11,1,0,0,0,0,0,1.0,1.0,1.0,0.0,0.0,0.09090909090909091,5,0,0
665,46,20,26,3,14,7,22,12,9,1,1,0,0,0,0,0,2,1,0,0,0,0,0,1.0,1.0,1.0,0.0,0.0,0.5,5,0,0
666,50,21,29,7,14,7,22,12,8,0,2,0,0,0,0,0,2,1,0,1,0,0,0,1.0,1.0,1.0,0.08695652173913043,0.08695652173913043,0.5,5,4,0
667,49,20,29,6,14,7,22,12,8,0,2,0,0,0,0,0,2,1,0,0,1,0,1,0.9523809523809523,1.0,1.0,0.0,0.0,0.5,5,0,1
668,49,20,29,6,14,7,22,12,8,0,2,0,0,0,0,0,2,1,0,0,0,0,0,1.0,1.0,1.0,0.0,0.0,0.5,5,0,0
669,49,20,29,6,14,7,22,12,8,0,2,0,0,0,0,0,2,1,0,0,0,0,0,1.0,1.0,1.0,0.0,0.0,0.5,5,0,0
670,49,20,29,6,14,7,22,12,8,0,2,0,0,0,0,0,2,1,0,0,0,0,0,1.0,1.0,1.0,0.0,0.0,0.5,5,0,0
671,49,20,29,6,14,7,22,12,8,0,2,0,0,0,0,0,2,1,0,0,0,0,0,1.0,1.0,1.0,0.0,0.0,0.5,5,0,0
672,48,19,29,6,14,6,22,12,8,0,2,0,0,0,0,0,2,1,0,0,0,0,0,1.0,1.0,1.0,0.0,0.0,0.5,5,0,1
673,48,19,29,6,14,6,22,12,8,0,2,0,0,0,0,0,2,1,0,0,0,0,0,1.0,1.0,1.0,0.0,0.0,0.5,5,0,0
674,48,19,29,6,14,6,22,12,8,0,2,0,0,0,0,0,2,1,0,0,0,0,0,1.0,1.0,1.0,0.0,0.0,0.5,5,0,0
675,48,19,29,6,14,6,22,12,8,0,2,0,0,0,0,0,2,1,0,0,0,0,0,1.0,1.0,1.0,0.0,0.0,0.5,5,0,0
676,48,19,29,6,14,6,22,12,8,0,2,0,0,0,0,0,2,1,0,0,0,0,0,1.0,1.0,1.0,0.0,0.0,0.5,5,0,0
677,47,19,28,6,13,6,22,12,8,0,2,0,0,0,0,0,2,1,0,0,1,0,1,0.95,1.0,1.0,0.0,0.0,0.5,5,0,1
678,47,19,28,6,13,6,22,12,8,0,2,0,0,0,0,0,2,1,0,0,0,0,0,1.0,1.0,1.0,0.0,0.0,0.5,5,0,0
679,47,19,28,6,13,6,22,12,8,0,2,0,0,0,0,0,2,1,0,0,0,0,0,1.0,1.0,1.0,0.0,0.0,0.5,5,0,0
680,46,18,28,6,13,6,21,12,8,0,2,0,0,0,0,0,2,1,0,0,0,0,0,1.0,0.9,1.0,0.0,0.0,0.5,5,0,1
681,45,17,28,5,13,6,21,12,8,0,2,0,0,0,0,0,2,1,0,0,1,0,1,0.9473684210526316,1.0,1.0,0.0,0.0,0.5,5,0,1
682,56,21,35,16,13,6,21,12,5,0,5,0,0,0,0,0,2,1,0,3,0,0,0,1.0,1.0,1.0,0.24444444444444444,0.24444444444444444,0.5,5,11,0
683,64,25,39,24,13,6,21,12,3,0,7,0,0,0,0,0,2,1,0,2,0,0,0,1.0,1.0,1.0,0.14285714285714285,0.14285714285714285,0.5,5,8,0
684,63,24,39,23,13,5,22,12,3,0,7,0,0,0,0,0,2,1,0,0,1,0,1,0.972972972972973,1.0,1.0,0.0,0.0,0.5,5,0,1
685,61,24,37,21,13,5,22,12,3,0,7,0,0,0,0,0,2,1,0,0,2,0,2,0.9444444444444444,1.0,1.0,0.0,0.0,0.5,5,0,2
686,61,24,37,21,13,5,22,12,3,0,7,0,0,0,0,0,2,1,0,0,0,0,0,1.0,1.0,1.0,0.0,0.0,0.5,5,0,0
687,61,24,37,21,13,5,22,12,3,0,7,0,0,0,0,0,2,1,0,0,0,1,0,1.0,1.0,1.0,0.0,0.0,0.5,5,0,0
688,61,24,37,21,13,5,22,12,3,0,7,0,0,0,0,0,2,1,0,0,0,0,0,1.0,1.0,1.0,0.0,0.0,0.5,5,0,0
689,60,23,37,19,14,4,23,13,3,0,7,0,0,0,0,0,2,1,0,0,1,0,1,0.9705882352941176,1.0,1.0,0.0,0.0,0.5,5,0,1
690,60,23,37,19,14,4,23,13,3,0,7,0,0,0,0,0,2,1,0,0,0,0,0,1.0,1.0,1.0,0.0,0.0,0.5,5,0,0
691,60,23,37,19,13,5,23,13,3,0,6,0,0,0,0,0,2,1,0,0,0,0,0,1.0,1.0,1.0,0.0,0.0,0.5,5,0,0
692,59,23,36,18,13,5,23,13,3,0,6,0,0,0,0,0,2,1,0,0,1,0,1,0.96875,1.0,1.0,0.0,0.0,0.5,5,0,1
693,57,23,34,17,12,5,23,13,3,0,6,0,0,0,0,0,2,1,0,0,2,0,2,0.935483870967742,1.0,1.0,0.0,0.0,0.5,5,0,2
694,56,23,33,17,11,5,23,13,3,0,6,0,0,0,0,0,2,1,0,0,1,0,1,0.9655172413793104,1.0,1.0,0.0,0.0,0.5,5,0,1
695,54,23,31,15,11,5,23,13,3,0,6,0,0,0,0,0,2,1,0,0,2,0,2,0.9285714285714286,1.0,1.0,0.0,0.0,0.5,5,0,2
696,54,23,31,15,11,5,23,13,3,0,6,0,0,0,0,0,2,1,0,0,0,0,0,1.0,1.0,1.0,0.0,0.0,0.5,5,0,0
697,53,23,30,15,10,5,23,13,3,0,6,0,0,0,0,0,2,1,0,0,1,0,1,0.9615384615384616,1.0,1.0,0.0,0.0,0.5,5,0,1
698,53,23,30,15,10,5,23,13,3,0,6,0,0,0,0,0,2,1,0,0,0,0,0,1.0,1.0,1.0,0.0,0.0,0.5,5,0,0
699,53,23,30,15,10,5,23,13,3,0,6,0,0,0,0,0,2,1,0,0,0,0,0,1.0,1.0,1.0,0.0,0.0,0.5,5,0,0
700,52,23,29,15,9,5,23,13,3,0,6,0,0,0,0,0,2,1,0,0,1,0,1,0.96,1.0,1.0,0.0,0.0,0.5,5,0,1
701,51,22,29,15,8,5,23,13,3,0,6,0,0,0,0,0,2,1,0,0,1,0,1,0.9583333333333334,1.0,1.0,0.0,0.0,0.5,5,0,1
702,51,22,29,15,8,5,23,13,3,0,6,0,0,0,0,0,2,1,0,0,0,0,0,1.0,1.0,1.0,0.0,0.0,0.5,5,0,0
703,51,22,29,15,8,5,23,13,3,0,6,0,0,0,0,0,2,1,0,0,0,0,0,1.0,1.0,1.0,0.0,0.0,0.5,5,0,0
704,50,21,29,15,7,5,23,13,3,0,6,0,0,0,0,0,2,1,0,0,1,0,1,0.9565217391304348,1.0,1.0,0.0,0.0,0.5,5,0,1
705,50,21,29,15,7,5,23,13,3,0,6,0,0,0,0,0,2,1,0,0,0,0,0,1.0,1.0,1.0,0.0,0.0,0.5,5,0,0
706,50,21,29,15,7,4,24,14,3,0,6,0,0,0,0,0,2,1,0,0,0,0,0,1.0,1.0,1.0,0.0,0.0,0.5,5,0,0
707,50,21,29,15,7,4,24,14,3,0,6,0,0,0,0,0,2,1,0,0,0,0,0,1.0,1.0,1.0,0.0,0.0,0.5,5,0,0
708,50,21,29,15,7,4,24,14,3,0,6,0,0,0,0,0,2,1,0,0,0,0,0,1.0,1.0,1.0,0.0,0.0,0.5,5,0,0
709,50,21,29,12,10,4,24,14,3,0,6,0,0,0,0,0,2,1,0,0,0,0,0,1.0,1.0,1.0,0.0,0.0,0.5,5,0,0
710,48,20,28,11,9,4,24,14,3,0,6,0,0,0,0,0,2,1,0,0,2,0,2,0.9090909090909091,1.0,1.0,0.0,0.0,0.5,5,0,2
711,48,20,28,11,9,4,24,14,3,0,5,0,0,0,0,0,2,1,0,0,0,0,0,1.0,1.0,1.0,0.0,0.0,0.5,5,0,0
712,48,20,28,11,9,4,24,14,3,0,5,0,0,0,0,0,2,1,0,0,0,0,0,1.0,1.0,1.0,0.0,0.0,0.5,5,0,0
713,48,20,28,11,9,4,24,14,3,0,5,0,0,0,0,0,2,1,0,0,0,0,0,1.0,1.0,1.0,0.0,0.0,0.5,5,0,0
714,51,22,29,14,9,4,24,14,2,0,6,0,0,0,0,0,2,1,0,1,0,0,0,1.0,1.0,1.0,0.0625,0.0625,0.5,5,3,0
715,51,22,29,14,9,4,24,14,2,0,6,0,0,0,0,0,2,1,0,0,0,0,0,1.0,1.0,1.0,0.0,0.0,0.5,5,0,0
716,51,22,29,14,9,4,24,14,2,0,6,0,0,0,0,0,2,1,0,0,0,0,0,1.0,1.0,1.0,0.0,0.0,0.5,5,0,0
717,51,22,29,14,9,4,24,14,2,0,6,0,0,0,0,0,2,1,0,0,0,0,0,1.0,1.0,1.0,0.0,0.0,0.5,5,0,0
718,51,22,29,14,9,4,24,14,2,0,6,0,0,0,0,0,2,1,0,0,0,0,0,1.0,1.0,1.0,0.0,0.0,0.5,5,0,0
719,51,22,29,14,9,4,24,14,2,0,6,0,0,0,0,0,2,1,0,0,0,0,0,1.0,1.0,1.0,0.0,0.0,0.5,5,0,0
720,51,22,29,14,9,4,24,14,2,0,6,0,0,0,0,0,2,1,0,0,0,0,0,1.0,1.0,1.0,0.0,0.0,0.5,5,0,0
721,50,22,28,14,8,4,24,14,2,0,6,0,0,0,0,0,2,1,0,0,1,0,1,0.9565217391304348,1.0,1.0,0.0,0.0,0.5,5,0,1
722,50,22,28,14,8,4,24,14,2,0,6,0,0,0,0,0,2,1,0,0,0,0,0,1.0,1.0,1.0,0.0,0.0,0.5,5,0,0
723,50,22,28,14,8,3,25,15,2,0,6,0,0,0,0,0,2,1,0,0,0,0,0,1.0,1.0,1.0,0.0,0.0,0.5,5,0,0
724,50,22,28,14,8,3,25,15,2,0,6,0,0,0,0,0,2,1,0,0,0,0,0,1.0,1.0,1.0,0.0,0.0,0.5,5,0,0
725,50,22,28,9,13,3,25,15,2,0,6,0,0,0,0,0,2,1,0,0,0,0,0,1.0,1.0,1.0,0.0,0.0,0.5,5,0,0
726,49,21,28,2,19,3,25,15,2,0,6,0,0,0,0,0,2,1,0,0,1,0,1,0.9545454545454546,1.0,1.0,0.0,0.0,0.5,5,0,1
727,49,21,28,2,19,3,25,15,2,0,3,0,0,0,0,0,2,1,0,0,0,0,0,1.0,1.0,1.0,0.0,0.0,0.5,5,0,0
728,49,21,28,2,19,3,25,15,2,0,1,0,0,0,0,0,2,1,0,0,0,0,0,1.0,1.0,1.0,0.0,0.0,0.5,5,0,0
729,53,24,29,6,19,3,25,15,1,0,2,0,0,0,0,0,2,1,0,1,0,0,0,1.0,1.0,1.0,0.08163265306122448,0.08163265306122448,0.5,5,4,0
730,56,25,31,10,18,3,25,15,0,0,3,0,0,0,0,0,2,1,0,1,1,0,1,0.96,1.0,1.0,0.07547169811320754,0.07547169811320754,0.5,5,4,1
731,55,24,31,10,17,3,25,15,0,0,3,0,0,0,0,0,2,1,0,0,1,0,1,0.9642857142857143,1.0,1.0,0.0,0.0,0.5,5,0,1
732,54,23,31,9,17,3,25,15,0,0,3,0,0,0,0,0,2,1,0,0,1,0,1,0.962962962962963,1.0,1.0,0.0,0.0,0.5,5,0,1
733,54,23,31,9,17,3,25,15,0,0,3,0,0,0,0,0,2,1,0,0,0,0,0,1.0,1.0,1.0,0.0,0.0,0.5,5,0,0
734,54,23,31,9,17,3,25,15,0,0,3,0,0,0,0,0,2,1,0,0,0,0,0,1.0,1.0,1.0,0.0,0.0,0.5,5,0,0
735,53,22,31,9,17,3,24,15,0,0,3,0,0,0,0,0,2,1,0,0,0,0,0,1.0,0.9,1.0,0.0,0.0,0.5,5,0,1
736,53,22,31,9,17,3,24,15,0,0,3,0,0,0,0,0,2,1,0,0,0,0,0,1.0,1.0,1.0,0.0,0.0,0.5,5,0,0
737,52,22,30,9,16,3,24,15,0,0,3,0,0,0,0,0,2,1,0,0,1,0,1,0.9615384615384616,1.0,1.0,0.0,0.0,0.5,5,0,1
738,52,22,30,9,16,3,24,15,0,0,3,0,0,0,0,0,2,1,0,0,0,0,0,1.0,1.0,1.0,0.0,0.0,0.5,5,0,0
739,52,22,30,9,16,3,24,15,0,0,3,0,0,0,0,0,2,1,0,0,0,0,0,1.0,1.0,1.0,0.0,0.0,0.5,5,0,0
740,51,22,29,9,16,3,23,14,0,0,3,0,0,0,0,0,2,1,0,0,0,0,0,1.0,1.0,0.9333333333333333,0.0,0.0,0.5,5,0,1
741,51,22,29,9,16,3,23,14,0,0,3,0,0,0,0,0,2,1,0,0,0,0,0,1.0,1.0,1.0,0.0,0.0,0.5,5,0,0
742,51,22,29,9,16,3,23,14,0,0,3,0,0,0,0,0,2,1,0,0,0,0,0,1.0,1.0,1.0,0.0,0.0,0.5,5,0,0
743,51,22,29,9,16,3,23,14,0,0,3,0,0,0,0,0,2,1,0,0,0,0,0,1.0,1.0,1.0,0.0,0.0,0.5,5,0,0
744,50,22,28,8,16,3,23,14,0,0,3,0,0,0,0,0,2,1,0,0,1,0,1,0.96,1.0,1.0,0.0,0.0,0.5,5,0,1
745,50,22,28,8,16,3,23,14,0,0,3,0,0,0,0,0,2,1,0,0,0,0,0,1.0,1.0,1.0,0.0,0.0,0.5,5,0,0
746,50,22,28,8,16,3,23,14,0,0,3,0,0,0,0,0,2,1,0,0,0,0,0,1.0,1.0,1.0,0.0,0.0,0.5,5,0,0
747,50,22,28,8,16,3,23,14,0,0,3,0,0,0,0,0,2,1,0,0,0,0,0,1.0,1.0,1.0,0.0,0.0,0.5,5,0,0
748,50,22,28,8,16,3,23,14,0,0,3,0,0,0,0,0,2,1,0,0,0,0,0,1.0,1.0,1.0,0.0,0.0,0.5,5,0,0
749,50,22,28,8,16,3,23,14,0,0,3,0,0,0,0,0,2,1,0,0,0,0,0,1.0,1.0,1.0,0.0,0.0,0.5,5,0,0
750,50,22,28,8,16,3,23,14,0,0,3,0,0,0,0,0,2,1,0,0,0,0,0,1.0,1.0,1.0,0.0,0.0,0.5,5,0,0
751,50,22,28,8,16,3,23,14,0,0,3,0,0,0,0,0,2,1,0,0,0,0,0,1.0,1.0,1.0,0.0,0.0,0.5,5,0,0
752,50,22,28,8,16,3,23,14,0,0,3,0,0,0,0,0,2,1,0,0,0,0,0,1.0,1.0,1.0,0.0,0.0,0.5,5,0,0
753,50,22,28,8,16,3,23,14,0,0,3,0,0,0,0,0,2,1,0,0,0,0,0,1.0,1.0,1.0,0.0,0.0,0.5,5,0,0
754,50,22,28,8,16,3,23,14,0,0,3,0,0,0,0,0,2,1,0,0,0,0,0,1.0,1.0,1.0,0.0,0.0,0.5,5,0,0
755,49,22,27,7,16,3,23,14,0,0,3,0,0,0,0,0,2,1,0,0,1,0,1,0.9583333333333334,1.0,1.0,0.0,0.0,0.5,5,0,1
756,49,22,27,7,16,3,23,14,0,0,3,0,0,0,0,0,2,1,0,0,0,0,0,1.0,1.0,1.0,0.0,0.0,0.5,5,0,0
757,49,22,27,6,17,3,23,14,0,0,3,0,0,0,0,0,2,1,0,0,0,0,0,1.0,1.0,1.0,0.0,0.0,0.5,5,0,0
758,49,22,27,6,17,3,23,14,0,0,3,0,0,0,0,0,2,1,0,0,0,0,0,1.0,1.0,1.0,0.0,0.0,0.5,5,0,0
759,49,22,27,6,17,3,23,14,0,0,2,0,0,0,0,0,2,1,0,0,0,0,0,1.0,1.0,1.0,0.0,0.0,0.5,5,0,0
760,49,22,27,6,17,3,23,14,3,4,2,0,0,0,0,0,29,3,4,0,0,0,0,1.0,1.0,1.0,0.0,0.0,0.10344827586206896,5,0,0
761,49,22,27,6,17,3,23,14,4,4,2,0,0,0,0,0,5,1,0,0,0,0,0,1.0,1.0,1.0,0.0,0.0,0.2,5,0,0
762,49,22,27,6,17,3,23,14,7,4,2,0,0,0,0,0,15,3,0,0,0,0,0,1.0,1.0,1.0,0.0,0.0,0.2,5,0,0
763,49,22,27,6,17,3,23,14,8,4,2,0,0,0,0,0,8,1,0,0,0,0,0,1.0,1.0,1.0,0.0,0.0,0.125,5,0,0
764,47,21,26,5,16,3,23,14,8,4,2,0,0,0,0,0,0,0,0,0,2,0,2,0.9130434782608696,1.0,1.0,0.0,0.0,0.0,5,0,2
765,47,21,26,5,16,3,23,14,8,4,2,0,0,0,0,0,0,0,0,0,0,0,0,1.0,1.0,1.0,0.0,0.0,0.0,5,0,0
766,47,21,26,5,16,3,23,14,8,4,2,0,0,0,0,0,0,0,0,0,0,0,0,1.0,1.0,1.0,0.0,0.0,0.0,5,0,0
767,47,21,26,5,16,3,23,14,8,4,2,0,0,0,0,0,0,0,0,0,0,0,0,1.0,1.0,1.0,0.0,0.0,0.0,5,0,0
768,47,21,26,5,16,3,23,14,8,4,2,0,0,0,0,0,0,0,0,0,0,0,0,1.0,1.0,1.0,0.0,0.0,0.0,5,0,0
769,47,21,26,5,16,3,23,14,8,4,2,0,0,0,0,0,0,0,0,0,0,0,0,1.0,1.0,1.0,0.0,0.0,0.0,5,0,0
770,47,21,26,5,16,3,23,14,8,4,2,0,0,0,0,0,0,0,0,0,0,0,0,1.0,1.0,1.0,0.0,0.0,0.0,5,0,0
771,47,21,26,5,16,3,23,14,8,4,2,0,0,0,0,0,0,0,0,0,0,0,0,1.0,1.0,1.0,0.0,0.0,0.0,5,0,0
772,47,21,26,2,19,3,23,14,8,4,2,0,0,0,0,0,0,0,0,0,0,0,0,1.0,1.0,1.0,0.0,0.0,0.0,5,0,0
773,47,21,26,0,21,3,23,14,8,4,2,0,0,0,0,0,0,0,0,0,0,0,0,1.0,1.0,1.0,0.0,0.0,0.0,5,0,0
774,47,21,26,0,21,3,23,14,8,4,1,0,0,0,0,0,0,0,0,0,0,0,0,1.0,1.0,1.0,0.0,0.0,0.0,5,0,0
775,47,21,26,0,21,3,23,14,8,4,0,0,0,0,0,0,1,0,0,0,0,0,0,1.0,1.0,1.0,0.0,0.0,0.0,5,0,0
776,47,21,26,0,21,3,23,14,9,4,0,0,0,0,0,0,8,1,0,0,0,0,0,1.0,1.0,1.0,0.0,0.0,0.125,5,0,0
777,47,21,26,0,21,3,23,14,10,4,0,0,0,0,0,0,7,1,0,0,0,0,0,1.0,1.0,1.0,0.0,0.0,0.14285714285714285,5,0,0
778,47,21,26,0,21,3,23,14,10,4,0,0,0,0,0,0,0,0,0,0,0,0,0,1.0,1.0,1.0,0.0,0.0,0.0,5,0,0
779,47,21,26,0,21,1,25,14,10,4,0,0,0,0,0,0,0,0,0,0,0,0,0,1.0,1.0,1.0,0.0,0.0,0.0,5,0,0
780,47,21,26,0,21,1,25,14,10,4,0,0,0,0,0,0,0,0,0,0,0,0,0,1.0,1.0,1.0,0.0,0.0,0.0,5,0,0
781,47,21,26,0,21,1,25,14,10,4,0,0,0,0,0,0,0,0,0,0,0,0,0,1.0,1.0,1.0,0.0,0.0,0.0,5,0,0
782,47,21,26,0,21,1,25,14,10,4,0,0,0,0,0,0,0,0,0,0,0,0,0,1.0,1.0,1.0,0.0,0.0,0.0,5,0,0
783,47,21,26,0,21,1,25,14,10,4,0,0,0,0,0,0,0,0,0,0,0,1,0,1.0,1.0,1.0,0.0,0.0,0.0,5,0,0
784,47,21,26,0,21,1,25,14,10,4,0,0,0,0,0,0,0,0,0,0,0,0,0,1.0,1.0,1.0,0.0,0.0,0.0,5,0,0
785,47,21,26,0,21,1,25,14,10,4,0,0,0,0,0,0,0,0,0,0,0,0,0,1.0,1.0,1.0,0.0,0.0,0.0,5,0,0
786,47,21,26,0,21,1,25,14,10,4,0,0,0,0,0,0,0,0,0,0,0,0,0,1.0,1.0,1.0,0.0,0.0,0.0,5,0,0
787,47,21,26,0,20,2,25,14,10,4,0,0,0,0,0,0,0,0,0,0,0,0,0,1.0,1.0,1.0,0.0,0.0,0.0,5,0,0
788,47,21,26,0,20,2,25,14,10,4,0,0,0,0,0,0,0,0,0,0,0,0,0,1.0,1.0,1.0,0.0,0.0,0.0,5,0,0
789,47,21,26,0,20,2,25,14,10,4,0,0,0,0,0,0,0,0,0,0,0,0,0,1.0,1.0,1.0,0.0,0.0,0.0,5,0,0
790,47,21,26,0,20,2,25,14,10,4,0,0,0,0,0,0,0,0,0,0,0,0,0,1.0,1.0,1.0,0.0,0.0,0.0,5,0,0
791,47,21,26,0,20,2,25,14,10,4,0,0,0,0,0,0,0,0,0,0,0,0,0,1.0,1.0,1.0,0.0,0.0,0.0,5,0,0
792,46,20,26,0,19,2,25,14,10,4,0,0,0,0,0,0,0,0,0,0,1,0,1,0.95,1.0,1.0,0.0,0.0,0.0,5,0,1
793,46,20,26,0,19,2,25,14,10,4,0,0,0,0,0,0,0,0,0,0,0,0,0,1.0,1.0,1.0,0.0,0.0,0.0,5,0,0
794,46,20,26,0,19,2,25,14,10,4,0,0,0,0,0,0,0,0,0,0,0,0,0,1.0,1.0,1.0,0.0,0.0,0.0,5,0,0
795,46,20,26,0,19,2,25,14,10,4,0,0,0,0,0,0,0,0,0,0,0,0,0,1.0,1.0,1.0,0.0,0.0,0.0,5,0,0
796,46,20,26,0,19,2,25,14,10,4,0,0,0,0,0,0,0,0,0,0,0,0,0,1.0,1.0,1.0,0.0,0.0,0.0,5,0,0
797,46,20,26,0,19,2,25,14,10,4,0,0,0,0,0,0,0,0,0,0,0,0,0,1.0,1.0,1.0,0.0,0.0,0.0,5,0,0
798,46,20,26,0,19,2,25,14,10,4,0,0,0,0,0,0,0,0,0,0,0,1,0,1.0,1.0,1.0,0.0,0.0,0.0,5,0,0
799,46,20,26,0,19,2,25,14,10,4,0,0,0,0,0,0,0,0,0,0,0,0,0,1.0,1.0,1.0,0.0,0.0,0.0,5,0,0
800,46,20,26,0,19,2,25,14,10,4,0,0,0,0,0,0,0,0,0,0,0,2,0,1.0,1.0,1.0,0.0,0.0,0.0,5,0,0
801,46,20,26,0,19,2,25,14,10,4,0,0,0,0,0,0,0,0,0,0,0,0,0,1.0,1.0,1.0,0.0,0.0,0.0,5,0,0
802,46,20,26,0,18,3,25,14,10,4,0,0,0,0,0,0,0,0,0,0,0,0,0,1.0,1.0,1.0,0.0,0.0,0.0,5,0,0
803,46,20,26,0,18,3,25,14,10,4,0,0,0,0,0,0,0,0,0,0,0,0,0,1.0,1.0,1.0,0.0,0.0,0.0,5,0,0
804,46,20,26,0,16,5,25,14,10,4,0,0,0,0,0,0,0,0,0,0,0,0,0,1.0,1.0,1.0,0.0,0.0,0.0,5,0,0
805,46,20,26,0,16,5,25,14,10,0,0,0,0,0,0,0,0,0,0,0,0,0,0,1.0,1.0,1.0,0.0,0.0,0.0,5,0,0
806,46,20,26,0,16,5,25,14,13,0,0,0,0,0,0,0,23,3,0,0,0,0,0,1.0,1.0,1.0,0.0,0.0,0.13043478260869565,5,0,0
807,46,20,26,0,16,5,25,14,14,0,0,0,0,0,0,0,7,1,0,0,0,0,0,1.0,1.0,1.0,0.0,0.0,0.14285714285714285,5,0,0
808,44,19,25,0,15,5,24,14,14,0,0,0,0,0,0,0,0,0,0,0,1,0,1,0.9375,0.9090909090909091,1.0,0.0,0.0,0.0,5,0,2
809,44,19,25,0,15,5,24,14,14,0,0,0,0,0,0,0,0,0,0,0,0,0,0,1.0,1.0,1.0,0.0,0.0,0.0,5,0,0
810,43,19,24,0,15,5,23,13,13,0,0,0,0,0,0,0,0,0,0,0,0,0,0,1.0,1.0,0.9285714285714286,0.0,0.0,0.0,5,0,1
811,43,19,24,0,15,5,23,13,13,0,0,0,0,0,0,0,0,0,0,0,0,0,0,1.0,1.0,1.0,0.0,0.0,0.0,5,0,0
812,43,19,24,0,15,5,23,13,13,0,0,0,0,0,0,0,0,0,0,0,0,0,0,1.0,1.0,1.0,0.0,0.0,0.0,5,0,0
813,43,19,24,0,15,5,23,13,13,0,0,0,0,0,0,0,0,0,0,0,0,0,0,1.0,1.0,1.0,0.0,0.0,0.0,5,0,0
814,43,19,24,0,15,5,23,13,13,0,0,0,0,0,0,0,0,0,0,0,0,0,0,1.0,1.0,1.0,0.0,0.0,0.0,5,0,0
815,43,19,24,0,15,5,23,13,13,0,0,0,0,0,0,0,0,0,0,0,0,0,0,1.0,1.0,1.0,0.0,0.0,0.0,5,0,0
816,43,19,24,0,15,5,23,13,13,0,0,0,0,0,0,0,0,0,0,0,0,0,0,1.0,1.0,1.0,0.0,0.0,0.0,5,0,0
817,43,19,24,0,15,5,23,13,13,0,0,0,0,0,0,0,0,0,0,0,0,0,0,1.0,1.0,1.0,0.0,0.0,0.0,5,0,0
818,43,19,24,0,15,5,23,13,13,0,0,0,0,0,0,0,0,0,0,0,0,0,0,1.0,1.0,1.0,0.0,0.0,0.0,5,0,0
819,43,19,24,0,15,4,24,14,13,0,0,0,0,0,0,0,0,0,0,0,0,0,0,1.0,1.0,1.0,0.0,0.0,0.0,5,0,0
820,43,19,24,0,15,4,24,14,13,0,0,0,0,0,0,0,0,0,0,0,0,0,0,1.0,1.0,1.0,0.0,0.0,0.0,5,0,0
821,43,19,24,0,15,4,24,14,13,0,0,0,0,0,0,0,0,0,0,0,0,0,0,1.0,1.0,1.0,0.0,0.0,0.0,5,0,0
822,43,19,24,0,15,4,24,14,13,0,0,0,0,0,0,0,0,0,0,0,0,0,0,1.0,1.0,1.0,0.0,0.0,0.0,5,0,0
823,43,19,24,0,15,4,24,14,13,0,0,0,0,0,0,0,0,0,0,0,0,0,0,1.0,1.0,1.0,0.0,0.0,0.0,5,0,0
824,42,18,24,0,14,4,24,14,13,0,0,0,0,0,0,0,0,0,0,0,1,0,1,0.9333333333333333,1.0,1.0,0.0,0.0,0.0,5,0,1
825,52,24,28,10,14,4,24,14,10,0,3,0,0,0,0,0,2,0,0,3,0,0,0,1.0,1.0,1.0,0.23809523809523808,0.23809523809523808,0.0,5,10,0
826,56,27,29,14,14,4,24,14,10,0,4,0,0,0,0,0,8,1,0,1,0,0,0,1.0,1.0,1.0,0.07692307692307693,0.07692307692307693,0.125,5,4,0
827,62,29,33,20,14,4,24,14,8,0,6,0,0,0,0,0,0,0,0,2,0,0,0,1.0,1.0,1.0,0.10714285714285714,0.10714285714285714,0.0,5,6,0
828,62,27,35,22,13,4,23,14,7,0,7,0,0,0,0,0,0,0,0,1,2,0,2,0.9411764705882353,0.9,1.0,0.04838709677419355,0.04838709677419355,0.0,5,3,3
829,61,27,34,22,12,4,23,14,7,0,7,0,0,0,0,0,0,0,0,0,1,0,1,0.9714285714285714,1.0,1.0,0.0,0.0,0.0,5,0,1
830,60,26,34,21,12,4,23,14,7,0,7,0,0,0,0,0,0,0,0,0,1,0,1,0.9705882352941176,1.0,1.0,0.0,0.0,0.0,5,0,1
831,58,24,34,20,11,4,23,14,7,0,7,0,0,0,0,0,0,0,0,0,2,0,2,0.9393939393939394,1.0,1.0,0.0,0.0,0.0,5,0,2
832,58,24,34,20,11,4,23,14,7,0,7,0,0,0,0,0,0,0,0,0,0,0,0,1.0,1.0,1.0,0.0,0.0,0.0,5,0,0
833,58,24,34,20,11,4,23,14,7,0,7,0,0,0,0,0,0,0,0,0,0,0,0,1.0,1.0,1.0,0.0,0.0,0.0,5,0,0
834,57,23,34,19,11,4,23,14,7,0,7,0,0,0,0,0,0,0,0,0,1,0,1,0.967741935483871,1.0,1.0,0.0,0.0,0.0,5,0,1
835,57,23,34,19,11,4,23,14,7,0,7,0,0,0,0,0,0,0,0,0,0,0,0,1.0,1.0,1.0,0.0,0.0,0.0,5,0,0
836,57,23,34,19,11,4,23,14,7,0,7,0,0,0,0,0,0,0,0,0,0,0,0,1.0,1.0,1.0,0.0,0.0,0.0,5,0,0
837,57,23,34,19,11,4,23,14,7,0,7,0,0,0,0,0,0,0,0,0,0,0,0,1.0,1.0,1.0,0.0,0.0,0.0,5,0,0
838,55,23,32,18,10,4,23,14,7,0,7,0,0,0,0,0,0,0,0,0,2,0,2,0.9333333333333333,1.0,1.0,0.0,0.0,0.0,5,0,2
839,55,23,32,18,10,4,23,14,7,0,7,0,0,0,0,0,0,0,0,0,0,0,0,1.0,1.0,1.0,0.0,0.0,0.0,5,0,0
840,53,22,31,17,9,4,23,14,7,0,7,0,0,0,0,0,0,0,0,0,2,0,2,0.9285714285714286,1.0,1.0,0.0,0.0,0.0,5,0,2
841,55,22,33,19,9,4,23,14,6,0,8,0,0,0,0,0,0,0,0,1,1,0,1,0.9615384615384616,1.0,1.0,0.05660377358490566,0.05660377358490566,0.0,5,3,1
842,59,25,34,23,9,4,23,14,5,0,9,0,0,0,0,0,0,0,0,1,0,0,0,1.0,1.0,1.0,0.07272727272727272,0.07272727272727272,0.0,5,4,0
843,59,25,34,23,9,4,23,14,5,0,9,0,0,0,0,0,0,0,0,0,0,0,0,1.0,1.0,1.0,0.0,0.0,0.0,5,0,0
844,59,25,34,23,9,4,23,14,5,0,9,0,0,0,0,0,0,0,0,0,0,0,0,1.0,1.0,1.0,0.0,0.0,0.0,5,0,0
845,57,25,32,22,8,4,23,14,5,0,9,0,0,0,0,0,0,0,0,0,2,0,2,0.9375,1.0,1.0,0.0,0.0,0.0,5,0,2
846,56,25,31,21,8,4,23,14,5,0,9,0,0,0,0,0,0,0,0,0,1,1,1,0.9666666666666667,1.0,1.0,0.0,0.0,0.0,5,0,1
847,56,25,31,21,8,4,23,14,5,0,9,0,0,0,0,0,0,0,0,0,0,0,0,1.0,1.0,1.0,0.0,0.0,0.0,5,0,0
848,56,25,31,21,8,4,23,14,5,0,9,0,0,0,0,0,0,0,0,0,0,0,0,1.0,1.0,1.0,0.0,0.0,0.0,5,0,0
849,56,25,31,21,8,4,23,14,5,0,9,0,0,0,0,0,0,0,0,0,0,0,0,1.0,1.0,1.0,0.0,0.0,0.0,5,0,0
850,56,25,31,21,7,5,23,14,5,0,9,0,0,0,0,0,0,0,0,0,0,0,0,1.0,1.0,1.0,0.0,0.0,0.0,5,0,0
851,56,25,31,21,7,5,23,14,5,0,9,0,0,0,0,0,0,0,0,0,0,0,0,1.0,1.0,1.0,0.0,0.0,0.0,5,0,0
852,56,25,31,21,7,5,23,14,5,0,9,0,0,0,0,0,0,0,0,0,0,0,0,1.0,1.0,1.0,0.0,0.0,0.0,5,0,0
853,54,25,29,21,6,5,22,13,5,0,8,0,0,0,0,0,0,0,0,0,1,0,1,0.9642857142857143,1.0,0.9285714285714286,0.0,0.0,0.0,5,0,2
854,54,25,29,21,6,5,22,13,5,0,8,0,0,0,0,0,0,0,0,0,0,0,0,1.0,1.0,1.0,0.0,0.0,0.0,5,0,0
855,53,25,28,20,6,5,22,13,5,0,8,0,0,0,0,0,0,0,0,0,1,0,1,0.962962962962963,1.0,1.0,0.0,0.0,0.0,5,0,1
856,53,25,28,20,6,5,22,13,5,0,8,0,0,0,0,0,0,0,0,0,0,0,0,1.0,1.0,1.0,0.0,0.0,0.0,5,0,0
857,53,25,28,20,6,5,22,13,5,0,8,0,0,0,0,0,0,0,0,0,0,0,0,1.0,1.0,1.0,0.0,0.0,0.0,5,0,0
858,52,24,28,19,6,5,22,13,5,0,8,0,0,0,0,0,0,0,0,0,1,0,1,0.9615384615384616,1.0,1.0,0.0,0.0,0.0,5,0,1
859,52,24,28,19,6,5,22,13,5,0,8,0,0,0,0,0,0,0,0,0,0,0,0,1.0,1.0,1.0,0.0,0.0,0.0,5,0,0
860,51,24,27,18,6,4,23,14,5,0,8,0,0,0,0,0,0,0,0,0,1,0,1,0.96,1.0,1.0,0.0,0.0,0.0,5,0,1
861,51,24,27,18,6,4,23,14,5,0,8,0,0,0,0,0,0,0,0,0,0,0,0,1.0,1.0,1.0,0.0,0.0,0.0,5,0,0
862,50,23,27,18,5,4,23,14,5,0,8,0,0,0,0,0,0,0,0,0,1,1,1,0.9583333333333334,1.0,1.0,0.0,0.0,0.0,5,0,1
863,49,22,27,17,5,4,23,14,5,0,8,0,0,0,0,0,0,0,0,0,1,3,1,0.9565217391304348,1.0,1.0,0.0,0.0,0.0,5,0,1
864,49,22,27,17,5,4,23,14,6,0,8,0,0,0,0,0,6,1,0,0,0,0,0,1.0,1.0,1.0,0.0,0.0,0.16666666666666666,5,0,0
865,49,22,27,17,5,4,23,14,6,0,8,0,0,0,0,0,0,0,0,0,0,0,0,1.0,1.0,1.0,0.0,0.0,0.0,5,0,0
866,49,22,27,17,4,5,23,14,6,0,8,0,0,0,0,0,0,0,0,0,0,0,0,1.0,1.0,1.0,0.0,0.0,0.0,5,0,0
867,49,22,27,17,1,8,23,14,6,0,8,0,0,0,0,0,0,0,0,0,0,0,0,1.0,1.0,1.0,0.0,0.0,0.0,5,0,0
868,48,21,27,12,5,8,23,14,6,0,8,0,0,0,0,0,0,0,0,0,1,0,1,0.9444444444444444,1.0,1.0,0.0,0.0,0.0,5,0,1
869,48,21,27,11,6,8,23,14,6,0,8,0,0,0,0,0,0,0,0,0,0,0,0,1.0,1.0,1.0,0.0,0.0,0.0,5,0,0
870,48,21,27,7,10,8,23,14,6,0,5,0,0,0,0,0,0,0,0,0,0,0,0,1.0,1.0,1.0,0.0,0.0,0.0,5,0,0
871,60,26,34,17,12,8,23,14,5,0,7,0,0,0,0,0,8,2,0,3,0,0,0,1.0,1.0,1.0,0.25,0.25,0.25,5,12,0
872,63,26,37,21,11,8,23,14,6,0,7,0,0,0,0,0,14,2,0,1,1,0,1,0.9655172413793104,1.0,1.0,0.06666666666666667,0.06666666666666667,0.14285714285714285,5,4,1
873,62,26,36,21,10,8,23,14,7,0,6,0,0,0,0,0,4,1,0,0,1,0,1,0.96875,1.0,1.0,0.0,0.0,0.25,5,0,1
874,62,26,36,21,10,8,23,14,8,0,6,0,0,0,0,0,5,1,0,0,0,0,0,1.0,1.0,1.0,0.0,0.0,0.2,5,0,0
875,62,26,36,21,10,8,23,14,8,0,6,0,0,0,0,0,0,0,0,0,0,0,0,1.0,1.0,1.0,0.0,0.0,0.0,5,0,0
876,61,26,35,21,10,8,22,13,8,0,5,0,0,0,0,0,0,0,0,0,0,0,0,1.0,1.0,0.9285714285714286,0.0,0.0,0.0,5,0,1
877,59,26,33,20,9,8,22,13,8,0,5,0,0,0,0,0,0,0,0,0,2,0,2,0.935483870967742,1.0,1.0,0.0,0.0,0.0,5,0,2
878,58,26,32,19,9,8,22,13,8,0,5,0,0,0,0,0,0,0,0,0,1,0,1,0.9655172413793104,1.0,1.0,0.0,0.0,0.0,5,0,1
879,58,26,32,19,9,8,22,13,8,0,5,0,0,0,0,0,0,0,0,0,0,0,0,1.0,1.0,1.0,0.0,0.0,0.0,5,0,0
880,58,26,32,19,9,8,22,13,8,0,5,0,0,0,0,0,0,0,0,0,0,0,0,1.0,1.0,1.0,0.0,0.0,0.0,5,0,0
881,58,26,32,19,9,8,22,13,8,0,5,0,0,0,0,0,0,0,0,0,0,0,0,1.0,1.0,1.0,0.0,0.0,0.0,5,0,0
882,57,26,31,19,8,8,22,13,8,0,5,0,0,0,0,0,0,0,0,0,1,0,1,0.9642857142857143,1.0,1.0,0.0,0.0,0.0,5,0,1
883,57,26,31,19,8,8,22,13,8,0,5,0,0,0,0,0,0,0,0,0,0,0,0,1.0,1.0,1.0,0.0,0.0,0.0,5,0,0
884,57,26,31,17,10,8,22,13,8,0,5,0,0,0,0,0,0,0,0,0,0,0,0,1.0,1.0,1.0,0.0,0.0,0.0,5,0,0
885,57,26,31,14,13,8,22,13,8,0,5,0,0,0,0,0,0,0,0,0,0,0,0,1.0,1.0,1.0,0.0,0.0,0.0,5,0,0
886,57,26,31,14,13,8,22,13,8,0,4,0,0,0,0,0,0,0,0,0,0,0,0,1.0,1.0,1.0,0.0,0.0,0.0,5,0,0
887,57,26,31,14,13,8,22,13,9,0,4,0,0,0,0,0,4,1,0,0,0,0,0,1.0,1.0,1.0,0.0,0.0,0.25,5,0,0
888,57,26,31,14,13,8,22,13,9,0,4,0,0,0,0,0,0,0,0,0,0,0,0,1.0,1.0,1.0,0.0,0.0,0.0,5,0,0
889,57,26,31,14,13,8,22,13,9,0,4,0,0,0,0,0,0,0,0,0,0,0,0,1.0,1.0,1.0,0.0,0.0,0.0,5,0,0
890,56,25,31,14,12,7,23,14,9,0,4,0,0,0,0,0,1,0,0,0,1,0,1,0.962962962962963,1.0,1.0,0.0,0.0,0.0,5,0,1
891,58,28,30,17,11,7,23,14,8,0,5,0,0,0,0,0,2,0,0,1,1,0,1,0.9615384615384616,1.0,1.0,0.05357142857142857,0.05357142857142857,0.0,5,3,1
892,55,25,30,15,10,7,23,14,9,0,5,0,0,0,0,0,7,1,0,0,3,0,3,0.8928571428571429,1.0,1.0,0.0,0.0,0.14285714285714285,5,0,3
893,53,23,30,14,10,7,22,14,9,0,5,0,0,0,0,0,0,0,0,0,1,0,1,0.96,0.8888888888888888,1.0,0.0,0.0,0.0,5,0,2
894,53,23,30,14,10,7,22,14,9,0,5,0,0,0,0,0,0,0,0,0,0,0,0,1.0,1.0,1.0,0.0,0.0,0.0,5,0,0
895,53,23,30,14,10,7,22,14,9,0,5,0,0,0,0,0,0,0,0,0,0,0,0,1.0,1.0,1.0,0.0,0.0,0.0,5,0,0
896,53,23,30,14,10,7,22,14,9,0,5,0,0,0,0,0,0,0,0,0,0,0,0,1.0,1.0,1.0,0.0,0.0,0.0,5,0,0
897,53,23,30,14,10,7,22,14,9,0,5,0,0,0,0,0,0,0,0,0,0,0,0,1.0,1.0,1.0,0.0,0.0,0.0,5,0,0
898,53,23,30,14,10,7,22,14,9,0,5,0,0,0,0,0,0,0,0,0,0,0,0,1.0,1.0,1.0,0.0,0.0,0.0,5,0,0
899,51,22,29,12,10,7,22,14,9,0,5,0,0,0,0,0,0,0,0,0,2,0,2,0.9166666666666666,1.0,1.0,0.0,0.0,0.0,5,0,2
900,50,21,29,12,9,7,22,14,9,0,5,0,0,0,0,0,0,0,0,0,1,0,1,0.9545454545454546,1.0,1.0,0.0,0.0,0.0,5,0,1
901,50,21,29,12,9,7,22,14,9,0,5,0,0,0,0,0,0,0,0,0,0,0,0,1.0,1.0,1.0,0.0,0.0,0.0,5,0,0
902,50,21,29,12,9,7,22,14,9,0,5,0,0,0,0,0,0,0,0,0,0,0,0,1.0,1.0,1.0,0.0,0.0,0.0,5,0,0
903,50,21,29,12,9,7,22,14,9,0,5,0,0,0,0,0,0,0,0,0,0,0,0,1.0,1.0,1.0,0.0,0.0,0.0,5,0,0
904,50,21,29,12,9,7,22,14,9,0,5,0,0,0,0,0,0,0,0,0,0,0,0,1.0,1.0,1.0,0.0,0.0,0.0,5,0,0
905,50,21,29,12,9,7,22,14,9,0,5,0,0,0,0,0,0,0,0,0,0,0,0,1.0,1.0,1.0,0.0,0.0,0.0,5,0,0
906,50,21,29,12,9,7,22,14,9,0,5,0,0,0,0,0,0,0,0,0,0,0,0,1.0,1.0,1.0,0.0,0.0,0.0,5,0,0
907,50,21,29,12,9,7,22,14,9,0,5,0,0,0,0,0,0,0,0,0,0,0,0,1.0,1.0,1.0,0.0,0.0,0.0,5,0,0
908,50,21,29,12,9,7,22,14,9,0,5,0,0,0,0,0,0,0,0,0,0,0,0,1.0,1.0,1.0,0.0,0.0,0.0,5,0,0
909,49,20,29,11,9,7,22,14,9,0,5,0,0,0,0,0,0,0,0,0,1,0,1,0.9523809523809523,1.0,1.0,0.0,0.0,0.0,5,0,1
910,49,20,29,11,9,7,22,14,9,0,5,0,0,0,0,0,0,0,0,0,0,0,0,1.0,1.0,1.0,0.0,0.0,0.0,5,0,0
911,49,20,29,11,9,7,22,14,9,0,5,0,0,0,0,0,0,0,0,0,0,0,0,1.0,1.0,1.0,0.0,0.0,0.0,5,0,0
912,49,20,29,11,9,7,22,14,9,0,5,0,0,0,0,0,0,0,0,0,0,0,0,1.0,1.0,1.0,0.0,0.0,0.0,5,0,0
913,49,20,29,11,9,7,22,14,9,0,5,0,0,0,0,0,0,0,0,0,0,0,0,1.0,1.0,1.0,0.0,0.0,0.0,5,0,0
914,48,19,29,3,16,7,22,14,9,0,5,0,0,0,0,0,0,0,0,0,1,0,1,0.95,1.0,1.0,0.0,0.0,0.0,5,0,1
915,48,19,29,0,19,7,22,14,9,0,5,0,0,0,0,0,0,0,0,0,0,0,0,1.0,1.0,1.0,0.0,0.0,0.0,5,0,0
916,48,19,29,0,19,7,22,14,9,0,2,0,0,0,0,0,0,0,0,0,0,0,0,1.0,1.0,1.0,0.0,0.0,0.0,5,0,0
917,48,19,29,0,19,7,22,14,12,0,1,0,0,0,0,0,24,3,0,0,0,0,0,1.0,1.0,1.0,0.0,0.0,0.125,5,0,0
918,48,19,29,0,19,7,22,14,12,0,1,0,0,0,0,0,2,0,0,0,0,0,0,1.0,1.0,1.0,0.0,0.0,0.0,5,0,0
919,48,19,29,0,19,7,22,14,13,0,1,0,0,0,0,0,3,1,0,0,0,0,0,1.0,1.0,1.0,0.0,0.0,0.3333333333333333,5,0,0
920,48,19,29,0,19,7,22,14,13,0,1,0,0,0,0,0,0,0,0,0,0,0,0,1.0,1.0,1.0,0.0,0.0,0.0,5,0,0
921,48,19,29,0,19,7,22,14,13,0,1,0,0,0,0,0,0,0,0,0,0,0,0,1.0,1.0,1.0,0.0,0.0,0.0,5,0,0
922,48,19,29,0,19,7,22,14,13,0,1,0,0,0,0,0,0,0,0,0,0,0,0,1.0,1.0,1.0,0.0,0.0,0.0,5,0,0
923,48,19,29,0,19,7,22,14,13,0,1,0,0,0,0,0,0,0,0,0,0,0,0,1.0,1.0,1.0,0.0,0.0,0.0,5,0,0
924,48,19,29,0,19,7,22,14,13,0,1,0,0,0,0,0,0,0,0,0,0,0,0,1.0,1.0,1.0,0.0,0.0,0.0,5,0,0
925,48,19,29,0,19,7,22,14,13,0,1,0,0,0,0,0,0,0,0,0,0,0,0,1.0,1.0,1.0,0.0,0.0,0.0,5,0,0
926,48,19,29,0,19,7,22,14,13,0,1,0,0,0,0,0,0,0,0,0,0,0,0,1.0,1.0,1.0,0.0,0.0,0.0,5,0,0
927,47,19,28,0,18,7,22,14,13,0,1,0,0,0,0,0,0,0,0,0,1,0,1,0.9473684210526316,1.0,1.0,0.0,0.0,0.0,5,0,1
928,47,19,28,0,18,7,22,14,13,0,1,0,0,0,0,0,0,0,0,0,0,0,0,1.0,1.0,1.0,0.0,0.0,0.0,5,0,0
929,50,20,30,3,18,7,22,14,12,0,2,0,0,0,0,0,0,0,0,1,0,0,0,1.0,1.0,1.0,0.06382978723404255,0.06382978723404255,0.0,5,3,0
930,50,20,30,3,18,7,22,14,12,0,2,0,0,0,0,0,0,0,0,0,0,0,0,1.0,1.0,1.0,0.0,0.0,0.0,5,0,0
931,50,20,30,3,18,7,22,14,12,0,2,0,0,0,0,0,0,0,0,0,0,0,0,1.0,1.0,1.0,0.0,0.0,0.0,5,0,0
932,50,20,30,3,18,7,22,14,12,0,2,0,0,0,0,0,0,0,0,0,0,0,0,1.0,1.0,1.0,0.0,0.0,0.0,5,0,0
933,50,20,30,3,18,7,22,14,12,0,2,0,0,0,0,0,0,0,0,0,0,0,0,1.0,1.0,1.0,0.0,0.0,0.0,5,0,0
934,49,20,29,3,17,7,22,14,12,0,2,0,0,0,0,0,0,0,0,0,1,0,1,0.9523809523809523,1.0,1.0,0.0,0.0,0.0,5,0,1
935,48,20,28,3,16,7,22,14,12,0,2,0,0,0,0,0,0,0,0,0,1,0,1,0.95,1.0,1.0,0.0,0.0,0.0,5,0,1
936,55,23,32,10,16,7,22,14,10,0,3,0,0,0,0,0,0,0,0,2,0,0,0,1.0,1.0,1.0,0.14583333333333334,0.14583333333333334,0.0,5,7,0
937,60,24,36,16,16,7,21,14,9,0,5,0,0,0,0,0,3,1,0,2,0,0,0,1.0,0.875,1.0,0.10909090909090909,0.10909090909090909,0.3333333333333333,5,6,1
938,63,26,37,19,16,7,21,14,8,0,6,0,0,0,0,0,0,0,0,1,0,0,0,1.0,1.0,1.0,0.05,0.05,0.0,5,3,0
939,66,29,37,23,15,6,22,14,7,0,7,0,0,0,0,0,0,0,0,1,1,0,1,0.9714285714285714,1.0,1.0,0.06349206349206349,0.06349206349206349,0.0,5,4,1
940,65,29,36,22,15,6,22,14,7,0,7,0,0,0,0,0,0,0,0,0,1,0,1,0.9736842105263158,1.0,1.0,0.0,0.0,0.0,5,0,1
941,63,29,34,22,13,6,22,14,7,0,7,0,0,0,0,0,0,0,0,0,2,0,2,0.9459459459459459,1.0,1.0,0.0,0.0,0.0,5,0,2
942,61,28,33,21,12,6,22,14,7,0,7,0,0,0,0,0,0,0,0,0,2,0,2,0.9428571428571428,1.0,1.0,0.0,0.0,0.0,5,0,2
943,60,27,33,20,12,6,22,14,7,0,7,0,0,0,0,0,0,0,0,0,1,0,1,0.9696969696969697,1.0,1.0,0.0,0.0,0.0,5,0,1
944,58,26,32,19,11,6,22,14,7,0,7,0,0,0,0,0,0,0,0,0,2,0,2,0.9375,1.0,1.0,0.0,0.0,0.0,5,0,2
945,58,26,32,19,11,6,22,14,7,0,7,0,0,0,0,0,0,0,0,0,0,0,0,1.0,1.0,1.0,0.0,0.0,0.0,5,0,0
946,56,26,30,18,10,6,22,14,7,0,7,0,0,0,0,0,0,0,0,0,2,0,2,0.9333333333333333,1.0,1.0,0.0,0.0,0.0,5,0,2
947,55,25,30,17,10,6,22,14,7,0,7,0,0,0,0,0,0,0,0,0,1,0,1,0.9642857142857143,1.0,1.0,0.0,0.0,0.0,5,0,1
948,55,25,30,17,10,6,22,14,7,0,7,0,0,0,0,0,0,0,0,0,0,0,0,1.0,1.0,1.0,0.0,0.0,0.0,5,0,0
949,55,25,30,17,10,6,22,14,7,0,7,0,0,0,0,0,0,0,0,0,0,0,0,1.0,1.0,1.0,0.0,0.0,0.0,5,0,0
950,53,24,29,17,8,6,22,14,7,0,7,0,0,0,0,0,0,0,0,0,2,0,2,0.9259259259259259,1.0,1.0,0.0,0.0,0.0,5,0,2
951,52,23,29,17,8,6,21,14,7,0,7,0,0,0,0,0,0,0,0,0,0,0,0,1.0,0.875,1.0,0.0,0.0,0.0,5,0,1
952,56,25,31,21,8,6,21,14,6,0,8,0,0,0,0,0,0,0,0,1,0,0,0,1.0,1.0,1.0,0.07692307692307693,0.07692307692307693,0.0,5,4,0
953,56,25,31,21,8,6,21,14,6,0,8,0,0,0,0,0,0,0,0,0,0,0,0,1.0,1.0,1.0,0.0,0.0,0.0,5,0,0
954,55,24,31,21,8,6,20,14,6,0,8,0,0,0,0,0,0,0,0,0,0,0,0,1.0,0.8571428571428572,1.0,0.0,0.0,0.0,5,0,1
955,55,24,31,21,8,6,20,14,6,0,8,0,0,0,0,0,0,0,0,0,0,0,0,1.0,1.0,1.0,0.0,0.0,0.0,5,0,0
956,54,24,30,20,8,6,20,14,6,0,8,0,0,0,0,0,0,0,0,0,1,0,1,0.9655172413793104,1.0,1.0,0.0,0.0,0.0,5,0,1
957,57,26,31,23,8,6,20,14,5,0,9,0,0,0,0,0,0,0,0,1,0,0,0,1.0,1.0,1.0,0.05555555555555555,0.05555555555555555,0.0,5,3,0
958,56,25,31,23,7,6,20,14,5,0,9,0,0,0,0,0,0,0,0,0,1,0,1,0.967741935483871,1.0,1.0,0.0,0.0,0.0,5,0,1
959,56,25,31,23,7,6,20,14,5,0,9,0,0,0,0,0,0,0,0,0,0,0,0,1.0,1.0,1.0,0.0,0.0,0.0,5,0,0
960,55,24,31,23,6,6,20,14,5,0,9,0,0,0,0,0,0,0,0,0,1,0,1,0.9666666666666667,1.0,1.0,0.0,0.0,0.0,5,0,1
961,55,24,31,23,6,6,20,14,5,0,9,0,0,0,0,0,0,0,0,0,0,0,0,1.0,1.0,1.0,0.0,0.0,0.0,5,0,0
962,54,23,31,23,6,5,20,15,5,0,9,0,0,0,0,0,0,0,0,0,0,0,0,1.0,0.8333333333333334,1.0,0.0,0.0,0.0,5,0,1
963,54,23,31,23,6,5,20,15,5,0,9,0,0,0,0,0,0,0,0,0,0,0,0,1.0,1.0,1.0,0.0,0.0,0.0,5,0,0
964,54,23,31,23,6,5,20,15,5,0,9,0,0,0,0,0,0,0,0,0,0,0,0,1.0,1.0,1.0,0.0,0.0,0.0,5,0,0
965,53,22,31,22,6,5,20,15,5,0,9,0,0,0,0,0,0,0,0,0,1,0,1,0.9655172413793104,1.0,1.0,0.0,0.0,0.0,5,0,1
966,53,22,31,22,6,5,20,15,5,0,9,0,0,0,0,0,0,0,0,0,0,0,0,1.0,1.0,1.0,0.0,0.0,0.0,5,0,0
967,53,22,31,22,6,5,20,15,5,0,9,0,0,0,0,0,0,0,0,0,0,0,0,1.0,1.0,1.0,0.0,0.0,0.0,5,0,0
968,53,22,31,22,6,5,20,15,6,0,9,0,0,0,0,0,2,1,0,0,0,0,0,1.0,1.0,1.0,0.0,0.0,0.5,5,0,0
969,52,21,31,21,6,5,20,15,6,0,9,0,0,0,0,0,0,0,0,0,1,0,1,0.9642857142857143,1.0,1.0,0.0,0.0,0.0,5,0,1
970,52,21,31,21,6,5,20,15,6,0,9,0,0,0,0,0,0,0,0,0,0,0,0,1.0,1.0,1.0,0.0,0.0,0.0,5,0,0
971,52,21,31,21,6,5,20,15,6,0,9,0,0,0,0,0,0,0,0,0,0,0,0,1.0,1.0,1.0,0.0,0.0,0.0,5,0,0
972,51,21,30,18,9,5,19,14,6,0,8,0,0,0,0,0,0,0,0,0,0,0,0,1.0,1.0,0.9333333333333333,0.0,0.0,0.0,5,0,1
973,50,21,29,17,9,5,19,14,6,0,8,0,0,0,0,0,0,0,0,0,1,0,1,0.962962962962963,1.0,1.0,0.0,0.0,0.0,5,0,1
974,50,21,29,17,9,5,19,14,6,0,7,0,0,0,0,0,0,0,0,0,0,0,0,1.0,1.0,1.0,0.0,0.0,0.0,5,0,0
975,49,21,28,16,9,5,19,14,7,0,7,0,0,0,0,0,7,1,0,0,1,0,1,0.9615384615384616,1.0,1.0,0.0,0.0,0.14285714285714285,5,0,1
976,49,21,28,16,9,5,19,14,7,0,7,0,0,0,0,0,0,0,0,0,0,0,0,1.0,1.0,1.0,0.0,0.0,0.0,5,0,0
977,48,21,27,15,9,5,19,14,7,0,7,0,0,0,0,0,0,0,0,0,1,0,1,0.96,1.0,1.0,0.0,0.0,0.0,5,0,1
978,48,21,27,15,9,5,19,14,7,0,7,0,0,0,0,0,0,0,0,0,0,0,0,1.0,1.0,1.0,0.0,0.0,0.0,5,0,0
979,48,21,27,13,11,5,19,14,7,0,7,0,0,0,0,0,0,0,0,0,0,0,0,1.0,1.0,1.0,0.0,0.0,0.0,5,0,0
980,48,21,27,9,15,5,19,14,7,0,7,0,0,0,0,0,0,0,0,0,0,0,0,1.0,1.0,1.0,0.0,0.0,0.0,5,0,0
981,48,21,27,7,17,5,19,14,7,0,6,0,0,0,0,0,0,0,0,0,0,0,0,1.0,1.0,1.0,0.0,0.0,0.0,5,0,0
982,60,26,34,17,19,5,19,14,5,0,7,0,0,0,0,0,2,1,0,3,0,0,0,1.0,1.0,1.0,0.25,0.25,0.5,5,12,0
983,60,26,34,17,19,5,19,14,7,0,6,0,0,0,0,0,12,2,0,0,0,0,0,1.0,1.0,1.0,0.0,0.0,0.16666666666666666,5,0,0
984,62,28,34,19,19,5,19,14,7,0,6,0,0,0,0,0,4,1,0,1,1,0,1,0.9722222222222222,1.0,1.0,0.05,0.05,0.25,5,3,1
985,62,28,34,19,19,5,19,14,8,0,6,0,0,0,0,0,8,1,0,0,0,0,0,1.0,1.0,1.0,0.0,0.0,0.125,5,0,0
986,60,27,33,17,19,5,19,14,8,0,6,0,0,0,0,0,0,0,0,0,2,0,2,0.9473684210526316,1.0,1.0,0.0,0.0,0.0,5,0,2
987,59,27,32,17,18,5,19,14,8,0,6,0,0,0,0,0,0,0,0,0,1,0,1,0.9722222222222222,1.0,1.0,0.0,0.0,0.0,5,0,1
988,59,27,32,17,18,5,19,14,8,0,6,0,0,0,0,0,0,0,0,0,0,0,0,1.0,1.0,1.0,0.0,0.0,0.0,5,0,0
989,58,26,32,16,18,5,19,14,8,0,6,0,0,0,0,0,0,0,0,0,1,0,1,0.9714285714285714,1.0,1.0,0.0,0.0,0.0,5,0,1
990,56,25,31,16,17,5,18,13,8,0,5,0,0,0,0,0,0,0,0,0,1,0,1,0.9705882352941176,1.0,0.9285714285714286,0.0,0.0,0.0,5,0,2
991,55,25,30,16,16,5,18,13,8,0,5,0,0,0,0,0,0,0,0,0,1,0,1,0.9696969696969697,1.0,1.0,0.0,0.0,0.0,5,0,1
992,53,23,30,16,14,5,18,13,8,0,5,0,0,0,0,0,0,0,0,0,2,0,2,0.9375,1.0,1.0,0.0,0.0,0.0,5,0,2
993,53,23,30,16,14,5,18,13,8,0,5,0,0,0,0,0,0,0,0,0,0,0,0,1.0,1.0,1.0,0.0,0.0,0.0,5,0,0
994,52,23,29,16,13,5,18,13,8,0,5,0,0,0,0,0,0,0,0,0,1,0,1,0.9666666666666667,1.0,1.0,0.0,0.0,0.0,5,0,1
995,51,22,29,14,14,5,18,13,8,0,5,0,0,0,0,0,0,0,0,0,1,0,1,0.9655172413793104,1.0,1.0,0.0,0.0,0.0,5,0,1
996,50,21,29,13,14,5,18,13,8,0,5,0,0,0,0,0,0,0,0,0,1,0,1,0.9642857142857143,1.0,1.0,0.0,0.0,0.0,5,0,1
997,50,21,29,13,14,5,18,13,8,0,4,0,0,0,0,0,0,0,0,0,0,0,0,1.0,1.0,1.0,0.0,0.0,0.0,5,0,0
998,50,21,29,13,14,5,18,13,9,0,4,0,0,0,0,0,1,1,0,0,0,0,0,1.0,1.0,1.0,0.0,0.0,1.0,5,0,0
999,49,20,29,13,13,5,18,13,9,0,4,0,0,0,0,0,0,0,0,0,1,0,1,0.962962962962963,1.0,1.0,0.0,0.0,0.0,5,0,1
1000,49,20,29,11,15,5,18,13,9,0,4,0,0,0,0,0,0,0,0,0,0,0,0,1.0,1.0,1.0,0.0,0.0,0.0,5,0,0
1001,49,20,29,11,15,4,19,13,9,0,4,0,0,0,0,0,0,0,0,0,0,0,0,1.0,1.0,1.0,0.0,0.0,0.0,5,0,0
1002,52,20,32,14,15,2,21,13,8,0,5,0,0,0,0,0,0,0,0,1,0,0,0,1.0,1.0,1.0,0.061224489795918366,0.061224489795918366,0.0,5,3,0
1003,52,20,32,14,15,2,21,13,8,0,5,0,0,0,0,0,0,0,0,0,0,0,0,1.0,1.0,1.0,0.0,0.0,0.0,5,0,0
1004,52,20,32,14,15,2,21,13,8,0,5,0,0,0,0,0,0,0,0,0,0,0,0,1.0,1.0,1.0,0.0,0.0,0.0,5,0,0
1005,52,20,32,14,15,2,21,13,8,0,5,0,0,0,0,0,0,0,0,0,0,0,0,1.0,1.0,1.0,0.0,0.0,0.0,5,0,0
1006,51,19,32,13,15,2,21,13,8,0,5,0,0,0,0,0,0,0,0,0,1,0,1,0.9655172413793104,1.0,1.0,0.0,0.0,0.0,5,0,1
1007,51,19,32,13,15,2,21,13,8,0,5,0,0,0,0,0,0,0,0,0,0,0,0,1.0,1.0,1.0,0.0,0.0,0.0,5,0,0
1008,50,18,32,13,15,2,20,13,8,0,5,0,0,0,0,0,0,0,0,0,0,0,0,1.0,0.875,1.0,0.0,0.0,0.0,5,0,1
1009,50,18,32,13,15,2,20,13,8,0,5,0,0,0,0,0,0,0,0,0,0,0,0,1.0,1.0,1.0,0.0,0.0,0.0,5,0,0
1010,50,18,32,13,15,2,20,13,8,0,5,0,0,0,0,0,0,0,0,0,0,0,0,1.0,1.0,1.0,0.0,0.0,0.0,5,0,0
1011,50,18,32,13,15,2,20,13,8,0,5,0,0,0,0,0,0,0,0,0,0,0,0,1.0,1.0,1.0,0.0,0.0,0.0,5,0,0
1012,50,18,32,13,15,2,20,13,8,0,5,0,0,0,0,0,0,0,0,0,0,0,0,1.0,1.0,1.0,0.0,0.0,0.0,5,0,0
1013,50,18,32,13,15,2,20,13,8,0,5,0,0,0,0,0,0,0,0,0,0,0,0,1.0,1.0,1.0,0.0,0.0,0.0,5,0,0
1014,50,18,32,13,15,2,20,13,8,0,5,0,0,0,0,0,0,0,0,0,0,0,0,1.0,1.0,1.0,0.0,0.0,0.0,5,0,0
1015,50,18,32,13,15,2,20,13,8,0,5,0,0,0,0,0,0,0,0,0,0,0,0,1.0,1.0,1.0,0.0,0.0,0.0,5,0,0
1016,50,18,32,13,15,2,20,13,8,0,5,0,0,0,0,0,0,0,0,0,0,0,0,1.0,1.0,1.0,0.0,0.0,0.0,5,0,0
1017,49,17,32,13,14,2,20,13,8,0,5,0,0,0,0,0,0,0,0,0,1,0,1,0.9642857142857143,1.0,1.0,0.0,0.0,0.0,5,0,1
1018,49,17,32,13,14,2,20,13,8,0,5,0,0,0,0,0,0,0,0,0,0,0,0,1.0,1.0,1.0,0.0,0.0,0.0,5,0,0
1019,49,17,32,13,14,2,20,13,8,0,5,0,0,0,0,0,0,0,0,0,0,0,0,1.0,1.0,1.0,0.0,0.0,0.0,5,0,0
1020,49,17,32,13,14,2,20,13,8,0,5,0,0,0,0,0,0,0,0,0,0,0,0,1.0,1.0,1.0,0.0,0.0,0.0,5,0,0
1021,49,17,32,13,14,2,20,13,8,0,5,0,0,0,0,0,0,0,0,0,0,1,0,1.0,1.0,1.0,0.0,0.0,0.0,5,0,0
1022,49,17,32,13,14,2,20,13,8,0,5,0,0,0,0,0,0,0,0,0,0,0,0,1.0,1.0,1.0,0.0,0.0,0.0,5,0,0
1023,49,17,32,13,14,2,20,13,8,0,5,0,0,0,0,0,0,0,0,0,0,0,0,1.0,1.0,1.0,0.0,0.0,0.0,5,0,0
1024,47,16,31,12,14,2,19,13,8,0,5,0,0,0,0,0,0,0,0,0,1,0,1,0.962962962962963,0.8571428571428572,1.0,0.0,0.0,0.0,5,0,2
1025,47,16,31,3,22,3,19,13,8,0,5,0,0,0,0,0,0,0,0,0,0,0,0,1.0,1.0,1.0,0.0,0.0,0.0,5,0,0
1026,46,16,30,3,21,3,19,13,8,0,5,0,0,0,0,0,0,0,0,0,1,0,1,0.96,1.0,1.0,0.0,0.0,0.0,5,0,1
1027,46,16,30,2,22,3,19,13,8,0,2,0,0,0,0,0,0,0,0,0,0,0,0,1.0,1.0,1.0,0.0,0.0,0.0,5,0,0
1028,46,16,30,2,22,3,19,13,9,0,2,0,0,0,0,0,8,1,0,0,0,0,0,1.0,1.0,1.0,0.0,0.0,0.125,5,0,0
1029,46,16,30,2,22,3,19,13,11,0,1,0,0,0,0,0,8,2,0,0,0,0,0,1.0,1.0,1.0,0.0,0.0,0.25,5,0,0
1030,46,16,30,2,22,3,19,13,12,0,1,0,0,0,0,0,7,1,0,0,0,0,0,1.0,1.0,1.0,0.0,0.0,0.14285714285714285,5,0,0
1031,46,16,30,2,22,3,19,13,12,0,1,0,0,0,0,0,7,1,0,0,0,0,0,1.0,1.0,1.0,0.0,0.0,0.14285714285714285,5,0,0
1032,46,16,30,2,22,3,19,13,12,0,1,0,0,0,0,0,7,1,0,0,0,0,0,1.0,1.0,1.0,0.0,0.0,0.14285714285714285,5,0,0
1033,50,16,34,6,22,3,19,13,11,0,2,0,0,0,0,0,7,1,0,1,0,0,0,1.0,1.0,1.0,0.08695652173913043,0.08695652173913043,0.14285714285714285,5,4,0
1034,50,16,34,6,22,3,19,13,11,0,2,0,0,0,0,0,7,1,0,0,0,0,0,1.0,1.0,1.0,0.0,0.0,0.14285714285714285,5,0,0
1035,50,16,34,6,22,3,19,13,11,0,2,0,0,0,0,0,7,1,0,0,0,0,0,1.0,1.0,1.0,0.0,0.0,0.14285714285714285,5,0,0
1036,50,16,34,6,22,3,19,13,11,0,2,0,0,0,0,0,7,1,0,0,0,0,0,1.0,1.0,1.0,0.0,0.0,0.14285714285714285,5,0,0
1037,50,16,34,6,22,3,19,13,11,0,2,0,0,0,0,0,7,1,0,0,0,0,0,1.0,1.0,1.0,0.0,0.0,0.14285714285714285,5,0,0
1038,50,16,34,6,22,3,19,13,11,0,2,0,0,0,0,0,7,1,0,0,0,0,0,1.0,1.0,1.0,0.0,0.0,0.14285714285714285,5,0,0
1039,50,16,34,6,22,3,19,13,11,0,2,0,0,0,0,0,7,1,0,0,0,0,0,1.0,1.0,1.0,0.0,0.0,0.14285714285714285,5,0,0
1040,53,17,36,9,22,3,19,13,10,0,3,0,0,0,0,0,7,1,0,1,0,0,0,1.0,1.0,1.0,0.06,0.06,0.14285714285714285,5,3,0
1041,53,17,36,9,22,3,19,13,10,0,3,0,0,0,0,0,7,1,0,0,0,0,0,1.0,1.0,1.0,0.0,0.0,0.14285714285714285,5,0,0
1042,53,17,36,9,22,3,19,13,10,0,3,0,0,0,0,0,7,1,0,0,0,0,0,1.0,1.0,1.0,0.0,0.0,0.14285714285714285,5,0,0
1043,53,17,36,9,22,2,20,14,10,0,3,0,0,0,0,0,7,1,0,0,0,0,0,1.0,1.0,1.0,0.0,0.0,0.14285714285714285,5,0,0
1044,52,16,36,9,22,2,19,14,10,0,3,0,0,0,0,0,7,1,0,0,0,0,0,1.0,0.8333333333333334,1.0,0.0,0.0,0.14285714285714285,5,0,1
1045,52,16,36,7,24,2,19,14,10,0,3,0,0,0,0,0,7,1,0,0,0,0,0,1.0,1.0,1.0,0.0,0.0,0.14285714285714285,5,0,0
1046,52,16,36,7,24,2,19,14,10,0,3,0,0,0,0,0,7,1,0,0,0,0,0,1.0,1.0,1.0,0.0,0.0,0.14285714285714285,5,0,0
1047,55,17,38,10,24,2,19,14,9,0,3,0,0,0,0,0,7,1,0,1,0,0,0,1.0,1.0,1.0,0.057692307692307696,0.057692307692307696,0.14285714285714285,5,3,0
1048,62,20,42,17,24,2,19,14,7,0,5,0,0,0,0,0,7,1,0,2,0,0,0,1.0,1.0,1.0,0.12727272727272726,0.12727272727272726,0.14285714285714285,5,7,0
1049,62,20,42,19,22,2,19,14,6,0,6,0,0,0,0,0,7,1,0,1,3,0,3,0.926829268292683,1.0,1.0,0.04838709677419355,0.04838709677419355,0.14285714285714285,5,3,3
1050,66,22,44,23,22,2,19,14,5,0,7,0,0,0,0,0,7,1,0,1,0,0,0,1.0,1.0,1.0,0.06451612903225806,0.06451612903225806,0.14285714285714285,5,4,0
1051,65,22,43,23,21,2,19,14,5,0,7,0,0,0,0,0,7,1,0,0,1,1,1,0.9777777777777777,1.0,1.0,0.0,0.0,0.14285714285714285,5,0,1
1052,63,20,43,22,20,1,20,15,5,0,7,0,0,0,0,0,7,1,0,0,2,1,2,0.9545454545454546,1.0,1.0,0.0,0.0,0.14285714285714285,5,0,2
1053,62,20,42,21,20,1,20,15,5,0,7,0,0,0,0,0,7,1,0,0,1,0,1,0.9761904761904762,1.0,1.0,0.0,0.0,0.14285714285714285,5,0,1
1054,62,20,42,21,20,1,20,15,5,0,7,0,0,0,0,0,7,1,0,0,0,0,0,1.0,1.0,1.0,0.0,0.0,0.14285714285714285,5,0,0
1055,61,20,41,21,18,1,21,16,5,0,7,0,0,0,0,0,7,1,0,0,1,0,1,0.975,1.0,1.0,0.0,0.0,0.14285714285714285,5,0,1
1056,61,20,41,21,17,2,21,16,5,0,7,0,0,0,0,0,7,1,0,0,0,0,0,1.0,1.0,1.0,0.0,0.0,0.14285714285714285,5,0,0
1057,59,19,40,21,15,2,21,16,5,0,7,0,0,0,0,0,7,1,0,0,2,0,2,0.9473684210526316,1.0,1.0,0.0,0.0,0.14285714285714285,5,0,2
1058,59,19,40,21,15,2,21,16,5,0,7,0,0,0,0,0,7,1,0,0,0,0,0,1.0,1.0,1.0,0.0,0.0,0.14285714285714285,5,0,0
1059,58,19,39,20,15,2,21,16,5,0,7,0,0,0,0,0,7,1,0,0,1,0,1,0.9722222222222222,1.0,1.0,0.0,0.0,0.14285714285714285,5,0,1
1060,58,19,39,20,15,2,21,16,5,0,7,0,0,0,0,0,7,1,0,0,0,0,0,1.0,1.0,1.0,0.0,0.0,0.14285714285714285,5,0,0
1061,57,19,38,19,15,2,21,16,5,0,7,0,0,0,0,0,7,1,0,0,1,0,1,0.9714285714285714,1.0,1.0,0.0,0.0,0.14285714285714285,5,0,1
1062,57,19,38,19,15,2,21,16,5,0,7,0,0,0,0,0,7,1,0,0,0,0,0,1.0,1.0,1.0,0.0,0.0,0.14285714285714285,5,0,0
1063,59,20,39,21,15,2,21,16,4,0,8,0,0,0,0,0,7,1,0,1,1,0,1,0.9705882352941176,1.0,1.0,0.05263157894736842,0.05263157894736842,0.14285714285714285,5,3,1
1064,59,20,39,21,15,2,21,16,4,0,8,0,0,0,0,0,7,1,0,0,0,0,0,1.0,1.0,1.0,0.0,0.0,0.14285714285714285,5,0,0
1065,57,20,37,19,15,2,21,16,4,0,8,0,0,0,0,0,7,1,0,0,2,0,2,0.9444444444444444,1.0,1.0,0.0,0.0,0.14285714285714285,5,0,2
1066,57,20,37,19,15,2,21,16,4,0,8,0,0,0,0,0,7,1,0,0,0,0,0,1.0,1.0,1.0,0.0,0.0,0.14285714285714285,5,0,0
1067,56,20,36,18,15,2,21,16,4,0,8,0,0,0,0,0,7,1,0,0,1,0,1,0.9705882352941176,1.0,1.0,0.0,0.0,0.14285714285714285,5,0,1
1068,56,20,36,18,15,2,21,16,4,0,8,0,0,0,0,0,7,1,0,0,0,0,0,1.0,1.0,1.0,0.0,0.0,0.14285714285714285,5,0,0
1069,56,20,36,18,15,2,21,16,4,0,8,0,0,0,0,0,7,1,0,0,0,0,0,1.0,1.0,1.0,0.0,0.0,0.14285714285714285,5,0,0
1070,56,20,36,18,15,2,21,16,4,0,8,0,0,0,0,0,7,1,0,0,0,0,0,1.0,1.0,1.0,0.0,0.0,0.14285714285714285,5,0,0
1071,53,20,33,16,15,2,20,15,4,0,7,0,0,0,0,0,7,1,0,0,2,0,2,0.9393939393939394,1.0,0.9375,0.0,0.0,0.14285714285714285,5,0,3
1072,52,20,32,16,14,2,20,15,4,0,7,0,0,0,0,0,7,1,0,0,1,0,1,0.967741935483871,1.0,1.0,0.0,0.0,0.14285714285714285,5,0,1
1073,52,20,32,16,14,2,20,15,4,0,7,0,0,0,0,0,7,1,0,0,0,0,0,1.0,1.0,1.0,0.0,0.0,0.14285714285714285,5,0,0
1074,51,19,32,15,14,2,20,15,4,0,7,0,0,0,0,0,7,1,0,0,1,0,1,0.9666666666666667,1.0,1.0,0.0,0.0,0.14285714285714285,5,0,1
1075,51,19,32,15,14,2,20,15,4,0,7,0,0,0,0,0,7,1,0,0,0,0,0,1.0,1.0,1.0,0.0,0.0,0.14285714285714285,5,0,0
1076,51,19,32,15,14,2,20,15,4,0,7,0,0,0,0,0,7,1,0,0,0,0,0,1.0,1.0,1.0,0.0,0.0,0.14285714285714285,5,0,0
1077,51,19,32,15,14,2,20,15,4,0,7,0,0,0,0,0,7,1,0,0,0,0,0,1.0,1.0,1.0,0.0,0.0,0.14285714285714285,5,0,0
1078,51,19,32,15,14,2,20,15,4,0,6,0,0,0,0,0,7,1,0,0,0,0,0,1.0,1.0,1.0,0.0,0.0,0.14285714285714285,5,0,0
1079,51,19,32,15,14,2,20,15,4,0,6,0,0,0,0,0,7,1,0,0,0,0,0,1.0,1.0,1.0,0.0,0.0,0.14285714285714285,5,0,0
1080,51,19,32,15,14,2,20,15,4,0,6,0,0,0,0,0,7,1,0,0,0,0,0,1.0,1.0,1.0,0.0,0.0,0.14285714285714285,5,0,0
1081,49,18,31,14,14,2,19,14,3,0,6,0,0,0,0,0,7,1,0,0,1,0,1,0.9655172413793104,1.0,0.9333333333333333,0.0,0.0,0.14285714285714285,5,0,2
1082,49,18,31,14,14,2,19,14,3,0,6,0,0,0,0,0,7,1,0,0,0,0,0,1.0,1.0,1.0,0.0,0.0,0.14285714285714285,5,0,0
1083,49,18,31,12,16,2,19,14,3,0,6,0,0,0,0,0,7,1,0,0,0,0,0,1.0,1.0,1.0,0.0,0.0,0.14285714285714285,5,0,0
1084,49,18,31,12,16,2,19,14,3,0,6,0,0,0,0,0,7,1,0,0,0,0,0,1.0,1.0,1.0,0.0,0.0,0.14285714285714285,5,0,0
1085,49,18,31,12,16,2,19,14,3,0,5,0,0,0,0,0,7,1,0,0,0,0,0,1.0,1.0,1.0,0.0,0.0,0.14285714285714285,5,0,0
1086,48,18,30,12,15,2,19,14,3,0,5,0,0,0,0,0,7,1,0,0,1,0,1,0.9642857142857143,1.0,1.0,0.0,0.0,0.14285714285714285,5,0,1
1087,48,18,30,12,15,2,19,14,3,0,5,0,0,0,0,0,7,1,0,0,0,0,0,1.0,1.0,1.0,0.0,0.0,0.14285714285714285,5,0,0
1088,48,18,30,12,15,2,19,14,3,0,5,0,0,0,0,0,7,1,0,0,0,0,0,1.0,1.0,1.0,0.0,0.0,0.14285714285714285,5,0,0
1089,48,18,30,12,15,2,19,14,3,0,5,0,0,0,0,0,7,1,0,0,0,0,0,1.0,1.0,1.0,0.0,0.0,0.14285714285714285,5,0,0
1090,48,18,30,11,16,2,19,14,3,0,5,0,0,0,0,0,7,1,0,0,0,0,0,1.0,1.0,1.0,0.0,0.0,0.14285714285714285,5,0,0
1091,48,18,30,7,20,2,19,14,3,0,5,0,0,0,0,0,7,1,0,0,0,0,0,1.0,1.0,1.0,0.0,0.0,0.14285714285714285,5,0,0
1092,48,18,30,5,22,2,19,14,3,0,4,0,0,0,0,0,7,1,0,0,0,0,0,1.0,1.0,1.0,0.0,0.0,0.14285714285714285,5,0,0
1093,50,20,30,5,24,2,19,14,2,0,3,0,0,0,0,0,7,1,0,1,1,0,1,0.962962962962963,1.0,1.0,0.0625,0.0625,0.14285714285714285,5,3,1
1094,53,22,31,8,24,2,19,14,1,0,4,0,0,0,0,0,7,1,0,1,0,0,0,1.0,1.0,1.0,0.06,0.06,0.14285714285714285,5,3,0
1095,56,23,33,11,24,2,19,14,0,0,4,0,0,0,0,0,7,1,0,1,0,0,0,1.0,1.0,1.0,0.05660377358490566,0.05660377358490566,0.14285714285714285,5,3,0
1096,56,23,33,11,24,2,19,14,0,0,4,0,0,0,0,0,7,1,0,0,0,0,0,1.0,1.0,1.0,0.0,0.0,0.14285714285714285,5,0,0
1097,56,23,33,11,24,2,19,14,0,0,4,0,0,0,0,0,7,1,0,0,0,0,0,1.0,1.0,1.0,0.0,0.0,0.14285714285714285,5,0,0
1098,56,23,33,11,24,2,19,14,0,0,4,0,0,0,0,0,7,1,0,0,0,0,0,1.0,1.0,1.0,0.0,0.0,0.14285714285714285,5,0,0
1099,55,22,33,11,23,2,19,14,0,0,4,0,0,0,0,0,7,1,0,0,1,0,1,0.9714285714285714,1.0,1.0,0.0,0.0,0.14285714285714285,5,0,1
1100,55,22,33,11,23,2,19,14,0,0,4,0,0,0,0,0,7,1,0,0,0,0,0,1.0,1.0,1.0,0.0,0.0,0.14285714285714285,5,0,0
1101,53,21,32,10,22,2,19,14,0,0,4,0,0,0,0,0,7,1,0,0,2,0,2,0.9411764705882353,1.0,1.0,0.0,0.0,0.14285714285714285,5,0,2
1102,53,21,32,10,22,2,19,14,0,0,4,0,0,0,0,0,7,1,0,0,0,0,0,1.0,1.0,1.0,0.0,0.0,0.14285714285714285,5,0,0
1103,52,21,31,9,22,2,19,14,0,0,4,0,0,0,0,0,7,1,0,0,1,0,1,0.96875,1.0,1.0,0.0,0.0,0.14285714285714285,5,0,1
1104,52,21,31,9,22,2,19,14,0,0,4,0,0,0,0,0,7,1,0,0,0,0,0,1.0,1.0,1.0,0.0,0.0,0.14285714285714285,5,0,0
1105,52,21,31,9,22,2,19,14,0,0,4,0,0,0,0,0,7,1,0,0,0,0,0,1.0,1.0,1.0,0.0,0.0,0.14285714285714285,5,0,0
1106,52,21,31,8,23,2,19,14,0,0,4,0,0,0,0,0,7,1,0,0,0,0,0,1.0,1.0,1.0,0.0,0.0,0.14285714285714285,5,0,0
1107,52,21,31,8,23,2,19,14,0,0,4,0,0,0,0,0,7,1,0,0,0,0,0,1.0,1.0,1.0,0.0,0.0,0.14285714285714285,5,0,0
1108,52,21,31,8,23,2,19,14,0,0,3,0,0,0,0,0,7,1,0,0,0,0,0,1.0,1.0,1.0,0.0,0.0,0.14285714285714285,5,0,0
1109,52,21,31,8,23,2,19,14,0,0,3,0,0,0,0,0,7,1,0,0,0,0,0,1.0,1.0,1.0,0.0,0.0,0.14285714285714285,5,0,0
1110,52,21,31,8,23,2,19,14,0,0,3,0,0,0,0,0,7,1,0,0,0,0,0,1.0,1.0,1.0,0.0,0.0,0.14285714285714285,5,0,0
1111,52,21,31,8,23,2,19,14,0,0,3,0,0,0,0,0,7,1,0,0,0,0,0,1.0,1.0,1.0,0.0,0.0,0.14285714285714285,5,0,0
1112,52,21,31,8,23,2,19,14,0,0,3,0,0,0,0,0,7,1,0,0,0,0,0,1.0,1.0,1.0,0.0,0.0,0.14285714285714285,5,0,0
1113,51,20,31,7,23,2,19,14,0,0,3,0,0,0,0,0,7,1,0,0,1,0,1,0.967741935483871,1.0,1.0,0.0,0.0,0.14285714285714285,5,0,1
1114,51,20,31,7,23,2,19,14,0,0,3,0,0,0,0,0,7,1,0,0,0,0,0,1.0,1.0,1.0,0.0,0.0,0.14285714285714285,5,0,0
1115,51,20,31,7,23,2,19,14,0,0,3,0,0,0,0,0,7,1,0,0,0,0,0,1.0,1.0,1.0,0.0,0.0,0.14285714285714285,5,0,0
1116,51,20,31,7,23,2,19,14,0,0,3,0,0,0,0,0,7,1,0,0,0,1,0,1.0,1.0,1.0,0.0,0.0,0.14285714285714285,5,0,0
1117,49,19,30,7,21,2,19,14,0,0,3,0,0,0,0,0,7,1,0,0,2,0,2,0.9333333333333333,1.0,1.0,0.0,0.0,0.14285714285714285,5,0,2
1118,49,19,30,7,21,2,19,14,0,0,3,0,0,0,0,0,7,1,0,0,0,0,0,1.0,1.0,1.0,0.0,0.0,0.14285714285714285,5,0,0
1119,49,19,30,7,21,2,19,14,0,0,3,0,0,0,0,0,7,1,0,0,0,1,0,1.0,1.0,1.0,0.0,0.0,0.14285714285714285,5,0,0
1120,49,19,30,7,21,2,19,14,0,0,3,0,0,0,0,0,7,1,0,0,0,0,0,1.0,1.0,1.0,0.0,0.0,0.14285714285714285,5,0,0
1121,49,19,30,7,21,2,19,14,0,0,3,0,0,0,0,0,7,1,0,0,0,0,0,1.0,1.0,1.0,0.0,0.0,0.14285714285714285,5,0,0
1122,49,19,30,7,21,2,19,14,0,0,3,0,0,0,0,0,7,1,0,0,0,0,0,1.0,1.0,1.0,0.0,0.0,0.14285714285714285,5,0,0
1123,49,19,30,7,20,3,19,14,0,0,3,0,0,0,0,0,7,1,0,0,0,0,0,1.0,1.0,1.0,0.0,0.0,0.14285714285714285,5,0,0
1124,49,19,30,7,20,3,19,14,0,0,3,0,0,0,0,0,7,1,0,0,0,0,0,1.0,1.0,1.0,0.0,0.0,0.14285714285714285,5,0,0
1125,49,19,30,7,20,3,19,14,2,0,3,0,0,0,0,0,12,2,0,0,0,0,0,1.0,1.0,1.0,0.0,0.0,0.16666666666666666,5,0,0
1126,49,19,30,7,20,3,19,14,6,0,3,0,0,0,0,0,18,4,0,0,0,0,0,1.0,1.0,1.0,0.0,0.0,0.2222222222222222,5,0,0
1127,49,19,30,7,20,3,19,14,9,1,3,0,0,0,0,0,22,3,1,0,0,0,0,1.0,1.0,1.0,0.0,0.0,0.13636363636363635,5,0,0
1128,48,18,30,7,19,3,19,14,10,1,3,0,0,0,0,0,7,1,0,0,1,0,1,0.962962962962963,1.0,1.0,0.0,0.0,0.14285714285714285,5,0,1
1129,48,18,30,7,19,3,19,14,10,1,3,0,0,0,0,0,0,0,0,0,0,0,0,1.0,1.0,1.0,0.0,0.0,0.0,5,0,0
1130,48,18,30,7,19,3,19,14,10,1,3,0,0,0,0,0,0,0,0,0,0,0,0,1.0,1.0,1.0,0.0,0.0,0.0,5,0,0
1131,46,17,29,7,17,3,19,14,10,1,3,0,0,0,0,0,0,0,0,0,2,0,2,0.9230769230769231,1.0,1.0,0.0,0.0,0.0,5,0,2
1132,46,17,29,7,17,3,19,14,10,1,3,0,0,0,0,0,0,0,0,0,0,1,0,1.0,1.0,1.0,0.0,0.0,0.0,5,0,0
1133,45,16,29,6,17,3,19,14,10,1,3,0,0,0,0,0,0,0,0,0,1,0,1,0.9583333333333334,1.0,1.0,0.0,0.0,0.0,5,0,1
1134,44,15,29,5,17,3,19,14,10,1,3,0,0,0,0,0,0,0,0,0,1,0,1,0.9565217391304348,1.0,1.0,0.0,0.0,0.0,5,0,1
1135,44,15,29,5,17,3,19,14,10,1,3,0,0,0,0,0,0,0,0,0,0,0,0,1.0,1.0,1.0,0.0,0.0,0.0,5,0,0
1136,44,15,29,4,17,4,19,14,10,1,3,0,0,0,0,0,0,0,0,0,0,0,0,1.0,1.0,1.0,0.0,0.0,0.0,5,0,0
1137,44,15,29,2,19,4,19,14,10,1,3,0,0,0,0,0,0,0,0,0,0,0,0,1.0,1.0,1.0,0.0,0.0,0.0,5,0,0
1138,44,15,29,0,21,4,19,14,10,1,2,0,0,0,0,0,0,0,0,0,0,0,0,1.0,1.0,1.0,0.0,0.0,0.0,5,0,0
1139,44,15,29,0,21,4,19,14,11,1,1,0,0,0,0,0,5,1,0,0,0,0,0,1.0,1.0,1.0,0.0,0.0,0.2,5,0,0
1140,44,15,29,0,21,4,19,14,11,1,0,0,0,0,0,0,2,0,0,0,0,0,0,1.0,1.0,1.0,0.0,0.0,0.0,5,0,0
1141,44,15,29,0,21,4,19,14,13,1,0,0,0,0,0,0,9,2,0,0,0,0,0,1.0,1.0,1.0,0.0,0.0,0.2222222222222222,5,0,0
1142,44,15,29,0,21,4,19,14,13,1,0,0,0,0,0,0,0,0,0,0,0,0,0,1.0,1.0,1.0,0.0,0.0,0.0,5,0,0
1143,44,15,29,0,21,4,19,14,13,1,0,0,0,0,0,0,0,0,0,0,0,0,0,1.0,1.0,1.0,0.0,0.0,0.0,5,0,0
1144,44,15,29,0,21,4,19,14,13,1,0,0,0,0,0,0,0,0,0,0,0,0,0,1.0,1.0,1.0,0.0,0.0,0.0,5,0,0
1145,44,15,29,0,21,4,19,14,13,1,0,0,0,0,0,0,0,0,0,0,0,0,0,1.0,1.0,1.0,0.0,0.0,0.0,5,0,0
1146,44,15,29,0,21,4,19,14,13,1,0,0,0,0,0,0,0,0,0,0,0,0,0,1.0,1.0,1.0,0.0,0.0,0.0,5,0,0
1147,44,15,29,0,21,4,19,14,13,1,0,0,0,0,0,0,0,0,0,0,0,0,0,1.0,1.0,1.0,0.0,0.0,0.0,5,0,0
1148,44,15,29,0,21,4,19,14,13,1,0,0,0,0,0,0,0,0,0,0,0,0,0,1.0,1.0,1.0,0.0,0.0,0.0,5,0,0
1149,44,15,29,0,21,4,19,14,13,1,0,0,0,0,0,0,0,0,0,0,0,0,0,1.0,1.0,1.0,0.0,0.0,0.0,5,0,0
1150,44,15,29,0,21,4,19,14,13,1,0,0,0,0,0,0,0,0,0,0,0,0,0,1.0,1.0,1.0,0.0,0.0,0.0,5,0,0
1151,44,15,29,0,21,4,19,14,13,1,0,0,0,0,0,0,0,0,0,0,0,0,0,1.0,1.0,1.0,0.0,0.0,0.0,5,0,0
1152,44,15,29,0,21,4,19,14,13,1,0,0,0,0,0,0,0,0,0,0,0,0,0,1.0,1.0,1.0,0.0,0.0,0.0,5,0,0
1153,44,15,29,0,21,4,19,14,13,1,0,0,0,0,0,0,0,0,0,0,0,0,0,1.0,1.0,1.0,0.0,0.0,0.0,5,0,0
1154,44,15,29,0,21,4,19,14,13,1,0,0,0,0,0,0,0,0,0,0,0,0,0,1.0,1.0,1.0,0.0,0.0,0.0,5,0,0
1155,44,15,29,0,21,4,19,14,13,1,0,0,0,0,0,0,0,0,0,0,0,0,0,1.0,1.0,1.0,0.0,0.0,0.0,5,0,0
1156,43,15,28,0,20,4,19,14,13,1,0,0,0,0,0,0,0,0,0,0,1,0,1,0.9523809523809523,1.0,1.0,0.0,0.0,0.0,5,0,1
1157,43,15,28,0,20,4,19,14,13,1,0,0,0,0,0,0,0,0,0,0,0,0,0,1.0,1.0,1.0,0.0,0.0,0.0,5,0,0
1158,43,15,28,0,20,4,19,14,13,1,0,0,0,0,0,0,0,0,0,0,0,0,0,1.0,1.0,1.0,0.0,0.0,0.0,5,0,0
1159,43,15,28,0,20,4,19,14,13,1,0,0,0,0,0,0,0,0,0,0,0,0,0,1.0,1.0,1.0,0.0,0.0,0.0,5,0,0
1160,43,15,28,0,20,4,19,14,13,1,0,0,0,0,0,0,0,0,0,0,0,0,0,1.0,1.0,1.0,0.0,0.0,0.0,5,0,0
1161,43,15,28,0,20,4,19,14,13,1,0,0,0,0,0,0,0,0,0,0,0,0,0,1.0,1.0,1.0,0.0,0.0,0.0,5,0,0
1162,43,15,28,0,20,4,19,14,13,1,0,0,0,0,0,0,0,0,0,0,0,5,0,1.0,1.0,1.0,0.0,0.0,0.0,5,0,0
1163,43,15,28,0,20,4,19,14,13,1,0,0,0,0,0,0,0,0,0,0,0,0,0,1.0,1.0,1.0,0.0,0.0,0.0,5,0,0
1164,43,15,28,0,20,4,19,14,13,1,0,0,0,0,0,0,0,0,0,0,0,1,0,1.0,1.0,1.0,0.0,0.0,0.0,5,0,0
1165,43,15,28,0,20,4,19,14,13,1,0,0,0,0,0,0,0,0,0,0,0,0,0,1.0,1.0,1.0,0.0,0.0,0.0,5,0,0
1166,43,15,28,0,15,9,19,14,13,1,0,0,0,0,0,0,0,0,0,0,0,0,0,1.0,1.0,1.0,0.0,0.0,0.0,5,0,0
1167,43,15,28,0,15,9,19,14,13,1,0,0,0,0,0,0,0,0,0,0,0,0,0,1.0,1.0,1.0,0.0,0.0,0.0,5,0,0
1168,43,15,28,0,14,10,19,14,13,1,0,0,0,0,0,0,0,0,0,0,0,0,0,1.0,1.0,1.0,0.0,0.0,0.0,5,0,0
1169,42,14,28,0,13,10,19,14,13,1,0,0,0,0,0,0,0,0,0,0,1,0,1,0.9285714285714286,1.0,1.0,0.0,0.0,0.0,5,0,1
1170,42,14,28,0,13,10,19,14,13,1,0,0,0,0,0,0,0,0,0,0,0,0,0,1.0,1.0,1.0,0.0,0.0,0.0,5,0,0
1171,42,14,28,0,13,10,19,14,13,1,0,0,0,0,0,0,0,0,0,0,0,0,0,1.0,1.0,1.0,0.0,0.0,0.0,5,0,0
1172,42,14,28,0,13,10,19,14,13,0,0,0,0,0,0,0,0,0,0,0,0,0,0,1.0,1.0,1.0,0.0,0.0,0.0,5,0,0
1173,42,14,28,0,13,10,19,14,14,0,0,0,0,0,0,0,3,1,0,0,0,0,0,1.0,1.0,1.0,0.0,0.0,0.3333333333333333,5,0,0
1174,42,14,28,0,13,10,19,14,14,0,0,0,0,0,0,0,0,0,0,0,0,0,0,1.0,1.0,1.0,0.0,0.0,0.0,5,0,0
1175,42,14,28,0,13,10,19,14,14,0,0,0,0,0,0,0,0,0,0,0,0,0,0,1.0,1.0,1.0,0.0,0.0,0.0,5,0,0
1176,42,14,28,0,13,10,19,14,14,0,0,0,0,0,0,0,0,0,0,0,0,0,0,1.0,1.0,1.0,0.0,0.0,0.0,5,0,0
1177,42,14,28,0,13,10,19,14,14,0,0,0,0,0,0,0,0,0,0,0,0,0,0,1.0,1.0,1.0,0.0,0.0,0.0,5,0,0
1178,42,14,28,0,13,10,19,14,14,0,0,0,0,0,0,0,0,0,0,0,0,0,0,1.0,1.0,1.0,0.0,0.0,0.0,5,0,0
1179,42,14,28,0,13,10,19,14,14,0,0,0,0,0,0,0,0,0,0,0,0,0,0,1.0,1.0,1.0,0.0,0.0,0.0,5,0,0
1180,42,14,28,0,13,10,19,14,14,0,0,0,0,0,0,0,0,0,0,0,0,0,0,1.0,1.0,1.0,0.0,0.0,0.0,5,0,0
1181,42,14,28,0,13,10,19,14,14,0,0,0,0,0,0,0,0,0,0,0,0,0,0,1.0,1.0,1.0,0.0,0.0,0.0,5,0,0
1182,42,14,28,0,13,10,19,14,14,0,0,0,0,0,0,0,0,0,0,0,0,1,0,1.0,1.0,1.0,0.0,0.0,0.0,5,0,0
1183,42,14,28,0,13,10,19,14,14,0,0,0,0,0,0,0,0,0,0,0,0,0,0,1.0,1.0,1.0,0.0,0.0,0.0,5,0,0
1184,42,14,28,0,13,10,19,14,14,0,0,0,0,0,0,0,0,0,0,0,0,0,0,1.0,1.0,1.0,0.0,0.0,0.0,5,0,0
1185,41,14,27,0,12,10,19,14,14,0,0,0,0,0,0,0,0,0,0,0,1,0,1,0.9230769230769231,1.0,1.0,0.0,0.0,0.0,5,0,1
1186,41,14,27,0,11,11,19,14,14,0,0,0,0,0,0,0,0,0,0,0,0,0,0,1.0,1.0,1.0,0.0,0.0,0.0,5,0,0
1187,41,14,27,0,11,11,19,14,14,0,0,0,0,0,0,0,0,0,0,0,0,0,0,1.0,1.0,1.0,0.0,0.0,0.0,5,0,0
1188,41,14,27,0,11,11,19,14,14,0,0,0,0,0,0,0,0,0,0,0,0,0,0,1.0,1.0,1.0,0.0,0.0,0.0,5,0,0
1189,41,14,27,0,11,11,19,14,14,0,0,0,0,0,0,0,0,0,0,0,0,0,0,1.0,1.0,1.0,0.0,0.0,0.0,5,0,0
1190,48,17,31,7,11,10,20,14,12,0,2,0,0,0,0,0,0,0,0,2,0,0,0,1.0,1.0,1.0,0.17073170731707318,0.17073170731707318,0.0,5,7,0
1191,62,22,40,21,11,10,20,14,8,0,6,0,0,0,0,0,0,0,0,4,0,0,0,1.0,1.0,1.0,0.2916666666666667,0.2916666666666667,0.0,5,14,0
1192,70,27,43,31,9,10,20,14,5,0,9,0,0,0,0,0,0,0,0,3,2,0,2,0.9375,1.0,1.0,0.16129032258064516,0.16129032258064516,0.0,5,10,2
1193,73,31,42,35,8,10,20,14,4,0,10,0,0,0,0,0,0,0,0,1,1,0,1,0.975,1.0,1.0,0.05714285714285714,0.05714285714285714,0.0,5,4,1
1194,71,31,40,33,8,10,20,14,4,0,10,0,0,0,0,0,0,0,0,0,2,0,2,0.9534883720930233,1.0,1.0,0.0,0.0,0.0,5,0,2
1195,69,31,38,32,7,10,20,14,4,0,10,0,0,0,0,0,0,0,0,0,2,0,2,0.9512195121951219,1.0,1.0,0.0,0.0,0.0,5,0,2
1196,66,29,37,30,7,10,19,14,4,0,10,0,0,0,0,0,0,0,0,0,2,0,2,0.9487179487179487,0.8333333333333334,1.0,0.0,0.0,0.0,5,0,3
1197,66,29,37,30,7,10,19,14,4,0,10,0,0,0,0,0,0,0,0,0,0,0,0,1.0,1.0,1.0,0.0,0.0,0.0,5,0,0
1198,65,29,36,30,6,10,19,14,4,0,10,0,0,0,0,0,0,0,0,0,1,0,1,0.972972972972973,1.0,1.0,0.0,0.0,0.0,5,0,1
1199,62,27,35,30,4,10,18,14,4,0,10,0,0,0,0,0,0,0,0,0,2,0,2,0.9444444444444444,0.8,1.0,0.0,0.0,0.0,5,0,3
1200,61,27,34,30,4,9,18,14,4,0,9,0,0,0,0,0,0,0,0,0,0,0,0,1.0,1.0,0.9333333333333333,0.0,0.0,0.0,5,0,1
1201,61,27,34,30,4,9,18,14,4,0,9,0,0,0,0,0,0,0,0,0,0,0,0,1.0,1.0,1.0,0.0,0.0,0.0,5,0,0
1202,61,27,34,30,4,9,18,14,4,0,9,0,0,0,0,0,0,0,0,0,0,0,0,1.0,1.0,1.0,0.0,0.0,0.0,5,0,0
1203,61,27,34,30,4,9,18,14,5,0,9,0,0,0,0,0,3,1,0,0,0,0,0,1.0,1.0,1.0,0.0,0.0,0.3333333333333333,5,0,0
1204,65,28,37,34,4,9,18,14,4,0,10,0,0,0,0,0,0,0,0,1,0,0,0,1.0,1.0,1.0,0.06557377049180328,0.06557377049180328,0.0,5,4,0
1205,65,28,37,34,4,9,18,14,4,0,10,0,0,0,0,0,0,0,0,0,0,0,0,1.0,1.0,1.0,0.0,0.0,0.0,5,0,0
1206,69,27,42,39,3,9,18,14,2,0,12,0,0,0,0,0,0,0,0,2,4,0,4,0.8947368421052632,1.0,1.0,0.12307692307692308,0.12307692307692308,0.0,5,8,4
1207,63,25,38,33,3,9,18,14,2,0,12,0,0,0,0,0,0,0,0,0,6,0,6,0.8571428571428572,1.0,1.0,0.0,0.0,0.0,5,0,6
1208,62,24,38,32,3,9,18,14,2,0,12,0,0,0,0,0,0,0,0,0,1,0,1,0.9722222222222222,1.0,1.0,0.0,0.0,0.0,5,0,1
1209,61,23,38,32,2,9,18,14,2,0,12,0,0,0,0,0,0,0,0,0,1,0,1,0.9714285714285714,1.0,1.0,0.0,0.0,0.0,5,0,1
1210,59,23,36,30,2,9,18,14,2,0,12,0,0,0,0,0,0,0,0,0,2,0,2,0.9411764705882353,1.0,1.0,0.0,0.0,0.0,5,0,2
1211,58,22,36,29,2,9,18,14,2,0,12,0,0,0,0,0,0,0,0,0,1,0,1,0.96875,1.0,1.0,0.0,0.0,0.0,5,0,1
1212,57,21,36,28,2,9,18,14,2,0,12,0,0,0,0,0,0,0,0,0,1,0,1,0.967741935483871,1.0,1.0,0.0,0.0,0.0,5,0,1
1213,57,21,36,28,2,9,18,14,2,0,12,0,0,0,0,0,0,0,0,0,0,0,0,1.0,1.0,1.0,0.0,0.0,0.0,5,0,0
1214,57,21,36,28,2,9,18,14,2,0,12,0,0,0,0,0,0,0,0,0,0,0,0,1.0,1.0,1.0,0.0,0.0,0.0,5,0,0
1215,56,21,35,27,2,9,18,14,2,0,12,0,0,0,0,0,0,0,0,0,1,0,1,0.9666666666666667,1.0,1.0,0.0,0.0,0.0,5,0,1
1216,56,21,35,27,2,9,18,14,2,0,12,0,0,0,0,0,0,0,0,0,0,0,0,1.0,1.0,1.0,0.0,0.0,0.0,5,0,0
1217,56,21,35,27,2,9,18,14,2,0,12,0,0,0,0,0,0,0,0,0,0,0,0,1.0,1.0,1.0,0.0,0.0,0.0,5,0,0
1218,54,20,34,26,2,8,18,14,2,0,12,0,0,0,0,0,0,0,0,0,1,0,1,0.9655172413793104,1.0,1.0,0.0,0.0,0.0,5,0,2
1219,53,19,34,26,1,8,18,14,2,0,12,0,0,0,0,0,0,0,0,0,1,0,1,0.9642857142857143,1.0,1.0,0.0,0.0,0.0,5,0,1
1220,53,19,34,26,1,8,18,14,2,0,12,0,0,0,0,0,0,0,0,0,0,0,0,1.0,1.0,1.0,0.0,0.0,0.0,5,0,0
1221,53,19,34,26,1,7,19,15,2,0,12,0,0,0,0,0,0,0,0,0,0,0,0,1.0,1.0,1.0,0.0,0.0,0.0,5,0,0
1222,53,19,34,26,1,7,19,15,2,0,12,0,0,0,0,0,0,0,0,0,0,0,0,1.0,1.0,1.0,0.0,0.0,0.0,5,0,0
1223,52,18,34,25,1,7,19,15,2,0,12,0,0,0,0,0,0,0,0,0,1,0,1,0.962962962962963,1.0,1.0,0.0,0.0,0.0,5,0,1
1224,52,18,34,25,1,7,19,15,2,0,12,0,0,0,0,0,0,0,0,0,0,0,0,1.0,1.0,1.0,0.0,0.0,0.0,5,0,0
1225,52,18,34,25,1,7,19,15,2,0,12,0,0,0,0,0,0,0,0,0,0,0,0,1.0,1.0,1.0,0.0,0.0,0.0,5,0,0
1226,52,18,34,25,1,7,19,15,2,0,12,0,0,0,0,0,0,0,0,0,0,0,0,1.0,1.0,1.0,0.0,0.0,0.0,5,0,0
1227,52,18,34,25,1,7,19,15,2,0,12,0,0,0,0,0,0,0,0,0,0,0,0,1.0,1.0,1.0,0.0,0.0,0.0,5,0,0
1228,52,18,34,25,1,7,19,15,2,0,12,0,0,0,0,0,0,0,0,0,0,0,0,1.0,1.0,1.0,0.0,0.0,0.0,5,0,0
1229,51,17,34,24,1,7,19,15,3,0,12,0,0,0,0,0,5,1,0,0,1,0,1,0.9615384615384616,1.0,1.0,0.0,0.0,0.2,5,0,1
1230,51,17,34,24,1,7,19,15,3,0,12,0,0,0,0,0,0,0,0,0,0,0,0,1.0,1.0,1.0,0.0,0.0,0.0,5,0,0
1231,50,17,33,24,1,7,18,14,3,0,11,0,0,0,0,0,0,0,0,0,0,0,0,1.0,1.0,0.9333333333333333,0.0,0.0,0.0,5,0,1
1232,49,17,32,23,1,7,18,14,3,0,11,0,0,0,0,0,0,0,0,0,1,0,1,0.96,1.0,1.0,0.0,0.0,0.0,5,0,1
1233,49,17,32,19,5,7,18,14,3,0,11,0,0,0,0,0,0,0,0,0,0,0,0,1.0,1.0,1.0,0.0,0.0,0.0,5,0,0
1234,48,16,32,11,12,7,18,14,3,0,11,0,0,0,0,0,0,0,0,0,1,0,1,0.9583333333333334,1.0,1.0,0.0,0.0,0.0,5,0,1
1235,47,16,31,8,14,7,18,14,3,0,9,0,0,0,0,0,0,0,0,0,1,0,1,0.9565217391304348,1.0,1.0,0.0,0.0,0.0,5,0,1
1236,46,16,30,6,15,7,18,14,3,0,5,0,0,0,0,0,7,0,0,0,1,0,1,0.9545454545454546,1.0,1.0,0.0,0.0,0.0,5,0,1
1237,45,16,29,5,15,7,18,14,6,1,3,0,0,0,0,0,24,3,1,0,1,0,1,0.9523809523809523,1.0,1.0,0.0,0.0,0.125,5,0,1
1238,49,19,30,9,15,7,18,14,8,1,3,0,0,0,0,0,17,3,0,1,0,0,0,1.0,1.0,1.0,0.08888888888888889,0.08888888888888889,0.17647058823529413,5,4,0
1239,49,19,30,9,15,7,18,14,8,1,3,0,0,0,0,0,2,0,0,0,0,0,0,1.0,1.0,1.0,0.0,0.0,0.0,5,0,0
1240,49,19,30,9,15,7,18,14,8,1,3,0,0,0,0,0,8,0,0,0,0,0,0,1.0,1.0,1.0,0.0,0.0,0.0,5,0,0
1241,49,19,30,9,15,7,18,14,9,1,3,0,0,0,0,0,6,1,0,0,0,0,0,1.0,1.0,1.0,0.0,0.0,0.16666666666666666,5,0,0
1242,48,19,29,8,15,7,18,14,9,1,3,0,0,0,0,0,0,0,0,0,1,0,1,0.9583333333333334,1.0,1.0,0.0,0.0,0.0,5,0,1
1243,48,19,29,8,15,7,18,14,9,1,3,0,0,0,0,0,0,0,0,0,0,1,0,1.0,1.0,1.0,0.0,0.0,0.0,5,0,0
1244,48,19,29,8,15,7,18,14,9,1,3,0,0,0,0,0,0,0,0,0,0,0,0,1.0,1.0,1.0,0.0,0.0,0.0,5,0,0
1245,48,19,29,8,15,7,18,14,9,1,3,0,0,0,0,0,0,0,0,0,0,0,0,1.0,1.0,1.0,0.0,0.0,0.0,5,0,0
1246,47,19,28,8,14,7,18,14,9,1,3,0,0,0,0,0,0,0,0,0,1,0,1,0.9565217391304348,1.0,1.0,0.0,0.0,0.0,5,0,1
1247,47,19,28,7,14,8,18,14,9,1,3,0,0,0,0,0,0,0,0,0,0,0,0,1.0,1.0,1.0,0.0,0.0,0.0,5,0,0
1248,47,19,28,7,14,8,18,14,9,1,3,0,0,0,0,0,0,0,0,0,0,0,0,1.0,1.0,1.0,0.0,0.0,0.0,5,0,0
1249,47,19,28,4,17,8,18,14,9,1,3,0,0,0,0,0,0,0,0,0,0,0,0,1.0,1.0,1.0,0.0,0.0,0.0,5,0,0
1250,47,19,28,4,17,8,18,14,9,1,3,0,0,0,0,0,1,0,0,0,0,0,0,1.0,1.0,1.0,0.0,0.0,0.0,5,0,0
1251,46,19,27,4,16,8,18,14,9,1,1,0,0,0,0,0,6,0,0,0,1,0,1,0.9523809523809523,1.0,1.0,0.0,0.0,0.0,5,0,1
1252,46,19,27,4,16,8,18,14,9,1,1,0,0,0,0,0,18,0,0,0,0,0,0,1.0,1.0,1.0,0.0,0.0,0.0,5,0,0
1253,45,18,27,4,15,8,18,14,11,1,1,0,0,0,0,0,22,2,0,0,1,0,1,0.95,1.0,1.0,0.0,0.0,0.09090909090909091,5,0,1
1254,44,17,27,4,15,8,17,14,11,1,1,0,0,0,0,0,1,0,0,0,0,0,0,1.0,0.75,1.0,0.0,0.0,0.0,5,0,1
1255,44,17,27,4,15,8,17,14,12,1,1,0,0,0,0,0,8,1,0,0,0,0,0,1.0,1.0,1.0,0.0,0.0,0.125,5,0,0
1256,44,17,27,4,15,8,17,14,12,1,1,0,0,0,0,0,0,0,0,0,0,0,0,1.0,1.0,1.0,0.0,0.0,0.0,5,0,0
1257,44,17,27,4,15,8,17,14,12,1,1,0,0,0,0,0,0,0,0,0,0,0,0,1.0,1.0,1.0,0.0,0.0,0.0,5,0,0
1258,44,17,27,4,15,7,18,14,12,1,1,0,0,0,0,0,0,0,0,0,0,0,0,1.0,1.0,1.0,0.0,0.0,0.0,5,0,0
1259,43,17,26,4,14,7,18,14,12,1,1,0,0,0,0,0,0,0,0,0,1,0,1,0.9473684210526316,1.0,1.0,0.0,0.0,0.0,5,0,1
1260,43,17,26,4,14,7,18,14,12,1,1,0,0,0,0,0,0,0,0,0,0,0,0,1.0,1.0,1.0,0.0,0.0,0.0,5,0,0
1261,43,17,26,4,14,7,18,14,12,1,1,0,0,0,0,0,0,0,0,0,0,0,0,1.0,1.0,1.0,0.0,0.0,0.0,5,0,0
1262,43,17,26,4,14,7,18,14,12,1,1,0,0,0,0,0,0,0,0,0,0,0,0,1.0,1.0,1.0,0.0,0.0,0.0,5,0,0
1263,43,17,26,4,14,7,18,14,12,1,1,0,0,0,0,0,0,0,0,0,0,0,0,1.0,1.0,1.0,0.0,0.0,0.0,5,0,0
1264,43,17,26,4,14,7,18,14,12,1,1,0,0,0,0,0,0,0,0,0,0,0,0,1.0,1.0,1.0,0.0,0.0,0.0,5,0,0
1265,43,17,26,4,14,7,18,14,12,1,1,0,0,0,0,0,0,0,0,0,0,0,0,1.0,1.0,1.0,0.0,0.0,0.0,5,0,0
1266,43,17,26,4,14,7,18,14,12,1,1,0,0,0,0,0,0,0,0,0,0,0,0,1.0,1.0,1.0,0.0,0.0,0.0,5,0,0
1267,43,17,26,4,14,7,18,14,12,1,1,0,0,0,0,0,0,0,0,0,0,0,0,1.0,1.0,1.0,0.0,0.0,0.0,5,0,0
1268,46,17,29,7,14,7,18,14,11,1,2,0,0,0,0,0,0,0,0,1,0,0,0,1.0,1.0,1.0,0.06976744186046512,0.06976744186046512,0.0,5,3,0
1269,46,17,29,7,14,7,18,14,11,1,2,0,0,0,0,0,0,0,0,0,0,0,0,1.0,1.0,1.0,0.0,0.0,0.0,5,0,0
1270,46,17,29,7,14,7,18,14,11,1,2,0,0,0,0,0,0,0,0,0,0,0,0,1.0,1.0,1.0,0.0,0.0,0.0,5,0,0
1271,46,17,29,7,14,7,18,14,11,1,2,0,0,0,0,0,0,0,0,0,0,0,0,1.0,1.0,1.0,0.0,0.0,0.0,5,0,0
1272,45,16,29,7,14,7,17,14,11,1,2,0,0,0,0,0,0,0,0,0,0,0,0,1.0,0.75,1.0,0.0,0.0,0.0,5,0,1
1273,45,16,29,7,14,7,17,14,11,1,2,0,0,0,0,0,0,0,0,0,0,0,0,1.0,1.0,1.0,0.0,0.0,0.0,5,0,0
1274,44,16,28,7,13,7,17,14,11,1,2,0,0,0,0,0,0,0,0,0,1,0,1,0.9523809523809523,1.0,1.0,0.0,0.0,0.0,5,0,1
1275,44,16,28,7,13,6,18,15,11,1,2,0,0,0,0,0,0,0,0,0,0,0,0,1.0,1.0,1.0,0.0,0.0,0.0,5,0,0
1276,44,16,28,7,13,6,18,15,11,1,2,0,0,0,0,0,0,0,0,0,0,0,0,1.0,1.0,1.0,0.0,0.0,0.0,5,0,0
1277,44,16,28,7,13,6,18,15,11,1,2,0,0,0,0,0,0,0,0,0,0,0,0,1.0,1.0,1.0,0.0,0.0,0.0,5,0,0
1278,44,16,28,7,13,6,18,15,11,1,2,0,0,0,0,0,0,0,0,0,0,0,0,1.0,1.0,1.0,0.0,0.0,0.0,5,0,0
1279,44,16,28,7,13,6,18,15,11,1,2,0,0,0,0,0,0,0,0,0,0,0,0,1.0,1.0,1.0,0.0,0.0,0.0,5,0,0
1280,44,16,28,7,13,6,18,15,11,1,2,0,0,0,0,0,0,0,0,0,0,0,0,1.0,1.0,1.0,0.0,0.0,0.0,5,0,0
1281,44,16,28,3,17,6,18,15,12,1,2,0,0,0,0,0,4,1,0,0,0,0,0,1.0,1.0,1.0,0.0,0.0,0.25,5,0,0
1282,44,16,28,3,17,6,18,15,12,0,2,0,0,0,0,0,0,0,0,0,0,0,0,1.0,1.0,1.0,0.0,0.0,0.0,5,0,0
1283,44,16,28,3,17,6,18,15,13,0,1,0,0,0,0,0,8,1,0,0,0,0,0,1.0,1.0,1.0,0.0,0.0,0.125,5,0,0
1284,44,16,28,3,17,6,18,15,14,0,1,0,0,0,0,0,5,1,0,0,0,0,0,1.0,1.0,1.0,0.0,0.0,0.2,5,0,0
1285,44,16,28,3,17,6,18,15,14,0,1,0,0,0,0,0,0,0,0,0,0,0,0,1.0,1.0,1.0,0.0,0.0,0.0,5,0,0
1286,44,16,28,3,17,6,18,15,14,0,1,0,0,0,0,0,0,0,0,0,0,0,0,1.0,1.0,1.0,0.0,0.0,0.0,5,0,0
1287,44,16,28,3,17,6,18,15,14,0,1,0,0,0,0,0,0,0,0,0,0,0,0,1.0,1.0,1.0,0.0,0.0,0.0,5,0,0
1288,44,16,28,3,17,6,18,15,14,0,1,0,0,0,0,0,0,0,0,0,0,0,0,1.0,1.0,1.0,0.0,0.0,0.0,5,0,0
1289,44,16,28,3,17,6,18,15,14,0,1,0,0,0,0,0,0,0,0,0,0,0,0,1.0,1.0,1.0,0.0,0.0,0.0,5,0,0
1290,43,15,28,3,17,6,17,15,14,0,1,0,0,0,0,0,0,0,0,0,0,0,0,1.0,0.6666666666666667,1.0,0.0,0.0,0.0,5,0,1
1291,43,15,28,3,17,6,17,15,14,0,1,0,0,0,0,0,0,0,0,0,0,0,0,1.0,1.0,1.0,0.0,0.0,0.0,5,0,0
1292,43,15,28,3,17,6,17,15,14,0,1,0,0,0,0,0,0,0,0,0,0,0,0,1.0,1.0,1.0,0.0,0.0,0.0,5,0,0
1293,43,15,28,3,17,6,17,15,14,0,1,0,0,0,0,0,0,0,0,0,0,0,0,1.0,1.0,1.0,0.0,0.0,0.0,5,0,0
1294,47,16,31,7,17,6,17,15,13,0,2,0,0,0,0,0,0,0,0,1,0,0,0,1.0,1.0,1.0,0.09302325581395349,0.09302325581395349,0.0,5,4,0
1295,47,16,31,7,17,6,17,15,13,0,2,0,0,0,0,0,0,0,0,0,0,0,0,1.0,1.0,1.0,0.0,0.0,0.0,5,0,0
1296,47,16,31,7,17,6,17,15,13,0,2,0,0,0,0,0,0,0,0,0,0,0,0,1.0,1.0,1.0,0.0,0.0,0.0,5,0,0
1297,47,16,31,7,17,6,17,15,13,0,2,0,0,0,0,0,0,0,0,0,0,0,0,1.0,1.0,1.0,0.0,0.0,0.0,5,0,0
1298,47,16,31,7,17,6,17,15,13,0,2,0,0,0,0,0,0,0,0,0,0,0,0,1.0,1.0,1.0,0.0,0.0,0.0,5,0,0
1299,47,16,31,7,17,6,17,15,13,0,2,0,0,0,0,0,0,0,0,0,0,0,0,1.0,1.0,1.0,0.0,0.0,0.0,5,0,0
1300,46,15,31,7,16,6,17,15,13,0,2,0,0,0,0,0,0,0,0,0,1,0,1,0.9583333333333334,1.0,1.0,0.0,0.0,0.0,5,0,1
1301,45,15,30,7,16,4,18,14,12,0,2,0,0,0,0,0,0,0,0,0,0,0,0,1.0,1.0,0.9333333333333333,0.0,0.0,0.0,5,0,1
1302,56,19,37,18,16,4,18,14,9,0,5,0,0,0,0,0,0,0,0,3,0,0,0,1.0,1.0,1.0,0.24444444444444444,0.24444444444444444,0.0,5,11,0
1303,67,26,41,29,16,4,18,14,6,0,8,0,0,0,0,0,0,0,0,3,0,0,0,1.0,1.0,1.0,0.19642857142857142,0.19642857142857142,0.0,5,11,0
1304,64,24,40,28,15,4,17,13,6,0,7,0,0,0,0,0,0,0,0,0,2,0,2,0.9555555555555556,1.0,0.9285714285714286,0.0,0.0,0.0,5,0,3
1305,61,23,38,27,13,4,17,13,6,0,7,0,0,0,0,0,0,0,0,0,3,0,3,0.9302325581395349,1.0,1.0,0.0,0.0,0.0,5,0,3
1306,62,24,38,28,13,4,17,13,5,0,8,0,0,0,0,0,0,0,0,1,2,0,2,0.95,1.0,1.0,0.04918032786885246,0.04918032786885246,0.0,5,3,2
1307,62,24,38,28,13,4,17,13,5,0,8,0,0,0,0,0,0,0,0,0,0,0,0,1.0,1.0,1.0,0.0,0.0,0.0,5,0,0
1308,62,24,38,28,13,4,17,13,5,0,8,0,0,0,0,0,0,0,0,0,0,0,0,1.0,1.0,1.0,0.0,0.0,0.0,5,0,0
1309,61,23,38,27,13,4,17,13,5,0,8,0,0,0,0,0,0,0,0,0,1,0,1,0.975609756097561,1.0,1.0,0.0,0.0,0.0,5,0,1
1310,60,23,37,26,13,4,17,13,5,0,8,0,0,0,0,0,0,0,0,0,1,0,1,0.975,1.0,1.0,0.0,0.0,0.0,5,0,1
1311,59,23,36,22,16,4,17,13,5,0,8,0,0,0,0,0,0,0,0,0,1,0,1,0.9743589743589743,1.0,1.0,0.0,0.0,0.0,5,0,1
1312,58,22,36,21,16,4,17,13,5,0,8,0,0,0,0,0,0,0,0,0,1,0,1,0.9736842105263158,1.0,1.0,0.0,0.0,0.0,5,0,1
1313,58,22,36,21,16,4,17,13,5,0,8,0,0,0,0,0,0,0,0,0,0,0,0,1.0,1.0,1.0,0.0,0.0,0.0,5,0,0
1314,56,20,36,21,14,4,17,13,5,0,8,0,0,0,0,0,0,0,0,0,2,0,2,0.9459459459459459,1.0,1.0,0.0,0.0,0.0,5,0,2
1315,55,20,35,21,13,4,17,13,5,0,8,0,0,0,0,0,0,0,0,0,1,0,1,0.9714285714285714,1.0,1.0,0.0,0.0,0.0,5,0,1
1316,55,20,35,21,13,4,17,13,5,0,8,0,0,0,0,0,0,0,0,0,0,0,0,1.0,1.0,1.0,0.0,0.0,0.0,5,0,0
1317,55,20,35,21,13,4,17,13,5,0,8,0,0,0,0,0,0,0,0,0,0,0,0,1.0,1.0,1.0,0.0,0.0,0.0,5,0,0
1318,62,22,40,28,13,4,17,13,3,0,10,0,0,0,0,0,0,0,0,2,0,0,0,1.0,1.0,1.0,0.12727272727272726,0.12727272727272726,0.0,5,7,0
1319,61,21,40,28,12,4,17,13,3,0,10,0,0,0,0,0,0,0,0,0,1,0,1,0.975609756097561,1.0,1.0,0.0,0.0,0.0,5,0,1
1320,63,21,42,30,12,4,17,13,2,0,11,0,0,0,0,0,0,0,0,1,1,0,1,0.975,1.0,1.0,0.04918032786885246,0.04918032786885246,0.0,5,3,1
1321,62,21,41,30,11,4,17,13,2,0,11,0,0,0,0,0,0,0,0,0,1,0,1,0.9761904761904762,1.0,1.0,0.0,0.0,0.0,5,0,1
1322,61,21,40,29,11,4,17,13,2,0,11,0,0,0,0,0,0,0,0,0,1,0,1,0.975609756097561,1.0,1.0,0.0,0.0,0.0,5,0,1
1323,61,21,40,29,11,4,17,13,2,0,11,0,0,0,0,0,0,0,0,0,0,0,0,1.0,1.0,1.0,0.0,0.0,0.0,5,0,0
1324,60,20,40,29,10,4,17,13,2,0,11,0,0,0,0,0,0,0,0,0,1,0,1,0.975,1.0,1.0,0.0,0.0,0.0,5,0,1
1325,59,20,39,28,10,4,17,13,2,0,11,0,0,0,0,0,0,0,0,0,1,0,1,0.9743589743589743,1.0,1.0,0.0,0.0,0.0,5,0,1
1326,59,20,39,28,10,3,18,14,2,0,11,0,0,0,0,0,0,0,0,0,0,0,0,1.0,1.0,1.0,0.0,0.0,0.0,5,0,0
1327,58,20,38,27,10,3,18,14,2,0,11,0,0,0,0,0,0,0,0,0,1,0,1,0.9736842105263158,1.0,1.0,0.0,0.0,0.0,5,0,1
1328,57,19,38,26,10,3,18,14,2,0,11,0,0,0,0,0,0,0,0,0,1,0,1,0.972972972972973,1.0,1.0,0.0,0.0,0.0,5,0,1
1329,56,18,38,25,10,3,18,14,2,0,11,0,0,0,0,0,0,0,0,0,1,0,1,0.9722222222222222,1.0,1.0,0.0,0.0,0.0,5,0,1
1330,55,18,37,24,10,3,18,14,2,0,11,0,0,0,0,0,0,0,0,0,1,0,1,0.9714285714285714,1.0,1.0,0.0,0.0,0.0,5,0,1
1331,55,18,37,24,10,3,18,14,2,0,11,0,0,0,0,0,0,0,0,0,0,0,0,1.0,1.0,1.0,0.0,0.0,0.0,5,0,0
1332,54,18,36,23,10,3,18,14,2,0,11,0,0,0,0,0,0,0,0,0,1,0,1,0.9705882352941176,1.0,1.0,0.0,0.0,0.0,5,0,1
1333,54,18,36,23,10,3,18,14,3,0,11,0,0,0,0,0,7,1,0,0,0,0,0,1.0,1.0,1.0,0.0,0.0,0.14285714285714285,5,0,0
1334,53,18,35,22,10,3,18,14,3,0,11,0,0,0,0,0,0,0,0,0,1,0,1,0.9696969696969697,1.0,1.0,0.0,0.0,0.0,5,0,1
1335,53,18,35,22,10,3,18,14,3,0,11,0,0,0,0,0,0,0,0,0,0,0,0,1.0,1.0,1.0,0.0,0.0,0.0,5,0,0
1336,53,18,35,22,10,3,18,14,3,0,11,0,0,0,0,0,0,0,0,0,0,0,0,1.0,1.0,1.0,0.0,0.0,0.0,5,0,0
1337,53,18,35,21,11,3,18,14,3,0,11,0,0,0,0,0,0,0,0,0,0,0,0,1.0,1.0,1.0,0.0,0.0,0.0,5,0,0
1338,52,17,35,20,11,3,18,14,3,0,11,0,0,0,0,0,0,0,0,0,1,0,1,0.96875,1.0,1.0,0.0,0.0,0.0,5,0,1
1339,51,17,34,19,11,3,18,14,3,0,10,0,0,0,0,0,0,0,0,0,1,0,1,0.967741935483871,1.0,1.0,0.0,0.0,0.0,5,0,1
1340,51,17,34,19,11,3,18,14,4,0,10,0,0,0,0,0,4,1,0,0,0,0,0,1.0,1.0,1.0,0.0,0.0,0.25,5,0,0
1341,51,17,34,19,11,3,18,14,4,0,10,0,0,0,0,0,0,0,0,0,0,0,0,1.0,1.0,1.0,0.0,0.0,0.0,5,0,0
1342,51,17,34,19,11,3,18,14,4,0,10,0,0,0,0,0,0,0,0,0,0,0,0,1.0,1.0,1.0,0.0,0.0,0.0,5,0,0
1343,51,17,34,19,11,3,18,14,4,0,10,0,0,0,0,0,0,0,0,0,0,0,0,1.0,1.0,1.0,0.0,0.0,0.0,5,0,0
1344,51,17,34,19,11,3,18,14,4,0,10,0,0,0,0,0,0,0,0,0,0,0,0,1.0,1.0,1.0,0.0,0.0,0.0,5,0,0
1345,50,17,33,13,16,3,18,14,4,0,10,0,0,0,0,0,0,0,0,0,1,0,1,0.9666666666666667,1.0,1.0,0.0,0.0,0.0,5,0,1
1346,50,17,33,8,21,3,18,14,4,0,10,0,0,0,0,0,0,0,0,0,0,0,0,1.0,1.0,1.0,0.0,0.0,0.0,5,0,0
1347,50,17,33,8,21,3,18,14,4,0,7,0,0,0,0,0,0,0,0,0,0,0,0,1.0,1.0,1.0,0.0,0.0,0.0,5,0,0
1348,52,18,34,11,20,3,18,14,5,0,5,0,0,0,0,0,10,2,0,1,1,0,1,0.9655172413793104,1.0,1.0,0.06,0.06,0.2,5,3,1
1349,56,20,36,12,23,3,18,14,5,0,6,0,0,0,0,0,15,1,0,1,0,0,0,1.0,1.0,1.0,0.07692307692307693,0.07692307692307693,0.06666666666666667,5,4,0
1350,54,19,35,10,23,3,18,14,8,0,6,0,0,0,0,0,15,3,0,0,2,0,2,0.9428571428571428,1.0,1.0,0.0,0.0,0.2,5,0,2
1351,52,18,34,10,21,3,18,14,8,0,5,0,0,0,0,0,0,0,0,0,2,0,2,0.9393939393939394,1.0,1.0,0.0,0.0,0.0,5,0,2
1352,52,18,34,10,21,3,18,14,8,0,5,0,0,0,0,0,4,0,0,0,0,0,0,1.0,1.0,1.0,0.0,0.0,0.0,5,0,0
1353,52,18,34,10,21,3,18,14,9,0,5,0,0,0,0,0,5,1,0,0,0,0,0,1.0,1.0,1.0,0.0,0.0,0.2,5,0,0
1354,52,18,34,10,21,3,18,14,9,0,5,0,0,0,0,0,0,0,0,0,0,0,0,1.0,1.0,1.0,0.0,0.0,0.0,5,0,0
1355,52,18,34,10,21,3,18,14,9,0,5,0,0,0,0,0,0,0,0,0,0,0,0,1.0,1.0,1.0,0.0,0.0,0.0,5,0,0
1356,51,18,33,9,21,3,18,14,9,0,5,0,0,0,0,0,0,0,0,0,1,0,1,0.967741935483871,1.0,1.0,0.0,0.0,0.0,5,0,1
1357,51,18,33,9,21,3,18,14,9,0,5,0,0,0,0,0,0,0,0,0,0,0,0,1.0,1.0,1.0,0.0,0.0,0.0,5,0,0
1358,51,18,33,9,21,3,18,14,9,0,5,0,0,0,0,0,0,0,0,0,0,0,0,1.0,1.0,1.0,0.0,0.0,0.0,5,0,0
1359,50,18,32,8,21,3,18,14,9,0,5,0,0,0,0,0,0,0,0,0,1,0,1,0.9666666666666667,1.0,1.0,0.0,0.0,0.0,5,0,1
1360,49,18,31,8,20,3,18,14,9,0,5,0,0,0,0,0,0,0,0,0,1,0,1,0.9655172413793104,1.0,1.0,0.0,0.0,0.0,5,0,1
1361,49,18,31,5,23,3,18,14,9,0,5,0,0,0,0,0,0,0,0,0,0,0,0,1.0,1.0,1.0,0.0,0.0,0.0,5,0,0
1362,48,18,30,5,23,2,18,14,10,0,4,0,0,0,0,0,8,1,0,0,0,0,0,1.0,1.0,0.9333333333333333,0.0,0.0,0.125,5,0,1
1363,48,18,30,5,23,2,18,14,10,0,3,0,0,0,0,0,0,0,0,0,0,0,0,1.0,1.0,1.0,0.0,0.0,0.0,5,0,0
1364,48,18,30,5,23,2,18,14,11,0,3,0,0,0,0,0,6,1,0,0,0,0,0,1.0,1.0,1.0,0.0,0.0,0.16666666666666666,5,0,0
1365,48,18,30,5,23,2,18,14,11,0,2,0,0,0,0,0,0,0,0,0,0,0,0,1.0,1.0,1.0,0.0,0.0,0.0,5,0,0
1366,48,18,30,5,23,2,18,14,12,0,2,0,0,0,0,0,6,1,0,0,0,0,0,1.0,1.0,1.0,0.0,0.0,0.16666666666666666,5,0,0
1367,48,18,30,5,23,2,18,14,12,0,2,0,0,0,0,0,0,0,0,0,0,0,0,1.0,1.0,1.0,0.0,0.0,0.0,5,0,0
1368,48,18,30,5,23,2,18,14,12,0,2,0,0,0,0,0,0,0,0,0,0,0,0,1.0,1.0,1.0,0.0,0.0,0.0,5,0,0
1369,48,18,30,5,23,2,18,14,12,0,2,0,0,0,0,0,0,0,0,0,0,0,0,1.0,1.0,1.0,0.0,0.0,0.0,5,0,0
1370,48,18,30,5,23,2,18,14,12,0,2,0,0,0,0,0,0,0,0,0,0,0,0,1.0,1.0,1.0,0.0,0.0,0.0,5,0,0
1371,48,18,30,5,23,2,18,14,12,0,2,0,0,0,0,0,0,0,0,0,0,3,0,1.0,1.0,1.0,0.0,0.0,0.0,5,0,0
1372,48,18,30,5,23,2,18,14,12,0,2,0,0,0,0,0,0,0,0,0,0,0,0,1.0,1.0,1.0,0.0,0.0,0.0,5,0,0
1373,48,18,30,5,23,2,18,14,12,0,2,0,0,0,0,0,0,0,0,0,0,1,0,1.0,1.0,1.0,0.0,0.0,0.0,5,0,0
1374,48,18,30,5,23,2,18,14,12,0,2,0,0,0,0,0,0,0,0,0,0,0,0,1.0,1.0,1.0,0.0,0.0,0.0,5,0,0
1375,47,18,29,5,19,5,18,14,12,0,2,0,0,0,0,0,0,0,0,0,1,0,1,0.96,1.0,1.0,0.0,0.0,0.0,5,0,1
1376,47,18,29,5,19,5,18,14,12,0,2,0,0,0,0,0,0,0,0,0,0,0,0,1.0,1.0,1.0,0.0,0.0,0.0,5,0,0
1377,47,18,29,5,18,5,19,15,12,0,2,0,0,0,0,0,0,0,0,0,0,0,0,1.0,1.0,1.0,0.0,0.0,0.0,5,0,0
1378,47,18,29,5,18,5,19,15,12,0,2,0,0,0,0,0,0,0,0,0,0,0,0,1.0,1.0,1.0,0.0,0.0,0.0,5,0,0
1379,47,18,29,5,18,5,19,15,12,0,2,0,0,0,0,0,0,0,0,0,0,0,0,1.0,1.0,1.0,0.0,0.0,0.0,5,0,0
1380,47,18,29,5,18,5,19,15,12,0,2,0,0,0,0,0,0,0,0,0,0,0,0,1.0,1.0,1.0,0.0,0.0,0.0,5,0,0
1381,47,18,29,5,18,5,19,15,12,0,2,0,0,0,0,0,0,0,0,0,0,0,0,1.0,1.0,1.0,0.0,0.0,0.0,5,0,0
1382,47,18,29,5,18,5,19,15,12,0,2,0,0,0,0,0,0,0,0,0,0,0,0,1.0,1.0,1.0,0.0,0.0,0.0,5,0,0
1383,47,18,29,5,18,5,19,15,12,0,2,0,0,0,0,0,0,0,0,0,0,0,0,1.0,1.0,1.0,0.0,0.0,0.0,5,0,0
1384,47,18,29,5,18,5,19,15,12,0,2,0,0,0,0,0,0,0,0,0,0,1,0,1.0,1.0,1.0,0.0,0.0,0.0,5,0,0
1385,47,18,29,5,18,5,19,15,13,0,2,0,0,0,0,0,2,1,0,0,0,0,0,1.0,1.0,1.0,0.0,0.0,0.5,5,0,0
1386,47,18,29,5,18,5,19,15,13,0,2,0,0,0,0,0,0,0,0,0,0,0,0,1.0,1.0,1.0,0.0,0.0,0.0,5,0,0
1387,47,18,29,5,18,5,19,15,13,0,2,0,0,0,0,0,0,0,0,0,0,0,0,1.0,1.0,1.0,0.0,0.0,0.0,5,0,0
1388,47,18,29,5,17,6,19,15,13,0,2,0,0,0,0,0,0,0,0,0,0,0,0,1.0,1.0,1.0,0.0,0.0,0.0,5,0,0
1389,47,18,29,5,17,6,19,15,13,0,2,0,0,0,0,0,0,0,0,0,0,0,0,1.0,1.0,1.0,0.0,0.0,0.0,5,0,0
1390,47,18,29,5,17,6,19,15,13,0,2,0,0,0,0,0,0,0,0,0,0,0,0,1.0,1.0,1.0,0.0,0.0,0.0,5,0,0
1391,47,18,29,2,20,6,19,15,13,0,2,0,0,0,0,0,0,0,0,0,0,0,0,1.0,1.0,1.0,0.0,0.0,0.0,5,0,0
1392,47,18,29,0,22,6,19,15,13,0,2,0,0,0,0,0,0,0,0,0,0,0,0,1.0,1.0,1.0,0.0,0.0,0.0,5,0,0
1393,47,18,29,0,22,6,19,15,13,0,1,0,0,0,0,0,0,0,0,0,0,0,0,1.0,1.0,1.0,0.0,0.0,0.0,5,0,0
1394,47,18,29,0,22,6,19,15,14,0,0,0,0,0,0,0,7,1,0,0,0,0,0,1.0,1.0,1.0,0.0,0.0,0.14285714285714285,5,0,0
1395,47,18,29,0,22,6,19,15,14,0,0,0,0,0,0,0,3,0,0,0,0,0,0,1.0,1.0,1.0,0.0,0.0,0.0,5,0,0
1396,47,18,29,0,22,6,19,15,14,0,0,0,0,0,0,0,3,0,0,0,0,0,0,1.0,1.0,1.0,0.0,0.0,0.0,5,0,0
1397,46,18,28,0,21,6,19,15,14,0,0,0,0,0,0,0,3,0,0,0,1,0,1,0.9545454545454546,1.0,1.0,0.0,0.0,0.0,5,0,1
1398,50,21,29,4,21,6,19,15,13,0,1,0,0,0,0,0,3,0,0,1,0,0,0,1.0,1.0,1.0,0.08695652173913043,0.08695652173913043,0.0,5,4,0
1399,49,20,29,4,21,5,19,15,13,0,1,0,0,0,0,0,3,0,0,0,0,0,0,1.0,1.0,1.0,0.0,0.0,0.0,5,0,1
1400,49,20,29,4,21,5,19,15,13,0,1,0,0,0,0,0,3,0,0,0,0,0,0,1.0,1.0,1.0,0.0,0.0,0.0,5,0,0
1401,48,20,28,4,20,5,19,15,13,0,1,0,0,0,0,0,3,0,0,0,1,0,1,0.96,1.0,1.0,0.0,0.0,0.0,5,0,1
1402,48,20,28,4,20,5,19,15,13,0,1,0,0,0,0,0,3,0,0,0,0,0,0,1.0,1.0,1.0,0.0,0.0,0.0,5,0,0
1403,48,20,28,4,20,5,19,15,13,0,1,0,0,0,0,0,3,0,0,0,0,0,0,1.0,1.0,1.0,0.0,0.0,0.0,5,0,0
1404,48,20,28,4,20,5,19,15,13,0,1,0,0,0,0,0,3,0,0,0,0,0,0,1.0,1.0,1.0,0.0,0.0,0.0,5,0,0
1405,51,22,29,7,20,5,19,15,12,0,2,0,0,0,0,0,3,0,0,1,0,0,0,1.0,1.0,1.0,0.0625,0.0625,0.0,5,3,0
1406,51,22,29,7,20,5,19,15,12,0,2,0,0,0,0,0,3,0,0,0,0,0,0,1.0,1.0,1.0,0.0,0.0,0.0,5,0,0
1407,50,22,28,7,20,5,18,14,11,0,2,0,0,0,0,0,3,0,0,0,0,0,0,1.0,1.0,0.9333333333333333,0.0,0.0,0.0,5,0,1
1408,50,22,28,7,20,5,18,14,11,0,2,0,0,0,0,0,3,0,0,0,0,0,0,1.0,1.0,1.0,0.0,0.0,0.0,5,0,0
1409,49,22,27,7,19,5,18,14,11,0,2,0,0,0,0,0,3,0,0,0,1,0,1,0.962962962962963,1.0,1.0,0.0,0.0,0.0,5,0,1
1410,49,22,27,7,19,5,18,14,11,0,2,0,0,0,0,0,3,0,0,0,0,0,0,1.0,1.0,1.0,0.0,0.0,0.0,5,0,0
1411,49,22,27,7,19,5,18,14,11,0,2,0,0,0,0,0,3,0,0,0,0,0,0,1.0,1.0,1.0,0.0,0.0,0.0,5,0,0
1412,47,20,27,7,17,5,18,14,11,0,2,0,0,0,0,0,3,0,0,0,2,0,2,0.9230769230769231,1.0,1.0,0.0,0.0,0.0,5,0,2
1413,54,25,29,14,17,5,18,14,9,0,4,0,0,0,0,0,3,0,0,2,0,0,0,1.0,1.0,1.0,0.14893617021276595,0.14893617021276595,0.0,5,7,0
1414,55,25,30,16,16,5,18,14,8,0,5,0,0,0,0,0,3,0,0,1,2,0,2,0.935483870967742,1.0,1.0,0.05555555555555555,0.05555555555555555,0.0,5,3,2
1415,64,31,33,26,16,5,17,13,5,0,8,0,0,0,0,0,3,0,0,3,0,0,0,1.0,1.0,0.9285714285714286,0.18181818181818182,0.18181818181818182,0.0,5,10,1
1416,64,31,33,26,16,5,17,13,5,0,8,0,0,0,0,0,3,0,0,0,0,0,0,1.0,1.0,1.0,0.0,0.0,0.0,5,0,0
1417,62,30,32,24,16,5,17,13,5,0,8,0,0,0,0,0,3,0,0,0,2,0,2,0.9523809523809523,1.0,1.0,0.0,0.0,0.0,5,0,2
1418,60,29,31,22,16,5,17,13,5,0,8,0,0,0,0,0,3,0,0,0,2,0,2,0.95,1.0,1.0,0.0,0.0,0.0,5,0,2
1419,60,29,31,22,16,5,17,13,5,0,8,0,0,0,0,0,3,0,0,0,0,0,0,1.0,1.0,1.0,0.0,0.0,0.0,5,0,0
1420,57,26,31,20,15,5,17,13,5,0,8,0,0,0,0,0,3,0,0,0,3,0,3,0.9210526315789473,1.0,1.0,0.0,0.0,0.0,5,0,3
1421,55,24,31,19,14,5,17,13,5,0,8,0,0,0,0,0,3,0,0,0,2,0,2,0.9428571428571428,1.0,1.0,0.0,0.0,0.0,5,0,2
1422,53,22,31,18,13,5,17,13,5,0,8,0,0,0,0,0,3,0,0,0,2,0,2,0.9393939393939394,1.0,1.0,0.0,0.0,0.0,5,0,2
1423,53,22,31,18,13,5,17,13,5,0,8,0,0,0,0,0,3,0,0,0,0,0,0,1.0,1.0,1.0,0.0,0.0,0.0,5,0,0
1424,53,22,31,18,13,5,17,13,5,0,8,0,0,0,0,0,3,0,0,0,0,0,0,1.0,1.0,1.0,0.0,0.0,0.0,5,0,0
1425,53,22,31,18,13,5,17,13,5,0,8,0,0,0,0,0,3,0,0,0,0,0,0,1.0,1.0,1.0,0.0,0.0,0.0,5,0,0
1426,53,22,31,18,13,5,17,13,5,0,8,0,0,0,0,0,3,0,0,0,0,0,0,1.0,1.0,1.0,0.0,0.0,0.0,5,0,0
1427,56,23,33,21,13,5,17,13,4,0,9,0,0,0,0,0,3,0,0,1,0,0,0,1.0,1.0,1.0,0.05660377358490566,0.05660377358490566,0.0,5,3,0
1428,55,23,32,21,12,5,17,13,4,0,9,0,0,0,0,0,3,0,0,0,1,0,1,0.9705882352941176,1.0,1.0,0.0,0.0,0.0,5,0,1
1429,57,23,34,24,11,5,17,13,3,0,10,0,0,0,0,0,3,0,0,1,1,0,1,0.9696969696969697,1.0,1.0,0.05454545454545454,0.05454545454545454,0.0,5,3,1
1430,57,23,34,24,11,3,19,15,3,0,10,0,0,0,0,0,3,0,0,0,0,0,0,1.0,1.0,1.0,0.0,0.0,0.0,5,0,0
1431,60,23,37,27,11,3,19,15,2,0,11,0,0,0,0,0,3,0,0,1,1,0,1,0.9714285714285714,1.0,1.0,0.07017543859649122,0.07017543859649122,0.0,5,4,1
1432,60,23,37,27,11,3,19,15,2,0,11,0,0,0,0,0,3,0,0,0,0,0,0,1.0,1.0,1.0,0.0,0.0,0.0,5,0,0
1433,60,23,37,27,11,3,19,15,2,0,11,0,0,0,0,0,3,0,0,0,0,0,0,1.0,1.0,1.0,0.0,0.0,0.0,5,0,0
1434,58,22,36,25,11,3,19,15,2,0,11,0,0,0,0,0,3,0,0,0,2,0,2,0.9473684210526316,1.0,1.0,0.0,0.0,0.0,5,0,2
1435,58,22,36,25,11,3,19,15,2,0,11,0,0,0,0,0,3,0,0,0,0,0,0,1.0,1.0,1.0,0.0,0.0,0.0,5,0,0
1436,56,21,35,25,9,3,19,15,2,0,11,0,0,0,0,0,3,0,0,0,2,0,2,0.9444444444444444,1.0,1.0,0.0,0.0,0.0,5,0,2
1437,56,21,35,25,9,3,19,15,2,0,11,0,0,0,0,0,3,0,0,0,0,0,0,1.0,1.0,1.0,0.0,0.0,0.0,5,0,0
1438,56,21,35,25,9,3,19,15,2,0,11,0,0,0,0,0,3,0,0,0,0,0,0,1.0,1.0,1.0,0.0,0.0,0.0,5,0,0
1439,54,20,34,23,9,3,19,15,2,0,11,0,0,0,0,0,3,0,0,0,2,0,2,0.9411764705882353,1.0,1.0,0.0,0.0,0.0,5,0,2
1440,53,20,33,23,8,3,19,15,2,0,11,0,0,0,0,0,3,0,0,0,1,0,1,0.96875,1.0,1.0,0.0,0.0,0.0,5,0,1
1441,53,20,33,21,10,3,19,15,2,0,11,0,0,0,0,0,3,0,0,0,0,0,0,1.0,1.0,1.0,0.0,0.0,0.0,5,0,0
1442,53,20,33,21,10,3,19,15,2,0,11,0,0,0,0,0,3,0,0,0,0,0,0,1.0,1.0,1.0,0.0,0.0,0.0,5,0,0
1443,53,20,33,21,10,3,19,15,2,0,10,0,0,0,0,0,3,0,0,0,0,0,0,1.0,1.0,1.0,0.0,0.0,0.0,5,0,0
1444,53,20,33,21,10,3,19,15,2,0,10,0,0,0,0,0,3,0,0,0,0,0,0,1.0,1.0,1.0,0.0,0.0,0.0,5,0,0
1445,53,20,33,21,10,3,19,15,2,0,10,0,0,0,0,0,3,0,0,0,0,0,0,1.0,1.0,1.0,0.0,0.0,0.0,5,0,0
1446,53,20,33,21,10,3,19,15,2,0,10,0,0,0,0,0,3,0,0,0,0,0,0,1.0,1.0,1.0,0.0,0.0,0.0,5,0,0
1447,53,20,33,21,10,3,19,15,2,0,10,0,0,0,0,0,3,0,0,0,0,0,0,1.0,1.0,1.0,0.0,0.0,0.0,5,0,0
1448,53,20,33,19,12,3,19,15,2,0,10,0,0,0,0,0,3,0,0,0,0,1,0,1.0,1.0,1.0,0.0,0.0,0.0,5,0,0
1449,53,20,33,19,12,3,19,15,2,0,10,0,0,0,0,0,3,0,0,0,0,0,0,1.0,1.0,1.0,0.0,0.0,0.0,5,0,0
1450,57,22,35,23,12,3,19,15,1,0,10,0,0,0,0,0,3,0,0,1,0,0,0,1.0,1.0,1.0,0.07547169811320754,0.07547169811320754,0.0,5,4,0
1451,55,21,34,21,12,3,19,15,1,0,10,0,0,0,0,0,3,0,0,0,2,0,2,0.9428571428571428,1.0,1.0,0.0,0.0,0.0,5,0,2
1452,55,21,34,21,11,4,19,15,1,0,10,0,0,0,0,0,3,0,0,0,0,0,0,1.0,1.0,1.0,0.0,0.0,0.0,5,0,0
1453,55,21,34,21,11,4,19,15,1,0,10,0,0,0,0,0,3,0,0,0,0,0,0,1.0,1.0,1.0,0.0,0.0,0.0,5,0,0
1454,52,19,33,19,11,4,18,15,1,0,10,0,0,0,0,0,3,0,0,0,2,0,2,0.9375,0.75,1.0,0.0,0.0,0.0,5,0,3
1455,52,19,33,19,11,4,18,15,1,0,10,0,0,0,0,0,3,0,0,0,0,0,0,1.0,1.0,1.0,0.0,0.0,0.0,5,0,0
1456,52,19,33,17,13,4,18,15,1,0,10,0,0,0,0,0,3,0,0,0,0,0,0,1.0,1.0,1.0,0.0,0.0,0.0,5,0,0
1457,52,19,33,16,14,4,18,15,1,0,10,0,0,0,0,0,3,0,0,0,0,0,0,1.0,1.0,1.0,0.0,0.0,0.0,5,0,0
1458,52,19,33,13,17,4,18,15,1,0,8,0,0,0,0,0,3,0,0,0,0,0,0,1.0,1.0,1.0,0.0,0.0,0.0,5,0,0
1459,55,19,36,16,17,4,18,15,0,0,8,0,0,0,0,0,3,0,0,1,0,0,0,1.0,1.0,1.0,0.057692307692307696,0.057692307692307696,0.0,5,3,0
1460,55,19,36,16,17,4,18,15,0,0,5,0,0,0,0,0,3,0,0,0,0,0,0,1.0,1.0,1.0,0.0,0.0,0.0,5,0,0
1461,55,19,36,16,17,4,18,15,0,0,5,0,0,0,0,0,3,0,0,0,0,0,0,1.0,1.0,1.0,0.0,0.0,0.0,5,0,0
1462,55,19,36,16,17,4,18,15,0,0,5,0,0,0,0,0,3,0,0,0,0,0,0,1.0,1.0,1.0,0.0,0.0,0.0,5,0,0
1463,55,19,36,16,17,4,18,15,0,0,5,0,0,0,0,0,3,0,0,0,0,0,0,1.0,1.0,1.0,0.0,0.0,0.0,5,0,0
1464,54,19,35,16,16,4,18,15,0,0,5,0,0,0,0,0,3,0,0,0,1,0,1,0.9696969696969697,1.0,1.0,0.0,0.0,0.0,5,0,1
1465,54,19,35,16,16,4,18,15,0,0,5,0,0,0,0,0,3,0,0,0,0,0,0,1.0,1.0,1.0,0.0,0.0,0.0,5,0,0
1466,54,19,35,16,16,4,18,15,0,0,5,0,0,0,0,0,3,0,0,0,0,0,0,1.0,1.0,1.0,0.0,0.0,0.0,5,0,0
1467,53,19,34,16,16,4,17,14,0,0,5,0,0,0,0,0,3,0,0,0,0,0,0,1.0,1.0,0.9333333333333333,0.0,0.0,0.0,5,0,1
1468,53,19,34,16,16,4,17,14,0,0,5,0,0,0,0,0,3,0,0,0,0,0,0,1.0,1.0,1.0,0.0,0.0,0.0,5,0,0
1469,53,19,34,16,16,4,17,14,0,0,5,0,0,0,0,0,3,0,0,0,0,0,0,1.0,1.0,1.0,0.0,0.0,0.0,5,0,0
1470,53,19,34,13,19,4,17,14,0,0,5,0,0,0,0,0,3,0,0,0,0,0,0,1.0,1.0,1.0,0.0,0.0,0.0,5,0,0
1471,52,18,34,13,18,4,17,14,0,0,5,0,0,0,0,0,3,0,0,0,1,0,1,0.96875,1.0,1.0,0.0,0.0,0.0,5,0,1
1472,52,18,34,10,21,4,17,14,0,0,4,0,0,0,0,0,3,0,0,0,0,0,0,1.0,1.0,1.0,0.0,0.0,0.0,5,0,0
1473,51,17,34,10,20,4,17,14,0,0,4,0,0,0,0,0,3,0,0,0,1,0,1,0.967741935483871,1.0,1.0,0.0,0.0,0.0,5,0,1
1474,51,17,34,7,23,4,17,14,0,0,3,0,0,0,0,0,3,0,0,0,0,0,0,1.0,1.0,1.0,0.0,0.0,0.0,5,0,0
1475,51,17,34,7,23,3,18,15,0,0,3,0,0,0,0,0,3,0,0,0,0,0,0,1.0,1.0,1.0,0.0,0.0,0.0,5,0,0
1476,50,16,34,7,23,2,18,15,0,0,2,0,0,0,0,0,3,0,0,0,0,0,0,1.0,1.0,1.0,0.0,0.0,0.0,5,0,1
1477,50,16,34,7,23,2,18,15,0,0,2,0,0,0,0,0,3,0,0,0,0,0,0,1.0,1.0,1.0,0.0,0.0,0.0,5,0,0
1478,50,16,34,7,23,2,18,15,0,0,2,0,0,0,0,0,3,0,0,0,0,0,0,1.0,1.0,1.0,0.0,0.0,0.0,5,0,0
1479,50,16,34,7,23,2,18,15,0,0,2,0,0,0,0,0,3,0,0,0,0,0,0,1.0,1.0,1.0,0.0,0.0,0.0,5,0,0
1480,49,15,34,7,23,2,17,15,0,0,2,0,0,0,0,0,3,0,0,0,0,0,0,1.0,0.6666666666666667,1.0,0.0,0.0,0.0,5,0,1
1481,49,15,34,7,23,2,17,15,0,0,2,0,0,0,0,0,3,0,0,0,0,0,0,1.0,1.0,1.0,0.0,0.0,0.0,5,0,0
1482,49,15,34,7,23,2,17,15,0,0,2,0,0,0,0,0,3,0,0,0,0,1,0,1.0,1.0,1.0,0.0,0.0,0.0,5,0,0
1483,49,15,34,7,23,2,17,15,0,0,2,0,0,0,0,0,3,0,0,0,0,1,0,1.0,1.0,1.0,0.0,0.0,0.0,5,0,0
1484,49,15,34,7,23,2,17,15,0,0,2,0,0,0,0,0,3,0,0,0,0,0,0,1.0,1.0,1.0,0.0,0.0,0.0,5,0,0
1485,49,15,34,7,23,2,17,15,0,0,2,0,0,0,0,0,3,0,0,0,0,0,0,1.0,1.0,1.0,0.0,0.0,0.0,5,0,0
1486,49,15,34,7,22,3,17,15,0,0,2,0,0,0,0,0,3,0,0,0,0,1,0,1.0,1.0,1.0,0.0,0.0,0.0,5,0,0
1487,48,15,33,6,21,4,17,15,0,0,2,0,0,0,0,0,3,0,0,0,1,0,1,0.9642857142857143,1.0,1.0,0.0,0.0,0.0,5,0,1
1488,48,15,33,6,21,4,17,15,0,0,2,0,0,0,0,0,3,0,0,0,0,0,0,1.0,1.0,1.0,0.0,0.0,0.0,5,0,0
1489,48,15,33,6,21,4,17,15,0,0,2,0,0,0,0,0,3,0,0,0,0,0,0,1.0,1.0,1.0,0.0,0.0,0.0,5,0,0
1490,48,15,33,6,20,5,17,15,2,1,2,0,0,0,0,0,11,2,1,0,0,0,0,1.0,1.0,1.0,0.0,0.0,0.18181818181818182,5,0,0
1491,48,15,33,6,20,5,17,15,6,1,2,0,0,0,0,0,11,4,0,0,0,0,0,1.0,1.0,1.0,0.0,0.0,0.36363636363636365,5,0,0
1492,47,15,32,6,19,5,17,15,8,2,2,0,0,0,0,0,12,2,1,0,1,0,1,0.9615384615384616,1.0,1.0,0.0,0.0,0.16666666666666666,5,0,1
1493,46,15,31,1,23,5,17,15,9,2,2,0,0,0,0,0,3,1,0,0,1,0,1,0.96,1.0,1.0,0.0,0.0,0.3333333333333333,5,0,1
1494,46,15,31,1,23,5,17,15,9,2,2,0,0,0,0,0,1,0,0,0,0,0,0,1.0,1.0,1.0,0.0,0.0,0.0,5,0,0
1495,46,15,31,1,23,5,17,15,9,2,1,0,0,0,0,0,0,0,0,0,0,0,0,1.0,1.0,1.0,0.0,0.0,0.0,5,0,0
1496,45,14,31,1,22,5,17,15,10,2,1,0,0,0,0,0,7,1,0,0,1,0,1,0.9583333333333334,1.0,1.0,0.0,0.0,0.14285714285714285,5,0,1
1497,45,14,31,1,22,5,17,15,10,2,1,0,0,0,0,0,0,0,0,0,0,0,0,1.0,1.0,1.0,0.0,0.0,0.0,5,0,0
1498,45,14,31,1,22,5,17,15,10,2,1,0,0,0,0,0,0,0,0,0,0,1,0,1.0,1.0,1.0,0.0,0.0,0.0,5,0,0
1499,45,14,31,1,22,5,17,15,10,2,1,0,0,0,0,0,0,0,0,0,0,0,0,1.0,1.0,1.0,0.0,0.0,0.0,5,0,0
1500,44,14,30,1,21,5,17,15,10,2,1,0,0,0,0,0,0,0,0,0,1,0,1,0.9565217391304348,1.0,1.0,0.0,0.0,0.0,5,0,1
1501,44,14,30,1,21,5,17,15,10,2,1,0,0,0,0,0,0,0,0,0,0,0,0,1.0,1.0,1.0,0.0,0.0,0.0,5,0,0
1502,44,14,30,0,21,6,17,15,10,2,1,0,0,0,0,0,0,0,0,0,0,0,0,1.0,1.0,1.0,0.0,0.0,0.0,5,0,0
1503,44,14,30,0,21,6,17,15,10,3,1,0,0,0,0,0,3,0,1,0,0,0,0,1.0,1.0,1.0,0.0,0.0,0.0,5,0,0
1504,44,14,30,0,21,6,17,15,10,3,0,0,0,0,0,0,3,0,0,0,0,0,0,1.0,1.0,1.0,0.0,0.0,0.0,5,0,0
1505,44,14,30,0,21,6,17,15,11,3,0,0,0,0,0,0,8,1,0,0,0,0,0,1.0,1.0,1.0,0.0,0.0,0.125,5,0,0
1506,44,14,30,0,21,6,17,15,12,3,0,0,0,0,0,0,6,1,0,0,0,0,0,1.0,1.0,1.0,0.0,0.0,0.16666666666666666,5,0,0
1507,44,14,30,0,21,6,17,15,12,3,0,0,0,0,0,0,0,0,0,0,0,0,0,1.0,1.0,1.0,0.0,0.0,0.0,5,0,0
1508,44,14,30,0,21,6,17,15,12,3,0,0,0,0,0,0,0,0,0,0,0,0,0,1.0,1.0,1.0,0.0,0.0,0.0,5,0,0
1509,44,14,30,0,21,6,17,15,12,3,0,0,0,0,0,0,0,0,0,0,0,0,0,1.0,1.0,1.0,0.0,0.0,0.0,5,0,0
1510,44,14,30,0,21,5,18,15,12,3,0,0,0,0,0,0,0,0,0,0,0,0,0,1.0,1.0,1.0,0.0,0.0,0.0,5,0,0
1511,44,14,30,0,21,5,18,15,12,3,0,0,0,0,0,0,0,0,0,0,0,0,0,1.0,1.0,1.0,0.0,0.0,0.0,5,0,0
1512,44,14,30,0,21,5,18,15,12,3,0,0,0,0,0,0,0,0,0,0,0,0,0,1.0,1.0,1.0,0.0,0.0,0.0,5,0,0
1513,44,14,30,0,21,5,18,15,12,3,0,0,0,0,0,0,0,0,0,0,0,0,0,1.0,1.0,1.0,0.0,0.0,0.0,5,0,0
1514,43,13,30,0,20,5,18,15,12,3,0,0,0,0,0,0,0,0,0,0,1,0,1,0.9523809523809523,1.0,1.0,0.0,0.0,0.0,5,0,1
1515,43,13,30,0,20,5,18,15,12,3,0,0,0,0,0,0,0,0,0,0,0,0,0,1.0,1.0,1.0,0.0,0.0,0.0,5,0,0
1516,43,13,30,0,20,5,18,15,12,3,0,0,0,0,0,0,0,0,0,0,0,0,0,1.0,1.0,1.0,0.0,0.0,0.0,5,0,0
1517,43,13,30,0,20,5,18,15,12,3,0,0,0,0,0,0,0,0,0,0,0,0,0,1.0,1.0,1.0,0.0,0.0,0.0,5,0,0
1518,43,13,30,0,20,5,18,15,12,3,0,0,0,0,0,0,0,0,0,0,0,0,0,1.0,1.0,1.0,0.0,0.0,0.0,5,0,0
1519,43,13,30,0,20,5,18,15,12,3,0,0,0,0,0,0,0,0,0,0,0,0,0,1.0,1.0,1.0,0.0,0.0,0.0,5,0,0
1520,43,13,30,0,20,5,18,15,12,3,0,0,0,0,0,0,0,0,0,0,0,0,0,1.0,1.0,1.0,0.0,0.0,0.0,5,0,0
1521,43,13,30,0,20,5,18,15,12,3,0,0,0,0,0,0,0,0,0,0,0,0,0,1.0,1.0,1.0,0.0,0.0,0.0,5,0,0
1522,43,13,30,0,20,5,18,15,12,3,0,0,0,0,0,0,0,0,0,0,0,0,0,1.0,1.0,1.0,0.0,0.0,0.0,5,0,0
1523,43,13,30,0,20,5,18,15,12,3,0,0,0,0,0,0,0,0,0,0,0,0,0,1.0,1.0,1.0,0.0,0.0,0.0,5,0,0
1524,43,13,30,0,20,5,18,15,12,3,0,0,0,0,0,0,0,0,0,0,0,0,0,1.0,1.0,1.0,0.0,0.0,0.0,5,0,0
1525,43,13,30,0,20,5,18,15,12,3,0,0,0,0,0,0,0,0,0,0,0,0,0,1.0,1.0,1.0,0.0,0.0,0.0,5,0,0
1526,43,13,30,0,20,5,18,15,12,3,0,0,0,0,0,0,0,0,0,0,0,0,0,1.0,1.0,1.0,0.0,0.0,0.0,5,0,0
1527,43,13,30,0,20,5,18,15,12,3,0,0,0,0,0,0,0,0,0,0,0,0,0,1.0,1.0,1.0,0.0,0.0,0.0,5,0,0
1528,42,13,29,0,19,5,18,15,12,3,0,0,0,0,0,0,0,0,0,0,1,1,1,0.95,1.0,1.0,0.0,0.0,0.0,5,0,1
1529,42,13,29,0,19,5,18,15,12,3,0,0,0,0,0,0,0,0,0,0,0,0,0,1.0,1.0,1.0,0.0,0.0,0.0,5,0,0
1530,41,12,29,0,18,5,18,15,12,3,0,0,0,0,0,0,0,0,0,0,1,0,1,0.9473684210526316,1.0,1.0,0.0,0.0,0.0,5,0,1
1531,41,12,29,0,18,5,18,15,12,3,0,0,0,0,0,0,0,0,0,0,0,0,0,1.0,1.0,1.0,0.0,0.0,0.0,5,0,0
1532,41,12,29,0,17,6,18,15,12,3,0,0,0,0,0,0,0,0,0,0,0,0,0,1.0,1.0,1.0,0.0,0.0,0.0,5,0,0
1533,41,12,29,0,17,6,18,15,12,3,0,0,0,0,0,0,0,0,0,0,0,0,0,1.0,1.0,1.0,0.0,0.0,0.0,5,0,0
1534,41,12,29,0,17,6,18,15,12,3,0,0,0,0,0,0,0,0,0,0,0,0,0,1.0,1.0,1.0,0.0,0.0,0.0,5,0,0
1535,41,12,29,0,17,6,18,15,12,2,0,0,0,0,0,0,0,0,0,0,0,0,0,1.0,1.0,1.0,0.0,0.0,0.0,5,0,0
1536,41,12,29,0,17,6,18,15,12,2,0,0,0,0,0,0,3,0,0,0,0,0,0,1.0,1.0,1.0,0.0,0.0,0.0,5,0,0
1537,41,12,29,0,17,6,18,15,13,1,0,0,0,0,0,0,8,1,0,0,0,0,0,1.0,1.0,1.0,0.0,0.0,0.125,5,0,0
1538,40,12,28,0,16,6,18,15,14,1,0,0,0,0,0,0,7,1,0,0,1,0,1,0.9411764705882353,1.0,1.0,0.0,0.0,0.14285714285714285,5,0,1
1539,40,12,28,0,16,6,18,15,14,1,0,0,0,0,0,0,0,0,0,0,0,0,0,1.0,1.0,1.0,0.0,0.0,0.0,5,0,0
1540,40,12,28,0,16,6,18,15,14,1,0,0,0,0,0,0,0,0,0,0,0,0,0,1.0,1.0,1.0,0.0,0.0,0.0,5,0,0
1541,40,12,28,0,16,6,18,15,14,1,0,0,0,0,0,0,0,0,0,0,0,0,0,1.0,1.0,1.0,0.0,0.0,0.0,5,0,0
1542,40,12,28,0,16,6,18,15,14,1,0,0,0,0,0,0,0,0,0,0,0,0,0,1.0,1.0,1.0,0.0,0.0,0.0,5,0,0
1543,40,12,28,0,16,6,18,15,14,1,0,0,0,0,0,0,0,0,0,0,0,0,0,1.0,1.0,1.0,0.0,0.0,0.0,5,0,0
1544,40,12,28,0,16,6,18,15,14,1,0,0,0,0,0,0,0,0,0,0,0,0,0,1.0,1.0,1.0,0.0,0.0,0.0,5,0,0
1545,40,12,28,0,16,6,18,15,14,1,0,0,0,0,0,0,0,0,0,0,0,0,0,1.0,1.0,1.0,0.0,0.0,0.0,5,0,0
1546,40,12,28,0,16,6,18,15,14,1,0,0,0,0,0,0,0,0,0,0,0,0,0,1.0,1.0,1.0,0.0,0.0,0.0,5,0,0
1547,40,12,28,0,16,6,18,15,14,1,0,0,0,0,0,0,0,0,0,0,0,0,0,1.0,1.0,1.0,0.0,0.0,0.0,5,0,0
1548,40,12,28,0,16,6,18,15,14,0,0,0,0,0,0,0,0,0,0,0,0,0,0,1.0,1.0,1.0,0.0,0.0,0.0,5,0,0
1549,40,12,28,0,16,6,18,15,14,0,0,0,0,0,0,0,1,0,0,0,0,0,0,1.0,1.0,1.0,0.0,0.0,0.0,5,0,0
1550,40,12,28,0,16,6,18,15,15,0,0,0,0,0,0,0,4,1,0,0,0,0,0,1.0,1.0,1.0,0.0,0.0,0.25,5,0,0
1551,40,12,28,0,16,6,18,15,15,0,0,0,0,0,0,0,0,0,0,0,0,0,0,1.0,1.0,1.0,0.0,0.0,0.0,5,0,0
1552,40,12,28,0,16,6,18,15,15,0,0,0,0,0,0,0,0,0,0,0,0,0,0,1.0,1.0,1.0,0.0,0.0,0.0,5,0,0
1553,40,12,28,0,16,6,18,15,15,0,0,0,0,0,0,0,0,0,0,0,0,0,0,1.0,1.0,1.0,0.0,0.0,0.0,5,0,0
1554,40,12,28,0,16,6,18,15,15,0,0,0,0,0,0,0,0,0,0,0,0,0,0,1.0,1.0,1.0,0.0,0.0,0.0,5,0,0
1555,47,14,33,7,16,6,18,15,13,0,2,0,0,0,0,0,0,0,0,2,0,0,0,1.0,1.0,1.0,0.175,0.175,0.0,5,7,0
1556,62,23,39,22,16,6,18,15,9,0,6,0,0,0,0,0,0,0,0,4,0,0,0,1.0,1.0,1.0,0.3191489361702128,0.3191489361702128,0.0,5,15,0
1557,69,27,42,30,16,6,17,14,6,0,8,0,0,0,0,0,0,0,0,2,0,0,0,1.0,1.0,0.9333333333333333,0.12903225806451613,0.12903225806451613,0.0,5,8,1
1558,68,26,42,31,14,6,17,14,5,0,9,0,0,0,0,0,0,0,0,1,5,0,5,0.8913043478260869,1.0,1.0,0.057971014492753624,0.057971014492753624,0.0,5,4,5
1559,66,25,41,31,12,6,17,14,5,0,9,0,0,0,0,0,0,0,0,0,2,0,2,0.9555555555555556,1.0,1.0,0.0,0.0,0.0,5,0,2
1560,64,24,40,29,12,6,17,14,5,0,9,0,0,0,0,0,0,0,0,0,2,0,2,0.9534883720930233,1.0,1.0,0.0,0.0,0.0,5,0,2
1561,68,26,42,33,12,6,17,14,4,0,10,0,0,0,0,0,0,0,0,1,0,0,0,1.0,1.0,1.0,0.0625,0.0625,0.0,5,4,0
1562,64,25,39,31,10,6,17,14,4,0,10,0,0,0,0,0,0,0,0,0,4,0,4,0.9111111111111111,1.0,1.0,0.0,0.0,0.0,5,0,4
1563,61,24,37,28,10,6,17,14,4,0,10,0,0,0,0,0,0,0,0,0,3,0,3,0.926829268292683,1.0,1.0,0.0,0.0,0.0,5,0,3
1564,60,23,37,27,10,6,17,14,4,0,10,0,0,0,0,0,0,0,0,0,1,0,1,0.9736842105263158,1.0,1.0,0.0,0.0,0.0,5,0,1
1565,59,23,36,27,9,6,17,14,4,0,10,0,0,0,0,0,0,0,0,0,1,0,1,0.972972972972973,1.0,1.0,0.0,0.0,0.0,5,0,1
1566,58,23,35,26,9,6,17,14,4,0,10,0,0,0,0,0,0,0,0,0,1,0,1,0.9722222222222222,1.0,1.0,0.0,0.0,0.0,5,0,1
1567,57,23,34,26,9,5,17,14,4,0,10,0,0,0,0,0,0,0,0,0,0,0,0,1.0,1.0,1.0,0.0,0.0,0.0,4,0,1
1568,57,23,34,26,9,5,17,14,4,0,10,0,0,0,0,0,0,0,0,0,0,0,0,1.0,1.0,1.0,0.0,0.0,0.0,4,0,0
1569,57,23,34,26,9,5,17,14,4,0,10,0,0,0,0,0,0,0,0,0,0,0,0,1.0,1.0,1.0,0.0,0.0,0.0,4,0,0
1570,57,23,34,26,9,5,17,14,4,0,10,0,0,0,0,0,0,0,0,0,0,0,0,1.0,1.0,1.0,0.0,0.0,0.0,4,0,0
1571,60,25,35,29,9,5,17,14,3,0,11,0,0,0,0,0,0,0,0,1,0,0,0,1.0,1.0,1.0,0.05263157894736842,0.05263157894736842,0.0,4,3,0
1572,58,24,34,27,9,5,17,14,3,0,11,0,0,0,0,0,0,0,0,0,2,0,2,0.9473684210526316,1.0,1.0,0.0,0.0,0.0,4,0,2
1573,58,24,34,27,9,5,17,14,3,0,11,0,0,0,0,0,0,0,0,0,0,0,0,1.0,1.0,1.0,0.0,0.0,0.0,4,0,0
1574,57,23,34,26,9,5,17,14,3,0,11,0,0,0,0,0,0,0,0,0,1,0,1,0.9722222222222222,1.0,1.0,0.0,0.0,0.0,4,0,1
1575,57,23,34,26,9,5,17,14,3,0,11,0,0,0,0,0,0,0,0,0,0,0,0,1.0,1.0,1.0,0.0,0.0,0.0,4,0,0
1576,57,23,34,26,9,5,17,14,3,0,11,0,0,0,0,0,0,0,0,0,0,0,0,1.0,1.0,1.0,0.0,0.0,0.0,4,0,0
1577,56,23,33,25,9,5,17,14,3,0,11,0,0,0,0,0,0,0,0,0,1,0,1,0.9714285714285714,1.0,1.0,0.0,0.0,0.0,4,0,1
1578,54,22,32,24,8,5,17,14,3,0,11,0,0,0,0,0,0,0,0,0,2,0,2,0.9411764705882353,1.0,1.0,0.0,0.0,0.0,4,0,2
1579,52,20,32,23,7,5,17,14,3,0,11,0,0,0,0,0,0,0,0,0,2,0,2,0.9375,1.0,1.0,0.0,0.0,0.0,4,0,2
1580,52,20,32,23,7,5,17,14,3,0,11,0,0,0,0,0,0,0,0,0,0,0,0,1.0,1.0,1.0,0.0,0.0,0.0,4,0,0
1581,52,20,32,23,7,5,17,14,3,0,11,0,0,0,0,0,0,0,0,0,0,0,0,1.0,1.0,1.0,0.0,0.0,0.0,4,0,0
1582,51,19,32,22,7,5,17,14,3,0,11,0,0,0,0,0,0,0,0,0,1,0,1,0.9666666666666667,1.0,1.0,0.0,0.0,0.0,4,0,1
1583,50,19,31,21,7,5,17,14,3,0,11,0,0,0,0,0,0,0,0,0,1,0,1,0.9655172413793104,1.0,1.0,0.0,0.0,0.0,4,0,1
1584,50,19,31,21,7,5,17,14,3,0,11,0,0,0,0,0,0,0,0,0,0,0,0,1.0,1.0,1.0,0.0,0.0,0.0,4,0,0
1585,50,19,31,21,7,5,17,14,3,0,11,0,0,0,0,0,0,0,0,0,0,1,0,1.0,1.0,1.0,0.0,0.0,0.0,4,0,0
1586,50,19,31,21,7,5,17,14,3,0,11,0,0,0,0,0,0,0,0,0,0,0,0,1.0,1.0,1.0,0.0,0.0,0.0,4,0,0
1587,50,19,31,21,7,5,17,14,3,0,11,0,0,0,0,0,0,0,0,0,0,0,0,1.0,1.0,1.0,0.0,0.0,0.0,4,0,0
1588,50,19,31,21,7,5,17,14,3,0,11,0,0,0,0,0,0,0,0,0,0,0,0,1.0,1.0,1.0,0.0,0.0,0.0,4,0,0
1589,49,18,31,21,5,6,17,14,3,0,11,0,0,0,0,0,0,0,0,0,1,0,1,0.962962962962963,1.0,1.0,0.0,0.0,0.0,4,0,1
1590,48,17,31,20,5,6,17,14,3,0,11,0,0,0,0,0,0,0,0,0,1,0,1,0.9615384615384616,1.0,1.0,0.0,0.0,0.0,4,0,1
1591,48,17,31,20,5,6,17,14,3,0,11,0,0,0,0,0,0,0,0,0,0,0,0,1.0,1.0,1.0,0.0,0.0,0.0,4,0,0
1592,48,17,31,20,5,6,17,14,3,0,11,0,0,0,0,0,0,0,0,0,0,0,0,1.0,1.0,1.0,0.0,0.0,0.0,4,0,0
1593,48,17,31,20,5,6,17,14,3,0,11,0,0,0,0,0,0,0,0,0,0,0,0,1.0,1.0,1.0,0.0,0.0,0.0,4,0,0
1594,48,17,31,20,5,6,17,14,3,0,11,0,0,0,0,0,0,0,0,0,0,0,0,1.0,1.0,1.0,0.0,0.0,0.0,4,0,0
1595,48,17,31,20,5,6,17,14,3,0,11,0,0,0,0,0,0,0,0,0,0,2,0,1.0,1.0,1.0,0.0,0.0,0.0,4,0,0
1596,47,16,31,19,5,6,17,14,3,0,11,0,0,0,0,0,0,0,0,0,1,0,1,0.96,1.0,1.0,0.0,0.0,0.0,4,0,1
1597,47,16,31,19,5,6,17,14,3,0,11,0,0,0,0,0,0,0,0,0,0,0,0,1.0,1.0,1.0,0.0,0.0,0.0,4,0,0
1598,47,16,31,16,8,6,17,14,3,0,11,0,0,0,0,0,0,0,0,0,0,0,0,1.0,1.0,1.0,0.0,0.0,0.0,4,0,0
1599,47,16,31,11,11,8,17,14,3,0,11,0,0,0,0,0,0,0,0,0,0,0,0,1.0,1.0,1.0,0.0,0.0,0.0,4,0,0
1600,47,16,31,7,15,8,17,14,3,0,9,0,0,0,0,0,0,0,0,0,0,0,0,1.0,1.0,1.0,0.0,0.0,0.0,4,0,0
1601,47,16,31,5,17,8,17,14,5,0,5,0,0,0,0,0,8,2,0,0,0,0,0,1.0,1.0,1.0,0.0,0.0,0.25,4,0,0
1602,51,19,32,9,17,8,17,14,5,0,4,0,0,0,0,0,6,1,0,1,0,0,0,1.0,1.0,1.0,0.0851063829787234,0.0851063829787234,0.16666666666666666,4,4,0
1603,54,20,34,12,17,8,17,14,5,1,4,0,0,0,0,0,13,1,1,1,0,0,0,1.0,1.0,1.0,0.058823529411764705,0.058823529411764705,0.07692307692307693,4,3,0
1604,54,20,34,10,19,8,17,14,6,1,4,0,0,0,0,0,7,1,0,0,0,0,0,1.0,1.0,1.0,0.0,0.0,0.14285714285714285,4,0,0
1605,54,20,34,10,19,8,17,14,9,1,4,0,0,0,0,0,11,3,0,0,0,0,0,1.0,1.0,1.0,0.0,0.0,0.2727272727272727,4,0,0
1606,53,20,33,10,18,8,17,14,9,1,3,0,0,0,0,0,0,0,0,0,1,0,1,0.9655172413793104,1.0,1.0,0.0,0.0,0.0,4,0,1
1607,52,19,33,10,17,8,17,14,10,1,3,0,0,0,0,0,5,1,0,0,1,1,1,0.9642857142857143,1.0,1.0,0.0,0.0,0.2,4,0,1
1608,52,19,33,10,17,8,17,14,10,1,3,0,0,0,0,0,0,0,0,0,0,0,0,1.0,1.0,1.0,0.0,0.0,0.0,4,0,0
1609,52,19,33,10,17,8,17,14,10,1,3,0,0,0,0,0,0,0,0,0,0,0,0,1.0,1.0,1.0,0.0,0.0,0.0,4,0,0
1610,52,19,33,10,17,8,17,14,10,1,3,0,0,0,0,0,0,0,0,0,0,0,0,1.0,1.0,1.0,0.0,0.0,0.0,4,0,0
1611,52,19,33,10,16,9,17,14,10,1,3,0,0,0,0,0,0,0,0,0,0,1,0,1.0,1.0,1.0,0.0,0.0,0.0,4,0,0
1612,51,19,32,10,15,9,17,14,10,1,3,0,0,0,0,0,0,0,0,0,1,0,1,0.9615384615384616,1.0,1.0,0.0,0.0,0.0,4,0,1
1613,51,19,32,10,15,9,17,14,10,1,3,0,0,0,0,0,0,0,0,0,0,0,0,1.0,1.0,1.0,0.0,0.0,0.0,4,0,0
1614,50,18,32,6,18,9,17,14,10,1,3,0,0,0,0,0,0,0,0,0,1,0,1,0.96,1.0,1.0,0.0,0.0,0.0,4,0,1
1615,53,19,34,10,17,10,16,14,9,1,4,0,0,0,0,0,0,0,0,1,0,0,0,1.0,0.6666666666666667,1.0,0.08,0.08,0.0,4,4,1
1616,53,19,34,10,17,10,16,14,9,1,3,0,0,0,0,0,0,0,0,0,0,0,0,1.0,1.0,1.0,0.0,0.0,0.0,4,0,0
1617,53,19,34,10,17,10,16,14,9,1,3,0,0,0,0,0,1,0,0,0,0,0,0,1.0,1.0,1.0,0.0,0.0,0.0,4,0,0
1618,53,19,34,10,17,10,16,14,9,1,3,0,0,0,0,0,2,0,0,0,0,0,0,1.0,1.0,1.0,0.0,0.0,0.0,4,0,0
1619,52,19,33,9,17,10,16,14,9,1,3,0,0,0,0,0,2,0,0,0,1,0,1,0.962962962962963,1.0,1.0,0.0,0.0,0.0,4,0,1
1620,52,19,33,9,17,10,16,14,10,1,3,0,0,0,0,0,6,1,0,0,0,0,0,1.0,1.0,1.0,0.0,0.0,0.16666666666666666,4,0,0
1621,52,19,33,9,17,9,17,14,10,1,3,0,0,0,0,0,0,0,0,0,0,0,0,1.0,1.0,1.0,0.0,0.0,0.0,4,0,0
1622,51,18,33,9,16,8,18,14,10,1,3,0,0,0,0,0,0,0,0,0,1,0,1,0.9615384615384616,1.0,1.0,0.0,0.0,0.0,4,0,1
1623,49,18,31,9,14,8,18,14,10,1,3,0,0,0,0,0,0,0,0,0,2,0,2,0.92,1.0,1.0,0.0,0.0,0.0,4,0,2
1624,48,17,31,8,14,8,18,14,10,1,3,0,0,0,0,0,0,0,0,0,1,0,1,0.9565217391304348,1.0,1.0,0.0,0.0,0.0,4,0,1
1625,48,17,31,8,14,8,18,14,10,1,3,0,0,0,0,0,0,0,0,0,0,0,0,1.0,1.0,1.0,0.0,0.0,0.0,4,0,0
1626,47,17,30,8,13,8,18,14,10,1,3,0,0,0,0,0,0,0,0,0,1,0,1,0.9545454545454546,1.0,1.0,0.0,0.0,0.0,4,0,1
1627,47,17,30,8,13,8,18,14,10,1,3,0,0,0,0,0,0,0,0,0,0,0,0,1.0,1.0,1.0,0.0,0.0,0.0,4,0,0
1628,47,17,30,8,13,8,18,14,10,1,3,0,0,0,0,0,0,0,0,0,0,0,0,1.0,1.0,1.0,0.0,0.0,0.0,4,0,0
1629,47,17,30,8,13,8,18,14,10,1,3,0,0,0,0,0,0,0,0,0,0,0,0,1.0,1.0,1.0,0.0,0.0,0.0,4,0,0
1630,47,17,30,8,13,8,18,14,10,1,3,0,0,0,0,0,0,0,0,0,0,1,0,1.0,1.0,1.0,0.0,0.0,0.0,4,0,0
1631,47,17,30,8,13,8,18,14,10,1,3,0,0,0,0,0,0,0,0,0,0,0,0,1.0,1.0,1.0,0.0,0.0,0.0,4,0,0
1632,46,17,29,7,13,8,18,14,10,1,3,0,0,0,0,0,0,0,0,0,1,0,1,0.9523809523809523,1.0,1.0,0.0,0.0,0.0,4,0,1
1633,46,17,29,7,13,8,18,14,10,1,3,0,0,0,0,0,0,0,0,0,0,0,0,1.0,1.0,1.0,0.0,0.0,0.0,4,0,0
1634,46,17,29,7,12,9,18,14,10,1,3,0,0,0,0,0,0,0,0,0,0,0,0,1.0,1.0,1.0,0.0,0.0,0.0,4,0,0
1635,45,16,29,7,11,9,18,14,10,1,3,0,0,0,0,0,0,0,0,0,1,0,1,0.9473684210526316,1.0,1.0,0.0,0.0,0.0,4,0,1
1636,45,16,29,7,11,9,18,14,10,1,3,0,0,0,0,0,0,0,0,0,0,0,0,1.0,1.0,1.0,0.0,0.0,0.0,4,0,0
1637,45,16,29,7,11,8,19,14,10,1,3,0,0,0,0,0,0,0,0,0,0,0,0,1.0,1.0,1.0,0.0,0.0,0.0,4,0,0
1638,45,16,29,7,11,8,19,14,10,1,3,0,0,0,0,0,0,0,0,0,0,0,0,1.0,1.0,1.0,0.0,0.0,0.0,4,0,0
1639,45,16,29,7,11,8,19,14,10,1,3,0,0,0,0,0,0,0,0,0,0,0,0,1.0,1.0,1.0,0.0,0.0,0.0,4,0,0
1640,45,16,29,7,11,8,19,14,10,1,3,0,0,0,0,0,0,0,0,0,0,0,0,1.0,1.0,1.0,0.0,0.0,0.0,4,0,0
1641,45,16,29,7,11,8,19,14,10,1,3,0,0,0,0,0,0,0,0,0,0,0,0,1.0,1.0,1.0,0.0,0.0,0.0,4,0,0
1642,45,16,29,7,11,8,19,14,10,1,3,0,0,0,0,0,0,0,0,0,0,0,0,1.0,1.0,1.0,0.0,0.0,0.0,4,0,0
1643,45,16,29,7,11,8,19,14,10,1,3,0,0,0,0,0,0,0,0,0,0,0,0,1.0,1.0,1.0,0.0,0.0,0.0,4,0,0
1644,44,16,28,6,11,8,19,14,10,1,3,0,0,0,0,0,0,0,0,0,1,0,1,0.9444444444444444,1.0,1.0,0.0,0.0,0.0,4,0,1
1645,43,16,27,4,13,8,18,13,9,1,3,0,0,0,0,0,0,0,0,0,0,0,0,1.0,1.0,0.9285714285714286,0.0,0.0,0.0,4,0,1
1646,43,16,27,2,15,8,18,13,9,1,3,0,0,0,0,0,0,0,0,0,0,0,0,1.0,1.0,1.0,0.0,0.0,0.0,4,0,0
1647,43,16,27,2,15,8,18,13,9,1,2,0,0,0,0,0,0,0,0,0,0,0,0,1.0,1.0,1.0,0.0,0.0,0.0,4,0,0
1648,43,16,27,2,15,8,18,13,10,0,1,0,0,0,0,0,6,1,0,0,0,0,0,1.0,1.0,1.0,0.0,0.0,0.16666666666666666,4,0,0
1649,43,16,27,2,15,8,18,13,12,0,1,0,0,0,0,0,10,2,0,0,0,0,0,1.0,1.0,1.0,0.0,0.0,0.2,4,0,0
1650,43,16,27,2,15,8,18,13,12,0,1,0,0,0,0,0,0,0,0,0,0,0,0,1.0,1.0,1.0,0.0,0.0,0.0,4,0,0
1651,42,15,27,2,14,8,18,13,12,0,1,0,0,0,0,0,0,0,0,0,1,0,1,0.9411764705882353,1.0,1.0,0.0,0.0,0.0,4,0,1
1652,42,15,27,2,14,8,18,13,12,0,1,0,0,0,0,0,0,0,0,0,0,0,0,1.0,1.0,1.0,0.0,0.0,0.0,4,0,0
1653,41,14,27,2,14,7,18,13,12,0,1,0,0,0,0,0,0,0,0,0,0,0,0,1.0,1.0,1.0,0.0,0.0,0.0,4,0,1
1654,41,14,27,2,14,7,18,13,12,0,1,0,0,0,0,0,0,0,0,0,0,0,0,1.0,1.0,1.0,0.0,0.0,0.0,4,0,0
1655,40,13,27,2,14,6,18,13,12,0,1,0,0,0,0,0,0,0,0,0,0,0,0,1.0,1.0,1.0,0.0,0.0,0.0,4,0,1
1656,40,13,27,2,14,6,18,13,12,0,1,0,0,0,0,0,0,0,0,0,0,0,0,1.0,1.0,1.0,0.0,0.0,0.0,4,0,0
1657,40,13,27,2,14,6,18,13,12,0,1,0,0,0,0,0,0,0,0,0,0,0,0,1.0,1.0,1.0,0.0,0.0,0.0,4,0,0
1658,40,13,27,0,16,6,18,13,12,0,1,0,0,0,0,0,0,0,0,0,0,0,0,1.0,1.0,1.0,0.0,0.0,0.0,4,0,0
1659,40,13,27,0,16,6,18,13,12,0,1,0,0,0,0,0,0,0,0,0,0,0,0,1.0,1.0,1.0,0.0,0.0,0.0,4,0,0
1660,40,13,27,0,16,6,18,13,12,0,0,0,0,0,0,0,0,0,0,0,0,0,0,1.0,1.0,1.0,0.0,0.0,0.0,4,0,0
1661,40,13,27,0,16,6,18,13,12,0,0,0,0,0,0,0,1,0,0,0,0,0,0,1.0,1.0,1.0,0.0,0.0,0.0,4,0,0
1662,40,13,27,0,16,6,18,13,13,0,0,0,0,0,0,0,7,1,0,0,0,0,0,1.0,1.0,1.0,0.0,0.0,0.14285714285714285,4,0,0
1663,40,13,27,0,16,6,18,13,13,0,0,0,0,0,0,0,0,0,0,0,0,0,0,1.0,1.0,1.0,0.0,0.0,0.0,4,0,0
1664,40,13,27,0,16,6,18,13,13,0,0,0,0,0,0,0,0,0,0,0,0,0,0,1.0,1.0,1.0,0.0,0.0,0.0,4,0,0
1665,40,13,27,0,16,6,18,13,13,0,0,0,0,0,0,0,0,0,0,0,0,0,0,1.0,1.0,1.0,0.0,0.0,0.0,4,0,0
1666,44,17,27,4,16,6,18,13,12,0,1,0,0,0,0,0,0,0,0,1,0,0,0,1.0,1.0,1.0,0.1,0.1,0.0,4,4,0
1667,48,20,28,8,16,6,18,13,11,0,2,0,0,0,0,0,0,0,0,1,0,0,0,1.0,1.0,1.0,0.09090909090909091,0.09090909090909091,0.0,4,4,0
1668,51,20,31,11,16,6,18,13,10,0,3,0,0,0,0,0,0,0,0,1,1,0,1,0.9583333333333334,1.0,1.0,0.08333333333333333,0.08333333333333333,0.0,4,4,1
1669,55,21,34,15,16,6,18,13,9,0,4,0,0,0,0,0,0,0,0,1,0,0,0,1.0,1.0,1.0,0.0784313725490196,0.0784313725490196,0.0,4,4,0
1670,67,27,40,27,16,6,18,13,6,0,7,0,0,0,0,0,0,0,0,3,0,0,0,1.0,1.0,1.0,0.21818181818181817,0.21818181818181817,0.0,4,12,0
1671,64,25,39,25,15,6,18,13,6,0,7,0,0,0,0,0,0,0,0,0,3,0,3,0.9302325581395349,1.0,1.0,0.0,0.0,0.0,4,0,3
1672,68,27,41,29,15,5,19,14,6,0,8,0,0,0,0,0,8,1,0,1,0,0,0,1.0,1.0,1.0,0.0625,0.0625,0.125,4,4,0
1673,67,26,41,29,14,5,19,14,6,0,8,0,0,0,0,0,0,0,0,0,1,0,1,0.9772727272727273,1.0,1.0,0.0,0.0,0.0,4,0,1
1674,62,23,39,26,12,5,19,14,6,0,8,0,0,0,0,0,0,0,0,0,5,0,5,0.8837209302325582,1.0,1.0,0.0,0.0,0.0,4,0,5
1675,62,23,39,26,12,5,19,14,6,0,8,0,0,0,0,0,0,0,0,0,0,0,0,1.0,1.0,1.0,0.0,0.0,0.0,4,0,0
1676,62,23,39,26,12,5,19,14,6,0,8,0,0,0,0,0,0,0,0,0,0,0,0,1.0,1.0,1.0,0.0,0.0,0.0,4,0,0
1677,61,22,39,25,12,5,19,14,6,0,8,0,0,0,0,0,0,0,0,0,1,0,1,0.9736842105263158,1.0,1.0,0.0,0.0,0.0,4,0,1
1678,61,22,39,25,12,5,19,14,6,0,8,0,0,0,0,0,0,0,0,0,0,0,0,1.0,1.0,1.0,0.0,0.0,0.0,4,0,0
1679,61,22,39,25,12,5,19,14,6,0,8,0,0,0,0,0,0,0,0,0,0,0,0,1.0,1.0,1.0,0.0,0.0,0.0,4,0,0
1680,59,21,38,23,12,5,19,14,6,0,8,0,0,0,0,0,0,0,0,0,2,0,2,0.9459459459459459,1.0,1.0,0.0,0.0,0.0,4,0,2
1681,59,21,38,23,12,5,19,14,6,0,8,0,0,0,0,0,0,0,0,0,0,0,0,1.0,1.0,1.0,0.0,0.0,0.0,4,0,0
1682,58,21,37,22,12,5,19,14,6,0,8,0,0,0,0,0,0,0,0,0,1,0,1,0.9714285714285714,1.0,1.0,0.0,0.0,0.0,4,0,1
1683,56,20,36,20,12,5,19,14,6,0,8,0,0,0,0,0,0,0,0,0,2,0,2,0.9411764705882353,1.0,1.0,0.0,0.0,0.0,4,0,2
1684,56,20,36,20,12,5,19,14,6,0,8,0,0,0,0,0,0,0,0,0,0,0,0,1.0,1.0,1.0,0.0,0.0,0.0,4,0,0
1685,58,22,36,22,12,5,19,14,5,0,9,0,0,0,0,0,0,0,0,1,1,0,1,0.96875,1.0,1.0,0.05357142857142857,0.05357142857142857,0.0,4,3,1
1686,58,22,36,22,12,5,19,14,5,0,9,0,0,0,0,0,0,0,0,0,0,0,0,1.0,1.0,1.0,0.0,0.0,0.0,4,0,0
1687,58,22,36,22,12,5,19,14,5,0,9,0,0,0,0,0,0,0,0,0,0,0,0,1.0,1.0,1.0,0.0,0.0,0.0,4,0,0
1688,58,22,36,22,12,5,19,14,5,0,9,0,0,0,0,0,0,0,0,0,0,0,0,1.0,1.0,1.0,0.0,0.0,0.0,4,0,0
1689,58,22,36,22,12,5,19,14,5,0,9,0,0,0,0,0,0,0,0,0,0,0,0,1.0,1.0,1.0,0.0,0.0,0.0,4,0,0
1690,57,22,35,22,12,5,18,13,5,0,8,0,0,0,0,0,0,0,0,0,0,0,0,1.0,1.0,0.9285714285714286,0.0,0.0,0.0,4,0,1
1691,56,21,35,21,12,5,18,13,5,0,8,0,0,0,0,0,0,0,0,0,1,0,1,0.9705882352941176,1.0,1.0,0.0,0.0,0.0,4,0,1
1692,56,21,35,21,12,5,18,13,5,0,8,0,0,0,0,0,0,0,0,0,0,0,0,1.0,1.0,1.0,0.0,0.0,0.0,4,0,0
1693,55,21,34,21,11,5,18,13,5,0,8,0,0,0,0,0,0,0,0,0,1,0,1,0.9696969696969697,1.0,1.0,0.0,0.0,0.0,4,0,1
1694,54,21,33,21,10,5,18,13,5,0,8,0,0,0,0,0,0,0,0,0,1,0,1,0.96875,1.0,1.0,0.0,0.0,0.0,4,0,1
1695,53,20,33,20,10,5,18,13,5,0,8,0,0,0,0,0,0,0,0,0,1,0,1,0.967741935483871,1.0,1.0,0.0,0.0,0.0,4,0,1
1696,53,20,33,20,10,5,18,13,5,0,8,0,0,0,0,0,0,0,0,0,0,0,0,1.0,1.0,1.0,0.0,0.0,0.0,4,0,0
1697,53,20,33,20,10,5,18,13,5,0,8,0,0,0,0,0,0,0,0,0,0,0,0,1.0,1.0,1.0,0.0,0.0,0.0,4,0,0
1698,52,19,33,20,9,5,18,13,5,0,8,0,0,0,0,0,0,0,0,0,1,0,1,0.9666666666666667,1.0,1.0,0.0,0.0,0.0,4,0,1
1699,52,19,33,20,9,5,18,13,5,0,8,0,0,0,0,0,0,0,0,0,0,0,0,1.0,1.0,1.0,0.0,0.0,0.0,4,0,0
1700,52,19,33,20,9,5,18,13,5,0,8,0,0,0,0,0,0,0,0,0,0,0,0,1.0,1.0,1.0,0.0,0.0,0.0,4,0,0
1701,51,18,33,19,9,5,18,13,5,0,8,0,0,0,0,0,0,0,0,0,1,0,1,0.9655172413793104,1.0,1.0,0.0,0.0,0.0,4,0,1
1702,50,17,33,18,9,5,18,13,5,0,8,0,0,0,0,0,0,0,0,0,1,0,1,0.9642857142857143,1.0,1.0,0.0,0.0,0.0,4,0,1
1703,49,17,32,17,9,5,18,13,5,0,8,0,0,0,0,0,0,0,0,0,1,0,1,0.962962962962963,1.0,1.0,0.0,0.0,0.0,4,0,1
1704,49,17,32,17,9,5,18,13,5,0,8,0,0,0,0,0,0,0,0,0,0,0,0,1.0,1.0,1.0,0.0,0.0,0.0,4,0,0
1705,49,17,32,17,9,5,18,13,5,0,8,0,0,0,0,0,0,0,0,0,0,0,0,1.0,1.0,1.0,0.0,0.0,0.0,4,0,0
1706,49,17,32,17,9,5,18,13,5,0,8,0,0,0,0,0,0,0,0,0,0,0,0,1.0,1.0,1.0,0.0,0.0,0.0,4,0,0
1707,49,17,32,17,9,4,19,14,5,0,8,0,0,0,0,0,0,0,0,0,0,0,0,1.0,1.0,1.0,0.0,0.0,0.0,4,0,0
1708,49,17,32,17,9,4,19,14,5,0,8,0,0,0,0,0,0,0,0,0,0,0,0,1.0,1.0,1.0,0.0,0.0,0.0,4,0,0
1709,49,17,32,15,11,4,19,14,5,0,8,0,0,0,0,0,0,0,0,0,0,0,0,1.0,1.0,1.0,0.0,0.0,0.0,4,0,0
1710,49,17,32,13,13,3,20,15,5,0,8,0,0,0,0,0,0,0,0,0,0,0,0,1.0,1.0,1.0,0.0,0.0,0.0,4,0,0
1711,48,16,32,11,14,2,21,16,6,0,7,0,0,0,0,0,20,1,0,0,1,0,1,0.9615384615384616,1.0,1.0,0.0,0.0,0.05,4,0,1
1712,47,15,32,10,14,2,21,16,7,0,6,0,0,0,0,0,8,1,0,0,1,0,1,0.96,1.0,1.0,0.0,0.0,0.125,4,0,1
1713,51,17,34,9,19,2,21,16,8,0,6,0,0,0,0,0,10,2,0,1,0,0,0,1.0,1.0,1.0,0.0851063829787234,0.0851063829787234,0.2,4,4,0
1714,59,21,38,17,19,2,21,16,8,0,7,0,0,0,0,0,8,2,0,2,0,0,0,1.0,1.0,1.0,0.1568627450980392,0.1568627450980392,0.25,4,8,0
1715,57,20,37,14,20,2,21,16,8,0,5,0,0,0,0,0,6,0,0,0,2,0,2,0.9444444444444444,1.0,1.0,0.0,0.0,0.0,4,0,2
1716,57,20,37,14,20,2,21,16,8,0,5,0,0,0,0,0,4,0,0,0,0,0,0,1.0,1.0,1.0,0.0,0.0,0.0,4,0,0
1717,55,20,35,14,18,2,21,16,10,0,4,0,0,0,0,0,7,2,0,0,2,0,2,0.9411764705882353,1.0,1.0,0.0,0.0,0.2857142857142857,4,0,2
1718,54,20,34,13,18,2,21,16,11,0,4,0,0,0,0,0,5,1,0,0,1,0,1,0.96875,1.0,1.0,0.0,0.0,0.2,4,0,1
1719,54,20,34,13,18,2,21,16,11,0,4,0,0,0,0,0,3,0,0,0,0,0,0,1.0,1.0,1.0,0.0,0.0,0.0,4,0,0
1720,54,20,34,13,18,2,21,16,12,0,4,0,0,0,0,0,7,1,0,0,0,0,0,1.0,1.0,1.0,0.0,0.0,0.14285714285714285,4,0,0
1721,54,20,34,13,18,2,21,16,12,0,4,0,0,0,0,0,0,0,0,0,0,0,0,1.0,1.0,1.0,0.0,0.0,0.0,4,0,0
1722,52,19,33,13,16,2,21,16,12,0,4,0,0,0,0,0,0,0,0,0,2,0,2,0.935483870967742,1.0,1.0,0.0,0.0,0.0,4,0,2
1723,52,19,33,13,16,2,21,16,12,0,4,0,0,0,0,0,0,0,0,0,0,0,0,1.0,1.0,1.0,0.0,0.0,0.0,4,0,0
1724,52,19,33,13,16,2,21,16,12,0,4,0,0,0,0,0,0,0,0,0,0,0,0,1.0,1.0,1.0,0.0,0.0,0.0,4,0,0
1725,52,19,33,13,16,2,21,16,12,0,4,0,0,0,0,0,0,0,0,0,0,0,0,1.0,1.0,1.0,0.0,0.0,0.0,4,0,0
1726,52,19,33,13,16,2,21,16,12,0,4,0,0,0,0,0,0,0,0,0,0,0,0,1.0,1.0,1.0,0.0,0.0,0.0,4,0,0
1727,56,21,35,17,16,2,21,16,11,0,5,0,0,0,0,0,0,0,0,1,0,0,0,1.0,1.0,1.0,0.07692307692307693,0.07692307692307693,0.0,4,4,0
1728,56,21,35,14,19,2,21,16,11,0,5,0,0,0,0,0,0,0,0,0,0,0,0,1.0,1.0,1.0,0.0,0.0,0.0,4,0,0
1729,56,21,35,14,19,2,21,16,11,0,5,0,0,0,0,0,0,0,0,0,0,0,0,1.0,1.0,1.0,0.0,0.0,0.0,4,0,0
1730,56,21,35,14,19,2,21,16,11,0,4,0,0,0,0,0,0,0,0,0,0,0,0,1.0,1.0,1.0,0.0,0.0,0.0,4,0,0
1731,54,20,34,12,19,2,21,16,12,0,4,0,0,0,0,0,6,1,0,0,2,0,2,0.9393939393939394,1.0,1.0,0.0,0.0,0.16666666666666666,4,0,2
1732,53,19,34,12,18,2,21,16,12,0,4,0,0,0,0,0,0,0,0,0,1,0,1,0.967741935483871,1.0,1.0,0.0,0.0,0.0,4,0,1
1733,51,17,34,12,16,2,21,16,12,0,4,0,0,0,0,0,0,0,0,0,2,0,2,0.9333333333333333,1.0,1.0,0.0,0.0,0.0,4,0,2
1734,51,17,34,12,16,2,21,16,12,0,4,0,0,0,0,0,0,0,0,0,0,0,0,1.0,1.0,1.0,0.0,0.0,0.0,4,0,0
1735,51,17,34,12,16,2,21,16,12,0,4,0,0,0,0,0,0,0,0,0,0,0,0,1.0,1.0,1.0,0.0,0.0,0.0,4,0,0
1736,51,17,34,12,16,2,21,16,12,0,4,0,0,0,0,0,0,0,0,0,0,1,0,1.0,1.0,1.0,0.0,0.0,0.0,4,0,0
1737,54,18,36,16,16,2,20,15,10,0,5,0,0,0,0,0,0,0,0,1,0,1,0,1.0,1.0,0.9375,0.0784313725490196,0.0784313725490196,0.0,4,4,1
1738,54,18,36,16,16,2,20,15,10,0,5,0,0,0,0,0,0,0,0,0,0,0,0,1.0,1.0,1.0,0.0,0.0,0.0,4,0,0
1739,54,18,36,16,16,2,20,15,10,0,5,0,0,0,0,0,0,0,0,0,0,0,0,1.0,1.0,1.0,0.0,0.0,0.0,4,0,0
1740,53,17,36,16,14,3,20,15,10,0,5,0,0,0,0,0,0,0,0,0,1,0,1,0.967741935483871,1.0,1.0,0.0,0.0,0.0,4,0,1
1741,52,16,36,15,13,4,20,15,10,0,5,0,0,0,0,0,0,0,0,0,1,0,1,0.9655172413793104,1.0,1.0,0.0,0.0,0.0,4,0,1
1742,51,16,35,15,13,4,19,14,9,0,5,0,0,0,0,0,0,0,0,0,0,0,0,1.0,1.0,0.9333333333333333,0.0,0.0,0.0,4,0,1
1743,51,16,35,15,13,4,19,14,9,0,5,0,0,0,0,0,0,0,0,0,0,0,0,1.0,1.0,1.0,0.0,0.0,0.0,4,0,0
1744,51,16,35,15,13,4,19,14,9,0,5,0,0,0,0,0,0,0,0,0,0,0,0,1.0,1.0,1.0,0.0,0.0,0.0,4,0,0
1745,51,16,35,15,13,4,19,14,9,0,5,0,0,0,0,0,0,0,0,0,0,0,0,1.0,1.0,1.0,0.0,0.0,0.0,4,0,0
1746,51,16,35,15,13,4,19,14,9,0,5,0,0,0,0,0,0,0,0,0,0,0,0,1.0,1.0,1.0,0.0,0.0,0.0,4,0,0
1747,51,16,35,15,13,4,19,14,9,0,5,0,0,0,0,0,0,0,0,0,0,0,0,1.0,1.0,1.0,0.0,0.0,0.0,4,0,0
1748,51,16,35,15,13,4,19,14,9,0,5,0,0,0,0,0,0,0,0,0,0,0,0,1.0,1.0,1.0,0.0,0.0,0.0,4,0,0
1749,50,16,34,14,13,4,19,14,9,0,5,0,0,0,0,0,0,0,0,0,1,0,1,0.9642857142857143,1.0,1.0,0.0,0.0,0.0,4,0,1
1750,50,16,34,14,13,4,19,14,9,0,5,0,0,0,0,0,0,0,0,0,0,0,0,1.0,1.0,1.0,0.0,0.0,0.0,4,0,0
1751,49,16,33,14,12,4,19,14,9,0,5,0,0,0,0,0,0,0,0,0,1,1,1,0.962962962962963,1.0,1.0,0.0,0.0,0.0,4,0,1
1752,49,16,33,14,12,4,19,14,9,0,5,0,0,0,0,0,0,0,0,0,0,0,0,1.0,1.0,1.0,0.0,0.0,0.0,4,0,0
1753,48,16,32,14,11,4,19,14,9,0,5,0,0,0,0,0,0,0,0,0,1,0,1,0.9615384615384616,1.0,1.0,0.0,0.0,0.0,4,0,1
1754,47,15,32,13,11,4,19,14,9,0,5,0,0,0,0,0,0,0,0,0,1,0,1,0.96,1.0,1.0,0.0,0.0,0.0,4,0,1
1755,47,15,32,13,10,5,19,14,9,0,5,0,0,0,0,0,0,0,0,0,0,0,0,1.0,1.0,1.0,0.0,0.0,0.0,4,0,0
1756,47,15,32,11,12,5,19,14,9,0,5,0,0,0,0,0,0,0,0,0,0,0,0,1.0,1.0,1.0,0.0,0.0,0.0,4,0,0
1757,47,15,32,7,16,5,19,14,9,0,5,0,0,0,0,0,0,0,0,0,0,0,0,1.0,1.0,1.0,0.0,0.0,0.0,4,0,0
1758,47,15,32,7,16,5,19,14,9,0,4,0,0,0,0,0,0,0,0,0,0,0,0,1.0,1.0,1.0,0.0,0.0,0.0,4,0,0
1759,47,15,32,7,16,5,19,14,10,0,2,0,0,0,0,0,3,1,0,0,0,0,0,1.0,1.0,1.0,0.0,0.0,0.3333333333333333,4,0,0
1760,47,15,32,7,16,5,19,14,10,1,2,0,0,0,0,0,9,0,1,0,0,0,0,1.0,1.0,1.0,0.0,0.0,0.0,4,0,0
1761,47,15,32,7,16,5,19,14,10,1,2,0,0,0,0,0,9,0,1,0,0,0,0,1.0,1.0,1.0,0.0,0.0,0.0,4,0,0
1762,47,15,32,7,16,5,19,14,10,1,2,0,0,0,0,0,9,0,1,0,0,0,0,1.0,1.0,1.0,0.0,0.0,0.0,4,0,0
1763,47,15,32,7,16,5,19,14,10,1,2,0,0,0,0,0,9,0,1,0,0,0,0,1.0,1.0,1.0,0.0,0.0,0.0,4,0,0
1764,47,15,32,7,16,5,19,14,10,1,2,0,0,0,0,0,9,0,1,0,0,0,0,1.0,1.0,1.0,0.0,0.0,0.0,4,0,0
1765,47,15,32,7,16,5,19,14,10,1,2,0,0,0,0,0,9,0,1,0,0,0,0,1.0,1.0,1.0,0.0,0.0,0.0,4,0,0
1766,47,15,32,7,16,5,19,14,10,1,2,0,0,0,0,0,9,0,1,0,0,0,0,1.0,1.0,1.0,0.0,0.0,0.0,4,0,0
1767,47,15,32,7,16,5,19,14,10,1,2,0,0,0,0,0,9,0,1,0,0,0,0,1.0,1.0,1.0,0.0,0.0,0.0,4,0,0
1768,47,15,32,7,16,5,19,14,10,1,2,0,0,0,0,0,9,0,1,0,0,0,0,1.0,1.0,1.0,0.0,0.0,0.0,4,0,0
1769,46,15,31,7,15,5,19,14,10,1,2,0,0,0,0,0,9,0,1,0,1,0,1,0.9565217391304348,1.0,1.0,0.0,0.0,0.0,4,0,1
1770,46,15,31,4,18,5,19,14,10,1,2,0,0,0,0,0,9,0,1,0,0,0,0,1.0,1.0,1.0,0.0,0.0,0.0,4,0,0
1771,46,15,31,4,18,5,19,14,10,1,2,0,0,0,0,0,9,0,1,0,0,0,0,1.0,1.0,1.0,0.0,0.0,0.0,4,0,0
1772,46,15,31,4,18,4,20,15,10,1,1,0,0,0,0,0,9,0,1,0,0,0,0,1.0,1.0,1.0,0.0,0.0,0.0,4,0,0
1773,46,15,31,4,18,4,20,15,10,1,1,0,0,0,0,0,9,0,1,0,0,0,0,1.0,1.0,1.0,0.0,0.0,0.0,4,0,0
1774,46,15,31,4,18,4,20,15,10,1,1,0,0,0,0,0,9,0,1,0,0,0,0,1.0,1.0,1.0,0.0,0.0,0.0,4,0,0
1775,46,15,31,4,18,4,20,15,10,1,1,0,0,0,0,0,9,0,1,0,0,0,0,1.0,1.0,1.0,0.0,0.0,0.0,4,0,0
1776,50,17,33,8,18,4,20,15,9,1,2,0,0,0,0,0,9,0,1,1,0,0,0,1.0,1.0,1.0,0.08695652173913043,0.08695652173913043,0.0,4,4,0
1777,53,20,33,11,18,4,20,15,8,1,3,0,0,0,0,0,9,0,1,1,0,0,0,1.0,1.0,1.0,0.06,0.06,0.0,4,3,0
1778,60,24,36,18,18,4,20,15,6,1,5,0,0,0,0,0,9,0,1,2,0,0,0,1.0,1.0,1.0,0.1320754716981132,0.1320754716981132,0.0,4,7,0
1779,64,24,40,24,16,4,20,15,4,1,7,0,0,0,0,0,9,0,1,2,3,0,3,0.9166666666666666,1.0,1.0,0.11666666666666667,0.11666666666666667,0.0,4,7,3
1780,63,24,39,21,18,4,20,15,4,1,7,0,0,0,0,0,9,0,1,0,1,0,1,0.975,1.0,1.0,0.0,0.0,0.0,4,0,1
1781,62,24,38,20,18,4,20,15,4,1,7,0,0,0,0,0,9,0,1,0,1,0,1,0.9743589743589743,1.0,1.0,0.0,0.0,0.0,4,0,1
1782,65,27,38,23,18,4,20,15,3,1,7,0,0,0,0,0,9,0,1,1,0,0,0,1.0,1.0,1.0,0.04838709677419355,0.04838709677419355,0.0,4,3,0
1783,69,29,40,27,18,4,20,15,2,1,8,0,0,0,0,0,9,0,1,1,0,0,0,1.0,1.0,1.0,0.06153846153846154,0.06153846153846154,0.0,4,4,0
1784,68,29,39,27,17,4,20,15,2,1,8,0,0,0,0,0,9,0,1,0,1,0,1,0.9777777777777777,1.0,1.0,0.0,0.0,0.0,4,0,1
1785,71,30,41,30,17,4,20,15,1,1,9,0,0,0,0,0,9,0,1,1,1,0,1,0.9772727272727273,1.0,1.0,0.058823529411764705,0.058823529411764705,0.0,4,4,1
1786,66,28,38,28,15,4,19,14,0,1,9,0,0,0,0,0,9,0,1,0,4,0,4,0.9148936170212766,1.0,0.9333333333333333,0.0,0.0,0.0,4,0,5
1787,63,27,36,27,13,4,19,14,0,1,9,0,0,0,0,0,9,0,1,0,3,0,3,0.9302325581395349,1.0,1.0,0.0,0.0,0.0,4,0,3
1788,62,26,36,27,12,4,19,14,0,1,9,0,0,0,0,0,9,0,1,0,1,0,1,0.975,1.0,1.0,0.0,0.0,0.0,4,0,1
1789,59,25,34,25,11,4,19,14,0,1,9,0,0,0,0,0,9,0,1,0,3,0,3,0.9230769230769231,1.0,1.0,0.0,0.0,0.0,4,0,3
1790,57,24,33,23,11,4,19,14,0,1,9,0,0,0,0,0,9,0,1,0,2,0,2,0.9444444444444444,1.0,1.0,0.0,0.0,0.0,4,0,2
1791,57,24,33,23,11,4,19,14,0,1,9,0,0,0,0,0,9,0,1,0,0,0,0,1.0,1.0,1.0,0.0,0.0,0.0,4,0,0
1792,57,24,33,23,11,4,19,14,0,1,9,0,0,0,0,0,9,0,1,0,0,0,0,1.0,1.0,1.0,0.0,0.0,0.0,4,0,0
1793,57,24,33,23,11,4,19,14,0,1,9,0,0,0,0,0,9,0,1,0,0,0,0,1.0,1.0,1.0,0.0,0.0,0.0,4,0,0
1794,55,22,33,21,11,4,19,14,0,1,9,0,0,0,0,0,9,0,1,0,2,0,2,0.9411764705882353,1.0,1.0,0.0,0.0,0.0,4,0,2
1795,55,22,33,21,11,4,19,14,0,1,9,0,0,0,0,0,9,0,1,0,0,0,0,1.0,1.0,1.0,0.0,0.0,0.0,4,0,0
1796,55,22,33,21,11,4,19,14,0,1,9,0,0,0,0,0,9,0,1,0,0,0,0,1.0,1.0,1.0,0.0,0.0,0.0,4,0,0
1797,55,22,33,21,11,4,19,14,0,1,9,0,0,0,0,0,9,0,1,0,0,0,0,1.0,1.0,1.0,0.0,0.0,0.0,4,0,0
1798,54,21,33,20,11,4,19,14,0,1,9,0,0,0,0,0,9,0,1,0,1,0,1,0.96875,1.0,1.0,0.0,0.0,0.0,4,0,1
1799,54,21,33,20,11,4,19,14,0,1,9,0,0,0,0,0,9,0,1,0,0,0,0,1.0,1.0,1.0,0.0,0.0,0.0,4,0,0
1800,53,20,33,19,11,4,19,14,0,1,9,0,0,0,0,0,9,0,1,0,1,0,1,0.967741935483871,1.0,1.0,0.0,0.0,0.0,4,0,1
1801,53,20,33,19,11,4,19,14,0,1,9,0,0,0,0,0,9,0,1,0,0,0,0,1.0,1.0,1.0,0.0,0.0,0.0,4,0,0
1802,53,20,33,19,11,4,19,14,0,1,9,0,0,0,0,0,9,0,1,0,0,0,0,1.0,1.0,1.0,0.0,0.0,0.0,4,0,0
1803,52,20,32,18,11,4,19,14,0,1,9,0,0,0,0,0,9,0,1,0,1,0,1,0.9666666666666667,1.0,1.0,0.0,0.0,0.0,4,0,1
1804,52,20,32,18,11,4,19,14,0,1,9,0,0,0,0,0,9,0,1,0,0,0,0,1.0,1.0,1.0,0.0,0.0,0.0,4,0,0
1805,52,20,32,18,11,4,19,14,0,0,9,0,0,0,0,0,9,0,1,0,0,0,0,1.0,1.0,1.0,0.0,0.0,0.0,4,0,0
1806,52,20,32,18,11,4,19,14,0,0,9,0,0,0,0,0,9,0,1,0,0,0,0,1.0,1.0,1.0,0.0,0.0,0.0,4,0,0
1807,52,20,32,18,11,4,19,14,0,0,9,0,0,0,0,0,9,0,1,0,0,0,0,1.0,1.0,1.0,0.0,0.0,0.0,4,0,0
1808,52,20,32,18,11,4,19,14,0,0,9,0,0,0,0,0,9,0,1,0,0,0,0,1.0,1.0,1.0,0.0,0.0,0.0,4,0,0
1809,52,20,32,18,11,4,19,14,0,0,9,0,0,0,0,0,9,0,1,0,0,0,0,1.0,1.0,1.0,0.0,0.0,0.0,4,0,0
1810,52,20,32,18,11,4,19,14,0,0,9,0,0,0,0,0,9,0,1,0,0,0,0,1.0,1.0,1.0,0.0,0.0,0.0,4,0,0
1811,51,20,31,17,11,4,19,14,0,0,9,0,0,0,0,0,9,0,1,0,1,0,1,0.9655172413793104,1.0,1.0,0.0,0.0,0.0,4,0,1
1812,50,20,30,16,11,4,19,14,0,0,9,0,0,0,0,0,9,0,1,0,1,0,1,0.9642857142857143,1.0,1.0,0.0,0.0,0.0,4,0,1
1813,50,20,30,16,11,4,19,14,0,0,9,0,0,0,0,0,9,0,1,0,0,0,0,1.0,1.0,1.0,0.0,0.0,0.0,4,0,0
1814,50,20,30,16,11,4,19,14,0,0,9,0,0,0,0,0,9,0,1,0,0,0,0,1.0,1.0,1.0,0.0,0.0,0.0,4,0,0
1815,50,20,30,16,11,4,19,14,0,0,9,0,0,0,0,0,9,0,1,0,0,0,0,1.0,1.0,1.0,0.0,0.0,0.0,4,0,0
1816,50,20,30,16,11,4,19,14,0,0,9,0,0,0,0,0,9,0,1,0,0,0,0,1.0,1.0,1.0,0.0,0.0,0.0,4,0,0
1817,49,20,29,15,11,4,19,14,0,0,9,0,0,0,0,0,9,0,1,0,1,0,1,0.962962962962963,1.0,1.0,0.0,0.0,0.0,4,0,1
1818,48,20,28,15,10,4,19,14,0,0,9,0,0,0,0,0,9,0,1,0,1,0,1,0.9615384615384616,1.0,1.0,0.0,0.0,0.0,4,0,1
1819,48,20,28,13,12,4,19,14,0,0,9,0,0,0,0,0,9,0,1,0,0,0,0,1.0,1.0,1.0,0.0,0.0,0.0,4,0,0
1820,48,20,28,12,13,4,19,14,0,0,9,0,0,0,0,0,9,0,1,0,0,0,0,1.0,1.0,1.0,0.0,0.0,0.0,4,0,0
1821,48,20,28,8,17,4,19,14,0,0,8,0,0,0,0,0,9,0,1,0,0,0,0,1.0,1.0,1.0,0.0,0.0,0.0,4,0,0
1822,48,20,28,6,19,4,19,14,0,0,7,0,0,0,0,0,9,0,1,0,0,0,0,1.0,1.0,1.0,0.0,0.0,0.0,4,0,0
1823,48,20,28,6,19,4,19,14,0,0,5,0,0,0,0,0,9,0,1,0,0,0,0,1.0,1.0,1.0,0.0,0.0,0.0,4,0,0
1824,48,20,28,6,19,3,20,15,0,0,3,0,0,0,0,0,9,0,1,0,0,0,0,1.0,1.0,1.0,0.0,0.0,0.0,4,0,0
1825,48,20,28,4,21,3,20,15,0,0,3,0,0,0,0,0,9,0,1,0,0,0,0,1.0,1.0,1.0,0.0,0.0,0.0,4,0,0
1826,48,20,28,2,23,3,20,15,0,0,3,0,0,0,0,0,9,0,1,0,0,0,0,1.0,1.0,1.0,0.0,0.0,0.0,4,0,0
1827,48,20,28,2,23,3,20,15,0,0,2,0,0,0,0,0,9,0,1,0,0,0,0,1.0,1.0,1.0,0.0,0.0,0.0,4,0,0
1828,48,20,28,0,25,3,20,15,0,0,1,0,0,0,0,0,9,0,1,0,0,0,0,1.0,1.0,1.0,0.0,0.0,0.0,4,0,0
1829,47,19,28,0,24,3,20,15,0,0,1,0,0,0,0,0,9,0,1,0,1,0,1,0.96,1.0,1.0,0.0,0.0,0.0,4,0,1
1830,47,19,28,0,24,3,20,15,0,0,0,0,0,0,0,0,9,0,1,0,0,0,0,1.0,1.0,1.0,0.0,0.0,0.0,4,0,0
1831,47,19,28,0,24,3,20,15,0,0,0,0,0,0,0,0,9,0,1,0,0,0,0,1.0,1.0,1.0,0.0,0.0,0.0,4,0,0
1832,47,19,28,0,24,3,20,15,0,0,0,0,0,0,0,0,9,0,1,0,0,0,0,1.0,1.0,1.0,0.0,0.0,0.0,4,0,0
1833,47,19,28,0,24,3,20,15,0,0,0,0,0,0,0,0,9,0,1,0,0,0,0,1.0,1.0,1.0,0.0,0.0,0.0,4,0,0
1834,47,19,28,0,24,3,20,15,0,0,0,0,0,0,0,0,9,0,1,0,0,0,0,1.0,1.0,1.0,0.0,0.0,0.0,4,0,0
1835,47,19,28,0,24,3,20,15,0,0,0,0,0,0,0,0,9,0,1,0,0,0,0,1.0,1.0,1.0,0.0,0.0,0.0,4,0,0
1836,47,19,28,0,24,3,20,15,0,0,0,0,0,0,0,0,9,0,1,0,0,0,0,1.0,1.0,1.0,0.0,0.0,0.0,4,0,0
1837,47,19,28,0,24,3,20,15,0,0,0,0,0,0,0,0,9,0,1,0,0,0,0,1.0,1.0,1.0,0.0,0.0,0.0,4,0,0
1838,47,19,28,0,24,3,20,15,0,0,0,0,0,0,0,0,9,0,1,0,0,0,0,1.0,1.0,1.0,0.0,0.0,0.0,4,0,0
1839,47,19,28,0,24,3,20,15,0,0,0,0,0,0,0,0,9,0,1,0,0,0,0,1.0,1.0,1.0,0.0,0.0,0.0,4,0,0
1840,47,19,28,0,24,3,20,15,0,0,0,0,0,0,0,0,9,0,1,0,0,0,0,1.0,1.0,1.0,0.0,0.0,0.0,4,0,0
1841,47,19,28,0,24,3,20,15,0,0,0,0,0,0,0,0,9,0,1,0,0,0,0,1.0,1.0,1.0,0.0,0.0,0.0,4,0,0
1842,47,19,28,0,24,3,20,15,0,0,0,0,0,0,0,0,9,0,1,0,0,0,0,1.0,1.0,1.0,0.0,0.0,0.0,4,0,0
1843,47,19,28,0,24,3,20,15,0,0,0,0,0,0,0,0,9,0,1,0,0,0,0,1.0,1.0,1.0,0.0,0.0,0.0,4,0,0
1844,47,19,28,0,24,2,21,16,0,0,0,0,0,0,0,0,9,0,1,0,0,0,0,1.0,1.0,1.0,0.0,0.0,0.0,4,0,0
1845,46,19,27,0,23,2,21,16,0,0,0,0,0,0,0,0,9,0,1,0,1,0,1,0.9583333333333334,1.0,1.0,0.0,0.0,0.0,4,0,1
1846,46,19,27,0,23,2,21,16,0,0,0,0,0,0,0,0,9,0,1,0,0,2,0,1.0,1.0,1.0,0.0,0.0,0.0,4,0,0
1847,45,18,27,0,22,2,21,16,0,0,0,0,0,0,0,0,9,0,1,0,1,0,1,0.9565217391304348,1.0,1.0,0.0,0.0,0.0,4,0,1
1848,45,18,27,0,22,2,21,16,0,0,0,0,0,0,0,0,9,0,1,0,0,0,0,1.0,1.0,1.0,0.0,0.0,0.0,4,0,0
1849,45,18,27,0,22,2,21,16,0,0,0,0,0,0,0,0,9,0,1,0,0,0,0,1.0,1.0,1.0,0.0,0.0,0.0,4,0,0
1850,45,18,27,0,20,4,21,16,0,0,0,0,0,0,0,0,9,0,1,0,0,0,0,1.0,1.0,1.0,0.0,0.0,0.0,4,0,0
1851,45,18,27,0,20,4,21,16,0,0,0,0,0,0,0,0,9,0,1,0,0,0,0,1.0,1.0,1.0,0.0,0.0,0.0,4,0,0
1852,45,18,27,0,20,4,21,16,0,0,0,0,0,0,0,0,9,0,1,0,0,1,0,1.0,1.0,1.0,0.0,0.0,0.0,4,0,0
1853,45,18,27,0,20,4,21,16,0,0,0,0,0,0,0,0,9,0,1,0,0,0,0,1.0,1.0,1.0,0.0,0.0,0.0,4,0,0
1854,45,18,27,0,20,4,21,16,0,0,0,0,0,0,0,0,9,0,1,0,0,0,0,1.0,1.0,1.0,0.0,0.0,0.0,4,0,0
1855,45,18,27,0,20,4,21,16,4,1,0,0,0,0,0,0,18,4,1,0,0,0,0,1.0,1.0,1.0,0.0,0.0,0.2222222222222222,4,0,0
1856,45,18,27,0,19,5,21,16,10,2,0,0,0,0,0,0,25,6,1,0,0,0,0,1.0,1.0,1.0,0.0,0.0,0.24,4,0,0
1857,45,18,27,0,19,5,21,16,11,2,0,0,0,0,0,0,5,1,0,0,0,0,0,1.0,1.0,1.0,0.0,0.0,0.2,4,0,0
1858,45,18,27,0,19,5,21,16,12,2,0,0,0,0,0,0,7,1,0,0,0,0,0,1.0,1.0,1.0,0.0,0.0,0.14285714285714285,4,0,0
1859,45,18,27,0,19,5,21,16,12,3,0,0,0,0,0,0,3,0,1,0,0,0,0,1.0,1.0,1.0,0.0,0.0,0.0,4,0,0
1860,45,18,27,0,19,5,21,16,12,3,0,0,0,0,0,0,0,0,0,0,0,0,0,1.0,1.0,1.0,0.0,0.0,0.0,4,0,0
1861,45,18,27,0,19,5,21,16,12,3,0,0,0,0,0,0,0,0,0,0,0,0,0,1.0,1.0,1.0,0.0,0.0,0.0,4,0,0
1862,45,18,27,0,19,5,21,16,12,3,0,0,0,0,0,0,0,0,0,0,0,0,0,1.0,1.0,1.0,0.0,0.0,0.0,4,0,0
1863,45,18,27,0,19,5,21,16,12,3,0,0,0,0,0,0,0,0,0,0,0,0,0,1.0,1.0,1.0,0.0,0.0,0.0,4,0,0
1864,45,18,27,0,19,5,21,16,12,3,0,0,0,0,0,0,0,0,0,0,0,0,0,1.0,1.0,1.0,0.0,0.0,0.0,4,0,0
1865,45,18,27,0,19,5,21,16,12,3,0,0,0,0,0,0,0,0,0,0,0,1,0,1.0,1.0,1.0,0.0,0.0,0.0,4,0,0
1866,45,18,27,0,19,5,21,16,12,3,0,0,0,0,0,0,0,0,0,0,0,0,0,1.0,1.0,1.0,0.0,0.0,0.0,4,0,0
1867,45,18,27,0,19,5,21,16,12,3,0,0,0,0,0,0,0,0,0,0,0,0,0,1.0,1.0,1.0,0.0,0.0,0.0,4,0,0
1868,45,18,27,0,19,5,21,16,13,3,0,0,0,0,0,0,5,1,0,0,0,0,0,1.0,1.0,1.0,0.0,0.0,0.2,4,0,0
1869,45,18,27,0,18,6,21,16,13,3,0,0,0,0,0,0,0,0,0,0,0,0,0,1.0,1.0,1.0,0.0,0.0,0.0,4,0,0
1870,45,18,27,0,18,6,21,16,13,3,0,0,0,0,0,0,0,0,0,0,0,0,0,1.0,1.0,1.0,0.0,0.0,0.0,4,0,0
1871,45,18,27,0,18,6,21,16,13,3,0,0,0,0,0,0,0,0,0,0,0,0,0,1.0,1.0,1.0,0.0,0.0,0.0,4,0,0
1872,45,18,27,0,18,6,21,16,13,3,0,0,0,0,0,0,0,0,0,0,0,0,0,1.0,1.0,1.0,0.0,0.0,0.0,4,0,0
1873,45,18,27,0,18,6,21,16,13,3,0,0,0,0,0,0,0,0,0,0,0,0,0,1.0,1.0,1.0,0.0,0.0,0.0,4,0,0
1874,44,18,26,0,17,6,21,16,13,3,0,0,0,0,0,0,0,0,0,0,1,0,1,0.9444444444444444,1.0,1.0,0.0,0.0,0.0,4,0,1
1875,43,17,26,0,16,6,21,16,13,3,0,0,0,0,0,0,0,0,0,0,1,0,1,0.9411764705882353,1.0,1.0,0.0,0.0,0.0,4,0,1
1876,43,17,26,0,16,6,21,16,13,3,0,0,0,0,0,0,0,0,0,0,0,0,0,1.0,1.0,1.0,0.0,0.0,0.0,4,0,0
1877,43,17,26,0,16,6,21,16,13,3,0,0,0,0,0,0,0,0,0,0,0,0,0,1.0,1.0,1.0,0.0,0.0,0.0,4,0,0
1878,43,17,26,0,16,6,21,16,13,3,0,0,0,0,0,0,0,0,0,0,0,0,0,1.0,1.0,1.0,0.0,0.0,0.0,4,0,0
1879,42,16,26,0,15,6,21,16,13,3,0,0,0,0,0,0,0,0,0,0,1,0,1,0.9375,1.0,1.0,0.0,0.0,0.0,4,0,1
1880,42,16,26,0,15,6,21,16,13,3,0,0,0,0,0,0,0,0,0,0,0,0,0,1.0,1.0,1.0,0.0,0.0,0.0,4,0,0
1881,42,16,26,0,15,6,21,16,13,3,0,0,0,0,0,0,0,0,0,0,0,0,0,1.0,1.0,1.0,0.0,0.0,0.0,4,0,0
1882,42,16,26,0,15,6,21,16,13,3,0,0,0,0,0,0,0,0,0,0,0,0,0,1.0,1.0,1.0,0.0,0.0,0.0,4,0,0
1883,42,16,26,0,15,6,21,16,13,3,0,0,0,0,0,0,0,0,0,0,0,0,0,1.0,1.0,1.0,0.0,0.0,0.0,4,0,0
1884,42,16,26,0,15,6,21,16,13,3,0,0,0,0,0,0,0,0,0,0,0,0,0,1.0,1.0,1.0,0.0,0.0,0.0,4,0,0
1885,42,16,26,0,15,6,21,16,13,3,0,0,0,0,0,0,0,0,0,0,0,0,0,1.0,1.0,1.0,0.0,0.0,0.0,4,0,0
1886,42,16,26,0,15,6,21,16,13,3,0,0,0,0,0,0,0,0,0,0,0,0,0,1.0,1.0,1.0,0.0,0.0,0.0,4,0,0
1887,42,16,26,0,15,6,21,16,13,3,0,0,0,0,0,0,0,0,0,0,0,0,0,1.0,1.0,1.0,0.0,0.0,0.0,4,0,0
1888,42,16,26,0,15,6,21,16,13,3,0,0,0,0,0,0,0,0,0,0,0,0,0,1.0,1.0,1.0,0.0,0.0,0.0,4,0,0
1889,42,16,26,0,15,6,21,16,13,3,0,0,0,0,0,0,0,0,0,0,0,0,0,1.0,1.0,1.0,0.0,0.0,0.0,4,0,0
1890,42,16,26,0,15,6,21,16,13,3,0,0,0,0,0,0,0,0,0,0,0,0,0,1.0,1.0,1.0,0.0,0.0,0.0,4,0,0
1891,42,16,26,0,15,6,21,16,13,3,0,0,0,0,0,0,0,0,0,0,0,0,0,1.0,1.0,1.0,0.0,0.0,0.0,4,0,0
1892,42,16,26,0,15,6,21,16,13,3,0,0,0,0,0,0,0,0,0,0,0,0,0,1.0,1.0,1.0,0.0,0.0,0.0,4,0,0
1893,42,16,26,0,15,6,21,16,13,3,0,0,0,0,0,0,0,0,0,0,0,0,0,1.0,1.0,1.0,0.0,0.0,0.0,4,0,0
1894,42,16,26,0,15,6,21,16,13,3,0,0,0,0,0,0,0,0,0,0,0,2,0,1.0,1.0,1.0,0.0,0.0,0.0,4,0,0
1895,42,16,26,0,15,6,21,16,13,3,0,0,0,0,0,0,0,0,0,0,0,0,0,1.0,1.0,1.0,0.0,0.0,0.0,4,0,0
1896,42,16,26,0,15,6,21,16,13,3,0,0,0,0,0,0,0,0,0,0,0,0,0,1.0,1.0,1.0,0.0,0.0,0.0,4,0,0
1897,41,15,26,0,14,6,21,16,13,3,0,0,0,0,0,0,0,0,0,0,1,0,1,0.9333333333333333,1.0,1.0,0.0,0.0,0.0,4,0,1
1898,41,15,26,0,12,8,21,16,13,3,0,0,0,0,0,0,0,0,0,0,0,0,0,1.0,1.0,1.0,0.0,0.0,0.0,4,0,0
1899,41,15,26,0,12,8,21,16,13,3,0,0,0,0,0,0,0,0,0,0,0,0,0,1.0,1.0,1.0,0.0,0.0,0.0,4,0,0
1900,41,15,26,0,12,8,21,16,13,2,0,0,0,0,0,0,0,0,0,0,0,0,0,1.0,1.0,1.0,0.0,0.0,0.0,4,0,0
1901,41,15,26,0,12,8,21,16,14,1,0,0,0,0,0,0,4,1,0,0,0,0,0,1.0,1.0,1.0,0.0,0.0,0.25,4,0,0
1902,41,15,26,0,12,8,21,16,15,1,0,0,0,0,0,0,1,1,0,0,0,0,0,1.0,1.0,1.0,0.0,0.0,1.0,4,0,0
1903,41,15,26,0,12,8,21,16,15,1,0,0,0,0,0,0,0,0,0,0,0,0,0,1.0,1.0,1.0,0.0,0.0,0.0,4,0,0
1904,41,15,26,0,12,8,21,16,15,0,0,0,0,0,0,0,0,0,0,0,0,0,0,1.0,1.0,1.0,0.0,0.0,0.0,4,0,0
1905,41,15,26,0,12,8,21,16,16,0,0,0,0,0,0,0,5,1,0,0,0,0,0,1.0,1.0,1.0,0.0,0.0,0.2,4,0,0
1906,40,15,25,0,11,8,21,16,16,0,0,0,0,0,0,0,0,0,0,0,1,0,1,0.9166666666666666,1.0,1.0,0.0,0.0,0.0,4,0,1
1907,40,15,25,0,11,7,22,17,16,1,0,0,0,0,0,0,3,0,1,0,0,0,0,1.0,1.0,1.0,0.0,0.0,0.0,4,0,0
1908,40,15,25,0,11,7,22,17,16,1,0,0,0,0,0,0,0,0,0,0,0,0,0,1.0,1.0,1.0,0.0,0.0,0.0,4,0,0
1909,40,15,25,0,11,7,22,17,16,1,0,0,0,0,0,0,0,0,0,0,0,0,0,1.0,1.0,1.0,0.0,0.0,0.0,4,0,0
1910,40,15,25,0,11,7,22,17,16,1,0,0,0,0,0,0,0,0,0,0,0,0,0,1.0,1.0,1.0,0.0,0.0,0.0,4,0,0
1911,40,15,25,0,11,7,22,17,16,1,0,0,0,0,0,0,0,0,0,0,0,0,0,1.0,1.0,1.0,0.0,0.0,0.0,4,0,0
1912,40,15,25,0,11,7,22,17,16,1,0,0,0,0,0,0,0,0,0,0,0,0,0,1.0,1.0,1.0,0.0,0.0,0.0,4,0,0
1913,40,15,25,0,11,7,22,17,16,1,0,0,0,0,0,0,0,0,0,0,0,0,0,1.0,1.0,1.0,0.0,0.0,0.0,4,0,0
1914,40,15,25,0,11,7,22,17,16,1,0,0,0,0,0,0,0,0,0,0,0,0,0,1.0,1.0,1.0,0.0,0.0,0.0,4,0,0
1915,38,15,23,0,9,7,22,17,16,1,0,0,0,0,0,0,0,0,0,0,2,0,2,0.8181818181818181,1.0,1.0,0.0,0.0,0.0,4,0,2
1916,38,15,23,0,9,7,22,17,16,1,0,0,0,0,0,0,0,0,0,0,0,0,0,1.0,1.0,1.0,0.0,0.0,0.0,4,0,0
1917,38,15,23,0,9,7,22,17,16,1,0,0,0,0,0,0,0,0,0,0,0,1,0,1.0,1.0,1.0,0.0,0.0,0.0,4,0,0
1918,38,15,23,0,9,7,22,17,16,1,0,0,0,0,0,0,0,0,0,0,0,0,0,1.0,1.0,1.0,0.0,0.0,0.0,4,0,0
1919,38,15,23,0,9,7,22,17,16,1,0,0,0,0,0,0,0,0,0,0,0,0,0,1.0,1.0,1.0,0.0,0.0,0.0,4,0,0
1920,53,21,32,15,9,7,22,17,12,1,4,0,0,0,0,0,0,0,0,4,0,0,0,1.0,1.0,1.0,0.39473684210526316,0.39473684210526316,0.0,4,15,0
1921,74,28,46,36,8,8,22,17,6,1,10,0,0,0,0,0,0,0,0,6,1,0,1,0.9565217391304348,1.0,1.0,0.41509433962264153,0.41509433962264153,0.0,4,22,1
1922,76,29,47,39,7,8,22,17,5,1,11,0,0,0,0,0,0,0,0,1,2,0,2,0.9545454545454546,1.0,1.0,0.05405405405405406,0.05405405405405406,0.0,4,4,2
1923,72,27,45,35,7,8,22,17,4,1,12,0,0,0,0,0,0,0,0,1,8,0,8,0.8260869565217391,1.0,1.0,0.05263157894736842,0.05263157894736842,0.0,4,4,8
1924,70,26,44,34,6,8,22,17,4,1,12,0,0,0,0,0,0,0,0,0,2,0,2,0.9523809523809523,1.0,1.0,0.0,0.0,0.0,4,0,2
1925,67,25,42,33,5,7,22,17,4,1,12,0,0,0,0,0,0,0,0,0,2,0,2,0.95,1.0,1.0,0.0,0.0,0.0,4,0,3
1926,65,23,42,32,4,7,22,17,4,1,12,0,0,0,0,0,0,0,0,0,2,0,2,0.9473684210526316,1.0,1.0,0.0,0.0,0.0,4,0,2
1927,65,23,42,32,4,7,22,17,4,1,12,0,0,0,0,0,0,0,0,0,0,0,0,1.0,1.0,1.0,0.0,0.0,0.0,4,0,0
1928,64,22,42,31,4,7,22,17,4,1,12,0,0,0,0,0,0,0,0,0,1,0,1,0.9722222222222222,1.0,1.0,0.0,0.0,0.0,4,0,1
1929,63,22,41,30,4,7,22,17,4,1,12,0,0,0,0,0,0,0,0,0,1,0,1,0.9714285714285714,1.0,1.0,0.0,0.0,0.0,4,0,1
1930,63,22,41,30,4,7,22,17,4,1,12,0,0,0,0,0,0,0,0,0,0,0,0,1.0,1.0,1.0,0.0,0.0,0.0,4,0,0
1931,60,22,38,27,4,7,22,17,4,1,12,0,0,0,0,0,0,0,0,0,3,0,3,0.9117647058823529,1.0,1.0,0.0,0.0,0.0,4,0,3
1932,59,22,37,26,4,7,22,17,4,1,12,0,0,0,0,0,0,0,0,0,1,0,1,0.967741935483871,1.0,1.0,0.0,0.0,0.0,4,0,1
1933,62,26,36,29,4,7,22,17,3,1,13,0,0,0,0,0,0,0,0,1,1,0,1,0.9666666666666667,1.0,1.0,0.06779661016949153,0.06779661016949153,0.0,4,4,1
1934,62,26,36,29,4,7,22,17,3,1,13,0,0,0,0,0,0,0,0,0,0,0,0,1.0,1.0,1.0,0.0,0.0,0.0,4,0,0
1935,58,23,35,25,4,7,22,17,3,1,13,0,0,0,0,0,0,0,0,0,4,0,4,0.8787878787878788,1.0,1.0,0.0,0.0,0.0,4,0,4
1936,58,23,35,25,4,7,22,17,3,1,13,0,0,0,0,0,0,0,0,0,0,0,0,1.0,1.0,1.0,0.0,0.0,0.0,4,0,0
1937,57,23,34,24,4,6,23,18,4,1,13,0,0,0,0,0,6,1,0,0,1,0,1,0.9655172413793104,1.0,1.0,0.0,0.0,0.16666666666666666,4,0,1
1938,57,23,34,24,4,6,23,18,4,1,13,0,0,0,0,0,0,0,0,0,0,0,0,1.0,1.0,1.0,0.0,0.0,0.0,4,0,0
1939,57,23,34,24,4,6,23,18,4,1,13,0,0,0,0,0,0,0,0,0,0,0,0,1.0,1.0,1.0,0.0,0.0,0.0,4,0,0
1940,56,23,33,23,4,6,23,18,4,1,13,0,0,0,0,0,0,0,0,0,1,0,1,0.9642857142857143,1.0,1.0,0.0,0.0,0.0,4,0,1
1941,55,23,32,22,4,6,23,18,4,1,13,0,0,0,0,0,0,0,0,0,1,0,1,0.962962962962963,1.0,1.0,0.0,0.0,0.0,4,0,1
1942,55,23,32,22,4,6,23,18,4,1,13,0,0,0,0,0,0,0,0,0,0,0,0,1.0,1.0,1.0,0.0,0.0,0.0,4,0,0
1943,55,23,32,22,4,6,23,18,4,1,13,0,0,0,0,0,0,0,0,0,0,0,0,1.0,1.0,1.0,0.0,0.0,0.0,4,0,0
1944,55,23,32,22,4,6,23,18,4,1,13,0,0,0,0,0,0,0,0,0,0,0,0,1.0,1.0,1.0,0.0,0.0,0.0,4,0,0
1945,55,23,32,22,4,6,23,18,4,1,13,0,0,0,0,0,0,0,0,0,0,0,0,1.0,1.0,1.0,0.0,0.0,0.0,4,0,0
1946,54,22,32,21,4,6,23,18,4,1,13,0,0,0,0,0,0,0,0,0,1,0,1,0.9615384615384616,1.0,1.0,0.0,0.0,0.0,4,0,1
1947,54,22,32,21,4,6,23,18,4,1,13,0,0,0,0,0,0,0,0,0,0,0,0,1.0,1.0,1.0,0.0,0.0,0.0,4,0,0
1948,54,22,32,21,4,6,23,18,4,1,13,0,0,0,0,0,0,0,0,0,0,0,0,1.0,1.0,1.0,0.0,0.0,0.0,4,0,0
1949,54,22,32,21,4,6,23,18,4,1,13,0,0,0,0,0,0,0,0,0,0,0,0,1.0,1.0,1.0,0.0,0.0,0.0,4,0,0
1950,54,22,32,21,4,6,23,18,4,1,13,0,0,0,0,0,0,0,0,0,0,0,0,1.0,1.0,1.0,0.0,0.0,0.0,4,0,0
1951,54,22,32,21,4,6,23,18,4,1,13,0,0,0,0,0,0,0,0,0,0,0,0,1.0,1.0,1.0,0.0,0.0,0.0,4,0,0
1952,54,22,32,21,4,6,23,18,4,0,13,0,0,0,0,0,0,0,0,0,0,0,0,1.0,1.0,1.0,0.0,0.0,0.0,4,0,0
1953,54,22,32,21,4,6,23,18,4,0,13,0,0,0,0,0,2,0,0,0,0,0,0,1.0,1.0,1.0,0.0,0.0,0.0,4,0,0
1954,54,22,32,21,4,6,23,18,5,0,13,0,0,0,0,0,3,1,0,0,0,0,0,1.0,1.0,1.0,0.0,0.0,0.3333333333333333,4,0,0
1955,54,22,32,21,4,6,23,18,5,0,13,0,0,0,0,0,0,0,0,0,0,0,0,1.0,1.0,1.0,0.0,0.0,0.0,4,0,0
1956,54,22,32,21,4,6,23,18,5,0,13,0,0,0,0,0,0,0,0,0,0,0,0,1.0,1.0,1.0,0.0,0.0,0.0,4,0,0
1957,54,22,32,21,4,6,23,18,5,0,13,0,0,0,0,0,0,0,0,0,0,0,0,1.0,1.0,1.0,0.0,0.0,0.0,4,0,0
1958,54,22,32,21,4,6,23,18,5,0,13,0,0,0,0,0,0,0,0,0,0,1,0,1.0,1.0,1.0,0.0,0.0,0.0,4,0,0
1959,53,22,31,20,4,6,23,18,5,0,13,0,0,0,0,0,0,0,0,0,1,1,1,0.96,1.0,1.0,0.0,0.0,0.0,4,0,1
1960,53,22,31,20,4,6,23,18,5,0,13,0,0,0,0,0,0,0,0,0,0,0,0,1.0,1.0,1.0,0.0,0.0,0.0,4,0,0
1961,53,22,31,20,4,6,23,18,5,0,13,0,0,0,0,0,0,0,0,0,0,0,0,1.0,1.0,1.0,0.0,0.0,0.0,4,0,0
1962,53,22,31,20,3,7,23,18,5,0,13,0,0,0,0,0,0,0,0,0,0,1,0,1.0,1.0,1.0,0.0,0.0,0.0,4,0,0
1963,53,22,31,15,7,8,23,18,5,0,13,0,0,0,0,0,0,0,0,0,0,1,0,1.0,1.0,1.0,0.0,0.0,0.0,4,0,0
1964,53,22,31,6,16,8,23,18,5,0,13,0,0,0,0,0,0,0,0,0,0,0,0,1.0,1.0,1.0,0.0,0.0,0.0,4,0,0
1965,52,21,31,4,17,8,23,18,5,0,9,0,0,0,0,0,0,0,0,0,1,0,1,0.9545454545454546,1.0,1.0,0.0,0.0,0.0,4,0,1
1966,55,21,34,7,17,8,23,18,6,0,4,0,0,0,0,0,20,2,0,1,0,0,0,1.0,1.0,1.0,0.07692307692307693,0.07692307692307693,0.1,4,4,1
1967,59,24,35,11,16,9,23,18,8,1,4,0,0,0,0,0,18,3,1,1,0,0,0,1.0,1.0,1.0,0.07272727272727272,0.07272727272727272,0.16666666666666666,4,4,0
1968,59,24,35,11,16,9,23,18,9,2,3,0,0,0,0,0,10,1,1,0,0,0,0,1.0,1.0,1.0,0.0,0.0,0.1,4,0,0
1969,59,24,35,11,16,9,23,18,12,2,3,0,0,0,0,0,12,3,0,0,0,0,0,1.0,1.0,1.0,0.0,0.0,0.25,4,0,0
1970,61,26,35,13,16,9,23,18,11,2,4,0,0,0,0,0,3,0,0,1,2,0,2,0.9259259259259259,1.0,1.0,0.06779661016949153,0.06779661016949153,0.0,4,4,2
1971,60,26,34,13,15,9,23,18,12,2,4,0,0,0,0,0,4,1,0,0,1,0,1,0.9655172413793104,1.0,1.0,0.0,0.0,0.25,4,0,1
1972,58,25,33,11,15,9,23,18,12,2,4,0,0,0,0,0,0,0,0,0,2,0,2,0.9285714285714286,1.0,1.0,0.0,0.0,0.0,4,0,2
1973,57,25,32,11,14,9,23,18,12,2,4,0,0,0,0,0,0,0,0,0,1,0,1,0.9615384615384616,1.0,1.0,0.0,0.0,0.0,4,0,1
1974,57,25,32,11,14,9,23,18,12,2,4,0,0,0,0,0,0,0,0,0,0,0,0,1.0,1.0,1.0,0.0,0.0,0.0,4,0,0
1975,57,25,32,11,14,9,23,18,12,2,4,0,0,0,0,0,0,0,0,0,0,0,0,1.0,1.0,1.0,0.0,0.0,0.0,4,0,0
1976,57,25,32,9,16,9,23,18,12,2,4,0,0,0,0,0,0,0,0,0,0,0,0,1.0,1.0,1.0,0.0,0.0,0.0,4,0,0
1977,56,25,31,9,15,9,23,18,12,2,4,0,0,0,0,0,0,0,0,0,1,0,1,0.96,1.0,1.0,0.0,0.0,0.0,4,0,1
1978,55,25,30,8,15,9,23,18,12,2,3,0,0,0,0,0,0,0,0,0,1,0,1,0.9583333333333334,1.0,1.0,0.0,0.0,0.0,4,0,1
1979,55,25,30,8,15,9,23,18,13,2,3,0,0,0,0,0,1,1,0,0,0,0,0,1.0,1.0,1.0,0.0,0.0,1.0,4,0,0
1980,55,25,30,8,15,9,23,18,13,2,3,0,0,0,0,0,0,0,0,0,0,0,0,1.0,1.0,1.0,0.0,0.0,0.0,4,0,0
1981,53,24,29,8,15,8,22,18,13,2,3,0,0,0,0,0,0,0,0,0,0,0,0,1.0,0.8,1.0,0.0,0.0,0.0,4,0,2
1982,52,23,29,8,14,8,22,18,13,2,3,0,0,0,0,0,0,0,0,0,1,0,1,0.9565217391304348,1.0,1.0,0.0,0.0,0.0,4,0,1
1983,52,23,29,8,14,8,22,18,13,2,3,0,0,0,0,0,0,0,0,0,0,0,0,1.0,1.0,1.0,0.0,0.0,0.0,4,0,0
1984,51,22,29,7,14,8,22,18,13,2,3,0,0,0,0,0,0,0,0,0,1,0,1,0.9545454545454546,1.0,1.0,0.0,0.0,0.0,4,0,1
1985,49,22,27,7,13,7,22,17,12,2,3,0,0,0,0,0,0,0,0,0,1,0,1,0.9523809523809523,1.0,0.9444444444444444,0.0,0.0,0.0,4,0,2
1986,49,22,27,7,13,7,22,17,12,2,3,0,0,0,0,0,0,0,0,0,0,0,0,1.0,1.0,1.0,0.0,0.0,0.0,4,0,0
1987,48,22,26,7,13,7,21,16,11,2,3,0,0,0,0,0,0,0,0,0,0,0,0,1.0,1.0,0.9411764705882353,0.0,0.0,0.0,4,0,1
1988,48,22,26,7,13,7,21,16,11,2,3,0,0,0,0,0,0,0,0,0,0,0,0,1.0,1.0,1.0,0.0,0.0,0.0,4,0,0
1989,48,22,26,7,13,7,21,16,11,2,3,0,0,0,0,0,0,0,0,0,0,0,0,1.0,1.0,1.0,0.0,0.0,0.0,4,0,0
1990,48,22,26,7,13,7,21,16,11,2,3,0,0,0,0,0,0,0,0,0,0,0,0,1.0,1.0,1.0,0.0,0.0,0.0,4,0,0
1991,48,22,26,7,13,7,21,16,11,2,3,0,0,0,0,0,0,0,0,0,0,0,0,1.0,1.0,1.0,0.0,0.0,0.0,4,0,0
1992,48,22,26,7,13,7,21,16,11,2,3,0,0,0,0,0,0,0,0,0,0,0,0,1.0,1.0,1.0,0.0,0.0,0.0,4,0,0
1993,48,22,26,7,13,7,21,16,11,2,3,0,0,0,0,0,0,0,0,0,0,0,0,1.0,1.0,1.0,0.0,0.0,0.0,4,0,0
1994,47,22,25,7,12,7,21,16,11,2,3,0,0,0,0,0,0,0,0,0,1,0,1,0.95,1.0,1.0,0.0,0.0,0.0,4,0,1
1995,47,22,25,7,12,7,21,16,11,2,3,0,0,0,0,0,0,0,0,0,0,0,0,1.0,1.0,1.0,0.0,0.0,0.0,4,0,0
1996,47,22,25,7,12,7,21,16,11,2,3,0,0,0,0,0,0,0,0,0,0,0,0,1.0,1.0,1.0,0.0,0.0,0.0,4,0,0
1997,47,22,25,7,12,7,21,16,11,2,3,0,0,0,0,0,0,0,0,0,0,0,0,1.0,1.0,1.0,0.0,0.0,0.0,4,0,0
1998,47,22,25,7,12,7,21,16,11,2,3,0,0,0,0,0,0,0,0,0,0,0,0,1.0,1.0,1.0,0.0,0.0,0.0,4,0,0
1999,47,22,25,7,12,7,21,16,11,2,3,0,0,0,0,0,0,0,0,0,0,0,0,1.0,1.0,1.0,0.0,0.0,0.0,4,0,0
2000,47,22,25,7,12,7,21,16,11,2,3,0,0,0,0,0,0,0,0,0,0,0,0,1.0,1.0,1.0,0.0,0.0,0.0,4,0,0
2001,47,22,25,7,12,7,21,16,11,2,3,0,0,0,0,0,0,0,0,0,0,0,0,1.0,1.0,1.0,0.0,0.0,0.0,4,0,0
2002,51,23,28,11,12,6,22,17,11,2,4,0,0,0,0,0,7,1,0,1,0,0,0,1.0,1.0,1.0,0.0851063829787234,0.0851063829787234,0.14285714285714285,4,4,0
2003,51,23,28,11,12,6,22,17,11,2,4,0,0,0,0,0,0,0,0,0,0,0,0,1.0,1.0,1.0,0.0,0.0,0.0,4,0,0
2004,51,23,28,11,12,5,23,17,11,2,4,0,0,0,0,0,0,0,0,0,0,0,0,1.0,1.0,1.0,0.0,0.0,0.0,4,0,0
2005,51,23,28,11,12,5,23,17,11,2,4,0,0,0,0,0,0,0,0,0,0,0,0,1.0,1.0,1.0,0.0,0.0,0.0,4,0,0
2006,51,23,28,11,12,5,23,17,11,2,4,0,0,0,0,0,0,0,0,0,0,0,0,1.0,1.0,1.0,0.0,0.0,0.0,4,0,0
2007,51,23,28,11,12,5,23,17,11,2,4,0,0,0,0,0,0,0,0,0,0,0,0,1.0,1.0,1.0,0.0,0.0,0.0,4,0,0
2008,50,22,28,10,12,5,23,17,11,2,4,0,0,0,0,0,0,0,0,0,1,0,1,0.9565217391304348,1.0,1.0,0.0,0.0,0.0,4,0,1
2009,49,22,27,7,14,5,23,17,11,2,4,0,0,0,0,0,0,0,0,0,1,0,1,0.9545454545454546,1.0,1.0,0.0,0.0,0.0,4,0,1
2010,49,22,27,5,16,5,23,17,11,2,4,0,0,0,0,0,0,0,0,0,0,0,0,1.0,1.0,1.0,0.0,0.0,0.0,4,0,0
2011,49,22,27,5,16,5,23,17,11,2,3,0,0,0,0,0,0,0,0,0,0,0,0,1.0,1.0,1.0,0.0,0.0,0.0,4,0,0
2012,49,22,27,5,16,5,23,17,11,1,2,0,0,0,0,0,2,0,0,0,0,0,0,1.0,1.0,1.0,0.0,0.0,0.0,4,0,0
2013,49,22,27,4,17,5,23,17,13,0,2,0,0,0,0,0,13,2,0,0,0,0,0,1.0,1.0,1.0,0.0,0.0,0.15384615384615385,4,0,0
2014,49,22,27,4,17,5,23,17,14,0,2,0,0,0,0,0,8,1,0,0,0,0,0,1.0,1.0,1.0,0.0,0.0,0.125,4,0,0
2015,49,22,27,4,17,5,23,17,15,0,1,0,0,0,0,0,5,1,0,0,0,0,0,1.0,1.0,1.0,0.0,0.0,0.2,4,0,0
2016,49,22,27,4,17,5,23,17,16,0,1,0,0,0,0,0,1,1,0,0,0,0,0,1.0,1.0,1.0,0.0,0.0,1.0,4,0,0
2017,49,22,27,4,17,5,23,17,16,0,1,0,0,0,0,0,0,0,0,0,0,0,0,1.0,1.0,1.0,0.0,0.0,0.0,4,0,0
2018,49,22,27,4,17,5,23,17,16,0,1,0,0,0,0,0,0,0,0,0,0,0,0,1.0,1.0,1.0,0.0,0.0,0.0,4,0,0
2019,53,24,29,8,17,5,23,17,15,0,2,0,0,0,0,0,0,0,0,1,0,0,0,1.0,1.0,1.0,0.08163265306122448,0.08163265306122448,0.0,4,4,0
2020,51,23,28,8,15,5,23,17,15,0,2,0,0,0,0,0,0,0,0,0,2,0,2,0.92,1.0,1.0,0.0,0.0,0.0,4,0,2
2021,51,23,28,8,15,5,23,17,15,0,2,0,0,0,0,0,0,0,0,0,0,0,0,1.0,1.0,1.0,0.0,0.0,0.0,4,0,0
2022,51,23,28,8,15,5,23,17,15,0,2,0,0,0,0,0,0,0,0,0,0,0,0,1.0,1.0,1.0,0.0,0.0,0.0,4,0,0
2023,51,23,28,8,15,5,23,17,15,0,2,0,0,0,0,0,0,0,0,0,0,0,0,1.0,1.0,1.0,0.0,0.0,0.0,4,0,0
2024,51,23,28,8,15,5,23,17,15,0,2,0,0,0,0,0,0,0,0,0,0,0,0,1.0,1.0,1.0,0.0,0.0,0.0,4,0,0
2025,50,22,28,8,14,5,23,17,15,0,2,0,0,0,0,0,0,0,0,0,1,0,1,0.9565217391304348,1.0,1.0,0.0,0.0,0.0,4,0,1
2026,49,22,27,7,14,5,23,17,15,0,2,0,0,0,0,0,0,0,0,0,1,0,1,0.9545454545454546,1.0,1.0,0.0,0.0,0.0,4,0,1
2027,49,22,27,7,14,5,23,17,15,0,2,0,0,0,0,0,0,0,0,0,0,0,0,1.0,1.0,1.0,0.0,0.0,0.0,4,0,0
2028,49,22,27,7,14,5,23,17,15,0,2,0,0,0,0,0,0,0,0,0,0,0,0,1.0,1.0,1.0,0.0,0.0,0.0,4,0,0
2029,49,22,27,7,14,5,23,17,15,0,2,0,0,0,0,0,0,0,0,0,0,0,0,1.0,1.0,1.0,0.0,0.0,0.0,4,0,0
2030,49,22,27,7,14,5,23,17,15,0,2,0,0,0,0,0,0,0,0,0,0,0,0,1.0,1.0,1.0,0.0,0.0,0.0,4,0,0
2031,56,24,32,14,14,5,23,17,13,0,4,0,0,0,0,0,0,0,0,2,0,0,0,1.0,1.0,1.0,0.14285714285714285,0.14285714285714285,0.0,4,7,0
2032,64,28,36,22,14,5,23,17,11,0,6,0,0,0,0,0,0,0,0,2,0,0,0,1.0,1.0,1.0,0.14285714285714285,0.14285714285714285,0.0,4,8,0
2033,67,29,38,25,14,4,24,17,10,0,7,0,0,0,0,0,0,0,0,1,1,0,1,0.9722222222222222,1.0,1.0,0.0625,0.0625,0.0,4,4,1
2034,73,33,40,33,13,4,23,17,8,0,9,0,0,0,0,0,0,0,0,2,1,0,1,0.9743589743589743,0.8571428571428572,1.0,0.11940298507462686,0.11940298507462686,0.0,4,8,2
2035,66,29,37,27,12,4,23,17,8,0,9,0,0,0,0,0,0,0,0,0,7,0,7,0.8478260869565217,1.0,1.0,0.0,0.0,0.0,4,0,7
2036,65,30,35,27,11,4,23,17,7,0,10,0,0,0,0,0,0,0,0,1,5,0,5,0.8717948717948718,1.0,1.0,0.06060606060606061,0.06060606060606061,0.0,4,4,5
2037,62,28,34,24,11,4,23,17,7,0,10,0,0,0,0,0,0,0,0,0,3,0,3,0.9210526315789473,1.0,1.0,0.0,0.0,0.0,4,0,3
2038,60,26,34,22,11,4,23,17,7,0,10,0,0,0,0,0,0,0,0,0,2,0,2,0.9428571428571428,1.0,1.0,0.0,0.0,0.0,4,0,2
2039,59,26,33,22,10,4,23,17,7,0,10,0,0,0,0,0,0,0,0,0,1,0,1,0.9696969696969697,1.0,1.0,0.0,0.0,0.0,4,0,1
2040,59,26,33,22,10,4,23,17,7,0,10,0,0,0,0,0,0,0,0,0,0,0,0,1.0,1.0,1.0,0.0,0.0,0.0,4,0,0
2041,59,26,33,22,10,4,23,17,7,0,10,0,0,0,0,0,0,0,0,0,0,0,0,1.0,1.0,1.0,0.0,0.0,0.0,4,0,0
2042,57,25,32,21,9,4,23,17,7,0,10,0,0,0,0,0,0,0,0,0,2,0,2,0.9375,1.0,1.0,0.0,0.0,0.0,4,0,2
2043,57,25,32,21,9,4,23,17,7,0,10,0,0,0,0,0,0,0,0,0,0,0,0,1.0,1.0,1.0,0.0,0.0,0.0,4,0,0
2044,59,26,33,23,9,4,23,17,6,0,11,0,0,0,0,0,0,0,0,1,1,0,1,0.9666666666666667,1.0,1.0,0.05263157894736842,0.05263157894736842,0.0,4,3,1
2045,59,26,33,20,12,4,23,17,6,0,11,0,0,0,0,0,0,0,0,0,0,0,0,1.0,1.0,1.0,0.0,0.0,0.0,4,0,0
2046,59,26,33,20,12,4,23,17,6,0,11,0,0,0,0,0,0,0,0,0,0,0,0,1.0,1.0,1.0,0.0,0.0,0.0,4,0,0
2047,58,25,33,19,12,4,23,17,6,0,10,0,0,0,0,0,0,0,0,0,1,0,1,0.96875,1.0,1.0,0.0,0.0,0.0,4,0,1
2048,58,25,33,19,12,4,23,17,7,0,10,0,0,0,0,0,5,1,0,0,0,0,0,1.0,1.0,1.0,0.0,0.0,0.2,4,0,0
2049,57,24,33,18,12,4,23,17,7,0,10,0,0,0,0,0,0,0,0,0,1,0,1,0.967741935483871,1.0,1.0,0.0,0.0,0.0,4,0,1
2050,56,24,32,17,12,4,23,17,7,0,10,0,0,0,0,0,0,0,0,0,1,0,1,0.9666666666666667,1.0,1.0,0.0,0.0,0.0,4,0,1
2051,56,24,32,17,12,4,23,17,7,0,10,0,0,0,0,0,0,0,0,0,0,0,0,1.0,1.0,1.0,0.0,0.0,0.0,4,0,0
2052,55,23,32,16,12,4,23,17,7,0,10,0,0,0,0,0,0,0,0,0,1,0,1,0.9655172413793104,1.0,1.0,0.0,0.0,0.0,4,0,1
2053,55,23,32,16,12,4,23,17,7,0,10,0,0,0,0,0,0,0,0,0,0,0,0,1.0,1.0,1.0,0.0,0.0,0.0,4,0,0
2054,55,23,32,16,12,4,23,17,7,0,10,0,0,0,0,0,0,0,0,0,0,0,0,1.0,1.0,1.0,0.0,0.0,0.0,4,0,0
2055,55,23,32,16,12,4,23,17,7,0,10,0,0,0,0,0,0,0,0,0,0,0,0,1.0,1.0,1.0,0.0,0.0,0.0,4,0,0
2056,54,22,32,15,12,3,24,17,7,0,10,0,0,0,0,0,0,0,0,0,1,0,1,0.9642857142857143,1.0,1.0,0.0,0.0,0.0,4,0,1
2057,54,22,32,15,12,3,24,17,7,0,10,0,0,0,0,0,0,0,0,0,0,0,0,1.0,1.0,1.0,0.0,0.0,0.0,4,0,0
2058,54,22,32,15,12,3,24,17,7,0,10,0,0,0,0,0,0,0,0,0,0,0,0,1.0,1.0,1.0,0.0,0.0,0.0,4,0,0
2059,52,21,31,15,10,3,24,17,7,0,10,0,0,0,0,0,0,0,0,0,2,0,2,0.9259259259259259,1.0,1.0,0.0,0.0,0.0,4,0,2
2060,50,21,29,15,9,3,23,16,7,0,9,0,0,0,0,0,0,0,0,0,1,0,1,0.96,1.0,0.9411764705882353,0.0,0.0,0.0,4,0,2
2061,50,21,29,15,9,3,23,16,7,0,9,0,0,0,0,0,0,0,0,0,0,0,0,1.0,1.0,1.0,0.0,0.0,0.0,4,0,0
2062,50,21,29,13,11,3,23,16,7,0,9,0,0,0,0,0,0,0,0,0,0,0,0,1.0,1.0,1.0,0.0,0.0,0.0,4,0,0
2063,50,21,29,13,11,3,23,16,7,0,9,0,0,0,0,0,0,0,0,0,0,0,0,1.0,1.0,1.0,0.0,0.0,0.0,4,0,0
2064,50,21,29,13,11,3,23,16,7,0,8,0,0,0,0,0,0,0,0,0,0,0,0,1.0,1.0,1.0,0.0,0.0,0.0,4,0,0
2065,49,21,28,13,10,2,24,17,7,0,8,0,0,0,0,0,3,0,0,0,1,0,1,0.9583333333333334,1.0,1.0,0.0,0.0,0.0,4,0,1
2066,49,21,28,13,10,2,24,17,9,0,8,0,0,0,0,0,8,2,0,0,0,0,0,1.0,1.0,1.0,0.0,0.0,0.25,4,0,0
2067,53,22,31,17,10,2,24,17,8,0,9,0,0,0,0,0,0,0,0,1,0,0,0,1.0,1.0,1.0,0.08163265306122448,0.08163265306122448,0.0,4,4,0
2068,53,22,31,17,10,2,24,17,8,0,9,0,0,0,0,0,0,0,0,0,0,0,0,1.0,1.0,1.0,0.0,0.0,0.0,4,0,0
2069,53,22,31,17,10,2,24,17,8,0,9,0,0,0,0,0,0,0,0,0,0,0,0,1.0,1.0,1.0,0.0,0.0,0.0,4,0,0
2070,52,22,30,16,10,2,24,17,8,0,9,0,0,0,0,0,0,0,0,0,1,0,1,0.962962962962963,1.0,1.0,0.0,0.0,0.0,4,0,1
2071,52,22,30,16,10,2,24,17,8,0,9,0,0,0,0,0,0,0,0,0,0,0,0,1.0,1.0,1.0,0.0,0.0,0.0,4,0,0
2072,52,22,30,16,10,2,24,17,8,0,9,0,0,0,0,0,0,0,0,0,0,0,0,1.0,1.0,1.0,0.0,0.0,0.0,4,0,0
2073,52,22,30,16,10,2,24,17,8,0,9,0,0,0,0,0,0,0,0,0,0,0,0,1.0,1.0,1.0,0.0,0.0,0.0,4,0,0
2074,52,22,30,13,13,2,24,17,8,0,9,0,0,0,0,0,0,0,0,0,0,0,0,1.0,1.0,1.0,0.0,0.0,0.0,4,0,0
2075,51,21,30,12,13,2,24,17,8,0,9,0,0,0,0,0,0,0,0,0,1,0,1,0.9615384615384616,1.0,1.0,0.0,0.0,0.0,4,0,1
2076,51,21,30,11,14,2,24,17,8,0,8,0,0,0,0,0,0,0,0,0,0,0,0,1.0,1.0,1.0,0.0,0.0,0.0,4,0,0
2077,51,21,30,8,17,2,24,17,8,0,6,0,0,0,0,0,3,0,0,0,0,0,0,1.0,1.0,1.0,0.0,0.0,0.0,4,0,0
2078,58,26,32,15,17,2,24,17,9,0,7,0,0,0,0,0,22,3,0,2,0,0,0,1.0,1.0,1.0,0.13725490196078433,0.13725490196078433,0.13636363636363635,4,7,0
2079,61,29,32,16,19,2,24,17,8,0,6,0,0,0,0,0,1,0,0,1,1,0,1,0.96875,1.0,1.0,0.06896551724137931,0.06896551724137931,0.0,4,4,1
2080,65,31,34,20,19,2,24,17,9,0,7,0,0,0,0,0,18,2,0,1,0,0,0,1.0,1.0,1.0,0.06557377049180328,0.06557377049180328,0.1111111111111111,4,4,0
2081,66,32,34,22,18,2,24,17,9,0,7,0,0,0,0,0,3,1,0,1,2,0,2,0.9487179487179487,1.0,1.0,0.046153846153846156,0.046153846153846156,0.3333333333333333,4,3,2
2082,65,31,34,21,18,2,24,17,10,0,7,0,0,0,0,0,8,1,0,0,1,0,1,0.975,1.0,1.0,0.0,0.0,0.125,4,0,1
2083,65,31,34,21,18,2,24,17,10,0,7,0,0,0,0,0,0,0,0,0,0,0,0,1.0,1.0,1.0,0.0,0.0,0.0,4,0,0
2084,63,31,32,20,18,2,23,16,9,0,7,0,0,0,0,0,0,0,0,0,1,0,1,0.9743589743589743,1.0,0.9411764705882353,0.0,0.0,0.0,4,0,2
2085,62,31,31,20,17,2,23,16,9,0,7,0,0,0,0,0,0,0,0,0,1,0,1,0.9736842105263158,1.0,1.0,0.0,0.0,0.0,4,0,1
2086,62,31,31,20,17,2,23,16,9,0,7,0,0,0,0,0,0,0,0,0,0,0,0,1.0,1.0,1.0,0.0,0.0,0.0,4,0,0
2087,62,31,31,19,18,2,23,16,9,0,7,0,0,0,0,0,0,0,0,0,0,0,0,1.0,1.0,1.0,0.0,0.0,0.0,4,0,0
2088,60,31,29,18,17,2,23,16,9,0,7,0,0,0,0,0,0,0,0,0,2,0,2,0.9459459459459459,1.0,1.0,0.0,0.0,0.0,4,0,2
2089,60,31,29,18,17,2,23,16,9,0,6,0,0,0,0,0,0,0,0,0,0,0,0,1.0,1.0,1.0,0.0,0.0,0.0,4,0,0
2090,60,31,29,18,17,2,23,16,9,0,6,0,0,0,0,0,1,0,0,0,0,0,0,1.0,1.0,1.0,0.0,0.0,0.0,4,0,0
2091,58,30,28,16,17,2,23,16,10,0,6,0,0,0,0,0,5,1,0,0,2,0,2,0.9428571428571428,1.0,1.0,0.0,0.0,0.2,4,0,2
2092,56,29,27,15,16,2,23,16,10,0,6,0,0,0,0,0,0,0,0,0,2,0,2,0.9393939393939394,1.0,1.0,0.0,0.0,0.0,4,0,2
2093,56,29,27,15,16,2,23,16,10,0,6,0,0,0,0,0,0,0,0,0,0,0,0,1.0,1.0,1.0,0.0,0.0,0.0,4,0,0
2094,56,29,27,15,16,2,23,16,10,0,6,0,0,0,0,0,0,0,0,0,0,0,0,1.0,1.0,1.0,0.0,0.0,0.0,4,0,0
2095,55,29,26,14,16,2,23,16,10,0,6,0,0,0,0,0,0,0,0,0,1,0,1,0.967741935483871,1.0,1.0,0.0,0.0,0.0,4,0,1
2096,55,29,26,14,16,2,23,16,10,0,6,0,0,0,0,0,0,0,0,0,0,0,0,1.0,1.0,1.0,0.0,0.0,0.0,4,0,0
2097,55,29,26,14,16,1,24,16,10,0,6,0,0,0,0,0,0,0,0,0,0,0,0,1.0,1.0,1.0,0.0,0.0,0.0,4,0,0
2098,55,29,26,14,16,1,24,16,10,0,6,0,0,0,0,0,0,0,0,0,0,0,0,1.0,1.0,1.0,0.0,0.0,0.0,4,0,0
2099,52,27,25,14,14,1,23,15,9,0,6,0,0,0,0,0,0,0,0,0,2,0,2,0.9333333333333333,1.0,0.9375,0.0,0.0,0.0,4,0,3
2100,52,27,25,14,14,1,23,15,9,0,6,0,0,0,0,0,0,0,0,0,0,0,0,1.0,1.0,1.0,0.0,0.0,0.0,4,0,0
2101,51,27,24,14,13,0,24,15,9,0,6,0,0,0,0,0,0,0,0,0,1,0,1,0.9642857142857143,1.0,1.0,0.0,0.0,0.0,4,0,1
2102,51,27,24,14,13,0,24,15,9,0,6,0,0,0,0,0,0,0,0,0,0,0,0,1.0,1.0,1.0,0.0,0.0,0.0,4,0,0
2103,51,27,24,14,13,0,24,15,9,0,6,0,0,0,0,0,0,0,0,0,0,0,0,1.0,1.0,1.0,0.0,0.0,0.0,4,0,0
2104,50,26,24,13,13,0,24,15,9,0,6,0,0,0,0,0,0,0,0,0,1,0,1,0.962962962962963,1.0,1.0,0.0,0.0,0.0,4,0,1
2105,50,26,24,13,13,0,24,15,9,0,6,0,0,0,0,0,0,0,0,0,0,0,0,1.0,1.0,1.0,0.0,0.0,0.0,4,0,0
2106,49,25,24,13,13,0,23,15,9,0,6,0,0,0,0,0,0,0,0,0,0,0,0,1.0,0.8888888888888888,1.0,0.0,0.0,0.0,4,0,1
2107,49,25,24,13,13,0,23,15,9,0,6,0,0,0,0,0,0,0,0,0,0,0,0,1.0,1.0,1.0,0.0,0.0,0.0,4,0,0
2108,48,24,24,13,12,0,23,15,9,0,6,0,0,0,0,0,0,0,0,0,1,0,1,0.9615384615384616,1.0,1.0,0.0,0.0,0.0,4,0,1
2109,48,24,24,13,12,0,23,15,9,0,6,0,0,0,0,0,0,0,0,0,0,0,0,1.0,1.0,1.0,0.0,0.0,0.0,4,0,0
2110,48,24,24,12,13,0,23,15,9,0,6,0,0,0,0,0,0,0,0,0,0,0,0,1.0,1.0,1.0,0.0,0.0,0.0,4,0,0
2111,48,24,24,12,13,0,23,15,9,0,6,0,0,0,0,0,0,0,0,0,0,0,0,1.0,1.0,1.0,0.0,0.0,0.0,4,0,0
2112,48,24,24,12,13,0,23,15,9,0,5,0,0,0,0,0,0,0,0,0,0,0,0,1.0,1.0,1.0,0.0,0.0,0.0,4,0,0
2113,52,25,27,16,13,0,23,15,8,0,6,0,0,0,0,0,1,0,0,1,0,1,0,1.0,1.0,1.0,0.08333333333333333,0.08333333333333333,0.0,4,4,0
2114,52,25,27,16,13,0,23,15,9,0,6,0,0,0,0,0,7,1,0,0,0,0,0,1.0,1.0,1.0,0.0,0.0,0.14285714285714285,4,0,0
2115,52,25,27,16,13,0,23,15,9,0,6,0,0,0,0,0,0,0,0,0,0,0,0,1.0,1.0,1.0,0.0,0.0,0.0,4,0,0
2116,50,23,27,16,12,0,22,15,9,0,6,0,0,0,0,0,0,0,0,0,1,0,1,0.9655172413793104,0.875,1.0,0.0,0.0,0.0,4,0,2
2117,50,23,27,16,11,1,22,15,9,0,6,0,0,0,0,0,0,0,0,0,0,0,0,1.0,1.0,1.0,0.0,0.0,0.0,4,0,0
2118,50,23,27,16,11,1,22,15,9,0,6,0,0,0,0,0,0,0,0,0,0,0,0,1.0,1.0,1.0,0.0,0.0,0.0,4,0,0
2119,50,23,27,16,11,1,22,15,9,0,6,0,0,0,0,0,0,0,0,0,0,0,0,1.0,1.0,1.0,0.0,0.0,0.0,4,0,0
2120,50,23,27,16,11,1,22,15,9,0,6,0,0,0,0,0,0,0,0,0,0,0,0,1.0,1.0,1.0,0.0,0.0,0.0,4,0,0
2121,49,23,26,14,13,1,21,14,8,0,6,0,0,0,0,0,0,0,0,0,0,0,0,1.0,1.0,0.9333333333333333,0.0,0.0,0.0,4,0,1
2122,48,22,26,9,17,1,21,14,8,0,6,0,0,0,0,0,0,0,0,0,1,0,1,0.962962962962963,1.0,1.0,0.0,0.0,0.0,4,0,1
2123,47,21,26,6,19,1,21,14,8,0,4,0,0,0,0,0,0,0,0,0,1,0,1,0.9615384615384616,1.0,1.0,0.0,0.0,0.0,4,0,1
2124,47,21,26,3,22,1,21,14,9,0,3,0,0,0,0,0,11,1,0,0,0,0,0,1.0,1.0,1.0,0.0,0.0,0.09090909090909091,4,0,0
2125,46,20,26,3,21,1,21,14,9,0,2,0,0,0,0,0,3,0,0,0,1,0,1,0.96,1.0,1.0,0.0,0.0,0.0,4,0,1
2126,46,20,26,3,21,1,21,14,9,0,1,0,0,0,0,0,3,0,0,0,0,0,0,1.0,1.0,1.0,0.0,0.0,0.0,4,0,0
2127,46,20,26,3,21,1,21,14,9,0,1,0,0,0,0,0,3,0,0,0,0,0,0,1.0,1.0,1.0,0.0,0.0,0.0,4,0,0
2128,46,20,26,3,21,1,21,14,9,0,1,0,0,0,0,0,3,0,0,0,0,0,0,1.0,1.0,1.0,0.0,0.0,0.0,4,0,0
2129,46,20,26,3,21,1,21,14,9,0,1,0,0,0,0,0,3,0,0,0,0,0,0,1.0,1.0,1.0,0.0,0.0,0.0,4,0,0
2130,46,20,26,3,21,1,21,14,9,0,1,0,0,0,0,0,3,0,0,0,0,0,0,1.0,1.0,1.0,0.0,0.0,0.0,4,0,0
2131,50,21,29,7,21,1,21,14,8,0,2,0,0,0,0,0,3,0,0,1,0,0,0,1.0,1.0,1.0,0.08695652173913043,0.08695652173913043,0.0,4,4,0
2132,50,21,29,7,21,1,21,14,8,0,2,0,0,0,0,0,3,0,0,0,0,0,0,1.0,1.0,1.0,0.0,0.0,0.0,4,0,0
2133,49,20,29,7,20,1,21,14,8,0,2,0,0,0,0,0,3,0,0,0,1,0,1,0.9642857142857143,1.0,1.0,0.0,0.0,0.0,4,0,1
2134,49,20,29,7,20,1,21,14,8,0,2,0,0,0,0,0,3,0,0,0,0,0,0,1.0,1.0,1.0,0.0,0.0,0.0,4,0,0
2135,48,20,28,7,20,1,20,13,7,0,2,0,0,0,0,0,3,0,0,0,0,0,0,1.0,1.0,0.9285714285714286,0.0,0.0,0.0,4,0,1
2136,48,20,28,7,20,1,20,13,7,0,2,0,0,0,0,0,3,0,0,0,0,0,0,1.0,1.0,1.0,0.0,0.0,0.0,4,0,0
2137,48,20,28,7,20,1,20,13,7,0,2,0,0,0,0,0,3,0,0,0,0,0,0,1.0,1.0,1.0,0.0,0.0,0.0,4,0,0
2138,48,20,28,7,20,1,20,13,7,0,2,0,0,0,0,0,3,0,0,0,0,0,0,1.0,1.0,1.0,0.0,0.0,0.0,4,0,0
2139,48,20,28,7,20,1,20,13,7,0,2,0,0,0,0,0,3,0,0,0,0,0,0,1.0,1.0,1.0,0.0,0.0,0.0,4,0,0
2140,48,20,28,7,20,1,20,13,7,0,2,0,0,0,0,0,3,0,0,0,0,0,0,1.0,1.0,1.0,0.0,0.0,0.0,4,0,0
2141,48,20,28,7,20,1,20,13,7,0,2,0,0,0,0,0,3,0,0,0,0,0,0,1.0,1.0,1.0,0.0,0.0,0.0,4,0,0
2142,48,20,28,7,20,1,20,13,7,0,2,0,0,0,0,0,3,0,0,0,0,0,0,1.0,1.0,1.0,0.0,0.0,0.0,4,0,0
2143,51,21,30,10,20,1,20,13,6,0,3,0,0,0,0,0,3,0,0,1,0,0,0,1.0,1.0,1.0,0.0625,0.0625,0.0,4,3,0
2144,51,21,30,10,20,1,20,13,6,0,3,0,0,0,0,0,3,0,0,0,0,0,0,1.0,1.0,1.0,0.0,0.0,0.0,4,0,0
2145,59,28,31,18,20,1,20,13,4,0,5,0,0,0,0,0,3,0,0,2,0,0,0,1.0,1.0,1.0,0.1568627450980392,0.1568627450980392,0.0,4,8,0
2146,61,29,32,21,19,1,20,13,3,0,6,0,0,0,0,0,3,0,0,1,1,0,1,0.9736842105263158,1.0,1.0,0.05084745762711865,0.05084745762711865,0.0,4,3,1
2147,61,29,32,21,19,1,20,13,3,0,6,0,0,0,0,0,3,0,0,0,0,1,0,1.0,1.0,1.0,0.0,0.0,0.0,4,0,0
2148,60,29,31,21,18,1,20,13,3,0,6,0,0,0,0,0,3,0,0,0,1,0,1,0.975,1.0,1.0,0.0,0.0,0.0,4,0,1
2149,60,29,31,21,18,1,20,13,3,0,6,0,0,0,0,0,3,0,0,0,0,0,0,1.0,1.0,1.0,0.0,0.0,0.0,4,0,0
2150,60,29,31,21,18,1,20,13,3,0,6,0,0,0,0,0,3,0,0,0,0,1,0,1.0,1.0,1.0,0.0,0.0,0.0,4,0,0
2151,59,28,31,21,16,2,20,13,3,0,6,0,0,0,0,0,3,0,0,0,1,0,1,0.9736842105263158,1.0,1.0,0.0,0.0,0.0,4,0,1
2152,58,27,31,21,16,2,19,13,3,0,6,0,0,0,0,0,3,0,0,0,0,0,0,1.0,0.8571428571428572,1.0,0.0,0.0,0.0,4,0,1
2153,58,27,31,21,16,2,19,13,3,0,6,0,0,0,0,0,3,0,0,0,0,0,0,1.0,1.0,1.0,0.0,0.0,0.0,4,0,0
2154,57,26,31,21,15,3,18,13,3,0,6,0,0,0,0,0,3,0,0,0,0,0,0,1.0,0.8333333333333334,1.0,0.0,0.0,0.0,4,0,1
2155,57,26,31,21,15,3,18,13,3,0,6,0,0,0,0,0,3,0,0,0,0,0,0,1.0,1.0,1.0,0.0,0.0,0.0,4,0,0
2156,60,28,32,21,18,3,18,13,2,0,7,0,0,0,0,0,3,0,0,1,0,0,0,1.0,1.0,1.0,0.05263157894736842,0.05263157894736842,0.0,4,3,0
2157,60,28,32,21,18,3,18,13,2,0,7,0,0,0,0,0,3,0,0,0,0,0,0,1.0,1.0,1.0,0.0,0.0,0.0,4,0,0
2158,59,27,32,20,18,3,18,13,2,0,6,0,0,0,0,0,3,0,0,0,1,0,1,0.9743589743589743,1.0,1.0,0.0,0.0,0.0,4,0,1
2159,58,26,32,19,18,3,18,13,2,0,6,0,0,0,0,0,3,0,0,0,1,0,1,0.9736842105263158,1.0,1.0,0.0,0.0,0.0,4,0,1
2160,56,26,30,19,16,3,18,13,2,0,6,0,0,0,0,0,3,0,0,0,2,0,2,0.9459459459459459,1.0,1.0,0.0,0.0,0.0,4,0,2
2161,56,26,30,19,16,3,18,13,2,0,6,0,0,0,0,0,3,0,0,0,0,0,0,1.0,1.0,1.0,0.0,0.0,0.0,4,0,0
2162,55,25,30,18,16,3,18,13,2,0,6,0,0,0,0,0,3,0,0,0,1,0,1,0.9714285714285714,1.0,1.0,0.0,0.0,0.0,4,0,1
2163,54,24,30,18,15,3,18,13,2,0,6,0,0,0,0,0,3,0,0,0,1,0,1,0.9705882352941176,1.0,1.0,0.0,0.0,0.0,4,0,1
2164,52,23,29,18,14,3,17,12,2,0,6,0,0,0,0,0,3,0,0,0,1,0,1,0.9696969696969697,1.0,0.9230769230769231,0.0,0.0,0.0,4,0,2
2165,52,23,29,18,14,3,17,12,2,0,6,0,0,0,0,0,3,0,0,0,0,0,0,1.0,1.0,1.0,0.0,0.0,0.0,4,0,0
2166,52,23,29,18,14,3,17,12,2,0,6,0,0,0,0,0,3,0,0,0,0,0,0,1.0,1.0,1.0,0.0,0.0,0.0,4,0,0
2167,51,22,29,18,13,3,17,12,2,0,6,0,0,0,0,0,3,0,0,0,1,0,1,0.96875,1.0,1.0,0.0,0.0,0.0,4,0,1
2168,51,22,29,18,13,3,17,12,2,0,6,0,0,0,0,0,3,0,0,0,0,0,0,1.0,1.0,1.0,0.0,0.0,0.0,4,0,0
2169,50,22,28,17,13,3,17,12,2,0,6,0,0,0,0,0,3,0,0,0,1,0,1,0.967741935483871,1.0,1.0,0.0,0.0,0.0,4,0,1
2170,50,22,28,17,13,3,17,12,2,0,6,0,0,0,0,0,3,0,0,0,0,0,0,1.0,1.0,1.0,0.0,0.0,0.0,4,0,0
2171,50,22,28,17,13,3,17,12,2,0,6,0,0,0,0,0,3,0,0,0,0,0,0,1.0,1.0,1.0,0.0,0.0,0.0,4,0,0
2172,50,22,28,17,13,3,17,12,2,0,6,0,0,0,0,0,3,0,0,0,0,0,0,1.0,1.0,1.0,0.0,0.0,0.0,4,0,0
2173,50,22,28,17,13,3,17,12,2,0,6,0,0,0,0,0,3,0,0,0,0,0,0,1.0,1.0,1.0,0.0,0.0,0.0,4,0,0
2174,49,21,28,12,17,3,17,12,2,0,6,0,0,0,0,0,3,0,0,0,1,0,1,0.9666666666666667,1.0,1.0,0.0,0.0,0.0,4,0,1
2175,48,21,27,12,16,3,17,12,2,0,6,0,0,0,0,0,3,0,0,0,1,0,1,0.9655172413793104,1.0,1.0,0.0,0.0,0.0,4,0,1
2176,48,21,27,12,16,3,17,12,2,0,5,0,0,0,0,0,3,0,0,0,0,0,0,1.0,1.0,1.0,0.0,0.0,0.0,4,0,0
2177,48,21,27,12,16,3,17,12,2,0,5,0,0,0,0,0,3,0,0,0,0,0,0,1.0,1.0,1.0,0.0,0.0,0.0,4,0,0
2178,48,21,27,12,16,3,17,12,2,0,5,0,0,0,0,0,3,0,0,0,0,0,0,1.0,1.0,1.0,0.0,0.0,0.0,4,0,0
2179,52,22,30,16,16,3,17,12,1,0,6,0,0,0,0,0,3,0,0,1,0,0,0,1.0,1.0,1.0,0.08333333333333333,0.08333333333333333,0.0,4,4,0
2180,51,21,30,16,15,3,17,12,1,0,6,0,0,0,0,0,3,0,0,0,1,0,1,0.96875,1.0,1.0,0.0,0.0,0.0,4,0,1
2181,51,21,30,16,15,3,17,12,1,0,6,0,0,0,0,0,3,0,0,0,0,0,0,1.0,1.0,1.0,0.0,0.0,0.0,4,0,0
2182,51,21,30,16,15,3,17,12,1,0,6,0,0,0,0,0,3,0,0,0,0,0,0,1.0,1.0,1.0,0.0,0.0,0.0,4,0,0
2183,51,21,30,16,15,3,17,12,1,0,6,0,0,0,0,0,3,0,0,0,0,0,0,1.0,1.0,1.0,0.0,0.0,0.0,4,0,0
2184,51,21,30,16,15,3,17,12,1,0,6,0,0,0,0,0,3,0,0,0,0,0,0,1.0,1.0,1.0,0.0,0.0,0.0,4,0,0
2185,50,21,29,15,15,3,17,12,1,0,6,0,0,0,0,0,3,0,0,0,1,0,1,0.967741935483871,1.0,1.0,0.0,0.0,0.0,4,0,1
2186,49,21,28,13,17,3,16,11,1,0,5,0,0,0,0,0,3,0,0,0,0,0,0,1.0,1.0,0.9166666666666666,0.0,0.0,0.0,4,0,1
2187,49,21,28,13,17,3,16,11,1,0,5,0,0,0,0,0,3,0,0,0,0,0,0,1.0,1.0,1.0,0.0,0.0,0.0,4,0,0
2188,48,20,28,7,22,3,16,11,1,0,4,0,0,0,0,0,3,0,0,0,1,0,1,0.9666666666666667,1.0,1.0,0.0,0.0,0.0,4,0,1
2189,51,20,31,8,24,3,16,11,0,0,5,0,0,0,0,0,3,0,0,1,0,0,0,1.0,1.0,1.0,0.0625,0.0625,0.0,4,3,0
2190,51,20,31,8,24,3,16,11,0,0,3,0,0,0,0,0,3,0,0,0,0,0,0,1.0,1.0,1.0,0.0,0.0,0.0,4,0,0
2191,51,20,31,8,24,3,16,11,0,0,2,0,0,0,0,0,3,0,0,0,0,0,0,1.0,1.0,1.0,0.0,0.0,0.0,4,0,0
2192,51,20,31,8,24,3,16,11,0,0,2,0,0,0,0,0,3,0,0,0,0,0,0,1.0,1.0,1.0,0.0,0.0,0.0,4,0,0
2193,51,20,31,8,24,3,16,11,0,0,2,0,0,0,0,0,3,0,0,0,0,0,0,1.0,1.0,1.0,0.0,0.0,0.0,4,0,0
2194,51,20,31,8,24,3,16,11,0,0,2,0,0,0,0,0,3,0,0,0,0,0,0,1.0,1.0,1.0,0.0,0.0,0.0,4,0,0
2195,51,20,31,8,24,3,16,11,0,0,2,0,0,0,0,0,3,0,0,0,0,0,0,1.0,1.0,1.0,0.0,0.0,0.0,4,0,0
2196,51,20,31,8,24,3,16,11,0,0,2,0,0,0,0,0,3,0,0,0,0,0,0,1.0,1.0,1.0,0.0,0.0,0.0,4,0,0
2197,50,20,30,8,23,3,16,11,0,0,2,0,0,0,0,0,3,0,0,0,1,0,1,0.96875,1.0,1.0,0.0,0.0,0.0,4,0,1
2198,49,20,29,7,23,3,16,11,0,0,2,0,0,0,0,0,3,0,0,0,1,0,1,0.967741935483871,1.0,1.0,0.0,0.0,0.0,4,0,1
2199,49,20,29,6,24,3,16,11,0,0,2,0,0,0,0,0,3,0,0,0,0,0,0,1.0,1.0,1.0,0.0,0.0,0.0,4,0,0
2200,49,20,29,6,24,3,16,11,0,0,2,0,0,0,0,0,3,0,0,0,0,0,0,1.0,1.0,1.0,0.0,0.0,0.0,4,0,0
2201,49,20,29,6,24,3,16,11,0,0,1,0,0,0,0,0,3,0,0,0,0,0,0,1.0,1.0,1.0,0.0,0.0,0.0,4,0,0
2202,49,20,29,6,24,3,16,11,0,0,1,0,0,0,0,0,3,0,0,0,0,0,0,1.0,1.0,1.0,0.0,0.0,0.0,4,0,0
2203,48,20,28,5,24,3,16,11,0,0,1,0,0,0,0,0,3,0,0,0,1,0,1,0.9666666666666667,1.0,1.0,0.0,0.0,0.0,4,0,1
2204,48,20,28,5,24,3,16,11,0,0,1,0,0,0,0,0,3,0,0,0,0,0,0,1.0,1.0,1.0,0.0,0.0,0.0,4,0,0
2205,48,20,28,5,24,3,16,11,0,0,1,0,0,0,0,0,3,0,0,0,0,0,0,1.0,1.0,1.0,0.0,0.0,0.0,4,0,0
2206,48,20,28,5,24,3,16,11,0,0,1,0,0,0,0,0,3,0,0,0,0,0,0,1.0,1.0,1.0,0.0,0.0,0.0,4,0,0
2207,48,20,28,5,24,3,16,11,0,0,1,0,0,0,0,0,3,0,0,0,0,0,0,1.0,1.0,1.0,0.0,0.0,0.0,4,0,0
2208,48,20,28,5,24,3,16,11,0,0,1,0,0,0,0,0,3,0,0,0,0,0,0,1.0,1.0,1.0,0.0,0.0,0.0,4,0,0
2209,48,20,28,5,24,3,16,11,0,0,1,0,0,0,0,0,3,0,0,0,0,0,0,1.0,1.0,1.0,0.0,0.0,0.0,4,0,0
2210,48,20,28,5,24,3,16,11,0,0,1,0,0,0,0,0,3,0,0,0,0,0,0,1.0,1.0,1.0,0.0,0.0,0.0,4,0,0
2211,48,20,28,5,24,3,16,11,0,0,1,0,0,0,0,0,3,0,0,0,0,1,0,1.0,1.0,1.0,0.0,0.0,0.0,4,0,0
2212,48,20,28,5,24,3,16,11,0,0,1,0,0,0,0,0,3,0,0,0,0,0,0,1.0,1.0,1.0,0.0,0.0,0.0,4,0,0
2213,48,20,28,5,24,3,16,11,0,0,1,0,0,0,0,0,3,0,0,0,0,0,0,1.0,1.0,1.0,0.0,0.0,0.0,4,0,0
2214,47,20,27,5,23,3,16,11,0,0,1,0,0,0,0,0,3,0,0,0,1,0,1,0.9655172413793104,1.0,1.0,0.0,0.0,0.0,4,0,1
2215,45,19,26,5,20,4,16,11,0,0,1,0,0,0,0,0,3,0,0,0,2,0,2,0.9259259259259259,1.0,1.0,0.0,0.0,0.0,4,0,2
2216,45,19,26,5,20,4,16,11,0,0,1,0,0,0,0,0,3,0,0,0,0,2,0,1.0,1.0,1.0,0.0,0.0,0.0,4,0,0
2217,45,19,26,5,20,4,16,11,0,0,1,0,0,0,0,0,3,0,0,0,0,0,0,1.0,1.0,1.0,0.0,0.0,0.0,4,0,0
2218,45,19,26,5,20,4,16,11,0,0,1,0,0,0,0,0,3,0,0,0,0,0,0,1.0,1.0,1.0,0.0,0.0,0.0,4,0,0
2219,45,19,26,5,20,4,16,11,0,0,1,0,0,0,0,0,3,0,0,0,0,0,0,1.0,1.0,1.0,0.0,0.0,0.0,4,0,0
2220,45,19,26,5,18,6,16,11,6,0,1,0,0,0,0,0,27,6,0,0,0,0,0,1.0,1.0,1.0,0.0,0.0,0.2222222222222222,4,0,0
2221,45,19,26,5,18,6,16,11,9,0,1,0,0,0,0,0,11,3,0,0,0,0,0,1.0,1.0,1.0,0.0,0.0,0.2727272727272727,4,0,0
2222,45,19,26,2,21,6,16,11,10,0,1,0,0,0,0,0,3,1,0,0,0,0,0,1.0,1.0,1.0,0.0,0.0,0.3333333333333333,4,0,0
2223,45,19,26,2,21,6,16,11,10,0,1,0,0,0,0,0,0,0,0,0,0,0,0,1.0,1.0,1.0,0.0,0.0,0.0,4,0,0
2224,45,19,26,2,21,6,16,11,10,0,1,0,0,0,0,0,0,0,0,0,0,0,0,1.0,1.0,1.0,0.0,0.0,0.0,4,0,0
2225,45,19,26,2,21,6,16,11,10,0,1,0,0,0,0,0,0,0,0,0,0,0,0,1.0,1.0,1.0,0.0,0.0,0.0,4,0,0
2226,45,19,26,2,21,6,16,11,10,0,1,0,0,0,0,0,0,0,0,0,0,0,0,1.0,1.0,1.0,0.0,0.0,0.0,4,0,0
2227,45,19,26,2,21,6,16,11,10,0,1,0,0,0,0,0,0,0,0,0,0,0,0,1.0,1.0,1.0,0.0,0.0,0.0,4,0,0
2228,45,19,26,2,21,6,16,11,10,0,1,0,0,0,0,0,0,0,0,0,0,0,0,1.0,1.0,1.0,0.0,0.0,0.0,4,0,0
2229,45,19,26,2,21,6,16,11,10,0,1,0,0,0,0,0,0,0,0,0,0,0,0,1.0,1.0,1.0,0.0,0.0,0.0,4,0,0
2230,45,19,26,2,21,6,16,11,10,0,1,0,0,0,0,0,0,0,0,0,0,0,0,1.0,1.0,1.0,0.0,0.0,0.0,4,0,0
2231,44,19,25,2,20,6,16,11,10,0,1,0,0,0,0,0,0,0,0,0,1,0,1,0.9565217391304348,1.0,1.0,0.0,0.0,0.0,4,0,1
2232,44,19,25,0,22,6,16,11,10,0,1,0,0,0,0,0,0,0,0,0,0,0,0,1.0,1.0,1.0,0.0,0.0,0.0,4,0,0
2233,44,19,25,0,22,6,16,11,10,0,1,0,0,0,0,0,0,0,0,0,0,0,0,1.0,1.0,1.0,0.0,0.0,0.0,4,0,0
2234,44,19,25,0,22,6,16,11,10,0,0,0,0,0,0,0,0,0,0,0,0,0,0,1.0,1.0,1.0,0.0,0.0,0.0,4,0,0
2235,44,19,25,0,22,6,16,11,11,0,0,0,0,0,0,0,2,1,0,0,0,0,0,1.0,1.0,1.0,0.0,0.0,0.5,4,0,0
2236,44,19,25,0,22,6,16,11,11,0,0,0,0,0,0,0,0,0,0,0,0,0,0,1.0,1.0,1.0,0.0,0.0,0.0,4,0,0
2237,44,19,25,0,22,6,16,11,11,0,0,0,0,0,0,0,0,0,0,0,0,0,0,1.0,1.0,1.0,0.0,0.0,0.0,4,0,0
2238,44,19,25,0,22,6,16,11,11,0,0,0,0,0,0,0,0,0,0,0,0,0,0,1.0,1.0,1.0,0.0,0.0,0.0,4,0,0
2239,44,19,25,0,22,6,16,11,11,0,0,0,0,0,0,0,0,0,0,0,0,0,0,1.0,1.0,1.0,0.0,0.0,0.0,4,0,0
2240,44,19,25,0,22,6,16,11,11,0,0,0,0,0,0,0,0,0,0,0,0,0,0,1.0,1.0,1.0,0.0,0.0,0.0,4,0,0
2241,44,19,25,0,22,6,16,11,11,0,0,0,0,0,0,0,0,0,0,0,0,0,0,1.0,1.0,1.0,0.0,0.0,0.0,4,0,0
2242,44,19,25,0,22,6,16,11,11,0,0,0,0,0,0,0,0,0,0,0,0,0,0,1.0,1.0,1.0,0.0,0.0,0.0,4,0,0
2243,44,19,25,0,22,6,16,11,11,0,0,0,0,0,0,0,0,0,0,0,0,0,0,1.0,1.0,1.0,0.0,0.0,0.0,4,0,0
2244,44,19,25,0,22,6,16,11,11,0,0,0,0,0,0,0,0,0,0,0,0,0,0,1.0,1.0,1.0,0.0,0.0,0.0,4,0,0
2245,44,19,25,0,22,6,16,11,11,0,0,0,0,0,0,0,0,0,0,0,0,0,0,1.0,1.0,1.0,0.0,0.0,0.0,4,0,0
2246,44,19,25,0,22,6,16,11,11,0,0,0,0,0,0,0,0,0,0,0,0,0,0,1.0,1.0,1.0,0.0,0.0,0.0,4,0,0
2247,44,19,25,0,22,6,16,11,11,0,0,0,0,0,0,0,0,0,0,0,0,1,0,1.0,1.0,1.0,0.0,0.0,0.0,4,0,0
2248,43,18,25,0,21,6,16,11,11,0,0,0,0,0,0,0,0,0,0,0,1,0,1,0.9545454545454546,1.0,1.0,0.0,0.0,0.0,4,0,1
2249,43,18,25,0,21,6,16,11,11,0,0,0,0,0,0,0,0,0,0,0,0,0,0,1.0,1.0,1.0,0.0,0.0,0.0,4,0,0
2250,43,18,25,0,21,6,16,11,11,0,0,0,0,0,0,0,0,0,0,0,0,0,0,1.0,1.0,1.0,0.0,0.0,0.0,4,0,0
2251,43,18,25,0,20,7,16,11,11,0,0,0,0,0,0,0,0,0,0,0,0,0,0,1.0,1.0,1.0,0.0,0.0,0.0,4,0,0
2252,43,18,25,0,20,6,17,11,11,0,0,0,0,0,0,0,0,0,0,0,0,0,0,1.0,1.0,1.0,0.0,0.0,0.0,4,0,0
2253,42,18,24,0,19,6,17,11,11,0,0,0,0,0,0,0,0,0,0,0,1,0,1,0.95,1.0,1.0,0.0,0.0,0.0,4,0,1
2254,42,18,24,0,19,6,17,11,11,0,0,0,0,0,0,0,0,0,0,0,0,0,0,1.0,1.0,1.0,0.0,0.0,0.0,4,0,0
2255,42,18,24,0,19,6,17,11,11,0,0,0,0,0,0,0,0,0,0,0,0,0,0,1.0,1.0,1.0,0.0,0.0,0.0,4,0,0
2256,42,18,24,0,19,6,17,11,11,0,0,0,0,0,0,0,0,0,0,0,0,0,0,1.0,1.0,1.0,0.0,0.0,0.0,4,0,0
2257,41,17,24,0,18,6,17,11,11,0,0,0,0,0,0,0,0,0,0,0,1,0,1,0.9473684210526316,1.0,1.0,0.0,0.0,0.0,4,0,1
2258,41,17,24,0,18,6,17,11,11,0,0,0,0,0,0,0,0,0,0,0,0,1,0,1.0,1.0,1.0,0.0,0.0,0.0,4,0,0
2259,40,17,23,0,17,6,17,11,11,0,0,0,0,0,0,0,0,0,0,0,1,0,1,0.9444444444444444,1.0,1.0,0.0,0.0,0.0,4,0,1
2260,40,17,23,0,17,6,17,11,11,0,0,0,0,0,0,0,0,0,0,0,0,0,0,1.0,1.0,1.0,0.0,0.0,0.0,4,0,0
2261,40,17,23,0,17,6,17,11,11,0,0,0,0,0,0,0,0,0,0,0,0,0,0,1.0,1.0,1.0,0.0,0.0,0.0,4,0,0
2262,40,17,23,0,16,7,17,11,11,0,0,0,0,0,0,0,0,0,0,0,0,0,0,1.0,1.0,1.0,0.0,0.0,0.0,4,0,0
2263,40,17,23,0,16,7,17,11,11,0,0,0,0,0,0,0,0,0,0,0,0,0,0,1.0,1.0,1.0,0.0,0.0,0.0,4,0,0
2264,40,17,23,0,16,7,17,11,11,0,0,0,0,0,0,0,0,0,0,0,0,0,0,1.0,1.0,1.0,0.0,0.0,0.0,4,0,0
2265,40,17,23,0,16,7,17,11,11,0,0,0,0,0,0,0,0,0,0,0,0,0,0,1.0,1.0,1.0,0.0,0.0,0.0,4,0,0
2266,40,17,23,0,16,7,17,11,11,0,0,0,0,0,0,0,0,0,0,0,0,0,0,1.0,1.0,1.0,0.0,0.0,0.0,4,0,0
2267,40,17,23,0,16,7,17,11,11,0,0,0,0,0,0,0,0,0,0,0,0,0,0,1.0,1.0,1.0,0.0,0.0,0.0,4,0,0
2268,40,17,23,0,16,7,17,11,11,0,0,0,0,0,0,0,0,0,0,0,0,0,0,1.0,1.0,1.0,0.0,0.0,0.0,4,0,0
2269,40,17,23,0,16,7,17,11,11,0,0,0,0,0,0,0,0,0,0,0,0,0,0,1.0,1.0,1.0,0.0,0.0,0.0,4,0,0
2270,40,17,23,0,16,7,17,11,11,0,0,0,0,0,0,0,0,0,0,0,0,0,0,1.0,1.0,1.0,0.0,0.0,0.0,4,0,0
2271,40,17,23,0,16,7,17,11,11,0,0,0,0,0,0,0,0,0,0,0,0,0,0,1.0,1.0,1.0,0.0,0.0,0.0,4,0,0
2272,40,17,23,0,16,7,17,11,11,0,0,0,0,0,0,0,0,0,0,0,0,0,0,1.0,1.0,1.0,0.0,0.0,0.0,4,0,0
2273,40,17,23,0,16,7,17,11,11,0,0,0,0,0,0,0,0,0,0,0,0,0,0,1.0,1.0,1.0,0.0,0.0,0.0,4,0,0
2274,40,17,23,0,16,7,17,11,11,0,0,0,0,0,0,0,0,0,0,0,0,0,0,1.0,1.0,1.0,0.0,0.0,0.0,4,0,0
2275,39,16,23,0,16,7,16,11,11,0,0,0,0,0,0,0,0,0,0,0,0,0,0,1.0,0.8333333333333334,1.0,0.0,0.0,0.0,4,0,1
2276,39,16,23,0,16,7,16,11,11,0,0,0,0,0,0,0,0,0,0,0,0,0,0,1.0,1.0,1.0,0.0,0.0,0.0,4,0,0
2277,39,16,23,0,16,7,16,11,11,0,0,0,0,0,0,0,0,0,0,0,0,0,0,1.0,1.0,1.0,0.0,0.0,0.0,4,0,0
2278,39,16,23,0,16,7,16,11,11,0,0,0,0,0,0,0,0,0,0,0,0,0,0,1.0,1.0,1.0,0.0,0.0,0.0,4,0,0
2279,39,16,23,0,16,7,16,11,11,0,0,0,0,0,0,0,0,0,0,0,0,0,0,1.0,1.0,1.0,0.0,0.0,0.0,4,0,0
2280,39,16,23,0,16,7,16,11,11,0,0,0,0,0,0,0,0,0,0,0,0,0,0,1.0,1.0,1.0,0.0,0.0,0.0,4,0,0
2281,39,16,23,0,16,7,16,11,11,0,0,0,0,0,0,0,0,0,0,0,0,0,0,1.0,1.0,1.0,0.0,0.0,0.0,4,0,0
2282,39,16,23,0,16,7,16,11,11,0,0,0,0,0,0,0,0,0,0,0,0,0,0,1.0,1.0,1.0,0.0,0.0,0.0,4,0,0
2283,39,16,23,0,16,7,16,11,11,0,0,0,0,0,0,0,0,0,0,0,0,0,0,1.0,1.0,1.0,0.0,0.0,0.0,4,0,0
2284,39,16,23,0,16,7,16,11,11,0,0,0,0,0,0,0,0,0,0,0,0,0,0,1.0,1.0,1.0,0.0,0.0,0.0,4,0,0
2285,60,28,32,21,16,7,16,11,5,0,6,0,0,0,0,0,0,0,0,6,0,0,0,1.0,1.0,1.0,0.5384615384615384,0.5384615384615384,0.0,4,21,0
2286,68,30,38,29,16,6,17,11,2,0,9,0,0,0,0,0,0,0,0,3,1,0,1,0.972972972972973,1.0,1.0,0.15,0.15,0.0,4,9,1
2287,69,31,38,33,13,6,17,11,1,0,10,0,0,0,0,0,0,0,0,1,3,0,3,0.9333333333333333,1.0,1.0,0.058823529411764705,0.058823529411764705,0.0,4,4,3
2288,68,30,38,33,12,6,17,11,1,0,10,0,0,0,0,0,0,0,0,0,1,0,1,0.9782608695652174,1.0,1.0,0.0,0.0,0.0,4,0,1
2289,65,28,37,32,10,5,18,11,1,0,10,0,0,0,0,0,0,0,0,0,3,0,3,0.9333333333333333,1.0,1.0,0.0,0.0,0.0,4,0,3
2290,63,27,36,31,9,5,18,11,1,0,10,0,0,0,0,0,0,0,0,0,2,0,2,0.9523809523809523,1.0,1.0,0.0,0.0,0.0,4,0,2
2291,62,27,35,30,9,5,18,11,1,0,10,0,0,0,0,0,0,0,0,0,1,0,1,0.975,1.0,1.0,0.0,0.0,0.0,4,0,1
2292,60,26,34,28,9,5,18,11,1,0,10,0,0,0,0,0,0,0,0,0,2,0,2,0.9487179487179487,1.0,1.0,0.0,0.0,0.0,4,0,2
2293,58,26,32,27,8,5,18,11,1,0,10,0,0,0,0,0,0,0,0,0,2,2,2,0.9459459459459459,1.0,1.0,0.0,0.0,0.0,4,0,2
2294,57,26,31,26,8,5,18,11,1,0,10,0,0,0,0,0,0,0,0,0,1,0,1,0.9714285714285714,1.0,1.0,0.0,0.0,0.0,4,0,1
2295,55,25,30,24,8,5,18,11,1,0,10,0,0,0,0,0,0,0,0,0,2,0,2,0.9411764705882353,1.0,1.0,0.0,0.0,0.0,4,0,2
2296,54,25,29,23,8,5,18,11,1,0,10,0,0,0,0,0,0,0,0,0,1,0,1,0.96875,1.0,1.0,0.0,0.0,0.0,4,0,1
2297,54,25,29,23,6,7,18,11,1,0,10,0,0,0,0,0,0,0,0,0,0,0,0,1.0,1.0,1.0,0.0,0.0,0.0,4,0,0
2298,54,25,29,23,6,7,18,11,1,0,10,0,0,0,0,0,0,0,0,0,0,0,0,1.0,1.0,1.0,0.0,0.0,0.0,4,0,0
2299,54,25,29,23,6,7,18,11,1,0,10,0,0,0,0,0,0,0,0,0,0,0,0,1.0,1.0,1.0,0.0,0.0,0.0,4,0,0
2300,58,28,30,27,6,7,18,11,0,0,11,0,0,0,0,0,0,0,0,1,0,0,0,1.0,1.0,1.0,0.07407407407407407,0.07407407407407407,0.0,4,4,0
2301,57,27,30,26,6,7,18,11,0,0,11,0,0,0,0,0,0,0,0,0,1,0,1,0.9696969696969697,1.0,1.0,0.0,0.0,0.0,4,0,1
2302,57,27,30,26,6,7,18,11,0,0,11,0,0,0,0,0,0,0,0,0,0,0,0,1.0,1.0,1.0,0.0,0.0,0.0,4,0,0
2303,57,27,30,26,6,7,18,11,0,0,11,0,0,0,0,0,0,0,0,0,0,0,0,1.0,1.0,1.0,0.0,0.0,0.0,4,0,0
2304,57,27,30,26,6,7,18,11,0,0,11,0,0,0,0,0,0,0,0,0,0,0,0,1.0,1.0,1.0,0.0,0.0,0.0,4,0,0
2305,56,26,30,25,6,7,18,11,0,0,11,0,0,0,0,0,0,0,0,0,1,0,1,0.96875,1.0,1.0,0.0,0.0,0.0,4,0,1
2306,56,26,30,25,6,7,18,11,0,0,11,0,0,0,0,0,0,0,0,0,0,0,0,1.0,1.0,1.0,0.0,0.0,0.0,4,0,0
2307,54,25,29,24,5,7,18,11,0,0,11,0,0,0,0,0,0,0,0,0,2,0,2,0.935483870967742,1.0,1.0,0.0,0.0,0.0,4,0,2
2308,54,25,29,24,5,7,18,11,0,0,11,0,0,0,0,0,0,0,0,0,0,0,0,1.0,1.0,1.0,0.0,0.0,0.0,4,0,0
2309,54,25,29,24,5,7,18,11,0,0,11,0,0,0,0,0,0,0,0,0,0,0,0,1.0,1.0,1.0,0.0,0.0,0.0,4,0,0
2310,54,25,29,24,5,7,18,11,0,0,11,0,0,0,0,0,0,0,0,0,0,0,0,1.0,1.0,1.0,0.0,0.0,0.0,4,0,0
2311,54,25,29,24,5,7,18,11,0,0,11,0,0,0,0,0,0,0,0,0,0,0,0,1.0,1.0,1.0,0.0,0.0,0.0,4,0,0
2312,54,25,29,24,5,7,18,11,0,0,11,0,0,0,0,0,0,0,0,0,0,0,0,1.0,1.0,1.0,0.0,0.0,0.0,4,0,0
2313,54,25,29,24,5,7,18,11,0,0,11,0,0,0,0,0,0,0,0,0,0,0,0,1.0,1.0,1.0,0.0,0.0,0.0,4,0,0
2314,54,25,29,24,5,7,18,11,0,0,11,0,0,0,0,0,0,0,0,0,0,0,0,1.0,1.0,1.0,0.0,0.0,0.0,4,0,0
2315,54,25,29,24,5,7,18,11,0,0,11,0,0,0,0,0,0,0,0,0,0,0,0,1.0,1.0,1.0,0.0,0.0,0.0,4,0,0
2316,54,25,29,24,5,6,19,12,0,0,11,0,0,0,0,0,0,0,0,0,0,0,0,1.0,1.0,1.0,0.0,0.0,0.0,4,0,0
2317,54,25,29,24,5,6,19,12,0,0,11,0,0,0,0,0,0,0,0,0,0,0,0,1.0,1.0,1.0,0.0,0.0,0.0,4,0,0
2318,53,24,29,23,5,6,19,12,0,0,11,0,0,0,0,0,0,0,0,0,1,0,1,0.9655172413793104,1.0,1.0,0.0,0.0,0.0,4,0,1
2319,53,24,29,23,5,6,19,12,0,0,11,0,0,0,0,0,0,0,0,0,0,0,0,1.0,1.0,1.0,0.0,0.0,0.0,4,0,0
2320,53,24,29,23,5,6,19,12,0,0,11,0,0,0,0,0,0,0,0,0,0,0,0,1.0,1.0,1.0,0.0,0.0,0.0,4,0,0
2321,53,24,29,23,5,6,19,12,0,0,11,0,0,0,0,0,0,0,0,0,0,0,0,1.0,1.0,1.0,0.0,0.0,0.0,4,0,0
2322,52,24,28,22,5,6,19,12,0,0,11,0,0,0,0,0,0,0,0,0,1,0,1,0.9642857142857143,1.0,1.0,0.0,0.0,0.0,4,0,1
2323,52,24,28,22,5,6,19,12,0,0,11,0,0,0,0,0,0,0,0,0,0,0,0,1.0,1.0,1.0,0.0,0.0,0.0,4,0,0
2324,51,24,27,21,5,6,19,12,1,0,11,0,0,0,0,0,4,1,0,0,1,0,1,0.962962962962963,1.0,1.0,0.0,0.0,0.25,4,0,1
2325,51,24,27,21,5,6,19,12,1,0,11,0,0,0,0,0,0,0,0,0,0,2,0,1.0,1.0,1.0,0.0,0.0,0.0,4,0,0
2326,51,24,27,21,5,6,19,12,1,0,11,0,0,0,0,0,0,0,0,0,0,1,0,1.0,1.0,1.0,0.0,0.0,0.0,4,0,0
2327,51,24,27,21,5,6,19,12,1,0,11,0,0,0,0,0,0,0,0,0,0,0,0,1.0,1.0,1.0,0.0,0.0,0.0,4,0,0
2328,51,24,27,10,16,6,19,12,1,0,11,0,0,0,0,0,0,0,0,0,0,0,0,1.0,1.0,1.0,0.0,0.0,0.0,4,0,0
2329,51,24,27,5,19,8,19,12,1,0,11,0,0,0,0,0,0,0,0,0,0,0,0,1.0,1.0,1.0,0.0,0.0,0.0,4,0,0
2330,51,24,27,2,21,9,19,12,1,0,5,0,0,0,0,0,0,0,0,0,0,0,0,1.0,1.0,1.0,0.0,0.0,0.0,4,0,0
2331,51,24,27,2,21,9,19,12,5,0,2,0,0,0,0,0,23,4,0,0,0,0,0,1.0,1.0,1.0,0.0,0.0,0.17391304347826086,4,0,0
2332,50,23,27,2,20,9,19,12,8,0,1,0,0,0,0,0,12,3,0,0,1,0,1,0.9565217391304348,1.0,1.0,0.0,0.0,0.25,4,0,1
2333,50,23,27,2,20,9,19,12,8,1,1,0,0,0,0,0,6,0,1,0,0,0,0,1.0,1.0,1.0,0.0,0.0,0.0,4,0,0
2334,49,23,26,2,20,9,18,11,9,1,1,0,0,0,0,0,8,2,0,0,0,0,0,1.0,1.0,0.9166666666666666,0.0,0.0,0.25,3,0,1
2335,47,22,25,2,20,7,18,11,9,1,1,0,0,0,0,0,0,0,0,0,0,0,0,1.0,1.0,1.0,0.0,0.0,0.0,3,0,2
2336,47,22,25,2,20,7,18,11,9,1,1,0,0,0,0,0,0,0,0,0,0,1,0,1.0,1.0,1.0,0.0,0.0,0.0,3,0,0
2337,47,22,25,2,20,7,18,11,9,1,1,0,0,0,0,0,0,0,0,0,0,0,0,1.0,1.0,1.0,0.0,0.0,0.0,3,0,0
2338,47,22,25,2,20,7,18,11,9,1,1,0,0,0,0,0,0,0,0,0,0,0,0,1.0,1.0,1.0,0.0,0.0,0.0,3,0,0
2339,47,22,25,2,20,7,18,11,9,1,1,0,0,0,0,0,0,0,0,0,0,0,0,1.0,1.0,1.0,0.0,0.0,0.0,3,0,0
2340,47,22,25,2,19,8,18,11,9,1,1,0,0,0,0,0,0,0,0,0,0,0,0,1.0,1.0,1.0,0.0,0.0,0.0,3,0,0
2341,47,22,25,2,19,8,18,11,9,1,1,0,0,0,0,0,0,0,0,0,0,0,0,1.0,1.0,1.0,0.0,0.0,0.0,3,0,0
2342,46,21,25,1,19,8,18,11,9,1,1,0,0,0,0,0,0,0,0,0,1,0,1,0.9523809523809523,1.0,1.0,0.0,0.0,0.0,3,0,1
2343,46,21,25,0,20,8,18,11,9,1,1,0,0,0,0,0,0,0,0,0,0,0,0,1.0,1.0,1.0,0.0,0.0,0.0,3,0,0
2344,46,21,25,0,20,8,18,11,9,1,1,0,0,0,0,0,0,0,0,0,0,0,0,1.0,1.0,1.0,0.0,0.0,0.0,3,0,0
2345,46,21,25,0,20,8,18,11,9,1,0,0,0,0,0,0,0,0,0,0,0,0,0,1.0,1.0,1.0,0.0,0.0,0.0,3,0,0
2346,46,21,25,0,20,8,18,11,10,1,0,0,0,0,0,0,8,1,0,0,0,0,0,1.0,1.0,1.0,0.0,0.0,0.125,3,0,0
2347,46,21,25,0,20,8,18,11,10,1,0,0,0,0,0,0,0,0,0,0,0,0,0,1.0,1.0,1.0,0.0,0.0,0.0,3,0,0
2348,46,21,25,0,20,8,18,11,10,1,0,0,0,0,0,0,0,0,0,0,0,0,0,1.0,1.0,1.0,0.0,0.0,0.0,3,0,0
2349,46,21,25,0,20,8,18,11,10,1,0,0,0,0,0,0,0,0,0,0,0,0,0,1.0,1.0,1.0,0.0,0.0,0.0,3,0,0
2350,45,21,24,0,20,8,17,10,9,1,0,0,0,0,0,0,0,0,0,0,0,0,0,1.0,1.0,0.9090909090909091,0.0,0.0,0.0,3,0,1
2351,45,21,24,0,20,8,17,10,9,1,0,0,0,0,0,0,0,0,0,0,0,0,0,1.0,1.0,1.0,0.0,0.0,0.0,3,0,0
2352,45,21,24,0,20,8,17,10,9,1,0,0,0,0,0,0,0,0,0,0,0,0,0,1.0,1.0,1.0,0.0,0.0,0.0,3,0,0
2353,45,21,24,0,20,8,17,10,9,1,0,0,0,0,0,0,0,0,0,0,0,0,0,1.0,1.0,1.0,0.0,0.0,0.0,3,0,0
2354,45,21,24,0,20,8,17,10,9,1,0,0,0,0,0,0,0,0,0,0,0,0,0,1.0,1.0,1.0,0.0,0.0,0.0,3,0,0
2355,45,21,24,0,20,6,19,11,9,1,0,0,0,0,0,0,0,0,0,0,0,0,0,1.0,1.0,1.0,0.0,0.0,0.0,3,0,0
2356,45,21,24,0,20,6,19,11,9,1,0,0,0,0,0,0,0,0,0,0,0,0,0,1.0,1.0,1.0,0.0,0.0,0.0,3,0,0
2357,45,21,24,0,20,6,19,11,9,1,0,0,0,0,0,0,0,0,0,0,0,0,0,1.0,1.0,1.0,0.0,0.0,0.0,3,0,0
2358,45,21,24,0,20,6,19,11,9,1,0,0,0,0,0,0,0,0,0,0,0,0,0,1.0,1.0,1.0,0.0,0.0,0.0,3,0,0
2359,45,21,24,0,20,6,19,11,9,1,0,0,0,0,0,0,0,0,0,0,0,1,0,1.0,1.0,1.0,0.0,0.0,0.0,3,0,0
2360,45,21,24,0,20,6,19,11,9,1,0,0,0,0,0,0,0,0,0,0,0,0,0,1.0,1.0,1.0,0.0,0.0,0.0,3,0,0
2361,45,21,24,0,20,6,19,11,9,1,0,0,0,0,0,0,0,0,0,0,0,0,0,1.0,1.0,1.0,0.0,0.0,0.0,3,0,0
2362,45,21,24,0,20,6,19,11,9,1,0,0,0,0,0,0,0,0,0,0,0,0,0,1.0,1.0,1.0,0.0,0.0,0.0,3,0,0
2363,45,21,24,0,19,7,19,11,10,1,0,0,0,0,0,0,6,1,0,0,0,0,0,1.0,1.0,1.0,0.0,0.0,0.16666666666666666,3,0,0
2364,45,21,24,0,19,7,19,11,10,1,0,0,0,0,0,0,0,0,0,0,0,0,0,1.0,1.0,1.0,0.0,0.0,0.0,3,0,0
2365,45,21,24,0,19,7,19,11,10,1,0,0,0,0,0,0,0,0,0,0,0,0,0,1.0,1.0,1.0,0.0,0.0,0.0,3,0,0
2366,45,21,24,0,19,7,19,11,10,1,0,0,0,0,0,0,0,0,0,0,0,0,0,1.0,1.0,1.0,0.0,0.0,0.0,3,0,0
2367,45,21,24,0,19,7,19,11,10,1,0,0,0,0,0,0,0,0,0,0,0,0,0,1.0,1.0,1.0,0.0,0.0,0.0,3,0,0
2368,45,21,24,0,19,7,19,11,10,1,0,0,0,0,0,0,0,0,0,0,0,0,0,1.0,1.0,1.0,0.0,0.0,0.0,3,0,0
2369,45,21,24,0,19,7,19,11,10,1,0,0,0,0,0,0,0,0,0,0,0,0,0,1.0,1.0,1.0,0.0,0.0,0.0,3,0,0
2370,45,21,24,0,19,7,19,11,10,1,0,0,0,0,0,0,0,0,0,0,0,0,0,1.0,1.0,1.0,0.0,0.0,0.0,3,0,0
2371,45,21,24,0,19,7,19,11,10,1,0,0,0,0,0,0,0,0,0,0,0,0,0,1.0,1.0,1.0,0.0,0.0,0.0,3,0,0
2372,45,21,24,0,19,7,19,11,10,1,0,0,0,0,0,0,0,0,0,0,0,0,0,1.0,1.0,1.0,0.0,0.0,0.0,3,0,0
2373,45,21,24,0,19,7,19,11,10,1,0,0,0,0,0,0,0,0,0,0,0,0,0,1.0,1.0,1.0,0.0,0.0,0.0,3,0,0
2374,45,21,24,0,19,7,19,11,10,1,0,0,0,0,0,0,0,0,0,0,0,0,0,1.0,1.0,1.0,0.0,0.0,0.0,3,0,0
2375,45,21,24,0,19,7,19,11,10,1,0,0,0,0,0,0,0,0,0,0,0,0,0,1.0,1.0,1.0,0.0,0.0,0.0,3,0,0
2376,45,21,24,0,19,7,19,11,10,1,0,0,0,0,0,0,0,0,0,0,0,0,0,1.0,1.0,1.0,0.0,0.0,0.0,3,0,0
2377,45,21,24,0,19,7,19,11,10,1,0,0,0,0,0,0,0,0,0,0,0,0,0,1.0,1.0,1.0,0.0,0.0,0.0,3,0,0
2378,45,21,24,0,19,7,19,11,10,0,0,0,0,0,0,0,0,0,0,0,0,0,0,1.0,1.0,1.0,0.0,0.0,0.0,3,0,0
2379,45,21,24,0,19,7,19,11,10,0,0,0,0,0,0,0,5,0,0,0,0,0,0,1.0,1.0,1.0,0.0,0.0,0.0,3,0,0
2380,45,21,24,0,19,7,19,11,10,0,0,0,0,0,0,0,5,0,0,0,0,0,0,1.0,1.0,1.0,0.0,0.0,0.0,3,0,0
2381,44,21,23,0,18,7,19,11,11,0,0,0,0,0,0,0,5,1,0,0,1,0,1,0.9473684210526316,1.0,1.0,0.0,0.0,0.2,3,0,1
2382,44,21,23,0,18,7,19,11,11,0,0,0,0,0,0,0,0,0,0,0,0,0,0,1.0,1.0,1.0,0.0,0.0,0.0,3,0,0
2383,44,21,23,0,18,7,19,11,11,0,0,0,0,0,0,0,0,0,0,0,0,0,0,1.0,1.0,1.0,0.0,0.0,0.0,3,0,0
2384,44,21,23,0,18,7,19,11,11,0,0,0,0,0,0,0,0,0,0,0,0,0,0,1.0,1.0,1.0,0.0,0.0,0.0,3,0,0
2385,44,21,23,0,18,7,19,11,11,0,0,0,0,0,0,0,0,0,0,0,0,0,0,1.0,1.0,1.0,0.0,0.0,0.0,3,0,0
2386,44,21,23,0,18,7,19,11,11,0,0,0,0,0,0,0,0,0,0,0,0,0,0,1.0,1.0,1.0,0.0,0.0,0.0,3,0,0
2387,44,21,23,0,18,7,19,11,11,0,0,0,0,0,0,0,0,0,0,0,0,0,0,1.0,1.0,1.0,0.0,0.0,0.0,3,0,0
2388,44,21,23,0,18,7,19,11,11,0,0,0,0,0,0,0,0,0,0,0,0,0,0,1.0,1.0,1.0,0.0,0.0,0.0,3,0,0
2389,47,24,23,3,18,7,19,11,10,0,1,0,0,0,0,0,0,0,0,1,0,0,0,1.0,1.0,1.0,0.06818181818181818,0.06818181818181818,0.0,3,3,0
2390,47,24,23,3,18,7,19,11,10,0,1,0,0,0,0,0,0,0,0,0,0,0,0,1.0,1.0,1.0,0.0,0.0,0.0,3,0,0
2391,47,24,23,3,18,7,19,11,10,0,1,0,0,0,0,0,0,0,0,0,0,0,0,1.0,1.0,1.0,0.0,0.0,0.0,3,0,0
2392,47,24,23,3,18,7,19,11,10,0,1,0,0,0,0,0,0,0,0,0,0,0,0,1.0,1.0,1.0,0.0,0.0,0.0,3,0,0
2393,47,24,23,3,18,7,19,11,10,0,1,0,0,0,0,0,0,0,0,0,0,0,0,1.0,1.0,1.0,0.0,0.0,0.0,3,0,0
2394,46,24,22,3,17,7,19,11,10,0,1,0,0,0,0,0,0,0,0,0,1,0,1,0.9523809523809523,1.0,1.0,0.0,0.0,0.0,3,0,1
2395,45,23,22,3,17,6,19,11,10,0,1,0,0,0,0,0,0,0,0,0,0,0,0,1.0,1.0,1.0,0.0,0.0,0.0,3,0,1
2396,53,28,25,11,17,6,19,11,8,0,3,0,0,0,0,0,0,0,0,2,0,0,0,1.0,1.0,1.0,0.17777777777777778,0.17777777777777778,0.0,3,8,0
2397,64,36,28,22,17,5,20,11,5,0,6,0,0,0,0,0,0,0,0,3,0,0,0,1.0,1.0,1.0,0.20754716981132076,0.20754716981132076,0.0,3,11,0
2398,62,34,28,20,17,5,20,11,5,0,6,0,0,0,0,0,0,0,0,0,2,0,2,0.9487179487179487,1.0,1.0,0.0,0.0,0.0,3,0,2
2399,69,35,34,27,17,5,20,11,3,0,8,0,0,0,0,0,0,0,0,2,0,0,0,1.0,1.0,1.0,0.11290322580645161,0.11290322580645161,0.0,3,7,0
2400,66,33,33,25,16,5,20,11,3,0,8,0,0,0,0,0,0,0,0,0,3,0,3,0.9318181818181819,1.0,1.0,0.0,0.0,0.0,3,0,3
2401,64,31,33,24,15,5,20,11,3,0,8,0,0,0,0,0,0,0,0,0,2,0,2,0.9512195121951219,1.0,1.0,0.0,0.0,0.0,3,0,2
2402,63,30,33,23,15,5,20,11,3,0,8,0,0,0,0,0,0,0,0,0,1,0,1,0.9743589743589743,1.0,1.0,0.0,0.0,0.0,3,0,1
2403,60,29,31,22,14,5,19,10,3,0,7,0,0,0,0,0,0,0,0,0,2,0,2,0.9473684210526316,1.0,0.9090909090909091,0.0,0.0,0.0,3,0,3
2404,60,29,31,22,14,5,19,10,3,0,7,0,0,0,0,0,0,0,0,0,0,0,0,1.0,1.0,1.0,0.0,0.0,0.0,3,0,0
2405,60,29,31,22,14,5,19,10,3,0,7,0,0,0,0,0,0,0,0,0,0,0,0,1.0,1.0,1.0,0.0,0.0,0.0,3,0,0
2406,59,28,31,22,13,5,19,10,3,0,7,0,0,0,0,0,0,0,0,0,1,0,1,0.9722222222222222,1.0,1.0,0.0,0.0,0.0,3,0,1
2407,59,28,31,22,13,5,19,10,3,0,7,0,0,0,0,0,0,0,0,0,0,0,0,1.0,1.0,1.0,0.0,0.0,0.0,3,0,0
2408,59,28,31,22,13,5,19,10,3,0,7,0,0,0,0,0,0,0,0,0,0,0,0,1.0,1.0,1.0,0.0,0.0,0.0,3,0,0
2409,58,27,31,21,13,5,19,10,3,0,7,0,0,0,0,0,0,0,0,0,1,0,1,0.9714285714285714,1.0,1.0,0.0,0.0,0.0,3,0,1
2410,53,25,28,17,12,5,19,10,3,0,7,0,0,0,0,0,0,0,0,0,5,0,5,0.8529411764705882,1.0,1.0,0.0,0.0,0.0,3,0,5
2411,57,28,29,21,12,5,19,10,2,0,8,0,0,0,0,0,0,0,0,1,0,0,0,1.0,1.0,1.0,0.07547169811320754,0.07547169811320754,0.0,3,4,0
2412,57,28,29,21,12,5,19,10,2,0,8,0,0,0,0,0,0,0,0,0,0,0,0,1.0,1.0,1.0,0.0,0.0,0.0,3,0,0
2413,57,28,29,21,12,5,19,10,2,0,8,0,0,0,0,0,0,0,0,0,0,0,0,1.0,1.0,1.0,0.0,0.0,0.0,3,0,0
2414,57,28,29,21,12,5,19,10,2,0,8,0,0,0,0,0,0,0,0,0,0,0,0,1.0,1.0,1.0,0.0,0.0,0.0,3,0,0
2415,56,27,29,21,11,5,19,10,2,0,8,0,0,0,0,0,0,0,0,0,1,0,1,0.9696969696969697,1.0,1.0,0.0,0.0,0.0,3,0,1
2416,56,27,29,21,11,5,19,10,2,0,8,0,0,0,0,0,0,0,0,0,0,0,0,1.0,1.0,1.0,0.0,0.0,0.0,3,0,0
2417,56,27,29,21,11,5,19,10,2,0,8,0,0,0,0,0,0,0,0,0,0,0,0,1.0,1.0,1.0,0.0,0.0,0.0,3,0,0
2418,56,27,29,21,11,5,19,10,2,0,8,0,0,0,0,0,0,0,0,0,0,0,0,1.0,1.0,1.0,0.0,0.0,0.0,3,0,0
2419,56,27,29,21,11,5,19,10,2,0,8,0,0,0,0,0,0,0,0,0,0,0,0,1.0,1.0,1.0,0.0,0.0,0.0,3,0,0
2420,56,27,29,21,11,5,19,10,2,0,8,0,0,0,0,0,0,0,0,0,0,0,0,1.0,1.0,1.0,0.0,0.0,0.0,3,0,0
2421,56,27,29,21,11,5,19,10,2,0,8,0,0,0,0,0,0,0,0,0,0,0,0,1.0,1.0,1.0,0.0,0.0,0.0,3,0,0
2422,56,27,29,21,11,5,19,10,2,0,8,0,0,0,0,0,0,0,0,0,0,0,0,1.0,1.0,1.0,0.0,0.0,0.0,3,0,0
2423,56,27,29,21,11,5,19,10,2,0,8,0,0,0,0,0,0,0,0,0,0,0,0,1.0,1.0,1.0,0.0,0.0,0.0,3,0,0
2424,56,27,29,21,11,5,19,10,2,0,8,0,0,0,0,0,0,0,0,0,0,0,0,1.0,1.0,1.0,0.0,0.0,0.0,3,0,0
2425,56,27,29,21,11,5,19,10,2,0,8,0,0,0,0,0,0,0,0,0,0,0,0,1.0,1.0,1.0,0.0,0.0,0.0,3,0,0
2426,56,27,29,21,11,5,19,10,2,0,8,0,0,0,0,0,0,0,0,0,0,0,0,1.0,1.0,1.0,0.0,0.0,0.0,3,0,0
2427,56,27,29,21,11,5,19,10,2,0,8,0,0,0,0,0,0,0,0,0,0,0,0,1.0,1.0,1.0,0.0,0.0,0.0,3,0,0
2428,60,29,31,25,11,5,19,10,1,0,9,0,0,0,0,0,0,0,0,1,0,0,0,1.0,1.0,1.0,0.07142857142857142,0.07142857142857142,0.0,3,4,0
2429,59,28,31,25,11,5,18,10,1,0,9,0,0,0,0,0,0,0,0,0,0,0,0,1.0,0.8888888888888888,1.0,0.0,0.0,0.0,3,0,1
2430,58,27,31,24,11,5,18,10,1,0,9,0,0,0,0,0,0,0,0,0,1,0,1,0.9722222222222222,1.0,1.0,0.0,0.0,0.0,3,0,1
2431,58,27,31,24,11,5,18,10,1,0,9,0,0,0,0,0,0,0,0,0,0,0,0,1.0,1.0,1.0,0.0,0.0,0.0,3,0,0
2432,58,27,31,23,12,5,18,10,1,0,9,0,0,0,0,0,0,0,0,0,0,0,0,1.0,1.0,1.0,0.0,0.0,0.0,3,0,0
2433,58,27,31,23,12,5,18,10,1,0,9,0,0,0,0,0,0,0,0,0,0,0,0,1.0,1.0,1.0,0.0,0.0,0.0,3,0,0
2434,58,27,31,23,12,5,18,10,1,0,8,0,0,0,0,0,0,0,0,0,0,0,0,1.0,1.0,1.0,0.0,0.0,0.0,3,0,0
2435,58,27,31,23,12,5,18,10,2,0,8,0,0,0,0,0,6,1,0,0,0,0,0,1.0,1.0,1.0,0.0,0.0,0.16666666666666666,3,0,0
2436,57,26,31,23,11,5,18,10,2,0,8,0,0,0,0,0,0,0,0,0,1,0,1,0.9714285714285714,1.0,1.0,0.0,0.0,0.0,3,0,1
2437,55,24,31,22,10,5,18,10,2,0,8,0,0,0,0,0,0,0,0,0,2,0,2,0.9411764705882353,1.0,1.0,0.0,0.0,0.0,3,0,2
2438,55,24,31,22,10,5,18,10,2,0,8,0,0,0,0,0,0,0,0,0,0,0,0,1.0,1.0,1.0,0.0,0.0,0.0,3,0,0
2439,55,24,31,18,14,4,19,11,2,0,8,0,0,0,0,0,0,0,0,0,0,0,0,1.0,1.0,1.0,0.0,0.0,0.0,3,0,0
2440,55,24,31,13,19,4,19,11,2,0,8,0,0,0,0,0,0,0,0,0,0,0,0,1.0,1.0,1.0,0.0,0.0,0.0,3,0,0
2441,55,24,31,13,19,4,19,11,3,0,6,0,0,0,0,0,7,1,0,0,0,0,0,1.0,1.0,1.0,0.0,0.0,0.14285714285714285,3,0,0
2442,54,23,31,7,24,4,19,11,5,0,3,0,0,0,0,0,8,2,0,0,1,0,1,0.96875,1.0,1.0,0.0,0.0,0.25,3,0,1
2443,53,22,31,7,23,4,19,11,6,0,3,0,0,0,0,0,6,1,0,0,1,0,1,0.967741935483871,1.0,1.0,0.0,0.0,0.16666666666666666,3,0,1
2444,53,22,31,7,23,4,19,11,7,0,2,0,0,0,0,0,14,1,0,0,0,0,0,1.0,1.0,1.0,0.0,0.0,0.07142857142857142,3,0,0
2445,53,22,31,7,23,4,19,11,8,0,2,0,0,0,0,0,15,1,0,0,0,0,0,1.0,1.0,1.0,0.0,0.0,0.06666666666666667,3,0,0
2446,54,23,31,10,21,4,19,11,8,0,3,0,0,0,0,0,4,1,0,1,2,0,2,0.9333333333333333,1.0,1.0,0.05660377358490566,0.05660377358490566,0.25,3,3,2
2447,53,22,31,10,20,4,19,11,8,0,3,0,0,0,0,0,0,0,0,0,1,0,1,0.967741935483871,1.0,1.0,0.0,0.0,0.0,3,0,1
2448,53,22,31,10,20,4,19,11,8,0,3,0,0,0,0,0,0,0,0,0,0,0,0,1.0,1.0,1.0,0.0,0.0,0.0,3,0,0
2449,53,22,31,10,20,4,19,11,8,0,3,0,0,0,0,0,0,0,0,0,0,0,0,1.0,1.0,1.0,0.0,0.0,0.0,3,0,0
2450,53,22,31,10,20,4,19,11,8,0,3,0,0,0,0,0,0,0,0,0,0,0,0,1.0,1.0,1.0,0.0,0.0,0.0,3,0,0
2451,53,22,31,10,20,4,19,11,8,0,3,0,0,0,0,0,0,0,0,0,0,0,0,1.0,1.0,1.0,0.0,0.0,0.0,3,0,0
2452,53,22,31,10,20,4,19,11,8,0,3,0,0,0,0,0,0,0,0,0,0,0,0,1.0,1.0,1.0,0.0,0.0,0.0,3,0,0
2453,52,22,30,9,20,4,19,11,8,0,3,0,0,0,0,0,0,0,0,0,1,0,1,0.9666666666666667,1.0,1.0,0.0,0.0,0.0,3,0,1
2454,51,21,30,6,23,4,18,11,8,0,3,0,0,0,0,0,0,0,0,0,0,0,0,1.0,0.875,1.0,0.0,0.0,0.0,3,0,1
2455,51,21,30,6,23,4,18,11,8,0,3,0,0,0,0,0,0,0,0,0,0,0,0,1.0,1.0,1.0,0.0,0.0,0.0,3,0,0
2456,50,21,29,6,22,4,18,11,8,0,2,0,0,0,0,0,0,0,0,0,1,0,1,0.9655172413793104,1.0,1.0,0.0,0.0,0.0,3,0,1
2457,50,21,29,6,22,4,18,11,8,1,2,0,0,0,0,0,1,0,1,0,0,0,0,1.0,1.0,1.0,0.0,0.0,0.0,3,0,0
2458,50,21,29,6,22,4,18,11,8,1,2,0,0,0,0,0,0,0,0,0,0,0,0,1.0,1.0,1.0,0.0,0.0,0.0,3,0,0
2459,50,21,29,6,22,4,18,11,8,1,2,0,0,0,0,0,0,0,0,0,0,0,0,1.0,1.0,1.0,0.0,0.0,0.0,3,0,0
2460,46,19,27,4,20,4,18,11,8,1,2,0,0,0,0,0,0,0,0,0,4,0,4,0.8571428571428572,1.0,1.0,0.0,0.0,0.0,3,0,4
2461,45,18,27,4,20,4,17,11,8,1,2,0,0,0,0,0,0,0,0,0,0,0,0,1.0,0.8571428571428572,1.0,0.0,0.0,0.0,3,0,1
2462,45,18,27,4,20,4,17,11,8,1,2,0,0,0,0,0,0,0,0,0,0,0,0,1.0,1.0,1.0,0.0,0.0,0.0,3,0,0
2463,45,18,27,4,20,4,17,11,8,1,2,0,0,0,0,0,0,0,0,0,0,0,0,1.0,1.0,1.0,0.0,0.0,0.0,3,0,0
2464,45,18,27,4,20,3,18,11,8,1,2,0,0,0,0,0,0,0,0,0,0,0,0,1.0,1.0,1.0,0.0,0.0,0.0,3,0,0
2465,45,18,27,4,20,3,18,11,8,1,2,0,0,0,0,0,0,0,0,0,0,5,0,1.0,1.0,1.0,0.0,0.0,0.0,3,0,0
2466,45,18,27,4,20,3,18,11,8,1,2,0,0,0,0,0,0,0,0,0,0,1,0,1.0,1.0,1.0,0.0,0.0,0.0,3,0,0
2467,45,18,27,4,20,3,18,11,8,1,2,0,0,0,0,0,0,0,0,0,0,2,0,1.0,1.0,1.0,0.0,0.0,0.0,3,0,0
2468,45,18,27,4,20,3,18,11,8,1,2,0,0,0,0,0,0,0,0,0,0,0,0,1.0,1.0,1.0,0.0,0.0,0.0,3,0,0
2469,45,18,27,4,15,8,18,11,8,1,2,0,0,0,0,0,0,0,0,0,0,0,0,1.0,1.0,1.0,0.0,0.0,0.0,3,0,0
2470,45,18,27,4,14,8,19,12,9,1,2,0,0,0,0,0,5,1,0,0,0,0,0,1.0,1.0,1.0,0.0,0.0,0.2,3,0,0
2471,45,18,27,2,14,10,19,12,9,1,2,0,0,0,0,0,0,0,0,0,0,0,0,1.0,1.0,1.0,0.0,0.0,0.0,3,0,0
2472,44,17,27,2,13,10,19,12,9,1,2,0,0,0,0,0,0,0,0,0,1,0,1,0.9375,1.0,1.0,0.0,0.0,0.0,3,0,1
2473,44,17,27,2,13,10,19,12,9,1,1,0,0,0,0,0,0,0,0,0,0,0,0,1.0,1.0,1.0,0.0,0.0,0.0,3,0,0
2474,44,17,27,2,13,10,19,12,10,1,1,0,0,0,0,0,5,1,0,0,0,0,0,1.0,1.0,1.0,0.0,0.0,0.2,3,0,0
2475,44,17,27,2,13,10,19,12,10,1,1,0,0,0,0,0,0,0,0,0,0,0,0,1.0,1.0,1.0,0.0,0.0,0.0,3,0,0
2476,44,17,27,2,13,10,19,12,10,1,1,0,0,0,0,0,0,0,0,0,0,0,0,1.0,1.0,1.0,0.0,0.0,0.0,3,0,0
2477,43,16,27,2,13,8,20,13,10,1,1,0,0,0,0,0,0,0,0,0,0,0,0,1.0,1.0,1.0,0.0,0.0,0.0,3,0,1
2478,43,16,27,2,13,8,20,13,10,1,1,0,0,0,0,0,0,0,0,0,0,0,0,1.0,1.0,1.0,0.0,0.0,0.0,3,0,0
2479,43,16,27,2,13,8,20,13,10,1,1,0,0,0,0,0,0,0,0,0,0,0,0,1.0,1.0,1.0,0.0,0.0,0.0,3,0,0
2480,43,16,27,2,13,8,20,13,10,1,1,0,0,0,0,0,3,0,0,0,0,0,0,1.0,1.0,1.0,0.0,0.0,0.0,3,0,0
2481,43,16,27,2,13,8,20,13,10,1,1,0,0,0,0,0,2,0,0,0,0,0,0,1.0,1.0,1.0,0.0,0.0,0.0,3,0,0
2482,43,16,27,2,13,8,20,13,10,1,1,0,0,0,0,0,1,0,0,0,0,0,0,1.0,1.0,1.0,0.0,0.0,0.0,3,0,0
2483,43,16,27,2,13,8,20,13,10,1,1,0,0,0,0,0,4,0,0,0,0,0,0,1.0,1.0,1.0,0.0,0.0,0.0,3,0,0
2484,42,16,26,2,12,8,20,13,11,1,1,0,0,0,0,0,8,1,0,0,1,0,1,0.9333333333333333,1.0,1.0,0.0,0.0,0.125,3,0,1
2485,42,16,26,2,12,8,20,13,11,1,1,0,0,0,0,0,0,0,0,0,0,0,0,1.0,1.0,1.0,0.0,0.0,0.0,3,0,0
2486,42,16,26,2,12,8,20,13,11,1,1,0,0,0,0,0,0,0,0,0,0,0,0,1.0,1.0,1.0,0.0,0.0,0.0,3,0,0
2487,42,16,26,2,12,8,20,13,11,1,1,0,0,0,0,0,0,0,0,0,0,0,0,1.0,1.0,1.0,0.0,0.0,0.0,3,0,0
2488,42,16,26,2,12,8,20,13,11,1,1,0,0,0,0,0,0,0,0,0,0,0,0,1.0,1.0,1.0,0.0,0.0,0.0,3,0,0
2489,42,16,26,0,14,8,20,13,11,1,1,0,0,0,0,0,0,0,0,0,0,0,0,1.0,1.0,1.0,0.0,0.0,0.0,3,0,0
2490,42,16,26,0,14,8,20,13,11,1,1,0,0,0,0,0,0,0,0,0,0,0,0,1.0,1.0,1.0,0.0,0.0,0.0,3,0,0
2491,42,16,26,0,14,8,20,13,11,1,0,0,0,0,0,0,0,0,0,0,0,0,0,1.0,1.0,1.0,0.0,0.0,0.0,3,0,0
2492,42,16,26,0,14,8,20,13,11,1,0,0,0,0,0,0,0,0,0,0,0,0,0,1.0,1.0,1.0,0.0,0.0,0.0,3,0,0
2493,42,16,26,0,14,8,20,13,11,1,0,0,0,0,0,0,0,0,0,0,0,0,0,1.0,1.0,1.0,0.0,0.0,0.0,3,0,0
2494,42,16,26,0,14,8,20,13,11,1,0,0,0,0,0,0,0,0,0,0,0,0,0,1.0,1.0,1.0,0.0,0.0,0.0,3,0,0
2495,42,16,26,0,14,8,20,13,11,1,0,0,0,0,0,0,0,0,0,0,0,0,0,1.0,1.0,1.0,0.0,0.0,0.0,3,0,0
2496,42,16,26,0,14,8,20,13,11,1,0,0,0,0,0,0,0,0,0,0,0,0,0,1.0,1.0,1.0,0.0,0.0,0.0,3,0,0
2497,42,16,26,0,14,8,20,13,11,1,0,0,0,0,0,0,0,0,0,0,0,0,0,1.0,1.0,1.0,0.0,0.0,0.0,3,0,0
2498,42,16,26,0,14,8,20,13,11,1,0,0,0,0,0,0,0,0,0,0,0,0,0,1.0,1.0,1.0,0.0,0.0,0.0,3,0,0
2499,42,16,26,0,14,8,20,13,11,1,0,0,0,0,0,0,0,0,0,0,0,0,0,1.0,1.0,1.0,0.0,0.0,0.0,3,0,0
2500,46,19,27,4,14,8,20,13,10,1,1,0,0,0,0,0,0,0,0,1,0,0,0,1.0,1.0,1.0,0.09523809523809523,0.09523809523809523,0.0,3,4,0
2501,45,19,26,4,13,8,20,13,10,1,1,0,0,0,0,0,0,0,0,0,1,0,1,0.9444444444444444,1.0,1.0,0.0,0.0,0.0,3,0,1
2502,45,19,26,4,13,8,20,13,10,0,1,0,0,0,0,0,0,0,0,0,0,0,0,1.0,1.0,1.0,0.0,0.0,0.0,3,0,0
2503,45,19,26,4,13,8,20,13,10,0,1,0,0,0,0,0,0,0,0,0,0,0,0,1.0,1.0,1.0,0.0,0.0,0.0,3,0,0
2504,45,19,26,4,13,8,20,13,10,0,1,0,0,0,0,0,0,0,0,0,0,0,0,1.0,1.0,1.0,0.0,0.0,0.0,3,0,0
2505,45,19,26,4,13,8,20,13,10,0,1,0,0,0,0,0,0,0,0,0,0,0,0,1.0,1.0,1.0,0.0,0.0,0.0,3,0,0
2506,49,22,27,8,13,8,20,13,9,0,2,0,0,0,0,0,0,0,0,1,0,0,0,1.0,1.0,1.0,0.08888888888888889,0.08888888888888889,0.0,3,4,0
2507,56,24,32,16,12,8,20,13,7,0,4,0,0,0,0,0,0,0,0,2,1,0,1,0.9523809523809523,1.0,1.0,0.16326530612244897,0.16326530612244897,0.0,3,8,1
2508,58,25,33,18,12,8,20,13,6,0,5,0,0,0,0,0,0,0,0,1,1,0,1,0.9642857142857143,1.0,1.0,0.05357142857142857,0.05357142857142857,0.0,3,3,1
2509,62,29,33,22,12,8,20,13,5,0,6,0,0,0,0,0,0,0,0,1,0,0,0,1.0,1.0,1.0,0.06896551724137931,0.06896551724137931,0.0,3,4,0
2510,65,30,35,25,12,8,20,13,4,0,7,0,0,0,0,0,0,0,0,1,1,0,1,0.9705882352941176,1.0,1.0,0.06451612903225806,0.06451612903225806,0.0,3,4,1
2511,67,31,36,27,12,8,20,13,3,0,8,0,0,0,0,0,0,0,0,1,1,0,1,0.972972972972973,1.0,1.0,0.046153846153846156,0.046153846153846156,0.0,3,3,1
2512,63,29,34,24,12,8,19,12,3,0,7,0,0,0,0,0,0,0,0,0,3,0,3,0.9230769230769231,1.0,0.9230769230769231,0.0,0.0,0.0,3,0,4
2513,60,27,33,23,10,8,19,12,3,0,7,0,0,0,0,0,0,0,0,0,3,0,3,0.9166666666666666,1.0,1.0,0.0,0.0,0.0,3,0,3
2514,60,27,33,23,10,8,19,12,3,0,7,0,0,0,0,0,0,0,0,0,0,0,0,1.0,1.0,1.0,0.0,0.0,0.0,3,0,0
2515,59,26,33,22,10,8,19,12,3,0,7,0,0,0,0,0,0,0,0,0,1,0,1,0.9696969696969697,1.0,1.0,0.0,0.0,0.0,3,0,1
2516,59,26,33,22,10,8,19,12,3,0,7,0,0,0,0,0,0,0,0,0,0,0,0,1.0,1.0,1.0,0.0,0.0,0.0,3,0,0
2517,57,26,31,20,10,8,19,12,3,0,7,0,0,0,0,0,0,0,0,0,2,0,2,0.9375,1.0,1.0,0.0,0.0,0.0,3,0,2
2518,56,25,31,19,10,8,19,12,3,0,7,0,0,0,0,0,0,0,0,0,1,0,1,0.9666666666666667,1.0,1.0,0.0,0.0,0.0,3,0,1
2519,56,25,31,19,10,8,19,12,3,0,7,0,0,0,0,0,0,0,0,0,0,0,0,1.0,1.0,1.0,0.0,0.0,0.0,3,0,0
2520,56,25,31,19,10,8,19,12,3,0,7,0,0,0,0,0,0,0,0,0,0,0,0,1.0,1.0,1.0,0.0,0.0,0.0,3,0,0
2521,56,25,31,19,10,8,19,12,3,0,7,0,0,0,0,0,0,0,0,0,0,0,0,1.0,1.0,1.0,0.0,0.0,0.0,3,0,0
2522,56,25,31,19,10,8,19,12,3,0,7,0,0,0,0,0,0,0,0,0,0,0,0,1.0,1.0,1.0,0.0,0.0,0.0,3,0,0
2523,56,25,31,19,10,8,19,12,3,0,7,0,0,0,0,0,0,0,0,0,0,0,0,1.0,1.0,1.0,0.0,0.0,0.0,3,0,0
2524,56,25,31,19,10,8,19,12,3,0,7,0,0,0,0,0,0,0,0,0,0,0,0,1.0,1.0,1.0,0.0,0.0,0.0,3,0,0
2525,56,25,31,19,10,8,19,12,3,0,7,0,0,0,0,0,0,0,0,0,0,0,0,1.0,1.0,1.0,0.0,0.0,0.0,3,0,0
2526,56,25,31,19,10,8,19,12,3,0,7,0,0,0,0,0,0,0,0,0,0,0,0,1.0,1.0,1.0,0.0,0.0,0.0,3,0,0
2527,55,24,31,18,10,8,19,12,3,0,7,0,0,0,0,0,0,0,0,0,1,0,1,0.9655172413793104,1.0,1.0,0.0,0.0,0.0,3,0,1
2528,55,24,31,18,10,8,19,12,3,0,7,0,0,0,0,0,0,0,0,0,0,0,0,1.0,1.0,1.0,0.0,0.0,0.0,3,0,0
2529,54,24,30,18,9,8,19,12,3,0,7,0,0,0,0,0,0,0,0,0,1,0,1,0.9642857142857143,1.0,1.0,0.0,0.0,0.0,3,0,1
2530,54,24,30,18,9,8,19,12,3,0,7,0,0,0,0,0,0,0,0,0,0,0,0,1.0,1.0,1.0,0.0,0.0,0.0,3,0,0
2531,53,24,29,18,8,8,19,12,3,0,7,0,0,0,0,0,0,0,0,0,1,0,1,0.962962962962963,1.0,1.0,0.0,0.0,0.0,3,0,1
2532,53,24,29,18,8,8,19,12,3,0,7,0,0,0,0,0,0,0,0,0,0,0,0,1.0,1.0,1.0,0.0,0.0,0.0,3,0,0
2533,53,24,29,18,8,8,19,12,3,0,7,0,0,0,0,0,0,0,0,0,0,0,0,1.0,1.0,1.0,0.0,0.0,0.0,3,0,0
2534,53,24,29,18,8,8,19,12,3,0,7,0,0,0,0,0,0,0,0,0,0,0,0,1.0,1.0,1.0,0.0,0.0,0.0,3,0,0
2535,56,27,29,21,8,8,19,12,2,0,8,0,0,0,0,0,0,0,0,1,1,0,1,0.9615384615384616,1.0,1.0,0.07547169811320754,0.07547169811320754,0.0,3,4,1
2536,55,27,28,21,7,8,19,12,2,0,8,0,0,0,0,0,0,0,0,0,1,0,1,0.9655172413793104,1.0,1.0,0.0,0.0,0.0,3,0,1
2537,55,27,28,21,7,8,19,12,2,0,8,0,0,0,0,0,0,0,0,0,0,0,0,1.0,1.0,1.0,0.0,0.0,0.0,3,0,0
2538,55,27,28,21,7,8,19,12,2,0,8,0,0,0,0,0,0,0,0,0,0,0,0,1.0,1.0,1.0,0.0,0.0,0.0,3,0,0
2539,56,29,27,22,7,8,19,12,1,0,9,0,0,0,0,0,0,0,0,1,2,0,2,0.9285714285714286,1.0,1.0,0.05454545454545454,0.05454545454545454,0.0,3,3,2
2540,56,29,27,22,7,7,20,13,1,0,9,0,0,0,0,0,0,0,0,0,0,0,0,1.0,1.0,1.0,0.0,0.0,0.0,3,0,0
2541,56,29,27,22,7,7,20,13,1,0,9,0,0,0,0,0,0,0,0,0,0,0,0,1.0,1.0,1.0,0.0,0.0,0.0,3,0,0
2542,55,28,27,22,6,7,20,13,1,0,9,0,0,0,0,0,0,0,0,0,1,0,1,0.9655172413793104,1.0,1.0,0.0,0.0,0.0,3,0,1
2543,54,28,26,19,8,7,20,13,1,0,9,0,0,0,0,0,0,0,0,0,1,0,1,0.9642857142857143,1.0,1.0,0.0,0.0,0.0,3,0,1
2544,53,28,25,18,8,7,20,13,1,0,9,0,0,0,0,0,0,0,0,0,1,0,1,0.962962962962963,1.0,1.0,0.0,0.0,0.0,3,0,1
2545,52,27,25,18,7,7,20,13,1,0,8,0,0,0,0,0,0,0,0,0,1,0,1,0.9615384615384616,1.0,1.0,0.0,0.0,0.0,3,0,1
2546,52,27,25,18,7,7,20,13,1,0,8,0,0,0,0,0,0,0,0,0,0,0,0,1.0,1.0,1.0,0.0,0.0,0.0,3,0,0
2547,52,27,25,18,7,7,20,13,1,0,8,0,0,0,0,0,0,0,0,0,0,0,0,1.0,1.0,1.0,0.0,0.0,0.0,3,0,0
2548,52,27,25,18,7,7,20,13,1,0,8,0,0,0,0,0,0,0,0,0,0,0,0,1.0,1.0,1.0,0.0,0.0,0.0,3,0,0
2549,54,27,27,19,9,7,19,12,0,0,8,0,0,0,0,0,0,0,0,1,0,0,0,1.0,1.0,0.9230769230769231,0.057692307692307696,0.057692307692307696,0.0,3,3,1
2550,54,27,27,16,12,7,19,12,0,0,8,0,0,0,0,0,0,0,0,0,0,0,0,1.0,1.0,1.0,0.0,0.0,0.0,3,0,0
2551,54,27,27,14,14,7,19,12,0,0,7,0,0,0,0,0,0,0,0,0,0,0,0,1.0,1.0,1.0,0.0,0.0,0.0,3,0,0
2552,54,27,27,11,17,7,19,12,0,0,5,0,0,0,0,0,0,0,0,0,0,0,0,1.0,1.0,1.0,0.0,0.0,0.0,3,0,0
2553,54,27,27,10,18,7,19,12,0,0,4,0,0,0,0,0,0,0,0,0,0,0,0,1.0,1.0,1.0,0.0,0.0,0.0,3,0,0
2554,54,27,27,10,18,7,19,12,0,0,3,0,0,0,0,0,0,0,0,0,0,0,0,1.0,1.0,1.0,0.0,0.0,0.0,3,0,0
2555,53,27,26,10,17,7,19,12,0,0,3,0,0,0,0,0,0,0,0,0,1,0,1,0.9642857142857143,1.0,1.0,0.0,0.0,0.0,3,0,1
2556,53,27,26,10,17,7,19,12,0,0,2,0,0,0,0,0,0,0,0,0,0,0,0,1.0,1.0,1.0,0.0,0.0,0.0,3,0,0
2557,53,27,26,10,17,7,19,12,0,0,2,0,0,0,0,0,0,0,0,0,0,0,0,1.0,1.0,1.0,0.0,0.0,0.0,3,0,0
2558,53,27,26,10,17,7,19,12,0,0,2,0,0,0,0,0,0,0,0,0,0,0,0,1.0,1.0,1.0,0.0,0.0,0.0,3,0,0
2559,52,27,25,10,17,7,18,11,0,0,2,0,0,0,0,0,0,0,0,0,0,0,0,1.0,1.0,0.9166666666666666,0.0,0.0,0.0,3,0,1
2560,52,27,25,10,17,7,18,11,0,0,2,0,0,0,0,0,0,0,0,0,0,0,0,1.0,1.0,1.0,0.0,0.0,0.0,3,0,0
2561,52,27,25,10,17,7,18,11,0,0,2,0,0,0,0,0,0,0,0,0,0,0,0,1.0,1.0,1.0,0.0,0.0,0.0,3,0,0
2562,52,27,25,10,17,7,18,11,0,0,2,0,0,0,0,0,0,0,0,0,0,0,0,1.0,1.0,1.0,0.0,0.0,0.0,3,0,0
2563,51,26,25,10,16,7,18,11,0,0,2,0,0,0,0,0,0,0,0,0,1,0,1,0.962962962962963,1.0,1.0,0.0,0.0,0.0,3,0,1
2564,51,26,25,10,16,7,18,11,0,0,2,0,0,0,0,0,0,0,0,0,0,0,0,1.0,1.0,1.0,0.0,0.0,0.0,3,0,0
2565,50,25,25,9,16,7,18,11,0,0,2,0,0,0,0,0,0,0,0,0,1,0,1,0.9615384615384616,1.0,1.0,0.0,0.0,0.0,3,0,1
2566,50,25,25,9,16,7,18,11,0,0,2,0,0,0,0,0,0,0,0,0,0,0,0,1.0,1.0,1.0,0.0,0.0,0.0,3,0,0
2567,50,25,25,9,16,7,18,11,0,0,2,0,0,0,0,0,0,0,0,0,0,0,0,1.0,1.0,1.0,0.0,0.0,0.0,3,0,0
2568,50,25,25,9,16,7,18,11,0,0,2,0,0,0,0,0,0,0,0,0,0,0,0,1.0,1.0,1.0,0.0,0.0,0.0,3,0,0
2569,50,25,25,9,16,7,18,11,0,0,2,0,0,0,0,0,0,0,0,0,0,0,0,1.0,1.0,1.0,0.0,0.0,0.0,3,0,0
2570,50,25,25,9,16,7,18,11,0,0,2,0,0,0,0,0,0,0,0,0,0,0,0,1.0,1.0,1.0,0.0,0.0,0.0,3,0,0
2571,50,25,25,9,16,7,18,11,0,0,2,0,0,0,0,0,0,0,0,0,0,0,0,1.0,1.0,1.0,0.0,0.0,0.0,3,0,0
2572,50,25,25,9,16,7,18,11,0,0,2,0,0,0,0,0,0,0,0,0,0,0,0,1.0,1.0,1.0,0.0,0.0,0.0,3,0,0
2573,50,25,25,9,16,7,18,11,0,0,2,0,0,0,0,0,0,0,0,0,0,0,0,1.0,1.0,1.0,0.0,0.0,0.0,3,0,0
2574,50,25,25,9,16,6,19,12,0,0,2,0,0,0,0,0,0,0,0,0,0,0,0,1.0,1.0,1.0,0.0,0.0,0.0,3,0,0
2575,50,25,25,9,16,6,19,12,0,0,2,0,0,0,0,0,0,0,0,0,0,0,0,1.0,1.0,1.0,0.0,0.0,0.0,3,0,0
2576,49,24,25,8,16,6,19,12,0,0,2,0,0,0,0,0,0,0,0,0,1,3,1,0.96,1.0,1.0,0.0,0.0,0.0,3,0,1
2577,49,24,25,8,16,6,19,12,0,0,2,0,0,0,0,0,0,0,0,0,0,1,0,1.0,1.0,1.0,0.0,0.0,0.0,3,0,0
2578,49,24,25,5,19,6,19,12,0,0,2,0,0,0,0,0,0,0,0,0,0,0,0,1.0,1.0,1.0,0.0,0.0,0.0,3,0,0
2579,49,24,25,5,19,6,19,12,0,0,2,0,0,0,0,0,0,0,0,0,0,0,0,1.0,1.0,1.0,0.0,0.0,0.0,3,0,0
2580,49,24,25,5,16,9,19,12,0,0,1,0,0,0,0,0,0,0,0,0,0,0,0,1.0,1.0,1.0,0.0,0.0,0.0,3,0,0
2581,48,23,25,5,14,10,19,12,0,0,1,0,0,0,0,0,0,0,0,0,1,0,1,0.95,1.0,1.0,0.0,0.0,0.0,3,0,1
2582,48,23,25,3,16,10,19,12,0,0,1,0,0,0,0,0,0,0,0,0,0,0,0,1.0,1.0,1.0,0.0,0.0,0.0,3,0,0
2583,48,23,25,3,16,10,19,12,0,0,1,0,0,0,0,0,0,0,0,0,0,0,0,1.0,1.0,1.0,0.0,0.0,0.0,3,0,0
2584,48,23,25,3,16,10,19,12,0,0,1,0,0,0,0,0,0,0,0,0,0,0,0,1.0,1.0,1.0,0.0,0.0,0.0,3,0,0
2585,48,23,25,3,16,10,19,12,3,0,1,0,0,0,0,0,11,3,0,0,0,0,0,1.0,1.0,1.0,0.0,0.0,0.2727272727272727,3,0,0
2586,47,22,25,3,15,10,19,12,6,0,1,0,0,0,0,0,14,3,0,0,1,0,1,0.9473684210526316,1.0,1.0,0.0,0.0,0.21428571428571427,3,0,1
2587,47,22,25,3,15,10,19,12,6,0,1,0,0,0,0,0,1,0,0,0,0,0,0,1.0,1.0,1.0,0.0,0.0,0.0,3,0,0
2588,47,22,25,3,15,10,19,12,6,0,1,0,0,0,0,0,2,0,0,0,0,0,0,1.0,1.0,1.0,0.0,0.0,0.0,3,0,0
2589,46,21,25,3,14,10,19,12,6,1,1,0,0,0,0,0,2,0,1,0,1,0,1,0.9444444444444444,1.0,1.0,0.0,0.0,0.0,3,0,1
2590,45,20,25,3,13,10,19,12,6,1,1,0,0,0,0,0,0,0,0,0,1,0,1,0.9411764705882353,1.0,1.0,0.0,0.0,0.0,3,0,1
2591,44,20,24,2,13,10,19,12,6,1,1,0,0,0,0,0,0,0,0,0,1,0,1,0.9375,1.0,1.0,0.0,0.0,0.0,3,0,1
2592,44,20,24,0,15,10,19,12,6,1,1,0,0,0,0,0,0,0,0,0,0,0,0,1.0,1.0,1.0,0.0,0.0,0.0,3,0,0
2593,44,20,24,0,15,10,19,12,6,1,1,0,0,0,0,0,0,0,0,0,0,0,0,1.0,1.0,1.0,0.0,0.0,0.0,3,0,0
2594,44,20,24,0,15,10,19,12,6,1,0,0,0,0,0,0,0,0,0,0,0,0,0,1.0,1.0,1.0,0.0,0.0,0.0,3,0,0
2595,44,20,24,0,15,10,19,12,7,1,0,0,0,0,0,0,3,1,0,0,0,0,0,1.0,1.0,1.0,0.0,0.0,0.3333333333333333,3,0,0
2596,44,20,24,0,15,10,19,12,7,1,0,0,0,0,0,0,0,0,0,0,0,0,0,1.0,1.0,1.0,0.0,0.0,0.0,3,0,0
2597,43,19,24,0,14,10,19,12,7,1,0,0,0,0,0,0,0,0,0,0,1,0,1,0.9333333333333333,1.0,1.0,0.0,0.0,0.0,3,0,1
2598,43,19,24,0,14,10,19,12,7,2,0,0,0,0,0,0,4,0,1,0,0,0,0,1.0,1.0,1.0,0.0,0.0,0.0,3,0,0
2599,43,19,24,0,14,10,19,12,7,3,0,0,0,0,0,0,3,0,1,0,0,0,0,1.0,1.0,1.0,0.0,0.0,0.0,3,0,0
2600,43,19,24,0,14,10,19,12,9,3,0,0,0,0,0,0,5,2,0,0,0,0,0,1.0,1.0,1.0,0.0,0.0,0.4,3,0,0
2601,43,19,24,0,14,10,19,12,9,3,0,0,0,0,0,0,0,0,0,0,0,0,0,1.0,1.0,1.0,0.0,0.0,0.0,3,0,0
2602,43,19,24,0,14,10,19,12,9,3,0,0,0,0,0,0,0,0,0,0,0,0,0,1.0,1.0,1.0,0.0,0.0,0.0,3,0,0
2603,43,19,24,0,14,10,19,12,9,3,0,0,0,0,0,0,0,0,0,0,0,0,0,1.0,1.0,1.0,0.0,0.0,0.0,3,0,0
2604,43,19,24,0,14,8,21,12,9,3,0,0,0,0,0,0,0,0,0,0,0,0,0,1.0,1.0,1.0,0.0,0.0,0.0,3,0,0
2605,43,19,24,0,14,8,21,12,9,3,0,0,0,0,0,0,0,0,0,0,0,0,0,1.0,1.0,1.0,0.0,0.0,0.0,3,0,0
2606,43,19,24,0,14,7,22,12,9,3,0,0,0,0,0,0,0,0,0,0,0,0,0,1.0,1.0,1.0,0.0,0.0,0.0,3,0,0
2607,43,19,24,0,14,7,22,12,9,3,0,0,0,0,0,0,0,0,0,0,0,0,0,1.0,1.0,1.0,0.0,0.0,0.0,3,0,0
2608,43,19,24,0,14,7,22,12,9,3,0,0,0,0,0,0,0,0,0,0,0,0,0,1.0,1.0,1.0,0.0,0.0,0.0,3,0,0
2609,43,19,24,0,14,7,22,12,9,3,0,0,0,0,0,0,0,0,0,0,0,0,0,1.0,1.0,1.0,0.0,0.0,0.0,3,0,0
2610,43,19,24,0,14,7,22,12,9,3,0,0,0,0,0,0,0,0,0,0,0,0,0,1.0,1.0,1.0,0.0,0.0,0.0,3,0,0
2611,43,19,24,0,14,7,22,12,9,3,0,0,0,0,0,0,0,0,0,0,0,0,0,1.0,1.0,1.0,0.0,0.0,0.0,3,0,0
2612,43,19,24,0,14,7,22,12,9,3,0,0,0,0,0,0,0,0,0,0,0,0,0,1.0,1.0,1.0,0.0,0.0,0.0,3,0,0
2613,43,19,24,0,14,7,22,12,9,3,0,0,0,0,0,0,0,0,0,0,0,0,0,1.0,1.0,1.0,0.0,0.0,0.0,3,0,0
2614,42,19,23,0,13,6,23,13,10,3,0,0,0,0,0,0,5,1,0,0,1,0,1,0.9285714285714286,1.0,1.0,0.0,0.0,0.2,3,0,1
2615,41,19,22,0,12,6,23,13,10,3,0,0,0,0,0,0,0,0,0,0,1,0,1,0.9230769230769231,1.0,1.0,0.0,0.0,0.0,3,0,1
2616,41,19,22,0,12,6,23,13,10,3,0,0,0,0,0,0,0,0,0,0,0,0,0,1.0,1.0,1.0,0.0,0.0,0.0,3,0,0
2617,41,19,22,0,12,6,23,13,10,3,0,0,0,0,0,0,0,0,0,0,0,0,0,1.0,1.0,1.0,0.0,0.0,0.0,3,0,0
2618,41,19,22,0,12,6,23,13,10,3,0,0,0,0,0,0,0,0,0,0,0,0,0,1.0,1.0,1.0,0.0,0.0,0.0,3,0,0
2619,41,19,22,0,12,6,23,13,10,3,0,0,0,0,0,0,0,0,0,0,0,0,0,1.0,1.0,1.0,0.0,0.0,0.0,3,0,0
2620,41,19,22,0,12,6,23,13,10,3,0,0,0,0,0,0,0,0,0,0,0,0,0,1.0,1.0,1.0,0.0,0.0,0.0,3,0,0
2621,41,19,22,0,12,6,23,13,10,3,0,0,0,0,0,0,0,0,0,0,0,0,0,1.0,1.0,1.0,0.0,0.0,0.0,3,0,0
2622,41,19,22,0,12,6,23,13,10,3,0,0,0,0,0,0,0,0,0,0,0,0,0,1.0,1.0,1.0,0.0,0.0,0.0,3,0,0
2623,41,19,22,0,12,6,23,13,10,3,0,0,0,0,0,0,0,0,0,0,0,0,0,1.0,1.0,1.0,0.0,0.0,0.0,3,0,0
2624,41,19,22,0,12,6,23,13,10,3,0,0,0,0,0,0,0,0,0,0,0,0,0,1.0,1.0,1.0,0.0,0.0,0.0,3,0,0
2625,41,19,22,0,12,6,23,13,10,3,0,0,0,0,0,0,0,0,0,0,0,0,0,1.0,1.0,1.0,0.0,0.0,0.0,3,0,0
2626,41,19,22,0,12,6,23,13,10,3,0,0,0,0,0,0,0,0,0,0,0,0,0,1.0,1.0,1.0,0.0,0.0,0.0,3,0,0
2627,41,19,22,0,12,6,23,13,10,3,0,0,0,0,0,0,0,0,0,0,0,0,0,1.0,1.0,1.0,0.0,0.0,0.0,3,0,0
2628,41,19,22,0,12,6,23,13,10,3,0,0,0,0,0,0,0,0,0,0,0,0,0,1.0,1.0,1.0,0.0,0.0,0.0,3,0,0
2629,41,19,22,0,12,6,23,13,10,3,0,0,0,0,0,0,0,0,0,0,0,0,0,1.0,1.0,1.0,0.0,0.0,0.0,3,0,0
2630,41,19,22,0,12,6,23,13,10,3,0,0,0,0,0,0,0,0,0,0,0,0,0,1.0,1.0,1.0,0.0,0.0,0.0,3,0,0
2631,41,19,22,0,12,5,24,14,10,3,0,0,0,0,0,0,0,0,0,0,0,0,0,1.0,1.0,1.0,0.0,0.0,0.0,3,0,0
2632,41,19,22,0,12,5,24,14,10,3,0,0,0,0,0,0,0,0,0,0,0,0,0,1.0,1.0,1.0,0.0,0.0,0.0,3,0,0
2633,41,19,22,0,12,5,24,14,10,3,0,0,0,0,0,0,0,0,0,0,0,0,0,1.0,1.0,1.0,0.0,0.0,0.0,3,0,0
2634,40,18,22,0,12,5,23,14,10,2,0,0,0,0,0,0,0,0,0,0,0,0,0,1.0,0.9,1.0,0.0,0.0,0.0,3,0,1
2635,40,18,22,0,12,5,23,14,11,2,0,0,0,0,0,0,1,1,0,0,0,0,0,1.0,1.0,1.0,0.0,0.0,1.0,3,0,0
2636,40,18,22,0,12,5,23,14,11,2,0,0,0,0,0,0,0,0,0,0,0,0,0,1.0,1.0,1.0,0.0,0.0,0.0,3,0,0
2637,39,18,21,0,11,5,23,14,12,2,0,0,0,0,0,0,7,1,0,0,1,0,1,0.9166666666666666,1.0,1.0,0.0,0.0,0.14285714285714285,3,0,1
2638,38,18,20,0,10,5,23,14,12,2,0,0,0,0,0,0,0,0,0,0,1,0,1,0.9090909090909091,1.0,1.0,0.0,0.0,0.0,3,0,1
2639,37,17,20,0,9,5,23,14,12,2,0,0,0,0,0,0,0,0,0,0,1,0,1,0.9,1.0,1.0,0.0,0.0,0.0,3,0,1
2640,37,17,20,0,9,5,23,14,12,2,0,0,0,0,0,0,0,0,0,0,0,0,0,1.0,1.0,1.0,0.0,0.0,0.0,3,0,0
2641,37,17,20,0,9,5,23,14,12,2,0,0,0,0,0,0,0,0,0,0,0,0,0,1.0,1.0,1.0,0.0,0.0,0.0,3,0,0
2642,37,17,20,0,9,5,23,14,12,2,0,0,0,0,0,0,0,0,0,0,0,0,0,1.0,1.0,1.0,0.0,0.0,0.0,3,0,0
2643,37,17,20,0,9,5,23,14,12,1,0,0,0,0,0,0,0,0,0,0,0,0,0,1.0,1.0,1.0,0.0,0.0,0.0,3,0,0
2644,37,17,20,0,9,5,23,14,13,0,0,0,0,0,0,0,6,1,0,0,0,0,0,1.0,1.0,1.0,0.0,0.0,0.16666666666666666,3,0,0
2645,37,17,20,0,9,5,23,14,14,0,0,0,0,0,0,0,5,1,0,0,0,0,0,1.0,1.0,1.0,0.0,0.0,0.2,3,0,0
2646,37,17,20,0,9,5,23,14,14,0,0,0,0,0,0,0,0,0,0,0,0,0,0,1.0,1.0,1.0,0.0,0.0,0.0,3,0,0
2647,37,17,20,0,9,5,23,14,14,0,0,0,0,0,0,0,0,0,0,0,0,0,0,1.0,1.0,1.0,0.0,0.0,0.0,3,0,0
2648,37,17,20,0,9,5,23,14,14,0,0,0,0,0,0,0,0,0,0,0,0,0,0,1.0,1.0,1.0,0.0,0.0,0.0,3,0,0
2649,37,17,20,0,9,5,23,14,14,0,0,0,0,0,0,0,0,0,0,0,0,0,0,1.0,1.0,1.0,0.0,0.0,0.0,3,0,0
2650,47,23,24,10,9,5,23,14,11,0,3,0,0,0,0,0,0,0,0,3,0,0,0,1.0,1.0,1.0,0.2702702702702703,0.2702702702702703,0.0,3,10,0
2651,57,28,29,20,9,5,23,14,8,0,6,0,0,0,0,0,0,0,0,3,0,0,0,1.0,1.0,1.0,0.2127659574468085,0.2127659574468085,0.0,3,10,0
2652,56,27,29,20,9,5,22,14,8,0,6,0,0,0,0,0,0,0,0,0,0,0,0,1.0,0.8888888888888888,1.0,0.0,0.0,0.0,3,0,1
2653,55,27,28,19,9,5,22,14,8,0,6,0,0,0,0,0,0,0,0,0,1,0,1,0.9655172413793104,1.0,1.0,0.0,0.0,0.0,3,0,1
2654,54,26,28,18,9,5,22,14,8,0,6,0,0,0,0,0,0,0,0,0,1,0,1,0.9642857142857143,1.0,1.0,0.0,0.0,0.0,3,0,1
2655,53,25,28,17,9,5,22,14,8,0,6,0,0,0,0,0,0,0,0,0,1,0,1,0.962962962962963,1.0,1.0,0.0,0.0,0.0,3,0,1
2656,52,24,28,16,9,5,22,14,8,0,6,0,0,0,0,0,0,0,0,0,1,0,1,0.9615384615384616,1.0,1.0,0.0,0.0,0.0,3,0,1
2657,51,23,28,15,9,5,22,14,8,0,6,0,0,0,0,0,0,0,0,0,1,0,1,0.96,1.0,1.0,0.0,0.0,0.0,3,0,1
2658,51,23,28,15,9,5,22,14,8,0,6,0,0,0,0,0,0,0,0,0,0,0,0,1.0,1.0,1.0,0.0,0.0,0.0,3,0,0
2659,51,23,28,15,9,5,22,14,8,0,6,0,0,0,0,0,0,0,0,0,0,0,0,1.0,1.0,1.0,0.0,0.0,0.0,3,0,0
2660,55,26,29,19,9,5,22,14,7,0,7,0,0,0,0,0,0,0,0,1,0,0,0,1.0,1.0,1.0,0.0784313725490196,0.0784313725490196,0.0,3,4,0
2661,55,26,29,19,9,5,22,14,7,0,7,0,0,0,0,0,0,0,0,0,0,0,0,1.0,1.0,1.0,0.0,0.0,0.0,3,0,0
2662,54,25,29,18,9,5,22,14,7,0,7,0,0,0,0,0,0,0,0,0,1,0,1,0.9642857142857143,1.0,1.0,0.0,0.0,0.0,3,0,1
2663,54,25,29,18,9,4,23,15,8,0,7,0,0,0,0,0,1,1,0,0,0,0,0,1.0,1.0,1.0,0.0,0.0,1.0,3,0,0
2664,54,25,29,18,9,4,23,15,8,0,7,0,0,0,0,0,0,0,0,0,0,0,0,1.0,1.0,1.0,0.0,0.0,0.0,3,0,0
2665,60,27,33,24,9,3,24,16,7,0,9,0,0,0,0,0,8,1,0,2,0,0,0,1.0,1.0,1.0,0.1111111111111111,0.1111111111111111,0.125,3,6,0
2666,59,27,32,23,9,3,24,16,7,0,9,0,0,0,0,0,0,0,0,0,1,0,1,0.9696969696969697,1.0,1.0,0.0,0.0,0.0,3,0,1
2667,58,26,32,23,8,3,24,16,7,0,9,0,0,0,0,0,0,0,0,0,1,0,1,0.96875,1.0,1.0,0.0,0.0,0.0,3,0,1
2668,57,25,32,22,8,3,24,16,7,0,9,0,0,0,0,0,0,0,0,0,1,0,1,0.967741935483871,1.0,1.0,0.0,0.0,0.0,3,0,1
2669,55,23,32,20,8,3,24,16,7,0,9,0,0,0,0,0,0,0,0,0,2,0,2,0.9333333333333333,1.0,1.0,0.0,0.0,0.0,3,0,2
2670,54,22,32,20,7,3,24,16,7,0,9,0,0,0,0,0,0,0,0,0,1,0,1,0.9642857142857143,1.0,1.0,0.0,0.0,0.0,3,0,1
2671,54,22,32,20,7,3,24,16,7,0,9,0,0,0,0,0,0,0,0,0,0,0,0,1.0,1.0,1.0,0.0,0.0,0.0,3,0,0
2672,54,22,32,20,7,3,24,16,7,0,9,0,0,0,0,0,0,0,0,0,0,0,0,1.0,1.0,1.0,0.0,0.0,0.0,3,0,0
2673,54,22,32,20,7,3,24,16,7,0,9,0,0,0,0,0,0,0,0,0,0,0,0,1.0,1.0,1.0,0.0,0.0,0.0,3,0,0
2674,53,22,31,19,7,3,24,16,7,0,9,0,0,0,0,0,0,0,0,0,1,0,1,0.962962962962963,1.0,1.0,0.0,0.0,0.0,3,0,1
2675,53,22,31,19,7,3,24,16,7,0,9,0,0,0,0,0,0,0,0,0,0,0,0,1.0,1.0,1.0,0.0,0.0,0.0,3,0,0
2676,52,21,31,19,7,3,23,16,7,0,9,0,0,0,0,0,0,0,0,0,0,0,0,1.0,0.875,1.0,0.0,0.0,0.0,3,0,1
2677,51,21,30,18,7,3,23,16,7,0,9,0,0,0,0,0,0,0,0,0,1,0,1,0.9615384615384616,1.0,1.0,0.0,0.0,0.0,3,0,1
2678,51,21,30,18,7,3,23,16,7,0,9,0,0,0,0,0,0,0,0,0,0,0,0,1.0,1.0,1.0,0.0,0.0,0.0,3,0,0
2679,54,21,33,21,7,3,23,16,6,0,10,0,0,0,0,0,0,0,0,1,0,0,0,1.0,1.0,1.0,0.058823529411764705,0.058823529411764705,0.0,3,3,0
2680,54,21,33,21,7,3,23,16,6,0,10,0,0,0,0,0,0,0,0,0,0,0,0,1.0,1.0,1.0,0.0,0.0,0.0,3,0,0
2681,53,21,32,20,7,3,23,16,6,0,10,0,0,0,0,0,0,0,0,0,1,0,1,0.9642857142857143,1.0,1.0,0.0,0.0,0.0,3,0,1
2682,53,21,32,20,7,3,23,16,6,0,10,0,0,0,0,0,0,0,0,0,0,0,0,1.0,1.0,1.0,0.0,0.0,0.0,3,0,0
2683,53,21,32,20,7,3,23,16,6,0,10,0,0,0,0,0,0,0,0,0,0,0,0,1.0,1.0,1.0,0.0,0.0,0.0,3,0,0
2684,53,21,32,20,7,3,23,16,6,0,10,0,0,0,0,0,0,0,0,0,0,0,0,1.0,1.0,1.0,0.0,0.0,0.0,3,0,0
2685,53,21,32,20,7,3,23,16,6,0,10,0,0,0,0,0,0,0,0,0,0,0,0,1.0,1.0,1.0,0.0,0.0,0.0,3,0,0
2686,53,21,32,20,7,3,23,16,6,0,10,0,0,0,0,0,0,0,0,0,0,1,0,1.0,1.0,1.0,0.0,0.0,0.0,3,0,0
2687,53,21,32,20,7,3,23,16,6,0,10,0,0,0,0,0,0,0,0,0,0,1,0,1.0,1.0,1.0,0.0,0.0,0.0,3,0,0
2688,53,21,32,20,7,3,23,16,6,0,10,0,0,0,0,0,0,0,0,0,0,1,0,1.0,1.0,1.0,0.0,0.0,0.0,3,0,0
2689,53,21,32,20,7,3,23,16,6,0,10,0,0,0,0,0,0,0,0,0,0,0,0,1.0,1.0,1.0,0.0,0.0,0.0,3,0,0
2690,53,21,32,20,6,4,23,16,6,0,10,0,0,0,0,0,0,0,0,0,0,0,0,1.0,1.0,1.0,0.0,0.0,0.0,3,0,0
2691,53,21,32,20,5,5,23,16,6,0,10,0,0,0,0,0,0,0,0,0,0,0,0,1.0,1.0,1.0,0.0,0.0,0.0,3,0,0
2692,53,21,32,20,4,6,23,16,6,0,10,0,0,0,0,0,0,0,0,0,0,0,0,1.0,1.0,1.0,0.0,0.0,0.0,3,0,0
2693,52,20,32,15,8,6,23,16,6,0,10,0,0,0,0,0,0,0,0,0,1,0,1,0.9583333333333334,1.0,1.0,0.0,0.0,0.0,3,0,1
2694,50,19,31,8,13,6,23,16,6,0,10,0,0,0,0,0,0,0,0,0,2,0,2,0.9130434782608696,1.0,1.0,0.0,0.0,0.0,3,0,2
2695,49,19,30,7,13,6,23,16,6,0,7,0,0,0,0,0,0,0,0,0,1,0,1,0.9523809523809523,1.0,1.0,0.0,0.0,0.0,3,0,1
2696,49,19,30,7,13,6,23,16,8,0,4,0,0,0,0,0,11,2,0,0,0,0,0,1.0,1.0,1.0,0.0,0.0,0.18181818181818182,3,0,0
2697,49,19,30,7,13,6,23,16,9,1,4,0,0,0,0,0,7,1,1,0,0,0,0,1.0,1.0,1.0,0.0,0.0,0.14285714285714285,3,0,0
2698,49,19,30,7,13,6,23,16,10,1,4,0,0,0,0,0,5,1,0,0,0,0,0,1.0,1.0,1.0,0.0,0.0,0.2,3,0,0
2699,48,18,30,7,13,6,22,16,11,1,4,0,0,0,0,0,5,1,0,0,0,0,0,1.0,0.8571428571428572,1.0,0.0,0.0,0.2,3,0,1
2700,52,20,32,11,13,6,22,16,10,1,5,0,0,0,0,0,0,0,0,1,0,0,0,1.0,1.0,1.0,0.08333333333333333,0.08333333333333333,0.0,3,4,0
2701,52,20,32,11,13,6,22,16,10,1,5,0,0,0,0,0,0,0,0,0,0,0,0,1.0,1.0,1.0,0.0,0.0,0.0,3,0,0
2702,55,22,33,14,13,6,22,16,9,1,6,0,0,0,0,0,0,0,0,1,0,0,0,1.0,1.0,1.0,0.057692307692307696,0.057692307692307696,0.0,3,3,0
2703,55,22,33,12,15,6,22,16,9,1,6,0,0,0,0,0,0,0,0,0,0,0,0,1.0,1.0,1.0,0.0,0.0,0.0,3,0,0
2704,54,21,33,12,15,6,21,16,9,1,6,0,0,0,0,0,0,0,0,0,0,0,0,1.0,0.8333333333333334,1.0,0.0,0.0,0.0,3,0,1
2705,54,21,33,12,15,6,21,16,9,1,5,0,0,0,0,0,0,0,0,0,0,0,0,1.0,1.0,1.0,0.0,0.0,0.0,3,0,0
2706,54,21,33,12,15,6,21,16,10,1,5,0,0,0,0,0,3,1,0,0,0,0,0,1.0,1.0,1.0,0.0,0.0,0.3333333333333333,3,0,0
2707,54,21,33,12,15,6,21,16,10,1,5,0,0,0,0,0,0,0,0,0,0,0,0,1.0,1.0,1.0,0.0,0.0,0.0,3,0,0
2708,53,21,32,9,17,6,21,16,10,1,5,0,0,0,0,0,0,0,0,0,1,0,1,0.962962962962963,1.0,1.0,0.0,0.0,0.0,3,0,1
2709,55,23,32,12,16,6,21,16,9,1,6,0,0,0,0,0,0,0,0,1,1,0,1,0.9615384615384616,1.0,1.0,0.05660377358490566,0.05660377358490566,0.0,3,3,1
2710,58,24,34,15,16,5,22,17,8,1,5,0,0,0,0,0,0,0,0,1,1,0,1,0.9642857142857143,1.0,1.0,0.07272727272727272,0.07272727272727272,0.0,3,4,1
2711,58,24,34,15,16,5,22,17,8,2,5,0,0,0,0,0,2,0,1,0,0,0,0,1.0,1.0,1.0,0.0,0.0,0.0,3,0,0
2712,58,24,34,15,16,5,22,17,9,2,5,0,0,0,0,0,6,1,0,0,0,0,0,1.0,1.0,1.0,0.0,0.0,0.16666666666666666,3,0,0
2713,58,24,34,15,16,5,22,17,9,2,5,0,0,0,0,0,0,0,0,0,0,0,0,1.0,1.0,1.0,0.0,0.0,0.0,3,0,0
2714,58,24,34,15,16,5,22,17,9,2,5,0,0,0,0,0,0,0,0,0,0,0,0,1.0,1.0,1.0,0.0,0.0,0.0,3,0,0
2715,57,24,33,14,16,5,22,17,10,2,5,0,0,0,0,0,4,1,0,0,1,0,1,0.967741935483871,1.0,1.0,0.0,0.0,0.25,3,0,1
2716,57,24,33,14,16,4,23,17,10,2,5,0,0,0,0,0,0,0,0,0,0,0,0,1.0,1.0,1.0,0.0,0.0,0.0,3,0,0
2717,57,24,33,14,16,4,23,17,10,2,5,0,0,0,0,0,0,0,0,0,0,0,0,1.0,1.0,1.0,0.0,0.0,0.0,3,0,0
2718,55,22,33,14,14,4,23,17,10,2,5,0,0,0,0,0,0,0,0,0,2,0,2,0.9333333333333333,1.0,1.0,0.0,0.0,0.0,3,0,2
2719,55,22,33,14,14,4,23,17,10,2,5,0,0,0,0,0,0,0,0,0,0,2,0,1.0,1.0,1.0,0.0,0.0,0.0,3,0,0
2720,55,22,33,14,14,4,23,17,10,2,5,0,0,0,0,0,0,0,0,0,0,0,0,1.0,1.0,1.0,0.0,0.0,0.0,3,0,0
2721,55,22,33,14,14,4,23,17,10,2,5,0,0,0,0,0,0,0,0,0,0,0,0,1.0,1.0,1.0,0.0,0.0,0.0,3,0,0
2722,54,22,32,12,15,4,23,17,10,2,5,0,0,0,0,0,0,0,0,0,1,0,1,0.9642857142857143,1.0,1.0,0.0,0.0,0.0,3,0,1
2723,54,22,32,12,13,6,23,17,10,2,5,0,0,0,0,0,0,0,0,0,0,0,0,1.0,1.0,1.0,0.0,0.0,0.0,3,0,0
2724,54,22,32,12,13,6,23,17,10,2,4,0,0,0,0,0,0,0,0,0,0,0,0,1.0,1.0,1.0,0.0,0.0,0.0,3,0,0
2725,54,22,32,12,13,6,23,17,11,2,4,0,0,0,0,0,8,1,0,0,0,0,0,1.0,1.0,1.0,0.0,0.0,0.125,3,0,0
2726,52,21,31,11,12,5,24,18,11,2,4,0,0,0,0,0,0,0,0,0,2,0,2,0.92,1.0,1.0,0.0,0.0,0.0,3,0,2
2727,50,20,30,11,10,5,24,18,11,2,4,0,0,0,0,0,0,0,0,0,2,0,2,0.9130434782608696,1.0,1.0,0.0,0.0,0.0,3,0,2
2728,52,21,31,14,9,5,24,18,11,2,5,0,0,0,0,0,5,1,0,1,1,0,1,0.9523809523809523,1.0,1.0,0.06,0.06,0.2,3,3,1
2729,52,21,31,14,9,5,24,18,11,2,5,0,0,0,0,0,0,0,0,0,0,0,0,1.0,1.0,1.0,0.0,0.0,0.0,3,0,0
2730,54,22,32,17,8,5,24,18,10,2,6,0,0,0,0,0,0,0,0,1,2,0,2,0.9130434782608696,1.0,1.0,0.07692307692307693,0.07692307692307693,0.0,3,4,2
2731,54,22,32,17,8,5,24,18,10,2,6,0,0,0,0,0,0,0,0,0,0,0,0,1.0,1.0,1.0,0.0,0.0,0.0,3,0,0
2732,54,22,32,17,8,5,24,18,10,2,6,0,0,0,0,0,0,0,0,0,0,0,0,1.0,1.0,1.0,0.0,0.0,0.0,3,0,0
2733,54,22,32,17,8,5,24,18,10,2,6,0,0,0,0,0,0,0,0,0,0,0,0,1.0,1.0,1.0,0.0,0.0,0.0,3,0,0
2734,54,22,32,17,8,5,24,18,10,2,6,0,0,0,0,0,0,0,0,0,0,0,0,1.0,1.0,1.0,0.0,0.0,0.0,3,0,0
2735,52,22,30,16,7,5,24,18,10,2,6,0,0,0,0,0,0,0,0,0,2,0,2,0.92,1.0,1.0,0.0,0.0,0.0,3,0,2
2736,51,21,30,16,6,5,24,18,10,2,6,0,0,0,0,0,0,0,0,0,1,0,1,0.9565217391304348,1.0,1.0,0.0,0.0,0.0,3,0,1
2737,51,21,30,16,6,5,24,18,10,2,6,0,0,0,0,0,0,0,0,0,0,0,0,1.0,1.0,1.0,0.0,0.0,0.0,3,0,0
2738,51,21,30,16,6,5,24,18,10,2,6,0,0,0,0,0,0,0,0,0,0,0,0,1.0,1.0,1.0,0.0,0.0,0.0,3,0,0
2739,51,21,30,16,6,5,24,18,10,2,6,0,0,0,0,0,0,0,0,0,0,0,0,1.0,1.0,1.0,0.0,0.0,0.0,3,0,0
2740,51,21,30,16,6,5,24,18,10,2,6,0,0,0,0,0,0,0,0,0,0,0,0,1.0,1.0,1.0,0.0,0.0,0.0,3,0,0
2741,51,21,30,16,6,5,24,18,10,2,6,0,0,0,0,0,0,0,0,0,0,0,0,1.0,1.0,1.0,0.0,0.0,0.0,3,0,0
2742,51,21,30,16,6,5,24,18,10,1,6,0,0,0,0,0,0,0,0,0,0,0,0,1.0,1.0,1.0,0.0,0.0,0.0,3,0,0
2743,51,21,30,13,9,5,24,18,10,1,6,0,0,0,0,0,8,0,0,0,0,0,0,1.0,1.0,1.0,0.0,0.0,0.0,3,0,0
2744,51,21,30,13,9,5,24,18,11,1,6,0,0,0,0,0,4,1,0,0,0,0,0,1.0,1.0,1.0,0.0,0.0,0.25,3,0,0
2745,51,21,30,12,10,5,24,18,11,1,5,0,0,0,0,0,0,0,0,0,0,0,0,1.0,1.0,1.0,0.0,0.0,0.0,3,0,0
2746,51,21,30,12,10,5,24,18,12,1,5,0,0,0,0,0,6,1,0,0,0,0,0,1.0,1.0,1.0,0.0,0.0,0.16666666666666666,3,0,0
2747,51,21,30,12,10,5,24,18,12,1,4,0,0,0,0,0,0,0,0,0,0,0,0,1.0,1.0,1.0,0.0,0.0,0.0,3,0,0
2748,51,21,30,12,10,5,24,18,12,1,4,0,0,0,0,0,8,0,0,0,0,0,0,1.0,1.0,1.0,0.0,0.0,0.0,3,0,0
2749,51,21,30,12,10,5,24,18,13,1,4,0,0,0,0,0,8,1,0,0,0,0,0,1.0,1.0,1.0,0.0,0.0,0.125,3,0,0
2750,51,21,30,12,10,5,24,18,13,1,4,0,0,0,0,0,0,0,0,0,0,0,0,1.0,1.0,1.0,0.0,0.0,0.0,3,0,0
2751,51,21,30,12,10,5,24,18,13,1,4,0,0,0,0,0,0,0,0,0,0,0,0,1.0,1.0,1.0,0.0,0.0,0.0,3,0,0
2752,51,21,30,10,12,5,24,18,13,1,4,0,0,0,0,0,0,0,0,0,0,0,0,1.0,1.0,1.0,0.0,0.0,0.0,3,0,0
2753,51,21,30,6,16,5,24,18,13,1,4,0,0,0,0,0,0,0,0,0,0,0,0,1.0,1.0,1.0,0.0,0.0,0.0,3,0,0
2754,50,20,30,5,16,5,24,18,13,1,3,0,0,0,0,0,0,0,0,0,1,0,1,0.9545454545454546,1.0,1.0,0.0,0.0,0.0,3,0,1
2755,50,20,30,5,16,5,24,18,13,1,2,0,0,0,0,0,2,0,0,0,0,0,0,1.0,1.0,1.0,0.0,0.0,0.0,3,0,0
2756,50,20,30,5,16,5,24,18,14,0,2,0,0,0,0,0,6,1,0,0,0,0,0,1.0,1.0,1.0,0.0,0.0,0.16666666666666666,3,0,0
2757,50,20,30,5,16,5,24,18,14,0,2,0,0,0,0,0,4,0,0,0,0,0,0,1.0,1.0,1.0,0.0,0.0,0.0,3,0,0
2758,49,20,29,4,16,5,24,18,15,0,2,0,0,0,0,0,3,1,0,0,1,0,1,0.9523809523809523,1.0,1.0,0.0,0.0,0.3333333333333333,3,0,1
2759,49,20,29,4,16,5,24,18,15,0,2,0,0,0,0,0,2,0,0,0,0,0,0,1.0,1.0,1.0,0.0,0.0,0.0,3,0,0
2760,49,20,29,4,16,5,24,18,15,0,2,0,0,0,0,0,2,0,0,0,0,0,0,1.0,1.0,1.0,0.0,0.0,0.0,3,0,0
2761,56,22,34,11,16,5,24,18,13,0,4,0,0,0,0,0,0,0,0,2,0,0,0,1.0,1.0,1.0,0.14285714285714285,0.14285714285714285,0.0,3,7,0
2762,58,24,34,13,16,5,24,18,12,0,5,0,0,0,0,0,0,0,0,1,1,0,1,0.962962962962963,1.0,1.0,0.05357142857142857,0.05357142857142857,0.0,3,3,1
2763,59,25,34,17,13,5,24,18,11,0,6,0,0,0,0,0,0,0,0,1,3,0,3,0.896551724137931,1.0,1.0,0.06896551724137931,0.06896551724137931,0.0,3,4,3
2764,62,26,36,21,12,5,24,18,10,0,7,0,0,0,0,0,0,0,0,1,1,0,1,0.9666666666666667,1.0,1.0,0.06779661016949153,0.06779661016949153,0.0,3,4,1
2765,62,26,36,21,12,5,24,18,10,0,7,0,0,0,0,0,0,0,0,0,0,0,0,1.0,1.0,1.0,0.0,0.0,0.0,3,0,0
2766,61,26,35,21,11,5,24,18,10,0,7,0,0,0,0,0,0,0,0,0,1,0,1,0.9696969696969697,1.0,1.0,0.0,0.0,0.0,3,0,1
2767,61,26,35,21,11,4,25,19,11,0,7,0,0,0,0,0,2,1,0,0,0,0,0,1.0,1.0,1.0,0.0,0.0,0.5,3,0,0
2768,61,26,35,21,11,4,25,19,11,0,7,0,0,0,0,0,0,0,0,0,0,0,0,1.0,1.0,1.0,0.0,0.0,0.0,3,0,0
2769,60,26,34,20,11,4,25,19,12,0,7,0,0,0,0,0,3,1,0,0,1,0,1,0.96875,1.0,1.0,0.0,0.0,0.3333333333333333,3,0,1
2770,59,26,33,20,10,4,25,19,12,0,7,0,0,0,0,0,0,0,0,0,1,0,1,0.967741935483871,1.0,1.0,0.0,0.0,0.0,3,0,1
2771,62,27,35,22,11,4,25,19,11,0,8,0,0,0,0,0,0,0,0,1,0,0,0,1.0,1.0,1.0,0.05084745762711865,0.05084745762711865,0.0,3,3,0
2772,61,27,34,21,11,4,25,19,11,0,8,0,0,0,0,0,0,0,0,0,1,0,1,0.9696969696969697,1.0,1.0,0.0,0.0,0.0,3,0,1
2773,60,27,33,19,12,4,25,19,11,0,7,0,0,0,0,0,0,0,0,0,1,0,1,0.96875,1.0,1.0,0.0,0.0,0.0,3,0,1
2774,59,27,32,18,12,4,25,19,12,0,7,0,0,0,0,0,8,1,0,0,1,0,1,0.967741935483871,1.0,1.0,0.0,0.0,0.125,3,0,1
2775,58,27,31,17,12,4,25,19,12,0,6,0,0,0,0,0,0,0,0,0,1,0,1,0.9666666666666667,1.0,1.0,0.0,0.0,0.0,3,0,1
2776,58,27,31,17,12,4,25,19,13,0,6,0,0,0,0,0,5,1,0,0,0,0,0,1.0,1.0,1.0,0.0,0.0,0.2,3,0,0
2777,60,27,33,20,11,4,25,19,12,0,7,0,0,0,0,0,0,0,0,1,1,0,1,0.9655172413793104,1.0,1.0,0.05172413793103448,0.05172413793103448,0.0,3,3,1
2778,58,25,33,18,11,4,25,19,12,0,7,0,0,0,0,0,0,0,0,0,2,0,2,0.935483870967742,1.0,1.0,0.0,0.0,0.0,3,0,2
2779,57,25,32,17,11,4,25,19,12,0,7,0,0,0,0,0,0,0,0,0,1,0,1,0.9655172413793104,1.0,1.0,0.0,0.0,0.0,3,0,1
2780,61,28,33,21,11,4,25,19,11,0,8,0,0,0,0,0,0,0,0,1,0,0,0,1.0,1.0,1.0,0.07017543859649122,0.07017543859649122,0.0,3,4,0
2781,60,27,33,20,11,4,25,19,11,0,8,0,0,0,0,0,0,0,0,0,1,0,1,0.96875,1.0,1.0,0.0,0.0,0.0,3,0,1
2782,59,27,32,20,10,4,25,19,11,0,8,0,0,0,0,0,0,0,0,0,1,0,1,0.967741935483871,1.0,1.0,0.0,0.0,0.0,3,0,1
2783,59,27,32,20,10,4,25,19,11,0,8,0,0,0,0,0,0,0,0,0,0,0,0,1.0,1.0,1.0,0.0,0.0,0.0,3,0,0
2784,59,27,32,20,10,4,25,19,11,0,8,0,0,0,0,0,0,0,0,0,0,0,0,1.0,1.0,1.0,0.0,0.0,0.0,3,0,0
2785,59,27,32,20,10,4,25,19,11,0,8,0,0,0,0,0,0,0,0,0,0,0,0,1.0,1.0,1.0,0.0,0.0,0.0,3,0,0
2786,59,27,32,20,10,4,25,19,11,0,8,0,0,0,0,0,0,0,0,0,0,0,0,1.0,1.0,1.0,0.0,0.0,0.0,3,0,0
2787,56,26,30,18,10,4,24,19,11,0,8,0,0,0,0,0,0,0,0,0,2,0,2,0.9333333333333333,0.8333333333333334,1.0,0.0,0.0,0.0,3,0,3
2788,55,25,30,18,9,4,24,19,11,0,8,0,0,0,0,0,0,0,0,0,1,0,1,0.9642857142857143,1.0,1.0,0.0,0.0,0.0,3,0,1
2789,54,24,30,18,8,4,24,19,11,0,8,0,0,0,0,0,0,0,0,0,1,0,1,0.962962962962963,1.0,1.0,0.0,0.0,0.0,3,0,1
2790,56,24,32,20,8,4,24,19,10,0,9,0,0,0,0,0,0,0,0,1,1,0,1,0.9615384615384616,1.0,1.0,0.05555555555555555,0.05555555555555555,0.0,3,3,1
2791,56,24,32,20,8,4,24,19,10,0,9,0,0,0,0,0,0,0,0,0,0,0,0,1.0,1.0,1.0,0.0,0.0,0.0,3,0,0
2792,55,23,32,20,7,4,24,19,10,0,9,0,0,0,0,0,0,0,0,0,1,0,1,0.9642857142857143,1.0,1.0,0.0,0.0,0.0,3,0,1
2793,58,23,35,23,7,4,24,19,9,0,10,0,0,0,0,0,0,0,0,1,1,0,1,0.962962962962963,1.0,1.0,0.07272727272727272,0.07272727272727272,0.0,3,4,1
2794,58,23,35,23,7,4,24,19,9,0,10,0,0,0,0,0,0,0,0,0,0,0,0,1.0,1.0,1.0,0.0,0.0,0.0,3,0,0
2795,57,22,35,23,6,4,24,19,9,0,10,0,0,0,0,0,0,0,0,0,1,0,1,0.9666666666666667,1.0,1.0,0.0,0.0,0.0,3,0,1
2796,57,22,35,23,6,4,24,19,9,0,10,0,0,0,0,0,0,0,0,0,0,0,0,1.0,1.0,1.0,0.0,0.0,0.0,3,0,0
2797,55,22,33,21,6,4,24,19,9,0,10,0,0,0,0,0,0,0,0,0,2,0,2,0.9310344827586207,1.0,1.0,0.0,0.0,0.0,3,0,2
2798,55,22,33,21,6,4,24,19,9,0,10,0,0,0,0,0,0,0,0,0,0,0,0,1.0,1.0,1.0,0.0,0.0,0.0,3,0,0
2799,54,22,32,20,6,4,24,19,9,0,10,0,0,0,0,0,0,0,0,0,1,0,1,0.962962962962963,1.0,1.0,0.0,0.0,0.0,3,0,1
2800,54,22,32,20,6,4,24,19,9,0,10,0,0,0,0,0,0,0,0,0,0,0,0,1.0,1.0,1.0,0.0,0.0,0.0,3,0,0
2801,54,22,32,20,6,4,24,19,9,0,10,0,0,0,0,0,0,0,0,0,0,0,0,1.0,1.0,1.0,0.0,0.0,0.0,3,0,0
2802,54,22,32,20,6,4,24,19,9,0,10,0,0,0,0,0,0,0,0,0,0,0,0,1.0,1.0,1.0,0.0,0.0,0.0,3,0,0
2803,54,22,32,20,6,4,24,19,9,0,10,0,0,0,0,0,0,0,0,0,0,0,0,1.0,1.0,1.0,0.0,0.0,0.0,3,0,0
2804,53,21,32,15,10,4,24,19,9,0,10,0,0,0,0,0,0,0,0,0,1,0,1,0.9615384615384616,1.0,1.0,0.0,0.0,0.0,3,0,1
2805,53,21,32,13,12,4,24,19,9,0,10,0,0,0,0,0,0,0,0,0,0,0,0,1.0,1.0,1.0,0.0,0.0,0.0,3,0,0
2806,53,21,32,9,16,4,24,19,9,0,8,0,0,0,0,0,0,0,0,0,0,0,0,1.0,1.0,1.0,0.0,0.0,0.0,3,0,0
2807,53,21,32,8,17,4,24,19,11,0,7,0,0,0,0,0,12,2,0,0,0,0,0,1.0,1.0,1.0,0.0,0.0,0.16666666666666666,3,0,0
2808,53,21,32,8,17,4,24,19,12,0,6,0,0,0,0,0,2,1,0,0,0,0,0,1.0,1.0,1.0,0.0,0.0,0.5,3,0,0
2809,57,25,32,12,17,4,24,19,11,0,6,0,0,0,0,0,2,0,0,1,0,0,0,1.0,1.0,1.0,0.07547169811320754,0.07547169811320754,0.0,3,4,0
2810,57,25,32,12,17,4,24,19,12,0,6,0,0,0,0,0,2,1,0,0,0,0,0,1.0,1.0,1.0,0.0,0.0,0.5,3,0,0
2811,61,28,33,16,17,4,24,19,12,0,7,0,0,0,0,0,2,1,0,1,0,0,0,1.0,1.0,1.0,0.07017543859649122,0.07017543859649122,0.5,3,4,0
2812,61,28,33,16,17,4,24,19,12,0,7,0,0,0,0,0,0,0,0,0,0,0,0,1.0,1.0,1.0,0.0,0.0,0.0,3,0,0
2813,59,27,32,16,15,4,24,19,12,0,7,0,0,0,0,0,0,0,0,0,2,0,2,0.9393939393939394,1.0,1.0,0.0,0.0,0.0,3,0,2
2814,62,26,36,19,15,4,24,19,11,0,8,0,0,0,0,0,0,0,0,1,1,0,1,0.967741935483871,1.0,1.0,0.06779661016949153,0.06779661016949153,0.0,3,4,1
2815,62,26,36,19,15,4,24,19,11,0,8,0,0,0,0,0,0,0,0,0,0,0,0,1.0,1.0,1.0,0.0,0.0,0.0,3,0,0
2816,60,25,35,17,15,4,24,19,11,0,7,0,0,0,0,0,0,0,0,0,2,0,2,0.9411764705882353,1.0,1.0,0.0,0.0,0.0,3,0,2
2817,59,24,35,17,14,4,24,19,11,0,7,0,0,0,0,0,8,0,0,0,1,0,1,0.96875,1.0,1.0,0.0,0.0,0.0,3,0,1
2818,59,24,35,17,14,4,24,19,12,0,7,0,0,0,0,0,6,1,0,0,0,0,0,1.0,1.0,1.0,0.0,0.0,0.16666666666666666,3,0,0
2819,59,24,35,17,14,4,24,19,12,0,7,0,0,0,0,0,0,0,0,0,0,0,0,1.0,1.0,1.0,0.0,0.0,0.0,3,0,0
2820,58,24,34,15,15,4,24,19,12,0,7,0,0,0,0,0,0,0,0,0,1,0,1,0.967741935483871,1.0,1.0,0.0,0.0,0.0,3,0,1
2821,61,26,35,18,15,4,24,19,11,0,8,0,0,0,0,0,0,0,0,1,0,0,0,1.0,1.0,1.0,0.05172413793103448,0.05172413793103448,0.0,3,3,0
2822,61,26,35,18,15,4,24,19,11,0,7,0,0,0,0,0,0,0,0,0,0,0,0,1.0,1.0,1.0,0.0,0.0,0.0,3,0,0
2823,61,25,36,20,13,4,24,19,10,0,8,0,0,0,0,0,2,0,0,1,4,0,4,0.8787878787878788,1.0,1.0,0.06557377049180328,0.06557377049180328,0.0,3,4,4
2824,60,24,36,20,12,4,24,19,11,0,8,0,0,0,0,0,3,1,0,0,1,0,1,0.9696969696969697,1.0,1.0,0.0,0.0,0.3333333333333333,3,0,1
2825,59,23,36,20,11,4,24,19,11,0,7,0,0,0,0,0,0,0,0,0,1,0,1,0.96875,1.0,1.0,0.0,0.0,0.0,3,0,1
2826,58,23,35,19,11,3,25,19,12,0,7,0,0,0,0,0,5,1,0,0,1,0,1,0.967741935483871,1.0,1.0,0.0,0.0,0.2,3,0,1
2827,57,23,34,18,11,2,26,19,12,0,7,0,0,0,0,0,0,0,0,0,1,0,1,0.9666666666666667,1.0,1.0,0.0,0.0,0.0,3,0,1
2828,57,23,34,18,11,2,26,19,12,0,7,0,0,0,0,0,0,0,0,0,0,0,0,1.0,1.0,1.0,0.0,0.0,0.0,3,0,0
2829,57,23,34,18,11,2,26,19,12,0,7,0,0,0,0,0,0,0,0,0,0,0,0,1.0,1.0,1.0,0.0,0.0,0.0,3,0,0
2830,57,23,34,18,11,2,26,19,12,0,7,0,0,0,0,0,0,0,0,0,0,0,0,1.0,1.0,1.0,0.0,0.0,0.0,3,0,0
2831,56,22,34,17,11,2,26,19,12,0,7,0,0,0,0,0,0,0,0,0,1,1,1,0.9655172413793104,1.0,1.0,0.0,0.0,0.0,3,0,1
2832,60,23,37,21,11,2,26,19,11,0,8,0,0,0,0,0,0,0,0,1,0,0,0,1.0,1.0,1.0,0.07142857142857142,0.07142857142857142,0.0,3,4,0
2833,60,23,37,19,13,2,26,19,11,0,8,0,0,0,0,0,0,0,0,0,0,0,0,1.0,1.0,1.0,0.0,0.0,0.0,3,0,0
2834,64,25,39,23,13,2,26,19,10,0,9,0,0,0,0,0,0,0,0,1,0,0,0,1.0,1.0,1.0,0.06666666666666667,0.06666666666666667,0.0,3,4,0
2835,60,23,37,20,12,3,25,19,10,0,8,0,0,0,0,0,0,0,0,0,3,0,3,0.9142857142857143,0.8571428571428572,1.0,0.0,0.0,0.0,3,0,4
2836,58,22,36,16,14,3,25,19,11,0,8,0,0,0,0,0,6,1,0,0,2,0,2,0.9375,1.0,1.0,0.0,0.0,0.16666666666666666,3,0,2
2837,58,22,36,16,14,3,25,19,11,0,8,0,0,0,0,0,0,0,0,0,0,0,0,1.0,1.0,1.0,0.0,0.0,0.0,3,0,0
2838,58,22,36,16,14,3,25,19,11,0,7,0,0,0,0,0,0,0,0,0,0,0,0,1.0,1.0,1.0,0.0,0.0,0.0,3,0,0
2839,62,25,37,20,14,3,25,19,11,0,8,0,0,0,0,0,5,1,0,1,0,0,0,1.0,1.0,1.0,0.06896551724137931,0.06896551724137931,0.2,3,4,0
2840,62,25,37,20,14,3,25,19,11,0,8,0,0,0,0,0,0,0,0,0,0,0,0,1.0,1.0,1.0,0.0,0.0,0.0,3,0,0
2841,66,27,39,24,14,3,25,19,10,0,9,0,0,0,0,0,0,0,0,1,0,0,0,1.0,1.0,1.0,0.06451612903225806,0.06451612903225806,0.0,3,4,0
2842,64,27,37,23,13,3,25,19,10,0,9,0,0,0,0,0,0,0,0,0,2,0,2,0.9473684210526316,1.0,1.0,0.0,0.0,0.0,3,0,2
2843,63,26,37,23,12,3,25,19,10,0,9,0,0,0,0,0,0,0,0,0,1,0,1,0.9722222222222222,1.0,1.0,0.0,0.0,0.0,3,0,1
2844,63,26,37,23,12,3,25,19,10,0,9,0,0,0,0,0,0,0,0,0,0,0,0,1.0,1.0,1.0,0.0,0.0,0.0,3,0,0
2845,62,26,36,22,12,3,25,19,10,0,9,0,0,0,0,0,0,0,0,0,1,0,1,0.9714285714285714,1.0,1.0,0.0,0.0,0.0,3,0,1
2846,62,26,36,22,12,3,25,19,10,0,9,0,0,0,0,0,0,0,0,0,0,0,0,1.0,1.0,1.0,0.0,0.0,0.0,3,0,0
2847,62,26,36,22,12,3,25,19,10,0,9,0,0,0,0,0,0,0,0,0,0,0,0,1.0,1.0,1.0,0.0,0.0,0.0,3,0,0
2848,61,25,36,21,12,3,25,19,10,0,9,0,0,0,0,0,0,0,0,0,1,0,1,0.9705882352941176,1.0,1.0,0.0,0.0,0.0,3,0,1
2849,60,25,35,21,11,3,25,19,10,0,9,0,0,0,0,0,0,0,0,0,1,0,1,0.9696969696969697,1.0,1.0,0.0,0.0,0.0,3,0,1
2850,59,24,35,20,11,3,25,19,10,0,9,0,0,0,0,0,0,0,0,0,1,0,1,0.96875,1.0,1.0,0.0,0.0,0.0,3,0,1
2851,59,24,35,20,11,3,25,19,10,0,9,0,0,0,0,0,0,0,0,0,0,0,0,1.0,1.0,1.0,0.0,0.0,0.0,3,0,0
2852,58,24,34,19,11,3,25,19,10,0,9,0,0,0,0,0,0,0,0,0,1,0,1,0.967741935483871,1.0,1.0,0.0,0.0,0.0,3,0,1
2853,58,24,34,19,11,3,25,19,10,0,9,0,0,0,0,0,0,0,0,0,0,0,0,1.0,1.0,1.0,0.0,0.0,0.0,3,0,0
2854,58,24,34,16,14,3,25,19,10,0,8,0,0,0,0,0,0,0,0,0,0,0,0,1.0,1.0,1.0,0.0,0.0,0.0,3,0,0
2855,57,23,34,15,14,3,25,19,11,0,8,0,0,0,0,0,6,1,0,0,1,0,1,0.9666666666666667,1.0,1.0,0.0,0.0,0.16666666666666666,3,0,1
2856,56,23,33,15,13,3,25,19,11,0,7,0,0,0,0,0,6,1,0,0,1,0,1,0.9655172413793104,1.0,1.0,0.0,0.0,0.16666666666666666,3,0,1
2857,55,23,32,14,13,3,25,19,11,0,7,0,0,0,0,0,6,1,0,0,1,0,1,0.9642857142857143,1.0,1.0,0.0,0.0,0.16666666666666666,3,0,1
2858,55,23,32,14,13,1,27,19,11,0,7,0,0,0,0,0,6,1,0,0,0,0,0,1.0,1.0,1.0,0.0,0.0,0.16666666666666666,3,0,0
2859,53,21,32,12,13,1,27,19,11,0,6,0,0,0,0,0,6,1,0,0,2,1,2,0.9259259259259259,1.0,1.0,0.0,0.0,0.16666666666666666,3,0,2
2860,51,19,32,12,11,1,27,19,11,0,6,0,0,0,0,0,6,1,0,0,2,0,2,0.92,1.0,1.0,0.0,0.0,0.16666666666666666,3,0,2
2861,49,19,30,11,10,1,27,19,11,0,6,0,0,0,0,0,6,1,0,0,2,0,2,0.9130434782608696,1.0,1.0,0.0,0.0,0.16666666666666666,3,0,2
2862,49,19,30,11,10,1,27,19,11,0,6,0,0,0,0,0,6,1,0,0,0,0,0,1.0,1.0,1.0,0.0,0.0,0.16666666666666666,3,0,0
2863,49,19,30,11,9,2,27,19,11,0,6,0,0,0,0,0,6,1,0,0,0,0,0,1.0,1.0,1.0,0.0,0.0,0.16666666666666666,3,0,0
2864,47,19,28,6,12,2,27,19,11,0,6,0,0,0,0,0,6,1,0,0,2,0,2,0.9,1.0,1.0,0.0,0.0,0.16666666666666666,3,0,2
2865,46,18,28,6,11,2,27,19,11,0,6,0,0,0,0,0,6,1,0,0,1,0,1,0.9444444444444444,1.0,1.0,0.0,0.0,0.16666666666666666,3,0,1
2866,45,18,27,5,11,2,27,19,11,0,5,0,0,0,0,0,6,1,0,0,1,0,1,0.9411764705882353,1.0,1.0,0.0,0.0,0.16666666666666666,3,0,1
2867,45,18,27,5,11,2,27,19,11,0,5,0,0,0,0,0,6,1,0,0,0,0,0,1.0,1.0,1.0,0.0,0.0,0.16666666666666666,3,0,0
2868,45,18,27,5,11,2,27,19,11,0,4,0,0,0,0,0,6,1,0,0,0,0,0,1.0,1.0,1.0,0.0,0.0,0.16666666666666666,3,0,0
2869,45,18,27,5,11,2,27,19,11,0,4,0,0,0,0,0,6,1,0,0,0,0,0,1.0,1.0,1.0,0.0,0.0,0.16666666666666666,3,0,0
2870,45,18,27,5,11,2,27,19,11,0,4,0,0,0,0,0,6,1,0,0,0,0,0,1.0,1.0,1.0,0.0,0.0,0.16666666666666666,3,0,0
2871,44,18,26,4,11,2,27,19,11,0,4,0,0,0,0,0,6,1,0,0,1,0,1,0.9375,1.0,1.0,0.0,0.0,0.16666666666666666,3,0,1
2872,52,22,30,12,11,2,27,19,9,0,6,0,0,0,0,0,6,1,0,2,0,0,0,1.0,1.0,1.0,0.18181818181818182,0.18181818181818182,0.16666666666666666,3,8,0
2873,56,24,32,16,11,2,27,19,8,0,7,0,0,0,0,0,6,1,0,1,0,0,0,1.0,1.0,1.0,0.07692307692307693,0.07692307692307693,0.16666666666666666,3,4,0
2874,56,24,32,16,11,2,27,19,8,0,7,0,0,0,0,0,6,1,0,0,0,0,0,1.0,1.0,1.0,0.0,0.0,0.16666666666666666,3,0,0
2875,59,26,33,17,13,2,27,19,7,0,8,0,0,0,0,0,6,1,0,1,0,0,0,1.0,1.0,1.0,0.05357142857142857,0.05357142857142857,0.16666666666666666,3,3,0
2876,63,28,35,21,13,2,27,19,6,0,9,0,0,0,0,0,6,1,0,1,0,0,0,1.0,1.0,1.0,0.06779661016949153,0.06779661016949153,0.16666666666666666,3,4,0
2877,60,28,32,18,13,2,27,19,6,0,8,0,0,0,0,0,6,1,0,0,3,0,3,0.9117647058823529,1.0,1.0,0.0,0.0,0.16666666666666666,3,0,3
2878,60,28,32,18,13,2,27,19,6,0,8,0,0,0,0,0,6,1,0,0,0,0,0,1.0,1.0,1.0,0.0,0.0,0.16666666666666666,3,0,0
2879,57,25,32,16,13,2,26,19,6,0,7,0,0,0,0,0,6,1,0,0,2,0,2,0.935483870967742,0.875,1.0,0.0,0.0,0.16666666666666666,3,0,3
2880,57,25,32,16,13,2,26,19,6,0,7,0,0,0,0,0,6,1,0,0,0,0,0,1.0,1.0,1.0,0.0,0.0,0.16666666666666666,3,0,0
2881,55,23,32,15,12,2,26,19,6,0,7,0,0,0,0,0,6,1,0,0,2,0,2,0.9310344827586207,1.0,1.0,0.0,0.0,0.16666666666666666,3,0,2
2882,55,23,32,14,13,2,26,19,6,0,7,0,0,0,0,0,6,1,0,0,0,0,0,1.0,1.0,1.0,0.0,0.0,0.16666666666666666,3,0,0
2883,59,25,34,18,13,2,26,19,5,0,8,0,0,0,0,0,6,1,0,1,0,0,0,1.0,1.0,1.0,0.07272727272727272,0.07272727272727272,0.16666666666666666,3,4,0
2884,59,25,34,18,13,2,26,19,5,0,7,0,0,0,0,0,6,1,0,0,0,0,0,1.0,1.0,1.0,0.0,0.0,0.16666666666666666,3,0,0
2885,59,25,34,18,13,2,26,19,5,0,7,0,0,0,0,0,6,1,0,0,0,0,0,1.0,1.0,1.0,0.0,0.0,0.16666666666666666,3,0,0
2886,58,24,34,17,13,2,26,19,5,0,6,0,0,0,0,0,6,1,0,0,1,0,1,0.967741935483871,1.0,1.0,0.0,0.0,0.16666666666666666,3,0,1
2887,58,24,34,17,13,2,26,19,5,0,6,0,0,0,0,0,6,1,0,0,0,0,0,1.0,1.0,1.0,0.0,0.0,0.16666666666666666,3,0,0
2888,58,24,34,17,13,2,26,19,5,0,6,0,0,0,0,0,6,1,0,0,0,0,0,1.0,1.0,1.0,0.0,0.0,0.16666666666666666,3,0,0
2889,61,24,37,21,12,2,26,19,4,0,7,0,0,0,0,0,6,1,0,1,1,0,1,0.9666666666666667,1.0,1.0,0.06896551724137931,0.06896551724137931,0.16666666666666666,3,4,1
2890,59,22,37,20,11,2,26,19,4,0,7,0,0,0,0,0,6,1,0,0,2,0,2,0.9393939393939394,1.0,1.0,0.0,0.0,0.16666666666666666,3,0,2
2891,62,25,37,23,11,2,26,19,3,0,8,0,0,0,0,0,6,1,0,1,0,0,0,1.0,1.0,1.0,0.05084745762711865,0.05084745762711865,0.16666666666666666,3,3,0
2892,61,25,36,22,11,2,26,19,3,0,8,0,0,0,0,0,6,1,0,0,1,0,1,0.9705882352941176,1.0,1.0,0.0,0.0,0.16666666666666666,3,0,1
2893,61,25,36,22,11,2,26,19,3,0,8,0,0,0,0,0,6,1,0,0,0,0,0,1.0,1.0,1.0,0.0,0.0,0.16666666666666666,3,0,0
2894,61,25,36,22,11,2,26,19,3,0,8,0,0,0,0,0,6,1,0,0,0,0,0,1.0,1.0,1.0,0.0,0.0,0.16666666666666666,3,0,0
2895,60,24,36,22,10,2,26,19,3,0,8,0,0,0,0,0,6,1,0,0,1,0,1,0.9696969696969697,1.0,1.0,0.0,0.0,0.16666666666666666,3,0,1
2896,60,24,36,22,10,2,26,19,3,0,8,0,0,0,0,0,6,1,0,0,0,0,0,1.0,1.0,1.0,0.0,0.0,0.16666666666666666,3,0,0
2897,60,24,36,22,10,2,26,19,3,0,8,0,0,0,0,0,6,1,0,0,0,0,0,1.0,1.0,1.0,0.0,0.0,0.16666666666666666,3,0,0
2898,60,24,36,22,10,2,26,19,3,0,8,0,0,0,0,0,6,1,0,0,0,0,0,1.0,1.0,1.0,0.0,0.0,0.16666666666666666,3,0,0
2899,59,24,35,22,9,2,26,19,3,0,8,0,0,0,0,0,6,1,0,0,1,0,1,0.96875,1.0,1.0,0.0,0.0,0.16666666666666666,3,0,1
2900,56,23,33,20,8,2,26,19,3,0,8,0,0,0,0,0,6,1,0,0,3,0,3,0.9032258064516129,1.0,1.0,0.0,0.0,0.16666666666666666,3,0,3
2901,58,23,35,23,7,2,26,19,2,0,9,0,0,0,0,0,6,1,0,1,2,0,2,0.9285714285714286,1.0,1.0,0.07142857142857142,0.07142857142857142,0.16666666666666666,3,4,2
2902,57,22,35,23,6,2,26,19,2,0,9,0,0,0,0,0,6,1,0,0,1,0,1,0.9666666666666667,1.0,1.0,0.0,0.0,0.16666666666666666,3,0,1
2903,57,22,35,23,6,2,26,19,2,0,9,0,0,0,0,0,6,1,0,0,0,0,0,1.0,1.0,1.0,0.0,0.0,0.16666666666666666,3,0,0
2904,60,25,35,27,6,1,26,19,1,0,10,0,0,0,0,0,6,1,0,1,0,0,0,1.0,1.0,1.0,0.07017543859649122,0.07017543859649122,0.16666666666666666,3,4,1
2905,58,25,33,25,6,1,26,19,1,0,10,0,0,0,0,0,6,1,0,0,2,0,2,0.9393939393939394,1.0,1.0,0.0,0.0,0.16666666666666666,3,0,2
2906,58,25,33,25,6,1,26,19,1,0,10,0,0,0,0,0,6,1,0,0,0,0,0,1.0,1.0,1.0,0.0,0.0,0.16666666666666666,3,0,0
2907,58,25,33,25,6,1,26,19,1,0,10,0,0,0,0,0,6,1,0,0,0,0,0,1.0,1.0,1.0,0.0,0.0,0.16666666666666666,3,0,0
2908,58,25,33,25,6,1,26,19,1,0,10,0,0,0,0,0,6,1,0,0,0,0,0,1.0,1.0,1.0,0.0,0.0,0.16666666666666666,3,0,0
2909,58,25,33,25,6,1,26,19,1,0,10,0,0,0,0,0,6,1,0,0,0,0,0,1.0,1.0,1.0,0.0,0.0,0.16666666666666666,3,0,0
2910,58,25,33,25,6,1,26,19,1,0,10,0,0,0,0,0,6,1,0,0,0,0,0,1.0,1.0,1.0,0.0,0.0,0.16666666666666666,3,0,0
2911,58,25,33,25,6,1,26,19,1,0,10,0,0,0,0,0,6,1,0,0,0,0,0,1.0,1.0,1.0,0.0,0.0,0.16666666666666666,3,0,0
2912,57,24,33,24,6,1,26,19,1,0,10,0,0,0,0,0,6,1,0,0,1,0,1,0.967741935483871,1.0,1.0,0.0,0.0,0.16666666666666666,3,0,1
2913,57,24,33,24,6,1,26,19,1,0,10,0,0,0,0,0,6,1,0,0,0,0,0,1.0,1.0,1.0,0.0,0.0,0.16666666666666666,3,0,0
2914,57,24,33,24,6,1,26,19,1,0,10,0,0,0,0,0,6,1,0,0,0,0,0,1.0,1.0,1.0,0.0,0.0,0.16666666666666666,3,0,0
2915,56,23,33,20,9,1,26,19,1,0,10,0,0,0,0,0,6,1,0,0,1,0,1,0.9666666666666667,1.0,1.0,0.0,0.0,0.16666666666666666,3,0,1
2916,55,22,33,17,11,1,26,19,1,0,10,0,0,0,0,0,6,1,0,0,1,0,1,0.9655172413793104,1.0,1.0,0.0,0.0,0.16666666666666666,3,0,1
2917,54,22,32,17,11,1,25,18,1,0,8,0,0,0,0,0,6,1,0,0,0,0,0,1.0,1.0,0.9473684210526316,0.0,0.0,0.16666666666666666,3,0,1
2918,54,22,32,16,12,1,25,18,1,0,7,0,0,0,0,0,6,1,0,0,0,0,0,1.0,1.0,1.0,0.0,0.0,0.16666666666666666,3,0,0
2919,54,22,32,15,13,1,25,18,1,0,7,0,0,0,0,0,6,1,0,0,0,0,0,1.0,1.0,1.0,0.0,0.0,0.16666666666666666,3,0,0
2920,58,25,33,19,13,1,25,18,0,0,7,0,0,0,0,0,6,1,0,1,0,0,0,1.0,1.0,1.0,0.07407407407407407,0.07407407407407407,0.16666666666666666,3,4,0
2921,58,25,33,19,13,1,25,18,0,0,6,0,0,0,0,0,6,1,0,0,0,0,0,1.0,1.0,1.0,0.0,0.0,0.16666666666666666,3,0,0
2922,57,25,32,18,13,1,25,18,0,0,6,0,0,0,0,0,6,1,0,0,1,0,1,0.96875,1.0,1.0,0.0,0.0,0.16666666666666666,3,0,1
2923,57,25,32,18,13,1,25,18,0,0,6,0,0,0,0,0,6,1,0,0,0,0,0,1.0,1.0,1.0,0.0,0.0,0.16666666666666666,3,0,0
2924,56,25,31,17,13,1,25,18,0,0,6,0,0,0,0,0,6,1,0,0,1,0,1,0.967741935483871,1.0,1.0,0.0,0.0,0.16666666666666666,3,0,1
2925,55,24,31,17,12,1,25,18,0,0,6,0,0,0,0,0,6,1,0,0,1,0,1,0.9666666666666667,1.0,1.0,0.0,0.0,0.16666666666666666,3,0,1
2926,55,24,31,15,14,1,25,18,0,0,6,0,0,0,0,0,6,1,0,0,0,0,0,1.0,1.0,1.0,0.0,0.0,0.16666666666666666,3,0,0
2927,55,24,31,15,14,1,25,18,0,0,6,0,0,0,0,0,6,1,0,0,0,0,0,1.0,1.0,1.0,0.0,0.0,0.16666666666666666,3,0,0
2928,55,24,31,15,14,1,25,18,0,0,5,0,0,0,0,0,6,1,0,0,0,0,0,1.0,1.0,1.0,0.0,0.0,0.16666666666666666,3,0,0
2929,55,24,31,15,14,1,25,18,0,0,5,0,0,0,0,0,6,1,0,0,0,0,0,1.0,1.0,1.0,0.0,0.0,0.16666666666666666,3,0,0
2930,55,24,31,15,14,1,25,18,0,0,5,0,0,0,0,0,6,1,0,0,0,0,0,1.0,1.0,1.0,0.0,0.0,0.16666666666666666,3,0,0
2931,55,24,31,15,14,1,25,18,0,0,5,0,0,0,0,0,6,1,0,0,0,0,0,1.0,1.0,1.0,0.0,0.0,0.16666666666666666,3,0,0
2932,55,24,31,12,17,1,25,18,0,0,5,0,0,0,0,0,6,1,0,0,0,0,0,1.0,1.0,1.0,0.0,0.0,0.16666666666666666,3,0,0
2933,55,24,31,12,17,1,25,18,0,0,5,0,0,0,0,0,6,1,0,0,0,0,0,1.0,1.0,1.0,0.0,0.0,0.16666666666666666,3,0,0
2934,54,24,30,9,19,1,25,18,0,0,4,0,0,0,0,0,6,1,0,0,1,0,1,0.9655172413793104,1.0,1.0,0.0,0.0,0.16666666666666666,3,0,1
2935,54,24,30,9,19,1,25,18,0,0,4,0,0,0,0,0,6,1,0,0,0,0,0,1.0,1.0,1.0,0.0,0.0,0.16666666666666666,3,0,0
2936,53,23,30,8,19,1,25,18,0,0,3,0,0,0,0,0,6,1,0,0,1,0,1,0.9642857142857143,1.0,1.0,0.0,0.0,0.16666666666666666,3,0,1
2937,53,23,30,8,19,1,25,18,0,0,3,0,0,0,0,0,6,1,0,0,0,0,0,1.0,1.0,1.0,0.0,0.0,0.16666666666666666,3,0,0
2938,53,23,30,8,19,1,25,18,0,0,3,0,0,0,0,0,6,1,0,0,0,0,0,1.0,1.0,1.0,0.0,0.0,0.16666666666666666,3,0,0
2939,53,23,30,8,19,1,25,18,0,0,3,0,0,0,0,0,6,1,0,0,0,0,0,1.0,1.0,1.0,0.0,0.0,0.16666666666666666,3,0,0
2940,53,23,30,8,19,1,25,18,0,0,3,0,0,0,0,0,6,1,0,0,0,0,0,1.0,1.0,1.0,0.0,0.0,0.16666666666666666,3,0,0
2941,53,23,30,8,19,1,25,18,0,0,3,0,0,0,0,0,6,1,0,0,0,1,0,1.0,1.0,1.0,0.0,0.0,0.16666666666666666,3,0,0
2942,53,23,30,8,19,1,25,18,0,0,3,0,0,0,0,0,6,1,0,0,0,0,0,1.0,1.0,1.0,0.0,0.0,0.16666666666666666,3,0,0
2943,53,23,30,8,19,1,25,18,0,0,3,0,0,0,0,0,6,1,0,0,0,0,0,1.0,1.0,1.0,0.0,0.0,0.16666666666666666,3,0,0
2944,52,22,30,6,20,1,25,18,0,0,3,0,0,0,0,0,6,1,0,0,1,0,1,0.962962962962963,1.0,1.0,0.0,0.0,0.16666666666666666,3,0,1
2945,52,22,30,6,19,2,25,18,0,0,3,0,0,0,0,0,6,1,0,0,0,0,0,1.0,1.0,1.0,0.0,0.0,0.16666666666666666,3,0,0
2946,52,22,30,6,19,2,25,18,0,0,2,0,0,0,0,0,6,1,0,0,0,0,0,1.0,1.0,1.0,0.0,0.0,0.16666666666666666,3,0,0
2947,52,22,30,3,22,2,25,18,0,0,2,0,0,0,0,0,6,1,0,0,0,0,0,1.0,1.0,1.0,0.0,0.0,0.16666666666666666,3,0,0
2948,52,22,30,3,22,2,25,18,0,0,2,0,0,0,0,0,6,1,0,0,0,0,0,1.0,1.0,1.0,0.0,0.0,0.16666666666666666,3,0,0
2949,52,22,30,3,22,2,25,18,0,0,1,0,0,0,0,0,6,1,0,0,0,0,0,1.0,1.0,1.0,0.0,0.0,0.16666666666666666,3,0,0
2950,52,22,30,3,22,2,25,18,2,2,1,0,0,0,0,0,10,2,2,0,0,0,0,1.0,1.0,1.0,0.0,0.0,0.2,3,0,0
2951,52,22,30,3,22,2,25,18,2,3,1,0,0,0,0,0,6,0,1,0,0,0,0,1.0,1.0,1.0,0.0,0.0,0.0,3,0,0
2952,52,22,30,3,22,2,25,18,5,4,1,0,0,0,0,0,10,3,1,0,0,0,0,1.0,1.0,1.0,0.0,0.0,0.3,3,0,0
2953,52,22,30,3,22,2,25,18,6,4,1,0,0,0,0,0,8,1,0,0,0,0,0,1.0,1.0,1.0,0.0,0.0,0.125,3,0,0
2954,51,21,30,3,21,2,25,18,10,4,1,0,0,0,0,0,14,4,0,0,1,0,1,0.96,1.0,1.0,0.0,0.0,0.2857142857142857,3,0,1
2955,51,21,30,3,21,2,25,18,10,4,1,0,0,0,0,0,0,0,0,0,0,0,0,1.0,1.0,1.0,0.0,0.0,0.0,3,0,0
2956,51,21,30,3,21,2,25,18,10,4,1,0,0,0,0,0,0,0,0,0,0,0,0,1.0,1.0,1.0,0.0,0.0,0.0,3,0,0
2957,50,21,29,3,20,2,25,18,10,4,1,0,0,0,0,0,0,0,0,0,1,0,1,0.9583333333333334,1.0,1.0,0.0,0.0,0.0,3,0,1
2958,50,21,29,3,20,2,25,18,10,4,1,0,0,0,0,0,0,0,0,0,0,0,0,1.0,1.0,1.0,0.0,0.0,0.0,3,0,0
2959,50,21,29,3,20,2,25,18,10,4,1,0,0,0,0,0,0,0,0,0,0,0,0,1.0,1.0,1.0,0.0,0.0,0.0,3,0,0
2960,49,21,28,3,19,2,25,18,10,4,1,0,0,0,0,0,0,0,0,0,1,0,1,0.9565217391304348,1.0,1.0,0.0,0.0,0.0,3,0,1
2961,49,21,28,3,19,2,25,18,10,4,1,0,0,0,0,0,0,0,0,0,0,0,0,1.0,1.0,1.0,0.0,0.0,0.0,3,0,0
2962,49,21,28,3,19,2,25,18,10,4,1,0,0,0,0,0,0,0,0,0,0,0,0,1.0,1.0,1.0,0.0,0.0,0.0,3,0,0
2963,49,21,28,0,22,2,25,18,12,4,1,0,0,0,0,0,7,2,0,0,0,0,0,1.0,1.0,1.0,0.0,0.0,0.2857142857142857,3,0,0
2964,49,21,28,0,22,2,25,18,12,4,1,0,0,0,0,0,1,0,0,0,0,0,0,1.0,1.0,1.0,0.0,0.0,0.0,3,0,0
2965,49,21,28,0,22,2,25,18,13,4,0,0,0,0,0,0,8,1,0,0,0,0,0,1.0,1.0,1.0,0.0,0.0,0.125,3,0,0
2966,49,21,28,0,22,2,25,18,13,5,0,0,0,0,0,0,3,0,1,0,0,0,0,1.0,1.0,1.0,0.0,0.0,0.0,3,0,0
2967,48,21,27,0,22,2,24,17,12,5,0,0,0,0,0,0,0,0,0,0,0,0,0,1.0,1.0,0.9444444444444444,0.0,0.0,0.0,3,0,1
2968,48,21,27,0,22,2,24,17,12,5,0,0,0,0,0,0,0,0,0,0,0,0,0,1.0,1.0,1.0,0.0,0.0,0.0,3,0,0
2969,48,21,27,0,22,2,24,17,12,5,0,0,0,0,0,0,0,0,0,0,0,0,0,1.0,1.0,1.0,0.0,0.0,0.0,3,0,0
2970,48,21,27,0,22,1,25,17,12,5,0,0,0,0,0,0,0,0,0,0,0,0,0,1.0,1.0,1.0,0.0,0.0,0.0,3,0,0
2971,46,19,27,0,21,1,24,17,12,5,0,0,0,0,0,0,0,0,0,0,1,0,1,0.9545454545454546,0.875,1.0,0.0,0.0,0.0,3,0,2
2972,45,19,26,0,20,1,24,17,12,5,0,0,0,0,0,0,0,0,0,0,1,0,1,0.9523809523809523,1.0,1.0,0.0,0.0,0.0,3,0,1
2973,44,19,25,0,19,1,24,17,12,5,0,0,0,0,0,0,0,0,0,0,1,0,1,0.95,1.0,1.0,0.0,0.0,0.0,3,0,1
2974,44,19,25,0,19,1,24,17,12,5,0,0,0,0,0,0,0,0,0,0,0,0,0,1.0,1.0,1.0,0.0,0.0,0.0,3,0,0
2975,44,19,25,0,19,1,24,17,12,5,0,0,0,0,0,0,0,0,0,0,0,0,0,1.0,1.0,1.0,0.0,0.0,0.0,3,0,0
2976,44,19,25,0,19,1,24,17,12,5,0,0,0,0,0,0,0,0,0,0,0,0,0,1.0,1.0,1.0,0.0,0.0,0.0,3,0,0
2977,44,19,25,0,19,1,24,17,12,5,0,0,0,0,0,0,0,0,0,0,0,0,0,1.0,1.0,1.0,0.0,0.0,0.0,3,0,0
2978,44,19,25,0,19,1,24,17,12,5,0,0,0,0,0,0,0,0,0,0,0,0,0,1.0,1.0,1.0,0.0,0.0,0.0,3,0,0
2979,44,19,25,0,19,1,24,17,12,5,0,0,0,0,0,0,0,0,0,0,0,0,0,1.0,1.0,1.0,0.0,0.0,0.0,3,0,0
2980,44,19,25,0,19,1,24,17,12,5,0,0,0,0,0,0,0,0,0,0,0,0,0,1.0,1.0,1.0,0.0,0.0,0.0,3,0,0
2981,44,19,25,0,19,1,24,17,12,5,0,0,0,0,0,0,0,0,0,0,0,0,0,1.0,1.0,1.0,0.0,0.0,0.0,3,0,0
2982,44,19,25,0,19,1,24,17,12,5,0,0,0,0,0,0,0,0,0,0,0,0,0,1.0,1.0,1.0,0.0,0.0,0.0,3,0,0
2983,44,19,25,0,19,1,24,17,12,5,0,0,0,0,0,0,0,0,0,0,0,0,0,1.0,1.0,1.0,0.0,0.0,0.0,3,0,0
2984,44,19,25,0,19,1,24,17,12,5,0,0,0,0,0,0,0,0,0,0,0,0,0,1.0,1.0,1.0,0.0,0.0,0.0,3,0,0
2985,44,19,25,0,19,1,24,17,12,5,0,0,0,0,0,0,0,0,0,0,0,0,0,1.0,1.0,1.0,0.0,0.0,0.0,3,0,0
2986,44,19,25,0,19,1,24,17,12,5,0,0,0,0,0,0,0,0,0,0,0,0,0,1.0,1.0,1.0,0.0,0.0,0.0,3,0,0
2987,44,19,25,0,19,1,24,17,12,5,0,0,0,0,0,0,0,0,0,0,0,0,0,1.0,1.0,1.0,0.0,0.0,0.0,3,0,0
2988,44,19,25,0,19,1,24,17,12,5,0,0,0,0,0,0,0,0,0,0,0,0,0,1.0,1.0,1.0,0.0,0.0,0.0,3,0,0
2989,44,19,25,0,19,1,24,17,12,5,0,0,0,0,0,0,0,0,0,0,0,0,0,1.0,1.0,1.0,0.0,0.0,0.0,3,0,0
2990,44,19,25,0,19,1,24,17,12,5,0,0,0,0,0,0,0,0,0,0,0,0,0,1.0,1.0,1.0,0.0,0.0,0.0,3,0,0
2991,44,19,25,0,19,1,24,17,12,5,0,0,0,0,0,0,0,0,0,0,0,0,0,1.0,1.0,1.0,0.0,0.0,0.0,3,0,0
2992,44,19,25,0,19,1,24,17,12,5,0,0,0,0,0,0,0,0,0,0,0,0,0,1.0,1.0,1.0,0.0,0.0,0.0,3,0,0
2993,44,19,25,0,19,1,24,17,12,5,0,0,0,0,0,0,0,0,0,0,0,0,0,1.0,1.0,1.0,0.0,0.0,0.0,3,0,0
2994,44,19,25,0,19,1,24,17,12,5,0,0,0,0,0,0,0,0,0,0,0,0,0,1.0,1.0,1.0,0.0,0.0,0.0,3,0,0
2995,44,19,25,0,19,1,24,17,12,3,0,0,0,0,0,0,0,0,0,0,0,0,0,1.0,1.0,1.0,0.0,0.0,0.0,3,0,0
2996,44,19,25,0,19,1,24,17,12,2,0,0,0,0,0,0,3,0,0,0,0,0,0,1.0,1.0,1.0,0.0,0.0,0.0,3,0,0
2997,44,19,25,0,19,1,24,17,14,1,0,0,0,0,0,0,16,2,0,0,0,0,0,1.0,1.0,1.0,0.0,0.0,0.125,3,0,0
2998,44,19,25,0,19,1,24,17,16,1,0,0,0,0,0,0,6,2,0,0,0,0,0,1.0,1.0,1.0,0.0,0.0,0.3333333333333333,3,0,0
2999,44,19,25,0,19,1,24,17,16,1,0,0,0,0,0,0,0,0,0,0,0,0,0,1.0,1.0,1.0,0.0,0.0,0.0,3,0,0
3000,44,19,25,0,19,1,24,17,16,1,0,0,0,0,0,0,0,0,0,0,0,0,0,1.0,1.0,1.0,0.0,0.0,0.0,3,0,0
3001,44,19,25,0,19,1,24,17,16,1,0,0,0,0,0,0,0,0,0,0,0,0,0,1.0,1.0,1.0,0.0,0.0,0.0,3,0,0
3002,44,19,25,0,19,1,24,17,16,1,0,0,0,0,0,0,0,0,0,0,0,0,0,1.0,1.0,1.0,0.0,0.0,0.0,3,0,0
3003,44,19,25,0,19,1,24,17,16,1,0,0,0,0,0,0,0,0,0,0,0,0,0,1.0,1.0,1.0,0.0,0.0,0.0,3,0,0
3004,43,18,25,0,18,1,24,17,16,1,0,0,0,0,0,0,0,0,0,0,1,0,1,0.9473684210526316,1.0,1.0,0.0,0.0,0.0,3,0,1
3005,43,18,25,0,18,1,24,17,16,1,0,0,0,0,0,0,0,0,0,0,0,0,0,1.0,1.0,1.0,0.0,0.0,0.0,3,0,0
3006,43,18,25,0,18,1,24,17,16,1,0,0,0,0,0,0,0,0,0,0,0,0,0,1.0,1.0,1.0,0.0,0.0,0.0,3,0,0
3007,43,18,25,0,18,1,24,17,16,1,0,0,0,0,0,0,0,0,0,0,0,0,0,1.0,1.0,1.0,0.0,0.0,0.0,3,0,0
3008,43,18,25,0,18,1,24,17,16,1,0,0,0,0,0,0,0,0,0,0,0,0,0,1.0,1.0,1.0,0.0,0.0,0.0,3,0,0
3009,43,18,25,0,18,1,24,17,16,1,0,0,0,0,0,0,0,0,0,0,0,0,0,1.0,1.0,1.0,0.0,0.0,0.0,3,0,0
3010,42,18,24,0,17,1,24,17,16,1,0,0,0,0,0,0,0,0,0,0,1,0,1,0.9444444444444444,1.0,1.0,0.0,0.0,0.0,3,0,1
3011,42,18,24,0,17,1,24,17,16,0,0,0,0,0,0,0,0,0,0,0,0,0,0,1.0,1.0,1.0,0.0,0.0,0.0,3,0,0
3012,42,18,24,0,17,1,24,17,17,0,0,0,0,0,0,0,6,1,0,0,0,1,0,1.0,1.0,1.0,0.0,0.0,0.16666666666666666,3,0,0
3013,42,18,24,0,17,1,24,17,17,0,0,0,0,0,0,0,0,0,0,0,0,0,0,1.0,1.0,1.0,0.0,0.0,0.0,3,0,0
3014,42,18,24,0,17,1,24,17,17,0,0,0,0,0,0,0,0,0,0,0,0,0,0,1.0,1.0,1.0,0.0,0.0,0.0,3,0,0
3015,49,25,24,7,17,1,24,17,15,0,2,0,0,0,0,0,0,0,0,2,0,0,0,1.0,1.0,1.0,0.16666666666666666,0.16666666666666666,0.0,3,7,0
3016,49,25,24,7,16,2,24,17,15,0,2,0,0,0,0,0,0,0,0,0,0,0,0,1.0,1.0,1.0,0.0,0.0,0.0,3,0,0
3017,56,26,30,14,16,2,24,17,13,0,4,0,0,0,0,0,0,0,0,2,0,0,0,1.0,1.0,1.0,0.14285714285714285,0.14285714285714285,0.0,3,7,0
3018,58,27,31,17,15,2,24,17,12,0,5,0,0,0,0,0,0,0,0,1,1,0,1,0.9666666666666667,1.0,1.0,0.05357142857142857,0.05357142857142857,0.0,3,3,1
3019,72,34,38,31,15,2,24,17,8,0,9,0,0,0,0,0,0,0,0,4,0,0,0,1.0,1.0,1.0,0.2413793103448276,0.2413793103448276,0.0,3,14,0
3020,69,32,37,28,15,2,24,17,8,0,9,0,0,0,0,0,0,0,0,0,3,0,3,0.9347826086956522,1.0,1.0,0.0,0.0,0.0,3,0,3
3021,65,30,35,24,15,2,24,17,8,0,9,0,0,0,0,0,0,0,0,0,4,0,4,0.9069767441860466,1.0,1.0,0.0,0.0,0.0,3,0,4
3022,62,27,35,23,13,2,24,17,8,0,9,0,0,0,0,0,0,0,0,0,3,0,3,0.9230769230769231,1.0,1.0,0.0,0.0,0.0,3,0,3
3023,62,27,35,23,13,2,24,17,8,0,9,0,0,0,0,0,0,0,0,0,0,0,0,1.0,1.0,1.0,0.0,0.0,0.0,3,0,0
3024,62,27,35,23,13,2,24,17,8,0,9,0,0,0,0,0,0,0,0,0,0,0,0,1.0,1.0,1.0,0.0,0.0,0.0,3,0,0
3025,60,25,35,22,12,2,24,17,8,0,9,0,0,0,0,0,0,0,0,0,2,0,2,0.9444444444444444,1.0,1.0,0.0,0.0,0.0,3,0,2
3026,60,25,35,22,12,2,24,17,8,0,9,0,0,0,0,0,0,0,0,0,0,0,0,1.0,1.0,1.0,0.0,0.0,0.0,3,0,0
3027,60,25,35,22,12,2,24,17,8,0,9,0,0,0,0,0,0,0,0,0,0,0,0,1.0,1.0,1.0,0.0,0.0,0.0,3,0,0
3028,67,30,37,30,11,2,24,17,6,0,11,0,0,0,0,0,0,0,0,2,1,0,1,0.9705882352941176,1.0,1.0,0.13333333333333333,0.13333333333333333,0.0,3,8,1
3029,66,29,37,29,11,2,24,17,6,0,11,0,0,0,0,0,0,0,0,0,1,0,1,0.975609756097561,1.0,1.0,0.0,0.0,0.0,3,0,1
3030,67,30,37,31,10,2,24,17,5,0,12,0,0,0,0,0,0,0,0,1,2,0,2,0.95,1.0,1.0,0.045454545454545456,0.045454545454545456,0.0,3,3,2
3031,63,26,37,29,9,2,23,17,5,0,12,0,0,0,0,0,0,0,0,0,3,0,3,0.926829268292683,0.8571428571428572,1.0,0.0,0.0,0.0,3,0,4
3032,61,25,36,27,9,2,23,17,5,0,12,0,0,0,0,0,0,0,0,0,2,0,2,0.9473684210526316,1.0,1.0,0.0,0.0,0.0,3,0,2
3033,59,25,34,26,8,2,23,17,5,0,12,0,0,0,0,0,0,0,0,0,2,0,2,0.9444444444444444,1.0,1.0,0.0,0.0,0.0,3,0,2
3034,58,25,33,25,8,2,23,17,5,0,12,0,0,0,0,0,0,0,0,0,1,0,1,0.9705882352941176,1.0,1.0,0.0,0.0,0.0,3,0,1
3035,57,24,33,24,8,2,23,17,5,0,12,0,0,0,0,0,0,0,0,0,1,0,1,0.9696969696969697,1.0,1.0,0.0,0.0,0.0,3,0,1
3036,56,24,32,23,8,2,23,17,5,0,12,0,0,0,0,0,0,0,0,0,1,0,1,0.96875,1.0,1.0,0.0,0.0,0.0,3,0,1
3037,56,24,32,23,8,2,23,17,5,0,12,0,0,0,0,0,0,0,0,0,0,0,0,1.0,1.0,1.0,0.0,0.0,0.0,3,0,0
3038,56,24,32,23,8,2,23,17,5,0,12,0,0,0,0,0,0,0,0,0,0,0,0,1.0,1.0,1.0,0.0,0.0,0.0,3,0,0
3039,55,24,31,22,8,2,23,17,5,0,12,0,0,0,0,0,0,0,0,0,1,0,1,0.967741935483871,1.0,1.0,0.0,0.0,0.0,3,0,1
3040,53,22,31,20,8,2,23,17,5,0,12,0,0,0,0,0,0,0,0,0,2,0,2,0.9333333333333333,1.0,1.0,0.0,0.0,0.0,3,0,2
3041,52,22,30,20,7,2,23,17,5,0,12,0,0,0,0,0,0,0,0,0,1,0,1,0.9642857142857143,1.0,1.0,0.0,0.0,0.0,3,0,1
3042,52,22,30,20,7,2,23,17,5,0,12,0,0,0,0,0,0,0,0,0,0,0,0,1.0,1.0,1.0,0.0,0.0,0.0,3,0,0
3043,52,22,30,20,7,2,23,17,5,0,12,0,0,0,0,0,0,0,0,0,0,0,0,1.0,1.0,1.0,0.0,0.0,0.0,3,0,0
3044,51,21,30,20,7,2,22,17,5,0,12,0,0,0,0,0,0,0,0,0,0,0,0,1.0,0.8333333333333334,1.0,0.0,0.0,0.0,3,0,1
3045,50,20,30,19,7,2,22,17,5,0,12,0,0,0,0,0,0,0,0,0,1,0,1,0.962962962962963,1.0,1.0,0.0,0.0,0.0,3,0,1
3046,50,20,30,19,7,2,22,17,5,0,12,0,0,0,0,0,0,0,0,0,0,0,0,1.0,1.0,1.0,0.0,0.0,0.0,3,0,0
3047,49,20,29,19,7,2,21,16,5,0,11,0,0,0,0,0,0,0,0,0,0,0,0,1.0,1.0,0.9411764705882353,0.0,0.0,0.0,3,0,1
3048,49,20,29,19,7,2,21,16,5,0,11,0,0,0,0,0,0,0,0,0,0,0,0,1.0,1.0,1.0,0.0,0.0,0.0,3,0,0
3049,49,20,29,19,7,2,21,16,5,0,11,0,0,0,0,0,0,0,0,0,0,0,0,1.0,1.0,1.0,0.0,0.0,0.0,3,0,0
3050,49,20,29,19,7,2,21,16,5,0,11,0,0,0,0,0,0,0,0,0,0,0,0,1.0,1.0,1.0,0.0,0.0,0.0,3,0,0
3051,49,20,29,19,7,2,21,16,5,0,11,0,0,0,0,0,0,0,0,0,0,0,0,1.0,1.0,1.0,0.0,0.0,0.0,3,0,0
3052,49,20,29,19,7,2,21,16,5,0,11,0,0,0,0,0,0,0,0,0,0,0,0,1.0,1.0,1.0,0.0,0.0,0.0,3,0,0
3053,48,19,29,18,7,2,21,16,5,0,11,0,0,0,0,0,0,0,0,0,1,0,1,0.9615384615384616,1.0,1.0,0.0,0.0,0.0,3,0,1
3054,47,19,28,17,7,2,21,16,5,0,11,0,0,0,0,0,0,0,0,0,1,0,1,0.96,1.0,1.0,0.0,0.0,0.0,3,0,1
3055,47,19,28,17,7,2,21,16,5,0,11,0,0,0,0,0,0,0,0,0,0,0,0,1.0,1.0,1.0,0.0,0.0,0.0,3,0,0
3056,47,19,28,17,7,2,21,16,5,0,11,0,0,0,0,0,0,0,0,0,0,0,0,1.0,1.0,1.0,0.0,0.0,0.0,3,0,0
3057,47,19,28,17,7,2,21,16,5,0,11,0,0,0,0,0,0,0,0,0,0,0,0,1.0,1.0,1.0,0.0,0.0,0.0,3,0,0
3058,47,19,28,15,9,2,21,16,5,0,11,0,0,0,0,0,0,0,0,0,0,0,0,1.0,1.0,1.0,0.0,0.0,0.0,3,0,0
3059,47,19,28,15,9,2,21,16,5,0,11,0,0,0,0,0,0,0,0,0,0,0,0,1.0,1.0,1.0,0.0,0.0,0.0,3,0,0
3060,47,19,28,12,12,2,21,16,5,0,9,0,0,0,0,0,0,0,0,0,0,0,0,1.0,1.0,1.0,0.0,0.0,0.0,3,0,0
3061,47,19,28,11,13,2,21,16,7,0,9,0,0,0,0,0,14,2,0,0,0,0,0,1.0,1.0,1.0,0.0,0.0,0.14285714285714285,3,0,0
3062,54,23,31,11,20,2,21,16,5,0,9,0,0,0,0,0,0,0,0,2,0,0,0,1.0,1.0,1.0,0.14893617021276595,0.14893617021276595,0.0,3,7,0
3063,61,26,35,18,20,2,21,16,3,0,10,0,0,0,0,0,2,0,0,2,0,1,0,1.0,1.0,1.0,0.12962962962962962,0.12962962962962962,0.0,3,7,0
3064,57,24,33,15,19,2,21,16,3,1,7,0,0,0,0,0,3,0,1,0,4,0,4,0.8947368421052632,1.0,1.0,0.0,0.0,0.0,3,0,4
3065,54,23,31,15,17,2,20,15,5,2,6,0,0,0,0,0,11,2,1,0,2,0,2,0.9411764705882353,1.0,0.9375,0.0,0.0,0.18181818181818182,3,0,3
3066,54,23,31,15,17,2,20,15,7,2,6,0,0,0,0,0,6,2,0,0,0,0,0,1.0,1.0,1.0,0.0,0.0,0.3333333333333333,3,0,0
3067,53,23,30,15,16,3,19,14,6,2,6,0,0,0,0,0,0,0,0,0,0,0,0,1.0,1.0,0.9333333333333333,0.0,0.0,0.0,3,0,1
3068,53,23,30,15,16,3,19,14,6,2,6,0,0,0,0,0,0,0,0,0,0,0,0,1.0,1.0,1.0,0.0,0.0,0.0,3,0,0
3069,53,23,30,15,16,3,19,14,6,2,6,0,0,0,0,0,0,0,0,0,0,1,0,1.0,1.0,1.0,0.0,0.0,0.0,3,0,0
3070,53,23,30,15,16,3,19,14,6,2,6,0,0,0,0,0,0,0,0,0,0,0,0,1.0,1.0,1.0,0.0,0.0,0.0,3,0,0
3071,52,22,30,11,19,3,19,14,6,2,6,0,0,0,0,0,0,0,0,0,1,1,1,0.967741935483871,1.0,1.0,0.0,0.0,0.0,3,0,1
3072,52,22,30,11,19,3,19,14,6,2,6,0,0,0,0,0,0,0,0,0,0,0,0,1.0,1.0,1.0,0.0,0.0,0.0,3,0,0
3073,51,22,29,11,17,4,19,14,6,2,4,0,0,0,0,0,0,0,0,0,1,0,1,0.9655172413793104,1.0,1.0,0.0,0.0,0.0,3,0,1
3074,51,22,29,11,17,4,19,14,7,2,4,0,0,0,0,0,4,1,0,0,0,0,0,1.0,1.0,1.0,0.0,0.0,0.25,3,0,0
3075,51,22,29,11,16,5,19,14,7,3,3,0,0,0,0,0,1,0,1,0,0,0,0,1.0,1.0,1.0,0.0,0.0,0.0,3,0,0
3076,51,22,29,11,16,5,19,14,8,3,3,0,0,0,0,0,3,1,0,0,0,0,0,1.0,1.0,1.0,0.0,0.0,0.3333333333333333,3,0,0
3077,54,25,29,14,16,5,19,14,7,3,4,0,0,0,0,0,0,0,0,1,0,0,0,1.0,1.0,1.0,0.058823529411764705,0.058823529411764705,0.0,3,3,0
3078,53,24,29,14,15,5,19,14,7,3,4,0,0,0,0,0,0,0,0,0,1,0,1,0.9666666666666667,1.0,1.0,0.0,0.0,0.0,3,0,1
3079,53,24,29,14,15,5,19,14,7,3,4,0,0,0,0,0,0,0,0,0,0,0,0,1.0,1.0,1.0,0.0,0.0,0.0,3,0,0
3080,53,24,29,14,15,4,20,14,7,3,4,0,0,0,0,0,0,0,0,0,0,0,0,1.0,1.0,1.0,0.0,0.0,0.0,3,0,0
3081,53,24,29,14,15,4,20,14,7,3,4,0,0,0,0,0,0,0,0,0,0,1,0,1.0,1.0,1.0,0.0,0.0,0.0,3,0,0
3082,53,24,29,14,15,4,20,14,7,3,4,0,0,0,0,0,0,0,0,0,0,0,0,1.0,1.0,1.0,0.0,0.0,0.0,3,0,0
3083,51,23,28,13,14,4,20,14,7,3,4,0,0,0,0,0,0,0,0,0,2,0,2,0.9310344827586207,1.0,1.0,0.0,0.0,0.0,3,0,2
3084,51,23,28,13,14,4,20,14,7,3,4,0,0,0,0,0,0,0,0,0,0,0,0,1.0,1.0,1.0,0.0,0.0,0.0,3,0,0
3085,51,23,28,13,13,5,20,14,7,3,4,0,0,0,0,0,0,0,0,0,0,0,0,1.0,1.0,1.0,0.0,0.0,0.0,3,0,0
3086,51,23,28,13,13,5,20,14,7,3,4,0,0,0,0,0,0,0,0,0,0,0,0,1.0,1.0,1.0,0.0,0.0,0.0,3,0,0
3087,50,23,27,13,12,5,20,14,7,3,4,0,0,0,0,0,0,0,0,0,1,0,1,0.9615384615384616,1.0,1.0,0.0,0.0,0.0,3,0,1
3088,50,23,27,13,12,5,20,14,7,3,4,0,0,0,0,0,0,0,0,0,0,0,0,1.0,1.0,1.0,0.0,0.0,0.0,3,0,0
3089,49,22,27,13,11,5,20,14,7,3,4,0,0,0,0,0,0,0,0,0,1,0,1,0.96,1.0,1.0,0.0,0.0,0.0,3,0,1
3090,49,22,27,13,11,5,20,14,7,3,4,0,0,0,0,0,0,0,0,0,0,0,0,1.0,1.0,1.0,0.0,0.0,0.0,3,0,0
3091,49,22,27,13,11,5,20,14,7,3,4,0,0,0,0,0,0,0,0,0,0,0,0,1.0,1.0,1.0,0.0,0.0,0.0,3,0,0
3092,49,22,27,13,11,5,20,14,7,3,4,0,0,0,0,0,0,0,0,0,0,0,0,1.0,1.0,1.0,0.0,0.0,0.0,3,0,0
3093,49,22,27,13,11,5,20,14,7,3,4,0,0,0,0,0,0,0,0,0,0,0,0,1.0,1.0,1.0,0.0,0.0,0.0,3,0,0
3094,48,22,26,12,11,5,20,14,7,3,4,0,0,0,0,0,0,0,0,0,1,0,1,0.9583333333333334,1.0,1.0,0.0,0.0,0.0,3,0,1
3095,48,22,26,12,11,5,20,14,7,3,4,0,0,0,0,0,0,0,0,0,0,0,0,1.0,1.0,1.0,0.0,0.0,0.0,3,0,0
3096,47,22,25,12,10,5,20,14,7,3,4,0,0,0,0,0,0,0,0,0,1,0,1,0.9565217391304348,1.0,1.0,0.0,0.0,0.0,3,0,1
3097,47,22,25,12,10,5,20,14,7,3,4,0,0,0,0,0,0,0,0,0,0,0,0,1.0,1.0,1.0,0.0,0.0,0.0,3,0,0
3098,47,22,25,12,10,5,20,14,7,3,4,0,0,0,0,0,0,0,0,0,0,0,0,1.0,1.0,1.0,0.0,0.0,0.0,3,0,0
3099,47,22,25,12,10,5,20,14,7,3,4,0,0,0,0,0,0,0,0,0,0,0,0,1.0,1.0,1.0,0.0,0.0,0.0,3,0,0
3100,47,22,25,12,10,5,20,14,7,3,4,0,0,0,0,0,0,0,0,0,0,1,0,1.0,1.0,1.0,0.0,0.0,0.0,3,0,0
3101,47,22,25,12,10,5,20,14,7,3,4,0,0,0,0,0,0,0,0,0,0,0,0,1.0,1.0,1.0,0.0,0.0,0.0,3,0,0
3102,47,22,25,12,10,5,20,14,7,3,4,0,0,0,0,0,0,0,0,0,0,0,0,1.0,1.0,1.0,0.0,0.0,0.0,3,0,0
3103,47,22,25,12,10,5,20,14,7,3,4,0,0,0,0,0,0,0,0,0,0,0,0,1.0,1.0,1.0,0.0,0.0,0.0,3,0,0
3104,47,22,25,12,9,6,20,14,7,3,4,0,0,0,0,0,0,0,0,0,0,0,0,1.0,1.0,1.0,0.0,0.0,0.0,3,0,0
3105,47,22,25,7,14,6,20,14,7,3,4,0,0,0,0,0,0,0,0,0,0,0,0,1.0,1.0,1.0,0.0,0.0,0.0,3,0,0
3106,47,22,25,3,18,6,20,14,7,3,4,0,0,0,0,0,0,0,0,0,0,0,0,1.0,1.0,1.0,0.0,0.0,0.0,3,0,0
3107,47,22,25,3,18,6,20,14,7,3,3,0,0,0,0,0,0,0,0,0,0,0,0,1.0,1.0,1.0,0.0,0.0,0.0,3,0,0
3108,47,22,25,3,18,6,20,14,8,3,1,0,0,0,0,0,7,1,0,0,0,0,0,1.0,1.0,1.0,0.0,0.0,0.14285714285714285,3,0,0
3109,47,22,25,3,18,6,20,14,8,2,1,0,0,0,0,0,2,0,0,0,0,0,0,1.0,1.0,1.0,0.0,0.0,0.0,3,0,0
3110,47,22,25,3,18,6,20,14,8,2,1,0,0,0,0,0,3,0,1,0,0,0,0,1.0,1.0,1.0,0.0,0.0,0.0,3,0,0
3111,47,22,25,3,18,6,20,14,9,2,1,0,0,0,0,0,8,1,0,0,0,0,0,1.0,1.0,1.0,0.0,0.0,0.125,3,0,0
3112,47,22,25,3,18,6,20,14,11,2,1,0,0,0,0,0,7,2,0,0,0,0,0,1.0,1.0,1.0,0.0,0.0,0.2857142857142857,3,0,0
3113,45,20,25,3,18,6,18,14,11,2,1,0,0,0,0,0,0,0,0,0,0,0,0,1.0,0.6666666666666667,1.0,0.0,0.0,0.0,3,0,2
3114,45,20,25,3,18,6,18,14,11,2,1,0,0,0,0,0,0,0,0,0,0,0,0,1.0,1.0,1.0,0.0,0.0,0.0,3,0,0
3115,45,20,25,3,18,6,18,14,11,2,1,0,0,0,0,0,0,0,0,0,0,0,0,1.0,1.0,1.0,0.0,0.0,0.0,3,0,0
3116,45,20,25,3,18,6,18,14,11,2,1,0,0,0,0,0,0,0,0,0,0,0,0,1.0,1.0,1.0,0.0,0.0,0.0,3,0,0
3117,45,20,25,3,18,6,18,14,11,2,1,0,0,0,0,0,0,0,0,0,0,0,0,1.0,1.0,1.0,0.0,0.0,0.0,3,0,0
3118,45,20,25,3,18,6,18,14,11,2,1,0,0,0,0,0,0,0,0,0,0,0,0,1.0,1.0,1.0,0.0,0.0,0.0,3,0,0
3119,45,20,25,3,18,6,18,14,11,2,1,0,0,0,0,0,0,0,0,0,0,0,0,1.0,1.0,1.0,0.0,0.0,0.0,3,0,0
3120,45,20,25,0,21,6,18,14,11,1,1,0,0,0,0,0,0,0,0,0,0,0,0,1.0,1.0,1.0,0.0,0.0,0.0,3,0,0
3121,45,20,25,0,21,6,18,14,11,1,1,0,0,0,0,0,3,0,0,0,0,0,0,1.0,1.0,1.0,0.0,0.0,0.0,3,0,0
3122,45,20,25,0,21,6,18,14,11,2,0,0,0,0,0,0,3,0,1,0,0,0,0,1.0,1.0,1.0,0.0,0.0,0.0,3,0,0
3123,45,20,25,0,21,6,18,14,12,2,0,0,0,0,0,0,1,1,0,0,0,0,0,1.0,1.0,1.0,0.0,0.0,1.0,3,0,0
3124,45,20,25,0,21,6,18,14,12,2,0,0,0,0,0,0,0,0,0,0,0,0,0,1.0,1.0,1.0,0.0,0.0,0.0,3,0,0
3125,45,20,25,0,21,6,18,14,12,2,0,0,0,0,0,0,0,0,0,0,0,0,0,1.0,1.0,1.0,0.0,0.0,0.0,3,0,0
3126,52,23,29,7,21,6,18,14,10,2,2,0,0,0,0,0,0,0,0,2,0,0,0,1.0,1.0,1.0,0.15555555555555556,0.15555555555555556,0.0,3,7,0
3127,51,23,28,6,21,6,18,14,10,2,2,0,0,0,0,0,0,0,0,0,1,0,1,0.9642857142857143,1.0,1.0,0.0,0.0,0.0,3,0,1
3128,49,21,28,6,20,6,17,14,10,2,2,0,0,0,0,0,0,0,0,0,1,0,1,0.962962962962963,0.75,1.0,0.0,0.0,0.0,3,0,2
3129,49,21,28,6,20,6,17,14,10,2,2,0,0,0,0,0,0,0,0,0,0,0,0,1.0,1.0,1.0,0.0,0.0,0.0,3,0,0
3130,56,24,32,13,20,6,17,14,8,2,4,0,0,0,0,0,0,0,0,2,0,0,0,1.0,1.0,1.0,0.14285714285714285,0.14285714285714285,0.0,3,7,0
3131,59,25,34,16,20,6,17,14,7,2,5,0,0,0,0,0,0,0,0,1,0,0,0,1.0,1.0,1.0,0.05357142857142857,0.05357142857142857,0.0,3,3,0
3132,58,25,33,15,20,6,17,14,7,2,5,0,0,0,0,0,0,0,0,0,1,0,1,0.9722222222222222,1.0,1.0,0.0,0.0,0.0,3,0,1
3133,58,25,33,15,20,6,17,14,7,2,5,0,0,0,0,0,0,0,0,0,0,0,0,1.0,1.0,1.0,0.0,0.0,0.0,3,0,0
3134,56,24,32,14,19,6,17,14,7,2,5,0,0,0,0,0,0,0,0,0,2,0,2,0.9428571428571428,1.0,1.0,0.0,0.0,0.0,3,0,2
3135,55,24,31,13,19,6,17,14,7,2,5,0,0,0,0,0,0,0,0,0,1,0,1,0.9696969696969697,1.0,1.0,0.0,0.0,0.0,3,0,1
3136,55,24,31,13,19,6,17,14,7,2,5,0,0,0,0,0,0,0,0,0,0,0,0,1.0,1.0,1.0,0.0,0.0,0.0,3,0,0
3137,55,24,31,13,19,6,17,14,7,2,5,0,0,0,0,0,0,0,0,0,0,0,0,1.0,1.0,1.0,0.0,0.0,0.0,3,0,0
3138,55,24,31,13,19,6,17,14,7,2,5,0,0,0,0,0,0,0,0,0,0,0,0,1.0,1.0,1.0,0.0,0.0,0.0,3,0,0
3139,59,26,33,17,19,6,17,14,6,2,6,0,0,0,0,0,0,0,0,1,0,0,0,1.0,1.0,1.0,0.07272727272727272,0.07272727272727272,0.0,3,4,0
3140,59,26,33,17,19,6,17,14,6,2,6,0,0,0,0,0,0,0,0,0,0,0,0,1.0,1.0,1.0,0.0,0.0,0.0,3,0,0
3141,62,28,34,21,18,6,17,14,5,2,7,0,0,0,0,0,0,0,0,1,1,0,1,0.9722222222222222,1.0,1.0,0.06779661016949153,0.06779661016949153,0.0,3,4,1
3142,60,27,33,21,16,6,17,14,5,2,7,0,0,0,0,0,0,0,0,0,2,0,2,0.9487179487179487,1.0,1.0,0.0,0.0,0.0,3,0,2
3143,59,27,32,21,15,6,17,14,5,2,7,0,0,0,0,0,0,0,0,0,1,0,1,0.972972972972973,1.0,1.0,0.0,0.0,0.0,3,0,1
3144,57,25,32,19,15,6,17,14,5,2,7,0,0,0,0,0,0,0,0,0,2,0,2,0.9444444444444444,1.0,1.0,0.0,0.0,0.0,3,0,2
3145,55,23,32,19,14,5,17,14,5,2,7,0,0,0,0,0,0,0,0,0,1,0,1,0.9705882352941176,1.0,1.0,0.0,0.0,0.0,3,0,2
3146,55,23,32,19,14,5,17,14,5,2,7,0,0,0,0,0,0,0,0,0,0,0,0,1.0,1.0,1.0,0.0,0.0,0.0,3,0,0
3147,55,23,32,19,14,5,17,14,5,2,7,0,0,0,0,0,0,0,0,0,0,0,0,1.0,1.0,1.0,0.0,0.0,0.0,3,0,0
3148,55,23,32,19,14,5,17,14,5,2,7,0,0,0,0,0,0,0,0,0,0,0,0,1.0,1.0,1.0,0.0,0.0,0.0,3,0,0
3149,55,23,32,19,14,5,17,14,5,2,7,0,0,0,0,0,0,0,0,0,0,0,0,1.0,1.0,1.0,0.0,0.0,0.0,3,0,0
3150,54,23,31,19,13,5,17,14,5,2,7,0,0,0,0,0,0,0,0,0,1,0,1,0.9696969696969697,1.0,1.0,0.0,0.0,0.0,3,0,1
3151,54,23,31,19,13,5,17,14,5,2,7,0,0,0,0,0,0,0,0,0,0,0,0,1.0,1.0,1.0,0.0,0.0,0.0,3,0,0
3152,54,23,31,19,13,5,17,14,5,2,7,0,0,0,0,0,0,0,0,0,0,0,0,1.0,1.0,1.0,0.0,0.0,0.0,3,0,0
3153,54,23,31,19,13,5,17,14,5,2,7,0,0,0,0,0,0,0,0,0,0,0,0,1.0,1.0,1.0,0.0,0.0,0.0,3,0,0
3154,54,23,31,19,13,5,17,14,5,2,7,0,0,0,0,0,0,0,0,0,0,0,0,1.0,1.0,1.0,0.0,0.0,0.0,3,0,0
3155,52,22,30,18,12,5,17,14,5,1,7,0,0,0,0,0,0,0,0,0,2,0,2,0.9375,1.0,1.0,0.0,0.0,0.0,3,0,2
3156,52,22,30,18,12,5,17,14,6,1,7,0,0,0,0,0,4,1,0,0,0,0,0,1.0,1.0,1.0,0.0,0.0,0.25,3,0,0
3157,52,22,30,18,12,5,17,14,6,1,7,0,0,0,0,0,0,0,0,0,0,0,0,1.0,1.0,1.0,0.0,0.0,0.0,3,0,0
3158,52,22,30,18,12,5,17,14,6,1,7,0,0,0,0,0,0,0,0,0,0,0,0,1.0,1.0,1.0,0.0,0.0,0.0,3,0,0
3159,52,22,30,18,12,5,17,14,6,1,7,0,0,0,0,0,0,0,0,0,0,0,0,1.0,1.0,1.0,0.0,0.0,0.0,3,0,0
3160,52,22,30,18,12,5,17,14,6,1,7,0,0,0,0,0,0,0,0,0,0,0,0,1.0,1.0,1.0,0.0,0.0,0.0,3,0,0
3161,52,22,30,18,12,5,17,14,6,1,7,0,0,0,0,0,0,0,0,0,0,0,0,1.0,1.0,1.0,0.0,0.0,0.0,3,0,0
3162,52,22,30,18,12,5,17,14,6,1,7,0,0,0,0,0,0,0,0,0,0,0,0,1.0,1.0,1.0,0.0,0.0,0.0,3,0,0
3163,52,22,30,18,12,5,17,14,6,1,7,0,0,0,0,0,0,0,0,0,0,0,0,1.0,1.0,1.0,0.0,0.0,0.0,3,0,0
3164,52,22,30,18,12,5,17,14,6,1,7,0,0,0,0,0,0,0,0,0,0,0,0,1.0,1.0,1.0,0.0,0.0,0.0,3,0,0
3165,51,21,30,18,11,5,17,14,6,1,7,0,0,0,0,0,0,0,0,0,1,0,1,0.9666666666666667,1.0,1.0,0.0,0.0,0.0,3,0,1
3166,51,21,30,18,11,5,17,14,6,1,7,0,0,0,0,0,0,0,0,0,0,0,0,1.0,1.0,1.0,0.0,0.0,0.0,3,0,0
3167,51,21,30,18,11,5,17,14,6,0,7,0,0,0,0,0,0,0,0,0,0,0,0,1.0,1.0,1.0,0.0,0.0,0.0,3,0,0
3168,50,20,30,17,11,5,17,14,7,0,7,0,0,0,0,0,2,1,0,0,1,0,1,0.9655172413793104,1.0,1.0,0.0,0.0,0.5,3,0,1
3169,50,20,30,14,14,5,17,14,7,0,7,0,0,0,0,0,0,0,0,0,0,0,0,1.0,1.0,1.0,0.0,0.0,0.0,3,0,0
3170,49,19,30,14,13,5,17,14,7,0,7,0,0,0,0,0,0,0,0,0,1,0,1,0.9642857142857143,1.0,1.0,0.0,0.0,0.0,3,0,1
3171,49,19,30,14,13,4,18,15,7,0,5,0,0,0,0,0,8,0,0,0,0,0,0,1.0,1.0,1.0,0.0,0.0,0.0,3,0,0
3172,49,19,30,14,13,4,18,15,8,0,5,0,0,0,0,0,15,1,0,0,0,0,0,1.0,1.0,1.0,0.0,0.0,0.06666666666666667,3,0,0
3173,53,21,32,12,19,4,18,15,9,0,6,0,0,0,0,0,11,2,0,1,0,0,0,1.0,1.0,1.0,0.08163265306122448,0.08163265306122448,0.18181818181818182,3,4,0
3174,53,21,32,11,20,4,18,15,9,0,6,0,0,0,0,0,0,0,0,0,0,0,0,1.0,1.0,1.0,0.0,0.0,0.0,3,0,0
3175,53,21,32,11,20,4,18,15,9,0,4,0,0,0,0,0,0,0,0,0,0,0,0,1.0,1.0,1.0,0.0,0.0,0.0,3,0,0
3176,57,24,33,15,20,4,18,15,10,0,4,0,0,0,0,0,13,2,0,1,0,0,0,1.0,1.0,1.0,0.07547169811320754,0.07547169811320754,0.15384615384615385,3,4,0
3177,64,25,39,22,20,4,18,15,9,0,6,0,0,0,0,0,2,1,0,2,0,0,0,1.0,1.0,1.0,0.12280701754385964,0.12280701754385964,0.5,3,7,0
3178,63,24,39,22,19,4,18,15,9,0,6,0,0,0,0,0,0,0,0,0,1,0,1,0.9761904761904762,1.0,1.0,0.0,0.0,0.0,3,0,1
3179,63,24,39,22,19,4,18,15,9,0,6,0,0,0,0,0,0,0,0,0,0,0,0,1.0,1.0,1.0,0.0,0.0,0.0,3,0,0
3180,61,22,39,20,19,4,18,15,9,0,6,0,0,0,0,0,0,0,0,0,2,0,2,0.9512195121951219,1.0,1.0,0.0,0.0,0.0,3,0,2
3181,59,21,38,19,18,4,18,15,9,0,6,0,0,0,0,0,0,0,0,0,2,0,2,0.9487179487179487,1.0,1.0,0.0,0.0,0.0,3,0,2
3182,59,21,38,16,21,4,18,15,9,0,6,0,0,0,0,0,0,0,0,0,0,0,0,1.0,1.0,1.0,0.0,0.0,0.0,3,0,0
3183,57,20,37,15,20,4,18,15,9,0,6,0,0,0,0,0,0,0,0,0,2,0,2,0.9459459459459459,1.0,1.0,0.0,0.0,0.0,3,0,2
3184,57,20,37,12,23,4,18,15,9,0,5,0,0,0,0,0,0,0,0,0,0,0,0,1.0,1.0,1.0,0.0,0.0,0.0,3,0,0
3185,56,20,36,12,22,4,18,15,10,0,5,0,0,0,0,0,1,1,0,0,1,0,1,0.9714285714285714,1.0,1.0,0.0,0.0,1.0,3,0,1
3186,54,19,35,12,20,3,19,16,10,0,4,0,0,0,0,0,5,0,0,0,2,0,2,0.9411764705882353,1.0,1.0,0.0,0.0,0.0,3,0,2
3187,53,19,34,11,20,3,19,16,12,0,4,0,0,0,0,0,12,2,0,0,1,0,1,0.96875,1.0,1.0,0.0,0.0,0.16666666666666666,3,0,1
3188,55,21,34,14,19,3,19,16,11,0,5,0,0,0,0,0,0,0,0,1,2,0,2,0.935483870967742,1.0,1.0,0.07547169811320754,0.07547169811320754,0.0,3,4,2
3189,55,21,34,14,19,3,19,16,11,0,5,0,0,0,0,0,0,0,0,0,0,0,0,1.0,1.0,1.0,0.0,0.0,0.0,3,0,0
3190,55,21,34,14,19,3,19,16,11,0,5,0,0,0,0,0,0,0,0,0,0,0,0,1.0,1.0,1.0,0.0,0.0,0.0,3,0,0
3191,54,20,34,14,18,3,19,16,11,0,5,0,0,0,0,0,0,0,0,0,1,0,1,0.9696969696969697,1.0,1.0,0.0,0.0,0.0,3,0,1
3192,52,20,32,13,18,3,18,15,10,0,5,0,0,0,0,0,0,0,0,0,1,0,1,0.96875,1.0,0.9375,0.0,0.0,0.0,3,0,2
3193,52,20,32,13,18,3,18,15,10,0,5,0,0,0,0,0,0,0,0,0,0,0,0,1.0,1.0,1.0,0.0,0.0,0.0,3,0,0
3194,51,19,32,13,18,2,18,15,10,0,5,0,0,0,0,0,0,0,0,0,0,0,0,1.0,1.0,1.0,0.0,0.0,0.0,3,0,1
3195,51,19,32,13,18,2,18,15,10,0,5,0,0,0,0,0,0,0,0,0,0,1,0,1.0,1.0,1.0,0.0,0.0,0.0,3,0,0
3196,51,19,32,13,18,2,18,15,10,0,5,0,0,0,0,0,0,0,0,0,0,0,0,1.0,1.0,1.0,0.0,0.0,0.0,3,0,0
3197,51,19,32,13,18,2,18,15,10,0,5,0,0,0,0,0,0,0,0,0,0,0,0,1.0,1.0,1.0,0.0,0.0,0.0,3,0,0
3198,51,19,32,13,18,2,18,15,10,0,5,0,0,0,0,0,0,0,0,0,0,0,0,1.0,1.0,1.0,0.0,0.0,0.0,3,0,0
3199,50,19,31,13,16,3,18,15,10,0,5,0,0,0,0,0,0,0,0,0,1,1,1,0.9666666666666667,1.0,1.0,0.0,0.0,0.0,3,0,1
3200,49,18,31,12,16,3,18,15,10,0,5,0,0,0,0,0,0,0,0,0,1,0,1,0.9655172413793104,1.0,1.0,0.0,0.0,0.0,3,0,1
3201,49,18,31,12,16,3,18,15,10,0,5,0,0,0,0,0,0,0,0,0,0,0,0,1.0,1.0,1.0,0.0,0.0,0.0,3,0,0
3202,48,18,30,12,15,3,18,15,10,0,5,0,0,0,0,0,0,0,0,0,1,0,1,0.9642857142857143,1.0,1.0,0.0,0.0,0.0,3,0,1
3203,48,18,30,12,14,4,18,15,10,0,5,0,0,0,0,0,0,0,0,0,0,0,0,1.0,1.0,1.0,0.0,0.0,0.0,3,0,0
3204,48,18,30,12,14,4,18,15,10,0,5,0,0,0,0,0,0,0,0,0,0,0,0,1.0,1.0,1.0,0.0,0.0,0.0,3,0,0
3205,48,18,30,12,14,4,18,15,10,0,5,0,0,0,0,0,0,0,0,0,0,0,0,1.0,1.0,1.0,0.0,0.0,0.0,3,0,0
3206,48,18,30,12,14,4,18,15,10,0,5,0,0,0,0,0,0,0,0,0,0,0,0,1.0,1.0,1.0,0.0,0.0,0.0,3,0,0
3207,48,18,30,12,14,4,18,15,10,0,5,0,0,0,0,0,0,0,0,0,0,0,0,1.0,1.0,1.0,0.0,0.0,0.0,3,0,0
3208,48,18,30,12,14,4,18,15,10,0,5,0,0,0,0,0,0,0,0,0,0,0,0,1.0,1.0,1.0,0.0,0.0,0.0,3,0,0
3209,47,17,30,11,14,4,18,15,10,0,5,0,0,0,0,0,0,0,0,0,1,0,1,0.9615384615384616,1.0,1.0,0.0,0.0,0.0,3,0,1
3210,46,17,29,11,14,4,17,14,9,0,5,0,0,0,0,0,0,0,0,0,0,0,0,1.0,1.0,0.9333333333333333,0.0,0.0,0.0,3,0,1
3211,46,17,29,11,14,4,17,14,9,0,5,0,0,0,0,0,0,0,0,0,0,0,0,1.0,1.0,1.0,0.0,0.0,0.0,3,0,0
3212,46,17,29,11,14,4,17,14,9,0,5,0,0,0,0,0,0,0,0,0,0,0,0,1.0,1.0,1.0,0.0,0.0,0.0,3,0,0
3213,46,17,29,11,14,4,17,14,9,0,5,0,0,0,0,0,0,0,0,0,0,0,0,1.0,1.0,1.0,0.0,0.0,0.0,3,0,0
3214,46,17,29,11,14,4,17,14,9,0,5,0,0,0,0,0,0,0,0,0,0,0,0,1.0,1.0,1.0,0.0,0.0,0.0,3,0,0
3215,46,17,29,11,14,4,17,14,9,0,5,0,0,0,0,0,0,0,0,0,0,0,0,1.0,1.0,1.0,0.0,0.0,0.0,3,0,0
3216,46,17,29,10,15,4,17,14,9,0,5,0,0,0,0,0,0,0,0,0,0,0,0,1.0,1.0,1.0,0.0,0.0,0.0,3,0,0
3217,46,17,29,10,15,4,17,14,9,0,5,0,0,0,0,0,0,0,0,0,0,0,0,1.0,1.0,1.0,0.0,0.0,0.0,3,0,0
3218,46,17,29,10,15,4,17,14,9,0,4,0,0,0,0,0,0,0,0,0,0,0,0,1.0,1.0,1.0,0.0,0.0,0.0,3,0,0
3219,46,17,29,8,17,4,17,14,10,0,4,0,0,0,0,0,6,1,0,0,0,0,0,1.0,1.0,1.0,0.0,0.0,0.16666666666666666,3,0,0
3220,46,17,29,4,21,4,17,14,10,0,4,0,0,0,0,0,0,0,0,0,0,0,0,1.0,1.0,1.0,0.0,0.0,0.0,3,0,0
3221,49,19,30,8,20,4,17,14,9,0,4,0,0,0,0,0,0,0,0,1,1,0,1,0.96,1.0,1.0,0.08695652173913043,0.08695652173913043,0.0,3,4,1
3222,49,19,30,8,20,4,17,14,9,0,2,0,0,0,0,0,0,0,0,0,0,0,0,1.0,1.0,1.0,0.0,0.0,0.0,3,0,0
3223,48,18,30,7,20,4,17,14,9,0,2,0,0,0,0,0,0,0,0,0,1,0,1,0.9642857142857143,1.0,1.0,0.0,0.0,0.0,3,0,1
3224,48,18,30,7,20,4,17,14,9,0,2,0,0,0,0,0,0,0,0,0,0,0,0,1.0,1.0,1.0,0.0,0.0,0.0,3,0,0
3225,48,18,30,7,20,4,17,14,9,0,2,0,0,0,0,0,0,0,0,0,0,0,0,1.0,1.0,1.0,0.0,0.0,0.0,3,0,0
3226,48,18,30,7,20,4,17,14,9,0,2,0,0,0,0,0,0,0,0,0,0,0,0,1.0,1.0,1.0,0.0,0.0,0.0,3,0,0
3227,48,18,30,7,20,4,17,14,9,0,2,0,0,0,0,0,0,0,0,0,0,0,0,1.0,1.0,1.0,0.0,0.0,0.0,3,0,0
3228,48,18,30,7,20,4,17,14,9,0,2,0,0,0,0,0,0,0,0,0,0,0,0,1.0,1.0,1.0,0.0,0.0,0.0,3,0,0
3229,48,18,30,7,20,4,17,14,9,0,2,0,0,0,0,0,0,0,0,0,0,0,0,1.0,1.0,1.0,0.0,0.0,0.0,3,0,0
3230,48,18,30,7,20,4,17,14,9,0,2,0,0,0,0,0,0,0,0,0,0,0,0,1.0,1.0,1.0,0.0,0.0,0.0,3,0,0
3231,48,18,30,4,23,4,17,14,9,0,2,0,0,0,0,0,0,0,0,0,0,0,0,1.0,1.0,1.0,0.0,0.0,0.0,3,0,0
3232,48,18,30,4,23,4,17,14,9,0,2,0,0,0,0,0,0,0,0,0,0,0,0,1.0,1.0,1.0,0.0,0.0,0.0,3,0,0
3233,52,20,32,8,23,4,17,14,8,0,2,0,0,0,0,0,0,0,0,1,0,0,0,1.0,1.0,1.0,0.08333333333333333,0.08333333333333333,0.0,3,4,0
3234,50,19,31,7,23,4,16,14,8,0,2,0,0,0,0,0,0,0,0,0,1,0,1,0.967741935483871,0.6666666666666667,1.0,0.0,0.0,0.0,3,0,2
3235,50,19,31,7,23,4,16,14,8,0,2,0,0,0,0,0,0,0,0,0,0,0,0,1.0,1.0,1.0,0.0,0.0,0.0,3,0,0
3236,50,19,31,7,23,4,16,14,8,0,2,0,0,0,0,0,0,0,0,0,0,0,0,1.0,1.0,1.0,0.0,0.0,0.0,3,0,0
3237,53,20,33,10,23,4,16,14,7,0,3,0,0,0,0,0,0,0,0,1,0,0,0,1.0,1.0,1.0,0.06,0.06,0.0,3,3,0
3238,55,23,32,13,22,4,16,14,6,0,4,0,0,0,0,0,0,0,0,1,1,0,1,0.9696969696969697,1.0,1.0,0.05660377358490566,0.05660377358490566,0.0,3,3,1
3239,55,23,32,13,22,3,17,14,6,0,4,0,0,0,0,0,0,0,0,0,0,0,0,1.0,1.0,1.0,0.0,0.0,0.0,3,0,0
3240,55,23,32,13,22,3,17,14,6,0,4,0,0,0,0,0,0,0,0,0,0,0,0,1.0,1.0,1.0,0.0,0.0,0.0,3,0,0
3241,56,26,30,15,21,3,17,14,5,0,5,0,0,0,0,0,0,0,0,1,2,0,2,0.9428571428571428,1.0,1.0,0.05454545454545454,0.05454545454545454,0.0,3,3,2
3242,60,29,31,19,21,3,17,14,4,0,6,0,0,0,0,0,0,0,0,1,0,0,0,1.0,1.0,1.0,0.07142857142857142,0.07142857142857142,0.0,3,4,0
3243,58,27,31,18,20,3,17,14,4,0,6,0,0,0,0,0,0,0,0,0,2,1,2,0.95,1.0,1.0,0.0,0.0,0.0,3,0,2
3244,58,27,31,18,20,3,17,14,4,0,6,0,0,0,0,0,0,0,0,0,0,0,0,1.0,1.0,1.0,0.0,0.0,0.0,3,0,0
3245,58,27,31,18,20,3,17,14,4,0,6,0,0,0,0,0,0,0,0,0,0,0,0,1.0,1.0,1.0,0.0,0.0,0.0,3,0,0
3246,57,26,31,17,20,3,17,14,4,0,6,0,0,0,0,0,0,0,0,0,1,0,1,0.9736842105263158,1.0,1.0,0.0,0.0,0.0,3,0,1
3247,56,26,30,17,18,4,17,14,4,0,6,0,0,0,0,0,0,0,0,0,1,0,1,0.9722222222222222,1.0,1.0,0.0,0.0,0.0,3,0,1
3248,54,25,29,16,17,4,17,14,4,0,6,0,0,0,0,0,0,0,0,0,2,0,2,0.9428571428571428,1.0,1.0,0.0,0.0,0.0,3,0,2
3249,54,25,29,16,17,4,17,14,4,0,6,0,0,0,0,0,0,0,0,0,0,0,0,1.0,1.0,1.0,0.0,0.0,0.0,3,0,0
3250,58,27,31,20,17,4,17,14,3,0,7,0,0,0,0,0,0,0,0,1,0,0,0,1.0,1.0,1.0,0.07407407407407407,0.07407407407407407,0.0,3,4,0
3251,58,27,31,20,17,4,17,14,3,0,7,0,0,0,0,0,0,0,0,0,0,0,0,1.0,1.0,1.0,0.0,0.0,0.0,3,0,0
3252,65,31,34,27,17,4,17,14,1,0,9,0,0,0,0,0,0,0,0,2,0,0,0,1.0,1.0,1.0,0.1206896551724138,0.1206896551724138,0.0,3,7,0
3253,61,29,32,24,16,4,17,14,1,0,9,0,0,0,0,0,0,0,0,0,4,0,4,0.9090909090909091,1.0,1.0,0.0,0.0,0.0,3,0,4
3254,58,27,31,22,15,4,17,14,1,0,9,0,0,0,0,0,0,0,0,0,3,0,3,0.925,1.0,1.0,0.0,0.0,0.0,3,0,3
3255,58,27,31,22,15,3,18,15,1,0,9,0,0,0,0,0,0,0,0,0,0,0,0,1.0,1.0,1.0,0.0,0.0,0.0,3,0,0
3256,57,26,31,21,15,3,18,15,1,0,9,0,0,0,0,0,0,0,0,0,1,0,1,0.972972972972973,1.0,1.0,0.0,0.0,0.0,3,0,1
3257,57,26,31,21,15,3,18,15,1,0,9,0,0,0,0,0,0,0,0,0,0,0,0,1.0,1.0,1.0,0.0,0.0,0.0,3,0,0
3258,57,26,31,21,15,3,18,15,1,0,9,0,0,0,0,0,0,0,0,0,0,0,0,1.0,1.0,1.0,0.0,0.0,0.0,3,0,0
3259,56,25,31,20,15,3,18,15,1,0,9,0,0,0,0,0,0,0,0,0,1,0,1,0.9722222222222222,1.0,1.0,0.0,0.0,0.0,3,0,1
3260,56,25,31,20,15,3,18,15,1,0,9,0,0,0,0,0,0,0,0,0,0,0,0,1.0,1.0,1.0,0.0,0.0,0.0,3,0,0
3261,55,24,31,19,15,3,18,15,1,0,9,0,0,0,0,0,0,0,0,0,1,0,1,0.9714285714285714,1.0,1.0,0.0,0.0,0.0,3,0,1
3262,55,24,31,19,15,3,18,15,1,0,9,0,0,0,0,0,0,0,0,0,0,0,0,1.0,1.0,1.0,0.0,0.0,0.0,3,0,0
3263,54,24,30,18,15,3,18,15,1,0,9,0,0,0,0,0,0,0,0,0,1,0,1,0.9705882352941176,1.0,1.0,0.0,0.0,0.0,3,0,1
3264,54,24,30,17,16,3,18,15,1,0,9,0,0,0,0,0,0,0,0,0,0,0,0,1.0,1.0,1.0,0.0,0.0,0.0,3,0,0
3265,54,24,30,17,16,3,18,15,1,0,9,0,0,0,0,0,0,0,0,0,0,0,0,1.0,1.0,1.0,0.0,0.0,0.0,3,0,0
3266,53,23,30,16,16,3,18,15,1,0,8,0,0,0,0,0,0,0,0,0,1,0,1,0.9696969696969697,1.0,1.0,0.0,0.0,0.0,3,0,1
3267,53,23,30,16,16,3,18,15,1,0,8,0,0,0,0,0,0,0,0,0,0,0,0,1.0,1.0,1.0,0.0,0.0,0.0,3,0,0
3268,53,23,30,16,16,3,18,15,1,0,8,0,0,0,0,0,0,0,0,0,0,0,0,1.0,1.0,1.0,0.0,0.0,0.0,3,0,0
3269,53,23,30,16,16,3,18,15,1,0,8,0,0,0,0,0,0,0,0,0,0,0,0,1.0,1.0,1.0,0.0,0.0,0.0,3,0,0
3270,52,22,30,15,16,3,18,15,1,0,8,0,0,0,0,0,0,0,0,0,1,0,1,0.96875,1.0,1.0,0.0,0.0,0.0,3,0,1
3271,51,21,30,14,16,3,18,15,1,0,8,0,0,0,0,0,0,0,0,0,1,0,1,0.967741935483871,1.0,1.0,0.0,0.0,0.0,3,0,1
3272,51,21,30,14,16,3,18,15,1,0,8,0,0,0,0,0,0,0,0,0,0,0,0,1.0,1.0,1.0,0.0,0.0,0.0,3,0,0
3273,51,21,30,14,16,3,18,15,1,0,8,0,0,0,0,0,0,0,0,0,0,0,0,1.0,1.0,1.0,0.0,0.0,0.0,3,0,0
3274,51,21,30,14,16,3,18,15,1,0,8,0,0,0,0,0,0,0,0,0,0,0,0,1.0,1.0,1.0,0.0,0.0,0.0,3,0,0
3275,49,21,28,13,15,3,18,15,1,0,8,0,0,0,0,0,0,0,0,0,2,0,2,0.9333333333333333,1.0,1.0,0.0,0.0,0.0,3,0,2
3276,49,21,28,11,17,3,18,15,1,0,8,0,0,0,0,0,0,0,0,0,0,0,0,1.0,1.0,1.0,0.0,0.0,0.0,3,0,0
3277,49,21,28,11,17,3,18,15,1,0,8,0,0,0,0,0,0,0,0,0,0,0,0,1.0,1.0,1.0,0.0,0.0,0.0,3,0,0
3278,49,21,28,11,17,3,18,15,1,0,7,0,0,0,0,0,0,0,0,0,0,0,0,1.0,1.0,1.0,0.0,0.0,0.0,3,0,0
3279,48,20,28,11,16,3,18,15,1,0,7,0,0,0,0,0,0,0,0,0,1,0,1,0.9642857142857143,1.0,1.0,0.0,0.0,0.0,3,0,1
3280,47,20,27,11,16,3,17,14,1,0,6,0,0,0,0,0,0,0,0,0,0,0,0,1.0,1.0,0.9333333333333333,0.0,0.0,0.0,3,0,1
3281,47,20,27,10,17,3,17,14,1,0,6,0,0,0,0,0,0,0,0,0,0,0,0,1.0,1.0,1.0,0.0,0.0,0.0,3,0,0
3282,47,20,27,10,17,3,17,14,1,0,5,0,0,0,0,0,0,0,0,0,0,0,0,1.0,1.0,1.0,0.0,0.0,0.0,3,0,0
3283,45,19,26,9,17,3,16,14,1,0,4,0,0,0,0,0,0,0,0,0,1,0,1,0.962962962962963,0.6666666666666667,1.0,0.0,0.0,0.0,3,0,2
3284,48,20,28,10,19,3,16,14,0,0,5,0,0,0,0,0,0,0,0,1,0,0,0,1.0,1.0,1.0,0.06666666666666667,0.06666666666666667,0.0,3,3,0
3285,48,20,28,10,19,3,16,14,0,0,5,0,0,0,0,0,0,0,0,0,0,0,0,1.0,1.0,1.0,0.0,0.0,0.0,3,0,0
3286,48,20,28,10,19,3,16,14,0,0,4,0,0,0,0,0,0,0,0,0,0,0,0,1.0,1.0,1.0,0.0,0.0,0.0,3,0,0
3287,48,20,28,10,19,3,16,14,0,0,3,0,0,0,0,0,0,0,0,0,0,0,0,1.0,1.0,1.0,0.0,0.0,0.0,3,0,0
3288,48,20,28,10,19,3,16,14,0,0,3,0,0,0,0,0,0,0,0,0,0,0,0,1.0,1.0,1.0,0.0,0.0,0.0,3,0,0
3289,48,20,28,10,19,3,16,14,0,0,3,0,0,0,0,0,0,0,0,0,0,0,0,1.0,1.0,1.0,0.0,0.0,0.0,3,0,0
3290,47,19,28,9,19,3,16,14,0,0,3,0,0,0,0,0,0,0,0,0,1,0,1,0.9655172413793104,1.0,1.0,0.0,0.0,0.0,3,0,1
3291,46,19,27,8,19,3,16,14,0,0,3,0,0,0,0,0,0,0,0,0,1,0,1,0.9642857142857143,1.0,1.0,0.0,0.0,0.0,3,0,1
3292,46,19,27,8,19,3,16,14,0,0,3,0,0,0,0,0,0,0,0,0,0,0,0,1.0,1.0,1.0,0.0,0.0,0.0,3,0,0
3293,46,19,27,7,20,3,16,14,0,0,3,0,0,0,0,0,0,0,0,0,0,0,0,1.0,1.0,1.0,0.0,0.0,0.0,3,0,0
3294,46,19,27,7,20,3,16,14,0,0,3,0,0,0,0,0,0,0,0,0,0,0,0,1.0,1.0,1.0,0.0,0.0,0.0,3,0,0
3295,45,18,27,2,24,3,16,14,0,0,2,0,0,0,0,0,0,0,0,0,1,0,1,0.962962962962963,1.0,1.0,0.0,0.0,0.0,3,0,1
3296,45,18,27,2,24,3,16,14,0,0,2,0,0,0,0,0,0,0,0,0,0,0,0,1.0,1.0,1.0,0.0,0.0,0.0,3,0,0
3297,44,18,26,2,24,3,15,13,0,0,1,0,0,0,0,0,0,0,0,0,0,0,0,1.0,1.0,0.9285714285714286,0.0,0.0,0.0,3,0,1
3298,44,18,26,2,24,3,15,13,0,0,1,0,0,0,0,0,0,0,0,0,0,0,0,1.0,1.0,1.0,0.0,0.0,0.0,3,0,0
3299,43,18,25,2,24,3,14,12,0,0,1,0,0,0,0,0,0,0,0,0,0,0,0,1.0,1.0,0.9230769230769231,0.0,0.0,0.0,3,0,1
3300,43,18,25,2,24,3,14,12,0,0,1,0,0,0,0,0,0,0,0,0,0,0,0,1.0,1.0,1.0,0.0,0.0,0.0,3,0,0
3301,42,18,24,1,24,3,14,12,0,0,1,0,0,0,0,0,0,0,0,0,1,0,1,0.9615384615384616,1.0,1.0,0.0,0.0,0.0,3,0,1
3302,42,18,24,1,24,3,14,12,0,0,1,0,0,0,0,0,0,0,0,0,0,0,0,1.0,1.0,1.0,0.0,0.0,0.0,3,0,0
3303,42,18,24,1,24,3,14,12,0,0,1,0,0,0,0,0,0,0,0,0,0,0,0,1.0,1.0,1.0,0.0,0.0,0.0,3,0,0
3304,42,18,24,1,24,3,14,12,0,0,1,0,0,0,0,0,0,0,0,0,0,0,0,1.0,1.0,1.0,0.0,0.0,0.0,3,0,0
3305,42,18,24,1,24,3,14,12,0,0,1,0,0,0,0,0,0,0,0,0,0,0,0,1.0,1.0,1.0,0.0,0.0,0.0,3,0,0
3306,42,18,24,1,24,3,14,12,0,0,1,0,0,0,0,0,0,0,0,0,0,0,0,1.0,1.0,1.0,0.0,0.0,0.0,3,0,0
3307,42,18,24,1,24,3,14,12,0,0,1,0,0,0,0,0,0,0,0,0,0,0,0,1.0,1.0,1.0,0.0,0.0,0.0,3,0,0
3308,42,18,24,1,24,3,14,12,0,0,1,0,0,0,0,0,0,0,0,0,0,0,0,1.0,1.0,1.0,0.0,0.0,0.0,3,0,0
3309,42,18,24,1,24,3,14,12,0,0,1,0,0,0,0,0,0,0,0,0,0,0,0,1.0,1.0,1.0,0.0,0.0,0.0,3,0,0
3310,42,18,24,1,24,3,14,12,0,0,1,0,0,0,0,0,0,0,0,0,0,1,0,1.0,1.0,1.0,0.0,0.0,0.0,3,0,0
3311,42,18,24,1,24,3,14,12,0,0,1,0,0,0,0,0,0,0,0,0,0,0,0,1.0,1.0,1.0,0.0,0.0,0.0,3,0,0
3312,42,18,24,1,24,3,14,12,0,0,1,0,0,0,0,0,0,0,0,0,0,0,0,1.0,1.0,1.0,0.0,0.0,0.0,3,0,0
3313,42,18,24,1,24,3,14,12,0,0,1,0,0,0,0,0,0,0,0,0,0,0,0,1.0,1.0,1.0,0.0,0.0,0.0,3,0,0
3314,42,18,24,1,23,4,14,12,0,0,1,0,0,0,0,0,0,0,0,0,0,0,0,1.0,1.0,1.0,0.0,0.0,0.0,3,0,0
3315,42,18,24,1,23,4,14,12,2,0,1,0,0,0,0,0,11,2,0,0,0,0,0,1.0,1.0,1.0,0.0,0.0,0.18181818181818182,3,0,0
3316,42,18,24,1,23,4,14,12,2,0,1,0,0,0,0,0,8,0,0,0,0,0,0,1.0,1.0,1.0,0.0,0.0,0.0,3,0,0
3317,42,18,24,1,23,4,14,12,7,1,1,0,0,0,0,0,12,5,1,0,0,0,0,1.0,1.0,1.0,0.0,0.0,0.4166666666666667,3,0,0
3318,42,18,24,1,23,4,14,12,7,1,1,0,0,0,0,0,6,0,0,0,0,0,0,1.0,1.0,1.0,0.0,0.0,0.0,3,0,0
3319,42,18,24,1,23,4,14,12,7,2,1,0,0,0,0,0,7,0,1,0,0,2,0,1.0,1.0,1.0,0.0,0.0,0.0,3,0,0
3320,42,18,24,1,23,4,14,12,7,2,1,0,0,0,0,0,0,0,0,0,0,0,0,1.0,1.0,1.0,0.0,0.0,0.0,3,0,0
3321,42,18,24,1,23,4,14,12,7,2,1,0,0,0,0,0,0,0,0,0,0,3,0,1.0,1.0,1.0,0.0,0.0,0.0,3,0,0
3322,42,18,24,1,23,4,14,12,7,2,1,0,0,0,0,0,0,0,0,0,0,0,0,1.0,1.0,1.0,0.0,0.0,0.0,3,0,0
3323,42,18,24,1,21,6,14,12,7,2,1,0,0,0,0,0,0,0,0,0,0,0,0,1.0,1.0,1.0,0.0,0.0,0.0,3,0,0
3324,42,18,24,1,21,6,14,12,7,2,1,0,0,0,0,0,0,0,0,0,0,0,0,1.0,1.0,1.0,0.0,0.0,0.0,3,0,0
3325,42,18,24,1,18,9,14,12,7,2,1,0,0,0,0,0,0,0,0,0,0,0,0,1.0,1.0,1.0,0.0,0.0,0.0,3,0,0
3326,42,18,24,1,18,9,14,12,7,2,1,0,0,0,0,0,0,0,0,0,0,0,0,1.0,1.0,1.0,0.0,0.0,0.0,3,0,0
3327,39,16,23,0,17,9,13,12,7,2,1,0,0,0,0,0,0,0,0,0,2,0,2,0.8947368421052632,0.5,1.0,0.0,0.0,0.0,3,0,3
3328,39,16,23,0,17,9,13,12,7,2,1,0,0,0,0,0,4,0,0,0,0,0,0,1.0,1.0,1.0,0.0,0.0,0.0,3,0,0
3329,39,16,23,0,17,9,13,12,8,2,0,0,0,0,0,0,7,1,0,0,0,0,0,1.0,1.0,1.0,0.0,0.0,0.14285714285714285,3,0,0
3330,39,16,23,0,17,9,13,12,8,2,0,0,0,0,0,0,1,0,0,0,0,0,0,1.0,1.0,1.0,0.0,0.0,0.0,3,0,0
3331,38,16,22,0,17,9,12,11,8,2,0,0,0,0,0,0,7,1,0,0,0,0,0,1.0,1.0,0.9166666666666666,0.0,0.0,0.14285714285714285,3,0,1
3332,38,16,22,0,17,9,12,11,9,2,0,0,0,0,0,0,2,1,0,0,0,0,0,1.0,1.0,1.0,0.0,0.0,0.5,3,0,0
3333,38,16,22,0,17,9,12,11,9,2,0,0,0,0,0,0,0,0,0,0,0,0,0,1.0,1.0,1.0,0.0,0.0,0.0,3,0,0
3334,37,16,21,0,17,7,13,11,9,2,0,0,0,0,0,0,0,0,0,0,0,0,0,1.0,1.0,1.0,0.0,0.0,0.0,3,0,1
3335,37,16,21,0,17,7,13,11,9,2,0,0,0,0,0,0,0,0,0,0,0,0,0,1.0,1.0,1.0,0.0,0.0,0.0,3,0,0
3336,37,16,21,0,17,7,13,11,9,2,0,0,0,0,0,0,0,0,0,0,0,0,0,1.0,1.0,1.0,0.0,0.0,0.0,3,0,0
3337,37,16,21,0,17,6,14,12,9,2,0,0,0,0,0,0,0,0,0,0,0,0,0,1.0,1.0,1.0,0.0,0.0,0.0,3,0,0
3338,37,16,21,0,17,6,14,12,9,2,0,0,0,0,0,0,0,0,0,0,0,0,0,1.0,1.0,1.0,0.0,0.0,0.0,3,0,0
3339,37,16,21,0,17,6,14,12,9,2,0,0,0,0,0,0,0,0,0,0,0,0,0,1.0,1.0,1.0,0.0,0.0,0.0,3,0,0
3340,36,15,21,0,17,6,13,12,9,2,0,0,0,0,0,0,0,0,0,0,0,0,0,1.0,0.5,1.0,0.0,0.0,0.0,3,0,1
3341,36,15,21,0,17,6,13,12,9,2,0,0,0,0,0,0,2,0,0,0,0,0,0,1.0,1.0,1.0,0.0,0.0,0.0,3,0,0
3342,36,15,21,0,17,6,13,12,10,2,0,0,0,0,0,0,3,1,0,0,0,0,0,1.0,1.0,1.0,0.0,0.0,0.3333333333333333,3,0,0
3343,36,15,21,0,17,6,13,12,10,2,0,0,0,0,0,0,0,0,0,0,0,0,0,1.0,1.0,1.0,0.0,0.0,0.0,3,0,0
3344,36,15,21,0,17,6,13,12,10,2,0,0,0,0,0,0,0,0,0,0,0,0,0,1.0,1.0,1.0,0.0,0.0,0.0,3,0,0
3345,36,15,21,0,17,6,13,12,10,2,0,0,0,0,0,0,0,0,0,0,0,0,0,1.0,1.0,1.0,0.0,0.0,0.0,3,0,0
3346,36,15,21,0,17,6,13,12,10,2,0,0,0,0,0,0,0,0,0,0,0,0,0,1.0,1.0,1.0,0.0,0.0,0.0,3,0,0
3347,36,15,21,0,17,6,13,12,10,2,0,0,0,0,0,0,0,0,0,0,0,0,0,1.0,1.0,1.0,0.0,0.0,0.0,3,0,0
3348,36,15,21,0,17,6,13,12,10,2,0,0,0,0,0,0,0,0,0,0,0,0,0,1.0,1.0,1.0,0.0,0.0,0.0,3,0,0
3349,36,15,21,0,17,6,13,12,10,2,0,0,0,0,0,0,0,0,0,0,0,0,0,1.0,1.0,1.0,0.0,0.0,0.0,3,0,0
3350,36,15,21,0,17,6,13,12,10,2,0,0,0,0,0,0,0,0,0,0,0,0,0,1.0,1.0,1.0,0.0,0.0,0.0,3,0,0
3351,36,15,21,0,17,6,13,12,10,2,0,0,0,0,0,0,0,0,0,0,0,0,0,1.0,1.0,1.0,0.0,0.0,0.0,3,0,0
3352,36,15,21,0,17,6,13,12,10,2,0,0,0,0,0,0,0,0,0,0,0,0,0,1.0,1.0,1.0,0.0,0.0,0.0,3,0,0
3353,36,15,21,0,17,6,13,12,10,2,0,0,0,0,0,0,0,0,0,0,0,1,0,1.0,1.0,1.0,0.0,0.0,0.0,3,0,0
3354,36,15,21,0,17,6,13,12,10,2,0,0,0,0,0,0,0,0,0,0,0,0,0,1.0,1.0,1.0,0.0,0.0,0.0,3,0,0
3355,36,15,21,0,17,6,13,12,10,2,0,0,0,0,0,0,0,0,0,0,0,0,0,1.0,1.0,1.0,0.0,0.0,0.0,3,0,0
3356,36,15,21,0,17,6,13,12,10,2,0,0,0,0,0,0,0,0,0,0,0,2,0,1.0,1.0,1.0,0.0,0.0,0.0,3,0,0
3357,36,15,21,0,16,7,13,12,10,2,0,0,0,0,0,0,0,0,0,0,0,2,0,1.0,1.0,1.0,0.0,0.0,0.0,3,0,0
3358,36,15,21,0,16,7,13,12,10,2,0,0,0,0,0,0,0,0,0,0,0,0,0,1.0,1.0,1.0,0.0,0.0,0.0,3,0,0
3359,36,15,21,0,16,7,13,12,10,2,0,0,0,0,0,0,0,0,0,0,0,0,0,1.0,1.0,1.0,0.0,0.0,0.0,3,0,0
3360,36,15,21,0,14,9,13,12,10,2,0,0,0,0,0,0,0,0,0,0,0,0,0,1.0,1.0,1.0,0.0,0.0,0.0,3,0,0
3361,36,15,21,0,12,11,13,12,10,2,0,0,0,0,0,0,0,0,0,0,0,0,0,1.0,1.0,1.0,0.0,0.0,0.0,3,0,0
3362,36,15,21,0,12,11,13,12,10,1,0,0,0,0,0,0,0,0,0,0,0,0,0,1.0,1.0,1.0,0.0,0.0,0.0,3,0,0
3363,36,15,21,0,12,11,13,12,10,1,0,0,0,0,0,0,2,0,0,0,0,0,0,1.0,1.0,1.0,0.0,0.0,0.0,3,0,0
3364,36,15,21,0,12,11,13,12,10,0,0,0,0,0,0,0,1,0,0,0,0,0,0,1.0,1.0,1.0,0.0,0.0,0.0,3,0,0
3365,36,15,21,0,12,11,13,12,10,0,0,0,0,0,0,0,4,0,0,0,0,0,0,1.0,1.0,1.0,0.0,0.0,0.0,3,0,0
3366,36,15,21,0,12,11,13,12,11,0,0,0,0,0,0,0,7,1,0,0,0,0,0,1.0,1.0,1.0,0.0,0.0,0.14285714285714285,3,0,0
3367,36,15,21,0,12,11,13,12,12,0,0,0,0,0,0,0,3,1,0,0,0,0,0,1.0,1.0,1.0,0.0,0.0,0.3333333333333333,3,0,0
3368,36,15,21,0,12,11,13,12,12,0,0,0,0,0,0,0,0,0,0,0,0,2,0,1.0,1.0,1.0,0.0,0.0,0.0,3,0,0
3369,36,15,21,0,12,11,13,12,12,0,0,0,0,0,0,0,0,0,0,0,0,0,0,1.0,1.0,1.0,0.0,0.0,0.0,3,0,0
3370,36,15,21,0,12,11,13,12,12,0,0,0,0,0,0,0,0,0,0,0,0,0,0,1.0,1.0,1.0,0.0,0.0,0.0,3,0,0
3371,36,15,21,0,12,11,13,12,12,0,0,0,0,0,0,0,0,0,0,0,0,0,0,1.0,1.0,1.0,0.0,0.0,0.0,3,0,0
3372,36,15,21,0,10,13,13,12,12,0,0,0,0,0,0,0,0,0,0,0,0,0,0,1.0,1.0,1.0,0.0,0.0,0.0,3,0,0
3373,36,15,21,0,10,13,13,12,12,0,0,0,0,0,0,0,0,0,0,0,0,0,0,1.0,1.0,1.0,0.0,0.0,0.0,3,0,0
3374,36,15,21,0,10,13,13,12,12,0,0,0,0,0,0,0,0,0,0,0,0,0,0,1.0,1.0,1.0,0.0,0.0,0.0,3,0,0
3375,36,15,21,0,10,13,13,12,12,0,0,0,0,0,0,0,0,0,0,0,0,0,0,1.0,1.0,1.0,0.0,0.0,0.0,3,0,0
3376,36,15,21,0,10,13,13,12,12,0,0,0,0,0,0,0,0,0,0,0,0,0,0,1.0,1.0,1.0,0.0,0.0,0.0,3,0,0
3377,36,15,21,0,10,13,13,12,12,0,0,0,0,0,0,0,0,0,0,0,0,0,0,1.0,1.0,1.0,0.0,0.0,0.0,3,0,0
3378,36,15,21,0,10,13,13,12,12,0,0,0,0,0,0,0,0,0,0,0,0,0,0,1.0,1.0,1.0,0.0,0.0,0.0,3,0,0
3379,36,15,21,0,10,13,13,12,12,0,0,0,0,0,0,0,0,0,0,0,0,0,0,1.0,1.0,1.0,0.0,0.0,0.0,3,0,0
3380,44,20,24,8,10,13,13,12,10,0,2,0,0,0,0,0,0,0,0,2,0,0,0,1.0,1.0,1.0,0.2222222222222222,0.2222222222222222,0.0,3,8,0
3381,44,20,24,8,10,13,13,12,10,0,2,0,0,0,0,0,0,0,0,0,0,0,0,1.0,1.0,1.0,0.0,0.0,0.0,3,0,0
3382,59,28,31,23,10,12,14,12,6,0,6,0,0,0,0,0,0,0,0,4,0,0,0,1.0,1.0,1.0,0.3409090909090909,0.3409090909090909,0.0,3,15,0
3383,58,28,30,22,10,12,14,12,6,0,6,0,0,0,0,0,0,0,0,0,1,0,1,0.9696969696969697,1.0,1.0,0.0,0.0,0.0,3,0,1
3384,57,27,30,21,10,12,14,12,6,0,6,0,0,0,0,0,0,0,0,0,1,0,1,0.96875,1.0,1.0,0.0,0.0,0.0,3,0,1
3385,56,27,29,20,10,12,14,12,6,0,6,0,0,0,0,0,0,0,0,0,1,0,1,0.967741935483871,1.0,1.0,0.0,0.0,0.0,3,0,1
3386,56,27,29,20,10,12,14,12,6,0,6,0,0,0,0,0,0,0,0,0,0,0,0,1.0,1.0,1.0,0.0,0.0,0.0,3,0,0
3387,55,27,28,19,10,12,14,12,6,0,6,0,0,0,0,0,0,0,0,0,1,0,1,0.9666666666666667,1.0,1.0,0.0,0.0,0.0,3,0,1
3388,55,27,28,19,10,12,14,12,6,0,6,0,0,0,0,0,0,0,0,0,0,0,0,1.0,1.0,1.0,0.0,0.0,0.0,3,0,0
3389,55,27,28,19,10,12,14,12,6,0,6,0,0,0,0,0,0,0,0,0,0,0,0,1.0,1.0,1.0,0.0,0.0,0.0,3,0,0
3390,54,27,27,19,10,12,13,11,5,0,6,0,0,0,0,0,0,0,0,0,0,0,0,1.0,1.0,0.9166666666666666,0.0,0.0,0.0,3,0,1
3391,54,27,27,19,10,12,13,11,5,0,6,0,0,0,0,0,0,0,0,0,0,0,0,1.0,1.0,1.0,0.0,0.0,0.0,3,0,0
3392,54,27,27,19,10,12,13,11,5,0,6,0,0,0,0,0,0,0,0,0,0,0,0,1.0,1.0,1.0,0.0,0.0,0.0,3,0,0
3393,54,27,27,19,10,12,13,11,5,0,6,0,0,0,0,0,0,0,0,0,0,0,0,1.0,1.0,1.0,0.0,0.0,0.0,3,0,0
3394,58,30,28,23,10,12,13,11,4,0,7,0,0,0,0,0,0,0,0,1,0,0,0,1.0,1.0,1.0,0.07407407407407407,0.07407407407407407,0.0,3,4,0
3395,57,30,27,22,10,12,13,11,4,0,7,0,0,0,0,0,0,0,0,0,1,0,1,0.9696969696969697,1.0,1.0,0.0,0.0,0.0,3,0,1
3396,60,31,29,25,10,12,13,11,3,0,8,0,0,0,0,0,0,0,0,1,0,0,0,1.0,1.0,1.0,0.05263157894736842,0.05263157894736842,0.0,3,3,0
3397,63,34,29,28,10,12,13,11,2,0,9,0,0,0,0,0,0,0,0,1,1,0,1,0.9714285714285714,1.0,1.0,0.06666666666666667,0.06666666666666667,0.0,3,4,1
3398,62,34,28,28,9,12,13,11,2,0,9,0,0,0,0,0,0,0,0,0,1,0,1,0.9736842105263158,1.0,1.0,0.0,0.0,0.0,3,0,1
3399,62,34,28,28,9,12,13,11,2,0,9,0,0,0,0,0,0,0,0,0,0,0,0,1.0,1.0,1.0,0.0,0.0,0.0,3,0,0
3400,61,33,28,27,9,12,13,11,2,0,9,0,0,0,0,0,0,0,0,0,1,0,1,0.972972972972973,1.0,1.0,0.0,0.0,0.0,3,0,1
3401,60,32,28,26,9,12,13,11,2,0,9,0,0,0,0,0,0,0,0,0,1,0,1,0.9722222222222222,1.0,1.0,0.0,0.0,0.0,3,0,1
3402,59,31,28,25,9,12,13,11,2,0,9,0,0,0,0,0,0,0,0,0,1,0,1,0.9714285714285714,1.0,1.0,0.0,0.0,0.0,3,0,1
3403,58,30,28,24,9,12,13,11,2,0,9,0,0,0,0,0,0,0,0,0,1,0,1,0.9705882352941176,1.0,1.0,0.0,0.0,0.0,3,0,1
3404,54,28,26,20,9,12,13,11,2,0,9,0,0,0,0,0,0,0,0,0,4,0,4,0.8787878787878788,1.0,1.0,0.0,0.0,0.0,3,0,4
3405,53,27,26,19,9,12,13,11,2,0,9,0,0,0,0,0,0,0,0,0,1,0,1,0.9655172413793104,1.0,1.0,0.0,0.0,0.0,3,0,1
3406,53,27,26,19,9,12,13,11,2,0,9,0,0,0,0,0,0,0,0,0,0,0,0,1.0,1.0,1.0,0.0,0.0,0.0,3,0,0
3407,57,28,29,23,9,12,13,11,1,0,10,0,0,0,0,0,0,0,0,1,0,0,0,1.0,1.0,1.0,0.07547169811320754,0.07547169811320754,0.0,3,4,0
3408,55,27,28,22,8,12,13,11,1,0,10,0,0,0,0,0,0,0,0,0,2,0,2,0.9375,1.0,1.0,0.0,0.0,0.0,3,0,2
3409,55,27,28,22,8,12,13,11,1,0,10,0,0,0,0,0,0,0,0,0,0,0,0,1.0,1.0,1.0,0.0,0.0,0.0,3,0,0
3410,55,27,28,22,8,12,13,11,1,0,10,0,0,0,0,0,0,0,0,0,0,0,0,1.0,1.0,1.0,0.0,0.0,0.0,3,0,0
3411,55,27,28,22,8,12,13,11,1,0,10,0,0,0,0,0,0,0,0,0,0,0,0,1.0,1.0,1.0,0.0,0.0,0.0,3,0,0
3412,54,27,27,21,8,12,13,11,1,0,10,0,0,0,0,0,0,0,0,0,1,0,1,0.9666666666666667,1.0,1.0,0.0,0.0,0.0,3,0,1
3413,54,27,27,21,8,12,13,11,1,0,10,0,0,0,0,0,0,0,0,0,0,2,0,1.0,1.0,1.0,0.0,0.0,0.0,3,0,0
3414,53,26,27,20,8,12,13,11,1,0,10,0,0,0,0,0,0,0,0,0,1,0,1,0.9655172413793104,1.0,1.0,0.0,0.0,0.0,3,0,1
3415,52,26,26,20,8,12,12,10,1,0,9,0,0,0,0,0,0,0,0,0,0,0,0,1.0,1.0,0.9090909090909091,0.0,0.0,0.0,3,0,1
3416,52,26,26,20,8,12,12,10,1,0,9,0,0,0,0,0,0,0,0,0,0,0,0,1.0,1.0,1.0,0.0,0.0,0.0,3,0,0
3417,52,26,26,20,6,14,12,10,1,0,9,0,0,0,0,0,0,0,0,0,0,0,0,1.0,1.0,1.0,0.0,0.0,0.0,3,0,0
3418,52,26,26,20,6,13,13,11,1,0,9,0,0,0,0,0,0,0,0,0,0,0,0,1.0,1.0,1.0,0.0,0.0,0.0,3,0,0
3419,52,26,26,20,6,13,13,11,2,0,9,0,0,0,0,0,6,1,0,0,0,0,0,1.0,1.0,1.0,0.0,0.0,0.16666666666666666,3,0,0
3420,50,25,25,18,6,13,13,11,2,0,9,0,0,0,0,0,0,0,0,0,2,0,2,0.9230769230769231,1.0,1.0,0.0,0.0,0.0,3,0,2
3421,48,24,24,16,6,13,13,11,2,0,9,0,0,0,0,0,0,0,0,0,2,2,2,0.9166666666666666,1.0,1.0,0.0,0.0,0.0,3,0,2
3422,46,22,24,15,5,13,13,11,2,0,9,0,0,0,0,0,0,0,0,0,2,0,2,0.9090909090909091,1.0,1.0,0.0,0.0,0.0,3,0,2
3423,46,22,24,12,8,13,13,11,2,0,9,0,0,0,0,0,0,0,0,0,0,0,0,1.0,1.0,1.0,0.0,0.0,0.0,3,0,0
3424,46,22,24,12,8,13,13,11,2,0,9,0,0,0,0,0,0,0,0,0,0,0,0,1.0,1.0,1.0,0.0,0.0,0.0,3,0,0
3425,46,22,24,9,9,15,13,11,2,0,7,0,0,0,0,0,0,0,0,0,0,0,0,1.0,1.0,1.0,0.0,0.0,0.0,3,0,0
3426,46,22,24,9,9,15,13,11,2,0,7,0,0,0,0,0,3,0,0,0,0,0,0,1.0,1.0,1.0,0.0,0.0,0.0,3,0,0
3427,46,22,24,9,9,15,13,11,3,0,4,0,0,0,0,0,7,1,0,0,0,0,0,1.0,1.0,1.0,0.0,0.0,0.14285714285714285,3,0,0
3428,46,22,24,9,9,15,13,11,3,1,4,0,0,0,0,0,4,0,1,0,0,0,0,1.0,1.0,1.0,0.0,0.0,0.0,3,0,0
3429,46,22,24,9,9,15,13,11,4,1,4,0,0,0,0,0,3,1,0,0,0,0,0,1.0,1.0,1.0,0.0,0.0,0.3333333333333333,3,0,0
3430,46,22,24,9,9,15,13,11,6,1,4,0,0,0,0,0,13,2,0,0,0,0,0,1.0,1.0,1.0,0.0,0.0,0.15384615384615385,3,0,0
3431,50,25,25,13,9,15,13,11,5,1,5,0,0,0,0,0,0,0,0,1,0,0,0,1.0,1.0,1.0,0.08695652173913043,0.08695652173913043,0.0,3,4,0
3432,49,25,24,12,9,15,13,11,5,1,5,0,0,0,0,0,0,0,0,0,1,2,1,0.9545454545454546,1.0,1.0,0.0,0.0,0.0,3,0,1
3433,49,25,24,12,9,15,13,11,5,1,5,0,0,0,0,0,0,0,0,0,0,0,0,1.0,1.0,1.0,0.0,0.0,0.0,3,0,0
3434,48,25,23,12,8,15,13,11,5,1,5,0,0,0,0,0,0,0,0,0,1,0,1,0.9523809523809523,1.0,1.0,0.0,0.0,0.0,3,0,1
3435,48,25,23,12,8,15,13,11,5,1,5,0,0,0,0,0,0,0,0,0,0,0,0,1.0,1.0,1.0,0.0,0.0,0.0,3,0,0
3436,48,25,23,12,6,17,13,11,5,1,5,0,0,0,0,0,0,0,0,0,0,0,0,1.0,1.0,1.0,0.0,0.0,0.0,3,0,0
3437,48,25,23,11,7,17,13,11,5,1,5,0,0,0,0,0,0,0,0,0,0,0,0,1.0,1.0,1.0,0.0,0.0,0.0,3,0,0
3438,48,25,23,11,7,17,13,11,5,1,5,0,0,0,0,0,0,0,0,0,0,0,0,1.0,1.0,1.0,0.0,0.0,0.0,3,0,0
3439,48,25,23,9,9,17,13,11,5,1,4,0,0,0,0,0,0,0,0,0,0,0,0,1.0,1.0,1.0,0.0,0.0,0.0,3,0,0
3440,48,25,23,7,11,17,13,11,5,1,4,0,0,0,0,0,4,0,0,0,0,0,0,1.0,1.0,1.0,0.0,0.0,0.0,3,0,0
3441,47,24,23,7,11,17,12,11,5,1,3,0,0,0,0,0,1,0,0,0,0,0,0,1.0,0.5,1.0,0.0,0.0,0.0,3,0,1
3442,47,24,23,7,11,17,12,11,5,1,2,0,0,0,0,0,2,0,0,0,0,0,0,1.0,1.0,1.0,0.0,0.0,0.0,3,0,0
3443,47,24,23,7,11,17,12,11,5,1,2,0,0,0,0,0,3,0,0,0,0,0,0,1.0,1.0,1.0,0.0,0.0,0.0,3,0,0
3444,46,23,23,6,11,17,12,11,5,1,2,0,0,0,0,0,1,0,0,0,1,0,1,0.9444444444444444,1.0,1.0,0.0,0.0,0.0,3,0,1
3445,46,23,23,6,11,17,12,11,5,1,2,0,0,0,0,0,2,0,0,0,0,0,0,1.0,1.0,1.0,0.0,0.0,0.0,3,0,0
3446,46,23,23,6,11,17,12,11,6,1,2,0,0,0,0,0,3,1,0,0,0,0,0,1.0,1.0,1.0,0.0,0.0,0.3333333333333333,3,0,0
3447,46,23,23,6,11,17,12,11,6,2,2,0,0,0,0,0,3,0,1,0,0,0,0,1.0,1.0,1.0,0.0,0.0,0.0,3,0,0
3448,46,23,23,6,11,17,12,11,6,2,2,0,0,0,0,0,0,0,0,0,0,0,0,1.0,1.0,1.0,0.0,0.0,0.0,3,0,0
3449,46,23,23,6,11,16,13,11,6,2,2,0,0,0,0,0,0,0,0,0,0,0,0,1.0,1.0,1.0,0.0,0.0,0.0,3,0,0
3450,46,23,23,3,14,16,13,11,6,2,2,0,0,0,0,0,0,0,0,0,0,0,0,1.0,1.0,1.0,0.0,0.0,0.0,3,0,0
3451,46,23,23,3,14,16,13,11,6,2,2,0,0,0,0,0,0,0,0,0,0,0,0,1.0,1.0,1.0,0.0,0.0,0.0,3,0,0
3452,45,22,23,3,13,16,13,11,6,2,1,0,0,0,0,0,0,0,0,0,1,0,1,0.9411764705882353,1.0,1.0,0.0,0.0,0.0,3,0,1
3453,45,22,23,3,13,16,13,11,8,2,1,0,0,0,0,0,10,2,0,0,0,0,0,1.0,1.0,1.0,0.0,0.0,0.2,3,0,0
3454,45,22,23,3,13,16,13,11,8,2,1,0,0,0,0,0,0,0,0,0,0,0,0,1.0,1.0,1.0,0.0,0.0,0.0,3,0,0
3455,44,21,23,3,13,16,12,11,8,2,1,0,0,0,0,0,0,0,0,0,0,0,0,1.0,0.5,1.0,0.0,0.0,0.0,3,0,1
3456,44,21,23,3,13,16,12,11,8,2,1,0,0,0,0,0,0,0,0,0,0,0,0,1.0,1.0,1.0,0.0,0.0,0.0,3,0,0
3457,44,21,23,3,13,16,12,11,8,2,1,0,0,0,0,0,0,0,0,0,0,0,0,1.0,1.0,1.0,0.0,0.0,0.0,3,0,0
3458,44,21,23,3,13,15,13,11,8,2,1,0,0,0,0,0,0,0,0,0,0,0,0,1.0,1.0,1.0,0.0,0.0,0.0,3,0,0
3459,44,21,23,3,13,15,13,11,8,2,1,0,0,0,0,0,0,0,0,0,0,0,0,1.0,1.0,1.0,0.0,0.0,0.0,3,0,0
3460,44,21,23,3,13,13,15,11,8,2,1,0,0,0,0,0,0,0,0,0,0,0,0,1.0,1.0,1.0,0.0,0.0,0.0,3,0,0
3461,44,21,23,3,13,13,15,11,8,2,1,0,0,0,0,0,0,0,0,0,0,0,0,1.0,1.0,1.0,0.0,0.0,0.0,3,0,0
3462,44,21,23,3,13,13,15,11,8,2,1,0,0,0,0,0,0,0,0,0,0,0,0,1.0,1.0,1.0,0.0,0.0,0.0,3,0,0
3463,44,21,23,3,13,13,15,11,8,2,1,0,0,0,0,0,0,0,0,0,0,0,0,1.0,1.0,1.0,0.0,0.0,0.0,3,0,0
3464,44,21,23,3,13,13,15,11,8,2,1,0,0,0,0,0,0,0,0,0,0,1,0,1.0,1.0,1.0,0.0,0.0,0.0,3,0,0
3465,44,21,23,3,13,13,15,11,8,2,1,0,0,0,0,0,0,0,0,0,0,0,0,1.0,1.0,1.0,0.0,0.0,0.0,3,0,0
3466,44,21,23,3,13,13,15,11,8,2,1,0,0,0,0,0,0,0,0,0,0,0,0,1.0,1.0,1.0,0.0,0.0,0.0,3,0,0
3467,44,21,23,3,13,13,15,11,8,2,1,0,0,0,0,0,0,0,0,0,0,0,0,1.0,1.0,1.0,0.0,0.0,0.0,3,0,0
3468,43,20,23,3,11,14,15,11,8,2,1,0,0,0,0,0,0,0,0,0,1,0,1,0.9333333333333333,1.0,1.0,0.0,0.0,0.0,3,0,1
3469,43,20,23,3,11,14,15,11,8,2,1,0,0,0,0,0,0,0,0,0,0,0,0,1.0,1.0,1.0,0.0,0.0,0.0,3,0,0
3470,43,20,23,3,11,14,15,11,8,2,1,0,0,0,0,0,0,0,0,0,0,0,0,1.0,1.0,1.0,0.0,0.0,0.0,3,0,0
3471,43,20,23,3,11,14,15,11,8,2,1,0,0,0,0,0,0,0,0,0,0,0,0,1.0,1.0,1.0,0.0,0.0,0.0,3,0,0
3472,43,20,23,3,11,14,15,11,8,2,1,0,0,0,0,0,0,0,0,0,0,0,0,1.0,1.0,1.0,0.0,0.0,0.0,3,0,0
3473,42,19,23,3,10,13,16,12,8,1,1,0,0,0,0,0,8,0,0,0,1,0,1,0.9285714285714286,1.0,1.0,0.0,0.0,0.0,3,0,1
3474,42,19,23,0,13,13,16,12,10,1,1,0,0,0,0,0,13,2,0,0,0,0,0,1.0,1.0,1.0,0.0,0.0,0.15384615384615385,3,0,0
3475,42,19,23,0,13,13,16,12,10,1,1,0,0,0,0,0,0,0,0,0,0,0,0,1.0,1.0,1.0,0.0,0.0,0.0,3,0,0
3476,42,19,23,0,13,13,16,12,10,1,0,0,0,0,0,0,0,0,0,0,0,0,0,1.0,1.0,1.0,0.0,0.0,0.0,3,0,0
3477,42,19,23,0,13,13,16,12,11,1,0,0,0,0,0,0,5,1,0,0,0,0,0,1.0,1.0,1.0,0.0,0.0,0.2,3,0,0
3478,42,19,23,0,13,13,16,12,11,1,0,0,0,0,0,0,0,0,0,0,0,0,0,1.0,1.0,1.0,0.0,0.0,0.0,3,0,0
3479,42,19,23,0,13,13,16,12,11,1,0,0,0,0,0,0,0,0,0,0,0,0,0,1.0,1.0,1.0,0.0,0.0,0.0,3,0,0
3480,42,19,23,0,13,13,16,12,11,1,0,0,0,0,0,0,0,0,0,0,0,0,0,1.0,1.0,1.0,0.0,0.0,0.0,3,0,0
3481,42,19,23,0,13,13,16,12,11,1,0,0,0,0,0,0,0,0,0,0,0,0,0,1.0,1.0,1.0,0.0,0.0,0.0,3,0,0
3482,42,19,23,0,13,13,16,12,11,1,0,0,0,0,0,0,0,0,0,0,0,0,0,1.0,1.0,1.0,0.0,0.0,0.0,3,0,0
3483,42,19,23,0,13,13,16,12,11,1,0,0,0,0,0,0,0,0,0,0,0,0,0,1.0,1.0,1.0,0.0,0.0,0.0,3,0,0
3484,46,22,24,4,13,13,16,12,10,1,1,0,0,0,0,0,0,0,0,1,0,0,0,1.0,1.0,1.0,0.09523809523809523,0.09523809523809523,0.0,3,4,0
3485,46,22,24,4,13,13,16,12,10,1,1,0,0,0,0,0,0,0,0,0,0,0,0,1.0,1.0,1.0,0.0,0.0,0.0,3,0,0
3486,46,22,24,4,13,13,16,12,10,1,1,0,0,0,0,0,0,0,0,0,0,0,0,1.0,1.0,1.0,0.0,0.0,0.0,3,0,0
3487,46,22,24,4,13,13,16,12,10,1,1,0,0,0,0,0,0,0,0,0,0,0,0,1.0,1.0,1.0,0.0,0.0,0.0,3,0,0
3488,46,22,24,4,13,13,16,12,10,1,1,0,0,0,0,0,0,0,0,0,0,0,0,1.0,1.0,1.0,0.0,0.0,0.0,3,0,0
3489,46,22,24,4,13,13,16,12,10,1,1,0,0,0,0,0,0,0,0,0,0,0,0,1.0,1.0,1.0,0.0,0.0,0.0,3,0,0
3490,46,22,24,4,13,13,16,12,10,1,1,0,0,0,0,0,0,0,0,0,0,0,0,1.0,1.0,1.0,0.0,0.0,0.0,3,0,0
3491,46,22,24,4,13,13,16,12,10,1,1,0,0,0,0,0,0,0,0,0,0,0,0,1.0,1.0,1.0,0.0,0.0,0.0,3,0,0
3492,50,23,27,8,13,13,16,12,9,0,2,0,0,0,0,0,0,0,0,1,0,0,0,1.0,1.0,1.0,0.08695652173913043,0.08695652173913043,0.0,3,4,0
3493,50,23,27,8,13,13,16,12,10,0,2,0,0,0,0,0,4,1,0,0,0,0,0,1.0,1.0,1.0,0.0,0.0,0.25,3,0,0
3494,53,26,27,11,13,13,16,12,9,0,3,0,0,0,0,0,0,0,0,1,0,0,0,1.0,1.0,1.0,0.06,0.06,0.0,3,3,0
3495,60,30,30,18,13,11,18,12,7,0,5,0,0,0,0,0,0,0,0,2,0,0,0,1.0,1.0,1.0,0.1320754716981132,0.1320754716981132,0.0,3,7,0
3496,60,30,30,18,13,11,18,12,7,0,5,0,0,0,0,0,0,0,0,0,0,0,0,1.0,1.0,1.0,0.0,0.0,0.0,3,0,0
3497,59,29,30,17,13,11,18,12,7,0,5,0,0,0,0,0,0,0,0,0,1,0,1,0.967741935483871,1.0,1.0,0.0,0.0,0.0,3,0,1
3498,59,29,30,17,13,11,18,12,7,0,5,0,0,0,0,0,0,0,0,0,0,0,0,1.0,1.0,1.0,0.0,0.0,0.0,3,0,0
3499,59,29,30,17,13,11,18,12,7,0,5,0,0,0,0,0,0,0,0,0,0,0,0,1.0,1.0,1.0,0.0,0.0,0.0,3,0,0
3500,58,28,30,16,13,11,18,12,7,0,5,0,0,0,0,0,0,0,0,0,1,0,1,0.9666666666666667,1.0,1.0,0.0,0.0,0.0,3,0,1
3501,58,28,30,16,13,11,18,12,7,0,5,0,0,0,0,0,0,0,0,0,0,0,0,1.0,1.0,1.0,0.0,0.0,0.0,3,0,0
3502,58,28,30,16,13,11,18,12,7,0,5,0,0,0,0,0,0,0,0,0,0,0,0,1.0,1.0,1.0,0.0,0.0,0.0,3,0,0
3503,56,28,28,15,12,11,18,12,7,0,5,0,0,0,0,0,0,0,0,0,2,0,2,0.9310344827586207,1.0,1.0,0.0,0.0,0.0,3,0,2
3504,54,26,28,14,12,11,17,12,7,0,5,0,0,0,0,0,0,0,0,0,1,0,1,0.962962962962963,0.8333333333333334,1.0,0.0,0.0,0.0,3,0,2
3505,53,26,27,13,12,10,18,13,7,0,5,0,0,0,0,0,0,0,0,0,1,0,1,0.9615384615384616,1.0,1.0,0.0,0.0,0.0,3,0,1
3506,52,25,27,13,12,10,17,13,7,0,5,0,0,0,0,0,0,0,0,0,0,0,0,1.0,0.8,1.0,0.0,0.0,0.0,3,0,1
3507,52,25,27,13,12,10,17,13,7,0,5,0,0,0,0,0,0,0,0,0,0,0,0,1.0,1.0,1.0,0.0,0.0,0.0,3,0,0
3508,52,25,27,13,12,10,17,13,7,0,5,0,0,0,0,0,0,0,0,0,0,0,0,1.0,1.0,1.0,0.0,0.0,0.0,3,0,0
3509,52,25,27,13,12,10,17,13,7,0,5,0,0,0,0,0,0,0,0,0,0,0,0,1.0,1.0,1.0,0.0,0.0,0.0,3,0,0
3510,52,25,27,13,12,10,17,13,8,0,5,0,0,0,0,0,5,1,0,0,0,0,0,1.0,1.0,1.0,0.0,0.0,0.2,3,0,0
3511,55,26,29,16,12,10,17,13,7,0,6,0,0,0,0,0,0,0,0,1,0,0,0,1.0,1.0,1.0,0.057692307692307696,0.057692307692307696,0.0,3,3,0
3512,55,26,29,16,12,10,17,13,7,0,6,0,0,0,0,0,0,0,0,0,0,0,0,1.0,1.0,1.0,0.0,0.0,0.0,3,0,0
3513,54,25,29,16,11,10,17,13,7,0,6,0,0,0,0,0,0,0,0,0,1,0,1,0.9642857142857143,1.0,1.0,0.0,0.0,0.0,3,0,1
3514,54,25,29,16,11,10,17,13,7,0,6,0,0,0,0,0,0,0,0,0,0,0,0,1.0,1.0,1.0,0.0,0.0,0.0,3,0,0
3515,54,25,29,16,11,10,17,13,7,0,6,0,0,0,0,0,0,0,0,0,0,0,0,1.0,1.0,1.0,0.0,0.0,0.0,3,0,0
3516,53,24,29,16,10,10,17,13,7,0,6,0,0,0,0,0,0,0,0,0,1,0,1,0.962962962962963,1.0,1.0,0.0,0.0,0.0,3,0,1
3517,52,23,29,15,10,10,17,13,7,0,6,0,0,0,0,0,0,0,0,0,1,0,1,0.9615384615384616,1.0,1.0,0.0,0.0,0.0,3,0,1
3518,59,29,30,22,10,10,17,13,5,0,8,0,0,0,0,0,0,0,0,2,0,0,0,1.0,1.0,1.0,0.1346153846153846,0.1346153846153846,0.0,3,7,0
3519,57,28,29,20,10,9,18,14,5,0,8,0,0,0,0,0,0,0,0,0,2,0,2,0.9375,1.0,1.0,0.0,0.0,0.0,3,0,2
3520,57,28,29,20,10,9,18,14,5,0,8,0,0,0,0,0,0,0,0,0,0,0,0,1.0,1.0,1.0,0.0,0.0,0.0,3,0,0
3521,56,27,29,19,10,9,18,14,5,0,8,0,0,0,0,0,0,0,0,0,1,0,1,0.9666666666666667,1.0,1.0,0.0,0.0,0.0,3,0,1
3522,56,27,29,19,10,9,18,14,5,0,8,0,0,0,0,0,0,0,0,0,0,0,0,1.0,1.0,1.0,0.0,0.0,0.0,3,0,0
3523,56,27,29,19,10,9,18,14,6,0,8,0,0,0,0,0,5,1,0,0,0,0,0,1.0,1.0,1.0,0.0,0.0,0.2,3,0,0
3524,54,25,29,17,10,9,18,14,6,0,8,0,0,0,0,0,0,0,0,0,2,0,2,0.9310344827586207,1.0,1.0,0.0,0.0,0.0,3,0,2
3525,54,25,29,17,10,9,18,14,6,0,8,0,0,0,0,0,0,0,0,0,0,0,0,1.0,1.0,1.0,0.0,0.0,0.0,3,0,0
3526,54,25,29,17,10,9,18,14,6,0,8,0,0,0,0,0,0,0,0,0,0,0,0,1.0,1.0,1.0,0.0,0.0,0.0,3,0,0
3527,54,25,29,15,12,9,18,14,6,0,8,0,0,0,0,0,0,0,0,0,0,0,0,1.0,1.0,1.0,0.0,0.0,0.0,3,0,0
3528,54,25,29,15,12,9,18,14,6,0,8,0,0,0,0,0,0,0,0,0,0,0,0,1.0,1.0,1.0,0.0,0.0,0.0,3,0,0
3529,53,25,28,15,11,9,18,14,6,0,7,0,0,0,0,0,0,0,0,0,1,0,1,0.962962962962963,1.0,1.0,0.0,0.0,0.0,3,0,1
3530,53,25,28,15,11,9,18,14,7,0,7,0,0,0,0,0,6,1,0,0,0,0,0,1.0,1.0,1.0,0.0,0.0,0.16666666666666666,3,0,0
3531,53,25,28,15,11,9,18,14,7,0,7,0,0,0,0,0,0,0,0,0,0,0,0,1.0,1.0,1.0,0.0,0.0,0.0,3,0,0
3532,53,25,28,15,11,9,18,14,7,0,7,0,0,0,0,0,0,0,0,0,0,0,0,1.0,1.0,1.0,0.0,0.0,0.0,3,0,0
3533,51,25,26,15,10,8,18,14,7,0,7,0,0,0,0,0,0,0,0,0,1,0,1,0.9615384615384616,1.0,1.0,0.0,0.0,0.0,3,0,2
3534,51,25,26,15,10,8,18,14,7,0,7,0,0,0,0,0,0,0,0,0,0,0,0,1.0,1.0,1.0,0.0,0.0,0.0,3,0,0
3535,51,25,26,12,13,8,18,14,7,0,7,0,0,0,0,0,0,0,0,0,0,0,0,1.0,1.0,1.0,0.0,0.0,0.0,3,0,0
3536,51,25,26,12,13,8,18,14,7,0,7,0,0,0,0,0,0,0,0,0,0,0,0,1.0,1.0,1.0,0.0,0.0,0.0,3,0,0
3537,51,25,26,10,15,8,18,14,7,0,6,0,0,0,0,0,0,0,0,0,0,0,0,1.0,1.0,1.0,0.0,0.0,0.0,3,0,0
3538,51,25,26,8,17,8,18,14,7,0,6,0,0,0,0,0,3,0,0,0,0,0,0,1.0,1.0,1.0,0.0,0.0,0.0,3,0,0
3539,56,26,30,14,16,8,18,14,6,0,7,0,0,0,0,0,8,1,0,2,2,0,2,0.92,1.0,1.0,0.13725490196078433,0.13725490196078433,0.125,3,7,2
3540,54,24,30,12,16,8,18,14,6,0,5,0,0,0,0,0,1,0,0,0,2,0,2,0.9333333333333333,1.0,1.0,0.0,0.0,0.0,3,0,2
3541,54,24,30,12,16,8,18,14,9,0,5,0,0,0,0,0,15,3,0,0,0,0,0,1.0,1.0,1.0,0.0,0.0,0.2,3,0,0
3542,57,27,30,15,16,8,18,14,8,0,6,0,0,0,0,0,0,0,0,1,0,0,0,1.0,1.0,1.0,0.05555555555555555,0.05555555555555555,0.0,3,3,0
3543,55,26,29,15,14,8,18,14,8,0,6,0,0,0,0,0,0,0,0,0,2,0,2,0.935483870967742,1.0,1.0,0.0,0.0,0.0,3,0,2
3544,55,26,29,15,14,8,18,14,8,0,6,0,0,0,0,0,0,0,0,0,0,0,0,1.0,1.0,1.0,0.0,0.0,0.0,3,0,0
3545,55,26,29,15,14,8,18,14,8,0,6,0,0,0,0,0,0,0,0,0,0,0,0,1.0,1.0,1.0,0.0,0.0,0.0,3,0,0
3546,53,25,28,15,12,8,18,14,8,0,6,0,0,0,0,0,0,0,0,0,2,0,2,0.9310344827586207,1.0,1.0,0.0,0.0,0.0,3,0,2
3547,52,24,28,15,11,8,18,14,8,0,6,0,0,0,0,0,0,0,0,0,1,0,1,0.962962962962963,1.0,1.0,0.0,0.0,0.0,3,0,1
3548,52,24,28,15,11,8,18,14,8,0,6,0,0,0,0,0,0,0,0,0,0,0,0,1.0,1.0,1.0,0.0,0.0,0.0,3,0,0
3549,52,24,28,15,11,8,18,14,8,0,6,0,0,0,0,0,0,0,0,0,0,0,0,1.0,1.0,1.0,0.0,0.0,0.0,3,0,0
3550,51,23,28,15,11,7,18,14,8,0,6,0,0,0,0,0,0,0,0,0,0,0,0,1.0,1.0,1.0,0.0,0.0,0.0,3,0,1
3551,51,23,28,15,11,7,18,14,8,0,6,0,0,0,0,0,0,0,0,0,0,0,0,1.0,1.0,1.0,0.0,0.0,0.0,3,0,0
3552,51,23,28,15,11,6,19,14,8,0,6,0,0,0,0,0,0,0,0,0,0,0,0,1.0,1.0,1.0,0.0,0.0,0.0,3,0,0
3553,51,23,28,15,11,6,19,14,8,0,6,0,0,0,0,0,0,0,0,0,0,0,0,1.0,1.0,1.0,0.0,0.0,0.0,3,0,0
3554,51,23,28,12,14,6,19,14,8,0,6,0,0,0,0,0,0,0,0,0,0,0,0,1.0,1.0,1.0,0.0,0.0,0.0,3,0,0
3555,50,22,28,12,13,6,19,14,8,0,6,0,0,0,0,0,0,0,0,0,1,0,1,0.9615384615384616,1.0,1.0,0.0,0.0,0.0,3,0,1
3556,50,22,28,12,13,6,19,14,8,0,5,0,0,0,0,0,0,0,0,0,0,0,0,1.0,1.0,1.0,0.0,0.0,0.0,3,0,0
3557,50,22,28,12,13,5,20,15,9,0,5,0,0,0,0,0,4,1,0,0,0,0,0,1.0,1.0,1.0,0.0,0.0,0.25,3,0,0
3558,53,24,29,15,13,5,20,15,8,0,6,0,0,0,0,0,0,0,0,1,0,0,0,1.0,1.0,1.0,0.06,0.06,0.0,3,3,0
3559,53,24,29,15,13,5,20,15,8,0,6,0,0,0,0,0,0,0,0,0,0,0,0,1.0,1.0,1.0,0.0,0.0,0.0,3,0,0
3560,53,24,29,15,13,4,21,15,8,0,6,0,0,0,0,0,0,0,0,0,0,0,0,1.0,1.0,1.0,0.0,0.0,0.0,3,0,0
3561,52,24,28,13,14,4,21,15,8,0,6,0,0,0,0,0,0,0,0,0,1,0,1,0.9642857142857143,1.0,1.0,0.0,0.0,0.0,3,0,1
3562,52,24,28,13,14,4,21,15,9,0,6,0,0,0,0,0,2,1,0,0,0,1,0,1.0,1.0,1.0,0.0,0.0,0.5,3,0,0
3563,51,24,27,12,14,4,21,15,9,0,4,0,0,0,0,0,0,0,0,0,1,0,1,0.962962962962963,1.0,1.0,0.0,0.0,0.0,3,0,1
3564,51,24,27,12,14,4,21,15,11,0,4,0,0,0,0,0,5,2,0,0,0,0,0,1.0,1.0,1.0,0.0,0.0,0.4,3,0,0
3565,51,24,27,12,14,4,21,15,11,0,4,0,0,0,0,0,0,0,0,0,0,0,0,1.0,1.0,1.0,0.0,0.0,0.0,3,0,0
3566,51,24,27,12,13,5,21,15,11,0,4,0,0,0,0,0,0,0,0,0,0,0,0,1.0,1.0,1.0,0.0,0.0,0.0,3,0,0
3567,51,24,27,12,13,5,21,15,11,0,4,0,0,0,0,0,0,0,0,0,0,0,0,1.0,1.0,1.0,0.0,0.0,0.0,3,0,0
3568,51,24,27,12,13,5,21,15,11,0,4,0,0,0,0,0,0,0,0,0,0,0,0,1.0,1.0,1.0,0.0,0.0,0.0,3,0,0
3569,50,23,27,11,13,5,21,15,11,0,4,0,0,0,0,0,0,0,0,0,1,0,1,0.96,1.0,1.0,0.0,0.0,0.0,3,0,1
3570,50,23,27,11,13,5,21,15,11,0,4,0,0,0,0,0,0,0,0,0,0,0,0,1.0,1.0,1.0,0.0,0.0,0.0,3,0,0
3571,50,23,27,11,13,4,22,15,11,0,4,0,0,0,0,0,0,0,0,0,0,0,0,1.0,1.0,1.0,0.0,0.0,0.0,3,0,0
3572,50,23,27,11,13,4,22,15,11,0,4,0,0,0,0,0,0,0,0,0,0,0,0,1.0,1.0,1.0,0.0,0.0,0.0,3,0,0
3573,50,23,27,11,13,4,22,15,11,0,4,0,0,0,0,0,0,0,0,0,0,0,0,1.0,1.0,1.0,0.0,0.0,0.0,3,0,0
3574,50,23,27,11,13,4,22,15,11,0,4,0,0,0,0,0,0,0,0,0,0,1,0,1.0,1.0,1.0,0.0,0.0,0.0,3,0,0
3575,52,25,27,13,13,4,22,15,10,0,5,0,0,0,0,0,0,0,0,1,1,0,1,0.9583333333333334,1.0,1.0,0.06,0.06,0.0,3,3,1
3576,52,25,27,13,13,4,22,15,10,0,5,0,0,0,0,0,0,0,0,0,0,0,0,1.0,1.0,1.0,0.0,0.0,0.0,3,0,0
3577,51,25,26,12,13,4,22,15,10,0,5,0,0,0,0,0,0,0,0,0,1,0,1,0.9615384615384616,1.0,1.0,0.0,0.0,0.0,3,0,1
3578,51,25,26,12,12,5,22,15,10,0,5,0,0,0,0,0,0,0,0,0,0,0,0,1.0,1.0,1.0,0.0,0.0,0.0,3,0,0
3579,51,25,26,12,12,5,22,15,10,0,5,0,0,0,0,0,0,0,0,0,0,0,0,1.0,1.0,1.0,0.0,0.0,0.0,3,0,0
3580,49,25,24,11,11,4,23,16,10,0,5,0,0,0,0,0,0,0,0,0,2,0,2,0.9166666666666666,1.0,1.0,0.0,0.0,0.0,3,0,2
3581,49,25,24,11,11,4,23,16,10,0,5,0,0,0,0,0,0,0,0,0,0,0,0,1.0,1.0,1.0,0.0,0.0,0.0,3,0,0
3582,47,24,23,6,15,4,22,16,10,0,5,0,0,0,0,0,0,0,0,0,1,0,1,0.9545454545454546,0.8571428571428572,1.0,0.0,0.0,0.0,3,0,2
3583,47,24,23,6,15,4,22,16,10,0,5,0,0,0,0,0,0,0,0,0,0,0,0,1.0,1.0,1.0,0.0,0.0,0.0,3,0,0
3584,47,24,23,6,15,4,22,16,10,0,3,0,0,0,0,0,0,0,0,0,0,0,0,1.0,1.0,1.0,0.0,0.0,0.0,3,0,0
3585,46,24,22,4,16,4,22,16,11,0,3,0,0,0,0,0,11,1,0,0,1,0,1,0.9523809523809523,1.0,1.0,0.0,0.0,0.09090909090909091,3,0,1
3586,45,23,22,4,15,4,22,16,11,0,3,0,0,0,0,0,11,1,0,0,1,0,1,0.95,1.0,1.0,0.0,0.0,0.09090909090909091,3,0,1
3587,45,23,22,4,15,4,22,16,11,0,2,0,0,0,0,0,11,1,0,0,0,1,0,1.0,1.0,1.0,0.0,0.0,0.09090909090909091,3,0,0
3588,48,24,24,7,15,4,22,16,10,0,3,0,0,0,0,0,11,1,0,1,0,0,0,1.0,1.0,1.0,0.06666666666666667,0.06666666666666667,0.09090909090909091,3,3,0
3589,48,24,24,7,15,4,22,16,10,0,3,0,0,0,0,0,11,1,0,0,0,0,0,1.0,1.0,1.0,0.0,0.0,0.09090909090909091,3,0,0
3590,47,23,24,7,15,3,22,16,10,0,3,0,0,0,0,0,11,1,0,0,0,0,0,1.0,1.0,1.0,0.0,0.0,0.09090909090909091,3,0,1
3591,47,23,24,7,14,4,22,16,10,0,3,0,0,0,0,0,11,1,0,0,0,0,0,1.0,1.0,1.0,0.0,0.0,0.09090909090909091,3,0,0
3592,47,23,24,7,14,4,22,16,10,0,3,0,0,0,0,0,11,1,0,0,0,0,0,1.0,1.0,1.0,0.0,0.0,0.09090909090909091,3,0,0
3593,47,23,24,7,14,4,22,16,10,0,3,0,0,0,0,0,11,1,0,0,0,0,0,1.0,1.0,1.0,0.0,0.0,0.09090909090909091,3,0,0
3594,47,23,24,7,14,4,22,16,10,0,3,0,0,0,0,0,11,1,0,0,0,0,0,1.0,1.0,1.0,0.0,0.0,0.09090909090909091,3,0,0
3595,51,26,25,11,14,4,22,16,9,0,4,0,0,0,0,0,11,1,0,1,0,0,0,1.0,1.0,1.0,0.0851063829787234,0.0851063829787234,0.09090909090909091,3,4,0
3596,50,25,25,10,14,3,23,17,9,0,4,0,0,0,0,0,11,1,0,0,1,0,1,0.96,1.0,1.0,0.0,0.0,0.09090909090909091,3,0,1
3597,50,25,25,10,14,3,23,17,9,0,4,0,0,0,0,0,11,1,0,0,0,0,0,1.0,1.0,1.0,0.0,0.0,0.09090909090909091,3,0,0
3598,50,25,25,10,14,3,23,17,9,0,4,0,0,0,0,0,11,1,0,0,0,0,0,1.0,1.0,1.0,0.0,0.0,0.09090909090909091,3,0,0
3599,50,25,25,10,14,3,23,17,9,0,4,0,0,0,0,0,11,1,0,0,0,0,0,1.0,1.0,1.0,0.0,0.0,0.09090909090909091,3,0,0
3600,50,25,25,10,14,3,23,17,9,0,4,0,0,0,0,0,11,1,0,0,0,0,0,1.0,1.0,1.0,0.0,0.0,0.09090909090909091,3,0,0
3601,49,24,25,7,16,3,23,17,9,0,4,0,0,0,0,0,11,1,0,0,1,0,1,0.9583333333333334,1.0,1.0,0.0,0.0,0.09090909090909091,3,0,1
3602,49,24,25,7,16,3,23,17,9,0,4,0,0,0,0,0,11,1,0,0,0,0,0,1.0,1.0,1.0,0.0,0.0,0.09090909090909091,3,0,0
3603,49,24,25,7,16,2,24,17,9,0,3,0,0,0,0,0,11,1,0,0,0,0,0,1.0,1.0,1.0,0.0,0.0,0.09090909090909091,3,0,0
3604,53,25,28,11,16,2,24,17,8,0,4,0,0,0,0,0,11,1,0,1,0,0,0,1.0,1.0,1.0,0.08163265306122448,0.08163265306122448,0.09090909090909091,3,4,0
3605,53,25,28,11,16,2,24,17,8,0,4,0,0,0,0,0,11,1,0,0,0,0,0,1.0,1.0,1.0,0.0,0.0,0.09090909090909091,3,0,0
3606,64,30,34,22,16,2,24,17,5,0,7,0,0,0,0,0,11,1,0,3,0,0,0,1.0,1.0,1.0,0.20754716981132076,0.20754716981132076,0.09090909090909091,3,11,0
3607,63,30,33,21,16,2,24,17,5,0,7,0,0,0,0,0,11,1,0,0,1,0,1,0.9736842105263158,1.0,1.0,0.0,0.0,0.09090909090909091,3,0,1
3608,60,27,33,21,14,2,23,17,5,0,7,0,0,0,0,0,11,1,0,0,2,0,2,0.9459459459459459,0.8571428571428572,1.0,0.0,0.0,0.09090909090909091,3,0,3
3609,59,26,33,20,14,2,23,17,5,0,7,0,0,0,0,0,11,1,0,0,1,0,1,0.9714285714285714,1.0,1.0,0.0,0.0,0.09090909090909091,3,0,1
3610,58,26,32,20,13,2,23,17,5,0,7,0,0,0,0,0,11,1,0,0,1,0,1,0.9705882352941176,1.0,1.0,0.0,0.0,0.09090909090909091,3,0,1
3611,57,26,31,19,13,2,23,17,5,0,7,0,0,0,0,0,11,1,0,0,1,1,1,0.9696969696969697,1.0,1.0,0.0,0.0,0.09090909090909091,3,0,1
3612,57,26,31,19,13,2,23,17,5,0,7,0,0,0,0,0,11,1,0,0,0,0,0,1.0,1.0,1.0,0.0,0.0,0.09090909090909091,3,0,0
3613,55,25,30,19,12,2,22,16,4,0,7,0,0,0,0,0,11,1,0,0,1,0,1,0.96875,1.0,0.9411764705882353,0.0,0.0,0.09090909090909091,3,0,2
3614,55,25,30,19,12,2,22,16,4,0,7,0,0,0,0,0,11,1,0,0,0,0,0,1.0,1.0,1.0,0.0,0.0,0.09090909090909091,3,0,0
3615,55,25,30,19,11,3,22,16,4,0,7,0,0,0,0,0,11,1,0,0,0,0,0,1.0,1.0,1.0,0.0,0.0,0.09090909090909091,3,0,0
3616,54,24,30,18,11,3,22,16,4,0,7,0,0,0,0,0,11,1,0,0,1,0,1,0.9666666666666667,1.0,1.0,0.0,0.0,0.09090909090909091,3,0,1
3617,54,24,30,18,11,3,22,16,4,0,7,0,0,0,0,0,11,1,0,0,0,0,0,1.0,1.0,1.0,0.0,0.0,0.09090909090909091,3,0,0
3618,54,24,30,17,12,3,22,16,4,0,7,0,0,0,0,0,11,1,0,0,0,0,0,1.0,1.0,1.0,0.0,0.0,0.09090909090909091,3,0,0
3619,53,23,30,17,11,3,22,16,4,0,7,0,0,0,0,0,11,1,0,0,1,0,1,0.9655172413793104,1.0,1.0,0.0,0.0,0.09090909090909091,3,0,1
3620,52,22,30,17,10,3,22,16,4,0,6,0,0,0,0,0,11,1,0,0,1,0,1,0.9642857142857143,1.0,1.0,0.0,0.0,0.09090909090909091,3,0,1
3621,52,22,30,17,10,3,22,16,4,0,6,0,0,0,0,0,11,1,0,0,0,0,0,1.0,1.0,1.0,0.0,0.0,0.09090909090909091,3,0,0
3622,55,22,33,20,10,3,22,16,3,0,7,0,0,0,0,0,11,1,0,1,0,0,0,1.0,1.0,1.0,0.057692307692307696,0.057692307692307696,0.09090909090909091,3,3,0
3623,54,21,33,19,10,3,22,16,3,0,7,0,0,0,0,0,11,1,0,0,1,0,1,0.9666666666666667,1.0,1.0,0.0,0.0,0.09090909090909091,3,0,1
3624,53,20,33,19,10,3,21,16,3,0,7,0,0,0,0,0,11,1,0,0,0,0,0,1.0,0.8333333333333334,1.0,0.0,0.0,0.09090909090909091,3,0,1
3625,53,20,33,19,10,3,21,16,3,0,7,0,0,0,0,0,11,1,0,0,0,0,0,1.0,1.0,1.0,0.0,0.0,0.09090909090909091,3,0,0
3626,52,20,32,19,9,3,21,16,3,0,7,0,0,0,0,0,11,1,0,0,1,0,1,0.9655172413793104,1.0,1.0,0.0,0.0,0.09090909090909091,3,0,1
3627,55,22,33,22,9,3,21,16,2,0,8,0,0,0,0,0,11,1,0,1,0,0,0,1.0,1.0,1.0,0.057692307692307696,0.057692307692307696,0.09090909090909091,3,3,0
3628,55,22,33,22,9,3,21,16,2,0,8,0,0,0,0,0,11,1,0,0,0,0,0,1.0,1.0,1.0,0.0,0.0,0.09090909090909091,3,0,0
3629,58,25,33,26,8,3,21,16,1,0,9,0,0,0,0,0,11,1,0,1,1,0,1,0.967741935483871,1.0,1.0,0.07272727272727272,0.07272727272727272,0.09090909090909091,3,4,1
3630,57,25,32,25,8,3,21,16,1,0,9,0,0,0,0,0,11,1,0,0,1,0,1,0.9705882352941176,1.0,1.0,0.0,0.0,0.09090909090909091,3,0,1
3631,56,25,31,23,9,3,21,16,1,0,9,0,0,0,0,0,11,1,0,0,1,0,1,0.9696969696969697,1.0,1.0,0.0,0.0,0.09090909090909091,3,0,1
3632,56,25,31,23,9,3,21,16,1,0,9,0,0,0,0,0,11,1,0,0,0,0,0,1.0,1.0,1.0,0.0,0.0,0.09090909090909091,3,0,0
3633,54,25,29,22,8,3,21,16,1,0,8,0,0,0,0,0,11,1,0,0,2,0,2,0.9375,1.0,1.0,0.0,0.0,0.09090909090909091,3,0,2
3634,54,25,29,22,8,3,21,16,1,0,8,0,0,0,0,0,11,1,0,0,0,0,0,1.0,1.0,1.0,0.0,0.0,0.09090909090909091,3,0,0
3635,53,24,29,22,7,3,21,16,1,0,8,0,0,0,0,0,11,1,0,0,1,0,1,0.9666666666666667,1.0,1.0,0.0,0.0,0.09090909090909091,3,0,1
3636,52,24,28,21,7,3,21,16,1,0,8,0,0,0,0,0,11,1,0,0,1,0,1,0.9655172413793104,1.0,1.0,0.0,0.0,0.09090909090909091,3,0,1
3637,52,24,28,21,7,3,21,16,1,0,8,0,0,0,0,0,11,1,0,0,0,0,0,1.0,1.0,1.0,0.0,0.0,0.09090909090909091,3,0,0
3638,52,24,28,19,9,3,21,16,1,0,8,0,0,0,0,0,11,1,0,0,0,0,0,1.0,1.0,1.0,0.0,0.0,0.09090909090909091,3,0,0
3639,51,23,28,19,8,3,21,16,1,0,8,0,0,0,0,0,11,1,0,0,1,0,1,0.9642857142857143,1.0,1.0,0.0,0.0,0.09090909090909091,3,0,1
3640,51,23,28,19,8,3,21,16,1,0,7,0,0,0,0,0,11,1,0,0,0,0,0,1.0,1.0,1.0,0.0,0.0,0.09090909090909091,3,0,0
3641,51,23,28,19,8,3,21,16,1,0,7,0,0,0,0,0,11,1,0,0,0,0,0,1.0,1.0,1.0,0.0,0.0,0.09090909090909091,3,0,0
3642,51,23,28,19,8,3,21,16,1,0,7,0,0,0,0,0,11,1,0,0,0,0,0,1.0,1.0,1.0,0.0,0.0,0.09090909090909091,3,0,0
3643,50,22,28,18,8,3,21,16,1,0,7,0,0,0,0,0,11,1,0,0,1,0,1,0.962962962962963,1.0,1.0,0.0,0.0,0.09090909090909091,3,0,1
3644,50,22,28,18,8,3,21,16,1,0,7,0,0,0,0,0,11,1,0,0,0,0,0,1.0,1.0,1.0,0.0,0.0,0.09090909090909091,3,0,0
3645,50,22,28,18,8,3,21,16,1,0,7,0,0,0,0,0,11,1,0,0,0,0,0,1.0,1.0,1.0,0.0,0.0,0.09090909090909091,3,0,0
3646,50,22,28,18,8,3,21,16,1,0,7,0,0,0,0,0,11,1,0,0,0,0,0,1.0,1.0,1.0,0.0,0.0,0.09090909090909091,3,0,0
3647,50,22,28,16,10,3,21,16,1,0,7,0,0,0,0,0,11,1,0,0,0,0,0,1.0,1.0,1.0,0.0,0.0,0.09090909090909091,3,0,0
3648,50,22,28,16,10,3,21,16,1,0,7,0,0,0,0,0,11,1,0,0,0,0,0,1.0,1.0,1.0,0.0,0.0,0.09090909090909091,3,0,0
3649,50,22,28,8,18,3,21,16,1,0,6,0,0,0,0,0,11,1,0,0,0,0,0,1.0,1.0,1.0,0.0,0.0,0.09090909090909091,3,0,0
3650,54,24,30,12,18,3,21,16,0,0,7,0,0,0,0,0,11,1,0,1,0,0,0,1.0,1.0,1.0,0.08,0.08,0.09090909090909091,3,4,0
3651,54,24,30,12,18,3,21,16,0,0,4,0,0,0,0,0,11,1,0,0,0,0,0,1.0,1.0,1.0,0.0,0.0,0.09090909090909091,3,0,0
3652,53,24,29,12,18,3,20,15,0,0,4,0,0,0,0,0,11,1,0,0,0,0,0,1.0,1.0,0.9375,0.0,0.0,0.09090909090909091,3,0,1
3653,53,24,29,12,18,3,20,15,0,0,4,0,0,0,0,0,11,1,0,0,0,0,0,1.0,1.0,1.0,0.0,0.0,0.09090909090909091,3,0,0
3654,53,24,29,12,18,3,20,15,0,0,4,0,0,0,0,0,11,1,0,0,0,0,0,1.0,1.0,1.0,0.0,0.0,0.09090909090909091,3,0,0
3655,53,24,29,12,18,3,20,15,0,0,4,0,0,0,0,0,11,1,0,0,0,0,0,1.0,1.0,1.0,0.0,0.0,0.09090909090909091,3,0,0
3656,53,24,29,12,18,3,20,15,0,0,4,0,0,0,0,0,11,1,0,0,0,0,0,1.0,1.0,1.0,0.0,0.0,0.09090909090909091,3,0,0
3657,52,23,29,11,18,3,20,15,0,0,4,0,0,0,0,0,11,1,0,0,1,0,1,0.9666666666666667,1.0,1.0,0.0,0.0,0.09090909090909091,3,0,1
3658,52,23,29,11,18,3,20,15,0,0,4,0,0,0,0,0,11,1,0,0,0,0,0,1.0,1.0,1.0,0.0,0.0,0.09090909090909091,3,0,0
3659,52,23,29,11,18,3,20,15,0,0,4,0,0,0,0,0,11,1,0,0,0,0,0,1.0,1.0,1.0,0.0,0.0,0.09090909090909091,3,0,0
3660,52,23,29,11,18,3,20,15,0,0,4,0,0,0,0,0,11,1,0,0,0,0,0,1.0,1.0,1.0,0.0,0.0,0.09090909090909091,3,0,0
3661,52,23,29,11,18,3,20,15,0,0,4,0,0,0,0,0,11,1,0,0,0,0,0,1.0,1.0,1.0,0.0,0.0,0.09090909090909091,3,0,0
3662,51,22,29,11,17,3,20,15,0,0,4,0,0,0,0,0,11,1,0,0,1,0,1,0.9655172413793104,1.0,1.0,0.0,0.0,0.09090909090909091,3,0,1
3663,51,22,29,11,17,3,20,15,0,0,4,0,0,0,0,0,11,1,0,0,0,0,0,1.0,1.0,1.0,0.0,0.0,0.09090909090909091,3,0,0
3664,51,22,29,11,17,3,20,15,0,0,4,0,0,0,0,0,11,1,0,0,0,0,0,1.0,1.0,1.0,0.0,0.0,0.09090909090909091,3,0,0
3665,51,22,29,8,20,3,20,15,0,0,4,0,0,0,0,0,11,1,0,0,0,0,0,1.0,1.0,1.0,0.0,0.0,0.09090909090909091,3,0,0
3666,51,22,29,8,20,3,20,15,0,0,4,0,0,0,0,0,11,1,0,0,0,0,0,1.0,1.0,1.0,0.0,0.0,0.09090909090909091,3,0,0
3667,51,22,29,8,20,3,20,15,0,0,3,0,0,0,0,0,11,1,0,0,0,0,0,1.0,1.0,1.0,0.0,0.0,0.09090909090909091,3,0,0
3668,49,21,28,8,18,3,20,15,0,0,3,0,0,0,0,0,11,1,0,0,2,0,2,0.9285714285714286,1.0,1.0,0.0,0.0,0.09090909090909091,3,0,2
3669,49,21,28,8,18,3,20,15,0,0,3,0,0,0,0,0,11,1,0,0,0,0,0,1.0,1.0,1.0,0.0,0.0,0.09090909090909091,3,0,0
3670,48,20,28,7,18,3,20,15,0,0,3,0,0,0,0,0,11,1,0,0,1,0,1,0.9615384615384616,1.0,1.0,0.0,0.0,0.09090909090909091,3,0,1
3671,48,20,28,7,18,3,20,15,0,0,3,0,0,0,0,0,11,1,0,0,0,0,0,1.0,1.0,1.0,0.0,0.0,0.09090909090909091,3,0,0
3672,48,20,28,4,21,3,20,15,0,0,2,0,0,0,0,0,11,1,0,0,0,0,0,1.0,1.0,1.0,0.0,0.0,0.09090909090909091,3,0,0
3673,48,20,28,4,21,3,20,15,0,0,2,0,0,0,0,0,11,1,0,0,0,0,0,1.0,1.0,1.0,0.0,0.0,0.09090909090909091,3,0,0
3674,48,20,28,4,21,3,20,15,0,0,1,0,0,0,0,0,11,1,0,0,0,0,0,1.0,1.0,1.0,0.0,0.0,0.09090909090909091,3,0,0
3675,48,20,28,4,21,3,20,15,0,0,1,0,0,0,0,0,11,1,0,0,0,0,0,1.0,1.0,1.0,0.0,0.0,0.09090909090909091,3,0,0
3676,48,20,28,4,21,3,20,15,0,0,1,0,0,0,0,0,11,1,0,0,0,0,0,1.0,1.0,1.0,0.0,0.0,0.09090909090909091,3,0,0
3677,48,20,28,4,21,3,20,15,0,0,1,0,0,0,0,0,11,1,0,0,0,0,0,1.0,1.0,1.0,0.0,0.0,0.09090909090909091,3,0,0
3678,48,20,28,4,21,3,20,15,0,0,1,0,0,0,0,0,11,1,0,0,0,0,0,1.0,1.0,1.0,0.0,0.0,0.09090909090909091,3,0,0
3679,47,19,28,4,20,3,20,15,0,0,1,0,0,0,0,0,11,1,0,0,1,0,1,0.96,1.0,1.0,0.0,0.0,0.09090909090909091,3,0,1
3680,47,19,28,4,20,3,20,15,2,0,1,0,0,0,0,0,9,2,0,0,0,0,0,1.0,1.0,1.0,0.0,0.0,0.2222222222222222,3,0,0
3681,47,19,28,4,20,3,20,15,3,2,1,0,0,0,0,0,15,1,2,0,0,0,0,1.0,1.0,1.0,0.0,0.0,0.06666666666666667,3,0,0
3682,47,19,28,4,20,3,20,15,3,3,1,0,0,0,0,0,6,0,1,0,0,0,0,1.0,1.0,1.0,0.0,0.0,0.0,3,0,0
3683,47,19,28,4,20,3,20,15,5,3,1,0,0,0,0,0,15,2,0,0,0,0,0,1.0,1.0,1.0,0.0,0.0,0.13333333333333333,3,0,0
3684,47,19,28,4,20,3,20,15,7,3,1,0,0,0,0,0,7,2,0,0,0,0,0,1.0,1.0,1.0,0.0,0.0,0.2857142857142857,3,0,0
3685,47,19,28,4,20,3,20,15,7,3,1,0,0,0,0,0,0,0,0,0,0,0,0,1.0,1.0,1.0,0.0,0.0,0.0,3,0,0
3686,46,18,28,3,20,3,20,15,7,3,1,0,0,0,0,0,0,0,0,0,1,0,1,0.9583333333333334,1.0,1.0,0.0,0.0,0.0,3,0,1
3687,45,18,27,3,19,3,20,15,7,3,1,0,0,0,0,0,0,0,0,0,1,0,1,0.9565217391304348,1.0,1.0,0.0,0.0,0.0,3,0,1
3688,45,18,27,3,19,3,20,15,7,3,1,0,0,0,0,0,0,0,0,0,0,0,0,1.0,1.0,1.0,0.0,0.0,0.0,3,0,0
3689,45,18,27,3,19,3,20,15,7,3,1,0,0,0,0,0,0,0,0,0,0,0,0,1.0,1.0,1.0,0.0,0.0,0.0,3,0,0
3690,45,18,27,3,19,3,20,15,7,3,1,0,0,0,0,0,0,0,0,0,0,0,0,1.0,1.0,1.0,0.0,0.0,0.0,3,0,0
3691,45,18,27,3,19,3,20,15,7,3,1,0,0,0,0,0,0,0,0,0,0,1,0,1.0,1.0,1.0,0.0,0.0,0.0,3,0,0
3692,45,18,27,3,19,3,20,15,7,3,1,0,0,0,0,0,0,0,0,0,0,0,0,1.0,1.0,1.0,0.0,0.0,0.0,3,0,0
3693,45,18,27,0,22,3,20,15,7,3,1,0,0,0,0,0,1,0,0,0,0,0,0,1.0,1.0,1.0,0.0,0.0,0.0,3,0,0
3694,44,18,26,0,22,3,19,14,7,5,1,0,0,0,0,0,5,0,2,0,0,0,0,1.0,1.0,0.9333333333333333,0.0,0.0,0.0,3,0,1
3695,43,18,25,0,20,4,19,14,8,5,0,0,0,0,0,0,7,1,0,0,1,0,1,0.9523809523809523,1.0,1.0,0.0,0.0,0.14285714285714285,3,0,1
3696,43,18,25,0,20,4,19,14,9,5,0,0,0,0,0,0,7,1,0,0,0,0,0,1.0,1.0,1.0,0.0,0.0,0.14285714285714285,3,0,0
3697,43,18,25,0,20,4,19,14,9,5,0,0,0,0,0,0,0,0,0,0,0,0,0,1.0,1.0,1.0,0.0,0.0,0.0,3,0,0
3698,43,18,25,0,20,4,19,14,9,5,0,0,0,0,0,0,0,0,0,0,0,0,0,1.0,1.0,1.0,0.0,0.0,0.0,3,0,0
3699,42,18,24,0,19,4,19,14,9,5,0,0,0,0,0,0,0,0,0,0,1,0,1,0.95,1.0,1.0,0.0,0.0,0.0,3,0,1
3700,42,18,24,0,19,4,19,14,9,5,0,0,0,0,0,0,0,0,0,0,0,0,0,1.0,1.0,1.0,0.0,0.0,0.0,3,0,0
3701,42,18,24,0,19,4,19,14,9,5,0,0,0,0,0,0,0,0,0,0,0,0,0,1.0,1.0,1.0,0.0,0.0,0.0,3,0,0
3702,42,18,24,0,19,4,19,14,9,5,0,0,0,0,0,0,0,0,0,0,0,0,0,1.0,1.0,1.0,0.0,0.0,0.0,3,0,0
3703,42,18,24,0,19,4,19,14,9,5,0,0,0,0,0,0,0,0,0,0,0,0,0,1.0,1.0,1.0,0.0,0.0,0.0,3,0,0
3704,42,18,24,0,19,4,19,14,9,5,0,0,0,0,0,0,0,0,0,0,0,0,0,1.0,1.0,1.0,0.0,0.0,0.0,3,0,0
3705,41,18,23,0,19,4,18,13,8,5,0,0,0,0,0,0,0,0,0,0,0,0,0,1.0,1.0,0.9285714285714286,0.0,0.0,0.0,3,0,1
3706,41,18,23,0,19,4,18,13,8,5,0,0,0,0,0,0,0,0,0,0,0,0,0,1.0,1.0,1.0,0.0,0.0,0.0,3,0,0
3707,41,18,23,0,19,4,18,13,8,5,0,0,0,0,0,0,0,0,0,0,0,0,0,1.0,1.0,1.0,0.0,0.0,0.0,3,0,0
3708,40,17,23,0,18,4,18,13,8,5,0,0,0,0,0,0,0,0,0,0,1,0,1,0.9473684210526316,1.0,1.0,0.0,0.0,0.0,3,0,1
3709,40,17,23,0,18,4,18,13,8,5,0,0,0,0,0,0,0,0,0,0,0,0,0,1.0,1.0,1.0,0.0,0.0,0.0,3,0,0
3710,40,17,23,0,18,4,18,13,8,5,0,0,0,0,0,0,0,0,0,0,0,0,0,1.0,1.0,1.0,0.0,0.0,0.0,3,0,0
3711,40,17,23,0,18,4,18,13,8,5,0,0,0,0,0,0,0,0,0,0,0,0,0,1.0,1.0,1.0,0.0,0.0,0.0,3,0,0
3712,40,17,23,0,18,4,18,13,8,5,0,0,0,0,0,0,0,0,0,0,0,0,0,1.0,1.0,1.0,0.0,0.0,0.0,3,0,0
3713,40,17,23,0,18,4,18,13,8,5,0,0,0,0,0,0,0,0,0,0,0,0,0,1.0,1.0,1.0,0.0,0.0,0.0,3,0,0
3714,40,17,23,0,18,4,18,13,8,5,0,0,0,0,0,0,0,0,0,0,0,0,0,1.0,1.0,1.0,0.0,0.0,0.0,3,0,0
3715,40,17,23,0,18,4,18,13,8,5,0,0,0,0,0,0,0,0,0,0,0,0,0,1.0,1.0,1.0,0.0,0.0,0.0,3,0,0
3716,39,16,23,0,17,4,18,13,8,5,0,0,0,0,0,0,0,0,0,0,1,0,1,0.9444444444444444,1.0,1.0,0.0,0.0,0.0,3,0,1
3717,39,16,23,0,17,4,18,13,8,5,0,0,0,0,0,0,0,0,0,0,0,0,0,1.0,1.0,1.0,0.0,0.0,0.0,3,0,0
3718,39,16,23,0,17,4,18,13,8,5,0,0,0,0,0,0,0,0,0,0,0,0,0,1.0,1.0,1.0,0.0,0.0,0.0,3,0,0
3719,39,16,23,0,17,4,18,13,8,5,0,0,0,0,0,0,0,0,0,0,0,1,0,1.0,1.0,1.0,0.0,0.0,0.0,3,0,0
3720,39,16,23,0,17,4,18,13,8,5,0,0,0,0,0,0,0,0,0,0,0,0,0,1.0,1.0,1.0,0.0,0.0,0.0,3,0,0
3721,39,16,23,0,17,4,18,13,8,5,0,0,0,0,0,0,0,0,0,0,0,0,0,1.0,1.0,1.0,0.0,0.0,0.0,3,0,0
3722,39,16,23,0,17,4,18,13,8,5,0,0,0,0,0,0,0,0,0,0,0,1,0,1.0,1.0,1.0,0.0,0.0,0.0,3,0,0
3723,39,16,23,0,16,5,18,13,8,5,0,0,0,0,0,0,0,0,0,0,0,0,0,1.0,1.0,1.0,0.0,0.0,0.0,3,0,0
3724,39,16,23,0,16,5,18,13,8,5,0,0,0,0,0,0,0,0,0,0,0,0,0,1.0,1.0,1.0,0.0,0.0,0.0,3,0,0
3725,39,16,23,0,16,5,18,13,8,5,0,0,0,0,0,0,0,0,0,0,0,0,0,1.0,1.0,1.0,0.0,0.0,0.0,3,0,0
3726,39,16,23,0,15,5,19,13,8,3,0,0,0,0,0,0,0,0,0,0,0,0,0,1.0,1.0,1.0,0.0,0.0,0.0,3,0,0
3727,39,16,23,0,15,5,19,13,10,2,0,0,0,0,0,0,12,2,0,0,0,0,0,1.0,1.0,1.0,0.0,0.0,0.16666666666666666,3,0,0
3728,39,16,23,0,15,5,19,13,11,2,0,0,0,0,0,0,6,1,0,0,0,0,0,1.0,1.0,1.0,0.0,0.0,0.16666666666666666,3,0,0
3729,39,16,23,0,15,5,19,13,11,2,0,0,0,0,0,0,0,0,0,0,0,0,0,1.0,1.0,1.0,0.0,0.0,0.0,3,0,0
3730,39,16,23,0,15,5,19,13,11,2,0,0,0,0,0,0,0,0,0,0,0,0,0,1.0,1.0,1.0,0.0,0.0,0.0,3,0,0
3731,39,16,23,0,15,5,19,13,11,2,0,0,0,0,0,0,0,0,0,0,0,0,0,1.0,1.0,1.0,0.0,0.0,0.0,3,0,0
3732,39,16,23,0,15,5,19,13,11,2,0,0,0,0,0,0,0,0,0,0,0,0,0,1.0,1.0,1.0,0.0,0.0,0.0,3,0,0
3733,39,16,23,0,15,5,19,13,11,2,0,0,0,0,0,0,0,0,0,0,0,0,0,1.0,1.0,1.0,0.0,0.0,0.0,3,0,0
3734,39,16,23,0,15,5,19,13,11,2,0,0,0,0,0,0,0,0,0,0,0,0,0,1.0,1.0,1.0,0.0,0.0,0.0,3,0,0
3735,39,16,23,0,15,5,19,13,11,2,0,0,0,0,0,0,0,0,0,0,0,0,0,1.0,1.0,1.0,0.0,0.0,0.0,3,0,0
3736,39,16,23,0,15,5,19,13,11,2,0,0,0,0,0,0,0,0,0,0,0,0,0,1.0,1.0,1.0,0.0,0.0,0.0,3,0,0
3737,39,16,23,0,15,5,19,13,11,2,0,0,0,0,0,0,0,0,0,0,0,0,0,1.0,1.0,1.0,0.0,0.0,0.0,3,0,0
3738,39,16,23,0,15,5,19,13,11,2,0,0,0,0,0,0,0,0,0,0,0,1,0,1.0,1.0,1.0,0.0,0.0,0.0,3,0,0
3739,39,16,23,0,15,5,19,13,11,0,0,0,0,0,0,0,0,0,0,0,0,0,0,1.0,1.0,1.0,0.0,0.0,0.0,3,0,0
3740,39,16,23,0,15,5,19,13,11,0,0,0,0,0,0,0,4,0,0,0,0,0,0,1.0,1.0,1.0,0.0,0.0,0.0,3,0,0
3741,39,16,23,0,15,5,19,13,11,1,0,0,0,0,0,0,3,0,1,0,0,0,0,1.0,1.0,1.0,0.0,0.0,0.0,3,0,0
3742,39,16,23,0,14,6,19,13,11,1,0,0,0,0,0,0,5,0,0,0,0,0,0,1.0,1.0,1.0,0.0,0.0,0.0,3,0,0
3743,39,16,23,0,14,6,19,13,11,1,0,0,0,0,0,0,2,0,0,0,0,0,0,1.0,1.0,1.0,0.0,0.0,0.0,3,0,0
3744,39,16,23,0,14,6,19,13,11,1,0,0,0,0,0,0,5,0,0,0,0,0,0,1.0,1.0,1.0,0.0,0.0,0.0,3,0,0
3745,46,19,27,7,14,6,19,13,9,1,2,0,0,0,0,0,0,0,0,2,0,0,0,1.0,1.0,1.0,0.1794871794871795,0.1794871794871795,0.0,3,7,0
3746,49,20,29,10,14,5,20,14,9,1,3,0,0,0,0,0,4,1,0,1,0,0,0,1.0,1.0,1.0,0.06521739130434782,0.06521739130434782,0.25,3,3,0
3747,48,20,28,9,14,5,20,14,9,1,3,0,0,0,0,0,0,0,0,0,1,0,1,0.9583333333333334,1.0,1.0,0.0,0.0,0.0,3,0,1
3748,54,24,30,16,13,5,20,14,7,1,5,0,0,0,0,0,0,0,0,2,1,0,1,0.9565217391304348,1.0,1.0,0.14583333333333334,0.14583333333333334,0.0,3,7,1
3749,57,25,32,19,13,5,20,14,6,1,6,0,0,0,0,0,0,0,0,1,0,0,0,1.0,1.0,1.0,0.05555555555555555,0.05555555555555555,0.0,3,3,0
3750,56,25,31,19,12,4,21,14,6,1,6,0,0,0,0,0,0,0,0,0,1,0,1,0.96875,1.0,1.0,0.0,0.0,0.0,3,0,1
3751,56,25,31,19,12,4,21,14,6,1,6,0,0,0,0,0,0,0,0,0,0,0,0,1.0,1.0,1.0,0.0,0.0,0.0,3,0,0
3752,55,24,31,19,12,4,20,14,6,1,6,0,0,0,0,0,0,0,0,0,0,0,0,1.0,0.8571428571428572,1.0,0.0,0.0,0.0,3,0,1
3753,55,24,31,19,12,4,20,14,7,1,6,0,0,0,0,0,5,1,0,0,0,0,0,1.0,1.0,1.0,0.0,0.0,0.2,3,0,0
3754,54,23,31,19,11,4,20,14,7,1,6,0,0,0,0,0,0,0,0,0,1,0,1,0.967741935483871,1.0,1.0,0.0,0.0,0.0,3,0,1
3755,53,22,31,19,10,4,20,14,7,1,6,0,0,0,0,0,0,0,0,0,1,0,1,0.9666666666666667,1.0,1.0,0.0,0.0,0.0,3,0,1
3756,52,22,30,18,10,4,20,14,7,1,6,0,0,0,0,0,0,0,0,0,1,0,1,0.9655172413793104,1.0,1.0,0.0,0.0,0.0,3,0,1
3757,51,21,30,17,10,4,20,14,7,1,6,0,0,0,0,0,0,0,0,0,1,0,1,0.9642857142857143,1.0,1.0,0.0,0.0,0.0,3,0,1
3758,51,21,30,17,10,4,20,14,7,1,6,0,0,0,0,0,0,0,0,0,0,0,0,1.0,1.0,1.0,0.0,0.0,0.0,3,0,0
3759,49,20,29,15,10,4,20,14,7,1,6,0,0,0,0,0,0,0,0,0,2,0,2,0.9259259259259259,1.0,1.0,0.0,0.0,0.0,3,0,2
3760,52,21,31,18,10,4,20,14,6,1,7,0,0,0,0,0,0,0,0,1,0,0,0,1.0,1.0,1.0,0.061224489795918366,0.061224489795918366,0.0,3,3,0
3761,54,23,31,20,10,4,20,14,5,1,8,0,0,0,0,0,0,0,0,1,2,0,2,0.9285714285714286,1.0,1.0,0.07692307692307693,0.07692307692307693,0.0,3,4,2
3762,53,22,31,19,10,4,20,14,5,1,8,0,0,0,0,0,0,0,0,0,1,0,1,0.9666666666666667,1.0,1.0,0.0,0.0,0.0,3,0,1
3763,52,21,31,19,9,4,20,14,5,1,8,0,0,0,0,0,0,0,0,0,1,0,1,0.9655172413793104,1.0,1.0,0.0,0.0,0.0,3,0,1
3764,51,20,31,18,9,4,20,14,5,1,8,0,0,0,0,0,0,0,0,0,1,0,1,0.9642857142857143,1.0,1.0,0.0,0.0,0.0,3,0,1
3765,51,20,31,18,9,4,20,14,5,1,8,0,0,0,0,0,0,0,0,0,0,0,0,1.0,1.0,1.0,0.0,0.0,0.0,3,0,0
3766,51,20,31,18,9,4,20,14,5,1,8,0,0,0,0,0,0,0,0,0,0,0,0,1.0,1.0,1.0,0.0,0.0,0.0,3,0,0
3767,51,20,31,18,9,4,20,14,5,1,8,0,0,0,0,0,0,0,0,0,0,0,0,1.0,1.0,1.0,0.0,0.0,0.0,3,0,0
3768,51,20,31,18,9,4,20,14,5,1,8,0,0,0,0,0,0,0,0,0,0,0,0,1.0,1.0,1.0,0.0,0.0,0.0,3,0,0
3769,51,20,31,18,9,4,20,14,5,1,8,0,0,0,0,0,0,0,0,0,0,0,0,1.0,1.0,1.0,0.0,0.0,0.0,3,0,0
3770,51,20,31,18,9,4,20,14,5,1,8,0,0,0,0,0,0,0,0,0,0,0,0,1.0,1.0,1.0,0.0,0.0,0.0,3,0,0
3771,51,20,31,18,9,4,20,14,5,1,8,0,0,0,0,0,0,0,0,0,0,0,0,1.0,1.0,1.0,0.0,0.0,0.0,3,0,0
3772,51,20,31,18,9,4,20,14,5,1,8,0,0,0,0,0,0,0,0,0,0,0,0,1.0,1.0,1.0,0.0,0.0,0.0,3,0,0
3773,50,20,30,17,9,4,20,14,5,1,8,0,0,0,0,0,0,0,0,0,1,0,1,0.962962962962963,1.0,1.0,0.0,0.0,0.0,3,0,1
3774,50,20,30,17,9,4,20,14,5,1,8,0,0,0,0,0,0,0,0,0,0,0,0,1.0,1.0,1.0,0.0,0.0,0.0,3,0,0
3775,50,20,30,17,9,4,20,14,5,1,8,0,0,0,0,0,0,0,0,0,0,0,0,1.0,1.0,1.0,0.0,0.0,0.0,3,0,0
3776,49,20,29,17,8,4,20,14,5,1,8,0,0,0,0,0,0,0,0,0,1,0,1,0.9615384615384616,1.0,1.0,0.0,0.0,0.0,3,0,1
3777,49,20,29,17,8,4,20,14,5,1,8,0,0,0,0,0,0,0,0,0,0,0,0,1.0,1.0,1.0,0.0,0.0,0.0,3,0,0
3778,49,20,29,17,8,4,20,14,5,1,8,0,0,0,0,0,0,0,0,0,0,0,0,1.0,1.0,1.0,0.0,0.0,0.0,3,0,0
3779,49,20,29,17,8,4,20,14,5,1,8,0,0,0,0,0,0,0,0,0,0,0,0,1.0,1.0,1.0,0.0,0.0,0.0,3,0,0
3780,49,20,29,17,8,4,20,14,5,1,8,0,0,0,0,0,0,0,0,0,0,0,0,1.0,1.0,1.0,0.0,0.0,0.0,3,0,0
3781,49,20,29,17,8,4,20,14,5,1,8,0,0,0,0,0,0,0,0,0,0,0,0,1.0,1.0,1.0,0.0,0.0,0.0,3,0,0
3782,49,20,29,17,8,4,20,14,5,1,8,0,0,0,0,0,0,0,0,0,0,0,0,1.0,1.0,1.0,0.0,0.0,0.0,3,0,0
3783,49,20,29,17,8,4,20,14,5,1,8,0,0,0,0,0,0,0,0,0,0,0,0,1.0,1.0,1.0,0.0,0.0,0.0,3,0,0
3784,49,20,29,17,8,4,20,14,5,1,8,0,0,0,0,0,0,0,0,0,0,0,0,1.0,1.0,1.0,0.0,0.0,0.0,3,0,0
3785,49,20,29,17,8,4,20,14,5,1,8,0,0,0,0,0,0,0,0,0,0,0,0,1.0,1.0,1.0,0.0,0.0,0.0,3,0,0
3786,49,20,29,17,8,4,20,14,5,0,8,0,0,0,0,0,0,0,0,0,0,3,0,1.0,1.0,1.0,0.0,0.0,0.0,3,0,0
3787,49,20,29,17,8,4,20,14,6,0,8,0,0,0,0,0,7,1,0,0,0,0,0,1.0,1.0,1.0,0.0,0.0,0.14285714285714285,3,0,0
3788,49,20,29,12,13,4,20,14,6,0,8,0,0,0,0,0,0,0,0,0,0,0,0,1.0,1.0,1.0,0.0,0.0,0.0,3,0,0
3789,49,20,29,10,15,4,20,14,6,0,8,0,0,0,0,0,0,0,0,0,0,0,0,1.0,1.0,1.0,0.0,0.0,0.0,3,0,0
3790,49,20,29,10,12,7,20,14,6,0,6,0,0,0,0,0,0,0,0,0,0,0,0,1.0,1.0,1.0,0.0,0.0,0.0,3,0,0
3791,49,20,29,5,17,7,20,14,7,0,5,0,0,0,0,0,6,1,0,0,0,0,0,1.0,1.0,1.0,0.0,0.0,0.16666666666666666,3,0,0
3792,56,22,34,12,17,7,20,14,7,0,7,0,0,0,0,0,12,2,0,2,0,0,0,1.0,1.0,1.0,0.14285714285714285,0.14285714285714285,0.16666666666666666,3,7,0
3793,58,23,35,15,16,7,20,14,6,0,6,0,0,0,0,0,0,0,0,1,1,0,1,0.9655172413793104,1.0,1.0,0.05357142857142857,0.05357142857142857,0.0,3,3,1
3794,56,23,33,14,15,7,20,14,8,0,5,0,0,0,0,0,15,2,0,0,2,0,2,0.935483870967742,1.0,1.0,0.0,0.0,0.13333333333333333,3,0,2
3795,56,23,33,14,15,7,20,14,9,0,5,0,0,0,0,0,4,1,0,0,0,0,0,1.0,1.0,1.0,0.0,0.0,0.25,3,0,0
3796,55,23,32,13,15,7,20,14,9,0,5,0,0,0,0,0,0,0,0,0,1,0,1,0.9655172413793104,1.0,1.0,0.0,0.0,0.0,3,0,1
3797,55,23,32,13,15,7,20,14,9,0,5,0,0,0,0,0,0,0,0,0,0,0,0,1.0,1.0,1.0,0.0,0.0,0.0,3,0,0
3798,54,23,31,12,15,7,20,14,9,0,5,0,0,0,0,0,0,0,0,0,1,0,1,0.9642857142857143,1.0,1.0,0.0,0.0,0.0,3,0,1
3799,54,23,31,12,15,7,20,14,9,0,5,0,0,0,0,0,0,0,0,0,0,0,0,1.0,1.0,1.0,0.0,0.0,0.0,3,0,0
3800,54,23,31,12,15,7,20,14,9,0,5,0,0,0,0,0,0,0,0,0,0,0,0,1.0,1.0,1.0,0.0,0.0,0.0,3,0,0
3801,53,22,31,12,14,7,20,14,9,0,5,0,0,0,0,0,0,0,0,0,1,0,1,0.962962962962963,1.0,1.0,0.0,0.0,0.0,3,0,1
3802,52,22,30,12,13,7,20,14,9,0,5,0,0,0,0,0,0,0,0,0,1,2,1,0.9615384615384616,1.0,1.0,0.0,0.0,0.0,3,0,1
3803,52,22,30,10,15,7,20,14,9,0,5,0,0,0,0,0,0,0,0,0,0,0,0,1.0,1.0,1.0,0.0,0.0,0.0,3,0,0
3804,52,22,30,7,18,7,20,14,9,0,5,0,0,0,0,0,0,0,0,0,0,0,0,1.0,1.0,1.0,0.0,0.0,0.0,3,0,0
3805,52,22,30,7,18,7,20,14,9,0,4,0,0,0,0,0,0,0,0,0,0,0,0,1.0,1.0,1.0,0.0,0.0,0.0,3,0,0
3806,52,22,30,7,16,9,20,14,10,0,3,0,0,0,0,0,6,1,0,0,0,0,0,1.0,1.0,1.0,0.0,0.0,0.16666666666666666,3,0,0
3807,52,22,30,7,16,9,20,14,11,0,3,0,0,0,0,0,5,1,0,0,0,0,0,1.0,1.0,1.0,0.0,0.0,0.2,3,0,0
3808,52,22,30,7,16,9,20,14,11,0,3,0,0,0,0,0,0,0,0,0,0,0,0,1.0,1.0,1.0,0.0,0.0,0.0,3,0,0
3809,52,22,30,7,16,9,20,14,11,0,3,0,0,0,0,0,0,0,0,0,0,0,0,1.0,1.0,1.0,0.0,0.0,0.0,3,0,0
3810,52,22,30,7,16,9,20,14,11,0,3,0,0,0,0,0,0,0,0,0,0,0,0,1.0,1.0,1.0,0.0,0.0,0.0,3,0,0
3811,55,23,32,10,16,9,20,14,10,0,4,0,0,0,0,0,0,0,0,1,0,0,0,1.0,1.0,1.0,0.057692307692307696,0.057692307692307696,0.0,3,3,0
3812,55,23,32,10,16,9,20,14,10,0,4,0,0,0,0,0,0,0,0,0,0,0,0,1.0,1.0,1.0,0.0,0.0,0.0,3,0,0
3813,53,23,30,10,15,8,20,14,10,0,4,0,0,0,0,0,0,0,0,0,1,0,1,0.9615384615384616,1.0,1.0,0.0,0.0,0.0,3,0,2
3814,53,23,30,10,15,8,20,14,10,0,4,0,0,0,0,0,0,0,0,0,0,0,0,1.0,1.0,1.0,0.0,0.0,0.0,3,0,0
3815,53,23,30,10,15,8,20,14,10,0,4,0,0,0,0,0,0,0,0,0,0,0,0,1.0,1.0,1.0,0.0,0.0,0.0,3,0,0
3816,53,23,30,10,15,8,20,14,10,0,4,0,0,0,0,0,0,0,0,0,0,0,0,1.0,1.0,1.0,0.0,0.0,0.0,3,0,0
3817,53,23,30,10,15,8,20,14,10,0,4,0,0,0,0,0,0,0,0,0,0,0,0,1.0,1.0,1.0,0.0,0.0,0.0,3,0,0
3818,56,23,33,14,14,8,20,14,9,0,5,0,0,0,0,0,0,0,0,1,1,0,1,0.96,1.0,1.0,0.07547169811320754,0.07547169811320754,0.0,3,4,1
3819,56,23,33,14,14,8,20,14,9,0,5,0,0,0,0,0,0,0,0,0,0,0,0,1.0,1.0,1.0,0.0,0.0,0.0,3,0,0
3820,56,23,33,14,14,8,20,14,9,0,5,0,0,0,0,0,0,0,0,0,0,0,0,1.0,1.0,1.0,0.0,0.0,0.0,3,0,0
3821,56,23,33,14,14,8,20,14,9,0,5,0,0,0,0,0,0,0,0,0,0,0,0,1.0,1.0,1.0,0.0,0.0,0.0,3,0,0
3822,55,23,32,14,14,8,19,13,8,0,5,0,0,0,0,0,0,0,0,0,0,0,0,1.0,1.0,0.9285714285714286,0.0,0.0,0.0,3,0,1
3823,54,22,32,13,14,8,19,13,8,0,5,0,0,0,0,0,0,0,0,0,1,0,1,0.9642857142857143,1.0,1.0,0.0,0.0,0.0,3,0,1
3824,54,22,32,13,14,8,19,13,8,0,5,0,0,0,0,0,0,0,0,0,0,0,0,1.0,1.0,1.0,0.0,0.0,0.0,3,0,0
3825,53,21,32,13,13,8,19,13,8,0,5,0,0,0,0,0,0,0,0,0,1,0,1,0.962962962962963,1.0,1.0,0.0,0.0,0.0,3,0,1
3826,53,21,32,13,13,8,19,13,8,0,5,0,0,0,0,0,0,0,0,0,0,0,0,1.0,1.0,1.0,0.0,0.0,0.0,3,0,0
3827,53,21,32,13,13,8,19,13,8,0,5,0,0,0,0,0,0,0,0,0,0,0,0,1.0,1.0,1.0,0.0,0.0,0.0,3,0,0
3828,51,19,32,13,12,7,19,13,8,0,5,0,0,0,0,0,0,0,0,0,1,0,1,0.9615384615384616,1.0,1.0,0.0,0.0,0.0,3,0,2
3829,51,19,32,13,12,7,19,13,8,0,5,0,0,0,0,0,0,0,0,0,0,0,0,1.0,1.0,1.0,0.0,0.0,0.0,3,0,0
3830,51,19,32,13,12,6,20,13,8,0,5,0,0,0,0,0,0,0,0,0,0,1,0,1.0,1.0,1.0,0.0,0.0,0.0,3,0,0
3831,51,19,32,13,12,6,20,13,8,0,5,0,0,0,0,0,0,0,0,0,0,0,0,1.0,1.0,1.0,0.0,0.0,0.0,3,0,0
3832,51,19,32,13,12,6,20,13,8,0,5,0,0,0,0,0,0,0,0,0,0,0,0,1.0,1.0,1.0,0.0,0.0,0.0,3,0,0
3833,50,19,31,12,12,6,20,13,8,0,5,0,0,0,0,0,0,0,0,0,1,0,1,0.96,1.0,1.0,0.0,0.0,0.0,3,0,1
3834,50,19,31,12,11,7,20,13,8,0,5,0,0,0,0,0,0,0,0,0,0,0,0,1.0,1.0,1.0,0.0,0.0,0.0,3,0,0
3835,50,19,31,8,15,7,20,13,8,0,5,0,0,0,0,0,0,0,0,0,0,0,0,1.0,1.0,1.0,0.0,0.0,0.0,3,0,0
3836,49,18,31,7,15,7,20,13,8,0,5,0,0,0,0,0,0,0,0,0,1,0,1,0.9565217391304348,1.0,1.0,0.0,0.0,0.0,3,0,1
3837,49,18,31,7,15,7,20,13,8,0,3,0,0,0,0,0,0,0,0,0,0,0,0,1.0,1.0,1.0,0.0,0.0,0.0,3,0,0
3838,49,18,31,7,15,7,20,13,10,0,2,0,0,0,0,0,10,2,0,0,0,0,0,1.0,1.0,1.0,0.0,0.0,0.2,3,0,0
3839,49,18,31,7,15,7,20,13,11,0,2,0,0,0,0,0,4,1,0,0,0,0,0,1.0,1.0,1.0,0.0,0.0,0.25,3,0,0
3840,49,18,31,7,15,7,20,13,11,0,2,0,0,0,0,0,0,0,0,0,0,0,0,1.0,1.0,1.0,0.0,0.0,0.0,3,0,0
3841,48,17,31,7,14,7,20,13,11,0,2,0,0,0,0,0,0,0,0,0,1,0,1,0.9545454545454546,1.0,1.0,0.0,0.0,0.0,3,0,1
3842,48,17,31,7,14,7,20,13,11,0,2,0,0,0,0,0,0,0,0,0,0,0,0,1.0,1.0,1.0,0.0,0.0,0.0,3,0,0
3843,48,17,31,7,14,7,20,13,11,0,2,0,0,0,0,0,0,0,0,0,0,0,0,1.0,1.0,1.0,0.0,0.0,0.0,3,0,0
3844,48,17,31,7,14,7,20,13,11,0,2,0,0,0,0,0,0,0,0,0,0,0,0,1.0,1.0,1.0,0.0,0.0,0.0,3,0,0
3845,47,17,30,6,14,7,20,13,11,0,2,0,0,0,0,0,0,0,0,0,1,0,1,0.9523809523809523,1.0,1.0,0.0,0.0,0.0,3,0,1
3846,47,17,30,6,14,7,20,13,11,0,2,0,0,0,0,0,0,0,0,0,0,0,0,1.0,1.0,1.0,0.0,0.0,0.0,3,0,0
3847,47,17,30,6,14,7,20,13,11,0,2,0,0,0,0,0,0,0,0,0,0,0,0,1.0,1.0,1.0,0.0,0.0,0.0,3,0,0
3848,47,17,30,6,14,7,20,13,11,0,2,0,0,0,0,0,0,0,0,0,0,0,0,1.0,1.0,1.0,0.0,0.0,0.0,3,0,0
3849,47,17,30,6,14,7,20,13,11,0,2,0,0,0,0,0,0,0,0,0,0,0,0,1.0,1.0,1.0,0.0,0.0,0.0,3,0,0
3850,47,17,30,6,14,7,20,13,11,0,2,0,0,0,0,0,0,0,0,0,0,0,0,1.0,1.0,1.0,0.0,0.0,0.0,3,0,0
3851,47,17,30,6,14,7,20,13,11,0,2,0,0,0,0,0,0,0,0,0,0,0,0,1.0,1.0,1.0,0.0,0.0,0.0,3,0,0
3852,50,19,31,10,13,7,20,13,10,0,3,0,0,0,0,0,0,0,0,1,1,0,1,0.95,1.0,1.0,0.0851063829787234,0.0851063829787234,0.0,3,4,1
3853,50,19,31,10,13,7,20,13,10,0,3,0,0,0,0,0,0,0,0,0,0,0,0,1.0,1.0,1.0,0.0,0.0,0.0,3,0,0
3854,50,19,31,7,16,7,20,13,10,0,3,0,0,0,0,0,0,0,0,0,0,0,0,1.0,1.0,1.0,0.0,0.0,0.0,3,0,0
3855,49,18,31,6,16,6,21,14,10,0,3,0,0,0,0,0,0,0,0,0,1,0,1,0.9565217391304348,1.0,1.0,0.0,0.0,0.0,3,0,1
3856,53,20,33,10,16,6,21,14,9,0,3,0,0,0,0,0,0,0,0,1,0,0,0,1.0,1.0,1.0,0.08163265306122448,0.08163265306122448,0.0,3,4,0
3857,58,24,34,15,16,6,21,14,7,0,5,0,0,0,0,0,1,0,0,2,2,0,2,0.9230769230769231,1.0,1.0,0.1320754716981132,0.1320754716981132,0.0,3,7,2
3858,57,23,34,15,15,6,21,14,8,0,5,0,0,0,0,0,4,1,0,0,1,0,1,0.967741935483871,1.0,1.0,0.0,0.0,0.25,3,0,1
3859,61,26,35,19,15,6,21,14,7,0,6,0,0,0,0,0,0,0,0,1,0,0,0,1.0,1.0,1.0,0.07017543859649122,0.07017543859649122,0.0,3,4,0
3860,65,28,37,23,15,6,21,14,6,0,7,0,0,0,0,0,0,0,0,1,0,0,0,1.0,1.0,1.0,0.06557377049180328,0.06557377049180328,0.0,3,4,0
3861,63,28,35,22,14,6,21,14,6,0,7,0,0,0,0,0,0,0,0,0,2,0,2,0.9473684210526316,1.0,1.0,0.0,0.0,0.0,3,0,2
3862,62,27,35,21,14,6,21,14,6,0,7,0,0,0,0,0,4,0,0,0,1,0,1,0.9722222222222222,1.0,1.0,0.0,0.0,0.0,3,0,1
3863,61,26,35,20,14,6,21,14,6,0,6,0,0,0,0,0,1,0,0,0,1,0,1,0.9714285714285714,1.0,1.0,0.0,0.0,0.0,3,0,1
3864,61,26,35,20,14,6,21,14,7,0,6,0,0,0,0,0,5,1,0,0,0,0,0,1.0,1.0,1.0,0.0,0.0,0.2,3,0,0
3865,61,26,35,20,14,6,21,14,8,0,6,0,0,0,0,0,6,1,0,0,0,0,0,1.0,1.0,1.0,0.0,0.0,0.16666666666666666,3,0,0
3866,58,24,34,19,12,6,21,14,8,0,6,0,0,0,0,0,0,0,0,0,3,0,3,0.9117647058823529,1.0,1.0,0.0,0.0,0.0,3,0,3
3867,58,24,34,19,12,6,21,14,8,0,6,0,0,0,0,0,0,0,0,0,0,0,0,1.0,1.0,1.0,0.0,0.0,0.0,3,0,0
3868,57,23,34,19,12,5,21,14,8,0,6,0,0,0,0,0,0,0,0,0,0,0,0,1.0,1.0,1.0,0.0,0.0,0.0,3,0,1
3869,57,23,34,19,12,5,21,14,8,0,6,0,0,0,0,0,0,0,0,0,0,0,0,1.0,1.0,1.0,0.0,0.0,0.0,3,0,0
3870,57,23,34,19,12,5,21,14,8,0,6,0,0,0,0,0,0,0,0,0,0,0,0,1.0,1.0,1.0,0.0,0.0,0.0,3,0,0
3871,60,24,36,22,12,5,21,14,7,0,7,0,0,0,0,0,0,0,0,1,1,0,1,0.967741935483871,1.0,1.0,0.07017543859649122,0.07017543859649122,0.0,3,4,1
3872,64,24,40,26,12,5,21,14,6,0,8,0,0,0,0,0,0,0,0,1,0,0,0,1.0,1.0,1.0,0.06666666666666667,0.06666666666666667,0.0,3,4,0
3873,61,22,39,24,11,5,21,14,6,0,8,0,0,0,0,0,0,0,0,0,3,0,3,0.9210526315789473,1.0,1.0,0.0,0.0,0.0,3,0,3
3874,59,22,37,22,11,5,21,14,6,0,8,0,0,0,0,0,0,0,0,0,2,0,2,0.9428571428571428,1.0,1.0,0.0,0.0,0.0,3,0,2
3875,59,22,37,22,11,5,21,14,6,0,8,0,0,0,0,0,0,0,0,0,0,0,0,1.0,1.0,1.0,0.0,0.0,0.0,3,0,0
3876,58,22,36,22,10,5,21,14,6,0,8,0,0,0,0,0,0,0,0,0,1,0,1,0.9696969696969697,1.0,1.0,0.0,0.0,0.0,3,0,1
3877,58,22,36,22,10,5,21,14,6,0,8,0,0,0,0,0,0,0,0,0,0,0,0,1.0,1.0,1.0,0.0,0.0,0.0,3,0,0
3878,58,22,36,22,10,5,21,14,6,0,8,0,0,0,0,0,0,0,0,0,0,0,0,1.0,1.0,1.0,0.0,0.0,0.0,3,0,0
3879,57,22,35,21,10,5,21,14,6,0,8,0,0,0,0,0,0,0,0,0,1,0,1,0.96875,1.0,1.0,0.0,0.0,0.0,3,0,1
3880,57,22,35,21,10,4,22,15,6,0,8,0,0,0,0,0,0,0,0,0,0,0,0,1.0,1.0,1.0,0.0,0.0,0.0,3,0,0
3881,56,21,35,20,10,4,22,15,6,0,8,0,0,0,0,0,0,0,0,0,1,0,1,0.967741935483871,1.0,1.0,0.0,0.0,0.0,3,0,1
3882,55,21,34,19,10,4,22,15,6,0,8,0,0,0,0,0,0,0,0,0,1,0,1,0.9666666666666667,1.0,1.0,0.0,0.0,0.0,3,0,1
3883,55,21,34,19,10,4,22,15,6,0,8,0,0,0,0,0,0,0,0,0,0,0,0,1.0,1.0,1.0,0.0,0.0,0.0,3,0,0
3884,55,21,34,19,10,4,22,15,6,0,8,0,0,0,0,0,0,0,0,0,0,0,0,1.0,1.0,1.0,0.0,0.0,0.0,3,0,0
3885,55,21,34,19,10,4,22,15,6,0,8,0,0,0,0,0,0,0,0,0,0,0,0,1.0,1.0,1.0,0.0,0.0,0.0,3,0,0
3886,53,21,32,19,8,4,22,15,6,0,8,0,0,0,0,0,0,0,0,0,2,0,2,0.9310344827586207,1.0,1.0,0.0,0.0,0.0,3,0,2
3887,52,21,31,19,8,4,21,14,5,0,8,0,0,0,0,0,0,0,0,0,0,0,0,1.0,1.0,0.9333333333333333,0.0,0.0,0.0,3,0,1
3888,52,21,31,19,8,4,21,14,6,0,8,0,0,0,0,0,7,1,0,0,0,0,0,1.0,1.0,1.0,0.0,0.0,0.14285714285714285,3,0,0
3889,51,21,30,19,7,4,21,14,6,0,8,0,0,0,0,0,0,0,0,0,1,0,1,0.962962962962963,1.0,1.0,0.0,0.0,0.0,3,0,1
3890,51,21,30,19,7,4,21,14,6,0,8,0,0,0,0,0,0,0,0,0,0,0,0,1.0,1.0,1.0,0.0,0.0,0.0,3,0,0
3891,51,21,30,19,7,4,21,14,6,0,8,0,0,0,0,0,0,0,0,0,0,0,0,1.0,1.0,1.0,0.0,0.0,0.0,3,0,0
3892,51,21,30,19,7,4,21,14,6,0,8,0,0,0,0,0,0,0,0,0,0,0,0,1.0,1.0,1.0,0.0,0.0,0.0,3,0,0
3893,51,21,30,19,7,4,21,14,6,0,8,0,0,0,0,0,0,0,0,0,0,0,0,1.0,1.0,1.0,0.0,0.0,0.0,3,0,0
3894,51,21,30,19,7,4,21,14,6,0,8,0,0,0,0,0,0,0,0,0,0,0,0,1.0,1.0,1.0,0.0,0.0,0.0,3,0,0
3895,51,21,30,17,9,4,21,14,6,0,8,0,0,0,0,0,0,0,0,0,0,0,0,1.0,1.0,1.0,0.0,0.0,0.0,3,0,0
3896,50,20,30,17,8,4,21,14,6,0,8,0,0,0,0,0,0,0,0,0,1,0,1,0.9615384615384616,1.0,1.0,0.0,0.0,0.0,3,0,1
3897,50,20,30,17,8,4,21,14,6,0,7,0,0,0,0,0,0,0,0,0,0,0,0,1.0,1.0,1.0,0.0,0.0,0.0,3,0,0
3898,49,20,29,16,8,4,21,14,6,0,7,0,0,0,0,0,1,0,0,0,1,0,1,0.96,1.0,1.0,0.0,0.0,0.0,3,0,1
3899,49,20,29,15,9,4,21,14,6,0,7,0,0,0,0,0,1,0,0,0,0,0,0,1.0,1.0,1.0,0.0,0.0,0.0,3,0,0
3900,49,20,29,10,14,4,21,14,6,0,7,0,0,0,0,0,4,0,0,0,0,0,0,1.0,1.0,1.0,0.0,0.0,0.0,3,0,0
3901,49,20,29,10,14,4,21,14,7,0,6,0,0,0,0,0,8,1,0,0,0,0,0,1.0,1.0,1.0,0.0,0.0,0.125,3,0,0
3902,49,20,29,9,15,4,21,14,7,0,4,0,0,0,0,0,2,0,0,0,0,0,0,1.0,1.0,1.0,0.0,0.0,0.0,3,0,0
3903,52,21,31,8,19,4,21,14,8,0,5,0,0,0,0,0,13,2,0,1,0,0,0,1.0,1.0,1.0,0.061224489795918366,0.061224489795918366,0.15384615384615385,3,3,0
3904,54,23,31,11,18,4,21,14,8,0,5,0,0,0,0,0,8,1,0,1,1,0,1,0.962962962962963,1.0,1.0,0.057692307692307696,0.057692307692307696,0.125,3,3,1
3905,54,23,31,11,18,4,21,14,9,0,4,0,0,0,0,0,2,1,0,0,0,0,0,1.0,1.0,1.0,0.0,0.0,0.5,3,0,0
3906,54,23,31,11,18,4,21,14,10,0,4,0,0,0,0,0,2,1,0,0,0,0,0,1.0,1.0,1.0,0.0,0.0,0.5,3,0,0
3907,53,23,30,10,18,4,21,14,10,0,4,0,0,0,0,0,0,0,0,0,1,0,1,0.9655172413793104,1.0,1.0,0.0,0.0,0.0,3,0,1
3908,53,23,30,10,18,4,21,14,10,0,4,0,0,0,0,0,0,0,0,0,0,0,0,1.0,1.0,1.0,0.0,0.0,0.0,3,0,0
3909,53,23,30,10,18,4,21,14,10,0,4,0,0,0,0,0,0,0,0,0,0,0,0,1.0,1.0,1.0,0.0,0.0,0.0,3,0,0
3910,53,23,30,10,18,4,21,14,10,0,4,0,0,0,0,0,0,0,0,0,0,0,0,1.0,1.0,1.0,0.0,0.0,0.0,3,0,0
3911,52,23,29,9,18,4,21,14,10,0,4,0,0,0,0,0,0,0,0,0,1,0,1,0.9642857142857143,1.0,1.0,0.0,0.0,0.0,3,0,1
3912,52,23,29,9,18,4,21,14,10,0,4,0,0,0,0,0,0,0,0,0,0,0,0,1.0,1.0,1.0,0.0,0.0,0.0,3,0,0
3913,51,22,29,9,17,4,21,14,10,0,4,0,0,0,0,0,0,0,0,0,1,0,1,0.962962962962963,1.0,1.0,0.0,0.0,0.0,3,0,1
3914,51,22,29,7,19,4,21,14,10,0,4,0,0,0,0,0,0,0,0,0,0,0,0,1.0,1.0,1.0,0.0,0.0,0.0,3,0,0
3915,51,22,29,6,20,4,21,14,10,0,4,0,0,0,0,0,0,0,0,0,0,0,0,1.0,1.0,1.0,0.0,0.0,0.0,3,0,0
3916,50,22,28,5,20,4,21,14,10,0,3,0,0,0,0,0,0,0,0,0,1,0,1,0.9615384615384616,1.0,1.0,0.0,0.0,0.0,3,0,1
3917,50,22,28,5,20,4,21,14,10,1,2,0,0,0,0,0,2,0,1,0,0,0,0,1.0,1.0,1.0,0.0,0.0,0.0,3,0,0
3918,50,22,28,5,20,4,21,14,11,1,2,0,0,0,0,0,5,1,0,0,0,0,0,1.0,1.0,1.0,0.0,0.0,0.2,3,0,0
3919,50,22,28,5,20,4,21,14,11,1,2,0,0,0,0,0,0,0,0,0,0,0,0,1.0,1.0,1.0,0.0,0.0,0.0,3,0,0
3920,50,22,28,5,20,4,21,14,11,1,2,0,0,0,0,0,0,0,0,0,0,0,0,1.0,1.0,1.0,0.0,0.0,0.0,3,0,0
3921,50,22,28,5,20,4,21,14,11,1,2,0,0,0,0,0,0,0,0,0,0,0,0,1.0,1.0,1.0,0.0,0.0,0.0,3,0,0
3922,50,22,28,5,20,4,21,14,11,1,2,0,0,0,0,0,0,0,0,0,0,0,0,1.0,1.0,1.0,0.0,0.0,0.0,3,0,0
3923,54,23,31,9,20,4,21,14,10,1,3,0,0,0,0,0,0,0,0,1,0,0,0,1.0,1.0,1.0,0.08,0.08,0.0,3,4,0
3924,52,22,30,9,18,4,21,14,10,1,3,0,0,0,0,0,0,0,0,0,2,0,2,0.9310344827586207,1.0,1.0,0.0,0.0,0.0,3,0,2
3925,50,22,28,8,17,3,22,14,10,1,3,0,0,0,0,0,0,0,0,0,2,0,2,0.9259259259259259,1.0,1.0,0.0,0.0,0.0,3,0,2
3926,49,22,27,8,16,3,22,14,10,1,3,0,0,0,0,0,0,0,0,0,1,0,1,0.96,1.0,1.0,0.0,0.0,0.0,3,0,1
3927,49,22,27,8,16,3,22,14,10,1,3,0,0,0,0,0,0,0,0,0,0,0,0,1.0,1.0,1.0,0.0,0.0,0.0,3,0,0
3928,49,22,27,8,16,3,22,14,10,1,3,0,0,0,0,0,0,0,0,0,0,0,0,1.0,1.0,1.0,0.0,0.0,0.0,3,0,0
3929,52,23,29,12,16,2,22,14,9,1,4,0,0,0,0,0,0,0,0,1,0,0,0,1.0,1.0,1.0,0.08163265306122448,0.08163265306122448,0.0,3,4,1
3930,55,24,31,15,16,2,22,14,8,1,5,0,0,0,0,0,0,0,0,1,0,0,0,1.0,1.0,1.0,0.057692307692307696,0.057692307692307696,0.0,3,3,0
3931,55,24,31,15,16,2,22,14,8,1,5,0,0,0,0,0,0,0,0,0,0,0,0,1.0,1.0,1.0,0.0,0.0,0.0,3,0,0
3932,55,24,31,15,16,2,22,14,8,1,5,0,0,0,0,0,0,0,0,0,0,0,0,1.0,1.0,1.0,0.0,0.0,0.0,3,0,0
3933,55,24,31,15,16,2,22,14,8,1,5,0,0,0,0,0,0,0,0,0,0,0,0,1.0,1.0,1.0,0.0,0.0,0.0,3,0,0
3934,55,24,31,15,16,2,22,14,8,1,5,0,0,0,0,0,0,0,0,0,0,0,0,1.0,1.0,1.0,0.0,0.0,0.0,3,0,0
3935,54,23,31,14,16,2,22,14,8,1,5,0,0,0,0,0,0,0,0,0,1,0,1,0.967741935483871,1.0,1.0,0.0,0.0,0.0,3,0,1
3936,53,22,31,14,15,2,22,14,8,1,5,0,0,0,0,0,0,0,0,0,1,0,1,0.9666666666666667,1.0,1.0,0.0,0.0,0.0,3,0,1
3937,52,21,31,14,14,2,22,14,8,1,5,0,0,0,0,0,0,0,0,0,1,0,1,0.9655172413793104,1.0,1.0,0.0,0.0,0.0,3,0,1
3938,51,21,30,14,13,2,22,14,8,1,5,0,0,0,0,0,0,0,0,0,1,0,1,0.9642857142857143,1.0,1.0,0.0,0.0,0.0,3,0,1
3939,49,19,30,13,12,2,22,14,8,1,5,0,0,0,0,0,0,0,0,0,2,0,2,0.9259259259259259,1.0,1.0,0.0,0.0,0.0,3,0,2
3940,49,19,30,13,12,2,22,14,8,1,5,0,0,0,0,0,0,0,0,0,0,1,0,1.0,1.0,1.0,0.0,0.0,0.0,3,0,0
3941,49,19,30,13,12,2,22,14,8,1,5,0,0,0,0,0,0,0,0,0,0,1,0,1.0,1.0,1.0,0.0,0.0,0.0,3,0,0
3942,48,19,29,13,11,2,22,14,8,1,5,0,0,0,0,0,0,0,0,0,1,0,1,0.96,1.0,1.0,0.0,0.0,0.0,3,0,1
3943,48,19,29,13,11,2,22,14,8,1,5,0,0,0,0,0,0,0,0,0,0,0,0,1.0,1.0,1.0,0.0,0.0,0.0,3,0,0
3944,48,19,29,13,10,3,22,14,8,1,5,0,0,0,0,0,0,0,0,0,0,0,0,1.0,1.0,1.0,0.0,0.0,0.0,3,0,0
3945,48,19,29,13,9,4,22,14,8,1,5,0,0,0,0,0,0,0,0,0,0,0,0,1.0,1.0,1.0,0.0,0.0,0.0,3,0,0
3946,48,19,29,11,11,4,22,14,8,1,5,0,0,0,0,0,0,0,0,0,0,0,0,1.0,1.0,1.0,0.0,0.0,0.0,3,0,0
3947,47,19,28,7,14,4,22,14,8,1,5,0,0,0,0,0,0,0,0,0,1,0,1,0.9545454545454546,1.0,1.0,0.0,0.0,0.0,3,0,1
3948,47,19,28,7,14,4,22,14,8,1,4,0,0,0,0,0,0,0,0,0,0,0,0,1.0,1.0,1.0,0.0,0.0,0.0,3,0,0
3949,47,19,28,7,14,4,22,14,8,1,3,0,0,0,0,0,6,0,0,0,0,0,0,1.0,1.0,1.0,0.0,0.0,0.0,3,0,0
3950,47,19,28,7,14,4,22,14,9,1,3,0,0,0,0,0,3,1,0,0,0,0,0,1.0,1.0,1.0,0.0,0.0,0.3333333333333333,3,0,0
3951,47,19,28,7,14,4,22,14,9,1,3,0,0,0,0,0,3,1,0,0,0,0,0,1.0,1.0,1.0,0.0,0.0,0.3333333333333333,3,0,0
3952,46,19,27,6,14,4,22,14,9,1,3,0,0,0,0,0,3,1,0,0,1,0,1,0.9523809523809523,1.0,1.0,0.0,0.0,0.3333333333333333,3,0,1
3953,49,21,28,9,14,4,22,14,8,1,4,0,0,0,0,0,3,1,0,1,0,0,0,1.0,1.0,1.0,0.06521739130434782,0.06521739130434782,0.3333333333333333,3,3,0
3954,48,20,28,8,14,4,22,14,8,1,4,0,0,0,0,0,3,1,0,0,1,0,1,0.9565217391304348,1.0,1.0,0.0,0.0,0.3333333333333333,3,0,1
3955,48,20,28,8,14,4,22,14,8,1,4,0,0,0,0,0,3,1,0,0,0,0,0,1.0,1.0,1.0,0.0,0.0,0.3333333333333333,3,0,0
3956,47,19,28,8,13,4,22,14,8,1,4,0,0,0,0,0,3,1,0,0,1,0,1,0.9545454545454546,1.0,1.0,0.0,0.0,0.3333333333333333,3,0,1
3957,47,19,28,8,13,4,22,14,8,1,4,0,0,0,0,0,3,1,0,0,0,0,0,1.0,1.0,1.0,0.0,0.0,0.3333333333333333,3,0,0
3958,47,19,28,8,13,4,22,14,8,1,4,0,0,0,0,0,3,1,0,0,0,0,0,1.0,1.0,1.0,0.0,0.0,0.3333333333333333,3,0,0
3959,47,19,28,8,13,4,22,14,8,1,4,0,0,0,0,0,3,1,0,0,0,0,0,1.0,1.0,1.0,0.0,0.0,0.3333333333333333,3,0,0
3960,47,19,28,8,13,4,22,14,8,1,4,0,0,0,0,0,3,1,0,0,0,0,0,1.0,1.0,1.0,0.0,0.0,0.3333333333333333,3,0,0
3961,47,19,28,8,13,4,22,14,8,1,4,0,0,0,0,0,3,1,0,0,0,0,0,1.0,1.0,1.0,0.0,0.0,0.3333333333333333,3,0,0
3962,47,19,28,8,13,4,22,14,8,0,4,0,0,0,0,0,3,1,0,0,0,0,0,1.0,1.0,1.0,0.0,0.0,0.3333333333333333,3,0,0
3963,46,19,27,8,12,4,22,14,8,0,4,0,0,0,0,0,3,1,0,0,1,0,1,0.9523809523809523,1.0,1.0,0.0,0.0,0.3333333333333333,3,0,1
3964,46,19,27,8,12,4,22,14,8,0,4,0,0,0,0,0,3,1,0,0,0,0,0,1.0,1.0,1.0,0.0,0.0,0.3333333333333333,3,0,0
3965,46,19,27,8,12,4,22,14,8,0,4,0,0,0,0,0,3,1,0,0,0,0,0,1.0,1.0,1.0,0.0,0.0,0.3333333333333333,3,0,0
3966,50,19,31,10,14,4,22,14,7,0,5,0,0,0,0,0,3,1,0,1,0,0,0,1.0,1.0,1.0,0.08695652173913043,0.08695652173913043,0.3333333333333333,3,4,0
3967,50,19,31,10,14,4,22,14,7,0,5,0,0,0,0,0,3,1,0,0,0,0,0,1.0,1.0,1.0,0.0,0.0,0.3333333333333333,3,0,0
3968,57,22,35,17,14,4,22,14,5,0,6,0,0,0,0,0,3,1,0,2,1,0,1,0.9583333333333334,1.0,1.0,0.16,0.16,0.3333333333333333,3,8,1
3969,60,24,36,20,14,4,22,14,4,0,7,0,0,0,0,0,3,1,0,1,0,0,0,1.0,1.0,1.0,0.05263157894736842,0.05263157894736842,0.3333333333333333,3,3,0
3970,63,24,39,24,13,4,22,14,3,0,8,0,0,0,0,0,3,1,0,1,1,0,1,0.9705882352941176,1.0,1.0,0.06666666666666667,0.06666666666666667,0.3333333333333333,3,4,1
3971,66,26,40,27,13,4,22,14,2,0,9,0,0,0,0,0,3,1,0,1,1,0,1,0.972972972972973,1.0,1.0,0.06349206349206349,0.06349206349206349,0.3333333333333333,3,4,1
3972,66,26,40,26,14,4,22,14,2,0,9,0,0,0,0,0,3,1,0,0,0,1,0,1.0,1.0,1.0,0.0,0.0,0.3333333333333333,3,0,0
3973,66,26,40,25,15,3,23,15,2,0,9,0,0,0,0,0,3,1,0,0,0,0,0,1.0,1.0,1.0,0.0,0.0,0.3333333333333333,3,0,0
3974,63,24,39,23,15,3,22,15,2,0,8,0,0,0,0,0,3,1,0,0,2,0,2,0.95,0.875,1.0,0.0,0.0,0.3333333333333333,3,0,3
3975,61,24,37,21,15,3,22,15,2,0,7,0,0,0,0,0,3,1,0,0,2,0,2,0.9473684210526316,1.0,1.0,0.0,0.0,0.3333333333333333,3,0,2
3976,61,24,37,21,14,4,22,15,2,0,7,0,0,0,0,0,3,1,0,0,0,0,0,1.0,1.0,1.0,0.0,0.0,0.3333333333333333,3,0,0
3977,61,24,37,21,14,4,22,15,2,0,7,0,0,0,0,0,3,1,0,0,0,0,0,1.0,1.0,1.0,0.0,0.0,0.3333333333333333,3,0,0
3978,60,24,36,21,13,4,22,15,2,0,7,0,0,0,0,0,3,1,0,0,1,0,1,0.9714285714285714,1.0,1.0,0.0,0.0,0.3333333333333333,3,0,1
3979,58,24,34,19,13,4,22,15,2,0,7,0,0,0,0,0,3,1,0,0,2,0,2,0.9411764705882353,1.0,1.0,0.0,0.0,0.3333333333333333,3,0,2
3980,58,24,34,19,13,4,22,15,2,0,7,0,0,0,0,0,3,1,0,0,0,0,0,1.0,1.0,1.0,0.0,0.0,0.3333333333333333,3,0,0
3981,57,24,33,18,13,4,22,15,2,0,7,0,0,0,0,0,3,1,0,0,1,0,1,0.96875,1.0,1.0,0.0,0.0,0.3333333333333333,3,0,1
3982,57,24,33,18,13,4,22,15,2,0,7,0,0,0,0,0,3,1,0,0,0,0,0,1.0,1.0,1.0,0.0,0.0,0.3333333333333333,3,0,0
3983,61,25,36,22,13,4,22,15,1,0,8,0,0,0,0,0,3,1,0,1,0,0,0,1.0,1.0,1.0,0.07017543859649122,0.07017543859649122,0.3333333333333333,3,4,0
3984,61,25,36,22,13,4,22,15,1,0,8,0,0,0,0,0,3,1,0,0,0,0,0,1.0,1.0,1.0,0.0,0.0,0.3333333333333333,3,0,0
3985,59,24,35,21,12,4,22,15,1,0,8,0,0,0,0,0,3,1,0,0,2,0,2,0.9428571428571428,1.0,1.0,0.0,0.0,0.3333333333333333,3,0,2
3986,58,23,35,20,12,4,22,15,1,0,8,0,0,0,0,0,3,1,0,0,1,0,1,0.9696969696969697,1.0,1.0,0.0,0.0,0.3333333333333333,3,0,1
3987,58,23,35,20,12,4,22,15,1,0,8,0,0,0,0,0,3,1,0,0,0,0,0,1.0,1.0,1.0,0.0,0.0,0.3333333333333333,3,0,0
3988,58,23,35,20,12,4,22,15,1,0,8,0,0,0,0,0,3,1,0,0,0,0,0,1.0,1.0,1.0,0.0,0.0,0.3333333333333333,3,0,0
3989,57,23,34,19,12,4,22,15,1,0,8,0,0,0,0,0,3,1,0,0,1,0,1,0.96875,1.0,1.0,0.0,0.0,0.3333333333333333,3,0,1
3990,56,22,34,18,12,4,22,15,1,0,8,0,0,0,0,0,3,1,0,0,1,0,1,0.967741935483871,1.0,1.0,0.0,0.0,0.3333333333333333,3,0,1
3991,56,22,34,18,12,4,22,15,1,0,8,0,0,0,0,0,3,1,0,0,0,0,0,1.0,1.0,1.0,0.0,0.0,0.3333333333333333,3,0,0
3992,55,21,34,18,11,4,22,15,1,0,8,0,0,0,0,0,3,1,0,0,1,0,1,0.9666666666666667,1.0,1.0,0.0,0.0,0.3333333333333333,3,0,1
3993,53,19,34,17,10,4,22,15,1,0,8,0,0,0,0,0,3,1,0,0,2,0,2,0.9310344827586207,1.0,1.0,0.0,0.0,0.3333333333333333,3,0,2
3994,53,19,34,17,10,4,22,15,1,0,8,0,0,0,0,0,3,1,0,0,0,0,0,1.0,1.0,1.0,0.0,0.0,0.3333333333333333,3,0,0
3995,53,19,34,17,10,4,22,15,1,0,8,0,0,0,0,0,3,1,0,0,0,0,0,1.0,1.0,1.0,0.0,0.0,0.3333333333333333,3,0,0
3996,51,19,32,14,11,4,22,15,1,0,8,0,0,0,0,0,3,1,0,0,2,0,2,0.9259259259259259,1.0,1.0,0.0,0.0,0.3333333333333333,3,0,2
3997,51,19,32,14,11,4,22,15,1,0,8,0,0,0,0,0,3,1,0,0,0,0,0,1.0,1.0,1.0,0.0,0.0,0.3333333333333333,3,0,0
3998,51,19,32,14,11,4,22,15,1,0,7,0,0,0,0,0,3,1,0,0,0,0,0,1.0,1.0,1.0,0.0,0.0,0.3333333333333333,3,0,0
3999,51,19,32,14,11,4,22,15,1,0,7,0,0,0,0,0,3,1,0,0,0,0,0,1.0,1.0,1.0,0.0,0.0,0.3333333333333333,3,0,0
4000,51,19,32,14,11,4,22,15,1,0,7,0,0,0,0,0,3,1,0,0,0,0,0,1.0,1.0,1.0,0.0,0.0,0.3333333333333333,3,0,0
4001,50,18,32,14,10,4,22,15,1,0,7,0,0,0,0,0,3,1,0,0,1,0,1,0.96,1.0,1.0,0.0,0.0,0.3333333333333333,3,0,1
4002,50,18,32,14,10,4,22,15,1,0,7,0,0,0,0,0,3,1,0,0,0,0,0,1.0,1.0,1.0,0.0,0.0,0.3333333333333333,3,0,0
4003,50,18,32,14,10,4,22,15,1,0,7,0,0,0,0,0,3,1,0,0,0,0,0,1.0,1.0,1.0,0.0,0.0,0.3333333333333333,3,0,0
4004,48,17,31,12,10,4,22,15,1,0,7,0,0,0,0,0,3,1,0,0,2,0,2,0.9166666666666666,1.0,1.0,0.0,0.0,0.3333333333333333,3,0,2
4005,48,17,31,12,10,4,22,15,1,0,7,0,0,0,0,0,3,1,0,0,0,0,0,1.0,1.0,1.0,0.0,0.0,0.3333333333333333,3,0,0
4006,48,17,31,12,10,4,22,15,1,0,7,0,0,0,0,0,3,1,0,0,0,0,0,1.0,1.0,1.0,0.0,0.0,0.3333333333333333,3,0,0
4007,48,17,31,12,10,4,22,15,1,0,7,0,0,0,0,0,3,1,0,0,0,0,0,1.0,1.0,1.0,0.0,0.0,0.3333333333333333,3,0,0
4008,48,17,31,12,10,4,22,15,1,0,7,0,0,0,0,0,3,1,0,0,0,0,0,1.0,1.0,1.0,0.0,0.0,0.3333333333333333,3,0,0
4009,48,17,31,12,10,3,23,16,1,0,7,0,0,0,0,0,3,1,0,0,0,0,0,1.0,1.0,1.0,0.0,0.0,0.3333333333333333,3,0,0
4010,48,17,31,12,10,2,24,17,1,0,7,0,0,0,0,0,3,1,0,0,0,0,0,1.0,1.0,1.0,0.0,0.0,0.3333333333333333,3,0,0
4011,48,17,31,5,17,2,24,17,1,0,6,0,0,0,0,0,3,1,0,0,0,0,0,1.0,1.0,1.0,0.0,0.0,0.3333333333333333,3,0,0
4012,48,17,31,3,19,2,24,17,1,0,6,0,0,0,0,0,3,1,0,0,0,0,0,1.0,1.0,1.0,0.0,0.0,0.3333333333333333,3,0,0
4013,48,17,31,2,20,2,24,17,1,0,4,0,0,0,0,0,3,1,0,0,0,0,0,1.0,1.0,1.0,0.0,0.0,0.3333333333333333,3,0,0
4014,48,17,31,1,21,2,24,17,1,0,3,0,0,0,0,0,3,1,0,0,0,0,0,1.0,1.0,1.0,0.0,0.0,0.3333333333333333,3,0,0
4015,52,19,33,5,21,2,24,17,0,0,3,0,0,0,0,0,3,1,0,1,0,0,0,1.0,1.0,1.0,0.08333333333333333,0.08333333333333333,0.3333333333333333,3,4,0
4016,52,19,33,5,21,2,24,17,0,0,2,0,0,0,0,0,3,1,0,0,0,0,0,1.0,1.0,1.0,0.0,0.0,0.3333333333333333,3,0,0
4017,51,19,32,5,21,2,23,16,0,0,2,0,0,0,0,0,3,1,0,0,0,0,0,1.0,1.0,0.9411764705882353,0.0,0.0,0.3333333333333333,3,0,1
4018,51,19,32,5,21,2,23,16,0,0,2,0,0,0,0,0,3,1,0,0,0,0,0,1.0,1.0,1.0,0.0,0.0,0.3333333333333333,3,0,0
4019,51,19,32,5,21,2,23,16,0,0,2,0,0,0,0,0,3,1,0,0,0,0,0,1.0,1.0,1.0,0.0,0.0,0.3333333333333333,3,0,0
4020,51,19,32,5,21,2,23,16,0,0,2,0,0,0,0,0,3,1,0,0,0,0,0,1.0,1.0,1.0,0.0,0.0,0.3333333333333333,3,0,0
4021,50,18,32,5,21,2,22,16,0,0,2,0,0,0,0,0,3,1,0,0,0,0,0,1.0,0.8571428571428572,1.0,0.0,0.0,0.3333333333333333,3,0,1
4022,50,18,32,5,21,2,22,16,0,0,2,0,0,0,0,0,3,1,0,0,0,0,0,1.0,1.0,1.0,0.0,0.0,0.3333333333333333,3,0,0
4023,50,18,32,5,21,2,22,16,0,0,2,0,0,0,0,0,3,1,0,0,0,0,0,1.0,1.0,1.0,0.0,0.0,0.3333333333333333,3,0,0
4024,50,18,32,5,21,2,22,16,0,0,2,0,0,0,0,0,3,1,0,0,0,0,0,1.0,1.0,1.0,0.0,0.0,0.3333333333333333,3,0,0
4025,50,18,32,5,21,2,22,16,0,0,2,0,0,0,0,0,3,1,0,0,0,0,0,1.0,1.0,1.0,0.0,0.0,0.3333333333333333,3,0,0
4026,49,18,31,4,21,2,22,16,0,0,2,0,0,0,0,0,3,1,0,0,1,0,1,0.9615384615384616,1.0,1.0,0.0,0.0,0.3333333333333333,3,0,1
4027,49,18,31,4,21,2,22,16,0,0,2,0,0,0,0,0,3,1,0,0,0,0,0,1.0,1.0,1.0,0.0,0.0,0.3333333333333333,3,0,0
4028,49,18,31,4,21,2,22,16,0,0,1,0,0,0,0,0,3,1,0,0,0,0,0,1.0,1.0,1.0,0.0,0.0,0.3333333333333333,3,0,0
4029,49,18,31,4,21,2,22,16,0,0,1,0,0,0,0,0,3,1,0,0,0,0,0,1.0,1.0,1.0,0.0,0.0,0.3333333333333333,3,0,0
4030,49,18,31,4,21,2,22,16,0,0,1,0,0,0,0,0,3,1,0,0,0,0,0,1.0,1.0,1.0,0.0,0.0,0.3333333333333333,3,0,0
4031,49,18,31,4,21,2,22,16,0,0,1,0,0,0,0,0,3,1,0,0,0,0,0,1.0,1.0,1.0,0.0,0.0,0.3333333333333333,3,0,0
4032,48,17,31,4,20,2,22,16,0,0,1,0,0,0,0,0,3,1,0,0,1,1,1,0.96,1.0,1.0,0.0,0.0,0.3333333333333333,3,0,1
4033,48,17,31,4,20,2,22,16,0,0,1,0,0,0,0,0,3,1,0,0,0,0,0,1.0,1.0,1.0,0.0,0.0,0.3333333333333333,3,0,0
4034,48,17,31,4,20,2,22,16,0,0,1,0,0,0,0,0,3,1,0,0,0,0,0,1.0,1.0,1.0,0.0,0.0,0.3333333333333333,3,0,0
4035,48,17,31,4,20,2,22,16,0,0,1,0,0,0,0,0,3,1,0,0,0,0,0,1.0,1.0,1.0,0.0,0.0,0.3333333333333333,3,0,0
4036,48,17,31,4,19,3,22,16,0,0,1,0,0,0,0,0,3,1,0,0,0,0,0,1.0,1.0,1.0,0.0,0.0,0.3333333333333333,3,0,0
4037,48,17,31,4,19,3,22,16,0,0,1,0,0,0,0,0,3,1,0,0,0,2,0,1.0,1.0,1.0,0.0,0.0,0.3333333333333333,3,0,0
4038,48,17,31,4,19,3,22,16,0,0,1,0,0,0,0,0,3,1,0,0,0,0,0,1.0,1.0,1.0,0.0,0.0,0.3333333333333333,3,0,0
4039,48,17,31,4,19,3,22,16,0,0,1,0,0,0,0,0,3,1,0,0,0,0,0,1.0,1.0,1.0,0.0,0.0,0.3333333333333333,3,0,0
4040,48,17,31,4,19,3,22,16,0,0,1,0,0,0,0,0,3,1,0,0,0,0,0,1.0,1.0,1.0,0.0,0.0,0.3333333333333333,3,0,0
4041,48,17,31,4,17,5,22,16,0,0,1,0,0,0,0,0,3,1,0,0,0,0,0,1.0,1.0,1.0,0.0,0.0,0.3333333333333333,3,0,0
4042,48,17,31,4,17,5,22,16,0,0,1,0,0,0,0,0,3,1,0,0,0,0,0,1.0,1.0,1.0,0.0,0.0,0.3333333333333333,3,0,0
4043,48,17,31,4,17,5,22,16,0,0,1,0,0,0,0,0,3,1,0,0,0,0,0,1.0,1.0,1.0,0.0,0.0,0.3333333333333333,3,0,0
4044,48,17,31,4,17,5,22,16,0,0,1,0,0,0,0,0,3,1,0,0,0,0,0,1.0,1.0,1.0,0.0,0.0,0.3333333333333333,3,0,0
4045,48,17,31,4,17,5,22,16,0,1,1,0,0,0,0,0,8,0,1,0,0,0,0,1.0,1.0,1.0,0.0,0.0,0.0,3,0,0
4046,48,17,31,4,17,5,22,16,2,1,1,0,0,0,0,0,10,2,0,0,0,0,0,1.0,1.0,1.0,0.0,0.0,0.2,3,0,0
4047,47,16,31,4,16,5,22,16,4,1,1,0,0,0,0,0,8,2,0,0,1,0,1,0.9523809523809523,1.0,1.0,0.0,0.0,0.25,3,0,1
4048,47,16,31,4,16,5,22,16,4,1,1,0,0,0,0,0,4,0,0,0,0,0,0,1.0,1.0,1.0,0.0,0.0,0.0,3,0,0
4049,46,15,31,3,16,5,22,16,5,1,1,0,0,0,0,0,6,1,0,0,1,0,1,0.95,1.0,1.0,0.0,0.0,0.16666666666666666,3,0,1
4050,46,15,31,3,16,5,22,16,5,1,1,0,0,0,0,0,0,0,0,0,0,0,0,1.0,1.0,1.0,0.0,0.0,0.0,3,0,0
4051,46,15,31,3,16,4,23,17,5,1,1,0,0,0,0,0,0,0,0,0,0,0,0,1.0,1.0,1.0,0.0,0.0,0.0,3,0,0
4052,46,15,31,3,16,4,23,17,5,1,1,0,0,0,0,0,0,0,0,0,0,0,0,1.0,1.0,1.0,0.0,0.0,0.0,3,0,0
4053,46,15,31,3,16,4,23,17,5,1,1,0,0,0,0,0,0,0,0,0,0,0,0,1.0,1.0,1.0,0.0,0.0,0.0,3,0,0
4054,46,15,31,3,16,4,23,17,5,1,1,0,0,0,0,0,0,0,0,0,0,0,0,1.0,1.0,1.0,0.0,0.0,0.0,3,0,0
4055,46,15,31,3,16,4,23,17,5,1,1,0,0,0,0,0,0,0,0,0,0,0,0,1.0,1.0,1.0,0.0,0.0,0.0,3,0,0
4056,46,15,31,3,16,4,23,17,5,1,1,0,0,0,0,0,0,0,0,0,0,0,0,1.0,1.0,1.0,0.0,0.0,0.0,3,0,0
4057,45,15,30,3,15,4,23,17,5,1,1,0,0,0,0,0,0,0,0,0,1,0,1,0.9473684210526316,1.0,1.0,0.0,0.0,0.0,3,0,1
4058,45,15,30,0,18,4,23,17,7,1,1,0,0,0,0,0,7,2,0,0,0,0,0,1.0,1.0,1.0,0.0,0.0,0.2857142857142857,3,0,0
4059,45,15,30,0,18,4,23,17,8,1,1,0,0,0,0,0,6,1,0,0,0,0,0,1.0,1.0,1.0,0.0,0.0,0.16666666666666666,3,0,0
4060,45,15,30,0,18,4,23,17,9,1,0,0,0,0,0,0,3,1,0,0,0,0,0,1.0,1.0,1.0,0.0,0.0,0.3333333333333333,3,0,0
4061,45,15,30,0,18,4,23,17,11,1,0,0,0,0,0,0,8,2,0,0,0,0,0,1.0,1.0,1.0,0.0,0.0,0.25,3,0,0
4062,45,15,30,0,18,4,23,17,12,1,0,0,0,0,0,0,5,1,0,0,0,0,0,1.0,1.0,1.0,0.0,0.0,0.2,3,0,0
4063,45,15,30,0,18,4,23,17,12,1,0,0,0,0,0,0,0,0,0,0,0,0,0,1.0,1.0,1.0,0.0,0.0,0.0,3,0,0
4064,45,15,30,0,18,4,23,17,12,1,0,0,0,0,0,0,0,0,0,0,0,0,0,1.0,1.0,1.0,0.0,0.0,0.0,3,0,0
4065,45,15,30,0,18,4,23,17,12,1,0,0,0,0,0,0,0,0,0,0,0,0,0,1.0,1.0,1.0,0.0,0.0,0.0,3,0,0
4066,45,15,30,0,18,4,23,17,12,1,0,0,0,0,0,0,0,0,0,0,0,0,0,1.0,1.0,1.0,0.0,0.0,0.0,3,0,0
4067,45,15,30,0,18,4,23,17,12,1,0,0,0,0,0,0,0,0,0,0,0,0,0,1.0,1.0,1.0,0.0,0.0,0.0,3,0,0
4068,45,15,30,0,18,4,23,17,12,1,0,0,0,0,0,0,0,0,0,0,0,0,0,1.0,1.0,1.0,0.0,0.0,0.0,3,0,0
4069,45,15,30,0,18,4,23,17,12,1,0,0,0,0,0,0,0,0,0,0,0,0,0,1.0,1.0,1.0,0.0,0.0,0.0,3,0,0
4070,44,14,30,0,18,4,22,17,12,1,0,0,0,0,0,0,0,0,0,0,0,0,0,1.0,0.8333333333333334,1.0,0.0,0.0,0.0,3,0,1
4071,44,14,30,0,18,4,22,17,13,1,0,0,0,0,0,0,4,1,0,0,0,0,0,1.0,1.0,1.0,0.0,0.0,0.25,3,0,0
4072,44,14,30,0,18,4,22,17,16,1,0,0,0,0,0,0,8,3,0,0,0,0,0,1.0,1.0,1.0,0.0,0.0,0.375,3,0,0
4073,44,14,30,0,18,4,22,17,16,1,0,0,0,0,0,0,0,0,0,0,0,0,0,1.0,1.0,1.0,0.0,0.0,0.0,3,0,0
4074,44,14,30,0,18,4,22,17,16,1,0,0,0,0,0,0,0,0,0,0,0,0,0,1.0,1.0,1.0,0.0,0.0,0.0,3,0,0
4075,44,14,30,0,18,4,22,17,16,1,0,0,0,0,0,0,0,0,0,0,0,0,0,1.0,1.0,1.0,0.0,0.0,0.0,3,0,0
4076,44,14,30,0,18,4,22,17,16,1,0,0,0,0,0,0,0,0,0,0,0,0,0,1.0,1.0,1.0,0.0,0.0,0.0,3,0,0
4077,44,14,30,0,18,4,22,17,16,1,0,0,0,0,0,0,0,0,0,0,0,0,0,1.0,1.0,1.0,0.0,0.0,0.0,3,0,0
4078,44,14,30,0,18,4,22,17,16,1,0,0,0,0,0,0,0,0,0,0,0,0,0,1.0,1.0,1.0,0.0,0.0,0.0,3,0,0
4079,44,14,30,0,18,4,22,17,16,1,0,0,0,0,0,0,0,0,0,0,0,0,0,1.0,1.0,1.0,0.0,0.0,0.0,3,0,0
4080,44,14,30,0,18,3,23,17,16,1,0,0,0,0,0,0,0,0,0,0,0,0,0,1.0,1.0,1.0,0.0,0.0,0.0,3,0,0
4081,44,14,30,0,18,3,23,17,16,1,0,0,0,0,0,0,0,0,0,0,0,0,0,1.0,1.0,1.0,0.0,0.0,0.0,3,0,0
4082,44,14,30,0,18,3,23,17,16,1,0,0,0,0,0,0,0,0,0,0,0,0,0,1.0,1.0,1.0,0.0,0.0,0.0,3,0,0
4083,44,14,30,0,18,3,23,17,16,1,0,0,0,0,0,0,0,0,0,0,0,0,0,1.0,1.0,1.0,0.0,0.0,0.0,3,0,0
4084,44,14,30,0,18,3,23,17,16,1,0,0,0,0,0,0,0,0,0,0,0,1,0,1.0,1.0,1.0,0.0,0.0,0.0,3,0,0
4085,44,14,30,0,18,3,23,17,16,1,0,0,0,0,0,0,0,0,0,0,0,0,0,1.0,1.0,1.0,0.0,0.0,0.0,3,0,0
4086,43,13,30,0,17,3,23,17,16,1,0,0,0,0,0,0,0,0,0,0,1,0,1,0.9444444444444444,1.0,1.0,0.0,0.0,0.0,3,0,1
4087,43,13,30,0,17,3,23,17,16,1,0,0,0,0,0,0,0,0,0,0,0,0,0,1.0,1.0,1.0,0.0,0.0,0.0,3,0,0
4088,43,13,30,0,16,4,23,17,16,1,0,0,0,0,0,0,0,0,0,0,0,0,0,1.0,1.0,1.0,0.0,0.0,0.0,3,0,0
4089,43,13,30,0,16,4,23,17,16,1,0,0,0,0,0,0,0,0,0,0,0,0,0,1.0,1.0,1.0,0.0,0.0,0.0,3,0,0
4090,43,13,30,0,16,4,23,17,16,0,0,0,0,0,0,0,0,0,0,0,0,0,0,1.0,1.0,1.0,0.0,0.0,0.0,3,0,0
4091,42,13,29,0,16,4,22,16,16,0,0,0,0,0,0,0,7,1,0,0,0,0,0,1.0,1.0,0.9411764705882353,0.0,0.0,0.14285714285714285,3,0,1
4092,42,13,29,0,16,3,23,17,16,0,0,0,0,0,0,0,0,0,0,0,0,0,0,1.0,1.0,1.0,0.0,0.0,0.0,3,0,0
4093,42,13,29,0,16,3,23,17,16,0,0,0,0,0,0,0,0,0,0,0,0,0,0,1.0,1.0,1.0,0.0,0.0,0.0,3,0,0
4094,42,13,29,0,16,3,23,17,16,0,0,0,0,0,0,0,0,0,0,0,0,0,0,1.0,1.0,1.0,0.0,0.0,0.0,3,0,0
4095,42,13,29,0,16,3,23,17,16,0,0,0,0,0,0,0,0,0,0,0,0,0,0,1.0,1.0,1.0,0.0,0.0,0.0,3,0,0
4096,42,13,29,0,16,3,23,17,16,0,0,0,0,0,0,0,0,0,0,0,0,0,0,1.0,1.0,1.0,0.0,0.0,0.0,3,0,0
4097,42,13,29,0,16,3,23,17,17,0,0,0,0,0,0,0,4,1,0,0,0,0,0,1.0,1.0,1.0,0.0,0.0,0.25,3,0,0
4098,42,13,29,0,16,3,23,17,17,0,0,0,0,0,0,0,0,0,0,0,0,0,0,1.0,1.0,1.0,0.0,0.0,0.0,3,0,0
4099,42,13,29,0,16,3,23,17,17,0,0,0,0,0,0,0,0,0,0,0,0,0,0,1.0,1.0,1.0,0.0,0.0,0.0,3,0,0
4100,42,13,29,0,16,3,23,17,17,0,0,0,0,0,0,0,0,0,0,0,0,0,0,1.0,1.0,1.0,0.0,0.0,0.0,3,0,0
4101,41,13,28,0,15,3,23,17,17,0,0,0,0,0,0,0,0,0,0,0,1,0,1,0.9375,1.0,1.0,0.0,0.0,0.0,3,0,1
4102,41,13,28,0,15,3,23,17,17,0,0,0,0,0,0,0,0,0,0,0,0,0,0,1.0,1.0,1.0,0.0,0.0,0.0,3,0,0
4103,41,13,28,0,15,3,23,17,17,0,0,0,0,0,0,0,0,0,0,0,0,2,0,1.0,1.0,1.0,0.0,0.0,0.0,3,0,0
4104,41,13,28,0,15,3,23,17,17,0,0,0,0,0,0,0,0,0,0,0,0,0,0,1.0,1.0,1.0,0.0,0.0,0.0,3,0,0
4105,41,13,28,0,15,3,23,17,17,0,0,0,0,0,0,0,0,0,0,0,0,0,0,1.0,1.0,1.0,0.0,0.0,0.0,3,0,0
4106,41,13,28,0,15,3,23,17,17,0,0,0,0,0,0,0,0,0,0,0,0,0,0,1.0,1.0,1.0,0.0,0.0,0.0,3,0,0
4107,41,13,28,0,13,5,23,17,17,0,0,0,0,0,0,0,0,0,0,0,0,0,0,1.0,1.0,1.0,0.0,0.0,0.0,3,0,0
4108,41,13,28,0,13,5,23,17,17,0,0,0,0,0,0,0,0,0,0,0,0,0,0,1.0,1.0,1.0,0.0,0.0,0.0,3,0,0
4109,41,13,28,0,13,5,23,17,17,0,0,0,0,0,0,0,0,0,0,0,0,1,0,1.0,1.0,1.0,0.0,0.0,0.0,3,0,0
4110,41,13,28,0,13,5,23,17,17,0,0,0,0,0,0,0,0,0,0,0,0,1,0,1.0,1.0,1.0,0.0,0.0,0.0,3,0,0
4111,49,18,31,8,13,5,23,17,15,0,2,0,0,0,0,0,0,0,0,2,0,0,0,1.0,1.0,1.0,0.1951219512195122,0.1951219512195122,0.0,3,8,0
4112,56,25,31,15,13,5,23,17,13,0,4,0,0,0,0,0,0,0,0,2,0,0,0,1.0,1.0,1.0,0.14285714285714285,0.14285714285714285,0.0,3,7,0
4113,56,25,31,15,12,6,23,17,13,0,4,0,0,0,0,0,0,0,0,0,0,0,0,1.0,1.0,1.0,0.0,0.0,0.0,3,0,0
4114,56,25,31,15,11,7,23,17,13,0,4,0,0,0,0,0,0,0,0,0,0,0,0,1.0,1.0,1.0,0.0,0.0,0.0,3,0,0
4115,56,25,31,15,11,7,23,17,13,0,4,0,0,0,0,0,0,0,0,0,0,0,0,1.0,1.0,1.0,0.0,0.0,0.0,3,0,0
4116,55,24,31,15,10,7,23,17,13,0,4,0,0,0,0,0,0,0,0,0,1,0,1,0.9615384615384616,1.0,1.0,0.0,0.0,0.0,3,0,1
4117,54,24,30,14,10,7,23,17,13,0,4,0,0,0,0,0,0,0,0,0,1,0,1,0.96,1.0,1.0,0.0,0.0,0.0,3,0,1
4118,54,24,30,14,10,7,23,17,13,0,4,0,0,0,0,0,0,0,0,0,0,0,0,1.0,1.0,1.0,0.0,0.0,0.0,3,0,0
4119,54,24,30,14,10,7,23,17,13,0,4,0,0,0,0,0,0,0,0,0,0,0,0,1.0,1.0,1.0,0.0,0.0,0.0,3,0,0
4120,53,24,29,14,10,7,22,16,12,0,4,0,0,0,0,0,0,0,0,0,0,0,0,1.0,1.0,0.9411764705882353,0.0,0.0,0.0,3,0,1
4121,52,24,28,14,9,7,22,16,12,0,4,0,0,0,0,0,0,0,0,0,1,0,1,0.9583333333333334,1.0,1.0,0.0,0.0,0.0,3,0,1
4122,52,24,28,14,9,7,22,16,12,0,4,0,0,0,0,0,0,0,0,0,0,0,0,1.0,1.0,1.0,0.0,0.0,0.0,3,0,0
4123,59,26,33,21,9,7,22,16,10,0,6,0,0,0,0,0,0,0,0,2,0,0,0,1.0,1.0,1.0,0.1346153846153846,0.1346153846153846,0.0,3,7,0
4124,62,30,32,25,9,7,21,15,8,0,7,0,0,0,0,0,0,0,0,1,0,0,0,1.0,1.0,0.9375,0.06779661016949153,0.06779661016949153,0.0,3,4,1
4125,66,33,33,29,9,7,21,15,7,0,8,0,0,0,0,0,0,0,0,1,0,0,0,1.0,1.0,1.0,0.06451612903225806,0.06451612903225806,0.0,3,4,0
4126,68,33,35,31,9,7,21,15,6,0,9,0,0,0,0,0,0,0,0,1,2,0,2,0.9473684210526316,1.0,1.0,0.06060606060606061,0.06060606060606061,0.0,3,4,2
4127,68,34,34,32,8,7,21,15,5,0,10,0,0,0,0,0,0,0,0,1,3,0,3,0.925,1.0,1.0,0.04411764705882353,0.04411764705882353,0.0,3,3,3
4128,64,32,32,30,6,7,21,15,5,0,10,0,0,0,0,0,0,0,0,0,4,0,4,0.9,1.0,1.0,0.0,0.0,0.0,3,0,4
4129,62,31,31,29,5,7,21,15,5,0,10,0,0,0,0,0,0,0,0,0,2,0,2,0.9444444444444444,1.0,1.0,0.0,0.0,0.0,3,0,2
4130,61,31,30,28,5,7,21,15,5,0,10,0,0,0,0,0,0,0,0,0,1,0,1,0.9705882352941176,1.0,1.0,0.0,0.0,0.0,3,0,1
4131,60,31,29,27,5,7,21,15,5,0,10,0,0,0,0,0,0,0,0,0,1,0,1,0.9696969696969697,1.0,1.0,0.0,0.0,0.0,3,0,1
4132,60,31,29,27,5,7,21,15,5,0,10,0,0,0,0,0,0,0,0,0,0,0,0,1.0,1.0,1.0,0.0,0.0,0.0,3,0,0
4133,57,29,28,24,5,7,21,15,5,0,10,0,0,0,0,0,0,0,0,0,3,0,3,0.90625,1.0,1.0,0.0,0.0,0.0,3,0,3
4134,57,29,28,24,5,7,21,15,5,0,10,0,0,0,0,0,0,0,0,0,0,0,0,1.0,1.0,1.0,0.0,0.0,0.0,3,0,0
4135,56,28,28,24,5,7,20,15,5,0,10,0,0,0,0,0,0,0,0,0,0,0,0,1.0,0.8333333333333334,1.0,0.0,0.0,0.0,3,0,1
4136,59,29,30,27,5,7,20,15,4,0,11,0,0,0,0,0,0,0,0,1,1,0,1,0.9655172413793104,1.0,1.0,0.07142857142857142,0.07142857142857142,0.0,3,4,1
4137,67,32,35,35,5,7,20,15,1,0,14,0,0,0,0,0,0,0,0,3,1,0,1,0.96875,1.0,1.0,0.15254237288135594,0.15254237288135594,0.0,3,9,1
4138,64,31,33,32,5,7,20,15,1,0,14,0,0,0,0,0,0,0,0,0,3,0,3,0.925,1.0,1.0,0.0,0.0,0.0,3,0,3
4139,61,30,31,29,5,7,20,15,1,0,14,0,0,0,0,0,0,0,0,0,3,0,3,0.9189189189189189,1.0,1.0,0.0,0.0,0.0,3,0,3
4140,60,30,30,29,4,7,20,15,1,0,14,0,0,0,0,0,0,0,0,0,1,0,1,0.9705882352941176,1.0,1.0,0.0,0.0,0.0,3,0,1
4141,60,30,30,29,4,7,20,15,1,0,14,0,0,0,0,0,0,0,0,0,0,0,0,1.0,1.0,1.0,0.0,0.0,0.0,3,0,0
4142,59,29,30,28,4,7,20,15,1,0,14,0,0,0,0,0,0,0,0,0,1,0,1,0.9696969696969697,1.0,1.0,0.0,0.0,0.0,3,0,1
4143,59,29,30,28,4,7,20,15,1,0,14,0,0,0,0,0,0,0,0,0,0,0,0,1.0,1.0,1.0,0.0,0.0,0.0,3,0,0
4144,58,28,30,27,4,7,20,15,1,0,14,0,0,0,0,0,0,0,0,0,1,0,1,0.96875,1.0,1.0,0.0,0.0,0.0,3,0,1
4145,58,28,30,27,4,7,20,15,1,0,14,0,0,0,0,0,0,0,0,0,0,0,0,1.0,1.0,1.0,0.0,0.0,0.0,3,0,0
4146,58,28,30,27,4,7,20,15,1,0,14,0,0,0,0,0,0,0,0,0,0,0,0,1.0,1.0,1.0,0.0,0.0,0.0,3,0,0
4147,58,28,30,27,4,7,20,15,1,0,14,0,0,0,0,0,0,0,0,0,0,0,0,1.0,1.0,1.0,0.0,0.0,0.0,3,0,0
4148,56,28,28,26,3,7,20,15,1,0,14,0,0,0,0,0,0,0,0,0,2,2,2,0.935483870967742,1.0,1.0,0.0,0.0,0.0,3,0,2
4149,56,28,28,26,3,7,20,15,1,0,14,0,0,0,0,0,0,0,0,0,0,1,0,1.0,1.0,1.0,0.0,0.0,0.0,3,0,0
4150,56,28,28,26,3,7,20,15,1,0,14,0,0,0,0,0,0,0,0,0,0,0,0,1.0,1.0,1.0,0.0,0.0,0.0,3,0,0
4151,55,28,27,25,3,7,20,15,1,0,14,0,0,0,0,0,0,0,0,0,1,0,1,0.9655172413793104,1.0,1.0,0.0,0.0,0.0,3,0,1
4152,54,27,27,25,0,9,20,15,1,0,14,0,0,0,0,0,0,0,0,0,0,0,0,0.9615384615384616,1.0,1.0,0.0,0.0,0.0,3,0,1
4153,52,26,26,23,0,9,20,15,1,0,14,0,0,0,0,0,0,0,0,0,2,0,2,0.92,1.0,1.0,0.0,0.0,0.0,3,0,2
4154,52,26,26,19,4,9,20,15,1,0,14,0,0,0,0,0,0,0,0,0,0,0,0,1.0,1.0,1.0,0.0,0.0,0.0,3,0,0
4155,51,26,25,15,7,9,20,15,1,0,14,0,0,0,0,0,0,0,0,0,1,0,1,0.9565217391304348,1.0,1.0,0.0,0.0,0.0,3,0,1
4156,51,26,25,15,7,9,20,15,1,0,12,0,0,0,0,0,0,0,0,0,0,0,0,1.0,1.0,1.0,0.0,0.0,0.0,3,0,0
4157,51,26,25,15,7,9,20,15,1,0,10,0,0,0,0,0,8,0,0,0,0,0,0,1.0,1.0,1.0,0.0,0.0,0.0,3,0,0
4158,51,26,25,15,7,9,20,15,3,0,10,0,0,0,0,0,9,2,0,0,0,0,0,1.0,1.0,1.0,0.0,0.0,0.2222222222222222,3,0,0
4159,51,26,25,15,7,9,20,15,5,0,10,0,0,0,0,0,7,2,0,0,0,0,0,1.0,1.0,1.0,0.0,0.0,0.2857142857142857,3,0,0
4160,49,24,25,13,7,9,20,15,5,0,10,0,0,0,0,0,0,0,0,0,2,0,2,0.9090909090909091,1.0,1.0,0.0,0.0,0.0,3,0,2
4161,48,23,25,13,6,9,20,15,5,0,10,0,0,0,0,0,0,0,0,0,1,0,1,0.95,1.0,1.0,0.0,0.0,0.0,3,0,1
4162,51,25,26,16,6,9,20,15,4,0,11,0,0,0,0,0,0,0,0,1,0,0,0,1.0,1.0,1.0,0.0625,0.0625,0.0,3,3,0
4163,51,25,26,16,6,9,20,15,4,0,11,0,0,0,0,0,0,0,0,0,0,0,0,1.0,1.0,1.0,0.0,0.0,0.0,3,0,0
4164,50,25,25,15,6,9,20,15,4,0,11,0,0,0,0,0,0,0,0,0,1,0,1,0.9545454545454546,1.0,1.0,0.0,0.0,0.0,3,0,1
4165,50,25,25,15,6,9,20,15,4,0,11,0,0,0,0,0,0,0,0,0,0,0,0,1.0,1.0,1.0,0.0,0.0,0.0,3,0,0
4166,50,25,25,14,7,9,20,15,4,0,11,0,0,0,0,0,0,0,0,0,0,0,0,1.0,1.0,1.0,0.0,0.0,0.0,3,0,0
4167,50,25,25,12,9,9,20,15,4,0,11,0,0,0,0,0,0,0,0,0,0,0,0,1.0,1.0,1.0,0.0,0.0,0.0,3,0,0
4168,50,25,25,11,10,9,20,15,4,0,9,0,0,0,0,0,0,0,0,0,0,0,0,1.0,1.0,1.0,0.0,0.0,0.0,3,0,0
4169,49,25,24,10,10,9,20,15,4,1,8,0,0,0,0,0,3,0,1,0,1,0,1,0.9523809523809523,1.0,1.0,0.0,0.0,0.0,3,0,1
4170,49,25,24,8,12,9,20,15,5,1,7,0,0,0,0,0,7,1,0,0,0,0,0,1.0,1.0,1.0,0.0,0.0,0.14285714285714285,3,0,0
4171,49,25,24,8,12,9,20,15,5,1,6,0,0,0,0,0,1,0,0,0,0,0,0,1.0,1.0,1.0,0.0,0.0,0.0,3,0,0
4172,48,25,23,7,12,9,20,15,8,1,5,0,0,0,0,0,5,3,0,0,1,0,1,0.95,1.0,1.0,0.0,0.0,0.6,3,0,1
4173,48,25,23,7,12,9,20,15,9,1,5,0,0,0,0,0,5,1,0,0,0,0,0,1.0,1.0,1.0,0.0,0.0,0.2,3,0,0
4174,48,25,23,7,12,8,21,16,9,1,5,0,0,0,0,0,0,0,0,0,0,0,0,1.0,1.0,1.0,0.0,0.0,0.0,3,0,0
4175,48,25,23,7,12,8,21,16,10,1,5,0,0,0,0,0,3,1,0,0,0,0,0,1.0,1.0,1.0,0.0,0.0,0.3333333333333333,3,0,0
4176,48,25,23,7,12,6,23,16,10,1,5,0,0,0,0,0,0,0,0,0,0,0,0,1.0,1.0,1.0,0.0,0.0,0.0,3,0,0
4177,48,25,23,7,12,6,23,16,10,1,5,0,0,0,0,0,0,0,0,0,0,0,0,1.0,1.0,1.0,0.0,0.0,0.0,3,0,0
4178,48,25,23,7,12,6,23,16,10,1,5,0,0,0,0,0,0,0,0,0,0,0,0,1.0,1.0,1.0,0.0,0.0,0.0,3,0,0
4179,47,24,23,5,13,6,23,16,10,1,5,0,0,0,0,0,0,0,0,0,1,0,1,0.9473684210526316,1.0,1.0,0.0,0.0,0.0,3,0,1
4180,47,24,23,2,16,6,23,16,10,1,5,0,0,0,0,0,0,0,0,0,0,0,0,1.0,1.0,1.0,0.0,0.0,0.0,3,0,0
4181,46,24,22,2,16,6,22,15,9,1,4,0,0,0,0,0,0,0,0,0,0,0,0,1.0,1.0,0.9375,0.0,0.0,0.0,3,0,1
4182,46,24,22,2,16,6,22,15,9,1,1,0,0,0,0,0,1,0,0,0,0,0,0,1.0,1.0,1.0,0.0,0.0,0.0,3,0,0
4183,46,24,22,2,16,6,22,15,9,2,1,0,0,0,0,0,2,0,1,0,0,0,0,1.0,1.0,1.0,0.0,0.0,0.0,3,0,0
4184,45,23,22,2,15,6,22,15,9,2,1,0,0,0,0,0,4,0,0,0,1,0,1,0.9444444444444444,1.0,1.0,0.0,0.0,0.0,3,0,1
4185,45,23,22,2,15,6,22,15,10,2,1,0,0,0,0,0,6,1,0,0,0,0,0,1.0,1.0,1.0,0.0,0.0,0.16666666666666666,3,0,0
4186,45,23,22,2,15,6,22,15,11,3,1,0,0,0,0,0,5,1,1,0,0,0,0,1.0,1.0,1.0,0.0,0.0,0.2,3,0,0
4187,45,23,22,2,15,6,22,15,11,3,1,0,0,0,0,0,0,0,0,0,0,0,0,1.0,1.0,1.0,0.0,0.0,0.0,3,0,0
4188,45,23,22,2,15,6,22,15,11,3,1,0,0,0,0,0,0,0,0,0,0,0,0,1.0,1.0,1.0,0.0,0.0,0.0,3,0,0
4189,45,23,22,2,15,6,22,15,11,3,1,0,0,0,0,0,0,0,0,0,0,0,0,1.0,1.0,1.0,0.0,0.0,0.0,3,0,0
4190,45,23,22,2,15,6,22,15,11,3,1,0,0,0,0,0,0,0,0,0,0,0,0,1.0,1.0,1.0,0.0,0.0,0.0,3,0,0
4191,44,22,22,2,14,6,22,15,11,3,1,0,0,0,0,0,0,0,0,0,1,0,1,0.9411764705882353,1.0,1.0,0.0,0.0,0.0,3,0,1
4192,44,22,22,2,14,6,22,15,11,3,1,0,0,0,0,0,0,0,0,0,0,0,0,1.0,1.0,1.0,0.0,0.0,0.0,3,0,0
4193,44,22,22,2,14,6,22,15,11,3,1,0,0,0,0,0,0,0,0,0,0,0,0,1.0,1.0,1.0,0.0,0.0,0.0,3,0,0
4194,44,22,22,2,14,6,22,15,11,3,1,0,0,0,0,0,0,0,0,0,0,0,0,1.0,1.0,1.0,0.0,0.0,0.0,3,0,0
4195,44,22,22,2,14,6,22,15,11,3,1,0,0,0,0,0,0,0,0,0,0,0,0,1.0,1.0,1.0,0.0,0.0,0.0,3,0,0
4196,44,22,22,2,14,6,22,15,11,3,1,0,0,0,0,0,0,0,0,0,0,0,0,1.0,1.0,1.0,0.0,0.0,0.0,3,0,0
4197,44,22,22,2,14,6,22,15,11,3,1,0,0,0,0,0,0,0,0,0,0,0,0,1.0,1.0,1.0,0.0,0.0,0.0,3,0,0
4198,44,22,22,2,14,6,22,15,11,3,1,0,0,0,0,0,0,0,0,0,0,0,0,1.0,1.0,1.0,0.0,0.0,0.0,3,0,0
4199,44,22,22,2,14,6,22,15,11,3,1,0,0,0,0,0,0,0,0,0,0,0,0,1.0,1.0,1.0,0.0,0.0,0.0,3,0,0
4200,44,22,22,2,14,6,22,15,11,3,1,0,0,0,0,0,0,0,0,0,0,0,0,1.0,1.0,1.0,0.0,0.0,0.0,3,0,0
4201,44,22,22,2,14,6,22,15,11,3,1,0,0,0,0,0,0,0,0,0,0,0,0,1.0,1.0,1.0,0.0,0.0,0.0,3,0,0
4202,44,22,22,2,14,6,22,15,11,3,1,0,0,0,0,0,0,0,0,0,0,0,0,1.0,1.0,1.0,0.0,0.0,0.0,3,0,0
4203,44,22,22,2,14,6,22,15,11,3,1,0,0,0,0,0,0,0,0,0,0,0,0,1.0,1.0,1.0,0.0,0.0,0.0,3,0,0
4204,43,22,21,2,13,6,22,15,11,3,1,0,0,0,0,0,0,0,0,0,1,0,1,0.9375,1.0,1.0,0.0,0.0,0.0,3,0,1
4205,43,22,21,0,15,6,22,15,11,3,1,0,0,0,0,0,0,0,0,0,0,0,0,1.0,1.0,1.0,0.0,0.0,0.0,3,0,0
4206,43,22,21,0,15,6,22,15,11,3,1,0,0,0,0,0,0,0,0,0,0,0,0,1.0,1.0,1.0,0.0,0.0,0.0,3,0,0
4207,43,22,21,0,15,6,22,15,11,3,0,0,0,0,0,0,0,0,0,0,0,0,0,1.0,1.0,1.0,0.0,0.0,0.0,3,0,0
4208,43,22,21,0,15,6,22,15,11,3,0,0,0,0,0,0,6,0,0,0,0,0,0,1.0,1.0,1.0,0.0,0.0,0.0,3,0,0
4209,43,22,21,0,15,6,22,15,12,3,0,0,0,0,0,0,7,1,0,0,0,0,0,1.0,1.0,1.0,0.0,0.0,0.14285714285714285,3,0,0
4210,43,22,21,0,15,6,22,15,12,3,0,0,0,0,0,0,0,0,0,0,0,0,0,1.0,1.0,1.0,0.0,0.0,0.0,3,0,0
4211,43,22,21,0,15,6,22,15,12,3,0,0,0,0,0,0,0,0,0,0,0,0,0,1.0,1.0,1.0,0.0,0.0,0.0,3,0,0
4212,42,21,21,0,14,6,22,15,12,3,0,0,0,0,0,0,0,0,0,0,1,0,1,0.9333333333333333,1.0,1.0,0.0,0.0,0.0,3,0,1
4213,42,21,21,0,14,6,22,15,12,3,0,0,0,0,0,0,0,0,0,0,0,0,0,1.0,1.0,1.0,0.0,0.0,0.0,3,0,0
4214,42,21,21,0,14,6,22,15,12,2,0,0,0,0,0,0,0,0,0,0,0,0,0,1.0,1.0,1.0,0.0,0.0,0.0,3,0,0
4215,42,21,21,0,14,6,22,15,13,2,0,0,0,0,0,0,4,1,0,0,0,0,0,1.0,1.0,1.0,0.0,0.0,0.25,3,0,0
4216,42,21,21,0,14,6,22,15,13,2,0,0,0,0,0,0,0,0,0,0,0,0,0,1.0,1.0,1.0,0.0,0.0,0.0,3,0,0
4217,42,21,21,0,14,6,22,15,13,2,0,0,0,0,0,0,0,0,0,0,0,0,0,1.0,1.0,1.0,0.0,0.0,0.0,3,0,0
4218,42,21,21,0,14,6,22,15,13,2,0,0,0,0,0,0,0,0,0,0,0,0,0,1.0,1.0,1.0,0.0,0.0,0.0,3,0,0
4219,42,21,21,0,14,6,22,15,13,2,0,0,0,0,0,0,0,0,0,0,0,0,0,1.0,1.0,1.0,0.0,0.0,0.0,3,0,0
4220,41,20,21,0,13,6,22,15,13,2,0,0,0,0,0,0,0,0,0,0,1,0,1,0.9285714285714286,1.0,1.0,0.0,0.0,0.0,3,0,1
4221,41,20,21,0,13,6,22,15,13,2,0,0,0,0,0,0,0,0,0,0,0,0,0,1.0,1.0,1.0,0.0,0.0,0.0,3,0,0
4222,41,20,21,0,13,6,22,15,13,2,0,0,0,0,0,0,0,0,0,0,0,0,0,1.0,1.0,1.0,0.0,0.0,0.0,3,0,0
4223,47,24,23,6,13,5,23,15,11,2,2,0,0,0,0,0,0,0,0,2,0,0,0,1.0,1.0,1.0,0.14634146341463414,0.14634146341463414,0.0,3,6,0
4224,53,27,26,13,12,5,23,15,9,2,4,0,0,0,0,0,0,0,0,2,1,0,1,0.9473684210526316,1.0,1.0,0.14893617021276595,0.14893617021276595,0.0,3,7,1
4225,53,27,26,13,12,5,23,15,9,2,4,0,0,0,0,0,0,0,0,0,0,0,0,1.0,1.0,1.0,0.0,0.0,0.0,3,0,0
4226,53,27,26,13,12,5,23,15,9,2,4,0,0,0,0,0,0,0,0,0,0,0,0,1.0,1.0,1.0,0.0,0.0,0.0,3,0,0
4227,52,26,26,12,12,5,23,15,9,2,4,0,0,0,0,0,0,0,0,0,1,0,1,0.96,1.0,1.0,0.0,0.0,0.0,3,0,1
4228,52,26,26,12,12,5,23,15,9,1,4,0,0,0,0,0,0,0,0,0,0,0,0,1.0,1.0,1.0,0.0,0.0,0.0,3,0,0
4229,52,26,26,12,12,5,23,15,9,1,4,0,0,0,0,0,6,0,0,0,0,0,0,1.0,1.0,1.0,0.0,0.0,0.0,3,0,0
4230,52,26,26,12,12,5,23,15,10,1,4,0,0,0,0,0,8,1,0,0,0,0,0,1.0,1.0,1.0,0.0,0.0,0.125,3,0,0
4231,51,25,26,11,12,5,23,15,10,0,4,0,0,0,0,0,0,0,0,0,1,0,1,0.9583333333333334,1.0,1.0,0.0,0.0,0.0,3,0,1
4232,51,25,26,11,12,5,23,15,11,0,4,0,0,0,0,0,2,1,0,0,0,0,0,1.0,1.0,1.0,0.0,0.0,0.5,3,0,0
4233,51,25,26,11,12,5,23,15,11,0,4,0,0,0,0,0,0,0,0,0,0,0,0,1.0,1.0,1.0,0.0,0.0,0.0,3,0,0
4234,51,25,26,11,12,5,23,15,11,0,4,0,0,0,0,0,0,0,0,0,0,0,0,1.0,1.0,1.0,0.0,0.0,0.0,3,0,0
4235,54,26,28,15,11,5,23,15,10,0,5,0,0,0,0,0,0,0,0,1,1,0,1,0.9565217391304348,1.0,1.0,0.0784313725490196,0.0784313725490196,0.0,3,4,1
4236,52,25,27,14,10,5,23,15,10,0,5,0,0,0,0,0,0,0,0,0,2,0,2,0.9230769230769231,1.0,1.0,0.0,0.0,0.0,3,0,2
4237,59,28,31,21,10,5,23,15,8,0,7,0,0,0,0,0,0,0,0,2,0,0,0,1.0,1.0,1.0,0.1346153846153846,0.1346153846153846,0.0,3,7,0
4238,63,29,34,25,10,5,23,15,7,0,8,0,0,0,0,0,0,0,0,1,0,0,0,1.0,1.0,1.0,0.06779661016949153,0.06779661016949153,0.0,3,4,0
4239,63,29,34,25,10,5,23,15,7,0,8,0,0,0,0,0,0,0,0,0,0,0,0,1.0,1.0,1.0,0.0,0.0,0.0,3,0,0
4240,65,28,37,28,9,5,23,15,6,0,9,0,0,0,0,0,0,0,0,1,2,0,2,0.9428571428571428,1.0,1.0,0.06349206349206349,0.06349206349206349,0.0,3,4,2
4241,62,27,35,25,9,5,23,15,6,0,9,0,0,0,0,0,0,0,0,0,3,0,3,0.9189189189189189,1.0,1.0,0.0,0.0,0.0,3,0,3
4242,60,26,34,24,9,5,22,15,6,0,9,0,0,0,0,0,0,0,0,0,1,0,1,0.9705882352941176,0.875,1.0,0.0,0.0,0.0,3,0,2
4243,60,26,34,24,9,5,22,15,6,0,9,0,0,0,0,0,0,0,0,0,0,0,0,1.0,1.0,1.0,0.0,0.0,0.0,3,0,0
4244,60,26,34,24,9,5,22,15,6,0,9,0,0,0,0,0,0,0,0,0,0,0,0,1.0,1.0,1.0,0.0,0.0,0.0,3,0,0
4245,60,26,34,24,9,5,22,15,6,0,9,0,0,0,0,0,0,0,0,0,0,0,0,1.0,1.0,1.0,0.0,0.0,0.0,3,0,0
4246,59,25,34,23,9,5,22,15,6,0,9,0,0,0,0,0,0,0,0,0,1,0,1,0.9696969696969697,1.0,1.0,0.0,0.0,0.0,3,0,1
4247,59,25,34,23,9,5,22,15,6,0,9,0,0,0,0,0,0,0,0,0,0,0,0,1.0,1.0,1.0,0.0,0.0,0.0,3,0,0
4248,59,25,34,23,9,4,23,15,6,0,9,0,0,0,0,0,0,0,0,0,0,0,0,1.0,1.0,1.0,0.0,0.0,0.0,3,0,0
4249,59,25,34,23,9,4,23,15,6,0,9,0,0,0,0,0,0,0,0,0,0,0,0,1.0,1.0,1.0,0.0,0.0,0.0,3,0,0
4250,61,26,35,25,9,4,23,15,5,0,10,0,0,0,0,0,0,0,0,1,1,0,1,0.96875,1.0,1.0,0.05084745762711865,0.05084745762711865,0.0,3,3,1
4251,64,27,37,28,9,4,23,15,4,0,11,0,0,0,0,0,0,0,0,1,0,0,0,1.0,1.0,1.0,0.04918032786885246,0.04918032786885246,0.0,3,3,0
4252,63,26,37,28,9,4,22,15,4,0,11,0,0,0,0,0,0,0,0,0,0,0,0,1.0,0.875,1.0,0.0,0.0,0.0,3,0,1
4253,62,25,37,27,9,4,22,15,4,0,11,0,0,0,0,0,0,0,0,0,1,0,1,0.972972972972973,1.0,1.0,0.0,0.0,0.0,3,0,1
4254,62,25,37,27,9,4,22,15,4,0,11,0,0,0,0,0,0,0,0,0,0,0,0,1.0,1.0,1.0,0.0,0.0,0.0,3,0,0
4255,60,24,36,26,9,4,21,15,4,0,11,0,0,0,0,0,0,0,0,0,1,0,1,0.9722222222222222,0.8571428571428572,1.0,0.0,0.0,0.0,3,0,2
4256,60,24,36,26,9,4,21,15,4,0,11,0,0,0,0,0,0,0,0,0,0,0,0,1.0,1.0,1.0,0.0,0.0,0.0,3,0,0
4257,59,24,35,25,9,4,21,15,4,0,11,0,0,0,0,0,0,0,0,0,1,0,1,0.9714285714285714,1.0,1.0,0.0,0.0,0.0,3,0,1
4258,57,23,34,24,9,3,21,15,4,0,11,0,0,0,0,0,0,0,0,0,1,0,1,0.9705882352941176,1.0,1.0,0.0,0.0,0.0,3,0,2
4259,56,22,34,23,9,3,21,15,4,0,11,0,0,0,0,0,0,0,0,0,1,0,1,0.9696969696969697,1.0,1.0,0.0,0.0,0.0,3,0,1
4260,56,22,34,23,9,3,21,15,4,0,11,0,0,0,0,0,0,0,0,0,0,0,0,1.0,1.0,1.0,0.0,0.0,0.0,3,0,0
4261,56,22,34,23,9,3,21,15,4,0,11,0,0,0,0,0,0,0,0,0,0,0,0,1.0,1.0,1.0,0.0,0.0,0.0,3,0,0
4262,54,21,33,22,8,2,22,16,4,0,11,0,0,0,0,0,0,0,0,0,2,0,2,0.9375,1.0,1.0,0.0,0.0,0.0,3,0,2
4263,54,21,33,22,8,2,22,16,4,0,11,0,0,0,0,0,0,0,0,0,0,0,0,1.0,1.0,1.0,0.0,0.0,0.0,3,0,0
4264,54,21,33,22,8,2,22,16,4,0,11,0,0,0,0,0,0,0,0,0,0,0,0,1.0,1.0,1.0,0.0,0.0,0.0,3,0,0
4265,54,21,33,22,8,2,22,16,4,0,11,0,0,0,0,0,0,0,0,0,0,0,0,1.0,1.0,1.0,0.0,0.0,0.0,3,0,0
4266,53,21,32,19,10,1,23,17,5,0,11,0,0,0,0,0,5,1,0,0,1,0,1,0.9666666666666667,1.0,1.0,0.0,0.0,0.2,3,0,1
4267,53,21,32,15,14,1,23,17,5,0,11,0,0,0,0,0,1,0,0,0,0,0,0,1.0,1.0,1.0,0.0,0.0,0.0,3,0,0
4268,52,21,31,14,14,1,23,17,6,0,9,0,0,0,0,0,7,1,0,0,1,0,1,0.9655172413793104,1.0,1.0,0.0,0.0,0.14285714285714285,3,0,1
4269,51,20,31,14,13,1,23,17,7,1,7,0,0,0,0,0,7,1,1,0,1,0,1,0.9642857142857143,1.0,1.0,0.0,0.0,0.14285714285714285,3,0,1
4270,51,20,31,14,13,1,23,17,7,1,7,0,0,0,0,0,6,0,0,0,0,0,0,1.0,1.0,1.0,0.0,0.0,0.0,3,0,0
4271,50,20,30,13,13,1,23,17,8,1,7,0,0,0,0,0,7,1,0,0,1,0,1,0.962962962962963,1.0,1.0,0.0,0.0,0.14285714285714285,3,0,1
4272,50,20,30,13,13,1,23,17,8,1,7,0,0,0,0,0,8,0,0,0,0,0,0,1.0,1.0,1.0,0.0,0.0,0.0,3,0,0
4273,49,20,29,13,12,1,23,17,9,1,7,0,0,0,0,0,3,1,0,0,1,0,1,0.9615384615384616,1.0,1.0,0.0,0.0,0.3333333333333333,3,0,1
4274,53,22,31,17,12,1,23,17,8,1,8,0,0,0,0,0,0,0,0,1,0,0,0,1.0,1.0,1.0,0.08163265306122448,0.08163265306122448,0.0,3,4,0
4275,52,21,31,17,11,1,23,17,8,1,8,0,0,0,0,0,0,0,0,0,1,0,1,0.9655172413793104,1.0,1.0,0.0,0.0,0.0,3,0,1
4276,52,21,31,17,11,1,23,17,8,1,8,0,0,0,0,0,0,0,0,0,0,0,0,1.0,1.0,1.0,0.0,0.0,0.0,3,0,0
4277,52,21,31,17,11,1,23,17,8,1,8,0,0,0,0,0,0,0,0,0,0,0,0,1.0,1.0,1.0,0.0,0.0,0.0,3,0,0
4278,51,20,31,15,12,1,23,17,8,1,8,0,0,0,0,0,0,0,0,0,1,0,1,0.9642857142857143,1.0,1.0,0.0,0.0,0.0,3,0,1
4279,51,20,31,15,12,1,23,17,8,1,8,0,0,0,0,0,0,0,0,0,0,0,0,1.0,1.0,1.0,0.0,0.0,0.0,3,0,0
4280,52,21,31,14,14,1,23,17,7,1,8,0,0,0,0,0,0,0,0,1,2,0,2,0.9259259259259259,1.0,1.0,0.058823529411764705,0.058823529411764705,0.0,3,3,2
4281,51,20,31,10,17,1,23,17,7,1,8,0,0,0,0,0,4,0,0,0,1,0,1,0.9642857142857143,1.0,1.0,0.0,0.0,0.0,3,0,1
4282,51,20,31,10,17,1,23,17,8,1,6,0,0,0,0,0,6,1,0,0,0,0,0,1.0,1.0,1.0,0.0,0.0,0.16666666666666666,3,0,0
4283,51,20,31,10,17,0,24,18,9,1,5,0,0,0,0,0,7,1,0,0,0,0,0,1.0,1.0,1.0,0.0,0.0,0.14285714285714285,3,0,0
4284,51,20,31,10,17,0,24,18,9,2,5,0,0,0,0,0,4,0,1,0,0,0,0,1.0,1.0,1.0,0.0,0.0,0.0,3,0,0
4285,51,20,31,10,17,0,24,18,9,3,4,0,0,0,0,0,1,0,1,0,0,0,0,1.0,1.0,1.0,0.0,0.0,0.0,3,0,0
4286,51,20,31,10,17,0,24,18,10,3,4,0,0,0,0,0,5,1,0,0,0,0,0,1.0,1.0,1.0,0.0,0.0,0.2,3,0,0
4287,51,20,31,10,17,0,24,18,11,3,4,0,0,0,0,0,6,1,0,0,0,0,0,1.0,1.0,1.0,0.0,0.0,0.16666666666666666,3,0,0
4288,51,20,31,10,17,0,24,18,11,3,4,0,0,0,0,0,0,0,0,0,0,0,0,1.0,1.0,1.0,0.0,0.0,0.0,3,0,0
4289,50,20,30,10,16,0,24,18,11,3,4,0,0,0,0,0,0,0,0,0,1,0,1,0.962962962962963,1.0,1.0,0.0,0.0,0.0,3,0,1
4290,50,20,30,10,16,0,24,18,11,3,4,0,0,0,0,0,0,0,0,0,0,0,0,1.0,1.0,1.0,0.0,0.0,0.0,3,0,0
4291,50,20,30,10,16,0,24,18,11,3,4,0,0,0,0,0,0,0,0,0,0,0,0,1.0,1.0,1.0,0.0,0.0,0.0,3,0,0
4292,50,20,30,10,16,0,24,18,11,3,4,0,0,0,0,0,0,0,0,0,0,1,0,1.0,1.0,1.0,0.0,0.0,0.0,3,0,0
4293,49,19,30,9,16,0,24,18,11,3,4,0,0,0,0,0,0,0,0,0,1,0,1,0.9615384615384616,1.0,1.0,0.0,0.0,0.0,3,0,1
4294,49,19,30,6,19,0,24,18,11,3,4,0,0,0,0,0,0,0,0,0,0,0,0,1.0,1.0,1.0,0.0,0.0,0.0,3,0,0
4295,51,19,32,10,17,0,24,18,10,3,4,0,0,0,0,0,0,0,0,1,1,0,1,0.92,1.0,1.0,0.08163265306122448,0.08163265306122448,0.0,3,4,2
4296,51,19,32,10,17,0,24,18,10,3,3,0,0,0,0,0,3,0,0,0,0,0,0,1.0,1.0,1.0,0.0,0.0,0.0,3,0,0
4297,55,23,32,14,17,0,24,18,10,3,4,0,0,0,0,0,5,1,0,1,0,0,0,1.0,1.0,1.0,0.0784313725490196,0.0784313725490196,0.2,3,4,0
4298,55,23,32,14,17,0,24,18,10,4,4,0,0,0,0,0,1,0,1,0,0,0,0,1.0,1.0,1.0,0.0,0.0,0.0,3,0,0
4299,55,23,32,14,17,0,24,18,10,4,4,0,0,0,0,0,0,0,0,0,0,0,0,1.0,1.0,1.0,0.0,0.0,0.0,3,0,0
4300,53,22,31,13,16,0,24,18,10,4,4,0,0,0,0,0,0,0,0,0,2,0,2,0.935483870967742,1.0,1.0,0.0,0.0,0.0,3,0,2
4301,52,22,30,13,15,0,24,18,10,4,4,0,0,0,0,0,0,0,0,0,1,0,1,0.9655172413793104,1.0,1.0,0.0,0.0,0.0,3,0,1
4302,52,22,30,13,15,0,24,18,10,4,4,0,0,0,0,0,0,0,0,0,0,0,0,1.0,1.0,1.0,0.0,0.0,0.0,3,0,0
4303,51,22,29,13,15,0,23,17,10,4,3,0,0,0,0,0,0,0,0,0,0,0,0,1.0,1.0,0.9444444444444444,0.0,0.0,0.0,3,0,1
4304,51,22,29,13,15,0,23,17,10,4,3,0,0,0,0,0,0,0,0,0,0,0,0,1.0,1.0,1.0,0.0,0.0,0.0,3,0,0
4305,51,22,29,13,15,0,23,17,10,4,3,0,0,0,0,0,0,0,0,0,0,0,0,1.0,1.0,1.0,0.0,0.0,0.0,3,0,0
4306,51,22,29,13,15,0,23,17,10,4,3,0,0,0,0,0,0,0,0,0,0,0,0,1.0,1.0,1.0,0.0,0.0,0.0,3,0,0
4307,50,21,29,12,15,0,23,17,10,4,3,0,0,0,0,0,0,0,0,0,1,1,1,0.9642857142857143,1.0,1.0,0.0,0.0,0.0,3,0,1
4308,49,20,29,11,15,0,23,17,10,4,3,0,0,0,0,0,0,0,0,0,1,0,1,0.962962962962963,1.0,1.0,0.0,0.0,0.0,3,0,1
4309,49,20,29,11,15,0,23,17,10,4,3,0,0,0,0,0,0,0,0,0,0,0,0,1.0,1.0,1.0,0.0,0.0,0.0,3,0,0
4310,49,20,29,11,15,0,23,17,10,4,3,0,0,0,0,0,0,0,0,0,0,0,0,1.0,1.0,1.0,0.0,0.0,0.0,3,0,0
4311,49,20,29,11,14,1,23,17,10,4,3,0,0,0,0,0,0,0,0,0,0,0,0,1.0,1.0,1.0,0.0,0.0,0.0,3,0,0
4312,48,20,28,11,14,1,22,16,9,4,3,0,0,0,0,0,0,0,0,0,0,0,0,1.0,1.0,0.9411764705882353,0.0,0.0,0.0,3,0,1
4313,48,20,28,11,14,1,22,16,9,4,3,0,0,0,0,0,0,0,0,0,0,0,0,1.0,1.0,1.0,0.0,0.0,0.0,3,0,0
4314,47,20,27,10,14,1,22,16,9,3,3,0,0,0,0,0,0,0,0,0,1,0,1,0.96,1.0,1.0,0.0,0.0,0.0,3,0,1
4315,47,20,27,10,14,1,22,16,9,3,3,0,0,0,0,0,3,0,0,0,0,0,0,1.0,1.0,1.0,0.0,0.0,0.0,3,0,0
4316,46,19,27,10,13,1,22,16,9,3,3,0,0,0,0,0,3,0,0,0,1,0,1,0.9583333333333334,1.0,1.0,0.0,0.0,0.0,3,0,1
4317,46,19,27,8,15,1,22,16,9,3,3,0,0,0,0,0,3,0,0,0,0,0,0,1.0,1.0,1.0,0.0,0.0,0.0,3,0,0
4318,46,19,27,8,15,1,22,16,9,3,3,0,0,0,0,0,3,0,0,0,0,0,0,1.0,1.0,1.0,0.0,0.0,0.0,3,0,0
4319,45,19,26,8,14,1,22,16,9,3,2,0,0,0,0,0,3,0,0,0,1,0,1,0.9565217391304348,1.0,1.0,0.0,0.0,0.0,3,0,1
4320,45,19,26,8,14,1,22,16,9,3,2,0,0,0,0,0,3,0,0,0,0,0,0,1.0,1.0,1.0,0.0,0.0,0.0,3,0,0
4321,44,18,26,8,13,1,22,16,9,3,2,0,0,0,0,0,3,0,0,0,1,0,1,0.9545454545454546,1.0,1.0,0.0,0.0,0.0,3,0,1
4322,44,18,26,8,13,1,22,16,9,3,2,0,0,0,0,0,3,0,0,0,0,0,0,1.0,1.0,1.0,0.0,0.0,0.0,3,0,0
4323,44,18,26,5,16,1,22,16,9,3,2,0,0,0,0,0,3,0,0,0,0,0,0,1.0,1.0,1.0,0.0,0.0,0.0,3,0,0
4324,44,18,26,5,16,1,22,16,9,3,2,0,0,0,0,0,3,0,0,0,0,0,0,1.0,1.0,1.0,0.0,0.0,0.0,3,0,0
4325,44,18,26,5,16,1,22,16,9,3,1,0,0,0,0,0,3,0,0,0,0,0,0,1.0,1.0,1.0,0.0,0.0,0.0,3,0,0
4326,44,18,26,5,16,1,22,16,9,3,1,0,0,0,0,0,3,0,0,0,0,0,0,1.0,1.0,1.0,0.0,0.0,0.0,3,0,0
4327,44,18,26,5,16,1,22,16,9,3,1,0,0,0,0,0,3,0,0,0,0,0,0,1.0,1.0,1.0,0.0,0.0,0.0,3,0,0
4328,44,18,26,5,16,1,22,16,9,3,1,0,0,0,0,0,3,0,0,0,0,0,0,1.0,1.0,1.0,0.0,0.0,0.0,3,0,0
4329,44,18,26,5,16,1,22,16,9,2,1,0,0,0,0,0,3,0,0,0,0,0,0,1.0,1.0,1.0,0.0,0.0,0.0,3,0,0
4330,44,18,26,5,16,1,22,16,9,1,1,0,0,0,0,0,3,0,0,0,0,0,0,1.0,1.0,1.0,0.0,0.0,0.0,3,0,0
4331,48,22,26,9,16,1,22,16,8,1,2,0,0,0,0,0,3,0,0,1,0,0,0,1.0,1.0,1.0,0.09090909090909091,0.09090909090909091,0.0,3,4,0
4332,48,22,26,9,16,1,22,16,8,1,2,0,0,0,0,0,3,0,0,0,0,0,0,1.0,1.0,1.0,0.0,0.0,0.0,3,0,0
4333,52,23,29,13,16,1,22,16,7,1,3,0,0,0,0,0,3,0,0,1,0,0,0,1.0,1.0,1.0,0.08333333333333333,0.08333333333333333,0.0,3,4,0
4334,56,24,32,17,16,1,22,16,6,1,4,0,0,0,0,0,3,0,0,1,0,0,0,1.0,1.0,1.0,0.07692307692307693,0.07692307692307693,0.0,3,4,0
4335,55,24,31,17,15,1,22,16,6,1,4,0,0,0,0,0,3,0,0,0,1,0,1,0.9696969696969697,1.0,1.0,0.0,0.0,0.0,3,0,1
4336,59,26,33,21,15,1,22,16,5,1,5,0,0,0,0,0,3,0,0,1,0,0,0,1.0,1.0,1.0,0.07272727272727272,0.07272727272727272,0.0,3,4,0
4337,58,26,32,20,15,1,22,16,5,1,5,0,0,0,0,0,3,0,0,0,1,0,1,0.9722222222222222,1.0,1.0,0.0,0.0,0.0,3,0,1
4338,61,27,34,21,17,1,22,16,4,1,6,0,0,0,0,0,3,0,0,1,0,0,0,1.0,1.0,1.0,0.05172413793103448,0.05172413793103448,0.0,3,3,0
4339,60,26,34,20,17,1,22,16,4,1,6,0,0,0,0,0,3,0,0,0,1,0,1,0.9736842105263158,1.0,1.0,0.0,0.0,0.0,3,0,1
4340,60,26,34,18,19,1,22,16,4,1,5,0,0,0,0,0,3,0,0,0,0,0,0,1.0,1.0,1.0,0.0,0.0,0.0,3,0,0
4341,58,26,32,17,18,1,22,16,4,1,5,0,0,0,0,0,3,0,0,0,2,0,2,0.9459459459459459,1.0,1.0,0.0,0.0,0.0,3,0,2
4342,58,26,32,17,18,1,22,16,4,1,5,0,0,0,0,0,3,0,0,0,0,2,0,1.0,1.0,1.0,0.0,0.0,0.0,3,0,0
4343,57,25,32,17,18,1,21,16,4,0,5,0,0,0,0,0,3,0,0,0,0,0,0,1.0,0.8333333333333334,1.0,0.0,0.0,0.0,3,0,1
4344,56,25,31,16,18,1,21,16,4,0,5,0,0,0,0,0,3,0,0,0,1,0,1,0.9714285714285714,1.0,1.0,0.0,0.0,0.0,3,0,1
4345,55,24,31,16,17,1,21,16,4,0,5,0,0,0,0,0,3,0,0,0,1,0,1,0.9705882352941176,1.0,1.0,0.0,0.0,0.0,3,0,1
4346,55,24,31,16,15,3,21,16,4,0,5,0,0,0,0,0,3,0,0,0,0,0,0,1.0,1.0,1.0,0.0,0.0,0.0,3,0,0
4347,58,26,32,19,15,3,21,16,3,0,6,0,0,0,0,0,3,0,0,1,0,0,0,1.0,1.0,1.0,0.05454545454545454,0.05454545454545454,0.0,3,3,0
4348,58,26,32,19,15,3,21,16,3,0,6,0,0,0,0,0,3,0,0,0,0,0,0,1.0,1.0,1.0,0.0,0.0,0.0,3,0,0
4349,58,26,32,19,15,3,21,16,3,0,6,0,0,0,0,0,3,0,0,0,0,0,0,1.0,1.0,1.0,0.0,0.0,0.0,3,0,0
4350,57,26,31,18,15,3,21,16,3,0,6,0,0,0,0,0,3,0,0,0,1,0,1,0.9705882352941176,1.0,1.0,0.0,0.0,0.0,3,0,1
4351,61,27,34,22,15,3,21,16,2,0,7,0,0,0,0,0,3,0,0,1,0,0,0,1.0,1.0,1.0,0.07017543859649122,0.07017543859649122,0.0,3,4,0
4352,64,27,37,25,15,3,21,16,1,0,8,0,0,0,0,0,3,0,0,1,1,0,1,0.972972972972973,1.0,1.0,0.06557377049180328,0.06557377049180328,0.0,3,4,1
4353,63,27,36,24,15,3,21,16,1,0,8,0,0,0,0,0,3,0,0,0,1,0,1,0.975,1.0,1.0,0.0,0.0,0.0,3,0,1
4354,57,23,34,20,13,3,21,16,1,0,8,0,0,0,0,0,3,0,0,0,6,0,6,0.8461538461538461,1.0,1.0,0.0,0.0,0.0,3,0,6
4355,56,22,34,20,12,3,21,16,1,0,8,0,0,0,0,0,3,0,0,0,1,0,1,0.9696969696969697,1.0,1.0,0.0,0.0,0.0,3,0,1
4356,55,21,34,19,12,3,21,16,1,0,8,0,0,0,0,0,3,0,0,0,1,0,1,0.96875,1.0,1.0,0.0,0.0,0.0,3,0,1
4357,55,21,34,19,12,3,21,16,1,0,8,0,0,0,0,0,3,0,0,0,0,0,0,1.0,1.0,1.0,0.0,0.0,0.0,3,0,0
4358,54,21,33,18,12,3,21,16,1,0,8,0,0,0,0,0,3,0,0,0,1,0,1,0.967741935483871,1.0,1.0,0.0,0.0,0.0,3,0,1
4359,54,21,33,18,12,3,21,16,1,0,8,0,0,0,0,0,3,0,0,0,0,0,0,1.0,1.0,1.0,0.0,0.0,0.0,3,0,0
4360,54,21,33,18,12,3,21,16,1,0,8,0,0,0,0,0,3,0,0,0,0,0,0,1.0,1.0,1.0,0.0,0.0,0.0,3,0,0
4361,54,21,33,18,12,3,21,16,1,0,8,0,0,0,0,0,3,0,0,0,0,0,0,1.0,1.0,1.0,0.0,0.0,0.0,3,0,0
4362,58,24,34,22,12,3,21,16,0,0,9,0,0,0,0,0,3,0,0,1,0,0,0,1.0,1.0,1.0,0.07407407407407407,0.07407407407407407,0.0,3,4,0
4363,57,24,33,21,12,3,21,16,0,0,9,0,0,0,0,0,3,0,0,0,1,0,1,0.9705882352941176,1.0,1.0,0.0,0.0,0.0,3,0,1
4364,56,23,33,21,11,3,21,16,0,0,9,0,0,0,0,0,3,0,0,0,1,0,1,0.9696969696969697,1.0,1.0,0.0,0.0,0.0,3,0,1
4365,55,22,33,21,10,3,21,16,0,0,9,0,0,0,0,0,3,0,0,0,1,0,1,0.96875,1.0,1.0,0.0,0.0,0.0,3,0,1
4366,55,22,33,21,10,3,21,16,0,0,9,0,0,0,0,0,3,0,0,0,0,0,0,1.0,1.0,1.0,0.0,0.0,0.0,3,0,0
4367,55,22,33,21,10,3,21,16,0,0,9,0,0,0,0,0,3,0,0,0,0,0,0,1.0,1.0,1.0,0.0,0.0,0.0,3,0,0
4368,54,22,32,20,10,3,21,16,0,0,9,0,0,0,0,0,3,0,0,0,1,0,1,0.967741935483871,1.0,1.0,0.0,0.0,0.0,3,0,1
4369,54,22,32,20,10,3,21,16,0,0,9,0,0,0,0,0,3,0,0,0,0,0,0,1.0,1.0,1.0,0.0,0.0,0.0,3,0,0
4370,54,22,32,20,10,3,21,16,0,0,9,0,0,0,0,0,3,0,0,0,0,0,0,1.0,1.0,1.0,0.0,0.0,0.0,3,0,0
4371,54,22,32,20,10,3,21,16,0,0,9,0,0,0,0,0,3,0,0,0,0,0,0,1.0,1.0,1.0,0.0,0.0,0.0,3,0,0
4372,53,21,32,19,10,3,21,16,0,0,9,0,0,0,0,0,3,0,0,0,1,0,1,0.9666666666666667,1.0,1.0,0.0,0.0,0.0,3,0,1
4373,53,21,32,19,10,3,21,16,0,0,9,0,0,0,0,0,3,0,0,0,0,0,0,1.0,1.0,1.0,0.0,0.0,0.0,3,0,0
4374,53,21,32,17,12,3,21,16,0,0,9,0,0,0,0,0,3,0,0,0,0,0,0,1.0,1.0,1.0,0.0,0.0,0.0,3,0,0
4375,51,19,32,16,12,3,20,16,0,0,9,0,0,0,0,0,3,0,0,0,1,0,1,0.9655172413793104,0.8,1.0,0.0,0.0,0.0,3,0,2
4376,50,18,32,14,13,3,20,16,0,0,8,0,0,0,0,0,3,0,0,0,1,0,1,0.9642857142857143,1.0,1.0,0.0,0.0,0.0,3,0,1
4377,50,18,32,13,14,3,20,16,0,0,8,0,0,0,0,0,3,0,0,0,0,0,0,1.0,1.0,1.0,0.0,0.0,0.0,3,0,0
4378,49,17,32,12,14,3,20,16,0,0,7,0,0,0,0,0,3,0,0,0,1,0,1,0.962962962962963,1.0,1.0,0.0,0.0,0.0,3,0,1
4379,49,17,32,11,15,3,20,16,0,0,6,0,0,0,0,0,3,0,0,0,0,0,0,1.0,1.0,1.0,0.0,0.0,0.0,3,0,0
4380,48,17,31,10,15,3,20,16,0,0,6,0,0,0,0,0,3,0,0,0,1,0,1,0.9615384615384616,1.0,1.0,0.0,0.0,0.0,3,0,1
4381,48,17,31,7,18,3,20,16,0,0,5,0,0,0,0,0,3,0,0,0,0,0,0,1.0,1.0,1.0,0.0,0.0,0.0,3,0,0
4382,47,16,31,7,17,3,20,16,0,0,5,0,0,0,0,0,3,0,0,0,1,0,1,0.96,1.0,1.0,0.0,0.0,0.0,3,0,1
4383,47,16,31,7,17,3,20,16,0,0,4,0,0,0,0,0,3,0,0,0,0,0,0,1.0,1.0,1.0,0.0,0.0,0.0,3,0,0
4384,47,16,31,7,17,3,20,16,0,0,4,0,0,0,0,0,3,0,0,0,0,0,0,1.0,1.0,1.0,0.0,0.0,0.0,3,0,0
4385,47,16,31,7,17,3,20,16,0,0,4,0,0,0,0,0,3,0,0,0,0,0,0,1.0,1.0,1.0,0.0,0.0,0.0,3,0,0
4386,47,16,31,7,17,3,20,16,0,0,4,0,0,0,0,0,3,0,0,0,0,0,0,1.0,1.0,1.0,0.0,0.0,0.0,3,0,0
4387,46,15,31,7,16,3,20,16,0,0,4,0,0,0,0,0,3,0,0,0,1,0,1,0.9583333333333334,1.0,1.0,0.0,0.0,0.0,3,0,1
4388,46,15,31,7,16,3,20,16,0,0,4,0,0,0,0,0,3,0,0,0,0,0,0,1.0,1.0,1.0,0.0,0.0,0.0,3,0,0
4389,46,15,31,7,16,3,20,16,0,0,4,0,0,0,0,0,3,0,0,0,0,0,0,1.0,1.0,1.0,0.0,0.0,0.0,3,0,0
4390,46,15,31,6,17,3,20,16,0,0,4,0,0,0,0,0,3,0,0,0,0,0,0,1.0,1.0,1.0,0.0,0.0,0.0,3,0,0
4391,46,15,31,6,17,3,20,16,0,0,4,0,0,0,0,0,3,0,0,0,0,0,0,1.0,1.0,1.0,0.0,0.0,0.0,3,0,0
4392,46,15,31,6,17,3,20,16,0,0,3,0,0,0,0,0,3,0,0,0,0,0,0,1.0,1.0,1.0,0.0,0.0,0.0,3,0,0
4393,46,15,31,6,17,3,20,16,0,0,3,0,0,0,0,0,3,0,0,0,0,0,0,1.0,1.0,1.0,0.0,0.0,0.0,3,0,0
4394,46,15,31,3,20,3,20,16,0,0,3,0,0,0,0,0,3,0,0,0,0,0,0,1.0,1.0,1.0,0.0,0.0,0.0,3,0,0
4395,46,15,31,2,21,3,20,16,0,0,3,0,0,0,0,0,3,0,0,0,0,0,0,1.0,1.0,1.0,0.0,0.0,0.0,3,0,0
4396,46,15,31,2,21,3,20,16,0,0,2,0,0,0,0,0,3,0,0,0,0,0,0,1.0,1.0,1.0,0.0,0.0,0.0,3,0,0
4397,46,15,31,2,21,3,20,16,0,0,1,0,0,0,0,0,3,0,0,0,0,0,0,1.0,1.0,1.0,0.0,0.0,0.0,3,0,0
4398,46,15,31,2,21,3,20,16,0,0,1,0,0,0,0,0,3,0,0,0,0,0,0,1.0,1.0,1.0,0.0,0.0,0.0,3,0,0
4399,46,15,31,2,21,3,20,16,0,0,1,0,0,0,0,0,3,0,0,0,0,0,0,1.0,1.0,1.0,0.0,0.0,0.0,3,0,0
4400,46,15,31,2,21,3,20,16,0,0,1,0,0,0,0,0,3,0,0,0,0,0,0,1.0,1.0,1.0,0.0,0.0,0.0,3,0,0
4401,46,15,31,2,21,3,20,16,0,0,1,0,0,0,0,0,3,0,0,0,0,0,0,1.0,1.0,1.0,0.0,0.0,0.0,3,0,0
4402,46,15,31,2,21,3,20,16,0,0,1,0,0,0,0,0,3,0,0,0,0,0,0,1.0,1.0,1.0,0.0,0.0,0.0,3,0,0
4403,45,15,30,2,21,3,19,15,0,0,1,0,0,0,0,0,3,0,0,0,0,2,0,1.0,1.0,0.9375,0.0,0.0,0.0,3,0,1
4404,45,15,30,2,21,3,19,15,0,0,1,0,0,0,0,0,3,0,0,0,0,0,0,1.0,1.0,1.0,0.0,0.0,0.0,3,0,0
4405,45,15,30,0,23,3,19,15,0,0,1,0,0,0,0,0,3,0,0,0,0,0,0,1.0,1.0,1.0,0.0,0.0,0.0,3,0,0
4406,45,15,30,0,23,3,19,15,0,0,1,0,0,0,0,0,3,0,0,0,0,0,0,1.0,1.0,1.0,0.0,0.0,0.0,3,0,0
4407,45,15,30,0,21,5,19,15,0,0,0,0,0,0,0,0,3,0,0,0,0,0,0,1.0,1.0,1.0,0.0,0.0,0.0,3,0,0
4408,45,15,30,0,21,5,19,15,0,0,0,0,0,0,0,0,3,0,0,0,0,0,0,1.0,1.0,1.0,0.0,0.0,0.0,3,0,0
4409,45,15,30,0,21,5,19,15,0,0,0,0,0,0,0,0,3,0,0,0,0,0,0,1.0,1.0,1.0,0.0,0.0,0.0,3,0,0
4410,45,15,30,0,21,5,19,15,2,2,0,0,0,0,0,0,12,2,2,0,0,0,0,1.0,1.0,1.0,0.0,0.0,0.16666666666666666,3,0,0
4411,45,15,30,0,21,5,19,15,6,2,0,0,0,0,0,0,17,4,0,0,0,0,0,1.0,1.0,1.0,0.0,0.0,0.23529411764705882,3,0,0
4412,45,15,30,0,21,5,19,15,6,2,0,0,0,0,0,0,5,0,0,0,0,0,0,1.0,1.0,1.0,0.0,0.0,0.0,3,0,0
4413,45,15,30,0,21,5,19,15,6,2,0,0,0,0,0,0,13,0,0,0,0,0,0,1.0,1.0,1.0,0.0,0.0,0.0,3,0,0
4414,45,15,30,0,21,5,19,15,9,2,0,0,0,0,0,0,13,3,0,0,0,0,0,1.0,1.0,1.0,0.0,0.0,0.23076923076923078,3,0,0
4415,44,15,29,0,20,5,19,15,9,2,0,0,0,0,0,0,0,0,0,0,1,0,1,0.9523809523809523,1.0,1.0,0.0,0.0,0.0,3,0,1
4416,44,15,29,0,20,5,19,15,9,2,0,0,0,0,0,0,0,0,0,0,0,0,0,1.0,1.0,1.0,0.0,0.0,0.0,3,0,0
4417,44,15,29,0,20,5,19,15,9,2,0,0,0,0,0,0,0,0,0,0,0,1,0,1.0,1.0,1.0,0.0,0.0,0.0,3,0,0
4418,44,15,29,0,20,5,19,15,9,2,0,0,0,0,0,0,0,0,0,0,0,1,0,1.0,1.0,1.0,0.0,0.0,0.0,3,0,0
4419,42,14,28,0,18,5,19,15,9,2,0,0,0,0,0,0,0,0,0,0,2,0,2,0.9,1.0,1.0,0.0,0.0,0.0,3,0,2
4420,42,14,28,0,18,5,19,15,9,2,0,0,0,0,0,0,0,0,0,0,0,0,0,1.0,1.0,1.0,0.0,0.0,0.0,3,0,0
4421,42,14,28,0,17,6,19,15,9,2,0,0,0,0,0,0,0,0,0,0,0,0,0,1.0,1.0,1.0,0.0,0.0,0.0,3,0,0
4422,42,14,28,0,16,7,19,15,9,2,0,0,0,0,0,0,0,0,0,0,0,0,0,1.0,1.0,1.0,0.0,0.0,0.0,3,0,0
4423,42,14,28,0,16,7,19,15,12,2,0,0,0,0,0,0,7,3,0,0,0,0,0,1.0,1.0,1.0,0.0,0.0,0.42857142857142855,3,0,0
4424,42,14,28,0,16,7,19,15,13,2,0,0,0,0,0,0,3,1,0,0,0,0,0,1.0,1.0,1.0,0.0,0.0,0.3333333333333333,3,0,0
4425,42,14,28,0,16,7,19,15,13,2,0,0,0,0,0,0,0,0,0,0,0,0,0,1.0,1.0,1.0,0.0,0.0,0.0,3,0,0
4426,42,14,28,0,16,7,19,15,13,2,0,0,0,0,0,0,0,0,0,0,0,0,0,1.0,1.0,1.0,0.0,0.0,0.0,3,0,0
4427,42,14,28,0,16,7,19,15,13,2,0,0,0,0,0,0,0,0,0,0,0,0,0,1.0,1.0,1.0,0.0,0.0,0.0,3,0,0
4428,42,14,28,0,16,7,19,15,13,2,0,0,0,0,0,0,0,0,0,0,0,0,0,1.0,1.0,1.0,0.0,0.0,0.0,3,0,0
4429,42,14,28,0,16,7,19,15,13,2,0,0,0,0,0,0,0,0,0,0,0,0,0,1.0,1.0,1.0,0.0,0.0,0.0,3,0,0
4430,42,14,28,0,16,7,19,15,13,2,0,0,0,0,0,0,0,0,0,0,0,0,0,1.0,1.0,1.0,0.0,0.0,0.0,3,0,0
4431,42,14,28,0,16,7,19,15,13,2,0,0,0,0,0,0,0,0,0,0,0,2,0,1.0,1.0,1.0,0.0,0.0,0.0,3,0,0
4432,42,14,28,0,16,7,19,15,13,2,0,0,0,0,0,0,0,0,0,0,0,0,0,1.0,1.0,1.0,0.0,0.0,0.0,3,0,0
4433,42,14,28,0,16,7,19,15,13,2,0,0,0,0,0,0,0,0,0,0,0,0,0,1.0,1.0,1.0,0.0,0.0,0.0,3,0,0
4434,42,14,28,0,16,7,19,15,13,2,0,0,0,0,0,0,0,0,0,0,0,0,0,1.0,1.0,1.0,0.0,0.0,0.0,3,0,0
4435,42,14,28,0,14,9,19,15,13,2,0,0,0,0,0,0,0,0,0,0,0,0,0,1.0,1.0,1.0,0.0,0.0,0.0,3,0,0
4436,42,14,28,0,14,9,19,15,13,2,0,0,0,0,0,0,0,0,0,0,0,0,0,1.0,1.0,1.0,0.0,0.0,0.0,3,0,0
4437,42,14,28,0,14,9,19,15,13,2,0,0,0,0,0,0,0,0,0,0,0,0,0,1.0,1.0,1.0,0.0,0.0,0.0,3,0,0
4438,42,14,28,0,14,9,19,15,13,2,0,0,0,0,0,0,0,0,0,0,0,0,0,1.0,1.0,1.0,0.0,0.0,0.0,3,0,0
4439,42,14,28,0,14,9,19,15,13,2,0,0,0,0,0,0,0,0,0,0,0,0,0,1.0,1.0,1.0,0.0,0.0,0.0,3,0,0
4440,42,14,28,0,14,9,19,15,13,2,0,0,0,0,0,0,0,0,0,0,0,0,0,1.0,1.0,1.0,0.0,0.0,0.0,3,0,0
4441,41,13,28,0,14,9,18,15,13,2,0,0,0,0,0,0,0,0,0,0,0,0,0,1.0,0.75,1.0,0.0,0.0,0.0,3,0,1
4442,41,13,28,0,14,9,18,15,13,2,0,0,0,0,0,0,0,0,0,0,0,0,0,1.0,1.0,1.0,0.0,0.0,0.0,3,0,0
4443,41,13,28,0,14,9,18,15,13,2,0,0,0,0,0,0,0,0,0,0,0,0,0,1.0,1.0,1.0,0.0,0.0,0.0,3,0,0
4444,41,13,28,0,14,9,18,15,13,2,0,0,0,0,0,0,0,0,0,0,0,0,0,1.0,1.0,1.0,0.0,0.0,0.0,3,0,0
4445,41,13,28,0,14,9,18,15,13,2,0,0,0,0,0,0,0,0,0,0,0,0,0,1.0,1.0,1.0,0.0,0.0,0.0,3,0,0
4446,41,13,28,0,14,8,19,15,13,2,0,0,0,0,0,0,0,0,0,0,0,0,0,1.0,1.0,1.0,0.0,0.0,0.0,3,0,0
4447,41,13,28,0,14,8,19,15,13,2,0,0,0,0,0,0,0,0,0,0,0,0,0,1.0,1.0,1.0,0.0,0.0,0.0,3,0,0
4448,41,13,28,0,14,8,19,15,13,2,0,0,0,0,0,0,0,0,0,0,0,0,0,1.0,1.0,1.0,0.0,0.0,0.0,3,0,0
4449,41,13,28,0,14,8,19,15,13,2,0,0,0,0,0,0,0,0,0,0,0,0,0,1.0,1.0,1.0,0.0,0.0,0.0,3,0,0
4450,41,13,28,0,14,8,19,15,13,2,0,0,0,0,0,0,0,0,0,0,0,0,0,1.0,1.0,1.0,0.0,0.0,0.0,3,0,0
4451,41,13,28,0,14,8,19,15,13,2,0,0,0,0,0,0,0,0,0,0,0,0,0,1.0,1.0,1.0,0.0,0.0,0.0,3,0,0
4452,41,13,28,0,14,8,19,15,13,2,0,0,0,0,0,0,0,0,0,0,0,0,0,1.0,1.0,1.0,0.0,0.0,0.0,3,0,0
4453,41,13,28,0,14,8,19,15,13,2,0,0,0,0,0,0,0,0,0,0,0,0,0,1.0,1.0,1.0,0.0,0.0,0.0,3,0,0
4454,41,13,28,0,14,8,19,15,13,2,0,0,0,0,0,0,0,0,0,0,0,0,0,1.0,1.0,1.0,0.0,0.0,0.0,3,0,0
4455,41,13,28,0,14,8,19,15,13,0,0,0,0,0,0,0,0,0,0,0,0,0,0,1.0,1.0,1.0,0.0,0.0,0.0,3,0,0
4456,41,13,28,0,14,8,19,15,15,0,0,0,0,0,0,0,8,2,0,0,0,0,0,1.0,1.0,1.0,0.0,0.0,0.25,3,0,0
4457,41,13,28,0,14,8,19,15,15,0,0,0,0,0,0,0,0,0,0,0,0,0,0,1.0,1.0,1.0,0.0,0.0,0.0,3,0,0
4458,41,13,28,0,14,8,19,15,15,0,0,0,0,0,0,0,0,0,0,0,0,0,0,1.0,1.0,1.0,0.0,0.0,0.0,3,0,0
4459,41,13,28,0,14,8,19,15,15,0,0,0,0,0,0,0,0,0,0,0,0,0,0,1.0,1.0,1.0,0.0,0.0,0.0,3,0,0
4460,41,13,28,0,14,8,19,15,15,0,0,0,0,0,0,0,0,0,0,0,0,0,0,1.0,1.0,1.0,0.0,0.0,0.0,3,0,0
4461,41,13,28,0,14,7,20,16,15,0,0,0,0,0,0,0,0,0,0,0,0,0,0,1.0,1.0,1.0,0.0,0.0,0.0,3,0,0
4462,41,13,28,0,14,7,20,16,16,0,0,0,0,0,0,0,7,1,0,0,0,0,0,1.0,1.0,1.0,0.0,0.0,0.14285714285714285,3,0,0
4463,41,13,28,0,14,7,20,16,16,0,0,0,0,0,0,0,0,0,0,0,0,0,0,1.0,1.0,1.0,0.0,0.0,0.0,3,0,0
4464,41,13,28,0,14,7,20,16,16,0,0,0,0,0,0,0,0,0,0,0,0,0,0,1.0,1.0,1.0,0.0,0.0,0.0,3,0,0
4465,41,13,28,0,14,7,20,16,16,0,0,0,0,0,0,0,0,0,0,0,0,0,0,1.0,1.0,1.0,0.0,0.0,0.0,3,0,0
4466,40,12,28,0,13,7,20,16,16,0,0,0,0,0,0,0,0,0,0,0,1,0,1,0.9285714285714286,1.0,1.0,0.0,0.0,0.0,3,0,1
4467,40,12,28,0,13,7,20,16,16,0,0,0,0,0,0,0,0,0,0,0,0,0,0,1.0,1.0,1.0,0.0,0.0,0.0,3,0,0
4468,39,12,27,0,13,7,19,15,15,0,0,0,0,0,0,0,0,0,0,0,0,0,0,1.0,1.0,0.9375,0.0,0.0,0.0,3,0,1
4469,37,11,26,0,12,7,18,14,14,0,0,0,0,0,0,0,0,0,0,0,1,0,1,0.9230769230769231,1.0,0.9333333333333333,0.0,0.0,0.0,3,0,2
4470,37,11,26,0,12,7,18,14,14,0,0,0,0,0,0,0,0,0,0,0,0,0,0,1.0,1.0,1.0,0.0,0.0,0.0,3,0,0
4471,36,11,25,0,12,7,17,13,13,0,0,0,0,0,0,0,0,0,0,0,0,0,0,1.0,1.0,0.9285714285714286,0.0,0.0,0.0,3,0,1
4472,36,11,25,0,12,7,17,13,13,0,0,0,0,0,0,0,0,0,0,0,0,0,0,1.0,1.0,1.0,0.0,0.0,0.0,3,0,0
4473,36,11,25,0,12,7,17,13,13,0,0,0,0,0,0,0,0,0,0,0,0,0,0,1.0,1.0,1.0,0.0,0.0,0.0,3,0,0
4474,36,11,25,0,12,7,17,13,13,0,0,0,0,0,0,0,0,0,0,0,0,0,0,1.0,1.0,1.0,0.0,0.0,0.0,3,0,0
4475,43,12,31,7,12,7,17,13,11,0,2,0,0,0,0,0,0,0,0,2,0,1,0,1.0,1.0,1.0,0.19444444444444445,0.19444444444444445,0.0,3,7,0
4476,49,16,33,13,12,7,17,13,9,0,4,0,0,0,0,0,0,0,0,2,0,0,0,1.0,1.0,1.0,0.13953488372093023,0.13953488372093023,0.0,3,6,0
4477,48,16,32,13,11,7,17,13,9,0,4,0,0,0,0,0,0,0,0,0,1,0,1,0.96,1.0,1.0,0.0,0.0,0.0,3,0,1
4478,48,16,32,13,11,7,17,13,9,0,4,0,0,0,0,0,0,0,0,0,0,0,0,1.0,1.0,1.0,0.0,0.0,0.0,3,0,0
4479,59,22,37,24,10,8,17,13,6,0,7,0,0,0,0,0,0,0,0,3,0,0,0,1.0,1.0,1.0,0.22916666666666666,0.22916666666666666,0.0,3,11,0
4480,59,22,37,24,10,8,17,13,6,0,7,0,0,0,0,0,0,0,0,0,0,0,0,1.0,1.0,1.0,0.0,0.0,0.0,3,0,0
4481,59,22,37,24,10,7,18,13,6,0,7,0,0,0,0,0,0,0,0,0,0,0,0,1.0,1.0,1.0,0.0,0.0,0.0,3,0,0
4482,57,21,36,22,10,7,18,13,6,0,7,0,0,0,0,0,0,0,0,0,2,0,2,0.9411764705882353,1.0,1.0,0.0,0.0,0.0,3,0,2
4483,57,21,36,22,10,7,18,13,6,0,7,0,0,0,0,0,0,0,0,0,0,0,0,1.0,1.0,1.0,0.0,0.0,0.0,3,0,0
4484,57,21,36,22,10,7,18,13,6,0,7,0,0,0,0,0,0,0,0,0,0,0,0,1.0,1.0,1.0,0.0,0.0,0.0,3,0,0
4485,56,20,36,22,9,7,18,13,6,0,7,0,0,0,0,0,0,0,0,0,1,0,1,0.96875,1.0,1.0,0.0,0.0,0.0,3,0,1
4486,56,20,36,22,9,7,18,13,6,0,7,0,0,0,0,0,0,0,0,0,0,0,0,1.0,1.0,1.0,0.0,0.0,0.0,3,0,0
4487,56,20,36,22,9,7,18,13,6,0,7,0,0,0,0,0,0,0,0,0,0,0,0,1.0,1.0,1.0,0.0,0.0,0.0,3,0,0
4488,67,25,42,33,9,7,18,13,3,0,10,0,0,0,0,0,0,0,0,3,0,0,0,1.0,1.0,1.0,0.19642857142857142,0.19642857142857142,0.0,3,11,0
4489,67,25,42,33,9,7,18,13,2,0,11,0,0,0,0,0,0,0,0,1,3,0,3,0.9285714285714286,1.0,1.0,0.04477611940298507,0.04477611940298507,0.0,3,3,3
4490,67,25,42,33,9,7,18,13,2,0,11,0,0,0,0,0,0,0,0,0,0,0,0,1.0,1.0,1.0,0.0,0.0,0.0,3,0,0
4491,63,23,40,29,9,7,18,13,2,0,11,0,0,0,0,0,0,0,0,0,4,0,4,0.9047619047619048,1.0,1.0,0.0,0.0,0.0,3,0,4
4492,63,23,40,29,9,7,18,13,2,0,11,0,0,0,0,0,0,0,0,0,0,0,0,1.0,1.0,1.0,0.0,0.0,0.0,3,0,0
4493,62,22,40,28,9,7,18,13,2,0,11,0,0,0,0,0,0,0,0,0,1,0,1,0.9736842105263158,1.0,1.0,0.0,0.0,0.0,3,0,1
4494,59,20,39,26,9,6,18,13,2,0,10,0,0,0,0,0,0,0,0,0,2,0,2,0.9459459459459459,1.0,0.9285714285714286,0.0,0.0,0.0,3,0,3
4495,57,20,37,24,9,6,18,13,2,0,10,0,0,0,0,0,0,0,0,0,2,0,2,0.9428571428571428,1.0,1.0,0.0,0.0,0.0,3,0,2
4496,57,20,37,24,9,6,18,13,2,0,10,0,0,0,0,0,0,0,0,0,0,0,0,1.0,1.0,1.0,0.0,0.0,0.0,3,0,0
4497,57,20,37,24,9,6,18,13,2,0,10,0,0,0,0,0,0,0,0,0,0,0,0,1.0,1.0,1.0,0.0,0.0,0.0,3,0,0
4498,56,19,37,23,9,6,18,13,2,0,10,0,0,0,0,0,0,0,0,0,1,0,1,0.9696969696969697,1.0,1.0,0.0,0.0,0.0,3,0,1
4499,56,19,37,23,9,6,18,13,2,0,10,0,0,0,0,0,0,0,0,0,0,0,0,1.0,1.0,1.0,0.0,0.0,0.0,3,0,0
4500,56,19,37,23,9,6,18,13,2,0,10,0,0,0,0,0,0,0,0,0,0,0,0,1.0,1.0,1.0,0.0,0.0,0.0,3,0,0
4501,56,19,37,23,9,6,18,13,3,0,10,0,0,0,0,0,6,1,0,0,0,0,0,1.0,1.0,1.0,0.0,0.0,0.16666666666666666,3,0,0
4502,56,19,37,23,9,6,18,13,3,0,10,0,0,0,0,0,0,0,0,0,0,0,0,1.0,1.0,1.0,0.0,0.0,0.0,3,0,0
4503,54,17,37,22,8,6,18,13,3,0,10,0,0,0,0,0,0,0,0,0,2,0,2,0.9375,1.0,1.0,0.0,0.0,0.0,3,0,2
4504,54,17,37,22,8,6,18,13,3,0,10,0,0,0,0,0,0,0,0,0,0,0,0,1.0,1.0,1.0,0.0,0.0,0.0,3,0,0
4505,54,17,37,22,8,6,18,13,3,0,10,0,0,0,0,0,0,0,0,0,0,0,0,1.0,1.0,1.0,0.0,0.0,0.0,3,0,0
4506,54,17,37,22,8,6,18,13,3,0,10,0,0,0,0,0,0,0,0,0,0,0,0,1.0,1.0,1.0,0.0,0.0,0.0,3,0,0
4507,54,17,37,22,8,6,18,13,3,0,10,0,0,0,0,0,0,0,0,0,0,0,0,1.0,1.0,1.0,0.0,0.0,0.0,3,0,0
4508,54,17,37,22,8,5,19,14,3,0,10,0,0,0,0,0,0,0,0,0,0,0,0,1.0,1.0,1.0,0.0,0.0,0.0,3,0,0
4509,54,17,37,22,8,5,19,14,3,0,10,0,0,0,0,0,0,0,0,0,0,0,0,1.0,1.0,1.0,0.0,0.0,0.0,3,0,0
4510,53,17,36,22,7,5,19,14,3,0,10,0,0,0,0,0,0,0,0,0,1,0,1,0.9666666666666667,1.0,1.0,0.0,0.0,0.0,3,0,1
4511,52,17,35,22,6,5,19,14,3,0,10,0,0,0,0,0,0,0,0,0,1,1,1,0.9655172413793104,1.0,1.0,0.0,0.0,0.0,3,0,1
4512,51,17,34,21,6,5,19,14,3,0,10,0,0,0,0,0,0,0,0,0,1,0,1,0.9642857142857143,1.0,1.0,0.0,0.0,0.0,3,0,1
4513,51,17,34,21,6,5,19,14,3,0,10,0,0,0,0,0,0,0,0,0,0,1,0,1.0,1.0,1.0,0.0,0.0,0.0,3,0,0
4514,50,17,33,20,6,5,19,14,4,0,10,0,0,0,0,0,6,1,0,0,1,0,1,0.962962962962963,1.0,1.0,0.0,0.0,0.16666666666666666,3,0,1
4515,50,17,33,20,5,6,19,14,4,0,10,0,0,0,0,0,0,0,0,0,0,0,0,1.0,1.0,1.0,0.0,0.0,0.0,3,0,0
4516,49,16,33,20,4,6,19,14,4,0,10,0,0,0,0,0,0,0,0,0,1,0,1,0.96,1.0,1.0,0.0,0.0,0.0,3,0,1
4517,49,16,33,20,3,7,19,14,4,0,10,0,0,0,0,0,0,0,0,0,0,0,0,1.0,1.0,1.0,0.0,0.0,0.0,3,0,0
4518,49,16,33,16,7,7,19,14,4,0,10,0,0,0,0,0,0,0,0,0,0,1,0,1.0,1.0,1.0,0.0,0.0,0.0,3,0,0
4519,49,16,33,12,11,7,19,14,4,0,10,0,0,0,0,0,0,0,0,0,0,0,0,1.0,1.0,1.0,0.0,0.0,0.0,3,0,0
4520,49,16,33,12,11,7,19,14,4,0,8,0,0,0,0,0,0,0,0,0,0,0,0,1.0,1.0,1.0,0.0,0.0,0.0,3,0,0
4521,53,19,34,16,11,7,19,14,5,0,7,0,0,0,0,0,11,2,0,1,0,0,0,1.0,1.0,1.0,0.08163265306122448,0.08163265306122448,0.18181818181818182,3,4,0
4522,53,19,34,12,14,8,19,14,5,0,7,0,0,0,0,0,15,0,0,0,0,0,0,1.0,1.0,1.0,0.0,0.0,0.0,3,0,0
4523,53,19,34,12,14,8,19,14,7,0,7,0,0,0,0,0,15,2,0,0,0,0,0,1.0,1.0,1.0,0.0,0.0,0.13333333333333333,3,0,0
4524,53,19,34,12,14,8,19,14,7,0,4,0,0,0,0,0,0,0,0,0,0,0,0,1.0,1.0,1.0,0.0,0.0,0.0,3,0,0
4525,53,19,34,12,14,8,19,14,8,1,4,0,0,0,0,0,7,1,1,0,0,0,0,1.0,1.0,1.0,0.0,0.0,0.14285714285714285,3,0,0
4526,53,19,34,12,14,8,19,14,9,1,4,0,0,0,0,0,7,1,0,0,0,0,0,1.0,1.0,1.0,0.0,0.0,0.14285714285714285,3,0,0
4527,56,19,37,16,13,8,19,14,8,1,5,0,0,0,0,0,0,0,0,1,1,0,1,0.9615384615384616,1.0,1.0,0.07547169811320754,0.07547169811320754,0.0,3,4,1
4528,56,19,37,16,13,8,19,14,8,1,5,0,0,0,0,0,0,0,0,0,0,0,0,1.0,1.0,1.0,0.0,0.0,0.0,3,0,0
4529,56,19,37,16,13,8,19,14,8,1,5,0,0,0,0,0,0,0,0,0,0,0,0,1.0,1.0,1.0,0.0,0.0,0.0,3,0,0
4530,55,18,37,16,12,8,19,14,8,1,5,0,0,0,0,0,0,0,0,0,1,0,1,0.9655172413793104,1.0,1.0,0.0,0.0,0.0,3,0,1
4531,55,18,37,9,19,8,19,14,8,1,5,0,0,0,0,0,0,0,0,0,0,1,0,1.0,1.0,1.0,0.0,0.0,0.0,3,0,0
4532,55,18,37,8,20,8,19,14,8,1,5,0,0,0,0,0,0,0,0,0,0,1,0,1.0,1.0,1.0,0.0,0.0,0.0,3,0,0
4533,54,18,36,7,20,8,19,14,8,1,2,0,0,0,0,0,0,0,0,0,1,0,1,0.9642857142857143,1.0,1.0,0.0,0.0,0.0,3,0,1
4534,53,17,36,6,20,8,19,14,9,2,2,0,0,0,0,0,3,1,1,0,1,0,1,0.962962962962963,1.0,1.0,0.0,0.0,0.3333333333333333,3,0,1
4535,53,17,36,6,19,9,19,14,9,2,2,0,0,0,0,0,7,0,0,0,0,0,0,1.0,1.0,1.0,0.0,0.0,0.0,3,0,0
4536,52,16,36,6,17,10,19,14,9,2,2,0,0,0,0,0,2,0,0,0,1,0,1,0.9583333333333334,1.0,1.0,0.0,0.0,0.0,3,0,1
4537,52,16,36,6,17,10,19,14,9,2,2,0,0,0,0,0,4,0,0,0,0,0,0,1.0,1.0,1.0,0.0,0.0,0.0,3,0,0
4538,51,15,36,6,16,10,19,14,10,2,2,0,0,0,0,0,7,1,0,0,1,0,1,0.9565217391304348,1.0,1.0,0.0,0.0,0.14285714285714285,3,0,1
4539,51,15,36,6,16,10,19,14,10,2,2,0,0,0,0,0,0,0,0,0,0,0,0,1.0,1.0,1.0,0.0,0.0,0.0,3,0,0
4540,51,15,36,6,16,10,19,14,10,2,2,0,0,0,0,0,0,0,0,0,0,0,0,1.0,1.0,1.0,0.0,0.0,0.0,3,0,0
4541,51,15,36,6,16,10,19,14,10,2,2,0,0,0,0,0,0,0,0,0,0,0,0,1.0,1.0,1.0,0.0,0.0,0.0,3,0,0
4542,51,15,36,6,16,9,20,14,10,2,2,0,0,0,0,0,0,0,0,0,0,0,0,1.0,1.0,1.0,0.0,0.0,0.0,3,0,0
4543,51,15,36,6,16,9,20,14,10,2,2,0,0,0,0,0,0,0,0,0,0,0,0,1.0,1.0,1.0,0.0,0.0,0.0,3,0,0
4544,51,15,36,6,16,9,20,14,10,2,2,0,0,0,0,0,0,0,0,0,0,0,0,1.0,1.0,1.0,0.0,0.0,0.0,3,0,0
4545,51,15,36,6,16,9,20,14,10,2,2,0,0,0,0,0,0,0,0,0,0,0,0,1.0,1.0,1.0,0.0,0.0,0.0,3,0,0
4546,51,15,36,6,16,9,20,14,10,2,2,0,0,0,0,0,0,0,0,0,0,0,0,1.0,1.0,1.0,0.0,0.0,0.0,3,0,0
4547,51,15,36,6,16,9,20,14,10,2,2,0,0,0,0,0,0,0,0,0,0,0,0,1.0,1.0,1.0,0.0,0.0,0.0,3,0,0
4548,51,15,36,6,16,9,20,14,10,2,2,0,0,0,0,0,0,0,0,0,0,0,0,1.0,1.0,1.0,0.0,0.0,0.0,3,0,0
4549,51,15,36,6,16,9,20,14,10,2,2,0,0,0,0,0,0,0,0,0,0,0,0,1.0,1.0,1.0,0.0,0.0,0.0,3,0,0
4550,51,15,36,6,16,9,20,14,10,2,2,0,0,0,0,0,0,0,0,0,0,0,0,1.0,1.0,1.0,0.0,0.0,0.0,3,0,0
4551,51,15,36,6,16,9,20,14,10,2,2,0,0,0,0,0,0,0,0,0,0,0,0,1.0,1.0,1.0,0.0,0.0,0.0,3,0,0
4552,51,15,36,6,16,9,20,14,10,2,2,0,0,0,0,0,0,0,0,0,0,0,0,1.0,1.0,1.0,0.0,0.0,0.0,3,0,0
4553,51,15,36,6,16,9,20,14,10,2,2,0,0,0,0,0,0,0,0,0,0,0,0,1.0,1.0,1.0,0.0,0.0,0.0,3,0,0
4554,49,13,36,4,16,9,20,14,10,2,2,0,0,0,0,0,0,0,0,0,2,0,2,0.9090909090909091,1.0,1.0,0.0,0.0,0.0,3,0,2
4555,49,13,36,4,16,9,20,14,10,2,2,0,0,0,0,0,0,0,0,0,0,0,0,1.0,1.0,1.0,0.0,0.0,0.0,3,0,0
4556,49,13,36,4,16,8,21,14,10,2,2,0,0,0,0,0,0,0,0,0,0,0,0,1.0,1.0,1.0,0.0,0.0,0.0,3,0,0
4557,48,13,35,4,15,8,21,14,10,2,2,0,0,0,0,0,0,0,0,0,1,0,1,0.95,1.0,1.0,0.0,0.0,0.0,3,0,1
4558,48,13,35,4,15,8,21,14,10,2,2,0,0,0,0,0,0,0,0,0,0,0,0,1.0,1.0,1.0,0.0,0.0,0.0,3,0,0
4559,47,13,34,4,14,8,21,14,10,2,2,0,0,0,0,0,0,0,0,0,1,0,1,0.9473684210526316,1.0,1.0,0.0,0.0,0.0,3,0,1
4560,47,13,34,4,14,8,21,14,10,2,2,0,0,0,0,0,0,0,0,0,0,0,0,1.0,1.0,1.0,0.0,0.0,0.0,3,0,0
4561,47,13,34,4,14,8,21,14,10,2,2,0,0,0,0,0,0,0,0,0,0,0,0,1.0,1.0,1.0,0.0,0.0,0.0,3,0,0
4562,46,13,33,4,13,8,21,14,10,2,2,0,0,0,0,0,0,0,0,0,1,0,1,0.9444444444444444,1.0,1.0,0.0,0.0,0.0,3,0,1
4563,46,13,33,4,13,8,21,14,10,2,2,0,0,0,0,0,0,0,0,0,0,0,0,1.0,1.0,1.0,0.0,0.0,0.0,3,0,0
4564,45,13,32,3,13,8,21,14,10,2,2,0,0,0,0,0,0,0,0,0,1,0,1,0.9411764705882353,1.0,1.0,0.0,0.0,0.0,3,0,1
4565,45,13,32,3,13,8,21,14,10,2,2,0,0,0,0,0,0,0,0,0,0,0,0,1.0,1.0,1.0,0.0,0.0,0.0,3,0,0
4566,48,13,35,6,13,8,21,14,9,2,2,0,0,0,0,0,0,0,0,1,0,0,0,1.0,1.0,1.0,0.06666666666666667,0.06666666666666667,0.0,3,3,0
4567,48,13,35,6,13,8,21,14,9,2,2,0,0,0,0,0,1,0,0,0,0,0,0,1.0,1.0,1.0,0.0,0.0,0.0,3,0,0
4568,48,13,35,6,13,8,21,14,10,2,2,0,0,0,0,0,4,1,0,0,0,0,0,1.0,1.0,1.0,0.0,0.0,0.25,3,0,0
4569,47,13,34,6,12,8,21,14,10,2,2,0,0,0,0,0,0,0,0,0,1,0,1,0.9473684210526316,1.0,1.0,0.0,0.0,0.0,3,0,1
4570,47,13,34,3,15,6,23,16,11,1,2,0,0,0,0,0,6,1,0,0,0,0,0,1.0,1.0,1.0,0.0,0.0,0.16666666666666666,3,0,0
4571,47,13,34,3,15,6,23,16,12,1,2,0,0,0,0,0,2,1,0,0,0,0,0,1.0,1.0,1.0,0.0,0.0,0.5,3,0,0
4572,47,13,34,3,15,6,23,16,12,1,1,0,0,0,0,0,0,0,0,0,0,0,0,1.0,1.0,1.0,0.0,0.0,0.0,3,0,0
4573,46,13,33,3,14,6,23,16,12,1,1,0,0,0,0,0,2,0,0,0,1,0,1,0.9444444444444444,1.0,1.0,0.0,0.0,0.0,3,0,1
4574,46,13,33,3,14,6,23,16,12,1,1,0,0,0,0,0,1,0,0,0,0,0,0,1.0,1.0,1.0,0.0,0.0,0.0,3,0,0
4575,46,13,33,3,14,6,23,16,13,1,1,0,0,0,0,0,4,1,0,0,0,0,0,1.0,1.0,1.0,0.0,0.0,0.25,3,0,0
4576,46,13,33,3,14,6,23,16,13,1,1,0,0,0,0,0,0,0,0,0,0,0,0,1.0,1.0,1.0,0.0,0.0,0.0,3,0,0
4577,46,13,33,3,14,6,23,16,13,1,1,0,0,0,0,0,0,0,0,0,0,0,0,1.0,1.0,1.0,0.0,0.0,0.0,3,0,0
4578,45,12,33,3,13,6,23,16,13,1,1,0,0,0,0,0,0,0,0,0,1,0,1,0.9411764705882353,1.0,1.0,0.0,0.0,0.0,3,0,1
4579,47,12,35,6,12,6,23,16,12,1,2,0,0,0,0,0,1,0,1,1,1,0,1,0.9375,1.0,1.0,0.06666666666666667,0.06666666666666667,0.0,3,3,1
4580,47,12,35,6,12,6,23,16,13,1,2,0,0,0,0,0,1,1,0,0,0,0,0,1.0,1.0,1.0,0.0,0.0,1.0,3,0,0
4581,47,12,35,6,12,6,23,16,13,1,2,0,0,0,0,0,0,0,0,0,0,0,0,1.0,1.0,1.0,0.0,0.0,0.0,3,0,0
4582,47,12,35,6,12,6,23,16,13,1,2,0,0,0,0,0,0,0,0,0,0,0,0,1.0,1.0,1.0,0.0,0.0,0.0,3,0,0
4583,47,12,35,6,12,6,23,16,13,1,2,0,0,0,0,0,0,0,0,0,0,0,0,1.0,1.0,1.0,0.0,0.0,0.0,3,0,0
4584,47,12,35,6,12,6,23,16,13,1,2,0,0,0,0,0,0,0,0,0,0,0,0,1.0,1.0,1.0,0.0,0.0,0.0,3,0,0
4585,46,11,35,6,11,6,23,16,13,1,2,0,0,0,0,0,0,0,0,0,1,0,1,0.9444444444444444,1.0,1.0,0.0,0.0,0.0,3,0,1
4586,53,15,38,13,11,6,23,16,11,1,4,0,0,0,0,0,0,0,0,2,0,0,0,1.0,1.0,1.0,0.15217391304347827,0.15217391304347827,0.0,3,7,0
4587,52,15,37,13,10,6,23,16,11,1,4,0,0,0,0,0,0,0,0,0,1,0,1,0.9583333333333334,1.0,1.0,0.0,0.0,0.0,3,0,1
4588,59,18,41,20,10,6,23,16,9,1,6,0,0,0,0,0,0,0,0,2,0,0,0,1.0,1.0,1.0,0.1346153846153846,0.1346153846153846,0.0,3,7,0
4589,58,18,40,19,10,6,23,16,9,1,6,0,0,0,0,0,0,0,0,0,1,0,1,0.9666666666666667,1.0,1.0,0.0,0.0,0.0,3,0,1
4590,62,18,44,23,10,6,23,16,8,1,7,0,0,0,0,0,0,0,0,1,0,0,0,1.0,1.0,1.0,0.06896551724137931,0.06896551724137931,0.0,3,4,0
4591,64,18,46,26,9,6,23,16,7,1,8,0,0,0,0,0,0,0,0,1,2,0,2,0.9393939393939394,1.0,1.0,0.06451612903225806,0.06451612903225806,0.0,3,4,2
4592,62,18,44,25,9,6,22,15,6,1,8,0,0,0,0,0,0,0,0,0,1,0,1,0.9714285714285714,1.0,0.9375,0.0,0.0,0.0,3,0,2
4593,62,18,44,25,9,6,22,15,6,1,8,0,0,0,0,0,0,0,0,0,0,0,0,1.0,1.0,1.0,0.0,0.0,0.0,3,0,0
4594,61,18,43,25,8,6,22,15,6,1,8,0,0,0,0,0,0,0,0,0,1,0,1,0.9705882352941176,1.0,1.0,0.0,0.0,0.0,3,0,1
4595,61,18,43,25,8,6,22,15,6,1,8,0,0,0,0,0,0,0,0,0,0,0,0,1.0,1.0,1.0,0.0,0.0,0.0,3,0,0
4596,60,18,42,24,8,6,22,15,6,1,8,0,0,0,0,0,0,0,0,0,1,0,1,0.9696969696969697,1.0,1.0,0.0,0.0,0.0,3,0,1
4597,59,17,42,23,8,6,22,15,6,1,8,0,0,0,0,0,0,0,0,0,1,0,1,0.96875,1.0,1.0,0.0,0.0,0.0,3,0,1
4598,59,17,42,23,8,6,22,15,6,1,8,0,0,0,0,0,0,0,0,0,0,0,0,1.0,1.0,1.0,0.0,0.0,0.0,3,0,0
4599,60,18,42,24,8,6,22,15,5,1,9,0,0,0,0,0,0,0,0,1,2,0,2,0.935483870967742,1.0,1.0,0.05084745762711865,0.05084745762711865,0.0,3,3,2
4600,60,18,42,24,8,6,22,15,5,1,9,0,0,0,0,0,0,0,0,0,0,0,0,1.0,1.0,1.0,0.0,0.0,0.0,3,0,0
4601,59,18,41,23,8,6,22,15,5,1,9,0,0,0,0,0,0,0,0,0,1,0,1,0.96875,1.0,1.0,0.0,0.0,0.0,3,0,1
4602,57,17,40,21,8,6,22,15,5,1,9,0,0,0,0,0,0,0,0,0,2,0,2,0.935483870967742,1.0,1.0,0.0,0.0,0.0,3,0,2
4603,60,20,40,24,8,6,22,15,4,1,10,0,0,0,0,0,0,0,0,1,1,0,1,0.9655172413793104,1.0,1.0,0.07017543859649122,0.07017543859649122,0.0,3,4,1
4604,59,20,39,23,8,6,22,15,4,1,10,0,0,0,0,0,0,0,0,0,1,0,1,0.96875,1.0,1.0,0.0,0.0,0.0,3,0,1
4605,59,20,39,23,8,6,22,15,4,1,10,0,0,0,0,0,0,0,0,0,0,0,0,1.0,1.0,1.0,0.0,0.0,0.0,3,0,0
4606,59,20,39,23,8,6,22,15,4,1,10,0,0,0,0,0,0,0,0,0,0,0,0,1.0,1.0,1.0,0.0,0.0,0.0,3,0,0
4607,58,20,38,22,8,6,22,15,4,1,10,0,0,0,0,0,0,0,0,0,1,0,1,0.967741935483871,1.0,1.0,0.0,0.0,0.0,3,0,1
4608,56,19,37,20,8,6,22,15,4,1,10,0,0,0,0,0,0,0,0,0,2,0,2,0.9333333333333333,1.0,1.0,0.0,0.0,0.0,3,0,2
4609,55,19,36,18,9,6,22,15,4,1,10,0,0,0,0,0,0,0,0,0,1,0,1,0.9642857142857143,1.0,1.0,0.0,0.0,0.0,3,0,1
4610,54,19,35,18,8,6,22,15,4,1,10,0,0,0,0,0,0,0,0,0,1,0,1,0.962962962962963,1.0,1.0,0.0,0.0,0.0,3,0,1
4611,54,19,35,18,8,6,22,15,4,1,9,0,0,0,0,0,0,0,0,0,0,0,0,1.0,1.0,1.0,0.0,0.0,0.0,3,0,0
4612,54,19,35,18,8,6,22,15,5,1,9,0,0,0,0,0,6,1,0,0,0,0,0,1.0,1.0,1.0,0.0,0.0,0.16666666666666666,3,0,0
4613,53,18,35,18,7,6,22,15,5,1,9,0,0,0,0,0,0,0,0,0,1,0,1,0.9615384615384616,1.0,1.0,0.0,0.0,0.0,3,0,1
4614,51,17,34,16,7,6,22,15,5,1,9,0,0,0,0,0,0,0,0,0,2,0,2,0.92,1.0,1.0,0.0,0.0,0.0,3,0,2
4615,51,17,34,16,7,6,22,15,5,1,9,0,0,0,0,0,0,0,0,0,0,0,0,1.0,1.0,1.0,0.0,0.0,0.0,3,0,0
4616,51,17,34,16,7,6,22,15,5,1,9,0,0,0,0,0,0,0,0,0,0,0,0,1.0,1.0,1.0,0.0,0.0,0.0,3,0,0
4617,51,17,34,16,7,6,22,15,5,1,9,0,0,0,0,0,0,0,0,0,0,0,0,1.0,1.0,1.0,0.0,0.0,0.0,3,0,0
4618,51,17,34,16,7,6,22,15,5,1,9,0,0,0,0,0,0,0,0,0,0,0,0,1.0,1.0,1.0,0.0,0.0,0.0,3,0,0
4619,51,17,34,16,7,6,22,15,5,1,9,0,0,0,0,0,0,0,0,0,0,0,0,1.0,1.0,1.0,0.0,0.0,0.0,3,0,0
4620,50,17,33,16,6,6,22,15,5,1,9,0,0,0,0,0,0,0,0,0,1,0,1,0.9565217391304348,1.0,1.0,0.0,0.0,0.0,3,0,1
4621,50,17,33,16,6,6,22,15,5,1,9,0,0,0,0,0,0,0,0,0,0,0,0,1.0,1.0,1.0,0.0,0.0,0.0,3,0,0
4622,50,17,33,16,6,6,22,15,5,1,9,0,0,0,0,0,0,0,0,0,0,0,0,1.0,1.0,1.0,0.0,0.0,0.0,3,0,0
4623,50,17,33,16,6,6,22,15,5,1,9,0,0,0,0,0,0,0,0,0,0,0,0,1.0,1.0,1.0,0.0,0.0,0.0,3,0,0
4624,50,17,33,16,6,6,22,15,5,0,8,0,0,0,0,0,0,0,0,0,0,0,0,1.0,1.0,1.0,0.0,0.0,0.0,3,0,0
4625,50,17,33,16,6,6,22,15,5,1,8,0,0,0,0,0,7,0,1,0,0,0,0,1.0,1.0,1.0,0.0,0.0,0.0,3,0,0
4626,49,16,33,16,6,6,21,15,6,1,8,0,0,0,0,0,4,1,0,0,0,0,0,1.0,0.8571428571428572,1.0,0.0,0.0,0.25,3,0,1
4627,48,15,33,15,6,6,21,15,6,1,8,0,0,0,0,0,0,0,0,0,1,0,1,0.9545454545454546,1.0,1.0,0.0,0.0,0.0,3,0,1
4628,48,15,33,15,6,6,21,15,6,1,8,0,0,0,0,0,0,0,0,0,0,0,0,1.0,1.0,1.0,0.0,0.0,0.0,3,0,0
4629,48,15,33,11,10,6,21,15,6,1,8,0,0,0,0,0,0,0,0,0,0,0,0,1.0,1.0,1.0,0.0,0.0,0.0,3,0,0
4630,48,15,33,11,10,6,21,15,6,1,8,0,0,0,0,0,0,0,0,0,0,0,0,1.0,1.0,1.0,0.0,0.0,0.0,3,0,0
4631,48,15,33,9,12,6,21,15,6,1,6,0,0,0,0,0,0,0,0,0,0,0,0,1.0,1.0,1.0,0.0,0.0,0.0,3,0,0
4632,48,15,33,9,12,6,21,15,7,1,6,0,0,0,0,0,7,1,0,0,0,0,0,1.0,1.0,1.0,0.0,0.0,0.14285714285714285,3,0,0
4633,51,17,34,12,12,6,21,15,7,1,5,0,0,0,0,0,7,1,0,1,1,0,1,0.9523809523809523,1.0,1.0,0.08333333333333333,0.08333333333333333,0.14285714285714285,3,4,1
4634,51,17,34,9,15,6,21,15,9,1,5,0,0,0,0,0,9,2,0,0,0,0,0,1.0,1.0,1.0,0.0,0.0,0.2222222222222222,3,0,0
4635,55,18,37,13,15,6,21,15,8,1,5,0,0,0,0,0,0,0,0,1,0,0,0,1.0,1.0,1.0,0.0784313725490196,0.0784313725490196,0.0,3,4,0
4636,58,19,39,16,15,6,21,15,8,1,5,0,0,0,0,0,8,1,0,1,0,0,0,1.0,1.0,1.0,0.05454545454545454,0.05454545454545454,0.125,3,3,0
4637,57,19,38,16,14,6,21,15,9,1,5,0,0,0,0,0,7,1,0,0,1,0,1,0.967741935483871,1.0,1.0,0.0,0.0,0.14285714285714285,3,0,1
4638,57,19,38,16,14,6,21,15,9,1,5,0,0,0,0,0,0,0,0,0,0,0,0,1.0,1.0,1.0,0.0,0.0,0.0,3,0,0
4639,55,18,37,15,13,6,21,15,9,1,5,0,0,0,0,0,0,0,0,0,2,0,2,0.9333333333333333,1.0,1.0,0.0,0.0,0.0,3,0,2
4640,59,20,39,19,13,6,21,15,8,1,6,0,0,0,0,0,0,0,0,1,0,0,0,1.0,1.0,1.0,0.07272727272727272,0.07272727272727272,0.0,3,4,0
4641,59,20,39,19,13,6,21,15,8,1,6,0,0,0,0,0,0,0,0,0,0,0,0,1.0,1.0,1.0,0.0,0.0,0.0,3,0,0
4642,58,19,39,16,15,6,21,15,8,1,6,0,0,0,0,0,0,0,0,0,1,0,1,0.96875,1.0,1.0,0.0,0.0,0.0,3,0,1
4643,58,19,39,16,15,6,21,15,8,1,6,0,0,0,0,0,0,0,0,0,0,0,0,1.0,1.0,1.0,0.0,0.0,0.0,3,0,0
4644,58,19,39,16,15,6,21,15,8,1,5,0,0,0,0,0,0,0,0,0,0,0,0,1.0,1.0,1.0,0.0,0.0,0.0,3,0,0
4645,58,19,39,16,15,6,21,15,9,1,5,0,0,0,0,0,1,1,0,0,0,0,0,1.0,1.0,1.0,0.0,0.0,1.0,3,0,0
4646,58,19,39,13,18,6,21,15,9,1,5,0,0,0,0,0,0,0,0,0,0,0,0,1.0,1.0,1.0,0.0,0.0,0.0,3,0,0
4647,57,18,39,13,17,5,22,16,10,1,5,0,0,0,0,0,8,1,0,0,1,0,1,0.967741935483871,1.0,1.0,0.0,0.0,0.125,3,0,1
4648,57,18,39,13,17,5,22,16,10,1,4,0,0,0,0,0,0,0,0,0,0,0,0,1.0,1.0,1.0,0.0,0.0,0.0,3,0,0
4649,56,18,38,13,16,5,22,16,11,1,4,0,0,0,0,0,3,1,0,0,1,0,1,0.9666666666666667,1.0,1.0,0.0,0.0,0.3333333333333333,3,0,1
4650,56,18,38,13,16,4,23,16,11,1,4,0,0,0,0,0,0,0,0,0,0,0,0,1.0,1.0,1.0,0.0,0.0,0.0,3,0,0
4651,55,17,38,13,15,4,23,16,11,1,4,0,0,0,0,0,0,0,0,0,1,0,1,0.9655172413793104,1.0,1.0,0.0,0.0,0.0,3,0,1
4652,54,16,38,13,14,4,23,16,11,1,4,0,0,0,0,0,0,0,0,0,1,0,1,0.9642857142857143,1.0,1.0,0.0,0.0,0.0,3,0,1
4653,54,16,38,13,14,4,23,16,11,1,4,0,0,0,0,0,0,0,0,0,0,0,0,1.0,1.0,1.0,0.0,0.0,0.0,3,0,0
4654,54,16,38,13,14,4,23,16,11,1,4,0,0,0,0,0,0,0,0,0,0,0,0,1.0,1.0,1.0,0.0,0.0,0.0,3,0,0
4655,53,15,38,13,13,4,23,16,11,1,4,0,0,0,0,0,0,0,0,0,1,1,1,0.962962962962963,1.0,1.0,0.0,0.0,0.0,3,0,1
4656,52,15,37,13,12,4,23,16,11,1,4,0,0,0,0,0,0,0,0,0,1,0,1,0.9615384615384616,1.0,1.0,0.0,0.0,0.0,3,0,1
4657,51,14,37,13,11,4,23,16,11,1,4,0,0,0,0,0,0,0,0,0,1,0,1,0.96,1.0,1.0,0.0,0.0,0.0,3,0,1
4658,51,14,37,13,11,4,23,16,11,1,4,0,0,0,0,0,0,0,0,0,0,0,0,1.0,1.0,1.0,0.0,0.0,0.0,3,0,0
4659,51,14,37,13,11,4,23,16,11,1,4,0,0,0,0,0,0,0,0,0,0,0,0,1.0,1.0,1.0,0.0,0.0,0.0,3,0,0
4660,51,14,37,13,11,4,23,16,11,1,4,0,0,0,0,0,0,0,0,0,0,0,0,1.0,1.0,1.0,0.0,0.0,0.0,3,0,0
4661,51,14,37,13,11,4,23,16,11,1,4,0,0,0,0,0,0,0,0,0,0,0,0,1.0,1.0,1.0,0.0,0.0,0.0,3,0,0
4662,51,14,37,13,11,4,23,16,11,1,4,0,0,0,0,0,0,0,0,0,0,0,0,1.0,1.0,1.0,0.0,0.0,0.0,3,0,0
4663,50,14,36,12,11,4,23,16,11,1,4,0,0,0,0,0,0,0,0,0,1,0,1,0.9583333333333334,1.0,1.0,0.0,0.0,0.0,3,0,1
4664,50,14,36,12,11,4,23,16,11,1,4,0,0,0,0,0,0,0,0,0,0,0,0,1.0,1.0,1.0,0.0,0.0,0.0,3,0,0
4665,50,14,36,12,11,4,23,16,11,1,4,0,0,0,0,0,0,0,0,0,0,0,0,1.0,1.0,1.0,0.0,0.0,0.0,3,0,0
4666,50,14,36,12,11,4,23,16,11,1,4,0,0,0,0,0,0,0,0,0,0,0,0,1.0,1.0,1.0,0.0,0.0,0.0,3,0,0
4667,50,14,36,12,11,4,23,16,11,1,4,0,0,0,0,0,0,0,0,0,0,0,0,1.0,1.0,1.0,0.0,0.0,0.0,3,0,0
4668,49,14,35,11,11,4,23,16,11,1,4,0,0,0,0,0,0,0,0,0,1,1,1,0.9565217391304348,1.0,1.0,0.0,0.0,0.0,3,0,1
4669,49,14,35,11,11,4,23,16,11,1,4,0,0,0,0,0,0,0,0,0,0,0,0,1.0,1.0,1.0,0.0,0.0,0.0,3,0,0
4670,49,14,35,11,11,4,23,16,11,0,4,0,0,0,0,0,0,0,0,0,0,0,0,1.0,1.0,1.0,0.0,0.0,0.0,3,0,0
4671,49,14,35,11,11,4,23,16,12,0,4,0,0,0,0,0,7,1,0,0,0,0,0,1.0,1.0,1.0,0.0,0.0,0.14285714285714285,3,0,0
4672,49,14,35,11,10,5,23,16,12,0,4,0,0,0,0,0,0,0,0,0,0,0,0,1.0,1.0,1.0,0.0,0.0,0.0,3,0,0
4673,49,14,35,11,10,5,23,16,12,0,4,0,0,0,0,0,0,0,0,0,0,0,0,1.0,1.0,1.0,0.0,0.0,0.0,3,0,0
4674,49,14,35,11,10,5,23,16,12,0,4,0,0,0,0,0,0,0,0,0,0,0,0,1.0,1.0,1.0,0.0,0.0,0.0,3,0,0
4675,49,14,35,11,10,5,23,16,12,0,4,0,0,0,0,0,0,0,0,0,0,0,0,1.0,1.0,1.0,0.0,0.0,0.0,3,0,0
4676,48,14,34,8,12,5,23,16,12,0,4,0,0,0,0,0,0,0,0,0,1,0,1,0.9523809523809523,1.0,1.0,0.0,0.0,0.0,3,0,1
4677,51,16,35,12,11,5,23,16,11,0,5,0,0,0,0,0,0,0,0,1,1,0,1,0.95,1.0,1.0,0.08333333333333333,0.08333333333333333,0.0,3,4,1
4678,51,16,35,9,14,5,23,16,11,0,4,0,0,0,0,0,0,0,0,0,0,0,0,1.0,1.0,1.0,0.0,0.0,0.0,3,0,0
4679,51,16,35,6,17,5,23,16,12,0,4,0,0,0,0,0,5,1,0,0,0,0,0,1.0,1.0,1.0,0.0,0.0,0.2,3,0,0
4680,51,16,35,6,17,5,23,16,12,0,3,0,0,0,0,0,0,0,0,0,0,0,0,1.0,1.0,1.0,0.0,0.0,0.0,3,0,0
4681,51,16,35,6,17,5,23,16,12,0,2,0,0,0,0,0,0,0,0,0,0,0,0,1.0,1.0,1.0,0.0,0.0,0.0,3,0,0
4682,51,16,35,6,17,5,23,16,12,0,2,0,0,0,0,0,0,0,0,0,0,0,0,1.0,1.0,1.0,0.0,0.0,0.0,3,0,0
4683,50,16,34,4,18,5,23,16,12,0,2,0,0,0,0,0,0,0,0,0,1,0,1,0.9565217391304348,1.0,1.0,0.0,0.0,0.0,3,0,1
4684,50,16,34,4,18,5,23,16,12,0,2,0,0,0,0,0,0,0,0,0,0,0,0,1.0,1.0,1.0,0.0,0.0,0.0,3,0,0
4685,49,16,33,4,17,5,23,16,12,0,1,0,0,0,0,0,0,0,0,0,1,0,1,0.9545454545454546,1.0,1.0,0.0,0.0,0.0,3,0,1
4686,49,16,33,4,17,5,23,16,12,0,1,0,0,0,0,0,0,0,0,0,0,0,0,1.0,1.0,1.0,0.0,0.0,0.0,3,0,0
4687,49,16,33,4,17,5,23,16,12,0,1,0,0,0,0,0,0,0,0,0,0,0,0,1.0,1.0,1.0,0.0,0.0,0.0,3,0,0
4688,49,16,33,4,17,5,23,16,12,0,1,0,0,0,0,0,0,0,0,0,0,0,0,1.0,1.0,1.0,0.0,0.0,0.0,3,0,0
4689,48,15,33,4,17,5,22,16,12,0,1,0,0,0,0,0,0,0,0,0,0,0,0,1.0,0.8571428571428572,1.0,0.0,0.0,0.0,3,0,1
4690,48,15,33,4,17,5,22,16,12,0,1,0,0,0,0,0,0,0,0,0,0,0,0,1.0,1.0,1.0,0.0,0.0,0.0,3,0,0
4691,52,17,35,8,17,5,22,16,11,0,2,0,0,0,0,0,0,0,0,1,0,0,0,1.0,1.0,1.0,0.08333333333333333,0.08333333333333333,0.0,3,4,0
4692,52,17,35,8,17,5,22,16,11,0,2,0,0,0,0,0,0,0,0,0,0,0,0,1.0,1.0,1.0,0.0,0.0,0.0,3,0,0
4693,52,17,35,8,17,5,22,16,11,0,2,0,0,0,0,0,0,0,0,0,0,0,0,1.0,1.0,1.0,0.0,0.0,0.0,3,0,0
4694,52,17,35,8,17,5,22,16,11,0,2,0,0,0,0,0,0,0,0,0,0,0,0,1.0,1.0,1.0,0.0,0.0,0.0,3,0,0
4695,52,17,35,8,17,5,22,16,11,0,2,0,0,0,0,0,0,0,0,0,0,0,0,1.0,1.0,1.0,0.0,0.0,0.0,3,0,0
4696,51,17,34,8,16,5,22,16,11,0,2,0,0,0,0,0,0,0,0,0,1,0,1,0.96,1.0,1.0,0.0,0.0,0.0,3,0,1
4697,54,18,36,11,16,5,22,16,10,0,3,0,0,0,0,0,0,0,0,1,0,0,0,1.0,1.0,1.0,0.058823529411764705,0.058823529411764705,0.0,3,3,0
4698,57,19,38,14,16,4,23,17,9,0,4,0,0,0,0,0,0,0,0,1,0,0,0,1.0,1.0,1.0,0.05555555555555555,0.05555555555555555,0.0,3,3,0
4699,64,21,43,21,16,4,23,17,7,0,6,0,0,0,0,0,0,0,0,2,0,0,0,1.0,1.0,1.0,0.12280701754385964,0.12280701754385964,0.0,3,7,0
4700,64,21,43,21,16,4,23,17,7,0,6,0,0,0,0,0,0,0,0,0,0,0,0,1.0,1.0,1.0,0.0,0.0,0.0,3,0,0
4701,68,24,44,25,16,4,23,17,6,0,7,0,0,0,0,0,0,0,0,1,0,0,0,1.0,1.0,1.0,0.0625,0.0625,0.0,3,4,0
4702,67,22,45,26,14,4,23,17,5,0,8,0,0,0,0,0,0,0,0,1,4,0,4,0.9024390243902439,1.0,1.0,0.04411764705882353,0.04411764705882353,0.0,3,3,4
4703,66,21,45,25,14,3,24,18,5,0,8,0,0,0,0,0,0,0,0,0,1,0,1,0.975,1.0,1.0,0.0,0.0,0.0,3,0,1
4704,59,20,39,21,11,3,24,18,5,0,8,0,0,0,0,0,0,0,0,0,7,0,7,0.8205128205128205,1.0,1.0,0.0,0.0,0.0,3,0,7
4705,59,20,39,21,11,3,24,18,5,0,8,0,0,0,0,0,0,0,0,0,0,0,0,1.0,1.0,1.0,0.0,0.0,0.0,3,0,0
4706,57,19,38,21,9,3,24,18,5,0,8,0,0,0,0,0,0,0,0,0,2,0,2,0.9375,1.0,1.0,0.0,0.0,0.0,3,0,2
4707,57,19,38,21,9,3,24,18,5,0,8,0,0,0,0,0,0,0,0,0,0,0,0,1.0,1.0,1.0,0.0,0.0,0.0,3,0,0
4708,54,18,36,20,7,3,24,18,5,0,8,0,0,0,0,0,0,0,0,0,3,0,3,0.9,1.0,1.0,0.0,0.0,0.0,3,0,3
4709,52,18,34,18,7,3,24,18,5,0,8,0,0,0,0,0,0,0,0,0,2,0,2,0.9259259259259259,1.0,1.0,0.0,0.0,0.0,3,0,2
4710,54,17,37,21,7,3,23,18,4,0,9,0,0,0,0,0,0,0,0,1,0,0,0,1.0,0.8333333333333334,1.0,0.057692307692307696,0.057692307692307696,0.0,3,3,1
4711,54,17,37,21,7,3,23,18,4,0,9,0,0,0,0,0,0,0,0,0,0,0,0,1.0,1.0,1.0,0.0,0.0,0.0,3,0,0
4712,56,19,37,23,7,3,23,18,3,0,10,0,0,0,0,0,0,0,0,1,1,0,1,0.9642857142857143,1.0,1.0,0.05555555555555555,0.05555555555555555,0.0,3,3,1
4713,56,19,37,23,7,3,23,18,3,0,10,0,0,0,0,0,0,0,0,0,0,0,0,1.0,1.0,1.0,0.0,0.0,0.0,3,0,0
4714,58,20,38,25,7,3,23,18,2,0,11,0,0,0,0,0,0,0,0,1,1,0,1,0.9666666666666667,1.0,1.0,0.05357142857142857,0.05357142857142857,0.0,3,3,1
4715,58,20,38,25,7,3,23,18,2,0,11,0,0,0,0,0,0,0,0,0,0,0,0,1.0,1.0,1.0,0.0,0.0,0.0,3,0,0
4716,58,20,38,25,7,3,23,18,2,0,11,0,0,0,0,0,0,0,0,0,0,0,0,1.0,1.0,1.0,0.0,0.0,0.0,3,0,0
4717,57,19,38,24,7,3,23,18,2,0,11,0,0,0,0,0,0,0,0,0,1,0,1,0.96875,1.0,1.0,0.0,0.0,0.0,3,0,1
4718,57,19,38,24,7,3,23,18,2,0,11,0,0,0,0,0,0,0,0,0,0,0,0,1.0,1.0,1.0,0.0,0.0,0.0,3,0,0
4719,56,19,37,23,7,3,23,18,2,0,11,0,0,0,0,0,0,0,0,0,1,0,1,0.967741935483871,1.0,1.0,0.0,0.0,0.0,3,0,1
4720,56,19,37,21,9,3,23,18,2,0,11,0,0,0,0,0,0,0,0,0,0,0,0,1.0,1.0,1.0,0.0,0.0,0.0,3,0,0
4721,55,18,37,21,8,3,23,18,2,0,11,0,0,0,0,0,0,0,0,0,1,0,1,0.9666666666666667,1.0,1.0,0.0,0.0,0.0,3,0,1
4722,53,17,36,20,7,3,23,18,2,0,10,0,0,0,0,0,0,0,0,0,2,0,2,0.9310344827586207,1.0,1.0,0.0,0.0,0.0,3,0,2
4723,53,17,36,20,7,3,23,18,2,0,10,0,0,0,0,0,0,0,0,0,0,0,0,1.0,1.0,1.0,0.0,0.0,0.0,3,0,0
4724,53,17,36,20,7,3,23,18,2,0,10,0,0,0,0,0,0,0,0,0,0,0,0,1.0,1.0,1.0,0.0,0.0,0.0,3,0,0
4725,53,17,36,20,7,3,23,18,2,0,10,0,0,0,0,0,0,0,0,0,0,0,0,1.0,1.0,1.0,0.0,0.0,0.0,3,0,0
4726,53,17,36,20,7,2,24,19,2,0,10,0,0,0,0,0,0,0,0,0,0,0,0,1.0,1.0,1.0,0.0,0.0,0.0,3,0,0
4727,53,17,36,20,7,2,24,19,2,0,10,0,0,0,0,0,0,0,0,0,0,0,0,1.0,1.0,1.0,0.0,0.0,0.0,3,0,0
4728,52,17,35,19,7,2,24,19,2,0,10,0,0,0,0,0,0,0,0,0,1,0,1,0.962962962962963,1.0,1.0,0.0,0.0,0.0,3,0,1
4729,51,17,34,19,6,2,24,19,2,0,10,0,0,0,0,0,0,0,0,0,1,0,1,0.9615384615384616,1.0,1.0,0.0,0.0,0.0,3,0,1
4730,51,17,34,19,6,2,24,19,2,0,10,0,0,0,0,0,0,0,0,0,0,0,0,1.0,1.0,1.0,0.0,0.0,0.0,3,0,0
4731,50,16,34,18,6,2,24,19,2,0,10,0,0,0,0,0,0,0,0,0,1,0,1,0.96,1.0,1.0,0.0,0.0,0.0,3,0,1
4732,50,16,34,18,6,2,24,19,2,0,10,0,0,0,0,0,0,0,0,0,0,0,0,1.0,1.0,1.0,0.0,0.0,0.0,3,0,0
4733,50,16,34,18,6,2,24,19,2,0,10,0,0,0,0,0,0,0,0,0,0,0,0,1.0,1.0,1.0,0.0,0.0,0.0,3,0,0
4734,50,16,34,14,10,2,24,19,2,0,10,0,0,0,0,0,0,0,0,0,0,0,0,1.0,1.0,1.0,0.0,0.0,0.0,3,0,0
4735,50,16,34,14,10,2,24,19,2,0,10,0,0,0,0,0,0,0,0,0,0,0,0,1.0,1.0,1.0,0.0,0.0,0.0,3,0,0
4736,54,18,36,18,10,2,24,19,1,0,10,0,0,0,0,0,0,0,0,1,0,0,0,1.0,1.0,1.0,0.08,0.08,0.0,3,4,0
4737,54,18,36,18,10,2,24,19,1,0,10,0,0,0,0,0,0,0,0,0,0,0,0,1.0,1.0,1.0,0.0,0.0,0.0,3,0,0
4738,54,18,36,18,10,2,24,19,1,0,10,0,0,0,0,0,0,0,0,0,0,0,0,1.0,1.0,1.0,0.0,0.0,0.0,3,0,0
4739,54,18,36,18,10,2,24,19,1,0,10,0,0,0,0,0,0,0,0,0,0,0,0,1.0,1.0,1.0,0.0,0.0,0.0,3,0,0
4740,54,18,36,17,11,2,24,19,1,0,10,0,0,0,0,0,0,0,0,0,0,0,0,1.0,1.0,1.0,0.0,0.0,0.0,3,0,0
4741,53,17,36,16,11,2,24,19,1,0,10,0,0,0,0,0,0,0,0,0,1,0,1,0.9642857142857143,1.0,1.0,0.0,0.0,0.0,3,0,1
4742,52,17,35,12,15,2,23,18,1,0,9,0,0,0,0,0,0,0,0,0,0,0,0,1.0,1.0,0.9473684210526316,0.0,0.0,0.0,3,0,1
4743,52,17,35,12,15,2,23,18,1,0,8,0,0,0,0,0,0,0,0,0,0,0,0,1.0,1.0,1.0,0.0,0.0,0.0,3,0,0
4744,56,19,37,15,16,2,23,18,0,0,7,0,0,0,0,0,0,0,0,1,0,0,0,1.0,1.0,1.0,0.07692307692307693,0.07692307692307693,0.0,3,4,0
4745,56,19,37,14,17,2,23,18,0,0,7,0,0,0,0,0,0,0,0,0,0,0,0,1.0,1.0,1.0,0.0,0.0,0.0,3,0,0
4746,56,19,37,14,17,2,23,18,0,0,6,0,0,0,0,0,0,0,0,0,0,0,0,1.0,1.0,1.0,0.0,0.0,0.0,3,0,0
4747,55,18,37,14,16,2,23,18,0,0,5,0,0,0,0,0,0,0,0,0,1,0,1,0.967741935483871,1.0,1.0,0.0,0.0,0.0,3,0,1
4748,54,17,37,14,15,2,23,18,0,0,5,0,0,0,0,0,0,0,0,0,1,0,1,0.9666666666666667,1.0,1.0,0.0,0.0,0.0,3,0,1
4749,54,17,37,14,15,2,23,18,0,0,5,0,0,0,0,0,0,0,0,0,0,0,0,1.0,1.0,1.0,0.0,0.0,0.0,3,0,0
4750,54,17,37,14,15,2,23,18,0,0,5,0,0,0,0,0,0,0,0,0,0,0,0,1.0,1.0,1.0,0.0,0.0,0.0,3,0,0
4751,53,17,36,14,14,2,23,18,0,0,5,0,0,0,0,0,0,0,0,0,1,0,1,0.9655172413793104,1.0,1.0,0.0,0.0,0.0,3,0,1
4752,53,17,36,14,14,2,23,18,0,0,5,0,0,0,0,0,0,0,0,0,0,0,0,1.0,1.0,1.0,0.0,0.0,0.0,3,0,0
4753,53,17,36,12,16,2,23,18,0,0,5,0,0,0,0,0,0,0,0,0,0,0,0,1.0,1.0,1.0,0.0,0.0,0.0,3,0,0
4754,53,17,36,12,16,2,23,18,0,0,5,0,0,0,0,0,0,0,0,0,0,0,0,1.0,1.0,1.0,0.0,0.0,0.0,3,0,0
4755,52,16,36,11,16,1,24,19,0,0,4,0,0,0,0,0,0,0,0,0,1,0,1,0.9642857142857143,1.0,1.0,0.0,0.0,0.0,3,0,1
4756,52,16,36,11,16,1,24,19,0,0,4,0,0,0,0,0,0,0,0,0,0,0,0,1.0,1.0,1.0,0.0,0.0,0.0,3,0,0
4757,51,16,35,8,19,1,23,18,0,0,2,0,0,0,0,0,0,0,0,0,0,0,0,1.0,1.0,0.9473684210526316,0.0,0.0,0.0,3,0,1
4758,51,16,35,8,19,1,23,18,0,0,2,0,0,0,0,0,0,0,0,0,0,0,0,1.0,1.0,1.0,0.0,0.0,0.0,3,0,0
4759,51,16,35,8,19,1,23,18,0,0,2,0,0,0,0,0,0,0,0,0,0,0,0,1.0,1.0,1.0,0.0,0.0,0.0,3,0,0
4760,50,15,35,8,18,1,23,18,0,0,2,0,0,0,0,0,0,0,0,0,1,0,1,0.962962962962963,1.0,1.0,0.0,0.0,0.0,3,0,1
4761,50,15,35,8,18,1,23,18,0,0,2,0,0,0,0,0,0,0,0,0,0,0,0,1.0,1.0,1.0,0.0,0.0,0.0,3,0,0
4762,50,15,35,8,18,1,23,18,0,0,2,0,0,0,0,0,0,0,0,0,0,0,0,1.0,1.0,1.0,0.0,0.0,0.0,3,0,0
4763,49,15,34,8,17,1,23,18,0,0,2,0,0,0,0,0,0,0,0,0,1,0,1,0.9615384615384616,1.0,1.0,0.0,0.0,0.0,3,0,1
4764,49,15,34,8,17,1,23,18,0,0,2,0,0,0,0,0,0,0,0,0,0,0,0,1.0,1.0,1.0,0.0,0.0,0.0,3,0,0
4765,49,15,34,8,17,1,23,18,0,0,2,0,0,0,0,0,0,0,0,0,0,0,0,1.0,1.0,1.0,0.0,0.0,0.0,3,0,0
4766,49,15,34,8,17,1,23,18,0,0,2,0,0,0,0,0,0,0,0,0,0,0,0,1.0,1.0,1.0,0.0,0.0,0.0,3,0,0
4767,49,15,34,8,17,1,23,18,0,0,2,0,0,0,0,0,0,0,0,0,0,0,0,1.0,1.0,1.0,0.0,0.0,0.0,3,0,0
4768,49,15,34,8,17,1,23,18,0,0,2,0,0,0,0,0,0,0,0,0,0,0,0,1.0,1.0,1.0,0.0,0.0,0.0,3,0,0
4769,48,15,33,7,17,1,23,18,0,0,2,0,0,0,0,0,0,0,0,0,1,0,1,0.96,1.0,1.0,0.0,0.0,0.0,3,0,1
4770,48,15,33,7,17,1,23,18,0,0,2,0,0,0,0,0,0,0,0,0,0,0,0,1.0,1.0,1.0,0.0,0.0,0.0,3,0,0
4771,48,15,33,7,17,1,23,18,0,0,2,0,0,0,0,0,0,0,0,0,0,1,0,1.0,1.0,1.0,0.0,0.0,0.0,3,0,0
4772,48,15,33,7,17,1,23,18,0,0,2,0,0,0,0,0,0,0,0,0,0,0,0,1.0,1.0,1.0,0.0,0.0,0.0,3,0,0
4773,48,15,33,7,17,1,23,18,0,0,2,0,0,0,0,0,0,0,0,0,0,0,0,1.0,1.0,1.0,0.0,0.0,0.0,3,0,0
4774,48,15,33,7,17,1,23,18,0,0,2,0,0,0,0,0,0,0,0,0,0,0,0,1.0,1.0,1.0,0.0,0.0,0.0,3,0,0
4775,48,15,33,7,16,2,23,18,3,0,2,0,0,0,0,0,18,3,0,0,0,0,0,1.0,1.0,1.0,0.0,0.0,0.16666666666666666,3,0,0
4776,47,15,32,6,16,2,23,18,5,1,2,0,0,0,0,0,20,2,1,0,1,0,1,0.9565217391304348,1.0,1.0,0.0,0.0,0.1,3,0,1
4777,47,15,32,6,16,2,23,18,6,1,2,0,0,0,0,0,9,1,0,0,0,0,0,1.0,1.0,1.0,0.0,0.0,0.1111111111111111,3,0,0
4778,47,15,32,6,16,2,23,18,6,1,2,0,0,0,0,0,3,0,0,0,0,0,0,1.0,1.0,1.0,0.0,0.0,0.0,3,0,0
4779,47,15,32,3,19,2,23,18,7,2,2,0,0,0,0,0,6,1,1,0,0,0,0,1.0,1.0,1.0,0.0,0.0,0.16666666666666666,3,0,0
4780,47,15,32,3,19,2,23,18,7,2,2,0,0,0,0,0,0,0,0,0,0,0,0,1.0,1.0,1.0,0.0,0.0,0.0,3,0,0
4781,47,15,32,3,19,2,23,18,7,2,1,0,0,0,0,0,0,0,0,0,0,0,0,1.0,1.0,1.0,0.0,0.0,0.0,3,0,0
4782,47,15,32,3,19,2,23,18,8,2,1,0,0,0,0,0,6,1,0,0,0,0,0,1.0,1.0,1.0,0.0,0.0,0.16666666666666666,3,0,0
4783,47,15,32,3,19,2,23,18,8,2,1,0,0,0,0,0,0,0,0,0,0,0,0,1.0,1.0,1.0,0.0,0.0,0.0,3,0,0
4784,47,15,32,3,19,2,23,18,8,2,1,0,0,0,0,0,0,0,0,0,0,0,0,1.0,1.0,1.0,0.0,0.0,0.0,3,0,0
4785,47,15,32,3,19,2,23,18,8,2,1,0,0,0,0,0,0,0,0,0,0,0,0,1.0,1.0,1.0,0.0,0.0,0.0,3,0,0
4786,47,15,32,3,19,2,23,18,8,2,1,0,0,0,0,0,0,0,0,0,0,0,0,1.0,1.0,1.0,0.0,0.0,0.0,3,0,0
4787,46,15,31,0,21,2,23,18,8,2,1,0,0,0,0,0,0,0,0,0,1,0,1,0.9545454545454546,1.0,1.0,0.0,0.0,0.0,3,0,1
4788,46,15,31,0,21,2,23,18,8,2,1,0,0,0,0,0,2,0,0,0,0,0,0,1.0,1.0,1.0,0.0,0.0,0.0,3,0,0
4789,46,15,31,0,21,2,23,18,8,2,0,0,0,0,0,0,2,0,0,0,0,0,0,1.0,1.0,1.0,0.0,0.0,0.0,3,0,0
4790,46,15,31,0,21,2,23,18,8,3,0,0,0,0,0,0,1,0,1,0,0,0,0,1.0,1.0,1.0,0.0,0.0,0.0,3,0,0
4791,46,15,31,0,21,2,23,18,10,3,0,0,0,0,0,0,8,2,0,0,0,0,0,1.0,1.0,1.0,0.0,0.0,0.25,3,0,0
4792,46,15,31,0,21,2,23,18,11,3,0,0,0,0,0,0,8,1,0,0,0,0,0,1.0,1.0,1.0,0.0,0.0,0.125,3,0,0
4793,46,15,31,0,21,2,23,18,12,3,0,0,0,0,0,0,8,1,0,0,0,0,0,1.0,1.0,1.0,0.0,0.0,0.125,3,0,0
4794,46,15,31,0,21,2,23,18,12,3,0,0,0,0,0,0,0,0,0,0,0,0,0,1.0,1.0,1.0,0.0,0.0,0.0,3,0,0
4795,46,15,31,0,21,2,23,18,12,3,0,0,0,0,0,0,0,0,0,0,0,0,0,1.0,1.0,1.0,0.0,0.0,0.0,3,0,0
4796,46,15,31,0,21,2,23,18,12,3,0,0,0,0,0,0,0,0,0,0,0,0,0,1.0,1.0,1.0,0.0,0.0,0.0,3,0,0
4797,46,15,31,0,21,2,23,18,12,3,0,0,0,0,0,0,0,0,0,0,0,0,0,1.0,1.0,1.0,0.0,0.0,0.0,3,0,0
4798,46,15,31,0,21,2,23,18,12,3,0,0,0,0,0,0,0,0,0,0,0,0,0,1.0,1.0,1.0,0.0,0.0,0.0,3,0,0
4799,46,15,31,0,21,2,23,18,12,3,0,0,0,0,0,0,0,0,0,0,0,0,0,1.0,1.0,1.0,0.0,0.0,0.0,3,0,0
4800,46,15,31,0,21,2,23,18,12,3,0,0,0,0,0,0,0,0,0,0,0,0,0,1.0,1.0,1.0,0.0,0.0,0.0,3,0,0
4801,45,15,30,0,20,2,23,18,13,3,0,0,0,0,0,0,8,1,0,0,1,0,1,0.9523809523809523,1.0,1.0,0.0,0.0,0.125,3,0,1
4802,45,15,30,0,20,2,23,18,14,4,0,0,0,0,0,0,8,1,1,0,0,0,0,1.0,1.0,1.0,0.0,0.0,0.125,3,0,0
4803,45,15,30,0,20,2,23,18,14,4,0,0,0,0,0,0,0,0,0,0,0,0,0,1.0,1.0,1.0,0.0,0.0,0.0,3,0,0
4804,45,15,30,0,20,2,23,18,14,4,0,0,0,0,0,0,0,0,0,0,0,0,0,1.0,1.0,1.0,0.0,0.0,0.0,3,0,0
4805,45,15,30,0,20,2,23,18,14,4,0,0,0,0,0,0,0,0,0,0,0,0,0,1.0,1.0,1.0,0.0,0.0,0.0,3,0,0
4806,44,15,29,0,19,2,23,18,14,4,0,0,0,0,0,0,0,0,0,0,1,0,1,0.95,1.0,1.0,0.0,0.0,0.0,3,0,1
4807,44,15,29,0,19,2,23,18,14,4,0,0,0,0,0,0,0,0,0,0,0,0,0,1.0,1.0,1.0,0.0,0.0,0.0,3,0,0
4808,44,15,29,0,19,2,23,18,14,4,0,0,0,0,0,0,0,0,0,0,0,0,0,1.0,1.0,1.0,0.0,0.0,0.0,3,0,0
4809,44,15,29,0,19,2,23,18,14,4,0,0,0,0,0,0,0,0,0,0,0,0,0,1.0,1.0,1.0,0.0,0.0,0.0,3,0,0
4810,44,15,29,0,19,2,23,18,14,4,0,0,0,0,0,0,0,0,0,0,0,0,0,1.0,1.0,1.0,0.0,0.0,0.0,3,0,0
4811,44,15,29,0,19,2,23,18,14,4,0,0,0,0,0,0,0,0,0,0,0,0,0,1.0,1.0,1.0,0.0,0.0,0.0,3,0,0
4812,44,15,29,0,19,2,23,18,14,4,0,0,0,0,0,0,0,0,0,0,0,0,0,1.0,1.0,1.0,0.0,0.0,0.0,3,0,0
4813,44,15,29,0,19,2,23,18,14,4,0,0,0,0,0,0,0,0,0,0,0,0,0,1.0,1.0,1.0,0.0,0.0,0.0,3,0,0
4814,44,15,29,0,19,2,23,18,14,4,0,0,0,0,0,0,0,0,0,0,0,0,0,1.0,1.0,1.0,0.0,0.0,0.0,3,0,0
4815,44,15,29,0,19,2,23,18,14,4,0,0,0,0,0,0,0,0,0,0,0,1,0,1.0,1.0,1.0,0.0,0.0,0.0,3,0,0
4816,44,15,29,0,19,2,23,18,14,4,0,0,0,0,0,0,0,0,0,0,0,0,0,1.0,1.0,1.0,0.0,0.0,0.0,3,0,0
4817,44,15,29,0,19,2,23,18,14,4,0,0,0,0,0,0,0,0,0,0,0,0,0,1.0,1.0,1.0,0.0,0.0,0.0,3,0,0
4818,44,15,29,0,19,2,23,18,14,4,0,0,0,0,0,0,0,0,0,0,0,0,0,1.0,1.0,1.0,0.0,0.0,0.0,3,0,0
4819,44,15,29,0,18,3,23,18,14,4,0,0,0,0,0,0,0,0,0,0,0,0,0,1.0,1.0,1.0,0.0,0.0,0.0,3,0,0
4820,44,15,29,0,18,3,23,18,14,4,0,0,0,0,0,0,0,0,0,0,0,0,0,1.0,1.0,1.0,0.0,0.0,0.0,3,0,0
4821,44,15,29,0,18,3,23,18,14,3,0,0,0,0,0,0,0,0,0,0,0,0,0,1.0,1.0,1.0,0.0,0.0,0.0,3,0,0
4822,43,14,29,0,18,3,22,18,15,3,0,0,0,0,0,0,5,1,0,0,0,0,0,1.0,0.8,1.0,0.0,0.0,0.2,3,0,1
4823,43,14,29,0,18,3,22,18,15,3,0,0,0,0,0,0,0,0,0,0,0,0,0,1.0,1.0,1.0,0.0,0.0,0.0,3,0,0
4824,43,14,29,0,18,3,22,18,15,2,0,0,0,0,0,0,0,0,0,0,0,0,0,1.0,1.0,1.0,0.0,0.0,0.0,3,0,0
4825,43,14,29,0,18,3,22,18,16,2,0,0,0,0,0,0,3,1,0,0,0,0,0,1.0,1.0,1.0,0.0,0.0,0.3333333333333333,3,0,0
4826,43,14,29,0,18,3,22,18,16,2,0,0,0,0,0,0,0,0,0,0,0,0,0,1.0,1.0,1.0,0.0,0.0,0.0,3,0,0
4827,42,13,29,0,18,3,21,18,16,2,0,0,0,0,0,0,0,0,0,0,0,0,0,1.0,0.75,1.0,0.0,0.0,0.0,3,0,1
4828,42,13,29,0,18,3,21,18,16,2,0,0,0,0,0,0,0,0,0,0,0,0,0,1.0,1.0,1.0,0.0,0.0,0.0,3,0,0
4829,42,13,29,0,18,3,21,18,16,2,0,0,0,0,0,0,0,0,0,0,0,0,0,1.0,1.0,1.0,0.0,0.0,0.0,3,0,0
4830,42,13,29,0,18,3,21,18,16,2,0,0,0,0,0,0,0,0,0,0,0,0,0,1.0,1.0,1.0,0.0,0.0,0.0,3,0,0
4831,42,13,29,0,18,3,21,18,16,2,0,0,0,0,0,0,0,0,0,0,0,0,0,1.0,1.0,1.0,0.0,0.0,0.0,3,0,0
4832,41,12,29,0,17,3,21,18,16,2,0,0,0,0,0,0,0,0,0,0,1,0,1,0.9444444444444444,1.0,1.0,0.0,0.0,0.0,3,0,1
4833,41,12,29,0,17,3,21,18,16,2,0,0,0,0,0,0,0,0,0,0,0,0,0,1.0,1.0,1.0,0.0,0.0,0.0,3,0,0
4834,41,12,29,0,17,3,21,18,16,2,0,0,0,0,0,0,0,0,0,0,0,0,0,1.0,1.0,1.0,0.0,0.0,0.0,3,0,0
4835,41,12,29,0,17,2,22,19,16,1,0,0,0,0,0,0,0,0,0,0,0,0,0,1.0,1.0,1.0,0.0,0.0,0.0,3,0,0
4836,40,12,28,0,17,2,21,18,15,1,0,0,0,0,0,0,6,0,0,0,0,0,0,1.0,1.0,0.9473684210526316,0.0,0.0,0.0,3,0,1
4837,40,12,28,0,17,2,21,18,16,1,0,0,0,0,0,0,5,1,0,0,0,0,0,1.0,1.0,1.0,0.0,0.0,0.2,3,0,0
4838,40,12,28,0,17,2,21,18,16,1,0,0,0,0,0,0,0,0,0,0,0,0,0,1.0,1.0,1.0,0.0,0.0,0.0,3,0,0
4839,40,12,28,0,17,2,21,18,16,1,0,0,0,0,0,0,0,0,0,0,0,0,0,1.0,1.0,1.0,0.0,0.0,0.0,3,0,0
4840,51,19,32,11,17,2,21,18,14,1,3,0,0,0,0,0,7,1,0,3,0,0,0,1.0,1.0,1.0,0.275,0.275,0.14285714285714285,3,11,0
4841,58,22,36,18,17,2,21,18,12,1,5,0,0,0,0,0,0,0,0,2,0,0,0,1.0,1.0,1.0,0.13725490196078433,0.13725490196078433,0.0,3,7,0
4842,62,24,38,22,17,2,21,18,11,1,6,0,0,0,0,0,0,0,0,1,0,0,0,1.0,1.0,1.0,0.06896551724137931,0.06896551724137931,0.0,3,4,0
4843,60,22,38,21,16,2,21,18,11,1,6,0,0,0,0,0,0,0,0,0,2,0,2,0.9487179487179487,1.0,1.0,0.0,0.0,0.0,3,0,2
4844,62,22,40,23,16,2,21,18,10,1,7,0,0,0,0,0,0,0,0,1,2,0,2,0.9459459459459459,1.0,1.0,0.06666666666666667,0.06666666666666667,0.0,3,4,2
4845,62,22,40,23,16,2,21,18,10,1,7,0,0,0,0,0,0,0,0,0,0,0,0,1.0,1.0,1.0,0.0,0.0,0.0,3,0,0
4846,62,22,40,23,16,2,21,18,10,1,7,0,0,0,0,0,0,0,0,0,0,0,0,1.0,1.0,1.0,0.0,0.0,0.0,3,0,0
4847,64,23,41,25,16,2,21,18,9,0,8,0,0,0,0,0,0,0,0,1,1,0,1,0.9743589743589743,1.0,1.0,0.04838709677419355,0.04838709677419355,0.0,3,3,1
4848,62,22,40,24,15,2,21,18,9,1,8,0,0,0,0,0,2,0,1,0,2,0,2,0.9512195121951219,1.0,1.0,0.0,0.0,0.0,3,0,2
4849,61,22,39,24,14,2,21,18,9,1,8,0,0,0,0,0,0,0,0,0,1,0,1,0.9743589743589743,1.0,1.0,0.0,0.0,0.0,3,0,1
4850,58,21,37,22,13,2,21,18,9,1,8,0,0,0,0,0,0,0,0,0,3,0,3,0.9210526315789473,1.0,1.0,0.0,0.0,0.0,3,0,3
4851,58,21,37,22,13,2,21,18,9,1,8,0,0,0,0,0,0,0,0,0,0,0,0,1.0,1.0,1.0,0.0,0.0,0.0,3,0,0
4852,57,21,36,21,13,2,21,18,9,1,8,0,0,0,0,0,0,0,0,0,1,0,1,0.9714285714285714,1.0,1.0,0.0,0.0,0.0,3,0,1
4853,56,20,36,21,12,2,21,18,9,1,8,0,0,0,0,0,0,0,0,0,1,0,1,0.9705882352941176,1.0,1.0,0.0,0.0,0.0,3,0,1
4854,56,20,36,21,12,2,21,18,9,1,8,0,0,0,0,0,0,0,0,0,0,0,0,1.0,1.0,1.0,0.0,0.0,0.0,3,0,0
4855,56,20,36,21,12,2,21,18,9,1,8,0,0,0,0,0,0,0,0,0,0,0,0,1.0,1.0,1.0,0.0,0.0,0.0,3,0,0
4856,62,24,38,27,12,2,21,18,7,1,10,0,0,0,0,0,0,0,0,2,0,0,0,1.0,1.0,1.0,0.10714285714285714,0.10714285714285714,0.0,3,6,0
4857,65,24,41,31,11,1,22,19,6,1,11,0,0,0,0,0,1,0,0,1,1,1,1,0.9743589743589743,1.0,1.0,0.06451612903225806,0.06451612903225806,0.0,3,4,1
4858,65,23,42,32,10,1,22,19,5,1,12,0,0,0,0,0,0,0,0,1,3,0,3,0.9285714285714286,1.0,1.0,0.046153846153846156,0.046153846153846156,0.0,3,3,3
4859,61,21,40,28,10,1,22,19,5,1,12,0,0,0,0,0,0,0,0,0,4,0,4,0.9047619047619048,1.0,1.0,0.0,0.0,0.0,3,0,4
4860,60,21,39,27,10,1,22,19,5,1,12,0,0,0,0,0,0,0,0,0,1,0,1,0.9736842105263158,1.0,1.0,0.0,0.0,0.0,3,0,1
4861,59,21,38,26,9,2,22,19,5,1,12,0,0,0,0,0,0,0,0,0,1,0,1,0.9722222222222222,1.0,1.0,0.0,0.0,0.0,3,0,1
4862,59,21,38,26,9,2,22,19,5,1,12,0,0,0,0,0,0,0,0,0,0,0,0,1.0,1.0,1.0,0.0,0.0,0.0,3,0,0
4863,58,20,38,26,9,2,21,19,5,1,12,0,0,0,0,0,0,0,0,0,0,0,0,1.0,0.6666666666666667,1.0,0.0,0.0,0.0,3,0,1
4864,56,20,36,25,8,2,21,19,5,1,12,0,0,0,0,0,0,0,0,0,2,0,2,0.9428571428571428,1.0,1.0,0.0,0.0,0.0,3,0,2
4865,56,20,36,25,8,2,21,19,5,1,12,0,0,0,0,0,0,0,0,0,0,0,0,1.0,1.0,1.0,0.0,0.0,0.0,3,0,0
4866,60,24,36,29,8,2,21,19,5,1,13,0,0,0,0,0,8,1,0,1,0,0,0,1.0,1.0,1.0,0.07142857142857142,0.07142857142857142,0.125,3,4,0
4867,63,25,38,32,8,2,21,19,4,1,14,0,0,0,0,0,0,0,0,1,1,0,1,0.972972972972973,1.0,1.0,0.06666666666666667,0.06666666666666667,0.0,3,4,1
4868,62,25,37,31,8,2,21,19,4,1,14,0,0,0,0,0,0,0,0,0,1,0,1,0.975,1.0,1.0,0.0,0.0,0.0,3,0,1
4869,60,24,36,29,8,2,21,19,4,1,14,0,0,0,0,0,0,0,0,0,2,0,2,0.9487179487179487,1.0,1.0,0.0,0.0,0.0,3,0,2
4870,57,23,34,27,7,2,21,19,4,1,14,0,0,0,0,0,0,0,0,0,3,0,3,0.9189189189189189,1.0,1.0,0.0,0.0,0.0,3,0,3
4871,54,21,33,25,7,2,20,19,4,1,14,0,0,0,0,0,0,0,0,0,2,0,2,0.9411764705882353,0.5,1.0,0.0,0.0,0.0,3,0,3
4872,54,21,33,25,7,2,20,19,4,1,14,0,0,0,0,0,0,0,0,0,0,0,0,1.0,1.0,1.0,0.0,0.0,0.0,3,0,0
4873,54,21,33,25,7,2,20,19,4,1,14,0,0,0,0,0,0,0,0,0,0,0,0,1.0,1.0,1.0,0.0,0.0,0.0,3,0,0
4874,54,21,33,25,7,2,20,19,4,1,14,0,0,0,0,0,0,0,0,0,0,0,0,1.0,1.0,1.0,0.0,0.0,0.0,3,0,0
4875,53,20,33,25,6,2,20,19,4,1,14,0,0,0,0,0,0,0,0,0,1,0,1,0.96875,1.0,1.0,0.0,0.0,0.0,3,0,1
4876,53,20,33,25,6,2,20,19,4,1,14,0,0,0,0,0,0,0,0,0,0,0,0,1.0,1.0,1.0,0.0,0.0,0.0,3,0,0
4877,52,20,32,25,6,2,19,18,4,1,13,0,0,0,0,0,0,0,0,0,0,1,0,1.0,1.0,0.9473684210526316,0.0,0.0,0.0,3,0,1
4878,52,20,32,25,6,2,19,18,4,1,13,0,0,0,0,0,0,0,0,0,0,1,0,1.0,1.0,1.0,0.0,0.0,0.0,3,0,0
4879,52,20,32,25,6,2,19,18,4,1,13,0,0,0,0,0,0,0,0,0,0,1,0,1.0,1.0,1.0,0.0,0.0,0.0,3,0,0
4880,52,20,32,25,6,2,19,18,4,1,13,0,0,0,0,0,0,0,0,0,0,0,0,1.0,1.0,1.0,0.0,0.0,0.0,3,0,0
4881,52,20,32,25,5,3,19,18,4,1,13,0,0,0,0,0,0,0,0,0,0,0,0,1.0,1.0,1.0,0.0,0.0,0.0,3,0,0
4882,51,20,31,25,3,4,19,18,4,1,13,0,0,0,0,0,0,0,0,0,1,0,1,0.9655172413793104,1.0,1.0,0.0,0.0,0.0,3,0,1
4883,51,20,31,21,6,5,19,18,4,1,13,0,0,0,0,0,0,0,0,0,0,0,0,1.0,1.0,1.0,0.0,0.0,0.0,3,0,0
4884,51,20,31,18,9,5,19,18,4,1,13,0,0,0,0,0,0,0,0,0,0,0,0,1.0,1.0,1.0,0.0,0.0,0.0,3,0,0
4885,51,20,31,18,9,5,19,18,4,1,10,0,0,0,0,0,0,0,0,0,0,0,0,1.0,1.0,1.0,0.0,0.0,0.0,3,0,0
4886,51,20,31,18,9,5,19,18,5,1,8,0,0,0,0,0,2,1,0,0,0,0,0,1.0,1.0,1.0,0.0,0.0,0.5,3,0,0
4887,54,20,34,19,11,5,19,18,5,1,8,0,0,0,0,0,2,1,0,1,0,0,0,1.0,1.0,1.0,0.058823529411764705,0.058823529411764705,0.5,3,3,0
4888,54,20,34,19,11,5,19,18,6,1,8,0,0,0,0,0,5,1,0,0,0,0,0,1.0,1.0,1.0,0.0,0.0,0.2,3,0,0
4889,54,20,34,19,11,5,19,18,8,1,7,0,0,0,0,0,8,2,0,0,0,0,0,1.0,1.0,1.0,0.0,0.0,0.25,3,0,0
4890,54,20,34,17,13,5,19,18,9,1,7,0,0,0,0,0,4,1,0,0,0,1,0,1.0,1.0,1.0,0.0,0.0,0.25,3,0,0
4891,54,20,34,17,13,5,19,18,9,2,7,0,0,0,0,0,2,0,1,0,0,0,0,1.0,1.0,1.0,0.0,0.0,0.0,3,0,0
4892,53,20,33,16,13,5,19,18,9,2,6,0,0,0,0,0,0,0,0,0,1,0,1,0.9666666666666667,1.0,1.0,0.0,0.0,0.0,3,0,1
4893,52,20,32,15,13,5,19,18,10,1,6,0,0,0,0,0,6,1,0,0,1,0,1,0.9655172413793104,1.0,1.0,0.0,0.0,0.16666666666666666,3,0,1
4894,51,19,32,15,11,6,19,18,11,1,6,0,0,0,0,0,7,1,0,0,1,0,1,0.962962962962963,1.0,1.0,0.0,0.0,0.14285714285714285,3,0,1
4895,50,18,32,14,11,6,19,18,11,1,6,0,0,0,0,0,0,0,0,0,1,0,1,0.9615384615384616,1.0,1.0,0.0,0.0,0.0,3,0,1
4896,50,18,32,14,11,6,19,18,11,1,6,0,0,0,0,0,0,0,0,0,0,0,0,1.0,1.0,1.0,0.0,0.0,0.0,3,0,0
4897,50,18,32,14,11,6,19,18,11,1,6,0,0,0,0,0,0,0,0,0,0,0,0,1.0,1.0,1.0,0.0,0.0,0.0,3,0,0
4898,50,18,32,14,11,6,19,18,11,1,6,0,0,0,0,0,0,0,0,0,0,0,0,1.0,1.0,1.0,0.0,0.0,0.0,3,0,0
4899,50,18,32,11,14,6,19,18,11,1,6,0,0,0,0,0,0,0,0,0,0,0,0,1.0,1.0,1.0,0.0,0.0,0.0,3,0,0
4900,50,18,32,11,14,6,19,18,11,1,6,0,0,0,0,0,0,0,0,0,0,0,0,1.0,1.0,1.0,0.0,0.0,0.0,3,0,0
4901,50,18,32,9,16,6,19,18,11,1,5,0,0,0,0,0,0,0,0,0,0,0,0,1.0,1.0,1.0,0.0,0.0,0.0,3,0,0
4902,54,20,34,13,16,6,19,18,11,1,5,0,0,0,0,0,6,1,0,1,0,0,0,1.0,1.0,1.0,0.08,0.08,0.16666666666666666,3,4,0
4903,53,19,34,13,15,6,19,18,12,1,4,0,0,0,0,0,7,1,0,0,1,0,1,0.9655172413793104,1.0,1.0,0.0,0.0,0.14285714285714285,3,0,1
4904,53,19,34,13,15,6,19,18,13,1,4,0,0,0,0,0,4,1,0,0,0,0,0,1.0,1.0,1.0,0.0,0.0,0.25,3,0,0
4905,56,19,37,16,15,6,19,18,12,1,5,0,0,0,0,0,0,0,0,1,0,0,0,1.0,1.0,1.0,0.05660377358490566,0.05660377358490566,0.0,3,3,0
4906,53,17,36,14,14,6,19,18,12,1,5,0,0,0,0,0,0,0,0,0,3,0,3,0.9032258064516129,1.0,1.0,0.0,0.0,0.0,3,0,3
4907,53,17,36,14,14,6,19,18,12,1,5,0,0,0,0,0,0,0,0,0,0,0,0,1.0,1.0,1.0,0.0,0.0,0.0,3,0,0
4908,53,17,36,14,14,6,19,18,12,1,5,0,0,0,0,0,0,0,0,0,0,0,0,1.0,1.0,1.0,0.0,0.0,0.0,3,0,0
4909,53,17,36,12,16,6,19,18,12,1,5,0,0,0,0,0,0,0,0,0,0,0,0,1.0,1.0,1.0,0.0,0.0,0.0,3,0,0
4910,52,16,36,9,18,6,19,18,12,1,5,0,0,0,0,0,0,0,0,0,1,0,1,0.9642857142857143,1.0,1.0,0.0,0.0,0.0,3,0,1
4911,52,16,36,9,18,6,19,18,12,1,4,0,0,0,0,0,0,0,0,0,0,0,0,1.0,1.0,1.0,0.0,0.0,0.0,3,0,0
4912,52,16,36,9,18,6,19,18,12,1,3,0,0,0,0,0,5,0,0,0,0,0,0,1.0,1.0,1.0,0.0,0.0,0.0,3,0,0
4913,50,14,36,9,16,6,19,18,13,1,3,0,0,0,0,0,8,1,0,0,2,0,2,0.9259259259259259,1.0,1.0,0.0,0.0,0.125,3,0,2
4914,50,14,36,9,16,6,19,18,14,1,3,0,0,0,0,0,3,1,0,0,0,0,0,1.0,1.0,1.0,0.0,0.0,0.3333333333333333,3,0,0
4915,50,14,36,9,16,6,19,18,14,1,3,0,0,0,0,0,0,0,0,0,0,0,0,1.0,1.0,1.0,0.0,0.0,0.0,3,0,0
4916,50,14,36,9,16,6,19,18,14,1,3,0,0,0,0,0,0,0,0,0,0,0,0,1.0,1.0,1.0,0.0,0.0,0.0,3,0,0
4917,49,13,36,8,16,6,19,18,14,1,3,0,0,0,0,0,0,0,0,0,1,0,1,0.96,1.0,1.0,0.0,0.0,0.0,3,0,1
4918,49,13,36,8,16,6,19,18,14,1,3,0,0,0,0,0,0,0,0,0,0,0,0,1.0,1.0,1.0,0.0,0.0,0.0,3,0,0
4919,48,12,36,7,16,6,19,18,14,1,3,0,0,0,0,0,0,0,0,0,1,0,1,0.9583333333333334,1.0,1.0,0.0,0.0,0.0,3,0,1
4920,48,12,36,7,16,6,19,18,14,1,3,0,0,0,0,0,0,0,0,0,0,0,0,1.0,1.0,1.0,0.0,0.0,0.0,3,0,0
4921,48,12,36,7,16,6,19,18,14,1,3,0,0,0,0,0,0,0,0,0,0,0,0,1.0,1.0,1.0,0.0,0.0,0.0,3,0,0
4922,48,12,36,7,16,6,19,18,14,1,3,0,0,0,0,0,0,0,0,0,0,0,0,1.0,1.0,1.0,0.0,0.0,0.0,3,0,0
4923,47,12,35,7,15,6,19,18,14,1,3,0,0,0,0,0,0,0,0,0,1,0,1,0.9565217391304348,1.0,1.0,0.0,0.0,0.0,3,0,1
4924,47,12,35,7,15,6,19,18,14,1,3,0,0,0,0,0,0,0,0,0,0,1,0,1.0,1.0,1.0,0.0,0.0,0.0,3,0,0
4925,47,12,35,7,15,6,19,18,14,1,3,0,0,0,0,0,0,0,0,0,0,0,0,1.0,1.0,1.0,0.0,0.0,0.0,3,0,0
4926,47,12,35,7,15,6,19,18,14,1,3,0,0,0,0,0,0,0,0,0,0,0,0,1.0,1.0,1.0,0.0,0.0,0.0,3,0,0
4927,47,12,35,7,15,6,19,18,14,1,3,0,0,0,0,0,0,0,0,0,0,0,0,1.0,1.0,1.0,0.0,0.0,0.0,3,0,0
4928,47,12,35,7,14,7,19,18,14,1,3,0,0,0,0,0,0,0,0,0,0,0,0,1.0,1.0,1.0,0.0,0.0,0.0,3,0,0
4929,47,12,35,7,14,7,19,18,14,1,3,0,0,0,0,0,0,0,0,0,0,0,0,1.0,1.0,1.0,0.0,0.0,0.0,3,0,0
4930,47,12,35,4,17,7,19,18,14,1,3,0,0,0,0,0,0,0,0,0,0,0,0,1.0,1.0,1.0,0.0,0.0,0.0,3,0,0
4931,51,13,38,8,17,7,19,18,13,1,4,0,0,0,0,0,0,0,0,1,0,0,0,1.0,1.0,1.0,0.0851063829787234,0.0851063829787234,0.0,3,4,0
4932,51,13,38,8,17,7,19,18,13,1,3,0,0,0,0,0,0,0,0,0,0,0,0,1.0,1.0,1.0,0.0,0.0,0.0,3,0,0
4933,50,13,37,7,17,7,19,18,14,1,3,0,0,0,0,0,3,1,0,0,1,0,1,0.96,1.0,1.0,0.0,0.0,0.3333333333333333,3,0,1
4934,50,13,37,7,17,7,19,18,14,1,3,0,0,0,0,0,0,0,0,0,0,0,0,1.0,1.0,1.0,0.0,0.0,0.0,3,0,0
4935,50,13,37,7,17,7,19,18,14,1,3,0,0,0,0,0,0,0,0,0,0,0,0,1.0,1.0,1.0,0.0,0.0,0.0,3,0,0
4936,50,13,37,7,17,7,19,18,14,0,3,0,0,0,0,0,0,0,0,0,0,0,0,1.0,1.0,1.0,0.0,0.0,0.0,3,0,0
4937,50,13,37,7,17,7,19,18,14,0,3,0,0,0,0,0,5,0,0,0,0,0,0,1.0,1.0,1.0,0.0,0.0,0.0,3,0,0
4938,50,13,37,7,17,7,19,18,15,0,3,0,0,0,0,0,8,1,0,0,0,0,0,1.0,1.0,1.0,0.0,0.0,0.125,3,0,0
4939,50,13,37,7,17,7,19,18,15,0,3,0,0,0,0,0,0,0,0,0,0,0,0,1.0,1.0,1.0,0.0,0.0,0.0,3,0,0
4940,49,13,36,7,16,7,19,18,15,0,3,0,0,0,0,0,0,0,0,0,1,0,1,0.9583333333333334,1.0,1.0,0.0,0.0,0.0,3,0,1
4941,49,13,36,7,16,7,19,18,15,0,3,0,0,0,0,0,0,0,0,0,0,0,0,1.0,1.0,1.0,0.0,0.0,0.0,3,0,0
4942,49,13,36,7,16,7,19,18,15,0,3,0,0,0,0,0,0,0,0,0,0,0,0,1.0,1.0,1.0,0.0,0.0,0.0,3,0,0
4943,49,13,36,7,16,7,19,18,15,0,3,0,0,0,0,0,0,0,0,0,0,0,0,1.0,1.0,1.0,0.0,0.0,0.0,3,0,0
4944,49,13,36,7,16,7,19,18,15,0,3,0,0,0,0,0,0,0,0,0,0,0,0,1.0,1.0,1.0,0.0,0.0,0.0,3,0,0
4945,48,12,36,6,16,7,19,18,15,0,3,0,0,0,0,0,0,0,0,0,1,0,1,0.9565217391304348,1.0,1.0,0.0,0.0,0.0,3,0,1
4946,48,12,36,6,16,7,19,18,15,0,3,0,0,0,0,0,0,0,0,0,0,0,0,1.0,1.0,1.0,0.0,0.0,0.0,3,0,0
4947,48,12,36,6,16,7,19,18,15,0,2,0,0,0,0,0,0,0,0,0,0,0,0,1.0,1.0,1.0,0.0,0.0,0.0,3,0,0
4948,47,12,35,3,18,7,19,18,15,0,2,0,0,0,0,0,1,0,0,0,1,0,1,0.9545454545454546,1.0,1.0,0.0,0.0,0.0,3,0,1
4949,47,12,35,3,18,7,19,18,16,0,2,0,0,0,0,0,7,1,0,0,0,0,0,1.0,1.0,1.0,0.0,0.0,0.14285714285714285,3,0,0
4950,47,12,35,3,18,7,19,18,16,0,1,0,0,0,0,0,0,0,0,0,0,0,0,1.0,1.0,1.0,0.0,0.0,0.0,3,0,0
4951,50,12,38,6,18,7,19,18,16,0,2,0,0,0,0,0,6,1,0,1,0,0,0,1.0,1.0,1.0,0.06382978723404255,0.06382978723404255,0.16666666666666666,3,3,0
4952,53,14,39,9,18,6,20,19,15,0,3,0,0,0,0,0,0,0,0,1,0,0,0,1.0,1.0,1.0,0.06,0.06,0.0,3,3,0
4953,56,17,39,12,18,6,20,19,14,0,4,0,0,0,0,0,0,0,0,1,0,0,0,1.0,1.0,1.0,0.05660377358490566,0.05660377358490566,0.0,3,3,0
4954,63,21,42,19,18,6,20,19,12,0,6,0,0,0,0,0,0,0,0,2,0,0,0,1.0,1.0,1.0,0.125,0.125,0.0,3,7,0
4955,66,23,43,22,18,6,20,19,11,0,7,0,0,0,0,0,0,0,0,1,1,0,1,0.972972972972973,1.0,1.0,0.06349206349206349,0.06349206349206349,0.0,3,4,1
4956,63,22,41,20,17,6,20,19,11,0,7,0,0,0,0,0,0,0,0,0,3,0,3,0.925,1.0,1.0,0.0,0.0,0.0,3,0,3
4957,62,21,41,19,17,6,20,19,12,0,7,0,0,0,0,0,8,1,0,0,1,0,1,0.972972972972973,1.0,1.0,0.0,0.0,0.125,3,0,1
4958,62,20,42,21,15,6,20,19,11,0,8,0,0,0,0,0,0,0,0,1,3,0,3,0.9166666666666666,1.0,1.0,0.04838709677419355,0.04838709677419355,0.0,3,3,3
4959,65,23,42,25,14,6,20,19,10,0,9,0,0,0,0,0,0,0,0,1,1,0,1,0.9722222222222222,1.0,1.0,0.06451612903225806,0.06451612903225806,0.0,3,4,1
4960,65,23,42,25,14,6,20,19,10,0,9,0,0,0,0,0,0,0,0,0,0,0,0,1.0,1.0,1.0,0.0,0.0,0.0,3,0,0
4961,65,23,42,25,14,6,20,19,10,0,9,0,0,0,0,0,0,0,0,0,0,0,0,1.0,1.0,1.0,0.0,0.0,0.0,3,0,0
4962,63,23,40,24,13,6,20,19,10,0,9,0,0,0,0,0,0,0,0,0,2,0,2,0.9487179487179487,1.0,1.0,0.0,0.0,0.0,3,0,2
4963,62,22,40,24,12,6,20,19,10,0,9,0,0,0,0,0,0,0,0,0,1,0,1,0.972972972972973,1.0,1.0,0.0,0.0,0.0,3,0,1
4964,62,22,40,24,12,6,20,19,10,0,9,0,0,0,0,0,0,0,0,0,0,0,0,1.0,1.0,1.0,0.0,0.0,0.0,3,0,0
4965,62,22,40,24,12,6,20,19,10,0,9,0,0,0,0,0,0,0,0,0,0,0,0,1.0,1.0,1.0,0.0,0.0,0.0,3,0,0
4966,61,21,40,23,12,6,20,19,10,0,9,0,0,0,0,0,0,0,0,0,1,0,1,0.9722222222222222,1.0,1.0,0.0,0.0,0.0,3,0,1
4967,62,20,42,24,12,6,20,19,9,0,10,0,0,0,0,0,0,0,0,1,2,0,2,0.9428571428571428,1.0,1.0,0.04918032786885246,0.04918032786885246,0.0,3,3,2
4968,65,21,44,27,12,6,20,19,8,0,11,0,0,0,0,0,0,0,0,1,0,0,0,1.0,1.0,1.0,0.04838709677419355,0.04838709677419355,0.0,3,3,0
4969,68,22,46,30,12,5,21,20,7,0,12,0,0,0,0,0,0,0,0,1,1,0,1,0.9743589743589743,1.0,1.0,0.06153846153846154,0.06153846153846154,0.0,3,4,1
4970,67,22,45,30,11,5,21,20,8,0,12,0,0,0,0,0,5,1,0,0,1,0,1,0.9761904761904762,1.0,1.0,0.0,0.0,0.2,3,0,1
4971,66,22,44,29,11,5,21,20,8,0,12,0,0,0,0,0,0,0,0,0,1,0,1,0.975609756097561,1.0,1.0,0.0,0.0,0.0,3,0,1
4972,65,21,44,28,11,5,21,20,8,0,12,0,0,0,0,0,0,0,0,0,1,0,1,0.975,1.0,1.0,0.0,0.0,0.0,3,0,1
4973,64,21,43,28,10,5,21,20,8,0,12,0,0,0,0,0,0,0,0,0,1,0,1,0.9743589743589743,1.0,1.0,0.0,0.0,0.0,3,0,1
4974,64,21,43,26,12,5,21,20,8,0,12,0,0,0,0,0,0,0,0,0,0,0,0,1.0,1.0,1.0,0.0,0.0,0.0,3,0,0
4975,62,20,42,25,11,5,21,20,8,0,12,0,0,0,0,0,0,0,0,0,2,0,2,0.9473684210526316,1.0,1.0,0.0,0.0,0.0,3,0,2
4976,61,20,41,24,11,5,21,20,8,0,11,0,0,0,0,0,0,0,0,0,1,0,1,0.9722222222222222,1.0,1.0,0.0,0.0,0.0,3,0,1
4977,60,20,40,24,11,5,20,19,9,0,10,0,0,0,0,0,8,1,0,0,0,0,0,1.0,1.0,0.95,0.0,0.0,0.125,3,0,1
4978,62,20,42,26,11,5,20,19,8,0,11,0,0,0,0,0,0,0,0,1,2,0,2,0.9428571428571428,1.0,1.0,0.06666666666666667,0.06666666666666667,0.0,3,4,2
4979,66,23,43,30,11,5,20,19,7,0,12,0,0,0,0,0,0,0,0,1,0,0,0,1.0,1.0,1.0,0.06451612903225806,0.06451612903225806,0.0,3,4,0
4980,66,23,43,30,11,5,20,19,7,0,12,0,0,0,0,0,0,0,0,0,0,0,0,1.0,1.0,1.0,0.0,0.0,0.0,3,0,0
4981,64,21,43,28,11,4,21,20,7,0,12,0,0,0,0,0,0,0,0,0,2,0,2,0.9512195121951219,1.0,1.0,0.0,0.0,0.0,3,0,2
4982,62,19,43,26,11,4,21,20,7,0,12,0,0,0,0,0,0,0,0,0,2,0,2,0.9487179487179487,1.0,1.0,0.0,0.0,0.0,3,0,2
4983,62,19,43,26,11,4,21,20,8,0,12,0,0,0,0,0,7,1,0,0,0,0,0,1.0,1.0,1.0,0.0,0.0,0.14285714285714285,3,0,0
4984,62,19,43,26,11,4,21,20,8,0,12,0,0,0,0,0,0,0,0,0,0,0,0,1.0,1.0,1.0,0.0,0.0,0.0,3,0,0
4985,62,19,43,26,11,4,21,20,8,0,12,0,0,0,0,0,0,0,0,0,0,0,0,1.0,1.0,1.0,0.0,0.0,0.0,3,0,0
4986,61,18,43,26,10,4,21,20,8,0,12,0,0,0,0,0,0,0,0,0,1,0,1,0.972972972972973,1.0,1.0,0.0,0.0,0.0,3,0,1
4987,59,17,42,25,10,4,20,20,8,0,12,0,0,0,0,0,0,0,0,0,1,0,1,0.9722222222222222,0.0,1.0,0.0,0.0,0.0,3,0,2
4988,57,17,40,25,8,4,20,20,8,0,12,0,0,0,0,0,0,0,0,0,2,0,2,0.9428571428571428,1.0,1.0,0.0,0.0,0.0,3,0,2
4989,56,17,39,24,8,4,20,20,8,0,12,0,0,0,0,0,0,0,0,0,1,0,1,0.9696969696969697,1.0,1.0,0.0,0.0,0.0,3,0,1
4990,55,17,38,23,8,4,20,20,8,0,12,0,0,0,0,0,0,0,0,0,1,0,1,0.96875,1.0,1.0,0.0,0.0,0.0,3,0,1
4991,55,17,38,23,8,4,20,20,8,0,12,0,0,0,0,0,0,0,0,0,0,0,0,1.0,1.0,1.0,0.0,0.0,0.0,3,0,0
4992,55,17,38,23,8,4,20,20,8,0,12,0,0,0,0,0,0,0,0,0,0,0,0,1.0,1.0,1.0,0.0,0.0,0.0,3,0,0
4993,55,17,38,23,8,4,20,20,8,0,12,0,0,0,0,0,0,0,0,0,0,0,0,1.0,1.0,1.0,0.0,0.0,0.0,3,0,0
4994,55,17,38,22,9,4,20,20,8,0,12,0,0,0,0,0,0,0,0,0,0,0,0,1.0,1.0,1.0,0.0,0.0,0.0,3,0,0
4995,54,17,37,20,10,4,20,20,8,0,12,0,0,0,0,0,0,0,0,0,1,0,1,0.967741935483871,1.0,1.0,0.0,0.0,0.0,3,0,1
4996,54,17,37,20,10,3,21,20,8,0,11,0,0,0,0,0,0,0,0,0,0,0,0,1.0,1.0,1.0,0.0,0.0,0.0,3,0,0
4997,52,16,36,16,13,3,20,19,9,0,9,0,0,0,0,0,6,1,0,0,1,0,1,0.9666666666666667,1.0,0.95,0.0,0.0,0.16666666666666666,3,0,2
4998,55,19,36,17,15,3,20,19,8,0,9,0,0,0,0,0,6,0,0,1,0,0,0,1.0,1.0,1.0,0.057692307692307696,0.057692307692307696,0.0,3,3,0
4999,55,19,36,17,15,3,20,19,9,0,8,0,0,0,0,0,6,1,0,0,0,0,0,1.0,1.0,1.0,0.0,0.0,0.16666666666666666,3,0,0
5000,53,18,35,17,13,3,20,19,10,0,7,0,0,0,0,0,3,1,0,0,2,0,2,0.9375,1.0,1.0,0.0,0.0,0.3333333333333333,3,0,2
5001,53,18,35,16,14,3,20,19,10,0,7,0,0,0,0,0,1,0,0,0,0,0,0,1.0,1.0,1.0,0.0,0.0,0.0,3,0,0
5002,52,17,35,14,15,3,20,19,12,0,7,0,0,0,0,0,6,2,0,0,1,0,1,0.9666666666666667,1.0,1.0,0.0,0.0,0.3333333333333333,3,0,1
5003,56,19,37,18,15,3,20,19,11,0,7,0,0,0,0,0,0,0,0,1,0,0,0,1.0,1.0,1.0,0.07692307692307693,0.07692307692307693,0.0,3,4,0
5004,56,19,37,18,15,3,20,19,12,0,7,0,0,0,0,0,5,1,0,0,0,0,0,1.0,1.0,1.0,0.0,0.0,0.2,3,0,0
5005,56,19,37,18,15,3,20,19,12,0,7,0,0,0,0,0,0,0,0,0,0,0,0,1.0,1.0,1.0,0.0,0.0,0.0,3,0,0
5006,55,18,37,17,15,3,20,19,12,0,7,0,0,0,0,0,0,0,0,0,1,0,1,0.9696969696969697,1.0,1.0,0.0,0.0,0.0,3,0,1
5007,55,18,37,17,15,3,20,19,12,0,7,0,0,0,0,0,0,0,0,0,0,0,0,1.0,1.0,1.0,0.0,0.0,0.0,3,0,0
5008,54,18,36,17,14,3,20,19,12,0,7,0,0,0,0,0,0,0,0,0,1,0,1,0.96875,1.0,1.0,0.0,0.0,0.0,3,0,1
5009,54,18,36,17,14,3,20,19,12,0,7,0,0,0,0,0,0,0,0,0,0,0,0,1.0,1.0,1.0,0.0,0.0,0.0,3,0,0
5010,54,18,36,15,16,3,20,19,12,0,7,0,0,0,0,0,0,0,0,0,0,0,0,1.0,1.0,1.0,0.0,0.0,0.0,3,0,0
5011,53,18,35,13,17,3,20,19,12,0,7,0,0,0,0,0,0,0,0,0,1,0,1,0.967741935483871,1.0,1.0,0.0,0.0,0.0,3,0,1
5012,53,18,35,12,18,3,20,19,12,0,6,0,0,0,0,0,0,0,0,0,0,0,0,1.0,1.0,1.0,0.0,0.0,0.0,3,0,0
5013,53,18,35,12,18,3,20,19,13,0,5,0,0,0,0,0,7,1,0,0,0,0,0,1.0,1.0,1.0,0.0,0.0,0.14285714285714285,3,0,0
5014,57,21,36,16,18,3,20,19,12,0,5,0,0,0,0,0,6,0,0,1,0,0,0,1.0,1.0,1.0,0.07547169811320754,0.07547169811320754,0.0,3,4,0
5015,57,21,36,16,18,3,20,19,13,1,5,0,0,0,0,0,3,1,1,0,0,0,0,1.0,1.0,1.0,0.0,0.0,0.3333333333333333,3,0,0
5016,60,22,38,19,18,2,21,19,12,1,6,0,0,0,0,0,0,0,0,1,0,0,0,1.0,1.0,1.0,0.05263157894736842,0.05263157894736842,0.0,3,3,0
5017,59,22,37,18,18,2,21,19,12,1,6,0,0,0,0,0,0,0,0,0,1,0,1,0.972972972972973,1.0,1.0,0.0,0.0,0.0,3,0,1
5018,59,22,37,18,18,1,22,19,12,1,6,0,0,0,0,0,0,0,0,0,0,0,0,1.0,1.0,1.0,0.0,0.0,0.0,3,0,0
5019,58,21,37,17,18,1,22,19,12,1,6,0,0,0,0,0,0,0,0,0,1,0,1,0.9722222222222222,1.0,1.0,0.0,0.0,0.0,3,0,1
5020,58,21,37,17,18,1,22,19,12,1,6,0,0,0,0,0,0,0,0,0,0,1,0,1.0,1.0,1.0,0.0,0.0,0.0,3,0,0
5021,56,20,36,13,20,1,22,19,12,1,6,0,0,0,0,0,0,0,0,0,2,1,2,0.9428571428571428,1.0,1.0,0.0,0.0,0.0,3,0,2
5022,59,22,37,15,21,1,22,19,11,1,7,0,0,0,0,0,0,0,0,1,1,0,1,0.9696969696969697,1.0,1.0,0.07142857142857142,0.07142857142857142,0.0,3,4,1
5023,58,22,36,14,21,1,22,19,11,1,6,0,0,0,0,0,0,0,0,0,1,0,1,0.9722222222222222,1.0,1.0,0.0,0.0,0.0,3,0,1
5024,57,22,35,14,19,2,22,19,11,1,5,0,0,0,0,0,1,0,0,0,1,0,1,0.9705882352941176,1.0,1.0,0.0,0.0,0.0,3,0,1
5025,57,22,35,14,18,3,22,19,12,1,5,0,0,0,0,0,5,1,0,0,0,0,0,1.0,1.0,1.0,0.0,0.0,0.2,3,0,0
5026,57,22,35,14,18,3,22,19,12,1,5,0,0,0,0,0,5,0,0,0,0,0,0,1.0,1.0,1.0,0.0,0.0,0.0,3,0,0
5027,55,21,34,13,17,3,22,19,13,1,5,0,0,0,0,0,3,1,0,0,2,1,2,0.9375,1.0,1.0,0.0,0.0,0.3333333333333333,3,0,2
5028,54,20,34,12,17,3,22,19,13,1,5,0,0,0,0,0,0,0,0,0,1,0,1,0.9666666666666667,1.0,1.0,0.0,0.0,0.0,3,0,1
5029,54,20,34,12,17,3,22,19,13,1,5,0,0,0,0,0,0,0,0,0,0,0,0,1.0,1.0,1.0,0.0,0.0,0.0,3,0,0
5030,54,20,34,12,17,3,22,19,13,1,5,0,0,0,0,0,0,0,0,0,0,0,0,1.0,1.0,1.0,0.0,0.0,0.0,3,0,0
5031,54,20,34,12,16,4,22,19,13,1,5,0,0,0,0,0,0,0,0,0,0,0,0,1.0,1.0,1.0,0.0,0.0,0.0,3,0,0
5032,54,20,34,12,16,4,22,19,13,1,5,0,0,0,0,0,0,0,0,0,0,0,0,1.0,1.0,1.0,0.0,0.0,0.0,3,0,0
5033,54,20,34,12,16,4,22,19,13,1,5,0,0,0,0,0,0,0,0,0,0,0,0,1.0,1.0,1.0,0.0,0.0,0.0,3,0,0
5034,54,20,34,12,16,4,22,19,13,1,5,0,0,0,0,0,0,0,0,0,0,0,0,1.0,1.0,1.0,0.0,0.0,0.0,3,0,0
5035,58,21,37,16,16,4,22,19,12,1,6,0,0,0,0,0,0,0,0,1,0,0,0,1.0,1.0,1.0,0.07407407407407407,0.07407407407407407,0.0,3,4,0
5036,57,21,36,16,15,4,22,19,12,1,6,0,0,0,0,0,0,0,0,0,1,0,1,0.96875,1.0,1.0,0.0,0.0,0.0,3,0,1
5037,56,20,36,15,15,4,22,19,12,1,6,0,0,0,0,0,0,0,0,0,1,0,1,0.967741935483871,1.0,1.0,0.0,0.0,0.0,3,0,1
5038,55,20,35,14,15,4,22,19,12,1,6,0,0,0,0,0,0,0,0,0,1,0,1,0.9666666666666667,1.0,1.0,0.0,0.0,0.0,3,0,1
5039,55,20,35,14,15,4,22,19,12,1,6,0,0,0,0,0,0,0,0,0,0,0,0,1.0,1.0,1.0,0.0,0.0,0.0,3,0,0
5040,53,18,35,14,13,4,22,19,12,1,6,0,0,0,0,0,0,0,0,0,2,0,2,0.9310344827586207,1.0,1.0,0.0,0.0,0.0,3,0,2
5041,53,18,35,12,15,4,22,19,12,1,6,0,0,0,0,0,0,0,0,0,0,0,0,1.0,1.0,1.0,0.0,0.0,0.0,3,0,0
5042,56,19,37,15,15,4,22,19,11,1,7,0,0,0,0,0,0,0,0,1,0,0,0,1.0,1.0,1.0,0.05660377358490566,0.05660377358490566,0.0,3,3,0
5043,55,19,36,14,15,4,22,19,11,1,6,0,0,0,0,0,0,0,0,0,1,0,1,0.9666666666666667,1.0,1.0,0.0,0.0,0.0,3,0,1
5044,55,19,36,14,15,4,22,19,12,1,6,0,0,0,0,0,5,1,0,0,0,0,0,1.0,1.0,1.0,0.0,0.0,0.2,3,0,0
5045,54,19,35,13,15,4,22,19,12,1,6,0,0,0,0,0,0,0,0,0,1,0,1,0.9655172413793104,1.0,1.0,0.0,0.0,0.0,3,0,1
5046,54,19,35,10,18,4,22,19,12,1,6,0,0,0,0,0,0,0,0,0,0,0,0,1.0,1.0,1.0,0.0,0.0,0.0,3,0,0
5047,54,19,35,10,18,4,22,19,12,1,6,0,0,0,0,0,0,0,0,0,0,0,0,1.0,1.0,1.0,0.0,0.0,0.0,3,0,0
5048,56,21,35,13,17,4,22,19,11,1,6,0,0,0,0,0,0,0,0,1,1,0,1,0.9642857142857143,1.0,1.0,0.05555555555555555,0.05555555555555555,0.0,3,3,1
5049,56,21,35,13,17,4,22,19,11,1,6,0,0,0,0,0,0,0,0,0,0,0,0,1.0,1.0,1.0,0.0,0.0,0.0,3,0,0
5050,55,20,35,12,17,4,22,19,11,1,6,0,0,0,0,0,0,0,0,0,1,0,1,0.9666666666666667,1.0,1.0,0.0,0.0,0.0,3,0,1
5051,54,19,35,12,16,4,22,19,11,1,6,0,0,0,0,0,0,0,0,0,1,0,1,0.9655172413793104,1.0,1.0,0.0,0.0,0.0,3,0,1
5052,53,18,35,12,16,4,21,19,11,1,6,0,0,0,0,0,0,0,0,0,0,0,0,1.0,0.6666666666666667,1.0,0.0,0.0,0.0,3,0,1
5053,53,18,35,12,16,4,21,19,11,1,6,0,0,0,0,0,0,0,0,0,0,0,0,1.0,1.0,1.0,0.0,0.0,0.0,3,0,0
5054,53,18,35,12,16,4,21,19,11,1,6,0,0,0,0,0,0,0,0,0,0,0,0,1.0,1.0,1.0,0.0,0.0,0.0,3,0,0
5055,52,17,35,12,15,4,21,19,11,1,6,0,0,0,0,0,0,0,0,0,1,0,1,0.9642857142857143,1.0,1.0,0.0,0.0,0.0,3,0,1
5056,52,17,35,12,15,4,21,19,11,1,6,0,0,0,0,0,0,0,0,0,0,0,0,1.0,1.0,1.0,0.0,0.0,0.0,3,0,0
5057,51,17,34,10,16,4,21,19,11,1,6,0,0,0,0,0,0,0,0,0,1,0,1,0.962962962962963,1.0,1.0,0.0,0.0,0.0,3,0,1
5058,50,17,33,9,16,4,21,19,11,1,6,0,0,0,0,0,0,0,0,0,1,0,1,0.9615384615384616,1.0,1.0,0.0,0.0,0.0,3,0,1
5059,50,17,33,9,16,4,21,19,11,1,5,0,0,0,0,0,0,0,0,0,0,0,0,1.0,1.0,1.0,0.0,0.0,0.0,3,0,0
5060,49,16,33,8,16,4,21,19,11,0,5,0,0,0,0,0,0,0,0,0,1,0,1,0.96,1.0,1.0,0.0,0.0,0.0,3,0,1
5061,49,16,33,8,16,4,21,19,11,0,4,0,0,0,0,0,0,0,0,0,0,0,0,1.0,1.0,1.0,0.0,0.0,0.0,3,0,0
5062,53,19,34,12,16,4,21,19,10,0,5,0,0,0,0,0,0,0,0,1,0,0,0,1.0,1.0,1.0,0.08163265306122448,0.08163265306122448,0.0,3,4,0
5063,53,19,34,12,16,3,22,19,10,0,5,0,0,0,0,0,0,0,0,0,0,0,0,1.0,1.0,1.0,0.0,0.0,0.0,3,0,0
5064,57,20,37,16,16,3,22,19,9,0,6,0,0,0,0,0,0,0,0,1,0,0,0,1.0,1.0,1.0,0.07547169811320754,0.07547169811320754,0.0,3,4,0
5065,60,24,36,19,16,3,22,19,8,0,7,0,0,0,0,0,0,0,0,1,1,0,1,0.96875,1.0,1.0,0.07017543859649122,0.07017543859649122,0.0,3,4,1
5066,60,24,36,19,16,3,22,19,8,0,7,0,0,0,0,0,0,0,0,0,0,0,0,1.0,1.0,1.0,0.0,0.0,0.0,3,0,0
5067,65,25,40,26,14,3,22,19,6,0,8,0,0,0,0,0,0,0,0,2,2,1,2,0.9428571428571428,1.0,1.0,0.11666666666666667,0.11666666666666667,0.0,3,7,2
5068,62,25,37,26,11,3,22,19,6,0,8,0,0,0,0,0,0,0,0,0,3,0,3,0.925,1.0,1.0,0.0,0.0,0.0,3,0,3
5069,63,24,39,28,10,3,22,19,5,0,9,0,0,0,0,0,0,0,0,1,3,0,3,0.9189189189189189,1.0,1.0,0.06451612903225806,0.06451612903225806,0.0,3,4,3
5070,63,24,39,28,10,3,22,19,5,0,9,0,0,0,0,0,0,0,0,0,0,0,0,1.0,1.0,1.0,0.0,0.0,0.0,3,0,0
5071,62,24,38,27,9,4,22,19,5,0,9,0,0,0,0,0,0,0,0,0,1,0,1,0.972972972972973,1.0,1.0,0.0,0.0,0.0,3,0,1
5072,59,23,36,25,9,3,22,19,5,0,9,0,0,0,0,0,0,0,0,0,2,0,2,0.9444444444444444,1.0,1.0,0.0,0.0,0.0,3,0,3
5073,59,23,36,25,9,3,22,19,5,0,9,0,0,0,0,0,0,0,0,0,0,0,0,1.0,1.0,1.0,0.0,0.0,0.0,3,0,0
5074,59,23,36,25,9,3,22,19,5,0,9,0,0,0,0,0,0,0,0,0,0,0,0,1.0,1.0,1.0,0.0,0.0,0.0,3,0,0
5075,59,23,36,25,9,3,22,19,5,0,9,0,0,0,0,0,0,0,0,0,0,0,0,1.0,1.0,1.0,0.0,0.0,0.0,3,0,0
5076,58,23,35,25,8,3,22,19,5,0,9,0,0,0,0,0,0,0,0,0,1,0,1,0.9705882352941176,1.0,1.0,0.0,0.0,0.0,3,0,1
5077,58,23,35,25,8,3,22,19,5,0,9,0,0,0,0,0,0,0,0,0,0,0,0,1.0,1.0,1.0,0.0,0.0,0.0,3,0,0
5078,59,26,33,22,12,3,22,19,4,0,10,0,0,0,0,0,0,0,0,1,2,0,2,0.9393939393939394,1.0,1.0,0.05172413793103448,0.05172413793103448,0.0,3,3,2
5079,59,26,33,22,12,3,22,19,4,0,10,0,0,0,0,0,0,0,0,0,0,0,0,1.0,1.0,1.0,0.0,0.0,0.0,3,0,0
5080,61,26,35,24,12,3,22,19,3,0,10,0,0,0,0,0,0,0,0,1,1,0,1,0.9705882352941176,1.0,1.0,0.05084745762711865,0.05084745762711865,0.0,3,3,1
5081,61,26,35,24,12,3,22,19,3,0,10,0,0,0,0,0,0,0,0,0,0,0,0,1.0,1.0,1.0,0.0,0.0,0.0,3,0,0
5082,60,25,35,23,12,3,22,19,3,0,10,0,0,0,0,0,0,0,0,0,1,0,1,0.9722222222222222,1.0,1.0,0.0,0.0,0.0,3,0,1
5083,60,25,35,23,12,3,22,19,3,0,10,0,0,0,0,0,0,0,0,0,0,0,0,1.0,1.0,1.0,0.0,0.0,0.0,3,0,0
5084,59,25,34,23,12,3,21,18,3,0,9,0,0,0,0,0,0,0,0,0,0,0,0,1.0,1.0,0.9473684210526316,0.0,0.0,0.0,3,0,1
5085,57,23,34,20,13,3,21,18,3,0,9,0,0,0,0,0,0,0,0,0,2,0,2,0.9428571428571428,1.0,1.0,0.0,0.0,0.0,3,0,2
5086,56,23,33,19,13,3,21,18,3,0,9,0,0,0,0,0,0,0,0,0,1,0,1,0.9696969696969697,1.0,1.0,0.0,0.0,0.0,3,0,1
5087,56,23,33,19,13,3,21,18,3,0,8,0,0,0,0,0,0,0,0,0,0,0,0,1.0,1.0,1.0,0.0,0.0,0.0,3,0,0
5088,55,23,32,19,12,3,21,18,3,0,8,0,0,0,0,0,0,0,0,0,1,0,1,0.96875,1.0,1.0,0.0,0.0,0.0,3,0,1
5089,55,23,32,19,12,3,21,18,3,0,8,0,0,0,0,0,0,0,0,0,0,0,0,1.0,1.0,1.0,0.0,0.0,0.0,3,0,0
5090,58,25,33,22,12,3,21,18,2,0,9,0,0,0,0,0,0,0,0,1,1,0,1,0.967741935483871,1.0,1.0,0.07272727272727272,0.07272727272727272,0.0,3,4,1
5091,57,24,33,21,12,3,21,18,2,0,9,0,0,0,0,0,0,0,0,0,1,0,1,0.9705882352941176,1.0,1.0,0.0,0.0,0.0,3,0,1
5092,59,24,35,23,12,3,21,18,1,0,10,0,0,0,0,0,0,0,0,1,1,0,1,0.9696969696969697,1.0,1.0,0.05263157894736842,0.05263157894736842,0.0,3,3,1
5093,59,24,35,23,12,3,21,18,1,0,10,0,0,0,0,0,0,0,0,0,0,0,0,1.0,1.0,1.0,0.0,0.0,0.0,3,0,0
5094,59,24,35,23,12,3,21,18,1,0,10,0,0,0,0,0,0,0,0,0,0,0,0,1.0,1.0,1.0,0.0,0.0,0.0,3,0,0
5095,59,24,35,23,12,3,21,18,1,0,10,0,0,0,0,0,0,0,0,0,0,0,0,1.0,1.0,1.0,0.0,0.0,0.0,3,0,0
5096,58,24,34,23,12,3,20,17,1,0,9,0,0,0,0,0,0,0,0,0,0,0,0,1.0,1.0,0.9444444444444444,0.0,0.0,0.0,3,0,1
5097,58,24,34,23,12,3,20,17,1,0,9,0,0,0,0,0,0,0,0,0,0,0,0,1.0,1.0,1.0,0.0,0.0,0.0,3,0,0
5098,53,22,31,22,9,3,19,16,1,0,9,0,0,0,0,0,0,0,0,0,4,0,4,0.8857142857142857,1.0,0.9411764705882353,0.0,0.0,0.0,3,0,5
5099,52,21,31,21,9,3,19,16,1,0,9,0,0,0,0,0,0,0,0,0,1,0,1,0.967741935483871,1.0,1.0,0.0,0.0,0.0,3,0,1
5100,51,20,31,21,9,2,19,16,1,0,9,0,0,0,0,0,0,0,0,0,0,0,0,1.0,1.0,1.0,0.0,0.0,0.0,3,0,1
5101,49,19,30,19,9,2,19,16,1,0,9,0,0,0,0,0,0,0,0,0,2,0,2,0.9333333333333333,1.0,1.0,0.0,0.0,0.0,3,0,2
5102,49,19,30,19,9,2,19,16,1,0,9,0,0,0,0,0,0,0,0,0,0,0,0,1.0,1.0,1.0,0.0,0.0,0.0,3,0,0
5103,49,19,30,19,9,2,19,16,1,0,9,0,0,0,0,0,0,0,0,0,0,0,0,1.0,1.0,1.0,0.0,0.0,0.0,3,0,0
5104,49,19,30,19,9,2,19,16,1,0,9,0,0,0,0,0,0,0,0,0,0,0,0,1.0,1.0,1.0,0.0,0.0,0.0,3,0,0
5105,49,19,30,17,11,2,19,16,1,0,9,0,0,0,0,0,0,0,0,0,0,0,0,1.0,1.0,1.0,0.0,0.0,0.0,3,0,0
5106,48,19,29,17,10,2,19,16,1,0,9,0,0,0,0,0,0,0,0,0,1,0,1,0.9642857142857143,1.0,1.0,0.0,0.0,0.0,3,0,1
5107,48,19,29,15,12,2,19,16,1,0,8,0,0,0,0,0,0,0,0,0,0,0,0,1.0,1.0,1.0,0.0,0.0,0.0,3,0,0
5108,48,19,29,12,15,2,19,16,1,0,8,0,0,0,0,0,0,0,0,0,0,0,0,1.0,1.0,1.0,0.0,0.0,0.0,3,0,0
5109,51,19,32,15,15,2,19,16,0,0,8,0,0,0,0,0,0,0,0,1,0,0,0,1.0,1.0,1.0,0.0625,0.0625,0.0,3,3,0
5110,51,19,32,15,15,2,19,16,0,0,7,0,0,0,0,0,0,0,0,0,0,0,0,1.0,1.0,1.0,0.0,0.0,0.0,3,0,0
5111,51,19,32,15,15,2,19,16,0,0,7,0,0,0,0,0,0,0,0,0,0,0,0,1.0,1.0,1.0,0.0,0.0,0.0,3,0,0
5112,51,19,32,13,17,2,19,16,0,0,5,0,0,0,0,0,0,0,0,0,0,0,0,1.0,1.0,1.0,0.0,0.0,0.0,3,0,0
5113,50,19,31,12,17,2,19,16,0,0,5,0,0,0,0,0,0,0,0,0,1,0,1,0.9666666666666667,1.0,1.0,0.0,0.0,0.0,3,0,1
5114,50,19,31,12,17,2,19,16,0,0,4,0,0,0,0,0,0,0,0,0,0,0,0,1.0,1.0,1.0,0.0,0.0,0.0,3,0,0
5115,50,19,31,12,17,2,19,16,0,0,4,0,0,0,0,0,0,0,0,0,0,0,0,1.0,1.0,1.0,0.0,0.0,0.0,3,0,0
5116,50,19,31,12,17,2,19,16,0,0,4,0,0,0,0,0,0,0,0,0,0,0,0,1.0,1.0,1.0,0.0,0.0,0.0,3,0,0
5117,49,19,30,12,17,2,18,15,0,0,3,0,0,0,0,0,0,0,0,0,0,0,0,1.0,1.0,0.9375,0.0,0.0,0.0,3,0,1
5118,48,18,30,12,17,1,18,15,0,0,3,0,0,0,0,0,0,0,0,0,0,0,0,1.0,1.0,1.0,0.0,0.0,0.0,3,0,1
5119,47,18,29,12,16,1,18,15,0,0,3,0,0,0,0,0,0,0,0,0,1,0,1,0.9655172413793104,1.0,1.0,0.0,0.0,0.0,3,0,1
5120,47,18,29,12,16,1,18,15,0,0,3,0,0,0,0,0,0,0,0,0,0,0,0,1.0,1.0,1.0,0.0,0.0,0.0,3,0,0
5121,47,18,29,10,18,1,18,15,0,0,3,0,0,0,0,0,0,0,0,0,0,0,0,1.0,1.0,1.0,0.0,0.0,0.0,3,0,0
5122,47,18,29,10,18,1,18,15,0,0,3,0,0,0,0,0,0,0,0,0,0,0,0,1.0,1.0,1.0,0.0,0.0,0.0,3,0,0
5123,47,18,29,8,20,1,18,15,0,0,2,0,0,0,0,0,0,0,0,0,0,0,0,1.0,1.0,1.0,0.0,0.0,0.0,3,0,0
5124,46,18,28,8,19,1,18,15,0,0,2,0,0,0,0,0,0,0,0,0,1,0,1,0.9642857142857143,1.0,1.0,0.0,0.0,0.0,3,0,1
5125,46,18,28,8,19,1,18,15,0,0,2,0,0,0,0,0,0,0,0,0,0,0,0,1.0,1.0,1.0,0.0,0.0,0.0,3,0,0
5126,46,18,28,8,19,1,18,15,0,0,2,0,0,0,0,0,0,0,0,0,0,0,0,1.0,1.0,1.0,0.0,0.0,0.0,3,0,0
5127,46,18,28,8,19,1,18,15,0,0,2,0,0,0,0,0,0,0,0,0,0,0,0,1.0,1.0,1.0,0.0,0.0,0.0,3,0,0
5128,45,17,28,8,18,1,18,15,0,0,2,0,0,0,0,0,0,0,0,0,1,0,1,0.962962962962963,1.0,1.0,0.0,0.0,0.0,3,0,1
5129,45,17,28,8,18,1,18,15,0,0,2,0,0,0,0,0,0,0,0,0,0,0,0,1.0,1.0,1.0,0.0,0.0,0.0,3,0,0
5130,44,17,27,7,18,1,18,15,0,0,2,0,0,0,0,0,0,0,0,0,1,0,1,0.9615384615384616,1.0,1.0,0.0,0.0,0.0,3,0,1
5131,44,17,27,7,18,1,18,15,0,0,2,0,0,0,0,0,0,0,0,0,0,0,0,1.0,1.0,1.0,0.0,0.0,0.0,3,0,0
5132,44,17,27,7,18,1,18,15,0,0,2,0,0,0,0,0,0,0,0,0,0,0,0,1.0,1.0,1.0,0.0,0.0,0.0,3,0,0
5133,44,17,27,4,21,1,18,15,0,0,2,0,0,0,0,0,0,0,0,0,0,0,0,1.0,1.0,1.0,0.0,0.0,0.0,3,0,0
5134,44,17,27,4,21,1,18,15,0,0,2,0,0,0,0,0,0,0,0,0,0,0,0,1.0,1.0,1.0,0.0,0.0,0.0,3,0,0
5135,44,17,27,1,24,1,18,15,0,0,2,0,0,0,0,0,0,0,0,0,0,2,0,1.0,1.0,1.0,0.0,0.0,0.0,3,0,0
5136,44,17,27,1,24,1,18,15,0,0,2,0,0,0,0,0,0,0,0,0,0,0,0,1.0,1.0,1.0,0.0,0.0,0.0,3,0,0
5137,44,17,27,1,24,1,18,15,0,0,1,0,0,0,0,0,0,0,0,0,0,0,0,1.0,1.0,1.0,0.0,0.0,0.0,3,0,0
5138,44,17,27,1,24,1,18,15,0,0,1,0,0,0,0,0,0,0,0,0,0,0,0,1.0,1.0,1.0,0.0,0.0,0.0,3,0,0
5139,44,17,27,1,22,3,18,15,0,0,1,0,0,0,0,0,0,0,0,0,0,0,0,1.0,1.0,1.0,0.0,0.0,0.0,3,0,0
5140,43,17,26,1,21,3,18,15,1,3,1,0,0,0,0,0,12,1,3,0,1,0,1,0.9565217391304348,1.0,1.0,0.0,0.0,0.08333333333333333,3,0,1
5141,43,17,26,1,21,3,18,15,4,5,1,0,0,0,0,0,15,3,2,0,0,0,0,1.0,1.0,1.0,0.0,0.0,0.2,3,0,0
5142,43,17,26,1,21,3,18,15,4,5,1,0,0,0,0,0,3,0,0,0,0,0,0,1.0,1.0,1.0,0.0,0.0,0.0,3,0,0
5143,43,17,26,1,21,3,18,15,7,5,1,0,0,0,0,0,8,3,0,0,0,0,0,1.0,1.0,1.0,0.0,0.0,0.375,3,0,0
5144,43,17,26,1,21,3,18,15,7,5,1,0,0,0,0,0,4,0,0,0,0,0,0,1.0,1.0,1.0,0.0,0.0,0.0,3,0,0
5145,43,17,26,1,21,3,18,15,7,5,1,0,0,0,0,0,0,0,0,0,0,0,0,1.0,1.0,1.0,0.0,0.0,0.0,3,0,0
5146,43,17,26,1,21,3,18,15,7,5,1,0,0,0,0,0,0,0,0,0,0,0,0,1.0,1.0,1.0,0.0,0.0,0.0,3,0,0
5147,43,17,26,1,21,3,18,15,7,5,1,0,0,0,0,0,0,0,0,0,0,1,0,1.0,1.0,1.0,0.0,0.0,0.0,3,0,0
5148,43,17,26,1,21,3,18,15,7,5,1,0,0,0,0,0,0,0,0,0,0,0,0,1.0,1.0,1.0,0.0,0.0,0.0,3,0,0
5149,43,17,26,1,21,3,18,15,7,5,1,0,0,0,0,0,0,0,0,0,0,0,0,1.0,1.0,1.0,0.0,0.0,0.0,3,0,0
5150,43,17,26,1,21,3,18,15,7,5,1,0,0,0,0,0,0,0,0,0,0,0,0,1.0,1.0,1.0,0.0,0.0,0.0,3,0,0
5151,43,17,26,1,20,4,18,15,7,5,1,0,0,0,0,0,0,0,0,0,0,0,0,1.0,1.0,1.0,0.0,0.0,0.0,3,0,0
5152,43,17,26,0,21,4,18,15,7,5,1,0,0,0,0,0,0,0,0,0,0,0,0,1.0,1.0,1.0,0.0,0.0,0.0,3,0,0
5153,43,17,26,0,21,4,18,15,8,5,1,0,0,0,0,0,3,1,0,0,0,0,0,1.0,1.0,1.0,0.0,0.0,0.3333333333333333,3,0,0
5154,43,17,26,0,21,4,18,15,9,5,0,0,0,0,0,0,4,1,0,0,0,0,0,1.0,1.0,1.0,0.0,0.0,0.25,3,0,0
5155,43,17,26,0,21,4,18,15,9,5,0,0,0,0,0,0,5,0,0,0,0,0,0,1.0,1.0,1.0,0.0,0.0,0.0,3,0,0
5156,43,17,26,0,21,4,18,15,10,5,0,0,0,0,0,0,2,1,0,0,0,0,0,1.0,1.0,1.0,0.0,0.0,0.5,3,0,0
5157,43,17,26,0,21,4,18,15,10,5,0,0,0,0,0,0,0,0,0,0,0,0,0,1.0,1.0,1.0,0.0,0.0,0.0,3,0,0
5158,42,16,26,0,21,4,17,15,10,5,0,0,0,0,0,0,0,0,0,0,0,0,0,1.0,0.6666666666666667,1.0,0.0,0.0,0.0,3,0,1
5159,42,16,26,0,21,4,17,15,10,5,0,0,0,0,0,0,0,0,0,0,0,0,0,1.0,1.0,1.0,0.0,0.0,0.0,3,0,0
5160,42,16,26,0,21,4,17,15,10,5,0,0,0,0,0,0,0,0,0,0,0,0,0,1.0,1.0,1.0,0.0,0.0,0.0,3,0,0
5161,42,16,26,0,21,4,17,15,10,5,0,0,0,0,0,0,0,0,0,0,0,0,0,1.0,1.0,1.0,0.0,0.0,0.0,3,0,0
5162,42,16,26,0,21,4,17,15,10,5,0,0,0,0,0,0,0,0,0,0,0,0,0,1.0,1.0,1.0,0.0,0.0,0.0,3,0,0
5163,41,15,26,0,20,4,17,15,10,5,0,0,0,0,0,0,0,0,0,0,1,0,1,0.9523809523809523,1.0,1.0,0.0,0.0,0.0,3,0,1
5164,41,15,26,0,20,4,17,15,10,5,0,0,0,0,0,0,0,0,0,0,0,0,0,1.0,1.0,1.0,0.0,0.0,0.0,3,0,0
5165,41,15,26,0,20,4,17,15,10,5,0,0,0,0,0,0,0,0,0,0,0,0,0,1.0,1.0,1.0,0.0,0.0,0.0,3,0,0
5166,41,15,26,0,20,4,17,15,10,5,0,0,0,0,0,0,0,0,0,0,0,0,0,1.0,1.0,1.0,0.0,0.0,0.0,3,0,0
5167,41,15,26,0,20,4,17,15,10,5,0,0,0,0,0,0,0,0,0,0,0,0,0,1.0,1.0,1.0,0.0,0.0,0.0,3,0,0
5168,41,15,26,0,20,4,17,15,10,5,0,0,0,0,0,0,0,0,0,0,0,0,0,1.0,1.0,1.0,0.0,0.0,0.0,3,0,0
5169,41,15,26,0,20,4,17,15,10,5,0,0,0,0,0,0,0,0,0,0,0,0,0,1.0,1.0,1.0,0.0,0.0,0.0,3,0,0
5170,41,15,26,0,20,4,17,15,10,5,0,0,0,0,0,0,0,0,0,0,0,0,0,1.0,1.0,1.0,0.0,0.0,0.0,3,0,0
5171,41,15,26,0,20,4,17,15,10,5,0,0,0,0,0,0,0,0,0,0,0,0,0,1.0,1.0,1.0,0.0,0.0,0.0,3,0,0
5172,41,15,26,0,20,4,17,15,10,5,0,0,0,0,0,0,0,0,0,0,0,0,0,1.0,1.0,1.0,0.0,0.0,0.0,3,0,0
5173,41,15,26,0,20,4,17,15,10,5,0,0,0,0,0,0,0,0,0,0,0,0,0,1.0,1.0,1.0,0.0,0.0,0.0,3,0,0
5174,41,15,26,0,20,4,17,15,10,5,0,0,0,0,0,0,0,0,0,0,0,0,0,1.0,1.0,1.0,0.0,0.0,0.0,3,0,0
5175,41,15,26,0,20,4,17,15,10,5,0,0,0,0,0,0,0,0,0,0,0,0,0,1.0,1.0,1.0,0.0,0.0,0.0,3,0,0
5176,41,15,26,0,20,4,17,15,10,5,0,0,0,0,0,0,0,0,0,0,0,0,0,1.0,1.0,1.0,0.0,0.0,0.0,3,0,0
5177,41,15,26,0,20,4,17,15,10,5,0,0,0,0,0,0,0,0,0,0,0,0,0,1.0,1.0,1.0,0.0,0.0,0.0,3,0,0
5178,41,15,26,0,20,4,17,15,10,5,0,0,0,0,0,0,0,0,0,0,0,0,0,1.0,1.0,1.0,0.0,0.0,0.0,3,0,0
5179,41,15,26,0,20,4,17,15,10,5,0,0,0,0,0,0,0,0,0,0,0,0,0,1.0,1.0,1.0,0.0,0.0,0.0,3,0,0
5180,41,15,26,0,20,4,17,15,10,5,0,0,0,0,0,0,0,0,0,0,0,0,0,1.0,1.0,1.0,0.0,0.0,0.0,3,0,0
5181,41,15,26,0,20,4,17,15,10,5,0,0,0,0,0,0,0,0,0,0,0,0,0,1.0,1.0,1.0,0.0,0.0,0.0,3,0,0
5182,41,15,26,0,20,4,17,15,10,5,0,0,0,0,0,0,0,0,0,0,0,0,0,1.0,1.0,1.0,0.0,0.0,0.0,3,0,0
5183,41,15,26,0,20,4,17,15,10,5,0,0,0,0,0,0,0,0,0,0,0,1,0,1.0,1.0,1.0,0.0,0.0,0.0,3,0,0
5184,40,14,26,0,19,4,17,15,10,5,0,0,0,0,0,0,0,0,0,0,1,0,1,0.95,1.0,1.0,0.0,0.0,0.0,3,0,1
5185,40,14,26,0,19,4,17,15,10,2,0,0,0,0,0,0,0,0,0,0,0,0,0,1.0,1.0,1.0,0.0,0.0,0.0,3,0,0
5186,40,14,26,0,19,4,17,15,11,0,0,0,0,0,0,0,7,1,0,0,0,0,0,1.0,1.0,1.0,0.0,0.0,0.14285714285714285,3,0,0
5187,40,14,26,0,18,5,17,15,12,0,0,0,0,0,0,0,10,1,0,0,0,0,0,1.0,1.0,1.0,0.0,0.0,0.1,3,0,0
5188,39,14,25,0,18,5,16,14,12,0,0,0,0,0,0,0,4,1,0,0,0,0,0,1.0,1.0,0.9333333333333333,0.0,0.0,0.25,3,0,1
5189,39,14,25,0,18,5,16,14,14,0,0,0,0,0,0,0,4,2,0,0,0,0,0,1.0,1.0,1.0,0.0,0.0,0.5,3,0,0
5190,39,14,25,0,18,5,16,14,14,0,0,0,0,0,0,0,0,0,0,0,0,0,0,1.0,1.0,1.0,0.0,0.0,0.0,3,0,0
5191,39,14,25,0,18,5,16,14,14,0,0,0,0,0,0,0,0,0,0,0,0,0,0,1.0,1.0,1.0,0.0,0.0,0.0,3,0,0
5192,38,13,25,0,17,5,16,14,14,0,0,0,0,0,0,0,0,0,0,0,1,0,1,0.9444444444444444,1.0,1.0,0.0,0.0,0.0,3,0,1
5193,38,13,25,0,17,5,16,14,14,0,0,0,0,0,0,0,0,0,0,0,0,0,0,1.0,1.0,1.0,0.0,0.0,0.0,3,0,0
5194,38,13,25,0,17,5,16,14,14,0,0,0,0,0,0,0,0,0,0,0,0,0,0,1.0,1.0,1.0,0.0,0.0,0.0,3,0,0
5195,38,13,25,0,17,5,16,14,14,0,0,0,0,0,0,0,0,0,0,0,0,0,0,1.0,1.0,1.0,0.0,0.0,0.0,3,0,0
5196,38,13,25,0,17,5,16,14,14,0,0,0,0,0,0,0,0,0,0,0,0,0,0,1.0,1.0,1.0,0.0,0.0,0.0,3,0,0
5197,38,13,25,0,17,5,16,14,14,0,0,0,0,0,0,0,0,0,0,0,0,0,0,1.0,1.0,1.0,0.0,0.0,0.0,3,0,0
5198,38,13,25,0,17,5,16,14,14,0,0,0,0,0,0,0,0,0,0,0,0,0,0,1.0,1.0,1.0,0.0,0.0,0.0,3,0,0
5199,38,13,25,0,17,5,16,14,14,0,0,0,0,0,0,0,0,0,0,0,0,0,0,1.0,1.0,1.0,0.0,0.0,0.0,3,0,0
5200,38,13,25,0,17,5,16,14,14,0,0,0,0,0,0,0,0,0,0,0,0,0,0,1.0,1.0,1.0,0.0,0.0,0.0,3,0,0
5201,38,13,25,0,17,5,16,14,14,0,0,0,0,0,0,0,0,0,0,0,0,0,0,1.0,1.0,1.0,0.0,0.0,0.0,3,0,0
5202,38,13,25,0,17,5,16,14,14,0,0,0,0,0,0,0,0,0,0,0,0,0,0,1.0,1.0,1.0,0.0,0.0,0.0,3,0,0
5203,38,13,25,0,17,5,16,14,14,0,0,0,0,0,0,0,0,0,0,0,0,0,0,1.0,1.0,1.0,0.0,0.0,0.0,3,0,0
5204,38,13,25,0,17,5,16,14,14,0,0,0,0,0,0,0,0,0,0,0,0,0,0,1.0,1.0,1.0,0.0,0.0,0.0,3,0,0
5205,41,14,27,3,17,5,16,14,13,0,1,0,0,0,0,0,0,0,0,1,0,0,0,1.0,1.0,1.0,0.07894736842105263,0.07894736842105263,0.0,3,3,0
5206,52,19,33,14,17,5,16,14,10,0,4,0,0,0,0,0,0,0,0,3,0,0,0,1.0,1.0,1.0,0.2682926829268293,0.2682926829268293,0.0,3,11,0
5207,51,19,32,13,17,5,16,14,10,0,4,0,0,0,0,0,0,0,0,0,1,0,1,0.967741935483871,1.0,1.0,0.0,0.0,0.0,3,0,1
5208,58,22,36,20,17,5,16,14,8,0,6,0,0,0,0,0,0,0,0,2,0,0,0,1.0,1.0,1.0,0.13725490196078433,0.13725490196078433,0.0,3,7,0
5209,58,22,36,20,17,5,16,14,8,0,6,0,0,0,0,0,0,0,0,0,0,0,0,1.0,1.0,1.0,0.0,0.0,0.0,3,0,0
5210,57,22,35,19,17,5,16,14,8,0,6,0,0,0,0,0,0,0,0,0,1,0,1,0.972972972972973,1.0,1.0,0.0,0.0,0.0,3,0,1
5211,55,21,34,17,17,5,16,14,8,0,6,0,0,0,0,0,0,0,0,0,2,0,2,0.9444444444444444,1.0,1.0,0.0,0.0,0.0,3,0,2
5212,55,21,34,17,17,5,16,14,8,0,6,0,0,0,0,0,0,0,0,0,0,0,0,1.0,1.0,1.0,0.0,0.0,0.0,3,0,0
5213,53,19,34,16,16,5,16,14,8,0,6,0,0,0,0,0,0,0,0,0,2,0,2,0.9411764705882353,1.0,1.0,0.0,0.0,0.0,3,0,2
5214,53,19,34,16,16,5,16,14,8,0,6,0,0,0,0,0,0,0,0,0,0,0,0,1.0,1.0,1.0,0.0,0.0,0.0,3,0,0
5215,53,19,34,16,16,5,16,14,8,0,6,0,0,0,0,0,0,0,0,0,0,1,0,1.0,1.0,1.0,0.0,0.0,0.0,3,0,0
5216,52,18,34,16,15,5,16,14,8,0,6,0,0,0,0,0,0,0,0,0,1,0,1,0.96875,1.0,1.0,0.0,0.0,0.0,3,0,1
5217,52,18,34,16,15,5,16,14,8,0,6,0,0,0,0,0,0,0,0,0,0,0,0,1.0,1.0,1.0,0.0,0.0,0.0,3,0,0
5218,56,20,36,20,15,5,16,14,7,0,7,0,0,0,0,0,0,0,0,1,0,0,0,1.0,1.0,1.0,0.07692307692307693,0.07692307692307693,0.0,3,4,0
5219,60,24,36,24,14,6,16,14,6,0,8,0,0,0,0,0,0,0,0,1,0,0,0,1.0,1.0,1.0,0.07142857142857142,0.07142857142857142,0.0,3,4,0
5220,58,22,36,22,14,6,16,14,6,0,8,0,0,0,0,0,0,0,0,0,2,0,2,0.9473684210526316,1.0,1.0,0.0,0.0,0.0,3,0,2
5221,60,23,37,24,14,6,16,14,5,0,9,0,0,0,0,0,0,0,0,1,2,0,2,0.9444444444444444,1.0,1.0,0.06896551724137931,0.06896551724137931,0.0,3,4,2
5222,58,22,36,23,13,6,16,14,5,0,9,0,0,0,0,0,0,0,0,0,2,0,2,0.9473684210526316,1.0,1.0,0.0,0.0,0.0,3,0,2
5223,56,22,34,22,12,6,16,14,5,0,9,0,0,0,0,0,0,0,0,0,2,0,2,0.9444444444444444,1.0,1.0,0.0,0.0,0.0,3,0,2
5224,55,22,33,21,12,6,16,14,5,0,9,0,0,0,0,0,0,0,0,0,1,0,1,0.9705882352941176,1.0,1.0,0.0,0.0,0.0,3,0,1
5225,55,22,33,21,12,6,16,14,5,0,9,0,0,0,0,0,0,0,0,0,0,0,0,1.0,1.0,1.0,0.0,0.0,0.0,3,0,0
5226,55,22,33,21,12,6,16,14,5,0,9,0,0,0,0,0,0,0,0,0,0,0,0,1.0,1.0,1.0,0.0,0.0,0.0,3,0,0
5227,55,22,33,21,12,6,16,14,5,0,9,0,0,0,0,0,0,0,0,0,0,0,0,1.0,1.0,1.0,0.0,0.0,0.0,3,0,0
5228,55,22,33,21,12,6,16,14,5,0,9,0,0,0,0,0,0,0,0,0,0,0,0,1.0,1.0,1.0,0.0,0.0,0.0,3,0,0
5229,55,22,33,21,12,6,16,14,5,0,9,0,0,0,0,0,0,0,0,0,0,0,0,1.0,1.0,1.0,0.0,0.0,0.0,3,0,0
5230,55,22,33,21,12,6,16,14,5,0,9,0,0,0,0,0,0,0,0,0,0,0,0,1.0,1.0,1.0,0.0,0.0,0.0,3,0,0
5231,55,22,33,21,12,6,16,14,5,0,9,0,0,0,0,0,0,0,0,0,0,0,0,1.0,1.0,1.0,0.0,0.0,0.0,3,0,0
5232,55,22,33,21,12,6,16,14,5,0,9,0,0,0,0,0,0,0,0,0,0,0,0,1.0,1.0,1.0,0.0,0.0,0.0,3,0,0
5233,53,21,32,20,11,6,16,14,5,0,9,0,0,0,0,0,0,0,0,0,2,0,2,0.9393939393939394,1.0,1.0,0.0,0.0,0.0,3,0,2
5234,53,21,32,20,11,6,16,14,5,0,9,0,0,0,0,0,0,0,0,0,0,0,0,1.0,1.0,1.0,0.0,0.0,0.0,3,0,0
5235,53,21,32,20,11,6,16,14,5,0,9,0,0,0,0,0,0,0,0,0,0,0,0,1.0,1.0,1.0,0.0,0.0,0.0,3,0,0
5236,53,21,32,20,11,6,16,14,5,0,9,0,0,0,0,0,0,0,0,0,0,0,0,1.0,1.0,1.0,0.0,0.0,0.0,3,0,0
5237,52,21,31,19,11,6,16,14,5,0,9,0,0,0,0,0,0,0,0,0,1,0,1,0.967741935483871,1.0,1.0,0.0,0.0,0.0,3,0,1
5238,51,20,31,18,11,6,16,14,5,0,9,0,0,0,0,0,0,0,0,0,1,0,1,0.9666666666666667,1.0,1.0,0.0,0.0,0.0,3,0,1
5239,51,20,31,18,11,6,16,14,5,0,9,0,0,0,0,0,0,0,0,0,0,0,0,1.0,1.0,1.0,0.0,0.0,0.0,3,0,0
5240,51,20,31,18,11,6,16,14,5,0,9,0,0,0,0,0,0,0,0,0,0,0,0,1.0,1.0,1.0,0.0,0.0,0.0,3,0,0
5241,51,20,31,18,11,6,16,14,5,0,9,0,0,0,0,0,0,0,0,0,0,0,0,1.0,1.0,1.0,0.0,0.0,0.0,3,0,0
5242,51,20,31,18,11,6,16,14,5,0,9,0,0,0,0,0,0,0,0,0,0,2,0,1.0,1.0,1.0,0.0,0.0,0.0,3,0,0
5243,50,20,30,18,10,6,16,14,5,0,9,0,0,0,0,0,0,0,0,0,1,0,1,0.9655172413793104,1.0,1.0,0.0,0.0,0.0,3,0,1
5244,50,20,30,18,10,6,16,14,5,0,9,0,0,0,0,0,0,0,0,0,0,1,0,1.0,1.0,1.0,0.0,0.0,0.0,3,0,0
5245,50,20,30,18,10,6,16,14,5,0,9,0,0,0,0,0,0,0,0,0,0,1,0,1.0,1.0,1.0,0.0,0.0,0.0,3,0,0
5246,50,20,30,18,8,8,16,14,5,0,9,0,0,0,0,0,0,0,0,0,0,0,0,1.0,1.0,1.0,0.0,0.0,0.0,3,0,0
5247,49,19,30,17,8,8,16,14,5,0,9,0,0,0,0,0,0,0,0,0,1,0,1,0.9615384615384616,1.0,1.0,0.0,0.0,0.0,3,0,1
5248,47,18,29,15,8,8,16,14,5,0,9,0,0,0,0,0,0,0,0,0,1,0,1,0.9583333333333334,1.0,1.0,0.0,0.0,0.0,3,0,2
5249,47,18,29,9,13,9,16,14,5,0,9,0,0,0,0,0,0,0,0,0,0,0,0,1.0,1.0,1.0,0.0,0.0,0.0,3,0,0
5250,47,18,29,9,13,9,16,14,5,0,8,0,0,0,0,0,0,0,0,0,0,0,0,1.0,1.0,1.0,0.0,0.0,0.0,3,0,0
5251,51,20,31,9,17,9,16,14,4,0,6,0,0,0,0,0,6,0,0,1,0,0,0,1.0,1.0,1.0,0.0851063829787234,0.0851063829787234,0.0,3,4,0
5252,54,23,31,12,17,9,16,14,5,0,7,0,0,0,0,0,7,2,0,1,0,0,0,1.0,1.0,1.0,0.058823529411764705,0.058823529411764705,0.2857142857142857,3,3,0
5253,58,25,33,16,17,9,16,14,5,0,6,0,0,0,0,0,6,1,0,1,0,0,0,1.0,1.0,1.0,0.07407407407407407,0.07407407407407407,0.16666666666666666,3,4,0
5254,62,29,33,22,15,9,16,14,3,0,8,0,0,0,0,0,9,0,0,2,2,0,2,0.9393939393939394,1.0,1.0,0.10344827586206896,0.10344827586206896,0.0,3,6,2
5255,60,27,33,20,15,9,16,14,5,0,8,0,0,0,0,0,16,2,0,0,2,0,2,0.9459459459459459,1.0,1.0,0.0,0.0,0.125,3,0,2
5256,60,27,33,20,15,9,16,14,6,0,8,0,0,0,0,0,5,1,0,0,0,0,0,1.0,1.0,1.0,0.0,0.0,0.2,3,0,0
5257,57,25,32,18,14,9,16,14,6,0,8,0,0,0,0,0,0,0,0,0,3,0,3,0.9142857142857143,1.0,1.0,0.0,0.0,0.0,3,0,3
5258,56,24,32,17,14,9,16,14,6,0,8,0,0,0,0,0,0,0,0,0,1,1,1,0.96875,1.0,1.0,0.0,0.0,0.0,3,0,1
5259,56,24,32,17,14,9,16,14,6,0,8,0,0,0,0,0,0,0,0,0,0,0,0,1.0,1.0,1.0,0.0,0.0,0.0,3,0,0
5260,55,24,31,16,14,9,16,14,6,0,8,0,0,0,0,0,0,0,0,0,1,0,1,0.967741935483871,1.0,1.0,0.0,0.0,0.0,3,0,1
5261,54,23,31,14,15,9,16,14,6,0,8,0,0,0,0,0,0,0,0,0,1,0,1,0.9666666666666667,1.0,1.0,0.0,0.0,0.0,3,0,1
5262,54,23,31,13,15,10,16,14,6,0,8,0,0,0,0,0,0,0,0,0,0,0,0,1.0,1.0,1.0,0.0,0.0,0.0,3,0,0
5263,54,23,31,13,15,10,16,14,6,0,7,0,0,0,0,0,0,0,0,0,0,0,0,1.0,1.0,1.0,0.0,0.0,0.0,3,0,0
5264,52,21,31,11,17,8,16,14,7,0,6,0,0,0,0,0,7,1,0,0,0,0,0,1.0,1.0,1.0,0.0,0.0,0.14285714285714285,3,0,2
5265,52,21,31,11,17,8,16,14,8,0,6,0,0,0,0,0,8,1,0,0,0,0,0,1.0,1.0,1.0,0.0,0.0,0.125,3,0,0
5266,51,21,30,11,16,8,16,14,8,0,5,0,0,0,0,0,0,0,0,0,1,0,1,0.9642857142857143,1.0,1.0,0.0,0.0,0.0,3,0,1
5267,51,21,30,11,16,8,16,14,9,0,5,0,0,0,0,0,6,1,0,0,0,0,0,1.0,1.0,1.0,0.0,0.0,0.16666666666666666,3,0,0
5268,51,21,30,11,16,8,16,14,9,0,5,0,0,0,0,0,0,0,0,0,0,0,0,1.0,1.0,1.0,0.0,0.0,0.0,3,0,0
5269,51,21,30,11,16,8,16,14,9,0,5,0,0,0,0,0,0,0,0,0,0,0,0,1.0,1.0,1.0,0.0,0.0,0.0,3,0,0
5270,51,21,30,11,16,8,16,14,9,0,5,0,0,0,0,0,0,0,0,0,0,1,0,1.0,1.0,1.0,0.0,0.0,0.0,3,0,0
5271,49,21,28,11,14,8,16,14,9,0,5,0,0,0,0,0,0,0,0,0,2,0,2,0.9259259259259259,1.0,1.0,0.0,0.0,0.0,3,0,2
5272,49,21,28,11,14,8,16,14,9,0,5,0,0,0,0,0,0,0,0,0,0,0,0,1.0,1.0,1.0,0.0,0.0,0.0,3,0,0
5273,49,21,28,11,14,8,16,14,9,0,5,0,0,0,0,0,0,0,0,0,0,0,0,1.0,1.0,1.0,0.0,0.0,0.0,3,0,0
5274,49,21,28,11,13,9,16,14,9,0,5,0,0,0,0,0,0,0,0,0,0,0,0,1.0,1.0,1.0,0.0,0.0,0.0,3,0,0
5275,49,21,28,11,13,9,16,14,9,0,5,0,0,0,0,0,0,0,0,0,0,0,0,1.0,1.0,1.0,0.0,0.0,0.0,3,0,0
5276,49,21,28,11,13,9,16,14,9,0,5,0,0,0,0,0,0,0,0,0,0,0,0,1.0,1.0,1.0,0.0,0.0,0.0,3,0,0
5277,48,20,28,10,13,9,16,14,9,0,5,0,0,0,0,0,0,0,0,0,1,0,1,0.9583333333333334,1.0,1.0,0.0,0.0,0.0,3,0,1
5278,48,20,28,10,13,9,16,14,9,0,5,0,0,0,0,0,0,0,0,0,0,0,0,1.0,1.0,1.0,0.0,0.0,0.0,3,0,0
5279,48,20,28,10,13,9,16,14,9,0,5,0,0,0,0,0,0,0,0,0,0,0,0,1.0,1.0,1.0,0.0,0.0,0.0,3,0,0
5280,48,20,28,10,13,9,16,14,9,0,5,0,0,0,0,0,0,0,0,0,0,0,0,1.0,1.0,1.0,0.0,0.0,0.0,3,0,0
5281,48,20,28,10,13,9,16,14,9,0,5,0,0,0,0,0,0,0,0,0,0,0,0,1.0,1.0,1.0,0.0,0.0,0.0,3,0,0
5282,48,20,28,10,13,9,16,14,9,0,5,0,0,0,0,0,0,0,0,0,0,0,0,1.0,1.0,1.0,0.0,0.0,0.0,3,0,0
5283,48,20,28,10,13,9,16,14,9,0,5,0,0,0,0,0,0,0,0,0,0,0,0,1.0,1.0,1.0,0.0,0.0,0.0,3,0,0
5284,48,20,28,10,13,9,16,14,9,0,5,0,0,0,0,0,0,0,0,0,0,0,0,1.0,1.0,1.0,0.0,0.0,0.0,3,0,0
5285,48,20,28,10,13,9,16,14,9,0,5,0,0,0,0,0,0,0,0,0,0,0,0,1.0,1.0,1.0,0.0,0.0,0.0,3,0,0
5286,48,20,28,10,13,9,16,14,9,0,5,0,0,0,0,0,0,0,0,0,0,0,0,1.0,1.0,1.0,0.0,0.0,0.0,3,0,0
5287,48,20,28,10,13,9,16,14,9,0,5,0,0,0,0,0,0,0,0,0,0,0,0,1.0,1.0,1.0,0.0,0.0,0.0,3,0,0
5288,47,20,27,10,12,9,16,14,9,0,5,0,0,0,0,0,0,0,0,0,1,0,1,0.9565217391304348,1.0,1.0,0.0,0.0,0.0,3,0,1
5289,47,20,27,10,12,9,16,14,9,0,5,0,0,0,0,0,0,0,0,0,0,1,0,1.0,1.0,1.0,0.0,0.0,0.0,3,0,0
5290,47,20,27,10,12,9,16,14,9,0,5,0,0,0,0,0,0,0,0,0,0,0,0,1.0,1.0,1.0,0.0,0.0,0.0,3,0,0
5291,47,20,27,10,12,9,16,14,9,0,5,0,0,0,0,0,0,0,0,0,0,0,0,1.0,1.0,1.0,0.0,0.0,0.0,3,0,0
5292,47,20,27,10,12,9,16,14,9,0,5,0,0,0,0,0,0,0,0,0,0,0,0,1.0,1.0,1.0,0.0,0.0,0.0,3,0,0
5293,46,19,27,9,11,10,16,14,9,0,5,0,0,0,0,0,0,0,0,0,1,0,1,0.9523809523809523,1.0,1.0,0.0,0.0,0.0,3,0,1
5294,46,19,27,7,13,10,16,14,9,0,5,0,0,0,0,0,0,0,0,0,0,0,0,1.0,1.0,1.0,0.0,0.0,0.0,3,0,0
5295,46,19,27,5,15,10,16,14,9,0,5,0,0,0,0,0,0,0,0,0,0,0,0,1.0,1.0,1.0,0.0,0.0,0.0,3,0,0
5296,46,19,27,3,17,10,16,14,9,0,4,0,0,0,0,0,0,0,0,0,0,0,0,1.0,1.0,1.0,0.0,0.0,0.0,3,0,0
5297,46,19,27,0,20,10,16,14,10,0,3,0,0,0,0,0,3,1,0,0,0,0,0,1.0,1.0,1.0,0.0,0.0,0.3333333333333333,3,0,0
5298,46,19,27,0,20,10,16,14,10,0,2,0,0,0,0,0,7,0,0,0,0,0,0,1.0,1.0,1.0,0.0,0.0,0.0,3,0,0
5299,46,19,27,0,20,10,16,14,11,1,0,0,0,0,0,0,9,1,1,0,0,0,0,1.0,1.0,1.0,0.0,0.0,0.1111111111111111,3,0,0
5300,46,19,27,0,20,10,16,14,11,2,0,0,0,0,0,0,1,0,1,0,0,0,0,1.0,1.0,1.0,0.0,0.0,0.0,3,0,0
5301,45,19,26,0,19,10,16,14,12,2,0,0,0,0,0,0,4,1,0,0,1,0,1,0.95,1.0,1.0,0.0,0.0,0.25,3,0,1
5302,45,19,26,0,19,10,16,14,12,2,0,0,0,0,0,0,0,0,0,0,0,0,0,1.0,1.0,1.0,0.0,0.0,0.0,3,0,0
5303,45,19,26,0,19,10,16,14,12,2,0,0,0,0,0,0,0,0,0,0,0,0,0,1.0,1.0,1.0,0.0,0.0,0.0,3,0,0
5304,45,19,26,0,19,9,17,15,12,2,0,0,0,0,0,0,0,0,0,0,0,0,0,1.0,1.0,1.0,0.0,0.0,0.0,3,0,0
5305,44,18,26,0,18,9,17,15,12,2,0,0,0,0,0,0,0,0,0,0,1,0,1,0.9473684210526316,1.0,1.0,0.0,0.0,0.0,3,0,1
5306,44,18,26,0,18,9,17,15,12,2,0,0,0,0,0,0,0,0,0,0,0,0,0,1.0,1.0,1.0,0.0,0.0,0.0,3,0,0
5307,44,18,26,0,18,9,17,15,12,2,0,0,0,0,0,0,0,0,0,0,0,0,0,1.0,1.0,1.0,0.0,0.0,0.0,3,0,0
5308,44,18,26,0,18,9,17,15,12,2,0,0,0,0,0,0,0,0,0,0,0,0,0,1.0,1.0,1.0,0.0,0.0,0.0,3,0,0
5309,44,18,26,0,18,9,17,15,13,2,0,0,0,0,0,0,5,1,0,0,0,0,0,1.0,1.0,1.0,0.0,0.0,0.2,3,0,0
5310,43,18,25,0,17,9,17,15,13,2,0,0,0,0,0,0,0,0,0,0,1,0,1,0.9444444444444444,1.0,1.0,0.0,0.0,0.0,3,0,1
5311,43,18,25,0,17,9,17,15,13,2,0,0,0,0,0,0,0,0,0,0,0,0,0,1.0,1.0,1.0,0.0,0.0,0.0,3,0,0
5312,43,18,25,0,17,9,17,15,13,2,0,0,0,0,0,0,0,0,0,0,0,0,0,1.0,1.0,1.0,0.0,0.0,0.0,3,0,0
5313,43,18,25,0,17,9,17,15,13,2,0,0,0,0,0,0,0,0,0,0,0,0,0,1.0,1.0,1.0,0.0,0.0,0.0,3,0,0
5314,43,18,25,0,17,9,17,15,13,2,0,0,0,0,0,0,0,0,0,0,0,0,0,1.0,1.0,1.0,0.0,0.0,0.0,3,0,0
5315,43,18,25,0,17,9,17,15,13,2,0,0,0,0,0,0,0,0,0,0,0,0,0,1.0,1.0,1.0,0.0,0.0,0.0,3,0,0
5316,43,18,25,0,17,9,17,15,13,2,0,0,0,0,0,0,0,0,0,0,0,0,0,1.0,1.0,1.0,0.0,0.0,0.0,3,0,0
5317,51,21,30,8,17,9,17,15,11,2,2,0,0,0,0,0,0,0,0,2,0,0,0,1.0,1.0,1.0,0.18604651162790697,0.18604651162790697,0.0,3,8,0
5318,55,23,32,12,17,9,17,15,10,2,3,0,0,0,0,0,0,0,0,1,0,0,0,1.0,1.0,1.0,0.0784313725490196,0.0784313725490196,0.0,3,4,0
5319,54,23,31,12,16,9,17,15,10,2,3,0,0,0,0,0,0,0,0,0,1,0,1,0.9655172413793104,1.0,1.0,0.0,0.0,0.0,3,0,1
5320,61,28,33,19,16,9,17,15,8,2,5,0,0,0,0,0,0,0,0,2,0,0,0,1.0,1.0,1.0,0.12962962962962962,0.12962962962962962,0.0,3,7,0
5321,65,30,35,23,16,9,17,15,7,2,6,0,0,0,0,0,0,0,0,1,0,0,0,1.0,1.0,1.0,0.06557377049180328,0.06557377049180328,0.0,3,4,0
5322,63,28,35,21,16,8,18,15,7,2,6,0,0,0,0,0,0,0,0,0,2,0,2,0.9487179487179487,1.0,1.0,0.0,0.0,0.0,3,0,2
5323,62,27,35,20,16,8,18,15,7,2,6,0,0,0,0,0,0,0,0,0,1,0,1,0.972972972972973,1.0,1.0,0.0,0.0,0.0,3,0,1
5324,62,27,35,20,16,8,18,15,7,2,6,0,0,0,0,0,0,0,0,0,0,0,0,1.0,1.0,1.0,0.0,0.0,0.0,3,0,0
5325,61,27,34,19,16,8,18,15,7,2,6,0,0,0,0,0,0,0,0,0,1,0,1,0.9722222222222222,1.0,1.0,0.0,0.0,0.0,3,0,1
5326,61,27,34,19,16,8,18,15,7,2,6,0,0,0,0,0,0,0,0,0,0,0,0,1.0,1.0,1.0,0.0,0.0,0.0,3,0,0
5327,59,27,32,18,15,8,18,15,7,2,6,0,0,0,0,0,0,0,0,0,2,0,2,0.9428571428571428,1.0,1.0,0.0,0.0,0.0,3,0,2
5328,59,27,32,18,15,8,18,15,7,2,6,0,0,0,0,0,0,0,0,0,0,0,0,1.0,1.0,1.0,0.0,0.0,0.0,3,0,0
5329,63,30,33,22,15,8,18,15,6,2,7,0,0,0,0,0,0,0,0,1,0,0,0,1.0,1.0,1.0,0.06779661016949153,0.06779661016949153,0.0,3,4,0
5330,64,30,34,24,14,8,18,15,5,2,8,0,0,0,0,0,0,0,0,1,2,0,2,0.9459459459459459,1.0,1.0,0.047619047619047616,0.047619047619047616,0.0,3,3,2
5331,62,29,33,22,14,8,18,15,5,2,8,0,0,0,0,0,0,0,0,0,2,0,2,0.9473684210526316,1.0,1.0,0.0,0.0,0.0,3,0,2
5332,64,30,34,24,14,8,18,15,4,2,9,0,0,0,0,0,0,0,0,1,2,0,2,0.9444444444444444,1.0,1.0,0.06451612903225806,0.06451612903225806,0.0,3,4,2
5333,64,30,34,24,14,8,18,15,4,2,9,0,0,0,0,0,0,0,0,0,0,0,0,1.0,1.0,1.0,0.0,0.0,0.0,3,0,0
5334,63,30,33,23,14,8,18,15,4,2,9,0,0,0,0,0,0,0,0,0,1,0,1,0.9736842105263158,1.0,1.0,0.0,0.0,0.0,3,0,1
5335,62,30,32,22,14,8,18,15,4,2,9,0,0,0,0,0,0,0,0,0,1,0,1,0.972972972972973,1.0,1.0,0.0,0.0,0.0,3,0,1
5336,60,29,31,20,14,8,18,15,4,2,9,0,0,0,0,0,0,0,0,0,2,0,2,0.9444444444444444,1.0,1.0,0.0,0.0,0.0,3,0,2
5337,59,29,30,19,14,8,18,15,4,2,9,0,0,0,0,0,0,0,0,0,1,0,1,0.9705882352941176,1.0,1.0,0.0,0.0,0.0,3,0,1
5338,59,29,30,19,14,8,18,15,4,2,9,0,0,0,0,0,0,0,0,0,0,0,0,1.0,1.0,1.0,0.0,0.0,0.0,3,0,0
5339,58,28,30,18,14,8,18,15,4,2,9,0,0,0,0,0,0,0,0,0,1,0,1,0.9696969696969697,1.0,1.0,0.0,0.0,0.0,3,0,1
5340,57,27,30,18,13,8,18,15,4,2,9,0,0,0,0,0,0,0,0,0,1,0,1,0.96875,1.0,1.0,0.0,0.0,0.0,3,0,1
5341,56,26,30,18,12,8,18,15,4,2,9,0,0,0,0,0,0,0,0,0,1,0,1,0.967741935483871,1.0,1.0,0.0,0.0,0.0,3,0,1
5342,56,26,30,18,12,8,18,15,4,2,9,0,0,0,0,0,0,0,0,0,0,0,0,1.0,1.0,1.0,0.0,0.0,0.0,3,0,0
5343,56,26,30,18,12,8,18,15,4,2,9,0,0,0,0,0,0,0,0,0,0,0,0,1.0,1.0,1.0,0.0,0.0,0.0,3,0,0
5344,56,26,30,18,12,8,18,15,4,1,9,0,0,0,0,0,0,0,0,0,0,0,0,1.0,1.0,1.0,0.0,0.0,0.0,3,0,0
5345,56,26,30,18,12,8,18,15,5,0,9,0,0,0,0,0,5,1,0,0,0,0,0,1.0,1.0,1.0,0.0,0.0,0.2,3,0,0
5346,56,26,30,18,12,8,18,15,5,0,9,0,0,0,0,0,8,0,0,0,0,0,0,1.0,1.0,1.0,0.0,0.0,0.0,3,0,0
5347,55,25,30,17,12,8,18,15,5,0,9,0,0,0,0,0,1,0,0,0,1,0,1,0.9666666666666667,1.0,1.0,0.0,0.0,0.0,3,0,1
5348,54,24,30,16,12,8,18,15,6,0,9,0,0,0,0,0,7,1,0,0,1,0,1,0.9655172413793104,1.0,1.0,0.0,0.0,0.14285714285714285,3,0,1
5349,54,24,30,16,12,8,18,15,6,0,9,0,0,0,0,0,0,0,0,0,0,0,0,1.0,1.0,1.0,0.0,0.0,0.0,3,0,0
5350,54,24,30,16,12,8,18,15,6,0,9,0,0,0,0,0,0,0,0,0,0,0,0,1.0,1.0,1.0,0.0,0.0,0.0,3,0,0
5351,53,24,29,15,12,7,19,16,7,0,9,0,0,0,0,0,6,1,0,0,1,0,1,0.9642857142857143,1.0,1.0,0.0,0.0,0.16666666666666666,3,0,1
5352,52,23,29,15,11,7,19,16,7,0,9,0,0,0,0,0,0,0,0,0,1,0,1,0.962962962962963,1.0,1.0,0.0,0.0,0.0,3,0,1
5353,52,23,29,15,11,7,19,16,7,0,9,0,0,0,0,0,0,0,0,0,0,0,0,1.0,1.0,1.0,0.0,0.0,0.0,3,0,0
5354,52,23,29,15,11,7,19,16,7,0,9,0,0,0,0,0,0,0,0,0,0,0,0,1.0,1.0,1.0,0.0,0.0,0.0,3,0,0
5355,52,23,29,15,11,7,19,16,7,0,9,0,0,0,0,0,0,0,0,0,0,0,0,1.0,1.0,1.0,0.0,0.0,0.0,3,0,0
5356,52,23,29,15,11,7,19,16,7,0,9,0,0,0,0,0,0,0,0,0,0,0,0,1.0,1.0,1.0,0.0,0.0,0.0,3,0,0
5357,52,23,29,15,11,7,19,16,7,0,9,0,0,0,0,0,0,0,0,0,0,0,0,1.0,1.0,1.0,0.0,0.0,0.0,3,0,0
5358,52,23,29,15,11,7,19,16,7,0,9,0,0,0,0,0,0,0,0,0,0,0,0,1.0,1.0,1.0,0.0,0.0,0.0,3,0,0
5359,52,23,29,15,11,7,19,16,7,0,9,0,0,0,0,0,0,0,0,0,0,0,0,1.0,1.0,1.0,0.0,0.0,0.0,3,0,0
5360,52,23,29,14,12,7,19,16,7,0,9,0,0,0,0,0,0,0,0,0,0,0,0,1.0,1.0,1.0,0.0,0.0,0.0,3,0,0
5361,52,23,29,11,15,7,19,16,7,0,9,0,0,0,0,0,0,0,0,0,0,0,0,1.0,1.0,1.0,0.0,0.0,0.0,3,0,0
5362,55,23,32,15,14,7,19,16,6,0,8,0,0,0,0,0,0,0,0,1,1,0,1,0.9615384615384616,1.0,1.0,0.07692307692307693,0.07692307692307693,0.0,3,4,1
5363,54,23,31,8,20,7,19,16,8,0,7,0,0,0,0,0,11,2,0,0,1,0,1,0.9655172413793104,1.0,1.0,0.0,0.0,0.18181818181818182,3,0,1
5364,58,27,31,11,21,7,19,16,8,0,8,0,0,0,0,0,8,1,0,1,0,0,0,1.0,1.0,1.0,0.07407407407407407,0.07407407407407407,0.125,3,4,0
5365,57,27,30,11,20,7,19,16,8,0,6,0,0,0,0,0,0,0,0,0,1,0,1,0.96875,1.0,1.0,0.0,0.0,0.0,3,0,1
5366,61,30,31,15,20,7,19,16,8,0,6,0,0,0,0,0,12,1,0,1,0,0,0,1.0,1.0,1.0,0.07017543859649122,0.07017543859649122,0.08333333333333333,3,4,0
5367,60,29,31,15,19,7,19,16,8,0,6,0,0,0,0,0,7,0,0,0,1,0,1,0.9714285714285714,1.0,1.0,0.0,0.0,0.0,3,0,1
5368,59,28,31,14,19,7,19,16,10,0,6,0,0,0,0,0,13,2,0,0,1,0,1,0.9705882352941176,1.0,1.0,0.0,0.0,0.15384615384615385,3,0,1
5369,59,28,31,14,19,7,19,16,10,0,6,0,0,0,0,0,0,0,0,0,0,0,0,1.0,1.0,1.0,0.0,0.0,0.0,3,0,0
5370,58,27,31,13,19,7,19,16,10,0,6,0,0,0,0,0,0,0,0,0,1,0,1,0.9696969696969697,1.0,1.0,0.0,0.0,0.0,3,0,1
5371,58,27,31,13,19,7,19,16,10,0,6,0,0,0,0,0,0,0,0,0,0,0,0,1.0,1.0,1.0,0.0,0.0,0.0,3,0,0
5372,58,27,31,12,20,7,19,16,10,0,6,0,0,0,0,0,0,0,0,0,0,0,0,1.0,1.0,1.0,0.0,0.0,0.0,3,0,0
5373,58,27,31,11,21,7,19,16,10,0,6,0,0,0,0,0,0,0,0,0,0,0,0,1.0,1.0,1.0,0.0,0.0,0.0,3,0,0
5374,61,29,32,14,21,7,19,16,9,0,6,0,0,0,0,0,0,0,0,1,0,0,0,1.0,1.0,1.0,0.05172413793103448,0.05172413793103448,0.0,3,3,0
5375,60,28,32,13,21,7,19,16,9,0,5,0,0,0,0,0,3,0,0,0,1,0,1,0.9714285714285714,1.0,1.0,0.0,0.0,0.0,3,0,1
5376,60,28,32,13,21,7,19,16,10,0,5,0,0,0,0,0,4,1,0,0,0,0,0,1.0,1.0,1.0,0.0,0.0,0.25,3,0,0
5377,59,28,31,12,21,7,19,16,10,1,4,0,0,0,0,0,4,0,1,0,1,0,1,0.9705882352941176,1.0,1.0,0.0,0.0,0.0,3,0,1
5378,57,27,30,12,19,7,19,16,11,1,4,0,0,0,0,0,3,1,0,0,2,0,2,0.9393939393939394,1.0,1.0,0.0,0.0,0.3333333333333333,3,0,2
5379,57,27,30,12,19,7,19,16,11,1,4,0,0,0,0,0,0,0,0,0,0,0,0,1.0,1.0,1.0,0.0,0.0,0.0,3,0,0
5380,55,26,29,11,19,7,18,15,11,1,3,0,0,0,0,0,0,0,0,0,1,0,1,0.967741935483871,1.0,0.9375,0.0,0.0,0.0,3,0,2
5381,55,26,29,11,19,5,20,15,11,1,3,0,0,0,0,0,0,0,0,0,0,0,0,1.0,1.0,1.0,0.0,0.0,0.0,3,0,0
5382,53,24,29,9,19,5,20,15,11,1,3,0,0,0,0,0,0,0,0,0,2,0,2,0.9333333333333333,1.0,1.0,0.0,0.0,0.0,3,0,2
5383,53,24,29,9,19,5,20,15,11,1,3,0,0,0,0,0,0,0,0,0,0,0,0,1.0,1.0,1.0,0.0,0.0,0.0,3,0,0
5384,53,24,29,9,19,4,21,15,11,1,3,0,0,0,0,0,0,0,0,0,0,0,0,1.0,1.0,1.0,0.0,0.0,0.0,3,0,0
5385,53,24,29,9,19,4,21,15,11,1,3,0,0,0,0,0,0,0,0,0,0,1,0,1.0,1.0,1.0,0.0,0.0,0.0,3,0,0
5386,52,24,28,8,19,4,21,15,11,1,3,0,0,0,0,0,0,0,0,0,1,2,1,0.9642857142857143,1.0,1.0,0.0,0.0,0.0,3,0,1
5387,52,24,28,8,19,4,21,15,11,1,3,0,0,0,0,0,0,0,0,0,0,0,0,1.0,1.0,1.0,0.0,0.0,0.0,3,0,0
5388,52,24,28,8,19,4,21,15,11,1,3,0,0,0,0,0,0,0,0,0,0,3,0,1.0,1.0,1.0,0.0,0.0,0.0,3,0,0
5389,51,23,28,7,18,5,21,15,11,1,3,0,0,0,0,0,0,0,0,0,1,0,1,0.9615384615384616,1.0,1.0,0.0,0.0,0.0,3,0,1
5390,51,23,28,7,16,7,21,15,11,1,3,0,0,0,0,0,0,0,0,0,0,0,0,1.0,1.0,1.0,0.0,0.0,0.0,3,0,0
5391,51,23,28,7,16,7,21,15,11,1,3,0,0,0,0,0,0,0,0,0,0,0,0,1.0,1.0,1.0,0.0,0.0,0.0,3,0,0
5392,50,23,27,7,12,10,21,15,11,1,3,0,0,0,0,0,0,0,0,0,1,0,1,0.95,1.0,1.0,0.0,0.0,0.0,3,0,1
5393,49,22,27,7,11,10,21,15,11,1,3,0,0,0,0,0,0,0,0,0,1,0,1,0.9473684210526316,1.0,1.0,0.0,0.0,0.0,3,0,1
5394,49,22,27,7,11,10,21,15,11,1,3,0,0,0,0,0,0,0,0,0,0,0,0,1.0,1.0,1.0,0.0,0.0,0.0,3,0,0
5395,49,22,27,7,11,10,21,15,11,1,3,0,0,0,0,0,0,0,0,0,0,0,0,1.0,1.0,1.0,0.0,0.0,0.0,3,0,0
5396,49,22,27,7,11,10,21,15,11,1,3,0,0,0,0,0,0,0,0,0,0,0,0,1.0,1.0,1.0,0.0,0.0,0.0,3,0,0
5397,49,22,27,7,11,10,21,15,11,1,3,0,0,0,0,0,0,0,0,0,0,0,0,1.0,1.0,1.0,0.0,0.0,0.0,3,0,0
5398,49,22,27,7,11,10,21,15,11,1,3,0,0,0,0,0,0,0,0,0,0,0,0,1.0,1.0,1.0,0.0,0.0,0.0,3,0,0
5399,49,22,27,7,11,10,21,15,11,1,3,0,0,0,0,0,0,0,0,0,0,1,0,1.0,1.0,1.0,0.0,0.0,0.0,3,0,0
5400,49,22,27,7,11,10,21,15,11,1,3,0,0,0,0,0,0,0,0,0,0,0,0,1.0,1.0,1.0,0.0,0.0,0.0,3,0,0
5401,49,22,27,7,11,10,21,15,11,1,3,0,0,0,0,0,0,0,0,0,0,0,0,1.0,1.0,1.0,0.0,0.0,0.0,3,0,0
5402,49,22,27,7,11,10,21,15,11,1,3,0,0,0,0,0,0,0,0,0,0,0,0,1.0,1.0,1.0,0.0,0.0,0.0,3,0,0
5403,49,22,27,7,10,11,21,15,11,1,3,0,0,0,0,0,0,0,0,0,0,0,0,1.0,1.0,1.0,0.0,0.0,0.0,3,0,0
5404,49,22,27,7,10,11,21,15,11,1,3,0,0,0,0,0,0,0,0,0,0,0,0,1.0,1.0,1.0,0.0,0.0,0.0,3,0,0
5405,49,22,27,6,11,11,21,15,11,1,3,0,0,0,0,0,0,0,0,0,0,0,0,1.0,1.0,1.0,0.0,0.0,0.0,3,0,0
5406,49,22,27,6,11,11,21,15,11,1,3,0,0,0,0,0,0,0,0,0,0,0,0,1.0,1.0,1.0,0.0,0.0,0.0,3,0,0
5407,49,22,27,4,13,11,21,15,11,1,2,0,0,0,0,0,0,0,0,0,0,0,0,1.0,1.0,1.0,0.0,0.0,0.0,3,0,0
5408,49,22,27,4,13,11,21,15,12,1,2,0,0,0,0,0,7,1,0,0,0,0,0,1.0,1.0,1.0,0.0,0.0,0.14285714285714285,3,0,0
5409,48,22,26,3,14,11,20,14,11,1,1,0,0,0,0,0,0,0,0,0,0,0,0,1.0,1.0,0.9333333333333333,0.0,0.0,0.0,3,0,1
5410,50,22,28,6,14,11,19,14,11,1,2,0,0,0,0,0,7,1,0,1,0,0,0,1.0,0.8333333333333334,1.0,0.0625,0.0625,0.14285714285714285,3,3,1
5411,50,22,28,6,14,11,19,14,11,1,1,0,0,0,0,0,7,1,0,0,0,0,0,1.0,1.0,1.0,0.0,0.0,0.14285714285714285,3,0,0
5412,50,22,28,6,14,11,19,14,11,1,1,0,0,0,0,0,7,1,0,0,0,0,0,1.0,1.0,1.0,0.0,0.0,0.14285714285714285,3,0,0
5413,54,23,31,10,14,11,19,14,10,1,2,0,0,0,0,0,7,1,0,1,0,0,0,1.0,1.0,1.0,0.08,0.08,0.14285714285714285,3,4,0
5414,51,21,30,9,12,11,19,14,10,1,2,0,0,0,0,0,7,1,0,0,3,0,3,0.875,1.0,1.0,0.0,0.0,0.14285714285714285,3,0,3
5415,51,21,30,9,12,11,19,14,10,1,2,0,0,0,0,0,7,1,0,0,0,0,0,1.0,1.0,1.0,0.0,0.0,0.14285714285714285,3,0,0
5416,51,21,30,9,12,11,19,14,10,1,2,0,0,0,0,0,7,1,0,0,0,0,0,1.0,1.0,1.0,0.0,0.0,0.14285714285714285,3,0,0
5417,49,20,29,6,13,11,19,14,10,1,2,0,0,0,0,0,7,1,0,0,2,0,2,0.9047619047619048,1.0,1.0,0.0,0.0,0.14285714285714285,3,0,2
5418,49,20,29,6,13,11,19,14,10,1,2,0,0,0,0,0,7,1,0,0,0,0,0,1.0,1.0,1.0,0.0,0.0,0.14285714285714285,3,0,0
5419,49,20,29,6,13,11,19,14,10,1,2,0,0,0,0,0,7,1,0,0,0,0,0,1.0,1.0,1.0,0.0,0.0,0.14285714285714285,3,0,0
5420,49,20,29,6,13,11,19,14,10,1,2,0,0,0,0,0,7,1,0,0,0,0,0,1.0,1.0,1.0,0.0,0.0,0.14285714285714285,3,0,0
5421,49,20,29,6,13,11,19,14,10,1,2,0,0,0,0,0,7,1,0,0,0,0,0,1.0,1.0,1.0,0.0,0.0,0.14285714285714285,3,0,0
5422,49,20,29,6,13,11,19,14,10,0,2,0,0,0,0,0,7,1,0,0,0,0,0,1.0,1.0,1.0,0.0,0.0,0.14285714285714285,3,0,0
5423,49,20,29,6,13,11,19,14,10,0,2,0,0,0,0,0,7,1,0,0,0,0,0,1.0,1.0,1.0,0.0,0.0,0.14285714285714285,3,0,0
5424,49,20,29,6,13,11,19,14,10,0,2,0,0,0,0,0,7,1,0,0,0,0,0,1.0,1.0,1.0,0.0,0.0,0.14285714285714285,3,0,0
5425,49,20,29,6,13,10,20,15,10,0,2,0,0,0,0,0,7,1,0,0,0,0,0,1.0,1.0,1.0,0.0,0.0,0.14285714285714285,3,0,0
5426,49,20,29,6,13,10,20,15,10,0,2,0,0,0,0,0,7,1,0,0,0,0,0,1.0,1.0,1.0,0.0,0.0,0.14285714285714285,3,0,0
5427,48,19,29,6,12,10,20,15,10,0,2,0,0,0,0,0,7,1,0,0,1,0,1,0.9473684210526316,1.0,1.0,0.0,0.0,0.14285714285714285,3,0,1
5428,54,23,31,12,12,10,20,15,8,0,4,0,0,0,0,0,7,1,0,2,1,0,1,0.9444444444444444,1.0,1.0,0.14583333333333334,0.14583333333333334,0.14285714285714285,3,7,1
5429,57,23,34,15,12,10,20,15,7,0,5,0,0,0,0,0,7,1,0,1,0,0,0,1.0,1.0,1.0,0.05555555555555555,0.05555555555555555,0.14285714285714285,3,3,0
5430,57,23,34,15,12,10,20,15,7,0,5,0,0,0,0,0,7,1,0,0,0,0,0,1.0,1.0,1.0,0.0,0.0,0.14285714285714285,3,0,0
5431,60,24,36,18,12,10,20,15,6,0,6,0,0,0,0,0,7,1,0,1,1,0,1,0.962962962962963,1.0,1.0,0.07017543859649122,0.07017543859649122,0.14285714285714285,3,4,1
5432,58,24,34,16,12,10,20,15,6,0,6,0,0,0,0,0,7,1,0,0,2,0,2,0.9333333333333333,1.0,1.0,0.0,0.0,0.14285714285714285,3,0,2
5433,66,28,38,24,12,10,20,15,4,0,8,0,0,0,0,0,7,1,0,2,0,1,0,1.0,1.0,1.0,0.13793103448275862,0.13793103448275862,0.14285714285714285,3,8,0
5434,65,28,37,23,12,10,20,15,4,0,8,0,0,0,0,0,7,1,0,0,1,0,1,0.9722222222222222,1.0,1.0,0.0,0.0,0.14285714285714285,3,0,1
5435,63,27,36,22,11,10,20,15,4,0,8,0,0,0,0,0,7,1,0,0,2,0,2,0.9428571428571428,1.0,1.0,0.0,0.0,0.14285714285714285,3,0,2
5436,62,26,36,22,10,10,20,15,4,0,8,0,0,0,0,0,7,1,0,0,1,0,1,0.9696969696969697,1.0,1.0,0.0,0.0,0.14285714285714285,3,0,1
5437,61,26,35,21,9,10,21,16,4,0,8,0,0,0,0,0,7,1,0,0,1,0,1,0.967741935483871,1.0,1.0,0.0,0.0,0.14285714285714285,3,0,1
5438,60,26,34,20,9,10,21,16,4,0,8,0,0,0,0,0,7,1,0,0,1,0,1,0.9666666666666667,1.0,1.0,0.0,0.0,0.14285714285714285,3,0,1
5439,58,26,32,19,9,10,20,15,4,0,7,0,0,0,0,0,7,1,0,0,1,0,1,0.9655172413793104,1.0,0.9375,0.0,0.0,0.14285714285714285,3,0,2
5440,57,26,31,18,9,10,20,15,4,0,7,0,0,0,0,0,7,1,0,0,1,0,1,0.9642857142857143,1.0,1.0,0.0,0.0,0.14285714285714285,3,0,1
5441,59,27,32,21,8,10,20,15,3,0,8,0,0,0,0,0,7,1,0,1,1,0,1,0.962962962962963,1.0,1.0,0.05263157894736842,0.05263157894736842,0.14285714285714285,3,3,1
5442,58,27,31,21,7,10,20,15,3,0,8,0,0,0,0,0,7,1,0,0,1,0,1,0.9655172413793104,1.0,1.0,0.0,0.0,0.14285714285714285,3,0,1
5443,61,29,32,24,7,10,20,15,2,0,9,0,0,0,0,0,7,1,0,1,1,0,1,0.9642857142857143,1.0,1.0,0.06896551724137931,0.06896551724137931,0.14285714285714285,3,4,1
5444,59,27,32,23,7,10,19,15,2,0,9,0,0,0,0,0,7,1,0,0,1,0,1,0.967741935483871,0.8,1.0,0.0,0.0,0.14285714285714285,3,0,2
5445,58,26,32,23,6,10,19,15,2,0,9,0,0,0,0,0,7,1,0,0,1,0,1,0.9666666666666667,1.0,1.0,0.0,0.0,0.14285714285714285,3,0,1
5446,58,26,32,23,6,10,19,15,2,0,9,0,0,0,0,0,7,1,0,0,0,0,0,1.0,1.0,1.0,0.0,0.0,0.14285714285714285,3,0,0
5447,57,25,32,22,6,9,20,16,2,0,9,0,0,0,0,0,7,1,0,0,1,0,1,0.9655172413793104,1.0,1.0,0.0,0.0,0.14285714285714285,3,0,1
5448,56,25,31,21,6,9,20,16,2,0,9,0,0,0,0,0,7,1,0,0,1,0,1,0.9642857142857143,1.0,1.0,0.0,0.0,0.14285714285714285,3,0,1
5449,56,25,31,21,6,9,20,16,2,0,9,0,0,0,0,0,7,1,0,0,0,0,0,1.0,1.0,1.0,0.0,0.0,0.14285714285714285,3,0,0
5450,56,25,31,21,6,9,20,16,2,0,9,0,0,0,0,0,7,1,0,0,0,0,0,1.0,1.0,1.0,0.0,0.0,0.14285714285714285,3,0,0
5451,56,25,31,21,6,9,20,16,2,0,9,0,0,0,0,0,7,1,0,0,0,0,0,1.0,1.0,1.0,0.0,0.0,0.14285714285714285,3,0,0
5452,55,25,30,20,6,9,20,16,2,0,9,0,0,0,0,0,7,1,0,0,1,0,1,0.962962962962963,1.0,1.0,0.0,0.0,0.14285714285714285,3,0,1
5453,55,25,30,18,8,9,20,16,2,0,9,0,0,0,0,0,7,1,0,0,0,0,0,1.0,1.0,1.0,0.0,0.0,0.14285714285714285,3,0,0
5454,54,25,29,17,8,9,20,16,2,0,9,0,0,0,0,0,7,1,0,0,1,0,1,0.9615384615384616,1.0,1.0,0.0,0.0,0.14285714285714285,3,0,1
5455,54,25,29,17,8,9,20,16,2,0,9,0,0,0,0,0,7,1,0,0,0,0,0,1.0,1.0,1.0,0.0,0.0,0.14285714285714285,3,0,0
5456,54,25,29,15,10,9,20,16,2,0,9,0,0,0,0,0,7,1,0,0,0,0,0,1.0,1.0,1.0,0.0,0.0,0.14285714285714285,3,0,0
5457,54,25,29,15,10,9,20,16,2,0,9,0,0,0,0,0,7,1,0,0,0,0,0,1.0,1.0,1.0,0.0,0.0,0.14285714285714285,3,0,0
5458,54,25,29,15,10,9,20,16,2,0,8,0,0,0,0,0,7,1,0,0,0,0,0,1.0,1.0,1.0,0.0,0.0,0.14285714285714285,3,0,0
5459,54,25,29,15,10,9,20,16,2,0,8,0,0,0,0,0,7,1,0,0,0,0,0,1.0,1.0,1.0,0.0,0.0,0.14285714285714285,3,0,0
5460,54,25,29,15,10,9,20,16,2,0,8,0,0,0,0,0,7,1,0,0,0,0,0,1.0,1.0,1.0,0.0,0.0,0.14285714285714285,3,0,0
5461,54,25,29,15,10,9,20,16,2,0,8,0,0,0,0,0,7,1,0,0,0,0,0,1.0,1.0,1.0,0.0,0.0,0.14285714285714285,3,0,0
5462,53,24,29,15,9,9,20,16,2,0,8,0,0,0,0,0,7,1,0,0,1,0,1,0.96,1.0,1.0,0.0,0.0,0.14285714285714285,3,0,1
5463,53,24,29,15,9,9,20,16,2,0,8,0,0,0,0,0,7,1,0,0,0,0,0,1.0,1.0,1.0,0.0,0.0,0.14285714285714285,3,0,0
5464,53,24,29,15,9,9,20,16,2,0,8,0,0,0,0,0,7,1,0,0,0,0,0,1.0,1.0,1.0,0.0,0.0,0.14285714285714285,3,0,0
5465,53,24,29,15,9,9,20,16,2,0,8,0,0,0,0,0,7,1,0,0,0,0,0,1.0,1.0,1.0,0.0,0.0,0.14285714285714285,3,0,0
5466,53,24,29,15,9,9,20,16,2,0,8,0,0,0,0,0,7,1,0,0,0,0,0,1.0,1.0,1.0,0.0,0.0,0.14285714285714285,3,0,0
5467,53,24,29,15,9,9,20,16,2,0,8,0,0,0,0,0,7,1,0,0,0,0,0,1.0,1.0,1.0,0.0,0.0,0.14285714285714285,3,0,0
5468,53,24,29,15,9,9,20,16,2,0,8,0,0,0,0,0,7,1,0,0,0,0,0,1.0,1.0,1.0,0.0,0.0,0.14285714285714285,3,0,0
5469,52,23,29,14,9,9,20,16,2,0,8,0,0,0,0,0,7,1,0,0,1,0,1,0.9583333333333334,1.0,1.0,0.0,0.0,0.14285714285714285,3,0,1
5470,52,23,29,14,9,9,20,16,2,0,8,0,0,0,0,0,7,1,0,0,0,0,0,1.0,1.0,1.0,0.0,0.0,0.14285714285714285,3,0,0
5471,52,23,29,11,12,9,20,16,2,0,8,0,0,0,0,0,7,1,0,0,0,0,0,1.0,1.0,1.0,0.0,0.0,0.14285714285714285,3,0,0
5472,52,23,29,11,12,9,20,16,2,0,8,0,0,0,0,0,7,1,0,0,0,0,0,1.0,1.0,1.0,0.0,0.0,0.14285714285714285,3,0,0
5473,55,25,30,14,12,9,20,16,1,0,7,0,0,0,0,0,7,1,0,1,1,0,1,0.9565217391304348,1.0,1.0,0.07692307692307693,0.07692307692307693,0.14285714285714285,3,4,1
5474,55,25,30,13,13,9,20,16,1,0,6,0,0,0,0,0,7,1,0,0,0,0,0,1.0,1.0,1.0,0.0,0.0,0.14285714285714285,3,0,0
5475,58,27,31,16,13,9,20,16,0,0,7,0,0,0,0,0,7,1,0,1,0,0,0,1.0,1.0,1.0,0.05454545454545454,0.05454545454545454,0.14285714285714285,3,3,0
5476,57,26,31,11,17,9,20,16,0,0,6,0,0,0,0,0,7,1,0,0,1,0,1,0.9655172413793104,1.0,1.0,0.0,0.0,0.14285714285714285,3,0,1
5477,57,26,31,11,17,9,20,16,0,0,6,0,0,0,0,0,7,1,0,0,0,0,0,1.0,1.0,1.0,0.0,0.0,0.14285714285714285,3,0,0
5478,57,26,31,11,17,9,20,16,0,0,4,0,0,0,0,0,7,1,0,0,0,0,0,1.0,1.0,1.0,0.0,0.0,0.14285714285714285,3,0,0
5479,57,26,31,11,17,9,20,16,0,0,4,0,0,0,0,0,7,1,0,0,0,0,0,1.0,1.0,1.0,0.0,0.0,0.14285714285714285,3,0,0
5480,57,26,31,11,17,9,20,16,0,0,4,0,0,0,0,0,7,1,0,0,0,0,0,1.0,1.0,1.0,0.0,0.0,0.14285714285714285,3,0,0
5481,56,26,30,11,17,9,19,15,0,0,4,0,0,0,0,0,7,1,0,0,0,0,0,1.0,1.0,0.9375,0.0,0.0,0.14285714285714285,3,0,1
5482,55,25,30,11,16,9,19,15,0,0,4,0,0,0,0,0,7,1,0,0,1,0,1,0.9642857142857143,1.0,1.0,0.0,0.0,0.14285714285714285,3,0,1
5483,55,25,30,11,16,9,19,15,0,0,4,0,0,0,0,0,7,1,0,0,0,0,0,1.0,1.0,1.0,0.0,0.0,0.14285714285714285,3,0,0
5484,55,25,30,10,17,9,19,15,0,0,4,0,0,0,0,0,7,1,0,0,0,0,0,1.0,1.0,1.0,0.0,0.0,0.14285714285714285,3,0,0
5485,54,24,30,10,16,9,19,15,0,0,4,0,0,0,0,0,7,1,0,0,1,0,1,0.962962962962963,1.0,1.0,0.0,0.0,0.14285714285714285,3,0,1
5486,52,23,29,6,18,9,19,15,0,0,3,0,0,0,0,0,7,1,0,0,2,0,2,0.9230769230769231,1.0,1.0,0.0,0.0,0.14285714285714285,3,0,2
5487,50,22,28,5,17,9,19,15,0,0,3,0,0,0,0,0,7,1,0,0,2,0,2,0.9166666666666666,1.0,1.0,0.0,0.0,0.14285714285714285,3,0,2
5488,50,22,28,5,17,9,19,15,0,0,2,0,0,0,0,0,7,1,0,0,0,0,0,1.0,1.0,1.0,0.0,0.0,0.14285714285714285,3,0,0
5489,49,22,27,5,16,9,19,15,0,0,2,0,0,0,0,0,7,1,0,0,1,0,1,0.9545454545454546,1.0,1.0,0.0,0.0,0.14285714285714285,3,0,1
5490,49,22,27,5,16,9,19,15,0,0,2,0,0,0,0,0,7,1,0,0,0,0,0,1.0,1.0,1.0,0.0,0.0,0.14285714285714285,3,0,0
5491,49,22,27,5,16,9,19,15,0,0,2,0,0,0,0,0,7,1,0,0,0,0,0,1.0,1.0,1.0,0.0,0.0,0.14285714285714285,3,0,0
5492,49,22,27,5,16,9,19,15,0,0,2,0,0,0,0,0,7,1,0,0,0,0,0,1.0,1.0,1.0,0.0,0.0,0.14285714285714285,3,0,0
5493,46,21,25,5,14,9,18,14,0,0,2,0,0,0,0,0,7,1,0,0,2,0,2,0.9047619047619048,1.0,0.9333333333333333,0.0,0.0,0.14285714285714285,3,0,3
5494,46,21,25,5,14,9,18,14,0,0,2,0,0,0,0,0,7,1,0,0,0,0,0,1.0,1.0,1.0,0.0,0.0,0.14285714285714285,3,0,0
5495,46,21,25,5,14,9,18,14,0,0,2,0,0,0,0,0,7,1,0,0,0,0,0,1.0,1.0,1.0,0.0,0.0,0.14285714285714285,3,0,0
5496,46,21,25,5,14,9,18,14,0,0,2,0,0,0,0,0,7,1,0,0,0,0,0,1.0,1.0,1.0,0.0,0.0,0.14285714285714285,3,0,0
5497,45,20,25,4,14,9,18,14,0,0,2,0,0,0,0,0,7,1,0,0,1,0,1,0.9473684210526316,1.0,1.0,0.0,0.0,0.14285714285714285,3,0,1
5498,45,20,25,4,14,9,18,14,0,0,2,0,0,0,0,0,7,1,0,0,0,0,0,1.0,1.0,1.0,0.0,0.0,0.14285714285714285,3,0,0
5499,45,20,25,4,14,9,18,14,0,0,2,0,0,0,0,0,7,1,0,0,0,0,0,1.0,1.0,1.0,0.0,0.0,0.14285714285714285,3,0,0
5500,45,20,25,4,14,9,18,14,0,0,2,0,0,0,0,0,7,1,0,0,0,1,0,1.0,1.0,1.0,0.0,0.0,0.14285714285714285,3,0,0
5501,45,20,25,4,14,9,18,14,0,0,2,0,0,0,0,0,7,1,0,0,0,0,0,1.0,1.0,1.0,0.0,0.0,0.14285714285714285,3,0,0
5502,45,20,25,4,14,9,18,14,0,0,2,0,0,0,0,0,7,1,0,0,0,0,0,1.0,1.0,1.0,0.0,0.0,0.14285714285714285,3,0,0
5503,45,20,25,4,14,9,18,14,0,0,2,0,0,0,0,0,7,1,0,0,0,0,0,1.0,1.0,1.0,0.0,0.0,0.14285714285714285,3,0,0
5504,45,20,25,4,13,10,18,14,0,0,2,0,0,0,0,0,7,1,0,0,0,0,0,1.0,1.0,1.0,0.0,0.0,0.14285714285714285,3,0,0
5505,44,19,25,4,12,10,18,14,1,1,2,0,0,0,0,0,17,1,1,0,1,0,1,0.9411764705882353,1.0,1.0,0.0,0.0,0.058823529411764705,3,0,1
5506,44,19,25,4,12,10,18,14,4,1,2,0,0,0,0,0,16,3,0,0,0,0,0,1.0,1.0,1.0,0.0,0.0,0.1875,3,0,0
5507,44,19,25,4,12,10,18,14,6,1,2,0,0,0,0,0,8,2,0,0,0,0,0,1.0,1.0,1.0,0.0,0.0,0.25,3,0,0
5508,44,19,25,4,12,10,18,14,9,1,2,0,0,0,0,0,13,3,0,0,0,0,0,1.0,1.0,1.0,0.0,0.0,0.23076923076923078,3,0,0
5509,43,18,25,4,11,10,18,14,11,1,2,0,0,0,0,0,7,2,0,0,1,0,1,0.9375,1.0,1.0,0.0,0.0,0.2857142857142857,3,0,1
5510,43,18,25,4,11,10,18,14,11,1,2,0,0,0,0,0,0,0,0,0,0,0,0,1.0,1.0,1.0,0.0,0.0,0.0,3,0,0
5511,43,18,25,4,11,9,19,15,11,1,2,0,0,0,0,0,0,0,0,0,0,0,0,1.0,1.0,1.0,0.0,0.0,0.0,3,0,0
5512,43,18,25,4,11,9,19,15,11,1,2,0,0,0,0,0,0,0,0,0,0,0,0,1.0,1.0,1.0,0.0,0.0,0.0,3,0,0
5513,43,18,25,4,11,9,19,15,11,1,2,0,0,0,0,0,0,0,0,0,0,0,0,1.0,1.0,1.0,0.0,0.0,0.0,3,0,0
5514,42,17,25,4,11,9,18,15,11,1,2,0,0,0,0,0,0,0,0,0,0,0,0,1.0,0.75,1.0,0.0,0.0,0.0,3,0,1
5515,42,17,25,4,11,9,18,15,11,1,2,0,0,0,0,0,0,0,0,0,0,0,0,1.0,1.0,1.0,0.0,0.0,0.0,3,0,0
5516,42,17,25,2,13,9,18,15,11,1,2,0,0,0,0,0,0,0,0,0,0,0,0,1.0,1.0,1.0,0.0,0.0,0.0,3,0,0
5517,42,17,25,2,13,9,18,15,11,1,2,0,0,0,0,0,0,0,0,0,0,0,0,1.0,1.0,1.0,0.0,0.0,0.0,3,0,0
5518,42,17,25,0,15,9,18,15,12,1,1,0,0,0,0,0,7,1,0,0,0,0,0,1.0,1.0,1.0,0.0,0.0,0.14285714285714285,3,0,0
5519,42,17,25,0,15,9,18,15,12,1,1,0,0,0,0,0,2,0,0,0,0,0,0,1.0,1.0,1.0,0.0,0.0,0.0,3,0,0
5520,42,17,25,0,15,9,18,15,12,1,0,0,0,0,0,0,8,0,0,0,0,0,0,1.0,1.0,1.0,0.0,0.0,0.0,3,0,0
5521,42,17,25,0,15,9,18,15,13,1,0,0,0,0,0,0,8,1,0,0,0,0,0,1.0,1.0,1.0,0.0,0.0,0.125,3,0,0
5522,42,17,25,0,15,9,18,15,14,1,0,0,0,0,0,0,4,1,0,0,0,0,0,1.0,1.0,1.0,0.0,0.0,0.25,3,0,0
5523,42,17,25,0,15,9,18,15,14,1,0,0,0,0,0,0,0,0,0,0,0,0,0,1.0,1.0,1.0,0.0,0.0,0.0,3,0,0
5524,42,17,25,0,15,9,18,15,14,1,0,0,0,0,0,0,0,0,0,0,0,0,0,1.0,1.0,1.0,0.0,0.0,0.0,3,0,0
5525,42,17,25,0,15,7,20,15,14,1,0,0,0,0,0,0,0,0,0,0,0,0,0,1.0,1.0,1.0,0.0,0.0,0.0,3,0,0
5526,42,17,25,0,15,6,21,16,14,1,0,0,0,0,0,0,0,0,0,0,0,0,0,1.0,1.0,1.0,0.0,0.0,0.0,3,0,0
5527,42,17,25,0,15,4,23,16,14,1,0,0,0,0,0,0,0,0,0,0,0,0,0,1.0,1.0,1.0,0.0,0.0,0.0,3,0,0
5528,42,17,25,0,15,4,23,16,14,1,0,0,0,0,0,0,0,0,0,0,0,0,0,1.0,1.0,1.0,0.0,0.0,0.0,3,0,0
5529,42,17,25,0,15,4,23,16,14,1,0,0,0,0,0,0,0,0,0,0,0,0,0,1.0,1.0,1.0,0.0,0.0,0.0,3,0,0
5530,42,17,25,0,15,4,23,16,14,1,0,0,0,0,0,0,0,0,0,0,0,0,0,1.0,1.0,1.0,0.0,0.0,0.0,3,0,0
5531,42,17,25,0,15,4,23,16,14,1,0,0,0,0,0,0,8,0,0,0,0,0,0,1.0,1.0,1.0,0.0,0.0,0.0,3,0,0
5532,42,17,25,0,15,4,23,16,14,1,0,0,0,0,0,0,2,0,0,0,0,0,0,1.0,1.0,1.0,0.0,0.0,0.0,3,0,0
5533,42,17,25,0,15,4,23,16,15,1,0,0,0,0,0,0,5,1,0,0,0,0,0,1.0,1.0,1.0,0.0,0.0,0.2,3,0,0
5534,42,17,25,0,15,4,23,16,15,1,0,0,0,0,0,0,0,0,0,0,0,0,0,1.0,1.0,1.0,0.0,0.0,0.0,3,0,0
5535,42,17,25,0,15,4,23,16,15,1,0,0,0,0,0,0,0,0,0,0,0,0,0,1.0,1.0,1.0,0.0,0.0,0.0,3,0,0
5536,41,17,24,0,15,4,22,15,14,1,0,0,0,0,0,0,0,0,0,0,0,0,0,1.0,1.0,0.9375,0.0,0.0,0.0,3,0,1
5537,41,17,24,0,15,4,22,15,14,1,0,0,0,0,0,0,0,0,0,0,0,0,0,1.0,1.0,1.0,0.0,0.0,0.0,3,0,0
5538,41,17,24,0,15,3,23,15,14,1,0,0,0,0,0,0,0,0,0,0,0,0,0,1.0,1.0,1.0,0.0,0.0,0.0,3,0,0
5539,41,17,24,0,15,3,23,15,14,1,0,0,0,0,0,0,0,0,0,0,0,0,0,1.0,1.0,1.0,0.0,0.0,0.0,3,0,0
5540,41,17,24,0,15,3,23,15,14,1,0,0,0,0,0,0,0,0,0,0,0,0,0,1.0,1.0,1.0,0.0,0.0,0.0,3,0,0
5541,41,17,24,0,15,3,23,15,14,1,0,0,0,0,0,0,0,0,0,0,0,0,0,1.0,1.0,1.0,0.0,0.0,0.0,3,0,0
5542,41,17,24,0,15,3,23,15,14,1,0,0,0,0,0,0,0,0,0,0,0,1,0,1.0,1.0,1.0,0.0,0.0,0.0,3,0,0
5543,41,17,24,0,15,3,23,15,14,1,0,0,0,0,0,0,0,0,0,0,0,0,0,1.0,1.0,1.0,0.0,0.0,0.0,3,0,0
5544,41,17,24,0,15,3,23,15,14,1,0,0,0,0,0,0,0,0,0,0,0,1,0,1.0,1.0,1.0,0.0,0.0,0.0,3,0,0
5545,41,17,24,0,15,3,23,15,14,1,0,0,0,0,0,0,0,0,0,0,0,0,0,1.0,1.0,1.0,0.0,0.0,0.0,3,0,0
5546,41,17,24,0,14,4,23,15,14,1,0,0,0,0,0,0,0,0,0,0,0,0,0,1.0,1.0,1.0,0.0,0.0,0.0,3,0,0
5547,41,17,24,0,14,4,23,15,14,1,0,0,0,0,0,0,0,0,0,0,0,0,0,1.0,1.0,1.0,0.0,0.0,0.0,3,0,0
5548,41,17,24,0,13,5,23,15,14,1,0,0,0,0,0,0,0,0,0,0,0,0,0,1.0,1.0,1.0,0.0,0.0,0.0,3,0,0
5549,41,17,24,0,13,5,23,15,14,1,0,0,0,0,0,0,0,0,0,0,0,0,0,1.0,1.0,1.0,0.0,0.0,0.0,3,0,0
5550,41,17,24,0,13,5,23,15,14,0,0,0,0,0,0,0,0,0,0,0,0,0,0,1.0,1.0,1.0,0.0,0.0,0.0,3,0,0
5551,41,17,24,0,13,5,23,15,14,0,0,0,0,0,0,0,2,0,0,0,0,0,0,1.0,1.0,1.0,0.0,0.0,0.0,3,0,0
5552,41,17,24,0,13,5,23,15,15,0,0,0,0,0,0,0,4,1,0,0,0,0,0,1.0,1.0,1.0,0.0,0.0,0.25,3,0,0
5553,41,17,24,0,13,5,23,15,15,0,0,0,0,0,0,0,0,0,0,0,0,0,0,1.0,1.0,1.0,0.0,0.0,0.0,3,0,0
5554,41,17,24,0,13,5,23,15,15,0,0,0,0,0,0,0,0,0,0,0,0,0,0,1.0,1.0,1.0,0.0,0.0,0.0,3,0,0
5555,41,17,24,0,13,5,23,15,15,0,0,0,0,0,0,0,0,0,0,0,0,0,0,1.0,1.0,1.0,0.0,0.0,0.0,3,0,0
5556,41,17,24,0,13,5,23,15,15,0,0,0,0,0,0,0,0,0,0,0,0,0,0,1.0,1.0,1.0,0.0,0.0,0.0,3,0,0
5557,41,17,24,0,13,5,23,15,15,0,0,0,0,0,0,0,0,0,0,0,0,0,0,1.0,1.0,1.0,0.0,0.0,0.0,3,0,0
5558,41,17,24,0,13,5,23,15,15,0,0,0,0,0,0,0,0,0,0,0,0,0,0,1.0,1.0,1.0,0.0,0.0,0.0,3,0,0
5559,41,17,24,0,13,5,23,15,15,0,0,0,0,0,0,0,0,0,0,0,0,0,0,1.0,1.0,1.0,0.0,0.0,0.0,3,0,0
5560,41,17,24,0,13,5,23,15,15,0,0,0,0,0,0,0,0,0,0,0,0,0,0,1.0,1.0,1.0,0.0,0.0,0.0,3,0,0
5561,41,17,24,0,13,5,23,15,15,0,0,0,0,0,0,0,0,0,0,0,0,0,0,1.0,1.0,1.0,0.0,0.0,0.0,3,0,0
5562,41,17,24,0,13,5,23,15,15,0,0,0,0,0,0,0,0,0,0,0,0,0,0,1.0,1.0,1.0,0.0,0.0,0.0,3,0,0
5563,40,16,24,0,12,5,23,15,15,0,0,0,0,0,0,0,0,0,0,0,1,0,1,0.9230769230769231,1.0,1.0,0.0,0.0,0.0,3,0,1
5564,40,16,24,0,12,5,23,15,15,0,0,0,0,0,0,0,0,0,0,0,0,0,0,1.0,1.0,1.0,0.0,0.0,0.0,3,0,0
5565,40,16,24,0,12,5,23,15,15,0,0,0,0,0,0,0,0,0,0,0,0,0,0,1.0,1.0,1.0,0.0,0.0,0.0,3,0,0
5566,40,16,24,0,12,5,23,15,15,0,0,0,0,0,0,0,0,0,0,0,0,0,0,1.0,1.0,1.0,0.0,0.0,0.0,3,0,0
5567,40,16,24,0,12,5,23,15,15,0,0,0,0,0,0,0,0,0,0,0,0,0,0,1.0,1.0,1.0,0.0,0.0,0.0,3,0,0
5568,40,16,24,0,12,5,23,15,15,0,0,0,0,0,0,0,0,0,0,0,0,0,0,1.0,1.0,1.0,0.0,0.0,0.0,3,0,0
5569,39,16,23,0,12,5,22,14,14,0,0,0,0,0,0,0,0,0,0,0,0,0,0,1.0,1.0,0.9333333333333333,0.0,0.0,0.0,3,0,1
5570,43,18,25,4,12,5,22,14,13,0,1,0,0,0,0,0,0,0,0,1,0,0,0,1.0,1.0,1.0,0.10256410256410256,0.10256410256410256,0.0,3,4,0
5571,53,23,30,14,12,5,22,14,10,0,4,0,0,0,0,0,0,0,0,3,0,0,0,1.0,1.0,1.0,0.23255813953488372,0.23255813953488372,0.0,3,10,0
5572,59,27,32,20,12,4,23,14,8,0,6,0,0,0,0,0,0,0,0,2,0,0,0,1.0,1.0,1.0,0.11320754716981132,0.11320754716981132,0.0,3,6,0
5573,69,34,35,30,12,4,23,14,5,0,9,0,0,0,0,0,0,0,0,3,0,0,0,1.0,1.0,1.0,0.1694915254237288,0.1694915254237288,0.0,3,10,0
5574,74,38,36,36,11,4,23,14,3,0,11,0,0,0,0,0,0,0,0,2,3,0,3,0.9285714285714286,1.0,1.0,0.11594202898550725,0.11594202898550725,0.0,3,8,3
5575,67,32,35,31,9,4,23,14,3,0,11,0,0,0,0,0,0,0,0,0,7,0,7,0.851063829787234,1.0,1.0,0.0,0.0,0.0,3,0,7
5576,64,30,34,29,8,4,23,14,3,0,11,0,0,0,0,0,0,0,0,0,3,0,3,0.925,1.0,1.0,0.0,0.0,0.0,3,0,3
5577,63,30,33,28,8,4,23,14,3,0,11,0,0,0,0,0,0,0,0,0,1,0,1,0.972972972972973,1.0,1.0,0.0,0.0,0.0,3,0,1
5578,63,30,33,28,8,4,23,14,3,0,11,0,0,0,0,0,0,0,0,0,0,0,0,1.0,1.0,1.0,0.0,0.0,0.0,3,0,0
5579,60,27,33,26,7,4,23,14,3,0,11,0,0,0,0,0,0,0,0,0,3,0,3,0.9166666666666666,1.0,1.0,0.0,0.0,0.0,3,0,3
5580,58,25,33,24,7,4,23,14,3,0,11,0,0,0,0,0,0,0,0,0,2,0,2,0.9393939393939394,1.0,1.0,0.0,0.0,0.0,3,0,2
5581,58,25,33,24,7,4,23,14,3,0,11,0,0,0,0,0,0,0,0,0,0,0,0,1.0,1.0,1.0,0.0,0.0,0.0,3,0,0
5582,58,25,33,24,7,4,23,14,3,0,11,0,0,0,0,0,0,0,0,0,0,0,0,1.0,1.0,1.0,0.0,0.0,0.0,3,0,0
5583,60,27,33,28,5,4,23,14,2,0,12,0,0,0,0,0,0,0,0,1,2,0,2,0.935483870967742,1.0,1.0,0.06896551724137931,0.06896551724137931,0.0,3,4,2
5584,60,27,33,28,5,4,23,14,2,0,12,0,0,0,0,0,0,0,0,0,0,0,0,1.0,1.0,1.0,0.0,0.0,0.0,3,0,0
5585,58,26,32,26,5,4,23,14,2,0,12,0,0,0,0,0,0,0,0,0,2,0,2,0.9393939393939394,1.0,1.0,0.0,0.0,0.0,3,0,2
5586,58,26,32,26,5,4,23,14,2,0,12,0,0,0,0,0,0,0,0,0,0,0,0,1.0,1.0,1.0,0.0,0.0,0.0,3,0,0
5587,57,25,32,25,5,4,23,14,2,0,12,0,0,0,0,0,0,0,0,0,1,0,1,0.967741935483871,1.0,1.0,0.0,0.0,0.0,3,0,1
5588,57,25,32,25,5,4,23,14,2,0,12,0,0,0,0,0,0,0,0,0,0,0,0,1.0,1.0,1.0,0.0,0.0,0.0,3,0,0
5589,56,24,32,24,5,4,23,14,2,0,12,0,0,0,0,0,0,0,0,0,1,0,1,0.9666666666666667,1.0,1.0,0.0,0.0,0.0,3,0,1
5590,54,23,31,23,4,4,23,14,2,0,12,0,0,0,0,0,0,0,0,0,2,0,2,0.9310344827586207,1.0,1.0,0.0,0.0,0.0,3,0,2
5591,54,23,31,23,4,4,23,14,2,0,12,0,0,0,0,0,0,0,0,0,0,0,0,1.0,1.0,1.0,0.0,0.0,0.0,3,0,0
5592,53,22,31,22,4,4,23,14,2,0,12,0,0,0,0,0,0,0,0,0,1,0,1,0.962962962962963,1.0,1.0,0.0,0.0,0.0,3,0,1
5593,52,21,31,21,4,3,24,15,2,0,12,0,0,0,0,0,0,0,0,0,1,0,1,0.9615384615384616,1.0,1.0,0.0,0.0,0.0,3,0,1
5594,50,20,30,20,3,3,24,15,2,0,12,0,0,0,0,0,0,0,0,0,2,0,2,0.92,1.0,1.0,0.0,0.0,0.0,3,0,2
5595,49,20,29,20,2,3,24,15,2,0,12,0,0,0,0,0,0,0,0,0,1,0,1,0.9565217391304348,1.0,1.0,0.0,0.0,0.0,3,0,1
5596,49,20,29,20,2,3,24,15,3,0,12,0,0,0,0,0,4,1,0,0,0,0,0,1.0,1.0,1.0,0.0,0.0,0.25,3,0,0
5597,49,20,29,20,2,3,24,15,3,0,12,0,0,0,0,0,0,0,0,0,0,0,0,1.0,1.0,1.0,0.0,0.0,0.0,3,0,0
5598,52,19,33,23,2,3,24,15,2,0,13,0,0,0,0,0,0,0,0,1,1,0,1,0.9545454545454546,1.0,1.0,0.08163265306122448,0.08163265306122448,0.0,3,4,1
5599,52,19,33,23,2,3,24,15,2,0,13,0,0,0,0,0,0,0,0,0,0,0,0,1.0,1.0,1.0,0.0,0.0,0.0,3,0,0
5600,50,19,31,21,2,3,24,15,2,0,13,0,0,0,0,0,0,0,0,0,2,0,2,0.92,1.0,1.0,0.0,0.0,0.0,3,0,2
5601,50,19,31,21,2,3,24,15,2,0,13,0,0,0,0,0,0,0,0,0,0,0,0,1.0,1.0,1.0,0.0,0.0,0.0,3,0,0
5602,50,19,31,21,2,3,24,15,2,0,13,0,0,0,0,0,0,0,0,0,0,0,0,1.0,1.0,1.0,0.0,0.0,0.0,3,0,0
5603,50,19,31,21,2,3,24,15,2,0,13,0,0,0,0,0,0,0,0,0,0,0,0,1.0,1.0,1.0,0.0,0.0,0.0,3,0,0
5604,50,19,31,21,2,3,24,15,2,0,13,0,0,0,0,0,0,0,0,0,0,0,0,1.0,1.0,1.0,0.0,0.0,0.0,3,0,0
5605,50,19,31,21,2,3,24,15,2,0,13,0,0,0,0,0,0,0,0,0,0,0,0,1.0,1.0,1.0,0.0,0.0,0.0,3,0,0
5606,50,19,31,21,2,3,24,15,2,0,13,0,0,0,0,0,0,0,0,0,0,0,0,1.0,1.0,1.0,0.0,0.0,0.0,3,0,0
5607,50,19,31,21,2,3,24,15,2,0,13,0,0,0,0,0,0,0,0,0,0,0,0,1.0,1.0,1.0,0.0,0.0,0.0,3,0,0
5608,50,19,31,21,2,3,24,15,2,0,13,0,0,0,0,0,0,0,0,0,0,0,0,1.0,1.0,1.0,0.0,0.0,0.0,3,0,0
5609,50,19,31,21,2,3,24,15,2,0,13,0,0,0,0,0,0,0,0,0,0,0,0,1.0,1.0,1.0,0.0,0.0,0.0,3,0,0
5610,50,19,31,21,2,3,24,15,2,0,13,0,0,0,0,0,0,0,0,0,0,0,0,1.0,1.0,1.0,0.0,0.0,0.0,3,0,0
5611,50,19,31,21,2,3,24,15,2,0,13,0,0,0,0,0,0,0,0,0,0,1,0,1.0,1.0,1.0,0.0,0.0,0.0,3,0,0
5612,50,19,31,21,2,3,24,15,2,0,13,0,0,0,0,0,0,0,0,0,0,0,0,1.0,1.0,1.0,0.0,0.0,0.0,3,0,0
5613,50,19,31,18,5,3,24,15,2,0,13,0,0,0,0,0,0,0,0,0,0,0,0,1.0,1.0,1.0,0.0,0.0,0.0,3,0,0
5614,50,19,31,13,10,3,24,15,2,0,13,0,0,0,0,0,0,0,0,0,0,0,0,1.0,1.0,1.0,0.0,0.0,0.0,3,0,0
5615,50,19,31,10,12,4,24,15,2,0,12,0,0,0,0,0,0,0,0,0,0,0,0,1.0,1.0,1.0,0.0,0.0,0.0,3,0,0
5616,50,19,31,7,15,4,24,15,3,0,9,0,0,0,0,0,6,1,0,0,0,0,0,1.0,1.0,1.0,0.0,0.0,0.16666666666666666,3,0,0
5617,54,21,33,8,18,4,24,15,5,0,8,0,0,0,0,0,11,3,0,1,0,0,0,1.0,1.0,1.0,0.08,0.08,0.2727272727272727,3,4,0
5618,53,20,33,8,18,3,24,15,7,0,5,0,0,0,0,0,10,2,0,0,0,0,0,1.0,1.0,1.0,0.0,0.0,0.2,3,0,1
5619,53,20,33,8,18,3,24,15,9,0,3,0,0,0,0,0,10,2,0,0,0,0,0,1.0,1.0,1.0,0.0,0.0,0.2,3,0,0
5620,53,20,33,8,18,3,24,15,11,0,3,0,0,0,0,0,7,2,0,0,0,0,0,1.0,1.0,1.0,0.0,0.0,0.2857142857142857,3,0,0
5621,53,20,33,8,18,3,24,15,12,0,3,0,0,0,0,0,3,1,0,0,0,0,0,1.0,1.0,1.0,0.0,0.0,0.3333333333333333,3,0,0
5622,53,20,33,8,18,3,24,15,12,0,3,0,0,0,0,0,0,0,0,0,0,0,0,1.0,1.0,1.0,0.0,0.0,0.0,3,0,0
5623,53,20,33,8,18,2,25,16,13,0,3,0,0,0,0,0,3,1,0,0,0,0,0,1.0,1.0,1.0,0.0,0.0,0.3333333333333333,3,0,0
5624,51,19,32,8,16,2,25,16,13,0,3,0,0,0,0,0,0,0,0,0,2,0,2,0.9230769230769231,1.0,1.0,0.0,0.0,0.0,3,0,2
5625,50,19,31,8,15,2,25,16,13,0,3,0,0,0,0,0,0,0,0,0,1,0,1,0.9583333333333334,1.0,1.0,0.0,0.0,0.0,3,0,1
5626,50,19,31,7,16,2,25,16,13,0,3,0,0,0,0,0,0,0,0,0,0,0,0,1.0,1.0,1.0,0.0,0.0,0.0,3,0,0
5627,49,19,30,7,15,2,25,16,13,0,3,0,0,0,0,0,0,0,0,0,1,0,1,0.9565217391304348,1.0,1.0,0.0,0.0,0.0,3,0,1
5628,49,19,30,7,15,2,25,16,13,0,2,0,0,0,0,0,0,0,0,0,0,0,0,1.0,1.0,1.0,0.0,0.0,0.0,3,0,0
5629,49,19,30,7,15,2,25,16,13,0,2,0,0,0,0,0,4,0,0,0,0,0,0,1.0,1.0,1.0,0.0,0.0,0.0,3,0,0
5630,49,19,30,7,15,2,25,16,13,0,2,0,0,0,0,0,2,0,0,0,0,0,0,1.0,1.0,1.0,0.0,0.0,0.0,3,0,0
5631,49,19,30,7,15,2,25,16,14,0,2,0,0,0,0,0,4,1,0,0,0,0,0,1.0,1.0,1.0,0.0,0.0,0.25,3,0,0
5632,49,19,30,7,15,2,25,16,14,0,2,0,0,0,0,0,0,0,0,0,0,0,0,1.0,1.0,1.0,0.0,0.0,0.0,3,0,0
5633,49,19,30,7,15,2,25,16,14,0,2,0,0,0,0,0,0,0,0,0,0,0,0,1.0,1.0,1.0,0.0,0.0,0.0,3,0,0
5634,49,19,30,7,15,2,25,16,14,0,2,0,0,0,0,0,0,0,0,0,0,0,0,1.0,1.0,1.0,0.0,0.0,0.0,3,0,0
5635,49,19,30,7,15,2,25,16,14,0,2,0,0,0,0,0,0,0,0,0,0,0,0,1.0,1.0,1.0,0.0,0.0,0.0,3,0,0
5636,49,19,30,7,15,2,25,16,14,0,2,0,0,0,0,0,0,0,0,0,0,0,0,1.0,1.0,1.0,0.0,0.0,0.0,3,0,0
5637,49,19,30,7,15,2,25,16,14,0,2,0,0,0,0,0,0,0,0,0,0,0,0,1.0,1.0,1.0,0.0,0.0,0.0,3,0,0
5638,49,19,30,7,15,2,25,16,14,0,2,0,0,0,0,0,0,0,0,0,0,0,0,1.0,1.0,1.0,0.0,0.0,0.0,3,0,0
5639,49,19,30,7,15,2,25,16,14,0,2,0,0,0,0,0,0,0,0,0,0,0,0,1.0,1.0,1.0,0.0,0.0,0.0,3,0,0
5640,49,19,30,7,15,2,25,16,14,0,2,0,0,0,0,0,0,0,0,0,0,0,0,1.0,1.0,1.0,0.0,0.0,0.0,3,0,0
5641,49,19,30,4,18,2,25,16,14,0,2,0,0,0,0,0,0,0,0,0,0,0,0,1.0,1.0,1.0,0.0,0.0,0.0,3,0,0
5642,49,19,30,4,18,2,25,16,14,0,2,0,0,0,0,0,0,0,0,0,0,0,0,1.0,1.0,1.0,0.0,0.0,0.0,3,0,0
5643,49,19,30,4,18,2,25,16,14,0,1,0,0,0,0,0,0,0,0,0,0,0,0,1.0,1.0,1.0,0.0,0.0,0.0,3,0,0
5644,49,19,30,4,18,2,25,16,14,0,1,0,0,0,0,0,2,0,0,0,0,0,0,1.0,1.0,1.0,0.0,0.0,0.0,3,0,0
5645,49,19,30,4,18,2,25,16,15,0,1,0,0,0,0,0,4,1,0,0,0,0,0,1.0,1.0,1.0,0.0,0.0,0.25,3,0,0
5646,49,19,30,4,18,2,25,16,15,0,1,0,0,0,0,0,0,0,0,0,0,0,0,1.0,1.0,1.0,0.0,0.0,0.0,3,0,0
5647,49,19,30,4,18,2,25,16,15,0,1,0,0,0,0,0,0,0,0,0,0,0,0,1.0,1.0,1.0,0.0,0.0,0.0,3,0,0
5648,48,18,30,4,18,2,24,16,15,0,1,0,0,0,0,0,0,0,0,0,0,0,0,1.0,0.8888888888888888,1.0,0.0,0.0,0.0,3,0,1
5649,48,18,30,4,18,2,24,16,15,0,1,0,0,0,0,0,0,0,0,0,0,0,0,1.0,1.0,1.0,0.0,0.0,0.0,3,0,0
5650,48,18,30,4,18,2,24,16,15,0,1,0,0,0,0,0,0,0,0,0,0,0,0,1.0,1.0,1.0,0.0,0.0,0.0,3,0,0
5651,48,18,30,4,18,2,24,16,15,0,1,0,0,0,0,0,0,0,0,0,0,0,0,1.0,1.0,1.0,0.0,0.0,0.0,3,0,0
5652,48,18,30,4,18,2,24,16,15,0,1,0,0,0,0,0,0,0,0,0,0,0,0,1.0,1.0,1.0,0.0,0.0,0.0,3,0,0
5653,48,18,30,4,18,2,24,16,15,0,1,0,0,0,0,0,0,0,0,0,0,1,0,1.0,1.0,1.0,0.0,0.0,0.0,3,0,0
5654,48,18,30,4,18,2,24,16,15,0,1,0,0,0,0,0,0,0,0,0,0,0,0,1.0,1.0,1.0,0.0,0.0,0.0,3,0,0
5655,48,18,30,4,18,2,24,16,15,0,1,0,0,0,0,0,0,0,0,0,0,0,0,1.0,1.0,1.0,0.0,0.0,0.0,3,0,0
5656,48,18,30,4,18,2,24,16,15,0,1,0,0,0,0,0,0,0,0,0,0,0,0,1.0,1.0,1.0,0.0,0.0,0.0,3,0,0
5657,47,17,30,3,17,3,24,16,15,0,1,0,0,0,0,0,0,0,0,0,1,0,1,0.9523809523809523,1.0,1.0,0.0,0.0,0.0,3,0,1
5658,47,17,30,3,17,3,24,16,15,0,1,0,0,0,0,0,0,0,0,0,0,0,0,1.0,1.0,1.0,0.0,0.0,0.0,3,0,0
5659,47,17,30,3,17,3,24,16,15,0,1,0,0,0,0,0,0,0,0,0,0,0,0,1.0,1.0,1.0,0.0,0.0,0.0,3,0,0
5660,46,16,30,0,19,3,24,16,15,0,1,0,0,0,0,0,0,0,0,0,1,0,1,0.95,1.0,1.0,0.0,0.0,0.0,3,0,1
5661,49,18,31,3,19,3,24,16,14,0,2,0,0,0,0,0,0,0,0,1,0,0,0,1.0,1.0,1.0,0.06521739130434782,0.06521739130434782,0.0,3,3,0
5662,49,18,31,3,19,3,24,16,14,0,1,0,0,0,0,0,0,0,0,0,0,0,0,1.0,1.0,1.0,0.0,0.0,0.0,3,0,0
5663,49,18,31,3,19,3,24,16,15,0,1,0,0,0,0,0,8,1,0,0,0,0,0,1.0,1.0,1.0,0.0,0.0,0.125,3,0,0
5664,49,18,31,3,19,3,24,16,15,0,1,0,0,0,0,0,0,0,0,0,0,0,0,1.0,1.0,1.0,0.0,0.0,0.0,3,0,0
5665,49,18,31,3,19,3,24,16,15,0,1,0,0,0,0,0,0,0,0,0,0,0,0,1.0,1.0,1.0,0.0,0.0,0.0,3,0,0
5666,48,17,31,3,18,3,24,16,15,0,1,0,0,0,0,0,0,0,0,0,1,0,1,0.9545454545454546,1.0,1.0,0.0,0.0,0.0,3,0,1
5667,48,17,31,3,18,3,24,16,15,0,1,0,0,0,0,0,0,0,0,0,0,0,0,1.0,1.0,1.0,0.0,0.0,0.0,3,0,0
5668,48,17,31,3,18,3,24,16,15,0,1,0,0,0,0,0,0,0,0,0,0,0,0,1.0,1.0,1.0,0.0,0.0,0.0,3,0,0
5669,48,17,31,3,18,3,24,16,15,0,1,0,0,0,0,0,0,0,0,0,0,0,0,1.0,1.0,1.0,0.0,0.0,0.0,3,0,0
5670,48,17,31,3,18,3,24,16,15,0,1,0,0,0,0,0,0,0,0,0,0,0,0,1.0,1.0,1.0,0.0,0.0,0.0,3,0,0
5671,48,17,31,3,18,3,24,16,15,0,1,0,0,0,0,0,0,0,0,0,0,0,0,1.0,1.0,1.0,0.0,0.0,0.0,3,0,0
5672,47,17,30,3,17,3,24,16,15,0,1,0,0,0,0,0,0,0,0,0,1,0,1,0.9523809523809523,1.0,1.0,0.0,0.0,0.0,3,0,1
5673,47,17,30,3,17,3,24,16,15,0,1,0,0,0,0,0,0,0,0,0,0,0,0,1.0,1.0,1.0,0.0,0.0,0.0,3,0,0
5674,47,17,30,3,17,3,24,16,15,0,1,0,0,0,0,0,0,0,0,0,0,0,0,1.0,1.0,1.0,0.0,0.0,0.0,3,0,0
5675,47,17,30,3,17,3,24,16,15,0,1,0,0,0,0,0,0,0,0,0,0,0,0,1.0,1.0,1.0,0.0,0.0,0.0,3,0,0
5676,47,17,30,3,17,3,24,16,15,0,1,0,0,0,0,0,0,0,0,0,0,0,0,1.0,1.0,1.0,0.0,0.0,0.0,3,0,0
5677,47,17,30,3,17,3,24,16,15,0,1,0,0,0,0,0,0,0,0,0,0,0,0,1.0,1.0,1.0,0.0,0.0,0.0,3,0,0
5678,47,17,30,3,17,3,24,16,15,0,1,0,0,0,0,0,0,0,0,0,0,0,0,1.0,1.0,1.0,0.0,0.0,0.0,3,0,0
5679,47,17,30,3,17,3,24,16,15,0,1,0,0,0,0,0,0,0,0,0,0,0,0,1.0,1.0,1.0,0.0,0.0,0.0,3,0,0
5680,47,17,30,3,17,3,24,16,15,0,1,0,0,0,0,0,0,0,0,0,0,0,0,1.0,1.0,1.0,0.0,0.0,0.0,3,0,0
5681,51,19,32,7,17,3,24,16,14,0,2,0,0,0,0,0,0,0,0,1,0,0,0,1.0,1.0,1.0,0.0851063829787234,0.0851063829787234,0.0,3,4,0
5682,61,22,39,17,17,3,24,16,11,0,5,0,0,0,0,0,0,0,0,3,0,0,0,1.0,1.0,1.0,0.19607843137254902,0.19607843137254902,0.0,3,10,0
5683,69,27,42,25,17,2,25,16,9,0,7,0,0,0,0,0,0,0,0,2,0,0,0,1.0,1.0,1.0,0.13114754098360656,0.13114754098360656,0.0,3,8,0
5684,72,30,42,30,15,2,25,16,7,0,9,0,0,0,0,0,0,0,0,2,4,0,4,0.9047619047619048,1.0,1.0,0.10144927536231885,0.10144927536231885,0.0,3,7,4
5685,75,29,46,33,15,2,25,16,5,0,11,0,0,0,0,0,0,0,0,2,5,0,5,0.8888888888888888,1.0,1.0,0.1111111111111111,0.1111111111111111,0.0,3,8,5
5686,73,26,47,37,10,2,24,16,4,0,12,0,0,0,0,0,0,0,0,1,5,0,5,0.8958333333333334,0.8888888888888888,1.0,0.05333333333333334,0.05333333333333334,0.0,3,4,6
5687,68,26,42,34,8,2,24,16,4,0,12,0,0,0,0,0,0,0,0,0,5,0,5,0.8936170212765957,1.0,1.0,0.0,0.0,0.0,3,0,5
5688,69,26,43,36,7,2,24,16,3,0,13,0,0,0,0,0,0,0,0,1,3,0,3,0.9285714285714286,1.0,1.0,0.058823529411764705,0.058823529411764705,0.0,3,4,3
5689,67,26,41,35,6,2,24,16,3,0,13,0,0,0,0,0,0,0,0,0,2,0,2,0.9534883720930233,1.0,1.0,0.0,0.0,0.0,3,0,2
5690,66,26,40,34,6,2,24,16,3,0,13,0,0,0,0,0,0,0,0,0,1,0,1,0.975609756097561,1.0,1.0,0.0,0.0,0.0,3,0,1
5691,65,26,39,33,6,2,24,16,3,0,13,0,0,0,0,0,0,0,0,0,1,0,1,0.975,1.0,1.0,0.0,0.0,0.0,3,0,1
5692,64,25,39,32,6,2,24,16,3,0,13,0,0,0,0,0,0,0,0,0,1,0,1,0.9743589743589743,1.0,1.0,0.0,0.0,0.0,3,0,1
5693,63,25,38,31,6,2,24,16,3,0,13,0,0,0,0,0,0,0,0,0,1,0,1,0.9736842105263158,1.0,1.0,0.0,0.0,0.0,3,0,1
5694,62,24,38,30,6,2,24,16,3,0,13,0,0,0,0,0,0,0,0,0,1,0,1,0.972972972972973,1.0,1.0,0.0,0.0,0.0,3,0,1
5695,61,23,38,29,6,2,24,16,3,0,13,0,0,0,0,0,0,0,0,0,1,0,1,0.9722222222222222,1.0,1.0,0.0,0.0,0.0,3,0,1
5696,64,25,39,32,6,2,24,16,2,0,14,0,0,0,0,0,0,0,0,1,0,0,0,1.0,1.0,1.0,0.04918032786885246,0.04918032786885246,0.0,3,3,0
5697,62,24,38,30,6,2,24,16,2,0,14,0,0,0,0,0,0,0,0,0,2,0,2,0.9473684210526316,1.0,1.0,0.0,0.0,0.0,3,0,2
5698,62,24,38,30,6,2,24,16,2,0,14,0,0,0,0,0,0,0,0,0,0,0,0,1.0,1.0,1.0,0.0,0.0,0.0,3,0,0
5699,59,21,38,27,6,2,24,16,2,0,14,0,0,0,0,0,0,0,0,0,3,0,3,0.9166666666666666,1.0,1.0,0.0,0.0,0.0,3,0,3
5700,58,21,37,26,6,2,24,16,2,0,14,0,0,0,0,0,0,0,0,0,1,0,1,0.9696969696969697,1.0,1.0,0.0,0.0,0.0,3,0,1
5701,56,21,35,26,5,2,23,15,2,0,13,0,0,0,0,0,0,0,0,0,1,0,1,0.96875,1.0,0.9375,0.0,0.0,0.0,3,0,2
5702,54,19,35,24,5,2,23,15,2,0,13,0,0,0,0,0,0,0,0,0,2,0,2,0.935483870967742,1.0,1.0,0.0,0.0,0.0,3,0,2
5703,53,18,35,24,5,2,22,15,2,0,13,0,0,0,0,0,0,0,0,0,0,0,0,1.0,0.875,1.0,0.0,0.0,0.0,3,0,1
5704,53,18,35,22,7,2,22,15,2,0,13,0,0,0,0,0,0,0,0,0,0,0,0,1.0,1.0,1.0,0.0,0.0,0.0,3,0,0
5705,52,18,34,21,7,2,22,15,2,0,13,0,0,0,0,0,0,0,0,0,1,0,1,0.9655172413793104,1.0,1.0,0.0,0.0,0.0,3,0,1
5706,52,18,34,21,7,1,23,16,2,0,12,0,0,0,0,0,0,0,0,0,0,0,0,1.0,1.0,1.0,0.0,0.0,0.0,3,0,0
5707,51,18,33,20,7,1,23,16,2,0,12,0,0,0,0,0,1,0,0,0,1,0,1,0.9642857142857143,1.0,1.0,0.0,0.0,0.0,3,0,1
5708,50,18,32,19,7,1,23,16,3,0,12,0,0,0,0,0,4,1,0,0,1,0,1,0.962962962962963,1.0,1.0,0.0,0.0,0.25,3,0,1
5709,50,18,32,19,7,1,23,16,3,0,12,0,0,0,0,0,0,0,0,0,0,0,0,1.0,1.0,1.0,0.0,0.0,0.0,3,0,0
5710,54,20,34,23,7,1,23,16,2,0,13,0,0,0,0,0,0,0,0,1,0,0,0,1.0,1.0,1.0,0.08,0.08,0.0,3,4,0
5711,54,20,34,23,7,1,23,16,2,0,13,0,0,0,0,0,0,0,0,0,0,0,0,1.0,1.0,1.0,0.0,0.0,0.0,3,0,0
5712,54,20,34,23,7,1,23,16,2,0,13,0,0,0,0,0,0,0,0,0,0,0,0,1.0,1.0,1.0,0.0,0.0,0.0,3,0,0
5713,54,20,34,23,7,1,23,16,3,0,13,0,0,0,0,0,7,1,0,0,0,0,0,1.0,1.0,1.0,0.0,0.0,0.14285714285714285,3,0,0
5714,54,20,34,23,7,1,23,16,3,0,13,0,0,0,0,0,0,0,0,0,0,0,0,1.0,1.0,1.0,0.0,0.0,0.0,3,0,0
5715,54,20,34,23,7,1,23,16,3,0,13,0,0,0,0,0,0,0,0,0,0,0,0,1.0,1.0,1.0,0.0,0.0,0.0,3,0,0
5716,54,20,34,23,7,1,23,16,3,0,13,0,0,0,0,0,0,0,0,0,0,0,0,1.0,1.0,1.0,0.0,0.0,0.0,3,0,0
5717,54,20,34,23,7,1,23,16,3,0,13,0,0,0,0,0,0,0,0,0,0,0,0,1.0,1.0,1.0,0.0,0.0,0.0,3,0,0
5718,54,20,34,23,7,1,23,16,3,0,13,0,0,0,0,0,0,0,0,0,0,0,0,1.0,1.0,1.0,0.0,0.0,0.0,3,0,0
5719,54,20,34,23,7,1,23,16,3,0,13,0,0,0,0,0,0,0,0,0,0,0,0,1.0,1.0,1.0,0.0,0.0,0.0,3,0,0
5720,54,20,34,23,7,1,23,16,3,0,13,0,0,0,0,0,0,0,0,0,0,0,0,1.0,1.0,1.0,0.0,0.0,0.0,3,0,0
5721,54,20,34,23,7,1,23,16,3,0,13,0,0,0,0,0,0,0,0,0,0,0,0,1.0,1.0,1.0,0.0,0.0,0.0,3,0,0
5722,53,19,34,23,6,1,23,16,3,0,13,0,0,0,0,0,0,0,0,0,1,0,1,0.9666666666666667,1.0,1.0,0.0,0.0,0.0,3,0,1
5723,53,19,34,23,6,1,23,16,3,0,13,0,0,0,0,0,0,0,0,0,0,0,0,1.0,1.0,1.0,0.0,0.0,0.0,3,0,0
5724,53,19,34,20,9,1,23,16,3,0,13,0,0,0,0,0,0,0,0,0,0,0,0,1.0,1.0,1.0,0.0,0.0,0.0,3,0,0
5725,53,19,34,17,12,1,23,16,3,0,13,0,0,0,0,0,0,0,0,0,0,0,0,1.0,1.0,1.0,0.0,0.0,0.0,3,0,0
5726,53,19,34,14,15,1,23,16,3,0,12,0,0,0,0,0,0,0,0,0,0,0,0,1.0,1.0,1.0,0.0,0.0,0.0,3,0,0
5727,53,19,34,11,18,1,23,16,3,0,9,0,0,0,0,0,2,0,0,0,0,0,0,1.0,1.0,1.0,0.0,0.0,0.0,3,0,0
5728,55,21,34,10,21,1,23,16,5,0,8,0,0,0,0,0,16,3,0,1,2,0,2,0.9310344827586207,1.0,1.0,0.07547169811320754,0.07547169811320754,0.1875,3,4,2
5729,54,20,34,10,20,1,23,16,5,0,6,0,0,0,0,0,3,0,0,0,1,0,1,0.967741935483871,1.0,1.0,0.0,0.0,0.0,3,0,1
5730,54,20,34,10,20,1,23,16,5,0,5,0,0,0,0,0,3,0,0,0,0,0,0,1.0,1.0,1.0,0.0,0.0,0.0,3,0,0
5731,53,20,33,9,20,1,23,16,6,0,4,0,0,0,0,0,6,1,0,0,1,0,1,0.9666666666666667,1.0,1.0,0.0,0.0,0.16666666666666666,3,0,1
5732,53,20,33,9,20,1,23,16,7,0,4,0,0,0,0,0,13,1,0,0,0,0,0,1.0,1.0,1.0,0.0,0.0,0.07692307692307693,3,0,0
5733,52,20,32,9,19,1,23,16,7,1,3,0,0,0,0,0,3,0,1,0,1,0,1,0.9655172413793104,1.0,1.0,0.0,0.0,0.0,3,0,1
5734,52,20,32,9,19,1,23,16,10,1,3,0,0,0,0,0,13,3,0,0,0,0,0,1.0,1.0,1.0,0.0,0.0,0.23076923076923078,3,0,0
5735,51,19,32,8,19,1,23,16,10,1,3,0,0,0,0,0,0,0,0,0,1,0,1,0.9642857142857143,1.0,1.0,0.0,0.0,0.0,3,0,1
5736,51,19,32,8,19,1,23,16,10,1,3,0,0,0,0,0,0,0,0,0,0,0,0,1.0,1.0,1.0,0.0,0.0,0.0,3,0,0
5737,51,19,32,8,19,1,23,16,10,1,3,0,0,0,0,0,0,0,0,0,0,0,0,1.0,1.0,1.0,0.0,0.0,0.0,3,0,0
5738,51,19,32,8,19,1,23,16,10,1,3,0,0,0,0,0,0,0,0,0,0,0,0,1.0,1.0,1.0,0.0,0.0,0.0,3,0,0
5739,51,19,32,6,21,1,23,16,10,1,3,0,0,0,0,0,0,0,0,0,0,0,0,1.0,1.0,1.0,0.0,0.0,0.0,3,0,0
5740,51,19,32,6,21,1,23,16,10,1,3,0,0,0,0,0,0,0,0,0,0,0,0,1.0,1.0,1.0,0.0,0.0,0.0,3,0,0
5741,51,19,32,6,21,1,23,16,11,1,2,0,0,0,0,0,4,1,0,0,0,0,0,1.0,1.0,1.0,0.0,0.0,0.25,3,0,0
5742,51,19,32,6,21,1,23,16,12,2,2,0,0,0,0,0,8,1,1,0,0,0,0,1.0,1.0,1.0,0.0,0.0,0.125,3,0,0
5743,51,19,32,6,21,1,23,16,12,2,2,0,0,0,0,0,0,0,0,0,0,0,0,1.0,1.0,1.0,0.0,0.0,0.0,3,0,0
5744,51,19,32,6,21,1,23,16,12,2,2,0,0,0,0,0,0,0,0,0,0,0,0,1.0,1.0,1.0,0.0,0.0,0.0,3,0,0
5745,51,19,32,6,21,1,23,16,12,2,2,0,0,0,0,0,0,0,0,0,0,0,0,1.0,1.0,1.0,0.0,0.0,0.0,3,0,0
5746,51,19,32,6,21,1,23,16,12,2,2,0,0,0,0,0,0,0,0,0,0,0,0,1.0,1.0,1.0,0.0,0.0,0.0,3,0,0
5747,51,19,32,6,21,1,23,16,12,2,2,0,0,0,0,0,0,0,0,0,0,0,0,1.0,1.0,1.0,0.0,0.0,0.0,3,0,0
5748,51,19,32,6,21,1,23,16,12,2,2,0,0,0,0,0,0,0,0,0,0,0,0,1.0,1.0,1.0,0.0,0.0,0.0,3,0,0
5749,51,19,32,6,21,1,23,16,12,2,2,0,0,0,0,0,0,0,0,0,0,0,0,1.0,1.0,1.0,0.0,0.0,0.0,3,0,0
5750,51,19,32,6,21,1,23,16,12,2,2,0,0,0,0,0,0,0,0,0,0,0,0,1.0,1.0,1.0,0.0,0.0,0.0,3,0,0
5751,50,19,31,6,20,1,23,16,12,2,2,0,0,0,0,0,0,0,0,0,1,1,1,0.962962962962963,1.0,1.0,0.0,0.0,0.0,3,0,1
5752,50,19,31,6,20,1,23,16,12,2,2,0,0,0,0,0,0,0,0,0,0,1,0,1.0,1.0,1.0,0.0,0.0,0.0,3,0,0
5753,50,19,31,3,23,1,23,16,12,2,2,0,0,0,0,0,0,0,0,0,0,0,0,1.0,1.0,1.0,0.0,0.0,0.0,3,0,0
5754,50,19,31,3,23,1,23,16,12,2,2,0,0,0,0,0,0,0,0,0,0,1,0,1.0,1.0,1.0,0.0,0.0,0.0,3,0,0
5755,50,19,31,3,22,2,23,16,12,2,1,0,0,0,0,0,0,0,0,0,0,0,0,1.0,1.0,1.0,0.0,0.0,0.0,3,0,0
5756,50,19,31,3,21,3,23,16,13,2,1,0,0,0,0,0,7,1,0,0,0,0,0,1.0,1.0,1.0,0.0,0.0,0.14285714285714285,3,0,0
5757,50,19,31,3,21,3,23,16,13,2,1,0,0,0,0,0,0,0,0,0,0,0,0,1.0,1.0,1.0,0.0,0.0,0.0,3,0,0
5758,49,19,30,3,19,4,23,16,13,2,1,0,0,0,0,0,0,0,0,0,1,0,1,0.9565217391304348,1.0,1.0,0.0,0.0,0.0,3,0,1
5759,48,18,30,3,18,4,23,16,13,2,1,0,0,0,0,0,0,0,0,0,1,0,1,0.9545454545454546,1.0,1.0,0.0,0.0,0.0,3,0,1
5760,48,18,30,3,18,4,23,16,13,2,1,0,0,0,0,0,0,0,0,0,0,0,0,1.0,1.0,1.0,0.0,0.0,0.0,3,0,0
5761,48,18,30,3,18,4,23,16,13,2,1,0,0,0,0,0,0,0,0,0,0,0,0,1.0,1.0,1.0,0.0,0.0,0.0,3,0,0
5762,48,18,30,3,18,4,23,16,13,2,1,0,0,0,0,0,0,0,0,0,0,0,0,1.0,1.0,1.0,0.0,0.0,0.0,3,0,0
5763,48,18,30,3,18,4,23,16,13,2,1,0,0,0,0,0,0,0,0,0,0,0,0,1.0,1.0,1.0,0.0,0.0,0.0,3,0,0
5764,48,18,30,3,18,4,23,16,13,2,1,0,0,0,0,0,0,0,0,0,0,0,0,1.0,1.0,1.0,0.0,0.0,0.0,3,0,0
5765,48,18,30,3,18,4,23,16,13,2,1,0,0,0,0,0,0,0,0,0,0,0,0,1.0,1.0,1.0,0.0,0.0,0.0,3,0,0
5766,48,18,30,3,18,4,23,16,13,2,1,0,0,0,0,0,0,0,0,0,0,0,0,1.0,1.0,1.0,0.0,0.0,0.0,3,0,0
5767,48,18,30,3,18,4,23,16,13,2,1,0,0,0,0,0,0,0,0,0,0,0,0,1.0,1.0,1.0,0.0,0.0,0.0,3,0,0
5768,48,18,30,3,18,4,23,16,13,2,1,0,0,0,0,0,0,0,0,0,0,0,0,1.0,1.0,1.0,0.0,0.0,0.0,3,0,0
5769,48,18,30,3,18,4,23,16,13,2,1,0,0,0,0,0,0,0,0,0,0,0,0,1.0,1.0,1.0,0.0,0.0,0.0,3,0,0
5770,47,18,29,3,17,4,23,16,13,2,1,0,0,0,0,0,0,0,0,0,1,0,1,0.9523809523809523,1.0,1.0,0.0,0.0,0.0,3,0,1
5771,46,17,29,0,19,4,23,16,13,2,1,0,0,0,0,0,0,0,0,0,1,0,1,0.95,1.0,1.0,0.0,0.0,0.0,3,0,1
5772,46,17,29,0,19,4,23,16,13,2,1,0,0,0,0,0,0,0,0,0,0,0,0,1.0,1.0,1.0,0.0,0.0,0.0,3,0,0
5773,49,19,30,3,19,4,23,16,12,2,1,0,0,0,0,0,0,0,0,1,0,0,0,1.0,1.0,1.0,0.06521739130434782,0.06521739130434782,0.0,3,3,0
5774,49,19,30,3,19,4,23,16,13,2,1,0,0,0,0,0,8,1,0,0,0,0,0,1.0,1.0,1.0,0.0,0.0,0.125,3,0,0
5775,49,19,30,3,19,4,23,16,13,2,1,0,0,0,0,0,0,0,0,0,0,0,0,1.0,1.0,1.0,0.0,0.0,0.0,3,0,0
5776,49,19,30,3,19,4,23,16,13,2,1,0,0,0,0,0,0,0,0,0,0,0,0,1.0,1.0,1.0,0.0,0.0,0.0,3,0,0
5777,48,19,29,3,18,4,23,16,13,2,1,0,0,0,0,0,0,0,0,0,1,0,1,0.9545454545454546,1.0,1.0,0.0,0.0,0.0,3,0,1
5778,51,20,31,6,18,4,23,16,12,1,2,0,0,0,0,0,0,0,0,1,0,0,0,1.0,1.0,1.0,0.0625,0.0625,0.0,3,3,0
5779,51,20,31,6,18,4,23,16,12,1,2,0,0,0,0,0,0,0,0,0,0,0,0,1.0,1.0,1.0,0.0,0.0,0.0,3,0,0
5780,51,20,31,6,18,4,23,16,12,1,2,0,0,0,0,0,0,0,0,0,0,0,0,1.0,1.0,1.0,0.0,0.0,0.0,3,0,0
5781,51,20,31,6,18,4,23,16,12,1,2,0,0,0,0,0,0,0,0,0,0,0,0,1.0,1.0,1.0,0.0,0.0,0.0,3,0,0
5782,50,19,31,6,17,4,23,16,12,1,2,0,0,0,0,0,0,0,0,0,1,0,1,0.9583333333333334,1.0,1.0,0.0,0.0,0.0,3,0,1
5783,50,19,31,6,17,4,23,16,12,1,2,0,0,0,0,0,0,0,0,0,0,0,0,1.0,1.0,1.0,0.0,0.0,0.0,3,0,0
5784,50,19,31,6,17,4,23,16,12,1,2,0,0,0,0,0,0,0,0,0,0,0,0,1.0,1.0,1.0,0.0,0.0,0.0,3,0,0
5785,50,19,31,6,17,4,23,16,12,1,2,0,0,0,0,0,0,0,0,0,0,0,0,1.0,1.0,1.0,0.0,0.0,0.0,3,0,0
5786,50,19,31,6,17,3,24,17,12,1,2,0,0,0,0,0,0,0,0,0,0,0,0,1.0,1.0,1.0,0.0,0.0,0.0,3,0,0
5787,50,19,31,6,17,3,24,17,12,0,2,0,0,0,0,0,0,0,0,0,0,0,0,1.0,1.0,1.0,0.0,0.0,0.0,3,0,0
5788,50,19,31,6,17,3,24,17,12,0,2,0,0,0,0,0,0,0,0,0,0,0,0,1.0,1.0,1.0,0.0,0.0,0.0,3,0,0
5789,50,19,31,6,17,3,24,17,12,0,2,0,0,0,0,0,0,0,0,0,0,0,0,1.0,1.0,1.0,0.0,0.0,0.0,3,0,0
5790,49,19,30,6,17,3,23,16,12,0,2,0,0,0,0,0,0,0,0,0,0,0,0,1.0,1.0,0.9411764705882353,0.0,0.0,0.0,3,0,1
5791,49,19,30,6,17,3,23,16,12,0,2,0,0,0,0,0,0,0,0,0,0,0,0,1.0,1.0,1.0,0.0,0.0,0.0,3,0,0
5792,49,19,30,6,17,3,23,16,12,0,2,0,0,0,0,0,0,0,0,0,0,0,0,1.0,1.0,1.0,0.0,0.0,0.0,3,0,0
5793,60,25,35,17,17,3,23,16,9,0,5,0,0,0,0,0,0,0,0,3,0,0,0,1.0,1.0,1.0,0.22448979591836735,0.22448979591836735,0.0,3,11,0
5794,58,24,34,17,15,3,23,16,9,0,5,0,0,0,0,0,0,0,0,0,2,0,2,0.9411764705882353,1.0,1.0,0.0,0.0,0.0,3,0,2
5795,57,23,34,17,14,3,23,16,9,0,5,0,0,0,0,0,0,0,0,0,1,0,1,0.96875,1.0,1.0,0.0,0.0,0.0,3,0,1
5796,61,26,35,21,14,3,23,16,8,0,6,0,0,0,0,0,0,0,0,1,0,0,0,1.0,1.0,1.0,0.07017543859649122,0.07017543859649122,0.0,3,4,0
5797,63,27,36,24,13,3,23,16,7,0,7,0,0,0,0,0,0,0,0,1,1,1,1,0.9714285714285714,1.0,1.0,0.04918032786885246,0.04918032786885246,0.0,3,3,1
5798,63,27,36,24,13,3,23,16,7,0,7,0,0,0,0,0,0,0,0,0,0,0,0,1.0,1.0,1.0,0.0,0.0,0.0,3,0,0
5799,72,33,39,33,13,3,23,16,4,0,10,0,0,0,0,0,0,0,0,3,2,0,2,0.9459459459459459,1.0,1.0,0.1746031746031746,0.1746031746031746,0.0,3,11,2
5800,70,32,38,32,12,3,23,16,4,0,10,0,0,0,0,0,0,0,0,0,2,0,2,0.9565217391304348,1.0,1.0,0.0,0.0,0.0,3,0,2
5801,70,32,38,32,11,4,23,16,4,0,10,0,0,0,0,0,0,0,0,0,0,0,0,1.0,1.0,1.0,0.0,0.0,0.0,3,0,0
5802,69,31,38,31,11,4,23,16,4,0,10,0,0,0,0,0,0,0,0,0,1,0,1,0.9767441860465116,1.0,1.0,0.0,0.0,0.0,3,0,1
5803,67,29,38,29,11,4,23,16,4,0,10,0,0,0,0,0,0,0,0,0,2,0,2,0.9523809523809523,1.0,1.0,0.0,0.0,0.0,3,0,2
5804,66,28,38,28,11,4,23,16,4,0,10,0,0,0,0,0,0,0,0,0,1,0,1,0.975,1.0,1.0,0.0,0.0,0.0,3,0,1
5805,66,28,38,28,11,4,23,16,4,0,10,0,0,0,0,0,0,0,0,0,0,0,0,1.0,1.0,1.0,0.0,0.0,0.0,3,0,0
5806,67,26,41,29,11,4,23,16,3,0,11,0,0,0,0,0,0,0,0,1,2,0,2,0.9487179487179487,1.0,1.0,0.045454545454545456,0.045454545454545456,0.0,3,3,2
5807,70,28,42,32,11,4,23,16,2,0,12,0,0,0,0,0,0,0,0,1,1,0,1,0.975,1.0,1.0,0.05970149253731343,0.05970149253731343,0.0,3,4,1
5808,69,27,42,31,11,4,23,16,2,0,12,0,0,0,0,0,0,0,0,0,1,0,1,0.9767441860465116,1.0,1.0,0.0,0.0,0.0,3,0,1
5809,65,25,40,28,10,4,23,16,2,0,12,0,0,0,0,0,0,0,0,0,4,0,4,0.9047619047619048,1.0,1.0,0.0,0.0,0.0,3,0,4
5810,65,25,40,28,10,4,23,16,2,0,12,0,0,0,0,0,0,0,0,0,0,0,0,1.0,1.0,1.0,0.0,0.0,0.0,3,0,0
5811,64,24,40,28,9,4,23,16,2,0,12,0,0,0,0,0,0,0,0,0,1,0,1,0.9736842105263158,1.0,1.0,0.0,0.0,0.0,3,0,1
5812,64,24,40,28,9,4,23,16,2,0,12,0,0,0,0,0,0,0,0,0,0,0,0,1.0,1.0,1.0,0.0,0.0,0.0,3,0,0
5813,64,24,40,28,9,4,23,16,2,0,12,0,0,0,0,0,0,0,0,0,0,0,0,1.0,1.0,1.0,0.0,0.0,0.0,3,0,0
5814,64,24,40,28,9,4,23,16,2,0,12,0,0,0,0,0,0,0,0,0,0,0,0,1.0,1.0,1.0,0.0,0.0,0.0,3,0,0
5815,63,23,40,27,9,4,23,16,2,0,12,0,0,0,0,0,0,0,0,0,1,0,1,0.972972972972973,1.0,1.0,0.0,0.0,0.0,3,0,1
5816,61,22,39,24,10,4,23,16,2,0,12,0,0,0,0,0,0,0,0,0,2,0,2,0.9444444444444444,1.0,1.0,0.0,0.0,0.0,3,0,2
5817,61,22,39,24,10,4,23,16,2,0,12,0,0,0,0,0,0,0,0,0,0,0,0,1.0,1.0,1.0,0.0,0.0,0.0,3,0,0
5818,57,20,37,23,8,4,22,16,2,0,11,0,0,0,0,0,0,0,0,0,3,0,3,0.9117647058823529,0.8571428571428572,1.0,0.0,0.0,0.0,3,0,4
5819,57,20,37,23,8,4,22,16,2,0,11,0,0,0,0,0,0,0,0,0,0,0,0,1.0,1.0,1.0,0.0,0.0,0.0,3,0,0
5820,55,20,35,23,6,4,22,16,2,0,11,0,0,0,0,0,0,0,0,0,2,0,2,0.935483870967742,1.0,1.0,0.0,0.0,0.0,3,0,2
5821,59,22,37,25,8,4,22,16,1,0,12,0,0,0,0,0,0,0,0,1,0,0,0,1.0,1.0,1.0,0.07272727272727272,0.07272727272727272,0.0,3,4,0
5822,59,22,37,25,8,4,22,16,1,0,12,0,0,0,0,0,0,0,0,0,0,0,0,1.0,1.0,1.0,0.0,0.0,0.0,3,0,0
5823,58,21,37,24,8,4,22,16,1,0,11,0,0,0,0,0,0,0,0,0,1,0,1,0.9696969696969697,1.0,1.0,0.0,0.0,0.0,3,0,1
5824,58,21,37,24,8,4,22,16,1,0,11,0,0,0,0,0,0,0,0,0,0,0,0,1.0,1.0,1.0,0.0,0.0,0.0,3,0,0
5825,58,21,37,24,8,4,22,16,1,0,11,0,0,0,0,0,0,0,0,0,0,0,0,1.0,1.0,1.0,0.0,0.0,0.0,3,0,0
5826,58,21,37,24,8,4,22,16,1,0,11,0,0,0,0,0,0,0,0,0,0,0,0,1.0,1.0,1.0,0.0,0.0,0.0,3,0,0
5827,57,21,36,24,7,4,22,16,1,0,11,0,0,0,0,0,0,0,0,0,1,0,1,0.96875,1.0,1.0,0.0,0.0,0.0,3,0,1
5828,57,21,36,24,7,4,22,16,1,0,11,0,0,0,0,0,0,0,0,0,0,0,0,1.0,1.0,1.0,0.0,0.0,0.0,3,0,0
5829,57,21,36,24,7,4,22,16,1,0,11,0,0,0,0,0,0,0,0,0,0,0,0,1.0,1.0,1.0,0.0,0.0,0.0,3,0,0
5830,56,21,35,23,7,4,22,16,1,0,11,0,0,0,0,0,0,0,0,0,1,0,1,0.967741935483871,1.0,1.0,0.0,0.0,0.0,3,0,1
5831,56,21,35,23,7,4,22,16,1,0,11,0,0,0,0,0,0,0,0,0,0,0,0,1.0,1.0,1.0,0.0,0.0,0.0,3,0,0
5832,56,21,35,23,7,4,22,16,1,0,11,0,0,0,0,0,0,0,0,0,0,0,0,1.0,1.0,1.0,0.0,0.0,0.0,3,0,0
5833,55,20,35,22,7,4,22,16,1,0,11,0,0,0,0,0,0,0,0,0,1,0,1,0.9666666666666667,1.0,1.0,0.0,0.0,0.0,3,0,1
5834,54,20,34,21,7,4,22,16,1,0,11,0,0,0,0,0,0,0,0,0,1,0,1,0.9655172413793104,1.0,1.0,0.0,0.0,0.0,3,0,1
5835,53,20,33,21,6,4,22,16,1,0,11,0,0,0,0,0,0,0,0,0,1,0,1,0.9642857142857143,1.0,1.0,0.0,0.0,0.0,3,0,1
5836,53,20,33,17,10,4,22,16,1,0,11,0,0,0,0,0,0,0,0,0,0,0,0,1.0,1.0,1.0,0.0,0.0,0.0,3,0,0
5837,52,19,33,17,10,4,21,16,1,0,11,0,0,0,0,0,0,0,0,0,0,0,0,1.0,0.8333333333333334,1.0,0.0,0.0,0.0,3,0,1
5838,52,19,33,17,10,4,21,16,1,0,8,0,0,0,0,0,0,0,0,0,0,0,0,1.0,1.0,1.0,0.0,0.0,0.0,3,0,0
5839,55,20,35,18,12,3,22,17,0,0,9,0,0,0,0,0,0,0,0,1,1,0,1,0.962962962962963,1.0,1.0,0.07692307692307693,0.07692307692307693,0.0,3,4,1
5840,54,20,34,16,13,3,22,17,0,0,9,0,0,0,0,0,0,0,0,0,1,0,1,0.9666666666666667,1.0,1.0,0.0,0.0,0.0,3,0,1
5841,54,20,34,16,13,3,22,17,0,0,8,0,0,0,0,0,0,0,0,0,0,0,0,1.0,1.0,1.0,0.0,0.0,0.0,3,0,0
5842,54,20,34,13,16,3,22,17,0,0,7,0,0,0,0,0,0,0,0,0,0,0,0,1.0,1.0,1.0,0.0,0.0,0.0,3,0,0
5843,53,20,33,12,16,3,22,17,0,0,7,0,0,0,0,0,0,0,0,0,1,0,1,0.9655172413793104,1.0,1.0,0.0,0.0,0.0,3,0,1
5844,52,20,32,12,16,3,21,16,0,0,3,0,0,0,0,0,0,0,0,0,0,0,0,1.0,1.0,0.9411764705882353,0.0,0.0,0.0,3,0,1
5845,52,20,32,12,16,3,21,16,0,0,3,0,0,0,0,0,0,0,0,0,0,0,0,1.0,1.0,1.0,0.0,0.0,0.0,3,0,0
5846,52,20,32,12,16,3,21,16,0,0,3,0,0,0,0,0,0,0,0,0,0,0,0,1.0,1.0,1.0,0.0,0.0,0.0,3,0,0
5847,52,20,32,12,16,3,21,16,0,0,3,0,0,0,0,0,0,0,0,0,0,0,0,1.0,1.0,1.0,0.0,0.0,0.0,3,0,0
5848,50,20,30,10,16,3,21,16,0,0,3,0,0,0,0,0,0,0,0,0,2,0,2,0.9285714285714286,1.0,1.0,0.0,0.0,0.0,3,0,2
5849,50,20,30,7,19,3,21,16,0,0,3,0,0,0,0,0,0,0,0,0,0,0,0,1.0,1.0,1.0,0.0,0.0,0.0,3,0,0
5850,47,18,29,5,19,3,20,15,0,0,3,0,0,0,0,0,0,0,0,0,2,0,2,0.9230769230769231,1.0,0.9375,0.0,0.0,0.0,3,0,3
5851,47,18,29,5,19,3,20,15,0,0,2,0,0,0,0,0,0,0,0,0,0,0,0,1.0,1.0,1.0,0.0,0.0,0.0,3,0,0
5852,47,18,29,5,19,3,20,15,0,0,2,0,0,0,0,0,0,0,0,0,0,0,0,1.0,1.0,1.0,0.0,0.0,0.0,3,0,0
5853,47,18,29,5,19,3,20,15,0,0,2,0,0,0,0,0,0,0,0,0,0,0,0,1.0,1.0,1.0,0.0,0.0,0.0,3,0,0
5854,47,18,29,5,19,3,20,15,0,0,2,0,0,0,0,0,0,0,0,0,0,0,0,1.0,1.0,1.0,0.0,0.0,0.0,3,0,0
5855,47,18,29,5,19,3,20,15,0,0,2,0,0,0,0,0,0,0,0,0,0,0,0,1.0,1.0,1.0,0.0,0.0,0.0,3,0,0
5856,47,18,29,5,19,3,20,15,0,0,2,0,0,0,0,0,0,0,0,0,0,0,0,1.0,1.0,1.0,0.0,0.0,0.0,3,0,0
5857,47,18,29,5,19,3,20,15,0,0,2,0,0,0,0,0,0,0,0,0,0,0,0,1.0,1.0,1.0,0.0,0.0,0.0,3,0,0
5858,47,18,29,5,19,3,20,15,0,0,2,0,0,0,0,0,0,0,0,0,0,0,0,1.0,1.0,1.0,0.0,0.0,0.0,3,0,0
5859,47,18,29,5,19,3,20,15,0,0,2,0,0,0,0,0,0,0,0,0,0,0,0,1.0,1.0,1.0,0.0,0.0,0.0,3,0,0
5860,47,18,29,5,19,3,20,15,0,0,2,0,0,0,0,0,0,0,0,0,0,0,0,1.0,1.0,1.0,0.0,0.0,0.0,3,0,0
5861,46,18,28,5,18,3,20,15,0,0,2,0,0,0,0,0,0,0,0,0,1,0,1,0.9583333333333334,1.0,1.0,0.0,0.0,0.0,3,0,1
5862,46,18,28,5,18,3,20,15,0,0,2,0,0,0,0,0,0,0,0,0,0,0,0,1.0,1.0,1.0,0.0,0.0,0.0,3,0,0
5863,46,18,28,5,18,3,20,15,0,0,2,0,0,0,0,0,0,0,0,0,0,0,0,1.0,1.0,1.0,0.0,0.0,0.0,3,0,0
5864,46,18,28,3,20,3,20,15,0,0,2,0,0,0,0,0,0,0,0,0,0,0,0,1.0,1.0,1.0,0.0,0.0,0.0,3,0,0
5865,46,18,28,3,20,3,20,15,0,0,2,0,0,0,0,0,0,0,0,0,0,1,0,1.0,1.0,1.0,0.0,0.0,0.0,3,0,0
5866,46,18,28,3,20,3,20,15,0,0,1,0,0,0,0,0,0,0,0,0,0,0,0,1.0,1.0,1.0,0.0,0.0,0.0,3,0,0
5867,45,18,27,3,19,3,20,15,0,0,1,0,0,0,0,0,0,0,0,0,1,0,1,0.9565217391304348,1.0,1.0,0.0,0.0,0.0,3,0,1
5868,45,18,27,3,19,3,20,15,0,0,1,0,0,0,0,0,0,0,0,0,0,0,0,1.0,1.0,1.0,0.0,0.0,0.0,3,0,0
5869,45,18,27,3,18,4,20,15,0,0,1,0,0,0,0,0,0,0,0,0,0,0,0,1.0,1.0,1.0,0.0,0.0,0.0,3,0,0
5870,45,18,27,3,18,4,20,15,1,2,1,0,0,0,0,0,10,1,2,0,0,0,0,1.0,1.0,1.0,0.0,0.0,0.1,3,0,0
5871,45,18,27,3,18,4,20,15,4,3,1,0,0,0,0,0,17,3,1,0,0,0,0,1.0,1.0,1.0,0.0,0.0,0.17647058823529413,3,0,0
5872,45,18,27,3,18,4,20,15,5,3,1,0,0,0,0,0,9,1,0,0,0,0,0,1.0,1.0,1.0,0.0,0.0,0.1111111111111111,3,0,0
5873,45,18,27,3,18,4,20,15,8,3,1,0,0,0,0,0,14,3,0,0,0,0,0,1.0,1.0,1.0,0.0,0.0,0.21428571428571427,3,0,0
5874,45,18,27,3,18,4,20,15,9,3,1,0,0,0,0,0,12,1,0,0,0,0,0,1.0,1.0,1.0,0.0,0.0,0.08333333333333333,3,0,0
5875,45,18,27,3,18,3,21,16,9,3,1,0,0,0,0,0,0,0,0,0,0,0,0,1.0,1.0,1.0,0.0,0.0,0.0,3,0,0
5876,45,18,27,3,18,3,21,16,9,3,1,0,0,0,0,0,0,0,0,0,0,1,0,1.0,1.0,1.0,0.0,0.0,0.0,3,0,0
5877,45,18,27,3,18,3,21,16,9,3,1,0,0,0,0,0,0,0,0,0,0,0,0,1.0,1.0,1.0,0.0,0.0,0.0,3,0,0
5878,45,18,27,3,18,3,21,16,9,3,1,0,0,0,0,0,0,0,0,0,0,0,0,1.0,1.0,1.0,0.0,0.0,0.0,3,0,0
5879,45,18,27,3,18,3,21,16,9,3,1,0,0,0,0,0,0,0,0,0,0,0,0,1.0,1.0,1.0,0.0,0.0,0.0,3,0,0
5880,45,18,27,3,17,4,21,16,9,3,1,0,0,0,0,0,0,0,0,0,0,0,0,1.0,1.0,1.0,0.0,0.0,0.0,3,0,0
5881,44,18,26,3,16,4,21,16,9,3,1,0,0,0,0,0,0,0,0,0,1,0,1,0.95,1.0,1.0,0.0,0.0,0.0,3,0,1
5882,44,18,26,0,19,4,21,16,9,3,1,0,0,0,0,0,0,0,0,0,0,0,0,1.0,1.0,1.0,0.0,0.0,0.0,3,0,0
5883,44,18,26,0,19,4,21,16,12,3,1,0,0,0,0,0,13,3,0,0,0,0,0,1.0,1.0,1.0,0.0,0.0,0.23076923076923078,3,0,0
5884,44,18,26,0,19,4,21,16,12,3,0,0,0,0,0,0,0,0,0,0,0,0,0,1.0,1.0,1.0,0.0,0.0,0.0,3,0,0
5885,44,18,26,0,19,4,21,16,12,3,0,0,0,0,0,0,1,0,0,0,0,0,0,1.0,1.0,1.0,0.0,0.0,0.0,3,0,0
5886,43,17,26,0,19,4,20,16,12,3,0,0,0,0,0,0,2,0,0,0,0,0,0,1.0,0.8,1.0,0.0,0.0,0.0,3,0,1
5887,43,17,26,0,19,4,20,16,13,3,0,0,0,0,0,0,6,1,0,0,0,0,0,1.0,1.0,1.0,0.0,0.0,0.16666666666666666,3,0,0
5888,43,17,26,0,19,4,20,16,13,3,0,0,0,0,0,0,0,0,0,0,0,0,0,1.0,1.0,1.0,0.0,0.0,0.0,3,0,0
5889,43,17,26,0,19,4,20,16,13,3,0,0,0,0,0,0,0,0,0,0,0,0,0,1.0,1.0,1.0,0.0,0.0,0.0,3,0,0
5890,42,17,25,0,18,4,20,16,13,3,0,0,0,0,0,0,0,0,0,0,1,1,1,0.9473684210526316,1.0,1.0,0.0,0.0,0.0,3,0,1
5891,42,17,25,0,18,4,20,16,13,3,0,0,0,0,0,0,0,0,0,0,0,0,0,1.0,1.0,1.0,0.0,0.0,0.0,3,0,0
5892,42,17,25,0,18,4,20,16,13,3,0,0,0,0,0,0,0,0,0,0,0,0,0,1.0,1.0,1.0,0.0,0.0,0.0,3,0,0
5893,41,17,24,0,17,3,21,16,13,3,0,0,0,0,0,0,0,0,0,0,1,0,1,0.9444444444444444,1.0,1.0,0.0,0.0,0.0,3,0,1
5894,41,17,24,0,16,4,21,16,13,3,0,0,0,0,0,0,0,0,0,0,0,0,0,1.0,1.0,1.0,0.0,0.0,0.0,3,0,0
5895,41,17,24,0,16,4,21,16,13,3,0,0,0,0,0,0,0,0,0,0,0,0,0,1.0,1.0,1.0,0.0,0.0,0.0,3,0,0
5896,41,17,24,0,16,4,21,16,13,3,0,0,0,0,0,0,0,0,0,0,0,0,0,1.0,1.0,1.0,0.0,0.0,0.0,3,0,0
5897,41,17,24,0,16,4,21,16,13,3,0,0,0,0,0,0,0,0,0,0,0,0,0,1.0,1.0,1.0,0.0,0.0,0.0,3,0,0
5898,41,17,24,0,16,4,21,16,13,3,0,0,0,0,0,0,0,0,0,0,0,0,0,1.0,1.0,1.0,0.0,0.0,0.0,3,0,0
5899,41,17,24,0,16,4,21,16,13,3,0,0,0,0,0,0,0,0,0,0,0,0,0,1.0,1.0,1.0,0.0,0.0,0.0,3,0,0
5900,41,17,24,0,16,4,21,16,13,3,0,0,0,0,0,0,0,0,0,0,0,0,0,1.0,1.0,1.0,0.0,0.0,0.0,3,0,0
5901,41,17,24,0,16,4,21,16,13,3,0,0,0,0,0,0,0,0,0,0,0,0,0,1.0,1.0,1.0,0.0,0.0,0.0,3,0,0
5902,41,17,24,0,16,4,21,16,13,3,0,0,0,0,0,0,0,0,0,0,0,0,0,1.0,1.0,1.0,0.0,0.0,0.0,3,0,0
5903,41,17,24,0,16,4,21,16,13,3,0,0,0,0,0,0,0,0,0,0,0,0,0,1.0,1.0,1.0,0.0,0.0,0.0,3,0,0
5904,41,17,24,0,16,4,21,16,13,3,0,0,0,0,0,0,0,0,0,0,0,0,0,1.0,1.0,1.0,0.0,0.0,0.0,3,0,0
5905,41,17,24,0,16,4,21,16,13,3,0,0,0,0,0,0,0,0,0,0,0,0,0,1.0,1.0,1.0,0.0,0.0,0.0,3,0,0
5906,40,16,24,0,15,4,21,16,13,3,0,0,0,0,0,0,0,0,0,0,1,0,1,0.9375,1.0,1.0,0.0,0.0,0.0,3,0,1
5907,40,16,24,0,15,4,21,16,13,3,0,0,0,0,0,0,0,0,0,0,0,0,0,1.0,1.0,1.0,0.0,0.0,0.0,3,0,0
5908,40,16,24,0,15,4,21,16,13,3,0,0,0,0,0,0,0,0,0,0,0,1,0,1.0,1.0,1.0,0.0,0.0,0.0,3,0,0
5909,40,16,24,0,15,4,21,16,13,3,0,0,0,0,0,0,0,0,0,0,0,0,0,1.0,1.0,1.0,0.0,0.0,0.0,3,0,0
5910,40,16,24,0,15,4,21,16,13,3,0,0,0,0,0,0,0,0,0,0,0,0,0,1.0,1.0,1.0,0.0,0.0,0.0,3,0,0
5911,40,16,24,0,15,4,21,16,13,3,0,0,0,0,0,0,0,0,0,0,0,0,0,1.0,1.0,1.0,0.0,0.0,0.0,3,0,0
5912,40,16,24,0,14,5,21,16,13,3,0,0,0,0,0,0,0,0,0,0,0,0,0,1.0,1.0,1.0,0.0,0.0,0.0,3,0,0
5913,40,16,24,0,14,5,21,16,13,3,0,0,0,0,0,0,0,0,0,0,0,0,0,1.0,1.0,1.0,0.0,0.0,0.0,3,0,0
5914,40,16,24,0,14,5,21,16,13,3,0,0,0,0,0,0,0,0,0,0,0,0,0,1.0,1.0,1.0,0.0,0.0,0.0,3,0,0
5915,40,16,24,0,14,5,21,16,13,1,0,0,0,0,0,0,0,0,0,0,0,0,0,1.0,1.0,1.0,0.0,0.0,0.0,3,0,0
5916,40,16,24,0,14,5,21,16,14,0,0,0,0,0,0,0,7,1,0,0,0,0,0,1.0,1.0,1.0,0.0,0.0,0.14285714285714285,3,0,0
5917,39,16,23,0,14,5,20,15,15,0,0,0,0,0,0,0,9,2,0,0,0,0,0,1.0,1.0,0.9375,0.0,0.0,0.2222222222222222,3,0,1
5918,39,16,23,0,14,5,20,15,15,0,0,0,0,0,0,0,0,0,0,0,0,0,0,1.0,1.0,1.0,0.0,0.0,0.0,3,0,0
5919,39,16,23,0,14,5,20,15,15,0,0,0,0,0,0,0,0,0,0,0,0,0,0,1.0,1.0,1.0,0.0,0.0,0.0,3,0,0
5920,39,16,23,0,14,5,20,15,15,0,0,0,0,0,0,0,0,0,0,0,0,0,0,1.0,1.0,1.0,0.0,0.0,0.0,3,0,0
5921,39,16,23,0,14,5,20,15,15,0,0,0,0,0,0,0,0,0,0,0,0,0,0,1.0,1.0,1.0,0.0,0.0,0.0,3,0,0
5922,39,16,23,0,14,5,20,15,15,0,0,0,0,0,0,0,0,0,0,0,0,0,0,1.0,1.0,1.0,0.0,0.0,0.0,3,0,0
5923,39,16,23,0,14,5,20,15,15,0,0,0,0,0,0,0,0,0,0,0,0,0,0,1.0,1.0,1.0,0.0,0.0,0.0,3,0,0
5924,39,16,23,0,14,5,20,15,15,0,0,0,0,0,0,0,0,0,0,0,0,0,0,1.0,1.0,1.0,0.0,0.0,0.0,3,0,0
5925,39,16,23,0,14,5,20,15,15,0,0,0,0,0,0,0,0,0,0,0,0,0,0,1.0,1.0,1.0,0.0,0.0,0.0,3,0,0
5926,39,16,23,0,14,5,20,15,15,0,0,0,0,0,0,0,0,0,0,0,0,0,0,1.0,1.0,1.0,0.0,0.0,0.0,3,0,0
5927,39,16,23,0,14,5,20,15,15,0,0,0,0,0,0,0,0,0,0,0,0,0,0,1.0,1.0,1.0,0.0,0.0,0.0,3,0,0
5928,39,16,23,0,14,5,20,15,15,0,0,0,0,0,0,0,0,0,0,0,0,0,0,1.0,1.0,1.0,0.0,0.0,0.0,3,0,0
5929,39,16,23,0,14,5,20,15,15,0,0,0,0,0,0,0,0,0,0,0,0,0,0,1.0,1.0,1.0,0.0,0.0,0.0,3,0,0
5930,39,16,23,0,14,5,20,15,15,0,0,0,0,0,0,0,0,0,0,0,0,0,0,1.0,1.0,1.0,0.0,0.0,0.0,3,0,0
5931,39,16,23,0,14,5,20,15,15,0,0,0,0,0,0,0,0,0,0,0,0,0,0,1.0,1.0,1.0,0.0,0.0,0.0,3,0,0
5932,39,16,23,0,14,5,20,15,15,0,0,0,0,0,0,0,0,0,0,0,0,0,0,1.0,1.0,1.0,0.0,0.0,0.0,3,0,0
5933,39,16,23,0,14,5,20,15,15,0,0,0,0,0,0,0,0,0,0,0,0,0,0,1.0,1.0,1.0,0.0,0.0,0.0,3,0,0
5934,39,16,23,0,14,5,20,15,15,0,0,0,0,0,0,0,0,0,0,0,0,0,0,1.0,1.0,1.0,0.0,0.0,0.0,3,0,0
5935,42,19,23,3,14,5,20,15,14,0,1,0,0,0,0,0,0,0,0,1,0,0,0,1.0,1.0,1.0,0.07692307692307693,0.07692307692307693,0.0,3,3,0
5936,53,27,26,14,14,4,21,15,11,0,4,0,0,0,0,0,0,0,0,3,0,0,0,1.0,1.0,1.0,0.2619047619047619,0.2619047619047619,0.0,3,11,0
5937,57,28,29,18,14,4,21,15,10,0,5,0,0,0,0,0,0,0,0,1,0,0,0,1.0,1.0,1.0,0.07547169811320754,0.07547169811320754,0.0,3,4,0
5938,61,31,30,23,13,4,21,15,8,0,7,0,0,0,0,0,0,0,0,2,2,0,2,0.9375,1.0,1.0,0.10526315789473684,0.10526315789473684,0.0,3,6,2
5939,64,33,31,27,13,4,20,14,7,0,7,0,0,0,0,0,0,0,0,1,0,0,0,1.0,1.0,0.9333333333333333,0.06557377049180328,0.06557377049180328,0.0,3,4,1
5940,61,31,30,26,11,4,20,14,7,0,7,0,0,0,0,0,0,0,0,0,3,0,3,0.925,1.0,1.0,0.0,0.0,0.0,3,0,3
5941,60,30,30,26,10,4,20,14,7,0,7,0,0,0,0,0,0,0,0,0,1,0,1,0.972972972972973,1.0,1.0,0.0,0.0,0.0,3,0,1
5942,60,30,30,26,10,4,20,14,7,0,7,0,0,0,0,0,0,0,0,0,0,0,0,1.0,1.0,1.0,0.0,0.0,0.0,3,0,0
5943,59,29,30,26,9,4,20,14,7,0,7,0,0,0,0,0,0,0,0,0,1,0,1,0.9722222222222222,1.0,1.0,0.0,0.0,0.0,3,0,1
5944,59,29,30,26,9,4,20,14,7,0,7,0,0,0,0,0,0,0,0,0,0,0,0,1.0,1.0,1.0,0.0,0.0,0.0,3,0,0
5945,59,29,30,26,9,4,20,14,7,0,7,0,0,0,0,0,0,0,0,0,0,0,0,1.0,1.0,1.0,0.0,0.0,0.0,3,0,0
5946,58,28,30,26,8,4,20,14,7,0,7,0,0,0,0,0,0,0,0,0,1,0,1,0.9714285714285714,1.0,1.0,0.0,0.0,0.0,3,0,1
5947,58,28,30,26,8,4,20,14,7,0,7,0,0,0,0,0,0,0,0,0,0,0,0,1.0,1.0,1.0,0.0,0.0,0.0,3,0,0
5948,66,33,33,35,7,4,20,14,4,0,10,0,0,0,0,0,0,0,0,3,3,0,3,0.9117647058823529,1.0,1.0,0.1896551724137931,0.1896551724137931,0.0,3,11,3
5949,63,32,31,32,7,4,20,14,4,0,10,0,0,0,0,0,0,0,0,0,3,0,3,0.9285714285714286,1.0,1.0,0.0,0.0,0.0,3,0,3
5950,62,31,31,31,7,4,20,14,4,0,10,0,0,0,0,0,0,0,0,0,1,0,1,0.9743589743589743,1.0,1.0,0.0,0.0,0.0,3,0,1
5951,61,30,31,30,7,4,20,14,4,0,10,0,0,0,0,0,0,0,0,0,1,0,1,0.9736842105263158,1.0,1.0,0.0,0.0,0.0,3,0,1
5952,62,30,32,32,7,4,19,14,3,0,11,0,0,0,0,0,0,0,0,1,2,0,2,0.9459459459459459,0.8333333333333334,1.0,0.06557377049180328,0.06557377049180328,0.0,3,4,3
5953,62,30,32,32,7,4,19,14,3,0,11,0,0,0,0,0,0,0,0,0,0,0,0,1.0,1.0,1.0,0.0,0.0,0.0,3,0,0
5954,58,27,31,28,7,4,19,14,3,0,11,0,0,0,0,0,0,0,0,0,4,0,4,0.8974358974358975,1.0,1.0,0.0,0.0,0.0,3,0,4
5955,58,27,31,28,7,4,19,14,3,0,11,0,0,0,0,0,0,0,0,0,0,0,0,1.0,1.0,1.0,0.0,0.0,0.0,3,0,0
5956,57,27,30,27,7,4,19,14,3,0,11,0,0,0,0,0,0,0,0,0,1,0,1,0.9714285714285714,1.0,1.0,0.0,0.0,0.0,3,0,1
5957,56,26,30,26,7,4,19,14,3,0,11,0,0,0,0,0,0,0,0,0,1,0,1,0.9705882352941176,1.0,1.0,0.0,0.0,0.0,3,0,1
5958,56,26,30,26,7,4,19,14,3,0,11,0,0,0,0,0,0,0,0,0,0,0,0,1.0,1.0,1.0,0.0,0.0,0.0,3,0,0
5959,54,24,30,24,7,4,19,14,3,0,11,0,0,0,0,0,0,0,0,0,2,0,2,0.9393939393939394,1.0,1.0,0.0,0.0,0.0,3,0,2
5960,53,24,29,23,7,4,19,14,3,0,11,0,0,0,0,0,0,0,0,0,1,0,1,0.967741935483871,1.0,1.0,0.0,0.0,0.0,3,0,1
5961,53,24,29,23,7,4,19,14,3,0,11,0,0,0,0,0,0,0,0,0,0,0,0,1.0,1.0,1.0,0.0,0.0,0.0,3,0,0
5962,52,23,29,22,7,4,19,14,3,0,11,0,0,0,0,0,0,0,0,0,1,0,1,0.9666666666666667,1.0,1.0,0.0,0.0,0.0,3,0,1
5963,51,22,29,21,7,4,19,14,3,0,11,0,0,0,0,0,0,0,0,0,1,0,1,0.9655172413793104,1.0,1.0,0.0,0.0,0.0,3,0,1
5964,50,21,29,20,7,4,19,14,3,0,11,0,0,0,0,0,0,0,0,0,1,0,1,0.9642857142857143,1.0,1.0,0.0,0.0,0.0,3,0,1
5965,50,21,29,20,7,4,19,14,3,0,11,0,0,0,0,0,0,0,0,0,0,0,0,1.0,1.0,1.0,0.0,0.0,0.0,3,0,0
5966,50,21,29,20,7,4,19,14,3,0,11,0,0,0,0,0,0,0,0,0,0,0,0,1.0,1.0,1.0,0.0,0.0,0.0,3,0,0
5967,49,20,29,19,7,4,19,14,3,0,11,0,0,0,0,0,0,0,0,0,1,0,1,0.962962962962963,1.0,1.0,0.0,0.0,0.0,3,0,1
5968,49,20,29,19,7,4,19,14,3,0,11,0,0,0,0,0,0,0,0,0,0,0,0,1.0,1.0,1.0,0.0,0.0,0.0,3,0,0
5969,48,19,29,19,7,4,18,14,3,0,11,0,0,0,0,0,0,0,0,0,0,0,0,1.0,0.8,1.0,0.0,0.0,0.0,3,0,1
5970,48,19,29,19,7,4,18,14,3,0,11,0,0,0,0,0,0,0,0,0,0,0,0,1.0,1.0,1.0,0.0,0.0,0.0,3,0,0
5971,48,19,29,19,7,4,18,14,3,0,11,0,0,0,0,0,0,0,0,0,0,0,0,1.0,1.0,1.0,0.0,0.0,0.0,3,0,0
5972,48,19,29,19,7,4,18,14,3,0,11,0,0,0,0,0,0,0,0,0,0,0,0,1.0,1.0,1.0,0.0,0.0,0.0,3,0,0
5973,48,19,29,19,7,4,18,14,3,0,11,0,0,0,0,0,0,0,0,0,0,2,0,1.0,1.0,1.0,0.0,0.0,0.0,3,0,0
5974,48,19,29,19,7,4,18,14,3,0,11,0,0,0,0,0,0,0,0,0,0,0,0,1.0,1.0,1.0,0.0,0.0,0.0,3,0,0
5975,48,19,29,19,7,4,18,14,3,0,11,0,0,0,0,0,0,0,0,0,0,0,0,1.0,1.0,1.0,0.0,0.0,0.0,3,0,0
5976,48,19,29,19,7,4,18,14,3,0,11,0,0,0,0,0,0,0,0,0,0,1,0,1.0,1.0,1.0,0.0,0.0,0.0,3,0,0
5977,48,19,29,19,5,6,18,14,3,0,11,0,0,0,0,0,0,0,0,0,0,0,0,1.0,1.0,1.0,0.0,0.0,0.0,3,0,0
5978,48,19,29,18,6,6,18,14,3,0,11,0,0,0,0,0,0,0,0,0,0,0,0,1.0,1.0,1.0,0.0,0.0,0.0,3,0,0
5979,48,19,29,14,10,6,18,14,3,0,11,0,0,0,0,0,0,0,0,0,0,0,0,1.0,1.0,1.0,0.0,0.0,0.0,3,0,0
5980,48,19,29,13,10,7,18,14,3,0,10,0,0,0,0,0,0,0,0,0,0,0,0,1.0,1.0,1.0,0.0,0.0,0.0,3,0,0
5981,52,22,30,13,14,7,18,14,2,0,9,0,0,0,0,0,1,0,0,1,0,0,0,1.0,1.0,1.0,0.08333333333333333,0.08333333333333333,0.0,3,4,0
5982,59,23,36,19,16,7,17,14,2,0,10,0,0,0,0,0,11,2,0,2,0,0,0,1.0,0.75,1.0,0.15384615384615385,0.15384615384615385,0.18181818181818182,3,8,1
5983,59,23,36,19,16,7,17,14,4,0,8,0,0,0,0,0,10,2,0,0,0,0,0,1.0,1.0,1.0,0.0,0.0,0.2,3,0,0
5984,58,22,36,18,16,7,17,14,6,0,7,0,0,0,0,0,8,2,0,0,1,0,1,0.9714285714285714,1.0,1.0,0.0,0.0,0.25,3,0,1
5985,57,22,35,18,15,7,17,14,7,0,7,0,0,0,0,0,7,1,0,0,1,0,1,0.9705882352941176,1.0,1.0,0.0,0.0,0.14285714285714285,3,0,1
5986,57,22,35,18,15,7,17,14,7,0,7,0,0,0,0,0,0,0,0,0,0,0,0,1.0,1.0,1.0,0.0,0.0,0.0,3,0,0
5987,56,21,35,18,15,7,16,14,7,0,7,0,0,0,0,0,0,0,0,0,0,1,0,1.0,0.6666666666666667,1.0,0.0,0.0,0.0,3,0,1
5988,55,21,34,18,15,6,16,14,7,0,7,0,0,0,0,0,0,0,0,0,0,0,0,1.0,1.0,1.0,0.0,0.0,0.0,3,0,1
5989,54,20,34,18,14,6,16,14,7,0,7,0,0,0,0,0,0,0,0,0,0,0,0,0.9696969696969697,1.0,1.0,0.0,0.0,0.0,3,0,1
5990,54,20,34,18,14,6,16,14,7,0,7,0,0,0,0,0,0,0,0,0,0,0,0,1.0,1.0,1.0,0.0,0.0,0.0,3,0,0
5991,54,20,34,14,18,6,16,14,7,0,7,0,0,0,0,0,0,0,0,0,0,0,0,1.0,1.0,1.0,0.0,0.0,0.0,3,0,0
5992,54,20,34,14,18,6,16,14,7,0,7,0,0,0,0,0,0,0,0,0,0,0,0,1.0,1.0,1.0,0.0,0.0,0.0,3,0,0
5993,54,20,34,14,18,6,16,14,7,0,4,0,0,0,0,0,0,0,0,0,0,0,0,1.0,1.0,1.0,0.0,0.0,0.0,3,0,0
5994,54,20,34,14,18,6,16,14,9,0,4,0,0,0,0,0,6,2,0,0,0,0,0,1.0,1.0,1.0,0.0,0.0,0.3333333333333333,3,0,0
5995,54,20,34,11,21,6,16,14,9,0,4,0,0,0,0,0,1,0,0,0,0,0,0,1.0,1.0,1.0,0.0,0.0,0.0,3,0,0
5996,54,20,34,11,21,6,16,14,9,1,4,0,0,0,0,0,3,0,1,0,0,0,0,1.0,1.0,1.0,0.0,0.0,0.0,3,0,0
5997,54,20,34,11,21,6,16,14,9,1,3,0,0,0,0,0,0,0,0,0,0,0,0,1.0,1.0,1.0,0.0,0.0,0.0,3,0,0
5998,54,20,34,11,21,6,16,14,10,1,3,0,0,0,0,0,1,1,0,0,0,0,0,1.0,1.0,1.0,0.0,0.0,1.0,3,0,0
5999,52,18,34,10,20,6,16,14,10,1,3,0,0,0,0,0,0,0,0,0,2,0,2,0.9375,1.0,1.0,0.0,0.0,0.0,3,0,2
6000,52,18,34,10,20,6,16,14,10,1,3,0,0,0,0,0,0,0,0,0,0,0,0,1.0,1.0,1.0,0.0,0.0,0.0,3,0,0
