day,N_tot,N_male,N_female,N_kitten,N_young_juv,N_older_juv,N_adult,N_adult_female,N_pregnant,N_pseudo_pregnant,N_nursing,N_treated_male,N_treated_female,daily_capture_male,daily_capture_female,daily_active_units,daily_mating,daily_pregnancy,daily_pseudo_pregnancy,daily_litter,daily_early_death,daily_early_survived,daily_preventable_death,P_sv_baby,P_sv_adult_male,P_sv_adult_female,r_birth,r_death,rate_pregnancy,nonempty_units,daily_births,daily_deaths
1,50,25,25,11,13,14,12,6,0,0,0,0,0,0,0,0,0,0,0,0,0,0,0,1.0,1.0,1.0,0.0,0.0,0.0,5,0,0
2,50,25,25,11,13,14,12,6,0,0,0,0,0,0,0,0,0,0,0,0,0,0,0,1.0,1.0,1.0,0.0,0.0,0.0,5,0,0
3,49,24,25,10,13,14,12,6,0,0,0,0,0,0,0,0,0,0,0,0,1,0,1,0.9583333333333334,1.0,1.0,0.0,0.0,0.0,5,0,1
4,49,24,25,10,12,15,12,6,0,0,0,0,0,0,0,0,0,0,0,0,0,0,0,1.0,1.0,1.0,0.0,0.0,0.0,5,0,0
5,49,24,25,10,12,15,12,6,0,0,0,0,0,0,0,0,0,0,0,0,0,0,0,1.0,1.0,1.0,0.0,0.0,0.0,5,0,0
6,49,24,25,10,12,14,13,6,0,0,0,0,0,0,0,0,0,0,0,0,0,0,0,1.0,1.0,1.0,0.0,0.0,0.0,5,0,0
7,49,24,25,10,12,14,13,6,0,0,0,0,0,0,0,0,0,0,0,0,0,0,0,1.0,1.0,1.0,0.0,0.0,0.0,5,0,0
8,49,24,25,10,12,14,13,6,0,0,0,0,0,0,0,0,0,0,0,0,0,0,0,1.0,1.0,1.0,0.0,0.0,0.0,5,0,0
9,49,24,25,10,12,13,14,6,0,0,0,0,0,0,0,0,0,0,0,0,0,0,0,1.0,1.0,1.0,0.0,0.0,0.0,5,0,0
10,49,24,25,10,12,13,14,6,0,0,0,0,0,0,0,0,0,0,0,0,0,0,0,1.0,1.0,1.0,0.0,0.0,0.0,5,0,0
11,49,24,25,9,13,13,14,6,0,0,0,0,0,0,0,0,0,0,0,0,0,0,0,1.0,1.0,1.0,0.0,0.0,0.0,5,0,0
12,49,24,25,9,13,12,15,6,0,0,0,0,0,0,0,0,0,0,0,0,0,0,0,1.0,1.0,1.0,0.0,0.0,0.0,5,0,0
13,48,24,24,7,14,12,15,6,0,0,0,0,0,0,0,0,0,0,0,0,1,0,1,0.9545454545454546,1.0,1.0,0.0,0.0,0.0,5,0,1
14,48,24,24,7,14,12,15,6,0,0,0,0,0,0,0,0,0,0,0,0,0,0,0,1.0,1.0,1.0,0.0,0.0,0.0,5,0,0
15,48,24,24,6,15,11,16,6,0,0,0,0,0,0,0,0,0,0,0,0,0,0,0,1.0,1.0,1.0,0.0,0.0,0.0,5,0,0
16,47,23,24,6,14,11,16,6,0,0,0,0,0,0,0,0,0,0,0,0,1,0,1,0.9523809523809523,1.0,1.0,0.0,0.0,0.0,5,0,1
17,47,23,24,6,14,11,16,6,0,0,0,0,0,0,0,0,0,0,0,0,0,0,0,1.0,1.0,1.0,0.0,0.0,0.0,5,0,0
18,47,23,24,6,14,11,16,6,0,0,0,0,0,0,0,0,0,0,0,0,0,0,0,1.0,1.0,1.0,0.0,0.0,0.0,5,0,0
19,47,23,24,6,14,11,16,6,0,0,0,0,0,0,0,0,0,0,0,0,0,0,0,1.0,1.0,1.0,0.0,0.0,0.0,5,0,0
20,47,23,24,6,14,11,16,6,0,0,0,0,0,0,0,0,0,0,0,0,0,0,0,1.0,1.0,1.0,0.0,0.0,0.0,5,0,0
21,47,23,24,6,14,11,16,6,0,0,0,0,0,0,0,0,0,0,0,0,0,0,0,1.0,1.0,1.0,0.0,0.0,0.0,5,0,0
22,47,23,24,6,14,11,16,6,0,0,0,0,0,0,0,0,0,0,0,0,0,0,0,1.0,1.0,1.0,0.0,0.0,0.0,5,0,0
23,47,23,24,6,14,11,16,6,0,0,0,0,0,0,0,0,0,0,0,0,0,0,0,1.0,1.0,1.0,0.0,0.0,0.0,5,0,0
24,47,23,24,6,14,10,17,7,0,0,0,0,0,0,0,0,0,0,0,0,0,1,0,1.0,1.0,1.0,0.0,0.0,0.0,5,0,0
25,47,23,24,5,15,10,17,7,0,0,0,0,0,0,0,0,0,0,0,0,0,0,0,1.0,1.0,1.0,0.0,0.0,0.0,5,0,0
26,47,23,24,5,15,10,17,7,0,0,0,0,0,0,0,0,0,0,0,0,0,0,0,1.0,1.0,1.0,0.0,0.0,0.0,5,0,0
27,47,23,24,5,15,10,17,7,0,0,0,0,0,0,0,0,0,0,0,0,0,0,0,1.0,1.0,1.0,0.0,0.0,0.0,5,0,0
28,47,23,24,4,15,11,17,7,0,0,0,0,0,0,0,0,0,0,0,0,0,0,0,1.0,1.0,1.0,0.0,0.0,0.0,5,0,0
29,47,23,24,2,17,11,17,7,0,0,0,0,0,0,0,0,0,0,0,0,0,1,0,1.0,1.0,1.0,0.0,0.0,0.0,5,0,0
30,47,23,24,2,17,10,18,7,5,0,0,0,0,0,0,0,24,5,0,0,0,0,0,1.0,1.0,1.0,0.0,0.0,0.20833333333333334,5,0,0
31,47,23,24,2,17,10,18,7,7,0,0,0,0,0,0,0,12,2,0,0,0,0,0,1.0,1.0,1.0,0.0,0.0,0.16666666666666666,5,0,0
32,47,23,24,2,17,10,18,7,7,0,0,0,0,0,0,0,0,0,0,0,0,0,0,1.0,1.0,1.0,0.0,0.0,0.0,5,0,0
33,47,23,24,1,17,11,18,7,7,0,0,0,0,0,0,0,0,0,0,0,0,0,0,1.0,1.0,1.0,0.0,0.0,0.0,5,0,0
34,47,23,24,1,17,11,18,7,7,0,0,0,0,0,0,0,0,0,0,0,0,0,0,1.0,1.0,1.0,0.0,0.0,0.0,5,0,0
35,47,23,24,1,17,11,18,7,7,0,0,0,0,0,0,0,0,0,0,0,0,0,0,1.0,1.0,1.0,0.0,0.0,0.0,5,0,0
36,47,23,24,1,17,11,18,7,7,0,0,0,0,0,0,0,0,0,0,0,0,0,0,1.0,1.0,1.0,0.0,0.0,0.0,5,0,0
37,47,23,24,1,17,10,19,7,7,0,0,0,0,0,0,0,0,0,0,0,0,0,0,1.0,1.0,1.0,0.0,0.0,0.0,5,0,0
38,47,23,24,1,17,10,19,7,7,0,0,0,0,0,0,0,0,0,0,0,0,0,0,1.0,1.0,1.0,0.0,0.0,0.0,5,0,0
39,46,22,24,1,16,10,19,7,7,0,0,0,0,0,0,0,0,0,0,0,1,0,1,0.9444444444444444,1.0,1.0,0.0,0.0,0.0,5,0,1
40,46,22,24,1,16,10,19,7,7,0,0,0,0,0,0,0,0,0,0,0,0,0,0,1.0,1.0,1.0,0.0,0.0,0.0,5,0,0
41,46,22,24,0,17,10,19,7,7,0,0,0,0,0,0,0,0,0,0,0,0,0,0,1.0,1.0,1.0,0.0,0.0,0.0,5,0,0
42,46,22,24,0,17,10,19,7,7,0,0,0,0,0,0,0,0,0,0,0,0,0,0,1.0,1.0,1.0,0.0,0.0,0.0,5,0,0
43,46,22,24,0,17,10,19,7,7,0,0,0,0,0,0,0,0,0,0,0,0,0,0,1.0,1.0,1.0,0.0,0.0,0.0,5,0,0
44,45,22,23,0,16,10,19,7,7,0,0,0,0,0,0,0,0,0,0,0,1,1,1,0.9411764705882353,1.0,1.0,0.0,0.0,0.0,5,0,1
45,43,21,22,0,14,10,19,7,7,0,0,0,0,0,0,0,0,0,0,0,2,1,2,0.875,1.0,1.0,0.0,0.0,0.0,5,0,2
46,43,21,22,0,14,10,19,7,7,0,0,0,0,0,0,0,0,0,0,0,0,0,0,1.0,1.0,1.0,0.0,0.0,0.0,5,0,0
47,43,21,22,0,14,9,20,8,8,0,0,0,0,0,0,0,3,1,0,0,0,0,0,1.0,1.0,1.0,0.0,0.0,0.3333333333333333,5,0,0
48,43,21,22,0,13,10,20,8,8,0,0,0,0,0,0,0,0,0,0,0,0,0,0,1.0,1.0,1.0,0.0,0.0,0.0,5,0,0
49,43,21,22,0,12,11,20,8,8,0,0,0,0,0,0,0,0,0,0,0,0,0,0,1.0,1.0,1.0,0.0,0.0,0.0,5,0,0
50,43,21,22,0,12,11,20,8,8,0,0,0,0,0,0,0,0,0,0,0,0,0,0,1.0,1.0,1.0,0.0,0.0,0.0,5,0,0
51,43,21,22,0,12,11,20,8,8,0,0,0,0,0,0,0,0,0,0,0,0,0,0,1.0,1.0,1.0,0.0,0.0,0.0,5,0,0
52,43,21,22,0,12,11,20,8,8,0,0,0,0,0,0,0,0,0,0,0,0,0,0,1.0,1.0,1.0,0.0,0.0,0.0,5,0,0
53,43,21,22,0,12,11,20,8,8,0,0,0,0,0,0,0,0,0,0,0,0,0,0,1.0,1.0,1.0,0.0,0.0,0.0,5,0,0
54,43,21,22,0,12,11,20,8,8,0,0,0,0,0,0,0,0,0,0,0,0,0,0,1.0,1.0,1.0,0.0,0.0,0.0,5,0,0
55,43,21,22,0,12,11,20,8,8,0,0,0,0,0,0,0,0,0,0,0,0,0,0,1.0,1.0,1.0,0.0,0.0,0.0,5,0,0
56,43,21,22,0,12,11,20,8,8,0,0,0,0,0,0,0,0,0,0,0,0,0,0,1.0,1.0,1.0,0.0,0.0,0.0,5,0,0
57,43,21,22,0,12,11,20,8,8,0,0,0,0,0,0,0,0,0,0,0,0,0,0,1.0,1.0,1.0,0.0,0.0,0.0,5,0,0
58,43,21,22,0,12,10,21,8,8,0,0,0,0,0,0,0,0,0,0,0,0,0,0,1.0,1.0,1.0,0.0,0.0,0.0,5,0,0
59,43,21,22,0,12,10,21,8,8,0,0,0,0,0,0,0,0,0,0,0,0,0,0,1.0,1.0,1.0,0.0,0.0,0.0,5,0,0
60,42,21,21,0,11,10,21,8,8,0,0,0,0,0,0,0,0,0,0,0,1,0,1,0.9166666666666666,1.0,1.0,0.0,0.0,0.0,5,0,1
61,42,21,21,0,11,10,21,8,8,0,0,0,0,0,0,0,0,0,0,0,0,0,0,1.0,1.0,1.0,0.0,0.0,0.0,5,0,0
62,42,21,21,0,11,10,21,8,8,0,0,0,0,0,0,0,0,0,0,0,0,0,0,1.0,1.0,1.0,0.0,0.0,0.0,5,0,0
63,42,21,21,0,11,10,21,8,8,0,0,0,0,0,0,0,0,0,0,0,0,0,0,1.0,1.0,1.0,0.0,0.0,0.0,5,0,0
64,42,21,21,0,11,10,21,8,8,0,0,0,0,0,0,0,0,0,0,0,0,0,0,1.0,1.0,1.0,0.0,0.0,0.0,5,0,0
65,42,21,21,0,11,10,21,8,8,0,0,0,0,0,0,0,0,0,0,0,0,0,0,1.0,1.0,1.0,0.0,0.0,0.0,5,0,0
66,42,21,21,0,11,10,21,8,8,0,0,0,0,0,0,0,0,0,0,0,0,0,0,1.0,1.0,1.0,0.0,0.0,0.0,5,0,0
67,42,21,21,0,11,10,21,8,8,0,0,0,0,0,0,0,0,0,0,0,0,0,0,1.0,1.0,1.0,0.0,0.0,0.0,5,0,0
68,42,21,21,0,11,10,21,8,8,0,0,0,0,0,0,0,0,0,0,0,0,0,0,1.0,1.0,1.0,0.0,0.0,0.0,5,0,0
69,42,21,21,0,11,10,21,8,8,0,0,0,0,0,0,0,0,0,0,0,0,0,0,1.0,1.0,1.0,0.0,0.0,0.0,5,0,0
70,42,21,21,0,11,10,21,8,8,0,0,0,0,0,0,0,0,0,0,0,0,0,0,1.0,1.0,1.0,0.0,0.0,0.0,5,0,0
71,42,21,21,0,11,10,21,8,8,0,0,0,0,0,0,0,0,0,0,0,0,0,0,1.0,1.0,1.0,0.0,0.0,0.0,5,0,0
72,42,21,21,0,11,10,21,8,8,0,0,0,0,0,0,0,0,0,0,0,0,0,0,1.0,1.0,1.0,0.0,0.0,0.0,5,0,0
73,41,20,21,0,10,10,21,8,8,0,0,0,0,0,0,0,0,0,0,0,1,0,1,0.9090909090909091,1.0,1.0,0.0,0.0,0.0,5,0,1
74,41,20,21,0,10,10,21,8,8,0,0,0,0,0,0,0,0,0,0,0,0,0,0,1.0,1.0,1.0,0.0,0.0,0.0,5,0,0
75,41,20,21,0,10,9,22,8,8,0,0,0,0,0,0,0,0,0,0,0,0,0,0,1.0,1.0,1.0,0.0,0.0,0.0,5,0,0
76,41,20,21,0,10,9,22,8,8,0,0,0,0,0,0,0,0,0,0,0,0,0,0,1.0,1.0,1.0,0.0,0.0,0.0,5,0,0
77,41,20,21,0,10,9,22,8,8,0,0,0,0,0,0,0,0,0,0,0,0,0,0,1.0,1.0,1.0,0.0,0.0,0.0,5,0,0
78,41,20,21,0,10,9,22,8,8,0,0,0,0,0,0,0,0,0,0,0,0,0,0,1.0,1.0,1.0,0.0,0.0,0.0,5,0,0
79,41,20,21,0,10,8,23,8,8,0,0,0,0,0,0,0,0,0,0,0,0,0,0,1.0,1.0,1.0,0.0,0.0,0.0,5,0,0
80,41,20,21,0,10,8,23,8,8,0,0,0,0,0,0,0,0,0,0,0,0,0,0,1.0,1.0,1.0,0.0,0.0,0.0,5,0,0
81,41,20,21,0,10,8,23,8,8,0,0,0,0,0,0,0,0,0,0,0,0,0,0,1.0,1.0,1.0,0.0,0.0,0.0,5,0,0
82,41,20,21,0,10,8,23,8,8,0,0,0,0,0,0,0,0,0,0,0,0,0,0,1.0,1.0,1.0,0.0,0.0,0.0,5,0,0
83,41,20,21,0,10,8,23,8,8,0,0,0,0,0,0,0,0,0,0,0,0,0,0,1.0,1.0,1.0,0.0,0.0,0.0,5,0,0
84,41,20,21,0,10,8,23,8,8,0,0,0,0,0,0,0,0,0,0,0,0,0,0,1.0,1.0,1.0,0.0,0.0,0.0,5,0,0
85,41,20,21,0,10,8,23,8,8,0,0,0,0,0,0,0,0,0,0,0,0,0,0,1.0,1.0,1.0,0.0,0.0,0.0,5,0,0
86,41,20,21,0,10,8,23,8,8,0,0,0,0,0,0,0,0,0,0,0,0,0,0,1.0,1.0,1.0,0.0,0.0,0.0,5,0,0
87,41,20,21,0,10,8,23,8,8,0,0,0,0,0,0,0,0,0,0,0,0,0,0,1.0,1.0,1.0,0.0,0.0,0.0,5,0,0
88,40,19,21,0,10,8,22,8,8,0,0,0,0,0,0,0,0,0,0,0,0,0,0,1.0,0.9333333333333333,1.0,0.0,0.0,0.0,5,0,1
89,40,19,21,0,10,8,22,8,8,0,0,0,0,0,0,0,0,0,0,0,0,0,0,1.0,1.0,1.0,0.0,0.0,0.0,5,0,0
90,40,19,21,0,10,8,22,8,8,0,0,0,0,0,0,0,0,0,0,0,0,0,0,1.0,1.0,1.0,0.0,0.0,0.0,5,0,0
91,39,19,20,0,9,8,22,8,8,0,0,0,0,0,0,0,0,0,0,0,1,0,1,0.9,1.0,1.0,0.0,0.0,0.0,5,0,1
92,39,19,20,0,9,8,22,8,8,0,0,0,0,0,0,0,0,0,0,0,0,0,0,1.0,1.0,1.0,0.0,0.0,0.0,5,0,0
93,39,19,20,0,9,8,22,8,8,0,0,0,0,0,0,0,0,0,0,0,0,0,0,1.0,1.0,1.0,0.0,0.0,0.0,5,0,0
94,38,19,19,0,8,8,22,8,8,0,0,0,0,0,0,0,0,0,0,0,1,0,1,0.8888888888888888,1.0,1.0,0.0,0.0,0.0,5,0,1
95,55,30,25,17,8,8,22,8,3,0,5,0,0,0,0,0,0,0,0,5,0,0,0,1.0,1.0,1.0,0.4473684210526316,0.4473684210526316,0.0,5,17,0
96,61,33,28,23,8,8,22,8,1,0,7,0,0,0,0,0,0,0,0,2,1,0,1,0.96,1.0,1.0,0.12727272727272726,0.12727272727272726,0.0,5,7,1
97,61,33,28,23,8,8,22,8,1,0,7,0,0,0,0,0,0,0,0,0,0,1,0,1.0,1.0,1.0,0.0,0.0,0.0,5,0,0
98,61,33,28,23,8,8,22,8,1,0,7,0,0,0,0,0,0,0,0,0,0,0,0,1.0,1.0,1.0,0.0,0.0,0.0,5,0,0
99,61,33,28,23,8,8,22,8,1,0,7,0,0,0,0,0,0,0,0,0,0,0,0,1.0,1.0,1.0,0.0,0.0,0.0,5,0,0
100,60,33,27,22,8,7,23,9,1,0,7,0,0,0,0,0,0,0,0,0,1,1,1,0.967741935483871,1.0,1.0,0.0,0.0,0.0,5,0,1
101,59,32,27,21,7,8,23,9,1,0,7,0,0,0,0,0,0,0,0,0,1,0,1,0.9655172413793104,1.0,1.0,0.0,0.0,0.0,5,0,1
102,59,32,27,21,7,8,23,9,1,0,7,0,0,0,0,0,0,0,0,0,0,0,0,1.0,1.0,1.0,0.0,0.0,0.0,5,0,0
103,59,32,27,21,7,8,23,9,1,0,7,0,0,0,0,0,0,0,0,0,0,0,0,1.0,1.0,1.0,0.0,0.0,0.0,5,0,0
104,57,31,26,19,6,9,23,9,1,0,7,0,0,0,0,0,0,0,0,0,2,1,2,0.9259259259259259,1.0,1.0,0.0,0.0,0.0,5,0,2
105,57,31,26,19,6,9,23,9,1,0,7,0,0,0,0,0,0,0,0,0,0,1,0,1.0,1.0,1.0,0.0,0.0,0.0,5,0,0
106,56,30,26,19,5,9,23,9,1,0,7,0,0,0,0,0,0,0,0,0,1,1,1,0.96,1.0,1.0,0.0,0.0,0.0,5,0,1
107,55,30,25,18,5,9,23,9,1,0,7,0,0,0,0,0,0,0,0,0,1,0,1,0.9583333333333334,1.0,1.0,0.0,0.0,0.0,5,0,1
108,55,30,25,18,4,10,23,9,1,0,7,0,0,0,0,0,8,0,0,0,0,0,0,1.0,1.0,1.0,0.0,0.0,0.0,5,0,0
109,55,30,25,18,4,10,23,9,2,0,7,0,0,0,0,0,5,1,0,0,0,0,0,1.0,1.0,1.0,0.0,0.0,0.2,5,0,0
110,55,30,25,18,3,11,23,9,2,0,7,0,0,0,0,0,0,0,0,0,0,0,0,1.0,1.0,1.0,0.0,0.0,0.0,5,0,0
111,55,30,25,18,3,11,23,9,2,0,7,0,0,0,0,0,0,0,0,0,0,0,0,1.0,1.0,1.0,0.0,0.0,0.0,5,0,0
112,59,33,26,22,3,11,23,9,1,0,8,0,0,0,0,0,0,0,0,1,0,0,0,1.0,1.0,1.0,0.07272727272727272,0.07272727272727272,0.0,5,4,0
113,58,32,26,21,3,11,23,9,1,0,8,0,0,0,0,0,0,0,0,0,1,0,1,0.96,1.0,1.0,0.0,0.0,0.0,5,0,1
114,56,31,25,19,3,10,24,10,1,0,8,0,0,0,0,0,0,0,0,0,2,0,2,0.9166666666666666,1.0,1.0,0.0,0.0,0.0,5,0,2
115,56,31,25,19,3,10,24,10,1,0,8,0,0,0,0,0,0,0,0,0,0,0,0,1.0,1.0,1.0,0.0,0.0,0.0,5,0,0
116,54,30,24,17,3,10,24,10,1,0,8,0,0,0,0,0,0,0,0,0,2,0,2,0.9090909090909091,1.0,1.0,0.0,0.0,0.0,5,0,2
117,54,30,24,17,3,10,24,10,1,0,8,0,0,0,0,0,0,0,0,0,0,0,0,1.0,1.0,1.0,0.0,0.0,0.0,5,0,0
118,54,30,24,17,3,10,24,10,1,0,8,0,0,0,0,0,0,0,0,0,0,0,0,1.0,1.0,1.0,0.0,0.0,0.0,5,0,0
119,54,30,24,17,3,10,24,10,1,0,8,0,0,0,0,0,0,0,0,0,0,0,0,1.0,1.0,1.0,0.0,0.0,0.0,5,0,0
120,54,30,24,17,3,9,25,11,1,0,8,0,0,0,0,0,0,0,0,0,0,0,0,1.0,1.0,1.0,0.0,0.0,0.0,5,0,0
121,54,30,24,17,3,9,25,11,2,0,8,0,0,0,0,0,11,1,0,0,0,0,0,1.0,1.0,1.0,0.0,0.0,0.09090909090909091,5,0,0
122,54,30,24,17,3,9,25,11,3,0,8,0,0,0,0,0,6,1,0,0,0,0,0,1.0,1.0,1.0,0.0,0.0,0.16666666666666666,5,0,0
123,53,29,24,16,3,9,25,11,3,0,8,0,0,0,0,0,0,0,0,0,1,0,1,0.95,1.0,1.0,0.0,0.0,0.0,5,0,1
124,53,29,24,16,3,9,25,11,3,0,8,0,0,0,0,0,0,0,0,0,0,0,0,1.0,1.0,1.0,0.0,0.0,0.0,5,0,0
125,49,27,22,14,3,9,23,10,3,0,7,0,0,0,0,0,0,0,0,0,2,0,2,0.8947368421052632,0.9285714285714286,0.9090909090909091,0.0,0.0,0.0,5,0,4
126,49,27,22,14,3,9,23,10,3,0,7,0,0,0,0,0,0,0,0,0,0,0,0,1.0,1.0,1.0,0.0,0.0,0.0,5,0,0
127,49,27,22,14,3,9,23,10,3,0,7,0,0,0,0,0,0,0,0,0,0,0,0,1.0,1.0,1.0,0.0,0.0,0.0,5,0,0
128,49,27,22,14,3,9,23,10,3,0,7,0,0,0,0,0,0,0,0,0,0,0,0,1.0,1.0,1.0,0.0,0.0,0.0,5,0,0
129,49,27,22,14,3,9,23,10,3,0,7,0,0,0,0,0,0,0,0,0,0,0,0,1.0,1.0,1.0,0.0,0.0,0.0,5,0,0
130,49,27,22,14,3,8,24,11,3,0,7,0,0,0,0,0,0,0,0,0,0,0,0,1.0,1.0,1.0,0.0,0.0,0.0,5,0,0
131,49,27,22,14,3,8,24,11,3,0,7,0,0,0,0,0,0,0,0,0,0,0,0,1.0,1.0,1.0,0.0,0.0,0.0,5,0,0
132,49,27,22,14,3,8,24,11,3,0,7,0,0,0,0,0,0,0,0,0,0,0,0,1.0,1.0,1.0,0.0,0.0,0.0,5,0,0
133,49,27,22,14,3,8,24,11,3,0,7,0,0,0,0,0,0,0,0,0,0,0,0,1.0,1.0,1.0,0.0,0.0,0.0,5,0,0
134,49,27,22,14,3,8,24,11,3,0,7,0,0,0,0,0,2,0,0,0,0,0,0,1.0,1.0,1.0,0.0,0.0,0.0,5,0,0
135,49,27,22,14,3,8,24,11,4,0,7,0,0,0,0,0,6,1,0,0,0,0,0,1.0,1.0,1.0,0.0,0.0,0.16666666666666666,5,0,0
136,49,27,22,14,3,8,24,11,4,0,7,0,0,0,0,0,0,0,0,0,0,0,0,1.0,1.0,1.0,0.0,0.0,0.0,5,0,0
137,49,27,22,14,3,8,24,11,4,0,7,0,0,0,0,0,0,0,0,0,0,1,0,1.0,1.0,1.0,0.0,0.0,0.0,5,0,0
138,49,27,22,6,11,8,24,11,4,0,7,0,0,0,0,0,0,0,0,0,0,0,0,1.0,1.0,1.0,0.0,0.0,0.0,5,0,0
139,49,27,22,2,15,7,25,12,4,0,7,0,0,0,0,0,0,0,0,0,0,0,0,1.0,1.0,1.0,0.0,0.0,0.0,5,0,0
140,48,26,22,2,15,7,24,12,4,0,3,0,0,0,0,0,0,0,0,0,0,0,0,1.0,0.9230769230769231,1.0,0.0,0.0,0.0,5,0,1
141,48,26,22,2,14,8,24,12,7,0,1,0,0,0,0,0,12,3,0,0,0,0,0,1.0,1.0,1.0,0.0,0.0,0.25,5,0,0
142,48,26,22,2,14,7,25,13,7,0,1,0,0,0,0,0,2,0,0,0,0,0,0,1.0,1.0,1.0,0.0,0.0,0.0,5,0,0
143,48,26,22,2,14,7,25,13,8,0,1,0,0,0,0,0,3,1,0,0,0,0,0,1.0,1.0,1.0,0.0,0.0,0.3333333333333333,5,0,0
144,48,26,22,2,14,7,25,13,10,0,1,0,0,0,0,0,5,2,0,0,0,0,0,1.0,1.0,1.0,0.0,0.0,0.4,5,0,0
145,47,25,22,2,13,7,25,13,10,0,1,0,0,0,0,0,0,0,0,0,1,0,1,0.9375,1.0,1.0,0.0,0.0,0.0,5,0,1
146,47,25,22,2,13,6,26,14,10,0,1,0,0,0,0,0,0,0,0,0,0,0,0,1.0,1.0,1.0,0.0,0.0,0.0,5,0,0
147,47,25,22,2,13,6,26,14,12,0,1,0,0,0,0,0,21,2,0,0,0,0,0,1.0,1.0,1.0,0.0,0.0,0.09523809523809523,5,0,0
148,47,25,22,2,13,6,26,14,13,0,1,0,0,0,0,0,4,1,0,0,0,0,0,1.0,1.0,1.0,0.0,0.0,0.25,5,0,0
149,47,25,22,2,13,6,26,14,13,0,1,0,0,0,0,0,0,0,0,0,0,0,0,1.0,1.0,1.0,0.0,0.0,0.0,5,0,0
150,47,25,22,2,13,6,26,14,13,0,1,0,0,0,0,0,0,0,0,0,0,1,0,1.0,1.0,1.0,0.0,0.0,0.0,5,0,0
151,47,25,22,2,13,6,26,14,13,0,1,0,0,0,0,0,0,0,0,0,0,0,0,1.0,1.0,1.0,0.0,0.0,0.0,5,0,0
152,47,25,22,2,13,6,26,14,13,0,1,0,0,0,0,0,0,0,0,0,0,0,0,1.0,1.0,1.0,0.0,0.0,0.0,5,0,0
153,47,25,22,2,13,6,26,14,13,0,1,0,0,0,0,0,0,0,0,0,0,0,0,1.0,1.0,1.0,0.0,0.0,0.0,5,0,0
154,47,25,22,2,12,7,26,14,13,0,1,0,0,0,0,0,0,0,0,0,0,0,0,1.0,1.0,1.0,0.0,0.0,0.0,5,0,0
155,47,25,22,0,14,7,26,14,13,0,1,0,0,0,0,0,0,0,0,0,0,0,0,1.0,1.0,1.0,0.0,0.0,0.0,5,0,0
156,47,25,22,0,14,7,26,14,13,0,1,0,0,0,0,0,0,0,0,0,0,0,0,1.0,1.0,1.0,0.0,0.0,0.0,5,0,0
157,47,25,22,0,14,7,26,14,13,0,0,0,0,0,0,0,0,0,0,0,0,0,0,1.0,1.0,1.0,0.0,0.0,0.0,5,0,0
158,47,25,22,0,14,7,26,14,14,0,0,0,0,0,0,0,7,1,0,0,0,0,0,1.0,1.0,1.0,0.0,0.0,0.14285714285714285,5,0,0
159,47,25,22,0,14,7,26,14,14,0,0,0,0,0,0,0,0,0,0,0,0,0,0,1.0,1.0,1.0,0.0,0.0,0.0,5,0,0
160,47,25,22,0,14,7,26,14,14,0,0,0,0,0,0,0,0,0,0,0,0,0,0,1.0,1.0,1.0,0.0,0.0,0.0,5,0,0
161,47,25,22,0,14,7,26,14,14,0,0,0,0,0,0,0,0,0,0,0,0,0,0,1.0,1.0,1.0,0.0,0.0,0.0,5,0,0
162,47,25,22,0,14,7,26,14,14,0,0,0,0,0,0,0,0,0,0,0,0,0,0,1.0,1.0,1.0,0.0,0.0,0.0,5,0,0
163,47,25,22,0,14,7,26,14,14,0,0,0,0,0,0,0,0,0,0,0,0,0,0,1.0,1.0,1.0,0.0,0.0,0.0,5,0,0
164,47,25,22,0,14,7,26,14,14,0,0,0,0,0,0,0,0,0,0,0,0,0,0,1.0,1.0,1.0,0.0,0.0,0.0,5,0,0
165,47,25,22,0,14,7,26,14,14,0,0,0,0,0,0,0,0,0,0,0,0,0,0,1.0,1.0,1.0,0.0,0.0,0.0,5,0,0
166,47,25,22,0,14,7,26,14,14,0,0,0,0,0,0,0,0,0,0,0,0,0,0,1.0,1.0,1.0,0.0,0.0,0.0,5,0,0
167,47,25,22,0,14,7,26,14,14,0,0,0,0,0,0,0,0,0,0,0,0,0,0,1.0,1.0,1.0,0.0,0.0,0.0,5,0,0
168,47,25,22,0,14,6,27,14,14,0,0,0,0,0,0,0,0,0,0,0,0,0,0,1.0,1.0,1.0,0.0,0.0,0.0,5,0,0
169,47,25,22,0,14,6,27,14,14,0,0,0,0,0,0,0,0,0,0,0,0,0,0,1.0,1.0,1.0,0.0,0.0,0.0,5,0,0
170,47,25,22,0,14,6,27,14,14,0,0,0,0,0,0,0,0,0,0,0,0,1,0,1.0,1.0,1.0,0.0,0.0,0.0,5,0,0
171,47,25,22,0,14,6,27,14,14,0,0,0,0,0,0,0,0,0,0,0,0,0,0,1.0,1.0,1.0,0.0,0.0,0.0,5,0,0
172,47,25,22,0,14,6,27,14,14,0,0,0,0,0,0,0,0,0,0,0,0,0,0,1.0,1.0,1.0,0.0,0.0,0.0,5,0,0
173,47,25,22,0,14,6,27,14,14,0,0,0,0,0,0,0,0,0,0,0,0,0,0,1.0,1.0,1.0,0.0,0.0,0.0,5,0,0
174,50,27,23,3,13,7,27,14,13,0,1,0,0,0,0,0,0,0,0,1,0,0,0,1.0,1.0,1.0,0.06382978723404255,0.06382978723404255,0.0,5,3,0
175,50,27,23,3,13,7,27,14,13,0,1,0,0,0,0,0,0,0,0,0,0,0,0,1.0,1.0,1.0,0.0,0.0,0.0,5,0,0
176,50,27,23,3,13,7,27,14,13,0,1,0,0,0,0,0,0,0,0,0,0,0,0,1.0,1.0,1.0,0.0,0.0,0.0,5,0,0
177,50,27,23,3,13,7,27,14,13,0,1,0,0,0,0,0,0,0,0,0,0,0,0,1.0,1.0,1.0,0.0,0.0,0.0,5,0,0
178,50,27,23,3,13,7,27,14,13,0,1,0,0,0,0,0,0,0,0,0,0,0,0,1.0,1.0,1.0,0.0,0.0,0.0,5,0,0
179,50,27,23,3,13,7,27,14,13,0,1,0,0,0,0,0,0,0,0,0,0,0,0,1.0,1.0,1.0,0.0,0.0,0.0,5,0,0
180,50,27,23,3,13,7,27,14,13,0,1,0,0,0,0,0,0,0,0,0,0,0,0,1.0,1.0,1.0,0.0,0.0,0.0,5,0,0
181,50,27,23,3,13,7,27,14,13,0,1,0,0,0,0,0,0,0,0,0,0,0,0,1.0,1.0,1.0,0.0,0.0,0.0,5,0,0
182,50,27,23,3,13,7,27,14,13,0,1,0,0,0,0,0,0,0,0,0,0,0,0,1.0,1.0,1.0,0.0,0.0,0.0,5,0,0
183,50,27,23,3,13,7,27,14,13,0,1,0,0,0,0,0,0,0,0,0,0,0,0,1.0,1.0,1.0,0.0,0.0,0.0,5,0,0
184,50,27,23,3,13,7,27,14,13,0,1,0,0,0,0,0,0,0,0,0,0,0,0,1.0,1.0,1.0,0.0,0.0,0.0,5,0,0
185,50,27,23,3,13,7,27,14,13,0,1,0,0,0,0,0,0,0,0,0,0,0,0,1.0,1.0,1.0,0.0,0.0,0.0,5,0,0
186,53,29,24,6,13,7,27,14,12,0,2,0,0,0,0,0,0,0,0,1,1,0,1,0.9375,1.0,1.0,0.08,0.08,0.0,5,4,1
187,56,31,25,10,13,6,27,14,11,0,3,0,0,0,0,0,0,0,0,1,0,0,0,1.0,1.0,1.0,0.07547169811320754,0.07547169811320754,0.0,5,4,1
188,55,31,24,9,13,6,27,14,11,0,3,0,0,0,0,0,0,0,0,0,1,0,1,0.9565217391304348,1.0,1.0,0.0,0.0,0.0,5,0,1
189,54,31,23,8,13,6,27,14,11,0,3,0,0,0,0,0,0,0,0,0,1,0,1,0.9545454545454546,1.0,1.0,0.0,0.0,0.0,5,0,1
190,53,31,22,8,13,6,26,13,10,0,3,0,0,0,0,0,0,0,0,0,0,0,0,1.0,1.0,0.9285714285714286,0.0,0.0,0.0,5,0,1
191,52,30,22,7,13,6,26,13,10,0,3,0,0,0,0,0,0,0,0,0,1,0,1,0.9523809523809523,1.0,1.0,0.0,0.0,0.0,5,0,1
192,52,30,22,7,13,6,26,13,10,0,3,0,0,0,0,0,0,0,0,0,0,0,0,1.0,1.0,1.0,0.0,0.0,0.0,5,0,0
193,51,29,22,6,13,6,26,13,10,0,3,0,0,0,0,0,0,0,0,0,1,0,1,0.95,1.0,1.0,0.0,0.0,0.0,5,0,1
194,51,29,22,6,13,6,26,13,10,0,3,0,0,0,0,0,0,0,0,0,0,0,0,1.0,1.0,1.0,0.0,0.0,0.0,5,0,0
195,51,29,22,6,13,6,26,13,10,0,3,0,0,0,0,0,0,0,0,0,0,0,0,1.0,1.0,1.0,0.0,0.0,0.0,5,0,0
196,51,29,22,6,13,6,26,13,10,0,3,0,0,0,0,0,0,0,0,0,0,0,0,1.0,1.0,1.0,0.0,0.0,0.0,5,0,0
197,51,29,22,6,13,6,26,13,10,0,3,0,0,0,0,0,0,0,0,0,0,0,0,1.0,1.0,1.0,0.0,0.0,0.0,5,0,0
198,50,29,21,6,12,6,26,13,10,0,3,0,0,0,0,0,0,0,0,0,1,0,1,0.9473684210526316,1.0,1.0,0.0,0.0,0.0,5,0,1
199,50,29,21,6,12,6,26,13,10,0,3,0,0,0,0,0,0,0,0,0,0,0,0,1.0,1.0,1.0,0.0,0.0,0.0,5,0,0
200,53,30,23,9,12,6,26,13,9,0,4,0,0,0,0,0,0,0,0,1,0,0,0,1.0,1.0,1.0,0.06,0.06,0.0,5,3,0
201,53,30,23,9,12,6,26,13,9,0,4,0,0,0,0,0,0,0,0,0,0,0,0,1.0,1.0,1.0,0.0,0.0,0.0,5,0,0
202,53,30,23,9,12,6,26,13,9,0,4,0,0,0,0,0,0,0,0,0,0,0,0,1.0,1.0,1.0,0.0,0.0,0.0,5,0,0
203,53,30,23,9,12,6,26,13,9,0,4,0,0,0,0,0,0,0,0,0,0,0,0,1.0,1.0,1.0,0.0,0.0,0.0,5,0,0
204,53,30,23,9,12,6,26,13,9,0,4,0,0,0,0,0,0,0,0,0,0,0,0,1.0,1.0,1.0,0.0,0.0,0.0,5,0,0
205,52,29,23,9,12,6,25,13,9,0,4,0,0,0,0,0,0,0,0,0,0,0,0,1.0,0.9230769230769231,1.0,0.0,0.0,0.0,5,0,1
206,63,33,30,20,12,6,25,13,6,0,7,0,0,0,0,0,0,0,0,3,0,0,0,1.0,1.0,1.0,0.21153846153846154,0.21153846153846154,0.0,5,11,0
207,62,32,30,20,11,6,25,13,6,0,7,0,0,0,0,0,0,0,0,0,1,0,1,0.96875,1.0,1.0,0.0,0.0,0.0,5,0,1
208,64,33,31,23,10,6,25,13,5,0,8,0,0,0,0,0,0,0,0,1,1,0,1,0.967741935483871,1.0,1.0,0.04838709677419355,0.04838709677419355,0.0,5,3,1
209,68,36,32,27,10,6,25,13,4,0,9,0,0,0,0,0,0,0,0,1,0,0,0,1.0,1.0,1.0,0.0625,0.0625,0.0,5,4,0
210,66,35,31,25,10,6,25,13,4,0,9,0,0,0,0,0,0,0,0,0,2,0,2,0.9459459459459459,1.0,1.0,0.0,0.0,0.0,5,0,2
211,63,34,29,22,10,6,25,13,4,0,9,0,0,0,0,0,0,0,0,0,3,0,3,0.9142857142857143,1.0,1.0,0.0,0.0,0.0,5,0,3
212,67,34,33,27,9,6,25,13,2,0,11,0,0,0,0,0,0,0,0,2,2,0,2,0.9375,1.0,1.0,0.09523809523809523,0.09523809523809523,0.0,5,6,2
213,68,33,35,30,8,6,24,12,1,0,11,0,0,0,0,0,0,0,0,1,2,0,2,0.9444444444444444,1.0,0.9230769230769231,0.05970149253731343,0.05970149253731343,0.0,5,4,3
214,67,33,34,29,8,6,24,12,1,0,11,0,0,0,0,0,0,0,0,0,1,0,1,0.9736842105263158,1.0,1.0,0.0,0.0,0.0,5,0,1
215,65,31,34,28,7,6,24,12,1,0,11,0,0,0,0,0,0,0,0,0,2,0,2,0.9459459459459459,1.0,1.0,0.0,0.0,0.0,5,0,2
216,62,29,33,26,6,6,24,12,1,0,11,0,0,0,0,0,0,0,0,0,3,0,3,0.9142857142857143,1.0,1.0,0.0,0.0,0.0,5,0,3
217,61,28,33,25,7,6,23,12,1,0,11,0,0,0,0,0,0,0,0,0,0,0,0,1.0,0.9166666666666666,1.0,0.0,0.0,0.0,5,0,1
218,59,26,33,24,6,6,23,12,1,0,11,0,0,0,0,0,0,0,0,0,2,0,2,0.9375,1.0,1.0,0.0,0.0,0.0,5,0,2
219,59,26,33,24,6,6,23,12,1,0,10,0,0,0,0,0,0,0,0,0,0,0,0,1.0,1.0,1.0,0.0,0.0,0.0,5,0,0
220,59,26,33,24,6,6,23,12,2,0,10,0,0,0,0,0,8,1,0,0,0,0,0,1.0,1.0,1.0,0.0,0.0,0.125,5,0,0
221,59,26,33,24,6,6,23,12,2,0,10,0,0,0,0,0,0,0,0,0,0,0,0,1.0,1.0,1.0,0.0,0.0,0.0,5,0,0
222,57,25,32,23,6,5,23,12,2,0,10,0,0,0,0,0,0,0,0,0,1,0,1,0.9666666666666667,1.0,1.0,0.0,0.0,0.0,5,0,2
223,59,27,32,25,6,5,23,12,1,0,11,0,0,0,0,0,0,0,0,1,1,0,1,0.9655172413793104,1.0,1.0,0.05263157894736842,0.05263157894736842,0.0,5,3,1
224,59,27,32,25,6,5,23,12,1,0,11,0,0,0,0,0,0,0,0,0,0,0,0,1.0,1.0,1.0,0.0,0.0,0.0,5,0,0
225,59,27,32,25,6,5,23,12,1,0,11,0,0,0,0,0,0,0,0,0,0,0,0,1.0,1.0,1.0,0.0,0.0,0.0,5,0,0
226,59,27,32,25,6,5,23,12,1,0,11,0,0,0,0,0,0,0,0,0,0,0,0,1.0,1.0,1.0,0.0,0.0,0.0,5,0,0
227,57,26,31,24,5,5,23,12,1,0,11,0,0,0,0,0,0,0,0,0,2,0,2,0.935483870967742,1.0,1.0,0.0,0.0,0.0,5,0,2
228,56,25,31,23,5,5,23,12,1,0,11,0,0,0,0,0,0,0,0,0,1,0,1,0.9655172413793104,1.0,1.0,0.0,0.0,0.0,5,0,1
229,55,25,30,22,5,5,23,12,1,0,11,0,0,0,0,0,0,0,0,0,1,0,1,0.9642857142857143,1.0,1.0,0.0,0.0,0.0,5,0,1
230,55,25,30,20,7,5,23,12,1,0,11,0,0,0,0,0,0,0,0,0,0,0,0,1.0,1.0,1.0,0.0,0.0,0.0,5,0,0
231,55,25,30,20,7,5,23,12,1,0,10,0,0,0,0,0,0,0,0,0,0,0,0,1.0,1.0,1.0,0.0,0.0,0.0,5,0,0
232,54,25,29,19,7,5,23,12,1,0,9,0,0,0,0,0,7,0,0,0,1,0,1,0.962962962962963,1.0,1.0,0.0,0.0,0.0,5,0,1
233,52,24,28,19,7,5,21,11,2,0,8,0,0,0,0,0,5,1,0,0,0,0,0,1.0,0.9090909090909091,0.9166666666666666,0.0,0.0,0.2,5,0,2
234,50,22,28,17,7,5,21,11,2,1,8,0,0,0,0,0,4,0,1,0,2,0,2,0.9230769230769231,1.0,1.0,0.0,0.0,0.0,5,0,2
235,49,22,27,16,7,5,21,11,2,1,8,0,0,0,0,0,0,0,0,0,1,0,1,0.9583333333333334,1.0,1.0,0.0,0.0,0.0,5,0,1
236,49,22,27,16,7,5,21,11,2,1,8,0,0,0,0,0,0,0,0,0,0,0,0,1.0,1.0,1.0,0.0,0.0,0.0,5,0,0
237,49,22,27,16,7,5,21,11,2,1,8,0,0,0,0,0,0,0,0,0,0,0,0,1.0,1.0,1.0,0.0,0.0,0.0,5,0,0
238,49,22,27,16,7,5,21,11,2,1,8,0,0,0,0,0,0,0,0,0,0,0,0,1.0,1.0,1.0,0.0,0.0,0.0,5,0,0
239,49,22,27,16,7,5,21,11,2,1,8,0,0,0,0,0,0,0,0,0,0,0,0,1.0,1.0,1.0,0.0,0.0,0.0,5,0,0
240,49,22,27,16,7,5,21,11,2,1,8,0,0,0,0,0,0,0,0,0,0,0,0,1.0,1.0,1.0,0.0,0.0,0.0,5,0,0
241,49,22,27,16,7,5,21,11,2,1,8,0,0,0,0,0,0,0,0,0,0,0,0,1.0,1.0,1.0,0.0,0.0,0.0,5,0,0
242,47,20,27,15,7,5,20,11,2,1,8,0,0,0,0,0,0,0,0,0,1,0,1,0.9565217391304348,0.9,1.0,0.0,0.0,0.0,5,0,2
243,47,20,27,15,7,5,20,11,2,1,8,0,0,0,0,0,0,0,0,0,0,0,0,1.0,1.0,1.0,0.0,0.0,0.0,5,0,0
244,46,19,27,15,6,5,20,11,2,1,8,0,0,0,0,0,0,0,0,0,1,0,1,0.9545454545454546,1.0,1.0,0.0,0.0,0.0,5,0,1
245,46,19,27,15,6,5,20,11,2,1,7,0,0,0,0,0,0,0,0,0,0,0,0,1.0,1.0,1.0,0.0,0.0,0.0,5,0,0
246,46,19,27,15,6,5,20,11,3,1,7,0,0,0,0,0,5,1,0,0,0,0,0,1.0,1.0,1.0,0.0,0.0,0.2,5,0,0
247,46,19,27,15,6,5,20,11,3,1,7,0,0,0,0,0,0,0,0,0,0,0,0,1.0,1.0,1.0,0.0,0.0,0.0,5,0,0
248,46,19,27,15,6,5,20,11,3,1,7,0,0,0,0,0,0,0,0,0,0,0,0,1.0,1.0,1.0,0.0,0.0,0.0,5,0,0
249,46,19,27,9,12,5,20,11,3,1,7,0,0,0,0,0,0,0,0,0,0,0,0,1.0,1.0,1.0,0.0,0.0,0.0,5,0,0
250,46,19,27,9,12,5,20,11,3,1,7,0,0,0,0,0,0,0,0,0,0,0,0,1.0,1.0,1.0,0.0,0.0,0.0,5,0,0
251,45,18,27,9,11,5,20,11,3,1,6,0,0,0,0,0,0,0,0,0,1,0,1,0.9523809523809523,1.0,1.0,0.0,0.0,0.0,5,0,1
252,45,18,27,8,12,5,20,11,4,1,6,0,0,0,0,0,8,1,0,0,0,0,0,1.0,1.0,1.0,0.0,0.0,0.125,5,0,0
253,45,18,27,8,12,5,20,11,4,1,5,0,0,0,0,0,0,0,0,0,0,0,0,1.0,1.0,1.0,0.0,0.0,0.0,5,0,0
254,44,18,26,8,11,4,21,12,5,1,4,0,0,0,0,0,7,1,0,0,1,0,1,0.95,1.0,1.0,0.0,0.0,0.14285714285714285,5,0,1
255,44,18,26,3,16,4,21,12,6,2,4,0,0,0,0,0,10,1,1,0,0,0,0,1.0,1.0,1.0,0.0,0.0,0.1,5,0,0
256,44,18,26,2,17,3,22,13,6,2,4,0,0,0,0,0,0,0,0,0,0,0,0,1.0,1.0,1.0,0.0,0.0,0.0,5,0,0
257,44,18,26,2,17,3,22,13,6,2,2,0,0,0,0,0,0,0,0,0,0,0,0,1.0,1.0,1.0,0.0,0.0,0.0,5,0,0
258,44,18,26,2,17,3,22,13,7,2,1,0,0,0,0,0,11,1,0,0,0,0,0,1.0,1.0,1.0,0.0,0.0,0.09090909090909091,5,0,0
259,44,18,26,2,17,3,22,13,9,2,1,0,0,0,0,0,15,2,0,0,0,0,0,1.0,1.0,1.0,0.0,0.0,0.13333333333333333,5,0,0
260,44,18,26,2,17,3,22,13,9,2,1,0,0,0,0,0,0,0,0,0,0,0,0,1.0,1.0,1.0,0.0,0.0,0.0,5,0,0
261,44,18,26,2,17,3,22,13,9,2,1,0,0,0,0,0,0,0,0,0,0,0,0,1.0,1.0,1.0,0.0,0.0,0.0,5,0,0
262,43,17,26,2,17,3,21,13,9,2,1,0,0,0,0,0,0,0,0,0,0,0,0,1.0,0.8888888888888888,1.0,0.0,0.0,0.0,5,0,1
263,43,17,26,2,17,3,21,13,9,2,1,0,0,0,0,0,0,0,0,0,0,0,0,1.0,1.0,1.0,0.0,0.0,0.0,5,0,0
264,42,16,26,2,17,3,20,13,10,2,1,0,0,0,0,0,3,1,0,0,0,0,0,1.0,0.875,1.0,0.0,0.0,0.3333333333333333,5,0,1
265,42,16,26,2,17,3,20,13,10,2,1,0,0,0,0,0,0,0,0,0,0,0,0,1.0,1.0,1.0,0.0,0.0,0.0,5,0,0
266,42,16,26,0,19,3,20,13,10,2,1,0,0,0,0,0,0,0,0,0,0,0,0,1.0,1.0,1.0,0.0,0.0,0.0,5,0,0
267,42,16,26,0,19,3,20,13,10,2,1,0,0,0,0,0,0,0,0,0,0,0,0,1.0,1.0,1.0,0.0,0.0,0.0,5,0,0
268,41,16,25,0,18,3,20,13,10,2,0,0,0,0,0,0,0,0,0,0,1,0,1,0.9473684210526316,1.0,1.0,0.0,0.0,0.0,5,0,1
269,41,16,25,0,18,3,20,13,11,2,0,0,0,0,0,0,3,1,0,0,0,0,0,1.0,1.0,1.0,0.0,0.0,0.3333333333333333,5,0,0
270,41,16,25,0,18,3,20,13,11,2,0,0,0,0,0,0,0,0,0,0,0,0,0,1.0,1.0,1.0,0.0,0.0,0.0,5,0,0
271,41,16,25,0,18,3,20,13,11,2,0,0,0,0,0,0,0,0,0,0,0,0,0,1.0,1.0,1.0,0.0,0.0,0.0,5,0,0
272,41,16,25,0,18,3,20,13,11,2,0,0,0,0,0,0,0,0,0,0,0,0,0,1.0,1.0,1.0,0.0,0.0,0.0,5,0,0
273,41,16,25,0,18,3,20,13,11,2,0,0,0,0,0,0,0,0,0,0,0,0,0,1.0,1.0,1.0,0.0,0.0,0.0,5,0,0
274,41,16,25,0,18,3,20,13,11,2,0,0,0,0,0,0,0,0,0,0,0,0,0,1.0,1.0,1.0,0.0,0.0,0.0,5,0,0
275,41,16,25,0,18,2,21,14,11,2,0,0,0,0,0,0,0,0,0,0,0,1,0,1.0,1.0,1.0,0.0,0.0,0.0,5,0,0
276,41,16,25,0,18,2,21,14,11,2,0,0,0,0,0,0,0,0,0,0,0,1,0,1.0,1.0,1.0,0.0,0.0,0.0,5,0,0
277,41,16,25,0,18,2,21,14,11,2,0,0,0,0,0,0,7,0,0,0,0,0,0,1.0,1.0,1.0,0.0,0.0,0.0,5,0,0
278,41,16,25,0,18,2,21,14,12,2,0,0,0,0,0,0,4,1,0,0,0,0,0,1.0,1.0,1.0,0.0,0.0,0.25,5,0,0
279,41,16,25,0,17,3,21,14,12,1,0,0,0,0,0,0,0,0,0,0,0,0,0,1.0,1.0,1.0,0.0,0.0,0.0,5,0,0
280,41,16,25,0,16,4,21,14,13,1,0,0,0,0,0,0,5,1,0,0,0,0,0,1.0,1.0,1.0,0.0,0.0,0.2,5,0,0
281,40,15,25,0,15,4,21,14,13,1,0,0,0,0,0,0,0,0,0,0,1,0,1,0.9375,1.0,1.0,0.0,0.0,0.0,5,0,1
282,40,15,25,0,15,4,21,14,13,1,0,0,0,0,0,0,0,0,0,0,0,0,0,1.0,1.0,1.0,0.0,0.0,0.0,5,0,0
283,40,15,25,0,15,4,21,14,13,1,0,0,0,0,0,0,0,0,0,0,0,0,0,1.0,1.0,1.0,0.0,0.0,0.0,5,0,0
284,40,15,25,0,15,4,21,14,13,1,0,0,0,0,0,0,0,0,0,0,0,0,0,1.0,1.0,1.0,0.0,0.0,0.0,5,0,0
285,44,17,27,4,15,4,21,14,12,1,1,0,0,0,0,0,0,0,0,1,0,0,0,1.0,1.0,1.0,0.1,0.1,0.0,5,4,0
286,44,17,27,4,15,4,21,14,12,1,1,0,0,0,0,0,0,0,0,0,0,0,0,1.0,1.0,1.0,0.0,0.0,0.0,5,0,0
287,44,17,27,4,15,4,21,14,12,1,1,0,0,0,0,0,0,0,0,0,0,0,0,1.0,1.0,1.0,0.0,0.0,0.0,5,0,0
288,44,17,27,4,15,4,21,14,12,1,1,0,0,0,0,0,0,0,0,0,0,0,0,1.0,1.0,1.0,0.0,0.0,0.0,5,0,0
289,44,17,27,4,15,3,22,14,12,1,1,0,0,0,0,0,0,0,0,0,0,0,0,1.0,1.0,1.0,0.0,0.0,0.0,5,0,0
290,44,17,27,4,15,3,22,14,12,1,1,0,0,0,0,0,0,0,0,0,0,0,0,1.0,1.0,1.0,0.0,0.0,0.0,5,0,0
291,44,17,27,4,15,3,22,14,12,1,1,0,0,0,0,0,0,0,0,0,0,0,0,1.0,1.0,1.0,0.0,0.0,0.0,5,0,0
292,44,17,27,4,15,3,22,14,12,1,1,0,0,0,0,0,0,0,0,0,0,0,0,1.0,1.0,1.0,0.0,0.0,0.0,5,0,0
293,44,17,27,4,15,2,23,15,13,1,1,0,0,0,0,0,8,1,0,0,0,0,0,1.0,1.0,1.0,0.0,0.0,0.125,5,0,0
294,44,17,27,4,15,2,23,15,13,1,1,0,0,0,0,0,0,0,0,0,0,0,0,1.0,1.0,1.0,0.0,0.0,0.0,5,0,0
295,44,17,27,4,15,2,23,15,13,1,1,0,0,0,0,0,0,0,0,0,0,0,0,1.0,1.0,1.0,0.0,0.0,0.0,5,0,0
296,44,17,27,4,15,2,23,15,13,1,1,0,0,0,0,0,0,0,0,0,0,0,0,1.0,1.0,1.0,0.0,0.0,0.0,5,0,0
297,44,17,27,4,15,2,23,15,13,1,1,0,0,0,0,0,0,0,0,0,0,0,0,1.0,1.0,1.0,0.0,0.0,0.0,5,0,0
298,47,18,29,7,15,2,23,15,12,1,2,0,0,0,0,0,0,0,0,1,0,0,0,1.0,1.0,1.0,0.06818181818181818,0.06818181818181818,0.0,5,3,0
299,47,18,29,7,15,2,23,15,12,1,2,0,0,0,0,0,0,0,0,0,0,0,0,1.0,1.0,1.0,0.0,0.0,0.0,5,0,0
300,47,18,29,7,15,2,23,15,12,0,2,0,0,0,0,0,0,0,0,0,0,0,0,1.0,1.0,1.0,0.0,0.0,0.0,5,0,0
301,47,18,29,7,15,2,23,15,12,0,2,0,0,0,0,0,0,0,0,0,0,0,0,1.0,1.0,1.0,0.0,0.0,0.0,5,0,0
302,47,18,29,7,15,2,23,15,12,0,2,0,0,0,0,0,0,0,0,0,0,0,0,1.0,1.0,1.0,0.0,0.0,0.0,5,0,0
303,47,18,29,7,15,2,23,15,12,0,2,0,0,0,0,0,0,0,0,0,0,0,0,1.0,1.0,1.0,0.0,0.0,0.0,5,0,0
304,43,14,29,5,13,2,23,15,12,0,2,0,0,0,0,0,0,0,0,0,4,0,4,0.8181818181818181,1.0,1.0,0.0,0.0,0.0,5,0,4
305,42,14,28,5,12,2,23,15,12,0,2,0,0,0,0,0,0,0,0,0,1,0,1,0.9444444444444444,1.0,1.0,0.0,0.0,0.0,5,0,1
306,42,14,28,5,12,2,23,15,12,0,2,0,0,0,0,0,0,0,0,0,0,0,0,1.0,1.0,1.0,0.0,0.0,0.0,5,0,0
307,42,14,28,5,12,2,23,15,12,0,2,0,0,0,0,0,0,0,0,0,0,0,0,1.0,1.0,1.0,0.0,0.0,0.0,5,0,0
308,42,14,28,5,12,2,23,15,12,0,2,0,0,0,0,0,0,0,0,0,0,0,0,1.0,1.0,1.0,0.0,0.0,0.0,5,0,0
309,42,14,28,5,12,2,23,15,12,0,2,0,0,0,0,0,0,0,0,0,0,0,0,1.0,1.0,1.0,0.0,0.0,0.0,5,0,0
310,42,14,28,5,12,2,23,15,12,0,2,0,0,0,0,0,0,0,0,0,0,0,0,1.0,1.0,1.0,0.0,0.0,0.0,5,0,0
311,44,14,30,8,11,2,23,15,11,0,3,0,0,0,0,0,0,0,0,1,1,0,1,0.9411764705882353,1.0,1.0,0.07142857142857142,0.07142857142857142,0.0,5,3,1
312,43,14,29,8,10,2,23,15,11,0,3,0,0,0,0,0,0,0,0,0,1,0,1,0.9473684210526316,1.0,1.0,0.0,0.0,0.0,5,0,1
313,43,14,29,8,10,2,23,15,11,0,3,0,0,0,0,0,0,0,0,0,0,0,0,1.0,1.0,1.0,0.0,0.0,0.0,5,0,0
314,43,14,29,8,10,2,23,15,11,0,3,0,0,0,0,0,0,0,0,0,0,0,0,1.0,1.0,1.0,0.0,0.0,0.0,5,0,0
315,43,14,29,8,10,2,23,15,11,0,3,0,0,0,0,0,0,0,0,0,0,0,0,1.0,1.0,1.0,0.0,0.0,0.0,5,0,0
316,43,14,29,8,10,2,23,15,11,0,3,0,0,0,0,0,0,0,0,0,0,0,0,1.0,1.0,1.0,0.0,0.0,0.0,5,0,0
317,47,17,30,12,10,2,23,15,10,0,4,0,0,0,0,0,0,0,0,1,0,0,0,1.0,1.0,1.0,0.09302325581395349,0.09302325581395349,0.0,5,4,0
318,47,17,30,12,10,2,23,15,10,0,4,0,0,0,0,0,0,0,0,0,0,0,0,1.0,1.0,1.0,0.0,0.0,0.0,5,0,0
319,51,21,30,16,10,2,23,15,9,0,5,0,0,0,0,0,0,0,0,1,0,0,0,1.0,1.0,1.0,0.0851063829787234,0.0851063829787234,0.0,5,4,0
320,54,22,32,19,10,2,23,15,8,0,6,0,0,0,0,0,0,0,0,1,0,0,0,1.0,1.0,1.0,0.058823529411764705,0.058823529411764705,0.0,5,3,0
321,54,22,32,19,10,2,23,15,8,0,6,0,0,0,0,0,0,0,0,0,0,0,0,1.0,1.0,1.0,0.0,0.0,0.0,5,0,0
322,54,22,32,19,10,2,23,15,8,0,6,0,0,0,0,0,0,0,0,0,0,0,0,1.0,1.0,1.0,0.0,0.0,0.0,5,0,0
323,58,24,34,23,10,2,23,15,7,0,7,0,0,0,0,0,0,0,0,1,0,0,0,1.0,1.0,1.0,0.07407407407407407,0.07407407407407407,0.0,5,4,0
324,65,28,37,30,10,2,23,15,5,0,9,0,0,0,0,0,0,0,0,2,1,0,1,0.9696969696969697,1.0,1.0,0.13793103448275862,0.13793103448275862,0.0,5,8,1
325,65,28,37,30,10,2,23,15,5,0,9,0,0,0,0,0,0,0,0,0,0,0,0,1.0,1.0,1.0,0.0,0.0,0.0,5,0,0
326,63,27,36,29,9,2,23,15,5,0,9,0,0,0,0,0,0,0,0,0,2,0,2,0.95,1.0,1.0,0.0,0.0,0.0,5,0,2
327,63,27,36,29,9,2,23,15,5,0,9,0,0,0,0,0,0,0,0,0,0,0,0,1.0,1.0,1.0,0.0,0.0,0.0,5,0,0
328,61,26,35,25,11,2,23,15,5,0,9,0,0,0,0,0,0,0,0,0,2,0,2,0.9473684210526316,1.0,1.0,0.0,0.0,0.0,5,0,2
329,62,26,36,28,9,2,23,15,4,0,10,0,0,0,0,0,0,0,0,1,3,0,3,0.9166666666666666,1.0,1.0,0.06557377049180328,0.06557377049180328,0.0,5,4,3
330,60,26,34,27,8,2,23,15,4,0,9,0,0,0,0,0,0,0,0,0,2,0,2,0.9459459459459459,1.0,1.0,0.0,0.0,0.0,5,0,2
331,57,25,32,25,7,2,23,15,4,0,9,0,0,0,0,0,0,0,0,0,3,0,3,0.9142857142857143,1.0,1.0,0.0,0.0,0.0,5,0,3
332,57,25,32,25,7,2,23,15,4,0,9,0,0,0,0,0,0,0,0,0,0,0,0,1.0,1.0,1.0,0.0,0.0,0.0,5,0,0
333,54,24,30,23,6,2,23,15,4,0,9,0,0,0,0,0,0,0,0,0,3,0,3,0.90625,1.0,1.0,0.0,0.0,0.0,5,0,3
334,57,25,32,27,6,2,22,15,3,0,10,0,0,0,0,0,0,0,0,1,0,0,0,1.0,0.875,1.0,0.07407407407407407,0.07407407407407407,0.0,5,4,1
335,57,25,32,27,6,2,22,15,3,0,10,0,0,0,0,0,0,0,0,0,0,0,0,1.0,1.0,1.0,0.0,0.0,0.0,5,0,0
336,57,25,32,27,6,2,22,15,3,0,10,0,0,0,0,0,0,0,0,0,0,0,0,1.0,1.0,1.0,0.0,0.0,0.0,5,0,0
337,56,24,32,26,6,2,22,15,3,0,10,0,0,0,0,0,0,0,0,0,1,0,1,0.9696969696969697,1.0,1.0,0.0,0.0,0.0,5,0,1
338,55,24,31,25,6,2,22,15,3,0,10,0,0,0,0,0,0,0,0,0,1,0,1,0.96875,1.0,1.0,0.0,0.0,0.0,5,0,1
339,54,24,30,24,6,2,22,15,3,0,10,0,0,0,0,0,0,0,0,0,1,0,1,0.967741935483871,1.0,1.0,0.0,0.0,0.0,5,0,1
340,52,23,29,22,6,2,22,15,3,0,10,0,0,0,0,0,0,0,0,0,2,0,2,0.9333333333333333,1.0,1.0,0.0,0.0,0.0,5,0,2
341,52,23,29,20,8,2,22,15,3,0,10,0,0,0,0,0,0,0,0,0,0,0,0,1.0,1.0,1.0,0.0,0.0,0.0,5,0,0
342,52,23,29,20,8,2,22,15,3,0,10,0,0,0,0,0,0,0,0,0,0,0,0,1.0,1.0,1.0,0.0,0.0,0.0,5,0,0
343,55,24,31,23,8,2,22,15,2,0,10,0,0,0,0,0,0,0,0,1,1,0,1,0.9642857142857143,1.0,1.0,0.07692307692307693,0.07692307692307693,0.0,5,4,1
344,55,24,31,23,8,2,22,15,2,0,10,0,0,0,0,0,0,0,0,0,0,0,0,1.0,1.0,1.0,0.0,0.0,0.0,5,0,0
345,58,24,34,26,8,2,22,15,1,0,11,0,0,0,0,0,0,0,0,1,1,0,1,0.967741935483871,1.0,1.0,0.07272727272727272,0.07272727272727272,0.0,5,4,1
346,57,24,33,25,8,2,22,15,1,0,11,0,0,0,0,0,0,0,0,0,1,0,1,0.9705882352941176,1.0,1.0,0.0,0.0,0.0,5,0,1
347,57,24,33,25,8,2,22,15,1,0,11,0,0,0,0,0,0,0,0,0,0,0,0,1.0,1.0,1.0,0.0,0.0,0.0,5,0,0
348,57,24,33,25,8,2,22,15,1,0,11,0,0,0,0,0,0,0,0,0,0,0,0,1.0,1.0,1.0,0.0,0.0,0.0,5,0,0
349,56,24,32,25,8,2,21,14,1,0,10,0,0,0,0,0,0,0,0,0,0,0,0,1.0,1.0,0.9333333333333333,0.0,0.0,0.0,5,0,1
350,55,24,31,25,7,2,21,14,1,0,10,0,0,0,0,0,0,0,0,0,1,0,1,0.9696969696969697,1.0,1.0,0.0,0.0,0.0,5,0,1
351,54,23,31,24,7,2,21,14,1,0,10,0,0,0,0,0,0,0,0,0,1,0,1,0.96875,1.0,1.0,0.0,0.0,0.0,5,0,1
352,54,23,31,24,7,2,21,14,1,0,10,0,0,0,0,0,0,0,0,0,0,0,0,1.0,1.0,1.0,0.0,0.0,0.0,5,0,0
353,54,23,31,24,7,2,21,14,1,0,10,0,0,0,0,0,0,0,0,0,0,0,0,1.0,1.0,1.0,0.0,0.0,0.0,5,0,0
354,54,23,31,24,7,2,21,14,1,0,10,0,0,0,0,0,0,0,0,0,0,0,0,1.0,1.0,1.0,0.0,0.0,0.0,5,0,0
355,53,23,30,23,7,2,21,14,1,0,10,0,0,0,0,0,0,0,0,0,1,0,1,0.967741935483871,1.0,1.0,0.0,0.0,0.0,5,0,1
356,52,23,29,22,7,2,21,14,1,0,9,0,0,0,0,0,0,0,0,0,1,0,1,0.9666666666666667,1.0,1.0,0.0,0.0,0.0,5,0,1
357,51,22,29,21,7,2,21,14,1,0,9,0,0,0,0,0,0,0,0,0,1,0,1,0.9655172413793104,1.0,1.0,0.0,0.0,0.0,5,0,1
358,54,23,31,24,7,2,21,14,0,0,10,0,0,0,0,0,0,0,0,1,1,0,1,0.9642857142857143,1.0,1.0,0.0784313725490196,0.0784313725490196,0.0,5,4,1
359,54,23,31,24,7,2,21,14,0,0,10,0,0,0,0,0,0,0,0,0,0,0,0,1.0,1.0,1.0,0.0,0.0,0.0,5,0,0
360,54,23,31,20,11,2,21,14,0,0,10,0,0,0,0,0,0,0,0,0,0,0,0,1.0,1.0,1.0,0.0,0.0,0.0,5,0,0
361,54,23,31,20,11,2,21,14,0,0,10,0,0,0,0,0,0,0,0,0,0,0,0,1.0,1.0,1.0,0.0,0.0,0.0,5,0,0
362,54,23,31,18,13,2,21,14,0,0,9,0,0,0,0,0,0,0,0,0,0,0,0,1.0,1.0,1.0,0.0,0.0,0.0,5,0,0
363,54,23,31,17,14,2,21,14,0,0,9,0,0,0,0,0,0,0,0,0,0,0,0,1.0,1.0,1.0,0.0,0.0,0.0,5,0,0
364,54,23,31,17,14,2,21,14,0,0,8,0,0,0,0,0,0,0,0,0,0,0,0,1.0,1.0,1.0,0.0,0.0,0.0,5,0,0
365,54,23,31,17,14,2,21,14,0,0,7,0,0,0,0,0,0,0,0,0,0,0,0,1.0,1.0,1.0,0.0,0.0,0.0,5,0,0
366,54,23,31,15,16,2,21,14,0,0,7,0,0,0,0,0,0,0,0,0,0,1,0,1.0,1.0,1.0,0.0,0.0,0.0,5,0,0
367,54,23,31,12,19,2,21,14,0,0,7,0,0,0,0,0,0,0,0,0,0,1,0,1.0,1.0,1.0,0.0,0.0,0.0,5,0,0
368,53,22,31,12,19,2,20,14,0,0,6,0,0,0,0,0,0,0,0,0,0,0,0,1.0,0.8571428571428572,1.0,0.0,0.0,0.0,5,0,1
369,53,22,31,12,19,2,20,14,0,0,5,0,0,0,0,0,0,0,0,0,0,0,0,1.0,1.0,1.0,0.0,0.0,0.0,5,0,0
370,53,22,31,12,18,3,20,14,0,0,5,0,0,0,0,0,0,0,0,0,0,0,0,1.0,1.0,1.0,0.0,0.0,0.0,5,0,0
371,53,22,31,12,17,4,20,14,0,0,5,0,0,0,0,0,0,0,0,0,0,0,0,1.0,1.0,1.0,0.0,0.0,0.0,5,0,0
372,53,22,31,12,17,3,21,15,0,0,5,0,0,0,0,0,0,0,0,0,0,0,0,1.0,1.0,1.0,0.0,0.0,0.0,5,0,0
373,52,21,31,12,16,3,21,15,0,0,5,0,0,0,0,0,0,0,0,0,1,0,1,0.9655172413793104,1.0,1.0,0.0,0.0,0.0,5,0,1
374,52,21,31,12,16,3,21,15,0,0,4,0,0,0,0,0,0,0,0,0,0,0,0,1.0,1.0,1.0,0.0,0.0,0.0,5,0,0
375,51,20,31,11,16,3,21,15,0,0,4,0,0,0,0,0,0,0,0,0,1,0,1,0.9642857142857143,1.0,1.0,0.0,0.0,0.0,5,0,1
376,51,20,31,11,16,3,21,15,0,0,4,0,0,0,0,0,0,0,0,0,0,0,0,1.0,1.0,1.0,0.0,0.0,0.0,5,0,0
377,51,20,31,8,19,3,21,15,0,0,4,0,0,0,0,0,0,0,0,0,0,0,0,1.0,1.0,1.0,0.0,0.0,0.0,5,0,0
378,50,19,31,8,18,3,21,15,0,0,4,0,0,0,0,0,0,0,0,0,1,0,1,0.962962962962963,1.0,1.0,0.0,0.0,0.0,5,0,1
379,50,19,31,8,18,3,21,15,0,0,3,0,0,0,0,0,0,0,0,0,0,0,0,1.0,1.0,1.0,0.0,0.0,0.0,5,0,0
380,49,19,30,8,17,3,21,15,0,0,3,0,0,0,0,0,0,0,0,0,1,0,1,0.9615384615384616,1.0,1.0,0.0,0.0,0.0,5,0,1
381,48,19,29,8,17,3,20,14,0,0,3,0,0,0,0,0,0,0,0,0,0,0,0,1.0,1.0,0.9333333333333333,0.0,0.0,0.0,5,0,1
382,48,19,29,8,17,3,20,14,0,0,3,0,0,0,0,0,0,0,0,0,0,0,0,1.0,1.0,1.0,0.0,0.0,0.0,5,0,0
383,48,19,29,8,17,3,20,14,0,0,3,0,0,0,0,0,0,0,0,0,0,0,0,1.0,1.0,1.0,0.0,0.0,0.0,5,0,0
384,48,19,29,8,17,3,20,14,0,0,3,0,0,0,0,0,0,0,0,0,0,0,0,1.0,1.0,1.0,0.0,0.0,0.0,5,0,0
385,47,19,28,7,17,3,20,14,0,0,3,0,0,0,0,0,0,0,0,0,1,0,1,0.96,1.0,1.0,0.0,0.0,0.0,5,0,1
386,47,19,28,6,18,3,20,14,0,0,3,0,0,0,0,0,0,0,0,0,0,2,0,1.0,1.0,1.0,0.0,0.0,0.0,5,0,0
387,47,19,28,6,18,3,20,14,0,0,3,0,0,0,0,0,0,0,0,0,0,0,0,1.0,1.0,1.0,0.0,0.0,0.0,5,0,0
388,47,19,28,3,21,3,20,14,0,0,2,0,0,0,0,0,0,0,0,0,0,0,0,1.0,1.0,1.0,0.0,0.0,0.0,5,0,0
389,47,19,28,3,21,3,20,14,0,0,2,0,0,0,0,0,0,0,0,0,0,0,0,1.0,1.0,1.0,0.0,0.0,0.0,5,0,0
390,47,19,28,3,19,5,20,14,0,0,1,0,0,0,0,0,0,0,0,0,0,0,0,1.0,1.0,1.0,0.0,0.0,0.0,5,0,0
391,47,19,28,3,19,5,20,14,0,0,1,0,0,0,0,0,0,0,0,0,0,0,0,1.0,1.0,1.0,0.0,0.0,0.0,5,0,0
392,47,19,28,3,19,5,20,14,0,0,1,0,0,0,0,0,0,0,0,0,0,0,0,1.0,1.0,1.0,0.0,0.0,0.0,5,0,0
393,46,19,27,3,18,5,20,14,0,0,1,0,0,0,0,0,0,0,0,0,1,0,1,0.9545454545454546,1.0,1.0,0.0,0.0,0.0,5,0,1
394,46,19,27,3,18,5,20,14,0,0,1,0,0,0,0,0,0,0,0,0,0,0,0,1.0,1.0,1.0,0.0,0.0,0.0,5,0,0
395,46,19,27,3,18,5,20,14,3,3,1,0,0,0,0,0,24,3,3,0,0,0,0,1.0,1.0,1.0,0.0,0.0,0.125,5,0,0
396,46,19,27,3,18,5,20,14,7,3,1,0,0,0,0,0,17,4,0,0,0,0,0,1.0,1.0,1.0,0.0,0.0,0.23529411764705882,5,0,0
397,46,19,27,3,18,5,20,14,7,3,1,0,0,0,0,0,9,0,0,0,0,0,0,1.0,1.0,1.0,0.0,0.0,0.0,5,0,0
398,46,19,27,3,18,5,20,14,8,3,1,0,0,0,0,0,9,1,0,0,0,0,0,1.0,1.0,1.0,0.0,0.0,0.1111111111111111,5,0,0
399,46,19,27,3,18,5,20,14,8,3,1,0,0,0,0,0,2,0,0,0,0,0,0,1.0,1.0,1.0,0.0,0.0,0.0,5,0,0
400,46,19,27,3,18,5,20,14,8,3,1,0,0,0,0,0,0,0,0,0,0,0,0,1.0,1.0,1.0,0.0,0.0,0.0,5,0,0
401,46,19,27,0,21,5,20,14,8,3,1,0,0,0,0,0,0,0,0,0,0,0,0,1.0,1.0,1.0,0.0,0.0,0.0,5,0,0
402,46,19,27,0,21,5,20,14,8,3,1,0,0,0,0,0,0,0,0,0,0,0,0,1.0,1.0,1.0,0.0,0.0,0.0,5,0,0
403,46,19,27,0,21,5,20,14,8,3,0,0,0,0,0,0,0,0,0,0,0,1,0,1.0,1.0,1.0,0.0,0.0,0.0,5,0,0
404,46,19,27,0,21,5,20,14,9,3,0,0,0,0,0,0,4,1,0,0,0,0,0,1.0,1.0,1.0,0.0,0.0,0.25,5,0,0
405,46,19,27,0,21,5,20,14,9,3,0,0,0,0,0,0,0,0,0,0,0,0,0,1.0,1.0,1.0,0.0,0.0,0.0,5,0,0
406,46,19,27,0,21,5,20,14,9,3,0,0,0,0,0,0,0,0,0,0,0,0,0,1.0,1.0,1.0,0.0,0.0,0.0,5,0,0
407,46,19,27,0,20,6,20,14,9,3,0,0,0,0,0,0,0,0,0,0,0,0,0,1.0,1.0,1.0,0.0,0.0,0.0,5,0,0
408,46,19,27,0,20,6,20,14,10,3,0,0,0,0,0,0,8,1,0,0,0,0,0,1.0,1.0,1.0,0.0,0.0,0.125,5,0,0
409,46,19,27,0,20,6,20,14,11,3,0,0,0,0,0,0,7,1,0,0,0,0,0,1.0,1.0,1.0,0.0,0.0,0.14285714285714285,5,0,0
410,46,19,27,0,20,6,20,14,11,3,0,0,0,0,0,0,0,0,0,0,0,0,0,1.0,1.0,1.0,0.0,0.0,0.0,5,0,0
411,45,18,27,0,19,6,20,14,11,3,0,0,0,0,0,0,0,0,0,0,1,0,1,0.95,1.0,1.0,0.0,0.0,0.0,5,0,1
412,45,18,27,0,19,6,20,14,11,3,0,0,0,0,0,0,0,0,0,0,0,0,0,1.0,1.0,1.0,0.0,0.0,0.0,5,0,0
413,45,18,27,0,19,6,20,14,11,3,0,0,0,0,0,0,0,0,0,0,0,0,0,1.0,1.0,1.0,0.0,0.0,0.0,5,0,0
414,45,18,27,0,19,5,21,14,11,3,0,0,0,0,0,0,0,0,0,0,0,0,0,1.0,1.0,1.0,0.0,0.0,0.0,5,0,0
415,45,18,27,0,19,5,21,14,11,3,0,0,0,0,0,0,0,0,0,0,0,0,0,1.0,1.0,1.0,0.0,0.0,0.0,5,0,0
416,45,18,27,0,19,5,21,14,11,3,0,0,0,0,0,0,0,0,0,0,0,0,0,1.0,1.0,1.0,0.0,0.0,0.0,5,0,0
417,45,18,27,0,19,5,21,14,11,3,0,0,0,0,0,0,0,0,0,0,0,0,0,1.0,1.0,1.0,0.0,0.0,0.0,5,0,0
418,44,18,26,0,18,5,21,14,11,3,0,0,0,0,0,0,0,0,0,0,1,0,1,0.9473684210526316,1.0,1.0,0.0,0.0,0.0,5,0,1
419,44,18,26,0,18,5,21,14,11,3,0,0,0,0,0,0,0,0,0,0,0,0,0,1.0,1.0,1.0,0.0,0.0,0.0,5,0,0
420,44,18,26,0,18,5,21,14,11,3,0,0,0,0,0,0,0,0,0,0,0,0,0,1.0,1.0,1.0,0.0,0.0,0.0,5,0,0
421,44,18,26,0,18,5,21,14,11,3,0,0,0,0,0,0,0,0,0,0,0,0,0,1.0,1.0,1.0,0.0,0.0,0.0,5,0,0
422,44,18,26,0,18,5,21,14,11,3,0,0,0,0,0,0,0,0,0,0,0,0,0,1.0,1.0,1.0,0.0,0.0,0.0,5,0,0
423,44,18,26,0,18,5,21,14,11,3,0,0,0,0,0,0,0,0,0,0,0,0,0,1.0,1.0,1.0,0.0,0.0,0.0,5,0,0
424,44,18,26,0,18,5,21,14,11,3,0,0,0,0,0,0,0,0,0,0,0,0,0,1.0,1.0,1.0,0.0,0.0,0.0,5,0,0
425,44,18,26,0,18,5,21,14,11,3,0,0,0,0,0,0,0,0,0,0,0,0,0,1.0,1.0,1.0,0.0,0.0,0.0,5,0,0
426,44,18,26,0,18,5,21,14,11,3,0,0,0,0,0,0,0,0,0,0,0,0,0,1.0,1.0,1.0,0.0,0.0,0.0,5,0,0
427,44,18,26,0,18,5,21,14,11,3,0,0,0,0,0,0,0,0,0,0,0,0,0,1.0,1.0,1.0,0.0,0.0,0.0,5,0,0
428,43,17,26,0,18,4,21,14,11,3,0,0,0,0,0,0,0,0,0,0,0,0,0,1.0,1.0,1.0,0.0,0.0,0.0,5,0,1
429,43,17,26,0,18,4,21,14,11,3,0,0,0,0,0,0,0,0,0,0,0,0,0,1.0,1.0,1.0,0.0,0.0,0.0,5,0,0
430,43,17,26,0,18,4,21,14,11,3,0,0,0,0,0,0,0,0,0,0,0,0,0,1.0,1.0,1.0,0.0,0.0,0.0,5,0,0
431,43,17,26,0,18,4,21,14,11,3,0,0,0,0,0,0,0,0,0,0,0,0,0,1.0,1.0,1.0,0.0,0.0,0.0,5,0,0
432,43,17,26,0,18,4,21,14,11,3,0,0,0,0,0,0,0,0,0,0,0,0,0,1.0,1.0,1.0,0.0,0.0,0.0,5,0,0
433,43,17,26,0,18,4,21,14,11,3,0,0,0,0,0,0,0,0,0,0,0,0,0,1.0,1.0,1.0,0.0,0.0,0.0,5,0,0
434,43,17,26,0,18,4,21,14,11,3,0,0,0,0,0,0,0,0,0,0,0,0,0,1.0,1.0,1.0,0.0,0.0,0.0,5,0,0
435,43,17,26,0,18,4,21,14,11,3,0,0,0,0,0,0,0,0,0,0,0,0,0,1.0,1.0,1.0,0.0,0.0,0.0,5,0,0
436,42,17,25,0,17,4,21,14,11,3,0,0,0,0,0,0,0,0,0,0,1,0,1,0.9444444444444444,1.0,1.0,0.0,0.0,0.0,5,0,1
437,42,17,25,0,17,4,21,14,11,3,0,0,0,0,0,0,0,0,0,0,0,0,0,1.0,1.0,1.0,0.0,0.0,0.0,5,0,0
438,42,17,25,0,17,4,21,14,11,3,0,0,0,0,0,0,0,0,0,0,0,0,0,1.0,1.0,1.0,0.0,0.0,0.0,5,0,0
439,42,17,25,0,17,4,21,14,11,3,0,0,0,0,0,0,0,0,0,0,0,0,0,1.0,1.0,1.0,0.0,0.0,0.0,5,0,0
440,42,17,25,0,17,4,21,14,11,0,0,0,0,0,0,0,0,0,0,0,0,0,0,1.0,1.0,1.0,0.0,0.0,0.0,5,0,0
441,42,17,25,0,17,4,21,14,12,1,0,0,0,0,0,0,8,1,1,0,0,0,0,1.0,1.0,1.0,0.0,0.0,0.125,5,0,0
442,42,17,25,0,17,4,21,14,12,1,0,0,0,0,0,0,8,0,0,0,0,0,0,1.0,1.0,1.0,0.0,0.0,0.0,5,0,0
443,42,17,25,0,17,4,21,14,13,1,0,0,0,0,0,0,5,1,0,0,0,0,0,1.0,1.0,1.0,0.0,0.0,0.2,5,0,0
444,42,17,25,0,17,4,21,14,13,1,0,0,0,0,0,0,0,0,0,0,0,0,0,1.0,1.0,1.0,0.0,0.0,0.0,5,0,0
445,42,17,25,0,17,4,21,14,13,1,0,0,0,0,0,0,0,0,0,0,0,0,0,1.0,1.0,1.0,0.0,0.0,0.0,5,0,0
446,41,16,25,0,16,4,21,14,13,1,0,0,0,0,0,0,0,0,0,0,1,0,1,0.9411764705882353,1.0,1.0,0.0,0.0,0.0,5,0,1
447,41,16,25,0,16,4,21,14,13,1,0,0,0,0,0,0,0,0,0,0,0,0,0,1.0,1.0,1.0,0.0,0.0,0.0,5,0,0
448,41,16,25,0,16,4,21,14,13,1,0,0,0,0,0,0,0,0,0,0,0,0,0,1.0,1.0,1.0,0.0,0.0,0.0,5,0,0
449,41,16,25,0,16,4,21,14,13,1,0,0,0,0,0,0,0,0,0,0,0,0,0,1.0,1.0,1.0,0.0,0.0,0.0,5,0,0
450,41,16,25,0,16,4,21,14,13,1,0,0,0,0,0,0,0,0,0,0,0,0,0,1.0,1.0,1.0,0.0,0.0,0.0,5,0,0
451,41,16,25,0,16,4,21,14,13,1,0,0,0,0,0,0,0,0,0,0,0,0,0,1.0,1.0,1.0,0.0,0.0,0.0,5,0,0
452,41,16,25,0,16,4,21,14,13,1,0,0,0,0,0,0,0,0,0,0,0,0,0,1.0,1.0,1.0,0.0,0.0,0.0,5,0,0
453,41,16,25,0,16,4,21,14,13,1,0,0,0,0,0,0,0,0,0,0,0,0,0,1.0,1.0,1.0,0.0,0.0,0.0,5,0,0
454,41,16,25,0,16,4,21,14,13,1,0,0,0,0,0,0,0,0,0,0,0,0,0,1.0,1.0,1.0,0.0,0.0,0.0,5,0,0
455,41,16,25,0,16,4,21,14,13,1,0,0,0,0,0,0,0,0,0,0,0,0,0,1.0,1.0,1.0,0.0,0.0,0.0,5,0,0
456,40,16,24,0,15,4,21,14,13,1,0,0,0,0,0,0,0,0,0,0,1,0,1,0.9375,1.0,1.0,0.0,0.0,0.0,5,0,1
457,40,16,24,0,15,4,21,14,13,1,0,0,0,0,0,0,0,0,0,0,0,0,0,1.0,1.0,1.0,0.0,0.0,0.0,5,0,0
458,40,16,24,0,15,4,21,14,13,1,0,0,0,0,0,0,0,0,0,0,0,0,0,1.0,1.0,1.0,0.0,0.0,0.0,5,0,0
459,40,16,24,0,15,4,21,14,13,1,0,0,0,0,0,0,0,0,0,0,0,0,0,1.0,1.0,1.0,0.0,0.0,0.0,5,0,0
460,51,20,31,11,15,4,21,14,10,1,3,0,0,0,0,0,0,0,0,3,0,0,0,1.0,1.0,1.0,0.275,0.275,0.0,5,11,0
461,65,28,37,25,15,4,21,14,6,1,7,0,0,0,0,0,0,0,0,4,0,0,0,1.0,1.0,1.0,0.27450980392156865,0.27450980392156865,0.0,5,14,0
462,65,28,37,25,15,4,21,14,6,1,7,0,0,0,0,0,0,0,0,0,0,0,0,1.0,1.0,1.0,0.0,0.0,0.0,5,0,0
463,69,30,39,29,15,4,21,14,5,1,8,0,0,0,0,0,0,0,0,1,0,0,0,1.0,1.0,1.0,0.06153846153846154,0.06153846153846154,0.0,5,4,0
464,66,29,37,28,13,4,21,14,5,1,8,0,0,0,0,0,0,0,0,0,3,0,3,0.9318181818181819,1.0,1.0,0.0,0.0,0.0,5,0,3
465,63,28,35,26,12,4,21,14,5,1,8,0,0,0,0,0,0,0,0,0,3,1,3,0.926829268292683,1.0,1.0,0.0,0.0,0.0,5,0,3
466,62,27,35,25,12,4,21,14,5,1,8,0,0,0,0,0,0,0,0,0,1,0,1,0.9736842105263158,1.0,1.0,0.0,0.0,0.0,5,0,1
467,59,25,34,24,10,4,21,14,5,1,8,0,0,0,0,0,0,0,0,0,3,0,3,0.9189189189189189,1.0,1.0,0.0,0.0,0.0,5,0,3
468,57,25,32,22,10,4,21,14,5,1,8,0,0,0,0,0,0,0,0,0,2,0,2,0.9411764705882353,1.0,1.0,0.0,0.0,0.0,5,0,2
469,60,27,33,25,9,5,21,14,4,1,9,0,0,0,0,0,0,0,0,1,0,0,0,1.0,1.0,1.0,0.05263157894736842,0.05263157894736842,0.0,5,3,0
470,59,27,32,24,9,5,21,14,4,1,9,0,0,0,0,0,0,0,0,0,1,0,1,0.9705882352941176,1.0,1.0,0.0,0.0,0.0,5,0,1
471,56,25,31,24,6,5,21,14,4,1,9,0,0,0,0,0,0,0,0,0,3,0,3,0.9090909090909091,1.0,1.0,0.0,0.0,0.0,5,0,3
472,56,25,31,24,6,5,21,14,4,1,9,0,0,0,0,0,0,0,0,0,0,0,0,1.0,1.0,1.0,0.0,0.0,0.0,5,0,0
473,59,26,33,27,6,5,21,14,3,1,10,0,0,0,0,0,0,0,0,1,0,0,0,1.0,1.0,1.0,0.05357142857142857,0.05357142857142857,0.0,5,3,0
474,62,27,35,30,6,5,21,14,2,1,11,0,0,0,0,0,0,0,0,1,0,0,0,1.0,1.0,1.0,0.05084745762711865,0.05084745762711865,0.0,5,3,0
475,61,26,35,30,6,5,20,14,2,1,11,0,0,0,0,0,0,0,0,0,0,0,0,1.0,0.8571428571428572,1.0,0.0,0.0,0.0,5,0,1
476,61,26,35,30,6,5,20,14,2,1,11,0,0,0,0,0,0,0,0,0,0,0,0,1.0,1.0,1.0,0.0,0.0,0.0,5,0,0
477,60,25,35,29,6,5,20,14,2,1,11,0,0,0,0,0,0,0,0,0,1,0,1,0.9722222222222222,1.0,1.0,0.0,0.0,0.0,5,0,1
478,60,25,35,29,6,5,20,14,2,1,11,0,0,0,0,0,0,0,0,0,0,0,0,1.0,1.0,1.0,0.0,0.0,0.0,5,0,0
479,58,24,34,28,5,5,20,14,2,1,11,0,0,0,0,0,0,0,0,0,2,0,2,0.9428571428571428,1.0,1.0,0.0,0.0,0.0,5,0,2
480,57,24,33,27,5,5,20,14,2,1,11,0,0,0,0,0,0,0,0,0,1,0,1,0.9696969696969697,1.0,1.0,0.0,0.0,0.0,5,0,1
481,57,24,33,27,5,5,20,14,2,1,11,0,0,0,0,0,0,0,0,0,0,0,0,1.0,1.0,1.0,0.0,0.0,0.0,5,0,0
482,57,24,33,27,5,5,20,14,2,1,11,0,0,0,0,0,0,0,0,0,0,0,0,1.0,1.0,1.0,0.0,0.0,0.0,5,0,0
483,56,24,32,26,5,5,20,14,2,1,11,0,0,0,0,0,0,0,0,0,1,0,1,0.96875,1.0,1.0,0.0,0.0,0.0,5,0,1
484,55,24,31,25,5,4,21,15,2,1,11,0,0,0,0,0,0,0,0,0,1,0,1,0.967741935483871,1.0,1.0,0.0,0.0,0.0,5,0,1
485,55,24,31,25,5,4,21,15,2,1,11,0,0,0,0,0,0,0,0,0,0,0,0,1.0,1.0,1.0,0.0,0.0,0.0,5,0,0
486,55,24,31,25,5,4,21,15,3,0,11,0,0,0,0,0,6,1,0,0,0,0,0,1.0,1.0,1.0,0.0,0.0,0.16666666666666666,5,0,0
487,55,24,31,25,5,4,21,15,4,0,11,0,0,0,0,0,5,1,0,0,0,0,0,1.0,1.0,1.0,0.0,0.0,0.2,5,0,0
488,55,24,31,25,5,4,21,15,4,0,11,0,0,0,0,0,0,0,0,0,0,0,0,1.0,1.0,1.0,0.0,0.0,0.0,5,0,0
489,55,24,31,25,5,4,21,15,4,0,11,0,0,0,0,0,0,0,0,0,0,0,0,1.0,1.0,1.0,0.0,0.0,0.0,5,0,0
490,55,24,31,25,5,4,21,15,4,0,11,0,0,0,0,0,0,0,0,0,0,0,0,1.0,1.0,1.0,0.0,0.0,0.0,5,0,0
491,55,24,31,25,5,4,21,15,4,0,11,0,0,0,0,0,0,0,0,0,0,0,0,1.0,1.0,1.0,0.0,0.0,0.0,5,0,0
492,55,24,31,25,5,4,21,15,4,0,11,0,0,0,0,0,0,0,0,0,0,0,0,1.0,1.0,1.0,0.0,0.0,0.0,5,0,0
493,55,24,31,25,5,4,21,15,4,0,11,0,0,0,0,0,0,0,0,0,0,0,0,1.0,1.0,1.0,0.0,0.0,0.0,5,0,0
494,54,24,30,24,5,4,21,15,4,0,11,0,0,0,0,0,0,0,0,0,1,0,1,0.9666666666666667,1.0,1.0,0.0,0.0,0.0,5,0,1
495,54,24,30,24,5,4,21,15,4,0,11,0,0,0,0,0,0,0,0,0,0,0,0,1.0,1.0,1.0,0.0,0.0,0.0,5,0,0
496,54,24,30,24,5,4,21,15,4,0,11,0,0,0,0,0,0,0,0,0,0,0,0,1.0,1.0,1.0,0.0,0.0,0.0,5,0,0
497,54,24,30,24,5,4,21,15,4,0,11,0,0,0,0,0,0,0,0,0,0,1,0,1.0,1.0,1.0,0.0,0.0,0.0,5,0,0
498,53,24,29,23,5,4,21,15,4,0,11,0,0,0,0,0,0,0,0,0,1,0,1,0.9655172413793104,1.0,1.0,0.0,0.0,0.0,5,0,1
499,52,24,28,22,5,4,21,15,4,0,11,0,0,0,0,0,0,0,0,0,1,0,1,0.9642857142857143,1.0,1.0,0.0,0.0,0.0,5,0,1
500,52,24,28,22,5,4,21,15,4,0,11,0,0,0,0,0,0,0,0,0,0,1,0,1.0,1.0,1.0,0.0,0.0,0.0,5,0,0
501,52,24,28,22,4,5,21,15,4,0,11,0,0,0,0,0,0,0,0,0,0,0,0,1.0,1.0,1.0,0.0,0.0,0.0,5,0,0
502,52,24,28,22,4,5,21,15,4,0,11,0,0,0,0,0,0,0,0,0,0,0,0,1.0,1.0,1.0,0.0,0.0,0.0,5,0,0
503,52,24,28,15,11,5,21,15,4,0,11,0,0,0,0,0,0,0,0,0,0,1,0,1.0,1.0,1.0,0.0,0.0,0.0,5,0,0
504,52,24,28,9,16,6,21,15,4,0,11,0,0,0,0,0,0,0,0,0,0,0,0,1.0,1.0,1.0,0.0,0.0,0.0,5,0,0
505,52,24,28,9,16,6,21,15,4,0,8,0,0,0,0,0,0,0,0,0,0,0,0,1.0,1.0,1.0,0.0,0.0,0.0,5,0,0
506,55,25,30,10,18,6,21,15,6,0,5,0,0,0,0,0,19,3,0,1,1,0,1,0.96,1.0,1.0,0.07692307692307693,0.07692307692307693,0.15789473684210525,5,4,1
507,54,24,30,9,17,7,21,15,9,0,5,0,0,0,0,0,28,3,0,0,1,0,1,0.962962962962963,1.0,1.0,0.0,0.0,0.10714285714285714,5,0,1
508,58,25,33,13,17,7,21,15,9,0,5,0,0,0,0,0,5,1,0,1,0,0,0,1.0,1.0,1.0,0.07407407407407407,0.07407407407407407,0.2,5,4,0
509,57,25,32,12,17,7,21,15,10,0,5,0,0,0,0,0,4,1,0,0,1,0,1,0.9666666666666667,1.0,1.0,0.0,0.0,0.25,5,0,1
510,56,24,32,12,17,6,21,15,10,0,5,0,0,0,0,0,0,0,0,0,0,0,0,1.0,1.0,1.0,0.0,0.0,0.0,5,0,1
511,56,24,32,12,17,6,21,15,10,0,5,0,0,0,0,0,0,0,0,0,0,0,0,1.0,1.0,1.0,0.0,0.0,0.0,5,0,0
512,56,24,32,10,19,6,21,15,10,0,5,0,0,0,0,0,0,0,0,0,0,0,0,1.0,1.0,1.0,0.0,0.0,0.0,5,0,0
513,56,24,32,10,19,6,21,15,10,0,5,0,0,0,0,0,0,0,0,0,0,0,0,1.0,1.0,1.0,0.0,0.0,0.0,5,0,0
514,56,24,32,10,19,6,21,15,10,0,4,0,0,0,0,0,0,0,0,0,0,0,0,1.0,1.0,1.0,0.0,0.0,0.0,5,0,0
515,56,24,32,10,19,6,21,15,11,0,4,0,0,0,0,0,7,1,0,0,0,0,0,1.0,1.0,1.0,0.0,0.0,0.14285714285714285,5,0,0
516,56,24,32,8,21,6,21,15,11,0,4,0,0,0,0,0,0,0,0,0,0,0,0,1.0,1.0,1.0,0.0,0.0,0.0,5,0,0
517,55,23,32,7,22,5,21,15,11,0,4,0,0,0,0,0,0,0,0,0,0,0,0,1.0,1.0,1.0,0.0,0.0,0.0,5,0,1
518,55,23,32,7,22,5,21,15,11,0,3,0,0,0,0,0,0,0,0,0,0,0,0,1.0,1.0,1.0,0.0,0.0,0.0,5,0,0
519,55,23,32,7,22,5,21,15,11,0,2,0,0,0,0,0,3,0,0,0,0,0,0,1.0,1.0,1.0,0.0,0.0,0.0,5,0,0
520,55,23,32,7,22,5,21,15,12,0,2,0,0,0,0,0,5,1,0,0,0,0,0,1.0,1.0,1.0,0.0,0.0,0.2,5,0,0
521,55,23,32,7,22,5,21,15,12,0,2,0,0,0,0,0,7,0,0,0,0,0,0,1.0,1.0,1.0,0.0,0.0,0.0,5,0,0
522,55,23,32,7,22,5,21,15,13,0,2,0,0,0,0,0,8,1,0,0,0,0,0,1.0,1.0,1.0,0.0,0.0,0.125,5,0,0
523,54,22,32,7,21,5,21,15,13,0,2,0,0,0,0,0,0,0,0,0,1,0,1,0.9655172413793104,1.0,1.0,0.0,0.0,0.0,5,0,1
524,54,22,32,7,21,5,21,15,13,0,2,0,0,0,0,0,0,0,0,0,0,0,0,1.0,1.0,1.0,0.0,0.0,0.0,5,0,0
525,54,22,32,7,21,5,21,15,13,0,2,0,0,0,0,0,0,0,0,0,0,2,0,1.0,1.0,1.0,0.0,0.0,0.0,5,0,0
526,54,22,32,7,21,5,21,15,13,0,2,0,0,0,0,0,0,0,0,0,0,0,0,1.0,1.0,1.0,0.0,0.0,0.0,5,0,0
527,54,22,32,7,21,5,21,15,13,0,2,0,0,0,0,0,0,0,0,0,0,0,0,1.0,1.0,1.0,0.0,0.0,0.0,5,0,0
528,53,21,32,7,21,5,20,15,13,0,2,0,0,0,0,0,0,0,0,0,0,0,0,1.0,0.8333333333333334,1.0,0.0,0.0,0.0,5,0,1
529,53,21,32,7,19,7,20,15,13,0,2,0,0,0,0,0,0,0,0,0,0,0,0,1.0,1.0,1.0,0.0,0.0,0.0,5,0,0
530,53,21,32,7,19,7,20,15,13,0,2,0,0,0,0,0,0,0,0,0,0,0,0,1.0,1.0,1.0,0.0,0.0,0.0,5,0,0
531,53,21,32,7,19,7,20,15,13,0,2,0,0,0,0,0,0,0,0,0,0,0,0,1.0,1.0,1.0,0.0,0.0,0.0,5,0,0
532,53,21,32,7,19,7,20,15,13,0,2,0,0,0,0,0,0,0,0,0,0,0,0,1.0,1.0,1.0,0.0,0.0,0.0,5,0,0
533,53,21,32,7,19,7,20,15,13,0,2,0,0,0,0,0,0,0,0,0,0,0,0,1.0,1.0,1.0,0.0,0.0,0.0,5,0,0
534,53,21,32,7,19,7,20,15,13,0,2,0,0,0,0,0,0,0,0,0,0,0,0,1.0,1.0,1.0,0.0,0.0,0.0,5,0,0
535,53,21,32,7,19,7,20,15,13,0,2,0,0,0,0,0,0,0,0,0,0,0,0,1.0,1.0,1.0,0.0,0.0,0.0,5,0,0
536,53,21,32,7,19,7,20,15,13,0,2,0,0,0,0,0,0,0,0,0,0,0,0,1.0,1.0,1.0,0.0,0.0,0.0,5,0,0
537,52,20,32,7,18,7,20,15,13,0,2,0,0,0,0,0,0,0,0,0,1,0,1,0.9615384615384616,1.0,1.0,0.0,0.0,0.0,5,0,1
538,52,20,32,7,18,7,20,15,13,0,2,0,0,0,0,0,0,0,0,0,0,0,0,1.0,1.0,1.0,0.0,0.0,0.0,5,0,0
539,51,19,32,7,17,7,20,15,13,0,2,0,0,0,0,0,0,0,0,0,1,0,1,0.96,1.0,1.0,0.0,0.0,0.0,5,0,1
540,51,19,32,7,17,7,20,15,13,0,2,0,0,0,0,0,0,0,0,0,0,0,0,1.0,1.0,1.0,0.0,0.0,0.0,5,0,0
541,51,19,32,7,17,7,20,15,13,0,2,0,0,0,0,0,0,0,0,0,0,0,0,1.0,1.0,1.0,0.0,0.0,0.0,5,0,0
542,51,19,32,7,17,6,21,15,13,0,2,0,0,0,0,0,0,0,0,0,0,0,0,1.0,1.0,1.0,0.0,0.0,0.0,5,0,0
543,51,19,32,7,17,6,21,15,13,0,2,0,0,0,0,0,0,0,0,0,0,0,0,1.0,1.0,1.0,0.0,0.0,0.0,5,0,0
544,51,19,32,7,17,6,21,15,13,0,2,0,0,0,0,0,0,0,0,0,0,0,0,1.0,1.0,1.0,0.0,0.0,0.0,5,0,0
545,51,19,32,7,17,6,21,15,13,0,2,0,0,0,0,0,0,0,0,0,0,0,0,1.0,1.0,1.0,0.0,0.0,0.0,5,0,0
546,51,19,32,7,17,6,21,15,13,0,2,0,0,0,0,0,0,0,0,0,0,0,0,1.0,1.0,1.0,0.0,0.0,0.0,5,0,0
547,51,19,32,7,17,6,21,15,13,0,2,0,0,0,0,0,0,0,0,0,0,0,0,1.0,1.0,1.0,0.0,0.0,0.0,5,0,0
548,51,19,32,7,17,6,21,15,13,0,2,0,0,0,0,0,0,0,0,0,0,0,0,1.0,1.0,1.0,0.0,0.0,0.0,5,0,0
549,51,19,32,4,20,6,21,15,13,0,2,0,0,0,0,0,0,0,0,0,0,0,0,1.0,1.0,1.0,0.0,0.0,0.0,5,0,0
550,51,19,32,4,20,6,21,15,13,0,2,0,0,0,0,0,0,0,0,0,0,0,0,1.0,1.0,1.0,0.0,0.0,0.0,5,0,0
551,54,20,34,3,24,6,21,15,12,0,2,0,0,0,0,0,0,0,0,1,0,0,0,1.0,1.0,1.0,0.058823529411764705,0.058823529411764705,0.0,5,3,0
552,58,22,36,7,24,6,21,15,12,0,3,0,0,0,0,0,8,1,0,1,0,0,0,1.0,1.0,1.0,0.07407407407407407,0.07407407407407407,0.125,5,4,0
553,58,22,36,7,24,5,22,16,13,0,2,0,0,0,0,0,4,1,0,0,0,0,0,1.0,1.0,1.0,0.0,0.0,0.25,5,0,0
554,57,21,36,6,24,5,22,16,14,0,2,0,0,0,0,0,7,1,0,0,1,0,1,0.967741935483871,1.0,1.0,0.0,0.0,0.14285714285714285,5,0,1
555,57,21,36,6,24,5,22,16,14,0,2,0,0,0,0,0,0,0,0,0,0,0,0,1.0,1.0,1.0,0.0,0.0,0.0,5,0,0
556,57,21,36,6,24,5,22,16,14,0,2,0,0,0,0,0,0,0,0,0,0,0,0,1.0,1.0,1.0,0.0,0.0,0.0,5,0,0
557,56,21,35,6,23,5,22,16,14,0,2,0,0,0,0,0,0,0,0,0,1,0,1,0.9666666666666667,1.0,1.0,0.0,0.0,0.0,5,0,1
558,56,21,35,6,23,5,22,16,14,0,2,0,0,0,0,0,0,0,0,0,0,0,0,1.0,1.0,1.0,0.0,0.0,0.0,5,0,0
559,55,21,34,6,22,5,22,16,14,0,2,0,0,0,0,0,0,0,0,0,1,0,1,0.9655172413793104,1.0,1.0,0.0,0.0,0.0,5,0,1
560,55,21,34,6,22,5,22,16,14,0,2,0,0,0,0,0,0,0,0,0,0,0,0,1.0,1.0,1.0,0.0,0.0,0.0,5,0,0
561,54,21,33,6,21,5,22,16,14,0,2,0,0,0,0,0,0,0,0,0,1,0,1,0.9642857142857143,1.0,1.0,0.0,0.0,0.0,5,0,1
562,54,21,33,6,21,5,22,16,14,0,2,0,0,0,0,0,0,0,0,0,0,0,0,1.0,1.0,1.0,0.0,0.0,0.0,5,0,0
563,54,21,33,6,21,5,22,16,14,0,2,0,0,0,0,0,0,0,0,0,0,0,0,1.0,1.0,1.0,0.0,0.0,0.0,5,0,0
564,53,20,33,5,21,5,22,16,14,0,2,0,0,0,0,0,0,0,0,0,1,0,1,0.962962962962963,1.0,1.0,0.0,0.0,0.0,5,0,1
565,53,20,33,5,21,5,22,16,14,0,2,0,0,0,0,0,0,0,0,0,0,0,0,1.0,1.0,1.0,0.0,0.0,0.0,5,0,0
566,52,20,32,5,21,5,21,15,13,0,2,0,0,0,0,0,0,0,0,0,0,0,0,1.0,1.0,0.9375,0.0,0.0,0.0,5,0,1
567,52,20,32,5,21,5,21,15,13,0,2,0,0,0,0,0,0,0,0,0,0,0,0,1.0,1.0,1.0,0.0,0.0,0.0,5,0,0
568,52,20,32,5,21,5,21,15,13,0,2,0,0,0,0,0,0,0,0,0,0,0,0,1.0,1.0,1.0,0.0,0.0,0.0,5,0,0
569,52,20,32,5,21,5,21,15,13,0,2,0,0,0,0,0,0,0,0,0,0,0,0,1.0,1.0,1.0,0.0,0.0,0.0,5,0,0
570,52,20,32,5,21,5,21,15,13,0,2,0,0,0,0,0,0,0,0,0,0,0,0,1.0,1.0,1.0,0.0,0.0,0.0,5,0,0
571,63,23,40,16,21,5,21,15,10,0,5,0,0,0,0,0,0,0,0,3,0,0,0,1.0,1.0,1.0,0.21153846153846154,0.21153846153846154,0.0,5,11,0
572,74,29,45,27,21,5,21,15,7,0,8,0,0,0,0,0,0,0,0,3,0,0,0,1.0,1.0,1.0,0.1746031746031746,0.1746031746031746,0.0,5,11,0
573,73,29,44,28,19,5,21,15,6,0,9,0,0,0,0,0,0,0,0,1,4,0,4,0.9166666666666666,1.0,1.0,0.04054054054054054,0.04054054054054054,0.0,5,3,4
574,74,27,47,30,19,5,20,15,5,0,10,0,0,0,0,0,0,0,0,1,2,0,2,0.9574468085106383,0.8333333333333334,1.0,0.0547945205479452,0.0547945205479452,0.0,5,4,3
575,69,26,43,26,18,5,20,15,5,0,10,0,0,0,0,0,0,0,0,0,5,0,5,0.8979591836734694,1.0,1.0,0.0,0.0,0.0,5,0,5
576,68,26,42,26,17,5,20,15,5,0,10,0,0,0,0,0,0,0,0,0,1,0,1,0.9772727272727273,1.0,1.0,0.0,0.0,0.0,5,0,1
577,65,23,42,24,16,5,20,15,5,0,10,0,0,0,0,0,0,0,0,0,3,0,3,0.9302325581395349,1.0,1.0,0.0,0.0,0.0,5,0,3
578,64,23,41,23,16,5,20,15,5,0,10,0,0,0,0,0,0,0,0,0,1,0,1,0.975,1.0,1.0,0.0,0.0,0.0,5,0,1
579,63,22,41,22,16,5,20,15,5,0,10,0,0,0,0,0,0,0,0,0,1,0,1,0.9743589743589743,1.0,1.0,0.0,0.0,0.0,5,0,1
580,65,23,42,24,16,5,20,15,4,0,11,0,0,0,0,0,0,0,0,1,2,0,2,0.9473684210526316,1.0,1.0,0.06349206349206349,0.06349206349206349,0.0,5,4,2
581,63,22,41,23,16,5,19,15,4,0,11,0,0,0,0,0,0,0,0,0,1,0,1,0.975,0.8,1.0,0.0,0.0,0.0,5,0,2
582,62,21,41,23,15,5,19,15,4,0,11,0,0,0,0,0,0,0,0,0,1,0,1,0.9743589743589743,1.0,1.0,0.0,0.0,0.0,5,0,1
583,61,20,41,23,14,5,19,15,4,0,11,0,0,0,0,0,0,0,0,0,1,0,1,0.9736842105263158,1.0,1.0,0.0,0.0,0.0,5,0,1
584,60,19,41,22,14,5,19,15,4,0,11,0,0,0,0,0,0,0,0,0,1,0,1,0.972972972972973,1.0,1.0,0.0,0.0,0.0,5,0,1
585,62,19,43,24,14,5,19,15,3,0,12,0,0,0,0,0,0,0,0,1,2,0,2,0.9444444444444444,1.0,1.0,0.06666666666666667,0.06666666666666667,0.0,5,4,2
586,61,18,43,23,14,5,19,15,3,0,12,0,0,0,0,0,0,0,0,0,1,0,1,0.9736842105263158,1.0,1.0,0.0,0.0,0.0,5,0,1
587,63,20,43,25,14,5,19,15,2,0,13,0,0,0,0,0,0,0,0,1,1,0,1,0.972972972972973,1.0,1.0,0.04918032786885246,0.04918032786885246,0.0,5,3,1
588,63,20,43,25,14,5,19,15,2,0,13,0,0,0,0,0,0,0,0,0,0,0,0,1.0,1.0,1.0,0.0,0.0,0.0,5,0,0
589,63,20,43,25,14,5,19,15,2,0,13,0,0,0,0,0,0,0,0,0,0,0,0,1.0,1.0,1.0,0.0,0.0,0.0,5,0,0
590,61,19,42,24,13,4,20,16,2,0,13,0,0,0,0,0,6,0,0,0,2,0,2,0.9487179487179487,1.0,1.0,0.0,0.0,0.0,5,0,2
591,60,18,42,24,13,4,19,16,3,0,13,0,0,0,0,0,5,1,0,0,0,0,0,1.0,0.75,1.0,0.0,0.0,0.2,5,0,1
592,59,18,41,23,13,4,19,16,3,0,13,0,0,0,0,0,0,0,0,0,1,0,1,0.972972972972973,1.0,1.0,0.0,0.0,0.0,5,0,1
593,59,18,41,23,13,4,19,16,3,0,13,0,0,0,0,0,0,0,0,0,0,0,0,1.0,1.0,1.0,0.0,0.0,0.0,5,0,0
594,58,17,41,22,13,4,19,16,3,0,13,0,0,0,0,0,0,0,0,0,1,0,1,0.9722222222222222,1.0,1.0,0.0,0.0,0.0,5,0,1
595,58,17,41,21,14,4,19,16,3,0,13,0,0,0,0,0,0,0,0,0,0,0,0,1.0,1.0,1.0,0.0,0.0,0.0,5,0,0
596,57,17,40,21,13,4,19,16,3,0,12,0,0,0,0,0,0,0,0,0,1,0,1,0.9714285714285714,1.0,1.0,0.0,0.0,0.0,5,0,1
597,56,17,39,20,13,4,19,16,4,0,11,0,0,0,0,0,3,1,0,0,1,0,1,0.9705882352941176,1.0,1.0,0.0,0.0,0.3333333333333333,5,0,1
598,54,16,38,19,12,4,19,16,5,0,11,0,0,0,0,0,6,1,0,0,2,0,2,0.9393939393939394,1.0,1.0,0.0,0.0,0.16666666666666666,5,0,2
599,53,16,37,18,12,3,20,17,5,0,11,0,0,0,0,0,0,0,0,0,1,0,1,0.967741935483871,1.0,1.0,0.0,0.0,0.0,5,0,1
600,53,16,37,18,12,3,20,17,5,0,11,0,0,0,0,0,0,0,0,0,0,0,0,1.0,1.0,1.0,0.0,0.0,0.0,5,0,0
601,53,16,37,18,12,3,20,17,5,0,11,0,0,0,0,0,0,0,0,0,0,0,0,1.0,1.0,1.0,0.0,0.0,0.0,5,0,0
602,53,16,37,18,12,3,20,17,5,0,11,0,0,0,0,0,0,0,0,0,0,0,0,1.0,1.0,1.0,0.0,0.0,0.0,5,0,0
603,53,16,37,18,12,3,20,17,5,0,11,0,0,0,0,0,2,0,0,0,0,0,0,1.0,1.0,1.0,0.0,0.0,0.0,5,0,0
604,52,16,36,17,12,3,20,17,6,0,11,0,0,0,0,0,4,1,0,0,1,0,1,0.9666666666666667,1.0,1.0,0.0,0.0,0.25,5,0,1
605,51,15,36,17,11,3,20,17,6,0,11,0,0,0,0,0,0,0,0,0,1,0,1,0.9655172413793104,1.0,1.0,0.0,0.0,0.0,5,0,1
606,51,15,36,17,11,3,20,17,6,0,11,0,0,0,0,0,0,0,0,0,0,0,0,1.0,1.0,1.0,0.0,0.0,0.0,5,0,0
607,50,14,36,17,10,3,20,17,6,0,11,0,0,0,0,0,0,0,0,0,1,0,1,0.9642857142857143,1.0,1.0,0.0,0.0,0.0,5,0,1
608,50,14,36,17,10,3,20,17,6,0,11,0,0,0,0,0,0,0,0,0,0,0,0,1.0,1.0,1.0,0.0,0.0,0.0,5,0,0
609,50,14,36,17,10,3,20,17,6,0,11,0,0,0,0,0,0,0,0,0,0,0,0,1.0,1.0,1.0,0.0,0.0,0.0,5,0,0
610,50,14,36,17,10,3,20,17,6,0,11,0,0,0,0,0,0,0,0,0,0,0,0,1.0,1.0,1.0,0.0,0.0,0.0,5,0,0
611,50,14,36,17,10,3,20,17,6,0,11,0,0,0,0,0,0,0,0,0,0,0,0,1.0,1.0,1.0,0.0,0.0,0.0,5,0,0
612,50,14,36,17,10,3,20,17,6,0,11,0,0,0,0,0,0,0,0,0,0,0,0,1.0,1.0,1.0,0.0,0.0,0.0,5,0,0
613,50,14,36,17,10,3,20,17,6,0,11,0,0,0,0,0,0,0,0,0,0,0,0,1.0,1.0,1.0,0.0,0.0,0.0,5,0,0
614,49,13,36,12,14,3,20,17,6,0,11,0,0,0,0,0,0,0,0,0,1,0,1,0.962962962962963,1.0,1.0,0.0,0.0,0.0,5,0,1
615,49,13,36,8,18,3,20,17,6,0,11,0,0,0,0,0,0,0,0,0,0,0,0,1.0,1.0,1.0,0.0,0.0,0.0,5,0,0
616,49,13,36,6,20,3,20,17,6,0,8,0,0,0,0,0,0,0,0,0,0,0,0,1.0,1.0,1.0,0.0,0.0,0.0,5,0,0
617,53,15,38,10,20,3,20,17,8,0,6,0,0,0,0,0,12,3,0,1,0,0,0,1.0,1.0,1.0,0.08163265306122448,0.08163265306122448,0.25,5,4,0
618,53,15,38,10,20,3,20,17,9,0,5,0,0,0,0,0,20,1,0,0,0,0,0,1.0,1.0,1.0,0.0,0.0,0.05,5,0,0
619,55,17,38,14,18,3,20,17,10,0,5,0,0,0,0,0,8,2,0,1,2,0,2,0.9333333333333333,1.0,1.0,0.07547169811320754,0.07547169811320754,0.25,5,4,2
620,54,16,38,13,18,3,20,17,12,0,5,0,0,0,0,0,13,2,0,0,1,0,1,0.96875,1.0,1.0,0.0,0.0,0.15384615384615385,5,0,1
621,54,16,38,13,18,3,20,17,12,0,5,0,0,0,0,0,0,0,0,0,0,0,0,1.0,1.0,1.0,0.0,0.0,0.0,5,0,0
622,54,16,38,13,18,3,20,17,12,0,5,0,0,0,0,0,0,0,0,0,0,0,0,1.0,1.0,1.0,0.0,0.0,0.0,5,0,0
623,54,16,38,12,19,3,20,17,12,0,5,0,0,0,0,0,0,0,0,0,0,0,0,1.0,1.0,1.0,0.0,0.0,0.0,5,0,0
624,54,16,38,12,19,3,20,17,12,0,5,0,0,0,0,0,0,0,0,0,0,0,0,1.0,1.0,1.0,0.0,0.0,0.0,5,0,0
625,53,15,38,11,19,3,20,17,12,0,4,0,0,0,0,0,0,0,0,0,1,0,1,0.967741935483871,1.0,1.0,0.0,0.0,0.0,5,0,1
626,53,15,38,11,19,3,20,17,12,1,4,0,0,0,0,0,1,0,1,0,0,0,0,1.0,1.0,1.0,0.0,0.0,0.0,5,0,0
627,53,15,38,11,19,3,20,17,12,1,4,0,0,0,0,0,0,0,0,0,0,0,0,1.0,1.0,1.0,0.0,0.0,0.0,5,0,0
628,53,15,38,9,21,3,20,17,12,1,4,0,0,0,0,0,0,0,0,0,0,0,0,1.0,1.0,1.0,0.0,0.0,0.0,5,0,0
629,53,15,38,9,21,3,20,17,12,1,4,0,0,0,0,0,0,0,0,0,0,0,0,1.0,1.0,1.0,0.0,0.0,0.0,5,0,0
630,53,15,38,7,23,3,20,17,12,1,3,0,0,0,0,0,0,0,0,0,0,0,0,1.0,1.0,1.0,0.0,0.0,0.0,5,0,0
631,53,15,38,7,23,3,20,17,13,1,3,0,0,0,0,0,5,1,0,0,0,0,0,1.0,1.0,1.0,0.0,0.0,0.2,5,0,0
632,53,15,38,7,23,3,20,17,13,1,2,0,0,0,0,0,0,0,0,0,0,0,0,1.0,1.0,1.0,0.0,0.0,0.0,5,0,0
633,53,15,38,7,23,3,20,17,13,1,2,0,0,0,0,0,1,0,0,0,0,0,0,1.0,1.0,1.0,0.0,0.0,0.0,5,0,0
634,53,15,38,7,23,3,20,17,14,1,2,0,0,0,0,0,4,1,0,0,0,0,0,1.0,1.0,1.0,0.0,0.0,0.25,5,0,0
635,53,15,38,7,23,3,20,17,14,1,2,0,0,0,0,0,0,0,0,0,0,0,0,1.0,1.0,1.0,0.0,0.0,0.0,5,0,0
636,50,13,37,6,21,3,20,17,14,1,2,0,0,0,0,0,0,0,0,0,3,0,3,0.9,1.0,1.0,0.0,0.0,0.0,5,0,3
637,50,13,37,6,21,2,21,18,14,1,2,0,0,0,0,0,0,0,0,0,0,0,0,1.0,1.0,1.0,0.0,0.0,0.0,5,0,0
638,48,12,36,6,20,2,20,17,13,1,2,0,0,0,0,0,0,0,0,0,1,0,1,0.962962962962963,1.0,0.9444444444444444,0.0,0.0,0.0,5,0,2
639,48,12,36,6,20,2,20,17,13,1,2,0,0,0,0,0,0,0,0,0,0,0,0,1.0,1.0,1.0,0.0,0.0,0.0,5,0,0
640,48,12,36,6,20,2,20,17,13,1,2,0,0,0,0,0,0,0,0,0,0,2,0,1.0,1.0,1.0,0.0,0.0,0.0,5,0,0
641,47,11,36,5,20,2,20,17,13,1,2,0,0,0,0,0,0,0,0,0,1,0,1,0.9615384615384616,1.0,1.0,0.0,0.0,0.0,5,0,1
642,47,11,36,5,20,2,20,17,13,1,2,0,0,0,0,0,6,0,0,0,0,0,0,1.0,1.0,1.0,0.0,0.0,0.0,5,0,0
643,47,11,36,5,20,2,20,17,14,1,2,0,0,0,0,0,8,1,0,0,0,2,0,1.0,1.0,1.0,0.0,0.0,0.125,5,0,0
644,46,11,35,5,17,4,20,17,14,1,2,0,0,0,0,0,0,0,0,0,1,0,1,0.9565217391304348,1.0,1.0,0.0,0.0,0.0,5,0,1
645,46,11,35,5,17,4,20,17,14,1,2,0,0,0,0,0,0,0,0,0,0,0,0,1.0,1.0,1.0,0.0,0.0,0.0,5,0,0
646,45,11,34,5,16,4,20,17,14,1,2,0,0,0,0,0,0,0,0,0,0,0,0,0.9545454545454546,1.0,1.0,0.0,0.0,0.0,5,0,1
647,45,11,34,5,15,5,20,17,14,1,2,0,0,0,0,0,0,0,0,0,0,0,0,1.0,1.0,1.0,0.0,0.0,0.0,5,0,0
648,45,11,34,5,15,5,20,17,14,1,2,0,0,0,0,0,0,0,0,0,0,0,0,1.0,1.0,1.0,0.0,0.0,0.0,5,0,0
649,45,11,34,5,15,5,20,17,14,1,2,0,0,0,0,0,0,0,0,0,0,0,0,1.0,1.0,1.0,0.0,0.0,0.0,5,0,0
650,45,11,34,5,15,5,20,17,14,1,2,0,0,0,0,0,0,0,0,0,0,0,0,1.0,1.0,1.0,0.0,0.0,0.0,5,0,0
651,45,11,34,5,15,5,20,17,14,1,2,0,0,0,0,0,0,0,0,0,0,0,0,1.0,1.0,1.0,0.0,0.0,0.0,5,0,0
652,45,11,34,5,15,5,20,17,14,1,2,0,0,0,0,0,0,0,0,0,0,0,0,1.0,1.0,1.0,0.0,0.0,0.0,5,0,0
653,44,11,33,5,14,5,20,17,14,1,2,0,0,0,0,0,0,0,0,0,1,0,1,0.95,1.0,1.0,0.0,0.0,0.0,5,0,1
654,44,11,33,5,14,5,20,17,14,1,2,0,0,0,0,0,0,0,0,0,0,0,0,1.0,1.0,1.0,0.0,0.0,0.0,5,0,0
655,44,11,33,5,14,5,20,17,14,1,2,0,0,0,0,0,0,0,0,0,0,0,0,1.0,1.0,1.0,0.0,0.0,0.0,5,0,0
656,48,13,35,9,14,5,20,17,13,1,3,0,0,0,0,0,0,0,0,1,0,0,0,1.0,1.0,1.0,0.09090909090909091,0.09090909090909091,0.0,5,4,0
657,47,13,34,9,13,5,20,17,13,1,3,0,0,0,0,0,0,0,0,0,1,0,1,0.9565217391304348,1.0,1.0,0.0,0.0,0.0,5,0,1
658,47,13,34,9,13,5,20,17,13,1,3,0,0,0,0,0,0,0,0,0,0,0,0,1.0,1.0,1.0,0.0,0.0,0.0,5,0,0
659,47,13,34,9,13,5,20,17,13,1,3,0,0,0,0,0,0,0,0,0,0,0,0,1.0,1.0,1.0,0.0,0.0,0.0,5,0,0
660,47,13,34,6,16,5,20,17,13,1,3,0,0,0,0,0,0,0,0,0,0,0,0,1.0,1.0,1.0,0.0,0.0,0.0,5,0,0
661,46,13,33,5,16,5,20,17,13,1,3,0,0,0,0,0,0,0,0,0,1,0,1,0.9545454545454546,1.0,1.0,0.0,0.0,0.0,5,0,1
662,49,15,34,6,18,5,20,17,12,1,3,0,0,0,0,0,0,0,0,1,0,0,0,1.0,1.0,1.0,0.06521739130434782,0.06521739130434782,0.0,5,3,0
663,52,16,36,9,18,5,20,17,12,1,4,0,0,0,0,0,7,1,0,1,0,0,0,1.0,1.0,1.0,0.061224489795918366,0.061224489795918366,0.14285714285714285,5,3,0
664,52,16,36,9,18,4,21,17,12,1,3,0,0,0,0,0,0,0,0,0,0,0,0,1.0,1.0,1.0,0.0,0.0,0.0,5,0,0
665,52,16,36,9,18,4,21,17,12,1,3,0,0,0,0,0,2,0,0,0,0,0,0,1.0,1.0,1.0,0.0,0.0,0.0,5,0,0
666,52,16,36,9,18,4,21,17,12,1,3,0,0,0,0,0,2,0,0,0,0,0,0,1.0,1.0,1.0,0.0,0.0,0.0,5,0,0
667,51,15,36,8,18,4,21,17,12,1,3,0,0,0,0,0,2,0,0,0,1,0,1,0.962962962962963,1.0,1.0,0.0,0.0,0.0,5,0,1
668,51,15,36,8,18,4,21,17,12,1,3,0,0,0,0,0,2,0,0,0,0,0,0,1.0,1.0,1.0,0.0,0.0,0.0,5,0,0
669,54,17,37,11,18,4,21,17,11,1,4,0,0,0,0,0,2,0,0,1,0,0,0,1.0,1.0,1.0,0.058823529411764705,0.058823529411764705,0.0,5,3,0
670,53,17,36,11,17,4,21,17,11,1,4,0,0,0,0,0,2,0,0,0,1,0,1,0.9655172413793104,1.0,1.0,0.0,0.0,0.0,5,0,1
671,51,15,36,11,17,3,20,17,11,0,4,0,0,0,0,0,2,0,0,0,0,0,0,1.0,0.75,1.0,0.0,0.0,0.0,5,0,2
672,51,15,36,11,17,3,20,17,11,0,4,0,0,0,0,0,2,0,0,0,0,0,0,1.0,1.0,1.0,0.0,0.0,0.0,5,0,0
673,49,14,35,11,15,3,20,17,11,0,4,0,0,0,0,0,2,0,0,0,2,0,2,0.9285714285714286,1.0,1.0,0.0,0.0,0.0,5,0,2
674,48,13,35,10,15,3,20,17,11,0,4,0,0,0,0,0,2,0,0,0,1,0,1,0.9615384615384616,1.0,1.0,0.0,0.0,0.0,5,0,1
675,48,13,35,10,15,3,20,17,11,0,4,0,0,0,0,0,2,0,0,0,0,0,0,1.0,1.0,1.0,0.0,0.0,0.0,5,0,0
676,48,13,35,10,15,3,20,17,11,0,4,0,0,0,0,0,2,0,0,0,0,0,0,1.0,1.0,1.0,0.0,0.0,0.0,5,0,0
677,48,13,35,10,15,3,20,17,11,0,4,0,0,0,0,0,2,0,0,0,0,0,0,1.0,1.0,1.0,0.0,0.0,0.0,5,0,0
678,48,13,35,10,15,3,20,17,11,0,4,0,0,0,0,0,2,0,0,0,0,0,0,1.0,1.0,1.0,0.0,0.0,0.0,5,0,0
679,47,13,34,10,14,3,20,17,11,0,4,0,0,0,0,0,2,0,0,0,1,0,1,0.96,1.0,1.0,0.0,0.0,0.0,5,0,1
680,47,13,34,10,14,3,20,17,11,0,4,0,0,0,0,0,2,0,0,0,0,0,0,1.0,1.0,1.0,0.0,0.0,0.0,5,0,0
681,47,13,34,10,14,3,20,17,11,0,4,0,0,0,0,0,2,0,0,0,0,0,0,1.0,1.0,1.0,0.0,0.0,0.0,5,0,0
682,57,19,38,20,14,3,20,17,8,0,7,0,0,0,0,0,2,0,0,3,0,0,0,1.0,1.0,1.0,0.2127659574468085,0.2127659574468085,0.0,5,10,0
683,60,23,37,24,14,3,19,16,7,0,7,0,0,0,0,0,2,0,0,1,0,0,0,1.0,1.0,0.9411764705882353,0.07017543859649122,0.07017543859649122,0.0,5,4,1
684,68,28,40,32,14,3,19,16,5,0,9,0,0,0,0,0,2,0,0,2,0,0,0,1.0,1.0,1.0,0.13333333333333333,0.13333333333333333,0.0,5,8,0
685,67,26,41,35,10,3,19,16,4,0,10,0,0,0,0,0,2,0,0,1,5,0,5,0.8913043478260869,1.0,1.0,0.058823529411764705,0.058823529411764705,0.0,5,4,5
686,67,26,41,35,10,3,19,16,4,0,10,0,0,0,0,0,2,0,0,0,0,2,0,1.0,1.0,1.0,0.0,0.0,0.0,5,0,0
687,67,26,41,35,10,3,19,16,4,0,10,0,0,0,0,0,2,0,0,0,0,0,0,1.0,1.0,1.0,0.0,0.0,0.0,5,0,0
688,65,24,41,33,10,2,20,17,4,0,10,0,0,0,0,0,2,0,0,0,2,0,2,0.9555555555555556,1.0,1.0,0.0,0.0,0.0,5,0,2
689,65,24,41,33,10,2,20,17,4,0,10,0,0,0,0,0,2,0,0,0,0,0,0,1.0,1.0,1.0,0.0,0.0,0.0,5,0,0
690,60,22,38,30,7,4,19,16,4,0,9,0,0,0,0,0,2,0,0,0,4,0,4,0.9024390243902439,1.0,0.9411764705882353,0.0,0.0,0.0,5,0,5
691,59,22,37,29,7,4,19,16,4,0,9,0,0,0,0,0,2,0,0,0,1,0,1,0.972972972972973,1.0,1.0,0.0,0.0,0.0,5,0,1
692,59,22,37,29,7,4,19,16,4,0,9,0,0,0,0,0,2,0,0,0,0,0,0,1.0,1.0,1.0,0.0,0.0,0.0,5,0,0
693,57,21,36,28,6,4,19,16,4,0,9,0,0,0,0,0,2,0,0,0,2,0,2,0.9444444444444444,1.0,1.0,0.0,0.0,0.0,5,0,2
694,57,21,36,28,6,4,19,16,4,0,9,0,0,0,0,0,2,0,0,0,0,0,0,1.0,1.0,1.0,0.0,0.0,0.0,5,0,0
695,57,21,36,28,6,4,19,16,4,0,9,0,0,0,0,0,2,0,0,0,0,0,0,1.0,1.0,1.0,0.0,0.0,0.0,5,0,0
696,60,21,39,31,6,4,19,16,3,0,10,0,0,0,0,0,2,0,0,1,1,0,1,0.9705882352941176,1.0,1.0,0.07017543859649122,0.07017543859649122,0.0,5,4,1
697,59,20,39,30,6,4,19,16,3,0,10,0,0,0,0,0,2,0,0,0,1,0,1,0.972972972972973,1.0,1.0,0.0,0.0,0.0,5,0,1
698,58,19,39,29,6,4,19,16,3,0,10,0,0,0,0,0,2,0,0,0,1,0,1,0.9722222222222222,1.0,1.0,0.0,0.0,0.0,5,0,1
699,61,21,40,32,6,4,19,16,2,0,11,0,0,0,0,0,2,0,0,1,1,0,1,0.9714285714285714,1.0,1.0,0.06896551724137931,0.06896551724137931,0.0,5,4,1
700,60,20,40,31,6,4,19,16,2,0,11,0,0,0,0,0,2,0,0,0,1,0,1,0.9736842105263158,1.0,1.0,0.0,0.0,0.0,5,0,1
701,58,19,39,29,6,4,19,16,2,0,11,0,0,0,0,0,2,0,0,0,2,0,2,0.9459459459459459,1.0,1.0,0.0,0.0,0.0,5,0,2
702,58,19,39,29,6,4,19,16,2,0,11,0,0,0,0,0,2,0,0,0,0,0,0,1.0,1.0,1.0,0.0,0.0,0.0,5,0,0
703,58,19,39,29,6,4,19,16,2,0,11,0,0,0,0,0,2,0,0,0,0,0,0,1.0,1.0,1.0,0.0,0.0,0.0,5,0,0
704,57,19,38,29,5,4,19,16,2,0,11,0,0,0,0,0,2,0,0,0,1,0,1,0.9714285714285714,1.0,1.0,0.0,0.0,0.0,5,0,1
705,56,19,37,28,5,4,19,16,2,0,11,0,0,0,0,0,2,0,0,0,1,0,1,0.9705882352941176,1.0,1.0,0.0,0.0,0.0,5,0,1
706,56,19,37,25,8,4,19,16,2,0,11,0,0,0,0,0,2,0,0,0,0,0,0,1.0,1.0,1.0,0.0,0.0,0.0,5,0,0
707,55,19,36,25,7,4,19,16,2,0,11,0,0,0,0,0,2,0,0,0,1,0,1,0.9696969696969697,1.0,1.0,0.0,0.0,0.0,5,0,1
708,57,19,38,27,7,4,19,16,1,0,11,0,0,0,0,0,2,0,0,1,2,0,2,0.9375,1.0,1.0,0.07272727272727272,0.07272727272727272,0.0,5,4,2
709,56,19,37,26,7,4,19,16,1,0,11,0,0,0,0,0,2,0,0,0,1,0,1,0.9705882352941176,1.0,1.0,0.0,0.0,0.0,5,0,1
710,55,19,36,25,7,4,19,16,1,0,11,0,0,0,0,0,2,0,0,0,1,0,1,0.9696969696969697,1.0,1.0,0.0,0.0,0.0,5,0,1
711,53,19,34,25,5,4,19,16,1,0,11,0,0,0,0,0,2,0,0,0,2,0,2,0.9375,1.0,1.0,0.0,0.0,0.0,5,0,2
712,52,18,34,23,6,4,19,16,1,0,11,0,0,0,0,0,2,0,0,0,1,0,1,0.9666666666666667,1.0,1.0,0.0,0.0,0.0,5,0,1
713,51,17,34,22,6,4,19,16,1,0,11,0,0,0,0,0,2,0,0,0,1,0,1,0.9655172413793104,1.0,1.0,0.0,0.0,0.0,5,0,1
714,51,17,34,22,6,4,19,16,1,0,10,0,0,0,0,0,2,0,0,0,0,0,0,1.0,1.0,1.0,0.0,0.0,0.0,5,0,0
715,51,17,34,22,6,4,19,16,1,0,10,0,0,0,0,0,2,0,0,0,0,0,0,1.0,1.0,1.0,0.0,0.0,0.0,5,0,0
716,51,17,34,22,6,4,19,16,1,0,10,0,0,0,0,0,2,0,0,0,0,0,0,1.0,1.0,1.0,0.0,0.0,0.0,5,0,0
717,51,17,34,22,6,4,19,16,1,0,10,0,0,0,0,0,2,0,0,0,0,0,0,1.0,1.0,1.0,0.0,0.0,0.0,5,0,0
718,51,17,34,22,6,4,19,16,1,0,10,0,0,0,0,0,2,0,0,0,0,0,0,1.0,1.0,1.0,0.0,0.0,0.0,5,0,0
719,51,17,34,22,6,4,19,16,1,0,10,0,0,0,0,0,2,0,0,0,0,0,0,1.0,1.0,1.0,0.0,0.0,0.0,5,0,0
720,51,17,34,22,6,4,19,16,1,0,10,0,0,0,0,0,2,0,0,0,0,0,0,1.0,1.0,1.0,0.0,0.0,0.0,5,0,0
721,51,17,34,22,6,4,19,16,1,0,10,0,0,0,0,0,2,0,0,0,0,0,0,1.0,1.0,1.0,0.0,0.0,0.0,5,0,0
722,50,16,34,21,6,4,19,16,1,0,10,0,0,0,0,0,2,0,0,0,1,0,1,0.9642857142857143,1.0,1.0,0.0,0.0,0.0,5,0,1
723,50,16,34,21,6,4,19,16,1,0,10,0,0,0,0,0,2,0,0,0,0,0,0,1.0,1.0,1.0,0.0,0.0,0.0,5,0,0
724,49,16,33,20,6,4,19,16,1,0,10,0,0,0,0,0,2,0,0,0,1,0,1,0.962962962962963,1.0,1.0,0.0,0.0,0.0,5,0,1
725,49,16,33,16,10,4,19,16,1,0,10,0,0,0,0,0,2,0,0,0,0,0,0,1.0,1.0,1.0,0.0,0.0,0.0,5,0,0
726,48,16,32,13,12,4,19,16,1,0,10,0,0,0,0,0,2,0,0,0,1,0,1,0.9615384615384616,1.0,1.0,0.0,0.0,0.0,5,0,1
727,48,16,32,12,13,4,19,16,1,0,7,0,0,0,0,0,2,0,0,0,0,0,0,1.0,1.0,1.0,0.0,0.0,0.0,5,0,0
728,52,18,34,13,16,4,19,16,0,0,7,0,0,0,0,0,2,0,0,1,0,0,0,1.0,1.0,1.0,0.08333333333333333,0.08333333333333333,0.0,5,4,0
729,52,18,34,13,16,4,19,16,0,0,5,0,0,0,0,0,2,0,0,0,0,0,0,1.0,1.0,1.0,0.0,0.0,0.0,5,0,0
730,52,18,34,13,16,4,19,16,0,0,4,0,0,0,0,0,2,0,0,0,0,0,0,1.0,1.0,1.0,0.0,0.0,0.0,5,0,0
731,50,17,33,13,14,4,19,16,0,0,4,0,0,0,0,0,2,0,0,0,2,0,2,0.9310344827586207,1.0,1.0,0.0,0.0,0.0,5,0,2
732,50,17,33,13,14,4,19,16,0,0,4,0,0,0,0,0,2,0,0,0,0,0,0,1.0,1.0,1.0,0.0,0.0,0.0,5,0,0
733,50,17,33,13,14,4,19,16,0,0,4,0,0,0,0,0,2,0,0,0,0,0,0,1.0,1.0,1.0,0.0,0.0,0.0,5,0,0
734,50,17,33,13,14,4,19,16,0,0,4,0,0,0,0,0,2,0,0,0,0,0,0,1.0,1.0,1.0,0.0,0.0,0.0,5,0,0
735,50,17,33,13,14,4,19,16,0,0,4,0,0,0,0,0,2,0,0,0,0,0,0,1.0,1.0,1.0,0.0,0.0,0.0,5,0,0
736,50,17,33,13,14,4,19,16,0,0,4,0,0,0,0,0,2,0,0,0,0,0,0,1.0,1.0,1.0,0.0,0.0,0.0,5,0,0
737,50,17,33,13,14,4,19,16,0,0,4,0,0,0,0,0,2,0,0,0,0,0,0,1.0,1.0,1.0,0.0,0.0,0.0,5,0,0
738,50,17,33,13,14,4,19,16,0,0,4,0,0,0,0,0,2,0,0,0,0,0,0,1.0,1.0,1.0,0.0,0.0,0.0,5,0,0
739,50,17,33,10,17,4,19,16,0,0,4,0,0,0,0,0,2,0,0,0,0,0,0,1.0,1.0,1.0,0.0,0.0,0.0,5,0,0
740,49,16,33,10,16,4,19,16,0,0,4,0,0,0,0,0,2,0,0,0,1,0,1,0.962962962962963,1.0,1.0,0.0,0.0,0.0,5,0,1
741,49,16,33,10,16,4,19,16,0,0,3,0,0,0,0,0,2,0,0,0,0,0,0,1.0,1.0,1.0,0.0,0.0,0.0,5,0,0
742,49,16,33,6,20,4,19,16,0,0,3,0,0,0,0,0,2,0,0,0,0,0,0,1.0,1.0,1.0,0.0,0.0,0.0,5,0,0
743,49,16,33,6,20,4,19,16,0,0,3,0,0,0,0,0,2,0,0,0,0,0,0,1.0,1.0,1.0,0.0,0.0,0.0,5,0,0
744,49,16,33,6,20,4,19,16,0,0,2,0,0,0,0,0,2,0,0,0,0,0,0,1.0,1.0,1.0,0.0,0.0,0.0,5,0,0
745,49,16,33,6,20,4,19,16,0,0,2,0,0,0,0,0,2,0,0,0,0,0,0,1.0,1.0,1.0,0.0,0.0,0.0,5,0,0
746,49,16,33,6,20,4,19,16,0,0,2,0,0,0,0,0,2,0,0,0,0,0,0,1.0,1.0,1.0,0.0,0.0,0.0,5,0,0
747,49,16,33,6,20,4,19,16,0,0,2,0,0,0,0,0,2,0,0,0,0,0,0,1.0,1.0,1.0,0.0,0.0,0.0,5,0,0
748,49,16,33,6,20,4,19,16,0,0,2,0,0,0,0,0,2,0,0,0,0,0,0,1.0,1.0,1.0,0.0,0.0,0.0,5,0,0
749,49,16,33,6,20,4,19,16,0,0,2,0,0,0,0,0,2,0,0,0,0,0,0,1.0,1.0,1.0,0.0,0.0,0.0,5,0,0
750,48,16,32,6,19,3,20,17,0,0,2,0,0,0,0,0,2,0,0,0,1,0,1,0.9615384615384616,1.0,1.0,0.0,0.0,0.0,5,0,1
751,47,15,32,4,21,3,19,17,0,0,2,0,0,0,0,0,2,0,0,0,0,1,0,1.0,0.6666666666666667,1.0,0.0,0.0,0.0,5,0,1
752,47,15,32,4,21,3,19,17,0,0,2,0,0,0,0,0,2,0,0,0,0,0,0,1.0,1.0,1.0,0.0,0.0,0.0,5,0,0
753,47,15,32,4,21,3,19,17,0,0,1,0,0,0,0,0,2,0,0,0,0,0,0,1.0,1.0,1.0,0.0,0.0,0.0,5,0,0
754,47,15,32,4,21,3,19,17,0,0,1,0,0,0,0,0,2,0,0,0,0,0,0,1.0,1.0,1.0,0.0,0.0,0.0,5,0,0
755,47,15,32,4,20,4,19,17,0,0,1,0,0,0,0,0,2,0,0,0,0,0,0,1.0,1.0,1.0,0.0,0.0,0.0,5,0,0
756,46,14,32,4,20,4,18,17,0,0,1,0,0,0,0,0,2,0,0,0,0,0,0,1.0,0.5,1.0,0.0,0.0,0.0,5,0,1
757,46,14,32,4,20,4,18,17,0,0,1,0,0,0,0,0,2,0,0,0,0,0,0,1.0,1.0,1.0,0.0,0.0,0.0,5,0,0
758,46,14,32,4,20,4,18,17,0,0,1,0,0,0,0,0,2,0,0,0,0,0,0,1.0,1.0,1.0,0.0,0.0,0.0,5,0,0
759,46,14,32,4,20,4,18,17,0,0,1,0,0,0,0,0,2,0,0,0,0,0,0,1.0,1.0,1.0,0.0,0.0,0.0,5,0,0
760,45,14,31,4,19,4,18,17,0,1,1,0,0,0,0,0,2,0,1,0,1,0,1,0.9583333333333334,1.0,1.0,0.0,0.0,0.0,5,0,1
761,45,14,31,4,19,4,18,17,1,1,1,0,0,0,0,0,2,1,0,0,0,0,0,1.0,1.0,1.0,0.0,0.0,0.5,5,0,0
762,45,14,31,4,19,4,18,17,2,1,1,0,0,0,0,0,6,1,0,0,0,0,0,1.0,1.0,1.0,0.0,0.0,0.16666666666666666,5,0,0
763,45,14,31,4,19,4,18,17,2,2,1,0,0,0,0,0,7,0,1,0,0,0,0,1.0,1.0,1.0,0.0,0.0,0.0,5,0,0
764,45,14,31,4,19,4,18,17,3,2,1,0,0,0,0,0,7,1,0,0,0,0,0,1.0,1.0,1.0,0.0,0.0,0.14285714285714285,5,0,0
765,45,14,31,4,19,4,18,17,3,2,1,0,0,0,0,0,0,0,0,0,0,1,0,1.0,1.0,1.0,0.0,0.0,0.0,5,0,0
766,45,14,31,4,19,4,18,17,3,2,1,0,0,0,0,0,0,0,0,0,0,0,0,1.0,1.0,1.0,0.0,0.0,0.0,5,0,0
767,45,14,31,4,19,4,18,17,3,2,1,0,0,0,0,0,0,0,0,0,0,1,0,1.0,1.0,1.0,0.0,0.0,0.0,5,0,0
768,45,14,31,4,19,4,18,17,3,2,1,0,0,0,0,0,0,0,0,0,0,0,0,1.0,1.0,1.0,0.0,0.0,0.0,5,0,0
769,45,14,31,4,18,5,18,17,3,2,1,0,0,0,0,0,0,0,0,0,0,0,0,1.0,1.0,1.0,0.0,0.0,0.0,5,0,0
770,45,14,31,4,18,5,18,17,3,2,1,0,0,0,0,0,0,0,0,0,0,0,0,1.0,1.0,1.0,0.0,0.0,0.0,5,0,0
771,45,14,31,0,21,6,18,17,3,2,1,0,0,0,0,0,0,0,0,0,0,0,0,1.0,1.0,1.0,0.0,0.0,0.0,5,0,0
772,45,14,31,0,21,6,18,17,3,2,1,0,0,0,0,0,0,0,0,0,0,0,0,1.0,1.0,1.0,0.0,0.0,0.0,5,0,0
773,44,14,30,0,21,6,17,16,3,2,0,0,0,0,0,0,3,0,0,0,0,0,0,1.0,1.0,0.9411764705882353,0.0,0.0,0.0,5,0,1
774,44,14,30,0,21,6,17,16,4,2,0,0,0,0,0,0,6,1,0,0,0,0,0,1.0,1.0,1.0,0.0,0.0,0.16666666666666666,5,0,0
775,44,14,30,0,21,6,17,16,5,2,0,0,0,0,0,0,5,1,0,0,0,0,0,1.0,1.0,1.0,0.0,0.0,0.2,5,0,0
776,44,14,30,0,21,6,17,16,7,2,0,0,0,0,0,0,6,2,0,0,0,0,0,1.0,1.0,1.0,0.0,0.0,0.3333333333333333,5,0,0
777,44,14,30,0,21,6,17,16,8,2,0,0,0,0,0,0,7,1,0,0,0,0,0,1.0,1.0,1.0,0.0,0.0,0.14285714285714285,5,0,0
778,44,14,30,0,21,6,17,16,9,2,0,0,0,0,0,0,4,1,0,0,0,0,0,1.0,1.0,1.0,0.0,0.0,0.25,5,0,0
779,44,14,30,0,21,5,18,16,9,2,0,0,0,0,0,0,0,0,0,0,0,0,0,1.0,1.0,1.0,0.0,0.0,0.0,5,0,0
780,44,14,30,0,21,5,18,16,9,2,0,0,0,0,0,0,0,0,0,0,0,0,0,1.0,1.0,1.0,0.0,0.0,0.0,5,0,0
781,44,14,30,0,21,5,18,16,9,2,0,0,0,0,0,0,0,0,0,0,0,0,0,1.0,1.0,1.0,0.0,0.0,0.0,5,0,0
782,43,14,29,0,20,5,18,16,9,2,0,0,0,0,0,0,0,0,0,0,1,0,1,0.9523809523809523,1.0,1.0,0.0,0.0,0.0,5,0,1
783,43,14,29,0,20,5,18,16,9,2,0,0,0,0,0,0,0,0,0,0,0,0,0,1.0,1.0,1.0,0.0,0.0,0.0,5,0,0
784,42,14,28,0,20,5,17,15,8,2,0,0,0,0,0,0,0,0,0,0,0,0,0,1.0,1.0,0.9375,0.0,0.0,0.0,5,0,1
785,42,14,28,0,20,5,17,15,8,2,0,0,0,0,0,0,0,0,0,0,0,0,0,1.0,1.0,1.0,0.0,0.0,0.0,5,0,0
786,42,14,28,0,20,5,17,15,8,2,0,0,0,0,0,0,4,0,0,0,0,0,0,1.0,1.0,1.0,0.0,0.0,0.0,5,0,0
787,42,14,28,0,20,5,17,15,9,3,0,0,0,0,0,0,3,1,1,0,0,0,0,1.0,1.0,1.0,0.0,0.0,0.3333333333333333,5,0,0
788,42,14,28,0,20,5,17,15,11,3,0,0,0,0,0,0,13,2,0,0,0,0,0,1.0,1.0,1.0,0.0,0.0,0.15384615384615385,5,0,0
789,42,14,28,0,20,5,17,15,11,3,0,0,0,0,0,0,7,0,0,0,0,0,0,1.0,1.0,1.0,0.0,0.0,0.0,5,0,0
790,42,14,28,0,20,5,17,15,12,3,0,0,0,0,0,0,5,1,0,0,0,0,0,1.0,1.0,1.0,0.0,0.0,0.2,5,0,0
791,42,14,28,0,20,5,17,15,12,3,0,0,0,0,0,0,0,0,0,0,0,0,0,1.0,1.0,1.0,0.0,0.0,0.0,5,0,0
792,42,14,28,0,20,5,17,15,12,3,0,0,0,0,0,0,0,0,0,0,0,0,0,1.0,1.0,1.0,0.0,0.0,0.0,5,0,0
793,42,14,28,0,20,5,17,15,12,3,0,0,0,0,0,0,0,0,0,0,0,0,0,1.0,1.0,1.0,0.0,0.0,0.0,5,0,0
794,42,14,28,0,20,5,17,15,12,3,0,0,0,0,0,0,0,0,0,0,0,0,0,1.0,1.0,1.0,0.0,0.0,0.0,5,0,0
795,42,14,28,0,20,5,17,15,12,3,0,0,0,0,0,0,0,0,0,0,0,0,0,1.0,1.0,1.0,0.0,0.0,0.0,5,0,0
796,42,14,28,0,20,5,17,15,12,3,0,0,0,0,0,0,0,0,0,0,0,0,0,1.0,1.0,1.0,0.0,0.0,0.0,5,0,0
797,42,14,28,0,20,5,17,15,12,3,0,0,0,0,0,0,0,0,0,0,0,0,0,1.0,1.0,1.0,0.0,0.0,0.0,5,0,0
798,42,14,28,0,20,5,17,15,12,3,0,0,0,0,0,0,0,0,0,0,0,0,0,1.0,1.0,1.0,0.0,0.0,0.0,5,0,0
799,42,14,28,0,20,5,17,15,12,3,0,0,0,0,0,0,0,0,0,0,0,0,0,1.0,1.0,1.0,0.0,0.0,0.0,5,0,0
800,42,14,28,0,20,5,17,15,12,3,0,0,0,0,0,0,0,0,0,0,0,0,0,1.0,1.0,1.0,0.0,0.0,0.0,5,0,0
801,42,14,28,0,20,5,17,15,12,3,0,0,0,0,0,0,0,0,0,0,0,0,0,1.0,1.0,1.0,0.0,0.0,0.0,5,0,0
802,42,14,28,0,20,5,17,15,12,3,0,0,0,0,0,0,0,0,0,0,0,0,0,1.0,1.0,1.0,0.0,0.0,0.0,5,0,0
803,42,14,28,0,20,5,17,15,12,3,0,0,0,0,0,0,0,0,0,0,0,0,0,1.0,1.0,1.0,0.0,0.0,0.0,5,0,0
804,42,14,28,0,20,5,17,15,12,3,0,0,0,0,0,0,0,0,0,0,0,0,0,1.0,1.0,1.0,0.0,0.0,0.0,5,0,0
805,42,14,28,0,20,5,17,15,12,2,0,0,0,0,0,0,0,0,0,0,0,0,0,1.0,1.0,1.0,0.0,0.0,0.0,5,0,0
806,40,13,27,0,18,5,17,15,12,3,0,0,0,0,0,0,4,0,1,0,2,0,2,0.9,1.0,1.0,0.0,0.0,0.0,5,0,2
807,40,13,27,0,18,5,17,15,12,3,0,0,0,0,0,0,0,0,0,0,0,0,0,1.0,1.0,1.0,0.0,0.0,0.0,5,0,0
808,40,13,27,0,18,5,17,15,12,2,0,0,0,0,0,0,0,0,0,0,0,0,0,1.0,1.0,1.0,0.0,0.0,0.0,5,0,0
809,40,13,27,0,18,4,18,16,12,2,0,0,0,0,0,0,4,0,0,0,0,0,0,1.0,1.0,1.0,0.0,0.0,0.0,5,0,0
810,40,13,27,0,18,4,18,16,13,2,0,0,0,0,0,0,4,1,0,0,0,0,0,1.0,1.0,1.0,0.0,0.0,0.25,5,0,0
811,40,13,27,0,18,4,18,16,13,2,0,0,0,0,0,0,0,0,0,0,0,0,0,1.0,1.0,1.0,0.0,0.0,0.0,5,0,0
812,40,13,27,0,18,4,18,16,13,3,0,0,0,0,0,0,2,0,1,0,0,0,0,1.0,1.0,1.0,0.0,0.0,0.0,5,0,0
813,40,13,27,0,18,4,18,16,13,3,0,0,0,0,0,0,0,0,0,0,0,0,0,1.0,1.0,1.0,0.0,0.0,0.0,5,0,0
814,40,13,27,0,18,4,18,16,13,3,0,0,0,0,0,0,0,0,0,0,0,0,0,1.0,1.0,1.0,0.0,0.0,0.0,5,0,0
815,40,13,27,0,18,4,18,16,13,3,0,0,0,0,0,0,0,0,0,0,0,0,0,1.0,1.0,1.0,0.0,0.0,0.0,5,0,0
816,40,13,27,0,18,4,18,16,13,3,0,0,0,0,0,0,0,0,0,0,0,0,0,1.0,1.0,1.0,0.0,0.0,0.0,5,0,0
817,40,13,27,0,18,4,18,16,13,3,0,0,0,0,0,0,0,0,0,0,0,0,0,1.0,1.0,1.0,0.0,0.0,0.0,5,0,0
818,40,13,27,0,18,4,18,16,13,3,0,0,0,0,0,0,0,0,0,0,0,0,0,1.0,1.0,1.0,0.0,0.0,0.0,5,0,0
819,40,13,27,0,18,4,18,16,13,3,0,0,0,0,0,0,0,0,0,0,0,0,0,1.0,1.0,1.0,0.0,0.0,0.0,5,0,0
820,40,13,27,0,18,4,18,16,13,3,0,0,0,0,0,0,0,0,0,0,0,0,0,1.0,1.0,1.0,0.0,0.0,0.0,5,0,0
821,40,13,27,0,18,4,18,16,13,3,0,0,0,0,0,0,0,0,0,0,0,0,0,1.0,1.0,1.0,0.0,0.0,0.0,5,0,0
822,40,13,27,0,18,4,18,16,13,3,0,0,0,0,0,0,0,0,0,0,0,0,0,1.0,1.0,1.0,0.0,0.0,0.0,5,0,0
823,40,13,27,0,18,3,19,17,13,3,0,0,0,0,0,0,0,0,0,0,0,0,0,1.0,1.0,1.0,0.0,0.0,0.0,5,0,0
824,40,13,27,0,18,3,19,17,13,3,0,0,0,0,0,0,0,0,0,0,0,0,0,1.0,1.0,1.0,0.0,0.0,0.0,5,0,0
825,40,13,27,0,18,3,19,17,14,3,0,0,0,0,0,0,5,1,0,0,0,0,0,1.0,1.0,1.0,0.0,0.0,0.2,5,0,0
826,44,14,30,4,18,3,19,17,13,3,1,0,0,0,0,0,0,0,0,1,0,0,0,1.0,1.0,1.0,0.1,0.1,0.0,5,4,0
827,47,15,32,7,18,3,19,17,12,3,2,0,0,0,0,0,0,0,0,1,0,0,0,1.0,1.0,1.0,0.06818181818181818,0.06818181818181818,0.0,5,3,0
828,47,15,32,7,18,3,19,17,12,3,2,0,0,0,0,0,0,0,0,0,0,0,0,1.0,1.0,1.0,0.0,0.0,0.0,5,0,0
829,49,15,34,11,16,3,19,17,11,3,3,0,0,0,0,0,0,0,0,1,2,0,2,0.92,1.0,1.0,0.0851063829787234,0.0851063829787234,0.0,5,4,2
830,48,15,33,10,16,3,19,17,11,3,3,0,0,0,0,0,0,0,0,0,1,0,1,0.962962962962963,1.0,1.0,0.0,0.0,0.0,5,0,1
831,48,15,33,10,16,3,19,17,11,3,3,0,0,0,0,0,0,0,0,0,0,0,0,1.0,1.0,1.0,0.0,0.0,0.0,5,0,0
832,48,15,33,10,16,3,19,17,11,2,3,0,0,0,0,0,0,0,0,0,0,0,0,1.0,1.0,1.0,0.0,0.0,0.0,5,0,0
833,48,15,33,10,16,3,19,17,11,2,3,0,0,0,0,0,7,0,0,0,0,0,0,1.0,1.0,1.0,0.0,0.0,0.0,5,0,0
834,47,14,33,9,16,3,19,17,11,2,3,0,0,0,0,0,6,0,0,0,1,0,1,0.9615384615384616,1.0,1.0,0.0,0.0,0.0,5,0,1
835,47,14,33,9,16,3,19,17,11,2,3,0,0,0,0,0,6,0,0,0,0,0,0,1.0,1.0,1.0,0.0,0.0,0.0,5,0,0
836,46,14,32,8,16,3,19,17,12,2,3,0,0,0,0,0,6,1,0,0,1,0,1,0.96,1.0,1.0,0.0,0.0,0.16666666666666666,5,0,1
837,46,14,32,8,16,3,19,17,12,2,3,0,0,0,0,0,0,0,0,0,0,0,0,1.0,1.0,1.0,0.0,0.0,0.0,5,0,0
838,46,14,32,8,16,3,19,17,12,2,3,0,0,0,0,0,0,0,0,0,0,0,0,1.0,1.0,1.0,0.0,0.0,0.0,5,0,0
839,48,16,32,11,15,3,19,17,11,2,4,0,0,0,0,0,0,0,0,1,1,0,1,0.9583333333333334,1.0,1.0,0.06521739130434782,0.06521739130434782,0.0,5,3,1
840,52,19,33,15,15,3,19,17,10,2,5,0,0,0,0,0,0,0,0,1,0,0,0,1.0,1.0,1.0,0.08333333333333333,0.08333333333333333,0.0,5,4,0
841,60,23,37,23,15,3,19,17,8,2,7,0,0,0,0,0,0,0,0,2,0,0,0,1.0,1.0,1.0,0.15384615384615385,0.15384615384615385,0.0,5,8,0
842,62,24,38,25,15,3,19,17,7,2,8,0,0,0,0,0,0,0,0,1,2,0,2,0.9473684210526316,1.0,1.0,0.06666666666666667,0.06666666666666667,0.0,5,4,2
843,61,23,38,24,15,3,19,17,7,2,8,0,0,0,0,0,0,0,0,0,1,0,1,0.975,1.0,1.0,0.0,0.0,0.0,5,0,1
844,60,22,38,23,15,3,19,17,7,2,8,0,0,0,0,0,0,0,0,0,1,0,1,0.9743589743589743,1.0,1.0,0.0,0.0,0.0,5,0,1
845,59,21,38,23,14,3,19,17,7,2,8,0,0,0,0,0,0,0,0,0,1,0,1,0.9736842105263158,1.0,1.0,0.0,0.0,0.0,5,0,1
846,57,21,36,22,13,3,19,17,7,2,8,0,0,0,0,0,0,0,0,0,2,0,2,0.9459459459459459,1.0,1.0,0.0,0.0,0.0,5,0,2
847,56,20,36,22,12,3,19,17,7,2,8,0,0,0,0,0,0,0,0,0,1,0,1,0.9714285714285714,1.0,1.0,0.0,0.0,0.0,5,0,1
848,56,20,36,22,12,3,19,17,7,2,8,0,0,0,0,0,0,0,0,0,0,0,0,1.0,1.0,1.0,0.0,0.0,0.0,5,0,0
849,56,20,36,22,12,3,19,17,7,2,8,0,0,0,0,0,0,0,0,0,0,0,0,1.0,1.0,1.0,0.0,0.0,0.0,5,0,0
850,55,19,36,22,11,3,19,17,7,2,8,0,0,0,0,0,0,0,0,0,1,0,1,0.9705882352941176,1.0,1.0,0.0,0.0,0.0,5,0,1
851,54,18,36,22,11,3,18,17,7,1,8,0,0,0,0,0,0,0,0,0,0,0,0,1.0,0.5,1.0,0.0,0.0,0.0,5,0,1
852,57,20,37,25,11,3,18,17,7,1,9,0,0,0,0,0,5,1,0,1,0,0,0,1.0,1.0,1.0,0.05555555555555555,0.05555555555555555,0.2,5,3,0
853,63,25,38,32,10,3,18,17,5,1,11,0,0,0,0,0,0,0,0,2,1,0,1,0.9722222222222222,1.0,1.0,0.12280701754385964,0.12280701754385964,0.0,5,7,1
854,61,24,37,30,10,3,18,17,5,1,11,0,0,0,0,0,0,0,0,0,2,0,2,0.9523809523809523,1.0,1.0,0.0,0.0,0.0,5,0,2
855,65,25,40,34,10,3,18,17,4,1,12,0,0,0,0,0,0,0,0,1,0,0,0,1.0,1.0,1.0,0.06557377049180328,0.06557377049180328,0.0,5,4,0
856,62,25,37,31,10,3,18,17,4,1,12,0,0,0,0,0,0,0,0,0,3,0,3,0.9318181818181819,1.0,1.0,0.0,0.0,0.0,5,0,3
857,60,24,36,29,10,3,18,17,4,0,12,0,0,0,0,0,0,0,0,0,2,0,2,0.9512195121951219,1.0,1.0,0.0,0.0,0.0,5,0,2
858,60,24,36,29,10,3,18,17,4,1,12,0,0,0,0,0,2,0,1,0,0,0,0,1.0,1.0,1.0,0.0,0.0,0.0,5,0,0
859,59,23,36,29,9,3,18,17,4,1,12,0,0,0,0,0,0,0,0,0,1,0,1,0.9743589743589743,1.0,1.0,0.0,0.0,0.0,5,0,1
860,58,22,36,28,9,3,18,17,4,1,12,0,0,0,0,0,0,0,0,0,1,0,1,0.9736842105263158,1.0,1.0,0.0,0.0,0.0,5,0,1
861,57,21,36,28,8,3,18,17,4,1,12,0,0,0,0,0,0,0,0,0,1,0,1,0.972972972972973,1.0,1.0,0.0,0.0,0.0,5,0,1
862,55,20,35,26,8,3,18,17,4,1,12,0,0,0,0,0,0,0,0,0,2,2,2,0.9444444444444444,1.0,1.0,0.0,0.0,0.0,5,0,2
863,55,20,35,26,8,3,18,17,4,1,12,0,0,0,0,0,0,0,0,0,0,0,0,1.0,1.0,1.0,0.0,0.0,0.0,5,0,0
864,55,20,35,26,8,3,18,17,4,1,12,0,0,0,0,0,0,0,0,0,0,0,0,1.0,1.0,1.0,0.0,0.0,0.0,5,0,0
865,55,20,35,26,8,3,18,17,4,1,12,0,0,0,0,0,0,0,0,0,0,0,0,1.0,1.0,1.0,0.0,0.0,0.0,5,0,0
866,55,20,35,26,6,5,18,17,4,1,12,0,0,0,0,0,0,0,0,0,0,0,0,1.0,1.0,1.0,0.0,0.0,0.0,5,0,0
867,54,19,35,26,6,4,18,17,4,1,12,0,0,0,0,0,0,0,0,0,0,0,0,1.0,1.0,1.0,0.0,0.0,0.0,5,0,1
868,54,19,35,26,6,4,18,17,4,1,12,0,0,0,0,0,0,0,0,0,0,0,0,1.0,1.0,1.0,0.0,0.0,0.0,5,0,0
869,54,19,35,25,7,4,18,17,4,1,12,0,0,0,0,0,0,0,0,0,0,0,0,1.0,1.0,1.0,0.0,0.0,0.0,5,0,0
870,54,19,35,24,8,4,18,17,4,1,12,0,0,0,0,0,0,0,0,0,0,0,0,1.0,1.0,1.0,0.0,0.0,0.0,5,0,0
871,52,17,35,23,7,4,18,17,4,1,11,0,0,0,0,0,0,0,0,0,2,0,2,0.9375,1.0,1.0,0.0,0.0,0.0,5,0,2
872,51,17,34,21,8,4,18,17,5,1,10,0,0,0,0,0,5,1,0,0,1,0,1,0.9666666666666667,1.0,1.0,0.0,0.0,0.2,5,0,1
873,50,16,34,20,8,4,18,17,6,1,10,0,0,0,0,0,4,1,0,0,1,0,1,0.9655172413793104,1.0,1.0,0.0,0.0,0.25,5,0,1
874,49,16,33,20,8,4,17,16,6,1,8,0,0,0,0,0,0,0,0,0,0,0,0,1.0,1.0,0.9411764705882353,0.0,0.0,0.0,5,0,1
875,52,17,35,23,8,4,17,16,5,1,9,0,0,0,0,0,3,0,0,1,0,0,0,1.0,1.0,1.0,0.061224489795918366,0.061224489795918366,0.0,5,3,0
876,49,16,33,22,6,4,17,16,6,1,9,0,0,0,0,0,7,1,0,0,3,1,3,0.9032258064516129,1.0,1.0,0.0,0.0,0.14285714285714285,5,0,3
877,49,16,33,22,6,4,17,16,6,1,9,0,0,0,0,0,0,0,0,0,0,0,0,1.0,1.0,1.0,0.0,0.0,0.0,5,0,0
878,47,15,32,21,6,4,16,15,5,1,9,0,0,0,0,0,0,0,0,0,1,0,1,0.9642857142857143,1.0,0.9375,0.0,0.0,0.0,5,0,2
879,47,15,32,21,6,4,16,15,5,1,9,0,0,0,0,0,0,0,0,0,0,0,0,1.0,1.0,1.0,0.0,0.0,0.0,5,0,0
880,47,15,32,21,5,5,16,15,5,1,9,0,0,0,0,0,0,0,0,0,0,0,0,1.0,1.0,1.0,0.0,0.0,0.0,5,0,0
881,47,15,32,21,5,5,16,15,5,1,9,0,0,0,0,0,0,0,0,0,0,0,0,1.0,1.0,1.0,0.0,0.0,0.0,5,0,0
882,47,15,32,20,6,5,16,15,5,1,9,0,0,0,0,0,0,0,0,0,0,0,0,1.0,1.0,1.0,0.0,0.0,0.0,5,0,0
883,46,14,32,17,8,5,16,15,5,1,9,0,0,0,0,0,0,0,0,0,1,0,1,0.9615384615384616,1.0,1.0,0.0,0.0,0.0,5,0,1
884,46,14,32,15,10,5,16,15,5,1,8,0,0,0,0,0,0,0,0,0,0,0,0,1.0,1.0,1.0,0.0,0.0,0.0,5,0,0
885,46,14,32,12,13,5,16,15,6,1,7,0,0,0,0,0,5,1,0,0,0,0,0,1.0,1.0,1.0,0.0,0.0,0.2,5,0,0
886,46,14,32,12,13,5,16,15,6,1,5,0,0,0,0,0,2,0,0,0,0,0,0,1.0,1.0,1.0,0.0,0.0,0.0,5,0,0
887,46,14,32,12,13,5,16,15,7,1,4,0,0,0,0,0,8,1,0,0,0,0,0,1.0,1.0,1.0,0.0,0.0,0.125,5,0,0
888,46,14,32,12,13,5,16,15,7,1,4,0,0,0,0,0,1,0,0,0,0,1,0,1.0,1.0,1.0,0.0,0.0,0.0,5,0,0
889,46,14,32,12,13,5,16,15,8,1,4,0,0,0,0,0,4,1,0,0,0,0,0,1.0,1.0,1.0,0.0,0.0,0.25,5,0,0
890,50,16,34,16,13,5,16,15,8,1,5,0,0,0,0,0,5,1,0,1,0,0,0,1.0,1.0,1.0,0.08695652173913043,0.08695652173913043,0.2,5,4,0
891,50,16,34,16,13,5,16,15,8,1,5,0,0,0,0,0,7,0,0,0,0,0,0,1.0,1.0,1.0,0.0,0.0,0.0,5,0,0
892,50,16,34,16,12,6,16,15,8,1,5,0,0,0,0,0,2,0,0,0,0,0,0,1.0,1.0,1.0,0.0,0.0,0.0,5,0,0
893,50,16,34,16,12,6,16,15,8,1,5,0,0,0,0,0,0,0,0,0,0,0,0,1.0,1.0,1.0,0.0,0.0,0.0,5,0,0
894,50,16,34,16,12,6,16,15,8,1,5,0,0,0,0,0,0,0,0,0,0,0,0,1.0,1.0,1.0,0.0,0.0,0.0,5,0,0
895,50,16,34,13,15,6,16,15,8,1,5,0,0,0,0,0,0,0,0,0,0,0,0,1.0,1.0,1.0,0.0,0.0,0.0,5,0,0
896,50,16,34,9,19,6,16,15,8,1,5,0,0,0,0,0,0,0,0,0,0,0,0,1.0,1.0,1.0,0.0,0.0,0.0,5,0,0
897,49,16,33,9,18,6,16,15,8,1,4,0,0,0,0,0,0,0,0,0,1,0,1,0.9642857142857143,1.0,1.0,0.0,0.0,0.0,5,0,1
898,47,15,32,5,20,6,16,15,8,1,3,0,0,0,0,0,4,0,0,0,2,0,2,0.9259259259259259,1.0,1.0,0.0,0.0,0.0,5,0,2
899,46,15,31,5,19,6,16,15,8,1,3,0,0,0,0,0,4,0,0,0,1,0,1,0.96,1.0,1.0,0.0,0.0,0.0,5,0,1
900,46,15,31,5,19,6,16,15,9,1,2,0,0,0,0,0,5,1,0,0,0,0,0,1.0,1.0,1.0,0.0,0.0,0.2,5,0,0
901,50,17,33,9,19,6,16,15,8,1,3,0,0,0,0,0,4,0,0,1,0,0,0,1.0,1.0,1.0,0.08695652173913043,0.08695652173913043,0.0,5,4,0
902,50,17,33,9,19,6,16,15,9,1,3,0,0,0,0,0,6,1,0,0,0,0,0,1.0,1.0,1.0,0.0,0.0,0.16666666666666666,5,0,0
903,50,17,33,9,19,6,16,15,10,0,3,0,0,0,0,0,7,1,0,0,0,0,0,1.0,1.0,1.0,0.0,0.0,0.14285714285714285,5,0,0
904,50,17,33,9,19,6,16,15,11,0,3,0,0,0,0,0,6,1,0,0,0,0,0,1.0,1.0,1.0,0.0,0.0,0.16666666666666666,5,0,0
905,49,16,33,9,18,6,16,15,11,0,3,0,0,0,0,0,0,0,0,0,1,0,1,0.9642857142857143,1.0,1.0,0.0,0.0,0.0,5,0,1
906,49,16,33,9,18,6,16,15,11,0,3,0,0,0,0,0,0,0,0,0,0,0,0,1.0,1.0,1.0,0.0,0.0,0.0,5,0,0
907,48,15,33,9,17,6,16,15,11,0,3,0,0,0,0,0,0,0,0,0,1,0,1,0.962962962962963,1.0,1.0,0.0,0.0,0.0,5,0,1
908,47,15,32,8,17,6,16,15,11,0,3,0,0,0,0,0,0,0,0,0,1,1,1,0.9615384615384616,1.0,1.0,0.0,0.0,0.0,5,0,1
909,47,15,32,8,17,6,16,15,11,0,3,0,0,0,0,0,0,0,0,0,0,0,0,1.0,1.0,1.0,0.0,0.0,0.0,5,0,0
910,46,15,31,7,17,6,16,15,11,0,3,0,0,0,0,0,0,0,0,0,1,0,1,0.96,1.0,1.0,0.0,0.0,0.0,5,0,1
911,46,15,31,7,17,6,16,15,11,0,3,0,0,0,0,0,0,0,0,0,0,0,0,1.0,1.0,1.0,0.0,0.0,0.0,5,0,0
912,46,15,31,7,16,7,16,15,11,0,3,0,0,0,0,0,2,0,0,0,0,0,0,1.0,1.0,1.0,0.0,0.0,0.0,5,0,0
913,45,14,31,6,16,7,16,15,12,0,3,0,0,0,0,0,4,1,0,0,1,0,1,0.9565217391304348,1.0,1.0,0.0,0.0,0.25,5,0,1
914,43,13,30,6,14,7,16,15,12,0,3,0,0,0,0,0,0,0,0,0,2,0,2,0.9090909090909091,1.0,1.0,0.0,0.0,0.0,5,0,2
915,43,13,30,6,14,7,16,15,12,0,3,0,0,0,0,0,0,0,0,0,0,0,0,1.0,1.0,1.0,0.0,0.0,0.0,5,0,0
916,43,13,30,6,14,7,16,15,12,0,3,0,0,0,0,0,0,0,0,0,0,0,0,1.0,1.0,1.0,0.0,0.0,0.0,5,0,0
917,43,13,30,6,14,7,16,15,12,0,3,0,0,0,0,0,0,0,0,0,0,0,0,1.0,1.0,1.0,0.0,0.0,0.0,5,0,0
918,43,13,30,4,16,7,16,15,12,0,3,0,0,0,0,0,0,0,0,0,0,0,0,1.0,1.0,1.0,0.0,0.0,0.0,5,0,0
919,43,13,30,4,16,7,16,15,12,0,3,0,0,0,0,0,0,0,0,0,0,0,0,1.0,1.0,1.0,0.0,0.0,0.0,5,0,0
920,43,13,30,4,16,7,16,15,12,0,2,0,0,0,0,0,0,0,0,0,0,0,0,1.0,1.0,1.0,0.0,0.0,0.0,5,0,0
921,43,13,30,4,16,7,16,15,13,0,2,0,0,0,0,0,5,1,0,0,0,0,0,1.0,1.0,1.0,0.0,0.0,0.2,5,0,0
922,43,13,30,4,16,7,16,15,13,0,2,0,0,0,0,0,0,0,0,0,0,0,0,1.0,1.0,1.0,0.0,0.0,0.0,5,0,0
923,43,13,30,4,16,7,16,15,13,0,2,0,0,0,0,0,0,0,0,0,0,0,0,1.0,1.0,1.0,0.0,0.0,0.0,5,0,0
924,43,13,30,4,16,7,16,15,13,0,2,0,0,0,0,0,0,0,0,0,0,0,0,1.0,1.0,1.0,0.0,0.0,0.0,5,0,0
925,43,13,30,4,16,7,16,15,13,0,2,0,0,0,0,0,0,0,0,0,0,0,0,1.0,1.0,1.0,0.0,0.0,0.0,5,0,0
926,43,13,30,4,16,6,17,16,13,0,2,0,0,0,0,0,0,0,0,0,0,0,0,1.0,1.0,1.0,0.0,0.0,0.0,5,0,0
927,43,13,30,4,16,6,17,16,13,0,2,0,0,0,0,0,0,0,0,0,0,0,0,1.0,1.0,1.0,0.0,0.0,0.0,5,0,0
928,43,13,30,4,16,6,17,16,13,0,2,0,0,0,0,0,0,0,0,0,0,0,0,1.0,1.0,1.0,0.0,0.0,0.0,5,0,0
929,43,13,30,4,16,6,17,16,14,0,2,0,0,0,0,0,4,1,0,0,0,0,0,1.0,1.0,1.0,0.0,0.0,0.25,5,0,0
930,43,13,30,4,16,6,17,16,14,0,2,0,0,0,0,0,0,0,0,0,0,0,0,1.0,1.0,1.0,0.0,0.0,0.0,5,0,0
931,42,13,29,3,16,6,17,16,14,0,2,0,0,0,0,0,0,0,0,0,1,0,1,0.95,1.0,1.0,0.0,0.0,0.0,5,0,1
932,42,13,29,3,16,6,17,16,14,0,2,0,0,0,0,0,0,0,0,0,0,0,0,1.0,1.0,1.0,0.0,0.0,0.0,5,0,0
933,42,13,29,1,18,6,17,16,14,0,2,0,0,0,0,0,0,0,0,0,0,0,0,1.0,1.0,1.0,0.0,0.0,0.0,5,0,0
934,42,13,29,1,18,6,17,16,14,0,2,0,0,0,0,0,0,0,0,0,0,0,0,1.0,1.0,1.0,0.0,0.0,0.0,5,0,0
935,42,13,29,1,18,6,17,16,14,0,1,0,0,0,0,0,0,0,0,0,0,0,0,1.0,1.0,1.0,0.0,0.0,0.0,5,0,0
936,42,13,29,1,18,6,17,16,14,1,1,0,0,0,0,0,1,0,1,0,0,0,0,1.0,1.0,1.0,0.0,0.0,0.0,5,0,0
937,44,15,29,4,17,6,17,16,13,1,2,0,0,0,0,0,0,0,0,1,1,0,1,0.9473684210526316,1.0,1.0,0.07142857142857142,0.07142857142857142,0.0,5,3,1
938,47,17,30,7,17,6,17,16,12,1,3,0,0,0,0,0,0,0,0,1,0,0,0,1.0,1.0,1.0,0.06818181818181818,0.06818181818181818,0.0,5,3,0
939,47,17,30,7,17,6,17,16,12,1,3,0,0,0,0,0,0,0,0,0,0,0,0,1.0,1.0,1.0,0.0,0.0,0.0,5,0,0
940,47,17,30,7,17,6,17,16,12,1,3,0,0,0,0,0,0,0,0,0,0,0,0,1.0,1.0,1.0,0.0,0.0,0.0,5,0,0
941,50,19,31,10,17,6,17,16,11,1,4,0,0,0,0,0,0,0,0,1,0,0,0,1.0,1.0,1.0,0.06382978723404255,0.06382978723404255,0.0,5,3,0
942,50,19,31,10,17,6,17,16,11,1,4,0,0,0,0,0,0,0,0,0,0,0,0,1.0,1.0,1.0,0.0,0.0,0.0,5,0,0
943,50,19,31,10,17,6,17,16,11,1,4,0,0,0,0,0,0,0,0,0,0,0,0,1.0,1.0,1.0,0.0,0.0,0.0,5,0,0
944,50,19,31,9,18,6,17,16,11,1,4,0,0,0,0,0,0,0,0,0,0,0,0,1.0,1.0,1.0,0.0,0.0,0.0,5,0,0
945,48,18,30,7,18,6,17,16,11,1,4,0,0,0,0,0,0,0,0,0,2,0,2,0.9259259259259259,1.0,1.0,0.0,0.0,0.0,5,0,2
946,48,18,30,7,18,6,17,16,11,1,3,0,0,0,0,0,0,0,0,0,0,0,0,1.0,1.0,1.0,0.0,0.0,0.0,5,0,0
947,48,18,30,7,18,6,17,16,11,1,3,0,0,0,0,0,1,0,0,0,0,0,0,1.0,1.0,1.0,0.0,0.0,0.0,5,0,0
948,48,18,30,7,18,6,17,16,12,1,3,0,0,0,0,0,8,1,0,0,0,0,0,1.0,1.0,1.0,0.0,0.0,0.125,5,0,0
949,48,18,30,7,18,6,17,16,12,1,3,0,0,0,0,0,0,0,0,0,0,0,0,1.0,1.0,1.0,0.0,0.0,0.0,5,0,0
950,51,21,30,10,18,6,17,16,11,1,4,0,0,0,0,0,0,0,0,1,0,0,0,1.0,1.0,1.0,0.0625,0.0625,0.0,5,3,0
951,51,21,30,10,18,6,17,16,11,1,4,0,0,0,0,0,0,0,0,0,0,0,0,1.0,1.0,1.0,0.0,0.0,0.0,5,0,0
952,55,22,33,14,18,6,17,16,10,1,5,0,0,0,0,0,0,0,0,1,0,0,0,1.0,1.0,1.0,0.0784313725490196,0.0784313725490196,0.0,5,4,0
953,55,22,33,14,18,6,17,16,10,1,5,0,0,0,0,0,0,0,0,0,0,0,0,1.0,1.0,1.0,0.0,0.0,0.0,5,0,0
954,59,23,36,18,18,6,17,16,9,1,6,0,0,0,0,0,0,0,0,1,0,0,0,1.0,1.0,1.0,0.07272727272727272,0.07272727272727272,0.0,5,4,0
955,62,25,37,21,18,6,17,16,8,1,7,0,0,0,0,0,0,0,0,1,0,0,0,1.0,1.0,1.0,0.05084745762711865,0.05084745762711865,0.0,5,3,0
956,62,25,37,21,18,6,17,16,8,1,7,0,0,0,0,0,0,0,0,0,0,0,0,1.0,1.0,1.0,0.0,0.0,0.0,5,0,0
957,59,24,35,20,16,6,17,16,8,1,7,0,0,0,0,0,0,0,0,0,3,0,3,0.9230769230769231,1.0,1.0,0.0,0.0,0.0,5,0,3
958,59,24,35,20,16,6,17,16,8,1,7,0,0,0,0,0,0,0,0,0,0,0,0,1.0,1.0,1.0,0.0,0.0,0.0,5,0,0
959,58,23,35,19,16,6,17,16,8,1,7,0,0,0,0,0,0,0,0,0,1,0,1,0.9722222222222222,1.0,1.0,0.0,0.0,0.0,5,0,1
960,58,23,35,19,16,6,17,16,8,1,7,0,0,0,0,0,0,0,0,0,0,0,0,1.0,1.0,1.0,0.0,0.0,0.0,5,0,0
961,56,22,34,17,16,6,17,16,8,1,7,0,0,0,0,0,0,0,0,0,2,0,2,0.9428571428571428,1.0,1.0,0.0,0.0,0.0,5,0,2
962,56,22,34,17,16,6,17,16,8,1,7,0,0,0,0,0,0,0,0,0,0,0,0,1.0,1.0,1.0,0.0,0.0,0.0,5,0,0
963,55,22,33,17,15,6,17,16,8,1,7,0,0,0,0,0,0,0,0,0,1,0,1,0.9696969696969697,1.0,1.0,0.0,0.0,0.0,5,0,1
964,55,22,33,17,15,6,17,16,8,1,7,0,0,0,0,0,0,0,0,0,0,0,0,1.0,1.0,1.0,0.0,0.0,0.0,5,0,0
965,57,23,34,19,15,6,17,16,7,1,8,0,0,0,0,0,0,0,0,1,1,0,1,0.96875,1.0,1.0,0.05454545454545454,0.05454545454545454,0.0,5,3,1
966,56,23,33,19,15,6,16,15,7,1,7,0,0,0,0,0,0,0,0,0,0,0,0,1.0,1.0,0.9375,0.0,0.0,0.0,5,0,1
967,60,26,34,23,15,6,16,15,6,1,8,0,0,0,0,0,0,0,0,1,0,0,0,1.0,1.0,1.0,0.07142857142857142,0.07142857142857142,0.0,5,4,0
968,61,26,35,24,15,6,16,15,5,1,9,0,0,0,0,0,0,0,0,1,2,0,2,0.9473684210526316,1.0,1.0,0.05,0.05,0.0,5,3,2
969,64,27,37,27,15,6,16,15,4,1,10,0,0,0,0,0,0,0,0,1,1,0,1,0.9743589743589743,1.0,1.0,0.06557377049180328,0.06557377049180328,0.0,5,4,1
970,61,26,35,26,13,6,16,15,4,1,10,0,0,0,0,0,0,0,0,0,3,0,3,0.9285714285714286,1.0,1.0,0.0,0.0,0.0,5,0,3
971,61,26,35,26,13,6,16,15,4,1,10,0,0,0,0,0,0,0,0,0,0,0,0,1.0,1.0,1.0,0.0,0.0,0.0,5,0,0
972,59,25,34,24,13,6,16,15,4,1,10,0,0,0,0,0,0,0,0,0,2,0,2,0.9487179487179487,1.0,1.0,0.0,0.0,0.0,5,0,2
973,59,25,34,24,13,6,16,15,4,1,10,0,0,0,0,0,0,0,0,0,0,0,0,1.0,1.0,1.0,0.0,0.0,0.0,5,0,0
974,58,24,34,23,13,6,16,15,4,1,10,0,0,0,0,0,0,0,0,0,1,0,1,0.972972972972973,1.0,1.0,0.0,0.0,0.0,5,0,1
975,58,24,34,23,13,6,16,15,4,1,10,0,0,0,0,0,0,0,0,0,0,0,0,1.0,1.0,1.0,0.0,0.0,0.0,5,0,0
976,58,24,34,23,13,6,16,15,4,1,10,0,0,0,0,0,0,0,0,0,0,0,0,1.0,1.0,1.0,0.0,0.0,0.0,5,0,0
977,58,24,34,23,13,6,16,15,4,1,10,0,0,0,0,0,0,0,0,0,0,0,0,1.0,1.0,1.0,0.0,0.0,0.0,5,0,0
978,60,26,34,25,13,6,16,15,3,1,11,0,0,0,0,0,0,0,0,1,1,0,1,0.9722222222222222,1.0,1.0,0.05172413793103448,0.05172413793103448,0.0,5,3,1
979,58,26,32,23,13,5,17,16,3,1,11,0,0,0,0,0,0,0,0,0,2,0,2,0.9473684210526316,1.0,1.0,0.0,0.0,0.0,5,0,2
980,58,26,32,22,14,5,17,16,3,1,11,0,0,0,0,0,0,0,0,0,0,0,0,1.0,1.0,1.0,0.0,0.0,0.0,5,0,0
981,57,26,31,18,17,5,17,16,4,0,11,0,0,0,0,0,2,1,0,0,1,0,1,0.9722222222222222,1.0,1.0,0.0,0.0,0.5,5,0,1
982,57,26,31,18,17,4,18,17,4,0,10,0,0,0,0,0,5,0,0,0,0,0,0,1.0,1.0,1.0,0.0,0.0,0.0,5,0,0
983,57,26,31,18,17,4,18,17,4,0,10,0,0,0,0,0,1,0,0,0,0,0,0,1.0,1.0,1.0,0.0,0.0,0.0,5,0,0
984,57,26,31,18,17,4,18,17,5,0,10,0,0,0,0,0,1,1,0,0,0,0,0,1.0,1.0,1.0,0.0,0.0,1.0,5,0,0
985,56,25,31,17,17,3,19,18,5,1,10,0,0,0,0,0,4,0,1,0,1,0,1,0.9714285714285714,1.0,1.0,0.0,0.0,0.0,5,0,1
986,60,25,35,21,17,3,19,18,4,1,10,0,0,0,0,0,0,0,0,1,0,0,0,1.0,1.0,1.0,0.07142857142857142,0.07142857142857142,0.0,5,4,0
987,60,25,35,21,17,3,19,18,5,1,10,0,0,0,0,0,5,1,0,0,0,0,0,1.0,1.0,1.0,0.0,0.0,0.2,5,0,0
988,59,24,35,20,17,3,19,18,5,1,10,0,0,0,0,0,0,0,0,0,1,0,1,0.9736842105263158,1.0,1.0,0.0,0.0,0.0,5,0,1
989,59,24,35,20,17,3,19,18,5,1,10,0,0,0,0,0,0,0,0,0,0,0,0,1.0,1.0,1.0,0.0,0.0,0.0,5,0,0
990,59,24,35,20,17,3,19,18,5,1,10,0,0,0,0,0,0,0,0,0,0,0,0,1.0,1.0,1.0,0.0,0.0,0.0,5,0,0
991,58,23,35,20,16,3,19,18,5,1,10,0,0,0,0,0,0,0,0,0,1,0,1,0.972972972972973,1.0,1.0,0.0,0.0,0.0,5,0,1
992,58,23,35,20,16,3,19,18,5,1,10,0,0,0,0,0,0,0,0,0,0,0,0,1.0,1.0,1.0,0.0,0.0,0.0,5,0,0
993,57,23,34,18,17,3,19,18,5,1,10,0,0,0,0,0,0,0,0,0,1,0,1,0.9722222222222222,1.0,1.0,0.0,0.0,0.0,5,0,1
994,59,22,37,21,16,3,19,18,4,1,11,0,0,0,0,0,1,0,0,1,1,0,1,0.9714285714285714,1.0,1.0,0.05263157894736842,0.05263157894736842,0.0,5,3,1
995,59,22,37,20,17,3,19,18,5,1,10,0,0,0,0,0,2,1,0,0,0,0,0,1.0,1.0,1.0,0.0,0.0,0.5,5,0,0
996,58,22,36,20,16,3,19,18,5,1,10,0,0,0,0,0,6,0,0,0,1,0,1,0.972972972972973,1.0,1.0,0.0,0.0,0.0,5,0,1
997,57,22,35,16,19,3,19,18,5,1,9,0,0,0,0,0,2,0,0,0,1,0,1,0.9722222222222222,1.0,1.0,0.0,0.0,0.0,5,0,1
998,57,22,35,16,19,3,19,18,7,1,9,0,0,0,0,0,8,2,0,0,0,0,0,1.0,1.0,1.0,0.0,0.0,0.25,5,0,0
999,57,22,35,16,19,3,19,18,8,1,8,0,0,0,0,0,3,1,0,0,0,0,0,1.0,1.0,1.0,0.0,0.0,0.3333333333333333,5,0,0
1000,57,22,35,16,19,3,19,18,8,1,7,0,0,0,0,0,2,0,0,0,0,0,0,1.0,1.0,1.0,0.0,0.0,0.0,5,0,0
1001,56,21,35,16,18,2,20,18,8,2,7,0,0,0,0,0,2,0,1,0,1,0,1,0.9714285714285714,1.0,1.0,0.0,0.0,0.0,5,0,1
1002,56,21,35,16,18,2,20,18,9,2,7,0,0,0,0,0,3,1,0,0,0,0,0,1.0,1.0,1.0,0.0,0.0,0.3333333333333333,5,0,0
1003,56,21,35,16,18,2,20,18,9,2,7,0,0,0,0,0,0,0,0,0,0,0,0,1.0,1.0,1.0,0.0,0.0,0.0,5,0,0
1004,55,21,34,15,18,2,20,18,9,2,7,0,0,0,0,0,0,0,0,0,1,0,1,0.9705882352941176,1.0,1.0,0.0,0.0,0.0,5,0,1
1005,54,21,33,15,17,2,20,18,9,2,7,0,0,0,0,0,0,0,0,0,1,0,1,0.9696969696969697,1.0,1.0,0.0,0.0,0.0,5,0,1
1006,54,21,33,15,17,2,20,18,9,2,7,0,0,0,0,0,0,0,0,0,0,0,0,1.0,1.0,1.0,0.0,0.0,0.0,5,0,0
1007,54,21,33,15,17,1,21,19,10,2,7,0,0,0,0,0,4,1,0,0,0,0,0,1.0,1.0,1.0,0.0,0.0,0.25,5,0,0
1008,54,21,33,14,18,1,21,19,10,2,7,0,0,0,0,0,0,0,0,0,0,0,0,1.0,1.0,1.0,0.0,0.0,0.0,5,0,0
1009,54,21,33,14,18,1,21,19,10,2,7,0,0,0,0,0,0,0,0,0,0,1,0,1.0,1.0,1.0,0.0,0.0,0.0,5,0,0
1010,54,21,33,11,21,1,21,19,10,2,6,0,0,0,0,0,0,0,0,0,0,0,0,1.0,1.0,1.0,0.0,0.0,0.0,5,0,0
1011,52,19,33,10,21,1,20,19,11,2,6,0,0,0,0,0,8,1,0,0,1,0,1,0.96875,0.5,1.0,0.0,0.0,0.125,5,0,2
1012,52,19,33,6,25,1,20,19,11,2,5,0,0,0,0,0,0,0,0,0,0,0,0,1.0,1.0,1.0,0.0,0.0,0.0,5,0,0
1013,54,19,35,9,23,2,20,19,11,2,5,0,0,0,0,0,6,1,0,1,1,0,1,0.9666666666666667,1.0,1.0,0.057692307692307696,0.057692307692307696,0.16666666666666666,5,3,1
1014,54,19,35,9,23,2,20,19,12,2,4,0,0,0,0,0,1,1,0,0,0,0,0,1.0,1.0,1.0,0.0,0.0,1.0,5,0,0
1015,54,19,35,9,23,2,20,19,13,2,4,0,0,0,0,0,7,1,0,0,0,0,0,1.0,1.0,1.0,0.0,0.0,0.14285714285714285,5,0,0
1016,54,19,35,9,23,2,20,19,13,2,4,0,0,0,0,0,0,0,0,0,0,0,0,1.0,1.0,1.0,0.0,0.0,0.0,5,0,0
1017,52,17,35,9,21,2,20,19,13,2,4,0,0,0,0,0,0,0,0,0,2,0,2,0.9375,1.0,1.0,0.0,0.0,0.0,5,0,2
1018,51,16,35,9,20,2,20,19,13,2,4,0,0,0,0,0,0,0,0,0,1,0,1,0.9666666666666667,1.0,1.0,0.0,0.0,0.0,5,0,1
1019,51,16,35,9,20,2,20,19,13,2,4,0,0,0,0,0,0,0,0,0,0,1,0,1.0,1.0,1.0,0.0,0.0,0.0,5,0,0
1020,49,15,34,9,18,2,20,19,13,2,4,0,0,0,0,0,0,0,0,0,2,1,2,0.9310344827586207,1.0,1.0,0.0,0.0,0.0,5,0,2
1021,49,15,34,8,19,2,20,19,13,2,4,0,0,0,0,0,0,0,0,0,0,0,0,1.0,1.0,1.0,0.0,0.0,0.0,5,0,0
1022,49,15,34,8,19,2,20,19,13,2,4,0,0,0,0,0,0,0,0,0,0,1,0,1.0,1.0,1.0,0.0,0.0,0.0,5,0,0
1023,49,15,34,8,19,2,20,19,13,2,3,0,0,0,0,0,0,0,0,0,0,0,0,1.0,1.0,1.0,0.0,0.0,0.0,5,0,0
1024,49,15,34,8,18,3,20,19,14,2,3,0,0,0,0,0,7,1,0,0,0,0,0,1.0,1.0,1.0,0.0,0.0,0.14285714285714285,5,0,0
1025,49,15,34,8,18,3,20,19,14,2,3,0,0,0,0,0,0,0,0,0,0,0,0,1.0,1.0,1.0,0.0,0.0,0.0,5,0,0
1026,48,15,33,7,17,4,20,19,14,2,3,0,0,0,0,0,0,0,0,0,1,0,1,0.96,1.0,1.0,0.0,0.0,0.0,5,0,1
1027,47,15,32,6,17,4,20,19,14,2,3,0,0,0,0,0,0,0,0,0,1,0,1,0.9583333333333334,1.0,1.0,0.0,0.0,0.0,5,0,1
1028,47,15,32,6,17,4,20,19,14,2,3,0,0,0,0,0,0,0,0,0,0,0,0,1.0,1.0,1.0,0.0,0.0,0.0,5,0,0
1029,47,15,32,4,19,4,20,19,14,2,3,0,0,0,0,0,0,0,0,0,0,0,0,1.0,1.0,1.0,0.0,0.0,0.0,5,0,0
1030,47,15,32,4,19,4,20,19,14,1,3,0,0,0,0,0,0,0,0,0,0,0,0,1.0,1.0,1.0,0.0,0.0,0.0,5,0,0
1031,47,15,32,4,19,4,20,19,14,1,2,0,0,0,0,0,0,0,0,0,0,0,0,1.0,1.0,1.0,0.0,0.0,0.0,5,0,0
1032,47,15,32,4,19,4,20,19,14,1,2,0,0,0,0,0,0,0,0,0,0,1,0,1.0,1.0,1.0,0.0,0.0,0.0,5,0,0
1033,47,15,32,4,19,4,20,19,14,1,2,0,0,0,0,0,0,0,0,0,0,1,0,1.0,1.0,1.0,0.0,0.0,0.0,5,0,0
1034,46,15,31,4,19,4,19,18,13,1,2,0,0,0,0,0,0,0,0,0,0,0,0,1.0,1.0,0.9473684210526316,0.0,0.0,0.0,5,0,1
1035,46,15,31,4,19,4,19,18,13,1,2,0,0,0,0,0,0,0,0,0,0,0,0,1.0,1.0,1.0,0.0,0.0,0.0,5,0,0
1036,46,15,31,4,18,5,19,18,13,1,2,0,0,0,0,0,0,0,0,0,0,0,0,1.0,1.0,1.0,0.0,0.0,0.0,5,0,0
1037,45,15,30,2,18,6,19,18,13,1,2,0,0,0,0,0,0,0,0,0,1,0,1,0.9523809523809523,1.0,1.0,0.0,0.0,0.0,5,0,1
1038,45,15,30,2,18,6,19,18,13,1,2,0,0,0,0,0,0,0,0,0,0,0,0,1.0,1.0,1.0,0.0,0.0,0.0,5,0,0
1039,44,14,30,2,17,6,19,18,13,1,1,0,0,0,0,0,0,0,0,0,1,0,1,0.95,1.0,1.0,0.0,0.0,0.0,5,0,1
1040,44,14,30,2,17,6,19,18,13,1,1,0,0,0,0,0,0,0,0,0,0,0,0,1.0,1.0,1.0,0.0,0.0,0.0,5,0,0
1041,44,14,30,2,17,6,19,18,13,1,1,0,0,0,0,0,0,0,0,0,0,0,0,1.0,1.0,1.0,0.0,0.0,0.0,5,0,0
1042,44,14,30,2,17,6,19,18,13,1,1,0,0,0,0,0,0,0,0,0,0,0,0,1.0,1.0,1.0,0.0,0.0,0.0,5,0,0
1043,44,14,30,2,17,6,19,18,13,1,1,0,0,0,0,0,0,0,0,0,0,0,0,1.0,1.0,1.0,0.0,0.0,0.0,5,0,0
1044,44,14,30,2,17,6,19,18,13,1,1,0,0,0,0,0,0,0,0,0,0,0,0,1.0,1.0,1.0,0.0,0.0,0.0,5,0,0
1045,43,13,30,1,17,6,19,18,13,1,1,0,0,0,0,0,0,0,0,0,1,0,1,0.9473684210526316,1.0,1.0,0.0,0.0,0.0,5,0,1
1046,47,14,33,5,17,6,19,18,12,0,2,0,0,0,0,0,0,0,0,1,0,0,0,1.0,1.0,1.0,0.09302325581395349,0.09302325581395349,0.0,5,4,0
1047,47,14,33,5,17,6,19,18,12,0,2,0,0,0,0,0,0,0,0,0,0,0,0,1.0,1.0,1.0,0.0,0.0,0.0,5,0,0
1048,47,14,33,5,17,6,19,18,12,0,2,0,0,0,0,0,0,0,0,0,0,0,0,1.0,1.0,1.0,0.0,0.0,0.0,5,0,0
1049,50,15,35,8,17,6,19,18,11,0,3,0,0,0,0,0,0,0,0,1,0,0,0,1.0,1.0,1.0,0.06382978723404255,0.06382978723404255,0.0,5,3,0
1050,50,15,35,8,17,6,19,18,11,0,3,0,0,0,0,0,0,0,0,0,0,0,0,1.0,1.0,1.0,0.0,0.0,0.0,5,0,0
1051,50,15,35,8,17,6,19,18,11,0,3,0,0,0,0,0,0,0,0,0,0,0,0,1.0,1.0,1.0,0.0,0.0,0.0,5,0,0
1052,53,17,36,11,17,6,19,18,10,0,4,0,0,0,0,0,0,0,0,1,0,0,0,1.0,1.0,1.0,0.06,0.06,0.0,5,3,0
1053,53,17,36,11,17,6,19,18,10,0,4,0,0,0,0,0,0,0,0,0,0,0,0,1.0,1.0,1.0,0.0,0.0,0.0,5,0,0
1054,53,17,36,11,17,6,19,18,10,0,4,0,0,0,0,0,0,0,0,0,0,0,0,1.0,1.0,1.0,0.0,0.0,0.0,5,0,0
1055,53,17,36,11,17,6,19,18,10,0,4,0,0,0,0,0,0,0,0,0,0,1,0,1.0,1.0,1.0,0.0,0.0,0.0,5,0,0
1056,52,17,35,9,18,6,19,18,10,0,4,0,0,0,0,0,0,0,0,0,1,0,1,0.9642857142857143,1.0,1.0,0.0,0.0,0.0,5,0,1
1057,52,17,35,9,18,6,19,18,10,0,4,0,0,0,0,0,0,0,0,0,0,0,0,1.0,1.0,1.0,0.0,0.0,0.0,5,0,0
1058,51,16,35,9,17,6,19,18,10,0,3,0,0,0,0,0,0,0,0,0,1,0,1,0.962962962962963,1.0,1.0,0.0,0.0,0.0,5,0,1
1059,51,16,35,9,16,7,19,18,10,0,3,0,0,0,0,0,0,0,0,0,0,0,0,1.0,1.0,1.0,0.0,0.0,0.0,5,0,0
1060,55,18,37,13,16,7,19,18,9,0,4,0,0,0,0,0,0,0,0,1,0,0,0,1.0,1.0,1.0,0.0784313725490196,0.0784313725490196,0.0,5,4,0
1061,55,18,37,13,16,7,19,18,9,0,4,0,0,0,0,0,0,0,0,0,0,0,0,1.0,1.0,1.0,0.0,0.0,0.0,5,0,0
1062,55,18,37,13,16,7,19,18,9,0,4,0,0,0,0,0,0,0,0,0,0,0,0,1.0,1.0,1.0,0.0,0.0,0.0,5,0,0
1063,63,20,43,21,16,7,19,18,7,0,6,0,0,0,0,0,0,0,0,2,0,0,0,1.0,1.0,1.0,0.14545454545454545,0.14545454545454545,0.0,5,8,0
1064,67,23,44,25,16,7,19,18,6,0,7,0,0,0,0,0,0,0,0,1,0,0,0,1.0,1.0,1.0,0.06349206349206349,0.06349206349206349,0.0,5,4,0
1065,62,20,42,22,15,7,18,18,6,0,7,0,0,0,0,0,0,0,0,0,4,0,4,0.9024390243902439,0.0,1.0,0.0,0.0,0.0,5,0,5
1066,61,20,41,22,14,7,18,18,6,0,7,0,0,0,0,0,0,0,0,0,1,0,1,0.972972972972973,1.0,1.0,0.0,0.0,0.0,5,0,1
1067,64,22,42,25,14,7,18,18,5,0,8,0,0,0,0,0,0,0,0,1,1,0,1,0.9722222222222222,1.0,1.0,0.06557377049180328,0.06557377049180328,0.0,5,4,1
1068,62,22,40,23,14,7,18,18,5,0,8,0,0,0,0,0,0,0,0,0,2,0,2,0.9487179487179487,1.0,1.0,0.0,0.0,0.0,5,0,2
1069,62,22,40,23,14,7,18,18,5,0,8,0,0,0,0,0,0,0,0,0,0,0,0,1.0,1.0,1.0,0.0,0.0,0.0,5,0,0
1070,60,20,40,23,13,6,18,18,5,0,8,0,0,0,0,0,0,0,0,0,1,0,1,0.972972972972973,1.0,1.0,0.0,0.0,0.0,5,0,2
1071,60,20,40,23,13,6,18,18,5,0,8,0,0,0,0,0,0,0,0,0,0,0,0,1.0,1.0,1.0,0.0,0.0,0.0,5,0,0
1072,63,20,43,26,13,6,18,18,4,0,9,0,0,0,0,0,0,0,0,1,1,0,1,0.9722222222222222,1.0,1.0,0.06666666666666667,0.06666666666666667,0.0,5,4,1
1073,62,20,42,26,12,6,18,18,4,0,9,0,0,0,0,0,0,0,0,0,1,0,1,0.9743589743589743,1.0,1.0,0.0,0.0,0.0,5,0,1
1074,61,20,41,25,12,6,18,18,4,0,9,0,0,0,0,0,0,0,0,0,1,0,1,0.9736842105263158,1.0,1.0,0.0,0.0,0.0,5,0,1
1075,60,19,41,25,11,6,18,18,4,0,9,0,0,0,0,0,0,0,0,0,1,0,1,0.972972972972973,1.0,1.0,0.0,0.0,0.0,5,0,1
1076,62,21,41,27,11,6,18,18,3,0,10,0,0,0,0,0,0,0,0,1,2,0,2,0.9444444444444444,1.0,1.0,0.06666666666666667,0.06666666666666667,0.0,5,4,2
1077,62,21,41,27,11,6,18,18,3,0,10,0,0,0,0,0,0,0,0,0,0,0,0,1.0,1.0,1.0,0.0,0.0,0.0,5,0,0
1078,62,21,41,27,11,6,18,18,3,0,10,0,0,0,0,0,0,0,0,0,0,0,0,1.0,1.0,1.0,0.0,0.0,0.0,5,0,0
1079,66,23,43,31,11,6,18,18,2,0,11,0,0,0,0,0,0,0,0,1,0,0,0,1.0,1.0,1.0,0.06451612903225806,0.06451612903225806,0.0,5,4,0
1080,66,22,44,31,11,6,18,18,1,0,12,0,0,0,0,0,0,0,0,1,3,0,3,0.9285714285714286,1.0,1.0,0.045454545454545456,0.045454545454545456,0.0,5,3,3
1081,62,21,41,28,10,6,18,18,1,0,12,0,0,0,0,0,0,0,0,0,4,0,4,0.9047619047619048,1.0,1.0,0.0,0.0,0.0,5,0,4
1082,62,21,41,28,10,6,18,18,1,0,12,0,0,0,0,0,0,0,0,0,0,0,0,1.0,1.0,1.0,0.0,0.0,0.0,5,0,0
1083,61,21,40,28,9,6,18,18,1,0,12,0,0,0,0,0,0,0,0,0,1,0,1,0.9736842105263158,1.0,1.0,0.0,0.0,0.0,5,0,1
1084,60,21,39,28,9,6,17,17,1,0,11,0,0,0,0,0,0,0,0,0,0,0,0,1.0,1.0,0.9444444444444444,0.0,0.0,0.0,5,0,1
1085,60,21,39,28,9,6,17,17,1,0,11,0,0,0,0,0,0,0,0,0,0,0,0,1.0,1.0,1.0,0.0,0.0,0.0,5,0,0
1086,60,21,39,28,9,6,17,17,1,0,11,0,0,0,0,0,0,0,0,0,0,0,0,1.0,1.0,1.0,0.0,0.0,0.0,5,0,0
1087,59,21,38,28,9,5,17,17,1,0,11,0,0,0,0,0,0,0,0,0,0,0,0,1.0,1.0,0.9444444444444444,0.0,0.0,0.0,5,0,1
1088,59,21,38,28,9,5,17,17,1,0,11,0,0,0,0,0,0,0,0,0,0,0,0,1.0,1.0,1.0,0.0,0.0,0.0,5,0,0
1089,61,22,39,28,11,5,17,17,0,0,12,0,0,0,0,0,0,0,0,1,1,0,1,0.972972972972973,1.0,1.0,0.05084745762711865,0.05084745762711865,0.0,5,3,1
1090,61,22,39,28,11,5,17,17,0,0,12,0,0,0,0,0,0,0,0,0,0,0,0,1.0,1.0,1.0,0.0,0.0,0.0,5,0,0
1091,61,22,39,28,11,5,17,17,0,0,11,0,0,0,0,0,0,0,0,0,0,0,0,1.0,1.0,1.0,0.0,0.0,0.0,5,0,0
1092,60,22,38,26,13,5,16,16,0,0,10,0,0,0,0,0,0,0,0,0,0,0,0,1.0,1.0,0.9411764705882353,0.0,0.0,0.0,5,0,1
1093,59,22,37,26,12,5,16,16,0,0,10,0,0,0,0,0,0,0,0,0,1,0,1,0.9743589743589743,1.0,1.0,0.0,0.0,0.0,5,0,1
1094,59,22,37,26,12,5,16,16,0,0,10,0,0,0,0,0,0,0,0,0,0,0,0,1.0,1.0,1.0,0.0,0.0,0.0,5,0,0
1095,59,22,37,26,12,5,16,16,0,0,10,0,0,0,0,0,0,0,0,0,0,0,0,1.0,1.0,1.0,0.0,0.0,0.0,5,0,0
1096,58,22,36,25,12,5,16,16,0,0,10,0,0,0,0,0,0,0,0,0,1,0,1,0.9736842105263158,1.0,1.0,0.0,0.0,0.0,5,0,1
1097,58,22,36,25,12,5,16,16,0,0,9,0,0,0,0,0,0,0,0,0,0,0,0,1.0,1.0,1.0,0.0,0.0,0.0,5,0,0
1098,57,21,36,24,12,5,16,16,0,0,9,0,0,0,0,0,0,0,0,0,1,0,1,0.972972972972973,1.0,1.0,0.0,0.0,0.0,5,0,1
1099,57,21,36,24,12,5,16,16,0,0,9,0,0,0,0,0,0,0,0,0,0,0,0,1.0,1.0,1.0,0.0,0.0,0.0,5,0,0
1100,57,21,36,24,12,5,16,16,0,0,9,0,0,0,0,0,0,0,0,0,0,0,0,1.0,1.0,1.0,0.0,0.0,0.0,5,0,0
1101,56,21,35,23,12,5,16,16,0,0,9,0,0,0,0,0,0,0,0,0,1,0,1,0.9722222222222222,1.0,1.0,0.0,0.0,0.0,5,0,1
1102,56,21,35,23,12,5,16,16,0,0,9,0,0,0,0,0,0,0,0,0,0,0,0,1.0,1.0,1.0,0.0,0.0,0.0,5,0,0
1103,56,21,35,21,14,5,16,16,0,0,9,0,0,0,0,0,0,0,0,0,0,0,0,1.0,1.0,1.0,0.0,0.0,0.0,5,0,0
1104,56,21,35,21,14,5,16,16,0,0,9,0,0,0,0,0,0,0,0,0,0,0,0,1.0,1.0,1.0,0.0,0.0,0.0,5,0,0
1105,56,21,35,21,14,5,16,16,0,0,8,0,0,0,0,0,0,0,0,0,0,0,0,1.0,1.0,1.0,0.0,0.0,0.0,5,0,0
1106,53,18,35,18,14,5,16,16,0,0,8,0,0,0,0,0,0,0,0,0,3,0,3,0.9142857142857143,1.0,1.0,0.0,0.0,0.0,5,0,3
1107,52,18,34,16,16,5,15,15,0,0,7,0,0,0,0,0,0,0,0,0,0,0,0,1.0,1.0,0.9375,0.0,0.0,0.0,5,0,1
1108,52,18,34,16,16,5,15,15,0,0,7,0,0,0,0,0,0,0,0,0,0,0,0,1.0,1.0,1.0,0.0,0.0,0.0,5,0,0
1109,52,18,34,16,16,5,15,15,0,0,6,0,0,0,0,0,0,0,0,0,0,0,0,1.0,1.0,1.0,0.0,0.0,0.0,5,0,0
1110,51,17,34,13,18,5,15,15,0,0,6,0,0,0,0,0,0,0,0,0,1,0,1,0.96875,1.0,1.0,0.0,0.0,0.0,5,0,1
1111,51,17,34,13,18,5,15,15,0,0,6,0,0,0,0,0,0,0,0,0,0,0,0,1.0,1.0,1.0,0.0,0.0,0.0,5,0,0
1112,50,17,33,12,18,5,15,15,0,0,5,0,0,0,0,0,0,0,0,0,1,0,1,0.967741935483871,1.0,1.0,0.0,0.0,0.0,5,0,1
1113,50,17,33,12,18,5,15,15,0,0,5,0,0,0,0,0,0,0,0,0,0,0,0,1.0,1.0,1.0,0.0,0.0,0.0,5,0,0
1114,50,17,33,12,18,5,15,15,0,0,5,0,0,0,0,0,0,0,0,0,0,0,0,1.0,1.0,1.0,0.0,0.0,0.0,5,0,0
1115,48,16,32,8,20,5,15,15,0,0,5,0,0,0,0,0,0,0,0,0,2,0,2,0.9333333333333333,1.0,1.0,0.0,0.0,0.0,5,0,2
1116,48,16,32,8,20,5,15,15,0,0,5,0,0,0,0,0,0,0,0,0,0,0,0,1.0,1.0,1.0,0.0,0.0,0.0,5,0,0
1117,47,16,31,8,19,5,15,15,0,0,4,0,0,0,0,0,0,0,0,0,1,1,1,0.9642857142857143,1.0,1.0,0.0,0.0,0.0,5,0,1
1118,47,16,31,8,19,5,15,15,0,0,4,0,0,0,0,0,0,0,0,0,0,1,0,1.0,1.0,1.0,0.0,0.0,0.0,5,0,0
1119,47,16,31,7,20,5,15,15,0,0,4,0,0,0,0,0,0,0,0,0,0,0,0,1.0,1.0,1.0,0.0,0.0,0.0,5,0,0
1120,47,16,31,7,20,5,15,15,0,0,4,0,0,0,0,0,0,0,0,0,0,0,0,1.0,1.0,1.0,0.0,0.0,0.0,5,0,0
1121,47,16,31,7,19,6,15,15,0,0,3,0,0,0,0,0,0,0,0,0,0,0,0,1.0,1.0,1.0,0.0,0.0,0.0,5,0,0
1122,47,16,31,6,19,7,15,15,0,0,3,0,0,0,0,0,0,0,0,0,0,0,0,1.0,1.0,1.0,0.0,0.0,0.0,5,0,0
1123,47,16,31,3,22,7,15,15,0,0,3,0,0,0,0,0,0,0,0,0,0,0,0,1.0,1.0,1.0,0.0,0.0,0.0,5,0,0
1124,47,16,31,3,22,7,15,15,0,0,2,0,0,0,0,0,0,0,0,0,0,0,0,1.0,1.0,1.0,0.0,0.0,0.0,5,0,0
1125,46,16,30,3,22,7,14,14,0,0,1,0,0,0,0,0,0,0,0,0,0,0,0,1.0,1.0,0.9333333333333333,0.0,0.0,0.0,5,0,1
1126,46,16,30,3,22,7,14,14,0,0,1,0,0,0,0,0,0,0,0,0,0,0,0,1.0,1.0,1.0,0.0,0.0,0.0,5,0,0
1127,45,15,30,3,22,6,14,14,0,0,1,0,0,0,0,0,0,0,0,0,0,0,0,1.0,1.0,1.0,0.0,0.0,0.0,5,0,1
1128,45,15,30,3,22,6,14,14,0,0,1,0,0,0,0,0,0,0,0,0,0,0,0,1.0,1.0,1.0,0.0,0.0,0.0,5,0,0
1129,44,15,29,3,21,6,14,14,0,0,1,0,0,0,0,0,0,0,0,0,1,0,1,0.96,1.0,1.0,0.0,0.0,0.0,5,0,1
1130,44,15,29,3,21,6,14,14,0,0,1,0,0,0,0,0,0,0,0,0,0,0,0,1.0,1.0,1.0,0.0,0.0,0.0,5,0,0
1131,44,15,29,3,21,6,14,14,0,0,1,0,0,0,0,0,0,0,0,0,0,0,0,1.0,1.0,1.0,0.0,0.0,0.0,5,0,0
1132,44,15,29,0,24,6,14,14,0,0,1,0,0,0,0,0,0,0,0,0,0,0,0,1.0,1.0,1.0,0.0,0.0,0.0,5,0,0
1133,44,15,29,0,24,6,14,14,0,0,1,0,0,0,0,0,0,0,0,0,0,0,0,1.0,1.0,1.0,0.0,0.0,0.0,5,0,0
1134,43,14,29,0,23,6,14,14,0,0,0,0,0,0,0,0,0,0,0,0,1,0,1,0.9583333333333334,1.0,1.0,0.0,0.0,0.0,5,0,1
1135,43,14,29,0,23,6,14,14,0,0,0,0,0,0,0,0,0,0,0,0,0,0,0,1.0,1.0,1.0,0.0,0.0,0.0,5,0,0
1136,42,14,28,0,22,6,14,14,0,0,0,0,0,0,0,0,0,0,0,0,1,0,1,0.9565217391304348,1.0,1.0,0.0,0.0,0.0,5,0,1
1137,42,14,28,0,22,6,14,14,0,0,0,0,0,0,0,0,0,0,0,0,0,0,0,1.0,1.0,1.0,0.0,0.0,0.0,5,0,0
1138,42,14,28,0,22,6,14,14,0,0,0,0,0,0,0,0,0,0,0,0,0,0,0,1.0,1.0,1.0,0.0,0.0,0.0,5,0,0
1139,42,14,28,0,22,6,14,14,0,0,0,0,0,0,0,0,0,0,0,0,0,0,0,1.0,1.0,1.0,0.0,0.0,0.0,5,0,0
1140,42,14,28,0,22,6,14,14,0,0,0,0,0,0,0,0,0,0,0,0,0,0,0,1.0,1.0,1.0,0.0,0.0,0.0,5,0,0
1141,42,14,28,0,22,6,14,14,0,0,0,0,0,0,0,0,0,0,0,0,0,0,0,1.0,1.0,1.0,0.0,0.0,0.0,5,0,0
1142,42,14,28,0,22,6,14,14,0,0,0,0,0,0,0,0,0,0,0,0,0,0,0,1.0,1.0,1.0,0.0,0.0,0.0,5,0,0
1143,41,13,28,0,21,6,14,14,0,0,0,0,0,0,0,0,0,0,0,0,1,0,1,0.9545454545454546,1.0,1.0,0.0,0.0,0.0,5,0,1
1144,41,13,28,0,21,6,14,14,0,0,0,0,0,0,0,0,0,0,0,0,0,0,0,1.0,1.0,1.0,0.0,0.0,0.0,5,0,0
1145,41,13,28,0,21,6,14,14,0,0,0,0,0,0,0,0,0,0,0,0,0,0,0,1.0,1.0,1.0,0.0,0.0,0.0,5,0,0
1146,41,13,28,0,21,6,14,14,0,0,0,0,0,0,0,0,0,0,0,0,0,0,0,1.0,1.0,1.0,0.0,0.0,0.0,5,0,0
1147,41,13,28,0,21,6,14,14,0,0,0,0,0,0,0,0,0,0,0,0,0,1,0,1.0,1.0,1.0,0.0,0.0,0.0,5,0,0
1148,40,13,27,0,21,4,15,14,1,0,0,0,0,0,0,0,8,1,0,0,0,1,0,1.0,1.0,1.0,0.0,0.0,0.125,5,0,1
1149,40,13,27,0,21,4,15,14,1,0,0,0,0,0,0,0,0,0,0,0,0,1,0,1.0,1.0,1.0,0.0,0.0,0.0,5,0,0
1150,40,13,27,0,21,4,15,14,1,0,0,0,0,0,0,0,0,0,0,0,0,0,0,1.0,1.0,1.0,0.0,0.0,0.0,5,0,0
1151,40,13,27,0,20,5,15,14,3,1,0,0,0,0,0,0,8,2,1,0,0,0,0,1.0,1.0,1.0,0.0,0.0,0.25,5,0,0
1152,40,13,27,0,19,6,15,14,3,2,0,0,0,0,0,0,1,0,1,0,0,0,0,1.0,1.0,1.0,0.0,0.0,0.0,5,0,0
1153,40,13,27,0,18,7,15,14,4,2,0,0,0,0,0,0,4,1,0,0,0,0,0,1.0,1.0,1.0,0.0,0.0,0.25,5,0,0
1154,40,13,27,0,18,7,15,14,6,2,0,0,0,0,0,0,8,2,0,0,0,0,0,1.0,1.0,1.0,0.0,0.0,0.25,5,0,0
1155,40,13,27,0,18,7,15,14,7,2,0,0,0,0,0,0,5,1,0,0,0,0,0,1.0,1.0,1.0,0.0,0.0,0.2,5,0,0
1156,40,13,27,0,18,7,15,14,8,2,0,0,0,0,0,0,7,1,0,0,0,0,0,1.0,1.0,1.0,0.0,0.0,0.14285714285714285,5,0,0
1157,40,13,27,0,18,7,15,14,8,2,0,0,0,0,0,0,0,0,0,0,0,0,0,1.0,1.0,1.0,0.0,0.0,0.0,5,0,0
1158,40,13,27,0,18,7,15,14,8,2,0,0,0,0,0,0,0,0,0,0,0,0,0,1.0,1.0,1.0,0.0,0.0,0.0,5,0,0
1159,40,13,27,0,18,7,15,14,8,2,0,0,0,0,0,0,0,0,0,0,0,0,0,1.0,1.0,1.0,0.0,0.0,0.0,5,0,0
1160,40,13,27,0,18,7,15,14,8,2,0,0,0,0,0,0,0,0,0,0,0,0,0,1.0,1.0,1.0,0.0,0.0,0.0,5,0,0
1161,40,13,27,0,18,6,16,14,8,2,0,0,0,0,0,0,0,0,0,0,0,0,0,1.0,1.0,1.0,0.0,0.0,0.0,5,0,0
1162,40,13,27,0,18,6,16,14,8,2,0,0,0,0,0,0,0,0,0,0,0,0,0,1.0,1.0,1.0,0.0,0.0,0.0,5,0,0
1163,40,13,27,0,18,6,16,14,8,2,0,0,0,0,0,0,0,0,0,0,0,0,0,1.0,1.0,1.0,0.0,0.0,0.0,5,0,0
1164,40,13,27,0,18,6,16,14,11,2,0,0,0,0,0,0,15,3,0,0,0,0,0,1.0,1.0,1.0,0.0,0.0,0.2,5,0,0
1165,40,13,27,0,18,6,16,14,12,2,0,0,0,0,0,0,7,1,0,0,0,0,0,1.0,1.0,1.0,0.0,0.0,0.14285714285714285,5,0,0
1166,40,13,27,0,18,6,16,14,12,2,0,0,0,0,0,0,0,0,0,0,0,0,0,1.0,1.0,1.0,0.0,0.0,0.0,5,0,0
1167,40,13,27,0,18,6,16,14,12,2,0,0,0,0,0,0,0,0,0,0,0,0,0,1.0,1.0,1.0,0.0,0.0,0.0,5,0,0
1168,40,13,27,0,18,6,16,14,12,2,0,0,0,0,0,0,0,0,0,0,0,0,0,1.0,1.0,1.0,0.0,0.0,0.0,5,0,0
1169,40,13,27,0,18,6,16,14,12,2,0,0,0,0,0,0,0,0,0,0,0,0,0,1.0,1.0,1.0,0.0,0.0,0.0,5,0,0
1170,40,13,27,0,18,6,16,14,12,2,0,0,0,0,0,0,0,0,0,0,0,0,0,1.0,1.0,1.0,0.0,0.0,0.0,5,0,0
1171,40,13,27,0,18,5,17,14,12,2,0,0,0,0,0,0,0,0,0,0,0,0,0,1.0,1.0,1.0,0.0,0.0,0.0,5,0,0
1172,40,13,27,0,18,4,18,14,12,2,0,0,0,0,0,0,0,0,0,0,0,0,0,1.0,1.0,1.0,0.0,0.0,0.0,5,0,0
1173,40,13,27,0,18,4,18,14,12,2,0,0,0,0,0,0,0,0,0,0,0,0,0,1.0,1.0,1.0,0.0,0.0,0.0,5,0,0
1174,40,13,27,0,18,4,18,14,12,2,0,0,0,0,0,0,0,0,0,0,0,1,0,1.0,1.0,1.0,0.0,0.0,0.0,5,0,0
1175,40,13,27,0,18,4,18,14,12,2,0,0,0,0,0,0,0,0,0,0,0,0,0,1.0,1.0,1.0,0.0,0.0,0.0,5,0,0
1176,40,13,27,0,18,4,18,14,12,2,0,0,0,0,0,0,0,0,0,0,0,0,0,1.0,1.0,1.0,0.0,0.0,0.0,5,0,0
1177,40,13,27,0,18,4,18,14,12,2,0,0,0,0,0,0,0,0,0,0,0,0,0,1.0,1.0,1.0,0.0,0.0,0.0,5,0,0
1178,39,12,27,0,16,5,18,14,12,2,0,0,0,0,0,0,0,0,0,0,1,0,1,0.9411764705882353,1.0,1.0,0.0,0.0,0.0,5,0,1
1179,39,12,27,0,16,5,18,14,12,2,0,0,0,0,0,0,0,0,0,0,0,0,0,1.0,1.0,1.0,0.0,0.0,0.0,5,0,0
1180,39,12,27,0,16,5,18,14,12,2,0,0,0,0,0,0,0,0,0,0,0,0,0,1.0,1.0,1.0,0.0,0.0,0.0,5,0,0
1181,39,12,27,0,16,5,18,14,12,2,0,0,0,0,0,0,0,0,0,0,0,0,0,1.0,1.0,1.0,0.0,0.0,0.0,5,0,0
1182,38,11,27,0,15,5,18,14,12,2,0,0,0,0,0,0,0,0,0,0,1,0,1,0.9375,1.0,1.0,0.0,0.0,0.0,5,0,1
1183,38,11,27,0,15,5,18,14,12,2,0,0,0,0,0,0,0,0,0,0,0,0,0,1.0,1.0,1.0,0.0,0.0,0.0,5,0,0
1184,37,11,26,0,15,4,18,14,12,2,0,0,0,0,0,0,0,0,0,0,0,0,0,1.0,1.0,1.0,0.0,0.0,0.0,5,0,1
1185,37,11,26,0,15,4,18,14,12,2,0,0,0,0,0,0,0,0,0,0,0,0,0,1.0,1.0,1.0,0.0,0.0,0.0,5,0,0
1186,37,11,26,0,15,4,18,14,12,2,0,0,0,0,0,0,0,0,0,0,0,0,0,1.0,1.0,1.0,0.0,0.0,0.0,5,0,0
1187,37,11,26,0,15,4,18,14,12,2,0,0,0,0,0,0,0,0,0,0,0,0,0,1.0,1.0,1.0,0.0,0.0,0.0,5,0,0
1188,37,11,26,0,15,4,18,14,12,2,0,0,0,0,0,0,0,0,0,0,0,0,0,1.0,1.0,1.0,0.0,0.0,0.0,5,0,0
1189,37,11,26,0,15,4,18,14,12,2,0,0,0,0,0,0,0,0,0,0,0,0,0,1.0,1.0,1.0,0.0,0.0,0.0,5,0,0
1190,37,11,26,0,15,4,18,14,12,2,0,0,0,0,0,0,0,0,0,0,0,0,0,1.0,1.0,1.0,0.0,0.0,0.0,5,0,0
1191,37,11,26,0,15,4,18,14,12,2,0,0,0,0,0,0,0,0,0,0,0,0,0,1.0,1.0,1.0,0.0,0.0,0.0,5,0,0
1192,37,11,26,0,15,4,18,14,12,2,0,0,0,0,0,0,0,0,0,0,0,0,0,1.0,1.0,1.0,0.0,0.0,0.0,5,0,0
1193,37,11,26,0,15,4,18,14,12,2,0,0,0,0,0,0,0,0,0,0,0,1,0,1.0,1.0,1.0,0.0,0.0,0.0,5,0,0
1194,37,11,26,0,15,4,18,14,12,2,0,0,0,0,0,0,0,0,0,0,0,0,0,1.0,1.0,1.0,0.0,0.0,0.0,5,0,0
1195,37,11,26,0,15,4,18,14,12,2,0,0,0,0,0,0,0,0,0,0,0,0,0,1.0,1.0,1.0,0.0,0.0,0.0,5,0,0
1196,36,10,26,0,15,3,18,14,12,1,0,0,0,0,0,0,0,0,0,0,0,0,0,1.0,1.0,1.0,0.0,0.0,0.0,5,0,1
1197,36,10,26,0,14,4,18,14,13,0,0,0,0,0,0,0,7,1,0,0,0,0,0,1.0,1.0,1.0,0.0,0.0,0.14285714285714285,5,0,0
1198,35,9,26,0,13,4,18,14,14,0,0,0,0,0,0,0,6,1,0,0,1,0,1,0.9285714285714286,1.0,1.0,0.0,0.0,0.16666666666666666,5,0,1
1199,35,9,26,0,13,4,18,14,14,0,0,0,0,0,0,0,0,0,0,0,0,0,0,1.0,1.0,1.0,0.0,0.0,0.0,5,0,0
1200,35,9,26,0,13,4,18,14,14,0,0,0,0,0,0,0,0,0,0,0,0,0,0,1.0,1.0,1.0,0.0,0.0,0.0,5,0,0
1201,35,9,26,0,13,4,18,14,14,0,0,0,0,0,0,0,0,0,0,0,0,0,0,1.0,1.0,1.0,0.0,0.0,0.0,5,0,0
1202,34,9,25,0,13,3,18,14,14,0,0,0,0,0,0,0,0,0,0,0,0,0,0,1.0,1.0,1.0,0.0,0.0,0.0,5,0,1
1203,34,9,25,0,13,3,18,14,14,0,0,0,0,0,0,0,0,0,0,0,0,0,0,1.0,1.0,1.0,0.0,0.0,0.0,5,0,0
1204,34,9,25,0,13,3,18,14,14,0,0,0,0,0,0,0,0,0,0,0,0,0,0,1.0,1.0,1.0,0.0,0.0,0.0,5,0,0
1205,34,9,25,0,13,3,18,14,14,0,0,0,0,0,0,0,0,0,0,0,0,0,0,1.0,1.0,1.0,0.0,0.0,0.0,5,0,0
1206,34,9,25,0,13,3,18,14,14,0,0,0,0,0,0,0,0,0,0,0,0,0,0,1.0,1.0,1.0,0.0,0.0,0.0,5,0,0
1207,34,9,25,0,13,3,18,14,14,0,0,0,0,0,0,0,0,0,0,0,0,0,0,1.0,1.0,1.0,0.0,0.0,0.0,5,0,0
1208,34,9,25,0,13,3,18,14,14,0,0,0,0,0,0,0,0,0,0,0,0,0,0,1.0,1.0,1.0,0.0,0.0,0.0,5,0,0
1209,33,9,24,0,13,3,17,13,13,0,0,0,0,0,0,0,0,0,0,0,0,0,0,1.0,1.0,0.9285714285714286,0.0,0.0,0.0,5,0,1
1210,32,9,23,0,12,3,17,13,13,0,0,0,0,0,0,0,0,0,0,0,1,0,1,0.9230769230769231,1.0,1.0,0.0,0.0,0.0,5,0,1
1211,32,9,23,0,12,3,17,13,13,0,0,0,0,0,0,0,0,0,0,0,0,0,0,1.0,1.0,1.0,0.0,0.0,0.0,5,0,0
1212,32,9,23,0,12,3,17,13,13,0,0,0,0,0,0,0,0,0,0,0,0,0,0,1.0,1.0,1.0,0.0,0.0,0.0,5,0,0
1213,35,10,25,3,12,3,17,13,12,0,1,0,0,0,0,0,0,0,0,1,0,0,0,1.0,1.0,1.0,0.09375,0.09375,0.0,5,3,0
1214,35,10,25,3,12,3,17,13,12,0,1,0,0,0,0,0,0,0,0,0,0,0,0,1.0,1.0,1.0,0.0,0.0,0.0,5,0,0
1215,35,10,25,3,12,3,17,13,12,0,1,0,0,0,0,0,0,0,0,0,0,0,0,1.0,1.0,1.0,0.0,0.0,0.0,5,0,0
1216,41,15,26,9,12,3,17,13,10,0,3,0,0,0,0,0,0,0,0,2,0,0,0,1.0,1.0,1.0,0.17142857142857143,0.17142857142857143,0.0,5,6,0
1217,41,15,26,9,12,3,17,13,10,0,3,0,0,0,0,0,0,0,0,0,0,0,0,1.0,1.0,1.0,0.0,0.0,0.0,5,0,0
1218,45,17,28,13,12,3,17,13,9,0,4,0,0,0,0,0,0,0,0,1,0,0,0,1.0,1.0,1.0,0.0975609756097561,0.0975609756097561,0.0,5,4,0
1219,53,21,32,21,12,3,17,13,7,0,6,0,0,0,0,0,0,0,0,2,0,0,0,1.0,1.0,1.0,0.17777777777777778,0.17777777777777778,0.0,5,8,0
1220,56,23,33,24,12,3,17,13,6,0,7,0,0,0,0,0,0,0,0,1,0,0,0,1.0,1.0,1.0,0.05660377358490566,0.05660377358490566,0.0,5,3,0
1221,59,24,35,28,11,3,17,13,5,0,8,0,0,0,0,0,0,0,0,1,1,0,1,0.9722222222222222,1.0,1.0,0.07142857142857142,0.07142857142857142,0.0,5,4,1
1222,58,23,35,27,11,3,17,13,5,0,8,0,0,0,0,0,0,0,0,0,1,0,1,0.9743589743589743,1.0,1.0,0.0,0.0,0.0,5,0,1
1223,57,22,35,27,10,3,17,13,5,0,8,0,0,0,0,0,0,0,0,0,1,0,1,0.9736842105263158,1.0,1.0,0.0,0.0,0.0,5,0,1
1224,56,22,34,26,10,3,17,13,5,0,8,0,0,0,0,0,0,0,0,0,1,0,1,0.972972972972973,1.0,1.0,0.0,0.0,0.0,5,0,1
1225,56,22,34,26,10,3,17,13,5,0,8,0,0,0,0,0,0,0,0,0,0,0,0,1.0,1.0,1.0,0.0,0.0,0.0,5,0,0
1226,54,21,33,25,9,3,17,13,5,0,8,0,0,0,0,0,0,0,0,0,2,1,2,0.9444444444444444,1.0,1.0,0.0,0.0,0.0,5,0,2
1227,54,21,33,25,9,3,17,13,5,0,8,0,0,0,0,0,0,0,0,0,0,0,0,1.0,1.0,1.0,0.0,0.0,0.0,5,0,0
1228,53,20,33,24,9,3,17,13,5,0,8,0,0,0,0,0,0,0,0,0,1,0,1,0.9705882352941176,1.0,1.0,0.0,0.0,0.0,5,0,1
1229,59,24,35,30,9,3,17,13,3,0,10,0,0,0,0,0,0,0,0,2,0,0,0,1.0,1.0,1.0,0.11320754716981132,0.11320754716981132,0.0,5,6,0
1230,61,26,35,33,8,4,16,13,2,0,11,0,0,0,0,0,0,0,0,1,1,0,1,0.9736842105263158,0.75,1.0,0.06779661016949153,0.06779661016949153,0.0,5,4,2
1231,60,25,35,32,8,4,16,13,2,0,11,0,0,0,0,0,0,0,0,0,1,0,1,0.975609756097561,1.0,1.0,0.0,0.0,0.0,5,0,1
1232,59,24,35,31,8,4,16,13,2,0,11,0,0,0,0,0,0,0,0,0,1,0,1,0.975,1.0,1.0,0.0,0.0,0.0,5,0,1
1233,58,24,34,31,7,4,16,13,2,0,11,0,0,0,0,0,0,0,0,0,1,0,1,0.9743589743589743,1.0,1.0,0.0,0.0,0.0,5,0,1
1234,58,24,34,31,7,4,16,13,2,0,11,0,0,0,0,0,0,0,0,0,0,0,0,1.0,1.0,1.0,0.0,0.0,0.0,5,0,0
1235,57,23,34,30,7,4,16,13,2,0,11,0,0,0,0,0,0,0,0,0,1,0,1,0.9736842105263158,1.0,1.0,0.0,0.0,0.0,5,0,1
1236,57,23,34,30,7,4,16,13,2,0,11,0,0,0,0,0,0,0,0,0,0,0,0,1.0,1.0,1.0,0.0,0.0,0.0,5,0,0
1237,55,21,34,29,7,4,15,13,2,0,11,0,0,0,0,0,0,0,0,0,1,0,1,0.972972972972973,0.6666666666666667,1.0,0.0,0.0,0.0,5,0,2
1238,54,20,34,28,7,4,15,13,2,0,11,0,0,0,0,0,0,0,0,0,1,0,1,0.9722222222222222,1.0,1.0,0.0,0.0,0.0,5,0,1
1239,53,19,34,27,7,4,15,13,2,0,11,0,0,0,0,0,0,0,0,0,1,0,1,0.9714285714285714,1.0,1.0,0.0,0.0,0.0,5,0,1
1240,53,19,34,27,7,4,15,13,2,0,11,0,0,0,0,0,0,0,0,0,0,0,0,1.0,1.0,1.0,0.0,0.0,0.0,5,0,0
1241,53,19,34,27,7,4,15,13,2,0,11,0,0,0,0,0,0,0,0,0,0,0,0,1.0,1.0,1.0,0.0,0.0,0.0,5,0,0
1242,53,19,34,27,7,4,15,13,2,0,11,0,0,0,0,0,0,0,0,0,0,0,0,1.0,1.0,1.0,0.0,0.0,0.0,5,0,0
1243,53,19,34,27,7,4,15,13,2,0,11,0,0,0,0,0,0,0,0,0,0,0,0,1.0,1.0,1.0,0.0,0.0,0.0,5,0,0
1244,53,19,34,27,7,4,15,13,2,0,11,0,0,0,0,0,0,0,0,0,0,0,0,1.0,1.0,1.0,0.0,0.0,0.0,5,0,0
1245,53,19,34,27,7,4,15,13,2,0,11,0,0,0,0,0,0,0,0,0,0,0,0,1.0,1.0,1.0,0.0,0.0,0.0,5,0,0
1246,52,18,34,26,7,4,15,13,2,0,11,0,0,0,0,0,0,0,0,0,1,0,1,0.9705882352941176,1.0,1.0,0.0,0.0,0.0,5,0,1
1247,49,15,34,23,7,4,15,13,2,0,11,0,0,0,0,0,0,0,0,0,3,1,3,0.9090909090909091,1.0,1.0,0.0,0.0,0.0,5,0,3
1248,48,15,33,22,7,4,15,13,2,0,11,0,0,0,0,0,0,0,0,0,1,0,1,0.9666666666666667,1.0,1.0,0.0,0.0,0.0,5,0,1
1249,48,15,33,22,7,4,15,13,2,0,11,0,0,0,0,0,0,0,0,0,0,0,0,1.0,1.0,1.0,0.0,0.0,0.0,5,0,0
1250,48,15,33,22,7,4,15,13,2,0,11,0,0,0,0,0,0,0,0,0,0,0,0,1.0,1.0,1.0,0.0,0.0,0.0,5,0,0
1251,46,14,32,20,6,5,15,13,2,0,11,0,0,0,0,0,0,0,0,0,2,0,2,0.9285714285714286,1.0,1.0,0.0,0.0,0.0,5,0,2
1252,46,14,32,20,6,5,15,13,2,0,11,0,0,0,0,0,0,0,0,0,0,1,0,1.0,1.0,1.0,0.0,0.0,0.0,5,0,0
1253,46,14,32,20,6,5,15,13,2,0,11,0,0,0,0,0,0,0,0,0,0,0,0,1.0,1.0,1.0,0.0,0.0,0.0,5,0,0
1254,46,14,32,20,6,5,15,13,2,0,11,0,0,0,0,0,0,0,0,0,0,0,0,1.0,1.0,1.0,0.0,0.0,0.0,5,0,0
1255,46,14,32,20,6,5,15,13,2,0,11,0,0,0,0,0,0,0,0,0,0,0,0,1.0,1.0,1.0,0.0,0.0,0.0,5,0,0
1256,46,14,32,19,6,6,15,13,2,0,11,0,0,0,0,0,0,0,0,0,0,0,0,1.0,1.0,1.0,0.0,0.0,0.0,5,0,0
1257,46,14,32,19,6,6,15,13,2,0,11,0,0,0,0,0,0,0,0,0,0,0,0,1.0,1.0,1.0,0.0,0.0,0.0,5,0,0
1258,46,14,32,19,6,6,15,13,2,0,10,0,0,0,0,0,0,0,0,0,0,0,0,1.0,1.0,1.0,0.0,0.0,0.0,5,0,0
1259,46,14,32,15,10,6,15,13,3,0,10,0,0,0,0,0,6,1,0,0,0,1,0,1.0,1.0,1.0,0.0,0.0,0.16666666666666666,5,0,0
1260,46,14,32,15,10,6,15,13,3,0,10,0,0,0,0,0,0,0,0,0,0,2,0,1.0,1.0,1.0,0.0,0.0,0.0,5,0,0
1261,45,13,32,11,13,6,15,13,3,0,8,0,0,0,0,0,0,0,0,0,1,0,1,0.96,1.0,1.0,0.0,0.0,0.0,5,0,1
1262,49,14,35,12,16,6,15,13,2,0,9,0,0,0,0,0,3,0,0,1,0,0,0,1.0,1.0,1.0,0.08888888888888889,0.08888888888888889,0.0,5,4,0
1263,53,16,37,15,16,7,15,13,1,0,9,0,0,0,0,0,2,0,0,1,0,0,0,1.0,1.0,1.0,0.08163265306122448,0.08163265306122448,0.0,5,4,0
1264,53,16,37,12,17,9,15,13,3,0,7,0,0,0,0,0,14,2,0,0,0,0,0,1.0,1.0,1.0,0.0,0.0,0.14285714285714285,5,0,0
1265,52,16,36,12,16,9,15,13,4,0,6,0,0,0,0,0,10,1,0,0,1,0,1,0.9655172413793104,1.0,1.0,0.0,0.0,0.1,5,0,1
1266,52,16,36,12,16,9,15,13,6,0,5,0,0,0,0,0,15,2,0,0,0,0,0,1.0,1.0,1.0,0.0,0.0,0.13333333333333333,5,0,0
1267,51,16,35,11,16,9,15,13,6,0,5,0,0,0,0,0,2,0,0,0,1,0,1,0.9642857142857143,1.0,1.0,0.0,0.0,0.0,5,0,1
1268,51,16,35,11,16,9,15,13,8,0,5,0,0,0,0,0,8,2,0,0,0,0,0,1.0,1.0,1.0,0.0,0.0,0.25,5,0,0
1269,51,16,35,11,16,9,15,13,8,0,5,0,0,0,0,0,0,0,0,0,0,1,0,1.0,1.0,1.0,0.0,0.0,0.0,5,0,0
1270,50,15,35,11,15,9,15,13,8,0,5,0,0,0,0,0,0,0,0,0,1,0,1,0.962962962962963,1.0,1.0,0.0,0.0,0.0,5,0,1
1271,50,15,35,11,15,9,15,13,8,0,5,0,0,0,0,0,0,0,0,0,0,0,0,1.0,1.0,1.0,0.0,0.0,0.0,5,0,0
1272,50,15,35,9,17,9,15,13,8,0,5,0,0,0,0,0,0,0,0,0,0,0,0,1.0,1.0,1.0,0.0,0.0,0.0,5,0,0
1273,50,15,35,8,17,10,15,13,8,0,5,0,0,0,0,0,0,0,0,0,0,0,0,1.0,1.0,1.0,0.0,0.0,0.0,5,0,0
1274,50,15,35,8,17,10,15,13,8,0,3,0,0,0,0,0,0,0,0,0,0,0,0,1.0,1.0,1.0,0.0,0.0,0.0,5,0,0
1275,50,15,35,8,17,10,15,13,9,1,2,0,0,0,0,0,7,1,1,0,0,0,0,1.0,1.0,1.0,0.0,0.0,0.14285714285714285,5,0,0
1276,50,15,35,8,17,10,15,13,9,1,2,0,0,0,0,0,1,0,0,0,0,0,0,1.0,1.0,1.0,0.0,0.0,0.0,5,0,0
1277,50,15,35,8,17,10,15,13,9,2,2,0,0,0,0,0,1,0,1,0,0,0,0,1.0,1.0,1.0,0.0,0.0,0.0,5,0,0
1278,50,15,35,8,17,10,15,13,9,2,2,0,0,0,0,0,0,0,0,0,0,0,0,1.0,1.0,1.0,0.0,0.0,0.0,5,0,0
1279,50,15,35,8,17,10,15,13,9,2,2,0,0,0,0,0,0,0,0,0,0,0,0,1.0,1.0,1.0,0.0,0.0,0.0,5,0,0
1280,50,15,35,8,17,10,15,13,9,2,2,0,0,0,0,0,0,0,0,0,0,0,0,1.0,1.0,1.0,0.0,0.0,0.0,5,0,0
1281,50,15,35,8,17,10,15,13,9,2,2,0,0,0,0,0,0,0,0,0,0,0,0,1.0,1.0,1.0,0.0,0.0,0.0,5,0,0
1282,50,15,35,8,17,10,15,13,9,2,2,0,0,0,0,0,0,0,0,0,0,0,0,1.0,1.0,1.0,0.0,0.0,0.0,5,0,0
1283,50,15,35,8,17,10,15,13,9,2,2,0,0,0,0,0,0,0,0,0,0,0,0,1.0,1.0,1.0,0.0,0.0,0.0,5,0,0
1284,50,15,35,8,17,10,15,13,9,2,2,0,0,0,0,0,0,0,0,0,0,0,0,1.0,1.0,1.0,0.0,0.0,0.0,5,0,0
1285,50,15,35,8,17,10,15,13,9,2,2,0,0,0,0,0,0,0,0,0,0,0,0,1.0,1.0,1.0,0.0,0.0,0.0,5,0,0
1286,50,15,35,8,17,10,15,13,9,2,2,0,0,0,0,0,0,0,0,0,0,0,0,1.0,1.0,1.0,0.0,0.0,0.0,5,0,0
1287,50,15,35,8,17,9,16,13,9,2,2,0,0,0,0,0,0,0,0,0,0,0,0,1.0,1.0,1.0,0.0,0.0,0.0,5,0,0
1288,50,15,35,8,17,9,16,13,9,2,2,0,0,0,0,0,0,0,0,0,0,0,0,1.0,1.0,1.0,0.0,0.0,0.0,5,0,0
1289,50,15,35,8,17,9,16,13,9,2,2,0,0,0,0,0,0,0,0,0,0,0,0,1.0,1.0,1.0,0.0,0.0,0.0,5,0,0
1290,50,15,35,8,17,9,16,13,9,2,2,0,0,0,0,0,0,0,0,0,0,0,0,1.0,1.0,1.0,0.0,0.0,0.0,5,0,0
1291,50,15,35,8,17,9,16,13,9,2,2,0,0,0,0,0,0,0,0,0,0,0,0,1.0,1.0,1.0,0.0,0.0,0.0,5,0,0
1292,50,15,35,8,17,9,16,13,9,2,2,0,0,0,0,0,0,0,0,0,0,0,0,1.0,1.0,1.0,0.0,0.0,0.0,5,0,0
1293,50,15,35,8,17,9,16,13,9,2,2,0,0,0,0,0,0,0,0,0,0,0,0,1.0,1.0,1.0,0.0,0.0,0.0,5,0,0
1294,49,15,34,8,17,8,16,13,9,2,2,0,0,0,0,0,0,0,0,0,0,0,0,1.0,1.0,1.0,0.0,0.0,0.0,5,0,1
1295,49,15,34,8,17,8,16,13,9,2,2,0,0,0,0,0,0,0,0,0,0,0,0,1.0,1.0,1.0,0.0,0.0,0.0,5,0,0
1296,49,15,34,8,17,8,16,13,9,2,2,0,0,0,0,0,0,0,0,0,0,0,0,1.0,1.0,1.0,0.0,0.0,0.0,5,0,0
1297,49,15,34,8,17,8,16,13,9,2,2,0,0,0,0,0,0,0,0,0,0,0,0,1.0,1.0,1.0,0.0,0.0,0.0,5,0,0
1298,49,15,34,8,17,8,16,13,9,2,2,0,0,0,0,0,0,0,0,0,0,0,0,1.0,1.0,1.0,0.0,0.0,0.0,5,0,0
1299,49,15,34,8,17,8,16,13,9,2,2,0,0,0,0,0,0,0,0,0,0,0,0,1.0,1.0,1.0,0.0,0.0,0.0,5,0,0
1300,48,14,34,7,17,8,16,13,9,2,2,0,0,0,0,0,0,0,0,0,1,0,1,0.96,1.0,1.0,0.0,0.0,0.0,5,0,1
1301,48,14,34,7,17,8,16,13,9,2,2,0,0,0,0,0,0,0,0,0,0,0,0,1.0,1.0,1.0,0.0,0.0,0.0,5,0,0
1302,48,14,34,7,17,8,16,13,9,2,2,0,0,0,0,0,0,0,0,0,0,0,0,1.0,1.0,1.0,0.0,0.0,0.0,5,0,0
1303,48,14,34,7,17,8,16,13,9,2,2,0,0,0,0,0,0,0,0,0,0,0,0,1.0,1.0,1.0,0.0,0.0,0.0,5,0,0
1304,48,14,34,7,17,8,16,13,9,2,2,0,0,0,0,0,0,0,0,0,0,0,0,1.0,1.0,1.0,0.0,0.0,0.0,5,0,0
1305,47,14,33,4,19,8,16,13,9,2,2,0,0,0,0,0,0,0,0,0,1,0,1,0.9583333333333334,1.0,1.0,0.0,0.0,0.0,5,0,1
1306,47,14,33,0,23,8,16,13,9,2,2,0,0,0,0,0,0,0,0,0,0,0,0,1.0,1.0,1.0,0.0,0.0,0.0,5,0,0
1307,47,14,33,0,23,8,16,13,9,2,1,0,0,0,0,0,0,0,0,0,0,0,0,1.0,1.0,1.0,0.0,0.0,0.0,5,0,0
1308,47,14,33,0,23,8,16,13,10,2,0,0,0,0,0,0,5,1,0,0,0,0,0,1.0,1.0,1.0,0.0,0.0,0.2,5,0,0
1309,47,14,33,0,23,8,16,13,11,2,0,0,0,0,0,0,7,1,0,0,0,0,0,1.0,1.0,1.0,0.0,0.0,0.14285714285714285,5,0,0
1310,47,14,33,0,23,8,16,13,11,2,0,0,0,0,0,0,0,0,0,0,0,0,0,1.0,1.0,1.0,0.0,0.0,0.0,5,0,0
1311,47,14,33,0,23,8,16,13,11,2,0,0,0,0,0,0,0,0,0,0,0,0,0,1.0,1.0,1.0,0.0,0.0,0.0,5,0,0
1312,47,14,33,0,23,8,16,13,11,2,0,0,0,0,0,0,0,0,0,0,0,0,0,1.0,1.0,1.0,0.0,0.0,0.0,5,0,0
1313,47,14,33,0,23,8,16,13,11,2,0,0,0,0,0,0,0,0,0,0,0,0,0,1.0,1.0,1.0,0.0,0.0,0.0,5,0,0
1314,47,14,33,0,23,8,16,13,11,2,0,0,0,0,0,0,0,0,0,0,0,0,0,1.0,1.0,1.0,0.0,0.0,0.0,5,0,0
1315,47,14,33,0,23,8,16,13,11,2,0,0,0,0,0,0,0,0,0,0,0,0,0,1.0,1.0,1.0,0.0,0.0,0.0,5,0,0
1316,47,14,33,0,23,8,16,13,11,2,0,0,0,0,0,0,0,0,0,0,0,0,0,1.0,1.0,1.0,0.0,0.0,0.0,5,0,0
1317,47,14,33,0,23,8,16,13,11,2,0,0,0,0,0,0,0,0,0,0,0,0,0,1.0,1.0,1.0,0.0,0.0,0.0,5,0,0
1318,46,14,32,0,23,7,16,13,11,2,0,0,0,0,0,0,0,0,0,0,0,0,0,1.0,1.0,1.0,0.0,0.0,0.0,5,0,1
1319,45,13,32,0,22,7,16,13,11,2,0,0,0,0,0,0,0,0,0,0,1,0,1,0.9565217391304348,1.0,1.0,0.0,0.0,0.0,5,0,1
1320,45,13,32,0,22,7,16,13,11,1,0,0,0,0,0,0,0,0,0,0,0,0,0,1.0,1.0,1.0,0.0,0.0,0.0,5,0,0
1321,45,13,32,0,22,6,17,14,12,2,0,0,0,0,0,0,7,1,1,0,0,0,0,1.0,1.0,1.0,0.0,0.0,0.14285714285714285,5,0,0
1322,45,13,32,0,22,6,17,14,12,1,0,0,0,0,0,0,0,0,0,0,0,0,0,1.0,1.0,1.0,0.0,0.0,0.0,5,0,0
1323,45,13,32,0,22,6,17,14,12,1,0,0,0,0,0,0,3,0,0,0,0,0,0,1.0,1.0,1.0,0.0,0.0,0.0,5,0,0
1324,48,14,34,3,22,6,17,14,11,1,1,0,0,0,0,0,1,0,0,1,0,0,0,1.0,1.0,1.0,0.06666666666666667,0.06666666666666667,0.0,5,3,0
1325,48,14,34,3,22,5,18,15,12,1,1,0,0,0,0,0,5,1,0,0,0,0,0,1.0,1.0,1.0,0.0,0.0,0.2,5,0,0
1326,48,14,34,3,22,5,18,15,12,1,1,0,0,0,0,0,0,0,0,0,0,0,0,1.0,1.0,1.0,0.0,0.0,0.0,5,0,0
1327,48,14,34,3,22,5,18,15,12,1,1,0,0,0,0,0,0,0,0,0,0,0,0,1.0,1.0,1.0,0.0,0.0,0.0,5,0,0
1328,48,14,34,3,22,5,18,15,12,1,1,0,0,0,0,0,0,0,0,0,0,0,0,1.0,1.0,1.0,0.0,0.0,0.0,5,0,0
1329,55,17,38,11,22,4,18,15,10,1,3,0,0,0,0,0,0,0,0,2,0,0,0,1.0,1.0,1.0,0.16666666666666666,0.16666666666666666,0.0,5,8,1
1330,58,19,39,15,21,4,18,15,9,1,4,0,0,0,0,0,0,0,0,1,1,0,1,0.9696969696969697,1.0,1.0,0.07272727272727272,0.07272727272727272,0.0,5,4,1
1331,63,20,43,20,21,4,18,15,7,1,6,0,0,0,0,0,0,0,0,2,1,0,1,0.9722222222222222,1.0,1.0,0.10344827586206896,0.10344827586206896,0.0,5,6,1
1332,63,20,43,20,21,4,18,15,7,1,6,0,0,0,0,0,0,0,0,0,0,0,0,1.0,1.0,1.0,0.0,0.0,0.0,5,0,0
1333,65,20,45,24,19,4,18,15,5,2,8,0,0,0,0,0,3,0,1,2,4,0,4,0.9024390243902439,1.0,1.0,0.09523809523809523,0.09523809523809523,0.0,5,6,4
1334,62,19,43,22,18,4,18,15,5,2,8,0,0,0,0,0,0,0,0,0,3,0,3,0.9302325581395349,1.0,1.0,0.0,0.0,0.0,5,0,3
1335,60,17,43,22,16,4,18,15,5,2,8,0,0,0,0,0,0,0,0,0,2,0,2,0.95,1.0,1.0,0.0,0.0,0.0,5,0,2
1336,59,17,42,22,15,4,18,15,5,2,8,0,0,0,0,0,0,0,0,0,1,0,1,0.9736842105263158,1.0,1.0,0.0,0.0,0.0,5,0,1
1337,59,17,42,22,15,4,18,15,5,2,8,0,0,0,0,0,0,0,0,0,0,0,0,1.0,1.0,1.0,0.0,0.0,0.0,5,0,0
1338,56,16,40,21,14,4,17,14,4,2,8,0,0,0,0,0,0,0,0,0,2,0,2,0.9459459459459459,1.0,0.9333333333333333,0.0,0.0,0.0,5,0,3
1339,56,16,40,21,14,4,17,14,4,2,8,0,0,0,0,0,0,0,0,0,0,0,0,1.0,1.0,1.0,0.0,0.0,0.0,5,0,0
1340,59,18,41,24,14,4,17,14,3,2,9,0,0,0,0,0,0,0,0,1,0,0,0,1.0,1.0,1.0,0.05357142857142857,0.05357142857142857,0.0,5,3,0
1341,55,17,38,20,14,4,17,14,3,2,9,0,0,0,0,0,0,0,0,0,4,0,4,0.8947368421052632,1.0,1.0,0.0,0.0,0.0,5,0,4
1342,54,17,37,19,14,4,17,14,3,2,9,0,0,0,0,0,0,0,0,0,1,0,1,0.9705882352941176,1.0,1.0,0.0,0.0,0.0,5,0,1
1343,54,17,37,19,14,4,17,14,3,2,9,0,0,0,0,0,0,0,0,0,0,0,0,1.0,1.0,1.0,0.0,0.0,0.0,5,0,0
1344,54,17,37,19,14,4,17,14,3,2,9,0,0,0,0,0,0,0,0,0,0,0,0,1.0,1.0,1.0,0.0,0.0,0.0,5,0,0
1345,53,16,37,18,14,4,17,14,3,2,9,0,0,0,0,0,0,0,0,0,1,0,1,0.9696969696969697,1.0,1.0,0.0,0.0,0.0,5,0,1
1346,53,16,37,18,14,4,17,14,3,2,9,0,0,0,0,0,0,0,0,0,0,0,0,1.0,1.0,1.0,0.0,0.0,0.0,5,0,0
1347,53,16,37,18,14,4,17,14,3,2,9,0,0,0,0,0,0,0,0,0,0,0,0,1.0,1.0,1.0,0.0,0.0,0.0,5,0,0
1348,53,16,37,18,14,4,17,14,3,2,9,0,0,0,0,0,0,0,0,0,0,0,0,1.0,1.0,1.0,0.0,0.0,0.0,5,0,0
1349,53,16,37,18,14,4,17,14,3,2,9,0,0,0,0,0,0,0,0,0,0,0,0,1.0,1.0,1.0,0.0,0.0,0.0,5,0,0
1350,52,15,37,18,13,4,17,14,3,2,9,0,0,0,0,0,0,0,0,0,1,0,1,0.96875,1.0,1.0,0.0,0.0,0.0,5,0,1
1351,52,15,37,18,13,4,17,14,3,2,9,0,0,0,0,0,0,0,0,0,0,0,0,1.0,1.0,1.0,0.0,0.0,0.0,5,0,0
1352,52,15,37,18,13,3,18,15,3,2,9,0,0,0,0,0,0,0,0,0,0,0,0,1.0,1.0,1.0,0.0,0.0,0.0,5,0,0
1353,52,15,37,18,13,3,18,15,3,2,9,0,0,0,0,0,0,0,0,0,0,0,0,1.0,1.0,1.0,0.0,0.0,0.0,5,0,0
1354,51,15,36,17,13,3,18,15,3,2,9,0,0,0,0,0,0,0,0,0,1,0,1,0.967741935483871,1.0,1.0,0.0,0.0,0.0,5,0,1
1355,51,15,36,17,13,3,18,15,3,2,9,0,0,0,0,0,0,0,0,0,0,0,0,1.0,1.0,1.0,0.0,0.0,0.0,5,0,0
1356,51,15,36,17,13,3,18,15,3,2,9,0,0,0,0,0,0,0,0,0,0,0,0,1.0,1.0,1.0,0.0,0.0,0.0,5,0,0
1357,51,15,36,17,13,3,18,15,3,2,9,0,0,0,0,0,0,0,0,0,0,0,0,1.0,1.0,1.0,0.0,0.0,0.0,5,0,0
1358,51,15,36,17,13,3,18,15,3,2,9,0,0,0,0,0,0,0,0,0,0,0,0,1.0,1.0,1.0,0.0,0.0,0.0,5,0,0
1359,49,15,34,17,12,3,17,14,3,2,9,0,0,0,0,0,6,1,0,0,1,0,1,0.9666666666666667,1.0,0.9333333333333333,0.0,0.0,0.16666666666666666,5,0,2
1360,49,15,34,17,12,3,17,14,3,2,9,0,0,0,0,0,0,0,0,0,0,0,0,1.0,1.0,1.0,0.0,0.0,0.0,5,0,0
1361,49,15,34,17,12,3,17,14,3,2,9,0,0,0,0,0,0,0,0,0,0,0,0,1.0,1.0,1.0,0.0,0.0,0.0,5,0,0
1362,49,15,34,17,12,3,17,14,3,2,9,0,0,0,0,0,0,0,0,0,0,0,0,1.0,1.0,1.0,0.0,0.0,0.0,5,0,0
1363,49,15,34,17,12,3,17,14,3,2,9,0,0,0,0,0,0,0,0,0,0,0,0,1.0,1.0,1.0,0.0,0.0,0.0,5,0,0
1364,49,15,34,17,12,2,18,15,3,2,9,0,0,0,0,0,0,0,0,0,0,0,0,1.0,1.0,1.0,0.0,0.0,0.0,5,0,0
1365,49,15,34,17,12,2,18,15,3,2,9,0,0,0,0,0,0,0,0,0,0,0,0,1.0,1.0,1.0,0.0,0.0,0.0,5,0,0
1366,49,15,34,17,12,2,18,15,3,1,9,0,0,0,0,0,0,0,0,0,0,0,0,1.0,1.0,1.0,0.0,0.0,0.0,5,0,0
1367,49,15,34,16,13,1,19,16,4,1,9,0,0,0,0,0,7,1,0,0,0,0,0,1.0,1.0,1.0,0.0,0.0,0.14285714285714285,5,0,0
1368,49,15,34,16,13,1,19,16,4,1,9,0,0,0,0,0,0,0,0,0,0,0,0,1.0,1.0,1.0,0.0,0.0,0.0,5,0,0
1369,49,15,34,16,13,1,19,16,4,1,8,0,0,0,0,0,0,0,0,0,0,0,0,1.0,1.0,1.0,0.0,0.0,0.0,5,0,0
1370,49,15,34,16,13,1,19,16,5,1,8,0,0,0,0,0,5,1,0,0,0,0,0,1.0,1.0,1.0,0.0,0.0,0.2,5,0,0
1371,49,15,34,16,13,1,19,16,5,1,8,0,0,0,0,0,0,0,0,0,0,0,0,1.0,1.0,1.0,0.0,0.0,0.0,5,0,0
1372,48,14,34,10,18,1,19,16,6,2,8,0,0,0,0,0,7,1,1,0,1,0,1,0.9655172413793104,1.0,1.0,0.0,0.0,0.14285714285714285,5,0,1
1373,47,13,34,9,18,1,19,16,6,2,8,0,0,0,0,0,0,0,0,0,1,0,1,0.9642857142857143,1.0,1.0,0.0,0.0,0.0,5,0,1
1374,50,15,35,8,22,1,19,16,5,2,7,0,0,0,0,0,0,0,0,1,1,0,1,0.962962962962963,1.0,1.0,0.0851063829787234,0.0851063829787234,0.0,5,4,1
1375,50,15,35,8,22,1,19,16,7,2,6,0,0,0,0,0,12,2,0,0,0,0,0,1.0,1.0,1.0,0.0,0.0,0.16666666666666666,5,0,0
1376,50,15,35,6,24,1,19,16,8,2,4,0,0,0,0,0,3,1,0,0,0,0,0,1.0,1.0,1.0,0.0,0.0,0.3333333333333333,5,0,0
1377,50,15,35,6,24,1,19,16,9,2,4,0,0,0,0,0,6,1,0,0,0,0,0,1.0,1.0,1.0,0.0,0.0,0.16666666666666666,5,0,0
1378,50,15,35,6,24,1,19,16,10,1,2,0,0,0,0,0,5,1,0,0,0,0,0,1.0,1.0,1.0,0.0,0.0,0.2,5,0,0
1379,50,15,35,6,24,1,19,16,10,1,2,0,0,0,0,0,3,0,0,0,0,0,0,1.0,1.0,1.0,0.0,0.0,0.0,5,0,0
1380,50,15,35,6,24,1,19,16,12,1,2,0,0,0,0,0,15,2,0,0,0,0,0,1.0,1.0,1.0,0.0,0.0,0.13333333333333333,5,0,0
1381,50,15,35,6,24,1,19,16,13,1,2,0,0,0,0,0,5,1,0,0,0,0,0,1.0,1.0,1.0,0.0,0.0,0.2,5,0,0
1382,50,15,35,6,24,1,19,16,13,1,2,0,0,0,0,0,0,0,0,0,0,0,0,1.0,1.0,1.0,0.0,0.0,0.0,5,0,0
1383,50,15,35,4,26,1,19,16,13,1,2,0,0,0,0,0,0,0,0,0,0,0,0,1.0,1.0,1.0,0.0,0.0,0.0,5,0,0
1384,50,15,35,4,26,1,19,16,13,1,2,0,0,0,0,0,0,0,0,0,0,0,0,1.0,1.0,1.0,0.0,0.0,0.0,5,0,0
1385,49,14,35,3,26,1,19,16,13,1,1,0,0,0,0,0,0,0,0,0,1,0,1,0.9666666666666667,1.0,1.0,0.0,0.0,0.0,5,0,1
1386,53,16,37,7,26,1,19,16,12,1,2,0,0,0,0,0,7,0,0,1,0,0,0,1.0,1.0,1.0,0.08163265306122448,0.08163265306122448,0.0,5,4,0
1387,53,16,37,7,26,1,19,16,13,1,2,0,0,0,0,0,6,1,0,0,0,0,0,1.0,1.0,1.0,0.0,0.0,0.16666666666666666,5,0,0
1388,51,15,36,7,25,1,18,16,13,1,2,0,0,0,0,0,0,0,0,0,1,0,1,0.9696969696969697,0.6666666666666667,1.0,0.0,0.0,0.0,5,0,2
1389,51,15,36,7,25,1,18,16,13,1,2,0,0,0,0,0,0,0,0,0,0,0,0,1.0,1.0,1.0,0.0,0.0,0.0,5,0,0
1390,50,14,36,6,25,1,18,16,13,1,2,0,0,0,0,0,0,0,0,0,1,0,1,0.96875,1.0,1.0,0.0,0.0,0.0,5,0,1
1391,50,14,36,6,25,1,18,16,13,1,2,0,0,0,0,0,0,0,0,0,0,0,0,1.0,1.0,1.0,0.0,0.0,0.0,5,0,0
1392,49,13,36,6,24,1,18,16,13,1,2,0,0,0,0,0,0,0,0,0,1,0,1,0.967741935483871,1.0,1.0,0.0,0.0,0.0,5,0,1
1393,47,13,34,5,23,1,18,16,13,1,2,0,0,0,0,0,0,0,0,0,2,0,2,0.9333333333333333,1.0,1.0,0.0,0.0,0.0,5,0,2
1394,47,13,34,5,23,1,18,16,13,1,2,0,0,0,0,0,0,0,0,0,0,0,0,1.0,1.0,1.0,0.0,0.0,0.0,5,0,0
1395,46,12,34,4,23,1,18,16,13,1,2,0,0,0,0,0,0,0,0,0,1,0,1,0.9642857142857143,1.0,1.0,0.0,0.0,0.0,5,0,1
1396,46,12,34,4,23,1,18,16,13,1,2,0,0,0,0,0,0,0,0,0,0,1,0,1.0,1.0,1.0,0.0,0.0,0.0,5,0,0
1397,46,12,34,4,23,1,18,16,13,1,2,0,0,0,0,0,0,0,0,0,0,0,0,1.0,1.0,1.0,0.0,0.0,0.0,5,0,0
1398,46,12,34,4,23,1,18,16,13,1,2,0,0,0,0,0,0,0,0,0,0,1,0,1.0,1.0,1.0,0.0,0.0,0.0,5,0,0
1399,46,12,34,4,23,1,18,16,13,1,2,0,0,0,0,0,0,0,0,0,0,2,0,1.0,1.0,1.0,0.0,0.0,0.0,5,0,0
1400,44,12,32,4,21,2,17,15,12,1,2,0,0,0,0,0,0,0,0,0,1,0,1,0.9615384615384616,1.0,0.9375,0.0,0.0,0.0,5,0,2
1401,44,12,32,4,21,2,17,15,12,1,2,0,0,0,0,0,0,0,0,0,0,2,0,1.0,1.0,1.0,0.0,0.0,0.0,5,0,0
1402,44,12,32,4,20,3,17,15,12,1,2,0,0,0,0,0,0,0,0,0,0,0,0,1.0,1.0,1.0,0.0,0.0,0.0,5,0,0
1403,43,12,31,4,17,5,17,15,12,1,2,0,0,0,0,0,0,0,0,0,1,0,1,0.9545454545454546,1.0,1.0,0.0,0.0,0.0,5,0,1
1404,43,12,31,4,17,5,17,15,12,1,2,0,0,0,0,0,0,0,0,0,0,0,0,1.0,1.0,1.0,0.0,0.0,0.0,5,0,0
1405,43,12,31,4,15,7,17,15,12,1,2,0,0,0,0,0,0,0,0,0,0,0,0,1.0,1.0,1.0,0.0,0.0,0.0,5,0,0
1406,43,12,31,4,15,7,17,15,12,1,2,0,0,0,0,0,0,0,0,0,0,0,0,1.0,1.0,1.0,0.0,0.0,0.0,5,0,0
1407,43,12,31,4,15,7,17,15,12,1,2,0,0,0,0,0,0,0,0,0,0,0,0,1.0,1.0,1.0,0.0,0.0,0.0,5,0,0
1408,43,12,31,4,15,7,17,15,12,1,2,0,0,0,0,0,0,0,0,0,0,0,0,1.0,1.0,1.0,0.0,0.0,0.0,5,0,0
1409,43,12,31,4,15,7,17,15,12,1,2,0,0,0,0,0,0,0,0,0,0,0,0,1.0,1.0,1.0,0.0,0.0,0.0,5,0,0
1410,42,12,30,4,15,7,16,14,12,1,1,0,0,0,0,0,0,0,0,0,0,1,0,1.0,1.0,0.9333333333333333,0.0,0.0,0.0,5,0,1
1411,42,12,30,4,15,7,16,14,12,1,1,0,0,0,0,0,0,0,0,0,0,0,0,1.0,1.0,1.0,0.0,0.0,0.0,5,0,0
1412,42,12,30,4,15,7,16,14,12,1,1,0,0,0,0,0,0,0,0,0,0,0,0,1.0,1.0,1.0,0.0,0.0,0.0,5,0,0
1413,42,12,30,4,15,7,16,14,12,1,1,0,0,0,0,0,0,0,0,0,0,0,0,1.0,1.0,1.0,0.0,0.0,0.0,5,0,0
1414,42,12,30,4,14,8,16,14,12,1,1,0,0,0,0,0,0,0,0,0,0,0,0,1.0,1.0,1.0,0.0,0.0,0.0,5,0,0
1415,42,12,30,4,14,8,16,14,12,1,1,0,0,0,0,0,0,0,0,0,0,0,0,1.0,1.0,1.0,0.0,0.0,0.0,5,0,0
1416,42,12,30,4,14,8,16,14,12,1,1,0,0,0,0,0,0,0,0,0,0,0,0,1.0,1.0,1.0,0.0,0.0,0.0,5,0,0
1417,42,12,30,2,16,8,16,14,12,0,1,0,0,0,0,0,0,0,0,0,0,0,0,1.0,1.0,1.0,0.0,0.0,0.0,5,0,0
1418,42,12,30,2,16,8,16,14,12,0,1,0,0,0,0,0,0,0,0,0,0,0,0,1.0,1.0,1.0,0.0,0.0,0.0,5,0,0
1419,42,12,30,2,16,8,16,14,12,0,0,0,0,0,0,0,0,0,0,0,0,0,0,1.0,1.0,1.0,0.0,0.0,0.0,5,0,0
1420,42,12,30,2,16,8,16,14,12,0,0,0,0,0,0,0,0,0,0,0,0,0,0,1.0,1.0,1.0,0.0,0.0,0.0,5,0,0
1421,42,12,30,2,16,8,16,14,12,0,0,0,0,0,0,0,0,0,0,0,0,0,0,1.0,1.0,1.0,0.0,0.0,0.0,5,0,0
1422,42,12,30,2,16,8,16,14,12,0,0,0,0,0,0,0,0,0,0,0,0,0,0,1.0,1.0,1.0,0.0,0.0,0.0,5,0,0
1423,42,12,30,2,16,8,16,14,12,0,0,0,0,0,0,0,0,0,0,0,0,0,0,1.0,1.0,1.0,0.0,0.0,0.0,5,0,0
1424,46,13,33,6,16,8,16,14,11,0,1,0,0,0,0,0,0,0,0,1,0,0,0,1.0,1.0,1.0,0.09523809523809523,0.09523809523809523,0.0,5,4,0
1425,46,13,33,6,16,8,16,14,11,0,1,0,0,0,0,0,0,0,0,0,0,0,0,1.0,1.0,1.0,0.0,0.0,0.0,5,0,0
1426,46,13,33,6,16,7,17,15,11,0,1,0,0,0,0,0,0,0,0,0,0,0,0,1.0,1.0,1.0,0.0,0.0,0.0,5,0,0
1427,46,13,33,6,16,7,17,15,11,0,1,0,0,0,0,0,0,0,0,0,0,0,0,1.0,1.0,1.0,0.0,0.0,0.0,5,0,0
1428,46,13,33,6,16,7,17,15,11,0,1,0,0,0,0,0,0,0,0,0,0,0,0,1.0,1.0,1.0,0.0,0.0,0.0,5,0,0
1429,46,13,33,4,18,7,17,15,11,0,1,0,0,0,0,0,0,0,0,0,0,0,0,1.0,1.0,1.0,0.0,0.0,0.0,5,0,0
1430,46,13,33,4,18,7,17,15,11,0,1,0,0,0,0,0,0,0,0,0,0,0,0,1.0,1.0,1.0,0.0,0.0,0.0,5,0,0
1431,46,13,33,4,18,7,17,15,11,0,1,0,0,0,0,0,0,0,0,0,0,0,0,1.0,1.0,1.0,0.0,0.0,0.0,5,0,0
1432,49,13,36,7,18,6,18,16,10,0,2,0,0,0,0,0,0,0,0,1,0,0,0,1.0,1.0,1.0,0.06521739130434782,0.06521739130434782,0.0,5,3,0
1433,49,13,36,7,18,6,18,16,10,0,2,0,0,0,0,0,0,0,0,0,0,0,0,1.0,1.0,1.0,0.0,0.0,0.0,5,0,0
1434,49,13,36,7,18,6,18,16,10,0,2,0,0,0,0,0,0,0,0,0,0,0,0,1.0,1.0,1.0,0.0,0.0,0.0,5,0,0
1435,52,14,38,10,18,6,18,16,9,0,3,0,0,0,0,0,0,0,0,1,0,0,0,1.0,1.0,1.0,0.061224489795918366,0.061224489795918366,0.0,5,3,0
1436,51,14,37,10,17,6,18,16,9,0,3,0,0,0,0,0,0,0,0,0,1,0,1,0.9642857142857143,1.0,1.0,0.0,0.0,0.0,5,0,1
1437,54,16,38,13,17,6,18,16,8,0,4,0,0,0,0,0,0,0,0,1,0,0,0,1.0,1.0,1.0,0.058823529411764705,0.058823529411764705,0.0,5,3,0
1438,54,16,38,13,17,6,18,16,8,0,4,0,0,0,0,0,0,0,0,0,0,0,0,1.0,1.0,1.0,0.0,0.0,0.0,5,0,0
1439,54,16,38,13,17,6,18,16,8,0,4,0,0,0,0,0,0,0,0,0,0,0,0,1.0,1.0,1.0,0.0,0.0,0.0,5,0,0
1440,56,18,38,16,17,6,17,15,7,0,4,0,0,0,0,0,0,0,0,1,0,0,0,1.0,1.0,0.9375,0.05555555555555555,0.05555555555555555,0.0,5,3,1
1441,60,22,38,20,17,6,17,15,6,0,5,0,0,0,0,0,0,0,0,1,0,0,0,1.0,1.0,1.0,0.07142857142857142,0.07142857142857142,0.0,5,4,0
1442,62,22,40,23,16,6,17,15,5,0,6,0,0,0,0,0,0,0,0,1,1,1,1,0.972972972972973,1.0,1.0,0.05,0.05,0.0,5,3,1
1443,66,24,42,27,16,6,17,15,4,0,7,0,0,0,0,0,0,0,0,1,0,1,0,1.0,1.0,1.0,0.06451612903225806,0.06451612903225806,0.0,5,4,0
1444,65,24,41,26,16,6,17,15,4,0,7,0,0,0,0,0,0,0,0,0,1,0,1,0.9767441860465116,1.0,1.0,0.0,0.0,0.0,5,0,1
1445,71,29,42,33,15,6,17,15,2,0,9,0,0,0,0,0,0,0,0,2,1,0,1,0.9523809523809523,1.0,1.0,0.12307692307692308,0.12307692307692308,0.0,5,8,2
1446,67,27,40,33,11,6,17,15,1,0,10,0,0,0,0,0,0,0,0,1,6,0,6,0.8541666666666666,1.0,1.0,0.04225352112676056,0.04225352112676056,0.0,5,3,7
1447,67,27,40,33,11,6,17,15,1,0,10,0,0,0,0,0,0,0,0,0,0,0,0,1.0,1.0,1.0,0.0,0.0,0.0,5,0,0
1448,64,25,39,32,9,6,17,15,1,0,10,0,0,0,0,0,0,0,0,0,3,0,3,0.9318181818181819,1.0,1.0,0.0,0.0,0.0,5,0,3
1449,64,25,39,32,9,6,17,15,1,0,10,0,0,0,0,0,0,0,0,0,0,0,0,1.0,1.0,1.0,0.0,0.0,0.0,5,0,0
1450,64,25,39,32,9,6,17,15,1,0,10,0,0,0,0,0,0,0,0,0,0,0,0,1.0,1.0,1.0,0.0,0.0,0.0,5,0,0
1451,63,25,38,31,9,6,17,15,1,0,10,0,0,0,0,0,0,0,0,0,1,0,1,0.975609756097561,1.0,1.0,0.0,0.0,0.0,5,0,1
1452,66,28,38,34,9,6,17,15,0,0,11,0,0,0,0,0,0,0,0,1,0,0,0,1.0,1.0,1.0,0.047619047619047616,0.047619047619047616,0.0,5,3,0
1453,66,28,38,34,9,6,17,15,0,0,11,0,0,0,0,0,0,0,0,0,0,0,0,1.0,1.0,1.0,0.0,0.0,0.0,5,0,0
1454,65,27,38,33,9,6,17,15,0,0,11,0,0,0,0,0,0,0,0,0,1,0,1,0.9767441860465116,1.0,1.0,0.0,0.0,0.0,5,0,1
1455,65,27,38,33,9,5,18,16,0,0,11,0,0,0,0,0,0,0,0,0,0,0,0,1.0,1.0,1.0,0.0,0.0,0.0,5,0,0
1456,61,24,37,31,7,5,18,16,0,0,11,0,0,0,0,0,0,0,0,0,4,0,4,0.9047619047619048,1.0,1.0,0.0,0.0,0.0,5,0,4
1457,60,24,36,30,7,5,18,16,0,0,11,0,0,0,0,0,0,0,0,0,1,0,1,0.9736842105263158,1.0,1.0,0.0,0.0,0.0,5,0,1
1458,58,24,34,29,6,5,18,16,0,0,11,0,0,0,0,0,0,0,0,0,2,0,2,0.9459459459459459,1.0,1.0,0.0,0.0,0.0,5,0,2
1459,58,24,34,29,6,5,18,16,0,0,11,0,0,0,0,0,0,0,0,0,0,0,0,1.0,1.0,1.0,0.0,0.0,0.0,5,0,0
1460,57,23,34,28,6,5,18,16,0,0,11,0,0,0,0,0,0,0,0,0,1,0,1,0.9714285714285714,1.0,1.0,0.0,0.0,0.0,5,0,1
1461,57,23,34,28,6,5,18,16,0,0,11,0,0,0,0,0,0,0,0,0,0,0,0,1.0,1.0,1.0,0.0,0.0,0.0,5,0,0
1462,57,23,34,28,6,5,18,16,0,0,11,0,0,0,0,0,0,0,0,0,0,0,0,1.0,1.0,1.0,0.0,0.0,0.0,5,0,0
1463,57,23,34,28,6,5,18,16,0,0,11,0,0,0,0,0,0,0,0,0,0,0,0,1.0,1.0,1.0,0.0,0.0,0.0,5,0,0
1464,57,23,34,28,6,5,18,16,0,0,11,0,0,0,0,0,0,0,0,0,0,0,0,1.0,1.0,1.0,0.0,0.0,0.0,5,0,0
1465,56,22,34,27,6,5,18,16,0,0,11,0,0,0,0,0,0,0,0,0,1,0,1,0.9705882352941176,1.0,1.0,0.0,0.0,0.0,5,0,1
1466,54,21,33,25,6,5,18,16,0,0,11,0,0,0,0,0,0,0,0,0,2,0,2,0.9393939393939394,1.0,1.0,0.0,0.0,0.0,5,0,2
1467,54,21,33,22,9,5,18,16,0,0,11,0,0,0,0,0,0,0,0,0,0,0,0,1.0,1.0,1.0,0.0,0.0,0.0,5,0,0
1468,52,19,33,22,8,5,17,16,0,0,11,0,0,0,0,0,0,0,0,0,1,0,1,0.967741935483871,0.5,1.0,0.0,0.0,0.0,5,0,2
1469,52,19,33,22,8,5,17,16,0,0,11,0,0,0,0,0,0,0,0,0,0,0,0,1.0,1.0,1.0,0.0,0.0,0.0,5,0,0
1470,52,19,33,22,8,5,17,16,0,0,11,0,0,0,0,0,0,0,0,0,0,0,0,1.0,1.0,1.0,0.0,0.0,0.0,5,0,0
1471,52,19,33,22,8,5,17,16,0,0,11,0,0,0,0,0,0,0,0,0,0,0,0,1.0,1.0,1.0,0.0,0.0,0.0,5,0,0
1472,52,19,33,22,8,5,17,16,0,0,11,0,0,0,0,0,0,0,0,0,0,0,0,1.0,1.0,1.0,0.0,0.0,0.0,5,0,0
1473,51,19,32,21,8,5,17,16,0,0,11,0,0,0,0,0,0,0,0,0,1,0,1,0.9666666666666667,1.0,1.0,0.0,0.0,0.0,5,0,1
1474,51,19,32,21,8,5,17,16,0,0,11,0,0,0,0,0,0,0,0,0,0,0,0,1.0,1.0,1.0,0.0,0.0,0.0,5,0,0
1475,51,19,32,21,8,5,17,16,0,0,11,0,0,0,0,0,0,0,0,0,0,0,0,1.0,1.0,1.0,0.0,0.0,0.0,5,0,0
1476,51,19,32,21,8,5,17,16,0,0,11,0,0,0,0,0,0,0,0,0,0,0,0,1.0,1.0,1.0,0.0,0.0,0.0,5,0,0
1477,51,19,32,21,8,5,17,16,0,0,10,0,0,0,0,0,0,0,0,0,0,0,0,1.0,1.0,1.0,0.0,0.0,0.0,5,0,0
1478,51,19,32,19,10,5,17,16,0,0,10,0,0,0,0,0,0,0,0,0,0,0,0,1.0,1.0,1.0,0.0,0.0,0.0,5,0,0
1479,51,19,32,19,10,5,17,16,0,0,10,0,0,0,0,0,0,0,0,0,0,0,0,1.0,1.0,1.0,0.0,0.0,0.0,5,0,0
1480,51,19,32,18,11,5,17,16,0,0,9,0,0,0,0,0,0,0,0,0,0,0,0,1.0,1.0,1.0,0.0,0.0,0.0,5,0,0
1481,51,19,32,18,11,5,17,16,0,0,9,0,0,0,0,0,0,0,0,0,0,0,0,1.0,1.0,1.0,0.0,0.0,0.0,5,0,0
1482,50,19,31,18,10,5,17,16,0,0,8,0,0,0,0,0,0,0,0,0,1,0,1,0.9655172413793104,1.0,1.0,0.0,0.0,0.0,5,0,1
1483,50,19,31,16,12,5,17,16,0,0,8,0,0,0,0,0,0,0,0,0,0,0,0,1.0,1.0,1.0,0.0,0.0,0.0,5,0,0
1484,49,19,30,11,16,5,17,16,0,0,8,0,0,0,0,0,0,0,0,0,1,0,1,0.9642857142857143,1.0,1.0,0.0,0.0,0.0,5,0,1
1485,48,19,29,10,17,5,16,15,0,0,6,0,0,0,0,0,0,0,0,0,0,0,0,1.0,1.0,0.9375,0.0,0.0,0.0,5,0,1
1486,48,19,29,9,18,5,16,15,0,0,5,0,0,0,0,0,0,0,0,0,0,0,0,1.0,1.0,1.0,0.0,0.0,0.0,5,0,0
1487,48,19,29,9,18,5,16,15,0,0,4,0,0,0,0,0,0,0,0,0,0,0,0,1.0,1.0,1.0,0.0,0.0,0.0,5,0,0
1488,48,19,29,5,22,5,16,15,0,0,3,0,0,0,0,0,0,0,0,0,0,0,0,1.0,1.0,1.0,0.0,0.0,0.0,5,0,0
1489,48,19,29,2,25,5,16,15,0,0,3,0,0,0,0,0,0,0,0,0,0,0,0,1.0,1.0,1.0,0.0,0.0,0.0,5,0,0
1490,48,19,29,2,25,5,16,15,0,0,1,0,0,0,0,0,2,0,0,0,0,0,0,1.0,1.0,1.0,0.0,0.0,0.0,5,0,0
1491,48,19,29,2,25,5,16,15,1,0,1,0,0,0,0,0,4,1,0,0,0,0,0,1.0,1.0,1.0,0.0,0.0,0.25,5,0,0
1492,48,19,29,2,25,5,16,15,1,0,1,0,0,0,0,0,1,0,0,0,0,0,0,1.0,1.0,1.0,0.0,0.0,0.0,5,0,0
1493,48,19,29,2,25,5,16,15,1,0,1,0,0,0,0,0,2,0,0,0,0,0,0,1.0,1.0,1.0,0.0,0.0,0.0,5,0,0
1494,48,19,29,2,25,5,16,15,2,0,1,0,0,0,0,0,5,1,0,0,0,0,0,1.0,1.0,1.0,0.0,0.0,0.2,5,0,0
1495,48,19,29,0,27,5,16,15,3,0,1,0,0,0,0,0,5,1,0,0,0,0,0,1.0,1.0,1.0,0.0,0.0,0.2,5,0,0
1496,48,19,29,0,27,5,16,15,3,0,1,0,0,0,0,0,0,0,0,0,0,0,0,1.0,1.0,1.0,0.0,0.0,0.0,5,0,0
1497,48,19,29,0,27,5,16,15,3,0,0,0,0,0,0,0,0,0,0,0,0,0,0,1.0,1.0,1.0,0.0,0.0,0.0,5,0,0
1498,48,19,29,0,27,5,16,15,4,0,0,0,0,0,0,0,6,1,0,0,0,0,0,1.0,1.0,1.0,0.0,0.0,0.16666666666666666,5,0,0
1499,48,19,29,0,27,5,16,15,4,0,0,0,0,0,0,0,0,0,0,0,0,0,0,1.0,1.0,1.0,0.0,0.0,0.0,5,0,0
1500,48,19,29,0,27,4,17,16,4,0,0,0,0,0,0,0,0,0,0,0,0,0,0,1.0,1.0,1.0,0.0,0.0,0.0,5,0,0
1501,48,19,29,0,27,4,17,16,4,0,0,0,0,0,0,0,0,0,0,0,0,0,0,1.0,1.0,1.0,0.0,0.0,0.0,5,0,0
1502,48,19,29,0,27,4,17,16,4,0,0,0,0,0,0,0,0,0,0,0,0,0,0,1.0,1.0,1.0,0.0,0.0,0.0,5,0,0
1503,48,19,29,0,27,4,17,16,4,0,0,0,0,0,0,0,6,0,0,0,0,0,0,1.0,1.0,1.0,0.0,0.0,0.0,5,0,0
1504,48,19,29,0,27,4,17,16,6,1,0,0,0,0,0,0,8,2,1,0,0,0,0,1.0,1.0,1.0,0.0,0.0,0.25,5,0,0
1505,48,19,29,0,27,4,17,16,6,1,0,0,0,0,0,0,1,0,0,0,0,0,0,1.0,1.0,1.0,0.0,0.0,0.0,5,0,0
1506,48,19,29,0,27,4,17,16,7,1,0,0,0,0,0,0,8,1,0,0,0,0,0,1.0,1.0,1.0,0.0,0.0,0.125,5,0,0
1507,47,19,28,0,27,4,16,15,6,1,0,0,0,0,0,0,5,0,0,0,0,0,0,1.0,1.0,0.9375,0.0,0.0,0.0,5,0,1
1508,47,19,28,0,27,4,16,15,6,1,0,0,0,0,0,0,0,0,0,0,0,0,0,1.0,1.0,1.0,0.0,0.0,0.0,5,0,0
1509,47,19,28,0,27,4,16,15,6,1,0,0,0,0,0,0,0,0,0,0,0,0,0,1.0,1.0,1.0,0.0,0.0,0.0,5,0,0
1510,47,19,28,0,27,4,16,15,6,1,0,0,0,0,0,0,0,0,0,0,0,1,0,1.0,1.0,1.0,0.0,0.0,0.0,5,0,0
1511,47,19,28,0,27,4,16,15,6,1,0,0,0,0,0,0,0,0,0,0,0,1,0,1.0,1.0,1.0,0.0,0.0,0.0,5,0,0
1512,47,19,28,0,27,4,16,15,6,1,0,0,0,0,0,0,0,0,0,0,0,0,0,1.0,1.0,1.0,0.0,0.0,0.0,5,0,0
1513,47,19,28,0,27,4,16,15,6,1,0,0,0,0,0,0,0,0,0,0,0,1,0,1.0,1.0,1.0,0.0,0.0,0.0,5,0,0
1514,46,19,27,0,25,5,16,15,6,1,0,0,0,0,0,0,0,0,0,0,1,0,1,0.9615384615384616,1.0,1.0,0.0,0.0,0.0,5,0,1
1515,46,19,27,0,24,6,16,15,6,1,0,0,0,0,0,0,0,0,0,0,0,0,0,1.0,1.0,1.0,0.0,0.0,0.0,5,0,0
1516,45,18,27,0,23,6,16,15,7,1,0,0,0,0,0,0,7,1,0,0,1,0,1,0.9583333333333334,1.0,1.0,0.0,0.0,0.14285714285714285,5,0,1
1517,45,18,27,0,22,7,16,15,9,1,0,0,0,0,0,0,6,2,0,0,0,0,0,1.0,1.0,1.0,0.0,0.0,0.3333333333333333,5,0,0
1518,45,18,27,0,22,7,16,15,11,1,0,0,0,0,0,0,6,2,0,0,0,0,0,1.0,1.0,1.0,0.0,0.0,0.3333333333333333,5,0,0
1519,45,18,27,0,22,7,16,15,12,1,0,0,0,0,0,0,5,1,0,0,0,0,0,1.0,1.0,1.0,0.0,0.0,0.2,5,0,0
1520,45,18,27,0,22,7,16,15,12,1,0,0,0,0,0,0,1,0,0,0,0,0,0,1.0,1.0,1.0,0.0,0.0,0.0,5,0,0
1521,45,18,27,0,22,7,16,15,12,1,0,0,0,0,0,0,0,0,0,0,0,0,0,1.0,1.0,1.0,0.0,0.0,0.0,5,0,0
1522,45,18,27,0,22,7,16,15,12,1,0,0,0,0,0,0,0,0,0,0,0,0,0,1.0,1.0,1.0,0.0,0.0,0.0,5,0,0
1523,45,18,27,0,22,7,16,15,12,1,0,0,0,0,0,0,0,0,0,0,0,0,0,1.0,1.0,1.0,0.0,0.0,0.0,5,0,0
1524,45,18,27,0,22,7,16,15,12,1,0,0,0,0,0,0,0,0,0,0,0,0,0,1.0,1.0,1.0,0.0,0.0,0.0,5,0,0
1525,45,18,27,0,22,7,16,15,12,1,0,0,0,0,0,0,0,0,0,0,0,0,0,1.0,1.0,1.0,0.0,0.0,0.0,5,0,0
1526,45,18,27,0,22,7,16,15,12,1,0,0,0,0,0,0,0,0,0,0,0,0,0,1.0,1.0,1.0,0.0,0.0,0.0,5,0,0
1527,45,18,27,0,22,7,16,15,12,1,0,0,0,0,0,0,0,0,0,0,0,0,0,1.0,1.0,1.0,0.0,0.0,0.0,5,0,0
1528,45,18,27,0,22,7,16,15,12,1,0,0,0,0,0,0,0,0,0,0,0,0,0,1.0,1.0,1.0,0.0,0.0,0.0,5,0,0
1529,45,18,27,0,22,7,16,15,13,1,0,0,0,0,0,0,1,1,0,0,0,0,0,1.0,1.0,1.0,0.0,0.0,1.0,5,0,0
1530,45,18,27,0,22,7,16,15,14,1,0,0,0,0,0,0,8,1,0,0,0,0,0,1.0,1.0,1.0,0.0,0.0,0.125,5,0,0
1531,45,18,27,0,22,7,16,15,14,1,0,0,0,0,0,0,0,0,0,0,0,0,0,1.0,1.0,1.0,0.0,0.0,0.0,5,0,0
1532,45,18,27,0,22,7,16,15,14,1,0,0,0,0,0,0,0,0,0,0,0,0,0,1.0,1.0,1.0,0.0,0.0,0.0,5,0,0
1533,43,17,26,0,20,7,16,15,14,1,0,0,0,0,0,0,0,0,0,0,2,0,2,0.9090909090909091,1.0,1.0,0.0,0.0,0.0,5,0,2
1534,42,16,26,0,19,7,16,15,14,1,0,0,0,0,0,0,0,0,0,0,1,0,1,0.95,1.0,1.0,0.0,0.0,0.0,5,0,1
1535,42,16,26,0,19,6,17,15,14,1,0,0,0,0,0,0,0,0,0,0,0,0,0,1.0,1.0,1.0,0.0,0.0,0.0,5,0,0
1536,42,16,26,0,19,6,17,15,14,1,0,0,0,0,0,0,0,0,0,0,0,0,0,1.0,1.0,1.0,0.0,0.0,0.0,5,0,0
1537,42,16,26,0,19,5,18,15,14,1,0,0,0,0,0,0,0,0,0,0,0,0,0,1.0,1.0,1.0,0.0,0.0,0.0,5,0,0
1538,42,16,26,0,19,5,18,15,14,1,0,0,0,0,0,0,0,0,0,0,0,0,0,1.0,1.0,1.0,0.0,0.0,0.0,5,0,0
1539,42,16,26,0,19,5,18,15,14,1,0,0,0,0,0,0,0,0,0,0,0,0,0,1.0,1.0,1.0,0.0,0.0,0.0,5,0,0
1540,42,16,26,0,19,5,18,15,14,1,0,0,0,0,0,0,0,0,0,0,0,0,0,1.0,1.0,1.0,0.0,0.0,0.0,5,0,0
1541,42,16,26,0,19,5,18,15,14,1,0,0,0,0,0,0,0,0,0,0,0,0,0,1.0,1.0,1.0,0.0,0.0,0.0,5,0,0
1542,42,16,26,0,19,5,18,15,14,1,0,0,0,0,0,0,0,0,0,0,0,0,0,1.0,1.0,1.0,0.0,0.0,0.0,5,0,0
1543,42,16,26,0,19,5,18,15,14,1,0,0,0,0,0,0,0,0,0,0,0,0,0,1.0,1.0,1.0,0.0,0.0,0.0,5,0,0
1544,42,16,26,0,19,5,18,15,14,1,0,0,0,0,0,0,0,0,0,0,0,0,0,1.0,1.0,1.0,0.0,0.0,0.0,5,0,0
1545,42,16,26,0,19,5,18,15,14,1,0,0,0,0,0,0,0,0,0,0,0,0,0,1.0,1.0,1.0,0.0,0.0,0.0,5,0,0
1546,42,16,26,0,19,5,18,15,14,1,0,0,0,0,0,0,0,0,0,0,0,0,0,1.0,1.0,1.0,0.0,0.0,0.0,5,0,0
1547,41,16,25,0,19,5,17,14,13,1,0,0,0,0,0,0,0,0,0,0,0,0,0,1.0,1.0,0.9333333333333333,0.0,0.0,0.0,5,0,1
1548,41,16,25,0,19,5,17,14,13,1,0,0,0,0,0,0,0,0,0,0,0,0,0,1.0,1.0,1.0,0.0,0.0,0.0,5,0,0
1549,41,16,25,0,19,4,18,14,13,0,0,0,0,0,0,0,0,0,0,0,0,0,0,1.0,1.0,1.0,0.0,0.0,0.0,5,0,0
1550,41,16,25,0,19,4,18,14,14,0,0,0,0,0,0,0,5,1,0,0,0,0,0,1.0,1.0,1.0,0.0,0.0,0.2,5,0,0
1551,40,16,24,0,19,4,17,13,13,0,0,0,0,0,0,0,0,0,0,0,0,0,0,1.0,1.0,0.9285714285714286,0.0,0.0,0.0,5,0,1
1552,40,16,24,0,19,4,17,13,13,0,0,0,0,0,0,0,0,0,0,0,0,0,0,1.0,1.0,1.0,0.0,0.0,0.0,5,0,0
1553,40,16,24,0,19,4,17,13,13,0,0,0,0,0,0,0,0,0,0,0,0,0,0,1.0,1.0,1.0,0.0,0.0,0.0,5,0,0
1554,40,16,24,0,19,4,17,13,13,0,0,0,0,0,0,0,0,0,0,0,0,1,0,1.0,1.0,1.0,0.0,0.0,0.0,5,0,0
1555,40,16,24,0,19,4,17,13,13,0,0,0,0,0,0,0,0,0,0,0,0,0,0,1.0,1.0,1.0,0.0,0.0,0.0,5,0,0
1556,43,17,26,3,19,4,17,13,12,0,1,0,0,0,0,0,0,0,0,1,0,0,0,1.0,1.0,1.0,0.075,0.075,0.0,5,3,0
1557,43,17,26,3,19,4,17,13,12,0,1,0,0,0,0,0,0,0,0,0,0,0,0,1.0,1.0,1.0,0.0,0.0,0.0,5,0,0
1558,43,17,26,3,18,5,17,13,12,0,1,0,0,0,0,0,0,0,0,0,0,0,0,1.0,1.0,1.0,0.0,0.0,0.0,5,0,0
1559,46,19,27,6,18,5,17,13,11,0,2,0,0,0,0,0,0,0,0,1,0,0,0,1.0,1.0,1.0,0.06976744186046512,0.06976744186046512,0.0,5,3,0
1560,46,19,27,6,18,5,17,13,11,0,2,0,0,0,0,0,0,0,0,0,0,0,0,1.0,1.0,1.0,0.0,0.0,0.0,5,0,0
1561,46,19,27,6,18,5,17,13,11,0,2,0,0,0,0,0,0,0,0,0,0,0,0,1.0,1.0,1.0,0.0,0.0,0.0,5,0,0
1562,46,19,27,6,18,5,17,13,11,0,2,0,0,0,0,0,0,0,0,0,0,0,0,1.0,1.0,1.0,0.0,0.0,0.0,5,0,0
1563,50,20,30,10,18,5,17,13,10,0,3,0,0,0,0,0,0,0,0,1,0,0,0,1.0,1.0,1.0,0.08695652173913043,0.08695652173913043,0.0,5,4,0
1564,49,19,30,10,18,4,17,13,10,0,3,0,0,0,0,0,0,0,0,0,0,0,0,1.0,1.0,1.0,0.0,0.0,0.0,5,0,1
1565,49,19,30,10,18,4,17,13,10,0,3,0,0,0,0,0,0,0,0,0,0,0,0,1.0,1.0,1.0,0.0,0.0,0.0,5,0,0
1566,49,19,30,10,18,4,17,13,10,0,3,0,0,0,0,0,0,0,0,0,0,0,0,1.0,1.0,1.0,0.0,0.0,0.0,5,0,0
1567,49,19,30,10,18,4,17,13,10,0,3,0,0,0,0,0,0,0,0,0,0,0,0,1.0,1.0,1.0,0.0,0.0,0.0,5,0,0
1568,49,19,30,10,18,4,17,13,10,0,3,0,0,0,0,0,0,0,0,0,0,0,0,1.0,1.0,1.0,0.0,0.0,0.0,5,0,0
1569,57,22,35,18,18,4,17,13,8,0,5,0,0,0,0,0,0,0,0,2,0,0,0,1.0,1.0,1.0,0.16326530612244897,0.16326530612244897,0.0,5,8,0
1570,57,22,35,18,18,4,17,13,8,0,5,0,0,0,0,0,0,0,0,0,0,0,0,1.0,1.0,1.0,0.0,0.0,0.0,5,0,0
1571,60,22,38,22,17,4,17,13,7,0,6,0,0,0,0,0,0,0,0,1,1,0,1,0.9722222222222222,1.0,1.0,0.07017543859649122,0.07017543859649122,0.0,5,4,1
1572,59,21,38,22,16,4,17,13,7,0,6,0,0,0,0,0,0,0,0,0,1,0,1,0.9743589743589743,1.0,1.0,0.0,0.0,0.0,5,0,1
1573,59,21,38,22,16,4,17,13,7,0,6,0,0,0,0,0,0,0,0,0,0,0,0,1.0,1.0,1.0,0.0,0.0,0.0,5,0,0
1574,59,21,38,22,16,4,17,13,7,0,6,0,0,0,0,0,0,0,0,0,0,0,0,1.0,1.0,1.0,0.0,0.0,0.0,5,0,0
1575,57,19,38,22,14,4,17,13,7,0,6,0,0,0,0,0,0,0,0,0,2,0,2,0.9473684210526316,1.0,1.0,0.0,0.0,0.0,5,0,2
1576,57,19,38,22,14,4,17,13,7,0,6,0,0,0,0,0,0,0,0,0,0,0,0,1.0,1.0,1.0,0.0,0.0,0.0,5,0,0
1577,57,19,38,22,14,4,17,13,7,0,6,0,0,0,0,0,0,0,0,0,0,0,0,1.0,1.0,1.0,0.0,0.0,0.0,5,0,0
1578,57,19,38,22,14,4,17,13,7,0,6,0,0,0,0,0,0,0,0,0,0,0,0,1.0,1.0,1.0,0.0,0.0,0.0,5,0,0
1579,56,18,38,22,13,4,17,13,7,0,6,0,0,0,0,0,0,0,0,0,1,0,1,0.9722222222222222,1.0,1.0,0.0,0.0,0.0,5,0,1
1580,56,18,38,22,13,4,17,13,7,0,6,0,0,0,0,0,0,0,0,0,0,0,0,1.0,1.0,1.0,0.0,0.0,0.0,5,0,0
1581,58,20,38,25,13,4,16,12,6,0,6,0,0,0,0,0,0,0,0,1,0,0,0,1.0,1.0,0.9230769230769231,0.05357142857142857,0.05357142857142857,0.0,5,3,1
1582,59,21,38,27,13,4,15,11,5,0,6,0,0,0,0,0,0,0,0,1,2,0,2,0.9473684210526316,1.0,0.9166666666666666,0.06896551724137931,0.06896551724137931,0.0,5,4,3
1583,61,23,38,30,12,4,15,11,4,0,7,0,0,0,0,0,0,0,0,1,2,0,2,0.95,1.0,1.0,0.06779661016949153,0.06779661016949153,0.0,5,4,2
1584,63,23,40,33,11,4,15,11,3,0,8,0,0,0,0,0,0,0,0,1,2,0,2,0.9523809523809523,1.0,1.0,0.06557377049180328,0.06557377049180328,0.0,5,4,2
1585,62,22,40,32,11,4,15,11,3,0,8,0,0,0,0,0,0,0,0,0,1,0,1,0.9772727272727273,1.0,1.0,0.0,0.0,0.0,5,0,1
1586,58,21,37,31,8,4,15,11,3,0,8,0,0,0,0,0,0,0,0,0,4,0,4,0.9069767441860466,1.0,1.0,0.0,0.0,0.0,5,0,4
1587,55,19,36,29,8,4,14,10,3,0,7,0,0,0,0,0,0,0,0,0,2,0,2,0.9487179487179487,1.0,0.9090909090909091,0.0,0.0,0.0,5,0,3
1588,55,19,36,29,8,4,14,10,3,0,7,0,0,0,0,0,0,0,0,0,0,0,0,1.0,1.0,1.0,0.0,0.0,0.0,5,0,0
1589,55,19,36,29,8,4,14,10,3,0,7,0,0,0,0,0,0,0,0,0,0,0,0,1.0,1.0,1.0,0.0,0.0,0.0,5,0,0
1590,55,19,36,29,8,3,15,11,3,0,7,0,0,0,0,0,0,0,0,0,0,0,0,1.0,1.0,1.0,0.0,0.0,0.0,5,0,0
1591,55,19,36,29,8,3,15,11,3,0,7,0,0,0,0,0,0,0,0,0,0,0,0,1.0,1.0,1.0,0.0,0.0,0.0,5,0,0
1592,54,19,35,28,8,3,15,11,3,0,7,0,0,0,0,0,0,0,0,0,1,0,1,0.972972972972973,1.0,1.0,0.0,0.0,0.0,5,0,1
1593,54,19,35,28,8,3,15,11,3,0,7,0,0,0,0,0,0,0,0,0,0,0,0,1.0,1.0,1.0,0.0,0.0,0.0,5,0,0
1594,58,21,37,32,8,3,15,11,2,0,8,0,0,0,0,0,1,0,0,1,0,0,0,1.0,1.0,1.0,0.07407407407407407,0.07407407407407407,0.0,5,4,0
1595,61,21,40,35,8,3,15,11,1,0,9,0,0,0,0,0,1,0,0,1,0,0,0,1.0,1.0,1.0,0.05172413793103448,0.05172413793103448,0.0,5,3,0
1596,61,21,40,35,8,3,15,11,2,0,9,0,0,0,0,0,7,1,0,0,0,0,0,1.0,1.0,1.0,0.0,0.0,0.14285714285714285,5,0,0
1597,61,21,40,35,8,3,15,11,2,0,9,0,0,0,0,0,0,0,0,0,0,0,0,1.0,1.0,1.0,0.0,0.0,0.0,5,0,0
1598,61,21,40,35,8,3,15,11,2,0,9,0,0,0,0,0,0,0,0,0,0,0,0,1.0,1.0,1.0,0.0,0.0,0.0,5,0,0
1599,60,20,40,31,11,3,15,11,2,0,9,0,0,0,0,0,0,0,0,0,1,0,1,0.9767441860465116,1.0,1.0,0.0,0.0,0.0,5,0,1
1600,58,18,40,31,9,3,15,11,2,0,9,0,0,0,0,0,0,0,0,0,2,0,2,0.9523809523809523,1.0,1.0,0.0,0.0,0.0,5,0,2
1601,58,18,40,31,9,3,15,11,2,0,8,0,0,0,0,0,0,0,0,0,0,0,0,1.0,1.0,1.0,0.0,0.0,0.0,5,0,0
1602,58,18,40,29,11,3,15,11,2,0,8,0,0,0,0,0,5,0,0,0,0,0,0,1.0,1.0,1.0,0.0,0.0,0.0,5,0,0
1603,58,18,40,29,11,3,15,11,3,0,8,0,0,0,0,0,7,1,0,0,0,0,0,1.0,1.0,1.0,0.0,0.0,0.14285714285714285,5,0,0
1604,58,18,40,29,11,3,15,11,3,0,7,0,0,0,0,0,0,0,0,0,0,1,0,1.0,1.0,1.0,0.0,0.0,0.0,5,0,0
1605,56,18,38,27,11,3,15,11,3,0,7,0,0,0,0,0,2,0,0,0,2,0,2,0.95,1.0,1.0,0.0,0.0,0.0,5,0,2
1606,53,16,37,23,12,3,15,11,3,0,7,0,0,0,0,0,7,0,0,0,3,0,3,0.9210526315789473,1.0,1.0,0.0,0.0,0.0,5,0,3
1607,53,16,37,23,12,3,15,11,4,0,7,0,0,0,0,0,4,1,0,0,0,0,0,1.0,1.0,1.0,0.0,0.0,0.25,5,0,0
1608,53,16,37,23,11,4,15,11,4,0,6,0,0,0,0,0,0,0,0,0,0,0,0,1.0,1.0,1.0,0.0,0.0,0.0,5,0,0
1609,53,16,37,23,11,4,15,11,5,0,6,0,0,0,0,0,7,1,0,0,0,0,0,1.0,1.0,1.0,0.0,0.0,0.14285714285714285,5,0,0
1610,52,16,36,23,10,4,15,11,5,0,6,0,0,0,0,0,0,0,0,0,1,0,1,0.9705882352941176,1.0,1.0,0.0,0.0,0.0,5,0,1
1611,51,15,36,22,10,4,15,11,5,0,6,0,0,0,0,0,0,0,0,0,1,0,1,0.9696969696969697,1.0,1.0,0.0,0.0,0.0,5,0,1
1612,51,15,36,18,14,4,15,11,5,0,6,0,0,0,0,0,0,0,0,0,0,0,0,1.0,1.0,1.0,0.0,0.0,0.0,5,0,0
1613,51,15,36,18,14,4,15,11,5,0,6,0,0,0,0,0,0,0,0,0,0,0,0,1.0,1.0,1.0,0.0,0.0,0.0,5,0,0
1614,51,15,36,14,18,4,15,11,5,0,6,0,0,0,0,0,0,0,0,0,0,0,0,1.0,1.0,1.0,0.0,0.0,0.0,5,0,0
1615,55,16,39,18,18,4,15,11,4,0,7,0,0,0,0,0,0,0,0,1,0,1,0,1.0,1.0,1.0,0.0784313725490196,0.0784313725490196,0.0,5,4,0
1616,55,16,39,18,18,4,15,11,4,0,7,0,0,0,0,0,0,0,0,0,0,0,0,1.0,1.0,1.0,0.0,0.0,0.0,5,0,0
1617,55,16,39,18,18,4,15,11,4,0,7,0,0,0,0,0,0,0,0,0,0,0,0,1.0,1.0,1.0,0.0,0.0,0.0,5,0,0
1618,54,15,39,17,18,4,15,11,4,0,7,0,0,0,0,0,0,0,0,0,1,0,1,0.9722222222222222,1.0,1.0,0.0,0.0,0.0,5,0,1
1619,52,15,37,16,16,5,15,11,4,0,7,0,0,0,0,0,0,0,0,0,2,0,2,0.9411764705882353,1.0,1.0,0.0,0.0,0.0,5,0,2
1620,52,15,37,16,16,5,15,11,4,0,7,0,0,0,0,0,0,0,0,0,0,0,0,1.0,1.0,1.0,0.0,0.0,0.0,5,0,0
1621,52,15,37,16,16,5,15,11,4,0,7,0,0,0,0,0,0,0,0,0,0,0,0,1.0,1.0,1.0,0.0,0.0,0.0,5,0,0
1622,52,15,37,16,16,5,15,11,4,0,7,0,0,0,0,0,0,0,0,0,0,0,0,1.0,1.0,1.0,0.0,0.0,0.0,5,0,0
1623,52,15,37,16,16,5,15,11,4,0,7,0,0,0,0,0,0,0,0,0,0,0,0,1.0,1.0,1.0,0.0,0.0,0.0,5,0,0
1624,52,15,37,15,17,5,15,11,4,0,7,0,0,0,0,0,0,0,0,0,0,0,0,1.0,1.0,1.0,0.0,0.0,0.0,5,0,0
1625,52,15,37,12,20,5,15,11,4,0,7,0,0,0,0,0,0,0,0,0,0,1,0,1.0,1.0,1.0,0.0,0.0,0.0,5,0,0
1626,51,15,36,9,22,5,15,11,4,0,6,0,0,0,0,0,0,0,0,0,1,0,1,0.96875,1.0,1.0,0.0,0.0,0.0,5,0,1
1627,51,15,36,7,24,5,15,11,5,0,5,0,0,0,0,0,8,1,0,0,0,0,0,1.0,1.0,1.0,0.0,0.0,0.125,5,0,0
1628,51,15,36,7,24,5,15,11,6,0,4,0,0,0,0,0,5,1,0,0,0,0,0,1.0,1.0,1.0,0.0,0.0,0.2,5,0,0
1629,51,15,36,7,23,6,15,11,7,0,3,0,0,0,0,0,8,1,0,0,0,0,0,1.0,1.0,1.0,0.0,0.0,0.125,5,0,0
1630,51,15,36,7,23,6,15,11,7,1,3,0,0,0,0,0,3,0,1,0,0,0,0,1.0,1.0,1.0,0.0,0.0,0.0,5,0,0
1631,50,15,35,7,22,6,15,11,7,1,3,0,0,0,0,0,0,0,0,0,1,0,1,0.9666666666666667,1.0,1.0,0.0,0.0,0.0,5,0,1
1632,50,15,35,7,22,6,15,11,7,1,3,0,0,0,0,0,0,0,0,0,0,1,0,1.0,1.0,1.0,0.0,0.0,0.0,5,0,0
1633,49,15,34,7,21,6,15,11,7,1,3,0,0,0,0,0,0,0,0,0,1,0,1,0.9655172413793104,1.0,1.0,0.0,0.0,0.0,5,0,1
1634,49,15,34,7,21,6,15,11,7,1,3,0,0,0,0,0,0,0,0,0,0,0,0,1.0,1.0,1.0,0.0,0.0,0.0,5,0,0
1635,49,15,34,7,21,6,15,11,7,1,3,0,0,0,0,0,0,0,0,0,0,0,0,1.0,1.0,1.0,0.0,0.0,0.0,5,0,0
1636,49,15,34,7,20,7,15,11,7,1,3,0,0,0,0,0,0,0,0,0,0,0,0,1.0,1.0,1.0,0.0,0.0,0.0,5,0,0
1637,49,15,34,4,23,7,15,11,7,1,3,0,0,0,0,0,0,0,0,0,0,0,0,1.0,1.0,1.0,0.0,0.0,0.0,5,0,0
1638,49,15,34,3,24,7,15,11,7,1,3,0,0,0,0,0,0,0,0,0,0,0,0,1.0,1.0,1.0,0.0,0.0,0.0,5,0,0
1639,49,15,34,3,24,7,15,11,7,1,2,0,0,0,0,0,0,0,0,0,0,0,0,1.0,1.0,1.0,0.0,0.0,0.0,5,0,0
1640,49,15,34,3,24,7,15,11,8,1,1,0,0,0,0,0,4,1,0,0,0,0,0,1.0,1.0,1.0,0.0,0.0,0.25,5,0,0
1641,49,15,34,3,24,7,15,11,8,1,1,0,0,0,0,0,5,0,0,0,0,0,0,1.0,1.0,1.0,0.0,0.0,0.0,5,0,0
1642,49,15,34,3,24,7,15,11,8,1,1,0,0,0,0,0,1,0,0,0,0,0,0,1.0,1.0,1.0,0.0,0.0,0.0,5,0,0
1643,49,15,34,3,24,7,15,11,9,1,1,0,0,0,0,0,4,1,0,0,0,0,0,1.0,1.0,1.0,0.0,0.0,0.25,5,0,0
1644,49,15,34,3,24,7,15,11,9,1,1,0,0,0,0,0,0,0,0,0,0,0,0,1.0,1.0,1.0,0.0,0.0,0.0,5,0,0
1645,49,15,34,3,24,7,15,11,9,1,1,0,0,0,0,0,0,0,0,0,0,0,0,1.0,1.0,1.0,0.0,0.0,0.0,5,0,0
1646,48,15,33,3,23,7,15,11,9,1,1,0,0,0,0,0,0,0,0,0,1,0,1,0.962962962962963,1.0,1.0,0.0,0.0,0.0,5,0,1
1647,48,15,33,3,23,7,15,11,9,1,1,0,0,0,0,0,0,0,0,0,0,0,0,1.0,1.0,1.0,0.0,0.0,0.0,5,0,0
1648,48,15,33,3,23,7,15,11,9,1,1,0,0,0,0,0,0,0,0,0,0,0,0,1.0,1.0,1.0,0.0,0.0,0.0,5,0,0
1649,48,15,33,3,23,7,15,11,9,1,1,0,0,0,0,0,0,0,0,0,0,0,0,1.0,1.0,1.0,0.0,0.0,0.0,5,0,0
1650,48,15,33,3,23,7,15,11,9,1,1,0,0,0,0,0,0,0,0,0,0,0,0,1.0,1.0,1.0,0.0,0.0,0.0,5,0,0
1651,48,15,33,3,23,7,15,11,9,1,1,0,0,0,0,0,0,0,0,0,0,0,0,1.0,1.0,1.0,0.0,0.0,0.0,5,0,0
1652,48,15,33,3,23,6,16,11,9,1,1,0,0,0,0,0,0,0,0,0,0,0,0,1.0,1.0,1.0,0.0,0.0,0.0,5,0,0
1653,48,15,33,3,23,6,16,11,9,1,1,0,0,0,0,0,0,0,0,0,0,0,0,1.0,1.0,1.0,0.0,0.0,0.0,5,0,0
1654,48,15,33,3,23,6,16,11,9,1,1,0,0,0,0,0,0,0,0,0,0,0,0,1.0,1.0,1.0,0.0,0.0,0.0,5,0,0
1655,48,15,33,3,23,6,16,11,9,1,1,0,0,0,0,0,0,0,0,0,0,0,0,1.0,1.0,1.0,0.0,0.0,0.0,5,0,0
1656,48,15,33,3,23,6,16,11,9,1,1,0,0,0,0,0,0,0,0,0,0,0,0,1.0,1.0,1.0,0.0,0.0,0.0,5,0,0
1657,48,15,33,3,23,6,16,11,9,1,1,0,0,0,0,0,0,0,0,0,0,0,0,1.0,1.0,1.0,0.0,0.0,0.0,5,0,0
1658,47,14,33,0,25,5,17,12,9,1,1,0,0,0,0,0,0,0,0,0,1,0,1,0.9615384615384616,1.0,1.0,0.0,0.0,0.0,5,0,1
1659,47,14,33,0,25,5,17,12,10,1,1,0,0,0,0,0,6,1,0,0,0,0,0,1.0,1.0,1.0,0.0,0.0,0.16666666666666666,5,0,0
1660,47,14,33,0,25,5,17,12,10,1,0,0,0,0,0,0,0,0,0,0,0,0,0,1.0,1.0,1.0,0.0,0.0,0.0,5,0,0
1661,49,15,34,4,23,5,17,12,10,1,1,0,0,0,0,0,8,1,0,1,2,0,2,0.92,1.0,1.0,0.0851063829787234,0.0851063829787234,0.125,5,4,2
1662,49,15,34,4,23,5,17,12,10,1,1,0,0,0,0,0,0,0,0,0,0,0,0,1.0,1.0,1.0,0.0,0.0,0.0,5,0,0
1663,49,15,34,4,23,5,17,12,10,1,1,0,0,0,0,0,0,0,0,0,0,0,0,1.0,1.0,1.0,0.0,0.0,0.0,5,0,0
1664,49,15,34,4,23,5,17,12,10,1,1,0,0,0,0,0,0,0,0,0,0,0,0,1.0,1.0,1.0,0.0,0.0,0.0,5,0,0
1665,48,15,33,3,23,5,17,12,10,1,1,0,0,0,0,0,0,0,0,0,1,0,1,0.962962962962963,1.0,1.0,0.0,0.0,0.0,5,0,1
1666,47,15,32,3,22,5,17,12,10,1,1,0,0,0,0,0,0,0,0,0,1,0,1,0.9615384615384616,1.0,1.0,0.0,0.0,0.0,5,0,1
1667,47,15,32,3,22,5,17,12,10,1,1,0,0,0,0,0,0,0,0,0,0,0,0,1.0,1.0,1.0,0.0,0.0,0.0,5,0,0
1668,51,16,35,7,22,5,17,12,9,1,2,0,0,0,0,0,0,0,0,1,0,0,0,1.0,1.0,1.0,0.0851063829787234,0.0851063829787234,0.0,5,4,0
1669,51,16,35,7,22,5,17,12,9,1,2,0,0,0,0,0,0,0,0,0,0,0,0,1.0,1.0,1.0,0.0,0.0,0.0,5,0,0
1670,51,16,35,7,22,5,17,12,9,1,2,0,0,0,0,0,0,0,0,0,0,0,0,1.0,1.0,1.0,0.0,0.0,0.0,5,0,0
1671,51,16,35,7,22,5,17,12,9,1,2,0,0,0,0,0,0,0,0,0,0,0,0,1.0,1.0,1.0,0.0,0.0,0.0,5,0,0
1672,54,16,38,10,22,5,17,12,8,1,3,0,0,0,0,0,0,0,0,1,0,0,0,1.0,1.0,1.0,0.058823529411764705,0.058823529411764705,0.0,5,3,0
1673,51,14,37,9,21,5,16,12,8,1,3,0,0,0,0,0,0,0,0,0,2,0,2,0.9375,0.8,1.0,0.0,0.0,0.0,5,0,3
1674,54,14,40,12,21,5,16,12,7,1,4,0,0,0,0,0,0,0,0,1,0,0,0,1.0,1.0,1.0,0.058823529411764705,0.058823529411764705,0.0,5,3,0
1675,54,14,40,12,21,5,16,12,7,0,4,0,0,0,0,0,0,0,0,0,0,0,0,1.0,1.0,1.0,0.0,0.0,0.0,5,0,0
1676,54,14,40,12,21,5,16,12,7,1,4,0,0,0,0,0,2,0,1,0,0,0,0,1.0,1.0,1.0,0.0,0.0,0.0,5,0,0
1677,54,14,40,12,21,5,16,12,7,1,4,0,0,0,0,0,0,0,0,0,0,0,0,1.0,1.0,1.0,0.0,0.0,0.0,5,0,0
1678,53,14,39,12,20,5,16,12,7,1,4,0,0,0,0,0,0,0,0,0,1,0,1,0.9696969696969697,1.0,1.0,0.0,0.0,0.0,5,0,1
1679,53,14,39,12,20,5,16,12,7,1,4,0,0,0,0,0,0,0,0,0,0,0,0,1.0,1.0,1.0,0.0,0.0,0.0,5,0,0
1680,52,14,38,12,19,5,16,12,7,1,4,0,0,0,0,0,0,0,0,0,1,0,1,0.96875,1.0,1.0,0.0,0.0,0.0,5,0,1
1681,52,14,38,12,19,5,16,12,7,1,4,0,0,0,0,0,0,0,0,0,0,0,0,1.0,1.0,1.0,0.0,0.0,0.0,5,0,0
1682,51,13,38,12,18,5,16,12,7,1,4,0,0,0,0,0,0,0,0,0,1,0,1,0.967741935483871,1.0,1.0,0.0,0.0,0.0,5,0,1
1683,51,13,38,12,18,5,16,12,7,1,4,0,0,0,0,0,0,0,0,0,0,0,0,1.0,1.0,1.0,0.0,0.0,0.0,5,0,0
1684,51,13,38,12,18,5,16,12,7,1,4,0,0,0,0,0,0,0,0,0,0,0,0,1.0,1.0,1.0,0.0,0.0,0.0,5,0,0
1685,51,13,38,12,18,5,16,12,7,1,4,0,0,0,0,0,0,0,0,0,0,0,0,1.0,1.0,1.0,0.0,0.0,0.0,5,0,0
1686,51,13,38,12,18,5,16,12,7,1,4,0,0,0,0,0,0,0,0,0,0,0,0,1.0,1.0,1.0,0.0,0.0,0.0,5,0,0
1687,51,13,38,12,18,5,16,12,7,1,4,0,0,0,0,0,0,0,0,0,0,0,0,1.0,1.0,1.0,0.0,0.0,0.0,5,0,0
1688,50,13,37,11,18,5,16,12,7,1,4,0,0,0,0,0,0,0,0,0,1,0,1,0.9666666666666667,1.0,1.0,0.0,0.0,0.0,5,0,1
1689,50,13,37,11,18,5,16,12,7,1,4,0,0,0,0,0,0,0,0,0,0,0,0,1.0,1.0,1.0,0.0,0.0,0.0,5,0,0
1690,50,13,37,11,18,5,16,12,7,1,4,0,0,0,0,0,0,0,0,0,0,0,0,1.0,1.0,1.0,0.0,0.0,0.0,5,0,0
1691,50,13,37,11,18,5,16,12,7,1,4,0,0,0,0,0,0,0,0,0,0,0,0,1.0,1.0,1.0,0.0,0.0,0.0,5,0,0
1692,54,15,39,15,18,5,16,12,6,1,5,0,0,0,0,0,0,0,0,1,0,0,0,1.0,1.0,1.0,0.08,0.08,0.0,5,4,0
1693,57,15,42,19,17,5,16,12,5,1,6,0,0,0,0,0,0,0,0,1,1,0,1,0.9696969696969697,1.0,1.0,0.07407407407407407,0.07407407407407407,0.0,5,4,1
1694,59,16,43,22,16,5,16,12,4,1,7,0,0,0,0,0,0,0,0,1,1,0,1,0.9722222222222222,1.0,1.0,0.05263157894736842,0.05263157894736842,0.0,5,3,1
1695,57,16,41,21,15,5,16,12,4,1,7,0,0,0,0,0,0,0,0,0,2,0,2,0.9473684210526316,1.0,1.0,0.0,0.0,0.0,5,0,2
1696,57,16,41,21,15,5,16,12,4,1,7,0,0,0,0,0,0,0,0,0,0,0,0,1.0,1.0,1.0,0.0,0.0,0.0,5,0,0
1697,57,16,41,21,15,5,16,12,4,1,7,0,0,0,0,0,0,0,0,0,0,0,0,1.0,1.0,1.0,0.0,0.0,0.0,5,0,0
1698,56,16,40,21,14,5,16,12,4,1,7,0,0,0,0,0,0,0,0,0,1,0,1,0.9722222222222222,1.0,1.0,0.0,0.0,0.0,5,0,1
1699,55,16,39,20,14,5,16,12,4,1,7,0,0,0,0,0,0,0,0,0,1,0,1,0.9714285714285714,1.0,1.0,0.0,0.0,0.0,5,0,1
1700,55,16,39,20,14,5,16,12,4,1,7,0,0,0,0,0,0,0,0,0,0,0,0,1.0,1.0,1.0,0.0,0.0,0.0,5,0,0
1701,54,16,38,19,14,4,17,13,4,2,7,0,0,0,0,0,2,0,1,0,1,0,1,0.9705882352941176,1.0,1.0,0.0,0.0,0.0,5,0,1
1702,53,16,37,18,14,4,17,13,4,2,7,0,0,0,0,0,0,0,0,0,1,0,1,0.9696969696969697,1.0,1.0,0.0,0.0,0.0,5,0,1
1703,53,16,37,18,14,4,17,13,4,2,7,0,0,0,0,0,0,0,0,0,0,0,0,1.0,1.0,1.0,0.0,0.0,0.0,5,0,0
1704,53,16,37,17,15,4,17,13,4,2,7,0,0,0,0,0,0,0,0,0,0,0,0,1.0,1.0,1.0,0.0,0.0,0.0,5,0,0
1705,57,17,40,21,15,4,17,13,3,2,8,0,0,0,0,0,0,0,0,1,0,0,0,1.0,1.0,1.0,0.07547169811320754,0.07547169811320754,0.0,5,4,0
1706,57,17,40,21,15,4,17,13,3,2,7,0,0,0,0,0,0,0,0,0,0,0,0,1.0,1.0,1.0,0.0,0.0,0.0,5,0,0
1707,57,17,40,21,15,4,17,13,3,2,7,0,0,0,0,0,1,0,0,0,0,0,0,1.0,1.0,1.0,0.0,0.0,0.0,5,0,0
1708,60,17,43,25,15,3,17,13,3,2,8,0,0,0,0,0,3,1,0,1,0,0,0,1.0,1.0,1.0,0.07017543859649122,0.07017543859649122,0.3333333333333333,5,4,1
1709,60,17,43,25,15,3,17,13,3,2,8,0,0,0,0,0,0,0,0,0,0,0,0,1.0,1.0,1.0,0.0,0.0,0.0,5,0,0
1710,60,17,43,25,15,3,17,13,3,2,8,0,0,0,0,0,0,0,0,0,0,0,0,1.0,1.0,1.0,0.0,0.0,0.0,5,0,0
1711,60,17,43,21,19,3,17,13,3,2,8,0,0,0,0,0,0,0,0,0,0,0,0,1.0,1.0,1.0,0.0,0.0,0.0,5,0,0
1712,60,17,43,21,19,3,17,13,3,2,8,0,0,0,0,0,0,0,0,0,0,0,0,1.0,1.0,1.0,0.0,0.0,0.0,5,0,0
1713,59,17,42,20,19,3,17,13,3,2,7,0,0,0,0,0,0,0,0,0,1,0,1,0.975,1.0,1.0,0.0,0.0,0.0,5,0,1
1714,59,17,42,20,19,3,17,13,4,2,7,0,0,0,0,0,6,1,0,0,0,0,0,1.0,1.0,1.0,0.0,0.0,0.16666666666666666,5,0,0
1715,58,17,41,19,19,3,17,13,4,2,7,0,0,0,0,0,0,0,0,0,1,0,1,0.9743589743589743,1.0,1.0,0.0,0.0,0.0,5,0,1
1716,57,17,40,18,19,3,17,13,4,2,7,0,0,0,0,0,0,0,0,0,1,0,1,0.9736842105263158,1.0,1.0,0.0,0.0,0.0,5,0,1
1717,53,16,37,15,18,3,17,13,4,2,6,0,0,0,0,0,0,0,0,0,4,0,4,0.8918918918918919,1.0,1.0,0.0,0.0,0.0,5,0,4
1718,52,15,37,14,18,3,17,13,4,2,6,0,0,0,0,0,3,0,0,0,1,0,1,0.9696969696969697,1.0,1.0,0.0,0.0,0.0,5,0,1
1719,50,13,37,13,17,3,17,13,5,2,5,0,0,0,0,0,6,1,0,0,2,0,2,0.9375,1.0,1.0,0.0,0.0,0.16666666666666666,5,0,2
1720,50,13,37,13,17,3,17,13,6,2,5,0,0,0,0,0,2,1,0,0,0,0,0,1.0,1.0,1.0,0.0,0.0,0.5,5,0,0
1721,50,13,37,13,17,3,17,13,6,1,5,0,0,0,0,0,0,0,0,0,0,0,0,1.0,1.0,1.0,0.0,0.0,0.0,5,0,0
1722,50,13,37,13,17,3,17,13,7,1,5,0,0,0,0,0,1,1,0,0,0,0,0,1.0,1.0,1.0,0.0,0.0,1.0,5,0,0
1723,50,13,37,13,17,3,17,13,7,1,5,0,0,0,0,0,0,0,0,0,0,0,0,1.0,1.0,1.0,0.0,0.0,0.0,5,0,0
1724,53,15,38,16,17,3,17,13,6,1,6,0,0,0,0,0,0,0,0,1,0,0,0,1.0,1.0,1.0,0.06,0.06,0.0,5,3,0
1725,52,15,37,15,17,3,17,13,6,1,6,0,0,0,0,0,0,0,0,0,1,0,1,0.9696969696969697,1.0,1.0,0.0,0.0,0.0,5,0,1
1726,55,18,37,19,16,3,17,13,5,1,7,0,0,0,0,0,0,0,0,1,1,0,1,0.96875,1.0,1.0,0.07692307692307693,0.07692307692307693,0.0,5,4,1
1727,54,17,37,18,16,3,17,13,5,1,7,0,0,0,0,0,0,0,0,0,1,0,1,0.9714285714285714,1.0,1.0,0.0,0.0,0.0,5,0,1
1728,54,17,37,18,16,3,17,13,5,1,7,0,0,0,0,0,0,0,0,0,0,0,0,1.0,1.0,1.0,0.0,0.0,0.0,5,0,0
1729,54,17,37,18,16,2,18,14,5,1,7,0,0,0,0,0,0,0,0,0,0,0,0,1.0,1.0,1.0,0.0,0.0,0.0,5,0,0
1730,54,17,37,18,16,2,18,14,5,1,7,0,0,0,0,0,0,0,0,0,0,0,0,1.0,1.0,1.0,0.0,0.0,0.0,5,0,0
1731,54,17,37,18,16,2,18,14,5,1,7,0,0,0,0,0,0,0,0,0,0,0,0,1.0,1.0,1.0,0.0,0.0,0.0,5,0,0
1732,54,17,37,18,16,2,18,14,5,1,7,0,0,0,0,0,0,0,0,0,0,0,0,1.0,1.0,1.0,0.0,0.0,0.0,5,0,0
1733,54,17,37,18,16,2,18,14,5,1,7,0,0,0,0,0,0,0,0,0,0,0,0,1.0,1.0,1.0,0.0,0.0,0.0,5,0,0
1734,52,17,35,17,15,2,18,14,5,1,7,0,0,0,0,0,0,0,0,0,2,0,2,0.9411764705882353,1.0,1.0,0.0,0.0,0.0,5,0,2
1735,52,17,35,14,18,2,18,14,5,1,7,0,0,0,0,0,0,0,0,0,0,0,0,1.0,1.0,1.0,0.0,0.0,0.0,5,0,0
1736,52,17,35,12,20,2,18,14,5,1,7,0,0,0,0,0,0,0,0,0,0,2,0,1.0,1.0,1.0,0.0,0.0,0.0,5,0,0
1737,51,16,35,9,22,2,18,14,6,1,6,0,0,0,0,0,5,1,0,0,1,0,1,0.96875,1.0,1.0,0.0,0.0,0.2,5,0,1
1738,50,15,35,8,22,2,18,14,6,1,5,0,0,0,0,0,1,0,0,0,1,0,1,0.967741935483871,1.0,1.0,0.0,0.0,0.0,5,0,1
1739,50,15,35,8,22,2,18,14,8,1,4,0,0,0,0,0,11,2,0,0,0,0,0,1.0,1.0,1.0,0.0,0.0,0.18181818181818182,5,0,0
1740,50,15,35,8,20,4,18,14,9,1,4,0,0,0,0,0,7,1,0,0,0,0,0,1.0,1.0,1.0,0.0,0.0,0.14285714285714285,5,0,0
1741,50,15,35,8,20,4,18,14,9,1,4,0,0,0,0,0,0,0,0,0,0,0,0,1.0,1.0,1.0,0.0,0.0,0.0,5,0,0
1742,49,15,34,8,20,4,17,13,9,1,3,0,0,0,0,0,0,0,0,0,0,0,0,1.0,1.0,0.9285714285714286,0.0,0.0,0.0,5,0,1
1743,49,15,34,8,20,4,17,13,9,1,3,0,0,0,0,0,0,0,0,0,0,0,0,1.0,1.0,1.0,0.0,0.0,0.0,5,0,0
1744,49,15,34,8,20,4,17,13,9,1,3,0,0,0,0,0,0,0,0,0,0,0,0,1.0,1.0,1.0,0.0,0.0,0.0,5,0,0
1745,49,15,34,8,20,4,17,13,9,1,3,0,0,0,0,0,0,0,0,0,0,0,0,1.0,1.0,1.0,0.0,0.0,0.0,5,0,0
1746,48,15,33,8,19,4,17,13,9,0,3,0,0,0,0,0,0,0,0,0,1,0,1,0.9642857142857143,1.0,1.0,0.0,0.0,0.0,5,0,1
1747,47,15,32,8,18,4,17,13,10,0,3,0,0,0,0,0,8,1,0,0,1,0,1,0.962962962962963,1.0,1.0,0.0,0.0,0.125,5,0,1
1748,46,14,32,5,20,4,17,13,10,0,3,0,0,0,0,0,0,0,0,0,1,0,1,0.9615384615384616,1.0,1.0,0.0,0.0,0.0,5,0,1
1749,46,14,32,5,20,4,17,13,10,0,3,0,0,0,0,0,0,0,0,0,0,2,0,1.0,1.0,1.0,0.0,0.0,0.0,5,0,0
1750,46,14,32,5,20,4,17,13,10,0,2,0,0,0,0,0,0,0,0,0,0,0,0,1.0,1.0,1.0,0.0,0.0,0.0,5,0,0
1751,46,14,32,2,23,4,17,13,10,0,2,0,0,0,0,0,8,0,0,0,0,1,0,1.0,1.0,1.0,0.0,0.0,0.0,5,0,0
1752,46,14,32,2,23,4,17,13,11,0,2,0,0,0,0,0,7,1,0,0,0,0,0,1.0,1.0,1.0,0.0,0.0,0.14285714285714285,5,0,0
1753,46,14,32,2,21,6,17,13,11,0,1,0,0,0,0,0,0,0,0,0,0,0,0,1.0,1.0,1.0,0.0,0.0,0.0,5,0,0
1754,46,14,32,2,21,6,17,13,11,0,1,0,0,0,0,0,7,0,0,0,0,0,0,1.0,1.0,1.0,0.0,0.0,0.0,5,0,0
1755,46,14,32,2,20,7,17,13,11,0,1,0,0,0,0,0,7,0,0,0,0,0,0,1.0,1.0,1.0,0.0,0.0,0.0,5,0,0
1756,46,14,32,2,20,7,17,13,11,0,1,0,0,0,0,0,1,0,0,0,0,0,0,1.0,1.0,1.0,0.0,0.0,0.0,5,0,0
1757,46,14,32,2,20,7,17,13,12,0,1,0,0,0,0,0,7,1,0,0,0,0,0,1.0,1.0,1.0,0.0,0.0,0.14285714285714285,5,0,0
1758,46,14,32,2,20,7,17,13,12,0,1,0,0,0,0,0,0,0,0,0,0,0,0,1.0,1.0,1.0,0.0,0.0,0.0,5,0,0
1759,46,14,32,2,20,7,17,13,12,0,1,0,0,0,0,0,0,0,0,0,0,0,0,1.0,1.0,1.0,0.0,0.0,0.0,5,0,0
1760,46,14,32,2,20,7,17,13,12,0,1,0,0,0,0,0,0,0,0,0,0,0,0,1.0,1.0,1.0,0.0,0.0,0.0,5,0,0
1761,46,14,32,2,20,7,17,13,12,0,1,0,0,0,0,0,0,0,0,0,0,0,0,1.0,1.0,1.0,0.0,0.0,0.0,5,0,0
1762,46,14,32,2,20,7,17,13,12,0,1,0,0,0,0,0,0,0,0,0,0,2,0,1.0,1.0,1.0,0.0,0.0,0.0,5,0,0
1763,46,14,32,2,20,7,17,13,12,0,1,0,0,0,0,0,0,0,0,0,0,0,0,1.0,1.0,1.0,0.0,0.0,0.0,5,0,0
1764,46,14,32,2,20,7,17,13,12,0,1,0,0,0,0,0,0,0,0,0,0,0,0,1.0,1.0,1.0,0.0,0.0,0.0,5,0,0
1765,46,14,32,2,20,7,17,13,12,0,1,0,0,0,0,0,0,0,0,0,0,0,0,1.0,1.0,1.0,0.0,0.0,0.0,5,0,0
1766,46,14,32,2,18,9,17,13,12,0,1,0,0,0,0,0,0,0,0,0,0,0,0,1.0,1.0,1.0,0.0,0.0,0.0,5,0,0
1767,46,14,32,1,19,9,17,13,12,0,1,0,0,0,0,0,0,0,0,0,0,0,0,1.0,1.0,1.0,0.0,0.0,0.0,5,0,0
1768,46,14,32,1,19,9,17,13,12,0,1,0,0,0,0,0,0,0,0,0,0,0,0,1.0,1.0,1.0,0.0,0.0,0.0,5,0,0
1769,46,14,32,0,20,9,17,13,12,0,1,0,0,0,0,0,0,0,0,0,0,0,0,1.0,1.0,1.0,0.0,0.0,0.0,5,0,0
1770,46,14,32,0,20,9,17,13,12,0,1,0,0,0,0,0,0,0,0,0,0,0,0,1.0,1.0,1.0,0.0,0.0,0.0,5,0,0
1771,46,14,32,0,20,8,18,13,12,0,0,0,0,0,0,0,0,0,0,0,0,0,0,1.0,1.0,1.0,0.0,0.0,0.0,5,0,0
1772,46,14,32,0,20,8,18,13,12,0,0,0,0,0,0,0,0,0,0,0,0,0,0,1.0,1.0,1.0,0.0,0.0,0.0,5,0,0
1773,49,16,33,3,20,8,18,13,11,0,1,0,0,0,0,0,0,0,0,1,0,0,0,1.0,1.0,1.0,0.06521739130434782,0.06521739130434782,0.0,5,3,0
1774,49,16,33,3,20,8,18,13,11,0,1,0,0,0,0,0,0,0,0,0,0,1,0,1.0,1.0,1.0,0.0,0.0,0.0,5,0,0
1775,48,15,33,3,19,8,18,13,11,0,1,0,0,0,0,0,0,0,0,0,1,0,1,0.9565217391304348,1.0,1.0,0.0,0.0,0.0,5,0,1
1776,48,15,33,3,19,8,18,13,11,0,1,0,0,0,0,0,0,0,0,0,0,0,0,1.0,1.0,1.0,0.0,0.0,0.0,5,0,0
1777,48,15,33,3,19,8,18,13,11,0,1,0,0,0,0,0,0,0,0,0,0,0,0,1.0,1.0,1.0,0.0,0.0,0.0,5,0,0
1778,48,15,33,3,18,9,18,13,11,0,1,0,0,0,0,0,0,0,0,0,0,0,0,1.0,1.0,1.0,0.0,0.0,0.0,5,0,0
1779,51,18,33,7,17,9,18,13,10,0,2,0,0,0,0,0,0,0,0,1,1,0,1,0.9523809523809523,1.0,1.0,0.08333333333333333,0.08333333333333333,0.0,5,4,1
1780,51,18,33,7,17,9,18,13,10,0,2,0,0,0,0,0,0,0,0,0,0,0,0,1.0,1.0,1.0,0.0,0.0,0.0,5,0,0
1781,51,18,33,7,17,9,18,13,10,0,2,0,0,0,0,0,0,0,0,0,0,0,0,1.0,1.0,1.0,0.0,0.0,0.0,5,0,0
1782,50,17,33,7,16,9,18,13,10,0,2,0,0,0,0,0,0,0,0,0,1,0,1,0.9583333333333334,1.0,1.0,0.0,0.0,0.0,5,0,1
1783,49,17,32,7,16,9,17,12,10,0,1,0,0,0,0,0,0,0,0,0,0,0,0,1.0,1.0,0.9230769230769231,0.0,0.0,0.0,5,0,1
1784,52,19,33,10,16,9,17,12,9,0,2,0,0,0,0,0,0,0,0,1,0,0,0,1.0,1.0,1.0,0.061224489795918366,0.061224489795918366,0.0,5,3,0
1785,56,20,36,14,16,9,17,12,8,0,3,0,0,0,0,0,0,0,0,1,0,0,0,1.0,1.0,1.0,0.07692307692307693,0.07692307692307693,0.0,5,4,0
1786,56,20,36,14,16,8,18,13,8,0,3,0,0,0,0,0,0,0,0,0,0,0,0,1.0,1.0,1.0,0.0,0.0,0.0,5,0,0
1787,60,21,39,18,16,8,18,13,7,0,4,0,0,0,0,0,0,0,0,1,0,0,0,1.0,1.0,1.0,0.07142857142857142,0.07142857142857142,0.0,5,4,0
1788,59,21,38,18,15,8,18,13,7,0,4,0,0,0,0,0,0,0,0,0,1,0,1,0.9705882352941176,1.0,1.0,0.0,0.0,0.0,5,0,1
1789,59,21,38,18,15,8,18,13,7,0,4,0,0,0,0,0,0,0,0,0,0,0,0,1.0,1.0,1.0,0.0,0.0,0.0,5,0,0
1790,59,21,38,18,15,8,18,13,7,0,4,0,0,0,0,0,0,0,0,0,0,0,0,1.0,1.0,1.0,0.0,0.0,0.0,5,0,0
1791,58,20,38,18,14,8,18,13,7,0,4,0,0,0,0,0,0,0,0,0,1,0,1,0.9696969696969697,1.0,1.0,0.0,0.0,0.0,5,0,1
1792,57,20,37,18,13,8,18,13,7,0,4,0,0,0,0,0,0,0,0,0,1,0,1,0.96875,1.0,1.0,0.0,0.0,0.0,5,0,1
1793,54,18,36,15,13,8,18,13,7,0,4,0,0,0,0,0,0,0,0,0,3,0,3,0.9032258064516129,1.0,1.0,0.0,0.0,0.0,5,0,3
1794,54,18,36,15,13,8,18,13,7,0,4,0,0,0,0,0,0,0,0,0,0,0,0,1.0,1.0,1.0,0.0,0.0,0.0,5,0,0
1795,53,17,36,14,13,8,18,13,7,0,4,0,0,0,0,0,0,0,0,0,1,0,1,0.9642857142857143,1.0,1.0,0.0,0.0,0.0,5,0,1
1796,53,17,36,14,13,7,19,14,7,0,4,0,0,0,0,0,0,0,0,0,0,0,0,1.0,1.0,1.0,0.0,0.0,0.0,5,0,0
1797,53,17,36,14,13,7,19,14,7,0,4,0,0,0,0,0,0,0,0,0,0,0,0,1.0,1.0,1.0,0.0,0.0,0.0,5,0,0
1798,53,17,36,14,13,7,19,14,7,0,4,0,0,0,0,0,0,0,0,0,0,0,0,1.0,1.0,1.0,0.0,0.0,0.0,5,0,0
1799,53,17,36,14,13,7,19,14,7,0,4,0,0,0,0,0,0,0,0,0,0,0,0,1.0,1.0,1.0,0.0,0.0,0.0,5,0,0
1800,53,17,36,14,13,7,19,14,7,0,4,0,0,0,0,0,0,0,0,0,0,0,0,1.0,1.0,1.0,0.0,0.0,0.0,5,0,0
1801,53,17,36,14,13,7,19,14,7,0,4,0,0,0,0,0,0,0,0,0,0,0,0,1.0,1.0,1.0,0.0,0.0,0.0,5,0,0
1802,55,18,37,17,12,7,19,14,6,0,5,0,0,0,0,0,0,0,0,1,1,0,1,0.962962962962963,1.0,1.0,0.05660377358490566,0.05660377358490566,0.0,5,3,1
1803,55,18,37,17,12,7,19,14,6,0,5,0,0,0,0,0,0,0,0,0,0,0,0,1.0,1.0,1.0,0.0,0.0,0.0,5,0,0
1804,63,21,42,25,12,7,19,14,4,0,7,0,0,0,0,0,0,0,0,2,0,0,0,1.0,1.0,1.0,0.14545454545454545,0.14545454545454545,0.0,5,8,0
1805,65,24,41,27,12,7,19,14,3,0,8,0,0,0,0,0,0,0,0,1,1,0,1,0.972972972972973,1.0,1.0,0.047619047619047616,0.047619047619047616,0.0,5,3,1
1806,65,24,41,27,12,7,19,14,3,0,8,0,0,0,0,0,0,0,0,0,0,0,0,1.0,1.0,1.0,0.0,0.0,0.0,5,0,0
1807,63,23,40,26,12,7,18,14,3,0,8,0,0,0,0,0,0,0,0,0,1,0,1,0.9743589743589743,0.8,1.0,0.0,0.0,0.0,5,0,2
1808,63,23,40,26,12,7,18,14,3,0,8,0,0,0,0,0,0,0,0,0,0,0,0,1.0,1.0,1.0,0.0,0.0,0.0,5,0,0
1809,59,22,37,23,11,7,18,14,3,0,8,0,0,0,0,0,0,0,0,0,4,0,4,0.8947368421052632,1.0,1.0,0.0,0.0,0.0,5,0,4
1810,57,21,36,21,11,7,18,14,3,0,8,0,0,0,0,0,0,0,0,0,2,0,2,0.9411764705882353,1.0,1.0,0.0,0.0,0.0,5,0,2
1811,57,21,36,21,11,7,18,14,3,0,8,0,0,0,0,0,0,0,0,0,0,0,0,1.0,1.0,1.0,0.0,0.0,0.0,5,0,0
1812,60,21,39,25,10,7,18,14,2,0,9,0,0,0,0,0,0,0,0,1,1,0,1,0.96875,1.0,1.0,0.07017543859649122,0.07017543859649122,0.0,5,4,1
1813,59,20,39,24,10,7,18,14,2,0,9,0,0,0,0,0,0,0,0,0,1,0,1,0.9714285714285714,1.0,1.0,0.0,0.0,0.0,5,0,1
1814,59,20,39,24,10,7,18,14,2,0,9,0,0,0,0,0,0,0,0,0,0,0,0,1.0,1.0,1.0,0.0,0.0,0.0,5,0,0
1815,58,20,38,24,9,7,18,14,2,0,9,0,0,0,0,0,0,0,0,0,1,0,1,0.9705882352941176,1.0,1.0,0.0,0.0,0.0,5,0,1
1816,58,20,38,23,10,7,18,14,2,0,9,0,0,0,0,0,0,0,0,0,0,0,0,1.0,1.0,1.0,0.0,0.0,0.0,5,0,0
1817,61,22,39,26,10,7,18,14,1,0,10,0,0,0,0,0,0,0,0,1,0,0,0,1.0,1.0,1.0,0.05172413793103448,0.05172413793103448,0.0,5,3,0
1818,61,22,39,26,10,7,18,14,1,0,10,0,0,0,0,0,0,0,0,0,0,0,0,1.0,1.0,1.0,0.0,0.0,0.0,5,0,0
1819,61,22,39,26,10,6,19,15,1,0,10,0,0,0,0,0,0,0,0,0,0,0,0,1.0,1.0,1.0,0.0,0.0,0.0,5,0,0
1820,59,21,38,24,10,6,19,15,1,0,10,0,0,0,0,0,0,0,0,0,2,0,2,0.9444444444444444,1.0,1.0,0.0,0.0,0.0,5,0,2
1821,59,21,38,24,10,6,19,15,1,0,10,0,0,0,0,0,0,0,0,0,0,0,0,1.0,1.0,1.0,0.0,0.0,0.0,5,0,0
1822,61,22,39,24,12,6,19,15,0,0,11,0,0,0,0,0,0,0,0,1,1,0,1,0.9705882352941176,1.0,1.0,0.05084745762711865,0.05084745762711865,0.0,5,3,1
1823,61,22,39,24,12,6,19,15,0,0,11,0,0,0,0,0,0,0,0,0,0,0,0,1.0,1.0,1.0,0.0,0.0,0.0,5,0,0
1824,61,22,39,24,12,6,19,15,0,0,10,0,0,0,0,0,0,0,0,0,0,0,0,1.0,1.0,1.0,0.0,0.0,0.0,5,0,0
1825,61,22,39,24,12,6,19,15,0,0,10,0,0,0,0,0,0,0,0,0,0,0,0,1.0,1.0,1.0,0.0,0.0,0.0,5,0,0
1826,59,21,38,23,11,6,19,15,0,0,10,0,0,0,0,0,0,0,0,0,2,0,2,0.9444444444444444,1.0,1.0,0.0,0.0,0.0,5,0,2
1827,59,21,38,22,12,6,19,15,0,0,10,0,0,0,0,0,0,0,0,0,0,0,0,1.0,1.0,1.0,0.0,0.0,0.0,5,0,0
1828,59,21,38,20,14,6,19,15,0,0,10,0,0,0,0,0,0,0,0,0,0,0,0,1.0,1.0,1.0,0.0,0.0,0.0,5,0,0
1829,57,20,37,20,12,6,19,15,0,0,9,0,0,0,0,0,0,0,0,0,2,0,2,0.9411764705882353,1.0,1.0,0.0,0.0,0.0,5,0,2
1830,57,20,37,16,16,6,19,15,0,0,8,0,0,0,0,0,0,0,0,0,0,0,0,1.0,1.0,1.0,0.0,0.0,0.0,5,0,0
1831,56,19,37,15,16,6,19,15,0,0,8,0,0,0,0,0,0,0,0,0,1,0,1,0.96875,1.0,1.0,0.0,0.0,0.0,5,0,1
1832,53,16,37,13,15,6,19,15,0,0,7,0,0,0,0,0,0,0,0,0,3,0,3,0.9032258064516129,1.0,1.0,0.0,0.0,0.0,5,0,3
1833,53,16,37,13,15,6,19,15,0,0,7,0,0,0,0,0,0,0,0,0,0,0,0,1.0,1.0,1.0,0.0,0.0,0.0,5,0,0
1834,52,15,37,13,14,6,19,15,0,0,7,0,0,0,0,0,0,0,0,0,1,0,1,0.9642857142857143,1.0,1.0,0.0,0.0,0.0,5,0,1
1835,52,15,37,13,14,6,19,15,0,0,7,0,0,0,0,0,0,0,0,0,0,0,0,1.0,1.0,1.0,0.0,0.0,0.0,5,0,0
1836,52,15,37,13,14,6,19,15,0,0,7,0,0,0,0,0,0,0,0,0,0,0,0,1.0,1.0,1.0,0.0,0.0,0.0,5,0,0
1837,52,15,37,13,14,6,19,15,0,0,7,0,0,0,0,0,0,0,0,0,0,0,0,1.0,1.0,1.0,0.0,0.0,0.0,5,0,0
1838,52,15,37,13,14,6,19,15,0,0,7,0,0,0,0,0,0,0,0,0,0,0,0,1.0,1.0,1.0,0.0,0.0,0.0,5,0,0
1839,52,15,37,13,14,6,19,15,0,0,7,0,0,0,0,0,0,0,0,0,0,0,0,1.0,1.0,1.0,0.0,0.0,0.0,5,0,0
1840,50,14,36,13,13,6,18,15,0,0,7,0,0,0,0,0,0,0,0,0,1,0,1,0.962962962962963,0.75,1.0,0.0,0.0,0.0,5,0,2
1841,49,14,35,13,13,6,17,14,0,0,7,0,0,0,0,0,0,0,0,0,0,0,0,1.0,1.0,0.9333333333333333,0.0,0.0,0.0,5,0,1
1842,49,14,35,13,13,6,17,14,0,0,7,0,0,0,0,0,0,0,0,0,0,0,0,1.0,1.0,1.0,0.0,0.0,0.0,5,0,0
1843,49,14,35,13,13,6,17,14,0,0,7,0,0,0,0,0,0,0,0,0,0,0,0,1.0,1.0,1.0,0.0,0.0,0.0,5,0,0
1844,49,14,35,13,13,6,17,14,0,0,7,0,0,0,0,0,0,0,0,0,0,0,0,1.0,1.0,1.0,0.0,0.0,0.0,5,0,0
1845,49,14,35,13,13,6,17,14,0,0,7,0,0,0,0,0,0,0,0,0,0,0,0,1.0,1.0,1.0,0.0,0.0,0.0,5,0,0
1846,48,14,34,13,12,6,17,14,0,0,7,0,0,0,0,0,0,0,0,0,1,0,1,0.9615384615384616,1.0,1.0,0.0,0.0,0.0,5,0,1
1847,47,14,33,9,15,6,17,14,0,0,6,0,0,0,0,0,0,0,0,0,1,0,1,0.96,1.0,1.0,0.0,0.0,0.0,5,0,1
1848,47,14,33,8,16,6,17,14,0,0,6,0,0,0,0,0,0,0,0,0,0,1,0,1.0,1.0,1.0,0.0,0.0,0.0,5,0,0
1849,47,14,33,8,16,6,17,14,0,0,4,0,0,0,0,0,0,0,0,0,0,0,0,1.0,1.0,1.0,0.0,0.0,0.0,5,0,0
1850,47,14,33,8,16,6,17,14,0,0,3,0,0,0,0,0,0,0,0,0,0,0,0,1.0,1.0,1.0,0.0,0.0,0.0,5,0,0
1851,47,14,33,8,16,6,17,14,0,0,3,0,0,0,0,0,0,0,0,0,0,0,0,1.0,1.0,1.0,0.0,0.0,0.0,5,0,0
1852,47,14,33,8,15,7,17,14,0,0,3,0,0,0,0,0,0,0,0,0,0,0,0,1.0,1.0,1.0,0.0,0.0,0.0,5,0,0
1853,47,14,33,8,15,7,17,14,0,0,3,0,0,0,0,0,0,0,0,0,0,0,0,1.0,1.0,1.0,0.0,0.0,0.0,5,0,0
1854,47,14,33,8,15,7,17,14,0,0,3,0,0,0,0,0,0,0,0,0,0,0,0,1.0,1.0,1.0,0.0,0.0,0.0,5,0,0
1855,47,14,33,4,19,7,17,14,4,0,3,0,0,0,0,0,18,4,0,0,0,0,0,1.0,1.0,1.0,0.0,0.0,0.2222222222222222,5,0,0
1856,47,14,33,4,19,7,17,14,7,1,3,0,0,0,0,0,22,3,1,0,0,0,0,1.0,1.0,1.0,0.0,0.0,0.13636363636363635,5,0,0
1857,47,14,33,4,19,7,17,14,9,1,2,0,0,0,0,0,8,2,0,0,0,0,0,1.0,1.0,1.0,0.0,0.0,0.25,5,0,0
1858,47,14,33,4,19,7,17,14,11,1,2,0,0,0,0,0,8,2,0,0,0,0,0,1.0,1.0,1.0,0.0,0.0,0.25,5,0,0
1859,47,14,33,4,19,7,17,14,11,1,2,0,0,0,0,0,0,0,0,0,0,0,0,1.0,1.0,1.0,0.0,0.0,0.0,5,0,0
1860,47,14,33,1,22,7,17,14,11,1,2,0,0,0,0,0,0,0,0,0,0,0,0,1.0,1.0,1.0,0.0,0.0,0.0,5,0,0
1861,47,14,33,1,22,7,17,14,11,1,2,0,0,0,0,0,0,0,0,0,0,0,0,1.0,1.0,1.0,0.0,0.0,0.0,5,0,0
1862,47,14,33,1,22,7,17,14,11,1,1,0,0,0,0,0,0,0,0,0,0,0,0,1.0,1.0,1.0,0.0,0.0,0.0,5,0,0
1863,46,13,33,1,21,7,17,14,12,1,1,0,0,0,0,0,3,1,0,0,1,0,1,0.9565217391304348,1.0,1.0,0.0,0.0,0.3333333333333333,5,0,1
1864,46,13,33,1,21,7,17,14,12,1,1,0,0,0,0,0,0,0,0,0,0,0,0,1.0,1.0,1.0,0.0,0.0,0.0,5,0,0
1865,46,13,33,0,22,7,17,14,12,1,1,0,0,0,0,0,0,0,0,0,0,0,0,1.0,1.0,1.0,0.0,0.0,0.0,5,0,0
1866,46,13,33,0,22,7,17,14,12,1,1,0,0,0,0,0,0,0,0,0,0,0,0,1.0,1.0,1.0,0.0,0.0,0.0,5,0,0
1867,46,13,33,0,22,7,17,14,12,1,0,0,0,0,0,0,0,0,0,0,0,0,0,1.0,1.0,1.0,0.0,0.0,0.0,5,0,0
1868,46,13,33,0,22,6,18,15,14,1,0,0,0,0,0,0,5,2,0,0,0,0,0,1.0,1.0,1.0,0.0,0.0,0.4,5,0,0
1869,46,13,33,0,22,6,18,15,14,1,0,0,0,0,0,0,0,0,0,0,0,0,0,1.0,1.0,1.0,0.0,0.0,0.0,5,0,0
1870,46,13,33,0,22,6,18,15,14,1,0,0,0,0,0,0,0,0,0,0,0,0,0,1.0,1.0,1.0,0.0,0.0,0.0,5,0,0
1871,46,13,33,0,22,6,18,15,14,1,0,0,0,0,0,0,0,0,0,0,0,0,0,1.0,1.0,1.0,0.0,0.0,0.0,5,0,0
1872,45,12,33,0,22,5,18,15,14,1,0,0,0,0,0,0,0,0,0,0,0,0,0,1.0,1.0,1.0,0.0,0.0,0.0,5,0,1
1873,45,12,33,0,22,5,18,15,14,1,0,0,0,0,0,0,0,0,0,0,0,0,0,1.0,1.0,1.0,0.0,0.0,0.0,5,0,0
1874,45,12,33,0,22,5,18,15,14,1,0,0,0,0,0,0,0,0,0,0,0,0,0,1.0,1.0,1.0,0.0,0.0,0.0,5,0,0
1875,45,12,33,0,22,5,18,15,14,1,0,0,0,0,0,0,0,0,0,0,0,0,0,1.0,1.0,1.0,0.0,0.0,0.0,5,0,0
1876,45,12,33,0,22,5,18,15,14,1,0,0,0,0,0,0,0,0,0,0,0,0,0,1.0,1.0,1.0,0.0,0.0,0.0,5,0,0
1877,45,12,33,0,22,5,18,15,14,1,0,0,0,0,0,0,0,0,0,0,0,0,0,1.0,1.0,1.0,0.0,0.0,0.0,5,0,0
1878,45,12,33,0,22,5,18,15,14,1,0,0,0,0,0,0,0,0,0,0,0,0,0,1.0,1.0,1.0,0.0,0.0,0.0,5,0,0
1879,45,12,33,0,22,5,18,15,14,1,0,0,0,0,0,0,0,0,0,0,0,0,0,1.0,1.0,1.0,0.0,0.0,0.0,5,0,0
1880,45,12,33,0,22,5,18,15,14,1,0,0,0,0,0,0,0,0,0,0,0,0,0,1.0,1.0,1.0,0.0,0.0,0.0,5,0,0
1881,45,12,33,0,22,5,18,15,14,1,0,0,0,0,0,0,0,0,0,0,0,0,0,1.0,1.0,1.0,0.0,0.0,0.0,5,0,0
1882,45,12,33,0,22,5,18,15,14,1,0,0,0,0,0,0,0,0,0,0,0,0,0,1.0,1.0,1.0,0.0,0.0,0.0,5,0,0
1883,44,12,32,0,21,5,18,15,14,1,0,0,0,0,0,0,0,0,0,0,1,0,1,0.9545454545454546,1.0,1.0,0.0,0.0,0.0,5,0,1
1884,44,12,32,0,21,5,18,15,14,1,0,0,0,0,0,0,0,0,0,0,0,0,0,1.0,1.0,1.0,0.0,0.0,0.0,5,0,0
1885,44,12,32,0,21,5,18,15,14,1,0,0,0,0,0,0,0,0,0,0,0,1,0,1.0,1.0,1.0,0.0,0.0,0.0,5,0,0
1886,44,12,32,0,21,5,18,15,14,1,0,0,0,0,0,0,0,0,0,0,0,0,0,1.0,1.0,1.0,0.0,0.0,0.0,5,0,0
1887,44,12,32,0,21,5,18,15,14,1,0,0,0,0,0,0,0,0,0,0,0,0,0,1.0,1.0,1.0,0.0,0.0,0.0,5,0,0
1888,44,12,32,0,21,5,18,15,14,1,0,0,0,0,0,0,0,0,0,0,0,2,0,1.0,1.0,1.0,0.0,0.0,0.0,5,0,0
1889,44,12,32,0,20,5,19,16,14,1,0,0,0,0,0,0,0,0,0,0,0,0,0,1.0,1.0,1.0,0.0,0.0,0.0,5,0,0
1890,44,12,32,0,20,5,19,16,14,1,0,0,0,0,0,0,0,0,0,0,0,0,0,1.0,1.0,1.0,0.0,0.0,0.0,5,0,0
1891,44,12,32,0,20,5,19,16,14,1,0,0,0,0,0,0,0,0,0,0,0,0,0,1.0,1.0,1.0,0.0,0.0,0.0,5,0,0
1892,44,12,32,0,18,7,19,16,14,1,0,0,0,0,0,0,0,0,0,0,0,0,0,1.0,1.0,1.0,0.0,0.0,0.0,5,0,0
1893,44,12,32,0,18,7,19,16,14,1,0,0,0,0,0,0,0,0,0,0,0,0,0,1.0,1.0,1.0,0.0,0.0,0.0,5,0,0
1894,44,12,32,0,18,7,19,16,15,1,0,0,0,0,0,0,8,1,0,0,0,0,0,1.0,1.0,1.0,0.0,0.0,0.125,5,0,0
1895,44,12,32,0,18,7,19,16,15,1,0,0,0,0,0,0,0,0,0,0,0,0,0,1.0,1.0,1.0,0.0,0.0,0.0,5,0,0
1896,44,12,32,0,18,7,19,16,15,1,0,0,0,0,0,0,0,0,0,0,0,0,0,1.0,1.0,1.0,0.0,0.0,0.0,5,0,0
1897,44,12,32,0,18,7,19,16,15,1,0,0,0,0,0,0,0,0,0,0,0,0,0,1.0,1.0,1.0,0.0,0.0,0.0,5,0,0
1898,44,12,32,0,18,7,19,16,15,1,0,0,0,0,0,0,0,0,0,0,0,0,0,1.0,1.0,1.0,0.0,0.0,0.0,5,0,0
1899,44,12,32,0,18,7,19,16,15,1,0,0,0,0,0,0,0,0,0,0,0,0,0,1.0,1.0,1.0,0.0,0.0,0.0,5,0,0
1900,44,12,32,0,18,6,20,17,15,1,0,0,0,0,0,0,0,0,0,0,0,0,0,1.0,1.0,1.0,0.0,0.0,0.0,5,0,0
1901,43,11,32,0,17,5,21,17,15,0,0,0,0,0,0,0,0,0,0,0,1,0,1,0.9444444444444444,1.0,1.0,0.0,0.0,0.0,5,0,1
1902,43,11,32,0,17,5,21,17,15,0,0,0,0,0,0,0,2,0,0,0,0,0,0,1.0,1.0,1.0,0.0,0.0,0.0,5,0,0
1903,43,11,32,0,17,5,21,17,16,0,0,0,0,0,0,0,3,1,0,0,0,0,0,1.0,1.0,1.0,0.0,0.0,0.3333333333333333,5,0,0
1904,43,11,32,0,17,5,21,17,16,0,0,0,0,0,0,0,0,0,0,0,0,0,0,1.0,1.0,1.0,0.0,0.0,0.0,5,0,0
1905,43,11,32,0,17,5,21,17,16,0,0,0,0,0,0,0,0,0,0,0,0,0,0,1.0,1.0,1.0,0.0,0.0,0.0,5,0,0
1906,43,11,32,0,17,5,21,17,16,0,0,0,0,0,0,0,0,0,0,0,0,0,0,1.0,1.0,1.0,0.0,0.0,0.0,5,0,0
1907,43,11,32,0,17,5,21,17,17,0,0,0,0,0,0,0,8,1,0,0,0,0,0,1.0,1.0,1.0,0.0,0.0,0.125,5,0,0
1908,43,11,32,0,17,5,21,17,17,0,0,0,0,0,0,0,0,0,0,0,0,0,0,1.0,1.0,1.0,0.0,0.0,0.0,5,0,0
1909,43,11,32,0,17,5,21,17,17,0,0,0,0,0,0,0,0,0,0,0,0,0,0,1.0,1.0,1.0,0.0,0.0,0.0,5,0,0
1910,43,11,32,0,17,5,21,17,17,0,0,0,0,0,0,0,0,0,0,0,0,0,0,1.0,1.0,1.0,0.0,0.0,0.0,5,0,0
1911,43,11,32,0,17,5,21,17,17,0,0,0,0,0,0,0,0,0,0,0,0,0,0,1.0,1.0,1.0,0.0,0.0,0.0,5,0,0
1912,43,11,32,0,17,5,21,17,17,0,0,0,0,0,0,0,0,0,0,0,0,0,0,1.0,1.0,1.0,0.0,0.0,0.0,5,0,0
1913,43,11,32,0,17,5,21,17,17,0,0,0,0,0,0,0,0,0,0,0,0,0,0,1.0,1.0,1.0,0.0,0.0,0.0,5,0,0
1914,43,11,32,0,17,5,21,17,17,0,0,0,0,0,0,0,0,0,0,0,0,0,0,1.0,1.0,1.0,0.0,0.0,0.0,5,0,0
1915,43,11,32,0,17,5,21,17,17,0,0,0,0,0,0,0,0,0,0,0,0,0,0,1.0,1.0,1.0,0.0,0.0,0.0,5,0,0
1916,43,11,32,0,17,5,21,17,17,0,0,0,0,0,0,0,0,0,0,0,0,0,0,1.0,1.0,1.0,0.0,0.0,0.0,5,0,0
1917,43,11,32,0,17,5,21,17,17,0,0,0,0,0,0,0,0,0,0,0,0,0,0,1.0,1.0,1.0,0.0,0.0,0.0,5,0,0
1918,43,11,32,0,17,5,21,17,17,0,0,0,0,0,0,0,0,0,0,0,0,0,0,1.0,1.0,1.0,0.0,0.0,0.0,5,0,0
1919,43,11,32,0,17,4,22,18,17,0,0,0,0,0,0,0,0,0,0,0,0,0,0,1.0,1.0,1.0,0.0,0.0,0.0,5,0,0
1920,57,17,40,14,17,4,22,18,14,0,4,0,0,0,0,0,7,1,0,4,0,0,0,1.0,1.0,1.0,0.32558139534883723,0.32558139534883723,0.14285714285714285,5,14,0
1921,66,22,44,24,16,4,22,18,11,0,7,0,0,0,0,0,0,0,0,3,1,0,1,0.967741935483871,1.0,1.0,0.17543859649122806,0.17543859649122806,0.0,5,10,1
1922,73,26,47,31,16,4,22,18,9,0,9,0,0,0,0,0,0,0,0,2,0,0,0,1.0,1.0,1.0,0.10606060606060606,0.10606060606060606,0.0,5,7,0
1923,78,30,48,36,16,4,22,18,7,0,11,0,0,0,0,0,0,0,0,2,2,0,2,0.9574468085106383,1.0,1.0,0.0958904109589041,0.0958904109589041,0.0,5,7,2
1924,76,28,48,34,16,4,22,18,7,0,11,0,0,0,0,0,0,0,0,0,2,0,2,0.9615384615384616,1.0,1.0,0.0,0.0,0.0,5,0,2
1925,68,25,43,28,14,4,22,18,7,0,11,0,0,0,0,0,0,0,0,0,8,0,8,0.84,1.0,1.0,0.0,0.0,0.0,5,0,8
1926,64,23,41,24,14,4,22,18,7,0,11,0,0,0,0,0,0,0,0,0,4,0,4,0.9047619047619048,1.0,1.0,0.0,0.0,0.0,5,0,4
1927,63,22,41,23,14,4,22,18,7,0,11,0,0,0,0,0,0,0,0,0,1,0,1,0.9736842105263158,1.0,1.0,0.0,0.0,0.0,5,0,1
1928,67,24,43,27,14,4,22,18,6,0,12,0,0,0,0,0,0,0,0,1,0,0,0,1.0,1.0,1.0,0.06349206349206349,0.06349206349206349,0.0,5,4,0
1929,67,24,43,27,14,4,22,18,6,0,12,0,0,0,0,0,0,0,0,0,0,0,0,1.0,1.0,1.0,0.0,0.0,0.0,5,0,0
1930,63,22,41,25,12,4,22,18,6,0,12,0,0,0,0,0,0,0,0,0,4,0,4,0.9024390243902439,1.0,1.0,0.0,0.0,0.0,5,0,4
1931,63,22,41,25,12,4,22,18,6,0,12,0,0,0,0,0,0,0,0,0,0,0,0,1.0,1.0,1.0,0.0,0.0,0.0,5,0,0
1932,62,22,40,24,12,4,22,18,6,0,12,0,0,0,0,0,0,0,0,0,1,0,1,0.972972972972973,1.0,1.0,0.0,0.0,0.0,5,0,1
1933,66,26,40,29,11,4,22,18,4,0,14,0,0,0,0,0,0,0,0,2,3,0,3,0.9166666666666666,1.0,1.0,0.11290322580645161,0.11290322580645161,0.0,5,7,3
1934,65,26,39,29,10,4,22,18,4,0,14,0,0,0,0,0,0,0,0,0,1,0,1,0.975,1.0,1.0,0.0,0.0,0.0,5,0,1
1935,62,24,38,27,9,4,22,18,4,0,14,0,0,0,0,0,0,0,0,0,3,0,3,0.9230769230769231,1.0,1.0,0.0,0.0,0.0,5,0,3
1936,61,23,38,26,9,4,22,18,4,0,14,0,0,0,0,0,0,0,0,0,1,0,1,0.9722222222222222,1.0,1.0,0.0,0.0,0.0,5,0,1
1937,60,23,37,25,9,4,22,18,4,0,14,0,0,0,0,0,0,0,0,0,1,0,1,0.9714285714285714,1.0,1.0,0.0,0.0,0.0,5,0,1
1938,59,23,36,24,9,4,22,18,4,0,14,0,0,0,0,0,0,0,0,0,1,0,1,0.9705882352941176,1.0,1.0,0.0,0.0,0.0,5,0,1
1939,57,23,34,24,7,4,22,18,4,0,14,0,0,0,0,0,0,0,0,0,2,0,2,0.9393939393939394,1.0,1.0,0.0,0.0,0.0,5,0,2
1940,55,21,34,23,6,4,22,18,4,0,14,0,0,0,0,0,0,0,0,0,2,0,2,0.935483870967742,1.0,1.0,0.0,0.0,0.0,5,0,2
1941,55,21,34,23,6,4,22,18,4,0,14,0,0,0,0,0,0,0,0,0,0,0,0,1.0,1.0,1.0,0.0,0.0,0.0,5,0,0
1942,55,21,34,23,6,4,22,18,4,0,14,0,0,0,0,0,0,0,0,0,0,0,0,1.0,1.0,1.0,0.0,0.0,0.0,5,0,0
1943,55,21,34,23,6,4,22,18,4,0,14,0,0,0,0,0,0,0,0,0,0,0,0,1.0,1.0,1.0,0.0,0.0,0.0,5,0,0
1944,55,21,34,23,6,4,22,18,4,0,14,0,0,0,0,0,0,0,0,0,0,0,0,1.0,1.0,1.0,0.0,0.0,0.0,5,0,0
1945,55,21,34,23,6,4,22,18,4,0,14,0,0,0,0,0,0,0,0,0,0,0,0,1.0,1.0,1.0,0.0,0.0,0.0,5,0,0
1946,54,21,33,22,6,4,22,18,4,0,14,0,0,0,0,0,0,0,0,0,1,0,1,0.9655172413793104,1.0,1.0,0.0,0.0,0.0,5,0,1
1947,54,21,33,22,6,4,22,18,4,0,14,0,0,0,0,0,0,0,0,0,0,0,0,1.0,1.0,1.0,0.0,0.0,0.0,5,0,0
1948,52,21,31,20,6,4,22,18,4,0,14,0,0,0,0,0,0,0,0,0,2,0,2,0.9285714285714286,1.0,1.0,0.0,0.0,0.0,5,0,2
1949,52,21,31,20,6,4,22,18,4,0,14,0,0,0,0,0,0,0,0,0,0,0,0,1.0,1.0,1.0,0.0,0.0,0.0,5,0,0
1950,51,20,31,19,6,4,22,18,4,0,14,0,0,0,0,0,0,0,0,0,1,0,1,0.9615384615384616,1.0,1.0,0.0,0.0,0.0,5,0,1
1951,51,20,31,19,6,4,22,18,4,0,14,0,0,0,0,0,0,0,0,0,0,0,0,1.0,1.0,1.0,0.0,0.0,0.0,5,0,0
1952,51,20,31,19,6,4,22,18,4,0,14,0,0,0,0,0,0,0,0,0,0,0,0,1.0,1.0,1.0,0.0,0.0,0.0,5,0,0
1953,51,20,31,19,6,4,22,18,4,0,14,0,0,0,0,0,0,0,0,0,0,0,0,1.0,1.0,1.0,0.0,0.0,0.0,5,0,0
1954,51,20,31,19,6,4,22,18,4,0,14,0,0,0,0,0,0,0,0,0,0,0,0,1.0,1.0,1.0,0.0,0.0,0.0,5,0,0
1955,49,19,30,18,6,3,22,18,4,0,13,0,0,0,0,0,0,0,0,0,1,0,1,0.96,1.0,0.9473684210526316,0.0,0.0,0.0,5,0,2
1956,49,19,30,18,6,3,22,18,4,0,13,0,0,0,0,0,0,0,0,0,0,0,0,1.0,1.0,1.0,0.0,0.0,0.0,5,0,0
1957,49,19,30,18,6,3,22,18,4,0,13,0,0,0,0,0,0,0,0,0,0,0,0,1.0,1.0,1.0,0.0,0.0,0.0,5,0,0
1958,49,19,30,18,6,3,22,18,4,0,13,0,0,0,0,0,0,0,0,0,0,0,0,1.0,1.0,1.0,0.0,0.0,0.0,5,0,0
1959,53,21,32,22,6,3,22,18,4,0,14,0,0,0,0,0,7,1,0,1,0,0,0,1.0,1.0,1.0,0.08163265306122448,0.08163265306122448,0.14285714285714285,5,4,0
1960,52,20,32,21,6,3,22,18,4,0,14,0,0,0,0,0,0,0,0,0,1,0,1,0.9642857142857143,1.0,1.0,0.0,0.0,0.0,5,0,1
1961,52,20,32,21,6,3,22,18,4,0,14,0,0,0,0,0,0,0,0,0,0,0,0,1.0,1.0,1.0,0.0,0.0,0.0,5,0,0
1962,52,20,32,21,6,3,22,18,4,0,14,0,0,0,0,0,0,0,0,0,0,0,0,1.0,1.0,1.0,0.0,0.0,0.0,5,0,0
1963,51,19,32,16,10,3,22,18,4,0,14,0,0,0,0,0,0,0,0,0,1,0,1,0.962962962962963,1.0,1.0,0.0,0.0,0.0,5,0,1
1964,50,19,31,14,11,3,22,18,4,0,14,0,0,0,0,0,0,0,0,0,1,0,1,0.9615384615384616,1.0,1.0,0.0,0.0,0.0,5,0,1
1965,48,18,30,11,12,3,22,18,4,0,10,0,0,0,0,0,0,0,0,0,2,0,2,0.92,1.0,1.0,0.0,0.0,0.0,5,0,2
1966,48,18,30,10,13,3,22,18,5,0,7,0,0,0,0,0,9,1,0,0,0,0,0,1.0,1.0,1.0,0.0,0.0,0.1111111111111111,5,0,0
1967,48,18,30,10,13,3,22,18,8,0,5,0,0,0,0,0,24,3,0,0,0,1,0,1.0,1.0,1.0,0.0,0.0,0.125,5,0,0
1968,51,21,30,13,13,3,22,18,10,0,5,0,0,0,0,0,16,3,0,1,0,0,0,1.0,1.0,1.0,0.0625,0.0625,0.1875,5,3,0
1969,51,21,30,13,13,3,22,18,11,0,5,0,0,0,0,0,2,1,0,0,0,0,0,1.0,1.0,1.0,0.0,0.0,0.5,5,0,0
1970,50,20,30,13,12,3,22,18,13,0,5,0,0,0,0,0,4,2,0,0,1,0,1,0.9615384615384616,1.0,1.0,0.0,0.0,0.5,5,0,1
1971,50,20,30,11,13,4,22,18,13,0,5,0,0,0,0,0,0,0,0,0,0,0,0,1.0,1.0,1.0,0.0,0.0,0.0,5,0,0
1972,53,22,31,14,13,4,22,18,12,0,6,0,0,0,0,0,0,0,0,1,1,0,1,0.9583333333333334,1.0,1.0,0.08,0.08,0.0,5,4,1
1973,52,21,31,13,13,4,22,18,12,0,5,0,0,0,0,0,0,0,0,0,1,0,1,0.962962962962963,1.0,1.0,0.0,0.0,0.0,5,0,1
1974,52,21,31,13,13,4,22,18,13,0,5,0,0,0,0,0,8,1,0,0,0,0,0,1.0,1.0,1.0,0.0,0.0,0.125,5,0,0
1975,52,21,31,13,13,4,22,18,13,0,5,0,0,0,0,0,0,0,0,0,0,0,0,1.0,1.0,1.0,0.0,0.0,0.0,5,0,0
1976,51,20,31,9,16,4,22,18,13,0,5,0,0,0,0,0,0,0,0,0,1,0,1,0.9615384615384616,1.0,1.0,0.0,0.0,0.0,5,0,1
1977,51,20,31,9,16,4,22,18,13,0,5,0,0,0,0,0,0,0,0,0,0,0,0,1.0,1.0,1.0,0.0,0.0,0.0,5,0,0
1978,51,20,31,9,16,4,22,18,13,0,3,0,0,0,0,0,0,0,0,0,0,0,0,1.0,1.0,1.0,0.0,0.0,0.0,5,0,0
1979,51,20,31,9,16,4,22,18,14,0,3,0,0,0,0,0,5,1,0,0,0,0,0,1.0,1.0,1.0,0.0,0.0,0.2,5,0,0
1980,51,20,31,9,16,4,22,18,14,0,3,0,0,0,0,0,1,0,0,0,0,0,0,1.0,1.0,1.0,0.0,0.0,0.0,5,0,0
1981,51,20,31,9,16,4,22,18,15,0,3,0,0,0,0,0,7,1,0,0,0,0,0,1.0,1.0,1.0,0.0,0.0,0.14285714285714285,5,0,0
1982,51,20,31,9,16,4,22,18,15,0,3,0,0,0,0,0,0,0,0,0,0,0,0,1.0,1.0,1.0,0.0,0.0,0.0,5,0,0
1983,50,20,30,9,15,4,22,18,15,0,3,0,0,0,0,0,0,0,0,0,1,0,1,0.96,1.0,1.0,0.0,0.0,0.0,5,0,1
1984,50,20,30,9,15,4,22,18,15,0,3,0,0,0,0,0,0,0,0,0,0,1,0,1.0,1.0,1.0,0.0,0.0,0.0,5,0,0
1985,54,23,31,13,15,4,22,18,14,0,4,0,0,0,0,0,0,0,0,1,0,0,0,1.0,1.0,1.0,0.08,0.08,0.0,5,4,0
1986,54,23,31,13,15,4,22,18,14,0,4,0,0,0,0,0,0,0,0,0,0,0,0,1.0,1.0,1.0,0.0,0.0,0.0,5,0,0
1987,54,23,31,13,15,4,22,18,14,0,4,0,0,0,0,0,0,0,0,0,0,0,0,1.0,1.0,1.0,0.0,0.0,0.0,5,0,0
1988,54,23,31,13,14,5,22,18,14,0,4,0,0,0,0,0,0,0,0,0,0,0,0,1.0,1.0,1.0,0.0,0.0,0.0,5,0,0
1989,53,23,30,12,14,5,22,18,14,0,4,0,0,0,0,0,0,0,0,0,1,0,1,0.962962962962963,1.0,1.0,0.0,0.0,0.0,5,0,1
1990,52,23,29,12,13,5,22,18,14,0,4,0,0,0,0,0,0,0,0,0,1,0,1,0.9615384615384616,1.0,1.0,0.0,0.0,0.0,5,0,1
1991,51,23,28,12,12,5,22,18,14,0,4,0,0,0,0,0,0,0,0,0,1,0,1,0.96,1.0,1.0,0.0,0.0,0.0,5,0,1
1992,51,23,28,12,12,5,22,18,14,0,4,0,0,0,0,0,0,0,0,0,0,0,0,1.0,1.0,1.0,0.0,0.0,0.0,5,0,0
1993,50,22,28,12,11,4,23,19,14,0,4,0,0,0,0,0,0,0,0,0,1,0,1,0.9583333333333334,1.0,1.0,0.0,0.0,0.0,5,0,1
1994,50,22,28,12,11,4,23,19,14,0,4,0,0,0,0,0,0,0,0,0,0,0,0,1.0,1.0,1.0,0.0,0.0,0.0,5,0,0
1995,49,21,28,11,11,4,23,19,14,0,4,0,0,0,0,0,0,0,0,0,1,0,1,0.9565217391304348,1.0,1.0,0.0,0.0,0.0,5,0,1
1996,48,20,28,10,11,4,23,19,14,0,4,0,0,0,0,0,0,0,0,0,1,0,1,0.9545454545454546,1.0,1.0,0.0,0.0,0.0,5,0,1
1997,48,20,28,10,11,4,23,19,14,0,4,0,0,0,0,0,0,0,0,0,0,0,0,1.0,1.0,1.0,0.0,0.0,0.0,5,0,0
1998,48,20,28,10,11,4,23,19,14,0,4,0,0,0,0,0,1,0,0,0,0,0,0,1.0,1.0,1.0,0.0,0.0,0.0,5,0,0
1999,48,20,28,10,11,4,23,19,15,0,4,0,0,0,0,0,8,1,0,0,0,0,0,1.0,1.0,1.0,0.0,0.0,0.125,5,0,0
2000,48,20,28,10,11,4,23,19,15,0,4,0,0,0,0,0,0,0,0,0,0,0,0,1.0,1.0,1.0,0.0,0.0,0.0,5,0,0
2001,48,20,28,10,11,4,23,19,15,0,4,0,0,0,0,0,0,0,0,0,0,0,0,1.0,1.0,1.0,0.0,0.0,0.0,5,0,0
2002,48,20,28,7,14,4,23,19,15,0,4,0,0,0,0,0,0,0,0,0,0,0,0,1.0,1.0,1.0,0.0,0.0,0.0,5,0,0
2003,47,19,28,6,14,4,23,19,15,0,4,0,0,0,0,0,0,0,0,0,1,0,1,0.9523809523809523,1.0,1.0,0.0,0.0,0.0,5,0,1
2004,46,18,28,5,14,4,23,19,15,0,3,0,0,0,0,0,0,0,0,0,1,0,1,0.95,1.0,1.0,0.0,0.0,0.0,5,0,1
2005,46,18,28,5,14,4,23,19,16,0,3,0,0,0,0,0,8,1,0,0,0,0,0,1.0,1.0,1.0,0.0,0.0,0.125,5,0,0
2006,46,18,28,5,14,4,23,19,16,0,3,0,0,0,0,0,0,0,0,0,0,0,0,1.0,1.0,1.0,0.0,0.0,0.0,5,0,0
2007,46,18,28,5,14,4,23,19,16,0,3,0,0,0,0,0,0,0,0,0,0,0,0,1.0,1.0,1.0,0.0,0.0,0.0,5,0,0
2008,46,18,28,5,14,4,23,19,16,0,3,0,0,0,0,0,0,0,0,0,0,0,0,1.0,1.0,1.0,0.0,0.0,0.0,5,0,0
2009,46,18,28,5,14,4,23,19,16,0,3,0,0,0,0,0,0,0,0,0,0,0,0,1.0,1.0,1.0,0.0,0.0,0.0,5,0,0
2010,46,18,28,5,14,4,23,19,16,0,3,0,0,0,0,0,0,0,0,0,0,0,0,1.0,1.0,1.0,0.0,0.0,0.0,5,0,0
2011,46,18,28,3,16,4,23,19,16,0,3,0,0,0,0,0,0,0,0,0,0,0,0,1.0,1.0,1.0,0.0,0.0,0.0,5,0,0
2012,46,18,28,3,16,4,23,19,16,0,3,0,0,0,0,0,0,0,0,0,0,0,0,1.0,1.0,1.0,0.0,0.0,0.0,5,0,0
2013,46,18,28,3,16,4,23,19,16,0,2,0,0,0,0,0,0,0,0,0,0,0,0,1.0,1.0,1.0,0.0,0.0,0.0,5,0,0
2014,46,18,28,3,16,4,23,19,16,0,2,0,0,0,0,0,5,0,0,0,0,0,0,1.0,1.0,1.0,0.0,0.0,0.0,5,0,0
2015,46,18,28,2,17,4,23,19,17,0,2,0,0,0,0,0,4,1,0,0,0,0,0,1.0,1.0,1.0,0.0,0.0,0.25,5,0,0
2016,45,17,28,2,16,4,23,19,17,0,2,0,0,0,0,0,0,0,0,0,1,0,1,0.9473684210526316,1.0,1.0,0.0,0.0,0.0,5,0,1
2017,45,17,28,2,16,4,23,19,17,0,1,0,0,0,0,0,0,0,0,0,0,0,0,1.0,1.0,1.0,0.0,0.0,0.0,5,0,0
2018,45,17,28,2,16,4,23,19,18,0,1,0,0,0,0,0,7,1,0,0,0,0,0,1.0,1.0,1.0,0.0,0.0,0.14285714285714285,5,0,0
2019,45,17,28,2,16,4,23,19,18,0,1,0,0,0,0,0,0,0,0,0,0,0,0,1.0,1.0,1.0,0.0,0.0,0.0,5,0,0
2020,44,17,27,2,15,4,23,19,18,0,1,0,0,0,0,0,0,0,0,0,1,0,1,0.9444444444444444,1.0,1.0,0.0,0.0,0.0,5,0,1
2021,44,17,27,2,15,4,23,19,18,0,1,0,0,0,0,0,0,0,0,0,0,0,0,1.0,1.0,1.0,0.0,0.0,0.0,5,0,0
2022,43,16,27,2,14,4,23,19,18,0,1,0,0,0,0,0,0,0,0,0,1,0,1,0.9411764705882353,1.0,1.0,0.0,0.0,0.0,5,0,1
2023,43,16,27,2,14,4,23,19,18,0,1,0,0,0,0,0,0,0,0,0,0,0,0,1.0,1.0,1.0,0.0,0.0,0.0,5,0,0
2024,47,19,28,6,14,4,23,19,17,0,2,0,0,0,0,0,0,0,0,1,0,0,0,1.0,1.0,1.0,0.09302325581395349,0.09302325581395349,0.0,5,4,0
2025,47,19,28,6,14,4,23,19,17,0,2,0,0,0,0,0,0,0,0,0,0,0,0,1.0,1.0,1.0,0.0,0.0,0.0,5,0,0
2026,47,19,28,6,14,4,23,19,17,0,2,0,0,0,0,0,0,0,0,0,0,0,0,1.0,1.0,1.0,0.0,0.0,0.0,5,0,0
2027,47,19,28,6,14,3,24,19,17,0,2,0,0,0,0,0,0,0,0,0,0,0,0,1.0,1.0,1.0,0.0,0.0,0.0,5,0,0
2028,47,19,28,4,16,3,24,19,17,0,2,0,0,0,0,0,0,0,0,0,0,0,0,1.0,1.0,1.0,0.0,0.0,0.0,5,0,0
2029,47,19,28,4,16,3,24,19,17,0,2,0,0,0,0,0,0,0,0,0,0,0,0,1.0,1.0,1.0,0.0,0.0,0.0,5,0,0
2030,46,18,28,3,16,3,24,19,17,0,1,0,0,0,0,0,0,0,0,0,1,0,1,0.95,1.0,1.0,0.0,0.0,0.0,5,0,1
2031,50,19,31,7,16,3,24,19,17,0,2,0,0,0,0,0,7,1,0,1,0,0,0,1.0,1.0,1.0,0.08695652173913043,0.08695652173913043,0.14285714285714285,5,4,0
2032,62,22,40,19,16,3,24,19,14,0,5,0,0,0,0,0,0,0,0,3,0,0,0,1.0,1.0,1.0,0.24,0.24,0.0,5,12,0
2033,70,27,43,29,14,3,24,19,11,0,8,0,0,0,0,0,0,0,0,3,2,0,2,0.9428571428571428,1.0,1.0,0.16129032258064516,0.16129032258064516,0.0,5,10,2
2034,70,26,44,31,13,3,23,18,9,0,9,0,0,0,0,0,0,0,0,1,3,0,3,0.9302325581395349,1.0,0.9473684210526316,0.05714285714285714,0.05714285714285714,0.0,5,4,4
2035,71,26,45,32,13,3,23,18,8,0,10,0,0,0,0,0,0,0,0,1,2,0,2,0.9545454545454546,1.0,1.0,0.04285714285714286,0.04285714285714286,0.0,5,3,2
2036,64,22,42,27,12,3,22,18,8,0,10,0,0,0,0,0,0,0,0,0,6,0,6,0.8666666666666667,0.8,1.0,0.0,0.0,0.0,5,0,7
2037,63,22,41,27,11,3,22,18,8,0,10,0,0,0,0,0,0,0,0,0,1,0,1,0.9743589743589743,1.0,1.0,0.0,0.0,0.0,5,0,1
2038,61,21,40,26,10,3,22,18,8,0,10,0,0,0,0,0,0,0,0,0,2,0,2,0.9473684210526316,1.0,1.0,0.0,0.0,0.0,5,0,2
2039,64,23,41,29,10,3,22,18,7,0,11,0,0,0,0,0,0,0,0,1,1,0,1,0.9722222222222222,1.0,1.0,0.06557377049180328,0.06557377049180328,0.0,5,4,1
2040,62,22,40,27,10,3,22,18,7,0,11,0,0,0,0,0,0,0,0,0,2,0,2,0.9487179487179487,1.0,1.0,0.0,0.0,0.0,5,0,2
2041,61,22,39,26,10,3,22,18,7,0,11,0,0,0,0,0,0,0,0,0,1,0,1,0.972972972972973,1.0,1.0,0.0,0.0,0.0,5,0,1
2042,60,22,38,25,10,3,22,18,7,0,11,0,0,0,0,0,0,0,0,0,1,0,1,0.9722222222222222,1.0,1.0,0.0,0.0,0.0,5,0,1
2043,59,22,37,24,10,3,22,18,7,0,11,0,0,0,0,0,0,0,0,0,1,0,1,0.9714285714285714,1.0,1.0,0.0,0.0,0.0,5,0,1
2044,63,23,40,28,10,3,22,18,6,0,12,0,0,0,0,0,0,0,0,1,0,0,0,1.0,1.0,1.0,0.06779661016949153,0.06779661016949153,0.0,5,4,0
2045,62,23,39,27,10,3,22,18,6,0,12,0,0,0,0,0,0,0,0,0,1,0,1,0.9736842105263158,1.0,1.0,0.0,0.0,0.0,5,0,1
2046,66,26,40,31,10,3,22,18,5,0,13,0,0,0,0,0,0,0,0,1,0,0,0,1.0,1.0,1.0,0.06451612903225806,0.06451612903225806,0.0,5,4,0
2047,61,23,38,27,9,3,22,18,5,0,13,0,0,0,0,0,0,0,0,0,5,0,5,0.8780487804878049,1.0,1.0,0.0,0.0,0.0,5,0,5
2048,60,22,38,26,9,3,22,18,5,0,13,0,0,0,0,0,0,0,0,0,1,0,1,0.9722222222222222,1.0,1.0,0.0,0.0,0.0,5,0,1
2049,59,21,38,25,9,3,22,18,5,0,13,0,0,0,0,0,0,0,0,0,1,0,1,0.9714285714285714,1.0,1.0,0.0,0.0,0.0,5,0,1
2050,58,20,38,25,9,3,21,18,5,0,13,0,0,0,0,0,0,0,0,0,0,0,0,1.0,0.75,1.0,0.0,0.0,0.0,5,0,1
2051,56,20,36,24,9,3,20,17,5,0,12,0,0,0,0,0,0,0,0,0,1,0,1,0.9705882352941176,1.0,0.9444444444444444,0.0,0.0,0.0,5,0,2
2052,56,20,36,24,9,3,20,17,5,0,12,0,0,0,0,0,0,0,0,0,0,0,0,1.0,1.0,1.0,0.0,0.0,0.0,5,0,0
2053,56,20,36,24,9,3,20,17,5,0,12,0,0,0,0,0,0,0,0,0,0,0,0,1.0,1.0,1.0,0.0,0.0,0.0,5,0,0
2054,56,20,36,24,9,3,20,17,5,0,12,0,0,0,0,0,0,0,0,0,0,0,0,1.0,1.0,1.0,0.0,0.0,0.0,5,0,0
2055,56,20,36,24,9,3,20,17,5,0,12,0,0,0,0,0,0,0,0,0,0,0,0,1.0,1.0,1.0,0.0,0.0,0.0,5,0,0
2056,56,20,36,24,9,3,20,17,5,0,12,0,0,0,0,0,0,0,0,0,0,0,0,1.0,1.0,1.0,0.0,0.0,0.0,5,0,0
2057,56,20,36,24,9,3,20,17,5,0,12,0,0,0,0,0,0,0,0,0,0,0,0,1.0,1.0,1.0,0.0,0.0,0.0,5,0,0
2058,56,20,36,24,9,3,20,17,5,0,12,0,0,0,0,0,0,0,0,0,0,0,0,1.0,1.0,1.0,0.0,0.0,0.0,5,0,0
2059,56,20,36,24,9,3,20,17,5,0,12,0,0,0,0,0,0,0,0,0,0,0,0,1.0,1.0,1.0,0.0,0.0,0.0,5,0,0
2060,54,20,34,23,8,3,20,17,5,0,12,0,0,0,0,0,0,0,0,0,2,0,2,0.9393939393939394,1.0,1.0,0.0,0.0,0.0,5,0,2
2061,53,19,34,23,8,3,19,17,5,0,12,0,0,0,0,0,0,0,0,0,0,0,0,1.0,0.6666666666666667,1.0,0.0,0.0,0.0,5,0,1
2062,52,18,34,23,8,3,18,17,5,0,12,0,0,0,0,0,0,0,0,0,0,0,0,1.0,0.5,1.0,0.0,0.0,0.0,5,0,1
2063,51,18,33,22,8,3,18,17,5,0,12,0,0,0,0,0,0,0,0,0,1,0,1,0.967741935483871,1.0,1.0,0.0,0.0,0.0,5,0,1
2064,54,20,34,25,8,3,18,17,4,0,13,0,0,0,0,0,0,0,0,1,0,0,0,1.0,1.0,1.0,0.058823529411764705,0.058823529411764705,0.0,5,3,0
2065,54,20,34,25,8,3,18,17,4,0,13,0,0,0,0,0,0,0,0,0,0,0,0,1.0,1.0,1.0,0.0,0.0,0.0,5,0,0
2066,54,20,34,25,8,3,18,17,4,0,13,0,0,0,0,0,0,0,0,0,0,0,0,1.0,1.0,1.0,0.0,0.0,0.0,5,0,0
2067,54,20,34,24,9,3,18,17,4,0,13,0,0,0,0,0,0,0,0,0,0,0,0,1.0,1.0,1.0,0.0,0.0,0.0,5,0,0
2068,54,20,34,24,9,3,18,17,4,0,13,0,0,0,0,0,0,0,0,0,0,0,0,1.0,1.0,1.0,0.0,0.0,0.0,5,0,0
2069,52,19,33,23,9,2,18,17,4,0,12,0,0,0,0,0,0,0,0,0,1,0,1,0.9696969696969697,1.0,1.0,0.0,0.0,0.0,5,0,2
2070,55,21,34,27,8,2,18,17,4,0,13,0,0,0,0,0,7,1,0,1,1,0,1,0.96875,1.0,1.0,0.07692307692307693,0.07692307692307693,0.14285714285714285,5,4,1
2071,54,20,34,26,8,2,18,17,4,0,13,0,0,0,0,0,0,0,0,0,1,0,1,0.9714285714285714,1.0,1.0,0.0,0.0,0.0,5,0,1
2072,54,20,34,26,8,1,19,18,4,0,13,0,0,0,0,0,0,0,0,0,0,0,0,1.0,1.0,1.0,0.0,0.0,0.0,5,0,0
2073,52,19,33,24,8,1,19,18,4,0,13,0,0,0,0,0,0,0,0,0,2,0,2,0.9411764705882353,1.0,1.0,0.0,0.0,0.0,5,0,2
2074,51,18,33,22,9,1,19,18,4,0,13,0,0,0,0,0,0,0,0,0,1,0,1,0.96875,1.0,1.0,0.0,0.0,0.0,5,0,1
2075,51,18,33,19,12,1,19,18,4,0,13,0,0,0,0,0,0,0,0,0,0,0,0,1.0,1.0,1.0,0.0,0.0,0.0,5,0,0
2076,51,18,33,16,15,1,19,18,5,0,12,0,0,0,0,0,8,1,0,0,0,0,0,1.0,1.0,1.0,0.0,0.0,0.125,5,0,0
2077,51,18,33,13,18,1,19,18,5,0,9,0,0,0,0,0,7,0,0,0,0,0,0,1.0,1.0,1.0,0.0,0.0,0.0,5,0,0
2078,51,18,33,11,20,1,19,18,5,0,6,0,0,0,0,0,6,0,0,0,0,0,0,1.0,1.0,1.0,0.0,0.0,0.0,5,0,0
2079,51,18,33,11,20,1,19,18,6,0,5,0,0,0,0,0,3,1,0,0,0,0,0,1.0,1.0,1.0,0.0,0.0,0.3333333333333333,5,0,0
2080,55,18,37,15,20,1,19,18,6,0,5,0,0,0,0,0,6,1,0,1,0,0,0,1.0,1.0,1.0,0.0784313725490196,0.0784313725490196,0.16666666666666666,5,4,0
2081,55,18,37,15,20,1,19,18,7,0,5,0,0,0,0,0,5,1,0,0,0,0,0,1.0,1.0,1.0,0.0,0.0,0.2,5,0,0
2082,54,18,36,14,21,1,18,17,7,0,5,0,0,0,0,0,6,1,0,0,0,0,0,1.0,1.0,0.9444444444444444,0.0,0.0,0.16666666666666666,5,0,1
2083,58,19,39,18,21,1,18,17,6,0,6,0,0,0,0,0,3,0,0,1,0,0,0,1.0,1.0,1.0,0.07407407407407407,0.07407407407407407,0.0,5,4,0
2084,57,19,38,18,20,1,18,17,6,0,6,0,0,0,0,0,1,0,0,0,1,0,1,0.9743589743589743,1.0,1.0,0.0,0.0,0.0,5,0,1
2085,54,17,37,17,18,1,18,17,7,0,6,0,0,0,0,0,7,1,0,0,3,0,3,0.9210526315789473,1.0,1.0,0.0,0.0,0.14285714285714285,5,0,3
2086,54,17,37,17,18,1,18,17,7,0,6,0,0,0,0,0,0,0,0,0,0,0,0,1.0,1.0,1.0,0.0,0.0,0.0,5,0,0
2087,54,17,37,15,20,1,18,17,7,0,6,0,0,0,0,0,0,0,0,0,0,0,0,1.0,1.0,1.0,0.0,0.0,0.0,5,0,0
2088,53,17,36,15,19,1,18,17,7,0,6,0,0,0,0,0,0,0,0,0,1,0,1,0.9714285714285714,1.0,1.0,0.0,0.0,0.0,5,0,1
2089,53,17,36,13,21,1,18,17,7,0,5,0,0,0,0,0,0,0,0,0,0,0,0,1.0,1.0,1.0,0.0,0.0,0.0,5,0,0
2090,53,17,36,13,21,1,18,17,8,0,5,0,0,0,0,0,3,1,0,0,0,0,0,1.0,1.0,1.0,0.0,0.0,0.3333333333333333,5,0,0
2091,53,17,36,13,21,1,18,17,9,0,4,0,0,0,0,0,5,1,0,0,0,0,0,1.0,1.0,1.0,0.0,0.0,0.2,5,0,0
2092,53,17,36,13,21,1,18,17,10,0,4,0,0,0,0,0,2,1,0,0,0,0,0,1.0,1.0,1.0,0.0,0.0,0.5,5,0,0
2093,53,17,36,13,21,1,18,17,11,0,4,0,0,0,0,0,6,1,0,0,0,0,0,1.0,1.0,1.0,0.0,0.0,0.16666666666666666,5,0,0
2094,53,17,36,13,21,1,18,17,12,0,4,0,0,0,0,0,7,1,0,0,0,0,0,1.0,1.0,1.0,0.0,0.0,0.14285714285714285,5,0,0
2095,53,17,36,13,21,1,18,17,13,0,4,0,0,0,0,0,3,1,0,0,0,0,0,1.0,1.0,1.0,0.0,0.0,0.3333333333333333,5,0,0
2096,56,18,38,16,21,1,18,17,12,0,5,0,0,0,0,0,0,0,0,1,0,0,0,1.0,1.0,1.0,0.05660377358490566,0.05660377358490566,0.0,5,3,0
2097,56,18,38,16,21,1,18,17,12,0,5,0,0,0,0,0,0,0,0,0,0,0,0,1.0,1.0,1.0,0.0,0.0,0.0,5,0,0
2098,55,17,38,15,21,1,18,17,12,0,5,0,0,0,0,0,0,0,0,0,1,0,1,0.972972972972973,1.0,1.0,0.0,0.0,0.0,5,0,1
2099,55,17,38,15,21,1,18,17,12,0,5,0,0,0,0,0,0,0,0,0,0,0,0,1.0,1.0,1.0,0.0,0.0,0.0,5,0,0
2100,53,17,36,15,19,1,18,17,12,0,5,0,0,0,0,0,0,0,0,0,2,0,2,0.9444444444444444,1.0,1.0,0.0,0.0,0.0,5,0,2
2101,52,17,35,14,19,1,18,17,12,0,5,0,0,0,0,0,0,0,0,0,1,0,1,0.9705882352941176,1.0,1.0,0.0,0.0,0.0,5,0,1
2102,51,16,35,14,18,1,18,17,12,0,5,0,0,0,0,0,0,0,0,0,1,0,1,0.9696969696969697,1.0,1.0,0.0,0.0,0.0,5,0,1
2103,51,16,35,14,18,1,18,17,12,0,5,0,0,0,0,0,0,0,0,0,0,0,0,1.0,1.0,1.0,0.0,0.0,0.0,5,0,0
2104,51,16,35,14,18,1,18,17,12,0,5,0,0,0,0,0,0,0,0,0,0,0,0,1.0,1.0,1.0,0.0,0.0,0.0,5,0,0
2105,50,15,35,14,17,1,18,17,12,0,5,0,0,0,0,0,0,0,0,0,1,0,1,0.96875,1.0,1.0,0.0,0.0,0.0,5,0,1
2106,50,15,35,14,17,1,18,17,12,0,5,0,0,0,0,0,0,0,0,0,0,0,0,1.0,1.0,1.0,0.0,0.0,0.0,5,0,0
2107,48,14,34,13,16,1,18,17,12,0,5,0,0,0,0,0,0,0,0,0,2,0,2,0.935483870967742,1.0,1.0,0.0,0.0,0.0,5,0,2
2108,48,14,34,13,16,1,18,17,12,0,5,0,0,0,0,0,0,0,0,0,0,1,0,1.0,1.0,1.0,0.0,0.0,0.0,5,0,0
2109,48,14,34,13,16,1,18,17,12,0,4,0,0,0,0,0,0,0,0,0,0,0,0,1.0,1.0,1.0,0.0,0.0,0.0,5,0,0
2110,48,14,34,13,16,1,18,17,13,0,4,0,0,0,0,0,7,1,0,0,0,0,0,1.0,1.0,1.0,0.0,0.0,0.14285714285714285,5,0,0
2111,48,14,34,13,16,1,18,17,13,0,4,0,0,0,0,0,0,0,0,0,0,0,0,1.0,1.0,1.0,0.0,0.0,0.0,5,0,0
2112,47,14,33,12,15,2,18,17,13,0,4,0,0,0,0,0,0,0,0,0,1,0,1,0.9642857142857143,1.0,1.0,0.0,0.0,0.0,5,0,1
2113,47,14,33,8,19,2,18,17,13,0,4,0,0,0,0,0,0,0,0,0,0,1,0,1.0,1.0,1.0,0.0,0.0,0.0,5,0,0
2114,47,14,33,8,19,2,18,17,13,0,4,0,0,0,0,0,0,0,0,0,0,0,0,1.0,1.0,1.0,0.0,0.0,0.0,5,0,0
2115,46,14,32,8,19,2,17,16,12,0,3,0,0,0,0,0,0,0,0,0,0,0,0,1.0,1.0,0.9411764705882353,0.0,0.0,0.0,5,0,1
2116,46,14,32,8,19,2,17,16,13,0,3,0,0,0,0,0,4,1,0,0,0,0,0,1.0,1.0,1.0,0.0,0.0,0.25,5,0,0
2117,46,14,32,8,18,3,17,16,13,0,3,0,0,0,0,0,0,0,0,0,0,0,0,1.0,1.0,1.0,0.0,0.0,0.0,5,0,0
2118,46,14,32,8,18,3,17,16,13,0,3,0,0,0,0,0,0,0,0,0,0,0,0,1.0,1.0,1.0,0.0,0.0,0.0,5,0,0
2119,46,14,32,8,18,3,17,16,13,0,3,0,0,0,0,0,0,0,0,0,0,0,0,1.0,1.0,1.0,0.0,0.0,0.0,5,0,0
2120,45,13,32,8,17,3,17,16,13,0,3,0,0,0,0,0,0,0,0,0,1,0,1,0.9615384615384616,1.0,1.0,0.0,0.0,0.0,5,0,1
2121,45,13,32,8,17,3,17,16,13,0,3,0,0,0,0,0,0,0,0,0,0,0,0,1.0,1.0,1.0,0.0,0.0,0.0,5,0,0
2122,45,13,32,8,17,3,17,16,13,0,3,0,0,0,0,0,0,0,0,0,0,0,0,1.0,1.0,1.0,0.0,0.0,0.0,5,0,0
2123,45,13,32,5,20,3,17,16,13,0,3,0,0,0,0,0,0,0,0,0,0,0,0,1.0,1.0,1.0,0.0,0.0,0.0,5,0,0
2124,45,13,32,5,20,3,17,16,13,0,3,0,0,0,0,0,0,0,0,0,0,0,0,1.0,1.0,1.0,0.0,0.0,0.0,5,0,0
2125,45,13,32,5,20,3,17,16,13,0,2,0,0,0,0,0,0,0,0,0,0,0,0,1.0,1.0,1.0,0.0,0.0,0.0,5,0,0
2126,45,13,32,3,22,3,17,16,13,0,2,0,0,0,0,0,0,0,0,0,0,0,0,1.0,1.0,1.0,0.0,0.0,0.0,5,0,0
2127,45,13,32,3,22,3,17,16,13,0,2,0,0,0,0,0,0,0,0,0,0,0,0,1.0,1.0,1.0,0.0,0.0,0.0,5,0,0
2128,45,13,32,3,22,3,17,16,13,0,1,0,0,0,0,0,0,0,0,0,0,0,0,1.0,1.0,1.0,0.0,0.0,0.0,5,0,0
2129,45,13,32,3,22,3,17,16,13,0,1,0,0,0,0,0,0,0,0,0,0,0,0,1.0,1.0,1.0,0.0,0.0,0.0,5,0,0
2130,45,13,32,3,22,3,17,16,13,0,1,0,0,0,0,0,0,0,0,0,0,0,0,1.0,1.0,1.0,0.0,0.0,0.0,5,0,0
2131,43,12,31,3,20,3,17,16,13,0,1,0,0,0,0,0,0,0,0,0,2,0,2,0.92,1.0,1.0,0.0,0.0,0.0,5,0,2
2132,43,12,31,3,20,3,17,16,13,0,1,0,0,0,0,0,0,0,0,0,0,0,0,1.0,1.0,1.0,0.0,0.0,0.0,5,0,0
2133,43,12,31,3,20,3,17,16,13,0,1,0,0,0,0,0,0,0,0,0,0,0,0,1.0,1.0,1.0,0.0,0.0,0.0,5,0,0
2134,43,12,31,3,20,3,17,16,13,0,1,0,0,0,0,0,0,0,0,0,0,0,0,1.0,1.0,1.0,0.0,0.0,0.0,5,0,0
2135,43,12,31,3,20,3,17,16,13,0,1,0,0,0,0,0,0,0,0,0,0,0,0,1.0,1.0,1.0,0.0,0.0,0.0,5,0,0
2136,43,12,31,3,20,3,17,16,13,0,1,0,0,0,0,0,0,0,0,0,0,0,0,1.0,1.0,1.0,0.0,0.0,0.0,5,0,0
2137,43,12,31,3,20,3,17,16,13,0,1,0,0,0,0,0,0,0,0,0,0,0,0,1.0,1.0,1.0,0.0,0.0,0.0,5,0,0
2138,43,12,31,3,20,3,17,16,13,0,1,0,0,0,0,0,0,0,0,0,0,0,0,1.0,1.0,1.0,0.0,0.0,0.0,5,0,0
2139,43,12,31,0,23,3,17,16,13,0,1,0,0,0,0,0,0,0,0,0,0,1,0,1.0,1.0,1.0,0.0,0.0,0.0,5,0,0
2140,43,12,31,0,23,3,17,16,13,0,1,0,0,0,0,0,0,0,0,0,0,0,0,1.0,1.0,1.0,0.0,0.0,0.0,5,0,0
2141,47,16,31,4,23,3,17,16,12,0,1,0,0,0,0,0,0,0,0,1,0,0,0,1.0,1.0,1.0,0.09302325581395349,0.09302325581395349,0.0,5,4,0
2142,47,16,31,4,23,3,17,16,12,0,1,0,0,0,0,0,0,0,0,0,0,0,0,1.0,1.0,1.0,0.0,0.0,0.0,5,0,0
2143,47,16,31,4,22,4,17,16,12,0,1,0,0,0,0,0,0,0,0,0,0,0,0,1.0,1.0,1.0,0.0,0.0,0.0,5,0,0
2144,49,18,31,7,21,4,17,16,11,0,2,0,0,0,0,0,0,0,0,1,1,0,1,0.9615384615384616,1.0,1.0,0.06382978723404255,0.06382978723404255,0.0,5,3,1
2145,49,18,31,7,21,4,17,16,11,0,2,0,0,0,0,0,0,0,0,0,0,0,0,1.0,1.0,1.0,0.0,0.0,0.0,5,0,0
2146,53,18,35,11,21,4,17,16,10,0,3,0,0,0,0,0,0,0,0,1,0,0,0,1.0,1.0,1.0,0.08163265306122448,0.08163265306122448,0.0,5,4,0
2147,57,19,38,15,21,4,17,16,9,0,4,0,0,0,0,0,0,0,0,1,0,0,0,1.0,1.0,1.0,0.07547169811320754,0.07547169811320754,0.0,5,4,0
2148,57,19,38,15,21,4,17,16,9,0,4,0,0,0,0,0,0,0,0,0,0,0,0,1.0,1.0,1.0,0.0,0.0,0.0,5,0,0
2149,56,19,37,14,21,4,17,16,9,0,4,0,0,0,0,0,0,0,0,0,1,0,1,0.9722222222222222,1.0,1.0,0.0,0.0,0.0,5,0,1
2150,60,20,40,18,21,4,17,16,8,0,5,0,0,0,0,0,0,0,0,1,0,0,0,1.0,1.0,1.0,0.07142857142857142,0.07142857142857142,0.0,5,4,0
2151,60,20,40,18,21,4,17,16,8,0,5,0,0,0,0,0,0,0,0,0,0,0,0,1.0,1.0,1.0,0.0,0.0,0.0,5,0,0
2152,57,19,38,16,20,4,17,16,8,0,5,0,0,0,0,0,0,0,0,0,3,0,3,0.9230769230769231,1.0,1.0,0.0,0.0,0.0,5,0,3
2153,57,19,38,16,20,4,17,16,8,0,5,0,0,0,0,0,0,0,0,0,0,0,0,1.0,1.0,1.0,0.0,0.0,0.0,5,0,0
2154,56,18,38,15,20,4,17,16,8,0,5,0,0,0,0,0,0,0,0,0,1,0,1,0.9722222222222222,1.0,1.0,0.0,0.0,0.0,5,0,1
2155,59,20,39,18,20,4,17,16,7,0,6,0,0,0,0,0,0,0,0,1,1,0,1,0.9714285714285714,1.0,1.0,0.07142857142857142,0.07142857142857142,0.0,5,4,1
2156,62,22,40,21,20,4,17,16,6,0,7,0,0,0,0,0,0,0,0,1,1,0,1,0.9736842105263158,1.0,1.0,0.06779661016949153,0.06779661016949153,0.0,5,4,1
2157,65,24,41,25,20,3,17,16,5,0,8,0,0,0,0,0,0,0,0,1,0,0,0,1.0,1.0,1.0,0.06451612903225806,0.06451612903225806,0.0,5,4,1
2158,66,25,41,28,18,3,17,16,4,0,9,0,0,0,0,0,0,0,0,1,2,0,2,0.9555555555555556,1.0,1.0,0.046153846153846156,0.046153846153846156,0.0,5,3,2
2159,68,26,42,30,18,3,17,16,3,0,10,0,0,0,0,0,0,0,0,1,2,0,2,0.9565217391304348,1.0,1.0,0.06060606060606061,0.06060606060606061,0.0,5,4,2
2160,69,26,43,31,18,2,18,17,2,0,11,0,0,0,0,0,0,0,0,1,2,0,2,0.9583333333333334,1.0,1.0,0.04411764705882353,0.04411764705882353,0.0,5,3,2
2161,66,25,41,29,17,2,18,17,2,0,11,0,0,0,0,0,0,0,0,0,3,0,3,0.9387755102040817,1.0,1.0,0.0,0.0,0.0,5,0,3
2162,64,25,39,28,17,1,18,17,2,0,11,0,0,0,0,0,0,0,0,0,1,0,1,0.9782608695652174,1.0,1.0,0.0,0.0,0.0,5,0,2
2163,63,24,39,27,17,1,18,17,2,0,11,0,0,0,0,0,0,0,0,0,1,0,1,0.9777777777777777,1.0,1.0,0.0,0.0,0.0,5,0,1
2164,63,24,39,27,17,1,18,17,2,0,11,0,0,0,0,0,0,0,0,0,0,0,0,1.0,1.0,1.0,0.0,0.0,0.0,5,0,0
2165,62,24,38,27,16,1,18,17,2,0,11,0,0,0,0,0,0,0,0,0,1,0,1,0.9772727272727273,1.0,1.0,0.0,0.0,0.0,5,0,1
2166,61,24,37,27,15,1,18,17,2,0,11,0,0,0,0,0,0,0,0,0,1,0,1,0.9767441860465116,1.0,1.0,0.0,0.0,0.0,5,0,1
2167,60,24,36,26,15,1,18,17,2,0,11,0,0,0,0,0,0,0,0,0,1,0,1,0.9761904761904762,1.0,1.0,0.0,0.0,0.0,5,0,1
2168,60,24,36,26,15,1,18,17,2,0,11,0,0,0,0,0,0,0,0,0,0,0,0,1.0,1.0,1.0,0.0,0.0,0.0,5,0,0
2169,59,24,35,25,15,1,18,17,2,0,11,0,0,0,0,0,0,0,0,0,1,0,1,0.975609756097561,1.0,1.0,0.0,0.0,0.0,5,0,1
2170,58,23,35,24,15,1,18,17,2,0,11,0,0,0,0,0,0,0,0,0,1,0,1,0.975,1.0,1.0,0.0,0.0,0.0,5,0,1
2171,56,23,33,23,14,1,18,17,2,0,11,0,0,0,0,0,0,0,0,0,2,0,2,0.9487179487179487,1.0,1.0,0.0,0.0,0.0,5,0,2
2172,55,22,33,23,13,1,18,17,2,0,11,0,0,0,0,0,0,0,0,0,1,0,1,0.972972972972973,1.0,1.0,0.0,0.0,0.0,5,0,1
2173,55,22,33,23,13,1,18,17,2,0,11,0,0,0,0,0,0,0,0,0,0,0,0,1.0,1.0,1.0,0.0,0.0,0.0,5,0,0
2174,55,22,33,23,13,1,18,17,2,0,11,0,0,0,0,0,0,0,0,0,0,0,0,1.0,1.0,1.0,0.0,0.0,0.0,5,0,0
2175,58,24,34,26,13,1,18,17,1,0,12,0,0,0,0,0,0,0,0,1,1,0,1,0.9722222222222222,1.0,1.0,0.07272727272727272,0.07272727272727272,0.0,5,4,1
2176,56,22,34,24,13,1,18,17,1,0,12,0,0,0,0,0,0,0,0,0,2,0,2,0.9487179487179487,1.0,1.0,0.0,0.0,0.0,5,0,2
2177,55,21,34,23,13,1,18,17,1,0,12,0,0,0,0,0,0,0,0,0,1,0,1,0.972972972972973,1.0,1.0,0.0,0.0,0.0,5,0,1
2178,54,20,34,23,12,1,18,17,1,0,12,0,0,0,0,0,0,0,0,0,1,0,1,0.9722222222222222,1.0,1.0,0.0,0.0,0.0,5,0,1
2179,53,19,34,22,12,1,18,17,1,0,12,0,0,0,0,0,0,0,0,0,1,0,1,0.9714285714285714,1.0,1.0,0.0,0.0,0.0,5,0,1
2180,53,19,34,22,12,1,18,17,1,0,12,0,0,0,0,0,0,0,0,0,0,0,0,1.0,1.0,1.0,0.0,0.0,0.0,5,0,0
2181,56,21,35,25,12,1,18,17,0,0,13,0,0,0,0,0,0,0,0,1,1,0,1,0.9705882352941176,1.0,1.0,0.07547169811320754,0.07547169811320754,0.0,5,4,1
2182,56,21,35,25,12,1,18,17,0,0,13,0,0,0,0,0,0,0,0,0,0,0,0,1.0,1.0,1.0,0.0,0.0,0.0,5,0,0
2183,55,21,34,24,12,1,18,17,0,0,13,0,0,0,0,0,0,0,0,0,1,0,1,0.972972972972973,1.0,1.0,0.0,0.0,0.0,5,0,1
2184,55,21,34,21,15,1,18,17,0,0,13,0,0,0,0,0,0,0,0,0,0,0,0,1.0,1.0,1.0,0.0,0.0,0.0,5,0,0
2185,55,21,34,21,15,1,18,17,0,0,13,0,0,0,0,0,0,0,0,0,0,0,0,1.0,1.0,1.0,0.0,0.0,0.0,5,0,0
2186,55,21,34,21,15,1,18,17,0,0,12,0,0,0,0,0,0,0,0,0,0,0,0,1.0,1.0,1.0,0.0,0.0,0.0,5,0,0
2187,55,21,34,21,15,1,18,17,0,0,12,0,0,0,0,0,0,0,0,0,0,0,0,1.0,1.0,1.0,0.0,0.0,0.0,5,0,0
2188,54,21,33,20,15,1,18,17,0,0,12,0,0,0,0,0,0,0,0,0,1,0,1,0.9722222222222222,1.0,1.0,0.0,0.0,0.0,5,0,1
2189,52,19,33,19,14,1,18,17,0,0,11,0,0,0,0,0,0,0,0,0,2,0,2,0.9428571428571428,1.0,1.0,0.0,0.0,0.0,5,0,2
2190,50,18,32,17,14,1,18,17,0,0,11,0,0,0,0,0,0,0,0,0,2,0,2,0.9393939393939394,1.0,1.0,0.0,0.0,0.0,5,0,2
2191,50,18,32,17,14,1,18,17,0,0,10,0,0,0,0,0,0,0,0,0,0,0,0,1.0,1.0,1.0,0.0,0.0,0.0,5,0,0
2192,50,18,32,17,14,1,18,17,0,0,9,0,0,0,0,0,0,0,0,0,0,0,0,1.0,1.0,1.0,0.0,0.0,0.0,5,0,0
2193,50,18,32,17,14,1,18,17,0,0,9,0,0,0,0,0,0,0,0,0,0,0,0,1.0,1.0,1.0,0.0,0.0,0.0,5,0,0
2194,50,18,32,17,14,1,18,17,0,0,9,0,0,0,0,0,0,0,0,0,0,0,0,1.0,1.0,1.0,0.0,0.0,0.0,5,0,0
2195,50,18,32,17,14,1,18,17,0,0,8,0,0,0,0,0,0,0,0,0,0,0,0,1.0,1.0,1.0,0.0,0.0,0.0,5,0,0
2196,49,17,32,16,14,1,18,17,0,0,8,0,0,0,0,0,0,0,0,0,1,0,1,0.967741935483871,1.0,1.0,0.0,0.0,0.0,5,0,1
2197,49,17,32,16,14,1,18,17,0,0,8,0,0,0,0,0,0,0,0,0,0,0,0,1.0,1.0,1.0,0.0,0.0,0.0,5,0,0
2198,48,17,31,13,17,1,17,16,0,0,8,0,0,0,0,0,0,0,0,0,0,0,0,1.0,1.0,0.9411764705882353,0.0,0.0,0.0,5,0,1
2199,48,17,31,11,19,1,17,16,0,0,8,0,0,0,0,0,0,0,0,0,0,0,0,1.0,1.0,1.0,0.0,0.0,0.0,5,0,0
2200,47,16,31,10,19,1,17,16,0,0,7,0,0,0,0,0,0,0,0,0,1,0,1,0.9666666666666667,1.0,1.0,0.0,0.0,0.0,5,0,1
2201,47,16,31,10,19,1,17,16,0,0,6,0,0,0,0,0,0,0,0,0,0,0,0,1.0,1.0,1.0,0.0,0.0,0.0,5,0,0
2202,47,16,31,7,22,1,17,16,0,0,5,0,0,0,0,0,0,0,0,0,0,0,0,1.0,1.0,1.0,0.0,0.0,0.0,5,0,0
2203,47,16,31,6,23,1,17,16,0,0,4,0,0,0,0,0,0,0,0,0,0,0,0,1.0,1.0,1.0,0.0,0.0,0.0,5,0,0
2204,47,16,31,6,23,1,17,16,0,0,3,0,0,0,0,0,0,0,0,0,0,0,0,1.0,1.0,1.0,0.0,0.0,0.0,5,0,0
2205,47,16,31,6,23,1,17,16,0,0,2,0,0,0,0,0,0,0,0,0,0,0,0,1.0,1.0,1.0,0.0,0.0,0.0,5,0,0
2206,47,16,31,6,23,1,17,16,0,0,2,0,0,0,0,0,0,0,0,0,0,0,0,1.0,1.0,1.0,0.0,0.0,0.0,5,0,0
2207,47,16,31,6,23,1,17,16,0,0,2,0,0,0,0,0,0,0,0,0,0,0,0,1.0,1.0,1.0,0.0,0.0,0.0,5,0,0
2208,47,16,31,6,23,1,17,16,0,0,2,0,0,0,0,0,0,0,0,0,0,0,0,1.0,1.0,1.0,0.0,0.0,0.0,5,0,0
2209,47,16,31,6,23,1,17,16,0,0,2,0,0,0,0,0,0,0,0,0,0,0,0,1.0,1.0,1.0,0.0,0.0,0.0,5,0,0
2210,47,16,31,6,23,1,17,16,0,0,2,0,0,0,0,0,0,0,0,0,0,0,0,1.0,1.0,1.0,0.0,0.0,0.0,5,0,0
2211,47,16,31,6,23,1,17,16,0,0,2,0,0,0,0,0,0,0,0,0,0,1,0,1.0,1.0,1.0,0.0,0.0,0.0,5,0,0
2212,46,15,31,6,22,1,17,16,0,0,2,0,0,0,0,0,0,0,0,0,1,1,1,0.9655172413793104,1.0,1.0,0.0,0.0,0.0,5,0,1
2213,46,15,31,6,22,1,17,16,0,0,2,0,0,0,0,0,0,0,0,0,0,1,0,1.0,1.0,1.0,0.0,0.0,0.0,5,0,0
2214,46,15,31,6,22,1,17,16,0,0,2,0,0,0,0,0,0,0,0,0,0,1,0,1.0,1.0,1.0,0.0,0.0,0.0,5,0,0
2215,45,15,30,6,20,2,17,16,0,0,2,0,0,0,0,0,0,0,0,0,0,1,0,0.962962962962963,1.0,1.0,0.0,0.0,0.0,5,0,1
2216,45,15,30,6,20,2,17,16,0,0,2,0,0,0,0,0,0,0,0,0,0,0,0,1.0,1.0,1.0,0.0,0.0,0.0,5,0,0
2217,45,15,30,6,19,3,17,16,0,0,2,0,0,0,0,0,0,0,0,0,0,0,0,1.0,1.0,1.0,0.0,0.0,0.0,5,0,0
2218,44,14,30,3,20,4,17,16,0,0,2,0,0,0,0,0,0,0,0,0,1,0,1,0.9583333333333334,1.0,1.0,0.0,0.0,0.0,5,0,1
2219,44,14,30,3,19,5,17,16,0,0,2,0,0,0,0,0,0,0,0,0,0,0,0,1.0,1.0,1.0,0.0,0.0,0.0,5,0,0
2220,44,14,30,3,19,5,17,16,1,0,1,0,0,0,0,0,2,1,0,0,0,0,0,1.0,1.0,1.0,0.0,0.0,0.5,5,0,0
2221,44,14,30,3,19,5,17,16,2,0,1,0,0,0,0,0,5,1,0,0,0,0,0,1.0,1.0,1.0,0.0,0.0,0.2,5,0,0
2222,44,14,30,3,19,5,17,16,2,0,1,0,0,0,0,0,3,0,0,0,0,0,0,1.0,1.0,1.0,0.0,0.0,0.0,5,0,0
2223,44,14,30,3,19,5,17,16,2,0,1,0,0,0,0,0,6,0,0,0,0,0,0,1.0,1.0,1.0,0.0,0.0,0.0,5,0,0
2224,44,14,30,0,22,5,17,16,4,0,1,0,0,0,0,0,8,2,0,0,0,0,0,1.0,1.0,1.0,0.0,0.0,0.25,5,0,0
2225,44,14,30,0,22,5,17,16,4,0,1,0,0,0,0,0,0,0,0,0,0,0,0,1.0,1.0,1.0,0.0,0.0,0.0,5,0,0
2226,43,13,30,0,21,5,17,16,4,0,0,0,0,0,0,0,0,0,0,0,1,0,1,0.9545454545454546,1.0,1.0,0.0,0.0,0.0,5,0,1
2227,43,13,30,0,21,5,17,16,5,0,0,0,0,0,0,0,6,1,0,0,0,0,0,1.0,1.0,1.0,0.0,0.0,0.16666666666666666,5,0,0
2228,43,13,30,0,21,5,17,16,5,0,0,0,0,0,0,0,0,0,0,0,0,0,0,1.0,1.0,1.0,0.0,0.0,0.0,5,0,0
2229,43,13,30,0,21,5,17,16,5,0,0,0,0,0,0,0,0,0,0,0,0,0,0,1.0,1.0,1.0,0.0,0.0,0.0,5,0,0
2230,43,13,30,0,21,5,17,16,5,0,0,0,0,0,0,0,0,0,0,0,0,0,0,1.0,1.0,1.0,0.0,0.0,0.0,5,0,0
2231,43,13,30,0,21,5,17,16,5,0,0,0,0,0,0,0,0,0,0,0,0,0,0,1.0,1.0,1.0,0.0,0.0,0.0,5,0,0
2232,43,13,30,0,21,5,17,16,5,0,0,0,0,0,0,0,0,0,0,0,0,0,0,1.0,1.0,1.0,0.0,0.0,0.0,5,0,0
2233,43,13,30,0,21,5,17,16,6,0,0,0,0,0,0,0,4,1,0,0,0,0,0,1.0,1.0,1.0,0.0,0.0,0.25,5,0,0
2234,43,13,30,0,21,5,17,16,7,0,0,0,0,0,0,0,8,1,0,0,0,0,0,1.0,1.0,1.0,0.0,0.0,0.125,5,0,0
2235,43,13,30,0,21,5,17,16,7,0,0,0,0,0,0,0,1,0,0,0,0,0,0,1.0,1.0,1.0,0.0,0.0,0.0,5,0,0
2236,42,12,30,0,20,5,17,16,7,0,0,0,0,0,0,0,3,0,0,0,1,0,1,0.9523809523809523,1.0,1.0,0.0,0.0,0.0,5,0,1
2237,42,12,30,0,20,5,17,16,10,0,0,0,0,0,0,0,8,3,0,0,0,0,0,1.0,1.0,1.0,0.0,0.0,0.375,5,0,0
2238,42,12,30,0,20,5,17,16,10,0,0,0,0,0,0,0,0,0,0,0,0,0,0,1.0,1.0,1.0,0.0,0.0,0.0,5,0,0
2239,42,12,30,0,20,5,17,16,10,0,0,0,0,0,0,0,0,0,0,0,0,0,0,1.0,1.0,1.0,0.0,0.0,0.0,5,0,0
2240,42,12,30,0,20,5,17,16,10,0,0,0,0,0,0,0,0,0,0,0,0,0,0,1.0,1.0,1.0,0.0,0.0,0.0,5,0,0
2241,42,12,30,0,20,5,17,16,10,0,0,0,0,0,0,0,0,0,0,0,0,0,0,1.0,1.0,1.0,0.0,0.0,0.0,5,0,0
2242,42,12,30,0,20,5,17,16,10,0,0,0,0,0,0,0,0,0,0,0,0,0,0,1.0,1.0,1.0,0.0,0.0,0.0,5,0,0
2243,42,12,30,0,20,5,17,16,10,0,0,0,0,0,0,0,0,0,0,0,0,0,0,1.0,1.0,1.0,0.0,0.0,0.0,5,0,0
2244,42,12,30,0,20,5,17,16,10,0,0,0,0,0,0,0,0,0,0,0,0,0,0,1.0,1.0,1.0,0.0,0.0,0.0,5,0,0
2245,42,12,30,0,20,5,17,16,10,0,0,0,0,0,0,0,0,0,0,0,0,0,0,1.0,1.0,1.0,0.0,0.0,0.0,5,0,0
2246,42,12,30,0,20,5,17,16,11,0,0,0,0,0,0,0,2,1,0,0,0,0,0,1.0,1.0,1.0,0.0,0.0,0.5,5,0,0
2247,42,12,30,0,20,4,18,16,11,0,0,0,0,0,0,0,3,0,0,0,0,0,0,1.0,1.0,1.0,0.0,0.0,0.0,5,0,0
2248,42,12,30,0,20,4,18,16,12,0,0,0,0,0,0,0,4,1,0,0,0,0,0,1.0,1.0,1.0,0.0,0.0,0.25,5,0,0
2249,42,12,30,0,20,4,18,16,13,0,0,0,0,0,0,0,7,1,0,0,0,0,0,1.0,1.0,1.0,0.0,0.0,0.14285714285714285,5,0,0
2250,42,12,30,0,20,4,18,16,13,0,0,0,0,0,0,0,1,0,0,0,0,2,0,1.0,1.0,1.0,0.0,0.0,0.0,5,0,0
2251,42,12,30,0,20,4,18,16,13,0,0,0,0,0,0,0,0,0,0,0,0,0,0,1.0,1.0,1.0,0.0,0.0,0.0,5,0,0
2252,42,12,30,0,20,4,18,16,13,0,0,0,0,0,0,0,0,0,0,0,0,0,0,1.0,1.0,1.0,0.0,0.0,0.0,5,0,0
2253,42,12,30,0,20,4,18,16,13,0,0,0,0,0,0,0,0,0,0,0,0,0,0,1.0,1.0,1.0,0.0,0.0,0.0,5,0,0
2254,42,12,30,0,18,6,18,16,13,0,0,0,0,0,0,0,0,0,0,0,0,0,0,1.0,1.0,1.0,0.0,0.0,0.0,5,0,0
2255,42,12,30,0,18,6,18,16,13,0,0,0,0,0,0,0,0,0,0,0,0,0,0,1.0,1.0,1.0,0.0,0.0,0.0,5,0,0
2256,42,12,30,0,18,6,18,16,13,0,0,0,0,0,0,0,0,0,0,0,0,0,0,1.0,1.0,1.0,0.0,0.0,0.0,5,0,0
2257,42,12,30,0,18,6,18,16,13,0,0,0,0,0,0,0,0,0,0,0,0,0,0,1.0,1.0,1.0,0.0,0.0,0.0,5,0,0
2258,42,12,30,0,18,6,18,16,13,0,0,0,0,0,0,0,0,0,0,0,0,0,0,1.0,1.0,1.0,0.0,0.0,0.0,5,0,0
2259,42,12,30,0,18,6,18,16,13,1,0,0,0,0,0,0,6,0,1,0,0,0,0,1.0,1.0,1.0,0.0,0.0,0.0,5,0,0
2260,41,12,29,0,17,6,18,16,13,1,0,0,0,0,0,0,2,0,0,0,1,1,1,0.9444444444444444,1.0,1.0,0.0,0.0,0.0,5,0,1
2261,41,12,29,0,17,6,18,16,15,1,0,0,0,0,0,0,6,2,0,0,0,0,0,1.0,1.0,1.0,0.0,0.0,0.3333333333333333,5,0,0
2262,41,12,29,0,17,6,18,16,15,1,0,0,0,0,0,0,0,0,0,0,0,0,0,1.0,1.0,1.0,0.0,0.0,0.0,5,0,0
2263,41,12,29,0,17,6,18,16,15,1,0,0,0,0,0,0,0,0,0,0,0,1,0,1.0,1.0,1.0,0.0,0.0,0.0,5,0,0
2264,41,12,29,0,16,7,18,16,15,1,0,0,0,0,0,0,0,0,0,0,0,0,0,1.0,1.0,1.0,0.0,0.0,0.0,5,0,0
2265,41,12,29,0,16,7,18,16,15,1,0,0,0,0,0,0,0,0,0,0,0,0,0,1.0,1.0,1.0,0.0,0.0,0.0,5,0,0
2266,41,12,29,0,16,7,18,16,15,1,0,0,0,0,0,0,0,0,0,0,0,0,0,1.0,1.0,1.0,0.0,0.0,0.0,5,0,0
2267,41,12,29,0,15,8,18,16,15,1,0,0,0,0,0,0,0,0,0,0,0,0,0,1.0,1.0,1.0,0.0,0.0,0.0,5,0,0
2268,41,12,29,0,15,8,18,16,15,1,0,0,0,0,0,0,0,0,0,0,0,0,0,1.0,1.0,1.0,0.0,0.0,0.0,5,0,0
2269,41,12,29,0,15,8,18,16,15,1,0,0,0,0,0,0,0,0,0,0,0,0,0,1.0,1.0,1.0,0.0,0.0,0.0,5,0,0
2270,41,12,29,0,15,8,18,16,15,1,0,0,0,0,0,0,0,0,0,0,0,0,0,1.0,1.0,1.0,0.0,0.0,0.0,5,0,0
2271,41,12,29,0,15,8,18,16,15,1,0,0,0,0,0,0,0,0,0,0,0,0,0,1.0,1.0,1.0,0.0,0.0,0.0,5,0,0
2272,41,12,29,0,15,8,18,16,15,1,0,0,0,0,0,0,0,0,0,0,0,0,0,1.0,1.0,1.0,0.0,0.0,0.0,5,0,0
2273,41,12,29,0,15,8,18,16,15,1,0,0,0,0,0,0,0,0,0,0,0,0,0,1.0,1.0,1.0,0.0,0.0,0.0,5,0,0
2274,41,12,29,0,15,8,18,16,15,1,0,0,0,0,0,0,0,0,0,0,0,0,0,1.0,1.0,1.0,0.0,0.0,0.0,5,0,0
2275,41,12,29,0,15,8,18,16,15,1,0,0,0,0,0,0,0,0,0,0,0,0,0,1.0,1.0,1.0,0.0,0.0,0.0,5,0,0
2276,41,12,29,0,15,8,18,16,15,1,0,0,0,0,0,0,0,0,0,0,0,1,0,1.0,1.0,1.0,0.0,0.0,0.0,5,0,0
2277,41,12,29,0,15,8,18,16,15,1,0,0,0,0,0,0,0,0,0,0,0,0,0,1.0,1.0,1.0,0.0,0.0,0.0,5,0,0
2278,41,12,29,0,15,8,18,16,15,1,0,0,0,0,0,0,0,0,0,0,0,0,0,1.0,1.0,1.0,0.0,0.0,0.0,5,0,0
2279,41,12,29,0,15,8,18,16,15,1,0,0,0,0,0,0,0,0,0,0,0,0,0,1.0,1.0,1.0,0.0,0.0,0.0,5,0,0
2280,41,12,29,0,14,9,18,16,15,1,0,0,0,0,0,0,0,0,0,0,0,0,0,1.0,1.0,1.0,0.0,0.0,0.0,5,0,0
2281,41,12,29,0,14,9,18,16,15,1,0,0,0,0,0,0,0,0,0,0,0,0,0,1.0,1.0,1.0,0.0,0.0,0.0,5,0,0
2282,41,12,29,0,14,9,18,16,15,1,0,0,0,0,0,0,0,0,0,0,0,0,0,1.0,1.0,1.0,0.0,0.0,0.0,5,0,0
2283,41,12,29,0,14,9,18,16,15,1,0,0,0,0,0,0,0,0,0,0,0,0,0,1.0,1.0,1.0,0.0,0.0,0.0,5,0,0
2284,41,12,29,0,14,9,18,16,15,1,0,0,0,0,0,0,0,0,0,0,0,0,0,1.0,1.0,1.0,0.0,0.0,0.0,5,0,0
2285,45,15,30,4,14,9,18,16,14,1,1,0,0,0,0,0,0,0,0,1,0,0,0,1.0,1.0,1.0,0.0975609756097561,0.0975609756097561,0.0,5,4,0
2286,49,18,31,8,14,9,18,16,13,1,2,0,0,0,0,0,0,0,0,1,0,0,0,1.0,1.0,1.0,0.08888888888888889,0.08888888888888889,0.0,5,4,0
2287,49,18,31,8,14,9,18,16,13,1,2,0,0,0,0,0,0,0,0,0,0,0,0,1.0,1.0,1.0,0.0,0.0,0.0,5,0,0
2288,49,18,31,8,14,9,18,16,13,1,2,0,0,0,0,0,0,0,0,0,0,0,0,1.0,1.0,1.0,0.0,0.0,0.0,5,0,0
2289,56,21,35,15,14,9,18,16,11,1,4,0,0,0,0,0,0,0,0,2,0,0,0,1.0,1.0,1.0,0.14285714285714285,0.14285714285714285,0.0,5,7,0
2290,55,20,35,14,14,9,18,16,11,1,4,0,0,0,0,0,0,0,0,0,1,0,1,0.9655172413793104,1.0,1.0,0.0,0.0,0.0,5,0,1
2291,54,20,34,14,14,8,18,16,11,1,4,0,0,0,0,0,0,0,0,0,0,0,0,1.0,1.0,1.0,0.0,0.0,0.0,5,0,1
2292,57,23,34,18,13,8,18,16,10,1,5,0,0,0,0,0,0,0,0,1,1,0,1,0.9642857142857143,1.0,1.0,0.07407407407407407,0.07407407407407407,0.0,5,4,1
2293,55,22,33,17,12,8,18,16,10,1,5,0,0,0,0,0,0,0,0,0,2,0,2,0.935483870967742,1.0,1.0,0.0,0.0,0.0,5,0,2
2294,55,22,33,17,12,8,18,16,10,1,5,0,0,0,0,0,0,0,0,0,0,0,0,1.0,1.0,1.0,0.0,0.0,0.0,5,0,0
2295,55,22,33,17,12,8,18,16,10,1,5,0,0,0,0,0,0,0,0,0,0,0,0,1.0,1.0,1.0,0.0,0.0,0.0,5,0,0
2296,53,21,32,15,12,8,18,16,10,1,5,0,0,0,0,0,0,0,0,0,2,0,2,0.9310344827586207,1.0,1.0,0.0,0.0,0.0,5,0,2
2297,51,19,32,14,11,8,18,16,10,1,5,0,0,0,0,0,0,0,0,0,2,0,2,0.9259259259259259,1.0,1.0,0.0,0.0,0.0,5,0,2
2298,52,20,32,16,10,8,18,16,9,1,6,0,0,0,0,0,0,0,0,1,2,0,2,0.92,1.0,1.0,0.058823529411764705,0.058823529411764705,0.0,5,3,2
2299,55,21,34,19,10,8,18,16,8,1,7,0,0,0,0,0,0,0,0,1,0,0,0,1.0,1.0,1.0,0.057692307692307696,0.057692307692307696,0.0,5,3,0
2300,55,21,34,19,10,8,18,16,8,1,7,0,0,0,0,0,0,0,0,0,0,0,0,1.0,1.0,1.0,0.0,0.0,0.0,5,0,0
2301,55,21,34,19,10,8,18,16,8,1,7,0,0,0,0,0,0,0,0,0,0,0,0,1.0,1.0,1.0,0.0,0.0,0.0,5,0,0
2302,66,27,39,30,10,8,18,16,5,1,10,0,0,0,0,0,0,0,0,3,1,0,1,0.9655172413793104,1.0,1.0,0.21818181818181817,0.21818181818181817,0.0,5,12,1
2303,62,26,36,29,8,8,17,15,4,1,10,0,0,0,0,0,0,0,0,0,3,0,3,0.925,1.0,0.9375,0.0,0.0,0.0,5,0,4
2304,58,24,34,27,6,8,17,15,4,0,10,0,0,0,0,0,0,0,0,0,4,0,4,0.8918918918918919,1.0,1.0,0.0,0.0,0.0,5,0,4
2305,58,24,34,27,6,8,17,15,4,0,10,0,0,0,0,0,1,0,0,0,0,0,0,1.0,1.0,1.0,0.0,0.0,0.0,5,0,0
2306,56,24,32,27,5,8,16,14,5,0,9,0,0,0,0,0,8,1,0,0,1,0,1,0.9696969696969697,1.0,0.9333333333333333,0.0,0.0,0.125,5,0,2
2307,55,24,31,26,5,8,16,14,5,0,9,0,0,0,0,0,0,0,0,0,1,0,1,0.96875,1.0,1.0,0.0,0.0,0.0,5,0,1
2308,54,23,31,26,4,8,16,14,5,0,9,0,0,0,0,0,0,0,0,0,1,0,1,0.967741935483871,1.0,1.0,0.0,0.0,0.0,5,0,1
2309,54,23,31,26,4,8,16,14,5,0,9,0,0,0,0,0,0,0,0,0,0,0,0,1.0,1.0,1.0,0.0,0.0,0.0,5,0,0
2310,53,22,31,25,4,8,16,14,5,0,9,0,0,0,0,0,0,0,0,0,1,0,1,0.9666666666666667,1.0,1.0,0.0,0.0,0.0,5,0,1
2311,56,25,31,28,4,8,16,14,4,0,10,0,0,0,0,0,0,0,0,1,0,0,0,1.0,1.0,1.0,0.05660377358490566,0.05660377358490566,0.0,5,3,0
2312,56,25,31,28,4,8,16,14,4,0,10,0,0,0,0,0,0,0,0,0,0,0,0,1.0,1.0,1.0,0.0,0.0,0.0,5,0,0
2313,56,25,31,28,4,8,16,14,4,0,10,0,0,0,0,0,0,0,0,0,0,0,0,1.0,1.0,1.0,0.0,0.0,0.0,5,0,0
2314,58,26,32,30,4,8,16,14,3,0,11,0,0,0,0,0,0,0,0,1,1,0,1,0.96875,1.0,1.0,0.05357142857142857,0.05357142857142857,0.0,5,3,1
2315,57,26,31,29,4,8,16,14,3,0,11,0,0,0,0,0,0,0,0,0,1,0,1,0.9705882352941176,1.0,1.0,0.0,0.0,0.0,5,0,1
2316,57,26,31,29,4,8,16,14,3,0,11,0,0,0,0,0,0,0,0,0,0,0,0,1.0,1.0,1.0,0.0,0.0,0.0,5,0,0
2317,55,25,30,28,4,7,16,14,3,0,11,0,0,0,0,0,0,0,0,0,1,0,1,0.9696969696969697,1.0,1.0,0.0,0.0,0.0,5,0,2
2318,55,25,30,28,4,7,16,14,3,0,11,0,0,0,0,0,0,0,0,0,0,0,0,1.0,1.0,1.0,0.0,0.0,0.0,5,0,0
2319,55,25,30,28,4,7,16,14,3,0,11,0,0,0,0,0,0,0,0,0,0,0,0,1.0,1.0,1.0,0.0,0.0,0.0,5,0,0
2320,54,24,30,28,4,6,16,14,3,0,11,0,0,0,0,0,0,0,0,0,0,0,0,1.0,1.0,1.0,0.0,0.0,0.0,5,0,1
2321,54,24,30,28,4,6,16,14,3,0,11,0,0,0,0,0,0,0,0,0,0,0,0,1.0,1.0,1.0,0.0,0.0,0.0,5,0,0
2322,54,24,30,28,4,6,16,14,3,0,11,0,0,0,0,0,0,0,0,0,0,0,0,1.0,1.0,1.0,0.0,0.0,0.0,5,0,0
2323,53,23,30,27,4,6,16,14,3,0,11,0,0,0,0,0,0,0,0,0,1,0,1,0.96875,1.0,1.0,0.0,0.0,0.0,5,0,1
2324,52,22,30,26,4,6,16,14,3,0,11,0,0,0,0,0,0,0,0,0,1,0,1,0.967741935483871,1.0,1.0,0.0,0.0,0.0,5,0,1
2325,52,22,30,26,4,6,16,14,3,0,11,0,0,0,0,0,0,0,0,0,0,0,0,1.0,1.0,1.0,0.0,0.0,0.0,5,0,0
2326,58,27,31,32,4,6,16,14,1,0,13,0,0,0,0,0,0,0,0,2,0,0,0,1.0,1.0,1.0,0.11538461538461539,0.11538461538461539,0.0,5,6,0
2327,56,26,30,30,4,6,16,14,1,0,13,0,0,0,0,0,0,0,0,0,2,0,2,0.9444444444444444,1.0,1.0,0.0,0.0,0.0,5,0,2
2328,55,26,29,29,4,6,16,14,1,0,13,0,0,0,0,0,0,0,0,0,1,0,1,0.9705882352941176,1.0,1.0,0.0,0.0,0.0,5,0,1
2329,55,26,29,27,6,6,16,14,1,0,13,0,0,0,0,0,0,0,0,0,0,0,0,1.0,1.0,1.0,0.0,0.0,0.0,5,0,0
2330,55,26,29,27,6,6,16,14,1,0,12,0,0,0,0,0,0,0,0,0,0,0,0,1.0,1.0,1.0,0.0,0.0,0.0,5,0,0
2331,54,25,29,26,6,6,16,14,2,0,11,0,0,0,0,0,5,1,0,0,1,0,1,0.9696969696969697,1.0,1.0,0.0,0.0,0.2,5,0,1
2332,54,25,29,22,10,6,16,14,2,0,11,0,0,0,0,0,2,0,0,0,0,0,0,1.0,1.0,1.0,0.0,0.0,0.0,5,0,0
2333,54,25,29,22,10,6,16,14,2,0,11,0,0,0,0,0,2,0,0,0,0,0,0,1.0,1.0,1.0,0.0,0.0,0.0,5,0,0
2334,54,25,29,22,10,6,16,14,3,0,9,0,0,0,0,0,2,1,0,0,0,0,0,1.0,1.0,1.0,0.0,0.0,0.5,5,0,0
2335,54,25,29,21,11,6,16,14,3,0,9,0,0,0,0,0,3,0,0,0,0,1,0,1.0,1.0,1.0,0.0,0.0,0.0,5,0,0
2336,52,24,28,19,11,6,16,14,4,0,9,0,0,0,0,0,8,1,0,0,2,1,2,0.9375,1.0,1.0,0.0,0.0,0.125,5,0,2
2337,49,22,27,18,9,6,16,14,5,0,9,0,0,0,0,0,8,1,0,0,2,0,2,0.9,1.0,1.0,0.0,0.0,0.125,5,0,3
2338,47,22,25,16,9,6,16,14,5,0,9,0,0,0,0,0,0,0,0,0,2,0,2,0.9259259259259259,1.0,1.0,0.0,0.0,0.0,5,0,2
2339,46,21,25,15,9,6,16,14,5,0,9,0,0,0,0,0,0,0,0,0,1,1,1,0.96,1.0,1.0,0.0,0.0,0.0,5,0,1
2340,46,21,25,15,8,7,16,14,5,0,9,0,0,0,0,0,0,0,0,0,0,0,0,1.0,1.0,1.0,0.0,0.0,0.0,5,0,0
2341,46,21,25,13,10,7,16,14,5,0,9,0,0,0,0,0,0,0,0,0,0,0,0,1.0,1.0,1.0,0.0,0.0,0.0,5,0,0
2342,46,21,25,12,11,7,16,14,5,0,9,0,0,0,0,0,0,0,0,0,0,0,0,1.0,1.0,1.0,0.0,0.0,0.0,5,0,0
2343,46,21,25,12,10,8,16,14,5,0,8,0,0,0,0,0,0,0,0,0,0,0,0,1.0,1.0,1.0,0.0,0.0,0.0,5,0,0
2344,45,20,25,11,10,8,16,14,6,0,7,0,0,0,0,0,4,1,0,0,1,0,1,0.9545454545454546,1.0,1.0,0.0,0.0,0.25,5,0,1
2345,45,20,25,9,12,8,16,14,7,0,7,0,0,0,0,0,7,1,0,0,0,0,0,1.0,1.0,1.0,0.0,0.0,0.14285714285714285,5,0,0
2346,45,20,25,9,12,8,16,14,7,0,7,0,0,0,0,0,0,0,0,0,0,0,0,1.0,1.0,1.0,0.0,0.0,0.0,5,0,0
2347,45,20,25,9,12,8,16,14,7,0,4,0,0,0,0,0,0,0,0,0,0,0,0,1.0,1.0,1.0,0.0,0.0,0.0,5,0,0
2348,45,20,25,9,12,8,16,14,7,0,4,0,0,0,0,0,2,0,0,0,0,0,0,1.0,1.0,1.0,0.0,0.0,0.0,5,0,0
2349,45,20,25,9,12,8,16,14,7,0,4,0,0,0,0,0,4,0,0,0,0,0,0,1.0,1.0,1.0,0.0,0.0,0.0,5,0,0
2350,45,20,25,9,12,8,16,14,8,0,4,0,0,0,0,0,7,1,0,0,0,0,0,1.0,1.0,1.0,0.0,0.0,0.14285714285714285,5,0,0
2351,44,20,24,9,12,7,16,14,9,0,4,0,0,0,0,0,3,1,0,0,0,0,0,1.0,1.0,1.0,0.0,0.0,0.3333333333333333,5,0,1
2352,43,19,24,9,11,6,17,14,9,1,4,0,0,0,0,0,2,0,1,0,1,0,1,0.9523809523809523,1.0,1.0,0.0,0.0,0.0,5,0,1
2353,43,19,24,9,11,6,17,14,9,1,4,0,0,0,0,0,0,0,0,0,0,0,0,1.0,1.0,1.0,0.0,0.0,0.0,5,0,0
2354,43,19,24,7,13,6,17,14,9,1,4,0,0,0,0,0,0,0,0,0,0,0,0,1.0,1.0,1.0,0.0,0.0,0.0,5,0,0
2355,43,19,24,7,13,6,17,14,9,1,4,0,0,0,0,0,0,0,0,0,0,1,0,1.0,1.0,1.0,0.0,0.0,0.0,5,0,0
2356,43,19,24,7,13,6,17,14,9,1,3,0,0,0,0,0,0,0,0,0,0,0,0,1.0,1.0,1.0,0.0,0.0,0.0,5,0,0
2357,43,19,24,6,14,6,17,14,10,1,3,0,0,0,0,0,5,1,0,0,0,0,0,1.0,1.0,1.0,0.0,0.0,0.2,5,0,0
2358,43,19,24,6,14,6,17,14,10,1,3,0,0,0,0,0,0,0,0,0,0,0,0,1.0,1.0,1.0,0.0,0.0,0.0,5,0,0
2359,43,19,24,6,13,7,17,14,10,1,2,0,0,0,0,0,0,0,0,0,0,0,0,1.0,1.0,1.0,0.0,0.0,0.0,5,0,0
2360,43,19,24,6,13,7,17,14,11,1,2,0,0,0,0,0,7,1,0,0,0,0,0,1.0,1.0,1.0,0.0,0.0,0.14285714285714285,5,0,0
2361,43,19,24,6,13,7,17,14,11,1,2,0,0,0,0,0,0,0,0,0,0,0,0,1.0,1.0,1.0,0.0,0.0,0.0,5,0,0
2362,43,19,24,6,13,7,17,14,11,1,2,0,0,0,0,0,0,0,0,0,0,0,0,1.0,1.0,1.0,0.0,0.0,0.0,5,0,0
2363,43,19,24,6,13,7,17,14,11,1,2,0,0,0,0,0,0,0,0,0,0,0,0,1.0,1.0,1.0,0.0,0.0,0.0,5,0,0
2364,43,19,24,6,13,7,17,14,11,1,2,0,0,0,0,0,0,0,0,0,0,0,0,1.0,1.0,1.0,0.0,0.0,0.0,5,0,0
2365,43,19,24,6,13,7,17,14,11,1,2,0,0,0,0,0,0,0,0,0,0,0,0,1.0,1.0,1.0,0.0,0.0,0.0,5,0,0
2366,43,19,24,6,13,7,17,14,11,1,2,0,0,0,0,0,0,0,0,0,0,0,0,1.0,1.0,1.0,0.0,0.0,0.0,5,0,0
2367,43,19,24,6,13,7,17,14,11,1,2,0,0,0,0,0,0,0,0,0,0,0,0,1.0,1.0,1.0,0.0,0.0,0.0,5,0,0
2368,43,19,24,6,13,6,18,15,11,1,2,0,0,0,0,0,0,0,0,0,0,0,0,1.0,1.0,1.0,0.0,0.0,0.0,5,0,0
2369,43,19,24,0,19,6,18,15,11,1,2,0,0,0,0,0,0,0,0,0,0,0,0,1.0,1.0,1.0,0.0,0.0,0.0,5,0,0
2370,43,19,24,0,19,6,18,15,11,1,2,0,0,0,0,0,0,0,0,0,0,0,0,1.0,1.0,1.0,0.0,0.0,0.0,5,0,0
2371,47,21,26,4,19,6,18,15,10,1,1,0,0,0,0,0,0,0,0,1,0,0,0,1.0,1.0,1.0,0.09302325581395349,0.09302325581395349,0.0,5,4,0
2372,47,21,26,4,19,6,18,15,10,2,1,0,0,0,0,0,6,0,1,0,0,0,0,1.0,1.0,1.0,0.0,0.0,0.0,5,0,0
2373,47,21,26,4,19,6,18,15,11,2,1,0,0,0,0,0,5,1,0,0,0,0,0,1.0,1.0,1.0,0.0,0.0,0.2,5,0,0
2374,47,21,26,4,19,6,18,15,11,2,1,0,0,0,0,0,0,0,0,0,0,0,0,1.0,1.0,1.0,0.0,0.0,0.0,5,0,0
2375,46,20,26,4,18,6,18,15,11,2,1,0,0,0,0,0,0,0,0,0,1,0,1,0.9565217391304348,1.0,1.0,0.0,0.0,0.0,5,0,1
2376,46,20,26,4,18,6,18,15,11,2,1,0,0,0,0,0,1,0,0,0,0,0,0,1.0,1.0,1.0,0.0,0.0,0.0,5,0,0
2377,46,20,26,4,18,5,19,16,11,3,1,0,0,0,0,0,3,0,1,0,0,0,0,1.0,1.0,1.0,0.0,0.0,0.0,5,0,0
2378,45,19,26,4,17,4,20,17,11,3,1,0,0,0,0,0,3,0,0,0,1,0,1,0.9545454545454546,1.0,1.0,0.0,0.0,0.0,5,0,1
2379,45,19,26,4,17,4,20,17,11,5,1,0,0,0,0,0,6,0,2,0,0,0,0,1.0,1.0,1.0,0.0,0.0,0.0,5,0,0
2380,45,19,26,4,17,4,20,17,11,5,1,0,0,0,0,0,0,0,0,0,0,0,0,1.0,1.0,1.0,0.0,0.0,0.0,5,0,0
2381,45,19,26,4,17,4,20,17,11,5,1,0,0,0,0,0,0,0,0,0,0,0,0,1.0,1.0,1.0,0.0,0.0,0.0,5,0,0
2382,44,18,26,4,16,4,20,17,11,5,1,0,0,0,0,0,0,0,0,0,1,0,1,0.9523809523809523,1.0,1.0,0.0,0.0,0.0,5,0,1
2383,43,18,25,4,15,4,20,17,11,5,1,0,0,0,0,0,0,0,0,0,1,0,1,0.95,1.0,1.0,0.0,0.0,0.0,5,0,1
2384,43,18,25,4,15,4,20,17,11,5,1,0,0,0,0,0,0,0,0,0,0,0,0,1.0,1.0,1.0,0.0,0.0,0.0,5,0,0
2385,43,18,25,4,15,4,20,17,11,5,1,0,0,0,0,0,0,0,0,0,0,0,0,1.0,1.0,1.0,0.0,0.0,0.0,5,0,0
2386,43,18,25,4,15,4,20,17,11,5,1,0,0,0,0,0,0,0,0,0,0,0,0,1.0,1.0,1.0,0.0,0.0,0.0,5,0,0
2387,43,18,25,4,15,4,20,17,11,5,1,0,0,0,0,0,0,0,0,0,0,0,0,1.0,1.0,1.0,0.0,0.0,0.0,5,0,0
2388,42,17,25,4,14,4,20,17,11,5,1,0,0,0,0,0,0,0,0,0,1,0,1,0.9473684210526316,1.0,1.0,0.0,0.0,0.0,5,0,1
2389,42,17,25,4,14,3,21,17,11,5,1,0,0,0,0,0,0,0,0,0,0,0,0,1.0,1.0,1.0,0.0,0.0,0.0,5,0,0
2390,42,17,25,4,14,3,21,17,11,5,1,0,0,0,0,0,0,0,0,0,0,0,0,1.0,1.0,1.0,0.0,0.0,0.0,5,0,0
2391,42,17,25,4,14,3,21,17,11,5,1,0,0,0,0,0,0,0,0,0,0,0,0,1.0,1.0,1.0,0.0,0.0,0.0,5,0,0
2392,42,17,25,4,14,3,21,17,11,5,1,0,0,0,0,0,0,0,0,0,0,0,0,1.0,1.0,1.0,0.0,0.0,0.0,5,0,0
2393,42,17,25,4,14,3,21,17,11,5,1,0,0,0,0,0,0,0,0,0,0,0,0,1.0,1.0,1.0,0.0,0.0,0.0,5,0,0
2394,42,17,25,4,14,3,21,17,11,5,1,0,0,0,0,0,0,0,0,0,0,0,0,1.0,1.0,1.0,0.0,0.0,0.0,5,0,0
2395,42,17,25,4,14,3,21,17,11,5,1,0,0,0,0,0,0,0,0,0,0,0,0,1.0,1.0,1.0,0.0,0.0,0.0,5,0,0
2396,45,18,27,8,13,3,21,17,10,5,2,0,0,0,0,0,0,0,0,1,1,0,1,0.9444444444444444,1.0,1.0,0.09523809523809523,0.09523809523809523,0.0,5,4,1
2397,45,18,27,8,13,3,21,17,10,4,2,0,0,0,0,0,0,0,0,0,0,0,0,1.0,1.0,1.0,0.0,0.0,0.0,5,0,0
2398,45,18,27,8,13,3,21,17,11,4,2,0,0,0,0,0,3,1,0,0,0,0,0,1.0,1.0,1.0,0.0,0.0,0.3333333333333333,5,0,0
2399,49,21,28,12,13,3,21,17,10,4,3,0,0,0,0,0,0,0,0,1,0,0,0,1.0,1.0,1.0,0.08888888888888889,0.08888888888888889,0.0,5,4,0
2400,49,21,28,12,13,3,21,17,10,4,3,0,0,0,0,0,0,0,0,0,0,0,0,1.0,1.0,1.0,0.0,0.0,0.0,5,0,0
2401,53,24,29,16,13,3,21,17,9,4,4,0,0,0,0,0,0,0,0,1,0,0,0,1.0,1.0,1.0,0.08163265306122448,0.08163265306122448,0.0,5,4,0
2402,56,24,32,20,12,3,21,17,8,4,5,0,0,0,0,0,0,0,0,1,1,0,1,0.9655172413793104,1.0,1.0,0.07547169811320754,0.07547169811320754,0.0,5,4,1
2403,56,24,32,20,12,3,21,17,8,4,5,0,0,0,0,0,0,0,0,0,0,0,0,1.0,1.0,1.0,0.0,0.0,0.0,5,0,0
2404,56,24,32,20,12,3,21,17,8,4,5,0,0,0,0,0,0,0,0,0,0,0,0,1.0,1.0,1.0,0.0,0.0,0.0,5,0,0
2405,55,23,32,19,12,3,21,17,8,4,5,0,0,0,0,0,0,0,0,0,1,0,1,0.96875,1.0,1.0,0.0,0.0,0.0,5,0,1
2406,55,23,32,19,12,3,21,17,8,4,5,0,0,0,0,0,0,0,0,0,0,0,0,1.0,1.0,1.0,0.0,0.0,0.0,5,0,0
2407,55,23,32,19,12,3,21,17,8,4,5,0,0,0,0,0,0,0,0,0,0,0,0,1.0,1.0,1.0,0.0,0.0,0.0,5,0,0
2408,54,23,31,18,12,3,21,17,8,4,5,0,0,0,0,0,0,0,0,0,1,0,1,0.967741935483871,1.0,1.0,0.0,0.0,0.0,5,0,1
2409,58,25,33,22,12,3,21,17,7,4,6,0,0,0,0,0,0,0,0,1,0,0,0,1.0,1.0,1.0,0.07407407407407407,0.07407407407407407,0.0,5,4,0
2410,62,27,35,26,12,3,21,17,6,4,7,0,0,0,0,0,0,0,0,1,0,0,0,1.0,1.0,1.0,0.06896551724137931,0.06896551724137931,0.0,5,4,0
2411,62,27,35,26,12,3,21,17,6,4,7,0,0,0,0,0,0,0,0,0,0,0,0,1.0,1.0,1.0,0.0,0.0,0.0,5,0,0
2412,61,27,34,26,12,3,20,16,6,3,7,0,0,0,0,0,0,0,0,0,0,0,0,1.0,1.0,0.9411764705882353,0.0,0.0,0.0,5,0,1
2413,61,27,34,26,12,3,20,16,6,3,7,0,0,0,0,0,0,0,0,0,0,0,0,1.0,1.0,1.0,0.0,0.0,0.0,5,0,0
2414,60,26,34,21,16,3,20,16,6,3,7,0,0,0,0,0,0,0,0,0,1,0,1,0.9736842105263158,1.0,1.0,0.0,0.0,0.0,5,0,1
2415,64,29,35,25,16,3,20,16,5,3,8,0,0,0,0,0,0,0,0,1,0,0,0,1.0,1.0,1.0,0.06666666666666667,0.06666666666666667,0.0,5,4,0
2416,67,31,36,29,15,3,20,16,4,3,8,0,0,0,0,0,0,0,0,1,1,0,1,0.975609756097561,1.0,1.0,0.0625,0.0625,0.0,5,4,1
2417,64,28,36,26,15,3,20,16,4,3,8,0,0,0,0,0,2,0,1,0,3,0,3,0.9318181818181819,1.0,1.0,0.0,0.0,0.0,5,0,3
2418,62,27,35,26,14,3,19,15,4,3,8,0,0,0,0,0,7,1,0,0,1,0,1,0.975609756097561,1.0,0.9375,0.0,0.0,0.14285714285714285,5,0,2
2419,62,27,35,26,14,3,19,15,4,3,8,0,0,0,0,0,0,0,0,0,0,0,0,1.0,1.0,1.0,0.0,0.0,0.0,5,0,0
2420,61,26,35,26,13,3,19,15,4,3,8,0,0,0,0,0,0,0,0,0,1,0,1,0.975,1.0,1.0,0.0,0.0,0.0,5,0,1
2421,61,26,35,26,13,3,19,15,4,3,8,0,0,0,0,0,0,0,0,0,0,0,0,1.0,1.0,1.0,0.0,0.0,0.0,5,0,0
2422,64,27,37,30,12,3,19,15,3,3,9,0,0,0,0,0,0,0,0,1,1,0,1,0.9743589743589743,1.0,1.0,0.06557377049180328,0.06557377049180328,0.0,5,4,1
2423,64,27,37,30,12,3,19,15,3,3,9,0,0,0,0,0,0,0,0,0,0,0,0,1.0,1.0,1.0,0.0,0.0,0.0,5,0,0
2424,60,24,36,27,12,3,18,15,3,1,9,0,0,0,0,0,0,0,0,0,3,0,3,0.9285714285714286,0.75,1.0,0.0,0.0,0.0,5,0,4
2425,63,25,38,31,11,3,18,15,2,1,10,0,0,0,0,0,2,0,0,1,1,0,1,0.9743589743589743,1.0,1.0,0.06666666666666667,0.06666666666666667,0.0,5,4,1
2426,61,23,38,29,11,3,18,15,4,1,10,0,0,0,0,0,10,2,0,0,2,0,2,0.9523809523809523,1.0,1.0,0.0,0.0,0.2,5,0,2
2427,60,22,38,29,10,3,18,15,4,1,10,0,0,0,0,0,0,0,0,0,1,0,1,0.975,1.0,1.0,0.0,0.0,0.0,5,0,1
2428,60,22,38,29,10,3,18,15,4,1,10,0,0,0,0,0,0,0,0,0,0,0,0,1.0,1.0,1.0,0.0,0.0,0.0,5,0,0
2429,59,21,38,29,9,3,18,15,4,1,10,0,0,0,0,0,0,0,0,0,1,0,1,0.9743589743589743,1.0,1.0,0.0,0.0,0.0,5,0,1
2430,58,21,37,28,9,3,18,15,4,1,10,0,0,0,0,0,0,0,0,0,1,0,1,0.9736842105263158,1.0,1.0,0.0,0.0,0.0,5,0,1
2431,58,21,37,28,9,3,18,15,4,1,10,0,0,0,0,0,0,0,0,0,0,0,0,1.0,1.0,1.0,0.0,0.0,0.0,5,0,0
2432,58,21,37,28,9,3,18,15,4,1,10,0,0,0,0,0,0,0,0,0,0,0,0,1.0,1.0,1.0,0.0,0.0,0.0,5,0,0
2433,57,20,37,27,9,3,18,15,4,1,10,0,0,0,0,0,0,0,0,0,1,0,1,0.972972972972973,1.0,1.0,0.0,0.0,0.0,5,0,1
2434,54,20,34,24,9,3,18,15,4,1,10,0,0,0,0,0,0,0,0,0,3,0,3,0.9166666666666666,1.0,1.0,0.0,0.0,0.0,5,0,3
2435,54,20,34,24,9,3,18,15,4,1,10,0,0,0,0,0,0,0,0,0,0,0,0,1.0,1.0,1.0,0.0,0.0,0.0,5,0,0
2436,54,20,34,24,9,3,18,15,4,1,10,0,0,0,0,0,0,0,0,0,0,0,0,1.0,1.0,1.0,0.0,0.0,0.0,5,0,0
2437,53,20,33,23,9,3,18,15,4,1,10,0,0,0,0,0,0,0,0,0,1,0,1,0.9696969696969697,1.0,1.0,0.0,0.0,0.0,5,0,1
2438,53,20,33,23,9,3,18,15,4,1,10,0,0,0,0,0,0,0,0,0,0,0,0,1.0,1.0,1.0,0.0,0.0,0.0,5,0,0
2439,53,20,33,23,9,3,18,15,4,1,10,0,0,0,0,0,0,0,0,0,0,0,0,1.0,1.0,1.0,0.0,0.0,0.0,5,0,0
2440,52,19,33,23,9,3,17,15,4,1,10,0,0,0,0,0,0,0,0,0,0,0,0,1.0,0.6666666666666667,1.0,0.0,0.0,0.0,5,0,1
2441,52,19,33,23,9,3,17,15,4,1,9,0,0,0,0,0,0,0,0,0,0,0,0,1.0,1.0,1.0,0.0,0.0,0.0,5,0,0
2442,52,19,33,20,12,3,17,15,5,1,9,0,0,0,0,0,2,1,0,0,0,0,0,1.0,1.0,1.0,0.0,0.0,0.5,5,0,0
2443,51,19,32,19,12,3,17,15,5,1,9,0,0,0,0,0,0,0,0,0,1,0,1,0.96875,1.0,1.0,0.0,0.0,0.0,5,0,1
2444,51,19,32,18,13,3,17,15,5,1,8,0,0,0,0,0,0,0,0,0,0,0,0,1.0,1.0,1.0,0.0,0.0,0.0,5,0,0
2445,51,19,32,17,14,3,17,15,6,1,8,0,0,0,0,0,7,1,0,0,0,0,0,1.0,1.0,1.0,0.0,0.0,0.14285714285714285,5,0,0
2446,51,19,32,17,14,3,17,15,6,1,7,0,0,0,0,0,0,0,0,0,0,0,0,1.0,1.0,1.0,0.0,0.0,0.0,5,0,0
2447,51,19,32,17,14,3,17,15,6,1,6,0,0,0,0,0,1,0,0,0,0,0,0,1.0,1.0,1.0,0.0,0.0,0.0,5,0,0
2448,51,19,32,17,14,3,17,15,7,1,6,0,0,0,0,0,2,1,0,0,0,0,0,1.0,1.0,1.0,0.0,0.0,0.5,5,0,0
2449,51,19,32,17,14,3,17,15,7,1,6,0,0,0,0,0,5,0,0,0,0,0,0,1.0,1.0,1.0,0.0,0.0,0.0,5,0,0
2450,51,19,32,17,14,3,17,15,8,1,6,0,0,0,0,0,2,1,0,0,0,0,0,1.0,1.0,1.0,0.0,0.0,0.5,5,0,0
2451,50,18,32,17,13,3,17,15,8,1,6,0,0,0,0,0,0,0,0,0,1,0,1,0.967741935483871,1.0,1.0,0.0,0.0,0.0,5,0,1
2452,50,18,32,15,15,3,17,15,8,1,6,0,0,0,0,0,0,0,0,0,0,0,0,1.0,1.0,1.0,0.0,0.0,0.0,5,0,0
2453,50,18,32,13,17,3,17,15,8,1,6,0,0,0,0,0,0,0,0,0,0,0,0,1.0,1.0,1.0,0.0,0.0,0.0,5,0,0
2454,50,18,32,13,17,3,17,15,8,1,5,0,0,0,0,0,0,0,0,0,0,0,0,1.0,1.0,1.0,0.0,0.0,0.0,5,0,0
2455,50,18,32,13,17,3,17,15,8,1,4,0,0,0,0,0,2,0,0,0,0,0,0,1.0,1.0,1.0,0.0,0.0,0.0,5,0,0
2456,49,17,32,12,17,3,17,15,8,1,4,0,0,0,0,0,10,0,0,0,1,0,1,0.9666666666666667,1.0,1.0,0.0,0.0,0.0,5,0,1
2457,48,16,32,11,17,3,17,15,9,1,4,0,0,0,0,0,10,1,0,0,1,0,1,0.9655172413793104,1.0,1.0,0.0,0.0,0.1,5,0,1
2458,48,16,32,10,18,3,17,15,10,1,4,0,0,0,0,0,8,1,0,0,0,0,0,1.0,1.0,1.0,0.0,0.0,0.125,5,0,0
2459,48,16,32,7,21,3,17,15,10,1,4,0,0,0,0,0,0,0,0,0,0,0,0,1.0,1.0,1.0,0.0,0.0,0.0,5,0,0
2460,48,16,32,7,21,3,17,15,10,1,3,0,0,0,0,0,0,0,0,0,0,0,0,1.0,1.0,1.0,0.0,0.0,0.0,5,0,0
2461,48,16,32,7,21,3,17,15,10,1,2,0,0,0,0,0,6,0,0,0,0,0,0,1.0,1.0,1.0,0.0,0.0,0.0,5,0,0
2462,48,16,32,7,21,3,17,15,10,1,2,0,0,0,0,0,3,0,1,0,0,0,0,1.0,1.0,1.0,0.0,0.0,0.0,5,0,0
2463,51,20,31,11,20,3,17,15,11,1,3,0,0,0,0,0,10,2,0,1,1,0,1,0.9642857142857143,1.0,1.0,0.08333333333333333,0.08333333333333333,0.2,5,4,1
2464,51,20,31,11,20,3,17,15,11,1,3,0,0,0,0,0,0,0,0,0,0,0,0,1.0,1.0,1.0,0.0,0.0,0.0,5,0,0
2465,51,20,31,8,23,3,17,15,11,1,3,0,0,0,0,0,0,0,0,0,0,0,0,1.0,1.0,1.0,0.0,0.0,0.0,5,0,0
2466,51,20,31,8,23,3,17,15,11,1,3,0,0,0,0,0,0,0,0,0,0,1,0,1.0,1.0,1.0,0.0,0.0,0.0,5,0,0
2467,51,20,31,8,23,3,17,15,11,1,2,0,0,0,0,0,0,0,0,0,0,0,0,1.0,1.0,1.0,0.0,0.0,0.0,5,0,0
2468,51,20,31,4,27,3,17,15,12,1,2,0,0,0,0,0,6,1,0,0,0,0,0,1.0,1.0,1.0,0.0,0.0,0.16666666666666666,5,0,0
2469,51,20,31,4,27,3,17,15,12,1,2,0,0,0,0,0,0,0,0,0,0,0,0,1.0,1.0,1.0,0.0,0.0,0.0,5,0,0
2470,50,20,30,4,25,4,17,15,12,1,1,0,0,0,0,0,0,0,0,0,1,0,1,0.9666666666666667,1.0,1.0,0.0,0.0,0.0,5,0,1
2471,50,20,30,4,25,4,17,15,13,1,1,0,0,0,0,0,7,1,0,0,0,0,0,1.0,1.0,1.0,0.0,0.0,0.14285714285714285,5,0,0
2472,50,20,30,4,25,4,17,15,13,1,1,0,0,0,0,0,0,0,0,0,0,0,0,1.0,1.0,1.0,0.0,0.0,0.0,5,0,0
2473,49,19,30,3,25,4,17,15,13,1,1,0,0,0,0,0,0,0,0,0,1,0,1,0.9655172413793104,1.0,1.0,0.0,0.0,0.0,5,0,1
2474,49,19,30,3,25,4,17,15,13,1,1,0,0,0,0,0,0,0,0,0,0,0,0,1.0,1.0,1.0,0.0,0.0,0.0,5,0,0
2475,48,19,29,3,24,3,18,15,13,1,1,0,0,0,0,0,0,0,0,0,1,0,1,0.9642857142857143,1.0,1.0,0.0,0.0,0.0,5,0,1
2476,48,19,29,3,24,3,18,15,13,1,1,0,0,0,0,0,0,0,0,0,0,0,0,1.0,1.0,1.0,0.0,0.0,0.0,5,0,0
2477,48,19,29,3,24,3,18,15,13,1,1,0,0,0,0,0,0,0,0,0,0,0,0,1.0,1.0,1.0,0.0,0.0,0.0,5,0,0
2478,48,19,29,3,24,3,18,15,13,1,1,0,0,0,0,0,0,0,0,0,0,2,0,1.0,1.0,1.0,0.0,0.0,0.0,5,0,0
2479,48,19,29,3,24,3,18,15,13,1,1,0,0,0,0,0,0,0,0,0,0,0,0,1.0,1.0,1.0,0.0,0.0,0.0,5,0,0
2480,48,19,29,3,24,3,18,15,13,1,1,0,0,0,0,0,0,0,0,0,0,0,0,1.0,1.0,1.0,0.0,0.0,0.0,5,0,0
2481,48,19,29,3,24,3,18,15,13,1,1,0,0,0,0,0,0,0,0,0,0,0,0,1.0,1.0,1.0,0.0,0.0,0.0,5,0,0
2482,48,19,29,3,22,5,18,15,13,1,1,0,0,0,0,0,0,0,0,0,0,1,0,1.0,1.0,1.0,0.0,0.0,0.0,5,0,0
2483,51,19,32,6,22,5,18,15,12,1,2,0,0,0,0,0,0,0,0,1,0,0,0,1.0,1.0,1.0,0.0625,0.0625,0.0,5,3,0
2484,51,19,32,6,22,5,18,15,12,1,2,0,0,0,0,0,0,0,0,0,0,0,0,1.0,1.0,1.0,0.0,0.0,0.0,5,0,0
2485,51,19,32,6,22,5,18,15,12,1,2,0,0,0,0,0,0,0,0,0,0,0,0,1.0,1.0,1.0,0.0,0.0,0.0,5,0,0
2486,51,19,32,6,21,6,18,15,12,1,2,0,0,0,0,0,0,0,0,0,0,0,0,1.0,1.0,1.0,0.0,0.0,0.0,5,0,0
2487,51,19,32,6,21,6,18,15,12,1,2,0,0,0,0,0,0,0,0,0,0,0,0,1.0,1.0,1.0,0.0,0.0,0.0,5,0,0
2488,51,19,32,6,21,6,18,15,12,1,2,0,0,0,0,0,0,0,0,0,0,0,0,1.0,1.0,1.0,0.0,0.0,0.0,5,0,0
2489,51,19,32,6,21,6,18,15,12,1,2,0,0,0,0,0,0,0,0,0,0,0,0,1.0,1.0,1.0,0.0,0.0,0.0,5,0,0
2490,51,19,32,6,21,6,18,15,12,1,2,0,0,0,0,0,0,0,0,0,0,0,0,1.0,1.0,1.0,0.0,0.0,0.0,5,0,0
2491,58,23,35,13,21,6,18,15,10,1,4,0,0,0,0,0,0,0,0,2,0,0,0,1.0,1.0,1.0,0.13725490196078433,0.13725490196078433,0.0,5,7,0
2492,57,22,35,12,21,6,18,15,10,1,4,0,0,0,0,0,0,0,0,0,1,0,1,0.9705882352941176,1.0,1.0,0.0,0.0,0.0,5,0,1
2493,55,20,35,12,20,5,18,15,10,1,4,0,0,0,0,0,0,0,0,0,1,0,1,0.9696969696969697,1.0,1.0,0.0,0.0,0.0,5,0,2
2494,54,20,34,12,19,4,19,15,10,1,4,0,0,0,0,0,0,0,0,0,1,0,1,0.96875,1.0,1.0,0.0,0.0,0.0,5,0,1
2495,54,20,34,12,19,4,19,15,10,1,4,0,0,0,0,0,0,0,0,0,0,0,0,1.0,1.0,1.0,0.0,0.0,0.0,5,0,0
2496,54,20,34,12,19,4,19,15,10,1,4,0,0,0,0,0,0,0,0,0,0,0,0,1.0,1.0,1.0,0.0,0.0,0.0,5,0,0
2497,53,20,33,12,18,4,19,15,10,1,4,0,0,0,0,0,0,0,0,0,1,0,1,0.967741935483871,1.0,1.0,0.0,0.0,0.0,5,0,1
2498,53,20,33,12,18,4,19,15,10,1,4,0,0,0,0,0,0,0,0,0,0,0,0,1.0,1.0,1.0,0.0,0.0,0.0,5,0,0
2499,52,19,33,11,18,4,19,15,10,1,4,0,0,0,0,0,0,0,0,0,1,0,1,0.9666666666666667,1.0,1.0,0.0,0.0,0.0,5,0,1
2500,51,19,32,11,18,3,19,15,10,1,4,0,0,0,0,0,0,0,0,0,0,0,0,1.0,1.0,1.0,0.0,0.0,0.0,5,0,1
2501,51,19,32,11,18,3,19,15,10,1,4,0,0,0,0,0,0,0,0,0,0,0,0,1.0,1.0,1.0,0.0,0.0,0.0,5,0,0
2502,50,19,31,10,18,3,19,15,10,1,4,0,0,0,0,0,0,0,0,0,1,0,1,0.9655172413793104,1.0,1.0,0.0,0.0,0.0,5,0,1
2503,50,19,31,10,18,3,19,15,10,1,4,0,0,0,0,0,0,0,0,0,0,0,0,1.0,1.0,1.0,0.0,0.0,0.0,5,0,0
2504,49,18,31,10,18,3,18,15,10,1,4,0,0,0,0,0,0,0,0,0,0,0,0,1.0,0.75,1.0,0.0,0.0,0.0,5,0,1
2505,49,18,31,10,18,3,18,15,10,1,4,0,0,0,0,0,0,0,0,0,0,0,0,1.0,1.0,1.0,0.0,0.0,0.0,5,0,0
2506,49,18,31,8,20,3,18,15,10,1,4,0,0,0,0,0,0,0,0,0,0,1,0,1.0,1.0,1.0,0.0,0.0,0.0,5,0,0
2507,53,20,33,12,20,3,18,15,9,0,5,0,0,0,0,0,0,0,0,1,0,0,0,1.0,1.0,1.0,0.08163265306122448,0.08163265306122448,0.0,5,4,0
2508,51,20,31,11,19,3,18,15,9,0,4,0,0,0,0,0,0,0,0,0,2,0,2,0.9375,1.0,1.0,0.0,0.0,0.0,5,0,2
2509,51,20,31,11,19,3,18,15,9,0,4,0,0,0,0,0,0,0,0,0,0,0,0,1.0,1.0,1.0,0.0,0.0,0.0,5,0,0
2510,54,23,31,14,18,4,18,15,8,0,5,0,0,0,0,0,0,0,0,1,0,0,0,1.0,1.0,1.0,0.058823529411764705,0.058823529411764705,0.0,5,3,0
2511,53,22,31,13,18,4,18,15,8,0,5,0,0,0,0,0,0,0,0,0,1,0,1,0.96875,1.0,1.0,0.0,0.0,0.0,5,0,1
2512,52,22,30,12,18,4,18,15,8,0,5,0,0,0,0,0,0,0,0,0,1,0,1,0.967741935483871,1.0,1.0,0.0,0.0,0.0,5,0,1
2513,56,25,31,16,18,4,18,15,7,0,6,0,0,0,0,0,0,0,0,1,0,0,0,1.0,1.0,1.0,0.07692307692307693,0.07692307692307693,0.0,5,4,0
2514,56,25,31,16,18,4,18,15,7,0,6,0,0,0,0,0,0,0,0,0,0,0,0,1.0,1.0,1.0,0.0,0.0,0.0,5,0,0
2515,60,26,34,20,18,4,18,15,6,0,7,0,0,0,0,0,0,0,0,1,0,0,0,1.0,1.0,1.0,0.07142857142857142,0.07142857142857142,0.0,5,4,0
2516,59,25,34,20,17,4,18,15,6,0,7,0,0,0,0,0,0,0,0,0,1,0,1,0.9736842105263158,1.0,1.0,0.0,0.0,0.0,5,0,1
2517,58,25,33,19,17,4,18,15,6,0,7,0,0,0,0,0,0,0,0,0,1,0,1,0.972972972972973,1.0,1.0,0.0,0.0,0.0,5,0,1
2518,58,25,33,19,17,4,18,15,6,0,7,0,0,0,0,0,0,0,0,0,0,0,0,1.0,1.0,1.0,0.0,0.0,0.0,5,0,0
2519,58,25,33,19,17,4,18,15,6,0,7,0,0,0,0,0,0,0,0,0,0,0,0,1.0,1.0,1.0,0.0,0.0,0.0,5,0,0
2520,58,25,33,19,17,4,18,15,6,0,7,0,0,0,0,0,0,0,0,0,0,0,0,1.0,1.0,1.0,0.0,0.0,0.0,5,0,0
2521,56,24,32,18,16,4,18,15,6,0,7,0,0,0,0,0,0,0,0,0,2,0,2,0.9444444444444444,1.0,1.0,0.0,0.0,0.0,5,0,2
2522,59,27,32,21,16,4,18,15,5,0,8,0,0,0,0,0,0,0,0,1,1,0,1,0.9705882352941176,1.0,1.0,0.07142857142857142,0.07142857142857142,0.0,5,4,1
2523,62,28,34,24,16,4,18,15,4,0,9,0,0,0,0,0,0,0,0,1,0,0,0,1.0,1.0,1.0,0.05084745762711865,0.05084745762711865,0.0,5,3,0
2524,60,26,34,23,15,4,18,15,4,0,9,0,0,0,0,0,0,0,0,0,2,0,2,0.95,1.0,1.0,0.0,0.0,0.0,5,0,2
2525,59,25,34,23,14,4,18,15,4,0,9,0,0,0,0,0,0,0,0,0,1,0,1,0.9736842105263158,1.0,1.0,0.0,0.0,0.0,5,0,1
2526,59,25,34,21,16,4,18,15,4,0,9,0,0,0,0,0,0,0,0,0,0,0,0,1.0,1.0,1.0,0.0,0.0,0.0,5,0,0
2527,58,25,33,21,15,4,18,15,4,0,9,0,0,0,0,0,0,0,0,0,1,0,1,0.972972972972973,1.0,1.0,0.0,0.0,0.0,5,0,1
2528,65,27,38,29,14,4,18,15,2,0,10,0,0,0,0,0,0,0,0,2,1,0,1,0.9722222222222222,1.0,1.0,0.13793103448275862,0.13793103448275862,0.0,5,8,1
2529,62,26,36,26,14,4,18,15,2,0,10,0,0,0,0,0,0,0,0,0,3,0,3,0.9302325581395349,1.0,1.0,0.0,0.0,0.0,5,0,3
2530,59,24,35,24,13,4,18,15,2,0,10,0,0,0,0,0,0,0,0,0,3,0,3,0.925,1.0,1.0,0.0,0.0,0.0,5,0,3
2531,59,24,35,24,13,4,18,15,2,0,10,0,0,0,0,0,0,0,0,0,0,0,0,1.0,1.0,1.0,0.0,0.0,0.0,5,0,0
2532,57,23,34,22,13,4,18,15,2,0,10,0,0,0,0,0,0,0,0,0,2,0,2,0.9459459459459459,1.0,1.0,0.0,0.0,0.0,5,0,2
2533,58,24,34,24,12,4,18,15,1,0,11,0,0,0,0,0,0,0,0,1,2,0,2,0.9428571428571428,1.0,1.0,0.05263157894736842,0.05263157894736842,0.0,5,3,2
2534,58,24,34,20,16,4,18,15,1,0,11,0,0,0,0,0,0,0,0,0,0,0,0,1.0,1.0,1.0,0.0,0.0,0.0,5,0,0
2535,58,24,34,20,16,4,18,15,1,0,11,0,0,0,0,0,0,0,0,0,0,0,0,1.0,1.0,1.0,0.0,0.0,0.0,5,0,0
2536,59,22,37,23,14,4,18,15,0,0,10,0,0,0,0,0,0,0,0,1,2,0,2,0.9444444444444444,1.0,1.0,0.05172413793103448,0.05172413793103448,0.0,5,3,2
2537,58,21,37,22,14,4,18,15,0,0,10,0,0,0,0,0,0,0,0,0,1,0,1,0.972972972972973,1.0,1.0,0.0,0.0,0.0,5,0,1
2538,57,20,37,21,14,4,18,15,0,0,10,0,0,0,0,0,0,0,0,0,1,0,1,0.9722222222222222,1.0,1.0,0.0,0.0,0.0,5,0,1
2539,54,18,36,20,12,4,18,15,0,0,10,0,0,0,0,0,0,0,0,0,3,0,3,0.9142857142857143,1.0,1.0,0.0,0.0,0.0,5,0,3
2540,54,18,36,20,12,4,18,15,0,0,10,0,0,0,0,0,0,0,0,0,0,0,0,1.0,1.0,1.0,0.0,0.0,0.0,5,0,0
2541,54,18,36,20,12,4,18,15,0,0,10,0,0,0,0,0,0,0,0,0,0,0,0,1.0,1.0,1.0,0.0,0.0,0.0,5,0,0
2542,54,18,36,20,12,4,18,15,0,0,10,0,0,0,0,0,0,0,0,0,0,0,0,1.0,1.0,1.0,0.0,0.0,0.0,5,0,0
2543,54,18,36,20,12,4,18,15,0,0,10,0,0,0,0,0,0,0,0,0,0,0,0,1.0,1.0,1.0,0.0,0.0,0.0,5,0,0
2544,54,18,36,20,12,4,18,15,0,0,10,0,0,0,0,0,0,0,0,0,0,0,0,1.0,1.0,1.0,0.0,0.0,0.0,5,0,0
2545,54,18,36,20,12,4,18,15,0,0,10,0,0,0,0,0,0,0,0,0,0,0,0,1.0,1.0,1.0,0.0,0.0,0.0,5,0,0
2546,54,18,36,20,12,4,18,15,0,0,10,0,0,0,0,0,0,0,0,0,0,0,0,1.0,1.0,1.0,0.0,0.0,0.0,5,0,0
2547,54,18,36,20,12,4,18,15,0,0,10,0,0,0,0,0,0,0,0,0,0,0,0,1.0,1.0,1.0,0.0,0.0,0.0,5,0,0
2548,54,18,36,20,12,4,18,15,0,0,10,0,0,0,0,0,0,0,0,0,0,0,0,1.0,1.0,1.0,0.0,0.0,0.0,5,0,0
2549,54,18,36,20,12,4,18,15,0,0,10,0,0,0,0,0,0,0,0,0,0,0,0,1.0,1.0,1.0,0.0,0.0,0.0,5,0,0
2550,54,18,36,19,13,4,18,15,0,0,10,0,0,0,0,0,0,0,0,0,0,0,0,1.0,1.0,1.0,0.0,0.0,0.0,5,0,0
2551,54,18,36,19,13,4,18,15,0,0,10,0,0,0,0,0,0,0,0,0,0,0,0,1.0,1.0,1.0,0.0,0.0,0.0,5,0,0
2552,52,18,34,17,13,4,18,15,0,0,9,0,0,0,0,0,0,0,0,0,2,0,2,0.9375,1.0,1.0,0.0,0.0,0.0,5,0,2
2553,52,18,34,16,14,4,18,15,0,0,9,0,0,0,0,0,0,0,0,0,0,0,0,1.0,1.0,1.0,0.0,0.0,0.0,5,0,0
2554,51,18,33,15,14,4,18,15,0,0,9,0,0,0,0,0,0,0,0,0,1,0,1,0.9666666666666667,1.0,1.0,0.0,0.0,0.0,5,0,1
2555,51,18,33,15,14,4,18,15,0,0,8,0,0,0,0,0,0,0,0,0,0,0,0,1.0,1.0,1.0,0.0,0.0,0.0,5,0,0
2556,51,18,33,12,17,4,18,15,0,0,8,0,0,0,0,0,0,0,0,0,0,0,0,1.0,1.0,1.0,0.0,0.0,0.0,5,0,0
2557,51,18,33,12,17,4,18,15,0,0,8,0,0,0,0,0,0,0,0,0,0,0,0,1.0,1.0,1.0,0.0,0.0,0.0,5,0,0
2558,51,18,33,12,17,4,18,15,0,0,7,0,0,0,0,0,0,0,0,0,0,0,0,1.0,1.0,1.0,0.0,0.0,0.0,5,0,0
2559,51,18,33,12,17,4,18,15,0,0,7,0,0,0,0,0,0,0,0,0,0,0,0,1.0,1.0,1.0,0.0,0.0,0.0,5,0,0
2560,51,18,33,12,17,4,18,15,0,0,6,0,0,0,0,0,0,0,0,0,0,0,0,1.0,1.0,1.0,0.0,0.0,0.0,5,0,0
2561,51,18,33,12,17,4,18,15,0,0,6,0,0,0,0,0,0,0,0,0,0,0,0,1.0,1.0,1.0,0.0,0.0,0.0,5,0,0
2562,51,18,33,12,17,4,18,15,0,0,6,0,0,0,0,0,0,0,0,0,0,0,0,1.0,1.0,1.0,0.0,0.0,0.0,5,0,0
2563,51,18,33,12,17,4,18,15,0,0,6,0,0,0,0,0,0,0,0,0,0,0,0,1.0,1.0,1.0,0.0,0.0,0.0,5,0,0
2564,50,18,32,12,16,4,18,15,0,0,6,0,0,0,0,0,0,0,0,0,1,0,1,0.9655172413793104,1.0,1.0,0.0,0.0,0.0,5,0,1
2565,50,18,32,11,17,4,18,15,0,0,6,0,0,0,0,0,0,0,0,0,0,0,0,1.0,1.0,1.0,0.0,0.0,0.0,5,0,0
2566,50,18,32,10,18,4,18,15,0,0,6,0,0,0,0,0,0,0,0,0,0,0,0,1.0,1.0,1.0,0.0,0.0,0.0,5,0,0
2567,50,18,32,10,18,4,18,15,0,0,5,0,0,0,0,0,0,0,0,0,0,0,0,1.0,1.0,1.0,0.0,0.0,0.0,5,0,0
2568,50,18,32,10,18,4,18,15,0,0,4,0,0,0,0,0,0,0,0,0,0,0,0,1.0,1.0,1.0,0.0,0.0,0.0,5,0,0
2569,50,18,32,10,18,4,18,15,0,0,4,0,0,0,0,0,0,0,0,0,0,0,0,1.0,1.0,1.0,0.0,0.0,0.0,5,0,0
2570,50,18,32,10,18,4,18,15,0,0,4,0,0,0,0,0,0,0,0,0,0,0,0,1.0,1.0,1.0,0.0,0.0,0.0,5,0,0
2571,50,18,32,5,23,4,18,15,0,0,4,0,0,0,0,0,0,0,0,0,0,0,0,1.0,1.0,1.0,0.0,0.0,0.0,5,0,0
2572,50,18,32,5,23,4,18,15,0,0,4,0,0,0,0,0,0,0,0,0,0,0,0,1.0,1.0,1.0,0.0,0.0,0.0,5,0,0
2573,50,18,32,5,23,4,18,15,0,0,2,0,0,0,0,0,0,0,0,0,0,0,0,1.0,1.0,1.0,0.0,0.0,0.0,5,0,0
2574,50,18,32,5,23,4,18,15,0,0,2,0,0,0,0,0,0,0,0,0,0,0,0,1.0,1.0,1.0,0.0,0.0,0.0,5,0,0
2575,50,18,32,5,23,4,18,15,0,0,2,0,0,0,0,0,0,0,0,0,0,0,0,1.0,1.0,1.0,0.0,0.0,0.0,5,0,0
2576,49,18,31,2,26,4,17,14,0,0,2,0,0,0,0,0,0,0,0,0,0,0,0,1.0,1.0,0.9333333333333333,0.0,0.0,0.0,5,0,1
2577,49,18,31,2,26,3,18,15,0,0,2,0,0,0,0,0,0,0,0,0,0,0,0,1.0,1.0,1.0,0.0,0.0,0.0,5,0,0
2578,48,18,30,2,25,3,18,15,0,0,1,0,0,0,0,0,0,0,0,0,1,0,1,0.9642857142857143,1.0,1.0,0.0,0.0,0.0,5,0,1
2579,48,18,30,0,27,3,18,15,0,0,1,0,0,0,0,0,0,0,0,0,0,2,0,1.0,1.0,1.0,0.0,0.0,0.0,5,0,0
2580,47,17,30,0,26,3,18,15,0,0,1,0,0,0,0,0,0,0,0,0,1,0,1,0.962962962962963,1.0,1.0,0.0,0.0,0.0,5,0,1
2581,47,17,30,0,26,3,18,15,0,0,0,0,0,0,0,0,0,0,0,0,0,0,0,1.0,1.0,1.0,0.0,0.0,0.0,5,0,0
2582,47,17,30,0,26,3,18,15,0,0,0,0,0,0,0,0,0,0,0,0,0,1,0,1.0,1.0,1.0,0.0,0.0,0.0,5,0,0
2583,47,17,30,0,24,5,18,15,0,0,0,0,0,0,0,0,0,0,0,0,0,0,0,1.0,1.0,1.0,0.0,0.0,0.0,5,0,0
2584,47,17,30,0,24,5,18,15,0,0,0,0,0,0,0,0,0,0,0,0,0,0,0,1.0,1.0,1.0,0.0,0.0,0.0,5,0,0
2585,47,17,30,0,24,5,18,15,3,0,0,0,0,0,0,0,20,3,0,0,0,0,0,1.0,1.0,1.0,0.0,0.0,0.15,5,0,0
2586,47,17,30,0,23,6,18,15,4,1,0,0,0,0,0,0,15,1,1,0,0,0,0,1.0,1.0,1.0,0.0,0.0,0.06666666666666667,5,0,0
2587,46,17,29,0,22,6,18,15,5,2,0,0,0,0,0,0,10,1,1,0,1,0,1,0.9565217391304348,1.0,1.0,0.0,0.0,0.1,5,0,1
2588,46,17,29,0,22,6,18,15,8,4,0,0,0,0,0,0,14,3,2,0,0,0,0,1.0,1.0,1.0,0.0,0.0,0.21428571428571427,5,0,0
2589,46,17,29,0,22,6,18,15,11,4,0,0,0,0,0,0,13,3,0,0,0,1,0,1.0,1.0,1.0,0.0,0.0,0.23076923076923078,5,0,0
2590,46,17,29,0,22,6,18,15,11,4,0,0,0,0,0,0,0,0,0,0,0,0,0,1.0,1.0,1.0,0.0,0.0,0.0,5,0,0
2591,46,17,29,0,22,6,18,15,11,4,0,0,0,0,0,0,0,0,0,0,0,0,0,1.0,1.0,1.0,0.0,0.0,0.0,5,0,0
2592,46,17,29,0,22,6,18,15,11,4,0,0,0,0,0,0,0,0,0,0,0,0,0,1.0,1.0,1.0,0.0,0.0,0.0,5,0,0
2593,46,17,29,0,21,7,18,15,11,4,0,0,0,0,0,0,0,0,0,0,0,0,0,1.0,1.0,1.0,0.0,0.0,0.0,5,0,0
2594,45,17,28,0,20,7,18,15,11,4,0,0,0,0,0,0,0,0,0,0,1,0,1,0.9523809523809523,1.0,1.0,0.0,0.0,0.0,5,0,1
2595,44,16,28,0,19,7,18,15,11,4,0,0,0,0,0,0,0,0,0,0,1,0,1,0.95,1.0,1.0,0.0,0.0,0.0,5,0,1
2596,44,16,28,0,19,7,18,15,11,4,0,0,0,0,0,0,0,0,0,0,0,1,0,1.0,1.0,1.0,0.0,0.0,0.0,5,0,0
2597,44,16,28,0,19,7,18,15,11,4,0,0,0,0,0,0,0,0,0,0,0,0,0,1.0,1.0,1.0,0.0,0.0,0.0,5,0,0
2598,44,16,28,0,19,7,18,15,11,4,0,0,0,0,0,0,0,0,0,0,0,0,0,1.0,1.0,1.0,0.0,0.0,0.0,5,0,0
2599,44,16,28,0,19,7,18,15,11,4,0,0,0,0,0,0,0,0,0,0,0,0,0,1.0,1.0,1.0,0.0,0.0,0.0,5,0,0
2600,44,16,28,0,18,8,18,15,11,4,0,0,0,0,0,0,0,0,0,0,0,0,0,1.0,1.0,1.0,0.0,0.0,0.0,5,0,0
2601,44,16,28,0,18,8,18,15,11,4,0,0,0,0,0,0,0,0,0,0,0,0,0,1.0,1.0,1.0,0.0,0.0,0.0,5,0,0
2602,44,16,28,0,18,8,18,15,11,4,0,0,0,0,0,0,0,0,0,0,0,1,0,1.0,1.0,1.0,0.0,0.0,0.0,5,0,0
2603,44,16,28,0,18,8,18,15,11,4,0,0,0,0,0,0,0,0,0,0,0,0,0,1.0,1.0,1.0,0.0,0.0,0.0,5,0,0
2604,44,16,28,0,18,8,18,15,11,4,0,0,0,0,0,0,0,0,0,0,0,0,0,1.0,1.0,1.0,0.0,0.0,0.0,5,0,0
2605,44,16,28,0,18,8,18,15,11,4,0,0,0,0,0,0,0,0,0,0,0,2,0,1.0,1.0,1.0,0.0,0.0,0.0,5,0,0
2606,44,16,28,0,17,9,18,15,11,4,0,0,0,0,0,0,0,0,0,0,0,0,0,1.0,1.0,1.0,0.0,0.0,0.0,5,0,0
2607,44,16,28,0,17,9,18,15,11,4,0,0,0,0,0,0,0,0,0,0,0,0,0,1.0,1.0,1.0,0.0,0.0,0.0,5,0,0
2608,44,16,28,0,17,9,18,15,11,4,0,0,0,0,0,0,0,0,0,0,0,0,0,1.0,1.0,1.0,0.0,0.0,0.0,5,0,0
2609,44,16,28,0,15,11,18,15,11,4,0,0,0,0,0,0,0,0,0,0,0,0,0,1.0,1.0,1.0,0.0,0.0,0.0,5,0,0
2610,43,16,27,0,14,11,18,15,11,4,0,0,0,0,0,0,0,0,0,0,1,0,1,0.9333333333333333,1.0,1.0,0.0,0.0,0.0,5,0,1
2611,43,16,27,0,14,11,18,15,11,4,0,0,0,0,0,0,0,0,0,0,0,0,0,1.0,1.0,1.0,0.0,0.0,0.0,5,0,0
2612,43,16,27,0,14,11,18,15,11,4,0,0,0,0,0,0,0,0,0,0,0,0,0,1.0,1.0,1.0,0.0,0.0,0.0,5,0,0
2613,43,16,27,0,14,11,18,15,11,4,0,0,0,0,0,0,0,0,0,0,0,0,0,1.0,1.0,1.0,0.0,0.0,0.0,5,0,0
2614,43,16,27,0,14,11,18,15,11,4,0,0,0,0,0,0,0,0,0,0,0,0,0,1.0,1.0,1.0,0.0,0.0,0.0,5,0,0
2615,43,16,27,0,14,11,18,15,11,4,0,0,0,0,0,0,0,0,0,0,0,0,0,1.0,1.0,1.0,0.0,0.0,0.0,5,0,0
2616,43,16,27,0,14,11,18,15,11,4,0,0,0,0,0,0,0,0,0,0,0,0,0,1.0,1.0,1.0,0.0,0.0,0.0,5,0,0
2617,43,16,27,0,14,11,18,15,11,4,0,0,0,0,0,0,0,0,0,0,0,0,0,1.0,1.0,1.0,0.0,0.0,0.0,5,0,0
2618,43,16,27,0,14,11,18,15,11,4,0,0,0,0,0,0,0,0,0,0,0,0,0,1.0,1.0,1.0,0.0,0.0,0.0,5,0,0
2619,43,16,27,0,14,11,18,15,11,4,0,0,0,0,0,0,0,0,0,0,0,0,0,1.0,1.0,1.0,0.0,0.0,0.0,5,0,0
2620,43,16,27,0,14,11,18,15,11,4,0,0,0,0,0,0,0,0,0,0,0,0,0,1.0,1.0,1.0,0.0,0.0,0.0,5,0,0
2621,43,16,27,0,14,11,18,15,11,4,0,0,0,0,0,0,0,0,0,0,0,0,0,1.0,1.0,1.0,0.0,0.0,0.0,5,0,0
2622,43,16,27,0,14,11,18,15,11,4,0,0,0,0,0,0,0,0,0,0,0,0,0,1.0,1.0,1.0,0.0,0.0,0.0,5,0,0
2623,43,16,27,0,14,11,18,15,11,4,0,0,0,0,0,0,0,0,0,0,0,0,0,1.0,1.0,1.0,0.0,0.0,0.0,5,0,0
2624,43,16,27,0,14,11,18,15,11,4,0,0,0,0,0,0,0,0,0,0,0,0,0,1.0,1.0,1.0,0.0,0.0,0.0,5,0,0
2625,43,16,27,0,14,11,18,15,11,4,0,0,0,0,0,0,0,0,0,0,0,0,0,1.0,1.0,1.0,0.0,0.0,0.0,5,0,0
2626,43,16,27,0,14,11,18,15,11,4,0,0,0,0,0,0,0,0,0,0,0,0,0,1.0,1.0,1.0,0.0,0.0,0.0,5,0,0
2627,42,15,27,0,14,11,17,15,11,4,0,0,0,0,0,0,0,0,0,0,0,0,0,1.0,0.6666666666666667,1.0,0.0,0.0,0.0,5,0,1
2628,41,15,26,0,13,11,17,15,11,4,0,0,0,0,0,0,0,0,0,0,1,0,1,0.9285714285714286,1.0,1.0,0.0,0.0,0.0,5,0,1
2629,41,15,26,0,13,11,17,15,11,4,0,0,0,0,0,0,0,0,0,0,0,0,0,1.0,1.0,1.0,0.0,0.0,0.0,5,0,0
2630,41,15,26,0,13,11,17,15,11,4,0,0,0,0,0,0,0,0,0,0,0,0,0,1.0,1.0,1.0,0.0,0.0,0.0,5,0,0
2631,41,15,26,0,13,11,17,15,11,3,0,0,0,0,0,0,0,0,0,0,0,0,0,1.0,1.0,1.0,0.0,0.0,0.0,5,0,0
2632,40,15,25,0,12,11,17,15,12,2,0,0,0,0,0,0,5,1,0,0,1,0,1,0.9230769230769231,1.0,1.0,0.0,0.0,0.2,5,0,1
2633,40,15,25,0,12,11,17,15,13,0,0,0,0,0,0,0,3,1,0,0,0,0,0,1.0,1.0,1.0,0.0,0.0,0.3333333333333333,5,0,0
2634,40,15,25,0,12,11,17,15,14,0,0,0,0,0,0,0,4,1,0,0,0,0,0,1.0,1.0,1.0,0.0,0.0,0.25,5,0,0
2635,40,15,25,0,12,11,17,15,14,0,0,0,0,0,0,0,3,0,0,0,0,0,0,1.0,1.0,1.0,0.0,0.0,0.0,5,0,0
2636,40,15,25,0,12,11,17,15,15,0,0,0,0,0,0,0,7,1,0,0,0,0,0,1.0,1.0,1.0,0.0,0.0,0.14285714285714285,5,0,0
2637,40,15,25,0,12,11,17,15,15,0,0,0,0,0,0,0,0,0,0,0,0,0,0,1.0,1.0,1.0,0.0,0.0,0.0,5,0,0
2638,40,15,25,0,12,11,17,15,15,0,0,0,0,0,0,0,0,0,0,0,0,0,0,1.0,1.0,1.0,0.0,0.0,0.0,5,0,0
2639,40,15,25,0,12,11,17,15,15,0,0,0,0,0,0,0,0,0,0,0,0,0,0,1.0,1.0,1.0,0.0,0.0,0.0,5,0,0
2640,40,15,25,0,12,10,18,16,15,0,0,0,0,0,0,0,6,0,0,0,0,0,0,1.0,1.0,1.0,0.0,0.0,0.0,5,0,0
2641,40,15,25,0,12,10,18,16,16,0,0,0,0,0,0,0,4,1,0,0,0,0,0,1.0,1.0,1.0,0.0,0.0,0.25,5,0,0
2642,39,15,24,0,12,9,18,16,16,0,0,0,0,0,0,0,0,0,0,0,0,0,0,1.0,1.0,1.0,0.0,0.0,0.0,5,0,1
2643,39,15,24,0,12,9,18,16,16,0,0,0,0,0,0,0,0,0,0,0,0,0,0,1.0,1.0,1.0,0.0,0.0,0.0,5,0,0
2644,39,15,24,0,12,9,18,16,16,0,0,0,0,0,0,0,0,0,0,0,0,0,0,1.0,1.0,1.0,0.0,0.0,0.0,5,0,0
2645,39,15,24,0,12,8,19,16,16,0,0,0,0,0,0,0,0,0,0,0,0,0,0,1.0,1.0,1.0,0.0,0.0,0.0,5,0,0
2646,39,15,24,0,12,8,19,16,16,0,0,0,0,0,0,0,0,0,0,0,0,0,0,1.0,1.0,1.0,0.0,0.0,0.0,5,0,0
2647,39,15,24,0,12,8,19,16,16,0,0,0,0,0,0,0,0,0,0,0,0,0,0,1.0,1.0,1.0,0.0,0.0,0.0,5,0,0
2648,39,15,24,0,12,8,19,16,16,0,0,0,0,0,0,0,0,0,0,0,0,0,0,1.0,1.0,1.0,0.0,0.0,0.0,5,0,0
2649,39,15,24,0,12,8,19,16,16,0,0,0,0,0,0,0,0,0,0,0,0,0,0,1.0,1.0,1.0,0.0,0.0,0.0,5,0,0
2650,49,21,28,10,12,8,19,16,13,0,3,0,0,0,0,0,0,0,0,3,0,0,0,1.0,1.0,1.0,0.2564102564102564,0.2564102564102564,0.0,5,10,0
2651,52,23,29,13,12,8,19,16,12,0,4,0,0,0,0,0,0,0,0,1,0,0,0,1.0,1.0,1.0,0.061224489795918366,0.061224489795918366,0.0,5,3,0
2652,56,24,32,17,12,8,19,16,11,0,5,0,0,0,0,0,0,0,0,1,0,0,0,1.0,1.0,1.0,0.07692307692307693,0.07692307692307693,0.0,5,4,0
2653,67,32,35,28,12,8,19,16,8,0,8,0,0,0,0,0,0,0,0,3,0,0,0,1.0,1.0,1.0,0.19642857142857142,0.19642857142857142,0.0,5,11,0
2654,77,39,38,39,11,8,19,16,5,0,11,0,0,0,0,0,0,0,0,3,1,0,1,0.975,1.0,1.0,0.16417910447761194,0.16417910447761194,0.0,5,11,1
2655,72,36,36,35,10,8,19,16,5,0,11,0,0,0,0,0,0,0,0,0,5,0,5,0.9,1.0,1.0,0.0,0.0,0.0,5,0,5
2656,71,35,36,35,9,8,19,16,5,0,11,0,0,0,0,0,0,0,0,0,1,0,1,0.9777777777777777,1.0,1.0,0.0,0.0,0.0,5,0,1
2657,67,32,35,33,8,8,18,16,5,0,11,0,0,0,0,0,0,0,0,0,3,0,3,0.9318181818181819,0.6666666666666667,1.0,0.0,0.0,0.0,5,0,4
2658,65,32,33,32,8,8,17,15,5,0,10,0,0,0,0,0,0,0,0,0,1,0,1,0.975609756097561,1.0,0.9375,0.0,0.0,0.0,5,0,2
2659,64,32,32,31,8,8,17,15,5,0,10,0,0,0,0,0,0,0,0,0,1,0,1,0.975,1.0,1.0,0.0,0.0,0.0,5,0,1
2660,61,31,30,28,8,8,17,15,5,0,10,0,0,0,0,0,0,0,0,0,3,0,3,0.9230769230769231,1.0,1.0,0.0,0.0,0.0,5,0,3
2661,59,30,29,27,7,8,17,15,5,0,10,0,0,0,0,0,0,0,0,0,2,0,2,0.9444444444444444,1.0,1.0,0.0,0.0,0.0,5,0,2
2662,59,30,29,27,7,8,17,15,5,0,10,0,0,0,0,0,0,0,0,0,0,0,0,1.0,1.0,1.0,0.0,0.0,0.0,5,0,0
2663,59,30,29,27,7,8,17,15,5,0,10,0,0,0,0,0,0,0,0,0,0,0,0,1.0,1.0,1.0,0.0,0.0,0.0,5,0,0
2664,59,30,29,27,7,8,17,15,5,0,10,0,0,0,0,0,0,0,0,0,0,0,0,1.0,1.0,1.0,0.0,0.0,0.0,5,0,0
2665,59,30,29,27,7,8,17,15,5,0,10,0,0,0,0,0,0,0,0,0,0,0,0,1.0,1.0,1.0,0.0,0.0,0.0,5,0,0
2666,58,30,28,27,7,8,16,14,4,0,10,0,0,0,0,0,0,0,0,0,0,0,0,1.0,1.0,0.9333333333333333,0.0,0.0,0.0,5,0,1
2667,56,28,28,25,7,7,17,15,5,0,10,0,0,0,0,0,8,1,0,0,2,0,2,0.9411764705882353,1.0,1.0,0.0,0.0,0.125,5,0,2
2668,55,27,28,24,7,7,17,15,5,0,10,0,0,0,0,0,0,0,0,0,1,0,1,0.96875,1.0,1.0,0.0,0.0,0.0,5,0,1
2669,55,27,28,24,7,7,17,15,5,0,10,0,0,0,0,0,0,0,0,0,0,0,0,1.0,1.0,1.0,0.0,0.0,0.0,5,0,0
2670,54,27,27,23,7,7,17,15,5,0,10,0,0,0,0,0,0,0,0,0,1,0,1,0.967741935483871,1.0,1.0,0.0,0.0,0.0,5,0,1
2671,54,27,27,23,7,7,17,15,5,0,10,0,0,0,0,0,0,0,0,0,0,0,0,1.0,1.0,1.0,0.0,0.0,0.0,5,0,0
2672,53,26,27,22,7,7,17,15,5,0,10,0,0,0,0,0,0,0,0,0,1,0,1,0.9666666666666667,1.0,1.0,0.0,0.0,0.0,5,0,1
2673,52,25,27,21,7,7,17,15,5,0,10,0,0,0,0,0,0,0,0,0,1,0,1,0.9655172413793104,1.0,1.0,0.0,0.0,0.0,5,0,1
2674,52,25,27,21,7,7,17,15,5,0,10,0,0,0,0,0,0,0,0,0,0,0,0,1.0,1.0,1.0,0.0,0.0,0.0,5,0,0
2675,51,25,26,20,7,7,17,15,5,0,10,0,0,0,0,0,0,0,0,0,1,0,1,0.9642857142857143,1.0,1.0,0.0,0.0,0.0,5,0,1
2676,49,25,24,19,7,7,16,14,4,0,10,0,0,0,0,0,0,0,0,0,1,0,1,0.962962962962963,1.0,0.9333333333333333,0.0,0.0,0.0,5,0,2
2677,49,25,24,19,7,7,16,14,4,0,10,0,0,0,0,0,0,0,0,0,0,0,0,1.0,1.0,1.0,0.0,0.0,0.0,5,0,0
2678,49,25,24,19,7,7,16,14,4,0,10,0,0,0,0,0,0,0,0,0,0,0,0,1.0,1.0,1.0,0.0,0.0,0.0,5,0,0
2679,49,25,24,19,7,7,16,14,4,0,10,0,0,0,0,0,0,0,0,0,0,0,0,1.0,1.0,1.0,0.0,0.0,0.0,5,0,0
2680,47,24,23,18,6,7,16,14,4,0,10,0,0,0,0,0,0,0,0,0,2,0,2,0.9230769230769231,1.0,1.0,0.0,0.0,0.0,5,0,2
2681,47,24,23,18,6,7,16,14,4,0,10,0,0,0,0,0,0,0,0,0,0,0,0,1.0,1.0,1.0,0.0,0.0,0.0,5,0,0
2682,46,23,23,17,6,7,16,14,4,0,10,0,0,0,0,0,0,0,0,0,1,0,1,0.9583333333333334,1.0,1.0,0.0,0.0,0.0,5,0,1
2683,45,22,23,16,6,7,16,14,4,0,10,0,0,0,0,0,0,0,0,0,1,0,1,0.9565217391304348,1.0,1.0,0.0,0.0,0.0,5,0,1
2684,43,20,23,14,6,7,16,14,4,0,10,0,0,0,0,0,0,0,0,0,2,0,2,0.9090909090909091,1.0,1.0,0.0,0.0,0.0,5,0,2
2685,43,20,23,14,6,7,16,14,4,0,10,0,0,0,0,0,0,0,0,0,0,0,0,1.0,1.0,1.0,0.0,0.0,0.0,5,0,0
2686,43,20,23,14,6,7,16,14,4,0,10,0,0,0,0,0,0,0,0,0,0,0,0,1.0,1.0,1.0,0.0,0.0,0.0,5,0,0
2687,43,20,23,14,6,7,16,14,4,0,10,0,0,0,0,0,0,0,0,0,0,0,0,1.0,1.0,1.0,0.0,0.0,0.0,5,0,0
2688,43,20,23,14,6,7,16,14,4,0,10,0,0,0,0,0,0,0,0,0,0,0,0,1.0,1.0,1.0,0.0,0.0,0.0,5,0,0
2689,43,20,23,14,6,7,16,14,4,0,10,0,0,0,0,0,0,0,0,0,0,0,0,1.0,1.0,1.0,0.0,0.0,0.0,5,0,0
2690,43,20,23,14,6,7,16,14,4,0,10,0,0,0,0,0,0,0,0,0,0,1,0,1.0,1.0,1.0,0.0,0.0,0.0,5,0,0
2691,43,20,23,14,6,7,16,14,4,0,10,0,0,0,0,0,0,0,0,0,0,0,0,1.0,1.0,1.0,0.0,0.0,0.0,5,0,0
2692,43,20,23,14,6,7,16,14,4,0,10,0,0,0,0,0,0,0,0,0,0,0,0,1.0,1.0,1.0,0.0,0.0,0.0,5,0,0
2693,43,20,23,11,9,7,16,14,4,0,10,0,0,0,0,0,0,0,0,0,0,2,0,1.0,1.0,1.0,0.0,0.0,0.0,5,0,0
2694,43,20,23,9,10,8,16,14,4,0,10,0,0,0,0,0,0,0,0,0,0,0,0,1.0,1.0,1.0,0.0,0.0,0.0,5,0,0
2695,43,20,23,7,12,8,16,14,4,0,7,0,0,0,0,0,0,0,0,0,0,0,0,1.0,1.0,1.0,0.0,0.0,0.0,5,0,0
2696,42,19,23,3,15,8,16,14,6,0,6,0,0,0,0,0,11,2,0,0,1,0,1,0.9473684210526316,1.0,1.0,0.0,0.0,0.18181818181818182,5,0,1
2697,46,21,25,4,16,10,16,14,5,0,6,0,0,0,0,0,7,0,0,1,0,0,0,1.0,1.0,1.0,0.09523809523809523,0.09523809523809523,0.0,5,4,0
2698,49,24,25,7,16,10,16,14,5,1,5,0,0,0,0,0,8,1,1,1,0,0,0,1.0,1.0,1.0,0.06521739130434782,0.06521739130434782,0.125,5,3,0
2699,49,24,25,7,16,10,16,14,6,1,2,0,0,0,0,0,10,1,0,0,0,0,0,1.0,1.0,1.0,0.0,0.0,0.1,5,0,0
2700,49,24,25,7,16,10,16,14,8,1,2,0,0,0,0,0,12,2,0,0,0,0,0,1.0,1.0,1.0,0.0,0.0,0.16666666666666666,5,0,0
2701,52,26,26,10,16,10,16,14,9,1,3,0,0,0,0,0,15,2,0,1,0,0,0,1.0,1.0,1.0,0.061224489795918366,0.061224489795918366,0.13333333333333333,5,3,0
2702,52,26,26,10,16,10,16,14,9,1,3,0,0,0,0,0,2,0,0,0,0,0,0,1.0,1.0,1.0,0.0,0.0,0.0,5,0,0
2703,52,26,26,10,16,10,16,14,10,1,3,0,0,0,0,0,2,1,0,0,0,1,0,1.0,1.0,1.0,0.0,0.0,0.5,5,0,0
2704,50,25,25,9,16,9,16,14,10,1,3,0,0,0,0,0,0,0,0,0,1,0,1,0.9615384615384616,1.0,1.0,0.0,0.0,0.0,5,0,2
2705,49,24,25,9,15,9,16,14,10,1,3,0,0,0,0,0,0,0,0,0,1,0,1,0.96,1.0,1.0,0.0,0.0,0.0,5,0,1
2706,49,24,25,9,15,9,16,14,10,1,3,0,0,0,0,0,0,0,0,0,0,0,0,1.0,1.0,1.0,0.0,0.0,0.0,5,0,0
2707,48,23,25,9,13,10,16,14,10,1,3,0,0,0,0,0,0,0,0,0,1,0,1,0.9565217391304348,1.0,1.0,0.0,0.0,0.0,5,0,1
2708,48,23,25,9,13,10,16,14,10,1,3,0,0,0,0,0,0,0,0,0,0,0,0,1.0,1.0,1.0,0.0,0.0,0.0,5,0,0
2709,48,23,25,9,13,10,16,14,10,1,3,0,0,0,0,0,0,0,0,0,0,0,0,1.0,1.0,1.0,0.0,0.0,0.0,5,0,0
2710,48,23,25,9,13,10,16,14,10,1,3,0,0,0,0,0,0,0,0,0,0,0,0,1.0,1.0,1.0,0.0,0.0,0.0,5,0,0
2711,47,23,24,9,13,9,16,14,10,1,3,0,0,0,0,0,0,0,0,0,0,0,0,1.0,1.0,1.0,0.0,0.0,0.0,5,0,1
2712,47,23,24,9,13,9,16,14,10,1,3,0,0,0,0,0,0,0,0,0,0,0,0,1.0,1.0,1.0,0.0,0.0,0.0,5,0,0
2713,47,23,24,9,13,9,16,14,10,1,3,0,0,0,0,0,0,0,0,0,0,1,0,1.0,1.0,1.0,0.0,0.0,0.0,5,0,0
2714,47,23,24,9,13,9,16,14,10,1,3,0,0,0,0,0,0,0,0,0,0,0,0,1.0,1.0,1.0,0.0,0.0,0.0,5,0,0
2715,47,23,24,9,13,9,16,14,10,1,3,0,0,0,0,0,0,0,0,0,0,0,0,1.0,1.0,1.0,0.0,0.0,0.0,5,0,0
2716,47,23,24,9,13,9,16,14,10,1,3,0,0,0,0,0,0,0,0,0,0,0,0,1.0,1.0,1.0,0.0,0.0,0.0,5,0,0
2717,47,23,24,9,12,10,16,14,10,1,3,0,0,0,0,0,0,0,0,0,0,0,0,1.0,1.0,1.0,0.0,0.0,0.0,5,0,0
2718,47,23,24,9,12,8,18,14,10,1,3,0,0,0,0,0,0,0,0,0,0,0,0,1.0,1.0,1.0,0.0,0.0,0.0,5,0,0
2719,47,23,24,9,12,8,18,14,10,1,3,0,0,0,0,0,0,0,0,0,0,0,0,1.0,1.0,1.0,0.0,0.0,0.0,5,0,0
2720,47,23,24,9,12,8,18,14,10,1,3,0,0,0,0,0,0,0,0,0,0,0,0,1.0,1.0,1.0,0.0,0.0,0.0,5,0,0
2721,46,22,24,8,12,8,18,14,10,1,3,0,0,0,0,0,0,0,0,0,1,0,1,0.9523809523809523,1.0,1.0,0.0,0.0,0.0,5,0,1
2722,46,22,24,8,12,8,18,14,10,1,3,0,0,0,0,0,0,0,0,0,0,0,0,1.0,1.0,1.0,0.0,0.0,0.0,5,0,0
2723,45,22,23,8,11,8,18,14,10,1,3,0,0,0,0,0,0,0,0,0,1,0,1,0.95,1.0,1.0,0.0,0.0,0.0,5,0,1
2724,45,22,23,8,11,8,18,14,10,1,3,0,0,0,0,0,0,0,0,0,0,0,0,1.0,1.0,1.0,0.0,0.0,0.0,5,0,0
2725,45,22,23,8,11,8,18,14,10,1,3,0,0,0,0,0,0,0,0,0,0,0,0,1.0,1.0,1.0,0.0,0.0,0.0,5,0,0
2726,45,22,23,8,11,8,18,14,10,1,3,0,0,0,0,0,0,0,0,0,0,0,0,1.0,1.0,1.0,0.0,0.0,0.0,5,0,0
2727,45,22,23,8,11,8,18,14,10,1,3,0,0,0,0,0,0,0,0,0,0,0,0,1.0,1.0,1.0,0.0,0.0,0.0,5,0,0
2728,45,22,23,8,11,7,19,14,10,1,3,0,0,0,0,0,0,0,0,0,0,0,0,1.0,1.0,1.0,0.0,0.0,0.0,5,0,0
2729,45,22,23,8,11,7,19,14,10,1,3,0,0,0,0,0,0,0,0,0,0,0,0,1.0,1.0,1.0,0.0,0.0,0.0,5,0,0
2730,45,22,23,8,11,7,19,14,10,1,3,0,0,0,0,0,0,0,0,0,0,0,0,1.0,1.0,1.0,0.0,0.0,0.0,5,0,0
2731,45,22,23,8,11,7,19,14,10,1,3,0,0,0,0,0,0,0,0,0,0,0,0,1.0,1.0,1.0,0.0,0.0,0.0,5,0,0
2732,48,25,23,11,11,7,19,14,9,1,4,0,0,0,0,0,0,0,0,1,0,0,0,1.0,1.0,1.0,0.06666666666666667,0.06666666666666667,0.0,5,3,0
2733,48,25,23,11,11,7,19,14,9,1,4,0,0,0,0,0,0,0,0,0,0,0,0,1.0,1.0,1.0,0.0,0.0,0.0,5,0,0
2734,48,25,23,11,11,7,19,14,9,1,4,0,0,0,0,0,0,0,0,0,0,0,0,1.0,1.0,1.0,0.0,0.0,0.0,5,0,0
2735,48,25,23,11,11,6,20,14,9,1,4,0,0,0,0,0,0,0,0,0,0,0,0,1.0,1.0,1.0,0.0,0.0,0.0,5,0,0
2736,48,25,23,11,11,6,20,14,9,1,4,0,0,0,0,0,0,0,0,0,0,0,0,1.0,1.0,1.0,0.0,0.0,0.0,5,0,0
2737,48,25,23,11,11,6,20,14,9,1,4,0,0,0,0,0,0,0,0,0,0,0,0,1.0,1.0,1.0,0.0,0.0,0.0,5,0,0
2738,48,25,23,11,11,6,20,14,9,1,4,0,0,0,0,0,0,0,0,0,0,0,0,1.0,1.0,1.0,0.0,0.0,0.0,5,0,0
2739,47,24,23,11,10,6,20,14,9,1,4,0,0,0,0,0,0,0,0,0,1,0,1,0.9545454545454546,1.0,1.0,0.0,0.0,0.0,5,0,1
2740,47,24,23,7,14,6,20,14,9,1,4,0,0,0,0,0,0,0,0,0,0,0,0,1.0,1.0,1.0,0.0,0.0,0.0,5,0,0
2741,47,24,23,6,15,6,20,14,9,1,4,0,0,0,0,0,0,0,0,0,0,0,0,1.0,1.0,1.0,0.0,0.0,0.0,5,0,0
2742,47,24,23,6,15,6,20,14,9,1,3,0,0,0,0,0,0,0,0,0,0,0,0,1.0,1.0,1.0,0.0,0.0,0.0,5,0,0
2743,47,24,23,6,15,6,20,14,9,0,2,0,0,0,0,0,8,0,0,0,0,0,0,1.0,1.0,1.0,0.0,0.0,0.0,5,0,0
2744,47,24,23,3,18,5,21,14,9,0,2,0,0,0,0,0,6,0,0,0,0,0,0,1.0,1.0,1.0,0.0,0.0,0.0,5,0,0
2745,46,23,23,2,18,5,21,14,10,0,2,0,0,0,0,0,15,1,0,0,1,0,1,0.9523809523809523,1.0,1.0,0.0,0.0,0.06666666666666667,5,0,1
2746,46,23,23,2,18,5,21,14,12,0,1,0,0,0,0,0,10,2,0,0,0,0,0,1.0,1.0,1.0,0.0,0.0,0.2,5,0,0
2747,46,23,23,2,18,5,21,14,13,0,1,0,0,0,0,0,6,1,0,0,0,0,0,1.0,1.0,1.0,0.0,0.0,0.16666666666666666,5,0,0
2748,46,23,23,2,18,5,21,14,13,0,1,0,0,0,0,0,0,0,0,0,0,0,0,1.0,1.0,1.0,0.0,0.0,0.0,5,0,0
2749,46,23,23,2,18,5,21,14,13,0,1,0,0,0,0,0,0,0,0,0,0,0,0,1.0,1.0,1.0,0.0,0.0,0.0,5,0,0
2750,46,23,23,2,18,5,21,14,13,0,1,0,0,0,0,0,0,0,0,0,0,0,0,1.0,1.0,1.0,0.0,0.0,0.0,5,0,0
2751,46,23,23,2,18,5,21,14,13,0,1,0,0,0,0,0,0,0,0,0,0,0,0,1.0,1.0,1.0,0.0,0.0,0.0,5,0,0
2752,46,23,23,2,18,5,21,14,13,0,1,0,0,0,0,0,0,0,0,0,0,0,0,1.0,1.0,1.0,0.0,0.0,0.0,5,0,0
2753,46,23,23,2,18,5,21,14,13,0,1,0,0,0,0,0,0,0,0,0,0,0,0,1.0,1.0,1.0,0.0,0.0,0.0,5,0,0
2754,46,23,23,2,18,5,21,14,13,0,1,0,0,0,0,0,0,0,0,0,0,0,0,1.0,1.0,1.0,0.0,0.0,0.0,5,0,0
2755,46,23,23,2,18,5,21,14,13,0,1,0,0,0,0,0,0,0,0,0,0,0,0,1.0,1.0,1.0,0.0,0.0,0.0,5,0,0
2756,46,23,23,2,18,5,21,14,13,0,1,0,0,0,0,0,0,0,0,0,0,0,0,1.0,1.0,1.0,0.0,0.0,0.0,5,0,0
2757,46,23,23,2,18,5,21,14,13,0,1,0,0,0,0,0,0,0,0,0,0,0,0,1.0,1.0,1.0,0.0,0.0,0.0,5,0,0
2758,46,23,23,2,18,5,21,14,13,0,1,0,0,0,0,0,0,0,0,0,0,0,0,1.0,1.0,1.0,0.0,0.0,0.0,5,0,0
2759,45,22,23,2,17,5,21,14,13,0,1,0,0,0,0,0,0,0,0,0,1,0,1,0.95,1.0,1.0,0.0,0.0,0.0,5,0,1
2760,45,22,23,2,17,5,21,14,13,0,1,0,0,0,0,0,0,0,0,0,0,0,0,1.0,1.0,1.0,0.0,0.0,0.0,5,0,0
2761,52,26,26,9,17,5,21,14,11,0,3,0,0,0,0,0,0,0,0,2,0,0,0,1.0,1.0,1.0,0.15555555555555556,0.15555555555555556,0.0,5,7,0
2762,51,25,26,9,16,5,21,14,11,0,3,0,0,0,0,0,0,0,0,0,1,0,1,0.9615384615384616,1.0,1.0,0.0,0.0,0.0,5,0,1
2763,54,27,27,12,16,5,21,14,10,0,4,0,0,0,0,0,0,0,0,1,0,0,0,1.0,1.0,1.0,0.058823529411764705,0.058823529411764705,0.0,5,3,0
2764,58,30,28,16,16,5,21,14,9,0,5,0,0,0,0,0,0,0,0,1,0,0,0,1.0,1.0,1.0,0.07407407407407407,0.07407407407407407,0.0,5,4,0
2765,65,33,32,23,16,5,21,14,7,0,7,0,0,0,0,0,0,0,0,2,0,0,0,1.0,1.0,1.0,0.1206896551724138,0.1206896551724138,0.0,5,7,0
2766,72,34,38,30,16,5,21,14,5,0,9,0,0,0,0,0,0,0,0,2,1,0,1,0.9743589743589743,1.0,1.0,0.12307692307692308,0.12307692307692308,0.0,5,8,1
2767,69,32,37,28,15,5,21,14,5,0,9,0,0,0,0,0,0,0,0,0,3,0,3,0.9347826086956522,1.0,1.0,0.0,0.0,0.0,5,0,3
2768,70,32,38,30,14,5,21,14,4,0,10,0,0,0,0,0,0,0,0,1,3,0,3,0.9302325581395349,1.0,1.0,0.057971014492753624,0.057971014492753624,0.0,5,4,3
2769,65,29,36,27,12,5,21,14,4,0,10,0,0,0,0,0,0,0,0,0,5,0,5,0.8863636363636364,1.0,1.0,0.0,0.0,0.0,5,0,5
2770,63,29,34,25,12,5,21,14,4,0,10,0,0,0,0,0,0,0,0,0,2,0,2,0.9487179487179487,1.0,1.0,0.0,0.0,0.0,5,0,2
2771,61,28,33,24,11,5,21,14,4,0,10,0,0,0,0,0,0,0,0,0,2,0,2,0.9459459459459459,1.0,1.0,0.0,0.0,0.0,5,0,2
2772,60,27,33,23,11,5,21,14,4,0,10,0,0,0,0,0,0,0,0,0,1,0,1,0.9714285714285714,1.0,1.0,0.0,0.0,0.0,5,0,1
2773,59,27,32,22,11,5,21,14,4,0,10,0,0,0,0,0,0,0,0,0,1,0,1,0.9705882352941176,1.0,1.0,0.0,0.0,0.0,5,0,1
2774,58,27,31,22,11,5,20,13,4,0,9,0,0,0,0,0,0,0,0,0,0,0,0,1.0,1.0,0.9285714285714286,0.0,0.0,0.0,5,0,1
2775,57,26,31,20,12,5,20,13,4,0,9,0,0,0,0,0,0,0,0,0,1,0,1,0.9696969696969697,1.0,1.0,0.0,0.0,0.0,5,0,1
2776,56,25,31,20,11,5,20,13,4,0,9,0,0,0,0,0,0,0,0,0,1,0,1,0.96875,1.0,1.0,0.0,0.0,0.0,5,0,1
2777,56,25,31,20,11,5,20,13,4,0,8,0,0,0,0,0,0,0,0,0,0,0,0,1.0,1.0,1.0,0.0,0.0,0.0,5,0,0
2778,55,25,30,19,11,5,20,13,4,1,8,0,0,0,0,0,7,0,1,0,1,0,1,0.967741935483871,1.0,1.0,0.0,0.0,0.0,5,0,1
2779,55,25,30,19,11,5,20,13,4,1,8,0,0,0,0,0,0,0,0,0,0,0,0,1.0,1.0,1.0,0.0,0.0,0.0,5,0,0
2780,55,25,30,19,11,5,20,13,4,1,8,0,0,0,0,0,0,0,0,0,0,0,0,1.0,1.0,1.0,0.0,0.0,0.0,5,0,0
2781,54,25,29,18,11,5,20,13,4,1,8,0,0,0,0,0,0,0,0,0,1,0,1,0.9666666666666667,1.0,1.0,0.0,0.0,0.0,5,0,1
2782,54,25,29,18,11,5,20,13,4,1,8,0,0,0,0,0,0,0,0,0,0,0,0,1.0,1.0,1.0,0.0,0.0,0.0,5,0,0
2783,53,24,29,17,11,5,20,13,4,1,8,0,0,0,0,0,0,0,0,0,1,0,1,0.9655172413793104,1.0,1.0,0.0,0.0,0.0,5,0,1
2784,53,24,29,17,11,5,20,13,4,1,8,0,0,0,0,0,0,0,0,0,0,0,0,1.0,1.0,1.0,0.0,0.0,0.0,5,0,0
2785,53,24,29,17,11,5,20,13,4,1,8,0,0,0,0,0,0,0,0,0,0,0,0,1.0,1.0,1.0,0.0,0.0,0.0,5,0,0
2786,53,24,29,17,11,5,20,13,4,1,8,0,0,0,0,0,0,0,0,0,0,0,0,1.0,1.0,1.0,0.0,0.0,0.0,5,0,0
2787,53,24,29,17,11,5,20,13,4,1,8,0,0,0,0,0,0,0,0,0,0,0,0,1.0,1.0,1.0,0.0,0.0,0.0,5,0,0
2788,51,23,28,16,10,5,20,13,4,1,8,0,0,0,0,0,0,0,0,0,2,0,2,0.9285714285714286,1.0,1.0,0.0,0.0,0.0,5,0,2
2789,50,22,28,15,10,5,20,13,4,1,8,0,0,0,0,0,0,0,0,0,1,0,1,0.9615384615384616,1.0,1.0,0.0,0.0,0.0,5,0,1
2790,50,22,28,15,10,5,20,13,4,1,8,0,0,0,0,0,0,0,0,0,0,0,0,1.0,1.0,1.0,0.0,0.0,0.0,5,0,0
2791,50,22,28,15,10,5,20,13,4,1,8,0,0,0,0,0,0,0,0,0,0,0,0,1.0,1.0,1.0,0.0,0.0,0.0,5,0,0
2792,50,22,28,15,10,5,20,13,4,1,8,0,0,0,0,0,0,0,0,0,0,0,0,1.0,1.0,1.0,0.0,0.0,0.0,5,0,0
2793,50,22,28,15,10,5,20,13,4,1,8,0,0,0,0,0,0,0,0,0,0,0,0,1.0,1.0,1.0,0.0,0.0,0.0,5,0,0
2794,50,22,28,15,10,5,20,13,4,1,8,0,0,0,0,0,0,0,0,0,0,0,0,1.0,1.0,1.0,0.0,0.0,0.0,5,0,0
2795,50,22,28,15,10,5,20,13,4,1,8,0,0,0,0,0,0,0,0,0,0,0,0,1.0,1.0,1.0,0.0,0.0,0.0,5,0,0
2796,50,22,28,15,10,5,20,13,4,1,8,0,0,0,0,0,0,0,0,0,0,0,0,1.0,1.0,1.0,0.0,0.0,0.0,5,0,0
2797,49,21,28,15,9,5,20,13,4,1,8,0,0,0,0,0,0,0,0,0,1,0,1,0.96,1.0,1.0,0.0,0.0,0.0,5,0,1
2798,48,21,27,14,9,5,20,13,4,1,8,0,0,0,0,0,0,0,0,0,1,0,1,0.9583333333333334,1.0,1.0,0.0,0.0,0.0,5,0,1
2799,48,21,27,14,9,5,20,13,4,1,8,0,0,0,0,0,0,0,0,0,0,0,0,1.0,1.0,1.0,0.0,0.0,0.0,5,0,0
2800,48,21,27,14,9,5,20,13,4,1,8,0,0,0,0,0,0,0,0,0,0,0,0,1.0,1.0,1.0,0.0,0.0,0.0,5,0,0
2801,48,21,27,14,9,5,20,13,4,1,8,0,0,0,0,0,0,0,0,0,0,0,0,1.0,1.0,1.0,0.0,0.0,0.0,5,0,0
2802,48,21,27,14,9,5,20,13,4,1,8,0,0,0,0,0,0,0,0,0,0,0,0,1.0,1.0,1.0,0.0,0.0,0.0,5,0,0
2803,48,21,27,14,9,5,20,13,4,1,8,0,0,0,0,0,0,0,0,0,0,0,0,1.0,1.0,1.0,0.0,0.0,0.0,5,0,0
2804,48,21,27,11,12,5,20,13,4,1,8,0,0,0,0,0,0,0,0,0,0,0,0,1.0,1.0,1.0,0.0,0.0,0.0,5,0,0
2805,48,21,27,11,12,5,20,13,4,1,8,0,0,0,0,0,0,0,0,0,0,0,0,1.0,1.0,1.0,0.0,0.0,0.0,5,0,0
2806,48,21,27,9,14,5,20,13,4,1,7,0,0,0,0,0,0,0,0,0,0,0,0,1.0,1.0,1.0,0.0,0.0,0.0,5,0,0
2807,48,21,27,8,15,5,20,13,5,1,7,0,0,0,0,0,3,1,0,0,0,0,0,1.0,1.0,1.0,0.0,0.0,0.3333333333333333,5,0,0
2808,48,21,27,4,19,5,20,13,5,1,6,0,0,0,0,0,0,0,0,0,0,0,0,1.0,1.0,1.0,0.0,0.0,0.0,5,0,0
2809,48,21,27,1,22,5,20,13,5,1,5,0,0,0,0,0,2,0,0,0,0,0,0,1.0,1.0,1.0,0.0,0.0,0.0,5,0,0
2810,52,22,30,5,22,5,20,13,6,1,4,0,0,0,0,0,7,2,0,1,0,0,0,1.0,1.0,1.0,0.08333333333333333,0.08333333333333333,0.2857142857142857,5,4,0
2811,57,25,32,10,22,5,20,13,6,1,4,0,0,0,0,0,6,2,0,2,1,0,1,0.962962962962963,1.0,1.0,0.11538461538461539,0.11538461538461539,0.3333333333333333,5,6,1
2812,60,25,35,13,22,5,20,13,6,1,5,0,0,0,0,0,7,1,0,1,0,0,0,1.0,1.0,1.0,0.05263157894736842,0.05263157894736842,0.14285714285714285,5,3,0
2813,57,24,33,11,21,5,20,13,7,1,4,0,0,0,0,0,8,1,0,0,3,0,3,0.9142857142857143,1.0,1.0,0.0,0.0,0.125,5,0,3
2814,56,24,32,11,20,5,20,13,8,1,4,0,0,0,0,0,7,1,0,0,1,0,1,0.96875,1.0,1.0,0.0,0.0,0.14285714285714285,5,0,1
2815,56,24,32,11,20,5,20,13,8,1,4,0,0,0,0,0,0,0,0,0,0,0,0,1.0,1.0,1.0,0.0,0.0,0.0,5,0,0
2816,56,24,32,11,20,5,20,13,8,1,4,0,0,0,0,0,0,0,0,0,0,0,0,1.0,1.0,1.0,0.0,0.0,0.0,5,0,0
2817,53,22,31,11,18,5,19,13,8,1,4,0,0,0,0,0,0,0,0,0,2,0,2,0.935483870967742,0.8571428571428572,1.0,0.0,0.0,0.0,5,0,3
2818,52,22,30,10,18,5,19,13,8,1,4,0,0,0,0,0,0,0,0,0,1,0,1,0.9655172413793104,1.0,1.0,0.0,0.0,0.0,5,0,1
2819,52,22,30,10,18,5,19,13,8,1,4,0,0,0,0,0,0,0,0,0,0,0,0,1.0,1.0,1.0,0.0,0.0,0.0,5,0,0
2820,51,21,30,9,18,5,19,13,8,1,4,0,0,0,0,0,0,0,0,0,1,0,1,0.9642857142857143,1.0,1.0,0.0,0.0,0.0,5,0,1
2821,50,20,30,9,17,5,19,13,8,1,4,0,0,0,0,0,0,0,0,0,1,0,1,0.962962962962963,1.0,1.0,0.0,0.0,0.0,5,0,1
2822,49,20,29,9,16,5,19,13,8,1,4,0,0,0,0,0,0,0,0,0,1,0,1,0.9615384615384616,1.0,1.0,0.0,0.0,0.0,5,0,1
2823,49,20,29,9,16,5,19,13,8,0,4,0,0,0,0,0,0,0,0,0,0,0,0,1.0,1.0,1.0,0.0,0.0,0.0,5,0,0
2824,49,20,29,9,16,5,19,13,9,0,4,0,0,0,0,0,8,1,0,0,0,0,0,1.0,1.0,1.0,0.0,0.0,0.125,5,0,0
2825,48,20,28,9,15,5,19,13,9,0,4,0,0,0,0,0,0,0,0,0,1,0,1,0.96,1.0,1.0,0.0,0.0,0.0,5,0,1
2826,48,20,28,9,15,5,19,13,9,0,4,0,0,0,0,0,0,0,0,0,0,0,0,1.0,1.0,1.0,0.0,0.0,0.0,5,0,0
2827,48,20,28,9,15,5,19,13,9,0,4,0,0,0,0,0,0,0,0,0,0,0,0,1.0,1.0,1.0,0.0,0.0,0.0,5,0,0
2828,48,20,28,9,15,4,20,14,9,0,4,0,0,0,0,0,0,0,0,0,0,0,0,1.0,1.0,1.0,0.0,0.0,0.0,5,0,0
2829,48,20,28,9,15,3,21,14,9,0,4,0,0,0,0,0,0,0,0,0,0,0,0,1.0,1.0,1.0,0.0,0.0,0.0,5,0,0
2830,47,19,28,9,14,3,21,14,9,0,4,0,0,0,0,0,0,0,0,0,1,1,1,0.9583333333333334,1.0,1.0,0.0,0.0,0.0,5,0,1
2831,47,19,28,9,14,3,21,14,9,0,4,0,0,0,0,0,0,0,0,0,0,1,0,1.0,1.0,1.0,0.0,0.0,0.0,5,0,0
2832,47,19,28,9,14,2,22,14,10,0,4,0,0,0,0,0,4,1,0,0,0,1,0,1.0,1.0,1.0,0.0,0.0,0.25,5,0,0
2833,47,19,28,9,14,2,22,14,10,0,4,0,0,0,0,0,0,0,0,0,0,1,0,1.0,1.0,1.0,0.0,0.0,0.0,5,0,0
2834,47,19,28,9,13,3,22,14,10,0,4,0,0,0,0,0,0,0,0,0,0,1,0,1.0,1.0,1.0,0.0,0.0,0.0,5,0,0
2835,46,19,27,9,11,4,22,14,10,0,4,0,0,0,0,0,0,0,0,0,1,0,1,0.9523809523809523,1.0,1.0,0.0,0.0,0.0,5,0,1
2836,46,19,27,9,10,5,22,14,10,0,4,0,0,0,0,0,0,0,0,0,0,0,0,1.0,1.0,1.0,0.0,0.0,0.0,5,0,0
2837,46,19,27,9,9,6,22,14,10,0,4,0,0,0,0,0,0,0,0,0,0,0,0,1.0,1.0,1.0,0.0,0.0,0.0,5,0,0
2838,46,19,27,9,9,6,22,14,10,0,4,0,0,0,0,0,0,0,0,0,0,0,0,1.0,1.0,1.0,0.0,0.0,0.0,5,0,0
2839,46,19,27,9,9,6,22,14,10,0,4,0,0,0,0,0,0,0,0,0,0,0,0,1.0,1.0,1.0,0.0,0.0,0.0,5,0,0
2840,46,19,27,9,9,6,22,14,10,0,4,0,0,0,0,0,0,0,0,0,0,0,0,1.0,1.0,1.0,0.0,0.0,0.0,5,0,0
2841,46,19,27,9,9,6,22,14,10,0,4,0,0,0,0,0,0,0,0,0,0,0,0,1.0,1.0,1.0,0.0,0.0,0.0,5,0,0
2842,46,19,27,9,9,6,22,14,10,0,4,0,0,0,0,0,0,0,0,0,0,0,0,1.0,1.0,1.0,0.0,0.0,0.0,5,0,0
2843,46,19,27,9,9,6,22,14,10,0,4,0,0,0,0,0,0,0,0,0,0,0,0,1.0,1.0,1.0,0.0,0.0,0.0,5,0,0
2844,46,19,27,9,9,6,22,14,10,0,4,0,0,0,0,0,0,0,0,0,0,0,0,1.0,1.0,1.0,0.0,0.0,0.0,5,0,0
2845,46,19,27,9,9,6,22,14,10,0,4,0,0,0,0,0,0,0,0,0,0,0,0,1.0,1.0,1.0,0.0,0.0,0.0,5,0,0
2846,46,19,27,9,9,6,22,14,10,0,4,0,0,0,0,0,0,0,0,0,0,0,0,1.0,1.0,1.0,0.0,0.0,0.0,5,0,0
2847,46,19,27,9,9,6,22,14,10,0,4,0,0,0,0,0,0,0,0,0,0,0,0,1.0,1.0,1.0,0.0,0.0,0.0,5,0,0
2848,46,19,27,9,9,6,22,14,10,0,4,0,0,0,0,0,0,0,0,0,0,0,0,1.0,1.0,1.0,0.0,0.0,0.0,5,0,0
2849,46,19,27,9,9,6,22,14,10,0,4,0,0,0,0,0,0,0,0,0,0,0,0,1.0,1.0,1.0,0.0,0.0,0.0,5,0,0
2850,46,19,27,9,9,6,22,14,10,0,4,0,0,0,0,0,0,0,0,0,0,0,0,1.0,1.0,1.0,0.0,0.0,0.0,5,0,0
2851,46,19,27,9,9,6,22,14,10,0,4,0,0,0,0,0,0,0,0,0,0,0,0,1.0,1.0,1.0,0.0,0.0,0.0,5,0,0
2852,46,19,27,9,9,5,23,14,10,0,4,0,0,0,0,0,0,0,0,0,0,0,0,1.0,1.0,1.0,0.0,0.0,0.0,5,0,0
2853,45,19,26,5,12,5,23,14,10,0,4,0,0,0,0,0,0,0,0,0,1,0,1,0.9444444444444444,1.0,1.0,0.0,0.0,0.0,5,0,1
2854,45,19,26,2,15,5,23,14,10,0,4,0,0,0,0,0,0,0,0,0,0,0,0,1.0,1.0,1.0,0.0,0.0,0.0,5,0,0
2855,45,19,26,0,17,5,23,14,10,0,3,0,0,0,0,0,0,0,0,0,0,0,0,1.0,1.0,1.0,0.0,0.0,0.0,5,0,0
2856,45,19,26,0,17,5,23,14,10,0,1,0,0,0,0,0,0,0,0,0,0,0,0,1.0,1.0,1.0,0.0,0.0,0.0,5,0,0
2857,45,19,26,0,17,5,23,14,10,0,0,0,0,0,0,0,0,0,0,0,0,0,0,1.0,1.0,1.0,0.0,0.0,0.0,5,0,0
2858,45,19,26,0,17,5,23,14,10,0,0,0,0,0,0,0,0,0,0,0,0,0,0,1.0,1.0,1.0,0.0,0.0,0.0,5,0,0
2859,45,19,26,0,17,5,23,14,10,0,0,0,0,0,0,0,0,0,0,0,0,0,0,1.0,1.0,1.0,0.0,0.0,0.0,5,0,0
2860,45,19,26,0,17,5,23,14,10,0,0,0,0,0,0,0,0,0,0,0,0,0,0,1.0,1.0,1.0,0.0,0.0,0.0,5,0,0
2861,45,19,26,0,17,5,23,14,10,0,0,0,0,0,0,0,0,0,0,0,0,0,0,1.0,1.0,1.0,0.0,0.0,0.0,5,0,0
2862,45,19,26,0,17,5,23,14,10,0,0,0,0,0,0,0,0,0,0,0,0,0,0,1.0,1.0,1.0,0.0,0.0,0.0,5,0,0
2863,45,19,26,0,17,5,23,14,10,0,0,0,0,0,0,0,0,0,0,0,0,0,0,1.0,1.0,1.0,0.0,0.0,0.0,5,0,0
2864,45,19,26,0,17,5,23,14,10,0,0,0,0,0,0,0,0,0,0,0,0,0,0,1.0,1.0,1.0,0.0,0.0,0.0,5,0,0
2865,45,19,26,0,17,5,23,14,10,0,0,0,0,0,0,0,0,0,0,0,0,0,0,1.0,1.0,1.0,0.0,0.0,0.0,5,0,0
2866,45,19,26,0,17,5,23,14,10,0,0,0,0,0,0,0,0,0,0,0,0,0,0,1.0,1.0,1.0,0.0,0.0,0.0,5,0,0
2867,45,19,26,0,17,5,23,14,10,0,0,0,0,0,0,0,0,0,0,0,0,0,0,1.0,1.0,1.0,0.0,0.0,0.0,5,0,0
2868,45,19,26,0,17,5,23,14,10,0,0,0,0,0,0,0,0,0,0,0,0,0,0,1.0,1.0,1.0,0.0,0.0,0.0,5,0,0
2869,45,19,26,0,17,5,23,14,10,0,0,0,0,0,0,0,0,0,0,0,0,0,0,1.0,1.0,1.0,0.0,0.0,0.0,5,0,0
2870,45,19,26,0,17,5,23,14,10,0,0,0,0,0,0,0,0,0,0,0,0,0,0,1.0,1.0,1.0,0.0,0.0,0.0,5,0,0
2871,44,18,26,0,16,4,24,15,10,0,0,0,0,0,0,0,0,0,0,0,1,0,1,0.9411764705882353,1.0,1.0,0.0,0.0,0.0,5,0,1
2872,47,18,29,3,16,4,24,15,9,0,1,0,0,0,0,0,0,0,0,1,0,0,0,1.0,1.0,1.0,0.06818181818181818,0.06818181818181818,0.0,5,3,0
2873,47,18,29,3,16,4,24,15,9,0,1,0,0,0,0,0,0,0,0,0,0,0,0,1.0,1.0,1.0,0.0,0.0,0.0,5,0,0
2874,47,18,29,3,16,4,24,15,9,0,1,0,0,0,0,0,0,0,0,0,0,0,0,1.0,1.0,1.0,0.0,0.0,0.0,5,0,0
2875,55,23,32,11,16,4,24,15,7,0,3,0,0,0,0,0,0,0,0,2,0,0,0,1.0,1.0,1.0,0.1702127659574468,0.1702127659574468,0.0,5,8,0
2876,62,28,34,18,16,4,24,15,5,0,5,0,0,0,0,0,0,0,0,2,0,0,0,1.0,1.0,1.0,0.12727272727272726,0.12727272727272726,0.0,5,7,0
2877,65,31,34,22,15,4,24,15,4,0,6,0,0,0,0,0,0,0,0,1,1,1,1,0.9705882352941176,1.0,1.0,0.06451612903225806,0.06451612903225806,0.0,5,4,1
2878,66,32,34,24,14,4,24,15,3,0,7,0,0,0,0,0,0,0,0,1,2,0,2,0.9459459459459459,1.0,1.0,0.046153846153846156,0.046153846153846156,0.0,5,3,2
2879,70,33,37,28,14,4,24,15,2,0,8,0,0,0,0,0,0,0,0,1,0,0,0,1.0,1.0,1.0,0.06060606060606061,0.06060606060606061,0.0,5,4,0
2880,67,30,37,27,12,4,24,15,2,0,8,0,0,0,0,0,0,0,0,0,3,0,3,0.9285714285714286,1.0,1.0,0.0,0.0,0.0,5,0,3
2881,65,30,35,25,11,5,24,15,2,0,8,0,0,0,0,0,0,0,0,0,2,0,2,0.9473684210526316,1.0,1.0,0.0,0.0,0.0,5,0,2
2882,63,29,34,24,10,5,24,15,2,0,8,0,0,0,0,0,0,0,0,0,2,0,2,0.9444444444444444,1.0,1.0,0.0,0.0,0.0,5,0,2
2883,62,29,33,23,10,5,24,15,2,0,8,0,0,0,0,0,0,0,0,0,1,0,1,0.9705882352941176,1.0,1.0,0.0,0.0,0.0,5,0,1
2884,61,29,32,23,9,5,24,15,2,0,8,0,0,0,0,0,0,0,0,0,1,0,1,0.9696969696969697,1.0,1.0,0.0,0.0,0.0,5,0,1
2885,60,28,32,22,9,5,24,15,2,0,8,0,0,0,0,0,0,0,0,0,1,0,1,0.96875,1.0,1.0,0.0,0.0,0.0,5,0,1
2886,59,27,32,21,9,5,24,15,2,0,8,0,0,0,0,0,0,0,0,0,1,0,1,0.967741935483871,1.0,1.0,0.0,0.0,0.0,5,0,1
2887,59,27,32,21,9,5,24,15,2,0,8,0,0,0,0,0,0,0,0,0,0,0,0,1.0,1.0,1.0,0.0,0.0,0.0,5,0,0
2888,57,26,31,20,8,5,24,15,2,0,8,0,0,0,0,0,0,0,0,0,2,0,2,0.9333333333333333,1.0,1.0,0.0,0.0,0.0,5,0,2
2889,59,29,30,22,8,5,24,15,1,0,9,0,0,0,0,0,0,0,0,1,2,0,2,0.9285714285714286,1.0,1.0,0.07017543859649122,0.07017543859649122,0.0,5,4,2
2890,58,28,30,22,7,5,24,15,1,0,9,0,0,0,0,0,0,0,0,0,1,0,1,0.9666666666666667,1.0,1.0,0.0,0.0,0.0,5,0,1
2891,58,28,30,22,7,5,24,15,1,0,9,0,0,0,0,0,0,0,0,0,0,0,0,1.0,1.0,1.0,0.0,0.0,0.0,5,0,0
2892,57,28,29,21,7,5,24,15,1,0,9,0,0,0,0,0,0,0,0,0,1,0,1,0.9655172413793104,1.0,1.0,0.0,0.0,0.0,5,0,1
2893,56,27,29,20,7,5,24,15,1,0,9,0,0,0,0,0,0,0,0,0,1,0,1,0.9642857142857143,1.0,1.0,0.0,0.0,0.0,5,0,1
2894,56,27,29,20,7,5,24,15,1,0,9,0,0,0,0,0,0,0,0,0,0,0,0,1.0,1.0,1.0,0.0,0.0,0.0,5,0,0
2895,56,27,29,20,7,5,24,15,1,0,9,0,0,0,0,0,0,0,0,0,0,0,0,1.0,1.0,1.0,0.0,0.0,0.0,5,0,0
2896,55,26,29,20,6,5,24,15,1,0,9,0,0,0,0,0,0,0,0,0,1,0,1,0.962962962962963,1.0,1.0,0.0,0.0,0.0,5,0,1
2897,57,27,30,23,5,5,24,15,0,0,10,0,0,0,0,0,0,0,0,1,1,0,1,0.9615384615384616,1.0,1.0,0.05454545454545454,0.05454545454545454,0.0,5,3,1
2898,57,27,30,23,5,5,24,15,0,0,10,0,0,0,0,0,0,0,0,0,0,0,0,1.0,1.0,1.0,0.0,0.0,0.0,5,0,0
2899,57,27,30,23,5,5,24,15,0,0,10,0,0,0,0,0,0,0,0,0,0,0,0,1.0,1.0,1.0,0.0,0.0,0.0,5,0,0
2900,57,27,30,23,5,5,24,15,0,0,10,0,0,0,0,0,0,0,0,0,0,0,0,1.0,1.0,1.0,0.0,0.0,0.0,5,0,0
2901,57,27,30,23,5,5,24,15,0,0,10,0,0,0,0,0,0,0,0,0,0,0,0,1.0,1.0,1.0,0.0,0.0,0.0,5,0,0
2902,57,27,30,23,5,5,24,15,0,0,10,0,0,0,0,0,0,0,0,0,0,0,0,1.0,1.0,1.0,0.0,0.0,0.0,5,0,0
2903,57,27,30,23,5,5,24,15,0,0,10,0,0,0,0,0,0,0,0,0,0,0,0,1.0,1.0,1.0,0.0,0.0,0.0,5,0,0
2904,57,27,30,23,5,5,24,15,0,0,10,0,0,0,0,0,0,0,0,0,0,0,0,1.0,1.0,1.0,0.0,0.0,0.0,5,0,0
2905,57,27,30,23,5,5,24,15,0,0,10,0,0,0,0,0,0,0,0,0,0,0,0,1.0,1.0,1.0,0.0,0.0,0.0,5,0,0
2906,57,27,30,23,5,5,24,15,0,0,10,0,0,0,0,0,0,0,0,0,0,0,0,1.0,1.0,1.0,0.0,0.0,0.0,5,0,0
2907,57,27,30,23,5,5,24,15,0,0,10,0,0,0,0,0,0,0,0,0,0,0,0,1.0,1.0,1.0,0.0,0.0,0.0,5,0,0
2908,57,27,30,23,5,5,24,15,0,0,10,0,0,0,0,0,0,0,0,0,0,0,0,1.0,1.0,1.0,0.0,0.0,0.0,5,0,0
2909,57,27,30,23,5,5,24,15,0,0,10,0,0,0,0,0,0,0,0,0,0,0,0,1.0,1.0,1.0,0.0,0.0,0.0,5,0,0
2910,56,27,29,23,5,4,24,15,0,0,10,0,0,0,0,0,0,0,0,0,0,0,0,1.0,1.0,1.0,0.0,0.0,0.0,5,0,1
2911,56,27,29,23,5,4,24,15,0,0,10,0,0,0,0,0,0,0,0,0,0,0,0,1.0,1.0,1.0,0.0,0.0,0.0,5,0,0
2912,55,26,29,22,5,4,24,15,0,0,10,0,0,0,0,0,0,0,0,0,1,0,1,0.9642857142857143,1.0,1.0,0.0,0.0,0.0,5,0,1
2913,55,26,29,22,5,4,24,15,0,0,10,0,0,0,0,0,0,0,0,0,0,0,0,1.0,1.0,1.0,0.0,0.0,0.0,5,0,0
2914,55,26,29,22,5,4,24,15,0,0,10,0,0,0,0,0,0,0,0,0,0,0,0,1.0,1.0,1.0,0.0,0.0,0.0,5,0,0
2915,55,26,29,20,7,4,24,15,0,0,10,0,0,0,0,0,0,0,0,0,0,0,0,1.0,1.0,1.0,0.0,0.0,0.0,5,0,0
2916,55,26,29,20,7,4,24,15,0,0,10,0,0,0,0,0,0,0,0,0,0,0,0,1.0,1.0,1.0,0.0,0.0,0.0,5,0,0
2917,54,26,28,20,6,4,24,15,0,0,9,0,0,0,0,0,0,0,0,0,1,0,1,0.962962962962963,1.0,1.0,0.0,0.0,0.0,5,0,1
2918,54,26,28,17,9,4,24,15,0,0,9,0,0,0,0,0,0,0,0,0,0,0,0,1.0,1.0,1.0,0.0,0.0,0.0,5,0,0
2919,54,26,28,12,14,4,24,15,0,0,9,0,0,0,0,0,0,0,0,0,0,0,0,1.0,1.0,1.0,0.0,0.0,0.0,5,0,0
2920,53,25,28,10,15,4,24,15,0,0,7,0,0,0,0,0,0,0,0,0,1,0,1,0.9615384615384616,1.0,1.0,0.0,0.0,0.0,5,0,1
2921,52,25,27,10,14,4,24,15,0,0,5,0,0,0,0,0,0,0,0,0,1,0,1,0.96,1.0,1.0,0.0,0.0,0.0,5,0,1
2922,51,24,27,6,17,4,24,15,0,0,4,0,0,0,0,0,0,0,0,0,1,0,1,0.9583333333333334,1.0,1.0,0.0,0.0,0.0,5,0,1
2923,50,23,27,6,17,3,24,15,0,0,3,0,0,0,0,0,0,0,0,0,0,0,0,1.0,1.0,1.0,0.0,0.0,0.0,5,0,1
2924,50,23,27,6,17,3,24,15,0,0,2,0,0,0,0,0,0,0,0,0,0,0,0,1.0,1.0,1.0,0.0,0.0,0.0,5,0,0
2925,50,23,27,6,17,3,24,15,0,0,2,0,0,0,0,0,0,0,0,0,0,0,0,1.0,1.0,1.0,0.0,0.0,0.0,5,0,0
2926,49,23,26,6,16,3,24,15,0,0,2,0,0,0,0,0,0,0,0,0,1,0,1,0.9565217391304348,1.0,1.0,0.0,0.0,0.0,5,0,1
2927,49,23,26,6,16,3,24,15,0,0,2,0,0,0,0,0,0,0,0,0,0,0,0,1.0,1.0,1.0,0.0,0.0,0.0,5,0,0
2928,49,23,26,6,16,3,24,15,0,0,2,0,0,0,0,0,0,0,0,0,0,0,0,1.0,1.0,1.0,0.0,0.0,0.0,5,0,0
2929,49,23,26,6,16,3,24,15,0,0,2,0,0,0,0,0,0,0,0,0,0,0,0,1.0,1.0,1.0,0.0,0.0,0.0,5,0,0
2930,49,23,26,6,16,3,24,15,0,0,2,0,0,0,0,0,0,0,0,0,0,0,0,1.0,1.0,1.0,0.0,0.0,0.0,5,0,0
2931,49,23,26,6,16,3,24,15,0,0,2,0,0,0,0,0,0,0,0,0,0,0,0,1.0,1.0,1.0,0.0,0.0,0.0,5,0,0
2932,48,23,25,3,18,3,24,15,0,0,2,0,0,0,0,0,0,0,0,0,1,0,1,0.9545454545454546,1.0,1.0,0.0,0.0,0.0,5,0,1
2933,48,23,25,3,18,3,24,15,0,0,2,0,0,0,0,0,0,0,0,0,0,0,0,1.0,1.0,1.0,0.0,0.0,0.0,5,0,0
2934,48,23,25,3,18,3,24,15,0,0,1,0,0,0,0,0,0,0,0,0,0,0,0,1.0,1.0,1.0,0.0,0.0,0.0,5,0,0
2935,47,23,24,3,17,3,24,15,0,0,1,0,0,0,0,0,0,0,0,0,1,0,1,0.9523809523809523,1.0,1.0,0.0,0.0,0.0,5,0,1
2936,47,23,24,3,17,3,24,15,0,0,1,0,0,0,0,0,0,0,0,0,0,0,0,1.0,1.0,1.0,0.0,0.0,0.0,5,0,0
2937,47,23,24,3,17,3,24,15,0,0,1,0,0,0,0,0,0,0,0,0,0,0,0,1.0,1.0,1.0,0.0,0.0,0.0,5,0,0
2938,47,23,24,3,17,3,24,15,0,0,1,0,0,0,0,0,0,0,0,0,0,0,0,1.0,1.0,1.0,0.0,0.0,0.0,5,0,0
2939,47,23,24,3,17,3,24,15,0,0,1,0,0,0,0,0,0,0,0,0,0,0,0,1.0,1.0,1.0,0.0,0.0,0.0,5,0,0
2940,47,23,24,0,20,3,24,15,0,0,1,0,0,0,0,0,0,0,0,0,0,0,0,1.0,1.0,1.0,0.0,0.0,0.0,5,0,0
2941,47,23,24,0,20,3,24,15,0,0,1,0,0,0,0,0,0,0,0,0,0,0,0,1.0,1.0,1.0,0.0,0.0,0.0,5,0,0
2942,47,23,24,0,20,3,24,15,0,0,0,0,0,0,0,0,0,0,0,0,0,0,0,1.0,1.0,1.0,0.0,0.0,0.0,5,0,0
2943,47,23,24,0,20,3,24,15,0,0,0,0,0,0,0,0,0,0,0,0,0,0,0,1.0,1.0,1.0,0.0,0.0,0.0,5,0,0
2944,47,23,24,0,20,3,24,15,0,0,0,0,0,0,0,0,0,0,0,0,0,0,0,1.0,1.0,1.0,0.0,0.0,0.0,5,0,0
2945,47,23,24,0,20,3,24,15,0,0,0,0,0,0,0,0,0,0,0,0,0,0,0,1.0,1.0,1.0,0.0,0.0,0.0,5,0,0
2946,47,23,24,0,20,3,24,15,0,0,0,0,0,0,0,0,0,0,0,0,0,0,0,1.0,1.0,1.0,0.0,0.0,0.0,5,0,0
2947,47,23,24,0,20,3,24,15,0,0,0,0,0,0,0,0,0,0,0,0,0,0,0,1.0,1.0,1.0,0.0,0.0,0.0,5,0,0
2948,47,23,24,0,20,3,24,15,0,0,0,0,0,0,0,0,0,0,0,0,0,0,0,1.0,1.0,1.0,0.0,0.0,0.0,5,0,0
2949,47,23,24,0,20,3,24,15,0,0,0,0,0,0,0,0,0,0,0,0,0,0,0,1.0,1.0,1.0,0.0,0.0,0.0,5,0,0
2950,47,23,24,0,20,3,24,15,3,3,0,0,0,0,0,0,23,3,3,0,0,0,0,1.0,1.0,1.0,0.0,0.0,0.13043478260869565,5,0,0
2951,47,23,24,0,20,3,24,15,7,4,0,0,0,0,0,0,17,4,1,0,0,0,0,1.0,1.0,1.0,0.0,0.0,0.23529411764705882,5,0,0
2952,47,23,24,0,20,3,24,15,8,5,0,0,0,0,0,0,8,1,1,0,0,0,0,1.0,1.0,1.0,0.0,0.0,0.125,5,0,0
2953,47,23,24,0,20,3,24,15,10,5,0,0,0,0,0,0,11,2,0,0,0,0,0,1.0,1.0,1.0,0.0,0.0,0.18181818181818182,5,0,0
2954,47,23,24,0,20,3,24,15,10,5,0,0,0,0,0,0,0,0,0,0,0,0,0,1.0,1.0,1.0,0.0,0.0,0.0,5,0,0
2955,47,23,24,0,20,3,24,15,10,5,0,0,0,0,0,0,0,0,0,0,0,0,0,1.0,1.0,1.0,0.0,0.0,0.0,5,0,0
2956,46,23,23,0,19,3,24,15,10,5,0,0,0,0,0,0,0,0,0,0,1,0,1,0.95,1.0,1.0,0.0,0.0,0.0,5,0,1
2957,46,23,23,0,19,3,24,15,10,5,0,0,0,0,0,0,0,0,0,0,0,0,0,1.0,1.0,1.0,0.0,0.0,0.0,5,0,0
2958,46,23,23,0,19,3,24,15,10,5,0,0,0,0,0,0,0,0,0,0,0,0,0,1.0,1.0,1.0,0.0,0.0,0.0,5,0,0
2959,46,23,23,0,19,3,24,15,10,5,0,0,0,0,0,0,0,0,0,0,0,0,0,1.0,1.0,1.0,0.0,0.0,0.0,5,0,0
2960,46,23,23,0,19,3,24,15,10,5,0,0,0,0,0,0,0,0,0,0,0,0,0,1.0,1.0,1.0,0.0,0.0,0.0,5,0,0
2961,45,23,22,0,18,3,24,15,10,5,0,0,0,0,0,0,0,0,0,0,1,0,1,0.9473684210526316,1.0,1.0,0.0,0.0,0.0,5,0,1
2962,45,23,22,0,18,3,24,15,10,5,0,0,0,0,0,0,0,0,0,0,0,0,0,1.0,1.0,1.0,0.0,0.0,0.0,5,0,0
2963,45,23,22,0,18,3,24,15,10,5,0,0,0,0,0,0,0,0,0,0,0,0,0,1.0,1.0,1.0,0.0,0.0,0.0,5,0,0
2964,45,23,22,0,18,3,24,15,10,5,0,0,0,0,0,0,0,0,0,0,0,0,0,1.0,1.0,1.0,0.0,0.0,0.0,5,0,0
2965,45,23,22,0,18,3,24,15,10,5,0,0,0,0,0,0,0,0,0,0,0,0,0,1.0,1.0,1.0,0.0,0.0,0.0,5,0,0
2966,45,23,22,0,18,3,24,15,10,5,0,0,0,0,0,0,0,0,0,0,0,0,0,1.0,1.0,1.0,0.0,0.0,0.0,5,0,0
2967,45,23,22,0,18,3,24,15,10,5,0,0,0,0,0,0,0,0,0,0,0,0,0,1.0,1.0,1.0,0.0,0.0,0.0,5,0,0
2968,44,22,22,0,18,3,23,15,10,5,0,0,0,0,0,0,0,0,0,0,0,0,0,1.0,0.8888888888888888,1.0,0.0,0.0,0.0,5,0,1
2969,44,22,22,0,18,3,23,15,10,5,0,0,0,0,0,0,0,0,0,0,0,0,0,1.0,1.0,1.0,0.0,0.0,0.0,5,0,0
2970,44,22,22,0,18,2,24,15,10,5,0,0,0,0,0,0,0,0,0,0,0,0,0,1.0,1.0,1.0,0.0,0.0,0.0,5,0,0
2971,44,22,22,0,18,2,24,15,10,5,0,0,0,0,0,0,0,0,0,0,0,0,0,1.0,1.0,1.0,0.0,0.0,0.0,5,0,0
2972,44,22,22,0,18,2,24,15,10,5,0,0,0,0,0,0,0,0,0,0,0,0,0,1.0,1.0,1.0,0.0,0.0,0.0,5,0,0
2973,44,22,22,0,18,2,24,15,10,5,0,0,0,0,0,0,0,0,0,0,0,0,0,1.0,1.0,1.0,0.0,0.0,0.0,5,0,0
2974,44,22,22,0,18,2,24,15,10,5,0,0,0,0,0,0,0,0,0,0,0,0,0,1.0,1.0,1.0,0.0,0.0,0.0,5,0,0
2975,44,22,22,0,18,2,24,15,10,5,0,0,0,0,0,0,0,0,0,0,0,0,0,1.0,1.0,1.0,0.0,0.0,0.0,5,0,0
2976,44,22,22,0,18,2,24,15,10,5,0,0,0,0,0,0,0,0,0,0,0,0,0,1.0,1.0,1.0,0.0,0.0,0.0,5,0,0
2977,44,22,22,0,18,2,24,15,10,5,0,0,0,0,0,0,0,0,0,0,0,0,0,1.0,1.0,1.0,0.0,0.0,0.0,5,0,0
2978,44,22,22,0,18,2,24,15,10,5,0,0,0,0,0,0,0,0,0,0,0,0,0,1.0,1.0,1.0,0.0,0.0,0.0,5,0,0
2979,44,22,22,0,18,2,24,15,10,5,0,0,0,0,0,0,0,0,0,0,0,0,0,1.0,1.0,1.0,0.0,0.0,0.0,5,0,0
2980,44,22,22,0,18,2,24,15,10,5,0,0,0,0,0,0,0,0,0,0,0,0,0,1.0,1.0,1.0,0.0,0.0,0.0,5,0,0
2981,44,22,22,0,18,2,24,15,10,5,0,0,0,0,0,0,0,0,0,0,0,0,0,1.0,1.0,1.0,0.0,0.0,0.0,5,0,0
2982,44,22,22,0,18,2,24,15,10,5,0,0,0,0,0,0,0,0,0,0,0,0,0,1.0,1.0,1.0,0.0,0.0,0.0,5,0,0
2983,44,22,22,0,18,2,24,15,10,5,0,0,0,0,0,0,0,0,0,0,0,0,0,1.0,1.0,1.0,0.0,0.0,0.0,5,0,0
2984,43,22,21,0,18,1,24,15,10,5,0,0,0,0,0,0,0,0,0,0,0,0,0,1.0,1.0,1.0,0.0,0.0,0.0,5,0,1
2985,43,22,21,0,18,1,24,15,10,5,0,0,0,0,0,0,0,0,0,0,0,0,0,1.0,1.0,1.0,0.0,0.0,0.0,5,0,0
2986,43,22,21,0,18,1,24,15,10,5,0,0,0,0,0,0,0,0,0,0,0,0,0,1.0,1.0,1.0,0.0,0.0,0.0,5,0,0
2987,43,22,21,0,18,1,24,15,10,5,0,0,0,0,0,0,0,0,0,0,0,0,0,1.0,1.0,1.0,0.0,0.0,0.0,5,0,0
2988,43,22,21,0,18,1,24,15,10,5,0,0,0,0,0,0,0,0,0,0,0,0,0,1.0,1.0,1.0,0.0,0.0,0.0,5,0,0
2989,43,22,21,0,18,1,24,15,10,5,0,0,0,0,0,0,0,0,0,0,0,0,0,1.0,1.0,1.0,0.0,0.0,0.0,5,0,0
2990,43,22,21,0,18,1,24,15,10,5,0,0,0,0,0,0,0,0,0,0,0,2,0,1.0,1.0,1.0,0.0,0.0,0.0,5,0,0
2991,42,21,21,0,17,1,24,15,10,5,0,0,0,0,0,0,0,0,0,0,1,1,1,0.9444444444444444,1.0,1.0,0.0,0.0,0.0,5,0,1
2992,42,21,21,0,17,1,24,15,10,5,0,0,0,0,0,0,0,0,0,0,0,0,0,1.0,1.0,1.0,0.0,0.0,0.0,5,0,0
2993,42,21,21,0,17,1,24,15,10,5,0,0,0,0,0,0,0,0,0,0,0,0,0,1.0,1.0,1.0,0.0,0.0,0.0,5,0,0
2994,42,21,21,0,15,3,24,15,10,5,0,0,0,0,0,0,0,0,0,0,0,0,0,1.0,1.0,1.0,0.0,0.0,0.0,5,0,0
2995,42,21,21,0,14,4,24,15,10,2,0,0,0,0,0,0,0,0,0,0,0,0,0,1.0,1.0,1.0,0.0,0.0,0.0,5,0,0
2996,42,21,21,0,14,4,24,15,10,1,0,0,0,0,0,0,8,0,0,0,0,0,0,1.0,1.0,1.0,0.0,0.0,0.0,5,0,0
2997,42,21,21,0,14,4,24,15,14,0,0,0,0,0,0,0,11,4,0,0,0,0,0,1.0,1.0,1.0,0.0,0.0,0.36363636363636365,5,0,0
2998,41,20,21,0,14,4,23,15,14,1,0,0,0,0,0,0,2,0,1,0,0,0,0,1.0,0.8888888888888888,1.0,0.0,0.0,0.0,5,0,1
2999,41,20,21,0,14,4,23,15,14,1,0,0,0,0,0,0,0,0,0,0,0,0,0,1.0,1.0,1.0,0.0,0.0,0.0,5,0,0
3000,41,20,21,0,14,4,23,15,14,1,0,0,0,0,0,0,0,0,0,0,0,0,0,1.0,1.0,1.0,0.0,0.0,0.0,5,0,0
3001,41,20,21,0,14,4,23,15,14,1,0,0,0,0,0,0,0,0,0,0,0,0,0,1.0,1.0,1.0,0.0,0.0,0.0,5,0,0
3002,41,20,21,0,14,4,23,15,14,1,0,0,0,0,0,0,0,0,0,0,0,0,0,1.0,1.0,1.0,0.0,0.0,0.0,5,0,0
3003,41,20,21,0,14,4,23,15,14,1,0,0,0,0,0,0,0,0,0,0,0,0,0,1.0,1.0,1.0,0.0,0.0,0.0,5,0,0
3004,41,20,21,0,14,4,23,15,14,1,0,0,0,0,0,0,0,0,0,0,0,0,0,1.0,1.0,1.0,0.0,0.0,0.0,5,0,0
3005,41,20,21,0,14,3,24,16,15,1,0,0,0,0,0,0,4,1,0,0,0,0,0,1.0,1.0,1.0,0.0,0.0,0.25,5,0,0
3006,41,20,21,0,14,3,24,16,15,1,0,0,0,0,0,0,0,0,0,0,0,0,0,1.0,1.0,1.0,0.0,0.0,0.0,5,0,0
3007,41,20,21,0,14,3,24,16,15,1,0,0,0,0,0,0,0,0,0,0,0,0,0,1.0,1.0,1.0,0.0,0.0,0.0,5,0,0
3008,41,20,21,0,14,3,24,16,15,1,0,0,0,0,0,0,0,0,0,0,0,0,0,1.0,1.0,1.0,0.0,0.0,0.0,5,0,0
3009,41,20,21,0,14,3,24,16,15,1,0,0,0,0,0,0,0,0,0,0,0,0,0,1.0,1.0,1.0,0.0,0.0,0.0,5,0,0
3010,41,20,21,0,14,3,24,16,15,1,0,0,0,0,0,0,0,0,0,0,0,0,0,1.0,1.0,1.0,0.0,0.0,0.0,5,0,0
3011,41,20,21,0,14,3,24,16,15,1,0,0,0,0,0,0,0,0,0,0,0,0,0,1.0,1.0,1.0,0.0,0.0,0.0,5,0,0
3012,41,20,21,0,14,3,24,16,15,1,0,0,0,0,0,0,0,0,0,0,0,0,0,1.0,1.0,1.0,0.0,0.0,0.0,5,0,0
3013,41,20,21,0,14,3,24,16,15,1,0,0,0,0,0,0,0,0,0,0,0,0,0,1.0,1.0,1.0,0.0,0.0,0.0,5,0,0
3014,41,20,21,0,14,3,24,16,15,1,0,0,0,0,0,0,0,0,0,0,0,0,0,1.0,1.0,1.0,0.0,0.0,0.0,5,0,0
3015,52,25,27,11,14,3,24,16,12,1,3,0,0,0,0,0,0,0,0,3,0,0,0,1.0,1.0,1.0,0.2682926829268293,0.2682926829268293,0.0,5,11,0
3016,68,26,42,27,14,3,24,16,8,1,7,0,0,0,0,0,0,0,0,4,0,0,0,1.0,1.0,1.0,0.3076923076923077,0.3076923076923077,0.0,5,16,0
3017,71,27,44,30,14,3,24,16,7,1,8,0,0,0,0,0,0,0,0,1,0,0,0,1.0,1.0,1.0,0.04411764705882353,0.04411764705882353,0.0,5,3,0
3018,78,30,48,38,13,3,24,16,5,1,10,0,0,0,0,0,0,0,0,2,1,0,1,0.9772727272727273,1.0,1.0,0.11267605633802817,0.11267605633802817,0.0,5,8,1
3019,72,28,44,33,12,3,24,16,5,1,10,0,0,0,0,0,0,0,0,0,6,0,6,0.8823529411764706,1.0,1.0,0.0,0.0,0.0,5,0,6
3020,69,26,43,31,11,3,24,16,5,1,10,0,0,0,0,0,0,0,0,0,3,0,3,0.9333333333333333,1.0,1.0,0.0,0.0,0.0,5,0,3
3021,65,25,40,28,10,3,24,16,5,1,10,0,0,0,0,0,0,0,0,0,4,0,4,0.9047619047619048,1.0,1.0,0.0,0.0,0.0,5,0,4
3022,63,23,40,27,9,3,24,16,5,1,10,0,0,0,0,0,0,0,0,0,2,0,2,0.9473684210526316,1.0,1.0,0.0,0.0,0.0,5,0,2
3023,63,23,40,27,9,3,24,16,5,1,10,0,0,0,0,0,0,0,0,0,0,0,0,1.0,1.0,1.0,0.0,0.0,0.0,5,0,0
3024,62,22,40,26,9,3,24,16,5,1,10,0,0,0,0,0,0,0,0,0,1,0,1,0.9722222222222222,1.0,1.0,0.0,0.0,0.0,5,0,1
3025,61,22,39,25,9,2,25,17,5,1,10,0,0,0,0,0,0,0,0,0,1,0,1,0.9714285714285714,1.0,1.0,0.0,0.0,0.0,5,0,1
3026,61,22,39,25,9,2,25,17,5,1,10,0,0,0,0,0,0,0,0,0,0,0,0,1.0,1.0,1.0,0.0,0.0,0.0,5,0,0
3027,59,22,37,23,9,2,25,17,5,1,10,0,0,0,0,0,0,0,0,0,2,0,2,0.9411764705882353,1.0,1.0,0.0,0.0,0.0,5,0,2
3028,59,22,37,23,9,2,25,17,6,1,10,0,0,0,0,0,3,1,0,0,0,0,0,1.0,1.0,1.0,0.0,0.0,0.3333333333333333,5,0,0
3029,59,22,37,23,9,2,25,17,6,1,10,0,0,0,0,0,0,0,0,0,0,0,0,1.0,1.0,1.0,0.0,0.0,0.0,5,0,0
3030,59,22,37,23,9,2,25,17,6,1,10,0,0,0,0,0,0,0,0,0,0,0,0,1.0,1.0,1.0,0.0,0.0,0.0,5,0,0
3031,58,22,36,22,9,2,25,17,6,1,10,0,0,0,0,0,0,0,0,0,1,0,1,0.96875,1.0,1.0,0.0,0.0,0.0,5,0,1
3032,57,21,36,22,8,2,25,17,6,1,10,0,0,0,0,0,0,0,0,0,1,0,1,0.967741935483871,1.0,1.0,0.0,0.0,0.0,5,0,1
3033,55,21,34,21,7,2,25,17,6,1,10,0,0,0,0,0,0,0,0,0,2,0,2,0.9333333333333333,1.0,1.0,0.0,0.0,0.0,5,0,2
3034,54,20,34,20,7,2,25,17,6,1,10,0,0,0,0,0,0,0,0,0,1,0,1,0.9642857142857143,1.0,1.0,0.0,0.0,0.0,5,0,1
3035,53,20,33,19,7,2,25,17,6,1,10,0,0,0,0,0,0,0,0,0,1,0,1,0.962962962962963,1.0,1.0,0.0,0.0,0.0,5,0,1
3036,53,20,33,19,7,2,25,17,6,1,10,0,0,0,0,0,0,0,0,0,0,0,0,1.0,1.0,1.0,0.0,0.0,0.0,5,0,0
3037,53,20,33,19,7,2,25,17,6,1,10,0,0,0,0,0,0,0,0,0,0,0,0,1.0,1.0,1.0,0.0,0.0,0.0,5,0,0
3038,53,20,33,19,7,2,25,17,6,1,10,0,0,0,0,0,0,0,0,0,0,0,0,1.0,1.0,1.0,0.0,0.0,0.0,5,0,0
3039,53,20,33,19,7,2,25,17,6,1,10,0,0,0,0,0,0,0,0,0,0,0,0,1.0,1.0,1.0,0.0,0.0,0.0,5,0,0
3040,52,19,33,19,7,2,24,17,6,1,10,0,0,0,0,0,0,0,0,0,0,0,0,1.0,0.875,1.0,0.0,0.0,0.0,5,0,1
3041,52,19,33,19,7,2,24,17,6,1,10,0,0,0,0,0,0,0,0,0,0,0,0,1.0,1.0,1.0,0.0,0.0,0.0,5,0,0
3042,52,19,33,19,7,2,24,17,6,1,10,0,0,0,0,0,0,0,0,0,0,0,0,1.0,1.0,1.0,0.0,0.0,0.0,5,0,0
3043,52,19,33,19,7,2,24,17,6,0,10,0,0,0,0,0,0,0,0,0,0,0,0,1.0,1.0,1.0,0.0,0.0,0.0,5,0,0
3044,52,19,33,19,7,2,24,17,7,0,10,0,0,0,0,0,7,1,0,0,0,0,0,1.0,1.0,1.0,0.0,0.0,0.14285714285714285,5,0,0
3045,52,19,33,19,7,2,24,17,7,0,10,0,0,0,0,0,0,0,0,0,0,0,0,1.0,1.0,1.0,0.0,0.0,0.0,5,0,0
3046,52,19,33,19,7,2,24,17,7,0,10,0,0,0,0,0,0,0,0,0,0,0,0,1.0,1.0,1.0,0.0,0.0,0.0,5,0,0
3047,52,19,33,19,7,2,24,17,7,0,10,0,0,0,0,0,0,0,0,0,0,0,0,1.0,1.0,1.0,0.0,0.0,0.0,5,0,0
3048,52,19,33,19,7,2,24,17,7,0,10,0,0,0,0,0,0,0,0,0,0,0,0,1.0,1.0,1.0,0.0,0.0,0.0,5,0,0
3049,52,19,33,19,7,2,24,17,7,0,10,0,0,0,0,0,0,0,0,0,0,0,0,1.0,1.0,1.0,0.0,0.0,0.0,5,0,0
3050,52,19,33,19,7,2,24,17,7,0,10,0,0,0,0,0,0,0,0,0,0,0,0,1.0,1.0,1.0,0.0,0.0,0.0,5,0,0
3051,50,18,32,17,7,2,24,17,7,0,10,0,0,0,0,0,0,0,0,0,2,0,2,0.9230769230769231,1.0,1.0,0.0,0.0,0.0,5,0,2
3052,50,18,32,17,7,2,24,17,7,0,10,0,0,0,0,0,0,0,0,0,0,1,0,1.0,1.0,1.0,0.0,0.0,0.0,5,0,0
3053,50,18,32,17,7,2,24,17,7,0,10,0,0,0,0,0,0,0,0,0,0,0,0,1.0,1.0,1.0,0.0,0.0,0.0,5,0,0
3054,50,18,32,17,7,2,24,17,7,0,10,0,0,0,0,0,0,0,0,0,0,0,0,1.0,1.0,1.0,0.0,0.0,0.0,5,0,0
3055,48,17,31,16,6,2,24,17,7,0,10,0,0,0,0,0,0,0,0,0,2,1,2,0.9166666666666666,1.0,1.0,0.0,0.0,0.0,5,0,2
3056,47,16,31,16,4,3,24,17,7,0,10,0,0,0,0,0,0,0,0,0,1,2,1,0.9523809523809523,1.0,1.0,0.0,0.0,0.0,5,0,1
3057,46,16,30,15,4,3,24,17,7,0,10,0,0,0,0,0,0,0,0,0,1,0,1,0.95,1.0,1.0,0.0,0.0,0.0,5,0,1
3058,46,16,30,10,9,3,24,17,7,0,10,0,0,0,0,0,0,0,0,0,0,0,0,1.0,1.0,1.0,0.0,0.0,0.0,5,0,0
3059,45,16,29,4,13,4,24,17,7,0,10,0,0,0,0,0,0,0,0,0,1,0,1,0.9444444444444444,1.0,1.0,0.0,0.0,0.0,5,0,1
3060,45,16,29,2,13,6,24,17,7,0,7,0,0,0,0,0,0,0,0,0,0,0,0,1.0,1.0,1.0,0.0,0.0,0.0,5,0,0
3061,45,16,29,0,15,6,24,17,9,0,3,0,0,0,0,0,12,2,0,0,0,0,0,1.0,1.0,1.0,0.0,0.0,0.16666666666666666,5,0,0
3062,60,21,39,15,15,6,24,17,6,2,6,0,0,0,0,0,16,1,2,4,0,0,0,1.0,1.0,1.0,0.3333333333333333,0.3333333333333333,0.0625,5,15,0
3063,58,20,38,15,13,6,24,17,9,2,4,0,0,0,0,0,16,3,0,0,2,0,2,0.9333333333333333,1.0,1.0,0.0,0.0,0.1875,5,0,2
3064,58,20,38,15,13,6,24,17,11,2,4,0,0,0,0,0,13,2,0,0,0,0,0,1.0,1.0,1.0,0.0,0.0,0.15384615384615385,5,0,0
3065,57,20,37,14,13,6,24,17,11,2,4,0,0,0,0,0,0,0,0,0,1,0,1,0.9642857142857143,1.0,1.0,0.0,0.0,0.0,5,0,1
3066,57,20,37,14,13,6,24,17,11,2,4,0,0,0,0,0,0,0,0,0,0,0,0,1.0,1.0,1.0,0.0,0.0,0.0,5,0,0
3067,57,20,37,14,13,6,24,17,11,2,4,0,0,0,0,0,0,0,0,0,0,0,0,1.0,1.0,1.0,0.0,0.0,0.0,5,0,0
3068,56,20,36,14,12,6,24,17,11,2,4,0,0,0,0,0,0,0,0,0,1,0,1,0.962962962962963,1.0,1.0,0.0,0.0,0.0,5,0,1
3069,56,20,36,14,12,6,24,17,11,2,4,0,0,0,0,0,0,0,0,0,0,1,0,1.0,1.0,1.0,0.0,0.0,0.0,5,0,0
3070,59,23,36,17,12,6,24,17,10,2,5,0,0,0,0,0,0,0,0,1,0,0,0,1.0,1.0,1.0,0.05357142857142857,0.05357142857142857,0.0,5,3,0
3071,58,22,36,16,12,6,24,17,10,2,5,0,0,0,0,0,0,0,0,0,1,0,1,0.9655172413793104,1.0,1.0,0.0,0.0,0.0,5,0,1
3072,56,22,34,15,12,6,23,16,9,2,5,0,0,0,0,0,0,0,0,0,1,0,1,0.9642857142857143,1.0,0.9411764705882353,0.0,0.0,0.0,5,0,2
3073,55,22,33,15,11,6,23,16,9,2,5,0,0,0,0,0,0,0,0,0,0,0,0,1.0,1.0,1.0,0.0,0.0,0.0,5,0,1
3074,54,21,33,15,11,6,22,16,9,2,5,0,0,0,0,0,0,0,0,0,0,0,0,1.0,0.8571428571428572,1.0,0.0,0.0,0.0,5,0,1
3075,53,20,33,15,10,6,22,16,9,2,5,0,0,0,0,0,0,0,0,0,1,0,1,0.9615384615384616,1.0,1.0,0.0,0.0,0.0,5,0,1
3076,53,20,33,15,10,6,22,16,9,2,5,0,0,0,0,0,0,0,0,0,0,0,0,1.0,1.0,1.0,0.0,0.0,0.0,5,0,0
3077,52,20,32,15,9,6,22,16,9,2,5,0,0,0,0,0,0,0,0,0,1,0,1,0.96,1.0,1.0,0.0,0.0,0.0,5,0,1
3078,52,20,32,15,9,6,22,16,9,2,5,0,0,0,0,0,0,0,0,0,0,0,0,1.0,1.0,1.0,0.0,0.0,0.0,5,0,0
3079,52,20,32,15,9,6,22,16,9,2,5,0,0,0,0,0,0,0,0,0,0,0,0,1.0,1.0,1.0,0.0,0.0,0.0,5,0,0
3080,52,20,32,15,9,6,22,16,9,2,5,0,0,0,0,0,0,0,0,0,0,0,0,1.0,1.0,1.0,0.0,0.0,0.0,5,0,0
3081,52,20,32,15,9,6,22,16,9,2,5,0,0,0,0,0,0,0,0,0,0,0,0,1.0,1.0,1.0,0.0,0.0,0.0,5,0,0
3082,52,20,32,15,9,6,22,16,9,2,5,0,0,0,0,0,0,0,0,0,0,0,0,1.0,1.0,1.0,0.0,0.0,0.0,5,0,0
3083,51,20,31,15,8,6,22,16,9,2,5,0,0,0,0,0,0,0,0,0,1,0,1,0.9583333333333334,1.0,1.0,0.0,0.0,0.0,5,0,1
3084,50,19,31,15,8,6,21,16,9,2,5,0,0,0,0,0,0,0,0,0,0,0,0,1.0,0.8333333333333334,1.0,0.0,0.0,0.0,5,0,1
3085,50,19,31,15,8,6,21,16,9,2,5,0,0,0,0,0,0,0,0,0,0,0,0,1.0,1.0,1.0,0.0,0.0,0.0,5,0,0
3086,50,19,31,15,8,6,21,16,9,2,5,0,0,0,0,0,0,0,0,0,0,0,0,1.0,1.0,1.0,0.0,0.0,0.0,5,0,0
3087,50,19,31,15,8,6,21,16,9,2,5,0,0,0,0,0,0,0,0,0,0,0,0,1.0,1.0,1.0,0.0,0.0,0.0,5,0,0
3088,50,19,31,15,8,6,21,16,9,2,5,0,0,0,0,0,0,0,0,0,0,0,0,1.0,1.0,1.0,0.0,0.0,0.0,5,0,0
3089,50,19,31,15,8,6,21,16,9,2,5,0,0,0,0,0,0,0,0,0,0,0,0,1.0,1.0,1.0,0.0,0.0,0.0,5,0,0
3090,50,19,31,15,8,6,21,16,9,2,5,0,0,0,0,0,0,0,0,0,0,0,0,1.0,1.0,1.0,0.0,0.0,0.0,5,0,0
3091,50,19,31,15,8,6,21,16,9,2,5,0,0,0,0,0,0,0,0,0,0,0,0,1.0,1.0,1.0,0.0,0.0,0.0,5,0,0
3092,49,19,30,14,8,6,21,16,9,2,5,0,0,0,0,0,0,0,0,0,1,0,1,0.9565217391304348,1.0,1.0,0.0,0.0,0.0,5,0,1
3093,49,19,30,14,8,6,21,16,9,2,5,0,0,0,0,0,0,0,0,0,0,0,0,1.0,1.0,1.0,0.0,0.0,0.0,5,0,0
3094,49,19,30,14,8,6,21,16,9,2,5,0,0,0,0,0,0,0,0,0,0,0,0,1.0,1.0,1.0,0.0,0.0,0.0,5,0,0
3095,49,19,30,14,8,6,21,16,9,2,5,0,0,0,0,0,0,0,0,0,0,0,0,1.0,1.0,1.0,0.0,0.0,0.0,5,0,0
3096,49,19,30,14,8,6,21,16,9,2,5,0,0,0,0,0,0,0,0,0,0,0,0,1.0,1.0,1.0,0.0,0.0,0.0,5,0,0
3097,49,19,30,14,8,6,21,16,9,2,5,0,0,0,0,0,0,0,0,0,0,0,0,1.0,1.0,1.0,0.0,0.0,0.0,5,0,0
3098,48,19,29,14,7,6,21,16,9,2,5,0,0,0,0,0,0,0,0,0,1,0,1,0.9545454545454546,1.0,1.0,0.0,0.0,0.0,5,0,1
3099,48,19,29,14,7,6,21,16,9,2,5,0,0,0,0,0,0,0,0,0,0,0,0,1.0,1.0,1.0,0.0,0.0,0.0,5,0,0
3100,48,19,29,14,7,6,21,16,9,2,5,0,0,0,0,0,0,0,0,0,0,0,0,1.0,1.0,1.0,0.0,0.0,0.0,5,0,0
3101,48,19,29,14,7,6,21,16,9,2,5,0,0,0,0,0,0,0,0,0,0,0,0,1.0,1.0,1.0,0.0,0.0,0.0,5,0,0
3102,48,19,29,14,7,6,21,16,9,2,5,0,0,0,0,0,0,0,0,0,0,0,0,1.0,1.0,1.0,0.0,0.0,0.0,5,0,0
3103,46,19,27,13,7,6,20,15,9,2,4,0,0,0,0,0,0,0,0,0,1,0,1,0.9523809523809523,1.0,0.9375,0.0,0.0,0.0,5,0,2
3104,45,19,26,13,6,6,20,15,9,2,4,0,0,0,0,0,0,0,0,0,1,0,1,0.95,1.0,1.0,0.0,0.0,0.0,5,0,1
3105,45,19,26,2,17,6,20,15,9,2,4,0,0,0,0,0,0,0,0,0,0,0,0,1.0,1.0,1.0,0.0,0.0,0.0,5,0,0
3106,45,19,26,2,17,6,20,15,9,2,4,0,0,0,0,0,0,0,0,0,0,0,0,1.0,1.0,1.0,0.0,0.0,0.0,5,0,0
3107,45,19,26,2,17,6,20,15,9,0,1,0,0,0,0,0,0,0,0,0,0,0,0,1.0,1.0,1.0,0.0,0.0,0.0,5,0,0
3108,45,19,26,2,17,6,20,15,10,1,1,0,0,0,0,0,6,1,1,0,0,0,0,1.0,1.0,1.0,0.0,0.0,0.16666666666666666,5,0,0
3109,47,20,27,5,16,6,20,15,11,2,2,0,0,0,0,0,6,2,1,1,1,0,1,0.9473684210526316,1.0,1.0,0.06666666666666667,0.06666666666666667,0.3333333333333333,5,3,1
3110,47,20,27,5,16,6,20,15,11,2,2,0,0,0,0,0,0,0,0,0,0,0,0,1.0,1.0,1.0,0.0,0.0,0.0,5,0,0
3111,47,20,27,5,16,6,20,15,11,2,2,0,0,0,0,0,0,0,0,0,0,0,0,1.0,1.0,1.0,0.0,0.0,0.0,5,0,0
3112,46,19,27,5,16,5,20,15,11,2,2,0,0,0,0,0,0,0,0,0,0,0,0,1.0,1.0,1.0,0.0,0.0,0.0,5,0,1
3113,46,19,27,3,18,5,20,15,11,2,2,0,0,0,0,0,0,0,0,0,0,0,0,1.0,1.0,1.0,0.0,0.0,0.0,5,0,0
3114,46,19,27,3,18,5,20,15,11,2,2,0,0,0,0,0,0,0,0,0,0,0,0,1.0,1.0,1.0,0.0,0.0,0.0,5,0,0
3115,46,19,27,3,18,5,20,15,11,2,1,0,0,0,0,0,0,0,0,0,0,0,0,1.0,1.0,1.0,0.0,0.0,0.0,5,0,0
3116,46,19,27,3,18,5,20,15,12,2,1,0,0,0,0,0,7,1,0,0,0,0,0,1.0,1.0,1.0,0.0,0.0,0.14285714285714285,5,0,0
3117,46,19,27,3,18,5,20,15,12,2,1,0,0,0,0,0,0,0,0,0,0,0,0,1.0,1.0,1.0,0.0,0.0,0.0,5,0,0
3118,46,19,27,3,18,5,20,15,12,2,1,0,0,0,0,0,0,0,0,0,0,0,0,1.0,1.0,1.0,0.0,0.0,0.0,5,0,0
3119,45,18,27,3,17,5,20,15,12,2,1,0,0,0,0,0,0,0,0,0,1,0,1,0.9523809523809523,1.0,1.0,0.0,0.0,0.0,5,0,1
3120,44,17,27,3,16,5,20,15,12,2,1,0,0,0,0,0,0,0,0,0,1,0,1,0.95,1.0,1.0,0.0,0.0,0.0,5,0,1
3121,44,17,27,3,16,5,20,15,12,2,1,0,0,0,0,0,0,0,0,0,0,0,0,1.0,1.0,1.0,0.0,0.0,0.0,5,0,0
3122,44,17,27,3,16,5,20,15,12,2,1,0,0,0,0,0,0,0,0,0,0,0,0,1.0,1.0,1.0,0.0,0.0,0.0,5,0,0
3123,44,17,27,3,16,5,20,15,12,2,1,0,0,0,0,0,0,0,0,0,0,0,0,1.0,1.0,1.0,0.0,0.0,0.0,5,0,0
3124,44,17,27,3,16,5,20,15,12,2,1,0,0,0,0,0,0,0,0,0,0,0,0,1.0,1.0,1.0,0.0,0.0,0.0,5,0,0
3125,44,17,27,3,16,5,20,15,12,2,1,0,0,0,0,0,0,0,0,0,0,0,0,1.0,1.0,1.0,0.0,0.0,0.0,5,0,0
3126,52,21,31,11,16,5,20,15,10,2,3,0,0,0,0,0,0,0,0,2,0,0,0,1.0,1.0,1.0,0.18181818181818182,0.18181818181818182,0.0,5,8,0
3127,55,21,34,14,16,5,20,15,9,2,4,0,0,0,0,0,0,0,0,1,0,0,0,1.0,1.0,1.0,0.057692307692307696,0.057692307692307696,0.0,5,3,0
3128,66,27,39,25,16,5,20,15,6,2,7,0,0,0,0,0,0,0,0,3,0,0,0,1.0,1.0,1.0,0.2,0.2,0.0,5,11,0
3129,73,30,43,32,16,4,21,15,4,2,9,0,0,0,0,0,0,0,0,2,0,0,0,1.0,1.0,1.0,0.10606060606060606,0.10606060606060606,0.0,5,7,0
3130,71,29,42,30,16,3,22,15,4,2,9,0,0,0,0,0,0,0,0,0,2,0,2,0.9583333333333334,1.0,1.0,0.0,0.0,0.0,5,0,2
3131,68,26,42,28,15,3,22,15,4,2,9,0,0,0,0,0,0,0,0,0,3,0,3,0.9347826086956522,1.0,1.0,0.0,0.0,0.0,5,0,3
3132,68,26,42,28,15,3,22,15,4,2,9,0,0,0,0,0,0,0,0,0,0,0,0,1.0,1.0,1.0,0.0,0.0,0.0,5,0,0
3133,67,25,42,28,14,3,22,15,4,2,9,0,0,0,0,0,0,0,0,0,1,0,1,0.9767441860465116,1.0,1.0,0.0,0.0,0.0,5,0,1
3134,59,24,35,23,11,3,22,15,4,2,9,0,0,0,0,0,0,0,0,0,8,0,8,0.8095238095238095,1.0,1.0,0.0,0.0,0.0,5,0,8
3135,57,23,34,22,11,3,21,14,3,2,9,0,0,0,0,0,0,0,0,0,1,0,1,0.9705882352941176,1.0,0.9333333333333333,0.0,0.0,0.0,5,0,2
3136,55,22,33,21,10,3,21,14,3,2,9,0,0,0,0,0,0,0,0,0,2,0,2,0.9393939393939394,1.0,1.0,0.0,0.0,0.0,5,0,2
3137,55,22,33,21,10,3,21,14,3,2,9,0,0,0,0,0,0,0,0,0,0,0,0,1.0,1.0,1.0,0.0,0.0,0.0,5,0,0
3138,52,20,32,20,9,3,20,14,3,2,9,0,0,0,0,0,0,0,0,0,2,0,2,0.935483870967742,0.8571428571428572,1.0,0.0,0.0,0.0,5,0,3
3139,52,20,32,20,9,3,20,14,3,2,9,0,0,0,0,0,0,0,0,0,0,0,0,1.0,1.0,1.0,0.0,0.0,0.0,5,0,0
3140,50,19,31,20,8,2,20,14,3,2,9,0,0,0,0,0,0,0,0,0,1,0,1,0.9655172413793104,1.0,1.0,0.0,0.0,0.0,5,0,2
3141,50,19,31,20,8,2,20,14,3,2,9,0,0,0,0,0,0,0,0,0,0,0,0,1.0,1.0,1.0,0.0,0.0,0.0,5,0,0
3142,49,19,30,19,8,2,20,14,3,2,9,0,0,0,0,0,0,0,0,0,1,0,1,0.9642857142857143,1.0,1.0,0.0,0.0,0.0,5,0,1
3143,48,18,30,18,8,2,20,14,3,2,9,0,0,0,0,0,0,0,0,0,1,0,1,0.962962962962963,1.0,1.0,0.0,0.0,0.0,5,0,1
3144,48,18,30,18,8,2,20,14,3,2,9,0,0,0,0,0,0,0,0,0,0,0,0,1.0,1.0,1.0,0.0,0.0,0.0,5,0,0
3145,48,18,30,18,8,2,20,14,3,2,9,0,0,0,0,0,0,0,0,0,0,0,0,1.0,1.0,1.0,0.0,0.0,0.0,5,0,0
3146,48,18,30,18,8,2,20,14,3,2,9,0,0,0,0,0,0,0,0,0,0,0,0,1.0,1.0,1.0,0.0,0.0,0.0,5,0,0
3147,48,18,30,18,8,2,20,14,3,2,9,0,0,0,0,0,0,0,0,0,0,0,0,1.0,1.0,1.0,0.0,0.0,0.0,5,0,0
3148,48,18,30,18,8,2,20,14,3,2,9,0,0,0,0,0,0,0,0,0,0,0,0,1.0,1.0,1.0,0.0,0.0,0.0,5,0,0
3149,48,18,30,18,8,2,20,14,3,2,9,0,0,0,0,0,0,0,0,0,0,0,0,1.0,1.0,1.0,0.0,0.0,0.0,5,0,0
3150,47,17,30,17,8,2,20,14,3,2,9,0,0,0,0,0,0,0,0,0,1,0,1,0.9615384615384616,1.0,1.0,0.0,0.0,0.0,5,0,1
3151,47,17,30,17,8,2,20,14,3,2,9,0,0,0,0,0,0,0,0,0,0,0,0,1.0,1.0,1.0,0.0,0.0,0.0,5,0,0
3152,47,17,30,14,11,2,20,14,3,2,9,0,0,0,0,0,0,0,0,0,0,0,0,1.0,1.0,1.0,0.0,0.0,0.0,5,0,0
3153,47,17,30,14,11,2,20,14,3,1,9,0,0,0,0,0,0,0,0,0,0,0,0,1.0,1.0,1.0,0.0,0.0,0.0,5,0,0
3154,47,17,30,14,11,2,20,14,3,1,8,0,0,0,0,0,2,0,1,0,0,0,0,1.0,1.0,1.0,0.0,0.0,0.0,5,0,0
3155,46,16,30,14,10,2,20,14,5,1,8,0,0,0,0,0,9,2,0,0,1,0,1,0.96,1.0,1.0,0.0,0.0,0.2222222222222222,5,0,1
3156,46,16,30,14,10,2,20,14,5,1,8,0,0,0,0,0,0,0,0,0,0,0,0,1.0,1.0,1.0,0.0,0.0,0.0,5,0,0
3157,46,16,30,14,10,2,20,14,5,1,8,0,0,0,0,0,0,0,0,0,0,0,0,1.0,1.0,1.0,0.0,0.0,0.0,5,0,0
3158,46,16,30,14,10,2,20,14,5,1,8,0,0,0,0,0,0,0,0,0,0,0,0,1.0,1.0,1.0,0.0,0.0,0.0,5,0,0
3159,45,15,30,13,10,2,20,14,5,1,8,0,0,0,0,0,0,0,0,0,1,0,1,0.9583333333333334,1.0,1.0,0.0,0.0,0.0,5,0,1
3160,45,15,30,13,10,2,20,14,5,1,8,0,0,0,0,0,0,0,0,0,0,0,0,1.0,1.0,1.0,0.0,0.0,0.0,5,0,0
3161,45,15,30,13,10,2,20,14,5,1,8,0,0,0,0,0,0,0,0,0,0,0,0,1.0,1.0,1.0,0.0,0.0,0.0,5,0,0
3162,45,15,30,13,10,2,20,14,5,1,8,0,0,0,0,0,0,0,0,0,0,0,0,1.0,1.0,1.0,0.0,0.0,0.0,5,0,0
3163,45,15,30,13,10,2,20,14,5,1,8,0,0,0,0,0,0,0,0,0,0,0,0,1.0,1.0,1.0,0.0,0.0,0.0,5,0,0
3164,45,15,30,13,10,2,20,14,5,1,8,0,0,0,0,0,0,0,0,0,0,0,0,1.0,1.0,1.0,0.0,0.0,0.0,5,0,0
3165,45,15,30,13,10,2,20,14,5,1,8,0,0,0,0,0,0,0,0,0,0,0,0,1.0,1.0,1.0,0.0,0.0,0.0,5,0,0
3166,44,15,29,13,9,2,20,14,5,1,8,0,0,0,0,0,0,0,0,0,1,0,1,0.9565217391304348,1.0,1.0,0.0,0.0,0.0,5,0,1
3167,44,15,29,13,9,2,20,14,5,1,8,0,0,0,0,0,0,0,0,0,0,0,0,1.0,1.0,1.0,0.0,0.0,0.0,5,0,0
3168,44,15,29,13,9,2,20,14,5,1,8,0,0,0,0,0,0,0,0,0,0,0,0,1.0,1.0,1.0,0.0,0.0,0.0,5,0,0
3169,44,15,29,11,11,2,20,14,5,1,8,0,0,0,0,0,0,0,0,0,0,0,0,1.0,1.0,1.0,0.0,0.0,0.0,5,0,0
3170,44,15,29,9,13,2,20,14,5,1,8,0,0,0,0,0,0,0,0,0,0,0,0,1.0,1.0,1.0,0.0,0.0,0.0,5,0,0
3171,44,15,29,4,18,2,20,14,5,1,6,0,0,0,0,0,0,0,0,0,0,0,0,1.0,1.0,1.0,0.0,0.0,0.0,5,0,0
3172,44,15,29,0,22,2,20,14,7,1,5,0,0,0,0,0,6,2,0,0,0,0,0,1.0,1.0,1.0,0.0,0.0,0.3333333333333333,5,0,0
3173,48,18,30,4,22,2,20,14,6,1,3,0,0,0,0,0,1,0,0,1,0,0,0,1.0,1.0,1.0,0.09090909090909091,0.09090909090909091,0.0,5,4,0
3174,51,19,32,7,22,2,20,14,7,2,2,0,0,0,0,0,11,2,1,1,0,0,0,1.0,1.0,1.0,0.0625,0.0625,0.18181818181818182,5,3,0
3175,51,19,32,7,22,2,20,14,8,4,2,0,0,0,0,0,6,1,2,0,0,0,0,1.0,1.0,1.0,0.0,0.0,0.16666666666666666,5,0,0
3176,51,19,32,7,22,2,20,14,8,4,2,0,0,0,0,0,0,0,0,0,0,0,0,1.0,1.0,1.0,0.0,0.0,0.0,5,0,0
3177,51,19,32,7,22,2,20,14,8,4,2,0,0,0,0,0,0,0,0,0,0,0,0,1.0,1.0,1.0,0.0,0.0,0.0,5,0,0
3178,50,19,31,7,21,2,20,14,8,4,2,0,0,0,0,0,0,0,0,0,1,0,1,0.9655172413793104,1.0,1.0,0.0,0.0,0.0,5,0,1
3179,49,19,30,7,20,2,20,14,8,4,2,0,0,0,0,0,0,0,0,0,1,0,1,0.9642857142857143,1.0,1.0,0.0,0.0,0.0,5,0,1
3180,48,19,29,6,20,2,20,14,8,4,2,0,0,0,0,0,0,0,0,0,1,0,1,0.962962962962963,1.0,1.0,0.0,0.0,0.0,5,0,1
3181,52,19,33,10,20,2,20,14,7,4,3,0,0,0,0,0,0,0,0,1,0,0,0,1.0,1.0,1.0,0.08333333333333333,0.08333333333333333,0.0,5,4,0
3182,52,19,33,10,20,2,20,14,7,4,3,0,0,0,0,0,0,0,0,0,0,0,0,1.0,1.0,1.0,0.0,0.0,0.0,5,0,0
3183,51,19,32,9,20,2,20,14,7,4,3,0,0,0,0,0,0,0,0,0,1,0,1,0.9666666666666667,1.0,1.0,0.0,0.0,0.0,5,0,1
3184,51,19,32,9,20,2,20,14,7,4,3,0,0,0,0,0,0,0,0,0,0,0,0,1.0,1.0,1.0,0.0,0.0,0.0,5,0,0
3185,51,19,32,9,20,2,20,14,7,4,3,0,0,0,0,0,0,0,0,0,0,0,0,1.0,1.0,1.0,0.0,0.0,0.0,5,0,0
3186,51,19,32,9,20,2,20,14,7,4,3,0,0,0,0,0,0,0,0,0,0,0,0,1.0,1.0,1.0,0.0,0.0,0.0,5,0,0
3187,51,19,32,9,20,2,20,14,7,4,3,0,0,0,0,0,0,0,0,0,0,0,0,1.0,1.0,1.0,0.0,0.0,0.0,5,0,0
3188,50,19,31,9,19,2,20,14,7,4,3,0,0,0,0,0,0,0,0,0,1,0,1,0.9655172413793104,1.0,1.0,0.0,0.0,0.0,5,0,1
3189,49,18,31,8,19,2,20,14,7,4,3,0,0,0,0,0,0,0,0,0,1,0,1,0.9642857142857143,1.0,1.0,0.0,0.0,0.0,5,0,1
3190,49,18,31,8,19,2,20,14,7,4,3,0,0,0,0,0,0,0,0,0,0,0,0,1.0,1.0,1.0,0.0,0.0,0.0,5,0,0
3191,49,18,31,8,19,2,20,14,7,4,3,0,0,0,0,0,0,0,0,0,0,0,0,1.0,1.0,1.0,0.0,0.0,0.0,5,0,0
3192,48,18,30,8,18,2,20,14,7,4,3,0,0,0,0,0,0,0,0,0,1,0,1,0.962962962962963,1.0,1.0,0.0,0.0,0.0,5,0,1
3193,48,18,30,8,18,2,20,14,7,4,3,0,0,0,0,0,0,0,0,0,0,0,0,1.0,1.0,1.0,0.0,0.0,0.0,5,0,0
3194,48,18,30,8,18,2,20,14,7,4,3,0,0,0,0,0,0,0,0,0,0,0,0,1.0,1.0,1.0,0.0,0.0,0.0,5,0,0
3195,48,18,30,8,18,2,20,14,7,4,3,0,0,0,0,0,0,0,0,0,0,1,0,1.0,1.0,1.0,0.0,0.0,0.0,5,0,0
3196,47,17,30,7,18,2,20,14,7,4,3,0,0,0,0,0,0,0,0,0,1,0,1,0.9615384615384616,1.0,1.0,0.0,0.0,0.0,5,0,1
3197,47,17,30,7,18,2,20,14,7,4,3,0,0,0,0,0,0,0,0,0,0,1,0,1.0,1.0,1.0,0.0,0.0,0.0,5,0,0
3198,46,16,30,6,18,2,20,14,7,4,3,0,0,0,0,0,0,0,0,0,1,0,1,0.96,1.0,1.0,0.0,0.0,0.0,5,0,1
3199,46,16,30,6,17,3,20,14,7,3,3,0,0,0,0,0,0,0,0,0,0,0,0,1.0,1.0,1.0,0.0,0.0,0.0,5,0,0
3200,45,16,29,6,17,3,19,13,8,3,2,0,0,0,0,0,2,1,0,0,0,0,0,1.0,1.0,0.9285714285714286,0.0,0.0,0.5,5,0,1
3201,45,16,29,6,16,4,19,13,8,3,2,0,0,0,0,0,0,0,0,0,0,0,0,1.0,1.0,1.0,0.0,0.0,0.0,5,0,0
3202,44,16,28,5,16,4,19,13,8,3,2,0,0,0,0,0,0,0,0,0,1,0,1,0.9545454545454546,1.0,1.0,0.0,0.0,0.0,5,0,1
3203,44,16,28,5,16,4,19,13,8,3,2,0,0,0,0,0,0,0,0,0,0,0,0,1.0,1.0,1.0,0.0,0.0,0.0,5,0,0
3204,44,16,28,5,16,4,19,13,8,3,2,0,0,0,0,0,0,0,0,0,0,0,0,1.0,1.0,1.0,0.0,0.0,0.0,5,0,0
3205,43,15,28,5,16,4,18,13,8,3,2,0,0,0,0,0,0,0,0,0,0,0,0,1.0,0.8333333333333334,1.0,0.0,0.0,0.0,5,0,1
3206,43,15,28,5,16,4,18,13,8,3,2,0,0,0,0,0,0,0,0,0,0,0,0,1.0,1.0,1.0,0.0,0.0,0.0,5,0,0
3207,42,14,28,5,15,4,18,13,8,3,2,0,0,0,0,0,0,0,0,0,1,0,1,0.9523809523809523,1.0,1.0,0.0,0.0,0.0,5,0,1
3208,42,14,28,5,15,3,19,13,8,3,2,0,0,0,0,0,0,0,0,0,0,0,0,1.0,1.0,1.0,0.0,0.0,0.0,5,0,0
3209,42,14,28,5,15,3,19,13,8,3,2,0,0,0,0,0,0,0,0,0,0,0,0,1.0,1.0,1.0,0.0,0.0,0.0,5,0,0
3210,42,14,28,5,15,3,19,13,8,3,2,0,0,0,0,0,0,0,0,0,0,0,0,1.0,1.0,1.0,0.0,0.0,0.0,5,0,0
3211,42,14,28,5,15,3,19,13,8,3,2,0,0,0,0,0,0,0,0,0,0,0,0,1.0,1.0,1.0,0.0,0.0,0.0,5,0,0
3212,42,14,28,5,15,3,19,13,8,3,2,0,0,0,0,0,0,0,0,0,0,0,0,1.0,1.0,1.0,0.0,0.0,0.0,5,0,0
3213,42,14,28,5,15,3,19,13,8,3,2,0,0,0,0,0,0,0,0,0,0,0,0,1.0,1.0,1.0,0.0,0.0,0.0,5,0,0
3214,42,14,28,5,15,3,19,13,8,3,2,0,0,0,0,0,0,0,0,0,0,0,0,1.0,1.0,1.0,0.0,0.0,0.0,5,0,0
3215,42,14,28,5,15,3,19,13,8,3,2,0,0,0,0,0,0,0,0,0,0,0,0,1.0,1.0,1.0,0.0,0.0,0.0,5,0,0
3216,42,14,28,5,15,3,19,13,8,3,2,0,0,0,0,0,0,0,0,0,0,0,0,1.0,1.0,1.0,0.0,0.0,0.0,5,0,0
3217,42,14,28,3,17,3,19,13,8,3,2,0,0,0,0,0,0,0,0,0,0,0,0,1.0,1.0,1.0,0.0,0.0,0.0,5,0,0
3218,42,14,28,3,17,3,19,13,8,3,1,0,0,0,0,0,0,0,0,0,0,0,0,1.0,1.0,1.0,0.0,0.0,0.0,5,0,0
3219,42,14,28,3,17,3,19,13,9,2,0,0,0,0,0,0,8,1,0,0,0,0,0,1.0,1.0,1.0,0.0,0.0,0.125,5,0,0
3220,49,17,32,10,17,3,19,13,8,0,2,0,0,0,0,0,7,1,0,2,0,0,0,1.0,1.0,1.0,0.16666666666666666,0.16666666666666666,0.14285714285714285,5,7,0
3221,49,17,32,10,17,3,19,13,8,0,2,0,0,0,0,0,7,1,0,0,0,0,0,1.0,1.0,1.0,0.0,0.0,0.14285714285714285,5,0,0
3222,49,17,32,10,17,3,19,13,8,0,2,0,0,0,0,0,7,1,0,0,0,0,0,1.0,1.0,1.0,0.0,0.0,0.14285714285714285,5,0,0
3223,49,17,32,10,17,3,19,13,8,0,2,0,0,0,0,0,7,1,0,0,0,0,0,1.0,1.0,1.0,0.0,0.0,0.14285714285714285,5,0,0
3224,49,17,32,7,20,3,19,13,8,0,2,0,0,0,0,0,7,1,0,0,0,0,0,1.0,1.0,1.0,0.0,0.0,0.14285714285714285,5,0,0
3225,49,17,32,7,20,3,19,13,8,0,2,0,0,0,0,0,7,1,0,0,0,0,0,1.0,1.0,1.0,0.0,0.0,0.14285714285714285,5,0,0
3226,48,17,31,7,19,3,19,13,8,0,2,0,0,0,0,0,7,1,0,0,1,0,1,0.962962962962963,1.0,1.0,0.0,0.0,0.14285714285714285,5,0,1
3227,46,15,31,7,17,3,19,13,8,0,2,0,0,0,0,0,7,1,0,0,2,0,2,0.9230769230769231,1.0,1.0,0.0,0.0,0.14285714285714285,5,0,2
3228,46,15,31,7,17,3,19,13,8,0,2,0,0,0,0,0,7,1,0,0,0,0,0,1.0,1.0,1.0,0.0,0.0,0.14285714285714285,5,0,0
3229,46,15,31,7,17,3,19,13,8,0,2,0,0,0,0,0,7,1,0,0,0,0,0,1.0,1.0,1.0,0.0,0.0,0.14285714285714285,5,0,0
3230,46,15,31,7,17,3,19,13,8,0,2,0,0,0,0,0,7,1,0,0,0,0,0,1.0,1.0,1.0,0.0,0.0,0.14285714285714285,5,0,0
3231,46,15,31,7,17,3,19,13,8,0,2,0,0,0,0,0,7,1,0,0,0,0,0,1.0,1.0,1.0,0.0,0.0,0.14285714285714285,5,0,0
3232,46,15,31,7,17,3,19,13,8,0,2,0,0,0,0,0,7,1,0,0,0,0,0,1.0,1.0,1.0,0.0,0.0,0.14285714285714285,5,0,0
3233,46,15,31,7,17,3,19,13,8,0,2,0,0,0,0,0,7,1,0,0,0,0,0,1.0,1.0,1.0,0.0,0.0,0.14285714285714285,5,0,0
3234,46,15,31,7,17,3,19,13,8,0,2,0,0,0,0,0,7,1,0,0,0,0,0,1.0,1.0,1.0,0.0,0.0,0.14285714285714285,5,0,0
3235,45,15,30,7,16,3,19,13,8,0,2,0,0,0,0,0,7,1,0,0,1,0,1,0.9583333333333334,1.0,1.0,0.0,0.0,0.14285714285714285,5,0,1
3236,45,15,30,7,16,3,19,13,8,0,2,0,0,0,0,0,7,1,0,0,0,0,0,1.0,1.0,1.0,0.0,0.0,0.14285714285714285,5,0,0
3237,53,19,34,15,16,3,19,13,6,0,4,0,0,0,0,0,7,1,0,2,0,0,0,1.0,1.0,1.0,0.17777777777777778,0.17777777777777778,0.14285714285714285,5,8,0
3238,53,19,34,15,16,3,19,13,6,0,4,0,0,0,0,0,7,1,0,0,0,0,0,1.0,1.0,1.0,0.0,0.0,0.14285714285714285,5,0,0
3239,60,22,38,23,15,3,19,13,4,0,6,0,0,0,0,0,7,1,0,2,1,0,1,0.967741935483871,1.0,1.0,0.1509433962264151,0.1509433962264151,0.14285714285714285,5,8,1
3240,63,22,41,26,15,3,19,13,3,0,7,0,0,0,0,0,7,1,0,1,1,0,1,0.9736842105263158,1.0,1.0,0.06666666666666667,0.06666666666666667,0.14285714285714285,5,4,1
3241,62,22,40,25,15,3,19,13,3,0,7,0,0,0,0,0,7,1,0,0,1,0,1,0.975609756097561,1.0,1.0,0.0,0.0,0.14285714285714285,5,0,1
3242,60,21,39,23,15,3,19,13,3,0,7,0,0,0,0,0,7,1,0,0,2,1,2,0.95,1.0,1.0,0.0,0.0,0.14285714285714285,5,0,2
3243,58,20,38,21,15,3,19,13,3,0,7,0,0,0,0,0,7,1,0,0,2,0,2,0.9473684210526316,1.0,1.0,0.0,0.0,0.14285714285714285,5,0,2
3244,55,20,35,19,14,3,19,13,3,0,7,0,0,0,0,0,7,1,0,0,3,0,3,0.9166666666666666,1.0,1.0,0.0,0.0,0.14285714285714285,5,0,3
3245,55,20,35,19,14,3,19,13,3,0,7,0,0,0,0,0,7,1,0,0,0,0,0,1.0,1.0,1.0,0.0,0.0,0.14285714285714285,5,0,0
3246,55,20,35,19,13,4,19,13,3,0,7,0,0,0,0,0,7,1,0,0,0,0,0,1.0,1.0,1.0,0.0,0.0,0.14285714285714285,5,0,0
3247,54,20,34,19,12,4,19,13,3,0,7,0,0,0,0,0,7,1,0,0,1,0,1,0.96875,1.0,1.0,0.0,0.0,0.14285714285714285,5,0,1
3248,54,20,34,19,12,4,19,13,3,0,7,0,0,0,0,0,7,1,0,0,0,0,0,1.0,1.0,1.0,0.0,0.0,0.14285714285714285,5,0,0
3249,53,20,33,19,11,4,19,13,3,0,7,0,0,0,0,0,7,1,0,0,1,0,1,0.967741935483871,1.0,1.0,0.0,0.0,0.14285714285714285,5,0,1
3250,53,20,33,19,11,4,19,13,3,0,7,0,0,0,0,0,7,1,0,0,0,0,0,1.0,1.0,1.0,0.0,0.0,0.14285714285714285,5,0,0
3251,53,20,33,19,11,4,19,13,3,0,7,0,0,0,0,0,7,1,0,0,0,0,0,1.0,1.0,1.0,0.0,0.0,0.14285714285714285,5,0,0
3252,53,20,33,19,11,4,19,13,3,0,7,0,0,0,0,0,7,1,0,0,0,0,0,1.0,1.0,1.0,0.0,0.0,0.14285714285714285,5,0,0
3253,53,20,33,19,11,4,19,13,3,0,7,0,0,0,0,0,7,1,0,0,0,0,0,1.0,1.0,1.0,0.0,0.0,0.14285714285714285,5,0,0
3254,53,20,33,19,11,4,19,13,3,0,7,0,0,0,0,0,7,1,0,0,0,0,0,1.0,1.0,1.0,0.0,0.0,0.14285714285714285,5,0,0
3255,51,19,32,19,10,4,18,13,3,0,7,0,0,0,0,0,7,1,0,0,1,0,1,0.9666666666666667,0.8333333333333334,1.0,0.0,0.0,0.14285714285714285,5,0,2
3256,50,18,32,18,10,4,18,13,3,0,7,0,0,0,0,0,7,1,0,0,1,0,1,0.9655172413793104,1.0,1.0,0.0,0.0,0.14285714285714285,5,0,1
3257,50,18,32,18,10,4,18,13,3,0,7,0,0,0,0,0,7,1,0,0,0,0,0,1.0,1.0,1.0,0.0,0.0,0.14285714285714285,5,0,0
3258,49,17,32,17,10,4,18,13,3,0,7,0,0,0,0,0,7,1,0,0,1,0,1,0.9642857142857143,1.0,1.0,0.0,0.0,0.14285714285714285,5,0,1
3259,49,17,32,17,10,4,18,13,3,0,7,0,0,0,0,0,7,1,0,0,0,0,0,1.0,1.0,1.0,0.0,0.0,0.14285714285714285,5,0,0
3260,48,17,31,16,10,4,18,13,3,0,7,0,0,0,0,0,7,1,0,0,1,0,1,0.962962962962963,1.0,1.0,0.0,0.0,0.14285714285714285,5,0,1
3261,48,17,31,16,10,4,18,13,3,0,7,0,0,0,0,0,7,1,0,0,0,0,0,1.0,1.0,1.0,0.0,0.0,0.14285714285714285,5,0,0
3262,48,17,31,16,10,4,18,13,3,0,7,0,0,0,0,0,7,1,0,0,0,0,0,1.0,1.0,1.0,0.0,0.0,0.14285714285714285,5,0,0
3263,48,17,31,12,14,4,18,13,3,0,7,0,0,0,0,0,7,1,0,0,0,0,0,1.0,1.0,1.0,0.0,0.0,0.14285714285714285,5,0,0
3264,48,17,31,12,14,4,18,13,3,0,7,0,0,0,0,0,7,1,0,0,0,0,0,1.0,1.0,1.0,0.0,0.0,0.14285714285714285,5,0,0
3265,51,18,33,15,14,4,18,13,2,0,6,0,0,0,0,0,7,1,0,1,0,0,0,1.0,1.0,1.0,0.0625,0.0625,0.14285714285714285,5,3,0
3266,51,18,33,15,14,4,18,13,2,0,6,0,0,0,0,0,7,1,0,0,0,0,0,1.0,1.0,1.0,0.0,0.0,0.14285714285714285,5,0,0
3267,51,18,33,15,14,4,18,13,2,0,6,0,0,0,0,0,7,1,0,0,0,0,0,1.0,1.0,1.0,0.0,0.0,0.14285714285714285,5,0,0
3268,51,18,33,15,14,4,18,13,2,0,6,0,0,0,0,0,7,1,0,0,0,0,0,1.0,1.0,1.0,0.0,0.0,0.14285714285714285,5,0,0
3269,51,18,33,15,14,4,18,13,2,0,6,0,0,0,0,0,7,1,0,0,0,0,0,1.0,1.0,1.0,0.0,0.0,0.14285714285714285,5,0,0
3270,51,18,33,15,14,4,18,13,2,0,6,0,0,0,0,0,7,1,0,0,0,0,0,1.0,1.0,1.0,0.0,0.0,0.14285714285714285,5,0,0
3271,51,18,33,15,14,4,18,13,2,0,6,0,0,0,0,0,7,1,0,0,0,0,0,1.0,1.0,1.0,0.0,0.0,0.14285714285714285,5,0,0
3272,51,18,33,15,14,4,18,13,2,0,6,0,0,0,0,0,7,1,0,0,0,0,0,1.0,1.0,1.0,0.0,0.0,0.14285714285714285,5,0,0
3273,51,18,33,15,14,4,18,13,2,0,6,0,0,0,0,0,7,1,0,0,0,0,0,1.0,1.0,1.0,0.0,0.0,0.14285714285714285,5,0,0
3274,50,18,32,15,13,4,18,13,2,0,6,0,0,0,0,0,7,1,0,0,1,0,1,0.9655172413793104,1.0,1.0,0.0,0.0,0.14285714285714285,5,0,1
3275,50,18,32,15,13,4,18,13,2,0,6,0,0,0,0,0,7,1,0,0,0,0,0,1.0,1.0,1.0,0.0,0.0,0.14285714285714285,5,0,0
3276,50,18,32,15,13,4,18,13,2,0,6,0,0,0,0,0,7,1,0,0,0,0,0,1.0,1.0,1.0,0.0,0.0,0.14285714285714285,5,0,0
3277,50,18,32,15,13,3,19,14,2,0,6,0,0,0,0,0,7,1,0,0,0,0,0,1.0,1.0,1.0,0.0,0.0,0.14285714285714285,5,0,0
3278,50,18,32,15,13,3,19,14,2,0,6,0,0,0,0,0,7,1,0,0,0,0,0,1.0,1.0,1.0,0.0,0.0,0.14285714285714285,5,0,0
3279,50,18,32,15,13,3,19,14,2,0,6,0,0,0,0,0,7,1,0,0,0,0,0,1.0,1.0,1.0,0.0,0.0,0.14285714285714285,5,0,0
3280,48,18,30,10,16,3,19,14,2,0,6,0,0,0,0,0,7,1,0,0,2,0,2,0.9285714285714286,1.0,1.0,0.0,0.0,0.14285714285714285,5,0,2
3281,48,18,30,10,16,3,19,14,2,0,6,0,0,0,0,0,7,1,0,0,0,0,0,1.0,1.0,1.0,0.0,0.0,0.14285714285714285,5,0,0
3282,48,18,30,7,19,3,19,14,2,0,4,0,0,0,0,0,7,1,0,0,0,0,0,1.0,1.0,1.0,0.0,0.0,0.14285714285714285,5,0,0
3283,47,18,29,2,23,3,19,14,2,0,4,0,0,0,0,0,7,1,0,0,1,0,1,0.9615384615384616,1.0,1.0,0.0,0.0,0.14285714285714285,5,0,1
3284,50,19,31,6,22,3,19,14,1,0,3,0,0,0,0,0,7,1,0,1,1,0,1,0.96,1.0,1.0,0.0851063829787234,0.0851063829787234,0.14285714285714285,5,4,1
3285,54,19,35,10,22,3,19,14,0,0,3,0,0,0,0,0,7,1,0,1,0,0,0,1.0,1.0,1.0,0.08,0.08,0.14285714285714285,5,4,0
3286,54,19,35,10,22,3,19,14,0,0,3,0,0,0,0,0,7,1,0,0,0,0,0,1.0,1.0,1.0,0.0,0.0,0.14285714285714285,5,0,0
3287,54,19,35,10,22,3,19,14,0,0,3,0,0,0,0,0,7,1,0,0,0,0,0,1.0,1.0,1.0,0.0,0.0,0.14285714285714285,5,0,0
3288,54,19,35,10,22,3,19,14,0,0,3,0,0,0,0,0,7,1,0,0,0,0,0,1.0,1.0,1.0,0.0,0.0,0.14285714285714285,5,0,0
3289,54,19,35,10,22,3,19,14,0,0,3,0,0,0,0,0,7,1,0,0,0,2,0,1.0,1.0,1.0,0.0,0.0,0.14285714285714285,5,0,0
3290,54,19,35,10,22,3,19,14,0,0,3,0,0,0,0,0,7,1,0,0,0,0,0,1.0,1.0,1.0,0.0,0.0,0.14285714285714285,5,0,0
3291,54,19,35,10,22,3,19,14,0,0,3,0,0,0,0,0,7,1,0,0,0,0,0,1.0,1.0,1.0,0.0,0.0,0.14285714285714285,5,0,0
3292,54,19,35,10,22,3,19,14,0,0,3,0,0,0,0,0,7,1,0,0,0,0,0,1.0,1.0,1.0,0.0,0.0,0.14285714285714285,5,0,0
3293,53,18,35,9,20,5,19,14,0,0,3,0,0,0,0,0,7,1,0,0,1,0,1,0.9666666666666667,1.0,1.0,0.0,0.0,0.14285714285714285,5,0,1
3294,53,18,35,9,20,5,19,14,0,0,3,0,0,0,0,0,7,1,0,0,0,0,0,1.0,1.0,1.0,0.0,0.0,0.14285714285714285,5,0,0
3295,52,18,34,9,19,5,19,14,0,0,3,0,0,0,0,0,7,1,0,0,1,0,1,0.9655172413793104,1.0,1.0,0.0,0.0,0.14285714285714285,5,0,1
3296,52,18,34,9,19,5,19,14,0,0,3,0,0,0,0,0,7,1,0,0,0,0,0,1.0,1.0,1.0,0.0,0.0,0.14285714285714285,5,0,0
3297,51,17,34,9,18,5,19,14,0,0,3,0,0,0,0,0,7,1,0,0,1,0,1,0.9642857142857143,1.0,1.0,0.0,0.0,0.14285714285714285,5,0,1
3298,50,17,33,9,17,5,19,14,0,0,3,0,0,0,0,0,7,1,0,0,1,0,1,0.962962962962963,1.0,1.0,0.0,0.0,0.14285714285714285,5,0,1
3299,50,17,33,9,17,5,19,14,0,0,3,0,0,0,0,0,7,1,0,0,0,0,0,1.0,1.0,1.0,0.0,0.0,0.14285714285714285,5,0,0
3300,49,17,32,8,17,5,19,14,0,0,3,0,0,0,0,0,7,1,0,0,1,0,1,0.9615384615384616,1.0,1.0,0.0,0.0,0.14285714285714285,5,0,1
3301,49,17,32,8,17,5,19,14,0,0,3,0,0,0,0,0,7,1,0,0,0,0,0,1.0,1.0,1.0,0.0,0.0,0.14285714285714285,5,0,0
3302,49,17,32,8,17,5,19,14,0,0,3,0,0,0,0,0,7,1,0,0,0,0,0,1.0,1.0,1.0,0.0,0.0,0.14285714285714285,5,0,0
3303,49,17,32,8,17,5,19,14,0,0,3,0,0,0,0,0,7,1,0,0,0,0,0,1.0,1.0,1.0,0.0,0.0,0.14285714285714285,5,0,0
3304,48,16,32,8,16,5,19,14,0,0,3,0,0,0,0,0,7,1,0,0,1,0,1,0.96,1.0,1.0,0.0,0.0,0.14285714285714285,5,0,1
3305,47,16,31,8,15,5,19,14,0,0,3,0,0,0,0,0,7,1,0,0,1,0,1,0.9583333333333334,1.0,1.0,0.0,0.0,0.14285714285714285,5,0,1
3306,47,16,31,8,15,5,19,14,0,0,3,0,0,0,0,0,7,1,0,0,0,1,0,1.0,1.0,1.0,0.0,0.0,0.14285714285714285,5,0,0
3307,46,15,31,8,14,5,19,14,0,0,3,0,0,0,0,0,7,1,0,0,1,1,1,0.9565217391304348,1.0,1.0,0.0,0.0,0.14285714285714285,5,0,1
3308,46,15,31,7,15,5,19,14,0,0,3,0,0,0,0,0,7,1,0,0,0,2,0,1.0,1.0,1.0,0.0,0.0,0.14285714285714285,5,0,0
3309,46,15,31,7,15,5,19,14,0,0,3,0,0,0,0,0,7,1,0,0,0,0,0,1.0,1.0,1.0,0.0,0.0,0.14285714285714285,5,0,0
3310,45,14,31,7,14,6,18,14,0,0,2,0,0,0,0,0,7,1,0,0,0,0,0,1.0,0.8,1.0,0.0,0.0,0.14285714285714285,5,0,1
3311,45,14,31,7,13,7,18,14,0,0,2,0,0,0,0,0,7,1,0,0,0,0,0,1.0,1.0,1.0,0.0,0.0,0.14285714285714285,5,0,0
3312,45,14,31,7,11,9,18,14,0,0,2,0,0,0,0,0,7,1,0,0,0,0,0,1.0,1.0,1.0,0.0,0.0,0.14285714285714285,5,0,0
3313,45,14,31,7,11,9,18,14,0,0,2,0,0,0,0,0,7,1,0,0,0,0,0,1.0,1.0,1.0,0.0,0.0,0.14285714285714285,5,0,0
3314,45,14,31,7,11,9,18,14,0,0,2,0,0,0,0,0,7,1,0,0,0,0,0,1.0,1.0,1.0,0.0,0.0,0.14285714285714285,5,0,0
3315,45,14,31,7,11,9,18,14,2,1,2,0,0,0,0,0,17,2,1,0,0,0,0,1.0,1.0,1.0,0.0,0.0,0.11764705882352941,5,0,0
3316,44,14,30,7,11,9,17,13,4,1,2,0,0,0,0,0,9,3,0,0,0,0,0,1.0,1.0,0.9285714285714286,0.0,0.0,0.3333333333333333,5,0,1
3317,44,14,30,7,11,9,17,13,6,1,2,0,0,0,0,0,10,2,0,0,0,0,0,1.0,1.0,1.0,0.0,0.0,0.2,5,0,0
3318,44,14,30,7,11,9,17,13,8,1,2,0,0,0,0,0,15,2,0,0,0,0,0,1.0,1.0,1.0,0.0,0.0,0.13333333333333333,5,0,0
3319,44,14,30,7,11,9,17,13,9,1,2,0,0,0,0,0,8,1,0,0,0,0,0,1.0,1.0,1.0,0.0,0.0,0.125,5,0,0
3320,44,14,30,7,11,9,17,13,9,1,2,0,0,0,0,0,0,0,0,0,0,0,0,1.0,1.0,1.0,0.0,0.0,0.0,5,0,0
3321,44,14,30,7,11,9,17,13,9,1,2,0,0,0,0,0,0,0,0,0,0,0,0,1.0,1.0,1.0,0.0,0.0,0.0,5,0,0
3322,44,14,30,7,11,9,17,13,9,1,2,0,0,0,0,0,0,0,0,0,0,0,0,1.0,1.0,1.0,0.0,0.0,0.0,5,0,0
3323,44,14,30,7,11,9,17,13,9,1,2,0,0,0,0,0,0,0,0,0,0,0,0,1.0,1.0,1.0,0.0,0.0,0.0,5,0,0
3324,44,14,30,7,11,9,17,13,9,1,2,0,0,0,0,0,0,0,0,0,0,0,0,1.0,1.0,1.0,0.0,0.0,0.0,5,0,0
3325,43,14,29,6,11,9,17,13,9,1,2,0,0,0,0,0,0,0,0,0,1,0,1,0.9444444444444444,1.0,1.0,0.0,0.0,0.0,5,0,1
3326,43,14,29,6,11,9,17,13,9,1,2,0,0,0,0,0,0,0,0,0,0,0,0,1.0,1.0,1.0,0.0,0.0,0.0,5,0,0
3327,43,14,29,3,14,9,17,13,9,1,2,0,0,0,0,0,0,0,0,0,0,0,0,1.0,1.0,1.0,0.0,0.0,0.0,5,0,0
3328,43,14,29,0,17,9,17,13,10,1,2,0,0,0,0,0,6,1,0,0,0,0,0,1.0,1.0,1.0,0.0,0.0,0.16666666666666666,5,0,0
3329,43,14,29,0,17,9,17,13,10,1,1,0,0,0,0,0,0,0,0,0,0,0,0,1.0,1.0,1.0,0.0,0.0,0.0,5,0,0
3330,43,14,29,0,17,9,17,13,11,1,0,0,0,0,0,0,5,1,0,0,0,0,0,1.0,1.0,1.0,0.0,0.0,0.2,5,0,0
3331,43,14,29,0,17,9,17,13,12,1,0,0,0,0,0,0,7,1,0,0,0,0,0,1.0,1.0,1.0,0.0,0.0,0.14285714285714285,5,0,0
3332,43,14,29,0,17,9,17,13,12,1,0,0,0,0,0,0,0,0,0,0,0,0,0,1.0,1.0,1.0,0.0,0.0,0.0,5,0,0
3333,42,14,28,0,16,9,17,13,12,1,0,0,0,0,0,0,0,0,0,0,1,0,1,0.9411764705882353,1.0,1.0,0.0,0.0,0.0,5,0,1
3334,42,14,28,0,16,8,18,13,12,1,0,0,0,0,0,0,0,0,0,0,0,0,0,1.0,1.0,1.0,0.0,0.0,0.0,5,0,0
3335,42,14,28,0,16,8,18,13,12,1,0,0,0,0,0,0,0,0,0,0,0,0,0,1.0,1.0,1.0,0.0,0.0,0.0,5,0,0
3336,42,14,28,0,16,8,18,13,12,1,0,0,0,0,0,0,0,0,0,0,0,0,0,1.0,1.0,1.0,0.0,0.0,0.0,5,0,0
3337,42,14,28,0,16,8,18,13,12,1,0,0,0,0,0,0,0,0,0,0,0,0,0,1.0,1.0,1.0,0.0,0.0,0.0,5,0,0
3338,42,14,28,0,16,8,18,13,12,1,0,0,0,0,0,0,0,0,0,0,0,0,0,1.0,1.0,1.0,0.0,0.0,0.0,5,0,0
3339,42,14,28,0,16,8,18,13,12,1,0,0,0,0,0,0,0,0,0,0,0,0,0,1.0,1.0,1.0,0.0,0.0,0.0,5,0,0
3340,42,14,28,0,16,8,18,13,12,1,0,0,0,0,0,0,0,0,0,0,0,0,0,1.0,1.0,1.0,0.0,0.0,0.0,5,0,0
3341,42,14,28,0,16,8,18,13,12,1,0,0,0,0,0,0,0,0,0,0,0,0,0,1.0,1.0,1.0,0.0,0.0,0.0,5,0,0
3342,42,14,28,0,16,8,18,13,12,1,0,0,0,0,0,0,0,0,0,0,0,0,0,1.0,1.0,1.0,0.0,0.0,0.0,5,0,0
3343,42,14,28,0,16,8,18,13,12,1,0,0,0,0,0,0,0,0,0,0,0,0,0,1.0,1.0,1.0,0.0,0.0,0.0,5,0,0
3344,42,14,28,0,16,8,18,13,12,1,0,0,0,0,0,0,0,0,0,0,0,0,0,1.0,1.0,1.0,0.0,0.0,0.0,5,0,0
3345,42,14,28,0,16,8,18,13,12,1,0,0,0,0,0,0,0,0,0,0,0,0,0,1.0,1.0,1.0,0.0,0.0,0.0,5,0,0
3346,42,14,28,0,16,8,18,13,12,1,0,0,0,0,0,0,0,0,0,0,0,0,0,1.0,1.0,1.0,0.0,0.0,0.0,5,0,0
3347,42,14,28,0,16,8,18,13,12,1,0,0,0,0,0,0,0,0,0,0,0,0,0,1.0,1.0,1.0,0.0,0.0,0.0,5,0,0
3348,42,14,28,0,16,8,18,13,12,1,0,0,0,0,0,0,0,0,0,0,0,0,0,1.0,1.0,1.0,0.0,0.0,0.0,5,0,0
3349,42,14,28,0,16,8,18,13,12,1,0,0,0,0,0,0,0,0,0,0,0,0,0,1.0,1.0,1.0,0.0,0.0,0.0,5,0,0
3350,42,14,28,0,16,8,18,13,12,1,0,0,0,0,0,0,0,0,0,0,0,0,0,1.0,1.0,1.0,0.0,0.0,0.0,5,0,0
3351,42,14,28,0,16,8,18,13,12,1,0,0,0,0,0,0,0,0,0,0,0,0,0,1.0,1.0,1.0,0.0,0.0,0.0,5,0,0
3352,42,14,28,0,16,8,18,13,12,1,0,0,0,0,0,0,0,0,0,0,0,0,0,1.0,1.0,1.0,0.0,0.0,0.0,5,0,0
3353,42,14,28,0,16,8,18,13,12,1,0,0,0,0,0,0,0,0,0,0,0,0,0,1.0,1.0,1.0,0.0,0.0,0.0,5,0,0
3354,42,14,28,0,16,8,18,13,12,1,0,0,0,0,0,0,0,0,0,0,0,0,0,1.0,1.0,1.0,0.0,0.0,0.0,5,0,0
3355,42,14,28,0,16,8,18,13,12,1,0,0,0,0,0,0,0,0,0,0,0,0,0,1.0,1.0,1.0,0.0,0.0,0.0,5,0,0
3356,42,14,28,0,16,7,19,14,12,1,0,0,0,0,0,0,3,0,0,0,0,0,0,1.0,1.0,1.0,0.0,0.0,0.0,5,0,0
3357,42,14,28,0,16,7,19,14,13,1,0,0,0,0,0,0,8,1,0,0,0,0,0,1.0,1.0,1.0,0.0,0.0,0.125,5,0,0
3358,42,14,28,0,16,7,19,14,13,1,0,0,0,0,0,0,0,0,0,0,0,0,0,1.0,1.0,1.0,0.0,0.0,0.0,5,0,0
3359,42,14,28,0,16,7,19,14,13,1,0,0,0,0,0,0,0,0,0,0,0,0,0,1.0,1.0,1.0,0.0,0.0,0.0,5,0,0
3360,42,14,28,0,16,7,19,14,13,0,0,0,0,0,0,0,0,0,0,0,0,0,0,1.0,1.0,1.0,0.0,0.0,0.0,5,0,0
3361,42,14,28,0,16,7,19,14,14,0,0,0,0,0,0,0,5,1,0,0,0,0,0,1.0,1.0,1.0,0.0,0.0,0.2,5,0,0
3362,42,14,28,0,16,7,19,14,14,0,0,0,0,0,0,0,0,0,0,0,0,0,0,1.0,1.0,1.0,0.0,0.0,0.0,5,0,0
3363,42,14,28,0,16,7,19,14,14,0,0,0,0,0,0,0,0,0,0,0,0,0,0,1.0,1.0,1.0,0.0,0.0,0.0,5,0,0
3364,41,14,27,0,16,7,18,13,13,0,0,0,0,0,0,0,0,0,0,0,0,0,0,1.0,1.0,0.9285714285714286,0.0,0.0,0.0,5,0,1
3365,41,14,27,0,16,7,18,13,13,0,0,0,0,0,0,0,0,0,0,0,0,0,0,1.0,1.0,1.0,0.0,0.0,0.0,5,0,0
3366,41,14,27,0,16,7,18,13,13,0,0,0,0,0,0,0,0,0,0,0,0,0,0,1.0,1.0,1.0,0.0,0.0,0.0,5,0,0
3367,41,14,27,0,16,7,18,13,13,0,0,0,0,0,0,0,0,0,0,0,0,0,0,1.0,1.0,1.0,0.0,0.0,0.0,5,0,0
3368,41,14,27,0,16,7,18,13,13,0,0,0,0,0,0,0,0,0,0,0,0,0,0,1.0,1.0,1.0,0.0,0.0,0.0,5,0,0
3369,41,14,27,0,16,6,19,14,14,0,0,0,0,0,0,0,2,1,0,0,0,0,0,1.0,1.0,1.0,0.0,0.0,0.5,5,0,0
3370,41,14,27,0,16,6,19,14,14,0,0,0,0,0,0,0,0,0,0,0,0,0,0,1.0,1.0,1.0,0.0,0.0,0.0,5,0,0
3371,41,14,27,0,16,6,19,14,14,0,0,0,0,0,0,0,0,0,0,0,0,0,0,1.0,1.0,1.0,0.0,0.0,0.0,5,0,0
3372,41,14,27,0,16,6,19,14,14,0,0,0,0,0,0,0,0,0,0,0,0,0,0,1.0,1.0,1.0,0.0,0.0,0.0,5,0,0
3373,41,14,27,0,16,6,19,14,14,0,0,0,0,0,0,0,0,0,0,0,0,0,0,1.0,1.0,1.0,0.0,0.0,0.0,5,0,0
3374,41,14,27,0,16,6,19,14,14,0,0,0,0,0,0,0,0,0,0,0,0,0,0,1.0,1.0,1.0,0.0,0.0,0.0,5,0,0
3375,41,14,27,0,16,5,20,15,14,0,0,0,0,0,0,0,0,0,0,0,0,0,0,1.0,1.0,1.0,0.0,0.0,0.0,5,0,0
3376,41,14,27,0,16,5,20,15,14,0,0,0,0,0,0,0,0,0,0,0,0,0,0,1.0,1.0,1.0,0.0,0.0,0.0,5,0,0
3377,41,14,27,0,16,5,20,15,14,0,0,0,0,0,0,0,0,0,0,0,0,0,0,1.0,1.0,1.0,0.0,0.0,0.0,5,0,0
3378,41,14,27,0,16,5,20,15,14,0,0,0,0,0,0,0,0,0,0,0,0,0,0,1.0,1.0,1.0,0.0,0.0,0.0,5,0,0
3379,41,14,27,0,16,5,20,15,14,0,0,0,0,0,0,0,0,0,0,0,0,0,0,1.0,1.0,1.0,0.0,0.0,0.0,5,0,0
3380,43,15,28,3,16,5,19,14,13,0,1,0,0,0,0,0,5,1,0,1,0,0,0,1.0,1.0,0.9333333333333333,0.07317073170731707,0.07317073170731707,0.2,5,3,1
3381,50,17,33,10,16,5,19,14,11,0,3,0,0,0,0,0,0,0,0,2,0,0,0,1.0,1.0,1.0,0.16279069767441862,0.16279069767441862,0.0,5,7,0
3382,58,23,35,18,16,5,19,14,9,0,5,0,0,0,0,0,0,0,0,2,0,0,0,1.0,1.0,1.0,0.16,0.16,0.0,5,8,0
3383,61,24,37,21,16,5,19,14,8,0,6,0,0,0,0,0,0,0,0,1,0,0,0,1.0,1.0,1.0,0.05172413793103448,0.05172413793103448,0.0,5,3,0
3384,65,27,38,25,16,5,19,14,7,0,7,0,0,0,0,0,0,0,0,1,0,0,0,1.0,1.0,1.0,0.06557377049180328,0.06557377049180328,0.0,5,4,0
3385,62,26,36,23,15,5,19,14,7,0,7,0,0,0,0,0,0,0,0,0,3,0,3,0.926829268292683,1.0,1.0,0.0,0.0,0.0,5,0,3
3386,61,26,35,23,14,5,19,14,7,0,7,0,0,0,0,0,0,0,0,0,1,0,1,0.9736842105263158,1.0,1.0,0.0,0.0,0.0,5,0,1
3387,61,26,35,23,14,5,19,14,7,0,7,0,0,0,0,0,0,0,0,0,0,0,0,1.0,1.0,1.0,0.0,0.0,0.0,5,0,0
3388,60,26,34,22,14,5,19,14,7,0,7,0,0,0,0,0,0,0,0,0,1,0,1,0.972972972972973,1.0,1.0,0.0,0.0,0.0,5,0,1
3389,59,25,34,22,13,5,19,14,7,0,7,0,0,0,0,0,0,0,0,0,1,0,1,0.9722222222222222,1.0,1.0,0.0,0.0,0.0,5,0,1
3390,54,24,30,20,11,5,18,13,6,0,7,0,0,0,0,0,0,0,0,0,4,0,4,0.8857142857142857,1.0,0.9285714285714286,0.0,0.0,0.0,5,0,5
3391,54,24,30,20,11,5,18,13,6,0,7,0,0,0,0,0,0,0,0,0,0,0,0,1.0,1.0,1.0,0.0,0.0,0.0,5,0,0
3392,54,24,30,20,11,5,18,13,6,0,7,0,0,0,0,0,0,0,0,0,0,0,0,1.0,1.0,1.0,0.0,0.0,0.0,5,0,0
3393,58,24,34,24,11,5,18,13,5,0,8,0,0,0,0,0,0,0,0,1,0,0,0,1.0,1.0,1.0,0.07407407407407407,0.07407407407407407,0.0,5,4,0
3394,57,23,34,23,11,5,18,13,5,0,8,0,0,0,0,0,0,0,0,0,1,0,1,0.9714285714285714,1.0,1.0,0.0,0.0,0.0,5,0,1
3395,61,25,36,27,11,5,18,13,4,0,9,0,0,0,0,0,0,0,0,1,0,0,0,1.0,1.0,1.0,0.07017543859649122,0.07017543859649122,0.0,5,4,0
3396,63,25,38,29,11,5,18,13,3,0,10,0,0,0,0,0,0,0,0,1,1,0,1,0.9736842105263158,1.0,1.0,0.04918032786885246,0.04918032786885246,0.0,5,3,1
3397,61,24,37,28,10,5,18,13,3,0,10,0,0,0,0,0,0,0,0,0,2,0,2,0.95,1.0,1.0,0.0,0.0,0.0,5,0,2
3398,58,22,36,26,10,4,18,13,3,0,10,0,0,0,0,0,0,0,0,0,2,0,2,0.9473684210526316,1.0,1.0,0.0,0.0,0.0,5,0,3
3399,57,22,35,25,10,4,18,13,3,0,10,0,0,0,0,0,0,0,0,0,1,0,1,0.9722222222222222,1.0,1.0,0.0,0.0,0.0,5,0,1
3400,57,22,35,25,10,4,18,13,3,0,10,0,0,0,0,0,0,0,0,0,0,2,0,1.0,1.0,1.0,0.0,0.0,0.0,5,0,0
3401,57,22,35,25,10,3,19,14,3,0,10,0,0,0,0,0,0,0,0,0,0,0,0,1.0,1.0,1.0,0.0,0.0,0.0,5,0,0
3402,57,22,35,25,10,3,19,14,3,0,10,0,0,0,0,0,0,0,0,0,0,0,0,1.0,1.0,1.0,0.0,0.0,0.0,5,0,0
3403,55,20,35,24,10,3,18,14,3,0,10,0,0,0,0,0,0,0,0,0,1,0,1,0.9714285714285714,0.8,1.0,0.0,0.0,0.0,5,0,2
3404,55,20,35,24,8,5,18,14,3,0,10,0,0,0,0,0,0,0,0,0,0,0,0,1.0,1.0,1.0,0.0,0.0,0.0,5,0,0
3405,54,19,35,23,8,5,18,14,3,0,10,0,0,0,0,0,0,0,0,0,1,0,1,0.96875,1.0,1.0,0.0,0.0,0.0,5,0,1
3406,54,19,35,23,8,5,18,14,3,0,10,0,0,0,0,0,7,0,0,0,0,0,0,1.0,1.0,1.0,0.0,0.0,0.0,5,0,0
3407,54,19,35,23,8,5,18,14,3,0,10,0,0,0,0,0,8,0,0,0,0,0,0,1.0,1.0,1.0,0.0,0.0,0.0,5,0,0
3408,54,19,35,23,8,5,18,14,4,0,10,0,0,0,0,0,6,1,0,0,0,0,0,1.0,1.0,1.0,0.0,0.0,0.16666666666666666,5,0,0
3409,54,19,35,23,8,5,18,14,4,0,10,0,0,0,0,0,0,0,0,0,0,0,0,1.0,1.0,1.0,0.0,0.0,0.0,5,0,0
3410,53,19,34,22,8,5,18,14,4,0,10,0,0,0,0,0,0,0,0,0,1,0,1,0.967741935483871,1.0,1.0,0.0,0.0,0.0,5,0,1
3411,52,18,34,22,7,5,18,14,4,0,10,0,0,0,0,0,0,0,0,0,1,0,1,0.9666666666666667,1.0,1.0,0.0,0.0,0.0,5,0,1
3412,52,18,34,22,7,5,18,14,4,0,10,0,0,0,0,0,0,0,0,0,0,0,0,1.0,1.0,1.0,0.0,0.0,0.0,5,0,0
3413,52,18,34,22,7,5,18,14,4,0,10,0,0,0,0,0,0,0,0,0,0,0,0,1.0,1.0,1.0,0.0,0.0,0.0,5,0,0
3414,52,18,34,22,7,5,18,14,4,0,10,0,0,0,0,0,0,0,0,0,0,0,0,1.0,1.0,1.0,0.0,0.0,0.0,5,0,0
3415,52,18,34,22,7,5,18,14,4,0,10,0,0,0,0,0,0,0,0,0,0,0,0,1.0,1.0,1.0,0.0,0.0,0.0,5,0,0
3416,52,18,34,22,7,5,18,14,4,0,10,0,0,0,0,0,0,0,0,0,0,0,0,1.0,1.0,1.0,0.0,0.0,0.0,5,0,0
3417,52,18,34,22,7,5,18,14,4,0,10,0,0,0,0,0,0,0,0,0,0,3,0,1.0,1.0,1.0,0.0,0.0,0.0,5,0,0
3418,52,18,34,22,7,5,18,14,4,0,10,0,0,0,0,0,0,0,0,0,0,0,0,1.0,1.0,1.0,0.0,0.0,0.0,5,0,0
3419,52,18,34,22,7,5,18,14,4,0,10,0,0,0,0,0,0,0,0,0,0,1,0,1.0,1.0,1.0,0.0,0.0,0.0,5,0,0
3420,51,17,34,22,7,5,17,14,4,0,10,0,0,0,0,0,0,0,0,0,0,1,0,1.0,0.75,1.0,0.0,0.0,0.0,5,0,1
3421,51,17,34,22,4,8,17,14,4,0,10,0,0,0,0,0,0,0,0,0,0,0,0,1.0,1.0,1.0,0.0,0.0,0.0,5,0,0
3422,53,19,34,25,3,8,17,14,3,0,11,0,0,0,0,0,0,0,0,1,2,0,2,0.9230769230769231,1.0,1.0,0.0784313725490196,0.0784313725490196,0.0,5,4,2
3423,52,19,33,24,2,9,17,14,3,0,11,0,0,0,0,0,0,0,0,0,1,0,1,0.962962962962963,1.0,1.0,0.0,0.0,0.0,5,0,1
3424,52,19,33,21,4,10,17,14,3,0,11,0,0,0,0,0,0,0,0,0,0,0,0,1.0,1.0,1.0,0.0,0.0,0.0,5,0,0
3425,51,19,32,15,9,10,17,14,3,0,10,0,0,0,0,0,0,0,0,0,1,0,1,0.96,1.0,1.0,0.0,0.0,0.0,5,0,1
3426,48,17,31,13,9,9,17,14,3,0,8,0,0,0,0,0,1,0,0,0,2,0,2,0.9166666666666666,1.0,1.0,0.0,0.0,0.0,5,0,3
3427,48,17,31,11,11,9,17,14,6,0,6,0,0,0,0,0,13,3,0,0,0,0,0,1.0,1.0,1.0,0.0,0.0,0.23076923076923078,5,0,0
3428,48,17,31,11,11,8,18,14,7,0,5,0,0,0,0,0,7,1,0,0,0,0,0,1.0,1.0,1.0,0.0,0.0,0.14285714285714285,5,0,0
3429,48,17,31,11,11,8,18,14,7,0,4,0,0,0,0,0,2,0,0,0,0,0,0,1.0,1.0,1.0,0.0,0.0,0.0,5,0,0
3430,48,17,31,11,11,8,18,14,10,0,4,0,0,0,0,0,16,3,0,0,0,0,0,1.0,1.0,1.0,0.0,0.0,0.1875,5,0,0
3431,47,17,30,11,10,8,18,14,10,0,4,0,0,0,0,0,0,0,0,0,1,0,1,0.9545454545454546,1.0,1.0,0.0,0.0,0.0,5,0,1
3432,47,17,30,11,10,8,18,14,10,0,4,0,0,0,0,0,0,0,0,0,0,0,0,1.0,1.0,1.0,0.0,0.0,0.0,5,0,0
3433,47,17,30,11,10,8,18,14,10,0,4,0,0,0,0,0,0,0,0,0,0,0,0,1.0,1.0,1.0,0.0,0.0,0.0,5,0,0
3434,51,19,32,15,10,8,18,14,9,0,5,0,0,0,0,0,0,0,0,1,0,0,0,1.0,1.0,1.0,0.0851063829787234,0.0851063829787234,0.0,5,4,0
3435,51,19,32,15,10,8,18,14,9,0,5,0,0,0,0,0,0,0,0,0,0,0,0,1.0,1.0,1.0,0.0,0.0,0.0,5,0,0
3436,51,19,32,13,12,8,18,14,9,0,5,0,0,0,0,0,0,0,0,0,0,0,0,1.0,1.0,1.0,0.0,0.0,0.0,5,0,0
3437,51,19,32,13,12,8,18,14,9,0,5,0,0,0,0,0,0,0,0,0,0,0,0,1.0,1.0,1.0,0.0,0.0,0.0,5,0,0
3438,51,19,32,10,15,8,18,14,9,0,4,0,0,0,0,0,0,0,0,0,0,0,0,1.0,1.0,1.0,0.0,0.0,0.0,5,0,0
3439,51,19,32,8,17,8,18,14,9,1,4,0,0,0,0,0,2,0,1,0,0,0,0,1.0,1.0,1.0,0.0,0.0,0.0,5,0,0
3440,51,19,32,8,17,8,18,14,9,1,3,0,0,0,0,0,0,0,0,0,0,0,0,1.0,1.0,1.0,0.0,0.0,0.0,5,0,0
3441,51,19,32,8,17,8,18,14,9,1,2,0,0,0,0,0,4,0,0,0,0,0,0,1.0,1.0,1.0,0.0,0.0,0.0,5,0,0
3442,51,19,32,8,17,8,18,14,10,1,2,0,0,0,0,0,6,1,0,0,0,0,0,1.0,1.0,1.0,0.0,0.0,0.16666666666666666,5,0,0
3443,51,19,32,8,17,8,18,14,11,1,2,0,0,0,0,0,7,1,0,0,0,0,0,1.0,1.0,1.0,0.0,0.0,0.14285714285714285,5,0,0
3444,51,19,32,8,17,8,18,14,11,1,2,0,0,0,0,0,0,0,0,0,0,0,0,1.0,1.0,1.0,0.0,0.0,0.0,5,0,0
3445,55,21,34,12,17,8,18,14,10,1,3,0,0,0,0,0,0,0,0,1,0,0,0,1.0,1.0,1.0,0.0784313725490196,0.0784313725490196,0.0,5,4,0
3446,55,21,34,12,17,8,18,14,10,1,3,0,0,0,0,0,0,0,0,0,0,0,0,1.0,1.0,1.0,0.0,0.0,0.0,5,0,0
3447,55,21,34,12,17,7,19,14,10,1,3,0,0,0,0,0,0,0,0,0,0,0,0,1.0,1.0,1.0,0.0,0.0,0.0,5,0,0
3448,53,20,33,12,17,6,18,13,9,1,3,0,0,0,0,0,0,0,0,0,0,0,0,1.0,1.0,0.9285714285714286,0.0,0.0,0.0,5,0,2
3449,53,20,33,12,17,6,18,13,9,1,3,0,0,0,0,0,0,0,0,0,0,0,0,1.0,1.0,1.0,0.0,0.0,0.0,5,0,0
3450,52,20,32,12,17,6,17,12,8,1,3,0,0,0,0,0,0,0,0,0,0,0,0,1.0,1.0,0.9230769230769231,0.0,0.0,0.0,5,0,1
3451,52,20,32,12,17,6,17,12,8,1,3,0,0,0,0,0,0,0,0,0,0,0,0,1.0,1.0,1.0,0.0,0.0,0.0,5,0,0
3452,52,20,32,12,17,6,17,12,8,1,3,0,0,0,0,0,0,0,0,0,0,0,0,1.0,1.0,1.0,0.0,0.0,0.0,5,0,0
3453,52,20,32,12,17,6,17,12,8,1,3,0,0,0,0,0,0,0,0,0,0,0,0,1.0,1.0,1.0,0.0,0.0,0.0,5,0,0
3454,52,20,32,12,17,6,17,12,8,1,3,0,0,0,0,0,0,0,0,0,0,0,0,1.0,1.0,1.0,0.0,0.0,0.0,5,0,0
3455,52,20,32,12,17,6,17,12,8,1,3,0,0,0,0,0,0,0,0,0,0,0,0,1.0,1.0,1.0,0.0,0.0,0.0,5,0,0
3456,52,20,32,12,17,6,17,12,8,1,3,0,0,0,0,0,0,0,0,0,0,0,0,1.0,1.0,1.0,0.0,0.0,0.0,5,0,0
3457,52,20,32,12,17,6,17,12,8,1,3,0,0,0,0,0,0,0,0,0,0,0,0,1.0,1.0,1.0,0.0,0.0,0.0,5,0,0
3458,51,20,31,12,16,6,17,12,8,1,3,0,0,0,0,0,0,0,0,0,1,0,1,0.9655172413793104,1.0,1.0,0.0,0.0,0.0,5,0,1
3459,51,20,31,12,16,6,17,12,8,1,3,0,0,0,0,0,0,0,0,0,0,0,0,1.0,1.0,1.0,0.0,0.0,0.0,5,0,0
3460,50,19,31,12,15,6,17,12,8,1,3,0,0,0,0,0,0,0,0,0,1,0,1,0.9642857142857143,1.0,1.0,0.0,0.0,0.0,5,0,1
3461,50,19,31,12,15,6,17,12,8,1,3,0,0,0,0,0,0,0,0,0,0,0,0,1.0,1.0,1.0,0.0,0.0,0.0,5,0,0
3462,50,19,31,12,15,6,17,12,8,1,3,0,0,0,0,0,0,0,0,0,0,0,0,1.0,1.0,1.0,0.0,0.0,0.0,5,0,0
3463,50,19,31,12,15,6,17,12,8,1,3,0,0,0,0,0,0,0,0,0,0,0,0,1.0,1.0,1.0,0.0,0.0,0.0,5,0,0
3464,50,19,31,12,15,6,17,12,8,1,3,0,0,0,0,0,0,0,0,0,0,1,0,1.0,1.0,1.0,0.0,0.0,0.0,5,0,0
3465,50,19,31,8,19,6,17,12,8,1,3,0,0,0,0,0,0,0,0,0,0,0,0,1.0,1.0,1.0,0.0,0.0,0.0,5,0,0
3466,50,19,31,8,19,6,17,12,8,1,3,0,0,0,0,0,0,0,0,0,0,0,0,1.0,1.0,1.0,0.0,0.0,0.0,5,0,0
3467,50,19,31,8,19,6,17,12,8,1,2,0,0,0,0,0,0,0,0,0,0,0,0,1.0,1.0,1.0,0.0,0.0,0.0,5,0,0
3468,50,19,31,8,18,7,17,12,9,1,2,0,0,0,0,0,8,1,0,0,0,0,0,1.0,1.0,1.0,0.0,0.0,0.125,5,0,0
3469,50,19,31,8,18,7,17,12,9,1,2,0,0,0,0,0,0,0,0,0,0,0,0,1.0,1.0,1.0,0.0,0.0,0.0,5,0,0
3470,50,19,31,8,18,7,17,12,9,1,2,0,0,0,0,0,0,0,0,0,0,0,0,1.0,1.0,1.0,0.0,0.0,0.0,5,0,0
3471,50,19,31,8,18,7,17,12,9,1,2,0,0,0,0,0,0,0,0,0,0,0,0,1.0,1.0,1.0,0.0,0.0,0.0,5,0,0
3472,50,19,31,8,18,7,17,12,9,1,2,0,0,0,0,0,0,0,0,0,0,0,0,1.0,1.0,1.0,0.0,0.0,0.0,5,0,0
3473,53,20,33,12,17,7,17,12,8,1,3,0,0,0,0,0,0,0,0,1,1,0,1,0.9615384615384616,1.0,1.0,0.08,0.08,0.0,5,4,1
3474,53,20,33,12,17,7,17,12,8,1,3,0,0,0,0,0,0,0,0,0,0,0,0,1.0,1.0,1.0,0.0,0.0,0.0,5,0,0
3475,53,20,33,12,17,7,17,12,8,1,3,0,0,0,0,0,0,0,0,0,0,0,0,1.0,1.0,1.0,0.0,0.0,0.0,5,0,0
3476,53,20,33,12,17,6,18,13,8,1,3,0,0,0,0,0,0,0,0,0,0,0,0,1.0,1.0,1.0,0.0,0.0,0.0,5,0,0
3477,53,20,33,8,21,6,18,13,8,1,3,0,0,0,0,0,0,0,0,0,0,0,0,1.0,1.0,1.0,0.0,0.0,0.0,5,0,0
3478,53,20,33,8,21,6,18,13,8,1,3,0,0,0,0,0,0,0,0,0,0,0,0,1.0,1.0,1.0,0.0,0.0,0.0,5,0,0
3479,53,20,33,8,21,6,18,13,8,1,2,0,0,0,0,0,0,0,0,0,0,0,0,1.0,1.0,1.0,0.0,0.0,0.0,5,0,0
3480,52,20,32,7,21,6,18,13,9,1,2,0,0,0,0,0,3,1,0,0,1,0,1,0.9655172413793104,1.0,1.0,0.0,0.0,0.3333333333333333,5,0,1
3481,52,20,32,7,21,6,18,13,9,1,2,0,0,0,0,0,0,0,0,0,0,0,0,1.0,1.0,1.0,0.0,0.0,0.0,5,0,0
3482,52,20,32,7,21,6,18,13,9,1,2,0,0,0,0,0,0,0,0,0,0,0,0,1.0,1.0,1.0,0.0,0.0,0.0,5,0,0
3483,51,19,32,7,20,6,18,13,9,1,2,0,0,0,0,0,0,0,0,0,1,0,1,0.9642857142857143,1.0,1.0,0.0,0.0,0.0,5,0,1
3484,51,19,32,7,20,6,18,13,9,1,2,0,0,0,0,0,2,0,1,0,0,0,0,1.0,1.0,1.0,0.0,0.0,0.0,5,0,0
3485,50,19,31,7,20,6,17,12,9,1,2,0,0,0,0,0,5,1,0,0,0,0,0,1.0,1.0,0.9230769230769231,0.0,0.0,0.2,5,0,1
3486,50,19,31,7,20,6,17,12,9,1,2,0,0,0,0,0,0,0,0,0,0,0,0,1.0,1.0,1.0,0.0,0.0,0.0,5,0,0
3487,48,18,30,7,18,6,17,12,9,1,2,0,0,0,0,0,0,0,0,0,2,0,2,0.9259259259259259,1.0,1.0,0.0,0.0,0.0,5,0,2
3488,48,18,30,3,22,6,17,12,9,1,2,0,0,0,0,0,0,0,0,0,0,0,0,1.0,1.0,1.0,0.0,0.0,0.0,5,0,0
3489,48,18,30,3,22,6,17,12,9,1,2,0,0,0,0,0,0,0,0,0,0,0,0,1.0,1.0,1.0,0.0,0.0,0.0,5,0,0
3490,47,17,30,3,22,6,16,12,9,1,1,0,0,0,0,0,0,0,0,0,0,0,0,1.0,0.8,1.0,0.0,0.0,0.0,5,0,1
3491,47,17,30,3,22,6,16,12,9,1,1,0,0,0,0,0,1,0,0,0,0,0,0,1.0,1.0,1.0,0.0,0.0,0.0,5,0,0
3492,50,18,32,7,21,6,16,12,8,1,2,0,0,0,0,0,2,0,0,1,1,0,1,0.96,1.0,1.0,0.0851063829787234,0.0851063829787234,0.0,5,4,1
3493,54,18,36,11,21,6,16,12,8,1,3,0,0,0,0,0,5,1,0,1,0,0,0,1.0,1.0,1.0,0.08,0.08,0.2,5,4,0
3494,53,18,35,11,20,6,16,12,8,1,3,0,0,0,0,0,0,0,0,0,1,0,1,0.96875,1.0,1.0,0.0,0.0,0.0,5,0,1
3495,63,24,39,21,20,6,16,12,5,1,6,0,0,0,0,0,0,0,0,3,1,0,1,0.967741935483871,1.0,1.0,0.20754716981132076,0.20754716981132076,0.0,5,11,1
3496,62,24,38,21,19,6,16,12,5,1,6,0,0,0,0,0,0,0,0,0,1,0,1,0.975609756097561,1.0,1.0,0.0,0.0,0.0,5,0,1
3497,60,23,37,20,18,6,16,12,5,1,6,0,0,0,0,0,0,0,0,0,2,0,2,0.95,1.0,1.0,0.0,0.0,0.0,5,0,2
3498,60,23,37,20,18,6,16,12,5,1,6,0,0,0,0,0,0,0,0,0,0,0,0,1.0,1.0,1.0,0.0,0.0,0.0,5,0,0
3499,59,23,36,20,17,6,16,12,5,1,6,0,0,0,0,0,0,0,0,0,1,0,1,0.9736842105263158,1.0,1.0,0.0,0.0,0.0,5,0,1
3500,59,23,36,20,17,6,16,12,5,1,6,0,0,0,0,0,0,0,0,0,0,0,0,1.0,1.0,1.0,0.0,0.0,0.0,5,0,0
3501,59,23,36,20,17,6,16,12,5,1,6,0,0,0,0,0,0,0,0,0,0,0,0,1.0,1.0,1.0,0.0,0.0,0.0,5,0,0
3502,58,22,36,20,16,6,16,12,5,1,6,0,0,0,0,0,0,0,0,0,1,0,1,0.972972972972973,1.0,1.0,0.0,0.0,0.0,5,0,1
3503,56,21,35,19,15,6,16,12,5,1,6,0,0,0,0,0,0,0,0,0,2,0,2,0.9444444444444444,1.0,1.0,0.0,0.0,0.0,5,0,2
3504,55,21,34,19,14,6,16,12,5,1,6,0,0,0,0,0,0,0,0,0,1,0,1,0.9705882352941176,1.0,1.0,0.0,0.0,0.0,5,0,1
3505,55,21,34,19,14,6,16,12,5,1,6,0,0,0,0,0,0,0,0,0,0,0,0,1.0,1.0,1.0,0.0,0.0,0.0,5,0,0
3506,54,21,33,18,14,6,16,12,5,1,6,0,0,0,0,0,0,0,0,0,1,0,1,0.9696969696969697,1.0,1.0,0.0,0.0,0.0,5,0,1
3507,58,23,35,22,14,5,17,13,4,1,7,0,0,0,0,0,0,0,0,1,0,0,0,1.0,1.0,1.0,0.07407407407407407,0.07407407407407407,0.0,5,4,0
3508,59,26,33,24,13,5,17,13,3,1,8,0,0,0,0,0,0,0,0,1,2,0,2,0.9444444444444444,1.0,1.0,0.05172413793103448,0.05172413793103448,0.0,5,3,2
3509,59,26,33,24,13,5,17,13,3,1,8,0,0,0,0,0,0,0,0,0,0,0,0,1.0,1.0,1.0,0.0,0.0,0.0,5,0,0
3510,59,26,33,24,13,5,17,13,4,1,8,0,0,0,0,0,5,1,0,0,0,0,0,1.0,1.0,1.0,0.0,0.0,0.2,5,0,0
3511,58,25,33,24,12,5,17,13,4,1,8,0,0,0,0,0,0,0,0,0,1,0,1,0.972972972972973,1.0,1.0,0.0,0.0,0.0,5,0,1
3512,58,25,33,24,12,5,17,13,4,1,8,0,0,0,0,0,0,0,0,0,0,0,0,1.0,1.0,1.0,0.0,0.0,0.0,5,0,0
3513,58,25,33,24,12,5,17,13,4,1,8,0,0,0,0,0,0,0,0,0,0,0,0,1.0,1.0,1.0,0.0,0.0,0.0,5,0,0
3514,56,24,32,23,12,4,17,13,4,1,8,0,0,0,0,0,0,0,0,0,1,0,1,0.9722222222222222,1.0,1.0,0.0,0.0,0.0,5,0,2
3515,56,24,32,23,12,4,17,13,4,1,8,0,0,0,0,0,0,0,0,0,0,0,0,1.0,1.0,1.0,0.0,0.0,0.0,5,0,0
3516,56,24,32,20,15,4,17,13,4,1,8,0,0,0,0,0,0,0,0,0,0,0,0,1.0,1.0,1.0,0.0,0.0,0.0,5,0,0
3517,55,24,31,19,15,4,17,13,4,1,8,0,0,0,0,0,0,0,0,0,1,0,1,0.9714285714285714,1.0,1.0,0.0,0.0,0.0,5,0,1
3518,53,23,30,19,13,4,17,13,4,1,7,0,0,0,0,0,0,0,0,0,2,0,2,0.9411764705882353,1.0,1.0,0.0,0.0,0.0,5,0,2
3519,53,23,30,19,13,4,17,13,5,1,7,0,0,0,0,0,6,1,0,0,0,0,0,1.0,1.0,1.0,0.0,0.0,0.16666666666666666,5,0,0
3520,52,23,29,18,13,4,17,13,5,1,7,0,0,0,0,0,0,0,0,0,1,0,1,0.96875,1.0,1.0,0.0,0.0,0.0,5,0,1
3521,52,23,29,18,13,4,17,13,5,1,7,0,0,0,0,0,0,0,0,0,0,0,0,1.0,1.0,1.0,0.0,0.0,0.0,5,0,0
3522,52,23,29,18,13,4,17,13,5,1,7,0,0,0,0,0,0,0,0,0,0,0,0,1.0,1.0,1.0,0.0,0.0,0.0,5,0,0
3523,52,23,29,18,13,4,17,13,5,1,7,0,0,0,0,0,0,0,0,0,0,0,0,1.0,1.0,1.0,0.0,0.0,0.0,5,0,0
3524,51,22,29,17,13,4,17,13,5,1,7,0,0,0,0,0,0,0,0,0,1,0,1,0.967741935483871,1.0,1.0,0.0,0.0,0.0,5,0,1
3525,51,22,29,17,13,4,17,13,5,1,7,0,0,0,0,0,0,0,0,0,0,0,0,1.0,1.0,1.0,0.0,0.0,0.0,5,0,0
3526,51,22,29,17,13,4,17,13,5,1,7,0,0,0,0,0,0,0,0,0,0,0,0,1.0,1.0,1.0,0.0,0.0,0.0,5,0,0
3527,49,20,29,17,11,4,17,13,5,1,7,0,0,0,0,0,0,0,0,0,2,0,2,0.9333333333333333,1.0,1.0,0.0,0.0,0.0,5,0,2
3528,49,20,29,17,11,4,17,13,5,1,7,0,0,0,0,0,0,0,0,0,0,0,0,1.0,1.0,1.0,0.0,0.0,0.0,5,0,0
3529,49,20,29,17,11,4,17,13,5,0,7,0,0,0,0,0,0,0,0,0,0,0,0,1.0,1.0,1.0,0.0,0.0,0.0,5,0,0
3530,49,20,29,17,11,4,17,13,5,0,7,0,0,0,0,0,8,0,0,0,0,0,0,1.0,1.0,1.0,0.0,0.0,0.0,5,0,0
3531,48,20,28,16,11,4,17,13,5,0,7,0,0,0,0,0,1,0,0,0,1,0,1,0.9642857142857143,1.0,1.0,0.0,0.0,0.0,5,0,1
3532,48,20,28,16,11,4,17,13,5,0,7,0,0,0,0,0,2,0,0,0,0,0,0,1.0,1.0,1.0,0.0,0.0,0.0,5,0,0
3533,48,20,28,16,11,4,17,13,6,0,7,0,0,0,0,0,6,1,0,0,0,0,0,1.0,1.0,1.0,0.0,0.0,0.16666666666666666,5,0,0
3534,48,20,28,16,11,4,17,13,6,0,7,0,0,0,0,0,0,0,0,0,0,0,0,1.0,1.0,1.0,0.0,0.0,0.0,5,0,0
3535,48,20,28,14,13,4,17,13,6,0,7,0,0,0,0,0,0,0,0,0,0,0,0,1.0,1.0,1.0,0.0,0.0,0.0,5,0,0
3536,48,20,28,11,16,4,17,13,6,0,7,0,0,0,0,0,0,0,0,0,0,0,0,1.0,1.0,1.0,0.0,0.0,0.0,5,0,0
3537,48,20,28,11,16,4,17,13,6,0,6,0,0,0,0,0,0,0,0,0,0,0,0,1.0,1.0,1.0,0.0,0.0,0.0,5,0,0
3538,48,20,28,6,21,4,17,13,7,0,5,0,0,0,0,0,2,1,0,0,0,0,0,1.0,1.0,1.0,0.0,0.0,0.5,5,0,0
3539,48,20,28,6,21,3,18,13,8,0,5,0,0,0,0,0,5,1,0,0,0,0,0,1.0,1.0,1.0,0.0,0.0,0.2,5,0,0
3540,48,20,28,6,21,3,18,13,8,0,2,0,0,0,0,0,0,0,0,0,0,0,0,1.0,1.0,1.0,0.0,0.0,0.0,5,0,0
3541,47,20,27,6,21,3,17,12,8,0,2,0,0,0,0,0,12,1,0,0,0,0,0,1.0,1.0,0.9230769230769231,0.0,0.0,0.08333333333333333,5,0,1
3542,47,20,27,6,21,3,17,12,9,0,2,0,0,0,0,0,10,1,0,0,0,0,0,1.0,1.0,1.0,0.0,0.0,0.1,5,0,0
3543,47,20,27,6,21,3,17,12,10,0,2,0,0,0,0,0,6,1,0,0,0,0,0,1.0,1.0,1.0,0.0,0.0,0.16666666666666666,5,0,0
3544,47,20,27,6,21,3,17,12,10,0,2,0,0,0,0,0,0,0,0,0,0,0,0,1.0,1.0,1.0,0.0,0.0,0.0,5,0,0
3545,47,20,27,6,21,3,17,12,10,0,2,0,0,0,0,0,0,0,0,0,0,0,0,1.0,1.0,1.0,0.0,0.0,0.0,5,0,0
3546,47,20,27,6,21,3,17,12,10,0,2,0,0,0,0,0,0,0,0,0,0,0,0,1.0,1.0,1.0,0.0,0.0,0.0,5,0,0
3547,47,20,27,6,21,3,17,12,10,0,2,0,0,0,0,0,0,0,0,0,0,0,0,1.0,1.0,1.0,0.0,0.0,0.0,5,0,0
3548,47,20,27,6,21,3,17,12,10,0,2,0,0,0,0,0,0,0,0,0,0,0,0,1.0,1.0,1.0,0.0,0.0,0.0,5,0,0
3549,47,20,27,6,21,3,17,12,10,0,2,0,0,0,0,0,0,0,0,0,0,0,0,1.0,1.0,1.0,0.0,0.0,0.0,5,0,0
3550,51,23,28,7,24,3,17,12,9,0,3,0,0,0,0,0,0,0,0,1,0,0,0,1.0,1.0,1.0,0.0851063829787234,0.0851063829787234,0.0,5,4,0
3551,51,23,28,4,27,3,17,12,9,0,3,0,0,0,0,0,0,0,0,0,0,0,0,1.0,1.0,1.0,0.0,0.0,0.0,5,0,0
3552,51,23,28,4,27,3,17,12,9,0,2,0,0,0,0,0,0,0,0,0,0,0,0,1.0,1.0,1.0,0.0,0.0,0.0,5,0,0
3553,51,23,28,4,27,3,17,12,9,0,1,0,0,0,0,0,6,0,0,0,0,0,0,1.0,1.0,1.0,0.0,0.0,0.0,5,0,0
3554,50,22,28,4,26,3,17,12,9,0,1,0,0,0,0,0,5,0,0,0,1,0,1,0.967741935483871,1.0,1.0,0.0,0.0,0.0,5,0,1
3555,50,22,28,4,26,2,18,13,10,1,1,0,0,0,0,0,6,1,1,0,0,0,0,1.0,1.0,1.0,0.0,0.0,0.16666666666666666,5,0,0
3556,50,22,28,4,26,2,18,13,10,1,1,0,0,0,0,0,0,0,0,0,0,0,0,1.0,1.0,1.0,0.0,0.0,0.0,5,0,0
3557,50,22,28,4,26,2,18,13,10,1,1,0,0,0,0,0,0,0,0,0,0,0,0,1.0,1.0,1.0,0.0,0.0,0.0,5,0,0
3558,53,24,29,7,26,2,18,13,9,1,2,0,0,0,0,0,0,0,0,1,1,0,1,0.9666666666666667,1.0,1.0,0.08,0.08,0.0,5,4,1
3559,52,24,28,7,25,2,18,13,9,1,2,0,0,0,0,0,0,0,0,0,1,0,1,0.9696969696969697,1.0,1.0,0.0,0.0,0.0,5,0,1
3560,51,24,27,7,25,2,17,12,8,1,2,0,0,0,0,0,0,0,0,0,0,0,0,1.0,1.0,0.9230769230769231,0.0,0.0,0.0,5,0,1
3561,51,24,27,7,25,2,17,12,8,1,2,0,0,0,0,0,0,0,0,0,0,0,0,1.0,1.0,1.0,0.0,0.0,0.0,5,0,0
3562,51,24,27,7,25,2,17,12,9,1,2,0,0,0,0,0,7,1,0,0,0,0,0,1.0,1.0,1.0,0.0,0.0,0.14285714285714285,5,0,0
3563,50,23,27,6,25,2,17,12,9,1,2,0,0,0,0,0,0,0,0,0,1,1,1,0.96875,1.0,1.0,0.0,0.0,0.0,5,0,1
3564,49,22,27,5,25,2,17,12,9,1,2,0,0,0,0,0,0,0,0,0,1,1,1,0.967741935483871,1.0,1.0,0.0,0.0,0.0,5,0,1
3565,49,22,27,5,25,2,17,12,9,1,2,0,0,0,0,0,0,0,0,0,0,0,0,1.0,1.0,1.0,0.0,0.0,0.0,5,0,0
3566,49,22,27,5,25,2,17,12,9,1,2,0,0,0,0,0,0,0,0,0,0,0,0,1.0,1.0,1.0,0.0,0.0,0.0,5,0,0
3567,49,22,27,5,24,3,17,12,9,1,2,0,0,0,0,0,0,0,0,0,0,0,0,1.0,1.0,1.0,0.0,0.0,0.0,5,0,0
3568,48,21,27,5,22,4,17,12,9,1,2,0,0,0,0,0,0,0,0,0,1,0,1,0.9642857142857143,1.0,1.0,0.0,0.0,0.0,5,0,1
3569,47,21,26,5,21,4,17,12,9,1,2,0,0,0,0,0,0,0,0,0,1,0,1,0.962962962962963,1.0,1.0,0.0,0.0,0.0,5,0,1
3570,47,21,26,5,21,4,17,12,9,1,2,0,0,0,0,0,0,0,0,0,0,0,0,1.0,1.0,1.0,0.0,0.0,0.0,5,0,0
3571,47,21,26,5,21,4,17,12,9,1,2,0,0,0,0,0,0,0,0,0,0,0,0,1.0,1.0,1.0,0.0,0.0,0.0,5,0,0
3572,47,21,26,5,21,4,17,12,9,1,2,0,0,0,0,0,0,0,0,0,0,0,0,1.0,1.0,1.0,0.0,0.0,0.0,5,0,0
3573,47,21,26,5,21,4,17,12,9,1,2,0,0,0,0,0,0,0,0,0,0,0,0,1.0,1.0,1.0,0.0,0.0,0.0,5,0,0
3574,47,21,26,5,21,4,17,12,9,1,2,0,0,0,0,0,0,0,0,0,0,0,0,1.0,1.0,1.0,0.0,0.0,0.0,5,0,0
3575,50,23,27,8,21,4,17,12,8,1,3,0,0,0,0,0,0,0,0,1,0,1,0,1.0,1.0,1.0,0.06382978723404255,0.06382978723404255,0.0,5,3,0
3576,49,22,27,8,20,4,17,12,8,1,3,0,0,0,0,0,0,0,0,0,1,0,1,0.9655172413793104,1.0,1.0,0.0,0.0,0.0,5,0,1
3577,49,22,27,8,20,4,17,12,8,1,3,0,0,0,0,0,0,0,0,0,0,0,0,1.0,1.0,1.0,0.0,0.0,0.0,5,0,0
3578,49,22,27,8,20,4,17,12,8,1,3,0,0,0,0,0,0,0,0,0,0,0,0,1.0,1.0,1.0,0.0,0.0,0.0,5,0,0
3579,49,22,27,8,19,5,17,12,8,1,3,0,0,0,0,0,0,0,0,0,0,0,0,1.0,1.0,1.0,0.0,0.0,0.0,5,0,0
3580,49,22,27,8,19,5,17,12,8,1,3,0,0,0,0,0,0,0,0,0,0,0,0,1.0,1.0,1.0,0.0,0.0,0.0,5,0,0
3581,49,22,27,8,19,4,18,13,8,1,3,0,0,0,0,0,0,0,0,0,0,0,0,1.0,1.0,1.0,0.0,0.0,0.0,5,0,0
3582,49,22,27,8,19,4,18,13,8,1,3,0,0,0,0,0,0,0,0,0,0,0,0,1.0,1.0,1.0,0.0,0.0,0.0,5,0,0
3583,49,22,27,8,19,4,18,13,8,1,3,0,0,0,0,0,0,0,0,0,0,0,0,1.0,1.0,1.0,0.0,0.0,0.0,5,0,0
3584,52,23,29,11,19,4,18,13,7,1,4,0,0,0,0,0,0,0,0,1,0,0,0,1.0,1.0,1.0,0.061224489795918366,0.061224489795918366,0.0,5,3,0
3585,51,23,28,11,18,4,18,13,7,1,4,0,0,0,0,0,0,0,0,0,1,0,1,0.9666666666666667,1.0,1.0,0.0,0.0,0.0,5,0,1
3586,51,23,28,11,18,4,18,13,7,1,4,0,0,0,0,0,0,0,0,0,0,0,0,1.0,1.0,1.0,0.0,0.0,0.0,5,0,0
3587,51,23,28,11,18,4,18,13,7,1,4,0,0,0,0,0,0,0,0,0,0,0,0,1.0,1.0,1.0,0.0,0.0,0.0,5,0,0
3588,51,23,28,11,18,4,18,13,7,1,4,0,0,0,0,0,0,0,0,0,0,0,0,1.0,1.0,1.0,0.0,0.0,0.0,5,0,0
3589,51,23,28,11,18,4,18,13,7,1,4,0,0,0,0,0,0,0,0,0,0,0,0,1.0,1.0,1.0,0.0,0.0,0.0,5,0,0
3590,51,23,28,11,18,4,18,13,7,1,4,0,0,0,0,0,0,0,0,0,0,0,0,1.0,1.0,1.0,0.0,0.0,0.0,5,0,0
3591,50,23,27,11,18,4,17,12,7,1,3,0,0,0,0,0,0,0,0,0,0,0,0,1.0,1.0,0.9230769230769231,0.0,0.0,0.0,5,0,1
3592,50,23,27,11,18,4,17,12,7,1,3,0,0,0,0,0,0,0,0,0,0,0,0,1.0,1.0,1.0,0.0,0.0,0.0,5,0,0
3593,50,23,27,9,20,4,17,12,7,1,3,0,0,0,0,0,0,0,0,0,0,0,0,1.0,1.0,1.0,0.0,0.0,0.0,5,0,0
3594,49,22,27,9,19,4,17,12,7,1,3,0,0,0,0,0,0,0,0,0,1,0,1,0.9655172413793104,1.0,1.0,0.0,0.0,0.0,5,0,1
3595,49,22,27,9,19,4,17,12,7,1,2,0,0,0,0,0,0,0,0,0,0,0,0,1.0,1.0,1.0,0.0,0.0,0.0,5,0,0
3596,49,22,27,9,19,4,17,12,7,1,2,0,0,0,0,0,0,0,0,0,0,0,0,1.0,1.0,1.0,0.0,0.0,0.0,5,0,0
3597,49,22,27,9,19,4,17,12,7,1,2,0,0,0,0,0,0,0,0,0,0,0,0,1.0,1.0,1.0,0.0,0.0,0.0,5,0,0
3598,49,22,27,9,19,4,17,12,7,1,2,0,0,0,0,0,0,0,0,0,0,0,0,1.0,1.0,1.0,0.0,0.0,0.0,5,0,0
3599,49,22,27,9,19,4,17,12,7,1,2,0,0,0,0,0,0,0,0,0,0,0,0,1.0,1.0,1.0,0.0,0.0,0.0,5,0,0
3600,48,22,26,9,18,4,17,12,7,0,2,0,0,0,0,0,0,0,0,0,1,0,1,0.9642857142857143,1.0,1.0,0.0,0.0,0.0,5,0,1
3601,48,22,26,6,21,4,17,12,7,0,2,0,0,0,0,0,0,0,0,0,0,0,0,1.0,1.0,1.0,0.0,0.0,0.0,5,0,0
3602,48,22,26,6,21,4,17,12,7,0,2,0,0,0,0,0,0,0,0,0,0,2,0,1.0,1.0,1.0,0.0,0.0,0.0,5,0,0
3603,51,22,29,9,21,4,17,12,6,0,2,0,0,0,0,0,0,0,0,1,0,0,0,1.0,1.0,1.0,0.0625,0.0625,0.0,5,3,0
3604,54,24,30,12,21,4,17,12,5,0,3,0,0,0,0,0,0,0,0,1,0,0,0,1.0,1.0,1.0,0.058823529411764705,0.058823529411764705,0.0,5,3,0
3605,54,24,30,12,21,4,17,12,5,0,3,0,0,0,0,0,0,0,0,0,0,0,0,1.0,1.0,1.0,0.0,0.0,0.0,5,0,0
3606,58,27,31,16,19,6,17,12,4,0,4,0,0,0,0,0,0,0,0,1,0,0,0,1.0,1.0,1.0,0.07407407407407407,0.07407407407407407,0.0,5,4,0
3607,61,28,33,20,18,6,17,12,3,0,5,0,0,0,0,0,0,0,0,1,1,0,1,0.9714285714285714,1.0,1.0,0.06896551724137931,0.06896551724137931,0.0,5,4,1
3608,62,27,35,21,18,6,17,12,2,0,6,0,0,0,0,0,0,0,0,1,3,0,3,0.9210526315789473,1.0,1.0,0.06557377049180328,0.06557377049180328,0.0,5,4,3
3609,62,27,35,21,18,6,17,12,2,0,6,0,0,0,0,0,0,0,0,0,0,0,0,1.0,1.0,1.0,0.0,0.0,0.0,5,0,0
3610,61,26,35,21,17,6,17,12,2,0,6,0,0,0,0,0,0,0,0,0,1,0,1,0.9743589743589743,1.0,1.0,0.0,0.0,0.0,5,0,1
3611,61,26,35,21,17,6,17,12,2,0,6,0,0,0,0,0,0,0,0,0,0,0,0,1.0,1.0,1.0,0.0,0.0,0.0,5,0,0
3612,61,26,35,21,17,6,17,12,2,0,6,0,0,0,0,0,0,0,0,0,0,0,0,1.0,1.0,1.0,0.0,0.0,0.0,5,0,0
3613,60,26,34,21,16,6,17,12,2,0,6,0,0,0,0,0,0,0,0,0,1,0,1,0.9736842105263158,1.0,1.0,0.0,0.0,0.0,5,0,1
3614,57,24,33,19,15,6,17,12,2,0,6,0,0,0,0,0,0,0,0,0,3,1,3,0.9189189189189189,1.0,1.0,0.0,0.0,0.0,5,0,3
3615,57,24,33,19,15,6,17,12,2,0,6,0,0,0,0,0,0,0,0,0,0,0,0,1.0,1.0,1.0,0.0,0.0,0.0,5,0,0
3616,56,24,32,19,14,6,17,12,2,0,6,0,0,0,0,0,0,0,0,0,1,0,1,0.9705882352941176,1.0,1.0,0.0,0.0,0.0,5,0,1
3617,56,24,32,19,14,6,17,12,2,0,6,0,0,0,0,0,0,0,0,0,0,0,0,1.0,1.0,1.0,0.0,0.0,0.0,5,0,0
3618,54,23,31,15,15,7,17,12,2,0,6,0,0,0,0,0,0,0,0,0,2,0,2,0.9375,1.0,1.0,0.0,0.0,0.0,5,0,2
3619,54,23,31,15,15,7,17,12,2,0,6,0,0,0,0,0,0,0,0,0,0,0,0,1.0,1.0,1.0,0.0,0.0,0.0,5,0,0
3620,57,22,35,19,14,7,17,12,1,0,7,0,0,0,0,0,0,0,0,1,1,0,1,0.9666666666666667,1.0,1.0,0.07407407407407407,0.07407407407407407,0.0,5,4,1
3621,57,22,35,19,14,7,17,12,1,0,7,0,0,0,0,0,0,0,0,0,0,0,0,1.0,1.0,1.0,0.0,0.0,0.0,5,0,0
3622,56,21,35,19,13,7,17,12,1,0,7,0,0,0,0,0,0,0,0,0,1,0,1,0.9696969696969697,1.0,1.0,0.0,0.0,0.0,5,0,1
3623,55,20,35,19,12,7,17,12,1,0,7,0,0,0,0,0,0,0,0,0,1,0,1,0.96875,1.0,1.0,0.0,0.0,0.0,5,0,1
3624,53,18,35,19,10,7,17,12,1,0,7,0,0,0,0,0,0,0,0,0,2,0,2,0.935483870967742,1.0,1.0,0.0,0.0,0.0,5,0,2
3625,53,18,35,19,10,7,17,12,1,0,7,0,0,0,0,0,0,0,0,0,0,0,0,1.0,1.0,1.0,0.0,0.0,0.0,5,0,0
3626,52,18,34,18,10,7,17,12,1,0,7,0,0,0,0,0,0,0,0,0,1,0,1,0.9655172413793104,1.0,1.0,0.0,0.0,0.0,5,0,1
3627,56,20,36,20,12,7,17,12,0,0,8,0,0,0,0,0,0,0,0,1,0,0,0,1.0,1.0,1.0,0.07692307692307693,0.07692307692307693,0.0,5,4,0
3628,53,18,35,19,10,7,17,12,0,0,8,0,0,0,0,0,0,0,0,0,3,0,3,0.90625,1.0,1.0,0.0,0.0,0.0,5,0,3
3629,53,18,35,19,10,7,17,12,0,0,7,0,0,0,0,0,0,0,0,0,0,0,0,1.0,1.0,1.0,0.0,0.0,0.0,5,0,0
3630,53,18,35,19,10,7,17,12,0,0,7,0,0,0,0,0,0,0,0,0,0,0,0,1.0,1.0,1.0,0.0,0.0,0.0,5,0,0
3631,52,18,34,19,10,6,17,12,0,0,7,0,0,0,0,0,0,0,0,0,0,0,0,1.0,1.0,1.0,0.0,0.0,0.0,5,0,1
3632,52,18,34,19,10,6,17,12,0,0,7,0,0,0,0,0,0,0,0,0,0,0,0,1.0,1.0,1.0,0.0,0.0,0.0,5,0,0
3633,51,18,33,18,10,6,17,12,0,0,7,0,0,0,0,0,0,0,0,0,1,0,1,0.9655172413793104,1.0,1.0,0.0,0.0,0.0,5,0,1
3634,50,17,33,17,10,6,17,12,0,0,7,0,0,0,0,0,0,0,0,0,1,0,1,0.9642857142857143,1.0,1.0,0.0,0.0,0.0,5,0,1
3635,50,17,33,17,10,6,17,12,0,0,7,0,0,0,0,0,0,0,0,0,0,0,0,1.0,1.0,1.0,0.0,0.0,0.0,5,0,0
3636,50,17,33,17,10,6,17,12,0,0,7,0,0,0,0,0,0,0,0,0,0,0,0,1.0,1.0,1.0,0.0,0.0,0.0,5,0,0
3637,50,17,33,17,10,5,18,13,0,0,7,0,0,0,0,0,0,0,0,0,0,0,0,1.0,1.0,1.0,0.0,0.0,0.0,5,0,0
3638,50,17,33,17,10,5,18,13,0,0,7,0,0,0,0,0,0,0,0,0,0,0,0,1.0,1.0,1.0,0.0,0.0,0.0,5,0,0
3639,50,17,33,17,10,5,18,13,0,0,7,0,0,0,0,0,0,0,0,0,0,0,0,1.0,1.0,1.0,0.0,0.0,0.0,5,0,0
3640,50,17,33,17,10,5,18,13,0,0,7,0,0,0,0,0,0,0,0,0,0,0,0,1.0,1.0,1.0,0.0,0.0,0.0,5,0,0
3641,50,17,33,17,10,5,18,13,0,0,7,0,0,0,0,0,0,0,0,0,0,0,0,1.0,1.0,1.0,0.0,0.0,0.0,5,0,0
3642,48,17,31,15,10,5,18,13,0,0,7,0,0,0,0,0,0,0,0,0,2,0,2,0.9259259259259259,1.0,1.0,0.0,0.0,0.0,5,0,2
3643,48,17,31,15,10,5,18,13,0,0,7,0,0,0,0,0,0,0,0,0,0,0,0,1.0,1.0,1.0,0.0,0.0,0.0,5,0,0
3644,48,17,31,15,10,5,18,13,0,0,7,0,0,0,0,0,0,0,0,0,0,0,0,1.0,1.0,1.0,0.0,0.0,0.0,5,0,0
3645,48,17,31,15,10,5,18,13,0,0,7,0,0,0,0,0,0,0,0,0,0,0,0,1.0,1.0,1.0,0.0,0.0,0.0,5,0,0
3646,48,17,31,13,12,5,18,13,0,0,7,0,0,0,0,0,0,0,0,0,0,0,0,1.0,1.0,1.0,0.0,0.0,0.0,5,0,0
3647,48,17,31,13,12,5,18,13,0,0,7,0,0,0,0,0,0,0,0,0,0,0,0,1.0,1.0,1.0,0.0,0.0,0.0,5,0,0
3648,48,17,31,13,12,5,18,13,0,0,6,0,0,0,0,0,0,0,0,0,0,0,0,1.0,1.0,1.0,0.0,0.0,0.0,5,0,0
3649,48,17,31,11,14,5,18,13,0,0,5,0,0,0,0,0,0,0,0,0,0,0,0,1.0,1.0,1.0,0.0,0.0,0.0,5,0,0
3650,48,17,31,8,17,5,18,13,0,0,5,0,0,0,0,0,0,0,0,0,0,0,0,1.0,1.0,1.0,0.0,0.0,0.0,5,0,0
3651,48,17,31,5,20,5,18,13,0,0,4,0,0,0,0,0,0,0,0,0,0,0,0,1.0,1.0,1.0,0.0,0.0,0.0,5,0,0
3652,47,17,30,5,19,5,18,13,0,0,3,0,0,0,0,0,0,0,0,0,1,0,1,0.96,1.0,1.0,0.0,0.0,0.0,5,0,1
3653,47,17,30,5,19,5,18,13,0,0,2,0,0,0,0,0,0,0,0,0,0,0,0,1.0,1.0,1.0,0.0,0.0,0.0,5,0,0
3654,47,17,30,5,19,5,18,13,0,0,2,0,0,0,0,0,0,0,0,0,0,0,0,1.0,1.0,1.0,0.0,0.0,0.0,5,0,0
3655,47,17,30,5,19,5,18,13,0,0,2,0,0,0,0,0,0,0,0,0,0,0,0,1.0,1.0,1.0,0.0,0.0,0.0,5,0,0
3656,47,17,30,5,19,5,18,13,0,0,2,0,0,0,0,0,0,0,0,0,0,0,0,1.0,1.0,1.0,0.0,0.0,0.0,5,0,0
3657,47,17,30,5,19,5,18,13,0,0,2,0,0,0,0,0,0,0,0,0,0,0,0,1.0,1.0,1.0,0.0,0.0,0.0,5,0,0
3658,46,16,30,5,18,5,18,13,0,0,2,0,0,0,0,0,0,0,0,0,1,0,1,0.9583333333333334,1.0,1.0,0.0,0.0,0.0,5,0,1
3659,45,16,29,5,17,5,18,13,0,0,2,0,0,0,0,0,0,0,0,0,1,0,1,0.9565217391304348,1.0,1.0,0.0,0.0,0.0,5,0,1
3660,45,16,29,5,17,5,18,13,0,0,2,0,0,0,0,0,0,0,0,0,0,0,0,1.0,1.0,1.0,0.0,0.0,0.0,5,0,0
3661,45,16,29,5,17,5,18,13,0,0,2,0,0,0,0,0,0,0,0,0,0,0,0,1.0,1.0,1.0,0.0,0.0,0.0,5,0,0
3662,45,16,29,5,17,5,18,13,0,0,2,0,0,0,0,0,0,0,0,0,0,0,0,1.0,1.0,1.0,0.0,0.0,0.0,5,0,0
3663,45,16,29,2,20,5,18,13,0,0,2,0,0,0,0,0,0,0,0,0,0,0,0,1.0,1.0,1.0,0.0,0.0,0.0,5,0,0
3664,45,16,29,2,20,5,18,13,0,0,2,0,0,0,0,0,0,0,0,0,0,0,0,1.0,1.0,1.0,0.0,0.0,0.0,5,0,0
3665,45,16,29,2,20,5,18,13,0,0,1,0,0,0,0,0,0,0,0,0,0,0,0,1.0,1.0,1.0,0.0,0.0,0.0,5,0,0
3666,45,16,29,2,20,5,18,13,0,0,1,0,0,0,0,0,0,0,0,0,0,0,0,1.0,1.0,1.0,0.0,0.0,0.0,5,0,0
3667,44,16,28,2,19,5,18,13,0,0,1,0,0,0,0,0,0,0,0,0,1,0,1,0.9545454545454546,1.0,1.0,0.0,0.0,0.0,5,0,1
3668,44,16,28,2,19,5,18,13,0,0,1,0,0,0,0,0,0,0,0,0,0,0,0,1.0,1.0,1.0,0.0,0.0,0.0,5,0,0
3669,44,16,28,2,19,5,18,13,0,0,1,0,0,0,0,0,0,0,0,0,0,0,0,1.0,1.0,1.0,0.0,0.0,0.0,5,0,0
3670,44,16,28,0,21,5,18,13,0,0,1,0,0,0,0,0,0,0,0,0,0,0,0,1.0,1.0,1.0,0.0,0.0,0.0,5,0,0
3671,44,16,28,0,21,5,18,13,0,0,1,0,0,0,0,0,0,0,0,0,0,0,0,1.0,1.0,1.0,0.0,0.0,0.0,5,0,0
3672,44,16,28,0,21,5,18,13,0,0,0,0,0,0,0,0,0,0,0,0,0,0,0,1.0,1.0,1.0,0.0,0.0,0.0,5,0,0
3673,44,16,28,0,21,5,18,13,0,0,0,0,0,0,0,0,0,0,0,0,0,1,0,1.0,1.0,1.0,0.0,0.0,0.0,5,0,0
3674,44,16,28,0,21,5,18,13,0,0,0,0,0,0,0,0,0,0,0,0,0,0,0,1.0,1.0,1.0,0.0,0.0,0.0,5,0,0
3675,44,16,28,0,21,5,18,13,0,0,0,0,0,0,0,0,0,0,0,0,0,1,0,1.0,1.0,1.0,0.0,0.0,0.0,5,0,0
3676,44,16,28,0,21,5,18,13,0,0,0,0,0,0,0,0,0,0,0,0,0,0,0,1.0,1.0,1.0,0.0,0.0,0.0,5,0,0
3677,44,16,28,0,20,6,18,13,0,0,0,0,0,0,0,0,0,0,0,0,0,0,0,1.0,1.0,1.0,0.0,0.0,0.0,5,0,0
3678,44,16,28,0,20,6,18,13,0,0,0,0,0,0,0,0,0,0,0,0,0,0,0,1.0,1.0,1.0,0.0,0.0,0.0,5,0,0
3679,44,16,28,0,19,7,18,13,0,0,0,0,0,0,0,0,0,0,0,0,0,0,0,1.0,1.0,1.0,0.0,0.0,0.0,5,0,0
3680,44,16,28,0,19,6,19,14,5,2,0,0,0,0,0,0,21,5,2,0,0,0,0,1.0,1.0,1.0,0.0,0.0,0.23809523809523808,5,0,0
3681,44,16,28,0,19,6,19,14,6,3,0,0,0,0,0,0,17,1,1,0,0,0,0,1.0,1.0,1.0,0.0,0.0,0.058823529411764705,5,0,0
3682,44,16,28,0,19,6,19,14,7,5,0,0,0,0,0,0,11,1,2,0,0,0,0,1.0,1.0,1.0,0.0,0.0,0.09090909090909091,5,0,0
3683,44,16,28,0,19,6,19,14,8,5,0,0,0,0,0,0,6,1,0,0,0,0,0,1.0,1.0,1.0,0.0,0.0,0.16666666666666666,5,0,0
3684,44,16,28,0,19,6,19,14,9,5,0,0,0,0,0,0,8,1,0,0,0,0,0,1.0,1.0,1.0,0.0,0.0,0.125,5,0,0
3685,44,16,28,0,19,6,19,14,9,5,0,0,0,0,0,0,0,0,0,0,0,0,0,1.0,1.0,1.0,0.0,0.0,0.0,5,0,0
3686,44,16,28,0,19,6,19,14,9,5,0,0,0,0,0,0,0,0,0,0,0,0,0,1.0,1.0,1.0,0.0,0.0,0.0,5,0,0
3687,44,16,28,0,19,6,19,14,9,5,0,0,0,0,0,0,0,0,0,0,0,0,0,1.0,1.0,1.0,0.0,0.0,0.0,5,0,0
3688,44,16,28,0,19,6,19,14,9,5,0,0,0,0,0,0,0,0,0,0,0,1,0,1.0,1.0,1.0,0.0,0.0,0.0,5,0,0
3689,44,16,28,0,19,6,19,14,9,5,0,0,0,0,0,0,0,0,0,0,0,0,0,1.0,1.0,1.0,0.0,0.0,0.0,5,0,0
3690,44,16,28,0,19,6,19,14,9,5,0,0,0,0,0,0,0,0,0,0,0,0,0,1.0,1.0,1.0,0.0,0.0,0.0,5,0,0
3691,44,16,28,0,19,6,19,14,9,5,0,0,0,0,0,0,0,0,0,0,0,0,0,1.0,1.0,1.0,0.0,0.0,0.0,5,0,0
3692,44,16,28,0,18,7,19,14,9,5,0,0,0,0,0,0,0,0,0,0,0,0,0,1.0,1.0,1.0,0.0,0.0,0.0,5,0,0
3693,44,16,28,0,18,7,19,14,9,5,0,0,0,0,0,0,0,0,0,0,0,0,0,1.0,1.0,1.0,0.0,0.0,0.0,5,0,0
3694,44,16,28,0,18,7,19,14,9,5,0,0,0,0,0,0,0,0,0,0,0,0,0,1.0,1.0,1.0,0.0,0.0,0.0,5,0,0
3695,44,16,28,0,18,7,19,14,9,5,0,0,0,0,0,0,0,0,0,0,0,0,0,1.0,1.0,1.0,0.0,0.0,0.0,5,0,0
3696,44,16,28,0,18,7,19,14,9,5,0,0,0,0,0,0,0,0,0,0,0,0,0,1.0,1.0,1.0,0.0,0.0,0.0,5,0,0
3697,44,16,28,0,18,7,19,14,9,5,0,0,0,0,0,0,0,0,0,0,0,0,0,1.0,1.0,1.0,0.0,0.0,0.0,5,0,0
3698,43,16,27,0,17,7,19,14,9,5,0,0,0,0,0,0,0,0,0,0,1,0,1,0.9444444444444444,1.0,1.0,0.0,0.0,0.0,5,0,1
3699,43,16,27,0,17,7,19,14,9,5,0,0,0,0,0,0,0,0,0,0,0,0,0,1.0,1.0,1.0,0.0,0.0,0.0,5,0,0
3700,43,16,27,0,17,7,19,14,9,5,0,0,0,0,0,0,0,0,0,0,0,0,0,1.0,1.0,1.0,0.0,0.0,0.0,5,0,0
3701,43,16,27,0,17,7,19,14,9,5,0,0,0,0,0,0,0,0,0,0,0,0,0,1.0,1.0,1.0,0.0,0.0,0.0,5,0,0
3702,43,16,27,0,17,7,19,14,9,5,0,0,0,0,0,0,0,0,0,0,0,0,0,1.0,1.0,1.0,0.0,0.0,0.0,5,0,0
3703,43,16,27,0,17,6,20,14,9,5,0,0,0,0,0,0,0,0,0,0,0,0,0,1.0,1.0,1.0,0.0,0.0,0.0,5,0,0
3704,43,16,27,0,17,6,20,14,9,5,0,0,0,0,0,0,0,0,0,0,0,0,0,1.0,1.0,1.0,0.0,0.0,0.0,5,0,0
3705,43,16,27,0,17,6,20,14,9,5,0,0,0,0,0,0,0,0,0,0,0,0,0,1.0,1.0,1.0,0.0,0.0,0.0,5,0,0
3706,43,16,27,0,17,6,20,14,9,5,0,0,0,0,0,0,0,0,0,0,0,0,0,1.0,1.0,1.0,0.0,0.0,0.0,5,0,0
3707,43,16,27,0,17,6,20,14,9,5,0,0,0,0,0,0,0,0,0,0,0,0,0,1.0,1.0,1.0,0.0,0.0,0.0,5,0,0
3708,42,16,26,0,16,6,20,14,9,5,0,0,0,0,0,0,0,0,0,0,1,0,1,0.9411764705882353,1.0,1.0,0.0,0.0,0.0,5,0,1
3709,42,16,26,0,16,6,20,14,9,5,0,0,0,0,0,0,0,0,0,0,0,0,0,1.0,1.0,1.0,0.0,0.0,0.0,5,0,0
3710,41,16,25,0,16,6,19,13,8,5,0,0,0,0,0,0,0,0,0,0,0,0,0,1.0,1.0,0.9285714285714286,0.0,0.0,0.0,5,0,1
3711,41,16,25,0,16,6,19,13,8,5,0,0,0,0,0,0,0,0,0,0,0,0,0,1.0,1.0,1.0,0.0,0.0,0.0,5,0,0
3712,41,16,25,0,16,6,19,13,8,5,0,0,0,0,0,0,0,0,0,0,0,0,0,1.0,1.0,1.0,0.0,0.0,0.0,5,0,0
3713,41,16,25,0,16,6,19,13,8,5,0,0,0,0,0,0,0,0,0,0,0,0,0,1.0,1.0,1.0,0.0,0.0,0.0,5,0,0
3714,41,16,25,0,16,5,20,13,8,5,0,0,0,0,0,0,0,0,0,0,0,0,0,1.0,1.0,1.0,0.0,0.0,0.0,5,0,0
3715,41,16,25,0,16,5,20,13,8,5,0,0,0,0,0,0,0,0,0,0,0,0,0,1.0,1.0,1.0,0.0,0.0,0.0,5,0,0
3716,41,16,25,0,16,5,20,13,8,5,0,0,0,0,0,0,0,0,0,0,0,0,0,1.0,1.0,1.0,0.0,0.0,0.0,5,0,0
3717,41,16,25,0,16,5,20,13,8,5,0,0,0,0,0,0,0,0,0,0,0,0,0,1.0,1.0,1.0,0.0,0.0,0.0,5,0,0
3718,41,16,25,0,16,5,20,13,8,5,0,0,0,0,0,0,0,0,0,0,0,0,0,1.0,1.0,1.0,0.0,0.0,0.0,5,0,0
3719,41,16,25,0,16,5,20,13,8,5,0,0,0,0,0,0,0,0,0,0,0,0,0,1.0,1.0,1.0,0.0,0.0,0.0,5,0,0
3720,41,16,25,0,16,5,20,13,8,5,0,0,0,0,0,0,0,0,0,0,0,0,0,1.0,1.0,1.0,0.0,0.0,0.0,5,0,0
3721,41,16,25,0,16,5,20,13,8,5,0,0,0,0,0,0,0,0,0,0,0,0,0,1.0,1.0,1.0,0.0,0.0,0.0,5,0,0
3722,41,16,25,0,16,5,20,13,8,5,0,0,0,0,0,0,0,0,0,0,0,0,0,1.0,1.0,1.0,0.0,0.0,0.0,5,0,0
3723,41,16,25,0,16,5,20,13,8,5,0,0,0,0,0,0,0,0,0,0,0,0,0,1.0,1.0,1.0,0.0,0.0,0.0,5,0,0
3724,41,16,25,0,16,5,20,13,8,5,0,0,0,0,0,0,0,0,0,0,0,0,0,1.0,1.0,1.0,0.0,0.0,0.0,5,0,0
3725,41,16,25,0,16,5,20,13,8,3,0,0,0,0,0,0,0,0,0,0,0,0,0,1.0,1.0,1.0,0.0,0.0,0.0,5,0,0
3726,41,16,25,0,16,5,20,13,10,2,0,0,0,0,0,0,12,2,0,0,0,0,0,1.0,1.0,1.0,0.0,0.0,0.16666666666666666,5,0,0
3727,41,16,25,0,16,5,20,13,11,0,0,0,0,0,0,0,6,1,0,0,0,0,0,1.0,1.0,1.0,0.0,0.0,0.16666666666666666,5,0,0
3728,41,16,25,0,16,5,20,13,12,1,0,0,0,0,0,0,8,1,1,0,0,0,0,1.0,1.0,1.0,0.0,0.0,0.125,5,0,0
3729,41,16,25,0,16,5,20,13,12,1,0,0,0,0,0,0,0,0,0,0,0,0,0,1.0,1.0,1.0,0.0,0.0,0.0,5,0,0
3730,41,16,25,0,16,5,20,13,12,1,0,0,0,0,0,0,0,0,0,0,0,0,0,1.0,1.0,1.0,0.0,0.0,0.0,5,0,0
3731,40,15,25,0,16,5,19,13,12,1,0,0,0,0,0,0,0,0,0,0,0,0,0,1.0,0.8571428571428572,1.0,0.0,0.0,0.0,5,0,1
3732,40,15,25,0,16,5,19,13,12,1,0,0,0,0,0,0,0,0,0,0,0,0,0,1.0,1.0,1.0,0.0,0.0,0.0,5,0,0
3733,40,15,25,0,16,5,19,13,12,1,0,0,0,0,0,0,0,0,0,0,0,0,0,1.0,1.0,1.0,0.0,0.0,0.0,5,0,0
3734,40,15,25,0,16,5,19,13,12,1,0,0,0,0,0,0,0,0,0,0,0,0,0,1.0,1.0,1.0,0.0,0.0,0.0,5,0,0
3735,40,15,25,0,16,5,19,13,12,1,0,0,0,0,0,0,0,0,0,0,0,0,0,1.0,1.0,1.0,0.0,0.0,0.0,5,0,0
3736,40,15,25,0,16,5,19,13,12,1,0,0,0,0,0,0,0,0,0,0,0,0,0,1.0,1.0,1.0,0.0,0.0,0.0,5,0,0
3737,40,15,25,0,16,5,19,13,12,1,0,0,0,0,0,0,0,0,0,0,0,0,0,1.0,1.0,1.0,0.0,0.0,0.0,5,0,0
3738,40,15,25,0,16,5,19,13,12,1,0,0,0,0,0,0,0,0,0,0,0,0,0,1.0,1.0,1.0,0.0,0.0,0.0,5,0,0
3739,40,15,25,0,16,5,19,13,12,1,0,0,0,0,0,0,0,0,0,0,0,0,0,1.0,1.0,1.0,0.0,0.0,0.0,5,0,0
3740,40,15,25,0,16,5,19,13,12,1,0,0,0,0,0,0,0,0,0,0,0,0,0,1.0,1.0,1.0,0.0,0.0,0.0,5,0,0
3741,39,15,24,0,15,4,20,13,12,1,0,0,0,0,0,0,0,0,0,0,1,0,1,0.9375,1.0,1.0,0.0,0.0,0.0,5,0,1
3742,39,15,24,0,15,4,20,13,12,1,0,0,0,0,0,0,0,0,0,0,0,0,0,1.0,1.0,1.0,0.0,0.0,0.0,5,0,0
3743,39,15,24,0,15,4,20,13,12,1,0,0,0,0,0,0,0,0,0,0,0,0,0,1.0,1.0,1.0,0.0,0.0,0.0,5,0,0
3744,39,15,24,0,15,4,20,13,12,1,0,0,0,0,0,0,0,0,0,0,0,0,0,1.0,1.0,1.0,0.0,0.0,0.0,5,0,0
3745,53,25,28,14,15,4,20,13,8,1,4,0,0,0,0,0,0,0,0,4,0,0,0,1.0,1.0,1.0,0.358974358974359,0.358974358974359,0.0,5,14,0
3746,55,27,28,17,14,4,20,13,7,1,5,0,0,0,0,0,0,0,0,1,1,0,1,0.9655172413793104,1.0,1.0,0.05660377358490566,0.05660377358490566,0.0,4,3,1
3747,57,26,31,20,13,4,20,13,6,1,6,0,0,0,0,0,0,0,0,1,2,0,2,0.935483870967742,1.0,1.0,0.07272727272727272,0.07272727272727272,0.0,4,4,2
3748,60,27,33,23,13,4,20,13,5,1,7,0,0,0,0,0,0,0,0,1,1,0,1,0.9696969696969697,1.0,1.0,0.07017543859649122,0.07017543859649122,0.0,4,4,1
3749,63,30,33,26,13,4,20,13,4,1,8,0,0,0,0,0,0,0,0,1,1,0,1,0.9722222222222222,1.0,1.0,0.06666666666666667,0.06666666666666667,0.0,4,4,1
3750,62,30,32,25,13,4,20,13,4,1,8,0,0,0,0,0,0,0,0,0,1,0,1,0.9743589743589743,1.0,1.0,0.0,0.0,0.0,4,0,1
3751,62,30,32,25,13,4,20,13,4,1,8,0,0,0,0,0,0,0,0,0,0,0,0,1.0,1.0,1.0,0.0,0.0,0.0,4,0,0
3752,61,29,32,24,13,4,20,13,4,1,8,0,0,0,0,0,0,0,0,0,1,0,1,0.9736842105263158,1.0,1.0,0.0,0.0,0.0,4,0,1
3753,60,29,31,24,12,3,21,13,4,1,8,0,0,0,0,0,0,0,0,0,1,0,1,0.972972972972973,1.0,1.0,0.0,0.0,0.0,4,0,1
3754,58,29,29,23,11,3,21,13,4,1,8,0,0,0,0,0,0,0,0,0,2,0,2,0.9444444444444444,1.0,1.0,0.0,0.0,0.0,4,0,2
3755,57,29,28,23,10,3,21,13,4,1,8,0,0,0,0,0,0,0,0,0,1,1,1,0.9705882352941176,1.0,1.0,0.0,0.0,0.0,4,0,1
3756,57,29,28,23,10,3,21,13,4,1,8,0,0,0,0,0,0,0,0,0,0,0,0,1.0,1.0,1.0,0.0,0.0,0.0,4,0,0
3757,57,29,28,23,10,3,21,13,4,1,8,0,0,0,0,0,0,0,0,0,0,0,0,1.0,1.0,1.0,0.0,0.0,0.0,4,0,0
3758,55,28,27,21,10,3,21,13,4,1,8,0,0,0,0,0,0,0,0,0,2,0,2,0.9393939393939394,1.0,1.0,0.0,0.0,0.0,4,0,2
3759,55,28,27,21,9,4,21,13,4,1,8,0,0,0,0,0,0,0,0,0,0,0,0,1.0,1.0,1.0,0.0,0.0,0.0,4,0,0
3760,55,28,27,21,9,4,21,13,4,1,8,0,0,0,0,0,0,0,0,0,0,0,0,1.0,1.0,1.0,0.0,0.0,0.0,4,0,0
3761,55,28,27,21,9,4,21,13,4,1,8,0,0,0,0,0,0,0,0,0,0,0,0,1.0,1.0,1.0,0.0,0.0,0.0,4,0,0
3762,54,27,27,21,8,4,21,13,4,1,8,0,0,0,0,0,0,0,0,0,1,0,1,0.9666666666666667,1.0,1.0,0.0,0.0,0.0,4,0,1
3763,54,27,27,21,8,4,21,13,4,1,8,0,0,0,0,0,0,0,0,0,0,0,0,1.0,1.0,1.0,0.0,0.0,0.0,4,0,0
3764,54,27,27,21,8,4,21,13,4,1,8,0,0,0,0,0,0,0,0,0,0,1,0,1.0,1.0,1.0,0.0,0.0,0.0,4,0,0
3765,54,27,27,21,8,4,21,13,4,1,8,0,0,0,0,0,0,0,0,0,0,0,0,1.0,1.0,1.0,0.0,0.0,0.0,4,0,0
3766,54,27,27,21,8,4,21,13,4,1,8,0,0,0,0,0,0,0,0,0,0,0,0,1.0,1.0,1.0,0.0,0.0,0.0,4,0,0
3767,54,27,27,21,8,4,21,13,4,1,8,0,0,0,0,0,0,0,0,0,0,0,0,1.0,1.0,1.0,0.0,0.0,0.0,4,0,0
3768,52,26,26,20,7,4,21,13,4,1,8,0,0,0,0,0,0,0,0,0,1,0,1,0.9310344827586207,1.0,1.0,0.0,0.0,0.0,4,0,2
3769,52,26,26,20,7,4,21,13,4,1,8,0,0,0,0,0,0,0,0,0,0,0,0,1.0,1.0,1.0,0.0,0.0,0.0,4,0,0
3770,52,26,26,20,7,4,21,13,4,1,8,0,0,0,0,0,0,0,0,0,0,0,0,1.0,1.0,1.0,0.0,0.0,0.0,4,0,0
3771,52,26,26,20,7,4,21,13,4,1,8,0,0,0,0,0,0,0,0,0,0,0,0,1.0,1.0,1.0,0.0,0.0,0.0,4,0,0
3772,52,26,26,20,7,4,21,13,4,1,8,0,0,0,0,0,0,0,0,0,0,0,0,1.0,1.0,1.0,0.0,0.0,0.0,4,0,0
3773,52,26,26,20,7,4,21,13,4,0,8,0,0,0,0,0,0,0,0,0,0,0,0,1.0,1.0,1.0,0.0,0.0,0.0,4,0,0
3774,52,26,26,20,7,4,21,13,5,0,8,0,0,0,0,0,3,1,0,0,0,0,0,1.0,1.0,1.0,0.0,0.0,0.3333333333333333,4,0,0
3775,51,26,25,19,7,4,21,13,5,0,8,0,0,0,0,0,0,0,0,0,1,0,1,0.962962962962963,1.0,1.0,0.0,0.0,0.0,4,0,1
3776,50,26,24,18,7,4,21,13,5,0,8,0,0,0,0,0,0,0,0,0,1,0,1,0.9615384615384616,1.0,1.0,0.0,0.0,0.0,4,0,1
3777,50,26,24,18,7,4,21,13,5,0,8,0,0,0,0,0,0,0,0,0,0,0,0,1.0,1.0,1.0,0.0,0.0,0.0,4,0,0
3778,48,24,24,16,7,4,21,13,5,0,8,0,0,0,0,0,0,0,0,0,2,0,2,0.92,1.0,1.0,0.0,0.0,0.0,4,0,2
3779,48,24,24,16,7,4,21,13,5,0,8,0,0,0,0,0,0,0,0,0,0,0,0,1.0,1.0,1.0,0.0,0.0,0.0,4,0,0
3780,48,24,24,16,7,4,21,13,5,0,8,0,0,0,0,0,0,0,0,0,0,0,0,1.0,1.0,1.0,0.0,0.0,0.0,4,0,0
3781,48,24,24,16,7,4,21,13,5,0,8,0,0,0,0,0,0,0,0,0,0,0,0,1.0,1.0,1.0,0.0,0.0,0.0,4,0,0
3782,48,24,24,16,7,4,21,13,5,0,8,0,0,0,0,0,0,0,0,0,0,0,0,1.0,1.0,1.0,0.0,0.0,0.0,4,0,0
3783,48,24,24,16,7,4,21,13,5,0,8,0,0,0,0,0,0,0,0,0,0,2,0,1.0,1.0,1.0,0.0,0.0,0.0,4,0,0
3784,47,24,23,16,6,4,21,13,5,0,8,0,0,0,0,0,0,0,0,0,1,0,1,0.9565217391304348,1.0,1.0,0.0,0.0,0.0,4,0,1
3785,47,24,23,16,6,4,21,13,5,0,8,0,0,0,0,0,0,0,0,0,0,0,0,1.0,1.0,1.0,0.0,0.0,0.0,4,0,0
3786,47,24,23,16,6,4,21,13,5,0,8,0,0,0,0,0,0,0,0,0,0,1,0,1.0,1.0,1.0,0.0,0.0,0.0,4,0,0
3787,46,23,23,15,4,6,21,13,5,0,8,0,0,0,0,0,0,0,0,0,1,1,1,0.95,1.0,1.0,0.0,0.0,0.0,4,0,1
3788,46,23,23,6,13,6,21,13,5,0,8,0,0,0,0,0,0,0,0,0,0,0,0,1.0,1.0,1.0,0.0,0.0,0.0,4,0,0
3789,46,23,23,5,14,6,21,13,5,0,8,0,0,0,0,0,0,0,0,0,0,0,0,1.0,1.0,1.0,0.0,0.0,0.0,4,0,0
3790,46,23,23,2,16,7,21,13,5,0,4,0,0,0,0,0,0,0,0,0,0,0,0,1.0,1.0,1.0,0.0,0.0,0.0,4,0,0
3791,54,27,27,9,16,8,21,13,4,0,5,0,0,0,0,0,13,1,0,2,0,0,0,1.0,1.0,1.0,0.17391304347826086,0.17391304347826086,0.07692307692307693,4,8,0
3792,57,28,29,11,17,8,21,13,6,0,5,0,0,0,0,0,15,3,0,1,0,0,0,1.0,1.0,1.0,0.05555555555555555,0.05555555555555555,0.2,4,3,0
3793,59,30,29,14,16,8,21,13,6,0,5,0,0,0,0,0,3,1,0,1,1,0,1,0.9642857142857143,1.0,1.0,0.05263157894736842,0.05263157894736842,0.3333333333333333,4,3,1
3794,59,30,29,14,16,8,21,13,8,0,4,0,0,0,0,0,5,2,0,0,0,0,0,1.0,1.0,1.0,0.0,0.0,0.4,4,0,0
3795,58,30,28,14,15,8,21,13,9,0,4,0,0,0,0,0,5,1,0,0,1,0,1,0.9666666666666667,1.0,1.0,0.0,0.0,0.2,4,0,1
3796,56,29,27,13,14,8,21,13,9,0,4,0,0,0,0,0,0,0,0,0,2,0,2,0.9310344827586207,1.0,1.0,0.0,0.0,0.0,4,0,2
3797,56,29,27,13,14,8,21,13,9,0,4,0,0,0,0,0,0,0,0,0,0,0,0,1.0,1.0,1.0,0.0,0.0,0.0,4,0,0
3798,56,29,27,13,14,8,21,13,9,0,4,0,0,0,0,0,0,0,0,0,0,0,0,1.0,1.0,1.0,0.0,0.0,0.0,4,0,0
3799,54,28,26,13,12,8,21,13,9,0,4,0,0,0,0,0,0,0,0,0,2,0,2,0.9259259259259259,1.0,1.0,0.0,0.0,0.0,4,0,2
3800,53,28,25,13,12,7,21,13,9,0,4,0,0,0,0,0,0,0,0,0,0,1,0,1.0,1.0,1.0,0.0,0.0,0.0,4,0,1
3801,53,28,25,13,12,7,21,13,9,0,4,0,0,0,0,0,0,0,0,0,0,0,0,1.0,1.0,1.0,0.0,0.0,0.0,4,0,0
3802,53,28,25,13,12,7,21,13,9,0,4,0,0,0,0,0,0,0,0,0,0,0,0,1.0,1.0,1.0,0.0,0.0,0.0,4,0,0
3803,53,28,25,13,12,7,21,13,9,0,4,0,0,0,0,0,0,0,0,0,0,0,0,1.0,1.0,1.0,0.0,0.0,0.0,4,0,0
3804,53,28,25,13,11,8,21,13,9,0,4,0,0,0,0,0,0,0,0,0,0,0,0,1.0,1.0,1.0,0.0,0.0,0.0,4,0,0
3805,53,28,25,13,11,8,21,13,9,0,4,0,0,0,0,0,0,0,0,0,0,0,0,1.0,1.0,1.0,0.0,0.0,0.0,4,0,0
3806,53,28,25,13,11,8,21,13,9,0,4,0,0,0,0,0,0,0,0,0,0,0,0,1.0,1.0,1.0,0.0,0.0,0.0,4,0,0
3807,52,27,25,12,11,8,21,13,9,0,4,0,0,0,0,0,0,0,0,0,1,1,1,0.9583333333333334,1.0,1.0,0.0,0.0,0.0,4,0,1
3808,52,27,25,12,11,8,21,13,9,0,4,0,0,0,0,0,0,0,0,0,0,0,0,1.0,1.0,1.0,0.0,0.0,0.0,4,0,0
3809,52,27,25,12,11,8,21,13,9,0,4,0,0,0,0,0,0,0,0,0,0,0,0,1.0,1.0,1.0,0.0,0.0,0.0,4,0,0
3810,52,27,25,12,11,8,21,13,9,0,4,0,0,0,0,0,0,0,0,0,0,0,0,1.0,1.0,1.0,0.0,0.0,0.0,4,0,0
3811,51,27,24,12,9,9,21,13,9,0,4,0,0,0,0,0,0,0,0,0,1,0,1,0.9545454545454546,1.0,1.0,0.0,0.0,0.0,4,0,1
3812,51,27,24,12,9,9,21,13,9,0,4,0,0,0,0,0,0,0,0,0,0,0,0,1.0,1.0,1.0,0.0,0.0,0.0,4,0,0
3813,51,27,24,12,9,9,21,13,9,0,4,0,0,0,0,0,0,0,0,0,0,0,0,1.0,1.0,1.0,0.0,0.0,0.0,4,0,0
3814,51,27,24,12,9,9,21,13,9,0,4,0,0,0,0,0,0,0,0,0,0,0,0,1.0,1.0,1.0,0.0,0.0,0.0,4,0,0
3815,51,27,24,12,9,9,21,13,9,0,4,0,0,0,0,0,0,0,0,0,0,0,0,1.0,1.0,1.0,0.0,0.0,0.0,4,0,0
3816,51,27,24,12,9,9,21,13,9,0,4,0,0,0,0,0,0,0,0,0,0,0,0,1.0,1.0,1.0,0.0,0.0,0.0,4,0,0
3817,51,27,24,12,9,9,21,13,9,0,4,0,0,0,0,0,0,0,0,0,0,0,0,1.0,1.0,1.0,0.0,0.0,0.0,4,0,0
3818,50,27,23,11,9,9,21,13,9,0,4,0,0,0,0,0,0,0,0,0,1,0,1,0.9523809523809523,1.0,1.0,0.0,0.0,0.0,4,0,1
3819,50,27,23,11,9,9,21,13,9,0,4,0,0,0,0,0,0,0,0,0,0,0,0,1.0,1.0,1.0,0.0,0.0,0.0,4,0,0
3820,50,27,23,11,9,9,21,13,9,0,4,0,0,0,0,0,0,0,0,0,0,0,0,1.0,1.0,1.0,0.0,0.0,0.0,4,0,0
3821,50,27,23,11,9,9,21,13,9,0,4,0,0,0,0,0,0,0,0,0,0,0,0,1.0,1.0,1.0,0.0,0.0,0.0,4,0,0
3822,48,26,22,11,8,9,20,12,8,0,4,0,0,0,0,0,0,0,0,0,1,0,1,0.95,1.0,0.9230769230769231,0.0,0.0,0.0,4,0,2
3823,48,26,22,11,8,9,20,12,8,0,4,0,0,0,0,0,0,0,0,0,0,0,0,1.0,1.0,1.0,0.0,0.0,0.0,4,0,0
3824,48,26,22,11,8,9,20,12,8,0,4,0,0,0,0,0,0,0,0,0,0,0,0,1.0,1.0,1.0,0.0,0.0,0.0,4,0,0
3825,48,26,22,11,8,9,20,12,8,0,4,0,0,0,0,0,0,0,0,0,0,0,0,1.0,1.0,1.0,0.0,0.0,0.0,4,0,0
3826,48,26,22,11,8,9,20,12,8,0,4,0,0,0,0,0,0,0,0,0,0,0,0,1.0,1.0,1.0,0.0,0.0,0.0,4,0,0
3827,48,26,22,11,8,8,21,12,8,0,4,0,0,0,0,0,0,0,0,0,0,0,0,1.0,1.0,1.0,0.0,0.0,0.0,4,0,0
3828,48,26,22,11,8,8,21,12,8,0,4,0,0,0,0,0,0,0,0,0,0,0,0,1.0,1.0,1.0,0.0,0.0,0.0,4,0,0
3829,48,26,22,11,8,8,21,12,8,0,4,0,0,0,0,0,0,0,0,0,0,0,0,1.0,1.0,1.0,0.0,0.0,0.0,4,0,0
3830,48,26,22,11,8,8,21,12,8,0,4,0,0,0,0,0,0,0,0,0,0,0,0,1.0,1.0,1.0,0.0,0.0,0.0,4,0,0
3831,48,26,22,11,8,8,21,12,8,0,4,0,0,0,0,0,0,0,0,0,0,0,0,1.0,1.0,1.0,0.0,0.0,0.0,4,0,0
3832,48,26,22,11,8,8,21,12,8,0,4,0,0,0,0,0,0,0,0,0,0,0,0,1.0,1.0,1.0,0.0,0.0,0.0,4,0,0
3833,47,25,22,11,7,8,21,12,8,0,4,0,0,0,0,0,0,0,0,0,1,0,1,0.9473684210526316,1.0,1.0,0.0,0.0,0.0,4,0,1
3834,47,25,22,4,14,8,21,12,8,0,4,0,0,0,0,0,0,0,0,0,0,0,0,1.0,1.0,1.0,0.0,0.0,0.0,4,0,0
3835,47,25,22,1,17,8,21,12,8,0,4,0,0,0,0,0,0,0,0,0,0,0,0,1.0,1.0,1.0,0.0,0.0,0.0,4,0,0
3836,47,25,22,0,18,8,21,12,8,0,2,0,0,0,0,0,0,0,0,0,0,0,0,1.0,1.0,1.0,0.0,0.0,0.0,4,0,0
3837,46,25,21,0,17,8,21,12,10,0,1,0,0,0,0,0,9,2,0,0,1,0,1,0.9444444444444444,1.0,1.0,0.0,0.0,0.2222222222222222,4,0,1
3838,46,25,21,0,17,8,21,12,11,0,0,0,0,0,0,0,1,1,0,0,0,0,0,1.0,1.0,1.0,0.0,0.0,1.0,4,0,0
3839,50,28,22,4,17,8,21,12,11,0,1,0,0,0,0,0,2,1,0,1,0,0,0,1.0,1.0,1.0,0.08695652173913043,0.08695652173913043,0.5,4,4,0
3840,49,28,21,4,16,8,21,12,11,0,1,0,0,0,0,0,0,0,0,0,1,0,1,0.9523809523809523,1.0,1.0,0.0,0.0,0.0,4,0,1
3841,49,28,21,4,16,8,21,12,11,0,1,0,0,0,0,0,0,0,0,0,0,0,0,1.0,1.0,1.0,0.0,0.0,0.0,4,0,0
3842,49,28,21,4,16,8,21,12,11,0,1,0,0,0,0,0,0,0,0,0,0,0,0,1.0,1.0,1.0,0.0,0.0,0.0,4,0,0
3843,48,28,20,3,16,8,21,12,11,0,1,0,0,0,0,0,0,0,0,0,1,0,1,0.95,1.0,1.0,0.0,0.0,0.0,4,0,1
3844,48,28,20,3,16,8,21,12,11,0,1,0,0,0,0,0,0,0,0,0,0,0,0,1.0,1.0,1.0,0.0,0.0,0.0,4,0,0
3845,48,28,20,3,16,8,21,12,11,0,1,0,0,0,0,0,0,0,0,0,0,0,0,1.0,1.0,1.0,0.0,0.0,0.0,4,0,0
3846,48,28,20,3,16,8,21,12,11,0,1,0,0,0,0,0,0,0,0,0,0,0,0,1.0,1.0,1.0,0.0,0.0,0.0,4,0,0
3847,48,28,20,3,16,8,21,12,11,0,1,0,0,0,0,0,0,0,0,0,0,0,0,1.0,1.0,1.0,0.0,0.0,0.0,4,0,0
3848,47,27,20,3,15,8,21,12,11,0,1,0,0,0,0,0,0,0,0,0,1,0,1,0.9473684210526316,1.0,1.0,0.0,0.0,0.0,4,0,1
3849,47,27,20,3,15,8,21,12,11,0,1,0,0,0,0,0,0,0,0,0,0,0,0,1.0,1.0,1.0,0.0,0.0,0.0,4,0,0
3850,47,27,20,3,15,8,21,12,11,0,1,0,0,0,0,0,0,0,0,0,0,0,0,1.0,1.0,1.0,0.0,0.0,0.0,4,0,0
3851,47,27,20,3,15,8,21,12,11,0,1,0,0,0,0,0,0,0,0,0,0,0,0,1.0,1.0,1.0,0.0,0.0,0.0,4,0,0
3852,47,27,20,3,15,8,21,12,11,0,1,0,0,0,0,0,0,0,0,0,0,0,0,1.0,1.0,1.0,0.0,0.0,0.0,4,0,0
3853,47,27,20,3,15,7,22,13,11,0,1,0,0,0,0,0,7,0,0,0,0,0,0,1.0,1.0,1.0,0.0,0.0,0.0,4,0,0
3854,47,27,20,3,15,7,22,13,11,0,1,0,0,0,0,0,0,0,0,0,0,0,0,1.0,1.0,1.0,0.0,0.0,0.0,4,0,0
3855,47,27,20,3,15,7,22,13,11,0,1,0,0,0,0,0,0,0,0,0,0,0,0,1.0,1.0,1.0,0.0,0.0,0.0,4,0,0
3856,51,30,21,7,15,7,22,13,10,0,2,0,0,0,0,0,0,0,0,1,0,0,0,1.0,1.0,1.0,0.0851063829787234,0.0851063829787234,0.0,4,4,0
3857,58,35,23,14,15,7,22,13,8,0,4,0,0,0,0,0,0,0,0,2,0,0,0,1.0,1.0,1.0,0.13725490196078433,0.13725490196078433,0.0,4,7,0
3858,62,36,26,18,15,7,22,13,7,0,5,0,0,0,0,0,0,0,0,1,0,0,0,1.0,1.0,1.0,0.06896551724137931,0.06896551724137931,0.0,4,4,0
3859,70,39,31,26,15,7,22,13,5,0,7,0,0,0,0,0,0,0,0,2,0,0,0,1.0,1.0,1.0,0.12903225806451613,0.12903225806451613,0.0,4,8,0
3860,71,39,32,28,14,7,22,13,4,0,8,0,0,0,0,0,0,0,0,1,3,0,3,0.926829268292683,1.0,1.0,0.05714285714285714,0.05714285714285714,0.0,4,4,3
3861,70,38,32,27,14,7,22,13,4,0,8,0,0,0,0,0,0,0,0,0,1,0,1,0.9761904761904762,1.0,1.0,0.0,0.0,0.0,4,0,1
3862,69,37,32,26,14,7,22,13,4,0,8,0,0,0,0,0,4,0,0,0,1,0,1,0.975609756097561,1.0,1.0,0.0,0.0,0.0,4,0,1
3863,69,37,32,26,14,7,22,13,5,0,8,0,0,0,0,0,6,1,0,0,0,0,0,1.0,1.0,1.0,0.0,0.0,0.16666666666666666,4,0,0
3864,67,37,30,24,14,7,22,13,5,0,8,0,0,0,0,0,0,0,0,0,2,0,2,0.95,1.0,1.0,0.0,0.0,0.0,4,0,2
3865,64,35,29,22,13,7,22,13,5,0,8,0,0,0,0,0,0,0,0,0,3,0,3,0.9210526315789473,1.0,1.0,0.0,0.0,0.0,4,0,3
3866,60,31,29,21,11,6,22,13,5,0,8,0,0,0,0,0,0,0,0,0,3,0,3,0.9142857142857143,1.0,1.0,0.0,0.0,0.0,4,0,4
3867,60,31,29,21,11,6,22,13,5,0,8,0,0,0,0,0,0,0,0,0,0,0,0,1.0,1.0,1.0,0.0,0.0,0.0,4,0,0
3868,60,31,29,21,11,6,22,13,5,0,8,0,0,0,0,0,0,0,0,0,0,0,0,1.0,1.0,1.0,0.0,0.0,0.0,4,0,0
3869,60,31,29,21,11,6,22,13,5,0,8,0,0,0,0,0,0,0,0,0,0,0,0,1.0,1.0,1.0,0.0,0.0,0.0,4,0,0
3870,58,30,28,20,10,6,22,13,5,0,8,0,0,0,0,0,0,0,0,0,2,0,2,0.9375,1.0,1.0,0.0,0.0,0.0,4,0,2
3871,58,30,28,20,10,6,22,13,5,0,8,0,0,0,0,0,0,0,0,0,0,0,0,1.0,1.0,1.0,0.0,0.0,0.0,4,0,0
3872,57,29,28,20,10,6,21,13,5,0,8,0,0,0,0,0,0,0,0,0,0,0,0,1.0,0.8888888888888888,1.0,0.0,0.0,0.0,4,0,1
3873,57,29,28,20,10,6,21,13,5,0,8,0,0,0,0,0,0,0,0,0,0,0,0,1.0,1.0,1.0,0.0,0.0,0.0,4,0,0
3874,57,29,28,20,10,5,22,14,5,0,8,0,0,0,0,0,0,0,0,0,0,0,0,1.0,1.0,1.0,0.0,0.0,0.0,4,0,0
3875,56,28,28,20,9,5,22,14,5,0,8,0,0,0,0,0,5,0,0,0,1,0,1,0.9666666666666667,1.0,1.0,0.0,0.0,0.0,4,0,1
3876,56,28,28,20,9,5,22,14,5,0,8,0,0,0,0,0,8,0,0,0,0,0,0,1.0,1.0,1.0,0.0,0.0,0.0,4,0,0
3877,56,28,28,20,9,5,22,14,5,0,8,0,0,0,0,0,4,0,0,0,0,0,0,1.0,1.0,1.0,0.0,0.0,0.0,4,0,0
3878,56,28,28,20,9,5,22,14,6,0,8,0,0,0,0,0,5,1,0,0,0,0,0,1.0,1.0,1.0,0.0,0.0,0.2,4,0,0
3879,56,28,28,20,9,5,22,14,6,0,8,0,0,0,0,0,0,0,0,0,0,0,0,1.0,1.0,1.0,0.0,0.0,0.0,4,0,0
3880,56,28,28,20,9,5,22,14,6,0,8,0,0,0,0,0,0,0,0,0,0,0,0,1.0,1.0,1.0,0.0,0.0,0.0,4,0,0
3881,55,27,28,19,9,5,22,14,6,0,8,0,0,0,0,0,0,0,0,0,1,0,1,0.9655172413793104,1.0,1.0,0.0,0.0,0.0,4,0,1
3882,55,27,28,17,11,5,22,14,6,0,8,0,0,0,0,0,0,0,0,0,0,0,0,1.0,1.0,1.0,0.0,0.0,0.0,4,0,0
3883,55,27,28,17,11,4,23,15,6,0,8,0,0,0,0,0,0,0,0,0,0,0,0,1.0,1.0,1.0,0.0,0.0,0.0,4,0,0
3884,55,27,28,17,11,4,23,15,6,0,7,0,0,0,0,0,0,0,0,0,0,0,0,1.0,1.0,1.0,0.0,0.0,0.0,4,0,0
3885,55,27,28,17,11,4,23,15,7,0,7,0,0,0,0,0,3,1,0,0,0,0,0,1.0,1.0,1.0,0.0,0.0,0.3333333333333333,4,0,0
3886,54,26,28,16,11,4,23,15,7,0,7,0,0,0,0,0,0,0,0,0,1,0,1,0.9642857142857143,1.0,1.0,0.0,0.0,0.0,4,0,1
3887,54,26,28,16,11,4,23,15,7,0,7,0,0,0,0,0,0,0,0,0,0,0,0,1.0,1.0,1.0,0.0,0.0,0.0,4,0,0
3888,54,26,28,16,11,4,23,15,8,0,7,0,0,0,0,0,6,1,0,0,0,0,0,1.0,1.0,1.0,0.0,0.0,0.16666666666666666,4,0,0
3889,53,25,28,16,10,4,23,15,8,0,7,0,0,0,0,0,0,0,0,0,1,0,1,0.962962962962963,1.0,1.0,0.0,0.0,0.0,4,0,1
3890,52,24,28,15,10,4,23,15,8,0,7,0,0,0,0,0,0,0,0,0,1,0,1,0.9615384615384616,1.0,1.0,0.0,0.0,0.0,4,0,1
3891,52,24,28,15,10,4,23,15,8,0,7,0,0,0,0,0,0,0,0,0,0,0,0,1.0,1.0,1.0,0.0,0.0,0.0,4,0,0
3892,52,24,28,15,10,4,23,15,8,0,7,0,0,0,0,0,0,0,0,0,0,0,0,1.0,1.0,1.0,0.0,0.0,0.0,4,0,0
3893,52,24,28,15,10,4,23,15,8,0,7,0,0,0,0,0,0,0,0,0,0,0,0,1.0,1.0,1.0,0.0,0.0,0.0,4,0,0
3894,52,24,28,15,10,3,24,15,8,0,7,0,0,0,0,0,0,0,0,0,0,0,0,1.0,1.0,1.0,0.0,0.0,0.0,4,0,0
3895,52,24,28,15,10,3,24,15,8,0,7,0,0,0,0,0,0,0,0,0,0,0,0,1.0,1.0,1.0,0.0,0.0,0.0,4,0,0
3896,52,24,28,15,10,3,24,15,8,0,7,0,0,0,0,0,0,0,0,0,0,0,0,1.0,1.0,1.0,0.0,0.0,0.0,4,0,0
3897,50,23,27,14,9,3,24,15,8,0,7,0,0,0,0,0,0,0,0,0,2,0,2,0.92,1.0,1.0,0.0,0.0,0.0,4,0,2
3898,50,23,27,14,9,3,24,15,8,0,7,0,0,0,0,0,0,0,0,0,0,0,0,1.0,1.0,1.0,0.0,0.0,0.0,4,0,0
3899,49,22,27,10,13,3,23,15,8,0,7,0,0,0,0,0,0,0,0,0,0,0,0,1.0,0.8888888888888888,1.0,0.0,0.0,0.0,4,0,1
3900,49,22,27,8,15,3,23,15,8,0,7,0,0,0,0,0,0,0,0,0,0,0,0,1.0,1.0,1.0,0.0,0.0,0.0,4,0,0
3901,49,22,27,5,18,3,23,15,8,0,6,0,0,0,0,0,0,0,0,0,0,0,0,1.0,1.0,1.0,0.0,0.0,0.0,4,0,0
3902,56,27,29,8,22,3,23,15,7,0,6,0,0,0,0,0,8,1,0,2,0,0,0,1.0,1.0,1.0,0.14285714285714285,0.14285714285714285,0.125,4,7,0
3903,59,29,30,11,22,3,23,15,8,0,6,0,0,0,0,0,10,2,0,1,1,0,1,0.9666666666666667,1.0,1.0,0.07142857142857142,0.07142857142857142,0.2,4,4,1
3904,62,30,32,15,21,3,23,15,7,0,5,0,0,0,0,0,6,0,0,1,1,0,1,0.9696969696969697,1.0,1.0,0.06779661016949153,0.06779661016949153,0.0,4,4,1
3905,60,29,31,15,19,3,23,15,10,0,4,0,0,0,0,0,15,3,0,0,2,0,2,0.9444444444444444,1.0,1.0,0.0,0.0,0.2,4,0,2
3906,59,28,31,15,19,3,22,15,11,0,4,0,0,0,0,0,8,1,0,0,0,0,0,1.0,0.875,1.0,0.0,0.0,0.125,4,0,1
3907,59,28,31,15,19,3,22,15,11,0,4,0,0,0,0,0,0,0,0,0,0,0,0,1.0,1.0,1.0,0.0,0.0,0.0,4,0,0
3908,58,27,31,14,19,3,22,15,11,0,4,0,0,0,0,0,0,0,0,0,1,0,1,0.9705882352941176,1.0,1.0,0.0,0.0,0.0,4,0,1
3909,58,27,31,14,19,3,22,15,11,0,4,0,0,0,0,0,0,0,0,0,0,0,0,1.0,1.0,1.0,0.0,0.0,0.0,4,0,0
3910,56,25,31,13,18,3,22,15,11,0,4,0,0,0,0,0,0,0,0,0,2,0,2,0.9393939393939394,1.0,1.0,0.0,0.0,0.0,4,0,2
3911,55,24,31,13,17,3,22,15,11,0,4,0,0,0,0,0,0,0,0,0,1,0,1,0.967741935483871,1.0,1.0,0.0,0.0,0.0,4,0,1
3912,55,24,31,13,17,3,22,15,11,0,4,0,0,0,0,0,0,0,0,0,0,0,0,1.0,1.0,1.0,0.0,0.0,0.0,4,0,0
3913,55,24,31,13,17,3,22,15,11,0,4,0,0,0,0,0,0,0,0,0,0,0,0,1.0,1.0,1.0,0.0,0.0,0.0,4,0,0
3914,55,24,31,13,17,3,22,15,11,0,4,0,0,0,0,0,0,0,0,0,0,0,0,1.0,1.0,1.0,0.0,0.0,0.0,4,0,0
3915,54,23,31,12,17,3,22,15,11,0,4,0,0,0,0,0,0,0,0,0,1,0,1,0.9666666666666667,1.0,1.0,0.0,0.0,0.0,4,0,1
3916,54,23,31,12,17,3,22,15,11,0,4,0,0,0,0,0,0,0,0,0,0,0,0,1.0,1.0,1.0,0.0,0.0,0.0,4,0,0
3917,53,23,30,12,16,3,22,15,11,0,4,0,0,0,0,0,0,0,0,0,1,0,1,0.9655172413793104,1.0,1.0,0.0,0.0,0.0,4,0,1
3918,53,23,30,12,16,3,22,15,11,0,4,0,0,0,0,0,0,0,0,0,0,0,0,1.0,1.0,1.0,0.0,0.0,0.0,4,0,0
3919,53,23,30,12,16,3,22,15,11,0,4,0,0,0,0,0,0,0,0,0,0,0,0,1.0,1.0,1.0,0.0,0.0,0.0,4,0,0
3920,53,23,30,12,16,3,22,15,11,0,4,0,0,0,0,0,0,0,0,0,0,0,0,1.0,1.0,1.0,0.0,0.0,0.0,4,0,0
3921,52,23,29,11,16,3,22,15,11,0,4,0,0,0,0,0,0,0,0,0,1,0,1,0.9642857142857143,1.0,1.0,0.0,0.0,0.0,4,0,1
3922,52,23,29,11,16,3,22,15,11,0,4,0,0,0,0,0,0,0,0,0,0,0,0,1.0,1.0,1.0,0.0,0.0,0.0,4,0,0
3923,51,23,28,10,16,3,22,15,11,0,4,0,0,0,0,0,0,0,0,0,1,0,1,0.962962962962963,1.0,1.0,0.0,0.0,0.0,4,0,1
3924,51,23,28,10,16,3,22,15,11,0,4,0,0,0,0,0,0,0,0,0,0,0,0,1.0,1.0,1.0,0.0,0.0,0.0,4,0,0
3925,51,23,28,10,16,2,23,15,11,0,4,0,0,0,0,0,0,0,0,0,0,3,0,1.0,1.0,1.0,0.0,0.0,0.0,4,0,0
3926,51,23,28,10,16,2,23,15,11,0,4,0,0,0,0,0,0,0,0,0,0,0,0,1.0,1.0,1.0,0.0,0.0,0.0,4,0,0
3927,51,23,28,10,16,2,23,15,11,0,4,0,0,0,0,0,0,0,0,0,0,0,0,1.0,1.0,1.0,0.0,0.0,0.0,4,0,0
3928,55,24,31,14,16,1,24,16,11,0,5,0,0,0,0,0,4,1,0,1,0,0,0,1.0,1.0,1.0,0.0784313725490196,0.0784313725490196,0.25,4,4,0
3929,55,24,31,14,13,4,24,16,11,0,5,0,0,0,0,0,0,0,0,0,0,1,0,1.0,1.0,1.0,0.0,0.0,0.0,4,0,0
3930,55,24,31,14,13,4,24,16,11,0,5,0,0,0,0,0,0,0,0,0,0,0,0,1.0,1.0,1.0,0.0,0.0,0.0,4,0,0
3931,54,23,31,14,12,4,24,16,11,0,5,0,0,0,0,0,0,0,0,0,1,0,1,0.962962962962963,1.0,1.0,0.0,0.0,0.0,4,0,1
3932,53,23,30,14,12,4,23,15,10,0,5,0,0,0,0,0,0,0,0,0,0,0,0,1.0,1.0,0.9375,0.0,0.0,0.0,4,0,1
3933,53,23,30,14,11,5,23,15,10,0,5,0,0,0,0,0,0,0,0,0,0,0,0,1.0,1.0,1.0,0.0,0.0,0.0,4,0,0
3934,53,23,30,14,11,5,23,15,10,0,5,0,0,0,0,0,0,0,0,0,0,0,0,1.0,1.0,1.0,0.0,0.0,0.0,4,0,0
3935,53,23,30,14,11,5,23,15,10,0,5,0,0,0,0,0,0,0,0,0,0,0,0,1.0,1.0,1.0,0.0,0.0,0.0,4,0,0
3936,53,23,30,14,11,5,23,15,10,0,5,0,0,0,0,0,0,0,0,0,0,0,0,1.0,1.0,1.0,0.0,0.0,0.0,4,0,0
3937,53,23,30,14,11,5,23,15,10,0,5,0,0,0,0,0,0,0,0,0,0,0,0,1.0,1.0,1.0,0.0,0.0,0.0,4,0,0
3938,52,23,29,13,11,5,23,15,10,0,5,0,0,0,0,0,0,0,0,0,1,0,1,0.96,1.0,1.0,0.0,0.0,0.0,4,0,1
3939,51,22,29,12,11,5,23,15,10,0,5,0,0,0,0,0,0,0,0,0,1,0,1,0.9583333333333334,1.0,1.0,0.0,0.0,0.0,4,0,1
3940,51,22,29,12,11,5,23,15,10,0,5,0,0,0,0,0,0,0,0,0,0,0,0,1.0,1.0,1.0,0.0,0.0,0.0,4,0,0
3941,51,22,29,12,11,5,23,15,10,0,5,0,0,0,0,0,0,0,0,0,0,0,0,1.0,1.0,1.0,0.0,0.0,0.0,4,0,0
3942,51,22,29,12,11,5,23,15,10,0,5,0,0,0,0,0,0,0,0,0,0,0,0,1.0,1.0,1.0,0.0,0.0,0.0,4,0,0
3943,51,22,29,12,11,5,23,15,10,0,5,0,0,0,0,0,0,0,0,0,0,0,0,1.0,1.0,1.0,0.0,0.0,0.0,4,0,0
3944,51,22,29,12,11,5,23,15,10,0,5,0,0,0,0,0,0,0,0,0,0,0,0,1.0,1.0,1.0,0.0,0.0,0.0,4,0,0
3945,51,22,29,9,14,5,23,15,10,0,5,0,0,0,0,0,0,0,0,0,0,0,0,1.0,1.0,1.0,0.0,0.0,0.0,4,0,0
3946,51,22,29,8,15,4,24,15,10,0,5,0,0,0,0,0,0,0,0,0,0,0,0,1.0,1.0,1.0,0.0,0.0,0.0,4,0,0
3947,51,22,29,4,19,4,24,15,10,0,3,0,0,0,0,0,0,0,0,0,0,0,0,1.0,1.0,1.0,0.0,0.0,0.0,4,0,0
3948,50,22,28,3,19,4,24,15,11,0,2,0,0,0,0,0,13,1,0,0,1,0,1,0.9565217391304348,1.0,1.0,0.0,0.0,0.07692307692307693,4,0,1
3949,50,22,28,3,19,4,24,15,12,0,1,0,0,0,0,0,12,1,0,0,0,0,0,1.0,1.0,1.0,0.0,0.0,0.08333333333333333,4,0,0
3950,54,25,29,7,19,4,24,15,11,0,2,0,0,0,0,0,5,0,0,1,0,0,0,1.0,1.0,1.0,0.08,0.08,0.0,4,4,0
3951,54,25,29,7,19,4,24,15,11,0,2,0,0,0,0,0,5,0,0,0,0,0,0,1.0,1.0,1.0,0.0,0.0,0.0,4,0,0
3952,53,24,29,7,18,4,24,15,11,0,2,0,0,0,0,0,5,0,0,0,1,0,1,0.9615384615384616,1.0,1.0,0.0,0.0,0.0,4,0,1
3953,56,26,30,10,18,4,24,15,10,0,3,0,0,0,0,0,5,0,0,1,0,0,0,1.0,1.0,1.0,0.05660377358490566,0.05660377358490566,0.0,4,3,0
3954,56,26,30,10,18,4,24,15,10,0,3,0,0,0,0,0,5,0,0,0,0,0,0,1.0,1.0,1.0,0.0,0.0,0.0,4,0,0
3955,54,25,29,10,16,4,24,15,10,0,3,0,0,0,0,0,5,0,0,0,2,0,2,0.9285714285714286,1.0,1.0,0.0,0.0,0.0,4,0,2
3956,54,25,29,10,16,4,24,15,10,0,3,0,0,0,0,0,5,0,0,0,0,0,0,1.0,1.0,1.0,0.0,0.0,0.0,4,0,0
3957,54,25,29,10,16,4,24,15,10,0,3,0,0,0,0,0,5,0,0,0,0,0,0,1.0,1.0,1.0,0.0,0.0,0.0,4,0,0
3958,54,25,29,10,16,4,24,15,10,0,3,0,0,0,0,0,5,0,0,0,0,0,0,1.0,1.0,1.0,0.0,0.0,0.0,4,0,0
3959,52,23,29,9,16,3,24,15,10,0,3,0,0,0,0,0,5,0,0,0,1,0,1,0.9615384615384616,1.0,1.0,0.0,0.0,0.0,4,0,2
3960,52,23,29,9,16,3,24,15,10,0,3,0,0,0,0,0,5,0,0,0,0,0,0,1.0,1.0,1.0,0.0,0.0,0.0,4,0,0
3961,51,23,28,9,15,3,24,15,10,0,3,0,0,0,0,0,5,0,0,0,1,0,1,0.96,1.0,1.0,0.0,0.0,0.0,4,0,1
3962,51,23,28,9,15,3,24,15,10,0,3,0,0,0,0,0,5,0,0,0,0,0,0,1.0,1.0,1.0,0.0,0.0,0.0,4,0,0
3963,51,23,28,9,15,3,24,15,10,0,3,0,0,0,0,0,5,0,0,0,0,0,0,1.0,1.0,1.0,0.0,0.0,0.0,4,0,0
3964,51,23,28,9,15,3,24,15,10,0,3,0,0,0,0,0,5,0,0,0,0,0,0,1.0,1.0,1.0,0.0,0.0,0.0,4,0,0
3965,51,23,28,9,15,3,24,15,10,0,3,0,0,0,0,0,5,0,0,0,0,0,0,1.0,1.0,1.0,0.0,0.0,0.0,4,0,0
3966,50,23,27,8,15,3,24,15,10,0,3,0,0,0,0,0,5,0,0,0,1,0,1,0.9583333333333334,1.0,1.0,0.0,0.0,0.0,4,0,1
3967,53,23,30,11,15,3,24,15,9,0,4,0,0,0,0,0,5,0,0,1,1,0,1,0.9565217391304348,1.0,1.0,0.08,0.08,0.0,4,4,1
3968,61,27,34,19,15,3,24,15,7,0,6,0,0,0,0,0,5,0,0,2,0,0,0,1.0,1.0,1.0,0.1509433962264151,0.1509433962264151,0.0,4,8,0
3969,60,27,33,19,14,3,24,15,7,0,6,0,0,0,0,0,5,0,0,0,1,0,1,0.9705882352941176,1.0,1.0,0.0,0.0,0.0,4,0,1
3970,69,30,39,30,12,3,24,15,4,0,9,0,0,0,0,0,5,0,0,3,2,0,2,0.9393939393939394,1.0,1.0,0.18333333333333332,0.18333333333333332,0.0,4,11,2
3971,68,29,39,28,13,3,24,15,3,0,10,0,0,0,0,0,5,0,0,1,4,0,4,0.9047619047619048,1.0,1.0,0.043478260869565216,0.043478260869565216,0.0,4,3,4
3972,66,28,38,26,13,3,24,15,3,0,10,0,0,0,0,0,5,0,0,0,2,0,2,0.9512195121951219,1.0,1.0,0.0,0.0,0.0,4,0,2
3973,63,26,37,23,13,3,24,15,3,0,9,0,0,0,0,0,5,0,0,0,3,0,3,0.9230769230769231,1.0,1.0,0.0,0.0,0.0,4,0,3
3974,63,26,37,23,13,3,24,15,3,0,9,0,0,0,0,0,5,0,0,0,0,0,0,1.0,1.0,1.0,0.0,0.0,0.0,4,0,0
3975,62,25,37,23,12,3,24,15,3,0,9,0,0,0,0,0,5,0,0,0,1,0,1,0.9722222222222222,1.0,1.0,0.0,0.0,0.0,4,0,1
3976,60,25,35,22,11,3,24,15,3,0,9,0,0,0,0,0,5,0,0,0,2,0,2,0.9428571428571428,1.0,1.0,0.0,0.0,0.0,4,0,2
3977,60,25,35,22,11,3,24,15,3,0,9,0,0,0,0,0,5,0,0,0,0,0,0,1.0,1.0,1.0,0.0,0.0,0.0,4,0,0
3978,57,23,34,20,11,3,23,15,3,0,9,0,0,0,0,0,5,0,0,0,2,0,2,0.9393939393939394,0.8888888888888888,1.0,0.0,0.0,0.0,4,0,3
3979,56,23,33,19,11,3,23,15,3,0,9,0,0,0,0,0,5,0,0,0,1,0,1,0.967741935483871,1.0,1.0,0.0,0.0,0.0,4,0,1
3980,55,22,33,19,10,3,23,15,3,0,9,0,0,0,0,0,5,0,0,0,1,0,1,0.9666666666666667,1.0,1.0,0.0,0.0,0.0,4,0,1
3981,55,22,33,19,10,3,23,15,3,0,9,0,0,0,0,0,5,0,0,0,0,0,0,1.0,1.0,1.0,0.0,0.0,0.0,4,0,0
3982,54,22,32,18,10,3,23,15,3,0,9,0,0,0,0,0,5,0,0,0,1,0,1,0.9655172413793104,1.0,1.0,0.0,0.0,0.0,4,0,1
3983,54,22,32,18,10,3,23,15,3,0,9,0,0,0,0,0,5,0,0,0,0,0,0,1.0,1.0,1.0,0.0,0.0,0.0,4,0,0
3984,53,22,31,17,10,3,23,15,3,0,9,0,0,0,0,0,5,0,0,0,1,0,1,0.9642857142857143,1.0,1.0,0.0,0.0,0.0,4,0,1
3985,52,21,31,17,9,3,23,15,3,0,9,0,0,0,0,0,5,0,0,0,1,0,1,0.962962962962963,1.0,1.0,0.0,0.0,0.0,4,0,1
3986,51,21,30,17,8,3,23,15,3,0,9,0,0,0,0,0,5,0,0,0,1,0,1,0.9615384615384616,1.0,1.0,0.0,0.0,0.0,4,0,1
3987,51,21,30,17,8,3,23,15,3,0,9,0,0,0,0,0,5,0,0,0,0,0,0,1.0,1.0,1.0,0.0,0.0,0.0,4,0,0
3988,50,21,29,16,8,3,23,15,3,0,9,0,0,0,0,0,5,0,0,0,1,0,1,0.96,1.0,1.0,0.0,0.0,0.0,4,0,1
3989,50,21,29,16,8,3,23,15,3,0,9,0,0,0,0,0,5,0,0,0,0,0,0,1.0,1.0,1.0,0.0,0.0,0.0,4,0,0
3990,50,21,29,16,8,3,23,15,3,0,9,0,0,0,0,0,5,0,0,0,0,0,0,1.0,1.0,1.0,0.0,0.0,0.0,4,0,0
3991,50,21,29,16,8,3,23,15,3,0,9,0,0,0,0,0,5,0,0,0,0,0,0,1.0,1.0,1.0,0.0,0.0,0.0,4,0,0
3992,50,21,29,16,8,3,23,15,3,0,9,0,0,0,0,0,5,0,0,0,0,0,0,1.0,1.0,1.0,0.0,0.0,0.0,4,0,0
3993,53,21,32,18,9,3,23,15,2,0,10,0,0,0,0,0,5,0,0,1,1,0,1,0.9583333333333334,1.0,1.0,0.08,0.08,0.0,4,4,1
3994,53,21,32,18,9,3,23,15,2,0,10,0,0,0,0,0,5,0,0,0,0,0,0,1.0,1.0,1.0,0.0,0.0,0.0,4,0,0
3995,52,21,31,17,9,3,23,15,2,0,9,0,0,0,0,0,5,0,0,0,1,0,1,0.962962962962963,1.0,1.0,0.0,0.0,0.0,4,0,1
3996,52,21,31,16,10,3,23,15,2,0,9,0,0,0,0,0,5,0,0,0,0,0,0,1.0,1.0,1.0,0.0,0.0,0.0,4,0,0
3997,51,20,31,15,10,3,23,15,2,0,9,0,0,0,0,0,5,0,0,0,1,0,1,0.9615384615384616,1.0,1.0,0.0,0.0,0.0,4,0,1
3998,50,19,31,15,10,3,22,15,2,0,8,0,0,0,0,0,5,0,0,0,0,0,0,1.0,0.875,1.0,0.0,0.0,0.0,4,0,1
3999,50,19,31,15,10,3,22,15,2,0,8,0,0,0,0,0,5,0,0,0,0,0,0,1.0,1.0,1.0,0.0,0.0,0.0,4,0,0
4000,49,18,31,15,9,3,22,15,2,0,8,0,0,0,0,0,5,0,0,0,1,0,1,0.96,1.0,1.0,0.0,0.0,0.0,4,0,1
4001,49,18,31,15,9,3,22,15,2,0,8,0,0,0,0,0,5,0,0,0,0,0,0,1.0,1.0,1.0,0.0,0.0,0.0,4,0,0
4002,48,17,31,15,9,3,21,15,2,0,8,0,0,0,0,0,5,0,0,0,0,0,0,1.0,0.8571428571428572,1.0,0.0,0.0,0.0,4,0,1
4003,48,17,31,15,9,3,21,15,2,0,8,0,0,0,0,0,5,0,0,0,0,0,0,1.0,1.0,1.0,0.0,0.0,0.0,4,0,0
4004,48,17,31,15,9,3,21,15,2,0,8,0,0,0,0,0,5,0,0,0,0,0,0,1.0,1.0,1.0,0.0,0.0,0.0,4,0,0
4005,48,17,31,15,9,3,21,15,2,0,8,0,0,0,0,0,5,0,0,0,0,0,0,1.0,1.0,1.0,0.0,0.0,0.0,4,0,0
4006,48,17,31,15,9,3,21,15,2,0,8,0,0,0,0,0,5,0,0,0,0,0,0,1.0,1.0,1.0,0.0,0.0,0.0,4,0,0
4007,48,17,31,15,9,3,21,15,2,0,8,0,0,0,0,0,5,0,0,0,0,0,0,1.0,1.0,1.0,0.0,0.0,0.0,4,0,0
4008,48,17,31,15,9,3,21,15,2,0,8,0,0,0,0,0,5,0,0,0,0,0,0,1.0,1.0,1.0,0.0,0.0,0.0,4,0,0
4009,48,17,31,15,9,3,21,15,2,0,8,0,0,0,0,0,5,0,0,0,0,0,0,1.0,1.0,1.0,0.0,0.0,0.0,4,0,0
4010,48,17,31,13,11,3,21,15,2,0,8,0,0,0,0,0,5,0,0,0,0,0,0,1.0,1.0,1.0,0.0,0.0,0.0,4,0,0
4011,48,17,31,9,15,3,21,15,2,0,8,0,0,0,0,0,5,0,0,0,0,0,0,1.0,1.0,1.0,0.0,0.0,0.0,4,0,0
4012,48,17,31,9,15,3,21,15,2,0,7,0,0,0,0,0,5,0,0,0,0,0,0,1.0,1.0,1.0,0.0,0.0,0.0,4,0,0
4013,52,20,32,8,20,3,21,15,1,0,6,0,0,0,0,0,5,0,0,1,0,0,0,1.0,1.0,1.0,0.08333333333333333,0.08333333333333333,0.0,4,4,0
4014,55,20,35,10,21,3,21,15,0,0,7,0,0,0,0,0,5,0,0,1,0,0,0,1.0,1.0,1.0,0.057692307692307696,0.057692307692307696,0.0,4,3,0
4015,55,20,35,10,21,3,21,15,0,0,4,0,0,0,0,0,5,0,0,0,0,0,0,1.0,1.0,1.0,0.0,0.0,0.0,4,0,0
4016,55,20,35,10,21,3,21,15,0,0,3,0,0,0,0,0,5,0,0,0,0,0,0,1.0,1.0,1.0,0.0,0.0,0.0,4,0,0
4017,55,20,35,10,21,3,21,15,0,0,3,0,0,0,0,0,5,0,0,0,0,0,0,1.0,1.0,1.0,0.0,0.0,0.0,4,0,0
4018,55,20,35,10,21,3,21,15,0,0,3,0,0,0,0,0,5,0,0,0,0,0,0,1.0,1.0,1.0,0.0,0.0,0.0,4,0,0
4019,54,20,34,9,21,3,21,15,0,0,3,0,0,0,0,0,5,0,0,0,1,0,1,0.967741935483871,1.0,1.0,0.0,0.0,0.0,4,0,1
4020,54,20,34,9,21,3,21,15,0,0,3,0,0,0,0,0,5,0,0,0,0,0,0,1.0,1.0,1.0,0.0,0.0,0.0,4,0,0
4021,53,20,33,9,20,3,21,15,0,0,3,0,0,0,0,0,5,0,0,0,1,0,1,0.9666666666666667,1.0,1.0,0.0,0.0,0.0,4,0,1
4022,53,20,33,9,20,3,21,15,0,0,3,0,0,0,0,0,5,0,0,0,0,0,0,1.0,1.0,1.0,0.0,0.0,0.0,4,0,0
4023,51,20,31,9,18,3,21,15,0,0,3,0,0,0,0,0,5,0,0,0,2,0,2,0.9310344827586207,1.0,1.0,0.0,0.0,0.0,4,0,2
4024,50,19,31,9,17,3,21,15,0,0,3,0,0,0,0,0,5,0,0,0,1,0,1,0.962962962962963,1.0,1.0,0.0,0.0,0.0,4,0,1
4025,50,19,31,9,17,3,21,15,0,0,3,0,0,0,0,0,5,0,0,0,0,0,0,1.0,1.0,1.0,0.0,0.0,0.0,4,0,0
4026,50,19,31,9,17,3,21,15,0,0,3,0,0,0,0,0,5,0,0,0,0,0,0,1.0,1.0,1.0,0.0,0.0,0.0,4,0,0
4027,49,18,31,9,17,3,20,15,0,0,3,0,0,0,0,0,5,0,0,0,0,0,0,1.0,0.8333333333333334,1.0,0.0,0.0,0.0,4,0,1
4028,48,18,30,9,16,3,20,15,0,0,3,0,0,0,0,0,5,0,0,0,1,0,1,0.9615384615384616,1.0,1.0,0.0,0.0,0.0,4,0,1
4029,48,18,30,9,16,3,20,15,0,0,3,0,0,0,0,0,5,0,0,0,0,0,0,1.0,1.0,1.0,0.0,0.0,0.0,4,0,0
4030,48,18,30,9,16,3,20,15,0,0,3,0,0,0,0,0,5,0,0,0,0,0,0,1.0,1.0,1.0,0.0,0.0,0.0,4,0,0
4031,48,18,30,9,16,3,20,15,0,0,3,0,0,0,0,0,5,0,0,0,0,0,0,1.0,1.0,1.0,0.0,0.0,0.0,4,0,0
4032,48,18,30,9,16,3,20,15,0,0,3,0,0,0,0,0,5,0,0,0,0,0,0,1.0,1.0,1.0,0.0,0.0,0.0,4,0,0
4033,48,18,30,9,16,3,20,15,0,0,3,0,0,0,0,0,5,0,0,0,0,0,0,1.0,1.0,1.0,0.0,0.0,0.0,4,0,0
4034,48,18,30,9,16,3,20,15,0,0,3,0,0,0,0,0,5,0,0,0,0,0,0,1.0,1.0,1.0,0.0,0.0,0.0,4,0,0
4035,48,18,30,9,16,3,20,15,0,0,3,0,0,0,0,0,5,0,0,0,0,0,0,1.0,1.0,1.0,0.0,0.0,0.0,4,0,0
4036,48,18,30,7,18,3,20,15,0,0,3,0,0,0,0,0,5,0,0,0,0,0,0,1.0,1.0,1.0,0.0,0.0,0.0,4,0,0
4037,48,18,30,7,18,3,20,15,0,0,3,0,0,0,0,0,5,0,0,0,0,0,0,1.0,1.0,1.0,0.0,0.0,0.0,4,0,0
4038,48,18,30,7,18,3,20,15,0,0,2,0,0,0,0,0,5,0,0,0,0,1,0,1.0,1.0,1.0,0.0,0.0,0.0,4,0,0
4039,48,18,30,7,18,3,20,15,0,0,2,0,0,0,0,0,5,0,0,0,0,0,0,1.0,1.0,1.0,0.0,0.0,0.0,4,0,0
4040,48,18,30,7,18,3,20,15,0,0,2,0,0,0,0,0,5,0,0,0,0,0,0,1.0,1.0,1.0,0.0,0.0,0.0,4,0,0
4041,48,18,30,7,18,3,20,15,0,0,2,0,0,0,0,0,5,0,0,0,0,0,0,1.0,1.0,1.0,0.0,0.0,0.0,4,0,0
4042,47,18,29,7,17,4,19,14,0,0,2,0,0,0,0,0,5,0,0,0,0,0,0,1.0,1.0,0.9333333333333333,0.0,0.0,0.0,4,0,1
4043,47,18,29,7,17,4,19,14,0,0,2,0,0,0,0,0,5,0,0,0,0,0,0,1.0,1.0,1.0,0.0,0.0,0.0,4,0,0
4044,47,18,29,7,17,4,19,14,0,0,2,0,0,0,0,0,5,0,0,0,0,0,0,1.0,1.0,1.0,0.0,0.0,0.0,4,0,0
4045,47,18,29,7,17,4,19,14,2,0,2,0,0,0,0,0,15,2,0,0,0,0,0,1.0,1.0,1.0,0.0,0.0,0.13333333333333333,4,0,0
4046,47,18,29,7,17,4,19,14,3,0,2,0,0,0,0,0,6,1,0,0,0,0,0,1.0,1.0,1.0,0.0,0.0,0.16666666666666666,4,0,0
4047,47,18,29,7,17,4,19,14,4,1,2,0,0,0,0,0,12,1,1,0,0,0,0,1.0,1.0,1.0,0.0,0.0,0.08333333333333333,4,0,0
4048,46,17,29,7,16,4,19,14,5,3,2,0,0,0,0,0,10,1,2,0,1,0,1,0.9583333333333334,1.0,1.0,0.0,0.0,0.1,4,0,1
4049,46,17,29,7,16,4,19,14,5,4,2,0,0,0,0,0,7,0,1,0,0,0,0,1.0,1.0,1.0,0.0,0.0,0.0,4,0,0
4050,46,17,29,7,16,4,19,14,5,4,2,0,0,0,0,0,0,0,0,0,0,0,0,1.0,1.0,1.0,0.0,0.0,0.0,4,0,0
4051,46,17,29,7,16,4,19,14,5,4,2,0,0,0,0,0,0,0,0,0,0,0,0,1.0,1.0,1.0,0.0,0.0,0.0,4,0,0
4052,46,17,29,7,16,4,19,14,5,4,2,0,0,0,0,0,0,0,0,0,0,0,0,1.0,1.0,1.0,0.0,0.0,0.0,4,0,0
4053,46,17,29,7,16,4,19,14,5,4,2,0,0,0,0,0,0,0,0,0,0,0,0,1.0,1.0,1.0,0.0,0.0,0.0,4,0,0
4054,46,17,29,7,16,4,19,14,5,4,2,0,0,0,0,0,0,0,0,0,0,0,0,1.0,1.0,1.0,0.0,0.0,0.0,4,0,0
4055,46,17,29,7,16,4,19,14,5,4,2,0,0,0,0,0,0,0,0,0,0,0,0,1.0,1.0,1.0,0.0,0.0,0.0,4,0,0
4056,46,17,29,3,20,4,19,14,5,4,2,0,0,0,0,0,0,0,0,0,0,0,0,1.0,1.0,1.0,0.0,0.0,0.0,4,0,0
4057,45,16,29,0,23,4,18,14,5,4,2,0,0,0,0,0,0,0,0,0,0,0,0,1.0,0.8,1.0,0.0,0.0,0.0,4,0,1
4058,45,16,29,0,23,4,18,14,8,4,1,0,0,0,0,0,12,3,0,0,0,0,0,1.0,1.0,1.0,0.0,0.0,0.25,4,0,0
4059,45,16,29,0,23,4,18,14,8,4,0,0,0,0,0,0,3,0,0,0,0,0,0,1.0,1.0,1.0,0.0,0.0,0.0,4,0,0
4060,44,15,29,0,22,4,18,14,9,4,0,0,0,0,0,0,11,1,0,0,1,0,1,0.9565217391304348,1.0,1.0,0.0,0.0,0.09090909090909091,4,0,1
4061,44,15,29,0,22,4,18,14,9,4,0,0,0,0,0,0,1,0,0,0,0,0,0,1.0,1.0,1.0,0.0,0.0,0.0,4,0,0
4062,44,15,29,0,22,4,18,14,10,4,0,0,0,0,0,0,2,1,0,0,0,0,0,1.0,1.0,1.0,0.0,0.0,0.5,4,0,0
4063,43,15,28,0,22,4,17,13,9,4,0,0,0,0,0,0,0,0,0,0,0,0,0,1.0,1.0,0.9285714285714286,0.0,0.0,0.0,4,0,1
4064,43,15,28,0,22,2,19,13,9,4,0,0,0,0,0,0,0,0,0,0,0,0,0,1.0,1.0,1.0,0.0,0.0,0.0,4,0,0
4065,43,15,28,0,22,2,19,13,9,4,0,0,0,0,0,0,0,0,0,0,0,0,0,1.0,1.0,1.0,0.0,0.0,0.0,4,0,0
4066,43,15,28,0,22,2,19,13,9,4,0,0,0,0,0,0,0,0,0,0,0,0,0,1.0,1.0,1.0,0.0,0.0,0.0,4,0,0
4067,43,15,28,0,22,2,19,13,9,4,0,0,0,0,0,0,0,0,0,0,0,0,0,1.0,1.0,1.0,0.0,0.0,0.0,4,0,0
4068,43,15,28,0,22,1,20,13,9,4,0,0,0,0,0,0,0,0,0,0,0,0,0,1.0,1.0,1.0,0.0,0.0,0.0,4,0,0
4069,43,15,28,0,22,1,20,13,9,4,0,0,0,0,0,0,0,0,0,0,0,0,0,1.0,1.0,1.0,0.0,0.0,0.0,4,0,0
4070,43,15,28,0,22,1,20,13,9,4,0,0,0,0,0,0,0,0,0,0,0,0,0,1.0,1.0,1.0,0.0,0.0,0.0,4,0,0
4071,43,15,28,0,22,1,20,13,9,4,0,0,0,0,0,0,0,0,0,0,0,0,0,1.0,1.0,1.0,0.0,0.0,0.0,4,0,0
4072,43,15,28,0,22,1,20,13,9,4,0,0,0,0,0,0,0,0,0,0,0,0,0,1.0,1.0,1.0,0.0,0.0,0.0,4,0,0
4073,43,15,28,0,22,1,20,13,9,4,0,0,0,0,0,0,0,0,0,0,0,0,0,1.0,1.0,1.0,0.0,0.0,0.0,4,0,0
4074,43,15,28,0,22,1,20,13,9,4,0,0,0,0,0,0,0,0,0,0,0,0,0,1.0,1.0,1.0,0.0,0.0,0.0,4,0,0
4075,43,15,28,0,22,1,20,13,9,4,0,0,0,0,0,0,0,0,0,0,0,0,0,1.0,1.0,1.0,0.0,0.0,0.0,4,0,0
4076,43,15,28,0,22,1,20,13,9,4,0,0,0,0,0,0,0,0,0,0,0,0,0,1.0,1.0,1.0,0.0,0.0,0.0,4,0,0
4077,42,15,27,0,21,1,20,13,9,4,0,0,0,0,0,0,0,0,0,0,1,0,1,0.9545454545454546,1.0,1.0,0.0,0.0,0.0,4,0,1
4078,42,15,27,0,21,1,20,13,9,4,0,0,0,0,0,0,0,0,0,0,0,0,0,1.0,1.0,1.0,0.0,0.0,0.0,4,0,0
4079,42,15,27,0,21,1,20,13,9,4,0,0,0,0,0,0,0,0,0,0,0,0,0,1.0,1.0,1.0,0.0,0.0,0.0,4,0,0
4080,42,15,27,0,21,1,20,13,9,4,0,0,0,0,0,0,0,0,0,0,0,0,0,1.0,1.0,1.0,0.0,0.0,0.0,4,0,0
4081,42,15,27,0,21,1,20,13,9,4,0,0,0,0,0,0,0,0,0,0,0,0,0,1.0,1.0,1.0,0.0,0.0,0.0,4,0,0
4082,42,15,27,0,21,1,20,13,9,4,0,0,0,0,0,0,0,0,0,0,0,1,0,1.0,1.0,1.0,0.0,0.0,0.0,4,0,0
4083,42,15,27,0,21,1,20,13,9,4,0,0,0,0,0,0,0,0,0,0,0,0,0,1.0,1.0,1.0,0.0,0.0,0.0,4,0,0
4084,42,15,27,0,21,1,20,13,9,4,0,0,0,0,0,0,0,0,0,0,0,2,0,1.0,1.0,1.0,0.0,0.0,0.0,4,0,0
4085,42,15,27,0,21,1,20,13,9,4,0,0,0,0,0,0,0,0,0,0,0,0,0,1.0,1.0,1.0,0.0,0.0,0.0,4,0,0
4086,42,15,27,0,20,2,20,13,9,4,0,0,0,0,0,0,0,0,0,0,0,0,0,1.0,1.0,1.0,0.0,0.0,0.0,4,0,0
4087,42,15,27,0,20,2,20,13,9,4,0,0,0,0,0,0,0,0,0,0,0,0,0,1.0,1.0,1.0,0.0,0.0,0.0,4,0,0
4088,42,15,27,0,18,4,20,13,9,4,0,0,0,0,0,0,0,0,0,0,0,0,0,1.0,1.0,1.0,0.0,0.0,0.0,4,0,0
4089,42,15,27,0,18,4,20,13,9,4,0,0,0,0,0,0,0,0,0,0,0,0,0,1.0,1.0,1.0,0.0,0.0,0.0,4,0,0
4090,42,15,27,0,18,4,20,13,9,4,0,0,0,0,0,0,0,0,0,0,0,0,0,1.0,1.0,1.0,0.0,0.0,0.0,4,0,0
4091,42,15,27,0,18,4,20,13,9,4,0,0,0,0,0,0,0,0,0,0,0,0,0,1.0,1.0,1.0,0.0,0.0,0.0,4,0,0
4092,42,15,27,0,18,4,20,13,9,3,0,0,0,0,0,0,0,0,0,0,0,0,0,1.0,1.0,1.0,0.0,0.0,0.0,4,0,0
4093,42,15,27,0,18,4,20,13,10,1,0,0,0,0,0,0,4,1,0,0,0,0,0,1.0,1.0,1.0,0.0,0.0,0.25,4,0,0
4094,42,15,27,0,18,4,20,13,10,2,0,0,0,0,0,0,4,0,2,0,0,0,0,1.0,1.0,1.0,0.0,0.0,0.0,4,0,0
4095,42,15,27,0,18,4,20,13,10,2,0,0,0,0,0,0,2,0,0,0,0,0,0,1.0,1.0,1.0,0.0,0.0,0.0,4,0,0
4096,42,15,27,0,18,4,20,13,10,2,0,0,0,0,0,0,2,0,0,0,0,0,0,1.0,1.0,1.0,0.0,0.0,0.0,4,0,0
4097,42,15,27,0,18,4,20,13,11,2,0,0,0,0,0,0,6,1,0,0,0,0,0,1.0,1.0,1.0,0.0,0.0,0.16666666666666666,4,0,0
4098,42,15,27,0,18,4,20,13,11,2,0,0,0,0,0,0,0,0,0,0,0,0,0,1.0,1.0,1.0,0.0,0.0,0.0,4,0,0
4099,41,15,26,0,17,4,20,13,11,2,0,0,0,0,0,0,0,0,0,0,1,0,1,0.9444444444444444,1.0,1.0,0.0,0.0,0.0,4,0,1
4100,40,15,25,0,17,4,19,12,10,2,0,0,0,0,0,0,0,0,0,0,0,0,0,1.0,1.0,0.9230769230769231,0.0,0.0,0.0,4,0,1
4101,40,15,25,0,17,4,19,12,10,2,0,0,0,0,0,0,0,0,0,0,0,0,0,1.0,1.0,1.0,0.0,0.0,0.0,4,0,0
4102,40,15,25,0,17,4,19,12,10,2,0,0,0,0,0,0,0,0,0,0,0,0,0,1.0,1.0,1.0,0.0,0.0,0.0,4,0,0
4103,40,15,25,0,17,4,19,12,10,2,0,0,0,0,0,0,0,0,0,0,0,0,0,1.0,1.0,1.0,0.0,0.0,0.0,4,0,0
4104,40,15,25,0,17,4,19,12,10,2,0,0,0,0,0,0,0,0,0,0,0,0,0,1.0,1.0,1.0,0.0,0.0,0.0,4,0,0
4105,40,15,25,0,17,4,19,12,10,2,0,0,0,0,0,0,0,0,0,0,0,0,0,1.0,1.0,1.0,0.0,0.0,0.0,4,0,0
4106,40,15,25,0,17,4,19,12,10,2,0,0,0,0,0,0,0,0,0,0,0,0,0,1.0,1.0,1.0,0.0,0.0,0.0,4,0,0
4107,40,15,25,0,17,4,19,12,10,2,0,0,0,0,0,0,0,0,0,0,0,0,0,1.0,1.0,1.0,0.0,0.0,0.0,4,0,0
4108,40,15,25,0,17,4,19,12,10,2,0,0,0,0,0,0,0,0,0,0,0,0,0,1.0,1.0,1.0,0.0,0.0,0.0,4,0,0
4109,40,15,25,0,17,4,19,12,10,2,0,0,0,0,0,0,0,0,0,0,0,0,0,1.0,1.0,1.0,0.0,0.0,0.0,4,0,0
4110,43,17,26,3,17,4,19,12,9,2,1,0,0,0,0,0,0,0,0,1,0,0,0,1.0,1.0,1.0,0.075,0.075,0.0,4,3,0
4111,47,18,29,7,17,4,19,12,8,2,2,0,0,0,0,0,0,0,0,1,0,0,0,1.0,1.0,1.0,0.09302325581395349,0.09302325581395349,0.0,4,4,0
4112,51,20,31,11,17,4,19,12,7,2,3,0,0,0,0,0,0,0,0,1,0,0,0,1.0,1.0,1.0,0.0851063829787234,0.0851063829787234,0.0,4,4,0
4113,55,21,34,15,17,4,19,12,6,2,4,0,0,0,0,0,0,0,0,1,0,0,0,1.0,1.0,1.0,0.0784313725490196,0.0784313725490196,0.0,4,4,0
4114,54,20,34,14,17,4,19,12,6,2,4,0,0,0,0,0,0,0,0,0,1,0,1,0.96875,1.0,1.0,0.0,0.0,0.0,4,0,1
4115,54,20,34,14,17,4,19,12,6,2,4,0,0,0,0,0,0,0,0,0,0,0,0,1.0,1.0,1.0,0.0,0.0,0.0,4,0,0
4116,54,20,34,14,17,4,19,12,6,2,4,0,0,0,0,0,0,0,0,0,0,0,0,1.0,1.0,1.0,0.0,0.0,0.0,4,0,0
4117,53,20,33,14,16,4,19,12,6,2,4,0,0,0,0,0,0,0,0,0,1,0,1,0.967741935483871,1.0,1.0,0.0,0.0,0.0,4,0,1
4118,53,20,33,14,16,4,19,12,6,2,4,0,0,0,0,0,0,0,0,0,0,0,0,1.0,1.0,1.0,0.0,0.0,0.0,4,0,0
4119,52,20,32,13,16,4,19,12,6,2,4,0,0,0,0,0,0,0,0,0,1,0,1,0.9666666666666667,1.0,1.0,0.0,0.0,0.0,4,0,1
4120,52,20,32,13,16,4,19,12,6,2,4,0,0,0,0,0,0,0,0,0,0,0,0,1.0,1.0,1.0,0.0,0.0,0.0,4,0,0
4121,52,20,32,13,16,4,19,12,6,2,4,0,0,0,0,0,0,0,0,0,0,0,0,1.0,1.0,1.0,0.0,0.0,0.0,4,0,0
4122,52,20,32,13,16,4,19,12,6,2,4,0,0,0,0,0,0,0,0,0,0,0,0,1.0,1.0,1.0,0.0,0.0,0.0,4,0,0
4123,59,23,36,20,16,4,19,12,4,2,6,0,0,0,0,0,0,0,0,2,0,0,0,1.0,1.0,1.0,0.1346153846153846,0.1346153846153846,0.0,4,7,0
4124,57,22,35,19,15,4,19,12,4,2,6,0,0,0,0,0,0,0,0,0,2,0,2,0.9444444444444444,1.0,1.0,0.0,0.0,0.0,4,0,2
4125,60,23,37,22,15,4,19,12,3,2,7,0,0,0,0,0,0,0,0,1,1,0,1,0.9705882352941176,1.0,1.0,0.07017543859649122,0.07017543859649122,0.0,4,4,1
4126,59,23,36,22,14,4,19,12,3,2,7,0,0,0,0,0,0,0,0,0,1,0,1,0.972972972972973,1.0,1.0,0.0,0.0,0.0,4,0,1
4127,63,24,39,26,14,4,19,12,2,2,8,0,0,0,0,0,0,0,0,1,0,0,0,1.0,1.0,1.0,0.06779661016949153,0.06779661016949153,0.0,4,4,0
4128,61,23,38,26,12,4,19,12,2,2,8,0,0,0,0,0,0,0,0,0,2,0,2,0.95,1.0,1.0,0.0,0.0,0.0,4,0,2
4129,57,20,37,24,11,4,18,12,2,2,8,0,0,0,0,0,0,0,0,0,3,0,3,0.9210526315789473,0.8571428571428572,1.0,0.0,0.0,0.0,4,0,4
4130,57,20,37,24,11,4,18,12,2,2,8,0,0,0,0,0,0,0,0,0,0,1,0,1.0,1.0,1.0,0.0,0.0,0.0,4,0,0
4131,57,20,37,24,11,4,18,12,2,2,8,0,0,0,0,0,0,0,0,0,0,0,0,1.0,1.0,1.0,0.0,0.0,0.0,4,0,0
4132,56,20,36,23,11,4,18,12,2,2,8,0,0,0,0,0,0,0,0,0,1,0,1,0.9714285714285714,1.0,1.0,0.0,0.0,0.0,4,0,1
4133,56,20,36,23,11,4,18,12,2,2,8,0,0,0,0,0,0,0,0,0,0,0,0,1.0,1.0,1.0,0.0,0.0,0.0,4,0,0
4134,56,20,36,23,10,5,18,12,2,2,8,0,0,0,0,0,0,0,0,0,0,0,0,1.0,1.0,1.0,0.0,0.0,0.0,4,0,0
4135,56,20,36,23,10,5,18,12,2,2,8,0,0,0,0,0,0,0,0,0,0,0,0,1.0,1.0,1.0,0.0,0.0,0.0,4,0,0
4136,56,20,36,23,10,5,18,12,2,2,8,0,0,0,0,0,0,0,0,0,0,0,0,1.0,1.0,1.0,0.0,0.0,0.0,4,0,0
4137,54,20,34,21,10,5,18,12,2,2,8,0,0,0,0,0,0,0,0,0,2,0,2,0.9393939393939394,1.0,1.0,0.0,0.0,0.0,4,0,2
4138,54,20,34,21,10,5,18,12,2,2,8,0,0,0,0,0,0,0,0,0,0,0,0,1.0,1.0,1.0,0.0,0.0,0.0,4,0,0
4139,53,19,34,21,9,5,18,12,2,0,8,0,0,0,0,0,0,0,0,0,1,0,1,0.967741935483871,1.0,1.0,0.0,0.0,0.0,4,0,1
4140,53,19,34,21,9,5,18,12,2,0,8,0,0,0,0,0,11,0,0,0,0,0,0,1.0,1.0,1.0,0.0,0.0,0.0,4,0,0
4141,53,19,34,21,9,5,18,12,4,0,8,0,0,0,0,0,15,2,0,0,0,0,0,1.0,1.0,1.0,0.0,0.0,0.13333333333333333,4,0,0
4142,53,19,34,21,9,5,18,12,4,0,8,0,0,0,0,0,0,0,0,0,0,0,0,1.0,1.0,1.0,0.0,0.0,0.0,4,0,0
4143,52,19,33,20,9,5,18,12,4,0,8,0,0,0,0,0,0,0,0,0,1,0,1,0.9666666666666667,1.0,1.0,0.0,0.0,0.0,4,0,1
4144,52,19,33,20,9,5,18,12,4,0,8,0,0,0,0,0,0,0,0,0,0,0,0,1.0,1.0,1.0,0.0,0.0,0.0,4,0,0
4145,52,19,33,20,9,5,18,12,4,0,8,0,0,0,0,0,0,0,0,0,0,0,0,1.0,1.0,1.0,0.0,0.0,0.0,4,0,0
4146,51,19,32,20,8,5,18,12,4,0,8,0,0,0,0,0,0,0,0,0,1,0,1,0.9655172413793104,1.0,1.0,0.0,0.0,0.0,4,0,1
4147,51,19,32,20,8,5,18,12,4,0,8,0,0,0,0,0,0,0,0,0,0,1,0,1.0,1.0,1.0,0.0,0.0,0.0,4,0,0
4148,51,19,32,20,8,5,18,12,4,0,8,0,0,0,0,0,0,0,0,0,0,0,0,1.0,1.0,1.0,0.0,0.0,0.0,4,0,0
4149,50,18,32,19,8,5,18,12,4,0,8,0,0,0,0,0,0,0,0,0,1,0,1,0.9642857142857143,1.0,1.0,0.0,0.0,0.0,4,0,1
4150,50,18,32,19,8,5,18,12,4,0,8,0,0,0,0,0,0,0,0,0,0,3,0,1.0,1.0,1.0,0.0,0.0,0.0,4,0,0
4151,50,18,32,19,7,6,18,12,4,0,8,0,0,0,0,0,0,0,0,0,0,1,0,1.0,1.0,1.0,0.0,0.0,0.0,4,0,0
4152,49,17,32,18,7,6,18,12,4,0,8,0,0,0,0,0,0,0,0,0,1,0,1,0.9615384615384616,1.0,1.0,0.0,0.0,0.0,4,0,1
4153,49,17,32,17,8,6,18,12,4,0,8,0,0,0,0,0,0,0,0,0,0,0,0,1.0,1.0,1.0,0.0,0.0,0.0,4,0,0
4154,49,17,32,14,8,9,18,12,4,0,8,0,0,0,0,0,0,0,0,0,0,0,0,1.0,1.0,1.0,0.0,0.0,0.0,4,0,0
4155,49,17,32,14,7,10,18,12,4,0,7,0,0,0,0,0,0,0,0,0,0,0,0,1.0,1.0,1.0,0.0,0.0,0.0,4,0,0
4156,49,17,32,11,10,10,18,12,4,0,6,0,0,0,0,0,4,0,0,0,0,0,0,1.0,1.0,1.0,0.0,0.0,0.0,4,0,0
4157,49,17,32,11,10,10,18,12,5,0,5,0,0,0,0,0,16,1,0,0,0,0,0,1.0,1.0,1.0,0.0,0.0,0.0625,4,0,0
4158,53,20,33,15,10,10,18,12,6,0,5,0,0,0,0,0,6,2,0,1,0,0,0,1.0,1.0,1.0,0.08163265306122448,0.08163265306122448,0.3333333333333333,4,4,0
4159,53,20,33,15,10,10,18,12,7,0,5,0,0,0,0,0,5,1,0,0,0,0,0,1.0,1.0,1.0,0.0,0.0,0.2,4,0,0
4160,53,20,33,15,10,10,18,12,7,0,5,0,0,0,0,0,0,0,0,0,0,0,0,1.0,1.0,1.0,0.0,0.0,0.0,4,0,0
4161,53,20,33,15,10,10,18,12,7,0,5,0,0,0,0,0,0,0,0,0,0,0,0,1.0,1.0,1.0,0.0,0.0,0.0,4,0,0
4162,55,23,32,17,10,10,18,12,6,0,6,0,0,0,0,0,0,0,0,1,1,0,1,0.96,1.0,1.0,0.05660377358490566,0.05660377358490566,0.0,4,3,1
4163,55,23,32,17,10,10,18,12,6,0,6,0,0,0,0,0,0,0,0,0,0,0,0,1.0,1.0,1.0,0.0,0.0,0.0,4,0,0
4164,55,23,32,17,10,10,18,12,6,0,6,0,0,0,0,0,0,0,0,0,0,0,0,1.0,1.0,1.0,0.0,0.0,0.0,4,0,0
4165,55,23,32,17,10,10,18,12,6,0,6,0,0,0,0,0,0,0,0,0,0,0,0,1.0,1.0,1.0,0.0,0.0,0.0,4,0,0
4166,55,23,32,13,14,10,18,12,6,0,6,0,0,0,0,0,0,0,0,0,0,0,0,1.0,1.0,1.0,0.0,0.0,0.0,4,0,0
4167,55,23,32,13,14,10,18,12,6,0,6,0,0,0,0,0,0,0,0,0,0,0,0,1.0,1.0,1.0,0.0,0.0,0.0,4,0,0
4168,55,23,32,10,17,10,18,12,6,0,4,0,0,0,0,0,0,0,0,0,0,0,0,1.0,1.0,1.0,0.0,0.0,0.0,4,0,0
4169,55,23,32,10,17,10,18,12,7,0,4,0,0,0,0,0,7,1,0,0,0,0,0,1.0,1.0,1.0,0.0,0.0,0.14285714285714285,4,0,0
4170,55,23,32,7,20,10,18,12,8,0,3,0,0,0,0,0,3,1,0,0,0,0,0,1.0,1.0,1.0,0.0,0.0,0.3333333333333333,4,0,0
4171,54,23,31,7,20,10,17,11,8,0,3,0,0,0,0,0,5,1,0,0,0,0,0,1.0,1.0,0.9166666666666666,0.0,0.0,0.2,4,0,1
4172,53,22,31,6,20,10,17,11,8,0,2,0,0,0,0,0,0,0,0,0,1,0,1,0.962962962962963,1.0,1.0,0.0,0.0,0.0,4,0,1
4173,52,22,30,6,20,10,16,10,8,0,2,0,0,0,0,0,0,0,0,0,0,0,0,1.0,1.0,0.9090909090909091,0.0,0.0,0.0,4,0,1
4174,52,22,30,6,20,10,16,10,8,0,2,0,0,0,0,0,0,0,0,0,0,0,0,1.0,1.0,1.0,0.0,0.0,0.0,4,0,0
4175,52,22,30,6,20,10,16,10,8,0,2,0,0,0,0,0,0,0,0,0,0,0,0,1.0,1.0,1.0,0.0,0.0,0.0,4,0,0
4176,51,22,29,6,19,10,16,10,8,0,2,0,0,0,0,0,0,0,0,0,1,0,1,0.9615384615384616,1.0,1.0,0.0,0.0,0.0,4,0,1
4177,51,22,29,6,19,9,17,10,8,0,2,0,0,0,0,0,0,0,0,0,0,0,0,1.0,1.0,1.0,0.0,0.0,0.0,4,0,0
4178,51,22,29,6,19,9,17,10,8,0,2,0,0,0,0,0,0,0,0,0,0,0,0,1.0,1.0,1.0,0.0,0.0,0.0,4,0,0
4179,50,22,28,6,18,9,17,10,8,0,2,0,0,0,0,0,0,0,0,0,1,0,1,0.96,1.0,1.0,0.0,0.0,0.0,4,0,1
4180,50,22,28,6,18,9,17,10,8,0,2,0,0,0,0,0,0,0,0,0,0,0,0,1.0,1.0,1.0,0.0,0.0,0.0,4,0,0
4181,50,22,28,6,18,9,17,10,8,0,2,0,0,0,0,0,0,0,0,0,0,0,0,1.0,1.0,1.0,0.0,0.0,0.0,4,0,0
4182,50,22,28,6,18,9,17,10,8,0,2,0,0,0,0,0,0,0,0,0,0,0,0,1.0,1.0,1.0,0.0,0.0,0.0,4,0,0
4183,50,22,28,6,18,9,17,10,8,0,2,0,0,0,0,0,0,0,0,0,0,0,0,1.0,1.0,1.0,0.0,0.0,0.0,4,0,0
4184,50,22,28,6,18,9,17,10,8,0,2,0,0,0,0,0,0,0,0,0,0,0,0,1.0,1.0,1.0,0.0,0.0,0.0,4,0,0
4185,49,22,27,6,18,9,16,9,7,0,2,0,0,0,0,0,0,0,0,0,0,0,0,1.0,1.0,0.9,0.0,0.0,0.0,4,0,1
4186,49,22,27,6,18,9,16,9,7,0,2,0,0,0,0,0,0,0,0,0,0,0,0,1.0,1.0,1.0,0.0,0.0,0.0,4,0,0
4187,49,22,27,6,18,9,16,9,7,0,2,0,0,0,0,0,0,0,0,0,0,0,0,1.0,1.0,1.0,0.0,0.0,0.0,4,0,0
4188,49,22,27,6,18,9,16,9,7,0,2,0,0,0,0,0,0,0,0,0,0,0,0,1.0,1.0,1.0,0.0,0.0,0.0,4,0,0
4189,47,22,25,5,18,9,15,8,7,0,1,0,0,0,0,0,0,0,0,0,1,0,1,0.9583333333333334,1.0,0.8888888888888888,0.0,0.0,0.0,4,0,2
4190,47,22,25,5,18,9,15,8,7,0,1,0,0,0,0,0,0,0,0,0,0,0,0,1.0,1.0,1.0,0.0,0.0,0.0,4,0,0
4191,47,22,25,5,18,9,15,8,7,0,1,0,0,0,0,0,0,0,0,0,0,0,0,1.0,1.0,1.0,0.0,0.0,0.0,4,0,0
4192,46,22,24,5,17,9,15,8,7,0,1,0,0,0,0,0,0,0,0,0,1,0,1,0.9565217391304348,1.0,1.0,0.0,0.0,0.0,4,0,1
4193,46,22,24,5,17,9,15,8,7,0,1,0,0,0,0,0,0,0,0,0,0,1,0,1.0,1.0,1.0,0.0,0.0,0.0,4,0,0
4194,46,22,24,5,17,9,15,8,7,0,1,0,0,0,0,0,0,0,0,0,0,0,0,1.0,1.0,1.0,0.0,0.0,0.0,4,0,0
4195,46,22,24,5,17,9,15,8,7,0,1,0,0,0,0,0,0,0,0,0,0,0,0,1.0,1.0,1.0,0.0,0.0,0.0,4,0,0
4196,46,22,24,5,17,9,15,8,7,0,1,0,0,0,0,0,0,0,0,0,0,0,0,1.0,1.0,1.0,0.0,0.0,0.0,4,0,0
4197,46,22,24,5,16,10,15,8,7,0,1,0,0,0,0,0,0,0,0,0,0,0,0,1.0,1.0,1.0,0.0,0.0,0.0,4,0,0
4198,46,22,24,5,16,10,15,8,7,0,1,0,0,0,0,0,0,0,0,0,0,0,0,1.0,1.0,1.0,0.0,0.0,0.0,4,0,0
4199,46,22,24,5,16,10,15,8,7,0,1,0,0,0,0,0,0,0,0,0,0,0,0,1.0,1.0,1.0,0.0,0.0,0.0,4,0,0
4200,46,22,24,5,16,10,15,8,7,0,1,0,0,0,0,0,0,0,0,0,0,0,0,1.0,1.0,1.0,0.0,0.0,0.0,4,0,0
4201,45,21,24,1,19,10,15,8,7,0,1,0,0,0,0,0,0,0,0,0,1,0,1,0.9523809523809523,1.0,1.0,0.0,0.0,0.0,4,0,1
4202,45,21,24,1,19,10,15,8,7,0,1,0,0,0,0,0,0,0,0,0,0,0,0,1.0,1.0,1.0,0.0,0.0,0.0,4,0,0
4203,45,21,24,1,19,10,15,8,7,0,1,0,0,0,0,0,0,0,0,0,0,0,0,1.0,1.0,1.0,0.0,0.0,0.0,4,0,0
4204,45,21,24,1,19,10,15,8,7,0,1,0,0,0,0,0,0,0,0,0,0,0,0,1.0,1.0,1.0,0.0,0.0,0.0,4,0,0
4205,45,21,24,0,20,10,15,8,7,0,1,0,0,0,0,0,0,0,0,0,0,0,0,1.0,1.0,1.0,0.0,0.0,0.0,4,0,0
4206,49,23,26,4,20,10,15,8,6,0,2,0,0,0,0,0,0,0,0,1,0,0,0,1.0,1.0,1.0,0.08888888888888889,0.08888888888888889,0.0,4,4,0
4207,49,23,26,4,20,10,15,8,6,0,1,0,0,0,0,0,0,0,0,0,0,0,0,1.0,1.0,1.0,0.0,0.0,0.0,4,0,0
4208,49,23,26,4,20,10,15,8,7,0,1,0,0,0,0,0,4,1,0,0,0,0,0,1.0,1.0,1.0,0.0,0.0,0.25,4,0,0
4209,49,23,26,4,20,9,16,9,7,0,1,0,0,0,0,0,0,0,0,0,0,0,0,1.0,1.0,1.0,0.0,0.0,0.0,4,0,0
4210,49,23,26,4,20,9,16,9,7,0,1,0,0,0,0,0,0,0,0,0,0,0,0,1.0,1.0,1.0,0.0,0.0,0.0,4,0,0
4211,48,23,25,4,19,9,16,9,7,0,1,0,0,0,0,0,0,0,0,0,1,0,1,0.9583333333333334,1.0,1.0,0.0,0.0,0.0,4,0,1
4212,48,23,25,4,19,9,16,9,7,0,1,0,0,0,0,0,0,0,0,0,0,0,0,1.0,1.0,1.0,0.0,0.0,0.0,4,0,0
4213,47,23,24,4,18,9,16,9,7,0,1,0,0,0,0,0,0,0,0,0,1,0,1,0.9565217391304348,1.0,1.0,0.0,0.0,0.0,4,0,1
4214,47,23,24,4,18,9,16,9,8,0,1,0,0,0,0,0,4,1,0,0,0,0,0,1.0,1.0,1.0,0.0,0.0,0.25,4,0,0
4215,47,23,24,4,18,9,16,9,8,0,1,0,0,0,0,0,0,0,0,0,0,0,0,1.0,1.0,1.0,0.0,0.0,0.0,4,0,0
4216,46,22,24,4,18,9,15,9,8,0,1,0,0,0,0,0,0,0,0,0,0,0,0,1.0,0.8571428571428572,1.0,0.0,0.0,0.0,4,0,1
4217,46,22,24,4,18,9,15,9,8,0,1,0,0,0,0,0,0,0,0,0,0,0,0,1.0,1.0,1.0,0.0,0.0,0.0,4,0,0
4218,45,21,24,4,18,8,15,9,8,0,1,0,0,0,0,0,0,0,0,0,0,0,0,1.0,1.0,1.0,0.0,0.0,0.0,4,0,1
4219,45,21,24,4,18,8,15,9,8,0,1,0,0,0,0,0,0,0,0,0,0,0,0,1.0,1.0,1.0,0.0,0.0,0.0,4,0,0
4220,45,21,24,4,18,8,15,9,8,0,1,0,0,0,0,0,0,0,0,0,0,0,0,1.0,1.0,1.0,0.0,0.0,0.0,4,0,0
4221,45,21,24,4,18,8,15,9,8,0,1,0,0,0,0,0,0,0,0,0,0,0,0,1.0,1.0,1.0,0.0,0.0,0.0,4,0,0
4222,48,20,28,8,17,8,15,9,7,0,2,0,0,0,0,0,0,0,0,1,1,0,1,0.9545454545454546,1.0,1.0,0.08888888888888889,0.08888888888888889,0.0,4,4,1
4223,56,25,31,16,17,8,15,9,5,0,4,0,0,0,0,0,0,0,0,2,0,0,0,1.0,1.0,1.0,0.16666666666666666,0.16666666666666666,0.0,4,8,0
4224,56,25,31,16,17,8,15,9,5,0,4,0,0,0,0,0,0,0,0,0,0,0,0,1.0,1.0,1.0,0.0,0.0,0.0,4,0,0
4225,56,25,31,16,17,8,15,9,5,0,4,0,0,0,0,0,0,0,0,0,0,0,0,1.0,1.0,1.0,0.0,0.0,0.0,4,0,0
4226,56,25,31,16,17,8,15,9,5,0,4,0,0,0,0,0,0,0,0,0,0,0,0,1.0,1.0,1.0,0.0,0.0,0.0,4,0,0
4227,56,25,31,16,17,8,15,9,5,0,4,0,0,0,0,0,0,0,0,0,0,0,0,1.0,1.0,1.0,0.0,0.0,0.0,4,0,0
4228,55,24,31,16,16,8,15,9,5,0,4,0,0,0,0,0,0,0,0,0,1,0,1,0.9696969696969697,1.0,1.0,0.0,0.0,0.0,4,0,1
4229,54,23,31,15,16,8,15,9,5,0,4,0,0,0,0,0,0,0,0,0,1,0,1,0.96875,1.0,1.0,0.0,0.0,0.0,4,0,1
4230,54,23,31,15,16,8,15,9,5,0,4,0,0,0,0,0,0,0,0,0,0,0,0,1.0,1.0,1.0,0.0,0.0,0.0,4,0,0
4231,54,23,31,15,16,8,15,9,5,0,4,0,0,0,0,0,0,0,0,0,0,0,0,1.0,1.0,1.0,0.0,0.0,0.0,4,0,0
4232,54,23,31,15,16,8,15,9,5,0,4,0,0,0,0,0,0,0,0,0,0,0,0,1.0,1.0,1.0,0.0,0.0,0.0,4,0,0
4233,52,22,30,13,16,8,15,9,5,0,4,0,0,0,0,0,0,0,0,0,2,0,2,0.935483870967742,1.0,1.0,0.0,0.0,0.0,4,0,2
4234,53,21,32,15,15,8,15,9,4,0,5,0,0,0,0,0,0,0,0,1,2,0,2,0.9310344827586207,1.0,1.0,0.057692307692307696,0.057692307692307696,0.0,4,3,2
4235,56,22,34,18,15,8,15,9,3,0,6,0,0,0,0,0,0,0,0,1,0,0,0,1.0,1.0,1.0,0.05660377358490566,0.05660377358490566,0.0,4,3,0
4236,60,24,36,22,15,8,15,9,2,0,7,0,0,0,0,0,0,0,0,1,0,0,0,1.0,1.0,1.0,0.07142857142857142,0.07142857142857142,0.0,4,4,0
4237,58,23,35,22,13,8,15,9,2,0,7,0,0,0,0,0,0,0,0,0,2,0,2,0.9459459459459459,1.0,1.0,0.0,0.0,0.0,4,0,2
4238,56,23,33,21,12,8,15,9,2,0,7,0,0,0,0,0,0,0,0,0,2,0,2,0.9428571428571428,1.0,1.0,0.0,0.0,0.0,4,0,2
4239,56,23,33,21,12,8,15,9,2,0,7,0,0,0,0,0,0,0,0,0,0,0,0,1.0,1.0,1.0,0.0,0.0,0.0,4,0,0
4240,56,23,33,21,12,8,15,9,2,0,7,0,0,0,0,0,0,0,0,0,0,0,0,1.0,1.0,1.0,0.0,0.0,0.0,4,0,0
4241,55,23,32,20,12,8,15,9,2,0,7,0,0,0,0,0,0,0,0,0,1,0,1,0.9696969696969697,1.0,1.0,0.0,0.0,0.0,4,0,1
4242,54,23,31,19,12,8,15,9,2,0,7,0,0,0,0,0,0,0,0,0,1,0,1,0.96875,1.0,1.0,0.0,0.0,0.0,4,0,1
4243,54,23,31,19,12,8,15,9,2,0,7,0,0,0,0,0,0,0,0,0,0,0,0,1.0,1.0,1.0,0.0,0.0,0.0,4,0,0
4244,54,23,31,19,12,8,15,9,2,0,7,0,0,0,0,0,0,0,0,0,0,0,0,1.0,1.0,1.0,0.0,0.0,0.0,4,0,0
4245,54,23,31,19,12,8,15,9,2,0,7,0,0,0,0,0,0,0,0,0,0,0,0,1.0,1.0,1.0,0.0,0.0,0.0,4,0,0
4246,54,23,31,19,12,8,15,9,2,0,7,0,0,0,0,0,0,0,0,0,0,0,0,1.0,1.0,1.0,0.0,0.0,0.0,4,0,0
4247,54,23,31,19,12,8,15,9,2,0,7,0,0,0,0,0,0,0,0,0,0,0,0,1.0,1.0,1.0,0.0,0.0,0.0,4,0,0
4248,54,23,31,19,12,8,15,9,2,0,7,0,0,0,0,0,0,0,0,0,0,0,0,1.0,1.0,1.0,0.0,0.0,0.0,4,0,0
4249,54,23,31,17,14,8,15,9,2,0,7,0,0,0,0,0,0,0,0,0,0,0,0,1.0,1.0,1.0,0.0,0.0,0.0,4,0,0
4250,53,22,31,17,13,8,15,9,2,0,7,0,0,0,0,0,0,0,0,0,1,0,1,0.967741935483871,1.0,1.0,0.0,0.0,0.0,4,0,1
4251,52,21,31,17,13,8,14,9,2,0,6,0,0,0,0,0,0,0,0,0,0,0,0,1.0,0.8333333333333334,1.0,0.0,0.0,0.0,4,0,1
4252,51,20,31,17,12,8,14,9,3,0,6,0,0,0,0,0,8,1,0,0,1,0,1,0.9666666666666667,1.0,1.0,0.0,0.0,0.125,4,0,1
4253,51,20,31,17,12,8,14,9,3,0,6,0,0,0,0,0,0,0,0,0,0,0,0,1.0,1.0,1.0,0.0,0.0,0.0,4,0,0
4254,51,20,31,17,12,8,14,9,3,0,6,0,0,0,0,0,0,0,0,0,0,0,0,1.0,1.0,1.0,0.0,0.0,0.0,4,0,0
4255,51,20,31,17,12,8,14,9,3,0,6,0,0,0,0,0,0,0,0,0,0,0,0,1.0,1.0,1.0,0.0,0.0,0.0,4,0,0
4256,50,19,31,17,11,8,14,9,3,0,6,0,0,0,0,0,0,0,0,0,1,0,1,0.9655172413793104,1.0,1.0,0.0,0.0,0.0,4,0,1
4257,49,18,31,17,10,8,14,9,3,0,6,0,0,0,0,0,0,0,0,0,1,0,1,0.9642857142857143,1.0,1.0,0.0,0.0,0.0,4,0,1
4258,49,18,31,17,10,8,14,9,3,0,6,0,0,0,0,0,0,0,0,0,0,0,0,1.0,1.0,1.0,0.0,0.0,0.0,4,0,0
4259,49,18,31,17,10,8,14,9,3,0,6,0,0,0,0,0,0,0,0,0,0,0,0,1.0,1.0,1.0,0.0,0.0,0.0,4,0,0
4260,49,18,31,17,10,8,14,9,3,0,6,0,0,0,0,0,0,0,0,0,0,0,0,1.0,1.0,1.0,0.0,0.0,0.0,4,0,0
4261,49,18,31,17,10,7,15,10,3,0,6,0,0,0,0,0,0,0,0,0,0,0,0,1.0,1.0,1.0,0.0,0.0,0.0,4,0,0
4262,49,18,31,17,10,7,15,10,3,0,6,0,0,0,0,0,0,0,0,0,0,0,0,1.0,1.0,1.0,0.0,0.0,0.0,4,0,0
4263,49,18,31,17,10,7,15,10,3,0,6,0,0,0,0,0,0,0,0,0,0,0,0,1.0,1.0,1.0,0.0,0.0,0.0,4,0,0
4264,49,18,31,17,10,7,15,10,3,0,6,0,0,0,0,0,0,0,0,0,0,0,0,1.0,1.0,1.0,0.0,0.0,0.0,4,0,0
4265,49,18,31,14,13,7,15,10,3,0,6,0,0,0,0,0,0,0,0,0,0,0,0,1.0,1.0,1.0,0.0,0.0,0.0,4,0,0
4266,49,18,31,9,18,7,15,10,4,0,6,0,0,0,0,0,5,1,0,0,0,0,0,1.0,1.0,1.0,0.0,0.0,0.2,4,0,0
4267,49,18,31,9,18,7,15,10,4,0,5,0,0,0,0,0,0,0,0,0,0,0,0,1.0,1.0,1.0,0.0,0.0,0.0,4,0,0
4268,48,18,30,8,18,7,15,10,5,0,3,0,0,0,0,0,5,1,0,0,1,0,1,0.962962962962963,1.0,1.0,0.0,0.0,0.2,4,0,1
4269,48,18,30,8,18,6,16,10,6,0,3,0,0,0,0,0,6,1,0,0,0,0,0,1.0,1.0,1.0,0.0,0.0,0.16666666666666666,4,0,0
4270,48,18,30,8,18,6,16,10,7,0,3,0,0,0,0,0,8,1,0,0,0,0,0,1.0,1.0,1.0,0.0,0.0,0.125,4,0,0
4271,47,17,30,8,17,6,16,10,7,0,3,0,0,0,0,0,0,0,0,0,1,0,1,0.9615384615384616,1.0,1.0,0.0,0.0,0.0,4,0,1
4272,47,17,30,8,17,5,17,11,7,0,3,0,0,0,0,0,0,0,0,0,0,0,0,1.0,1.0,1.0,0.0,0.0,0.0,4,0,0
4273,50,19,31,11,17,5,17,11,6,0,4,0,0,0,0,0,0,0,0,1,0,0,0,1.0,1.0,1.0,0.06382978723404255,0.06382978723404255,0.0,4,3,0
4274,50,19,31,11,17,5,17,11,6,0,4,0,0,0,0,0,0,0,0,0,0,0,0,1.0,1.0,1.0,0.0,0.0,0.0,4,0,0
4275,50,19,31,11,17,5,17,11,6,0,4,0,0,0,0,0,0,0,0,0,0,0,0,1.0,1.0,1.0,0.0,0.0,0.0,4,0,0
4276,50,19,31,11,17,4,18,12,6,0,4,0,0,0,0,0,0,0,0,0,0,0,0,1.0,1.0,1.0,0.0,0.0,0.0,4,0,0
4277,50,19,31,9,19,4,18,12,6,0,4,0,0,0,0,0,0,0,0,0,0,0,0,1.0,1.0,1.0,0.0,0.0,0.0,4,0,0
4278,50,19,31,7,21,4,18,12,6,0,4,0,0,0,0,0,0,0,0,0,0,0,0,1.0,1.0,1.0,0.0,0.0,0.0,4,0,0
4279,53,19,34,6,25,4,18,12,6,0,4,0,0,0,0,0,2,1,0,1,0,0,0,1.0,1.0,1.0,0.06,0.06,0.5,4,3,0
4280,53,19,34,6,25,4,18,12,6,0,3,0,0,0,0,0,6,0,0,0,0,0,0,1.0,1.0,1.0,0.0,0.0,0.0,4,0,0
4281,52,18,34,6,24,3,19,13,8,0,2,0,0,0,0,0,7,2,0,0,1,0,1,0.967741935483871,1.0,1.0,0.0,0.0,0.2857142857142857,4,0,1
4282,52,18,34,6,24,3,19,13,8,0,2,0,0,0,0,0,5,0,0,0,0,0,0,1.0,1.0,1.0,0.0,0.0,0.0,4,0,0
4283,51,18,33,6,23,3,19,13,9,0,2,0,0,0,0,0,10,1,0,0,1,0,1,0.9666666666666667,1.0,1.0,0.0,0.0,0.1,4,0,1
4284,51,18,33,6,23,3,19,13,10,0,2,0,0,0,0,0,8,1,0,0,0,0,0,1.0,1.0,1.0,0.0,0.0,0.125,4,0,0
4285,51,18,33,6,23,2,20,14,10,0,2,0,0,0,0,0,0,0,0,0,0,0,0,1.0,1.0,1.0,0.0,0.0,0.0,4,0,0
4286,51,18,33,6,23,2,20,14,10,0,2,0,0,0,0,0,0,0,0,0,0,0,0,1.0,1.0,1.0,0.0,0.0,0.0,4,0,0
4287,51,18,33,6,23,2,20,14,10,0,2,0,0,0,0,0,0,0,0,0,0,0,0,1.0,1.0,1.0,0.0,0.0,0.0,4,0,0
4288,51,18,33,6,23,2,20,14,10,0,2,0,0,0,0,0,0,0,0,0,0,0,0,1.0,1.0,1.0,0.0,0.0,0.0,4,0,0
4289,51,18,33,6,23,2,20,14,10,0,2,0,0,0,0,0,0,0,0,0,0,0,0,1.0,1.0,1.0,0.0,0.0,0.0,4,0,0
4290,51,18,33,6,23,2,20,14,10,0,2,0,0,0,0,0,0,0,0,0,0,0,0,1.0,1.0,1.0,0.0,0.0,0.0,4,0,0
4291,51,18,33,6,23,2,20,14,10,0,2,0,0,0,0,0,0,0,0,0,0,0,0,1.0,1.0,1.0,0.0,0.0,0.0,4,0,0
4292,51,18,33,6,23,2,20,14,12,0,2,0,0,0,0,0,13,2,0,0,0,0,0,1.0,1.0,1.0,0.0,0.0,0.15384615384615385,4,0,0
4293,51,18,33,6,23,2,20,14,12,0,2,0,0,0,0,0,0,0,0,0,0,0,0,1.0,1.0,1.0,0.0,0.0,0.0,4,0,0
4294,50,17,33,6,22,2,20,14,12,0,2,0,0,0,0,0,0,0,0,0,1,0,1,0.9655172413793104,1.0,1.0,0.0,0.0,0.0,4,0,1
4295,50,17,33,6,22,2,20,14,12,0,2,0,0,0,0,0,0,0,0,0,0,0,0,1.0,1.0,1.0,0.0,0.0,0.0,4,0,0
4296,50,17,33,6,22,2,20,14,12,0,2,0,0,0,0,0,0,0,0,0,0,0,0,1.0,1.0,1.0,0.0,0.0,0.0,4,0,0
4297,50,17,33,6,22,2,20,14,12,0,2,0,0,0,0,0,0,0,0,0,0,0,0,1.0,1.0,1.0,0.0,0.0,0.0,4,0,0
4298,50,17,33,6,22,2,20,14,12,0,2,0,0,0,0,0,0,0,0,0,0,0,0,1.0,1.0,1.0,0.0,0.0,0.0,4,0,0
4299,49,17,32,6,21,2,20,14,12,0,2,0,0,0,0,0,0,0,0,0,1,0,1,0.9642857142857143,1.0,1.0,0.0,0.0,0.0,4,0,1
4300,49,17,32,6,21,2,20,14,12,0,2,0,0,0,0,0,0,0,0,0,0,0,0,1.0,1.0,1.0,0.0,0.0,0.0,4,0,0
4301,49,17,32,6,21,2,20,14,12,0,2,0,0,0,0,0,0,0,0,0,0,0,0,1.0,1.0,1.0,0.0,0.0,0.0,4,0,0
4302,49,17,32,6,21,2,20,14,12,0,2,0,0,0,0,0,0,0,0,0,0,0,0,1.0,1.0,1.0,0.0,0.0,0.0,4,0,0
4303,49,17,32,6,21,2,20,14,12,0,2,0,0,0,0,0,0,0,0,0,0,2,0,1.0,1.0,1.0,0.0,0.0,0.0,4,0,0
4304,48,16,32,6,20,2,20,14,12,0,2,0,0,0,0,0,0,0,0,0,1,0,1,0.962962962962963,1.0,1.0,0.0,0.0,0.0,4,0,1
4305,48,16,32,6,20,2,20,14,12,0,2,0,0,0,0,0,0,0,0,0,0,0,0,1.0,1.0,1.0,0.0,0.0,0.0,4,0,0
4306,48,16,32,6,20,2,20,14,12,0,2,0,0,0,0,0,0,0,0,0,0,0,0,1.0,1.0,1.0,0.0,0.0,0.0,4,0,0
4307,48,16,32,6,18,4,20,14,12,0,2,0,0,0,0,0,0,0,0,0,0,2,0,1.0,1.0,1.0,0.0,0.0,0.0,4,0,0
4308,47,16,31,6,17,4,20,14,12,0,2,0,0,0,0,0,0,0,0,0,1,0,1,0.9583333333333334,1.0,1.0,0.0,0.0,0.0,4,0,1
4309,47,16,31,6,17,4,20,14,12,0,2,0,0,0,0,0,0,0,0,0,0,0,0,1.0,1.0,1.0,0.0,0.0,0.0,4,0,0
4310,47,16,31,6,17,4,20,14,12,0,2,0,0,0,0,0,0,0,0,0,0,0,0,1.0,1.0,1.0,0.0,0.0,0.0,4,0,0
4311,47,16,31,6,15,6,20,14,12,0,2,0,0,0,0,0,0,0,0,0,0,0,0,1.0,1.0,1.0,0.0,0.0,0.0,4,0,0
4312,47,16,31,6,15,6,20,14,12,0,2,0,0,0,0,0,0,0,0,0,0,0,0,1.0,1.0,1.0,0.0,0.0,0.0,4,0,0
4313,47,16,31,6,15,6,20,14,12,0,2,0,0,0,0,0,0,0,0,0,0,0,0,1.0,1.0,1.0,0.0,0.0,0.0,4,0,0
4314,47,16,31,6,15,6,20,14,12,0,2,0,0,0,0,0,0,0,0,0,0,0,0,1.0,1.0,1.0,0.0,0.0,0.0,4,0,0
4315,46,15,31,5,15,6,20,14,12,0,2,0,0,0,0,0,0,0,0,0,1,0,1,0.9523809523809523,1.0,1.0,0.0,0.0,0.0,4,0,1
4316,46,15,31,3,17,6,20,14,12,0,2,0,0,0,0,0,0,0,0,0,0,0,0,1.0,1.0,1.0,0.0,0.0,0.0,4,0,0
4317,49,16,33,6,17,6,20,14,11,0,3,0,0,0,0,0,0,0,0,1,0,0,0,1.0,1.0,1.0,0.06521739130434782,0.06521739130434782,0.0,4,3,0
4318,49,16,33,6,17,6,20,14,11,0,2,0,0,0,0,0,0,0,0,0,0,0,0,1.0,1.0,1.0,0.0,0.0,0.0,4,0,0
4319,48,16,32,5,17,6,20,14,11,0,2,0,0,0,0,0,0,0,0,0,1,0,1,0.9565217391304348,1.0,1.0,0.0,0.0,0.0,4,0,1
4320,48,16,32,5,17,6,20,14,11,0,2,0,0,0,0,0,0,0,0,0,0,0,0,1.0,1.0,1.0,0.0,0.0,0.0,4,0,0
4321,47,16,31,5,16,6,20,14,11,0,2,0,0,0,0,0,0,0,0,0,1,0,1,0.9545454545454546,1.0,1.0,0.0,0.0,0.0,4,0,1
4322,47,16,31,3,18,6,20,14,11,0,2,0,0,0,0,0,0,0,0,0,0,0,0,1.0,1.0,1.0,0.0,0.0,0.0,4,0,0
4323,47,16,31,3,18,6,20,14,11,0,2,0,0,0,0,0,0,0,0,0,0,0,0,1.0,1.0,1.0,0.0,0.0,0.0,4,0,0
4324,47,16,31,3,18,6,20,14,11,0,1,0,0,0,0,0,0,0,0,0,0,0,0,1.0,1.0,1.0,0.0,0.0,0.0,4,0,0
4325,47,16,31,3,18,6,20,14,11,0,1,0,0,0,0,0,0,0,0,0,0,0,0,1.0,1.0,1.0,0.0,0.0,0.0,4,0,0
4326,46,15,31,2,18,6,20,14,11,0,1,0,0,0,0,0,0,0,0,0,1,0,1,0.9523809523809523,1.0,1.0,0.0,0.0,0.0,4,0,1
4327,45,15,30,2,17,6,20,14,11,0,1,0,0,0,0,0,0,0,0,0,1,0,1,0.95,1.0,1.0,0.0,0.0,0.0,4,0,1
4328,45,15,30,2,17,6,20,14,11,0,1,0,0,0,0,0,0,0,0,0,0,0,0,1.0,1.0,1.0,0.0,0.0,0.0,4,0,0
4329,45,15,30,2,17,6,20,14,11,0,1,0,0,0,0,0,0,0,0,0,0,0,0,1.0,1.0,1.0,0.0,0.0,0.0,4,0,0
4330,45,15,30,2,17,6,20,14,11,0,1,0,0,0,0,0,0,0,0,0,0,0,0,1.0,1.0,1.0,0.0,0.0,0.0,4,0,0
4331,49,17,32,6,17,6,20,14,10,0,2,0,0,0,0,0,0,0,0,1,0,0,0,1.0,1.0,1.0,0.08888888888888889,0.08888888888888889,0.0,4,4,0
4332,48,16,32,6,16,4,22,15,10,0,2,0,0,0,0,0,0,0,0,0,1,0,1,0.9565217391304348,1.0,1.0,0.0,0.0,0.0,4,0,1
4333,52,17,35,10,16,4,22,15,9,0,3,0,0,0,0,0,0,0,0,1,0,0,0,1.0,1.0,1.0,0.08333333333333333,0.08333333333333333,0.0,4,4,0
4334,56,18,38,14,16,4,22,15,8,0,4,0,0,0,0,0,0,0,0,1,0,0,0,1.0,1.0,1.0,0.07692307692307693,0.07692307692307693,0.0,4,4,0
4335,59,19,40,17,16,4,22,15,7,0,5,0,0,0,0,0,0,0,0,1,0,0,0,1.0,1.0,1.0,0.05357142857142857,0.05357142857142857,0.0,4,3,0
4336,58,18,40,17,15,4,22,15,7,0,5,0,0,0,0,0,0,0,0,0,1,0,1,0.9696969696969697,1.0,1.0,0.0,0.0,0.0,4,0,1
4337,57,17,40,17,14,4,22,15,7,0,5,0,0,0,0,0,0,0,0,0,1,0,1,0.96875,1.0,1.0,0.0,0.0,0.0,4,0,1
4338,57,17,40,17,14,4,22,15,7,0,5,0,0,0,0,0,0,0,0,0,0,1,0,1.0,1.0,1.0,0.0,0.0,0.0,4,0,0
4339,57,17,40,17,14,4,22,15,7,0,5,0,0,0,0,0,0,0,0,0,0,0,0,1.0,1.0,1.0,0.0,0.0,0.0,4,0,0
4340,56,17,39,16,14,4,22,15,7,0,5,0,0,0,0,0,0,0,0,0,1,0,1,0.967741935483871,1.0,1.0,0.0,0.0,0.0,4,0,1
4341,55,16,39,15,14,4,22,15,7,0,5,0,0,0,0,0,0,0,0,0,1,0,1,0.9666666666666667,1.0,1.0,0.0,0.0,0.0,4,0,1
4342,55,16,39,15,13,5,22,15,7,0,5,0,0,0,0,0,0,0,0,0,0,0,0,1.0,1.0,1.0,0.0,0.0,0.0,4,0,0
4343,54,16,38,15,12,5,22,15,7,0,5,0,0,0,0,0,0,0,0,0,1,0,1,0.9642857142857143,1.0,1.0,0.0,0.0,0.0,4,0,1
4344,58,18,40,19,12,5,22,15,6,0,6,0,0,0,0,0,0,0,0,1,0,0,0,1.0,1.0,1.0,0.07407407407407407,0.07407407407407407,0.0,4,4,0
4345,58,18,40,19,12,5,22,15,6,0,6,0,0,0,0,0,0,0,0,0,0,0,0,1.0,1.0,1.0,0.0,0.0,0.0,4,0,0
4346,64,22,42,27,10,4,23,16,4,0,8,0,0,0,0,0,0,0,0,2,2,0,2,0.935483870967742,1.0,1.0,0.13793103448275862,0.13793103448275862,0.0,4,8,2
4347,60,18,42,25,9,4,22,16,4,0,8,0,0,0,0,0,0,0,0,0,3,0,3,0.9189189189189189,0.8571428571428572,1.0,0.0,0.0,0.0,4,0,4
4348,63,19,44,28,9,4,22,16,3,0,9,0,0,0,0,0,0,0,0,1,1,0,1,0.9705882352941176,1.0,1.0,0.06666666666666667,0.06666666666666667,0.0,4,4,1
4349,67,21,46,32,9,4,22,16,2,0,10,0,0,0,0,0,0,0,0,1,0,0,0,1.0,1.0,1.0,0.06349206349206349,0.06349206349206349,0.0,4,4,0
4350,65,20,45,31,8,4,22,16,2,0,10,0,0,0,0,0,0,0,0,0,2,0,2,0.9512195121951219,1.0,1.0,0.0,0.0,0.0,4,0,2
4351,63,19,44,30,8,4,21,16,2,0,10,0,0,0,0,0,0,0,0,0,1,0,1,0.9743589743589743,0.8333333333333334,1.0,0.0,0.0,0.0,4,0,2
4352,62,18,44,29,8,4,21,16,2,0,10,0,0,0,0,0,0,0,0,0,1,0,1,0.9736842105263158,1.0,1.0,0.0,0.0,0.0,4,0,1
4353,62,18,44,29,8,4,21,16,2,0,10,0,0,0,0,0,0,0,0,0,0,0,0,1.0,1.0,1.0,0.0,0.0,0.0,4,0,0
4354,62,18,44,29,8,4,21,16,2,0,10,0,0,0,0,0,0,0,0,0,0,0,0,1.0,1.0,1.0,0.0,0.0,0.0,4,0,0
4355,60,17,43,28,7,4,21,16,2,0,10,0,0,0,0,0,0,0,0,0,2,0,2,0.9459459459459459,1.0,1.0,0.0,0.0,0.0,4,0,2
4356,59,17,42,28,6,4,21,16,2,0,10,0,0,0,0,0,0,0,0,0,1,0,1,0.9714285714285714,1.0,1.0,0.0,0.0,0.0,4,0,1
4357,65,21,44,35,5,4,21,16,0,0,12,0,0,0,0,0,0,0,0,2,1,0,1,0.9705882352941176,1.0,1.0,0.11864406779661017,0.11864406779661017,0.0,4,7,1
4358,63,20,43,33,5,4,21,16,0,0,12,0,0,0,0,0,0,0,0,0,2,0,2,0.95,1.0,1.0,0.0,0.0,0.0,4,0,2
4359,62,20,42,32,5,4,21,16,0,0,12,0,0,0,0,0,0,0,0,0,1,0,1,0.9736842105263158,1.0,1.0,0.0,0.0,0.0,4,0,1
4360,60,20,40,29,6,4,21,16,0,0,12,0,0,0,0,0,0,0,0,0,2,0,2,0.9459459459459459,1.0,1.0,0.0,0.0,0.0,4,0,2
4361,60,20,40,29,6,4,21,16,0,0,12,0,0,0,0,0,0,0,0,0,0,0,0,1.0,1.0,1.0,0.0,0.0,0.0,4,0,0
4362,60,20,40,29,6,4,21,16,0,0,11,0,0,0,0,0,0,0,0,0,0,0,0,1.0,1.0,1.0,0.0,0.0,0.0,4,0,0
4363,59,20,39,28,6,4,21,16,0,0,11,0,0,0,0,0,0,0,0,0,1,0,1,0.9714285714285714,1.0,1.0,0.0,0.0,0.0,4,0,1
4364,59,20,39,28,6,4,21,16,0,0,11,0,0,0,0,0,0,0,0,0,0,0,0,1.0,1.0,1.0,0.0,0.0,0.0,4,0,0
4365,59,20,39,28,6,4,21,16,0,0,11,0,0,0,0,0,0,0,0,0,0,0,0,1.0,1.0,1.0,0.0,0.0,0.0,4,0,0
4366,59,20,39,28,6,4,21,16,0,0,11,0,0,0,0,0,0,0,0,0,0,0,0,1.0,1.0,1.0,0.0,0.0,0.0,4,0,0
4367,58,20,38,27,6,4,21,16,0,0,11,0,0,0,0,0,0,0,0,0,1,0,1,0.9705882352941176,1.0,1.0,0.0,0.0,0.0,4,0,1
4368,58,20,38,27,6,4,21,16,0,0,11,0,0,0,0,0,0,0,0,0,0,0,0,1.0,1.0,1.0,0.0,0.0,0.0,4,0,0
4369,58,20,38,27,6,4,21,16,0,0,11,0,0,0,0,0,0,0,0,0,0,0,0,1.0,1.0,1.0,0.0,0.0,0.0,4,0,0
4370,56,19,37,25,6,4,21,16,0,0,11,0,0,0,0,0,0,0,0,0,2,0,2,0.9393939393939394,1.0,1.0,0.0,0.0,0.0,4,0,2
4371,55,18,37,24,6,4,21,16,0,0,11,0,0,0,0,0,0,0,0,0,1,0,1,0.967741935483871,1.0,1.0,0.0,0.0,0.0,4,0,1
4372,54,18,36,23,6,4,21,16,0,0,11,0,0,0,0,0,0,0,0,0,1,0,1,0.9666666666666667,1.0,1.0,0.0,0.0,0.0,4,0,1
4373,54,18,36,23,6,4,21,16,0,0,11,0,0,0,0,0,0,0,0,0,0,0,0,1.0,1.0,1.0,0.0,0.0,0.0,4,0,0
4374,54,18,36,22,7,4,21,16,0,0,11,0,0,0,0,0,0,0,0,0,0,0,0,1.0,1.0,1.0,0.0,0.0,0.0,4,0,0
4375,54,18,36,22,7,4,21,16,0,0,11,0,0,0,0,0,0,0,0,0,0,0,0,1.0,1.0,1.0,0.0,0.0,0.0,4,0,0
4376,54,18,36,19,10,4,21,16,0,0,10,0,0,0,0,0,0,0,0,0,0,0,0,1.0,1.0,1.0,0.0,0.0,0.0,4,0,0
4377,54,18,36,17,12,4,21,16,0,0,10,0,0,0,0,0,0,0,0,0,0,0,0,1.0,1.0,1.0,0.0,0.0,0.0,4,0,0
4378,54,18,36,16,13,4,21,16,0,0,9,0,0,0,0,0,0,0,0,0,0,0,0,1.0,1.0,1.0,0.0,0.0,0.0,4,0,0
4379,52,18,34,16,11,4,21,16,0,0,8,0,0,0,0,0,0,0,0,0,2,0,2,0.9310344827586207,1.0,1.0,0.0,0.0,0.0,4,0,2
4380,52,18,34,16,11,4,21,16,0,0,7,0,0,0,0,0,0,0,0,0,0,0,0,1.0,1.0,1.0,0.0,0.0,0.0,4,0,0
4381,52,18,34,16,11,4,21,16,0,0,7,0,0,0,0,0,0,0,0,0,0,0,0,1.0,1.0,1.0,0.0,0.0,0.0,4,0,0
4382,52,18,34,16,11,4,21,16,0,0,7,0,0,0,0,0,0,0,0,0,0,0,0,1.0,1.0,1.0,0.0,0.0,0.0,4,0,0
4383,50,17,33,15,10,4,21,16,0,0,7,0,0,0,0,0,0,0,0,0,2,0,2,0.9259259259259259,1.0,1.0,0.0,0.0,0.0,4,0,2
4384,50,17,33,15,10,3,22,17,0,0,7,0,0,0,0,0,0,0,0,0,0,0,0,1.0,1.0,1.0,0.0,0.0,0.0,4,0,0
4385,50,17,33,15,10,3,22,17,0,0,7,0,0,0,0,0,0,0,0,0,0,0,0,1.0,1.0,1.0,0.0,0.0,0.0,4,0,0
4386,50,17,33,15,10,3,22,17,0,0,7,0,0,0,0,0,0,0,0,0,0,0,0,1.0,1.0,1.0,0.0,0.0,0.0,4,0,0
4387,49,16,33,11,13,3,22,17,0,0,7,0,0,0,0,0,0,0,0,0,1,0,1,0.96,1.0,1.0,0.0,0.0,0.0,4,0,1
4388,49,16,33,11,13,3,22,17,0,0,7,0,0,0,0,0,0,0,0,0,0,0,0,1.0,1.0,1.0,0.0,0.0,0.0,4,0,0
4389,49,16,33,9,15,3,22,17,0,0,6,0,0,0,0,0,0,0,0,0,0,0,0,1.0,1.0,1.0,0.0,0.0,0.0,4,0,0
4390,48,15,33,9,15,3,21,17,0,0,6,0,0,0,0,0,0,0,0,0,0,0,0,1.0,0.8,1.0,0.0,0.0,0.0,4,0,1
4391,48,15,33,7,17,3,21,17,0,0,4,0,0,0,0,0,0,0,0,0,0,0,0,1.0,1.0,1.0,0.0,0.0,0.0,4,0,0
4392,48,15,33,4,20,3,21,17,0,0,4,0,0,0,0,0,0,0,0,0,0,0,0,1.0,1.0,1.0,0.0,0.0,0.0,4,0,0
4393,48,15,33,4,20,3,21,17,0,0,3,0,0,0,0,0,0,0,0,0,0,0,0,1.0,1.0,1.0,0.0,0.0,0.0,4,0,0
4394,48,15,33,4,20,3,21,17,0,0,2,0,0,0,0,0,0,0,0,0,0,0,0,1.0,1.0,1.0,0.0,0.0,0.0,4,0,0
4395,48,15,33,4,20,3,21,17,0,0,2,0,0,0,0,0,0,0,0,0,0,0,0,1.0,1.0,1.0,0.0,0.0,0.0,4,0,0
4396,48,15,33,4,20,3,21,17,0,0,2,0,0,0,0,0,0,0,0,0,0,0,0,1.0,1.0,1.0,0.0,0.0,0.0,4,0,0
4397,48,15,33,4,20,3,21,17,0,0,2,0,0,0,0,0,0,0,0,0,0,0,0,1.0,1.0,1.0,0.0,0.0,0.0,4,0,0
4398,48,15,33,4,20,3,21,17,0,0,2,0,0,0,0,0,0,0,0,0,0,0,0,1.0,1.0,1.0,0.0,0.0,0.0,4,0,0
4399,47,15,32,4,19,3,21,17,0,0,2,0,0,0,0,0,0,0,0,0,1,0,1,0.9583333333333334,1.0,1.0,0.0,0.0,0.0,4,0,1
4400,47,15,32,0,23,3,21,17,0,0,2,0,0,0,0,0,0,0,0,0,0,0,0,1.0,1.0,1.0,0.0,0.0,0.0,4,0,0
4401,47,15,32,0,23,3,21,17,0,0,2,0,0,0,0,0,0,0,0,0,0,0,0,1.0,1.0,1.0,0.0,0.0,0.0,4,0,0
4402,47,15,32,0,23,3,21,17,0,0,0,0,0,0,0,0,0,0,0,0,0,2,0,1.0,1.0,1.0,0.0,0.0,0.0,4,0,0
4403,47,15,32,0,23,3,21,17,0,0,0,0,0,0,0,0,0,0,0,0,0,1,0,1.0,1.0,1.0,0.0,0.0,0.0,4,0,0
4404,46,14,32,0,22,3,21,17,0,0,0,0,0,0,0,0,0,0,0,0,1,0,1,0.9565217391304348,1.0,1.0,0.0,0.0,0.0,4,0,1
4405,46,14,32,0,22,3,21,17,0,0,0,0,0,0,0,0,0,0,0,0,0,0,0,1.0,1.0,1.0,0.0,0.0,0.0,4,0,0
4406,46,14,32,0,20,5,21,17,0,0,0,0,0,0,0,0,0,0,0,0,0,0,0,1.0,1.0,1.0,0.0,0.0,0.0,4,0,0
4407,45,14,31,0,18,6,21,17,0,0,0,0,0,0,0,0,0,0,0,0,1,0,1,0.9473684210526316,1.0,1.0,0.0,0.0,0.0,4,0,1
4408,45,14,31,0,18,6,21,17,0,0,0,0,0,0,0,0,0,0,0,0,0,0,0,1.0,1.0,1.0,0.0,0.0,0.0,4,0,0
4409,44,14,30,0,17,6,21,17,0,0,0,0,0,0,0,0,0,0,0,0,1,0,1,0.9444444444444444,1.0,1.0,0.0,0.0,0.0,4,0,1
4410,44,14,30,0,17,6,21,17,2,1,0,0,0,0,0,0,17,2,1,0,0,0,0,1.0,1.0,1.0,0.0,0.0,0.11764705882352941,4,0,0
4411,44,14,30,0,17,6,21,17,2,3,0,0,0,0,0,0,5,0,2,0,0,0,0,1.0,1.0,1.0,0.0,0.0,0.0,4,0,0
4412,44,14,30,0,17,6,21,17,2,5,0,0,0,0,0,0,3,0,2,0,0,0,0,1.0,1.0,1.0,0.0,0.0,0.0,4,0,0
4413,44,14,30,0,17,6,21,17,2,7,0,0,0,0,0,0,7,0,2,0,0,0,0,1.0,1.0,1.0,0.0,0.0,0.0,4,0,0
4414,44,14,30,0,17,6,21,17,2,7,0,0,0,0,0,0,4,0,0,0,0,0,0,1.0,1.0,1.0,0.0,0.0,0.0,4,0,0
4415,43,14,29,0,16,6,21,17,2,7,0,0,0,0,0,0,0,0,0,0,1,0,1,0.9411764705882353,1.0,1.0,0.0,0.0,0.0,4,0,1
4416,43,14,29,0,16,6,21,17,2,7,0,0,0,0,0,0,0,0,0,0,0,1,0,1.0,1.0,1.0,0.0,0.0,0.0,4,0,0
4417,43,14,29,0,16,6,21,17,2,7,0,0,0,0,0,0,0,0,0,0,0,0,0,1.0,1.0,1.0,0.0,0.0,0.0,4,0,0
4418,43,14,29,0,16,6,21,17,2,7,0,0,0,0,0,0,0,0,0,0,0,0,0,1.0,1.0,1.0,0.0,0.0,0.0,4,0,0
4419,43,14,29,0,16,6,21,17,2,7,0,0,0,0,0,0,0,0,0,0,0,0,0,1.0,1.0,1.0,0.0,0.0,0.0,4,0,0
4420,43,14,29,0,15,7,21,17,2,7,0,0,0,0,0,0,0,0,0,0,0,0,0,1.0,1.0,1.0,0.0,0.0,0.0,4,0,0
4421,42,14,28,0,15,7,20,16,2,6,0,0,0,0,0,0,0,0,0,0,0,0,0,1.0,1.0,0.9411764705882353,0.0,0.0,0.0,4,0,1
4422,40,12,28,0,14,7,19,16,2,6,0,0,0,0,0,0,0,0,0,0,1,0,1,0.9333333333333333,0.75,1.0,0.0,0.0,0.0,4,0,2
4423,40,12,28,0,14,7,19,16,3,7,0,0,0,0,0,0,8,1,1,0,0,0,0,1.0,1.0,1.0,0.0,0.0,0.125,4,0,0
4424,40,12,28,0,14,7,19,16,3,7,0,0,0,0,0,0,3,0,0,0,0,0,0,1.0,1.0,1.0,0.0,0.0,0.0,4,0,0
4425,40,12,28,0,14,7,19,16,4,8,0,0,0,0,0,0,8,1,1,0,0,0,0,1.0,1.0,1.0,0.0,0.0,0.125,4,0,0
4426,40,12,28,0,14,7,19,16,6,8,0,0,0,0,0,0,8,2,0,0,0,0,0,1.0,1.0,1.0,0.0,0.0,0.25,4,0,0
4427,40,12,28,0,14,7,19,16,6,8,0,0,0,0,0,0,1,0,0,0,0,0,0,1.0,1.0,1.0,0.0,0.0,0.0,4,0,0
4428,40,12,28,0,14,7,19,16,6,8,0,0,0,0,0,0,0,0,0,0,0,0,0,1.0,1.0,1.0,0.0,0.0,0.0,4,0,0
4429,40,12,28,0,14,7,19,16,6,8,0,0,0,0,0,0,0,0,0,0,0,0,0,1.0,1.0,1.0,0.0,0.0,0.0,4,0,0
4430,40,12,28,0,14,7,19,16,6,8,0,0,0,0,0,0,0,0,0,0,0,0,0,1.0,1.0,1.0,0.0,0.0,0.0,4,0,0
4431,40,12,28,0,14,7,19,16,6,8,0,0,0,0,0,0,0,0,0,0,0,0,0,1.0,1.0,1.0,0.0,0.0,0.0,4,0,0
4432,39,12,27,0,14,7,18,15,6,7,0,0,0,0,0,0,0,0,0,0,0,0,0,1.0,1.0,0.9375,0.0,0.0,0.0,4,0,1
4433,39,12,27,0,14,7,18,15,6,7,0,0,0,0,0,0,0,0,0,0,0,0,0,1.0,1.0,1.0,0.0,0.0,0.0,4,0,0
4434,39,12,27,0,14,7,18,15,6,7,0,0,0,0,0,0,0,0,0,0,0,0,0,1.0,1.0,1.0,0.0,0.0,0.0,4,0,0
4435,39,12,27,0,14,7,18,15,6,7,0,0,0,0,0,0,0,0,0,0,0,0,0,1.0,1.0,1.0,0.0,0.0,0.0,4,0,0
4436,39,12,27,0,14,7,18,15,7,7,0,0,0,0,0,0,3,1,0,0,0,0,0,1.0,1.0,1.0,0.0,0.0,0.3333333333333333,4,0,0
4437,39,12,27,0,14,7,18,15,7,7,0,0,0,0,0,0,1,0,0,0,0,0,0,1.0,1.0,1.0,0.0,0.0,0.0,4,0,0
4438,39,12,27,0,14,7,18,15,8,7,0,0,0,0,0,0,3,1,0,0,0,0,0,1.0,1.0,1.0,0.0,0.0,0.3333333333333333,4,0,0
4439,39,12,27,0,14,7,18,15,8,7,0,0,0,0,0,0,0,0,0,0,0,0,0,1.0,1.0,1.0,0.0,0.0,0.0,4,0,0
4440,39,12,27,0,14,7,18,15,8,7,0,0,0,0,0,0,0,0,0,0,0,0,0,1.0,1.0,1.0,0.0,0.0,0.0,4,0,0
4441,39,12,27,0,14,7,18,15,8,7,0,0,0,0,0,0,0,0,0,0,0,0,0,1.0,1.0,1.0,0.0,0.0,0.0,4,0,0
4442,39,12,27,0,14,6,19,15,8,7,0,0,0,0,0,0,0,0,0,0,0,0,0,1.0,1.0,1.0,0.0,0.0,0.0,4,0,0
4443,39,12,27,0,14,6,19,15,8,7,0,0,0,0,0,0,0,0,0,0,0,0,0,1.0,1.0,1.0,0.0,0.0,0.0,4,0,0
4444,39,12,27,0,14,6,19,15,8,7,0,0,0,0,0,0,0,0,0,0,0,0,0,1.0,1.0,1.0,0.0,0.0,0.0,4,0,0
4445,39,12,27,0,14,6,19,15,8,7,0,0,0,0,0,0,0,0,0,0,0,0,0,1.0,1.0,1.0,0.0,0.0,0.0,4,0,0
4446,39,12,27,0,14,6,19,15,8,7,0,0,0,0,0,0,0,0,0,0,0,0,0,1.0,1.0,1.0,0.0,0.0,0.0,4,0,0
4447,39,12,27,0,14,6,19,15,8,7,0,0,0,0,0,0,0,0,0,0,0,0,0,1.0,1.0,1.0,0.0,0.0,0.0,4,0,0
4448,39,12,27,0,14,6,19,15,8,7,0,0,0,0,0,0,0,0,0,0,0,0,0,1.0,1.0,1.0,0.0,0.0,0.0,4,0,0
4449,39,12,27,0,14,6,19,15,8,7,0,0,0,0,0,0,0,0,0,0,0,0,0,1.0,1.0,1.0,0.0,0.0,0.0,4,0,0
4450,39,12,27,0,14,6,19,15,8,7,0,0,0,0,0,0,0,0,0,0,0,0,0,1.0,1.0,1.0,0.0,0.0,0.0,4,0,0
4451,39,12,27,0,14,6,19,15,8,7,0,0,0,0,0,0,0,0,0,0,0,0,0,1.0,1.0,1.0,0.0,0.0,0.0,4,0,0
4452,39,12,27,0,14,6,19,15,8,7,0,0,0,0,0,0,0,0,0,0,0,0,0,1.0,1.0,1.0,0.0,0.0,0.0,4,0,0
4453,39,12,27,0,14,6,19,15,8,7,0,0,0,0,0,0,0,0,0,0,0,0,0,1.0,1.0,1.0,0.0,0.0,0.0,4,0,0
4454,39,12,27,0,14,6,19,15,8,7,0,0,0,0,0,0,0,0,0,0,0,0,0,1.0,1.0,1.0,0.0,0.0,0.0,4,0,0
4455,39,12,27,0,14,6,19,15,8,6,0,0,0,0,0,0,0,0,0,0,0,0,0,1.0,1.0,1.0,0.0,0.0,0.0,4,0,0
4456,39,12,27,0,14,6,19,15,8,5,0,0,0,0,0,0,2,0,0,0,0,0,0,1.0,1.0,1.0,0.0,0.0,0.0,4,0,0
4457,39,12,27,0,14,6,19,15,10,3,0,0,0,0,0,0,8,2,0,0,0,0,0,1.0,1.0,1.0,0.0,0.0,0.25,4,0,0
4458,39,12,27,0,14,6,19,15,12,1,0,0,0,0,0,0,11,2,0,0,0,0,0,1.0,1.0,1.0,0.0,0.0,0.18181818181818182,4,0,0
4459,39,12,27,0,14,6,19,15,14,1,0,0,0,0,0,0,10,2,0,0,0,0,0,1.0,1.0,1.0,0.0,0.0,0.2,4,0,0
4460,39,12,27,0,14,5,20,16,14,1,0,0,0,0,0,0,0,0,0,0,0,0,0,1.0,1.0,1.0,0.0,0.0,0.0,4,0,0
4461,39,12,27,0,14,5,20,16,14,1,0,0,0,0,0,0,0,0,0,0,0,0,0,1.0,1.0,1.0,0.0,0.0,0.0,4,0,0
4462,39,12,27,0,14,5,20,16,15,1,0,0,0,0,0,0,5,1,0,0,0,0,0,1.0,1.0,1.0,0.0,0.0,0.2,4,0,0
4463,39,12,27,0,14,5,20,16,15,1,0,0,0,0,0,0,0,0,0,0,0,0,0,1.0,1.0,1.0,0.0,0.0,0.0,4,0,0
4464,39,12,27,0,14,5,20,16,15,1,0,0,0,0,0,0,0,0,0,0,0,0,0,1.0,1.0,1.0,0.0,0.0,0.0,4,0,0
4465,39,12,27,0,14,5,20,16,15,1,0,0,0,0,0,0,0,0,0,0,0,0,0,1.0,1.0,1.0,0.0,0.0,0.0,4,0,0
4466,38,11,27,0,13,5,20,16,15,1,0,0,0,0,0,0,0,0,0,0,1,0,1,0.9285714285714286,1.0,1.0,0.0,0.0,0.0,4,0,1
4467,38,11,27,0,13,5,20,16,15,1,0,0,0,0,0,0,0,0,0,0,0,0,0,1.0,1.0,1.0,0.0,0.0,0.0,4,0,0
4468,38,11,27,0,13,4,21,17,15,1,0,0,0,0,0,0,0,0,0,0,0,0,0,1.0,1.0,1.0,0.0,0.0,0.0,4,0,0
4469,38,11,27,0,13,4,21,17,15,1,0,0,0,0,0,0,0,0,0,0,0,0,0,1.0,1.0,1.0,0.0,0.0,0.0,4,0,0
4470,38,11,27,0,13,4,21,17,15,0,0,0,0,0,0,0,0,0,0,0,0,0,0,1.0,1.0,1.0,0.0,0.0,0.0,4,0,0
4471,38,11,27,0,13,4,21,17,15,0,0,0,0,0,0,0,1,0,0,0,0,0,0,1.0,1.0,1.0,0.0,0.0,0.0,4,0,0
4472,38,11,27,0,13,4,21,17,16,0,0,0,0,0,0,0,5,1,0,0,0,0,0,1.0,1.0,1.0,0.0,0.0,0.2,4,0,0
4473,38,11,27,0,13,4,21,17,16,0,0,0,0,0,0,0,0,0,0,0,0,0,0,1.0,1.0,1.0,0.0,0.0,0.0,4,0,0
4474,38,11,27,0,13,4,21,17,16,0,0,0,0,0,0,0,0,0,0,0,0,0,0,1.0,1.0,1.0,0.0,0.0,0.0,4,0,0
4475,45,15,30,7,13,4,21,17,14,1,2,0,0,0,0,0,2,0,1,2,0,0,0,1.0,1.0,1.0,0.18421052631578946,0.18421052631578946,0.0,4,7,0
4476,45,15,30,7,13,4,21,17,14,1,2,0,0,0,0,0,0,0,0,0,0,0,0,1.0,1.0,1.0,0.0,0.0,0.0,4,0,0
4477,45,15,30,7,13,3,22,17,14,1,2,0,0,0,0,0,0,0,0,0,0,0,0,1.0,1.0,1.0,0.0,0.0,0.0,4,0,0
4478,45,15,30,7,13,3,22,17,14,1,2,0,0,0,0,0,0,0,0,0,0,0,0,1.0,1.0,1.0,0.0,0.0,0.0,4,0,0
4479,44,15,29,7,12,3,22,17,14,1,2,0,0,0,0,0,0,0,0,0,1,0,1,0.95,1.0,1.0,0.0,0.0,0.0,4,0,1
4480,44,15,29,7,12,3,22,17,14,1,2,0,0,0,0,0,0,0,0,0,0,0,0,1.0,1.0,1.0,0.0,0.0,0.0,4,0,0
4481,43,14,29,6,12,3,22,17,14,1,2,0,0,0,0,0,0,0,0,0,1,0,1,0.9473684210526316,1.0,1.0,0.0,0.0,0.0,4,0,1
4482,43,14,29,6,12,3,22,17,14,1,2,0,0,0,0,0,0,0,0,0,0,0,0,1.0,1.0,1.0,0.0,0.0,0.0,4,0,0
4483,43,14,29,6,12,3,22,17,14,1,2,0,0,0,0,0,0,0,0,0,0,0,0,1.0,1.0,1.0,0.0,0.0,0.0,4,0,0
4484,43,14,29,6,12,3,22,17,14,1,2,0,0,0,0,0,0,0,0,0,0,0,0,1.0,1.0,1.0,0.0,0.0,0.0,4,0,0
4485,43,14,29,6,12,3,22,17,14,1,2,0,0,0,0,0,0,0,0,0,0,0,0,1.0,1.0,1.0,0.0,0.0,0.0,4,0,0
4486,43,14,29,6,12,3,22,17,14,1,2,0,0,0,0,0,0,0,0,0,0,0,0,1.0,1.0,1.0,0.0,0.0,0.0,4,0,0
4487,43,14,29,6,12,3,22,17,14,1,2,0,0,0,0,0,0,0,0,0,0,0,0,1.0,1.0,1.0,0.0,0.0,0.0,4,0,0
4488,47,16,31,10,12,3,22,17,13,1,3,0,0,0,0,0,0,0,0,1,0,0,0,1.0,1.0,1.0,0.09302325581395349,0.09302325581395349,0.0,4,4,0
4489,47,16,31,10,12,3,22,17,13,1,3,0,0,0,0,0,0,0,0,0,0,0,0,1.0,1.0,1.0,0.0,0.0,0.0,4,0,0
4490,51,18,33,14,12,3,22,17,12,1,4,0,0,0,0,0,0,0,0,1,0,0,0,1.0,1.0,1.0,0.0851063829787234,0.0851063829787234,0.0,4,4,0
4491,57,21,36,21,11,3,22,17,10,1,6,0,0,0,0,0,0,0,0,2,1,0,1,0.9615384615384616,1.0,1.0,0.13725490196078433,0.13725490196078433,0.0,4,7,1
4492,57,21,36,21,11,3,22,17,10,1,6,0,0,0,0,0,0,0,0,0,0,0,0,1.0,1.0,1.0,0.0,0.0,0.0,4,0,0
4493,56,20,36,21,11,3,21,17,10,1,6,0,0,0,0,0,0,0,0,0,0,0,0,1.0,0.8,1.0,0.0,0.0,0.0,4,0,1
4494,55,20,35,21,10,3,21,17,10,1,6,0,0,0,0,0,0,0,0,0,1,0,1,0.96875,1.0,1.0,0.0,0.0,0.0,4,0,1
4495,55,20,35,21,10,3,21,17,10,1,6,0,0,0,0,0,0,0,0,0,0,0,0,1.0,1.0,1.0,0.0,0.0,0.0,4,0,0
4496,55,20,35,21,10,3,21,17,10,1,6,0,0,0,0,0,0,0,0,0,0,0,0,1.0,1.0,1.0,0.0,0.0,0.0,4,0,0
4497,55,20,35,21,10,3,21,17,10,1,6,0,0,0,0,0,0,0,0,0,0,0,0,1.0,1.0,1.0,0.0,0.0,0.0,4,0,0
4498,55,20,35,21,10,3,21,17,10,1,6,0,0,0,0,0,0,0,0,0,0,0,0,1.0,1.0,1.0,0.0,0.0,0.0,4,0,0
4499,55,20,35,21,10,3,21,17,10,1,6,0,0,0,0,0,0,0,0,0,0,0,0,1.0,1.0,1.0,0.0,0.0,0.0,4,0,0
4500,54,19,35,21,9,3,21,17,10,1,6,0,0,0,0,0,0,0,0,0,1,0,1,0.967741935483871,1.0,1.0,0.0,0.0,0.0,4,0,1
4501,58,23,35,25,9,3,21,17,9,1,7,0,0,0,0,0,0,0,0,1,0,0,0,1.0,1.0,1.0,0.07407407407407407,0.07407407407407407,0.0,4,4,0
4502,58,23,35,25,9,3,21,17,9,1,7,0,0,0,0,0,0,0,0,0,0,0,0,1.0,1.0,1.0,0.0,0.0,0.0,4,0,0
4503,59,24,35,27,8,3,21,17,8,1,8,0,0,0,0,0,0,0,0,1,2,0,2,0.9411764705882353,1.0,1.0,0.05172413793103448,0.05172413793103448,0.0,4,3,2
4504,59,24,35,27,8,3,21,17,8,1,8,0,0,0,0,0,0,0,0,0,0,0,0,1.0,1.0,1.0,0.0,0.0,0.0,4,0,0
4505,57,23,34,27,6,3,21,17,8,1,8,0,0,0,0,0,0,0,0,0,2,0,2,0.9428571428571428,1.0,1.0,0.0,0.0,0.0,4,0,2
4506,56,22,34,26,6,3,21,17,8,1,8,0,0,0,0,0,0,0,0,0,1,0,1,0.9696969696969697,1.0,1.0,0.0,0.0,0.0,4,0,1
4507,56,22,34,26,6,3,21,17,8,1,8,0,0,0,0,0,0,0,0,0,0,0,0,1.0,1.0,1.0,0.0,0.0,0.0,4,0,0
4508,55,21,34,25,6,3,21,17,8,1,8,0,0,0,0,0,0,0,0,0,1,0,1,0.96875,1.0,1.0,0.0,0.0,0.0,4,0,1
4509,55,21,34,25,6,3,21,17,8,1,8,0,0,0,0,0,0,0,0,0,0,0,0,1.0,1.0,1.0,0.0,0.0,0.0,4,0,0
4510,53,20,33,23,6,3,21,17,8,1,8,0,0,0,0,0,0,0,0,0,2,0,2,0.935483870967742,1.0,1.0,0.0,0.0,0.0,4,0,2
4511,53,20,33,23,6,3,21,17,8,1,8,0,0,0,0,0,0,0,0,0,0,0,0,1.0,1.0,1.0,0.0,0.0,0.0,4,0,0
4512,52,19,33,23,5,3,21,17,8,1,8,0,0,0,0,0,0,0,0,0,1,0,1,0.9655172413793104,1.0,1.0,0.0,0.0,0.0,4,0,1
4513,51,19,32,22,5,3,21,17,8,1,8,0,0,0,0,0,0,0,0,0,1,0,1,0.9642857142857143,1.0,1.0,0.0,0.0,0.0,4,0,1
4514,51,19,32,22,5,3,21,17,8,1,8,0,0,0,0,0,0,0,0,0,0,1,0,1.0,1.0,1.0,0.0,0.0,0.0,4,0,0
4515,51,19,32,22,5,3,21,17,8,1,8,0,0,0,0,0,0,0,0,0,0,1,0,1.0,1.0,1.0,0.0,0.0,0.0,4,0,0
4516,51,19,32,22,5,3,21,17,8,1,8,0,0,0,0,0,0,0,0,0,0,0,0,1.0,1.0,1.0,0.0,0.0,0.0,4,0,0
4517,51,19,32,22,5,3,21,17,8,1,8,0,0,0,0,0,0,0,0,0,0,0,0,1.0,1.0,1.0,0.0,0.0,0.0,4,0,0
4518,51,19,32,18,8,4,21,17,8,1,8,0,0,0,0,0,0,0,0,0,0,0,0,1.0,1.0,1.0,0.0,0.0,0.0,4,0,0
4519,51,19,32,18,7,5,21,17,8,1,8,0,0,0,0,0,0,0,0,0,0,0,0,1.0,1.0,1.0,0.0,0.0,0.0,4,0,0
4520,51,19,32,18,7,5,21,17,8,0,6,0,0,0,0,0,0,0,0,0,0,0,0,1.0,1.0,1.0,0.0,0.0,0.0,4,0,0
4521,51,19,32,18,7,5,21,17,11,0,6,0,0,0,0,0,14,3,0,0,0,0,0,1.0,1.0,1.0,0.0,0.0,0.21428571428571427,4,0,0
4522,58,22,36,25,7,5,21,17,9,0,8,0,0,0,0,0,0,0,0,2,0,0,0,1.0,1.0,1.0,0.13725490196078433,0.13725490196078433,0.0,4,7,0
4523,65,24,41,32,7,5,21,17,7,0,10,0,0,0,0,0,0,0,0,2,0,0,0,1.0,1.0,1.0,0.1206896551724138,0.1206896551724138,0.0,4,7,0
4524,68,24,44,35,7,5,21,17,5,0,12,0,0,0,0,0,0,0,0,2,3,0,3,0.9230769230769231,1.0,1.0,0.09230769230769231,0.09230769230769231,0.0,4,6,3
4525,67,24,43,34,7,5,21,17,5,0,12,0,0,0,0,0,0,0,0,0,1,0,1,0.9761904761904762,1.0,1.0,0.0,0.0,0.0,4,0,1
4526,66,23,43,34,7,4,21,17,5,0,12,0,0,0,0,0,0,0,0,0,0,0,0,1.0,1.0,1.0,0.0,0.0,0.0,4,0,1
4527,68,25,43,36,7,4,21,17,4,0,13,0,0,0,0,0,0,0,0,1,2,0,2,0.9512195121951219,1.0,1.0,0.06060606060606061,0.06060606060606061,0.0,4,4,2
4528,65,24,41,34,6,4,21,17,4,0,13,0,0,0,0,0,0,0,0,0,3,0,3,0.9302325581395349,1.0,1.0,0.0,0.0,0.0,4,0,3
4529,62,22,40,33,4,3,22,18,4,1,13,0,0,0,0,0,3,0,1,0,3,3,3,0.925,1.0,1.0,0.0,0.0,0.0,4,0,3
4530,62,22,40,33,4,3,22,18,4,1,13,0,0,0,0,0,0,0,0,0,0,0,0,1.0,1.0,1.0,0.0,0.0,0.0,4,0,0
4531,62,22,40,30,7,3,22,18,4,1,13,0,0,0,0,0,0,0,0,0,0,0,0,1.0,1.0,1.0,0.0,0.0,0.0,4,0,0
4532,59,20,39,28,6,3,22,18,4,1,13,0,0,0,0,0,0,0,0,0,3,0,3,0.9189189189189189,1.0,1.0,0.0,0.0,0.0,4,0,3
4533,57,18,39,23,6,6,22,18,4,1,12,0,0,0,0,0,0,0,0,0,2,0,2,0.935483870967742,1.0,1.0,0.0,0.0,0.0,4,0,2
4534,54,17,37,15,11,6,22,18,5,1,12,0,0,0,0,0,6,1,0,0,3,0,3,0.896551724137931,1.0,1.0,0.0,0.0,0.16666666666666666,4,0,3
4535,53,17,36,14,11,6,22,18,5,1,11,0,0,0,0,0,0,0,0,0,1,0,1,0.9615384615384616,1.0,1.0,0.0,0.0,0.0,4,0,1
4536,52,17,35,14,11,5,22,18,6,1,9,0,0,0,0,0,6,1,0,0,0,0,0,1.0,1.0,1.0,0.0,0.0,0.16666666666666666,4,0,1
4537,55,17,38,18,11,4,22,18,7,1,10,0,0,0,0,0,11,2,0,1,0,0,0,1.0,1.0,1.0,0.07692307692307693,0.07692307692307693,0.18181818181818182,4,4,1
4538,53,16,37,16,11,4,22,18,7,1,10,0,0,0,0,0,0,0,0,0,2,0,2,0.9310344827586207,1.0,1.0,0.0,0.0,0.0,4,0,2
4539,52,15,37,15,11,4,22,18,7,1,10,0,0,0,0,0,0,0,0,0,1,0,1,0.962962962962963,1.0,1.0,0.0,0.0,0.0,4,0,1
4540,52,15,37,15,11,4,22,18,7,1,10,0,0,0,0,0,0,0,0,0,0,0,0,1.0,1.0,1.0,0.0,0.0,0.0,4,0,0
4541,51,14,37,15,10,4,22,18,7,1,10,0,0,0,0,0,0,0,0,0,1,0,1,0.9615384615384616,1.0,1.0,0.0,0.0,0.0,4,0,1
4542,51,14,37,15,10,4,22,18,7,1,10,0,0,0,0,0,0,0,0,0,0,0,0,1.0,1.0,1.0,0.0,0.0,0.0,4,0,0
4543,51,14,37,15,10,4,22,18,7,1,10,0,0,0,0,0,0,0,0,0,0,0,0,1.0,1.0,1.0,0.0,0.0,0.0,4,0,0
4544,51,14,37,15,10,4,22,18,7,1,10,0,0,0,0,0,0,0,0,0,0,0,0,1.0,1.0,1.0,0.0,0.0,0.0,4,0,0
4545,51,14,37,15,10,4,22,18,7,1,10,0,0,0,0,0,0,0,0,0,0,0,0,1.0,1.0,1.0,0.0,0.0,0.0,4,0,0
4546,50,13,37,15,9,4,22,18,7,1,9,0,0,0,0,0,0,0,0,0,1,0,1,0.96,1.0,1.0,0.0,0.0,0.0,4,0,1
4547,49,13,36,15,9,3,22,18,8,1,9,0,0,0,0,0,1,1,0,0,0,0,0,1.0,1.0,1.0,0.0,0.0,1.0,4,0,1
4548,49,13,36,15,9,3,22,18,8,1,8,0,0,0,0,0,0,0,0,0,0,0,0,1.0,1.0,1.0,0.0,0.0,0.0,4,0,0
4549,49,13,36,15,9,3,22,18,9,1,8,0,0,0,0,0,4,1,0,0,0,0,0,1.0,1.0,1.0,0.0,0.0,0.25,4,0,0
4550,49,13,36,15,9,3,22,18,9,1,8,0,0,0,0,0,0,0,0,0,0,0,0,1.0,1.0,1.0,0.0,0.0,0.0,4,0,0
4551,48,13,35,15,8,3,22,18,9,1,8,0,0,0,0,0,0,0,0,0,1,0,1,0.9583333333333334,1.0,1.0,0.0,0.0,0.0,4,0,1
4552,48,13,35,15,8,3,22,18,9,1,8,0,0,0,0,0,0,0,0,0,0,0,0,1.0,1.0,1.0,0.0,0.0,0.0,4,0,0
4553,48,13,35,15,8,3,22,18,9,1,8,0,0,0,0,0,0,0,0,0,0,0,0,1.0,1.0,1.0,0.0,0.0,0.0,4,0,0
4554,48,13,35,15,8,3,22,18,9,1,8,0,0,0,0,0,0,0,0,0,0,0,0,1.0,1.0,1.0,0.0,0.0,0.0,4,0,0
4555,48,13,35,15,8,3,22,18,9,1,8,0,0,0,0,0,0,0,0,0,0,0,0,1.0,1.0,1.0,0.0,0.0,0.0,4,0,0
4556,48,13,35,15,8,3,22,18,9,1,8,0,0,0,0,0,0,0,0,0,0,0,0,1.0,1.0,1.0,0.0,0.0,0.0,4,0,0
4557,48,13,35,15,8,3,22,18,9,1,8,0,0,0,0,0,0,0,0,0,0,0,0,1.0,1.0,1.0,0.0,0.0,0.0,4,0,0
4558,48,13,35,15,8,3,22,18,9,1,8,0,0,0,0,0,0,0,0,0,0,0,0,1.0,1.0,1.0,0.0,0.0,0.0,4,0,0
4559,48,13,35,15,8,3,22,18,9,1,8,0,0,0,0,0,0,0,0,0,0,0,0,1.0,1.0,1.0,0.0,0.0,0.0,4,0,0
4560,47,13,34,14,8,3,22,18,9,1,8,0,0,0,0,0,0,0,0,0,1,0,1,0.9565217391304348,1.0,1.0,0.0,0.0,0.0,4,0,1
4561,46,13,33,14,7,3,22,18,9,1,8,0,0,0,0,0,0,0,0,0,1,0,1,0.9545454545454546,1.0,1.0,0.0,0.0,0.0,4,0,1
4562,46,13,33,14,7,3,22,18,9,1,8,0,0,0,0,0,0,0,0,0,0,0,0,1.0,1.0,1.0,0.0,0.0,0.0,4,0,0
4563,46,13,33,14,7,3,22,18,9,1,8,0,0,0,0,0,0,0,0,0,0,0,0,1.0,1.0,1.0,0.0,0.0,0.0,4,0,0
4564,46,13,33,14,7,3,22,18,9,1,8,0,0,0,0,0,0,0,0,0,0,0,0,1.0,1.0,1.0,0.0,0.0,0.0,4,0,0
4565,46,13,33,10,11,3,22,18,9,1,8,0,0,0,0,0,0,0,0,0,0,0,0,1.0,1.0,1.0,0.0,0.0,0.0,4,0,0
4566,46,13,33,7,14,3,22,18,9,1,8,0,0,0,0,0,0,0,0,0,0,0,0,1.0,1.0,1.0,0.0,0.0,0.0,4,0,0
4567,46,13,33,5,16,3,22,18,9,1,6,0,0,0,0,0,0,0,0,0,0,0,0,1.0,1.0,1.0,0.0,0.0,0.0,4,0,0
4568,46,13,33,5,16,3,22,18,9,2,4,0,0,0,0,0,5,0,1,0,0,0,0,1.0,1.0,1.0,0.0,0.0,0.0,4,0,0
4569,45,12,33,5,15,3,22,18,10,2,2,0,0,0,0,0,10,1,0,0,1,0,1,0.9523809523809523,1.0,1.0,0.0,0.0,0.1,4,0,1
4570,45,12,33,2,18,3,22,18,13,2,2,0,0,0,0,0,17,3,0,0,0,0,0,1.0,1.0,1.0,0.0,0.0,0.17647058823529413,4,0,0
4571,45,12,33,2,18,3,22,18,13,2,2,0,0,0,0,0,1,0,0,0,0,0,0,1.0,1.0,1.0,0.0,0.0,0.0,4,0,0
4572,45,12,33,2,18,3,22,18,14,2,1,0,0,0,0,0,4,1,0,0,0,0,0,1.0,1.0,1.0,0.0,0.0,0.25,4,0,0
4573,45,12,33,2,18,3,22,18,14,2,1,0,0,0,0,0,2,0,0,0,0,0,0,1.0,1.0,1.0,0.0,0.0,0.0,4,0,0
4574,44,11,33,2,17,3,22,18,15,1,1,0,0,0,0,0,6,1,0,0,1,0,1,0.95,1.0,1.0,0.0,0.0,0.16666666666666666,4,0,1
4575,44,11,33,2,17,3,22,18,16,1,1,0,0,0,0,0,3,1,0,0,0,0,0,1.0,1.0,1.0,0.0,0.0,0.3333333333333333,4,0,0
4576,44,11,33,2,17,3,22,18,16,1,1,0,0,0,0,0,0,0,0,0,0,0,0,1.0,1.0,1.0,0.0,0.0,0.0,4,0,0
4577,44,11,33,2,17,3,22,18,16,1,1,0,0,0,0,0,0,0,0,0,0,0,0,1.0,1.0,1.0,0.0,0.0,0.0,4,0,0
4578,44,11,33,2,17,3,22,18,16,1,1,0,0,0,0,0,0,0,0,0,0,0,0,1.0,1.0,1.0,0.0,0.0,0.0,4,0,0
4579,43,11,32,2,17,3,21,17,15,1,1,0,0,0,0,0,0,0,0,0,0,0,0,1.0,1.0,0.9444444444444444,0.0,0.0,0.0,4,0,1
4580,43,11,32,0,19,3,21,17,15,1,1,0,0,0,0,0,0,0,0,0,0,0,0,1.0,1.0,1.0,0.0,0.0,0.0,4,0,0
4581,43,11,32,0,19,3,21,17,15,1,1,0,0,0,0,0,0,0,0,0,0,0,0,1.0,1.0,1.0,0.0,0.0,0.0,4,0,0
4582,43,11,32,0,19,3,21,17,15,1,0,0,0,0,0,0,0,0,0,0,0,0,0,1.0,1.0,1.0,0.0,0.0,0.0,4,0,0
4583,42,11,31,0,18,3,21,17,16,1,0,0,0,0,0,0,4,1,0,0,1,0,1,0.9473684210526316,1.0,1.0,0.0,0.0,0.25,4,0,1
4584,42,11,31,0,18,3,21,17,16,1,0,0,0,0,0,0,0,0,0,0,0,0,0,1.0,1.0,1.0,0.0,0.0,0.0,4,0,0
4585,42,11,31,0,18,3,21,17,16,1,0,0,0,0,0,0,0,0,0,0,0,0,0,1.0,1.0,1.0,0.0,0.0,0.0,4,0,0
4586,53,15,38,11,18,3,21,17,13,1,3,0,0,0,0,0,0,0,0,3,0,0,0,1.0,1.0,1.0,0.2619047619047619,0.2619047619047619,0.0,4,11,0
4587,53,15,38,11,18,3,21,17,13,1,3,0,0,0,0,0,0,0,0,0,0,0,0,1.0,1.0,1.0,0.0,0.0,0.0,4,0,0
4588,53,15,38,11,18,3,21,17,13,1,3,0,0,0,0,0,0,0,0,0,0,0,0,1.0,1.0,1.0,0.0,0.0,0.0,4,0,0
4589,53,15,38,11,18,3,21,17,13,1,3,0,0,0,0,0,0,0,0,0,0,0,0,1.0,1.0,1.0,0.0,0.0,0.0,4,0,0
4590,53,15,38,11,18,3,21,17,13,1,3,0,0,0,0,0,0,0,0,0,0,0,0,1.0,1.0,1.0,0.0,0.0,0.0,4,0,0
4591,53,15,38,11,18,3,21,17,13,1,3,0,0,0,0,0,0,0,0,0,0,0,0,1.0,1.0,1.0,0.0,0.0,0.0,4,0,0
4592,53,15,38,11,18,3,21,17,13,1,3,0,0,0,0,0,0,0,0,0,0,0,0,1.0,1.0,1.0,0.0,0.0,0.0,4,0,0
4593,52,15,37,10,18,3,21,17,13,1,3,0,0,0,0,0,0,0,0,0,1,0,1,0.9655172413793104,1.0,1.0,0.0,0.0,0.0,4,0,1
4594,52,15,37,10,18,3,21,17,13,1,3,0,0,0,0,0,0,0,0,0,0,0,0,1.0,1.0,1.0,0.0,0.0,0.0,4,0,0
4595,52,15,37,10,18,3,21,17,13,1,3,0,0,0,0,0,0,0,0,0,0,0,0,1.0,1.0,1.0,0.0,0.0,0.0,4,0,0
4596,52,15,37,10,18,3,21,17,13,1,3,0,0,0,0,0,0,0,0,0,0,0,0,1.0,1.0,1.0,0.0,0.0,0.0,4,0,0
4597,52,15,37,10,18,3,21,17,13,1,3,0,0,0,0,0,0,0,0,0,0,0,0,1.0,1.0,1.0,0.0,0.0,0.0,4,0,0
4598,51,14,37,10,18,3,20,17,13,1,3,0,0,0,0,0,0,0,0,0,0,0,0,1.0,0.75,1.0,0.0,0.0,0.0,4,0,1
4599,55,15,40,14,18,3,20,17,12,1,4,0,0,0,0,0,0,0,0,1,0,0,0,1.0,1.0,1.0,0.0784313725490196,0.0784313725490196,0.0,4,4,0
4600,55,15,40,14,18,3,20,17,12,1,4,0,0,0,0,0,0,0,0,0,0,0,0,1.0,1.0,1.0,0.0,0.0,0.0,4,0,0
4601,58,16,42,17,18,3,20,17,11,1,5,0,0,0,0,0,0,0,0,1,0,0,0,1.0,1.0,1.0,0.05454545454545454,0.05454545454545454,0.0,4,3,0
4602,64,19,45,24,17,3,20,17,9,1,7,0,0,0,0,0,0,0,0,2,1,0,1,0.9714285714285714,1.0,1.0,0.1206896551724138,0.1206896551724138,0.0,4,7,1
4603,63,19,44,23,17,3,20,17,9,1,7,0,0,0,0,0,0,0,0,0,1,0,1,0.975609756097561,1.0,1.0,0.0,0.0,0.0,4,0,1
4604,61,18,43,22,16,3,20,17,9,1,7,0,0,0,0,0,0,0,0,0,2,0,2,0.95,1.0,1.0,0.0,0.0,0.0,4,0,2
4605,60,18,42,21,16,3,20,17,9,1,7,0,0,0,0,0,0,0,0,0,1,0,1,0.9736842105263158,1.0,1.0,0.0,0.0,0.0,4,0,1
4606,58,17,41,19,16,3,20,17,9,1,7,0,0,0,0,0,0,0,0,0,2,0,2,0.9459459459459459,1.0,1.0,0.0,0.0,0.0,4,0,2
4607,56,16,40,17,16,3,20,17,9,1,7,0,0,0,0,0,0,0,0,0,2,0,2,0.9428571428571428,1.0,1.0,0.0,0.0,0.0,4,0,2
4608,56,16,40,17,16,3,20,17,9,1,7,0,0,0,0,0,0,0,0,0,0,0,0,1.0,1.0,1.0,0.0,0.0,0.0,4,0,0
4609,55,16,39,17,15,3,20,17,9,1,7,0,0,0,0,0,0,0,0,0,1,0,1,0.9696969696969697,1.0,1.0,0.0,0.0,0.0,4,0,1
4610,55,16,39,17,15,3,20,17,9,1,7,0,0,0,0,0,0,0,0,0,0,0,0,1.0,1.0,1.0,0.0,0.0,0.0,4,0,0
4611,55,16,39,17,15,3,20,17,9,1,7,0,0,0,0,0,0,0,0,0,0,0,0,1.0,1.0,1.0,0.0,0.0,0.0,4,0,0
4612,55,16,39,17,15,3,20,17,9,1,7,0,0,0,0,0,0,0,0,0,0,0,0,1.0,1.0,1.0,0.0,0.0,0.0,4,0,0
4613,55,16,39,17,15,3,20,17,9,0,7,0,0,0,0,0,0,0,0,0,0,0,0,1.0,1.0,1.0,0.0,0.0,0.0,4,0,0
4614,59,18,41,21,15,3,20,17,9,0,8,0,0,0,0,0,6,1,0,1,0,0,0,1.0,1.0,1.0,0.07272727272727272,0.07272727272727272,0.16666666666666666,4,4,0
4615,58,18,40,21,14,3,20,17,9,0,8,0,0,0,0,0,0,0,0,0,1,0,1,0.9722222222222222,1.0,1.0,0.0,0.0,0.0,4,0,1
4616,56,17,39,19,14,3,20,17,9,0,8,0,0,0,0,0,0,0,0,0,2,0,2,0.9428571428571428,1.0,1.0,0.0,0.0,0.0,4,0,2
4617,55,16,39,18,14,3,20,17,9,0,8,0,0,0,0,0,0,0,0,0,1,0,1,0.9696969696969697,1.0,1.0,0.0,0.0,0.0,4,0,1
4618,54,16,38,18,13,3,20,17,9,0,8,0,0,0,0,0,0,0,0,0,1,0,1,0.96875,1.0,1.0,0.0,0.0,0.0,4,0,1
4619,53,16,37,17,13,3,20,17,9,0,8,0,0,0,0,0,0,0,0,0,1,0,1,0.967741935483871,1.0,1.0,0.0,0.0,0.0,4,0,1
4620,53,16,37,17,13,3,20,17,9,0,8,0,0,0,0,0,0,0,0,0,0,0,0,1.0,1.0,1.0,0.0,0.0,0.0,4,0,0
4621,52,16,36,17,12,3,20,17,9,0,8,0,0,0,0,0,0,0,0,0,1,0,1,0.9666666666666667,1.0,1.0,0.0,0.0,0.0,4,0,1
4622,52,16,36,17,12,3,20,17,9,0,8,0,0,0,0,0,0,0,0,0,0,0,0,1.0,1.0,1.0,0.0,0.0,0.0,4,0,0
4623,52,16,36,17,12,2,21,18,9,0,8,0,0,0,0,0,0,0,0,0,0,0,0,1.0,1.0,1.0,0.0,0.0,0.0,4,0,0
4624,52,16,36,17,12,2,21,18,9,0,8,0,0,0,0,0,0,0,0,0,0,0,0,1.0,1.0,1.0,0.0,0.0,0.0,4,0,0
4625,52,16,36,17,12,2,21,18,9,0,8,0,0,0,0,0,0,0,0,0,0,0,0,1.0,1.0,1.0,0.0,0.0,0.0,4,0,0
4626,52,16,36,17,12,2,21,18,9,0,8,0,0,0,0,0,0,0,0,0,0,0,0,1.0,1.0,1.0,0.0,0.0,0.0,4,0,0
4627,52,16,36,17,12,2,21,18,9,0,8,0,0,0,0,0,0,0,0,0,0,0,0,1.0,1.0,1.0,0.0,0.0,0.0,4,0,0
4628,52,16,36,17,12,2,21,18,9,0,8,0,0,0,0,0,0,0,0,0,0,0,0,1.0,1.0,1.0,0.0,0.0,0.0,4,0,0
4629,52,16,36,13,16,2,21,18,9,0,8,0,0,0,0,0,0,0,0,0,0,0,0,1.0,1.0,1.0,0.0,0.0,0.0,4,0,0
4630,52,16,36,13,16,2,21,18,9,0,8,0,0,0,0,0,0,0,0,0,0,0,0,1.0,1.0,1.0,0.0,0.0,0.0,4,0,0
4631,52,16,36,13,16,2,21,18,9,0,5,0,0,0,0,0,1,0,0,0,0,0,0,1.0,1.0,1.0,0.0,0.0,0.0,4,0,0
4632,52,16,36,13,16,2,21,18,11,0,5,0,0,0,0,0,10,2,0,0,0,0,0,1.0,1.0,1.0,0.0,0.0,0.2,4,0,0
4633,51,15,36,13,15,2,21,18,12,0,5,0,0,0,0,0,5,1,0,0,1,0,1,0.9655172413793104,1.0,1.0,0.0,0.0,0.2,4,0,1
4634,54,16,38,16,15,2,21,18,12,0,6,0,0,0,0,0,8,1,0,1,0,0,0,1.0,1.0,1.0,0.058823529411764705,0.058823529411764705,0.125,4,3,0
4635,64,25,39,26,15,2,21,18,9,0,9,0,0,0,0,0,0,0,0,3,1,0,1,0.967741935483871,1.0,1.0,0.2037037037037037,0.2037037037037037,0.0,4,11,1
4636,61,24,37,25,13,2,21,18,9,0,9,0,0,0,0,0,0,0,0,0,3,0,3,0.926829268292683,1.0,1.0,0.0,0.0,0.0,4,0,3
4637,64,26,38,28,13,2,21,18,8,0,10,0,0,0,0,0,0,0,0,1,1,0,1,0.9736842105263158,1.0,1.0,0.06557377049180328,0.06557377049180328,0.0,4,4,1
4638,63,25,38,27,13,2,21,18,8,0,10,0,0,0,0,0,0,0,0,0,1,0,1,0.975609756097561,1.0,1.0,0.0,0.0,0.0,4,0,1
4639,67,28,39,31,13,2,21,18,7,0,11,0,0,0,0,0,0,0,0,1,0,0,0,1.0,1.0,1.0,0.06349206349206349,0.06349206349206349,0.0,4,4,0
4640,66,28,38,32,12,2,20,17,6,0,11,0,0,0,0,0,0,0,0,1,3,0,3,0.9318181818181819,1.0,0.9444444444444444,0.04477611940298507,0.04477611940298507,0.0,4,3,4
4641,64,27,37,30,12,2,20,17,6,0,11,0,0,0,0,0,0,0,0,0,2,0,2,0.9545454545454546,1.0,1.0,0.0,0.0,0.0,4,0,2
4642,64,27,37,28,14,2,20,17,6,0,11,0,0,0,0,0,0,0,0,0,0,0,0,1.0,1.0,1.0,0.0,0.0,0.0,4,0,0
4643,62,25,37,26,14,2,20,17,6,0,11,0,0,0,0,0,0,0,0,0,2,0,2,0.9523809523809523,1.0,1.0,0.0,0.0,0.0,4,0,2
4644,61,25,36,24,15,2,20,17,6,0,10,0,0,0,0,0,0,0,0,0,1,0,1,0.975,1.0,1.0,0.0,0.0,0.0,4,0,1
4645,60,24,36,20,18,2,20,17,7,0,10,0,0,0,0,0,4,1,0,0,1,0,1,0.9743589743589743,1.0,1.0,0.0,0.0,0.25,4,0,1
4646,60,24,36,20,18,2,20,17,7,0,9,0,0,0,0,0,0,0,0,0,0,0,0,1.0,1.0,1.0,0.0,0.0,0.0,4,0,0
4647,60,24,36,20,18,2,20,17,7,0,7,0,0,0,0,0,1,0,0,0,0,0,0,1.0,1.0,1.0,0.0,0.0,0.0,4,0,0
4648,64,25,39,24,18,2,20,17,8,0,8,0,0,0,0,0,10,2,0,1,0,0,0,1.0,1.0,1.0,0.06666666666666667,0.06666666666666667,0.2,4,4,0
4649,63,25,38,23,18,2,20,17,8,0,8,0,0,0,0,0,4,0,0,0,1,0,1,0.9761904761904762,1.0,1.0,0.0,0.0,0.0,4,0,1
4650,62,24,38,22,18,2,20,17,9,0,8,0,0,0,0,0,5,1,0,0,1,0,1,0.975609756097561,1.0,1.0,0.0,0.0,0.2,4,0,1
4651,61,23,38,21,18,2,20,17,9,0,8,0,0,0,0,0,0,0,0,0,1,0,1,0.975,1.0,1.0,0.0,0.0,0.0,4,0,1
4652,60,23,37,20,18,2,20,17,9,0,8,0,0,0,0,0,0,0,0,0,1,0,1,0.9743589743589743,1.0,1.0,0.0,0.0,0.0,4,0,1
4653,59,23,36,19,18,2,20,17,9,0,8,0,0,0,0,0,0,0,0,0,1,0,1,0.9736842105263158,1.0,1.0,0.0,0.0,0.0,4,0,1
4654,59,23,36,19,18,2,20,17,9,0,8,0,0,0,0,0,0,0,0,0,0,0,0,1.0,1.0,1.0,0.0,0.0,0.0,4,0,0
4655,57,23,34,17,18,1,21,18,9,0,8,0,0,0,0,0,0,0,0,0,2,0,2,0.9459459459459459,1.0,1.0,0.0,0.0,0.0,4,0,2
4656,55,21,34,16,17,1,21,18,9,0,8,0,0,0,0,0,0,0,0,0,2,0,2,0.9428571428571428,1.0,1.0,0.0,0.0,0.0,4,0,2
4657,54,20,34,14,18,1,21,18,9,0,8,0,0,0,0,0,1,0,0,0,1,0,1,0.9696969696969697,1.0,1.0,0.0,0.0,0.0,4,0,1
4658,54,20,34,14,18,1,21,18,10,0,8,0,0,0,0,0,6,1,0,0,0,0,0,1.0,1.0,1.0,0.0,0.0,0.16666666666666666,4,0,0
4659,53,19,34,13,18,1,21,18,10,0,7,0,0,0,0,0,0,0,0,0,1,0,1,0.96875,1.0,1.0,0.0,0.0,0.0,4,0,1
4660,52,18,34,12,18,1,21,18,11,0,7,0,0,0,0,0,2,1,0,0,1,0,1,0.967741935483871,1.0,1.0,0.0,0.0,0.5,4,0,1
4661,52,18,34,12,18,1,21,18,11,0,7,0,0,0,0,0,0,0,0,0,0,0,0,1.0,1.0,1.0,0.0,0.0,0.0,4,0,0
4662,52,18,34,12,18,1,21,18,11,0,7,0,0,0,0,0,0,0,0,0,0,0,0,1.0,1.0,1.0,0.0,0.0,0.0,4,0,0
4663,52,18,34,12,18,1,21,18,11,0,7,0,0,0,0,0,0,0,0,0,0,0,0,1.0,1.0,1.0,0.0,0.0,0.0,4,0,0
4664,52,18,34,12,18,1,21,18,11,0,7,0,0,0,0,0,0,0,0,0,0,0,0,1.0,1.0,1.0,0.0,0.0,0.0,4,0,0
4665,51,17,34,12,17,1,21,18,11,0,7,0,0,0,0,0,0,0,0,0,1,0,1,0.9666666666666667,1.0,1.0,0.0,0.0,0.0,4,0,1
4666,51,17,34,12,17,1,21,18,11,0,7,0,0,0,0,0,0,0,0,0,0,0,0,1.0,1.0,1.0,0.0,0.0,0.0,4,0,0
4667,51,17,34,12,17,1,21,18,11,0,7,0,0,0,0,0,0,0,0,0,0,0,0,1.0,1.0,1.0,0.0,0.0,0.0,4,0,0
4668,50,16,34,12,16,1,21,18,11,0,7,0,0,0,0,0,0,0,0,0,1,0,1,0.9655172413793104,1.0,1.0,0.0,0.0,0.0,4,0,1
4669,50,16,34,12,16,1,21,18,11,0,7,0,0,0,0,0,0,0,0,0,0,0,0,1.0,1.0,1.0,0.0,0.0,0.0,4,0,0
4670,49,15,34,11,16,1,21,18,11,0,7,0,0,0,0,0,0,0,0,0,1,0,1,0.9642857142857143,1.0,1.0,0.0,0.0,0.0,4,0,1
4671,49,15,34,11,16,1,21,18,11,0,7,0,0,0,0,0,0,0,0,0,0,2,0,1.0,1.0,1.0,0.0,0.0,0.0,4,0,0
4672,49,15,34,11,16,1,21,18,11,0,7,0,0,0,0,0,0,0,0,0,0,0,0,1.0,1.0,1.0,0.0,0.0,0.0,4,0,0
4673,49,15,34,11,16,1,21,18,11,0,7,0,0,0,0,0,0,0,0,0,0,0,0,1.0,1.0,1.0,0.0,0.0,0.0,4,0,0
4674,49,15,34,11,16,1,21,18,11,0,7,0,0,0,0,0,0,0,0,0,0,0,0,1.0,1.0,1.0,0.0,0.0,0.0,4,0,0
4675,49,15,34,11,14,3,21,18,11,0,7,0,0,0,0,0,0,0,0,0,0,0,0,1.0,1.0,1.0,0.0,0.0,0.0,4,0,0
4676,49,15,34,11,14,3,21,18,11,0,7,0,0,0,0,0,0,0,0,0,0,0,0,1.0,1.0,1.0,0.0,0.0,0.0,4,0,0
4677,49,15,34,9,16,3,21,18,11,0,7,0,0,0,0,0,0,0,0,0,0,0,0,1.0,1.0,1.0,0.0,0.0,0.0,4,0,0
4678,48,15,33,4,21,3,20,17,10,0,7,0,0,0,0,0,0,0,0,0,0,0,0,1.0,1.0,0.9444444444444444,0.0,0.0,0.0,4,0,1
4679,51,18,33,7,21,3,20,17,9,0,7,0,0,0,0,0,0,0,0,1,0,0,0,1.0,1.0,1.0,0.0625,0.0625,0.0,4,3,0
4680,51,18,33,6,22,3,20,17,10,0,5,0,0,0,0,0,7,1,0,0,0,0,0,1.0,1.0,1.0,0.0,0.0,0.14285714285714285,4,0,0
4681,51,18,33,6,22,3,20,17,10,0,5,0,0,0,0,0,7,1,0,0,0,0,0,1.0,1.0,1.0,0.0,0.0,0.14285714285714285,4,0,0
4682,51,18,33,5,23,3,20,17,10,0,4,0,0,0,0,0,7,1,0,0,0,0,0,1.0,1.0,1.0,0.0,0.0,0.14285714285714285,4,0,0
4683,50,18,32,3,24,3,20,17,10,0,4,0,0,0,0,0,7,1,0,0,1,0,1,0.9642857142857143,1.0,1.0,0.0,0.0,0.14285714285714285,4,0,1
4684,50,18,32,3,24,3,20,17,10,0,3,0,0,0,0,0,7,1,0,0,0,0,0,1.0,1.0,1.0,0.0,0.0,0.14285714285714285,4,0,0
4685,50,18,32,3,24,3,20,17,10,0,2,0,0,0,0,0,7,1,0,0,0,0,0,1.0,1.0,1.0,0.0,0.0,0.14285714285714285,4,0,0
4686,49,17,32,3,23,3,20,17,10,0,2,0,0,0,0,0,7,1,0,0,1,0,1,0.962962962962963,1.0,1.0,0.0,0.0,0.14285714285714285,4,0,1
4687,49,17,32,3,23,3,20,17,10,0,2,0,0,0,0,0,7,1,0,0,0,0,0,1.0,1.0,1.0,0.0,0.0,0.14285714285714285,4,0,0
4688,48,17,31,3,23,3,19,16,10,0,2,0,0,0,0,0,7,1,0,0,0,0,0,1.0,1.0,0.9411764705882353,0.0,0.0,0.14285714285714285,4,0,1
4689,48,17,31,3,23,3,19,16,10,0,2,0,0,0,0,0,7,1,0,0,0,0,0,1.0,1.0,1.0,0.0,0.0,0.14285714285714285,4,0,0
4690,48,17,31,3,23,3,19,16,10,0,2,0,0,0,0,0,7,1,0,0,0,0,0,1.0,1.0,1.0,0.0,0.0,0.14285714285714285,4,0,0
4691,48,17,31,3,23,3,19,16,10,0,2,0,0,0,0,0,7,1,0,0,0,0,0,1.0,1.0,1.0,0.0,0.0,0.14285714285714285,4,0,0
4692,48,17,31,3,23,3,19,16,10,0,2,0,0,0,0,0,7,1,0,0,0,0,0,1.0,1.0,1.0,0.0,0.0,0.14285714285714285,4,0,0
4693,48,17,31,3,23,3,19,16,10,0,1,0,0,0,0,0,7,1,0,0,0,0,0,1.0,1.0,1.0,0.0,0.0,0.14285714285714285,4,0,0
4694,46,17,29,3,22,3,18,15,10,0,1,0,0,0,0,0,7,1,0,0,1,0,1,0.9615384615384616,1.0,0.9375,0.0,0.0,0.14285714285714285,4,0,2
4695,46,17,29,3,22,3,18,15,10,0,1,0,0,0,0,0,7,1,0,0,0,0,0,1.0,1.0,1.0,0.0,0.0,0.14285714285714285,4,0,0
4696,46,17,29,3,22,3,18,15,10,0,1,0,0,0,0,0,7,1,0,0,0,0,0,1.0,1.0,1.0,0.0,0.0,0.14285714285714285,4,0,0
4697,53,19,34,10,22,3,18,15,8,0,3,0,0,0,0,0,7,1,0,2,0,0,0,1.0,1.0,1.0,0.15217391304347827,0.15217391304347827,0.14285714285714285,4,7,0
4698,53,19,34,10,22,3,18,15,8,0,3,0,0,0,0,0,7,1,0,0,0,0,0,1.0,1.0,1.0,0.0,0.0,0.14285714285714285,4,0,0
4699,56,22,34,14,21,3,18,15,7,0,4,0,0,0,0,0,7,1,0,1,1,0,1,0.96875,1.0,1.0,0.07547169811320754,0.07547169811320754,0.14285714285714285,4,4,1
4700,55,22,33,14,20,3,18,15,7,0,4,0,0,0,0,0,7,1,0,0,1,0,1,0.9714285714285714,1.0,1.0,0.0,0.0,0.14285714285714285,4,0,1
4701,55,22,33,14,20,3,18,15,7,0,4,0,0,0,0,0,7,1,0,0,0,0,0,1.0,1.0,1.0,0.0,0.0,0.14285714285714285,4,0,0
4702,53,21,32,13,19,3,18,15,7,0,4,0,0,0,0,0,7,1,0,0,2,0,2,0.9411764705882353,1.0,1.0,0.0,0.0,0.14285714285714285,4,0,2
4703,53,21,32,13,19,3,18,15,7,0,4,0,0,0,0,0,7,1,0,0,0,0,0,1.0,1.0,1.0,0.0,0.0,0.14285714285714285,4,0,0
4704,53,21,32,13,19,3,18,15,7,0,4,0,0,0,0,0,7,1,0,0,0,0,0,1.0,1.0,1.0,0.0,0.0,0.14285714285714285,4,0,0
4705,52,21,31,13,19,3,17,14,6,0,4,0,0,0,0,0,7,1,0,0,0,0,0,1.0,1.0,0.9333333333333333,0.0,0.0,0.14285714285714285,4,0,1
4706,49,19,30,12,18,3,16,14,6,0,4,0,0,0,0,0,7,1,0,0,2,0,2,0.9375,0.6666666666666667,1.0,0.0,0.0,0.14285714285714285,4,0,3
4707,49,19,30,12,18,3,16,14,6,0,4,0,0,0,0,0,7,1,0,0,0,1,0,1.0,1.0,1.0,0.0,0.0,0.14285714285714285,4,0,0
4708,49,19,30,12,18,3,16,14,6,0,4,0,0,0,0,0,7,1,0,0,0,0,0,1.0,1.0,1.0,0.0,0.0,0.14285714285714285,4,0,0
4709,48,18,30,12,17,3,16,14,6,0,4,0,0,0,0,0,7,1,0,0,0,0,0,0.9666666666666667,1.0,1.0,0.0,0.0,0.14285714285714285,4,0,1
4710,51,20,31,16,16,3,16,14,5,0,5,0,0,0,0,0,7,1,0,1,1,0,1,0.9655172413793104,1.0,1.0,0.08333333333333333,0.08333333333333333,0.14285714285714285,4,4,1
4711,51,20,31,16,16,2,17,15,5,0,5,0,0,0,0,0,7,1,0,0,0,0,0,1.0,1.0,1.0,0.0,0.0,0.14285714285714285,4,0,0
4712,50,19,31,16,15,2,17,15,5,0,5,0,0,0,0,0,7,1,0,0,1,0,1,0.96875,1.0,1.0,0.0,0.0,0.14285714285714285,4,0,1
4713,57,23,34,23,15,2,17,15,3,0,7,0,0,0,0,0,7,1,0,2,0,0,0,1.0,1.0,1.0,0.14,0.14,0.14285714285714285,4,7,0
4714,57,23,34,23,15,2,17,15,3,0,7,0,0,0,0,0,7,1,0,0,0,0,0,1.0,1.0,1.0,0.0,0.0,0.14285714285714285,4,0,0
4715,60,23,37,26,15,2,17,15,2,0,8,0,0,0,0,0,7,1,0,1,1,0,1,0.9736842105263158,1.0,1.0,0.07017543859649122,0.07017543859649122,0.14285714285714285,4,4,1
4716,59,22,37,25,15,2,17,15,2,0,8,0,0,0,0,0,7,1,0,0,1,0,1,0.975609756097561,1.0,1.0,0.0,0.0,0.14285714285714285,4,0,1
4717,58,22,36,25,14,2,17,15,2,0,8,0,0,0,0,0,7,1,0,0,1,0,1,0.975,1.0,1.0,0.0,0.0,0.14285714285714285,4,0,1
4718,57,21,36,24,14,2,17,15,2,0,8,0,0,0,0,0,7,1,0,0,1,0,1,0.9743589743589743,1.0,1.0,0.0,0.0,0.14285714285714285,4,0,1
4719,55,20,35,22,14,2,17,15,2,0,8,0,0,0,0,0,7,1,0,0,2,0,2,0.9473684210526316,1.0,1.0,0.0,0.0,0.14285714285714285,4,0,2
4720,53,19,34,22,12,2,17,15,2,0,8,0,0,0,0,0,7,1,0,0,2,0,2,0.9444444444444444,1.0,1.0,0.0,0.0,0.14285714285714285,4,0,2
4721,53,19,34,22,12,2,17,15,2,0,8,0,0,0,0,0,7,1,0,0,0,0,0,1.0,1.0,1.0,0.0,0.0,0.14285714285714285,4,0,0
4722,52,18,34,18,15,2,17,15,2,0,8,0,0,0,0,0,7,1,0,0,1,0,1,0.9705882352941176,1.0,1.0,0.0,0.0,0.14285714285714285,4,0,1
4723,52,18,34,18,15,2,17,15,2,0,8,0,0,0,0,0,7,1,0,0,0,0,0,1.0,1.0,1.0,0.0,0.0,0.14285714285714285,4,0,0
4724,52,18,34,18,15,2,17,15,2,0,7,0,0,0,0,0,7,1,0,0,0,0,0,1.0,1.0,1.0,0.0,0.0,0.14285714285714285,4,0,0
4725,56,20,36,22,15,2,17,15,1,0,8,0,0,0,0,0,7,1,0,1,0,0,0,1.0,1.0,1.0,0.07692307692307693,0.07692307692307693,0.14285714285714285,4,4,0
4726,56,20,36,22,15,2,17,15,1,0,8,0,0,0,0,0,7,1,0,0,0,0,0,1.0,1.0,1.0,0.0,0.0,0.14285714285714285,4,0,0
4727,55,20,35,22,14,2,17,15,1,0,8,0,0,0,0,0,7,1,0,0,1,0,1,0.972972972972973,1.0,1.0,0.0,0.0,0.14285714285714285,4,0,1
4728,55,20,35,22,14,2,17,15,1,0,8,0,0,0,0,0,7,1,0,0,0,0,0,1.0,1.0,1.0,0.0,0.0,0.14285714285714285,4,0,0
4729,55,20,35,22,14,2,17,15,1,0,8,0,0,0,0,0,7,1,0,0,0,0,0,1.0,1.0,1.0,0.0,0.0,0.14285714285714285,4,0,0
4730,53,19,34,20,14,2,17,15,1,0,8,0,0,0,0,0,7,1,0,0,2,0,2,0.9444444444444444,1.0,1.0,0.0,0.0,0.14285714285714285,4,0,2
4731,53,19,34,20,14,2,17,15,1,0,8,0,0,0,0,0,7,1,0,0,0,0,0,1.0,1.0,1.0,0.0,0.0,0.14285714285714285,4,0,0
4732,52,18,34,20,13,2,17,15,1,0,8,0,0,0,0,0,7,1,0,0,1,0,1,0.9705882352941176,1.0,1.0,0.0,0.0,0.14285714285714285,4,0,1
4733,51,17,34,19,13,2,17,15,1,0,8,0,0,0,0,0,7,1,0,0,1,0,1,0.9696969696969697,1.0,1.0,0.0,0.0,0.14285714285714285,4,0,1
4734,51,17,34,19,13,2,17,15,1,0,8,0,0,0,0,0,7,1,0,0,0,0,0,1.0,1.0,1.0,0.0,0.0,0.14285714285714285,4,0,0
4735,51,17,34,19,13,2,17,15,1,0,8,0,0,0,0,0,7,1,0,0,0,0,0,1.0,1.0,1.0,0.0,0.0,0.14285714285714285,4,0,0
4736,50,17,33,19,12,2,17,15,1,0,8,0,0,0,0,0,7,1,0,0,1,0,1,0.96875,1.0,1.0,0.0,0.0,0.14285714285714285,4,0,1
4737,50,17,33,19,12,2,17,15,1,0,8,0,0,0,0,0,7,1,0,0,0,0,0,1.0,1.0,1.0,0.0,0.0,0.14285714285714285,4,0,0
4738,50,17,33,19,12,2,17,15,1,0,8,0,0,0,0,0,7,1,0,0,0,0,0,1.0,1.0,1.0,0.0,0.0,0.14285714285714285,4,0,0
4739,50,17,33,19,12,2,17,15,1,0,8,0,0,0,0,0,7,1,0,0,0,0,0,1.0,1.0,1.0,0.0,0.0,0.14285714285714285,4,0,0
4740,50,17,33,16,15,2,17,15,1,0,8,0,0,0,0,0,7,1,0,0,0,0,0,1.0,1.0,1.0,0.0,0.0,0.14285714285714285,4,0,0
4741,50,17,33,16,15,2,17,15,1,0,8,0,0,0,0,0,7,1,0,0,0,0,0,1.0,1.0,1.0,0.0,0.0,0.14285714285714285,4,0,0
4742,50,17,33,15,16,2,17,15,1,0,6,0,0,0,0,0,7,1,0,0,0,0,0,1.0,1.0,1.0,0.0,0.0,0.14285714285714285,4,0,0
4743,50,17,33,15,16,2,17,15,1,0,6,0,0,0,0,0,7,1,0,0,0,0,0,1.0,1.0,1.0,0.0,0.0,0.14285714285714285,4,0,0
4744,50,17,33,15,16,2,17,15,1,0,5,0,0,0,0,0,7,1,0,0,0,0,0,1.0,1.0,1.0,0.0,0.0,0.14285714285714285,4,0,0
4745,53,19,34,18,16,2,17,15,0,0,6,0,0,0,0,0,7,1,0,1,0,0,0,1.0,1.0,1.0,0.06,0.06,0.14285714285714285,4,3,0
4746,53,19,34,18,16,2,17,15,0,0,6,0,0,0,0,0,7,1,0,0,0,0,0,1.0,1.0,1.0,0.0,0.0,0.14285714285714285,4,0,0
4747,52,19,33,17,16,2,17,15,0,0,6,0,0,0,0,0,7,1,0,0,1,0,1,0.9705882352941176,1.0,1.0,0.0,0.0,0.14285714285714285,4,0,1
4748,52,19,33,17,16,2,17,15,0,0,6,0,0,0,0,0,7,1,0,0,0,0,0,1.0,1.0,1.0,0.0,0.0,0.14285714285714285,4,0,0
4749,52,19,33,17,16,2,17,15,0,0,6,0,0,0,0,0,7,1,0,0,0,0,0,1.0,1.0,1.0,0.0,0.0,0.14285714285714285,4,0,0
4750,52,19,33,17,16,2,17,15,0,0,6,0,0,0,0,0,7,1,0,0,0,0,0,1.0,1.0,1.0,0.0,0.0,0.14285714285714285,4,0,0
4751,52,19,33,17,16,2,17,15,0,0,6,0,0,0,0,0,7,1,0,0,0,0,0,1.0,1.0,1.0,0.0,0.0,0.14285714285714285,4,0,0
4752,52,19,33,17,16,2,17,15,0,0,6,0,0,0,0,0,7,1,0,0,0,0,0,1.0,1.0,1.0,0.0,0.0,0.14285714285714285,4,0,0
4753,52,19,33,15,18,2,17,15,0,0,6,0,0,0,0,0,7,1,0,0,0,0,0,1.0,1.0,1.0,0.0,0.0,0.14285714285714285,4,0,0
4754,52,19,33,15,18,2,17,15,0,0,6,0,0,0,0,0,7,1,0,0,0,0,0,1.0,1.0,1.0,0.0,0.0,0.14285714285714285,4,0,0
4755,52,19,33,15,18,2,17,15,0,0,5,0,0,0,0,0,7,1,0,0,0,0,0,1.0,1.0,1.0,0.0,0.0,0.14285714285714285,4,0,0
4756,52,19,33,10,23,2,17,15,0,0,5,0,0,0,0,0,7,1,0,0,0,0,0,1.0,1.0,1.0,0.0,0.0,0.14285714285714285,4,0,0
4757,52,19,33,10,23,2,17,15,0,0,5,0,0,0,0,0,7,1,0,0,0,0,0,1.0,1.0,1.0,0.0,0.0,0.14285714285714285,4,0,0
4758,52,19,33,6,27,2,17,15,0,0,3,0,0,0,0,0,7,1,0,0,0,0,0,1.0,1.0,1.0,0.0,0.0,0.14285714285714285,4,0,0
4759,51,19,32,6,26,2,17,15,0,0,3,0,0,0,0,0,7,1,0,0,1,0,1,0.9696969696969697,1.0,1.0,0.0,0.0,0.14285714285714285,4,0,1
4760,51,19,32,6,26,2,17,15,0,0,2,0,0,0,0,0,7,1,0,0,0,0,0,1.0,1.0,1.0,0.0,0.0,0.14285714285714285,4,0,0
4761,51,19,32,6,26,2,17,15,0,0,2,0,0,0,0,0,7,1,0,0,0,0,0,1.0,1.0,1.0,0.0,0.0,0.14285714285714285,4,0,0
4762,51,19,32,6,26,2,17,15,0,0,2,0,0,0,0,0,7,1,0,0,0,0,0,1.0,1.0,1.0,0.0,0.0,0.14285714285714285,4,0,0
4763,50,18,32,5,26,2,17,15,0,0,2,0,0,0,0,0,7,1,0,0,1,0,1,0.96875,1.0,1.0,0.0,0.0,0.14285714285714285,4,0,1
4764,50,18,32,5,26,2,17,15,0,0,2,0,0,0,0,0,7,1,0,0,0,0,0,1.0,1.0,1.0,0.0,0.0,0.14285714285714285,4,0,0
4765,49,18,31,5,26,2,16,14,0,0,2,0,0,0,0,0,7,1,0,0,0,0,0,1.0,1.0,0.9333333333333333,0.0,0.0,0.14285714285714285,4,0,1
4766,49,18,31,5,26,2,16,14,0,0,2,0,0,0,0,0,7,1,0,0,0,1,0,1.0,1.0,1.0,0.0,0.0,0.14285714285714285,4,0,0
4767,48,18,30,4,26,2,16,14,0,0,2,0,0,0,0,0,7,1,0,0,1,0,1,0.967741935483871,1.0,1.0,0.0,0.0,0.14285714285714285,4,0,1
4768,48,18,30,1,29,2,16,14,0,0,2,0,0,0,0,0,7,1,0,0,0,0,0,1.0,1.0,1.0,0.0,0.0,0.14285714285714285,4,0,0
4769,48,18,30,1,29,2,16,14,0,0,2,0,0,0,0,0,7,1,0,0,0,0,0,1.0,1.0,1.0,0.0,0.0,0.14285714285714285,4,0,0
4770,48,18,30,1,28,3,16,14,0,0,1,0,0,0,0,0,7,1,0,0,0,0,0,1.0,1.0,1.0,0.0,0.0,0.14285714285714285,4,0,0
4771,48,18,30,1,28,3,16,14,0,0,1,0,0,0,0,0,7,1,0,0,0,0,0,1.0,1.0,1.0,0.0,0.0,0.14285714285714285,4,0,0
4772,48,18,30,1,28,3,16,14,0,0,1,0,0,0,0,0,7,1,0,0,0,0,0,1.0,1.0,1.0,0.0,0.0,0.14285714285714285,4,0,0
4773,48,18,30,1,28,3,16,14,0,0,1,0,0,0,0,0,7,1,0,0,0,0,0,1.0,1.0,1.0,0.0,0.0,0.14285714285714285,4,0,0
4774,48,18,30,1,28,3,16,14,0,0,1,0,0,0,0,0,7,1,0,0,0,0,0,1.0,1.0,1.0,0.0,0.0,0.14285714285714285,4,0,0
4775,48,18,30,1,28,3,16,14,0,0,1,0,0,0,0,0,7,0,0,0,0,0,0,1.0,1.0,1.0,0.0,0.0,0.0,4,0,0
4776,48,18,30,1,28,3,16,14,1,0,1,0,0,0,0,0,13,1,0,0,0,0,0,1.0,1.0,1.0,0.0,0.0,0.07692307692307693,4,0,0
4777,47,18,29,1,27,3,16,14,2,0,1,0,0,0,0,0,3,1,0,0,1,0,1,0.9655172413793104,1.0,1.0,0.0,0.0,0.3333333333333333,4,0,1
4778,47,18,29,1,27,3,16,14,2,0,1,0,0,0,0,0,3,0,0,0,0,0,0,1.0,1.0,1.0,0.0,0.0,0.0,4,0,0
4779,47,18,29,1,27,3,16,14,2,0,1,0,0,0,0,0,3,0,0,0,0,1,0,1.0,1.0,1.0,0.0,0.0,0.0,4,0,0
4780,45,17,28,1,26,3,15,13,2,0,1,0,0,0,0,0,0,0,0,0,1,0,1,0.9642857142857143,1.0,0.9285714285714286,0.0,0.0,0.0,4,0,2
4781,45,17,28,1,26,3,15,13,2,0,1,0,0,0,0,0,0,0,0,0,0,0,0,1.0,1.0,1.0,0.0,0.0,0.0,4,0,0
4782,45,17,28,1,26,3,15,13,2,0,1,0,0,0,0,0,0,0,0,0,0,0,0,1.0,1.0,1.0,0.0,0.0,0.0,4,0,0
4783,45,17,28,1,25,4,15,13,2,0,1,0,0,0,0,0,0,0,0,0,0,0,0,1.0,1.0,1.0,0.0,0.0,0.0,4,0,0
4784,45,17,28,1,25,4,15,13,2,0,1,0,0,0,0,0,0,0,0,0,0,0,0,1.0,1.0,1.0,0.0,0.0,0.0,4,0,0
4785,45,17,28,1,25,4,15,13,2,0,1,0,0,0,0,0,0,0,0,0,0,0,0,1.0,1.0,1.0,0.0,0.0,0.0,4,0,0
4786,45,17,28,1,25,4,15,13,2,0,1,0,0,0,0,0,0,0,0,0,0,0,0,1.0,1.0,1.0,0.0,0.0,0.0,4,0,0
4787,45,17,28,1,25,4,15,13,2,0,1,0,0,0,0,0,0,0,0,0,0,0,0,1.0,1.0,1.0,0.0,0.0,0.0,4,0,0
4788,45,17,28,0,26,4,15,13,6,0,1,0,0,0,0,0,11,4,0,0,0,0,0,1.0,1.0,1.0,0.0,0.0,0.36363636363636365,4,0,0
4789,44,17,27,0,25,4,15,13,7,1,1,0,0,0,0,0,7,1,1,0,1,0,1,0.9615384615384616,1.0,1.0,0.0,0.0,0.14285714285714285,4,0,1
4790,44,17,27,0,25,4,15,13,8,1,0,0,0,0,0,0,9,1,0,0,0,0,0,1.0,1.0,1.0,0.0,0.0,0.1111111111111111,4,0,0
4791,44,17,27,0,25,4,15,13,9,2,0,0,0,0,0,0,5,1,1,0,0,0,0,1.0,1.0,1.0,0.0,0.0,0.2,4,0,0
4792,44,17,27,0,25,4,15,13,11,2,0,0,0,0,0,0,7,2,0,0,0,0,0,1.0,1.0,1.0,0.0,0.0,0.2857142857142857,4,0,0
4793,44,17,27,0,25,4,15,13,11,2,0,0,0,0,0,0,0,0,0,0,0,0,0,1.0,1.0,1.0,0.0,0.0,0.0,4,0,0
4794,44,17,27,0,25,4,15,13,11,2,0,0,0,0,0,0,0,0,0,0,0,0,0,1.0,1.0,1.0,0.0,0.0,0.0,4,0,0
4795,44,17,27,0,25,4,15,13,11,2,0,0,0,0,0,0,0,0,0,0,0,0,0,1.0,1.0,1.0,0.0,0.0,0.0,4,0,0
4796,44,17,27,0,25,4,15,13,11,2,0,0,0,0,0,0,0,0,0,0,0,0,0,1.0,1.0,1.0,0.0,0.0,0.0,4,0,0
4797,44,17,27,0,25,4,15,13,11,2,0,0,0,0,0,0,0,0,0,0,0,0,0,1.0,1.0,1.0,0.0,0.0,0.0,4,0,0
4798,44,17,27,0,25,4,15,13,11,2,0,0,0,0,0,0,0,0,0,0,0,0,0,1.0,1.0,1.0,0.0,0.0,0.0,4,0,0
4799,44,17,27,0,25,4,15,13,11,2,0,0,0,0,0,0,0,0,0,0,0,0,0,1.0,1.0,1.0,0.0,0.0,0.0,4,0,0
4800,44,17,27,0,25,4,15,13,11,2,0,0,0,0,0,0,0,0,0,0,0,0,0,1.0,1.0,1.0,0.0,0.0,0.0,4,0,0
4801,44,17,27,0,25,4,15,13,11,2,0,0,0,0,0,0,0,0,0,0,0,0,0,1.0,1.0,1.0,0.0,0.0,0.0,4,0,0
4802,44,17,27,0,25,4,15,13,11,2,0,0,0,0,0,0,0,0,0,0,0,0,0,1.0,1.0,1.0,0.0,0.0,0.0,4,0,0
4803,44,17,27,0,25,4,15,13,11,2,0,0,0,0,0,0,0,0,0,0,0,0,0,1.0,1.0,1.0,0.0,0.0,0.0,4,0,0
4804,44,17,27,0,25,4,15,13,11,2,0,0,0,0,0,0,0,0,0,0,0,0,0,1.0,1.0,1.0,0.0,0.0,0.0,4,0,0
4805,44,17,27,0,25,4,15,13,11,2,0,0,0,0,0,0,0,0,0,0,0,0,0,1.0,1.0,1.0,0.0,0.0,0.0,4,0,0
4806,43,17,26,0,24,4,15,13,11,2,0,0,0,0,0,0,0,0,0,0,1,0,1,0.96,1.0,1.0,0.0,0.0,0.0,4,0,1
4807,43,17,26,0,24,4,15,13,11,2,0,0,0,0,0,0,0,0,0,0,0,0,0,1.0,1.0,1.0,0.0,0.0,0.0,4,0,0
4808,43,17,26,0,24,4,15,13,11,2,0,0,0,0,0,0,0,0,0,0,0,0,0,1.0,1.0,1.0,0.0,0.0,0.0,4,0,0
4809,43,17,26,0,24,4,15,13,11,2,0,0,0,0,0,0,0,0,0,0,0,0,0,1.0,1.0,1.0,0.0,0.0,0.0,4,0,0
4810,43,17,26,0,24,4,15,13,11,2,0,0,0,0,0,0,0,0,0,0,0,0,0,1.0,1.0,1.0,0.0,0.0,0.0,4,0,0
4811,43,17,26,0,24,4,15,13,11,2,0,0,0,0,0,0,0,0,0,0,0,0,0,1.0,1.0,1.0,0.0,0.0,0.0,4,0,0
4812,43,17,26,0,24,4,15,13,11,2,0,0,0,0,0,0,0,0,0,0,0,0,0,1.0,1.0,1.0,0.0,0.0,0.0,4,0,0
4813,43,17,26,0,24,4,15,13,11,2,0,0,0,0,0,0,0,0,0,0,0,0,0,1.0,1.0,1.0,0.0,0.0,0.0,4,0,0
4814,43,17,26,0,24,4,15,13,11,2,0,0,0,0,0,0,0,0,0,0,0,2,0,1.0,1.0,1.0,0.0,0.0,0.0,4,0,0
4815,43,17,26,0,24,4,15,13,11,2,0,0,0,0,0,0,0,0,0,0,0,3,0,1.0,1.0,1.0,0.0,0.0,0.0,4,0,0
4816,43,17,26,0,24,4,15,13,11,2,0,0,0,0,0,0,0,0,0,0,0,0,0,1.0,1.0,1.0,0.0,0.0,0.0,4,0,0
4817,43,17,26,0,24,4,15,13,11,2,0,0,0,0,0,0,0,0,0,0,0,1,0,1.0,1.0,1.0,0.0,0.0,0.0,4,0,0
4818,43,17,26,0,22,6,15,13,11,2,0,0,0,0,0,0,0,0,0,0,0,0,0,1.0,1.0,1.0,0.0,0.0,0.0,4,0,0
4819,43,17,26,0,19,9,15,13,11,2,0,0,0,0,0,0,0,0,0,0,0,1,0,1.0,1.0,1.0,0.0,0.0,0.0,4,0,0
4820,42,16,26,0,18,9,15,13,11,2,0,0,0,0,0,0,0,0,0,0,1,0,1,0.9473684210526316,1.0,1.0,0.0,0.0,0.0,4,0,1
4821,42,16,26,0,17,10,15,13,11,2,0,0,0,0,0,0,0,0,0,0,0,0,0,1.0,1.0,1.0,0.0,0.0,0.0,4,0,0
4822,42,16,26,0,17,10,15,13,11,2,0,0,0,0,0,0,0,0,0,0,0,0,0,1.0,1.0,1.0,0.0,0.0,0.0,4,0,0
4823,41,16,25,0,15,11,15,13,11,2,0,0,0,0,0,0,0,0,0,0,1,0,1,0.9375,1.0,1.0,0.0,0.0,0.0,4,0,1
4824,41,16,25,0,15,11,15,13,11,2,0,0,0,0,0,0,0,0,0,0,0,0,0,1.0,1.0,1.0,0.0,0.0,0.0,4,0,0
4825,41,16,25,0,15,11,15,13,11,2,0,0,0,0,0,0,0,0,0,0,0,0,0,1.0,1.0,1.0,0.0,0.0,0.0,4,0,0
4826,41,16,25,0,15,11,15,13,11,2,0,0,0,0,0,0,0,0,0,0,0,0,0,1.0,1.0,1.0,0.0,0.0,0.0,4,0,0
4827,41,16,25,0,15,11,15,13,11,2,0,0,0,0,0,0,0,0,0,0,0,0,0,1.0,1.0,1.0,0.0,0.0,0.0,4,0,0
4828,41,16,25,0,15,11,15,13,11,2,0,0,0,0,0,0,0,0,0,0,0,0,0,1.0,1.0,1.0,0.0,0.0,0.0,4,0,0
4829,41,16,25,0,15,11,15,13,11,2,0,0,0,0,0,0,0,0,0,0,0,0,0,1.0,1.0,1.0,0.0,0.0,0.0,4,0,0
4830,41,16,25,0,15,11,15,13,11,2,0,0,0,0,0,0,0,0,0,0,0,0,0,1.0,1.0,1.0,0.0,0.0,0.0,4,0,0
4831,41,16,25,0,15,11,15,13,11,2,0,0,0,0,0,0,0,0,0,0,0,0,0,1.0,1.0,1.0,0.0,0.0,0.0,4,0,0
4832,41,16,25,0,15,11,15,13,11,2,0,0,0,0,0,0,0,0,0,0,0,0,0,1.0,1.0,1.0,0.0,0.0,0.0,4,0,0
4833,41,16,25,0,15,11,15,13,11,2,0,0,0,0,0,0,0,0,0,0,0,0,0,1.0,1.0,1.0,0.0,0.0,0.0,4,0,0
4834,41,16,25,0,15,11,15,13,11,1,0,0,0,0,0,0,0,0,0,0,0,0,0,1.0,1.0,1.0,0.0,0.0,0.0,4,0,0
4835,41,16,25,0,15,11,15,13,11,1,0,0,0,0,0,0,1,0,0,0,0,0,0,1.0,1.0,1.0,0.0,0.0,0.0,4,0,0
4836,41,16,25,0,15,11,15,13,12,0,0,0,0,0,0,0,3,1,0,0,0,0,0,1.0,1.0,1.0,0.0,0.0,0.3333333333333333,4,0,0
4837,41,16,25,0,15,11,15,13,13,0,0,0,0,0,0,0,8,1,0,0,0,0,0,1.0,1.0,1.0,0.0,0.0,0.125,4,0,0
4838,41,16,25,0,15,11,15,13,13,0,0,0,0,0,0,0,0,0,0,0,0,0,0,1.0,1.0,1.0,0.0,0.0,0.0,4,0,0
4839,41,16,25,0,15,11,15,13,13,0,0,0,0,0,0,0,0,0,0,0,0,0,0,1.0,1.0,1.0,0.0,0.0,0.0,4,0,0
4840,40,15,25,0,14,11,15,13,13,0,0,0,0,0,0,0,0,0,0,0,1,0,1,0.9333333333333333,1.0,1.0,0.0,0.0,0.0,4,0,1
4841,44,17,27,4,14,11,15,13,12,0,1,0,0,0,0,0,0,0,0,1,0,0,0,1.0,1.0,1.0,0.1,0.1,0.0,4,4,0
4842,47,18,29,7,14,11,15,13,11,0,2,0,0,0,0,0,0,0,0,1,0,0,0,1.0,1.0,1.0,0.06818181818181818,0.06818181818181818,0.0,4,3,0
4843,47,18,29,7,14,11,15,13,11,0,2,0,0,0,0,0,0,0,0,0,0,0,0,1.0,1.0,1.0,0.0,0.0,0.0,4,0,0
4844,47,18,29,7,14,11,15,13,11,0,2,0,0,0,0,0,0,0,0,0,0,0,0,1.0,1.0,1.0,0.0,0.0,0.0,4,0,0
4845,47,18,29,7,14,11,15,13,11,0,2,0,0,0,0,0,0,0,0,0,0,0,0,1.0,1.0,1.0,0.0,0.0,0.0,4,0,0
4846,47,18,29,7,14,11,15,13,11,0,2,0,0,0,0,0,0,0,0,0,0,0,0,1.0,1.0,1.0,0.0,0.0,0.0,4,0,0
4847,47,18,29,7,14,11,15,13,11,0,2,0,0,0,0,0,0,0,0,0,0,0,0,1.0,1.0,1.0,0.0,0.0,0.0,4,0,0
4848,47,18,29,7,14,11,15,13,11,0,2,0,0,0,0,0,0,0,0,0,0,0,0,1.0,1.0,1.0,0.0,0.0,0.0,4,0,0
4849,47,18,29,7,14,11,15,13,11,0,2,0,0,0,0,0,0,0,0,0,0,0,0,1.0,1.0,1.0,0.0,0.0,0.0,4,0,0
4850,46,18,28,7,13,11,15,13,11,0,2,0,0,0,0,0,0,0,0,0,1,0,1,0.9523809523809523,1.0,1.0,0.0,0.0,0.0,4,0,1
4851,46,18,28,7,13,11,15,13,11,0,2,0,0,0,0,0,0,0,0,0,0,0,0,1.0,1.0,1.0,0.0,0.0,0.0,4,0,0
4852,46,18,28,7,13,11,15,13,11,0,2,0,0,0,0,0,0,0,0,0,0,0,0,1.0,1.0,1.0,0.0,0.0,0.0,4,0,0
4853,60,23,37,21,13,11,15,13,7,0,6,0,0,0,0,0,0,0,0,4,0,0,0,1.0,1.0,1.0,0.30434782608695654,0.30434782608695654,0.0,4,14,0
4854,61,23,38,25,10,11,15,13,6,0,7,0,0,0,0,0,0,0,0,1,3,0,3,0.9117647058823529,1.0,1.0,0.06666666666666667,0.06666666666666667,0.0,4,4,3
4855,64,25,39,28,10,11,15,13,5,0,8,0,0,0,0,0,0,0,0,1,0,0,0,1.0,1.0,1.0,0.04918032786885246,0.04918032786885246,0.0,4,3,0
4856,67,25,42,31,10,11,15,13,4,0,9,0,0,0,0,0,0,0,0,1,1,0,1,0.9736842105263158,1.0,1.0,0.0625,0.0625,0.0,4,4,1
4857,75,26,49,39,10,11,15,13,2,0,11,0,0,0,0,0,0,0,0,2,0,0,0,1.0,1.0,1.0,0.11940298507462686,0.11940298507462686,0.0,4,8,0
4858,72,25,47,36,10,11,15,13,2,0,11,0,0,0,0,0,0,0,0,0,3,0,3,0.9387755102040817,1.0,1.0,0.0,0.0,0.0,4,0,3
4859,71,25,46,35,10,11,15,13,2,0,11,0,0,0,0,0,0,0,0,0,1,1,1,0.9782608695652174,1.0,1.0,0.0,0.0,0.0,4,0,1
4860,70,24,46,34,10,11,15,13,2,0,11,0,0,0,0,0,0,0,0,0,1,0,1,0.9777777777777777,1.0,1.0,0.0,0.0,0.0,4,0,1
4861,69,24,45,34,9,11,15,13,2,0,11,0,0,0,0,0,0,0,0,0,1,0,1,0.9772727272727273,1.0,1.0,0.0,0.0,0.0,4,0,1
4862,65,22,43,31,8,11,15,13,2,0,11,0,0,0,0,0,0,0,0,0,4,0,4,0.9069767441860466,1.0,1.0,0.0,0.0,0.0,4,0,4
4863,64,21,43,30,7,12,15,13,2,0,11,0,0,0,0,0,0,0,0,0,1,0,1,0.9736842105263158,1.0,1.0,0.0,0.0,0.0,4,0,1
4864,62,21,41,28,7,12,15,13,2,0,11,0,0,0,0,0,0,0,0,0,2,0,2,0.9459459459459459,1.0,1.0,0.0,0.0,0.0,4,0,2
4865,61,21,40,27,7,12,15,13,2,0,11,0,0,0,0,0,0,0,0,0,1,0,1,0.9714285714285714,1.0,1.0,0.0,0.0,0.0,4,0,1
4866,61,21,40,27,7,12,15,13,2,0,11,0,0,0,0,0,0,0,0,0,0,0,0,1.0,1.0,1.0,0.0,0.0,0.0,4,0,0
4867,60,21,39,26,7,12,15,13,2,0,11,0,0,0,0,0,0,0,0,0,1,0,1,0.9705882352941176,1.0,1.0,0.0,0.0,0.0,4,0,1
4868,58,20,38,24,7,12,15,13,2,0,11,0,0,0,0,0,0,0,0,0,2,0,2,0.9393939393939394,1.0,1.0,0.0,0.0,0.0,4,0,2
4869,57,19,38,24,6,12,15,13,2,0,11,0,0,0,0,0,0,0,0,0,1,0,1,0.967741935483871,1.0,1.0,0.0,0.0,0.0,4,0,1
4870,57,19,38,24,6,12,15,13,2,0,11,0,0,0,0,0,0,0,0,0,0,0,0,1.0,1.0,1.0,0.0,0.0,0.0,4,0,0
4871,56,19,37,23,6,12,15,13,2,0,11,0,0,0,0,0,0,0,0,0,1,0,1,0.9666666666666667,1.0,1.0,0.0,0.0,0.0,4,0,1
4872,56,19,37,23,6,12,15,13,2,0,11,0,0,0,0,0,0,0,0,0,0,0,0,1.0,1.0,1.0,0.0,0.0,0.0,4,0,0
4873,55,19,36,22,6,12,15,13,2,0,11,0,0,0,0,0,0,0,0,0,1,0,1,0.9655172413793104,1.0,1.0,0.0,0.0,0.0,4,0,1
4874,54,19,35,21,6,12,15,13,2,0,11,0,0,0,0,0,0,0,0,0,1,0,1,0.9642857142857143,1.0,1.0,0.0,0.0,0.0,4,0,1
4875,54,19,35,21,6,12,15,13,2,0,11,0,0,0,0,0,0,0,0,0,0,0,0,1.0,1.0,1.0,0.0,0.0,0.0,4,0,0
4876,54,19,35,21,6,12,15,13,2,0,11,0,0,0,0,0,0,0,0,0,0,0,0,1.0,1.0,1.0,0.0,0.0,0.0,4,0,0
4877,54,19,35,21,6,11,16,14,2,0,11,0,0,0,0,0,0,0,0,0,0,1,0,1.0,1.0,1.0,0.0,0.0,0.0,4,0,0
4878,54,19,35,21,6,11,16,14,2,0,11,0,0,0,0,0,0,0,0,0,0,0,0,1.0,1.0,1.0,0.0,0.0,0.0,4,0,0
4879,54,19,35,21,6,11,16,14,3,0,11,0,0,0,0,0,7,1,0,0,0,0,0,1.0,1.0,1.0,0.0,0.0,0.14285714285714285,4,0,0
4880,54,19,35,21,6,11,16,14,3,0,11,0,0,0,0,0,0,0,0,0,0,0,0,1.0,1.0,1.0,0.0,0.0,0.0,4,0,0
4881,54,19,35,21,5,12,16,14,3,0,11,0,0,0,0,0,0,0,0,0,0,0,0,1.0,1.0,1.0,0.0,0.0,0.0,4,0,0
4882,54,19,35,21,5,11,17,15,4,0,11,0,0,0,0,0,8,1,0,0,0,0,0,1.0,1.0,1.0,0.0,0.0,0.125,4,0,0
4883,54,19,35,21,5,11,17,15,4,0,11,0,0,0,0,0,0,0,0,0,0,0,0,1.0,1.0,1.0,0.0,0.0,0.0,4,0,0
4884,54,19,35,20,6,11,17,15,4,0,11,0,0,0,0,0,0,0,0,0,0,0,0,1.0,1.0,1.0,0.0,0.0,0.0,4,0,0
4885,52,18,34,16,8,11,17,15,4,0,11,0,0,0,0,0,0,0,0,0,2,0,2,0.9230769230769231,1.0,1.0,0.0,0.0,0.0,4,0,2
4886,52,18,34,16,8,11,17,15,4,0,10,0,0,0,0,0,0,0,0,0,0,0,0,1.0,1.0,1.0,0.0,0.0,0.0,4,0,0
4887,51,18,33,15,8,11,17,15,4,1,9,0,0,0,0,0,1,0,1,0,1,0,1,0.9583333333333334,1.0,1.0,0.0,0.0,0.0,4,0,1
4888,50,18,32,14,8,11,17,15,5,1,9,0,0,0,0,0,3,1,0,0,1,0,1,0.9565217391304348,1.0,1.0,0.0,0.0,0.3333333333333333,4,0,1
4889,50,18,32,14,8,11,17,15,5,1,9,0,0,0,0,0,0,0,0,0,0,0,0,1.0,1.0,1.0,0.0,0.0,0.0,4,0,0
4890,50,18,32,14,8,11,17,15,5,1,9,0,0,0,0,0,0,0,0,0,0,1,0,1.0,1.0,1.0,0.0,0.0,0.0,4,0,0
4891,50,18,32,14,8,11,17,15,5,1,9,0,0,0,0,0,0,0,0,0,0,0,0,1.0,1.0,1.0,0.0,0.0,0.0,4,0,0
4892,50,18,32,14,8,11,17,15,5,1,9,0,0,0,0,0,0,0,0,0,0,0,0,1.0,1.0,1.0,0.0,0.0,0.0,4,0,0
4893,49,18,31,14,7,11,17,15,5,1,9,0,0,0,0,0,0,0,0,0,1,2,1,0.9545454545454546,1.0,1.0,0.0,0.0,0.0,4,0,1
4894,49,18,31,14,6,11,18,16,6,1,9,0,0,0,0,0,1,1,0,0,0,0,0,1.0,1.0,1.0,0.0,0.0,1.0,4,0,0
4895,49,18,31,14,6,11,18,16,6,1,9,0,0,0,0,0,0,0,0,0,0,1,0,1.0,1.0,1.0,0.0,0.0,0.0,4,0,0
4896,49,18,31,9,11,11,18,16,6,1,9,0,0,0,0,0,0,0,0,0,0,0,0,1.0,1.0,1.0,0.0,0.0,0.0,4,0,0
4897,49,18,31,7,11,13,18,16,6,1,9,0,0,0,0,0,0,0,0,0,0,0,0,1.0,1.0,1.0,0.0,0.0,0.0,4,0,0
4898,49,18,31,5,13,13,18,16,6,1,5,0,0,0,0,0,0,0,0,0,0,0,0,1.0,1.0,1.0,0.0,0.0,0.0,4,0,0
4899,49,18,31,4,13,14,18,16,7,1,4,0,0,0,0,0,7,1,0,0,0,0,0,1.0,1.0,1.0,0.0,0.0,0.14285714285714285,4,0,0
4900,49,18,31,0,17,14,18,16,9,1,3,0,0,0,0,0,9,2,0,0,0,0,0,1.0,1.0,1.0,0.0,0.0,0.2222222222222222,4,0,0
4901,52,20,32,3,17,14,18,16,9,1,3,0,0,0,0,0,5,1,0,1,0,0,0,1.0,1.0,1.0,0.061224489795918366,0.061224489795918366,0.2,4,3,0
4902,56,20,36,7,17,14,18,16,10,1,2,0,0,0,0,0,7,2,0,1,0,0,0,1.0,1.0,1.0,0.07692307692307693,0.07692307692307693,0.2857142857142857,4,4,0
4903,56,20,36,7,17,14,18,16,11,2,2,0,0,0,0,0,5,1,1,0,0,0,0,1.0,1.0,1.0,0.0,0.0,0.2,4,0,0
4904,55,20,35,6,17,14,18,16,12,2,2,0,0,0,0,0,8,1,0,0,1,0,1,0.9583333333333334,1.0,1.0,0.0,0.0,0.125,4,0,1
4905,52,20,32,5,15,14,18,16,12,2,2,0,0,0,0,0,0,0,0,0,3,0,3,0.8695652173913043,1.0,1.0,0.0,0.0,0.0,4,0,3
4906,50,19,31,4,14,14,18,16,12,2,2,0,0,0,0,0,0,0,0,0,2,0,2,0.9,1.0,1.0,0.0,0.0,0.0,4,0,2
4907,49,19,30,3,14,14,18,16,12,2,2,0,0,0,0,0,0,0,0,0,1,0,1,0.9444444444444444,1.0,1.0,0.0,0.0,0.0,4,0,1
4908,49,19,30,3,14,14,18,16,12,2,2,0,0,0,0,0,0,0,0,0,0,0,0,1.0,1.0,1.0,0.0,0.0,0.0,4,0,0
4909,48,18,30,3,14,13,18,16,12,2,2,0,0,0,0,0,0,0,0,0,0,0,0,1.0,1.0,1.0,0.0,0.0,0.0,4,0,1
4910,48,18,30,3,14,13,18,16,12,2,2,0,0,0,0,0,0,0,0,0,0,0,0,1.0,1.0,1.0,0.0,0.0,0.0,4,0,0
4911,48,18,30,3,14,13,18,16,12,2,2,0,0,0,0,0,0,0,0,0,0,0,0,1.0,1.0,1.0,0.0,0.0,0.0,4,0,0
4912,47,17,30,3,14,12,18,16,12,2,2,0,0,0,0,0,0,0,0,0,0,0,0,1.0,1.0,1.0,0.0,0.0,0.0,4,0,1
4913,47,17,30,3,14,12,18,16,12,2,2,0,0,0,0,0,0,0,0,0,0,0,0,1.0,1.0,1.0,0.0,0.0,0.0,4,0,0
4914,47,17,30,3,14,12,18,16,12,2,2,0,0,0,0,0,0,0,0,0,0,0,0,1.0,1.0,1.0,0.0,0.0,0.0,4,0,0
4915,47,17,30,3,14,12,18,16,12,2,2,0,0,0,0,0,0,0,0,0,0,0,0,1.0,1.0,1.0,0.0,0.0,0.0,4,0,0
4916,47,17,30,3,14,12,18,16,12,2,2,0,0,0,0,0,0,0,0,0,0,0,0,1.0,1.0,1.0,0.0,0.0,0.0,4,0,0
4917,47,17,30,3,14,12,18,16,12,2,2,0,0,0,0,0,0,0,0,0,0,0,0,1.0,1.0,1.0,0.0,0.0,0.0,4,0,0
4918,47,17,30,3,14,11,19,16,12,2,2,0,0,0,0,0,0,0,0,0,0,0,0,1.0,1.0,1.0,0.0,0.0,0.0,4,0,0
4919,46,16,30,3,13,11,19,16,12,2,2,0,0,0,0,0,0,0,0,0,1,0,1,0.9411764705882353,1.0,1.0,0.0,0.0,0.0,4,0,1
4920,46,16,30,3,13,11,19,16,12,2,2,0,0,0,0,0,0,0,0,0,0,0,0,1.0,1.0,1.0,0.0,0.0,0.0,4,0,0
4921,46,16,30,3,13,11,19,16,12,2,2,0,0,0,0,0,0,0,0,0,0,0,0,1.0,1.0,1.0,0.0,0.0,0.0,4,0,0
4922,46,16,30,3,13,11,19,16,12,2,2,0,0,0,0,0,0,0,0,0,0,0,0,1.0,1.0,1.0,0.0,0.0,0.0,4,0,0
4923,46,16,30,3,13,11,19,16,12,2,2,0,0,0,0,0,0,0,0,0,0,0,0,1.0,1.0,1.0,0.0,0.0,0.0,4,0,0
4924,45,16,29,3,12,11,19,16,12,2,2,0,0,0,0,0,0,0,0,0,1,0,1,0.9375,1.0,1.0,0.0,0.0,0.0,4,0,1
4925,45,16,29,3,12,11,19,16,12,2,2,0,0,0,0,0,0,0,0,0,0,0,0,1.0,1.0,1.0,0.0,0.0,0.0,4,0,0
4926,44,16,28,3,11,11,19,16,12,2,2,0,0,0,0,0,0,0,0,0,1,0,1,0.9333333333333333,1.0,1.0,0.0,0.0,0.0,4,0,1
4927,44,16,28,3,11,11,19,16,12,2,2,0,0,0,0,0,0,0,0,0,0,0,0,1.0,1.0,1.0,0.0,0.0,0.0,4,0,0
4928,44,16,28,3,11,10,20,17,12,2,2,0,0,0,0,0,0,0,0,0,0,0,0,1.0,1.0,1.0,0.0,0.0,0.0,4,0,0
4929,44,16,28,3,11,10,20,17,12,2,2,0,0,0,0,0,0,0,0,0,0,0,0,1.0,1.0,1.0,0.0,0.0,0.0,4,0,0
4930,44,16,28,3,11,10,20,17,12,2,2,0,0,0,0,0,0,0,0,0,0,0,0,1.0,1.0,1.0,0.0,0.0,0.0,4,0,0
4931,43,16,27,3,11,10,19,16,11,3,2,0,0,0,0,0,2,0,1,0,0,0,0,1.0,1.0,0.9411764705882353,0.0,0.0,0.0,4,0,1
4932,43,16,27,3,11,10,19,16,11,2,2,0,0,0,0,0,0,0,0,0,0,0,0,1.0,1.0,1.0,0.0,0.0,0.0,4,0,0
4933,43,16,27,3,11,10,19,16,12,2,2,0,0,0,0,0,5,1,0,0,0,0,0,1.0,1.0,1.0,0.0,0.0,0.2,4,0,0
4934,42,15,27,3,11,9,19,16,12,2,2,0,0,0,0,0,0,0,0,0,0,0,0,1.0,1.0,1.0,0.0,0.0,0.0,4,0,1
4935,41,14,27,2,11,9,19,16,12,2,2,0,0,0,0,0,0,0,0,0,1,0,1,0.9285714285714286,1.0,1.0,0.0,0.0,0.0,4,0,1
4936,41,14,27,2,11,9,19,16,12,2,2,0,0,0,0,0,0,0,0,0,0,0,0,1.0,1.0,1.0,0.0,0.0,0.0,4,0,0
4937,41,14,27,2,11,9,19,16,12,2,2,0,0,0,0,0,0,0,0,0,0,0,0,1.0,1.0,1.0,0.0,0.0,0.0,4,0,0
4938,41,14,27,2,11,9,19,16,12,2,2,0,0,0,0,0,0,0,0,0,0,0,0,1.0,1.0,1.0,0.0,0.0,0.0,4,0,0
4939,41,14,27,2,11,9,19,16,12,2,2,0,0,0,0,0,0,0,0,0,0,0,0,1.0,1.0,1.0,0.0,0.0,0.0,4,0,0
4940,41,14,27,2,11,9,19,16,12,2,2,0,0,0,0,0,0,0,0,0,0,0,0,1.0,1.0,1.0,0.0,0.0,0.0,4,0,0
4941,41,14,27,2,11,9,19,16,12,2,2,0,0,0,0,0,0,0,0,0,0,0,0,1.0,1.0,1.0,0.0,0.0,0.0,4,0,0
4942,41,14,27,2,11,9,19,16,12,2,2,0,0,0,0,0,0,0,0,0,0,0,0,1.0,1.0,1.0,0.0,0.0,0.0,4,0,0
4943,41,14,27,2,11,9,19,16,12,2,2,0,0,0,0,0,0,0,0,0,0,0,0,1.0,1.0,1.0,0.0,0.0,0.0,4,0,0
4944,45,17,28,5,12,9,19,16,11,2,3,0,0,0,0,0,0,0,0,1,0,0,0,1.0,1.0,1.0,0.0975609756097561,0.0975609756097561,0.0,4,4,0
4945,45,17,28,4,13,9,19,16,11,2,3,0,0,0,0,0,0,0,0,0,0,0,0,1.0,1.0,1.0,0.0,0.0,0.0,4,0,0
4946,45,17,28,4,13,9,19,16,11,2,2,0,0,0,0,0,0,0,0,0,0,0,0,1.0,1.0,1.0,0.0,0.0,0.0,4,0,0
4947,45,17,28,4,13,9,19,16,11,2,1,0,0,0,0,0,3,0,0,0,0,0,0,1.0,1.0,1.0,0.0,0.0,0.0,4,0,0
4948,45,17,28,4,13,7,21,18,15,1,1,0,0,0,0,0,15,4,0,0,0,0,0,1.0,1.0,1.0,0.0,0.0,0.26666666666666666,4,0,0
4949,44,16,28,4,12,7,21,18,16,1,1,0,0,0,0,0,3,1,0,0,1,0,1,0.9411764705882353,1.0,1.0,0.0,0.0,0.3333333333333333,4,0,1
4950,44,16,28,4,12,7,21,18,16,1,1,0,0,0,0,0,0,0,0,0,0,0,0,1.0,1.0,1.0,0.0,0.0,0.0,4,0,0
4951,44,16,28,4,12,7,21,18,16,1,1,0,0,0,0,0,0,0,0,0,0,0,0,1.0,1.0,1.0,0.0,0.0,0.0,4,0,0
4952,44,16,28,4,12,7,21,18,16,1,1,0,0,0,0,0,0,0,0,0,0,0,0,1.0,1.0,1.0,0.0,0.0,0.0,4,0,0
4953,48,19,29,8,12,6,22,18,15,1,2,0,0,0,0,0,0,0,0,1,0,0,0,1.0,1.0,1.0,0.09090909090909091,0.09090909090909091,0.0,4,4,0
4954,48,19,29,8,12,6,22,18,15,1,2,0,0,0,0,0,0,0,0,0,0,0,0,1.0,1.0,1.0,0.0,0.0,0.0,4,0,0
4955,48,19,29,8,12,6,22,18,15,1,2,0,0,0,0,0,0,0,0,0,0,0,0,1.0,1.0,1.0,0.0,0.0,0.0,4,0,0
4956,48,19,29,8,12,5,23,18,15,1,2,0,0,0,0,0,0,0,0,0,0,0,0,1.0,1.0,1.0,0.0,0.0,0.0,4,0,0
4957,48,19,29,8,12,5,23,18,15,1,2,0,0,0,0,0,0,0,0,0,0,0,0,1.0,1.0,1.0,0.0,0.0,0.0,4,0,0
4958,48,19,29,8,12,5,23,18,15,1,2,0,0,0,0,0,0,0,0,0,0,0,0,1.0,1.0,1.0,0.0,0.0,0.0,4,0,0
4959,51,20,31,12,11,5,23,18,14,1,3,0,0,0,0,0,0,0,0,1,1,0,1,0.95,1.0,1.0,0.08333333333333333,0.08333333333333333,0.0,4,4,1
4960,50,20,30,12,10,5,23,18,14,1,3,0,0,0,0,0,0,0,0,0,1,0,1,0.9565217391304348,1.0,1.0,0.0,0.0,0.0,4,0,1
4961,50,20,30,12,10,5,23,18,14,1,3,0,0,0,0,0,0,0,0,0,0,0,0,1.0,1.0,1.0,0.0,0.0,0.0,4,0,0
4962,48,20,28,12,9,5,22,17,14,1,2,0,0,0,0,0,0,0,0,0,1,0,1,0.9545454545454546,1.0,0.9444444444444444,0.0,0.0,0.0,4,0,2
4963,48,20,28,12,9,5,22,17,14,1,2,0,0,0,0,0,0,0,0,0,0,0,0,1.0,1.0,1.0,0.0,0.0,0.0,4,0,0
4964,51,22,29,15,9,5,22,17,13,1,3,0,0,0,0,0,0,0,0,1,0,0,0,1.0,1.0,1.0,0.0625,0.0625,0.0,4,3,0
4965,57,25,32,21,9,5,22,17,11,1,5,0,0,0,0,0,0,0,0,2,1,0,1,0.9583333333333334,1.0,1.0,0.13725490196078433,0.13725490196078433,0.0,4,7,1
4966,60,26,34,24,9,5,22,17,10,1,6,0,0,0,0,0,0,0,0,1,0,0,0,1.0,1.0,1.0,0.05263157894736842,0.05263157894736842,0.0,4,3,0
4967,67,28,39,31,9,5,22,17,8,1,8,0,0,0,0,0,0,0,0,2,0,0,0,1.0,1.0,1.0,0.11666666666666667,0.11666666666666667,0.0,4,7,0
4968,70,30,40,35,9,5,21,17,7,1,9,0,0,0,0,0,0,0,0,1,0,0,0,1.0,0.8,1.0,0.05970149253731343,0.05970149253731343,0.0,4,4,1
4969,71,31,40,37,8,5,21,17,6,1,10,0,0,0,0,0,0,0,0,1,3,0,3,0.9318181818181819,1.0,1.0,0.05714285714285714,0.05714285714285714,0.0,4,4,3
4970,69,31,38,35,8,5,21,17,6,1,10,0,0,0,0,0,0,0,0,0,2,0,2,0.9555555555555556,1.0,1.0,0.0,0.0,0.0,4,0,2
4971,68,30,38,34,8,5,21,17,6,1,10,0,0,0,0,0,0,0,0,0,1,0,1,0.9767441860465116,1.0,1.0,0.0,0.0,0.0,4,0,1
4972,67,29,38,33,8,5,21,17,6,1,10,0,0,0,0,0,0,0,0,0,1,0,1,0.9761904761904762,1.0,1.0,0.0,0.0,0.0,4,0,1
4973,67,29,38,33,8,5,21,17,6,1,10,0,0,0,0,0,0,0,0,0,0,0,0,1.0,1.0,1.0,0.0,0.0,0.0,4,0,0
4974,66,28,38,32,8,5,21,17,6,1,10,0,0,0,0,0,0,0,0,0,1,0,1,0.975609756097561,1.0,1.0,0.0,0.0,0.0,4,0,1
4975,63,26,37,30,8,4,21,17,6,1,10,0,0,0,0,0,0,0,0,0,2,0,2,0.95,1.0,1.0,0.0,0.0,0.0,4,0,3
4976,63,26,37,30,8,4,21,17,6,0,10,0,0,0,0,0,0,0,0,0,0,0,0,1.0,1.0,1.0,0.0,0.0,0.0,4,0,0
4977,63,26,37,30,8,4,21,17,6,0,10,0,0,0,0,0,6,0,0,0,0,0,0,1.0,1.0,1.0,0.0,0.0,0.0,4,0,0
4978,62,26,36,29,8,4,21,17,6,1,10,0,0,0,0,0,2,0,1,0,1,0,1,0.9736842105263158,1.0,1.0,0.0,0.0,0.0,4,0,1
4979,60,25,35,28,7,4,21,17,6,1,10,0,0,0,0,0,0,0,0,0,2,0,2,0.9459459459459459,1.0,1.0,0.0,0.0,0.0,4,0,2
4980,60,25,35,28,7,3,22,18,6,1,10,0,0,0,0,0,0,0,0,0,0,0,0,1.0,1.0,1.0,0.0,0.0,0.0,4,0,0
4981,60,25,35,28,7,3,22,18,6,1,10,0,0,0,0,0,0,0,0,0,0,0,0,1.0,1.0,1.0,0.0,0.0,0.0,4,0,0
4982,59,25,34,27,7,3,22,18,6,1,10,0,0,0,0,0,0,0,0,0,1,0,1,0.9714285714285714,1.0,1.0,0.0,0.0,0.0,4,0,1
4983,58,24,34,26,7,3,22,18,6,1,10,0,0,0,0,0,6,0,0,0,1,0,1,0.9705882352941176,1.0,1.0,0.0,0.0,0.0,4,0,1
4984,57,23,34,25,7,3,22,18,7,1,10,0,0,0,0,0,5,1,0,0,1,0,1,0.9696969696969697,1.0,1.0,0.0,0.0,0.2,4,0,1
4985,56,22,34,24,7,3,22,18,7,1,10,0,0,0,0,0,0,0,0,0,1,0,1,0.96875,1.0,1.0,0.0,0.0,0.0,4,0,1
4986,56,22,34,24,7,3,22,18,7,1,10,0,0,0,0,0,0,0,0,0,0,0,0,1.0,1.0,1.0,0.0,0.0,0.0,4,0,0
4987,56,22,34,23,8,3,22,18,7,1,10,0,0,0,0,0,0,0,0,0,0,0,0,1.0,1.0,1.0,0.0,0.0,0.0,4,0,0
4988,56,22,34,23,8,3,22,18,7,1,10,0,0,0,0,0,0,0,0,0,0,0,0,1.0,1.0,1.0,0.0,0.0,0.0,4,0,0
4989,55,22,33,22,8,3,22,18,7,1,10,0,0,0,0,0,0,0,0,0,1,0,1,0.967741935483871,1.0,1.0,0.0,0.0,0.0,4,0,1
4990,54,22,32,21,8,3,22,18,7,1,10,0,0,0,0,0,0,0,0,0,1,0,1,0.9666666666666667,1.0,1.0,0.0,0.0,0.0,4,0,1
4991,54,22,32,21,8,3,22,18,7,1,10,0,0,0,0,0,0,0,0,0,0,0,0,1.0,1.0,1.0,0.0,0.0,0.0,4,0,0
4992,54,22,32,21,8,3,22,18,7,1,10,0,0,0,0,0,0,0,0,0,0,0,0,1.0,1.0,1.0,0.0,0.0,0.0,4,0,0
4993,53,21,32,21,7,3,22,18,7,1,10,0,0,0,0,0,0,0,0,0,1,0,1,0.9655172413793104,1.0,1.0,0.0,0.0,0.0,4,0,1
4994,53,21,32,21,7,3,22,18,7,1,10,0,0,0,0,0,0,0,0,0,0,0,0,1.0,1.0,1.0,0.0,0.0,0.0,4,0,0
4995,53,21,32,21,7,3,22,18,7,1,10,0,0,0,0,0,0,0,0,0,0,0,0,1.0,1.0,1.0,0.0,0.0,0.0,4,0,0
4996,53,21,32,18,10,3,22,18,7,1,10,0,0,0,0,0,0,0,0,0,0,0,0,1.0,1.0,1.0,0.0,0.0,0.0,4,0,0
4997,53,21,32,18,10,3,22,18,7,1,10,0,0,0,0,0,0,0,0,0,0,0,0,1.0,1.0,1.0,0.0,0.0,0.0,4,0,0
4998,57,24,33,22,10,3,22,18,6,1,10,0,0,0,0,0,0,0,0,1,0,0,0,1.0,1.0,1.0,0.07547169811320754,0.07547169811320754,0.0,4,4,0
4999,57,24,33,22,10,3,22,18,7,1,10,0,0,0,0,0,7,1,0,0,0,0,0,1.0,1.0,1.0,0.0,0.0,0.14285714285714285,4,0,0
5000,56,23,33,21,10,3,22,18,7,1,10,0,0,0,0,0,0,0,0,0,1,0,1,0.96875,1.0,1.0,0.0,0.0,0.0,4,0,1
5001,55,22,33,20,10,3,22,18,7,1,10,0,0,0,0,0,0,0,0,0,1,0,1,0.967741935483871,1.0,1.0,0.0,0.0,0.0,4,0,1
5002,55,22,33,17,13,3,22,18,7,1,10,0,0,0,0,0,0,0,0,0,0,0,0,1.0,1.0,1.0,0.0,0.0,0.0,4,0,0
5003,55,22,33,17,13,3,22,18,7,1,10,0,0,0,0,0,0,0,0,0,0,0,0,1.0,1.0,1.0,0.0,0.0,0.0,4,0,0
5004,55,22,33,17,13,3,22,18,7,1,9,0,0,0,0,0,0,0,0,0,0,0,0,1.0,1.0,1.0,0.0,0.0,0.0,4,0,0
5005,55,22,33,17,13,3,22,18,7,1,9,0,0,0,0,0,1,0,0,0,0,0,0,1.0,1.0,1.0,0.0,0.0,0.0,4,0,0
5006,55,22,33,17,13,3,22,18,7,1,9,0,0,0,0,0,5,0,0,0,0,0,0,1.0,1.0,1.0,0.0,0.0,0.0,4,0,0
5007,55,22,33,15,15,3,22,18,8,1,9,0,0,0,0,0,4,1,0,0,0,0,0,1.0,1.0,1.0,0.0,0.0,0.25,4,0,0
5008,54,21,33,12,17,3,22,18,8,1,9,0,0,0,0,0,0,0,0,0,1,0,1,0.9666666666666667,1.0,1.0,0.0,0.0,0.0,4,0,1
5009,54,21,33,10,19,3,22,18,8,1,8,0,0,0,0,0,0,0,0,0,0,0,0,1.0,1.0,1.0,0.0,0.0,0.0,4,0,0
5010,54,21,33,6,23,3,22,18,8,1,6,0,0,0,0,0,1,0,0,0,0,0,0,1.0,1.0,1.0,0.0,0.0,0.0,4,0,0
5011,54,21,33,5,24,3,22,18,10,1,5,0,0,0,0,0,12,2,0,0,0,0,0,1.0,1.0,1.0,0.0,0.0,0.16666666666666666,4,0,0
5012,53,20,33,2,26,3,22,18,12,1,3,0,0,0,0,0,7,2,0,0,1,0,1,0.9655172413793104,1.0,1.0,0.0,0.0,0.2857142857142857,4,0,1
5013,66,26,40,17,25,3,21,17,9,1,6,0,0,0,0,0,4,1,0,4,1,0,1,0.9642857142857143,1.0,0.9444444444444444,0.2830188679245283,0.2830188679245283,0.25,4,15,2
5014,68,27,41,19,25,3,21,17,9,1,6,0,0,0,0,0,2,1,0,1,1,0,1,0.9761904761904762,1.0,1.0,0.045454545454545456,0.045454545454545456,0.5,4,3,1
5015,66,27,39,18,24,3,21,17,9,1,6,0,0,0,0,0,1,0,0,0,2,0,2,0.9545454545454546,1.0,1.0,0.0,0.0,0.0,4,0,2
5016,66,27,39,18,24,3,21,17,10,1,6,0,0,0,0,0,5,1,0,0,0,0,0,1.0,1.0,1.0,0.0,0.0,0.2,4,0,0
5017,64,27,37,17,23,3,21,17,10,1,6,0,0,0,0,0,0,0,0,0,2,0,2,0.9523809523809523,1.0,1.0,0.0,0.0,0.0,4,0,2
5018,61,26,35,15,22,3,21,17,10,1,6,0,0,0,0,0,0,0,0,0,3,0,3,0.925,1.0,1.0,0.0,0.0,0.0,4,0,3
5019,60,25,35,14,22,3,21,17,10,1,6,0,0,0,0,0,0,0,0,0,1,0,1,0.972972972972973,1.0,1.0,0.0,0.0,0.0,4,0,1
5020,59,24,35,13,22,3,21,17,10,1,6,0,0,0,0,0,0,0,0,0,1,0,1,0.9722222222222222,1.0,1.0,0.0,0.0,0.0,4,0,1
5021,58,24,34,12,22,3,21,17,10,1,6,0,0,0,0,0,0,0,0,0,1,0,1,0.9714285714285714,1.0,1.0,0.0,0.0,0.0,4,0,1
5022,56,22,34,12,20,3,21,17,10,1,6,0,0,0,0,0,0,0,0,0,2,0,2,0.9411764705882353,1.0,1.0,0.0,0.0,0.0,4,0,2
5023,55,21,34,12,19,3,21,17,10,0,6,0,0,0,0,0,0,0,0,0,1,0,1,0.96875,1.0,1.0,0.0,0.0,0.0,4,0,1
5024,55,21,34,12,19,3,21,17,11,0,6,0,0,0,0,0,5,1,0,0,0,0,0,1.0,1.0,1.0,0.0,0.0,0.2,4,0,0
5025,55,21,34,12,19,3,21,17,11,0,6,0,0,0,0,0,0,0,0,0,0,0,0,1.0,1.0,1.0,0.0,0.0,0.0,4,0,0
5026,53,20,33,10,19,3,21,17,11,0,6,0,0,0,0,0,0,0,0,0,2,0,2,0.935483870967742,1.0,1.0,0.0,0.0,0.0,4,0,2
5027,53,20,33,10,19,3,21,17,11,0,6,0,0,0,0,0,0,0,0,0,0,0,0,1.0,1.0,1.0,0.0,0.0,0.0,4,0,0
5028,53,20,33,10,19,3,21,17,11,0,6,0,0,0,0,0,0,0,0,0,0,0,0,1.0,1.0,1.0,0.0,0.0,0.0,4,0,0
5029,53,20,33,10,19,2,22,17,11,0,6,0,0,0,0,0,0,0,0,0,0,0,0,1.0,1.0,1.0,0.0,0.0,0.0,4,0,0
5030,53,20,33,10,19,2,22,17,11,0,6,0,0,0,0,0,0,0,0,0,0,0,0,1.0,1.0,1.0,0.0,0.0,0.0,4,0,0
5031,53,20,33,10,19,2,22,17,11,0,6,0,0,0,0,0,0,0,0,0,0,0,0,1.0,1.0,1.0,0.0,0.0,0.0,4,0,0
5032,53,20,33,10,19,1,23,17,11,0,6,0,0,0,0,0,0,0,0,0,0,0,0,1.0,1.0,1.0,0.0,0.0,0.0,4,0,0
5033,53,20,33,10,19,1,23,17,11,0,6,0,0,0,0,0,0,0,0,0,0,2,0,1.0,1.0,1.0,0.0,0.0,0.0,4,0,0
5034,53,20,33,10,19,1,23,17,11,0,6,0,0,0,0,0,0,0,0,0,0,1,0,1.0,1.0,1.0,0.0,0.0,0.0,4,0,0
5035,53,20,33,10,19,1,23,17,11,0,6,0,0,0,0,0,0,0,0,0,0,1,0,1.0,1.0,1.0,0.0,0.0,0.0,4,0,0
5036,53,20,33,10,19,1,23,17,11,0,6,0,0,0,0,0,0,0,0,0,0,0,0,1.0,1.0,1.0,0.0,0.0,0.0,4,0,0
5037,51,18,33,9,16,3,23,17,11,0,6,0,0,0,0,0,0,0,0,0,2,1,2,0.9259259259259259,1.0,1.0,0.0,0.0,0.0,4,0,2
5038,51,18,33,9,15,4,23,17,11,0,6,0,0,0,0,0,0,0,0,0,0,0,0,1.0,1.0,1.0,0.0,0.0,0.0,4,0,0
5039,51,18,33,9,14,5,23,17,11,0,6,0,0,0,0,0,0,0,0,0,0,0,0,1.0,1.0,1.0,0.0,0.0,0.0,4,0,0
5040,51,18,33,9,14,5,23,17,11,0,6,0,0,0,0,0,0,0,0,0,0,0,0,1.0,1.0,1.0,0.0,0.0,0.0,4,0,0
5041,51,18,33,8,14,6,23,17,11,0,6,0,0,0,0,0,0,0,0,0,0,0,0,1.0,1.0,1.0,0.0,0.0,0.0,4,0,0
5042,51,18,33,8,14,6,23,17,11,0,6,0,0,0,0,0,0,0,0,0,0,0,0,1.0,1.0,1.0,0.0,0.0,0.0,4,0,0
5043,50,18,32,8,14,6,22,16,11,0,4,0,0,0,0,0,0,0,0,0,0,0,0,1.0,1.0,0.9411764705882353,0.0,0.0,0.0,4,0,1
5044,50,18,32,8,14,6,22,16,12,0,4,0,0,0,0,0,6,1,0,0,0,0,0,1.0,1.0,1.0,0.0,0.0,0.16666666666666666,4,0,0
5045,50,18,32,8,14,6,22,16,12,0,4,0,0,0,0,0,0,0,0,0,0,0,0,1.0,1.0,1.0,0.0,0.0,0.0,4,0,0
5046,50,18,32,8,14,6,22,16,12,0,4,0,0,0,0,0,0,0,0,0,0,0,0,1.0,1.0,1.0,0.0,0.0,0.0,4,0,0
5047,50,18,32,8,14,6,22,16,12,0,4,0,0,0,0,0,0,0,0,0,0,0,0,1.0,1.0,1.0,0.0,0.0,0.0,4,0,0
5048,50,18,32,8,14,6,22,16,12,0,4,0,0,0,0,0,0,0,0,0,0,0,0,1.0,1.0,1.0,0.0,0.0,0.0,4,0,0
5049,53,20,33,11,14,6,22,16,11,0,5,0,0,0,0,0,0,0,0,1,0,0,0,1.0,1.0,1.0,0.06,0.06,0.0,4,3,0
5050,53,20,33,11,14,6,22,16,11,0,5,0,0,0,0,0,0,0,0,0,0,0,0,1.0,1.0,1.0,0.0,0.0,0.0,4,0,0
5051,53,20,33,11,14,6,22,16,11,0,5,0,0,0,0,0,0,0,0,0,0,0,0,1.0,1.0,1.0,0.0,0.0,0.0,4,0,0
5052,53,20,33,11,14,6,22,16,11,0,5,0,0,0,0,0,0,0,0,0,0,0,0,1.0,1.0,1.0,0.0,0.0,0.0,4,0,0
5053,53,20,33,11,14,6,22,16,11,0,5,0,0,0,0,0,0,0,0,0,0,0,0,1.0,1.0,1.0,0.0,0.0,0.0,4,0,0
5054,51,20,31,10,13,6,22,16,11,0,5,0,0,0,0,0,0,0,0,0,2,0,2,0.92,1.0,1.0,0.0,0.0,0.0,4,0,2
5055,51,20,31,10,13,6,22,16,11,0,5,0,0,0,0,0,0,0,0,0,0,0,0,1.0,1.0,1.0,0.0,0.0,0.0,4,0,0
5056,51,20,31,5,18,6,22,16,11,0,5,0,0,0,0,0,0,0,0,0,0,0,0,1.0,1.0,1.0,0.0,0.0,0.0,4,0,0
5057,51,20,31,2,21,6,22,16,11,0,5,0,0,0,0,0,0,0,0,0,0,0,0,1.0,1.0,1.0,0.0,0.0,0.0,4,0,0
5058,50,20,30,2,20,6,22,16,11,0,2,0,0,0,0,0,0,0,0,0,1,0,1,0.9565217391304348,1.0,1.0,0.0,0.0,0.0,4,0,1
5059,50,20,30,2,20,6,22,16,11,0,1,0,0,0,0,0,0,0,0,0,0,0,0,1.0,1.0,1.0,0.0,0.0,0.0,4,0,0
5060,50,20,30,2,20,6,22,16,11,0,1,0,0,0,0,0,0,0,0,0,0,0,0,1.0,1.0,1.0,0.0,0.0,0.0,4,0,0
5061,48,19,29,2,18,6,22,16,11,0,1,0,0,0,0,0,0,0,0,0,2,0,2,0.9090909090909091,1.0,1.0,0.0,0.0,0.0,4,0,2
5062,48,19,29,2,18,6,22,16,11,0,1,0,0,0,0,0,0,0,0,0,0,0,0,1.0,1.0,1.0,0.0,0.0,0.0,4,0,0
5063,48,19,29,2,18,6,22,16,11,0,1,0,0,0,0,0,0,0,0,0,0,0,0,1.0,1.0,1.0,0.0,0.0,0.0,4,0,0
5064,52,21,31,6,18,6,22,16,10,0,2,0,0,0,0,0,0,0,0,1,0,0,0,1.0,1.0,1.0,0.08333333333333333,0.08333333333333333,0.0,4,4,0
5065,52,21,31,6,18,6,22,16,10,0,2,0,0,0,0,0,0,0,0,0,0,0,0,1.0,1.0,1.0,0.0,0.0,0.0,4,0,0
5066,52,21,31,6,18,6,22,16,10,0,2,0,0,0,0,0,0,0,0,0,0,0,0,1.0,1.0,1.0,0.0,0.0,0.0,4,0,0
5067,52,21,31,6,18,6,22,16,10,0,2,0,0,0,0,0,0,0,0,0,0,0,0,1.0,1.0,1.0,0.0,0.0,0.0,4,0,0
5068,52,21,31,6,18,6,22,16,10,0,2,0,0,0,0,0,0,0,0,0,0,0,0,1.0,1.0,1.0,0.0,0.0,0.0,4,0,0
5069,52,21,31,6,18,6,22,16,10,0,2,0,0,0,0,0,0,0,0,0,0,0,0,1.0,1.0,1.0,0.0,0.0,0.0,4,0,0
5070,52,21,31,6,18,6,22,16,10,0,2,0,0,0,0,0,0,0,0,0,0,0,0,1.0,1.0,1.0,0.0,0.0,0.0,4,0,0
5071,52,21,31,6,18,6,22,16,10,0,2,0,0,0,0,0,0,0,0,0,0,0,0,1.0,1.0,1.0,0.0,0.0,0.0,4,0,0
5072,56,23,33,10,18,6,22,16,9,0,3,0,0,0,0,0,0,0,0,1,0,0,0,1.0,1.0,1.0,0.07692307692307693,0.07692307692307693,0.0,4,4,0
5073,56,23,33,10,18,6,22,16,9,0,3,0,0,0,0,0,0,0,0,0,0,0,0,1.0,1.0,1.0,0.0,0.0,0.0,4,0,0
5074,55,22,33,10,18,6,21,16,9,0,3,0,0,0,0,0,0,0,0,0,0,0,0,1.0,0.8333333333333334,1.0,0.0,0.0,0.0,4,0,1
5075,54,22,32,9,18,6,21,16,9,0,3,0,0,0,0,0,0,0,0,0,1,0,1,0.9642857142857143,1.0,1.0,0.0,0.0,0.0,4,0,1
5076,62,23,39,17,18,6,21,16,7,0,5,0,0,0,0,0,0,0,0,2,0,0,0,1.0,1.0,1.0,0.14814814814814814,0.14814814814814814,0.0,4,8,0
5077,68,28,40,23,18,6,21,16,5,0,7,0,0,0,0,0,0,0,0,2,0,0,0,1.0,1.0,1.0,0.0967741935483871,0.0967741935483871,0.0,4,6,0
5078,71,30,41,26,18,6,21,16,4,0,8,0,0,0,0,0,0,0,0,1,1,0,1,0.975609756097561,1.0,1.0,0.058823529411764705,0.058823529411764705,0.0,4,4,1
5079,69,29,40,25,18,6,20,15,3,0,8,0,0,0,0,0,0,0,0,1,4,0,4,0.9090909090909091,1.0,0.9375,0.04225352112676056,0.04225352112676056,0.0,4,3,5
5080,68,28,40,25,17,6,20,15,3,0,8,0,0,0,0,0,0,0,0,0,1,0,1,0.9767441860465116,1.0,1.0,0.0,0.0,0.0,4,0,1
5081,66,29,37,25,16,6,19,14,2,0,9,0,0,0,0,0,0,0,0,1,5,0,5,0.8809523809523809,1.0,0.9333333333333333,0.058823529411764705,0.058823529411764705,0.0,4,4,6
5082,64,28,36,24,15,6,19,14,2,0,9,0,0,0,0,0,0,0,0,0,2,0,2,0.9512195121951219,1.0,1.0,0.0,0.0,0.0,4,0,2
5083,62,27,35,23,14,6,19,14,2,0,9,0,0,0,0,0,0,0,0,0,2,0,2,0.9487179487179487,1.0,1.0,0.0,0.0,0.0,4,0,2
5084,59,26,33,20,14,6,19,14,2,0,9,0,0,0,0,0,0,0,0,0,3,0,3,0.9189189189189189,1.0,1.0,0.0,0.0,0.0,4,0,3
5085,57,25,32,19,13,6,19,14,2,0,9,0,0,0,0,0,0,0,0,0,2,0,2,0.9411764705882353,1.0,1.0,0.0,0.0,0.0,4,0,2
5086,57,25,32,19,13,6,19,14,2,0,9,0,0,0,0,0,0,0,0,0,0,0,0,1.0,1.0,1.0,0.0,0.0,0.0,4,0,0
5087,56,24,32,19,12,6,19,14,2,0,9,0,0,0,0,0,0,0,0,0,1,0,1,0.96875,1.0,1.0,0.0,0.0,0.0,4,0,1
5088,54,23,31,17,12,6,19,14,2,0,9,0,0,0,0,0,0,0,0,0,2,0,2,0.935483870967742,1.0,1.0,0.0,0.0,0.0,4,0,2
5089,57,25,32,20,12,6,19,14,1,0,10,0,0,0,0,0,0,0,0,1,0,0,0,1.0,1.0,1.0,0.05555555555555555,0.05555555555555555,0.0,4,3,0
5090,57,25,32,20,12,6,19,14,1,0,10,0,0,0,0,0,0,0,0,0,0,0,0,1.0,1.0,1.0,0.0,0.0,0.0,4,0,0
5091,57,25,32,20,12,6,19,14,1,0,10,0,0,0,0,0,0,0,0,0,0,0,0,1.0,1.0,1.0,0.0,0.0,0.0,4,0,0
5092,54,24,30,17,12,6,19,14,1,0,10,0,0,0,0,0,0,0,0,0,3,0,3,0.90625,1.0,1.0,0.0,0.0,0.0,4,0,3
5093,54,24,30,17,12,6,19,14,1,0,10,0,0,0,0,0,0,0,0,0,0,0,0,1.0,1.0,1.0,0.0,0.0,0.0,4,0,0
5094,54,24,30,17,12,6,19,14,1,0,10,0,0,0,0,0,0,0,0,0,0,0,0,1.0,1.0,1.0,0.0,0.0,0.0,4,0,0
5095,54,24,30,17,12,6,19,14,1,0,10,0,0,0,0,0,0,0,0,0,0,0,0,1.0,1.0,1.0,0.0,0.0,0.0,4,0,0
5096,53,23,30,16,12,6,19,14,1,0,10,0,0,0,0,0,0,0,0,0,1,0,1,0.9655172413793104,1.0,1.0,0.0,0.0,0.0,4,0,1
5097,52,23,29,16,11,6,19,14,1,0,10,0,0,0,0,0,0,0,0,0,1,0,1,0.9642857142857143,1.0,1.0,0.0,0.0,0.0,4,0,1
5098,51,22,29,16,11,6,18,14,1,0,10,0,0,0,0,0,0,0,0,0,0,0,0,1.0,0.8,1.0,0.0,0.0,0.0,4,0,1
5099,51,22,29,16,11,6,18,14,1,0,10,0,0,0,0,0,0,0,0,0,0,0,0,1.0,1.0,1.0,0.0,0.0,0.0,4,0,0
5100,51,22,29,16,11,6,18,14,1,0,10,0,0,0,0,0,0,0,0,0,0,0,0,1.0,1.0,1.0,0.0,0.0,0.0,4,0,0
5101,51,22,29,16,11,6,18,14,1,0,10,0,0,0,0,0,0,0,0,0,0,0,0,1.0,1.0,1.0,0.0,0.0,0.0,4,0,0
5102,51,22,29,16,11,6,18,14,1,0,10,0,0,0,0,0,0,0,0,0,0,0,0,1.0,1.0,1.0,0.0,0.0,0.0,4,0,0
5103,51,22,29,16,11,6,18,14,1,0,10,0,0,0,0,0,0,0,0,0,0,0,0,1.0,1.0,1.0,0.0,0.0,0.0,4,0,0
5104,50,22,28,16,10,6,18,14,1,0,10,0,0,0,0,0,0,0,0,0,1,0,1,0.962962962962963,1.0,1.0,0.0,0.0,0.0,4,0,1
5105,50,22,28,16,10,6,18,14,1,0,10,0,0,0,0,0,0,0,0,0,0,0,0,1.0,1.0,1.0,0.0,0.0,0.0,4,0,0
5106,50,22,28,16,10,6,18,14,1,0,10,0,0,0,0,0,0,0,0,0,0,0,0,1.0,1.0,1.0,0.0,0.0,0.0,4,0,0
5107,49,22,27,15,10,6,18,14,1,0,10,0,0,0,0,0,0,0,0,0,1,0,1,0.9615384615384616,1.0,1.0,0.0,0.0,0.0,4,0,1
5108,48,21,27,15,10,6,17,14,1,0,10,0,0,0,0,0,0,0,0,0,0,0,0,1.0,0.75,1.0,0.0,0.0,0.0,4,0,1
5109,51,22,29,19,9,6,17,14,0,0,10,0,0,0,0,0,0,0,0,1,1,0,1,0.96,1.0,1.0,0.08333333333333333,0.08333333333333333,0.0,4,4,1
5110,51,22,29,19,9,6,17,14,0,0,10,0,0,0,0,0,0,0,0,0,0,0,0,1.0,1.0,1.0,0.0,0.0,0.0,4,0,0
5111,50,22,28,19,8,6,17,14,0,0,10,0,0,0,0,0,0,0,0,0,1,0,1,0.9642857142857143,1.0,1.0,0.0,0.0,0.0,4,0,1
5112,50,22,28,19,8,6,17,14,0,0,10,0,0,0,0,0,0,0,0,0,0,0,0,1.0,1.0,1.0,0.0,0.0,0.0,4,0,0
5113,49,21,28,18,8,6,17,14,0,0,10,0,0,0,0,0,0,0,0,0,1,0,1,0.962962962962963,1.0,1.0,0.0,0.0,0.0,4,0,1
5114,49,21,28,18,8,5,18,15,0,0,10,0,0,0,0,0,0,0,0,0,0,0,0,1.0,1.0,1.0,0.0,0.0,0.0,4,0,0
5115,49,21,28,16,10,5,18,15,0,0,10,0,0,0,0,0,0,0,0,0,0,0,0,1.0,1.0,1.0,0.0,0.0,0.0,4,0,0
5116,49,21,28,16,10,5,18,15,0,0,10,0,0,0,0,0,0,0,0,0,0,0,0,1.0,1.0,1.0,0.0,0.0,0.0,4,0,0
5117,49,21,28,16,10,5,18,15,0,0,9,0,0,0,0,0,0,0,0,0,0,0,0,1.0,1.0,1.0,0.0,0.0,0.0,4,0,0
5118,49,21,28,16,10,5,18,15,0,0,9,0,0,0,0,0,0,0,0,0,0,0,0,1.0,1.0,1.0,0.0,0.0,0.0,4,0,0
5119,49,21,28,13,13,5,18,15,0,0,9,0,0,0,0,0,0,0,0,0,0,0,0,1.0,1.0,1.0,0.0,0.0,0.0,4,0,0
5120,49,21,28,10,16,5,18,15,0,0,9,0,0,0,0,0,0,0,0,0,0,0,0,1.0,1.0,1.0,0.0,0.0,0.0,4,0,0
5121,49,21,28,9,17,5,18,15,0,0,7,0,0,0,0,0,0,0,0,0,0,0,0,1.0,1.0,1.0,0.0,0.0,0.0,4,0,0
5122,49,21,28,7,19,5,18,15,0,0,5,0,0,0,0,0,0,0,0,0,0,0,0,1.0,1.0,1.0,0.0,0.0,0.0,4,0,0
5123,49,21,28,7,19,5,18,15,0,0,4,0,0,0,0,0,0,0,0,0,0,0,0,1.0,1.0,1.0,0.0,0.0,0.0,4,0,0
5124,49,21,28,5,21,5,18,15,0,0,3,0,0,0,0,0,0,0,0,0,0,0,0,1.0,1.0,1.0,0.0,0.0,0.0,4,0,0
5125,49,21,28,5,21,5,18,15,0,0,3,0,0,0,0,0,0,0,0,0,0,0,0,1.0,1.0,1.0,0.0,0.0,0.0,4,0,0
5126,49,21,28,5,21,5,18,15,0,0,2,0,0,0,0,0,0,0,0,0,0,0,0,1.0,1.0,1.0,0.0,0.0,0.0,4,0,0
5127,49,21,28,5,21,5,18,15,0,0,2,0,0,0,0,0,0,0,0,0,0,0,0,1.0,1.0,1.0,0.0,0.0,0.0,4,0,0
5128,49,21,28,5,21,5,18,15,0,0,2,0,0,0,0,0,0,0,0,0,0,0,0,1.0,1.0,1.0,0.0,0.0,0.0,4,0,0
5129,49,21,28,5,21,5,18,15,0,0,2,0,0,0,0,0,0,0,0,0,0,0,0,1.0,1.0,1.0,0.0,0.0,0.0,4,0,0
5130,49,21,28,5,21,5,18,15,0,0,2,0,0,0,0,0,0,0,0,0,0,0,0,1.0,1.0,1.0,0.0,0.0,0.0,4,0,0
5131,49,21,28,5,21,5,18,15,0,0,2,0,0,0,0,0,0,0,0,0,0,0,0,1.0,1.0,1.0,0.0,0.0,0.0,4,0,0
5132,49,21,28,3,23,5,18,15,0,0,2,0,0,0,0,0,0,0,0,0,0,0,0,1.0,1.0,1.0,0.0,0.0,0.0,4,0,0
5133,49,21,28,3,23,5,18,15,0,0,2,0,0,0,0,0,0,0,0,0,0,1,0,1.0,1.0,1.0,0.0,0.0,0.0,4,0,0
5134,49,21,28,3,23,5,18,15,0,0,1,0,0,0,0,0,0,0,0,0,0,0,0,1.0,1.0,1.0,0.0,0.0,0.0,4,0,0
5135,49,21,28,3,23,5,18,15,0,0,1,0,0,0,0,0,0,0,0,0,0,0,0,1.0,1.0,1.0,0.0,0.0,0.0,4,0,0
5136,47,20,27,3,21,5,18,15,0,0,1,0,0,0,0,0,0,0,0,0,2,0,2,0.9230769230769231,1.0,1.0,0.0,0.0,0.0,4,0,2
5137,47,20,27,3,20,6,18,15,0,0,1,0,0,0,0,0,0,0,0,0,0,0,0,1.0,1.0,1.0,0.0,0.0,0.0,4,0,0
5138,47,20,27,3,20,6,18,15,0,0,1,0,0,0,0,0,0,0,0,0,0,0,0,1.0,1.0,1.0,0.0,0.0,0.0,4,0,0
5139,47,20,27,3,20,6,18,15,0,0,1,0,0,0,0,0,0,0,0,0,0,1,0,1.0,1.0,1.0,0.0,0.0,0.0,4,0,0
5140,46,20,26,3,19,6,18,15,1,1,1,0,0,0,0,0,12,1,1,0,1,0,1,0.9565217391304348,1.0,1.0,0.0,0.0,0.08333333333333333,4,0,1
5141,46,20,26,3,19,6,18,15,4,2,1,0,0,0,0,0,19,3,1,0,0,0,0,1.0,1.0,1.0,0.0,0.0,0.15789473684210525,4,0,0
5142,46,20,26,3,19,6,18,15,7,3,1,0,0,0,0,0,9,3,1,0,0,0,0,1.0,1.0,1.0,0.0,0.0,0.3333333333333333,4,0,0
5143,46,20,26,3,18,7,18,15,9,3,1,0,0,0,0,0,7,2,0,0,0,0,0,1.0,1.0,1.0,0.0,0.0,0.2857142857142857,4,0,0
5144,46,20,26,3,18,7,18,15,9,3,1,0,0,0,0,0,5,0,0,0,0,0,0,1.0,1.0,1.0,0.0,0.0,0.0,4,0,0
5145,46,20,26,3,18,7,18,15,9,3,1,0,0,0,0,0,0,0,0,0,0,0,0,1.0,1.0,1.0,0.0,0.0,0.0,4,0,0
5146,46,20,26,3,18,7,18,15,9,3,1,0,0,0,0,0,0,0,0,0,0,0,0,1.0,1.0,1.0,0.0,0.0,0.0,4,0,0
5147,46,20,26,3,18,7,18,15,9,3,1,0,0,0,0,0,0,0,0,0,0,0,0,1.0,1.0,1.0,0.0,0.0,0.0,4,0,0
5148,46,20,26,3,18,7,18,15,9,3,1,0,0,0,0,0,0,0,0,0,0,1,0,1.0,1.0,1.0,0.0,0.0,0.0,4,0,0
5149,46,20,26,3,18,7,18,15,9,3,1,0,0,0,0,0,0,0,0,0,0,0,0,1.0,1.0,1.0,0.0,0.0,0.0,4,0,0
5150,46,20,26,3,18,7,18,15,9,3,1,0,0,0,0,0,0,0,0,0,0,0,0,1.0,1.0,1.0,0.0,0.0,0.0,4,0,0
5151,46,20,26,3,18,7,18,15,9,3,1,0,0,0,0,0,0,0,0,0,0,0,0,1.0,1.0,1.0,0.0,0.0,0.0,4,0,0
5152,46,20,26,0,20,8,18,15,9,3,1,0,0,0,0,0,0,0,0,0,0,0,0,1.0,1.0,1.0,0.0,0.0,0.0,4,0,0
5153,46,20,26,0,20,8,18,15,10,3,1,0,0,0,0,0,6,1,0,0,0,0,0,1.0,1.0,1.0,0.0,0.0,0.16666666666666666,4,0,0
5154,46,20,26,0,20,8,18,15,11,3,0,0,0,0,0,0,4,1,0,0,0,0,0,1.0,1.0,1.0,0.0,0.0,0.25,4,0,0
5155,46,20,26,0,20,8,18,15,11,3,0,0,0,0,0,0,5,0,0,0,0,0,0,1.0,1.0,1.0,0.0,0.0,0.0,4,0,0
5156,46,20,26,0,20,8,18,15,11,3,0,0,0,0,0,0,2,0,0,0,0,0,0,1.0,1.0,1.0,0.0,0.0,0.0,4,0,0
5157,45,19,26,0,19,8,18,15,12,3,0,0,0,0,0,0,4,1,0,0,1,0,1,0.95,1.0,1.0,0.0,0.0,0.25,4,0,1
5158,45,19,26,0,19,8,18,15,12,3,0,0,0,0,0,0,0,0,0,0,0,0,0,1.0,1.0,1.0,0.0,0.0,0.0,4,0,0
5159,45,19,26,0,19,8,18,15,12,3,0,0,0,0,0,0,0,0,0,0,0,0,0,1.0,1.0,1.0,0.0,0.0,0.0,4,0,0
5160,45,19,26,0,19,8,18,15,12,3,0,0,0,0,0,0,0,0,0,0,0,0,0,1.0,1.0,1.0,0.0,0.0,0.0,4,0,0
5161,45,19,26,0,19,8,18,15,12,3,0,0,0,0,0,0,0,0,0,0,0,0,0,1.0,1.0,1.0,0.0,0.0,0.0,4,0,0
5162,45,19,26,0,19,8,18,15,12,3,0,0,0,0,0,0,0,0,0,0,0,0,0,1.0,1.0,1.0,0.0,0.0,0.0,4,0,0
5163,45,19,26,0,19,8,18,15,12,3,0,0,0,0,0,0,0,0,0,0,0,0,0,1.0,1.0,1.0,0.0,0.0,0.0,4,0,0
5164,45,19,26,0,19,8,18,15,12,3,0,0,0,0,0,0,0,0,0,0,0,0,0,1.0,1.0,1.0,0.0,0.0,0.0,4,0,0
5165,45,19,26,0,19,8,18,15,12,3,0,0,0,0,0,0,0,0,0,0,0,0,0,1.0,1.0,1.0,0.0,0.0,0.0,4,0,0
5166,45,19,26,0,19,8,18,15,12,3,0,0,0,0,0,0,0,0,0,0,0,0,0,1.0,1.0,1.0,0.0,0.0,0.0,4,0,0
5167,45,19,26,0,19,8,18,15,12,3,0,0,0,0,0,0,0,0,0,0,0,0,0,1.0,1.0,1.0,0.0,0.0,0.0,4,0,0
5168,45,19,26,0,19,8,18,15,12,3,0,0,0,0,0,0,0,0,0,0,0,0,0,1.0,1.0,1.0,0.0,0.0,0.0,4,0,0
5169,45,19,26,0,19,8,18,15,12,3,0,0,0,0,0,0,0,0,0,0,0,0,0,1.0,1.0,1.0,0.0,0.0,0.0,4,0,0
5170,45,19,26,0,19,8,18,15,12,3,0,0,0,0,0,0,0,0,0,0,0,0,0,1.0,1.0,1.0,0.0,0.0,0.0,4,0,0
5171,45,19,26,0,19,8,18,15,12,3,0,0,0,0,0,0,0,0,0,0,0,0,0,1.0,1.0,1.0,0.0,0.0,0.0,4,0,0
5172,45,19,26,0,19,7,19,15,12,3,0,0,0,0,0,0,0,0,0,0,0,0,0,1.0,1.0,1.0,0.0,0.0,0.0,4,0,0
5173,45,19,26,0,19,6,20,15,12,3,0,0,0,0,0,0,0,0,0,0,0,0,0,1.0,1.0,1.0,0.0,0.0,0.0,4,0,0
5174,45,19,26,0,19,5,21,15,12,3,0,0,0,0,0,0,0,0,0,0,0,0,0,1.0,1.0,1.0,0.0,0.0,0.0,4,0,0
5175,45,19,26,0,19,5,21,15,12,3,0,0,0,0,0,0,0,0,0,0,0,0,0,1.0,1.0,1.0,0.0,0.0,0.0,4,0,0
5176,45,19,26,0,19,5,21,15,12,3,0,0,0,0,0,0,0,0,0,0,0,0,0,1.0,1.0,1.0,0.0,0.0,0.0,4,0,0
5177,44,19,25,0,18,5,21,15,12,3,0,0,0,0,0,0,0,0,0,0,1,0,1,0.9473684210526316,1.0,1.0,0.0,0.0,0.0,4,0,1
5178,44,19,25,0,18,5,21,15,12,3,0,0,0,0,0,0,0,0,0,0,0,0,0,1.0,1.0,1.0,0.0,0.0,0.0,4,0,0
5179,44,19,25,0,18,5,21,15,12,3,0,0,0,0,0,0,0,0,0,0,0,0,0,1.0,1.0,1.0,0.0,0.0,0.0,4,0,0
5180,44,19,25,0,18,5,21,15,12,3,0,0,0,0,0,0,0,0,0,0,0,0,0,1.0,1.0,1.0,0.0,0.0,0.0,4,0,0
5181,44,19,25,0,18,5,21,15,12,3,0,0,0,0,0,0,0,0,0,0,0,0,0,1.0,1.0,1.0,0.0,0.0,0.0,4,0,0
5182,44,19,25,0,18,5,21,15,12,3,0,0,0,0,0,0,0,0,0,0,0,0,0,1.0,1.0,1.0,0.0,0.0,0.0,4,0,0
5183,44,19,25,0,18,5,21,15,12,3,0,0,0,0,0,0,0,0,0,0,0,0,0,1.0,1.0,1.0,0.0,0.0,0.0,4,0,0
5184,44,19,25,0,18,5,21,15,12,3,0,0,0,0,0,0,0,0,0,0,0,0,0,1.0,1.0,1.0,0.0,0.0,0.0,4,0,0
5185,44,19,25,0,18,5,21,15,12,2,0,0,0,0,0,0,0,0,0,0,0,0,0,1.0,1.0,1.0,0.0,0.0,0.0,4,0,0
5186,44,19,25,0,18,5,21,15,13,1,0,0,0,0,0,0,6,1,0,0,0,0,0,1.0,1.0,1.0,0.0,0.0,0.16666666666666666,4,0,0
5187,43,18,25,0,17,5,21,15,14,0,0,0,0,0,0,0,5,1,0,0,1,0,1,0.9444444444444444,1.0,1.0,0.0,0.0,0.2,4,0,1
5188,43,18,25,0,17,5,21,15,14,0,0,0,0,0,0,0,2,0,0,0,0,0,0,1.0,1.0,1.0,0.0,0.0,0.0,4,0,0
5189,43,18,25,0,17,5,21,15,15,0,0,0,0,0,0,0,5,1,0,0,0,0,0,1.0,1.0,1.0,0.0,0.0,0.2,4,0,0
5190,43,18,25,0,17,5,21,15,15,0,0,0,0,0,0,0,0,0,0,0,0,0,0,1.0,1.0,1.0,0.0,0.0,0.0,4,0,0
5191,43,18,25,0,17,5,21,15,15,0,0,0,0,0,0,0,0,0,0,0,0,0,0,1.0,1.0,1.0,0.0,0.0,0.0,4,0,0
5192,43,18,25,0,17,5,21,15,15,0,0,0,0,0,0,0,0,0,0,0,0,0,0,1.0,1.0,1.0,0.0,0.0,0.0,4,0,0
5193,42,18,24,0,17,5,20,14,14,0,0,0,0,0,0,0,0,0,0,0,0,3,0,1.0,1.0,0.9333333333333333,0.0,0.0,0.0,4,0,1
5194,41,17,24,0,16,5,20,14,14,0,0,0,0,0,0,0,0,0,0,0,1,1,1,0.9411764705882353,1.0,1.0,0.0,0.0,0.0,4,0,1
5195,41,17,24,0,16,5,20,14,14,0,0,0,0,0,0,0,0,0,0,0,0,0,0,1.0,1.0,1.0,0.0,0.0,0.0,4,0,0
5196,40,16,24,0,15,5,20,14,14,0,0,0,0,0,0,0,0,0,0,0,1,0,1,0.9375,1.0,1.0,0.0,0.0,0.0,4,0,1
5197,40,16,24,0,12,7,21,15,14,0,0,0,0,0,0,0,0,0,0,0,0,0,0,1.0,1.0,1.0,0.0,0.0,0.0,4,0,0
5198,40,16,24,0,11,8,21,15,14,0,0,0,0,0,0,0,0,0,0,0,0,0,0,1.0,1.0,1.0,0.0,0.0,0.0,4,0,0
5199,40,16,24,0,11,8,21,15,14,0,0,0,0,0,0,0,0,0,0,0,0,0,0,1.0,1.0,1.0,0.0,0.0,0.0,4,0,0
5200,40,16,24,0,11,8,21,15,14,0,0,0,0,0,0,0,0,0,0,0,0,0,0,1.0,1.0,1.0,0.0,0.0,0.0,4,0,0
5201,40,16,24,0,11,8,21,15,14,0,0,0,0,0,0,0,0,0,0,0,0,0,0,1.0,1.0,1.0,0.0,0.0,0.0,4,0,0
5202,40,16,24,0,11,8,21,15,14,0,0,0,0,0,0,0,0,0,0,0,0,0,0,1.0,1.0,1.0,0.0,0.0,0.0,4,0,0
5203,40,16,24,0,11,8,21,15,14,0,0,0,0,0,0,0,0,0,0,0,0,0,0,1.0,1.0,1.0,0.0,0.0,0.0,4,0,0
5204,40,16,24,0,11,8,21,15,14,0,0,0,0,0,0,0,0,0,0,0,0,0,0,1.0,1.0,1.0,0.0,0.0,0.0,4,0,0
5205,44,17,27,4,11,8,21,15,13,0,1,0,0,0,0,0,2,0,0,1,0,0,0,1.0,1.0,1.0,0.1,0.1,0.0,4,4,0
5206,54,21,33,14,11,8,21,15,10,0,4,0,0,0,0,0,6,0,0,3,0,0,0,1.0,1.0,1.0,0.22727272727272727,0.22727272727272727,0.0,4,10,0
5207,61,26,35,22,10,8,21,15,9,0,6,0,0,0,0,0,6,1,0,2,1,0,1,0.96,1.0,1.0,0.14814814814814814,0.14814814814814814,0.16666666666666666,4,8,1
5208,68,32,36,29,10,8,21,15,7,0,8,0,0,0,0,0,0,0,0,2,0,0,0,1.0,1.0,1.0,0.11475409836065574,0.11475409836065574,0.0,4,7,0
5209,64,29,35,27,8,8,21,15,7,0,8,0,0,0,0,0,0,0,0,0,4,0,4,0.8974358974358975,1.0,1.0,0.0,0.0,0.0,4,0,4
5210,61,28,33,24,8,8,21,15,7,0,8,0,0,0,0,0,0,0,0,0,3,0,3,0.9142857142857143,1.0,1.0,0.0,0.0,0.0,4,0,3
5211,60,27,33,23,8,8,21,15,7,0,8,0,0,0,0,0,0,0,0,0,1,0,1,0.96875,1.0,1.0,0.0,0.0,0.0,4,0,1
5212,60,27,33,23,8,8,21,15,7,0,8,0,0,0,0,0,0,0,0,0,0,0,0,1.0,1.0,1.0,0.0,0.0,0.0,4,0,0
5213,60,27,33,23,8,8,21,15,7,0,8,0,0,0,0,0,0,0,0,0,0,0,0,1.0,1.0,1.0,0.0,0.0,0.0,4,0,0
5214,60,27,33,23,8,8,21,15,7,0,8,0,0,0,0,0,0,0,0,0,0,0,0,1.0,1.0,1.0,0.0,0.0,0.0,4,0,0
5215,59,27,32,22,8,8,21,15,7,0,8,0,0,0,0,0,0,0,0,0,1,0,1,0.967741935483871,1.0,1.0,0.0,0.0,0.0,4,0,1
5216,58,26,32,22,8,8,20,15,7,0,8,0,0,0,0,0,0,0,0,0,0,0,0,1.0,0.8333333333333334,1.0,0.0,0.0,0.0,4,0,1
5217,58,26,32,22,8,8,20,15,7,0,8,0,0,0,0,0,0,0,0,0,0,0,0,1.0,1.0,1.0,0.0,0.0,0.0,4,0,0
5218,61,28,33,25,8,8,20,15,6,0,9,0,0,0,0,0,0,0,0,1,0,0,0,1.0,1.0,1.0,0.05172413793103448,0.05172413793103448,0.0,4,3,0
5219,65,29,36,29,8,8,20,15,5,0,10,0,0,0,0,0,0,0,0,1,0,0,0,1.0,1.0,1.0,0.06557377049180328,0.06557377049180328,0.0,4,4,0
5220,62,26,36,26,8,8,20,15,5,0,10,0,0,0,0,0,0,0,0,0,3,0,3,0.9189189189189189,1.0,1.0,0.0,0.0,0.0,4,0,3
5221,60,25,35,24,8,8,20,15,5,0,10,0,0,0,0,0,0,0,0,0,2,0,2,0.9411764705882353,1.0,1.0,0.0,0.0,0.0,4,0,2
5222,63,27,36,27,8,8,20,15,4,0,11,0,0,0,0,0,0,0,0,1,1,0,1,0.96875,1.0,1.0,0.06666666666666667,0.06666666666666667,0.0,4,4,1
5223,63,27,36,27,8,8,20,15,4,0,11,0,0,0,0,0,0,0,0,0,0,0,0,1.0,1.0,1.0,0.0,0.0,0.0,4,0,0
5224,62,26,36,26,8,8,20,15,4,0,11,0,0,0,0,0,0,0,0,0,1,0,1,0.9714285714285714,1.0,1.0,0.0,0.0,0.0,4,0,1
5225,62,26,36,26,8,8,20,15,4,0,11,0,0,0,0,0,0,0,0,0,0,0,0,1.0,1.0,1.0,0.0,0.0,0.0,4,0,0
5226,60,24,36,25,8,6,21,16,4,0,11,0,0,0,0,0,0,0,0,0,1,0,1,0.9705882352941176,1.0,1.0,0.0,0.0,0.0,4,0,2
5227,60,24,36,25,8,6,21,16,4,0,11,0,0,0,0,0,0,0,0,0,0,0,0,1.0,1.0,1.0,0.0,0.0,0.0,4,0,0
5228,60,24,36,25,8,6,21,16,4,0,11,0,0,0,0,0,0,0,0,0,0,0,0,1.0,1.0,1.0,0.0,0.0,0.0,4,0,0
5229,59,24,35,25,7,6,21,16,4,0,11,0,0,0,0,0,0,0,0,0,1,1,1,0.9696969696969697,1.0,1.0,0.0,0.0,0.0,4,0,1
5230,57,23,34,23,7,6,21,16,4,0,11,0,0,0,0,0,0,0,0,0,2,0,2,0.9375,1.0,1.0,0.0,0.0,0.0,4,0,2
5231,57,23,34,23,7,6,21,16,5,0,11,0,0,0,0,0,4,1,0,0,0,0,0,1.0,1.0,1.0,0.0,0.0,0.25,4,0,0
5232,56,22,34,22,7,6,21,16,5,0,11,0,0,0,0,0,0,0,0,0,1,0,1,0.9666666666666667,1.0,1.0,0.0,0.0,0.0,4,0,1
5233,56,22,34,22,6,7,21,16,5,0,11,0,0,0,0,0,0,0,0,0,0,0,0,1.0,1.0,1.0,0.0,0.0,0.0,4,0,0
5234,54,21,33,20,6,7,21,16,5,0,11,0,0,0,0,0,0,0,0,0,2,0,2,0.9285714285714286,1.0,1.0,0.0,0.0,0.0,4,0,2
5235,54,21,33,20,6,7,21,16,5,0,11,0,0,0,0,0,0,0,0,0,0,0,0,1.0,1.0,1.0,0.0,0.0,0.0,4,0,0
5236,54,21,33,20,6,7,21,16,5,0,11,0,0,0,0,0,0,0,0,0,0,0,0,1.0,1.0,1.0,0.0,0.0,0.0,4,0,0
5237,53,21,32,19,6,7,21,16,5,0,11,0,0,0,0,0,0,0,0,0,1,0,1,0.9615384615384616,1.0,1.0,0.0,0.0,0.0,4,0,1
5238,53,21,32,19,6,7,21,16,5,0,11,0,0,0,0,0,0,0,0,0,0,0,0,1.0,1.0,1.0,0.0,0.0,0.0,4,0,0
5239,53,21,32,19,6,7,21,16,5,0,11,0,0,0,0,0,0,0,0,0,0,0,0,1.0,1.0,1.0,0.0,0.0,0.0,4,0,0
5240,52,21,31,18,6,7,21,16,5,0,11,0,0,0,0,0,0,0,0,0,1,0,1,0.96,1.0,1.0,0.0,0.0,0.0,4,0,1
5241,52,21,31,18,6,7,21,16,5,0,11,0,0,0,0,0,0,0,0,0,0,0,0,1.0,1.0,1.0,0.0,0.0,0.0,4,0,0
5242,51,20,31,17,6,7,21,16,5,0,11,0,0,0,0,0,0,0,0,0,1,0,1,0.9583333333333334,1.0,1.0,0.0,0.0,0.0,4,0,1
5243,51,20,31,17,6,7,21,16,5,0,11,0,0,0,0,0,0,0,0,0,0,0,0,1.0,1.0,1.0,0.0,0.0,0.0,4,0,0
5244,49,20,29,17,4,7,21,16,5,0,11,0,0,0,0,0,0,0,0,0,2,0,2,0.9130434782608696,1.0,1.0,0.0,0.0,0.0,4,0,2
5245,49,20,29,17,4,7,21,16,5,0,11,0,0,0,0,0,0,0,0,0,0,0,0,1.0,1.0,1.0,0.0,0.0,0.0,4,0,0
5246,48,20,28,16,4,7,21,16,5,0,11,0,0,0,0,0,0,0,0,0,1,0,1,0.9523809523809523,1.0,1.0,0.0,0.0,0.0,4,0,1
5247,48,20,28,16,4,7,21,16,5,0,11,0,0,0,0,0,0,0,0,0,0,0,0,1.0,1.0,1.0,0.0,0.0,0.0,4,0,0
5248,47,20,27,14,5,7,21,16,5,0,11,0,0,0,0,0,0,0,0,0,1,0,1,0.95,1.0,1.0,0.0,0.0,0.0,4,0,1
5249,46,19,27,8,10,7,21,16,5,0,11,0,0,0,0,0,0,0,0,0,1,0,1,0.9473684210526316,1.0,1.0,0.0,0.0,0.0,4,0,1
5250,46,19,27,7,11,7,21,16,5,0,10,0,0,0,0,0,0,0,0,0,0,0,0,1.0,1.0,1.0,0.0,0.0,0.0,4,0,0
5251,48,19,29,8,12,7,21,16,4,0,8,0,0,0,0,0,8,0,0,1,1,0,1,0.9444444444444444,1.0,1.0,0.06521739130434782,0.06521739130434782,0.0,4,3,1
5252,51,20,31,11,12,7,21,16,6,0,7,0,0,0,0,0,16,3,0,1,0,0,0,1.0,1.0,1.0,0.0625,0.0625,0.1875,4,3,0
5253,51,20,31,11,12,7,21,16,8,1,5,0,0,0,0,0,11,2,1,0,0,0,0,1.0,1.0,1.0,0.0,0.0,0.18181818181818182,4,0,0
5254,54,22,32,14,12,7,21,16,9,1,6,0,0,0,0,0,9,2,0,1,0,0,0,1.0,1.0,1.0,0.058823529411764705,0.058823529411764705,0.2222222222222222,4,3,0
5255,54,22,32,14,12,7,21,16,9,1,6,0,0,0,0,0,0,0,0,0,0,0,0,1.0,1.0,1.0,0.0,0.0,0.0,4,0,0
5256,54,22,32,14,12,7,21,16,9,1,6,0,0,0,0,0,0,0,0,0,0,1,0,1.0,1.0,1.0,0.0,0.0,0.0,4,0,0
5257,54,22,32,14,12,7,21,16,9,1,6,0,0,0,0,0,0,0,0,0,0,0,0,1.0,1.0,1.0,0.0,0.0,0.0,4,0,0
5258,51,20,31,14,10,6,21,16,9,1,6,0,0,0,0,0,0,0,0,0,2,0,2,0.9230769230769231,1.0,1.0,0.0,0.0,0.0,4,0,3
5259,51,20,31,14,10,6,21,16,9,1,6,0,0,0,0,0,0,0,0,0,0,0,0,1.0,1.0,1.0,0.0,0.0,0.0,4,0,0
5260,51,20,31,14,9,7,21,16,9,1,6,0,0,0,0,0,0,0,0,0,0,0,0,1.0,1.0,1.0,0.0,0.0,0.0,4,0,0
5261,51,20,31,13,10,7,21,16,9,1,6,0,0,0,0,0,0,0,0,0,0,1,0,1.0,1.0,1.0,0.0,0.0,0.0,4,0,0
5262,51,20,31,11,12,7,21,16,9,1,6,0,0,0,0,0,0,0,0,0,0,0,0,1.0,1.0,1.0,0.0,0.0,0.0,4,0,0
5263,50,20,30,11,12,6,21,16,9,1,5,0,0,0,0,0,0,0,0,0,0,0,0,1.0,1.0,1.0,0.0,0.0,0.0,4,0,1
5264,50,20,30,11,12,6,21,16,10,1,4,0,0,0,0,0,8,1,0,0,0,0,0,1.0,1.0,1.0,0.0,0.0,0.125,4,0,0
5265,49,20,29,9,13,6,21,16,11,1,4,0,0,0,0,0,5,1,0,0,0,0,0,1.0,1.0,1.0,0.0,0.0,0.2,4,0,1
5266,49,20,29,9,13,6,21,16,11,1,4,0,0,0,0,0,0,0,0,0,0,0,0,1.0,1.0,1.0,0.0,0.0,0.0,4,0,0
5267,49,20,29,9,13,6,21,16,11,1,3,0,0,0,0,0,0,0,0,0,0,0,0,1.0,1.0,1.0,0.0,0.0,0.0,4,0,0
5268,49,20,29,9,13,6,21,16,12,1,3,0,0,0,0,0,2,1,0,0,0,0,0,1.0,1.0,1.0,0.0,0.0,0.5,4,0,0
5269,49,20,29,9,13,6,21,16,12,1,3,0,0,0,0,0,0,0,0,0,0,1,0,1.0,1.0,1.0,0.0,0.0,0.0,4,0,0
5270,49,20,29,9,13,6,21,16,12,1,3,0,0,0,0,0,0,0,0,0,0,0,0,1.0,1.0,1.0,0.0,0.0,0.0,4,0,0
5271,48,19,29,9,13,6,20,16,12,1,3,0,0,0,0,0,0,0,0,0,0,0,0,1.0,0.8,1.0,0.0,0.0,0.0,4,0,1
5272,51,21,30,12,13,5,21,16,11,1,4,0,0,0,0,0,0,0,0,1,0,0,0,1.0,1.0,1.0,0.0625,0.0625,0.0,4,3,0
5273,51,21,30,12,12,6,21,16,11,1,4,0,0,0,0,0,0,0,0,0,0,0,0,1.0,1.0,1.0,0.0,0.0,0.0,4,0,0
5274,51,21,30,12,12,6,21,16,11,1,4,0,0,0,0,0,0,0,0,0,0,0,0,1.0,1.0,1.0,0.0,0.0,0.0,4,0,0
5275,51,21,30,12,12,6,21,16,11,1,4,0,0,0,0,0,0,0,0,0,0,0,0,1.0,1.0,1.0,0.0,0.0,0.0,4,0,0
5276,51,21,30,12,12,6,21,16,11,1,4,0,0,0,0,0,0,0,0,0,0,0,0,1.0,1.0,1.0,0.0,0.0,0.0,4,0,0
5277,51,21,30,12,12,6,21,16,11,1,4,0,0,0,0,0,0,0,0,0,0,0,0,1.0,1.0,1.0,0.0,0.0,0.0,4,0,0
5278,51,21,30,12,12,6,21,16,11,1,4,0,0,0,0,0,0,0,0,0,0,0,0,1.0,1.0,1.0,0.0,0.0,0.0,4,0,0
5279,51,21,30,12,12,6,21,16,11,1,4,0,0,0,0,0,0,0,0,0,0,0,0,1.0,1.0,1.0,0.0,0.0,0.0,4,0,0
5280,51,21,30,12,12,6,21,16,11,1,4,0,0,0,0,0,0,0,0,0,0,0,0,1.0,1.0,1.0,0.0,0.0,0.0,4,0,0
5281,51,21,30,12,12,6,21,16,11,1,4,0,0,0,0,0,0,0,0,0,0,0,0,1.0,1.0,1.0,0.0,0.0,0.0,4,0,0
5282,51,21,30,12,12,6,21,16,11,1,4,0,0,0,0,0,0,0,0,0,0,0,0,1.0,1.0,1.0,0.0,0.0,0.0,4,0,0
5283,51,21,30,12,12,6,21,16,11,1,4,0,0,0,0,0,0,0,0,0,0,0,0,1.0,1.0,1.0,0.0,0.0,0.0,4,0,0
5284,51,21,30,12,12,6,21,16,11,1,4,0,0,0,0,0,0,0,0,0,0,0,0,1.0,1.0,1.0,0.0,0.0,0.0,4,0,0
5285,51,21,30,12,12,6,21,16,11,1,4,0,0,0,0,0,0,0,0,0,0,0,0,1.0,1.0,1.0,0.0,0.0,0.0,4,0,0
5286,50,21,29,12,11,6,21,16,11,1,4,0,0,0,0,0,0,0,0,0,1,0,1,0.9583333333333334,1.0,1.0,0.0,0.0,0.0,4,0,1
5287,50,21,29,12,11,5,22,16,11,1,4,0,0,0,0,0,0,0,0,0,0,0,0,1.0,1.0,1.0,0.0,0.0,0.0,4,0,0
5288,50,21,29,12,11,5,22,16,11,1,4,0,0,0,0,0,0,0,0,0,0,0,0,1.0,1.0,1.0,0.0,0.0,0.0,4,0,0
5289,50,21,29,12,11,5,22,16,11,1,4,0,0,0,0,0,0,0,0,0,0,0,0,1.0,1.0,1.0,0.0,0.0,0.0,4,0,0
5290,50,21,29,12,11,5,22,16,11,1,4,0,0,0,0,0,0,0,0,0,0,0,0,1.0,1.0,1.0,0.0,0.0,0.0,4,0,0
5291,50,21,29,12,11,5,22,16,11,1,4,0,0,0,0,0,0,0,0,0,0,0,0,1.0,1.0,1.0,0.0,0.0,0.0,4,0,0
5292,50,21,29,12,11,5,22,16,11,1,4,0,0,0,0,0,0,0,0,0,0,0,0,1.0,1.0,1.0,0.0,0.0,0.0,4,0,0
5293,50,21,29,12,11,5,22,16,11,1,4,0,0,0,0,0,0,0,0,0,0,0,0,1.0,1.0,1.0,0.0,0.0,0.0,4,0,0
5294,50,21,29,9,14,5,22,16,11,1,4,0,0,0,0,0,0,0,0,0,0,0,0,1.0,1.0,1.0,0.0,0.0,0.0,4,0,0
5295,49,20,29,6,16,5,22,16,11,1,4,0,0,0,0,0,0,0,0,0,1,0,1,0.9565217391304348,1.0,1.0,0.0,0.0,0.0,4,0,1
5296,53,22,31,10,16,5,22,16,10,1,4,0,0,0,0,0,0,0,0,1,0,0,0,1.0,1.0,1.0,0.08163265306122448,0.08163265306122448,0.0,4,4,0
5297,51,22,29,6,18,5,22,16,11,1,3,0,0,0,0,0,2,1,0,0,2,0,2,0.9230769230769231,1.0,1.0,0.0,0.0,0.5,4,0,2
5298,50,22,28,6,17,5,22,16,11,1,3,0,0,0,0,0,2,0,1,0,1,0,1,0.9583333333333334,1.0,1.0,0.0,0.0,0.0,4,0,1
5299,50,22,28,6,17,5,22,16,12,1,2,0,0,0,0,0,5,1,0,0,0,0,0,1.0,1.0,1.0,0.0,0.0,0.2,4,0,0
5300,50,22,28,6,17,5,22,16,13,1,2,0,0,0,0,0,4,1,0,0,0,0,0,1.0,1.0,1.0,0.0,0.0,0.25,4,0,0
5301,50,22,28,6,17,5,22,16,13,1,2,0,0,0,0,0,0,0,0,0,0,0,0,1.0,1.0,1.0,0.0,0.0,0.0,4,0,0
5302,50,22,28,6,17,5,22,16,13,1,2,0,0,0,0,0,0,0,0,0,0,0,0,1.0,1.0,1.0,0.0,0.0,0.0,4,0,0
5303,49,21,28,6,16,5,22,16,13,1,2,0,0,0,0,0,0,0,0,0,1,0,1,0.9565217391304348,1.0,1.0,0.0,0.0,0.0,4,0,1
5304,49,21,28,6,16,5,22,16,13,1,2,0,0,0,0,0,0,0,0,0,0,0,0,1.0,1.0,1.0,0.0,0.0,0.0,4,0,0
5305,48,21,27,6,15,5,22,16,13,1,2,0,0,0,0,0,0,0,0,0,1,0,1,0.9545454545454546,1.0,1.0,0.0,0.0,0.0,4,0,1
5306,48,21,27,6,15,5,22,16,13,1,2,0,0,0,0,0,0,0,0,0,0,0,0,1.0,1.0,1.0,0.0,0.0,0.0,4,0,0
5307,48,21,27,6,15,5,22,16,13,1,2,0,0,0,0,0,0,0,0,0,0,0,0,1.0,1.0,1.0,0.0,0.0,0.0,4,0,0
5308,48,21,27,6,15,5,22,16,13,1,2,0,0,0,0,0,0,0,0,0,0,0,0,1.0,1.0,1.0,0.0,0.0,0.0,4,0,0
5309,48,21,27,6,15,5,22,16,13,1,2,0,0,0,0,0,0,0,0,0,0,0,0,1.0,1.0,1.0,0.0,0.0,0.0,4,0,0
5310,48,21,27,6,15,5,22,16,13,1,2,0,0,0,0,0,0,0,0,0,0,0,0,1.0,1.0,1.0,0.0,0.0,0.0,4,0,0
5311,47,21,26,5,15,5,22,16,13,1,2,0,0,0,0,0,0,0,0,0,1,0,1,0.9523809523809523,1.0,1.0,0.0,0.0,0.0,4,0,1
5312,47,21,26,5,15,5,22,16,13,1,2,0,0,0,0,0,0,0,0,0,0,0,0,1.0,1.0,1.0,0.0,0.0,0.0,4,0,0
5313,47,21,26,5,15,5,22,16,13,1,2,0,0,0,0,0,0,0,0,0,0,0,0,1.0,1.0,1.0,0.0,0.0,0.0,4,0,0
5314,47,21,26,5,15,5,22,16,13,1,2,0,0,0,0,0,0,0,0,0,0,0,0,1.0,1.0,1.0,0.0,0.0,0.0,4,0,0
5315,46,20,26,3,16,5,22,16,13,1,2,0,0,0,0,0,0,0,0,0,1,0,1,0.95,1.0,1.0,0.0,0.0,0.0,4,0,1
5316,46,20,26,3,16,5,22,16,13,1,2,0,0,0,0,0,0,0,0,0,0,0,0,1.0,1.0,1.0,0.0,0.0,0.0,4,0,0
5317,55,26,29,13,15,5,22,16,10,1,4,0,0,0,0,0,0,0,0,3,1,0,1,0.9473684210526316,1.0,1.0,0.21739130434782608,0.21739130434782608,0.0,4,10,1
5318,61,27,34,19,15,5,22,16,9,1,6,0,0,0,0,0,3,1,0,2,1,0,1,0.9642857142857143,1.0,1.0,0.12727272727272726,0.12727272727272726,0.3333333333333333,4,7,1
5319,69,31,38,27,15,5,22,16,7,1,8,0,0,0,0,0,0,0,0,2,0,0,0,1.0,1.0,1.0,0.13114754098360656,0.13114754098360656,0.0,4,8,0
5320,68,31,37,27,14,5,22,16,7,1,8,0,0,0,0,0,0,0,0,0,1,0,1,0.9761904761904762,1.0,1.0,0.0,0.0,0.0,4,0,1
5321,66,31,35,25,14,5,22,16,7,1,8,0,0,0,0,0,0,0,0,0,2,0,2,0.9512195121951219,1.0,1.0,0.0,0.0,0.0,4,0,2
5322,65,30,35,24,14,5,22,16,7,1,8,0,0,0,0,0,0,0,0,0,1,0,1,0.9743589743589743,1.0,1.0,0.0,0.0,0.0,4,0,1
5323,64,30,34,23,14,5,22,16,7,1,8,0,0,0,0,0,0,0,0,0,1,0,1,0.9736842105263158,1.0,1.0,0.0,0.0,0.0,4,0,1
5324,63,29,34,22,14,5,22,16,7,1,8,0,0,0,0,0,0,0,0,0,1,0,1,0.972972972972973,1.0,1.0,0.0,0.0,0.0,4,0,1
5325,63,29,34,22,14,5,22,16,7,1,8,0,0,0,0,0,0,0,0,0,0,0,0,1.0,1.0,1.0,0.0,0.0,0.0,4,0,0
5326,63,29,34,22,14,5,22,16,7,1,8,0,0,0,0,0,0,0,0,0,0,0,0,1.0,1.0,1.0,0.0,0.0,0.0,4,0,0
5327,62,28,34,21,14,5,22,16,7,1,8,0,0,0,0,0,0,0,0,0,1,0,1,0.9722222222222222,1.0,1.0,0.0,0.0,0.0,4,0,1
5328,62,28,34,21,14,5,22,16,7,1,8,0,0,0,0,0,0,0,0,0,0,0,0,1.0,1.0,1.0,0.0,0.0,0.0,4,0,0
5329,66,30,36,25,14,5,22,16,6,1,9,0,0,0,0,0,0,0,0,1,0,0,0,1.0,1.0,1.0,0.06451612903225806,0.06451612903225806,0.0,4,4,0
5330,66,30,36,25,14,5,22,16,5,1,10,0,0,0,0,0,0,0,0,1,4,0,4,0.8974358974358975,1.0,1.0,0.06060606060606061,0.06060606060606061,0.0,4,4,4
5331,65,29,36,24,14,5,22,16,5,1,10,0,0,0,0,0,0,0,0,0,1,0,1,0.9743589743589743,1.0,1.0,0.0,0.0,0.0,4,0,1
5332,62,28,34,23,12,4,23,16,5,1,10,0,0,0,0,0,0,0,0,0,3,0,3,0.9210526315789473,1.0,1.0,0.0,0.0,0.0,4,0,3
5333,62,28,34,23,12,3,24,16,4,1,11,0,0,0,0,0,0,0,0,1,3,0,3,0.9142857142857143,1.0,1.0,0.04838709677419355,0.04838709677419355,0.0,4,3,3
5334,62,28,34,23,12,3,24,16,4,1,11,0,0,0,0,0,0,0,0,0,0,0,0,1.0,1.0,1.0,0.0,0.0,0.0,4,0,0
5335,59,26,33,22,11,3,23,16,4,1,11,0,0,0,0,0,0,0,0,0,2,0,2,0.9428571428571428,0.875,1.0,0.0,0.0,0.0,4,0,3
5336,59,26,33,22,11,3,23,16,4,1,11,0,0,0,0,0,0,0,0,0,0,0,0,1.0,1.0,1.0,0.0,0.0,0.0,4,0,0
5337,58,26,32,21,11,3,23,16,4,1,11,0,0,0,0,0,0,0,0,0,1,0,1,0.9696969696969697,1.0,1.0,0.0,0.0,0.0,4,0,1
5338,54,25,29,18,10,3,23,16,4,1,11,0,0,0,0,0,0,0,0,0,4,0,4,0.875,1.0,1.0,0.0,0.0,0.0,4,0,4
5339,54,25,29,18,10,3,23,16,4,1,11,0,0,0,0,0,0,0,0,0,0,0,0,1.0,1.0,1.0,0.0,0.0,0.0,4,0,0
5340,54,25,29,18,10,3,23,16,4,1,11,0,0,0,0,0,0,0,0,0,0,0,0,1.0,1.0,1.0,0.0,0.0,0.0,4,0,0
5341,53,24,29,17,10,3,23,16,4,1,10,0,0,0,0,0,0,0,0,0,1,0,1,0.9642857142857143,1.0,1.0,0.0,0.0,0.0,4,0,1
5342,51,24,27,16,10,3,22,15,5,1,9,0,0,0,0,0,7,1,0,0,1,0,1,0.962962962962963,1.0,0.9375,0.0,0.0,0.14285714285714285,4,0,2
5343,51,24,27,16,10,3,22,15,5,0,9,0,0,0,0,0,0,0,0,0,0,0,0,1.0,1.0,1.0,0.0,0.0,0.0,4,0,0
5344,50,24,26,15,10,3,22,15,5,0,9,0,0,0,0,0,6,0,0,0,1,0,1,0.9615384615384616,1.0,1.0,0.0,0.0,0.0,4,0,1
5345,50,24,26,15,10,3,22,15,5,0,9,0,0,0,0,0,3,0,0,0,0,0,0,1.0,1.0,1.0,0.0,0.0,0.0,4,0,0
5346,50,24,26,15,10,3,22,15,5,0,9,0,0,0,0,0,5,0,0,0,0,0,0,1.0,1.0,1.0,0.0,0.0,0.0,4,0,0
5347,50,24,26,15,10,3,22,15,6,0,9,0,0,0,0,0,3,1,0,0,0,0,0,1.0,1.0,1.0,0.0,0.0,0.3333333333333333,4,0,0
5348,50,24,26,15,10,3,22,15,6,0,9,0,0,0,0,0,0,0,0,0,0,0,0,1.0,1.0,1.0,0.0,0.0,0.0,4,0,0
5349,50,24,26,15,10,3,22,15,6,0,9,0,0,0,0,0,0,0,0,0,0,0,0,1.0,1.0,1.0,0.0,0.0,0.0,4,0,0
5350,50,24,26,15,10,3,22,15,6,0,9,0,0,0,0,0,0,0,0,0,0,0,0,1.0,1.0,1.0,0.0,0.0,0.0,4,0,0
5351,50,24,26,15,10,3,22,15,6,0,9,0,0,0,0,0,0,0,0,0,0,0,0,1.0,1.0,1.0,0.0,0.0,0.0,4,0,0
5352,50,24,26,15,10,3,22,15,6,0,9,0,0,0,0,0,0,0,0,0,0,0,0,1.0,1.0,1.0,0.0,0.0,0.0,4,0,0
5353,49,23,26,15,9,3,22,15,6,0,9,0,0,0,0,0,0,0,0,0,1,0,1,0.96,1.0,1.0,0.0,0.0,0.0,4,0,1
5354,49,23,26,15,9,3,22,15,6,0,9,0,0,0,0,0,0,0,0,0,0,0,0,1.0,1.0,1.0,0.0,0.0,0.0,4,0,0
5355,49,23,26,15,9,3,22,15,6,0,9,0,0,0,0,0,0,0,0,0,0,0,0,1.0,1.0,1.0,0.0,0.0,0.0,4,0,0
5356,49,23,26,15,9,3,22,15,6,0,9,0,0,0,0,0,0,0,0,0,0,0,0,1.0,1.0,1.0,0.0,0.0,0.0,4,0,0
5357,49,23,26,15,9,3,22,15,6,0,9,0,0,0,0,0,0,0,0,0,0,0,0,1.0,1.0,1.0,0.0,0.0,0.0,4,0,0
5358,48,22,26,15,9,3,21,15,6,0,9,0,0,0,0,0,0,0,0,0,0,0,0,1.0,0.8571428571428572,1.0,0.0,0.0,0.0,4,0,1
5359,48,22,26,15,9,3,21,15,6,0,9,0,0,0,0,0,0,0,0,0,0,0,0,1.0,1.0,1.0,0.0,0.0,0.0,4,0,0
5360,48,22,26,13,11,3,21,15,6,0,9,0,0,0,0,0,0,0,0,0,0,0,0,1.0,1.0,1.0,0.0,0.0,0.0,4,0,0
5361,47,21,26,10,13,3,21,15,6,0,9,0,0,0,0,0,0,0,0,0,1,0,1,0.9583333333333334,1.0,1.0,0.0,0.0,0.0,4,0,1
5362,51,24,27,9,18,3,21,15,5,0,7,0,0,0,0,0,0,0,0,1,0,0,0,1.0,1.0,1.0,0.0851063829787234,0.0851063829787234,0.0,4,4,0
5363,51,24,27,9,18,3,21,15,7,1,6,0,0,0,0,0,13,2,1,0,0,0,0,1.0,1.0,1.0,0.0,0.0,0.15384615384615385,4,0,0
5364,54,26,28,13,17,3,21,15,7,1,5,0,0,0,0,0,8,1,0,1,1,0,1,0.962962962962963,1.0,1.0,0.0784313725490196,0.0784313725490196,0.125,4,4,1
5365,58,26,32,17,17,3,21,15,8,1,6,0,0,0,0,0,10,2,0,1,0,0,0,1.0,1.0,1.0,0.07407407407407407,0.07407407407407407,0.2,4,4,0
5366,57,26,31,16,17,3,21,15,8,1,6,0,0,0,0,0,0,0,0,0,1,0,1,0.9705882352941176,1.0,1.0,0.0,0.0,0.0,4,0,1
5367,57,26,31,16,17,3,21,15,8,1,6,0,0,0,0,0,0,0,0,0,0,0,0,1.0,1.0,1.0,0.0,0.0,0.0,4,0,0
5368,57,26,31,16,17,3,21,15,8,1,6,0,0,0,0,0,0,0,0,0,0,0,0,1.0,1.0,1.0,0.0,0.0,0.0,4,0,0
5369,57,26,31,16,17,3,21,15,8,1,6,0,0,0,0,0,0,0,0,0,0,0,0,1.0,1.0,1.0,0.0,0.0,0.0,4,0,0
5370,56,26,30,16,16,3,21,15,8,1,6,0,0,0,0,0,0,0,0,0,1,0,1,0.9696969696969697,1.0,1.0,0.0,0.0,0.0,4,0,1
5371,56,26,30,16,16,3,21,15,8,1,6,0,0,0,0,0,0,0,0,0,0,0,0,1.0,1.0,1.0,0.0,0.0,0.0,4,0,0
5372,56,26,30,14,18,3,21,15,8,1,6,0,0,0,0,0,0,0,0,0,0,0,0,1.0,1.0,1.0,0.0,0.0,0.0,4,0,0
5373,56,26,30,13,19,3,21,15,8,1,6,0,0,0,0,0,0,0,0,0,0,0,0,1.0,1.0,1.0,0.0,0.0,0.0,4,0,0
5374,55,25,30,13,19,3,20,15,8,1,5,0,0,0,0,0,0,0,0,0,0,0,0,1.0,0.8333333333333334,1.0,0.0,0.0,0.0,4,0,1
5375,55,25,30,13,19,3,20,15,8,2,4,0,0,0,0,0,2,0,1,0,0,0,0,1.0,1.0,1.0,0.0,0.0,0.0,4,0,0
5376,55,25,30,12,20,3,20,15,9,2,4,0,0,0,0,0,7,1,0,0,0,0,0,1.0,1.0,1.0,0.0,0.0,0.14285714285714285,4,0,0
5377,54,25,29,11,20,2,21,16,10,2,4,0,0,0,0,0,8,1,0,0,1,0,1,0.96875,1.0,1.0,0.0,0.0,0.125,4,0,1
5378,54,25,29,11,20,2,21,16,10,2,3,0,0,0,0,0,0,0,0,0,0,0,0,1.0,1.0,1.0,0.0,0.0,0.0,4,0,0
5379,54,25,29,11,20,2,21,16,11,2,3,0,0,0,0,0,7,1,0,0,0,0,0,1.0,1.0,1.0,0.0,0.0,0.14285714285714285,4,0,0
5380,54,25,29,11,20,2,21,16,11,2,3,0,0,0,0,0,0,0,0,0,0,0,0,1.0,1.0,1.0,0.0,0.0,0.0,4,0,0
5381,53,25,28,10,20,2,21,16,11,2,3,0,0,0,0,0,0,0,0,0,1,0,1,0.967741935483871,1.0,1.0,0.0,0.0,0.0,4,0,1
5382,53,25,28,10,20,2,21,16,11,2,3,0,0,0,0,0,0,0,0,0,0,0,0,1.0,1.0,1.0,0.0,0.0,0.0,4,0,0
5383,57,28,29,14,20,2,21,16,10,2,4,0,0,0,0,0,0,0,0,1,0,0,0,1.0,1.0,1.0,0.07547169811320754,0.07547169811320754,0.0,4,4,0
5384,57,28,29,14,20,2,21,16,10,2,4,0,0,0,0,0,0,0,0,0,0,0,0,1.0,1.0,1.0,0.0,0.0,0.0,4,0,0
5385,55,26,29,13,19,2,21,16,10,2,4,0,0,0,0,0,0,0,0,0,2,0,2,0.9411764705882353,1.0,1.0,0.0,0.0,0.0,4,0,2
5386,55,26,29,13,19,2,21,16,10,2,4,0,0,0,0,0,0,0,0,0,0,2,0,1.0,1.0,1.0,0.0,0.0,0.0,4,0,0
5387,55,26,29,13,19,2,21,16,10,2,4,0,0,0,0,0,0,0,0,0,0,0,0,1.0,1.0,1.0,0.0,0.0,0.0,4,0,0
5388,55,26,29,13,19,2,21,16,10,2,4,0,0,0,0,0,0,0,0,0,0,0,0,1.0,1.0,1.0,0.0,0.0,0.0,4,0,0
5389,54,26,28,12,19,2,21,16,10,2,4,0,0,0,0,0,0,0,0,0,1,0,1,0.96875,1.0,1.0,0.0,0.0,0.0,4,0,1
5390,53,25,28,12,17,3,21,16,10,2,4,0,0,0,0,0,0,0,0,0,0,0,0,1.0,1.0,1.0,0.0,0.0,0.0,4,0,1
5391,53,25,28,12,17,3,21,16,10,2,4,0,0,0,0,0,0,0,0,0,0,0,0,1.0,1.0,1.0,0.0,0.0,0.0,4,0,0
5392,51,23,28,12,15,3,21,16,10,2,4,0,0,0,0,0,0,0,0,0,2,0,2,0.9310344827586207,1.0,1.0,0.0,0.0,0.0,4,0,2
5393,51,23,28,12,15,3,21,16,10,2,4,0,0,0,0,0,0,0,0,0,0,0,0,1.0,1.0,1.0,0.0,0.0,0.0,4,0,0
5394,51,23,28,12,15,3,21,16,10,2,4,0,0,0,0,0,0,0,0,0,0,0,0,1.0,1.0,1.0,0.0,0.0,0.0,4,0,0
5395,51,23,28,12,15,3,21,16,10,2,4,0,0,0,0,0,0,0,0,0,0,0,0,1.0,1.0,1.0,0.0,0.0,0.0,4,0,0
5396,51,23,28,12,15,3,21,16,10,2,4,0,0,0,0,0,0,0,0,0,0,0,0,1.0,1.0,1.0,0.0,0.0,0.0,4,0,0
5397,51,23,28,12,15,3,21,16,10,2,4,0,0,0,0,0,0,0,0,0,0,0,0,1.0,1.0,1.0,0.0,0.0,0.0,4,0,0
5398,51,23,28,12,15,3,21,16,10,2,4,0,0,0,0,0,0,0,0,0,0,1,0,1.0,1.0,1.0,0.0,0.0,0.0,4,0,0
5399,50,23,27,12,14,3,21,16,10,2,4,0,0,0,0,0,0,0,0,0,1,0,1,0.962962962962963,1.0,1.0,0.0,0.0,0.0,4,0,1
5400,50,23,27,12,14,3,21,16,10,2,4,0,0,0,0,0,0,0,0,0,0,0,0,1.0,1.0,1.0,0.0,0.0,0.0,4,0,0
5401,50,23,27,12,14,3,21,16,10,2,4,0,0,0,0,0,0,0,0,0,0,0,0,1.0,1.0,1.0,0.0,0.0,0.0,4,0,0
5402,50,23,27,12,13,4,21,16,10,2,4,0,0,0,0,0,0,0,0,0,0,0,0,1.0,1.0,1.0,0.0,0.0,0.0,4,0,0
5403,50,23,27,12,13,4,21,16,10,2,4,0,0,0,0,0,0,0,0,0,0,0,0,1.0,1.0,1.0,0.0,0.0,0.0,4,0,0
5404,50,23,27,12,13,4,21,16,10,2,4,0,0,0,0,0,0,0,0,0,0,0,0,1.0,1.0,1.0,0.0,0.0,0.0,4,0,0
5405,50,23,27,8,17,4,21,16,10,2,4,0,0,0,0,0,0,0,0,0,0,0,0,1.0,1.0,1.0,0.0,0.0,0.0,4,0,0
5406,50,23,27,8,17,4,21,16,10,2,4,0,0,0,0,0,0,0,0,0,0,0,0,1.0,1.0,1.0,0.0,0.0,0.0,4,0,0
5407,54,27,27,10,19,4,21,16,9,2,4,0,0,0,0,0,0,0,0,1,0,0,0,1.0,1.0,1.0,0.08,0.08,0.0,4,4,0
5408,54,27,27,8,21,3,22,16,10,1,4,0,0,0,0,0,8,1,0,0,0,0,0,1.0,1.0,1.0,0.0,0.0,0.125,4,0,0
5409,53,27,26,8,20,3,22,16,11,1,3,0,0,0,0,0,5,1,0,0,1,0,1,0.9655172413793104,1.0,1.0,0.0,0.0,0.2,4,0,1
5410,52,26,26,8,19,3,22,16,12,1,2,0,0,0,0,0,3,1,0,0,1,0,1,0.9642857142857143,1.0,1.0,0.0,0.0,0.3333333333333333,4,0,1
5411,52,26,26,8,19,3,22,16,12,1,2,0,0,0,0,0,3,1,0,0,0,0,0,1.0,1.0,1.0,0.0,0.0,0.3333333333333333,4,0,0
5412,55,29,26,11,19,3,22,16,11,1,3,0,0,0,0,0,3,1,0,1,0,0,0,1.0,1.0,1.0,0.057692307692307696,0.057692307692307696,0.3333333333333333,4,3,0
5413,55,29,26,11,19,3,22,16,11,1,3,0,0,0,0,0,3,1,0,0,0,0,0,1.0,1.0,1.0,0.0,0.0,0.3333333333333333,4,0,0
5414,53,28,25,10,18,3,22,16,11,1,3,0,0,0,0,0,3,1,0,0,2,0,2,0.9333333333333333,1.0,1.0,0.0,0.0,0.3333333333333333,4,0,2
5415,53,28,25,10,18,3,22,16,11,1,3,0,0,0,0,0,3,1,0,0,0,0,0,1.0,1.0,1.0,0.0,0.0,0.3333333333333333,4,0,0
5416,53,28,25,10,18,3,22,16,11,1,3,0,0,0,0,0,3,1,0,0,0,0,0,1.0,1.0,1.0,0.0,0.0,0.3333333333333333,4,0,0
5417,53,28,25,10,18,3,22,16,11,1,3,0,0,0,0,0,3,1,0,0,0,0,0,1.0,1.0,1.0,0.0,0.0,0.3333333333333333,4,0,0
5418,53,28,25,10,18,3,22,16,11,1,3,0,0,0,0,0,3,1,0,0,0,0,0,1.0,1.0,1.0,0.0,0.0,0.3333333333333333,4,0,0
5419,53,28,25,10,18,3,22,16,11,1,3,0,0,0,0,0,3,1,0,0,0,0,0,1.0,1.0,1.0,0.0,0.0,0.3333333333333333,4,0,0
5420,53,28,25,10,18,3,22,16,11,0,3,0,0,0,0,0,3,1,0,0,0,0,0,1.0,1.0,1.0,0.0,0.0,0.3333333333333333,4,0,0
5421,53,28,25,10,18,3,22,16,11,0,3,0,0,0,0,0,3,1,0,0,0,0,0,1.0,1.0,1.0,0.0,0.0,0.3333333333333333,4,0,0
5422,52,27,25,9,18,3,22,16,11,0,3,0,0,0,0,0,3,1,0,0,1,0,1,0.9642857142857143,1.0,1.0,0.0,0.0,0.3333333333333333,4,0,1
5423,51,26,25,8,18,3,22,16,11,0,3,0,0,0,0,0,3,1,0,0,1,0,1,0.962962962962963,1.0,1.0,0.0,0.0,0.3333333333333333,4,0,1
5424,51,26,25,8,18,3,22,16,11,0,3,0,0,0,0,0,3,1,0,0,0,0,0,1.0,1.0,1.0,0.0,0.0,0.3333333333333333,4,0,0
5425,51,26,25,8,18,3,22,16,11,0,3,0,0,0,0,0,3,1,0,0,0,0,0,1.0,1.0,1.0,0.0,0.0,0.3333333333333333,4,0,0
5426,50,26,24,4,21,3,22,16,11,0,3,0,0,0,0,0,3,1,0,0,1,0,1,0.9615384615384616,1.0,1.0,0.0,0.0,0.3333333333333333,4,0,1
5427,50,26,24,4,21,3,22,16,11,0,3,0,0,0,0,0,3,1,0,0,0,0,0,1.0,1.0,1.0,0.0,0.0,0.3333333333333333,4,0,0
5428,57,32,25,11,21,3,22,16,9,0,4,0,0,0,0,0,3,1,0,2,0,0,0,1.0,1.0,1.0,0.14,0.14,0.3333333333333333,4,7,0
5429,59,34,25,15,19,3,22,16,8,0,5,0,0,0,0,0,3,1,0,1,2,0,2,0.9375,1.0,1.0,0.07017543859649122,0.07017543859649122,0.3333333333333333,4,4,2
5430,64,37,27,20,19,3,22,16,6,0,7,0,0,0,0,0,3,1,0,2,2,0,2,0.9411764705882353,1.0,1.0,0.11864406779661017,0.11864406779661017,0.3333333333333333,4,7,2
5431,62,35,27,19,18,3,22,16,6,0,7,0,0,0,0,0,3,1,0,0,2,1,2,0.9487179487179487,1.0,1.0,0.0,0.0,0.3333333333333333,4,0,2
5432,61,34,27,18,18,3,22,16,6,0,7,0,0,0,0,0,3,1,0,0,1,0,1,0.972972972972973,1.0,1.0,0.0,0.0,0.3333333333333333,4,0,1
5433,61,34,27,18,18,3,22,16,6,0,7,0,0,0,0,0,3,1,0,0,0,0,0,1.0,1.0,1.0,0.0,0.0,0.3333333333333333,4,0,0
5434,57,31,26,15,17,3,22,16,6,0,7,0,0,0,0,0,3,1,0,0,4,1,4,0.8888888888888888,1.0,1.0,0.0,0.0,0.3333333333333333,4,0,4
5435,55,29,26,13,16,4,22,16,6,0,7,0,0,0,0,0,3,1,0,0,2,0,2,0.935483870967742,1.0,1.0,0.0,0.0,0.3333333333333333,4,0,2
5436,55,29,26,13,16,4,22,16,6,0,7,0,0,0,0,0,3,1,0,0,0,0,0,1.0,1.0,1.0,0.0,0.0,0.3333333333333333,4,0,0
5437,54,29,25,13,15,4,22,16,6,0,7,0,0,0,0,0,3,1,0,0,1,0,1,0.9655172413793104,1.0,1.0,0.0,0.0,0.3333333333333333,4,0,1
5438,54,29,25,13,14,5,22,16,6,0,7,0,0,0,0,0,3,1,0,0,0,0,0,1.0,1.0,1.0,0.0,0.0,0.3333333333333333,4,0,0
5439,54,29,25,13,14,5,22,16,6,0,7,0,0,0,0,0,3,1,0,0,0,0,0,1.0,1.0,1.0,0.0,0.0,0.3333333333333333,4,0,0
5440,54,29,25,13,14,5,22,16,6,0,7,0,0,0,0,0,3,1,0,0,0,0,0,1.0,1.0,1.0,0.0,0.0,0.3333333333333333,4,0,0
5441,58,31,27,17,14,5,22,16,5,0,8,0,0,0,0,0,3,1,0,1,0,0,0,1.0,1.0,1.0,0.07407407407407407,0.07407407407407407,0.3333333333333333,4,4,0
5442,59,29,30,19,13,5,22,16,4,0,9,0,0,0,0,0,3,1,0,1,3,0,3,0.9032258064516129,1.0,1.0,0.06896551724137931,0.06896551724137931,0.3333333333333333,4,4,3
5443,59,29,30,19,13,5,22,16,4,0,9,0,0,0,0,0,3,1,0,0,0,0,0,1.0,1.0,1.0,0.0,0.0,0.3333333333333333,4,0,0
5444,60,29,31,21,12,5,22,16,3,0,10,0,0,0,0,0,3,1,0,1,3,0,3,0.90625,1.0,1.0,0.06779661016949153,0.06779661016949153,0.3333333333333333,4,4,3
5445,60,29,31,21,12,5,22,16,3,0,10,0,0,0,0,0,3,1,0,0,0,0,0,1.0,1.0,1.0,0.0,0.0,0.3333333333333333,4,0,0
5446,60,29,31,21,12,5,22,16,3,0,10,0,0,0,0,0,3,1,0,0,0,0,0,1.0,1.0,1.0,0.0,0.0,0.3333333333333333,4,0,0
5447,60,29,31,21,12,5,22,16,3,0,10,0,0,0,0,0,3,1,0,0,0,0,0,1.0,1.0,1.0,0.0,0.0,0.3333333333333333,4,0,0
5448,57,27,30,19,12,5,21,16,3,0,10,0,0,0,0,0,3,1,0,0,2,0,2,0.9393939393939394,0.8333333333333334,1.0,0.0,0.0,0.3333333333333333,4,0,3
5449,57,27,30,19,12,5,21,16,3,0,10,0,0,0,0,0,3,1,0,0,0,0,0,1.0,1.0,1.0,0.0,0.0,0.3333333333333333,4,0,0
5450,57,27,30,18,13,5,21,16,3,0,10,0,0,0,0,0,3,1,0,0,0,0,0,1.0,1.0,1.0,0.0,0.0,0.3333333333333333,4,0,0
5451,57,27,30,18,13,5,21,16,3,0,10,0,0,0,0,0,3,1,0,0,0,0,0,1.0,1.0,1.0,0.0,0.0,0.3333333333333333,4,0,0
5452,54,27,27,15,13,5,21,16,3,0,9,0,0,0,0,0,3,1,0,0,3,2,3,0.9032258064516129,1.0,1.0,0.0,0.0,0.3333333333333333,4,0,3
5453,54,27,27,15,13,5,21,16,3,0,9,0,0,0,0,0,3,1,0,0,0,0,0,1.0,1.0,1.0,0.0,0.0,0.3333333333333333,4,0,0
5454,54,27,27,15,13,5,21,16,3,0,9,0,0,0,0,0,3,1,0,0,0,0,0,1.0,1.0,1.0,0.0,0.0,0.3333333333333333,4,0,0
5455,54,27,27,14,14,5,21,16,3,0,9,0,0,0,0,0,3,1,0,0,0,0,0,1.0,1.0,1.0,0.0,0.0,0.3333333333333333,4,0,0
5456,54,27,27,14,12,7,21,16,3,0,9,0,0,0,0,0,3,1,0,0,0,0,0,1.0,1.0,1.0,0.0,0.0,0.3333333333333333,4,0,0
5457,54,27,27,14,12,7,21,16,3,0,8,0,0,0,0,0,3,1,0,0,0,0,0,1.0,1.0,1.0,0.0,0.0,0.3333333333333333,4,0,0
5458,54,27,27,14,12,7,21,16,3,0,8,0,0,0,0,0,3,1,0,0,0,0,0,1.0,1.0,1.0,0.0,0.0,0.3333333333333333,4,0,0
5459,54,27,27,14,12,7,21,16,3,0,8,0,0,0,0,0,3,1,0,0,0,0,0,1.0,1.0,1.0,0.0,0.0,0.3333333333333333,4,0,0
5460,54,27,27,14,12,7,21,16,3,0,8,0,0,0,0,0,3,1,0,0,0,0,0,1.0,1.0,1.0,0.0,0.0,0.3333333333333333,4,0,0
5461,54,27,27,14,12,7,21,16,3,0,8,0,0,0,0,0,3,1,0,0,0,0,0,1.0,1.0,1.0,0.0,0.0,0.3333333333333333,4,0,0
5462,54,27,27,14,12,7,21,16,3,0,8,0,0,0,0,0,3,1,0,0,0,0,0,1.0,1.0,1.0,0.0,0.0,0.3333333333333333,4,0,0
5463,53,26,27,13,12,7,21,16,3,0,8,0,0,0,0,0,3,1,0,0,1,0,1,0.9615384615384616,1.0,1.0,0.0,0.0,0.3333333333333333,4,0,1
5464,52,25,27,13,11,7,21,16,3,0,8,0,0,0,0,0,3,1,0,0,1,0,1,0.96,1.0,1.0,0.0,0.0,0.3333333333333333,4,0,1
5465,52,25,27,13,11,7,21,16,3,0,8,0,0,0,0,0,3,1,0,0,0,0,0,1.0,1.0,1.0,0.0,0.0,0.3333333333333333,4,0,0
5466,52,25,27,13,11,7,21,16,3,0,8,0,0,0,0,0,3,1,0,0,0,0,0,1.0,1.0,1.0,0.0,0.0,0.3333333333333333,4,0,0
5467,52,25,27,13,11,7,21,16,3,0,8,0,0,0,0,0,3,1,0,0,0,0,0,1.0,1.0,1.0,0.0,0.0,0.3333333333333333,4,0,0
5468,52,25,27,13,11,7,21,16,3,0,8,0,0,0,0,0,3,1,0,0,0,0,0,1.0,1.0,1.0,0.0,0.0,0.3333333333333333,4,0,0
5469,51,24,27,12,11,7,21,16,3,0,8,0,0,0,0,0,3,1,0,0,1,0,1,0.9583333333333334,1.0,1.0,0.0,0.0,0.3333333333333333,4,0,1
5470,51,24,27,12,11,7,21,16,3,0,8,0,0,0,0,0,3,1,0,0,0,0,0,1.0,1.0,1.0,0.0,0.0,0.3333333333333333,4,0,0
5471,51,24,27,10,13,7,21,16,3,0,8,0,0,0,0,0,3,1,0,0,0,0,0,1.0,1.0,1.0,0.0,0.0,0.3333333333333333,4,0,0
5472,51,24,27,10,13,7,21,16,3,0,8,0,0,0,0,0,3,1,0,0,0,0,0,1.0,1.0,1.0,0.0,0.0,0.3333333333333333,4,0,0
5473,54,24,30,11,15,7,21,16,2,0,7,0,0,0,0,0,3,1,0,1,0,0,0,1.0,1.0,1.0,0.058823529411764705,0.058823529411764705,0.3333333333333333,4,3,0
5474,55,23,32,15,13,7,20,16,1,0,7,0,0,0,0,0,3,1,0,1,2,0,2,0.9230769230769231,0.8,1.0,0.07407407407407407,0.07407407407407407,0.3333333333333333,4,4,3
5475,58,25,33,19,13,7,19,15,0,0,6,0,0,0,0,0,3,1,0,1,0,0,0,1.0,1.0,0.9375,0.07272727272727272,0.07272727272727272,0.3333333333333333,4,4,1
5476,57,24,33,18,13,7,19,15,0,0,6,0,0,0,0,0,3,1,0,0,1,0,1,0.96875,1.0,1.0,0.0,0.0,0.3333333333333333,4,0,1
5477,57,24,33,18,13,7,19,15,0,0,6,0,0,0,0,0,3,1,0,0,0,0,0,1.0,1.0,1.0,0.0,0.0,0.3333333333333333,4,0,0
5478,56,24,32,17,13,7,19,15,0,0,6,0,0,0,0,0,3,1,0,0,1,0,1,0.967741935483871,1.0,1.0,0.0,0.0,0.3333333333333333,4,0,1
5479,56,24,32,17,13,7,19,15,0,0,6,0,0,0,0,0,3,1,0,0,0,0,0,1.0,1.0,1.0,0.0,0.0,0.3333333333333333,4,0,0
5480,56,24,32,17,13,7,19,15,0,0,6,0,0,0,0,0,3,1,0,0,0,0,0,1.0,1.0,1.0,0.0,0.0,0.3333333333333333,4,0,0
5481,55,23,32,17,13,7,18,15,0,0,6,0,0,0,0,0,3,1,0,0,0,0,0,1.0,0.75,1.0,0.0,0.0,0.3333333333333333,4,0,1
5482,55,23,32,17,13,7,18,15,0,0,6,0,0,0,0,0,3,1,0,0,0,0,0,1.0,1.0,1.0,0.0,0.0,0.3333333333333333,4,0,0
5483,55,23,32,17,13,7,18,15,0,0,6,0,0,0,0,0,3,1,0,0,0,0,0,1.0,1.0,1.0,0.0,0.0,0.3333333333333333,4,0,0
5484,54,23,31,15,14,7,18,15,0,0,6,0,0,0,0,0,3,1,0,0,1,0,1,0.9666666666666667,1.0,1.0,0.0,0.0,0.3333333333333333,4,0,1
5485,54,23,31,13,16,6,19,16,0,0,6,0,0,0,0,0,3,1,0,0,0,0,0,1.0,1.0,1.0,0.0,0.0,0.3333333333333333,4,0,0
5486,53,23,30,13,16,6,18,15,0,0,4,0,0,0,0,0,3,1,0,0,0,0,0,1.0,1.0,0.9375,0.0,0.0,0.3333333333333333,4,0,1
5487,53,23,30,9,20,6,18,15,0,0,3,0,0,0,0,0,3,1,0,0,0,0,0,1.0,1.0,1.0,0.0,0.0,0.3333333333333333,4,0,0
5488,52,22,30,9,19,6,18,15,0,0,3,0,0,0,0,0,3,1,0,0,1,0,1,0.9655172413793104,1.0,1.0,0.0,0.0,0.3333333333333333,4,0,1
5489,52,22,30,9,19,6,18,15,0,0,2,0,0,0,0,0,3,1,0,0,0,0,0,1.0,1.0,1.0,0.0,0.0,0.3333333333333333,4,0,0
5490,52,22,30,9,19,6,18,15,0,0,2,0,0,0,0,0,3,1,0,0,0,0,0,1.0,1.0,1.0,0.0,0.0,0.3333333333333333,4,0,0
5491,51,21,30,9,18,6,18,15,0,0,2,0,0,0,0,0,3,1,0,0,1,0,1,0.9642857142857143,1.0,1.0,0.0,0.0,0.3333333333333333,4,0,1
5492,51,21,30,9,18,6,18,15,0,0,2,0,0,0,0,0,3,1,0,0,0,0,0,1.0,1.0,1.0,0.0,0.0,0.3333333333333333,4,0,0
5493,51,21,30,9,18,6,18,15,0,0,2,0,0,0,0,0,3,1,0,0,0,0,0,1.0,1.0,1.0,0.0,0.0,0.3333333333333333,4,0,0
5494,51,21,30,9,18,6,18,15,0,0,2,0,0,0,0,0,3,1,0,0,0,0,0,1.0,1.0,1.0,0.0,0.0,0.3333333333333333,4,0,0
5495,51,21,30,9,18,6,18,15,0,0,2,0,0,0,0,0,3,1,0,0,0,0,0,1.0,1.0,1.0,0.0,0.0,0.3333333333333333,4,0,0
5496,50,21,29,9,17,6,18,15,0,0,2,0,0,0,0,0,3,1,0,0,1,0,1,0.962962962962963,1.0,1.0,0.0,0.0,0.3333333333333333,4,0,1
5497,50,21,29,9,17,6,18,15,0,0,2,0,0,0,0,0,3,1,0,0,0,0,0,1.0,1.0,1.0,0.0,0.0,0.3333333333333333,4,0,0
5498,50,21,29,9,17,6,18,15,0,0,2,0,0,0,0,0,3,1,0,0,0,0,0,1.0,1.0,1.0,0.0,0.0,0.3333333333333333,4,0,0
5499,49,20,29,9,16,6,18,15,0,0,2,0,0,0,0,0,3,1,0,0,1,0,1,0.9615384615384616,1.0,1.0,0.0,0.0,0.3333333333333333,4,0,1
5500,48,20,28,8,16,6,18,15,0,0,2,0,0,0,0,0,3,1,0,0,1,0,1,0.96,1.0,1.0,0.0,0.0,0.3333333333333333,4,0,1
5501,47,20,27,7,16,6,18,15,0,0,2,0,0,0,0,0,3,1,0,0,1,0,1,0.9583333333333334,1.0,1.0,0.0,0.0,0.3333333333333333,4,0,1
5502,47,20,27,7,16,6,18,15,0,0,2,0,0,0,0,0,3,1,0,0,0,0,0,1.0,1.0,1.0,0.0,0.0,0.3333333333333333,4,0,0
5503,47,20,27,7,16,6,18,15,0,0,2,0,0,0,0,0,3,1,0,0,0,0,0,1.0,1.0,1.0,0.0,0.0,0.3333333333333333,4,0,0
5504,47,20,27,7,16,6,18,15,0,0,2,0,0,0,0,0,3,1,0,0,0,0,0,1.0,1.0,1.0,0.0,0.0,0.3333333333333333,4,0,0
5505,47,20,27,7,16,6,18,15,3,0,2,0,0,0,0,0,19,3,0,0,0,0,0,1.0,1.0,1.0,0.0,0.0,0.15789473684210525,4,0,0
5506,47,20,27,7,16,6,18,15,4,1,2,0,0,0,0,0,15,1,1,0,0,0,0,1.0,1.0,1.0,0.0,0.0,0.06666666666666667,4,0,0
5507,47,20,27,7,16,6,18,15,7,3,2,0,0,0,0,0,10,3,2,0,0,0,0,1.0,1.0,1.0,0.0,0.0,0.3,4,0,0
5508,47,20,27,7,16,6,18,15,8,4,2,0,0,0,0,0,5,1,1,0,0,0,0,1.0,1.0,1.0,0.0,0.0,0.2,4,0,0
5509,47,20,27,7,16,6,18,15,8,4,2,0,0,0,0,0,1,0,0,0,0,1,0,1.0,1.0,1.0,0.0,0.0,0.0,4,0,0
5510,47,20,27,7,16,6,18,15,8,4,2,0,0,0,0,0,0,0,0,0,0,1,0,1.0,1.0,1.0,0.0,0.0,0.0,4,0,0
5511,47,20,27,7,16,6,18,15,8,4,2,0,0,0,0,0,0,0,0,0,0,0,0,1.0,1.0,1.0,0.0,0.0,0.0,4,0,0
5512,46,19,27,7,15,6,18,15,8,4,2,0,0,0,0,0,0,0,0,0,1,0,1,0.9565217391304348,1.0,1.0,0.0,0.0,0.0,4,0,1
5513,46,19,27,7,14,7,18,15,8,4,2,0,0,0,0,0,0,0,0,0,0,1,0,1.0,1.0,1.0,0.0,0.0,0.0,4,0,0
5514,46,19,27,7,13,8,18,15,8,4,2,0,0,0,0,0,0,0,0,0,0,0,0,1.0,1.0,1.0,0.0,0.0,0.0,4,0,0
5515,45,18,27,7,12,8,18,15,8,4,2,0,0,0,0,0,0,0,0,0,1,0,1,0.95,1.0,1.0,0.0,0.0,0.0,4,0,1
5516,45,18,27,6,13,8,18,15,8,4,2,0,0,0,0,0,0,0,0,0,0,0,0,1.0,1.0,1.0,0.0,0.0,0.0,4,0,0
5517,45,18,27,3,15,9,18,15,8,4,2,0,0,0,0,0,0,0,0,0,0,0,0,1.0,1.0,1.0,0.0,0.0,0.0,4,0,0
5518,45,18,27,0,18,9,18,15,9,4,1,0,0,0,0,0,7,1,0,0,0,0,0,1.0,1.0,1.0,0.0,0.0,0.14285714285714285,4,0,0
5519,45,18,27,0,18,9,18,15,10,4,1,0,0,0,0,0,5,1,0,0,0,0,0,1.0,1.0,1.0,0.0,0.0,0.2,4,0,0
5520,45,18,27,0,18,9,18,15,10,4,0,0,0,0,0,0,0,0,0,0,0,0,0,1.0,1.0,1.0,0.0,0.0,0.0,4,0,0
5521,45,18,27,0,18,9,18,15,11,4,0,0,0,0,0,0,6,1,0,0,0,0,0,1.0,1.0,1.0,0.0,0.0,0.16666666666666666,4,0,0
5522,45,18,27,0,18,9,18,15,11,4,0,0,0,0,0,0,0,0,0,0,0,0,0,1.0,1.0,1.0,0.0,0.0,0.0,4,0,0
5523,45,18,27,0,18,9,18,15,11,4,0,0,0,0,0,0,0,0,0,0,0,0,0,1.0,1.0,1.0,0.0,0.0,0.0,4,0,0
5524,43,16,27,0,16,9,18,15,11,4,0,0,0,0,0,0,0,0,0,0,2,0,2,0.8888888888888888,1.0,1.0,0.0,0.0,0.0,4,0,2
5525,43,16,27,0,16,8,19,15,11,4,0,0,0,0,0,0,0,0,0,0,0,0,0,1.0,1.0,1.0,0.0,0.0,0.0,4,0,0
5526,43,16,27,0,16,8,19,15,11,4,0,0,0,0,0,0,0,0,0,0,0,0,0,1.0,1.0,1.0,0.0,0.0,0.0,4,0,0
5527,43,16,27,0,16,8,19,15,11,4,0,0,0,0,0,0,0,0,0,0,0,0,0,1.0,1.0,1.0,0.0,0.0,0.0,4,0,0
5528,43,16,27,0,16,8,19,15,11,4,0,0,0,0,0,0,0,0,0,0,0,0,0,1.0,1.0,1.0,0.0,0.0,0.0,4,0,0
5529,43,16,27,0,16,8,19,15,11,4,0,0,0,0,0,0,0,0,0,0,0,0,0,1.0,1.0,1.0,0.0,0.0,0.0,4,0,0
5530,43,16,27,0,16,8,19,15,11,4,0,0,0,0,0,0,0,0,0,0,0,0,0,1.0,1.0,1.0,0.0,0.0,0.0,4,0,0
5531,43,16,27,0,16,8,19,15,11,4,0,0,0,0,0,0,0,0,0,0,0,0,0,1.0,1.0,1.0,0.0,0.0,0.0,4,0,0
5532,43,16,27,0,16,8,19,15,11,4,0,0,0,0,0,0,0,0,0,0,0,0,0,1.0,1.0,1.0,0.0,0.0,0.0,4,0,0
5533,43,16,27,0,16,8,19,15,11,4,0,0,0,0,0,0,0,0,0,0,0,0,0,1.0,1.0,1.0,0.0,0.0,0.0,4,0,0
5534,43,16,27,0,16,8,19,15,11,4,0,0,0,0,0,0,0,0,0,0,0,0,0,1.0,1.0,1.0,0.0,0.0,0.0,4,0,0
5535,43,16,27,0,16,8,19,15,11,4,0,0,0,0,0,0,0,0,0,0,0,0,0,1.0,1.0,1.0,0.0,0.0,0.0,4,0,0
5536,43,16,27,0,16,8,19,15,11,4,0,0,0,0,0,0,0,0,0,0,0,0,0,1.0,1.0,1.0,0.0,0.0,0.0,4,0,0
5537,43,16,27,0,16,7,20,15,11,4,0,0,0,0,0,0,0,0,0,0,0,0,0,1.0,1.0,1.0,0.0,0.0,0.0,4,0,0
5538,43,16,27,0,16,7,20,15,11,4,0,0,0,0,0,0,0,0,0,0,0,0,0,1.0,1.0,1.0,0.0,0.0,0.0,4,0,0
5539,43,16,27,0,16,7,20,15,11,4,0,0,0,0,0,0,0,0,0,0,0,0,0,1.0,1.0,1.0,0.0,0.0,0.0,4,0,0
5540,43,16,27,0,16,7,20,15,11,4,0,0,0,0,0,0,0,0,0,0,0,0,0,1.0,1.0,1.0,0.0,0.0,0.0,4,0,0
5541,43,16,27,0,16,7,20,15,11,4,0,0,0,0,0,0,0,0,0,0,0,0,0,1.0,1.0,1.0,0.0,0.0,0.0,4,0,0
5542,43,16,27,0,16,7,20,15,11,4,0,0,0,0,0,0,0,0,0,0,0,0,0,1.0,1.0,1.0,0.0,0.0,0.0,4,0,0
5543,43,16,27,0,16,7,20,15,11,4,0,0,0,0,0,0,0,0,0,0,0,0,0,1.0,1.0,1.0,0.0,0.0,0.0,4,0,0
5544,43,16,27,0,16,7,20,15,11,4,0,0,0,0,0,0,0,0,0,0,0,0,0,1.0,1.0,1.0,0.0,0.0,0.0,4,0,0
5545,43,16,27,0,16,7,20,15,11,4,0,0,0,0,0,0,0,0,0,0,0,1,0,1.0,1.0,1.0,0.0,0.0,0.0,4,0,0
5546,43,16,27,0,16,7,20,15,11,4,0,0,0,0,0,0,0,0,0,0,0,0,0,1.0,1.0,1.0,0.0,0.0,0.0,4,0,0
5547,43,16,27,0,16,7,20,15,11,4,0,0,0,0,0,0,0,0,0,0,0,0,0,1.0,1.0,1.0,0.0,0.0,0.0,4,0,0
5548,43,16,27,0,16,7,20,15,11,4,0,0,0,0,0,0,0,0,0,0,0,0,0,1.0,1.0,1.0,0.0,0.0,0.0,4,0,0
5549,43,16,27,0,15,8,20,15,11,4,0,0,0,0,0,0,0,0,0,0,0,0,0,1.0,1.0,1.0,0.0,0.0,0.0,4,0,0
5550,43,16,27,0,15,8,20,15,11,4,0,0,0,0,0,0,0,0,0,0,0,0,0,1.0,1.0,1.0,0.0,0.0,0.0,4,0,0
5551,43,16,27,0,15,8,20,15,11,3,0,0,0,0,0,0,0,0,0,0,0,0,0,1.0,1.0,1.0,0.0,0.0,0.0,4,0,0
5552,43,16,27,0,15,8,20,15,12,1,0,0,0,0,0,0,5,1,0,0,0,0,0,1.0,1.0,1.0,0.0,0.0,0.2,4,0,0
5553,43,16,27,0,15,8,20,15,13,0,0,0,0,0,0,0,9,1,0,0,0,0,0,1.0,1.0,1.0,0.0,0.0,0.1111111111111111,4,0,0
5554,43,16,27,0,15,8,20,15,15,0,0,0,0,0,0,0,9,2,0,0,0,0,0,1.0,1.0,1.0,0.0,0.0,0.2222222222222222,4,0,0
5555,43,16,27,0,15,8,20,15,15,0,0,0,0,0,0,0,0,0,0,0,0,0,0,1.0,1.0,1.0,0.0,0.0,0.0,4,0,0
5556,43,16,27,0,15,8,20,15,15,0,0,0,0,0,0,0,0,0,0,0,0,0,0,1.0,1.0,1.0,0.0,0.0,0.0,4,0,0
5557,43,16,27,0,15,8,20,15,15,0,0,0,0,0,0,0,0,0,0,0,0,0,0,1.0,1.0,1.0,0.0,0.0,0.0,4,0,0
5558,43,16,27,0,15,8,20,15,15,0,0,0,0,0,0,0,0,0,0,0,0,0,0,1.0,1.0,1.0,0.0,0.0,0.0,4,0,0
5559,43,16,27,0,15,8,20,15,15,0,0,0,0,0,0,0,0,0,0,0,0,0,0,1.0,1.0,1.0,0.0,0.0,0.0,4,0,0
5560,43,16,27,0,15,8,20,15,15,0,0,0,0,0,0,0,0,0,0,0,0,0,0,1.0,1.0,1.0,0.0,0.0,0.0,4,0,0
5561,43,16,27,0,15,8,20,15,15,0,0,0,0,0,0,0,0,0,0,0,0,0,0,1.0,1.0,1.0,0.0,0.0,0.0,4,0,0
5562,43,16,27,0,15,8,20,15,15,0,0,0,0,0,0,0,0,0,0,0,0,0,0,1.0,1.0,1.0,0.0,0.0,0.0,4,0,0
5563,43,16,27,0,15,8,20,15,15,0,0,0,0,0,0,0,0,0,0,0,0,1,0,1.0,1.0,1.0,0.0,0.0,0.0,4,0,0
5564,43,16,27,0,15,8,20,15,15,0,0,0,0,0,0,0,0,0,0,0,0,0,0,1.0,1.0,1.0,0.0,0.0,0.0,4,0,0
5565,43,16,27,0,15,8,20,15,15,0,0,0,0,0,0,0,0,0,0,0,0,0,0,1.0,1.0,1.0,0.0,0.0,0.0,4,0,0
5566,42,15,27,0,15,8,19,15,15,0,0,0,0,0,0,0,0,0,0,0,0,0,0,1.0,0.8,1.0,0.0,0.0,0.0,4,0,1
5567,42,15,27,0,14,9,19,15,15,0,0,0,0,0,0,0,0,0,0,0,0,0,0,1.0,1.0,1.0,0.0,0.0,0.0,4,0,0
5568,42,15,27,0,14,9,19,15,15,0,0,0,0,0,0,0,0,0,0,0,0,0,0,1.0,1.0,1.0,0.0,0.0,0.0,4,0,0
5569,42,15,27,0,14,9,19,15,15,0,0,0,0,0,0,0,0,0,0,0,0,0,0,1.0,1.0,1.0,0.0,0.0,0.0,4,0,0
5570,52,19,33,10,14,8,20,15,12,0,3,0,0,0,0,0,0,0,0,3,0,0,0,1.0,1.0,1.0,0.23809523809523808,0.23809523809523808,0.0,4,10,0
5571,56,21,35,14,14,8,20,15,11,0,4,0,0,0,0,0,0,0,0,1,0,0,0,1.0,1.0,1.0,0.07692307692307693,0.07692307692307693,0.0,4,4,0
5572,66,26,40,24,14,8,20,15,8,0,7,0,0,0,0,0,0,0,0,3,1,0,1,0.9642857142857143,1.0,1.0,0.19642857142857142,0.19642857142857142,0.0,4,11,1
5573,68,27,41,26,14,7,21,15,7,0,8,0,0,0,0,0,0,0,0,1,2,0,2,0.9473684210526316,1.0,1.0,0.06060606060606061,0.06060606060606061,0.0,4,4,2
5574,67,26,41,25,14,7,21,15,7,0,8,0,0,0,0,0,0,0,0,0,1,0,1,0.975,1.0,1.0,0.0,0.0,0.0,4,0,1
5575,62,23,39,21,13,7,21,15,7,0,8,0,0,0,0,0,0,0,0,0,5,0,5,0.8717948717948718,1.0,1.0,0.0,0.0,0.0,4,0,5
5576,61,22,39,20,13,7,21,15,7,0,8,0,0,0,0,0,0,0,0,0,1,0,1,0.9705882352941176,1.0,1.0,0.0,0.0,0.0,4,0,1
5577,60,22,38,20,12,7,21,15,7,0,8,0,0,0,0,0,0,0,0,0,1,0,1,0.9696969696969697,1.0,1.0,0.0,0.0,0.0,4,0,1
5578,60,22,38,20,12,7,21,15,7,0,8,0,0,0,0,0,0,0,0,0,0,0,0,1.0,1.0,1.0,0.0,0.0,0.0,4,0,0
5579,59,21,38,20,11,7,21,15,7,0,8,0,0,0,0,0,0,0,0,0,1,0,1,0.96875,1.0,1.0,0.0,0.0,0.0,4,0,1
5580,58,21,37,19,11,7,21,15,7,0,8,0,0,0,0,0,0,0,0,0,1,0,1,0.967741935483871,1.0,1.0,0.0,0.0,0.0,4,0,1
5581,58,21,37,19,11,7,21,15,7,0,8,0,0,0,0,0,0,0,0,0,0,0,0,1.0,1.0,1.0,0.0,0.0,0.0,4,0,0
5582,58,21,37,19,11,7,21,15,7,0,8,0,0,0,0,0,0,0,0,0,0,0,0,1.0,1.0,1.0,0.0,0.0,0.0,4,0,0
5583,61,22,39,23,10,7,21,15,6,0,9,0,0,0,0,0,0,0,0,1,1,0,1,0.9666666666666667,1.0,1.0,0.06896551724137931,0.06896551724137931,0.0,4,4,1
5584,63,23,40,26,10,6,21,16,6,0,10,0,0,0,0,0,5,1,0,1,0,0,0,1.0,0.8333333333333334,1.0,0.04918032786885246,0.04918032786885246,0.2,4,3,1
5585,62,22,40,25,10,6,21,16,6,0,10,0,0,0,0,0,0,0,0,0,1,0,1,0.9722222222222222,1.0,1.0,0.0,0.0,0.0,4,0,1
5586,65,24,41,28,10,6,21,16,5,0,11,0,0,0,0,0,0,0,0,1,1,0,1,0.9714285714285714,1.0,1.0,0.06451612903225806,0.06451612903225806,0.0,4,4,1
5587,62,21,41,26,9,6,21,16,5,0,11,0,0,0,0,0,0,0,0,0,3,0,3,0.9210526315789473,1.0,1.0,0.0,0.0,0.0,4,0,3
5588,61,21,40,26,8,6,21,16,5,0,11,0,0,0,0,0,0,0,0,0,1,0,1,0.9714285714285714,1.0,1.0,0.0,0.0,0.0,4,0,1
5589,61,21,40,26,8,6,21,16,5,0,11,0,0,0,0,0,0,0,0,0,0,0,0,1.0,1.0,1.0,0.0,0.0,0.0,4,0,0
5590,61,21,40,26,8,6,21,16,5,0,11,0,0,0,0,0,0,0,0,0,0,0,0,1.0,1.0,1.0,0.0,0.0,0.0,4,0,0
5591,61,21,40,26,8,4,23,16,5,0,11,0,0,0,0,0,0,0,0,0,0,0,0,1.0,1.0,1.0,0.0,0.0,0.0,4,0,0
5592,60,21,39,26,7,4,23,16,5,0,11,0,0,0,0,0,0,0,0,0,1,0,1,0.9705882352941176,1.0,1.0,0.0,0.0,0.0,4,0,1
5593,58,20,38,24,7,4,23,16,5,0,11,0,0,0,0,0,0,0,0,0,2,0,2,0.9393939393939394,1.0,1.0,0.0,0.0,0.0,4,0,2
5594,58,20,38,24,7,4,23,16,5,0,11,0,0,0,0,0,0,0,0,0,0,0,0,1.0,1.0,1.0,0.0,0.0,0.0,4,0,0
5595,58,20,38,24,7,4,23,16,5,0,11,0,0,0,0,0,0,0,0,0,0,0,0,1.0,1.0,1.0,0.0,0.0,0.0,4,0,0
5596,58,20,38,24,7,4,23,16,5,0,11,0,0,0,0,0,0,0,0,0,0,0,0,1.0,1.0,1.0,0.0,0.0,0.0,4,0,0
5597,56,20,36,22,7,4,23,16,5,0,11,0,0,0,0,0,0,0,0,0,2,0,2,0.935483870967742,1.0,1.0,0.0,0.0,0.0,4,0,2
5598,56,20,36,22,7,4,23,16,5,0,11,0,0,0,0,0,0,0,0,0,0,0,0,1.0,1.0,1.0,0.0,0.0,0.0,4,0,0
5599,55,20,35,21,7,4,23,16,5,0,11,0,0,0,0,0,0,0,0,0,1,0,1,0.9655172413793104,1.0,1.0,0.0,0.0,0.0,4,0,1
5600,55,20,35,21,7,4,23,16,5,0,11,0,0,0,0,0,0,0,0,0,0,0,0,1.0,1.0,1.0,0.0,0.0,0.0,4,0,0
5601,54,20,34,20,7,4,23,16,5,0,11,0,0,0,0,0,0,0,0,0,1,0,1,0.9642857142857143,1.0,1.0,0.0,0.0,0.0,4,0,1
5602,54,20,34,20,7,3,24,17,5,0,11,0,0,0,0,0,0,0,0,0,0,0,0,1.0,1.0,1.0,0.0,0.0,0.0,4,0,0
5603,53,20,33,20,6,3,24,17,5,0,11,0,0,0,0,0,0,0,0,0,1,0,1,0.962962962962963,1.0,1.0,0.0,0.0,0.0,4,0,1
5604,52,20,32,20,5,3,24,17,5,0,11,0,0,0,0,0,0,0,0,0,1,0,1,0.9615384615384616,1.0,1.0,0.0,0.0,0.0,4,0,1
5605,52,20,32,20,5,3,24,17,5,0,11,0,0,0,0,0,0,0,0,0,0,0,0,1.0,1.0,1.0,0.0,0.0,0.0,4,0,0
5606,52,20,32,20,5,3,24,17,5,0,11,0,0,0,0,0,0,0,0,0,0,0,0,1.0,1.0,1.0,0.0,0.0,0.0,4,0,0
5607,52,20,32,20,5,3,24,17,5,0,11,0,0,0,0,0,0,0,0,0,0,0,0,1.0,1.0,1.0,0.0,0.0,0.0,4,0,0
5608,52,20,32,20,5,3,24,17,5,0,11,0,0,0,0,0,0,0,0,0,0,0,0,1.0,1.0,1.0,0.0,0.0,0.0,4,0,0
5609,52,20,32,20,5,3,24,17,6,0,11,0,0,0,0,0,2,1,0,0,0,0,0,1.0,1.0,1.0,0.0,0.0,0.5,4,0,0
5610,52,20,32,20,5,3,24,17,6,0,11,0,0,0,0,0,0,0,0,0,0,1,0,1.0,1.0,1.0,0.0,0.0,0.0,4,0,0
5611,51,20,31,20,5,3,23,16,5,0,11,0,0,0,0,0,0,0,0,0,0,0,0,1.0,1.0,0.9411764705882353,0.0,0.0,0.0,4,0,1
5612,51,20,31,20,5,3,23,16,5,0,11,0,0,0,0,0,0,0,0,0,0,0,0,1.0,1.0,1.0,0.0,0.0,0.0,4,0,0
5613,50,19,31,19,5,3,23,16,5,0,11,0,0,0,0,0,0,0,0,0,1,0,1,0.96,1.0,1.0,0.0,0.0,0.0,4,0,1
5614,50,19,31,17,6,4,23,16,5,0,11,0,0,0,0,0,0,0,0,0,0,0,0,1.0,1.0,1.0,0.0,0.0,0.0,4,0,0
5615,49,19,30,11,11,4,23,16,5,0,8,0,0,0,0,0,0,0,0,0,1,0,1,0.9565217391304348,1.0,1.0,0.0,0.0,0.0,4,0,1
5616,49,19,30,9,13,4,23,16,6,0,7,0,0,0,0,0,8,1,0,0,0,0,0,1.0,1.0,1.0,0.0,0.0,0.125,4,0,0
5617,53,21,32,13,13,4,23,16,6,0,5,0,0,0,0,0,8,1,0,1,0,0,0,1.0,1.0,1.0,0.08163265306122448,0.08163265306122448,0.125,4,4,0
5618,56,21,35,16,13,4,23,16,8,0,5,0,0,0,0,0,17,3,0,1,0,0,0,1.0,1.0,1.0,0.05660377358490566,0.05660377358490566,0.17647058823529413,4,3,0
5619,59,24,35,19,13,4,23,16,8,0,6,0,0,0,0,0,4,1,0,1,0,0,0,1.0,1.0,1.0,0.05357142857142857,0.05357142857142857,0.25,4,3,0
5620,58,23,35,18,13,4,23,16,9,0,6,0,0,0,0,0,7,1,0,0,1,0,1,0.96875,1.0,1.0,0.0,0.0,0.14285714285714285,4,0,1
5621,58,23,35,18,13,4,23,16,9,0,6,0,0,0,0,0,0,0,0,0,0,1,0,1.0,1.0,1.0,0.0,0.0,0.0,4,0,0
5622,58,23,35,18,13,4,23,16,9,0,6,0,0,0,0,0,0,0,0,0,0,0,0,1.0,1.0,1.0,0.0,0.0,0.0,4,0,0
5623,55,22,33,16,12,4,23,16,9,0,6,0,0,0,0,0,0,0,0,0,3,0,3,0.9032258064516129,1.0,1.0,0.0,0.0,0.0,4,0,3
5624,55,22,33,16,12,4,23,16,9,0,6,0,0,0,0,0,0,0,0,0,0,0,0,1.0,1.0,1.0,0.0,0.0,0.0,4,0,0
5625,55,22,33,16,11,5,23,16,9,0,6,0,0,0,0,0,0,0,0,0,0,0,0,1.0,1.0,1.0,0.0,0.0,0.0,4,0,0
5626,55,22,33,14,13,5,23,16,9,0,6,0,0,0,0,0,0,0,0,0,0,0,0,1.0,1.0,1.0,0.0,0.0,0.0,4,0,0
5627,55,22,33,13,14,5,23,16,9,0,6,0,0,0,0,0,0,0,0,0,0,0,0,1.0,1.0,1.0,0.0,0.0,0.0,4,0,0
5628,55,22,33,13,14,5,23,16,9,0,5,0,0,0,0,0,0,0,0,0,0,0,0,1.0,1.0,1.0,0.0,0.0,0.0,4,0,0
5629,55,22,33,9,18,5,23,16,9,0,4,0,0,0,0,0,6,0,0,0,0,0,0,1.0,1.0,1.0,0.0,0.0,0.0,4,0,0
5630,55,22,33,9,18,4,24,17,10,1,4,0,0,0,0,0,9,1,1,0,0,0,0,1.0,1.0,1.0,0.0,0.0,0.1111111111111111,4,0,0
5631,55,22,33,9,18,4,24,17,10,1,3,0,0,0,0,0,1,0,0,0,0,0,0,1.0,1.0,1.0,0.0,0.0,0.0,4,0,0
5632,53,21,32,8,17,4,24,17,10,1,3,0,0,0,0,0,3,0,0,0,2,0,2,0.9259259259259259,1.0,1.0,0.0,0.0,0.0,4,0,2
5633,53,21,32,8,17,4,24,17,11,1,3,0,0,0,0,0,12,1,0,0,0,0,0,1.0,1.0,1.0,0.0,0.0,0.08333333333333333,4,0,0
5634,52,20,32,8,17,3,24,17,12,1,3,0,0,0,0,0,2,1,0,0,0,0,0,1.0,1.0,1.0,0.0,0.0,0.5,4,0,1
5635,52,20,32,8,17,3,24,17,12,1,3,0,0,0,0,0,1,0,0,0,0,0,0,1.0,1.0,1.0,0.0,0.0,0.0,4,0,0
5636,52,20,32,8,17,3,24,17,13,1,3,0,0,0,0,0,7,1,0,0,0,0,0,1.0,1.0,1.0,0.0,0.0,0.14285714285714285,4,0,0
5637,52,20,32,8,17,3,24,17,13,1,3,0,0,0,0,0,0,0,0,0,0,0,0,1.0,1.0,1.0,0.0,0.0,0.0,4,0,0
5638,52,20,32,8,17,3,24,17,13,1,3,0,0,0,0,0,0,0,0,0,0,0,0,1.0,1.0,1.0,0.0,0.0,0.0,4,0,0
5639,52,20,32,8,17,3,24,17,13,1,3,0,0,0,0,0,0,0,0,0,0,0,0,1.0,1.0,1.0,0.0,0.0,0.0,4,0,0
5640,52,20,32,8,17,3,24,17,13,1,3,0,0,0,0,0,0,0,0,0,0,0,0,1.0,1.0,1.0,0.0,0.0,0.0,4,0,0
5641,52,20,32,8,17,3,24,17,13,1,3,0,0,0,0,0,0,0,0,0,0,0,0,1.0,1.0,1.0,0.0,0.0,0.0,4,0,0
5642,52,20,32,8,17,3,24,17,13,1,3,0,0,0,0,0,0,0,0,0,0,0,0,1.0,1.0,1.0,0.0,0.0,0.0,4,0,0
5643,51,20,31,8,16,3,24,17,13,1,3,0,0,0,0,0,0,0,0,0,1,0,1,0.96,1.0,1.0,0.0,0.0,0.0,4,0,1
5644,51,20,31,8,16,3,24,17,13,1,3,0,0,0,0,0,0,0,0,0,0,0,0,1.0,1.0,1.0,0.0,0.0,0.0,4,0,0
5645,51,20,31,8,16,3,24,17,13,1,3,0,0,0,0,0,0,0,0,0,0,0,0,1.0,1.0,1.0,0.0,0.0,0.0,4,0,0
5646,51,20,31,8,16,3,24,17,13,1,3,0,0,0,0,0,0,0,0,0,0,0,0,1.0,1.0,1.0,0.0,0.0,0.0,4,0,0
5647,51,20,31,8,16,3,24,17,13,1,3,0,0,0,0,0,0,0,0,0,0,0,0,1.0,1.0,1.0,0.0,0.0,0.0,4,0,0
5648,50,20,30,8,15,3,24,17,13,1,3,0,0,0,0,0,0,0,0,0,1,0,1,0.9583333333333334,1.0,1.0,0.0,0.0,0.0,4,0,1
5649,53,22,31,12,14,2,25,17,12,1,4,0,0,0,0,0,0,0,0,1,1,0,1,0.9565217391304348,1.0,1.0,0.08,0.08,0.0,4,4,1
5650,53,22,31,12,14,2,25,17,12,1,4,0,0,0,0,0,0,0,0,0,0,0,0,1.0,1.0,1.0,0.0,0.0,0.0,4,0,0
5651,52,22,30,11,14,2,25,17,12,1,4,0,0,0,0,0,0,0,0,0,1,0,1,0.9615384615384616,1.0,1.0,0.0,0.0,0.0,4,0,1
5652,52,22,30,11,14,2,25,17,12,1,4,0,0,0,0,0,0,0,0,0,0,0,0,1.0,1.0,1.0,0.0,0.0,0.0,4,0,0
5653,51,22,29,11,13,2,25,17,12,1,4,0,0,0,0,0,0,0,0,0,1,0,1,0.96,1.0,1.0,0.0,0.0,0.0,4,0,1
5654,51,22,29,11,13,2,25,17,12,1,4,0,0,0,0,0,0,0,0,0,0,0,0,1.0,1.0,1.0,0.0,0.0,0.0,4,0,0
5655,51,22,29,11,13,2,25,17,12,1,4,0,0,0,0,0,0,0,0,0,0,1,0,1.0,1.0,1.0,0.0,0.0,0.0,4,0,0
5656,51,22,29,11,13,2,25,17,12,1,4,0,0,0,0,0,0,0,0,0,0,0,0,1.0,1.0,1.0,0.0,0.0,0.0,4,0,0
5657,50,21,29,10,13,2,25,17,12,1,4,0,0,0,0,0,0,0,0,0,1,0,1,0.9583333333333334,1.0,1.0,0.0,0.0,0.0,4,0,1
5658,50,21,29,10,13,2,25,17,12,1,4,0,0,0,0,0,0,0,0,0,0,0,0,1.0,1.0,1.0,0.0,0.0,0.0,4,0,0
5659,50,21,29,10,12,3,25,17,12,1,4,0,0,0,0,0,0,0,0,0,0,0,0,1.0,1.0,1.0,0.0,0.0,0.0,4,0,0
5660,50,21,29,7,15,3,25,17,12,1,4,0,0,0,0,0,0,0,0,0,0,0,0,1.0,1.0,1.0,0.0,0.0,0.0,4,0,0
5661,49,21,28,4,17,3,25,17,12,1,4,0,0,0,0,0,0,0,0,0,1,0,1,0.9545454545454546,1.0,1.0,0.0,0.0,0.0,4,0,1
5662,49,21,28,3,18,3,25,17,12,1,3,0,0,0,0,0,0,0,0,0,0,0,0,1.0,1.0,1.0,0.0,0.0,0.0,4,0,0
5663,49,21,28,3,18,3,25,17,13,1,2,0,0,0,0,0,4,1,0,0,0,0,0,1.0,1.0,1.0,0.0,0.0,0.25,4,0,0
5664,49,21,28,3,18,3,25,17,13,1,1,0,0,0,0,0,6,0,0,0,0,0,0,1.0,1.0,1.0,0.0,0.0,0.0,4,0,0
5665,49,21,28,3,18,3,25,17,15,1,1,0,0,0,0,0,5,2,0,0,0,0,0,1.0,1.0,1.0,0.0,0.0,0.4,4,0,0
5666,49,21,28,3,18,3,25,17,15,1,1,0,0,0,0,0,0,0,0,0,0,0,0,1.0,1.0,1.0,0.0,0.0,0.0,4,0,0
5667,49,21,28,3,18,3,25,17,15,1,1,0,0,0,0,0,0,0,0,0,0,0,0,1.0,1.0,1.0,0.0,0.0,0.0,4,0,0
5668,49,21,28,3,18,3,25,17,15,1,1,0,0,0,0,0,0,0,0,0,0,0,0,1.0,1.0,1.0,0.0,0.0,0.0,4,0,0
5669,49,21,28,3,18,3,25,17,15,1,1,0,0,0,0,0,0,0,0,0,0,0,0,1.0,1.0,1.0,0.0,0.0,0.0,4,0,0
5670,48,20,28,3,17,3,25,17,15,1,1,0,0,0,0,0,0,0,0,0,1,0,1,0.9523809523809523,1.0,1.0,0.0,0.0,0.0,4,0,1
5671,48,20,28,3,17,3,25,17,15,1,1,0,0,0,0,0,0,0,0,0,0,0,0,1.0,1.0,1.0,0.0,0.0,0.0,4,0,0
5672,47,19,28,2,17,3,25,17,15,1,1,0,0,0,0,0,0,0,0,0,1,0,1,0.95,1.0,1.0,0.0,0.0,0.0,4,0,1
5673,47,19,28,2,17,3,25,17,15,1,1,0,0,0,0,0,0,0,0,0,0,0,0,1.0,1.0,1.0,0.0,0.0,0.0,4,0,0
5674,51,21,30,6,17,3,25,17,14,1,2,0,0,0,0,0,0,0,0,1,0,0,0,1.0,1.0,1.0,0.0851063829787234,0.0851063829787234,0.0,4,4,0
5675,51,21,30,6,17,3,25,17,14,0,2,0,0,0,0,0,0,0,0,0,0,0,0,1.0,1.0,1.0,0.0,0.0,0.0,4,0,0
5676,51,21,30,6,17,3,25,17,14,0,2,0,0,0,0,0,1,0,0,0,0,0,0,1.0,1.0,1.0,0.0,0.0,0.0,4,0,0
5677,50,21,29,6,16,3,25,17,15,0,2,0,0,0,0,0,7,1,0,0,1,0,1,0.9565217391304348,1.0,1.0,0.0,0.0,0.14285714285714285,4,0,1
5678,50,21,29,6,16,3,25,17,15,0,2,0,0,0,0,0,0,0,0,0,0,0,0,1.0,1.0,1.0,0.0,0.0,0.0,4,0,0
5679,50,21,29,6,16,3,25,17,15,0,2,0,0,0,0,0,0,0,0,0,0,0,0,1.0,1.0,1.0,0.0,0.0,0.0,4,0,0
5680,48,20,28,6,14,3,25,17,15,0,2,0,0,0,0,0,0,0,0,0,2,0,2,0.9090909090909091,1.0,1.0,0.0,0.0,0.0,4,0,2
5681,52,21,31,10,14,3,25,17,14,0,3,0,0,0,0,0,0,0,0,1,0,0,0,1.0,1.0,1.0,0.08333333333333333,0.08333333333333333,0.0,4,4,0
5682,54,22,32,13,13,3,25,17,13,0,4,0,0,0,0,0,0,0,0,1,1,0,1,0.9583333333333334,1.0,1.0,0.057692307692307696,0.057692307692307696,0.0,4,3,1
5683,64,28,36,23,13,3,25,17,10,0,7,0,0,0,0,0,0,0,0,3,0,0,0,1.0,1.0,1.0,0.18518518518518517,0.18518518518518517,0.0,4,10,0
5684,66,28,38,25,13,3,25,17,9,0,8,0,0,0,0,0,0,0,0,1,1,0,1,0.9722222222222222,1.0,1.0,0.046875,0.046875,0.0,4,3,1
5685,68,28,40,28,12,3,25,17,8,0,9,0,0,0,0,0,0,0,0,1,2,0,2,0.9473684210526316,1.0,1.0,0.06060606060606061,0.06060606060606061,0.0,4,4,2
5686,68,28,40,28,12,3,25,17,8,0,9,0,0,0,0,0,0,0,0,0,0,0,0,1.0,1.0,1.0,0.0,0.0,0.0,4,0,0
5687,64,27,37,25,11,3,25,17,8,0,9,0,0,0,0,0,0,0,0,0,4,0,4,0.9,1.0,1.0,0.0,0.0,0.0,4,0,4
5688,62,26,36,23,11,3,25,17,8,0,9,0,0,0,0,0,0,0,0,0,2,0,2,0.9444444444444444,1.0,1.0,0.0,0.0,0.0,4,0,2
5689,62,26,36,23,11,3,25,17,8,0,9,0,0,0,0,0,0,0,0,0,0,0,0,1.0,1.0,1.0,0.0,0.0,0.0,4,0,0
5690,62,26,36,23,11,3,25,17,8,0,9,0,0,0,0,0,0,0,0,0,0,0,0,1.0,1.0,1.0,0.0,0.0,0.0,4,0,0
5691,59,25,34,21,10,3,25,17,8,0,9,0,0,0,0,0,0,0,0,0,3,0,3,0.9117647058823529,1.0,1.0,0.0,0.0,0.0,4,0,3
5692,59,25,34,19,12,3,25,17,8,0,9,0,0,0,0,0,0,0,0,0,0,0,0,1.0,1.0,1.0,0.0,0.0,0.0,4,0,0
5693,58,24,34,18,12,3,25,17,8,0,9,0,0,0,0,0,0,0,0,0,1,0,1,0.967741935483871,1.0,1.0,0.0,0.0,0.0,4,0,1
5694,57,23,34,18,11,3,25,17,8,0,8,0,0,0,0,0,0,0,0,0,1,0,1,0.9666666666666667,1.0,1.0,0.0,0.0,0.0,4,0,1
5695,59,24,35,21,10,3,25,17,8,0,9,0,0,0,0,0,6,1,0,1,1,0,1,0.9655172413793104,1.0,1.0,0.05263157894736842,0.05263157894736842,0.16666666666666666,4,3,1
5696,58,24,34,20,10,3,25,17,8,0,9,0,0,0,0,0,0,0,0,0,1,0,1,0.967741935483871,1.0,1.0,0.0,0.0,0.0,4,0,1
5697,58,24,34,20,10,3,25,17,8,0,9,0,0,0,0,0,0,0,0,0,0,0,0,1.0,1.0,1.0,0.0,0.0,0.0,4,0,0
5698,61,28,33,23,10,3,25,17,7,0,10,0,0,0,0,0,0,0,0,1,1,0,1,0.9666666666666667,1.0,1.0,0.06896551724137931,0.06896551724137931,0.0,4,4,1
5699,64,31,33,26,10,3,25,17,6,0,11,0,0,0,0,0,0,0,0,1,1,0,1,0.9696969696969697,1.0,1.0,0.06557377049180328,0.06557377049180328,0.0,4,4,1
5700,63,30,33,25,10,3,25,17,6,0,11,0,0,0,0,0,0,0,0,0,1,0,1,0.9722222222222222,1.0,1.0,0.0,0.0,0.0,4,0,1
5701,66,33,33,28,10,3,25,17,5,0,12,0,0,0,0,0,0,0,0,1,1,0,1,0.9714285714285714,1.0,1.0,0.06349206349206349,0.06349206349206349,0.0,4,4,1
5702,66,33,33,28,10,3,25,17,5,0,12,0,0,0,0,0,0,0,0,0,0,0,0,1.0,1.0,1.0,0.0,0.0,0.0,4,0,0
5703,66,33,33,28,10,3,25,17,5,0,12,0,0,0,0,0,0,0,0,0,0,0,0,1.0,1.0,1.0,0.0,0.0,0.0,4,0,0
5704,66,33,33,28,10,3,25,17,5,0,12,0,0,0,0,0,0,0,0,0,0,0,0,1.0,1.0,1.0,0.0,0.0,0.0,4,0,0
5705,65,32,33,27,10,3,25,17,5,0,12,0,0,0,0,0,0,0,0,0,1,0,1,0.9736842105263158,1.0,1.0,0.0,0.0,0.0,4,0,1
5706,64,31,33,27,10,3,24,17,5,0,12,0,0,0,0,0,0,0,0,0,0,0,0,1.0,0.875,1.0,0.0,0.0,0.0,4,0,1
5707,62,30,32,25,10,3,24,17,5,0,12,0,0,0,0,0,0,0,0,0,2,0,2,0.9459459459459459,1.0,1.0,0.0,0.0,0.0,4,0,2
5708,61,29,32,24,10,3,24,17,5,0,12,0,0,0,0,0,0,0,0,0,1,0,1,0.9714285714285714,1.0,1.0,0.0,0.0,0.0,4,0,1
5709,59,28,31,23,10,3,23,17,5,0,12,0,0,0,0,0,0,0,0,0,1,0,1,0.9705882352941176,0.8571428571428572,1.0,0.0,0.0,0.0,4,0,2
5710,57,26,31,22,9,3,23,17,5,0,12,0,0,0,0,0,0,0,0,0,2,0,2,0.9393939393939394,1.0,1.0,0.0,0.0,0.0,4,0,2
5711,54,23,31,20,8,3,23,17,5,0,12,0,0,0,0,0,0,0,0,0,3,0,3,0.9032258064516129,1.0,1.0,0.0,0.0,0.0,4,0,3
5712,53,22,31,19,8,3,23,17,5,0,12,0,0,0,0,0,0,0,0,0,1,0,1,0.9642857142857143,1.0,1.0,0.0,0.0,0.0,4,0,1
5713,52,22,30,18,8,3,23,17,5,0,12,0,0,0,0,0,0,0,0,0,1,0,1,0.962962962962963,1.0,1.0,0.0,0.0,0.0,4,0,1
5714,51,22,29,17,8,3,23,17,5,0,12,0,0,0,0,0,0,0,0,0,1,0,1,0.9615384615384616,1.0,1.0,0.0,0.0,0.0,4,0,1
5715,51,22,29,17,8,3,23,17,5,0,12,0,0,0,0,0,0,0,0,0,0,0,0,1.0,1.0,1.0,0.0,0.0,0.0,4,0,0
5716,51,22,29,17,8,3,23,17,5,0,12,0,0,0,0,0,0,0,0,0,0,0,0,1.0,1.0,1.0,0.0,0.0,0.0,4,0,0
5717,51,22,29,16,9,3,23,17,5,0,12,0,0,0,0,0,0,0,0,0,0,0,0,1.0,1.0,1.0,0.0,0.0,0.0,4,0,0
5718,51,22,29,16,9,3,23,17,5,0,12,0,0,0,0,0,0,0,0,0,0,0,0,1.0,1.0,1.0,0.0,0.0,0.0,4,0,0
5719,51,22,29,16,9,3,23,17,5,0,11,0,0,0,0,0,0,0,0,0,0,0,0,1.0,1.0,1.0,0.0,0.0,0.0,4,0,0
5720,51,22,29,16,9,3,23,17,6,0,11,0,0,0,0,0,2,1,0,0,0,0,0,1.0,1.0,1.0,0.0,0.0,0.5,4,0,0
5721,50,21,29,16,8,3,23,17,6,0,11,0,0,0,0,0,0,0,0,0,1,0,1,0.96,1.0,1.0,0.0,0.0,0.0,4,0,1
5722,50,21,29,16,8,3,23,17,6,0,11,0,0,0,0,0,0,0,0,0,0,0,0,1.0,1.0,1.0,0.0,0.0,0.0,4,0,0
5723,50,21,29,16,8,3,23,17,6,0,11,0,0,0,0,0,0,0,0,0,0,0,0,1.0,1.0,1.0,0.0,0.0,0.0,4,0,0
5724,49,21,28,15,8,3,23,17,6,0,11,0,0,0,0,0,0,0,0,0,1,0,1,0.9583333333333334,1.0,1.0,0.0,0.0,0.0,4,0,1
5725,49,21,28,14,9,2,24,18,6,0,11,0,0,0,0,0,0,0,0,0,0,0,0,1.0,1.0,1.0,0.0,0.0,0.0,4,0,0
5726,49,21,28,10,13,2,24,18,7,0,10,0,0,0,0,0,5,1,0,0,0,0,0,1.0,1.0,1.0,0.0,0.0,0.2,4,0,0
5727,49,21,28,10,13,2,24,18,7,0,9,0,0,0,0,0,3,0,0,0,0,0,0,1.0,1.0,1.0,0.0,0.0,0.0,4,0,0
5728,53,22,31,13,14,2,24,18,8,0,7,0,0,0,0,0,15,2,0,1,0,0,0,1.0,1.0,1.0,0.08163265306122448,0.08163265306122448,0.13333333333333333,4,4,0
5729,53,22,31,13,14,2,24,18,11,0,6,0,0,0,0,0,18,3,0,0,0,0,0,1.0,1.0,1.0,0.0,0.0,0.16666666666666666,4,0,0
5730,60,25,35,20,14,2,24,18,9,0,7,0,0,0,0,0,1,0,0,2,0,0,0,1.0,1.0,1.0,0.1320754716981132,0.1320754716981132,0.0,4,7,0
5731,60,25,35,20,14,2,24,18,11,0,7,0,0,0,0,0,5,2,0,0,0,0,0,1.0,1.0,1.0,0.0,0.0,0.4,4,0,0
5732,57,24,33,18,13,2,24,18,11,0,7,0,0,0,0,0,0,0,0,0,3,0,3,0.9117647058823529,1.0,1.0,0.0,0.0,0.0,4,0,3
5733,55,22,33,17,12,2,24,18,11,0,7,0,0,0,0,0,0,0,0,0,2,0,2,0.935483870967742,1.0,1.0,0.0,0.0,0.0,4,0,2
5734,55,22,33,17,12,2,24,18,11,0,7,0,0,0,0,0,0,0,0,0,0,0,0,1.0,1.0,1.0,0.0,0.0,0.0,4,0,0
5735,55,22,33,17,12,2,24,18,11,0,7,0,0,0,0,0,0,0,0,0,0,0,0,1.0,1.0,1.0,0.0,0.0,0.0,4,0,0
5736,55,22,33,17,12,2,24,18,11,0,7,0,0,0,0,0,0,0,0,0,0,0,0,1.0,1.0,1.0,0.0,0.0,0.0,4,0,0
5737,54,21,33,16,12,2,24,18,11,0,7,0,0,0,0,0,0,0,0,0,1,0,1,0.9655172413793104,1.0,1.0,0.0,0.0,0.0,4,0,1
5738,53,20,33,14,14,2,23,18,11,0,7,0,0,0,0,0,0,0,0,0,0,0,0,1.0,0.8333333333333334,1.0,0.0,0.0,0.0,4,0,1
5739,52,20,32,13,14,2,23,18,11,0,7,0,0,0,0,0,0,0,0,0,1,0,1,0.9642857142857143,1.0,1.0,0.0,0.0,0.0,4,0,1
5740,52,20,32,13,14,2,23,18,11,0,6,0,0,0,0,0,0,0,0,0,0,0,0,1.0,1.0,1.0,0.0,0.0,0.0,4,0,0
5741,52,20,32,12,15,2,23,18,11,0,6,0,0,0,0,0,2,0,0,0,0,0,0,1.0,1.0,1.0,0.0,0.0,0.0,4,0,0
5742,56,21,35,13,18,2,23,18,11,0,7,0,0,0,0,0,5,1,0,1,0,0,0,1.0,1.0,1.0,0.07692307692307693,0.07692307692307693,0.2,4,4,0
5743,56,21,35,13,18,2,23,18,11,0,6,0,0,0,0,0,0,0,0,0,0,0,0,1.0,1.0,1.0,0.0,0.0,0.0,4,0,0
5744,55,20,35,11,19,2,23,18,12,0,5,0,0,0,0,0,8,1,0,0,1,0,1,0.967741935483871,1.0,1.0,0.0,0.0,0.125,4,0,1
5745,55,20,35,11,19,2,23,18,13,0,5,0,0,0,0,0,1,1,0,0,0,0,0,1.0,1.0,1.0,0.0,0.0,1.0,4,0,0
5746,55,20,35,11,19,2,23,18,13,0,4,0,0,0,0,0,0,0,0,0,0,0,0,1.0,1.0,1.0,0.0,0.0,0.0,4,0,0
5747,54,20,34,10,19,2,23,18,14,0,4,0,0,0,0,0,5,1,0,0,1,0,1,0.9666666666666667,1.0,1.0,0.0,0.0,0.2,4,0,1
5748,54,20,34,10,19,2,23,18,14,0,4,0,0,0,0,0,0,0,0,0,0,0,0,1.0,1.0,1.0,0.0,0.0,0.0,4,0,0
5749,54,20,34,10,19,2,23,18,14,0,4,0,0,0,0,0,0,0,0,0,0,0,0,1.0,1.0,1.0,0.0,0.0,0.0,4,0,0
5750,54,20,34,10,19,2,23,18,14,0,4,0,0,0,0,0,0,0,0,0,0,0,0,1.0,1.0,1.0,0.0,0.0,0.0,4,0,0
5751,53,19,34,9,19,2,23,18,14,0,4,0,0,0,0,0,0,0,0,0,1,1,1,0.9655172413793104,1.0,1.0,0.0,0.0,0.0,4,0,1
5752,52,18,34,9,18,2,23,18,14,0,4,0,0,0,0,0,0,0,0,0,1,0,1,0.9642857142857143,1.0,1.0,0.0,0.0,0.0,4,0,1
5753,52,18,34,9,18,2,23,18,14,0,4,0,0,0,0,0,0,0,0,0,0,0,0,1.0,1.0,1.0,0.0,0.0,0.0,4,0,0
5754,52,18,34,9,18,2,23,18,14,0,4,0,0,0,0,0,0,0,0,0,0,0,0,1.0,1.0,1.0,0.0,0.0,0.0,4,0,0
5755,52,18,34,9,17,3,23,18,14,0,4,0,0,0,0,0,0,0,0,0,0,0,0,1.0,1.0,1.0,0.0,0.0,0.0,4,0,0
5756,52,18,34,9,17,3,23,18,14,0,4,0,0,0,0,0,0,0,0,0,0,0,0,1.0,1.0,1.0,0.0,0.0,0.0,4,0,0
5757,52,18,34,9,17,3,23,18,14,0,4,0,0,0,0,0,0,0,0,0,0,0,0,1.0,1.0,1.0,0.0,0.0,0.0,4,0,0
5758,52,18,34,9,17,3,23,18,14,0,4,0,0,0,0,0,0,0,0,0,0,0,0,1.0,1.0,1.0,0.0,0.0,0.0,4,0,0
5759,52,18,34,9,17,3,23,18,14,0,4,0,0,0,0,0,0,0,0,0,0,0,0,1.0,1.0,1.0,0.0,0.0,0.0,4,0,0
5760,56,21,35,13,17,3,23,18,13,0,5,0,0,0,0,0,0,0,0,1,0,0,0,1.0,1.0,1.0,0.07692307692307693,0.07692307692307693,0.0,4,4,0
5761,56,21,35,13,17,3,23,18,13,0,5,0,0,0,0,0,0,0,0,0,0,0,0,1.0,1.0,1.0,0.0,0.0,0.0,4,0,0
5762,55,20,35,12,17,3,23,18,13,0,5,0,0,0,0,0,0,0,0,0,1,0,1,0.9666666666666667,1.0,1.0,0.0,0.0,0.0,4,0,1
5763,54,20,34,11,17,3,23,18,13,0,5,0,0,0,0,0,0,0,0,0,1,1,1,0.9655172413793104,1.0,1.0,0.0,0.0,0.0,4,0,1
5764,53,20,33,10,17,3,23,18,13,0,5,0,0,0,0,0,0,0,0,0,1,0,1,0.9642857142857143,1.0,1.0,0.0,0.0,0.0,4,0,1
5765,52,20,32,9,17,3,23,18,13,0,5,0,0,0,0,0,0,0,0,0,1,0,1,0.962962962962963,1.0,1.0,0.0,0.0,0.0,4,0,1
5766,51,20,31,9,16,3,23,18,13,0,5,0,0,0,0,0,0,0,0,0,1,1,1,0.9615384615384616,1.0,1.0,0.0,0.0,0.0,4,0,1
5767,51,20,31,9,15,4,23,18,13,0,5,0,0,0,0,0,0,0,0,0,0,0,0,1.0,1.0,1.0,0.0,0.0,0.0,4,0,0
5768,51,20,31,9,15,4,23,18,13,0,5,0,0,0,0,0,0,0,0,0,0,0,0,1.0,1.0,1.0,0.0,0.0,0.0,4,0,0
5769,51,20,31,9,15,4,23,18,13,0,5,0,0,0,0,0,0,0,0,0,0,0,0,1.0,1.0,1.0,0.0,0.0,0.0,4,0,0
5770,51,20,31,9,14,5,23,18,13,0,5,0,0,0,0,0,0,0,0,0,0,0,0,1.0,1.0,1.0,0.0,0.0,0.0,4,0,0
5771,49,19,30,6,15,5,23,18,13,0,5,0,0,0,0,0,0,0,0,0,2,0,2,0.9130434782608696,1.0,1.0,0.0,0.0,0.0,4,0,2
5772,49,19,30,6,15,5,23,18,13,0,5,0,0,0,0,0,0,0,0,0,0,0,0,1.0,1.0,1.0,0.0,0.0,0.0,4,0,0
5773,49,19,30,4,17,5,23,18,13,0,4,0,0,0,0,0,0,0,0,0,0,0,0,1.0,1.0,1.0,0.0,0.0,0.0,4,0,0
5774,49,19,30,4,17,5,23,18,14,0,4,0,0,0,0,0,3,1,0,0,0,0,0,1.0,1.0,1.0,0.0,0.0,0.3333333333333333,4,0,0
5775,49,19,30,4,17,5,23,18,14,0,2,0,0,0,0,0,0,0,0,0,0,0,0,1.0,1.0,1.0,0.0,0.0,0.0,4,0,0
5776,49,19,30,4,17,5,23,18,14,0,2,0,0,0,0,0,0,0,0,0,0,0,0,1.0,1.0,1.0,0.0,0.0,0.0,4,0,0
5777,49,19,30,4,17,5,23,18,14,0,2,0,0,0,0,0,0,0,0,0,0,0,0,1.0,1.0,1.0,0.0,0.0,0.0,4,0,0
5778,49,19,30,4,17,5,23,18,14,0,2,0,0,0,0,0,0,0,0,0,0,0,0,1.0,1.0,1.0,0.0,0.0,0.0,4,0,0
5779,49,19,30,4,17,5,23,18,14,0,2,0,0,0,0,0,0,0,0,0,0,0,0,1.0,1.0,1.0,0.0,0.0,0.0,4,0,0
5780,49,19,30,4,17,5,23,18,14,0,2,0,0,0,0,0,0,0,0,0,0,0,0,1.0,1.0,1.0,0.0,0.0,0.0,4,0,0
5781,49,19,30,4,17,5,23,18,14,0,2,0,0,0,0,0,0,0,0,0,0,0,0,1.0,1.0,1.0,0.0,0.0,0.0,4,0,0
5782,49,19,30,4,17,5,23,18,14,0,2,0,0,0,0,0,0,0,0,0,0,0,0,1.0,1.0,1.0,0.0,0.0,0.0,4,0,0
5783,49,19,30,4,17,5,23,18,14,0,2,0,0,0,0,0,0,0,0,0,0,0,0,1.0,1.0,1.0,0.0,0.0,0.0,4,0,0
5784,48,18,30,4,16,5,23,18,14,0,2,0,0,0,0,0,0,0,0,0,1,0,1,0.9523809523809523,1.0,1.0,0.0,0.0,0.0,4,0,1
5785,50,18,32,6,16,5,23,18,13,0,3,0,0,0,0,0,0,0,0,1,1,0,1,0.95,1.0,1.0,0.0625,0.0625,0.0,4,3,1
5786,50,18,32,6,16,5,23,18,13,0,3,0,0,0,0,0,0,0,0,0,0,0,0,1.0,1.0,1.0,0.0,0.0,0.0,4,0,0
5787,49,18,31,5,16,5,23,18,13,0,2,0,0,0,0,0,0,0,0,0,1,0,1,0.9545454545454546,1.0,1.0,0.0,0.0,0.0,4,0,1
5788,49,18,31,5,16,5,23,18,13,0,2,0,0,0,0,0,0,0,0,0,0,0,0,1.0,1.0,1.0,0.0,0.0,0.0,4,0,0
5789,49,18,31,5,16,5,23,18,13,0,2,0,0,0,0,0,0,0,0,0,0,0,0,1.0,1.0,1.0,0.0,0.0,0.0,4,0,0
5790,49,18,31,5,16,5,23,18,13,0,2,0,0,0,0,0,0,0,0,0,0,0,0,1.0,1.0,1.0,0.0,0.0,0.0,4,0,0
5791,53,20,33,9,16,5,23,18,12,0,3,0,0,0,0,0,0,0,0,1,0,0,0,1.0,1.0,1.0,0.08163265306122448,0.08163265306122448,0.0,4,4,0
5792,52,19,33,8,16,5,23,18,12,0,3,0,0,0,0,0,0,0,0,0,1,0,1,0.96,1.0,1.0,0.0,0.0,0.0,4,0,1
5793,59,23,36,15,16,5,23,18,10,0,5,0,0,0,0,0,0,0,0,2,0,0,0,1.0,1.0,1.0,0.1346153846153846,0.1346153846153846,0.0,4,7,0
5794,69,26,43,25,16,4,24,18,7,0,8,0,0,0,0,0,0,0,0,3,0,0,0,1.0,1.0,1.0,0.1694915254237288,0.1694915254237288,0.0,4,10,0
5795,69,26,43,25,16,4,24,18,7,0,8,0,0,0,0,0,0,0,0,0,0,0,0,1.0,1.0,1.0,0.0,0.0,0.0,4,0,0
5796,75,28,47,32,15,4,24,18,5,0,10,0,0,0,0,0,0,0,0,2,1,0,1,0.975609756097561,1.0,1.0,0.10144927536231885,0.10144927536231885,0.0,4,7,1
5797,71,27,44,30,14,4,23,17,5,0,9,0,0,0,0,0,0,0,0,0,3,0,3,0.9361702127659575,1.0,0.9444444444444444,0.0,0.0,0.0,4,0,4
5798,71,27,44,30,14,4,23,17,5,0,9,0,0,0,0,0,0,0,0,0,0,0,0,1.0,1.0,1.0,0.0,0.0,0.0,4,0,0
5799,66,23,43,27,13,4,22,16,5,0,8,0,0,0,0,0,0,0,0,0,4,0,4,0.9090909090909091,1.0,0.9411764705882353,0.0,0.0,0.0,4,0,5
5800,64,23,41,26,12,4,22,16,5,0,8,0,0,0,0,0,0,0,0,0,2,0,2,0.95,1.0,1.0,0.0,0.0,0.0,4,0,2
5801,62,22,40,25,11,4,22,16,5,0,8,0,0,0,0,0,0,0,0,0,2,0,2,0.9473684210526316,1.0,1.0,0.0,0.0,0.0,4,0,2
5802,61,21,40,24,11,4,22,16,5,0,8,0,0,0,0,0,0,0,0,0,1,0,1,0.9722222222222222,1.0,1.0,0.0,0.0,0.0,4,0,1
5803,59,20,39,20,13,4,22,16,5,0,8,0,0,0,0,0,0,0,0,0,2,0,2,0.9428571428571428,1.0,1.0,0.0,0.0,0.0,4,0,2
5804,59,20,39,20,13,4,22,16,5,0,8,0,0,0,0,0,0,0,0,0,0,0,0,1.0,1.0,1.0,0.0,0.0,0.0,4,0,0
5805,59,20,39,20,13,4,22,16,5,0,7,0,0,0,0,0,0,0,0,0,0,0,0,1.0,1.0,1.0,0.0,0.0,0.0,4,0,0
5806,58,19,39,20,12,4,22,16,5,0,7,0,0,0,0,0,0,0,0,0,1,0,1,0.9696969696969697,1.0,1.0,0.0,0.0,0.0,4,0,1
5807,61,21,40,23,12,4,22,16,4,0,8,0,0,0,0,0,0,0,0,1,0,0,0,1.0,1.0,1.0,0.05172413793103448,0.05172413793103448,0.0,4,3,0
5808,61,21,40,23,12,4,22,16,4,0,8,0,0,0,0,0,0,0,0,0,0,0,0,1.0,1.0,1.0,0.0,0.0,0.0,4,0,0
5809,63,22,41,26,11,4,22,16,3,0,9,0,0,0,0,0,0,0,0,1,1,0,1,0.9714285714285714,1.0,1.0,0.04918032786885246,0.04918032786885246,0.0,4,3,1
5810,66,25,41,29,11,4,22,16,2,0,10,0,0,0,0,0,0,0,0,1,0,0,0,1.0,1.0,1.0,0.047619047619047616,0.047619047619047616,0.0,4,3,0
5811,63,24,39,27,10,4,22,16,2,0,10,0,0,0,0,0,0,0,0,0,3,0,3,0.925,1.0,1.0,0.0,0.0,0.0,4,0,3
5812,66,26,40,30,10,4,22,16,1,0,11,0,0,0,0,0,0,0,0,1,1,0,1,0.972972972972973,1.0,1.0,0.06349206349206349,0.06349206349206349,0.0,4,4,1
5813,63,24,39,27,10,4,22,16,1,0,11,0,0,0,0,0,0,0,0,0,3,0,3,0.925,1.0,1.0,0.0,0.0,0.0,4,0,3
5814,63,24,39,27,10,4,22,16,1,0,11,0,0,0,0,0,0,0,0,0,0,0,0,1.0,1.0,1.0,0.0,0.0,0.0,4,0,0
5815,61,24,37,26,9,4,22,16,1,0,11,0,0,0,0,0,0,0,0,0,2,0,2,0.9459459459459459,1.0,1.0,0.0,0.0,0.0,4,0,2
5816,60,24,36,25,9,4,22,16,1,0,11,0,0,0,0,0,0,0,0,0,1,0,1,0.9714285714285714,1.0,1.0,0.0,0.0,0.0,4,0,1
5817,59,24,35,24,9,4,22,16,1,0,11,0,0,0,0,0,0,0,0,0,1,0,1,0.9705882352941176,1.0,1.0,0.0,0.0,0.0,4,0,1
5818,59,24,35,24,9,4,22,16,1,0,11,0,0,0,0,0,0,0,0,0,0,0,0,1.0,1.0,1.0,0.0,0.0,0.0,4,0,0
5819,58,23,35,24,9,4,21,16,1,0,11,0,0,0,0,0,0,0,0,0,0,0,0,1.0,0.8333333333333334,1.0,0.0,0.0,0.0,4,0,1
5820,58,23,35,24,9,4,21,16,1,0,11,0,0,0,0,0,0,0,0,0,0,0,0,1.0,1.0,1.0,0.0,0.0,0.0,4,0,0
5821,58,23,35,24,9,4,21,16,1,0,11,0,0,0,0,0,0,0,0,0,0,0,0,1.0,1.0,1.0,0.0,0.0,0.0,4,0,0
5822,57,22,35,23,9,4,21,16,1,0,11,0,0,0,0,0,0,0,0,0,1,0,1,0.9696969696969697,1.0,1.0,0.0,0.0,0.0,4,0,1
5823,56,21,35,22,9,4,21,16,1,0,11,0,0,0,0,0,0,0,0,0,1,0,1,0.96875,1.0,1.0,0.0,0.0,0.0,4,0,1
5824,56,21,35,22,9,4,21,16,1,0,11,0,0,0,0,0,0,0,0,0,0,0,0,1.0,1.0,1.0,0.0,0.0,0.0,4,0,0
5825,56,21,35,22,9,4,21,16,1,0,11,0,0,0,0,0,0,0,0,0,0,0,0,1.0,1.0,1.0,0.0,0.0,0.0,4,0,0
5826,56,21,35,22,9,4,21,16,1,0,11,0,0,0,0,0,0,0,0,0,0,0,0,1.0,1.0,1.0,0.0,0.0,0.0,4,0,0
5827,56,21,35,22,9,4,21,16,1,0,11,0,0,0,0,0,0,0,0,0,0,0,0,1.0,1.0,1.0,0.0,0.0,0.0,4,0,0
5828,55,20,35,20,10,4,21,16,1,0,11,0,0,0,0,0,0,0,0,0,1,0,1,0.967741935483871,1.0,1.0,0.0,0.0,0.0,4,0,1
5829,53,19,34,18,10,4,21,16,1,0,11,0,0,0,0,0,0,0,0,0,2,1,2,0.9333333333333333,1.0,1.0,0.0,0.0,0.0,4,0,2
5830,52,18,34,18,10,4,20,16,1,0,11,0,0,0,0,0,0,0,0,0,0,0,0,1.0,0.8,1.0,0.0,0.0,0.0,4,0,1
5831,52,18,34,18,10,4,20,16,1,0,11,0,0,0,0,0,0,0,0,0,0,0,0,1.0,1.0,1.0,0.0,0.0,0.0,4,0,0
5832,51,17,34,17,10,4,20,16,1,0,11,0,0,0,0,0,0,0,0,0,1,0,1,0.9642857142857143,1.0,1.0,0.0,0.0,0.0,4,0,1
5833,50,17,33,16,9,5,20,16,1,0,11,0,0,0,0,0,0,0,0,0,1,0,1,0.9615384615384616,1.0,1.0,0.0,0.0,0.0,4,0,1
5834,49,17,32,15,9,5,20,16,1,0,11,0,0,0,0,0,0,0,0,0,1,0,1,0.96,1.0,1.0,0.0,0.0,0.0,4,0,1
5835,49,17,32,15,9,5,20,16,1,0,11,0,0,0,0,0,0,0,0,0,0,0,0,1.0,1.0,1.0,0.0,0.0,0.0,4,0,0
5836,49,17,32,11,13,5,20,16,1,0,10,0,0,0,0,0,0,0,0,0,0,0,0,1.0,1.0,1.0,0.0,0.0,0.0,4,0,0
5837,49,17,32,7,17,5,20,16,1,0,10,0,0,0,0,0,0,0,0,0,0,0,0,1.0,1.0,1.0,0.0,0.0,0.0,4,0,0
5838,49,17,32,7,17,5,20,16,1,0,8,0,0,0,0,0,0,0,0,0,0,0,0,1.0,1.0,1.0,0.0,0.0,0.0,4,0,0
5839,53,20,33,9,19,5,20,16,0,0,7,0,0,0,0,0,0,0,0,1,0,0,0,1.0,1.0,1.0,0.08163265306122448,0.08163265306122448,0.0,4,4,0
5840,53,20,33,9,19,5,20,16,0,0,7,0,0,0,0,0,0,0,0,0,0,0,0,1.0,1.0,1.0,0.0,0.0,0.0,4,0,0
5841,52,19,33,9,19,4,20,16,0,0,5,0,0,0,0,0,0,0,0,0,0,0,0,1.0,1.0,1.0,0.0,0.0,0.0,4,0,1
5842,52,19,33,9,19,4,20,16,0,0,5,0,0,0,0,0,0,0,0,0,0,0,0,1.0,1.0,1.0,0.0,0.0,0.0,4,0,0
5843,51,18,33,9,18,3,21,17,0,0,5,0,0,0,0,0,0,0,0,0,1,0,1,0.9642857142857143,1.0,1.0,0.0,0.0,0.0,4,0,1
5844,51,18,33,9,18,3,21,17,0,0,5,0,0,0,0,0,0,0,0,0,0,0,0,1.0,1.0,1.0,0.0,0.0,0.0,4,0,0
5845,50,18,32,9,17,3,21,17,0,0,5,0,0,0,0,0,0,0,0,0,1,0,1,0.962962962962963,1.0,1.0,0.0,0.0,0.0,4,0,1
5846,49,18,31,9,16,3,21,17,0,0,5,0,0,0,0,0,0,0,0,0,1,0,1,0.9615384615384616,1.0,1.0,0.0,0.0,0.0,4,0,1
5847,49,18,31,9,16,3,21,17,0,0,5,0,0,0,0,0,0,0,0,0,0,0,0,1.0,1.0,1.0,0.0,0.0,0.0,4,0,0
5848,48,18,30,9,15,3,21,17,0,0,5,0,0,0,0,0,0,0,0,0,1,0,1,0.96,1.0,1.0,0.0,0.0,0.0,4,0,1
5849,47,17,30,9,15,3,20,17,0,0,5,0,0,0,0,0,0,0,0,0,0,0,0,1.0,0.75,1.0,0.0,0.0,0.0,4,0,1
5850,46,16,30,8,15,3,20,17,0,0,5,0,0,0,0,0,0,0,0,0,1,0,1,0.9583333333333334,1.0,1.0,0.0,0.0,0.0,4,0,1
5851,46,16,30,8,15,3,20,17,0,0,5,0,0,0,0,0,0,0,0,0,0,0,0,1.0,1.0,1.0,0.0,0.0,0.0,4,0,0
5852,46,16,30,8,15,3,20,17,0,0,4,0,0,0,0,0,0,0,0,0,0,0,0,1.0,1.0,1.0,0.0,0.0,0.0,4,0,0
5853,46,16,30,7,16,3,20,17,0,0,4,0,0,0,0,0,0,0,0,0,0,0,0,1.0,1.0,1.0,0.0,0.0,0.0,4,0,0
5854,46,16,30,7,16,2,21,18,0,0,3,0,0,0,0,0,0,0,0,0,0,0,0,1.0,1.0,1.0,0.0,0.0,0.0,4,0,0
5855,46,16,30,4,19,2,21,18,0,0,2,0,0,0,0,0,0,0,0,0,0,0,0,1.0,1.0,1.0,0.0,0.0,0.0,4,0,0
5856,46,16,30,4,19,2,21,18,0,0,2,0,0,0,0,0,0,0,0,0,0,0,0,1.0,1.0,1.0,0.0,0.0,0.0,4,0,0
5857,46,16,30,4,19,2,21,18,0,0,1,0,0,0,0,0,0,0,0,0,0,0,0,1.0,1.0,1.0,0.0,0.0,0.0,4,0,0
5858,46,16,30,4,19,2,21,18,0,0,1,0,0,0,0,0,0,0,0,0,0,0,0,1.0,1.0,1.0,0.0,0.0,0.0,4,0,0
5859,46,16,30,4,19,2,21,18,0,0,1,0,0,0,0,0,0,0,0,0,0,0,0,1.0,1.0,1.0,0.0,0.0,0.0,4,0,0
5860,46,16,30,4,19,2,21,18,0,0,1,0,0,0,0,0,0,0,0,0,0,0,0,1.0,1.0,1.0,0.0,0.0,0.0,4,0,0
5861,46,16,30,4,19,2,21,18,0,0,1,0,0,0,0,0,0,0,0,0,0,0,0,1.0,1.0,1.0,0.0,0.0,0.0,4,0,0
5862,46,16,30,4,19,2,21,18,0,0,1,0,0,0,0,0,0,0,0,0,0,0,0,1.0,1.0,1.0,0.0,0.0,0.0,4,0,0
5863,46,16,30,4,19,2,21,18,0,0,1,0,0,0,0,0,0,0,0,0,0,0,0,1.0,1.0,1.0,0.0,0.0,0.0,4,0,0
5864,46,16,30,4,19,2,21,18,0,0,1,0,0,0,0,0,0,0,0,0,0,0,0,1.0,1.0,1.0,0.0,0.0,0.0,4,0,0
5865,46,16,30,4,19,2,21,18,0,0,1,0,0,0,0,0,0,0,0,0,0,0,0,1.0,1.0,1.0,0.0,0.0,0.0,4,0,0
5866,46,16,30,4,19,2,21,18,0,0,1,0,0,0,0,0,0,0,0,0,0,0,0,1.0,1.0,1.0,0.0,0.0,0.0,4,0,0
5867,46,16,30,4,19,2,21,18,0,0,1,0,0,0,0,0,0,0,0,0,0,0,0,1.0,1.0,1.0,0.0,0.0,0.0,4,0,0
5868,46,16,30,4,19,2,21,18,0,0,1,0,0,0,0,0,0,0,0,0,0,0,0,1.0,1.0,1.0,0.0,0.0,0.0,4,0,0
5869,45,15,30,4,18,2,21,18,0,0,1,0,0,0,0,0,0,0,0,0,1,0,1,0.9565217391304348,1.0,1.0,0.0,0.0,0.0,4,0,1
5870,45,15,30,4,18,2,21,18,3,1,1,0,0,0,0,0,12,3,1,0,0,0,0,1.0,1.0,1.0,0.0,0.0,0.25,4,0,0
5871,44,15,29,4,17,1,22,19,6,1,1,0,0,0,0,0,10,3,0,0,1,0,1,0.9545454545454546,1.0,1.0,0.0,0.0,0.3,4,0,1
5872,44,15,29,4,17,1,22,19,9,1,1,0,0,0,0,0,17,3,0,0,0,0,0,1.0,1.0,1.0,0.0,0.0,0.17647058823529413,4,0,0
5873,44,15,29,4,17,1,22,19,12,1,1,0,0,0,0,0,9,3,0,0,0,0,0,1.0,1.0,1.0,0.0,0.0,0.3333333333333333,4,0,0
5874,44,15,29,4,17,1,22,19,14,2,1,0,0,0,0,0,8,2,1,0,0,0,0,1.0,1.0,1.0,0.0,0.0,0.25,4,0,0
5875,44,15,29,4,17,1,22,19,14,2,1,0,0,0,0,0,0,0,0,0,0,0,0,1.0,1.0,1.0,0.0,0.0,0.0,4,0,0
5876,44,15,29,4,17,1,22,19,14,2,1,0,0,0,0,0,0,0,0,0,0,0,0,1.0,1.0,1.0,0.0,0.0,0.0,4,0,0
5877,44,15,29,4,17,1,22,19,14,2,1,0,0,0,0,0,0,0,0,0,0,0,0,1.0,1.0,1.0,0.0,0.0,0.0,4,0,0
5878,44,15,29,4,17,1,22,19,14,2,1,0,0,0,0,0,0,0,0,0,0,1,0,1.0,1.0,1.0,0.0,0.0,0.0,4,0,0
5879,44,15,29,4,17,1,22,19,14,2,1,0,0,0,0,0,0,0,0,0,0,0,0,1.0,1.0,1.0,0.0,0.0,0.0,4,0,0
5880,42,14,28,4,15,1,22,19,14,2,1,0,0,0,0,0,0,0,0,0,2,0,2,0.9047619047619048,1.0,1.0,0.0,0.0,0.0,4,0,2
5881,42,14,28,4,15,1,22,19,14,2,1,0,0,0,0,0,0,0,0,0,0,0,0,1.0,1.0,1.0,0.0,0.0,0.0,4,0,0
5882,42,14,28,0,18,2,22,19,14,2,1,0,0,0,0,0,0,0,0,0,0,0,0,1.0,1.0,1.0,0.0,0.0,0.0,4,0,0
5883,42,14,28,0,18,2,22,19,15,2,1,0,0,0,0,0,5,1,0,0,0,0,0,1.0,1.0,1.0,0.0,0.0,0.2,4,0,0
5884,42,14,28,0,18,2,22,19,15,2,0,0,0,0,0,0,4,0,0,0,0,0,0,1.0,1.0,1.0,0.0,0.0,0.0,4,0,0
5885,42,14,28,0,18,2,22,19,16,2,0,0,0,0,0,0,8,1,0,0,0,0,0,1.0,1.0,1.0,0.0,0.0,0.125,4,0,0
5886,42,14,28,0,18,2,22,19,17,2,0,0,0,0,0,0,8,1,0,0,0,0,0,1.0,1.0,1.0,0.0,0.0,0.125,4,0,0
5887,42,14,28,0,18,2,22,19,17,2,0,0,0,0,0,0,0,0,0,0,0,0,0,1.0,1.0,1.0,0.0,0.0,0.0,4,0,0
5888,42,14,28,0,18,2,22,19,17,2,0,0,0,0,0,0,0,0,0,0,0,0,0,1.0,1.0,1.0,0.0,0.0,0.0,4,0,0
5889,42,14,28,0,18,2,22,19,17,2,0,0,0,0,0,0,0,0,0,0,0,0,0,1.0,1.0,1.0,0.0,0.0,0.0,4,0,0
5890,42,14,28,0,18,1,23,19,17,2,0,0,0,0,0,0,0,0,0,0,0,0,0,1.0,1.0,1.0,0.0,0.0,0.0,4,0,0
5891,42,14,28,0,18,1,23,19,17,2,0,0,0,0,0,0,0,0,0,0,0,0,0,1.0,1.0,1.0,0.0,0.0,0.0,4,0,0
5892,41,14,27,0,17,1,23,19,17,2,0,0,0,0,0,0,0,0,0,0,1,0,1,0.9444444444444444,1.0,1.0,0.0,0.0,0.0,4,0,1
5893,41,14,27,0,17,1,23,19,17,2,0,0,0,0,0,0,0,0,0,0,0,0,0,1.0,1.0,1.0,0.0,0.0,0.0,4,0,0
5894,41,14,27,0,17,1,23,19,17,2,0,0,0,0,0,0,0,0,0,0,0,0,0,1.0,1.0,1.0,0.0,0.0,0.0,4,0,0
5895,41,14,27,0,17,1,23,19,17,2,0,0,0,0,0,0,0,0,0,0,0,0,0,1.0,1.0,1.0,0.0,0.0,0.0,4,0,0
5896,41,14,27,0,17,1,23,19,17,2,0,0,0,0,0,0,0,0,0,0,0,0,0,1.0,1.0,1.0,0.0,0.0,0.0,4,0,0
5897,41,14,27,0,17,1,23,19,17,2,0,0,0,0,0,0,0,0,0,0,0,0,0,1.0,1.0,1.0,0.0,0.0,0.0,4,0,0
5898,41,14,27,0,17,1,23,19,17,2,0,0,0,0,0,0,0,0,0,0,0,0,0,1.0,1.0,1.0,0.0,0.0,0.0,4,0,0
5899,41,14,27,0,17,1,23,19,17,2,0,0,0,0,0,0,0,0,0,0,0,0,0,1.0,1.0,1.0,0.0,0.0,0.0,4,0,0
5900,41,14,27,0,17,1,23,19,17,2,0,0,0,0,0,0,0,0,0,0,0,0,0,1.0,1.0,1.0,0.0,0.0,0.0,4,0,0
5901,41,14,27,0,17,1,23,19,17,2,0,0,0,0,0,0,0,0,0,0,0,0,0,1.0,1.0,1.0,0.0,0.0,0.0,4,0,0
5902,41,14,27,0,17,1,23,19,17,2,0,0,0,0,0,0,0,0,0,0,0,0,0,1.0,1.0,1.0,0.0,0.0,0.0,4,0,0
5903,41,14,27,0,17,1,23,19,17,2,0,0,0,0,0,0,0,0,0,0,0,0,0,1.0,1.0,1.0,0.0,0.0,0.0,4,0,0
5904,41,14,27,0,17,1,23,19,17,2,0,0,0,0,0,0,0,0,0,0,0,0,0,1.0,1.0,1.0,0.0,0.0,0.0,4,0,0
5905,41,14,27,0,17,1,23,19,17,2,0,0,0,0,0,0,0,0,0,0,0,0,0,1.0,1.0,1.0,0.0,0.0,0.0,4,0,0
5906,41,14,27,0,17,1,23,19,17,2,0,0,0,0,0,0,0,0,0,0,0,0,0,1.0,1.0,1.0,0.0,0.0,0.0,4,0,0
5907,41,14,27,0,17,1,23,19,17,2,0,0,0,0,0,0,0,0,0,0,0,0,0,1.0,1.0,1.0,0.0,0.0,0.0,4,0,0
5908,40,14,26,0,16,1,23,19,17,2,0,0,0,0,0,0,0,0,0,0,1,0,1,0.9411764705882353,1.0,1.0,0.0,0.0,0.0,4,0,1
5909,38,13,25,0,15,1,22,18,16,2,0,0,0,0,0,0,0,0,0,0,1,0,1,0.9375,1.0,0.9473684210526316,0.0,0.0,0.0,4,0,2
5910,38,13,25,0,15,1,22,18,16,2,0,0,0,0,0,0,0,0,0,0,0,0,0,1.0,1.0,1.0,0.0,0.0,0.0,4,0,0
5911,38,13,25,0,15,1,22,18,16,2,0,0,0,0,0,0,0,0,0,0,0,0,0,1.0,1.0,1.0,0.0,0.0,0.0,4,0,0
5912,38,13,25,0,15,1,22,18,16,2,0,0,0,0,0,0,0,0,0,0,0,0,0,1.0,1.0,1.0,0.0,0.0,0.0,4,0,0
5913,38,13,25,0,15,1,22,18,16,2,0,0,0,0,0,0,0,0,0,0,0,0,0,1.0,1.0,1.0,0.0,0.0,0.0,4,0,0
5914,37,12,25,0,14,1,22,18,16,2,0,0,0,0,0,0,0,0,0,0,1,0,1,0.9333333333333333,1.0,1.0,0.0,0.0,0.0,4,0,1
5915,37,12,25,0,14,1,22,18,16,1,0,0,0,0,0,0,0,0,0,0,0,0,0,1.0,1.0,1.0,0.0,0.0,0.0,4,0,0
5916,37,12,25,0,14,1,22,18,16,1,0,0,0,0,0,0,2,0,0,0,0,0,0,1.0,1.0,1.0,0.0,0.0,0.0,4,0,0
5917,37,12,25,0,14,1,22,18,17,1,0,0,0,0,0,0,8,1,0,0,0,0,0,1.0,1.0,1.0,0.0,0.0,0.125,4,0,0
5918,37,12,25,0,14,1,22,18,17,1,0,0,0,0,0,0,0,0,0,0,0,0,0,1.0,1.0,1.0,0.0,0.0,0.0,4,0,0
5919,37,12,25,0,14,1,22,18,17,0,0,0,0,0,0,0,0,0,0,0,0,0,0,1.0,1.0,1.0,0.0,0.0,0.0,4,0,0
5920,37,12,25,0,14,1,22,18,18,0,0,0,0,0,0,0,2,1,0,0,0,0,0,1.0,1.0,1.0,0.0,0.0,0.5,4,0,0
5921,37,12,25,0,14,1,22,18,18,0,0,0,0,0,0,0,0,0,0,0,0,0,0,1.0,1.0,1.0,0.0,0.0,0.0,4,0,0
5922,37,12,25,0,14,1,22,18,18,0,0,0,0,0,0,0,0,0,0,0,0,1,0,1.0,1.0,1.0,0.0,0.0,0.0,4,0,0
5923,37,12,25,0,14,1,22,18,18,0,0,0,0,0,0,0,0,0,0,0,0,0,0,1.0,1.0,1.0,0.0,0.0,0.0,4,0,0
5924,36,12,24,0,14,1,21,17,17,0,0,0,0,0,0,0,0,0,0,0,0,0,0,1.0,1.0,0.9444444444444444,0.0,0.0,0.0,4,0,1
5925,36,12,24,0,14,1,21,17,17,0,0,0,0,0,0,0,0,0,0,0,0,0,0,1.0,1.0,1.0,0.0,0.0,0.0,4,0,0
5926,36,12,24,0,13,2,21,17,17,0,0,0,0,0,0,0,0,0,0,0,0,0,0,1.0,1.0,1.0,0.0,0.0,0.0,4,0,0
5927,36,12,24,0,13,2,21,17,17,0,0,0,0,0,0,0,0,0,0,0,0,0,0,1.0,1.0,1.0,0.0,0.0,0.0,4,0,0
5928,36,12,24,0,13,2,21,17,17,0,0,0,0,0,0,0,0,0,0,0,0,0,0,1.0,1.0,1.0,0.0,0.0,0.0,4,0,0
5929,36,12,24,0,13,2,21,17,17,0,0,0,0,0,0,0,0,0,0,0,0,0,0,1.0,1.0,1.0,0.0,0.0,0.0,4,0,0
5930,36,12,24,0,13,2,21,17,17,0,0,0,0,0,0,0,0,0,0,0,0,0,0,1.0,1.0,1.0,0.0,0.0,0.0,4,0,0
5931,36,12,24,0,13,2,21,17,17,0,0,0,0,0,0,0,0,0,0,0,0,0,0,1.0,1.0,1.0,0.0,0.0,0.0,4,0,0
5932,36,12,24,0,13,2,21,17,17,0,0,0,0,0,0,0,0,0,0,0,0,0,0,1.0,1.0,1.0,0.0,0.0,0.0,4,0,0
5933,36,12,24,0,13,2,21,17,17,0,0,0,0,0,0,0,0,0,0,0,0,0,0,1.0,1.0,1.0,0.0,0.0,0.0,4,0,0
5934,36,12,24,0,13,2,21,17,17,0,0,0,0,0,0,0,0,0,0,0,0,0,0,1.0,1.0,1.0,0.0,0.0,0.0,4,0,0
5935,47,20,27,11,13,2,21,17,14,0,3,0,0,0,0,0,0,0,0,3,0,0,0,1.0,1.0,1.0,0.3055555555555556,0.3055555555555556,0.0,4,11,0
5936,54,23,31,18,13,2,21,17,12,0,5,0,0,0,0,0,0,0,0,2,1,0,1,0.9583333333333334,1.0,1.0,0.1702127659574468,0.1702127659574468,0.0,4,8,1
5937,61,26,35,25,13,2,21,17,10,0,7,0,0,0,0,0,0,0,0,2,0,0,0,1.0,1.0,1.0,0.12962962962962962,0.12962962962962962,0.0,4,7,0
5938,71,34,37,35,13,2,21,17,7,0,10,0,0,0,0,0,0,0,0,3,0,0,0,1.0,1.0,1.0,0.16393442622950818,0.16393442622950818,0.0,4,10,0
5939,77,38,39,41,13,2,21,17,5,0,12,0,0,0,0,0,0,0,0,2,1,0,1,0.9791666666666666,1.0,1.0,0.09859154929577464,0.09859154929577464,0.0,4,7,1
5940,69,33,36,34,12,2,21,17,5,0,12,0,0,0,0,0,0,0,0,0,8,1,8,0.8518518518518519,1.0,1.0,0.0,0.0,0.0,4,0,8
5941,64,30,34,31,10,2,21,17,5,0,12,0,0,0,0,0,0,0,0,0,5,0,5,0.8913043478260869,1.0,1.0,0.0,0.0,0.0,4,0,5
5942,64,30,34,31,10,2,21,17,5,0,12,0,0,0,0,0,0,0,0,0,0,0,0,1.0,1.0,1.0,0.0,0.0,0.0,4,0,0
5943,61,28,33,29,9,2,21,17,5,0,12,0,0,0,0,0,0,0,0,0,3,0,3,0.926829268292683,1.0,1.0,0.0,0.0,0.0,4,0,3
5944,60,27,33,28,8,3,21,17,5,0,12,0,0,0,0,0,0,0,0,0,1,0,1,0.972972972972973,1.0,1.0,0.0,0.0,0.0,4,0,1
5945,59,26,33,28,7,3,21,17,5,0,12,0,0,0,0,0,0,0,0,0,1,0,1,0.9722222222222222,1.0,1.0,0.0,0.0,0.0,4,0,1
5946,59,26,33,28,7,3,21,17,5,0,12,0,0,0,0,0,0,0,0,0,0,0,0,1.0,1.0,1.0,0.0,0.0,0.0,4,0,0
5947,59,26,33,28,7,3,21,17,5,0,12,0,0,0,0,0,0,0,0,0,0,0,0,1.0,1.0,1.0,0.0,0.0,0.0,4,0,0
5948,63,28,35,32,7,3,21,17,4,0,13,0,0,0,0,0,0,0,0,1,0,0,0,1.0,1.0,1.0,0.06779661016949153,0.06779661016949153,0.0,4,4,0
5949,62,28,34,31,7,3,21,17,4,0,13,0,0,0,0,0,0,0,0,0,1,0,1,0.9743589743589743,1.0,1.0,0.0,0.0,0.0,4,0,1
5950,62,29,33,33,6,2,21,17,3,0,14,0,0,0,0,0,0,0,0,1,3,0,3,0.9210526315789473,1.0,1.0,0.06451612903225806,0.06451612903225806,0.0,4,4,4
5951,65,30,35,36,6,2,21,17,2,0,15,0,0,0,0,0,0,0,0,1,1,0,1,0.9743589743589743,1.0,1.0,0.06451612903225806,0.06451612903225806,0.0,4,4,1
5952,62,27,35,34,5,2,21,17,2,0,15,0,0,0,0,0,0,0,0,0,3,0,3,0.9285714285714286,1.0,1.0,0.0,0.0,0.0,4,0,3
5953,60,27,33,32,5,2,21,17,2,0,15,0,0,0,0,0,0,0,0,0,2,0,2,0.9487179487179487,1.0,1.0,0.0,0.0,0.0,4,0,2
5954,60,27,33,32,5,2,21,17,2,0,15,0,0,0,0,0,0,0,0,0,0,0,0,1.0,1.0,1.0,0.0,0.0,0.0,4,0,0
5955,59,26,33,31,5,2,21,17,2,0,15,0,0,0,0,0,0,0,0,0,1,0,1,0.972972972972973,1.0,1.0,0.0,0.0,0.0,4,0,1
5956,59,26,33,31,5,2,21,17,2,0,15,0,0,0,0,0,0,0,0,0,0,0,0,1.0,1.0,1.0,0.0,0.0,0.0,4,0,0
5957,59,26,33,31,5,2,21,17,2,0,15,0,0,0,0,0,0,0,0,0,0,0,0,1.0,1.0,1.0,0.0,0.0,0.0,4,0,0
5958,57,24,33,30,4,2,21,17,2,0,15,0,0,0,0,0,0,0,0,0,2,0,2,0.9444444444444444,1.0,1.0,0.0,0.0,0.0,4,0,2
5959,56,23,33,29,4,2,21,17,2,0,15,0,0,0,0,0,0,0,0,0,1,0,1,0.9705882352941176,1.0,1.0,0.0,0.0,0.0,4,0,1
5960,55,22,33,28,4,2,21,17,2,0,15,0,0,0,0,0,0,0,0,0,1,0,1,0.9696969696969697,1.0,1.0,0.0,0.0,0.0,4,0,1
5961,53,21,32,27,4,1,21,17,2,0,15,0,0,0,0,0,0,0,0,0,1,0,1,0.96875,1.0,1.0,0.0,0.0,0.0,4,0,2
5962,52,21,31,26,4,1,21,17,2,0,15,0,0,0,0,0,0,0,0,0,1,0,1,0.967741935483871,1.0,1.0,0.0,0.0,0.0,4,0,1
5963,51,20,31,25,4,1,21,17,2,0,15,0,0,0,0,0,0,0,0,0,1,0,1,0.9666666666666667,1.0,1.0,0.0,0.0,0.0,4,0,1
5964,51,20,31,25,4,1,21,17,2,0,15,0,0,0,0,0,0,0,0,0,0,0,0,1.0,1.0,1.0,0.0,0.0,0.0,4,0,0
5965,51,20,31,25,4,1,21,17,2,0,15,0,0,0,0,0,0,0,0,0,0,1,0,1.0,1.0,1.0,0.0,0.0,0.0,4,0,0
5966,51,20,31,25,4,1,21,17,2,0,15,0,0,0,0,0,0,0,0,0,0,0,0,1.0,1.0,1.0,0.0,0.0,0.0,4,0,0
5967,51,20,31,25,4,1,21,17,2,0,15,0,0,0,0,0,0,0,0,0,0,0,0,1.0,1.0,1.0,0.0,0.0,0.0,4,0,0
5968,51,20,31,25,4,1,21,17,2,0,15,0,0,0,0,0,0,0,0,0,0,0,0,1.0,1.0,1.0,0.0,0.0,0.0,4,0,0
5969,51,20,31,25,3,2,21,17,2,0,15,0,0,0,0,0,0,0,0,0,0,0,0,1.0,1.0,1.0,0.0,0.0,0.0,4,0,0
5970,51,20,31,25,3,2,21,17,2,0,15,0,0,0,0,0,0,0,0,0,0,0,0,1.0,1.0,1.0,0.0,0.0,0.0,4,0,0
5971,51,20,31,25,3,2,21,17,2,0,15,0,0,0,0,0,0,0,0,0,0,0,0,1.0,1.0,1.0,0.0,0.0,0.0,4,0,0
5972,51,20,31,25,3,2,21,17,2,0,15,0,0,0,0,0,0,0,0,0,0,0,0,1.0,1.0,1.0,0.0,0.0,0.0,4,0,0
5973,51,20,31,25,3,2,21,17,2,0,15,0,0,0,0,0,0,0,0,0,0,1,0,1.0,1.0,1.0,0.0,0.0,0.0,4,0,0
5974,51,20,31,25,3,2,21,17,2,0,15,0,0,0,0,0,0,0,0,0,0,1,0,1.0,1.0,1.0,0.0,0.0,0.0,4,0,0
5975,50,20,30,25,2,2,21,17,2,0,15,0,0,0,0,0,0,0,0,0,0,0,0,0.9642857142857143,1.0,1.0,0.0,0.0,0.0,4,0,1
5976,50,20,30,25,2,2,21,17,2,0,15,0,0,0,0,0,0,0,0,0,0,0,0,1.0,1.0,1.0,0.0,0.0,0.0,4,0,0
5977,49,20,29,24,2,2,21,17,2,0,15,0,0,0,0,0,0,0,0,0,1,0,1,0.962962962962963,1.0,1.0,0.0,0.0,0.0,4,0,1
5978,49,20,29,22,3,3,21,17,2,0,15,0,0,0,0,0,0,0,0,0,0,0,0,1.0,1.0,1.0,0.0,0.0,0.0,4,0,0
5979,49,20,29,19,6,3,21,17,2,0,15,0,0,0,0,0,0,0,0,0,0,0,0,1.0,1.0,1.0,0.0,0.0,0.0,4,0,0
5980,49,20,29,16,9,3,21,17,2,0,12,0,0,0,0,0,0,0,0,0,0,0,0,1.0,1.0,1.0,0.0,0.0,0.0,4,0,0
5981,49,20,29,13,12,3,21,17,5,0,10,0,0,0,0,0,11,3,0,0,0,0,0,1.0,1.0,1.0,0.0,0.0,0.2727272727272727,4,0,0
5982,53,22,31,14,15,3,21,17,6,0,9,0,0,0,0,0,9,2,0,1,0,0,0,1.0,1.0,1.0,0.08163265306122448,0.08163265306122448,0.2222222222222222,4,4,0
5983,53,22,31,14,15,3,21,17,8,0,6,0,0,0,0,0,7,2,0,0,0,0,0,1.0,1.0,1.0,0.0,0.0,0.2857142857142857,4,0,0
5984,52,21,31,13,15,3,21,17,10,0,4,0,0,0,0,0,13,2,0,0,1,0,1,0.9655172413793104,1.0,1.0,0.0,0.0,0.15384615384615385,4,0,1
5985,55,21,34,16,15,3,21,17,12,0,5,0,0,0,0,0,11,3,0,1,1,0,1,0.9642857142857143,1.0,1.0,0.07692307692307693,0.07692307692307693,0.2727272727272727,4,4,1
5986,54,21,33,15,15,3,21,17,12,0,5,0,0,0,0,0,0,0,0,0,1,0,1,0.967741935483871,1.0,1.0,0.0,0.0,0.0,4,0,1
5987,54,21,33,15,15,3,21,17,12,0,5,0,0,0,0,0,0,0,0,0,0,0,0,1.0,1.0,1.0,0.0,0.0,0.0,4,0,0
5988,54,21,33,15,15,3,21,17,12,0,5,0,0,0,0,0,0,0,0,0,0,0,0,1.0,1.0,1.0,0.0,0.0,0.0,4,0,0
5989,54,21,33,15,15,3,21,17,12,0,5,0,0,0,0,0,0,0,0,0,0,0,0,1.0,1.0,1.0,0.0,0.0,0.0,4,0,0
5990,54,21,33,15,15,3,21,17,12,0,5,0,0,0,0,0,0,0,0,0,0,0,0,1.0,1.0,1.0,0.0,0.0,0.0,4,0,0
5991,54,21,33,11,19,3,21,17,12,0,5,0,0,0,0,0,0,0,0,0,0,0,0,1.0,1.0,1.0,0.0,0.0,0.0,4,0,0
5992,53,21,32,10,19,3,21,17,12,0,5,0,0,0,0,0,0,0,0,0,1,1,1,0.9666666666666667,1.0,1.0,0.0,0.0,0.0,4,0,1
5993,53,21,32,8,21,3,21,17,12,0,4,0,0,0,0,0,0,0,0,0,0,0,0,1.0,1.0,1.0,0.0,0.0,0.0,4,0,0
5994,53,21,32,5,24,3,21,17,13,0,4,0,0,0,0,0,6,1,0,0,0,0,0,1.0,1.0,1.0,0.0,0.0,0.16666666666666666,4,0,0
5995,51,20,31,5,22,3,21,17,13,0,3,0,0,0,0,0,0,0,0,0,2,0,2,0.9310344827586207,1.0,1.0,0.0,0.0,0.0,4,0,2
5996,50,20,30,5,20,4,21,17,14,0,2,0,0,0,0,0,7,1,0,0,1,0,1,0.9615384615384616,1.0,1.0,0.0,0.0,0.14285714285714285,4,0,1
5997,50,20,30,5,20,4,21,17,14,0,2,0,0,0,0,0,7,0,0,0,0,0,0,1.0,1.0,1.0,0.0,0.0,0.0,4,0,0
5998,50,20,30,5,20,4,21,17,15,0,2,0,0,0,0,0,3,1,0,0,0,0,0,1.0,1.0,1.0,0.0,0.0,0.3333333333333333,4,0,0
5999,50,20,30,5,20,4,21,17,15,0,2,0,0,0,0,0,0,0,0,0,0,0,0,1.0,1.0,1.0,0.0,0.0,0.0,4,0,0
6000,50,20,30,5,20,4,21,17,15,0,2,0,0,0,0,0,0,0,0,0,0,0,0,1.0,1.0,1.0,0.0,0.0,0.0,4,0,0
